Time [sec]	Time (UTC)	P [mB]	T [°F]	Hu [%]	Ws [mi/h]	Wd [°]	Ws U [mi/h]	Ws V [mi/h]	Geopot [m]	Dew [°F]
0         	17:00:12  	871.0 	30.0  	18    	15.6     	180   	-0.0       	15.6       	1288      	3.1
2         	17:00:14  	868.7 	30.6  	17    	15.0     	181   	0.3        	15.0       	1312      	2.5
4         	17:00:16  	866.4 	30.3  	16    	15.0     	181   	0.3        	15.0       	1336      	1.6
6         	17:00:18  	864.1 	30.0  	16    	15.1     	180   	-0.0       	15.1       	1360      	1.7
8         	17:00:20  	862.2 	29.9  	16    	16.0     	174   	-1.7       	15.9       	1383      	1.8
10        	17:00:22  	860.3 	29.6  	17    	16.0     	174   	-1.7       	15.9       	1407      	1.7
12        	17:00:24  	858.5 	29.3  	17    	16.0     	174   	-1.7       	15.9       	1417      	1.7
14        	17:00:26  	857.5 	29.0  	17    	16.0     	174   	-1.7       	15.9       	1427      	1.7
16        	17:00:28  	856.5 	28.9  	18    	16.0     	174   	-1.7       	15.9       	1437      	1.9
18        	17:00:30  	855.5 	28.9  	18    	16.0     	174   	-1.7       	15.9       	1448      	2.2
20        	17:00:32  	854.2 	28.8  	18    	16.7     	171   	-2.6       	16.5       	1461      	2.3
22        	17:00:34  	852.9 	28.7  	19    	17.2     	169   	-3.3       	16.9       	1475      	2.6
24        	17:00:36  	851.5 	28.7  	19    	17.6     	168   	-3.6       	17.2       	1489      	2.8
26        	17:00:38  	850.3 	28.6  	19    	17.7     	167   	-3.9       	17.3       	1502      	2.9
28        	17:00:40  	849.1 	28.3  	19    	18.0     	167   	-4.0       	17.5       	1515      	2.9
30        	17:00:42  	847.9 	28.3  	20    	18.8     	165   	-4.9       	18.1       	1528      	2.9
32        	17:00:44  	846.8 	28.2  	20    	19.4     	164   	-5.4       	18.6       	1539      	2.9
34        	17:00:46  	845.7 	28.1  	20    	20.1     	163   	-5.9       	19.2       	1550      	2.8
36        	17:00:48  	844.6 	27.9  	20    	20.5     	162   	-6.2       	19.5       	1562      	2.6
38        	17:00:50  	843.5 	27.6  	20    	20.6     	162   	-6.4       	19.6       	1573      	2.3
40        	17:00:52  	842.5 	27.4  	19    	20.8     	162   	-6.5       	19.8       	1584      	2.1
42        	17:00:54  	841.5 	27.3  	19    	20.9     	162   	-6.6       	19.8       	1594      	1.8
44        	17:00:56  	840.5 	27.2  	19    	21.0     	162   	-6.6       	19.9       	1604      	1.6
46        	17:00:58  	839.6 	27.1  	19    	21.0     	162   	-6.4       	20.0       	1614      	1.5
48        	17:01:00  	838.6 	27.0  	19    	21.5     	162   	-6.5       	20.5       	1624      	1.2
50        	17:01:02  	837.7 	26.9  	18    	22.0     	163   	-6.6       	21.0       	1635      	0.9
52        	17:01:04  	836.8 	26.8  	18    	22.4     	163   	-6.6       	21.4       	1645      	0.7
54        	17:01:06  	835.9 	26.7  	18    	22.7     	163   	-6.5       	21.7       	1653      	0.5
56        	17:01:08  	835.1 	26.7  	18    	22.8     	164   	-6.4       	21.9       	1661      	0.5
58        	17:01:10  	834.4 	26.6  	18    	23.1     	164   	-6.3       	22.2       	1669      	0.5
60        	17:01:12  	833.6 	26.5  	18    	23.3     	165   	-6.1       	22.5       	1677      	0.3
62        	17:01:14  	832.7 	26.4  	18    	23.6     	165   	-5.9       	22.8       	1686      	0.2
64        	17:01:16  	831.9 	26.3  	18    	23.8     	166   	-5.7       	23.1       	1694      	0.2
66        	17:01:18  	831.0 	26.3  	18    	23.8     	166   	-5.6       	23.1       	1704      	0.3
68        	17:01:20  	830.2 	26.2  	18    	23.7     	167   	-5.5       	23.1       	1714      	0.2
70        	17:01:22  	829.4 	26.1  	18    	23.8     	167   	-5.4       	23.2       	1723      	-0.1
72        	17:01:24  	828.5 	26.0  	18    	23.8     	168   	-5.0       	23.3       	1731      	-0.2
74        	17:01:26  	827.9 	26.0  	18    	23.8     	169   	-4.7       	23.3       	1739      	-0.3
76        	17:01:28  	827.3 	25.9  	18    	23.8     	169   	-4.4       	23.4       	1745      	-0.4
78        	17:01:30  	826.7 	25.9  	18    	23.9     	170   	-4.1       	23.5       	1750      	-0.5
80        	17:01:32  	826.2 	25.8  	18    	23.9     	171   	-3.9       	23.6       	1755      	-0.5
82        	17:01:34  	825.6 	25.7  	18    	23.9     	171   	-3.7       	23.6       	1762      	-0.4
84        	17:01:36  	825.1 	25.6  	18    	24.2     	172   	-3.5       	23.9       	1768      	-0.3
86        	17:01:38  	824.4 	25.5  	18    	24.4     	172   	-3.3       	24.2       	1774      	-0.3
88        	17:01:40  	823.7 	25.4  	18    	24.7     	173   	-3.1       	24.5       	1782      	-0.4
90        	17:01:42  	823.0 	25.4  	18    	25.0     	173   	-3.0       	24.8       	1789      	-0.3
92        	17:01:44  	822.4 	25.4  	18    	25.2     	173   	-3.1       	25.0       	1796      	-0.4
94        	17:01:46  	821.8 	25.3  	18    	25.4     	173   	-3.1       	25.2       	1803      	-0.7
96        	17:01:48  	821.2 	25.3  	18    	25.7     	173   	-3.1       	25.5       	1809      	-1.0
98        	17:01:50  	820.4 	25.2  	17    	25.9     	173   	-3.2       	25.7       	1816      	-1.4
100       	17:01:52  	819.6 	25.1  	17    	26.1     	173   	-3.2       	25.9       	1825      	-1.5
102       	17:01:54  	818.8 	25.0  	17    	26.3     	173   	-3.2       	26.1       	1834      	-1.7
104       	17:01:56  	818.1 	25.0  	17    	26.3     	173   	-3.1       	26.1       	1842      	-1.8
106       	17:01:58  	817.3 	24.9  	17    	26.2     	173   	-3.1       	26.0       	1850      	-1.9
108       	17:02:00  	816.5 	24.8  	17    	26.2     	173   	-3.1       	26.0       	1859      	-2.0
110       	17:02:02  	815.7 	24.7  	17    	26.3     	174   	-2.9       	26.1       	1868      	-2.0
112       	17:02:04  	814.8 	24.6  	17    	26.3     	174   	-2.7       	26.2       	1877      	-2.0
114       	17:02:06  	813.9 	24.5  	17    	26.5     	175   	-2.4       	26.4       	1887      	-2.1
116       	17:02:08  	813.0 	24.4  	17    	26.6     	175   	-2.2       	26.5       	1896      	-2.1
118       	17:02:10  	812.2 	24.4  	17    	26.7     	175   	-2.1       	26.6       	1905      	-2.1
120       	17:02:12  	811.3 	24.3  	17    	26.9     	176   	-1.9       	26.8       	1915      	-2.1
122       	17:02:14  	810.5 	24.2  	17    	26.8     	177   	-1.6       	26.8       	1923      	-2.2
124       	17:02:16  	809.6 	24.1  	17    	26.8     	177   	-1.3       	26.8       	1932      	-2.2
126       	17:02:18  	808.8 	24.0  	17    	26.8     	178   	-1.0       	26.8       	1941      	-2.4
128       	17:02:20  	807.9 	23.9  	17    	26.8     	179   	-0.6       	26.8       	1951      	-2.5
130       	17:02:22  	806.9 	23.9  	17    	26.6     	179   	-0.5       	26.6       	1961      	-2.7
132       	17:02:24  	806.0 	23.9  	17    	26.5     	179   	-0.3       	26.5       	1972      	-2.8
134       	17:02:26  	804.9 	23.8  	17    	26.4     	180   	-0.2       	26.4       	1984      	-2.9
136       	17:02:28  	803.9 	23.7  	16    	26.2     	181   	0.4        	26.2       	1995      	-3.2
138       	17:02:30  	802.9 	23.6  	16    	26.0     	182   	1.0        	26.0       	2005      	-3.7
140       	17:02:32  	802.0 	23.6  	15    	25.9     	183   	1.5        	25.9       	2016      	-4.1
142       	17:02:34  	801.2 	23.6  	15    	25.9     	184   	2.0        	25.8       	2026      	-4.3
144       	17:02:36  	800.3 	23.8  	15    	25.9     	185   	2.4        	25.8       	2034      	-4.5
146       	17:02:38  	799.6 	23.8  	14    	25.9     	186   	2.8        	25.7       	2042      	-4.8
148       	17:02:40  	798.8 	23.7  	14    	25.9     	187   	3.3        	25.7       	2049      	-5.3
150       	17:02:42  	798.1 	23.6  	14    	25.9     	189   	3.9        	25.6       	2057      	-5.7
152       	17:02:44  	797.3 	23.5  	14    	25.9     	190   	4.5        	25.5       	2065      	-5.8
154       	17:02:46  	796.5 	23.5  	14    	25.8     	191   	5.1        	25.3       	2074      	-5.9
156       	17:02:48  	795.8 	23.4  	14    	25.8     	192   	5.3        	25.3       	2083      	-6.0
158       	17:02:50  	794.9 	23.3  	14    	25.8     	192   	5.5        	25.2       	2093      	-6.1
160       	17:02:52  	794.1 	23.2  	14    	25.7     	193   	5.6        	25.1       	2102      	-6.1
162       	17:02:54  	793.2 	23.1  	14    	25.6     	193   	5.8        	24.9       	2111      	-6.2
164       	17:02:56  	792.3 	23.0  	14    	25.5     	193   	5.9        	24.8       	2120      	-6.2
166       	17:02:58  	791.4 	22.9  	14    	25.4     	194   	6.0        	24.7       	2130      	-6.3
168       	17:03:00  	790.5 	22.8  	14    	25.4     	194   	6.0        	24.7       	2141      	-6.3
170       	17:03:02  	789.6 	22.7  	14    	25.3     	193   	5.9        	24.6       	2152      	-6.4
172       	17:03:04  	788.7 	22.6  	14    	25.3     	193   	5.9        	24.6       	2161      	-6.3
174       	17:03:06  	787.8 	22.5  	14    	25.3     	193   	5.8        	24.6       	2170      	-6.3
176       	17:03:08  	787.0 	22.5  	14    	25.3     	193   	5.8        	24.6       	2179      	-6.3
178       	17:03:10  	786.2 	22.4  	14    	25.3     	193   	5.8        	24.6       	2188      	-6.3
180       	17:03:12  	785.4 	22.3  	14    	25.4     	193   	5.8        	24.7       	2197      	-6.4
182       	17:03:14  	784.4 	22.2  	14    	25.4     	193   	5.9        	24.7       	2207      	-6.4
184       	17:03:16  	783.5 	22.1  	14    	25.4     	193   	5.9        	24.7       	2218      	-6.4
186       	17:03:18  	782.5 	22.0  	14    	25.4     	194   	6.0        	24.7       	2229      	-6.5
188       	17:03:20  	781.7 	21.9  	14    	25.3     	194   	6.1        	24.6       	2239      	-6.5
190       	17:03:22  	780.8 	21.9  	14    	25.2     	194   	6.3        	24.4       	2248      	-6.5
192       	17:03:24  	779.9 	21.8  	14    	25.1     	195   	6.4        	24.3       	2258      	-6.6
194       	17:03:26  	779.0 	21.7  	14    	25.1     	195   	6.5        	24.2       	2267      	-6.7
196       	17:03:28  	778.1 	21.6  	14    	24.9     	195   	6.6        	24.0       	2277      	-6.7
198       	17:03:30  	777.3 	21.5  	14    	24.8     	196   	6.7        	23.9       	2287      	-6.7
200       	17:03:32  	776.5 	21.4  	14    	24.7     	196   	6.7        	23.8       	2296      	-6.8
202       	17:03:34  	775.7 	21.3  	14    	24.7     	196   	6.8        	23.7       	2305      	-6.8
204       	17:03:36  	774.9 	21.2  	14    	24.7     	196   	6.9        	23.7       	2314      	-6.9
206       	17:03:38  	774.0 	21.2  	14    	24.7     	196   	6.9        	23.7       	2323      	-6.9
208       	17:03:40  	773.2 	21.1  	15    	24.9     	196   	6.9        	23.9       	2332      	-6.9
210       	17:03:42  	772.4 	21.0  	15    	25.0     	196   	6.9        	24.0       	2341      	-6.9
212       	17:03:44  	771.7 	21.0  	15    	25.2     	196   	7.0        	24.2       	2349      	-6.9
214       	17:03:46  	771.0 	20.9  	15    	25.1     	196   	7.0        	24.1       	2357      	-7.0
216       	17:03:48  	770.3 	20.8  	15    	25.1     	196   	7.0        	24.1       	2365      	-7.0
218       	17:03:50  	769.5 	20.7  	15    	25.1     	196   	7.0        	24.1       	2374      	-7.0
220       	17:03:52  	768.7 	20.6  	15    	24.9     	196   	7.0        	23.9       	2382      	-7.1
222       	17:03:54  	767.9 	20.5  	15    	24.8     	196   	6.9        	23.8       	2392      	-7.2
224       	17:03:56  	767.0 	20.4  	15    	24.6     	196   	6.9        	23.6       	2401      	-7.4
226       	17:03:58  	766.1 	20.3  	14    	24.5     	197   	7.1        	23.4       	2410      	-7.6
228       	17:04:00  	765.2 	20.2  	14    	24.4     	198   	7.4        	23.2       	2421      	-7.9
230       	17:04:02  	764.3 	20.1  	14    	24.1     	198   	7.6        	22.9       	2432      	-8.2
232       	17:04:04  	763.3 	20.1  	14    	24.0     	199   	7.8        	22.7       	2443      	-8.5
234       	17:04:06  	762.3 	20.1  	13    	24.1     	200   	8.1        	22.7       	2455      	-8.8
236       	17:04:08  	761.3 	20.0  	13    	24.1     	200   	8.3        	22.6       	2466      	-9.0
238       	17:04:10  	760.3 	19.9  	13    	24.2     	201   	8.6        	22.6       	2477      	-9.2
240       	17:04:12  	759.3 	19.8  	13    	24.2     	201   	8.8        	22.5       	2489      	-9.5
242       	17:04:14  	758.3 	19.7  	13    	24.2     	202   	9.1        	22.4       	2500      	-9.6
244       	17:04:16  	757.4 	19.6  	13    	24.2     	203   	9.3        	22.3       	2510      	-9.6
246       	17:04:18  	756.5 	19.5  	13    	24.1     	203   	9.4        	22.2       	2520      	-9.7
248       	17:04:20  	755.6 	19.4  	13    	24.1     	203   	9.4        	22.2       	2530      	-9.7
250       	17:04:22  	754.8 	19.3  	13    	24.0     	203   	9.4        	22.1       	2540      	-9.8
252       	17:04:24  	753.9 	19.2  	13    	24.0     	203   	9.4        	22.1       	2549      	-9.8
254       	17:04:26  	753.0 	19.1  	13    	24.1     	203   	9.5        	22.1       	2559      	-9.8
256       	17:04:28  	752.2 	19.0  	13    	24.0     	203   	9.5        	22.0       	2569      	-9.8
258       	17:04:30  	751.3 	18.9  	13    	24.0     	204   	9.6        	22.0       	2580      	-9.7
260       	17:04:32  	750.4 	18.8  	14    	24.1     	203   	9.6        	22.1       	2590      	-9.6
262       	17:04:34  	749.6 	18.7  	14    	24.1     	204   	9.7        	22.1       	2599      	-9.5
264       	17:04:36  	748.8 	18.6  	14    	24.2     	204   	9.8        	22.1       	2608      	-9.5
266       	17:04:38  	748.0 	18.5  	14    	24.3     	204   	10.0       	22.1       	2617      	-9.5
268       	17:04:40  	747.2 	18.4  	14    	24.3     	205   	10.2       	22.1       	2626      	-9.4
270       	17:04:42  	746.4 	18.3  	14    	24.3     	205   	10.4       	22.0       	2635      	-9.4
272       	17:04:44  	745.6 	18.2  	14    	24.3     	206   	10.5       	21.9       	2645      	-9.4
274       	17:04:46  	744.7 	18.1  	14    	24.3     	206   	10.6       	21.9       	2654      	-9.5
276       	17:04:48  	743.9 	18.0  	14    	24.3     	206   	10.8       	21.8       	2664      	-9.5
278       	17:04:50  	742.9 	17.9  	14    	24.2     	207   	10.9       	21.6       	2675      	-9.5
280       	17:04:52  	741.9 	17.8  	14    	24.2     	207   	11.0       	21.5       	2686      	-9.5
282       	17:04:54  	740.9 	17.7  	14    	24.1     	208   	11.2       	21.3       	2698      	-9.6
284       	17:04:56  	739.9 	17.5  	14    	24.0     	208   	11.2       	21.2       	2710      	-9.7
286       	17:04:58  	738.8 	17.4  	15    	23.9     	208   	11.3       	21.1       	2722      	-9.8
288       	17:05:00  	737.8 	17.3  	15    	23.8     	208   	11.3       	21.0       	2734      	-9.7
290       	17:05:02  	736.7 	17.2  	15    	23.7     	209   	11.3       	20.8       	2747      	-9.6
292       	17:05:04  	735.6 	17.1  	15    	23.6     	209   	11.4       	20.7       	2760      	-9.5
294       	17:05:06  	734.5 	16.9  	15    	23.5     	209   	11.5       	20.5       	2772      	-9.5
296       	17:05:08  	733.5 	16.8  	16    	23.5     	210   	11.6       	20.4       	2783      	-9.4
298       	17:05:10  	732.5 	16.7  	16    	23.4     	210   	11.6       	20.3       	2795      	-9.3
300       	17:05:12  	731.5 	16.6  	16    	23.4     	210   	11.7       	20.3       	2806      	-9.2
302       	17:05:14  	730.5 	16.4  	16    	23.4     	210   	11.8       	20.2       	2818      	-9.2
304       	17:05:16  	729.5 	16.3  	16    	23.1     	211   	11.8       	19.9       	2830      	-9.2
306       	17:05:18  	728.4 	16.2  	16    	22.9     	211   	11.8       	19.6       	2842      	-9.3
308       	17:05:20  	727.5 	16.1  	17    	22.7     	211   	11.8       	19.4       	2855      	-9.2
310       	17:05:22  	726.5 	16.0  	17    	22.5     	212   	11.8       	19.1       	2866      	-9.2
312       	17:05:24  	725.5 	15.9  	17    	22.2     	212   	11.7       	18.9       	2877      	-9.2
314       	17:05:26  	724.6 	15.8  	17    	21.9     	212   	11.6       	18.6       	2887      	-9.2
316       	17:05:28  	723.6 	15.7  	17    	21.7     	212   	11.5       	18.4       	2898      	-9.3
318       	17:05:30  	722.7 	15.5  	17    	21.4     	212   	11.2       	18.2       	2910      	-9.3
320       	17:05:32  	721.6 	15.4  	17    	21.2     	211   	11.0       	18.1       	2922      	-9.2
322       	17:05:34  	720.6 	15.3  	17    	20.9     	211   	10.7       	17.9       	2934      	-9.3
324       	17:05:36  	719.5 	15.2  	17    	20.8     	210   	10.5       	17.9       	2947      	-9.3
326       	17:05:38  	718.4 	15.1  	18    	20.7     	210   	10.3       	17.9       	2960      	-9.3
328       	17:05:40  	717.4 	14.9  	18    	20.7     	210   	10.2       	18.0       	2972      	-9.4
330       	17:05:42  	716.3 	14.8  	18    	20.6     	209   	10.0       	18.0       	2985      	-9.4
332       	17:05:44  	715.2 	14.7  	18    	20.5     	209   	9.8        	18.0       	2997      	-9.4
334       	17:05:46  	714.2 	14.6  	18    	20.4     	208   	9.5        	18.0       	3010      	-9.5
336       	17:05:48  	713.1 	14.5  	18    	20.2     	208   	9.4        	17.9       	3022      	-9.5
338       	17:05:50  	712.1 	14.3  	18    	20.2     	208   	9.4        	17.9       	3035      	-9.6
340       	17:05:52  	711.1 	14.3  	18    	20.1     	208   	9.4        	17.8       	3047      	-9.6
342       	17:05:54  	710.1 	14.1  	18    	20.0     	208   	9.4        	17.7       	3058      	-9.7
344       	17:05:56  	709.1 	14.0  	18    	19.8     	208   	9.3        	17.5       	3070      	-9.8
346       	17:05:58  	708.0 	13.9  	18    	19.6     	208   	9.3        	17.3       	3082      	-9.9
348       	17:06:00  	707.0 	13.8  	18    	19.5     	209   	9.3        	17.1       	3095      	-10.0
350       	17:06:02  	705.9 	13.6  	18    	19.3     	209   	9.3        	16.9       	3107      	-10.2
352       	17:06:04  	704.8 	13.5  	18    	19.2     	209   	9.4        	16.7       	3120      	-10.3
354       	17:06:06  	703.7 	13.4  	18    	19.0     	210   	9.4        	16.5       	3134      	-10.4
356       	17:06:08  	702.4 	13.2  	18    	19.0     	210   	9.4        	16.5       	3149      	-10.4
358       	17:06:10  	701.1 	13.1  	18    	18.9     	209   	9.3        	16.5       	3165      	-10.5
360       	17:06:12  	699.8 	12.9  	18    	18.9     	209   	9.3        	16.5       	3181      	-10.5
362       	17:06:14  	698.6 	12.8  	18    	18.9     	209   	9.3        	16.5       	3195      	-10.5
364       	17:06:16  	697.4 	12.7  	19    	19.1     	209   	9.2        	16.7       	3210      	-10.6
366       	17:06:18  	696.2 	12.5  	19    	19.2     	209   	9.2        	16.9       	3224      	-10.6
368       	17:06:20  	695.0 	12.4  	19    	19.3     	208   	9.2        	17.0       	3239      	-10.7
370       	17:06:22  	693.8 	12.2  	19    	19.5     	209   	9.4        	17.1       	3253      	-10.7
372       	17:06:24  	692.6 	12.1  	19    	19.6     	209   	9.5        	17.2       	3267      	-10.7
374       	17:06:26  	691.5 	12.0  	19    	19.8     	209   	9.6        	17.3       	3281      	-10.6
376       	17:06:28  	690.4 	11.8  	20    	19.9     	210   	9.8        	17.3       	3294      	-10.5
378       	17:06:30  	689.4 	11.7  	20    	19.9     	210   	10.0       	17.2       	3307      	-10.5
380       	17:06:32  	688.5 	11.6  	20    	19.9     	210   	10.1       	17.2       	3318      	-10.5
382       	17:06:34  	687.6 	11.5  	20    	19.8     	212   	10.4       	16.9       	3329      	-10.5
384       	17:06:36  	686.7 	11.4  	20    	19.8     	213   	10.8       	16.6       	3339      	-10.5
386       	17:06:38  	685.8 	11.4  	20    	19.7     	214   	11.1       	16.3       	3349      	-10.5
388       	17:06:40  	685.0 	11.3  	20    	19.7     	215   	11.3       	16.1       	3359      	-10.6
390       	17:06:42  	684.2 	11.2  	20    	19.5     	216   	11.5       	15.8       	3370      	-10.7
392       	17:06:44  	683.3 	11.1  	20    	19.5     	217   	11.7       	15.6       	3380      	-10.8
394       	17:06:46  	682.5 	11.0  	20    	19.5     	218   	11.9       	15.5       	3390      	-10.8
396       	17:06:48  	681.6 	10.9  	20    	19.6     	218   	12.1       	15.4       	3401      	-10.8
398       	17:06:50  	680.8 	10.8  	20    	19.7     	219   	12.4       	15.3       	3411      	-10.9
400       	17:06:52  	679.9 	10.7  	21    	19.7     	220   	12.6       	15.2       	3421      	-11.0
402       	17:06:54  	679.0 	10.5  	21    	20.0     	220   	12.7       	15.4       	3432      	-11.0
404       	17:06:56  	678.0 	10.4  	21    	20.2     	219   	12.8       	15.6       	3444      	-11.0
406       	17:06:58  	677.0 	10.3  	21    	20.3     	219   	12.9       	15.7       	3456      	-11.0
408       	17:07:00  	676.0 	10.2  	21    	20.5     	219   	13.0       	15.9       	3470      	-11.1
410       	17:07:02  	675.0 	10.0  	21    	20.8     	219   	13.1       	16.2       	3483      	-11.1
412       	17:07:04  	673.9 	9.9   	21    	21.1     	219   	13.2       	16.4       	3496      	-11.2
414       	17:07:06  	672.9 	9.8   	21    	21.2     	219   	13.3       	16.5       	3508      	-11.2
416       	17:07:08  	672.0 	9.7   	21    	21.2     	219   	13.3       	16.5       	3520      	-11.2
418       	17:07:10  	671.0 	9.6   	22    	21.3     	219   	13.3       	16.6       	3531      	-11.2
420       	17:07:12  	670.1 	9.5   	22    	21.4     	218   	13.3       	16.8       	3542      	-11.3
422       	17:07:14  	669.2 	9.4   	22    	21.6     	218   	13.3       	17.0       	3553      	-11.3
424       	17:07:16  	668.3 	9.3   	22    	21.7     	218   	13.3       	17.2       	3565      	-11.3
426       	17:07:18  	667.4 	9.2   	22    	21.8     	218   	13.3       	17.3       	3576      	-11.3
428       	17:07:20  	666.4 	9.0   	22    	22.0     	217   	13.3       	17.5       	3588      	-11.3
430       	17:07:22  	665.4 	8.9   	22    	22.1     	217   	13.3       	17.6       	3600      	-11.4
432       	17:07:24  	664.4 	8.8   	22    	22.2     	217   	13.3       	17.8       	3613      	-11.4
434       	17:07:26  	663.5 	8.7   	22    	22.4     	216   	13.2       	18.1       	3625      	-11.5
436       	17:07:28  	662.6 	8.6   	22    	22.6     	215   	13.1       	18.4       	3635      	-11.6
438       	17:07:30  	661.7 	8.5   	22    	22.8     	215   	13.1       	18.7       	3646      	-11.7
440       	17:07:32  	660.9 	8.5   	22    	22.9     	215   	13.0       	18.8       	3657      	-11.7
442       	17:07:34  	660.0 	8.4   	23    	22.9     	215   	13.0       	18.9       	3667      	-11.7
444       	17:07:36  	659.2 	8.3   	23    	23.0     	214   	12.9       	19.1       	3678      	-11.7
446       	17:07:38  	658.5 	8.2   	23    	23.1     	214   	12.8       	19.2       	3686      	-11.8
448       	17:07:40  	657.8 	8.1   	23    	23.1     	213   	12.7       	19.3       	3695      	-11.9
450       	17:07:42  	657.1 	8.0   	23    	23.1     	213   	12.5       	19.4       	3704      	-11.9
452       	17:07:44  	656.3 	7.9   	23    	23.2     	213   	12.5       	19.5       	3714      	-12.0
454       	17:07:46  	655.5 	7.9   	23    	23.0     	213   	12.4       	19.4       	3724      	-12.0
456       	17:07:48  	654.7 	7.8   	23    	23.0     	212   	12.3       	19.4       	3734      	-12.1
458       	17:07:50  	654.0 	7.7   	23    	23.0     	212   	12.3       	19.4       	3743      	-12.1
460       	17:07:52  	653.3 	7.7   	23    	23.1     	212   	12.3       	19.5       	3751      	-12.2
462       	17:07:54  	652.7 	7.6   	23    	23.1     	212   	12.4       	19.5       	3760      	-12.3
464       	17:07:56  	652.0 	7.5   	23    	23.2     	212   	12.4       	19.6       	3768      	-12.3
466       	17:07:58  	651.3 	7.4   	23    	23.3     	212   	12.5       	19.7       	3776      	-12.4
468       	17:08:00  	650.6 	7.3   	23    	23.4     	213   	12.6       	19.7       	3785      	-12.4
470       	17:08:02  	649.9 	7.2   	23    	23.5     	213   	12.7       	19.8       	3795      	-12.5
472       	17:08:04  	649.2 	7.1   	23    	23.7     	213   	12.8       	20.0       	3804      	-12.5
474       	17:08:06  	648.5 	7.0   	23    	23.9     	212   	12.8       	20.2       	3812      	-12.5
476       	17:08:08  	647.9 	7.0   	23    	24.1     	212   	12.9       	20.4       	3820      	-12.6
478       	17:08:10  	647.3 	6.9   	23    	24.3     	212   	12.9       	20.6       	3828      	-12.6
480       	17:08:12  	646.7 	6.8   	23    	24.3     	212   	12.8       	20.7       	3835      	-12.6
482       	17:08:14  	646.1 	6.7   	23    	24.4     	212   	12.8       	20.8       	3842      	-12.6
484       	17:08:16  	645.5 	6.7   	24    	24.5     	211   	12.7       	20.9       	3850      	-12.6
486       	17:08:18  	644.9 	6.6   	24    	24.5     	211   	12.6       	21.0       	3858      	-12.7
488       	17:08:20  	644.3 	6.5   	24    	24.5     	211   	12.6       	21.0       	3865      	-12.7
490       	17:08:22  	643.7 	6.4   	24    	24.5     	211   	12.5       	21.1       	3873      	-12.8
492       	17:08:24  	643.0 	6.3   	24    	24.4     	211   	12.5       	21.0       	3882      	-12.8
494       	17:08:26  	642.3 	6.2   	24    	24.4     	211   	12.4       	21.0       	3890      	-12.9
496       	17:08:28  	641.5 	6.1   	24    	24.3     	211   	12.4       	20.9       	3901      	-13.0
498       	17:08:30  	640.7 	6.0   	24    	24.3     	211   	12.5       	20.8       	3912      	-13.0
500       	17:08:32  	639.9 	5.9   	24    	24.2     	212   	12.7       	20.6       	3923      	-13.1
502       	17:08:34  	639.0 	5.8   	24    	24.2     	212   	12.8       	20.5       	3933      	-13.1
504       	17:08:36  	638.2 	5.8   	24    	24.1     	212   	12.9       	20.3       	3944      	-13.1
506       	17:08:38  	637.5 	5.7   	24    	24.0     	213   	13.0       	20.2       	3953      	-13.1
508       	17:08:40  	636.9 	5.6   	24    	24.0     	213   	13.2       	20.1       	3961      	-13.1
510       	17:08:42  	636.2 	5.5   	24    	24.1     	214   	13.4       	20.0       	3969      	-13.1
512       	17:08:44  	635.6 	5.4   	24    	24.1     	214   	13.6       	19.9       	3977      	-13.2
514       	17:08:46  	634.9 	5.4   	24    	24.1     	215   	13.8       	19.7       	3986      	-13.4
516       	17:08:48  	634.3 	5.3   	24    	24.0     	216   	14.0       	19.5       	3994      	-13.5
518       	17:08:50  	633.5 	5.2   	24    	23.9     	216   	14.0       	19.4       	4003      	-13.7
520       	17:08:52  	632.7 	5.2   	24    	24.0     	216   	14.1       	19.4       	4014      	-13.8
522       	17:08:54  	631.9 	5.1   	23    	24.0     	216   	14.2       	19.3       	4024      	-14.0
524       	17:08:56  	631.1 	5.0   	24    	24.1     	217   	14.4       	19.3       	4035      	-14.0
526       	17:08:58  	630.2 	4.9   	24    	24.1     	217   	14.6       	19.2       	4047      	-14.0
528       	17:09:00  	629.3 	4.8   	24    	24.2     	218   	14.8       	19.1       	4058      	-14.0
530       	17:09:02  	628.6 	4.7   	24    	24.3     	218   	15.0       	19.1       	4067      	-13.9
532       	17:09:04  	627.9 	4.6   	25    	24.5     	218   	15.2       	19.2       	4076      	-13.8
534       	17:09:06  	627.2 	4.5   	25    	24.6     	219   	15.4       	19.2       	4085      	-13.7
536       	17:09:08  	626.5 	4.4   	25    	24.7     	219   	15.6       	19.2       	4095      	-13.7
538       	17:09:10  	625.8 	4.3   	25    	25.0     	219   	15.9       	19.3       	4104      	-13.8
540       	17:09:12  	625.1 	4.2   	25    	25.3     	220   	16.3       	19.4       	4113      	-14.0
542       	17:09:14  	624.4 	4.2   	25    	25.6     	220   	16.6       	19.5       	4121      	-14.2
544       	17:09:16  	623.8 	4.1   	24    	25.7     	221   	16.8       	19.5       	4130      	-14.4
546       	17:09:18  	623.2 	4.1   	24    	25.9     	221   	16.9       	19.6       	4138      	-14.6
548       	17:09:20  	622.6 	4.0   	24    	26.0     	221   	17.1       	19.6       	4146      	-14.9
550       	17:09:22  	621.9 	4.0   	23    	26.3     	221   	17.4       	19.7       	4154      	-15.1
552       	17:09:24  	621.3 	3.9   	23    	26.5     	222   	17.6       	19.8       	4162      	-15.3
554       	17:09:26  	620.6 	3.8   	23    	26.7     	222   	17.9       	19.8       	4171      	-15.5
556       	17:09:28  	619.9 	3.7   	22    	26.9     	222   	18.1       	19.9       	4180      	-15.7
558       	17:09:30  	619.2 	3.6   	22    	27.0     	222   	18.2       	19.9       	4190      	-15.9
560       	17:09:32  	618.4 	3.5   	22    	27.0     	223   	18.3       	19.9       	4199      	-16.1
562       	17:09:34  	617.6 	3.4   	22    	27.0     	223   	18.3       	19.8       	4210      	-16.4
564       	17:09:36  	616.8 	3.3   	21    	26.8     	223   	18.3       	19.6       	4221      	-16.7
566       	17:09:38  	616.0 	3.3   	21    	26.7     	223   	18.3       	19.4       	4232      	-16.9
568       	17:09:40  	615.1 	3.2   	20    	26.5     	224   	18.3       	19.2       	4243      	-17.3
570       	17:09:42  	614.2 	3.1   	20    	26.3     	224   	18.2       	19.0       	4255      	-17.6
572       	17:09:44  	613.4 	3.0   	20    	26.1     	224   	18.1       	18.8       	4268      	-17.7
574       	17:09:46  	612.6 	3.0   	19    	25.9     	224   	18.1       	18.5       	4278      	-18.0
576       	17:09:48  	611.7 	2.9   	19    	25.5     	225   	17.9       	18.2       	4288      	-18.2
578       	17:09:50  	611.0 	2.8   	19    	25.2     	225   	17.8       	17.9       	4297      	-18.3
580       	17:09:52  	610.3 	2.7   	19    	25.0     	225   	17.7       	17.6       	4307      	-18.4
582       	17:09:54  	609.5 	2.6   	19    	24.7     	225   	17.6       	17.4       	4317      	-18.5
584       	17:09:56  	608.8 	2.5   	19    	24.6     	225   	17.5       	17.3       	4327      	-18.6
586       	17:09:58  	608.1 	2.4   	19    	24.5     	225   	17.5       	17.2       	4336      	-18.7
588       	17:10:00  	607.4 	2.4   	19    	24.5     	225   	17.4       	17.2       	4345      	-18.8
590       	17:10:02  	606.7 	2.3   	19    	24.3     	225   	17.3       	17.1       	4354      	-18.9
592       	17:10:04  	606.1 	2.2   	19    	24.3     	225   	17.2       	17.1       	4363      	-19.1
594       	17:10:06  	605.4 	2.1   	18    	24.3     	225   	17.2       	17.1       	4372      	-19.4
596       	17:10:08  	604.8 	2.1   	18    	24.3     	225   	17.1       	17.2       	4381      	-19.6
598       	17:10:10  	604.2 	2.0   	18    	24.3     	225   	17.1       	17.3       	4389      	-19.9
600       	17:10:12  	603.6 	2.0   	17    	24.3     	225   	17.1       	17.3       	4396      	-20.2
602       	17:10:14  	603.0 	1.9   	17    	24.3     	225   	17.1       	17.3       	4404      	-20.5
604       	17:10:16  	602.4 	1.9   	16    	24.3     	225   	17.2       	17.2       	4413      	-20.9
606       	17:10:18  	601.8 	1.8   	16    	24.3     	225   	17.2       	17.2       	4421      	-21.1
608       	17:10:20  	601.1 	1.7   	16    	24.3     	225   	17.3       	17.1       	4429      	-21.3
610       	17:10:22  	600.4 	1.7   	16    	24.3     	226   	17.4       	17.0       	4438      	-21.4
612       	17:10:24  	599.8 	1.6   	16    	24.5     	226   	17.6       	17.1       	4447      	-21.5
614       	17:10:26  	599.2 	1.6   	16    	24.8     	226   	17.8       	17.2       	4454      	-21.6
616       	17:10:28  	598.7 	1.5   	16    	25.0     	226   	18.0       	17.3       	4461      	-21.6
618       	17:10:30  	598.1 	1.4   	16    	25.2     	226   	18.2       	17.4       	4469      	-21.7
620       	17:10:32  	597.5 	1.4   	16    	25.5     	226   	18.4       	17.6       	4478      	-21.7
622       	17:10:34  	596.9 	1.3   	16    	25.7     	226   	18.5       	17.8       	4486      	-21.8
624       	17:10:36  	596.3 	1.2   	16    	26.0     	226   	18.7       	18.1       	4494      	-21.9
626       	17:10:38  	595.6 	1.2   	16    	26.2     	226   	18.8       	18.3       	4503      	-22.1
628       	17:10:40  	595.0 	1.1   	15    	26.5     	226   	19.0       	18.5       	4511      	-22.2
630       	17:10:42  	594.4 	1.1   	15    	26.7     	226   	19.1       	18.7       	4520      	-22.3
632       	17:10:44  	593.8 	1.0   	15    	26.9     	226   	19.2       	18.8       	4528      	-22.5
634       	17:10:46  	593.2 	0.9   	15    	26.9     	226   	19.2       	18.8       	4536      	-22.9
636       	17:10:48  	592.5 	0.8   	14    	26.9     	226   	19.2       	18.8       	4545      	-23.1
638       	17:10:50  	591.9 	0.8   	14    	26.9     	226   	19.2       	18.8       	4553      	-23.4
640       	17:10:52  	591.3 	0.7   	14    	26.9     	226   	19.2       	18.8       	4562      	-23.5
642       	17:10:54  	590.7 	0.6   	14    	26.9     	226   	19.2       	18.8       	4570      	-23.5
644       	17:10:56  	590.1 	0.5   	14    	26.9     	226   	19.2       	18.8       	4579      	-23.6
646       	17:10:58  	589.4 	0.4   	14    	26.9     	226   	19.2       	18.8       	4587      	-23.6
648       	17:11:00  	588.8 	0.3   	14    	26.9     	226   	19.2       	18.8       	4595      	-23.6
650       	17:11:02  	588.2 	0.2   	15    	26.9     	226   	19.2       	18.8       	4604      	-23.5
652       	17:11:04  	587.6 	0.1   	15    	26.9     	226   	19.2       	18.8       	4612      	-23.5
654       	17:11:06  	587.0 	0.0   	15    	26.9     	226   	19.2       	18.8       	4621      	-23.5
656       	17:11:08  	586.4 	-0.1  	15    	26.9     	226   	19.2       	18.8       	4629      	-23.6
658       	17:11:10  	585.8 	-0.2  	15    	26.9     	226   	19.2       	18.8       	4637      	-23.7
660       	17:11:12  	585.2 	-0.3  	15    	26.9     	226   	19.2       	18.8       	4645      	-23.7
662       	17:11:14  	584.6 	-0.3  	15    	26.9     	226   	19.2       	18.8       	4652      	-24.0
664       	17:11:16  	584.1 	-0.4  	14    	26.9     	226   	19.2       	18.8       	4660      	-24.4
666       	17:11:18  	583.5 	-0.4  	14    	27.1     	226   	19.4       	18.9       	4668      	-24.8
668       	17:11:20  	583.0 	-0.4  	13    	27.5     	226   	19.9       	19.0       	4675      	-25.3
670       	17:11:22  	582.5 	-0.4  	12    	27.9     	227   	20.3       	19.2       	4682      	-25.8
672       	17:11:24  	581.9 	-0.4  	12    	28.3     	227   	20.7       	19.3       	4689      	-26.4
674       	17:11:26  	581.5 	-0.4  	11    	28.7     	228   	21.2       	19.4       	4696      	-27.0
676       	17:11:28  	581.0 	-0.4  	11    	29.2     	228   	21.6       	19.6       	4703      	-27.6
678       	17:11:30  	580.5 	-0.5  	10    	29.7     	228   	22.1       	19.9       	4709      	-27.9
680       	17:11:32  	580.0 	-0.6  	10    	30.4     	228   	22.6       	20.3       	4716      	-28.0
682       	17:11:34  	579.5 	-0.6  	10    	31.0     	228   	23.1       	20.7       	4723      	-28.2
684       	17:11:36  	579.0 	-0.6  	10    	31.7     	228   	23.6       	21.1       	4729      	-28.3
686       	17:11:38  	578.6 	-0.7  	10    	32.1     	228   	23.8       	21.5       	4736      	-28.4
688       	17:11:40  	578.1 	-0.8  	10    	32.3     	228   	23.8       	21.8       	4743      	-28.4
690       	17:11:42  	577.6 	-0.8  	10    	32.6     	227   	23.9       	22.1       	4749      	-28.5
692       	17:11:44  	577.0 	-0.9  	10    	33.0     	227   	24.2       	22.5       	4757      	-28.6
694       	17:11:46  	576.4 	-0.9  	10    	33.6     	227   	24.5       	23.0       	4765      	-28.8
696       	17:11:48  	575.8 	-1.0  	10    	34.0     	227   	24.7       	23.4       	4774      	-28.9
698       	17:11:50  	575.5 	-1.0  	10    	34.4     	227   	25.0       	23.7       	4779      	-29.1
700       	17:11:52  	575.1 	-1.0  	9     	34.7     	227   	25.2       	23.9       	4784      	-29.3
702       	17:11:54  	574.7 	-1.0  	9     	34.9     	227   	25.4       	24.0       	4789      	-29.5
704       	17:11:56  	574.4 	-1.0  	9     	35.2     	227   	25.6       	24.2       	4794      	-29.7
706       	17:11:58  	574.0 	-1.1  	9     	35.4     	226   	25.6       	24.5       	4799      	-29.8
708       	17:12:00  	573.7 	-1.1  	9     	35.6     	226   	25.7       	24.7       	4804      	-30.0
710       	17:12:02  	573.3 	-1.2  	9     	35.8     	226   	25.7       	24.9       	4808      	-30.1
712       	17:12:04  	573.0 	-1.2  	9     	35.7     	226   	25.5       	25.0       	4813      	-30.2
714       	17:12:06  	572.6 	-1.2  	9     	35.7     	225   	25.4       	25.1       	4818      	-30.2
716       	17:12:08  	572.3 	-1.3  	9     	35.6     	225   	25.2       	25.2       	4823      	-30.2
718       	17:12:10  	572.0 	-1.3  	9     	35.8     	225   	25.1       	25.5       	4827      	-30.2
720       	17:12:12  	571.6 	-1.3  	9     	35.9     	224   	25.0       	25.8       	4832      	-30.2
722       	17:12:14  	571.3 	-1.3  	9     	36.1     	224   	24.9       	26.1       	4836      	-30.0
724       	17:12:16  	571.0 	-1.3  	9     	36.3     	223   	24.9       	26.4       	4841      	-29.9
726       	17:12:18  	570.7 	-1.4  	9     	36.5     	223   	25.0       	26.6       	4844      	-29.8
728       	17:12:20  	570.5 	-1.4  	9     	36.7     	223   	25.1       	26.8       	4848      	-29.6
730       	17:12:22  	570.2 	-1.4  	9     	37.0     	223   	25.2       	27.1       	4852      	-29.6
732       	17:12:24  	569.9 	-1.4  	9     	37.3     	223   	25.3       	27.4       	4856      	-29.6
734       	17:12:26  	569.6 	-1.5  	9     	37.4     	223   	25.3       	27.6       	4861      	-29.7
736       	17:12:28  	569.2 	-1.5  	9     	37.7     	222   	25.4       	27.9       	4865      	-29.8
738       	17:12:30  	568.9 	-1.6  	9     	37.8     	222   	25.4       	28.0       	4870      	-29.9
740       	17:12:32  	568.6 	-1.6  	9     	37.8     	222   	25.4       	28.0       	4874      	-30.1
742       	17:12:34  	568.3 	-1.6  	9     	37.9     	222   	25.5       	28.1       	4878      	-30.2
744       	17:12:36  	568.0 	-1.6  	9     	38.0     	222   	25.5       	28.2       	4882      	-30.4
746       	17:12:38  	567.8 	-1.6  	9     	38.2     	222   	25.6       	28.3       	4885      	-30.6
748       	17:12:40  	567.5 	-1.6  	9     	38.3     	222   	25.7       	28.4       	4889      	-30.7
750       	17:12:42  	567.3 	-1.6  	8     	38.4     	222   	25.7       	28.5       	4893      	-30.9
752       	17:12:44  	567.0 	-1.6  	8     	38.4     	222   	25.8       	28.5       	4897      	-31.1
754       	17:12:46  	566.7 	-1.6  	8     	38.6     	222   	25.9       	28.6       	4901      	-31.2
756       	17:12:48  	566.4 	-1.6  	8     	38.6     	222   	25.9       	28.6       	4905      	-31.2
758       	17:12:50  	566.1 	-1.6  	8     	38.7     	222   	25.9       	28.7       	4910      	-31.3
760       	17:12:52  	565.8 	-1.7  	8     	38.7     	222   	25.9       	28.7       	4914      	-31.4
762       	17:12:54  	565.5 	-1.7  	8     	38.7     	222   	25.9       	28.7       	4918      	-31.4
764       	17:12:56  	565.2 	-1.7  	8     	38.7     	222   	25.9       	28.7       	4922      	-31.5
766       	17:12:58  	564.9 	-1.7  	8     	38.7     	222   	25.9       	28.7       	4926      	-31.5
768       	17:13:00  	564.6 	-1.7  	8     	38.7     	222   	25.9       	28.7       	4930      	-31.5
770       	17:13:02  	564.4 	-1.7  	8     	38.6     	222   	25.9       	28.6       	4933      	-31.6
772       	17:13:04  	564.1 	-1.7  	8     	38.5     	222   	25.9       	28.5       	4937      	-31.6
774       	17:13:06  	563.8 	-1.7  	8     	38.4     	222   	25.9       	28.4       	4941      	-31.6
776       	17:13:08  	563.5 	-1.8  	8     	38.4     	222   	25.9       	28.4       	4945      	-31.7
778       	17:13:10  	563.3 	-1.8  	8     	38.4     	223   	26.0       	28.3       	4949      	-31.7
780       	17:13:12  	563.0 	-1.9  	8     	38.4     	223   	26.0       	28.3       	4952      	-31.7
782       	17:13:14  	562.8 	-1.9  	8     	38.5     	223   	26.2       	28.2       	4956      	-31.7
784       	17:13:16  	562.5 	-1.9  	8     	38.6     	223   	26.3       	28.2       	4960      	-31.7
786       	17:13:18  	562.2 	-2.0  	8     	38.6     	223   	26.4       	28.1       	4964      	-31.7
788       	17:13:20  	562.0 	-2.0  	8     	38.6     	223   	26.5       	28.1       	4967      	-31.8
790       	17:13:22  	561.7 	-2.0  	8     	38.7     	223   	26.6       	28.1       	4971      	-31.8
792       	17:13:24  	561.5 	-2.0  	8     	38.8     	224   	26.7       	28.1       	4974      	-31.8
794       	17:13:26  	561.3 	-2.0  	8     	38.9     	224   	26.8       	28.2       	4977      	-31.9
796       	17:13:28  	561.0 	-2.0  	8     	39.0     	224   	27.0       	28.2       	4981      	-32.0
798       	17:13:30  	560.8 	-2.1  	8     	39.3     	224   	27.2       	28.3       	4984      	-32.1
800       	17:13:32  	560.6 	-2.1  	8     	39.5     	224   	27.4       	28.4       	4986      	-32.3
802       	17:13:34  	560.4 	-2.1  	7     	39.6     	224   	27.5       	28.5       	4989      	-32.5
804       	17:13:36  	560.2 	-2.1  	7     	39.7     	224   	27.6       	28.5       	4992      	-32.6
806       	17:13:38  	560.0 	-2.1  	7     	39.8     	224   	27.7       	28.6       	4995      	-32.7
808       	17:13:40  	559.8 	-2.1  	7     	40.0     	224   	27.7       	28.8       	4998      	-32.9
810       	17:13:42  	559.6 	-2.1  	7     	40.2     	224   	27.8       	29.0       	5001      	-33.0
812       	17:13:44  	559.4 	-2.1  	7     	40.3     	224   	27.8       	29.2       	5004      	-33.1
814       	17:13:46  	559.1 	-2.1  	7     	40.5     	223   	27.8       	29.4       	5007      	-33.1
816       	17:13:48  	558.9 	-2.1  	7     	40.5     	223   	27.7       	29.5       	5011      	-33.1
818       	17:13:50  	558.6 	-2.1  	7     	40.6     	223   	27.7       	29.7       	5015      	-33.2
820       	17:13:52  	558.3 	-2.2  	7     	40.6     	223   	27.6       	29.8       	5018      	-33.2
822       	17:13:54  	558.1 	-2.2  	7     	40.7     	223   	27.5       	30.0       	5022      	-33.3
824       	17:13:56  	557.8 	-2.2  	7     	40.8     	222   	27.4       	30.2       	5027      	-33.3
826       	17:13:58  	557.5 	-2.2  	7     	40.9     	222   	27.3       	30.4       	5031      	-33.3
828       	17:14:00  	557.3 	-2.3  	7     	40.8     	222   	27.2       	30.4       	5034      	-33.3
830       	17:14:02  	557.0 	-2.3  	7     	40.8     	222   	27.2       	30.4       	5038      	-33.3
832       	17:14:04  	556.8 	-2.3  	7     	40.8     	222   	27.1       	30.5       	5041      	-33.3
834       	17:14:06  	556.5 	-2.3  	7     	40.7     	222   	27.0       	30.5       	5044      	-33.3
836       	17:14:08  	556.3 	-2.4  	7     	40.7     	221   	26.9       	30.5       	5048      	-33.2
838       	17:14:10  	556.1 	-2.4  	7     	40.6     	221   	26.8       	30.5       	5051      	-33.2
840       	17:14:12  	555.8 	-2.4  	7     	40.5     	221   	26.7       	30.5       	5054      	-33.2
842       	17:14:14  	555.6 	-2.5  	7     	40.5     	221   	26.7       	30.4       	5058      	-33.2
844       	17:14:16  	555.4 	-2.5  	7     	40.4     	221   	26.6       	30.4       	5061      	-33.2
846       	17:14:18  	555.1 	-2.5  	7     	40.3     	221   	26.6       	30.3       	5064      	-33.2
848       	17:14:20  	554.9 	-2.6  	7     	40.2     	221   	26.6       	30.2       	5068      	-33.2
850       	17:14:22  	554.6 	-2.6  	7     	40.2     	221   	26.6       	30.2       	5072      	-33.1
852       	17:14:24  	554.3 	-2.6  	7     	40.2     	221   	26.6       	30.1       	5076      	-33.1
854       	17:14:26  	554.0 	-2.7  	7     	40.2     	222   	26.7       	30.0       	5080      	-33.1
856       	17:14:28  	553.8 	-2.7  	7     	40.2     	222   	26.7       	30.0       	5084      	-33.1
858       	17:14:30  	553.5 	-2.7  	7     	40.2     	222   	26.8       	29.9       	5088      	-33.1
860       	17:14:32  	553.2 	-2.8  	7     	40.3     	222   	26.9       	30.0       	5092      	-33.1
862       	17:14:34  	552.9 	-2.8  	7     	40.3     	222   	26.9       	30.0       	5096      	-33.1
864       	17:14:36  	552.7 	-2.9  	7     	40.4     	222   	27.0       	30.1       	5100      	-33.1
866       	17:14:38  	552.4 	-2.9  	8     	40.5     	222   	27.0       	30.2       	5104      	-33.0
868       	17:14:40  	552.1 	-3.0  	8     	40.6     	222   	27.0       	30.3       	5108      	-33.0
870       	17:14:42  	551.8 	-3.0  	8     	40.7     	222   	27.1       	30.4       	5112      	-33.0
872       	17:14:44  	551.5 	-3.0  	8     	40.8     	222   	27.1       	30.5       	5116      	-32.9
874       	17:14:46  	551.2 	-3.1  	8     	41.0     	222   	27.2       	30.7       	5120      	-32.9
876       	17:14:48  	551.0 	-3.1  	8     	41.1     	221   	27.2       	30.8       	5124      	-32.8
878       	17:14:50  	550.7 	-3.2  	8     	41.3     	221   	27.3       	31.0       	5127      	-32.8
880       	17:14:52  	550.5 	-3.2  	8     	41.3     	221   	27.3       	31.0       	5131      	-32.9
882       	17:14:54  	550.2 	-3.2  	8     	41.4     	221   	27.4       	31.1       	5134      	-32.9
884       	17:14:56  	550.0 	-3.3  	8     	41.5     	221   	27.4       	31.2       	5138      	-32.9
886       	17:14:58  	549.7 	-3.3  	8     	41.6     	221   	27.4       	31.3       	5143      	-32.9
888       	17:15:00  	549.4 	-3.3  	8     	41.8     	221   	27.5       	31.5       	5147      	-32.9
890       	17:15:02  	549.1 	-3.4  	8     	41.9     	221   	27.5       	31.6       	5152      	-32.9
892       	17:15:04  	548.7 	-3.4  	8     	42.0     	221   	27.4       	31.8       	5156      	-32.8
894       	17:15:06  	548.4 	-3.4  	8     	42.1     	221   	27.4       	31.9       	5160      	-32.8
896       	17:15:08  	548.2 	-3.4  	8     	42.1     	221   	27.4       	32.0       	5164      	-32.7
898       	17:15:10  	547.9 	-3.4  	8     	42.2     	220   	27.4       	32.1       	5168      	-32.7
900       	17:15:12  	547.6 	-3.5  	8     	42.4     	220   	27.4       	32.3       	5172      	-32.7
902       	17:15:14  	547.4 	-3.5  	8     	42.5     	220   	27.4       	32.5       	5176      	-32.7
904       	17:15:16  	547.1 	-3.5  	8     	42.6     	220   	27.4       	32.6       	5180      	-32.7
906       	17:15:18  	546.8 	-3.6  	8     	42.6     	220   	27.5       	32.6       	5184      	-32.8
908       	17:15:20  	546.4 	-3.6  	8     	42.7     	220   	27.5       	32.7       	5189      	-32.9
910       	17:15:22  	546.1 	-3.7  	8     	42.8     	220   	27.6       	32.7       	5193      	-33.0
912       	17:15:24  	545.8 	-3.7  	8     	42.9     	220   	27.6       	32.8       	5199      	-33.1
914       	17:15:26  	545.4 	-3.7  	8     	42.9     	220   	27.6       	32.8       	5204      	-33.1
916       	17:15:28  	545.1 	-3.8  	8     	42.9     	220   	27.6       	32.9       	5209      	-33.2
918       	17:15:30  	544.7 	-3.9  	8     	42.9     	220   	27.6       	32.9       	5214      	-33.2
920       	17:15:32  	544.4 	-3.9  	8     	42.9     	220   	27.6       	32.9       	5218      	-33.2
922       	17:15:34  	544.1 	-3.9  	8     	42.8     	220   	27.5       	32.8       	5223      	-33.2
924       	17:15:36  	543.7 	-4.0  	8     	42.7     	220   	27.4       	32.8       	5228      	-33.2
926       	17:15:38  	543.3 	-4.0  	8     	42.7     	220   	27.3       	32.8       	5233      	-33.2
928       	17:15:40  	543.0 	-4.1  	8     	42.6     	220   	27.2       	32.8       	5239      	-33.2
930       	17:15:42  	542.6 	-4.1  	8     	42.5     	220   	27.1       	32.7       	5245      	-33.3
932       	17:15:44  	542.1 	-4.2  	8     	42.4     	220   	27.0       	32.7       	5252      	-33.3
934       	17:15:46  	541.7 	-4.3  	8     	42.3     	219   	26.9       	32.7       	5258      	-33.4
936       	17:15:48  	541.2 	-4.3  	8     	42.3     	220   	26.9       	32.6       	5265      	-33.5
938       	17:15:50  	540.7 	-4.4  	8     	42.2     	219   	26.8       	32.6       	5272      	-33.6
940       	17:15:52  	540.2 	-4.5  	8     	42.1     	220   	26.8       	32.5       	5279      	-33.7
942       	17:15:54  	539.7 	-4.5  	8     	42.1     	219   	26.7       	32.5       	5286      	-33.8
944       	17:15:56  	539.3 	-4.6  	8     	42.0     	220   	26.8       	32.4       	5293      	-33.9
946       	17:15:58  	538.8 	-4.6  	8     	42.0     	220   	26.8       	32.4       	5300      	-34.0
948       	17:16:00  	538.3 	-4.7  	8     	42.0     	220   	26.8       	32.3       	5307      	-34.1
950       	17:16:02  	537.9 	-4.7  	8     	42.0     	220   	27.1       	32.1       	5314      	-34.2
952       	17:16:04  	537.4 	-4.8  	8     	42.0     	221   	27.4       	31.8       	5320      	-34.3
954       	17:16:06  	537.0 	-4.8  	8     	41.9     	221   	27.7       	31.5       	5326      	-34.4
956       	17:16:08  	536.7 	-4.9  	7     	42.0     	222   	28.0       	31.3       	5331      	-34.6
958       	17:16:10  	536.3 	-4.9  	7     	42.0     	222   	28.3       	31.1       	5337      	-34.9
960       	17:16:12  	535.9 	-4.9  	7     	42.0     	223   	28.6       	30.8       	5342      	-35.2
962       	17:16:14  	535.5 	-5.0  	7     	42.1     	223   	28.9       	30.6       	5348      	-35.6
964       	17:16:16  	535.1 	-5.0  	7     	42.1     	224   	29.4       	30.2       	5354      	-35.9
966       	17:16:18  	534.7 	-5.0  	6     	42.3     	225   	29.9       	29.9       	5360      	-36.3
968       	17:16:20  	534.3 	-5.1  	6     	42.4     	226   	30.3       	29.6       	5366      	-36.7
970       	17:16:22  	533.9 	-5.1  	6     	42.4     	226   	30.5       	29.5       	5373      	-37.1
972       	17:16:24  	533.5 	-5.2  	6     	42.5     	226   	30.7       	29.4       	5378      	-37.4
974       	17:16:26  	533.1 	-5.2  	6     	42.6     	227   	30.9       	29.3       	5383      	-37.6
976       	17:16:28  	532.7 	-5.2  	6     	42.5     	227   	31.0       	29.1       	5388      	-37.7
978       	17:16:30  	532.4 	-5.3  	6     	42.4     	227   	31.0       	28.9       	5395      	-37.8
980       	17:16:32  	531.9 	-5.3  	5     	42.3     	227   	31.1       	28.7       	5401      	-37.9
982       	17:16:34  	531.4 	-5.3  	5     	42.2     	227   	31.1       	28.5       	5408      	-38.0
984       	17:16:36  	531.0 	-5.3  	5     	42.0     	227   	30.9       	28.4       	5415      	-38.0
986       	17:16:38  	530.5 	-5.3  	5     	41.8     	228   	30.8       	28.2       	5422      	-38.1
988       	17:16:40  	530.1 	-5.4  	5     	41.6     	228   	30.7       	28.1       	5429      	-38.1
990       	17:16:42  	529.7 	-5.4  	5     	41.5     	228   	30.7       	27.9       	5434      	-38.1
992       	17:16:44  	529.3 	-5.4  	5     	41.3     	228   	30.6       	27.7       	5440      	-38.1
994       	17:16:46  	528.9 	-5.4  	5     	41.0     	228   	30.5       	27.4       	5446      	-38.1
996       	17:16:48  	528.5 	-5.4  	5     	41.0     	228   	30.6       	27.3       	5452      	-38.1
998       	17:16:50  	528.0 	-5.5  	5     	41.1     	228   	30.7       	27.3       	5458      	-38.2
1000      	17:16:52  	527.6 	-5.5  	5     	41.0     	228   	30.7       	27.2       	5464      	-38.2
1002      	17:16:54  	527.2 	-5.6  	5     	41.1     	229   	30.9       	27.1       	5470      	-38.3
1004      	17:16:56  	526.8 	-5.6  	5     	41.3     	229   	31.1       	27.1       	5477      	-38.3
1006      	17:16:58  	526.3 	-5.7  	5     	41.4     	229   	31.3       	27.1       	5483      	-38.5
1008      	17:17:00  	525.9 	-5.7  	5     	41.6     	229   	31.5       	27.1       	5490      	-38.7
1010      	17:17:02  	525.4 	-5.7  	5     	41.6     	229   	31.6       	27.1       	5497      	-38.9
1012      	17:17:04  	525.0 	-5.8  	5     	41.8     	229   	31.7       	27.2       	5504      	-39.1
1014      	17:17:06  	524.5 	-5.8  	5     	41.9     	230   	31.9       	27.2       	5511      	-39.3
1016      	17:17:08  	524.0 	-5.9  	5     	42.1     	230   	32.0       	27.3       	5518      	-39.6
1018      	17:17:10  	523.5 	-5.9  	5     	42.2     	230   	32.2       	27.3       	5526      	-39.8
1020      	17:17:12  	523.0 	-6.0  	5     	42.4     	230   	32.4       	27.3       	5533      	-40.1
1022      	17:17:14  	522.5 	-6.1  	5     	42.4     	230   	32.5       	27.3       	5541      	-40.3
1024      	17:17:16  	521.9 	-6.1  	4     	42.4     	230   	32.5       	27.2       	5550      	-40.5
1026      	17:17:18  	521.4 	-6.2  	4     	42.5     	230   	32.6       	27.2       	5558      	-40.7
1028      	17:17:20  	520.9 	-6.2  	4     	42.6     	230   	32.8       	27.2       	5566      	-40.8
1030      	17:17:22  	520.4 	-6.3  	4     	42.8     	230   	32.9       	27.3       	5573      	-40.8
1032      	17:17:24  	519.8 	-6.4  	4     	43.0     	230   	33.1       	27.4       	5581      	-40.9
1034      	17:17:26  	519.3 	-6.4  	4     	43.0     	230   	33.2       	27.4       	5589      	-41.1
1036      	17:17:28  	518.8 	-6.5  	4     	43.2     	230   	33.3       	27.5       	5597      	-41.1
1038      	17:17:30  	518.2 	-6.6  	4     	43.3     	230   	33.4       	27.6       	5605      	-41.2
1040      	17:17:32  	517.6 	-6.7  	4     	43.5     	230   	33.6       	27.7       	5614      	-41.3
1042      	17:17:34  	517.0 	-6.7  	4     	43.9     	231   	34.0       	27.7       	5623      	-41.4
1044      	17:17:36  	516.4 	-6.8  	4     	44.1     	231   	34.3       	27.7       	5632      	-41.6
1046      	17:17:38  	515.9 	-6.8  	4     	44.3     	232   	34.7       	27.6       	5640      	-41.7
1048      	17:17:40  	515.3 	-6.9  	4     	44.5     	232   	34.9       	27.6       	5649      	-41.8
1050      	17:17:42  	514.8 	-6.9  	4     	44.7     	232   	35.2       	27.5       	5657      	-41.9
1052      	17:17:44  	514.2 	-7.0  	4     	44.8     	232   	35.4       	27.4       	5667      	-42.0
1054      	17:17:46  	513.5 	-7.1  	4     	44.9     	233   	35.7       	27.3       	5676      	-42.0
1056      	17:17:48  	512.9 	-7.1  	4     	45.2     	233   	36.0       	27.3       	5685      	-42.1
1058      	17:17:50  	512.3 	-7.2  	4     	45.4     	233   	36.3       	27.3       	5694      	-42.1
1060      	17:17:52  	511.7 	-7.2  	4     	45.6     	233   	36.5       	27.3       	5703      	-42.1
1062      	17:17:54  	511.1 	-7.3  	4     	45.7     	233   	36.6       	27.4       	5712      	-42.1
1064      	17:17:56  	510.6 	-7.4  	4     	45.9     	233   	36.7       	27.5       	5721      	-42.1
1066      	17:17:58  	510.0 	-7.5  	4     	46.0     	233   	36.8       	27.6       	5730      	-42.0
1068      	17:18:00  	509.4 	-7.6  	4     	46.1     	233   	36.9       	27.7       	5739      	-42.0
1070      	17:18:02  	508.8 	-7.6  	4     	46.4     	233   	37.1       	27.8       	5748      	-42.0
1072      	17:18:04  	508.2 	-7.7  	4     	46.5     	233   	37.2       	27.9       	5757      	-42.0
1074      	17:18:06  	507.6 	-7.7  	4     	46.6     	233   	37.3       	28.0       	5766      	-42.0
1076      	17:18:08  	507.1 	-7.8  	4     	46.7     	233   	37.4       	28.0       	5775      	-42.0
1078      	17:18:10  	506.5 	-7.9  	4     	46.9     	233   	37.5       	28.1       	5783      	-41.9
1080      	17:18:12  	505.9 	-7.9  	4     	47.0     	233   	37.7       	28.1       	5792      	-41.9
1082      	17:18:14  	505.3 	-8.0  	4     	47.3     	234   	38.0       	28.1       	5801      	-41.9
1084      	17:18:16  	504.7 	-8.0  	4     	47.4     	234   	38.2       	28.1       	5811      	-41.9
1086      	17:18:18  	504.0 	-8.1  	4     	47.5     	234   	38.3       	28.1       	5821      	-41.9
1088      	17:18:20  	503.4 	-8.1  	4     	47.6     	234   	38.5       	28.0       	5831      	-41.9
1090      	17:18:22  	502.7 	-8.2  	4     	47.7     	234   	38.6       	28.0       	5842      	-42.0
1092      	17:18:24  	502.0 	-8.3  	4     	47.8     	234   	38.7       	28.0       	5853      	-42.0
1094      	17:18:26  	501.3 	-8.3  	4     	47.9     	234   	38.8       	28.1       	5863      	-42.2
1096      	17:18:28  	500.6 	-8.4  	4     	48.0     	234   	38.9       	28.1       	5874      	-42.3
1098      	17:18:30  	499.9 	-8.5  	4     	48.1     	234   	39.0       	28.2       	5885      	-42.3
1100      	17:18:32  	499.2 	-8.5  	4     	48.2     	234   	39.0       	28.3       	5896      	-42.4
1102      	17:18:34  	498.5 	-8.6  	4     	48.2     	234   	39.0       	28.4       	5906      	-42.3
1104      	17:18:36  	497.8 	-8.7  	4     	48.3     	234   	39.0       	28.5       	5917      	-42.3
1106      	17:18:38  	497.1 	-8.8  	5     	48.4     	234   	39.0       	28.7       	5928      	-42.2
1108      	17:18:40  	496.4 	-8.9  	5     	48.5     	233   	39.0       	28.9       	5939      	-42.2
1110      	17:18:42  	495.7 	-9.0  	5     	48.7     	233   	39.0       	29.2       	5951      	-42.1
1112      	17:18:44  	494.9 	-9.0  	5     	48.8     	233   	39.0       	29.3       	5963      	-42.0
1114      	17:18:46  	494.1 	-9.1  	5     	48.8     	233   	39.0       	29.4       	5975      	-41.8
1116      	17:18:48  	493.4 	-9.3  	5     	48.9     	233   	39.0       	29.5       	5987      	-41.5
1118      	17:18:50  	492.6 	-9.4  	5     	49.2     	233   	39.2       	29.8       	5999      	-41.3
1120      	17:18:52  	491.9 	-9.5  	5     	49.5     	233   	39.4       	30.0       	6010      	-41.2
1122      	17:18:54  	491.1 	-9.6  	5     	49.8     	233   	39.6       	30.2       	6022      	-41.1
1124      	17:18:56  	490.3 	-9.6  	6     	49.9     	233   	39.7       	30.3       	6034      	-41.0
1126      	17:18:58  	489.6 	-9.7  	6     	50.2     	233   	39.9       	30.4       	6046      	-40.9
1128      	17:19:00  	488.8 	-9.8  	6     	50.4     	233   	40.1       	30.5       	6058      	-40.9
1130      	17:19:02  	488.0 	-9.9  	6     	50.5     	233   	40.2       	30.6       	6071      	-41.0
1132      	17:19:04  	487.3 	-10.0 	6     	50.7     	233   	40.4       	30.7       	6083      	-38.8
1134      	17:19:06  	486.5 	-10.1 	6     	51.0     	233   	40.6       	30.9       	6095      	-38.9
1136      	17:19:08  	485.8 	-10.2 	6     	51.2     	233   	40.8       	31.0       	6106      	-38.8
1138      	17:19:10  	485.1 	-10.3 	6     	51.3     	233   	40.8       	31.1       	6118      	-38.8
1140      	17:19:12  	484.3 	-10.4 	6     	51.4     	233   	40.9       	31.1       	6129      	-38.8
1142      	17:19:14  	483.6 	-10.4 	6     	51.4     	233   	40.9       	31.2       	6141      	-38.8
1144      	17:19:16  	482.9 	-10.5 	6     	51.6     	233   	41.0       	31.3       	6152      	-39.0
1146      	17:19:18  	482.1 	-10.6 	6     	51.7     	233   	41.1       	31.4       	6164      	-39.2
1148      	17:19:20  	481.4 	-10.7 	6     	51.9     	233   	41.3       	31.5       	6176      	-39.5
1150      	17:19:22  	480.6 	-10.8 	5     	52.0     	233   	41.4       	31.5       	6188      	-39.9
1152      	17:19:24  	479.8 	-10.9 	5     	52.2     	233   	41.5       	31.6       	6202      	-40.3
1154      	17:19:26  	478.8 	-10.9 	5     	52.2     	233   	41.5       	31.7       	6216      	-40.9
1156      	17:19:28  	477.9 	-11.0 	5     	52.2     	232   	41.4       	31.8       	6231      	-41.3
1158      	17:19:30  	477.0 	-11.0 	4     	52.1     	232   	41.1       	32.0       	6246      	-41.8
1160      	17:19:32  	476.1 	-11.1 	4     	52.1     	232   	40.9       	32.2       	6262      	-42.2
1162      	17:19:34  	475.2 	-11.1 	4     	51.9     	231   	40.6       	32.4       	6277      	-42.6
1164      	17:19:36  	474.3 	-11.2 	4     	51.8     	231   	40.2       	32.6       	6290      	-42.9
1166      	17:19:38  	473.5 	-11.3 	4     	51.5     	231   	39.8       	32.7       	6304      	-43.1
1168      	17:19:40  	472.6 	-11.3 	4     	51.3     	230   	39.4       	32.9       	6317      	-43.2
1170      	17:19:42  	471.8 	-11.4 	4     	51.1     	229   	38.8       	33.2       	6331      	-43.3
1172      	17:19:44  	471.0 	-11.5 	4     	50.8     	229   	38.1       	33.6       	6344      	-43.4
1174      	17:19:46  	470.1 	-11.7 	4     	50.5     	228   	37.4       	33.9       	6357      	-43.5
1176      	17:19:48  	469.3 	-11.8 	4     	50.4     	227   	37.0       	34.2       	6371      	-43.5
1178      	17:19:50  	468.5 	-11.9 	4     	50.3     	227   	36.7       	34.4       	6384      	-43.6
1180      	17:19:52  	467.7 	-12.0 	4     	50.2     	226   	36.4       	34.6       	6397      	-43.6
1182      	17:19:54  	466.9 	-12.1 	4     	50.2     	226   	36.1       	34.9       	6410      	-43.7
1184      	17:19:56  	466.1 	-12.3 	4     	50.2     	225   	35.8       	35.2       	6423      	-43.7
1186      	17:19:58  	465.3 	-12.4 	4     	50.2     	225   	35.5       	35.5       	6436      	-43.7
1188      	17:20:00  	464.5 	-12.5 	4     	50.3     	224   	35.2       	35.9       	6450      	-43.7
1190      	17:20:02  	463.7 	-12.6 	4     	50.3     	224   	35.2       	36.0       	6462      	-43.8
1192      	17:20:04  	463.0 	-12.7 	4     	50.4     	224   	35.2       	36.1       	6475      	-43.8
1194      	17:20:06  	462.2 	-12.8 	4     	50.5     	224   	35.2       	36.2       	6488      	-43.9
1196      	17:20:08  	461.4 	-12.9 	4     	50.5     	224   	35.0       	36.4       	6501      	-44.1
1198      	17:20:10  	460.6 	-12.9 	4     	50.6     	224   	34.9       	36.7       	6514      	-44.2
1200      	17:20:12  	459.8 	-13.0 	4     	50.7     	223   	34.7       	36.9       	6527      	-44.3
1202      	17:20:14  	459.0 	-13.0 	4     	50.7     	223   	34.6       	37.0       	6540      	-44.5
1204      	17:20:16  	458.3 	-13.1 	4     	50.7     	223   	34.5       	37.1       	6553      	-44.6
1206      	17:20:18  	457.5 	-13.2 	4     	50.7     	223   	34.3       	37.3       	6566      	-44.7
1208      	17:20:20  	456.7 	-13.2 	4     	50.6     	222   	34.1       	37.4       	6578      	-44.8
1210      	17:20:22  	456.0 	-13.3 	4     	50.6     	222   	33.9       	37.5       	6590      	-44.8
1212      	17:20:24  	455.3 	-13.4 	4     	50.5     	222   	33.7       	37.6       	6603      	-44.9
1214      	17:20:26  	454.5 	-13.5 	4     	50.4     	222   	33.4       	37.7       	6616      	-45.0
1216      	17:20:28  	453.7 	-13.6 	4     	50.3     	221   	33.3       	37.7       	6628      	-45.1
1218      	17:20:30  	452.9 	-13.7 	4     	50.2     	221   	33.2       	37.7       	6641      	-45.2
1220      	17:20:32  	452.2 	-13.8 	4     	50.2     	221   	33.2       	37.7       	6655      	-45.3
1222      	17:20:34  	451.4 	-13.9 	4     	50.2     	221   	33.2       	37.7       	6668      	-45.3
1224      	17:20:36  	450.6 	-14.0 	4     	50.1     	221   	33.1       	37.6       	6680      	-45.4
1226      	17:20:38  	449.9 	-14.1 	4     	50.1     	221   	33.1       	37.6       	6692      	-45.4
1228      	17:20:40  	449.2 	-14.2 	4     	50.1     	222   	33.2       	37.5       	6705      	-45.5
1230      	17:20:42  	448.5 	-14.3 	4     	50.1     	222   	33.2       	37.5       	6716      	-45.4
1232      	17:20:44  	447.8 	-14.4 	4     	50.1     	222   	33.3       	37.4       	6728      	-45.4
1234      	17:20:46  	447.1 	-14.5 	4     	50.1     	222   	33.4       	37.4       	6740      	-45.4
1236      	17:20:48  	446.4 	-14.6 	4     	50.2     	222   	33.5       	37.4       	6751      	-45.4
1238      	17:20:50  	445.7 	-14.7 	4     	50.2     	222   	33.5       	37.4       	6763      	-45.4
1240      	17:20:52  	445.1 	-14.8 	4     	50.3     	222   	33.6       	37.4       	6775      	-45.4
1242      	17:20:54  	444.4 	-14.9 	4     	50.4     	222   	33.6       	37.5       	6786      	-45.4
1244      	17:20:56  	443.7 	-15.0 	4     	50.4     	222   	33.6       	37.5       	6797      	-45.3
1246      	17:20:58  	443.0 	-15.1 	4     	50.4     	222   	33.7       	37.5       	6809      	-45.3
1248      	17:21:00  	442.3 	-15.2 	4     	50.6     	222   	33.9       	37.5       	6821      	-45.3
1250      	17:21:02  	441.7 	-15.3 	4     	50.6     	222   	34.1       	37.4       	6833      	-45.2
1252      	17:21:04  	441.0 	-15.4 	4     	50.7     	222   	34.2       	37.4       	6844      	-45.1
1254      	17:21:06  	440.3 	-15.5 	5     	50.7     	223   	34.4       	37.3       	6855      	-45.1
1256      	17:21:08  	439.7 	-15.6 	5     	50.9     	223   	34.6       	37.3       	6867      	-45.0
1258      	17:21:10  	439.0 	-15.7 	5     	50.9     	223   	34.7       	37.2       	6878      	-44.9
1260      	17:21:12  	438.4 	-15.8 	5     	50.9     	223   	34.9       	37.1       	6889      	-44.8
1262      	17:21:14  	437.7 	-15.9 	5     	50.9     	224   	35.1       	36.9       	6900      	-44.7
1264      	17:21:16  	437.1 	-16.0 	5     	50.9     	224   	35.2       	36.8       	6911      	-44.6
1266      	17:21:18  	436.4 	-16.1 	5     	50.8     	224   	35.3       	36.6       	6922      	-44.6
1268      	17:21:20  	435.8 	-16.2 	5     	50.8     	224   	35.3       	36.6       	6933      	-44.6
1270      	17:21:22  	435.1 	-16.3 	5     	50.8     	224   	35.4       	36.5       	6945      	-44.5
1272      	17:21:24  	434.5 	-16.4 	5     	50.8     	224   	35.4       	36.4       	6956      	-44.4
1274      	17:21:26  	433.9 	-16.5 	5     	50.8     	224   	35.6       	36.3       	6966      	-44.3
1276      	17:21:28  	433.4 	-16.6 	6     	50.8     	225   	35.7       	36.2       	6976      	-44.3
1278      	17:21:30  	432.8 	-16.7 	6     	50.8     	225   	35.8       	36.0       	6985      	-44.2
1280      	17:21:32  	432.2 	-16.8 	6     	50.8     	225   	35.9       	36.0       	6996      	-44.1
1282      	17:21:34  	431.5 	-16.9 	6     	50.9     	225   	36.0       	36.0       	7007      	-44.0
1284      	17:21:36  	430.9 	-17.0 	6     	50.9     	225   	36.1       	35.9       	7018      	-44.0
1286      	17:21:38  	430.3 	-17.1 	6     	51.0     	225   	36.2       	35.9       	7029      	-44.0
1288      	17:21:40  	429.6 	-17.2 	6     	51.1     	225   	36.3       	36.0       	7040      	-44.0
1290      	17:21:42  	429.0 	-17.3 	6     	51.2     	225   	36.4       	36.0       	7051      	-43.9
1292      	17:21:44  	428.4 	-17.5 	6     	51.3     	225   	36.5       	36.1       	7062      	-43.9
1294      	17:21:46  	427.8 	-17.5 	6     	51.3     	225   	36.5       	36.1       	7073      	-43.8
1296      	17:21:48  	427.2 	-17.6 	6     	51.4     	225   	36.5       	36.2       	7083      	-43.7
1298      	17:21:50  	426.6 	-17.7 	7     	51.3     	225   	36.5       	36.1       	7093      	-43.5
1300      	17:21:52  	426.0 	-17.8 	7     	51.3     	226   	36.6       	35.9       	7104      	-43.4
1302      	17:21:54  	425.5 	-17.9 	7     	51.1     	226   	36.7       	35.6       	7113      	-43.2
1304      	17:21:56  	425.0 	-18.0 	7     	51.0     	226   	36.8       	35.3       	7122      	-43.0
1306      	17:21:58  	424.5 	-18.0 	7     	50.9     	226   	36.9       	35.1       	7131      	-42.8
1308      	17:22:00  	424.0 	-18.1 	8     	50.7     	227   	37.0       	34.7       	7139      	-42.7
1310      	17:22:02  	423.5 	-18.2 	8     	50.6     	227   	37.1       	34.4       	7148      	-42.5
1312      	17:22:04  	423.0 	-18.2 	8     	50.5     	227   	37.2       	34.1       	7156      	-42.4
1314      	17:22:06  	422.5 	-18.3 	8     	50.3     	228   	37.3       	33.8       	7164      	-42.2
1316      	17:22:08  	422.1 	-18.4 	8     	50.3     	228   	37.5       	33.5       	7173      	-42.1
1318      	17:22:10  	421.6 	-18.4 	9     	50.2     	228   	37.6       	33.3       	7181      	-41.9
1320      	17:22:12  	421.1 	-18.5 	9     	50.3     	228   	37.6       	33.4       	7190      	-41.8
1322      	17:22:14  	420.6 	-18.6 	9     	50.4     	228   	37.7       	33.4       	7199      	-41.7
1324      	17:22:16  	420.1 	-18.6 	9     	50.4     	229   	37.8       	33.4       	7208      	-41.6
1326      	17:22:18  	419.6 	-18.7 	9     	50.5     	229   	38.0       	33.3       	7216      	-41.5
1328      	17:22:20  	419.2 	-18.7 	9     	50.6     	229   	38.1       	33.3       	7224      	-41.5
1330      	17:22:22  	418.7 	-18.8 	9     	50.7     	229   	38.3       	33.2       	7232      	-41.5
1332      	17:22:24  	418.3 	-18.8 	9     	50.7     	229   	38.4       	33.1       	7240      	-41.4
1334      	17:22:26  	417.9 	-18.8 	9     	50.8     	229   	38.6       	33.0       	7248      	-41.4
1336      	17:22:28  	417.4 	-18.9 	9     	50.8     	230   	38.7       	32.9       	7256      	-41.4
1338      	17:22:30  	417.0 	-18.9 	9     	51.0     	230   	39.0       	32.9       	7263      	-41.5
1340      	17:22:32  	416.5 	-18.9 	9     	51.3     	230   	39.4       	32.9       	7271      	-41.5
1342      	17:22:34  	416.1 	-19.0 	9     	51.6     	230   	39.7       	32.9       	7279      	-41.5
1344      	17:22:36  	415.7 	-19.0 	9     	51.9     	230   	40.0       	33.0       	7287      	-41.5
1346      	17:22:38  	415.3 	-19.0 	9     	52.2     	231   	40.3       	33.1       	7295      	-41.5
1348      	17:22:40  	414.8 	-19.0 	9     	52.4     	231   	40.5       	33.2       	7302      	-41.6
1350      	17:22:42  	414.4 	-19.0 	9     	52.7     	231   	40.8       	33.3       	7309      	-41.6
1352      	17:22:44  	414.0 	-19.1 	9     	53.1     	231   	41.2       	33.5       	7316      	-41.7
1354      	17:22:46  	413.7 	-19.1 	9     	53.6     	231   	41.7       	33.7       	7323      	-41.8
1356      	17:22:48  	413.3 	-19.1 	9     	54.0     	231   	42.1       	33.8       	7330      	-41.9
1358      	17:22:50  	412.9 	-19.1 	9     	54.3     	231   	42.4       	33.9       	7337      	-42.0
1360      	17:22:52  	412.5 	-19.2 	9     	54.4     	231   	42.6       	33.9       	7344      	-42.2
1362      	17:22:54  	412.1 	-19.2 	9     	54.6     	232   	42.8       	33.9       	7351      	-42.3
1364      	17:22:56  	411.7 	-19.2 	9     	55.0     	232   	43.2       	34.1       	7358      	-42.5
1366      	17:22:58  	411.3 	-19.3 	8     	55.6     	232   	43.7       	34.3       	7365      	-42.7
1368      	17:23:00  	410.9 	-19.3 	8     	56.0     	232   	44.1       	34.5       	7373      	-42.9
1370      	17:23:02  	410.5 	-19.3 	8     	56.4     	232   	44.4       	34.7       	7380      	-43.1
1372      	17:23:04  	410.1 	-19.3 	8     	56.6     	232   	44.6       	34.8       	7387      	-43.3
1374      	17:23:06  	409.7 	-19.3 	8     	56.9     	232   	44.8       	35.0       	7394      	-43.5
1376      	17:23:08  	409.4 	-19.3 	8     	57.1     	232   	45.0       	35.2       	7400      	-43.8
1378      	17:23:10  	409.0 	-19.3 	7     	57.6     	232   	45.3       	35.5       	7407      	-44.0
1380      	17:23:12  	408.6 	-19.4 	7     	57.9     	232   	45.6       	35.7       	7413      	-44.3
1382      	17:23:14  	408.3 	-19.4 	7     	58.3     	232   	45.8       	36.0       	7420      	-44.5
1384      	17:23:16  	408.0 	-19.4 	7     	58.4     	232   	45.9       	36.1       	7426      	-44.8
1386      	17:23:18  	407.6 	-19.4 	7     	58.6     	232   	46.0       	36.3       	7432      	-45.0
1388      	17:23:20  	407.3 	-19.4 	6     	58.7     	232   	46.0       	36.4       	7439      	-45.2
1390      	17:23:22  	406.9 	-19.4 	6     	58.9     	232   	46.1       	36.6       	7445      	-45.4
1392      	17:23:24  	406.6 	-19.5 	6     	59.1     	231   	46.2       	36.8       	7451      	-45.5
1394      	17:23:26  	406.2 	-19.5 	6     	59.2     	231   	46.2       	37.0       	7457      	-45.6
1396      	17:23:28  	405.9 	-19.5 	6     	59.3     	231   	46.3       	37.1       	7463      	-45.7
1398      	17:23:30  	405.6 	-19.6 	6     	59.3     	231   	46.2       	37.2       	7469      	-45.8
1400      	17:23:32  	405.3 	-19.6 	6     	59.3     	231   	46.2       	37.2       	7475      	-46.0
1402      	17:23:34  	405.0 	-19.6 	6     	59.4     	231   	46.2       	37.4       	7480      	-46.1
1404      	17:23:36  	404.7 	-19.7 	6     	59.4     	231   	46.1       	37.5       	7486      	-46.2
1406      	17:23:38  	404.3 	-19.7 	6     	59.5     	231   	46.0       	37.7       	7492      	-46.4
1408      	17:23:40  	404.0 	-19.8 	6     	59.6     	231   	46.0       	37.9       	7498      	-46.5
1410      	17:23:42  	403.7 	-19.8 	6     	59.6     	230   	45.9       	38.0       	7504      	-46.6
1412      	17:23:44  	403.4 	-19.8 	6     	59.6     	230   	45.8       	38.2       	7509      	-46.6
1414      	17:23:46  	403.1 	-19.9 	6     	59.6     	230   	45.7       	38.3       	7515      	-46.6
1416      	17:23:48  	402.8 	-19.9 	6     	59.7     	230   	45.6       	38.6       	7521      	-46.6
1418      	17:23:50  	402.4 	-19.9 	6     	59.8     	229   	45.4       	38.9       	7527      	-46.6
1420      	17:23:52  	402.1 	-20.0 	6     	59.9     	229   	45.3       	39.2       	7533      	-46.6
1422      	17:23:54  	401.8 	-20.0 	6     	60.0     	229   	45.2       	39.4       	7539      	-46.6
1424      	17:23:56  	401.5 	-20.0 	6     	60.0     	229   	45.1       	39.6       	7544      	-46.5
1426      	17:23:58  	401.2 	-20.0 	6     	60.0     	229   	45.0       	39.7       	7549      	-46.6
1428      	17:24:00  	401.0 	-20.1 	6     	60.1     	228   	45.0       	39.9       	7554      	-46.7
1430      	17:24:02  	400.7 	-20.1 	6     	60.3     	228   	45.0       	40.1       	7559      	-46.8
1432      	17:24:04  	400.4 	-20.1 	6     	60.3     	228   	44.9       	40.3       	7564      	-46.9
1434      	17:24:06  	400.2 	-20.2 	6     	60.4     	228   	44.9       	40.4       	7569      	-47.0
1436      	17:24:08  	399.9 	-20.2 	5     	60.5     	228   	45.0       	40.5       	7573      	-47.2
1438      	17:24:10  	399.7 	-20.2 	5     	60.5     	228   	45.0       	40.5       	7578      	-47.3
1440      	17:24:12  	399.4 	-20.2 	5     	60.6     	228   	45.1       	40.5       	7583      	-47.4
1442      	17:24:14  	399.2 	-20.3 	5     	60.8     	228   	45.2       	40.6       	7588      	-47.5
1444      	17:24:16  	398.9 	-20.3 	5     	60.8     	228   	45.3       	40.6       	7592      	-47.6
1446      	17:24:18  	398.6 	-20.4 	5     	60.9     	228   	45.4       	40.6       	7597      	-47.6
1448      	17:24:20  	398.4 	-20.4 	5     	61.0     	228   	45.5       	40.6       	7602      	-47.6
1450      	17:24:22  	398.1 	-20.4 	5     	61.1     	228   	45.6       	40.6       	7607      	-47.6
1452      	17:24:24  	397.8 	-20.5 	5     	61.1     	228   	45.7       	40.6       	7612      	-47.5
1454      	17:24:26  	397.5 	-20.5 	5     	61.3     	228   	45.8       	40.7       	7618      	-47.4
1456      	17:24:28  	397.2 	-20.5 	6     	61.3     	228   	45.8       	40.7       	7624      	-47.3
1458      	17:24:30  	396.9 	-20.6 	6     	61.3     	228   	45.9       	40.7       	7629      	-47.1
1460      	17:24:32  	396.6 	-20.6 	6     	61.4     	228   	45.9       	40.8       	7636      	-47.0
1462      	17:24:34  	396.2 	-20.6 	6     	61.4     	228   	45.9       	40.8       	7643      	-46.9
1464      	17:24:36  	395.9 	-20.7 	6     	61.5     	228   	45.9       	40.9       	7649      	-46.8
1466      	17:24:38  	395.6 	-20.7 	6     	61.4     	228   	45.8       	40.9       	7654      	-46.7
1468      	17:24:40  	395.3 	-20.8 	6     	61.4     	228   	45.7       	41.0       	7659      	-46.7
1470      	17:24:42  	395.1 	-20.8 	6     	61.4     	228   	45.6       	41.1       	7664      	-46.7
1472      	17:24:44  	394.8 	-20.9 	6     	61.4     	228   	45.5       	41.2       	7669      	-46.7
1474      	17:24:46  	394.5 	-20.9 	6     	61.4     	228   	45.5       	41.2       	7674      	-46.7
1476      	17:24:48  	394.2 	-20.9 	6     	61.3     	228   	45.4       	41.2       	7679      	-46.7
1478      	17:24:50  	394.0 	-21.0 	6     	61.3     	228   	45.3       	41.3       	7684      	-46.7
1480      	17:24:52  	393.7 	-21.0 	6     	61.3     	228   	45.2       	41.4       	7689      	-46.7
1482      	17:24:54  	393.5 	-21.1 	6     	61.2     	227   	45.1       	41.4       	7694      	-46.7
1484      	17:24:56  	393.2 	-21.1 	6     	61.1     	227   	44.9       	41.5       	7699      	-46.8
1486      	17:24:58  	392.9 	-21.2 	6     	61.1     	227   	44.8       	41.6       	7704      	-46.8
1488      	17:25:00  	392.6 	-21.2 	6     	61.1     	227   	44.7       	41.7       	7710      	-46.9
1490      	17:25:02  	392.3 	-21.3 	6     	61.1     	227   	44.7       	41.7       	7715      	-47.0
1492      	17:25:04  	392.0 	-21.3 	6     	61.1     	227   	44.6       	41.8       	7721      	-47.0
1494      	17:25:06  	391.7 	-21.4 	6     	61.0     	227   	44.4       	41.9       	7726      	-47.1
1496      	17:25:08  	391.4 	-21.4 	6     	61.0     	227   	44.3       	41.9       	7732      	-47.2
1498      	17:25:10  	391.2 	-21.5 	6     	60.9     	226   	44.1       	42.0       	7737      	-47.3
1500      	17:25:12  	390.9 	-21.5 	6     	60.9     	226   	44.0       	42.1       	7742      	-47.4
1502      	17:25:14  	390.6 	-21.6 	6     	60.8     	226   	43.9       	42.1       	7747      	-47.5
1504      	17:25:16  	390.3 	-21.6 	6     	60.8     	226   	43.9       	42.1       	7752      	-47.6
1506      	17:25:18  	390.1 	-21.6 	6     	60.8     	226   	43.8       	42.2       	7758      	-47.7
1508      	17:25:20  	389.8 	-21.7 	6     	60.7     	226   	43.7       	42.2       	7763      	-47.8
1510      	17:25:22  	389.5 	-21.7 	6     	60.7     	226   	43.7       	42.2       	7769      	-47.8
1512      	17:25:24  	389.1 	-21.8 	6     	60.7     	226   	43.6       	42.2       	7775      	-47.9
1514      	17:25:26  	388.8 	-21.8 	6     	60.6     	226   	43.6       	42.1       	7781      	-47.9
1516      	17:25:28  	388.5 	-21.9 	6     	60.7     	226   	43.7       	42.1       	7787      	-47.9
1518      	17:25:30  	388.2 	-21.9 	6     	60.6     	226   	43.7       	42.0       	7793      	-47.9
1520      	17:25:32  	387.9 	-22.0 	6     	60.6     	226   	43.8       	41.9       	7799      	-47.9
1522      	17:25:34  	387.6 	-22.0 	6     	60.6     	226   	43.9       	41.8       	7805      	-47.9
1524      	17:25:36  	387.3 	-22.1 	6     	60.5     	226   	43.9       	41.7       	7811      	-47.8
1526      	17:25:38  	386.9 	-22.1 	6     	60.5     	227   	44.0       	41.5       	7817      	-47.8
1528      	17:25:40  	386.6 	-22.2 	6     	60.5     	227   	44.1       	41.4       	7823      	-47.8
1530      	17:25:42  	386.3 	-22.2 	6     	60.6     	227   	44.2       	41.4       	7830      	-47.7
1532      	17:25:44  	385.9 	-22.2 	6     	60.6     	227   	44.4       	41.3       	7836      	-47.7
1534      	17:25:46  	385.6 	-22.3 	6     	60.7     	227   	44.6       	41.2       	7843      	-47.6
1536      	17:25:48  	385.2 	-22.3 	6     	60.9     	227   	44.8       	41.2       	7849      	-47.6
1538      	17:25:50  	384.9 	-22.4 	6     	60.9     	227   	44.9       	41.2       	7855      	-47.7
1540      	17:25:52  	384.6 	-22.5 	6     	61.0     	228   	45.0       	41.2       	7862      	-47.7
1542      	17:25:54  	384.2 	-22.5 	6     	61.2     	228   	45.1       	41.3       	7868      	-47.8
1544      	17:25:56  	383.9 	-22.6 	6     	61.2     	228   	45.2       	41.3       	7875      	-47.8
1546      	17:25:58  	383.6 	-22.6 	6     	61.4     	228   	45.4       	41.4       	7881      	-47.8
1548      	17:26:00  	383.2 	-22.7 	6     	61.7     	228   	45.6       	41.5       	7888      	-47.9
1550      	17:26:02  	382.9 	-22.8 	6     	61.8     	228   	45.7       	41.6       	7894      	-47.9
1552      	17:26:04  	382.5 	-22.8 	6     	61.9     	228   	45.8       	41.7       	7901      	-48.0
1554      	17:26:06  	382.2 	-22.9 	6     	62.0     	228   	45.8       	41.8       	7908      	-48.0
1556      	17:26:08  	381.8 	-23.0 	6     	62.1     	228   	45.9       	41.9       	7915      	-48.0
1558      	17:26:10  	381.4 	-23.0 	7     	62.2     	228   	46.0       	41.9       	7922      	-48.0
1560      	17:26:12  	381.1 	-23.1 	7     	62.2     	228   	46.0       	41.9       	7929      	-48.0
1562      	17:26:14  	380.7 	-23.1 	7     	62.3     	228   	46.1       	41.9       	7935      	-48.0
1564      	17:26:16  	380.4 	-23.2 	7     	62.4     	228   	46.2       	41.9       	7942      	-48.0
1566      	17:26:18  	380.0 	-23.2 	7     	62.3     	228   	46.2       	41.8       	7949      	-48.0
1568      	17:26:20  	379.6 	-23.3 	7     	62.2     	228   	46.2       	41.7       	7956      	-47.9
1570      	17:26:22  	379.2 	-23.3 	7     	62.2     	228   	46.2       	41.6       	7964      	-47.9
1572      	17:26:24  	378.9 	-23.4 	7     	62.0     	228   	46.2       	41.4       	7972      	-47.8
1574      	17:26:26  	378.5 	-23.5 	7     	62.0     	228   	46.2       	41.3       	7979      	-47.8
1576      	17:26:28  	378.1 	-23.5 	7     	61.9     	228   	46.3       	41.1       	7987      	-47.8
1578      	17:26:30  	377.7 	-23.6 	7     	61.8     	228   	46.3       	41.0       	7995      	-47.9
1580      	17:26:32  	377.2 	-23.7 	7     	61.8     	228   	46.3       	41.0       	8003      	-47.9
1582      	17:26:34  	376.8 	-23.7 	7     	61.9     	229   	46.4       	40.9       	8011      	-47.9
1584      	17:26:36  	376.4 	-23.8 	7     	61.9     	229   	46.5       	40.8       	8019      	-48.0
1586      	17:26:38  	375.9 	-23.9 	7     	61.9     	229   	46.6       	40.8       	8028      	-48.0
1588      	17:26:40  	375.5 	-23.9 	7     	61.9     	229   	46.7       	40.7       	8036      	-48.1
1590      	17:26:42  	375.1 	-24.0 	7     	62.0     	229   	46.8       	40.7       	8045      	-48.1
1592      	17:26:44  	374.7 	-24.1 	7     	62.0     	229   	46.8       	40.7       	8053      	-48.1
1594      	17:26:46  	374.2 	-24.1 	7     	62.2     	229   	46.9       	40.8       	8061      	-48.1
1596      	17:26:48  	373.8 	-24.2 	7     	62.2     	229   	47.0       	40.7       	8069      	-48.1
1598      	17:26:50  	373.4 	-24.3 	7     	62.2     	229   	47.1       	40.7       	8078      	-48.1
1600      	17:26:52  	372.9 	-24.3 	7     	62.3     	229   	47.2       	40.7       	8087      	-48.1
1602      	17:26:54  	372.4 	-24.4 	7     	62.4     	229   	47.3       	40.7       	8096      	-48.1
1604      	17:26:56  	372.0 	-24.4 	8     	62.5     	229   	47.4       	40.7       	8105      	-47.9
1606      	17:26:58  	371.5 	-24.5 	8     	62.4     	229   	47.4       	40.6       	8114      	-47.5
1608      	17:27:00  	371.0 	-24.6 	9     	62.3     	229   	47.4       	40.5       	8123      	-46.9
1610      	17:27:02  	370.6 	-24.6 	9     	62.1     	230   	47.3       	40.2       	8133      	-46.4
1612      	17:27:04  	370.1 	-24.7 	10    	61.9     	230   	47.2       	40.0       	8142      	-45.9
1614      	17:27:06  	369.6 	-24.7 	11    	61.5     	230   	47.0       	39.7       	8151      	-45.4
1616      	17:27:08  	369.1 	-24.8 	11    	61.3     	230   	46.9       	39.5       	8161      	-44.8
1618      	17:27:10  	368.7 	-24.8 	12    	61.0     	230   	46.7       	39.2       	8171      	-44.4
1620      	17:27:12  	368.2 	-24.9 	12    	60.7     	230   	46.5       	39.0       	8180      	-44.1
1622      	17:27:14  	367.7 	-25.0 	13    	60.4     	230   	46.4       	38.6       	8189      	-44.0
1624      	17:27:16  	367.2 	-25.0 	13    	59.9     	230   	46.2       	38.2       	8199      	-44.0
1626      	17:27:18  	366.7 	-25.1 	13    	59.6     	231   	46.1       	37.8       	8209      	-43.9
1628      	17:27:20  	366.2 	-25.2 	13    	59.3     	231   	46.0       	37.5       	8218      	-43.9
1630      	17:27:22  	365.7 	-25.3 	13    	59.2     	231   	46.0       	37.3       	8228      	-44.0
1632      	17:27:24  	365.2 	-25.4 	13    	59.1     	231   	46.0       	37.1       	8239      	-44.1
1634      	17:27:26  	364.7 	-25.4 	13    	59.0     	231   	46.0       	36.9       	8249      	-44.2
1636      	17:27:28  	364.2 	-25.5 	13    	58.9     	232   	46.1       	36.6       	8260      	-44.3
1638      	17:27:30  	363.6 	-25.6 	13    	58.7     	232   	46.1       	36.4       	8270      	-44.4
1640      	17:27:32  	363.1 	-25.7 	13    	58.6     	232   	46.1       	36.1       	8281      	-44.6
1642      	17:27:34  	362.5 	-25.8 	13    	58.5     	232   	46.1       	36.0       	8292      	-44.7
1644      	17:27:36  	362.0 	-25.9 	13    	58.4     	232   	46.1       	35.9       	8302      	-44.7
1646      	17:27:38  	361.5 	-26.0 	13    	58.4     	232   	46.2       	35.8       	8313      	-44.7
1648      	17:27:40  	360.9 	-26.1 	13    	58.4     	232   	46.2       	35.7       	8324      	-44.7
1650      	17:27:42  	360.4 	-26.2 	13    	58.4     	232   	46.3       	35.6       	8335      	-44.6
1652      	17:27:44  	359.8 	-26.3 	14    	58.3     	233   	46.3       	35.5       	8346      	-44.5
1654      	17:27:46  	359.3 	-26.4 	14    	58.4     	233   	46.4       	35.4       	8357      	-44.3
1656      	17:27:48  	358.8 	-26.5 	15    	58.4     	233   	46.4       	35.4       	8367      	-44.2
1658      	17:27:50  	358.2 	-26.6 	15    	58.4     	233   	46.5       	35.4       	8378      	-44.1
1660      	17:27:52  	357.7 	-26.7 	15    	58.4     	233   	46.5       	35.4       	8390      	-44.0
1662      	17:27:54  	357.1 	-26.8 	16    	58.5     	233   	46.6       	35.4       	8401      	-43.9
1664      	17:27:56  	356.5 	-26.9 	16    	58.7     	233   	46.7       	35.5       	8413      	-43.8
1666      	17:27:58  	355.9 	-27.0 	16    	58.8     	233   	46.9       	35.5       	8424      	-43.7
1668      	17:28:00  	355.4 	-27.1 	16    	58.9     	233   	46.9       	35.6       	8436      	-43.6
1670      	17:28:02  	354.8 	-27.2 	17    	59.0     	233   	47.0       	35.7       	8448      	-43.7
1672      	17:28:04  	354.2 	-27.3 	17    	59.1     	233   	47.1       	35.7       	8460      	-43.8
1674      	17:28:06  	353.6 	-27.4 	16    	59.3     	233   	47.2       	35.9       	8472      	-43.9
1676      	17:28:08  	353.0 	-27.5 	16    	59.6     	233   	47.4       	36.1       	8483      	-44.1
1678      	17:28:10  	352.5 	-27.5 	16    	59.7     	233   	47.5       	36.2       	8495      	-44.3
1680      	17:28:12  	351.9 	-27.6 	16    	60.0     	233   	47.7       	36.4       	8507      	-44.5
1682      	17:28:14  	351.3 	-27.7 	16    	60.1     	233   	47.8       	36.5       	8519      	-44.7
1684      	17:28:16  	350.7 	-27.8 	15    	60.3     	233   	47.9       	36.6       	8531      	-44.9
1686      	17:28:18  	350.1 	-27.9 	15    	60.5     	233   	48.1       	36.7       	8543      	-45.0
1688      	17:28:20  	349.5 	-28.0 	15    	60.7     	233   	48.3       	36.8       	8556      	-45.0
1690      	17:28:22  	348.9 	-28.1 	16    	60.9     	233   	48.5       	36.9       	8568      	-45.0
1692      	17:28:24  	348.3 	-28.2 	16    	61.2     	233   	48.8       	37.0       	8581      	-45.0
1694      	17:28:26  	347.7 	-28.3 	16    	61.3     	233   	48.9       	37.0       	8593      	-45.1
1696      	17:28:28  	347.1 	-28.4 	16    	61.5     	233   	49.1       	37.1       	8605      	-45.1
1698      	17:28:30  	346.5 	-28.6 	16    	61.6     	233   	49.2       	37.1       	8618      	-45.1
1700      	17:28:32  	345.9 	-28.7 	16    	61.7     	233   	49.4       	37.0       	8630      	-45.1
1702      	17:28:34  	345.3 	-28.8 	16    	61.9     	233   	49.6       	37.0       	8643      	-45.2
1704      	17:28:36  	344.7 	-28.9 	16    	62.0     	233   	49.8       	37.0       	8656      	-45.4
1706      	17:28:38  	344.0 	-29.0 	16    	62.1     	234   	50.0       	36.9       	8669      	-45.5
1708      	17:28:40  	343.4 	-29.1 	16    	62.2     	234   	50.1       	36.9       	8681      	-45.7
1710      	17:28:42  	342.8 	-29.2 	16    	62.2     	234   	50.1       	36.8       	8694      	-45.9
1712      	17:28:44  	342.2 	-29.3 	15    	62.1     	234   	50.1       	36.7       	8707      	-46.2
1714      	17:28:46  	341.6 	-29.3 	15    	62.0     	234   	50.1       	36.6       	8720      	-46.6
1716      	17:28:48  	341.0 	-29.4 	14    	62.0     	234   	50.1       	36.6       	8732      	-46.9
1718      	17:28:50  	340.4 	-29.5 	14    	61.9     	234   	50.0       	36.5       	8745      	-47.3
1720      	17:28:52  	339.8 	-29.6 	13    	61.8     	234   	49.9       	36.5       	8758      	-47.7
1722      	17:28:54  	339.2 	-29.6 	13    	61.7     	234   	49.8       	36.4       	8770      	-48.0
1724      	17:28:56  	338.6 	-29.7 	12    	61.6     	234   	49.7       	36.4       	8782      	-48.4
1726      	17:28:58  	338.0 	-29.8 	12    	61.7     	234   	49.7       	36.5       	8795      	-48.7
1728      	17:29:00  	337.4 	-29.9 	11    	61.8     	234   	49.7       	36.7       	8808      	-49.1
1730      	17:29:02  	336.8 	-29.9 	11    	61.8     	233   	49.7       	36.8       	8820      	-49.4
1732      	17:29:04  	336.2 	-30.0 	11    	62.0     	233   	49.8       	36.9       	8833      	-49.8
1734      	17:29:06  	335.6 	-30.1 	10    	62.2     	233   	49.9       	37.1       	8846      	-50.2
1736      	17:29:08  	335.0 	-30.1 	10    	62.3     	233   	50.0       	37.2       	8858      	-50.7
1738      	17:29:10  	334.4 	-30.2 	9     	62.7     	233   	50.2       	37.5       	8871      	-51.2
1740      	17:29:12  	333.8 	-30.3 	9     	63.2     	233   	50.6       	37.8       	8884      	-51.6
1742      	17:29:14  	333.2 	-30.4 	8     	63.6     	233   	50.9       	38.2       	8897      	-51.9
1744      	17:29:16  	332.5 	-30.4 	8     	64.1     	233   	51.2       	38.5       	8911      	-52.2
1746      	17:29:18  	331.9 	-30.5 	8     	64.3     	233   	51.4       	38.7       	8924      	-52.5
1748      	17:29:20  	331.3 	-30.6 	8     	64.6     	233   	51.6       	38.9       	8938      	-52.6
1750      	17:29:22  	330.7 	-30.6 	8     	64.9     	233   	51.8       	39.1       	8951      	-52.8
1752      	17:29:24  	330.1 	-30.7 	8     	65.5     	233   	52.2       	39.5       	8964      	-53.0
1754      	17:29:26  	329.5 	-30.8 	7     	66.0     	233   	52.6       	39.8       	8977      	-53.3
1756      	17:29:28  	328.8 	-30.9 	7     	66.5     	233   	53.0       	40.2       	8990      	-53.6
1758      	17:29:30  	328.2 	-31.0 	7     	66.9     	233   	53.2       	40.5       	9004      	-53.9
1760      	17:29:32  	327.6 	-31.1 	7     	67.1     	233   	53.4       	40.6       	9017      	-54.1
1762      	17:29:34  	327.0 	-31.2 	7     	67.4     	233   	53.6       	40.8       	9030      	-54.3
1764      	17:29:36  	326.4 	-31.3 	7     	67.7     	233   	53.8       	41.1       	9044      	-54.5
1766      	17:29:38  	325.8 	-31.3 	7     	68.0     	233   	54.0       	41.4       	9057      	-54.6
1768      	17:29:40  	325.1 	-31.4 	7     	68.4     	232   	54.2       	41.7       	9071      	-54.7
1770      	17:29:42  	324.5 	-31.5 	7     	68.7     	232   	54.4       	42.0       	9084      	-54.8
1772      	17:29:44  	323.9 	-31.6 	7     	68.8     	232   	54.4       	42.2       	9097      	-54.9
1774      	17:29:46  	323.3 	-31.7 	7     	68.9     	232   	54.4       	42.3       	9110      	-55.0
1776      	17:29:48  	322.7 	-31.8 	7     	69.1     	232   	54.5       	42.5       	9123      	-55.1
1778      	17:29:50  	322.1 	-31.9 	7     	69.5     	232   	54.7       	42.8       	9136      	-55.2
1780      	17:29:52  	321.6 	-32.0 	6     	69.7     	232   	54.8       	43.0       	9149      	-55.3
1782      	17:29:54  	321.0 	-32.1 	6     	69.9     	232   	54.9       	43.2       	9162      	-55.4
1784      	17:29:56  	320.4 	-32.2 	6     	70.1     	232   	55.1       	43.4       	9175      	-55.5
1786      	17:29:58  	319.8 	-32.3 	6     	70.3     	232   	55.2       	43.5       	9188      	-55.6
1788      	17:30:00  	319.2 	-32.4 	6     	70.4     	232   	55.3       	43.6       	9202      	-55.7
1790      	17:30:02  	318.6 	-32.5 	7     	70.6     	232   	55.5       	43.7       	9215      	-55.7
1792      	17:30:04  	318.0 	-32.6 	7     	70.9     	232   	55.7       	43.8       	9228      	-55.8
1794      	17:30:06  	317.4 	-32.7 	7     	71.2     	232   	56.0       	44.0       	9240      	-55.9
1796      	17:30:08  	316.8 	-32.8 	7     	71.4     	232   	56.1       	44.1       	9253      	-56.0
1798      	17:30:10  	316.3 	-32.9 	7     	71.4     	232   	56.2       	44.1       	9266      	-56.0
1800      	17:30:12  	315.7 	-33.0 	7     	71.6     	232   	56.3       	44.2       	9278      	-56.1
1802      	17:30:14  	315.1 	-33.1 	7     	71.8     	232   	56.5       	44.3       	9291      	-56.2
1804      	17:30:16  	314.5 	-33.2 	7     	72.1     	232   	56.7       	44.5       	9304      	-56.3
1806      	17:30:18  	314.0 	-33.3 	6     	72.3     	232   	56.9       	44.6       	9317      	-56.4
1808      	17:30:20  	313.4 	-33.4 	6     	72.7     	232   	57.2       	44.8       	9329      	-56.6
1810      	17:30:22  	312.8 	-33.5 	6     	72.8     	232   	57.3       	44.9       	9343      	-56.7
1812      	17:30:24  	312.2 	-33.6 	6     	73.0     	232   	57.4       	45.1       	9356      	-56.9
1814      	17:30:26  	311.6 	-33.6 	6     	73.2     	232   	57.6       	45.2       	9369      	-57.0
1816      	17:30:28  	311.1 	-33.7 	6     	73.7     	232   	58.0       	45.5       	9382      	-57.2
1818      	17:30:30  	310.5 	-33.8 	6     	74.2     	232   	58.4       	45.7       	9395      	-57.3
1820      	17:30:32  	309.9 	-33.8 	6     	74.7     	232   	58.8       	46.0       	9408      	-57.5
1822      	17:30:34  	309.3 	-33.9 	6     	75.1     	232   	59.2       	46.2       	9421      	-57.6
1824      	17:30:36  	308.8 	-34.0 	6     	75.4     	232   	59.5       	46.3       	9434      	-57.6
1826      	17:30:38  	308.2 	-34.0 	6     	75.8     	232   	59.8       	46.5       	9447      	-57.5
1828      	17:30:40  	307.6 	-34.1 	6     	76.1     	232   	60.1       	46.7       	9460      	-57.5
1830      	17:30:42  	307.1 	-34.2 	6     	76.6     	232   	60.5       	47.0       	9473      	-57.4
1832      	17:30:44  	306.5 	-34.2 	6     	77.1     	232   	60.9       	47.3       	9485      	-57.3
1834      	17:30:46  	306.0 	-34.3 	7     	77.6     	232   	61.3       	47.6       	9497      	-57.1
1836      	17:30:48  	305.5 	-34.4 	7     	77.8     	232   	61.4       	47.8       	9509      	-56.9
1838      	17:30:50  	304.9 	-34.5 	7     	78.0     	232   	61.5       	48.0       	9522      	-56.7
1840      	17:30:52  	304.4 	-34.5 	7     	78.2     	232   	61.6       	48.2       	9534      	-56.6
1842      	17:30:54  	303.8 	-34.6 	7     	78.5     	232   	61.7       	48.5       	9547      	-56.4
1844      	17:30:56  	303.3 	-34.7 	8     	78.8     	232   	61.8       	48.9       	9559      	-56.3
1846      	17:30:58  	302.8 	-34.7 	8     	79.1     	231   	61.9       	49.3       	9572      	-56.3
1848      	17:31:00  	302.2 	-34.8 	8     	79.3     	231   	61.9       	49.6       	9584      	-56.3
1850      	17:31:02  	301.7 	-34.9 	8     	79.4     	231   	61.9       	49.8       	9596      	-56.4
1852      	17:31:04  	301.2 	-34.9 	8     	79.6     	231   	61.9       	50.0       	9608      	-56.5
1854      	17:31:06  	300.7 	-35.0 	8     	79.6     	231   	61.8       	50.2       	9620      	-56.6
1856      	17:31:08  	300.1 	-35.1 	7     	79.9     	231   	61.8       	50.6       	9632      	-56.8
1858      	17:31:10  	299.6 	-35.2 	7     	80.0     	230   	61.7       	50.9       	9644      	-57.0
1860      	17:31:12  	299.1 	-35.2 	7     	80.2     	230   	61.7       	51.2       	9656      	-57.1
1862      	17:31:14  	298.6 	-35.3 	7     	80.3     	230   	61.7       	51.4       	9668      	-57.1
1864      	17:31:16  	298.1 	-35.4 	7     	80.4     	230   	61.7       	51.5       	9679      	-57.2
1866      	17:31:18  	297.6 	-35.5 	7     	80.4     	230   	61.7       	51.6       	9692      	-57.1
1868      	17:31:20  	297.1 	-35.6 	8     	80.5     	230   	61.6       	51.8       	9704      	-57.1
1870      	17:31:22  	296.6 	-35.7 	8     	80.5     	230   	61.6       	51.9       	9716      	-57.1
1872      	17:31:24  	296.0 	-35.8 	8     	80.6     	230   	61.6       	52.0       	9728      	-57.1
1874      	17:31:26  	295.5 	-35.9 	8     	80.7     	230   	61.6       	52.1       	9740      	-57.0
1876      	17:31:28  	295.1 	-36.0 	8     	80.7     	230   	61.6       	52.1       	9751      	-56.9
1878      	17:31:30  	294.6 	-36.1 	8     	80.7     	230   	61.6       	52.1       	9762      	-56.9
1880      	17:31:32  	294.1 	-36.2 	8     	80.7     	230   	61.6       	52.1       	9773      	-56.8
1882      	17:31:34  	293.6 	-36.3 	9     	80.7     	230   	61.6       	52.1       	9784      	-56.8
1884      	17:31:36  	293.2 	-36.4 	9     	80.7     	230   	61.5       	52.2       	9795      	-56.7
1886      	17:31:38  	292.7 	-36.5 	9     	80.7     	230   	61.5       	52.2       	9806      	-56.6
1888      	17:31:40  	292.3 	-36.6 	9     	80.7     	230   	61.5       	52.2       	9816      	-56.4
1890      	17:31:42  	291.8 	-36.7 	10    	80.6     	230   	61.5       	52.1       	9827      	-56.2
1892      	17:31:44  	291.4 	-36.8 	10    	80.6     	230   	61.5       	52.1       	9837      	-56.1
1894      	17:31:46  	291.0 	-36.9 	10    	80.7     	230   	61.5       	52.2       	9848      	-56.0
1896      	17:31:48  	290.5 	-37.0 	11    	80.7     	230   	61.4       	52.3       	9858      	-55.8
1898      	17:31:50  	290.1 	-37.1 	11    	80.7     	230   	61.4       	52.4       	9868      	-55.6
1900      	17:31:52  	289.7 	-37.3 	11    	80.8     	229   	61.4       	52.5       	9879      	-55.5
1902      	17:31:54  	289.2 	-37.3 	12    	80.8     	229   	61.4       	52.6       	9889      	-55.4
1904      	17:31:56  	288.8 	-37.4 	12    	80.9     	229   	61.4       	52.7       	9899      	-55.3
1906      	17:31:58  	288.4 	-37.5 	12    	81.0     	229   	61.4       	52.8       	9909      	-55.3
1908      	17:32:00  	288.0 	-37.6 	12    	81.0     	229   	61.4       	52.9       	9918      	-55.2
1910      	17:32:02  	287.6 	-37.7 	13    	81.1     	229   	61.4       	53.0       	9928      	-55.1
1912      	17:32:04  	287.2 	-37.8 	13    	81.2     	229   	61.4       	53.1       	9938      	-55.0
1914      	17:32:06  	286.8 	-37.9 	13    	81.2     	229   	61.4       	53.2       	9948      	-55.0
1916      	17:32:08  	286.4 	-38.0 	13    	81.3     	229   	61.5       	53.2       	9958      	-55.0
1918      	17:32:10  	285.9 	-38.1 	13    	81.3     	229   	61.5       	53.2       	9967      	-54.9
1920      	17:32:12  	285.5 	-38.2 	14    	81.3     	229   	61.5       	53.2       	9977      	-54.8
1922      	17:32:14  	285.1 	-38.2 	14    	81.4     	229   	61.5       	53.3       	9987      	-54.8
1924      	17:32:16  	284.8 	-38.3 	14    	81.4     	229   	61.5       	53.3       	9996      	-54.8
1926      	17:32:18  	284.4 	-38.4 	14    	81.4     	229   	61.4       	53.4       	10006     	-54.7
1928      	17:32:20  	284.0 	-38.5 	14    	81.4     	229   	61.4       	53.4       	10015     	-54.6
1930      	17:32:22  	283.6 	-38.6 	15    	81.4     	229   	61.4       	53.5       	10024     	-54.4
1932      	17:32:24  	283.2 	-38.6 	16    	81.5     	229   	61.4       	53.6       	10033     	-54.1
1934      	17:32:26  	282.9 	-38.7 	16    	81.4     	229   	61.3       	53.6       	10042     	-53.8
1936      	17:32:28  	282.5 	-38.8 	17    	81.5     	229   	61.3       	53.7       	10051     	-53.6
1938      	17:32:30  	282.2 	-38.9 	18    	81.6     	229   	61.3       	53.8       	10059     	-53.2
1940      	17:32:32  	281.8 	-38.9 	19    	81.6     	229   	61.3       	53.8       	10068     	-52.9
1942      	17:32:34  	281.4 	-39.0 	20    	81.6     	229   	61.3       	53.8       	10077     	-52.5
1944      	17:32:36  	281.1 	-39.1 	21    	81.6     	229   	61.4       	53.8       	10085     	-52.2
1946      	17:32:38  	280.7 	-39.1 	22    	81.7     	229   	61.5       	53.8       	10094     	-52.0
1948      	17:32:40  	280.4 	-39.2 	22    	81.8     	229   	61.6       	53.8       	10102     	-51.8
1950      	17:32:42  	280.1 	-39.3 	23    	81.9     	229   	61.7       	53.8       	10110     	-51.7
1952      	17:32:44  	279.7 	-39.4 	24    	81.9     	229   	61.8       	53.7       	10118     	-51.5
1954      	17:32:46  	279.4 	-39.4 	24    	81.9     	229   	61.9       	53.7       	10127     	-51.4
1956      	17:32:48  	279.1 	-39.5 	24    	82.1     	229   	62.1       	53.7       	10135     	-51.4
1958      	17:32:50  	278.7 	-39.5 	24    	82.1     	229   	62.1       	53.7       	10143     	-51.4
1960      	17:32:52  	278.4 	-39.6 	24    	82.2     	229   	62.1       	53.8       	10151     	-51.5
1962      	17:32:54  	278.1 	-39.7 	24    	82.3     	229   	62.2       	53.9       	10159     	-51.6
1964      	17:32:56  	277.8 	-39.7 	24    	82.3     	229   	62.1       	54.0       	10166     	-51.7
1966      	17:32:58  	277.5 	-39.8 	24    	82.4     	229   	62.1       	54.1       	10174     	-51.9
1968      	17:33:00  	277.1 	-39.9 	23    	82.4     	229   	62.0       	54.2       	10182     	-52.0
1970      	17:33:02  	276.8 	-39.9 	23    	82.3     	229   	61.9       	54.3       	10190     	-52.2
1972      	17:33:04  	276.5 	-40.0 	23    	82.3     	229   	61.7       	54.5       	10198     	-52.3
1974      	17:33:06  	276.2 	-40.1 	23    	82.4     	228   	61.6       	54.7       	10205     	-52.3
1976      	17:33:08  	275.9 	-40.1 	23    	82.4     	228   	61.4       	54.9       	10213     	-52.3
1978      	17:33:10  	275.6 	-40.2 	24    	82.4     	228   	61.4       	55.0       	10221     	-52.3
1980      	17:33:12  	275.3 	-40.3 	24    	82.4     	228   	61.3       	55.1       	10228     	-52.3
1982      	17:33:14  	275.0 	-40.3 	24    	82.4     	228   	61.2       	55.2       	10236     	-52.3
1984      	17:33:16  	274.7 	-40.4 	24    	82.6     	228   	61.3       	55.3       	10243     	-52.2
1986      	17:33:18  	274.4 	-40.5 	25    	82.6     	228   	61.3       	55.3       	10250     	-52.2
1988      	17:33:20  	274.1 	-40.5 	25    	82.6     	228   	61.3       	55.4       	10257     	-52.2
1990      	17:33:22  	273.9 	-40.6 	25    	82.6     	228   	61.3       	55.4       	10263     	-52.2
1992      	17:33:24  	273.6 	-40.7 	25    	82.7     	228   	61.4       	55.4       	10270     	-52.3
1994      	17:33:26  	273.3 	-40.8 	25    	82.8     	228   	61.5       	55.4       	10276     	-52.2
1996      	17:33:28  	273.0 	-40.8 	26    	82.8     	228   	61.6       	55.3       	10283     	-52.2
1998      	17:33:30  	272.8 	-40.9 	26    	82.9     	228   	61.7       	55.3       	10290     	-52.2
2000      	17:33:32  	272.5 	-40.9 	26    	82.9     	228   	61.8       	55.3       	10297     	-52.2
2002      	17:33:34  	272.2 	-41.0 	26    	83.0     	228   	61.9       	55.3       	10304     	-52.3
2004      	17:33:36  	272.0 	-41.1 	26    	83.1     	228   	61.9       	55.4       	10310     	-52.3
2006      	17:33:38  	271.7 	-41.1 	26    	83.1     	228   	62.0       	55.4       	10317     	-52.3
2008      	17:33:40  	271.4 	-41.2 	26    	83.1     	228   	62.0       	55.4       	10324     	-52.3
2010      	17:33:42  	271.2 	-41.2 	26    	83.3     	228   	62.1       	55.5       	10330     	-52.3
2012      	17:33:44  	270.9 	-41.2 	26    	83.4     	228   	62.1       	55.6       	10337     	-52.3
2014      	17:33:46  	270.7 	-41.3 	26    	83.4     	228   	62.1       	55.7       	10343     	-52.4
2016      	17:33:48  	270.4 	-41.3 	26    	83.6     	228   	62.2       	55.8       	10349     	-52.4
2018      	17:33:50  	270.2 	-41.4 	27    	83.6     	228   	62.2       	55.8       	10355     	-52.4
2020      	17:33:52  	269.9 	-41.4 	27    	83.6     	228   	62.2       	55.8       	10361     	-52.4
2022      	17:33:54  	269.7 	-41.5 	27    	83.6     	228   	62.2       	55.9       	10367     	-52.5
2024      	17:33:56  	269.4 	-41.5 	27    	83.6     	228   	62.1       	56.0       	10374     	-52.5
2026      	17:33:58  	269.2 	-41.6 	27    	83.8     	228   	62.1       	56.2       	10380     	-52.5
2028      	17:34:00  	268.9 	-41.6 	27    	83.8     	228   	62.1       	56.3       	10386     	-52.5
2030      	17:34:02  	268.7 	-41.7 	27    	83.8     	228   	62.1       	56.3       	10392     	-52.5
2032      	17:34:04  	268.5 	-41.7 	27    	83.8     	228   	62.0       	56.4       	10398     	-52.5
2034      	17:34:06  	268.2 	-41.7 	27    	83.9     	228   	62.0       	56.5       	10404     	-52.5
2036      	17:34:08  	268.0 	-41.8 	27    	83.9     	228   	62.0       	56.5       	10410     	-52.6
2038      	17:34:10  	267.8 	-41.8 	27    	83.9     	228   	61.9       	56.6       	10416     	-52.6
2040      	17:34:12  	267.5 	-41.9 	27    	83.9     	228   	61.9       	56.7       	10421     	-52.6
2042      	17:34:14  	267.3 	-41.9 	27    	83.9     	228   	61.9       	56.7       	10427     	-52.6
2044      	17:34:16  	267.1 	-42.0 	28    	83.9     	228   	61.9       	56.7       	10433     	-52.7
2046      	17:34:18  	266.8 	-42.1 	28    	83.9     	228   	61.9       	56.7       	10439     	-52.7
2048      	17:34:20  	266.6 	-42.1 	28    	83.9     	228   	61.9       	56.7       	10446     	-52.7
2050      	17:34:22  	266.3 	-42.1 	28    	84.0     	228   	62.0       	56.7       	10452     	-52.7
2052      	17:34:24  	266.1 	-42.2 	28    	84.2     	228   	62.2       	56.7       	10458     	-52.8
2054      	17:34:26  	265.8 	-42.2 	28    	84.2     	228   	62.3       	56.7       	10465     	-52.8
2056      	17:34:28  	265.6 	-42.3 	28    	84.3     	228   	62.4       	56.7       	10471     	-52.9
2058      	17:34:30  	265.3 	-42.3 	27    	84.4     	228   	62.5       	56.7       	10477     	-53.1
2060      	17:34:32  	265.1 	-42.4 	27    	84.5     	228   	62.7       	56.7       	10483     	-53.2
2062      	17:34:34  	264.8 	-42.4 	26    	84.6     	228   	62.9       	56.6       	10490     	-53.4
2064      	17:34:36  	264.6 	-42.5 	26    	84.7     	228   	63.1       	56.5       	10496     	-53.5
2066      	17:34:38  	264.4 	-42.5 	26    	84.9     	228   	63.4       	56.4       	10503     	-53.7
2068      	17:34:40  	264.1 	-42.5 	25    	84.9     	228   	63.6       	56.3       	10509     	-53.8
2070      	17:34:42  	263.8 	-42.6 	25    	84.9     	229   	63.7       	56.2       	10515     	-54.0
2072      	17:34:44  	263.6 	-42.6 	25    	85.0     	229   	63.8       	56.1       	10522     	-54.1
2074      	17:34:46  	263.3 	-42.6 	24    	85.0     	229   	64.0       	56.0       	10528     	-54.2
2076      	17:34:48  	263.1 	-42.6 	24    	85.1     	229   	64.1       	55.9       	10535     	-54.2
2078      	17:34:50  	262.8 	-42.6 	24    	85.1     	229   	64.3       	55.8       	10541     	-54.3
2080      	17:34:52  	262.6 	-42.6 	24    	85.2     	229   	64.5       	55.7       	10547     	-54.3
2082      	17:34:54  	262.4 	-42.6 	24    	85.4     	229   	64.6       	55.8       	10553     	-54.4
2084      	17:34:56  	262.1 	-42.7 	24    	85.4     	229   	64.6       	55.8       	10560     	-54.5
2086      	17:34:58  	261.9 	-42.7 	23    	85.5     	229   	64.7       	55.9       	10566     	-54.6
2088      	17:35:00  	261.6 	-42.7 	23    	85.7     	229   	64.9       	56.0       	10573     	-54.8
2090      	17:35:02  	261.4 	-42.7 	22    	85.9     	229   	65.0       	56.1       	10579     	-55.1
2092      	17:35:04  	261.2 	-42.7 	21    	86.0     	229   	65.1       	56.2       	10585     	-55.4
2094      	17:35:06  	260.9 	-42.7 	20    	86.1     	229   	65.2       	56.3       	10591     	-55.8
2096      	17:35:08  	260.7 	-42.7 	19    	86.3     	229   	65.3       	56.4       	10596     	-56.3
2098      	17:35:10  	260.5 	-42.7 	18    	86.4     	229   	65.4       	56.5       	10602     	-56.6
2100      	17:35:12  	260.3 	-42.8 	18    	86.7     	229   	65.6       	56.7       	10608     	-56.9
2102      	17:35:14  	260.0 	-42.8 	17    	86.8     	229   	65.7       	56.8       	10614     	-57.1
2104      	17:35:16  	259.8 	-42.8 	17    	87.1     	229   	65.9       	57.0       	10620     	-57.3
2106      	17:35:18  	259.6 	-42.9 	16    	87.3     	229   	66.1       	57.1       	10626     	-57.5
2108      	17:35:20  	259.3 	-42.9 	16    	87.5     	229   	66.2       	57.2       	10632     	-57.6
2110      	17:35:22  	259.1 	-43.0 	16    	87.6     	229   	66.3       	57.3       	10639     	-57.6
2112      	17:35:24  	258.8 	-43.0 	16    	87.8     	229   	66.4       	57.4       	10645     	-57.6
2114      	17:35:26  	258.6 	-43.1 	16    	87.9     	229   	66.5       	57.5       	10651     	-57.6
2116      	17:35:28  	258.3 	-43.1 	17    	88.1     	229   	66.6       	57.6       	10657     	-57.6
2118      	17:35:30  	258.1 	-43.2 	17    	88.2     	229   	66.7       	57.7       	10664     	-57.7
2120      	17:35:32  	257.8 	-43.2 	17    	88.2     	229   	66.7       	57.7       	10671     	-57.7
2122      	17:35:34  	257.6 	-43.3 	16    	88.2     	229   	66.7       	57.7       	10677     	-57.8
2124      	17:35:36  	257.3 	-43.3 	16    	88.2     	229   	66.7       	57.7       	10684     	-57.8
2126      	17:35:38  	257.1 	-43.3 	17    	88.2     	229   	66.7       	57.7       	10690     	-57.8
2128      	17:35:40  	256.9 	-43.4 	17    	88.3     	229   	66.8       	57.8       	10696     	-57.8
2130      	17:35:42  	256.6 	-43.4 	17    	88.3     	229   	66.8       	57.8       	10702     	-57.8
2132      	17:35:44  	256.4 	-43.5 	17    	88.3     	229   	66.8       	57.8       	10708     	-57.8
2134      	17:35:46  	256.2 	-43.5 	17    	88.3     	229   	66.8       	57.8       	10714     	-57.8
2136      	17:35:48  	256.0 	-43.5 	17    	88.3     	229   	66.7       	57.8       	10720     	-57.8
2138      	17:35:50  	255.7 	-43.6 	17    	88.1     	229   	66.7       	57.6       	10726     	-57.8
2140      	17:35:52  	255.5 	-43.6 	17    	87.7     	229   	66.5       	57.2       	10732     	-57.8
2142      	17:35:54  	255.3 	-43.6 	17    	87.4     	229   	66.4       	56.9       	10738     	-57.9
2144      	17:35:56  	255.1 	-43.6 	17    	87.0     	230   	66.2       	56.5       	10744     	-58.0
2146      	17:35:58  	254.9 	-43.7 	17    	86.7     	230   	66.0       	56.2       	10749     	-58.1
2148      	17:36:00  	254.6 	-43.7 	17    	86.4     	230   	65.9       	55.8       	10755     	-58.1
2150      	17:36:02  	254.4 	-43.8 	17    	86.0     	230   	65.7       	55.5       	10760     	-58.1
2152      	17:36:04  	254.2 	-43.8 	17    	86.1     	230   	65.8       	55.5       	10766     	-58.1
2154      	17:36:06  	254.0 	-43.8 	17    	86.1     	230   	65.8       	55.5       	10771     	-58.2
2156      	17:36:08  	253.8 	-43.9 	17    	86.2     	230   	65.9       	55.5       	10777     	-58.2
2158      	17:36:10  	253.6 	-43.9 	17    	86.4     	230   	66.0       	55.7       	10782     	-58.2
2160      	17:36:12  	253.4 	-44.0 	17    	86.7     	230   	66.2       	56.0       	10787     	-58.2
2162      	17:36:14  	253.2 	-44.0 	17    	87.1     	230   	66.4       	56.4       	10792     	-58.2
2164      	17:36:16  	253.0 	-44.0 	17    	87.5     	230   	66.6       	56.7       	10798     	-58.2
2166      	17:36:18  	252.8 	-44.1 	17    	87.7     	230   	66.7       	56.9       	10803     	-58.2
2168      	17:36:20  	252.6 	-44.1 	17    	87.8     	230   	66.8       	57.0       	10809     	-58.2
2170      	17:36:22  	252.4 	-44.2 	17    	88.0     	230   	66.9       	57.1       	10814     	-58.2
2172      	17:36:24  	252.2 	-44.2 	17    	87.7     	230   	66.8       	56.9       	10820     	-58.2
2174      	17:36:26  	252.0 	-44.3 	17    	87.5     	230   	66.7       	56.7       	10825     	-58.2
2176      	17:36:28  	251.8 	-44.3 	17    	87.2     	230   	66.5       	56.4       	10831     	-58.2
2178      	17:36:30  	251.6 	-44.3 	18    	87.0     	230   	66.5       	56.1       	10836     	-58.2
2180      	17:36:32  	251.4 	-44.4 	18    	86.8     	230   	66.5       	55.8       	10841     	-58.2
2182      	17:36:34  	251.2 	-44.4 	18    	86.6     	230   	66.5       	55.5       	10846     	-58.2
2184      	17:36:36  	251.0 	-44.4 	18    	86.4     	230   	66.5       	55.2       	10850     	-58.2
2186      	17:36:38  	250.8 	-44.5 	18    	86.4     	230   	66.6       	55.1       	10855     	-58.1
2188      	17:36:40  	250.6 	-44.5 	18    	86.5     	230   	66.7       	55.0       	10861     	-58.1
2190      	17:36:42  	250.5 	-44.6 	19    	86.5     	231   	66.8       	54.9       	10866     	-58.0
2192      	17:36:44  	250.3 	-44.6 	19    	86.4     	231   	66.9       	54.7       	10871     	-57.9
2194      	17:36:46  	250.1 	-44.7 	19    	86.4     	231   	67.0       	54.6       	10876     	-57.8
2196      	17:36:48  	249.9 	-44.7 	20    	86.5     	231   	67.2       	54.4       	10881     	-57.6
2198      	17:36:50  	249.7 	-44.8 	20    	86.4     	231   	67.2       	54.3       	10886     	-57.5
2200      	17:36:52  	249.5 	-44.8 	21    	86.3     	231   	67.2       	54.2       	10892     	-57.4
2202      	17:36:54  	249.3 	-44.8 	21    	86.3     	231   	67.2       	54.1       	10897     	-57.4
2204      	17:36:56  	249.1 	-44.9 	21    	86.1     	231   	67.0       	54.0       	10902     	-57.3
2206      	17:36:58  	248.9 	-44.9 	21    	85.8     	231   	66.8       	53.8       	10908     	-57.2
2208      	17:37:00  	248.7 	-44.9 	22    	85.4     	231   	66.5       	53.6       	10913     	-57.2
2210      	17:37:02  	248.5 	-45.0 	21    	85.2     	231   	66.3       	53.5       	10919     	-57.3
2212      	17:37:04  	248.3 	-45.0 	21    	85.0     	231   	66.1       	53.5       	10925     	-57.6
2214      	17:37:06  	248.1 	-45.0 	20    	84.7     	231   	65.8       	53.4       	10930     	-57.8
2216      	17:37:08  	247.8 	-45.0 	20    	84.4     	231   	65.5       	53.3       	10936     	-58.1
2218      	17:37:10  	247.6 	-45.1 	19    	84.2     	231   	65.2       	53.2       	10941     	-58.3
2220      	17:37:12  	247.4 	-45.1 	18    	83.9     	231   	64.9       	53.1       	10947     	-58.6
2222      	17:37:14  	247.2 	-45.1 	18    	83.6     	231   	64.6       	53.1       	10952     	-58.8
2224      	17:37:16  	247.0 	-45.1 	17    	83.5     	231   	64.5       	53.0       	10958     	-59.0
2226      	17:37:18  	246.8 	-45.2 	17    	83.4     	231   	64.4       	53.0       	10963     	-59.0
2228      	17:37:20  	246.6 	-45.2 	18    	83.3     	231   	64.3       	52.9       	10968     	-59.0
2230      	17:37:22  	246.4 	-45.2 	18    	83.1     	231   	64.2       	52.8       	10974     	-58.9
2232      	17:37:24  	246.2 	-45.2 	18    	83.0     	231   	64.1       	52.7       	10979     	-58.9
2234      	17:37:26  	246.1 	-45.3 	18    	82.8     	231   	64.0       	52.6       	10984     	-58.8
2236      	17:37:28  	245.9 	-45.3 	19    	82.8     	231   	64.0       	52.6       	10989     	-58.7
2238      	17:37:30  	245.7 	-45.3 	19    	82.8     	231   	64.0       	52.5       	10995     	-58.6
2240      	17:37:32  	245.5 	-45.4 	19    	82.7     	231   	63.9       	52.5       	11000     	-58.5
2242      	17:37:34  	245.3 	-45.4 	19    	82.7     	231   	64.0       	52.4       	11005     	-58.4
2244      	17:37:36  	245.1 	-45.4 	20    	82.7     	231   	64.1       	52.3       	11011     	-58.3
2246      	17:37:38  	244.8 	-45.5 	20    	82.7     	231   	64.2       	52.2       	11017     	-58.2
2248      	17:37:40  	244.6 	-45.5 	20    	82.8     	231   	64.4       	52.1       	11023     	-58.2
2250      	17:37:42  	244.4 	-45.5 	20    	82.9     	231   	64.5       	52.1       	11029     	-58.1
2252      	17:37:44  	244.2 	-45.5 	21    	83.1     	231   	64.7       	52.1       	11034     	-58.1
2254      	17:37:46  	244.0 	-45.7 	21    	83.1     	231   	64.8       	52.1       	11040     	-58.2
2256      	17:37:48  	243.8 	-45.9 	21    	83.3     	231   	65.0       	52.1       	11046     	-58.4
2258      	17:37:50  	243.6 	-46.0 	21    	83.3     	231   	65.1       	52.0       	11052     	-58.4
2260      	17:37:52  	243.4 	-46.0 	21    	83.5     	231   	65.3       	52.0       	11057     	-58.4
2262      	17:37:54  	243.1 	-46.0 	21    	83.5     	231   	65.3       	52.0       	11063     	-58.4
2264      	17:37:56  	242.9 	-46.1 	21    	83.5     	231   	65.3       	52.0       	11069     	-58.4
2266      	17:37:58  	242.7 	-46.1 	21    	83.5     	231   	65.3       	52.0       	11075     	-58.4
2268      	17:38:00  	242.5 	-46.1 	21    	83.3     	231   	65.1       	52.0       	11081     	-58.4
2270      	17:38:02  	242.3 	-46.1 	21    	83.2     	231   	64.9       	52.1       	11087     	-58.4
2272      	17:38:04  	242.0 	-46.2 	21    	83.0     	231   	64.6       	52.1       	11094     	-58.5
2274      	17:38:06  	241.8 	-46.2 	21    	82.8     	231   	64.3       	52.2       	11100     	-58.5
2276      	17:38:08  	241.6 	-46.2 	21    	82.7     	231   	64.1       	52.2       	11106     	-58.5
2278      	17:38:10  	241.3 	-46.3 	21    	82.4     	231   	63.8       	52.2       	11114     	-58.6
2280      	17:38:12  	241.1 	-46.3 	21    	82.3     	230   	63.5       	52.4       	11121     	-58.6
2282      	17:38:14  	240.8 	-46.4 	21    	82.2     	230   	63.2       	52.5       	11128     	-58.7
2284      	17:38:16  	240.5 	-46.4 	21    	82.1     	230   	62.9       	52.7       	11135     	-58.7
2286      	17:38:18  	240.3 	-46.1 	21    	82.0     	230   	62.6       	52.9       	11142     	-58.4
2288      	17:38:20  	240.0 	-46.2 	21    	81.9     	230   	62.5       	53.0       	11150     	-58.5
2290      	17:38:22  	239.7 	-46.2 	21    	81.9     	230   	62.4       	53.1       	11157     	-58.5
2292      	17:38:24  	239.5 	-46.3 	21    	81.9     	230   	62.3       	53.2       	11164     	-58.6
2294      	17:38:26  	239.2 	-46.3 	21    	82.1     	229   	62.3       	53.4       	11172     	-58.6
2296      	17:38:28  	238.9 	-46.4 	21    	82.1     	229   	62.2       	53.6       	11179     	-58.6
2298      	17:38:30  	238.7 	-46.5 	21    	82.2     	229   	62.2       	53.7       	11187     	-58.7
2300      	17:38:32  	238.4 	-46.5 	21    	82.2     	229   	62.1       	53.8       	11195     	-58.8
2302      	17:38:34  	238.1 	-46.6 	21    	82.2     	229   	62.2       	53.8       	11203     	-59.0
2304      	17:38:36  	237.8 	-46.7 	21    	82.3     	229   	62.2       	53.9       	11211     	-59.1
2306      	17:38:38  	237.5 	-46.8 	20    	82.3     	229   	62.2       	53.9       	11220     	-59.2
2308      	17:38:40  	237.2 	-46.8 	20    	82.4     	229   	62.1       	54.1       	11228     	-59.4
2310      	17:38:42  	236.9 	-46.9 	20    	82.4     	229   	62.0       	54.2       	11237     	-59.5
2312      	17:38:44  	236.6 	-47.0 	20    	82.4     	229   	62.0       	54.3       	11246     	-59.6
2314      	17:38:46  	236.3 	-47.0 	20    	82.4     	229   	61.9       	54.4       	11254     	-59.8
2316      	17:38:48  	236.0 	-47.1 	20    	82.4     	229   	61.8       	54.5       	11263     	-59.8
2318      	17:38:50  	235.7 	-47.2 	20    	82.4     	228   	61.7       	54.6       	11271     	-59.9
2320      	17:38:52  	235.4 	-47.2 	20    	82.3     	228   	61.5       	54.7       	11279     	-59.9
2322      	17:38:54  	235.1 	-47.3 	20    	82.4     	228   	61.4       	54.9       	11288     	-59.9
2324      	17:38:56  	234.8 	-47.4 	20    	82.3     	228   	61.2       	55.0       	11296     	-60.0
2326      	17:38:58  	234.5 	-47.5 	20    	82.2     	228   	61.0       	55.1       	11304     	-60.0
2328      	17:39:00  	234.2 	-47.5 	20    	82.1     	228   	60.9       	55.1       	11313     	-60.0
2330      	17:39:02  	233.9 	-47.6 	21    	82.2     	228   	60.9       	55.2       	11322     	-60.0
2332      	17:39:04  	233.6 	-47.7 	21    	82.1     	228   	60.7       	55.3       	11330     	-60.0
2334      	17:39:06  	233.2 	-47.8 	21    	82.2     	228   	60.6       	55.5       	11339     	-60.0
2336      	17:39:08  	232.9 	-47.8 	21    	82.2     	227   	60.5       	55.6       	11348     	-60.0
2338      	17:39:10  	232.6 	-47.9 	21    	82.2     	227   	60.4       	55.8       	11356     	-60.1
2340      	17:39:12  	232.3 	-48.0 	21    	82.2     	227   	60.3       	55.9       	11365     	-60.2
2342      	17:39:14  	232.0 	-48.1 	21    	82.4     	227   	60.3       	56.1       	11374     	-60.2
2344      	17:39:16  	231.6 	-48.2 	21    	82.4     	227   	60.2       	56.2       	11384     	-60.3
2346      	17:39:18  	231.3 	-48.2 	21    	82.5     	227   	60.2       	56.4       	11394     	-60.4
2348      	17:39:20  	231.0 	-48.3 	21    	82.7     	227   	60.3       	56.6       	11404     	-60.5
2350      	17:39:22  	230.7 	-48.4 	21    	82.8     	227   	60.3       	56.8       	11412     	-60.5
2352      	17:39:24  	230.4 	-48.5 	21    	83.0     	227   	60.3       	57.0       	11421     	-60.6
2354      	17:39:26  	230.0 	-48.6 	21    	83.1     	227   	60.4       	57.1       	11430     	-60.6
2356      	17:39:28  	229.7 	-48.6 	21    	83.2     	227   	60.4       	57.2       	11439     	-60.6
2358      	17:39:30  	229.4 	-48.7 	21    	83.3     	227   	60.4       	57.3       	11448     	-60.7
2360      	17:39:32  	229.1 	-48.8 	22    	83.3     	227   	60.5       	57.3       	11457     	-60.7
2362      	17:39:34  	228.8 	-48.9 	22    	83.4     	227   	60.5       	57.4       	11467     	-60.7
2364      	17:39:36  	228.4 	-49.0 	22    	83.5     	227   	60.6       	57.5       	11476     	-60.8
2366      	17:39:38  	228.1 	-49.0 	22    	83.5     	227   	60.6       	57.5       	11486     	-60.9
2368      	17:39:40  	227.8 	-49.1 	22    	83.6     	226   	60.6       	57.6       	11495     	-60.9
2370      	17:39:42  	227.5 	-49.2 	22    	83.6     	226   	60.6       	57.6       	11504     	-61.0
2372      	17:39:44  	227.2 	-49.2 	22    	83.5     	226   	60.5       	57.6       	11513     	-61.0
2374      	17:39:46  	226.8 	-49.3 	22    	83.5     	226   	60.4       	57.6       	11522     	-61.1
2376      	17:39:48  	226.5 	-49.4 	22    	83.4     	226   	60.3       	57.6       	11531     	-61.2
2378      	17:39:50  	226.2 	-49.5 	22    	83.3     	226   	60.2       	57.6       	11540     	-61.3
2380      	17:39:52  	225.9 	-49.5 	22    	83.3     	226   	60.1       	57.7       	11549     	-61.3
2382      	17:39:54  	225.6 	-49.6 	22    	83.2     	226   	60.0       	57.7       	11558     	-61.4
2384      	17:39:56  	225.3 	-49.7 	22    	83.2     	226   	59.9       	57.7       	11567     	-61.4
2386      	17:39:58  	225.0 	-49.8 	22    	83.1     	226   	59.8       	57.7       	11576     	-61.4
2388      	17:40:00  	224.6 	-49.9 	22    	83.0     	226   	59.6       	57.7       	11586     	-61.5
2390      	17:40:02  	224.3 	-49.9 	22    	83.0     	226   	59.5       	57.8       	11595     	-61.5
2392      	17:40:04  	224.0 	-50.0 	22    	82.9     	226   	59.4       	57.8       	11604     	-61.5
2394      	17:40:06  	223.7 	-50.1 	22    	82.9     	226   	59.4       	57.8       	11614     	-61.5
2396      	17:40:08  	223.4 	-50.1 	22    	82.8     	226   	59.3       	57.8       	11623     	-61.6
2398      	17:40:10  	223.0 	-50.2 	22    	82.8     	226   	59.3       	57.8       	11633     	-61.7
2400      	17:40:12  	222.7 	-50.3 	22    	82.8     	226   	59.3       	57.8       	11643     	-61.8
2402      	17:40:14  	222.4 	-50.3 	22    	82.8     	226   	59.2       	57.9       	11652     	-62.0
2404      	17:40:16  	222.1 	-50.4 	22    	82.8     	226   	59.2       	57.9       	11661     	-62.1
2406      	17:40:18  	221.7 	-50.4 	21    	82.8     	226   	59.2       	57.9       	11671     	-62.2
2408      	17:40:20  	221.4 	-50.5 	21    	82.8     	226   	59.2       	57.9       	11680     	-62.3
2410      	17:40:22  	221.1 	-50.5 	21    	82.9     	226   	59.2       	58.0       	11689     	-62.4
2412      	17:40:24  	220.8 	-50.6 	21    	82.9     	226   	59.2       	58.1       	11698     	-62.5
2414      	17:40:26  	220.5 	-50.7 	21    	83.1     	226   	59.3       	58.2       	11708     	-62.6
2416      	17:40:28  	220.2 	-50.7 	21    	83.2     	225   	59.3       	58.3       	11717     	-62.7
2418      	17:40:30  	219.9 	-50.7 	21    	83.2     	225   	59.3       	58.4       	11726     	-62.7
2420      	17:40:32  	219.6 	-50.8 	21    	83.3     	225   	59.3       	58.5       	11735     	-62.8
2422      	17:40:34  	219.2 	-50.8 	21    	83.4     	225   	59.3       	58.6       	11744     	-62.8
2424      	17:40:36  	218.9 	-50.9 	21    	83.3     	225   	59.3       	58.5       	11753     	-62.9
2426      	17:40:38  	218.6 	-50.9 	21    	83.2     	225   	59.3       	58.4       	11762     	-62.9
2428      	17:40:40  	218.3 	-51.0 	21    	83.2     	225   	59.3       	58.4       	11771     	-62.9
2430      	17:40:42  	218.0 	-51.1 	21    	83.0     	225   	59.2       	58.2       	11781     	-62.9
2432      	17:40:44  	217.7 	-51.1 	21    	82.9     	226   	59.2       	58.1       	11790     	-62.9
2434      	17:40:46  	217.4 	-51.2 	21    	82.8     	226   	59.2       	57.9       	11799     	-62.9
2436      	17:40:48  	217.1 	-51.2 	21    	82.7     	226   	59.2       	57.7       	11807     	-63.0
2438      	17:40:50  	216.8 	-51.3 	21    	82.6     	226   	59.2       	57.6       	11816     	-63.0
2440      	17:40:52  	216.5 	-51.4 	21    	82.5     	226   	59.2       	57.4       	11825     	-63.1
2442      	17:40:54  	216.3 	-51.4 	22    	82.4     	226   	59.2       	57.3       	11834     	-63.1
2444      	17:40:56  	216.0 	-51.5 	22    	82.5     	226   	59.3       	57.3       	11842     	-63.1
2446      	17:40:58  	215.7 	-51.6 	22    	82.5     	226   	59.3       	57.4       	11851     	-63.2
2448      	17:41:00  	215.4 	-51.6 	22    	82.6     	226   	59.4       	57.4       	11860     	-63.2
2450      	17:41:02  	215.1 	-51.7 	22    	82.5     	226   	59.3       	57.4       	11869     	-63.3
2452      	17:41:04  	214.8 	-51.8 	21    	82.6     	226   	59.3       	57.5       	11878     	-63.4
2454      	17:41:06  	214.5 	-51.9 	21    	82.6     	226   	59.3       	57.5       	11887     	-63.6
2456      	17:41:08  	214.2 	-51.9 	21    	82.6     	226   	59.3       	57.5       	11897     	-63.7
2458      	17:41:10  	213.9 	-52.0 	21    	82.6     	226   	59.2       	57.6       	11906     	-63.8
2460      	17:41:12  	213.6 	-52.0 	21    	82.5     	226   	59.1       	57.6       	11915     	-63.9
2462      	17:41:14  	213.3 	-52.1 	20    	82.6     	226   	59.2       	57.6       	11924     	-64.0
2464      	17:41:16  	213.0 	-52.2 	20    	82.6     	226   	59.2       	57.6       	11933     	-64.1
2466      	17:41:18  	212.7 	-52.2 	21    	82.6     	226   	59.2       	57.6       	11942     	-64.1
2468      	17:41:20  	212.4 	-52.3 	21    	82.7     	226   	59.3       	57.6       	11950     	-64.0
2470      	17:41:22  	212.1 	-52.3 	21    	82.7     	226   	59.4       	57.6       	11959     	-64.1
2472      	17:41:24  	211.8 	-52.4 	21    	82.8     	226   	59.5       	57.6       	11968     	-64.2
2474      	17:41:26  	211.5 	-52.4 	21    	83.0     	226   	59.7       	57.6       	11977     	-64.2
2476      	17:41:28  	211.2 	-52.5 	21    	83.1     	226   	59.9       	57.6       	11987     	-64.3
2478      	17:41:30  	210.9 	-52.6 	21    	83.2     	226   	60.2       	57.5       	11996     	-64.4
2480      	17:41:32  	210.6 	-52.6 	21    	83.5     	226   	60.5       	57.5       	12005     	-64.4
2482      	17:41:34  	210.3 	-52.7 	21    	83.5     	227   	60.7       	57.4       	12015     	-64.5
2484      	17:41:36  	210.0 	-52.8 	21    	83.5     	227   	60.8       	57.3       	12024     	-64.5
2486      	17:41:38  	209.7 	-52.8 	21    	83.7     	227   	61.0       	57.3       	12034     	-64.6
2488      	17:41:40  	209.3 	-52.9 	21    	83.7     	227   	61.2       	57.1       	12044     	-64.6
2490      	17:41:42  	209.0 	-52.9 	21    	83.8     	227   	61.4       	57.0       	12053     	-64.6
2492      	17:41:44  	208.7 	-53.0 	21    	83.8     	227   	61.6       	56.8       	12063     	-64.7
2494      	17:41:46  	208.4 	-53.1 	21    	83.8     	227   	61.7       	56.7       	12073     	-64.7
2496      	17:41:48  	208.1 	-53.2 	21    	83.7     	227   	61.7       	56.6       	12083     	-64.8
2498      	17:41:50  	207.7 	-53.2 	21    	83.8     	228   	61.8       	56.6       	12093     	-64.9
2500      	17:41:52  	207.4 	-53.3 	21    	83.7     	228   	61.8       	56.5       	12103     	-64.9
2502      	17:41:54  	207.1 	-53.4 	21    	83.7     	228   	61.8       	56.5       	12113     	-65.1
2504      	17:41:56  	206.8 	-53.5 	21    	83.7     	228   	61.8       	56.4       	12124     	-65.2
2506      	17:41:58  	206.4 	-53.5 	20    	83.7     	228   	61.8       	56.4       	12134     	-65.3
2508      	17:42:00  	206.1 	-53.6 	20    	83.7     	228   	61.8       	56.4       	12144     	-65.4
2510      	17:42:02  	205.8 	-53.7 	20    	83.7     	228   	61.8       	56.5       	12154     	-65.5
2512      	17:42:04  	205.4 	-53.7 	20    	83.7     	228   	61.8       	56.5       	12165     	-65.6
2514      	17:42:06  	205.1 	-53.8 	20    	83.9     	228   	61.9       	56.6       	12175     	-65.7
2516      	17:42:08  	204.8 	-53.8 	20    	83.9     	228   	61.9       	56.7       	12186     	-65.8
2518      	17:42:10  	204.4 	-53.9 	20    	84.0     	228   	62.0       	56.7       	12196     	-65.9
2520      	17:42:12  	204.1 	-54.0 	20    	84.1     	228   	62.0       	56.8       	12207     	-65.9
2522      	17:42:14  	203.7 	-54.0 	20    	84.2     	228   	62.1       	56.8       	12218     	-66.0
2524      	17:42:16  	203.4 	-54.1 	19    	84.2     	228   	62.1       	56.8       	12229     	-66.2
2526      	17:42:18  	203.1 	-54.2 	19    	84.2     	228   	62.2       	56.8       	12240     	-66.3
2528      	17:42:20  	202.7 	-54.2 	19    	84.2     	228   	62.2       	56.7       	12251     	-66.3
2530      	17:42:22  	202.3 	-54.3 	19    	84.2     	228   	62.3       	56.6       	12262     	-66.4
2532      	17:42:24  	202.0 	-54.4 	20    	84.2     	228   	62.4       	56.5       	12274     	-66.4
2534      	17:42:26  	201.6 	-54.5 	20    	84.1     	228   	62.4       	56.4       	12285     	-66.4
2536      	17:42:28  	201.2 	-54.5 	20    	84.0     	228   	62.4       	56.3       	12297     	-66.4
2538      	17:42:30  	200.9 	-54.6 	20    	84.0     	228   	62.4       	56.2       	12308     	-66.4
2540      	17:42:32  	200.5 	-54.7 	20    	83.8     	228   	62.3       	56.1       	12320     	-66.4
2542      	17:42:34  	200.1 	-54.8 	20    	83.6     	228   	62.2       	55.9       	12332     	-66.4
2544      	17:42:36  	199.8 	-54.8 	21    	83.4     	228   	62.1       	55.7       	12344     	-66.5
2546      	17:42:38  	199.4 	-54.9 	21    	83.3     	228   	62.0       	55.6       	12355     	-66.5
2548      	17:42:40  	199.0 	-55.0 	21    	83.2     	228   	61.9       	55.6       	12367     	-66.6
2550      	17:42:42  	198.7 	-55.1 	21    	83.1     	228   	61.8       	55.6       	12379     	-66.7
2552      	17:42:44  	198.3 	-55.2 	21    	83.1     	228   	61.7       	55.6       	12391     	-66.8
2554      	17:42:46  	197.9 	-55.3 	20    	82.9     	228   	61.4       	55.7       	12403     	-66.9
2556      	17:42:48  	197.6 	-55.4 	20    	82.7     	228   	61.1       	55.7       	12415     	-67.0
2558      	17:42:50  	197.2 	-55.5 	20    	82.5     	227   	60.8       	55.8       	12427     	-67.1
2560      	17:42:52  	196.8 	-55.6 	20    	82.4     	227   	60.6       	55.9       	12439     	-67.2
2562      	17:42:54  	196.4 	-55.7 	20    	82.5     	227   	60.5       	56.1       	12451     	-67.3
2564      	17:42:56  	196.1 	-55.8 	20    	82.4     	227   	60.3       	56.2       	12463     	-67.4
2566      	17:42:58  	195.7 	-55.9 	20    	82.3     	227   	60.0       	56.3       	12476     	-67.4
2568      	17:43:00  	195.3 	-56.0 	21    	82.1     	227   	59.6       	56.5       	12487     	-67.5
2570      	17:43:02  	195.0 	-56.1 	21    	82.0     	226   	59.3       	56.6       	12499     	-67.5
2572      	17:43:04  	194.6 	-56.2 	21    	81.8     	226   	59.0       	56.7       	12510     	-67.6
2574      	17:43:06  	194.3 	-56.3 	21    	81.8     	226   	58.9       	56.8       	12522     	-67.6
2576      	17:43:08  	193.9 	-56.4 	21    	81.7     	226   	58.7       	56.8       	12534     	-67.7
2578      	17:43:10  	193.6 	-56.4 	21    	81.6     	226   	58.6       	56.8       	12545     	-67.8
2580      	17:43:12  	193.2 	-56.5 	21    	81.5     	226   	58.4       	56.9       	12557     	-67.9
2582      	17:43:14  	192.8 	-56.6 	21    	81.5     	226   	58.3       	56.9       	12569     	-68.0
2584      	17:43:16  	192.5 	-56.7 	21    	81.4     	226   	58.2       	56.9       	12581     	-68.1
2586      	17:43:18  	192.1 	-56.8 	21    	81.5     	226   	58.2       	57.0       	12593     	-68.2
2588      	17:43:20  	191.7 	-56.9 	21    	81.5     	226   	58.2       	57.0       	12605     	-68.3
2590      	17:43:22  	191.4 	-57.0 	21    	81.5     	226   	58.2       	57.0       	12617     	-68.3
2592      	17:43:24  	191.0 	-57.0 	21    	81.3     	226   	58.2       	56.8       	12629     	-68.3
2594      	17:43:26  	190.7 	-57.1 	21    	81.3     	226   	58.2       	56.7       	12641     	-68.3
2596      	17:43:28  	190.3 	-57.2 	21    	81.1     	226   	58.2       	56.5       	12653     	-68.3
2598      	17:43:30  	189.9 	-57.2 	22    	81.0     	226   	58.2       	56.4       	12665     	-68.2
2600      	17:43:32  	189.6 	-57.3 	22    	80.9     	226   	58.2       	56.2       	12677     	-68.2
2602      	17:43:34  	189.3 	-57.4 	22    	80.8     	226   	58.2       	56.1       	12688     	-68.2
2604      	17:43:36  	188.9 	-57.4 	22    	80.6     	226   	58.1       	55.9       	12699     	-68.3
2606      	17:43:38  	188.6 	-57.5 	22    	80.5     	226   	58.0       	55.8       	12710     	-68.3
2608      	17:43:40  	188.3 	-57.5 	22    	80.3     	226   	57.9       	55.7       	12721     	-68.4
2610      	17:43:42  	187.9 	-57.6 	22    	80.2     	226   	57.8       	55.6       	12732     	-68.5
2612      	17:43:44  	187.6 	-57.6 	22    	80.3     	226   	57.8       	55.7       	12743     	-68.6
2614      	17:43:46  	187.3 	-57.7 	22    	80.2     	226   	57.7       	55.7       	12754     	-68.6
2616      	17:43:48  	187.0 	-57.7 	22    	80.3     	226   	57.6       	55.9       	12764     	-68.7
2618      	17:43:50  	186.7 	-57.8 	22    	80.3     	226   	57.5       	56.1       	12774     	-68.7
2620      	17:43:52  	186.4 	-57.8 	22    	80.4     	226   	57.4       	56.3       	12784     	-68.7
2622      	17:43:54  	186.1 	-57.9 	22    	80.5     	225   	57.3       	56.6       	12794     	-68.7
2624      	17:43:56  	185.8 	-57.9 	22    	80.6     	225   	57.2       	56.8       	12804     	-68.7
2626      	17:43:58  	185.5 	-57.9 	22    	80.8     	225   	57.2       	57.0       	12815     	-68.7
2628      	17:44:00  	185.2 	-58.0 	23    	80.8     	225   	57.1       	57.2       	12825     	-68.6
2630      	17:44:02  	184.9 	-58.0 	23    	80.9     	225   	57.0       	57.4       	12834     	-68.6
2632      	17:44:04  	184.6 	-58.1 	23    	81.0     	225   	56.9       	57.6       	12844     	-68.6
2634      	17:44:06  	184.3 	-58.1 	23    	81.0     	224   	56.7       	57.8       	12854     	-68.6
2636      	17:44:08  	184.0 	-58.1 	23    	81.0     	224   	56.6       	57.9       	12863     	-68.6
2638      	17:44:10  	183.8 	-58.2 	23    	80.9     	224   	56.5       	57.9       	12873     	-68.7
2640      	17:44:12  	183.5 	-58.2 	23    	80.9     	224   	56.4       	58.0       	12882     	-68.7
2642      	17:44:14  	183.2 	-58.2 	23    	80.7     	224   	56.1       	58.0       	12891     	-68.8
2644      	17:44:16  	183.0 	-58.3 	23    	80.6     	224   	55.8       	58.2       	12900     	-68.8
2646      	17:44:18  	182.7 	-58.3 	23    	80.4     	224   	55.4       	58.3       	12909     	-68.8
2648      	17:44:20  	182.5 	-58.3 	23    	80.3     	223   	55.0       	58.5       	12918     	-68.9
2650      	17:44:22  	182.2 	-58.3 	23    	80.2     	223   	54.7       	58.6       	12927     	-68.9
2652      	17:44:24  	182.0 	-58.4 	23    	80.0     	223   	54.4       	58.7       	12935     	-68.9
2654      	17:44:26  	181.7 	-58.4 	23    	79.9     	223   	54.1       	58.8       	12943     	-68.9
2656      	17:44:28  	181.5 	-58.4 	23    	79.8     	223   	54.1       	58.7       	12951     	-68.9
2658      	17:44:30  	181.3 	-58.4 	23    	79.8     	223   	54.1       	58.7       	12959     	-68.9
2660      	17:44:32  	181.0 	-58.5 	23    	79.8     	223   	54.1       	58.6       	12967     	-68.9
2662      	17:44:34  	180.8 	-58.5 	23    	79.8     	223   	54.3       	58.5       	12975     	-69.0
2664      	17:44:36  	180.6 	-58.5 	23    	79.9     	223   	54.6       	58.3       	12982     	-69.1
2666      	17:44:38  	180.4 	-58.6 	23    	80.0     	223   	54.9       	58.2       	12989     	-69.1
2668      	17:44:40  	180.2 	-58.6 	23    	80.1     	224   	55.3       	57.9       	12996     	-69.2
2670      	17:44:42  	180.0 	-58.6 	23    	80.1     	224   	55.7       	57.6       	13003     	-69.2
2672      	17:44:44  	179.8 	-58.7 	22    	80.3     	224   	56.2       	57.3       	13010     	-69.3
2674      	17:44:46  	179.6 	-58.7 	22    	80.4     	225   	56.7       	57.0       	13016     	-69.3
2676      	17:44:48  	179.4 	-58.8 	22    	80.4     	225   	56.9       	56.8       	13023     	-69.4
2678      	17:44:50  	179.3 	-58.8 	22    	80.5     	225   	57.1       	56.7       	13029     	-69.4
2680      	17:44:52  	179.1 	-58.8 	22    	80.5     	225   	57.3       	56.6       	13035     	-69.5
2682      	17:44:54  	178.9 	-58.8 	22    	80.5     	226   	57.5       	56.3       	13041     	-69.5
2684      	17:44:56  	178.8 	-58.8 	22    	80.5     	226   	57.8       	56.0       	13047     	-69.5
2686      	17:44:58  	178.6 	-58.8 	22    	80.6     	226   	58.1       	55.8       	13052     	-69.5
2688      	17:45:00  	178.4 	-58.8 	22    	80.6     	226   	58.3       	55.6       	13058     	-69.6
2690      	17:45:02  	178.3 	-58.8 	22    	80.6     	226   	58.4       	55.5       	13063     	-69.6
2692      	17:45:04  	178.1 	-58.8 	22    	80.6     	227   	58.5       	55.4       	13068     	-69.7
2694      	17:45:06  	178.0 	-58.8 	21    	80.5     	227   	58.7       	55.1       	13074     	-69.7
2696      	17:45:08  	177.8 	-58.8 	21    	80.5     	227   	59.0       	54.7       	13079     	-69.8
2698      	17:45:10  	177.7 	-58.7 	21    	80.5     	227   	59.3       	54.4       	13084     	-69.9
2700      	17:45:12  	177.6 	-58.7 	20    	80.5     	228   	59.7       	54.0       	13088     	-69.9
2702      	17:45:14  	177.4 	-58.6 	20    	80.5     	228   	59.9       	53.8       	13093     	-70.0
2704      	17:45:16  	177.3 	-58.6 	20    	80.5     	228   	60.1       	53.5       	13097     	-70.0
2706      	17:45:18  	177.2 	-58.6 	20    	80.5     	229   	60.3       	53.3       	13102     	-70.0
2708      	17:45:20  	177.1 	-58.5 	20    	80.4     	229   	60.7       	52.7       	13106     	-70.0
2710      	17:45:22  	177.0 	-58.5 	20    	80.3     	230   	61.1       	52.1       	13110     	-70.0
2712      	17:45:24  	176.8 	-58.5 	20    	80.4     	230   	61.6       	51.6       	13114     	-69.9
2714      	17:45:26  	176.7 	-58.4 	20    	80.3     	230   	61.9       	51.1       	13118     	-69.9
2716      	17:45:28  	176.6 	-58.4 	20    	80.2     	231   	62.1       	50.8       	13122     	-69.9
2718      	17:45:30  	176.5 	-58.4 	20    	80.3     	231   	62.4       	50.5       	13127     	-69.9
2720      	17:45:32  	176.4 	-58.3 	20    	80.3     	231   	62.7       	50.1       	13131     	-69.9
2722      	17:45:34  	176.3 	-58.3 	19    	80.3     	232   	63.1       	49.6       	13135     	-69.9
2724      	17:45:36  	176.1 	-58.2 	19    	80.2     	232   	63.5       	49.0       	13139     	-69.9
2726      	17:45:38  	176.0 	-58.2 	19    	80.2     	233   	63.9       	48.5       	13144     	-69.9
2728      	17:45:40  	175.9 	-58.1 	19    	80.2     	233   	64.0       	48.3       	13148     	-69.9
2730      	17:45:42  	175.8 	-58.1 	19    	80.2     	233   	64.2       	48.0       	13152     	-69.9
2732      	17:45:44  	175.7 	-58.0 	19    	80.2     	233   	64.4       	47.8       	13156     	-69.9
2734      	17:45:46  	175.6 	-58.0 	18    	79.9     	234   	64.3       	47.4       	13160     	-70.0
2736      	17:45:48  	175.4 	-57.9 	18    	79.4     	234   	64.1       	46.8       	13164     	-70.1
2738      	17:45:50  	175.3 	-57.9 	18    	78.9     	234   	63.9       	46.3       	13168     	-70.2
2740      	17:45:52  	175.2 	-57.9 	17    	78.4     	234   	63.6       	45.8       	13173     	-70.4
2742      	17:45:54  	175.1 	-57.8 	17    	77.9     	234   	63.2       	45.5       	13177     	-70.5
2744      	17:45:56  	175.0 	-57.7 	16    	77.4     	234   	62.9       	45.1       	13181     	-70.7
2746      	17:45:58  	174.8 	-57.7 	16    	77.0     	234   	62.5       	44.9       	13186     	-70.8
2748      	17:46:00  	174.7 	-57.6 	15    	76.6     	234   	62.3       	44.6       	13191     	-71.0
2750      	17:46:02  	174.5 	-57.5 	15    	76.3     	234   	62.0       	44.4       	13197     	-71.1
2752      	17:46:04  	174.4 	-57.5 	14    	75.9     	234   	61.7       	44.2       	13202     	-71.2
2754      	17:46:06  	174.2 	-57.4 	14    	75.8     	234   	61.7       	44.1       	13208     	-71.3
2756      	17:46:08  	174.1 	-57.4 	14    	76.0     	234   	61.8       	44.2       	13213     	-71.4
2758      	17:46:10  	173.9 	-57.3 	13    	76.0     	234   	61.8       	44.3       	13219     	-71.5
2760      	17:46:12  	173.8 	-57.3 	13    	75.9     	234   	61.6       	44.3       	13224     	-71.6
2762      	17:46:14  	173.6 	-57.3 	13    	75.8     	234   	61.4       	44.4       	13230     	-71.7
2764      	17:46:16  	173.5 	-57.3 	13    	75.6     	234   	61.2       	44.4       	13235     	-71.8
2766      	17:46:18  	173.3 	-57.3 	13    	75.4     	234   	60.9       	44.4       	13241     	-71.9
2768      	17:46:20  	173.2 	-57.3 	13    	75.1     	234   	60.6       	44.3       	13246     	-71.9
2770      	17:46:22  	173.0 	-57.4 	13    	74.7     	234   	60.2       	44.2       	13252     	-72.0
2772      	17:46:24  	172.9 	-57.4 	13    	74.4     	234   	59.9       	44.1       	13258     	-72.0
2774      	17:46:26  	172.7 	-57.4 	12    	74.0     	234   	59.5       	44.0       	13264     	-72.1
2776      	17:46:28  	172.5 	-57.4 	12    	73.6     	233   	59.0       	44.0       	13270     	-72.1
2778      	17:46:30  	172.4 	-57.4 	12    	73.3     	233   	58.6       	44.0       	13276     	-72.2
2780      	17:46:32  	172.2 	-57.4 	12    	73.2     	233   	58.5       	44.0       	13282     	-72.3
2782      	17:46:34  	172.0 	-57.3 	12    	73.1     	233   	58.3       	44.1       	13289     	-72.5
2784      	17:46:36  	171.8 	-57.3 	11    	73.0     	233   	58.2       	44.1       	13295     	-72.6
2786      	17:46:38  	171.7 	-57.3 	11    	72.9     	233   	58.0       	44.2       	13302     	-72.8
2788      	17:46:40  	171.5 	-57.2 	11    	72.7     	232   	57.7       	44.3       	13308     	-72.9
2790      	17:46:42  	171.3 	-57.2 	10    	72.6     	232   	57.5       	44.3       	13315     	-73.1
2792      	17:46:44  	171.1 	-57.1 	10    	72.4     	232   	57.2       	44.4       	13321     	-73.2
2794      	17:46:46  	171.0 	-57.1 	10    	72.3     	232   	57.0       	44.5       	13328     	-73.3
2796      	17:46:48  	170.8 	-57.0 	10    	72.2     	232   	56.9       	44.5       	13335     	-73.4
2798      	17:46:50  	170.6 	-56.9 	9     	72.2     	232   	56.8       	44.6       	13341     	-73.4
2800      	17:46:52  	170.4 	-56.8 	9     	72.0     	232   	56.6       	44.5       	13348     	-73.5
2802      	17:46:54  	170.2 	-56.7 	9     	71.7     	232   	56.4       	44.3       	13354     	-73.6
2804      	17:46:56  	170.1 	-56.5 	9     	71.4     	232   	56.2       	44.1       	13361     	-73.7
2806      	17:46:58  	169.9 	-56.4 	8     	71.2     	232   	56.0       	43.9       	13368     	-73.7
2808      	17:47:00  	169.7 	-56.3 	8     	71.0     	232   	55.9       	43.7       	13375     	-73.8
2810      	17:47:02  	169.5 	-56.1 	8     	70.8     	232   	55.8       	43.5       	13383     	-73.9
2812      	17:47:04  	169.3 	-56.0 	8     	70.4     	232   	55.7       	43.0       	13391     	-73.9
2814      	17:47:06  	169.0 	-55.9 	8     	69.7     	233   	55.6       	42.1       	13399     	-74.0
2816      	17:47:08  	168.8 	-55.7 	7     	69.1     	233   	55.4       	41.3       	13407     	-74.0
2818      	17:47:10  	168.6 	-55.6 	7     	68.5     	234   	55.3       	40.4       	13415     	-74.0
2820      	17:47:12  	168.4 	-55.5 	7     	68.1     	234   	55.3       	39.7       	13422     	-74.1
2822      	17:47:14  	168.2 	-55.5 	7     	67.6     	235   	55.2       	39.1       	13430     	-74.1
2824      	17:47:16  	168.0 	-55.4 	7     	67.3     	235   	55.2       	38.5       	13437     	-74.1
2826      	17:47:18  	167.8 	-55.3 	7     	66.8     	236   	55.2       	37.7       	13445     	-74.1
2828      	17:47:20  	167.6 	-55.3 	7     	66.4     	236   	55.2       	36.9       	13453     	-74.2
2830      	17:47:22  	167.4 	-55.2 	7     	66.0     	237   	55.2       	36.1       	13461     	-74.2
2832      	17:47:24  	167.2 	-55.2 	7     	65.7     	237   	55.2       	35.6       	13469     	-74.2
2834      	17:47:26  	167.0 	-55.1 	7     	65.6     	237   	55.2       	35.5       	13477     	-74.2
2836      	17:47:28  	166.8 	-55.1 	7     	65.5     	237   	55.2       	35.3       	13485     	-74.2
2838      	17:47:30  	166.6 	-55.1 	7     	65.4     	238   	55.2       	35.1       	13494     	-74.3
2840      	17:47:32  	166.3 	-55.2 	6     	65.2     	238   	55.2       	34.7       	13502     	-74.4
2842      	17:47:34  	166.1 	-55.2 	6     	65.0     	238   	55.2       	34.4       	13511     	-74.7
2844      	17:47:36  	165.9 	-55.2 	6     	64.9     	238   	55.2       	34.1       	13519     	-74.9
2846      	17:47:38  	165.6 	-55.3 	6     	64.7     	238   	55.1       	33.9       	13529     	-75.1
2848      	17:47:40  	165.4 	-55.3 	6     	64.6     	238   	55.1       	33.8       	13538     	-75.4
2850      	17:47:42  	165.2 	-55.4 	5     	64.5     	239   	55.1       	33.6       	13547     	-75.7
2852      	17:47:44  	164.9 	-55.4 	5     	64.3     	239   	55.1       	33.1       	13556     	-76.1
2854      	17:47:46  	164.7 	-55.5 	5     	63.9     	239   	55.0       	32.6       	13566     	-76.3
2856      	17:47:48  	164.4 	-55.5 	5     	63.7     	240   	55.0       	32.1       	13575     	-76.5
2858      	17:47:50  	164.2 	-55.6 	5     	63.4     	240   	55.0       	31.6       	13585     	-76.7
2860      	17:47:52  	163.9 	-55.7 	5     	63.2     	240   	54.9       	31.3       	13594     	-76.9
2862      	17:47:54  	163.7 	-55.7 	5     	63.0     	241   	54.9       	30.9       	13604     	-77.0
2864      	17:47:56  	163.4 	-55.8 	5     	62.8     	241   	54.9       	30.5       	13614     	-77.2
2866      	17:47:58  	163.2 	-55.8 	4     	62.4     	241   	54.8       	29.8       	13624     	-77.3
2868      	17:48:00  	162.9 	-55.9 	4     	62.0     	242   	54.7       	29.2       	13634     	-77.5
2870      	17:48:02  	162.7 	-55.9 	4     	61.6     	242   	54.6       	28.5       	13644     	-77.8
2872      	17:48:04  	162.4 	-56.0 	4     	61.4     	243   	54.5       	28.2       	13654     	-78.0
2874      	17:48:06  	162.1 	-56.0 	4     	61.1     	243   	54.4       	27.9       	13664     	-78.2
2876      	17:48:08  	161.9 	-56.1 	4     	60.9     	243   	54.3       	27.6       	13675     	-78.5
2878      	17:48:10  	161.6 	-56.1 	4     	60.5     	243   	54.1       	27.1       	13685     	-78.7
2880      	17:48:12  	161.4 	-56.2 	4     	60.1     	244   	53.9       	26.5       	13695     	-79.0
2882      	17:48:14  	161.1 	-56.2 	3     	59.6     	244   	53.6       	26.0       	13705     	-79.2
2884      	17:48:16  	160.9 	-56.2 	3     	59.3     	245   	53.5       	25.5       	13715     	-79.4
2886      	17:48:18  	160.6 	-56.3 	3     	59.0     	245   	53.3       	25.3       	13725     	-79.6
2888      	17:48:20  	160.3 	-56.4 	3     	58.8     	245   	53.2       	25.1       	13735     	-79.8
2890      	17:48:22  	160.1 	-56.4 	3     	58.4     	245   	52.9       	24.8       	13746     	-80.1
2892      	17:48:24  	159.8 	-56.4 	3     	57.8     	245   	52.4       	24.5       	13756     	-80.4
2894      	17:48:26  	159.6 	-56.4 	3     	57.3     	245   	51.9       	24.3       	13766     	-80.6
2896      	17:48:28  	159.3 	-56.5 	3     	56.7     	245   	51.4       	24.0       	13776     	-80.8
2898      	17:48:30  	159.1 	-56.5 	3     	56.4     	245   	51.0       	24.0       	13786     	-81.0
2900      	17:48:32  	158.8 	-56.6 	3     	56.0     	245   	50.6       	24.0       	13797     	-81.2
2902      	17:48:34  	158.5 	-56.6 	3     	55.6     	244   	50.2       	24.0       	13807     	-81.3
2904      	17:48:36  	158.3 	-56.6 	3     	55.1     	244   	49.5       	24.1       	13818     	-81.4
2906      	17:48:38  	158.0 	-56.7 	2     	54.5     	244   	48.8       	24.3       	13829     	-81.5
2908      	17:48:40  	157.7 	-56.7 	2     	53.9     	243   	48.1       	24.4       	13839     	-81.6
2910      	17:48:42  	157.5 	-56.7 	2     	53.6     	243   	47.6       	24.6       	13850     	-81.7
2912      	17:48:44  	157.2 	-56.7 	2     	53.4     	242   	47.3       	24.7       	13861     	-81.8
2914      	17:48:46  	156.9 	-56.8 	2     	53.2     	242   	47.0       	24.9       	13871     	-81.9
2916      	17:48:48  	156.7 	-56.8 	2     	52.9     	242   	46.6       	25.1       	13882     	-82.1
2918      	17:48:50  	156.4 	-56.8 	2     	52.5     	241   	46.0       	25.3       	13893     	-82.4
2920      	17:48:52  	156.2 	-56.9 	2     	52.2     	241   	45.5       	25.5       	13903     	-82.7
2922      	17:48:54  	155.9 	-56.9 	2     	51.8     	240   	44.9       	25.8       	13914     	-82.9
2924      	17:48:56  	155.7 	-57.0 	2     	51.6     	240   	44.7       	25.8       	13924     	-83.2
2926      	17:48:58  	155.4 	-57.0 	2     	51.5     	240   	44.5       	25.9       	13934     	-83.3
2928      	17:49:00  	155.2 	-57.0 	2     	51.4     	240   	44.3       	26.0       	13944     	-83.5
2930      	17:49:02  	154.9 	-57.1 	2     	51.1     	239   	43.9       	26.1       	13955     	-83.7
2932      	17:49:04  	154.6 	-57.1 	2     	50.9     	239   	43.6       	26.3       	13965     	-83.7
2934      	17:49:06  	154.4 	-57.1 	2     	50.6     	239   	43.2       	26.4       	13976     	-83.7
2936      	17:49:08  	154.1 	-57.1 	2     	50.5     	238   	43.0       	26.5       	13987     	-83.7
2938      	17:49:10  	153.8 	-57.2 	2     	50.5     	238   	42.9       	26.6       	13998     	-83.7
2940      	17:49:12  	153.6 	-57.2 	2     	50.4     	238   	42.8       	26.7       	14008     	-83.8
2942      	17:49:14  	153.3 	-57.2 	2     	50.3     	238   	42.6       	26.7       	14019     	-83.8
2944      	17:49:16  	153.1 	-57.2 	2     	50.0     	238   	42.3       	26.7       	14030     	-83.8
2946      	17:49:18  	152.8 	-57.3 	2     	49.7     	238   	42.0       	26.6       	14040     	-83.9
2948      	17:49:20  	152.5 	-57.3 	2     	49.5     	237   	41.7       	26.6       	14051     	-83.9
2950      	17:49:22  	152.2 	-57.3 	2     	49.2     	237   	41.5       	26.5       	14063     	-84.0
2952      	17:49:24  	151.9 	-57.4 	2     	49.1     	237   	41.4       	26.4       	14076     	-84.1
2954      	17:49:26  	151.6 	-57.4 	2     	48.9     	237   	41.2       	26.3       	14089     	-84.1
2956      	17:49:28  	151.3 	-57.4 	2     	48.1     	237   	40.5       	26.0       	14103     	-84.2
2958      	17:49:30  	151.0 	-57.4 	2     	47.3     	237   	39.8       	25.6       	14116     	-84.2
2960      	17:49:32  	150.7 	-57.4 	2     	46.5     	237   	39.0       	25.3       	14129     	-84.3
2962      	17:49:34  	150.4 	-57.4 	2     	45.8     	237   	38.4       	25.0       	14142     	-84.3
2964      	17:49:36  	150.1 	-57.4 	2     	45.2     	237   	37.8       	24.7       	14155     	-84.3
2966      	17:49:38  	149.7 	-57.4 	2     	44.5     	237   	37.2       	24.5       	14168     	-84.3
2968      	17:49:40  	149.4 	-57.4 	2     	43.5     	237   	36.3       	24.0       	14181     	-84.3
2970      	17:49:42  	149.1 	-57.4 	2     	42.4     	236   	35.3       	23.5       	14195     	-84.3
2972      	17:49:44  	148.8 	-57.5 	2     	41.2     	236   	34.3       	22.9       	14209     	-84.3
2974      	17:49:46  	148.5 	-57.5 	2     	40.1     	236   	33.3       	22.3       	14221     	-84.2
2976      	17:49:48  	148.2 	-57.5 	2     	39.5     	236   	32.8       	22.0       	14233     	-84.2
2978      	17:49:50  	148.0 	-57.6 	2     	38.9     	236   	32.3       	21.7       	14244     	-84.2
2980      	17:49:52  	147.7 	-57.6 	2     	38.4     	236   	31.9       	21.4       	14255     	-84.2
2982      	17:49:54  	147.5 	-57.6 	2     	37.8     	236   	31.4       	21.1       	14266     	-84.2
2984      	17:49:56  	147.2 	-57.7 	2     	37.3     	236   	30.9       	20.9       	14276     	-84.1
2986      	17:49:58  	146.9 	-57.7 	2     	36.7     	236   	30.4       	20.6       	14287     	-84.1
2988      	17:50:00  	146.7 	-57.7 	2     	36.6     	236   	30.2       	20.6       	14298     	-84.2
2990      	17:50:02  	146.4 	-57.7 	2     	36.6     	236   	30.2       	20.7       	14309     	-84.2
2992      	17:50:04  	146.2 	-57.8 	2     	36.7     	235   	30.2       	20.8       	14320     	-84.1
2994      	17:50:06  	145.9 	-57.8 	2     	36.6     	235   	30.1       	20.8       	14331     	-84.1
2996      	17:50:08  	145.7 	-57.8 	2     	36.5     	235   	29.9       	20.9       	14341     	-84.2
2998      	17:50:10  	145.5 	-57.9 	2     	36.4     	235   	29.7       	21.0       	14351     	-84.2
3000      	17:50:12  	145.2 	-57.9 	2     	36.2     	235   	29.5       	21.0       	14362     	-84.2
3002      	17:50:14  	144.9 	-58.0 	2     	36.1     	234   	29.4       	21.0       	14374     	-84.3
3004      	17:50:16  	144.7 	-58.1 	2     	36.0     	234   	29.2       	21.1       	14386     	-84.3
3006      	17:50:18  	144.4 	-58.1 	2     	35.9     	234   	29.0       	21.1       	14397     	-84.4
3008      	17:50:20  	144.1 	-58.2 	2     	35.8     	234   	28.8       	21.3       	14409     	-84.4
3010      	17:50:22  	143.9 	-58.3 	2     	35.7     	233   	28.5       	21.5       	14420     	-84.5
3012      	17:50:24  	143.6 	-58.3 	2     	35.5     	233   	28.2       	21.6       	14431     	-84.5
3014      	17:50:26  	143.4 	-58.3 	2     	35.5     	232   	28.0       	21.8       	14443     	-84.6
3016      	17:50:28  	143.1 	-58.4 	2     	35.5     	232   	27.9       	21.9       	14454     	-84.6
3018      	17:50:30  	142.9 	-58.4 	2     	35.5     	232   	27.8       	22.1       	14465     	-84.6
3020      	17:50:32  	142.6 	-58.5 	2     	35.5     	231   	27.6       	22.3       	14476     	-84.7
3022      	17:50:34  	142.3 	-58.6 	2     	35.4     	231   	27.4       	22.4       	14487     	-84.7
3024      	17:50:36  	142.1 	-58.6 	2     	35.4     	230   	27.2       	22.6       	14498     	-84.7
3026      	17:50:38  	141.8 	-58.6 	2     	35.3     	230   	27.0       	22.7       	14510     	-84.7
3028      	17:50:40  	141.6 	-58.7 	2     	35.3     	230   	27.0       	22.7       	14521     	-84.7
3030      	17:50:42  	141.3 	-58.7 	2     	35.2     	230   	26.9       	22.7       	14532     	-84.7
3032      	17:50:44  	141.1 	-58.7 	2     	35.1     	230   	26.7       	22.8       	14544     	-84.7
3034      	17:50:46  	140.8 	-58.8 	2     	34.9     	229   	26.4       	22.9       	14555     	-84.7
3036      	17:50:48  	140.6 	-58.8 	2     	34.9     	229   	26.2       	23.0       	14566     	-84.8
3038      	17:50:50  	140.3 	-58.9 	2     	34.7     	228   	25.9       	23.1       	14576     	-84.8
3040      	17:50:52  	140.1 	-58.9 	2     	34.7     	228   	25.8       	23.2       	14587     	-84.8
3042      	17:50:54  	139.8 	-58.9 	2     	34.6     	228   	25.6       	23.3       	14598     	-84.8
3044      	17:50:56  	139.6 	-59.0 	2     	34.5     	227   	25.4       	23.4       	14610     	-84.8
3046      	17:50:58  	139.4 	-59.0 	2     	34.4     	227   	25.0       	23.6       	14621     	-84.9
3048      	17:51:00  	139.1 	-59.0 	2     	34.2     	226   	24.5       	23.8       	14632     	-84.9
3050      	17:51:02  	138.9 	-59.1 	2     	34.0     	225   	24.0       	24.1       	14643     	-84.9
3052      	17:51:04  	138.6 	-59.1 	2     	33.9     	224   	23.6       	24.3       	14654     	-85.0
3054      	17:51:06  	138.4 	-59.2 	2     	33.7     	224   	23.3       	24.4       	14665     	-85.0
3056      	17:51:08  	138.1 	-59.2 	2     	33.7     	223   	23.0       	24.6       	14676     	-85.1
3058      	17:51:10  	137.9 	-59.3 	2     	33.6     	222   	22.7       	24.8       	14687     	-85.1
3060      	17:51:12  	137.6 	-59.3 	2     	33.6     	222   	22.4       	25.1       	14699     	-85.1
3062      	17:51:14  	137.4 	-59.4 	2     	33.6     	221   	22.1       	25.3       	14710     	-85.1
3064      	17:51:16  	137.1 	-59.4 	2     	33.6     	220   	21.7       	25.6       	14721     	-85.1
3066      	17:51:18  	136.9 	-59.5 	2     	33.6     	220   	21.7       	25.7       	14732     	-85.1
3068      	17:51:20  	136.7 	-59.5 	2     	33.8     	220   	21.7       	25.9       	14742     	-85.1
3070      	17:51:22  	136.5 	-59.6 	2     	33.9     	220   	21.7       	26.0       	14752     	-85.1
3072      	17:51:24  	136.2 	-59.7 	2     	34.1     	220   	21.8       	26.2       	14763     	-85.1
3074      	17:51:26  	136.0 	-59.7 	2     	34.3     	220   	21.9       	26.4       	14773     	-85.1
3076      	17:51:28  	135.8 	-59.8 	2     	34.5     	219   	21.9       	26.6       	14784     	-85.2
3078      	17:51:30  	135.5 	-59.9 	2     	34.6     	219   	22.0       	26.7       	14794     	-85.2
3080      	17:51:32  	135.3 	-59.9 	2     	34.7     	220   	22.1       	26.8       	14805     	-85.3
3082      	17:51:34  	135.1 	-60.0 	2     	34.7     	220   	22.1       	26.8       	14815     	-85.3
3084      	17:51:36  	134.9 	-60.1 	2     	34.9     	220   	22.2       	26.9       	14826     	-85.4
3086      	17:51:38  	134.6 	-60.1 	2     	35.0     	219   	22.2       	27.1       	14837     	-85.4
3088      	17:51:40  	134.4 	-60.2 	2     	35.2     	219   	22.2       	27.3       	14848     	-85.5
3090      	17:51:42  	134.2 	-60.3 	2     	35.3     	219   	22.2       	27.5       	14858     	-85.5
3092      	17:51:44  	133.9 	-60.3 	2     	35.4     	219   	22.2       	27.6       	14869     	-85.6
3094      	17:51:46  	133.7 	-60.4 	2     	35.4     	219   	22.1       	27.7       	14880     	-85.6
3096      	17:51:48  	133.5 	-60.5 	2     	35.5     	218   	22.1       	27.8       	14890     	-85.7
3098      	17:51:50  	133.3 	-60.5 	2     	35.7     	218   	22.1       	28.0       	14901     	-85.8
3100      	17:51:52  	133.0 	-60.6 	2     	35.8     	218   	22.2       	28.1       	14911     	-85.8
3102      	17:51:54  	132.8 	-60.7 	2     	35.9     	218   	22.2       	28.2       	14921     	-85.8
3104      	17:51:56  	132.6 	-60.7 	2     	36.0     	218   	22.3       	28.3       	14931     	-85.8
3106      	17:51:58  	132.4 	-60.8 	2     	36.1     	218   	22.4       	28.3       	14941     	-85.8
3108      	17:52:00  	132.2 	-60.9 	2     	36.2     	218   	22.5       	28.3       	14950     	-85.9
3110      	17:52:02  	132.0 	-60.9 	2     	36.3     	219   	22.7       	28.3       	14960     	-85.9
3112      	17:52:04  	131.8 	-61.0 	2     	36.3     	219   	22.9       	28.2       	14969     	-85.9
3114      	17:52:06  	131.6 	-61.0 	2     	36.5     	219   	23.2       	28.2       	14979     	-86.0
3116      	17:52:08  	131.4 	-61.1 	2     	36.6     	220   	23.5       	28.1       	14989     	-86.1
3118      	17:52:10  	131.2 	-61.2 	2     	36.7     	220   	23.6       	28.1       	14998     	-86.1
3120      	17:52:12  	131.0 	-61.2 	2     	36.7     	220   	23.8       	28.0       	15007     	-86.2
3122      	17:52:14  	130.8 	-61.3 	2     	36.8     	221   	24.0       	27.9       	15017     	-86.2
3124      	17:52:16  	130.6 	-61.3 	2     	36.8     	221   	24.2       	27.7       	15026     	-86.3
3126      	17:52:18  	130.4 	-61.4 	2     	36.9     	222   	24.5       	27.6       	15035     	-86.3
3128      	17:52:20  	130.2 	-61.5 	2     	36.9     	222   	24.7       	27.4       	15045     	-86.4
3130      	17:52:22  	130.0 	-61.5 	2     	36.9     	222   	24.9       	27.3       	15054     	-86.4
3132      	17:52:24  	129.8 	-61.6 	2     	36.9     	223   	25.0       	27.2       	15064     	-86.5
3134      	17:52:26  	129.6 	-61.7 	2     	36.9     	223   	25.1       	27.1       	15073     	-86.6
3136      	17:52:28  	129.4 	-61.7 	2     	37.0     	223   	25.4       	26.9       	15082     	-86.6
3138      	17:52:30  	129.2 	-61.8 	2     	37.0     	224   	25.7       	26.6       	15091     	-86.7
3140      	17:52:32  	129.0 	-61.8 	2     	37.1     	225   	26.1       	26.4       	15099     	-86.7
3142      	17:52:34  	128.9 	-61.9 	2     	37.2     	225   	26.4       	26.2       	15108     	-86.8
3144      	17:52:36  	128.7 	-61.9 	2     	37.3     	226   	26.7       	26.0       	15117     	-86.8
3146      	17:52:38  	128.5 	-62.0 	2     	37.4     	226   	27.0       	25.9       	15126     	-86.9
3148      	17:52:40  	128.3 	-62.0 	2     	37.4     	227   	27.2       	25.6       	15135     	-86.9
3150      	17:52:42  	128.1 	-62.1 	2     	37.3     	227   	27.4       	25.3       	15143     	-86.9
3152      	17:52:44  	128.0 	-62.1 	2     	37.2     	228   	27.6       	25.0       	15152     	-87.0
3154      	17:52:46  	127.8 	-62.2 	2     	37.1     	228   	27.7       	24.7       	15160     	-87.0
3156      	17:52:48  	127.6 	-62.2 	2     	37.0     	228   	27.7       	24.6       	15169     	-87.1
3158      	17:52:50  	127.4 	-62.3 	2     	36.8     	229   	27.6       	24.4       	15177     	-87.1
3160      	17:52:52  	127.3 	-62.3 	2     	36.8     	229   	27.6       	24.3       	15186     	-87.1
3162      	17:52:54  	127.1 	-62.4 	2     	36.4     	229   	27.4       	24.0       	15194     	-87.1
3164      	17:52:56  	126.9 	-62.4 	2     	36.2     	229   	27.3       	23.8       	15202     	-87.2
3166      	17:52:58  	126.8 	-62.4 	2     	36.0     	229   	27.2       	23.6       	15210     	-87.2
3168      	17:53:00  	126.6 	-62.5 	2     	35.8     	229   	27.1       	23.4       	15218     	-87.2
3170      	17:53:02  	126.4 	-62.5 	2     	35.7     	229   	27.0       	23.3       	15225     	-87.3
3172      	17:53:04  	126.3 	-62.5 	2     	35.6     	229   	27.0       	23.2       	15233     	-87.3
3174      	17:53:06  	126.1 	-62.6 	2     	35.5     	229   	27.0       	23.1       	15240     	-87.3
3176      	17:53:08  	126.0 	-62.6 	2     	35.4     	230   	27.1       	22.8       	15248     	-87.4
3178      	17:53:10  	125.8 	-62.6 	2     	35.4     	231   	27.3       	22.5       	15256     	-87.4
3180      	17:53:12  	125.7 	-62.6 	2     	35.3     	231   	27.5       	22.2       	15264     	-87.4
3182      	17:53:14  	125.5 	-62.6 	2     	35.4     	232   	27.7       	22.0       	15271     	-87.5
3184      	17:53:16  	125.3 	-62.6 	2     	35.4     	232   	27.9       	21.8       	15279     	-87.5
3186      	17:53:18  	125.2 	-62.6 	2     	35.4     	232   	28.1       	21.6       	15287     	-87.5
3188      	17:53:20  	125.0 	-62.6 	2     	35.3     	233   	28.2       	21.3       	15294     	-87.5
3190      	17:53:22  	124.9 	-62.6 	2     	35.3     	234   	28.4       	20.9       	15302     	-87.5
3192      	17:53:24  	124.7 	-62.6 	2     	35.2     	234   	28.5       	20.6       	15309     	-87.5
3194      	17:53:26  	124.6 	-62.6 	2     	35.0     	235   	28.6       	20.2       	15316     	-87.5
3196      	17:53:28  	124.5 	-62.6 	2     	34.9     	235   	28.5       	20.1       	15323     	-87.5
3198      	17:53:30  	124.3 	-62.6 	2     	34.8     	235   	28.5       	19.9       	15330     	-87.5
3200      	17:53:32  	124.2 	-62.6 	2     	34.6     	235   	28.4       	19.8       	15337     	-87.5
3202      	17:53:34  	124.0 	-62.6 	2     	34.3     	235   	28.2       	19.6       	15344     	-87.5
3204      	17:53:36  	123.9 	-62.6 	2     	34.2     	235   	28.1       	19.5       	15351     	-87.4
3206      	17:53:38  	123.7 	-62.6 	2     	34.1     	235   	28.0       	19.4       	15359     	-87.4
3208      	17:53:40  	123.6 	-62.5 	2     	34.1     	235   	28.0       	19.4       	15366     	-87.4
3210      	17:53:42  	123.5 	-62.5 	2     	34.0     	235   	27.9       	19.4       	15373     	-87.4
3212      	17:53:44  	123.3 	-62.5 	2     	34.0     	235   	27.9       	19.5       	15380     	-87.4
3214      	17:53:46  	123.2 	-62.5 	2     	34.0     	235   	27.8       	19.6       	15387     	-87.4
3216      	17:53:48  	123.0 	-62.5 	2     	34.0     	235   	27.7       	19.7       	15393     	-87.4
3218      	17:53:50  	122.9 	-62.5 	2     	34.0     	234   	27.6       	19.9       	15400     	-87.5
3220      	17:53:52  	122.8 	-62.5 	2     	34.0     	234   	27.5       	20.0       	15407     	-87.5
3222      	17:53:54  	122.6 	-62.5 	2     	34.1     	234   	27.5       	20.1       	15414     	-87.5
3224      	17:53:56  	122.5 	-62.5 	2     	34.0     	234   	27.4       	20.2       	15420     	-87.5
3226      	17:53:58  	122.4 	-62.5 	2     	34.1     	233   	27.4       	20.3       	15427     	-87.5
3228      	17:54:00  	122.2 	-62.5 	2     	34.2     	233   	27.4       	20.4       	15434     	-87.5
3230      	17:54:02  	122.1 	-62.6 	2     	34.1     	233   	27.3       	20.5       	15440     	-87.5
3232      	17:54:04  	122.0 	-62.6 	2     	34.2     	233   	27.3       	20.6       	15447     	-87.5
3234      	17:54:06  	121.9 	-62.6 	2     	34.3     	233   	27.4       	20.6       	15453     	-87.5
3236      	17:54:08  	121.7 	-62.6 	2     	34.3     	233   	27.4       	20.6       	15460     	-87.6
3238      	17:54:10  	121.6 	-62.7 	2     	34.3     	233   	27.4       	20.6       	15466     	-87.6
3240      	17:54:12  	121.5 	-62.7 	2     	34.4     	233   	27.6       	20.6       	15472     	-87.7
3242      	17:54:14  	121.4 	-62.7 	2     	34.5     	233   	27.7       	20.6       	15479     	-87.7
3244      	17:54:16  	121.2 	-62.7 	2     	34.7     	234   	27.9       	20.6       	15485     	-87.7
3246      	17:54:18  	121.1 	-62.7 	2     	34.8     	234   	28.0       	20.6       	15491     	-87.7
3248      	17:54:20  	121.0 	-62.8 	2     	34.9     	234   	28.2       	20.6       	15497     	-87.8
3250      	17:54:22  	120.9 	-62.8 	2     	35.0     	234   	28.3       	20.6       	15502     	-87.8
3252      	17:54:24  	120.8 	-62.8 	2     	35.2     	234   	28.5       	20.6       	15508     	-87.7
3254      	17:54:26  	120.7 	-62.8 	2     	35.3     	234   	28.7       	20.5       	15514     	-87.7
3256      	17:54:28  	120.5 	-62.8 	2     	35.5     	235   	29.0       	20.4       	15520     	-87.7
3258      	17:54:30  	120.4 	-62.9 	2     	35.6     	235   	29.3       	20.3       	15525     	-87.7
3260      	17:54:32  	120.3 	-62.9 	2     	35.8     	236   	29.5       	20.2       	15530     	-87.7
3262      	17:54:34  	120.2 	-62.9 	2     	35.8     	236   	29.6       	20.2       	15535     	-87.7
3264      	17:54:36  	120.1 	-62.9 	2     	35.9     	236   	29.8       	20.1       	15540     	-87.7
3266      	17:54:38  	120.1 	-62.9 	2     	36.0     	236   	29.9       	20.0       	15545     	-87.7
3268      	17:54:40  	120.0 	-62.9 	2     	35.9     	237   	30.0       	19.8       	15550     	-87.7
3270      	17:54:42  	119.9 	-62.9 	2     	36.1     	237   	30.2       	19.7       	15555     	-87.7
3272      	17:54:44  	119.8 	-63.0 	2     	36.1     	237   	30.2       	19.7       	15559     	-87.7
3274      	17:54:46  	119.7 	-63.0 	2     	36.0     	237   	30.2       	19.6       	15564     	-87.7
3276      	17:54:48  	119.6 	-62.9 	2     	36.0     	237   	30.2       	19.6       	15568     	-87.7
3278      	17:54:50  	119.5 	-63.0 	2     	36.0     	237   	30.2       	19.6       	15572     	-87.7
3280      	17:54:52  	119.4 	-63.0 	2     	35.9     	237   	30.2       	19.5       	15577     	-87.7
3282      	17:54:54  	119.3 	-63.0 	2     	36.0     	237   	30.3       	19.5       	15581     	-87.7
3284      	17:54:56  	119.3 	-63.0 	2     	36.0     	237   	30.3       	19.4       	15586     	-87.7
3286      	17:54:58  	119.2 	-63.0 	2     	36.1     	237   	30.4       	19.4       	15589     	-87.7
3288      	17:55:00  	119.1 	-63.0 	2     	36.1     	238   	30.5       	19.4       	15593     	-87.7
3290      	17:55:02  	119.1 	-62.9 	2     	36.1     	238   	30.5       	19.4       	15596     	-87.7
3292      	17:55:04  	119.0 	-62.9 	2     	36.2     	238   	30.6       	19.3       	15599     	-87.7
3294      	17:55:06  	118.9 	-62.9 	2     	36.3     	238   	30.7       	19.3       	15602     	-87.8
3296      	17:55:08  	118.9 	-62.9 	2     	36.4     	238   	30.9       	19.3       	15605     	-87.7
3298      	17:55:10  	118.8 	-62.9 	2     	36.4     	238   	30.9       	19.2       	15607     	-87.7
3300      	17:55:12  	118.8 	-62.9 	2     	36.4     	238   	30.9       	19.2       	15610     	-87.7
3302      	17:55:14  	118.7 	-62.9 	2     	36.5     	238   	31.0       	19.2       	15612     	-87.8
3304      	17:55:16  	118.7 	-62.8 	2     	36.5     	238   	31.1       	19.1       	15615     	-87.7
3306      	17:55:18  	118.6 	-62.8 	2     	36.7     	239   	31.4       	19.0       	15618     	-87.7
3308      	17:55:20  	118.6 	-62.8 	2     	36.8     	239   	31.6       	18.9       	15620     	-87.7
3310      	17:55:22  	118.6 	-62.7 	2     	36.9     	239   	31.8       	18.8       	15622     	-87.7
3312      	17:55:24  	118.5 	-62.7 	2     	37.1     	240   	32.0       	18.7       	15624     	-87.7
3314      	17:55:26  	118.5 	-62.7 	2     	37.2     	240   	32.2       	18.6       	15626     	-87.7
3316      	17:55:28  	118.5 	-62.6 	2     	37.3     	240   	32.4       	18.5       	15627     	-87.6
3318      	17:55:30  	118.4 	-62.5 	2     	37.3     	240   	32.5       	18.4       	15628     	-87.6
3320      	17:55:32  	118.4 	-62.5 	2     	37.6     	241   	32.8       	18.3       	15629     	-87.6
3322      	17:55:34  	118.4 	-62.4 	2     	37.7     	241   	33.1       	18.1       	15629     	-87.6
3324      	17:55:36  	118.4 	-62.4 	2     	37.9     	242   	33.3       	18.0       	15630     	-87.5
3326      	17:55:38  	118.4 	-62.3 	2     	37.9     	242   	33.4       	17.9       	15630     	-87.5
3328      	17:55:40  	118.4 	-62.2 	2     	37.9     	242   	33.5       	17.8       	15629     	-87.5
3330      	17:55:42  	118.4 	-62.1 	2     	38.1     	242   	33.7       	17.8       	15629     	-87.5
3332      	17:55:44  	118.4 	-62.0 	2     	38.2     	243   	33.9       	17.5       	15629     	-87.4
3334      	17:55:46  	118.4 	-61.9 	2     	38.1     	243   	34.1       	17.1       	15628     	-87.4
3336      	17:55:48  	118.5 	-61.8 	2     	38.3     	244   	34.4       	16.8       	15627     	-87.4
3338      	17:55:50  	118.5 	-61.7 	2     	38.3     	245   	34.6       	16.4       	15626     	-87.3
3340      	17:55:52  	118.5 	-61.6 	2     	38.3     	245   	34.7       	16.2       	15625     	-87.3
3342      	17:55:54  	118.5 	-61.5 	2     	38.4     	246   	34.9       	15.9       	15624     	-87.3
3344      	17:55:56  	118.6 	-61.4 	2     	38.4     	246   	35.1       	15.6       	15621     	-87.2
3346      	17:55:58  	118.6 	-61.3 	2     	38.7     	247   	35.6       	15.2       	15618     	-87.1
3348      	17:56:00  	118.7 	-61.2 	2     	38.9     	248   	36.0       	14.8       	15615     	-87.1
3350      	17:56:02  	118.8 	-61.1 	2     	39.2     	248   	36.5       	14.4       	15611     	-87.0
3352      	17:56:04  	118.8 	-61.0 	2     	39.4     	249   	36.8       	14.2       	15608     	-86.9
3354      	17:56:06  	118.9 	-60.8 	2     	39.7     	249   	37.1       	14.1       	15604     	-86.8
3356      	17:56:08  	119.0 	-60.7 	2     	40.0     	250   	37.5       	14.0       	15601     	-86.7
3358      	17:56:10  	119.0 	-60.6 	2     	40.2     	250   	37.8       	13.6       	15597     	-86.6
3360      	17:56:12  	119.1 	-60.5 	2     	40.4     	251   	38.1       	13.3       	15594     	-86.5
3362      	17:56:14  	119.2 	-60.4 	2     	40.5     	251   	38.4       	13.0       	15590     	-86.4
3364      	17:56:16  	119.2 	-60.2 	2     	40.6     	252   	38.6       	12.7       	15587     	-86.3
3366      	17:56:18  	119.3 	-60.1 	2     	40.6     	252   	38.6       	12.5       	15584     	-86.2
3368      	17:56:20  	119.4 	-60.0 	2     	40.5     	252   	38.6       	12.3       	15580     	-86.1
3370      	17:56:22  	119.4 	-59.9 	2     	40.4     	253   	38.5       	12.1       	15577     	-86.0
3372      	17:56:24  	119.5 	-59.8 	2     	40.2     	253   	38.4       	11.8       	15573     	-85.9
3374      	17:56:26  	119.5 	-59.7 	2     	40.0     	253   	38.3       	11.6       	15570     	-85.9
3376      	17:56:28  	119.6 	-59.5 	2     	39.8     	254   	38.2       	11.3       	15567     	-85.8
3378      	17:56:30  	119.7 	-59.4 	2     	39.7     	253   	38.1       	11.3       	15564     	-85.8
3380      	17:56:32  	119.7 	-59.3 	2     	39.5     	253   	37.9       	11.3       	15561     	-85.7
3382      	17:56:34  	119.8 	-59.2 	2     	39.4     	253   	37.8       	11.2       	15558     	-85.7
3384      	17:56:36  	119.8 	-59.1 	2     	39.0     	253   	37.4       	11.2       	15555     	-85.6
3386      	17:56:38  	119.9 	-59.0 	2     	38.7     	253   	37.0       	11.2       	15553     	-85.6
3388      	17:56:40  	119.9 	-58.9 	2     	38.3     	253   	36.6       	11.2       	15550     	-85.5
3390      	17:56:42  	120.0 	-58.8 	2     	38.0     	253   	36.3       	11.2       	15549     	-85.4
3392      	17:56:44  	120.0 	-58.6 	2     	37.7     	253   	36.0       	11.2       	15548     	-85.3
3394      	17:56:46  	120.0 	-58.5 	2     	37.4     	253   	35.7       	11.2       	15546     	-85.3
3396      	17:56:48  	120.0 	-58.4 	2     	37.0     	252   	35.3       	11.2       	15546     	-85.2
3398      	17:56:50  	120.0 	-58.3 	2     	36.5     	252   	34.8       	11.1       	15545     	-85.1
3400      	17:56:52  	120.0 	-58.1 	2     	35.9     	252   	34.2       	11.0       	15544     	-85.0
3402      	17:56:54  	120.0 	-58.0 	2     	35.4     	252   	33.7       	10.9       	15544     	-84.9
3404      	17:56:56  	120.0 	-57.9 	2     	35.1     	252   	33.4       	10.8       	15544     	-84.8
3406      	17:56:58  	120.0 	-57.8 	2     	34.9     	252   	33.2       	10.7       	15544     	-84.7
3408      	17:57:00  	120.0 	-57.7 	2     	34.6     	252   	32.9       	10.6       	15545     	-84.7
3410      	17:57:02  	120.0 	-57.6 	2     	34.0     	252   	32.4       	10.4       	15545     	-84.6
3412      	17:57:04  	120.0 	-57.5 	2     	33.5     	252   	31.9       	10.2       	15546     	-84.5
3414      	17:57:06  	120.0 	-57.4 	2     	33.0     	252   	31.4       	10.0       	15547     	-84.4
3416      	17:57:08  	120.0 	-57.4 	2     	32.5     	252   	31.0       	9.8        	15549     	-84.3
3418      	17:57:10  	119.9 	-57.3 	2     	32.2     	252   	30.7       	9.7        	15551     	-84.3
3420      	17:57:12  	119.9 	-57.2 	2     	32.0     	253   	30.5       	9.6        	15553     	-84.2
3422      	17:57:14  	119.8 	-57.1 	2     	31.6     	253   	30.2       	9.4        	15555     	-84.1
3424      	17:57:16  	119.8 	-57.0 	2     	31.3     	253   	29.9       	9.2        	15557     	-84.1
3426      	17:57:18  	119.8 	-57.0 	2     	30.9     	253   	29.6       	8.9        	15559     	-84.0
3428      	17:57:20  	119.7 	-56.9 	2     	30.6     	253   	29.3       	8.7        	15561     	-83.9
3430      	17:57:22  	119.7 	-56.9 	2     	30.5     	254   	29.3       	8.5        	15564     	-83.8
3432      	17:57:24  	119.6 	-56.8 	2     	30.5     	254   	29.3       	8.4        	15566     	-83.7
3434      	17:57:26  	119.6 	-56.8 	2     	30.4     	254   	29.3       	8.2        	15570     	-83.7
3436      	17:57:28  	119.5 	-56.7 	2     	30.2     	255   	29.1       	7.9        	15574     	-83.6
3438      	17:57:30  	119.4 	-56.7 	2     	29.9     	255   	28.9       	7.6        	15578     	-83.6
3440      	17:57:32  	119.3 	-56.7 	2     	29.7     	256   	28.8       	7.3        	15582     	-83.6
3442      	17:57:34  	119.2 	-56.7 	2     	29.4     	256   	28.6       	7.0        	15587     	-83.6
3444      	17:57:36  	119.2 	-56.6 	2     	29.2     	257   	28.4       	6.8        	15591     	-83.6
3446      	17:57:38  	119.1 	-56.6 	2     	29.1     	257   	28.3       	6.6        	15596     	-83.6
3448      	17:57:40  	119.0 	-56.6 	2     	28.7     	257   	28.0       	6.4        	15602     	-83.5
3450      	17:57:42  	118.9 	-56.6 	2     	28.3     	258   	27.6       	6.1        	15607     	-83.5
3452      	17:57:44  	118.7 	-56.7 	2     	27.8     	258   	27.2       	5.8        	15613     	-83.5
3454      	17:57:46  	118.6 	-56.7 	2     	27.4     	258   	26.8       	5.5        	15619     	-83.5
3456      	17:57:48  	118.5 	-56.7 	2     	27.1     	259   	26.6       	5.3        	15625     	-83.5
3458      	17:57:50  	118.4 	-56.7 	2     	26.9     	259   	26.4       	5.2        	15632     	-83.5
3460      	17:57:52  	118.3 	-56.7 	2     	26.7     	259   	26.2       	5.1        	15638     	-83.5
3462      	17:57:54  	118.1 	-56.7 	2     	26.1     	259   	25.6       	5.0        	15646     	-83.5
3464      	17:57:56  	118.0 	-56.8 	2     	25.5     	259   	25.0       	5.0        	15653     	-83.5
3466      	17:57:58  	117.8 	-56.8 	2     	24.9     	259   	24.4       	4.9        	15661     	-83.5
3468      	17:58:00  	117.7 	-56.9 	2     	24.4     	258   	23.9       	4.9        	15669     	-83.5
3470      	17:58:02  	117.5 	-56.9 	2     	24.0     	258   	23.5       	5.0        	15678     	-83.5
3472      	17:58:04  	117.4 	-57.0 	2     	23.7     	258   	23.1       	5.1        	15686     	-83.5
3474      	17:58:06  	117.2 	-57.0 	2     	23.2     	257   	22.6       	5.2        	15694     	-83.5
3476      	17:58:08  	117.1 	-57.1 	2     	22.6     	256   	22.0       	5.3        	15703     	-83.5
3478      	17:58:10  	116.9 	-57.1 	2     	22.0     	256   	21.3       	5.5        	15711     	-83.5
3480      	17:58:12  	116.8 	-57.2 	2     	21.5     	255   	20.7       	5.7        	15719     	-83.5
3482      	17:58:14  	116.6 	-57.3 	2     	21.2     	254   	20.4       	5.8        	15727     	-83.5
3484      	17:58:16  	116.5 	-57.3 	2     	20.9     	254   	20.1       	5.9        	15736     	-83.5
3486      	17:58:18  	116.3 	-57.4 	2     	20.8     	253   	19.9       	6.0        	15745     	-83.6
3488      	17:58:20  	116.1 	-57.4 	2     	20.4     	252   	19.4       	6.3        	15753     	-83.6
3490      	17:58:22  	116.0 	-57.5 	2     	20.0     	251   	18.9       	6.5        	15762     	-83.7
3492      	17:58:24  	115.8 	-57.6 	2     	19.6     	250   	18.4       	6.7        	15770     	-83.7
3494      	17:58:26  	115.7 	-57.6 	2     	19.4     	249   	18.1       	6.9        	15779     	-83.7
3496      	17:58:28  	115.5 	-57.7 	2     	19.1     	249   	17.8       	7.0        	15787     	-83.8
3498      	17:58:30  	115.4 	-57.8 	2     	19.0     	248   	17.6       	7.1        	15795     	-83.8
3500      	17:58:32  	115.2 	-57.8 	2     	18.9     	247   	17.4       	7.3        	15802     	-83.8
3502      	17:58:34  	115.1 	-57.9 	2     	18.7     	247   	17.2       	7.4        	15810     	-83.9
3504      	17:58:36  	115.0 	-58.0 	2     	18.6     	246   	17.0       	7.6        	15818     	-83.9
3506      	17:58:38  	114.8 	-58.1 	2     	18.5     	245   	16.8       	7.7        	15826     	-84.0
3508      	17:58:40  	114.7 	-58.2 	2     	18.5     	245   	16.8       	7.8        	15834     	-84.0
3510      	17:58:42  	114.5 	-58.2 	2     	18.6     	245   	16.9       	7.8        	15842     	-84.0
3512      	17:58:44  	114.4 	-58.3 	2     	18.6     	245   	16.8       	7.9        	15851     	-84.1
3514      	17:58:46  	114.2 	-58.4 	2     	18.5     	244   	16.7       	8.0        	15859     	-84.1
3516      	17:58:48  	114.0 	-58.5 	2     	18.5     	244   	16.6       	8.2        	15868     	-84.2
3518      	17:58:50  	113.9 	-58.5 	2     	18.5     	243   	16.5       	8.3        	15878     	-84.2
3520      	17:58:52  	113.7 	-58.6 	2     	18.5     	243   	16.4       	8.5        	15888     	-84.3
3522      	17:58:54  	113.5 	-58.7 	2     	18.4     	242   	16.3       	8.6        	15898     	-84.3
3524      	17:58:56  	113.3 	-58.8 	2     	18.3     	242   	16.1       	8.7        	15908     	-84.4
3526      	17:58:58  	113.2 	-58.8 	2     	18.0     	240   	15.6       	8.9        	15917     	-84.5
3528      	17:59:00  	113.0 	-58.9 	2     	17.6     	239   	15.1       	9.1        	15927     	-84.6
3530      	17:59:02  	112.8 	-59.0 	2     	17.4     	237   	14.6       	9.4        	15937     	-84.7
3532      	17:59:04  	112.6 	-59.0 	2     	17.1     	236   	14.2       	9.5        	15947     	-84.7
3534      	17:59:06  	112.4 	-59.1 	2     	16.9     	235   	13.9       	9.7        	15957     	-84.8
3536      	17:59:08  	112.3 	-59.2 	2     	16.7     	234   	13.5       	9.8        	15967     	-84.8
3538      	17:59:10  	112.1 	-59.3 	2     	16.4     	233   	13.1       	9.9        	15976     	-84.9
3540      	17:59:12  	111.9 	-59.3 	2     	16.1     	231   	12.6       	10.1       	15986     	-84.9
3542      	17:59:14  	111.8 	-59.4 	2     	15.8     	230   	12.1       	10.2       	15995     	-84.9
3544      	17:59:16  	111.6 	-59.5 	2     	15.6     	228   	11.6       	10.4       	16005     	-84.9
3546      	17:59:18  	111.4 	-59.6 	2     	15.5     	227   	11.4       	10.5       	16015     	-84.9
3548      	17:59:20  	111.2 	-59.6 	2     	15.4     	227   	11.3       	10.5       	16025     	-84.9
3550      	17:59:22  	111.1 	-59.7 	2     	15.3     	226   	11.1       	10.6       	16035     	-84.9
3552      	17:59:24  	110.9 	-59.8 	2     	15.1     	226   	10.8       	10.6       	16045     	-85.0
3554      	17:59:26  	110.7 	-59.9 	2     	15.0     	224   	10.5       	10.7       	16054     	-85.0
3556      	17:59:28  	110.5 	-60.0 	2     	14.8     	223   	10.1       	10.8       	16064     	-85.0
3558      	17:59:30  	110.4 	-60.0 	2     	14.6     	222   	9.8        	10.8       	16074     	-85.0
3560      	17:59:32  	110.2 	-60.1 	2     	14.5     	222   	9.7        	10.8       	16084     	-85.1
3562      	17:59:34  	110.0 	-60.2 	2     	14.5     	221   	9.5        	10.9       	16094     	-85.2
3564      	17:59:36  	109.8 	-60.3 	2     	14.3     	220   	9.2        	10.9       	16104     	-85.3
3566      	17:59:38  	109.6 	-60.4 	2     	14.0     	219   	8.8        	10.9       	16114     	-85.3
3568      	17:59:40  	109.5 	-60.5 	2     	13.8     	217   	8.3        	11.0       	16124     	-85.4
3570      	17:59:42  	109.3 	-60.5 	2     	13.5     	216   	7.9        	11.0       	16135     	-85.5
3572      	17:59:44  	109.1 	-60.6 	2     	13.5     	214   	7.6        	11.1       	16145     	-85.6
3574      	17:59:46  	108.9 	-60.7 	2     	13.3     	214   	7.4        	11.1       	16155     	-85.7
3576      	17:59:48  	108.7 	-60.8 	2     	13.2     	213   	7.1        	11.1       	16166     	-85.8
3578      	17:59:50  	108.5 	-60.9 	2     	13.0     	211   	6.8        	11.1       	16177     	-85.9
3580      	17:59:52  	108.4 	-61.0 	2     	12.8     	210   	6.4        	11.1       	16188     	-86.0
3582      	17:59:54  	108.2 	-61.1 	2     	12.7     	209   	6.1        	11.1       	16199     	-86.1
3584      	17:59:56  	108.0 	-61.2 	2     	12.6     	208   	5.9        	11.1       	16210     	-86.1
3586      	17:59:58  	107.8 	-61.3 	2     	12.5     	208   	5.8        	11.1       	16220     	-86.2
3588      	18:00:00  	107.6 	-61.4 	2     	12.4     	208   	5.8        	11.0       	16231     	-86.2
3590      	18:00:02  	107.4 	-61.5 	2     	12.3     	207   	5.6        	11.0       	16241     	-86.2
3592      	18:00:04  	107.3 	-61.6 	2     	12.3     	207   	5.5        	11.0       	16251     	-86.3
3594      	18:00:06  	107.1 	-61.7 	2     	12.2     	206   	5.3        	11.0       	16261     	-86.3
3596      	18:00:08  	106.9 	-61.8 	2     	12.0     	205   	5.1        	10.9       	16271     	-86.3
3598      	18:00:10  	106.7 	-61.8 	2     	12.0     	205   	5.0        	10.9       	16281     	-86.3
3600      	18:00:12  	106.6 	-61.9 	2     	12.0     	204   	4.9        	10.9       	16292     	-86.3
3602      	18:00:14  	106.4 	-62.0 	2     	11.9     	204   	4.8        	10.9       	16302     	-86.4
3604      	18:00:16  	106.2 	-62.1 	2     	11.9     	203   	4.6        	11.0       	16312     	-86.4
3606      	18:00:18  	106.0 	-62.2 	2     	11.9     	202   	4.5        	11.0       	16321     	-86.5
3608      	18:00:20  	105.9 	-62.3 	2     	11.9     	202   	4.4        	11.1       	16332     	-86.5
3610      	18:00:22  	105.7 	-62.4 	2     	12.0     	201   	4.3        	11.2       	16342     	-86.6
3612      	18:00:24  	105.5 	-62.5 	2     	12.0     	201   	4.3        	11.2       	16352     	-86.6
3614      	18:00:26  	105.4 	-62.6 	2     	12.1     	200   	4.2        	11.3       	16361     	-86.7
3616      	18:00:28  	105.2 	-62.7 	2     	12.1     	200   	4.2        	11.3       	16371     	-86.7
3618      	18:00:30  	105.0 	-62.8 	2     	12.1     	200   	4.2        	11.4       	16381     	-86.8
3620      	18:00:32  	104.8 	-62.9 	2     	12.3     	201   	4.3        	11.5       	16391     	-86.9
3622      	18:00:34  	104.7 	-63.0 	2     	12.4     	200   	4.3        	11.6       	16401     	-87.0
3624      	18:00:36  	104.5 	-63.1 	2     	12.4     	200   	4.3        	11.6       	16412     	-87.0
3626      	18:00:38  	104.3 	-63.2 	2     	12.4     	201   	4.4        	11.6       	16422     	-87.1
3628      	18:00:40  	104.2 	-63.3 	2     	12.5     	201   	4.4        	11.7       	16432     	-87.2
3630      	18:00:42  	104.0 	-63.4 	2     	12.6     	201   	4.5        	11.8       	16442     	-87.2
3632      	18:00:44  	103.8 	-63.5 	2     	12.7     	202   	4.7        	11.8       	16452     	-87.3
3634      	18:00:46  	103.7 	-63.6 	2     	12.8     	202   	4.8        	11.9       	16461     	-87.4
3636      	18:00:48  	103.5 	-63.7 	2     	13.0     	202   	4.9        	12.0       	16472     	-87.4
3638      	18:00:50  	103.3 	-63.8 	2     	13.1     	202   	5.0        	12.1       	16482     	-87.5
3640      	18:00:52  	103.1 	-63.9 	2     	13.1     	203   	5.1        	12.1       	16492     	-87.5
3642      	18:00:54  	103.0 	-64.0 	2     	13.3     	203   	5.2        	12.2       	16502     	-87.6
3644      	18:00:56  	102.8 	-64.1 	2     	13.4     	203   	5.3        	12.3       	16512     	-87.7
3646      	18:00:58  	102.6 	-64.2 	2     	13.6     	204   	5.5        	12.4       	16522     	-87.8
3648      	18:01:00  	102.5 	-64.3 	2     	13.7     	204   	5.6        	12.5       	16532     	-87.9
3650      	18:01:02  	102.3 	-64.3 	2     	13.8     	204   	5.7        	12.6       	16543     	-87.9
3652      	18:01:04  	102.1 	-64.4 	2     	13.9     	205   	5.8        	12.6       	16552     	-88.0
3654      	18:01:06  	102.0 	-64.5 	2     	13.9     	205   	5.8        	12.6       	16562     	-88.1
3656      	18:01:08  	101.8 	-64.6 	2     	14.0     	205   	5.9        	12.7       	16572     	-88.2
3658      	18:01:10  	101.6 	-64.7 	2     	14.0     	205   	5.9        	12.7       	16582     	-88.2
3660      	18:01:12  	101.4 	-64.8 	2     	14.1     	205   	5.9        	12.8       	16593     	-88.3
3662      	18:01:14  	101.3 	-64.9 	2     	14.2     	205   	6.0        	12.9       	16604     	-88.4
3664      	18:01:16  	101.1 	-64.9 	2     	14.2     	205   	5.9        	12.9       	16614     	-88.5
3666      	18:01:18  	100.9 	-65.0 	2     	14.2     	205   	5.9        	12.9       	16623     	-88.5
3668      	18:01:20  	100.8 	-65.1 	2     	14.1     	204   	5.8        	12.9       	16633     	-88.6
3670      	18:01:22  	100.6 	-65.1 	2     	14.2     	204   	5.8        	13.0       	16642     	-88.6
3672      	18:01:24  	100.5 	-65.2 	2     	14.2     	204   	5.7        	13.0       	16652     	-88.6
3674      	18:01:26  	100.3 	-65.3 	2     	14.2     	203   	5.6        	13.0       	16661     	-88.7
3676      	18:01:28  	100.2 	-65.3 	2     	14.2     	203   	5.6        	13.0       	16670     	-88.7
3678      	18:01:30  	100.0 	-65.4 	2     	14.1     	203   	5.5        	13.0       	16679     	-88.7
3680      	18:01:32  	99.9  	-65.5 	2     	14.2     	203   	5.6        	13.0       	16689     	-88.8
3682      	18:01:34  	99.7  	-65.5 	2     	14.0     	204   	5.6        	12.8       	16698     	-88.8
3684      	18:01:36  	99.6  	-65.6 	2     	13.9     	204   	5.7        	12.7       	16707     	-88.9
3686      	18:01:38  	99.4  	-65.6 	2     	13.9     	205   	5.8        	12.6       	16717     	-89.0
3688      	18:01:40  	99.3  	-65.7 	2     	13.8     	205   	5.9        	12.5       	16726     	-89.0
3690      	18:01:42  	99.1  	-65.8 	2     	13.7     	206   	6.1        	12.3       	16736     	-89.1
3692      	18:01:44  	98.9  	-65.8 	2     	13.7     	207   	6.2        	12.2       	16746     	-89.1
3694      	18:01:46  	98.8  	-65.8 	2     	13.7     	208   	6.4        	12.1       	16756     	-89.2
3696      	18:01:48  	98.6  	-65.9 	2     	13.6     	208   	6.5        	12.0       	16766     	-89.3
3698      	18:01:50  	98.5  	-65.9 	2     	13.7     	209   	6.7        	11.9       	16775     	-89.3
3700      	18:01:52  	98.3  	-66.0 	2     	13.7     	210   	6.8        	11.9       	16784     	-89.3
3702      	18:01:54  	98.2  	-66.0 	2     	13.8     	210   	6.9        	11.9       	16793     	-89.4
3704      	18:01:56  	98.0  	-66.0 	2     	13.8     	210   	6.9        	11.9       	16803     	-89.4
3706      	18:01:58  	97.9  	-66.1 	2     	13.9     	211   	7.1        	11.9       	16812     	-89.5
3708      	18:02:00  	97.7  	-66.1 	2     	14.0     	211   	7.3        	12.0       	16821     	-89.5
3710      	18:02:02  	97.6  	-66.1 	2     	14.2     	212   	7.5        	12.0       	16829     	-89.5
3712      	18:02:04  	97.4  	-66.1 	2     	14.3     	212   	7.7        	12.1       	16838     	-89.5
3714      	18:02:06  	97.3  	-66.1 	2     	14.4     	213   	7.8        	12.1       	16846     	-89.6
3716      	18:02:08  	97.2  	-66.1 	2     	14.5     	213   	8.0        	12.1       	16854     	-89.6
3718      	18:02:10  	97.0  	-66.2 	2     	14.6     	214   	8.1        	12.2       	16862     	-89.7
3720      	18:02:12  	96.9  	-66.2 	2     	14.6     	216   	8.5        	11.9       	16872     	-89.8
3722      	18:02:14  	96.7  	-66.2 	2     	14.7     	217   	8.9        	11.7       	16882     	-89.8
3724      	18:02:16  	96.6  	-66.2 	2     	14.7     	219   	9.2        	11.5       	16893     	-89.9
3726      	18:02:18  	96.4  	-66.2 	2     	14.8     	220   	9.5        	11.3       	16903     	-89.9
3728      	18:02:20  	96.2  	-66.2 	2     	14.7     	221   	9.7        	11.0       	16914     	-90.0
3730      	18:02:22  	96.1  	-66.2 	2     	14.7     	223   	9.9        	10.8       	16925     	-90.0
3732      	18:02:24  	95.9  	-66.1 	2     	14.5     	225   	10.2       	10.3       	16936     	-90.0
3734      	18:02:26  	95.7  	-66.1 	2     	14.3     	228   	10.6       	9.6        	16947     	-90.0
3736      	18:02:28  	95.5  	-66.0 	2     	14.1     	231   	11.0       	8.8        	16959     	-89.9
3738      	18:02:30  	95.3  	-66.0 	2     	13.9     	234   	11.3       	8.1        	16970     	-89.9
3740      	18:02:32  	95.2  	-65.9 	2     	13.8     	237   	11.5       	7.6        	16982     	-89.8
3742      	18:02:34  	95.0  	-65.8 	2     	13.6     	239   	11.6       	7.1        	16992     	-89.8
3744      	18:02:36  	94.8  	-65.7 	2     	13.5     	241   	11.8       	6.6        	17002     	-89.7
3746      	18:02:38  	94.7  	-65.7 	2     	13.6     	244   	12.2       	6.0        	17012     	-89.7
3748      	18:02:40  	94.6  	-65.6 	2     	13.7     	247   	12.6       	5.3        	17021     	-89.7
3750      	18:02:42  	94.4  	-65.5 	2     	13.8     	251   	13.0       	4.6        	17030     	-89.6
3752      	18:02:44  	94.3  	-65.4 	2     	14.0     	253   	13.4       	4.2        	17039     	-89.6
3754      	18:02:46  	94.1  	-65.3 	2     	14.3     	254   	13.7       	4.0        	17049     	-89.5
3756      	18:02:48  	94.0  	-65.1 	2     	14.4     	255   	13.9       	3.8        	17059     	-89.4
3758      	18:02:50  	93.8  	-65.0 	2     	14.7     	255   	14.2       	3.7        	17069     	-89.3
3760      	18:02:52  	93.6  	-64.8 	2     	15.0     	257   	14.6       	3.4        	17079     	-89.2
3762      	18:02:54  	93.5  	-64.6 	2     	15.3     	258   	15.0       	3.2        	17089     	-89.1
3764      	18:02:56  	93.3  	-64.4 	2     	15.6     	259   	15.3       	3.0        	17099     	-88.9
3766      	18:02:58  	93.2  	-64.3 	2     	15.7     	259   	15.4       	2.9        	17109     	-88.8
3768      	18:03:00  	93.0  	-64.1 	2     	15.8     	260   	15.5       	2.8        	17119     	-88.7
3770      	18:03:02  	92.9  	-63.9 	2     	15.8     	260   	15.6       	2.8        	17129     	-88.6
3772      	18:03:04  	92.7  	-63.7 	2     	15.3     	260   	15.1       	2.6        	17138     	-88.5
3774      	18:03:06  	92.6  	-63.6 	2     	14.8     	261   	14.6       	2.4        	17148     	-88.4
3776      	18:03:08  	92.5  	-63.4 	2     	14.4     	261   	14.2       	2.2        	17158     	-88.2
3778      	18:03:10  	92.3  	-63.2 	2     	13.7     	262   	13.6       	2.0        	17167     	-88.1
3780      	18:03:12  	92.2  	-63.1 	2     	13.2     	262   	13.1       	1.8        	17177     	-87.9
3782      	18:03:14  	92.0  	-63.0 	2     	12.6     	262   	12.5       	1.7        	17187     	-87.8
3784      	18:03:16  	91.9  	-62.9 	2     	11.8     	262   	11.7       	1.6        	17196     	-87.7
3786      	18:03:18  	91.7  	-62.8 	2     	10.7     	262   	10.6       	1.5        	17206     	-87.6
3788      	18:03:20  	91.6  	-62.7 	2     	9.6      	261   	9.5        	1.5        	17216     	-87.6
3790      	18:03:22  	91.4  	-62.6 	2     	8.5      	261   	8.4        	1.4        	17225     	-87.5
3792      	18:03:24  	91.3  	-62.6 	2     	7.9      	259   	7.8        	1.5        	17235     	-87.4
3794      	18:03:26  	91.2  	-62.4 	2     	7.5      	258   	7.3        	1.6        	17244     	-87.3
3796      	18:03:28  	91.0  	-62.3 	2     	7.0      	256   	6.8        	1.7        	17253     	-87.2
3798      	18:03:30  	90.9  	-62.3 	2     	6.3      	250   	5.9        	2.1        	17265     	-87.2
3800      	18:03:32  	90.7  	-62.2 	2     	5.7      	244   	5.1        	2.5        	17277     	-87.1
3802      	18:03:34  	90.5  	-62.2 	2     	5.1      	235   	4.2        	2.9        	17289     	-87.1
3804      	18:03:36  	90.3  	-62.2 	2     	4.8      	228   	3.6        	3.2        	17300     	-87.1
3806      	18:03:38  	90.2  	-62.3 	2     	4.7      	222   	3.2        	3.5        	17312     	-87.1
3808      	18:03:40  	90.0  	-62.3 	2     	4.8      	217   	2.9        	3.8        	17324     	-87.1
3810      	18:03:42  	89.9  	-62.4 	2     	4.8      	211   	2.5        	4.1        	17333     	-87.1
3812      	18:03:44  	89.7  	-62.4 	2     	4.7      	204   	1.9        	4.3        	17342     	-87.1
3814      	18:03:46  	89.6  	-62.5 	2     	4.8      	197   	1.4        	4.6        	17351     	-87.1
3816      	18:03:48  	89.5  	-62.5 	2     	5.0      	189   	0.8        	4.9        	17359     	-87.1
3818      	18:03:50  	89.3  	-62.6 	2     	4.9      	187   	0.6        	4.9        	17368     	-87.1
3820      	18:03:52  	89.2  	-62.6 	2     	4.8      	185   	0.4        	4.8        	17377     	-87.1
3822      	18:03:54  	89.1  	-62.7 	2     	4.1      	169   	-0.8       	4.0        	17386     	-87.1
3824      	18:03:56  	89.0  	-62.8 	2     	3.7      	146   	-2.1       	3.1        	17395     	-87.2
3826      	18:03:58  	88.8  	-62.8 	2     	4.1      	121   	-3.5       	2.1        	17404     	-87.2
3828      	18:04:00  	88.7  	-62.9 	2     	4.9      	104   	-4.8       	1.2        	17414     	-87.3
3830      	18:04:02  	88.6  	-62.9 	2     	6.0      	092   	-6.0       	0.2        	17423     	-87.3
3832      	18:04:04  	88.4  	-63.0 	2     	7.1      	084   	-7.1       	-0.7       	17432     	-87.3
3834      	18:04:06  	88.3  	-63.1 	2     	8.4      	078   	-8.2       	-1.7       	17441     	-87.3
3836      	18:04:08  	88.2  	-63.1 	2     	9.7      	074   	-9.3       	-2.6       	17450     	-87.4
3838      	18:04:10  	88.0  	-63.2 	2     	10.7     	072   	-10.2      	-3.3       	17460     	-87.4
3840      	18:04:12  	87.9  	-63.2 	2     	10.7     	074   	-10.3      	-3.0       	17469     	-87.4
3842      	18:04:14  	87.8  	-63.3 	2     	9.6      	078   	-9.4       	-2.0       	17478     	-87.4
3844      	18:04:16  	87.6  	-63.3 	2     	8.4      	085   	-8.4       	-0.8       	17488     	-87.4
3846      	18:04:18  	87.5  	-63.4 	2     	7.5      	093   	-7.5       	0.4        	17497     	-87.4
3848      	18:04:20  	87.4  	-63.5 	2     	6.7      	104   	-6.5       	1.6        	17506     	-87.5
3850      	18:04:22  	87.2  	-63.6 	2     	6.1      	116   	-5.5       	2.7        	17515     	-87.5
3852      	18:04:24  	87.1  	-63.7 	2     	6.0      	131   	-4.5       	3.9        	17523     	-87.6
3854      	18:04:26  	87.0  	-63.7 	2     	6.2      	146   	-3.5       	5.1        	17532     	-87.6
3856      	18:04:28  	86.9  	-63.8 	2     	6.8      	158   	-2.5       	6.3        	17540     	-87.6
3858      	18:04:30  	86.8  	-63.8 	2     	7.4      	166   	-1.8       	7.2        	17549     	-87.7
3860      	18:04:32  	86.6  	-63.9 	2     	7.4      	166   	-1.8       	7.2        	17557     	-87.7
3862      	18:04:34  	86.5  	-63.9 	2     	7.4      	166   	-1.8       	7.2        	17566     	-87.8
3864      	18:04:36  	86.4  	-63.9 	2     	7.4      	166   	-1.8       	7.2        	17575     	-87.8
3866      	18:04:38  	86.3  	-64.0 	2     	7.5      	169   	-1.4       	7.4        	17583     	-87.8
3868      	18:04:40  	86.2  	-64.0 	2     	7.7      	173   	-1.0       	7.6        	17592     	-87.9
3870      	18:04:42  	86.0  	-64.1 	2     	7.8      	176   	-0.6       	7.8        	17600     	-87.9
3872      	18:04:44  	85.9  	-64.1 	2     	8.0      	179   	-0.1       	8.0        	17610     	-87.9
3874      	18:04:46  	85.8  	-64.1 	2     	8.2      	182   	0.3        	8.2        	17620     	-87.9
3876      	18:04:48  	85.6  	-64.1 	2     	8.4      	185   	0.7        	8.4        	17630     	-87.9
3878      	18:04:50  	85.5  	-64.1 	2     	8.7      	187   	1.1        	8.6        	17640     	-87.9
3880      	18:04:52  	85.4  	-64.0 	2     	8.9      	190   	1.5        	8.8        	17649     	-87.9
3882      	18:04:54  	85.2  	-64.1 	2     	9.2      	193   	2.0        	9.0        	17658     	-88.0
3884      	18:04:56  	85.1  	-64.1 	2     	9.5      	195   	2.4        	9.2        	17667     	-88.0
3886      	18:04:58  	85.0  	-64.1 	2     	9.5      	195   	2.5        	9.2        	17676     	-88.0
3888      	18:05:00  	84.8  	-64.1 	2     	9.5      	195   	2.5        	9.2        	17685     	-87.9
3890      	18:05:02  	84.7  	-64.1 	2     	9.7      	196   	2.6        	9.3        	17697     	-87.9
3892      	18:05:04  	84.5  	-64.1 	2     	10.5     	202   	3.9        	9.8        	17709     	-87.9
3894      	18:05:06  	84.4  	-64.0 	2     	11.5     	207   	5.2        	10.3       	17720     	-87.8
3896      	18:05:08  	84.2  	-64.0 	2     	12.6     	211   	6.5        	10.8       	17730     	-87.8
3898      	18:05:10  	84.1  	-63.9 	2     	13.8     	214   	7.7        	11.4       	17740     	-87.8
3900      	18:05:12  	84.0  	-63.9 	2     	14.9     	217   	9.0        	11.9       	17750     	-87.7
3902      	18:05:14  	83.8  	-63.8 	2     	16.1     	220   	10.3       	12.4       	17759     	-87.7
3904      	18:05:16  	83.7  	-63.7 	2     	17.4     	222   	11.6       	13.0       	17769     	-87.7
3906      	18:05:18  	83.6  	-63.6 	2     	18.7     	224   	12.9       	13.5       	17779     	-87.6
3908      	18:05:20  	83.4  	-63.5 	2     	19.9     	225   	14.2       	14.0       	17789     	-87.6
3910      	18:05:22  	83.3  	-63.5 	2     	20.4     	227   	14.8       	14.0       	17798     	-87.6
3912      	18:05:24  	83.2  	-63.4 	2     	19.4     	227   	14.2       	13.2       	17808     	-87.6
3914      	18:05:26  	83.0  	-63.4 	2     	18.4     	228   	13.6       	12.4       	17818     	-87.6
3916      	18:05:28  	82.9  	-63.3 	2     	17.5     	228   	13.0       	11.7       	17828     	-87.5
3918      	18:05:30  	82.8  	-63.3 	2     	16.5     	229   	12.4       	10.9       	17837     	-87.5
3920      	18:05:32  	82.6  	-63.3 	2     	15.5     	229   	11.7       	10.2       	17847     	-87.4
3922      	18:05:34  	82.5  	-63.3 	2     	14.5     	229   	11.0       	9.5        	17856     	-87.4
3924      	18:05:36  	82.4  	-63.2 	2     	13.5     	229   	10.2       	8.9        	17865     	-87.3
3926      	18:05:38  	82.3  	-63.2 	2     	12.5     	229   	9.4        	8.2        	17875     	-87.3
3928      	18:05:40  	82.1  	-63.2 	2     	11.5     	229   	8.6        	7.6        	17885     	-87.2
3930      	18:05:42  	82.0  	-63.1 	2     	11.1     	228   	8.2        	7.5        	17894     	-87.2
3932      	18:05:44  	81.9  	-63.1 	2     	11.1     	227   	8.1        	7.6        	17903     	-87.2
3934      	18:05:46  	81.8  	-63.0 	2     	11.0     	226   	7.9        	7.7        	17913     	-87.2
3936      	18:05:48  	81.6  	-62.9 	2     	11.1     	225   	7.8        	7.9        	17923     	-87.1
3938      	18:05:50  	81.5  	-62.8 	2     	11.2     	223   	7.7        	8.2        	17933     	-87.1
3940      	18:05:52  	81.4  	-62.8 	2     	11.4     	222   	7.6        	8.5        	17943     	-87.1
3942      	18:05:54  	81.2  	-62.7 	2     	11.6     	221   	7.6        	8.7        	17953     	-87.1
3944      	18:05:56  	81.1  	-62.7 	2     	11.8     	221   	7.8        	8.9        	17962     	-87.1
3946      	18:05:58  	81.0  	-62.6 	2     	12.1     	221   	7.9        	9.1        	17972     	-87.0
3948      	18:06:00  	80.8  	-62.6 	2     	12.1     	220   	7.8        	9.2        	17982     	-87.0
3950      	18:06:02  	80.7  	-62.6 	2     	12.2     	219   	7.7        	9.4        	17992     	-87.0
3952      	18:06:04  	80.6  	-62.6 	2     	12.2     	218   	7.6        	9.6        	18002     	-86.9
3954      	18:06:06  	80.5  	-62.6 	2     	12.3     	217   	7.4        	9.8        	18012     	-86.9
3956      	18:06:08  	80.3  	-62.6 	2     	12.2     	216   	7.2        	9.9        	18022     	-86.9
3958      	18:06:10  	80.2  	-62.6 	2     	12.1     	215   	7.0        	9.9        	18032     	-86.8
3960      	18:06:12  	80.1  	-62.6 	2     	12.0     	214   	6.8        	9.9        	18041     	-86.8
3962      	18:06:14  	79.9  	-62.6 	2     	11.8     	214   	6.5        	9.8        	18051     	-86.7
3964      	18:06:16  	79.8  	-62.6 	2     	11.7     	213   	6.3        	9.8        	18061     	-86.7
3966      	18:06:18  	79.7  	-62.6 	2     	11.5     	212   	6.1        	9.7        	18071     	-86.6
3968      	18:06:20  	79.6  	-62.6 	2     	11.4     	212   	6.0        	9.7        	18080     	-86.5
3970      	18:06:22  	79.4  	-62.5 	2     	11.4     	212   	6.1        	9.6        	18090     	-86.5
3972      	18:06:24  	79.3  	-62.5 	2     	11.3     	213   	6.1        	9.5        	18100     	-86.4
3974      	18:06:26  	79.2  	-62.5 	2     	11.3     	213   	6.2        	9.5        	18109     	-86.4
3976      	18:06:28  	79.1  	-62.5 	2     	11.4     	214   	6.3        	9.5        	18119     	-86.3
3978      	18:06:30  	79.0  	-62.5 	2     	11.5     	214   	6.4        	9.6        	18128     	-86.3
3980      	18:06:32  	78.8  	-62.5 	2     	11.6     	214   	6.5        	9.6        	18137     	-86.4
3982      	18:06:34  	78.7  	-62.5 	2     	11.7     	214   	6.6        	9.7        	18147     	-86.4
3984      	18:06:36  	78.6  	-62.5 	2     	12.0     	214   	6.8        	9.9        	18156     	-86.5
3986      	18:06:38  	78.5  	-62.5 	2     	12.0     	214   	6.8        	9.9        	18166     	-86.5
3988      	18:06:40  	78.4  	-62.6 	2     	12.1     	214   	6.8        	10.0       	18175     	-86.6
3990      	18:06:42  	78.2  	-62.6 	2     	12.1     	214   	6.7        	10.1       	18184     	-86.7
3992      	18:06:44  	78.1  	-62.7 	2     	12.1     	214   	6.7        	10.1       	18194     	-86.8
