Time [sec]	Time (UTC)	P [mB]	T [°F]	Hu [%]	Ws [mi/h]	Wd [°]	Ws U [mi/h]	Ws V [mi/h]	Geopot [m]	Dew [°F]
0         	17:00:15  	871.5 	26.1  	34    	7.0      	135   	-5.0       	5.0        	1288      	9.0
2         	17:00:17  	870.3 	29.5  	24    	11.1     	171   	-1.7       	11.0       	1301      	6.7
4         	17:00:19  	869.0 	29.1  	20    	11.1     	171   	-1.7       	11.0       	1314      	3.5
6         	17:00:21  	867.7 	28.5  	20    	11.3     	171   	-1.8       	11.2       	1327      	3.5
8         	17:00:23  	866.4 	28.3  	21    	13.1     	168   	-2.7       	12.8       	1340      	3.7
10        	17:00:25  	865.2 	28.2  	21    	13.1     	168   	-2.7       	12.8       	1353      	3.8
12        	17:00:27  	863.9 	28.0  	21    	13.1     	168   	-2.7       	12.8       	1366      	3.8
14        	17:00:29  	862.6 	27.7  	21    	13.1     	168   	-2.7       	12.8       	1379      	3.7
16        	17:00:31  	861.4 	27.5  	22    	13.1     	168   	-2.7       	12.8       	1392      	3.6
18        	17:00:33  	860.1 	27.5  	22    	13.1     	168   	-2.7       	12.8       	1405      	3.7
20        	17:00:35  	858.7 	27.4  	22    	14.4     	166   	-3.5       	14.0       	1419      	3.6
22        	17:00:37  	857.3 	27.3  	22    	15.5     	164   	-4.2       	14.9       	1433      	3.5
24        	17:00:39  	855.9 	27.0  	22    	16.2     	163   	-4.6       	15.5       	1448      	3.4
26        	17:00:41  	854.8 	26.8  	22    	16.5     	163   	-4.8       	15.8       	1460      	3.3
28        	17:00:43  	853.6 	26.8  	22    	16.8     	163   	-5.0       	16.0       	1472      	3.5
30        	17:00:45  	852.5 	26.8  	22    	18.3     	161   	-5.9       	17.3       	1484      	3.6
32        	17:00:47  	851.4 	26.7  	23    	18.3     	161   	-5.9       	17.3       	1494      	3.7
34        	17:00:49  	850.3 	26.4  	23    	18.4     	161   	-5.9       	17.4       	1505      	3.6
36        	17:00:51  	849.2 	26.0  	23    	18.7     	161   	-6.0       	17.7       	1517      	3.5
38        	17:00:53  	848.1 	25.8  	24    	18.8     	161   	-6.0       	17.8       	1529      	3.5
40        	17:00:55  	846.9 	25.7  	24    	18.9     	161   	-6.1       	17.9       	1542      	3.6
42        	17:00:57  	845.7 	25.6  	24    	19.0     	161   	-6.1       	18.0       	1553      	3.6
44        	17:00:59  	844.6 	25.5  	24    	19.1     	161   	-6.1       	18.1       	1565      	3.6
46        	17:01:01  	843.5 	25.4  	24    	19.0     	161   	-6.1       	18.0       	1576      	3.5
48        	17:01:03  	842.4 	25.3  	24    	19.0     	161   	-6.1       	18.0       	1588      	3.5
50        	17:01:05  	841.2 	25.2  	25    	19.0     	161   	-6.1       	18.0       	1600      	3.5
52        	17:01:07  	840.0 	25.0  	25    	19.0     	161   	-6.1       	18.0       	1613      	3.5
54        	17:01:09  	838.7 	24.9  	25    	18.9     	161   	-6.1       	17.9       	1626      	3.5
56        	17:01:11  	837.5 	24.8  	25    	18.8     	161   	-6.0       	17.8       	1639      	3.5
58        	17:01:13  	836.2 	24.7  	25    	18.6     	161   	-6.0       	17.6       	1652      	3.6
60        	17:01:15  	835.0 	24.6  	25    	18.6     	161   	-6.0       	17.6       	1665      	3.6
62        	17:01:17  	833.7 	24.4  	26    	18.7     	161   	-6.1       	17.7       	1678      	3.5
64        	17:01:19  	832.3 	24.3  	26    	18.9     	161   	-6.1       	17.9       	1692      	3.4
66        	17:01:21  	831.0 	24.1  	26    	19.0     	161   	-6.2       	18.0       	1707      	3.4
68        	17:01:23  	829.6 	24.0  	26    	19.4     	161   	-6.3       	18.3       	1722      	3.3
70        	17:01:25  	828.2 	23.8  	26    	19.7     	161   	-6.4       	18.6       	1737      	3.3
72        	17:01:27  	826.8 	23.7  	26    	20.0     	161   	-6.5       	18.9       	1752      	3.3
74        	17:01:29  	825.5 	23.6  	26    	20.1     	161   	-6.6       	19.0       	1766      	3.3
76        	17:01:31  	824.2 	23.5  	27    	20.3     	161   	-6.6       	19.2       	1780      	3.3
78        	17:01:33  	822.9 	23.4  	27    	20.5     	161   	-6.6       	19.4       	1792      	3.2
80        	17:01:35  	821.7 	23.3  	27    	20.5     	161   	-6.6       	19.4       	1805      	3.2
82        	17:01:37  	820.5 	23.1  	27    	20.4     	161   	-6.5       	19.3       	1818      	3.1
84        	17:01:39  	819.2 	23.0  	27    	20.3     	161   	-6.5       	19.2       	1831      	3.0
86        	17:01:41  	817.9 	22.8  	27    	20.0     	161   	-6.4       	19.0       	1845      	2.9
88        	17:01:43  	816.6 	22.8  	27    	19.9     	161   	-6.5       	18.8       	1859      	2.9
90        	17:01:45  	815.3 	22.6  	27    	19.6     	160   	-6.6       	18.5       	1873      	2.7
92        	17:01:47  	814.0 	22.4  	27    	19.4     	160   	-6.7       	18.2       	1887      	2.6
94        	17:01:49  	812.7 	22.2  	27    	19.3     	159   	-6.8       	18.1       	1901      	2.5
96        	17:01:51  	811.5 	22.1  	27    	19.2     	159   	-6.9       	17.9       	1914      	2.4
98        	17:01:53  	810.2 	22.0  	27    	19.2     	158   	-7.1       	17.8       	1928      	2.4
100       	17:01:55  	808.9 	21.9  	28    	19.1     	158   	-7.3       	17.7       	1941      	2.4
102       	17:01:57  	807.7 	21.7  	28    	19.2     	157   	-7.4       	17.7       	1955      	2.4
104       	17:01:59  	806.4 	21.6  	28    	19.2     	157   	-7.6       	17.6       	1968      	2.4
106       	17:02:01  	805.2 	21.5  	28    	19.3     	156   	-7.7       	17.7       	1981      	2.4
108       	17:02:03  	804.0 	21.3  	28    	19.4     	156   	-7.8       	17.8       	1995      	2.3
110       	17:02:05  	802.7 	21.2  	29    	19.5     	156   	-7.8       	17.9       	2009      	2.2
112       	17:02:07  	801.4 	21.0  	29    	19.5     	157   	-7.6       	18.0       	2023      	2.1
114       	17:02:09  	800.1 	20.8  	28    	19.5     	159   	-6.9       	18.2       	2037      	1.9
116       	17:02:11  	799.0 	20.7  	29    	19.4     	161   	-6.2       	18.4       	2049      	1.8
118       	17:02:13  	798.0 	20.6  	28    	19.3     	163   	-5.6       	18.5       	2059      	1.7
120       	17:02:15  	797.0 	20.6  	28    	19.2     	165   	-4.9       	18.6       	2070      	1.4
122       	17:02:17  	796.0 	20.5  	27    	19.2     	167   	-4.2       	18.7       	2080      	1.0
124       	17:02:19  	795.1 	20.5  	26    	19.0     	169   	-3.5       	18.7       	2090      	0.4
126       	17:02:21  	794.2 	20.7  	25    	19.0     	172   	-2.8       	18.8       	2101      	0.1
128       	17:02:23  	793.2 	20.8  	24    	19.0     	174   	-2.1       	18.9       	2111      	-0.2
130       	17:02:25  	792.3 	20.8  	24    	19.0     	176   	-1.4       	18.9       	2121      	-0.7
132       	17:02:27  	791.3 	20.8  	23    	19.0     	177   	-1.0       	19.0       	2131      	-1.2
134       	17:02:29  	790.4 	20.7  	22    	19.0     	177   	-1.0       	19.0       	2141      	-1.6
136       	17:02:31  	789.5 	20.7  	22    	19.0     	177   	-1.0       	19.0       	2151      	-1.8
138       	17:02:33  	788.5 	20.6  	22    	19.0     	177   	-1.0       	19.0       	2162      	-1.8
140       	17:02:35  	787.8 	20.5  	22    	19.0     	177   	-1.0       	19.0       	2170      	-1.9
142       	17:02:37  	787.0 	20.5  	22    	18.9     	177   	-1.0       	18.9       	2179      	-1.9
144       	17:02:39  	786.2 	20.5  	22    	18.2     	178   	-0.6       	18.2       	2187      	-1.9
146       	17:02:41  	785.5 	20.5  	22    	17.6     	179   	-0.2       	17.6       	2195      	-1.9
148       	17:02:43  	784.7 	20.4  	22    	17.0     	181   	0.2        	17.0       	2204      	-1.9
150       	17:02:45  	783.9 	20.4  	22    	16.3     	182   	0.6        	16.3       	2212      	-2.0
152       	17:02:47  	783.2 	20.3  	22    	15.7     	184   	1.0        	15.7       	2220      	-2.0
154       	17:02:49  	782.4 	20.3  	22    	15.2     	185   	1.4        	15.1       	2229      	-2.0
156       	17:02:51  	781.7 	20.2  	22    	14.6     	187   	1.8        	14.5       	2237      	-2.1
158       	17:02:53  	780.9 	20.2  	22    	14.0     	189   	2.2        	13.8       	2246      	-2.1
160       	17:02:55  	780.1 	20.1  	22    	13.5     	191   	2.6        	13.2       	2254      	-2.2
162       	17:02:57  	779.3 	20.0  	22    	13.0     	193   	3.0        	12.7       	2263      	-2.3
164       	17:02:59  	778.4 	19.9  	22    	13.0     	193   	3.0        	12.7       	2273      	-2.3
166       	17:03:01  	777.4 	19.9  	22    	13.0     	193   	3.0        	12.7       	2284      	-2.2
168       	17:03:03  	776.5 	19.9  	22    	13.0     	193   	3.0        	12.7       	2294      	-2.2
170       	17:03:05  	775.6 	19.9  	22    	13.0     	193   	3.0        	12.7       	2305      	-2.1
172       	17:03:07  	774.6 	19.8  	23    	13.0     	193   	3.0        	12.7       	2315      	-2.1
174       	17:03:09  	773.7 	19.7  	23    	13.0     	193   	3.0        	12.7       	2325      	-2.1
176       	17:03:11  	772.8 	19.6  	23    	13.0     	193   	3.0        	12.7       	2336      	-2.0
178       	17:03:13  	771.8 	19.5  	23    	13.0     	193   	3.0        	12.7       	2346      	-2.1
180       	17:03:15  	770.9 	19.5  	23    	13.0     	193   	3.0        	12.7       	2356      	-2.0
182       	17:03:17  	770.0 	19.3  	23    	13.0     	193   	3.0        	12.7       	2366      	-2.1
184       	17:03:19  	769.1 	19.2  	24    	13.0     	193   	3.0        	12.7       	2377      	-2.1
186       	17:03:21  	768.2 	19.0  	24    	13.0     	193   	3.0        	12.7       	2387      	-2.1
188       	17:03:23  	767.2 	19.0  	24    	13.0     	193   	3.0        	12.7       	2397      	-2.1
190       	17:03:25  	766.3 	18.8  	24    	13.0     	193   	3.0        	12.7       	2408      	-2.1
192       	17:03:27  	765.4 	18.7  	24    	13.0     	193   	3.0        	12.7       	2418      	-2.1
194       	17:03:29  	764.6 	18.6  	24    	13.0     	193   	3.0        	12.7       	2428      	-2.0
196       	17:03:31  	763.7 	18.6  	25    	13.0     	193   	3.0        	12.7       	2437      	-1.9
198       	17:03:33  	762.9 	18.4  	25    	13.0     	193   	3.0        	12.7       	2446      	-1.9
200       	17:03:35  	762.1 	18.4  	25    	13.0     	193   	3.0        	12.7       	2454      	-1.8
202       	17:03:37  	761.4 	18.3  	25    	13.0     	193   	3.0        	12.7       	2463      	-1.8
204       	17:03:39  	760.6 	18.2  	26    	13.0     	193   	3.0        	12.7       	2472      	-1.7
206       	17:03:41  	759.8 	18.0  	26    	13.0     	193   	3.0        	12.7       	2480      	-1.8
208       	17:03:43  	759.1 	18.1  	26    	13.0     	193   	3.0        	12.7       	2489      	-1.7
210       	17:03:45  	758.3 	18.0  	26    	13.0     	193   	3.0        	12.7       	2498      	-1.7
212       	17:03:47  	757.5 	17.9  	26    	13.0     	193   	3.0        	12.7       	2507      	-1.7
214       	17:03:49  	756.7 	17.7  	26    	13.0     	193   	3.0        	12.7       	2516      	-1.8
216       	17:03:51  	755.9 	17.7  	27    	13.0     	193   	3.0        	12.7       	2525      	-1.7
218       	17:03:53  	755.1 	17.6  	27    	13.0     	193   	3.0        	12.7       	2534      	-1.7
220       	17:03:55  	754.3 	17.5  	27    	12.9     	193   	3.0        	12.5       	2543      	-1.7
222       	17:03:57  	753.5 	17.4  	27    	12.5     	194   	3.1        	12.1       	2552      	-1.7
224       	17:03:59  	752.7 	17.3  	27    	12.1     	195   	3.2        	11.7       	2561      	-1.7
226       	17:04:01  	751.9 	17.3  	27    	11.9     	196   	3.3        	11.4       	2570      	-1.7
228       	17:04:03  	751.1 	17.2  	27    	11.5     	197   	3.4        	11.0       	2579      	-1.7
230       	17:04:05  	750.3 	17.1  	28    	11.2     	199   	3.6        	10.6       	2588      	-1.7
232       	17:04:07  	749.4 	17.1  	28    	10.9     	200   	3.7        	10.2       	2598      	-1.7
234       	17:04:09  	748.6 	17.1  	28    	10.5     	201   	3.8        	9.8        	2607      	-1.6
236       	17:04:11  	747.8 	17.0  	28    	10.2     	203   	3.9        	9.4        	2616      	-1.5
238       	17:04:13  	747.1 	17.0  	28    	9.8      	204   	4.0        	9.0        	2625      	-1.5
240       	17:04:15  	746.3 	16.9  	28    	9.7      	204   	4.0        	8.8        	2634      	-1.6
242       	17:04:17  	745.6 	16.8  	28    	9.7      	204   	4.0        	8.8        	2642      	-1.7
244       	17:04:19  	744.8 	16.6  	28    	9.7      	204   	4.0        	8.8        	2651      	-1.7
246       	17:04:21  	744.1 	16.6  	28    	9.7      	204   	4.0        	8.8        	2658      	-1.8
248       	17:04:23  	743.4 	16.5  	28    	9.7      	204   	4.0        	8.8        	2666      	-1.8
250       	17:04:25  	742.7 	16.4  	28    	9.7      	204   	4.0        	8.8        	2674      	-1.9
252       	17:04:27  	742.0 	16.3  	28    	9.7      	204   	4.0        	8.8        	2682      	-2.0
254       	17:04:29  	741.3 	16.3  	28    	9.7      	204   	4.0        	8.8        	2691      	-2.0
256       	17:04:31  	740.5 	16.2  	28    	9.8      	204   	4.0        	8.9        	2699      	-2.1
258       	17:04:33  	739.8 	16.2  	28    	9.8      	205   	4.1        	8.9        	2708      	-2.1
260       	17:04:35  	739.2 	16.1  	28    	9.8      	205   	4.1        	8.9        	2715      	-2.2
262       	17:04:37  	738.6 	16.1  	28    	9.9      	205   	4.2        	9.0        	2721      	-2.2
264       	17:04:39  	738.0 	16.1  	28    	9.9      	205   	4.2        	9.0        	2728      	-2.2
266       	17:04:41  	737.4 	16.1  	28    	10.0     	206   	4.3        	9.0        	2735      	-2.2
268       	17:04:43  	736.8 	16.0  	29    	10.0     	206   	4.3        	9.0        	2742      	-2.2
270       	17:04:45  	736.2 	15.9  	29    	10.1     	206   	4.4        	9.1        	2749      	-2.3
272       	17:04:47  	735.6 	15.8  	29    	10.1     	206   	4.4        	9.1        	2756      	-2.3
274       	17:04:49  	735.0 	15.8  	29    	10.2     	206   	4.5        	9.1        	2763      	-2.3
276       	17:04:51  	734.4 	15.7  	29    	10.2     	206   	4.5        	9.2        	2770      	-2.3
278       	17:04:53  	733.8 	15.6  	29    	10.2     	206   	4.5        	9.2        	2777      	-2.4
280       	17:04:55  	733.1 	15.6  	29    	10.2     	206   	4.5        	9.2        	2785      	-2.4
282       	17:04:57  	732.5 	15.5  	29    	10.2     	206   	4.5        	9.2        	2793      	-2.5
284       	17:04:59  	731.8 	15.4  	29    	10.2     	206   	4.5        	9.2        	2800      	-2.5
286       	17:05:01  	731.1 	15.4  	29    	10.2     	206   	4.5        	9.2        	2808      	-2.5
288       	17:05:03  	730.5 	15.3  	29    	10.2     	206   	4.5        	9.2        	2815      	-2.6
290       	17:05:05  	729.8 	15.2  	29    	10.2     	206   	4.5        	9.2        	2823      	-2.6
292       	17:05:07  	729.1 	15.1  	29    	10.3     	207   	4.6        	9.2        	2831      	-2.7
294       	17:05:09  	728.5 	15.0  	29    	10.4     	208   	4.8        	9.2        	2839      	-2.7
296       	17:05:11  	727.8 	14.9  	29    	10.4     	208   	4.9        	9.2        	2847      	-2.7
298       	17:05:13  	727.1 	14.9  	30    	10.5     	209   	5.0        	9.2        	2855      	-2.7
300       	17:05:15  	726.4 	14.8  	30    	10.5     	209   	5.1        	9.2        	2863      	-2.8
302       	17:05:17  	725.6 	14.6  	30    	10.6     	209   	5.2        	9.2        	2871      	-2.9
304       	17:05:19  	724.9 	14.5  	30    	10.7     	210   	5.4        	9.2        	2880      	-3.0
306       	17:05:21  	724.1 	14.4  	30    	10.7     	211   	5.5        	9.2        	2889      	-3.1
308       	17:05:23  	723.3 	14.3  	30    	10.8     	211   	5.6        	9.2        	2898      	-3.1
310       	17:05:25  	722.5 	14.3  	30    	10.8     	212   	5.7        	9.2        	2908      	-3.2
312       	17:05:27  	721.7 	14.3  	30    	10.8     	212   	5.7        	9.2        	2917      	-3.2
314       	17:05:29  	721.0 	14.3  	30    	10.8     	212   	5.7        	9.2        	2927      	-3.2
316       	17:05:31  	720.2 	14.2  	30    	10.8     	212   	5.7        	9.2        	2935      	-3.3
318       	17:05:33  	719.5 	14.1  	30    	10.8     	212   	5.7        	9.2        	2944      	-3.3
320       	17:05:35  	718.7 	14.0  	30    	10.8     	212   	5.7        	9.2        	2952      	-3.4
322       	17:05:37  	718.0 	13.9  	30    	10.8     	212   	5.7        	9.2        	2961      	-3.5
324       	17:05:39  	717.3 	13.8  	30    	10.8     	212   	5.7        	9.2        	2969      	-3.5
326       	17:05:41  	716.5 	13.7  	30    	10.8     	212   	5.7        	9.2        	2978      	-3.5
328       	17:05:43  	715.8 	13.7  	30    	10.8     	212   	5.7        	9.2        	2987      	-3.5
330       	17:05:45  	715.0 	13.6  	30    	10.8     	212   	5.7        	9.2        	2996      	-3.5
332       	17:05:47  	714.3 	13.5  	30    	10.9     	212   	5.8        	9.2        	3005      	-3.6
334       	17:05:49  	713.6 	13.5  	30    	11.0     	213   	6.0        	9.2        	3012      	-3.6
336       	17:05:51  	713.0 	13.4  	30    	11.2     	214   	6.2        	9.3        	3020      	-3.6
338       	17:05:53  	712.3 	13.3  	30    	11.3     	215   	6.4        	9.3        	3028      	-3.6
340       	17:05:55  	711.6 	13.3  	31    	11.5     	216   	6.7        	9.3        	3036      	-3.7
342       	17:05:57  	711.0 	13.2  	30    	11.6     	217   	6.9        	9.3        	3044      	-3.7
344       	17:05:59  	710.2 	13.1  	30    	11.8     	217   	7.1        	9.4        	3052      	-3.8
346       	17:06:01  	709.5 	13.0  	30    	11.9     	218   	7.3        	9.4        	3061      	-3.9
348       	17:06:03  	708.8 	12.9  	30    	12.0     	219   	7.5        	9.4        	3069      	-4.0
350       	17:06:05  	708.0 	12.8  	30    	12.2     	219   	7.7        	9.4        	3078      	-4.1
352       	17:06:07  	707.2 	12.8  	30    	12.4     	220   	7.9        	9.5        	3088      	-4.2
354       	17:06:09  	706.4 	12.7  	30    	12.4     	220   	7.9        	9.5        	3098      	-4.2
356       	17:06:11  	705.6 	12.6  	31    	12.4     	220   	8.0        	9.5        	3107      	-4.2
358       	17:06:13  	704.9 	12.5  	31    	12.5     	221   	8.2        	9.5        	3116      	-4.2
360       	17:06:15  	704.1 	12.4  	31    	12.7     	221   	8.3        	9.6        	3125      	-4.2
362       	17:06:17  	703.3 	12.3  	31    	12.8     	221   	8.4        	9.6        	3134      	-4.2
364       	17:06:19  	702.6 	12.2  	31    	12.9     	222   	8.6        	9.6        	3143      	-4.2
366       	17:06:21  	701.9 	12.1  	31    	13.0     	222   	8.7        	9.7        	3151      	-4.3
368       	17:06:23  	701.1 	12.1  	31    	13.2     	222   	8.9        	9.8        	3160      	-4.4
370       	17:06:25  	700.4 	12.0  	31    	13.5     	222   	9.0        	10.0       	3169      	-4.5
372       	17:06:27  	699.6 	11.9  	31    	13.7     	222   	9.1        	10.2       	3179      	-4.6
374       	17:06:29  	698.8 	11.9  	31    	13.9     	222   	9.3        	10.3       	3188      	-4.7
376       	17:06:31  	698.0 	11.8  	31    	14.0     	222   	9.3        	10.5       	3198      	-4.8
378       	17:06:33  	697.1 	11.7  	31    	14.2     	221   	9.3        	10.7       	3208      	-5.0
380       	17:06:35  	696.3 	11.7  	31    	14.3     	221   	9.3        	10.8       	3218      	-5.0
382       	17:06:37  	695.5 	11.6  	31    	14.4     	221   	9.4        	10.9       	3228      	-5.1
384       	17:06:39  	694.7 	11.5  	31    	14.5     	221   	9.4        	11.0       	3238      	-5.1
386       	17:06:41  	693.9 	11.4  	31    	14.6     	221   	9.5        	11.1       	3247      	-5.1
388       	17:06:43  	693.2 	11.4  	31    	14.7     	221   	9.6        	11.1       	3256      	-5.1
390       	17:06:45  	692.5 	11.3  	31    	14.6     	221   	9.6        	11.0       	3264      	-5.2
392       	17:06:47  	691.8 	11.2  	31    	14.7     	221   	9.7        	11.0       	3273      	-5.2
394       	17:06:49  	691.1 	11.2  	31    	14.7     	222   	9.8        	10.9       	3280      	-5.2
396       	17:06:51  	690.5 	11.1  	31    	14.7     	222   	9.8        	10.9       	3288      	-5.4
398       	17:06:53  	689.8 	11.0  	31    	14.7     	222   	9.9        	10.9       	3297      	-5.4
400       	17:06:55  	689.1 	11.0  	31    	14.7     	223   	9.9        	10.8       	3305      	-5.5
402       	17:06:57  	688.3 	10.9  	31    	14.7     	222   	9.9        	10.9       	3314      	-5.5
404       	17:06:59  	687.6 	10.8  	31    	14.7     	222   	9.9        	10.9       	3323      	-5.6
406       	17:07:01  	686.9 	10.8  	31    	14.7     	222   	9.8        	11.0       	3331      	-5.7
408       	17:07:03  	686.3 	10.7  	31    	14.9     	222   	9.9        	11.1       	3340      	-5.7
410       	17:07:05  	685.6 	10.6  	31    	15.0     	222   	10.0       	11.2       	3348      	-5.8
412       	17:07:07  	684.9 	10.6  	31    	15.0     	222   	10.0       	11.2       	3356      	-5.8
414       	17:07:09  	684.2 	10.5  	31    	15.2     	222   	10.1       	11.3       	3364      	-5.9
416       	17:07:11  	683.6 	10.4  	31    	15.2     	222   	10.2       	11.3       	3372      	-6.0
418       	17:07:13  	682.9 	10.4  	31    	15.4     	222   	10.3       	11.4       	3380      	-6.0
420       	17:07:15  	682.3 	10.3  	31    	15.4     	222   	10.4       	11.4       	3388      	-6.1
422       	17:07:17  	681.7 	10.3  	31    	15.6     	222   	10.5       	11.5       	3395      	-6.2
424       	17:07:19  	681.1 	10.2  	31    	15.7     	222   	10.6       	11.6       	3403      	-6.3
426       	17:07:21  	680.4 	10.1  	31    	15.8     	222   	10.6       	11.7       	3410      	-6.3
428       	17:07:23  	679.8 	10.1  	31    	15.9     	222   	10.7       	11.8       	3417      	-6.4
430       	17:07:25  	679.2 	10.0  	31    	15.9     	222   	10.7       	11.8       	3425      	-6.4
432       	17:07:27  	678.6 	9.9   	31    	16.0     	222   	10.7       	11.9       	3433      	-6.5
434       	17:07:29  	677.9 	9.9   	31    	16.1     	222   	10.7       	12.0       	3441      	-6.5
436       	17:07:31  	677.3 	9.8   	31    	16.1     	222   	10.7       	12.0       	3449      	-6.6
438       	17:07:33  	676.6 	9.7   	31    	16.2     	221   	10.7       	12.1       	3458      	-6.7
440       	17:07:35  	675.9 	9.6   	31    	16.2     	221   	10.7       	12.1       	3466      	-6.7
442       	17:07:37  	675.2 	9.6   	31    	16.2     	221   	10.7       	12.1       	3474      	-6.8
444       	17:07:39  	674.6 	9.5   	31    	16.2     	221   	10.7       	12.1       	3482      	-6.8
446       	17:07:41  	673.9 	9.4   	31    	16.1     	222   	10.8       	12.0       	3490      	-6.9
448       	17:07:43  	673.3 	9.3   	31    	16.1     	223   	10.9       	11.8       	3498      	-6.9
450       	17:07:45  	672.6 	9.3   	31    	16.1     	223   	11.1       	11.7       	3506      	-6.9
452       	17:07:47  	672.0 	9.2   	31    	16.1     	224   	11.2       	11.5       	3514      	-7.0
454       	17:07:49  	671.4 	9.1   	31    	16.1     	225   	11.4       	11.4       	3522      	-7.1
456       	17:07:51  	670.8 	9.1   	31    	16.1     	226   	11.5       	11.3       	3529      	-7.1
458       	17:07:53  	670.1 	9.0   	31    	16.1     	227   	11.7       	11.1       	3537      	-7.1
460       	17:07:55  	669.5 	8.9   	31    	16.1     	227   	11.8       	11.0       	3545      	-7.2
462       	17:07:57  	668.9 	8.9   	31    	16.2     	228   	12.0       	10.9       	3552      	-7.2
464       	17:07:59  	668.2 	8.8   	31    	16.2     	229   	12.2       	10.7       	3560      	-7.3
466       	17:08:01  	667.6 	8.8   	31    	16.3     	229   	12.3       	10.7       	3568      	-7.3
468       	17:08:03  	666.9 	8.7   	31    	16.3     	229   	12.3       	10.7       	3576      	-7.4
470       	17:08:05  	666.3 	8.6   	31    	16.3     	229   	12.4       	10.6       	3585      	-7.4
472       	17:08:07  	665.7 	8.6   	31    	16.3     	229   	12.4       	10.6       	3592      	-7.5
474       	17:08:09  	665.0 	8.5   	31    	16.3     	230   	12.5       	10.5       	3600      	-7.5
476       	17:08:11  	664.4 	8.4   	31    	16.3     	230   	12.5       	10.4       	3608      	-7.6
478       	17:08:13  	663.8 	8.4   	31    	16.3     	231   	12.6       	10.3       	3615      	-7.6
480       	17:08:15  	663.2 	8.3   	31    	16.2     	231   	12.6       	10.2       	3622      	-7.7
482       	17:08:17  	662.6 	8.3   	31    	16.1     	231   	12.6       	10.1       	3630      	-7.8
484       	17:08:19  	662.0 	8.3   	31    	16.2     	232   	12.7       	10.1       	3638      	-7.9
486       	17:08:21  	661.4 	8.3   	31    	16.2     	232   	12.7       	10.0       	3645      	-7.9
488       	17:08:23  	660.8 	8.2   	31    	16.2     	232   	12.8       	10.0       	3653      	-8.0
490       	17:08:25  	660.1 	8.2   	31    	16.2     	232   	12.8       	9.9        	3661      	-8.1
492       	17:08:27  	659.5 	8.1   	31    	16.3     	232   	12.9       	10.0       	3670      	-8.2
494       	17:08:29  	658.8 	8.0   	30    	16.4     	232   	13.0       	10.0       	3678      	-8.2
496       	17:08:31  	658.2 	8.0   	30    	16.5     	232   	13.1       	10.1       	3686      	-8.3
498       	17:08:33  	657.5 	7.9   	30    	16.8     	233   	13.3       	10.2       	3694      	-8.3
500       	17:08:35  	656.9 	7.9   	31    	17.0     	233   	13.5       	10.3       	3702      	-8.4
502       	17:08:37  	656.2 	7.8   	31    	17.1     	233   	13.6       	10.4       	3710      	-8.4
504       	17:08:39  	655.6 	7.7   	31    	17.3     	233   	13.7       	10.5       	3718      	-8.4
506       	17:08:41  	654.9 	7.6   	31    	17.5     	233   	13.9       	10.6       	3727      	-8.4
508       	17:08:43  	654.2 	7.5   	31    	17.6     	233   	14.0       	10.7       	3735      	-8.5
510       	17:08:45  	653.5 	7.5   	31    	17.7     	233   	14.1       	10.7       	3744      	-8.5
512       	17:08:47  	652.9 	7.4   	31    	17.9     	233   	14.3       	10.8       	3753      	-8.5
514       	17:08:49  	652.2 	7.3   	31    	18.1     	233   	14.4       	10.9       	3761      	-8.5
516       	17:08:51  	651.5 	7.2   	31    	18.1     	233   	14.5       	10.9       	3769      	-8.5
518       	17:08:53  	650.9 	7.2   	32    	18.1     	233   	14.5       	10.9       	3777      	-8.5
520       	17:08:55  	650.3 	7.1   	32    	18.1     	233   	14.5       	10.9       	3784      	-8.5
522       	17:08:57  	649.7 	7.0   	32    	18.3     	233   	14.6       	11.0       	3792      	-8.5
524       	17:08:59  	649.1 	7.0   	32    	18.4     	233   	14.7       	11.0       	3800      	-8.5
526       	17:09:01  	648.5 	6.9   	32    	18.4     	233   	14.8       	11.0       	3808      	-8.5
528       	17:09:03  	647.9 	6.8   	32    	18.4     	233   	14.8       	11.0       	3816      	-8.5
530       	17:09:05  	647.3 	6.7   	33    	18.5     	234   	14.9       	11.0       	3823      	-8.5
532       	17:09:07  	646.7 	6.7   	33    	18.5     	234   	14.9       	11.0       	3830      	-8.5
534       	17:09:09  	646.1 	6.6   	33    	18.6     	233   	14.9       	11.1       	3838      	-8.5
536       	17:09:11  	645.4 	6.5   	33    	18.6     	233   	14.9       	11.1       	3846      	-8.6
538       	17:09:13  	644.8 	6.5   	33    	18.6     	233   	14.9       	11.2       	3854      	-8.6
540       	17:09:15  	644.2 	6.4   	33    	18.7     	233   	14.9       	11.3       	3861      	-8.6
542       	17:09:17  	643.7 	6.3   	33    	18.7     	233   	14.9       	11.3       	3869      	-8.7
544       	17:09:19  	643.1 	6.3   	33    	18.7     	232   	14.8       	11.4       	3876      	-8.7
546       	17:09:21  	642.5 	6.3   	33    	18.7     	232   	14.8       	11.5       	3883      	-8.7
548       	17:09:23  	642.0 	6.3   	33    	18.7     	232   	14.7       	11.6       	3890      	-8.7
550       	17:09:25  	641.4 	6.2   	33    	18.8     	231   	14.6       	11.8       	3897      	-8.7
552       	17:09:27  	640.8 	6.2   	33    	18.9     	231   	14.6       	12.0       	3905      	-8.7
554       	17:09:29  	640.3 	6.1   	33    	18.9     	230   	14.5       	12.1       	3912      	-8.8
556       	17:09:31  	639.7 	6.1   	33    	18.9     	230   	14.5       	12.2       	3919      	-8.8
558       	17:09:33  	639.2 	6.0   	33    	19.1     	229   	14.5       	12.4       	3926      	-8.8
560       	17:09:35  	638.6 	6.0   	33    	19.1     	229   	14.5       	12.5       	3933      	-8.9
562       	17:09:37  	638.1 	6.0   	33    	19.1     	229   	14.4       	12.6       	3940      	-8.9
564       	17:09:39  	637.5 	5.9   	33    	19.3     	228   	14.4       	12.8       	3947      	-9.0
566       	17:09:41  	637.0 	5.9   	33    	19.3     	228   	14.4       	12.9       	3954      	-9.0
568       	17:09:43  	636.4 	5.8   	33    	19.3     	228   	14.3       	13.0       	3961      	-9.1
570       	17:09:45  	635.9 	5.8   	33    	19.3     	228   	14.3       	13.0       	3968      	-9.1
572       	17:09:47  	635.3 	5.7   	33    	19.3     	228   	14.3       	13.0       	3975      	-9.1
574       	17:09:49  	634.8 	5.7   	33    	19.3     	228   	14.3       	13.0       	3983      	-9.1
576       	17:09:51  	634.2 	5.6   	33    	19.4     	228   	14.4       	13.0       	3990      	-9.2
578       	17:09:53  	633.6 	5.5   	34    	19.5     	228   	14.5       	13.0       	3997      	-9.2
580       	17:09:55  	633.1 	5.5   	34    	19.5     	228   	14.5       	13.0       	4005      	-9.2
582       	17:09:57  	632.5 	5.4   	34    	19.5     	229   	14.6       	12.9       	4012      	-9.3
584       	17:09:59  	632.0 	5.3   	34    	19.6     	229   	14.7       	12.9       	4019      	-9.3
586       	17:10:01  	631.4 	5.3   	34    	19.6     	229   	14.8       	12.8       	4026      	-9.3
588       	17:10:03  	630.8 	5.2   	34    	19.6     	230   	14.9       	12.7       	4034      	-9.3
590       	17:10:05  	630.3 	5.1   	34    	19.7     	230   	15.0       	12.7       	4041      	-9.4
592       	17:10:07  	629.7 	5.1   	34    	19.7     	230   	15.1       	12.6       	4048      	-9.4
594       	17:10:09  	629.1 	5.0   	34    	19.7     	230   	15.1       	12.6       	4055      	-9.4
596       	17:10:11  	628.6 	5.0   	34    	19.7     	230   	15.2       	12.6       	4063      	-9.4
598       	17:10:13  	628.0 	4.9   	34    	19.7     	230   	15.2       	12.6       	4070      	-9.5
600       	17:10:15  	627.5 	4.9   	34    	19.7     	230   	15.2       	12.6       	4077      	-9.5
602       	17:10:17  	626.9 	4.8   	34    	19.7     	230   	15.2       	12.6       	4084      	-9.5
604       	17:10:19  	626.4 	4.8   	34    	19.7     	230   	15.2       	12.6       	4092      	-9.6
606       	17:10:21  	625.8 	4.7   	34    	19.7     	230   	15.1       	12.6       	4099      	-9.6
608       	17:10:23  	625.3 	4.6   	34    	19.7     	230   	15.1       	12.6       	4105      	-9.7
610       	17:10:25  	624.7 	4.5   	35    	19.6     	230   	15.0       	12.6       	4112      	-9.7
612       	17:10:27  	624.2 	4.5   	35    	19.6     	230   	14.9       	12.7       	4120      	-9.8
614       	17:10:29  	623.6 	4.4   	35    	19.4     	229   	14.7       	12.7       	4127      	-9.8
616       	17:10:31  	623.0 	4.3   	35    	19.4     	229   	14.6       	12.7       	4135      	-9.8
618       	17:10:33  	622.4 	4.2   	35    	19.3     	229   	14.5       	12.7       	4143      	-9.9
620       	17:10:35  	621.8 	4.2   	35    	19.2     	229   	14.4       	12.7       	4151      	-9.9
622       	17:10:37  	621.2 	4.1   	35    	19.1     	228   	14.3       	12.7       	4159      	-10.0
624       	17:10:39  	620.6 	4.0   	35    	19.1     	228   	14.2       	12.8       	4167      	-10.0
626       	17:10:41  	620.0 	4.0   	35    	19.0     	228   	14.1       	12.8       	4175      	-10.0
628       	17:10:43  	619.5 	3.9   	35    	19.0     	227   	13.9       	12.9       	4182      	-10.0
630       	17:10:45  	618.9 	3.9   	36    	18.9     	227   	13.8       	12.9       	4189      	-10.0
632       	17:10:47  	618.4 	3.8   	36    	18.9     	227   	13.7       	13.0       	4196      	-10.0
634       	17:10:49  	617.8 	3.7   	36    	18.8     	226   	13.6       	13.0       	4203      	-10.0
636       	17:10:51  	617.3 	3.7   	36    	18.8     	226   	13.5       	13.1       	4210      	-10.0
638       	17:10:53  	616.7 	3.6   	36    	18.9     	226   	13.5       	13.2       	4217      	-9.9
640       	17:10:55  	616.2 	3.6   	36    	18.9     	225   	13.4       	13.3       	4225      	-9.9
642       	17:10:57  	615.6 	3.5   	36    	19.0     	225   	13.4       	13.4       	4232      	-10.0
644       	17:10:59  	615.0 	3.4   	37    	18.9     	225   	13.3       	13.4       	4240      	-10.0
646       	17:11:01  	614.5 	3.4   	37    	19.0     	225   	13.4       	13.5       	4247      	-9.9
648       	17:11:03  	613.9 	3.3   	37    	19.0     	225   	13.4       	13.5       	4255      	-9.9
650       	17:11:05  	613.4 	3.2   	37    	19.1     	225   	13.4       	13.6       	4262      	-9.9
652       	17:11:07  	612.8 	3.2   	37    	19.2     	224   	13.3       	13.8       	4270      	-9.9
654       	17:11:09  	612.2 	3.1   	37    	19.2     	224   	13.3       	13.9       	4277      	-9.9
656       	17:11:11  	611.6 	3.0   	38    	19.3     	223   	13.2       	14.1       	4285      	-10.0
658       	17:11:13  	611.0 	3.0   	38    	19.3     	223   	13.1       	14.2       	4293      	-10.0
660       	17:11:15  	610.4 	2.9   	38    	19.4     	222   	13.1       	14.3       	4301      	-10.0
662       	17:11:17  	609.8 	2.8   	38    	19.4     	222   	13.0       	14.4       	4309      	-10.0
664       	17:11:19  	609.3 	2.7   	38    	19.4     	221   	12.8       	14.6       	4316      	-10.0
666       	17:11:21  	608.7 	2.7   	39    	19.4     	221   	12.7       	14.7       	4324      	-10.0
668       	17:11:23  	608.1 	2.6   	39    	19.4     	220   	12.5       	14.9       	4332      	-10.0
670       	17:11:25  	607.5 	2.5   	39    	19.5     	220   	12.4       	15.0       	4340      	-10.0
672       	17:11:27  	606.9 	2.4   	39    	19.5     	220   	12.4       	15.0       	4348      	-10.0
674       	17:11:29  	606.3 	2.4   	40    	19.5     	219   	12.3       	15.1       	4355      	-9.9
676       	17:11:31  	605.8 	2.3   	40    	19.4     	219   	12.2       	15.1       	4363      	-9.9
678       	17:11:33  	605.2 	2.2   	40    	19.3     	219   	12.1       	15.1       	4370      	-9.9
680       	17:11:35  	604.6 	2.1   	40    	19.3     	219   	12.1       	15.1       	4378      	-9.9
682       	17:11:37  	604.1 	2.1   	41    	19.4     	218   	12.0       	15.2       	4385      	-9.8
684       	17:11:39  	603.5 	2.0   	41    	19.3     	218   	12.0       	15.1       	4393      	-9.8
686       	17:11:41  	602.9 	1.9   	41    	19.3     	218   	12.0       	15.1       	4401      	-9.9
688       	17:11:43  	602.3 	1.9   	41    	19.3     	218   	12.0       	15.1       	4409      	-9.9
690       	17:11:45  	601.7 	1.8   	41    	19.2     	219   	12.0       	15.0       	4417      	-9.9
692       	17:11:47  	601.1 	1.7   	42    	19.3     	219   	12.1       	15.0       	4425      	-9.9
694       	17:11:49  	600.5 	1.6   	42    	19.3     	219   	12.1       	15.0       	4433      	-9.9
696       	17:11:51  	599.9 	1.6   	42    	19.3     	219   	12.2       	15.0       	4441      	-10.0
698       	17:11:53  	599.3 	1.5   	42    	19.4     	219   	12.3       	15.0       	4449      	-10.0
700       	17:11:55  	598.7 	1.4   	42    	19.4     	219   	12.3       	15.0       	4457      	-10.0
702       	17:11:57  	598.2 	1.3   	42    	19.5     	220   	12.4       	15.0       	4465      	-10.0
704       	17:11:59  	597.6 	1.3   	43    	19.5     	220   	12.5       	15.0       	4473      	-10.0
706       	17:12:01  	597.0 	1.2   	43    	19.5     	220   	12.5       	15.0       	4480      	-10.0
708       	17:12:03  	596.4 	1.1   	43    	19.6     	220   	12.6       	15.0       	4488      	-10.0
710       	17:12:05  	595.9 	1.1   	43    	19.6     	220   	12.6       	15.0       	4495      	-10.1
712       	17:12:07  	595.3 	1.0   	43    	19.6     	220   	12.6       	15.0       	4503      	-10.1
714       	17:12:09  	594.8 	0.9   	43    	19.6     	220   	12.7       	14.9       	4510      	-10.2
716       	17:12:11  	594.2 	0.8   	43    	19.6     	220   	12.7       	14.9       	4518      	-10.2
718       	17:12:13  	593.7 	0.8   	43    	19.4     	220   	12.6       	14.8       	4525      	-10.3
720       	17:12:15  	593.2 	0.7   	43    	19.4     	220   	12.6       	14.8       	4532      	-10.3
722       	17:12:17  	592.6 	0.6   	43    	19.4     	221   	12.6       	14.7       	4539      	-10.3
724       	17:12:19  	592.1 	0.6   	44    	19.4     	221   	12.6       	14.7       	4546      	-10.4
726       	17:12:21  	591.6 	0.5   	44    	19.3     	221   	12.6       	14.6       	4553      	-10.4
728       	17:12:23  	591.1 	0.4   	44    	19.2     	221   	12.5       	14.6       	4560      	-10.3
730       	17:12:25  	590.5 	0.4   	44    	19.1     	221   	12.5       	14.5       	4567      	-10.3
732       	17:12:27  	590.0 	0.3   	44    	19.1     	221   	12.5       	14.4       	4575      	-10.3
734       	17:12:29  	589.5 	0.3   	45    	19.0     	221   	12.5       	14.3       	4582      	-10.3
736       	17:12:31  	588.9 	0.2   	45    	19.0     	221   	12.5       	14.3       	4589      	-10.3
738       	17:12:33  	588.4 	0.2   	45    	18.9     	221   	12.5       	14.2       	4597      	-10.3
740       	17:12:35  	587.9 	0.1   	45    	18.9     	221   	12.5       	14.2       	4604      	-10.2
742       	17:12:37  	587.3 	0.0   	46    	18.8     	222   	12.5       	14.1       	4611      	-10.2
744       	17:12:39  	586.8 	-0.0  	46    	18.8     	222   	12.5       	14.0       	4618      	-10.2
746       	17:12:41  	586.3 	-0.1  	47    	18.7     	222   	12.5       	13.9       	4626      	-10.1
748       	17:12:43  	585.8 	-0.2  	47    	18.6     	222   	12.5       	13.8       	4633      	-10.1
750       	17:12:45  	585.2 	-0.2  	47    	18.6     	222   	12.5       	13.8       	4640      	-10.1
752       	17:12:47  	584.7 	-0.3  	47    	18.6     	222   	12.5       	13.8       	4647      	-10.1
754       	17:12:49  	584.2 	-0.4  	48    	18.5     	222   	12.5       	13.7       	4655      	-10.1
756       	17:12:51  	583.6 	-0.5  	48    	18.5     	222   	12.4       	13.7       	4662      	-10.1
758       	17:12:53  	583.1 	-0.5  	48    	18.4     	222   	12.4       	13.6       	4669      	-10.1
760       	17:12:55  	582.5 	-0.6  	48    	18.4     	222   	12.4       	13.6       	4677      	-10.1
762       	17:12:57  	582.0 	-0.7  	48    	18.4     	222   	12.4       	13.6       	4684      	-10.2
764       	17:12:59  	581.4 	-0.7  	49    	18.4     	222   	12.4       	13.6       	4692      	-10.2
766       	17:13:01  	580.9 	-0.8  	49    	18.3     	222   	12.3       	13.6       	4700      	-10.2
768       	17:13:03  	580.3 	-0.9  	49    	18.3     	222   	12.3       	13.6       	4707      	-10.2
770       	17:13:05  	579.8 	-0.9  	49    	18.3     	222   	12.3       	13.6       	4715      	-10.2
772       	17:13:07  	579.2 	-1.0  	49    	18.3     	222   	12.2       	13.6       	4723      	-10.2
774       	17:13:09  	578.6 	-1.1  	50    	18.2     	222   	12.2       	13.5       	4731      	-10.2
776       	17:13:11  	578.1 	-1.2  	50    	18.2     	222   	12.2       	13.5       	4738      	-10.2
778       	17:13:13  	577.5 	-1.2  	50    	18.2     	222   	12.2       	13.5       	4746      	-10.3
780       	17:13:15  	577.0 	-1.3  	50    	18.2     	222   	12.2       	13.5       	4754      	-10.3
782       	17:13:17  	576.4 	-1.4  	50    	18.1     	222   	12.1       	13.5       	4761      	-10.3
784       	17:13:19  	575.9 	-1.5  	51    	18.1     	222   	12.1       	13.4       	4769      	-10.3
786       	17:13:21  	575.3 	-1.5  	51    	18.1     	222   	12.1       	13.4       	4777      	-10.4
788       	17:13:23  	574.7 	-1.6  	51    	18.1     	222   	12.1       	13.4       	4784      	-10.4
790       	17:13:25  	574.2 	-1.7  	51    	18.1     	222   	12.1       	13.4       	4792      	-10.4
792       	17:13:27  	573.6 	-1.7  	51    	18.1     	222   	12.1       	13.4       	4800      	-10.4
794       	17:13:29  	573.1 	-1.8  	51    	18.0     	222   	12.0       	13.4       	4807      	-10.5
796       	17:13:31  	572.6 	-1.9  	52    	18.0     	222   	12.0       	13.4       	4815      	-10.5
798       	17:13:33  	572.0 	-2.0  	52    	17.9     	222   	11.9       	13.4       	4822      	-10.5
800       	17:13:35  	571.5 	-2.0  	52    	17.9     	222   	11.9       	13.4       	4829      	-10.5
802       	17:13:37  	571.0 	-2.1  	52    	17.9     	222   	11.9       	13.4       	4837      	-10.5
804       	17:13:39  	570.4 	-2.2  	52    	17.9     	221   	11.8       	13.4       	4844      	-10.6
806       	17:13:41  	569.9 	-2.2  	53    	17.9     	221   	11.8       	13.4       	4852      	-10.6
808       	17:13:43  	569.4 	-2.3  	53    	17.9     	221   	11.8       	13.5       	4859      	-10.6
810       	17:13:45  	568.8 	-2.4  	53    	17.9     	221   	11.8       	13.5       	4867      	-10.5
812       	17:13:47  	568.3 	-2.4  	54    	17.9     	221   	11.7       	13.5       	4874      	-10.5
814       	17:13:49  	567.7 	-2.5  	54    	17.9     	221   	11.7       	13.6       	4882      	-10.5
816       	17:13:51  	567.2 	-2.6  	54    	17.9     	221   	11.7       	13.6       	4890      	-10.5
818       	17:13:53  	566.6 	-2.6  	55    	18.0     	220   	11.7       	13.7       	4897      	-10.4
820       	17:13:55  	566.1 	-2.7  	55    	18.1     	220   	11.7       	13.8       	4905      	-10.4
822       	17:13:57  	565.6 	-2.8  	56    	18.1     	220   	11.6       	13.9       	4912      	-10.4
824       	17:13:59  	565.1 	-2.9  	56    	18.2     	220   	11.6       	14.0       	4919      	-10.3
826       	17:14:01  	564.5 	-2.9  	56    	18.3     	219   	11.6       	14.1       	4927      	-10.3
828       	17:14:03  	564.0 	-3.0  	57    	18.2     	219   	11.5       	14.1       	4934      	-10.4
830       	17:14:05  	563.5 	-3.1  	57    	18.3     	219   	11.5       	14.2       	4942      	-10.4
832       	17:14:07  	562.9 	-3.2  	57    	18.3     	219   	11.4       	14.3       	4949      	-10.4
834       	17:14:09  	562.4 	-3.2  	57    	18.4     	218   	11.3       	14.5       	4957      	-10.4
836       	17:14:11  	561.8 	-3.3  	58    	18.5     	218   	11.3       	14.6       	4965      	-10.4
838       	17:14:13  	561.3 	-3.4  	58    	18.5     	217   	11.2       	14.7       	4972      	-10.5
840       	17:14:15  	560.7 	-3.5  	58    	18.6     	217   	11.2       	14.8       	4980      	-10.5
842       	17:14:17  	560.2 	-3.6  	59    	18.6     	217   	11.2       	14.8       	4988      	-10.5
844       	17:14:19  	559.6 	-3.6  	59    	18.6     	217   	11.1       	14.9       	4996      	-10.4
846       	17:14:21  	559.1 	-3.7  	60    	18.7     	216   	11.1       	15.1       	5004      	-10.4
848       	17:14:23  	558.5 	-3.8  	60    	18.8     	216   	11.0       	15.2       	5012      	-10.3
850       	17:14:25  	558.0 	-3.9  	61    	18.8     	215   	10.9       	15.3       	5020      	-10.3
852       	17:14:27  	557.4 	-3.9  	61    	18.9     	215   	10.9       	15.4       	5028      	-10.2
854       	17:14:29  	556.8 	-4.0  	62    	18.9     	215   	10.9       	15.5       	5035      	-10.2
856       	17:14:31  	556.3 	-4.1  	62    	19.0     	215   	10.8       	15.6       	5043      	-10.2
858       	17:14:33  	555.8 	-4.2  	63    	19.0     	215   	10.8       	15.6       	5051      	-10.2
860       	17:14:35  	555.2 	-4.2  	63    	19.1     	215   	10.8       	15.7       	5058      	-10.2
862       	17:14:37  	554.7 	-4.3  	63    	19.1     	214   	10.8       	15.8       	5065      	-10.2
864       	17:14:39  	554.2 	-4.4  	63    	19.1     	214   	10.8       	15.8       	5073      	-10.2
866       	17:14:41  	553.6 	-4.5  	64    	19.1     	214   	10.8       	15.8       	5081      	-10.3
868       	17:14:43  	553.0 	-4.6  	64    	19.1     	215   	10.9       	15.7       	5089      	-10.3
870       	17:14:45  	552.4 	-4.6  	64    	19.1     	215   	10.9       	15.7       	5098      	-10.3
872       	17:14:47  	551.9 	-4.7  	65    	19.2     	215   	11.0       	15.7       	5106      	-10.3
874       	17:14:49  	551.3 	-4.8  	65    	19.2     	215   	11.1       	15.7       	5114      	-10.3
876       	17:14:51  	550.7 	-4.9  	65    	19.3     	216   	11.2       	15.7       	5122      	-10.4
878       	17:14:53  	550.2 	-5.0  	65    	19.3     	216   	11.2       	15.7       	5130      	-10.4
880       	17:14:55  	549.6 	-5.0  	66    	19.3     	216   	11.3       	15.7       	5138      	-10.4
882       	17:14:57  	549.0 	-5.1  	66    	19.3     	216   	11.3       	15.7       	5146      	-10.5
884       	17:14:59  	548.5 	-5.2  	66    	19.4     	216   	11.4       	15.7       	5155      	-10.6
886       	17:15:01  	547.9 	-5.3  	66    	19.5     	216   	11.4       	15.8       	5163      	-10.6
888       	17:15:03  	547.3 	-5.4  	66    	19.5     	216   	11.5       	15.8       	5171      	-10.7
890       	17:15:05  	546.8 	-5.4  	66    	19.5     	216   	11.5       	15.8       	5179      	-10.7
892       	17:15:07  	546.2 	-5.5  	67    	19.5     	216   	11.5       	15.8       	5187      	-10.7
894       	17:15:09  	545.7 	-5.6  	67    	19.5     	216   	11.5       	15.8       	5194      	-10.6
896       	17:15:11  	545.1 	-5.6  	68    	19.5     	216   	11.5       	15.8       	5202      	-10.6
898       	17:15:13  	544.6 	-5.7  	68    	19.6     	216   	11.5       	15.9       	5210      	-10.6
900       	17:15:15  	544.0 	-5.8  	69    	19.6     	216   	11.5       	15.9       	5219      	-10.6
902       	17:15:17  	543.5 	-5.9  	69    	19.6     	216   	11.5       	15.9       	5227      	-10.6
904       	17:15:19  	542.9 	-6.0  	69    	19.6     	216   	11.5       	15.9       	5234      	-10.6
906       	17:15:21  	542.4 	-6.0  	70    	19.6     	216   	11.5       	15.9       	5242      	-10.6
908       	17:15:23  	541.8 	-6.1  	70    	19.6     	216   	11.5       	15.9       	5251      	-10.7
910       	17:15:25  	541.2 	-6.2  	70    	19.6     	216   	11.4       	15.9       	5259      	-10.7
912       	17:15:27  	540.6 	-6.3  	70    	19.6     	216   	11.4       	15.9       	5268      	-10.8
914       	17:15:29  	540.0 	-6.4  	71    	19.6     	216   	11.4       	15.9       	5276      	-10.8
916       	17:15:31  	539.4 	-6.4  	71    	19.6     	216   	11.4       	15.9       	5285      	-10.8
918       	17:15:33  	538.9 	-6.5  	71    	19.6     	216   	11.4       	15.9       	5293      	-10.9
920       	17:15:35  	538.3 	-6.6  	71    	19.6     	216   	11.4       	15.9       	5301      	-10.9
922       	17:15:37  	537.7 	-6.7  	72    	19.6     	216   	11.4       	15.9       	5309      	-10.9
924       	17:15:39  	537.2 	-6.8  	72    	19.5     	215   	11.3       	15.9       	5317      	-10.9
926       	17:15:41  	536.6 	-6.8  	72    	19.4     	216   	11.3       	15.8       	5326      	-11.0
928       	17:15:43  	536.0 	-6.9  	72    	19.4     	216   	11.3       	15.8       	5334      	-11.0
930       	17:15:45  	535.5 	-7.0  	73    	19.3     	216   	11.3       	15.7       	5342      	-11.0
932       	17:15:47  	534.9 	-7.1  	73    	19.3     	216   	11.3       	15.7       	5350      	-11.1
934       	17:15:49  	534.3 	-7.2  	73    	19.3     	216   	11.3       	15.6       	5359      	-11.1
936       	17:15:51  	533.8 	-7.2  	74    	19.3     	216   	11.3       	15.6       	5367      	-11.1
938       	17:15:53  	533.2 	-7.3  	74    	19.2     	216   	11.3       	15.5       	5375      	-11.1
940       	17:15:55  	532.6 	-7.4  	74    	19.2     	216   	11.3       	15.5       	5384      	-11.2
942       	17:15:57  	532.0 	-7.5  	74    	19.1     	216   	11.3       	15.4       	5392      	-11.2
944       	17:15:59  	531.5 	-7.6  	74    	19.1     	216   	11.3       	15.4       	5401      	-11.3
946       	17:16:01  	530.9 	-7.6  	75    	19.1     	216   	11.3       	15.4       	5409      	-11.3
948       	17:16:03  	530.4 	-7.7  	75    	19.1     	216   	11.3       	15.4       	5417      	-11.4
950       	17:16:05  	529.8 	-7.8  	75    	19.1     	216   	11.3       	15.4       	5425      	-11.4
952       	17:16:07  	529.2 	-7.9  	75    	19.1     	216   	11.3       	15.4       	5434      	-11.5
954       	17:16:09  	528.7 	-7.9  	75    	19.0     	216   	11.3       	15.3       	5442      	-11.5
956       	17:16:11  	528.1 	-8.0  	75    	19.0     	216   	11.3       	15.3       	5450      	-11.6
958       	17:16:13  	527.6 	-8.1  	76    	19.0     	216   	11.2       	15.4       	5458      	-11.6
960       	17:16:15  	527.0 	-8.2  	76    	19.0     	216   	11.2       	15.3       	5467      	-11.7
962       	17:16:17  	526.4 	-8.2  	75    	19.0     	216   	11.2       	15.3       	5475      	-11.8
964       	17:16:19  	525.8 	-8.3  	75    	19.0     	216   	11.3       	15.3       	5483      	-11.9
966       	17:16:21  	525.3 	-8.4  	74    	18.9     	217   	11.3       	15.2       	5492      	-12.1
968       	17:16:23  	524.7 	-8.4  	74    	19.0     	217   	11.4       	15.2       	5501      	-12.2
970       	17:16:25  	524.1 	-8.5  	73    	19.1     	217   	11.5       	15.2       	5509      	-12.3
972       	17:16:27  	523.5 	-8.5  	73    	19.0     	217   	11.5       	15.1       	5518      	-12.5
974       	17:16:29  	523.0 	-8.6  	73    	19.1     	218   	11.7       	15.1       	5526      	-12.6
976       	17:16:31  	522.4 	-8.6  	72    	19.2     	218   	11.8       	15.1       	5535      	-12.6
978       	17:16:33  	521.8 	-8.7  	72    	19.3     	218   	12.0       	15.1       	5543      	-12.7
980       	17:16:35  	521.2 	-8.8  	73    	19.3     	219   	12.1       	15.1       	5552      	-12.8
982       	17:16:37  	520.6 	-8.8  	73    	19.4     	219   	12.2       	15.1       	5561      	-12.8
984       	17:16:39  	520.0 	-8.9  	73    	19.5     	219   	12.3       	15.1       	5570      	-12.9
986       	17:16:41  	519.4 	-9.0  	72    	19.5     	219   	12.4       	15.1       	5579      	-13.0
988       	17:16:43  	518.9 	-9.0  	72    	19.6     	220   	12.6       	15.0       	5587      	-13.2
990       	17:16:45  	518.3 	-9.1  	71    	19.5     	221   	12.7       	14.8       	5596      	-13.3
992       	17:16:47  	517.7 	-9.1  	71    	19.5     	221   	12.8       	14.7       	5604      	-13.5
994       	17:16:49  	517.1 	-9.2  	69    	19.5     	221   	12.9       	14.6       	5613      	-13.7
996       	17:16:51  	516.6 	-9.2  	68    	19.5     	222   	13.0       	14.5       	5622      	-14.0
998       	17:16:53  	515.9 	-9.2  	66    	19.4     	222   	13.1       	14.3       	5631      	-14.4
1000      	17:16:55  	515.3 	-9.2  	63    	19.5     	224   	13.4       	14.1       	5640      	-14.8
1002      	17:16:57  	514.7 	-9.2  	61    	19.5     	225   	13.7       	13.9       	5650      	-15.2
1004      	17:16:59  	514.0 	-9.2  	59    	19.6     	226   	14.0       	13.7       	5660      	-15.7
1006      	17:17:01  	513.4 	-9.2  	56    	19.7     	227   	14.3       	13.5       	5670      	-16.2
1008      	17:17:03  	512.7 	-9.1  	54    	19.9     	227   	14.6       	13.5       	5679      	-16.7
1010      	17:17:05  	512.0 	-9.1  	52    	20.0     	228   	14.8       	13.4       	5690      	-17.1
1012      	17:17:07  	511.4 	-9.1  	50    	20.2     	229   	15.2       	13.3       	5700      	-17.6
1014      	17:17:09  	510.7 	-9.1  	48    	20.5     	231   	15.8       	13.0       	5710      	-18.1
1016      	17:17:11  	510.1 	-9.1  	46    	20.8     	232   	16.4       	12.8       	5720      	-18.5
1018      	17:17:13  	509.5 	-9.1  	44    	21.0     	234   	16.9       	12.5       	5729      	-19.0
1020      	17:17:15  	508.9 	-9.1  	42    	21.2     	234   	17.2       	12.4       	5738      	-19.5
1022      	17:17:17  	508.3 	-9.1  	41    	21.3     	235   	17.5       	12.2       	5747      	-19.9
1024      	17:17:19  	507.7 	-9.1  	39    	21.5     	236   	17.8       	12.0       	5756      	-20.3
1026      	17:17:21  	507.1 	-9.1  	38    	21.7     	237   	18.3       	11.7       	5765      	-20.6
1028      	17:17:23  	506.5 	-9.1  	37    	21.8     	239   	18.7       	11.3       	5773      	-21.0
1030      	17:17:25  	505.9 	-9.1  	36    	22.0     	240   	19.1       	11.0       	5782      	-21.4
1032      	17:17:27  	505.4 	-9.2  	34    	22.2     	241   	19.5       	10.7       	5791      	-21.9
1034      	17:17:29  	504.8 	-9.2  	33    	22.3     	242   	19.6       	10.6       	5800      	-22.4
1036      	17:17:31  	504.2 	-9.2  	31    	22.3     	242   	19.7       	10.4       	5809      	-22.9
1038      	17:17:33  	503.6 	-9.2  	30    	22.3     	243   	19.8       	10.2       	5818      	-23.5
1040      	17:17:35  	503.0 	-9.2  	29    	22.3     	243   	19.9       	10.0       	5827      	-24.0
1042      	17:17:37  	502.4 	-9.2  	27    	22.2     	244   	19.9       	9.8        	5836      	-24.6
1044      	17:17:39  	501.9 	-9.2  	26    	22.1     	244   	19.9       	9.6        	5845      	-25.0
1046      	17:17:41  	501.3 	-9.2  	25    	22.0     	244   	19.8       	9.5        	5854      	-25.5
1048      	17:17:43  	500.7 	-9.2  	24    	21.9     	244   	19.7       	9.5        	5862      	-25.9
1050      	17:17:45  	500.2 	-9.2  	23    	21.7     	244   	19.6       	9.4        	5871      	-26.2
1052      	17:17:47  	499.6 	-9.2  	23    	21.5     	244   	19.3       	9.4        	5880      	-26.6
1054      	17:17:49  	499.0 	-9.3  	22    	21.2     	244   	19.0       	9.3        	5889      	-26.9
1056      	17:17:51  	498.5 	-9.3  	22    	21.0     	244   	18.8       	9.3        	5898      	-27.2
1058      	17:17:53  	497.9 	-9.3  	21    	20.7     	243   	18.5       	9.3        	5907      	-27.4
1060      	17:17:55  	497.3 	-9.4  	21    	20.6     	243   	18.4       	9.3        	5915      	-27.5
1062      	17:17:57  	496.8 	-9.5  	21    	20.4     	243   	18.2       	9.3        	5924      	-27.7
1064      	17:17:59  	496.2 	-9.5  	21    	20.3     	243   	18.0       	9.3        	5932      	-27.8
1066      	17:18:01  	495.6 	-9.6  	21    	20.1     	242   	17.8       	9.3        	5941      	-27.9
1068      	17:18:03  	495.1 	-9.7  	21    	19.9     	242   	17.6       	9.3        	5950      	-27.9
1070      	17:18:05  	494.5 	-9.8  	21    	19.7     	242   	17.4       	9.3        	5959      	-28.0
1072      	17:18:07  	494.0 	-9.8  	20    	19.6     	242   	17.3       	9.3        	5967      	-28.2
1074      	17:18:09  	493.4 	-9.9  	20    	19.6     	242   	17.2       	9.3        	5976      	-28.3
1076      	17:18:11  	492.9 	-10.0 	20    	19.6     	242   	17.2       	9.3        	5985      	-28.5
1078      	17:18:13  	492.3 	-10.1 	20    	19.4     	242   	17.1       	9.2        	5993      	-27.1
1080      	17:18:15  	491.7 	-10.1 	20    	19.3     	242   	17.0       	9.2        	6002      	-27.2
1082      	17:18:17  	491.2 	-10.2 	19    	19.2     	242   	16.9       	9.1        	6011      	-27.4
1084      	17:18:19  	490.7 	-10.3 	19    	19.1     	242   	16.8       	9.1        	6019      	-27.6
1086      	17:18:21  	490.1 	-10.3 	19    	19.1     	242   	16.8       	9.1        	6028      	-27.7
1088      	17:18:23  	489.6 	-10.4 	19    	19.0     	242   	16.7       	9.0        	6036      	-27.8
1090      	17:18:25  	489.0 	-10.5 	19    	19.0     	241   	16.7       	9.1        	6044      	-28.0
1092      	17:18:27  	488.5 	-10.5 	19    	18.8     	241   	16.5       	9.1        	6053      	-28.2
1094      	17:18:29  	487.9 	-10.6 	18    	18.8     	241   	16.4       	9.2        	6062      	-28.3
1096      	17:18:31  	487.4 	-10.7 	18    	18.7     	241   	16.3       	9.2        	6071      	-28.5
1098      	17:18:33  	486.8 	-10.7 	18    	18.7     	240   	16.2       	9.3        	6079      	-28.7
1100      	17:18:35  	486.3 	-10.8 	18    	18.7     	240   	16.2       	9.4        	6088      	-28.9
1102      	17:18:37  	485.8 	-10.8 	17    	18.7     	239   	16.1       	9.5        	6096      	-29.2
1104      	17:18:39  	485.3 	-10.9 	17    	18.6     	239   	15.9       	9.6        	6104      	-29.5
1106      	17:18:41  	484.8 	-10.9 	16    	18.5     	239   	15.8       	9.6        	6112      	-29.8
1108      	17:18:43  	484.2 	-11.0 	16    	18.4     	238   	15.6       	9.7        	6120      	-30.2
1110      	17:18:45  	483.7 	-11.1 	15    	18.2     	238   	15.4       	9.7        	6129      	-30.6
1112      	17:18:47  	483.2 	-11.1 	14    	18.1     	238   	15.3       	9.7        	6137      	-31.2
1114      	17:18:49  	482.7 	-11.1 	13    	18.0     	237   	15.2       	9.7        	6145      	-31.7
1116      	17:18:51  	482.1 	-11.1 	13    	18.1     	237   	15.2       	9.8        	6154      	-32.3
1118      	17:18:53  	481.6 	-11.2 	12    	18.1     	237   	15.1       	9.9        	6162      	-32.9
1120      	17:18:55  	481.1 	-11.2 	11    	18.1     	236   	15.0       	10.1       	6171      	-33.5
1122      	17:18:57  	480.5 	-11.2 	11    	18.1     	235   	14.9       	10.3       	6180      	-34.0
1124      	17:18:59  	480.0 	-11.2 	10    	18.2     	235   	14.9       	10.5       	6189      	-34.6
1126      	17:19:01  	479.4 	-11.2 	10    	18.4     	235   	15.0       	10.6       	6197      	-35.0
1128      	17:19:03  	478.9 	-11.2 	9     	18.6     	234   	15.1       	10.9       	6206      	-35.3
1130      	17:19:05  	478.4 	-11.3 	9     	18.8     	234   	15.2       	11.1       	6214      	-35.5
1132      	17:19:07  	477.8 	-11.3 	9     	19.2     	233   	15.4       	11.4       	6222      	-35.6
1134      	17:19:09  	477.3 	-11.4 	9     	19.5     	233   	15.6       	11.7       	6231      	-35.8
1136      	17:19:11  	476.8 	-11.5 	9     	19.6     	233   	15.7       	11.8       	6239      	-36.0
1138      	17:19:13  	476.3 	-11.5 	9     	19.9     	233   	15.9       	11.9       	6247      	-36.0
1140      	17:19:15  	475.8 	-11.6 	9     	19.9     	233   	16.0       	11.9       	6256      	-36.1
1142      	17:19:17  	475.3 	-11.6 	9     	20.2     	233   	16.2       	12.1       	6264      	-36.2
1144      	17:19:19  	474.8 	-11.7 	9     	20.4     	233   	16.4       	12.2       	6272      	-36.3
1146      	17:19:21  	474.3 	-11.8 	9     	20.7     	233   	16.6       	12.4       	6280      	-36.3
1148      	17:19:23  	473.8 	-11.8 	9     	20.9     	233   	16.7       	12.5       	6288      	-36.4
1150      	17:19:25  	473.3 	-11.9 	9     	20.9     	233   	16.7       	12.5       	6296      	-36.5
1152      	17:19:27  	472.8 	-11.9 	9     	21.0     	233   	16.8       	12.6       	6304      	-36.6
1154      	17:19:29  	472.2 	-12.0 	9     	21.1     	233   	16.8       	12.7       	6313      	-36.7
1156      	17:19:31  	471.7 	-12.0 	9     	21.2     	233   	16.9       	12.8       	6321      	-36.8
1158      	17:19:33  	471.2 	-12.1 	9     	21.3     	232   	16.9       	13.0       	6329      	-36.8
1160      	17:19:35  	470.7 	-12.2 	9     	21.5     	232   	17.0       	13.2       	6338      	-36.9
1162      	17:19:37  	470.1 	-12.2 	9     	21.6     	232   	17.0       	13.3       	6347      	-36.9
1164      	17:19:39  	469.6 	-12.3 	9     	21.6     	232   	17.0       	13.4       	6355      	-36.9
1166      	17:19:41  	469.1 	-12.3 	9     	21.7     	232   	17.0       	13.5       	6364      	-36.9
1168      	17:19:43  	468.5 	-12.4 	9     	22.0     	231   	17.2       	13.7       	6373      	-36.9
1170      	17:19:45  	468.0 	-12.4 	9     	22.4     	231   	17.5       	14.0       	6382      	-36.9
1172      	17:19:47  	467.4 	-12.4 	9     	22.7     	231   	17.7       	14.2       	6391      	-36.9
1174      	17:19:49  	466.9 	-12.5 	9     	23.1     	231   	18.0       	14.4       	6400      	-36.8
1176      	17:19:51  	466.3 	-12.5 	9     	23.3     	231   	18.2       	14.5       	6409      	-36.8
1178      	17:19:53  	465.8 	-12.5 	9     	23.6     	231   	18.4       	14.7       	6418      	-36.7
1180      	17:19:55  	465.2 	-12.6 	9     	23.9     	232   	18.8       	14.8       	6427      	-36.6
1182      	17:19:57  	464.7 	-12.6 	9     	24.4     	232   	19.2       	15.1       	6436      	-36.6
1184      	17:19:59  	464.1 	-12.7 	9     	24.9     	232   	19.7       	15.3       	6445      	-36.5
1186      	17:20:01  	463.6 	-12.7 	9     	25.5     	232   	20.2       	15.6       	6454      	-36.4
1188      	17:20:03  	463.1 	-12.8 	10    	25.8     	233   	20.5       	15.7       	6463      	-36.3
1190      	17:20:05  	462.5 	-12.9 	10    	26.1     	233   	20.8       	15.8       	6471      	-36.3
1192      	17:20:07  	462.0 	-12.9 	10    	26.3     	233   	21.0       	15.9       	6479      	-36.3
1194      	17:20:09  	461.5 	-13.0 	10    	26.6     	233   	21.3       	16.0       	6488      	-36.3
1196      	17:20:11  	461.0 	-13.1 	10    	27.0     	233   	21.7       	16.1       	6496      	-36.3
1198      	17:20:13  	460.5 	-13.2 	10    	27.3     	234   	22.0       	16.2       	6505      	-36.2
1200      	17:20:15  	460.0 	-13.3 	10    	27.5     	234   	22.2       	16.3       	6513      	-36.2
1202      	17:20:17  	459.5 	-13.3 	10    	27.5     	234   	22.2       	16.3       	6521      	-36.1
1204      	17:20:19  	459.0 	-13.4 	10    	27.6     	234   	22.3       	16.3       	6529      	-36.0
1206      	17:20:21  	458.5 	-13.5 	11    	27.7     	234   	22.4       	16.3       	6538      	-36.0
1208      	17:20:23  	458.0 	-13.6 	11    	27.9     	234   	22.6       	16.4       	6546      	-36.0
1210      	17:20:25  	457.5 	-13.7 	11    	28.0     	234   	22.7       	16.4       	6555      	-36.0
1212      	17:20:27  	457.0 	-13.8 	11    	28.2     	234   	22.9       	16.4       	6563      	-35.9
1214      	17:20:29  	456.5 	-13.8 	11    	28.2     	235   	23.0       	16.4       	6572      	-35.9
1216      	17:20:31  	455.9 	-13.9 	11    	28.3     	235   	23.1       	16.4       	6580      	-35.9
1218      	17:20:33  	455.4 	-14.0 	11    	28.4     	235   	23.2       	16.4       	6589      	-36.0
1220      	17:20:35  	454.9 	-14.1 	11    	28.5     	235   	23.4       	16.3       	6597      	-35.9
1222      	17:20:37  	454.4 	-14.2 	11    	28.7     	235   	23.6       	16.3       	6606      	-35.9
1224      	17:20:39  	453.9 	-14.2 	11    	28.8     	236   	23.8       	16.3       	6614      	-35.9
1226      	17:20:41  	453.4 	-14.3 	12    	29.0     	236   	24.0       	16.3       	6622      	-35.9
1228      	17:20:43  	452.9 	-14.4 	12    	29.0     	236   	24.1       	16.2       	6630      	-35.9
1230      	17:20:45  	452.4 	-14.5 	12    	29.1     	236   	24.2       	16.2       	6639      	-35.9
1232      	17:20:47  	451.9 	-14.5 	12    	29.3     	236   	24.4       	16.2       	6647      	-35.9
1234      	17:20:49  	451.4 	-14.6 	12    	29.5     	237   	24.6       	16.2       	6656      	-35.9
1236      	17:20:51  	450.9 	-14.7 	12    	29.6     	237   	24.8       	16.2       	6665      	-35.9
1238      	17:20:53  	450.4 	-14.8 	12    	29.8     	237   	25.0       	16.2       	6674      	-35.9
1240      	17:20:55  	449.8 	-14.9 	12    	29.9     	237   	25.1       	16.2       	6682      	-35.9
1242      	17:20:57  	449.3 	-14.9 	12    	30.0     	237   	25.2       	16.2       	6691      	-35.9
1244      	17:20:59  	448.8 	-15.0 	12    	30.0     	237   	25.2       	16.2       	6700      	-36.0
1246      	17:21:01  	448.3 	-15.1 	12    	30.2     	237   	25.4       	16.3       	6708      	-36.0
1248      	17:21:03  	447.8 	-15.1 	12    	30.4     	237   	25.6       	16.4       	6717      	-36.1
1250      	17:21:05  	447.3 	-15.2 	12    	30.6     	237   	25.8       	16.5       	6725      	-36.2
1252      	17:21:07  	446.8 	-15.2 	12    	30.8     	237   	26.0       	16.6       	6733      	-36.3
1254      	17:21:09  	446.3 	-15.3 	12    	30.9     	238   	26.1       	16.6       	6741      	-36.4
1256      	17:21:11  	445.9 	-15.3 	12    	31.1     	237   	26.2       	16.7       	6749      	-36.6
1258      	17:21:13  	445.4 	-15.3 	12    	31.3     	238   	26.4       	16.8       	6757      	-36.7
1260      	17:21:15  	444.9 	-15.4 	12    	31.5     	238   	26.6       	16.9       	6766      	-36.8
1262      	17:21:17  	444.4 	-15.4 	11    	31.7     	238   	26.8       	17.0       	6774      	-36.9
1264      	17:21:19  	444.0 	-15.5 	11    	31.9     	238   	27.0       	17.0       	6782      	-37.0
1266      	17:21:21  	443.5 	-15.6 	11    	32.0     	238   	27.1       	17.1       	6789      	-37.0
1268      	17:21:23  	443.1 	-15.6 	11    	32.1     	238   	27.2       	17.1       	6797      	-37.1
1270      	17:21:25  	442.6 	-15.7 	11    	32.2     	238   	27.3       	17.1       	6804      	-37.1
1272      	17:21:27  	442.2 	-15.7 	12    	32.3     	238   	27.4       	17.1       	6812      	-37.1
1274      	17:21:29  	441.8 	-15.8 	12    	32.4     	238   	27.5       	17.1       	6819      	-37.1
1276      	17:21:31  	441.3 	-15.9 	12    	32.5     	238   	27.6       	17.1       	6827      	-37.1
1278      	17:21:33  	440.9 	-15.9 	12    	32.5     	238   	27.6       	17.1       	6834      	-37.2
1280      	17:21:35  	440.5 	-16.0 	12    	32.5     	238   	27.6       	17.1       	6842      	-37.2
1282      	17:21:37  	440.0 	-16.0 	12    	32.5     	238   	27.6       	17.1       	6849      	-37.3
1284      	17:21:39  	439.6 	-16.1 	11    	32.5     	238   	27.6       	17.1       	6856      	-37.4
1286      	17:21:41  	439.2 	-16.1 	11    	32.6     	238   	27.8       	17.1       	6863      	-37.6
1288      	17:21:43  	438.8 	-16.2 	11    	32.8     	238   	27.9       	17.2       	6871      	-37.7
1290      	17:21:45  	438.3 	-16.2 	11    	32.9     	238   	28.0       	17.2       	6878      	-37.9
1292      	17:21:47  	437.9 	-16.3 	11    	32.9     	239   	28.1       	17.2       	6885      	-38.0
1294      	17:21:49  	437.5 	-16.3 	11    	33.2     	239   	28.3       	17.3       	6893      	-38.1
1296      	17:21:51  	437.0 	-16.4 	11    	33.3     	239   	28.4       	17.3       	6900      	-38.2
1298      	17:21:53  	436.6 	-16.4 	11    	33.4     	239   	28.5       	17.4       	6907      	-38.2
1300      	17:21:55  	436.2 	-16.5 	11    	33.6     	239   	28.7       	17.5       	6914      	-38.1
1302      	17:21:57  	435.8 	-16.5 	11    	33.8     	239   	28.8       	17.6       	6921      	-38.0
1304      	17:21:59  	435.4 	-16.6 	11    	33.8     	239   	28.8       	17.6       	6928      	-37.9
1306      	17:22:01  	435.0 	-16.6 	12    	33.8     	239   	28.8       	17.6       	6935      	-37.7
1308      	17:22:03  	434.6 	-16.7 	12    	33.8     	238   	28.8       	17.7       	6942      	-37.6
1310      	17:22:05  	434.2 	-16.7 	12    	33.8     	238   	28.8       	17.7       	6949      	-37.5
1312      	17:22:07  	433.8 	-16.8 	12    	33.8     	238   	28.8       	17.7       	6955      	-37.4
1314      	17:22:09  	433.4 	-16.9 	12    	33.9     	239   	28.9       	17.7       	6962      	-37.4
1316      	17:22:11  	433.0 	-16.9 	12    	33.9     	239   	28.9       	17.7       	6969      	-37.5
1318      	17:22:13  	432.6 	-17.0 	12    	33.9     	239   	28.9       	17.7       	6976      	-37.5
1320      	17:22:15  	432.2 	-17.0 	12    	34.0     	239   	29.0       	17.7       	6983      	-37.6
1322      	17:22:17  	431.8 	-17.1 	12    	34.1     	239   	29.1       	17.7       	6990      	-37.7
1324      	17:22:19  	431.4 	-17.1 	12    	34.3     	239   	29.3       	17.8       	6997      	-37.8
1326      	17:22:21  	431.0 	-17.1 	12    	34.5     	239   	29.5       	17.8       	7004      	-37.9
1328      	17:22:23  	430.7 	-17.2 	12    	34.7     	239   	29.7       	17.9       	7010      	-38.0
1330      	17:22:25  	430.3 	-17.2 	12    	34.9     	239   	29.9       	18.0       	7016      	-38.1
1332      	17:22:27  	430.0 	-17.3 	12    	35.0     	239   	30.0       	18.1       	7023      	-38.2
1334      	17:22:29  	429.6 	-17.3 	12    	35.2     	239   	30.2       	18.1       	7029      	-38.2
1336      	17:22:31  	429.3 	-17.4 	12    	35.4     	239   	30.4       	18.2       	7035      	-38.3
1338      	17:22:33  	428.9 	-17.4 	12    	35.6     	239   	30.5       	18.3       	7041      	-38.4
1340      	17:22:35  	428.6 	-17.4 	12    	35.8     	239   	30.7       	18.4       	7047      	-38.4
1342      	17:22:37  	428.2 	-17.5 	12    	35.9     	239   	30.8       	18.4       	7053      	-38.3
1344      	17:22:39  	427.8 	-17.6 	12    	35.9     	239   	30.8       	18.4       	7060      	-38.3
1346      	17:22:41  	427.5 	-17.6 	12    	36.0     	239   	30.9       	18.4       	7066      	-38.3
1348      	17:22:43  	427.1 	-17.7 	12    	35.9     	239   	30.8       	18.4       	7073      	-38.3
1350      	17:22:45  	426.7 	-17.7 	12    	35.8     	239   	30.8       	18.3       	7079      	-38.3
1352      	17:22:47  	426.4 	-17.8 	12    	35.7     	239   	30.7       	18.2       	7085      	-38.2
1354      	17:22:49  	426.0 	-17.8 	12    	35.6     	239   	30.7       	18.1       	7092      	-38.1
1356      	17:22:51  	425.7 	-17.9 	13    	35.5     	240   	30.6       	18.0       	7098      	-38.0
1358      	17:22:53  	425.3 	-18.0 	13    	35.4     	240   	30.5       	17.9       	7104      	-37.9
1360      	17:22:55  	424.9 	-18.0 	13    	35.2     	240   	30.4       	17.8       	7111      	-37.8
1362      	17:22:57  	424.6 	-18.1 	13    	35.0     	240   	30.3       	17.6       	7117      	-37.7
1364      	17:22:59  	424.2 	-18.1 	14    	34.9     	240   	30.2       	17.5       	7123      	-37.6
1366      	17:23:01  	423.9 	-18.2 	14    	34.7     	240   	30.1       	17.3       	7129      	-37.6
1368      	17:23:03  	423.5 	-18.3 	14    	34.7     	240   	30.1       	17.2       	7136      	-37.5
1370      	17:23:05  	423.1 	-18.3 	14    	34.6     	240   	30.1       	17.1       	7142      	-37.5
1372      	17:23:07  	422.8 	-18.4 	14    	34.5     	240   	30.0       	17.0       	7148      	-37.4
1374      	17:23:09  	422.4 	-18.4 	14    	34.5     	240   	30.0       	17.0       	7155      	-37.4
1376      	17:23:11  	422.1 	-18.5 	14    	34.3     	241   	29.9       	16.9       	7161      	-37.4
1378      	17:23:13  	421.7 	-18.5 	15    	34.3     	241   	29.9       	16.8       	7168      	-37.4
1380      	17:23:15  	421.3 	-18.6 	15    	34.2     	241   	29.8       	16.7       	7174      	-37.3
1382      	17:23:17  	421.0 	-18.7 	15    	34.2     	241   	29.8       	16.7       	7180      	-37.3
1384      	17:23:19  	420.7 	-18.7 	15    	34.0     	241   	29.7       	16.6       	7186      	-37.3
1386      	17:23:21  	420.3 	-18.8 	15    	34.0     	241   	29.7       	16.6       	7191      	-37.2
1388      	17:23:23  	420.0 	-18.8 	15    	34.0     	241   	29.7       	16.6       	7197      	-37.2
1390      	17:23:25  	419.7 	-18.9 	15    	34.0     	241   	29.7       	16.6       	7204      	-37.2
1392      	17:23:27  	419.3 	-18.9 	15    	34.1     	241   	29.7       	16.7       	7209      	-37.2
1394      	17:23:29  	419.0 	-19.0 	15    	34.1     	241   	29.7       	16.7       	7215      	-37.3
1396      	17:23:31  	418.7 	-19.0 	15    	34.1     	241   	29.7       	16.7       	7221      	-37.3
1398      	17:23:33  	418.3 	-19.1 	15    	34.1     	241   	29.7       	16.8       	7227      	-37.4
1400      	17:23:35  	418.0 	-19.1 	15    	34.1     	241   	29.7       	16.8       	7233      	-37.4
1402      	17:23:37  	417.7 	-19.2 	15    	34.3     	240   	29.8       	16.9       	7239      	-37.5
1404      	17:23:39  	417.3 	-19.2 	15    	34.3     	240   	29.8       	17.0       	7245      	-37.5
1406      	17:23:41  	417.0 	-19.3 	15    	34.4     	240   	29.8       	17.1       	7251      	-37.5
1408      	17:23:43  	416.7 	-19.3 	15    	34.4     	240   	29.9       	17.1       	7257      	-37.5
1410      	17:23:45  	416.3 	-19.4 	16    	34.5     	240   	29.9       	17.2       	7263      	-37.4
1412      	17:23:47  	416.0 	-19.4 	16    	34.5     	240   	29.9       	17.2       	7268      	-37.4
1414      	17:23:49  	415.7 	-19.5 	16    	34.5     	240   	29.9       	17.2       	7274      	-37.4
1416      	17:23:51  	415.3 	-19.5 	16    	34.5     	240   	30.0       	17.1       	7281      	-37.3
1418      	17:23:53  	415.0 	-19.6 	16    	34.5     	240   	30.0       	17.1       	7287      	-37.3
1420      	17:23:55  	414.7 	-19.6 	16    	34.5     	240   	30.0       	17.1       	7293      	-37.3
1422      	17:23:57  	414.3 	-19.7 	16    	34.5     	240   	30.0       	17.0       	7298      	-37.4
1424      	17:23:59  	414.0 	-19.8 	16    	34.5     	241   	30.1       	16.9       	7304      	-37.4
1426      	17:24:01  	413.6 	-19.8 	16    	34.5     	241   	30.1       	16.8       	7311      	-37.4
1428      	17:24:03  	413.3 	-19.9 	16    	34.5     	241   	30.2       	16.7       	7317      	-37.5
1430      	17:24:05  	412.9 	-19.9 	16    	34.5     	241   	30.2       	16.6       	7324      	-37.5
1432      	17:24:07  	412.6 	-20.0 	16    	34.5     	241   	30.3       	16.5       	7330      	-37.5
1434      	17:24:09  	412.2 	-20.1 	16    	34.5     	242   	30.3       	16.4       	7336      	-37.6
1436      	17:24:11  	411.9 	-20.1 	16    	34.5     	242   	30.4       	16.4       	7343      	-37.7
1438      	17:24:13  	411.5 	-20.2 	16    	34.5     	242   	30.4       	16.4       	7350      	-37.8
1440      	17:24:15  	411.1 	-20.2 	16    	34.6     	242   	30.5       	16.3       	7356      	-37.8
1442      	17:24:17  	410.7 	-20.3 	16    	34.7     	242   	30.6       	16.3       	7363      	-37.9
1444      	17:24:19  	410.4 	-20.3 	16    	34.7     	242   	30.7       	16.2       	7370      	-38.0
1446      	17:24:21  	410.0 	-20.4 	16    	34.8     	242   	30.8       	16.2       	7377      	-38.1
1448      	17:24:23  	409.6 	-20.4 	16    	34.9     	242   	30.9       	16.2       	7384      	-38.2
1450      	17:24:25  	409.2 	-20.4 	16    	35.0     	242   	31.0       	16.2       	7390      	-38.3
1452      	17:24:27  	408.9 	-18.8 	15    	35.2     	243   	31.3       	16.2       	7397      	-37.0
1454      	17:24:29  	408.5 	-18.8 	15    	35.5     	243   	31.5       	16.3       	7404      	-37.2
1456      	17:24:31  	408.1 	-18.8 	15    	35.6     	243   	31.7       	16.3       	7410      	-37.4
1458      	17:24:33  	407.8 	-18.8 	15    	35.9     	243   	32.0       	16.3       	7417      	-37.4
1460      	17:24:35  	407.5 	-18.8 	14    	36.1     	243   	32.2       	16.4       	7423      	-38.0
1462      	17:24:37  	407.1 	-18.8 	13    	36.3     	243   	32.4       	16.4       	7429      	-38.6
1464      	17:24:39  	406.8 	-18.8 	12    	36.5     	243   	32.6       	16.5       	7435      	-39.4
1466      	17:24:41  	406.5 	-18.8 	11    	36.9     	243   	32.9       	16.6       	7441      	-39.8
1468      	17:24:43  	406.1 	-18.8 	10    	37.2     	243   	33.2       	16.8       	7447      	-40.7
1470      	17:24:45  	405.8 	-18.8 	9     	37.5     	243   	33.4       	17.0       	7453      	-41.5
1472      	17:24:47  	405.5 	-18.8 	8     	37.7     	243   	33.5       	17.2       	7459      	-42.5
1474      	17:24:49  	405.2 	-20.4 	8     	37.8     	243   	33.6       	17.4       	7465      	-44.3
1476      	17:24:51  	404.8 	-20.4 	8     	38.0     	243   	33.7       	17.5       	7471      	-44.6
1478      	17:24:53  	404.5 	-20.5 	7     	38.1     	242   	33.7       	17.7       	7476      	-44.9
1480      	17:24:55  	404.2 	-20.5 	7     	38.2     	242   	33.8       	17.9       	7482      	-45.1
1482      	17:24:57  	403.9 	-20.5 	7     	38.3     	242   	33.8       	18.0       	7488      	-45.3
1484      	17:24:59  	403.5 	-20.5 	7     	38.4     	242   	33.8       	18.2       	7495      	-45.6
1486      	17:25:01  	403.2 	-20.6 	7     	38.3     	241   	33.7       	18.3       	7501      	-45.9
1488      	17:25:03  	402.8 	-20.6 	6     	38.3     	241   	33.6       	18.3       	7508      	-46.2
1490      	17:25:05  	402.5 	-20.7 	6     	38.3     	241   	33.6       	18.4       	7514      	-46.6
1492      	17:25:07  	402.1 	-20.7 	6     	38.5     	241   	33.7       	18.6       	7521      	-47.1
1494      	17:25:09  	401.7 	-20.7 	6     	38.6     	241   	33.7       	18.9       	7528      	-47.6
1496      	17:25:11  	401.4 	-20.8 	5     	38.8     	241   	33.8       	19.1       	7534      	-48.0
1498      	17:25:13  	401.0 	-20.8 	5     	39.0     	240   	33.9       	19.3       	7541      	-48.5
1500      	17:25:15  	400.6 	-20.8 	5     	39.2     	240   	34.0       	19.6       	7548      	-49.1
1502      	17:25:17  	400.2 	-20.8 	4     	39.5     	240   	34.2       	19.8       	7555      	-49.6
1504      	17:25:19  	399.9 	-20.8 	4     	39.8     	240   	34.4       	20.1       	7562      	-50.2
1506      	17:25:21  	399.5 	-20.9 	4     	40.2     	239   	34.6       	20.4       	7568      	-50.7
1508      	17:25:23  	399.2 	-20.9 	4     	40.5     	239   	34.8       	20.7       	7574      	-51.1
1510      	17:25:25  	398.9 	-21.0 	3     	40.7     	239   	34.9       	20.9       	7581      	-51.6
1512      	17:25:27  	398.5 	-21.0 	3     	40.8     	239   	35.0       	21.0       	7587      	-51.9
1514      	17:25:29  	398.2 	-21.0 	3     	41.0     	239   	35.1       	21.1       	7593      	-52.2
1516      	17:25:31  	397.8 	-21.1 	3     	41.0     	239   	35.1       	21.2       	7600      	-52.4
1518      	17:25:33  	397.5 	-21.1 	3     	41.0     	239   	35.2       	21.1       	7606      	-52.5
1520      	17:25:35  	397.1 	-21.2 	3     	41.1     	239   	35.3       	21.1       	7612      	-52.6
1522      	17:25:37  	396.8 	-21.2 	3     	41.1     	239   	35.3       	21.1       	7619      	-52.7
1524      	17:25:39  	396.5 	-21.3 	3     	41.1     	239   	35.3       	21.0       	7625      	-52.8
1526      	17:25:41  	396.1 	-21.3 	3     	41.0     	239   	35.3       	20.9       	7632      	-53.1
1528      	17:25:43  	395.8 	-21.3 	3     	41.1     	240   	35.4       	20.8       	7638      	-53.3
1530      	17:25:45  	395.4 	-21.4 	3     	41.2     	240   	35.6       	20.8       	7645      	-53.7
1532      	17:25:47  	395.1 	-21.4 	3     	41.4     	240   	35.8       	20.7       	7651      	-54.0
1534      	17:25:49  	394.7 	-21.4 	2     	41.6     	240   	36.1       	20.6       	7658      	-54.4
1536      	17:25:51  	394.4 	-21.4 	2     	41.7     	241   	36.3       	20.5       	7664      	-54.9
1538      	17:25:53  	394.0 	-21.4 	2     	41.9     	241   	36.5       	20.5       	7671      	-55.4
1540      	17:25:55  	393.7 	-21.4 	2     	42.1     	241   	36.8       	20.5       	7677      	-55.9
1542      	17:25:57  	393.3 	-21.4 	2     	42.3     	241   	37.0       	20.5       	7683      	-56.3
1544      	17:25:59  	393.0 	-21.4 	2     	42.6     	241   	37.3       	20.6       	7690      	-56.7
1546      	17:26:01  	392.6 	-21.4 	2     	42.9     	241   	37.6       	20.6       	7696      	-57.0
1548      	17:26:03  	392.3 	-21.4 	2     	43.2     	241   	37.9       	20.7       	7703      	-57.2
1550      	17:26:05  	392.0 	-21.4 	2     	43.3     	241   	38.0       	20.8       	7709      	-57.3
1552      	17:26:07  	391.6 	-21.5 	2     	43.3     	241   	38.0       	20.8       	7715      	-57.5
1554      	17:26:09  	391.3 	-21.5 	2     	43.5     	241   	38.1       	20.9       	7722      	-57.6
1556      	17:26:11  	390.9 	-21.5 	2     	43.4     	241   	38.0       	21.0       	7729      	-57.7
1558      	17:26:13  	390.6 	-21.5 	2     	43.5     	241   	38.0       	21.1       	7735      	-57.9
1560      	17:26:15  	390.2 	-21.6 	2     	43.5     	241   	37.9       	21.3       	7742      	-57.9
1562      	17:26:17  	389.9 	-21.6 	2     	43.5     	241   	37.9       	21.4       	7748      	-58.0
1564      	17:26:19  	389.5 	-21.6 	2     	43.4     	240   	37.8       	21.4       	7755      	-58.2
1566      	17:26:21  	389.2 	-21.7 	2     	43.3     	240   	37.6       	21.5       	7761      	-58.2
1568      	17:26:23  	388.8 	-21.7 	2     	43.2     	240   	37.5       	21.5       	7768      	-58.3
1570      	17:26:25  	388.5 	-21.7 	2     	43.1     	240   	37.3       	21.5       	7774      	-58.3
1572      	17:26:27  	388.1 	-21.8 	2     	43.0     	240   	37.2       	21.5       	7781      	-58.3
1574      	17:26:29  	387.8 	-21.8 	2     	42.8     	240   	37.0       	21.5       	7788      	-58.4
1576      	17:26:31  	387.4 	-21.8 	2     	42.8     	240   	37.0       	21.5       	7795      	-58.5
1578      	17:26:33  	387.1 	-21.9 	2     	42.7     	240   	36.9       	21.4       	7802      	-58.6
1580      	17:26:35  	386.7 	-21.9 	1     	42.6     	240   	36.8       	21.4       	7809      	-58.8
1582      	17:26:37  	386.3 	-21.9 	1     	42.6     	240   	37.0       	21.2       	7816      	-58.9
1584      	17:26:39  	385.9 	-22.0 	1     	42.7     	240   	37.1       	21.1       	7823      	-59.1
1586      	17:26:41  	385.6 	-22.0 	1     	42.7     	241   	37.2       	21.0       	7831      	-59.3
1588      	17:26:43  	385.2 	-22.0 	1     	42.7     	241   	37.3       	20.8       	7837      	-59.5
1590      	17:26:45  	384.8 	-22.1 	1     	42.8     	241   	37.5       	20.7       	7844      	-59.6
1592      	17:26:47  	384.5 	-22.1 	1     	43.0     	241   	37.7       	20.7       	7851      	-59.8
1594      	17:26:49  	384.1 	-22.1 	1     	43.1     	242   	37.9       	20.5       	7858      	-59.8
1596      	17:26:51  	383.8 	-22.2 	1     	43.3     	242   	38.2       	20.4       	7864      	-59.9
1598      	17:26:53  	383.5 	-22.2 	1     	43.5     	242   	38.5       	20.2       	7871      	-60.0
1600      	17:26:55  	383.1 	-22.2 	1     	43.7     	243   	38.8       	20.1       	7877      	-60.1
1602      	17:26:57  	382.8 	-22.3 	1     	43.7     	243   	38.9       	20.0       	7883      	-60.1
1604      	17:26:59  	382.4 	-22.3 	1     	43.8     	243   	39.0       	19.9       	7890      	-60.1
1606      	17:27:01  	382.1 	-22.4 	1     	43.9     	243   	39.1       	19.9       	7896      	-60.1
1608      	17:27:03  	381.8 	-22.4 	1     	44.1     	243   	39.3       	19.9       	7903      	-60.2
1610      	17:27:05  	381.4 	-22.4 	1     	44.2     	243   	39.5       	19.9       	7910      	-60.2
1612      	17:27:07  	381.1 	-22.5 	1     	44.3     	243   	39.6       	19.9       	7916      	-60.2
1614      	17:27:09  	380.7 	-22.6 	1     	44.5     	243   	39.8       	19.9       	7923      	-60.2
1616      	17:27:11  	380.4 	-22.6 	1     	44.5     	243   	39.8       	20.0       	7929      	-60.2
1618      	17:27:13  	380.1 	-22.7 	1     	44.6     	243   	39.9       	20.0       	7935      	-60.1
1620      	17:27:15  	379.8 	-22.7 	1     	44.7     	243   	39.9       	20.1       	7942      	-60.1
1622      	17:27:17  	379.4 	-22.8 	1     	44.7     	243   	39.9       	20.2       	7948      	-60.1
1624      	17:27:19  	379.1 	-22.8 	1     	44.8     	243   	40.0       	20.2       	7954      	-60.1
1626      	17:27:21  	378.8 	-22.9 	1     	44.9     	243   	40.0       	20.3       	7960      	-60.0
1628      	17:27:23  	378.4 	-22.9 	1     	44.9     	243   	40.0       	20.3       	7967      	-60.0
1630      	17:27:25  	378.1 	-23.0 	1     	44.9     	243   	40.0       	20.3       	7974      	-59.9
1632      	17:27:27  	377.8 	-23.1 	1     	44.8     	243   	39.9       	20.3       	7980      	-59.8
1634      	17:27:29  	377.4 	-23.1 	1     	44.7     	243   	39.9       	20.2       	7987      	-59.7
1636      	17:27:31  	377.1 	-23.2 	1     	44.6     	243   	39.8       	20.2       	7993      	-59.6
1638      	17:27:33  	376.8 	-23.2 	2     	44.6     	243   	39.8       	20.1       	7999      	-59.6
1640      	17:27:35  	376.5 	-23.3 	2     	44.5     	243   	39.8       	20.0       	8006      	-59.5
1642      	17:27:37  	376.1 	-23.4 	2     	44.4     	243   	39.7       	19.9       	8012      	-59.5
1644      	17:27:39  	375.8 	-23.4 	2     	44.4     	243   	39.7       	19.8       	8018      	-59.5
1646      	17:27:41  	375.5 	-23.5 	2     	44.4     	243   	39.7       	19.8       	8025      	-59.5
1648      	17:27:43  	375.1 	-23.5 	2     	44.3     	244   	39.7       	19.7       	8031      	-59.6
1650      	17:27:45  	374.8 	-23.6 	2     	44.2     	244   	39.6       	19.6       	8038      	-59.6
1652      	17:27:47  	374.5 	-23.6 	2     	44.2     	244   	39.6       	19.6       	8045      	-59.6
1654      	17:27:49  	374.1 	-23.7 	2     	44.2     	244   	39.6       	19.6       	8051      	-59.6
1656      	17:27:51  	373.8 	-23.7 	2     	44.2     	244   	39.6       	19.6       	8058      	-59.5
1658      	17:27:53  	373.4 	-23.8 	2     	44.2     	244   	39.6       	19.6       	8064      	-59.4
1660      	17:27:55  	373.1 	-23.8 	2     	44.2     	244   	39.6       	19.6       	8071      	-59.3
1662      	17:27:57  	372.8 	-23.9 	2     	44.1     	244   	39.5       	19.6       	8077      	-59.3
1664      	17:27:59  	372.4 	-23.9 	2     	44.0     	244   	39.4       	19.6       	8084      	-59.2
1666      	17:28:01  	372.1 	-24.0 	2     	44.0     	244   	39.4       	19.6       	8090      	-59.2
1668      	17:28:03  	371.8 	-24.1 	2     	43.9     	243   	39.3       	19.6       	8097      	-59.1
1670      	17:28:05  	371.4 	-24.1 	2     	43.9     	244   	39.3       	19.5       	8103      	-59.1
1672      	17:28:07  	371.1 	-24.2 	2     	43.8     	244   	39.3       	19.4       	8110      	-59.0
1674      	17:28:09  	370.8 	-24.2 	2     	43.7     	244   	39.2       	19.3       	8117      	-59.0
1676      	17:28:11  	370.4 	-24.3 	2     	43.6     	244   	39.2       	19.1       	8123      	-59.0
1678      	17:28:13  	370.1 	-24.4 	2     	43.7     	244   	39.3       	19.0       	8130      	-58.9
1680      	17:28:15  	369.8 	-24.4 	2     	43.6     	244   	39.3       	18.9       	8136      	-58.9
1682      	17:28:17  	369.4 	-24.5 	2     	43.6     	245   	39.4       	18.7       	8143      	-58.8
1684      	17:28:19  	369.1 	-24.6 	2     	43.6     	245   	39.4       	18.6       	8150      	-58.8
1686      	17:28:21  	368.7 	-24.6 	2     	43.6     	245   	39.5       	18.5       	8157      	-58.8
1688      	17:28:23  	368.4 	-24.7 	2     	43.5     	245   	39.5       	18.3       	8164      	-58.8
1690      	17:28:25  	368.0 	-24.7 	2     	43.5     	245   	39.6       	18.1       	8171      	-58.9
1692      	17:28:27  	367.7 	-24.8 	2     	43.5     	245   	39.6       	18.1       	8178      	-58.9
1694      	17:28:29  	367.3 	-24.9 	2     	43.5     	246   	39.6       	18.0       	8185      	-58.9
1696      	17:28:31  	366.9 	-24.9 	2     	43.5     	246   	39.6       	18.0       	8192      	-58.9
1698      	17:28:33  	366.6 	-25.0 	2     	43.5     	246   	39.6       	17.9       	8199      	-58.9
1700      	17:28:35  	366.2 	-25.0 	2     	43.5     	246   	39.7       	17.7       	8207      	-58.9
1702      	17:28:37  	365.9 	-25.1 	2     	43.4     	246   	39.7       	17.6       	8213      	-58.8
1704      	17:28:39  	365.5 	-25.1 	2     	43.4     	246   	39.8       	17.4       	8220      	-58.7
1706      	17:28:41  	365.2 	-25.2 	2     	43.4     	247   	39.8       	17.3       	8227      	-58.7
1708      	17:28:43  	364.8 	-25.3 	2     	43.4     	247   	39.9       	17.2       	8234      	-58.7
1710      	17:28:45  	364.5 	-25.3 	2     	43.5     	247   	40.0       	17.1       	8241      	-58.6
1712      	17:28:47  	364.1 	-25.4 	2     	43.6     	247   	40.2       	16.9       	8248      	-58.6
1714      	17:28:49  	363.8 	-25.4 	2     	43.7     	248   	40.4       	16.7       	8255      	-58.6
1716      	17:28:51  	363.4 	-25.5 	2     	43.8     	248   	40.6       	16.4       	8262      	-58.7
1718      	17:28:53  	363.1 	-25.5 	2     	43.8     	248   	40.7       	16.3       	8269      	-58.8
1720      	17:28:55  	362.7 	-25.5 	2     	44.0     	248   	40.9       	16.2       	8277      	-58.8
1722      	17:28:57  	362.3 	-25.6 	2     	44.0     	249   	41.0       	16.1       	8284      	-58.9
1724      	17:28:59  	361.9 	-25.6 	2     	44.3     	249   	41.4       	15.8       	8292      	-59.0
1726      	17:29:01  	361.6 	-25.7 	2     	44.6     	250   	41.8       	15.5       	8300      	-59.2
1728      	17:29:03  	361.2 	-25.7 	2     	44.9     	250   	42.2       	15.2       	8307      	-59.3
1730      	17:29:05  	360.8 	-25.7 	2     	45.1     	251   	42.5       	15.0       	8315      	-59.5
1732      	17:29:07  	360.4 	-25.8 	2     	45.2     	251   	42.7       	14.8       	8323      	-59.6
1734      	17:29:09  	360.0 	-25.8 	2     	45.4     	251   	43.0       	14.6       	8330      	-59.6
1736      	17:29:11  	359.6 	-25.8 	2     	45.6     	252   	43.3       	14.4       	8338      	-59.5
1738      	17:29:13  	359.2 	-25.9 	2     	45.9     	252   	43.6       	14.2       	8346      	-59.4
1740      	17:29:15  	358.9 	-25.9 	2     	46.2     	252   	44.0       	14.0       	8354      	-59.1
1742      	17:29:17  	358.5 	-26.0 	2     	46.4     	253   	44.3       	13.9       	8362      	-58.9
1744      	17:29:19  	358.1 	-26.0 	2     	46.6     	253   	44.5       	13.9       	8369      	-58.7
1746      	17:29:21  	357.7 	-26.1 	2     	46.7     	253   	44.6       	13.9       	8377      	-58.5
1748      	17:29:23  	357.3 	-26.2 	2     	46.7     	253   	44.6       	13.9       	8384      	-58.3
1750      	17:29:25  	357.0 	-26.2 	2     	46.9     	253   	44.8       	13.9       	8392      	-58.2
1752      	17:29:27  	356.6 	-26.3 	2     	47.1     	253   	45.0       	13.9       	8399      	-58.2
1754      	17:29:29  	356.2 	-26.3 	2     	47.3     	253   	45.2       	13.9       	8407      	-58.3
1756      	17:29:31  	355.8 	-26.4 	2     	47.4     	253   	45.3       	13.9       	8415      	-58.3
1758      	17:29:33  	355.4 	-26.5 	2     	47.5     	253   	45.4       	13.9       	8423      	-58.4
1760      	17:29:35  	355.0 	-26.5 	2     	47.6     	253   	45.5       	13.9       	8431      	-58.3
1762      	17:29:37  	354.7 	-26.6 	3     	47.7     	253   	45.6       	13.9       	8439      	-58.2
1764      	17:29:39  	354.3 	-26.6 	3     	48.0     	253   	45.9       	13.9       	8447      	-58.1
1766      	17:29:41  	353.8 	-26.7 	3     	48.2     	253   	46.2       	13.9       	8455      	-57.9
1768      	17:29:43  	353.4 	-26.7 	3     	48.4     	253   	46.4       	13.9       	8463      	-57.7
1770      	17:29:45  	353.0 	-26.8 	3     	48.7     	253   	46.7       	13.9       	8472      	-57.5
1772      	17:29:47  	352.6 	-26.8 	3     	48.9     	253   	46.9       	13.9       	8481      	-57.3
1774      	17:29:49  	352.2 	-26.9 	3     	49.1     	253   	47.1       	14.0       	8489      	-57.2
1776      	17:29:51  	351.8 	-26.9 	3     	49.2     	254   	47.3       	13.7       	8497      	-57.0
1778      	17:29:53  	351.4 	-26.9 	3     	49.4     	254   	47.5       	13.5       	8505      	-56.8
1780      	17:29:55  	351.1 	-27.0 	3     	49.5     	255   	47.7       	13.2       	8512      	-56.6
1782      	17:29:57  	350.7 	-27.0 	3     	49.5     	255   	47.8       	12.9       	8520      	-56.5
1784      	17:29:59  	350.3 	-27.1 	3     	49.5     	255   	47.8       	12.7       	8527      	-56.4
1786      	17:30:01  	350.0 	-27.1 	3     	49.4     	255   	47.8       	12.4       	8534      	-56.3
1788      	17:30:03  	349.6 	-27.2 	4     	49.3     	256   	47.8       	12.1       	8543      	-56.2
1790      	17:30:05  	349.2 	-27.2 	4     	49.9     	256   	48.4       	12.1       	8552      	-56.1
1792      	17:30:07  	348.7 	-27.3 	4     	50.6     	256   	49.1       	12.1       	8560      	-56.2
1794      	17:30:09  	348.3 	-27.4 	4     	51.2     	256   	49.8       	12.1       	8569      	-56.2
1796      	17:30:11  	347.9 	-27.4 	4     	52.0     	256   	50.5       	12.4       	8578      	-56.2
1798      	17:30:13  	347.5 	-27.5 	4     	52.8     	256   	51.2       	12.7       	8586      	-56.1
1800      	17:30:15  	347.1 	-27.5 	4     	53.4     	256   	51.8       	12.9       	8594      	-55.9
1802      	17:30:17  	346.7 	-27.6 	4     	53.9     	256   	52.3       	13.0       	8602      	-55.8
1804      	17:30:19  	346.4 	-27.7 	4     	54.4     	256   	52.8       	13.1       	8610      	-55.7
1806      	17:30:21  	346.0 	-27.7 	4     	54.8     	256   	53.2       	13.2       	8617      	-55.6
1808      	17:30:23  	345.6 	-27.8 	4     	55.3     	256   	53.7       	13.3       	8625      	-55.6
1810      	17:30:25  	345.2 	-27.9 	4     	55.1     	256   	53.5       	13.0       	8634      	-55.5
1812      	17:30:27  	344.8 	-27.9 	4     	54.8     	256   	53.3       	12.8       	8642      	-55.5
1814      	17:30:29  	344.4 	-28.0 	4     	54.5     	257   	53.0       	12.6       	8650      	-55.5
1816      	17:30:31  	344.0 	-28.0 	4     	54.1     	257   	52.7       	12.3       	8658      	-55.5
1818      	17:30:33  	343.6 	-28.1 	4     	53.8     	257   	52.4       	12.1       	8666      	-55.5
1820      	17:30:35  	343.2 	-28.1 	4     	53.6     	257   	52.2       	12.0       	8674      	-55.5
1822      	17:30:37  	342.8 	-28.2 	4     	53.4     	257   	52.1       	11.9       	8683      	-55.5
1824      	17:30:39  	342.4 	-28.3 	4     	53.3     	257   	52.0       	11.9       	8691      	-55.4
1826      	17:30:41  	342.1 	-28.3 	4     	53.3     	257   	52.0       	11.9       	8699      	-55.4
1828      	17:30:43  	341.7 	-28.4 	4     	53.2     	257   	51.9       	11.9       	8707      	-55.3
1830      	17:30:45  	341.3 	-28.5 	5     	53.2     	257   	51.9       	11.8       	8715      	-55.2
1832      	17:30:47  	340.9 	-28.5 	5     	53.1     	257   	51.8       	11.8       	8723      	-55.1
1834      	17:30:49  	340.5 	-28.6 	5     	53.1     	257   	51.8       	11.8       	8732      	-55.0
1836      	17:30:51  	340.1 	-28.7 	5     	53.2     	257   	51.9       	11.7       	8740      	-55.0
1838      	17:30:53  	339.7 	-28.7 	5     	53.2     	257   	51.9       	11.7       	8749      	-54.9
1840      	17:30:55  	339.3 	-28.8 	5     	53.4     	257   	52.1       	11.7       	8757      	-54.8
1842      	17:30:57  	338.9 	-28.8 	5     	53.5     	257   	52.2       	11.8       	8765      	-54.8
1844      	17:30:59  	338.5 	-28.9 	5     	53.7     	257   	52.4       	11.8       	8773      	-54.8
1846      	17:31:01  	338.1 	-29.0 	5     	53.9     	257   	52.6       	11.8       	8782      	-54.8
1848      	17:31:03  	337.7 	-29.0 	5     	54.0     	257   	52.7       	11.9       	8790      	-54.8
1850      	17:31:05  	337.3 	-29.1 	5     	54.1     	257   	52.8       	11.9       	8798      	-54.9
1852      	17:31:07  	336.9 	-29.1 	5     	54.3     	257   	53.0       	12.0       	8807      	-54.9
1854      	17:31:09  	336.5 	-29.2 	5     	54.6     	257   	53.3       	12.0       	8815      	-55.0
1856      	17:31:11  	336.1 	-29.3 	5     	54.8     	257   	53.5       	11.9       	8824      	-55.1
1858      	17:31:13  	335.8 	-29.3 	5     	55.1     	258   	53.8       	11.9       	8832      	-55.1
1860      	17:31:15  	335.4 	-29.4 	5     	55.2     	258   	53.9       	11.9       	8840      	-55.1
1862      	17:31:17  	335.0 	-29.5 	5     	55.3     	258   	54.0       	11.8       	8848      	-55.1
1864      	17:31:19  	334.6 	-29.5 	5     	55.4     	258   	54.1       	11.7       	8856      	-55.2
1866      	17:31:21  	334.2 	-29.6 	5     	55.6     	258   	54.4       	11.7       	8864      	-55.3
1868      	17:31:23  	333.9 	-29.7 	5     	55.8     	258   	54.6       	11.6       	8872      	-55.3
1870      	17:31:25  	333.5 	-29.7 	5     	56.0     	258   	54.8       	11.5       	8880      	-55.2
1872      	17:31:27  	333.1 	-29.8 	5     	56.1     	258   	54.9       	11.4       	8889      	-55.2
1874      	17:31:29  	332.7 	-29.9 	5     	56.2     	258   	55.0       	11.4       	8897      	-55.2
1876      	17:31:31  	332.3 	-29.9 	5     	56.3     	258   	55.1       	11.4       	8906      	-55.2
1878      	17:31:33  	331.9 	-30.0 	5     	56.5     	258   	55.3       	11.4       	8915      	-55.1
1880      	17:31:35  	331.5 	-30.1 	5     	56.6     	258   	55.4       	11.4       	8923      	-55.1
1882      	17:31:37  	331.1 	-30.2 	6     	56.8     	258   	55.6       	11.5       	8932      	-55.1
1884      	17:31:39  	330.7 	-30.2 	6     	56.9     	258   	55.7       	11.5       	8940      	-55.1
1886      	17:31:41  	330.3 	-30.3 	6     	57.0     	258   	55.8       	11.6       	8948      	-55.1
1888      	17:31:43  	330.0 	-30.4 	6     	57.0     	258   	55.8       	11.6       	8956      	-55.2
1890      	17:31:45  	329.6 	-30.4 	6     	57.1     	258   	55.9       	11.7       	8964      	-55.2
1892      	17:31:47  	329.2 	-30.5 	6     	57.3     	258   	56.1       	11.8       	8972      	-55.3
1894      	17:31:49  	328.8 	-30.6 	6     	57.5     	258   	56.3       	11.9       	8980      	-55.3
1896      	17:31:51  	328.4 	-30.6 	6     	57.8     	258   	56.5       	12.1       	8989      	-55.4
1898      	17:31:53  	328.1 	-30.7 	6     	57.9     	258   	56.6       	12.2       	8997      	-55.4
1900      	17:31:55  	327.7 	-30.7 	6     	58.1     	258   	56.8       	12.3       	9006      	-55.5
1902      	17:31:57  	327.3 	-30.8 	6     	58.2     	258   	56.9       	12.3       	9014      	-55.5
1904      	17:31:59  	326.9 	-30.8 	6     	58.5     	258   	57.1       	12.5       	9022      	-55.5
1906      	17:32:01  	326.5 	-30.9 	6     	58.8     	258   	57.4       	12.6       	9031      	-55.6
1908      	17:32:03  	326.1 	-30.9 	6     	59.1     	257   	57.7       	12.8       	9039      	-55.7
1910      	17:32:05  	325.7 	-31.0 	6     	59.4     	257   	58.0       	13.0       	9047      	-55.7
1912      	17:32:07  	325.4 	-31.0 	6     	59.7     	257   	58.2       	13.1       	9056      	-55.7
1914      	17:32:09  	325.0 	-31.1 	6     	59.9     	257   	58.4       	13.2       	9064      	-55.8
1916      	17:32:11  	324.6 	-31.1 	6     	60.1     	257   	58.6       	13.3       	9073      	-55.9
1918      	17:32:13  	324.2 	-31.2 	6     	60.3     	257   	58.8       	13.5       	9081      	-55.9
1920      	17:32:15  	323.8 	-31.2 	6     	60.7     	257   	59.1       	13.7       	9090      	-55.9
1922      	17:32:17  	323.4 	-31.3 	6     	60.9     	257   	59.3       	14.0       	9099      	-55.9
1924      	17:32:19  	323.0 	-31.3 	6     	61.2     	257   	59.5       	14.2       	9108      	-55.9
1926      	17:32:21  	322.6 	-31.4 	6     	61.3     	257   	59.6       	14.3       	9117      	-55.9
1928      	17:32:23  	322.2 	-31.4 	6     	61.4     	256   	59.7       	14.4       	9125      	-55.9
1930      	17:32:25  	321.8 	-31.5 	6     	61.6     	256   	59.8       	14.6       	9134      	-55.9
1932      	17:32:27  	321.4 	-31.5 	6     	61.7     	256   	59.9       	14.9       	9142      	-56.0
1934      	17:32:29  	321.0 	-31.6 	6     	61.9     	256   	60.0       	15.1       	9151      	-56.0
1936      	17:32:31  	320.6 	-31.6 	6     	61.9     	256   	60.0       	15.4       	9160      	-56.0
1938      	17:32:33  	320.2 	-31.7 	6     	62.1     	256   	60.1       	15.5       	9168      	-56.1
1940      	17:32:35  	319.9 	-31.7 	6     	62.1     	255   	60.1       	15.6       	9177      	-56.1
1942      	17:32:37  	319.5 	-31.8 	6     	62.1     	255   	60.1       	15.7       	9185      	-56.2
1944      	17:32:39  	319.1 	-31.9 	6     	62.1     	255   	60.1       	15.8       	9193      	-56.3
1946      	17:32:41  	318.7 	-31.9 	6     	62.2     	255   	60.1       	16.0       	9201      	-56.3
1948      	17:32:43  	318.4 	-32.0 	6     	62.3     	255   	60.2       	16.1       	9209      	-56.4
1950      	17:32:45  	318.0 	-32.0 	6     	62.3     	255   	60.2       	16.2       	9217      	-56.5
1952      	17:32:47  	317.6 	-32.1 	6     	62.4     	255   	60.2       	16.3       	9226      	-56.6
1954      	17:32:49  	317.3 	-32.2 	6     	62.4     	255   	60.2       	16.3       	9234      	-56.6
1956      	17:32:51  	316.9 	-32.2 	6     	62.4     	255   	60.2       	16.4       	9242      	-56.6
1958      	17:32:53  	316.5 	-32.3 	6     	62.3     	255   	60.1       	16.5       	9251      	-56.6
1960      	17:32:55  	316.1 	-32.4 	6     	62.2     	255   	60.0       	16.5       	9259      	-56.5
1962      	17:32:57  	315.8 	-32.4 	6     	62.2     	255   	59.9       	16.6       	9268      	-56.4
1964      	17:32:59  	315.4 	-32.5 	6     	62.1     	254   	59.8       	16.6       	9276      	-56.2
1966      	17:33:01  	315.0 	-32.6 	6     	62.0     	254   	59.7       	16.7       	9284      	-55.9
1968      	17:33:03  	314.6 	-32.7 	7     	61.9     	254   	59.6       	16.7       	9292      	-55.7
1970      	17:33:05  	314.3 	-32.8 	7     	61.7     	254   	59.4       	16.7       	9301      	-55.4
1972      	17:33:07  	313.9 	-32.8 	7     	61.6     	254   	59.3       	16.7       	9309      	-55.2
1974      	17:33:09  	313.5 	-32.9 	7     	61.4     	254   	59.1       	16.7       	9317      	-55.0
1976      	17:33:11  	313.1 	-33.0 	8     	61.4     	254   	59.1       	16.7       	9326      	-54.8
1978      	17:33:13  	312.8 	-33.1 	8     	61.3     	254   	59.0       	16.6       	9334      	-54.7
1980      	17:33:15  	312.4 	-33.1 	8     	61.3     	254   	59.0       	16.6       	9343      	-54.5
1982      	17:33:17  	312.0 	-33.2 	8     	61.3     	254   	59.0       	16.6       	9351      	-54.4
1984      	17:33:19  	311.7 	-33.3 	8     	61.3     	254   	59.0       	16.5       	9359      	-54.4
1986      	17:33:21  	311.3 	-33.4 	9     	61.2     	254   	58.9       	16.5       	9367      	-54.3
1988      	17:33:23  	310.9 	-33.5 	9     	61.2     	254   	58.9       	16.5       	9376      	-54.1
1990      	17:33:25  	310.6 	-33.6 	9     	61.2     	254   	58.9       	16.5       	9384      	-53.9
1992      	17:33:27  	310.2 	-33.7 	10    	61.1     	254   	58.9       	16.4       	9392      	-53.7
1994      	17:33:29  	309.8 	-33.7 	10    	61.2     	254   	59.0       	16.4       	9401      	-53.5
1996      	17:33:31  	309.5 	-33.8 	10    	61.3     	254   	59.0       	16.5       	9409      	-53.3
1998      	17:33:33  	309.1 	-33.9 	10    	61.4     	254   	59.1       	16.5       	9417      	-53.2
2000      	17:33:35  	308.7 	-34.0 	11    	61.4     	254   	59.1       	16.6       	9425      	-53.1
2002      	17:33:37  	308.4 	-34.0 	11    	61.5     	254   	59.2       	16.6       	9433      	-53.1
2004      	17:33:39  	308.0 	-34.1 	11    	61.5     	254   	59.2       	16.7       	9441      	-53.2
2006      	17:33:41  	307.7 	-34.2 	11    	61.5     	254   	59.2       	16.8       	9449      	-53.3
2008      	17:33:43  	307.3 	-34.3 	11    	61.5     	254   	59.2       	16.8       	9458      	-53.4
2010      	17:33:45  	307.0 	-34.3 	11    	61.5     	254   	59.2       	16.8       	9466      	-53.5
2012      	17:33:47  	306.6 	-34.4 	11    	61.6     	254   	59.2       	16.9       	9474      	-53.6
2014      	17:33:49  	306.2 	-34.5 	11    	61.6     	254   	59.2       	16.9       	9482      	-53.6
2016      	17:33:51  	305.9 	-34.6 	11    	61.5     	254   	59.2       	16.8       	9490      	-53.6
2018      	17:33:53  	305.5 	-34.6 	11    	61.5     	254   	59.2       	16.8       	9498      	-53.5
2020      	17:33:55  	305.2 	-34.7 	11    	61.4     	254   	59.1       	16.8       	9507      	-53.4
2022      	17:33:57  	304.8 	-34.8 	11    	61.4     	254   	59.1       	16.8       	9515      	-53.3
2024      	17:33:59  	304.4 	-34.9 	12    	61.4     	254   	59.1       	16.8       	9524      	-53.2
2026      	17:34:01  	304.1 	-34.9 	12    	61.4     	254   	59.1       	16.8       	9532      	-53.1
2028      	17:34:03  	303.7 	-35.0 	12    	61.5     	254   	59.2       	16.8       	9540      	-53.0
2030      	17:34:05  	303.4 	-35.1 	12    	61.6     	254   	59.2       	16.9       	9548      	-52.9
2032      	17:34:07  	303.0 	-35.2 	12    	61.6     	254   	59.2       	16.9       	9556      	-52.9
2034      	17:34:09  	302.6 	-35.2 	12    	61.7     	254   	59.3       	17.1       	9564      	-53.0
2036      	17:34:11  	302.3 	-35.3 	12    	61.8     	254   	59.3       	17.3       	9573      	-53.1
2038      	17:34:13  	302.0 	-35.4 	12    	61.8     	254   	59.3       	17.5       	9580      	-53.1
2040      	17:34:15  	301.6 	-35.4 	12    	62.0     	253   	59.4       	17.6       	9588      	-53.2
2042      	17:34:17  	301.3 	-35.5 	12    	62.0     	253   	59.4       	17.8       	9596      	-53.3
2044      	17:34:19  	300.9 	-35.6 	12    	62.0     	253   	59.4       	17.9       	9605      	-53.4
2046      	17:34:21  	300.6 	-35.6 	12    	62.1     	253   	59.4       	18.1       	9613      	-53.4
2048      	17:34:23  	300.2 	-35.7 	12    	62.2     	253   	59.5       	18.2       	9621      	-53.4
2050      	17:34:25  	299.9 	-35.8 	13    	62.3     	253   	59.5       	18.3       	9629      	-53.4
2052      	17:34:27  	299.5 	-35.8 	13    	62.4     	253   	59.6       	18.5       	9637      	-53.3
2054      	17:34:29  	299.2 	-35.9 	13    	62.4     	253   	59.6       	18.5       	9645      	-53.3
2056      	17:34:31  	298.8 	-36.0 	13    	62.4     	253   	59.6       	18.4       	9652      	-53.3
2058      	17:34:33  	298.5 	-36.0 	13    	62.5     	253   	59.7       	18.4       	9660      	-53.2
2060      	17:34:35  	298.2 	-36.1 	13    	62.6     	253   	59.8       	18.4       	9668      	-53.1
2062      	17:34:37  	297.9 	-36.2 	14    	62.7     	253   	59.9       	18.4       	9675      	-53.1
2064      	17:34:39  	297.5 	-36.2 	14    	62.9     	253   	60.1       	18.4       	9683      	-53.0
2066      	17:34:41  	297.2 	-36.3 	14    	62.9     	253   	60.2       	18.4       	9691      	-52.9
2068      	17:34:43  	296.9 	-36.4 	14    	63.0     	253   	60.3       	18.4       	9699      	-52.9
2070      	17:34:45  	296.5 	-36.5 	15    	63.1     	253   	60.4       	18.4       	9707      	-52.8
2072      	17:34:47  	296.2 	-36.6 	15    	63.2     	253   	60.5       	18.4       	9715      	-52.8
2074      	17:34:49  	295.8 	-36.6 	15    	63.3     	253   	60.6       	18.4       	9723      	-52.7
2076      	17:34:51  	295.5 	-36.7 	15    	63.5     	253   	60.8       	18.3       	9731      	-52.6
2078      	17:34:53  	295.1 	-36.8 	16    	63.7     	253   	61.0       	18.3       	9739      	-52.5
2080      	17:34:55  	294.8 	-36.9 	16    	63.7     	253   	61.0       	18.3       	9747      	-52.4
2082      	17:34:57  	294.4 	-37.0 	16    	63.8     	253   	61.1       	18.2       	9756      	-52.4
2084      	17:34:59  	294.1 	-37.0 	16    	63.8     	253   	61.2       	18.2       	9764      	-52.3
2086      	17:35:01  	293.7 	-37.1 	17    	63.9     	254   	61.3       	18.1       	9773      	-52.3
2088      	17:35:03  	293.3 	-37.2 	17    	64.0     	254   	61.4       	18.1       	9781      	-52.2
2090      	17:35:05  	293.0 	-37.2 	17    	64.1     	254   	61.5       	18.0       	9790      	-52.2
2092      	17:35:07  	292.6 	-37.3 	17    	64.1     	254   	61.5       	18.0       	9798      	-52.1
2094      	17:35:09  	292.3 	-37.4 	18    	64.2     	254   	61.6       	18.0       	9806      	-52.1
2096      	17:35:11  	292.0 	-37.5 	18    	64.2     	254   	61.6       	18.1       	9814      	-52.1
2098      	17:35:13  	291.6 	-37.5 	18    	64.2     	254   	61.6       	18.1       	9821      	-52.0
2100      	17:35:15  	291.3 	-37.6 	18    	64.3     	254   	61.7       	18.1       	9829      	-52.0
2102      	17:35:17  	291.0 	-37.7 	19    	64.3     	254   	61.7       	18.1       	9837      	-51.9
2104      	17:35:19  	290.6 	-37.8 	19    	64.4     	254   	61.8       	18.1       	9845      	-51.9
2106      	17:35:21  	290.3 	-37.8 	19    	64.4     	254   	61.8       	18.1       	9853      	-51.9
2108      	17:35:23  	290.0 	-37.9 	19    	64.5     	254   	61.9       	18.1       	9861      	-51.9
2110      	17:35:25  	289.7 	-38.0 	19    	64.5     	254   	61.9       	18.1       	9868      	-51.9
2112      	17:35:27  	289.4 	-38.1 	19    	64.5     	254   	61.9       	18.1       	9875      	-51.9
2114      	17:35:29  	289.1 	-38.1 	20    	64.6     	254   	62.0       	18.0       	9882      	-51.9
2116      	17:35:31  	288.8 	-38.2 	20    	64.6     	254   	62.0       	18.0       	9889      	-52.0
2118      	17:35:33  	288.5 	-38.3 	20    	64.6     	254   	62.0       	18.0       	9897      	-52.0
2120      	17:35:35  	288.1 	-38.3 	20    	64.6     	254   	62.0       	18.0       	9904      	-52.1
2122      	17:35:37  	287.8 	-38.4 	20    	64.6     	254   	62.0       	18.0       	9911      	-52.1
2124      	17:35:39  	287.5 	-38.5 	20    	64.4     	254   	61.9       	17.9       	9919      	-52.2
2126      	17:35:41  	287.2 	-38.6 	20    	64.1     	254   	61.6       	17.8       	9926      	-52.2
2128      	17:35:43  	286.9 	-38.6 	20    	63.8     	254   	61.3       	17.7       	9934      	-52.3
2130      	17:35:45  	286.6 	-38.7 	20    	63.5     	254   	61.0       	17.5       	9942      	-52.3
2132      	17:35:47  	286.3 	-38.7 	20    	63.1     	254   	60.7       	17.4       	9949      	-52.3
2134      	17:35:49  	286.0 	-38.8 	20    	62.7     	254   	60.3       	17.3       	9956      	-52.4
2136      	17:35:51  	285.7 	-38.8 	20    	62.4     	254   	60.0       	17.2       	9964      	-52.4
2138      	17:35:53  	285.3 	-38.9 	21    	62.5     	254   	60.1       	17.2       	9971      	-52.2
2140      	17:35:55  	285.0 	-39.0 	21    	62.9     	254   	60.4       	17.4       	9979      	-52.2
2142      	17:35:57  	284.7 	-39.0 	21    	63.1     	254   	60.6       	17.5       	9986      	-52.1
2144      	17:35:59  	284.4 	-39.1 	21    	63.4     	254   	60.9       	17.7       	9993      	-52.1
2146      	17:36:01  	284.1 	-39.2 	22    	64.1     	254   	61.5       	18.0       	10001     	-52.1
2148      	17:36:03  	283.8 	-39.3 	22    	64.7     	254   	62.1       	18.3       	10008     	-52.1
2150      	17:36:05  	283.5 	-39.4 	22    	65.3     	254   	62.6       	18.5       	10015     	-52.0
2152      	17:36:07  	283.2 	-39.4 	22    	65.9     	253   	63.2       	18.8       	10023     	-52.1
2154      	17:36:09  	282.9 	-39.5 	22    	66.6     	253   	63.8       	19.0       	10030     	-52.1
2156      	17:36:11  	282.6 	-39.6 	23    	67.1     	253   	64.3       	19.2       	10038     	-52.1
2158      	17:36:13  	282.3 	-39.7 	23    	67.2     	253   	64.4       	19.1       	10046     	-52.0
2160      	17:36:15  	282.0 	-39.7 	23    	67.1     	254   	64.4       	19.0       	10053     	-52.0
2162      	17:36:17  	281.6 	-39.8 	23    	67.1     	254   	64.4       	18.9       	10060     	-52.1
2164      	17:36:19  	281.3 	-39.9 	23    	67.1     	254   	64.4       	18.7       	10068     	-52.1
2166      	17:36:21  	281.0 	-39.9 	23    	67.0     	254   	64.4       	18.6       	10075     	-52.3
2168      	17:36:23  	280.7 	-40.0 	23    	67.1     	254   	64.5       	18.4       	10082     	-52.4
2170      	17:36:25  	280.5 	-40.0 	23    	67.1     	254   	64.6       	18.2       	10090     	-52.5
2172      	17:36:27  	280.2 	-40.0 	22    	67.2     	254   	64.7       	18.0       	10097     	-52.6
2174      	17:36:29  	279.9 	-40.1 	22    	67.2     	255   	64.8       	17.9       	10104     	-52.7
2176      	17:36:31  	279.6 	-40.1 	22    	67.3     	255   	64.9       	17.8       	10111     	-52.8
2178      	17:36:33  	279.3 	-40.2 	22    	67.5     	255   	65.1       	17.7       	10118     	-53.0
2180      	17:36:35  	279.0 	-40.2 	21    	67.5     	255   	65.2       	17.6       	10125     	-53.1
2182      	17:36:37  	278.7 	-40.2 	21    	67.6     	255   	65.3       	17.5       	10131     	-53.1
2184      	17:36:39  	278.4 	-40.3 	21    	67.8     	255   	65.5       	17.4       	10138     	-53.1
2186      	17:36:41  	278.2 	-40.3 	21    	67.9     	255   	65.6       	17.4       	10145     	-53.2
2188      	17:36:43  	277.9 	-40.3 	21    	67.9     	255   	65.6       	17.4       	10152     	-53.2
2190      	17:36:45  	277.6 	-40.3 	21    	68.0     	255   	65.7       	17.4       	10159     	-53.2
2192      	17:36:47  	277.3 	-40.4 	21    	67.9     	255   	65.6       	17.4       	10167     	-53.2
2194      	17:36:49  	277.0 	-40.4 	21    	67.8     	255   	65.5       	17.5       	10174     	-53.2
2196      	17:36:51  	276.7 	-40.4 	21    	67.8     	255   	65.4       	17.7       	10181     	-53.3
2198      	17:36:53  	276.4 	-40.4 	21    	67.7     	255   	65.3       	17.8       	10188     	-53.4
2200      	17:36:55  	276.2 	-40.4 	20    	67.6     	255   	65.2       	18.0       	10195     	-53.6
2202      	17:36:57  	275.9 	-40.5 	20    	67.6     	254   	65.1       	18.1       	10202     	-53.8
2204      	17:36:59  	275.6 	-40.5 	20    	67.5     	254   	65.0       	18.2       	10209     	-54.0
2206      	17:37:01  	275.3 	-40.5 	19    	67.5     	254   	64.9       	18.5       	10216     	-54.1
2208      	17:37:03  	275.0 	-40.5 	19    	67.6     	254   	64.9       	18.8       	10222     	-54.2
2210      	17:37:05  	274.8 	-40.5 	19    	67.6     	254   	64.8       	19.1       	10229     	-54.3
2212      	17:37:07  	274.5 	-40.6 	19    	67.6     	253   	64.8       	19.3       	10236     	-54.3
2214      	17:37:09  	274.2 	-40.6 	19    	67.8     	253   	64.9       	19.5       	10244     	-54.3
2216      	17:37:11  	273.9 	-40.6 	19    	67.8     	253   	64.9       	19.6       	10251     	-54.3
2218      	17:37:13  	273.6 	-40.6 	19    	68.0     	253   	65.1       	19.8       	10258     	-54.3
2220      	17:37:15  	273.3 	-40.7 	19    	68.4     	253   	65.4       	20.1       	10265     	-54.2
2222      	17:37:17  	273.1 	-40.7 	20    	68.8     	253   	65.7       	20.3       	10272     	-54.2
2224      	17:37:19  	272.8 	-40.8 	20    	69.0     	253   	65.9       	20.6       	10279     	-54.2
2226      	17:37:21  	272.5 	-40.8 	20    	69.4     	253   	66.2       	20.7       	10285     	-54.2
2228      	17:37:23  	272.2 	-40.8 	20    	69.6     	253   	66.4       	20.8       	10292     	-54.2
2230      	17:37:25  	272.0 	-40.9 	20    	69.8     	253   	66.6       	20.9       	10299     	-54.1
2232      	17:37:27  	271.7 	-40.9 	20    	70.1     	252   	66.9       	21.1       	10306     	-54.1
2234      	17:37:29  	271.4 	-41.0 	21    	70.6     	252   	67.3       	21.3       	10312     	-54.1
2236      	17:37:31  	271.2 	-41.0 	21    	70.9     	252   	67.6       	21.5       	10319     	-54.0
2238      	17:37:33  	270.9 	-41.1 	21    	71.3     	252   	67.9       	21.7       	10325     	-53.9
2240      	17:37:35  	270.7 	-41.1 	22    	71.4     	252   	68.0       	21.8       	10331     	-53.8
2242      	17:37:37  	270.4 	-41.2 	22    	71.6     	252   	68.2       	21.9       	10338     	-53.6
2244      	17:37:39  	270.2 	-41.3 	23    	71.8     	252   	68.3       	22.0       	10344     	-53.5
2246      	17:37:41  	269.9 	-41.3 	23    	71.9     	252   	68.4       	22.2       	10351     	-53.3
2248      	17:37:43  	269.6 	-41.4 	24    	71.9     	252   	68.4       	22.3       	10357     	-53.2
2250      	17:37:45  	269.4 	-41.4 	24    	72.1     	252   	68.5       	22.4       	10364     	-53.1
2252      	17:37:47  	269.1 	-41.5 	25    	72.0     	252   	68.4       	22.5       	10370     	-53.1
2254      	17:37:49  	268.9 	-41.5 	25    	71.9     	252   	68.3       	22.5       	10377     	-53.1
2256      	17:37:51  	268.6 	-41.6 	25    	71.9     	252   	68.3       	22.5       	10383     	-53.0
2258      	17:37:53  	268.3 	-41.6 	25    	71.8     	252   	68.2       	22.6       	10390     	-53.1
2260      	17:37:55  	268.1 	-41.7 	25    	71.9     	252   	68.2       	22.7       	10397     	-53.1
2262      	17:37:57  	267.8 	-41.7 	25    	71.8     	251   	68.1       	22.9       	10403     	-53.1
2264      	17:37:59  	267.6 	-41.8 	25    	71.9     	251   	68.1       	23.0       	10410     	-53.2
2266      	17:38:01  	267.3 	-41.8 	25    	72.0     	251   	68.2       	23.1       	10416     	-53.3
2268      	17:38:03  	267.0 	-41.9 	25    	72.0     	251   	68.2       	23.2       	10423     	-53.3
2270      	17:38:05  	266.8 	-42.0 	25    	72.1     	251   	68.2       	23.3       	10429     	-53.4
2272      	17:38:07  	266.5 	-42.0 	25    	72.0     	251   	68.1       	23.3       	10435     	-53.5
2274      	17:38:09  	266.3 	-42.1 	25    	72.0     	251   	68.1       	23.4       	10442     	-53.5
2276      	17:38:11  	266.0 	-42.1 	25    	71.9     	251   	68.0       	23.4       	10448     	-53.6
2278      	17:38:13  	265.8 	-42.2 	25    	71.8     	251   	67.9       	23.4       	10455     	-53.6
2280      	17:38:15  	265.5 	-42.2 	25    	71.7     	251   	67.8       	23.3       	10461     	-53.6
2282      	17:38:17  	265.3 	-42.3 	25    	71.5     	251   	67.6       	23.3       	10468     	-53.6
2284      	17:38:19  	265.0 	-42.3 	26    	71.4     	251   	67.5       	23.3       	10474     	-53.6
2286      	17:38:21  	264.8 	-42.4 	26    	71.2     	251   	67.3       	23.3       	10481     	-53.6
2288      	17:38:23  	264.5 	-42.5 	26    	71.2     	251   	67.2       	23.4       	10487     	-53.7
2290      	17:38:25  	264.3 	-42.5 	26    	71.1     	251   	67.1       	23.4       	10493     	-53.7
2292      	17:38:27  	264.0 	-42.5 	26    	71.1     	251   	67.1       	23.5       	10499     	-53.7
2294      	17:38:29  	263.8 	-42.6 	26    	71.0     	251   	67.0       	23.6       	10506     	-53.7
2296      	17:38:31  	263.5 	-42.6 	26    	71.1     	251   	67.0       	23.7       	10512     	-53.8
2298      	17:38:33  	263.3 	-42.7 	26    	71.1     	250   	67.0       	23.8       	10518     	-53.8
2300      	17:38:35  	263.1 	-42.7 	26    	71.2     	250   	67.0       	24.0       	10524     	-53.8
2302      	17:38:37  	262.8 	-42.7 	26    	71.2     	250   	67.0       	24.1       	10530     	-53.8
2304      	17:38:39  	262.6 	-42.7 	26    	71.2     	250   	67.0       	24.2       	10536     	-53.8
2306      	17:38:41  	262.4 	-42.8 	26    	71.3     	250   	67.1       	24.2       	10542     	-53.8
2308      	17:38:43  	262.1 	-42.8 	26    	71.4     	250   	67.1       	24.3       	10548     	-53.8
2310      	17:38:45  	261.9 	-42.9 	26    	71.4     	250   	67.1       	24.4       	10554     	-53.9
2312      	17:38:47  	261.6 	-42.9 	26    	71.4     	250   	67.1       	24.4       	10561     	-54.0
2314      	17:38:49  	261.4 	-42.9 	26    	71.3     	250   	67.0       	24.5       	10567     	-54.1
2316      	17:38:51  	261.1 	-43.0 	26    	71.4     	250   	67.0       	24.6       	10573     	-54.1
2318      	17:38:53  	260.9 	-43.0 	25    	71.4     	250   	67.0       	24.6       	10580     	-54.2
2320      	17:38:55  	260.7 	-43.0 	25    	71.3     	250   	66.9       	24.6       	10586     	-54.3
2322      	17:38:57  	260.4 	-43.0 	25    	71.2     	250   	66.8       	24.6       	10592     	-54.4
2324      	17:38:59  	260.2 	-43.1 	25    	71.1     	250   	66.7       	24.7       	10598     	-54.5
2326      	17:39:01  	260.0 	-43.1 	24    	71.0     	250   	66.6       	24.7       	10604     	-54.6
2328      	17:39:03  	259.7 	-43.1 	24    	71.0     	250   	66.5       	24.8       	10610     	-54.7
2330      	17:39:05  	259.5 	-43.2 	24    	71.0     	250   	66.5       	24.8       	10617     	-54.8
2332      	17:39:07  	259.2 	-43.2 	24    	70.9     	250   	66.4       	24.8       	10623     	-54.9
2334      	17:39:09  	259.0 	-43.2 	24    	70.9     	250   	66.4       	24.8       	10629     	-54.9
2336      	17:39:11  	258.8 	-43.3 	24    	71.0     	249   	66.5       	24.9       	10635     	-55.0
2338      	17:39:13  	258.5 	-43.3 	24    	71.0     	249   	66.5       	24.9       	10641     	-55.1
2340      	17:39:15  	258.3 	-43.3 	23    	71.0     	249   	66.5       	24.9       	10647     	-55.1
2342      	17:39:17  	258.1 	-43.3 	23    	71.1     	249   	66.6       	25.0       	10653     	-55.2
2344      	17:39:19  	257.9 	-43.4 	23    	71.2     	249   	66.7       	25.0       	10659     	-55.3
2346      	17:39:21  	257.6 	-43.4 	23    	71.3     	249   	66.8       	25.0       	10665     	-55.3
2348      	17:39:23  	257.4 	-43.4 	23    	71.4     	250   	66.9       	25.0       	10670     	-55.4
2350      	17:39:25  	257.2 	-43.4 	23    	71.5     	250   	67.0       	25.0       	10676     	-55.5
2352      	17:39:27  	257.0 	-43.4 	22    	71.5     	250   	67.0       	25.0       	10682     	-55.6
2354      	17:39:29  	256.8 	-43.5 	22    	71.6     	250   	67.1       	25.0       	10687     	-55.7
2356      	17:39:31  	256.5 	-43.5 	22    	71.5     	250   	67.0       	25.0       	10693     	-55.7
2358      	17:39:33  	256.3 	-43.5 	22    	71.5     	250   	67.0       	25.0       	10699     	-55.8
2360      	17:39:35  	256.1 	-43.5 	22    	71.5     	249   	67.0       	25.1       	10705     	-55.9
2362      	17:39:37  	255.8 	-43.5 	22    	71.5     	249   	67.0       	25.1       	10712     	-55.9
2364      	17:39:39  	255.6 	-43.5 	21    	71.6     	249   	67.0       	25.2       	10718     	-56.0
2366      	17:39:41  	255.4 	-43.5 	21    	71.5     	249   	66.9       	25.3       	10724     	-56.1
2368      	17:39:43  	255.1 	-43.6 	21    	71.7     	249   	67.0       	25.4       	10730     	-56.2
2370      	17:39:45  	254.9 	-43.6 	21    	71.7     	249   	67.0       	25.5       	10736     	-56.3
2372      	17:39:47  	254.7 	-43.6 	21    	71.7     	249   	67.0       	25.4       	10742     	-56.4
2374      	17:39:49  	254.4 	-43.6 	20    	71.6     	249   	67.0       	25.3       	10748     	-56.5
2376      	17:39:51  	254.2 	-43.7 	20    	71.6     	249   	67.0       	25.3       	10754     	-56.6
2378      	17:39:53  	254.0 	-43.7 	20    	71.6     	249   	67.0       	25.2       	10760     	-56.7
2380      	17:39:55  	253.8 	-43.7 	20    	71.5     	250   	67.0       	25.0       	10766     	-56.9
2382      	17:39:57  	253.5 	-43.8 	19    	71.3     	250   	66.9       	24.8       	10773     	-57.0
2384      	17:39:59  	253.3 	-43.8 	19    	71.3     	250   	66.9       	24.7       	10779     	-57.0
2386      	17:40:01  	253.1 	-43.8 	19    	71.1     	250   	66.8       	24.4       	10785     	-57.2
2388      	17:40:03  	252.8 	-43.8 	19    	71.0     	250   	66.7       	24.2       	10791     	-57.2
2390      	17:40:05  	252.6 	-43.8 	19    	70.8     	250   	66.6       	23.9       	10797     	-57.3
2392      	17:40:07  	252.4 	-43.8 	18    	70.6     	250   	66.5       	23.8       	10803     	-57.4
2394      	17:40:09  	252.2 	-43.9 	18    	70.6     	250   	66.5       	23.7       	10808     	-57.6
2396      	17:40:11  	252.0 	-43.9 	18    	70.5     	250   	66.4       	23.7       	10814     	-57.8
2398      	17:40:13  	251.7 	-43.9 	17    	70.5     	250   	66.4       	23.7       	10820     	-58.0
2400      	17:40:15  	251.5 	-43.9 	17    	70.4     	250   	66.3       	23.8       	10826     	-58.2
2402      	17:40:17  	251.3 	-44.0 	17    	70.4     	250   	66.3       	23.8       	10832     	-58.3
2404      	17:40:19  	251.1 	-44.0 	16    	70.5     	250   	66.3       	23.9       	10838     	-58.5
2406      	17:40:21  	250.8 	-44.0 	16    	70.5     	250   	66.3       	24.1       	10844     	-58.7
2408      	17:40:23  	250.6 	-44.0 	16    	70.7     	250   	66.4       	24.2       	10850     	-58.8
2410      	17:40:25  	250.4 	-44.0 	16    	70.8     	250   	66.5       	24.4       	10857     	-58.9
2412      	17:40:27  	250.1 	-44.0 	15    	71.1     	250   	66.7       	24.6       	10863     	-58.9
2414      	17:40:29  	249.9 	-44.0 	15    	71.4     	250   	66.9       	24.9       	10869     	-58.9
2416      	17:40:31  	249.7 	-44.0 	15    	71.7     	250   	67.2       	25.1       	10875     	-59.0
2418      	17:40:33  	249.5 	-44.0 	15    	71.9     	249   	67.3       	25.2       	10881     	-59.1
2420      	17:40:35  	249.2 	-44.1 	15    	72.1     	249   	67.5       	25.3       	10887     	-59.2
2422      	17:40:37  	249.0 	-44.1 	15    	72.3     	249   	67.7       	25.4       	10893     	-59.3
2424      	17:40:39  	248.8 	-44.1 	14    	72.5     	249   	67.8       	25.6       	10900     	-59.4
2426      	17:40:41  	248.5 	-44.1 	14    	72.7     	249   	68.0       	25.7       	10906     	-59.6
2428      	17:40:43  	248.3 	-44.1 	14    	72.8     	249   	68.1       	25.8       	10912     	-59.7
2430      	17:40:45  	248.1 	-44.1 	14    	73.0     	249   	68.2       	25.9       	10919     	-59.8
2432      	17:40:47  	247.8 	-44.1 	14    	72.9     	249   	68.1       	25.9       	10925     	-59.9
2434      	17:40:49  	247.6 	-44.1 	13    	72.9     	249   	68.1       	25.9       	10931     	-60.0
2436      	17:40:51  	247.4 	-44.1 	13    	72.9     	249   	68.1       	25.9       	10937     	-60.0
2438      	17:40:53  	247.1 	-44.1 	13    	72.8     	249   	68.1       	25.8       	10944     	-60.0
2440      	17:40:55  	246.9 	-44.1 	13    	72.8     	249   	68.1       	25.6       	10950     	-60.0
2442      	17:40:57  	246.7 	-44.1 	13    	72.8     	249   	68.2       	25.5       	10956     	-60.0
2444      	17:40:59  	246.4 	-44.1 	13    	72.8     	250   	68.2       	25.4       	10962     	-60.1
2446      	17:41:01  	246.2 	-44.1 	13    	72.8     	250   	68.3       	25.3       	10969     	-60.1
2448      	17:41:03  	246.0 	-44.1 	13    	72.9     	250   	68.4       	25.2       	10975     	-60.1
2450      	17:41:05  	245.7 	-44.1 	13    	72.8     	250   	68.4       	24.9       	10982     	-60.1
2452      	17:41:07  	245.5 	-44.1 	13    	72.7     	250   	68.4       	24.7       	10989     	-60.2
2454      	17:41:09  	245.2 	-44.1 	13    	72.7     	250   	68.5       	24.4       	10996     	-60.3
2456      	17:41:11  	245.0 	-44.1 	13    	72.6     	251   	68.4       	24.2       	11002     	-60.4
2458      	17:41:13  	244.8 	-44.1 	13    	72.5     	251   	68.4       	24.1       	11009     	-60.5
2460      	17:41:15  	244.5 	-44.2 	12    	72.4     	251   	68.3       	24.0       	11016     	-60.7
2462      	17:41:17  	244.3 	-44.2 	12    	72.2     	251   	68.2       	23.7       	11022     	-60.9
2464      	17:41:19  	244.0 	-44.2 	12    	71.9     	251   	68.0       	23.5       	11029     	-61.1
2466      	17:41:21  	243.8 	-44.2 	11    	71.8     	251   	67.9       	23.3       	11036     	-61.3
2468      	17:41:23  	243.5 	-44.2 	11    	71.5     	251   	67.7       	23.0       	11043     	-61.4
2470      	17:41:25  	243.3 	-44.2 	11    	71.4     	251   	67.6       	22.9       	11049     	-61.5
2472      	17:41:27  	243.0 	-44.2 	11    	71.2     	251   	67.5       	22.8       	11056     	-61.6
2474      	17:41:29  	242.8 	-44.3 	11    	71.0     	251   	67.3       	22.6       	11063     	-61.7
2476      	17:41:31  	242.5 	-44.3 	11    	70.8     	251   	67.1       	22.5       	11070     	-61.7
2478      	17:41:33  	242.3 	-44.3 	11    	70.5     	252   	66.9       	22.3       	11077     	-61.7
2480      	17:41:35  	242.1 	-44.3 	11    	70.3     	252   	66.7       	22.2       	11083     	-61.8
2482      	17:41:37  	241.8 	-44.4 	11    	70.2     	252   	66.6       	22.1       	11090     	-61.8
2484      	17:41:39  	241.6 	-44.4 	11    	70.2     	252   	66.6       	22.1       	11096     	-61.9
2486      	17:41:41  	241.3 	-44.4 	11    	70.0     	252   	66.5       	22.0       	11103     	-62.0
2488      	17:41:43  	241.1 	-44.5 	11    	69.9     	252   	66.4       	22.0       	11110     	-62.1
2490      	17:41:45  	240.9 	-44.5 	10    	69.9     	252   	66.3       	22.0       	11116     	-62.2
2492      	17:41:47  	240.6 	-44.6 	10    	69.8     	252   	66.2       	22.0       	11123     	-62.3
2494      	17:41:49  	240.4 	-44.6 	10    	69.7     	252   	66.1       	22.0       	11130     	-62.4
2496      	17:41:51  	240.1 	-44.7 	10    	69.6     	252   	66.0       	22.0       	11136     	-62.6
2498      	17:41:53  	239.9 	-44.7 	10    	69.6     	252   	66.0       	22.0       	11143     	-62.7
2500      	17:41:55  	239.7 	-44.8 	10    	69.5     	251   	65.9       	22.1       	11150     	-62.8
2502      	17:41:57  	239.4 	-44.8 	10    	69.3     	251   	65.7       	22.1       	11156     	-62.8
2504      	17:41:59  	239.2 	-44.9 	10    	69.2     	251   	65.6       	22.1       	11163     	-62.8
2506      	17:42:01  	238.9 	-44.9 	10    	69.1     	251   	65.5       	22.1       	11170     	-62.9
2508      	17:42:03  	238.7 	-44.9 	10    	69.0     	251   	65.4       	22.1       	11176     	-63.0
2510      	17:42:05  	238.5 	-45.0 	10    	68.9     	251   	65.3       	22.1       	11183     	-63.0
2512      	17:42:07  	238.2 	-45.0 	10    	68.7     	251   	65.1       	22.1       	11190     	-63.1
2514      	17:42:09  	238.0 	-45.1 	10    	68.7     	251   	65.0       	22.1       	11197     	-63.2
2516      	17:42:11  	237.7 	-45.1 	10    	68.5     	251   	64.8       	22.2       	11204     	-63.2
2518      	17:42:13  	237.5 	-45.2 	10    	68.3     	251   	64.6       	22.2       	11211     	-63.3
2520      	17:42:15  	237.2 	-45.2 	10    	68.2     	251   	64.5       	22.2       	11218     	-63.3
2522      	17:42:17  	237.0 	-45.2 	10    	68.1     	251   	64.4       	22.2       	11225     	-63.3
2524      	17:42:19  	236.7 	-45.3 	10    	68.0     	251   	64.3       	22.2       	11232     	-63.3
2526      	17:42:21  	236.5 	-45.3 	10    	68.1     	251   	64.3       	22.3       	11239     	-63.3
2528      	17:42:23  	236.2 	-45.3 	10    	68.0     	251   	64.2       	22.3       	11246     	-63.3
2530      	17:42:25  	236.0 	-45.4 	10    	67.9     	251   	64.1       	22.3       	11253     	-63.2
2532      	17:42:27  	235.7 	-45.4 	10    	67.9     	251   	64.1       	22.3       	11260     	-63.2
2534      	17:42:29  	235.5 	-45.4 	10    	67.9     	251   	64.1       	22.3       	11267     	-63.2
2536      	17:42:31  	235.2 	-45.5 	10    	68.0     	251   	64.2       	22.3       	11274     	-63.2
2538      	17:42:33  	235.0 	-45.5 	10    	67.8     	251   	64.0       	22.3       	11281     	-63.2
2540      	17:42:35  	234.7 	-45.5 	10    	67.7     	251   	63.9       	22.3       	11288     	-63.3
2542      	17:42:37  	234.5 	-45.6 	10    	67.5     	251   	63.7       	22.3       	11295     	-63.4
2544      	17:42:39  	234.2 	-45.6 	10    	67.4     	251   	63.6       	22.4       	11302     	-63.4
2546      	17:42:41  	234.0 	-45.6 	10    	67.2     	251   	63.4       	22.4       	11309     	-63.5
2548      	17:42:43  	233.7 	-45.6 	10    	67.1     	251   	63.3       	22.4       	11316     	-63.5
2550      	17:42:45  	233.5 	-45.6 	10    	67.0     	251   	63.2       	22.3       	11324     	-63.6
2552      	17:42:47  	233.2 	-45.7 	10    	66.9     	251   	63.1       	22.3       	11331     	-63.7
2554      	17:42:49  	233.0 	-45.7 	10    	66.9     	251   	63.1       	22.3       	11338     	-63.7
2556      	17:42:51  	232.7 	-45.7 	10    	66.8     	251   	63.0       	22.3       	11346     	-63.8
2558      	17:42:53  	232.5 	-45.7 	10    	66.9     	251   	63.1       	22.2       	11353     	-63.9
2560      	17:42:55  	232.2 	-45.7 	9     	67.0     	251   	63.2       	22.2       	11361     	-63.9
2562      	17:42:57  	231.9 	-45.7 	9     	67.1     	251   	63.3       	22.2       	11368     	-64.0
2564      	17:42:59  	231.7 	-45.7 	9     	67.5     	251   	63.8       	22.1       	11375     	-64.1
2566      	17:43:01  	231.4 	-45.7 	9     	67.9     	251   	64.2       	22.1       	11383     	-64.2
2568      	17:43:03  	231.2 	-45.7 	9     	68.3     	251   	64.7       	22.0       	11390     	-64.4
2570      	17:43:05  	230.9 	-45.7 	9     	68.7     	251   	65.1       	22.0       	11398     	-64.5
2572      	17:43:07  	230.7 	-45.7 	9     	69.0     	251   	65.4       	22.0       	11405     	-64.6
2574      	17:43:09  	230.4 	-45.7 	9     	69.4     	252   	65.8       	22.0       	11412     	-64.6
2576      	17:43:11  	230.1 	-45.6 	8     	69.9     	252   	66.3       	22.0       	11420     	-64.7
2578      	17:43:13  	229.9 	-45.6 	8     	70.5     	252   	67.0       	22.0       	11427     	-64.8
2580      	17:43:15  	229.6 	-45.6 	8     	71.3     	252   	67.8       	22.0       	11435     	-65.0
2582      	17:43:17  	229.4 	-45.6 	8     	71.9     	252   	68.5       	22.0       	11442     	-65.1
2584      	17:43:19  	229.1 	-45.6 	8     	72.3     	252   	68.9       	21.9       	11450     	-65.3
2586      	17:43:21  	228.8 	-45.6 	8     	72.7     	252   	69.3       	21.9       	11457     	-65.4
2588      	17:43:23  	228.6 	-45.6 	8     	73.1     	253   	69.7       	21.9       	11465     	-65.5
2590      	17:43:25  	228.3 	-45.6 	7     	73.7     	253   	70.4       	21.9       	11472     	-65.6
2592      	17:43:27  	228.1 	-45.6 	7     	74.3     	253   	71.0       	21.9       	11479     	-65.7
2594      	17:43:29  	227.9 	-45.6 	7     	75.0     	253   	71.7       	21.9       	11487     	-65.8
2596      	17:43:31  	227.6 	-45.6 	7     	75.4     	253   	72.2       	21.9       	11494     	-65.8
2598      	17:43:33  	227.4 	-45.7 	7     	75.7     	253   	72.5       	21.9       	11501     	-65.9
2600      	17:43:35  	227.1 	-45.7 	7     	76.0     	253   	72.8       	21.9       	11508     	-65.9
2602      	17:43:37  	226.9 	-45.7 	7     	76.3     	253   	73.1       	21.9       	11514     	-66.0
2604      	17:43:39  	226.6 	-45.7 	7     	76.6     	253   	73.4       	21.9       	11522     	-66.0
2606      	17:43:41  	226.4 	-45.7 	7     	76.9     	253   	73.7       	21.9       	11529     	-66.1
2608      	17:43:43  	226.1 	-45.7 	7     	77.3     	254   	74.1       	21.9       	11536     	-66.1
2610      	17:43:45  	225.9 	-45.8 	7     	77.2     	254   	74.1       	21.8       	11544     	-66.2
2612      	17:43:47  	225.6 	-45.8 	7     	77.3     	254   	74.2       	21.8       	11551     	-66.3
2614      	17:43:49  	225.4 	-45.8 	7     	77.3     	254   	74.2       	21.8       	11559     	-66.3
2616      	17:43:51  	225.1 	-45.8 	7     	77.4     	254   	74.3       	21.7       	11566     	-66.4
2618      	17:43:53  	224.9 	-45.8 	7     	77.4     	254   	74.3       	21.7       	11574     	-66.6
2620      	17:43:55  	224.6 	-45.9 	7     	77.4     	254   	74.3       	21.6       	11581     	-66.7
2622      	17:43:57  	224.4 	-45.9 	7     	77.4     	254   	74.3       	21.6       	11588     	-66.7
2624      	17:43:59  	224.1 	-45.9 	6     	77.4     	254   	74.3       	21.6       	11596     	-66.9
2626      	17:44:01  	223.9 	-45.9 	6     	77.4     	254   	74.3       	21.6       	11603     	-67.0
2628      	17:44:03  	223.6 	-46.0 	6     	77.3     	254   	74.3       	21.5       	11611     	-67.2
2630      	17:44:05  	223.4 	-46.0 	6     	77.3     	254   	74.2       	21.5       	11618     	-67.3
2632      	17:44:07  	223.1 	-46.0 	6     	77.2     	254   	74.2       	21.4       	11626     	-67.5
2634      	17:44:09  	222.9 	-46.0 	6     	77.2     	254   	74.2       	21.4       	11633     	-67.6
2636      	17:44:11  	222.6 	-46.1 	6     	77.1     	254   	74.1       	21.3       	11641     	-67.7
2638      	17:44:13  	222.4 	-46.1 	6     	77.1     	254   	74.1       	21.3       	11648     	-67.9
2640      	17:44:15  	222.1 	-46.2 	6     	77.1     	254   	74.1       	21.3       	11656     	-67.9
2642      	17:44:17  	221.9 	-46.2 	6     	77.0     	254   	74.0       	21.2       	11663     	-67.9
2644      	17:44:19  	221.6 	-46.2 	6     	77.0     	254   	74.0       	21.2       	11670     	-67.9
2646      	17:44:21  	221.4 	-46.3 	6     	77.0     	254   	74.0       	21.2       	11678     	-68.0
2648      	17:44:23  	221.2 	-46.3 	6     	77.0     	254   	74.0       	21.2       	11685     	-68.0
2650      	17:44:25  	220.9 	-46.4 	6     	77.0     	254   	74.0       	21.3       	11692     	-68.1
2652      	17:44:27  	220.7 	-46.4 	6     	76.8     	254   	73.8       	21.4       	11700     	-68.1
2654      	17:44:29  	220.4 	-46.4 	6     	76.7     	254   	73.7       	21.4       	11707     	-68.2
2656      	17:44:31  	220.2 	-46.4 	6     	76.7     	254   	73.6       	21.5       	11714     	-68.3
2658      	17:44:33  	219.9 	-46.5 	5     	76.6     	254   	73.5       	21.6       	11722     	-68.4
2660      	17:44:35  	219.7 	-46.5 	5     	76.5     	254   	73.4       	21.7       	11729     	-68.4
2662      	17:44:37  	219.4 	-46.6 	5     	76.3     	253   	73.2       	21.7       	11737     	-68.5
2664      	17:44:39  	219.2 	-46.6 	5     	76.3     	253   	73.1       	21.7       	11744     	-68.6
2666      	17:44:41  	218.9 	-46.6 	5     	76.2     	253   	73.0       	21.7       	11752     	-68.7
2668      	17:44:43  	218.7 	-46.6 	5     	76.1     	253   	72.9       	21.7       	11760     	-68.8
2670      	17:44:45  	218.4 	-46.7 	5     	75.9     	253   	72.8       	21.6       	11768     	-68.9
2672      	17:44:47  	218.2 	-46.7 	5     	75.9     	253   	72.8       	21.6       	11775     	-69.0
2674      	17:44:49  	217.9 	-46.8 	5     	75.8     	254   	72.7       	21.5       	11783     	-69.1
2676      	17:44:51  	217.7 	-46.8 	5     	75.8     	254   	72.7       	21.4       	11790     	-69.2
2678      	17:44:53  	217.4 	-46.8 	5     	75.7     	254   	72.7       	21.2       	11798     	-69.4
2680      	17:44:55  	217.2 	-46.9 	5     	75.6     	254   	72.6       	21.1       	11806     	-69.5
2682      	17:44:57  	216.9 	-46.9 	5     	75.5     	254   	72.5       	20.9       	11813     	-69.5
2684      	17:44:59  	216.6 	-47.0 	5     	75.4     	254   	72.5       	20.8       	11821     	-69.6
2686      	17:45:01  	216.4 	-47.0 	5     	75.3     	254   	72.4       	20.7       	11829     	-69.6
2688      	17:45:03  	216.1 	-47.1 	5     	75.2     	254   	72.3       	20.7       	11837     	-69.7
2690      	17:45:05  	215.9 	-47.2 	5     	75.1     	254   	72.2       	20.6       	11845     	-69.7
2692      	17:45:07  	215.6 	-47.2 	5     	74.8     	254   	72.0       	20.4       	11853     	-69.8
2694      	17:45:09  	215.3 	-47.3 	5     	74.6     	254   	71.8       	20.3       	11861     	-69.8
2696      	17:45:11  	215.1 	-47.3 	5     	74.3     	254   	71.5       	20.2       	11869     	-69.8
2698      	17:45:13  	214.8 	-47.4 	5     	74.2     	254   	71.4       	20.1       	11877     	-69.8
2700      	17:45:15  	214.6 	-47.4 	5     	74.0     	254   	71.2       	20.1       	11885     	-69.9
2702      	17:45:17  	214.3 	-47.5 	5     	73.9     	254   	71.1       	20.0       	11893     	-70.0
2704      	17:45:19  	214.1 	-47.5 	5     	73.4     	254   	70.7       	19.8       	11900     	-70.0
2706      	17:45:21  	213.8 	-47.6 	5     	73.0     	254   	70.3       	19.6       	11908     	-70.1
2708      	17:45:23  	213.6 	-47.6 	5     	72.7     	254   	70.0       	19.5       	11916     	-70.2
2710      	17:45:25  	213.3 	-47.7 	5     	72.2     	255   	69.6       	19.3       	11924     	-70.2
2712      	17:45:27  	213.0 	-47.7 	5     	72.0     	255   	69.4       	19.2       	11932     	-70.3
2714      	17:45:29  	212.8 	-47.7 	5     	71.8     	255   	69.2       	19.0       	11940     	-70.4
2716      	17:45:31  	212.5 	-47.7 	5     	71.4     	255   	68.9       	18.8       	11948     	-70.5
2718      	17:45:33  	212.3 	-47.7 	5     	71.1     	255   	68.7       	18.5       	11957     	-70.6
2720      	17:45:35  	212.0 	-47.7 	5     	70.8     	255   	68.4       	18.2       	11965     	-70.6
2722      	17:45:37  	211.7 	-47.8 	5     	70.5     	255   	68.2       	17.9       	11973     	-70.7
2724      	17:45:39  	211.5 	-47.8 	5     	70.5     	255   	68.2       	17.8       	11980     	-70.7
2726      	17:45:41  	211.2 	-47.7 	5     	70.4     	256   	68.2       	17.6       	11988     	-70.7
2728      	17:45:43  	211.0 	-47.7 	4     	70.3     	256   	68.1       	17.4       	11996     	-70.8
2730      	17:45:45  	210.7 	-47.7 	4     	70.1     	256   	68.0       	17.2       	12004     	-70.9
2732      	17:45:47  	210.5 	-47.7 	4     	70.0     	256   	67.9       	16.9       	12012     	-71.0
2734      	17:45:49  	210.2 	-47.7 	4     	69.7     	256   	67.7       	16.6       	12021     	-71.1
2736      	17:45:51  	209.9 	-47.7 	4     	69.6     	256   	67.6       	16.4       	12029     	-71.2
2738      	17:45:53  	209.7 	-47.7 	4     	69.3     	256   	67.4       	16.3       	12037     	-71.3
2740      	17:45:55  	209.4 	-47.7 	4     	69.2     	256   	67.3       	16.2       	12046     	-71.4
2742      	17:45:57  	209.1 	-47.7 	4     	69.0     	257   	67.1       	16.1       	12054     	-71.4
2744      	17:45:59  	208.9 	-47.7 	4     	68.8     	257   	66.9       	15.9       	12063     	-71.5
2746      	17:46:01  	208.6 	-47.7 	4     	68.5     	257   	66.7       	15.7       	12071     	-71.6
2748      	17:46:03  	208.3 	-47.7 	4     	68.3     	257   	66.5       	15.5       	12079     	-71.7
2750      	17:46:05  	208.1 	-47.7 	4     	68.3     	257   	66.5       	15.4       	12088     	-71.8
2752      	17:46:07  	207.8 	-47.7 	4     	68.1     	257   	66.4       	15.3       	12096     	-71.9
2754      	17:46:09  	207.6 	-47.7 	4     	68.1     	257   	66.4       	15.2       	12104     	-72.1
2756      	17:46:11  	207.3 	-47.7 	4     	68.1     	257   	66.4       	15.1       	12112     	-72.3
2758      	17:46:13  	207.1 	-47.8 	4     	68.1     	257   	66.4       	14.9       	12120     	-72.4
2760      	17:46:15  	206.8 	-47.8 	3     	68.1     	258   	66.5       	14.7       	12128     	-72.5
2762      	17:46:17  	206.5 	-47.8 	3     	68.1     	258   	66.5       	14.6       	12137     	-72.5
2764      	17:46:19  	206.3 	-47.8 	3     	68.2     	258   	66.6       	14.6       	12145     	-72.6
2766      	17:46:21  	206.0 	-47.8 	3     	68.3     	258   	66.7       	14.5       	12154     	-72.7
2768      	17:46:23  	205.8 	-47.8 	3     	68.3     	258   	66.7       	14.5       	12162     	-72.9
2770      	17:46:25  	205.5 	-47.9 	3     	68.3     	258   	66.7       	14.7       	12170     	-73.1
2772      	17:46:27  	205.2 	-47.9 	3     	68.2     	257   	66.6       	14.8       	12179     	-73.2
2774      	17:46:29  	205.0 	-47.9 	3     	68.3     	257   	66.6       	15.0       	12187     	-73.4
2776      	17:46:31  	204.7 	-47.9 	3     	68.1     	257   	66.4       	15.1       	12195     	-73.6
2778      	17:46:33  	204.5 	-47.9 	3     	68.0     	257   	66.3       	15.3       	12203     	-73.7
2780      	17:46:35  	204.2 	-47.9 	3     	67.9     	257   	66.1       	15.6       	12211     	-73.9
2782      	17:46:37  	204.0 	-47.9 	3     	67.6     	256   	65.7       	15.9       	12219     	-74.1
2784      	17:46:39  	203.7 	-47.9 	3     	67.4     	256   	65.4       	16.2       	12227     	-74.3
2786      	17:46:41  	203.5 	-47.9 	3     	67.2     	256   	65.1       	16.5       	12236     	-74.5
2788      	17:46:43  	203.2 	-47.9 	2     	66.9     	256   	64.8       	16.7       	12244     	-74.8
2790      	17:46:45  	203.0 	-47.9 	2     	66.7     	255   	64.6       	16.8       	12252     	-75.1
2792      	17:46:47  	202.7 	-47.9 	2     	66.6     	255   	64.4       	16.9       	12260     	-75.5
2794      	17:46:49  	202.5 	-47.9 	2     	66.4     	255   	64.2       	16.9       	12267     	-75.8
2796      	17:46:51  	202.2 	-47.9 	2     	66.2     	255   	64.0       	17.0       	12275     	-76.1
2798      	17:46:53  	202.0 	-47.9 	2     	66.0     	255   	63.8       	17.0       	12283     	-76.3
2800      	17:46:55  	201.7 	-47.9 	2     	65.9     	255   	63.7       	17.0       	12292     	-76.6
2802      	17:46:57  	201.5 	-47.9 	2     	65.8     	255   	63.6       	16.9       	12300     	-76.8
2804      	17:46:59  	201.2 	-47.8 	2     	65.8     	255   	63.6       	16.9       	12309     	-77.0
2806      	17:47:01  	201.0 	-47.8 	2     	65.7     	255   	63.5       	16.8       	12317     	-77.2
2808      	17:47:03  	200.7 	-47.8 	2     	65.3     	255   	63.2       	16.6       	12326     	-77.3
2810      	17:47:05  	200.5 	-47.8 	2     	65.0     	255   	62.9       	16.4       	12334     	-77.3
2812      	17:47:07  	200.2 	-47.8 	2     	64.7     	255   	62.6       	16.2       	12342     	-77.4
2814      	17:47:09  	200.0 	-47.8 	2     	64.4     	256   	62.4       	16.1       	12351     	-77.5
2816      	17:47:11  	199.7 	-47.8 	2     	64.1     	256   	62.1       	16.0       	12359     	-77.5
2818      	17:47:13  	199.5 	-47.8 	2     	63.8     	256   	61.8       	15.9       	12367     	-77.6
2820      	17:47:15  	199.2 	-47.8 	2     	63.3     	255   	61.2       	16.0       	12375     	-77.6
2822      	17:47:17  	198.9 	-47.9 	2     	62.7     	255   	60.6       	16.0       	12384     	-77.6
2824      	17:47:19  	198.7 	-47.9 	2     	62.0     	255   	59.9       	16.1       	12392     	-77.7
2826      	17:47:21  	198.4 	-47.9 	2     	61.6     	255   	59.4       	16.2       	12401     	-77.7
2828      	17:47:23  	198.2 	-47.9 	2     	61.2     	254   	59.0       	16.4       	12410     	-77.8
2830      	17:47:25  	197.9 	-47.9 	2     	61.0     	254   	58.7       	16.5       	12420     	-77.8
2832      	17:47:27  	197.6 	-48.0 	2     	60.6     	254   	58.2       	16.8       	12429     	-77.8
2834      	17:47:29  	197.4 	-48.0 	2     	60.2     	253   	57.7       	17.3       	12437     	-77.6
2836      	17:47:31  	197.1 	-48.0 	2     	59.9     	253   	57.2       	17.8       	12445     	-77.5
2838      	17:47:33  	196.9 	-48.1 	2     	59.5     	252   	56.6       	18.4       	12453     	-77.5
2840      	17:47:35  	196.6 	-48.1 	2     	59.4     	252   	56.4       	18.7       	12460     	-77.5
2842      	17:47:37  	196.4 	-48.1 	2     	59.5     	251   	56.3       	19.1       	12468     	-77.5
2844      	17:47:39  	196.2 	-48.2 	2     	59.4     	251   	56.1       	19.4       	12477     	-77.6
2846      	17:47:41  	195.9 	-48.2 	2     	59.4     	250   	55.9       	20.0       	12485     	-77.6
2848      	17:47:43  	195.6 	-48.3 	2     	59.3     	250   	55.6       	20.6       	12494     	-77.7
2850      	17:47:45  	195.4 	-48.4 	2     	59.3     	249   	55.4       	21.2       	12503     	-77.9
2852      	17:47:47  	195.1 	-48.4 	2     	59.3     	249   	55.2       	21.7       	12512     	-78.0
2854      	17:47:49  	194.8 	-48.5 	2     	59.4     	248   	55.2       	22.0       	12521     	-78.0
2856      	17:47:51  	194.6 	-48.6 	2     	59.4     	248   	55.1       	22.2       	12530     	-78.0
2858      	17:47:53  	194.3 	-48.6 	2     	59.5     	248   	55.0       	22.6       	12539     	-78.0
2860      	17:47:55  	194.0 	-48.7 	2     	59.7     	247   	55.0       	23.1       	12549     	-78.0
2862      	17:47:57  	193.8 	-48.8 	2     	59.8     	247   	55.0       	23.6       	12558     	-78.1
2864      	17:47:59  	193.5 	-48.9 	2     	60.0     	246   	55.0       	24.1       	12567     	-78.1
2866      	17:48:01  	193.2 	-48.9 	2     	60.1     	246   	55.0       	24.3       	12576     	-78.2
2868      	17:48:03  	193.0 	-49.0 	2     	60.3     	246   	55.1       	24.5       	12584     	-78.2
2870      	17:48:05  	192.7 	-49.1 	2     	60.4     	246   	55.1       	24.8       	12593     	-78.3
2872      	17:48:07  	192.5 	-49.2 	2     	60.6     	246   	55.2       	25.1       	12602     	-78.4
2874      	17:48:09  	192.2 	-49.3 	2     	60.8     	245   	55.2       	25.5       	12610     	-78.5
2876      	17:48:11  	192.0 	-49.3 	2     	61.1     	245   	55.3       	25.9       	12619     	-78.5
2878      	17:48:13  	191.7 	-49.4 	2     	61.2     	245   	55.3       	26.2       	12627     	-78.6
2880      	17:48:15  	191.5 	-49.5 	2     	61.3     	244   	55.3       	26.4       	12635     	-78.6
2882      	17:48:17  	191.2 	-49.5 	2     	61.3     	244   	55.3       	26.5       	12643     	-78.7
2884      	17:48:19  	191.0 	-49.6 	2     	61.4     	244   	55.3       	26.7       	12652     	-78.7
2886      	17:48:21  	190.8 	-49.7 	2     	61.5     	244   	55.3       	27.0       	12660     	-78.7
2888      	17:48:23  	190.5 	-49.7 	2     	61.7     	244   	55.3       	27.3       	12668     	-78.7
2890      	17:48:25  	190.3 	-49.8 	2     	61.8     	243   	55.3       	27.6       	12677     	-78.8
2892      	17:48:27  	190.0 	-49.9 	2     	61.9     	243   	55.3       	27.8       	12685     	-78.8
2894      	17:48:29  	189.8 	-49.9 	2     	62.0     	243   	55.4       	27.9       	12693     	-78.8
2896      	17:48:31  	189.6 	-50.0 	2     	62.1     	243   	55.4       	28.1       	12701     	-78.8
2898      	17:48:33  	189.3 	-50.1 	2     	62.2     	243   	55.4       	28.3       	12709     	-78.9
2900      	17:48:35  	189.1 	-50.1 	2     	62.3     	243   	55.4       	28.5       	12717     	-78.9
2902      	17:48:37  	188.9 	-50.2 	2     	62.4     	243   	55.4       	28.8       	12724     	-78.9
2904      	17:48:39  	188.7 	-50.3 	2     	62.5     	242   	55.4       	28.9       	12732     	-78.9
2906      	17:48:41  	188.5 	-50.3 	2     	62.5     	242   	55.4       	29.0       	12739     	-79.0
2908      	17:48:43  	188.2 	-50.4 	2     	62.6     	242   	55.4       	29.1       	12747     	-79.0
2910      	17:48:45  	188.0 	-50.5 	2     	62.6     	242   	55.4       	29.2       	12754     	-79.1
2912      	17:48:47  	187.8 	-50.6 	2     	62.7     	242   	55.4       	29.3       	12762     	-79.1
2914      	17:48:49  	187.6 	-50.6 	2     	62.8     	242   	55.5       	29.4       	12770     	-79.2
2916      	17:48:51  	187.3 	-50.7 	2     	62.9     	242   	55.5       	29.5       	12778     	-79.2
2918      	17:48:53  	187.1 	-50.8 	2     	62.9     	242   	55.6       	29.5       	12786     	-79.3
2920      	17:48:55  	186.9 	-50.8 	2     	62.9     	242   	55.6       	29.5       	12793     	-79.3
2922      	17:48:57  	186.7 	-50.9 	2     	63.0     	242   	55.7       	29.4       	12801     	-79.4
2924      	17:48:59  	186.5 	-51.0 	2     	63.1     	242   	55.9       	29.3       	12809     	-79.4
2926      	17:49:01  	186.2 	-51.0 	2     	63.2     	242   	56.0       	29.2       	12816     	-79.4
2928      	17:49:03  	186.0 	-51.1 	2     	63.3     	243   	56.2       	29.1       	12824     	-79.5
2930      	17:49:05  	185.8 	-51.2 	2     	63.3     	243   	56.3       	29.0       	12832     	-79.5
2932      	17:49:07  	185.6 	-51.2 	2     	63.4     	243   	56.4       	28.9       	12840     	-79.5
2934      	17:49:09  	185.4 	-51.3 	2     	63.4     	243   	56.5       	28.8       	12847     	-79.5
2936      	17:49:11  	185.1 	-51.4 	2     	63.5     	243   	56.7       	28.7       	12854     	-79.6
2938      	17:49:13  	184.9 	-51.4 	2     	63.6     	243   	56.9       	28.5       	12862     	-79.6
2940      	17:49:15  	184.7 	-51.5 	2     	63.9     	244   	57.2       	28.4       	12870     	-79.7
2942      	17:49:17  	184.5 	-51.6 	2     	64.0     	244   	57.4       	28.2       	12878     	-79.7
2944      	17:49:19  	184.3 	-51.6 	2     	64.0     	244   	57.5       	28.2       	12886     	-79.8
2946      	17:49:21  	184.0 	-51.7 	2     	64.2     	244   	57.7       	28.1       	12894     	-79.8
2948      	17:49:23  	183.8 	-51.8 	2     	64.3     	244   	57.8       	28.1       	12901     	-79.9
2950      	17:49:25  	183.6 	-51.9 	2     	64.5     	244   	58.1       	28.0       	12909     	-79.9
2952      	17:49:27  	183.4 	-51.9 	2     	64.7     	244   	58.3       	28.0       	12917     	-80.0
2954      	17:49:29  	183.2 	-52.0 	2     	64.9     	244   	58.6       	28.0       	12925     	-80.0
2956      	17:49:31  	182.9 	-52.0 	2     	65.1     	245   	58.8       	28.0       	12932     	-80.0
2958      	17:49:33  	182.7 	-52.1 	2     	65.2     	245   	58.9       	28.0       	12940     	-80.0
2960      	17:49:35  	182.5 	-52.1 	2     	65.3     	245   	59.0       	28.0       	12948     	-80.1
2962      	17:49:37  	182.3 	-52.2 	2     	65.5     	245   	59.2       	28.0       	12956     	-80.1
2964      	17:49:39  	182.1 	-52.3 	2     	65.7     	245   	59.4       	28.0       	12963     	-80.2
2966      	17:49:41  	181.8 	-52.3 	2     	65.8     	245   	59.6       	27.9       	12971     	-80.3
2968      	17:49:43  	181.6 	-52.4 	2     	65.9     	245   	59.7       	27.9       	12979     	-80.3
2970      	17:49:45  	181.4 	-52.4 	2     	66.0     	245   	59.8       	27.9       	12987     	-80.4
2972      	17:49:47  	181.2 	-52.5 	2     	66.0     	245   	59.9       	27.8       	12995     	-80.5
2974      	17:49:49  	180.9 	-52.6 	2     	66.0     	245   	59.9       	27.7       	13003     	-80.6
2976      	17:49:51  	180.7 	-52.6 	2     	65.9     	245   	59.9       	27.5       	13011     	-80.7
2978      	17:49:53  	180.5 	-52.7 	2     	65.9     	246   	60.0       	27.3       	13019     	-80.7
2980      	17:49:55  	180.3 	-52.7 	2     	65.8     	246   	60.0       	27.1       	13027     	-80.7
2982      	17:49:57  	180.0 	-52.8 	2     	65.8     	246   	60.0       	27.0       	13035     	-80.7
2984      	17:49:59  	179.8 	-52.8 	2     	65.6     	246   	59.9       	26.8       	13043     	-80.7
2986      	17:50:01  	179.6 	-52.9 	2     	65.6     	246   	59.9       	26.7       	13051     	-80.7
2988      	17:50:03  	179.4 	-52.9 	2     	65.5     	246   	59.9       	26.4       	13059     	-80.7
2990      	17:50:05  	179.1 	-53.0 	2     	65.3     	247   	59.9       	26.0       	13068     	-80.7
2992      	17:50:07  	178.9 	-53.0 	2     	65.2     	247   	59.9       	25.7       	13076     	-80.8
2994      	17:50:09  	178.7 	-53.1 	2     	65.1     	247   	59.9       	25.4       	13084     	-80.8
2996      	17:50:11  	178.5 	-53.2 	2     	65.0     	247   	59.9       	25.2       	13092     	-80.9
2998      	17:50:13  	178.2 	-53.2 	2     	65.0     	247   	60.0       	25.0       	13101     	-81.0
3000      	17:50:15  	178.0 	-53.3 	2     	64.9     	248   	60.0       	24.8       	13109     	-81.0
3002      	17:50:17  	177.8 	-53.4 	2     	64.8     	248   	60.0       	24.4       	13117     	-81.1
3004      	17:50:19  	177.5 	-53.4 	2     	64.6     	248   	60.0       	24.0       	13125     	-81.1
3006      	17:50:21  	177.3 	-53.5 	2     	64.5     	249   	60.0       	23.6       	13134     	-81.2
3008      	17:50:23  	177.1 	-53.5 	2     	64.4     	249   	60.0       	23.3       	13142     	-81.2
3010      	17:50:25  	176.9 	-53.6 	2     	64.3     	249   	60.0       	23.1       	13151     	-81.2
3012      	17:50:27  	176.6 	-53.7 	2     	64.1     	249   	59.9       	22.9       	13159     	-81.3
3014      	17:50:29  	176.4 	-53.7 	2     	64.1     	249   	60.0       	22.6       	13167     	-81.3
3016      	17:50:31  	176.2 	-53.8 	2     	64.0     	250   	60.0       	22.2       	13176     	-81.4
3018      	17:50:33  	175.9 	-53.9 	2     	64.0     	250   	60.1       	21.9       	13184     	-81.4
3020      	17:50:35  	175.7 	-53.9 	2     	63.9     	250   	60.1       	21.6       	13192     	-81.4
3022      	17:50:37  	175.5 	-54.0 	2     	63.9     	250   	60.2       	21.5       	13200     	-81.4
3024      	17:50:39  	175.3 	-54.0 	2     	64.0     	251   	60.3       	21.3       	13208     	-81.5
3026      	17:50:41  	175.1 	-54.1 	2     	64.0     	251   	60.4       	21.1       	13216     	-81.5
3028      	17:50:43  	174.8 	-54.2 	2     	64.0     	251   	60.5       	21.0       	13224     	-81.5
3030      	17:50:45  	174.6 	-54.2 	2     	64.1     	251   	60.6       	20.8       	13232     	-81.6
3032      	17:50:47  	174.4 	-54.3 	2     	64.2     	251   	60.8       	20.6       	13240     	-81.7
3034      	17:50:49  	174.2 	-54.3 	2     	64.3     	251   	60.9       	20.5       	13248     	-81.7
3036      	17:50:51  	174.0 	-54.4 	2     	64.3     	251   	60.9       	20.5       	13256     	-81.8
3038      	17:50:53  	173.7 	-54.4 	2     	64.4     	251   	61.0       	20.5       	13265     	-81.8
3040      	17:50:55  	173.5 	-54.5 	2     	64.4     	252   	61.1       	20.3       	13273     	-81.9
3042      	17:50:57  	173.3 	-54.5 	2     	64.4     	252   	61.2       	20.1       	13281     	-81.9
3044      	17:50:59  	173.1 	-54.5 	2     	64.5     	252   	61.3       	20.0       	13289     	-82.0
3046      	17:51:01  	172.8 	-54.6 	2     	64.4     	252   	61.3       	19.8       	13297     	-82.0
3048      	17:51:03  	172.6 	-54.6 	2     	64.5     	252   	61.4       	19.7       	13306     	-82.0
3050      	17:51:05  	172.4 	-54.6 	2     	64.5     	252   	61.4       	19.6       	13314     	-82.1
3052      	17:51:07  	172.2 	-54.6 	2     	64.4     	253   	61.4       	19.3       	13322     	-82.1
3054      	17:51:09  	172.0 	-54.6 	2     	64.2     	253   	61.4       	18.8       	13331     	-82.1
3056      	17:51:11  	171.7 	-54.7 	2     	64.1     	253   	61.4       	18.3       	13339     	-82.1
3058      	17:51:13  	171.5 	-54.7 	2     	64.0     	254   	61.4       	17.9       	13347     	-82.2
3060      	17:51:15  	171.3 	-54.7 	2     	63.8     	254   	61.4       	17.5       	13355     	-82.2
3062      	17:51:17  	171.1 	-54.7 	2     	63.8     	254   	61.4       	17.2       	13363     	-82.3
3064      	17:51:19  	170.9 	-54.8 	2     	63.7     	255   	61.4       	16.8       	13371     	-82.3
3066      	17:51:21  	170.6 	-54.8 	2     	63.4     	255   	61.3       	16.1       	13379     	-82.3
3068      	17:51:23  	170.4 	-54.8 	2     	63.2     	256   	61.3       	15.4       	13388     	-82.4
3070      	17:51:25  	170.2 	-54.8 	2     	62.9     	256   	61.2       	14.7       	13396     	-82.4
3072      	17:51:27  	170.0 	-54.9 	2     	62.8     	257   	61.2       	14.2       	13405     	-82.4
3074      	17:51:29  	169.7 	-54.9 	2     	62.7     	257   	61.2       	13.8       	13413     	-82.5
3076      	17:51:31  	169.5 	-54.9 	2     	62.6     	258   	61.2       	13.4       	13422     	-82.5
3078      	17:51:33  	169.3 	-55.0 	2     	62.6     	258   	61.2       	13.0       	13430     	-82.5
3080      	17:51:35  	169.1 	-55.0 	2     	62.5     	258   	61.2       	12.5       	13439     	-82.5
3082      	17:51:37  	168.8 	-55.1 	2     	62.3     	259   	61.2       	11.9       	13448     	-82.5
3084      	17:51:39  	168.6 	-55.1 	2     	62.3     	259   	61.2       	11.4       	13456     	-82.5
3086      	17:51:41  	168.4 	-55.2 	2     	62.2     	260   	61.2       	11.2       	13464     	-82.5
3088      	17:51:43  	168.2 	-55.2 	2     	62.2     	260   	61.2       	11.0       	13473     	-82.5
3090      	17:51:45  	168.0 	-55.3 	2     	62.1     	260   	61.2       	10.8       	13481     	-82.5
3092      	17:51:47  	167.7 	-55.3 	2     	62.1     	260   	61.2       	10.5       	13489     	-82.5
3094      	17:51:49  	167.5 	-55.4 	2     	61.9     	261   	61.1       	10.2       	13497     	-82.6
3096      	17:51:51  	167.3 	-55.5 	2     	61.9     	261   	61.1       	9.8        	13506     	-82.6
3098      	17:51:53  	167.1 	-55.5 	2     	61.8     	261   	61.0       	9.6        	13514     	-82.6
3100      	17:51:55  	166.9 	-55.6 	2     	61.7     	261   	61.0       	9.4        	13522     	-82.7
3102      	17:51:57  	166.7 	-55.6 	2     	61.6     	261   	60.9       	9.2        	13530     	-82.7
3104      	17:51:59  	166.4 	-55.7 	2     	61.5     	262   	60.8       	9.0        	13539     	-82.8
3106      	17:52:01  	166.2 	-55.7 	2     	61.2     	262   	60.6       	8.6        	13547     	-82.8
3108      	17:52:03  	166.0 	-55.7 	2     	61.1     	262   	60.5       	8.3        	13555     	-82.9
3110      	17:52:05  	165.8 	-55.8 	2     	60.8     	263   	60.3       	7.9        	13564     	-82.9
3112      	17:52:07  	165.6 	-55.8 	2     	60.7     	263   	60.2       	7.7        	13572     	-83.0
3114      	17:52:09  	165.4 	-55.8 	2     	60.6     	263   	60.1       	7.5        	13580     	-83.0
3116      	17:52:11  	165.2 	-55.8 	2     	60.4     	263   	60.0       	7.3        	13588     	-83.1
3118      	17:52:13  	165.0 	-55.8 	2     	60.1     	263   	59.7       	7.0        	13596     	-83.1
3120      	17:52:15  	164.8 	-55.9 	2     	59.8     	264   	59.4       	6.6        	13604     	-83.1
3122      	17:52:17  	164.5 	-55.9 	2     	59.4     	264   	59.1       	6.2        	13611     	-83.1
3124      	17:52:19  	164.3 	-55.9 	2     	59.2     	264   	58.9       	5.9        	13619     	-83.1
3126      	17:52:21  	164.1 	-55.9 	2     	59.0     	264   	58.7       	5.8        	13627     	-83.1
3128      	17:52:23  	163.9 	-55.9 	2     	58.8     	265   	58.5       	5.6        	13635     	-83.1
3130      	17:52:25  	163.7 	-55.9 	2     	58.1     	265   	57.9       	5.3        	13643     	-83.1
3132      	17:52:27  	163.5 	-56.0 	2     	57.6     	265   	57.4       	5.1        	13651     	-83.2
3134      	17:52:29  	163.3 	-56.0 	2     	57.0     	265   	56.8       	4.8        	13660     	-83.2
3136      	17:52:31  	163.1 	-56.0 	2     	56.4     	265   	56.2       	4.6        	13668     	-83.2
3138      	17:52:33  	162.9 	-56.0 	2     	56.1     	265   	55.9       	4.5        	13676     	-83.2
3140      	17:52:35  	162.7 	-56.0 	2     	55.7     	265   	55.5       	4.4        	13684     	-83.2
3142      	17:52:37  	162.5 	-56.0 	2     	55.2     	266   	55.0       	4.3        	13692     	-83.2
3144      	17:52:39  	162.3 	-56.1 	2     	54.5     	265   	54.3       	4.3        	13700     	-83.2
3146      	17:52:41  	162.1 	-56.1 	2     	53.8     	266   	53.6       	4.2        	13708     	-83.2
3148      	17:52:43  	161.9 	-56.1 	2     	53.2     	266   	53.0       	4.1        	13716     	-83.2
3150      	17:52:45  	161.7 	-56.1 	2     	52.9     	266   	52.7       	4.1        	13724     	-83.2
3152      	17:52:47  	161.4 	-56.2 	2     	52.6     	266   	52.4       	4.1        	13732     	-83.2
3154      	17:52:49  	161.2 	-56.2 	2     	52.3     	266   	52.1       	4.1        	13741     	-83.2
3156      	17:52:51  	161.0 	-56.3 	2     	51.8     	265   	51.6       	4.2        	13750     	-83.3
3158      	17:52:53  	160.8 	-56.3 	2     	51.2     	265   	51.0       	4.2        	13758     	-83.3
3160      	17:52:55  	160.6 	-56.3 	2     	50.7     	265   	50.5       	4.3        	13767     	-83.3
3162      	17:52:57  	160.4 	-56.4 	2     	50.3     	265   	50.1       	4.3        	13775     	-83.4
3164      	17:52:59  	160.1 	-56.4 	2     	50.0     	265   	49.8       	4.4        	13784     	-83.4
3166      	17:53:01  	159.9 	-56.5 	2     	49.7     	265   	49.5       	4.4        	13793     	-83.4
3168      	17:53:03  	159.7 	-56.5 	2     	49.3     	265   	49.1       	4.5        	13802     	-83.4
3170      	17:53:05  	159.5 	-56.6 	2     	48.8     	265   	48.6       	4.6        	13810     	-83.5
3172      	17:53:07  	159.3 	-56.6 	2     	48.3     	264   	48.1       	4.7        	13819     	-83.5
3174      	17:53:09  	159.0 	-56.7 	2     	47.8     	264   	47.6       	4.8        	13827     	-83.6
3176      	17:53:11  	158.8 	-56.7 	2     	47.6     	264   	47.3       	4.9        	13836     	-83.6
3178      	17:53:13  	158.6 	-56.8 	2     	47.4     	264   	47.1       	5.0        	13844     	-83.6
3180      	17:53:15  	158.4 	-56.8 	2     	47.1     	264   	46.8       	5.1        	13852     	-83.7
3182      	17:53:17  	158.2 	-56.9 	2     	46.6     	263   	46.3       	5.3        	13860     	-83.7
3184      	17:53:19  	158.0 	-56.9 	2     	46.1     	263   	45.8       	5.6        	13868     	-83.7
3186      	17:53:21  	157.8 	-57.0 	2     	45.7     	263   	45.3       	5.8        	13876     	-83.8
3188      	17:53:23  	157.7 	-57.0 	2     	45.3     	262   	44.9       	6.0        	13883     	-83.8
3190      	17:53:25  	157.5 	-57.1 	2     	45.0     	262   	44.6       	6.2        	13891     	-83.8
3192      	17:53:27  	157.3 	-57.2 	2     	44.8     	262   	44.4       	6.3        	13898     	-83.8
3194      	17:53:29  	157.1 	-57.2 	2     	44.6     	262   	44.1       	6.5        	13905     	-83.8
3196      	17:53:31  	156.9 	-57.2 	2     	44.2     	261   	43.7       	6.8        	13913     	-83.9
3198      	17:53:33  	156.7 	-57.3 	2     	43.9     	261   	43.3       	7.1        	13920     	-83.9
3200      	17:53:35  	156.5 	-57.3 	2     	43.5     	260   	42.9       	7.4        	13928     	-84.0
3202      	17:53:37  	156.3 	-57.4 	2     	43.4     	260   	42.7       	7.5        	13935     	-84.0
3204      	17:53:39  	156.2 	-57.4 	2     	43.3     	260   	42.6       	7.7        	13943     	-84.1
3206      	17:53:41  	156.0 	-57.5 	2     	43.1     	260   	42.4       	7.8        	13951     	-84.2
3208      	17:53:43  	155.8 	-57.5 	2     	42.8     	259   	42.0       	8.1        	13959     	-84.3
3210      	17:53:45  	155.6 	-57.5 	2     	42.4     	259   	41.6       	8.4        	13967     	-84.3
3212      	17:53:47  	155.4 	-57.6 	2     	42.1     	258   	41.2       	8.7        	13974     	-84.4
3214      	17:53:49  	155.2 	-57.6 	2     	41.8     	258   	40.8       	9.0        	13982     	-84.4
3216      	17:53:51  	155.0 	-57.6 	2     	41.5     	257   	40.5       	9.2        	13990     	-84.4
3218      	17:53:53  	154.8 	-57.7 	2     	41.3     	257   	40.2       	9.3        	13997     	-84.4
3220      	17:53:55  	154.6 	-57.7 	2     	40.9     	256   	39.8       	9.6        	14005     	-84.4
3222      	17:53:57  	154.4 	-57.7 	2     	40.5     	256   	39.2       	10.0       	14013     	-84.4
3224      	17:53:59  	154.3 	-57.8 	2     	40.0     	255   	38.6       	10.5       	14020     	-84.5
3226      	17:54:01  	154.1 	-57.8 	2     	39.6     	254   	38.1       	10.9       	14028     	-84.5
3228      	17:54:03  	153.9 	-57.8 	2     	39.4     	254   	37.8       	11.1       	14035     	-84.5
3230      	17:54:05  	153.7 	-57.8 	2     	39.2     	253   	37.5       	11.4       	14043     	-84.4
3232      	17:54:07  	153.5 	-57.8 	2     	39.0     	253   	37.2       	11.6       	14050     	-84.4
3234      	17:54:09  	153.4 	-57.9 	2     	38.8     	252   	36.9       	12.1       	14057     	-84.4
3236      	17:54:11  	153.2 	-57.9 	2     	38.7     	251   	36.6       	12.5       	14065     	-84.4
3238      	17:54:13  	153.0 	-57.9 	2     	38.5     	250   	36.2       	13.0       	14073     	-84.4
3240      	17:54:15  	152.8 	-57.9 	2     	38.4     	250   	36.0       	13.3       	14081     	-84.4
3242      	17:54:17  	152.6 	-57.9 	2     	38.4     	249   	35.9       	13.5       	14088     	-84.4
3244      	17:54:19  	152.4 	-57.9 	2     	38.4     	249   	35.9       	13.7       	14096     	-84.4
3246      	17:54:21  	152.2 	-58.0 	2     	38.5     	249   	35.9       	14.0       	14103     	-84.5
3248      	17:54:23  	152.1 	-58.0 	2     	38.7     	248   	36.0       	14.2       	14111     	-84.5
3250      	17:54:25  	151.9 	-58.0 	2     	38.9     	248   	36.1       	14.4       	14118     	-84.4
3252      	17:54:27  	151.7 	-57.9 	2     	39.0     	248   	36.2       	14.6       	14125     	-84.4
3254      	17:54:29  	151.5 	-57.9 	2     	39.2     	248   	36.4       	14.6       	14133     	-84.4
3256      	17:54:31  	151.4 	-57.9 	2     	39.4     	248   	36.6       	14.6       	14140     	-84.4
3258      	17:54:33  	151.2 	-57.9 	2     	39.6     	248   	36.8       	14.6       	14147     	-84.3
3260      	17:54:35  	151.0 	-57.9 	2     	39.9     	249   	37.2       	14.5       	14154     	-84.3
3262      	17:54:37  	150.9 	-57.9 	2     	40.4     	249   	37.7       	14.5       	14161     	-84.3
3264      	17:54:39  	150.7 	-57.9 	2     	40.8     	249   	38.2       	14.4       	14168     	-84.4
3266      	17:54:41  	150.5 	-57.9 	2     	41.2     	250   	38.6       	14.3       	14175     	-84.4
3268      	17:54:43  	150.3 	-57.9 	2     	41.4     	250   	38.9       	14.2       	14182     	-84.4
3270      	17:54:45  	150.2 	-57.9 	2     	41.7     	250   	39.2       	14.1       	14190     	-84.4
3272      	17:54:47  	150.0 	-57.9 	2     	41.9     	250   	39.5       	14.0       	14197     	-84.4
3274      	17:54:49  	149.8 	-57.8 	2     	42.1     	251   	39.7       	14.0       	14204     	-84.4
3276      	17:54:51  	149.6 	-57.8 	2     	42.3     	251   	40.0       	13.9       	14212     	-84.4
3278      	17:54:53  	149.5 	-57.8 	2     	42.6     	251   	40.3       	13.9       	14219     	-84.3
3280      	17:54:55  	149.3 	-57.8 	2     	42.7     	251   	40.3       	14.0       	14226     	-84.3
3282      	17:54:57  	149.1 	-57.8 	2     	42.6     	251   	40.2       	14.0       	14233     	-84.3
3284      	17:54:59  	149.0 	-57.8 	2     	42.6     	251   	40.2       	14.1       	14240     	-84.3
3286      	17:55:01  	148.8 	-57.8 	2     	42.7     	251   	40.3       	14.0       	14247     	-84.3
3288      	17:55:03  	148.6 	-57.9 	2     	42.8     	251   	40.4       	14.0       	14255     	-84.3
3290      	17:55:05  	148.5 	-57.9 	2     	42.7     	251   	40.4       	13.9       	14262     	-84.3
3292      	17:55:07  	148.3 	-57.9 	2     	42.8     	251   	40.5       	13.8       	14269     	-84.3
3294      	17:55:09  	148.1 	-57.9 	2     	42.8     	251   	40.6       	13.7       	14277     	-84.3
3296      	17:55:11  	147.9 	-57.9 	2     	42.9     	252   	40.7       	13.5       	14284     	-84.3
3298      	17:55:13  	147.8 	-58.0 	2     	42.8     	252   	40.7       	13.4       	14292     	-84.4
3300      	17:55:15  	147.6 	-58.0 	2     	42.8     	252   	40.7       	13.3       	14299     	-84.3
3302      	17:55:17  	147.4 	-58.0 	2     	42.9     	252   	40.8       	13.2       	14306     	-84.3
3304      	17:55:19  	147.3 	-58.0 	2     	42.8     	252   	40.7       	13.2       	14314     	-84.4
3306      	17:55:21  	147.1 	-58.1 	2     	42.8     	252   	40.7       	13.2       	14320     	-84.4
3308      	17:55:23  	146.9 	-58.1 	2     	42.7     	252   	40.6       	13.2       	14327     	-84.4
3310      	17:55:25  	146.8 	-58.1 	2     	42.6     	252   	40.5       	13.3       	14334     	-84.5
3312      	17:55:27  	146.6 	-58.1 	2     	42.4     	252   	40.3       	13.3       	14341     	-84.5
3314      	17:55:29  	146.4 	-58.2 	2     	42.3     	252   	40.2       	13.3       	14348     	-84.5
3316      	17:55:31  	146.3 	-58.2 	2     	42.2     	252   	40.1       	13.3       	14355     	-84.5
3318      	17:55:33  	146.1 	-58.2 	2     	42.2     	252   	40.0       	13.3       	14362     	-84.6
3320      	17:55:35  	146.0 	-58.2 	2     	42.1     	252   	39.9       	13.3       	14369     	-84.6
3322      	17:55:37  	145.8 	-58.3 	2     	42.1     	252   	39.9       	13.3       	14376     	-84.6
3324      	17:55:39  	145.6 	-58.3 	2     	41.9     	252   	39.8       	13.1       	14384     	-84.6
3326      	17:55:41  	145.4 	-58.3 	2     	41.7     	252   	39.7       	12.8       	14391     	-84.6
3328      	17:55:43  	145.3 	-58.3 	2     	41.6     	252   	39.6       	12.6       	14399     	-84.5
3330      	17:55:45  	145.1 	-58.3 	2     	41.4     	253   	39.5       	12.3       	14406     	-84.5
3332      	17:55:47  	144.9 	-58.4 	2     	41.3     	253   	39.5       	12.1       	14413     	-84.5
3334      	17:55:49  	144.8 	-58.4 	2     	41.2     	253   	39.4       	11.9       	14421     	-84.5
3336      	17:55:51  	144.6 	-58.4 	2     	41.0     	254   	39.3       	11.6       	14428     	-84.5
3338      	17:55:53  	144.4 	-58.4 	2     	40.8     	254   	39.2       	11.4       	14435     	-84.5
3340      	17:55:55  	144.3 	-58.4 	2     	40.5     	254   	39.0       	11.1       	14443     	-84.6
3342      	17:55:57  	144.1 	-58.4 	2     	40.3     	254   	38.8       	10.9       	14450     	-84.6
3344      	17:55:59  	143.9 	-58.4 	2     	40.2     	254   	38.7       	10.8       	14458     	-84.7
3346      	17:56:01  	143.7 	-58.4 	2     	40.0     	254   	38.5       	10.8       	14465     	-84.7
3348      	17:56:03  	143.6 	-58.4 	2     	39.9     	254   	38.4       	10.8       	14473     	-84.7
3350      	17:56:05  	143.4 	-58.4 	2     	39.8     	254   	38.3       	10.8       	14481     	-84.7
3352      	17:56:07  	143.2 	-58.4 	2     	39.7     	254   	38.2       	10.9       	14488     	-84.7
3354      	17:56:09  	143.0 	-58.4 	2     	39.6     	254   	38.1       	10.9       	14496     	-84.7
3356      	17:56:11  	142.9 	-58.4 	2     	39.6     	254   	38.0       	11.0       	14503     	-84.7
3358      	17:56:13  	142.7 	-58.4 	2     	39.7     	254   	38.1       	11.1       	14510     	-84.6
3360      	17:56:15  	142.5 	-58.4 	2     	39.7     	254   	38.1       	11.1       	14518     	-84.6
3362      	17:56:17  	142.4 	-58.4 	2     	39.7     	254   	38.1       	11.1       	14526     	-84.6
3364      	17:56:19  	142.2 	-58.4 	2     	39.4     	254   	37.9       	10.9       	14533     	-84.6
3366      	17:56:21  	142.0 	-58.4 	2     	39.3     	254   	37.8       	10.7       	14541     	-84.6
3368      	17:56:23  	141.8 	-58.4 	2     	39.1     	254   	37.7       	10.5       	14549     	-84.5
3370      	17:56:25  	141.6 	-58.3 	2     	38.9     	255   	37.5       	10.3       	14557     	-84.6
3372      	17:56:27  	141.5 	-58.3 	2     	38.6     	255   	37.3       	10.0       	14566     	-84.6
3374      	17:56:29  	141.3 	-58.3 	2     	38.5     	255   	37.2       	9.8        	14574     	-84.6
3376      	17:56:31  	141.1 	-58.3 	2     	38.1     	256   	36.9       	9.4        	14582     	-84.7
3378      	17:56:33  	140.9 	-58.3 	2     	37.7     	256   	36.6       	9.0        	14590     	-84.7
3380      	17:56:35  	140.7 	-58.3 	2     	37.3     	257   	36.3       	8.7        	14598     	-84.7
3382      	17:56:37  	140.5 	-58.3 	2     	37.1     	257   	36.1       	8.4        	14606     	-84.8
3384      	17:56:39  	140.4 	-58.3 	2     	36.9     	257   	36.0       	8.3        	14615     	-84.8
3386      	17:56:41  	140.2 	-58.3 	2     	36.8     	257   	35.9       	8.1        	14623     	-84.8
3388      	17:56:43  	140.0 	-58.3 	2     	36.5     	257   	35.6       	7.9        	14632     	-84.8
3390      	17:56:45  	139.8 	-58.3 	2     	36.0     	258   	35.2       	7.4        	14642     	-84.8
3392      	17:56:47  	139.5 	-58.3 	2     	35.5     	259   	34.8       	6.9        	14652     	-84.8
3394      	17:56:49  	139.3 	-58.3 	2     	34.9     	259   	34.3       	6.4        	14662     	-84.8
3396      	17:56:51  	139.1 	-58.3 	2     	34.5     	260   	34.0       	6.0        	14670     	-84.8
3398      	17:56:53  	138.9 	-58.3 	2     	34.2     	261   	33.7       	5.6        	14679     	-84.8
3400      	17:56:55  	138.7 	-58.3 	2     	33.8     	261   	33.4       	5.3        	14688     	-84.7
3402      	17:56:57  	138.5 	-58.3 	2     	33.0     	262   	32.6       	4.8        	14697     	-84.7
3404      	17:56:59  	138.4 	-58.3 	2     	32.2     	262   	31.9       	4.3        	14706     	-84.7
3406      	17:57:01  	138.2 	-58.3 	2     	31.3     	263   	31.1       	3.8        	14714     	-84.7
3408      	17:57:03  	138.0 	-58.3 	2     	30.7     	264   	30.5       	3.4        	14722     	-84.7
3410      	17:57:05  	137.8 	-58.3 	2     	30.2     	264   	30.0       	3.3        	14730     	-84.7
3412      	17:57:07  	137.6 	-58.3 	2     	29.8     	264   	29.6       	3.2        	14738     	-84.7
3414      	17:57:09  	137.5 	-58.4 	2     	29.2     	264   	29.0       	3.0        	14746     	-84.7
3416      	17:57:11  	137.3 	-58.4 	2     	28.3     	264   	28.2       	2.8        	14754     	-84.7
3418      	17:57:13  	137.1 	-58.4 	2     	27.6     	264   	27.5       	2.7        	14761     	-84.7
3420      	17:57:15  	137.0 	-58.4 	2     	26.9     	265   	26.8       	2.5        	14769     	-84.7
3422      	17:57:17  	136.8 	-58.4 	2     	26.5     	265   	26.4       	2.5        	14776     	-84.6
3424      	17:57:19  	136.6 	-58.4 	2     	26.2     	265   	26.1       	2.4        	14784     	-84.6
3426      	17:57:21  	136.5 	-58.4 	2     	26.0     	265   	25.9       	2.4        	14791     	-84.6
3428      	17:57:23  	136.3 	-58.5 	2     	25.5     	265   	25.4       	2.3        	14799     	-84.6
3430      	17:57:25  	136.1 	-58.5 	2     	25.1     	265   	25.0       	2.1        	14807     	-84.6
3432      	17:57:27  	136.0 	-58.5 	2     	24.7     	265   	24.6       	2.0        	14815     	-84.7
3434      	17:57:29  	135.8 	-58.6 	2     	24.4     	266   	24.3       	1.9        	14823     	-84.7
3436      	17:57:31  	135.6 	-58.7 	2     	24.3     	266   	24.2       	1.8        	14831     	-84.7
3438      	17:57:33  	135.4 	-58.7 	2     	24.1     	266   	24.0       	1.7        	14839     	-84.8
3440      	17:57:35  	135.3 	-58.8 	2     	24.0     	266   	23.9       	1.6        	14847     	-84.8
3442      	17:57:37  	135.1 	-58.8 	2     	23.7     	266   	23.7       	1.5        	14855     	-84.8
3444      	17:57:39  	134.9 	-58.9 	2     	23.6     	267   	23.6       	1.3        	14863     	-84.8
3446      	17:57:41  	134.8 	-59.0 	2     	23.4     	267   	23.4       	1.2        	14871     	-84.8
3448      	17:57:43  	134.6 	-59.1 	2     	23.3     	267   	23.3       	1.2        	14878     	-84.8
3450      	17:57:45  	134.4 	-59.1 	2     	23.3     	267   	23.3       	1.1        	14886     	-84.8
3452      	17:57:47  	134.3 	-59.2 	2     	23.2     	267   	23.2       	1.1        	14894     	-84.8
3454      	17:57:49  	134.1 	-59.3 	2     	23.2     	268   	23.2       	0.9        	14902     	-84.8
3456      	17:57:51  	133.9 	-59.3 	2     	23.1     	268   	23.1       	0.7        	14911     	-84.8
3458      	17:57:53  	133.7 	-59.4 	2     	23.0     	269   	23.0       	0.5        	14919     	-84.9
3460      	17:57:55  	133.6 	-59.5 	2     	23.0     	269   	23.0       	0.3        	14927     	-84.9
3462      	17:57:57  	133.4 	-59.6 	2     	23.0     	270   	23.0       	0.1        	14935     	-84.9
3464      	17:57:59  	133.2 	-59.6 	2     	22.9     	270   	22.9       	0.0        	14944     	-85.0
3466      	17:58:01  	133.0 	-59.7 	2     	22.8     	271   	22.8       	-0.3       	14952     	-85.1
3468      	17:58:03  	132.8 	-59.8 	2     	22.8     	271   	22.8       	-0.5       	14960     	-85.1
3470      	17:58:05  	132.7 	-59.8 	2     	22.7     	272   	22.7       	-0.7       	14969     	-85.2
3472      	17:58:07  	132.5 	-59.9 	2     	22.6     	272   	22.6       	-0.9       	14977     	-85.2
3474      	17:58:09  	132.3 	-60.0 	2     	22.5     	273   	22.5       	-1.0       	14985     	-85.3
3476      	17:58:11  	132.2 	-60.0 	2     	22.4     	273   	22.4       	-1.1       	14992     	-85.3
3478      	17:58:13  	132.0 	-60.0 	2     	22.4     	273   	22.4       	-1.2       	15000     	-85.4
3480      	17:58:15  	131.8 	-60.1 	2     	22.3     	273   	22.3       	-1.3       	15009     	-85.4
3482      	17:58:17  	131.6 	-60.1 	2     	22.2     	274   	22.2       	-1.4       	15017     	-85.4
3484      	17:58:19  	131.5 	-60.1 	2     	22.3     	274   	22.2       	-1.5       	15025     	-85.5
3486      	17:58:21  	131.3 	-60.1 	2     	22.2     	274   	22.1       	-1.6       	15034     	-85.6
3488      	17:58:23  	131.1 	-60.1 	2     	22.2     	274   	22.1       	-1.6       	15042     	-85.7
3490      	17:58:25  	130.9 	-60.2 	2     	22.2     	274   	22.1       	-1.7       	15051     	-85.8
3492      	17:58:27  	130.8 	-60.2 	2     	22.3     	275   	22.2       	-1.8       	15059     	-85.8
3494      	17:58:29  	130.6 	-60.2 	2     	22.3     	275   	22.2       	-2.0       	15067     	-85.9
3496      	17:58:31  	130.4 	-60.2 	2     	22.3     	275   	22.2       	-2.1       	15075     	-85.9
3498      	17:58:33  	130.2 	-60.2 	2     	22.3     	276   	22.2       	-2.2       	15083     	-85.9
3500      	17:58:35  	130.1 	-60.2 	2     	22.4     	276   	22.3       	-2.3       	15092     	-85.8
3502      	17:58:37  	129.9 	-60.2 	2     	22.4     	276   	22.3       	-2.4       	15100     	-85.8
3504      	17:58:39  	129.7 	-60.3 	2     	22.5     	277   	22.3       	-2.6       	15108     	-85.8
3506      	17:58:41  	129.6 	-60.3 	2     	22.4     	277   	22.2       	-2.8       	15116     	-85.7
3508      	17:58:43  	129.4 	-60.3 	2     	22.3     	278   	22.1       	-3.1       	15124     	-85.7
3510      	17:58:45  	129.2 	-60.3 	2     	22.3     	278   	22.1       	-3.3       	15132     	-85.7
3512      	17:58:47  	129.1 	-60.3 	2     	22.3     	279   	22.0       	-3.4       	15141     	-85.7
3514      	17:58:49  	128.9 	-60.3 	2     	22.2     	279   	21.9       	-3.6       	15149     	-85.7
3516      	17:58:51  	128.7 	-60.3 	2     	22.1     	280   	21.8       	-3.7       	15157     	-85.7
3518      	17:58:53  	128.5 	-60.3 	2     	21.9     	281   	21.5       	-4.0       	15166     	-85.7
3520      	17:58:55  	128.4 	-60.4 	2     	21.7     	281   	21.3       	-4.3       	15174     	-85.8
3522      	17:58:57  	128.2 	-60.4 	2     	21.5     	282   	21.0       	-4.5       	15182     	-85.8
3524      	17:58:59  	128.0 	-60.4 	2     	21.3     	283   	20.8       	-4.7       	15190     	-85.9
3526      	17:59:01  	127.9 	-60.5 	2     	21.2     	283   	20.6       	-4.9       	15199     	-86.0
3528      	17:59:03  	127.7 	-60.5 	2     	21.0     	284   	20.4       	-5.0       	15207     	-86.0
3530      	17:59:05  	127.5 	-60.5 	2     	20.9     	284   	20.2       	-5.2       	15216     	-86.1
3532      	17:59:07  	127.3 	-60.5 	2     	20.5     	286   	19.7       	-5.5       	15225     	-86.1
3534      	17:59:09  	127.2 	-60.5 	2     	20.1     	287   	19.2       	-5.8       	15233     	-86.2
3536      	17:59:11  	127.0 	-60.5 	2     	19.8     	288   	18.8       	-6.1       	15242     	-86.2
3538      	17:59:13  	126.8 	-60.4 	2     	19.4     	289   	18.4       	-6.3       	15250     	-86.2
3540      	17:59:15  	126.6 	-60.4 	2     	19.2     	290   	18.1       	-6.5       	15258     	-86.2
3542      	17:59:17  	126.5 	-60.4 	2     	19.0     	290   	17.8       	-6.6       	15266     	-86.2
3544      	17:59:19  	126.3 	-60.4 	2     	18.6     	291   	17.3       	-6.7       	15274     	-86.2
3546      	17:59:21  	126.2 	-60.3 	2     	18.0     	292   	16.7       	-6.7       	15282     	-86.1
3548      	17:59:23  	126.0 	-60.3 	2     	17.5     	293   	16.1       	-6.8       	15291     	-86.1
3550      	17:59:25  	125.8 	-60.3 	2     	17.1     	293   	15.7       	-6.8       	15299     	-86.1
3552      	17:59:27  	125.7 	-60.2 	2     	16.8     	293   	15.4       	-6.6       	15307     	-86.1
3554      	17:59:29  	125.5 	-60.2 	2     	16.4     	293   	15.1       	-6.5       	15315     	-86.0
3556      	17:59:31  	125.3 	-60.2 	2     	16.0     	293   	14.7       	-6.2       	15324     	-86.0
3558      	17:59:33  	125.1 	-60.2 	2     	15.3     	292   	14.2       	-5.7       	15332     	-86.0
3560      	17:59:35  	125.0 	-60.1 	2     	14.6     	290   	13.7       	-5.1       	15341     	-86.0
3562      	17:59:37  	124.8 	-60.1 	2     	14.0     	289   	13.2       	-4.6       	15349     	-85.9
3564      	17:59:39  	124.6 	-60.1 	2     	13.6     	288   	12.9       	-4.2       	15357     	-85.9
3566      	17:59:41  	124.5 	-60.0 	2     	13.3     	287   	12.7       	-3.8       	15365     	-85.9
3568      	17:59:43  	124.3 	-60.0 	2     	13.0     	285   	12.5       	-3.4       	15373     	-85.8
3570      	17:59:45  	124.2 	-60.0 	2     	12.4     	283   	12.1       	-2.7       	15381     	-85.8
3572      	17:59:47  	124.0 	-60.0 	2     	12.0     	279   	11.8       	-1.9       	15389     	-85.8
3574      	17:59:49  	123.9 	-60.0 	2     	11.5     	276   	11.4       	-1.2       	15397     	-85.7
3576      	17:59:51  	123.7 	-60.0 	2     	11.1     	273   	11.1       	-0.6       	15405     	-85.7
3578      	17:59:53  	123.5 	-60.0 	2     	10.9     	272   	10.9       	-0.3       	15413     	-85.7
3580      	17:59:55  	123.4 	-60.0 	2     	10.8     	269   	10.8       	0.1        	15421     	-85.6
3582      	17:59:57  	123.2 	-60.0 	2     	10.6     	267   	10.6       	0.5        	15429     	-85.6
3584      	17:59:59  	123.1 	-60.1 	2     	10.5     	263   	10.4       	1.2        	15437     	-85.6
3586      	18:00:01  	122.9 	-60.1 	2     	10.4     	259   	10.2       	1.9        	15445     	-85.6
3588      	18:00:03  	122.7 	-60.1 	2     	10.3     	255   	10.0       	2.6        	15453     	-85.6
3590      	18:00:05  	122.6 	-60.2 	2     	10.4     	254   	10.0       	2.9        	15462     	-85.7
3592      	18:00:07  	122.4 	-60.2 	2     	10.4     	252   	9.9        	3.3        	15470     	-85.7
3594      	18:00:09  	122.3 	-60.3 	2     	10.5     	250   	9.9        	3.6        	15478     	-85.8
3596      	18:00:11  	122.1 	-60.3 	2     	10.7     	247   	9.8        	4.2        	15486     	-85.8
3598      	18:00:13  	121.9 	-60.3 	2     	10.9     	243   	9.7        	4.9        	15494     	-85.8
3600      	18:00:15  	121.8 	-60.4 	2     	11.2     	240   	9.7        	5.6        	15502     	-85.8
3602      	18:00:17  	121.6 	-60.4 	2     	11.4     	238   	9.6        	6.1        	15510     	-85.8
3604      	18:00:19  	121.5 	-60.4 	2     	11.5     	236   	9.6        	6.4        	15518     	-85.8
3606      	18:00:21  	121.3 	-60.5 	2     	11.7     	235   	9.6        	6.7        	15525     	-85.8
3608      	18:00:23  	121.2 	-60.5 	2     	11.9     	234   	9.6        	7.1        	15534     	-85.8
3610      	18:00:25  	121.0 	-60.6 	2     	12.3     	233   	9.8        	7.5        	15542     	-85.8
3612      	18:00:27  	120.9 	-60.6 	2     	12.7     	231   	9.9        	7.9        	15550     	-85.8
3614      	18:00:29  	120.7 	-60.7 	2     	13.1     	230   	10.0       	8.4        	15558     	-85.8
3616      	18:00:31  	120.5 	-60.7 	2     	13.3     	230   	10.2       	8.5        	15566     	-85.8
3618      	18:00:33  	120.4 	-60.8 	2     	13.4     	230   	10.3       	8.6        	15574     	-85.8
3620      	18:00:35  	120.2 	-60.8 	2     	13.6     	230   	10.5       	8.7        	15582     	-85.9
3622      	18:00:37  	120.1 	-60.9 	2     	14.0     	231   	10.8       	8.9        	15590     	-85.9
3624      	18:00:39  	119.9 	-60.9 	2     	14.4     	231   	11.2       	9.1        	15598     	-85.9
3626      	18:00:41  	119.8 	-60.9 	2     	14.8     	231   	11.5       	9.3        	15606     	-85.9
3628      	18:00:43  	119.6 	-61.0 	2     	15.1     	231   	11.8       	9.4        	15615     	-86.0
3630      	18:00:45  	119.4 	-61.0 	2     	15.3     	232   	12.0       	9.5        	15623     	-86.0
3632      	18:00:47  	119.3 	-61.1 	2     	15.5     	232   	12.2       	9.6        	15631     	-86.1
3634      	18:00:49  	119.1 	-61.1 	2     	15.9     	232   	12.5       	9.9        	15639     	-86.1
3636      	18:00:51  	119.0 	-61.2 	2     	16.4     	232   	12.9       	10.2       	15647     	-86.2
3638      	18:00:53  	118.8 	-61.2 	2     	16.9     	231   	13.2       	10.5       	15655     	-86.3
3640      	18:00:55  	118.7 	-61.2 	2     	17.2     	232   	13.5       	10.7       	15662     	-86.3
3642      	18:00:57  	118.5 	-61.3 	2     	17.4     	231   	13.6       	10.9       	15671     	-86.4
3644      	18:00:59  	118.4 	-61.3 	2     	17.7     	231   	13.8       	11.1       	15679     	-86.4
3646      	18:01:01  	118.2 	-61.3 	2     	18.0     	230   	13.9       	11.5       	15687     	-86.4
3648      	18:01:03  	118.1 	-61.4 	2     	18.5     	230   	14.1       	11.9       	15695     	-86.4
3650      	18:01:05  	117.9 	-61.4 	2     	18.9     	229   	14.3       	12.4       	15702     	-86.4
3652      	18:01:07  	117.8 	-61.5 	2     	19.3     	228   	14.4       	12.9       	15710     	-86.5
3654      	18:01:09  	117.6 	-61.5 	2     	19.6     	228   	14.5       	13.2       	15718     	-86.5
3656      	18:01:11  	117.5 	-61.5 	2     	19.8     	227   	14.6       	13.4       	15726     	-86.5
3658      	18:01:13  	117.3 	-61.6 	2     	20.0     	227   	14.6       	13.7       	15734     	-86.5
3660      	18:01:15  	117.2 	-61.6 	2     	20.5     	226   	14.8       	14.2       	15742     	-86.6
3662      	18:01:17  	117.0 	-61.6 	2     	21.0     	226   	15.0       	14.7       	15750     	-86.6
3664      	18:01:19  	116.9 	-61.6 	2     	21.4     	225   	15.1       	15.2       	15758     	-86.6
3666      	18:01:21  	116.7 	-61.6 	2     	21.8     	225   	15.3       	15.5       	15765     	-86.6
3668      	18:01:23  	116.6 	-61.7 	2     	22.1     	224   	15.4       	15.8       	15773     	-86.6
3670      	18:01:25  	116.4 	-61.7 	2     	22.3     	224   	15.5       	16.0       	15780     	-86.6
3672      	18:01:27  	116.3 	-61.7 	2     	22.6     	224   	15.7       	16.3       	15788     	-86.6
3674      	18:01:29  	116.1 	-61.7 	2     	23.1     	224   	15.9       	16.7       	15796     	-86.6
3676      	18:01:31  	116.0 	-61.8 	2     	23.6     	223   	16.1       	17.2       	15804     	-86.6
3678      	18:01:33  	115.8 	-61.8 	2     	24.0     	223   	16.3       	17.6       	15812     	-86.6
3680      	18:01:35  	115.7 	-61.8 	2     	24.2     	222   	16.3       	17.9       	15820     	-86.6
3682      	18:01:37  	115.6 	-61.8 	2     	24.4     	222   	16.4       	18.1       	15828     	-86.7
3684      	18:01:39  	115.4 	-61.9 	2     	24.6     	222   	16.5       	18.3       	15836     	-86.7
3686      	18:01:41  	115.3 	-61.9 	2     	24.9     	222   	16.7       	18.5       	15844     	-86.7
3688      	18:01:43  	115.1 	-61.9 	2     	25.1     	222   	16.8       	18.6       	15851     	-86.7
3690      	18:01:45  	115.0 	-61.9 	2     	25.3     	222   	17.0       	18.8       	15859     	-86.7
3692      	18:01:47  	114.8 	-62.0 	2     	25.6     	222   	17.2       	18.9       	15867     	-86.8
3694      	18:01:49  	114.7 	-62.0 	2     	25.5     	223   	17.3       	18.8       	15875     	-86.8
3696      	18:01:51  	114.5 	-62.0 	2     	25.6     	223   	17.4       	18.8       	15883     	-86.8
3698      	18:01:53  	114.4 	-62.1 	2     	25.7     	223   	17.6       	18.7       	15891     	-86.9
3700      	18:01:55  	114.2 	-62.1 	2     	25.8     	224   	17.9       	18.6       	15899     	-86.9
3702      	18:01:57  	114.1 	-62.1 	2     	25.9     	225   	18.2       	18.4       	15907     	-86.9
3704      	18:01:59  	113.9 	-62.1 	2     	26.0     	225   	18.5       	18.3       	15915     	-86.9
3706      	18:02:01  	113.8 	-62.1 	2     	26.1     	226   	18.7       	18.2       	15923     	-86.9
3708      	18:02:03  	113.6 	-62.1 	2     	26.1     	226   	18.8       	18.1       	15931     	-86.9
3710      	18:02:05  	113.5 	-62.2 	2     	26.2     	227   	19.0       	18.0       	15939     	-86.9
3712      	18:02:07  	113.3 	-62.2 	2     	26.3     	227   	19.3       	17.8       	15947     	-86.9
3714      	18:02:09  	113.2 	-62.2 	2     	26.3     	228   	19.6       	17.6       	15955     	-86.9
3716      	18:02:11  	113.1 	-62.2 	2     	26.5     	229   	19.9       	17.5       	15963     	-86.9
3718      	18:02:13  	112.9 	-62.3 	2     	26.5     	229   	20.1       	17.3       	15971     	-86.9
3720      	18:02:15  	112.8 	-62.3 	2     	26.6     	229   	20.2       	17.3       	15979     	-86.9
3722      	18:02:17  	112.6 	-62.3 	2     	26.7     	230   	20.4       	17.2       	15987     	-87.0
3724      	18:02:19  	112.5 	-62.3 	2     	26.6     	230   	20.5       	17.0       	15995     	-87.0
3726      	18:02:21  	112.3 	-62.4 	2     	26.5     	231   	20.7       	16.5       	16003     	-87.0
3728      	18:02:23  	112.2 	-62.4 	2     	26.3     	232   	20.8       	16.1       	16011     	-87.0
3730      	18:02:25  	112.0 	-62.4 	2     	26.2     	233   	21.0       	15.7       	16020     	-87.0
3732      	18:02:27  	111.9 	-62.4 	2     	26.0     	234   	21.0       	15.4       	16028     	-87.1
3734      	18:02:29  	111.7 	-62.4 	2     	25.8     	234   	21.0       	15.0       	16036     	-87.1
3736      	18:02:31  	111.6 	-62.5 	2     	25.6     	235   	21.0       	14.7       	16044     	-87.1
3738      	18:02:33  	111.4 	-62.5 	2     	25.3     	236   	20.9       	14.2       	16052     	-87.1
3740      	18:02:35  	111.3 	-62.5 	2     	24.9     	237   	20.8       	13.7       	16060     	-87.0
3742      	18:02:37  	111.1 	-62.5 	2     	24.5     	237   	20.6       	13.2       	16068     	-87.0
3744      	18:02:39  	111.0 	-62.5 	2     	24.2     	238   	20.5       	12.8       	16076     	-87.0
3746      	18:02:41  	110.9 	-62.5 	2     	24.0     	238   	20.4       	12.6       	16084     	-87.0
3748      	18:02:43  	110.7 	-62.6 	2     	23.8     	238   	20.3       	12.5       	16092     	-87.0
3750      	18:02:45  	110.6 	-62.6 	2     	23.5     	238   	20.0       	12.3       	16100     	-87.0
3752      	18:02:47  	110.4 	-62.6 	2     	23.0     	238   	19.6       	12.1       	16108     	-87.0
3754      	18:02:49  	110.3 	-62.7 	2     	22.5     	238   	19.2       	11.8       	16116     	-87.0
3756      	18:02:51  	110.1 	-62.7 	2     	22.1     	238   	18.8       	11.6       	16125     	-87.0
3758      	18:02:53  	110.0 	-62.7 	2     	21.9     	238   	18.6       	11.5       	16133     	-87.0
3760      	18:02:55  	109.8 	-62.8 	2     	21.6     	238   	18.3       	11.5       	16141     	-87.0
3762      	18:02:57  	109.7 	-62.8 	2     	21.3     	238   	18.0       	11.4       	16149     	-87.0
3764      	18:02:59  	109.5 	-62.9 	2     	20.7     	238   	17.5       	11.1       	16157     	-87.1
3766      	18:03:01  	109.4 	-62.9 	2     	20.1     	238   	17.0       	10.8       	16165     	-87.1
3768      	18:03:03  	109.3 	-62.9 	2     	19.6     	238   	16.5       	10.5       	16173     	-87.2
3770      	18:03:05  	109.1 	-62.9 	2     	19.1     	238   	16.2       	10.2       	16182     	-87.2
3772      	18:03:07  	109.0 	-63.0 	2     	18.8     	238   	15.9       	10.0       	16190     	-87.2
3774      	18:03:09  	108.8 	-63.0 	2     	18.5     	238   	15.7       	9.8        	16198     	-87.3
3776      	18:03:11  	108.7 	-63.1 	2     	18.1     	238   	15.4       	9.5        	16206     	-87.3
3778      	18:03:13  	108.5 	-63.1 	2     	17.5     	239   	15.0       	9.1        	16215     	-87.4
3780      	18:03:15  	108.4 	-63.1 	2     	16.9     	239   	14.5       	8.7        	16223     	-87.4
3782      	18:03:17  	108.2 	-63.2 	2     	16.4     	240   	14.1       	8.3        	16231     	-87.4
3784      	18:03:19  	108.1 	-63.2 	2     	16.0     	240   	13.9       	8.0        	16239     	-87.5
3786      	18:03:21  	108.0 	-63.2 	2     	15.7     	240   	13.6       	7.9        	16247     	-87.5
3788      	18:03:23  	107.8 	-63.3 	2     	15.5     	240   	13.4       	7.7        	16255     	-87.6
3790      	18:03:25  	107.7 	-63.3 	2     	14.9     	241   	13.0       	7.3        	16263     	-87.6
3792      	18:03:27  	107.5 	-63.4 	2     	14.3     	241   	12.5       	7.0        	16272     	-87.7
3794      	18:03:29  	107.4 	-63.4 	2     	13.8     	241   	12.1       	6.7        	16280     	-87.7
3796      	18:03:31  	107.2 	-63.4 	2     	13.3     	241   	11.7       	6.4        	16288     	-87.7
3798      	18:03:33  	107.1 	-63.5 	2     	13.1     	241   	11.5       	6.3        	16297     	-87.7
3800      	18:03:35  	106.9 	-63.5 	2     	12.8     	241   	11.2       	6.1        	16305     	-87.8
3802      	18:03:37  	106.8 	-63.6 	2     	12.3     	241   	10.8       	5.9        	16314     	-87.8
3804      	18:03:39  	106.6 	-63.6 	2     	11.7     	241   	10.3       	5.6        	16323     	-87.8
3806      	18:03:41  	106.5 	-63.7 	2     	11.2     	241   	9.8        	5.4        	16331     	-87.8
3808      	18:03:43  	106.3 	-63.7 	2     	10.6     	241   	9.3        	5.1        	16340     	-87.8
3810      	18:03:45  	106.2 	-63.7 	2     	10.3     	241   	9.0        	5.0        	16348     	-87.8
3812      	18:03:47  	106.0 	-63.8 	2     	9.9      	241   	8.7        	4.8        	16357     	-87.9
3814      	18:03:49  	105.9 	-63.8 	2     	9.5      	241   	8.3        	4.6        	16366     	-87.9
3816      	18:03:51  	105.7 	-63.9 	2     	8.8      	241   	7.7        	4.3        	16375     	-87.9
3818      	18:03:53  	105.6 	-63.9 	2     	8.0      	241   	7.0        	3.9        	16383     	-87.9
3820      	18:03:55  	105.4 	-63.9 	2     	7.3      	241   	6.4        	3.6        	16392     	-87.9
3822      	18:03:57  	105.3 	-63.9 	2     	6.8      	241   	6.0        	3.3        	16402     	-88.0
3824      	18:03:59  	105.1 	-63.9 	2     	6.4      	241   	5.6        	3.1        	16411     	-88.0
3826      	18:04:01  	105.0 	-63.9 	2     	5.9      	242   	5.2        	2.8        	16420     	-88.0
3828      	18:04:03  	104.8 	-63.9 	2     	5.2      	241   	4.6        	2.5        	16429     	-88.0
3830      	18:04:05  	104.7 	-63.9 	2     	4.5      	241   	3.9        	2.2        	16437     	-88.0
3832      	18:04:07  	104.5 	-63.9 	2     	3.8      	240   	3.3        	1.9        	16446     	-88.1
3834      	18:04:09  	104.4 	-63.9 	2     	3.3      	239   	2.8        	1.7        	16455     	-88.1
3836      	18:04:11  	104.2 	-63.9 	2     	3.0      	237   	2.5        	1.6        	16463     	-88.1
3838      	18:04:13  	104.1 	-63.9 	2     	2.7      	234   	2.2        	1.6        	16472     	-88.2
3840      	18:04:15  	103.9 	-63.9 	2     	2.5      	230   	1.9        	1.6        	16480     	-88.2
3842      	18:04:17  	103.8 	-63.9 	2     	2.5      	222   	1.7        	1.9        	16489     	-88.2
3844      	18:04:19  	103.6 	-63.9 	2     	2.6      	216   	1.5        	2.1        	16497     	-88.2
3846      	18:04:21  	103.5 	-63.9 	2     	2.7      	208   	1.3        	2.4        	16505     	-88.2
3848      	18:04:23  	103.4 	-63.9 	2     	3.0      	206   	1.3        	2.7        	16513     	-88.3
3850      	18:04:25  	103.2 	-64.0 	2     	3.4      	204   	1.4        	3.1        	16522     	-88.3
3852      	18:04:27  	103.1 	-64.0 	2     	3.7      	204   	1.5        	3.4        	16530     	-88.2
3854      	18:04:29  	102.9 	-64.0 	2     	4.4      	203   	1.7        	4.1        	16539     	-88.2
3856      	18:04:31  	102.8 	-64.0 	2     	5.1      	202   	1.9        	4.7        	16547     	-88.2
3858      	18:04:33  	102.7 	-64.0 	2     	5.8      	201   	2.1        	5.4        	16555     	-88.1
3860      	18:04:35  	102.5 	-64.0 	2     	6.4      	201   	2.3        	6.0        	16563     	-88.1
3862      	18:04:37  	102.4 	-64.0 	2     	6.7      	201   	2.4        	6.3        	16571     	-88.1
3864      	18:04:39  	102.3 	-64.1 	2     	7.2      	201   	2.6        	6.7        	16579     	-88.0
3866      	18:04:41  	102.1 	-64.1 	2     	7.6      	201   	2.7        	7.1        	16588     	-88.0
3868      	18:04:43  	102.0 	-64.1 	2     	8.2      	201   	2.9        	7.7        	16596     	-88.0
3870      	18:04:45  	101.8 	-64.2 	2     	8.8      	201   	3.1        	8.2        	16605     	-88.1
3872      	18:04:47  	101.7 	-64.2 	2     	9.4      	201   	3.3        	8.8        	16613     	-88.1
3874      	18:04:49  	101.6 	-64.3 	2     	9.6      	201   	3.4        	9.0        	16621     	-88.1
3876      	18:04:51  	101.4 	-64.3 	2     	9.8      	200   	3.4        	9.2        	16629     	-88.2
3878      	18:04:53  	101.3 	-64.4 	2     	10.1     	200   	3.5        	9.5        	16638     	-88.2
3880      	18:04:55  	101.2 	-64.5 	2     	10.3     	200   	3.6        	9.7        	16646     	-88.3
3882      	18:04:57  	101.0 	-64.5 	2     	10.7     	201   	3.8        	10.0       	16654     	-88.3
3884      	18:04:59  	100.9 	-64.6 	2     	11.1     	201   	3.9        	10.4       	16663     	-88.3
3886      	18:05:01  	100.7 	-64.6 	2     	11.3     	201   	4.0        	10.6       	16671     	-88.3
3888      	18:05:03  	100.6 	-64.7 	2     	11.5     	201   	4.1        	10.7       	16680     	-88.3
3890      	18:05:05  	100.5 	-64.8 	2     	11.6     	201   	4.2        	10.8       	16688     	-88.4
3892      	18:05:07  	100.3 	-64.8 	2     	11.7     	202   	4.4        	10.8       	16696     	-88.4
3894      	18:05:09  	100.2 	-64.9 	2     	11.7     	203   	4.6        	10.8       	16705     	-88.4
3896      	18:05:11  	100.0 	-65.0 	2     	11.8     	204   	4.8        	10.8       	16713     	-88.5
3898      	18:05:13  	99.9  	-65.0 	2     	11.9     	205   	5.0        	10.8       	16722     	-88.5
3900      	18:05:15  	99.8  	-65.1 	2     	11.9     	206   	5.2        	10.7       	16730     	-88.5
3902      	18:05:17  	99.6  	-65.1 	2     	11.9     	207   	5.3        	10.6       	16739     	-88.6
3904      	18:05:19  	99.5  	-65.2 	2     	11.8     	207   	5.4        	10.5       	16747     	-88.6
3906      	18:05:21  	99.4  	-65.2 	2     	11.9     	209   	5.7        	10.4       	16755     	-88.6
3908      	18:05:23  	99.2  	-65.2 	2     	11.9     	211   	6.1        	10.2       	16764     	-88.6
3910      	18:05:25  	99.1  	-65.3 	2     	12.0     	213   	6.5        	10.1       	16772     	-88.6
3912      	18:05:27  	98.9  	-65.3 	2     	12.1     	214   	6.8        	10.0       	16780     	-88.7
3914      	18:05:29  	98.8  	-65.3 	2     	12.2     	215   	7.0        	10.0       	16789     	-88.7
3916      	18:05:31  	98.7  	-65.3 	2     	12.2     	216   	7.2        	9.9        	16797     	-88.7
3918      	18:05:33  	98.6  	-65.3 	2     	12.5     	218   	7.6        	9.9        	16805     	-88.8
3920      	18:05:35  	98.4  	-65.3 	2     	12.7     	219   	8.0        	9.8        	16813     	-88.9
3922      	18:05:37  	98.3  	-65.3 	2     	12.9     	221   	8.5        	9.7        	16821     	-88.9
3924      	18:05:39  	98.2  	-65.4 	2     	13.2     	223   	9.0        	9.6        	16829     	-88.9
3926      	18:05:41  	98.0  	-65.4 	2     	13.3     	224   	9.3        	9.5        	16837     	-89.0
3928      	18:05:43  	97.9  	-65.4 	2     	13.4     	225   	9.5        	9.5        	16846     	-89.0
3930      	18:05:45  	97.8  	-65.4 	2     	13.6     	226   	9.8        	9.4        	16854     	-89.0
3932      	18:05:47  	97.6  	-65.4 	2     	13.7     	227   	10.1       	9.3        	16862     	-88.9
3934      	18:05:49  	97.5  	-65.4 	2     	13.8     	228   	10.3       	9.2        	16870     	-88.9
3936      	18:05:51  	97.4  	-65.4 	2     	14.0     	229   	10.6       	9.1        	16878     	-88.9
3938      	18:05:53  	97.2  	-65.3 	2     	14.1     	230   	10.8       	9.0        	16886     	-88.8
3940      	18:05:55  	97.1  	-65.3 	2     	14.1     	230   	10.8       	9.0        	16894     	-88.8
3942      	18:05:57  	97.0  	-65.3 	2     	14.1     	231   	10.9       	8.9        	16902     	-88.8
3944      	18:05:59  	96.9  	-65.3 	2     	14.0     	231   	10.9       	8.8        	16911     	-88.8
3946      	18:06:01  	96.7  	-65.3 	2     	13.8     	231   	10.8       	8.6        	16919     	-88.8
3948      	18:06:03  	96.6  	-65.3 	2     	13.6     	232   	10.8       	8.3        	16927     	-88.9
3950      	18:06:05  	96.5  	-65.3 	2     	13.4     	233   	10.7       	8.1        	16935     	-88.9
3952      	18:06:07  	96.3  	-65.3 	2     	13.2     	233   	10.6       	7.9        	16943     	-88.9
3954      	18:06:09  	96.2  	-65.3 	2     	13.0     	234   	10.5       	7.7        	16951     	-88.9
3956      	18:06:11  	96.1  	-65.3 	2     	12.8     	235   	10.5       	7.4        	16959     	-88.8
3958      	18:06:13  	96.0  	-65.3 	2     	12.6     	236   	10.4       	7.1        	16966     	-88.8
3960      	18:06:15  	95.8  	-65.3 	2     	12.3     	237   	10.3       	6.8        	16974     	-88.8
3962      	18:06:17  	95.7  	-65.3 	2     	12.0     	238   	10.2       	6.4        	16982     	-88.8
3964      	18:06:19  	95.6  	-65.3 	2     	11.9     	238   	10.1       	6.2        	16991     	-88.9
3966      	18:06:21  	95.5  	-65.3 	2     	11.8     	239   	10.1       	6.1        	16999     	-88.9
3968      	18:06:23  	95.3  	-65.4 	2     	11.7     	240   	10.1       	5.9        	17007     	-89.0
3970      	18:06:25  	95.2  	-65.4 	2     	11.5     	241   	10.0       	5.6        	17015     	-89.0
3972      	18:06:27  	95.1  	-65.4 	2     	11.2     	242   	9.9        	5.3        	17023     	-89.0
3974      	18:06:29  	95.0  	-65.4 	2     	11.0     	243   	9.8        	5.1        	17031     	-89.0
3976      	18:06:31  	94.8  	-65.4 	2     	10.8     	244   	9.7        	4.8        	17039     	-89.1
3978      	18:06:33  	94.7  	-65.4 	2     	10.6     	244   	9.6        	4.6        	17047     	-89.1
3980      	18:06:35  	94.6  	-65.4 	2     	10.5     	245   	9.5        	4.5        	17056     	-89.1
3982      	18:06:37  	94.4  	-65.4 	2     	10.3     	246   	9.4        	4.2        	17064     	-89.1
3984      	18:06:39  	94.3  	-65.4 	2     	10.1     	247   	9.3        	3.9        	17072     	-89.0
3986      	18:06:41  	94.2  	-65.4 	2     	9.7      	249   	9.1        	3.5        	17079     	-89.0
3988      	18:06:43  	94.1  	-65.3 	2     	9.6      	250   	9.0        	3.2        	17087     	-89.0
3990      	18:06:45  	94.0  	-65.3 	2     	9.4      	251   	8.9        	3.0        	17095     	-89.0
3992      	18:06:47  	93.8  	-65.3 	2     	9.3      	253   	8.9        	2.8        	17103     	-89.0
3994      	18:06:49  	93.7  	-65.2 	2     	9.2      	254   	8.8        	2.6        	17111     	-89.0
3996      	18:06:51  	93.6  	-65.2 	2     	8.8      	255   	8.5        	2.3        	17119     	-89.0
3998      	18:06:53  	93.5  	-65.2 	2     	8.4      	256   	8.2        	2.0        	17127     	-89.0
4000      	18:06:55  	93.3  	-65.1 	2     	8.1      	259   	7.9        	1.6        	17135     	-89.0
4002      	18:06:57  	93.2  	-65.1 	2     	7.8      	260   	7.7        	1.4        	17143     	-89.0
4004      	18:06:59  	93.1  	-65.1 	2     	7.5      	261   	7.4        	1.2        	17151     	-88.9
4006      	18:07:01  	93.0  	-65.0 	2     	7.3      	261   	7.2        	1.1        	17160     	-88.9
4008      	18:07:03  	92.8  	-64.9 	2     	6.9      	262   	6.8        	0.9        	17168     	-88.8
4010      	18:07:05  	92.7  	-64.8 	2     	6.4      	263   	6.4        	0.8        	17176     	-88.6
4012      	18:07:07  	92.6  	-64.8 	2     	6.0      	264   	6.0        	0.6        	17184     	-88.5
4014      	18:07:09  	92.5  	-64.7 	2     	5.6      	265   	5.6        	0.5        	17192     	-88.4
4016      	18:07:11  	92.4  	-64.6 	2     	5.4      	265   	5.4        	0.5        	17200     	-88.4
4018      	18:07:13  	92.2  	-64.4 	2     	5.2      	265   	5.2        	0.5        	17207     	-88.3
4020      	18:07:15  	92.1  	-64.3 	2     	5.0      	264   	5.0        	0.5        	17215     	-88.3
4022      	18:07:17  	92.0  	-64.2 	2     	4.7      	265   	4.7        	0.4        	17223     	-88.2
4024      	18:07:19  	91.9  	-64.1 	2     	4.4      	266   	4.4        	0.3        	17231     	-88.2
4026      	18:07:21  	91.8  	-64.0 	2     	4.1      	266   	4.1        	0.3        	17238     	-88.2
4028      	18:07:23  	91.7  	-63.9 	2     	3.9      	267   	3.9        	0.2        	17246     	-88.1
4030      	18:07:25  	91.5  	-63.8 	2     	3.7      	268   	3.7        	0.1        	17254     	-88.0
4032      	18:07:27  	91.4  	-63.8 	2     	3.6      	268   	3.6        	0.1        	17263     	-88.0
4034      	18:07:29  	91.3  	-63.7 	2     	3.3      	270   	3.3        	0.0        	17271     	-87.9
4036      	18:07:31  	91.2  	-63.6 	2     	2.9      	274   	2.9        	-0.2       	17279     	-87.9
4038      	18:07:33  	91.1  	-63.6 	2     	2.5      	279   	2.5        	-0.4       	17287     	-87.8
4040      	18:07:35  	90.9  	-63.5 	2     	2.1      	284   	2.0        	-0.5       	17294     	-87.8
4042      	18:07:37  	90.8  	-63.4 	2     	1.8      	289   	1.7        	-0.6       	17302     	-87.7
4044      	18:07:39  	90.7  	-63.4 	2     	1.6      	297   	1.4        	-0.7       	17310     	-87.7
4046      	18:07:41  	90.6  	-63.3 	2     	1.4      	306   	1.1        	-0.8       	17318     	-87.6
4048      	18:07:43  	90.5  	-63.2 	2     	1.0      	323   	0.6        	-0.8       	17326     	-87.6
4050      	18:07:45  	90.3  	-63.2 	2     	0.7      	352   	0.1        	-0.7       	17335     	-87.5
4052      	18:07:47  	90.2  	-63.1 	2     	0.8      	040   	-0.5       	-0.6       	17343     	-87.4
4054      	18:07:49  	90.1  	-63.1 	2     	1.0      	066   	-0.9       	-0.4       	17351     	-87.4
4056      	18:07:51  	90.0  	-63.0 	2     	1.1      	075   	-1.1       	-0.3       	17359     	-87.3
4058      	18:07:53  	89.9  	-63.0 	2     	1.3      	086   	-1.3       	-0.1       	17368     	-87.3
4060      	18:07:55  	89.7  	-63.0 	2     	1.6      	101   	-1.6       	0.3        	17376     	-87.3
4062      	18:07:57  	89.6  	-63.0 	2     	2.1      	113   	-1.9       	0.8        	17384     	-87.3
4064      	18:07:59  	89.5  	-63.0 	2     	2.6      	121   	-2.2       	1.3        	17392     	-87.3
4066      	18:08:01  	89.4  	-63.0 	2     	3.1      	126   	-2.5       	1.8        	17400     	-87.3
4068      	18:08:03  	89.3  	-63.0 	2     	3.4      	128   	-2.7       	2.1        	17409     	-87.3
4070      	18:08:05  	89.1  	-63.1 	2     	3.7      	131   	-2.8       	2.4        	17417     	-87.3
4072      	18:08:07  	89.0  	-63.1 	2     	4.0      	133   	-2.9       	2.7        	17425     	-87.4
4074      	18:08:09  	88.9  	-63.1 	2     	4.2      	135   	-3.0       	3.0        	17433     	-87.4
4076      	18:08:11  	88.8  	-63.2 	2     	4.6      	138   	-3.1       	3.4        	17441     	-87.4
4078      	18:08:13  	88.7  	-63.2 	2     	5.0      	140   	-3.2       	3.8        	17449     	-87.4
4080      	18:08:15  	88.6  	-63.2 	2     	5.1      	141   	-3.2       	4.0        	17457     	-87.4
4082      	18:08:17  	88.5  	-63.3 	2     	5.1      	141   	-3.2       	4.0        	17465     	-87.5
4084      	18:08:19  	88.3  	-63.3 	2     	5.1      	143   	-3.1       	4.1        	17473     	-87.5
4086      	18:08:21  	88.2  	-63.4 	2     	5.1      	143   	-3.1       	4.1        	17481     	-87.5
4088      	18:08:23  	88.1  	-63.4 	2     	5.1      	142   	-3.1       	4.0        	17489     	-87.5
4090      	18:08:25  	88.0  	-63.4 	2     	5.0      	142   	-3.1       	3.9        	17497     	-87.5
4092      	18:08:27  	87.9  	-63.5 	2     	4.9      	141   	-3.1       	3.8        	17505     	-87.5
4094      	18:08:29  	87.8  	-63.5 	2     	4.8      	140   	-3.1       	3.7        	17514     	-87.5
4096      	18:08:31  	87.6  	-63.5 	2     	4.8      	139   	-3.1       	3.6        	17522     	-87.5
4098      	18:08:33  	87.5  	-63.5 	2     	4.7      	138   	-3.2       	3.5        	17530     	-87.5
4100      	18:08:35  	87.4  	-63.5 	2     	4.4      	135   	-3.1       	3.1        	17538     	-87.5
4102      	18:08:37  	87.3  	-63.5 	2     	4.0      	132   	-3.0       	2.7        	17547     	-87.4
4104      	18:08:39  	87.2  	-63.5 	2     	3.8      	129   	-3.0       	2.4        	17555     	-87.4
4106      	18:08:41  	87.1  	-63.5 	2     	3.5      	125   	-2.9       	2.0        	17563     	-87.4
4108      	18:08:43  	86.9  	-63.4 	2     	3.3      	123   	-2.8       	1.8        	17571     	-87.4
4110      	18:08:45  	86.8  	-63.4 	2     	3.1      	121   	-2.7       	1.6        	17579     	-87.4
4112      	18:08:47  	86.7  	-63.4 	2     	2.8      	111   	-2.6       	1.0        	17587     	-87.4
4114      	18:08:49  	86.6  	-63.4 	2     	2.4      	092   	-2.4       	0.1        	17595     	-87.4
4116      	18:08:51  	86.5  	-63.2 	2     	2.4      	068   	-2.2       	-0.9       	17603     	-87.3
4118      	18:08:53  	86.4  	-63.2 	2     	2.8      	046   	-2.0       	-1.9       	17611     	-87.3
4120      	18:08:55  	86.3  	-63.1 	2     	3.2      	036   	-1.9       	-2.6       	17619     	-87.3
4122      	18:08:57  	86.1  	-63.1 	2     	3.8      	028   	-1.8       	-3.4       	17627     	-87.3
4124      	18:08:59  	86.0  	-63.0 	2     	4.5      	024   	-1.8       	-4.1       	17635     	-87.3
4126      	18:09:01  	85.9  	-63.0 	2     	5.3      	021   	-1.9       	-4.9       	17643     	-87.2
4128      	18:09:03  	85.8  	-62.9 	2     	6.1      	019   	-2.0       	-5.8       	17651     	-87.2
4130      	18:09:05  	85.7  	-62.9 	2     	6.9      	018   	-2.1       	-6.6       	17659     	-87.2
4132      	18:09:07  	85.6  	-62.8 	2     	7.4      	017   	-2.2       	-7.1       	17667     	-87.1
4134      	18:09:09  	85.5  	-62.7 	2     	7.6      	018   	-2.4       	-7.2       	17675     	-87.1
4136      	18:09:11  	85.4  	-62.7 	2     	7.7      	020   	-2.6       	-7.3       	17684     	-87.0
4138      	18:09:13  	85.2  	-62.6 	2     	7.7      	025   	-3.2       	-7.0       	17692     	-87.0
4140      	18:09:15  	85.1  	-62.5 	2     	7.7      	029   	-3.7       	-6.7       	17701     	-86.9
4142      	18:09:17  	85.0  	-62.5 	2     	7.8      	033   	-4.3       	-6.5       	17709     	-86.9
4144      	18:09:19  	84.9  	-62.4 	2     	7.8      	038   	-4.8       	-6.1       	17718     	-86.9
4146      	18:09:21  	84.8  	-62.4 	2     	7.7      	041   	-5.1       	-5.8       	17727     	-86.8
4148      	18:09:23  	84.6  	-62.4 	2     	7.7      	046   	-5.5       	-5.4       	17735     	-86.8
4150      	18:09:25  	84.5  	-62.3 	2     	7.6      	051   	-5.9       	-4.8       	17744     	-86.8
4152      	18:09:27  	84.4  	-62.3 	2     	7.5      	058   	-6.4       	-4.0       	17752     	-86.8
4154      	18:09:29  	84.3  	-62.3 	2     	7.6      	065   	-6.9       	-3.2       	17761     	-86.8
4156      	18:09:31  	84.2  	-62.3 	2     	7.8      	072   	-7.4       	-2.4       	17769     	-86.8
4158      	18:09:33  	84.1  	-62.3 	2     	7.9      	075   	-7.6       	-2.0       	17778     	-86.8
4160      	18:09:35  	83.9  	-62.4 	2     	8.0      	078   	-7.8       	-1.6       	17787     	-86.8
4162      	18:09:37  	83.8  	-62.4 	2     	8.1      	081   	-8.0       	-1.2       	17795     	-86.8
4164      	18:09:39  	83.7  	-62.4 	2     	8.3      	087   	-8.3       	-0.5       	17803     	-86.8
4166      	18:09:41  	83.6  	-62.5 	2     	8.6      	091   	-8.6       	0.2        	17812     	-86.8
4168      	18:09:43  	83.5  	-62.5 	2     	8.8      	095   	-8.8       	0.8        	17820     	-86.8
4170      	18:09:45  	83.4  	-62.5 	2     	9.2      	098   	-9.1       	1.3        	17828     	-86.8
4172      	18:09:47  	83.3  	-62.5 	2     	9.3      	100   	-9.2       	1.6        	17836     	-86.8
4174      	18:09:49  	83.2  	-62.6 	2     	9.5      	102   	-9.3       	1.9        	17845     	-86.7
4176      	18:09:51  	83.0  	-62.6 	2     	9.7      	102   	-9.5       	2.1        	17853     	-86.7
4178      	18:09:53  	82.9  	-62.6 	2     	10.2     	104   	-9.9       	2.5        	17862     	-86.8
4180      	18:09:55  	82.8  	-62.7 	2     	10.7     	105   	-10.3      	2.8        	17871     	-86.8
4182      	18:09:57  	82.7  	-62.7 	2     	11.1     	107   	-10.6      	3.2        	17879     	-86.8
4184      	18:09:59  	82.6  	-62.7 	2     	11.4     	107   	-10.9      	3.3        	17888     	-86.8
4186      	18:10:01  	82.5  	-62.8 	2     	11.6     	107   	-11.1      	3.4        	17896     	-86.8
4188      	18:10:03  	82.4  	-62.8 	2     	11.9     	107   	-11.4      	3.5        	17905     	-86.8
4190      	18:10:05  	82.2  	-62.9 	2     	11.7     	109   	-11.1      	3.8        	17913     	-86.8
4192      	18:10:07  	82.1  	-62.9 	2     	11.6     	111   	-10.8      	4.1        	17921     	-86.8
4194      	18:10:09  	82.0  	-62.9 	2     	11.3     	113   	-10.4      	4.5        	17928     	-86.8
4196      	18:10:11  	81.9  	-62.9 	2     	11.1     	116   	-10.0      	4.8        	17936     	-86.9
4198      	18:10:13  	81.8  	-62.9 	2     	10.7     	118   	-9.4       	5.1        	17945     	-86.9
4200      	18:10:15  	81.7  	-62.9 	2     	10.2     	122   	-8.7       	5.4        	17953     	-86.9
4202      	18:10:17  	81.6  	-62.9 	2     	9.9      	124   	-8.2       	5.6        	17961     	-86.9
4204      	18:10:19  	81.5  	-62.9 	2     	9.5      	126   	-7.7       	5.6        	17969     	-86.9
4206      	18:10:21  	81.4  	-62.9 	2     	9.2      	128   	-7.2       	5.7        	17978     	-86.9
4208      	18:10:23  	81.3  	-62.9 	2     	8.7      	131   	-6.6       	5.7        	17986     	-86.9
4210      	18:10:25  	81.2  	-62.9 	2     	8.7      	130   	-6.6       	5.6        	17994     	-86.9
4212      	18:10:27  	81.1  	-62.9 	2     	8.5      	128   	-6.7       	5.3        	18001     	-86.9
4214      	18:10:29  	81.0  	-62.9 	2     	8.5      	127   	-6.8       	5.1        	18010     	-86.9
4216      	18:10:31  	80.9  	-62.9 	2     	8.4      	126   	-6.8       	4.9        	18018     	-86.9
4218      	18:10:33  	80.7  	-62.9 	2     	8.3      	125   	-6.8       	4.7        	18026     	-86.8
4220      	18:10:35  	80.6  	-62.8 	2     	8.2      	124   	-6.8       	4.6        	18034     	-86.8
4222      	18:10:37  	80.5  	-62.8 	2     	8.2      	123   	-6.8       	4.5        	18042     	-86.8
4224      	18:10:39  	80.4  	-62.7 	2     	8.1      	124   	-6.7       	4.5        	18050     	-86.8
4226      	18:10:41  	80.3  	-62.7 	2     	8.0      	125   	-6.6       	4.6        	18058     	-86.8
4228      	18:10:43  	80.2  	-62.6 	2     	7.9      	126   	-6.4       	4.7        	18066     	-86.8
4230      	18:10:45  	80.1  	-62.6 	2     	7.9      	128   	-6.2       	4.9        	18075     	-86.7
4232      	18:10:47  	80.0  	-62.5 	2     	7.9      	130   	-6.0       	5.1        	18083     	-86.7
4234      	18:10:49  	79.9  	-62.4 	2     	7.9      	132   	-5.8       	5.3        	18091     	-86.7
4236      	18:10:51  	79.8  	-62.3 	2     	7.8      	134   	-5.6       	5.4        	18099     	-86.6
4238      	18:10:53  	79.7  	-62.2 	2     	7.8      	136   	-5.5       	5.6        	18108     	-86.6
4240      	18:10:55  	79.6  	-62.1 	2     	7.9      	137   	-5.4       	5.7        	18116     	-86.5
4242      	18:10:57  	79.5  	-62.0 	2     	7.9      	141   	-5.0       	6.1        	18124     	-86.5
4244      	18:10:59  	79.4  	-61.9 	2     	8.0      	145   	-4.6       	6.6        	18133     	-86.5
4246      	18:11:01  	79.3  	-61.8 	2     	8.1      	150   	-4.1       	7.0        	18141     	-86.4
4248      	18:11:03  	79.1  	-61.7 	2     	8.3      	153   	-3.7       	7.4        	18150     	-86.3
4250      	18:11:05  	79.0  	-61.6 	2     	8.3      	156   	-3.4       	7.6        	18158     	-86.3
4252      	18:11:07  	78.9  	-61.5 	2     	8.5      	159   	-3.1       	7.9        	18166     	-86.2
4254      	18:11:09  	78.8  	-61.5 	2     	8.5      	162   	-2.7       	8.1        	18174     	-86.2
4256      	18:11:11  	78.7  	-61.4 	2     	8.4      	165   	-2.1       	8.1        	18182     	-86.1
4258      	18:11:13  	78.6  	-61.3 	2     	8.3      	169   	-1.6       	8.1        	18191     	-86.0
4260      	18:11:15  	78.5  	-61.2 	2     	8.2      	172   	-1.1       	8.1        	18199     	-86.0
4262      	18:11:17  	78.4  	-61.1 	2     	7.9      	174   	-0.8       	7.9        	18207     	-85.9
4264      	18:11:19  	78.3  	-61.1 	2     	7.6      	175   	-0.6       	7.6        	18215     	-85.9
4266      	18:11:21  	78.2  	-61.0 	2     	7.4      	177   	-0.4       	7.4        	18224     	-85.8
4268      	18:11:23  	78.1  	-60.9 	2     	6.8      	179   	-0.1       	6.8        	18232     	-85.8
4270      	18:11:25  	78.0  	-60.9 	2     	6.1      	182   	0.2        	6.1        	18241     	-85.7
4272      	18:11:27  	77.9  	-60.8 	2     	5.5      	184   	0.4        	5.5        	18249     	-85.7
4274      	18:11:29  	77.8  	-60.8 	2     	5.0      	187   	0.6        	5.0        	18257     	-85.6
4276      	18:11:31  	77.7  	-60.8 	2     	4.7      	189   	0.7        	4.6        	18266     	-85.6
4278      	18:11:33  	77.6  	-60.7 	2     	4.4      	189   	0.7        	4.3        	18274     	-85.5
4280      	18:11:35  	77.5  	-60.7 	2     	3.9      	192   	0.8        	3.8        	18282     	-85.4
4282      	18:11:37  	77.4  	-60.6 	2     	3.3      	196   	0.9        	3.2        	18291     	-85.3
4284      	18:11:39  	77.3  	-60.6 	2     	2.9      	200   	1.0        	2.7        	18299     	-85.2
4286      	18:11:41  	77.1  	-60.5 	2     	2.3      	205   	1.0        	2.1        	18308     	-85.2
4288      	18:11:43  	77.0  	-60.5 	2     	2.1      	211   	1.1        	1.8        	18317     	-85.1
4290      	18:11:45  	76.9  	-60.5 	2     	1.9      	215   	1.1        	1.6        	18325     	-85.1
4292      	18:11:47  	76.8  	-60.5 	2     	1.8      	218   	1.1        	1.4        	18334     	-85.1
4294      	18:11:49  	76.7  	-60.5 	2     	1.6      	227   	1.2        	1.1        	18342     	-85.1
4296      	18:11:51  	76.6  	-60.6 	2     	1.6      	240   	1.4        	0.8        	18351     	-85.1
4298      	18:11:53  	76.5  	-60.6 	2     	1.6      	248   	1.5        	0.6        	18359     	-85.1
4300      	18:11:55  	76.4  	-60.6 	2     	1.6      	256   	1.6        	0.4        	18367     	-85.2
4302      	18:11:57  	76.3  	-60.6 	2     	1.7      	260   	1.7        	0.3        	18376     	-85.2
4304      	18:11:59  	76.2  	-60.7 	2     	1.8      	264   	1.8        	0.2        	18384     	-85.2
4306      	18:12:01  	76.1  	-60.7 	2     	1.9      	264   	1.9        	0.2        	18393     	-85.2
4308      	18:12:03  	76.0  	-60.7 	2     	2.0      	267   	2.0        	0.1        	18401     	-85.2
4310      	18:12:05  	75.9  	-60.7 	2     	2.1      	270   	2.1        	0.0        	18410     	-85.3
4312      	18:12:07  	75.8  	-60.7 	2     	2.2      	273   	2.2        	-0.1       	18418     	-85.3
4314      	18:12:09  	75.7  	-60.8 	2     	2.1      	273   	2.1        	-0.1       	18427     	-85.3
4316      	18:12:11  	75.6  	-60.8 	2     	2.1      	273   	2.1        	-0.1       	18435     	-85.3
4318      	18:12:13  	75.5  	-60.8 	2     	2.0      	276   	2.0        	-0.2       	18444     	-85.3
4320      	18:12:15  	75.4  	-60.8 	2     	1.7      	280   	1.7        	-0.3       	18452     	-85.3
4322      	18:12:17  	75.3  	-60.9 	2     	1.6      	285   	1.5        	-0.4       	18461     	-85.3
4324      	18:12:19  	75.2  	-60.9 	2     	1.3      	293   	1.2        	-0.5       	18470     	-85.3
4326      	18:12:21  	75.1  	-60.9 	2     	1.2      	301   	1.0        	-0.6       	18479     	-85.3
4328      	18:12:23  	75.0  	-60.9 	2     	1.1      	311   	0.8        	-0.7       	18488     	-85.3
4330      	18:12:25  	74.8  	-61.0 	2     	1.0      	323   	0.6        	-0.8       	18496     	-85.3
4332      	18:12:27  	74.7  	-61.0 	2     	0.9      	354   	0.1        	-0.9       	18505     	-85.2
4334      	18:12:29  	74.6  	-61.0 	2     	1.1      	022   	-0.4       	-1.0       	18514     	-85.2
4336      	18:12:31  	74.5  	-61.1 	2     	1.3      	042   	-0.9       	-1.0       	18523     	-85.3
4338      	18:12:33  	74.4  	-61.1 	2     	1.8      	052   	-1.4       	-1.1       	18531     	-85.3
4340      	18:12:35  	74.3  	-61.1 	2     	1.9      	058   	-1.6       	-1.0       	18540     	-85.3
4342      	18:12:37  	74.2  	-61.2 	2     	2.1      	062   	-1.9       	-1.0       	18549     	-85.3
4344      	18:12:39  	74.1  	-61.2 	2     	2.6      	067   	-2.4       	-1.0       	18557     	-85.3
4346      	18:12:41  	74.0  	-61.2 	2     	3.1      	071   	-2.9       	-1.0       	18566     	-85.4
4348      	18:12:43  	73.9  	-61.2 	2     	3.6      	076   	-3.5       	-0.9       	18574     	-85.4
4350      	18:12:45  	73.8  	-61.2 	2     	4.2      	078   	-4.1       	-0.9       	18583     	-85.4
4352      	18:12:47  	73.7  	-61.2 	2     	4.4      	078   	-4.3       	-0.9       	18591     	-85.4
4354      	18:12:49  	73.6  	-61.2 	2     	4.7      	079   	-4.6       	-0.9       	18600     	-85.5
4356      	18:12:51  	73.5  	-61.2 	2     	5.0      	080   	-4.9       	-0.9       	18609     	-85.5
4358      	18:12:53  	73.4  	-61.1 	2     	5.6      	080   	-5.5       	-1.0       	18617     	-85.5
4360      	18:12:55  	73.3  	-61.1 	2     	6.2      	079   	-6.1       	-1.2       	18626     	-85.5
4362      	18:12:57  	73.2  	-61.1 	2     	6.8      	079   	-6.7       	-1.3       	18634     	-85.5
4364      	18:12:59  	73.1  	-61.1 	2     	7.3      	079   	-7.2       	-1.4       	18643     	-85.5
4366      	18:13:01  	73.0  	-61.1 	2     	7.7      	078   	-7.5       	-1.6       	18652     	-85.5
4368      	18:13:03  	72.9  	-61.0 	2     	8.1      	078   	-7.9       	-1.7       	18660     	-85.4
4370      	18:13:05  	72.8  	-61.0 	2     	8.4      	078   	-8.2       	-1.8       	18669     	-85.4
4372      	18:13:07  	72.7  	-61.0 	2     	8.8      	078   	-8.6       	-1.9       	18678     	-85.3
4374      	18:13:09  	72.6  	-61.0 	2     	9.3      	078   	-9.1       	-2.0       	18687     	-85.3
4376      	18:13:11  	72.5  	-61.0 	2     	9.8      	077   	-9.5       	-2.2       	18695     	-85.3
4378      	18:13:13  	72.4  	-60.9 	2     	9.8      	077   	-9.6       	-2.2       	18704     	-85.2
4380      	18:13:15  	72.3  	-60.9 	2     	9.9      	078   	-9.7       	-2.1       	18712     	-85.2
4382      	18:13:17  	72.2  	-60.9 	2     	10.0     	078   	-9.8       	-2.1       	18721     	-85.2
4384      	18:13:19  	72.1  	-60.9 	2     	10.0     	079   	-9.8       	-1.9       	18730     	-85.1
4386      	18:13:21  	72.0  	-60.9 	2     	9.9      	080   	-9.8       	-1.7       	18738     	-85.1
4388      	18:13:23  	71.9  	-60.9 	2     	9.9      	081   	-9.8       	-1.5       	18746     	-85.1
4390      	18:13:25  	71.8  	-60.9 	2     	9.8      	082   	-9.7       	-1.3       	18755     	-85.0
4392      	18:13:27  	71.7  	-60.8 	2     	9.8      	084   	-9.7       	-1.1       	18763     	-85.0
4394      	18:13:29  	71.6  	-60.8 	2     	9.7      	084   	-9.6       	-1.0       	18772     	-85.0
4396      	18:13:31  	71.5  	-60.9 	2     	9.5      	086   	-9.5       	-0.7       	18780     	-85.0
4398      	18:13:33  	71.4  	-60.9 	2     	9.4      	088   	-9.4       	-0.3       	18789     	-84.9
4400      	18:13:35  	71.3  	-60.9 	2     	9.4      	090   	-9.4       	-0.0       	18798     	-85.0
4402      	18:13:37  	71.2  	-60.9 	2     	9.3      	092   	-9.3       	0.4        	18807     	-85.0
4404      	18:13:39  	71.1  	-60.9 	2     	9.3      	094   	-9.3       	0.6        	18815     	-85.0
4406      	18:13:41  	71.0  	-61.0 	2     	9.3      	095   	-9.3       	0.8        	18824     	-85.0
4408      	18:13:43  	70.9  	-61.0 	2     	9.4      	096   	-9.3       	1.0        	18833     	-85.0
4410      	18:13:45  	70.8  	-61.1 	2     	9.4      	098   	-9.3       	1.3        	18841     	-85.0
4412      	18:13:47  	70.7  	-61.1 	3     	9.4      	100   	-9.3       	1.6        	18850     	-85.0
4414      	18:13:49  	70.6  	-61.2 	3     	9.6      	102   	-9.4       	2.0        	18859     	-85.0
4416      	18:13:51  	70.5  	-61.2 	3     	9.7      	103   	-9.4       	2.2        	18867     	-85.0
4418      	18:13:53  	70.4  	-61.3 	3     	9.7      	104   	-9.4       	2.4        	18876     	-85.1
4420      	18:13:55  	70.3  	-61.3 	3     	9.7      	105   	-9.4       	2.5        	18884     	-85.1
4422      	18:13:57  	70.2  	-61.4 	3     	9.8      	107   	-9.4       	2.8        	18893     	-85.1
4424      	18:13:59  	70.1  	-61.5 	3     	10.0     	109   	-9.5       	3.2        	18902     	-85.2
4426      	18:14:01  	70.0  	-61.5 	3     	10.2     	111   	-9.5       	3.6        	18910     	-85.2
4428      	18:14:03  	69.9  	-61.6 	3     	10.4     	113   	-9.6       	4.0        	18919     	-85.2
4430      	18:14:05  	69.8  	-61.6 	3     	10.6     	113   	-9.7       	4.2        	18927     	-85.3
4432      	18:14:07  	69.7  	-61.6 	3     	10.8     	115   	-9.8       	4.5        	18936     	-85.3
4434      	18:14:09  	69.6  	-61.7 	3     	11.0     	115   	-9.9       	4.7        	18944     	-85.3
4436      	18:14:11  	69.5  	-61.7 	3     	11.3     	117   	-10.0      	5.2        	18953     	-85.3
4438      	18:14:13  	69.4  	-61.7 	3     	11.6     	119   	-10.2      	5.6        	18962     	-85.3
4440      	18:14:15  	69.3  	-61.7 	3     	12.1     	120   	-10.4      	6.1        	18970     	-85.4
4442      	18:14:17  	69.2  	-61.7 	3     	12.3     	122   	-10.5      	6.5        	18979     	-85.4
4444      	18:14:19  	69.2  	-61.7 	3     	12.5     	122   	-10.6      	6.7        	18988     	-85.4
4446      	18:14:21  	69.1  	-61.7 	3     	12.7     	123   	-10.7      	6.9        	18996     	-85.5
4448      	18:14:23  	69.0  	-61.7 	2     	12.9     	124   	-10.7      	7.2        	19005     	-85.5
4450      	18:14:25  	68.9  	-61.7 	2     	13.1     	125   	-10.7      	7.6        	19013     	-85.6
4452      	18:14:27  	68.8  	-61.7 	2     	13.3     	127   	-10.6      	8.0        	19022     	-85.6
4454      	18:14:29  	68.7  	-61.7 	2     	13.5     	128   	-10.6      	8.4        	19031     	-85.6
4456      	18:14:31  	68.6  	-61.7 	2     	13.6     	129   	-10.5      	8.6        	19040     	-85.6
4458      	18:14:33  	68.5  	-61.6 	2     	13.5     	130   	-10.3      	8.7        	19049     	-85.6
4460      	18:14:35  	68.4  	-61.6 	2     	13.5     	131   	-10.2      	8.9        	19058     	-85.6
4462      	18:14:37  	68.3  	-61.6 	2     	13.0     	131   	-9.8       	8.6        	19066     	-85.5
4464      	18:14:39  	68.2  	-61.5 	2     	12.5     	132   	-9.3       	8.4        	19075     	-85.5
4466      	18:14:41  	68.1  	-61.5 	2     	12.0     	133   	-8.8       	8.1        	19084     	-85.4
4468      	18:14:43  	68.0  	-61.4 	2     	11.4     	133   	-8.4       	7.7        	19092     	-85.3
4470      	18:14:45  	67.9  	-61.4 	2     	10.8     	132   	-8.0       	7.3        	19101     	-85.2
4472      	18:14:47  	67.8  	-61.3 	3     	10.3     	132   	-7.7       	6.9        	19109     	-85.2
4474      	18:14:49  	67.7  	-61.3 	3     	9.5      	132   	-7.1       	6.3        	19118     	-85.1
4476      	18:14:51  	67.6  	-61.2 	3     	8.6      	132   	-6.4       	5.7        	19126     	-85.1
4478      	18:14:53  	67.5  	-61.2 	3     	7.7      	131   	-5.8       	5.1        	19135     	-85.1
4480      	18:14:55  	67.4  	-61.2 	2     	6.8      	131   	-5.1       	4.5        	19143     	-85.1
4482      	18:14:57  	67.3  	-61.1 	2     	6.4      	132   	-4.8       	4.3        	19152     	-85.0
4484      	18:14:59  	67.2  	-61.1 	2     	6.1      	132   	-4.5       	4.1        	19161     	-85.0
4486      	18:15:01  	67.2  	-61.0 	2     	5.7      	133   	-4.2       	3.9        	19169     	-85.0
4488      	18:15:03  	67.1  	-61.0 	2     	5.4      	136   	-3.8       	3.9        	19178     	-85.0
4490      	18:15:05  	67.0  	-60.9 	2     	5.2      	139   	-3.4       	3.9        	19187     	-84.9
4492      	18:15:07  	66.9  	-60.9 	2     	4.8      	142   	-3.0       	3.8        	19195     	-84.9
4494      	18:15:09  	66.8  	-60.9 	2     	4.9      	143   	-2.9       	3.9        	19203     	-84.8
4496      	18:15:11  	66.7  	-60.8 	2     	5.0      	146   	-2.8       	4.1        	19212     	-84.8
4498      	18:15:13  	66.6  	-60.8 	2     	5.1      	148   	-2.7       	4.3        	19220     	-84.8
4500      	18:15:15  	66.5  	-60.8 	2     	5.2      	148   	-2.7       	4.4        	19229     	-84.8
4502      	18:15:17  	66.4  	-60.8 	2     	5.1      	149   	-2.6       	4.4        	19237     	-84.8
4504      	18:15:19  	66.3  	-60.7 	2     	5.2      	150   	-2.6       	4.5        	19246     	-84.8
4506      	18:15:21  	66.2  	-60.7 	2     	5.3      	151   	-2.6       	4.6        	19255     	-84.8
4508      	18:15:23  	66.1  	-60.7 	2     	5.2      	150   	-2.6       	4.5        	19264     	-84.8
4510      	18:15:25  	66.0  	-60.7 	2     	5.2      	148   	-2.7       	4.4        	19273     	-84.8
4512      	18:15:27  	66.0  	-60.7 	2     	5.1      	147   	-2.8       	4.3        	19282     	-84.8
4514      	18:15:29  	65.9  	-60.7 	2     	5.2      	144   	-3.0       	4.2        	19290     	-84.8
4516      	18:15:31  	65.8  	-60.7 	2     	5.1      	141   	-3.2       	4.0        	19299     	-84.9
4518      	18:15:33  	65.7  	-60.7 	2     	5.2      	139   	-3.4       	3.9        	19307     	-84.9
4520      	18:15:35  	65.6  	-60.7 	2     	5.2      	137   	-3.6       	3.8        	19316     	-84.9
4522      	18:15:37  	65.5  	-60.7 	2     	5.3      	134   	-3.8       	3.7        	19325     	-84.9
4524      	18:15:39  	65.4  	-60.7 	2     	5.4      	133   	-4.0       	3.7        	19334     	-84.9
4526      	18:15:41  	65.3  	-60.7 	2     	5.4      	133   	-4.0       	3.7        	19343     	-84.9
4528      	18:15:43  	65.2  	-60.8 	2     	5.5      	132   	-4.1       	3.7        	19351     	-84.9
4530      	18:15:45  	65.1  	-60.8 	2     	5.7      	132   	-4.2       	3.8        	19360     	-84.9
4532      	18:15:47  	65.0  	-60.8 	2     	5.7      	132   	-4.2       	3.8        	19369     	-84.9
4534      	18:15:49  	64.9  	-60.8 	2     	5.7      	134   	-4.1       	3.9        	19378     	-84.8
4536      	18:15:51  	64.8  	-60.8 	2     	5.7      	135   	-4.0       	4.0        	19387     	-84.8
4538      	18:15:53  	64.8  	-60.9 	3     	5.7      	137   	-3.9       	4.2        	19396     	-84.8
4540      	18:15:55  	64.7  	-60.9 	3     	6.0      	140   	-3.9       	4.6        	19405     	-84.8
4542      	18:15:57  	64.6  	-60.9 	3     	6.3      	142   	-3.9       	5.0        	19414     	-84.8
4544      	18:15:59  	64.5  	-60.9 	3     	6.6      	144   	-3.9       	5.3        	19423     	-84.8
4546      	18:16:01  	64.4  	-61.0 	3     	6.9      	144   	-4.0       	5.6        	19431     	-84.8
4548      	18:16:03  	64.3  	-61.0 	3     	7.2      	145   	-4.1       	5.9        	19441     	-84.8
4550      	18:16:05  	64.2  	-61.0 	3     	7.4      	145   	-4.2       	6.1        	19450     	-84.8
4552      	18:16:07  	64.1  	-61.1 	3     	7.7      	147   	-4.2       	6.5        	19459     	-84.8
4554      	18:16:09  	64.0  	-61.1 	3     	8.1      	149   	-4.2       	6.9        	19468     	-84.8
4556      	18:16:11  	63.9  	-61.1 	3     	8.4      	149   	-4.3       	7.2        	19477     	-84.9
4558      	18:16:13  	63.8  	-61.1 	3     	8.6      	151   	-4.2       	7.5        	19487     	-84.9
4560      	18:16:15  	63.7  	-61.2 	3     	8.6      	151   	-4.2       	7.5        	19496     	-84.9
4562      	18:16:17  	63.6  	-61.2 	3     	8.6      	152   	-4.1       	7.6        	19505     	-84.9
4564      	18:16:19  	63.5  	-61.2 	3     	8.8      	153   	-4.0       	7.8        	19514     	-84.9
4566      	18:16:21  	63.4  	-61.2 	3     	8.9      	155   	-3.7       	8.1        	19524     	-84.9
4568      	18:16:23  	63.3  	-61.2 	3     	9.1      	158   	-3.4       	8.4        	19533     	-85.0
4570      	18:16:25  	63.2  	-61.2 	3     	9.3      	160   	-3.2       	8.7        	19542     	-85.0
4572      	18:16:27  	63.2  	-61.3 	3     	9.5      	162   	-3.0       	9.0        	19551     	-85.0
4574      	18:16:29  	63.1  	-61.3 	3     	9.6      	163   	-2.8       	9.2        	19560     	-85.0
4576      	18:16:31  	63.0  	-61.3 	3     	9.8      	165   	-2.6       	9.4        	19568     	-85.1
4578      	18:16:33  	62.9  	-61.3 	3     	9.9      	165   	-2.5       	9.6        	19577     	-85.1
4580      	18:16:35  	62.8  	-61.3 	3     	10.2     	167   	-2.3       	9.9        	19586     	-85.1
4582      	18:16:37  	62.7  	-61.3 	3     	10.3     	168   	-2.1       	10.1       	19595     	-85.1
4584      	18:16:39  	62.6  	-61.3 	3     	10.5     	169   	-2.0       	10.3       	19604     	-85.0
4586      	18:16:41  	62.5  	-61.3 	3     	10.5     	169   	-2.0       	10.3       	19613     	-85.0
4588      	18:16:43  	62.4  	-61.3 	3     	10.5     	169   	-2.0       	10.3       	19622     	-85.0
4590      	18:16:45  	62.3  	-61.3 	3     	10.4     	169   	-2.0       	10.2       	19631     	-85.0
4592      	18:16:47  	62.3  	-61.3 	3     	10.2     	169   	-2.0       	10.0       	19640     	-85.0
4594      	18:16:49  	62.2  	-61.3 	3     	10.0     	168   	-2.0       	9.8        	19649     	-85.0
4596      	18:16:51  	62.1  	-61.3 	3     	9.8      	168   	-2.0       	9.6        	19658     	-85.0
4598      	18:16:53  	62.0  	-61.3 	3     	9.6      	167   	-2.1       	9.4        	19667     	-85.0
4600      	18:16:55  	61.9  	-61.3 	3     	9.4      	167   	-2.1       	9.2        	19675     	-84.9
4602      	18:16:57  	61.8  	-61.2 	3     	9.2      	167   	-2.1       	9.0        	19684     	-84.9
4604      	18:16:59  	61.7  	-61.2 	3     	8.8      	166   	-2.1       	8.5        	19693     	-84.8
4606      	18:17:01  	61.6  	-61.2 	3     	8.3      	165   	-2.1       	8.0        	19702     	-84.8
4608      	18:17:03  	61.5  	-61.2 	3     	7.8      	164   	-2.1       	7.5        	19711     	-84.7
4610      	18:17:05  	61.5  	-61.2 	3     	7.4      	164   	-2.1       	7.1        	19720     	-84.7
4612      	18:17:07  	61.4  	-61.2 	3     	7.1      	163   	-2.1       	6.8        	19729     	-84.7
4614      	18:17:09  	61.3  	-61.2 	3     	6.9      	161   	-2.2       	6.5        	19737     	-84.7
4616      	18:17:11  	61.2  	-61.2 	3     	6.5      	160   	-2.2       	6.1        	19746     	-84.7
4618      	18:17:13  	61.1  	-61.2 	3     	6.1      	158   	-2.3       	5.6        	19755     	-84.7
4620      	18:17:15  	61.0  	-61.2 	3     	5.7      	155   	-2.4       	5.2        	19764     	-84.7
4622      	18:17:17  	60.9  	-61.2 	3     	5.3      	153   	-2.4       	4.7        	19773     	-84.7
4624      	18:17:19  	60.8  	-61.2 	3     	5.1      	151   	-2.5       	4.5        	19782     	-84.7
