Time [sec]	Time (UTC)	P [mB]	T [°F]	Hu [%]	Ws [mi/h]	Wd [°]	Ws U [mi/h]	Ws V [mi/h]	Geopot [m]	Dew [°F]
0         	17:00:27  	873.3 	31.1  	20    	11.3     	113   	-10.4      	4.4        	1288      	5.5
2         	17:00:29  	870.9 	28.5  	21    	11.2     	136   	-7.8       	8.0        	1312      	4.3
4         	17:00:31  	868.5 	28.4  	22    	11.2     	136   	-7.8       	8.0        	1337      	5.0
6         	17:00:33  	866.2 	28.4  	23    	11.2     	136   	-7.8       	8.0        	1361      	5.3
8         	17:00:35  	864.2 	28.3  	23    	12.5     	132   	-9.2       	8.4        	1385      	5.5
10        	17:00:37  	862.2 	28.3  	24    	12.7     	132   	-9.4       	8.5        	1410      	5.6
12        	17:00:39  	860.3 	28.3  	24    	12.7     	132   	-9.5       	8.5        	1421      	5.7
14        	17:00:41  	859.8 	28.2  	24    	12.7     	132   	-9.5       	8.5        	1425      	5.8
16        	17:00:43  	859.3 	28.1  	24    	12.9     	132   	-9.6       	8.6        	1431      	5.7
18        	17:00:45  	858.8 	28.0  	24    	12.9     	132   	-9.6       	8.6        	1436      	5.7
20        	17:00:47  	858.2 	28.0  	24    	12.9     	132   	-9.6       	8.6        	1442      	5.7
22        	17:00:49  	857.7 	27.9  	24    	12.9     	132   	-9.6       	8.6        	1448      	5.7
24        	17:00:51  	857.1 	27.8  	24    	12.9     	132   	-9.6       	8.6        	1454      	5.7
26        	17:00:53  	856.6 	27.8  	24    	12.9     	132   	-9.6       	8.6        	1460      	5.7
28        	17:00:55  	856.0 	27.7  	24    	12.9     	132   	-9.6       	8.6        	1465      	5.6
30        	17:00:57  	855.5 	27.8  	25    	12.9     	132   	-9.6       	8.6        	1471      	5.7
32        	17:00:59  	855.0 	27.7  	25    	12.9     	132   	-9.6       	8.6        	1477      	5.6
34        	17:01:01  	854.5 	27.8  	25    	12.8     	132   	-9.6       	8.5        	1482      	5.7
36        	17:01:03  	854.0 	27.8  	25    	12.6     	131   	-9.6       	8.2        	1486      	5.7
38        	17:01:05  	853.6 	27.7  	24    	12.6     	130   	-9.6       	8.1        	1490      	5.6
40        	17:01:07  	853.2 	27.7  	24    	12.5     	130   	-9.6       	8.0        	1494      	5.6
42        	17:01:09  	852.8 	27.7  	24    	12.4     	129   	-9.6       	7.9        	1499      	5.6
44        	17:01:11  	852.4 	27.5  	24    	12.4     	129   	-9.6       	7.9        	1503      	5.4
46        	17:01:13  	851.9 	27.5  	24    	12.4     	129   	-9.6       	7.9        	1508      	5.5
48        	17:01:15  	851.5 	27.5  	25    	12.4     	129   	-9.6       	7.8        	1512      	5.5
50        	17:01:17  	851.0 	27.4  	25    	12.3     	129   	-9.6       	7.7        	1517      	5.4
52        	17:01:19  	850.6 	27.4  	25    	12.2     	128   	-9.6       	7.6        	1521      	5.4
54        	17:01:21  	850.2 	27.3  	25    	12.2     	128   	-9.6       	7.5        	1526      	5.5
56        	17:01:23  	849.7 	27.3  	25    	12.2     	128   	-9.6       	7.5        	1531      	5.5
58        	17:01:25  	849.3 	27.3  	25    	12.2     	128   	-9.6       	7.5        	1535      	5.4
60        	17:01:27  	848.8 	27.2  	25    	12.2     	128   	-9.6       	7.5        	1540      	5.4
62        	17:01:29  	848.3 	27.3  	25    	12.1     	128   	-9.6       	7.4        	1545      	5.4
64        	17:01:31  	847.8 	27.2  	25    	11.9     	127   	-9.5       	7.2        	1550      	5.3
66        	17:01:33  	847.3 	27.1  	25    	11.8     	126   	-9.5       	7.0        	1556      	5.3
68        	17:01:35  	846.8 	27.1  	25    	11.7     	126   	-9.5       	6.8        	1562      	5.3
70        	17:01:37  	846.2 	27.1  	25    	11.6     	125   	-9.5       	6.6        	1567      	5.4
72        	17:01:39  	845.7 	27.1  	25    	11.4     	124   	-9.4       	6.4        	1572      	5.4
74        	17:01:41  	845.2 	27.1  	25    	11.3     	123   	-9.4       	6.2        	1578      	5.4
76        	17:01:43  	844.7 	27.0  	25    	11.1     	123   	-9.3       	6.1        	1583      	5.3
78        	17:01:45  	844.2 	26.9  	25    	11.1     	123   	-9.3       	6.0        	1588      	5.3
80        	17:01:47  	843.7 	26.8  	25    	10.9     	122   	-9.2       	5.8        	1594      	5.2
82        	17:01:49  	843.2 	26.8  	25    	10.9     	122   	-9.2       	5.8        	1599      	5.2
84        	17:01:51  	842.7 	26.7  	25    	10.9     	122   	-9.2       	5.8        	1604      	5.2
86        	17:01:53  	842.2 	26.7  	25    	10.8     	123   	-9.1       	5.8        	1609      	5.1
88        	17:01:55  	841.7 	26.6  	25    	10.7     	122   	-9.1       	5.6        	1615      	5.1
90        	17:01:57  	841.2 	26.6  	25    	10.6     	121   	-9.1       	5.4        	1620      	5.1
92        	17:01:59  	840.6 	26.6  	25    	10.5     	120   	-9.1       	5.2        	1625      	5.1
94        	17:02:01  	840.1 	26.5  	25    	10.4     	119   	-9.1       	5.0        	1631      	5.1
96        	17:02:03  	839.6 	26.6  	25    	10.3     	118   	-9.1       	4.8        	1636      	5.1
98        	17:02:05  	839.3 	26.6  	25    	10.2     	116   	-9.1       	4.5        	1640      	5.1
100       	17:02:07  	838.9 	26.6  	25    	10.0     	116   	-9.0       	4.3        	1643      	5.2
102       	17:02:09  	838.6 	26.6  	25    	9.8      	114   	-9.0       	4.0        	1647      	5.2
104       	17:02:11  	838.2 	26.6  	25    	9.8      	113   	-9.0       	3.8        	1651      	5.2
106       	17:02:13  	837.8 	26.5  	25    	9.6      	113   	-8.9       	3.7        	1655      	5.1
108       	17:02:15  	837.4 	26.4  	25    	9.6      	113   	-8.9       	3.7        	1659      	5.0
110       	17:02:17  	836.9 	26.3  	25    	9.5      	112   	-8.8       	3.6        	1664      	5.0
112       	17:02:19  	836.5 	26.3  	26    	9.5      	113   	-8.8       	3.7        	1669      	5.1
114       	17:02:21  	836.0 	26.3  	26    	9.5      	113   	-8.8       	3.7        	1674      	5.1
116       	17:02:23  	835.5 	26.3  	26    	9.6      	113   	-8.9       	3.7        	1679      	5.1
118       	17:02:25  	835.0 	26.2  	26    	9.7      	113   	-8.9       	3.8        	1685      	5.0
120       	17:02:27  	834.5 	26.1  	26    	9.8      	113   	-9.0       	3.8        	1690      	4.9
122       	17:02:29  	834.0 	26.1  	26    	9.8      	113   	-9.0       	3.8        	1695      	4.9
124       	17:02:31  	833.5 	26.1  	25    	9.9      	113   	-9.1       	3.9        	1700      	4.9
126       	17:02:33  	833.0 	26.1  	25    	9.9      	113   	-9.1       	3.8        	1705      	4.8
128       	17:02:35  	832.5 	26.1  	25    	9.8      	112   	-9.1       	3.7        	1711      	4.7
130       	17:02:37  	832.0 	26.0  	25    	9.8      	112   	-9.1       	3.7        	1716      	4.6
132       	17:02:39  	831.5 	26.0  	25    	9.7      	112   	-9.0       	3.6        	1721      	4.5
134       	17:02:41  	831.1 	25.9  	25    	9.7      	111   	-9.0       	3.5        	1727      	4.4
136       	17:02:43  	830.6 	25.9  	25    	9.5      	110   	-8.9       	3.3        	1732      	4.4
138       	17:02:45  	830.2 	25.9  	25    	9.4      	111   	-8.8       	3.3        	1736      	4.5
140       	17:02:47  	829.8 	26.0  	25    	9.2      	110   	-8.6       	3.2        	1740      	4.5
142       	17:02:49  	829.5 	25.9  	25    	9.0      	110   	-8.4       	3.1        	1743      	4.4
144       	17:02:51  	829.2 	25.9  	25    	8.9      	110   	-8.3       	3.1        	1746      	4.3
146       	17:02:53  	828.8 	25.9  	25    	8.8      	111   	-8.2       	3.1        	1750      	4.3
148       	17:02:55  	828.5 	25.9  	25    	8.7      	111   	-8.1       	3.1        	1753      	4.3
150       	17:02:57  	828.1 	25.8  	25    	8.6      	112   	-8.0       	3.2        	1757      	4.3
152       	17:02:59  	827.8 	25.7  	25    	8.5      	113   	-7.8       	3.3        	1761      	4.2
154       	17:03:01  	827.4 	25.6  	25    	8.3      	114   	-7.6       	3.4        	1765      	4.1
156       	17:03:03  	827.1 	25.6  	25    	8.3      	115   	-7.5       	3.5        	1768      	4.1
158       	17:03:05  	826.7 	25.5  	25    	8.2      	116   	-7.4       	3.6        	1772      	4.0
160       	17:03:07  	826.4 	25.5  	25    	8.2      	117   	-7.3       	3.7        	1776      	3.9
162       	17:03:09  	826.0 	25.5  	25    	8.2      	117   	-7.3       	3.7        	1780      	3.8
164       	17:03:11  	825.6 	25.6  	24    	8.1      	118   	-7.2       	3.8        	1784      	3.8
166       	17:03:13  	825.1 	25.6  	24    	8.1      	118   	-7.1       	3.8        	1789      	3.7
168       	17:03:15  	824.7 	25.5  	24    	8.0      	118   	-7.0       	3.8        	1794      	3.5
170       	17:03:17  	824.2 	25.5  	24    	7.9      	119   	-6.9       	3.8        	1799      	3.3
172       	17:03:19  	823.7 	25.4  	24    	7.7      	119   	-6.8       	3.7        	1804      	3.2
174       	17:03:21  	823.2 	25.5  	24    	7.7      	118   	-6.8       	3.6        	1809      	3.3
176       	17:03:23  	822.8 	25.5  	24    	7.6      	118   	-6.7       	3.5        	1814      	3.3
178       	17:03:25  	822.3 	25.5  	24    	7.5      	117   	-6.7       	3.4        	1819      	3.2
180       	17:03:27  	821.9 	25.4  	23    	7.4      	117   	-6.6       	3.4        	1823      	3.1
182       	17:03:29  	821.5 	25.4  	23    	7.4      	117   	-6.6       	3.3        	1828      	3.0
184       	17:03:31  	821.0 	25.4  	23    	7.4      	117   	-6.6       	3.3        	1833      	3.0
186       	17:03:33  	820.6 	25.4  	23    	7.4      	117   	-6.6       	3.3        	1837      	3.0
188       	17:03:35  	820.2 	25.3  	23    	7.4      	117   	-6.6       	3.3        	1842      	2.9
190       	17:03:37  	819.8 	25.3  	23    	7.4      	117   	-6.6       	3.3        	1846      	2.9
192       	17:03:39  	819.3 	25.3  	23    	7.2      	116   	-6.5       	3.2        	1851      	2.8
194       	17:03:41  	818.8 	25.2  	23    	7.2      	116   	-6.5       	3.2        	1856      	2.7
196       	17:03:43  	818.4 	25.2  	23    	7.2      	116   	-6.5       	3.2        	1862      	2.7
198       	17:03:45  	817.9 	25.2  	23    	7.2      	116   	-6.5       	3.2        	1866      	2.6
200       	17:03:47  	817.5 	25.2  	23    	7.2      	115   	-6.5       	3.1        	1871      	2.6
202       	17:03:49  	817.0 	25.1  	23    	7.2      	115   	-6.5       	3.1        	1875      	2.5
204       	17:03:51  	816.6 	25.1  	23    	7.1      	116   	-6.4       	3.1        	1880      	2.5
206       	17:03:53  	816.1 	25.0  	23    	7.0      	116   	-6.3       	3.1        	1886      	2.4
208       	17:03:55  	815.6 	25.0  	23    	6.9      	116   	-6.2       	3.0        	1891      	2.4
210       	17:03:57  	815.1 	24.9  	23    	6.9      	116   	-6.2       	3.0        	1896      	2.3
212       	17:03:59  	814.6 	24.9  	23    	6.8      	117   	-6.1       	3.1        	1902      	2.3
214       	17:04:01  	814.1 	24.9  	23    	6.7      	117   	-6.0       	3.0        	1907      	2.3
216       	17:04:03  	813.6 	24.9  	23    	6.6      	116   	-5.9       	2.9        	1913      	2.3
218       	17:04:05  	813.1 	24.8  	23    	6.4      	117   	-5.7       	2.9        	1918      	2.3
220       	17:04:07  	812.6 	24.8  	23    	6.3      	117   	-5.6       	2.8        	1923      	2.2
222       	17:04:09  	812.1 	24.7  	23    	6.0      	117   	-5.4       	2.7        	1929      	2.1
224       	17:04:11  	811.6 	24.7  	23    	5.9      	116   	-5.3       	2.6        	1934      	2.1
226       	17:04:13  	811.1 	24.6  	23    	5.8      	117   	-5.2       	2.6        	1939      	2.1
228       	17:04:15  	810.6 	24.6  	23    	5.7      	116   	-5.1       	2.5        	1944      	2.0
230       	17:04:17  	810.1 	24.5  	23    	5.5      	116   	-5.0       	2.4        	1950      	1.9
232       	17:04:19  	809.6 	24.5  	23    	5.4      	115   	-4.9       	2.3        	1955      	1.8
234       	17:04:21  	809.2 	24.5  	22    	5.4      	115   	-4.9       	2.3        	1960      	1.7
236       	17:04:23  	808.6 	24.5  	22    	5.4      	115   	-4.9       	2.3        	1966      	1.6
238       	17:04:25  	808.0 	24.4  	22    	5.4      	115   	-4.9       	2.3        	1973      	1.5
240       	17:04:27  	807.4 	24.4  	22    	5.4      	115   	-4.9       	2.3        	1979      	1.3
242       	17:04:29  	806.8 	24.3  	22    	5.3      	116   	-4.8       	2.3        	1986      	1.2
244       	17:04:31  	806.3 	24.3  	22    	5.2      	115   	-4.7       	2.2        	1992      	1.2
246       	17:04:33  	805.8 	24.2  	22    	5.1      	116   	-4.6       	2.2        	1997      	1.1
248       	17:04:35  	805.2 	24.2  	22    	5.0      	116   	-4.5       	2.2        	2002      	1.1
250       	17:04:37  	804.7 	24.1  	22    	4.9      	117   	-4.4       	2.2        	2008      	1.1
252       	17:04:39  	804.1 	24.0  	22    	4.8      	117   	-4.3       	2.2        	2015      	1.0
254       	17:04:41  	803.5 	23.9  	22    	4.7      	118   	-4.2       	2.2        	2021      	1.0
256       	17:04:43  	802.9 	23.9  	22    	4.6      	117   	-4.1       	2.1        	2028      	0.9
258       	17:04:45  	802.3 	23.8  	22    	4.5      	118   	-4.0       	2.1        	2034      	0.9
260       	17:04:47  	801.8 	23.8  	22    	4.4      	118   	-3.9       	2.1        	2041      	0.9
262       	17:04:49  	801.2 	23.8  	22    	4.3      	116   	-3.9       	1.9        	2047      	0.9
264       	17:04:51  	800.6 	23.7  	22    	4.2      	115   	-3.8       	1.8        	2053      	0.8
266       	17:04:53  	800.1 	23.6  	22    	4.1      	115   	-3.7       	1.7        	2059      	0.8
268       	17:04:55  	799.6 	23.6  	22    	3.9      	114   	-3.6       	1.6        	2064      	0.8
270       	17:04:57  	799.0 	23.6  	22    	3.8      	112   	-3.5       	1.4        	2070      	0.8
272       	17:04:59  	798.4 	23.6  	22    	3.7      	110   	-3.5       	1.3        	2076      	0.8
274       	17:05:01  	797.8 	23.6  	22    	3.6      	109   	-3.4       	1.2        	2083      	0.7
276       	17:05:03  	797.3 	23.5  	22    	3.5      	108   	-3.3       	1.1        	2090      	0.7
278       	17:05:05  	796.6 	23.4  	22    	3.4      	107   	-3.2       	1.0        	2097      	0.6
280       	17:05:07  	796.0 	23.4  	22    	3.3      	106   	-3.2       	0.9        	2104      	0.6
282       	17:05:09  	795.4 	23.3  	22    	3.3      	106   	-3.2       	0.9        	2110      	0.5
284       	17:05:11  	794.8 	23.2  	22    	3.3      	106   	-3.2       	0.9        	2117      	0.4
286       	17:05:13  	794.2 	23.2  	22    	3.5      	105   	-3.4       	0.9        	2123      	0.4
288       	17:05:15  	793.6 	23.1  	22    	3.8      	102   	-3.7       	0.8        	2130      	0.3
290       	17:05:17  	793.0 	23.0  	22    	4.2      	101   	-4.1       	0.8        	2136      	0.2
292       	17:05:19  	792.3 	23.0  	22    	4.6      	100   	-4.5       	0.8        	2143      	0.2
294       	17:05:21  	791.7 	23.0  	22    	4.9      	099   	-4.8       	0.8        	2150      	0.2
296       	17:05:23  	791.0 	22.9  	22    	5.2      	098   	-5.2       	0.7        	2158      	0.2
298       	17:05:25  	790.3 	22.8  	22    	5.5      	097   	-5.5       	0.7        	2166      	0.1
300       	17:05:27  	789.6 	22.7  	22    	5.9      	097   	-5.9       	0.7        	2173      	0.1
302       	17:05:29  	788.9 	22.6  	22    	6.2      	096   	-6.2       	0.6        	2181      	0.1
304       	17:05:31  	788.2 	22.6  	22    	6.6      	095   	-6.6       	0.6        	2189      	0.1
306       	17:05:33  	787.5 	22.4  	23    	6.7      	095   	-6.7       	0.6        	2196      	0.1
308       	17:05:35  	786.8 	22.4  	23    	6.7      	095   	-6.7       	0.6        	2204      	0.1
310       	17:05:37  	786.1 	22.3  	23    	6.7      	095   	-6.7       	0.6        	2212      	0.1
312       	17:05:39  	785.4 	22.3  	23    	6.7      	095   	-6.7       	0.6        	2219      	0.1
314       	17:05:41  	784.8 	22.2  	23    	6.7      	095   	-6.7       	0.6        	2227      	0.0
316       	17:05:43  	784.1 	22.1  	23    	6.7      	095   	-6.7       	0.6        	2235      	0.1
318       	17:05:45  	783.4 	22.1  	23    	6.7      	095   	-6.7       	0.6        	2242      	0.1
320       	17:05:47  	782.8 	22.0  	23    	6.7      	095   	-6.7       	0.6        	2249      	0.1
322       	17:05:49  	782.2 	21.9  	23    	6.7      	095   	-6.7       	0.6        	2256      	0.0
324       	17:05:51  	781.5 	21.9  	23    	6.7      	095   	-6.7       	0.6        	2262      	-0.0
326       	17:05:53  	780.9 	21.9  	23    	6.7      	095   	-6.7       	0.6        	2269      	-0.1
328       	17:05:55  	780.3 	21.8  	23    	6.7      	095   	-6.7       	0.6        	2276      	-0.1
330       	17:05:57  	779.7 	21.9  	23    	6.7      	095   	-6.7       	0.6        	2283      	-0.1
332       	17:05:59  	779.0 	21.8  	23    	6.7      	095   	-6.7       	0.6        	2290      	-0.2
334       	17:06:01  	778.4 	21.7  	23    	7.0      	094   	-7.0       	0.5        	2298      	-0.3
336       	17:06:03  	777.7 	21.7  	23    	7.3      	094   	-7.3       	0.5        	2305      	-0.4
338       	17:06:05  	777.0 	21.6  	23    	7.6      	093   	-7.6       	0.4        	2312      	-0.5
340       	17:06:07  	776.4 	21.6  	23    	7.9      	092   	-7.9       	0.3        	2320      	-0.5
342       	17:06:09  	775.7 	21.6  	23    	8.3      	091   	-8.3       	0.2        	2327      	-0.6
344       	17:06:11  	775.1 	21.5  	23    	8.6      	091   	-8.6       	0.2        	2334      	-0.7
346       	17:06:13  	774.5 	21.5  	23    	8.9      	091   	-8.9       	0.1        	2341      	-0.8
348       	17:06:15  	773.9 	21.4  	23    	9.3      	090   	-9.3       	-0.0       	2347      	-0.8
350       	17:06:17  	773.3 	21.4  	23    	9.6      	089   	-9.6       	-0.1       	2354      	-0.8
352       	17:06:19  	772.7 	21.3  	23    	9.9      	089   	-9.9       	-0.1       	2361      	-0.8
354       	17:06:21  	772.1 	21.2  	23    	10.0     	089   	-10.0      	-0.1       	2368      	-0.9
356       	17:06:23  	771.5 	21.1  	23    	10.0     	089   	-10.0      	-0.1       	2374      	-0.9
358       	17:06:25  	770.9 	21.1  	23    	10.0     	089   	-10.0      	-0.1       	2381      	-0.9
360       	17:06:27  	770.2 	21.0  	23    	9.9      	089   	-9.9       	-0.1       	2388      	-0.9
362       	17:06:29  	769.6 	20.9  	23    	9.9      	089   	-9.9       	-0.1       	2395      	-0.8
364       	17:06:31  	769.0 	20.9  	23    	9.9      	090   	-9.9       	-0.0       	2402      	-0.8
366       	17:06:33  	768.4 	20.8  	23    	9.8      	090   	-9.8       	-0.0       	2409      	-0.8
368       	17:06:35  	767.9 	20.8  	23    	9.8      	091   	-9.8       	0.1        	2415      	-0.8
370       	17:06:37  	767.3 	20.7  	23    	9.7      	091   	-9.7       	0.1        	2421      	-0.9
372       	17:06:39  	766.8 	20.7  	23    	9.7      	091   	-9.7       	0.2        	2427      	-0.9
374       	17:06:41  	766.3 	20.6  	24    	9.6      	092   	-9.6       	0.3        	2433      	-0.9
376       	17:06:43  	765.8 	20.5  	24    	9.6      	092   	-9.6       	0.3        	2438      	-0.9
378       	17:06:45  	765.3 	20.5  	24    	9.6      	092   	-9.6       	0.3        	2444      	-1.0
380       	17:06:47  	764.7 	20.4  	24    	9.4      	092   	-9.4       	0.4        	2450      	-1.0
382       	17:06:49  	764.2 	20.3  	24    	9.3      	093   	-9.3       	0.5        	2456      	-1.0
384       	17:06:51  	763.7 	20.3  	24    	9.1      	094   	-9.1       	0.6        	2462      	-1.1
386       	17:06:53  	763.1 	20.2  	24    	9.0      	094   	-9.0       	0.7        	2468      	-1.1
388       	17:06:55  	762.6 	20.2  	24    	8.9      	094   	-8.9       	0.7        	2474      	-1.1
390       	17:06:57  	762.1 	20.1  	24    	8.8      	095   	-8.8       	0.8        	2480      	-1.0
392       	17:06:59  	761.6 	20.1  	24    	8.6      	095   	-8.6       	0.7        	2486      	-1.0
394       	17:07:01  	761.0 	20.1  	24    	8.4      	095   	-8.4       	0.7        	2492      	-1.0
396       	17:07:03  	760.5 	20.0  	24    	8.2      	094   	-8.2       	0.6        	2498      	-1.0
398       	17:07:05  	760.2 	20.0  	24    	8.1      	094   	-8.1       	0.6        	2502      	-1.0
400       	17:07:07  	759.8 	19.9  	24    	8.0      	094   	-8.0       	0.5        	2507      	-1.0
402       	17:07:09  	759.4 	19.8  	24    	7.9      	093   	-7.9       	0.4        	2511      	-1.0
404       	17:07:11  	759.0 	19.8  	24    	7.8      	092   	-7.8       	0.3        	2515      	-1.1
406       	17:07:13  	758.6 	19.8  	24    	7.8      	092   	-7.8       	0.3        	2520      	-1.1
408       	17:07:15  	758.2 	19.7  	24    	7.8      	092   	-7.8       	0.3        	2524      	-1.1
410       	17:07:17  	757.8 	19.7  	24    	7.7      	092   	-7.7       	0.3        	2529      	-1.2
412       	17:07:19  	757.4 	19.7  	24    	7.7      	092   	-7.7       	0.3        	2533      	-1.2
414       	17:07:21  	757.0 	19.6  	24    	7.8      	093   	-7.8       	0.4        	2538      	-1.3
416       	17:07:23  	756.6 	19.6  	24    	7.8      	094   	-7.8       	0.5        	2542      	-1.4
418       	17:07:25  	756.2 	19.6  	24    	7.9      	094   	-7.9       	0.6        	2547      	-1.4
420       	17:07:27  	755.8 	19.6  	24    	8.0      	096   	-8.0       	0.8        	2551      	-1.4
422       	17:07:29  	755.5 	19.6  	24    	8.1      	096   	-8.1       	0.9        	2555      	-1.4
424       	17:07:31  	755.1 	19.6  	24    	8.3      	097   	-8.2       	1.0        	2559      	-1.5
426       	17:07:33  	754.7 	19.5  	24    	8.4      	098   	-8.3       	1.1        	2563      	-1.5
428       	17:07:35  	754.3 	19.5  	24    	8.4      	098   	-8.3       	1.2        	2568      	-1.5
430       	17:07:37  	754.0 	19.5  	24    	8.5      	098   	-8.4       	1.2        	2572      	-1.6
432       	17:07:39  	753.6 	19.4  	24    	8.6      	099   	-8.5       	1.3        	2577      	-1.6
434       	17:07:41  	753.1 	19.4  	24    	8.7      	099   	-8.6       	1.3        	2581      	-1.7
436       	17:07:43  	752.7 	19.3  	24    	8.8      	098   	-8.7       	1.3        	2586      	-1.7
438       	17:07:45  	752.3 	19.3  	24    	8.9      	098   	-8.8       	1.3        	2591      	-1.7
440       	17:07:47  	751.9 	19.2  	24    	8.9      	098   	-8.8       	1.3        	2596      	-1.7
442       	17:07:49  	751.4 	19.2  	24    	9.0      	098   	-8.9       	1.3        	2601      	-1.7
444       	17:07:51  	751.0 	19.2  	24    	9.0      	098   	-8.9       	1.2        	2606      	-1.7
446       	17:07:53  	750.6 	19.2  	24    	9.1      	097   	-9.0       	1.1        	2611      	-1.7
448       	17:07:55  	750.1 	19.1  	24    	9.1      	096   	-9.0       	1.0        	2616      	-1.7
450       	17:07:57  	749.7 	19.1  	24    	9.1      	096   	-9.1       	0.9        	2621      	-1.7
452       	17:07:59  	749.2 	19.0  	24    	9.1      	095   	-9.1       	0.8        	2626      	-1.8
454       	17:08:01  	748.8 	19.0  	24    	9.1      	094   	-9.1       	0.7        	2631      	-1.7
456       	17:08:03  	748.4 	19.0  	25    	9.2      	094   	-9.2       	0.6        	2636      	-1.7
458       	17:08:05  	748.0 	18.9  	25    	9.2      	093   	-9.2       	0.5        	2640      	-1.7
460       	17:08:07  	747.7 	18.9  	25    	9.2      	092   	-9.2       	0.4        	2644      	-1.7
462       	17:08:09  	747.3 	18.9  	25    	9.2      	092   	-9.2       	0.3        	2648      	-1.7
464       	17:08:11  	746.9 	18.8  	25    	9.2      	091   	-9.2       	0.2        	2653      	-1.7
466       	17:08:13  	746.6 	18.8  	25    	9.2      	091   	-9.2       	0.2        	2657      	-1.7
468       	17:08:15  	746.2 	18.7  	25    	9.3      	091   	-9.3       	0.1        	2661      	-1.8
470       	17:08:17  	745.9 	18.7  	25    	9.3      	091   	-9.3       	0.1        	2665      	-1.8
472       	17:08:19  	745.6 	18.7  	25    	9.4      	091   	-9.4       	0.1        	2668      	-1.8
474       	17:08:21  	745.2 	18.6  	25    	9.4      	091   	-9.4       	0.1        	2672      	-1.8
476       	17:08:23  	744.9 	18.6  	25    	9.5      	091   	-9.5       	0.2        	2676      	-1.8
478       	17:08:25  	744.5 	18.6  	25    	9.6      	091   	-9.6       	0.2        	2680      	-1.8
480       	17:08:27  	744.2 	18.5  	25    	9.6      	091   	-9.6       	0.2        	2684      	-1.9
482       	17:08:29  	743.8 	18.5  	25    	9.7      	091   	-9.7       	0.2        	2688      	-1.9
484       	17:08:31  	743.5 	18.5  	25    	9.7      	092   	-9.7       	0.3        	2692      	-1.9
486       	17:08:33  	743.1 	18.4  	25    	9.8      	091   	-9.8       	0.2        	2696      	-1.9
488       	17:08:35  	742.8 	18.4  	25    	9.8      	091   	-9.8       	0.2        	2700      	-1.9
490       	17:08:37  	742.4 	18.4  	25    	9.7      	091   	-9.7       	0.1        	2705      	-1.9
492       	17:08:39  	742.0 	18.3  	25    	9.7      	090   	-9.7       	-0.0       	2709      	-1.9
494       	17:08:41  	741.7 	18.3  	25    	9.6      	090   	-9.6       	-0.0       	2713      	-1.9
496       	17:08:43  	741.4 	18.3  	25    	9.6      	089   	-9.6       	-0.1       	2717      	-1.9
498       	17:08:45  	741.0 	18.2  	25    	9.5      	089   	-9.5       	-0.2       	2721      	-1.9
500       	17:08:47  	740.7 	18.2  	25    	9.5      	088   	-9.5       	-0.3       	2724      	-1.9
502       	17:08:49  	740.4 	18.1  	26    	9.4      	088   	-9.4       	-0.4       	2728      	-1.9
504       	17:08:51  	740.0 	18.1  	26    	9.3      	087   	-9.3       	-0.5       	2732      	-1.9
506       	17:08:53  	739.7 	18.1  	26    	9.3      	086   	-9.3       	-0.6       	2736      	-1.9
508       	17:08:55  	739.4 	18.0  	26    	9.3      	086   	-9.3       	-0.6       	2740      	-1.8
510       	17:08:57  	739.0 	18.0  	26    	9.3      	086   	-9.3       	-0.7       	2744      	-1.8
512       	17:08:59  	738.7 	18.0  	26    	9.2      	086   	-9.2       	-0.6       	2747      	-1.8
514       	17:09:01  	738.4 	17.9  	26    	9.1      	086   	-9.1       	-0.6       	2750      	-1.8
516       	17:09:03  	738.1 	17.9  	26    	9.0      	086   	-9.0       	-0.6       	2754      	-1.8
518       	17:09:05  	737.8 	17.9  	26    	8.9      	087   	-8.9       	-0.5       	2757      	-1.8
520       	17:09:07  	737.5 	17.8  	26    	8.8      	087   	-8.8       	-0.5       	2761      	-1.8
522       	17:09:09  	737.2 	17.8  	26    	8.8      	087   	-8.8       	-0.4       	2765      	-1.8
524       	17:09:11  	736.9 	17.7  	26    	8.6      	087   	-8.6       	-0.4       	2769      	-1.9
526       	17:09:13  	736.5 	17.7  	26    	8.4      	088   	-8.4       	-0.3       	2773      	-1.9
528       	17:09:15  	736.2 	17.7  	26    	8.2      	089   	-8.2       	-0.2       	2777      	-1.9
530       	17:09:17  	735.8 	17.7  	26    	8.1      	089   	-8.1       	-0.1       	2781      	-1.9
532       	17:09:19  	735.5 	17.6  	26    	7.9      	089   	-7.9       	-0.1       	2785      	-1.8
534       	17:09:21  	735.1 	17.6  	26    	7.8      	089   	-7.8       	-0.1       	2789      	-1.8
536       	17:09:23  	734.8 	17.6  	27    	7.7      	089   	-7.7       	-0.1       	2793      	-1.8
538       	17:09:25  	734.4 	17.6  	27    	7.4      	088   	-7.4       	-0.2       	2797      	-1.8
540       	17:09:27  	734.1 	17.6  	27    	7.2      	088   	-7.2       	-0.3       	2801      	-1.8
542       	17:09:29  	733.7 	17.5  	27    	7.0      	088   	-7.0       	-0.3       	2805      	-1.7
544       	17:09:31  	733.4 	17.5  	27    	6.8      	087   	-6.8       	-0.4       	2809      	-1.7
546       	17:09:33  	733.0 	17.5  	27    	6.7      	086   	-6.7       	-0.5       	2813      	-1.7
548       	17:09:35  	732.7 	17.4  	27    	6.6      	085   	-6.6       	-0.6       	2817      	-1.7
550       	17:09:37  	732.4 	17.4  	27    	6.5      	083   	-6.5       	-0.8       	2821      	-1.7
552       	17:09:39  	732.1 	17.4  	27    	6.4      	082   	-6.3       	-0.9       	2825      	-1.7
554       	17:09:41  	731.7 	17.3  	27    	6.3      	080   	-6.2       	-1.1       	2828      	-1.7
556       	17:09:43  	731.4 	17.3  	27    	6.2      	079   	-6.1       	-1.2       	2832      	-1.7
558       	17:09:45  	731.0 	17.3  	27    	6.1      	078   	-6.0       	-1.3       	2836      	-1.8
560       	17:09:47  	730.7 	17.2  	27    	6.1      	078   	-6.0       	-1.3       	2840      	-1.8
562       	17:09:49  	730.3 	17.2  	27    	6.1      	077   	-5.9       	-1.4       	2845      	-1.8
564       	17:09:51  	730.0 	17.1  	27    	6.0      	076   	-5.8       	-1.4       	2849      	-1.8
566       	17:09:53  	729.6 	17.1  	27    	5.9      	076   	-5.7       	-1.4       	2853      	-1.8
568       	17:09:55  	729.2 	17.1  	27    	5.8      	076   	-5.6       	-1.4       	2857      	-1.8
570       	17:09:57  	728.9 	17.0  	27    	5.7      	077   	-5.5       	-1.3       	2862      	-1.8
572       	17:09:59  	728.5 	17.0  	28    	5.5      	077   	-5.4       	-1.2       	2866      	-1.8
574       	17:10:01  	728.1 	17.0  	28    	5.4      	077   	-5.3       	-1.2       	2870      	-1.8
576       	17:10:03  	727.8 	16.9  	28    	5.4      	078   	-5.3       	-1.1       	2874      	-1.8
578       	17:10:05  	727.5 	16.9  	28    	5.3      	078   	-5.2       	-1.1       	2878      	-1.7
580       	17:10:07  	727.2 	16.9  	28    	5.3      	079   	-5.2       	-1.0       	2882      	-1.7
582       	17:10:09  	726.9 	16.9  	28    	5.3      	079   	-5.2       	-1.0       	2885      	-1.7
584       	17:10:11  	726.6 	16.8  	28    	5.3      	079   	-5.2       	-1.0       	2889      	-1.7
586       	17:10:13  	726.3 	16.8  	28    	5.3      	079   	-5.2       	-1.0       	2892      	-1.8
588       	17:10:15  	726.0 	16.7  	28    	5.4      	079   	-5.3       	-1.0       	2896      	-1.8
590       	17:10:17  	725.6 	16.7  	28    	5.4      	078   	-5.3       	-1.1       	2900      	-1.9
592       	17:10:19  	725.2 	16.6  	28    	5.5      	077   	-5.4       	-1.2       	2904      	-1.9
594       	17:10:21  	724.8 	16.6  	28    	5.5      	077   	-5.4       	-1.2       	2909      	-1.9
596       	17:10:23  	724.5 	16.6  	28    	5.6      	076   	-5.4       	-1.3       	2913      	-1.9
598       	17:10:25  	724.1 	16.5  	28    	5.7      	077   	-5.5       	-1.3       	2918      	-2.0
600       	17:10:27  	723.7 	16.5  	28    	5.7      	076   	-5.5       	-1.4       	2922      	-1.9
602       	17:10:29  	723.4 	16.4  	28    	5.7      	076   	-5.5       	-1.4       	2926      	-1.9
604       	17:10:31  	723.0 	16.4  	28    	5.7      	075   	-5.5       	-1.5       	2931      	-1.9
606       	17:10:33  	722.7 	16.4  	29    	5.7      	075   	-5.5       	-1.5       	2934      	-1.9
608       	17:10:35  	722.4 	16.3  	29    	5.7      	075   	-5.5       	-1.5       	2938      	-1.9
610       	17:10:37  	722.0 	16.3  	29    	5.6      	074   	-5.4       	-1.5       	2942      	-1.9
612       	17:10:39  	721.7 	16.3  	29    	5.6      	074   	-5.4       	-1.5       	2946      	-1.9
614       	17:10:41  	721.3 	16.2  	29    	5.6      	074   	-5.4       	-1.5       	2950      	-1.9
616       	17:10:43  	721.0 	16.2  	29    	5.6      	074   	-5.4       	-1.5       	2954      	-1.9
618       	17:10:45  	720.6 	16.1  	29    	5.6      	075   	-5.4       	-1.4       	2959      	-1.9
620       	17:10:47  	720.2 	16.1  	29    	5.6      	075   	-5.4       	-1.4       	2963      	-2.0
622       	17:10:49  	719.9 	16.1  	29    	5.6      	075   	-5.4       	-1.4       	2967      	-2.0
624       	17:10:51  	719.5 	16.0  	29    	5.6      	075   	-5.4       	-1.4       	2972      	-2.0
626       	17:10:53  	719.1 	16.0  	29    	5.6      	075   	-5.4       	-1.4       	2976      	-2.0
628       	17:10:55  	718.7 	15.9  	29    	5.6      	076   	-5.4       	-1.3       	2981      	-1.9
630       	17:10:57  	718.4 	15.9  	29    	5.6      	076   	-5.4       	-1.3       	2985      	-1.9
632       	17:10:59  	718.0 	15.9  	29    	5.5      	077   	-5.4       	-1.2       	2990      	-1.9
634       	17:11:01  	717.6 	15.9  	30    	5.5      	077   	-5.4       	-1.2       	2994      	-1.8
636       	17:11:03  	717.3 	15.8  	30    	5.4      	077   	-5.3       	-1.2       	2998      	-1.8
638       	17:11:05  	716.9 	15.8  	30    	5.4      	077   	-5.3       	-1.2       	3002      	-1.9
640       	17:11:07  	716.6 	15.7  	30    	5.3      	078   	-5.2       	-1.1       	3007      	-1.9
642       	17:11:09  	716.2 	15.7  	30    	5.2      	078   	-5.1       	-1.1       	3011      	-2.0
644       	17:11:11  	715.8 	15.6  	30    	5.0      	078   	-4.9       	-1.0       	3016      	-2.0
646       	17:11:13  	715.3 	15.5  	30    	4.9      	078   	-4.8       	-1.0       	3021      	-2.1
648       	17:11:15  	714.9 	15.5  	30    	4.8      	078   	-4.7       	-1.0       	3026      	-2.1
650       	17:11:17  	714.5 	15.4  	30    	4.6      	077   	-4.5       	-1.0       	3031      	-2.1
652       	17:11:19  	714.0 	15.4  	30    	4.5      	078   	-4.4       	-0.9       	3037      	-2.0
654       	17:11:21  	713.5 	15.4  	30    	4.2      	076   	-4.1       	-1.0       	3042      	-1.8
656       	17:11:23  	713.1 	15.4  	31    	4.0      	074   	-3.8       	-1.1       	3048      	-1.6
658       	17:11:25  	712.6 	15.5  	31    	3.7      	071   	-3.5       	-1.2       	3053      	-1.4
660       	17:11:27  	712.2 	15.5  	32    	3.4      	069   	-3.2       	-1.2       	3058      	-1.2
662       	17:11:29  	711.8 	15.4  	32    	3.4      	067   	-3.1       	-1.3       	3063      	-1.1
664       	17:11:31  	711.4 	15.4  	32    	3.2      	064   	-2.9       	-1.4       	3067      	-1.0
666       	17:11:33  	711.0 	15.4  	33    	3.0      	060   	-2.6       	-1.5       	3072      	-0.9
668       	17:11:35  	710.6 	15.3  	33    	2.9      	054   	-2.3       	-1.7       	3077      	-0.9
670       	17:11:37  	710.2 	15.3  	33    	2.7      	048   	-2.0       	-1.8       	3082      	-0.9
672       	17:11:39  	709.8 	15.2  	33    	2.5      	042   	-1.7       	-1.9       	3087      	-0.9
674       	17:11:41  	709.4 	15.2  	33    	2.4      	038   	-1.5       	-1.9       	3092      	-0.9
676       	17:11:43  	709.0 	15.1  	33    	2.4      	035   	-1.4       	-2.0       	3097      	-1.0
678       	17:11:45  	708.6 	15.1  	33    	2.3      	031   	-1.2       	-2.0       	3102      	-1.0
680       	17:11:47  	708.1 	15.0  	33    	2.3      	025   	-1.0       	-2.1       	3106      	-1.0
682       	17:11:49  	707.7 	15.0  	33    	2.4      	022   	-0.9       	-2.2       	3111      	-1.0
684       	17:11:51  	707.3 	14.9  	33    	2.3      	018   	-0.7       	-2.2       	3117      	-1.0
686       	17:11:53  	706.8 	14.9  	33    	2.4      	015   	-0.6       	-2.3       	3122      	-1.0
688       	17:11:55  	706.4 	14.8  	33    	2.5      	012   	-0.5       	-2.4       	3128      	-1.1
690       	17:11:57  	705.9 	14.8  	34    	2.5      	012   	-0.5       	-2.4       	3133      	-1.1
692       	17:11:59  	705.4 	14.7  	34    	2.5      	011   	-0.5       	-2.5       	3139      	-1.1
694       	17:12:01  	705.0 	14.7  	34    	2.6      	011   	-0.5       	-2.6       	3144      	-1.1
696       	17:12:03  	704.5 	14.6  	34    	2.7      	008   	-0.4       	-2.7       	3150      	-1.1
698       	17:12:05  	704.0 	14.6  	34    	2.8      	008   	-0.4       	-2.8       	3157      	-1.1
700       	17:12:07  	703.5 	14.5  	34    	2.9      	008   	-0.4       	-2.9       	3162      	-1.1
702       	17:12:09  	703.0 	14.5  	34    	2.9      	008   	-0.4       	-2.9       	3168      	-1.0
704       	17:12:11  	702.6 	14.4  	34    	3.0      	008   	-0.4       	-3.0       	3173      	-1.0
706       	17:12:13  	702.1 	14.4  	35    	3.1      	007   	-0.4       	-3.1       	3179      	-1.0
708       	17:12:15  	701.7 	14.4  	35    	3.1      	007   	-0.4       	-3.1       	3184      	-1.0
710       	17:12:17  	701.2 	14.3  	35    	3.2      	007   	-0.4       	-3.2       	3190      	-1.0
712       	17:12:19  	700.8 	14.3  	35    	3.2      	007   	-0.4       	-3.2       	3195      	-1.0
714       	17:12:21  	700.4 	14.2  	35    	3.2      	007   	-0.4       	-3.2       	3200      	-1.0
716       	17:12:23  	700.0 	14.2  	35    	3.2      	007   	-0.4       	-3.2       	3205      	-1.0
718       	17:12:25  	699.5 	14.1  	35    	3.2      	005   	-0.3       	-3.2       	3210      	-1.0
720       	17:12:27  	699.1 	14.1  	35    	3.1      	006   	-0.3       	-3.1       	3215      	-1.0
722       	17:12:29  	698.7 	14.0  	35    	3.1      	006   	-0.3       	-3.1       	3220      	-1.0
724       	17:12:31  	698.3 	14.0  	35    	3.0      	006   	-0.3       	-3.0       	3225      	-1.0
726       	17:12:33  	697.9 	13.9  	35    	3.0      	004   	-0.2       	-3.0       	3230      	-1.0
728       	17:12:35  	697.5 	13.9  	36    	2.9      	004   	-0.2       	-2.9       	3234      	-1.1
730       	17:12:37  	697.1 	13.9  	36    	2.8      	004   	-0.2       	-2.8       	3239      	-1.0
732       	17:12:39  	696.7 	13.8  	36    	2.7      	002   	-0.1       	-2.7       	3244      	-1.0
734       	17:12:41  	696.3 	13.8  	36    	2.7      	360   	0.0        	-2.7       	3249      	-1.1
736       	17:12:43  	695.9 	13.7  	36    	2.6      	358   	0.1        	-2.6       	3253      	-1.1
738       	17:12:45  	695.5 	13.7  	36    	2.5      	355   	0.2        	-2.5       	3258      	-1.1
740       	17:12:47  	695.2 	13.6  	36    	2.5      	353   	0.3        	-2.5       	3263      	-1.1
742       	17:12:49  	694.8 	13.6  	36    	2.5      	353   	0.3        	-2.5       	3267      	-1.1
744       	17:12:51  	694.4 	13.6  	36    	2.5      	351   	0.4        	-2.5       	3272      	-1.1
746       	17:12:53  	694.0 	13.5  	36    	2.6      	349   	0.5        	-2.6       	3277      	-1.1
748       	17:12:55  	693.6 	13.4  	36    	2.7      	350   	0.5        	-2.7       	3281      	-1.2
750       	17:12:57  	693.3 	13.4  	36    	2.8      	347   	0.6        	-2.7       	3286      	-1.2
752       	17:12:59  	692.8 	13.3  	36    	2.9      	348   	0.6        	-2.8       	3291      	-1.2
754       	17:13:01  	692.4 	13.3  	37    	3.0      	348   	0.6        	-2.9       	3296      	-1.2
756       	17:13:03  	692.0 	13.2  	37    	3.2      	349   	0.6        	-3.1       	3301      	-1.2
758       	17:13:05  	691.6 	13.2  	37    	3.5      	348   	0.7        	-3.4       	3306      	-1.1
760       	17:13:07  	691.2 	13.2  	37    	3.7      	347   	0.8        	-3.6       	3311      	-1.1
762       	17:13:09  	690.7 	13.1  	37    	4.0      	347   	0.9        	-3.9       	3316      	-1.0
764       	17:13:11  	690.3 	13.1  	38    	4.1      	346   	1.0        	-4.0       	3321      	-1.0
766       	17:13:13  	689.9 	13.0  	38    	4.3      	345   	1.1        	-4.2       	3326      	-1.0
768       	17:13:15  	689.5 	13.0  	38    	4.5      	344   	1.2        	-4.3       	3332      	-1.0
770       	17:13:17  	689.0 	12.9  	38    	4.7      	344   	1.3        	-4.5       	3337      	-1.0
772       	17:13:19  	688.6 	12.9  	38    	4.9      	342   	1.5        	-4.7       	3343      	-1.0
774       	17:13:21  	688.1 	12.8  	38    	5.2      	341   	1.7        	-4.9       	3348      	-1.0
776       	17:13:23  	687.7 	12.8  	38    	5.4      	341   	1.8        	-5.1       	3354      	-1.0
778       	17:13:25  	687.2 	12.7  	38    	5.4      	340   	1.9        	-5.1       	3359      	-1.0
780       	17:13:27  	686.8 	12.7  	39    	5.6      	339   	2.0        	-5.2       	3364      	-1.0
782       	17:13:29  	686.4 	12.7  	39    	5.6      	339   	2.0        	-5.2       	3370      	-0.9
784       	17:13:31  	685.9 	12.6  	39    	5.7      	338   	2.1        	-5.3       	3375      	-0.8
786       	17:13:33  	685.5 	12.6  	40    	5.7      	338   	2.1        	-5.3       	3380      	-0.8
788       	17:13:35  	685.1 	12.5  	40    	5.8      	338   	2.2        	-5.4       	3386      	-0.7
790       	17:13:37  	684.7 	12.5  	40    	5.8      	339   	2.1        	-5.4       	3391      	-0.7
792       	17:13:39  	684.3 	12.5  	40    	5.8      	339   	2.1        	-5.4       	3395      	-0.6
794       	17:13:41  	683.9 	12.4  	41    	5.8      	339   	2.1        	-5.4       	3400      	-0.6
796       	17:13:43  	683.5 	12.4  	41    	5.8      	340   	2.0        	-5.4       	3405      	-0.6
798       	17:13:45  	683.1 	12.3  	41    	5.8      	340   	2.0        	-5.4       	3410      	-0.6
800       	17:13:47  	682.7 	12.3  	41    	5.9      	340   	2.0        	-5.5       	3414      	-0.6
802       	17:13:49  	682.3 	12.2  	41    	5.9      	340   	2.0        	-5.5       	3419      	-0.6
804       	17:13:51  	681.9 	12.2  	41    	5.9      	339   	2.1        	-5.5       	3424      	-0.6
806       	17:13:53  	681.5 	12.1  	41    	5.9      	339   	2.1        	-5.5       	3429      	-0.7
808       	17:13:55  	681.1 	12.1  	41    	6.0      	339   	2.1        	-5.6       	3435      	-0.7
810       	17:13:57  	680.7 	12.0  	41    	6.0      	339   	2.1        	-5.6       	3440      	-0.7
812       	17:13:59  	680.3 	12.0  	41    	6.1      	340   	2.1        	-5.7       	3445      	-0.7
814       	17:14:01  	679.9 	11.9  	41    	6.1      	340   	2.1        	-5.7       	3450      	-0.7
816       	17:14:03  	679.4 	11.9  	42    	6.2      	340   	2.1        	-5.8       	3455      	-0.7
818       	17:14:05  	679.0 	11.8  	42    	6.1      	341   	2.0        	-5.8       	3460      	-0.7
820       	17:14:07  	678.6 	11.8  	42    	6.1      	341   	2.0        	-5.8       	3465      	-0.7
822       	17:14:09  	678.2 	11.7  	42    	6.2      	341   	2.0        	-5.9       	3470      	-0.7
824       	17:14:11  	677.8 	11.7  	42    	6.2      	342   	1.9        	-5.9       	3475      	-0.7
826       	17:14:13  	677.4 	11.6  	42    	6.3      	342   	1.9        	-6.0       	3480      	-0.7
828       	17:14:15  	677.0 	11.6  	42    	6.4      	343   	1.9        	-6.1       	3485      	-0.7
830       	17:14:17  	676.6 	11.5  	43    	6.4      	343   	1.9        	-6.1       	3490      	-0.7
832       	17:14:19  	676.1 	11.5  	43    	6.4      	343   	1.9        	-6.1       	3495      	-0.7
834       	17:14:21  	675.7 	11.4  	43    	6.5      	343   	1.9        	-6.2       	3501      	-0.7
836       	17:14:23  	675.3 	11.4  	43    	6.6      	342   	2.0        	-6.3       	3506      	-0.7
838       	17:14:25  	674.9 	11.3  	43    	6.6      	342   	2.0        	-6.3       	3511      	-0.7
840       	17:14:27  	674.5 	11.3  	43    	6.7      	343   	2.0        	-6.4       	3516      	-0.7
842       	17:14:29  	674.1 	11.2  	43    	6.7      	343   	2.0        	-6.4       	3521      	-0.7
844       	17:14:31  	673.7 	11.2  	43    	6.7      	343   	2.0        	-6.4       	3526      	-0.8
846       	17:14:33  	673.3 	11.1  	44    	6.8      	343   	2.0        	-6.5       	3531      	-0.8
848       	17:14:35  	672.8 	11.1  	44    	6.8      	343   	2.0        	-6.5       	3536      	-0.8
850       	17:14:37  	672.4 	11.0  	44    	6.9      	343   	2.0        	-6.6       	3542      	-0.8
852       	17:14:39  	672.0 	11.0  	44    	6.9      	343   	2.0        	-6.6       	3547      	-0.8
854       	17:14:41  	671.6 	10.9  	44    	6.9      	343   	2.0        	-6.6       	3552      	-0.8
856       	17:14:43  	671.2 	10.9  	44    	6.9      	343   	2.0        	-6.6       	3557      	-0.8
858       	17:14:45  	670.8 	10.8  	44    	6.9      	342   	2.1        	-6.6       	3562      	-0.8
860       	17:14:47  	670.3 	10.8  	45    	6.9      	343   	2.0        	-6.6       	3567      	-0.8
862       	17:14:49  	669.9 	10.7  	45    	6.9      	343   	2.0        	-6.6       	3573      	-0.8
864       	17:14:51  	669.5 	10.7  	45    	7.0      	343   	2.0        	-6.7       	3578      	-0.8
866       	17:14:53  	669.1 	10.6  	45    	7.0      	343   	2.0        	-6.7       	3583      	-0.7
868       	17:14:55  	668.7 	10.6  	45    	7.0      	343   	2.0        	-6.7       	3588      	-0.7
870       	17:14:57  	668.3 	10.6  	45    	7.0      	343   	2.0        	-6.7       	3593      	-0.7
872       	17:14:59  	667.9 	10.5  	45    	7.0      	343   	2.0        	-6.7       	3597      	-0.7
874       	17:15:01  	667.5 	10.5  	46    	7.0      	343   	2.0        	-6.7       	3602      	-0.7
876       	17:15:03  	667.1 	10.4  	46    	7.1      	344   	2.0        	-6.8       	3608      	-0.8
878       	17:15:05  	666.7 	10.3  	46    	7.1      	344   	2.0        	-6.8       	3613      	-0.8
880       	17:15:07  	666.3 	10.3  	46    	7.1      	344   	2.0        	-6.8       	3618      	-0.8
882       	17:15:09  	665.9 	10.2  	46    	7.1      	344   	2.0        	-6.8       	3623      	-0.8
884       	17:15:11  	665.5 	10.2  	46    	7.1      	344   	2.0        	-6.8       	3628      	-0.8
886       	17:15:13  	665.1 	10.1  	46    	7.1      	344   	2.0        	-6.8       	3633      	-0.9
888       	17:15:15  	664.7 	10.1  	46    	7.2      	344   	2.0        	-6.9       	3638      	-0.9
890       	17:15:17  	664.2 	10.0  	46    	7.2      	344   	2.0        	-6.9       	3644      	-0.9
892       	17:15:19  	663.8 	10.0  	47    	7.2      	344   	2.0        	-6.9       	3649      	-0.9
894       	17:15:21  	663.4 	9.9   	47    	7.2      	344   	2.0        	-6.9       	3654      	-0.9
896       	17:15:23  	663.0 	9.9   	47    	7.2      	344   	2.0        	-6.9       	3659      	-0.9
898       	17:15:25  	662.6 	9.9   	47    	7.3      	344   	2.0        	-7.0       	3664      	-0.9
900       	17:15:27  	662.2 	9.8   	47    	7.3      	345   	1.9        	-7.0       	3669      	-0.8
902       	17:15:29  	661.8 	9.8   	48    	7.3      	345   	1.9        	-7.0       	3674      	-0.8
904       	17:15:31  	661.4 	9.7   	48    	7.3      	345   	1.9        	-7.1       	3679      	-0.8
906       	17:15:33  	661.0 	9.7   	48    	7.3      	345   	1.9        	-7.1       	3684      	-0.8
908       	17:15:35  	660.6 	9.6   	48    	7.3      	345   	1.9        	-7.1       	3689      	-0.8
910       	17:15:37  	660.2 	9.6   	48    	7.3      	345   	1.9        	-7.1       	3694      	-0.8
912       	17:15:39  	659.8 	9.5   	48    	7.4      	345   	1.9        	-7.2       	3699      	-0.8
914       	17:15:41  	659.4 	9.4   	48    	7.5      	346   	1.8        	-7.3       	3705      	-0.9
916       	17:15:43  	659.0 	9.4   	49    	7.6      	346   	1.8        	-7.4       	3710      	-0.9
918       	17:15:45  	658.6 	9.4   	49    	7.7      	347   	1.8        	-7.5       	3715      	-0.9
920       	17:15:47  	658.2 	9.3   	49    	7.7      	347   	1.8        	-7.5       	3720      	-0.9
922       	17:15:49  	657.8 	9.3   	49    	7.8      	347   	1.7        	-7.6       	3725      	-0.9
924       	17:15:51  	657.4 	9.2   	49    	7.9      	348   	1.7        	-7.7       	3730      	-0.9
926       	17:15:53  	657.0 	9.2   	49    	8.0      	348   	1.6        	-7.8       	3735      	-0.9
928       	17:15:55  	656.6 	9.1   	49    	8.0      	348   	1.6        	-7.8       	3739      	-0.9
930       	17:15:57  	656.2 	9.1   	49    	8.1      	349   	1.6        	-7.9       	3744      	-0.9
932       	17:15:59  	655.9 	9.0   	49    	8.0      	349   	1.5        	-7.9       	3749      	-0.9
934       	17:16:01  	655.5 	9.0   	50    	8.0      	349   	1.5        	-7.9       	3754      	-0.9
936       	17:16:03  	655.1 	8.9   	50    	8.0      	349   	1.5        	-7.9       	3758      	-0.9
938       	17:16:05  	654.8 	8.9   	50    	8.1      	350   	1.4        	-8.0       	3763      	-0.9
940       	17:16:07  	654.4 	8.8   	50    	8.1      	350   	1.4        	-8.0       	3767      	-0.9
942       	17:16:09  	654.0 	8.8   	50    	8.2      	350   	1.4        	-8.1       	3772      	-0.9
944       	17:16:11  	653.6 	8.8   	51    	8.2      	350   	1.4        	-8.1       	3777      	-0.9
946       	17:16:13  	653.3 	8.7   	51    	8.3      	350   	1.4        	-8.2       	3782      	-0.9
948       	17:16:15  	652.9 	8.7   	51    	8.3      	350   	1.4        	-8.2       	3786      	-0.9
950       	17:16:17  	652.5 	8.6   	51    	8.4      	350   	1.5        	-8.3       	3791      	-0.9
952       	17:16:19  	652.2 	8.6   	51    	8.5      	350   	1.5        	-8.4       	3796      	-0.9
954       	17:16:21  	651.8 	8.5   	52    	8.6      	350   	1.5        	-8.5       	3801      	-0.9
956       	17:16:23  	651.4 	8.5   	52    	8.7      	350   	1.5        	-8.6       	3805      	-0.9
958       	17:16:25  	651.0 	8.4   	52    	8.7      	350   	1.5        	-8.6       	3810      	-0.9
960       	17:16:27  	650.7 	8.4   	52    	8.8      	350   	1.5        	-8.7       	3815      	-0.9
962       	17:16:29  	650.3 	8.3   	52    	8.8      	350   	1.5        	-8.7       	3820      	-0.9
964       	17:16:31  	649.9 	8.3   	52    	8.8      	350   	1.5        	-8.7       	3824      	-0.9
966       	17:16:33  	649.5 	8.2   	52    	8.9      	350   	1.5        	-8.8       	3829      	-0.9
968       	17:16:35  	649.2 	8.2   	53    	8.9      	350   	1.5        	-8.8       	3834      	-0.9
970       	17:16:37  	648.8 	8.2   	53    	8.9      	350   	1.5        	-8.8       	3838      	-0.9
972       	17:16:39  	648.5 	8.1   	53    	8.9      	350   	1.5        	-8.8       	3843      	-0.9
974       	17:16:41  	648.1 	8.1   	53    	8.9      	350   	1.5        	-8.8       	3847      	-0.9
976       	17:16:43  	647.8 	8.0   	53    	8.9      	350   	1.5        	-8.8       	3852      	-0.8
978       	17:16:45  	647.4 	8.0   	54    	9.0      	350   	1.5        	-8.9       	3856      	-0.8
980       	17:16:47  	647.1 	7.9   	54    	9.0      	350   	1.5        	-8.9       	3860      	-0.8
982       	17:16:49  	646.8 	7.9   	54    	9.1      	351   	1.5        	-9.0       	3865      	-0.8
984       	17:16:51  	646.4 	7.9   	54    	9.1      	351   	1.5        	-9.0       	3869      	-0.8
986       	17:16:53  	646.1 	7.8   	54    	9.2      	351   	1.5        	-9.1       	3873      	-0.8
988       	17:16:55  	645.7 	7.8   	54    	9.2      	351   	1.5        	-9.1       	3878      	-0.9
990       	17:16:57  	645.4 	7.7   	54    	9.3      	351   	1.5        	-9.2       	3883      	-0.9
992       	17:16:59  	645.0 	7.7   	55    	9.4      	351   	1.5        	-9.3       	3887      	-0.9
994       	17:17:01  	644.6 	7.6   	55    	9.5      	351   	1.5        	-9.4       	3892      	-0.9
996       	17:17:03  	644.3 	7.6   	55    	9.5      	352   	1.4        	-9.4       	3896      	-0.9
998       	17:17:05  	643.9 	7.5   	55    	9.5      	352   	1.4        	-9.4       	3901      	-0.9
1000      	17:17:07  	643.6 	7.5   	55    	9.6      	352   	1.4        	-9.5       	3905      	-0.9
1002      	17:17:09  	643.3 	7.5   	55    	9.6      	352   	1.4        	-9.5       	3909      	-0.9
1004      	17:17:11  	642.9 	7.4   	55    	9.5      	352   	1.3        	-9.4       	3914      	-0.9
1006      	17:17:13  	642.6 	7.4   	56    	9.5      	352   	1.3        	-9.4       	3918      	-0.9
1008      	17:17:15  	642.2 	7.3   	56    	9.5      	352   	1.3        	-9.4       	3923      	-0.9
1010      	17:17:17  	641.8 	7.3   	56    	9.5      	352   	1.3        	-9.4       	3927      	-0.9
1012      	17:17:19  	641.5 	7.2   	56    	9.4      	352   	1.3        	-9.3       	3932      	-0.9
1014      	17:17:21  	641.1 	7.2   	56    	9.4      	352   	1.3        	-9.3       	3936      	-1.0
1016      	17:17:23  	640.8 	7.1   	56    	9.4      	352   	1.3        	-9.3       	3941      	-1.0
1018      	17:17:25  	640.4 	7.1   	56    	9.4      	351   	1.4        	-9.3       	3946      	-1.0
1020      	17:17:27  	640.1 	7.1   	56    	9.4      	351   	1.4        	-9.3       	3950      	-1.0
1022      	17:17:29  	639.7 	7.0   	56    	9.4      	351   	1.4        	-9.3       	3955      	-1.0
1024      	17:17:31  	639.4 	7.0   	57    	9.4      	351   	1.4        	-9.3       	3959      	-1.0
1026      	17:17:33  	639.0 	6.9   	57    	9.4      	351   	1.4        	-9.3       	3964      	-1.0
1028      	17:17:35  	638.6 	6.9   	57    	9.4      	351   	1.5        	-9.3       	3969      	-1.0
1030      	17:17:37  	638.3 	6.8   	57    	9.5      	351   	1.5        	-9.4       	3973      	-1.0
1032      	17:17:39  	637.9 	6.8   	57    	9.5      	351   	1.5        	-9.4       	3978      	-1.0
1034      	17:17:41  	637.6 	6.8   	57    	9.5      	351   	1.5        	-9.4       	3983      	-1.0
1036      	17:17:43  	637.2 	6.7   	58    	9.6      	352   	1.4        	-9.5       	3987      	-1.1
1038      	17:17:45  	636.8 	6.7   	58    	9.6      	352   	1.4        	-9.5       	3992      	-1.1
1040      	17:17:47  	636.5 	6.6   	58    	9.6      	352   	1.4        	-9.5       	3996      	-1.1
1042      	17:17:49  	636.1 	6.6   	58    	9.7      	352   	1.4        	-9.6       	4001      	-1.1
1044      	17:17:51  	635.8 	6.5   	58    	9.7      	352   	1.4        	-9.6       	4006      	-1.1
1046      	17:17:53  	635.4 	6.5   	58    	9.8      	352   	1.3        	-9.7       	4010      	-1.1
1048      	17:17:55  	635.0 	6.4   	58    	9.8      	352   	1.3        	-9.7       	4015      	-1.1
1050      	17:17:57  	634.7 	6.4   	59    	9.9      	352   	1.3        	-9.8       	4020      	-1.1
1052      	17:17:59  	634.3 	6.4   	59    	9.9      	352   	1.3        	-9.8       	4024      	-1.1
1054      	17:18:01  	634.0 	6.3   	59    	10.0     	353   	1.2        	-9.9       	4029      	-1.2
1056      	17:18:03  	633.6 	6.3   	59    	10.1     	353   	1.2        	-10.0      	4034      	-1.2
1058      	17:18:05  	633.3 	6.2   	59    	10.2     	354   	1.1        	-10.1      	4038      	-1.2
1060      	17:18:07  	632.9 	6.2   	58    	10.3     	354   	1.1        	-10.2      	4043      	-1.3
1062      	17:18:09  	632.6 	6.2   	58    	10.4     	354   	1.1        	-10.3      	4047      	-1.4
1064      	17:18:11  	632.2 	6.1   	58    	10.3     	354   	1.0        	-10.3      	4052      	-1.4
1066      	17:18:13  	631.8 	6.1   	58    	10.4     	355   	1.0        	-10.4      	4056      	-1.5
1068      	17:18:15  	631.5 	6.0   	58    	10.5     	355   	1.0        	-10.5      	4061      	-1.6
1070      	17:18:17  	631.2 	6.0   	58    	10.6     	355   	1.0        	-10.6      	4065      	-1.7
1072      	17:18:19  	630.8 	6.0   	57    	10.7     	355   	1.0        	-10.7      	4070      	-1.8
1074      	17:18:21  	630.5 	5.9   	57    	10.8     	354   	1.1        	-10.7      	4074      	-1.9
1076      	17:18:23  	630.2 	5.9   	57    	10.8     	354   	1.1        	-10.7      	4078      	-2.0
1078      	17:18:25  	629.8 	5.8   	57    	10.8     	354   	1.2        	-10.7      	4083      	-2.1
1080      	17:18:27  	629.5 	5.8   	57    	10.9     	354   	1.2        	-10.8      	4087      	-2.1
1082      	17:18:29  	629.2 	5.8   	57    	10.9     	354   	1.1        	-10.8      	4091      	-2.2
1084      	17:18:31  	628.8 	5.7   	57    	10.9     	354   	1.1        	-10.8      	4096      	-2.2
1086      	17:18:33  	628.5 	5.7   	57    	11.0     	354   	1.1        	-10.9      	4100      	-2.2
1088      	17:18:35  	628.2 	5.7   	57    	10.9     	355   	1.0        	-10.9      	4104      	-2.1
1090      	17:18:37  	627.8 	5.6   	57    	10.9     	355   	0.9        	-10.9      	4109      	-2.1
1092      	17:18:39  	627.5 	5.6   	58    	10.9     	355   	0.9        	-10.9      	4113      	-2.1
1094      	17:18:41  	627.2 	5.5   	58    	10.9     	356   	0.8        	-10.9      	4117      	-2.1
1096      	17:18:43  	626.9 	5.5   	58    	10.9     	356   	0.7        	-10.9      	4121      	-2.2
1098      	17:18:45  	626.6 	5.5   	57    	10.9     	357   	0.6        	-10.9      	4125      	-2.3
1100      	17:18:47  	626.3 	5.4   	57    	10.8     	357   	0.6        	-10.8      	4129      	-2.3
1102      	17:18:49  	625.9 	5.4   	57    	10.8     	357   	0.6        	-10.8      	4133      	-2.4
1104      	17:18:51  	625.6 	5.4   	56    	10.8     	357   	0.5        	-10.8      	4138      	-2.6
1106      	17:18:53  	625.3 	5.3   	56    	10.8     	357   	0.5        	-10.8      	4142      	-2.7
1108      	17:18:55  	625.0 	5.3   	56    	10.8     	357   	0.5        	-10.8      	4146      	-2.8
1110      	17:18:57  	624.7 	5.3   	56    	10.8     	357   	0.5        	-10.8      	4150      	-2.9
1112      	17:18:59  	624.4 	5.2   	55    	10.8     	357   	0.5        	-10.8      	4154      	-3.0
1114      	17:19:01  	624.0 	5.2   	55    	10.8     	357   	0.5        	-10.8      	4158      	-3.1
1116      	17:19:03  	623.7 	5.2   	55    	10.8     	357   	0.5        	-10.8      	4162      	-3.2
1118      	17:19:05  	623.4 	5.1   	55    	10.8     	357   	0.5        	-10.8      	4167      	-3.2
1120      	17:19:07  	623.1 	5.1   	55    	10.8     	357   	0.5        	-10.8      	4171      	-3.3
1122      	17:19:09  	622.7 	5.0   	55    	10.9     	358   	0.4        	-10.9      	4175      	-3.3
1124      	17:19:11  	622.4 	5.0   	55    	10.9     	358   	0.4        	-10.9      	4180      	-3.4
1126      	17:19:13  	622.0 	4.9   	55    	10.8     	358   	0.4        	-10.8      	4184      	-3.4
1128      	17:19:15  	621.7 	4.9   	54    	10.8     	358   	0.4        	-10.8      	4189      	-3.5
1130      	17:19:17  	621.3 	4.9   	54    	10.8     	358   	0.4        	-10.8      	4194      	-3.5
1132      	17:19:19  	621.0 	4.8   	54    	10.8     	358   	0.4        	-10.8      	4198      	-3.6
1134      	17:19:21  	620.6 	4.8   	54    	10.9     	357   	0.5        	-10.9      	4203      	-3.6
1136      	17:19:23  	620.3 	4.7   	54    	10.9     	357   	0.5        	-10.9      	4208      	-3.7
1138      	17:19:25  	620.0 	4.7   	54    	10.9     	357   	0.6        	-10.9      	4212      	-3.7
1140      	17:19:27  	619.6 	4.7   	54    	10.9     	357   	0.6        	-10.9      	4216      	-3.8
1142      	17:19:29  	619.3 	4.6   	54    	11.0     	356   	0.7        	-11.0      	4221      	-3.8
1144      	17:19:31  	618.9 	4.6   	54    	11.0     	356   	0.8        	-11.0      	4225      	-3.8
1146      	17:19:33  	618.6 	4.6   	55    	11.0     	356   	0.8        	-11.0      	4230      	-3.8
1148      	17:19:35  	618.2 	4.5   	55    	11.0     	356   	0.8        	-11.0      	4234      	-3.8
1150      	17:19:37  	617.9 	4.5   	55    	11.0     	355   	0.9        	-11.0      	4239      	-3.8
1152      	17:19:39  	617.6 	4.4   	55    	11.0     	356   	0.8        	-11.0      	4243      	-3.8
1154      	17:19:41  	617.3 	4.4   	55    	11.0     	356   	0.8        	-11.0      	4247      	-3.8
1156      	17:19:43  	616.9 	4.3   	55    	11.0     	356   	0.8        	-11.0      	4251      	-3.8
1158      	17:19:45  	616.6 	4.3   	55    	11.0     	356   	0.7        	-11.0      	4256      	-3.8
1160      	17:19:47  	616.3 	4.2   	56    	11.0     	356   	0.7        	-11.0      	4260      	-3.8
1162      	17:19:49  	615.9 	4.2   	56    	11.0     	357   	0.6        	-11.0      	4265      	-3.9
1164      	17:19:51  	615.6 	4.1   	56    	11.0     	357   	0.6        	-11.0      	4270      	-3.9
1166      	17:19:53  	615.2 	4.1   	56    	11.0     	357   	0.6        	-11.0      	4274      	-3.9
1168      	17:19:55  	614.9 	4.0   	56    	11.0     	357   	0.6        	-11.0      	4279      	-4.0
1170      	17:19:57  	614.5 	4.0   	56    	11.1     	357   	0.6        	-11.1      	4283      	-4.0
1172      	17:19:59  	614.2 	4.0   	56    	11.1     	357   	0.5        	-11.1      	4288      	-4.1
1174      	17:20:01  	613.9 	3.9   	56    	11.2     	357   	0.5        	-11.2      	4292      	-4.1
1176      	17:20:03  	613.5 	3.9   	56    	11.3     	357   	0.5        	-11.3      	4297      	-4.1
1178      	17:20:05  	613.2 	3.9   	56    	11.3     	357   	0.5        	-11.3      	4301      	-4.1
1180      	17:20:07  	612.8 	3.8   	56    	11.4     	357   	0.5        	-11.4      	4306      	-4.1
1182      	17:20:09  	612.5 	3.8   	56    	11.5     	358   	0.5        	-11.5      	4310      	-4.2
1184      	17:20:11  	612.1 	3.7   	56    	11.7     	357   	0.6        	-11.7      	4315      	-4.2
1186      	17:20:13  	611.7 	3.7   	56    	11.9     	357   	0.6        	-11.9      	4320      	-4.2
1188      	17:20:15  	611.4 	3.6   	56    	12.0     	357   	0.7        	-12.0      	4325      	-4.2
1190      	17:20:17  	611.0 	3.6   	56    	12.2     	356   	0.8        	-12.2      	4331      	-4.2
1192      	17:20:19  	610.6 	3.5   	56    	12.3     	356   	0.9        	-12.3      	4336      	-4.4
1194      	17:20:21  	610.2 	3.5   	56    	12.5     	355   	1.0        	-12.5      	4341      	-4.5
1196      	17:20:23  	609.8 	3.5   	55    	12.6     	355   	1.1        	-12.6      	4346      	-4.7
1198      	17:20:25  	609.5 	3.5   	54    	12.8     	354   	1.3        	-12.7      	4351      	-4.9
1200      	17:20:27  	609.1 	3.5   	53    	12.9     	353   	1.5        	-12.8      	4356      	-5.1
1202      	17:20:29  	608.8 	3.5   	52    	13.0     	353   	1.6        	-12.9      	4360      	-5.4
1204      	17:20:31  	608.5 	3.5   	51    	13.0     	352   	1.7        	-12.9      	4364      	-5.7
1206      	17:20:33  	608.1 	3.5   	50    	13.0     	352   	1.8        	-12.9      	4368      	-6.0
1208      	17:20:35  	607.8 	3.4   	49    	13.0     	352   	1.9        	-12.9      	4373      	-6.2
1210      	17:20:37  	607.5 	3.4   	49    	13.1     	351   	2.0        	-12.9      	4377      	-6.4
1212      	17:20:39  	607.2 	3.4   	48    	13.1     	351   	2.1        	-12.9      	4381      	-6.5
1214      	17:20:41  	606.9 	3.3   	48    	13.1     	350   	2.2        	-12.9      	4385      	-6.6
1216      	17:20:43  	606.5 	3.3   	47    	13.1     	350   	2.3        	-12.9      	4390      	-6.8
1218      	17:20:45  	606.2 	3.2   	47    	13.1     	350   	2.3        	-12.9      	4394      	-6.9
1220      	17:20:47  	605.9 	3.2   	47    	13.1     	350   	2.3        	-12.9      	4398      	-6.9
1222      	17:20:49  	605.6 	3.1   	47    	13.1     	349   	2.4        	-12.9      	4403      	-7.0
1224      	17:20:51  	605.2 	3.1   	47    	13.1     	349   	2.4        	-12.9      	4407      	-7.0
1226      	17:20:53  	604.9 	3.0   	47    	13.1     	349   	2.4        	-12.9      	4412      	-7.0
1228      	17:20:55  	604.5 	3.0   	48    	13.2     	349   	2.5        	-13.0      	4417      	-7.0
1230      	17:20:57  	604.1 	2.9   	48    	13.2     	349   	2.5        	-13.0      	4422      	-7.1
1232      	17:20:59  	603.7 	2.9   	48    	13.2     	349   	2.5        	-13.0      	4428      	-7.1
1234      	17:21:01  	603.3 	2.8   	48    	13.4     	349   	2.6        	-13.1      	4433      	-7.2
1236      	17:21:03  	602.9 	2.8   	48    	13.4     	349   	2.6        	-13.1      	4438      	-7.2
1238      	17:21:05  	602.6 	2.7   	48    	13.4     	348   	2.7        	-13.1      	4443      	-7.2
1240      	17:21:07  	602.2 	2.7   	48    	13.5     	348   	2.8        	-13.2      	4448      	-7.3
1242      	17:21:09  	601.8 	2.6   	48    	13.5     	348   	2.8        	-13.2      	4453      	-7.3
1244      	17:21:11  	601.4 	2.6   	48    	13.5     	348   	2.9        	-13.2      	4459      	-7.3
1246      	17:21:13  	601.0 	2.5   	48    	13.5     	348   	2.9        	-13.2      	4464      	-7.3
1248      	17:21:15  	600.6 	2.5   	48    	13.6     	348   	2.9        	-13.3      	4470      	-7.3
1250      	17:21:17  	600.2 	2.4   	49    	13.6     	347   	3.0        	-13.3      	4475      	-7.3
1252      	17:21:19  	599.8 	2.4   	49    	13.6     	347   	3.0        	-13.3      	4481      	-7.2
1254      	17:21:21  	599.4 	2.3   	49    	13.7     	347   	3.1        	-13.3      	4486      	-7.2
1256      	17:21:23  	599.0 	2.3   	49    	13.7     	347   	3.1        	-13.3      	4491      	-7.2
1258      	17:21:25  	598.6 	2.2   	50    	13.7     	347   	3.1        	-13.3      	4496      	-7.2
1260      	17:21:27  	598.3 	2.2   	50    	13.7     	347   	3.1        	-13.3      	4501      	-7.2
1262      	17:21:29  	597.9 	2.1   	50    	13.8     	347   	3.2        	-13.4      	4506      	-7.2
1264      	17:21:31  	597.5 	2.1   	50    	13.9     	347   	3.2        	-13.5      	4511      	-7.1
1266      	17:21:33  	597.2 	2.1   	50    	14.0     	347   	3.2        	-13.6      	4516      	-7.1
1268      	17:21:35  	596.8 	2.0   	51    	14.1     	346   	3.3        	-13.7      	4521      	-7.1
1270      	17:21:37  	596.4 	2.0   	51    	14.1     	346   	3.3        	-13.7      	4526      	-7.2
1272      	17:21:39  	596.1 	1.9   	50    	14.2     	347   	3.3        	-13.8      	4531      	-7.3
1274      	17:21:41  	595.7 	1.9   	50    	14.3     	346   	3.4        	-13.9      	4536      	-7.4
1276      	17:21:43  	595.3 	1.8   	49    	14.4     	346   	3.5        	-14.0      	4541      	-7.6
1278      	17:21:45  	594.9 	1.8   	49    	14.6     	346   	3.6        	-14.1      	4546      	-7.8
1280      	17:21:47  	594.5 	1.7   	48    	14.6     	346   	3.6        	-14.2      	4551      	-8.0
1282      	17:21:49  	594.1 	1.7   	48    	14.6     	346   	3.6        	-14.2      	4557      	-8.2
1284      	17:21:51  	593.7 	1.6   	47    	14.7     	345   	3.7        	-14.2      	4562      	-8.4
1286      	17:21:53  	593.4 	1.6   	47    	14.8     	345   	3.7        	-14.3      	4568      	-8.5
1288      	17:21:55  	593.0 	1.6   	47    	14.8     	345   	3.8        	-14.3      	4573      	-8.6
1290      	17:21:57  	592.6 	1.5   	46    	14.9     	345   	3.9        	-14.4      	4578      	-8.7
1292      	17:21:59  	592.2 	1.5   	46    	14.9     	345   	3.9        	-14.4      	4583      	-8.7
1294      	17:22:01  	591.8 	1.4   	47    	15.0     	345   	4.0        	-14.5      	4588      	-8.7
1296      	17:22:03  	591.4 	1.4   	47    	15.0     	345   	4.0        	-14.5      	4594      	-8.7
1298      	17:22:05  	591.0 	1.4   	46    	15.1     	345   	4.0        	-14.6      	4599      	-8.9
1300      	17:22:07  	590.6 	1.4   	46    	15.3     	344   	4.2        	-14.7      	4605      	-9.1
1302      	17:22:09  	590.2 	1.3   	45    	15.4     	344   	4.3        	-14.8      	4610      	-9.2
1304      	17:22:11  	589.8 	1.3   	44    	15.5     	344   	4.4        	-14.9      	4616      	-9.4
1306      	17:22:13  	589.4 	1.3   	44    	15.6     	343   	4.5        	-14.9      	4621      	-9.5
1308      	17:22:15  	589.0 	1.3   	43    	15.7     	343   	4.6        	-15.0      	4627      	-9.7
1310      	17:22:17  	588.6 	1.3   	43    	15.7     	343   	4.7        	-15.0      	4633      	-9.9
1312      	17:22:19  	588.2 	1.3   	42    	15.9     	342   	4.8        	-15.2      	4638      	-10.2
1314      	17:22:21  	587.8 	1.3   	41    	16.1     	342   	4.9        	-15.3      	4644      	-10.5
1316      	17:22:23  	587.4 	1.3   	40    	16.3     	342   	5.1        	-15.5      	4649      	-10.9
1318      	17:22:25  	587.0 	1.3   	38    	16.5     	342   	5.2        	-15.7      	4654      	-11.4
1320      	17:22:27  	586.6 	1.3   	36    	16.7     	341   	5.3        	-15.8      	4659      	-12.0
1322      	17:22:29  	586.2 	1.3   	34    	16.8     	341   	5.4        	-15.9      	4665      	-12.7
1324      	17:22:31  	585.8 	1.3   	32    	17.0     	341   	5.4        	-16.1      	4670      	-13.3
1326      	17:22:33  	585.4 	1.3   	31    	17.1     	341   	5.5        	-16.2      	4676      	-14.0
1328      	17:22:35  	585.0 	1.3   	29    	17.3     	341   	5.5        	-16.4      	4681      	-14.5
1330      	17:22:37  	584.6 	1.4   	29    	17.5     	341   	5.6        	-16.6      	4687      	-14.8
1332      	17:22:39  	584.2 	1.4   	28    	17.6     	341   	5.6        	-16.7      	4692      	-15.0
1334      	17:22:41  	583.8 	1.3   	28    	17.6     	342   	5.5        	-16.7      	4697      	-15.1
1336      	17:22:43  	583.5 	1.3   	28    	17.6     	342   	5.5        	-16.7      	4703      	-15.1
1338      	17:22:45  	583.1 	1.3   	28    	17.7     	342   	5.5        	-16.8      	4708      	-15.0
1340      	17:22:47  	582.7 	1.3   	28    	17.7     	342   	5.5        	-16.8      	4714      	-15.1
1342      	17:22:49  	582.3 	1.3   	28    	17.7     	342   	5.5        	-16.8      	4719      	-15.3
1344      	17:22:51  	581.9 	1.2   	27    	17.6     	342   	5.5        	-16.7      	4724      	-15.5
1346      	17:22:53  	581.5 	1.2   	27    	17.6     	341   	5.6        	-16.7      	4729      	-15.8
1348      	17:22:55  	581.1 	1.2   	26    	17.6     	341   	5.6        	-16.7      	4735      	-16.2
1350      	17:22:57  	580.7 	1.2   	25    	17.5     	341   	5.6        	-16.6      	4740      	-16.5
1352      	17:22:59  	580.3 	1.2   	24    	17.6     	341   	5.7        	-16.6      	4746      	-17.0
1354      	17:23:01  	579.9 	1.2   	23    	17.5     	341   	5.8        	-16.5      	4751      	-17.4
1356      	17:23:03  	579.5 	1.1   	23    	17.5     	340   	5.9        	-16.5      	4757      	-17.4
1358      	17:23:05  	579.1 	1.1   	24    	17.6     	340   	6.0        	-16.5      	4763      	-17.3
1360      	17:23:07  	578.7 	1.1   	24    	17.6     	340   	6.0        	-16.5      	4768      	-17.2
1362      	17:23:09  	578.3 	1.1   	24    	17.7     	340   	6.1        	-16.6      	4774      	-17.1
1364      	17:23:11  	577.9 	1.1   	24    	17.7     	340   	6.1        	-16.6      	4779      	-16.9
1366      	17:23:13  	577.5 	1.1   	25    	17.8     	340   	6.1        	-16.7      	4785      	-16.8
1368      	17:23:15  	577.1 	1.1   	25    	17.9     	340   	6.1        	-16.8      	4791      	-16.7
1370      	17:23:17  	576.7 	1.0   	25    	18.0     	340   	6.1        	-16.9      	4796      	-16.6
1372      	17:23:19  	576.3 	1.0   	25    	18.0     	341   	6.0        	-17.0      	4802      	-16.5
1374      	17:23:21  	575.9 	1.0   	25    	18.1     	341   	6.0        	-17.1      	4807      	-16.6
1376      	17:23:23  	575.6 	1.0   	25    	18.2     	341   	6.0        	-17.2      	4812      	-16.6
1378      	17:23:25  	575.2 	0.9   	25    	18.3     	341   	6.0        	-17.3      	4818      	-16.6
1380      	17:23:27  	574.8 	0.9   	25    	18.5     	341   	6.0        	-17.5      	4823      	-16.7
1382      	17:23:29  	574.4 	0.9   	25    	18.6     	341   	6.0        	-17.6      	4829      	-16.7
1384      	17:23:31  	574.0 	0.9   	25    	18.7     	341   	6.0        	-17.7      	4834      	-16.6
1386      	17:23:33  	573.6 	0.9   	25    	18.8     	341   	6.1        	-17.8      	4840      	-16.6
1388      	17:23:35  	573.2 	0.9   	26    	18.9     	341   	6.1        	-17.9      	4845      	-16.6
1390      	17:23:37  	572.9 	0.8   	26    	19.1     	341   	6.3        	-18.0      	4850      	-16.5
1392      	17:23:39  	572.5 	0.8   	26    	19.2     	341   	6.4        	-18.1      	4855      	-16.4
1394      	17:23:41  	572.1 	0.8   	26    	19.4     	340   	6.6        	-18.2      	4860      	-16.3
1396      	17:23:43  	571.7 	0.7   	27    	19.5     	340   	6.7        	-18.3      	4866      	-16.2
1398      	17:23:45  	571.3 	0.7   	27    	19.6     	340   	6.8        	-18.4      	4871      	-16.0
1400      	17:23:47  	571.0 	0.6   	28    	19.7     	339   	6.9        	-18.4      	4877      	-15.9
1402      	17:23:49  	570.6 	0.6   	28    	19.8     	339   	7.0        	-18.5      	4882      	-15.8
1404      	17:23:51  	570.2 	0.5   	28    	19.9     	339   	7.2        	-18.6      	4887      	-15.6
1406      	17:23:53  	569.8 	0.5   	29    	20.1     	339   	7.3        	-18.7      	4892      	-15.5
1408      	17:23:55  	569.5 	0.4   	29    	20.2     	338   	7.5        	-18.8      	4898      	-15.3
1410      	17:23:57  	569.1 	0.3   	30    	20.3     	338   	7.5        	-18.9      	4903      	-15.2
1412      	17:23:59  	568.7 	0.3   	30    	20.5     	338   	7.6        	-19.0      	4908      	-15.0
1414      	17:24:01  	568.4 	0.2   	31    	20.5     	338   	7.6        	-19.0      	4913      	-14.9
1416      	17:24:03  	568.0 	0.2   	31    	20.6     	338   	7.6        	-19.1      	4918      	-14.8
1418      	17:24:05  	567.7 	0.1   	31    	20.6     	338   	7.6        	-19.2      	4923      	-14.7
1420      	17:24:07  	567.3 	0.1   	32    	20.7     	338   	7.7        	-19.2      	4928      	-14.7
1422      	17:24:09  	567.0 	0.1   	32    	20.6     	338   	7.6        	-19.2      	4933      	-14.8
1424      	17:24:11  	566.6 	0.0   	32    	20.6     	338   	7.6        	-19.2      	4938      	-14.8
1426      	17:24:13  	566.3 	-0.0  	32    	20.6     	339   	7.5        	-19.2      	4943      	-14.8
1428      	17:24:15  	565.9 	-0.1  	32    	20.7     	339   	7.5        	-19.3      	4948      	-14.8
1430      	17:24:17  	565.5 	-0.1  	32    	20.7     	339   	7.5        	-19.3      	4953      	-14.8
1432      	17:24:19  	565.2 	-0.2  	32    	20.7     	339   	7.5        	-19.3      	4958      	-14.8
1434      	17:24:21  	564.8 	-0.2  	32    	20.8     	339   	7.4        	-19.4      	4964      	-14.8
1436      	17:24:23  	564.4 	-0.3  	32    	20.8     	339   	7.5        	-19.4      	4969      	-14.8
1438      	17:24:25  	564.1 	-0.3  	32    	20.8     	339   	7.5        	-19.4      	4974      	-14.8
1440      	17:24:27  	563.7 	-0.4  	33    	20.9     	339   	7.5        	-19.5      	4980      	-14.8
1442      	17:24:29  	563.3 	-0.4  	33    	20.9     	339   	7.5        	-19.5      	4985      	-14.8
1444      	17:24:31  	562.9 	-0.5  	33    	20.9     	339   	7.5        	-19.5      	4990      	-14.8
1446      	17:24:33  	562.5 	-0.5  	33    	21.0     	339   	7.6        	-19.6      	4996      	-14.8
1448      	17:24:35  	562.1 	-0.6  	33    	21.0     	339   	7.6        	-19.6      	5001      	-14.8
1450      	17:24:37  	561.8 	-0.6  	33    	20.9     	339   	7.6        	-19.5      	5007      	-14.8
1452      	17:24:39  	561.4 	-0.7  	33    	20.9     	339   	7.6        	-19.5      	5012      	-14.8
1454      	17:24:41  	561.0 	-0.7  	33    	20.9     	339   	7.6        	-19.5      	5018      	-14.8
1456      	17:24:43  	560.6 	-0.8  	33    	20.9     	339   	7.5        	-19.5      	5023      	-14.8
1458      	17:24:45  	560.2 	-0.8  	33    	20.9     	339   	7.5        	-19.5      	5029      	-14.9
1460      	17:24:47  	559.9 	-0.8  	33    	20.9     	339   	7.5        	-19.5      	5034      	-14.9
1462      	17:24:49  	559.5 	-0.9  	33    	20.9     	339   	7.5        	-19.5      	5039      	-14.9
1464      	17:24:51  	559.1 	-0.9  	33    	20.9     	339   	7.5        	-19.5      	5044      	-15.0
1466      	17:24:53  	558.7 	-1.0  	33    	20.9     	339   	7.4        	-19.5      	5050      	-15.1
1468      	17:24:55  	558.4 	-1.0  	33    	21.0     	339   	7.4        	-19.6      	5055      	-15.1
1470      	17:24:57  	558.0 	-1.1  	33    	20.9     	340   	7.3        	-19.6      	5060      	-15.2
1472      	17:24:59  	557.6 	-1.1  	33    	20.9     	340   	7.2        	-19.6      	5066      	-15.3
1474      	17:25:01  	557.3 	-1.2  	33    	20.9     	340   	7.1        	-19.7      	5071      	-15.5
1476      	17:25:03  	556.9 	-1.2  	32    	20.9     	340   	7.1        	-19.7      	5076      	-15.6
1478      	17:25:05  	556.5 	-1.2  	32    	20.9     	340   	7.0        	-19.7      	5082      	-15.7
1480      	17:25:07  	556.1 	-1.3  	32    	20.9     	341   	6.9        	-19.7      	5087      	-15.8
1482      	17:25:09  	555.8 	-1.3  	32    	20.9     	341   	6.8        	-19.8      	5092      	-16.0
1484      	17:25:11  	555.4 	-1.3  	31    	20.9     	342   	6.6        	-19.8      	5098      	-16.2
1486      	17:25:13  	555.0 	-1.4  	31    	20.9     	342   	6.5        	-19.9      	5103      	-16.3
1488      	17:25:15  	554.7 	-1.4  	30    	20.9     	342   	6.4        	-19.9      	5108      	-16.6
1490      	17:25:17  	554.3 	-1.5  	30    	20.9     	342   	6.4        	-19.9      	5113      	-16.8
1492      	17:25:19  	553.9 	-1.5  	29    	21.0     	343   	6.3        	-20.0      	5118      	-16.9
1494      	17:25:21  	553.6 	-1.5  	29    	21.1     	343   	6.3        	-20.1      	5124      	-17.0
1496      	17:25:23  	553.2 	-1.6  	29    	21.2     	342   	6.4        	-20.2      	5129      	-17.1
1498      	17:25:25  	552.8 	-1.6  	29    	21.4     	343   	6.4        	-20.4      	5134      	-17.1
1500      	17:25:27  	552.5 	-1.7  	30    	21.5     	342   	6.5        	-20.5      	5140      	-17.1
1502      	17:25:29  	552.1 	-1.7  	30    	21.6     	342   	6.5        	-20.6      	5145      	-16.8
1504      	17:25:31  	551.7 	-1.7  	31    	21.7     	342   	6.6        	-20.7      	5150      	-16.4
1506      	17:25:33  	551.4 	-1.8  	33    	21.9     	342   	6.7        	-20.8      	5156      	-16.0
1508      	17:25:35  	551.0 	-1.8  	34    	22.1     	342   	6.9        	-21.0      	5161      	-15.6
1510      	17:25:37  	550.6 	-1.8  	35    	22.2     	342   	7.0        	-21.1      	5166      	-15.2
1512      	17:25:39  	550.3 	-1.9  	36    	22.4     	341   	7.1        	-21.2      	5172      	-14.8
1514      	17:25:41  	549.9 	-1.9  	38    	22.5     	342   	7.1        	-21.3      	5177      	-14.4
1516      	17:25:43  	549.6 	-1.9  	39    	22.5     	342   	7.1        	-21.3      	5182      	-14.0
1518      	17:25:45  	549.2 	-2.0  	40    	22.5     	341   	7.2        	-21.3      	5186      	-13.7
1520      	17:25:47  	548.9 	-2.0  	41    	22.6     	341   	7.2        	-21.4      	5191      	-13.5
1522      	17:25:49  	548.6 	-2.0  	42    	22.7     	341   	7.3        	-21.5      	5196      	-13.3
1524      	17:25:51  	548.2 	-2.1  	42    	22.8     	341   	7.4        	-21.6      	5201      	-13.1
1526      	17:25:53  	547.9 	-2.1  	42    	22.8     	341   	7.4        	-21.6      	5206      	-13.1
1528      	17:25:55  	547.6 	-2.1  	43    	23.0     	341   	7.5        	-21.7      	5210      	-13.1
1530      	17:25:57  	547.2 	-2.2  	43    	23.0     	341   	7.5        	-21.7      	5215      	-13.0
1532      	17:25:59  	546.9 	-2.2  	43    	23.1     	341   	7.6        	-21.8      	5220      	-13.0
1534      	17:26:01  	546.5 	-2.3  	43    	23.2     	341   	7.7        	-21.9      	5225      	-13.0
1536      	17:26:03  	546.2 	-2.3  	44    	23.4     	340   	7.9        	-22.0      	5231      	-13.0
1538      	17:26:05  	545.8 	-2.4  	44    	23.4     	340   	8.0        	-22.0      	5236      	-13.0
1540      	17:26:07  	545.5 	-2.4  	44    	23.5     	340   	8.0        	-22.1      	5241      	-12.9
1542      	17:26:09  	545.1 	-2.5  	45    	23.5     	340   	8.1        	-22.1      	5246      	-12.7
1544      	17:26:11  	544.8 	-2.5  	46    	23.6     	340   	8.2        	-22.1      	5251      	-12.6
1546      	17:26:13  	544.4 	-2.6  	46    	23.7     	340   	8.2        	-22.2      	5256      	-12.4
1548      	17:26:15  	544.1 	-2.6  	47    	23.9     	340   	8.3        	-22.4      	5261      	-12.3
1550      	17:26:17  	543.7 	-2.6  	48    	24.0     	340   	8.4        	-22.5      	5266      	-12.1
1552      	17:26:19  	543.4 	-2.7  	48    	24.0     	340   	8.4        	-22.5      	5271      	-12.0
1554      	17:26:21  	543.0 	-2.7  	49    	24.1     	340   	8.3        	-22.6      	5276      	-11.9
1556      	17:26:23  	542.7 	-2.8  	50    	24.2     	340   	8.3        	-22.7      	5281      	-11.8
1558      	17:26:25  	542.4 	-2.8  	50    	24.3     	340   	8.3        	-22.8      	5286      	-11.7
1560      	17:26:27  	542.0 	-2.9  	51    	24.4     	340   	8.3        	-22.9      	5291      	-11.6
1562      	17:26:29  	541.7 	-2.9  	51    	24.4     	340   	8.3        	-22.9      	5296      	-11.5
1564      	17:26:31  	541.4 	-3.0  	52    	24.5     	340   	8.3        	-23.0      	5301      	-11.5
1566      	17:26:33  	541.0 	-3.0  	52    	24.5     	340   	8.3        	-23.0      	5306      	-11.4
1568      	17:26:35  	540.7 	-3.1  	52    	24.5     	340   	8.3        	-23.1      	5311      	-11.4
1570      	17:26:37  	540.3 	-3.1  	53    	24.5     	340   	8.3        	-23.1      	5316      	-11.4
1572      	17:26:39  	540.0 	-3.1  	53    	24.5     	340   	8.2        	-23.1      	5321      	-11.4
1574      	17:26:41  	539.7 	-3.2  	53    	24.5     	340   	8.2        	-23.1      	5326      	-11.4
1576      	17:26:43  	539.3 	-3.2  	53    	24.5     	341   	8.1        	-23.1      	5330      	-11.4
1578      	17:26:45  	539.0 	-3.3  	53    	24.5     	341   	8.1        	-23.1      	5335      	-11.5
1580      	17:26:47  	538.7 	-3.3  	53    	24.4     	341   	8.0        	-23.1      	5340      	-11.5
1582      	17:26:49  	538.4 	-3.4  	53    	24.4     	341   	8.0        	-23.0      	5345      	-11.6
1584      	17:26:51  	538.0 	-3.4  	52    	24.4     	341   	8.0        	-23.0      	5350      	-11.7
1586      	17:26:53  	537.7 	-3.5  	52    	24.2     	341   	7.9        	-22.9      	5354      	-11.9
1588      	17:26:55  	537.4 	-3.5  	51    	24.1     	341   	7.9        	-22.8      	5359      	-12.1
1590      	17:26:57  	537.1 	-3.5  	50    	24.1     	341   	7.8        	-22.8      	5364      	-12.3
1592      	17:26:59  	536.8 	-3.5  	49    	24.0     	341   	7.8        	-22.7      	5369      	-12.6
1594      	17:27:01  	536.4 	-3.5  	48    	23.9     	341   	7.8        	-22.6      	5374      	-13.0
1596      	17:27:03  	536.1 	-3.5  	46    	23.9     	341   	7.8        	-22.6      	5378      	-13.4
1598      	17:27:05  	535.8 	-3.5  	44    	23.8     	341   	7.8        	-22.5      	5383      	-13.8
1600      	17:27:07  	535.5 	-3.5  	43    	23.7     	341   	7.8        	-22.4      	5388      	-14.1
1602      	17:27:09  	535.1 	-3.5  	43    	23.7     	341   	7.8        	-22.4      	5393      	-14.2
1604      	17:27:11  	534.8 	-3.5  	43    	23.7     	341   	7.8        	-22.4      	5397      	-14.2
1606      	17:27:13  	534.5 	-3.5  	43    	23.6     	341   	7.8        	-22.3      	5402      	-14.3
1608      	17:27:15  	534.1 	-3.5  	43    	23.6     	341   	7.8        	-22.3      	5407      	-14.3
1610      	17:27:17  	533.8 	-3.5  	43    	23.6     	340   	7.9        	-22.2      	5413      	-14.2
1612      	17:27:19  	533.4 	-3.5  	43    	23.6     	340   	8.0        	-22.2      	5418      	-14.1
1614      	17:27:21  	533.0 	-3.5  	43    	23.5     	340   	8.1        	-22.1      	5423      	-14.1
1616      	17:27:23  	532.7 	-3.5  	43    	23.5     	339   	8.3        	-22.0      	5429      	-14.2
1618      	17:27:25  	532.3 	-3.5  	42    	23.5     	339   	8.4        	-22.0      	5434      	-14.3
1620      	17:27:27  	532.0 	-3.5  	42    	23.5     	339   	8.6        	-21.9      	5439      	-14.4
1622      	17:27:29  	531.7 	-3.5  	42    	23.6     	338   	8.7        	-21.9      	5444      	-14.4
1624      	17:27:31  	531.3 	-3.5  	43    	23.6     	338   	8.9        	-21.9      	5449      	-14.4
1626      	17:27:33  	531.0 	-3.6  	43    	23.7     	337   	9.1        	-21.9      	5453      	-14.3
1628      	17:27:35  	530.7 	-3.6  	44    	23.9     	337   	9.3        	-22.0      	5458      	-14.1
1630      	17:27:37  	530.4 	-3.7  	44    	23.9     	337   	9.4        	-22.0      	5463      	-14.0
1632      	17:27:39  	530.0 	-3.7  	45    	24.0     	337   	9.4        	-22.1      	5468      	-13.8
1634      	17:27:41  	529.7 	-3.8  	46    	24.1     	337   	9.5        	-22.2      	5473      	-13.7
1636      	17:27:43  	529.4 	-3.8  	46    	24.2     	337   	9.6        	-22.2      	5478      	-13.7
1638      	17:27:45  	529.0 	-3.9  	46    	24.3     	337   	9.6        	-22.3      	5483      	-13.6
1640      	17:27:47  	528.7 	-3.9  	47    	24.3     	336   	9.7        	-22.3      	5488      	-13.6
1642      	17:27:49  	528.3 	-4.0  	47    	24.3     	336   	9.7        	-22.3      	5494      	-13.5
1644      	17:27:51  	528.0 	-4.0  	47    	24.4     	336   	9.8        	-22.3      	5499      	-13.5
1646      	17:27:53  	527.7 	-4.1  	48    	24.3     	336   	9.8        	-22.2      	5504      	-13.5
1648      	17:27:55  	527.3 	-4.1  	48    	24.3     	336   	9.8        	-22.2      	5509      	-13.5
1650      	17:27:57  	527.0 	-4.2  	48    	24.3     	336   	9.8        	-22.2      	5514      	-13.5
1652      	17:27:59  	526.6 	-4.2  	48    	24.4     	336   	9.8        	-22.3      	5519      	-13.4
1654      	17:28:01  	526.3 	-4.3  	49    	24.4     	336   	9.8        	-22.3      	5524      	-13.4
1656      	17:28:03  	525.9 	-4.3  	49    	24.4     	336   	9.8        	-22.3      	5529      	-13.4
1658      	17:28:05  	525.6 	-4.4  	49    	24.3     	336   	9.7        	-22.3      	5535      	-13.4
1660      	17:28:07  	525.3 	-4.4  	49    	24.4     	337   	9.7        	-22.4      	5540      	-13.4
1662      	17:28:09  	524.9 	-4.5  	49    	24.5     	337   	9.6        	-22.5      	5545      	-13.4
1664      	17:28:11  	524.6 	-4.5  	49    	24.4     	337   	9.5        	-22.5      	5550      	-13.4
1666      	17:28:13  	524.3 	-4.5  	49    	24.5     	337   	9.5        	-22.6      	5555      	-13.5
1668      	17:28:15  	523.9 	-4.6  	49    	24.5     	337   	9.4        	-22.6      	5560      	-13.5
1670      	17:28:17  	523.6 	-4.6  	49    	24.4     	338   	9.3        	-22.6      	5564      	-13.6
1672      	17:28:19  	523.3 	-4.7  	49    	24.5     	338   	9.3        	-22.7      	5569      	-13.6
1674      	17:28:21  	523.0 	-4.7  	49    	24.4     	338   	9.2        	-22.6      	5574      	-13.7
1676      	17:28:23  	522.6 	-4.7  	49    	24.4     	338   	9.1        	-22.6      	5579      	-13.8
1678      	17:28:25  	522.3 	-4.8  	48    	24.3     	339   	8.9        	-22.6      	5585      	-13.9
1680      	17:28:27  	521.9 	-4.8  	48    	24.2     	339   	8.8        	-22.5      	5590      	-14.0
1682      	17:28:29  	521.6 	-4.8  	48    	24.2     	339   	8.8        	-22.5      	5595      	-14.1
1684      	17:28:31  	521.3 	-4.9  	48    	24.0     	339   	8.7        	-22.4      	5600      	-14.2
1686      	17:28:33  	520.9 	-4.9  	48    	23.9     	339   	8.6        	-22.3      	5604      	-14.3
1688      	17:28:35  	520.6 	-4.9  	47    	23.8     	339   	8.5        	-22.2      	5609      	-14.4
1690      	17:28:37  	520.3 	-5.0  	47    	23.5     	339   	8.3        	-22.0      	5614      	-14.5
1692      	17:28:39  	520.0 	-5.0  	46    	23.3     	340   	8.1        	-21.9      	5619      	-14.8
1694      	17:28:41  	519.7 	-5.0  	44    	23.2     	340   	8.0        	-21.8      	5624      	-15.2
1696      	17:28:43  	519.4 	-5.0  	43    	23.1     	340   	7.9        	-21.7      	5628      	-15.6
1698      	17:28:45  	519.0 	-5.0  	41    	23.0     	340   	7.8        	-21.6      	5633      	-16.0
1700      	17:28:47  	518.7 	-5.0  	40    	22.8     	340   	7.7        	-21.5      	5638      	-16.6
1702      	17:28:49  	518.4 	-5.0  	38    	22.6     	341   	7.5        	-21.3      	5643      	-17.1
1704      	17:28:51  	518.1 	-5.0  	36    	22.5     	341   	7.4        	-21.2      	5648      	-17.6
1706      	17:28:53  	517.8 	-5.0  	35    	22.3     	341   	7.3        	-21.1      	5652      	-18.0
1708      	17:28:55  	517.5 	-5.1  	34    	22.2     	341   	7.2        	-21.0      	5657      	-18.4
1710      	17:28:57  	517.2 	-5.1  	34    	22.2     	341   	7.2        	-21.0      	5662      	-18.6
1712      	17:28:59  	516.8 	-5.2  	33    	22.1     	341   	7.1        	-20.9      	5667      	-18.8
1714      	17:29:01  	516.5 	-5.2  	32    	22.0     	341   	7.1        	-20.8      	5672      	-19.2
1716      	17:29:03  	516.2 	-5.2  	31    	21.8     	341   	7.0        	-20.6      	5677      	-19.5
1718      	17:29:05  	515.9 	-5.3  	31    	21.7     	341   	7.0        	-20.5      	5682      	-19.7
1720      	17:29:07  	515.5 	-5.3  	31    	21.5     	341   	7.0        	-20.3      	5687      	-19.7
1722      	17:29:09  	515.2 	-5.4  	31    	21.4     	341   	7.0        	-20.2      	5692      	-19.7
1724      	17:29:11  	514.9 	-5.4  	31    	21.3     	341   	7.0        	-20.1      	5697      	-19.7
1726      	17:29:13  	514.5 	-5.5  	31    	21.1     	341   	6.9        	-19.9      	5702      	-19.8
1728      	17:29:15  	514.2 	-5.5  	32    	21.0     	341   	6.9        	-19.8      	5707      	-19.7
1730      	17:29:17  	513.9 	-5.6  	32    	20.8     	341   	6.9        	-19.6      	5711      	-19.5
1732      	17:29:19  	513.6 	-5.6  	32    	20.6     	340   	6.9        	-19.4      	5716      	-19.6
1734      	17:29:21  	513.3 	-5.6  	31    	20.6     	341   	6.8        	-19.4      	5721      	-19.9
1736      	17:29:23  	513.0 	-5.7  	30    	20.5     	341   	6.8        	-19.3      	5725      	-20.4
1738      	17:29:25  	512.7 	-5.7  	28    	20.4     	340   	6.8        	-19.2      	5730      	-21.0
1740      	17:29:27  	512.4 	-5.7  	27    	20.2     	341   	6.7        	-19.1      	5734      	-21.5
1742      	17:29:29  	512.1 	-5.7  	26    	20.1     	340   	6.7        	-18.9      	5739      	-22.0
1744      	17:29:31  	511.7 	-5.8  	25    	19.9     	341   	6.6        	-18.8      	5744      	-22.6
1746      	17:29:33  	511.4 	-5.8  	24    	19.8     	341   	6.6        	-18.7      	5749      	-23.2
1748      	17:29:35  	511.1 	-5.8  	23    	19.7     	341   	6.5        	-18.6      	5755      	-23.7
1750      	17:29:37  	510.8 	-5.9  	22    	19.6     	341   	6.5        	-18.5      	5760      	-24.1
1752      	17:29:39  	510.4 	-5.9  	21    	19.5     	341   	6.4        	-18.4      	5764      	-24.4
1754      	17:29:41  	510.1 	-5.9  	21    	19.3     	341   	6.4        	-18.2      	5769      	-24.8
1756      	17:29:43  	509.8 	-6.0  	20    	19.2     	341   	6.4        	-18.1      	5774      	-25.2
1758      	17:29:45  	509.5 	-6.0  	19    	19.1     	341   	6.3        	-18.0      	5779      	-25.6
1760      	17:29:47  	509.2 	-6.0  	19    	19.1     	341   	6.3        	-18.0      	5784      	-26.0
1762      	17:29:49  	508.9 	-6.1  	18    	19.1     	341   	6.3        	-18.0      	5788      	-26.4
1764      	17:29:51  	508.5 	-6.1  	17    	18.9     	341   	6.3        	-17.8      	5793      	-26.8
1766      	17:29:53  	508.2 	-6.2  	17    	18.8     	341   	6.2        	-17.7      	5798      	-27.1
1768      	17:29:55  	507.9 	-6.2  	16    	18.6     	340   	6.2        	-17.5      	5803      	-27.5
1770      	17:29:57  	507.6 	-6.2  	16    	18.4     	341   	6.1        	-17.4      	5808      	-27.8
1772      	17:29:59  	507.3 	-6.2  	15    	18.2     	341   	6.0        	-17.2      	5813      	-28.2
1774      	17:30:01  	507.0 	-6.3  	15    	18.1     	341   	6.0        	-17.1      	5818      	-28.8
1776      	17:30:03  	506.6 	-6.3  	14    	18.0     	341   	5.9        	-17.0      	5823      	-29.5
1778      	17:30:05  	506.3 	-6.4  	13    	17.8     	341   	5.8        	-16.8      	5827      	-30.1
1780      	17:30:07  	506.0 	-6.4  	12    	17.6     	341   	5.7        	-16.7      	5832      	-30.7
1782      	17:30:09  	505.7 	-6.4  	11    	17.4     	342   	5.5        	-16.5      	5837      	-31.4
1784      	17:30:11  	505.4 	-6.5  	11    	17.4     	342   	5.4        	-16.5      	5842      	-32.2
1786      	17:30:13  	505.1 	-6.5  	10    	17.3     	342   	5.4        	-16.4      	5847      	-32.8
1788      	17:30:15  	504.8 	-6.6  	10    	17.2     	342   	5.3        	-16.4      	5852      	-33.2
1790      	17:30:17  	504.5 	-6.6  	10    	17.1     	342   	5.2        	-16.3      	5856      	-33.3
1792      	17:30:19  	504.1 	-6.7  	10    	17.0     	343   	5.1        	-16.2      	5861      	-33.3
1794      	17:30:21  	503.8 	-6.7  	10    	16.8     	343   	4.9        	-16.1      	5866      	-33.4
1796      	17:30:23  	503.5 	-6.7  	10    	16.7     	343   	4.8        	-16.0      	5871      	-33.5
1798      	17:30:25  	503.2 	-6.7  	10    	16.6     	344   	4.7        	-15.9      	5876      	-33.5
1800      	17:30:27  	502.9 	-6.8  	10    	16.5     	343   	4.7        	-15.8      	5881      	-33.5
1802      	17:30:29  	502.5 	-6.8  	10    	16.4     	344   	4.6        	-15.7      	5886      	-33.5
1804      	17:30:31  	502.2 	-6.8  	10    	16.2     	344   	4.5        	-15.6      	5891      	-33.5
1806      	17:30:33  	501.9 	-6.8  	10    	16.2     	344   	4.5        	-15.6      	5896      	-33.5
1808      	17:30:35  	501.6 	-6.9  	10    	16.1     	344   	4.4        	-15.5      	5901      	-33.5
1810      	17:30:37  	501.3 	-6.9  	10    	16.1     	344   	4.4        	-15.5      	5906      	-33.6
1812      	17:30:39  	501.0 	-6.9  	10    	16.2     	344   	4.4        	-15.6      	5911      	-33.6
1814      	17:30:41  	500.6 	-7.0  	10    	16.2     	344   	4.4        	-15.6      	5916      	-33.6
1816      	17:30:43  	500.3 	-7.1  	10    	16.3     	345   	4.3        	-15.7      	5921      	-33.6
1818      	17:30:45  	500.0 	-7.1  	10    	16.3     	345   	4.2        	-15.7      	5926      	-33.7
1820      	17:30:47  	499.7 	-7.2  	10    	16.3     	345   	4.1        	-15.8      	5931      	-33.6
1822      	17:30:49  	499.3 	-7.2  	10    	16.3     	346   	4.0        	-15.8      	5936      	-33.6
1824      	17:30:51  	499.0 	-7.3  	10    	16.3     	346   	3.8        	-15.8      	5941      	-33.6
1826      	17:30:53  	498.7 	-7.3  	10    	16.2     	347   	3.7        	-15.8      	5946      	-33.5
1828      	17:30:55  	498.4 	-7.3  	10    	16.2     	347   	3.6        	-15.8      	5951      	-33.5
1830      	17:30:57  	498.1 	-7.4  	10    	16.2     	348   	3.4        	-15.8      	5956      	-33.5
1832      	17:30:59  	497.7 	-7.4  	10    	16.1     	348   	3.3        	-15.8      	5961      	-33.4
1834      	17:31:01  	497.4 	-7.4  	10    	16.0     	348   	3.2        	-15.7      	5966      	-33.3
1836      	17:31:03  	497.1 	-7.5  	10    	16.0     	349   	3.1        	-15.7      	5971      	-33.4
1838      	17:31:05  	496.8 	-7.5  	10    	16.0     	349   	3.1        	-15.7      	5976      	-33.4
1840      	17:31:07  	496.5 	-7.5  	10    	16.0     	349   	3.0        	-15.7      	5981      	-33.4
1842      	17:31:09  	496.2 	-7.5  	10    	16.0     	349   	3.0        	-15.7      	5985      	-33.4
1844      	17:31:11  	495.9 	-7.6  	10    	16.0     	349   	3.0        	-15.7      	5990      	-33.4
1846      	17:31:13  	495.6 	-7.6  	10    	16.0     	349   	3.0        	-15.7      	5995      	-33.4
1848      	17:31:15  	495.3 	-7.7  	10    	16.0     	350   	2.9        	-15.7      	6000      	-33.5
1850      	17:31:17  	495.0 	-7.7  	10    	16.0     	350   	2.9        	-15.7      	6004      	-33.5
1852      	17:31:19  	494.7 	-7.8  	10    	15.9     	349   	2.9        	-15.6      	6009      	-33.5
1854      	17:31:21  	494.3 	-7.8  	10    	15.9     	349   	2.9        	-15.6      	6014      	-33.5
1856      	17:31:23  	494.0 	-7.9  	10    	15.9     	349   	3.0        	-15.6      	6019      	-33.5
1858      	17:31:25  	493.7 	-7.9  	10    	15.9     	349   	3.0        	-15.6      	6025      	-33.6
1860      	17:31:27  	493.3 	-8.0  	10    	15.9     	349   	3.0        	-15.6      	6030      	-33.6
1862      	17:31:29  	493.0 	-8.0  	10    	15.9     	349   	3.1        	-15.6      	6035      	-33.6
1864      	17:31:31  	492.7 	-8.1  	10    	15.9     	349   	3.1        	-15.6      	6040      	-33.7
1866      	17:31:33  	492.4 	-8.1  	11    	15.9     	348   	3.2        	-15.6      	6045      	-33.7
1868      	17:31:35  	492.1 	-8.2  	11    	15.9     	348   	3.2        	-15.6      	6050      	-33.7
1870      	17:31:37  	491.7 	-8.3  	11    	15.9     	348   	3.2        	-15.6      	6055      	-33.8
1872      	17:31:39  	491.4 	-8.3  	11    	15.8     	348   	3.2        	-15.5      	6060      	-33.8
1874      	17:31:41  	491.1 	-8.3  	10    	15.8     	348   	3.2        	-15.5      	6065      	-33.8
1876      	17:31:43  	490.8 	-8.4  	10    	15.8     	349   	3.1        	-15.5      	6070      	-33.9
1878      	17:31:45  	490.5 	-8.4  	10    	15.7     	349   	3.1        	-15.4      	6075      	-34.0
1880      	17:31:47  	490.2 	-8.4  	10    	15.7     	349   	3.0        	-15.4      	6080      	-34.3
1882      	17:31:49  	489.9 	-8.5  	10    	15.7     	349   	3.0        	-15.4      	6085      	-34.5
1884      	17:31:51  	489.6 	-8.5  	10    	15.6     	349   	3.0        	-15.3      	6090      	-34.8
1886      	17:31:53  	489.3 	-8.5  	9     	15.6     	349   	2.9        	-15.3      	6094      	-35.1
1888      	17:31:55  	489.0 	-8.6  	9     	15.6     	349   	2.9        	-15.3      	6099      	-35.3
1890      	17:31:57  	488.7 	-8.6  	9     	15.6     	349   	2.9        	-15.3      	6104      	-35.5
1892      	17:31:59  	488.4 	-8.6  	9     	15.6     	349   	2.9        	-15.3      	6108      	-35.6
1894      	17:32:01  	488.1 	-8.7  	9     	15.5     	349   	3.0        	-15.2      	6113      	-35.7
1896      	17:32:03  	487.8 	-8.7  	9     	15.5     	349   	3.0        	-15.2      	6118      	-35.8
1898      	17:32:05  	487.5 	-8.7  	9     	15.4     	349   	3.0        	-15.1      	6123      	-35.9
1900      	17:32:07  	487.2 	-8.7  	9     	15.3     	348   	3.1        	-15.0      	6128      	-36.0
1902      	17:32:09  	486.8 	-8.7  	8     	15.3     	348   	3.1        	-15.0      	6133      	-36.3
1904      	17:32:11  	486.5 	-8.7  	8     	15.2     	348   	3.1        	-14.9      	6138      	-36.6
1906      	17:32:13  	486.2 	-8.7  	8     	15.1     	348   	3.1        	-14.8      	6142      	-37.0
1908      	17:32:15  	485.9 	-8.7  	8     	15.0     	348   	3.2        	-14.7      	6147      	-37.4
1910      	17:32:17  	485.6 	-8.7  	7     	14.8     	348   	3.2        	-14.5      	6152      	-37.7
1912      	17:32:19  	485.3 	-8.7  	7     	14.8     	347   	3.2        	-14.4      	6157      	-37.9
1914      	17:32:21  	485.0 	-8.7  	7     	14.7     	347   	3.3        	-14.3      	6162      	-38.3
1916      	17:32:23  	484.7 	-8.7  	7     	14.7     	347   	3.3        	-14.3      	6167      	-38.6
1918      	17:32:25  	484.4 	-8.7  	6     	14.6     	347   	3.3        	-14.2      	6172      	-38.8
1920      	17:32:27  	484.1 	-8.7  	6     	14.6     	347   	3.3        	-14.2      	6177      	-39.0
1922      	17:32:29  	483.8 	-8.8  	6     	14.7     	347   	3.4        	-14.3      	6182      	-39.2
1924      	17:32:31  	483.5 	-8.8  	6     	14.7     	347   	3.4        	-14.3      	6186      	-39.5
1926      	17:32:33  	483.2 	-8.8  	6     	14.7     	347   	3.4        	-14.3      	6191      	-39.8
1928      	17:32:35  	482.9 	-8.9  	6     	14.8     	347   	3.4        	-14.4      	6195      	-39.9
1930      	17:32:37  	482.6 	-8.9  	6     	14.9     	346   	3.5        	-14.5      	6200      	-39.9
1932      	17:32:39  	482.3 	-8.9  	6     	15.1     	347   	3.5        	-14.7      	6205      	-40.0
1934      	17:32:41  	482.0 	-9.0  	6     	15.2     	347   	3.5        	-14.8      	6210      	-40.0
1936      	17:32:43  	481.7 	-9.0  	6     	15.4     	347   	3.5        	-15.0      	6214      	-40.0
1938      	17:32:45  	481.4 	-9.0  	6     	15.5     	347   	3.5        	-15.1      	6219      	-40.0
1940      	17:32:47  	481.1 	-9.1  	6     	15.6     	347   	3.5        	-15.2      	6224      	-39.9
1942      	17:32:49  	480.8 	-9.1  	6     	15.7     	347   	3.5        	-15.3      	6229      	-39.8
1944      	17:32:51  	480.5 	-9.1  	6     	15.8     	347   	3.5        	-15.4      	6234      	-39.7
1946      	17:32:53  	480.2 	-9.2  	6     	15.9     	347   	3.5        	-15.5      	6238      	-39.5
1948      	17:32:55  	479.9 	-9.2  	6     	16.1     	347   	3.5        	-15.7      	6243      	-39.4
1950      	17:32:57  	479.6 	-9.2  	6     	16.2     	348   	3.5        	-15.8      	6248      	-39.3
1952      	17:32:59  	479.3 	-9.3  	6     	16.3     	348   	3.5        	-15.9      	6253      	-39.3
1954      	17:33:01  	479.0 	-9.3  	7     	16.4     	348   	3.5        	-16.0      	6258      	-39.3
1956      	17:33:03  	478.7 	-9.3  	7     	16.5     	348   	3.5        	-16.1      	6263      	-39.2
1958      	17:33:05  	478.4 	-9.4  	7     	16.6     	348   	3.5        	-16.2      	6268      	-39.1
1960      	17:33:07  	478.1 	-9.4  	7     	16.7     	348   	3.6        	-16.3      	6273      	-38.9
1962      	17:33:09  	477.8 	-9.4  	7     	16.9     	347   	3.7        	-16.5      	6277      	-38.6
1964      	17:33:11  	477.5 	-9.5  	7     	17.0     	347   	3.8        	-16.6      	6282      	-38.4
1966      	17:33:13  	477.2 	-9.5  	7     	17.1     	347   	3.9        	-16.7      	6287      	-38.1
1968      	17:33:15  	476.9 	-9.6  	8     	17.3     	347   	4.0        	-16.8      	6292      	-37.7
1970      	17:33:17  	476.6 	-9.6  	8     	17.4     	347   	4.0        	-16.9      	6297      	-37.2
1972      	17:33:19  	476.3 	-9.6  	9     	17.5     	346   	4.1        	-17.0      	6302      	-36.8
1974      	17:33:21  	476.0 	-9.7  	9     	17.6     	346   	4.3        	-17.1      	6307      	-36.5
1976      	17:33:23  	475.7 	-9.7  	9     	17.8     	346   	4.4        	-17.2      	6312      	-36.2
1978      	17:33:25  	475.4 	-9.7  	10    	17.9     	346   	4.4        	-17.3      	6317      	-35.9
1980      	17:33:27  	475.1 	-9.8  	10    	17.9     	345   	4.5        	-17.3      	6321      	-35.5
1982      	17:33:29  	474.8 	-9.8  	10    	18.0     	345   	4.5        	-17.4      	6326      	-35.1
1984      	17:33:31  	474.5 	-9.9  	11    	18.0     	345   	4.5        	-17.4      	6331      	-34.6
1986      	17:33:33  	474.2 	-9.9  	11    	18.1     	345   	4.6        	-17.5      	6335      	-34.2
1988      	17:33:35  	473.9 	-10.0 	12    	18.1     	345   	4.7        	-17.5      	6340      	-33.8
1990      	17:33:37  	473.7 	-10.0 	12    	18.2     	345   	4.7        	-17.6      	6345      	-33.5
1992      	17:33:39  	473.4 	-10.1 	13    	18.2     	345   	4.8        	-17.6      	6349      	-31.4
1994      	17:33:41  	473.1 	-10.1 	13    	18.2     	345   	4.8        	-17.6      	6354      	-31.2
1996      	17:33:43  	472.8 	-10.1 	13    	18.2     	345   	4.8        	-17.6      	6359      	-31.0
1998      	17:33:45  	472.5 	-10.2 	13    	18.3     	344   	4.9        	-17.6      	6364      	-31.0
2000      	17:33:47  	472.2 	-10.2 	14    	18.3     	344   	4.9        	-17.6      	6369      	-30.9
2002      	17:33:49  	471.9 	-10.3 	14    	18.3     	344   	4.9        	-17.6      	6374      	-30.9
2004      	17:33:51  	471.6 	-10.3 	14    	18.3     	344   	5.0        	-17.6      	6378      	-30.8
2006      	17:33:53  	471.3 	-10.3 	14    	18.3     	344   	5.0        	-17.6      	6383      	-30.7
2008      	17:33:55  	471.0 	-10.4 	14    	18.2     	344   	5.0        	-17.5      	6388      	-30.5
2010      	17:33:57  	470.7 	-10.4 	15    	18.2     	344   	5.0        	-17.5      	6393      	-30.3
2012      	17:33:59  	470.4 	-10.5 	15    	18.2     	344   	4.9        	-17.5      	6398      	-30.0
2014      	17:34:01  	470.1 	-10.5 	16    	18.3     	344   	4.9        	-17.6      	6403      	-29.8
2016      	17:34:03  	469.8 	-10.5 	16    	18.2     	345   	4.8        	-17.6      	6408      	-29.7
2018      	17:34:05  	469.5 	-10.6 	16    	18.2     	345   	4.8        	-17.6      	6412      	-29.7
2020      	17:34:07  	469.2 	-10.6 	16    	18.2     	345   	4.7        	-17.6      	6417      	-29.9
2022      	17:34:09  	469.0 	-10.7 	15    	18.3     	345   	4.6        	-17.7      	6422      	-30.2
2024      	17:34:11  	468.7 	-10.7 	15    	18.4     	346   	4.5        	-17.8      	6426      	-30.6
2026      	17:34:13  	468.4 	-10.7 	14    	18.4     	346   	4.4        	-17.9      	6431      	-31.2
2028      	17:34:15  	468.1 	-10.8 	13    	18.5     	347   	4.2        	-18.0      	6435      	-31.9
2030      	17:34:17  	467.8 	-10.8 	12    	18.5     	347   	4.1        	-18.0      	6440      	-32.7
2032      	17:34:19  	467.6 	-10.8 	11    	18.6     	347   	4.1        	-18.1      	6444      	-33.4
2034      	17:34:21  	467.3 	-10.9 	10    	18.5     	348   	4.0        	-18.1      	6449      	-34.2
2036      	17:34:23  	467.0 	-10.9 	10    	18.6     	348   	3.9        	-18.2      	6453      	-34.7
2038      	17:34:25  	466.8 	-10.9 	9     	18.6     	348   	3.8        	-18.2      	6458      	-35.1
2040      	17:34:27  	466.5 	-11.0 	9     	18.6     	348   	3.8        	-18.2      	6462      	-35.6
2042      	17:34:29  	466.2 	-11.0 	8     	18.6     	349   	3.7        	-18.2      	6467      	-35.9
2044      	17:34:31  	465.9 	-11.0 	8     	18.6     	349   	3.7        	-18.2      	6471      	-36.2
2046      	17:34:33  	465.7 	-11.0 	8     	18.6     	349   	3.7        	-18.2      	6476      	-36.5
2048      	17:34:35  	465.4 	-11.1 	8     	18.6     	349   	3.7        	-18.2      	6480      	-36.7
2050      	17:34:37  	465.1 	-11.1 	8     	18.6     	349   	3.7        	-18.2      	6485      	-36.8
2052      	17:34:39  	464.8 	-11.2 	8     	18.6     	349   	3.7        	-18.2      	6489      	-36.5
2054      	17:34:41  	464.6 	-11.2 	9     	18.6     	349   	3.7        	-18.2      	6494      	-35.8
2056      	17:34:43  	464.3 	-11.2 	10    	18.6     	349   	3.7        	-18.2      	6498      	-35.0
2058      	17:34:45  	464.0 	-11.3 	10    	18.6     	349   	3.7        	-18.2      	6503      	-34.4
2060      	17:34:47  	463.7 	-11.3 	11    	18.7     	349   	3.7        	-18.3      	6508      	-33.6
2062      	17:34:49  	463.4 	-11.4 	13    	18.7     	349   	3.7        	-18.3      	6513      	-32.6
2064      	17:34:51  	463.1 	-11.4 	14    	18.7     	349   	3.7        	-18.3      	6518      	-31.7
2066      	17:34:53  	462.8 	-11.4 	15    	18.7     	348   	3.8        	-18.3      	6523      	-31.1
2068      	17:34:55  	462.5 	-11.4 	16    	18.8     	348   	3.8        	-18.4      	6527      	-30.6
2070      	17:34:57  	462.3 	-11.4 	16    	18.8     	348   	3.8        	-18.4      	6532      	-30.4
2072      	17:34:59  	462.0 	-11.4 	16    	18.8     	348   	3.9        	-18.4      	6537      	-30.5
2074      	17:35:01  	461.7 	-11.4 	15    	18.7     	348   	3.9        	-18.3      	6541      	-30.8
2076      	17:35:03  	461.4 	-11.4 	14    	18.7     	348   	4.0        	-18.3      	6546      	-31.5
2078      	17:35:05  	461.1 	-11.4 	13    	18.6     	348   	4.0        	-18.2      	6551      	-32.4
2080      	17:35:07  	460.8 	-11.3 	11    	18.6     	347   	4.1        	-18.1      	6555      	-33.7
2082      	17:35:09  	460.6 	-11.3 	9     	18.6     	347   	4.1        	-18.1      	6560      	-35.3
2084      	17:35:11  	460.3 	-11.3 	8     	18.5     	347   	4.1        	-18.0      	6565      	-37.3
2086      	17:35:13  	460.0 	-11.3 	6     	18.5     	347   	4.1        	-18.0      	6570      	-39.1
2088      	17:35:15  	459.7 	-11.2 	5     	18.4     	347   	4.1        	-17.9      	6574      	-40.5
2090      	17:35:17  	459.4 	-11.2 	5     	18.3     	347   	4.2        	-17.8      	6579      	-41.5
2092      	17:35:19  	459.2 	-11.2 	4     	18.3     	347   	4.2        	-17.8      	6583      	-42.2
2094      	17:35:21  	458.9 	-11.2 	4     	18.2     	347   	4.2        	-17.7      	6588      	-42.6
2096      	17:35:23  	458.6 	-11.2 	4     	18.2     	346   	4.3        	-17.7      	6593      	-42.6
2098      	17:35:25  	458.3 	-11.2 	4     	18.2     	346   	4.3        	-17.7      	6598      	-42.5
2100      	17:35:27  	458.0 	-11.2 	4     	18.3     	346   	4.3        	-17.8      	6603      	-42.2
2102      	17:35:29  	457.7 	-11.3 	4     	18.3     	346   	4.4        	-17.8      	6607      	-42.0
2104      	17:35:31  	457.4 	-11.3 	4     	18.4     	346   	4.4        	-17.9      	6612      	-41.8
2106      	17:35:33  	457.1 	-11.3 	5     	18.5     	346   	4.5        	-17.9      	6617      	-41.7
2108      	17:35:35  	456.8 	-11.3 	5     	18.6     	346   	4.5        	-18.0      	6622      	-41.7
2110      	17:35:37  	456.5 	-11.4 	5     	18.6     	346   	4.5        	-18.0      	6627      	-41.7
2112      	17:35:39  	456.2 	-11.4 	5     	18.7     	346   	4.6        	-18.1      	6632      	-41.8
2114      	17:35:41  	456.0 	-11.5 	5     	18.7     	346   	4.6        	-18.1      	6637      	-41.9
2116      	17:35:43  	455.7 	-11.5 	5     	18.8     	346   	4.6        	-18.2      	6642      	-41.9
2118      	17:35:45  	455.4 	-11.5 	5     	18.8     	346   	4.7        	-18.2      	6646      	-41.8
2120      	17:35:47  	455.1 	-11.5 	5     	18.8     	346   	4.7        	-18.2      	6651      	-41.2
2122      	17:35:49  	454.9 	-11.6 	6     	18.8     	346   	4.7        	-18.2      	6655      	-39.9
2124      	17:35:51  	454.6 	-11.6 	7     	18.8     	346   	4.7        	-18.2      	6660      	-37.9
2126      	17:35:53  	454.3 	-11.6 	8     	18.8     	345   	4.8        	-18.2      	6665      	-36.8
2128      	17:35:55  	454.0 	-11.6 	9     	18.7     	345   	4.8        	-18.1      	6670      	-36.3
2130      	17:35:57  	453.7 	-11.7 	9     	18.7     	345   	4.9        	-18.0      	6675      	-36.2
2132      	17:35:59  	453.4 	-11.7 	9     	18.7     	345   	4.9        	-18.0      	6680      	-36.0
2134      	17:36:01  	453.1 	-11.7 	9     	18.6     	344   	5.0        	-17.9      	6685      	-35.7
2136      	17:36:03  	452.8 	-11.7 	9     	18.6     	344   	5.0        	-17.9      	6690      	-36.0
2138      	17:36:05  	452.5 	-11.7 	8     	18.5     	344   	5.0        	-17.8      	6695      	-37.0
2140      	17:36:07  	452.2 	-11.7 	7     	18.4     	344   	5.2        	-17.7      	6700      	-38.3
2142      	17:36:09  	451.9 	-11.8 	6     	18.3     	343   	5.3        	-17.5      	6705      	-39.2
2144      	17:36:11  	451.6 	-11.8 	6     	18.2     	342   	5.5        	-17.4      	6710      	-39.6
2146      	17:36:13  	451.3 	-11.8 	6     	18.2     	342   	5.6        	-17.3      	6716      	-40.1
2148      	17:36:15  	451.0 	-11.8 	5     	18.2     	341   	5.8        	-17.2      	6721      	-40.8
2150      	17:36:17  	450.6 	-11.9 	5     	18.2     	341   	5.9        	-17.2      	6727      	-41.6
2152      	17:36:19  	450.3 	-11.9 	4     	18.2     	340   	6.1        	-17.1      	6733      	-42.3
2154      	17:36:21  	449.9 	-11.9 	4     	18.1     	339   	6.4        	-16.9      	6739      	-43.1
2156      	17:36:23  	449.6 	-11.9 	4     	18.1     	338   	6.7        	-16.8      	6744      	-43.6
2158      	17:36:25  	449.3 	-12.0 	4     	18.0     	337   	7.0        	-16.6      	6750      	-43.7
2160      	17:36:27  	449.0 	-12.0 	4     	18.1     	337   	7.2        	-16.6      	6755      	-43.5
2162      	17:36:29  	448.7 	-12.0 	4     	18.1     	336   	7.4        	-16.5      	6761      	-43.2
2164      	17:36:31  	448.3 	-12.0 	4     	18.1     	335   	7.6        	-16.4      	6766      	-42.9
2166      	17:36:33  	448.0 	-12.1 	4     	18.1     	334   	7.9        	-16.3      	6772      	-42.5
2168      	17:36:35  	447.7 	-12.1 	5     	18.2     	333   	8.2        	-16.3      	6777      	-42.1
2170      	17:36:37  	447.4 	-12.1 	5     	18.3     	332   	8.5        	-16.2      	6783      	-41.7
2172      	17:36:39  	447.0 	-12.1 	5     	18.4     	332   	8.7        	-16.2      	6788      	-41.3
2174      	17:36:41  	446.7 	-12.2 	5     	18.4     	331   	8.8        	-16.2      	6794      	-41.0
2176      	17:36:43  	446.4 	-12.2 	5     	18.4     	331   	9.0        	-16.1      	6800      	-40.9
2178      	17:36:45  	446.0 	-12.3 	6     	18.5     	331   	9.1        	-16.1      	6806      	-40.8
2180      	17:36:47  	445.7 	-12.3 	6     	18.5     	330   	9.2        	-16.0      	6812      	-40.8
2182      	17:36:49  	445.4 	-12.4 	6     	18.5     	329   	9.4        	-15.9      	6817      	-40.7
2184      	17:36:51  	445.0 	-12.4 	6     	18.4     	329   	9.5        	-15.8      	6823      	-40.6
2186      	17:36:53  	444.7 	-12.5 	6     	18.4     	329   	9.5        	-15.8      	6828      	-40.5
2188      	17:36:55  	444.4 	-12.5 	6     	18.4     	329   	9.5        	-15.7      	6833      	-40.5
2190      	17:36:57  	444.1 	-12.6 	6     	18.3     	329   	9.5        	-15.6      	6838      	-40.6
2192      	17:36:59  	443.8 	-12.6 	6     	18.3     	329   	9.5        	-15.6      	6844      	-40.6
2194      	17:37:01  	443.5 	-12.7 	6     	18.2     	328   	9.6        	-15.5      	6849      	-40.7
2196      	17:37:03  	443.2 	-12.7 	6     	18.1     	328   	9.6        	-15.4      	6855      	-40.8
2198      	17:37:05  	442.8 	-12.8 	6     	18.1     	328   	9.6        	-15.4      	6860      	-40.8
2200      	17:37:07  	442.5 	-12.8 	6     	18.2     	328   	9.7        	-15.4      	6866      	-40.5
2202      	17:37:09  	442.2 	-12.9 	6     	18.3     	328   	9.7        	-15.5      	6871      	-40.2
2204      	17:37:11  	441.9 	-12.9 	7     	18.3     	328   	9.8        	-15.5      	6876      	-39.8
2206      	17:37:13  	441.6 	-13.0 	7     	18.3     	328   	9.8        	-15.5      	6882      	-39.3
2208      	17:37:15  	441.3 	-13.0 	8     	18.5     	328   	9.9        	-15.6      	6887      	-38.5
2210      	17:37:17  	441.0 	-13.1 	8     	18.5     	327   	10.0       	-15.6      	6892      	-37.7
2212      	17:37:19  	440.7 	-13.2 	9     	18.7     	327   	10.1       	-15.7      	6897      	-36.9
2214      	17:37:21  	440.4 	-13.2 	10    	18.7     	327   	10.1       	-15.7      	6902      	-36.3
2216      	17:37:23  	440.1 	-13.2 	10    	18.8     	327   	10.2       	-15.8      	6907      	-35.8
2218      	17:37:25  	439.8 	-13.3 	11    	19.0     	327   	10.2       	-16.0      	6913      	-35.5
2220      	17:37:27  	439.5 	-13.3 	11    	19.2     	328   	10.3       	-16.2      	6918      	-35.3
2222      	17:37:29  	439.2 	-13.3 	11    	19.5     	328   	10.3       	-16.5      	6923      	-35.1
2224      	17:37:31  	438.9 	-13.3 	12    	19.6     	328   	10.3       	-16.7      	6928      	-34.8
2226      	17:37:33  	438.6 	-13.3 	13    	19.8     	329   	10.3       	-16.9      	6933      	-34.3
2228      	17:37:35  	438.4 	-13.3 	14    	20.0     	329   	10.3       	-17.1      	6938      	-33.3
2230      	17:37:37  	438.1 	-13.3 	16    	20.1     	329   	10.3       	-17.3      	6942      	-32.2
2232      	17:37:39  	437.8 	-13.3 	18    	20.3     	330   	10.3       	-17.5      	6947      	-30.9
2234      	17:37:41  	437.5 	-13.3 	20    	20.5     	330   	10.3       	-17.7      	6952      	-29.7
2236      	17:37:43  	437.2 	-13.3 	23    	20.7     	330   	10.3       	-17.9      	6957      	-28.7
2238      	17:37:45  	437.0 	-13.4 	24    	20.7     	330   	10.3       	-17.9      	6962      	-28.1
2240      	17:37:47  	436.7 	-13.4 	25    	20.7     	330   	10.3       	-17.9      	6967      	-27.8
2242      	17:37:49  	436.4 	-13.4 	25    	20.7     	330   	10.3       	-17.9      	6972      	-27.6
2244      	17:37:51  	436.1 	-13.4 	26    	20.6     	330   	10.2       	-17.9      	6977      	-27.6
2246      	17:37:53  	435.8 	-13.4 	26    	20.5     	330   	10.1       	-17.8      	6982      	-27.6
2248      	17:37:55  	435.6 	-13.4 	26    	20.5     	330   	10.1       	-17.8      	6986      	-27.6
2250      	17:37:57  	435.3 	-13.5 	26    	20.3     	331   	10.0       	-17.7      	6991      	-27.5
2252      	17:37:59  	435.0 	-13.5 	27    	20.2     	331   	9.9        	-17.6      	6996      	-27.1
2254      	17:38:01  	434.8 	-13.6 	29    	20.2     	331   	9.9        	-17.6      	7001      	-26.5
2256      	17:38:03  	434.5 	-13.6 	31    	20.1     	331   	9.8        	-17.5      	7005      	-25.8
2258      	17:38:05  	434.2 	-13.6 	33    	19.9     	331   	9.7        	-17.4      	7010      	-25.4
2260      	17:38:07  	433.9 	-13.7 	34    	19.9     	331   	9.6        	-17.4      	7015      	-25.0
2262      	17:38:09  	433.7 	-13.7 	35    	19.7     	331   	9.5        	-17.3      	7020      	-24.7
2264      	17:38:11  	433.4 	-13.7 	36    	19.7     	331   	9.4        	-17.3      	7025      	-24.6
2266      	17:38:13  	433.1 	-13.7 	36    	19.6     	332   	9.3        	-17.3      	7030      	-24.5
2268      	17:38:15  	432.8 	-13.8 	36    	19.7     	332   	9.2        	-17.4      	7034      	-24.6
2270      	17:38:17  	432.5 	-13.8 	35    	19.6     	332   	9.1        	-17.4      	7039      	-24.8
2272      	17:38:19  	432.3 	-13.8 	35    	19.7     	333   	9.0        	-17.5      	7044      	-24.9
2274      	17:38:21  	432.0 	-13.8 	34    	19.7     	333   	8.8        	-17.6      	7049      	-25.0
2276      	17:38:23  	431.7 	-13.9 	34    	19.7     	333   	8.8        	-17.6      	7054      	-25.1
2278      	17:38:25  	431.4 	-13.9 	34    	19.7     	334   	8.7        	-17.7      	7059      	-25.2
2280      	17:38:27  	431.2 	-14.0 	34    	19.7     	334   	8.6        	-17.7      	7064      	-25.2
2282      	17:38:29  	430.9 	-14.0 	34    	19.7     	334   	8.5        	-17.8      	7068      	-25.3
2284      	17:38:31  	430.6 	-14.0 	34    	19.6     	335   	8.3        	-17.8      	7074      	-25.3
2286      	17:38:33  	430.3 	-14.1 	34    	19.7     	335   	8.2        	-17.9      	7079      	-25.3
2288      	17:38:35  	430.0 	-14.1 	34    	19.6     	336   	8.1        	-17.9      	7084      	-25.3
2290      	17:38:37  	429.7 	-14.2 	35    	19.6     	336   	8.1        	-17.9      	7089      	-25.2
2292      	17:38:39  	429.5 	-14.2 	35    	19.6     	336   	8.0        	-17.9      	7094      	-25.1
2294      	17:38:41  	429.2 	-14.2 	36    	19.6     	336   	8.0        	-17.9      	7098      	-24.9
2296      	17:38:43  	428.9 	-14.3 	37    	19.5     	336   	8.0        	-17.8      	7103      	-24.6
2298      	17:38:45  	428.6 	-14.3 	38    	19.5     	336   	8.0        	-17.8      	7108      	-24.3
2300      	17:38:47  	428.4 	-14.3 	40    	19.4     	336   	8.0        	-17.7      	7113      	-24.0
2302      	17:38:49  	428.1 	-14.3 	41    	19.5     	335   	8.1        	-17.7      	7118      	-23.6
2304      	17:38:51  	427.8 	-14.4 	43    	19.5     	335   	8.2        	-17.7      	7123      	-23.3
2306      	17:38:53  	427.5 	-14.4 	44    	19.5     	335   	8.3        	-17.6      	7128      	-23.0
2308      	17:38:55  	427.2 	-14.4 	45    	19.4     	334   	8.4        	-17.5      	7133      	-22.7
2310      	17:38:57  	427.0 	-14.4 	46    	19.5     	334   	8.6        	-17.5      	7138      	-22.6
2312      	17:38:59  	426.7 	-14.5 	47    	19.5     	333   	8.7        	-17.4      	7143      	-22.5
2314      	17:39:01  	426.4 	-14.5 	47    	19.4     	333   	8.8        	-17.3      	7148      	-22.4
2316      	17:39:03  	426.1 	-14.5 	47    	19.5     	333   	8.9        	-17.3      	7154      	-22.4
2318      	17:39:05  	425.8 	-14.5 	48    	19.4     	332   	9.0        	-17.2      	7159      	-22.3
2320      	17:39:07  	425.5 	-14.5 	48    	19.5     	332   	9.1        	-17.2      	7164      	-22.3
2322      	17:39:09  	425.2 	-14.6 	48    	19.5     	332   	9.2        	-17.2      	7169      	-22.3
2324      	17:39:11  	424.9 	-14.6 	48    	19.6     	332   	9.3        	-17.2      	7175      	-22.3
2326      	17:39:13  	424.6 	-14.6 	48    	19.6     	331   	9.4        	-17.2      	7180      	-22.3
2328      	17:39:15  	424.3 	-14.6 	49    	19.6     	331   	9.4        	-17.2      	7185      	-22.3
2330      	17:39:17  	424.0 	-14.7 	49    	19.6     	331   	9.4        	-17.2      	7190      	-22.2
2332      	17:39:19  	423.7 	-14.7 	49    	19.6     	331   	9.4        	-17.2      	7195      	-22.2
2334      	17:39:21  	423.4 	-14.8 	49    	19.7     	331   	9.4        	-17.3      	7200      	-22.3
2336      	17:39:23  	423.2 	-14.8 	49    	19.7     	331   	9.4        	-17.3      	7206      	-22.3
2338      	17:39:25  	422.9 	-14.8 	49    	19.8     	332   	9.4        	-17.4      	7211      	-22.3
2340      	17:39:27  	422.6 	-14.9 	49    	19.8     	331   	9.5        	-17.4      	7215      	-22.4
2342      	17:39:29  	422.3 	-14.9 	49    	19.8     	331   	9.5        	-17.4      	7220      	-22.4
2344      	17:39:31  	422.1 	-15.0 	49    	19.9     	332   	9.5        	-17.5      	7225      	-22.5
2346      	17:39:33  	421.8 	-15.0 	49    	19.9     	332   	9.5        	-17.5      	7230      	-22.6
2348      	17:39:35  	421.5 	-15.1 	49    	20.0     	331   	9.6        	-17.5      	7235      	-22.7
2350      	17:39:37  	421.2 	-15.1 	49    	20.0     	331   	9.6        	-17.5      	7240      	-22.7
2352      	17:39:39  	421.0 	-15.1 	48    	20.1     	331   	9.7        	-17.6      	7245      	-22.8
2354      	17:39:41  	420.7 	-15.2 	48    	20.1     	331   	9.7        	-17.6      	7250      	-22.8
2356      	17:39:43  	420.4 	-15.2 	48    	20.1     	331   	9.8        	-17.6      	7255      	-22.9
2358      	17:39:45  	420.1 	-15.2 	48    	20.1     	331   	9.8        	-17.6      	7260      	-22.9
2360      	17:39:47  	419.8 	-15.3 	48    	20.1     	331   	9.8        	-17.6      	7265      	-23.0
2362      	17:39:49  	419.5 	-15.3 	48    	20.2     	331   	9.8        	-17.7      	7271      	-23.0
2364      	17:39:51  	419.3 	-15.3 	48    	20.3     	331   	9.8        	-17.8      	7275      	-23.0
2366      	17:39:53  	419.0 	-15.4 	48    	20.3     	331   	9.8        	-17.8      	7280      	-23.1
2368      	17:39:55  	418.7 	-15.4 	48    	20.4     	332   	9.7        	-17.9      	7285      	-23.2
2370      	17:39:57  	418.4 	-15.5 	48    	20.4     	332   	9.7        	-17.9      	7291      	-23.2
2372      	17:39:59  	418.1 	-15.5 	48    	20.4     	332   	9.6        	-18.0      	7296      	-23.2
2374      	17:40:01  	417.9 	-15.6 	48    	20.4     	333   	9.4        	-18.1      	7301      	-23.2
2376      	17:40:03  	417.6 	-15.6 	48    	20.4     	333   	9.3        	-18.2      	7306      	-23.2
2378      	17:40:05  	417.3 	-15.7 	49    	20.5     	333   	9.2        	-18.3      	7311      	-23.2
2380      	17:40:07  	417.0 	-15.7 	49    	20.5     	334   	9.1        	-18.4      	7316      	-23.2
2382      	17:40:09  	416.7 	-15.8 	49    	20.5     	334   	9.0        	-18.4      	7321      	-23.2
2384      	17:40:11  	416.4 	-15.8 	49    	20.5     	334   	8.9        	-18.5      	7326      	-23.2
2386      	17:40:13  	416.1 	-15.9 	50    	20.5     	335   	8.7        	-18.6      	7332      	-23.2
2388      	17:40:15  	415.8 	-15.9 	50    	20.6     	335   	8.6        	-18.7      	7337      	-23.3
2390      	17:40:17  	415.5 	-16.0 	50    	20.6     	336   	8.4        	-18.8      	7343      	-23.3
2392      	17:40:19  	415.2 	-16.0 	50    	20.6     	336   	8.3        	-18.8      	7349      	-23.3
2394      	17:40:21  	414.9 	-16.1 	50    	20.6     	336   	8.3        	-18.9      	7355      	-23.3
2396      	17:40:23  	414.6 	-16.1 	50    	20.6     	336   	8.3        	-18.9      	7361      	-23.3
2398      	17:40:25  	414.3 	-16.2 	51    	20.7     	337   	8.2        	-19.0      	7366      	-23.3
2400      	17:40:27  	413.9 	-16.2 	51    	20.6     	337   	8.0        	-19.0      	7372      	-23.3
2402      	17:40:29  	413.7 	-16.2 	51    	20.7     	338   	7.9        	-19.1      	7377      	-23.2
2404      	17:40:31  	413.4 	-16.3 	51    	20.6     	338   	7.8        	-19.1      	7382      	-23.2
2406      	17:40:33  	413.1 	-16.3 	52    	20.6     	338   	7.7        	-19.1      	7388      	-23.2
2408      	17:40:35  	412.8 	-16.4 	52    	20.6     	338   	7.6        	-19.1      	7392      	-23.3
2410      	17:40:37  	412.5 	-16.4 	52    	20.6     	338   	7.6        	-19.2      	7397      	-23.3
2412      	17:40:39  	412.3 	-16.5 	52    	20.6     	339   	7.4        	-19.2      	7402      	-23.3
2414      	17:40:41  	412.0 	-16.6 	52    	20.4     	339   	7.3        	-19.1      	7408      	-23.4
2416      	17:40:43  	411.7 	-16.6 	52    	20.4     	339   	7.2        	-19.1      	7413      	-23.5
2418      	17:40:45  	411.4 	-16.6 	52    	20.4     	339   	7.2        	-19.1      	7418      	-23.5
2420      	17:40:47  	411.1 	-16.7 	52    	20.4     	340   	7.1        	-19.1      	7423      	-23.6
2422      	17:40:49  	410.8 	-16.7 	52    	20.4     	340   	7.1        	-19.1      	7428      	-23.6
2424      	17:40:51  	410.6 	-16.8 	52    	20.4     	340   	7.1        	-19.1      	7433      	-23.7
2426      	17:40:53  	410.3 	-16.8 	52    	20.2     	340   	7.0        	-19.0      	7438      	-23.7
2428      	17:40:55  	410.0 	-16.9 	52    	20.2     	340   	7.0        	-19.0      	7444      	-23.8
2430      	17:40:57  	409.7 	-16.9 	52    	20.2     	340   	7.0        	-18.9      	7449      	-23.8
2432      	17:40:59  	409.5 	-17.0 	52    	20.2     	340   	7.0        	-18.9      	7453      	-23.8
2434      	17:41:01  	409.2 	-17.0 	52    	20.1     	340   	7.0        	-18.8      	7459      	-23.8
2436      	17:41:03  	408.9 	-17.0 	52    	20.0     	340   	6.9        	-18.8      	7464      	-23.8
2438      	17:41:05  	408.6 	-17.0 	52    	20.0     	340   	6.9        	-18.8      	7469      	-23.9
2440      	17:41:07  	408.3 	-17.1 	51    	20.0     	340   	6.8        	-18.8      	7474      	-24.1
2442      	17:41:09  	408.1 	-17.1 	50    	20.0     	340   	6.7        	-18.8      	7479      	-24.4
2444      	17:41:11  	407.8 	-17.1 	49    	20.1     	340   	6.7        	-18.9      	7485      	-24.6
2446      	17:41:13  	407.5 	-17.2 	48    	20.0     	341   	6.6        	-18.9      	7490      	-24.8
2448      	17:41:15  	407.2 	-17.2 	47    	20.1     	341   	6.5        	-19.0      	7495      	-24.9
2450      	17:41:17  	406.9 	-17.2 	47    	20.0     	341   	6.4        	-19.0      	7501      	-25.1
2452      	17:41:19  	406.6 	-17.3 	47    	20.1     	342   	6.3        	-19.1      	7506      	-25.1
2454      	17:41:21  	406.3 	-17.3 	47    	20.1     	342   	6.1        	-19.1      	7512      	-25.0
2456      	17:41:23  	406.0 	-17.3 	48    	20.1     	342   	6.1        	-19.1      	7517      	-24.9
2458      	17:41:25  	405.7 	-17.4 	49    	20.0     	343   	6.0        	-19.1      	7523      	-24.8
2460      	17:41:27  	405.4 	-17.4 	49    	20.0     	343   	6.0        	-19.1      	7528      	-24.7
2462      	17:41:29  	405.1 	-17.5 	50    	20.0     	343   	5.9        	-19.1      	7533      	-24.7
2464      	17:41:31  	404.8 	-17.5 	50    	19.9     	343   	5.7        	-19.1      	7539      	-24.6
2466      	17:41:33  	404.5 	-17.5 	51    	19.9     	344   	5.6        	-19.1      	7544      	-24.6
2468      	17:41:35  	404.2 	-17.6 	51    	19.9     	344   	5.5        	-19.1      	7550      	-24.5
2470      	17:41:37  	403.9 	-17.6 	51    	19.8     	344   	5.4        	-19.1      	7555      	-24.5
2472      	17:41:39  	403.7 	-17.7 	51    	19.8     	344   	5.4        	-19.1      	7561      	-24.5
2474      	17:41:41  	403.4 	-17.7 	51    	19.8     	344   	5.3        	-19.1      	7566      	-24.6
2476      	17:41:43  	403.1 	-17.7 	51    	19.8     	345   	5.2        	-19.1      	7571      	-24.6
2478      	17:41:45  	402.8 	-17.8 	51    	19.8     	345   	5.1        	-19.1      	7577      	-24.7
2480      	17:41:47  	402.5 	-17.8 	51    	19.7     	345   	5.0        	-19.1      	7582      	-24.8
2482      	17:41:49  	402.2 	-17.9 	51    	19.7     	346   	4.9        	-19.1      	7587      	-24.9
2484      	17:41:51  	401.9 	-17.9 	50    	19.7     	346   	4.9        	-19.1      	7592      	-25.0
2486      	17:41:53  	401.7 	-17.9 	50    	19.7     	346   	4.8        	-19.1      	7598      	-25.1
2488      	17:41:55  	401.4 	-18.0 	49    	19.7     	346   	4.8        	-19.1      	7603      	-25.3
2490      	17:41:57  	401.1 	-18.0 	49    	19.6     	346   	4.7        	-19.0      	7608      	-25.4
2492      	17:41:59  	400.8 	-18.0 	48    	19.6     	346   	4.7        	-19.0      	7613      	-25.5
2494      	17:42:01  	400.5 	-18.1 	48    	19.5     	346   	4.6        	-19.0      	7619      	-25.7
2496      	17:42:03  	400.2 	-18.1 	47    	19.5     	346   	4.6        	-19.0      	7624      	-25.9
2498      	17:42:05  	399.9 	-18.2 	46    	19.5     	346   	4.6        	-19.0      	7630      	-26.1
2500      	17:42:07  	399.6 	-18.2 	46    	19.5     	346   	4.6        	-19.0      	7636      	-26.2
2502      	17:42:09  	399.3 	-18.3 	46    	19.6     	347   	4.5        	-19.1      	7641      	-26.3
2504      	17:42:11  	399.1 	-18.3 	46    	19.6     	347   	4.5        	-19.1      	7646      	-26.1
2506      	17:42:13  	398.8 	-18.3 	47    	19.7     	347   	4.4        	-19.2      	7651      	-26.0
2508      	17:42:15  	398.5 	-18.4 	49    	19.8     	347   	4.4        	-19.3      	7656      	-25.8
2510      	17:42:17  	398.2 	-18.4 	50    	19.9     	347   	4.4        	-19.4      	7661      	-25.4
2512      	17:42:19  	398.0 	-18.5 	52    	20.0     	348   	4.3        	-19.5      	7666      	-25.1
2514      	17:42:21  	397.7 	-18.5 	54    	20.2     	348   	4.3        	-19.7      	7672      	-24.8
2516      	17:42:23  	397.4 	-18.5 	55    	20.4     	348   	4.2        	-20.0      	7677      	-24.6
2518      	17:42:25  	397.1 	-18.5 	56    	20.7     	349   	4.1        	-20.3      	7682      	-24.5
2520      	17:42:27  	396.9 	-18.6 	56    	21.0     	349   	4.0        	-20.6      	7687      	-24.5
2522      	17:42:29  	396.6 	-18.6 	56    	21.2     	349   	4.0        	-20.8      	7692      	-24.6
2524      	17:42:31  	396.3 	-18.6 	55    	21.3     	349   	3.9        	-20.9      	7698      	-24.7
2526      	17:42:33  	396.0 	-18.6 	55    	21.6     	350   	3.9        	-21.2      	7703      	-24.8
2528      	17:42:35  	395.8 	-18.7 	54    	21.8     	350   	3.9        	-21.4      	7708      	-25.0
2530      	17:42:37  	395.5 	-18.7 	53    	22.0     	350   	4.0        	-21.6      	7713      	-25.2
2532      	17:42:39  	395.2 	-18.7 	53    	22.2     	350   	4.0        	-21.8      	7718      	-25.3
2534      	17:42:41  	394.9 	-18.7 	52    	22.3     	350   	4.0        	-21.9      	7724      	-25.5
2536      	17:42:43  	394.7 	-18.8 	51    	22.3     	349   	4.1        	-21.9      	7729      	-25.6
2538      	17:42:45  	394.4 	-18.8 	51    	22.3     	349   	4.1        	-21.9      	7734      	-25.7
2540      	17:42:47  	394.1 	-18.8 	51    	22.3     	349   	4.2        	-21.9      	7739      	-25.8
2542      	17:42:49  	393.8 	-18.8 	51    	22.4     	349   	4.3        	-22.0      	7744      	-25.8
2544      	17:42:51  	393.6 	-18.9 	51    	22.4     	349   	4.3        	-22.0      	7749      	-25.8
2546      	17:42:53  	393.3 	-18.9 	51    	22.4     	349   	4.3        	-22.0      	7755      	-25.8
2548      	17:42:55  	393.0 	-18.9 	51    	22.3     	349   	4.3        	-21.9      	7760      	-25.8
2550      	17:42:57  	392.7 	-19.0 	51    	22.3     	349   	4.3        	-21.9      	7765      	-25.8
2552      	17:42:59  	392.4 	-19.0 	51    	22.3     	349   	4.3        	-21.9      	7771      	-25.9
2554      	17:43:01  	392.1 	-19.1 	51    	22.3     	349   	4.2        	-21.9      	7777      	-25.9
2556      	17:43:03  	391.8 	-19.1 	51    	22.3     	349   	4.2        	-21.9      	7782      	-26.0
2558      	17:43:05  	391.6 	-19.1 	51    	22.4     	349   	4.1        	-22.0      	7788      	-26.0
2560      	17:43:07  	391.3 	-19.2 	51    	22.5     	350   	4.0        	-22.1      	7793      	-26.1
2562      	17:43:09  	391.0 	-19.2 	51    	22.5     	350   	3.8        	-22.2      	7799      	-26.1
2564      	17:43:11  	390.7 	-19.2 	51    	22.6     	351   	3.7        	-22.3      	7804      	-26.1
2566      	17:43:13  	390.4 	-19.2 	51    	22.7     	351   	3.6        	-22.4      	7810      	-26.1
2568      	17:43:15  	390.1 	-19.3 	51    	22.8     	351   	3.5        	-22.5      	7815      	-26.1
2570      	17:43:17  	389.8 	-19.3 	51    	22.9     	352   	3.3        	-22.7      	7820      	-26.2
2572      	17:43:19  	389.6 	-19.3 	51    	23.1     	352   	3.2        	-22.9      	7826      	-26.2
2574      	17:43:21  	389.3 	-19.3 	51    	23.2     	353   	3.0        	-23.0      	7831      	-26.2
2576      	17:43:23  	389.0 	-19.3 	51    	23.4     	353   	2.8        	-23.2      	7836      	-26.3
2578      	17:43:25  	388.7 	-19.4 	50    	23.5     	353   	2.7        	-23.3      	7841      	-26.4
2580      	17:43:27  	388.5 	-19.4 	50    	23.6     	353   	2.7        	-23.4      	7846      	-26.4
2582      	17:43:29  	388.2 	-19.4 	50    	23.5     	354   	2.6        	-23.4      	7852      	-26.4
2584      	17:43:31  	387.9 	-19.4 	50    	23.6     	354   	2.5        	-23.5      	7857      	-26.5
2586      	17:43:33  	387.6 	-19.5 	50    	23.7     	354   	2.4        	-23.6      	7862      	-26.6
2588      	17:43:35  	387.4 	-19.5 	49    	23.7     	354   	2.3        	-23.6      	7868      	-26.7
2590      	17:43:37  	387.1 	-19.5 	49    	23.8     	354   	2.3        	-23.7      	7873      	-26.7
2592      	17:43:39  	386.8 	-19.6 	49    	23.8     	355   	2.2        	-23.7      	7878      	-26.8
2594      	17:43:41  	386.5 	-19.6 	49    	23.7     	355   	2.2        	-23.6      	7883      	-26.9
2596      	17:43:43  	386.2 	-19.6 	48    	23.7     	355   	2.2        	-23.6      	7889      	-27.0
2598      	17:43:45  	386.0 	-19.6 	48    	23.5     	355   	2.2        	-23.4      	7894      	-27.1
2600      	17:43:47  	385.7 	-19.6 	47    	23.4     	355   	2.2        	-23.3      	7900      	-27.3
2602      	17:43:49  	385.4 	-19.6 	46    	23.3     	355   	2.2        	-23.2      	7905      	-27.5
2604      	17:43:51  	385.1 	-19.6 	45    	23.1     	355   	2.2        	-23.0      	7910      	-27.7
2606      	17:43:53  	384.9 	-19.6 	44    	23.0     	355   	2.2        	-22.9      	7915      	-27.9
2608      	17:43:55  	384.6 	-19.5 	43    	22.8     	354   	2.2        	-22.7      	7920      	-28.1
2610      	17:43:57  	384.4 	-19.5 	42    	22.6     	354   	2.2        	-22.5      	7925      	-28.3
2612      	17:43:59  	384.1 	-19.5 	41    	22.4     	354   	2.2        	-22.3      	7931      	-28.5
2614      	17:44:01  	383.8 	-19.5 	40    	22.2     	354   	2.2        	-22.1      	7936      	-28.7
2616      	17:44:03  	383.5 	-19.5 	40    	22.0     	355   	2.1        	-21.9      	7941      	-28.8
2618      	17:44:05  	383.3 	-19.6 	40    	21.9     	354   	2.1        	-21.8      	7946      	-28.9
2620      	17:44:07  	383.0 	-19.6 	39    	21.8     	354   	2.1        	-21.7      	7952      	-29.0
2622      	17:44:09  	382.7 	-19.6 	39    	21.8     	354   	2.1        	-21.7      	7957      	-29.1
2624      	17:44:11  	382.5 	-19.7 	39    	21.7     	354   	2.2        	-21.6      	7962      	-29.1
2626      	17:44:13  	382.2 	-19.7 	39    	21.5     	354   	2.2        	-21.4      	7967      	-29.2
2628      	17:44:15  	381.9 	-19.7 	39    	21.5     	354   	2.3        	-21.4      	7973      	-29.1
2630      	17:44:17  	381.7 	-19.8 	40    	21.4     	354   	2.4        	-21.3      	7978      	-29.1
2632      	17:44:19  	381.4 	-19.9 	40    	21.4     	354   	2.4        	-21.3      	7983      	-29.0
2634      	17:44:21  	381.1 	-19.9 	41    	21.4     	353   	2.5        	-21.3      	7988      	-28.9
2636      	17:44:23  	380.8 	-20.0 	41    	21.5     	353   	2.6        	-21.3      	7993      	-28.9
2638      	17:44:25  	380.6 	-20.0 	42    	21.5     	353   	2.6        	-21.3      	7999      	-28.8
2640      	17:44:27  	380.3 	-20.1 	42    	21.6     	353   	2.7        	-21.4      	8004      	-28.7
2642      	17:44:29  	380.0 	-20.1 	43    	21.6     	353   	2.7        	-21.4      	8010      	-28.7
2644      	17:44:31  	379.7 	-20.2 	43    	21.6     	353   	2.7        	-21.4      	8016      	-28.7
2646      	17:44:33  	379.4 	-20.2 	43    	21.7     	353   	2.7        	-21.5      	8021      	-28.7
2648      	17:44:35  	379.1 	-20.2 	43    	21.8     	353   	2.6        	-21.6      	8027      	-28.8
2650      	17:44:37  	378.8 	-20.3 	43    	21.9     	353   	2.6        	-21.7      	8033      	-28.8
2652      	17:44:39  	378.5 	-20.3 	43    	22.0     	353   	2.6        	-21.8      	8039      	-28.8
2654      	17:44:41  	378.2 	-20.4 	43    	22.1     	353   	2.6        	-21.9      	8045      	-28.8
2656      	17:44:43  	377.9 	-20.4 	43    	22.1     	353   	2.6        	-21.9      	8051      	-28.8
2658      	17:44:45  	377.6 	-20.5 	44    	22.2     	353   	2.6        	-22.0      	8056      	-28.8
2660      	17:44:47  	377.3 	-20.5 	44    	22.3     	353   	2.9        	-22.1      	8062      	-28.8
2662      	17:44:49  	377.1 	-20.6 	44    	22.4     	352   	3.1        	-22.2      	8067      	-28.8
2664      	17:44:51  	376.8 	-20.6 	44    	22.6     	351   	3.4        	-22.3      	8073      	-28.8
2666      	17:44:53  	376.5 	-20.7 	44    	22.6     	351   	3.6        	-22.3      	8078      	-28.9
2668      	17:44:55  	376.2 	-20.7 	44    	22.7     	350   	3.9        	-22.4      	8084      	-28.9
2670      	17:44:57  	375.9 	-20.8 	44    	22.8     	349   	4.2        	-22.4      	8090      	-29.0
2672      	17:44:59  	375.6 	-20.8 	44    	22.8     	349   	4.5        	-22.4      	8096      	-29.1
2674      	17:45:01  	375.3 	-20.9 	44    	23.0     	348   	4.8        	-22.5      	8102      	-29.1
2676      	17:45:03  	375.0 	-21.0 	44    	23.1     	347   	5.1        	-22.5      	8108      	-29.2
2678      	17:45:05  	374.7 	-21.0 	44    	23.3     	346   	5.5        	-22.6      	8114      	-29.2
2680      	17:45:07  	374.4 	-21.1 	45    	23.3     	346   	5.6        	-22.6      	8119      	-29.2
2682      	17:45:09  	374.1 	-21.1 	45    	23.4     	346   	5.6        	-22.7      	8125      	-29.1
2684      	17:45:11  	373.8 	-21.2 	45    	23.4     	346   	5.7        	-22.7      	8131      	-29.1
2686      	17:45:13  	373.5 	-21.2 	45    	23.5     	346   	5.8        	-22.8      	8137      	-29.1
2688      	17:45:15  	373.2 	-21.3 	46    	23.7     	345   	6.0        	-22.9      	8143      	-29.1
2690      	17:45:17  	372.9 	-21.3 	46    	23.9     	345   	6.1        	-23.1      	8149      	-29.1
2692      	17:45:19  	372.7 	-21.4 	46    	24.0     	345   	6.2        	-23.2      	8154      	-29.2
2694      	17:45:21  	372.4 	-21.4 	46    	24.1     	345   	6.2        	-23.3      	8160      	-29.2
2696      	17:45:23  	372.1 	-21.4 	46    	24.2     	345   	6.3        	-23.4      	8166      	-29.3
2698      	17:45:25  	371.8 	-21.5 	46    	24.4     	345   	6.3        	-23.6      	8171      	-29.3
2700      	17:45:27  	371.5 	-21.5 	46    	24.5     	345   	6.4        	-23.7      	8176      	-29.3
2702      	17:45:29  	371.3 	-21.6 	46    	24.7     	345   	6.6        	-23.8      	8181      	-29.3
2704      	17:45:31  	371.1 	-21.6 	46    	24.9     	344   	6.7        	-24.0      	8186      	-29.3
2706      	17:45:33  	370.8 	-21.7 	46    	24.9     	344   	6.8        	-24.0      	8191      	-29.3
2708      	17:45:35  	370.6 	-21.7 	47    	24.9     	344   	6.8        	-24.0      	8196      	-29.3
2710      	17:45:37  	370.3 	-21.8 	47    	25.1     	344   	6.9        	-24.1      	8200      	-29.3
2712      	17:45:39  	370.1 	-21.8 	47    	25.1     	344   	7.0        	-24.1      	8205      	-29.4
2714      	17:45:41  	369.9 	-21.9 	47    	25.1     	344   	7.1        	-24.1      	8210      	-29.4
2716      	17:45:43  	369.6 	-21.9 	47    	25.2     	343   	7.2        	-24.2      	8214      	-29.5
2718      	17:45:45  	369.4 	-22.0 	47    	25.3     	343   	7.4        	-24.2      	8219      	-29.6
2720      	17:45:47  	369.1 	-22.0 	47    	25.3     	343   	7.4        	-24.2      	8224      	-29.6
2722      	17:45:49  	368.9 	-22.1 	47    	25.3     	343   	7.5        	-24.2      	8229      	-29.6
2724      	17:45:51  	368.6 	-22.1 	47    	25.3     	343   	7.5        	-24.2      	8234      	-29.5
2726      	17:45:53  	368.4 	-22.1 	48    	25.4     	342   	7.7        	-24.2      	8239      	-29.5
2728      	17:45:55  	368.1 	-22.2 	48    	25.5     	342   	7.8        	-24.3      	8244      	-29.4
2730      	17:45:57  	367.9 	-22.2 	49    	25.6     	342   	7.9        	-24.4      	8249      	-29.4
2732      	17:45:59  	367.6 	-22.2 	49    	25.7     	342   	8.0        	-24.4      	8254      	-29.3
2734      	17:46:01  	367.4 	-22.3 	50    	25.8     	342   	8.0        	-24.5      	8259      	-29.3
2736      	17:46:03  	367.2 	-22.3 	50    	25.9     	342   	8.1        	-24.6      	8264      	-29.3
2738      	17:46:05  	366.9 	-22.4 	50    	25.9     	342   	8.1        	-24.6      	8268      	-29.3
2740      	17:46:07  	366.7 	-22.4 	50    	25.9     	342   	8.2        	-24.6      	8273      	-29.4
2742      	17:46:09  	366.4 	-22.5 	50    	26.0     	341   	8.3        	-24.6      	8278      	-29.4
2744      	17:46:11  	366.2 	-22.5 	50    	25.9     	341   	8.3        	-24.5      	8283      	-29.4
2746      	17:46:13  	366.0 	-22.6 	50    	25.9     	341   	8.3        	-24.5      	8287      	-29.5
2748      	17:46:15  	365.7 	-22.6 	50    	25.8     	341   	8.3        	-24.4      	8292      	-29.6
2750      	17:46:17  	365.5 	-22.7 	50    	25.7     	341   	8.3        	-24.3      	8297      	-29.6
2752      	17:46:19  	365.3 	-22.7 	50    	25.7     	341   	8.4        	-24.3      	8302      	-29.6
2754      	17:46:21  	365.0 	-22.8 	50    	25.7     	341   	8.4        	-24.3      	8306      	-29.6
2756      	17:46:23  	364.8 	-22.8 	50    	25.7     	341   	8.5        	-24.3      	8311      	-29.6
2758      	17:46:25  	364.6 	-22.9 	51    	25.7     	341   	8.5        	-24.3      	8316      	-29.6
2760      	17:46:27  	364.3 	-22.9 	51    	25.8     	341   	8.6        	-24.3      	8321      	-29.6
2762      	17:46:29  	364.1 	-23.0 	51    	25.9     	341   	8.6        	-24.4      	8326      	-29.6
2764      	17:46:31  	363.8 	-23.0 	51    	25.9     	340   	8.7        	-24.4      	8331      	-29.6
2766      	17:46:33  	363.6 	-23.1 	51    	26.0     	340   	8.8        	-24.5      	8336      	-29.7
2768      	17:46:35  	363.3 	-23.1 	51    	26.0     	340   	8.8        	-24.5      	8341      	-29.7
2770      	17:46:37  	363.1 	-23.2 	52    	26.2     	340   	8.9        	-24.6      	8346      	-29.7
2772      	17:46:39  	362.8 	-23.2 	52    	26.2     	340   	8.9        	-24.6      	8351      	-29.8
2774      	17:46:41  	362.6 	-23.3 	52    	26.2     	340   	9.0        	-24.6      	8356      	-29.8
2776      	17:46:43  	362.3 	-23.3 	52    	26.3     	340   	9.0        	-24.7      	8361      	-29.8
2778      	17:46:45  	362.1 	-23.4 	52    	26.3     	340   	9.0        	-24.7      	8366      	-29.8
2780      	17:46:47  	361.8 	-23.4 	53    	26.3     	340   	9.1        	-24.7      	8371      	-29.7
2782      	17:46:49  	361.6 	-23.4 	53    	26.3     	340   	9.1        	-24.7      	8376      	-29.7
2784      	17:46:51  	361.3 	-23.5 	54    	26.4     	340   	9.1        	-24.8      	8381      	-29.6
2786      	17:46:53  	361.1 	-23.5 	54    	26.4     	340   	9.1        	-24.8      	8385      	-29.6
2788      	17:46:55  	360.9 	-23.6 	55    	26.4     	340   	9.1        	-24.8      	8390      	-29.6
2790      	17:46:57  	360.6 	-23.6 	55    	26.5     	340   	9.2        	-24.8      	8395      	-29.6
2792      	17:46:59  	360.4 	-23.7 	55    	26.5     	340   	9.2        	-24.8      	8400      	-29.6
2794      	17:47:01  	360.2 	-23.7 	55    	26.5     	339   	9.3        	-24.8      	8404      	-29.6
2796      	17:47:03  	359.9 	-23.8 	55    	26.5     	339   	9.3        	-24.8      	8409      	-29.7
2798      	17:47:05  	359.7 	-23.8 	55    	26.5     	339   	9.3        	-24.8      	8414      	-29.7
2800      	17:47:07  	359.4 	-23.9 	55    	26.5     	339   	9.4        	-24.8      	8420      	-29.8
2802      	17:47:09  	359.2 	-23.9 	55    	26.5     	339   	9.4        	-24.8      	8425      	-29.8
2804      	17:47:11  	358.9 	-24.0 	55    	26.4     	339   	9.4        	-24.7      	8430      	-29.8
2806      	17:47:13  	358.6 	-24.1 	56    	26.4     	339   	9.4        	-24.7      	8436      	-29.9
2808      	17:47:15  	358.4 	-24.1 	56    	26.4     	339   	9.4        	-24.7      	8441      	-29.9
2810      	17:47:17  	358.1 	-24.2 	56    	26.3     	339   	9.4        	-24.6      	8446      	-29.9
2812      	17:47:19  	357.9 	-24.2 	56    	26.3     	339   	9.3        	-24.6      	8451      	-29.9
2814      	17:47:21  	357.6 	-24.2 	56    	26.3     	339   	9.3        	-24.6      	8457      	-29.9
2816      	17:47:23  	357.3 	-24.3 	56    	26.2     	339   	9.3        	-24.5      	8462      	-29.9
2818      	17:47:25  	357.1 	-24.3 	56    	26.2     	339   	9.2        	-24.5      	8467      	-29.9
2820      	17:47:27  	356.8 	-24.4 	56    	26.2     	339   	9.2        	-24.5      	8473      	-30.0
2822      	17:47:29  	356.6 	-24.4 	56    	26.2     	339   	9.2        	-24.5      	8478      	-30.0
2824      	17:47:31  	356.3 	-24.5 	56    	26.2     	339   	9.2        	-24.5      	8483      	-30.1
2826      	17:47:33  	356.1 	-24.5 	57    	26.2     	339   	9.2        	-24.5      	8488      	-30.1
2828      	17:47:35  	355.8 	-24.6 	57    	26.2     	339   	9.2        	-24.5      	8493      	-30.1
2830      	17:47:37  	355.6 	-24.6 	57    	26.1     	339   	9.2        	-24.4      	8498      	-30.2
2832      	17:47:39  	355.3 	-24.7 	56    	26.1     	339   	9.2        	-24.4      	8503      	-30.3
2834      	17:47:41  	355.1 	-24.7 	57    	26.0     	339   	9.3        	-24.3      	8509      	-30.3
2836      	17:47:43  	354.8 	-24.7 	57    	25.9     	339   	9.3        	-24.2      	8514      	-30.3
2838      	17:47:45  	354.6 	-24.8 	57    	25.9     	339   	9.3        	-24.2      	8519      	-30.4
2840      	17:47:47  	354.3 	-24.8 	57    	25.8     	339   	9.3        	-24.1      	8524      	-30.4
2842      	17:47:49  	354.1 	-24.9 	57    	25.8     	339   	9.4        	-24.0      	8529      	-30.4
2844      	17:47:51  	353.8 	-24.9 	57    	25.6     	338   	9.5        	-23.8      	8534      	-30.4
2846      	17:47:53  	353.6 	-25.0 	57    	25.6     	338   	9.6        	-23.7      	8539      	-30.4
2848      	17:47:55  	353.3 	-25.0 	57    	25.4     	338   	9.7        	-23.5      	8544      	-30.4
2850      	17:47:57  	353.1 	-25.0 	57    	25.3     	337   	9.7        	-23.4      	8549      	-30.5
2852      	17:47:59  	352.8 	-25.0 	57    	25.3     	337   	9.8        	-23.3      	8554      	-30.5
2854      	17:48:01  	352.6 	-25.0 	57    	25.3     	337   	9.9        	-23.3      	8559      	-30.6
2856      	17:48:03  	352.4 	-25.1 	57    	25.4     	337   	10.0       	-23.4      	8564      	-30.6
2858      	17:48:05  	352.1 	-25.1 	56    	25.5     	336   	10.2       	-23.4      	8569      	-30.7
2860      	17:48:07  	351.8 	-25.1 	56    	25.6     	336   	10.3       	-23.4      	8575      	-30.8
2862      	17:48:09  	351.6 	-25.1 	56    	25.8     	336   	10.4       	-23.6      	8580      	-30.8
2864      	17:48:11  	351.3 	-25.2 	56    	25.9     	336   	10.4       	-23.7      	8585      	-30.8
2866      	17:48:13  	351.1 	-25.2 	56    	26.0     	336   	10.5       	-23.8      	8590      	-30.9
2868      	17:48:15  	350.8 	-25.2 	56    	26.3     	336   	10.5       	-24.1      	8595      	-30.8
2870      	17:48:17  	350.6 	-25.2 	56    	26.5     	336   	10.6       	-24.3      	8600      	-30.8
2872      	17:48:19  	350.4 	-25.3 	57    	26.7     	337   	10.6       	-24.5      	8605      	-30.8
2874      	17:48:21  	350.1 	-25.3 	57    	26.8     	337   	10.6       	-24.6      	8610      	-30.8
2876      	17:48:23  	349.9 	-25.3 	57    	26.9     	337   	10.6       	-24.7      	8616      	-30.9
2878      	17:48:25  	349.6 	-25.4 	57    	27.0     	337   	10.6       	-24.8      	8621      	-30.9
2880      	17:48:27  	349.4 	-25.4 	57    	27.0     	337   	10.5       	-24.9      	8626      	-30.9
2882      	17:48:29  	349.1 	-25.4 	56    	27.0     	338   	10.3       	-25.0      	8631      	-31.0
2884      	17:48:31  	348.9 	-25.4 	55    	27.1     	338   	10.2       	-25.1      	8636      	-31.2
2886      	17:48:33  	348.7 	-25.4 	55    	27.1     	338   	10.1       	-25.2      	8641      	-31.3
2888      	17:48:35  	348.4 	-25.4 	54    	27.1     	338   	10.0       	-25.2      	8646      	-31.4
2890      	17:48:37  	348.2 	-25.4 	53    	27.1     	339   	9.9        	-25.2      	8651      	-31.6
2892      	17:48:39  	347.9 	-25.5 	53    	27.0     	339   	9.8        	-25.2      	8657      	-31.7
2894      	17:48:41  	347.7 	-25.5 	52    	26.9     	339   	9.7        	-25.1      	8662      	-31.8
2896      	17:48:43  	347.4 	-25.5 	51    	26.9     	339   	9.6        	-25.1      	8667      	-31.9
2898      	17:48:45  	347.2 	-25.5 	51    	26.7     	339   	9.5        	-25.0      	8672      	-32.0
2900      	17:48:47  	346.9 	-25.4 	50    	26.7     	339   	9.5        	-24.9      	8677      	-32.1
2902      	17:48:49  	346.6 	-25.4 	50    	26.7     	339   	9.5        	-24.9      	8683      	-32.2
2904      	17:48:51  	346.4 	-25.4 	49    	26.6     	339   	9.5        	-24.8      	8688      	-32.4
2906      	17:48:53  	346.1 	-25.4 	48    	26.5     	339   	9.6        	-24.7      	8693      	-32.6
2908      	17:48:55  	345.9 	-25.4 	47    	26.5     	339   	9.7        	-24.7      	8699      	-32.9
2910      	17:48:57  	345.6 	-25.4 	45    	26.5     	338   	9.8        	-24.6      	8704      	-33.2
2912      	17:48:59  	345.4 	-25.4 	43    	26.4     	338   	9.9        	-24.5      	8709      	-33.5
2914      	17:49:01  	345.1 	-25.4 	42    	26.4     	338   	9.9        	-24.5      	8714      	-33.8
2916      	17:49:03  	344.9 	-25.4 	41    	26.5     	338   	10.0       	-24.5      	8719      	-33.9
2918      	17:49:05  	344.7 	-25.4 	41    	26.4     	338   	10.0       	-24.4      	8724      	-34.1
2920      	17:49:07  	344.4 	-25.4 	40    	26.3     	337   	10.1       	-24.3      	8730      	-34.2
2922      	17:49:09  	344.2 	-25.5 	40    	26.3     	337   	10.2       	-24.2      	8735      	-34.4
2924      	17:49:11  	343.9 	-25.5 	39    	26.2     	337   	10.2       	-24.1      	8740      	-34.4
2926      	17:49:13  	343.7 	-25.5 	39    	26.1     	337   	10.3       	-24.0      	8745      	-34.4
2928      	17:49:15  	343.5 	-25.5 	39    	26.0     	337   	10.3       	-23.9      	8750      	-34.5
2930      	17:49:17  	343.2 	-25.5 	39    	25.9     	337   	10.3       	-23.8      	8755      	-34.7
2932      	17:49:19  	343.0 	-25.6 	38    	25.8     	337   	10.3       	-23.7      	8760      	-34.9
2934      	17:49:21  	342.7 	-25.6 	37    	25.7     	336   	10.3       	-23.6      	8765      	-35.0
2936      	17:49:23  	342.5 	-25.6 	37    	25.6     	336   	10.3       	-23.4      	8771      	-35.2
2938      	17:49:25  	342.2 	-25.6 	36    	25.5     	336   	10.3       	-23.3      	8776      	-35.4
2940      	17:49:27  	342.0 	-25.7 	36    	25.4     	336   	10.3       	-23.2      	8781      	-35.5
2942      	17:49:29  	341.7 	-25.7 	35    	25.3     	336   	10.3       	-23.1      	8787      	-35.6
2944      	17:49:31  	341.5 	-25.7 	35    	25.2     	336   	10.3       	-23.0      	8792      	-35.6
2946      	17:49:33  	341.2 	-25.7 	36    	25.1     	336   	10.3       	-22.9      	8797      	-35.6
2948      	17:49:35  	341.0 	-25.8 	36    	24.9     	336   	10.3       	-22.7      	8803      	-35.6
2950      	17:49:37  	340.7 	-25.8 	36    	24.8     	335   	10.3       	-22.6      	8808      	-35.7
2952      	17:49:39  	340.5 	-25.8 	36    	24.7     	335   	10.3       	-22.5      	8813      	-35.7
2954      	17:49:41  	340.3 	-25.8 	35    	24.7     	335   	10.3       	-22.4      	8818      	-35.7
2956      	17:49:43  	340.0 	-25.8 	35    	24.6     	335   	10.3       	-22.3      	8822      	-35.9
2958      	17:49:45  	339.8 	-25.8 	34    	24.5     	335   	10.3       	-22.2      	8827      	-36.0
2960      	17:49:47  	339.6 	-25.8 	33    	24.5     	335   	10.4       	-22.2      	8832      	-36.3
2962      	17:49:49  	339.3 	-25.9 	32    	24.4     	335   	10.4       	-22.1      	8838      	-36.6
2964      	17:49:51  	339.1 	-25.9 	32    	24.5     	335   	10.5       	-22.1      	8843      	-36.8
2966      	17:49:53  	338.8 	-25.9 	31    	24.5     	335   	10.5       	-22.1      	8848      	-37.0
2968      	17:49:55  	338.6 	-25.9 	30    	24.6     	334   	10.6       	-22.2      	8854      	-37.2
2970      	17:49:57  	338.3 	-25.9 	30    	24.6     	334   	10.7       	-22.2      	8859      	-37.5
2972      	17:49:59  	338.1 	-25.9 	29    	24.8     	334   	10.9       	-22.3      	8864      	-37.7
2974      	17:50:01  	337.8 	-26.0 	28    	25.0     	334   	11.0       	-22.4      	8869      	-37.9
2976      	17:50:03  	337.6 	-26.0 	28    	25.1     	334   	11.1       	-22.5      	8875      	-38.1
2978      	17:50:05  	337.3 	-26.1 	27    	25.2     	334   	11.2       	-22.6      	8880      	-38.3
2980      	17:50:07  	337.1 	-26.1 	26    	25.4     	334   	11.3       	-22.7      	8886      	-38.6
2982      	17:50:09  	336.8 	-26.1 	26    	25.4     	334   	11.3       	-22.8      	8892      	-38.9
2984      	17:50:11  	336.5 	-26.2 	25    	25.5     	334   	11.3       	-22.9      	8897      	-39.2
2986      	17:50:13  	336.3 	-26.2 	24    	25.6     	334   	11.3       	-23.0      	8903      	-39.5
2988      	17:50:15  	336.0 	-26.2 	24    	25.6     	334   	11.3       	-23.0      	8908      	-39.8
2990      	17:50:17  	335.8 	-26.3 	23    	25.7     	334   	11.3       	-23.1      	8913      	-39.9
2992      	17:50:19  	335.5 	-26.3 	23    	25.7     	334   	11.2       	-23.1      	8918      	-40.1
2994      	17:50:21  	335.3 	-26.3 	23    	25.7     	334   	11.1       	-23.2      	8924      	-40.1
2996      	17:50:23  	335.1 	-26.4 	23    	25.7     	335   	11.0       	-23.2      	8929      	-40.2
2998      	17:50:25  	334.8 	-26.4 	23    	25.7     	335   	10.8       	-23.3      	8934      	-40.2
3000      	17:50:27  	334.6 	-26.4 	23    	25.7     	336   	10.6       	-23.4      	8939      	-40.3
3002      	17:50:29  	334.3 	-26.5 	23    	25.6     	336   	10.5       	-23.4      	8945      	-40.3
3004      	17:50:31  	334.1 	-26.5 	23    	25.7     	336   	10.4       	-23.5      	8950      	-40.3
3006      	17:50:33  	333.8 	-26.6 	23    	25.7     	336   	10.3       	-23.5      	8956      	-40.4
3008      	17:50:35  	333.6 	-26.6 	23    	25.7     	337   	10.2       	-23.6      	8961      	-40.4
3010      	17:50:37  	333.3 	-26.6 	23    	25.6     	337   	10.0       	-23.6      	8967      	-40.4
3012      	17:50:39  	333.1 	-26.6 	23    	25.7     	337   	9.9        	-23.7      	8972      	-40.4
3014      	17:50:41  	332.8 	-26.7 	23    	25.6     	338   	9.8        	-23.7      	8977      	-40.4
3016      	17:50:43  	332.6 	-26.7 	23    	25.6     	338   	9.7        	-23.7      	8983      	-40.3
3018      	17:50:45  	332.3 	-26.8 	24    	25.6     	338   	9.7        	-23.7      	8988      	-40.3
3020      	17:50:47  	332.1 	-26.8 	24    	25.6     	338   	9.7        	-23.7      	8993      	-40.2
3022      	17:50:49  	331.8 	-26.9 	24    	25.8     	338   	9.7        	-23.9      	8999      	-40.2
3024      	17:50:51  	331.6 	-26.9 	24    	26.0     	338   	9.7        	-24.1      	9004      	-40.1
3026      	17:50:53  	331.3 	-27.0 	24    	26.1     	338   	9.7        	-24.2      	9010      	-40.1
3028      	17:50:55  	331.1 	-27.0 	25    	26.3     	338   	9.7        	-24.4      	9015      	-40.1
3030      	17:50:57  	330.8 	-27.1 	25    	26.4     	338   	9.7        	-24.6      	9021      	-40.1
3032      	17:50:59  	330.6 	-27.1 	25    	26.7     	338   	9.8        	-24.8      	9026      	-40.1
3034      	17:51:01  	330.3 	-27.2 	25    	26.8     	339   	9.8        	-24.9      	9032      	-40.1
3036      	17:51:03  	330.1 	-27.2 	25    	26.9     	339   	9.8        	-25.1      	9037      	-40.2
3038      	17:51:05  	329.8 	-27.3 	25    	27.1     	339   	9.8        	-25.3      	9043      	-40.2
3040      	17:51:07  	329.6 	-27.3 	25    	27.2     	339   	9.8        	-25.4      	9048      	-40.2
3042      	17:51:09  	329.3 	-27.4 	25    	27.3     	339   	9.8        	-25.5      	9054      	-40.2
3044      	17:51:11  	329.1 	-27.4 	26    	27.3     	339   	9.8        	-25.5      	9059      	-40.1
3046      	17:51:13  	328.8 	-27.5 	26    	27.3     	339   	9.8        	-25.5      	9065      	-40.1
3048      	17:51:15  	328.6 	-27.5 	26    	27.3     	339   	9.8        	-25.5      	9070      	-40.1
3050      	17:51:17  	328.3 	-27.6 	26    	27.3     	339   	9.7        	-25.5      	9076      	-40.1
3052      	17:51:19  	328.0 	-27.6 	26    	27.4     	339   	9.7        	-25.6      	9081      	-40.1
3054      	17:51:21  	327.8 	-27.7 	26    	27.3     	339   	9.6        	-25.6      	9087      	-40.1
3056      	17:51:23  	327.5 	-27.7 	26    	27.3     	339   	9.6        	-25.6      	9093      	-40.1
3058      	17:51:25  	327.3 	-27.7 	26    	27.4     	340   	9.6        	-25.7      	9098      	-40.1
3060      	17:51:27  	327.0 	-27.8 	26    	27.4     	340   	9.5        	-25.7      	9104      	-40.2
3062      	17:51:29  	326.8 	-27.8 	26    	27.4     	340   	9.5        	-25.7      	9109      	-40.2
3064      	17:51:31  	326.5 	-27.9 	26    	27.4     	340   	9.4        	-25.7      	9115      	-40.3
3066      	17:51:33  	326.3 	-27.9 	26    	27.4     	340   	9.3        	-25.8      	9120      	-40.3
3068      	17:51:35  	326.0 	-28.0 	26    	27.3     	340   	9.3        	-25.7      	9125      	-40.4
3070      	17:51:37  	325.8 	-28.0 	26    	27.3     	340   	9.3        	-25.7      	9131      	-40.4
3072      	17:51:39  	325.6 	-28.1 	26    	27.3     	340   	9.2        	-25.7      	9136      	-40.5
3074      	17:51:41  	325.3 	-28.1 	26    	27.3     	341   	9.1        	-25.7      	9141      	-40.5
3076      	17:51:43  	325.1 	-28.2 	27    	27.1     	341   	9.0        	-25.6      	9146      	-40.5
3078      	17:51:45  	324.9 	-28.3 	27    	27.1     	341   	8.9        	-25.6      	9151      	-40.5
3080      	17:51:47  	324.6 	-28.3 	27    	27.0     	341   	8.8        	-25.5      	9157      	-40.5
3082      	17:51:49  	324.4 	-28.3 	27    	26.9     	341   	8.7        	-25.5      	9162      	-40.6
3084      	17:51:51  	324.1 	-28.4 	27    	26.9     	341   	8.7        	-25.5      	9168      	-40.6
3086      	17:51:53  	323.9 	-28.5 	27    	26.8     	341   	8.6        	-25.4      	9173      	-40.7
3088      	17:51:55  	323.6 	-28.5 	27    	26.8     	341   	8.6        	-25.4      	9179      	-40.8
3090      	17:51:57  	323.4 	-28.6 	27    	26.8     	341   	8.5        	-25.4      	9185      	-40.8
3092      	17:51:59  	323.1 	-28.6 	27    	26.8     	341   	8.5        	-25.4      	9190      	-40.8
3094      	17:52:01  	322.9 	-28.7 	27    	26.8     	341   	8.5        	-25.4      	9196      	-40.8
3096      	17:52:03  	322.6 	-28.7 	27    	26.8     	341   	8.5        	-25.4      	9201      	-40.8
3098      	17:52:05  	322.4 	-28.8 	27    	26.8     	341   	8.5        	-25.4      	9207      	-40.9
3100      	17:52:07  	322.1 	-28.8 	27    	26.9     	342   	8.5        	-25.5      	9213      	-40.9
3102      	17:52:09  	321.8 	-28.9 	27    	26.9     	342   	8.5        	-25.5      	9218      	-40.9
3104      	17:52:11  	321.6 	-28.9 	27    	26.8     	342   	8.4        	-25.5      	9224      	-41.0
3106      	17:52:13  	321.4 	-29.0 	27    	26.8     	342   	8.4        	-25.5      	9229      	-41.0
3108      	17:52:15  	321.1 	-29.0 	27    	26.9     	342   	8.4        	-25.6      	9234      	-41.1
3110      	17:52:17  	320.9 	-29.1 	27    	26.9     	342   	8.3        	-25.6      	9240      	-41.1
3112      	17:52:19  	320.6 	-29.1 	27    	26.9     	342   	8.3        	-25.6      	9245      	-41.1
3114      	17:52:21  	320.4 	-29.1 	27    	26.9     	342   	8.2        	-25.6      	9251      	-41.2
3116      	17:52:23  	320.1 	-29.2 	27    	26.9     	342   	8.2        	-25.6      	9256      	-41.2
3118      	17:52:25  	319.9 	-29.2 	27    	26.9     	342   	8.1        	-25.6      	9262      	-41.2
3120      	17:52:27  	319.6 	-29.3 	27    	26.9     	342   	8.1        	-25.6      	9267      	-41.2
3122      	17:52:29  	319.4 	-29.3 	27    	26.8     	343   	8.0        	-25.6      	9273      	-41.3
3124      	17:52:31  	319.2 	-29.4 	27    	26.8     	343   	8.0        	-25.6      	9278      	-41.4
3126      	17:52:33  	318.9 	-29.4 	27    	26.8     	343   	8.0        	-25.6      	9283      	-41.4
3128      	17:52:35  	318.7 	-29.5 	27    	26.8     	343   	8.0        	-25.6      	9289      	-41.4
3130      	17:52:37  	318.4 	-29.6 	27    	26.8     	343   	7.9        	-25.6      	9294      	-41.5
3132      	17:52:39  	318.2 	-29.6 	27    	26.8     	343   	7.9        	-25.6      	9300      	-41.5
3134      	17:52:41  	317.9 	-29.7 	27    	26.8     	343   	7.9        	-25.6      	9305      	-41.6
3136      	17:52:43  	317.7 	-29.7 	27    	26.7     	343   	7.9        	-25.5      	9311      	-41.7
3138      	17:52:45  	317.4 	-29.8 	27    	26.7     	343   	7.9        	-25.5      	9317      	-41.7
3140      	17:52:47  	317.2 	-29.8 	27    	26.7     	343   	7.8        	-25.5      	9322      	-41.8
3142      	17:52:49  	316.9 	-29.9 	27    	26.6     	343   	7.8        	-25.4      	9328      	-41.8
3144      	17:52:51  	316.7 	-29.9 	27    	26.6     	343   	7.8        	-25.4      	9334      	-41.9
3146      	17:52:53  	316.4 	-30.0 	27    	26.5     	343   	7.8        	-25.3      	9339      	-41.9
3148      	17:52:55  	316.2 	-30.0 	28    	26.4     	343   	7.7        	-25.3      	9345      	-41.8
3150      	17:52:57  	315.9 	-30.1 	28    	26.4     	343   	7.7        	-25.3      	9351      	-41.7
3152      	17:52:59  	315.7 	-30.1 	28    	26.4     	343   	7.7        	-25.2      	9356      	-41.7
3154      	17:53:01  	315.4 	-30.2 	28    	26.4     	343   	7.7        	-25.2      	9361      	-41.7
3156      	17:53:03  	315.2 	-30.2 	29    	26.3     	343   	7.7        	-25.1      	9367      	-41.6
3158      	17:53:05  	315.0 	-30.3 	29    	26.3     	343   	7.7        	-25.1      	9372      	-41.6
3160      	17:53:07  	314.7 	-30.4 	29    	26.3     	343   	7.7        	-25.1      	9377      	-41.5
3162      	17:53:09  	314.5 	-30.4 	30    	26.3     	343   	7.7        	-25.1      	9383      	-41.5
3164      	17:53:11  	314.3 	-30.4 	30    	26.2     	343   	7.7        	-25.0      	9388      	-41.5
3166      	17:53:13  	314.0 	-30.5 	30    	26.0     	343   	7.7        	-24.8      	9393      	-41.5
3168      	17:53:15  	313.8 	-30.6 	30    	25.9     	342   	7.8        	-24.7      	9399      	-41.6
3170      	17:53:17  	313.5 	-30.6 	30    	25.8     	342   	7.8        	-24.6      	9404      	-41.6
3172      	17:53:19  	313.3 	-30.7 	30    	25.7     	342   	7.8        	-24.5      	9410      	-41.6
3174      	17:53:21  	313.0 	-30.7 	30    	25.6     	342   	7.8        	-24.4      	9416      	-41.7
3176      	17:53:23  	312.8 	-30.8 	30    	25.5     	342   	7.9        	-24.2      	9421      	-41.7
3178      	17:53:25  	312.6 	-30.8 	30    	25.5     	342   	7.9        	-24.2      	9427      	-41.8
3180      	17:53:27  	312.3 	-30.9 	30    	25.4     	342   	8.0        	-24.1      	9432      	-41.7
3182      	17:53:29  	312.1 	-30.9 	31    	25.4     	341   	8.1        	-24.1      	9438      	-41.7
3184      	17:53:31  	311.8 	-31.0 	31    	25.5     	341   	8.2        	-24.1      	9443      	-41.7
3186      	17:53:33  	311.6 	-31.0 	31    	25.6     	341   	8.2        	-24.2      	9449      	-41.7
3188      	17:53:35  	311.3 	-31.1 	31    	25.6     	341   	8.3        	-24.2      	9454      	-41.7
3190      	17:53:37  	311.1 	-31.1 	31    	25.6     	341   	8.4        	-24.2      	9460      	-41.7
3192      	17:53:39  	310.9 	-31.2 	31    	25.6     	341   	8.5        	-24.2      	9465      	-41.8
3194      	17:53:41  	310.6 	-31.2 	31    	25.7     	340   	8.6        	-24.2      	9470      	-41.8
3196      	17:53:43  	310.4 	-31.3 	31    	25.7     	340   	8.6        	-24.2      	9476      	-41.9
3198      	17:53:45  	310.2 	-31.3 	31    	25.6     	340   	8.7        	-24.1      	9481      	-41.9
3200      	17:53:47  	309.9 	-31.4 	31    	25.5     	340   	8.7        	-24.0      	9487      	-41.9
3202      	17:53:49  	309.7 	-31.4 	32    	25.6     	340   	8.8        	-24.0      	9492      	-41.9
3204      	17:53:51  	309.4 	-31.5 	32    	25.5     	340   	8.9        	-23.9      	9498      	-41.9
3206      	17:53:53  	309.2 	-31.5 	32    	25.5     	339   	9.1        	-23.8      	9503      	-42.0
3208      	17:53:55  	309.0 	-31.5 	31    	25.5     	339   	9.2        	-23.8      	9508      	-42.1
3210      	17:53:57  	308.7 	-31.6 	31    	25.6     	338   	9.4        	-23.8      	9514      	-42.1
3212      	17:53:59  	308.5 	-31.6 	31    	25.6     	338   	9.5        	-23.8      	9519      	-42.2
3214      	17:54:01  	308.3 	-31.7 	31    	25.7     	338   	9.6        	-23.8      	9525      	-42.4
3216      	17:54:03  	308.0 	-31.7 	30    	25.6     	338   	9.8        	-23.7      	9530      	-42.5
3218      	17:54:05  	307.8 	-31.8 	30    	25.6     	337   	10.0       	-23.6      	9536      	-42.6
3220      	17:54:07  	307.5 	-31.8 	30    	25.5     	337   	10.1       	-23.4      	9541      	-42.6
3222      	17:54:09  	307.3 	-31.9 	30    	25.5     	336   	10.3       	-23.3      	9547      	-42.6
3224      	17:54:11  	307.1 	-31.9 	30    	25.4     	336   	10.4       	-23.2      	9552      	-42.7
3226      	17:54:13  	306.8 	-32.0 	30    	25.2     	336   	10.4       	-23.0      	9558      	-42.7
3228      	17:54:15  	306.6 	-32.0 	31    	25.2     	335   	10.5       	-22.9      	9563      	-42.7
3230      	17:54:17  	306.3 	-32.0 	31    	25.4     	335   	10.7       	-23.0      	9569      	-42.7
3232      	17:54:19  	306.1 	-32.1 	31    	25.5     	334   	11.0       	-23.0      	9574      	-42.7
3234      	17:54:21  	305.9 	-32.1 	31    	25.6     	334   	11.2       	-23.0      	9580      	-42.8
3236      	17:54:23  	305.6 	-32.2 	31    	25.8     	334   	11.4       	-23.1      	9586      	-42.8
3238      	17:54:25  	305.4 	-32.2 	31    	26.0     	334   	11.5       	-23.3      	9591      	-42.7
3240      	17:54:27  	305.1 	-32.3 	32    	26.3     	334   	11.7       	-23.5      	9596      	-42.7
3242      	17:54:29  	304.9 	-32.3 	32    	26.4     	333   	12.0       	-23.5      	9602      	-42.6
3244      	17:54:31  	304.7 	-32.4 	32    	26.7     	332   	12.4       	-23.6      	9607      	-42.5
3246      	17:54:33  	304.4 	-32.4 	33    	26.8     	332   	12.7       	-23.6      	9613      	-42.5
3248      	17:54:35  	304.2 	-32.4 	33    	27.0     	331   	13.0       	-23.7      	9618      	-42.4
3250      	17:54:37  	304.0 	-32.5 	33    	26.9     	331   	13.1       	-23.5      	9624      	-42.4
3252      	17:54:39  	303.7 	-32.5 	33    	26.9     	330   	13.3       	-23.4      	9630      	-42.4
3254      	17:54:41  	303.5 	-32.6 	34    	26.9     	330   	13.5       	-23.3      	9635      	-42.4
3256      	17:54:43  	303.2 	-32.6 	34    	26.9     	329   	13.8       	-23.1      	9641      	-42.4
3258      	17:54:45  	303.0 	-32.6 	34    	27.0     	328   	14.1       	-23.0      	9646      	-42.5
3260      	17:54:47  	302.8 	-32.7 	34    	27.0     	328   	14.4       	-22.8      	9652      	-42.5
3262      	17:54:49  	302.5 	-32.7 	34    	27.0     	328   	14.5       	-22.8      	9657      	-42.6
3264      	17:54:51  	302.3 	-32.8 	34    	27.1     	327   	14.6       	-22.8      	9663      	-42.6
3266      	17:54:53  	302.1 	-32.8 	34    	27.2     	327   	14.8       	-22.8      	9668      	-42.6
3268      	17:54:55  	301.8 	-32.8 	34    	27.3     	327   	15.0       	-22.8      	9674      	-42.7
3270      	17:54:57  	301.6 	-32.9 	33    	27.5     	326   	15.3       	-22.8      	9679      	-42.7
3272      	17:54:59  	301.3 	-32.9 	34    	27.6     	326   	15.5       	-22.8      	9685      	-42.7
3274      	17:55:01  	301.1 	-33.0 	34    	27.7     	325   	15.8       	-22.8      	9691      	-42.7
3276      	17:55:03  	300.9 	-33.0 	34    	27.8     	325   	15.9       	-22.8      	9696      	-42.7
3278      	17:55:05  	300.6 	-33.1 	34    	27.9     	325   	16.0       	-22.8      	9701      	-42.7
3280      	17:55:07  	300.4 	-33.1 	34    	27.9     	325   	16.1       	-22.8      	9707      	-42.8
3282      	17:55:09  	300.2 	-33.2 	34    	28.1     	325   	16.3       	-22.9      	9712      	-42.8
3284      	17:55:11  	299.9 	-33.2 	34    	28.2     	324   	16.5       	-22.9      	9718      	-42.8
3286      	17:55:13  	299.7 	-33.3 	35    	28.3     	324   	16.6       	-22.9      	9724      	-42.8
3288      	17:55:15  	299.4 	-33.3 	34    	28.4     	324   	16.7       	-23.0      	9729      	-42.9
3290      	17:55:17  	299.2 	-33.4 	34    	28.4     	324   	16.7       	-23.0      	9735      	-43.0
3292      	17:55:19  	299.0 	-33.4 	34    	28.5     	324   	16.8       	-23.0      	9740      	-43.0
3294      	17:55:21  	298.7 	-33.5 	34    	28.6     	324   	16.8       	-23.1      	9746      	-43.1
3296      	17:55:23  	298.5 	-33.5 	34    	28.6     	324   	16.9       	-23.1      	9751      	-43.2
3298      	17:55:25  	298.3 	-33.6 	34    	28.7     	324   	17.0       	-23.1      	9757      	-43.2
3300      	17:55:27  	298.0 	-33.7 	34    	28.8     	324   	17.1       	-23.2      	9762      	-43.3
3302      	17:55:29  	297.8 	-33.7 	34    	28.8     	324   	17.1       	-23.2      	9768      	-43.3
3304      	17:55:31  	297.6 	-33.8 	35    	28.9     	323   	17.2       	-23.2      	9773      	-43.3
3306      	17:55:33  	297.4 	-33.8 	35    	28.9     	323   	17.3       	-23.2      	9778      	-43.3
3308      	17:55:35  	297.1 	-33.9 	35    	28.9     	323   	17.3       	-23.2      	9783      	-43.2
3310      	17:55:37  	296.9 	-33.9 	35    	29.0     	323   	17.4       	-23.2      	9788      	-43.2
3312      	17:55:39  	296.7 	-34.0 	35    	29.0     	323   	17.5       	-23.1      	9794      	-43.2
3314      	17:55:41  	296.5 	-34.0 	35    	29.0     	323   	17.5       	-23.1      	9799      	-43.3
3316      	17:55:43  	296.2 	-34.1 	35    	28.9     	323   	17.5       	-23.0      	9805      	-43.3
3318      	17:55:45  	296.0 	-34.1 	36    	28.8     	323   	17.5       	-22.9      	9810      	-43.3
3320      	17:55:47  	295.8 	-34.2 	36    	28.9     	322   	17.6       	-22.9      	9815      	-43.4
3322      	17:55:49  	295.6 	-34.2 	36    	28.8     	322   	17.6       	-22.8      	9821      	-43.4
3324      	17:55:51  	295.3 	-34.3 	36    	28.8     	322   	17.7       	-22.7      	9826      	-43.4
3326      	17:55:53  	295.1 	-34.3 	36    	28.8     	322   	17.7       	-22.7      	9832      	-43.5
3328      	17:55:55  	294.9 	-34.4 	36    	28.8     	322   	17.8       	-22.7      	9837      	-43.4
3330      	17:55:57  	294.7 	-34.4 	36    	28.8     	322   	17.8       	-22.7      	9842      	-43.4
3332      	17:55:59  	294.4 	-34.5 	37    	28.8     	322   	17.9       	-22.6      	9848      	-43.4
3334      	17:56:01  	294.2 	-34.5 	37    	28.9     	321   	18.0       	-22.6      	9853      	-43.4
3336      	17:56:03  	294.0 	-34.6 	37    	29.0     	321   	18.1       	-22.6      	9858      	-43.3
3338      	17:56:05  	293.8 	-34.6 	38    	29.0     	321   	18.2       	-22.6      	9863      	-43.4
3340      	17:56:07  	293.5 	-34.7 	38    	28.9     	321   	18.2       	-22.5      	9869      	-43.4
3342      	17:56:09  	293.3 	-34.7 	38    	28.9     	321   	18.2       	-22.5      	9874      	-43.4
3344      	17:56:11  	293.1 	-34.8 	38    	29.0     	321   	18.3       	-22.5      	9880      	-43.4
3346      	17:56:13  	292.8 	-34.8 	38    	29.1     	321   	18.4       	-22.5      	9885      	-43.5
3348      	17:56:15  	292.6 	-34.9 	38    	29.1     	321   	18.4       	-22.5      	9890      	-43.6
3350      	17:56:17  	292.4 	-34.9 	38    	29.1     	320   	18.5       	-22.4      	9896      	-43.6
3352      	17:56:19  	292.2 	-35.0 	38    	29.1     	320   	18.5       	-22.4      	9901      	-43.6
3354      	17:56:21  	291.9 	-35.1 	38    	29.1     	320   	18.5       	-22.4      	9907      	-43.6
3356      	17:56:23  	291.7 	-35.1 	38    	29.1     	320   	18.6       	-22.4      	9912      	-43.7
3358      	17:56:25  	291.5 	-35.2 	38    	29.1     	320   	18.6       	-22.4      	9917      	-43.7
3360      	17:56:27  	291.3 	-35.2 	38    	29.2     	320   	18.7       	-22.4      	9922      	-43.7
3362      	17:56:29  	291.1 	-35.3 	38    	29.2     	320   	18.8       	-22.3      	9927      	-43.8
3364      	17:56:31  	290.9 	-35.3 	38    	29.2     	320   	18.9       	-22.3      	9932      	-43.8
3366      	17:56:33  	290.7 	-35.4 	38    	29.2     	320   	18.9       	-22.2      	9937      	-43.9
3368      	17:56:35  	290.4 	-35.4 	38    	29.2     	319   	19.0       	-22.2      	9943      	-44.0
3370      	17:56:37  	290.2 	-35.5 	38    	29.2     	319   	19.0       	-22.2      	9948      	-44.0
3372      	17:56:39  	290.0 	-35.5 	38    	29.4     	319   	19.1       	-22.3      	9954      	-44.0
3374      	17:56:41  	289.7 	-35.6 	38    	29.5     	319   	19.2       	-22.4      	9959      	-44.1
3376      	17:56:43  	289.5 	-35.6 	38    	29.7     	320   	19.2       	-22.6      	9965      	-44.1
3378      	17:56:45  	289.3 	-35.7 	38    	29.8     	320   	19.2       	-22.8      	9970      	-44.2
3380      	17:56:47  	289.1 	-35.7 	38    	30.0     	320   	19.2       	-23.0      	9976      	-44.3
3382      	17:56:49  	288.8 	-35.7 	38    	30.1     	320   	19.3       	-23.1      	9981      	-44.3
3384      	17:56:51  	288.6 	-35.8 	38    	30.2     	321   	19.2       	-23.3      	9987      	-44.4
3386      	17:56:53  	288.4 	-35.8 	37    	30.3     	321   	19.2       	-23.5      	9992      	-44.5
3388      	17:56:55  	288.1 	-35.9 	37    	30.5     	321   	19.2       	-23.7      	9998      	-44.6
3390      	17:56:57  	287.9 	-35.9 	37    	30.6     	321   	19.1       	-23.9      	10004     	-44.7
3392      	17:56:59  	287.7 	-36.0 	37    	30.6     	321   	19.1       	-23.9      	10009     	-44.7
3394      	17:57:01  	287.4 	-36.0 	37    	30.6     	321   	19.1       	-23.9      	10015     	-44.8
3396      	17:57:03  	287.2 	-36.1 	37    	30.5     	322   	19.0       	-23.9      	10021     	-44.8
3398      	17:57:05  	287.0 	-36.1 	37    	30.6     	322   	19.0       	-24.0      	10027     	-44.9
3400      	17:57:07  	286.7 	-36.2 	37    	30.5     	322   	18.9       	-24.0      	10032     	-45.0
3402      	17:57:09  	286.5 	-36.3 	37    	30.5     	322   	18.9       	-24.0      	10038     	-45.0
3404      	17:57:11  	286.3 	-36.3 	37    	30.5     	322   	18.8       	-24.0      	10043     	-45.0
3406      	17:57:13  	286.0 	-36.4 	37    	30.5     	322   	18.8       	-24.0      	10049     	-45.1
3408      	17:57:15  	285.8 	-36.4 	37    	30.5     	322   	18.8       	-24.0      	10054     	-45.2
3410      	17:57:17  	285.6 	-36.4 	37    	30.5     	322   	18.7       	-24.1      	10060     	-45.3
3412      	17:57:19  	285.3 	-36.5 	36    	30.5     	322   	18.7       	-24.1      	10065     	-45.3
3414      	17:57:21  	285.1 	-36.5 	36    	30.5     	322   	18.6       	-24.2      	10071     	-45.4
3416      	17:57:23  	284.9 	-36.6 	36    	30.5     	322   	18.6       	-24.2      	10077     	-45.5
3418      	17:57:25  	284.7 	-36.6 	36    	30.5     	322   	18.6       	-24.2      	10082     	-45.5
3420      	17:57:27  	284.5 	-36.7 	36    	30.6     	323   	18.6       	-24.3      	10087     	-45.5
3422      	17:57:29  	284.2 	-36.7 	37    	30.6     	323   	18.5       	-24.4      	10092     	-45.5
3424      	17:57:31  	284.0 	-36.8 	37    	30.7     	323   	18.4       	-24.6      	10098     	-45.5
3426      	17:57:33  	283.8 	-36.8 	37    	30.8     	324   	18.3       	-24.8      	10103     	-45.5
3428      	17:57:35  	283.6 	-36.8 	37    	31.0     	324   	18.2       	-25.1      	10108     	-45.6
3430      	17:57:37  	283.4 	-36.9 	37    	31.1     	324   	18.1       	-25.3      	10113     	-45.6
3432      	17:57:39  	283.2 	-36.9 	36    	31.3     	325   	18.1       	-25.5      	10119     	-45.7
3434      	17:57:41  	283.0 	-36.9 	36    	31.4     	325   	18.0       	-25.7      	10124     	-45.8
3436      	17:57:43  	282.7 	-37.0 	36    	31.6     	325   	17.9       	-26.0      	10129     	-45.9
3438      	17:57:45  	282.5 	-37.0 	35    	31.8     	326   	17.8       	-26.3      	10134     	-46.1
3440      	17:57:47  	282.3 	-37.0 	35    	31.9     	327   	17.6       	-26.6      	10139     	-46.2
3442      	17:57:49  	282.1 	-37.1 	35    	32.1     	327   	17.5       	-26.9      	10144     	-46.3
3444      	17:57:51  	281.9 	-37.1 	35    	32.2     	327   	17.5       	-27.0      	10150     	-46.3
3446      	17:57:53  	281.7 	-37.2 	35    	32.3     	327   	17.5       	-27.2      	10155     	-46.4
3448      	17:57:55  	281.5 	-37.2 	35    	32.4     	327   	17.4       	-27.3      	10160     	-46.4
3450      	17:57:57  	281.3 	-37.2 	35    	32.5     	328   	17.4       	-27.5      	10165     	-46.5
3452      	17:57:59  	281.0 	-37.3 	35    	32.7     	328   	17.3       	-27.7      	10170     	-46.5
3454      	17:58:01  	280.8 	-37.3 	35    	32.7     	328   	17.3       	-27.8      	10176     	-46.5
3456      	17:58:03  	280.6 	-37.3 	35    	32.8     	328   	17.3       	-27.9      	10181     	-46.5
3458      	17:58:05  	280.4 	-37.4 	35    	32.9     	328   	17.3       	-28.0      	10187     	-46.5
3460      	17:58:07  	280.2 	-37.4 	35    	33.0     	328   	17.3       	-28.1      	10192     	-46.6
3462      	17:58:09  	280.0 	-37.4 	34    	33.0     	328   	17.4       	-28.0      	10197     	-46.7
3464      	17:58:11  	279.8 	-37.5 	34    	33.0     	328   	17.5       	-28.0      	10202     	-46.9
3466      	17:58:13  	279.5 	-37.5 	33    	33.0     	328   	17.6       	-27.9      	10207     	-47.1
3468      	17:58:15  	279.3 	-37.5 	33    	33.0     	328   	17.7       	-27.9      	10213     	-47.3
3470      	17:58:17  	279.1 	-37.6 	32    	33.1     	327   	17.9       	-27.8      	10218     	-47.4
3472      	17:58:19  	278.9 	-37.6 	31    	33.0     	327   	18.0       	-27.7      	10223     	-47.6
3474      	17:58:21  	278.7 	-37.6 	31    	33.0     	327   	18.1       	-27.6      	10229     	-47.8
3476      	17:58:23  	278.5 	-37.7 	30    	32.9     	326   	18.3       	-27.4      	10234     	-48.0
3478      	17:58:25  	278.2 	-37.7 	30    	33.0     	326   	18.5       	-27.3      	10240     	-48.1
3480      	17:58:27  	278.0 	-37.7 	29    	33.0     	325   	18.7       	-27.2      	10245     	-48.3
3482      	17:58:29  	277.8 	-37.8 	29    	33.0     	325   	18.7       	-27.2      	10250     	-48.5
3484      	17:58:31  	277.6 	-37.8 	28    	33.1     	325   	18.8       	-27.2      	10256     	-48.7
3486      	17:58:33  	277.4 	-37.8 	28    	33.1     	325   	18.8       	-27.2      	10261     	-48.8
3488      	17:58:35  	277.2 	-37.8 	27    	33.2     	325   	18.9       	-27.3      	10266     	-49.0
3490      	17:58:37  	277.0 	-37.8 	27    	33.3     	325   	19.0       	-27.3      	10272     	-49.1
3492      	17:58:39  	276.7 	-37.8 	27    	33.4     	325   	19.1       	-27.4      	10277     	-49.1
3494      	17:58:41  	276.5 	-37.8 	27    	33.5     	325   	19.2       	-27.5      	10282     	-49.2
3496      	17:58:43  	276.3 	-37.7 	26    	33.5     	325   	19.2       	-27.5      	10287     	-49.2
3498      	17:58:45  	276.1 	-37.7 	26    	33.7     	325   	19.3       	-27.6      	10293     	-49.3
3500      	17:58:47  	275.9 	-37.7 	25    	33.7     	325   	19.2       	-27.7      	10298     	-49.5
3502      	17:58:49  	275.7 	-37.6 	24    	33.8     	325   	19.2       	-27.8      	10303     	-49.8
3504      	17:58:51  	275.5 	-37.6 	23    	33.8     	326   	19.1       	-27.9      	10308     	-50.2
3506      	17:58:53  	275.3 	-37.6 	21    	33.8     	326   	19.0       	-28.0      	10313     	-50.9
3508      	17:58:55  	275.1 	-37.5 	19    	33.9     	326   	18.9       	-28.1      	10318     	-51.7
3510      	17:58:57  	274.9 	-37.5 	18    	33.9     	326   	18.8       	-28.2      	10323     	-52.0
3512      	17:58:59  	274.7 	-37.5 	17    	33.9     	327   	18.7       	-28.3      	10329     	-52.4
3514      	17:59:01  	274.5 	-37.4 	16    	33.9     	327   	18.5       	-28.4      	10334     	-53.0
3516      	17:59:03  	274.3 	-37.4 	14    	33.9     	327   	18.3       	-28.5      	10339     	-53.8
3518      	17:59:05  	274.1 	-37.4 	13    	34.0     	328   	18.2       	-28.7      	10344     	-54.3
3520      	17:59:07  	273.8 	-37.4 	13    	33.9     	328   	18.0       	-28.7      	10349     	-54.7
3522      	17:59:09  	273.6 	-37.4 	12    	33.9     	328   	17.9       	-28.8      	10355     	-55.1
3524      	17:59:11  	273.4 	-37.3 	11    	34.0     	328   	17.9       	-28.9      	10360     	-55.5
3526      	17:59:13  	273.2 	-37.4 	11    	33.9     	329   	17.7       	-28.9      	10365     	-56.0
3528      	17:59:15  	273.1 	-37.4 	10    	33.9     	329   	17.5       	-29.0      	10369     	-56.6
3530      	17:59:17  	272.9 	-37.4 	9     	33.8     	329   	17.3       	-29.0      	10374     	-57.2
3532      	17:59:19  	272.7 	-37.4 	9     	33.8     	330   	17.1       	-29.1      	10380     	-57.7
3534      	17:59:21  	272.4 	-37.4 	8     	33.7     	330   	17.0       	-29.1      	10385     	-58.3
3536      	17:59:23  	272.2 	-37.4 	7     	33.6     	330   	16.8       	-29.1      	10390     	-58.9
3538      	17:59:25  	272.0 	-37.4 	7     	33.6     	330   	16.7       	-29.1      	10395     	-59.6
3540      	17:59:27  	271.8 	-37.4 	6     	33.5     	330   	16.5       	-29.1      	10400     	-60.2
3542      	17:59:29  	271.6 	-37.5 	6     	33.3     	331   	16.4       	-29.0      	10405     	-60.8
3544      	17:59:31  	271.4 	-37.5 	5     	33.2     	331   	16.2       	-29.0      	10410     	-61.2
3546      	17:59:33  	271.2 	-37.5 	5     	33.2     	331   	16.1       	-29.0      	10415     	-61.5
3548      	17:59:35  	271.0 	-37.5 	5     	33.1     	331   	16.0       	-29.0      	10420     	-61.9
3550      	17:59:37  	270.8 	-37.6 	5     	33.1     	331   	16.0       	-29.0      	10425     	-62.4
3552      	17:59:39  	270.6 	-37.6 	4     	33.0     	331   	15.8       	-29.0      	10431     	-62.7
3554      	17:59:41  	270.4 	-37.7 	4     	33.0     	332   	15.7       	-29.0      	10436     	-63.0
3556      	17:59:43  	270.2 	-37.7 	4     	32.9     	332   	15.6       	-29.0      	10441     	-63.3
3558      	17:59:45  	270.0 	-37.8 	4     	32.8     	332   	15.4       	-29.0      	10446     	-63.6
3560      	17:59:47  	269.8 	-37.8 	4     	32.8     	332   	15.4       	-29.0      	10451     	-63.9
3562      	17:59:49  	269.6 	-37.9 	4     	32.8     	332   	15.3       	-29.0      	10456     	-64.0
3564      	17:59:51  	269.4 	-37.9 	4     	32.7     	332   	15.2       	-28.9      	10461     	-64.2
3566      	17:59:53  	269.2 	-38.0 	4     	32.6     	332   	15.1       	-28.9      	10467     	-64.4
3568      	17:59:55  	269.0 	-38.0 	3     	32.4     	333   	14.9       	-28.8      	10472     	-64.8
3570      	17:59:57  	268.8 	-38.1 	3     	32.3     	333   	14.8       	-28.7      	10477     	-65.0
3572      	17:59:59  	268.6 	-38.1 	3     	32.2     	333   	14.7       	-28.6      	10482     	-65.2
3574      	18:00:01  	268.4 	-38.2 	3     	32.2     	333   	14.7       	-28.6      	10487     	-65.3
3576      	18:00:03  	268.2 	-38.2 	3     	32.0     	333   	14.6       	-28.5      	10493     	-65.3
3578      	18:00:05  	268.0 	-38.3 	3     	31.9     	333   	14.5       	-28.4      	10498     	-65.5
3580      	18:00:07  	267.8 	-38.3 	3     	31.8     	333   	14.4       	-28.3      	10503     	-65.5
3582      	18:00:09  	267.6 	-38.3 	3     	31.6     	333   	14.2       	-28.2      	10508     	-65.3
3584      	18:00:11  	267.4 	-38.4 	3     	31.5     	333   	14.1       	-28.2      	10514     	-65.2
3586      	18:00:13  	267.2 	-38.4 	3     	31.4     	334   	14.0       	-28.1      	10519     	-65.1
3588      	18:00:15  	267.0 	-38.5 	4     	31.3     	334   	13.9       	-28.1      	10523     	-65.1
3590      	18:00:17  	266.8 	-38.5 	4     	31.3     	334   	13.9       	-28.0      	10528     	-65.0
3592      	18:00:19  	266.6 	-38.6 	4     	31.2     	334   	13.7       	-28.0      	10533     	-64.8
3594      	18:00:21  	266.4 	-38.6 	4     	31.0     	334   	13.6       	-27.9      	10538     	-64.7
3596      	18:00:23  	266.2 	-38.6 	4     	30.9     	334   	13.5       	-27.8      	10543     	-64.7
3598      	18:00:25  	266.0 	-38.7 	4     	30.9     	334   	13.4       	-27.8      	10548     	-64.6
3600      	18:00:27  	265.8 	-38.7 	4     	30.8     	334   	13.4       	-27.7      	10554     	-64.7
3602      	18:00:29  	265.6 	-38.8 	4     	30.8     	334   	13.4       	-27.7      	10559     	-64.6
3604      	18:00:31  	265.5 	-38.8 	4     	30.7     	334   	13.3       	-27.7      	10564     	-64.6
3606      	18:00:33  	265.3 	-38.8 	4     	30.6     	334   	13.3       	-27.6      	10569     	-64.6
3608      	18:00:35  	265.1 	-38.9 	4     	30.5     	334   	13.3       	-27.5      	10574     	-64.7
3610      	18:00:37  	264.9 	-38.9 	4     	30.5     	334   	13.3       	-27.5      	10579     	-64.8
3612      	18:00:39  	264.6 	-39.0 	4     	30.5     	334   	13.3       	-27.5      	10585     	-64.9
3614      	18:00:41  	264.4 	-39.0 	4     	30.5     	334   	13.3       	-27.4      	10590     	-65.0
3616      	18:00:43  	264.2 	-39.0 	4     	30.5     	334   	13.4       	-27.4      	10595     	-65.1
3618      	18:00:45  	264.0 	-39.1 	4     	30.5     	334   	13.5       	-27.3      	10601     	-65.4
3620      	18:00:47  	263.8 	-39.1 	3     	30.4     	333   	13.6       	-27.2      	10606     	-65.7
3622      	18:00:49  	263.6 	-39.1 	3     	30.5     	333   	13.7       	-27.2      	10612     	-65.9
3624      	18:00:51  	263.4 	-39.2 	3     	30.4     	333   	13.8       	-27.1      	10617     	-66.2
3626      	18:00:53  	263.2 	-39.2 	3     	30.4     	333   	13.9       	-27.0      	10623     	-66.4
3628      	18:00:55  	262.9 	-39.3 	3     	30.4     	333   	14.0       	-27.0      	10629     	-66.6
3630      	18:00:57  	262.7 	-39.3 	3     	30.4     	332   	14.2       	-26.9      	10634     	-66.6
3632      	18:00:59  	262.5 	-39.3 	3     	30.4     	332   	14.4       	-26.8      	10640     	-66.6
3634      	18:01:01  	262.3 	-39.3 	3     	30.5     	331   	14.6       	-26.8      	10645     	-66.5
3636      	18:01:03  	262.1 	-39.4 	3     	30.5     	331   	14.8       	-26.7      	10651     	-66.4
3638      	18:01:05  	261.9 	-39.4 	3     	30.7     	331   	14.9       	-26.8      	10656     	-66.3
3640      	18:01:07  	261.7 	-39.5 	3     	30.7     	331   	15.0       	-26.8      	10662     	-66.3
3642      	18:01:09  	261.5 	-39.5 	3     	30.8     	331   	15.1       	-26.8      	10667     	-66.3
3644      	18:01:11  	261.2 	-39.5 	3     	30.9     	330   	15.3       	-26.8      	10673     	-66.3
3646      	18:01:13  	261.0 	-39.5 	3     	31.0     	330   	15.5       	-26.8      	10679     	-66.3
3648      	18:01:15  	260.8 	-39.6 	3     	31.1     	330   	15.7       	-26.8      	10684     	-66.4
3650      	18:01:17  	260.6 	-39.6 	3     	31.1     	330   	15.7       	-26.8      	10690     	-66.4
3652      	18:01:19  	260.4 	-39.6 	3     	31.1     	329   	15.8       	-26.8      	10695     	-66.5
3654      	18:01:21  	260.2 	-39.7 	3     	31.0     	329   	15.8       	-26.7      	10701     	-66.5
3656      	18:01:23  	260.0 	-39.7 	3     	31.0     	329   	16.0       	-26.6      	10707     	-66.6
3658      	18:01:25  	259.7 	-39.7 	3     	31.1     	329   	16.2       	-26.6      	10712     	-66.6
3660      	18:01:27  	259.5 	-39.8 	3     	31.1     	328   	16.3       	-26.5      	10718     	-66.8
3662      	18:01:29  	259.3 	-39.8 	3     	31.1     	328   	16.5       	-26.4      	10724     	-66.9
3664      	18:01:31  	259.1 	-39.8 	3     	31.1     	328   	16.6       	-26.3      	10730     	-67.1
3666      	18:01:33  	258.9 	-39.8 	3     	31.1     	327   	16.7       	-26.2      	10736     	-67.3
3668      	18:01:35  	258.6 	-39.9 	3     	31.0     	327   	16.8       	-26.1      	10742     	-67.6
3670      	18:01:37  	258.4 	-39.9 	3     	31.0     	327   	17.0       	-25.9      	10747     	-67.8
3672      	18:01:39  	258.2 	-39.9 	3     	31.0     	326   	17.2       	-25.8      	10753     	-68.0
3674      	18:01:41  	258.0 	-40.0 	3     	31.0     	326   	17.4       	-25.7      	10759     	-68.2
3676      	18:01:43  	257.8 	-40.0 	3     	31.0     	326   	17.5       	-25.6      	10765     	-68.3
3678      	18:01:45  	257.5 	-40.0 	3     	31.1     	325   	17.6       	-25.6      	10771     	-68.4
3680      	18:01:47  	257.3 	-40.1 	3     	31.0     	325   	17.6       	-25.5      	10776     	-68.5
3682      	18:01:49  	257.1 	-40.1 	3     	31.0     	325   	17.7       	-25.5      	10782     	-68.6
3684      	18:01:51  	256.9 	-40.1 	3     	31.0     	325   	17.7       	-25.4      	10788     	-68.7
3686      	18:01:53  	256.7 	-40.2 	2     	31.0     	325   	17.8       	-25.4      	10794     	-68.9
3688      	18:01:55  	256.4 	-40.3 	2     	30.9     	325   	17.8       	-25.3      	10800     	-69.0
3690      	18:01:57  	256.2 	-40.3 	2     	30.9     	325   	17.8       	-25.3      	10807     	-69.1
3692      	18:01:59  	256.0 	-40.3 	2     	30.9     	325   	17.8       	-25.3      	10813     	-69.3
3694      	18:02:01  	255.7 	-40.4 	2     	30.8     	325   	17.7       	-25.2      	10819     	-69.4
3696      	18:02:03  	255.5 	-40.4 	2     	30.8     	325   	17.7       	-25.2      	10825     	-69.6
3698      	18:02:05  	255.3 	-40.5 	2     	30.7     	325   	17.7       	-25.1      	10831     	-69.7
3700      	18:02:07  	255.0 	-40.5 	2     	30.6     	325   	17.6       	-25.0      	10837     	-69.7
3702      	18:02:09  	254.8 	-40.6 	2     	30.6     	325   	17.6       	-25.0      	10844     	-69.9
3704      	18:02:11  	254.6 	-40.6 	2     	30.5     	325   	17.6       	-24.9      	10850     	-70.0
3706      	18:02:13  	254.4 	-40.7 	2     	30.5     	325   	17.6       	-24.9      	10856     	-70.2
3708      	18:02:15  	254.1 	-40.7 	2     	30.4     	325   	17.5       	-24.8      	10862     	-70.3
3710      	18:02:17  	253.9 	-40.8 	2     	30.1     	325   	17.4       	-24.6      	10868     	-70.5
3712      	18:02:19  	253.7 	-40.8 	2     	30.0     	325   	17.3       	-24.5      	10873     	-70.5
3714      	18:02:21  	253.5 	-40.8 	2     	29.9     	325   	17.2       	-24.4      	10879     	-70.6
3716      	18:02:23  	253.2 	-40.9 	2     	29.7     	325   	17.1       	-24.3      	10886     	-70.2
3718      	18:02:25  	253.0 	-40.9 	2     	29.7     	325   	17.1       	-24.3      	10892     	-70.4
3720      	18:02:27  	252.8 	-41.0 	2     	29.6     	325   	17.0       	-24.2      	10898     	-70.6
3722      	18:02:29  	252.5 	-41.0 	2     	29.4     	325   	16.9       	-24.0      	10904     	-70.8
3724      	18:02:31  	252.3 	-41.1 	2     	29.3     	325   	16.9       	-23.9      	10910     	-70.9
3726      	18:02:33  	252.1 	-41.1 	2     	29.1     	325   	16.8       	-23.8      	10917     	-71.2
3728      	18:02:35  	251.8 	-41.1 	2     	29.1     	325   	16.8       	-23.7      	10923     	-71.5
3730      	18:02:37  	251.6 	-41.2 	2     	29.1     	325   	16.8       	-23.7      	10929     	-71.9
3732      	18:02:39  	251.4 	-41.2 	2     	29.0     	325   	16.8       	-23.6      	10935     	-72.5
3734      	18:02:41  	251.1 	-41.3 	2     	29.0     	325   	16.8       	-23.6      	10942     	-72.6
3736      	18:02:43  	250.9 	-41.3 	2     	29.0     	325   	16.8       	-23.6      	10948     	-72.7
3738      	18:02:45  	250.7 	-41.3 	2     	28.9     	325   	16.7       	-23.6      	10955     	-72.8
3740      	18:02:47  	250.4 	-41.4 	2     	28.9     	325   	16.7       	-23.6      	10961     	-72.8
3742      	18:02:49  	250.2 	-41.4 	2     	28.9     	325   	16.7       	-23.6      	10967     	-72.8
3744      	18:02:51  	250.0 	-41.5 	2     	28.9     	325   	16.7       	-23.6      	10974     	-72.8
3746      	18:02:53  	249.7 	-41.5 	2     	28.9     	325   	16.6       	-23.7      	10980     	-72.8
3748      	18:02:55  	249.5 	-41.6 	2     	28.9     	325   	16.5       	-23.7      	10986     	-72.7
3750      	18:02:57  	249.3 	-41.6 	2     	28.9     	325   	16.4       	-23.8      	10992     	-72.7
3752      	18:02:59  	249.1 	-41.7 	2     	29.0     	326   	16.4       	-23.9      	10999     	-72.7
3754      	18:03:01  	248.8 	-41.7 	2     	28.9     	326   	16.3       	-23.9      	11005     	-72.7
3756      	18:03:03  	248.6 	-41.7 	2     	28.9     	326   	16.2       	-23.9      	11011     	-72.7
3758      	18:03:05  	248.4 	-41.8 	2     	29.0     	326   	16.2       	-24.0      	11018     	-72.7
3760      	18:03:07  	248.1 	-41.8 	2     	28.9     	326   	16.1       	-24.0      	11024     	-72.7
3762      	18:03:09  	247.9 	-41.9 	2     	28.9     	326   	16.0       	-24.1      	11030     	-72.6
3764      	18:03:11  	247.7 	-41.9 	2     	28.9     	327   	15.9       	-24.1      	11036     	-72.5
3766      	18:03:13  	247.4 	-42.0 	2     	28.9     	327   	15.9       	-24.1      	11043     	-72.4
3768      	18:03:15  	247.2 	-42.0 	2     	28.9     	327   	15.8       	-24.2      	11049     	-72.3
3770      	18:03:17  	247.0 	-42.1 	2     	28.9     	327   	15.8       	-24.2      	11055     	-72.2
3772      	18:03:19  	246.7 	-42.2 	2     	28.8     	327   	15.7       	-24.2      	11062     	-72.2
3774      	18:03:21  	246.5 	-42.2 	2     	28.9     	327   	15.6       	-24.3      	11068     	-72.2
3776      	18:03:23  	246.3 	-42.3 	2     	28.8     	327   	15.5       	-24.3      	11075     	-72.3
3778      	18:03:25  	246.0 	-42.3 	2     	28.9     	328   	15.4       	-24.4      	11081     	-72.4
3780      	18:03:27  	245.8 	-42.4 	2     	28.8     	328   	15.3       	-24.4      	11087     	-72.5
3782      	18:03:29  	245.6 	-42.5 	2     	28.9     	328   	15.3       	-24.5      	11094     	-72.6
3784      	18:03:31  	245.3 	-42.5 	2     	28.8     	328   	15.2       	-24.5      	11100     	-72.8
3786      	18:03:33  	245.1 	-42.6 	2     	28.7     	329   	15.0       	-24.5      	11107     	-72.9
3788      	18:03:35  	244.9 	-42.6 	2     	28.8     	329   	14.9       	-24.6      	11113     	-72.9
3790      	18:03:37  	244.6 	-42.7 	2     	28.7     	329   	14.8       	-24.6      	11120     	-72.9
3792      	18:03:39  	244.4 	-42.7 	2     	28.7     	329   	14.7       	-24.6      	11127     	-72.9
3794      	18:03:41  	244.1 	-42.8 	2     	28.7     	329   	14.7       	-24.6      	11133     	-72.9
3796      	18:03:43  	243.9 	-42.8 	2     	28.6     	329   	14.6       	-24.6      	11139     	-73.1
3798      	18:03:45  	243.7 	-42.9 	2     	28.4     	329   	14.5       	-24.4      	11146     	-73.2
3800      	18:03:47  	243.4 	-42.9 	2     	27.9     	329   	14.3       	-24.0      	11153     	-73.2
3802      	18:03:49  	243.2 	-42.9 	2     	27.6     	329   	14.1       	-23.7      	11159     	-73.2
3804      	18:03:51  	243.0 	-42.9 	2     	27.1     	329   	13.9       	-23.3      	11166     	-73.2
3806      	18:03:53  	242.7 	-43.0 	2     	26.8     	329   	13.8       	-23.0      	11173     	-73.3
3808      	18:03:55  	242.5 	-43.0 	2     	26.4     	329   	13.7       	-22.6      	11180     	-73.4
3810      	18:03:57  	242.2 	-43.1 	2     	26.4     	329   	13.6       	-22.6      	11186     	-73.4
3812      	18:03:59  	242.0 	-43.1 	2     	26.5     	329   	13.6       	-22.7      	11193     	-73.4
3814      	18:04:01  	241.7 	-43.2 	2     	26.5     	329   	13.5       	-22.8      	11200     	-73.4
3816      	18:04:03  	241.5 	-43.3 	2     	26.6     	329   	13.5       	-22.9      	11206     	-73.5
3818      	18:04:05  	241.3 	-43.3 	2     	26.8     	330   	13.5       	-23.2      	11213     	-73.6
3820      	18:04:07  	241.0 	-43.4 	2     	27.2     	330   	13.6       	-23.6      	11219     	-73.7
3822      	18:04:09  	240.8 	-43.4 	2     	27.6     	330   	13.7       	-24.0      	11226     	-73.8
3824      	18:04:11  	240.6 	-43.5 	2     	28.1     	331   	13.8       	-24.5      	11232     	-73.9
3826      	18:04:13  	240.3 	-43.5 	2     	28.4     	331   	13.8       	-24.8      	11239     	-73.9
3828      	18:04:15  	240.1 	-43.6 	2     	28.6     	331   	13.8       	-25.1      	11245     	-73.9
3830      	18:04:17  	239.9 	-43.7 	2     	28.6     	331   	13.7       	-25.1      	11252     	-73.8
3832      	18:04:19  	239.6 	-43.7 	2     	28.4     	332   	13.5       	-25.0      	11258     	-73.9
3834      	18:04:21  	239.4 	-43.8 	2     	28.2     	332   	13.4       	-24.8      	11265     	-74.0
3836      	18:04:23  	239.2 	-43.8 	2     	28.0     	332   	13.2       	-24.7      	11271     	-74.1
3838      	18:04:25  	238.9 	-43.9 	2     	27.9     	332   	13.1       	-24.6      	11278     	-74.0
3840      	18:04:27  	238.7 	-43.9 	2     	27.5     	332   	12.8       	-24.3      	11285     	-74.1
3842      	18:04:29  	238.5 	-44.0 	2     	27.2     	332   	12.6       	-24.1      	11291     	-74.1
3844      	18:04:31  	238.2 	-44.0 	2     	26.9     	333   	12.3       	-23.9      	11298     	-74.2
3846      	18:04:33  	238.0 	-44.1 	2     	26.7     	333   	12.2       	-23.8      	11305     	-74.4
3848      	18:04:35  	237.8 	-44.1 	2     	26.6     	333   	12.1       	-23.7      	11311     	-74.4
3850      	18:04:37  	237.5 	-44.1 	2     	26.5     	333   	12.0       	-23.6      	11318     	-74.4
3852      	18:04:39  	237.3 	-44.2 	2     	26.3     	333   	11.8       	-23.5      	11324     	-74.4
3854      	18:04:41  	237.1 	-44.2 	2     	26.1     	334   	11.6       	-23.4      	11331     	-74.4
3856      	18:04:43  	236.8 	-44.3 	2     	26.0     	334   	11.5       	-23.3      	11338     	-74.4
3858      	18:04:45  	236.6 	-44.4 	2     	25.8     	334   	11.3       	-23.2      	11344     	-74.5
3860      	18:04:47  	236.4 	-44.4 	2     	25.8     	334   	11.3       	-23.2      	11350     	-74.6
3862      	18:04:49  	236.1 	-44.5 	2     	25.8     	334   	11.2       	-23.2      	11357     	-74.6
3864      	18:04:51  	235.9 	-44.5 	2     	25.8     	334   	11.2       	-23.2      	11363     	-74.6
3866      	18:04:53  	235.7 	-44.6 	2     	25.6     	334   	11.1       	-23.1      	11370     	-74.6
3868      	18:04:55  	235.5 	-44.6 	2     	25.6     	335   	11.0       	-23.1      	11376     	-74.6
3870      	18:04:57  	235.2 	-44.7 	2     	25.6     	335   	11.0       	-23.1      	11383     	-74.6
3872      	18:04:59  	235.0 	-44.7 	2     	25.5     	335   	10.9       	-23.1      	11389     	-74.5
3874      	18:05:01  	234.8 	-44.8 	2     	25.5     	335   	10.9       	-23.1      	11396     	-74.5
3876      	18:05:03  	234.5 	-44.8 	2     	25.5     	335   	10.9       	-23.0      	11402     	-74.5
3878      	18:05:05  	234.3 	-44.9 	2     	25.2     	335   	10.8       	-22.8      	11409     	-74.4
3880      	18:05:07  	234.1 	-44.9 	2     	24.9     	335   	10.6       	-22.5      	11415     	-74.4
3882      	18:05:09  	233.9 	-45.0 	2     	24.6     	335   	10.5       	-22.3      	11422     	-74.4
3884      	18:05:11  	233.6 	-45.0 	2     	24.4     	335   	10.4       	-22.1      	11428     	-74.5
3886      	18:05:13  	233.4 	-45.1 	2     	24.1     	335   	10.3       	-21.8      	11435     	-74.6
3888      	18:05:15  	233.2 	-45.1 	2     	23.9     	335   	10.2       	-21.6      	11441     	-74.6
3890      	18:05:17  	233.0 	-45.1 	2     	23.7     	335   	10.1       	-21.4      	11448     	-74.6
3892      	18:05:19  	232.7 	-45.1 	2     	23.3     	335   	10.0       	-21.1      	11454     	-74.5
3894      	18:05:21  	232.5 	-45.1 	2     	23.2     	334   	10.0       	-20.9      	11461     	-74.5
3896      	18:05:23  	232.3 	-45.2 	2     	22.9     	334   	9.9        	-20.7      	11468     	-74.5
3898      	18:05:25  	232.0 	-45.2 	2     	22.9     	334   	9.9        	-20.7      	11474     	-74.4
3900      	18:05:27  	231.8 	-45.3 	2     	23.0     	334   	10.0       	-20.7      	11481     	-74.2
3902      	18:05:29  	231.6 	-45.3 	2     	23.0     	334   	10.0       	-20.7      	11487     	-74.0
3904      	18:05:31  	231.4 	-45.4 	2     	23.0     	334   	10.0       	-20.7      	11493     	-73.9
3906      	18:05:33  	231.2 	-45.4 	2     	22.9     	334   	9.9        	-20.6      	11499     	-73.8
3908      	18:05:35  	231.0 	-45.5 	2     	22.8     	334   	9.9        	-20.5      	11505     	-73.7
3910      	18:05:37  	230.7 	-45.5 	2     	22.6     	334   	9.8        	-20.4      	11511     	-73.7
3912      	18:05:39  	230.5 	-45.5 	2     	22.5     	334   	9.7        	-20.3      	11518     	-73.7
3914      	18:05:41  	230.3 	-45.6 	2     	22.4     	334   	9.7        	-20.2      	11524     	-73.7
3916      	18:05:43  	230.1 	-45.6 	2     	22.3     	334   	9.6        	-20.1      	11531     	-73.8
3918      	18:05:45  	229.8 	-45.7 	2     	22.3     	335   	9.5        	-20.2      	11538     	-73.9
3920      	18:05:47  	229.6 	-45.8 	2     	22.5     	335   	9.6        	-20.4      	11544     	-74.0
3922      	18:05:49  	229.4 	-45.9 	2     	22.6     	335   	9.6        	-20.5      	11551     	-74.1
3924      	18:05:51  	229.2 	-45.9 	2     	22.8     	335   	9.6        	-20.7      	11557     	-74.1
3926      	18:05:53  	228.9 	-46.0 	2     	23.1     	335   	9.7        	-21.0      	11564     	-74.1
3928      	18:05:55  	228.7 	-46.0 	2     	23.4     	335   	9.8        	-21.3      	11570     	-74.2
3930      	18:05:57  	228.5 	-46.1 	2     	23.7     	335   	9.9        	-21.5      	11577     	-74.2
3932      	18:05:59  	228.3 	-46.2 	2     	23.8     	335   	10.0       	-21.6      	11583     	-74.2
3934      	18:06:01  	228.0 	-46.2 	2     	23.9     	335   	10.1       	-21.7      	11590     	-74.1
3936      	18:06:03  	227.8 	-46.3 	2     	24.0     	335   	10.2       	-21.7      	11596     	-74.1
3938      	18:06:05  	227.6 	-46.3 	2     	24.0     	335   	10.3       	-21.7      	11603     	-74.2
3940      	18:06:07  	227.4 	-46.4 	2     	23.8     	334   	10.3       	-21.5      	11609     	-74.2
3942      	18:06:09  	227.2 	-46.5 	2     	23.6     	334   	10.3       	-21.2      	11616     	-74.2
3944      	18:06:11  	226.9 	-46.5 	2     	23.5     	333   	10.5       	-21.0      	11622     	-74.2
3946      	18:06:13  	226.7 	-46.6 	2     	23.3     	333   	10.6       	-20.8      	11628     	-74.3
3948      	18:06:15  	226.5 	-46.6 	2     	23.3     	332   	10.8       	-20.6      	11635     	-74.4
3950      	18:06:17  	226.3 	-46.7 	2     	23.1     	332   	10.9       	-20.4      	11641     	-74.6
3952      	18:06:19  	226.1 	-46.7 	2     	23.1     	331   	11.1       	-20.3      	11647     	-74.8
3954      	18:06:21  	225.8 	-46.8 	2     	23.2     	331   	11.2       	-20.3      	11654     	-74.9
3956      	18:06:23  	225.6 	-46.8 	2     	23.3     	331   	11.4       	-20.3      	11661     	-75.0
3958      	18:06:25  	225.4 	-46.9 	2     	23.3     	330   	11.6       	-20.2      	11667     	-75.1
3960      	18:06:27  	225.2 	-46.9 	2     	23.4     	329   	11.9       	-20.1      	11674     	-75.1
3962      	18:06:29  	224.9 	-47.0 	2     	23.4     	329   	12.2       	-20.0      	11681     	-75.1
3964      	18:06:31  	224.7 	-47.0 	2     	23.4     	328   	12.3       	-19.9      	11687     	-75.0
3966      	18:06:33  	224.5 	-47.1 	2     	23.4     	328   	12.4       	-19.8      	11693     	-74.9
3968      	18:06:35  	224.3 	-47.1 	2     	23.4     	327   	12.6       	-19.7      	11700     	-74.8
3970      	18:06:37  	224.1 	-47.2 	2     	23.4     	327   	12.7       	-19.6      	11707     	-74.7
3972      	18:06:39  	223.8 	-47.2 	2     	23.4     	327   	12.9       	-19.5      	11713     	-74.7
3974      	18:06:41  	223.6 	-47.3 	2     	23.3     	326   	13.0       	-19.3      	11720     	-74.6
3976      	18:06:43  	223.4 	-47.3 	2     	23.3     	325   	13.2       	-19.2      	11726     	-74.6
3978      	18:06:45  	223.2 	-47.4 	2     	23.2     	325   	13.2       	-19.1      	11732     	-74.6
3980      	18:06:47  	223.0 	-47.4 	2     	23.2     	325   	13.2       	-19.1      	11739     	-74.6
3982      	18:06:49  	222.8 	-47.5 	2     	23.2     	325   	13.3       	-19.0      	11745     	-74.6
3984      	18:06:51  	222.5 	-47.5 	2     	23.2     	325   	13.4       	-18.9      	11752     	-74.6
3986      	18:06:53  	222.3 	-47.6 	2     	23.1     	324   	13.5       	-18.7      	11758     	-74.5
3988      	18:06:55  	222.1 	-47.6 	3     	23.0     	324   	13.6       	-18.6      	11765     	-74.4
3990      	18:06:57  	221.9 	-47.7 	3     	23.0     	323   	13.7       	-18.5      	11771     	-74.4
3992      	18:06:59  	221.7 	-47.7 	3     	23.1     	323   	13.8       	-18.5      	11777     	-74.4
3994      	18:07:01  	221.5 	-47.8 	3     	23.1     	323   	13.9       	-18.4      	11783     	-74.3
3996      	18:07:03  	221.3 	-47.8 	3     	23.0     	323   	14.0       	-18.3      	11788     	-74.3
3998      	18:07:05  	221.1 	-47.9 	3     	23.1     	322   	14.2       	-18.2      	11794     	-74.3
4000      	18:07:07  	220.9 	-47.9 	3     	23.1     	322   	14.3       	-18.1      	11800     	-74.4
4002      	18:07:09  	220.7 	-48.0 	3     	23.1     	321   	14.4       	-18.1      	11806     	-74.5
4004      	18:07:11  	220.5 	-48.0 	3     	23.1     	321   	14.5       	-18.0      	11812     	-74.5
4006      	18:07:13  	220.3 	-48.0 	3     	23.2     	321   	14.6       	-18.0      	11818     	-74.5
4008      	18:07:15  	220.1 	-48.1 	3     	23.2     	321   	14.7       	-17.9      	11824     	-74.5
4010      	18:07:17  	219.9 	-48.1 	3     	23.1     	320   	14.8       	-17.7      	11831     	-74.5
4012      	18:07:19  	219.7 	-48.2 	3     	22.9     	320   	14.8       	-17.5      	11837     	-74.5
4014      	18:07:21  	219.5 	-48.2 	3     	22.8     	319   	14.9       	-17.3      	11843     	-74.5
4016      	18:07:23  	219.3 	-48.3 	3     	22.7     	319   	15.0       	-17.1      	11848     	-74.5
4018      	18:07:25  	219.1 	-48.3 	3     	22.7     	319   	15.0       	-17.0      	11854     	-74.4
4020      	18:07:27  	218.9 	-48.4 	3     	22.5     	318   	15.0       	-16.8      	11860     	-74.3
4022      	18:07:29  	218.7 	-48.4 	3     	22.4     	318   	15.0       	-16.7      	11866     	-74.3
4024      	18:07:31  	218.5 	-48.5 	3     	22.5     	318   	15.1       	-16.7      	11872     	-74.2
4026      	18:07:33  	218.3 	-48.5 	3     	22.8     	318   	15.3       	-16.9      	11879     	-74.1
4028      	18:07:35  	218.1 	-48.6 	3     	22.9     	318   	15.4       	-17.0      	11885     	-74.1
4030      	18:07:37  	217.9 	-48.6 	3     	23.3     	318   	15.6       	-17.3      	11891     	-74.0
4032      	18:07:39  	217.7 	-48.7 	3     	23.5     	318   	15.7       	-17.5      	11896     	-74.1
4034      	18:07:41  	217.5 	-48.8 	3     	23.8     	318   	15.8       	-17.8      	11902     	-74.1
4036      	18:07:43  	217.3 	-48.8 	3     	24.2     	319   	16.0       	-18.1      	11908     	-74.1
4038      	18:07:45  	217.1 	-48.9 	3     	24.3     	319   	16.1       	-18.2      	11913     	-74.1
4040      	18:07:47  	216.9 	-49.0 	3     	24.5     	318   	16.3       	-18.3      	11919     	-74.2
4042      	18:07:49  	216.8 	-49.0 	3     	24.6     	318   	16.4       	-18.4      	11925     	-74.2
4044      	18:07:51  	216.6 	-49.1 	3     	24.5     	318   	16.4       	-18.2      	11931     	-74.1
4046      	18:07:53  	216.4 	-49.1 	3     	24.4     	318   	16.4       	-18.0      	11937     	-74.1
4048      	18:07:55  	216.2 	-49.2 	3     	24.2     	317   	16.4       	-17.8      	11943     	-74.1
4050      	18:07:57  	216.0 	-49.2 	3     	24.1     	317   	16.4       	-17.6      	11949     	-74.1
4052      	18:07:59  	215.8 	-49.3 	3     	24.0     	317   	16.5       	-17.4      	11954     	-74.1
4054      	18:08:01  	215.6 	-49.3 	3     	23.9     	316   	16.6       	-17.2      	11960     	-74.1
4056      	18:08:03  	215.4 	-49.4 	3     	23.8     	316   	16.7       	-17.0      	11966     	-74.2
4058      	18:08:05  	215.2 	-49.4 	3     	23.8     	315   	16.7       	-16.9      	11972     	-74.2
4060      	18:08:07  	215.0 	-49.5 	3     	23.8     	315   	16.8       	-16.9      	11977     	-74.3
4062      	18:08:09  	214.8 	-49.5 	3     	23.9     	315   	16.9       	-16.9      	11983     	-74.4
4064      	18:08:11  	214.6 	-49.6 	3     	24.0     	314   	17.1       	-16.8      	11989     	-74.4
4066      	18:08:13  	214.4 	-49.6 	3     	24.1     	314   	17.3       	-16.8      	11995     	-74.3
4068      	18:08:15  	214.2 	-49.7 	3     	24.2     	314   	17.4       	-16.8      	12001     	-74.3
4070      	18:08:17  	214.0 	-49.7 	3     	24.3     	314   	17.6       	-16.8      	12007     	-74.3
4072      	18:08:19  	213.9 	-49.7 	3     	24.4     	314   	17.7       	-16.8      	12013     	-74.2
4074      	18:08:21  	213.7 	-49.8 	3     	24.5     	313   	17.8       	-16.8      	12019     	-74.1
4076      	18:08:23  	213.5 	-49.8 	4     	24.7     	313   	18.0       	-16.9      	12025     	-74.0
4078      	18:08:25  	213.3 	-49.9 	4     	24.8     	313   	18.1       	-17.0      	12031     	-73.9
4080      	18:08:27  	213.1 	-49.9 	4     	25.0     	313   	18.3       	-17.1      	12036     	-73.9
4082      	18:08:29  	212.9 	-50.0 	4     	25.3     	313   	18.5       	-17.2      	12042     	-73.8
4084      	18:08:31  	212.7 	-50.0 	4     	25.4     	313   	18.6       	-17.3      	12048     	-73.8
4086      	18:08:33  	212.5 	-50.0 	4     	25.5     	313   	18.6       	-17.4      	12054     	-73.7
4088      	18:08:35  	212.3 	-50.1 	4     	25.7     	313   	18.8       	-17.5      	12059     	-73.7
4090      	18:08:37  	212.2 	-50.1 	4     	25.8     	313   	18.9       	-17.6      	12065     	-73.6
4092      	18:08:39  	212.0 	-50.2 	4     	26.0     	313   	19.1       	-17.7      	12071     	-73.6
4094      	18:08:41  	211.8 	-50.2 	4     	26.2     	313   	19.2       	-17.8      	12076     	-73.6
4096      	18:08:43  	211.6 	-50.3 	4     	26.3     	313   	19.3       	-17.9      	12082     	-73.6
4098      	18:08:45  	211.4 	-50.3 	4     	26.3     	313   	19.3       	-17.9      	12088     	-73.6
4100      	18:08:47  	211.2 	-50.4 	4     	26.4     	313   	19.4       	-17.9      	12093     	-73.6
4102      	18:08:49  	211.1 	-50.4 	4     	26.5     	313   	19.5       	-18.0      	12099     	-73.6
4104      	18:08:51  	210.9 	-50.5 	4     	26.7     	312   	19.7       	-18.0      	12105     	-73.6
4106      	18:08:53  	210.7 	-50.5 	4     	26.8     	312   	19.8       	-18.0      	12111     	-73.5
4108      	18:08:55  	210.5 	-50.6 	4     	26.8     	312   	19.8       	-18.0      	12116     	-73.4
4110      	18:08:57  	210.3 	-50.6 	4     	26.8     	312   	19.9       	-18.0      	12122     	-73.4
4112      	18:08:59  	210.1 	-50.6 	4     	26.8     	312   	19.9       	-17.9      	12127     	-73.2
4114      	18:09:01  	210.0 	-50.7 	4     	26.6     	311   	20.0       	-17.5      	12133     	-73.1
4116      	18:09:03  	209.8 	-50.7 	5     	26.4     	311   	20.0       	-17.2      	12139     	-73.0
4118      	18:09:05  	209.6 	-50.8 	5     	26.2     	310   	20.0       	-16.9      	12144     	-72.9
4120      	18:09:07  	209.4 	-50.8 	5     	26.0     	309   	20.1       	-16.5      	12150     	-72.9
4122      	18:09:09  	209.2 	-50.9 	5     	25.8     	309   	20.1       	-16.2      	12156     	-72.8
4124      	18:09:11  	209.1 	-50.9 	5     	25.6     	308   	20.1       	-15.8      	12161     	-72.7
4126      	18:09:13  	208.9 	-51.0 	5     	25.4     	308   	20.1       	-15.5      	12167     	-72.7
4128      	18:09:15  	208.7 	-51.0 	5     	25.5     	307   	20.3       	-15.4      	12172     	-72.6
4130      	18:09:17  	208.5 	-51.0 	5     	25.6     	307   	20.5       	-15.3      	12178     	-72.5
4132      	18:09:19  	208.4 	-51.0 	5     	25.7     	306   	20.7       	-15.3      	12183     	-72.4
4134      	18:09:21  	208.2 	-51.1 	5     	26.1     	307   	20.9       	-15.6      	12189     	-72.4
4136      	18:09:23  	208.0 	-51.1 	5     	26.4     	307   	21.1       	-15.8      	12194     	-72.3
4138      	18:09:25  	207.8 	-51.1 	5     	26.7     	307   	21.4       	-16.0      	12199     	-72.3
4140      	18:09:27  	207.7 	-51.2 	5     	27.1     	307   	21.6       	-16.3      	12205     	-72.3
4142      	18:09:29  	207.5 	-51.3 	5     	27.3     	307   	21.8       	-16.5      	12211     	-72.3
4144      	18:09:31  	207.3 	-51.3 	5     	27.7     	307   	22.0       	-16.8      	12216     	-72.4
4146      	18:09:33  	207.1 	-51.4 	6     	28.0     	307   	22.2       	-17.0      	12222     	-72.3
4148      	18:09:35  	206.9 	-51.4 	6     	28.2     	308   	22.3       	-17.2      	12228     	-72.1
4150      	18:09:37  	206.8 	-51.5 	6     	28.3     	308   	22.4       	-17.3      	12233     	-72.0
4152      	18:09:39  	206.6 	-51.6 	6     	28.4     	308   	22.5       	-17.4      	12239     	-71.9
4154      	18:09:41  	206.4 	-51.6 	6     	28.6     	308   	22.6       	-17.5      	12244     	-71.8
4156      	18:09:43  	206.2 	-51.6 	6     	28.8     	308   	22.7       	-17.7      	12250     	-71.7
4158      	18:09:45  	206.1 	-51.6 	6     	28.9     	308   	22.8       	-17.8      	12255     	-71.6
4160      	18:09:47  	205.9 	-51.7 	6     	29.1     	308   	22.9       	-17.9      	12260     	-71.6
4162      	18:09:49  	205.7 	-51.7 	6     	29.2     	308   	23.0       	-18.0      	12265     	-71.6
4164      	18:09:51  	205.6 	-51.8 	7     	29.3     	308   	23.1       	-18.1      	12271     	-71.5
4166      	18:09:53  	205.4 	-51.8 	7     	29.6     	308   	23.3       	-18.2      	12276     	-71.4
4168      	18:09:55  	205.2 	-51.9 	7     	29.5     	308   	23.4       	-18.0      	12281     	-71.4
4170      	18:09:57  	205.1 	-52.0 	7     	29.5     	307   	23.5       	-17.9      	12286     	-71.3
4172      	18:09:59  	204.9 	-52.0 	7     	29.6     	307   	23.6       	-17.8      	12291     	-71.2
4174      	18:10:01  	204.8 	-52.1 	7     	29.5     	307   	23.7       	-17.6      	12296     	-71.1
4176      	18:10:03  	204.6 	-52.1 	7     	29.5     	306   	23.8       	-17.5      	12301     	-71.1
4178      	18:10:05  	204.4 	-52.2 	7     	29.6     	306   	23.9       	-17.4      	12307     	-71.1
4180      	18:10:07  	204.2 	-52.2 	7     	29.5     	306   	24.0       	-17.2      	12312     	-71.0
4182      	18:10:09  	204.1 	-52.3 	8     	29.6     	305   	24.1       	-17.1      	12318     	-71.0
4184      	18:10:11  	203.9 	-52.3 	7     	29.6     	305   	24.2       	-17.0      	12323     	-71.1
4186      	18:10:13  	203.7 	-52.3 	7     	29.6     	305   	24.2       	-17.0      	12329     	-71.2
4188      	18:10:15  	203.5 	-52.4 	7     	29.7     	305   	24.3       	-17.1      	12334     	-71.4
4190      	18:10:17  	203.4 	-52.4 	7     	29.8     	305   	24.3       	-17.3      	12340     	-71.6
4192      	18:10:19  	203.2 	-52.5 	7     	30.0     	306   	24.4       	-17.5      	12346     	-71.8
4194      	18:10:21  	203.0 	-52.5 	7     	30.2     	306   	24.5       	-17.7      	12351     	-72.0
4196      	18:10:23  	202.9 	-52.5 	6     	30.4     	306   	24.6       	-17.9      	12357     	-72.3
4198      	18:10:25  	202.7 	-52.6 	6     	30.5     	306   	24.6       	-18.1      	12362     	-72.5
4200      	18:10:27  	202.5 	-52.6 	6     	30.7     	307   	24.7       	-18.3      	12367     	-72.6
4202      	18:10:29  	202.4 	-52.6 	6     	30.9     	307   	24.8       	-18.5      	12372     	-72.7
4204      	18:10:31  	202.2 	-52.7 	6     	31.2     	307   	24.9       	-18.8      	12377     	-72.8
4206      	18:10:33  	202.0 	-52.7 	6     	31.3     	307   	24.9       	-19.0      	12382     	-72.9
4208      	18:10:35  	201.9 	-52.7 	6     	31.5     	307   	25.0       	-19.1      	12388     	-73.1
4210      	18:10:37  	201.7 	-52.8 	6     	31.5     	307   	25.0       	-19.1      	12393     	-73.2
4212      	18:10:39  	201.6 	-52.8 	6     	31.4     	307   	24.9       	-19.1      	12398     	-73.4
4214      	18:10:41  	201.4 	-52.8 	6     	31.2     	308   	24.7       	-19.1      	12403     	-73.5
4216      	18:10:43  	201.2 	-52.9 	5     	31.1     	308   	24.6       	-19.1      	12408     	-73.6
4218      	18:10:45  	201.1 	-52.9 	5     	31.0     	308   	24.5       	-19.0      	12413     	-73.7
4220      	18:10:47  	200.9 	-52.9 	5     	30.9     	308   	24.4       	-19.0      	12418     	-73.8
4222      	18:10:49  	200.8 	-52.9 	5     	30.8     	308   	24.3       	-19.0      	12423     	-74.0
4224      	18:10:51  	200.6 	-53.0 	5     	30.8     	308   	24.2       	-19.0      	12428     	-74.3
4226      	18:10:53  	200.5 	-53.0 	5     	30.8     	308   	24.3       	-18.9      	12433     	-74.5
4228      	18:10:55  	200.3 	-53.0 	5     	30.8     	308   	24.3       	-18.9      	12438     	-74.8
4230      	18:10:57  	200.1 	-53.1 	4     	30.7     	308   	24.3       	-18.8      	12444     	-75.0
4232      	18:10:59  	200.0 	-53.1 	4     	30.8     	308   	24.4       	-18.8      	12449     	-75.4
4234      	18:11:01  	199.8 	-53.1 	4     	30.8     	307   	24.5       	-18.7      	12454     	-75.7
4236      	18:11:03  	199.6 	-53.1 	4     	30.9     	307   	24.6       	-18.7      	12460     	-75.9
4238      	18:11:05  	199.5 	-53.2 	4     	30.9     	307   	24.7       	-18.5      	12465     	-75.9
4240      	18:11:07  	199.3 	-53.2 	4     	31.0     	306   	24.9       	-18.4      	12470     	-75.8
4242      	18:11:09  	199.2 	-53.3 	4     	31.0     	306   	25.0       	-18.3      	12475     	-75.8
4244      	18:11:11  	199.0 	-53.3 	4     	31.1     	306   	25.1       	-18.3      	12480     	-75.8
4246      	18:11:13  	198.8 	-53.3 	4     	31.0     	306   	25.1       	-18.2      	12485     	-75.7
4248      	18:11:15  	198.7 	-53.3 	4     	31.0     	306   	25.1       	-18.2      	12490     	-75.7
4250      	18:11:17  	198.5 	-53.3 	4     	31.0     	306   	25.2       	-18.0      	12495     	-75.7
4252      	18:11:19  	198.4 	-53.4 	4     	31.0     	305   	25.3       	-17.9      	12500     	-75.7
4254      	18:11:21  	198.2 	-53.4 	4     	31.1     	305   	25.5       	-17.8      	12505     	-75.8
4256      	18:11:23  	198.1 	-53.4 	4     	31.1     	305   	25.6       	-17.7      	12510     	-75.9
4258      	18:11:25  	197.9 	-53.4 	4     	31.1     	304   	25.7       	-17.6      	12515     	-76.0
4260      	18:11:27  	197.8 	-53.4 	4     	31.2     	304   	25.8       	-17.5      	12520     	-76.0
4262      	18:11:29  	197.6 	-53.5 	4     	31.1     	304   	25.8       	-17.4      	12525     	-76.0
4264      	18:11:31  	197.5 	-53.5 	4     	31.2     	304   	25.9       	-17.4      	12530     	-76.1
4266      	18:11:33  	197.3 	-53.5 	4     	31.2     	304   	26.0       	-17.3      	12535     	-76.2
4268      	18:11:35  	197.2 	-53.5 	4     	31.3     	303   	26.1       	-17.2      	12540     	-76.2
4270      	18:11:37  	197.0 	-53.5 	4     	31.2     	303   	26.0       	-17.2      	12545     	-76.0
4272      	18:11:39  	196.9 	-53.5 	4     	31.2     	303   	26.0       	-17.2      	12549     	-75.8
4274      	18:11:41  	196.7 	-53.5 	4     	31.2     	303   	26.0       	-17.2      	12554     	-75.4
4276      	18:11:43  	196.6 	-53.5 	5     	31.1     	304   	25.9       	-17.2      	12559     	-74.9
4278      	18:11:45  	196.4 	-53.5 	5     	31.1     	304   	25.9       	-17.2      	12564     	-74.5
4280      	18:11:47  	196.3 	-53.5 	6     	31.1     	304   	25.9       	-17.2      	12569     	-74.0
4282      	18:11:49  	196.1 	-53.5 	6     	31.1     	304   	25.9       	-17.2      	12574     	-73.6
4284      	18:11:51  	196.0 	-53.5 	6     	31.1     	304   	25.9       	-17.2      	12579     	-73.2
4286      	18:11:53  	195.8 	-53.5 	7     	31.1     	304   	25.9       	-17.2      	12583     	-72.9
4288      	18:11:55  	195.7 	-53.5 	7     	31.1     	304   	25.9       	-17.2      	12588     	-72.7
4290      	18:11:57  	195.5 	-53.5 	7     	31.1     	304   	25.9       	-17.2      	12593     	-72.4
4292      	18:11:59  	195.4 	-53.6 	7     	31.1     	304   	25.9       	-17.2      	12597     	-72.3
4294      	18:12:01  	195.3 	-53.6 	7     	31.1     	304   	25.9       	-17.2      	12601     	-72.2
4296      	18:12:03  	195.1 	-53.6 	8     	31.0     	304   	25.8       	-17.2      	12606     	-72.0
4298      	18:12:05  	195.0 	-53.6 	8     	31.1     	304   	25.8       	-17.3      	12611     	-71.9
4300      	18:12:07  	194.8 	-53.6 	8     	31.1     	304   	25.8       	-17.3      	12616     	-71.7
4302      	18:12:09  	194.7 	-53.6 	8     	31.1     	304   	25.8       	-17.4      	12621     	-71.6
4304      	18:12:11  	194.5 	-53.6 	8     	31.1     	304   	25.8       	-17.4      	12626     	-71.6
4306      	18:12:13  	194.4 	-53.7 	8     	31.2     	304   	25.8       	-17.5      	12632     	-71.6
4308      	18:12:15  	194.2 	-53.7 	8     	31.2     	304   	25.8       	-17.6      	12637     	-71.5
4310      	18:12:17  	194.1 	-53.7 	8     	31.1     	304   	25.7       	-17.6      	12641     	-71.5
4312      	18:12:19  	193.9 	-53.7 	8     	31.2     	305   	25.7       	-17.7      	12646     	-71.5
4314      	18:12:21  	193.8 	-53.7 	9     	31.2     	305   	25.7       	-17.7      	12651     	-71.5
4316      	18:12:23  	193.7 	-53.8 	9     	31.3     	305   	25.8       	-17.8      	12655     	-71.4
4318      	18:12:25  	193.5 	-53.8 	9     	31.6     	305   	25.9       	-18.1      	12660     	-71.4
4320      	18:12:27  	193.4 	-53.8 	9     	31.9     	305   	26.1       	-18.4      	12664     	-71.4
4322      	18:12:29  	193.2 	-53.9 	9     	32.2     	306   	26.2       	-18.7      	12669     	-71.3
4324      	18:12:31  	193.1 	-53.9 	9     	32.5     	306   	26.4       	-18.9      	12673     	-71.3
4326      	18:12:33  	193.0 	-53.9 	9     	32.7     	306   	26.5       	-19.2      	12678     	-71.3
4328      	18:12:35  	192.8 	-53.8 	9     	33.1     	306   	26.7       	-19.5      	12682     	-71.3
4330      	18:12:37  	192.7 	-53.8 	9     	33.3     	306   	26.8       	-19.7      	12687     	-71.2
4332      	18:12:39  	192.6 	-53.8 	9     	33.6     	306   	27.1       	-19.9      	12691     	-71.1
4334      	18:12:41  	192.4 	-53.8 	9     	34.0     	306   	27.5       	-20.0      	12695     	-71.2
4336      	18:12:43  	192.3 	-53.7 	9     	34.2     	306   	27.8       	-19.9      	12700     	-71.4
4338      	18:12:45  	192.2 	-53.7 	8     	34.3     	305   	28.0       	-19.8      	12704     	-71.6
4340      	18:12:47  	192.0 	-53.7 	8     	34.4     	305   	28.3       	-19.6      	12709     	-71.8
4342      	18:12:49  	191.9 	-53.7 	8     	34.5     	304   	28.5       	-19.4      	12714     	-72.0
4344      	18:12:51  	191.7 	-53.6 	7     	34.6     	304   	28.8       	-19.2      	12719     	-72.3
4346      	18:12:53  	191.6 	-53.6 	7     	34.7     	303   	29.0       	-19.0      	12724     	-72.7
4348      	18:12:55  	191.5 	-53.5 	7     	34.8     	303   	29.3       	-18.8      	12728     	-72.9
4350      	18:12:57  	191.3 	-53.5 	7     	35.2     	303   	29.6       	-19.1      	12733     	-72.9
4352      	18:12:59  	191.2 	-53.4 	6     	35.6     	303   	29.8       	-19.4      	12738     	-73.0
4354      	18:13:01  	191.0 	-53.4 	6     	35.8     	304   	29.8       	-19.8      	12743     	-73.1
4356      	18:13:03  	190.9 	-53.4 	6     	36.1     	304   	29.9       	-20.2      	12747     	-73.1
4358      	18:13:05  	190.8 	-53.3 	6     	36.3     	305   	29.9       	-20.6      	12752     	-73.1
4360      	18:13:07  	190.6 	-53.3 	6     	36.7     	305   	30.0       	-21.1      	12757     	-73.2
4362      	18:13:09  	190.5 	-53.3 	6     	36.9     	306   	30.0       	-21.5      	12761     	-73.3
4364      	18:13:11  	190.3 	-53.3 	6     	37.1     	306   	30.0       	-21.8      	12766     	-73.3
4366      	18:13:13  	190.2 	-53.3 	6     	37.1     	306   	29.9       	-21.9      	12771     	-73.2
4368      	18:13:15  	190.1 	-53.3 	6     	37.0     	307   	29.7       	-22.0      	12776     	-73.1
4370      	18:13:17  	189.9 	-53.3 	6     	36.6     	306   	29.5       	-21.7      	12781     	-73.2
4372      	18:13:19  	189.8 	-53.3 	6     	36.3     	306   	29.3       	-21.4      	12785     	-73.1
4374      	18:13:21  	189.6 	-53.3 	6     	35.9     	306   	29.1       	-21.1      	12790     	-73.1
4376      	18:13:23  	189.5 	-53.4 	6     	35.5     	306   	28.8       	-20.8      	12795     	-73.0
4378      	18:13:25  	189.3 	-53.4 	7     	35.2     	306   	28.6       	-20.6      	12800     	-72.9
4380      	18:13:27  	189.2 	-53.4 	7     	34.9     	306   	28.4       	-20.3      	12805     	-72.9
4382      	18:13:29  	189.1 	-53.4 	7     	34.6     	305   	28.2       	-20.0      	12810     	-72.8
4384      	18:13:31  	188.9 	-53.5 	7     	34.4     	305   	28.1       	-19.8      	12815     	-72.7
4386      	18:13:33  	188.8 	-53.5 	7     	34.4     	305   	28.1       	-19.8      	12819     	-72.6
4388      	18:13:35  	188.6 	-53.5 	7     	34.4     	305   	28.1       	-19.8      	12824     	-72.6
4390      	18:13:37  	188.5 	-53.5 	7     	34.4     	305   	28.1       	-19.8      	12829     	-72.5
4392      	18:13:39  	188.3 	-53.5 	7     	34.4     	305   	28.1       	-19.8      	12834     	-72.5
4394      	18:13:41  	188.2 	-53.5 	7     	34.4     	305   	28.1       	-19.8      	12839     	-72.5
4396      	18:13:43  	188.1 	-53.6 	7     	34.4     	305   	28.1       	-19.8      	12844     	-72.5
4398      	18:13:45  	187.9 	-53.6 	7     	34.4     	305   	28.0       	-19.9      	12849     	-72.6
4400      	18:13:47  	187.8 	-53.6 	7     	34.4     	306   	27.9       	-20.1      	12853     	-72.6
4402      	18:13:49  	187.6 	-53.7 	7     	34.4     	306   	27.8       	-20.2      	12858     	-72.6
4404      	18:13:51  	187.5 	-53.7 	7     	34.3     	306   	27.7       	-20.3      	12863     	-72.6
4406      	18:13:53  	187.4 	-53.7 	7     	34.5     	307   	27.7       	-20.5      	12867     	-72.6
4408      	18:13:55  	187.2 	-53.7 	7     	34.4     	307   	27.6       	-20.6      	12872     	-72.5
4410      	18:13:57  	187.1 	-53.8 	7     	34.5     	307   	27.5       	-20.8      	12877     	-72.5
4412      	18:13:59  	186.9 	-53.8 	7     	34.5     	307   	27.4       	-20.9      	12882     	-72.4
4414      	18:14:01  	186.8 	-53.8 	8     	34.5     	308   	27.3       	-21.1      	12887     	-72.3
4416      	18:14:03  	186.6 	-53.9 	8     	34.9     	308   	27.4       	-21.6      	12892     	-72.3
4418      	18:14:05  	186.5 	-53.9 	8     	35.4     	309   	27.6       	-22.1      	12897     	-72.2
4420      	18:14:07  	186.3 	-54.0 	8     	35.8     	309   	27.8       	-22.6      	12902     	-72.1
4422      	18:14:09  	186.2 	-54.0 	8     	36.2     	310   	27.9       	-23.1      	12908     	-72.1
4424      	18:14:11  	186.0 	-54.1 	8     	36.7     	310   	28.1       	-23.6      	12913     	-72.0
4426      	18:14:13  	185.9 	-54.1 	8     	37.2     	310   	28.3       	-24.1      	12918     	-71.9
4428      	18:14:15  	185.7 	-54.1 	8     	37.6     	311   	28.5       	-24.6      	12923     	-71.8
4430      	18:14:17  	185.6 	-54.2 	9     	38.1     	311   	28.7       	-25.1      	12928     	-71.7
4432      	18:14:19  	185.4 	-54.2 	9     	38.3     	312   	28.7       	-25.4      	12934     	-71.6
4434      	18:14:21  	185.3 	-54.2 	9     	38.4     	312   	28.7       	-25.5      	12938     	-71.5
4436      	18:14:23  	185.2 	-54.1 	9     	38.1     	311   	28.6       	-25.2      	12943     	-71.3
4438      	18:14:25  	185.0 	-54.0 	9     	37.6     	311   	28.3       	-24.8      	12948     	-71.2
4440      	18:14:27  	184.9 	-53.7 	9     	37.2     	311   	28.1       	-24.4      	12954     	-70.9
4442      	18:14:29  	184.7 	-53.7 	9     	36.7     	311   	27.9       	-23.9      	12959     	-71.0
4444      	18:14:31  	184.6 	-53.7 	9     	36.3     	310   	27.7       	-23.5      	12964     	-71.1
4446      	18:14:33  	184.4 	-53.7 	9     	35.9     	310   	27.5       	-23.1      	12969     	-71.3
4448      	18:14:35  	184.3 	-53.8 	9     	35.5     	310   	27.3       	-22.7      	12973     	-71.4
4450      	18:14:37  	184.1 	-53.8 	9     	35.2     	309   	27.2       	-22.4      	12979     	-71.5
4452      	18:14:39  	184.0 	-53.8 	8     	35.3     	309   	27.3       	-22.4      	12985     	-71.5
4454      	18:14:41  	183.8 	-53.8 	9     	35.5     	309   	27.4       	-22.5      	12991     	-71.5
4456      	18:14:43  	183.7 	-53.8 	9     	35.7     	310   	27.5       	-22.7      	12996     	-71.5
4458      	18:14:45  	183.5 	-53.9 	9     	35.9     	309   	27.7       	-22.8      	13001     	-71.5
4460      	18:14:47  	183.3 	-53.9 	9     	36.1     	310   	27.8       	-23.0      	13007     	-71.5
4462      	18:14:49  	183.2 	-53.9 	9     	36.2     	310   	27.9       	-23.1      	13012     	-71.4
4464      	18:14:51  	183.1 	-53.9 	9     	36.4     	310   	28.0       	-23.3      	13017     	-71.4
4466      	18:14:53  	182.9 	-53.9 	9     	36.5     	310   	28.1       	-23.3      	13022     	-71.4
4468      	18:14:55  	182.8 	-53.9 	9     	36.5     	310   	28.1       	-23.3      	13027     	-71.5
4470      	18:14:57  	182.6 	-53.9 	9     	36.3     	310   	28.0       	-23.1      	13032     	-71.4
4472      	18:14:59  	182.5 	-54.1 	9     	36.2     	310   	27.9       	-23.0      	13037     	-71.5
4474      	18:15:01  	182.3 	-54.3 	9     	36.0     	309   	27.8       	-22.8      	13043     	-71.5
4476      	18:15:03  	182.2 	-54.7 	9     	35.8     	309   	27.7       	-22.7      	13048     	-71.8
4478      	18:15:05  	182.0 	-54.7 	9     	35.5     	309   	27.5       	-22.5      	13053     	-71.7
4480      	18:15:07  	181.9 	-54.8 	9     	35.4     	309   	27.4       	-22.4      	13059     	-71.7
4482      	18:15:09  	181.7 	-54.8 	9     	35.2     	309   	27.3       	-22.2      	13064     	-71.7
4484      	18:15:11  	181.5 	-54.8 	9     	35.0     	309   	27.2       	-22.1      	13069     	-71.7
4486      	18:15:13  	181.4 	-54.9 	9     	35.0     	309   	27.2       	-22.1      	13075     	-71.8
4488      	18:15:15  	181.2 	-54.9 	9     	35.0     	309   	27.2       	-22.1      	13081     	-71.8
4490      	18:15:17  	181.1 	-54.9 	9     	35.0     	309   	27.2       	-22.0      	13087     	-71.9
4492      	18:15:19  	180.9 	-55.0 	9     	34.8     	309   	27.1       	-21.9      	13093     	-71.9
4494      	18:15:21  	180.7 	-55.0 	9     	34.8     	309   	27.1       	-21.9      	13099     	-72.0
4496      	18:15:23  	180.6 	-55.0 	9     	34.8     	309   	27.1       	-21.8      	13104     	-72.1
4498      	18:15:25  	180.4 	-55.0 	9     	34.6     	309   	27.0       	-21.7      	13110     	-72.2
4500      	18:15:27  	180.2 	-55.1 	9     	34.6     	309   	27.0       	-21.6      	13116     	-72.3
4502      	18:15:29  	180.1 	-55.2 	9     	34.5     	309   	26.9       	-21.6      	13121     	-72.4
4504      	18:15:31  	179.9 	-55.2 	9     	34.4     	309   	26.9       	-21.5      	13127     	-72.5
4506      	18:15:33  	179.8 	-55.2 	9     	34.4     	309   	26.9       	-21.4      	13133     	-72.6
4508      	18:15:35  	179.6 	-55.3 	9     	34.2     	308   	26.8       	-21.3      	13138     	-72.7
4510      	18:15:37  	179.4 	-55.3 	9     	34.2     	308   	26.8       	-21.3      	13144     	-72.7
4512      	18:15:39  	179.3 	-55.3 	9     	34.6     	309   	27.0       	-21.6      	13150     	-72.7
4514      	18:15:41  	179.1 	-55.4 	9     	35.1     	309   	27.3       	-22.1      	13155     	-72.7
4516      	18:15:43  	179.0 	-55.4 	9     	35.7     	309   	27.7       	-22.5      	13161     	-72.7
4518      	18:15:45  	178.8 	-55.4 	9     	36.2     	309   	28.0       	-23.0      	13167     	-72.8
4520      	18:15:47  	178.6 	-55.4 	9     	36.8     	310   	28.3       	-23.5      	13174     	-72.8
4522      	18:15:49  	178.4 	-55.5 	9     	37.4     	310   	28.7       	-24.0      	13181     	-72.9
4524      	18:15:51  	178.2 	-55.5 	9     	37.6     	310   	28.8       	-24.2      	13187     	-73.0
4526      	18:15:53  	178.1 	-55.5 	8     	37.8     	310   	28.9       	-24.4      	13193     	-73.0
4528      	18:15:55  	177.9 	-55.5 	8     	38.0     	310   	28.9       	-24.6      	13199     	-73.0
4530      	18:15:57  	177.7 	-55.6 	8     	38.1     	310   	29.0       	-24.7      	13205     	-73.1
4532      	18:15:59  	177.6 	-55.6 	8     	38.0     	310   	28.9       	-24.6      	13210     	-73.1
4534      	18:16:01  	177.4 	-55.4 	8     	37.5     	310   	28.6       	-24.3      	13216     	-73.0
4536      	18:16:03  	177.3 	-55.3 	8     	37.2     	310   	28.4       	-24.0      	13222     	-73.0
4538      	18:16:05  	177.1 	-55.4 	8     	36.8     	310   	28.1       	-23.7      	13227     	-73.0
4540      	18:16:07  	177.0 	-55.4 	8     	36.3     	310   	27.8       	-23.4      	13233     	-73.1
4542      	18:16:09  	176.8 	-55.5 	8     	36.0     	310   	27.6       	-23.1      	13238     	-73.2
4544      	18:16:11  	176.7 	-55.5 	8     	35.9     	310   	27.5       	-23.0      	13243     	-73.2
4546      	18:16:13  	176.5 	-55.5 	8     	35.9     	310   	27.5       	-23.0      	13248     	-73.3
4548      	18:16:15  	176.4 	-55.6 	8     	35.9     	310   	27.5       	-23.0      	13255     	-73.3
4550      	18:16:17  	176.2 	-55.6 	8     	35.9     	310   	27.5       	-23.0      	13261     	-73.4
4552      	18:16:19  	176.0 	-55.6 	8     	35.8     	310   	27.5       	-22.9      	13268     	-73.5
4554      	18:16:21  	175.8 	-55.6 	8     	35.7     	310   	27.4       	-22.9      	13274     	-73.5
4556      	18:16:23  	175.7 	-55.6 	8     	35.6     	310   	27.3       	-22.8      	13280     	-73.7
4558      	18:16:25  	175.5 	-55.6 	7     	35.5     	310   	27.3       	-22.7      	13286     	-73.9
4560      	18:16:27  	175.3 	-55.6 	7     	35.4     	310   	27.2       	-22.7      	13292     	-74.0
4562      	18:16:29  	175.2 	-55.7 	7     	35.4     	310   	27.2       	-22.6      	13298     	-74.2
4564      	18:16:31  	175.0 	-55.7 	7     	35.2     	310   	27.1       	-22.5      	13304     	-74.3
4566      	18:16:33  	174.8 	-55.8 	7     	35.2     	310   	27.1       	-22.5      	13310     	-74.5
4568      	18:16:35  	174.7 	-55.8 	7     	35.1     	310   	27.0       	-22.4      	13316     	-74.8
4570      	18:16:37  	174.5 	-55.8 	7     	35.1     	310   	27.0       	-22.4      	13322     	-75.0
4572      	18:16:39  	174.3 	-56.1 	6     	35.1     	310   	27.0       	-22.4      	13328     	-75.1
4574      	18:16:41  	174.2 	-56.2 	7     	35.1     	310   	26.9       	-22.5      	13335     	-75.3
4576      	18:16:43  	174.0 	-56.2 	6     	35.1     	310   	26.8       	-22.7      	13341     	-75.3
4578      	18:16:45  	173.8 	-56.2 	6     	35.2     	311   	26.7       	-22.9      	13347     	-75.5
4580      	18:16:47  	173.7 	-56.3 	6     	35.2     	311   	26.6       	-23.1      	13353     	-75.5
4582      	18:16:49  	173.5 	-56.3 	6     	35.3     	311   	26.5       	-23.3      	13359     	-75.5
4584      	18:16:51  	173.3 	-56.3 	7     	35.4     	312   	26.5       	-23.5      	13365     	-75.3
4586      	18:16:53  	173.2 	-56.4 	7     	35.5     	312   	26.4       	-23.7      	13371     	-75.3
4588      	18:16:55  	173.0 	-56.4 	6     	35.5     	312   	26.3       	-23.9      	13377     	-75.5
4590      	18:16:57  	172.8 	-56.5 	6     	35.6     	313   	26.2       	-24.1      	13383     	-75.6
4592      	18:16:59  	172.7 	-56.5 	6     	35.7     	313   	26.1       	-24.4      	13389     	-75.7
4594      	18:17:01  	172.5 	-56.6 	6     	35.9     	313   	26.1       	-24.7      	13395     	-75.9
4596      	18:17:03  	172.3 	-56.7 	6     	36.4     	314   	26.2       	-25.2      	13402     	-76.0
4598      	18:17:05  	172.2 	-56.7 	6     	36.6     	314   	26.2       	-25.6      	13408     	-76.3
4600      	18:17:07  	172.0 	-56.7 	6     	37.0     	315   	26.3       	-26.0      	13414     	-76.4
4602      	18:17:09  	171.8 	-56.8 	6     	37.3     	315   	26.4       	-26.4      	13420     	-76.5
4604      	18:17:11  	171.7 	-56.8 	6     	37.6     	315   	26.4       	-26.8      	13426     	-76.7
4606      	18:17:13  	171.5 	-56.9 	6     	37.8     	316   	26.4       	-27.1      	13433     	-76.8
4608      	18:17:15  	171.3 	-56.9 	6     	37.7     	316   	26.2       	-27.1      	13439     	-76.9
4610      	18:17:17  	171.1 	-57.0 	6     	37.7     	316   	26.1       	-27.2      	13445     	-76.9
4612      	18:17:19  	171.0 	-57.1 	6     	37.6     	317   	25.9       	-27.3      	13451     	-77.0
4614      	18:17:21  	170.8 	-57.1 	6     	37.3     	317   	25.7       	-27.1      	13457     	-77.0
4616      	18:17:23  	170.6 	-57.2 	6     	36.9     	316   	25.4       	-26.7      	13464     	-77.1
4618      	18:17:25  	170.5 	-57.2 	5     	36.5     	316   	25.2       	-26.4      	13470     	-77.2
4620      	18:17:27  	170.3 	-57.3 	5     	36.1     	316   	24.9       	-26.1      	13477     	-77.3
4622      	18:17:29  	170.1 	-57.3 	5     	35.7     	316   	24.6       	-25.9      	13483     	-77.3
4624      	18:17:31  	170.0 	-57.4 	5     	35.3     	316   	24.3       	-25.6      	13489     	-77.4
4626      	18:17:33  	169.8 	-57.4 	5     	35.0     	317   	24.1       	-25.4      	13496     	-77.4
4628      	18:17:35  	169.6 	-57.4 	5     	35.1     	317   	24.1       	-25.5      	13502     	-77.5
4630      	18:17:37  	169.4 	-57.5 	5     	35.0     	317   	24.0       	-25.5      	13508     	-77.4
4632      	18:17:39  	169.3 	-57.5 	6     	34.9     	317   	23.9       	-25.5      	13515     	-77.3
4634      	18:17:41  	169.1 	-57.5 	5     	34.7     	317   	23.7       	-25.4      	13521     	-77.5
4636      	18:17:43  	168.9 	-57.6 	6     	34.7     	317   	23.6       	-25.4      	13527     	-77.4
4638      	18:17:45  	168.8 	-57.6 	6     	34.5     	317   	23.4       	-25.3      	13533     	-77.4
4640      	18:17:47  	168.6 	-57.6 	6     	34.3     	317   	23.3       	-25.2      	13540     	-77.3
4642      	18:17:49  	168.4 	-57.7 	6     	34.2     	317   	23.2       	-25.1      	13546     	-77.3
4644      	18:17:51  	168.3 	-57.7 	6     	33.9     	317   	23.0       	-24.9      	13552     	-77.2
4646      	18:17:53  	168.1 	-57.7 	6     	33.5     	317   	22.8       	-24.6      	13558     	-77.2
4648      	18:17:55  	167.9 	-57.8 	6     	33.1     	317   	22.5       	-24.3      	13564     	-77.2
4650      	18:17:57  	167.8 	-57.8 	6     	32.8     	317   	22.3       	-24.0      	13570     	-77.2
4652      	18:17:59  	167.7 	-57.8 	6     	32.5     	317   	22.2       	-23.8      	13577     	-77.3
4654      	18:18:01  	167.6 	-56.9 	6     	32.3     	317   	22.0       	-23.6      	13583     	-76.6
4656      	18:18:03  	167.4 	-56.8 	6     	NaN      	NaN   	999999.0   	999999.0   	NaN       	-76.5
4658      	18:18:05  	167.3 	-56.8 	6     	NaN      	NaN   	999999.0   	999999.0   	NaN       	-76.6
4660      	18:18:07  	167.2 	-56.8 	6     	NaN      	NaN   	999999.0   	999999.0   	NaN       	-76.7
4662      	18:18:09  	167.1 	-56.9 	6     	NaN      	NaN   	999999.0   	999999.0   	NaN       	-76.7
4664      	18:18:11  	167.0 	-56.9 	6     	NaN      	NaN   	999999.0   	999999.0   	NaN       	-76.8
4666      	18:18:13  	166.9 	-56.9 	6     	NaN      	NaN   	999999.0   	999999.0   	NaN       	-76.8
4668      	18:18:15  	166.8 	-57.0 	6     	NaN      	NaN   	999999.0   	999999.0   	NaN       	-76.8
4670      	18:18:17  	166.6 	-57.0 	6     	NaN      	NaN   	999999.0   	999999.0   	NaN       	-76.8
4672      	18:18:19  	166.5 	-57.0 	6     	NaN      	NaN   	999999.0   	999999.0   	NaN       	-76.8
4674      	18:18:21  	166.4 	-57.1 	6     	NaN      	NaN   	999999.0   	999999.0   	NaN       	-76.8
4676      	18:18:23  	166.3 	-57.1 	6     	NaN      	NaN   	999999.0   	999999.0   	NaN       	-76.7
4678      	18:18:25  	166.2 	-57.1 	6     	NaN      	NaN   	999999.0   	999999.0   	NaN       	-76.8
4680      	18:18:27  	166.1 	-57.2 	6     	NaN      	NaN   	999999.0   	999999.0   	NaN       	-76.8
4682      	18:18:29  	166.0 	-57.2 	6     	NaN      	NaN   	999999.0   	999999.0   	NaN       	-76.8
4684      	18:18:31  	165.8 	-57.3 	6     	NaN      	NaN   	999999.0   	999999.0   	NaN       	-76.8
4686      	18:18:33  	165.7 	-57.3 	6     	NaN      	NaN   	999999.0   	999999.0   	NaN       	-76.9
4688      	18:18:35  	165.6 	-57.3 	6     	NaN      	NaN   	999999.0   	999999.0   	NaN       	-77.0
4690      	18:18:37  	165.5 	-57.4 	6     	NaN      	NaN   	999999.0   	999999.0   	NaN       	-77.1
4692      	18:18:39  	165.4 	-57.4 	6     	NaN      	NaN   	999999.0   	999999.0   	NaN       	-77.1
4694      	18:18:41  	165.3 	-57.4 	6     	NaN      	NaN   	999999.0   	999999.0   	NaN       	-77.2
4696      	18:18:43  	165.2 	-57.4 	6     	NaN      	NaN   	999999.0   	999999.0   	NaN       	-77.2
4698      	18:18:45  	165.1 	-57.5 	6     	NaN      	NaN   	999999.0   	999999.0   	NaN       	-77.2
4700      	18:18:47  	164.9 	-57.5 	6     	NaN      	NaN   	999999.0   	999999.0   	NaN       	-77.3
4702      	18:18:49  	164.8 	-57.5 	6     	NaN      	NaN   	999999.0   	999999.0   	NaN       	-77.3
4704      	18:18:51  	164.7 	-57.6 	6     	NaN      	NaN   	999999.0   	999999.0   	NaN       	-77.3
4706      	18:18:53  	164.6 	-57.6 	6     	NaN      	NaN   	999999.0   	999999.0   	NaN       	-77.3
4708      	18:18:55  	164.5 	-57.6 	6     	NaN      	NaN   	999999.0   	999999.0   	NaN       	-77.4
4710      	18:18:57  	164.4 	-57.7 	6     	NaN      	NaN   	999999.0   	999999.0   	NaN       	-77.4
4712      	18:18:59  	164.3 	-57.7 	6     	NaN      	NaN   	999999.0   	999999.0   	NaN       	-77.5
4714      	18:19:01  	164.1 	-57.7 	6     	NaN      	NaN   	999999.0   	999999.0   	NaN       	-77.5
4716      	18:19:03  	164.0 	-57.8 	5     	NaN      	NaN   	999999.0   	999999.0   	NaN       	-77.6
4718      	18:19:05  	163.9 	-57.8 	5     	NaN      	NaN   	999999.0   	999999.0   	NaN       	-77.7
4720      	18:19:07  	163.8 	-57.8 	5     	NaN      	NaN   	999999.0   	999999.0   	NaN       	-77.8
4722      	18:19:09  	163.7 	-57.9 	5     	NaN      	NaN   	999999.0   	999999.0   	NaN       	-77.9
4724      	18:19:11  	163.6 	-57.9 	5     	NaN      	NaN   	999999.0   	999999.0   	NaN       	-78.0
4726      	18:19:13  	163.5 	-57.9 	5     	NaN      	NaN   	999999.0   	999999.0   	NaN       	-78.0
4728      	18:19:15  	163.3 	-58.0 	5     	NaN      	NaN   	999999.0   	999999.0   	NaN       	-78.1
4730      	18:19:17  	163.2 	-58.0 	5     	NaN      	NaN   	999999.0   	999999.0   	NaN       	-78.1
4732      	18:19:19  	163.1 	-58.0 	5     	NaN      	NaN   	999999.0   	999999.0   	NaN       	-78.2
4734      	18:19:21  	163.0 	-58.1 	5     	NaN      	NaN   	999999.0   	999999.0   	NaN       	-78.3
4736      	18:19:23  	162.9 	-58.1 	5     	NaN      	NaN   	999999.0   	999999.0   	NaN       	-78.3
4738      	18:19:25  	162.8 	-58.1 	5     	NaN      	NaN   	999999.0   	999999.0   	NaN       	-78.4
4740      	18:19:27  	162.7 	-58.2 	5     	NaN      	NaN   	999999.0   	999999.0   	NaN       	-78.4
4742      	18:19:29  	162.5 	-58.2 	5     	NaN      	NaN   	999999.0   	999999.0   	NaN       	-78.5
4744      	18:19:31  	162.4 	-58.2 	5     	NaN      	NaN   	999999.0   	999999.0   	NaN       	-78.5
4746      	18:19:33  	162.3 	-58.2 	5     	NaN      	NaN   	999999.0   	999999.0   	NaN       	-78.6
4748      	18:19:35  	162.2 	-58.3 	5     	NaN      	NaN   	999999.0   	999999.0   	NaN       	-78.6
4750      	18:19:37  	162.1 	-58.3 	5     	NaN      	NaN   	999999.0   	999999.0   	NaN       	-78.7
4752      	18:19:39  	162.0 	-58.3 	5     	NaN      	NaN   	999999.0   	999999.0   	NaN       	-78.8
4754      	18:19:41  	161.9 	-58.4 	5     	NaN      	NaN   	999999.0   	999999.0   	NaN       	-78.8
4756      	18:19:43  	161.8 	-58.4 	5     	NaN      	NaN   	999999.0   	999999.0   	NaN       	-78.8
4758      	18:19:45  	161.6 	-58.4 	5     	NaN      	NaN   	999999.0   	999999.0   	NaN       	-78.8
4760      	18:19:47  	161.5 	-58.5 	5     	NaN      	NaN   	999999.0   	999999.0   	NaN       	-78.8
4762      	18:19:49  	161.4 	-58.5 	5     	NaN      	NaN   	999999.0   	999999.0   	NaN       	-78.7
4764      	18:19:51  	161.3 	-58.5 	5     	NaN      	NaN   	999999.0   	999999.0   	NaN       	-78.7
4766      	18:19:53  	161.2 	-58.6 	5     	NaN      	NaN   	999999.0   	999999.0   	NaN       	-78.7
4768      	18:19:55  	161.1 	-58.6 	5     	NaN      	NaN   	999999.0   	999999.0   	NaN       	-78.7
4770      	18:19:57  	161.0 	-58.6 	5     	NaN      	NaN   	999999.0   	999999.0   	NaN       	-78.6
4772      	18:19:59  	160.8 	-58.6 	5     	NaN      	NaN   	999999.0   	999999.0   	NaN       	-78.6
4774      	18:20:01  	160.7 	-58.7 	5     	NaN      	NaN   	999999.0   	999999.0   	NaN       	-78.6
4776      	18:20:03  	160.6 	-58.7 	5     	NaN      	NaN   	999999.0   	999999.0   	NaN       	-78.7
4778      	18:20:05  	160.5 	-58.7 	5     	NaN      	NaN   	999999.0   	999999.0   	NaN       	-78.7
4780      	18:20:07  	160.4 	-58.7 	5     	NaN      	NaN   	999999.0   	999999.0   	NaN       	-78.7
4782      	18:20:09  	160.3 	-58.8 	5     	NaN      	NaN   	999999.0   	999999.0   	NaN       	-78.7
4784      	18:20:11  	160.2 	-58.8 	5     	NaN      	NaN   	999999.0   	999999.0   	NaN       	-78.8
4786      	18:20:13  	160.0 	-58.8 	5     	NaN      	NaN   	999999.0   	999999.0   	NaN       	-78.9
4788      	18:20:15  	159.9 	-58.8 	5     	NaN      	NaN   	999999.0   	999999.0   	NaN       	-78.9
4790      	18:20:17  	159.8 	-58.9 	5     	NaN      	NaN   	999999.0   	999999.0   	NaN       	-78.9
4792      	18:20:19  	159.7 	-58.9 	5     	NaN      	NaN   	999999.0   	999999.0   	NaN       	-78.9
4794      	18:20:21  	159.6 	-58.9 	5     	NaN      	NaN   	999999.0   	999999.0   	NaN       	-78.9
4796      	18:20:23  	159.5 	-59.0 	5     	NaN      	NaN   	999999.0   	999999.0   	NaN       	-78.9
4798      	18:20:25  	159.4 	-59.0 	5     	NaN      	NaN   	999999.0   	999999.0   	NaN       	-79.0
4800      	18:20:27  	159.2 	-59.0 	5     	NaN      	NaN   	999999.0   	999999.0   	NaN       	-79.0
4802      	18:20:29  	159.1 	-59.0 	5     	NaN      	NaN   	999999.0   	999999.0   	NaN       	-79.1
4804      	18:20:31  	159.0 	-59.1 	5     	NaN      	NaN   	999999.0   	999999.0   	NaN       	-79.2
4806      	18:20:33  	158.9 	-59.1 	5     	NaN      	NaN   	999999.0   	999999.0   	NaN       	-79.2
4808      	18:20:35  	158.8 	-59.1 	5     	NaN      	NaN   	999999.0   	999999.0   	NaN       	-79.2
4810      	18:20:37  	158.7 	-59.1 	5     	NaN      	NaN   	999999.0   	999999.0   	NaN       	-79.2
4812      	18:20:39  	158.6 	-59.2 	5     	NaN      	NaN   	999999.0   	999999.0   	NaN       	-79.3
4814      	18:20:41  	158.4 	-59.2 	5     	NaN      	NaN   	999999.0   	999999.0   	NaN       	-79.3
4816      	18:20:43  	158.3 	-59.2 	5     	NaN      	NaN   	999999.0   	999999.0   	NaN       	-79.3
4818      	18:20:45  	158.2 	-59.2 	5     	NaN      	NaN   	999999.0   	999999.0   	NaN       	-79.3
4820      	18:20:47  	158.1 	-59.3 	5     	NaN      	NaN   	999999.0   	999999.0   	NaN       	-79.4
4822      	18:20:49  	158.0 	-59.3 	5     	NaN      	NaN   	999999.0   	999999.0   	NaN       	-79.3
4824      	18:20:51  	157.9 	-59.3 	5     	NaN      	NaN   	999999.0   	999999.0   	NaN       	-79.3
4826      	18:20:53  	157.8 	-59.3 	5     	NaN      	NaN   	999999.0   	999999.0   	NaN       	-79.3
4828      	18:20:55  	157.7 	-59.4 	5     	NaN      	NaN   	999999.0   	999999.0   	NaN       	-79.2
4830      	18:20:57  	157.5 	-59.4 	5     	NaN      	NaN   	999999.0   	999999.0   	NaN       	-79.3
4832      	18:20:59  	157.4 	-59.4 	5     	NaN      	NaN   	999999.0   	999999.0   	NaN       	-79.3
4834      	18:21:01  	157.3 	-59.4 	5     	NaN      	NaN   	999999.0   	999999.0   	NaN       	-79.4
4836      	18:21:03  	157.2 	-59.5 	5     	NaN      	NaN   	999999.0   	999999.0   	NaN       	-79.4
4838      	18:21:05  	157.1 	-59.5 	5     	NaN      	NaN   	999999.0   	999999.0   	NaN       	-79.5
4840      	18:21:07  	157.0 	-59.5 	5     	NaN      	NaN   	999999.0   	999999.0   	NaN       	-79.6
4842      	18:21:09  	156.9 	-59.5 	5     	NaN      	NaN   	999999.0   	999999.0   	NaN       	-79.6
4844      	18:21:11  	156.7 	-59.6 	5     	NaN      	NaN   	999999.0   	999999.0   	NaN       	-79.6
4846      	18:21:13  	156.6 	-59.6 	5     	NaN      	NaN   	999999.0   	999999.0   	NaN       	-79.6
4848      	18:21:15  	156.5 	-59.6 	5     	NaN      	NaN   	999999.0   	999999.0   	NaN       	-79.6
4850      	18:21:17  	156.4 	-59.6 	5     	NaN      	NaN   	999999.0   	999999.0   	NaN       	-79.5
4852      	18:21:19  	156.3 	-59.7 	5     	NaN      	NaN   	999999.0   	999999.0   	NaN       	-79.5
4854      	18:21:21  	156.2 	-59.7 	5     	NaN      	NaN   	999999.0   	999999.0   	NaN       	-79.5
4856      	18:21:23  	156.1 	-59.7 	5     	NaN      	NaN   	999999.0   	999999.0   	NaN       	-79.5
4858      	18:21:25  	155.9 	-59.7 	5     	NaN      	NaN   	999999.0   	999999.0   	NaN       	-79.5
4860      	18:21:27  	155.8 	-59.8 	5     	NaN      	NaN   	999999.0   	999999.0   	NaN       	-79.6
4862      	18:21:29  	155.7 	-59.8 	5     	NaN      	NaN   	999999.0   	999999.0   	NaN       	-79.7
4864      	18:21:31  	155.6 	-59.8 	5     	NaN      	NaN   	999999.0   	999999.0   	NaN       	-79.8
4866      	18:21:33  	155.5 	-59.8 	5     	NaN      	NaN   	999999.0   	999999.0   	NaN       	-79.8
4868      	18:21:35  	155.4 	-59.8 	5     	NaN      	NaN   	999999.0   	999999.0   	NaN       	-79.9
4870      	18:21:37  	155.3 	-59.9 	5     	NaN      	NaN   	999999.0   	999999.0   	NaN       	-79.9
4872      	18:21:39  	155.1 	-59.9 	5     	NaN      	NaN   	999999.0   	999999.0   	NaN       	-79.9
4874      	18:21:41  	155.0 	-59.9 	5     	NaN      	NaN   	999999.0   	999999.0   	NaN       	-79.8
4876      	18:21:43  	154.9 	-59.9 	5     	NaN      	NaN   	999999.0   	999999.0   	NaN       	-79.8
4878      	18:21:45  	154.8 	-60.0 	5     	NaN      	NaN   	999999.0   	999999.0   	NaN       	-79.8
4880      	18:21:47  	154.7 	-60.0 	5     	NaN      	NaN   	999999.0   	999999.0   	NaN       	-79.8
4882      	18:21:49  	154.6 	-60.0 	5     	NaN      	NaN   	999999.0   	999999.0   	NaN       	-79.8
4884      	18:21:51  	154.5 	-60.0 	5     	NaN      	NaN   	999999.0   	999999.0   	NaN       	-79.7
4886      	18:21:53  	154.4 	-60.0 	5     	NaN      	NaN   	999999.0   	999999.0   	NaN       	-79.6
4888      	18:21:55  	154.2 	-60.1 	5     	NaN      	NaN   	999999.0   	999999.0   	NaN       	-79.5
4890      	18:21:57  	154.1 	-60.1 	6     	NaN      	NaN   	999999.0   	999999.0   	NaN       	-79.5
4892      	18:21:59  	154.0 	-60.1 	6     	NaN      	NaN   	999999.0   	999999.0   	NaN       	-79.4
4894      	18:22:01  	153.9 	-60.1 	6     	NaN      	NaN   	999999.0   	999999.0   	NaN       	-79.3
4896      	18:22:03  	153.8 	-60.1 	6     	NaN      	NaN   	999999.0   	999999.0   	NaN       	-79.3
4898      	18:22:05  	153.7 	-60.2 	6     	NaN      	NaN   	999999.0   	999999.0   	NaN       	-79.3
4900      	18:22:07  	153.6 	-60.2 	6     	NaN      	NaN   	999999.0   	999999.0   	NaN       	-79.3
4902      	18:22:09  	153.4 	-60.2 	6     	NaN      	NaN   	999999.0   	999999.0   	NaN       	-79.3
4904      	18:22:11  	153.3 	-60.2 	6     	NaN      	NaN   	999999.0   	999999.0   	NaN       	-79.3
4906      	18:22:13  	153.2 	-60.2 	6     	NaN      	NaN   	999999.0   	999999.0   	NaN       	-79.4
4908      	18:22:15  	153.1 	-60.3 	6     	NaN      	NaN   	999999.0   	999999.0   	NaN       	-79.4
4910      	18:22:17  	153.0 	-60.3 	6     	NaN      	NaN   	999999.0   	999999.0   	NaN       	-79.4
4912      	18:22:19  	152.9 	-60.3 	6     	NaN      	NaN   	999999.0   	999999.0   	NaN       	-79.4
4914      	18:22:21  	152.8 	-60.3 	6     	NaN      	NaN   	999999.0   	999999.0   	NaN       	-79.4
4916      	18:22:23  	152.6 	-60.3 	6     	NaN      	NaN   	999999.0   	999999.0   	NaN       	-79.4
4918      	18:22:25  	152.5 	-60.3 	6     	NaN      	NaN   	999999.0   	999999.0   	NaN       	-79.4
4920      	18:22:27  	152.4 	-60.3 	6     	NaN      	NaN   	999999.0   	999999.0   	NaN       	-79.4
4922      	18:22:29  	152.3 	-60.3 	6     	NaN      	NaN   	999999.0   	999999.0   	NaN       	-79.4
4924      	18:22:31  	152.2 	-60.3 	6     	NaN      	NaN   	999999.0   	999999.0   	NaN       	-79.4
4926      	18:22:33  	152.1 	-60.3 	6     	NaN      	NaN   	999999.0   	999999.0   	NaN       	-79.5
4928      	18:22:35  	152.0 	-60.3 	6     	NaN      	NaN   	999999.0   	999999.0   	NaN       	-79.5
4930      	18:22:37  	151.8 	-60.3 	6     	NaN      	NaN   	999999.0   	999999.0   	NaN       	-79.5
4932      	18:22:39  	151.7 	-60.3 	6     	NaN      	NaN   	999999.0   	999999.0   	NaN       	-79.7
4934      	18:22:41  	151.6 	-60.3 	5     	NaN      	NaN   	999999.0   	999999.0   	NaN       	-79.9
4936      	18:22:43  	151.5 	-60.3 	5     	NaN      	NaN   	999999.0   	999999.0   	NaN       	-80.0
4938      	18:22:45  	151.4 	-60.3 	5     	NaN      	NaN   	999999.0   	999999.0   	NaN       	-80.2
4940      	18:22:47  	151.3 	-60.3 	5     	NaN      	NaN   	999999.0   	999999.0   	NaN       	-80.4
4942      	18:22:49  	151.2 	-60.4 	5     	NaN      	NaN   	999999.0   	999999.0   	NaN       	-80.6
4944      	18:22:51  	151.1 	-60.4 	5     	NaN      	NaN   	999999.0   	999999.0   	NaN       	-80.8
4946      	18:22:53  	150.9 	-60.4 	4     	NaN      	NaN   	999999.0   	999999.0   	NaN       	-81.0
4948      	18:22:55  	150.8 	-60.4 	4     	NaN      	NaN   	999999.0   	999999.0   	NaN       	-81.2
4950      	18:22:57  	150.7 	-60.4 	6     	NaN      	NaN   	999999.0   	999999.0   	NaN       	-78.8
4952      	18:22:59  	150.6 	-60.4 	7     	NaN      	NaN   	999999.0   	999999.0   	NaN       	-78.4
4954      	18:23:01  	150.5 	-60.4 	7     	NaN      	NaN   	999999.0   	999999.0   	NaN       	-78.6
4956      	18:23:03  	150.4 	-60.4 	7     	NaN      	NaN   	999999.0   	999999.0   	NaN       	-78.5
4958      	18:23:05  	150.3 	-60.4 	7     	NaN      	NaN   	999999.0   	999999.0   	NaN       	-78.1
4960      	18:23:07  	150.1 	-60.4 	8     	NaN      	NaN   	999999.0   	999999.0   	NaN       	-77.8
4962      	18:23:09  	150.0 	-60.4 	8     	NaN      	NaN   	999999.0   	999999.0   	NaN       	-77.6
4964      	18:23:11  	149.9 	-60.4 	8     	NaN      	NaN   	999999.0   	999999.0   	NaN       	-77.1
4966      	18:23:13  	149.8 	-60.4 	8     	NaN      	NaN   	999999.0   	999999.0   	NaN       	-77.4
4968      	18:23:15  	149.7 	-60.5 	7     	NaN      	NaN   	999999.0   	999999.0   	NaN       	-78.2
4970      	18:23:17  	149.6 	-60.5 	7     	NaN      	NaN   	999999.0   	999999.0   	NaN       	-78.5
4972      	18:23:19  	149.5 	-60.5 	6     	NaN      	NaN   	999999.0   	999999.0   	NaN       	-79.4
4974      	18:23:21  	149.3 	-60.5 	5     	NaN      	NaN   	999999.0   	999999.0   	NaN       	-81.0
4976      	18:23:23  	149.2 	-60.5 	3     	NaN      	NaN   	999999.0   	999999.0   	NaN       	-83.1
4978      	18:23:25  	149.1 	-60.6 	3     	NaN      	NaN   	999999.0   	999999.0   	NaN       	-83.3
4980      	18:23:27  	149.0 	-60.6 	3     	NaN      	NaN   	999999.0   	999999.0   	NaN       	-83.7
4982      	18:23:29  	148.9 	-60.6 	3     	NaN      	NaN   	999999.0   	999999.0   	NaN       	-84.1
4984      	18:23:31  	148.8 	-60.6 	3     	NaN      	NaN   	999999.0   	999999.0   	NaN       	-84.3
4986      	18:23:33  	148.7 	-60.6 	3     	NaN      	NaN   	999999.0   	999999.0   	NaN       	-84.3
4988      	18:23:35  	148.5 	-60.7 	3     	NaN      	NaN   	999999.0   	999999.0   	NaN       	-84.3
4990      	18:23:37  	148.4 	-60.7 	3     	NaN      	NaN   	999999.0   	999999.0   	NaN       	-84.5
4992      	18:23:39  	148.3 	-60.7 	2     	NaN      	NaN   	999999.0   	999999.0   	NaN       	-84.8
4994      	18:23:41  	148.2 	-60.7 	2     	NaN      	NaN   	999999.0   	999999.0   	NaN       	-85.2
4996      	18:23:43  	148.1 	-60.8 	2     	NaN      	NaN   	999999.0   	999999.0   	NaN       	-85.5
4998      	18:23:45  	148.0 	-60.8 	2     	NaN      	NaN   	999999.0   	999999.0   	NaN       	-85.6
5000      	18:23:47  	147.9 	-60.8 	2     	NaN      	NaN   	999999.0   	999999.0   	NaN       	-85.6
5002      	18:23:49  	147.8 	-60.8 	2     	NaN      	NaN   	999999.0   	999999.0   	NaN       	-85.6
5004      	18:23:51  	147.6 	-60.9 	2     	NaN      	NaN   	999999.0   	999999.0   	NaN       	-85.6
5006      	18:23:53  	147.5 	-60.9 	2     	NaN      	NaN   	999999.0   	999999.0   	NaN       	-85.6
5008      	18:23:55  	147.4 	-60.9 	2     	NaN      	NaN   	999999.0   	999999.0   	NaN       	-85.6
5010      	18:23:57  	147.3 	-60.9 	2     	NaN      	NaN   	999999.0   	999999.0   	NaN       	-85.6
5012      	18:23:59  	147.2 	-61.0 	2     	NaN      	NaN   	999999.0   	999999.0   	NaN       	-85.6
5014      	18:24:01  	147.1 	-61.0 	2     	NaN      	NaN   	999999.0   	999999.0   	NaN       	-85.6
5016      	18:24:03  	147.0 	-61.0 	2     	NaN      	NaN   	999999.0   	999999.0   	NaN       	-85.6
5018      	18:24:05  	146.8 	-61.0 	2     	NaN      	NaN   	999999.0   	999999.0   	NaN       	-85.6
5020      	18:24:07  	146.7 	-61.1 	5     	NaN      	NaN   	999999.0   	999999.0   	NaN       	-80.6
5022      	18:24:09  	146.6 	-61.1 	10    	NaN      	NaN   	999999.0   	999999.0   	NaN       	-76.5
5024      	18:24:11  	146.5 	-61.1 	18    	NaN      	NaN   	999999.0   	999999.0   	NaN       	-73.0
5026      	18:24:13  	146.4 	-61.1 	23    	NaN      	NaN   	999999.0   	999999.0   	NaN       	-71.3
5028      	18:24:15  	146.3 	-61.2 	25    	NaN      	NaN   	999999.0   	999999.0   	NaN       	-70.8
5030      	18:24:17  	146.2 	-61.2 	25    	NaN      	NaN   	999999.0   	999999.0   	NaN       	-70.8
5032      	18:24:19  	146.0 	-61.2 	25    	NaN      	NaN   	999999.0   	999999.0   	NaN       	-70.9
5034      	18:24:21  	145.9 	-61.2 	23    	NaN      	NaN   	999999.0   	999999.0   	NaN       	-71.3
5036      	18:24:23  	145.8 	-61.2 	19    	NaN      	NaN   	999999.0   	999999.0   	NaN       	-72.6
5038      	18:24:25  	145.7 	-61.3 	13    	NaN      	NaN   	999999.0   	999999.0   	NaN       	-75.2
5040      	18:24:27  	145.6 	-61.3 	6     	NaN      	NaN   	999999.0   	999999.0   	NaN       	-79.7
5042      	18:24:29  	145.5 	-61.3 	2     	NaN      	NaN   	999999.0   	999999.0   	NaN       	-85.3
5044      	18:24:31  	145.4 	-61.3 	2     	NaN      	NaN   	999999.0   	999999.0   	NaN       	-85.3
5046      	18:24:33  	145.2 	-61.4 	2     	NaN      	NaN   	999999.0   	999999.0   	NaN       	-85.5
5048      	18:24:35  	145.1 	-61.4 	2     	NaN      	NaN   	999999.0   	999999.0   	NaN       	-85.6
5050      	18:24:37  	145.0 	-61.4 	2     	NaN      	NaN   	999999.0   	999999.0   	NaN       	-85.8
5052      	18:24:39  	144.9 	-61.4 	2     	NaN      	NaN   	999999.0   	999999.0   	NaN       	-85.8
5054      	18:24:41  	144.8 	-61.4 	2     	NaN      	NaN   	999999.0   	999999.0   	NaN       	-85.8
5056      	18:24:43  	144.7 	-61.5 	2     	NaN      	NaN   	999999.0   	999999.0   	NaN       	-85.7
5058      	18:24:45  	144.6 	-61.5 	2     	NaN      	NaN   	999999.0   	999999.0   	NaN       	-85.6
5060      	18:24:47  	144.5 	-61.5 	2     	NaN      	NaN   	999999.0   	999999.0   	NaN       	-85.6
5062      	18:24:49  	144.3 	-61.5 	2     	NaN      	NaN   	999999.0   	999999.0   	NaN       	-85.6
5064      	18:24:51  	144.2 	-61.5 	2     	NaN      	NaN   	999999.0   	999999.0   	NaN       	-85.6
5066      	18:24:53  	144.1 	-61.5 	2     	NaN      	NaN   	999999.0   	999999.0   	NaN       	-85.6
5068      	18:24:55  	144.0 	-61.5 	2     	NaN      	NaN   	999999.0   	999999.0   	NaN       	-85.6
5070      	18:24:57  	143.9 	-61.5 	2     	NaN      	NaN   	999999.0   	999999.0   	NaN       	-85.7
5072      	18:24:59  	143.8 	-61.5 	2     	NaN      	NaN   	999999.0   	999999.0   	NaN       	-85.9
5074      	18:25:01  	143.7 	-61.6 	2     	NaN      	NaN   	999999.0   	999999.0   	NaN       	-85.9
5076      	18:25:03  	143.5 	-61.6 	2     	NaN      	NaN   	999999.0   	999999.0   	NaN       	-85.9
5078      	18:25:05  	143.4 	-61.6 	2     	NaN      	NaN   	999999.0   	999999.0   	NaN       	-85.9
5080      	18:25:07  	143.3 	-61.6 	2     	NaN      	NaN   	999999.0   	999999.0   	NaN       	-85.9
5082      	18:25:09  	143.2 	-61.6 	2     	NaN      	NaN   	999999.0   	999999.0   	NaN       	-85.9
5084      	18:25:11  	143.1 	-61.7 	2     	NaN      	NaN   	999999.0   	999999.0   	NaN       	-86.0
5086      	18:25:13  	143.0 	-61.7 	2     	NaN      	NaN   	999999.0   	999999.0   	NaN       	-86.0
5088      	18:25:15  	142.9 	-61.7 	2     	NaN      	NaN   	999999.0   	999999.0   	NaN       	-86.1
5090      	18:25:17  	142.7 	-61.7 	2     	NaN      	NaN   	999999.0   	999999.0   	NaN       	-86.1
5092      	18:25:19  	142.6 	-61.7 	2     	NaN      	NaN   	999999.0   	999999.0   	NaN       	-86.2
5094      	18:25:21  	142.5 	-61.7 	2     	NaN      	NaN   	999999.0   	999999.0   	NaN       	-86.2
5096      	18:25:23  	142.4 	-61.8 	2     	NaN      	NaN   	999999.0   	999999.0   	NaN       	-86.2
5098      	18:25:25  	142.3 	-61.8 	2     	NaN      	NaN   	999999.0   	999999.0   	NaN       	-86.2
5100      	18:25:27  	142.2 	-61.8 	2     	NaN      	NaN   	999999.0   	999999.0   	NaN       	-86.2
5102      	18:25:29  	142.1 	-61.8 	2     	NaN      	NaN   	999999.0   	999999.0   	NaN       	-86.2
5104      	18:25:31  	141.9 	-61.8 	2     	NaN      	NaN   	999999.0   	999999.0   	NaN       	-86.2
5106      	18:25:33  	141.8 	-61.8 	2     	NaN      	NaN   	999999.0   	999999.0   	NaN       	-86.2
5108      	18:25:35  	141.7 	-61.9 	2     	NaN      	NaN   	999999.0   	999999.0   	NaN       	-86.2
5110      	18:25:37  	141.6 	-61.9 	2     	NaN      	NaN   	999999.0   	999999.0   	NaN       	-86.3
5112      	18:25:39  	141.5 	-61.9 	3     	NaN      	NaN   	999999.0   	999999.0   	NaN       	-85.5
5114      	18:25:41  	141.4 	-61.9 	3     	NaN      	NaN   	999999.0   	999999.0   	NaN       	-84.3
5116      	18:25:43  	141.3 	-61.9 	4     	NaN      	NaN   	999999.0   	999999.0   	NaN       	-82.5
5118      	18:25:45  	141.2 	-61.9 	5     	NaN      	NaN   	999999.0   	999999.0   	NaN       	-81.4
5120      	18:25:47  	141.0 	-62.0 	6     	NaN      	NaN   	999999.0   	999999.0   	NaN       	-80.4
5122      	18:25:49  	140.9 	-62.0 	8     	NaN      	NaN   	999999.0   	999999.0   	NaN       	-79.1
5124      	18:25:51  	140.8 	-62.0 	7     	NaN      	NaN   	999999.0   	999999.0   	NaN       	-79.7
5126      	18:25:53  	140.7 	-62.0 	6     	NaN      	NaN   	999999.0   	999999.0   	NaN       	-80.3
5128      	18:25:55  	140.6 	-62.0 	6     	NaN      	NaN   	999999.0   	999999.0   	NaN       	-80.8
5130      	18:25:57  	140.5 	-62.0 	4     	NaN      	NaN   	999999.0   	999999.0   	NaN       	-82.4
5132      	18:25:59  	140.4 	-62.1 	3     	NaN      	NaN   	999999.0   	999999.0   	NaN       	-84.0
5134      	18:26:01  	140.2 	-62.1 	3     	NaN      	NaN   	999999.0   	999999.0   	NaN       	-85.4
5136      	18:26:03  	140.1 	-62.1 	2     	NaN      	NaN   	999999.0   	999999.0   	NaN       	-86.1
5138      	18:26:05  	140.0 	-62.1 	2     	NaN      	NaN   	999999.0   	999999.0   	NaN       	-86.5
5140      	18:26:07  	139.9 	-62.1 	2     	NaN      	NaN   	999999.0   	999999.0   	NaN       	-86.5
5142      	18:26:09  	139.8 	-62.1 	2     	NaN      	NaN   	999999.0   	999999.0   	NaN       	-86.5
5144      	18:26:11  	139.7 	-62.2 	2     	NaN      	NaN   	999999.0   	999999.0   	NaN       	-86.6
5146      	18:26:13  	139.6 	-62.2 	2     	NaN      	NaN   	999999.0   	999999.0   	NaN       	-86.6
5148      	18:26:15  	139.4 	-62.2 	2     	NaN      	NaN   	999999.0   	999999.0   	NaN       	-86.6
5150      	18:26:17  	139.3 	-62.2 	2     	NaN      	NaN   	999999.0   	999999.0   	NaN       	-86.6
5152      	18:26:19  	139.2 	-62.2 	2     	NaN      	NaN   	999999.0   	999999.0   	NaN       	-86.7
5154      	18:26:21  	139.1 	-62.2 	2     	NaN      	NaN   	999999.0   	999999.0   	NaN       	-86.7
5156      	18:26:23  	139.0 	-62.2 	2     	NaN      	NaN   	999999.0   	999999.0   	NaN       	-86.7
5158      	18:26:25  	138.9 	-62.2 	2     	NaN      	NaN   	999999.0   	999999.0   	NaN       	-86.7
5160      	18:26:27  	138.8 	-62.2 	2     	NaN      	NaN   	999999.0   	999999.0   	NaN       	-86.7
5162      	18:26:29  	138.6 	-62.2 	2     	NaN      	NaN   	999999.0   	999999.0   	NaN       	-86.7
5164      	18:26:31  	138.5 	-62.2 	2     	NaN      	NaN   	999999.0   	999999.0   	NaN       	-86.7
5166      	18:26:33  	138.4 	-62.2 	2     	NaN      	NaN   	999999.0   	999999.0   	NaN       	-86.8
5168      	18:26:35  	138.3 	-62.2 	2     	NaN      	NaN   	999999.0   	999999.0   	NaN       	-86.8
5170      	18:26:37  	138.2 	-62.3 	2     	NaN      	NaN   	999999.0   	999999.0   	NaN       	-86.8
5172      	18:26:39  	138.1 	-62.3 	2     	NaN      	NaN   	999999.0   	999999.0   	NaN       	-86.8
5174      	18:26:41  	138.0 	-62.3 	2     	NaN      	NaN   	999999.0   	999999.0   	NaN       	-86.8
5176      	18:26:43  	137.8 	-62.3 	2     	NaN      	NaN   	999999.0   	999999.0   	NaN       	-86.9
5178      	18:26:45  	137.7 	-62.3 	2     	NaN      	NaN   	999999.0   	999999.0   	NaN       	-86.9
5180      	18:26:47  	137.6 	-62.3 	2     	NaN      	NaN   	999999.0   	999999.0   	NaN       	-86.9
5182      	18:26:49  	137.5 	-62.4 	2     	NaN      	NaN   	999999.0   	999999.0   	NaN       	-86.9
5184      	18:26:51  	137.4 	-62.4 	2     	NaN      	NaN   	999999.0   	999999.0   	NaN       	-87.0
5186      	18:26:53  	137.3 	-62.4 	2     	NaN      	NaN   	999999.0   	999999.0   	NaN       	-87.0
5188      	18:26:55  	137.2 	-62.4 	2     	NaN      	NaN   	999999.0   	999999.0   	NaN       	-87.0
5190      	18:26:57  	137.1 	-62.4 	2     	NaN      	NaN   	999999.0   	999999.0   	NaN       	-87.0
5192      	18:26:59  	136.9 	-62.4 	2     	NaN      	NaN   	999999.0   	999999.0   	NaN       	-87.0
5194      	18:27:01  	136.8 	-62.4 	2     	NaN      	NaN   	999999.0   	999999.0   	NaN       	-87.0
5196      	18:27:03  	136.7 	-62.4 	2     	NaN      	NaN   	999999.0   	999999.0   	NaN       	-87.0
5198      	18:27:05  	136.6 	-62.4 	2     	NaN      	NaN   	999999.0   	999999.0   	NaN       	-87.0
5200      	18:27:07  	136.5 	-62.4 	2     	NaN      	NaN   	999999.0   	999999.0   	NaN       	-87.0
5202      	18:27:09  	136.4 	-62.4 	2     	NaN      	NaN   	999999.0   	999999.0   	NaN       	-87.1
5204      	18:27:11  	136.3 	-62.4 	2     	NaN      	NaN   	999999.0   	999999.0   	NaN       	-87.1
5206      	18:27:13  	136.1 	-62.4 	2     	NaN      	NaN   	999999.0   	999999.0   	NaN       	-87.1
5208      	18:27:15  	136.0 	-62.4 	2     	NaN      	NaN   	999999.0   	999999.0   	NaN       	-87.1
5210      	18:27:17  	135.9 	-62.4 	2     	NaN      	NaN   	999999.0   	999999.0   	NaN       	-87.1
5212      	18:27:19  	135.8 	-62.4 	2     	NaN      	NaN   	999999.0   	999999.0   	NaN       	-87.1
5214      	18:27:21  	135.7 	-62.4 	2     	NaN      	NaN   	999999.0   	999999.0   	NaN       	-87.1
5216      	18:27:23  	135.6 	-62.4 	2     	NaN      	NaN   	999999.0   	999999.0   	NaN       	-87.1
5218      	18:27:25  	135.5 	-62.4 	2     	NaN      	NaN   	999999.0   	999999.0   	NaN       	-87.2
5220      	18:27:27  	135.3 	-62.4 	2     	NaN      	NaN   	999999.0   	999999.0   	NaN       	-87.2
5222      	18:27:29  	135.2 	-62.4 	2     	NaN      	NaN   	999999.0   	999999.0   	NaN       	-87.2
5224      	18:27:31  	135.1 	-62.4 	2     	NaN      	NaN   	999999.0   	999999.0   	NaN       	-87.2
5226      	18:27:33  	135.0 	-62.4 	2     	NaN      	NaN   	999999.0   	999999.0   	NaN       	-87.2
5228      	18:27:35  	134.9 	-62.4 	2     	NaN      	NaN   	999999.0   	999999.0   	NaN       	-87.2
5230      	18:27:37  	134.8 	-62.4 	2     	NaN      	NaN   	999999.0   	999999.0   	NaN       	-87.2
5232      	18:27:39  	134.7 	-62.4 	2     	NaN      	NaN   	999999.0   	999999.0   	NaN       	-87.2
5234      	18:27:41  	134.5 	-62.4 	2     	NaN      	NaN   	999999.0   	999999.0   	NaN       	-87.2
5236      	18:27:43  	134.4 	-62.4 	2     	NaN      	NaN   	999999.0   	999999.0   	NaN       	-87.3
5238      	18:27:45  	134.3 	-62.4 	2     	NaN      	NaN   	999999.0   	999999.0   	NaN       	-87.3
5240      	18:27:47  	134.2 	-62.4 	2     	NaN      	NaN   	999999.0   	999999.0   	NaN       	-87.3
5242      	18:27:49  	134.1 	-62.4 	2     	NaN      	NaN   	999999.0   	999999.0   	NaN       	-87.3
5244      	18:27:51  	134.0 	-62.4 	2     	NaN      	NaN   	999999.0   	999999.0   	NaN       	-87.3
5246      	18:27:53  	133.9 	-62.4 	2     	NaN      	NaN   	999999.0   	999999.0   	NaN       	-87.3
5248      	18:27:55  	133.8 	-62.4 	2     	NaN      	NaN   	999999.0   	999999.0   	NaN       	-87.3
5250      	18:27:57  	133.6 	-62.4 	2     	NaN      	NaN   	999999.0   	999999.0   	NaN       	-87.3
5252      	18:27:59  	133.5 	-62.4 	2     	NaN      	NaN   	999999.0   	999999.0   	NaN       	-87.4
5254      	18:28:01  	133.4 	-62.4 	2     	NaN      	NaN   	999999.0   	999999.0   	NaN       	-87.4
5256      	18:28:03  	133.3 	-62.4 	2     	NaN      	NaN   	999999.0   	999999.0   	NaN       	-87.4
5258      	18:28:05  	133.2 	-62.4 	2     	NaN      	NaN   	999999.0   	999999.0   	NaN       	-87.4
5260      	18:28:07  	133.1 	-62.4 	2     	NaN      	NaN   	999999.0   	999999.0   	NaN       	-87.4
5262      	18:28:09  	133.0 	-62.4 	2     	NaN      	NaN   	999999.0   	999999.0   	NaN       	-87.4
5264      	18:28:11  	132.8 	-62.4 	2     	NaN      	NaN   	999999.0   	999999.0   	NaN       	-87.4
5266      	18:28:13  	132.7 	-62.4 	2     	NaN      	NaN   	999999.0   	999999.0   	NaN       	-87.4
5268      	18:28:15  	132.6 	-62.4 	2     	NaN      	NaN   	999999.0   	999999.0   	NaN       	-87.5
5270      	18:28:17  	132.5 	-62.4 	2     	NaN      	NaN   	999999.0   	999999.0   	NaN       	-87.5
5272      	18:28:19  	132.4 	-62.5 	2     	NaN      	NaN   	999999.0   	999999.0   	NaN       	-87.5
5274      	18:28:21  	132.3 	-62.5 	2     	NaN      	NaN   	999999.0   	999999.0   	NaN       	-87.5
5276      	18:28:23  	132.2 	-62.5 	2     	NaN      	NaN   	999999.0   	999999.0   	NaN       	-87.5
5278      	18:28:25  	132.0 	-62.5 	2     	NaN      	NaN   	999999.0   	999999.0   	NaN       	-87.5
5280      	18:28:27  	131.9 	-62.5 	2     	NaN      	NaN   	999999.0   	999999.0   	NaN       	-87.5
5282      	18:28:29  	131.8 	-62.5 	2     	NaN      	NaN   	999999.0   	999999.0   	NaN       	-87.5
5284      	18:28:31  	131.7 	-62.6 	2     	NaN      	NaN   	999999.0   	999999.0   	NaN       	-87.5
5286      	18:28:33  	131.6 	-62.6 	2     	NaN      	NaN   	999999.0   	999999.0   	NaN       	-87.5
5288      	18:28:35  	131.5 	-62.6 	2     	NaN      	NaN   	999999.0   	999999.0   	NaN       	-87.5
5290      	18:28:37  	131.4 	-62.6 	2     	NaN      	NaN   	999999.0   	999999.0   	NaN       	-87.5
5292      	18:28:39  	131.2 	-62.6 	2     	NaN      	NaN   	999999.0   	999999.0   	NaN       	-87.5
5294      	18:28:41  	131.1 	-62.6 	2     	NaN      	NaN   	999999.0   	999999.0   	NaN       	-87.5
5296      	18:28:43  	131.0 	-62.6 	2     	NaN      	NaN   	999999.0   	999999.0   	NaN       	-87.5
5298      	18:28:45  	130.9 	-62.6 	2     	NaN      	NaN   	999999.0   	999999.0   	NaN       	-87.5
5300      	18:28:47  	130.8 	-62.7 	2     	NaN      	NaN   	999999.0   	999999.0   	NaN       	-87.5
5302      	18:28:49  	130.7 	-62.7 	2     	NaN      	NaN   	999999.0   	999999.0   	NaN       	-87.5
5304      	18:28:51  	130.6 	-62.7 	2     	NaN      	NaN   	999999.0   	999999.0   	NaN       	-87.5
5306      	18:28:53  	130.5 	-62.7 	2     	NaN      	NaN   	999999.0   	999999.0   	NaN       	-87.5
5308      	18:28:55  	130.3 	-62.7 	2     	NaN      	NaN   	999999.0   	999999.0   	NaN       	-87.5
5310      	18:28:57  	130.2 	-62.7 	2     	NaN      	NaN   	999999.0   	999999.0   	NaN       	-87.5
5312      	18:28:59  	130.1 	-62.7 	3     	NaN      	NaN   	999999.0   	999999.0   	NaN       	-86.2
5314      	18:29:01  	130.0 	-62.7 	3     	NaN      	NaN   	999999.0   	999999.0   	NaN       	-85.3
5316      	18:29:03  	129.9 	-62.7 	3     	NaN      	NaN   	999999.0   	999999.0   	NaN       	-86.2
5318      	18:29:05  	129.8 	-62.7 	2     	NaN      	NaN   	999999.0   	999999.0   	NaN       	-86.3
5320      	18:29:07  	129.7 	-62.7 	2     	NaN      	NaN   	999999.0   	999999.0   	NaN       	-87.5
5322      	18:29:09  	129.5 	-62.7 	2     	NaN      	NaN   	999999.0   	999999.0   	NaN       	-87.7
5324      	18:29:11  	129.4 	-62.8 	2     	NaN      	NaN   	999999.0   	999999.0   	NaN       	-87.7
5326      	18:29:13  	129.3 	-62.8 	2     	NaN      	NaN   	999999.0   	999999.0   	NaN       	-87.8
5328      	18:29:15  	129.2 	-62.8 	2     	NaN      	NaN   	999999.0   	999999.0   	NaN       	-87.8
5330      	18:29:17  	129.1 	-62.8 	2     	NaN      	NaN   	999999.0   	999999.0   	NaN       	-87.3
5332      	18:29:19  	129.0 	-62.8 	3     	NaN      	NaN   	999999.0   	999999.0   	NaN       	-85.3
5334      	18:29:21  	128.9 	-62.9 	3     	10.8     	311   	8.1        	-7.1       	NaN       	-84.8
5336      	18:29:23  	128.7 	-62.9 	4     	10.8     	311   	8.1        	-7.1       	NaN       	-84.4
5338      	18:29:25  	128.6 	-62.9 	4     	10.8     	311   	8.1        	-7.1       	NaN       	-83.0
5340      	18:29:27  	128.5 	-62.9 	5     	10.8     	311   	8.1        	-7.1       	NaN       	-82.0
5342      	18:29:29  	128.4 	-62.9 	5     	10.8     	311   	8.1        	-7.1       	NaN       	-82.0
5344      	18:29:31  	128.3 	-63.0 	6     	10.8     	311   	8.1        	-7.1       	NaN       	-81.8
5346      	18:29:33  	128.2 	-63.0 	3     	10.8     	311   	8.1        	-7.1       	NaN       	-85.2
5348      	18:29:35  	128.1 	-63.0 	6     	10.8     	311   	8.1        	-7.1       	NaN       	-81.6
5350      	18:29:37  	127.9 	-63.0 	14    	10.8     	311   	8.1        	-7.1       	NaN       	-76.1
5352      	18:29:39  	127.8 	-63.0 	23    	10.8     	311   	8.1        	-7.1       	NaN       	-73.1
5354      	18:29:41  	127.7 	-63.0 	31    	10.8     	311   	8.1        	-7.1       	NaN       	-71.0
5356      	18:29:43  	127.6 	-63.0 	40    	10.8     	311   	8.1        	-7.1       	NaN       	-69.4
5358      	18:29:45  	127.5 	-63.0 	48    	10.8     	311   	8.1        	-7.1       	NaN       	-68.1
5360      	18:29:47  	127.4 	-63.0 	52    	10.8     	311   	8.1        	-7.1       	NaN       	-67.6
5362      	18:29:49  	127.3 	-63.0 	42    	10.8     	311   	8.1        	-7.1       	NaN       	-69.0
5364      	18:29:51  	127.2 	-63.1 	33    	10.8     	311   	8.1        	-7.1       	NaN       	-70.8
5366      	18:29:53  	127.0 	-63.1 	23    	10.8     	311   	8.1        	-7.1       	NaN       	-73.2
5368      	18:29:55  	126.9 	-63.1 	13    	10.8     	311   	8.1        	-7.1       	NaN       	-76.8
5370      	18:29:57  	126.8 	-63.1 	3     	10.8     	311   	8.1        	-7.1       	NaN       	-85.3
5372      	18:29:59  	126.7 	-63.1 	2     	10.8     	311   	8.1        	-7.1       	NaN       	-88.6
5374      	18:30:01  	126.6 	-63.1 	2     	10.8     	311   	8.1        	-7.1       	NaN       	-88.6
5376      	18:30:03  	126.5 	-63.2 	2     	10.8     	311   	8.1        	-7.1       	NaN       	-88.6
5378      	18:30:05  	126.4 	-63.2 	2     	10.8     	311   	8.1        	-7.1       	NaN       	-88.6
5380      	18:30:07  	126.2 	-63.2 	2     	10.8     	311   	8.1        	-7.1       	NaN       	-88.7
5382      	18:30:09  	126.1 	-63.2 	2     	10.8     	311   	8.1        	-7.1       	NaN       	-88.7
5384      	18:30:11  	126.0 	-63.2 	2     	10.8     	311   	8.1        	-7.1       	NaN       	-88.7
5386      	18:30:13  	125.9 	-63.2 	2     	10.8     	311   	8.1        	-7.1       	NaN       	-88.7
5388      	18:30:15  	125.8 	-63.2 	2     	10.8     	311   	8.1        	-7.1       	NaN       	-88.7
5390      	18:30:17  	125.7 	-63.2 	2     	10.8     	311   	8.1        	-7.1       	NaN       	-88.7
5392      	18:30:19  	125.6 	-63.2 	2     	10.8     	311   	8.1        	-7.1       	NaN       	-88.7
5394      	18:30:21  	125.4 	-63.2 	2     	10.8     	311   	8.1        	-7.1       	NaN       	-88.7
5396      	18:30:23  	125.3 	-63.2 	2     	10.8     	311   	8.1        	-7.1       	NaN       	-88.8
5398      	18:30:25  	125.2 	-63.2 	2     	10.8     	311   	8.1        	-7.1       	NaN       	-88.8
5400      	18:30:27  	125.1 	-63.2 	2     	10.8     	311   	8.1        	-7.1       	NaN       	-88.8
5402      	18:30:29  	125.0 	-63.3 	2     	10.8     	311   	8.1        	-7.1       	NaN       	-88.8
5404      	18:30:31  	124.9 	-63.3 	2     	10.8     	311   	8.1        	-7.1       	NaN       	-88.8
5406      	18:30:33  	124.8 	-63.3 	2     	10.8     	311   	8.1        	-7.1       	NaN       	-88.8
5408      	18:30:35  	124.6 	-63.3 	2     	10.8     	311   	8.1        	-7.1       	NaN       	-88.8
5410      	18:30:37  	124.5 	-63.3 	2     	10.8     	311   	8.1        	-7.1       	NaN       	-88.9
5412      	18:30:39  	124.4 	-63.3 	2     	10.8     	311   	8.1        	-7.1       	NaN       	-88.9
5414      	18:30:41  	124.3 	-63.3 	2     	10.8     	311   	8.1        	-7.1       	NaN       	-88.9
5416      	18:30:43  	124.2 	-63.3 	2     	10.8     	311   	8.1        	-7.1       	NaN       	-88.9
5418      	18:30:45  	124.1 	-63.4 	2     	10.8     	311   	8.1        	-7.1       	NaN       	-88.9
5420      	18:30:47  	124.0 	-63.4 	2     	10.8     	311   	8.1        	-7.1       	NaN       	-88.9
5422      	18:30:49  	123.9 	-63.4 	2     	10.8     	311   	8.1        	-7.1       	NaN       	-88.9
5424      	18:30:51  	123.7 	-63.4 	2     	10.8     	311   	8.1        	-7.1       	NaN       	-88.9
5426      	18:30:53  	123.6 	-63.4 	2     	10.8     	311   	8.1        	-7.1       	NaN       	-88.9
5428      	18:30:55  	123.5 	-63.4 	2     	10.8     	311   	8.1        	-7.1       	NaN       	-88.9
5430      	18:30:57  	123.4 	-63.4 	2     	10.8     	311   	8.1        	-7.1       	NaN       	-88.9
5432      	18:30:59  	123.3 	-63.4 	2     	10.8     	311   	8.1        	-7.1       	NaN       	-88.9
5434      	18:31:01  	123.2 	-63.5 	2     	10.8     	311   	8.1        	-7.1       	NaN       	-88.9
5436      	18:31:03  	123.1 	-63.5 	2     	10.8     	311   	8.1        	-7.1       	NaN       	-88.9
5438      	18:31:05  	122.9 	-63.5 	2     	10.8     	311   	8.1        	-7.1       	NaN       	-88.9
5440      	18:31:07  	122.8 	-63.5 	2     	10.8     	311   	8.1        	-7.1       	NaN       	-88.9
5442      	18:31:09  	122.7 	-63.5 	2     	10.8     	311   	8.1        	-7.1       	NaN       	-88.9
5444      	18:31:11  	122.6 	-63.5 	2     	10.8     	311   	8.1        	-7.1       	NaN       	-88.9
5446      	18:31:13  	122.5 	-63.5 	2     	10.8     	311   	8.1        	-7.1       	NaN       	-88.9
5448      	18:31:15  	122.4 	-63.6 	2     	10.8     	311   	8.1        	-7.1       	NaN       	-88.9
5450      	18:31:17  	122.3 	-63.6 	2     	10.8     	311   	8.1        	-7.1       	NaN       	-89.0
5452      	18:31:19  	122.1 	-63.6 	2     	10.8     	311   	8.1        	-7.1       	NaN       	-89.0
5454      	18:31:21  	122.0 	-63.6 	2     	10.8     	311   	8.1        	-7.1       	NaN       	-89.1
5456      	18:31:23  	121.9 	-63.6 	2     	10.8     	311   	8.1        	-7.1       	NaN       	-89.2
5458      	18:31:25  	121.8 	-63.6 	2     	10.8     	311   	8.1        	-7.1       	NaN       	-89.3
5460      	18:31:27  	121.7 	-63.6 	2     	10.8     	311   	8.1        	-7.1       	NaN       	-89.3
5462      	18:31:29  	121.6 	-63.7 	2     	10.8     	311   	8.1        	-7.1       	NaN       	-89.1
5464      	18:31:31  	121.5 	-63.7 	2     	10.8     	311   	8.1        	-7.1       	NaN       	-88.9
5466      	18:31:33  	121.3 	-63.7 	2     	10.8     	311   	8.1        	-7.1       	NaN       	-88.6
5468      	18:31:35  	121.2 	-63.7 	2     	10.8     	311   	8.1        	-7.1       	NaN       	-87.3
5470      	18:31:37  	121.1 	-63.7 	3     	10.8     	311   	8.1        	-7.1       	NaN       	-86.0
5472      	18:31:39  	121.0 	-63.7 	3     	10.8     	311   	8.1        	-7.1       	NaN       	-86.5
5474      	18:31:41  	120.9 	-63.7 	2     	10.8     	311   	8.1        	-7.1       	NaN       	-87.1
5476      	18:31:43  	120.8 	-63.7 	2     	10.8     	311   	8.1        	-7.1       	NaN       	-87.8
5478      	18:31:45  	120.7 	-63.7 	2     	10.8     	311   	8.1        	-7.1       	NaN       	-88.6
5480      	18:31:47  	120.6 	-63.7 	2     	10.8     	311   	8.1        	-7.1       	NaN       	-89.4
5482      	18:31:49  	120.4 	-63.7 	2     	10.8     	311   	8.1        	-7.1       	NaN       	-89.4
5484      	18:31:51  	120.3 	-63.7 	2     	10.8     	311   	8.1        	-7.1       	NaN       	-89.3
5486      	18:31:53  	120.2 	-63.8 	2     	10.8     	311   	8.1        	-7.1       	NaN       	-89.3
5488      	18:31:55  	120.1 	-63.8 	2     	10.8     	311   	8.1        	-7.1       	NaN       	-89.2
5490      	18:31:57  	120.0 	-63.8 	2     	10.8     	311   	8.1        	-7.1       	NaN       	-89.2
5492      	18:31:59  	119.9 	-63.8 	2     	10.8     	311   	8.1        	-7.1       	NaN       	-89.1
5494      	18:32:01  	119.8 	-63.8 	2     	10.8     	311   	8.1        	-7.1       	NaN       	-89.1
5496      	18:32:03  	119.6 	-63.8 	2     	10.8     	311   	8.1        	-7.1       	NaN       	-89.2
5498      	18:32:05  	119.5 	-63.9 	2     	10.8     	311   	8.1        	-7.1       	NaN       	-89.2
5500      	18:32:07  	119.4 	-63.9 	2     	10.8     	311   	8.1        	-7.1       	NaN       	-89.2
5502      	18:32:09  	119.3 	-63.9 	2     	10.8     	311   	8.1        	-7.1       	NaN       	-89.2
5504      	18:32:11  	119.2 	-63.9 	2     	10.8     	311   	8.1        	-7.1       	NaN       	-89.3
5506      	18:32:13  	119.1 	-63.9 	2     	10.8     	311   	8.1        	-7.1       	NaN       	-89.3
5508      	18:32:15  	119.0 	-63.9 	2     	10.8     	311   	8.1        	-7.1       	NaN       	-89.3
5510      	18:32:17  	118.8 	-64.0 	2     	10.8     	311   	8.1        	-7.1       	NaN       	-89.3
5512      	18:32:19  	118.7 	-64.0 	2     	10.8     	311   	8.1        	-7.1       	NaN       	-89.3
5514      	18:32:21  	118.6 	-64.0 	2     	10.8     	311   	8.1        	-7.1       	NaN       	-89.3
5516      	18:32:23  	118.5 	-64.0 	2     	10.8     	311   	8.1        	-7.1       	NaN       	-89.3
5518      	18:32:25  	118.4 	-64.0 	2     	10.8     	311   	8.1        	-7.1       	NaN       	-89.4
5520      	18:32:27  	118.3 	-64.1 	2     	10.8     	311   	8.1        	-7.1       	NaN       	-89.4
5522      	18:32:29  	118.2 	-64.1 	2     	10.8     	311   	8.1        	-7.1       	NaN       	-89.4
5524      	18:32:31  	118.0 	-64.1 	2     	10.8     	311   	8.1        	-7.1       	NaN       	-89.4
5526      	18:32:33  	117.9 	-64.1 	2     	10.8     	311   	8.1        	-7.1       	NaN       	-89.4
5528      	18:32:35  	117.8 	-64.1 	2     	10.8     	311   	8.1        	-7.1       	NaN       	-89.4
5530      	18:32:37  	117.7 	-64.2 	2     	10.8     	311   	8.1        	-7.1       	NaN       	-89.3
5532      	18:32:39  	117.6 	-64.2 	2     	10.8     	311   	8.1        	-7.1       	NaN       	-89.3
5534      	18:32:41  	117.5 	-64.2 	2     	10.8     	311   	8.1        	-7.1       	NaN       	-89.3
5536      	18:32:43  	117.4 	-64.2 	2     	10.8     	311   	8.1        	-7.1       	NaN       	-89.2
5538      	18:32:45  	117.2 	-64.2 	2     	10.8     	311   	8.1        	-7.1       	NaN       	-89.2
5540      	18:32:47  	117.1 	-64.3 	2     	10.8     	311   	8.1        	-7.1       	NaN       	-89.1
5542      	18:32:49  	117.0 	-64.3 	2     	10.8     	311   	8.1        	-7.1       	NaN       	-89.1
5544      	18:32:51  	116.9 	-64.3 	2     	10.8     	311   	8.1        	-7.1       	NaN       	-89.1
5546      	18:32:53  	116.8 	-64.3 	2     	10.8     	311   	8.1        	-7.1       	NaN       	-89.1
5548      	18:32:55  	116.7 	-64.3 	2     	10.8     	311   	8.1        	-7.1       	NaN       	-88.3
5550      	18:32:57  	116.6 	-64.4 	2     	10.8     	311   	8.1        	-7.1       	NaN       	-87.7
5552      	18:32:59  	116.5 	-64.4 	3     	10.8     	311   	8.1        	-7.1       	NaN       	-87.2
5554      	18:33:01  	116.3 	-64.4 	3     	10.8     	311   	8.1        	-7.1       	NaN       	-87.0
5556      	18:33:03  	116.2 	-64.4 	3     	10.8     	311   	8.1        	-7.1       	NaN       	-86.5
5558      	18:33:05  	116.1 	-64.4 	3     	10.8     	311   	8.1        	-7.1       	NaN       	-86.2
5560      	18:33:07  	116.0 	-64.5 	3     	10.8     	311   	8.1        	-7.1       	NaN       	-86.2
5562      	18:33:09  	115.9 	-64.5 	3     	10.8     	311   	8.1        	-7.1       	NaN       	-86.8
5564      	18:33:11  	115.8 	-64.5 	3     	10.8     	311   	8.1        	-7.1       	NaN       	-87.3
5566      	18:33:13  	115.7 	-64.5 	3     	10.8     	311   	8.1        	-7.1       	NaN       	-87.6
5568      	18:33:15  	115.5 	-64.6 	2     	10.8     	311   	8.1        	-7.1       	NaN       	-88.1
5570      	18:33:17  	115.4 	-64.6 	2     	10.8     	311   	8.1        	-7.1       	NaN       	-88.6
5572      	18:33:19  	115.3 	-64.6 	2     	10.8     	311   	8.1        	-7.1       	NaN       	-89.3
5574      	18:33:21  	115.2 	-64.6 	2     	10.8     	311   	8.1        	-7.1       	NaN       	-89.3
5576      	18:33:23  	115.1 	-64.6 	2     	10.8     	311   	8.1        	-7.1       	NaN       	-89.2
5578      	18:33:25  	115.0 	-64.7 	2     	10.8     	311   	8.1        	-7.1       	NaN       	-89.2
5580      	18:33:27  	114.9 	-64.7 	2     	10.8     	311   	8.1        	-7.1       	NaN       	-89.2
5582      	18:33:29  	114.7 	-64.7 	2     	10.8     	311   	8.1        	-7.1       	NaN       	-89.2
5584      	18:33:31  	114.6 	-64.7 	2     	10.8     	311   	8.1        	-7.1       	NaN       	-89.2
5586      	18:33:33  	114.5 	-64.7 	2     	10.8     	311   	8.1        	-7.1       	NaN       	-89.1
5588      	18:33:35  	114.4 	-64.8 	2     	10.8     	311   	8.1        	-7.1       	NaN       	-89.1
5590      	18:33:37  	114.3 	-64.8 	2     	10.8     	311   	8.1        	-7.1       	NaN       	-89.1
5592      	18:33:39  	114.2 	-64.8 	2     	10.8     	311   	8.1        	-7.1       	NaN       	-89.1
5594      	18:33:41  	114.1 	-64.8 	2     	10.8     	311   	8.1        	-7.1       	NaN       	-89.1
5596      	18:33:43  	113.9 	-64.9 	2     	10.8     	311   	8.1        	-7.1       	NaN       	-89.1
5598      	18:33:45  	113.8 	-64.9 	2     	10.8     	311   	8.1        	-7.1       	NaN       	-89.1
5600      	18:33:47  	113.7 	-64.9 	2     	10.8     	311   	8.1        	-7.1       	NaN       	-89.1
5602      	18:33:49  	113.6 	-64.9 	2     	10.8     	311   	8.1        	-7.1       	NaN       	-89.1
5604      	18:33:51  	113.5 	-65.0 	2     	10.8     	311   	8.1        	-7.1       	NaN       	-89.1
5606      	18:33:53  	113.4 	-65.0 	2     	10.8     	311   	8.1        	-7.1       	NaN       	-89.1
5608      	18:33:55  	113.3 	-65.0 	2     	10.8     	311   	8.1        	-7.1       	NaN       	-89.1
5610      	18:33:57  	113.2 	-65.0 	2     	10.8     	311   	8.1        	-7.1       	NaN       	-89.0
5612      	18:33:59  	113.0 	-65.0 	2     	10.8     	311   	8.1        	-7.1       	NaN       	-89.0
5614      	18:34:01  	112.9 	-65.0 	2     	10.8     	311   	8.1        	-7.1       	NaN       	-89.0
5616      	18:34:03  	112.8 	-65.0 	2     	10.8     	311   	8.1        	-7.1       	NaN       	-89.0
5618      	18:34:05  	112.7 	-65.0 	2     	10.8     	311   	8.1        	-7.1       	NaN       	-89.1
5620      	18:34:07  	112.6 	-65.1 	2     	10.8     	311   	8.1        	-7.1       	NaN       	-89.1
5622      	18:34:09  	112.5 	-65.1 	2     	10.8     	311   	8.1        	-7.1       	NaN       	-89.1
5624      	18:34:11  	112.4 	-65.1 	2     	10.8     	311   	8.1        	-7.1       	NaN       	-89.1
5626      	18:34:13  	112.2 	-65.1 	2     	10.8     	311   	8.1        	-7.1       	NaN       	-89.1
5628      	18:34:15  	112.1 	-65.2 	2     	10.8     	311   	8.1        	-7.1       	NaN       	-89.2
5630      	18:34:17  	112.0 	-65.2 	2     	10.8     	311   	8.1        	-7.1       	NaN       	-89.2
5632      	18:34:19  	111.9 	-65.2 	2     	10.8     	311   	8.1        	-7.1       	NaN       	-89.1
5634      	18:34:21  	111.8 	-65.2 	2     	10.8     	311   	8.1        	-7.1       	NaN       	-89.1
5636      	18:34:23  	111.7 	-65.2 	2     	10.8     	311   	8.1        	-7.1       	NaN       	-89.1
5638      	18:34:25  	111.6 	-65.2 	2     	10.8     	311   	8.1        	-7.1       	NaN       	-89.1
5640      	18:34:27  	111.4 	-65.2 	2     	10.8     	311   	8.1        	-7.1       	NaN       	-89.0
5642      	18:34:29  	111.3 	-65.2 	2     	10.8     	311   	8.1        	-7.1       	NaN       	-89.0
5644      	18:34:31  	111.2 	-65.2 	2     	10.8     	311   	8.1        	-7.1       	NaN       	-89.0
5646      	18:34:33  	111.1 	-65.2 	2     	10.8     	311   	8.1        	-7.1       	NaN       	-88.9
5648      	18:34:35  	111.0 	-65.2 	2     	10.8     	311   	8.1        	-7.1       	NaN       	-88.9
5650      	18:34:37  	110.9 	-65.2 	2     	10.8     	311   	8.1        	-7.1       	NaN       	-88.9
5652      	18:34:39  	110.8 	-65.2 	3     	10.8     	311   	8.1        	-7.1       	NaN       	-87.2
5654      	18:34:41  	110.6 	-65.2 	5     	10.8     	311   	8.1        	-7.1       	NaN       	-84.6
5656      	18:34:43  	110.5 	-65.2 	6     	10.8     	311   	8.1        	-7.1       	NaN       	-83.2
5658      	18:34:45  	110.4 	-65.2 	7     	10.8     	311   	8.1        	-7.1       	NaN       	-82.7
5660      	18:34:47  	110.3 	-65.2 	7     	10.8     	311   	8.1        	-7.1       	NaN       	-82.1
5662      	18:34:49  	110.2 	-65.2 	9     	10.8     	311   	8.1        	-7.1       	NaN       	-80.7
5664      	18:34:51  	110.1 	-65.2 	12    	10.8     	311   	8.1        	-7.1       	NaN       	-79.4
5666      	18:34:53  	110.0 	-65.2 	15    	10.8     	311   	8.1        	-7.1       	NaN       	-77.5
5668      	18:34:55  	109.9 	-65.2 	18    	10.8     	311   	8.1        	-7.1       	NaN       	-76.7
5670      	18:34:57  	109.7 	-65.2 	19    	10.8     	311   	8.1        	-7.1       	NaN       	-76.3
5672      	18:34:59  	109.6 	-65.2 	22    	10.8     	311   	8.1        	-7.1       	NaN       	-75.4
5674      	18:35:01  	109.5 	-65.2 	26    	10.8     	311   	8.1        	-7.1       	NaN       	-74.4
5676      	18:35:03  	109.4 	-65.2 	26    	10.8     	311   	8.1        	-7.1       	NaN       	-74.3
5678      	18:35:05  	109.3 	-65.2 	19    	10.8     	311   	8.1        	-7.1       	NaN       	-76.1
5680      	18:35:07  	109.2 	-65.2 	15    	10.8     	311   	8.1        	-7.1       	NaN       	-77.7
5682      	18:35:09  	109.1 	-65.2 	13    	10.8     	311   	8.1        	-7.1       	NaN       	-78.5
5684      	18:35:11  	108.9 	-65.2 	12    	10.8     	311   	8.1        	-7.1       	NaN       	-79.3
5686      	18:35:13  	108.8 	-65.2 	5     	10.8     	311   	8.1        	-7.1       	NaN       	-84.8
5688      	18:35:15  	108.7 	-65.2 	2     	10.8     	311   	8.1        	-7.1       	NaN       	-89.5
5690      	18:35:17  	108.6 	-65.2 	2     	10.8     	311   	8.1        	-7.1       	NaN       	-89.5
5692      	18:35:19  	108.5 	-65.2 	2     	10.8     	311   	8.1        	-7.1       	NaN       	-89.4
5694      	18:35:21  	108.4 	-65.2 	2     	10.8     	311   	8.1        	-7.1       	NaN       	-89.4
5696      	18:35:23  	108.3 	-65.2 	2     	10.8     	311   	8.1        	-7.1       	NaN       	-89.4
5698      	18:35:25  	108.1 	-65.2 	2     	10.8     	311   	8.1        	-7.1       	NaN       	-89.4
5700      	18:35:27  	108.0 	-65.2 	2     	10.8     	311   	8.1        	-7.1       	NaN       	-89.4
5702      	18:35:29  	107.9 	-65.1 	2     	10.8     	311   	8.1        	-7.1       	NaN       	-89.5
5704      	18:35:31  	107.8 	-65.1 	2     	10.8     	311   	8.1        	-7.1       	NaN       	-89.5
5706      	18:35:33  	107.7 	-65.1 	2     	10.8     	311   	8.1        	-7.1       	NaN       	-89.6
5708      	18:35:35  	107.6 	-65.1 	2     	10.8     	311   	8.1        	-7.1       	NaN       	-89.6
5710      	18:35:37  	107.5 	-65.1 	2     	10.8     	311   	8.1        	-7.1       	NaN       	-89.6
5712      	18:35:39  	107.3 	-65.1 	2     	10.8     	311   	8.1        	-7.1       	NaN       	-89.6
5714      	18:35:41  	107.2 	-65.1 	2     	10.8     	311   	8.1        	-7.1       	NaN       	-89.7
5716      	18:35:43  	107.1 	-65.1 	2     	10.8     	311   	8.1        	-7.1       	NaN       	-89.7
5718      	18:35:45  	107.0 	-65.1 	2     	10.8     	311   	8.1        	-7.1       	NaN       	-89.7
5720      	18:35:47  	106.9 	-65.1 	2     	10.8     	311   	8.1        	-7.1       	NaN       	-89.7
5722      	18:35:49  	106.8 	-65.1 	2     	10.8     	311   	8.1        	-7.1       	NaN       	-89.7
5724      	18:35:51  	106.7 	-65.1 	2     	10.8     	311   	8.1        	-7.1       	NaN       	-89.7
5726      	18:35:53  	106.6 	-65.1 	2     	10.8     	311   	8.1        	-7.1       	NaN       	-89.7
5728      	18:35:55  	106.4 	-65.1 	2     	10.8     	311   	8.1        	-7.1       	NaN       	-89.7
5730      	18:35:57  	106.3 	-65.1 	2     	10.8     	311   	8.1        	-7.1       	NaN       	-89.6
5732      	18:35:59  	106.2 	-65.1 	2     	10.8     	311   	8.1        	-7.1       	NaN       	-89.6
5734      	18:36:01  	106.1 	-65.1 	2     	10.8     	311   	8.1        	-7.1       	NaN       	-89.6
5736      	18:36:03  	106.0 	-65.0 	2     	10.8     	311   	8.1        	-7.1       	NaN       	-89.6
5738      	18:36:05  	105.9 	-65.0 	2     	10.8     	311   	8.1        	-7.1       	NaN       	-89.6
5740      	18:36:07  	105.8 	-65.0 	2     	10.8     	311   	8.1        	-7.1       	NaN       	-89.6
5742      	18:36:09  	105.6 	-65.0 	2     	10.8     	311   	8.1        	-7.1       	NaN       	-89.6
5744      	18:36:11  	105.5 	-65.0 	2     	10.8     	311   	8.1        	-7.1       	NaN       	-89.7
5746      	18:36:13  	105.4 	-65.0 	2     	10.8     	311   	8.1        	-7.1       	NaN       	-89.7
5748      	18:36:15  	105.3 	-65.0 	2     	10.8     	311   	8.1        	-7.1       	NaN       	-89.7
5750      	18:36:17  	105.2 	-65.0 	2     	10.8     	311   	8.1        	-7.1       	NaN       	-89.7
5752      	18:36:19  	105.1 	-65.0 	2     	10.8     	311   	8.1        	-7.1       	NaN       	-89.8
5754      	18:36:21  	105.0 	-65.0 	2     	10.8     	311   	8.1        	-7.1       	NaN       	-89.8
5756      	18:36:23  	104.8 	-65.0 	2     	10.8     	311   	8.1        	-7.1       	NaN       	-89.8
5758      	18:36:25  	104.7 	-65.0 	2     	10.8     	311   	8.1        	-7.1       	NaN       	-89.8
5760      	18:36:27  	104.6 	-64.9 	2     	10.8     	311   	8.1        	-7.1       	NaN       	-89.8
5762      	18:36:29  	104.5 	-64.9 	2     	10.8     	311   	8.1        	-7.1       	NaN       	-89.8
5764      	18:36:31  	104.4 	-64.9 	2     	10.8     	311   	8.1        	-7.1       	NaN       	-89.8
5766      	18:36:33  	104.3 	-64.9 	2     	10.8     	311   	8.1        	-7.1       	NaN       	-89.7
5768      	18:36:35  	104.2 	-64.9 	2     	10.8     	311   	8.1        	-7.1       	NaN       	-89.7
5770      	18:36:37  	104.0 	-64.9 	2     	10.8     	311   	8.1        	-7.1       	NaN       	-89.7
5772      	18:36:39  	103.9 	-64.8 	2     	10.8     	311   	8.1        	-7.1       	NaN       	-89.7
5774      	18:36:41  	103.8 	-64.8 	2     	10.8     	311   	8.1        	-7.1       	NaN       	-89.7
5776      	18:36:43  	103.7 	-64.8 	2     	10.8     	311   	8.1        	-7.1       	NaN       	-89.7
5778      	18:36:45  	103.6 	-64.8 	2     	10.8     	311   	8.1        	-7.1       	NaN       	-89.7
5780      	18:36:47  	103.5 	-64.8 	2     	10.8     	311   	8.1        	-7.1       	NaN       	-89.7
5782      	18:36:49  	103.4 	-64.7 	2     	10.8     	311   	8.1        	-7.1       	NaN       	-89.7
5784      	18:36:51  	103.3 	-64.7 	2     	10.8     	311   	8.1        	-7.1       	NaN       	-89.6
5786      	18:36:53  	103.1 	-64.7 	2     	10.8     	311   	8.1        	-7.1       	NaN       	-89.6
5788      	18:36:55  	103.0 	-64.7 	2     	10.8     	311   	8.1        	-7.1       	NaN       	-89.5
5790      	18:36:57  	102.9 	-64.6 	2     	10.8     	311   	8.1        	-7.1       	NaN       	-89.5
5792      	18:36:59  	102.8 	-64.6 	2     	10.8     	311   	8.1        	-7.1       	NaN       	-89.4
5794      	18:37:01  	102.7 	-64.6 	2     	10.8     	311   	8.1        	-7.1       	NaN       	-89.3
5796      	18:37:03  	102.6 	-64.6 	2     	10.8     	311   	8.1        	-7.1       	NaN       	-89.3
5798      	18:37:05  	102.5 	-64.5 	2     	10.8     	311   	8.1        	-7.1       	NaN       	-89.2
5800      	18:37:07  	102.3 	-64.5 	2     	10.8     	311   	8.1        	-7.1       	NaN       	-89.2
5802      	18:37:09  	102.2 	-64.4 	2     	10.8     	311   	8.1        	-7.1       	NaN       	-89.1
5804      	18:37:11  	102.1 	-64.4 	2     	10.8     	311   	8.1        	-7.1       	NaN       	-89.1
5806      	18:37:13  	102.0 	-64.4 	2     	10.8     	311   	8.1        	-7.1       	NaN       	-89.1
5808      	18:37:15  	101.9 	-64.3 	2     	10.8     	311   	8.1        	-7.1       	NaN       	-89.1
5810      	18:37:17  	101.8 	-64.3 	2     	10.8     	311   	8.1        	-7.1       	NaN       	-89.0
5812      	18:37:19  	101.7 	-64.2 	2     	10.8     	311   	8.1        	-7.1       	NaN       	-89.0
5814      	18:37:21  	101.5 	-64.2 	2     	10.8     	311   	8.1        	-7.1       	NaN       	-88.9
5816      	18:37:23  	101.4 	-64.2 	2     	10.8     	311   	8.1        	-7.1       	NaN       	-88.9
5818      	18:37:25  	101.3 	-64.1 	2     	10.8     	311   	8.1        	-7.1       	NaN       	-88.8
5820      	18:37:27  	101.2 	-64.1 	2     	10.8     	311   	8.1        	-7.1       	NaN       	-88.7
5822      	18:37:29  	101.1 	-64.0 	2     	10.8     	311   	8.1        	-7.1       	NaN       	-88.6
5824      	18:37:31  	101.0 	-64.0 	2     	10.8     	311   	8.1        	-7.1       	NaN       	-88.6
5826      	18:37:33  	100.9 	-64.0 	2     	10.8     	311   	8.1        	-7.1       	NaN       	-88.5
5828      	18:37:35  	100.7 	-64.0 	2     	10.8     	311   	8.1        	-7.1       	NaN       	-88.4
5830      	18:37:37  	100.6 	-63.9 	2     	10.8     	311   	8.1        	-7.1       	NaN       	-88.4
5832      	18:37:39  	100.5 	-63.9 	2     	10.8     	311   	8.1        	-7.1       	NaN       	-88.5
5834      	18:37:41  	100.4 	-61.4 	2     	10.8     	311   	8.1        	-7.1       	17020     	-86.6
5836      	18:37:43  	100.3 	-63.7 	2     	10.8     	311   	8.1        	-7.1       	17026     	-88.2
5838      	18:37:45  	100.2 	-66.3 	2     	10.8     	311   	8.1        	-7.1       	17032     	-90.0
5840      	18:37:47  	100.1 	-67.5 	2     	10.8     	311   	8.1        	-7.1       	17038     	-90.9
5842      	18:37:49  	100.0 	-67.5 	2     	9.8      	314   	7.0        	-6.8       	17045     	-90.7
5844      	18:37:51  	99.9  	-67.5 	2     	8.5      	320   	5.4        	-6.5       	17051     	-90.6
5846      	18:37:53  	99.8  	-67.5 	2     	7.4      	328   	3.9        	-6.3       	17057     	-90.5
5848      	18:37:55  	99.7  	-67.5 	2     	6.4      	339   	2.3        	-6.0       	17063     	-90.3
5850      	18:37:57  	99.6  	-67.5 	2     	5.7      	353   	0.7        	-5.7       	17070     	-90.2
5852      	18:37:59  	99.5  	-67.5 	2     	5.5      	008   	-0.8       	-5.4       	17076     	-90.1
5854      	18:38:01  	99.4  	-67.5 	2     	5.6      	025   	-2.4       	-5.1       	17082     	-90.1
5856      	18:38:03  	99.3  	-67.5 	3     	6.2      	038   	-3.8       	-4.9       	17088     	-90.0
5858      	18:38:05  	99.2  	-67.4 	3     	7.1      	048   	-5.3       	-4.7       	17094     	-89.9
5860      	18:38:07  	99.1  	-67.4 	3     	8.1      	056   	-6.7       	-4.5       	17100     	-89.8
5862      	18:38:09  	99.0  	-67.4 	3     	8.3      	057   	-7.0       	-4.5       	17106     	-89.8
5864      	18:38:11  	98.9  	-67.4 	3     	8.3      	056   	-6.9       	-4.6       	17112     	-89.7
5866      	18:38:13  	98.8  	-67.3 	3     	8.3      	055   	-6.8       	-4.7       	17118     	-89.6
5868      	18:38:15  	98.7  	-67.3 	3     	8.4      	053   	-6.7       	-5.1       	17125     	-89.6
5870      	18:38:17  	98.6  	-67.2 	3     	8.6      	050   	-6.6       	-5.5       	17131     	-89.5
5872      	18:38:19  	98.5  	-67.2 	3     	8.8      	048   	-6.5       	-5.9       	17137     	-89.4
5874      	18:38:21  	98.4  	-67.1 	3     	8.9      	046   	-6.4       	-6.2       	17143     	-89.3
5876      	18:38:23  	98.3  	-67.0 	3     	9.2      	044   	-6.4       	-6.6       	17149     	-89.2
5878      	18:38:25  	98.1  	-67.0 	3     	9.4      	043   	-6.4       	-6.9       	17155     	-89.4
5880      	18:38:27  	98.0  	-67.0 	3     	9.8      	043   	-6.7       	-7.2       	17161     	-89.4
5882      	18:38:29  	97.9  	-66.9 	3     	10.3     	043   	-7.0       	-7.6       	17167     	-89.4
5884      	18:38:31  	97.8  	-66.9 	3     	10.8     	043   	-7.3       	-7.9       	17173     	-89.3
5886      	18:38:33  	97.7  	-66.8 	3     	11.3     	042   	-7.6       	-8.3       	17179     	-89.3
5888      	18:38:35  	97.6  	-66.8 	3     	11.5     	043   	-7.8       	-8.4       	17185     	-89.3
5890      	18:38:37  	97.6  	-66.7 	3     	11.7     	044   	-8.1       	-8.4       	17191     	-89.3
5892      	18:38:39  	97.5  	-66.7 	3     	12.0     	045   	-8.5       	-8.4       	17197     	-89.3
5894      	18:38:41  	97.4  	-66.6 	3     	12.2     	047   	-9.0       	-8.3       	17203     	-89.2
5896      	18:38:43  	97.3  	-66.6 	3     	12.4     	049   	-9.4       	-8.1       	17209     	-89.2
5898      	18:38:45  	97.2  	-66.5 	3     	12.7     	051   	-9.9       	-7.9       	17215     	-89.1
5900      	18:38:47  	97.1  	-66.4 	3     	12.8     	053   	-10.2      	-7.7       	17220     	-89.0
5902      	18:38:49  	97.0  	-66.4 	3     	12.8     	054   	-10.4      	-7.5       	17226     	-89.0
5904      	18:38:51  	96.9  	-66.4 	3     	12.2     	056   	-10.1      	-6.9       	17232     	-89.0
5906      	18:38:53  	96.8  	-66.4 	3     	11.6     	058   	-9.8       	-6.2       	17238     	-89.1
5908      	18:38:55  	96.7  	-66.4 	3     	10.9     	059   	-9.4       	-5.6       	17243     	-89.2
5910      	18:38:57  	96.6  	-66.5 	2     	10.3     	062   	-9.1       	-4.9       	17249     	-89.3
5912      	18:38:59  	96.5  	-66.5 	2     	9.7      	064   	-8.7       	-4.3       	17254     	-89.3
5914      	18:39:01  	96.5  	-66.5 	2     	9.1      	065   	-8.2       	-3.9       	17260     	-89.4
5916      	18:39:03  	96.4  	-66.6 	2     	8.4      	065   	-7.6       	-3.5       	17266     	-89.4
5918      	18:39:05  	96.3  	-66.8 	2     	7.7      	067   	-7.1       	-3.0       	17271     	-89.6
5920      	18:39:07  	96.2  	-66.8 	2     	7.0      	068   	-6.5       	-2.6       	17277     	-89.6
5922      	18:39:09  	96.1  	-66.8 	2     	6.4      	070   	-6.0       	-2.2       	17282     	-89.5
5924      	18:39:11  	96.0  	-66.7 	2     	6.3      	070   	-5.9       	-2.1       	17288     	-89.5
5926      	18:39:13  	95.9  	-66.7 	2     	6.3      	070   	-5.9       	-2.1       	17293     	-89.4
5928      	18:39:15  	95.8  	-66.6 	2     	6.3      	070   	-5.9       	-2.1       	17299     	-89.4
5930      	18:39:17  	95.7  	-66.6 	2     	6.3      	070   	-5.9       	-2.1       	17305     	-89.4
5932      	18:39:19  	95.7  	-66.6 	2     	6.3      	070   	-5.9       	-2.1       	17310     	-89.3
5934      	18:39:21  	95.6  	-66.5 	2     	6.3      	070   	-5.9       	-2.1       	17316     	-89.3
5936      	18:39:23  	95.5  	-66.5 	2     	6.3      	070   	-5.9       	-2.1       	17321     	-89.3
5938      	18:39:25  	95.4  	-66.4 	2     	6.3      	070   	-5.9       	-2.1       	17327     	-89.2
5940      	18:39:27  	95.3  	-66.4 	2     	6.3      	070   	-5.9       	-2.1       	17333     	-89.2
5942      	18:39:29  	95.2  	-66.4 	2     	6.3      	070   	-5.9       	-2.1       	17338     	-89.2
5944      	18:39:31  	95.1  	-66.3 	2     	6.3      	070   	-5.9       	-2.1       	17344     	-89.1
5946      	18:39:33  	95.0  	-66.3 	3     	6.3      	070   	-5.9       	-2.1       	17349     	-89.1
5948      	18:39:35  	95.0  	-66.2 	3     	6.3      	070   	-5.9       	-2.1       	17355     	-89.1
5950      	18:39:37  	94.9  	-66.2 	3     	6.3      	070   	-5.9       	-2.1       	17360     	-89.0
5952      	18:39:39  	94.8  	-66.2 	3     	6.3      	070   	-5.9       	-2.1       	17366     	-89.0
5954      	18:39:41  	94.7  	-66.1 	3     	6.3      	070   	-5.9       	-2.1       	17372     	-88.9
5956      	18:39:43  	94.6  	-66.1 	3     	6.3      	070   	-5.9       	-2.1       	17377     	-88.9
5958      	18:39:45  	94.5  	-66.0 	3     	6.3      	070   	-5.9       	-2.1       	17383     	-88.9
5960      	18:39:47  	94.4  	-66.0 	3     	6.3      	070   	-5.9       	-2.1       	17388     	-88.8
5962      	18:39:49  	94.3  	-66.0 	3     	6.3      	070   	-5.9       	-2.1       	17394     	-88.8
5964      	18:39:51  	94.3  	-65.9 	3     	6.3      	070   	-5.9       	-2.1       	17399     	-88.8
5966      	18:39:53  	94.2  	-65.9 	3     	6.3      	070   	-5.9       	-2.1       	17405     	-88.7
5968      	18:39:55  	94.1  	-65.9 	3     	6.3      	070   	-5.9       	-2.1       	17411     	-88.7
5970      	18:39:57  	94.0  	-65.8 	3     	6.3      	070   	-5.9       	-2.1       	17416     	-88.7
5972      	18:39:59  	93.9  	-65.8 	3     	6.3      	070   	-5.9       	-2.1       	17422     	-88.6
5974      	18:40:01  	93.8  	-65.7 	3     	6.3      	070   	-5.9       	-2.1       	17427     	-88.6
5976      	18:40:03  	93.7  	-65.7 	3     	6.3      	070   	-5.9       	-2.1       	17433     	-88.6
5978      	18:40:05  	93.7  	-65.7 	3     	6.3      	070   	-5.9       	-2.1       	17438     	-88.5
5980      	18:40:07  	93.6  	-65.6 	3     	6.3      	070   	-5.9       	-2.1       	17444     	-88.5
5982      	18:40:09  	93.5  	-65.6 	3     	6.3      	070   	-5.9       	-2.1       	17450     	-88.4
5984      	18:40:11  	93.4  	-65.5 	3     	6.3      	070   	-5.9       	-2.1       	17455     	-88.4
5986      	18:40:13  	93.3  	-65.5 	3     	6.3      	070   	-5.9       	-2.1       	17461     	-88.4
5988      	18:40:15  	93.2  	-65.5 	3     	6.3      	070   	-5.9       	-2.1       	17466     	-88.3
5990      	18:40:17  	93.1  	-65.4 	3     	6.3      	070   	-5.9       	-2.1       	17472     	-88.3
5992      	18:40:19  	93.1  	-65.4 	3     	6.3      	070   	-5.9       	-2.1       	17478     	-88.3
5994      	18:40:21  	93.0  	-65.3 	3     	6.3      	070   	-5.9       	-2.1       	17483     	-88.2
5996      	18:40:23  	92.9  	-65.3 	3     	6.3      	070   	-5.9       	-2.1       	17489     	-88.2
5998      	18:40:25  	92.8  	-65.3 	3     	6.3      	070   	-5.9       	-2.1       	17494     	-88.2
6000      	18:40:27  	92.7  	-65.2 	3     	6.3      	070   	-5.9       	-2.1       	17500     	-88.1
6002      	18:40:29  	92.6  	-65.2 	3     	6.3      	070   	-5.9       	-2.1       	17505     	-88.1
6004      	18:40:31  	92.5  	-65.1 	3     	6.3      	070   	-5.9       	-2.1       	17511     	-88.0
6006      	18:40:33  	92.5  	-65.1 	3     	6.3      	070   	-5.9       	-2.1       	17517     	-88.0
6008      	18:40:35  	92.4  	-65.1 	3     	6.3      	070   	-5.9       	-2.1       	17522     	-88.0
6010      	18:40:37  	92.3  	-65.0 	3     	6.3      	070   	-5.9       	-2.1       	17528     	-87.9
6012      	18:40:39  	92.2  	-65.0 	3     	6.3      	070   	-5.9       	-2.1       	17533     	-87.9
6014      	18:40:41  	92.1  	-64.9 	3     	6.3      	070   	-5.9       	-2.1       	17539     	-87.9
6016      	18:40:43  	92.0  	-64.9 	3     	6.3      	070   	-5.9       	-2.1       	17544     	-87.8
6018      	18:40:45  	92.0  	-64.9 	3     	6.3      	070   	-5.9       	-2.1       	17550     	-87.8
6020      	18:40:47  	91.9  	-64.8 	3     	6.3      	070   	-5.9       	-2.1       	17556     	-87.8
6022      	18:40:49  	91.8  	-64.8 	3     	6.3      	070   	-5.9       	-2.1       	17561     	-87.7
6024      	18:40:51  	91.7  	-65.0 	3     	6.3      	070   	-5.9       	-2.1       	17567     	-87.8
6026      	18:40:53  	91.6  	-64.9 	3     	6.3      	070   	-5.9       	-2.1       	17572     	-87.7
6028      	18:40:55  	91.5  	-64.8 	3     	6.3      	070   	-5.9       	-2.1       	17579     	-87.7
6030      	18:40:57  	91.4  	-64.8 	3     	6.4      	071   	-6.0       	-2.1       	17585     	-87.6
6032      	18:40:59  	91.3  	-64.8 	3     	6.5      	071   	-6.1       	-2.1       	17592     	-87.6
6034      	18:41:01  	91.2  	-64.9 	3     	6.6      	072   	-6.3       	-2.1       	17598     	-87.6
6036      	18:41:03  	91.1  	-64.9 	3     	6.8      	072   	-6.5       	-2.1       	17604     	-87.5
6038      	18:41:05  	91.0  	-65.0 	3     	7.0      	072   	-6.6       	-2.2       	17611     	-87.5
6040      	18:41:07  	90.9  	-65.0 	3     	7.1      	072   	-6.8       	-2.2       	17617     	-87.5
6042      	18:41:09  	90.8  	-65.1 	3     	7.3      	073   	-7.0       	-2.2       	17624     	-87.5
6044      	18:41:11  	90.8  	-65.1 	3     	7.5      	073   	-7.2       	-2.2       	17630     	-87.5
6046      	18:41:13  	90.7  	-65.2 	3     	7.7      	073   	-7.4       	-2.2       	17636     	-87.6
6048      	18:41:15  	90.6  	-65.2 	3     	7.9      	073   	-7.6       	-2.3       	17643     	-87.6
6050      	18:41:17  	90.5  	-65.2 	3     	8.1      	074   	-7.8       	-2.3       	17649     	-87.6
6052      	18:41:19  	90.4  	-65.2 	3     	8.2      	074   	-7.9       	-2.3       	17656     	-87.7
6054      	18:41:21  	90.3  	-65.2 	3     	8.3      	074   	-8.0       	-2.3       	17662     	-87.7
6056      	18:41:23  	90.2  	-65.2 	3     	8.4      	073   	-8.0       	-2.4       	17668     	-87.7
6058      	18:41:25  	90.1  	-65.3 	3     	8.5      	074   	-8.2       	-2.4       	17675     	-87.7
6060      	18:41:27  	90.0  	-65.3 	3     	8.7      	073   	-8.3       	-2.5       	17681     	-87.8
6062      	18:41:29  	89.9  	-65.3 	3     	8.9      	073   	-8.5       	-2.6       	17687     	-87.8
6064      	18:41:31  	89.9  	-65.3 	3     	9.0      	073   	-8.6       	-2.6       	17693     	-87.9
6066      	18:41:33  	89.8  	-65.3 	3     	9.1      	073   	-8.7       	-2.7       	17700     	-87.9
6068      	18:41:35  	89.7  	-65.3 	3     	9.2      	073   	-8.8       	-2.7       	17706     	-87.9
6070      	18:41:37  	89.6  	-65.3 	3     	9.4      	073   	-9.0       	-2.8       	17713     	-88.0
6072      	18:41:39  	89.5  	-65.3 	3     	9.6      	073   	-9.2       	-2.8       	17719     	-88.0
6074      	18:41:41  	89.4  	-65.3 	3     	9.8      	073   	-9.4       	-2.8       	17726     	-88.0
6076      	18:41:43  	89.3  	-65.3 	3     	10.0     	074   	-9.6       	-2.8       	17732     	-88.0
6078      	18:41:45  	89.2  	-65.3 	3     	10.1     	074   	-9.7       	-2.8       	17739     	-88.0
6080      	18:41:47  	89.1  	-65.3 	3     	10.2     	074   	-9.8       	-2.8       	17745     	-88.1
6082      	18:41:49  	89.0  	-65.3 	3     	NaN      	NaN   	999999.0   	999999.0   	17751     	-88.1
6084      	18:41:51  	88.9  	-65.3 	3     	NaN      	NaN   	999999.0   	999999.0   	17758     	-88.1
6086      	18:41:53  	88.8  	-65.2 	3     	NaN      	NaN   	999999.0   	999999.0   	17765     	-88.1
6088      	18:41:55  	88.8  	-62.0 	2     	NaN      	NaN   	999999.0   	999999.0   	NaN       	-86.5
6090      	18:41:57  	88.7  	-62.0 	2     	NaN      	NaN   	999999.0   	999999.0   	NaN       	-86.7
6092      	18:41:59  	88.7  	-62.1 	2     	NaN      	NaN   	999999.0   	999999.0   	NaN       	-86.9
6094      	18:42:01  	88.6  	-62.1 	2     	NaN      	NaN   	999999.0   	999999.0   	NaN       	-87.1
6096      	18:42:03  	88.5  	-62.1 	2     	NaN      	NaN   	999999.0   	999999.0   	NaN       	-87.2
6098      	18:42:05  	88.5  	-62.1 	2     	NaN      	NaN   	999999.0   	999999.0   	NaN       	-87.3
6100      	18:42:07  	88.4  	-62.1 	2     	NaN      	NaN   	999999.0   	999999.0   	NaN       	-87.4
6102      	18:42:09  	88.3  	-62.1 	2     	NaN      	NaN   	999999.0   	999999.0   	NaN       	-87.5
6104      	18:42:11  	88.3  	-62.1 	2     	NaN      	NaN   	999999.0   	999999.0   	NaN       	-87.6
6106      	18:42:13  	88.2  	-62.1 	2     	NaN      	NaN   	999999.0   	999999.0   	NaN       	-87.6
6108      	18:42:15  	88.1  	-62.1 	2     	NaN      	NaN   	999999.0   	999999.0   	NaN       	-87.7
6110      	18:42:17  	88.1  	-62.1 	2     	NaN      	NaN   	999999.0   	999999.0   	NaN       	-87.7
6112      	18:42:19  	88.0  	-62.1 	2     	NaN      	NaN   	999999.0   	999999.0   	NaN       	-87.7
6114      	18:42:21  	87.9  	-62.1 	2     	NaN      	NaN   	999999.0   	999999.0   	NaN       	-87.7
6116      	18:42:23  	87.9  	-62.1 	2     	NaN      	NaN   	999999.0   	999999.0   	NaN       	-87.7
6118      	18:42:25  	87.8  	-62.1 	4     	NaN      	NaN   	999999.0   	999999.0   	NaN       	-83.0
6120      	18:42:27  	87.7  	-62.1 	8     	NaN      	NaN   	999999.0   	999999.0   	NaN       	-79.2
6122      	18:42:29  	87.7  	-62.1 	11    	NaN      	NaN   	999999.0   	999999.0   	NaN       	-77.1
6124      	18:42:31  	87.6  	-62.1 	13    	NaN      	NaN   	999999.0   	999999.0   	NaN       	-75.8
6126      	18:42:33  	87.5  	-62.1 	16    	NaN      	NaN   	999999.0   	999999.0   	NaN       	-74.6
6128      	18:42:35  	87.5  	-62.1 	21    	NaN      	NaN   	999999.0   	999999.0   	NaN       	-73.0
6130      	18:42:37  	87.4  	-62.2 	21    	NaN      	NaN   	999999.0   	999999.0   	NaN       	-73.0
6132      	18:42:39  	87.3  	-62.2 	16    	NaN      	NaN   	999999.0   	999999.0   	NaN       	-74.8
6134      	18:42:41  	87.3  	-62.2 	14    	NaN      	NaN   	999999.0   	999999.0   	NaN       	-75.6
6136      	18:42:43  	87.2  	-62.2 	12    	NaN      	NaN   	999999.0   	999999.0   	NaN       	-76.6
6138      	18:42:45  	87.1  	-62.2 	5     	NaN      	NaN   	999999.0   	999999.0   	NaN       	-81.4
6140      	18:42:47  	87.1  	-62.2 	2     	NaN      	NaN   	999999.0   	999999.0   	NaN       	-87.6
6142      	18:42:49  	87.0  	-62.2 	2     	NaN      	NaN   	999999.0   	999999.0   	NaN       	-87.6
6144      	18:42:51  	86.9  	-62.2 	2     	NaN      	NaN   	999999.0   	999999.0   	NaN       	-87.6
6146      	18:42:53  	86.9  	-62.2 	2     	NaN      	NaN   	999999.0   	999999.0   	NaN       	-87.6
6148      	18:42:55  	86.8  	-62.2 	2     	NaN      	NaN   	999999.0   	999999.0   	NaN       	-87.5
6150      	18:42:57  	86.7  	-62.2 	2     	NaN      	NaN   	999999.0   	999999.0   	NaN       	-87.5
6152      	18:42:59  	86.7  	-62.2 	2     	NaN      	NaN   	999999.0   	999999.0   	NaN       	-87.5
6154      	18:43:01  	86.6  	-62.2 	2     	NaN      	NaN   	999999.0   	999999.0   	NaN       	-87.5
6156      	18:43:03  	86.5  	-62.2 	2     	NaN      	NaN   	999999.0   	999999.0   	NaN       	-87.5
6158      	18:43:05  	86.5  	-62.2 	2     	NaN      	NaN   	999999.0   	999999.0   	NaN       	-87.5
6160      	18:43:07  	86.4  	-62.2 	2     	NaN      	NaN   	999999.0   	999999.0   	NaN       	-87.5
6162      	18:43:09  	86.3  	-62.2 	2     	NaN      	NaN   	999999.0   	999999.0   	NaN       	-87.5
6164      	18:43:11  	86.3  	-62.2 	2     	NaN      	NaN   	999999.0   	999999.0   	NaN       	-87.5
6166      	18:43:13  	86.2  	-62.2 	2     	NaN      	NaN   	999999.0   	999999.0   	NaN       	-87.5
6168      	18:43:15  	86.2  	-62.2 	2     	NaN      	NaN   	999999.0   	999999.0   	NaN       	-87.4
6170      	18:43:17  	86.1  	-62.2 	2     	NaN      	NaN   	999999.0   	999999.0   	NaN       	-87.4
6172      	18:43:19  	86.0  	-62.2 	2     	NaN      	NaN   	999999.0   	999999.0   	NaN       	-87.4
6174      	18:43:21  	86.0  	-62.2 	2     	NaN      	NaN   	999999.0   	999999.0   	NaN       	-87.4
6176      	18:43:23  	85.9  	-62.2 	2     	NaN      	NaN   	999999.0   	999999.0   	NaN       	-87.4
6178      	18:43:25  	85.8  	-62.2 	2     	NaN      	NaN   	999999.0   	999999.0   	NaN       	-87.4
6180      	18:43:27  	85.8  	-62.2 	2     	NaN      	NaN   	999999.0   	999999.0   	NaN       	-87.4
6182      	18:43:29  	85.7  	-62.2 	2     	NaN      	NaN   	999999.0   	999999.0   	NaN       	-87.3
6184      	18:43:31  	85.6  	-62.2 	2     	NaN      	NaN   	999999.0   	999999.0   	NaN       	-87.3
6186      	18:43:33  	85.6  	-62.2 	2     	NaN      	NaN   	999999.0   	999999.0   	NaN       	-87.3
6188      	18:43:35  	85.5  	-62.2 	2     	NaN      	NaN   	999999.0   	999999.0   	NaN       	-87.3
6190      	18:43:37  	85.4  	-62.2 	2     	NaN      	NaN   	999999.0   	999999.0   	NaN       	-87.3
6192      	18:43:39  	85.4  	-62.2 	2     	NaN      	NaN   	999999.0   	999999.0   	NaN       	-87.3
6194      	18:43:41  	85.3  	-62.2 	2     	NaN      	NaN   	999999.0   	999999.0   	NaN       	-87.3
6196      	18:43:43  	85.2  	-62.2 	2     	NaN      	NaN   	999999.0   	999999.0   	NaN       	-87.3
6198      	18:43:45  	85.2  	-62.2 	2     	NaN      	NaN   	999999.0   	999999.0   	NaN       	-87.2
6200      	18:43:47  	85.1  	-62.2 	2     	NaN      	NaN   	999999.0   	999999.0   	NaN       	-87.2
6202      	18:43:49  	85.0  	-62.2 	2     	NaN      	NaN   	999999.0   	999999.0   	NaN       	-87.2
6204      	18:43:51  	85.0  	-62.2 	2     	NaN      	NaN   	999999.0   	999999.0   	NaN       	-87.2
6206      	18:43:53  	84.9  	-62.2 	29    	NaN      	NaN   	999999.0   	999999.0   	NaN       	-70.8
6208      	18:43:55  	84.8  	-62.2 	62    	NaN      	NaN   	999999.0   	999999.0   	NaN       	-65.6
6210      	18:43:57  	84.8  	-62.2 	96    	NaN      	NaN   	999999.0   	999999.0   	NaN       	-62.5
6212      	18:43:59  	84.7  	-62.2 	82    	NaN      	NaN   	999999.0   	999999.0   	NaN       	-63.6
6214      	18:44:01  	84.6  	-62.2 	69    	NaN      	NaN   	999999.0   	999999.0   	NaN       	-64.9
6216      	18:44:03  	84.6  	-62.2 	55    	NaN      	NaN   	999999.0   	999999.0   	NaN       	-66.4
6218      	18:44:05  	84.5  	-62.2 	41    	NaN      	NaN   	999999.0   	999999.0   	NaN       	-68.4
6220      	18:44:07  	84.4  	-62.2 	28    	NaN      	NaN   	999999.0   	999999.0   	NaN       	-71.1
6222      	18:44:09  	84.4  	-62.2 	14    	NaN      	NaN   	999999.0   	999999.0   	NaN       	-75.6
6224      	18:44:11  	84.3  	-62.2 	2     	NaN      	NaN   	999999.0   	999999.0   	NaN       	-87.2
6226      	18:44:13  	84.2  	-62.2 	2     	NaN      	NaN   	999999.0   	999999.0   	NaN       	-87.2
6228      	18:44:15  	84.2  	-62.2 	2     	NaN      	NaN   	999999.0   	999999.0   	NaN       	-87.2
6230      	18:44:17  	84.1  	-62.2 	2     	NaN      	NaN   	999999.0   	999999.0   	NaN       	-87.2
6232      	18:44:19  	84.0  	-62.2 	2     	NaN      	NaN   	999999.0   	999999.0   	NaN       	-87.1
6234      	18:44:21  	84.0  	-62.2 	2     	NaN      	NaN   	999999.0   	999999.0   	NaN       	-87.2
6236      	18:44:23  	83.9  	-62.2 	2     	NaN      	NaN   	999999.0   	999999.0   	NaN       	-87.3
6238      	18:44:25  	83.8  	-62.3 	2     	NaN      	NaN   	999999.0   	999999.0   	NaN       	-87.4
6240      	18:44:27  	83.8  	-62.3 	2     	NaN      	NaN   	999999.0   	999999.0   	NaN       	-87.4
6242      	18:44:29  	83.7  	-62.3 	2     	NaN      	NaN   	999999.0   	999999.0   	NaN       	-87.5
6244      	18:44:31  	83.6  	-62.3 	2     	NaN      	NaN   	999999.0   	999999.0   	NaN       	-87.6
6246      	18:44:33  	83.6  	-62.3 	2     	NaN      	NaN   	999999.0   	999999.0   	NaN       	-87.7
6248      	18:44:35  	83.5  	-62.3 	2     	NaN      	NaN   	999999.0   	999999.0   	NaN       	-87.7
6250      	18:44:37  	83.4  	-62.3 	2     	NaN      	NaN   	999999.0   	999999.0   	NaN       	-87.7
6252      	18:44:39  	83.4  	-62.3 	2     	NaN      	NaN   	999999.0   	999999.0   	NaN       	-87.7
6254      	18:44:41  	83.3  	-62.3 	2     	NaN      	NaN   	999999.0   	999999.0   	NaN       	-87.8
6256      	18:44:43  	83.2  	-62.3 	2     	NaN      	NaN   	999999.0   	999999.0   	NaN       	-87.9
6258      	18:44:45  	83.2  	-62.3 	2     	NaN      	NaN   	999999.0   	999999.0   	NaN       	-87.9
6260      	18:44:47  	83.1  	-62.3 	2     	NaN      	NaN   	999999.0   	999999.0   	NaN       	-87.9
6262      	18:44:49  	83.0  	-62.3 	2     	NaN      	NaN   	999999.0   	999999.0   	NaN       	-87.8
6264      	18:44:51  	83.0  	-62.3 	2     	NaN      	NaN   	999999.0   	999999.0   	NaN       	-87.7
6266      	18:44:53  	82.9  	-62.3 	2     	NaN      	NaN   	999999.0   	999999.0   	NaN       	-87.7
6268      	18:44:55  	82.8  	-62.3 	2     	NaN      	NaN   	999999.0   	999999.0   	NaN       	-87.6
6270      	18:44:57  	82.8  	-62.3 	2     	NaN      	NaN   	999999.0   	999999.0   	NaN       	-87.6
6272      	18:44:59  	82.7  	-62.3 	2     	NaN      	NaN   	999999.0   	999999.0   	NaN       	-87.5
6274      	18:45:01  	82.6  	-62.3 	2     	NaN      	NaN   	999999.0   	999999.0   	NaN       	-86.4
6276      	18:45:03  	82.6  	-62.3 	3     	NaN      	NaN   	999999.0   	999999.0   	NaN       	-85.2
6278      	18:45:05  	82.5  	-62.3 	3     	NaN      	NaN   	999999.0   	999999.0   	NaN       	-84.2
6280      	18:45:07  	82.4  	-62.3 	3     	NaN      	NaN   	999999.0   	999999.0   	NaN       	-84.0
6282      	18:45:09  	82.4  	-62.3 	3     	NaN      	NaN   	999999.0   	999999.0   	NaN       	-84.0
6284      	18:45:11  	82.3  	-62.3 	3     	NaN      	NaN   	999999.0   	999999.0   	NaN       	-84.8
6286      	18:45:13  	82.2  	-62.3 	2     	NaN      	NaN   	999999.0   	999999.0   	NaN       	-87.7
6288      	18:45:15  	82.2  	-62.3 	2     	NaN      	NaN   	999999.0   	999999.0   	NaN       	-87.6
6290      	18:45:17  	82.1  	-62.3 	2     	NaN      	NaN   	999999.0   	999999.0   	NaN       	-87.6
6292      	18:45:19  	82.0  	-62.3 	2     	NaN      	NaN   	999999.0   	999999.0   	NaN       	-87.6
6294      	18:45:21  	82.0  	-62.3 	2     	NaN      	NaN   	999999.0   	999999.0   	NaN       	-87.6
6296      	18:45:23  	81.9  	-62.3 	2     	NaN      	NaN   	999999.0   	999999.0   	NaN       	-87.5
6298      	18:45:25  	81.8  	-62.3 	2     	NaN      	NaN   	999999.0   	999999.0   	NaN       	-87.5
6300      	18:45:27  	81.8  	-62.3 	2     	NaN      	NaN   	999999.0   	999999.0   	NaN       	-87.5
6302      	18:45:29  	81.7  	-62.3 	2     	NaN      	NaN   	999999.0   	999999.0   	NaN       	-87.4
6304      	18:45:31  	81.6  	-62.3 	2     	NaN      	NaN   	999999.0   	999999.0   	NaN       	-87.4
6306      	18:45:33  	81.6  	-62.3 	2     	NaN      	NaN   	999999.0   	999999.0   	NaN       	-87.4
6308      	18:45:35  	81.5  	-62.3 	2     	NaN      	NaN   	999999.0   	999999.0   	NaN       	-87.4
6310      	18:45:37  	81.4  	-62.3 	2     	NaN      	NaN   	999999.0   	999999.0   	NaN       	-87.3
6312      	18:45:39  	81.4  	-62.3 	2     	NaN      	NaN   	999999.0   	999999.0   	NaN       	-87.3
6314      	18:45:41  	81.3  	-62.3 	2     	NaN      	NaN   	999999.0   	999999.0   	NaN       	-87.3
6316      	18:45:43  	81.2  	-62.3 	2     	NaN      	NaN   	999999.0   	999999.0   	NaN       	-87.3
6318      	18:45:45  	81.2  	-62.3 	2     	NaN      	NaN   	999999.0   	999999.0   	NaN       	-87.4
6320      	18:45:47  	81.1  	-62.3 	2     	NaN      	NaN   	999999.0   	999999.0   	NaN       	-87.5
6322      	18:45:49  	81.0  	-62.3 	2     	NaN      	NaN   	999999.0   	999999.0   	NaN       	-87.4
6324      	18:45:51  	81.0  	-62.3 	2     	NaN      	NaN   	999999.0   	999999.0   	NaN       	-87.3
6326      	18:45:53  	80.9  	-62.3 	2     	NaN      	NaN   	999999.0   	999999.0   	NaN       	-87.3
6328      	18:45:55  	80.8  	-62.3 	2     	NaN      	NaN   	999999.0   	999999.0   	NaN       	-87.3
6330      	18:45:57  	80.8  	-62.3 	2     	NaN      	NaN   	999999.0   	999999.0   	NaN       	-87.2
6332      	18:45:59  	80.7  	-62.3 	2     	NaN      	NaN   	999999.0   	999999.0   	NaN       	-87.1
6334      	18:46:01  	80.6  	-62.3 	2     	NaN      	NaN   	999999.0   	999999.0   	NaN       	-87.1
6336      	18:46:03  	80.6  	-62.3 	2     	NaN      	NaN   	999999.0   	999999.0   	NaN       	-87.1
6338      	18:46:05  	80.5  	-62.3 	2     	NaN      	NaN   	999999.0   	999999.0   	NaN       	-87.1
6340      	18:46:07  	80.4  	-62.3 	2     	NaN      	NaN   	999999.0   	999999.0   	NaN       	-86.5
6342      	18:46:09  	80.4  	-62.3 	2     	NaN      	NaN   	999999.0   	999999.0   	NaN       	-86.5
6344      	18:46:11  	80.3  	-62.3 	3     	NaN      	NaN   	999999.0   	999999.0   	NaN       	-85.9
6346      	18:46:13  	80.2  	-62.3 	3     	NaN      	NaN   	999999.0   	999999.0   	NaN       	-85.7
6348      	18:46:15  	80.2  	-62.3 	3     	NaN      	NaN   	999999.0   	999999.0   	NaN       	-85.7
6350      	18:46:17  	80.1  	-62.4 	3     	NaN      	NaN   	999999.0   	999999.0   	NaN       	-85.7
6352      	18:46:19  	80.0  	-62.4 	3     	NaN      	NaN   	999999.0   	999999.0   	NaN       	-85.7
6354      	18:46:21  	80.0  	-62.4 	3     	NaN      	NaN   	999999.0   	999999.0   	NaN       	-85.8
6356      	18:46:23  	79.9  	-62.4 	2     	NaN      	NaN   	999999.0   	999999.0   	NaN       	-86.1
6358      	18:46:25  	79.8  	-62.4 	2     	NaN      	NaN   	999999.0   	999999.0   	NaN       	-86.9
6360      	18:46:27  	79.8  	-62.4 	2     	NaN      	NaN   	999999.0   	999999.0   	NaN       	-86.8
6362      	18:46:29  	79.7  	-62.4 	2     	NaN      	NaN   	999999.0   	999999.0   	NaN       	-86.8
6364      	18:46:31  	79.6  	-62.4 	2     	NaN      	NaN   	999999.0   	999999.0   	NaN       	-86.8
6366      	18:46:33  	79.6  	-62.4 	2     	NaN      	NaN   	999999.0   	999999.0   	NaN       	-86.8
6368      	18:46:35  	79.5  	-62.4 	2     	NaN      	NaN   	999999.0   	999999.0   	NaN       	-86.8
6370      	18:46:37  	79.4  	-62.4 	2     	NaN      	NaN   	999999.0   	999999.0   	NaN       	-86.8
6372      	18:46:39  	79.4  	-62.4 	2     	NaN      	NaN   	999999.0   	999999.0   	NaN       	-86.8
6374      	18:46:41  	79.3  	-62.4 	2     	NaN      	NaN   	999999.0   	999999.0   	NaN       	-86.8
6376      	18:46:43  	79.2  	-62.4 	2     	NaN      	NaN   	999999.0   	999999.0   	NaN       	-86.7
6378      	18:46:45  	79.2  	-62.4 	2     	NaN      	NaN   	999999.0   	999999.0   	NaN       	-86.7
6380      	18:46:47  	79.1  	-62.4 	2     	NaN      	NaN   	999999.0   	999999.0   	NaN       	-86.7
6382      	18:46:49  	79.0  	-62.4 	2     	NaN      	NaN   	999999.0   	999999.0   	NaN       	-86.7
6384      	18:46:51  	79.0  	-62.4 	2     	NaN      	NaN   	999999.0   	999999.0   	NaN       	-86.7
6386      	18:46:53  	78.9  	-62.4 	2     	NaN      	NaN   	999999.0   	999999.0   	NaN       	-86.8
6388      	18:46:55  	78.8  	-62.4 	2     	NaN      	NaN   	999999.0   	999999.0   	NaN       	-86.8
6390      	18:46:57  	78.8  	-62.4 	2     	NaN      	NaN   	999999.0   	999999.0   	NaN       	-86.8
6392      	18:46:59  	78.7  	-62.4 	2     	NaN      	NaN   	999999.0   	999999.0   	NaN       	-86.8
6394      	18:47:01  	78.6  	-62.4 	2     	NaN      	NaN   	999999.0   	999999.0   	NaN       	-86.8
6396      	18:47:03  	78.6  	-62.5 	2     	NaN      	NaN   	999999.0   	999999.0   	NaN       	-86.8
6398      	18:47:05  	78.5  	-62.5 	2     	NaN      	NaN   	999999.0   	999999.0   	NaN       	-86.8
6400      	18:47:07  	78.4  	-62.5 	2     	NaN      	NaN   	999999.0   	999999.0   	NaN       	-86.8
6402      	18:47:09  	78.4  	-62.5 	2     	NaN      	NaN   	999999.0   	999999.0   	NaN       	-86.8
6404      	18:47:11  	78.3  	-62.5 	2     	NaN      	NaN   	999999.0   	999999.0   	NaN       	-86.7
6406      	18:47:13  	78.2  	-62.5 	2     	NaN      	NaN   	999999.0   	999999.0   	NaN       	-86.8
6408      	18:47:15  	78.2  	-62.5 	2     	NaN      	NaN   	999999.0   	999999.0   	NaN       	-86.8
6410      	18:47:17  	78.1  	-62.5 	2     	NaN      	NaN   	999999.0   	999999.0   	NaN       	-86.8
6412      	18:47:19  	78.0  	-62.5 	2     	NaN      	NaN   	999999.0   	999999.0   	NaN       	-86.9
6414      	18:47:21  	78.0  	-62.5 	2     	NaN      	NaN   	999999.0   	999999.0   	NaN       	-86.9
6416      	18:47:23  	77.9  	-62.5 	2     	NaN      	NaN   	999999.0   	999999.0   	NaN       	-86.9
6418      	18:47:25  	77.8  	-62.5 	2     	NaN      	NaN   	999999.0   	999999.0   	NaN       	-86.9
6420      	18:47:27  	77.8  	-62.5 	2     	NaN      	NaN   	999999.0   	999999.0   	NaN       	-86.9
6422      	18:47:29  	77.7  	-62.5 	2     	NaN      	NaN   	999999.0   	999999.0   	NaN       	-86.8
6424      	18:47:31  	77.6  	-62.5 	2     	NaN      	NaN   	999999.0   	999999.0   	NaN       	-86.8
6426      	18:47:33  	77.6  	-62.5 	2     	NaN      	NaN   	999999.0   	999999.0   	NaN       	-86.8
6428      	18:47:35  	77.5  	-62.5 	2     	NaN      	NaN   	999999.0   	999999.0   	NaN       	-86.7
6430      	18:47:37  	77.4  	-62.5 	2     	NaN      	NaN   	999999.0   	999999.0   	NaN       	-86.7
6432      	18:47:39  	77.4  	-62.5 	2     	NaN      	NaN   	999999.0   	999999.0   	NaN       	-86.7
6434      	18:47:41  	77.3  	-62.5 	2     	NaN      	NaN   	999999.0   	999999.0   	NaN       	-86.7
6436      	18:47:43  	77.2  	-62.5 	2     	NaN      	NaN   	999999.0   	999999.0   	NaN       	-86.7
6438      	18:47:45  	77.2  	-62.5 	2     	NaN      	NaN   	999999.0   	999999.0   	NaN       	-86.7
6440      	18:47:47  	77.1  	-62.5 	2     	NaN      	NaN   	999999.0   	999999.0   	NaN       	-86.7
6442      	18:47:49  	77.0  	-62.5 	2     	NaN      	NaN   	999999.0   	999999.0   	NaN       	-86.7
6444      	18:47:51  	77.0  	-62.5 	2     	NaN      	NaN   	999999.0   	999999.0   	NaN       	-86.7
6446      	18:47:53  	76.9  	-62.5 	2     	NaN      	NaN   	999999.0   	999999.0   	NaN       	-86.7
6448      	18:47:55  	76.8  	-62.5 	2     	NaN      	NaN   	999999.0   	999999.0   	NaN       	-86.6
6450      	18:47:57  	76.8  	-62.5 	2     	NaN      	NaN   	999999.0   	999999.0   	NaN       	-86.7
6452      	18:47:59  	76.7  	-62.5 	2     	NaN      	NaN   	999999.0   	999999.0   	NaN       	-86.7
6454      	18:48:01  	76.6  	-62.5 	2     	NaN      	NaN   	999999.0   	999999.0   	NaN       	-86.7
6456      	18:48:03  	76.6  	-62.5 	2     	NaN      	NaN   	999999.0   	999999.0   	NaN       	-86.7
6458      	18:48:05  	76.5  	-62.5 	2     	NaN      	NaN   	999999.0   	999999.0   	NaN       	-86.7
6460      	18:48:07  	76.5  	-62.5 	2     	NaN      	NaN   	999999.0   	999999.0   	NaN       	-86.7
6462      	18:48:09  	76.4  	-62.5 	2     	NaN      	NaN   	999999.0   	999999.0   	NaN       	-86.7
6464      	18:48:11  	76.3  	-62.5 	2     	NaN      	NaN   	999999.0   	999999.0   	NaN       	-86.7
6466      	18:48:13  	76.3  	-62.5 	2     	NaN      	NaN   	999999.0   	999999.0   	NaN       	-86.7
6468      	18:48:15  	76.2  	-62.5 	2     	NaN      	NaN   	999999.0   	999999.0   	NaN       	-86.7
6470      	18:48:17  	76.1  	-62.5 	2     	NaN      	NaN   	999999.0   	999999.0   	NaN       	-86.7
6472      	18:48:19  	76.1  	-62.5 	2     	NaN      	NaN   	999999.0   	999999.0   	NaN       	-86.7
6474      	18:48:21  	76.0  	-62.5 	2     	NaN      	NaN   	999999.0   	999999.0   	NaN       	-86.7
6476      	18:48:23  	75.9  	-62.5 	2     	NaN      	NaN   	999999.0   	999999.0   	NaN       	-86.7
6478      	18:48:25  	75.9  	-62.5 	2     	NaN      	NaN   	999999.0   	999999.0   	NaN       	-86.7
6480      	18:48:27  	75.8  	-62.5 	2     	NaN      	NaN   	999999.0   	999999.0   	NaN       	-86.7
6482      	18:48:29  	75.7  	-62.5 	2     	NaN      	NaN   	999999.0   	999999.0   	NaN       	-86.7
6484      	18:48:31  	75.7  	-62.5 	2     	NaN      	NaN   	999999.0   	999999.0   	NaN       	-86.7
6486      	18:48:33  	75.6  	-62.4 	2     	NaN      	NaN   	999999.0   	999999.0   	NaN       	-86.7
6488      	18:48:35  	75.5  	-62.4 	2     	NaN      	NaN   	999999.0   	999999.0   	NaN       	-86.6
6490      	18:48:37  	75.5  	-62.4 	2     	NaN      	NaN   	999999.0   	999999.0   	NaN       	-86.6
6492      	18:48:39  	75.4  	-62.4 	2     	NaN      	NaN   	999999.0   	999999.0   	NaN       	-86.5
6494      	18:48:41  	75.3  	-62.4 	2     	NaN      	NaN   	999999.0   	999999.0   	NaN       	-86.5
6496      	18:48:43  	75.3  	-62.4 	2     	NaN      	NaN   	999999.0   	999999.0   	NaN       	-86.5
6498      	18:48:45  	75.2  	-62.4 	2     	NaN      	NaN   	999999.0   	999999.0   	NaN       	-86.5
6500      	18:48:47  	75.1  	-62.4 	2     	NaN      	NaN   	999999.0   	999999.0   	NaN       	-86.4
6502      	18:48:49  	75.1  	-62.4 	2     	NaN      	NaN   	999999.0   	999999.0   	NaN       	-86.4
6504      	18:48:51  	75.0  	-62.4 	2     	NaN      	NaN   	999999.0   	999999.0   	NaN       	-86.3
6506      	18:48:53  	74.9  	-62.4 	2     	NaN      	NaN   	999999.0   	999999.0   	NaN       	-86.3
6508      	18:48:55  	74.9  	-62.4 	2     	NaN      	NaN   	999999.0   	999999.0   	NaN       	-86.3
6510      	18:48:57  	74.8  	-62.3 	2     	NaN      	NaN   	999999.0   	999999.0   	NaN       	-86.3
6512      	18:48:59  	74.7  	-62.3 	2     	NaN      	NaN   	999999.0   	999999.0   	NaN       	-86.2
6514      	18:49:01  	74.7  	-62.3 	2     	NaN      	NaN   	999999.0   	999999.0   	NaN       	-86.2
6516      	18:49:03  	74.6  	-62.3 	2     	NaN      	NaN   	999999.0   	999999.0   	NaN       	-86.2
6518      	18:49:05  	74.5  	-62.3 	2     	NaN      	NaN   	999999.0   	999999.0   	NaN       	-86.2
6520      	18:49:07  	74.5  	-62.3 	2     	NaN      	NaN   	999999.0   	999999.0   	NaN       	-86.2
6522      	18:49:09  	74.4  	-62.3 	2     	NaN      	NaN   	999999.0   	999999.0   	NaN       	-86.2
6524      	18:49:11  	74.3  	-62.3 	2     	NaN      	NaN   	999999.0   	999999.0   	NaN       	-86.2
6526      	18:49:13  	74.3  	-62.3 	2     	NaN      	NaN   	999999.0   	999999.0   	NaN       	-86.2
6528      	18:49:15  	74.2  	-62.3 	2     	NaN      	NaN   	999999.0   	999999.0   	NaN       	-86.2
6530      	18:49:17  	74.1  	-62.3 	2     	NaN      	NaN   	999999.0   	999999.0   	NaN       	-86.2
6532      	18:49:19  	74.1  	-62.3 	2     	NaN      	NaN   	999999.0   	999999.0   	NaN       	-86.1
6534      	18:49:21  	74.0  	-62.3 	2     	NaN      	NaN   	999999.0   	999999.0   	NaN       	-86.1
6536      	18:49:23  	73.9  	-62.3 	2     	NaN      	NaN   	999999.0   	999999.0   	NaN       	-86.1
6538      	18:49:25  	73.9  	-62.2 	2     	NaN      	NaN   	999999.0   	999999.0   	NaN       	-86.1
6540      	18:49:27  	73.8  	-62.2 	2     	NaN      	NaN   	999999.0   	999999.0   	NaN       	-86.1
6542      	18:49:29  	73.7  	-62.2 	2     	NaN      	NaN   	999999.0   	999999.0   	NaN       	-86.1
6544      	18:49:31  	73.7  	-62.2 	2     	NaN      	NaN   	999999.0   	999999.0   	NaN       	-86.1
6546      	18:49:33  	73.6  	-62.2 	2     	NaN      	NaN   	999999.0   	999999.0   	NaN       	-86.1
6548      	18:49:35  	73.5  	-62.2 	2     	NaN      	NaN   	999999.0   	999999.0   	NaN       	-86.1
6550      	18:49:37  	73.5  	-62.2 	2     	NaN      	NaN   	999999.0   	999999.0   	NaN       	-86.1
6552      	18:49:39  	73.4  	-62.2 	2     	NaN      	NaN   	999999.0   	999999.0   	NaN       	-86.1
6554      	18:49:41  	73.3  	-62.2 	2     	NaN      	NaN   	999999.0   	999999.0   	NaN       	-86.0
6556      	18:49:43  	73.3  	-62.2 	2     	NaN      	NaN   	999999.0   	999999.0   	NaN       	-86.0
6558      	18:49:45  	73.2  	-62.2 	2     	NaN      	NaN   	999999.0   	999999.0   	NaN       	-86.0
6560      	18:49:47  	73.1  	-62.2 	2     	NaN      	NaN   	999999.0   	999999.0   	NaN       	-86.0
6562      	18:49:49  	73.1  	-62.2 	2     	NaN      	NaN   	999999.0   	999999.0   	NaN       	-86.0
6564      	18:49:51  	73.0  	-62.2 	2     	NaN      	NaN   	999999.0   	999999.0   	NaN       	-85.9
6566      	18:49:53  	72.9  	-62.2 	2     	NaN      	NaN   	999999.0   	999999.0   	NaN       	-85.9
6568      	18:49:55  	72.9  	-62.2 	2     	NaN      	NaN   	999999.0   	999999.0   	NaN       	-85.9
6570      	18:49:57  	72.8  	-62.2 	2     	NaN      	NaN   	999999.0   	999999.0   	NaN       	-85.9
6572      	18:49:59  	72.7  	-62.2 	3     	NaN      	NaN   	999999.0   	999999.0   	NaN       	-84.9
6574      	18:50:01  	72.7  	-62.2 	3     	NaN      	NaN   	999999.0   	999999.0   	NaN       	-84.0
6576      	18:50:03  	72.6  	-62.2 	4     	NaN      	NaN   	999999.0   	999999.0   	NaN       	-83.2
6578      	18:50:05  	72.5  	-62.2 	4     	NaN      	NaN   	999999.0   	999999.0   	NaN       	-82.5
6580      	18:50:07  	72.5  	-62.2 	4     	NaN      	NaN   	999999.0   	999999.0   	NaN       	-82.6
6582      	18:50:09  	72.4  	-62.2 	4     	NaN      	NaN   	999999.0   	999999.0   	NaN       	-83.0
6584      	18:50:11  	72.3  	-62.2 	4     	NaN      	NaN   	999999.0   	999999.0   	NaN       	-83.5
6586      	18:50:13  	72.3  	-62.2 	3     	NaN      	NaN   	999999.0   	999999.0   	NaN       	-83.9
6588      	18:50:15  	72.2  	-62.2 	2     	NaN      	NaN   	999999.0   	999999.0   	NaN       	-86.0
6590      	18:50:17  	72.1  	-62.2 	2     	NaN      	NaN   	999999.0   	999999.0   	NaN       	-86.0
6592      	18:50:19  	72.1  	-62.2 	2     	NaN      	NaN   	999999.0   	999999.0   	NaN       	-86.0
6594      	18:50:21  	72.0  	-62.2 	2     	NaN      	NaN   	999999.0   	999999.0   	NaN       	-86.0
6596      	18:50:23  	71.9  	-62.2 	2     	NaN      	NaN   	999999.0   	999999.0   	NaN       	-86.0
6598      	18:50:25  	71.9  	-62.2 	2     	NaN      	NaN   	999999.0   	999999.0   	NaN       	-86.0
6600      	18:50:27  	71.8  	-62.2 	2     	NaN      	NaN   	999999.0   	999999.0   	NaN       	-86.0
6602      	18:50:29  	71.7  	-62.2 	2     	NaN      	NaN   	999999.0   	999999.0   	NaN       	-86.0
6604      	18:50:31  	71.7  	-62.2 	3     	13.1     	081   	-12.9      	-2.0       	NaN       	-85.7
6606      	18:50:33  	71.6  	-62.2 	13    	13.1     	081   	-12.9      	-2.0       	NaN       	-76.1
6608      	18:50:35  	71.5  	-62.2 	23    	13.1     	081   	-12.9      	-2.0       	NaN       	-72.4
6610      	18:50:37  	71.5  	-62.2 	35    	13.1     	081   	-12.9      	-2.0       	NaN       	-69.5
6612      	18:50:39  	71.4  	-62.2 	40    	13.1     	081   	-12.9      	-2.0       	NaN       	-68.6
6614      	18:50:41  	71.3  	-62.2 	33    	13.1     	081   	-12.9      	-2.0       	NaN       	-70.0
6616      	18:50:43  	71.3  	-62.2 	26    	13.1     	081   	-12.9      	-2.0       	NaN       	-71.4
6618      	18:50:45  	71.2  	-62.2 	23    	13.1     	081   	-12.9      	-2.0       	NaN       	-72.4
6620      	18:50:47  	71.1  	-62.2 	19    	13.1     	081   	-12.9      	-2.0       	NaN       	-73.5
6622      	18:50:49  	71.1  	-62.2 	14    	13.1     	081   	-12.9      	-2.0       	NaN       	-75.4
6624      	18:50:51  	71.0  	-62.2 	2     	13.1     	081   	-12.9      	-2.0       	NaN       	-86.0
6626      	18:50:53  	70.9  	-62.2 	2     	13.1     	081   	-12.9      	-2.0       	NaN       	-86.0
6628      	18:50:55  	70.9  	-62.2 	2     	13.1     	081   	-12.9      	-2.0       	NaN       	-86.0
6630      	18:50:57  	70.8  	-62.1 	2     	13.1     	081   	-12.9      	-2.0       	NaN       	-86.0
6632      	18:50:59  	70.7  	-62.1 	2     	13.1     	081   	-12.9      	-2.0       	NaN       	-86.0
6634      	18:51:01  	70.7  	-62.1 	2     	13.1     	081   	-12.9      	-2.0       	NaN       	-85.9
6636      	18:51:03  	70.6  	-62.1 	2     	13.1     	081   	-12.9      	-2.0       	NaN       	-85.9
6638      	18:51:05  	70.5  	-62.1 	2     	13.1     	081   	-12.9      	-2.0       	NaN       	-85.9
6640      	18:51:07  	70.5  	-62.1 	2     	13.1     	081   	-12.9      	-2.0       	NaN       	-85.9
6642      	18:51:09  	70.4  	-62.1 	2     	13.1     	081   	-12.9      	-2.0       	NaN       	-85.8
6644      	18:51:11  	70.3  	-62.1 	2     	13.1     	081   	-12.9      	-2.0       	NaN       	-85.8
6646      	18:51:13  	70.3  	-62.1 	2     	13.1     	081   	-12.9      	-2.0       	NaN       	-85.8
6648      	18:51:15  	70.2  	-62.1 	3     	13.1     	081   	-12.9      	-2.0       	NaN       	-85.8
6650      	18:51:17  	70.1  	-62.1 	3     	13.1     	081   	-12.9      	-2.0       	NaN       	-85.7
6652      	18:51:19  	70.1  	-62.1 	3     	13.1     	081   	-12.9      	-2.0       	NaN       	-85.7
6654      	18:51:21  	70.0  	-62.1 	3     	13.1     	081   	-12.9      	-2.0       	NaN       	-85.7
6656      	18:51:23  	69.9  	-62.0 	3     	13.1     	081   	-12.9      	-2.0       	NaN       	-85.6
6658      	18:51:25  	69.9  	-62.0 	3     	13.1     	081   	-12.9      	-2.0       	NaN       	-85.7
6660      	18:51:27  	69.8  	-62.0 	3     	13.1     	081   	-12.9      	-2.0       	NaN       	-85.7
6662      	18:51:29  	69.7  	-62.0 	3     	13.1     	081   	-12.9      	-2.0       	NaN       	-85.7
6664      	18:51:31  	69.7  	-62.0 	2     	13.1     	081   	-12.9      	-2.0       	NaN       	-85.7
6666      	18:51:33  	69.6  	-62.0 	2     	13.1     	081   	-12.9      	-2.0       	NaN       	-85.7
6668      	18:51:35  	69.5  	-62.0 	2     	13.1     	081   	-12.9      	-2.0       	NaN       	-85.7
6670      	18:51:37  	69.5  	-62.0 	2     	13.1     	081   	-12.9      	-2.0       	NaN       	-85.7
6672      	18:51:39  	69.4  	-62.0 	3     	13.1     	081   	-12.9      	-2.0       	NaN       	-85.7
6674      	18:51:41  	69.3  	-62.0 	3     	13.1     	081   	-12.9      	-2.0       	NaN       	-85.6
6676      	18:51:43  	69.3  	-62.0 	3     	13.1     	081   	-12.9      	-2.0       	NaN       	-85.6
6678      	18:51:45  	69.2  	-61.9 	3     	13.1     	081   	-12.9      	-2.0       	NaN       	-85.6
6680      	18:51:47  	69.1  	-61.9 	3     	13.1     	081   	-12.9      	-2.0       	NaN       	-85.5
6682      	18:51:49  	69.1  	-61.9 	3     	13.1     	081   	-12.9      	-2.0       	NaN       	-85.5
6684      	18:51:51  	69.0  	-61.9 	3     	13.1     	081   	-12.9      	-2.0       	NaN       	-85.5
6686      	18:51:53  	68.9  	-61.9 	3     	13.1     	081   	-12.9      	-2.0       	NaN       	-85.5
6688      	18:51:55  	68.9  	-61.9 	3     	13.1     	081   	-12.9      	-2.0       	NaN       	-85.5
6690      	18:51:57  	68.8  	-61.9 	3     	13.1     	081   	-12.9      	-2.0       	NaN       	-85.4
6692      	18:51:59  	68.7  	-61.9 	3     	13.1     	081   	-12.9      	-2.0       	NaN       	-85.4
6694      	18:52:01  	68.7  	-61.8 	3     	13.1     	081   	-12.9      	-2.0       	NaN       	-85.4
6696      	18:52:03  	68.6  	-61.8 	3     	13.1     	081   	-12.9      	-2.0       	NaN       	-85.4
6698      	18:52:05  	68.5  	-61.8 	3     	13.1     	081   	-12.9      	-2.0       	NaN       	-85.4
6700      	18:52:07  	68.5  	-61.8 	3     	13.1     	081   	-12.9      	-2.0       	NaN       	-85.4
6702      	18:52:09  	68.4  	-61.8 	3     	13.1     	081   	-12.9      	-2.0       	NaN       	-85.4
6704      	18:52:11  	68.3  	-61.8 	3     	13.1     	081   	-12.9      	-2.0       	NaN       	-85.4
6706      	18:52:13  	68.3  	-61.8 	3     	13.1     	081   	-12.9      	-2.0       	NaN       	-85.4
6708      	18:52:15  	68.2  	-61.8 	3     	13.1     	081   	-12.9      	-2.0       	NaN       	-85.4
6710      	18:52:17  	68.1  	-61.8 	3     	13.1     	081   	-12.9      	-2.0       	NaN       	-85.4
6712      	18:52:19  	68.1  	-61.7 	3     	13.1     	081   	-12.9      	-2.0       	NaN       	-85.4
6714      	18:52:21  	68.0  	-61.7 	3     	13.1     	081   	-12.9      	-2.0       	NaN       	-85.4
6716      	18:52:23  	67.9  	-61.7 	3     	13.1     	081   	-12.9      	-2.0       	NaN       	-85.4
6718      	18:52:25  	67.9  	-61.7 	3     	13.1     	081   	-12.9      	-2.0       	NaN       	-85.4
6720      	18:52:27  	67.8  	-61.7 	3     	13.1     	081   	-12.9      	-2.0       	NaN       	-85.4
6722      	18:52:29  	67.7  	-61.7 	3     	13.1     	081   	-12.9      	-2.0       	NaN       	-85.4
6724      	18:52:31  	67.7  	-61.7 	3     	13.1     	081   	-12.9      	-2.0       	NaN       	-85.3
6726      	18:52:33  	67.6  	-61.6 	3     	13.1     	081   	-12.9      	-2.0       	NaN       	-85.3
6728      	18:52:35  	67.5  	-61.6 	3     	13.1     	081   	-12.9      	-2.0       	NaN       	-85.3
6730      	18:52:37  	67.5  	-61.6 	3     	13.1     	081   	-12.9      	-2.0       	NaN       	-85.3
6732      	18:52:39  	67.4  	-61.6 	3     	13.1     	081   	-12.9      	-2.0       	NaN       	-85.3
6734      	18:52:41  	67.3  	-61.6 	3     	13.1     	081   	-12.9      	-2.0       	NaN       	-85.2
6736      	18:52:43  	67.3  	-61.6 	3     	13.1     	081   	-12.9      	-2.0       	NaN       	-85.2
6738      	18:52:45  	67.2  	-61.6 	3     	13.1     	081   	-12.9      	-2.0       	NaN       	-85.2
6740      	18:52:47  	67.1  	-61.6 	3     	13.1     	081   	-12.9      	-2.0       	NaN       	-85.2
6742      	18:52:49  	67.1  	-61.5 	3     	13.1     	081   	-12.9      	-2.0       	NaN       	-85.2
6744      	18:52:51  	67.0  	-61.5 	3     	13.1     	081   	-12.9      	-2.0       	NaN       	-85.2
6746      	18:52:53  	66.9  	-61.5 	3     	13.1     	081   	-12.9      	-2.0       	NaN       	-85.2
6748      	18:52:55  	66.9  	-61.5 	3     	13.1     	081   	-12.9      	-2.0       	NaN       	-85.2
6750      	18:52:57  	66.8  	-61.5 	3     	13.1     	081   	-12.9      	-2.0       	NaN       	-85.2
6752      	18:52:59  	66.8  	-61.5 	3     	13.1     	081   	-12.9      	-2.0       	NaN       	-85.2
6754      	18:53:01  	66.7  	-61.4 	3     	13.1     	081   	-12.9      	-2.0       	NaN       	-85.2
6756      	18:53:03  	66.6  	-61.4 	3     	13.1     	081   	-12.9      	-2.0       	NaN       	-85.2
6758      	18:53:05  	66.6  	-61.4 	3     	13.1     	081   	-12.9      	-2.0       	NaN       	-85.2
6760      	18:53:07  	66.5  	-61.4 	3     	13.1     	081   	-12.9      	-2.0       	NaN       	-85.1
6762      	18:53:09  	66.4  	-61.4 	3     	13.1     	081   	-12.9      	-2.0       	NaN       	-85.1
6764      	18:53:11  	66.4  	-61.4 	3     	13.1     	081   	-12.9      	-2.0       	NaN       	-85.1
6766      	18:53:13  	66.3  	-61.4 	3     	13.1     	081   	-12.9      	-2.0       	NaN       	-85.0
6768      	18:53:15  	66.2  	-61.4 	3     	13.1     	081   	-12.9      	-2.0       	NaN       	-85.0
6770      	18:53:17  	66.2  	-61.4 	3     	13.1     	081   	-12.9      	-2.0       	NaN       	-85.0
6772      	18:53:19  	66.1  	-61.4 	3     	13.1     	081   	-12.9      	-2.0       	NaN       	-85.0
6774      	18:53:21  	66.0  	-61.6 	3     	13.1     	081   	-12.9      	-2.0       	NaN       	-85.1
6776      	18:53:23  	66.0  	-61.7 	3     	13.1     	081   	-12.9      	-2.0       	NaN       	-85.1
6778      	18:53:25  	65.9  	-61.6 	4     	13.1     	081   	-12.9      	-2.0       	NaN       	-82.6
6780      	18:53:27  	65.8  	-61.6 	11    	13.1     	081   	-12.9      	-2.0       	NaN       	-76.3
6782      	18:53:29  	65.8  	-61.6 	22    	13.1     	081   	-12.9      	-2.0       	NaN       	-72.0
6784      	18:53:31  	65.7  	-61.6 	37    	13.1     	081   	-12.9      	-2.0       	NaN       	-68.5
6786      	18:53:33  	65.6  	-61.5 	51    	13.1     	081   	-12.9      	-2.0       	NaN       	-66.3
6788      	18:53:35  	65.6  	-61.5 	63    	13.1     	081   	-12.9      	-2.0       	NaN       	-64.9
6790      	18:53:37  	65.5  	-61.5 	74    	13.1     	081   	-12.9      	-2.0       	NaN       	-63.7
6792      	18:53:39  	65.4  	-61.5 	83    	13.1     	081   	-12.9      	-2.0       	NaN       	-62.9
6794      	18:53:41  	65.4  	-61.5 	87    	13.1     	081   	-12.9      	-2.0       	NaN       	-62.5
6796      	18:53:43  	65.3  	-61.5 	90    	13.1     	081   	-12.9      	-2.0       	NaN       	-62.2
6798      	18:53:45  	65.2  	-61.4 	94    	13.1     	081   	-12.9      	-2.0       	NaN       	-61.9
6800      	18:53:47  	65.2  	-61.4 	66    	13.1     	081   	-12.9      	-2.0       	NaN       	-64.4
6802      	18:53:49  	65.1  	-61.4 	56    	13.1     	081   	-12.9      	-2.0       	NaN       	-65.6
6804      	18:53:51  	65.0  	-61.4 	46    	13.1     	081   	-12.9      	-2.0       	NaN       	-66.9
6806      	18:53:53  	65.0  	-61.4 	36    	13.1     	081   	-12.9      	-2.0       	NaN       	-68.6
6808      	18:53:55  	64.9  	-61.4 	9     	13.1     	081   	-12.9      	-2.0       	NaN       	-77.7
6810      	18:53:57  	64.8  	-61.3 	3     	13.1     	081   	-12.9      	-2.0       	NaN       	-84.7
6812      	18:53:59  	64.8  	-61.3 	3     	13.1     	081   	-12.9      	-2.0       	NaN       	-84.6
6814      	18:54:01  	64.7  	-61.3 	3     	13.1     	081   	-12.9      	-2.0       	NaN       	-84.6
6816      	18:54:03  	64.6  	-61.3 	3     	13.1     	081   	-12.9      	-2.0       	NaN       	-84.6
6818      	18:54:05  	64.6  	-61.3 	3     	13.1     	081   	-12.9      	-2.0       	NaN       	-84.5
6820      	18:54:07  	64.5  	-61.3 	3     	13.1     	081   	-12.9      	-2.0       	NaN       	-84.5
6822      	18:54:09  	64.4  	-61.2 	3     	13.1     	081   	-12.9      	-2.0       	NaN       	-84.5
6824      	18:54:11  	64.4  	-61.2 	3     	13.1     	081   	-12.9      	-2.0       	NaN       	-84.5
6826      	18:54:13  	64.3  	-61.2 	3     	13.1     	081   	-12.9      	-2.0       	NaN       	-84.4
6828      	18:54:15  	64.2  	-61.2 	3     	13.1     	081   	-12.9      	-2.0       	NaN       	-84.4
6830      	18:54:17  	64.2  	-61.2 	3     	13.1     	081   	-12.9      	-2.0       	NaN       	-84.4
6832      	18:54:19  	64.1  	-61.2 	3     	13.1     	081   	-12.9      	-2.0       	NaN       	-84.4
6834      	18:54:21  	64.0  	-61.2 	3     	13.1     	081   	-12.9      	-2.0       	NaN       	-84.4
6836      	18:54:23  	64.0  	-61.2 	3     	13.1     	081   	-12.9      	-2.0       	NaN       	-84.4
6838      	18:54:25  	63.9  	-61.2 	3     	13.1     	081   	-12.9      	-2.0       	NaN       	-84.4
6840      	18:54:27  	63.8  	-61.2 	3     	13.1     	081   	-12.9      	-2.0       	NaN       	-84.4
6842      	18:54:29  	63.8  	-61.2 	3     	13.1     	081   	-12.9      	-2.0       	NaN       	-84.4
6844      	18:54:31  	63.7  	-61.2 	3     	13.1     	081   	-12.9      	-2.0       	NaN       	-84.4
6846      	18:54:33  	63.6  	-61.2 	3     	13.1     	081   	-12.9      	-2.0       	NaN       	-84.4
6848      	18:54:35  	63.6  	-61.2 	3     	13.1     	081   	-12.9      	-2.0       	NaN       	-84.3
6850      	18:54:37  	63.5  	-61.1 	3     	13.1     	081   	-12.9      	-2.0       	NaN       	-84.3
6852      	18:54:39  	63.4  	-61.1 	3     	13.1     	081   	-12.9      	-2.0       	NaN       	-84.2
6854      	18:54:41  	63.4  	-61.1 	4     	13.1     	081   	-12.9      	-2.0       	NaN       	-82.5
6856      	18:54:43  	63.3  	-61.1 	4     	13.1     	081   	-12.9      	-2.0       	NaN       	-82.3
6858      	18:54:45  	63.2  	-61.1 	4     	13.1     	081   	-12.9      	-2.0       	NaN       	-82.1
6860      	18:54:47  	63.2  	-61.1 	4     	13.1     	081   	-12.9      	-2.0       	NaN       	-82.1
6862      	18:54:49  	63.1  	-61.1 	4     	13.1     	081   	-12.9      	-2.0       	NaN       	-82.4
6864      	18:54:51  	63.0  	-61.1 	4     	13.1     	081   	-12.9      	-2.0       	NaN       	-82.4
6866      	18:54:53  	63.0  	-61.0 	4     	13.1     	081   	-12.9      	-2.0       	NaN       	-82.2
6868      	18:54:55  	62.9  	-61.0 	3     	13.1     	081   	-12.9      	-2.0       	NaN       	-83.8
6870      	18:54:57  	62.8  	-61.0 	3     	13.1     	081   	-12.9      	-2.0       	NaN       	-84.1
6872      	18:54:59  	62.8  	-61.0 	3     	13.1     	081   	-12.9      	-2.0       	NaN       	-84.1
6874      	18:55:01  	62.7  	-61.0 	3     	13.1     	081   	-12.9      	-2.0       	NaN       	-84.0
6876      	18:55:03  	62.6  	-61.0 	3     	13.1     	081   	-12.9      	-2.0       	NaN       	-84.0
6878      	18:55:05  	62.6  	-61.0 	3     	13.1     	081   	-12.9      	-2.0       	NaN       	-83.9
6880      	18:55:07  	62.5  	-60.9 	3     	13.1     	081   	-12.9      	-2.0       	NaN       	-83.9
6882      	18:55:09  	62.4  	-60.9 	3     	13.1     	081   	-12.9      	-2.0       	NaN       	-83.9
6884      	18:55:11  	62.4  	-60.9 	3     	13.1     	081   	-12.9      	-2.0       	NaN       	-83.9
6886      	18:55:13  	62.3  	-60.9 	3     	13.1     	081   	-12.9      	-2.0       	NaN       	-83.9
6888      	18:55:15  	62.2  	-60.9 	3     	13.1     	081   	-12.9      	-2.0       	NaN       	-83.8
6890      	18:55:17  	62.2  	-60.9 	3     	13.1     	081   	-12.9      	-2.0       	NaN       	-83.8
6892      	18:55:19  	62.1  	-60.9 	3     	13.1     	081   	-12.9      	-2.0       	NaN       	-83.8
6894      	18:55:21  	62.0  	-60.9 	3     	13.1     	081   	-12.9      	-2.0       	NaN       	-83.8
6896      	18:55:23  	62.0  	-60.9 	3     	13.1     	081   	-12.9      	-2.0       	NaN       	-83.8
6898      	18:55:25  	61.9  	-60.9 	3     	13.1     	081   	-12.9      	-2.0       	NaN       	-83.8
6900      	18:55:27  	61.8  	-60.9 	3     	13.1     	081   	-12.9      	-2.0       	NaN       	-83.7
6902      	18:55:29  	61.8  	-60.9 	3     	13.1     	081   	-12.9      	-2.0       	NaN       	-83.7
6904      	18:55:31  	61.7  	-60.8 	3     	13.1     	081   	-12.9      	-2.0       	NaN       	-83.6
6906      	18:55:33  	61.6  	-60.8 	3     	13.1     	081   	-12.9      	-2.0       	NaN       	-83.6
6908      	18:55:35  	61.6  	-60.8 	3     	13.1     	081   	-12.9      	-2.0       	NaN       	-83.6
6910      	18:55:37  	61.5  	-60.8 	3     	13.1     	081   	-12.9      	-2.0       	NaN       	-83.5
6912      	18:55:39  	61.4  	-60.8 	3     	13.1     	081   	-12.9      	-2.0       	NaN       	-83.5
6914      	18:55:41  	61.4  	-60.8 	3     	13.1     	081   	-12.9      	-2.0       	NaN       	-83.5
6916      	18:55:43  	61.3  	-60.8 	3     	13.1     	081   	-12.9      	-2.0       	NaN       	-83.5
6918      	18:55:45  	61.2  	-60.8 	3     	13.1     	081   	-12.9      	-2.0       	NaN       	-83.5
6920      	18:55:47  	61.2  	-60.8 	3     	13.1     	081   	-12.9      	-2.0       	NaN       	-83.5
6922      	18:55:49  	61.1  	-60.8 	3     	13.1     	081   	-12.9      	-2.0       	NaN       	-83.5
6924      	18:55:51  	61.0  	-60.8 	3     	13.1     	081   	-12.9      	-2.0       	NaN       	-83.5
6926      	18:55:53  	61.0  	-60.8 	3     	13.1     	081   	-12.9      	-2.0       	NaN       	-83.5
6928      	18:55:55  	60.9  	-60.8 	3     	13.1     	081   	-12.9      	-2.0       	NaN       	-83.5
6930      	18:55:57  	60.8  	-60.8 	3     	13.1     	081   	-12.9      	-2.0       	NaN       	-83.5
6932      	18:55:59  	60.8  	-60.8 	3     	13.1     	081   	-12.9      	-2.0       	NaN       	-83.5
6934      	18:56:01  	60.7  	-60.8 	3     	13.1     	081   	-12.9      	-2.0       	NaN       	-83.5
6936      	18:56:03  	60.6  	-60.8 	3     	13.1     	081   	-12.9      	-2.0       	NaN       	-83.5
6938      	18:56:05  	60.6  	-60.7 	3     	13.1     	081   	-12.9      	-2.0       	NaN       	-83.5
6940      	18:56:07  	60.5  	-60.7 	3     	13.1     	081   	-12.9      	-2.0       	NaN       	-83.5
6942      	18:56:09  	60.4  	-60.7 	3     	13.1     	081   	-12.9      	-2.0       	NaN       	-83.5
6944      	18:56:11  	60.4  	-60.7 	3     	13.1     	081   	-12.9      	-2.0       	NaN       	-83.5
6946      	18:56:13  	60.3  	-60.7 	3     	13.1     	081   	-12.9      	-2.0       	NaN       	-83.5
6948      	18:56:15  	60.2  	-60.7 	3     	13.1     	081   	-12.9      	-2.0       	NaN       	-83.5
6950      	18:56:17  	60.2  	-60.7 	3     	13.1     	081   	-12.9      	-2.0       	NaN       	-83.5
6952      	18:56:19  	60.1  	-60.7 	3     	13.1     	081   	-12.9      	-2.0       	NaN       	-83.5
6954      	18:56:21  	60.0  	-60.7 	3     	13.1     	081   	-12.9      	-2.0       	NaN       	-83.4
6956      	18:56:23  	60.0  	-60.7 	3     	13.1     	081   	-12.9      	-2.0       	NaN       	-83.4
6958      	18:56:25  	59.9  	-60.7 	3     	13.1     	081   	-12.9      	-2.0       	NaN       	-83.4
6960      	18:56:27  	59.8  	-60.7 	3     	13.1     	081   	-12.9      	-2.0       	NaN       	-83.4
6962      	18:56:29  	59.8  	-60.7 	3     	13.1     	081   	-12.9      	-2.0       	NaN       	-83.4
6964      	18:56:31  	59.7  	-60.7 	3     	13.1     	081   	-12.9      	-2.0       	NaN       	-83.4
6966      	18:56:33  	59.6  	-60.7 	3     	13.1     	081   	-12.9      	-2.0       	NaN       	-83.5
6968      	18:56:35  	59.6  	-60.6 	3     	13.1     	081   	-12.9      	-2.0       	NaN       	-83.4
6970      	18:56:37  	59.5  	-60.6 	3     	13.1     	081   	-12.9      	-2.0       	NaN       	-83.3
6972      	18:56:39  	59.4  	-60.6 	3     	13.1     	081   	-12.9      	-2.0       	NaN       	-83.3
6974      	18:56:41  	59.4  	-60.7 	3     	13.1     	081   	-12.9      	-2.0       	NaN       	-83.3
6976      	18:56:43  	59.3  	-60.7 	3     	13.1     	081   	-12.9      	-2.0       	NaN       	-83.2
6978      	18:56:45  	59.2  	-60.7 	3     	13.1     	081   	-12.9      	-2.0       	NaN       	-83.2
6980      	18:56:47  	59.2  	-60.7 	3     	13.1     	081   	-12.9      	-2.0       	NaN       	-83.2
6982      	18:56:49  	59.1  	-60.7 	3     	13.1     	081   	-12.9      	-2.0       	NaN       	-83.2
6984      	18:56:51  	59.0  	-60.7 	3     	13.1     	081   	-12.9      	-2.0       	NaN       	-83.2
6986      	18:56:53  	59.0  	-60.7 	3     	13.1     	081   	-12.9      	-2.0       	NaN       	-83.1
6988      	18:56:55  	58.9  	-60.7 	3     	13.1     	081   	-12.9      	-2.0       	NaN       	-83.1
6990      	18:56:57  	58.8  	-60.7 	3     	13.1     	081   	-12.9      	-2.0       	NaN       	-83.1
6992      	18:56:59  	58.8  	-60.7 	3     	13.1     	081   	-12.9      	-2.0       	NaN       	-83.0
6994      	18:57:01  	58.7  	-60.7 	3     	13.1     	081   	-12.9      	-2.0       	NaN       	-83.0
6996      	18:57:03  	58.6  	-60.7 	3     	13.1     	081   	-12.9      	-2.0       	NaN       	-83.0
6998      	18:57:05  	58.6  	-60.7 	3     	13.1     	081   	-12.9      	-2.0       	NaN       	-82.9
7000      	18:57:07  	58.5  	-60.6 	3     	13.1     	081   	-12.9      	-2.0       	NaN       	-82.9
7002      	18:57:09  	58.4  	-60.6 	3     	13.1     	081   	-12.9      	-2.0       	NaN       	-82.8
7004      	18:57:11  	58.4  	-60.6 	3     	13.1     	081   	-12.9      	-2.0       	NaN       	-82.8
7006      	18:57:13  	58.3  	-60.6 	3     	13.1     	081   	-12.9      	-2.0       	NaN       	-82.7
7008      	18:57:15  	58.2  	-60.6 	4     	13.1     	081   	-12.9      	-2.0       	NaN       	-82.6
7010      	18:57:17  	58.2  	-60.6 	4     	13.1     	081   	-12.9      	-2.0       	NaN       	-82.5
7012      	18:57:19  	58.1  	-60.6 	4     	13.1     	081   	-12.9      	-2.0       	NaN       	-82.5
7014      	18:57:21  	58.0  	-60.6 	4     	13.1     	081   	-12.9      	-2.0       	NaN       	-82.4
7016      	18:57:23  	58.0  	-60.6 	4     	13.1     	081   	-12.9      	-2.0       	NaN       	-82.3
7018      	18:57:25  	57.9  	-60.6 	4     	13.1     	081   	-12.9      	-2.0       	NaN       	-82.2
7020      	18:57:27  	57.8  	-60.6 	4     	13.1     	081   	-12.9      	-2.0       	NaN       	-82.2
7022      	18:57:29  	57.8  	-60.6 	4     	13.1     	081   	-12.9      	-2.0       	NaN       	-82.1
7024      	18:57:31  	57.7  	-60.6 	4     	13.1     	081   	-12.9      	-2.0       	NaN       	-82.0
7026      	18:57:33  	57.6  	-60.6 	4     	13.1     	081   	-12.9      	-2.0       	NaN       	-82.0
7028      	18:57:35  	57.6  	-60.6 	4     	13.1     	081   	-12.9      	-2.0       	NaN       	-81.9
7030      	18:57:37  	57.5  	-60.6 	4     	13.1     	081   	-12.9      	-2.0       	NaN       	-81.8
7032      	18:57:39  	57.4  	-60.6 	4     	13.1     	081   	-12.9      	-2.0       	NaN       	-81.8
7034      	18:57:41  	57.4  	-60.6 	4     	13.1     	081   	-12.9      	-2.0       	NaN       	-81.7
7036      	18:57:43  	57.3  	-60.6 	4     	13.1     	081   	-12.9      	-2.0       	NaN       	-81.6
7038      	18:57:45  	57.2  	-60.6 	4     	13.1     	081   	-12.9      	-2.0       	NaN       	-81.6
7040      	18:57:47  	57.2  	-60.6 	4     	13.1     	081   	-12.9      	-2.0       	NaN       	-81.5
7042      	18:57:49  	57.1  	-60.6 	4     	13.1     	081   	-12.9      	-2.0       	NaN       	-81.5
7044      	18:57:51  	57.0  	-60.6 	4     	13.1     	081   	-12.9      	-2.0       	NaN       	-81.5
7046      	18:57:53  	57.0  	-60.6 	4     	13.1     	081   	-12.9      	-2.0       	NaN       	-81.6
7048      	18:57:55  	56.9  	-60.6 	4     	13.1     	081   	-12.9      	-2.0       	NaN       	-81.7
7050      	18:57:57  	56.9  	-60.6 	4     	13.1     	081   	-12.9      	-2.0       	NaN       	-81.7
7052      	18:57:59  	56.8  	-60.6 	4     	13.1     	081   	-12.9      	-2.0       	NaN       	-81.8
7054      	18:58:01  	56.7  	-60.6 	4     	13.1     	081   	-12.9      	-2.0       	NaN       	-81.9
7056      	18:58:03  	56.7  	-60.5 	4     	13.1     	081   	-12.9      	-2.0       	NaN       	-81.9
7058      	18:58:05  	56.6  	-60.5 	4     	13.1     	081   	-12.9      	-2.0       	NaN       	-82.0
7060      	18:58:07  	56.5  	-60.6 	4     	13.1     	081   	-12.9      	-2.0       	NaN       	-82.2
7062      	18:58:09  	56.5  	-60.6 	4     	13.1     	081   	-12.9      	-2.0       	NaN       	-82.2
7064      	18:58:11  	56.4  	-60.5 	4     	13.1     	081   	-12.9      	-2.0       	NaN       	-82.2
7066      	18:58:13  	56.3  	-60.5 	4     	13.1     	081   	-12.9      	-2.0       	NaN       	-82.3
7068      	18:58:15  	56.3  	-60.5 	4     	13.1     	081   	-12.9      	-2.0       	NaN       	-82.3
7070      	18:58:17  	56.2  	-60.5 	4     	13.1     	081   	-12.9      	-2.0       	NaN       	-82.4
7072      	18:58:19  	56.1  	-60.5 	4     	13.1     	081   	-12.9      	-2.0       	NaN       	-82.5
7074      	18:58:21  	56.1  	-60.4 	3     	13.1     	081   	-12.9      	-2.0       	NaN       	-82.5
7076      	18:58:23  	56.0  	-59.8 	3     	13.1     	081   	-12.9      	-2.0       	20799     	-82.1
7078      	18:58:25  	55.9  	-59.9 	3     	13.1     	081   	-12.9      	-2.0       	20804     	-82.3
7080      	18:58:27  	55.9  	-59.9 	3     	13.1     	081   	-12.9      	-2.0       	20810     	-82.4
7082      	18:58:29  	55.8  	-60.0 	3     	13.1     	081   	-12.9      	-2.0       	20816     	-82.5
7084      	18:58:31  	55.7  	-60.0 	3     	13.7     	082   	-13.6      	-1.9       	20821     	-82.5
7086      	18:58:33  	55.7  	-60.0 	3     	14.8     	083   	-14.7      	-1.8       	20826     	-82.6
7088      	18:58:35  	55.7  	-59.9 	3     	15.8     	083   	-15.7      	-1.8       	20832     	-82.6
7090      	18:58:37  	55.6  	-59.9 	3     	16.8     	084   	-16.7      	-1.7       	20837     	-82.6
7092      	18:58:39  	55.6  	-59.8 	4     	17.9     	085   	-17.8      	-1.6       	20843     	-82.0
7094      	18:58:41  	55.5  	-59.8 	5     	18.9     	085   	-18.8      	-1.5       	20849     	-80.4
7096      	18:58:43  	55.5  	-59.8 	5     	19.9     	086   	-19.9      	-1.4       	20854     	-79.3
7098      	18:58:45  	55.4  	-59.7 	6     	20.9     	086   	-20.9      	-1.4       	20860     	-78.7
7100      	18:58:47  	55.4  	-59.7 	7     	21.9     	087   	-21.9      	-1.3       	20866     	-77.7
7102      	18:58:49  	55.3  	-59.6 	8     	23.0     	087   	-23.0      	-1.2       	20871     	-76.6
7104      	18:58:51  	55.3  	-59.6 	3     	23.3     	087   	-23.3      	-1.2       	20877     	-82.5
7106      	18:58:53  	55.2  	-59.6 	3     	23.2     	087   	-23.2      	-1.2       	20883     	-82.5
7108      	18:58:55  	55.1  	-59.5 	3     	23.2     	087   	-23.2      	-1.3       	20889     	-82.5
7110      	18:58:57  	55.1  	-59.5 	3     	23.1     	087   	-23.1      	-1.3       	20894     	-82.5
7112      	18:58:59  	55.0  	-59.5 	3     	23.0     	087   	-23.0      	-1.4       	20900     	-82.5
7114      	18:59:01  	55.0  	-59.4 	3     	22.9     	086   	-22.9      	-1.5       	20906     	-82.4
7116      	18:59:03  	54.9  	-59.4 	3     	22.8     	086   	-22.8      	-1.5       	20912     	-82.5
7118      	18:59:05  	54.9  	-59.4 	3     	22.8     	086   	-22.7      	-1.6       	20917     	-82.5
7120      	18:59:07  	54.8  	-59.4 	3     	22.8     	086   	-22.7      	-1.6       	20923     	-82.5
7122      	18:59:09  	54.8  	-59.4 	3     	22.7     	086   	-22.6      	-1.7       	20929     	-82.5
7124      	18:59:11  	54.7  	-59.4 	3     	22.6     	085   	-22.5      	-1.8       	20935     	-82.5
7126      	18:59:13  	54.7  	-59.3 	24    	22.5     	085   	-22.4      	-1.8       	20940     	-69.4
7128      	18:59:15  	54.6  	-59.3 	53    	22.5     	085   	-22.4      	-1.8       	20946     	-64.0
7130      	18:59:17  	54.6  	-59.3 	83    	22.5     	085   	-22.4      	-1.8       	20952     	-60.7
7132      	18:59:19  	54.5  	-59.3 	100   	22.5     	085   	-22.4      	-1.8       	20957     	-59.3
7134      	18:59:21  	54.5  	-59.2 	92    	22.5     	085   	-22.4      	-1.8       	20963     	-59.9
7136      	18:59:23  	54.4  	-59.2 	68    	22.5     	085   	-22.4      	-1.8       	20969     	-62.1
7138      	18:59:25  	54.4  	-59.2 	44    	22.5     	085   	-22.4      	-1.8       	20975     	-65.2
7140      	18:59:27  	54.3  	-59.1 	20    	22.5     	085   	-22.4      	-1.8       	20980     	-70.6
7142      	18:59:29  	54.3  	-59.1 	3     	22.5     	085   	-22.4      	-1.8       	20986     	-82.2
7144      	18:59:31  	54.2  	-59.1 	3     	22.5     	085   	-22.4      	-1.8       	20992     	-82.2
7146      	18:59:33  	54.2  	-59.1 	3     	22.5     	085   	-22.4      	-1.8       	20998     	-82.2
7148      	18:59:35  	54.1  	-59.1 	3     	22.5     	085   	-22.4      	-1.8       	21003     	-82.2
7150      	18:59:37  	54.1  	-59.1 	3     	22.5     	085   	-22.4      	-1.8       	21009     	-82.2
7152      	18:59:39  	54.0  	-59.1 	3     	22.5     	085   	-22.4      	-1.8       	21015     	-82.2
7154      	18:59:41  	54.0  	-59.1 	3     	22.5     	085   	-22.4      	-1.8       	21021     	-82.2
7156      	18:59:43  	54.0  	-59.0 	3     	22.5     	085   	-22.4      	-1.8       	21026     	-82.1
7158      	18:59:45  	53.9  	-59.0 	3     	22.5     	085   	-22.4      	-1.8       	21032     	-82.1
7160      	18:59:47  	53.9  	-59.0 	3     	22.5     	085   	-22.4      	-1.8       	21038     	-82.0
7162      	18:59:49  	53.8  	-59.0 	3     	22.5     	085   	-22.4      	-1.8       	21043     	-82.1
7164      	18:59:51  	53.8  	-59.1 	3     	22.5     	085   	-22.4      	-1.8       	21049     	-82.1
7166      	18:59:53  	53.7  	-59.1 	3     	22.5     	085   	-22.4      	-1.8       	21055     	-82.1
7168      	18:59:55  	53.7  	-59.1 	3     	22.5     	085   	-22.4      	-1.8       	21061     	-82.1
7170      	18:59:57  	53.6  	-59.1 	3     	22.5     	085   	-22.4      	-1.8       	21066     	-82.0
7172      	18:59:59  	53.6  	-59.1 	3     	22.5     	085   	-22.4      	-1.8       	21072     	-82.0
7174      	19:00:01  	53.5  	-59.1 	3     	22.5     	085   	-22.4      	-1.8       	21078     	-81.9
7176      	19:00:03  	53.5  	-59.2 	3     	22.5     	085   	-22.4      	-1.8       	21084     	-81.9
7178      	19:00:05  	53.4  	-59.2 	3     	22.5     	085   	-22.4      	-1.8       	21090     	-81.8
7180      	19:00:07  	53.4  	-59.3 	3     	22.5     	085   	-22.4      	-1.8       	21096     	-81.8
7182      	19:00:09  	53.3  	-59.4 	3     	22.7     	085   	-22.6      	-1.9       	21103     	-81.8
7184      	19:00:11  	53.2  	-59.7 	3     	23.2     	085   	-23.1      	-2.1       	21109     	-82.0
7186      	19:00:13  	53.2  	-59.7 	3     	23.7     	085   	-23.6      	-2.2       	21116     	-82.0
7188      	19:00:15  	53.1  	-59.8 	4     	24.2     	084   	-24.1      	-2.4       	21122     	-82.0
7190      	19:00:17  	53.1  	-59.8 	4     	24.6     	084   	-24.5      	-2.5       	21129     	-82.0
7192      	19:00:19  	53.0  	-59.9 	4     	25.1     	084   	-25.0      	-2.7       	21136     	-81.9
7194      	19:00:21  	53.0  	-59.9 	4     	25.9     	083   	-25.7      	-3.1       	21143     	-81.9
7196      	19:00:23  	52.9  	-60.0 	4     	27.0     	082   	-26.7      	-3.9       	21150     	-82.0
7198      	19:00:25  	52.8  	-60.1 	4     	28.1     	080   	-27.7      	-4.7       	21156     	-82.0
7200      	19:00:27  	52.8  	-60.2 	4     	29.1     	079   	-28.6      	-5.5       	21164     	-82.0
7202      	19:00:29  	52.7  	-60.2 	4     	30.0     	078   	-29.4      	-6.2       	21171     	-82.0
7204      	19:00:31  	52.7  	-60.2 	4     	30.7     	077   	-29.9      	-6.8       	21179     	-82.0
7206      	19:00:33  	52.6  	-60.3 	4     	31.3     	076   	-30.4      	-7.4       	21186     	-82.0
7208      	19:00:35  	52.5  	-60.3 	4     	31.9     	075   	-30.9      	-8.1       	21193     	-82.0
7210      	19:00:37  	52.5  	-60.3 	4     	32.6     	075   	-31.4      	-8.7       	21201     	-82.0
7212      	19:00:39  	52.4  	-60.3 	4     	33.2     	074   	-31.9      	-9.3       	21208     	-82.0
7214      	19:00:41  	52.3  	-60.4 	4     	33.5     	073   	-32.1      	-9.7       	21216     	-82.0
7216      	19:00:43  	52.3  	-60.4 	4     	33.5     	073   	-32.1      	-9.7       	21223     	-82.0
7218      	19:00:45  	52.2  	-60.4 	4     	33.5     	073   	-32.1      	-9.7       	21231     	-82.0
7220      	19:00:47  	52.2  	-60.4 	4     	33.5     	073   	-32.1      	-9.7       	21238     	-82.0
7222      	19:00:49  	52.1  	-60.5 	4     	33.5     	073   	-32.1      	-9.7       	21245     	-82.1
7224      	19:00:51  	52.0  	-60.5 	4     	33.5     	073   	-32.1      	-9.7       	21253     	-82.1
7226      	19:00:53  	52.0  	-60.5 	4     	33.5     	073   	-32.1      	-9.7       	21260     	-82.1
7228      	19:00:55  	51.9  	-60.5 	4     	33.5     	073   	-32.1      	-9.7       	21268     	-82.2
7230      	19:00:57  	51.8  	-60.6 	4     	33.5     	073   	-32.1      	-9.7       	21275     	-82.2
7232      	19:00:59  	51.8  	-60.6 	4     	33.5     	073   	-32.1      	-9.7       	21283     	-82.3
7234      	19:01:01  	51.7  	-60.5 	4     	33.5     	073   	-32.1      	-9.7       	21290     	-82.3
7236      	19:01:03  	51.7  	-60.4 	4     	33.5     	073   	-32.1      	-9.7       	21297     	-82.2
7238      	19:01:05  	51.6  	-60.4 	4     	33.5     	073   	-32.1      	-9.7       	21305     	-82.2
7240      	19:01:07  	51.5  	-60.3 	4     	33.5     	073   	-32.1      	-9.7       	21312     	-82.2
7242      	19:01:09  	51.5  	-60.3 	4     	33.5     	073   	-32.1      	-9.7       	21320     	-82.2
7244      	19:01:11  	51.4  	-60.2 	4     	33.5     	073   	-32.1      	-9.7       	21327     	-82.1
7246      	19:01:13  	51.4  	-60.1 	4     	33.5     	073   	-32.1      	-9.7       	21335     	-82.0
7248      	19:01:15  	51.3  	-60.1 	4     	33.5     	073   	-32.1      	-9.7       	21342     	-82.1
7250      	19:01:17  	51.2  	-60.1 	4     	33.5     	073   	-32.1      	-9.7       	21349     	-82.1
7252      	19:01:19  	51.2  	-60.1 	4     	33.5     	073   	-32.1      	-9.7       	21357     	-82.1
7254      	19:01:21  	51.1  	-60.1 	4     	33.5     	073   	-32.1      	-9.7       	21364     	-82.1
7256      	19:01:23  	51.0  	-60.0 	4     	33.5     	073   	-32.1      	-9.7       	21372     	-82.1
7258      	19:01:25  	51.0  	-60.0 	4     	33.5     	073   	-32.1      	-9.7       	21379     	-82.1
7260      	19:01:27  	50.9  	-60.0 	4     	33.5     	073   	-32.1      	-9.7       	21387     	-82.1
7262      	19:01:29  	50.9  	-60.0 	4     	33.5     	073   	-32.1      	-9.7       	21394     	-82.1
7264      	19:01:31  	50.8  	-59.9 	4     	33.5     	073   	-32.1      	-9.7       	21401     	-82.1
7266      	19:01:33  	50.7  	-59.9 	4     	33.5     	073   	-32.1      	-9.7       	21409     	-82.0
7268      	19:01:35  	50.7  	-59.9 	4     	33.5     	073   	-32.1      	-9.7       	21416     	-82.0
7270      	19:01:37  	50.6  	-59.9 	4     	33.5     	073   	-32.1      	-9.7       	21424     	-82.0
7272      	19:01:39  	50.6  	-59.9 	4     	33.5     	073   	-32.1      	-9.7       	21431     	-81.9
7274      	19:01:41  	50.5  	-59.9 	4     	33.5     	073   	-32.1      	-9.7       	21439     	-81.8
7276      	19:01:43  	50.4  	-59.8 	4     	33.5     	073   	-32.1      	-9.7       	21446     	-81.8
7278      	19:01:45  	50.4  	-59.8 	4     	33.5     	073   	-32.1      	-9.7       	21453     	-81.9
7280      	19:01:47  	50.3  	-59.7 	4     	33.7     	074   	-32.3      	-9.5       	21460     	-81.9
7282      	19:01:49  	50.3  	-59.7 	4     	33.9     	074   	-32.7      	-9.1       	21467     	-81.9
7284      	19:01:51  	50.2  	-59.6 	3     	34.2     	075   	-33.1      	-8.8       	21474     	-81.9
7286      	19:01:53  	50.2  	-59.6 	3     	34.5     	076   	-33.5      	-8.4       	21480     	-81.8
7288      	19:01:55  	50.1  	-59.5 	3     	34.9     	077   	-33.9      	-8.1       	21487     	-81.8
7290      	19:01:57  	50.1  	-59.4 	3     	35.2     	077   	-34.3      	-7.7       	21494     	-81.8
7292      	19:01:59  	50.0  	-59.4 	3     	35.5     	078   	-34.7      	-7.3       	21500     	-81.7
7294      	19:02:01  	50.0  	-59.3 	3     	35.9     	079   	-35.2      	-6.9       	21507     	-81.7
7296      	19:02:03  	49.9  	-59.2 	3     	36.2     	080   	-35.6      	-6.4       	21513     	-81.7
7298      	19:02:05  	49.9  	-59.2 	3     	36.5     	081   	-36.0      	-5.9       	21519     	-81.7
7300      	19:02:07  	49.8  	-59.3 	3     	36.6     	081   	-36.2      	-5.6       	21526     	-81.7
7302      	19:02:09  	49.8  	-59.3 	3     	36.6     	081   	-36.2      	-5.5       	21532     	-81.7
7304      	19:02:11  	49.7  	-59.2 	3     	36.6     	082   	-36.2      	-5.4       	21538     	-81.7
7306      	19:02:13  	49.7  	-59.1 	3     	36.5     	081   	-36.1      	-5.4       	21544     	-81.6
7308      	19:02:15  	49.6  	-59.1 	3     	36.5     	081   	-36.1      	-5.4       	21550     	-81.5
7310      	19:02:17  	49.6  	-59.0 	3     	36.4     	081   	-36.0      	-5.4       	21556     	-81.4
7312      	19:02:19  	49.5  	-59.0 	3     	36.4     	081   	-36.0      	-5.4       	21563     	-81.4
7314      	19:02:21  	49.5  	-58.9 	3     	36.3     	081   	-35.9      	-5.5       	21569     	-81.3
7316      	19:02:23  	49.4  	-58.9 	9     	35.9     	082   	-35.5      	-5.0       	21575     	-75.4
7318      	19:02:25  	49.4  	-58.9 	14    	35.0     	084   	-34.8      	-3.8       	21581     	-72.5
7320      	19:02:27  	49.3  	-58.9 	15    	34.2     	085   	-34.1      	-2.7       	21587     	-72.3
7322      	19:02:29  	49.3  	-59.1 	13    	33.3     	087   	-33.3      	-1.6       	21593     	-73.2
7324      	19:02:31  	49.2  	-59.3 	13    	32.6     	089   	-32.6      	-0.4       	21599     	-73.3
7326      	19:02:33  	49.2  	-59.5 	15    	31.9     	091   	-31.9      	0.8        	21605     	-72.5
7328      	19:02:35  	49.1  	-59.4 	15    	31.3     	094   	-31.2      	2.1        	21610     	-72.7
7330      	19:02:37  	49.1  	-59.4 	10    	30.7     	096   	-30.5      	3.3        	21616     	-75.3
7332      	19:02:39  	49.0  	-59.3 	4     	30.2     	099   	-29.8      	4.6        	21622     	-81.5
7334      	19:02:41  	49.0  	-59.2 	4     	29.7     	101   	-29.1      	5.8        	21628     	-81.4
7336      	19:02:43  	49.0  	-59.2 	4     	29.5     	103   	-28.8      	6.4        	21634     	-81.3
7338      	19:02:45  	48.9  	-59.1 	4     	29.5     	103   	-28.8      	6.4        	21639     	-81.2
7340      	19:02:47  	48.9  	-59.1 	4     	29.5     	103   	-28.8      	6.4        	21645     	-81.1
7342      	19:02:49  	48.8  	-59.0 	4     	29.5     	103   	-28.8      	6.4        	21651     	-81.1
7344      	19:02:51  	48.8  	-58.9 	4     	29.5     	103   	-28.8      	6.4        	21657     	-81.1
7346      	19:02:53  	48.7  	-58.9 	4     	29.5     	103   	-28.8      	6.4        	21663     	-81.0
7348      	19:02:55  	48.7  	-58.8 	4     	29.5     	103   	-28.8      	6.4        	21669     	-80.9
7350      	19:02:57  	48.6  	-58.7 	4     	29.5     	103   	-28.8      	6.4        	21674     	-80.9
7352      	19:02:59  	48.6  	-58.7 	4     	29.5     	103   	-28.8      	6.4        	21680     	-80.8
7354      	19:03:01  	48.5  	-58.6 	4     	29.5     	103   	-28.8      	6.4        	21686     	-80.8
7356      	19:03:03  	48.5  	-58.6 	4     	29.5     	103   	-28.8      	6.4        	21692     	-80.7
7358      	19:03:05  	48.5  	-58.5 	4     	29.5     	103   	-28.8      	6.4        	21698     	-80.6
7360      	19:03:07  	48.4  	-58.4 	4     	29.5     	103   	-28.8      	6.4        	21703     	-80.6
7362      	19:03:09  	48.4  	-58.8 	4     	29.5     	103   	-28.8      	6.4        	21709     	-80.9
7364      	19:03:11  	48.3  	-58.8 	4     	29.5     	103   	-28.8      	6.4        	21715     	-80.9
7366      	19:03:13  	48.3  	-58.8 	4     	29.5     	103   	-28.8      	6.4        	21721     	-80.9
7368      	19:03:15  	48.2  	-58.8 	4     	29.5     	103   	-28.8      	6.4        	21727     	-80.9
7370      	19:03:17  	48.2  	-58.8 	4     	29.5     	103   	-28.8      	6.4        	21733     	-80.9
7372      	19:03:19  	48.1  	-58.8 	4     	29.5     	103   	-28.8      	6.4        	21738     	-80.9
7374      	19:03:21  	48.1  	-58.8 	4     	29.5     	103   	-28.8      	6.4        	21744     	-80.9
7376      	19:03:23  	48.1  	-58.8 	4     	29.5     	103   	-28.8      	6.4        	21750     	-80.9
7378      	19:03:25  	48.0  	-58.8 	4     	29.5     	103   	-28.8      	6.4        	21756     	-80.9
7380      	19:03:27  	48.0  	-58.8 	4     	29.5     	103   	-28.8      	6.4        	21762     	-80.9
7382      	19:03:29  	47.9  	-58.8 	4     	29.5     	103   	-28.8      	6.4        	21767     	-80.9
7384      	19:03:31  	47.9  	-58.8 	4     	29.5     	103   	-28.8      	6.4        	21773     	-80.9
7386      	19:03:33  	47.8  	-58.8 	4     	29.5     	103   	-28.8      	6.4        	21779     	-80.9
7388      	19:03:35  	47.8  	-58.8 	4     	29.5     	103   	-28.8      	6.4        	21785     	-80.9
7390      	19:03:37  	47.7  	-58.8 	4     	29.5     	103   	-28.8      	6.4        	21791     	-80.8
7392      	19:03:39  	47.7  	-58.8 	4     	29.5     	103   	-28.8      	6.4        	21797     	-80.8
7394      	19:03:41  	47.7  	-58.6 	4     	29.5     	103   	-28.8      	6.4        	21802     	-80.7
7396      	19:03:43  	47.6  	-58.6 	4     	29.5     	103   	-28.8      	6.4        	21808     	-80.7
7398      	19:03:45  	47.6  	-58.4 	4     	29.5     	103   	-28.8      	6.4        	21814     	-80.5
7400      	19:03:47  	47.5  	-58.3 	4     	29.5     	103   	-28.8      	6.4        	21820     	-80.5
7402      	19:03:49  	47.5  	-58.3 	4     	29.5     	103   	-28.8      	6.4        	21826     	-80.4
7404      	19:03:51  	47.4  	-58.3 	4     	29.5     	103   	-28.8      	6.4        	21831     	-80.4
7406      	19:03:53  	47.4  	-58.3 	4     	29.5     	103   	-28.8      	6.4        	21837     	-80.5
7408      	19:03:55  	47.3  	-58.3 	4     	29.5     	103   	-28.8      	6.4        	21843     	-80.5
7410      	19:03:57  	47.3  	-58.3 	4     	29.5     	103   	-28.8      	6.4        	21849     	-80.5
7412      	19:03:59  	47.3  	-58.3 	4     	29.5     	103   	-28.8      	6.4        	21855     	-80.5
7414      	19:04:01  	47.2  	-58.3 	4     	29.5     	103   	-28.8      	6.4        	21861     	-80.5
7416      	19:04:03  	47.2  	-58.4 	4     	29.5     	103   	-28.8      	6.4        	21868     	-80.6
7418      	19:04:05  	47.1  	-58.4 	4     	29.5     	103   	-28.8      	6.4        	21874     	-80.6
7420      	19:04:07  	47.1  	-58.4 	4     	29.5     	103   	-28.8      	6.4        	21881     	-80.6
7422      	19:04:09  	47.0  	-58.4 	4     	29.3     	103   	-28.6      	6.5        	21887     	-80.6
7424      	19:04:11  	47.0  	-58.4 	4     	28.8     	104   	-28.0      	6.8        	21893     	-80.7
7426      	19:04:13  	46.9  	-58.4 	4     	28.2     	105   	-27.3      	7.1        	21899     	-80.7
7428      	19:04:15  	46.9  	-58.4 	4     	27.6     	105   	-26.6      	7.3        	21905     	-80.7
7430      	19:04:17  	46.8  	-58.3 	4     	27.0     	106   	-25.9      	7.6        	21911     	-80.7
7432      	19:04:19  	46.8  	-58.3 	4     	26.5     	107   	-25.3      	7.9        	21917     	-80.6
7434      	19:04:21  	46.7  	-58.3 	4     	25.9     	108   	-24.6      	8.1        	21923     	-80.6
7436      	19:04:23  	46.7  	-58.3 	4     	25.3     	109   	-23.9      	8.4        	21929     	-80.6
7438      	19:04:25  	46.7  	-58.3 	4     	24.5     	110   	-23.0      	8.5        	21935     	-80.5
7440      	19:04:27  	46.6  	-58.2 	4     	23.7     	111   	-22.1      	8.5        	21941     	-80.5
7442      	19:04:29  	46.6  	-58.2 	4     	22.9     	112   	-21.3      	8.5        	21947     	-80.5
7444      	19:04:31  	46.5  	-58.2 	4     	22.7     	111   	-21.1      	8.3        	21953     	-80.5
7446      	19:04:33  	46.5  	-58.1 	4     	22.3     	111   	-20.8      	8.1        	21959     	-80.5
7448      	19:04:35  	46.4  	-58.1 	4     	21.9     	111   	-20.5      	7.8        	21965     	-80.5
7450      	19:04:37  	46.4  	-58.0 	4     	21.4     	110   	-20.1      	7.4        	21971     	-80.5
7452      	19:04:39  	46.4  	-58.0 	4     	20.9     	109   	-19.7      	6.9        	21977     	-80.5
7454      	19:04:41  	46.3  	-57.9 	4     	20.5     	109   	-19.4      	6.5        	21983     	-80.5
7456      	19:04:43  	46.3  	-57.8 	3     	20.0     	108   	-19.0      	6.1        	21989     	-80.4
7458      	19:04:45  	46.2  	-57.8 	3     	19.7     	107   	-18.8      	5.8        	21995     	-80.4
7460      	19:04:47  	46.2  	-57.7 	3     	19.4     	107   	-18.6      	5.6        	22001     	-80.4
7462      	19:04:49  	46.1  	-57.7 	3     	19.0     	106   	-18.3      	5.2        	22007     	-80.4
7464      	19:04:51  	46.1  	-57.6 	3     	18.5     	105   	-17.9      	4.8        	22013     	-80.4
7466      	19:04:53  	46.0  	-57.6 	3     	18.1     	104   	-17.6      	4.4        	22018     	-80.3
7468      	19:04:55  	46.0  	-57.5 	3     	17.9     	104   	-17.4      	4.2        	22024     	-80.3
7470      	19:04:57  	46.0  	-57.5 	3     	17.7     	103   	-17.2      	4.0        	22030     	-80.3
7472      	19:04:59  	45.9  	-57.4 	3     	17.4     	103   	-17.0      	3.8        	22036     	-80.3
7474      	19:05:01  	45.9  	-57.4 	3     	17.2     	102   	-16.8      	3.7        	22042     	-80.2
7476      	19:05:03  	45.8  	-57.3 	3     	17.1     	102   	-16.7      	3.5        	22048     	-80.2
7478      	19:05:05  	45.8  	-57.3 	3     	16.9     	101   	-16.6      	3.1        	22053     	-80.1
7480      	19:05:07  	45.7  	-57.2 	3     	16.8     	099   	-16.6      	2.7        	22059     	-80.0
7482      	19:05:09  	45.7  	-57.2 	3     	17.0     	098   	-16.8      	2.4        	22065     	-80.0
7484      	19:05:11  	45.7  	-57.1 	3     	17.0     	097   	-16.9      	2.2        	22071     	-79.9
7486      	19:05:13  	45.6  	-57.1 	3     	17.1     	096   	-17.0      	1.9        	22077     	-79.8
7488      	19:05:15  	45.6  	-57.0 	4     	17.3     	096   	-17.2      	1.7        	22083     	-79.7
7490      	19:05:17  	45.5  	-56.9 	4     	17.4     	094   	-17.4      	1.2        	22089     	-79.7
7492      	19:05:19  	45.5  	-56.9 	4     	17.6     	092   	-17.6      	0.6        	22094     	-79.6
7494      	19:05:21  	45.5  	-56.8 	4     	17.8     	090   	-17.8      	0.1        	22100     	-79.6
7496      	19:05:23  	45.4  	-56.8 	3     	18.0     	088   	-18.0      	-0.5       	22106     	-79.6
7498      	19:05:25  	45.4  	-56.7 	3     	18.1     	087   	-18.1      	-0.8       	22112     	-79.6
7500      	19:05:27  	45.3  	-56.6 	3     	18.2     	087   	-18.2      	-1.1       	22118     	-79.6
7502      	19:05:29  	45.3  	-56.6 	3     	18.5     	085   	-18.4      	-1.6       	22124     	-79.6
7504      	19:05:31  	45.2  	-56.5 	3     	18.6     	083   	-18.5      	-2.2       	22130     	-79.6
7506      	19:05:33  	45.2  	-56.5 	3     	18.9     	081   	-18.7      	-2.8       	22135     	-79.6
7508      	19:05:35  	45.2  	-56.4 	3     	19.2     	080   	-18.9      	-3.4       	22142     	-79.6
7510      	19:05:37  	45.1  	-56.4 	3     	19.4     	079   	-19.0      	-3.8       	22148     	-79.6
7512      	19:05:39  	45.1  	-56.4 	3     	19.5     	078   	-19.1      	-4.1       	22154     	-79.6
7514      	19:05:41  	45.0  	-56.3 	3     	19.7     	078   	-19.2      	-4.2       	22160     	-79.6
7516      	19:05:43  	45.0  	-56.3 	3     	19.8     	078   	-19.4      	-4.2       	22166     	-79.6
7518      	19:05:45  	44.9  	-56.2 	3     	20.0     	078   	-19.5      	-4.3       	22172     	-79.5
7520      	19:05:47  	44.9  	-56.2 	3     	20.2     	078   	-19.7      	-4.3       	22178     	-79.4
7522      	19:05:49  	44.9  	-56.1 	3     	20.2     	078   	-19.8      	-4.2       	22184     	-79.3
7524      	19:05:51  	44.8  	-56.1 	3     	20.3     	079   	-19.9      	-3.9       	22190     	-79.3
7526      	19:05:53  	44.8  	-56.1 	3     	20.3     	080   	-20.0      	-3.7       	22196     	-79.2
7528      	19:05:55  	44.7  	-56.0 	3     	20.6     	081   	-20.3      	-3.2       	22203     	-79.2
7530      	19:05:57  	44.7  	-56.0 	3     	20.9     	082   	-20.7      	-2.8       	22209     	-79.2
7532      	19:05:59  	44.6  	-55.9 	3     	21.1     	084   	-21.0      	-2.3       	22215     	-79.1
7534      	19:06:01  	44.6  	-55.9 	3     	21.3     	085   	-21.2      	-2.0       	22221     	-79.1
7536      	19:06:03  	44.6  	-55.8 	3     	21.6     	085   	-21.5      	-1.7       	22227     	-79.1
7538      	19:06:05  	44.5  	-55.8 	3     	21.8     	086   	-21.7      	-1.5       	22233     	-79.1
7540      	19:06:07  	44.5  	-55.7 	3     	22.0     	087   	-22.0      	-1.2       	22239     	-79.1
7542      	19:06:09  	44.4  	-55.7 	3     	22.4     	088   	-22.4      	-0.8       	22245     	-79.1
7544      	19:06:11  	44.4  	-55.6 	3     	22.9     	089   	-22.9      	-0.4       	22251     	-79.0
7546      	19:06:13  	44.3  	-55.6 	3     	23.3     	090   	-23.3      	-0.1       	22257     	-79.0
7548      	19:06:15  	44.3  	-55.6 	3     	23.5     	090   	-23.5      	0.1        	22263     	-78.9
7550      	19:06:17  	44.3  	-55.6 	3     	23.7     	090   	-23.7      	0.2        	22269     	-78.8
7552      	19:06:19  	44.2  	-55.6 	3     	24.0     	091   	-24.0      	0.4        	22275     	-78.8
7554      	19:06:21  	44.2  	-55.5 	3     	24.3     	091   	-24.3      	0.6        	22281     	-78.8
7556      	19:06:23  	44.1  	-55.5 	3     	24.7     	092   	-24.7      	0.9        	22287     	-78.7
7558      	19:06:25  	44.1  	-55.5 	3     	25.0     	093   	-25.0      	1.1        	22292     	-78.7
7560      	19:06:27  	44.1  	-55.5 	3     	25.3     	093   	-25.3      	1.3        	22298     	-78.7
7562      	19:06:29  	44.0  	-55.5 	3     	25.5     	093   	-25.5      	1.4        	22304     	-78.6
7564      	19:06:31  	44.0  	-55.5 	3     	25.6     	093   	-25.6      	1.5        	22310     	-78.6
7566      	19:06:33  	43.9  	-55.4 	3     	25.8     	093   	-25.8      	1.5        	22315     	-78.6
