Time [sec]	Time (UTC)	P [mB]	T [°F]	Hu [%]	Ws [mi/h]	Wd [°]	Ws U [mi/h]	Ws V [mi/h]	Geopot [m]	Dew [°F]
0         	17:00:28  	879.6 	20.0  	42    	3.5      	315   	2.5        	-2.5       	1288      	6.7
2         	17:00:30  	876.4 	18.2  	44    	6.4      	330   	3.2        	-5.5       	1320      	5.9
4         	17:00:32  	873.2 	18.0  	45    	6.4      	330   	3.2        	-5.5       	1351      	5.9
6         	17:00:34  	870.0 	17.7  	46    	6.4      	330   	3.2        	-5.5       	1382      	5.9
8         	17:00:36  	866.8 	17.6  	46    	6.4      	330   	3.2        	-5.5       	1414      	6.0
10        	17:00:38  	863.6 	17.4  	47    	6.4      	323   	3.8        	-5.1       	1445      	6.0
12        	17:00:40  	860.4 	17.2  	48    	6.5      	315   	4.6        	-4.6       	1477      	6.0
14        	17:00:42  	859.2 	16.9  	49    	6.7      	311   	5.0        	-4.4       	1493      	6.1
16        	17:00:44  	857.9 	16.9  	49    	7.1      	301   	6.1        	-3.6       	1504      	6.2
18        	17:00:46  	856.6 	16.7  	50    	7.1      	301   	6.1        	-3.6       	1514      	6.2
20        	17:00:48  	855.5 	16.4  	50    	7.1      	301   	6.1        	-3.6       	1525      	6.0
22        	17:00:50  	854.5 	16.1  	51    	7.1      	301   	6.1        	-3.6       	1536      	5.9
24        	17:00:52  	853.4 	16.0  	51    	7.1      	301   	6.1        	-3.6       	1547      	5.9
26        	17:00:54  	852.3 	16.1  	51    	7.1      	301   	6.1        	-3.6       	1557      	6.0
28        	17:00:56  	851.2 	16.2  	51    	7.1      	301   	6.1        	-3.6       	1568      	6.1
30        	17:00:58  	850.1 	16.1  	52    	7.1      	301   	6.1        	-3.6       	1579      	6.1
32        	17:01:00  	849.1 	15.9  	52    	7.1      	301   	6.1        	-3.6       	1590      	6.1
34        	17:01:02  	848.0 	15.7  	52    	7.1      	301   	6.1        	-3.6       	1601      	5.9
36        	17:01:04  	846.9 	15.7  	52    	6.4      	304   	5.3        	-3.6       	1611      	5.9
38        	17:01:06  	845.7 	15.6  	52    	6.0      	307   	4.8        	-3.6       	1622      	5.9
40        	17:01:08  	844.5 	15.5  	53    	5.6      	309   	4.4        	-3.5       	1635      	5.9
42        	17:01:10  	843.3 	15.4  	53    	5.4      	310   	4.1        	-3.5       	1648      	5.8
44        	17:01:12  	841.8 	15.2  	53    	5.2      	312   	3.9        	-3.5       	1661      	5.7
46        	17:01:14  	840.4 	15.1  	53    	5.3      	311   	4.0        	-3.5       	1677      	5.7
48        	17:01:16  	838.9 	14.9  	54    	5.0      	314   	3.6        	-3.5       	1692      	5.6
50        	17:01:18  	837.4 	14.8  	54    	4.6      	318   	3.1        	-3.4       	1707      	5.6
52        	17:01:20  	835.9 	14.7  	55    	4.3      	322   	2.7        	-3.4       	1722      	5.6
54        	17:01:22  	834.4 	14.6  	55    	4.0      	325   	2.3        	-3.3       	1737      	5.7
56        	17:01:24  	833.4 	14.3  	55    	4.0      	326   	2.2        	-3.3       	1748      	5.5
58        	17:01:26  	832.4 	14.1  	56    	3.9      	328   	2.1        	-3.3       	1758      	5.4
60        	17:01:28  	831.4 	13.9  	57    	3.9      	329   	2.0        	-3.3       	1768      	5.5
62        	17:01:30  	830.4 	13.9  	57    	3.7      	329   	1.9        	-3.2       	1778      	5.5
64        	17:01:32  	829.5 	13.7  	57    	3.7      	331   	1.8        	-3.2       	1787      	5.5
66        	17:01:34  	828.6 	13.6  	58    	3.6      	330   	1.8        	-3.1       	1797      	5.4
68        	17:01:36  	827.6 	13.5  	58    	3.5      	331   	1.7        	-3.1       	1807      	5.4
70        	17:01:38  	826.6 	13.4  	58    	3.5      	331   	1.7        	-3.1       	1817      	5.4
72        	17:01:40  	825.6 	13.4  	58    	3.5      	331   	1.7        	-3.1       	1827      	5.4
74        	17:01:42  	824.5 	13.3  	59    	3.5      	329   	1.8        	-3.0       	1838      	5.4
76        	17:01:44  	823.5 	13.1  	59    	3.6      	328   	1.9        	-3.0       	1849      	5.3
78        	17:01:46  	822.4 	13.1  	59    	3.5      	327   	1.9        	-2.9       	1860      	5.4
80        	17:01:48  	821.5 	13.0  	60    	3.4      	324   	2.0        	-2.8       	1869      	5.4
82        	17:01:50  	820.5 	12.9  	60    	3.4      	322   	2.1        	-2.7       	1879      	5.3
84        	17:01:52  	819.6 	12.7  	60    	3.5      	321   	2.2        	-2.7       	1888      	5.2
86        	17:01:54  	818.6 	12.7  	60    	3.4      	320   	2.2        	-2.6       	1898      	5.2
88        	17:01:56  	817.7 	12.7  	60    	3.4      	322   	2.1        	-2.7       	1908      	5.2
90        	17:01:58  	816.7 	12.6  	60    	3.4      	326   	1.9        	-2.8       	1918      	5.2
92        	17:02:00  	815.8 	12.6  	59    	3.3      	329   	1.7        	-2.8       	1927      	4.8
94        	17:02:02  	814.9 	12.5  	57    	3.3      	333   	1.5        	-2.9       	1937      	4.3
96        	17:02:04  	814.0 	12.6  	56    	3.4      	337   	1.3        	-3.1       	1946      	4.0
98        	17:02:06  	813.0 	12.9  	54    	3.4      	341   	1.1        	-3.2       	1956      	3.9
100       	17:02:08  	812.1 	13.0  	53    	3.5      	348   	0.7        	-3.4       	1967      	3.7
102       	17:02:10  	811.1 	13.0  	51    	3.5      	357   	0.2        	-3.5       	1975      	3.2
104       	17:02:12  	810.3 	12.9  	49    	3.7      	005   	-0.3       	-3.7       	1984      	2.5
106       	17:02:14  	809.5 	12.8  	47    	3.9      	012   	-0.8       	-3.8       	1992      	1.9
108       	17:02:16  	808.7 	12.8  	47    	4.0      	016   	-1.1       	-3.8       	2001      	1.7
110       	17:02:18  	807.7 	12.8  	46    	4.0      	020   	-1.4       	-3.8       	2011      	1.5
112       	17:02:20  	806.8 	12.8  	45    	4.1      	023   	-1.6       	-3.8       	2020      	1.2
114       	17:02:22  	805.9 	12.8  	44    	4.0      	023   	-1.6       	-3.7       	2030      	0.8
116       	17:02:24  	804.9 	12.7  	43    	3.8      	023   	-1.5       	-3.5       	2039      	0.5
118       	17:02:26  	804.0 	12.7  	42    	3.7      	024   	-1.5       	-3.4       	2049      	0.2
120       	17:02:28  	803.0 	12.7  	42    	3.5      	022   	-1.3       	-3.2       	2060      	0.1
122       	17:02:30  	801.9 	12.6  	41    	3.3      	018   	-1.0       	-3.1       	2071      	-0.2
124       	17:02:32  	800.8 	12.5  	41    	3.0      	015   	-0.8       	-2.9       	2083      	-0.4
126       	17:02:34  	799.6 	12.4  	41    	2.7      	006   	-0.3       	-2.7       	2095      	-0.5
128       	17:02:36  	798.5 	12.3  	41    	2.4      	355   	0.2        	-2.4       	2108      	-0.6
130       	17:02:38  	797.4 	12.2  	41    	2.2      	342   	0.7        	-2.1       	2119      	-0.7
132       	17:02:40  	796.3 	12.1  	41    	2.2      	326   	1.2        	-1.8       	2131      	-0.8
134       	17:02:42  	795.2 	12.0  	41    	2.2      	321   	1.4        	-1.7       	2142      	-0.9
136       	17:02:44  	794.1 	11.9  	41    	2.3      	313   	1.7        	-1.6       	2154      	-0.9
138       	17:02:46  	793.0 	11.7  	41    	2.4      	306   	1.9        	-1.4       	2165      	-1.0
140       	17:02:48  	791.9 	11.6  	41    	2.6      	302   	2.2        	-1.4       	2176      	-1.1
142       	17:02:50  	790.7 	11.5  	41    	2.8      	297   	2.5        	-1.3       	2189      	-1.1
144       	17:02:52  	789.6 	11.4  	42    	3.1      	295   	2.8        	-1.3       	2201      	-1.2
146       	17:02:54  	788.5 	11.3  	42    	3.3      	293   	3.0        	-1.3       	2214      	-1.2
148       	17:02:56  	787.4 	11.2  	42    	3.3      	295   	3.0        	-1.4       	2225      	-1.3
150       	17:02:58  	786.3 	11.1  	42    	3.4      	294   	3.1        	-1.4       	2236      	-1.3
152       	17:03:00  	785.2 	11.0  	42    	3.6      	297   	3.2        	-1.6       	2248      	-1.4
154       	17:03:02  	784.0 	10.9  	42    	3.7      	297   	3.3        	-1.7       	2260      	-1.4
156       	17:03:04  	782.9 	10.8  	43    	3.9      	299   	3.4        	-1.9       	2272      	-1.4
158       	17:03:06  	781.9 	10.7  	43    	4.1      	299   	3.6        	-2.0       	2282      	-1.4
160       	17:03:08  	780.9 	10.6  	43    	4.2      	300   	3.6        	-2.1       	2293      	-1.5
162       	17:03:10  	779.9 	10.5  	43    	4.3      	301   	3.7        	-2.2       	2304      	-1.5
164       	17:03:12  	778.9 	10.3  	43    	4.4      	301   	3.8        	-2.3       	2315      	-1.6
166       	17:03:14  	777.8 	10.2  	43    	4.6      	302   	3.9        	-2.4       	2326      	-1.6
168       	17:03:16  	776.7 	10.1  	44    	4.7      	301   	4.0        	-2.4       	2338      	-1.7
170       	17:03:18  	775.7 	10.0  	44    	4.8      	300   	4.1        	-2.4       	2349      	-1.7
172       	17:03:20  	774.7 	9.9   	44    	4.8      	300   	4.1        	-2.4       	2360      	-1.8
174       	17:03:22  	773.7 	9.9   	44    	4.8      	300   	4.2        	-2.4       	2370      	-1.7
176       	17:03:24  	772.9 	9.8   	44    	4.8      	299   	4.2        	-2.3       	2379      	-1.7
178       	17:03:26  	772.1 	9.7   	44    	4.8      	297   	4.3        	-2.2       	2388      	-1.8
180       	17:03:28  	771.3 	9.6   	45    	4.9      	296   	4.4        	-2.1       	2397      	-1.8
182       	17:03:30  	770.4 	9.5   	45    	4.9      	293   	4.5        	-1.9       	2406      	-1.9
184       	17:03:32  	769.6 	9.5   	44    	4.8      	292   	4.5        	-1.8       	2415      	-2.0
186       	17:03:34  	768.7 	9.4   	44    	4.9      	290   	4.6        	-1.7       	2424      	-2.1
188       	17:03:36  	767.9 	9.4   	44    	5.0      	289   	4.7        	-1.6       	2433      	-2.2
190       	17:03:38  	767.2 	9.3   	44    	5.0      	287   	4.8        	-1.5       	2441      	-2.2
192       	17:03:40  	766.4 	9.3   	44    	5.3      	285   	5.1        	-1.4       	2449      	-2.3
194       	17:03:42  	765.6 	9.2   	44    	5.6      	284   	5.4        	-1.3       	2457      	-2.4
196       	17:03:44  	764.8 	9.2   	44    	5.9      	282   	5.8        	-1.2       	2465      	-2.5
198       	17:03:46  	764.1 	9.1   	44    	6.2      	281   	6.1        	-1.2       	2474      	-2.6
200       	17:03:48  	763.2 	9.1   	43    	6.4      	280   	6.3        	-1.1       	2483      	-2.7
202       	17:03:50  	762.4 	9.0   	43    	6.7      	279   	6.6        	-1.1       	2492      	-2.7
204       	17:03:52  	761.6 	9.0   	43    	7.0      	278   	6.9        	-1.0       	2501      	-2.8
206       	17:03:54  	760.8 	8.9   	43    	7.2      	277   	7.1        	-0.9       	2510      	-2.9
208       	17:03:56  	760.0 	8.8   	43    	7.5      	277   	7.4        	-0.9       	2519      	-3.0
210       	17:03:58  	759.2 	8.8   	43    	7.6      	276   	7.6        	-0.8       	2528      	-3.0
212       	17:04:00  	758.4 	8.8   	43    	7.5      	275   	7.5        	-0.7       	2536      	-3.0
214       	17:04:02  	757.6 	8.8   	43    	7.5      	275   	7.5        	-0.7       	2545      	-3.0
216       	17:04:04  	756.8 	8.7   	43    	7.6      	275   	7.6        	-0.6       	2553      	-3.0
218       	17:04:06  	756.1 	8.7   	43    	7.6      	275   	7.6        	-0.6       	2561      	-3.0
220       	17:04:08  	755.3 	8.6   	44    	7.7      	274   	7.7        	-0.5       	2570      	-3.1
222       	17:04:10  	754.5 	8.5   	44    	7.7      	274   	7.7        	-0.5       	2579      	-3.1
224       	17:04:12  	753.8 	8.4   	44    	7.8      	274   	7.8        	-0.5       	2587      	-3.1
226       	17:04:14  	753.0 	8.4   	44    	7.9      	274   	7.9        	-0.5       	2595      	-3.2
228       	17:04:16  	752.3 	8.3   	44    	7.9      	274   	7.9        	-0.5       	2603      	-3.2
230       	17:04:18  	751.5 	8.2   	44    	8.0      	274   	8.0        	-0.5       	2611      	-3.3
232       	17:04:20  	750.8 	8.1   	44    	8.0      	274   	8.0        	-0.6       	2619      	-3.3
234       	17:04:22  	750.1 	8.1   	44    	8.0      	274   	8.0        	-0.6       	2627      	-3.3
236       	17:04:24  	749.4 	8.0   	44    	8.0      	274   	8.0        	-0.5       	2635      	-3.4
238       	17:04:26  	748.6 	7.9   	45    	7.9      	274   	7.9        	-0.5       	2643      	-3.4
240       	17:04:28  	747.9 	7.8   	45    	7.9      	274   	7.9        	-0.5       	2651      	-3.4
242       	17:04:30  	747.2 	7.8   	45    	7.8      	274   	7.8        	-0.5       	2659      	-3.4
244       	17:04:32  	746.4 	7.7   	45    	7.8      	274   	7.8        	-0.5       	2667      	-3.5
246       	17:04:34  	745.7 	7.6   	45    	7.7      	274   	7.7        	-0.5       	2675      	-3.5
248       	17:04:36  	744.9 	7.5   	45    	7.6      	274   	7.6        	-0.5       	2684      	-3.6
250       	17:04:38  	744.2 	7.5   	45    	7.6      	274   	7.6        	-0.5       	2692      	-3.7
252       	17:04:40  	743.4 	7.4   	45    	7.6      	274   	7.6        	-0.5       	2701      	-3.8
254       	17:04:42  	742.7 	7.3   	45    	7.6      	274   	7.6        	-0.5       	2709      	-3.9
256       	17:04:44  	741.9 	7.3   	44    	7.5      	274   	7.5        	-0.5       	2717      	-4.0
258       	17:04:46  	741.2 	7.2   	44    	7.5      	275   	7.5        	-0.6       	2725      	-4.1
260       	17:04:48  	740.4 	7.1   	44    	7.4      	275   	7.4        	-0.6       	2734      	-4.3
262       	17:04:50  	739.7 	7.1   	44    	7.4      	275   	7.4        	-0.6       	2742      	-4.4
264       	17:04:52  	738.9 	7.0   	44    	7.4      	275   	7.4        	-0.6       	2750      	-4.4
266       	17:04:54  	738.1 	6.9   	44    	7.3      	275   	7.3        	-0.6       	2760      	-4.5
268       	17:04:56  	737.3 	6.8   	44    	7.2      	276   	7.2        	-0.7       	2769      	-4.5
270       	17:04:58  	736.5 	6.8   	44    	7.1      	276   	7.1        	-0.7       	2777      	-4.6
272       	17:05:00  	735.8 	6.7   	44    	7.1      	276   	7.1        	-0.8       	2785      	-4.6
274       	17:05:02  	735.0 	6.6   	44    	7.1      	277   	7.0        	-0.9       	2794      	-4.7
276       	17:05:04  	734.3 	6.6   	44    	7.0      	278   	6.9        	-1.0       	2802      	-4.7
278       	17:05:06  	733.5 	6.5   	44    	6.9      	278   	6.8        	-1.0       	2810      	-4.8
280       	17:05:08  	732.8 	6.4   	44    	6.9      	279   	6.8        	-1.1       	2819      	-4.8
282       	17:05:10  	732.1 	6.3   	44    	6.8      	280   	6.7        	-1.2       	2827      	-4.9
284       	17:05:12  	731.3 	6.2   	44    	6.7      	281   	6.6        	-1.3       	2835      	-4.9
286       	17:05:14  	730.6 	6.2   	45    	6.6      	282   	6.5        	-1.4       	2844      	-4.9
288       	17:05:16  	729.8 	6.1   	45    	6.6      	282   	6.4        	-1.4       	2852      	-5.0
290       	17:05:18  	729.1 	6.0   	45    	6.6      	282   	6.4        	-1.4       	2860      	-5.0
292       	17:05:20  	728.3 	5.9   	45    	6.5      	283   	6.3        	-1.4       	2869      	-5.1
294       	17:05:22  	727.5 	5.9   	45    	6.4      	284   	6.2        	-1.6       	2878      	-5.1
296       	17:05:24  	726.8 	5.8   	45    	6.4      	287   	6.1        	-1.9       	2887      	-5.1
298       	17:05:26  	726.0 	5.7   	45    	6.3      	290   	5.9        	-2.1       	2895      	-5.2
300       	17:05:28  	725.2 	5.7   	45    	6.3      	292   	5.8        	-2.4       	2904      	-5.3
302       	17:05:30  	724.5 	5.6   	45    	6.2      	295   	5.6        	-2.6       	2912      	-5.3
304       	17:05:32  	723.8 	5.6   	45    	6.2      	297   	5.5        	-2.8       	2920      	-5.4
306       	17:05:34  	723.1 	5.5   	45    	6.2      	299   	5.4        	-3.0       	2928      	-5.4
308       	17:05:36  	722.3 	5.4   	46    	6.3      	301   	5.4        	-3.3       	2936      	-5.3
310       	17:05:38  	721.5 	5.4   	46    	6.4      	303   	5.4        	-3.5       	2945      	-5.3
312       	17:05:40  	720.8 	5.3   	47    	6.6      	305   	5.4        	-3.8       	2954      	-5.2
314       	17:05:42  	720.0 	5.2   	47    	6.7      	306   	5.4        	-3.9       	2963      	-5.1
316       	17:05:44  	719.2 	5.1   	47    	6.7      	305   	5.5        	-3.9       	2972      	-5.1
318       	17:05:46  	718.4 	5.0   	48    	6.8      	305   	5.6        	-3.9       	2981      	-5.1
320       	17:05:48  	717.6 	4.9   	48    	6.9      	304   	5.7        	-3.9       	2990      	-5.1
322       	17:05:50  	716.8 	4.9   	48    	7.0      	305   	5.8        	-4.0       	2999      	-5.1
324       	17:05:52  	716.0 	4.8   	49    	7.0      	305   	5.8        	-4.0       	3009      	-5.1
326       	17:05:54  	715.3 	4.7   	48    	7.1      	304   	5.9        	-4.0       	3017      	-5.2
328       	17:05:56  	714.6 	4.7   	48    	7.0      	305   	5.8        	-4.0       	3025      	-5.3
330       	17:05:58  	713.8 	4.6   	48    	7.1      	305   	5.8        	-4.1       	3033      	-5.5
332       	17:06:00  	713.0 	4.5   	47    	7.0      	306   	5.7        	-4.1       	3042      	-5.6
334       	17:06:02  	712.3 	4.5   	47    	7.1      	308   	5.6        	-4.3       	3051      	-5.7
336       	17:06:04  	711.5 	4.4   	47    	7.0      	309   	5.4        	-4.4       	3060      	-5.9
338       	17:06:06  	710.7 	4.4   	47    	7.0      	311   	5.3        	-4.6       	3069      	-6.0
340       	17:06:08  	709.9 	4.3   	47    	7.0      	312   	5.2        	-4.7       	3078      	-6.1
342       	17:06:10  	709.1 	4.2   	47    	7.1      	314   	5.1        	-4.9       	3087      	-6.0
344       	17:06:12  	708.3 	4.2   	48    	7.1      	315   	5.0        	-5.0       	3096      	-5.9
346       	17:06:14  	707.5 	4.1   	48    	7.0      	317   	4.8        	-5.1       	3105      	-5.8
348       	17:06:16  	706.8 	4.0   	49    	6.9      	319   	4.6        	-5.2       	3114      	-5.8
350       	17:06:18  	705.9 	3.9   	49    	6.8      	320   	4.4        	-5.2       	3124      	-5.8
352       	17:06:20  	705.1 	3.8   	49    	6.8      	321   	4.3        	-5.3       	3133      	-5.8
354       	17:06:22  	704.3 	3.7   	50    	6.7      	321   	4.2        	-5.2       	3143      	-5.8
356       	17:06:24  	703.4 	3.7   	50    	6.5      	321   	4.1        	-5.1       	3153      	-5.7
358       	17:06:26  	702.6 	3.6   	50    	6.4      	321   	4.0        	-5.0       	3163      	-5.7
360       	17:06:28  	701.7 	3.5   	50    	6.3      	321   	4.0        	-4.9       	3172      	-5.8
362       	17:06:30  	701.0 	3.5   	50    	6.2      	321   	3.9        	-4.8       	3180      	-5.9
364       	17:06:32  	700.3 	3.4   	49    	6.1      	320   	3.9        	-4.7       	3189      	-6.1
366       	17:06:34  	699.6 	3.4   	49    	6.0      	320   	3.9        	-4.6       	3197      	-6.4
368       	17:06:36  	698.9 	3.4   	48    	6.0      	320   	3.9        	-4.6       	3205      	-6.6
370       	17:06:38  	698.2 	3.4   	47    	6.0      	319   	3.9        	-4.5       	3213      	-6.9
372       	17:06:40  	697.5 	3.4   	46    	6.0      	318   	4.0        	-4.5       	3222      	-7.2
374       	17:06:42  	696.7 	3.3   	45    	5.9      	318   	4.0        	-4.4       	3230      	-7.5
376       	17:06:44  	696.0 	3.3   	44    	5.9      	317   	4.0        	-4.3       	3238      	-7.9
378       	17:06:46  	695.2 	3.2   	43    	5.8      	316   	4.0        	-4.2       	3248      	-8.2
380       	17:06:48  	694.5 	3.1   	43    	5.8      	316   	4.0        	-4.2       	3257      	-8.2
382       	17:06:50  	693.8 	3.1   	43    	5.7      	316   	4.0        	-4.1       	3266      	-8.3
384       	17:06:52  	693.0 	3.0   	43    	5.7      	316   	4.0        	-4.1       	3273      	-8.3
386       	17:06:54  	692.3 	2.9   	43    	5.7      	315   	4.0        	-4.0       	3281      	-8.3
388       	17:06:56  	691.7 	2.8   	43    	5.6      	314   	4.0        	-3.9       	3289      	-8.3
390       	17:06:58  	691.0 	2.8   	43    	5.6      	314   	4.0        	-3.9       	3297      	-8.4
392       	17:07:00  	690.3 	2.7   	44    	5.5      	314   	4.0        	-3.8       	3305      	-8.4
394       	17:07:02  	689.5 	2.6   	44    	5.5      	314   	4.0        	-3.8       	3314      	-8.4
396       	17:07:04  	688.8 	2.5   	44    	5.5      	314   	4.0        	-3.8       	3322      	-8.5
398       	17:07:06  	688.1 	2.5   	43    	5.5      	312   	4.1        	-3.7       	3331      	-8.6
400       	17:07:08  	687.4 	2.4   	43    	5.5      	312   	4.1        	-3.7       	3340      	-8.8
402       	17:07:10  	686.6 	2.3   	42    	5.6      	311   	4.2        	-3.7       	3348      	-9.1
404       	17:07:12  	685.8 	2.3   	42    	5.5      	311   	4.2        	-3.6       	3357      	-9.3
406       	17:07:14  	685.0 	2.2   	41    	5.6      	310   	4.3        	-3.6       	3367      	-9.5
408       	17:07:16  	684.2 	2.1   	41    	5.6      	310   	4.3        	-3.6       	3377      	-9.7
410       	17:07:18  	683.5 	2.1   	40    	5.7      	309   	4.4        	-3.6       	3385      	-10.0
412       	17:07:20  	682.8 	2.0   	40    	5.7      	309   	4.4        	-3.6       	3394      	-10.2
414       	17:07:22  	682.1 	1.9   	39    	5.8      	309   	4.5        	-3.6       	3402      	-10.3
416       	17:07:24  	681.4 	1.9   	39    	5.8      	309   	4.5        	-3.6       	3410      	-10.5
418       	17:07:26  	680.8 	1.9   	39    	5.8      	308   	4.6        	-3.6       	3417      	-10.6
420       	17:07:28  	680.2 	1.8   	39    	5.8      	308   	4.6        	-3.6       	3425      	-10.7
422       	17:07:30  	679.4 	1.7   	39    	5.8      	308   	4.6        	-3.6       	3433      	-10.8
424       	17:07:32  	678.7 	1.7   	39    	6.0      	308   	4.7        	-3.7       	3442      	-10.8
426       	17:07:34  	677.9 	1.6   	39    	6.0      	308   	4.7        	-3.7       	3451      	-10.8
428       	17:07:36  	677.1 	1.5   	39    	6.0      	308   	4.7        	-3.7       	3461      	-10.8
430       	17:07:38  	676.3 	1.4   	39    	6.0      	308   	4.7        	-3.7       	3470      	-10.8
432       	17:07:40  	675.5 	1.3   	40    	6.0      	308   	4.7        	-3.7       	3480      	-10.8
434       	17:07:42  	674.7 	1.3   	40    	6.0      	308   	4.7        	-3.7       	3489      	-10.9
436       	17:07:44  	673.9 	1.2   	39    	6.1      	308   	4.8        	-3.7       	3499      	-11.2
438       	17:07:46  	673.1 	1.1   	37    	6.1      	306   	4.9        	-3.6       	3508      	-11.8
440       	17:07:48  	672.4 	1.0   	36    	6.2      	306   	5.0        	-3.6       	3518      	-12.4
442       	17:07:50  	671.6 	1.0   	34    	6.2      	304   	5.1        	-3.5       	3527      	-13.0
444       	17:07:52  	670.8 	1.0   	33    	6.3      	304   	5.2        	-3.5       	3536      	-13.5
446       	17:07:54  	670.1 	1.0   	31    	6.3      	303   	5.3        	-3.4       	3545      	-14.1
448       	17:07:56  	669.4 	1.0   	30    	6.4      	301   	5.5        	-3.3       	3554      	-14.6
450       	17:07:58  	668.6 	1.0   	29    	6.6      	298   	5.8        	-3.1       	3562      	-15.1
452       	17:08:00  	668.0 	0.9   	28    	6.7      	296   	6.0        	-2.9       	3570      	-15.3
454       	17:08:02  	667.3 	0.9   	28    	6.9      	293   	6.3        	-2.7       	3578      	-15.3
456       	17:08:04  	666.6 	0.8   	29    	7.0      	291   	6.5        	-2.5       	3587      	-15.3
458       	17:08:06  	665.9 	0.8   	28    	7.1      	289   	6.7        	-2.3       	3595      	-15.4
460       	17:08:08  	665.2 	0.7   	28    	7.2      	287   	6.9        	-2.1       	3603      	-15.7
462       	17:08:10  	664.5 	0.7   	27    	7.3      	286   	7.0        	-2.0       	3612      	-16.0
464       	17:08:12  	663.8 	0.7   	27    	7.3      	284   	7.1        	-1.8       	3620      	-16.3
466       	17:08:14  	663.1 	0.7   	26    	7.3      	283   	7.1        	-1.6       	3628      	-16.7
468       	17:08:16  	662.4 	0.7   	25    	7.2      	281   	7.1        	-1.4       	3637      	-17.1
470       	17:08:18  	661.7 	0.7   	24    	7.1      	281   	7.0        	-1.4       	3645      	-17.5
472       	17:08:20  	661.0 	0.7   	23    	7.0      	281   	6.9        	-1.4       	3654      	-17.8
474       	17:08:22  	660.3 	0.8   	22    	6.9      	281   	6.8        	-1.3       	3662      	-18.2
476       	17:08:24  	659.6 	0.8   	22    	6.8      	280   	6.7        	-1.2       	3671      	-18.5
478       	17:08:26  	658.9 	0.8   	21    	6.7      	279   	6.6        	-1.0       	3680      	-18.7
480       	17:08:28  	658.1 	0.9   	21    	6.6      	277   	6.6        	-0.8       	3689      	-18.8
482       	17:08:30  	657.4 	0.9   	21    	6.6      	276   	6.6        	-0.7       	3698      	-19.0
484       	17:08:32  	656.8 	0.8   	21    	6.7      	275   	6.7        	-0.6       	3706      	-19.2
486       	17:08:34  	656.1 	0.7   	20    	6.7      	273   	6.7        	-0.4       	3714      	-19.4
488       	17:08:36  	655.4 	0.7   	20    	6.8      	273   	6.8        	-0.3       	3723      	-19.4
490       	17:08:38  	654.7 	0.6   	21    	6.8      	273   	6.8        	-0.3       	3732      	-19.3
492       	17:08:40  	653.9 	0.6   	21    	6.9      	272   	6.9        	-0.2       	3741      	-19.0
494       	17:08:42  	653.2 	0.5   	22    	7.0      	272   	7.0        	-0.2       	3750      	-18.4
496       	17:08:44  	652.4 	0.5   	24    	7.0      	272   	7.0        	-0.2       	3759      	-17.5
498       	17:08:46  	651.6 	0.4   	26    	7.0      	272   	7.0        	-0.3       	3769      	-16.6
500       	17:08:48  	651.0 	0.3   	29    	7.0      	273   	7.0        	-0.4       	3777      	-15.7
502       	17:08:50  	650.3 	0.2   	31    	7.0      	275   	7.0        	-0.6       	3785      	-14.9
504       	17:08:52  	649.6 	0.1   	33    	7.0      	277   	7.0        	-0.8       	3794      	-14.3
506       	17:08:54  	648.9 	0.0   	34    	7.1      	277   	7.0        	-0.9       	3802      	-13.8
508       	17:08:56  	648.2 	-0.0  	35    	7.2      	279   	7.1        	-1.1       	3811      	-13.5
510       	17:08:58  	647.5 	-0.1  	36    	7.2      	280   	7.1        	-1.2       	3820      	-13.4
512       	17:09:00  	646.8 	-0.1  	35    	7.2      	280   	7.1        	-1.3       	3829      	-13.6
514       	17:09:02  	646.1 	-0.1  	34    	7.4      	281   	7.3        	-1.4       	3837      	-13.9
516       	17:09:04  	645.4 	-0.2  	34    	7.7      	282   	7.5        	-1.6       	3846      	-14.2
518       	17:09:06  	644.7 	-0.1  	33    	8.0      	282   	7.8        	-1.7       	3854      	-14.5
520       	17:09:08  	644.0 	-0.1  	32    	8.2      	283   	8.0        	-1.8       	3863      	-14.7
522       	17:09:10  	643.3 	-0.1  	31    	8.5      	282   	8.3        	-1.8       	3872      	-15.0
524       	17:09:12  	642.6 	-0.1  	30    	8.7      	282   	8.5        	-1.8       	3880      	-15.4
526       	17:09:14  	641.9 	-0.1  	29    	8.9      	282   	8.7        	-1.8       	3889      	-15.8
528       	17:09:16  	641.2 	-0.1  	29    	9.2      	281   	9.0        	-1.8       	3898      	-16.1
530       	17:09:18  	640.5 	-0.1  	28    	9.5      	281   	9.3        	-1.8       	3906      	-16.5
532       	17:09:20  	639.8 	-0.1  	27    	9.7      	280   	9.6        	-1.7       	3915      	-16.9
534       	17:09:22  	639.1 	-0.1  	26    	9.8      	280   	9.7        	-1.7       	3924      	-17.3
536       	17:09:24  	638.4 	-0.1  	25    	9.8      	279   	9.7        	-1.6       	3933      	-17.8
538       	17:09:26  	637.7 	-0.1  	24    	9.8      	279   	9.7        	-1.5       	3941      	-18.4
540       	17:09:28  	637.0 	-0.1  	22    	9.9      	278   	9.8        	-1.4       	3951      	-18.9
542       	17:09:30  	636.3 	-0.1  	22    	9.9      	277   	9.8        	-1.2       	3960      	-19.4
544       	17:09:32  	635.6 	-0.1  	21    	9.9      	276   	9.8        	-1.1       	3969      	-19.9
546       	17:09:34  	634.8 	-0.1  	20    	9.8      	275   	9.8        	-0.9       	3978      	-20.3
548       	17:09:36  	634.1 	-0.1  	19    	9.8      	275   	9.8        	-0.8       	3987      	-20.8
550       	17:09:38  	633.4 	-0.2  	19    	9.8      	274   	9.8        	-0.7       	3996      	-21.2
552       	17:09:40  	632.7 	-0.2  	18    	9.8      	273   	9.8        	-0.5       	4005      	-21.5
554       	17:09:42  	632.0 	-0.2  	17    	9.8      	273   	9.8        	-0.5       	4013      	-21.9
556       	17:09:44  	631.3 	-0.3  	17    	9.9      	272   	9.9        	-0.4       	4022      	-22.2
558       	17:09:46  	630.6 	-0.3  	17    	9.9      	272   	9.9        	-0.3       	4032      	-22.5
560       	17:09:48  	629.9 	-0.3  	16    	9.9      	271   	9.9        	-0.2       	4041      	-22.8
562       	17:09:50  	629.2 	-0.4  	16    	10.0     	272   	10.0       	-0.3       	4049      	-23.0
564       	17:09:52  	628.5 	-0.4  	16    	10.1     	272   	10.1       	-0.3       	4058      	-23.3
566       	17:09:54  	627.9 	-0.4  	15    	10.1     	272   	10.1       	-0.3       	4066      	-23.5
568       	17:09:56  	627.2 	-0.5  	15    	10.2     	272   	10.2       	-0.4       	4074      	-23.6
570       	17:09:58  	626.6 	-0.5  	15    	10.3     	272   	10.3       	-0.4       	4082      	-23.8
572       	17:10:00  	625.9 	-0.5  	15    	10.3     	272   	10.3       	-0.4       	4091      	-23.9
574       	17:10:02  	625.3 	-0.6  	15    	10.3     	272   	10.3       	-0.4       	4099      	-24.1
576       	17:10:04  	624.7 	-0.6  	15    	10.3     	273   	10.3       	-0.5       	4107      	-24.2
578       	17:10:06  	624.0 	-0.6  	15    	10.4     	273   	10.4       	-0.5       	4116      	-24.3
580       	17:10:08  	623.3 	-0.7  	15    	10.6     	273   	10.6       	-0.5       	4124      	-24.3
582       	17:10:10  	622.6 	-0.7  	14    	10.7     	273   	10.7       	-0.5       	4133      	-24.4
584       	17:10:12  	622.0 	-0.7  	14    	10.8     	273   	10.8       	-0.5       	4141      	-24.5
586       	17:10:14  	621.3 	-0.8  	14    	10.9     	273   	10.9       	-0.5       	4150      	-24.6
588       	17:10:16  	620.7 	-0.8  	14    	11.1     	273   	11.1       	-0.5       	4158      	-24.7
590       	17:10:18  	620.0 	-0.8  	14    	11.1     	273   	11.1       	-0.5       	4167      	-24.8
592       	17:10:20  	619.3 	-0.9  	14    	11.1     	274   	11.1       	-0.7       	4175      	-24.9
594       	17:10:22  	618.7 	-0.9  	14    	11.1     	274   	11.1       	-0.8       	4184      	-25.1
596       	17:10:24  	618.0 	-1.0  	14    	11.1     	275   	11.1       	-1.0       	4193      	-25.3
598       	17:10:26  	617.3 	-1.1  	13    	11.1     	276   	11.0       	-1.1       	4202      	-25.5
600       	17:10:28  	616.6 	-1.2  	13    	11.0     	277   	10.9       	-1.3       	4211      	-25.6
602       	17:10:30  	615.9 	-1.2  	13    	10.9     	277   	10.8       	-1.4       	4219      	-25.8
604       	17:10:32  	615.3 	-1.3  	13    	10.7     	278   	10.6       	-1.5       	4227      	-25.9
606       	17:10:34  	614.6 	-1.4  	13    	10.6     	279   	10.5       	-1.7       	4236      	-25.9
608       	17:10:36  	614.0 	-1.5  	13    	10.6     	280   	10.4       	-1.8       	4244      	-26.0
610       	17:10:38  	613.3 	-1.6  	13    	10.4     	281   	10.2       	-1.9       	4253      	-26.0
612       	17:10:40  	612.7 	-1.6  	13    	10.4     	281   	10.2       	-1.9       	4262      	-26.0
614       	17:10:42  	612.0 	-1.7  	13    	10.4     	281   	10.2       	-1.9       	4270      	-26.0
616       	17:10:44  	611.3 	-1.8  	13    	10.4     	280   	10.2       	-1.8       	4279      	-26.0
618       	17:10:46  	610.6 	-1.8  	14    	10.4     	280   	10.2       	-1.8       	4288      	-26.0
620       	17:10:48  	610.0 	-1.9  	13    	10.4     	280   	10.2       	-1.8       	4297      	-26.1
622       	17:10:50  	609.3 	-1.9  	13    	10.4     	280   	10.2       	-1.8       	4305      	-26.2
624       	17:10:52  	608.6 	-2.0  	13    	10.4     	280   	10.2       	-1.8       	4314      	-26.4
626       	17:10:54  	608.0 	-2.1  	13    	10.5     	280   	10.3       	-1.8       	4322      	-26.6
628       	17:10:56  	607.4 	-2.1  	13    	10.5     	280   	10.3       	-1.8       	4330      	-26.8
630       	17:10:58  	606.7 	-2.2  	13    	10.5     	279   	10.4       	-1.7       	4339      	-27.0
632       	17:11:00  	606.1 	-2.2  	12    	10.6     	279   	10.5       	-1.7       	4347      	-27.2
634       	17:11:02  	605.5 	-2.3  	12    	10.7     	279   	10.6       	-1.7       	4355      	-27.4
636       	17:11:04  	604.9 	-2.3  	12    	10.8     	279   	10.7       	-1.7       	4363      	-27.5
638       	17:11:06  	604.3 	-2.4  	12    	11.0     	279   	10.9       	-1.7       	4371      	-27.4
640       	17:11:08  	603.7 	-2.4  	12    	11.1     	279   	11.0       	-1.7       	4379      	-27.4
642       	17:11:10  	603.0 	-2.4  	13    	11.2     	279   	11.1       	-1.7       	4387      	-27.3
644       	17:11:12  	602.4 	-2.5  	13    	11.3     	279   	11.2       	-1.8       	4395      	-27.2
646       	17:11:14  	601.8 	-2.6  	13    	11.6     	279   	11.4       	-1.9       	4404      	-27.1
648       	17:11:16  	601.2 	-2.6  	13    	11.7     	279   	11.5       	-1.9       	4412      	-26.9
650       	17:11:18  	600.6 	-2.7  	14    	11.8     	280   	11.6       	-2.0       	4420      	-26.7
652       	17:11:20  	600.0 	-2.8  	14    	11.8     	280   	11.6       	-2.1       	4427      	-26.6
654       	17:11:22  	599.4 	-2.8  	14    	11.9     	280   	11.7       	-2.1       	4435      	-26.7
656       	17:11:24  	598.8 	-2.9  	14    	11.9     	281   	11.7       	-2.3       	4443      	-26.7
658       	17:11:26  	598.2 	-2.9  	14    	11.9     	282   	11.7       	-2.4       	4451      	-26.8
660       	17:11:28  	597.6 	-3.0  	13    	12.0     	283   	11.7       	-2.6       	4459      	-27.0
662       	17:11:30  	597.0 	-3.1  	13    	12.0     	283   	11.7       	-2.7       	4466      	-27.2
664       	17:11:32  	596.5 	-3.1  	13    	12.0     	283   	11.7       	-2.8       	4474      	-27.6
666       	17:11:34  	595.9 	-3.1  	12    	12.0     	284   	11.6       	-2.9       	4481      	-28.1
668       	17:11:36  	595.3 	-3.2  	12    	12.0     	285   	11.6       	-3.0       	4489      	-28.5
670       	17:11:38  	594.8 	-3.2  	11    	12.0     	285   	11.6       	-3.1       	4496      	-29.0
672       	17:11:40  	594.2 	-3.2  	11    	12.0     	285   	11.6       	-3.2       	4504      	-29.4
674       	17:11:42  	593.6 	-3.3  	11    	12.0     	285   	11.6       	-3.2       	4512      	-29.9
676       	17:11:44  	593.0 	-3.3  	10    	12.1     	286   	11.6       	-3.3       	4519      	-30.2
678       	17:11:46  	592.4 	-3.4  	10    	12.2     	286   	11.7       	-3.3       	4527      	-30.6
680       	17:11:48  	591.8 	-3.4  	10    	12.2     	286   	11.7       	-3.3       	4536      	-30.8
682       	17:11:50  	591.2 	-3.4  	10    	12.3     	285   	11.9       	-3.2       	4544      	-30.9
684       	17:11:52  	590.6 	-3.5  	9     	12.6     	285   	12.2       	-3.2       	4552      	-31.1
686       	17:11:54  	590.0 	-3.5  	9     	12.9     	284   	12.5       	-3.2       	4561      	-31.2
688       	17:11:56  	589.3 	-3.6  	9     	13.1     	284   	12.7       	-3.2       	4569      	-31.3
690       	17:11:58  	588.7 	-3.6  	9     	13.4     	284   	13.0       	-3.2       	4577      	-31.5
692       	17:12:00  	588.1 	-3.7  	9     	13.6     	284   	13.2       	-3.2       	4586      	-31.7
694       	17:12:02  	587.4 	-3.7  	9     	13.9     	283   	13.5       	-3.2       	4594      	-31.8
696       	17:12:04  	586.8 	-3.7  	9     	14.3     	282   	14.0       	-3.0       	4603      	-32.0
698       	17:12:06  	586.2 	-3.8  	9     	14.8     	281   	14.5       	-2.9       	4611      	-32.2
700       	17:12:08  	585.6 	-3.8  	9     	15.2     	280   	15.0       	-2.7       	4620      	-32.4
702       	17:12:10  	584.9 	-3.8  	8     	15.5     	280   	15.3       	-2.6       	4628      	-32.6
704       	17:12:12  	584.4 	-3.8  	8     	15.8     	279   	15.6       	-2.4       	4636      	-32.8
706       	17:12:14  	583.8 	-3.8  	8     	16.0     	278   	15.8       	-2.3       	4643      	-32.9
708       	17:12:16  	583.2 	-3.8  	8     	16.5     	278   	16.3       	-2.3       	4651      	-33.1
710       	17:12:18  	582.7 	-3.8  	8     	16.9     	278   	16.7       	-2.3       	4658      	-33.2
712       	17:12:20  	582.1 	-3.8  	8     	17.3     	278   	17.1       	-2.4       	4666      	-33.4
714       	17:12:22  	581.6 	-3.8  	8     	17.7     	278   	17.5       	-2.4       	4673      	-33.5
716       	17:12:24  	581.0 	-3.9  	8     	17.9     	278   	17.7       	-2.6       	4681      	-33.6
718       	17:12:26  	580.5 	-4.0  	8     	18.0     	279   	17.8       	-2.7       	4688      	-33.6
720       	17:12:28  	579.9 	-4.0  	8     	18.2     	279   	18.0       	-2.9       	4696      	-33.7
722       	17:12:30  	579.3 	-4.1  	8     	18.6     	280   	18.3       	-3.1       	4704      	-33.7
724       	17:12:32  	578.8 	-4.1  	8     	18.8     	280   	18.5       	-3.3       	4711      	-33.8
726       	17:12:34  	578.3 	-4.2  	8     	19.0     	281   	18.7       	-3.6       	4719      	-33.8
728       	17:12:36  	577.7 	-4.3  	8     	19.1     	281   	18.8       	-3.6       	4726      	-33.9
730       	17:12:38  	577.2 	-4.3  	8     	19.3     	281   	18.9       	-3.7       	4733      	-33.8
732       	17:12:40  	576.7 	-4.4  	8     	19.3     	281   	18.9       	-3.7       	4740      	-33.7
734       	17:12:42  	576.1 	-4.4  	8     	19.5     	281   	19.1       	-3.8       	4747      	-33.4
736       	17:12:44  	575.5 	-4.5  	9     	19.6     	281   	19.2       	-3.9       	4755      	-32.9
738       	17:12:46  	575.0 	-4.5  	9     	19.7     	282   	19.3       	-4.1       	4763      	-32.3
740       	17:12:48  	574.4 	-4.6  	10    	19.8     	282   	19.4       	-4.1       	4771      	-31.6
742       	17:12:50  	573.9 	-4.6  	10    	19.9     	282   	19.5       	-4.2       	4779      	-30.9
744       	17:12:52  	573.3 	-4.7  	11    	20.0     	282   	19.5       	-4.3       	4786      	-30.3
746       	17:12:54  	572.8 	-4.7  	12    	20.0     	283   	19.5       	-4.4       	4794      	-29.8
748       	17:12:56  	572.2 	-4.8  	12    	19.9     	283   	19.4       	-4.5       	4801      	-29.4
750       	17:12:58  	571.7 	-4.8  	13    	19.9     	283   	19.4       	-4.6       	4808      	-29.1
752       	17:13:00  	571.2 	-4.9  	13    	19.8     	283   	19.3       	-4.6       	4816      	-29.0
754       	17:13:02  	570.6 	-4.9  	13    	19.8     	284   	19.2       	-4.7       	4823      	-29.0
756       	17:13:04  	570.1 	-5.0  	13    	19.6     	284   	19.0       	-4.7       	4831      	-28.9
758       	17:13:06  	569.6 	-5.0  	13    	19.5     	284   	18.9       	-4.7       	4838      	-28.8
760       	17:13:08  	569.0 	-5.1  	14    	19.2     	284   	18.6       	-4.6       	4845      	-28.5
762       	17:13:10  	568.5 	-5.1  	14    	18.9     	284   	18.4       	-4.5       	4852      	-28.2
764       	17:13:12  	568.0 	-5.2  	15    	18.6     	284   	18.1       	-4.4       	4860      	-27.6
766       	17:13:14  	567.4 	-5.2  	16    	18.4     	283   	17.9       	-4.2       	4867      	-27.0
768       	17:13:16  	566.9 	-5.3  	17    	18.3     	283   	17.8       	-4.1       	4875      	-26.3
770       	17:13:18  	566.3 	-5.4  	19    	18.1     	283   	17.7       	-4.0       	4883      	-25.5
772       	17:13:20  	565.8 	-5.4  	20    	18.0     	282   	17.6       	-3.8       	4890      	-24.7
774       	17:13:22  	565.2 	-5.5  	21    	17.9     	282   	17.5       	-3.7       	4898      	-24.0
776       	17:13:24  	564.6 	-5.5  	23    	17.9     	282   	17.5       	-3.6       	4906      	-23.4
778       	17:13:26  	564.1 	-5.6  	24    	17.7     	281   	17.4       	-3.4       	4913      	-23.0
780       	17:13:28  	563.5 	-5.6  	24    	17.8     	281   	17.5       	-3.4       	4921      	-22.7
782       	17:13:30  	563.0 	-5.7  	25    	17.8     	281   	17.5       	-3.4       	4929      	-22.5
784       	17:13:32  	562.4 	-5.7  	25    	17.9     	281   	17.6       	-3.4       	4937      	-22.5
786       	17:13:34  	561.9 	-5.7  	24    	18.2     	281   	17.8       	-3.6       	4945      	-22.7
788       	17:13:36  	561.3 	-5.8  	24    	18.4     	282   	18.0       	-3.7       	4952      	-23.0
790       	17:13:38  	560.7 	-5.8  	23    	18.6     	282   	18.2       	-3.9       	4960      	-23.4
792       	17:13:40  	560.2 	-5.8  	22    	18.8     	283   	18.3       	-4.1       	4968      	-23.8
794       	17:13:42  	559.6 	-5.8  	22    	19.0     	283   	18.5       	-4.2       	4976      	-24.2
796       	17:13:44  	559.0 	-5.8  	21    	19.1     	283   	18.6       	-4.4       	4984      	-24.4
798       	17:13:46  	558.5 	-5.9  	21    	19.4     	284   	18.8       	-4.6       	4992      	-24.5
800       	17:13:48  	557.9 	-5.9  	21    	19.7     	284   	19.1       	-4.8       	5000      	-24.5
802       	17:13:50  	557.3 	-6.0  	21    	19.9     	285   	19.3       	-5.0       	5008      	-24.4
804       	17:13:52  	556.8 	-6.0  	22    	20.2     	285   	19.5       	-5.1       	5016      	-24.2
806       	17:13:54  	556.2 	-6.0  	22    	20.3     	285   	19.6       	-5.1       	5024      	-24.1
808       	17:13:56  	555.7 	-6.0  	22    	20.3     	285   	19.7       	-5.1       	5032      	-23.9
810       	17:13:58  	555.1 	-6.0  	23    	20.5     	284   	19.9       	-5.1       	5039      	-23.8
812       	17:14:00  	554.6 	-6.0  	23    	20.8     	284   	20.2       	-4.9       	5047      	-23.8
814       	17:14:02  	554.0 	-6.0  	22    	21.1     	283   	20.5       	-4.8       	5054      	-24.0
816       	17:14:04  	553.5 	-6.0  	22    	21.3     	282   	20.8       	-4.6       	5062      	-24.2
818       	17:14:06  	553.0 	-6.0  	21    	21.6     	282   	21.1       	-4.4       	5069      	-24.4
820       	17:14:08  	552.5 	-6.0  	21    	21.7     	281   	21.3       	-4.2       	5076      	-24.6
822       	17:14:10  	552.0 	-6.0  	21    	21.9     	281   	21.5       	-4.0       	5083      	-24.7
824       	17:14:12  	551.5 	-6.0  	21    	22.1     	280   	21.8       	-3.8       	5090      	-24.9
826       	17:14:14  	551.0 	-6.0  	20    	22.4     	279   	22.1       	-3.5       	5097      	-25.2
828       	17:14:16  	550.5 	-6.0  	19    	22.6     	278   	22.4       	-3.3       	5104      	-25.6
830       	17:14:18  	550.0 	-6.0  	19    	22.9     	278   	22.7       	-3.1       	5111      	-26.0
832       	17:14:20  	549.5 	-6.0  	18    	22.9     	278   	22.7       	-3.0       	5118      	-26.4
834       	17:14:22  	549.0 	-6.0  	17    	23.0     	277   	22.8       	-3.0       	5125      	-26.9
836       	17:14:24  	548.5 	-6.0  	16    	23.2     	277   	23.0       	-2.9       	5133      	-27.6
838       	17:14:26  	548.0 	-6.1  	15    	23.3     	277   	23.1       	-2.8       	5140      	-28.3
840       	17:14:28  	547.5 	-6.1  	14    	23.3     	276   	23.2       	-2.6       	5148      	-29.0
842       	17:14:30  	546.9 	-6.1  	14    	23.5     	276   	23.4       	-2.4       	5156      	-29.4
844       	17:14:32  	546.3 	-6.1  	13    	23.6     	276   	23.5       	-2.3       	5164      	-29.5
846       	17:14:34  	545.8 	-6.1  	14    	23.6     	275   	23.5       	-2.2       	5172      	-29.4
848       	17:14:36  	545.2 	-6.1  	14    	23.7     	275   	23.6       	-2.1       	5180      	-29.2
850       	17:14:38  	544.6 	-6.1  	14    	23.9     	275   	23.8       	-2.1       	5188      	-28.8
852       	17:14:40  	544.1 	-6.1  	15    	24.1     	275   	24.0       	-2.1       	5196      	-28.3
854       	17:14:42  	543.5 	-6.2  	16    	24.4     	275   	24.3       	-2.2       	5205      	-27.8
856       	17:14:44  	542.9 	-6.1  	16    	24.7     	275   	24.6       	-2.2       	5213      	-27.5
858       	17:14:46  	542.4 	-6.1  	17    	24.9     	276   	24.8       	-2.4       	5221      	-27.3
860       	17:14:48  	541.8 	-6.1  	17    	25.1     	276   	25.0       	-2.6       	5229      	-27.2
862       	17:14:50  	541.3 	-6.1  	16    	25.4     	276   	25.2       	-2.8       	5236      	-27.4
864       	17:14:52  	540.7 	-6.1  	16    	25.6     	277   	25.4       	-3.1       	5244      	-27.6
866       	17:14:54  	540.2 	-6.1  	16    	25.8     	278   	25.6       	-3.4       	5252      	-28.0
868       	17:14:56  	539.6 	-6.1  	15    	26.0     	278   	25.7       	-3.7       	5261      	-28.4
870       	17:14:58  	539.0 	-6.1  	14    	26.0     	279   	25.7       	-3.9       	5269      	-28.8
872       	17:15:00  	538.4 	-6.1  	14    	26.0     	279   	25.7       	-4.0       	5278      	-29.0
874       	17:15:02  	537.9 	-6.2  	14    	25.9     	279   	25.6       	-4.2       	5286      	-29.2
876       	17:15:04  	537.3 	-6.2  	14    	26.0     	280   	25.6       	-4.4       	5294      	-29.3
878       	17:15:06  	536.8 	-6.2  	14    	25.9     	280   	25.5       	-4.7       	5302      	-29.2
880       	17:15:08  	536.2 	-6.3  	14    	25.9     	281   	25.4       	-5.0       	5310      	-29.1
882       	17:15:10  	535.7 	-6.3  	14    	25.9     	282   	25.4       	-5.3       	5318      	-29.0
884       	17:15:12  	535.1 	-6.4  	15    	25.9     	282   	25.3       	-5.4       	5326      	-28.9
886       	17:15:14  	534.6 	-6.4  	15    	25.9     	282   	25.3       	-5.6       	5334      	-28.8
888       	17:15:16  	534.0 	-6.5  	15    	25.9     	283   	25.2       	-5.9       	5342      	-28.6
890       	17:15:18  	533.5 	-6.5  	15    	25.9     	284   	25.1       	-6.2       	5350      	-28.5
892       	17:15:20  	532.9 	-6.6  	15    	25.9     	285   	25.1       	-6.5       	5358      	-28.5
894       	17:15:22  	532.4 	-6.6  	15    	25.9     	285   	25.0       	-6.9       	5366      	-28.5
896       	17:15:24  	531.9 	-6.7  	16    	25.9     	286   	24.9       	-7.0       	5374      	-28.5
898       	17:15:26  	531.3 	-6.8  	16    	25.8     	286   	24.8       	-7.2       	5381      	-28.5
900       	17:15:28  	530.8 	-6.8  	16    	25.8     	287   	24.7       	-7.4       	5389      	-28.6
902       	17:15:30  	530.3 	-6.9  	16    	25.7     	287   	24.6       	-7.6       	5397      	-28.6
904       	17:15:32  	529.7 	-6.9  	15    	25.6     	288   	24.4       	-7.8       	5405      	-28.7
906       	17:15:34  	529.2 	-7.0  	15    	25.6     	288   	24.3       	-8.0       	5413      	-28.9
908       	17:15:36  	528.6 	-7.0  	15    	25.5     	288   	24.2       	-8.0       	5421      	-29.0
910       	17:15:38  	528.1 	-7.0  	15    	25.5     	288   	24.2       	-8.0       	5429      	-29.2
912       	17:15:40  	527.6 	-7.0  	14    	25.4     	288   	24.1       	-8.0       	5437      	-29.5
914       	17:15:42  	527.0 	-6.9  	14    	25.5     	288   	24.2       	-8.0       	5445      	-29.9
916       	17:15:44  	526.5 	-6.8  	13    	25.5     	288   	24.2       	-7.9       	5453      	-30.3
918       	17:15:46  	526.0 	-6.8  	13    	25.6     	288   	24.3       	-7.9       	5461      	-30.7
920       	17:15:48  	525.4 	-6.7  	12    	25.6     	288   	24.4       	-7.8       	5468      	-31.0
922       	17:15:50  	524.9 	-6.6  	12    	25.8     	287   	24.6       	-7.7       	5476      	-31.3
924       	17:15:52  	524.4 	-6.6  	12    	26.0     	287   	24.8       	-7.7       	5484      	-31.5
926       	17:15:54  	523.9 	-6.6  	11    	26.0     	287   	24.9       	-7.6       	5491      	-31.8
928       	17:15:56  	523.4 	-6.6  	11    	26.2     	287   	25.1       	-7.5       	5498      	-31.8
930       	17:15:58  	522.9 	-6.6  	11    	26.5     	286   	25.4       	-7.4       	5506      	-31.8
932       	17:16:00  	522.4 	-6.6  	11    	26.6     	286   	25.6       	-7.2       	5513      	-31.8
934       	17:16:02  	521.9 	-6.7  	11    	26.7     	286   	25.7       	-7.2       	5520      	-31.8
936       	17:16:04  	521.4 	-6.7  	11    	26.8     	285   	25.8       	-7.1       	5528      	-31.8
938       	17:16:06  	520.9 	-6.8  	11    	26.9     	285   	25.9       	-7.1       	5536      	-31.8
940       	17:16:08  	520.4 	-6.8  	11    	26.9     	285   	26.0       	-6.9       	5544      	-31.8
942       	17:16:10  	519.8 	-6.9  	11    	27.0     	285   	26.1       	-6.8       	5552      	-31.8
944       	17:16:12  	519.3 	-7.0  	11    	27.0     	284   	26.2       	-6.6       	5559      	-31.9
946       	17:16:14  	518.8 	-7.0  	11    	27.1     	284   	26.3       	-6.4       	5566      	-31.9
948       	17:16:16  	518.4 	-7.1  	12    	27.0     	283   	26.3       	-6.3       	5574      	-31.9
950       	17:16:18  	517.8 	-7.1  	12    	27.1     	283   	26.4       	-6.1       	5582      	-31.9
952       	17:16:20  	517.3 	-7.2  	12    	27.1     	283   	26.4       	-5.9       	5590      	-31.9
954       	17:16:22  	516.8 	-7.3  	12    	27.0     	282   	26.4       	-5.6       	5598      	-31.9
956       	17:16:24  	516.2 	-7.3  	12    	27.0     	282   	26.5       	-5.4       	5606      	-31.9
958       	17:16:26  	515.7 	-7.4  	12    	27.0     	281   	26.5       	-5.1       	5614      	-31.9
960       	17:16:28  	515.2 	-7.5  	12    	26.9     	280   	26.5       	-4.9       	5622      	-31.9
962       	17:16:30  	514.7 	-7.5  	12    	26.9     	280   	26.5       	-4.8       	5629      	-31.9
964       	17:16:32  	514.2 	-7.6  	12    	27.0     	280   	26.6       	-4.7       	5636      	-31.9
966       	17:16:34  	513.7 	-7.7  	12    	27.1     	280   	26.7       	-4.5       	5644      	-31.9
968       	17:16:36  	513.2 	-7.7  	12    	27.1     	279   	26.8       	-4.3       	5651      	-31.9
970       	17:16:38  	512.7 	-7.8  	12    	27.2     	279   	26.9       	-4.1       	5659      	-31.9
972       	17:16:40  	512.3 	-7.9  	12    	27.3     	278   	27.0       	-4.0       	5666      	-31.9
974       	17:16:42  	511.7 	-7.9  	12    	27.4     	278   	27.1       	-4.0       	5674      	-31.9
976       	17:16:44  	511.2 	-8.0  	12    	27.5     	278   	27.2       	-4.0       	5682      	-31.9
978       	17:16:46  	510.7 	-8.0  	12    	27.6     	278   	27.3       	-3.9       	5690      	-31.9
980       	17:16:48  	510.2 	-8.1  	13    	27.8     	278   	27.5       	-3.9       	5698      	-31.9
982       	17:16:50  	509.7 	-8.1  	13    	27.9     	278   	27.6       	-3.8       	5705      	-31.8
984       	17:16:52  	509.2 	-8.2  	13    	27.9     	278   	27.7       	-3.7       	5713      	-31.8
986       	17:16:54  	508.7 	-8.3  	13    	27.9     	278   	27.7       	-3.7       	5720      	-31.8
988       	17:16:56  	508.2 	-8.3  	13    	27.9     	278   	27.7       	-3.7       	5727      	-31.8
990       	17:16:58  	507.8 	-8.4  	13    	27.9     	277   	27.7       	-3.6       	5735      	-31.8
992       	17:17:00  	507.2 	-8.4  	13    	28.0     	278   	27.7       	-3.8       	5742      	-31.9
994       	17:17:02  	506.7 	-8.4  	13    	28.0     	278   	27.7       	-3.9       	5750      	-32.0
996       	17:17:04  	506.2 	-8.5  	12    	28.0     	278   	27.7       	-4.1       	5758      	-32.2
998       	17:17:06  	505.7 	-8.5  	12    	28.0     	279   	27.7       	-4.3       	5766      	-32.4
1000      	17:17:08  	505.2 	-8.5  	12    	28.1     	279   	27.7       	-4.5       	5774      	-32.7
1002      	17:17:10  	504.6 	-8.6  	12    	28.1     	280   	27.7       	-4.7       	5783      	-33.0
1004      	17:17:12  	504.1 	-8.6  	11    	28.1     	280   	27.7       	-5.0       	5791      	-33.4
1006      	17:17:14  	503.5 	-8.7  	11    	28.1     	281   	27.6       	-5.5       	5800      	-33.7
1008      	17:17:16  	502.9 	-8.7  	11    	28.2     	282   	27.6       	-6.0       	5809      	-33.9
1010      	17:17:18  	502.3 	-8.8  	10    	28.4     	283   	27.6       	-6.6       	5818      	-34.2
1012      	17:17:20  	501.7 	-8.9  	10    	28.4     	284   	27.5       	-6.9       	5827      	-34.5
1014      	17:17:22  	501.1 	-8.9  	10    	28.4     	285   	27.5       	-7.2       	5836      	-34.8
1016      	17:17:24  	500.6 	-8.9  	10    	28.4     	285   	27.4       	-7.5       	5845      	-35.0
1018      	17:17:26  	500.0 	-9.0  	9     	28.4     	286   	27.3       	-8.0       	5854      	-35.4
1020      	17:17:28  	499.4 	-9.0  	9     	28.5     	287   	27.2       	-8.5       	5863      	-35.8
1022      	17:17:30  	498.9 	-9.0  	9     	28.5     	288   	27.0       	-9.0       	5871      	-36.3
1024      	17:17:32  	498.4 	-9.0  	8     	28.5     	289   	26.9       	-9.4       	5879      	-36.8
1026      	17:17:34  	497.8 	-9.0  	8     	28.5     	290   	26.8       	-9.6       	5887      	-37.3
1028      	17:17:36  	497.3 	-9.1  	7     	28.4     	290   	26.7       	-9.8       	5896      	-37.8
1030      	17:17:38  	496.8 	-9.1  	7     	28.4     	291   	26.6       	-10.0      	5904      	-38.3
1032      	17:17:40  	496.3 	-9.1  	7     	28.4     	292   	26.4       	-10.4      	5912      	-38.7
1034      	17:17:42  	495.7 	-9.1  	7     	28.4     	292   	26.3       	-10.7      	5920      	-38.9
1036      	17:17:44  	495.2 	-9.2  	7     	28.4     	293   	26.1       	-11.1      	5928      	-39.1
1038      	17:17:46  	494.7 	-9.2  	6     	28.4     	293   	26.1       	-11.3      	5936      	-39.2
1040      	17:17:48  	494.2 	-9.3  	6     	28.4     	294   	26.0       	-11.5      	5944      	-39.3
1042      	17:17:50  	493.7 	-9.4  	7     	28.5     	294   	26.0       	-11.7      	5952      	-39.3
1044      	17:17:52  	493.2 	-9.4  	7     	28.6     	294   	26.1       	-11.8      	5960      	-39.2
1046      	17:17:54  	492.7 	-9.5  	7     	28.7     	295   	26.1       	-12.0      	5968      	-39.1
1048      	17:17:56  	492.1 	-9.6  	7     	28.9     	295   	26.2       	-12.1      	5976      	-38.9
1050      	17:17:58  	491.6 	-9.6  	7     	29.0     	295   	26.3       	-12.3      	5984      	-38.6
1052      	17:18:00  	491.1 	-9.7  	7     	29.1     	295   	26.4       	-12.2      	5992      	-38.3
1054      	17:18:02  	490.6 	-9.8  	8     	29.2     	295   	26.5       	-12.2      	6001      	-38.0
1056      	17:18:04  	490.1 	-9.8  	8     	29.3     	294   	26.7       	-12.1      	6009      	-37.8
1058      	17:18:06  	489.6 	-9.9  	8     	29.4     	294   	26.9       	-11.9      	6017      	-37.5
1060      	17:18:08  	489.1 	-9.9  	8     	29.6     	294   	27.1       	-11.8      	6025      	-37.3
1062      	17:18:10  	488.6 	-10.0 	9     	29.8     	293   	27.4       	-11.6      	6032      	-37.1
1064      	17:18:12  	488.1 	-10.0 	9     	29.8     	293   	27.5       	-11.4      	6040      	-34.9
1066      	17:18:14  	487.6 	-10.1 	9     	29.8     	292   	27.6       	-11.3      	6048      	-34.8
1068      	17:18:16  	487.1 	-10.2 	9     	29.8     	292   	27.7       	-11.1      	6056      	-34.7
1070      	17:18:18  	486.6 	-10.2 	9     	29.9     	292   	27.8       	-11.0      	6063      	-34.6
1072      	17:18:20  	486.1 	-10.3 	9     	30.0     	291   	28.0       	-10.8      	6071      	-34.5
1074      	17:18:22  	485.6 	-10.3 	9     	30.1     	291   	28.1       	-10.7      	6079      	-34.5
1076      	17:18:24  	485.1 	-10.4 	9     	30.2     	291   	28.2       	-10.7      	6087      	-34.5
1078      	17:18:26  	484.6 	-10.5 	9     	30.2     	291   	28.2       	-10.7      	6095      	-34.5
1080      	17:18:28  	484.1 	-10.5 	10    	30.2     	291   	28.2       	-10.7      	6103      	-34.5
1082      	17:18:30  	483.6 	-10.6 	10    	30.2     	291   	28.2       	-10.8      	6111      	-34.5
1084      	17:18:32  	483.1 	-10.7 	10    	30.2     	291   	28.2       	-10.9      	6119      	-34.6
1086      	17:18:34  	482.6 	-10.7 	10    	30.3     	291   	28.2       	-11.0      	6126      	-34.7
1088      	17:18:36  	482.1 	-10.8 	10    	30.2     	292   	28.1       	-11.1      	6135      	-34.7
1090      	17:18:38  	481.6 	-10.9 	10    	30.2     	292   	28.0       	-11.2      	6143      	-34.8
1092      	17:18:40  	481.1 	-11.0 	10    	30.2     	292   	28.0       	-11.2      	6151      	-34.8
1094      	17:18:42  	480.5 	-11.0 	10    	30.1     	292   	27.9       	-11.4      	6160      	-34.9
1096      	17:18:44  	480.0 	-11.1 	10    	30.1     	292   	27.8       	-11.5      	6168      	-34.9
1098      	17:18:46  	479.5 	-11.2 	10    	30.2     	293   	27.8       	-11.7      	6177      	-34.9
1100      	17:18:48  	479.0 	-11.2 	10    	30.1     	293   	27.7       	-11.8      	6185      	-34.9
1102      	17:18:50  	478.5 	-11.3 	10    	30.1     	293   	27.7       	-11.9      	6193      	-34.8
1104      	17:18:52  	478.0 	-11.4 	10    	30.2     	293   	27.7       	-12.0      	6200      	-34.7
1106      	17:18:54  	477.5 	-11.4 	10    	30.2     	294   	27.7       	-12.1      	6208      	-34.7
1108      	17:18:56  	477.0 	-11.5 	10    	30.3     	294   	27.7       	-12.2      	6216      	-34.6
1110      	17:18:58  	476.5 	-11.6 	10    	30.3     	294   	27.7       	-12.2      	6224      	-34.6
1112      	17:19:00  	476.0 	-11.6 	10    	30.3     	294   	27.7       	-12.3      	6232      	-34.6
1114      	17:19:02  	475.5 	-11.7 	10    	30.3     	294   	27.7       	-12.3      	6240      	-34.6
1116      	17:19:04  	475.1 	-11.8 	11    	30.3     	294   	27.7       	-12.3      	6248      	-34.6
1118      	17:19:06  	474.5 	-11.9 	11    	30.2     	294   	27.6       	-12.3      	6256      	-34.6
1120      	17:19:08  	474.0 	-11.9 	11    	30.3     	294   	27.7       	-12.3      	6265      	-34.5
1122      	17:19:10  	473.5 	-12.0 	11    	30.3     	294   	27.8       	-12.1      	6273      	-34.5
1124      	17:19:12  	473.0 	-12.0 	11    	30.4     	293   	27.9       	-12.0      	6282      	-34.4
1126      	17:19:14  	472.4 	-12.1 	11    	30.4     	293   	28.0       	-11.8      	6290      	-34.3
1128      	17:19:16  	471.9 	-12.1 	11    	30.4     	293   	28.1       	-11.7      	6298      	-34.4
1130      	17:19:18  	471.4 	-12.1 	11    	30.5     	292   	28.2       	-11.5      	6307      	-34.4
1132      	17:19:20  	470.9 	-12.2 	11    	30.5     	292   	28.3       	-11.4      	6315      	-34.4
1134      	17:19:22  	470.4 	-12.2 	11    	30.6     	291   	28.5       	-11.2      	6323      	-34.5
1136      	17:19:24  	469.9 	-12.2 	11    	30.7     	291   	28.7       	-10.9      	6332      	-34.6
1138      	17:19:26  	469.4 	-12.2 	11    	30.8     	290   	28.9       	-10.7      	6340      	-34.7
1140      	17:19:28  	468.9 	-12.3 	11    	30.8     	290   	29.0       	-10.4      	6348      	-34.7
1142      	17:19:30  	468.4 	-12.3 	11    	30.9     	289   	29.1       	-10.3      	6356      	-34.7
1144      	17:19:32  	467.9 	-12.3 	11    	30.9     	289   	29.2       	-10.2      	6364      	-34.7
1146      	17:19:34  	467.4 	-12.4 	11    	31.0     	289   	29.3       	-10.0      	6372      	-34.8
1148      	17:19:36  	466.9 	-12.4 	11    	31.0     	288   	29.4       	-9.8       	6381      	-34.8
1150      	17:19:38  	466.4 	-12.5 	11    	31.0     	288   	29.5       	-9.5       	6389      	-34.9
1152      	17:19:40  	465.9 	-12.5 	11    	31.0     	287   	29.6       	-9.3       	6397      	-35.0
1154      	17:19:42  	465.4 	-12.6 	11    	31.1     	287   	29.7       	-9.1       	6404      	-35.1
1156      	17:19:44  	464.9 	-12.6 	11    	31.0     	287   	29.7       	-9.0       	6412      	-35.2
1158      	17:19:46  	464.4 	-12.7 	11    	31.0     	287   	29.7       	-8.9       	6420      	-35.3
1160      	17:19:48  	463.9 	-12.7 	11    	30.9     	286   	29.7       	-8.7       	6429      	-35.3
1162      	17:19:50  	463.4 	-12.8 	11    	30.9     	286   	29.7       	-8.6       	6437      	-35.4
1164      	17:19:52  	462.9 	-12.9 	11    	30.8     	286   	29.6       	-8.5       	6445      	-35.5
1166      	17:19:54  	462.4 	-13.0 	11    	30.7     	286   	29.6       	-8.3       	6454      	-35.5
1168      	17:19:56  	461.9 	-13.0 	11    	30.6     	286   	29.5       	-8.3       	6462      	-35.5
1170      	17:19:58  	461.4 	-13.1 	11    	30.6     	286   	29.5       	-8.3       	6471      	-35.6
1172      	17:20:00  	460.9 	-13.2 	11    	30.5     	286   	29.4       	-8.3       	6479      	-35.6
1174      	17:20:02  	460.4 	-13.3 	11    	30.5     	286   	29.3       	-8.3       	6488      	-35.6
1176      	17:20:04  	459.9 	-13.3 	11    	30.4     	286   	29.2       	-8.3       	6496      	-35.6
1178      	17:20:06  	459.4 	-13.4 	11    	30.3     	286   	29.1       	-8.3       	6504      	-35.7
1180      	17:20:08  	458.9 	-13.5 	11    	30.3     	286   	29.1       	-8.3       	6512      	-35.7
1182      	17:20:10  	458.4 	-13.6 	11    	30.3     	286   	29.1       	-8.3       	6521      	-35.7
1184      	17:20:12  	457.9 	-13.7 	11    	30.2     	286   	29.0       	-8.3       	6529      	-35.8
1186      	17:20:14  	457.4 	-13.7 	11    	30.1     	286   	29.0       	-8.2       	6537      	-35.8
1188      	17:20:16  	456.9 	-13.8 	11    	30.0     	286   	28.9       	-8.2       	6545      	-35.8
1190      	17:20:18  	456.4 	-13.9 	11    	30.0     	286   	28.9       	-8.2       	6553      	-35.8
1192      	17:20:20  	455.9 	-14.0 	11    	29.9     	286   	28.8       	-8.2       	6561      	-35.8
1194      	17:20:22  	455.4 	-14.1 	11    	29.9     	286   	28.8       	-8.2       	6569      	-35.8
1196      	17:20:24  	455.0 	-14.1 	11    	29.9     	286   	28.8       	-8.1       	6577      	-35.8
1198      	17:20:26  	454.5 	-14.2 	12    	29.8     	286   	28.7       	-8.1       	6585      	-35.8
1200      	17:20:28  	454.0 	-14.3 	12    	29.7     	286   	28.6       	-8.1       	6593      	-35.8
1202      	17:20:30  	453.5 	-14.4 	12    	29.6     	286   	28.5       	-8.1       	6601      	-35.8
1204      	17:20:32  	453.0 	-14.4 	12    	29.5     	286   	28.4       	-8.0       	6609      	-35.7
1206      	17:20:34  	452.6 	-14.5 	12    	29.4     	286   	28.3       	-8.0       	6617      	-35.7
1208      	17:20:36  	452.1 	-14.6 	12    	29.3     	286   	28.2       	-8.0       	6624      	-35.7
1210      	17:20:38  	451.7 	-14.7 	12    	29.3     	286   	28.2       	-8.0       	6632      	-35.8
1212      	17:20:40  	451.2 	-14.7 	12    	29.4     	286   	28.3       	-7.9       	6640      	-35.8
1214      	17:20:42  	450.7 	-14.8 	12    	29.5     	286   	28.4       	-7.9       	6648      	-35.8
1216      	17:20:44  	450.2 	-14.9 	12    	29.5     	286   	28.4       	-7.9       	6657      	-35.9
1218      	17:20:46  	449.7 	-14.9 	12    	29.5     	285   	28.5       	-7.8       	6665      	-36.0
1220      	17:20:48  	449.2 	-15.0 	12    	29.7     	285   	28.7       	-7.8       	6673      	-36.1
1222      	17:20:50  	448.8 	-15.1 	12    	29.8     	285   	28.8       	-7.8       	6681      	-36.1
1224      	17:20:52  	448.3 	-15.1 	12    	29.9     	285   	28.9       	-7.8       	6689      	-36.2
1226      	17:20:54  	447.9 	-15.2 	12    	30.2     	285   	29.2       	-7.7       	6696      	-36.3
1228      	17:20:56  	447.4 	-15.2 	12    	30.5     	284   	29.5       	-7.6       	6704      	-36.4
1230      	17:20:58  	447.0 	-15.3 	12    	30.6     	284   	29.7       	-7.5       	6712      	-36.4
1232      	17:21:00  	446.5 	-15.3 	12    	30.8     	284   	29.9       	-7.4       	6719      	-36.4
1234      	17:21:02  	446.0 	-15.4 	12    	31.0     	284   	30.1       	-7.3       	6727      	-36.5
1236      	17:21:04  	445.6 	-15.5 	12    	31.1     	284   	30.2       	-7.3       	6735      	-36.5
1238      	17:21:06  	445.1 	-15.5 	12    	31.2     	283   	30.4       	-7.2       	6742      	-36.6
1240      	17:21:08  	444.7 	-15.6 	12    	31.3     	283   	30.5       	-7.2       	6750      	-36.6
1242      	17:21:10  	444.2 	-15.7 	12    	31.4     	283   	30.6       	-7.2       	6758      	-36.7
1244      	17:21:12  	443.8 	-15.7 	12    	31.6     	283   	30.8       	-7.2       	6765      	-36.7
1246      	17:21:14  	443.3 	-15.8 	12    	31.6     	283   	30.8       	-7.2       	6773      	-36.7
1248      	17:21:16  	442.9 	-15.8 	12    	31.6     	283   	30.8       	-7.2       	6781      	-36.8
1250      	17:21:18  	442.4 	-15.9 	12    	31.7     	284   	30.8       	-7.4       	6789      	-36.8
1252      	17:21:20  	441.9 	-16.0 	12    	31.7     	284   	30.8       	-7.5       	6797      	-36.8
1254      	17:21:22  	441.5 	-16.0 	12    	31.7     	284   	30.8       	-7.7       	6805      	-36.8
1256      	17:21:24  	441.0 	-16.1 	12    	31.8     	284   	30.8       	-7.9       	6813      	-36.8
1258      	17:21:26  	440.5 	-16.2 	12    	31.8     	285   	30.8       	-8.0       	6821      	-36.7
1260      	17:21:28  	440.0 	-16.2 	13    	31.9     	285   	30.8       	-8.2       	6829      	-36.7
1262      	17:21:30  	439.6 	-16.3 	13    	31.9     	285   	30.8       	-8.3       	6837      	-36.7
1264      	17:21:32  	439.2 	-16.4 	13    	32.1     	286   	30.9       	-8.6       	6844      	-36.6
1266      	17:21:34  	438.7 	-16.4 	13    	32.1     	286   	30.9       	-8.8       	6852      	-36.6
1268      	17:21:36  	438.3 	-16.5 	13    	32.3     	286   	31.0       	-9.1       	6859      	-36.6
1270      	17:21:38  	437.8 	-16.5 	13    	32.4     	287   	31.0       	-9.3       	6867      	-36.6
1272      	17:21:40  	437.3 	-16.6 	13    	32.5     	287   	31.1       	-9.4       	6875      	-36.6
1274      	17:21:42  	436.9 	-16.6 	13    	32.5     	287   	31.1       	-9.5       	6883      	-36.6
1276      	17:21:44  	436.4 	-16.7 	13    	32.5     	287   	31.1       	-9.6       	6891      	-36.6
1278      	17:21:46  	436.0 	-16.8 	13    	32.6     	287   	31.1       	-9.7       	6898      	-36.7
1280      	17:21:48  	435.6 	-16.8 	13    	32.6     	288   	31.1       	-9.9       	6906      	-36.7
1282      	17:21:50  	435.1 	-16.9 	13    	32.7     	288   	31.1       	-10.0      	6914      	-36.8
1284      	17:21:52  	434.7 	-17.0 	13    	32.7     	288   	31.1       	-10.0      	6921      	-36.8
1286      	17:21:54  	434.2 	-17.0 	13    	32.7     	288   	31.1       	-10.0      	6929      	-36.8
1288      	17:21:56  	433.8 	-17.1 	13    	32.7     	288   	31.1       	-10.1      	6937      	-36.9
1290      	17:21:58  	433.3 	-17.1 	13    	32.6     	288   	31.0       	-10.1      	6945      	-37.0
1292      	17:22:00  	432.9 	-17.2 	13    	32.6     	288   	31.0       	-10.2      	6952      	-37.0
1294      	17:22:02  	432.4 	-17.3 	13    	32.7     	288   	31.0       	-10.3      	6960      	-37.1
1296      	17:22:04  	432.0 	-17.3 	13    	32.7     	289   	31.0       	-10.4      	6967      	-37.1
1298      	17:22:06  	431.6 	-17.4 	13    	32.6     	289   	30.9       	-10.5      	6975      	-37.2
1300      	17:22:08  	431.2 	-17.4 	13    	32.7     	289   	30.9       	-10.6      	6982      	-37.2
1302      	17:22:10  	430.7 	-17.5 	13    	32.8     	289   	31.0       	-10.8      	6990      	-37.2
1304      	17:22:12  	430.3 	-17.5 	13    	33.1     	289   	31.2       	-11.0      	6997      	-37.3
1306      	17:22:14  	429.8 	-17.6 	13    	33.3     	290   	31.3       	-11.3      	7005      	-37.4
1308      	17:22:16  	429.4 	-17.6 	13    	33.5     	290   	31.4       	-11.6      	7013      	-37.5
1310      	17:22:18  	428.9 	-17.6 	13    	33.7     	290   	31.6       	-11.8      	7021      	-37.6
1312      	17:22:20  	428.4 	-17.7 	13    	33.9     	291   	31.7       	-12.0      	7029      	-37.8
1314      	17:22:22  	428.0 	-17.7 	12    	34.2     	291   	31.9       	-12.3      	7038      	-38.2
1316      	17:22:24  	427.5 	-17.7 	12    	34.6     	292   	32.1       	-12.8      	7046      	-38.6
1318      	17:22:26  	427.0 	-17.7 	11    	34.9     	292   	32.3       	-13.3      	7055      	-39.0
1320      	17:22:28  	426.6 	-17.7 	11    	35.3     	293   	32.5       	-13.8      	7062      	-39.6
1322      	17:22:30  	426.1 	-17.7 	10    	35.6     	293   	32.7       	-14.1      	7070      	-40.1
1324      	17:22:32  	425.7 	-17.7 	9     	35.7     	294   	32.7       	-14.4      	7078      	-40.8
1326      	17:22:34  	425.2 	-17.7 	9     	35.9     	294   	32.8       	-14.7      	7086      	-41.4
1328      	17:22:36  	424.8 	-17.7 	8     	36.2     	294   	33.0       	-15.0      	7093      	-41.9
1330      	17:22:38  	424.4 	-17.7 	8     	36.6     	295   	33.3       	-15.3      	7101      	-42.4
1332      	17:22:40  	423.9 	-17.7 	7     	37.0     	295   	33.5       	-15.6      	7109      	-42.8
1334      	17:22:42  	423.5 	-17.7 	7     	37.2     	295   	33.7       	-15.8      	7116      	-43.1
1336      	17:22:44  	423.1 	-17.7 	7     	37.4     	295   	33.9       	-15.8      	7124      	-43.4
1338      	17:22:46  	422.6 	-17.8 	7     	37.5     	295   	34.1       	-15.7      	7132      	-43.6
1340      	17:22:48  	422.2 	-17.8 	7     	37.6     	295   	34.2       	-15.7      	7139      	-43.8
1342      	17:22:50  	421.8 	-17.9 	6     	37.8     	294   	34.4       	-15.6      	7147      	-43.9
1344      	17:22:52  	421.3 	-17.9 	6     	37.9     	294   	34.6       	-15.5      	7155      	-44.0
1346      	17:22:54  	420.9 	-18.0 	6     	38.1     	294   	34.8       	-15.5      	7162      	-44.1
1348      	17:22:56  	420.4 	-18.0 	6     	38.1     	294   	34.8       	-15.4      	7170      	-44.2
1350      	17:22:58  	420.0 	-18.1 	6     	38.1     	294   	34.8       	-15.4      	7178      	-44.2
1352      	17:23:00  	419.6 	-18.1 	6     	38.0     	294   	34.8       	-15.3      	7186      	-44.2
1354      	17:23:02  	419.1 	-18.2 	6     	38.0     	294   	34.8       	-15.3      	7193      	-44.3
1356      	17:23:04  	418.7 	-18.3 	6     	38.0     	294   	34.8       	-15.3      	7201      	-44.3
1358      	17:23:06  	418.3 	-18.3 	6     	38.0     	294   	34.8       	-15.3      	7209      	-44.3
1360      	17:23:08  	417.9 	-18.4 	6     	37.9     	294   	34.7       	-15.3      	7216      	-44.4
1362      	17:23:10  	417.5 	-18.5 	6     	37.9     	294   	34.7       	-15.3      	7223      	-44.4
1364      	17:23:12  	417.0 	-18.6 	7     	38.0     	294   	34.7       	-15.4      	7231      	-44.4
1366      	17:23:14  	416.6 	-18.7 	7     	37.9     	294   	34.6       	-15.4      	7238      	-44.5
1368      	17:23:16  	416.2 	-18.7 	7     	37.9     	294   	34.6       	-15.4      	7246      	-44.5
1370      	17:23:18  	415.8 	-18.8 	7     	37.8     	294   	34.5       	-15.5      	7254      	-44.5
1372      	17:23:20  	415.3 	-18.9 	7     	37.8     	294   	34.5       	-15.5      	7262      	-44.5
1374      	17:23:22  	414.9 	-19.0 	7     	37.7     	294   	34.4       	-15.5      	7270      	-44.6
1376      	17:23:24  	414.4 	-19.0 	7     	37.7     	294   	34.4       	-15.5      	7278      	-44.6
1378      	17:23:26  	414.0 	-19.1 	7     	37.7     	294   	34.4       	-15.5      	7286      	-44.6
1380      	17:23:28  	413.6 	-19.2 	7     	37.7     	294   	34.4       	-15.4      	7293      	-44.5
1382      	17:23:30  	413.1 	-19.3 	7     	37.7     	294   	34.4       	-15.4      	7301      	-44.5
1384      	17:23:32  	412.7 	-19.3 	7     	37.6     	294   	34.3       	-15.4      	7308      	-44.5
1386      	17:23:34  	412.3 	-19.4 	7     	37.6     	294   	34.3       	-15.4      	7316      	-44.5
1388      	17:23:36  	411.9 	-19.5 	7     	37.6     	294   	34.3       	-15.3      	7324      	-44.5
1390      	17:23:38  	411.4 	-19.6 	7     	37.6     	294   	34.3       	-15.3      	7331      	-44.5
1392      	17:23:40  	411.0 	-19.6 	7     	37.6     	294   	34.3       	-15.3      	7339      	-44.5
1394      	17:23:42  	410.6 	-19.7 	7     	37.6     	294   	34.3       	-15.3      	7347      	-44.6
1396      	17:23:44  	410.2 	-19.8 	7     	37.5     	294   	34.2       	-15.3      	7355      	-44.6
1398      	17:23:46  	409.7 	-19.8 	7     	37.4     	294   	34.2       	-15.2      	7363      	-44.6
1400      	17:23:48  	409.3 	-19.9 	7     	37.4     	294   	34.2       	-15.2      	7370      	-44.6
1402      	17:23:50  	408.9 	-20.0 	7     	37.3     	294   	34.1       	-15.2      	7378      	-44.6
1404      	17:23:52  	408.4 	-20.1 	7     	37.3     	294   	34.1       	-15.2      	7386      	-44.6
1406      	17:23:54  	408.0 	-20.1 	7     	37.2     	294   	34.0       	-15.2      	7393      	-44.6
1408      	17:23:56  	407.6 	-20.2 	7     	37.2     	294   	34.0       	-15.2      	7401      	-44.6
1410      	17:23:58  	407.2 	-20.3 	7     	37.2     	294   	33.9       	-15.3      	7409      	-44.6
1412      	17:24:00  	406.7 	-20.3 	8     	37.2     	294   	33.9       	-15.3      	7416      	-44.6
1414      	17:24:02  	406.3 	-20.4 	8     	37.1     	294   	33.8       	-15.3      	7424      	-44.6
1416      	17:24:04  	405.9 	-20.5 	8     	37.1     	294   	33.8       	-15.3      	7432      	-44.6
1418      	17:24:06  	405.5 	-20.5 	8     	37.1     	294   	33.8       	-15.3      	7440      	-44.6
1420      	17:24:08  	405.0 	-20.6 	8     	37.1     	294   	33.8       	-15.2      	7448      	-44.6
1422      	17:24:10  	404.6 	-20.7 	8     	37.1     	294   	33.8       	-15.2      	7455      	-44.7
1424      	17:24:12  	404.2 	-20.8 	8     	37.1     	294   	33.8       	-15.2      	7463      	-44.7
1426      	17:24:14  	403.8 	-20.8 	8     	37.1     	294   	33.9       	-15.1      	7471      	-44.7
1428      	17:24:16  	403.3 	-20.9 	8     	37.1     	294   	33.9       	-15.1      	7479      	-44.7
1430      	17:24:18  	402.9 	-21.0 	8     	37.2     	294   	34.0       	-15.0      	7487      	-44.7
1432      	17:24:20  	402.5 	-21.0 	8     	37.2     	294   	34.1       	-14.9      	7494      	-44.7
1434      	17:24:22  	402.1 	-21.1 	8     	37.3     	293   	34.2       	-14.8      	7502      	-44.8
1436      	17:24:24  	401.6 	-21.2 	8     	37.2     	293   	34.2       	-14.7      	7510      	-44.8
1438      	17:24:26  	401.2 	-21.3 	8     	37.3     	293   	34.3       	-14.7      	7518      	-44.8
1440      	17:24:28  	400.8 	-21.3 	8     	37.3     	293   	34.3       	-14.6      	7526      	-44.9
1442      	17:24:30  	400.3 	-21.4 	8     	37.3     	293   	34.4       	-14.5      	7534      	-44.9
1444      	17:24:32  	399.9 	-21.5 	8     	37.4     	293   	34.5       	-14.5      	7542      	-44.9
1446      	17:24:34  	399.5 	-21.6 	8     	37.6     	293   	34.6       	-14.6      	7549      	-44.8
1448      	17:24:36  	399.0 	-21.6 	8     	37.6     	293   	34.7       	-14.6      	7558      	-44.8
1450      	17:24:38  	398.6 	-21.7 	8     	37.7     	293   	34.8       	-14.6      	7566      	-44.8
1452      	17:24:40  	398.1 	-21.8 	9     	37.8     	293   	34.8       	-14.7      	7574      	-44.7
1454      	17:24:42  	397.7 	-21.8 	9     	37.9     	293   	34.9       	-14.7      	7583      	-44.6
1456      	17:24:44  	397.2 	-21.9 	9     	37.9     	293   	34.9       	-14.8      	7591      	-44.6
1458      	17:24:46  	396.8 	-22.0 	9     	38.1     	293   	35.0       	-15.0      	7599      	-44.5
1460      	17:24:48  	396.4 	-22.1 	9     	38.2     	293   	35.1       	-15.1      	7607      	-44.5
1462      	17:24:50  	396.0 	-22.1 	9     	38.3     	293   	35.2       	-15.2      	7615      	-44.4
1464      	17:24:52  	395.5 	-22.2 	9     	38.5     	293   	35.3       	-15.3      	7622      	-44.3
1466      	17:24:54  	395.1 	-22.3 	10    	38.5     	294   	35.3       	-15.4      	7630      	-44.2
1468      	17:24:56  	394.7 	-22.3 	10    	38.6     	294   	35.3       	-15.5      	7638      	-44.2
1470      	17:24:58  	394.3 	-22.4 	10    	38.6     	294   	35.4       	-15.5      	7645      	-44.2
1472      	17:25:00  	393.9 	-22.5 	10    	38.6     	294   	35.4       	-15.5      	7653      	-44.2
1474      	17:25:02  	393.5 	-22.5 	10    	38.8     	294   	35.5       	-15.6      	7660      	-44.1
1476      	17:25:04  	393.1 	-22.6 	10    	38.9     	294   	35.6       	-15.6      	7668      	-44.1
1478      	17:25:06  	392.7 	-22.7 	10    	38.8     	294   	35.6       	-15.5      	7675      	-44.2
1480      	17:25:08  	392.3 	-22.8 	10    	38.8     	294   	35.6       	-15.5      	7683      	-44.2
1482      	17:25:10  	391.9 	-22.9 	10    	38.8     	293   	35.6       	-15.4      	7691      	-44.2
1484      	17:25:12  	391.4 	-22.9 	10    	38.7     	293   	35.6       	-15.3      	7699      	-44.2
1486      	17:25:14  	391.0 	-23.0 	10    	38.7     	293   	35.6       	-15.2      	7707      	-44.2
1488      	17:25:16  	390.6 	-23.1 	10    	38.7     	293   	35.6       	-15.1      	7715      	-44.2
1490      	17:25:18  	390.2 	-23.1 	10    	38.7     	293   	35.6       	-15.1      	7723      	-44.2
1492      	17:25:20  	389.7 	-23.2 	10    	38.5     	293   	35.5       	-15.0      	7731      	-44.2
1494      	17:25:22  	389.3 	-23.3 	11    	38.5     	293   	35.5       	-15.0      	7739      	-44.2
1496      	17:25:24  	388.9 	-23.4 	11    	38.5     	293   	35.5       	-14.9      	7746      	-44.2
1498      	17:25:26  	388.5 	-23.5 	11    	38.4     	293   	35.4       	-14.9      	7755      	-44.2
1500      	17:25:28  	388.0 	-23.5 	11    	38.4     	293   	35.4       	-14.8      	7763      	-44.3
1502      	17:25:30  	387.6 	-23.6 	11    	38.3     	293   	35.4       	-14.7      	7771      	-44.3
1504      	17:25:32  	387.2 	-23.7 	11    	38.3     	293   	35.4       	-14.7      	7779      	-44.3
1506      	17:25:34  	386.8 	-23.8 	11    	38.3     	293   	35.4       	-14.7      	7787      	-44.3
1508      	17:25:36  	386.3 	-23.8 	11    	38.3     	292   	35.4       	-14.6      	7795      	-44.4
1510      	17:25:38  	385.9 	-23.9 	11    	38.2     	292   	35.3       	-14.6      	7802      	-44.4
1512      	17:25:40  	385.5 	-24.0 	11    	38.2     	292   	35.3       	-14.6      	7810      	-44.4
1514      	17:25:42  	385.1 	-24.1 	11    	38.2     	292   	35.3       	-14.5      	7818      	-44.4
1516      	17:25:44  	384.7 	-24.2 	11    	38.2     	292   	35.3       	-14.5      	7826      	-44.4
1518      	17:25:46  	384.2 	-24.2 	11    	38.2     	292   	35.3       	-14.5      	7835      	-44.4
1520      	17:25:48  	383.8 	-24.3 	11    	38.2     	292   	35.3       	-14.5      	7843      	-44.5
1522      	17:25:50  	383.4 	-24.4 	11    	38.1     	292   	35.2       	-14.5      	7851      	-44.5
1524      	17:25:52  	382.9 	-24.5 	11    	38.1     	292   	35.2       	-14.5      	7860      	-44.5
1526      	17:25:54  	382.5 	-24.5 	12    	38.0     	292   	35.1       	-14.5      	7868      	-44.5
1528      	17:25:56  	382.0 	-24.6 	12    	38.0     	292   	35.1       	-14.5      	7876      	-44.5
1530      	17:25:58  	381.6 	-24.7 	12    	38.0     	292   	35.1       	-14.5      	7884      	-44.5
1532      	17:26:00  	381.2 	-24.8 	12    	38.0     	292   	35.1       	-14.5      	7892      	-44.5
1534      	17:26:02  	380.8 	-24.8 	12    	37.9     	293   	35.0       	-14.5      	7900      	-44.5
1536      	17:26:04  	380.4 	-24.9 	12    	37.9     	293   	35.0       	-14.5      	7908      	-44.5
1538      	17:26:06  	380.0 	-25.0 	12    	37.8     	293   	34.9       	-14.5      	7915      	-44.5
1540      	17:26:08  	379.6 	-25.1 	12    	37.8     	293   	34.9       	-14.5      	7923      	-44.5
1542      	17:26:10  	379.2 	-25.1 	12    	37.7     	293   	34.8       	-14.5      	7931      	-44.5
1544      	17:26:12  	378.8 	-25.2 	12    	37.7     	293   	34.8       	-14.5      	7939      	-44.6
1546      	17:26:14  	378.4 	-25.3 	12    	37.7     	293   	34.8       	-14.5      	7946      	-44.6
1548      	17:26:16  	378.0 	-25.4 	12    	37.6     	293   	34.7       	-14.5      	7954      	-44.7
1550      	17:26:18  	377.6 	-25.5 	12    	37.6     	293   	34.7       	-14.5      	7962      	-44.7
1552      	17:26:20  	377.1 	-25.5 	12    	37.6     	293   	34.7       	-14.5      	7970      	-44.7
1554      	17:26:22  	376.7 	-25.6 	12    	37.6     	293   	34.7       	-14.5      	7978      	-44.8
1556      	17:26:24  	376.3 	-25.7 	12    	37.6     	293   	34.7       	-14.5      	7986      	-44.8
1558      	17:26:26  	375.9 	-25.8 	13    	37.6     	293   	34.7       	-14.5      	7994      	-44.8
1560      	17:26:28  	375.5 	-25.8 	13    	37.4     	293   	34.5       	-14.4      	8002      	-44.8
1562      	17:26:30  	375.1 	-25.9 	13    	37.2     	293   	34.3       	-14.4      	8010      	-44.8
1564      	17:26:32  	374.7 	-26.0 	13    	37.0     	293   	34.1       	-14.3      	8018      	-44.9
1566      	17:26:34  	374.3 	-26.0 	13    	36.7     	293   	33.8       	-14.2      	8024      	-44.9
1568      	17:26:36  	374.0 	-26.1 	13    	36.4     	293   	33.6       	-14.1      	8029      	-44.9
1570      	17:26:38  	373.7 	-26.2 	13    	36.2     	293   	33.4       	-14.0      	8035      	-45.0
1572      	17:26:40  	373.3 	-26.3 	13    	35.9     	293   	33.1       	-14.0      	8044      	-45.0
1574      	17:26:42  	372.9 	-26.3 	13    	35.7     	293   	32.9       	-13.9      	8053      	-45.0
1576      	17:26:44  	372.4 	-26.4 	13    	35.5     	293   	32.7       	-13.8      	8061      	-45.0
1578      	17:26:46  	372.0 	-26.5 	13    	35.4     	293   	32.6       	-13.8      	8070      	-45.0
1580      	17:26:48  	371.5 	-26.5 	13    	35.5     	293   	32.7       	-13.9      	8079      	-45.0
1582      	17:26:50  	371.1 	-26.6 	13    	35.7     	293   	32.8       	-14.0      	8088      	-45.0
1584      	17:26:52  	370.6 	-26.7 	13    	35.8     	293   	33.0       	-14.0      	8096      	-45.1
1586      	17:26:54  	370.2 	-26.7 	13    	36.0     	293   	33.1       	-14.1      	8105      	-45.1
1588      	17:26:56  	369.8 	-26.8 	13    	36.2     	293   	33.3       	-14.2      	8113      	-45.1
1590      	17:26:58  	369.3 	-26.9 	14    	36.3     	293   	33.4       	-14.3      	8121      	-45.1
1592      	17:27:00  	368.9 	-26.9 	14    	36.6     	293   	33.6       	-14.4      	8129      	-45.2
1594      	17:27:02  	368.5 	-27.0 	14    	36.7     	293   	33.7       	-14.5      	8137      	-45.2
1596      	17:27:04  	368.1 	-27.0 	14    	36.9     	293   	33.9       	-14.6      	8145      	-45.2
1598      	17:27:06  	367.7 	-27.1 	14    	36.9     	293   	33.9       	-14.6      	8153      	-45.2
1600      	17:27:08  	367.3 	-27.2 	14    	36.9     	293   	33.9       	-14.6      	8161      	-45.3
1602      	17:27:10  	366.9 	-27.3 	14    	36.9     	293   	33.9       	-14.6      	8169      	-45.3
1604      	17:27:12  	366.5 	-27.3 	14    	36.9     	293   	33.9       	-14.6      	8177      	-45.3
1606      	17:27:14  	366.1 	-27.4 	14    	36.9     	293   	33.9       	-14.6      	8185      	-45.4
1608      	17:27:16  	365.7 	-27.4 	14    	36.9     	293   	33.9       	-14.6      	8193      	-45.5
1610      	17:27:18  	365.3 	-27.5 	14    	36.9     	293   	33.9       	-14.6      	8201      	-45.6
1612      	17:27:20  	364.8 	-27.6 	14    	36.9     	293   	33.9       	-14.6      	8209      	-45.7
1614      	17:27:22  	364.4 	-27.7 	13    	36.9     	293   	33.9       	-14.6      	8217      	-45.8
1616      	17:27:24  	364.0 	-27.7 	13    	36.9     	293   	33.9       	-14.6      	8225      	-45.9
1618      	17:27:26  	363.6 	-27.8 	13    	36.9     	293   	33.9       	-14.6      	8233      	-46.1
1620      	17:27:28  	363.2 	-27.8 	13    	36.9     	293   	33.9       	-14.6      	8241      	-46.2
1622      	17:27:30  	362.8 	-27.9 	13    	36.9     	293   	33.9       	-14.6      	8249      	-46.3
1624      	17:27:32  	362.4 	-27.9 	13    	36.9     	293   	33.9       	-14.6      	8257      	-46.5
1626      	17:27:34  	362.0 	-28.0 	13    	36.9     	293   	33.9       	-14.6      	8265      	-46.6
1628      	17:27:36  	361.6 	-28.1 	13    	36.9     	293   	33.9       	-14.6      	8273      	-46.8
1630      	17:27:38  	361.2 	-28.1 	13    	36.9     	293   	33.9       	-14.6      	8281      	-46.9
1632      	17:27:40  	360.8 	-28.2 	12    	36.9     	293   	33.9       	-14.6      	8289      	-47.0
1634      	17:27:42  	360.4 	-28.3 	12    	36.9     	293   	33.9       	-14.6      	8297      	-47.1
1636      	17:27:44  	360.0 	-28.3 	12    	36.9     	293   	33.9       	-14.6      	8305      	-47.3
1638      	17:27:46  	359.6 	-28.4 	12    	36.9     	294   	33.8       	-14.8      	8313      	-47.4
1640      	17:27:48  	359.2 	-28.5 	12    	36.9     	294   	33.8       	-14.9      	8321      	-47.4
1642      	17:27:50  	358.7 	-28.6 	12    	36.9     	294   	33.7       	-15.1      	8330      	-47.6
1644      	17:27:52  	358.3 	-28.6 	12    	37.0     	294   	33.7       	-15.2      	8339      	-47.7
1646      	17:27:54  	357.9 	-28.7 	12    	36.9     	294   	33.6       	-15.3      	8347      	-47.9
1648      	17:27:56  	357.5 	-28.8 	12    	37.0     	295   	33.6       	-15.5      	8356      	-48.0
1650      	17:27:58  	357.0 	-28.9 	12    	37.0     	295   	33.6       	-15.6      	8364      	-48.1
1652      	17:28:00  	356.6 	-28.9 	11    	37.0     	295   	33.5       	-15.7      	8373      	-48.3
1654      	17:28:02  	356.2 	-29.0 	11    	37.1     	295   	33.5       	-15.9      	8381      	-48.4
1656      	17:28:04  	355.8 	-29.0 	11    	37.0     	295   	33.4       	-15.9      	8389      	-48.6
1658      	17:28:06  	355.4 	-29.0 	11    	37.0     	295   	33.4       	-15.9      	8397      	-48.7
1660      	17:28:08  	355.0 	-29.1 	11    	37.0     	295   	33.4       	-15.9      	8405      	-49.0
1662      	17:28:10  	354.6 	-29.1 	11    	37.0     	295   	33.4       	-15.9      	8413      	-49.1
1664      	17:28:12  	354.2 	-29.1 	10    	37.0     	295   	33.4       	-15.9      	8421      	-49.3
1666      	17:28:14  	353.8 	-29.2 	10    	37.0     	295   	33.4       	-15.9      	8429      	-49.4
1668      	17:28:16  	353.4 	-29.2 	9     	37.0     	295   	33.4       	-15.9      	8437      	-50.0
1670      	17:28:18  	353.0 	-29.2 	9     	37.0     	295   	33.4       	-15.9      	8445      	-50.7
1672      	17:28:20  	352.6 	-29.2 	9     	37.0     	295   	33.4       	-15.9      	8453      	-50.9
1674      	17:28:22  	352.2 	-29.2 	8     	37.0     	295   	33.4       	-15.9      	8461      	-51.2
1676      	17:28:24  	351.8 	-29.3 	8     	37.0     	295   	33.4       	-15.9      	8469      	-51.6
1678      	17:28:26  	351.4 	-29.3 	7     	37.0     	295   	33.4       	-15.9      	8477      	-52.2
1680      	17:28:28  	351.0 	-29.4 	7     	37.0     	295   	33.4       	-15.9      	8485      	-53.0
1682      	17:28:30  	350.6 	-29.4 	6     	37.0     	295   	33.4       	-15.9      	8494      	-53.6
1684      	17:28:32  	350.2 	-29.4 	6     	37.0     	295   	33.4       	-15.9      	8502      	-53.4
1686      	17:28:34  	349.8 	-29.5 	6     	37.0     	295   	33.4       	-15.9      	8511      	-53.5
1688      	17:28:36  	349.3 	-29.5 	6     	37.0     	295   	33.4       	-15.9      	8520      	-53.8
1690      	17:28:38  	348.9 	-29.5 	6     	37.0     	295   	33.4       	-15.9      	8530      	-54.0
1692      	17:28:40  	348.4 	-29.6 	6     	37.2     	295   	33.6       	-15.9      	8539      	-54.4
1694      	17:28:42  	348.0 	-29.6 	6     	37.3     	295   	33.7       	-15.9      	8549      	-54.4
1696      	17:28:44  	347.5 	-29.6 	6     	37.4     	295   	33.9       	-15.9      	8557      	-54.4
1698      	17:28:46  	347.1 	-29.7 	6     	37.5     	295   	34.0       	-15.9      	8566      	-54.6
1700      	17:28:48  	346.7 	-29.7 	5     	37.7     	295   	34.2       	-15.9      	8575      	-54.8
1702      	17:28:50  	346.3 	-29.8 	6     	37.9     	295   	34.4       	-15.9      	8583      	-54.8
1704      	17:28:52  	345.8 	-29.8 	6     	38.0     	295   	34.5       	-16.0      	8592      	-54.8
1706      	17:28:54  	345.4 	-29.9 	6     	38.2     	295   	34.7       	-16.0      	8600      	-54.9
1708      	17:28:56  	345.0 	-29.9 	6     	38.3     	295   	34.8       	-16.0      	8609      	-54.8
1710      	17:28:58  	344.6 	-30.0 	6     	38.5     	295   	35.0       	-16.0      	8617      	-54.9
1712      	17:29:00  	344.2 	-30.1 	6     	38.5     	295   	35.0       	-16.0      	8626      	-54.9
1714      	17:29:02  	343.8 	-30.2 	6     	38.5     	295   	35.0       	-16.0      	8634      	-54.9
1716      	17:29:04  	343.4 	-30.3 	6     	38.5     	295   	35.0       	-16.0      	8642      	-54.9
1718      	17:29:06  	343.0 	-30.3 	6     	38.5     	295   	35.0       	-16.0      	8650      	-54.9
1720      	17:29:08  	342.6 	-30.3 	6     	38.5     	295   	35.0       	-16.0      	8658      	-54.9
1722      	17:29:10  	342.3 	-30.3 	6     	38.5     	295   	35.0       	-16.0      	8666      	-54.9
1724      	17:29:12  	341.9 	-30.3 	6     	38.5     	295   	35.0       	-16.0      	8674      	-54.9
1726      	17:29:14  	341.5 	-30.3 	6     	38.5     	295   	35.0       	-16.0      	8682      	-54.9
1728      	17:29:16  	341.1 	-30.5 	6     	38.5     	295   	35.0       	-16.0      	8690      	-55.0
1730      	17:29:18  	340.7 	-30.6 	6     	38.5     	295   	35.0       	-16.0      	8698      	-55.1
1732      	17:29:20  	340.3 	-30.7 	6     	38.5     	295   	35.0       	-16.0      	8706      	-55.1
1734      	17:29:22  	339.9 	-30.8 	6     	38.5     	295   	35.0       	-16.0      	8714      	-55.2
1736      	17:29:24  	339.5 	-30.8 	6     	38.5     	295   	35.0       	-16.0      	8722      	-55.3
1738      	17:29:26  	339.1 	-30.9 	6     	38.5     	295   	35.0       	-16.0      	8731      	-55.3
1740      	17:29:28  	338.7 	-31.0 	6     	38.4     	294   	35.0       	-15.7      	8741      	-55.4
1742      	17:29:30  	338.2 	-31.0 	6     	38.2     	294   	34.9       	-15.5      	8751      	-55.4
1744      	17:29:32  	337.8 	-31.1 	6     	38.1     	294   	34.9       	-15.2      	8760      	-55.4
1746      	17:29:34  	337.3 	-31.2 	6     	38.0     	293   	34.9       	-15.0      	8769      	-55.5
1748      	17:29:36  	336.9 	-31.3 	6     	37.8     	293   	34.8       	-14.7      	8777      	-55.5
1750      	17:29:38  	336.5 	-31.3 	6     	37.7     	293   	34.8       	-14.5      	8786      	-55.5
1752      	17:29:40  	336.1 	-31.4 	6     	37.6     	292   	34.8       	-14.2      	8794      	-55.6
1754      	17:29:42  	335.7 	-31.5 	6     	37.4     	292   	34.7       	-13.9      	8803      	-55.7
1756      	17:29:44  	335.3 	-31.6 	6     	37.3     	292   	34.7       	-13.7      	8811      	-55.7
1758      	17:29:46  	334.9 	-31.6 	6     	37.2     	291   	34.7       	-13.4      	8820      	-55.8
1760      	17:29:48  	334.5 	-31.7 	6     	37.2     	291   	34.7       	-13.4      	8828      	-55.9
1762      	17:29:50  	334.1 	-31.8 	6     	37.2     	291   	34.7       	-13.4      	8837      	-56.0
1764      	17:29:52  	333.7 	-31.9 	6     	37.2     	291   	34.7       	-13.4      	8845      	-56.0
1766      	17:29:54  	333.3 	-31.9 	6     	37.2     	291   	34.7       	-13.4      	8854      	-56.1
1768      	17:29:56  	332.9 	-32.0 	6     	37.2     	291   	34.7       	-13.4      	8862      	-56.2
1770      	17:29:58  	332.5 	-32.1 	6     	37.2     	291   	34.7       	-13.4      	8871      	-56.3
1772      	17:30:00  	332.1 	-32.2 	6     	37.2     	291   	34.7       	-13.4      	8879      	-56.4
1774      	17:30:02  	331.7 	-32.2 	6     	37.2     	291   	34.7       	-13.4      	8888      	-56.5
1776      	17:30:04  	331.3 	-32.3 	6     	37.2     	291   	34.7       	-13.4      	8896      	-56.5
1778      	17:30:06  	330.9 	-32.4 	6     	37.2     	291   	34.7       	-13.4      	8905      	-56.6
1780      	17:30:08  	330.5 	-32.5 	6     	37.2     	291   	34.7       	-13.4      	8913      	-56.6
1782      	17:30:10  	330.1 	-32.6 	6     	37.2     	291   	34.7       	-13.4      	8921      	-56.6
1784      	17:30:12  	329.7 	-32.7 	6     	37.2     	291   	34.7       	-13.4      	8930      	-56.5
1786      	17:30:14  	329.4 	-32.8 	6     	37.2     	291   	34.7       	-13.4      	8938      	-56.5
1788      	17:30:16  	329.0 	-32.8 	6     	37.2     	291   	34.7       	-13.4      	8945      	-56.4
1790      	17:30:18  	328.6 	-32.9 	6     	37.2     	291   	34.7       	-13.4      	8953      	-56.4
1792      	17:30:20  	328.3 	-33.0 	6     	37.2     	291   	34.7       	-13.4      	8960      	-56.3
1794      	17:30:22  	328.0 	-33.0 	6     	37.2     	291   	34.7       	-13.4      	8967      	-56.2
1796      	17:30:24  	327.6 	-33.1 	7     	37.2     	291   	34.7       	-13.4      	8976      	-56.2
1798      	17:30:26  	327.2 	-33.2 	7     	37.2     	291   	34.7       	-13.4      	8985      	-56.2
1800      	17:30:28  	326.7 	-33.2 	7     	37.3     	291   	34.8       	-13.4      	8994      	-56.1
1802      	17:30:30  	326.3 	-33.3 	7     	37.6     	291   	35.2       	-13.3      	9003      	-56.0
1804      	17:30:32  	326.0 	-33.3 	7     	38.0     	290   	35.6       	-13.2      	9011      	-55.9
1806      	17:30:34  	325.6 	-33.4 	7     	38.2     	290   	35.9       	-13.1      	9019      	-55.8
1808      	17:30:36  	325.2 	-33.4 	7     	38.6     	290   	36.3       	-13.0      	9027      	-55.5
1810      	17:30:38  	324.8 	-33.4 	7     	38.9     	289   	36.7       	-12.9      	9036      	-55.5
1812      	17:30:40  	324.4 	-33.5 	8     	39.2     	289   	37.1       	-12.8      	9044      	-55.2
1814      	17:30:42  	324.0 	-33.5 	8     	39.6     	289   	37.5       	-12.7      	9052      	-54.8
1816      	17:30:44  	323.7 	-33.6 	8     	39.9     	288   	37.9       	-12.5      	9060      	-54.7
1818      	17:30:46  	323.3 	-33.7 	9     	40.3     	288   	38.3       	-12.4      	9068      	-54.4
1820      	17:30:48  	322.9 	-33.8 	9     	40.4     	288   	38.5       	-12.4      	9077      	-54.1
1822      	17:30:50  	322.5 	-33.9 	9     	40.4     	288   	38.5       	-12.4      	9085      	-54.2
1824      	17:30:52  	322.1 	-34.0 	10    	40.4     	288   	38.5       	-12.4      	9094      	-53.8
1826      	17:30:54  	321.7 	-34.0 	10    	40.4     	288   	38.5       	-12.4      	9103      	-53.8
1828      	17:30:56  	321.2 	-34.1 	10    	40.4     	288   	38.5       	-12.4      	9113      	-54.0
1830      	17:30:58  	320.8 	-34.3 	10    	40.4     	288   	38.5       	-12.4      	9122      	-53.9
1832      	17:31:00  	320.4 	-34.4 	10    	40.4     	288   	38.5       	-12.4      	9131      	-54.1
1834      	17:31:02  	320.0 	-34.4 	10    	40.4     	288   	38.5       	-12.4      	9141      	-54.2
1836      	17:31:04  	319.5 	-34.6 	10    	40.4     	288   	38.5       	-12.4      	9150      	-54.0
1838      	17:31:06  	319.1 	-34.7 	10    	40.4     	288   	38.5       	-12.4      	9159      	-54.0
1840      	17:31:08  	318.7 	-34.7 	10    	40.4     	288   	38.5       	-12.4      	9168      	-54.1
1842      	17:31:10  	318.3 	-34.8 	10    	40.4     	288   	38.5       	-12.4      	9178      	-54.0
1844      	17:31:12  	317.8 	-34.9 	10    	40.4     	288   	38.5       	-12.4      	9187      	-54.2
1846      	17:31:14  	317.4 	-35.0 	11    	40.4     	288   	38.5       	-12.4      	9196      	-54.1
1848      	17:31:16  	317.0 	-35.1 	11    	40.4     	288   	38.5       	-12.4      	9206      	-54.0
1850      	17:31:18  	316.6 	-35.2 	11    	40.5     	288   	38.6       	-12.3      	9215      	-54.1
1852      	17:31:20  	316.2 	-35.3 	11    	40.5     	287   	38.7       	-12.0      	9223      	-54.1
1854      	17:31:22  	315.9 	-35.4 	11    	40.5     	287   	38.8       	-11.7      	9230      	-54.1
1856      	17:31:24  	315.5 	-35.4 	11    	40.6     	286   	38.9       	-11.5      	9238      	-54.1
1858      	17:31:26  	315.1 	-35.6 	11    	40.6     	286   	39.0       	-11.2      	9247      	-54.1
1860      	17:31:28  	314.7 	-35.6 	11    	40.7     	286   	39.2       	-10.9      	9256      	-54.3
1862      	17:31:30  	314.3 	-35.7 	11    	40.7     	285   	39.3       	-10.6      	9265      	-54.3
1864      	17:31:32  	313.9 	-35.8 	11    	40.7     	285   	39.4       	-10.4      	9274      	-54.4
1866      	17:31:34  	313.5 	-35.9 	11    	40.8     	284   	39.5       	-10.1      	9282      	-54.4
1868      	17:31:36  	313.1 	-36.0 	11    	40.8     	284   	39.6       	-9.8       	9291      	-54.5
1870      	17:31:38  	312.8 	-36.0 	11    	40.8     	284   	39.7       	-9.6       	9299      	-54.5
1872      	17:31:40  	312.4 	-36.1 	11    	40.8     	284   	39.7       	-9.6       	9308      	-54.5
1874      	17:31:42  	312.0 	-36.2 	11    	40.8     	283   	39.7       	-9.5       	9316      	-54.5
1876      	17:31:44  	311.7 	-36.2 	12    	40.7     	283   	39.6       	-9.4       	9324      	-54.4
1878      	17:31:46  	311.3 	-36.3 	12    	40.7     	283   	39.6       	-9.2       	9331      	-54.4
1880      	17:31:48  	311.0 	-36.4 	12    	40.5     	283   	39.5       	-9.1       	9339      	-54.5
1882      	17:31:50  	310.6 	-36.5 	12    	40.5     	283   	39.5       	-9.0       	9347      	-54.6
1884      	17:31:52  	310.3 	-36.6 	12    	40.4     	283   	39.4       	-8.8       	9355      	-54.7
1886      	17:31:54  	309.9 	-36.6 	12    	40.3     	282   	39.4       	-8.7       	9363      	-54.6
1888      	17:31:56  	309.5 	-36.7 	12    	40.2     	282   	39.3       	-8.6       	9371      	-54.6
1890      	17:31:58  	309.2 	-36.8 	12    	40.2     	282   	39.3       	-8.4       	9379      	-54.6
1892      	17:32:00  	308.8 	-36.9 	12    	40.1     	282   	39.2       	-8.3       	9388      	-54.4
1894      	17:32:02  	308.4 	-37.0 	13    	40.1     	282   	39.2       	-8.3       	9396      	-54.2
1896      	17:32:04  	308.1 	-37.1 	13    	40.1     	282   	39.2       	-8.3       	9404      	-54.0
1898      	17:32:06  	307.7 	-37.1 	14    	40.1     	282   	39.2       	-8.3       	9411      	-53.8
1900      	17:32:08  	307.3 	-37.2 	14    	40.1     	282   	39.2       	-8.3       	9418      	-53.8
1902      	17:32:10  	307.0 	-37.3 	14    	40.1     	282   	39.2       	-8.3       	9428      	-53.7
1904      	17:32:12  	306.6 	-37.4 	14    	40.1     	282   	39.2       	-8.3       	9438      	-53.6
1906      	17:32:14  	306.1 	-37.4 	14    	40.1     	282   	39.2       	-8.3       	9448      	-53.7
1908      	17:32:16  	305.7 	-37.5 	14    	40.0     	282   	39.2       	-8.1       	9457      	-53.8
1910      	17:32:18  	305.3 	-37.5 	14    	40.0     	281   	39.2       	-7.9       	9465      	-53.9
1912      	17:32:20  	305.0 	-37.6 	14    	39.9     	281   	39.1       	-7.7       	9473      	-53.9
1914      	17:32:22  	304.6 	-37.6 	14    	39.8     	281   	39.1       	-7.4       	9481      	-53.9
1916      	17:32:24  	304.3 	-37.7 	14    	39.8     	280   	39.1       	-7.2       	9489      	-53.9
1918      	17:32:26  	304.0 	-37.7 	15    	39.6     	280   	39.0       	-7.0       	9496      	-53.9
1920      	17:32:28  	303.7 	-37.8 	15    	39.6     	280   	39.0       	-6.8       	9503      	-53.8
1922      	17:32:30  	303.4 	-37.8 	15    	39.6     	280   	39.0       	-6.6       	9509      	-53.7
1924      	17:32:32  	303.1 	-37.8 	15    	39.4     	279   	38.9       	-6.4       	9516      	-53.7
1926      	17:32:34  	302.7 	-37.9 	15    	39.4     	279   	38.9       	-6.2       	9524      	-53.7
1928      	17:32:36  	302.4 	-37.9 	15    	39.4     	279   	38.9       	-6.1       	9532      	-53.7
1930      	17:32:38  	302.1 	-38.0 	15    	39.4     	279   	38.9       	-6.1       	9540      	-53.8
1932      	17:32:40  	301.7 	-38.0 	15    	39.4     	279   	38.9       	-6.1       	9548      	-53.9
1934      	17:32:42  	301.2 	-38.1 	15    	39.6     	279   	39.2       	-5.9       	9557      	-54.0
1936      	17:32:44  	300.8 	-38.2 	15    	40.0     	278   	39.6       	-5.7       	9568      	-54.2
1938      	17:32:46  	300.3 	-38.2 	15    	40.4     	278   	40.0       	-5.4       	9579      	-54.2
1940      	17:32:48  	300.0 	-38.3 	15    	40.7     	277   	40.4       	-5.2       	9589      	-54.3
1942      	17:32:50  	299.6 	-38.3 	15    	41.1     	277   	40.8       	-4.9       	9597      	-54.2
1944      	17:32:52  	299.2 	-38.3 	15    	41.5     	277   	41.2       	-4.7       	9605      	-54.2
1946      	17:32:54  	298.9 	-38.4 	15    	41.7     	276   	41.5       	-4.4       	9612      	-54.2
1948      	17:32:56  	298.6 	-38.5 	15    	42.1     	276   	41.9       	-4.2       	9620      	-54.2
1950      	17:32:58  	298.2 	-38.5 	15    	42.5     	275   	42.3       	-4.0       	9628      	-54.2
1952      	17:33:00  	297.9 	-38.6 	15    	42.9     	275   	42.7       	-3.7       	9635      	-54.2
1954      	17:33:02  	297.6 	-38.6 	15    	42.9     	275   	42.7       	-3.7       	9643      	-54.2
1956      	17:33:04  	297.2 	-38.7 	15    	42.9     	275   	42.7       	-3.7       	9650      	-54.3
1958      	17:33:06  	296.9 	-38.7 	15    	42.9     	275   	42.7       	-3.7       	9658      	-54.3
1960      	17:33:08  	296.6 	-38.8 	15    	42.9     	275   	42.7       	-3.7       	9666      	-54.4
1962      	17:33:10  	296.2 	-38.9 	15    	42.9     	275   	42.7       	-3.7       	9674      	-54.6
1964      	17:33:12  	295.9 	-38.9 	15    	42.9     	275   	42.7       	-3.7       	9682      	-54.6
1966      	17:33:14  	295.5 	-39.0 	15    	42.9     	275   	42.7       	-3.7       	9690      	-54.7
1968      	17:33:16  	295.1 	-39.1 	15    	42.9     	275   	42.7       	-3.7       	9699      	-54.8
1970      	17:33:18  	294.8 	-39.1 	15    	42.9     	275   	42.7       	-3.7       	9707      	-54.8
1972      	17:33:20  	294.4 	-39.2 	15    	42.9     	275   	42.7       	-3.7       	9716      	-54.9
1974      	17:33:22  	294.1 	-39.2 	15    	42.9     	275   	42.7       	-3.7       	9724      	-55.0
1976      	17:33:24  	293.7 	-39.3 	15    	42.9     	275   	42.7       	-3.7       	9732      	-55.0
1978      	17:33:26  	293.4 	-39.3 	15    	43.0     	275   	42.8       	-3.6       	9740      	-55.0
1980      	17:33:28  	293.0 	-39.3 	15    	42.9     	275   	42.8       	-3.4       	9749      	-55.2
1982      	17:33:30  	292.6 	-39.4 	14    	42.9     	274   	42.8       	-3.2       	9757      	-55.4
1984      	17:33:32  	292.3 	-39.4 	14    	42.9     	274   	42.8       	-2.9       	9766      	-55.5
1986      	17:33:34  	291.9 	-39.4 	14    	42.9     	274   	42.8       	-2.7       	9775      	-55.7
1988      	17:33:36  	291.5 	-39.4 	14    	42.9     	273   	42.8       	-2.5       	9784      	-55.7
1990      	17:33:38  	291.1 	-39.5 	14    	42.9     	273   	42.8       	-2.3       	9794      	-55.8
1992      	17:33:40  	290.7 	-39.5 	14    	42.9     	273   	42.8       	-2.1       	9803      	-56.0
1994      	17:33:42  	290.4 	-39.6 	14    	42.8     	273   	42.8       	-1.9       	9811      	-56.0
1996      	17:33:44  	290.0 	-39.6 	14    	42.8     	272   	42.8       	-1.7       	9818      	-56.1
1998      	17:33:46  	289.7 	-39.7 	14    	42.9     	272   	42.9       	-1.7       	9826      	-56.1
2000      	17:33:48  	289.4 	-39.8 	14    	42.9     	272   	42.9       	-1.8       	9834      	-56.0
2002      	17:33:50  	289.0 	-39.8 	14    	43.0     	273   	43.0       	-1.9       	9841      	-56.0
2004      	17:33:52  	288.7 	-39.9 	14    	43.2     	273   	43.1       	-2.1       	9850      	-55.9
2006      	17:33:54  	288.4 	-40.0 	15    	43.2     	273   	43.1       	-2.3       	9858      	-55.8
2008      	17:33:56  	288.0 	-40.1 	15    	43.3     	273   	43.2       	-2.4       	9866      	-55.8
2010      	17:33:58  	287.7 	-40.2 	15    	43.4     	273   	43.3       	-2.6       	9875      	-55.8
2012      	17:34:00  	287.3 	-40.3 	15    	43.5     	274   	43.4       	-2.7       	9883      	-55.8
2014      	17:34:02  	286.9 	-40.3 	15    	43.6     	274   	43.5       	-2.9       	9892      	-55.8
2016      	17:34:04  	286.6 	-40.4 	15    	43.6     	274   	43.5       	-3.1       	9900      	-55.9
2018      	17:34:06  	286.3 	-40.5 	15    	43.5     	274   	43.4       	-3.2       	9907      	-55.9
2020      	17:34:08  	285.9 	-40.5 	15    	43.2     	274   	43.1       	-3.1       	9915      	-55.9
2022      	17:34:10  	285.6 	-40.6 	15    	42.9     	274   	42.8       	-3.0       	9923      	-56.0
2024      	17:34:12  	285.3 	-40.6 	15    	42.6     	274   	42.5       	-2.9       	9930      	-56.0
2026      	17:34:14  	285.0 	-40.7 	15    	42.2     	274   	42.1       	-2.8       	9938      	-56.0
2028      	17:34:16  	284.6 	-40.8 	16    	41.9     	274   	41.8       	-2.7       	9946      	-56.0
2030      	17:34:18  	284.3 	-40.8 	16    	41.6     	274   	41.5       	-2.6       	9954      	-56.1
2032      	17:34:20  	284.0 	-40.9 	16    	41.3     	273   	41.2       	-2.5       	9962      	-56.1
2034      	17:34:22  	283.7 	-41.0 	16    	41.0     	273   	40.9       	-2.5       	9970      	-56.1
2036      	17:34:24  	283.3 	-41.1 	16    	40.7     	273   	40.6       	-2.4       	9977      	-56.1
2038      	17:34:26  	283.0 	-41.2 	16    	40.6     	273   	40.5       	-2.3       	9985      	-56.1
2040      	17:34:28  	282.7 	-41.2 	16    	40.7     	273   	40.6       	-2.3       	9992      	-56.1
2042      	17:34:30  	282.4 	-41.3 	16    	40.9     	273   	40.8       	-2.2       	10000     	-56.1
2044      	17:34:32  	282.1 	-41.4 	16    	41.1     	273   	41.0       	-2.1       	10007     	-56.2
2046      	17:34:34  	281.8 	-41.4 	16    	41.3     	273   	41.2       	-2.1       	10015     	-56.2
2048      	17:34:36  	281.4 	-41.5 	16    	41.4     	273   	41.4       	-2.0       	10023     	-56.3
2050      	17:34:38  	281.1 	-41.6 	17    	41.6     	273   	41.6       	-1.9       	10031     	-56.3
2052      	17:34:40  	280.8 	-41.7 	17    	41.8     	272   	41.8       	-1.8       	10040     	-56.4
2054      	17:34:42  	280.4 	-41.8 	17    	42.0     	272   	42.0       	-1.8       	10048     	-56.4
2056      	17:34:44  	280.1 	-41.9 	17    	42.2     	272   	42.2       	-1.7       	10056     	-56.5
2058      	17:34:46  	279.7 	-41.9 	17    	42.4     	272   	42.4       	-1.6       	10065     	-56.5
2060      	17:34:48  	279.3 	-42.0 	17    	42.5     	272   	42.5       	-1.6       	10074     	-56.5
2062      	17:34:50  	279.0 	-42.1 	17    	42.5     	272   	42.5       	-1.6       	10082     	-56.5
2064      	17:34:52  	278.6 	-42.1 	17    	42.5     	272   	42.5       	-1.6       	10091     	-56.5
2066      	17:34:54  	278.3 	-42.2 	17    	42.5     	272   	42.5       	-1.6       	10100     	-56.6
2068      	17:34:56  	278.0 	-42.2 	17    	42.5     	272   	42.5       	-1.6       	10107     	-56.6
2070      	17:34:58  	277.6 	-42.3 	17    	42.5     	272   	42.5       	-1.5       	10115     	-56.7
2072      	17:35:00  	277.3 	-42.4 	17    	42.6     	272   	42.6       	-1.4       	10123     	-56.8
2074      	17:35:02  	277.0 	-42.5 	17    	42.7     	272   	42.7       	-1.3       	10131     	-56.8
2076      	17:35:04  	276.7 	-42.5 	17    	42.8     	271   	42.8       	-1.1       	10139     	-56.8
2078      	17:35:06  	276.4 	-42.6 	17    	42.8     	271   	42.8       	-1.0       	10146     	-56.9
2080      	17:35:08  	276.0 	-42.7 	17    	42.9     	271   	42.9       	-0.9       	10154     	-56.9
2082      	17:35:10  	275.7 	-42.7 	17    	43.0     	271   	43.0       	-0.7       	10162     	-57.0
2084      	17:35:12  	275.4 	-42.8 	17    	43.1     	271   	43.1       	-0.6       	10170     	-57.0
2086      	17:35:14  	275.0 	-42.8 	17    	43.2     	271   	43.2       	-0.5       	10178     	-57.0
2088      	17:35:16  	274.7 	-42.9 	17    	43.2     	270   	43.2       	-0.3       	10187     	-57.1
2090      	17:35:18  	274.4 	-42.9 	17    	43.3     	270   	43.3       	-0.2       	10195     	-57.1
2092      	17:35:20  	274.0 	-43.0 	17    	43.3     	270   	43.3       	-0.2       	10203     	-57.2
2094      	17:35:22  	273.7 	-43.1 	17    	43.3     	270   	43.3       	-0.2       	10211     	-57.3
2096      	17:35:24  	273.4 	-43.2 	17    	43.3     	270   	43.3       	-0.2       	10219     	-57.3
2098      	17:35:26  	273.1 	-43.2 	17    	43.3     	270   	43.3       	-0.2       	10227     	-57.4
2100      	17:35:28  	272.7 	-43.3 	17    	43.3     	270   	43.3       	-0.2       	10236     	-57.4
2102      	17:35:30  	272.4 	-43.4 	17    	43.3     	270   	43.3       	-0.2       	10244     	-57.4
2104      	17:35:32  	272.1 	-43.4 	17    	43.3     	270   	43.3       	-0.2       	10251     	-57.5
2106      	17:35:34  	271.8 	-43.5 	18    	43.3     	270   	43.3       	-0.2       	10259     	-57.4
2108      	17:35:36  	271.4 	-43.5 	18    	43.3     	270   	43.3       	-0.2       	10267     	-57.4
2110      	17:35:38  	271.1 	-43.6 	18    	43.3     	270   	43.3       	-0.2       	10275     	-57.4
2112      	17:35:40  	270.8 	-43.7 	18    	43.3     	270   	43.3       	-0.2       	10283     	-57.4
2114      	17:35:42  	270.5 	-43.7 	18    	43.4     	270   	43.4       	-0.2       	10290     	-57.4
2116      	17:35:44  	270.2 	-43.8 	18    	43.5     	270   	43.5       	-0.3       	10298     	-57.4
2118      	17:35:46  	269.9 	-43.9 	19    	43.6     	270   	43.6       	-0.3       	10306     	-57.4
2120      	17:35:48  	269.5 	-43.9 	18    	43.7     	270   	43.7       	-0.3       	10314     	-57.5
2122      	17:35:50  	269.2 	-44.0 	18    	43.8     	270   	43.8       	-0.3       	10322     	-57.6
2124      	17:35:52  	268.9 	-44.1 	18    	43.9     	270   	43.9       	-0.3       	10330     	-57.7
2126      	17:35:54  	268.6 	-44.1 	18    	44.0     	270   	44.0       	-0.3       	10338     	-57.8
2128      	17:35:56  	268.3 	-44.2 	18    	44.1     	271   	44.1       	-0.4       	10346     	-57.9
2130      	17:35:58  	267.9 	-44.2 	18    	44.2     	271   	44.2       	-0.4       	10354     	-58.0
2132      	17:36:00  	267.6 	-44.3 	18    	44.3     	271   	44.3       	-0.4       	10362     	-58.2
2134      	17:36:02  	267.3 	-44.4 	18    	44.3     	271   	44.3       	-0.4       	10369     	-58.2
2136      	17:36:04  	267.0 	-44.4 	18    	44.3     	271   	44.3       	-0.4       	10378     	-58.3
2138      	17:36:06  	266.7 	-44.5 	18    	44.4     	271   	44.4       	-0.4       	10386     	-58.3
2140      	17:36:08  	266.4 	-44.6 	18    	44.4     	271   	44.4       	-0.4       	10394     	-58.3
2142      	17:36:10  	266.1 	-44.7 	18    	44.4     	271   	44.4       	-0.4       	10402     	-58.3
2144      	17:36:12  	265.7 	-44.7 	18    	44.4     	271   	44.4       	-0.4       	10409     	-58.3
2146      	17:36:14  	265.4 	-44.8 	19    	44.4     	271   	44.4       	-0.4       	10418     	-58.2
2148      	17:36:16  	265.1 	-44.9 	19    	44.4     	270   	44.4       	-0.3       	10426     	-58.2
2150      	17:36:18  	264.8 	-44.9 	19    	44.4     	270   	44.4       	-0.3       	10434     	-58.1
2152      	17:36:20  	264.4 	-44.9 	19    	44.4     	270   	44.4       	-0.2       	10442     	-58.1
2154      	17:36:22  	264.1 	-45.0 	19    	44.4     	270   	44.4       	-0.2       	10450     	-58.1
2156      	17:36:24  	263.8 	-45.0 	19    	44.4     	270   	44.4       	-0.1       	10459     	-58.1
2158      	17:36:26  	263.5 	-45.1 	19    	44.4     	270   	44.4       	-0.1       	10467     	-58.2
2160      	17:36:28  	263.2 	-45.1 	19    	44.3     	270   	44.3       	-0.1       	10475     	-58.4
2162      	17:36:30  	262.8 	-45.1 	18    	44.2     	270   	44.2       	-0.1       	10482     	-58.6
2164      	17:36:32  	262.5 	-45.2 	18    	44.2     	270   	44.2       	-0.1       	10491     	-58.9
2166      	17:36:34  	262.2 	-45.2 	17    	44.1     	270   	44.1       	-0.1       	10499     	-59.2
2168      	17:36:36  	261.9 	-45.2 	16    	44.0     	270   	44.0       	-0.2       	10507     	-59.5
2170      	17:36:38  	261.5 	-45.3 	16    	44.0     	270   	44.0       	-0.3       	10516     	-59.9
2172      	17:36:40  	261.2 	-45.3 	15    	43.8     	271   	43.8       	-0.4       	10524     	-60.1
2174      	17:36:42  	260.9 	-45.3 	15    	43.7     	271   	43.7       	-0.5       	10532     	-60.2
2176      	17:36:44  	260.6 	-45.4 	15    	43.5     	271   	43.5       	-0.7       	10540     	-60.3
2178      	17:36:46  	260.3 	-45.4 	15    	43.4     	271   	43.4       	-0.8       	10548     	-60.3
2180      	17:36:48  	260.0 	-45.5 	15    	43.3     	271   	43.3       	-0.8       	10556     	-60.4
2182      	17:36:50  	259.7 	-45.5 	15    	43.2     	271   	43.2       	-0.9       	10564     	-60.4
2184      	17:36:52  	259.4 	-45.6 	15    	43.1     	271   	43.1       	-1.0       	10572     	-60.4
2186      	17:36:54  	259.1 	-45.7 	15    	43.0     	271   	43.0       	-1.0       	10579     	-60.4
2188      	17:36:56  	258.8 	-45.7 	15    	42.9     	271   	42.9       	-1.0       	10587     	-60.6
2190      	17:36:58  	258.5 	-45.8 	15    	42.7     	271   	42.7       	-1.1       	10595     	-60.7
2192      	17:37:00  	258.2 	-45.8 	15    	42.6     	271   	42.6       	-1.1       	10603     	-60.8
2194      	17:37:02  	257.8 	-45.9 	15    	42.6     	271   	42.6       	-1.0       	10611     	-60.9
2196      	17:37:04  	257.5 	-46.0 	15    	42.5     	271   	42.5       	-1.0       	10618     	-61.0
2198      	17:37:06  	257.2 	-46.0 	15    	42.5     	271   	42.5       	-0.9       	10626     	-61.1
2200      	17:37:08  	256.9 	-46.1 	15    	42.4     	271   	42.4       	-0.8       	10634     	-61.0
2202      	17:37:10  	256.6 	-46.1 	15    	42.4     	271   	42.4       	-0.6       	10642     	-60.9
2204      	17:37:12  	256.3 	-46.2 	16    	42.3     	271   	42.3       	-0.5       	10650     	-60.7
2206      	17:37:14  	256.0 	-46.2 	16    	42.4     	271   	42.4       	-0.4       	10658     	-60.5
2208      	17:37:16  	255.7 	-46.3 	17    	42.4     	270   	42.4       	-0.3       	10667     	-60.4
2210      	17:37:18  	255.4 	-46.3 	17    	42.3     	270   	42.3       	-0.2       	10675     	-60.3
2212      	17:37:20  	255.1 	-46.4 	17    	42.3     	270   	42.3       	0.0        	10683     	-60.3
2214      	17:37:22  	254.7 	-46.4 	17    	42.2     	270   	42.2       	0.2        	10691     	-60.3
2216      	17:37:24  	254.4 	-46.5 	17    	42.2     	269   	42.2       	0.4        	10699     	-60.4
2218      	17:37:26  	254.1 	-46.6 	17    	42.1     	269   	42.1       	0.5        	10707     	-60.5
2220      	17:37:28  	253.8 	-46.6 	17    	42.1     	269   	42.1       	0.6        	10715     	-60.6
2222      	17:37:30  	253.5 	-46.7 	17    	42.0     	269   	42.0       	0.7        	10723     	-60.5
2224      	17:37:32  	253.2 	-46.8 	17    	42.2     	269   	42.2       	0.8        	10731     	-60.5
2226      	17:37:34  	252.9 	-46.8 	18    	42.5     	269   	42.5       	0.8        	10739     	-60.4
2228      	17:37:36  	252.6 	-46.9 	18    	42.7     	269   	42.7       	0.9        	10747     	-60.3
2230      	17:37:38  	252.3 	-47.0 	18    	43.0     	269   	43.0       	0.9        	10756     	-60.2
2232      	17:37:40  	251.9 	-47.1 	19    	43.3     	269   	43.3       	0.9        	10764     	-60.2
2234      	17:37:42  	251.6 	-47.1 	19    	43.6     	269   	43.6       	0.8        	10772     	-60.2
2236      	17:37:44  	251.3 	-47.2 	19    	43.9     	269   	43.9       	0.8        	10780     	-60.3
2238      	17:37:46  	251.0 	-47.3 	19    	44.0     	269   	44.0       	0.8        	10788     	-60.4
2240      	17:37:48  	250.7 	-47.4 	19    	44.2     	269   	44.2       	0.7        	10796     	-60.4
2242      	17:37:50  	250.4 	-47.5 	19    	44.3     	269   	44.3       	0.7        	10804     	-60.4
2244      	17:37:52  	250.1 	-47.6 	19    	44.2     	269   	44.2       	0.7        	10812     	-60.5
2246      	17:37:54  	249.8 	-47.6 	19    	44.1     	269   	44.1       	0.8        	10820     	-60.5
2248      	17:37:56  	249.5 	-47.7 	19    	43.9     	269   	43.9       	0.8        	10827     	-60.5
2250      	17:37:58  	249.2 	-47.8 	20    	43.7     	269   	43.7       	0.8        	10835     	-60.5
2252      	17:38:00  	248.9 	-47.8 	20    	43.6     	269   	43.6       	0.8        	10844     	-60.4
2254      	17:38:02  	248.6 	-47.9 	20    	43.5     	269   	43.5       	0.8        	10852     	-60.4
2256      	17:38:04  	248.3 	-48.0 	21    	43.4     	269   	43.4       	0.8        	10860     	-60.3
2258      	17:38:06  	248.0 	-48.0 	21    	43.4     	269   	43.4       	0.8        	10869     	-60.2
2260      	17:38:08  	247.7 	-48.1 	21    	43.4     	269   	43.4       	0.7        	10877     	-60.2
2262      	17:38:10  	247.4 	-48.2 	21    	43.4     	269   	43.4       	0.7        	10885     	-60.2
2264      	17:38:12  	247.1 	-48.2 	21    	43.5     	269   	43.5       	0.7        	10893     	-60.2
2266      	17:38:14  	246.8 	-48.3 	22    	43.5     	269   	43.5       	0.6        	10901     	-60.2
2268      	17:38:16  	246.5 	-48.3 	22    	43.5     	269   	43.5       	0.6        	10909     	-60.2
2270      	17:38:18  	246.2 	-48.4 	22    	43.5     	269   	43.5       	0.6        	10917     	-60.2
2272      	17:38:20  	245.9 	-48.4 	22    	43.5     	269   	43.5       	0.6        	10925     	-60.3
2274      	17:38:22  	245.6 	-48.4 	21    	43.5     	269   	43.5       	0.6        	10933     	-60.4
2276      	17:38:24  	245.3 	-48.5 	21    	43.5     	269   	43.5       	0.5        	10941     	-60.5
2278      	17:38:26  	245.0 	-48.5 	21    	43.4     	269   	43.4       	0.5        	10949     	-60.7
2280      	17:38:28  	244.7 	-48.5 	20    	43.3     	269   	43.3       	0.5        	10957     	-60.9
2282      	17:38:30  	244.4 	-48.5 	20    	43.2     	269   	43.2       	0.5        	10965     	-61.1
2284      	17:38:32  	244.1 	-48.6 	19    	43.2     	269   	43.2       	0.4        	10973     	-61.3
2286      	17:38:34  	243.8 	-48.6 	19    	43.1     	269   	43.1       	0.4        	10982     	-61.6
2288      	17:38:36  	243.5 	-48.6 	18    	43.0     	269   	43.0       	0.4        	10990     	-61.8
2290      	17:38:38  	243.2 	-48.6 	18    	43.0     	270   	43.0       	0.2        	10998     	-61.9
2292      	17:38:40  	242.9 	-48.6 	18    	42.9     	270   	42.9       	0.1        	11006     	-62.0
2294      	17:38:42  	242.6 	-48.6 	17    	42.9     	270   	42.9       	0.0        	11014     	-62.2
2296      	17:38:44  	242.3 	-48.7 	17    	42.9     	270   	42.9       	-0.1       	11021     	-62.3
2298      	17:38:46  	242.0 	-48.7 	17    	43.0     	270   	43.0       	-0.2       	11029     	-62.4
2300      	17:38:48  	241.7 	-48.7 	17    	43.0     	271   	43.0       	-0.4       	11036     	-62.5
2302      	17:38:50  	241.4 	-48.8 	16    	43.1     	271   	43.1       	-0.5       	11044     	-62.6
2304      	17:38:52  	241.1 	-48.8 	16    	43.2     	271   	43.2       	-0.7       	11053     	-62.8
2306      	17:38:54  	240.8 	-48.8 	16    	43.3     	271   	43.3       	-0.9       	11061     	-62.8
2308      	17:38:56  	240.5 	-48.9 	16    	43.3     	271   	43.3       	-1.0       	11069     	-62.8
2310      	17:38:58  	240.2 	-48.9 	16    	43.4     	271   	43.4       	-1.0       	11077     	-62.8
2312      	17:39:00  	239.9 	-49.0 	16    	43.4     	271   	43.4       	-1.1       	11085     	-62.8
2314      	17:39:02  	239.7 	-49.0 	17    	43.4     	271   	43.4       	-1.0       	11093     	-62.7
2316      	17:39:04  	239.4 	-49.0 	17    	43.4     	271   	43.4       	-0.9       	11101     	-62.7
2318      	17:39:06  	239.1 	-49.0 	17    	43.3     	271   	43.3       	-0.8       	11109     	-62.7
2320      	17:39:08  	238.8 	-49.0 	16    	43.3     	271   	43.3       	-0.7       	11117     	-62.8
2322      	17:39:10  	238.5 	-49.0 	16    	43.2     	271   	43.2       	-0.5       	11125     	-63.0
2324      	17:39:12  	238.2 	-49.1 	16    	43.1     	271   	43.1       	-0.4       	11133     	-63.1
2326      	17:39:14  	237.9 	-49.1 	16    	43.1     	270   	43.1       	-0.2       	11141     	-63.3
2328      	17:39:16  	237.7 	-49.1 	15    	42.9     	270   	42.9       	0.1        	11148     	-63.4
2330      	17:39:18  	237.4 	-49.1 	15    	42.8     	270   	42.8       	0.3        	11156     	-63.5
2332      	17:39:20  	237.1 	-49.1 	15    	42.6     	269   	42.6       	0.5        	11164     	-63.6
2334      	17:39:22  	236.8 	-49.1 	15    	42.5     	269   	42.5       	0.7        	11172     	-63.7
2336      	17:39:24  	236.5 	-49.1 	15    	42.4     	269   	42.4       	0.7        	11181     	-63.7
2338      	17:39:26  	236.2 	-49.1 	15    	42.4     	269   	42.4       	0.8        	11189     	-63.7
2340      	17:39:28  	235.9 	-49.1 	15    	42.3     	269   	42.3       	0.9        	11197     	-63.7
2342      	17:39:30  	235.6 	-49.1 	15    	42.3     	269   	42.3       	1.0        	11205     	-63.8
2344      	17:39:32  	235.3 	-49.1 	14    	42.3     	269   	42.3       	1.0        	11212     	-63.9
2346      	17:39:34  	235.1 	-49.1 	14    	42.4     	269   	42.4       	1.1        	11220     	-63.9
2348      	17:39:36  	234.8 	-49.1 	14    	42.4     	269   	42.4       	1.1        	11229     	-64.0
2350      	17:39:38  	234.5 	-49.2 	14    	42.5     	269   	42.5       	1.0        	11237     	-64.1
2352      	17:39:40  	234.2 	-49.2 	14    	42.6     	269   	42.6       	1.0        	11245     	-64.1
2354      	17:39:42  	233.9 	-49.2 	14    	42.7     	269   	42.7       	0.9        	11253     	-64.2
2356      	17:39:44  	233.6 	-49.2 	14    	42.8     	269   	42.8       	0.9        	11261     	-64.4
2358      	17:39:46  	233.3 	-49.3 	14    	42.8     	269   	42.8       	0.8        	11269     	-64.5
2360      	17:39:48  	233.1 	-49.3 	13    	42.9     	269   	42.9       	0.7        	11277     	-64.5
2362      	17:39:50  	232.8 	-49.3 	13    	42.9     	269   	42.9       	0.7        	11284     	-64.5
2364      	17:39:52  	232.5 	-49.4 	13    	42.9     	269   	42.9       	0.6        	11292     	-64.6
2366      	17:39:54  	232.2 	-49.4 	13    	43.0     	269   	43.0       	0.7        	11300     	-64.7
2368      	17:39:56  	231.9 	-49.5 	13    	43.0     	269   	43.0       	0.7        	11309     	-64.7
2370      	17:39:58  	231.6 	-49.5 	14    	43.0     	269   	43.0       	0.8        	11317     	-64.6
2372      	17:40:00  	231.3 	-49.5 	14    	43.0     	269   	43.0       	0.9        	11325     	-64.6
2374      	17:40:02  	231.1 	-49.6 	14    	43.0     	269   	43.0       	1.0        	11333     	-64.5
2376      	17:40:04  	230.8 	-49.6 	14    	43.0     	269   	43.0       	1.1        	11341     	-64.5
2378      	17:40:06  	230.5 	-49.7 	14    	43.0     	268   	43.0       	1.3        	11350     	-64.5
2380      	17:40:08  	230.2 	-49.8 	14    	43.0     	268   	43.0       	1.5        	11358     	-64.5
2382      	17:40:10  	229.9 	-49.8 	15    	42.9     	268   	42.9       	1.8        	11366     	-64.4
2384      	17:40:12  	229.6 	-49.8 	15    	42.9     	267   	42.8       	2.1        	11375     	-64.4
2386      	17:40:14  	229.3 	-49.9 	15    	42.9     	267   	42.8       	2.3        	11383     	-64.4
2388      	17:40:16  	229.0 	-49.9 	15    	42.8     	267   	42.7       	2.4        	11391     	-64.4
2390      	17:40:18  	228.7 	-50.0 	15    	42.7     	267   	42.6       	2.6        	11399     	-64.4
2392      	17:40:20  	228.4 	-50.0 	15    	42.7     	266   	42.6       	2.8        	11408     	-64.4
2394      	17:40:22  	228.1 	-50.1 	15    	42.6     	266   	42.5       	2.9        	11416     	-64.4
2396      	17:40:24  	227.9 	-50.1 	15    	42.6     	266   	42.5       	3.1        	11424     	-64.4
2398      	17:40:26  	227.6 	-50.2 	15    	42.6     	266   	42.5       	3.2        	11432     	-64.5
2400      	17:40:28  	227.3 	-50.2 	15    	42.6     	266   	42.5       	3.2        	11440     	-64.5
2402      	17:40:30  	227.0 	-50.3 	15    	42.6     	266   	42.5       	3.3        	11448     	-64.6
2404      	17:40:32  	226.7 	-50.3 	15    	42.7     	266   	42.6       	3.2        	11457     	-64.6
2406      	17:40:34  	226.4 	-50.3 	15    	42.6     	266   	42.5       	3.1        	11465     	-64.7
2408      	17:40:36  	226.1 	-50.4 	15    	42.6     	266   	42.5       	2.9        	11474     	-64.7
2410      	17:40:38  	225.8 	-50.4 	15    	42.6     	266   	42.5       	2.8        	11482     	-64.7
2412      	17:40:40  	225.6 	-50.4 	15    	42.6     	266   	42.5       	2.6        	11490     	-64.8
2414      	17:40:42  	225.3 	-50.5 	15    	42.5     	267   	42.4       	2.4        	11498     	-64.8
2416      	17:40:44  	225.0 	-50.5 	15    	42.5     	267   	42.4       	2.2        	11506     	-64.8
2418      	17:40:46  	224.7 	-50.6 	15    	42.1     	267   	42.1       	2.0        	11514     	-64.9
2420      	17:40:48  	224.4 	-50.6 	15    	41.7     	268   	41.7       	1.7        	11523     	-65.0
2422      	17:40:50  	224.2 	-50.7 	15    	41.4     	268   	41.4       	1.4        	11531     	-65.0
2424      	17:40:52  	223.9 	-50.7 	15    	41.0     	268   	41.0       	1.2        	11539     	-65.1
2426      	17:40:54  	223.6 	-50.7 	15    	40.7     	268   	40.7       	1.1        	11547     	-65.1
2428      	17:40:56  	223.3 	-50.7 	15    	40.4     	269   	40.4       	1.0        	11555     	-65.1
2430      	17:40:58  	223.0 	-50.8 	15    	40.2     	269   	40.2       	0.9        	11564     	-65.2
2432      	17:41:00  	222.8 	-50.8 	15    	40.2     	269   	40.2       	0.7        	11571     	-65.2
2434      	17:41:02  	222.5 	-50.9 	15    	40.3     	269   	40.3       	0.5        	11579     	-65.2
2436      	17:41:04  	222.2 	-50.9 	15    	40.3     	270   	40.3       	0.3        	11587     	-65.3
2438      	17:41:06  	222.0 	-50.9 	15    	40.6     	270   	40.6       	0.2        	11595     	-65.3
2440      	17:41:08  	221.7 	-51.0 	15    	41.0     	270   	41.0       	0.1        	11603     	-65.4
2442      	17:41:10  	221.4 	-51.0 	15    	41.3     	270   	41.3       	0.0        	11610     	-65.5
2444      	17:41:12  	221.2 	-51.1 	14    	41.7     	270   	41.7       	-0.1       	11618     	-65.6
2446      	17:41:14  	220.9 	-51.1 	14    	42.0     	270   	42.0       	-0.2       	11626     	-65.6
2448      	17:41:16  	220.6 	-51.2 	14    	42.4     	270   	42.4       	-0.3       	11634     	-65.7
2450      	17:41:18  	220.3 	-51.2 	14    	42.6     	271   	42.6       	-0.4       	11642     	-65.7
2452      	17:41:20  	220.1 	-51.2 	14    	42.6     	271   	42.6       	-0.4       	11651     	-65.8
2454      	17:41:22  	219.8 	-51.2 	14    	42.5     	271   	42.5       	-0.4       	11659     	-65.8
2456      	17:41:24  	219.5 	-51.2 	14    	42.4     	271   	42.4       	-0.5       	11667     	-65.7
2458      	17:41:26  	219.2 	-51.2 	14    	42.2     	271   	42.2       	-0.6       	11676     	-65.7
2460      	17:41:28  	218.9 	-51.2 	15    	42.0     	271   	42.0       	-0.7       	11684     	-65.6
2462      	17:41:30  	218.7 	-51.3 	15    	41.9     	271   	41.9       	-0.8       	11692     	-65.6
2464      	17:41:32  	218.4 	-51.3 	15    	41.7     	271   	41.7       	-0.9       	11701     	-65.6
2466      	17:41:34  	218.1 	-51.3 	15    	41.5     	271   	41.5       	-1.0       	11709     	-65.5
2468      	17:41:36  	217.8 	-51.3 	15    	41.4     	272   	41.4       	-1.1       	11717     	-65.4
2470      	17:41:38  	217.6 	-51.3 	15    	41.2     	272   	41.2       	-1.2       	11725     	-65.4
2472      	17:41:40  	217.3 	-51.3 	15    	41.1     	272   	41.1       	-1.3       	11732     	-65.5
2474      	17:41:42  	217.0 	-51.3 	15    	40.7     	272   	40.7       	-1.2       	11740     	-65.5
2476      	17:41:44  	216.8 	-51.3 	15    	40.3     	272   	40.3       	-1.1       	11749     	-65.6
2478      	17:41:46  	216.5 	-51.3 	15    	39.9     	271   	39.9       	-0.9       	11758     	-65.7
2480      	17:41:48  	216.2 	-51.3 	15    	39.5     	271   	39.5       	-0.8       	11766     	-65.8
2482      	17:41:50  	215.9 	-51.3 	14    	39.1     	271   	39.1       	-0.7       	11775     	-65.8
2484      	17:41:52  	215.6 	-51.3 	14    	38.7     	271   	38.7       	-0.6       	11784     	-65.9
2486      	17:41:54  	215.3 	-51.4 	14    	38.3     	271   	38.3       	-0.5       	11792     	-65.9
2488      	17:41:56  	215.1 	-51.4 	14    	37.9     	271   	37.9       	-0.4       	11800     	-65.9
2490      	17:41:58  	214.8 	-51.4 	14    	37.5     	270   	37.5       	-0.3       	11809     	-65.9
2492      	17:42:00  	214.5 	-51.4 	14    	37.0     	270   	37.0       	-0.2       	11817     	-65.8
2494      	17:42:02  	214.2 	-51.4 	14    	36.9     	270   	36.9       	-0.1       	11825     	-65.8
2496      	17:42:04  	214.0 	-51.4 	14    	36.9     	270   	36.9       	-0.2       	11834     	-65.8
2498      	17:42:06  	213.7 	-51.3 	14    	36.8     	270   	36.8       	-0.2       	11842     	-65.8
2500      	17:42:08  	213.4 	-51.3 	14    	36.7     	270   	36.7       	-0.1       	11851     	-65.8
2502      	17:42:10  	213.1 	-51.3 	14    	36.6     	270   	36.6       	0.1        	11859     	-65.8
2504      	17:42:12  	212.8 	-51.3 	14    	36.4     	270   	36.4       	0.3        	11868     	-65.9
2506      	17:42:14  	212.5 	-51.3 	14    	36.3     	269   	36.3       	0.5        	11877     	-65.9
2508      	17:42:16  	212.3 	-51.4 	14    	36.1     	269   	36.1       	0.7        	11885     	-65.9
2510      	17:42:18  	212.0 	-51.4 	14    	36.0     	269   	36.0       	0.9        	11894     	-66.0
2512      	17:42:20  	211.7 	-51.4 	14    	35.8     	268   	35.8       	1.2        	11902     	-66.0
2514      	17:42:22  	211.4 	-51.4 	14    	35.6     	267   	35.6       	1.7        	11911     	-65.9
2516      	17:42:24  	211.1 	-51.4 	14    	35.5     	266   	35.4       	2.2        	11920     	-65.9
2518      	17:42:26  	210.8 	-51.4 	14    	35.2     	266   	35.1       	2.7        	11929     	-65.9
2520      	17:42:28  	210.5 	-51.4 	14    	35.1     	265   	35.0       	3.0        	11938     	-65.9
2522      	17:42:30  	210.2 	-51.5 	14    	35.1     	265   	34.9       	3.3        	11948     	-65.9
2524      	17:42:32  	209.9 	-51.5 	15    	35.0     	264   	34.8       	3.7        	11957     	-65.9
2526      	17:42:34  	209.7 	-51.5 	15    	34.9     	263   	34.6       	4.2        	11965     	-65.9
2528      	17:42:36  	209.4 	-51.6 	15    	34.7     	262   	34.4       	4.7        	11974     	-65.9
2530      	17:42:38  	209.1 	-51.6 	15    	34.6     	261   	34.2       	5.2        	11982     	-66.0
2532      	17:42:40  	208.8 	-51.6 	15    	34.4     	261   	34.0       	5.5        	11991     	-66.0
2534      	17:42:42  	208.5 	-51.7 	14    	34.4     	260   	33.9       	5.8        	12000     	-66.1
2536      	17:42:44  	208.2 	-51.7 	14    	34.3     	260   	33.8       	6.0        	12009     	-66.1
2538      	17:42:46  	207.9 	-51.8 	14    	34.4     	259   	33.8       	6.3        	12018     	-66.2
2540      	17:42:48  	207.7 	-51.8 	14    	34.4     	259   	33.7       	6.7        	12027     	-66.3
2542      	17:42:50  	207.4 	-51.8 	14    	34.3     	258   	33.6       	7.1        	12036     	-66.4
2544      	17:42:52  	207.1 	-51.9 	14    	34.4     	257   	33.6       	7.5        	12045     	-66.4
2546      	17:42:54  	206.8 	-51.9 	14    	34.5     	257   	33.6       	7.7        	12054     	-66.5
2548      	17:42:56  	206.5 	-51.9 	14    	34.5     	257   	33.6       	7.8        	12062     	-66.5
2550      	17:42:58  	206.3 	-52.0 	14    	34.5     	257   	33.6       	8.0        	12071     	-66.6
2552      	17:43:00  	206.0 	-52.0 	14    	34.7     	256   	33.7       	8.2        	12079     	-66.7
2554      	17:43:02  	205.7 	-52.0 	14    	34.8     	256   	33.7       	8.5        	12088     	-66.7
2556      	17:43:04  	205.4 	-52.1 	14    	34.8     	256   	33.7       	8.7        	12097     	-66.7
2558      	17:43:06  	205.2 	-52.1 	14    	34.9     	255   	33.8       	8.8        	12106     	-66.7
2560      	17:43:08  	204.9 	-52.1 	14    	34.9     	255   	33.8       	8.8        	12114     	-66.7
2562      	17:43:10  	204.6 	-52.2 	14    	34.9     	255   	33.8       	8.8        	12123     	-66.7
2564      	17:43:12  	204.3 	-52.2 	14    	35.0     	255   	33.9       	8.9        	12132     	-66.8
2566      	17:43:14  	204.1 	-52.2 	14    	35.1     	255   	34.0       	8.9        	12140     	-66.8
2568      	17:43:16  	203.8 	-52.3 	14    	35.3     	255   	34.1       	9.0        	12148     	-66.8
2570      	17:43:18  	203.5 	-52.3 	14    	35.4     	255   	34.2       	9.0        	12157     	-66.9
2572      	17:43:20  	203.3 	-52.3 	14    	35.5     	255   	34.3       	9.0        	12166     	-67.0
2574      	17:43:22  	203.0 	-52.4 	14    	35.6     	255   	34.4       	9.1        	12174     	-67.0
2576      	17:43:24  	202.7 	-52.4 	14    	35.6     	255   	34.4       	9.1        	12183     	-67.1
2578      	17:43:26  	202.4 	-52.4 	14    	35.7     	255   	34.4       	9.5        	12192     	-67.2
2580      	17:43:28  	202.2 	-52.4 	14    	35.8     	254   	34.4       	9.9        	12201     	-67.2
2582      	17:43:30  	201.9 	-52.5 	14    	35.9     	253   	34.4       	10.3       	12210     	-67.2
2584      	17:43:32  	201.6 	-52.5 	14    	35.9     	253   	34.3       	10.6       	12219     	-67.2
2586      	17:43:34  	201.3 	-52.5 	13    	35.8     	252   	34.1       	11.0       	12228     	-67.3
2588      	17:43:36  	201.0 	-52.5 	13    	35.9     	251   	34.0       	11.4       	12237     	-67.4
2590      	17:43:38  	200.7 	-52.5 	13    	35.9     	251   	33.9       	11.7       	12246     	-67.4
2592      	17:43:40  	200.5 	-52.5 	13    	35.9     	250   	33.8       	12.2       	12255     	-67.5
2594      	17:43:42  	200.2 	-52.5 	13    	36.1     	249   	33.8       	12.8       	12265     	-67.6
2596      	17:43:44  	199.9 	-52.5 	13    	36.2     	248   	33.7       	13.3       	12274     	-67.6
2598      	17:43:46  	199.6 	-52.6 	13    	36.4     	248   	33.8       	13.5       	12283     	-67.7
2600      	17:43:48  	199.4 	-52.6 	13    	36.5     	248   	33.8       	13.8       	12291     	-67.7
2602      	17:43:50  	199.1 	-52.6 	13    	36.7     	248   	33.9       	14.0       	12300     	-67.7
2604      	17:43:52  	198.8 	-52.7 	13    	36.8     	247   	33.9       	14.2       	12309     	-67.7
2606      	17:43:54  	198.5 	-52.7 	13    	36.9     	247   	34.0       	14.4       	12317     	-67.7
2608      	17:43:56  	198.3 	-52.7 	13    	37.1     	247   	34.1       	14.7       	12326     	-67.7
2610      	17:43:58  	198.0 	-52.7 	13    	37.2     	246   	34.1       	14.9       	12335     	-67.8
2612      	17:44:00  	197.7 	-52.7 	13    	37.3     	246   	34.1       	15.0       	12343     	-67.8
2614      	17:44:02  	197.5 	-52.7 	13    	37.3     	246   	34.1       	15.0       	12352     	-68.0
2616      	17:44:04  	197.2 	-52.8 	12    	37.3     	246   	34.1       	15.0       	12361     	-68.1
2618      	17:44:06  	196.9 	-52.8 	12    	37.3     	246   	34.1       	15.0       	12370     	-68.2
2620      	17:44:08  	196.7 	-52.9 	12    	37.3     	246   	34.1       	15.0       	12379     	-68.3
2622      	17:44:10  	196.4 	-52.9 	12    	37.2     	246   	34.1       	14.9       	12388     	-68.3
2624      	17:44:12  	196.1 	-53.0 	12    	37.2     	247   	34.1       	14.8       	12398     	-68.4
2626      	17:44:14  	195.8 	-53.0 	12    	37.0     	247   	34.0       	14.6       	12407     	-68.4
2628      	17:44:16  	195.5 	-53.0 	12    	36.8     	247   	33.9       	14.4       	12417     	-68.4
2630      	17:44:18  	195.2 	-53.1 	12    	36.8     	247   	33.9       	14.2       	12426     	-68.4
2632      	17:44:20  	194.9 	-53.1 	12    	36.6     	248   	33.8       	14.0       	12436     	-68.4
2634      	17:44:22  	194.6 	-53.1 	12    	36.4     	248   	33.7       	13.8       	12445     	-68.4
2636      	17:44:24  	194.4 	-53.1 	12    	36.3     	248   	33.7       	13.6       	12455     	-68.4
2638      	17:44:26  	194.1 	-53.1 	12    	36.2     	248   	33.6       	13.4       	12464     	-68.5
2640      	17:44:28  	193.8 	-53.1 	12    	35.8     	248   	33.2       	13.3       	12473     	-68.6
2642      	17:44:30  	193.5 	-53.1 	12    	35.4     	248   	32.8       	13.2       	12482     	-68.7
2644      	17:44:32  	193.3 	-53.1 	12    	35.0     	248   	32.4       	13.2       	12491     	-68.8
2646      	17:44:34  	193.0 	-53.1 	11    	34.7     	247   	32.0       	13.3       	12501     	-69.0
2648      	17:44:36  	192.7 	-53.1 	11    	34.3     	247   	31.6       	13.3       	12510     	-69.2
2650      	17:44:38  	192.4 	-53.2 	11    	34.0     	247   	31.2       	13.4       	12520     	-69.3
2652      	17:44:40  	192.1 	-53.2 	11    	34.1     	247   	31.3       	13.6       	12530     	-69.4
2654      	17:44:42  	191.8 	-53.2 	11    	34.6     	246   	31.7       	13.8       	12539     	-69.4
2656      	17:44:44  	191.6 	-53.2 	11    	35.0     	246   	32.1       	14.0       	12548     	-69.4
2658      	17:44:46  	191.3 	-53.2 	11    	35.5     	246   	32.5       	14.3       	12557     	-69.5
2660      	17:44:48  	191.0 	-53.3 	11    	36.2     	247   	33.2       	14.4       	12566     	-69.6
2662      	17:44:50  	190.8 	-53.3 	11    	37.0     	247   	34.0       	14.6       	12575     	-69.6
2664      	17:44:52  	190.5 	-53.3 	10    	37.7     	247   	34.7       	14.8       	12584     	-69.7
2666      	17:44:54  	190.2 	-53.2 	10    	38.3     	247   	35.2       	15.2       	12593     	-69.7
2668      	17:44:56  	190.0 	-53.2 	10    	38.8     	246   	35.5       	15.6       	12602     	-69.7
2670      	17:44:58  	189.7 	-53.2 	10    	39.2     	246   	35.8       	16.0       	12612     	-69.8
2672      	17:45:00  	189.4 	-53.1 	10    	39.2     	245   	35.6       	16.3       	12621     	-69.9
2674      	17:45:02  	189.2 	-53.1 	10    	38.9     	245   	35.2       	16.6       	12630     	-70.0
2676      	17:45:04  	188.9 	-53.1 	10    	38.6     	244   	34.7       	16.8       	12639     	-70.1
2678      	17:45:06  	188.6 	-53.1 	9     	38.3     	244   	34.3       	17.1       	12648     	-70.3
2680      	17:45:08  	188.4 	-53.1 	9     	38.1     	243   	33.9       	17.3       	12656     	-70.5
2682      	17:45:10  	188.1 	-53.1 	9     	38.2     	243   	34.0       	17.5       	12665     	-70.6
2684      	17:45:12  	187.9 	-53.0 	9     	38.4     	242   	34.0       	17.8       	12674     	-70.8
2686      	17:45:14  	187.6 	-53.0 	8     	38.7     	243   	34.4       	17.8       	12683     	-71.0
2688      	17:45:16  	187.3 	-52.9 	8     	39.2     	243   	34.9       	17.8       	12692     	-71.1
2690      	17:45:18  	187.1 	-52.9 	8     	39.6     	243   	35.4       	17.8       	12700     	-71.2
2692      	17:45:20  	186.8 	-52.9 	8     	40.1     	244   	35.9       	17.8       	12709     	-71.3
2694      	17:45:22  	186.6 	-52.8 	8     	40.5     	244   	36.4       	17.8       	12718     	-71.4
2696      	17:45:24  	186.3 	-52.8 	7     	41.0     	244   	36.9       	17.8       	12727     	-71.5
2698      	17:45:26  	186.0 	-52.7 	7     	41.5     	244   	37.4       	18.0       	12737     	-71.7
2700      	17:45:28  	185.8 	-52.7 	7     	42.1     	244   	37.9       	18.3       	12746     	-71.8
2702      	17:45:30  	185.5 	-52.7 	7     	42.3     	244   	38.0       	18.6       	12755     	-71.9
2704      	17:45:32  	185.3 	-52.7 	7     	42.5     	244   	38.1       	18.9       	12763     	-72.1
2706      	17:45:34  	185.0 	-52.7 	7     	42.8     	243   	38.2       	19.3       	12772     	-72.2
2708      	17:45:36  	184.8 	-52.7 	6     	42.9     	243   	38.2       	19.6       	12780     	-72.4
2710      	17:45:38  	184.5 	-52.7 	6     	43.2     	243   	38.3       	19.9       	12789     	-72.5
2712      	17:45:40  	184.3 	-52.7 	6     	43.4     	242   	38.4       	20.2       	12798     	-72.6
2714      	17:45:42  	184.1 	-52.7 	6     	43.7     	242   	38.5       	20.6       	12806     	-72.7
2716      	17:45:44  	183.8 	-52.7 	6     	43.9     	242   	38.6       	20.9       	12814     	-72.8
2718      	17:45:46  	183.6 	-52.8 	6     	44.4     	242   	39.2       	20.9       	12823     	-73.0
2720      	17:45:48  	183.3 	-52.8 	6     	44.9     	243   	39.8       	20.7       	12831     	-73.1
2722      	17:45:50  	183.1 	-52.8 	6     	45.3     	243   	40.4       	20.5       	12839     	-73.2
2724      	17:45:52  	182.9 	-52.9 	6     	45.8     	244   	41.0       	20.3       	12847     	-73.3
2726      	17:45:54  	182.6 	-52.9 	6     	46.2     	244   	41.6       	20.1       	12855     	-73.3
2728      	17:45:56  	182.4 	-52.9 	6     	46.6     	245   	42.1       	20.0       	12863     	-73.4
2730      	17:45:58  	182.2 	-53.0 	6     	47.1     	245   	42.7       	19.8       	12872     	-73.6
2732      	17:46:00  	182.0 	-53.0 	5     	47.5     	246   	43.3       	19.6       	12880     	-73.9
2734      	17:46:02  	181.7 	-53.1 	5     	48.0     	246   	43.9       	19.4       	12888     	-74.1
2736      	17:46:04  	181.5 	-53.1 	5     	48.5     	247   	44.5       	19.2       	12896     	-74.1
2738      	17:46:06  	181.3 	-53.2 	5     	48.5     	247   	44.5       	19.2       	12904     	-74.4
2740      	17:46:08  	181.0 	-53.2 	5     	48.5     	247   	44.5       	19.2       	12913     	-74.7
2742      	17:46:10  	180.8 	-53.3 	5     	48.5     	247   	44.5       	19.2       	12921     	-75.1
2744      	17:46:12  	180.6 	-53.3 	4     	48.5     	247   	44.5       	19.2       	12929     	-75.4
2746      	17:46:14  	180.3 	-53.3 	4     	48.4     	247   	44.4       	19.2       	12937     	-75.4
2748      	17:46:16  	180.1 	-53.3 	4     	48.0     	247   	44.2       	18.8       	12946     	-75.4
2750      	17:46:18  	179.9 	-53.3 	4     	47.7     	247   	44.0       	18.4       	12954     	-75.9
2752      	17:46:20  	179.6 	-53.3 	4     	47.4     	248   	43.9       	18.0       	12962     	-76.3
2754      	17:46:22  	179.4 	-53.3 	4     	47.1     	248   	43.7       	17.7       	12970     	-76.3
2756      	17:46:24  	179.2 	-53.2 	4     	46.8     	248   	43.5       	17.3       	12978     	-76.3
2758      	17:46:26  	179.0 	-53.2 	4     	46.5     	249   	43.3       	16.9       	12987     	-76.4
2760      	17:46:28  	178.7 	-53.2 	4     	46.2     	249   	43.1       	16.5       	12995     	-76.7
2762      	17:46:30  	178.5 	-53.2 	3     	45.9     	249   	42.9       	16.2       	13003     	-76.8
2764      	17:46:32  	178.3 	-53.2 	4     	45.5     	250   	42.7       	15.8       	13012     	-76.6
2766      	17:46:34  	178.0 	-53.1 	4     	45.2     	250   	42.5       	15.5       	13020     	-76.5
2768      	17:46:36  	177.8 	-53.1 	3     	45.2     	250   	42.5       	15.5       	13028     	-76.7
2770      	17:46:38  	177.6 	-53.1 	3     	45.2     	250   	42.5       	15.5       	13037     	-76.8
2772      	17:46:40  	177.3 	-53.0 	3     	45.2     	250   	42.5       	15.5       	13045     	-76.9
2774      	17:46:42  	177.1 	-53.0 	3     	45.2     	250   	42.5       	15.5       	13053     	-76.9
2776      	17:46:44  	176.9 	-52.9 	3     	45.2     	250   	42.5       	15.5       	13062     	-77.1
2778      	17:46:46  	176.7 	-52.9 	3     	45.2     	250   	42.5       	15.5       	13070     	-77.4
2780      	17:46:48  	176.4 	-52.8 	3     	45.2     	250   	42.5       	15.5       	13078     	-77.6
2782      	17:46:50  	176.2 	-52.8 	3     	45.2     	250   	42.5       	15.5       	13086     	-77.7
2784      	17:46:52  	176.0 	-52.7 	3     	44.6     	250   	42.0       	15.1       	13094     	-77.8
2786      	17:46:54  	175.8 	-52.7 	3     	43.5     	251   	41.0       	14.4       	13102     	-77.9
2788      	17:46:56  	175.6 	-52.7 	3     	42.4     	251   	40.1       	13.7       	13110     	-78.1
2790      	17:46:58  	175.3 	-52.6 	3     	41.2     	252   	39.1       	13.0       	13118     	-78.2
2792      	17:47:00  	175.1 	-52.6 	3     	40.1     	252   	38.2       	12.3       	13126     	-78.2
2794      	17:47:02  	174.9 	-52.6 	3     	39.0     	253   	37.2       	11.6       	13134     	-78.2
2796      	17:47:04  	174.7 	-52.5 	3     	37.9     	253   	36.3       	10.9       	13142     	-78.3
2798      	17:47:06  	174.5 	-52.5 	2     	36.8     	254   	35.4       	10.2       	13150     	-78.5
2800      	17:47:08  	174.3 	-52.5 	2     	35.7     	255   	34.4       	9.5        	13159     	-78.9
2802      	17:47:10  	174.0 	-52.4 	2     	34.6     	255   	33.5       	8.8        	13167     	-79.3
2804      	17:47:12  	173.8 	-52.4 	2     	34.2     	256   	33.1       	8.5        	13175     	-79.6
2806      	17:47:14  	173.6 	-52.3 	2     	34.2     	256   	33.1       	8.5        	13183     	-79.9
2808      	17:47:16  	173.4 	-52.3 	2     	34.2     	256   	33.1       	8.5        	13191     	-80.3
2810      	17:47:18  	173.2 	-52.3 	2     	34.2     	256   	33.1       	8.5        	13199     	-80.6
2812      	17:47:20  	173.0 	-52.3 	2     	34.2     	256   	33.1       	8.5        	13207     	-80.8
2814      	17:47:22  	172.7 	-52.3 	2     	34.2     	256   	33.1       	8.5        	13215     	-80.9
2816      	17:47:24  	172.5 	-52.3 	2     	34.2     	256   	33.1       	8.5        	13223     	-80.9
2818      	17:47:26  	172.3 	-52.3 	2     	34.2     	256   	33.1       	8.5        	13231     	-80.8
2820      	17:47:28  	172.1 	-52.2 	2     	34.2     	256   	33.1       	8.5        	13239     	-80.8
2822      	17:47:30  	171.9 	-52.2 	2     	34.2     	256   	33.1       	8.5        	13247     	-80.8
2824      	17:47:32  	171.7 	-52.2 	2     	34.2     	256   	33.1       	8.5        	13255     	-80.8
2826      	17:47:34  	171.5 	-52.2 	2     	34.2     	256   	33.1       	8.5        	13263     	-80.9
2828      	17:47:36  	171.2 	-52.2 	2     	34.2     	256   	33.1       	8.5        	13271     	-80.8
2830      	17:47:38  	171.0 	-52.2 	2     	34.2     	256   	33.1       	8.5        	13279     	-80.6
2832      	17:47:40  	170.8 	-52.3 	2     	34.2     	256   	33.1       	8.5        	13287     	-80.5
2834      	17:47:42  	170.6 	-52.3 	2     	34.2     	256   	33.1       	8.5        	13295     	-80.5
2836      	17:47:44  	170.4 	-52.3 	2     	34.2     	256   	33.1       	8.5        	13303     	-80.6
2838      	17:47:46  	170.2 	-52.3 	2     	34.2     	256   	33.1       	8.5        	13312     	-80.5
2840      	17:47:48  	170.0 	-52.3 	2     	34.2     	256   	33.1       	8.5        	13320     	-80.5
2842      	17:47:50  	169.8 	-52.4 	2     	34.2     	256   	33.1       	8.5        	13328     	-80.5
2844      	17:47:52  	169.5 	-52.4 	2     	34.2     	256   	33.1       	8.5        	13336     	-80.8
2846      	17:47:54  	169.3 	-52.4 	2     	34.2     	256   	33.1       	8.5        	13344     	-81.0
2848      	17:47:56  	169.1 	-52.4 	2     	34.2     	256   	33.1       	8.5        	13352     	-81.0
2850      	17:47:58  	168.9 	-52.5 	2     	34.2     	256   	33.1       	8.5        	13360     	-81.1
2852      	17:48:00  	168.7 	-52.5 	2     	34.2     	256   	33.1       	8.5        	13368     	-81.1
2854      	17:48:02  	168.5 	-52.5 	2     	34.2     	256   	33.1       	8.5        	13376     	-81.1
2856      	17:48:04  	168.3 	-52.6 	2     	34.2     	256   	33.1       	8.5        	13384     	-81.1
2858      	17:48:06  	168.1 	-52.7 	2     	34.2     	256   	33.1       	8.5        	13392     	-81.2
2860      	17:48:08  	167.9 	-52.7 	2     	34.2     	256   	33.1       	8.5        	13400     	-81.3
2862      	17:48:10  	167.6 	-52.8 	2     	34.2     	256   	33.1       	8.5        	13408     	-81.3
2864      	17:48:12  	167.4 	-52.9 	2     	34.2     	256   	33.1       	8.5        	13416     	-81.4
2866      	17:48:14  	167.2 	-53.0 	2     	34.2     	256   	33.1       	8.5        	13424     	-81.4
2868      	17:48:16  	167.0 	-53.1 	2     	34.0     	255   	32.9       	8.6        	13432     	-81.5
2870      	17:48:18  	166.8 	-53.1 	2     	33.7     	255   	32.6       	8.7        	13440     	-81.5
2872      	17:48:20  	166.6 	-53.2 	2     	33.4     	255   	32.2       	8.8        	13449     	-81.5
2874      	17:48:22  	166.4 	-53.3 	2     	33.1     	255   	31.9       	8.8        	13457     	-81.5
2876      	17:48:24  	166.2 	-53.4 	2     	32.8     	254   	31.6       	8.9        	13465     	-81.5
2878      	17:48:26  	166.0 	-53.5 	2     	32.5     	254   	31.2       	9.0        	13473     	-81.5
2880      	17:48:28  	165.8 	-53.5 	2     	32.2     	254   	30.9       	9.1        	13481     	-81.6
2882      	17:48:30  	165.5 	-53.6 	2     	31.9     	253   	30.5       	9.2        	13489     	-81.6
2884      	17:48:32  	165.3 	-53.7 	2     	31.6     	253   	30.2       	9.3        	13498     	-81.7
2886      	17:48:34  	165.1 	-53.7 	2     	31.2     	252   	29.8       	9.4        	13506     	-81.7
2888      	17:48:36  	164.9 	-53.8 	2     	31.2     	252   	29.7       	9.4        	13514     	-81.7
2890      	17:48:38  	164.7 	-53.8 	2     	31.2     	252   	29.7       	9.4        	13522     	-81.8
2892      	17:48:40  	164.5 	-53.9 	2     	31.2     	252   	29.7       	9.4        	13530     	-81.8
2894      	17:48:42  	164.3 	-53.9 	2     	31.2     	252   	29.7       	9.4        	13538     	-81.8
2896      	17:48:44  	164.1 	-54.0 	2     	31.2     	252   	29.7       	9.4        	13547     	-81.8
2898      	17:48:46  	163.9 	-54.0 	2     	31.2     	252   	29.7       	9.4        	13555     	-81.8
2900      	17:48:48  	163.7 	-54.0 	2     	31.2     	252   	29.7       	9.4        	13563     	-81.7
2902      	17:48:50  	163.5 	-54.0 	2     	31.2     	252   	29.7       	9.4        	13571     	-81.7
2904      	17:48:52  	163.2 	-54.0 	2     	31.2     	252   	29.7       	9.4        	13579     	-81.7
2906      	17:48:54  	163.1 	-54.1 	2     	31.2     	252   	29.7       	9.4        	13587     	-81.7
2908      	17:48:56  	162.9 	-54.1 	2     	31.2     	252   	29.7       	9.4        	13594     	-81.7
2910      	17:48:58  	162.7 	-54.1 	2     	31.2     	252   	29.7       	9.4        	13602     	-81.7
2912      	17:49:00  	162.5 	-54.1 	2     	31.2     	252   	29.7       	9.4        	13610     	-81.8
2914      	17:49:02  	162.3 	-54.2 	2     	31.2     	252   	29.7       	9.4        	13618     	-81.8
2916      	17:49:04  	162.1 	-54.2 	2     	31.2     	252   	29.7       	9.4        	13626     	-81.8
2918      	17:49:06  	161.9 	-54.2 	2     	31.2     	252   	29.7       	9.4        	13633     	-81.8
2920      	17:49:08  	161.7 	-54.2 	2     	31.2     	252   	29.7       	9.4        	13641     	-81.8
2922      	17:49:10  	161.5 	-54.3 	2     	31.2     	252   	29.7       	9.4        	13649     	-81.8
2924      	17:49:12  	161.3 	-54.3 	2     	31.2     	252   	29.7       	9.4        	13656     	-81.9
2926      	17:49:14  	161.1 	-54.3 	2     	30.7     	251   	29.1       	9.8        	13664     	-81.9
2928      	17:49:16  	160.9 	-54.4 	2     	30.3     	250   	28.5       	10.3       	13671     	-82.0
2930      	17:49:18  	160.7 	-54.4 	2     	29.9     	249   	27.9       	10.8       	13679     	-82.1
2932      	17:49:20  	160.5 	-54.4 	2     	29.6     	248   	27.4       	11.2       	13687     	-82.1
2934      	17:49:22  	160.3 	-54.5 	2     	29.2     	246   	26.8       	11.7       	13695     	-82.2
2936      	17:49:24  	160.1 	-54.5 	2     	28.9     	245   	26.2       	12.1       	13703     	-82.2
2938      	17:49:26  	159.9 	-54.5 	2     	28.5     	244   	25.6       	12.6       	13711     	-82.3
2940      	17:49:28  	159.7 	-54.6 	2     	28.2     	242   	25.0       	13.1       	13719     	-82.3
2942      	17:49:30  	159.5 	-54.7 	2     	28.0     	241   	24.5       	13.5       	13727     	-82.4
2944      	17:49:32  	159.3 	-54.8 	2     	27.7     	240   	23.9       	14.0       	13735     	-82.5
2946      	17:49:34  	159.1 	-54.8 	2     	28.5     	241   	24.9       	13.8       	13743     	-82.5
2948      	17:49:36  	158.9 	-54.9 	2     	29.4     	242   	26.1       	13.6       	13751     	-82.5
2950      	17:49:38  	158.7 	-54.9 	2     	30.4     	244   	27.3       	13.4       	13759     	-82.5
2952      	17:49:40  	158.5 	-54.9 	2     	31.4     	245   	28.5       	13.2       	13767     	-82.5
2954      	17:49:42  	158.3 	-55.0 	2     	32.3     	246   	29.6       	13.0       	13775     	-82.5
2956      	17:49:44  	158.1 	-55.0 	2     	33.4     	247   	30.8       	12.8       	13783     	-82.4
2958      	17:49:46  	157.9 	-55.1 	2     	34.4     	249   	32.0       	12.5       	13791     	-82.4
2960      	17:49:48  	157.7 	-55.1 	2     	35.4     	250   	33.2       	12.3       	13800     	-82.4
2962      	17:49:50  	157.5 	-55.2 	2     	36.5     	251   	34.4       	12.1       	13808     	-82.5
2964      	17:49:52  	157.3 	-55.2 	2     	37.4     	251   	35.5       	11.9       	13816     	-82.5
2966      	17:49:54  	157.1 	-55.3 	2     	37.6     	252   	35.7       	11.9       	13825     	-82.5
2968      	17:49:56  	156.9 	-55.3 	2     	37.4     	252   	35.5       	11.8       	13833     	-82.6
2970      	17:49:58  	156.7 	-55.4 	2     	36.9     	252   	35.1       	11.5       	13841     	-82.6
2972      	17:50:00  	156.5 	-55.4 	2     	36.6     	252   	34.8       	11.3       	13850     	-82.6
2974      	17:50:02  	156.3 	-55.5 	2     	36.2     	252   	34.5       	11.0       	13858     	-82.6
2976      	17:50:04  	156.1 	-55.5 	2     	35.8     	252   	34.1       	10.8       	13866     	-82.7
2978      	17:50:06  	155.9 	-55.5 	2     	35.4     	253   	33.8       	10.5       	13875     	-82.8
2980      	17:50:08  	155.7 	-55.6 	2     	35.0     	253   	33.4       	10.3       	13883     	-82.8
2982      	17:50:10  	155.5 	-55.6 	2     	34.6     	253   	33.1       	10.0       	13891     	-82.9
2984      	17:50:12  	155.3 	-55.6 	2     	34.2     	253   	32.8       	9.8        	13899     	-82.9
2986      	17:50:14  	155.1 	-55.6 	2     	33.8     	254   	32.4       	9.5        	13908     	-83.0
2988      	17:50:16  	154.9 	-55.6 	2     	33.6     	254   	32.3       	9.4        	13916     	-83.1
2990      	17:50:18  	154.7 	-55.7 	2     	33.3     	254   	31.9       	9.4        	13924     	-83.1
2992      	17:50:20  	154.5 	-55.7 	2     	32.8     	253   	31.4       	9.4        	13933     	-83.1
2994      	17:50:22  	154.3 	-55.7 	2     	32.3     	253   	30.9       	9.3        	13941     	-83.1
2996      	17:50:24  	154.1 	-55.8 	2     	31.8     	253   	30.4       	9.3        	13949     	-83.1
2998      	17:50:26  	153.9 	-55.8 	2     	31.3     	253   	29.9       	9.3        	13957     	-83.1
3000      	17:50:28  	153.7 	-55.9 	2     	30.8     	252   	29.4       	9.3        	13965     	-83.2
3002      	17:50:30  	153.5 	-55.9 	2     	30.3     	252   	28.9       	9.2        	13973     	-83.2
3004      	17:50:32  	153.3 	-55.9 	2     	29.9     	252   	28.4       	9.2        	13982     	-83.2
3006      	17:50:34  	153.1 	-56.0 	2     	29.4     	252   	27.9       	9.2        	13990     	-83.2
3008      	17:50:36  	152.9 	-56.0 	2     	28.9     	251   	27.4       	9.2        	13998     	-83.3
3010      	17:50:38  	152.7 	-56.0 	2     	28.8     	251   	27.3       	9.2        	14006     	-83.3
3012      	17:50:40  	152.5 	-56.0 	2     	28.8     	251   	27.3       	9.2        	14014     	-83.3
3014      	17:50:42  	152.3 	-56.1 	2     	28.7     	251   	27.2       	9.2        	14022     	-83.3
3016      	17:50:44  	152.1 	-56.1 	2     	28.6     	251   	27.0       	9.3        	14031     	-83.3
3018      	17:50:46  	151.9 	-56.1 	2     	28.5     	251   	26.9       	9.4        	14039     	-83.3
3020      	17:50:48  	151.7 	-56.1 	2     	28.3     	250   	26.7       	9.5        	14048     	-83.3
3022      	17:50:50  	151.5 	-56.1 	2     	28.2     	250   	26.6       	9.5        	14057     	-83.4
3024      	17:50:52  	151.3 	-56.1 	2     	28.1     	250   	26.4       	9.6        	14066     	-83.4
3026      	17:50:54  	151.0 	-56.1 	2     	27.9     	250   	26.2       	9.7        	14075     	-83.5
3028      	17:50:56  	150.8 	-56.1 	2     	27.9     	249   	26.1       	9.8        	14083     	-83.5
3030      	17:50:58  	150.6 	-56.1 	2     	27.7     	249   	25.9       	9.9        	14092     	-83.5
3032      	17:51:00  	150.4 	-56.1 	2     	27.6     	249   	25.8       	9.9        	14101     	-83.5
3034      	17:51:02  	150.2 	-56.1 	2     	27.6     	249   	25.7       	10.0       	14110     	-83.4
3036      	17:51:04  	150.0 	-56.1 	2     	27.6     	249   	25.7       	10.0       	14118     	-83.4
3038      	17:51:06  	149.8 	-56.1 	2     	27.6     	249   	25.7       	10.0       	14127     	-83.3
3040      	17:51:08  	149.6 	-56.1 	2     	27.6     	249   	25.7       	10.0       	14135     	-83.3
3042      	17:51:10  	149.4 	-56.1 	2     	27.6     	249   	25.7       	10.0       	14144     	-83.2
3044      	17:51:12  	149.2 	-56.1 	2     	27.6     	249   	25.7       	10.0       	14153     	-83.2
3046      	17:51:14  	149.0 	-56.1 	2     	27.6     	249   	25.7       	10.0       	14161     	-83.2
3048      	17:51:16  	148.8 	-56.1 	2     	27.6     	249   	25.7       	10.0       	14170     	-83.2
3050      	17:51:18  	148.6 	-56.1 	2     	27.4     	249   	25.6       	9.9        	14178     	-83.2
3052      	17:51:20  	148.4 	-56.1 	2     	27.3     	249   	25.4       	9.9        	14187     	-83.2
3054      	17:51:22  	148.2 	-56.1 	2     	27.1     	249   	25.2       	9.9        	14196     	-83.3
3056      	17:51:24  	148.0 	-56.1 	2     	26.9     	249   	25.0       	9.8        	14204     	-83.4
3058      	17:51:26  	147.8 	-56.2 	2     	26.7     	248   	24.8       	9.8        	14213     	-83.4
3060      	17:51:28  	147.6 	-56.2 	2     	26.5     	248   	24.6       	9.8        	14221     	-83.5
3062      	17:51:30  	147.4 	-56.2 	2     	26.4     	248   	24.5       	9.8        	14230     	-83.5
3064      	17:51:32  	147.2 	-56.3 	2     	26.2     	248   	24.3       	9.7        	14239     	-83.5
3066      	17:51:34  	147.0 	-56.3 	2     	26.0     	248   	24.1       	9.7        	14247     	-83.6
3068      	17:51:36  	146.8 	-56.4 	2     	25.8     	248   	23.9       	9.7        	14256     	-83.6
3070      	17:51:38  	146.6 	-56.4 	2     	25.8     	248   	23.9       	9.7        	14265     	-83.6
3072      	17:51:40  	146.4 	-56.5 	2     	25.8     	248   	23.9       	9.7        	14273     	-83.6
3074      	17:51:42  	146.2 	-56.5 	2     	25.8     	248   	23.9       	9.7        	14282     	-83.6
3076      	17:51:44  	146.0 	-56.5 	2     	25.8     	248   	23.9       	9.7        	14290     	-83.7
3078      	17:51:46  	145.8 	-56.6 	2     	25.8     	248   	23.9       	9.7        	14299     	-83.8
3080      	17:51:48  	145.6 	-56.6 	2     	25.8     	248   	23.9       	9.7        	14308     	-83.8
3082      	17:51:50  	145.4 	-56.7 	2     	25.7     	248   	23.8       	9.6        	14316     	-83.8
3084      	17:51:52  	145.2 	-56.7 	2     	25.6     	248   	23.7       	9.6        	14325     	-83.8
3086      	17:51:54  	145.0 	-56.8 	2     	25.4     	248   	23.6       	9.5        	14333     	-83.9
3088      	17:51:56  	144.8 	-56.8 	2     	25.3     	248   	23.5       	9.5        	14342     	-83.9
3090      	17:51:58  	144.6 	-56.9 	2     	25.2     	248   	23.4       	9.4        	14351     	-83.9
3092      	17:52:00  	144.4 	-56.9 	2     	25.1     	248   	23.3       	9.4        	14360     	-83.9
3094      	17:52:02  	144.2 	-57.0 	2     	25.0     	248   	23.2       	9.4        	14369     	-83.9
3096      	17:52:04  	144.0 	-57.0 	2     	24.9     	248   	23.1       	9.3        	14378     	-84.0
3098      	17:52:06  	143.8 	-57.1 	2     	24.8     	248   	23.0       	9.3        	14387     	-84.1
3100      	17:52:08  	143.6 	-57.2 	2     	24.6     	248   	22.8       	9.2        	14396     	-84.1
3102      	17:52:10  	143.4 	-57.2 	2     	24.1     	247   	22.2       	9.3        	14405     	-84.2
3104      	17:52:12  	143.2 	-57.3 	2     	23.6     	247   	21.7       	9.4        	14414     	-84.2
3106      	17:52:14  	143.0 	-57.3 	2     	23.2     	246   	21.2       	9.5        	14423     	-84.3
3108      	17:52:16  	142.8 	-57.4 	2     	22.8     	245   	20.7       	9.6        	14432     	-84.4
3110      	17:52:18  	142.6 	-57.5 	2     	22.3     	244   	20.1       	9.7        	14441     	-84.4
3112      	17:52:20  	142.4 	-57.6 	2     	21.9     	243   	19.6       	9.8        	14450     	-84.5
3114      	17:52:22  	142.2 	-57.6 	2     	21.5     	243   	19.1       	9.8        	14460     	-84.5
3116      	17:52:24  	141.9 	-57.7 	2     	21.1     	242   	18.6       	9.9        	14469     	-84.5
3118      	17:52:26  	141.7 	-57.7 	2     	20.6     	241   	18.0       	10.0       	14478     	-84.6
3120      	17:52:28  	141.5 	-57.8 	2     	20.3     	240   	17.6       	10.1       	14487     	-84.6
3122      	17:52:30  	141.3 	-57.9 	2     	20.3     	240   	17.6       	10.1       	14496     	-84.6
3124      	17:52:32  	141.1 	-57.9 	2     	20.3     	240   	17.6       	10.1       	14506     	-84.6
3126      	17:52:34  	140.9 	-58.0 	2     	20.3     	240   	17.6       	10.2       	14515     	-84.7
3128      	17:52:36  	140.7 	-58.0 	2     	20.5     	240   	17.7       	10.4       	14524     	-84.7
3130      	17:52:38  	140.5 	-58.1 	2     	20.6     	239   	17.7       	10.6       	14534     	-84.8
3132      	17:52:40  	140.3 	-58.1 	2     	20.8     	239   	17.8       	10.8       	14543     	-84.8
3134      	17:52:42  	140.1 	-58.2 	2     	20.9     	238   	17.8       	11.0       	14553     	-84.9
3136      	17:52:44  	139.8 	-58.3 	2     	21.1     	238   	17.9       	11.2       	14563     	-84.9
3138      	17:52:46  	139.6 	-58.3 	2     	21.3     	237   	17.9       	11.5       	14572     	-85.0
3140      	17:52:48  	139.4 	-58.4 	2     	21.5     	237   	18.0       	11.7       	14582     	-85.0
3142      	17:52:50  	139.2 	-58.4 	2     	21.6     	237   	18.0       	11.9       	14591     	-85.0
3144      	17:52:52  	139.0 	-58.4 	2     	21.9     	236   	18.2       	12.1       	14600     	-85.0
3146      	17:52:54  	138.8 	-58.5 	2     	22.2     	236   	18.5       	12.3       	14610     	-85.0
3148      	17:52:56  	138.6 	-58.5 	2     	22.5     	237   	18.8       	12.3       	14619     	-85.0
3150      	17:52:58  	138.4 	-58.6 	2     	22.8     	237   	19.1       	12.4       	14628     	-85.0
3152      	17:53:00  	138.2 	-58.6 	2     	23.0     	237   	19.4       	12.4       	14637     	-84.9
3154      	17:53:02  	138.0 	-58.6 	2     	23.2     	237   	19.6       	12.5       	14647     	-84.9
3156      	17:53:04  	137.8 	-58.7 	2     	23.5     	238   	19.9       	12.5       	14656     	-84.9
3158      	17:53:06  	137.6 	-58.7 	2     	23.8     	238   	20.2       	12.5       	14666     	-84.9
3160      	17:53:08  	137.4 	-58.8 	2     	23.9     	239   	20.5       	12.3       	14675     	-84.9
3162      	17:53:10  	137.1 	-58.8 	2     	24.1     	240   	20.8       	12.1       	14685     	-84.9
3164      	17:53:12  	136.9 	-58.8 	2     	24.1     	240   	21.0       	11.9       	14695     	-84.9
3166      	17:53:14  	136.7 	-58.9 	2     	24.0     	241   	21.0       	11.6       	14704     	-84.9
3168      	17:53:16  	136.5 	-58.9 	2     	23.9     	242   	21.0       	11.4       	14714     	-85.0
3170      	17:53:18  	136.3 	-59.0 	2     	23.8     	242   	21.0       	11.2       	14723     	-85.0
3172      	17:53:20  	136.1 	-59.0 	2     	23.7     	243   	21.0       	10.9       	14733     	-85.0
3174      	17:53:22  	135.9 	-59.0 	2     	23.6     	243   	21.0       	10.7       	14742     	-85.0
3176      	17:53:24  	135.7 	-59.1 	2     	23.4     	244   	21.0       	10.4       	14752     	-85.1
3178      	17:53:26  	135.5 	-59.1 	2     	23.4     	244   	21.0       	10.3       	14762     	-85.1
3180      	17:53:28  	135.3 	-59.1 	2     	23.4     	244   	21.0       	10.3       	14771     	-85.1
3182      	17:53:30  	135.1 	-59.2 	2     	23.4     	244   	21.0       	10.3       	14781     	-85.1
3184      	17:53:32  	134.9 	-59.2 	2     	23.4     	244   	21.0       	10.3       	14790     	-85.1
3186      	17:53:34  	134.7 	-59.2 	2     	23.4     	244   	21.0       	10.3       	14800     	-85.1
3188      	17:53:36  	134.5 	-59.3 	2     	23.4     	244   	21.0       	10.3       	14809     	-85.2
3190      	17:53:38  	134.2 	-59.3 	2     	23.4     	244   	21.0       	10.3       	14819     	-85.2
3192      	17:53:40  	134.0 	-59.3 	2     	23.4     	244   	21.0       	10.3       	14828     	-85.2
3194      	17:53:42  	133.8 	-59.4 	2     	23.4     	244   	21.0       	10.3       	14838     	-85.3
3196      	17:53:44  	133.6 	-59.4 	2     	23.4     	244   	21.0       	10.3       	14848     	-85.3
3198      	17:53:46  	133.4 	-59.4 	2     	23.4     	244   	21.0       	10.3       	14859     	-85.4
3200      	17:53:48  	133.2 	-59.4 	2     	23.4     	244   	21.0       	10.3       	14869     	-85.5
3202      	17:53:50  	132.9 	-59.5 	2     	23.4     	244   	21.0       	10.3       	14880     	-85.6
3204      	17:53:52  	132.7 	-59.5 	2     	23.2     	244   	20.8       	10.3       	14891     	-85.6
3206      	17:53:54  	132.5 	-59.5 	2     	22.4     	243   	19.9       	10.3       	14901     	-85.7
3208      	17:53:56  	132.3 	-59.6 	2     	21.7     	241   	19.0       	10.4       	14912     	-85.7
3210      	17:53:58  	132.0 	-59.6 	2     	20.8     	240   	18.0       	10.4       	14923     	-85.7
3212      	17:54:00  	131.8 	-59.6 	2     	20.1     	238   	17.1       	10.5       	14934     	-85.7
3214      	17:54:02  	131.6 	-59.7 	2     	19.3     	237   	16.2       	10.5       	14945     	-85.7
3216      	17:54:04  	131.3 	-59.7 	2     	18.6     	235   	15.3       	10.6       	14955     	-85.7
3218      	17:54:06  	131.1 	-59.7 	2     	17.9     	234   	14.4       	10.6       	14966     	-85.7
3220      	17:54:08  	130.9 	-59.8 	2     	17.2     	232   	13.5       	10.7       	14976     	-85.7
3222      	17:54:10  	130.7 	-59.8 	2     	16.5     	230   	12.6       	10.7       	14986     	-85.8
3224      	17:54:12  	130.5 	-59.9 	2     	16.0     	228   	11.8       	10.8       	14995     	-85.9
3226      	17:54:14  	130.3 	-59.9 	2     	16.0     	228   	11.8       	10.8       	15005     	-85.9
3228      	17:54:16  	130.1 	-59.9 	2     	16.0     	228   	11.8       	10.8       	15015     	-86.0
3230      	17:54:18  	129.9 	-60.0 	2     	16.0     	228   	11.8       	10.8       	15024     	-86.1
3232      	17:54:20  	129.7 	-60.0 	2     	16.0     	228   	11.8       	10.8       	15034     	-86.1
3234      	17:54:22  	129.5 	-60.1 	2     	16.0     	228   	11.8       	10.8       	15043     	-86.1
3236      	17:54:24  	129.3 	-60.1 	2     	16.1     	228   	11.9       	10.8       	15053     	-86.1
3238      	17:54:26  	129.1 	-60.1 	2     	16.8     	228   	12.5       	11.2       	15062     	-86.2
3240      	17:54:28  	128.9 	-60.2 	2     	17.6     	228   	13.2       	11.7       	15071     	-86.2
3242      	17:54:30  	128.7 	-60.2 	2     	18.4     	229   	13.8       	12.2       	15081     	-86.2
3244      	17:54:32  	128.6 	-60.2 	2     	19.2     	229   	14.5       	12.6       	15090     	-86.2
3246      	17:54:34  	128.4 	-60.3 	2     	20.0     	229   	15.1       	13.1       	15099     	-86.2
3248      	17:54:36  	128.2 	-60.3 	2     	20.8     	229   	15.8       	13.5       	15108     	-86.2
3250      	17:54:38  	128.0 	-60.3 	2     	21.6     	230   	16.4       	14.0       	15117     	-86.2
3252      	17:54:40  	127.8 	-60.4 	2     	22.4     	230   	17.1       	14.5       	15126     	-86.2
3254      	17:54:42  	127.6 	-60.4 	2     	23.1     	230   	17.7       	14.9       	15135     	-86.2
3256      	17:54:44  	127.5 	-60.4 	2     	23.9     	230   	18.3       	15.4       	15143     	-86.2
3258      	17:54:46  	127.3 	-60.4 	2     	23.9     	230   	18.3       	15.4       	15152     	-86.2
3260      	17:54:48  	127.1 	-60.5 	2     	23.8     	230   	18.2       	15.4       	15161     	-86.2
3262      	17:54:50  	126.9 	-60.5 	2     	23.8     	230   	18.1       	15.4       	15170     	-86.2
3264      	17:54:52  	126.7 	-60.6 	2     	23.6     	229   	17.9       	15.4       	15179     	-86.3
3266      	17:54:54  	126.5 	-60.6 	2     	23.5     	229   	17.8       	15.4       	15188     	-86.4
3268      	17:54:56  	126.3 	-60.6 	2     	23.4     	229   	17.6       	15.4       	15198     	-86.4
3270      	17:54:58  	126.2 	-60.6 	2     	23.3     	229   	17.5       	15.4       	15207     	-86.4
3272      	17:55:00  	126.0 	-60.7 	2     	23.2     	228   	17.3       	15.4       	15216     	-86.4
3274      	17:55:02  	125.8 	-60.7 	2     	23.2     	228   	17.2       	15.5       	15225     	-86.4
3276      	17:55:04  	125.6 	-60.7 	2     	23.0     	228   	17.0       	15.5       	15234     	-86.4
3278      	17:55:06  	125.4 	-60.8 	2     	22.9     	227   	16.9       	15.5       	15244     	-86.4
3280      	17:55:08  	125.2 	-60.8 	2     	22.9     	227   	16.8       	15.5       	15254     	-86.5
3282      	17:55:10  	125.0 	-60.8 	2     	22.9     	227   	16.8       	15.5       	15263     	-86.5
3284      	17:55:12  	124.8 	-60.8 	2     	22.9     	227   	16.8       	15.5       	15273     	-86.6
3286      	17:55:14  	124.6 	-60.8 	2     	22.9     	227   	16.8       	15.5       	15283     	-86.6
3288      	17:55:16  	124.4 	-60.8 	2     	22.9     	227   	16.8       	15.5       	15293     	-86.6
3290      	17:55:18  	124.2 	-60.9 	2     	22.9     	227   	16.8       	15.5       	15303     	-86.6
3292      	17:55:20  	124.0 	-60.9 	2     	22.9     	227   	16.8       	15.5       	15313     	-86.5
3294      	17:55:22  	123.8 	-60.9 	2     	23.0     	228   	17.1       	15.4       	15322     	-86.5
3296      	17:55:24  	123.6 	-61.0 	2     	23.5     	231   	18.2       	14.8       	15332     	-86.5
3298      	17:55:26  	123.5 	-61.0 	2     	24.0     	234   	19.3       	14.2       	15341     	-86.5
3300      	17:55:28  	123.3 	-61.0 	2     	24.6     	236   	20.4       	13.7       	15351     	-86.5
3302      	17:55:30  	123.1 	-61.0 	2     	25.2     	239   	21.5       	13.1       	15360     	-86.5
3304      	17:55:32  	122.9 	-61.0 	2     	25.9     	241   	22.7       	12.5       	15369     	-86.6
3306      	17:55:34  	122.7 	-61.0 	2     	26.7     	243   	23.8       	12.0       	15378     	-86.6
3308      	17:55:36  	122.6 	-60.9 	2     	27.4     	245   	24.9       	11.4       	15386     	-86.7
3310      	17:55:38  	122.4 	-60.9 	2     	28.2     	247   	26.0       	10.8       	15395     	-86.7
3312      	17:55:40  	122.2 	-60.9 	2     	29.0     	249   	27.1       	10.3       	15403     	-86.8
3314      	17:55:42  	122.1 	-60.9 	2     	29.6     	251   	27.9       	9.8        	15412     	-86.8
3316      	17:55:44  	121.9 	-60.8 	2     	29.2     	251   	27.5       	9.7        	15421     	-86.8
3318      	17:55:46  	121.7 	-60.8 	2     	28.4     	250   	26.7       	9.6        	15430     	-86.8
3320      	17:55:48  	121.5 	-60.8 	2     	27.6     	250   	25.9       	9.4        	15439     	-86.8
3322      	17:55:50  	121.4 	-60.7 	2     	26.7     	250   	25.1       	9.2        	15447     	-86.7
3324      	17:55:52  	121.2 	-60.7 	2     	25.8     	250   	24.2       	9.0        	15455     	-86.7
3326      	17:55:54  	121.0 	-60.7 	2     	25.0     	249   	23.4       	8.8        	15464     	-86.7
3328      	17:55:56  	120.9 	-60.7 	2     	24.2     	249   	22.6       	8.7        	15473     	-86.6
3330      	17:55:58  	120.7 	-60.6 	2     	23.4     	249   	21.8       	8.5        	15482     	-86.6
3332      	17:56:00  	120.5 	-60.6 	2     	22.6     	248   	21.0       	8.3        	15491     	-86.6
3334      	17:56:02  	120.3 	-60.6 	2     	21.8     	248   	20.2       	8.1        	15500     	-86.5
3336      	17:56:04  	120.2 	-60.6 	2     	21.4     	248   	19.8       	8.1        	15509     	-86.5
3338      	17:56:06  	120.0 	-60.6 	2     	21.6     	247   	19.9       	8.4        	15517     	-86.5
3340      	17:56:08  	119.8 	-60.5 	2     	21.8     	246   	20.0       	8.7        	15526     	-86.5
3342      	17:56:10  	119.7 	-60.5 	2     	22.0     	246   	20.1       	9.0        	15535     	-86.4
3344      	17:56:12  	119.5 	-60.5 	2     	22.3     	245   	20.3       	9.3        	15544     	-86.4
3346      	17:56:14  	119.3 	-60.4 	2     	22.5     	245   	20.4       	9.6        	15552     	-86.4
3348      	17:56:16  	119.2 	-60.3 	2     	22.8     	244   	20.5       	9.9        	15561     	-86.4
3350      	17:56:18  	119.0 	-60.3 	2     	23.1     	244   	20.7       	10.2       	15570     	-86.4
3352      	17:56:20  	118.8 	-60.2 	2     	23.3     	243   	20.8       	10.5       	15578     	-86.4
3354      	17:56:22  	118.7 	-60.2 	2     	23.6     	242   	20.9       	10.9       	15587     	-86.4
3356      	17:56:24  	118.5 	-60.1 	2     	23.8     	242   	21.0       	11.1       	15595     	-86.4
3358      	17:56:26  	118.3 	-60.1 	2     	23.8     	242   	21.0       	11.1       	15604     	-86.4
3360      	17:56:28  	118.2 	-60.0 	2     	23.8     	242   	21.0       	11.1       	15613     	-86.4
3362      	17:56:30  	118.0 	-60.0 	2     	23.8     	242   	21.0       	11.1       	15621     	-86.4
3364      	17:56:32  	117.9 	-59.9 	2     	23.8     	242   	21.0       	11.1       	15630     	-86.3
3366      	17:56:34  	117.7 	-59.8 	2     	23.8     	242   	21.0       	11.1       	15639     	-86.3
3368      	17:56:36  	117.5 	-59.8 	2     	23.8     	242   	21.0       	11.1       	15647     	-86.2
3370      	17:56:38  	117.4 	-59.7 	2     	23.8     	242   	21.0       	11.1       	15656     	-86.2
3372      	17:56:40  	117.2 	-59.6 	2     	23.8     	242   	21.0       	11.1       	15664     	-86.1
3374      	17:56:42  	117.0 	-59.5 	2     	23.7     	242   	20.9       	11.1       	15673     	-86.0
3376      	17:56:44  	116.9 	-59.4 	2     	23.4     	242   	20.6       	11.1       	15682     	-85.9
3378      	17:56:46  	116.7 	-59.3 	2     	23.1     	242   	20.3       	11.0       	15690     	-85.7
3380      	17:56:48  	116.6 	-59.2 	2     	22.8     	241   	20.0       	11.0       	15699     	-85.6
3382      	17:56:50  	116.4 	-59.0 	2     	22.5     	241   	19.6       	11.0       	15708     	-85.5
3384      	17:56:52  	116.2 	-58.9 	2     	22.2     	241   	19.3       	10.9       	15716     	-85.4
3386      	17:56:54  	116.1 	-58.8 	2     	21.9     	240   	19.0       	10.9       	15725     	-85.2
3388      	17:56:56  	115.9 	-58.8 	2     	21.6     	240   	18.7       	10.8       	15733     	-85.2
3390      	17:56:58  	115.8 	-58.7 	2     	21.3     	240   	18.4       	10.8       	15742     	-85.1
3392      	17:57:00  	115.6 	-58.6 	2     	21.0     	239   	18.0       	10.8       	15750     	-85.0
3394      	17:57:02  	115.5 	-58.6 	2     	20.8     	239   	17.8       	10.7       	15759     	-85.0
3396      	17:57:04  	115.3 	-58.5 	2     	20.8     	239   	17.8       	10.7       	15768     	-84.9
3398      	17:57:06  	115.1 	-58.5 	2     	20.8     	239   	17.8       	10.7       	15776     	-84.9
3400      	17:57:08  	115.0 	-58.5 	2     	20.8     	239   	17.8       	10.7       	15785     	-84.8
3402      	17:57:10  	114.8 	-58.4 	2     	20.8     	239   	17.8       	10.7       	15794     	-84.8
3404      	17:57:12  	114.6 	-58.4 	2     	20.8     	239   	17.8       	10.7       	15803     	-84.8
3406      	17:57:14  	114.5 	-58.3 	2     	20.8     	239   	17.8       	10.7       	15812     	-84.8
3408      	17:57:16  	114.3 	-58.2 	2     	20.8     	239   	17.8       	10.7       	15821     	-84.7
3410      	17:57:18  	114.2 	-58.2 	2     	20.7     	239   	17.7       	10.8       	15830     	-84.7
3412      	17:57:20  	114.0 	-58.2 	2     	20.4     	237   	17.2       	11.0       	15839     	-84.7
3414      	17:57:22  	113.8 	-58.1 	2     	20.2     	236   	16.7       	11.3       	15848     	-84.7
3416      	17:57:24  	113.7 	-58.1 	2     	19.9     	235   	16.2       	11.5       	15857     	-84.7
3418      	17:57:26  	113.5 	-58.1 	2     	19.6     	233   	15.7       	11.7       	15866     	-84.7
3420      	17:57:28  	113.3 	-58.1 	2     	19.4     	232   	15.2       	12.0       	15875     	-84.7
3422      	17:57:30  	113.2 	-58.1 	2     	19.1     	230   	14.7       	12.2       	15884     	-84.7
3424      	17:57:32  	113.0 	-58.1 	2     	18.9     	229   	14.2       	12.4       	15894     	-84.6
3426      	17:57:34  	112.8 	-58.1 	2     	18.7     	227   	13.7       	12.7       	15903     	-84.6
3428      	17:57:36  	112.7 	-58.1 	2     	18.5     	226   	13.3       	12.9       	15913     	-84.6
3430      	17:57:38  	112.5 	-58.1 	2     	18.4     	225   	12.9       	13.1       	15922     	-84.6
3432      	17:57:40  	112.3 	-58.1 	2     	18.4     	225   	12.9       	13.1       	15931     	-84.5
3434      	17:57:42  	112.2 	-58.1 	2     	18.4     	225   	12.9       	13.1       	15940     	-84.5
3436      	17:57:44  	112.0 	-58.1 	2     	18.5     	224   	12.9       	13.2       	15950     	-84.5
3438      	17:57:46  	111.8 	-58.1 	2     	19.2     	224   	13.2       	13.9       	15959     	-84.6
3440      	17:57:48  	111.7 	-58.1 	2     	19.7     	223   	13.4       	14.5       	15968     	-84.6
3442      	17:57:50  	111.5 	-58.1 	2     	20.5     	222   	13.7       	15.2       	15977     	-84.6
3444      	17:57:52  	111.4 	-58.2 	2     	21.1     	222   	14.0       	15.8       	15986     	-84.7
3446      	17:57:54  	111.2 	-58.2 	2     	21.8     	221   	14.2       	16.5       	15995     	-84.7
3448      	17:57:56  	111.0 	-58.2 	2     	22.5     	220   	14.5       	17.2       	16005     	-84.7
3450      	17:57:58  	110.9 	-58.3 	2     	23.1     	220   	14.8       	17.8       	16014     	-84.7
3452      	17:58:00  	110.7 	-58.3 	2     	23.9     	219   	15.1       	18.5       	16022     	-84.7
3454      	17:58:02  	110.6 	-58.4 	2     	24.6     	219   	15.3       	19.2       	16031     	-84.7
3456      	17:58:04  	110.4 	-58.4 	2     	25.1     	218   	15.6       	19.7       	16040     	-84.7
3458      	17:58:06  	110.2 	-58.5 	2     	25.1     	218   	15.6       	19.7       	16050     	-84.7
3460      	17:58:08  	110.1 	-58.5 	2     	25.0     	217   	15.1       	19.9       	16059     	-84.7
3462      	17:58:10  	109.9 	-58.5 	2     	24.7     	215   	14.1       	20.3       	16068     	-84.7
3464      	17:58:12  	109.8 	-58.6 	2     	24.4     	212   	13.0       	20.7       	16077     	-84.7
3466      	17:58:14  	109.6 	-58.6 	2     	24.3     	210   	12.0       	21.1       	16086     	-84.8
3468      	17:58:16  	109.4 	-58.7 	2     	24.1     	207   	10.9       	21.5       	16096     	-84.8
3470      	17:58:18  	109.3 	-58.7 	2     	24.0     	204   	9.9        	21.9       	16105     	-84.8
3472      	17:58:20  	109.1 	-58.7 	2     	24.0     	202   	8.8        	22.3       	16114     	-84.8
3474      	17:58:22  	109.0 	-58.7 	2     	24.0     	199   	7.7        	22.7       	16123     	-84.8
3476      	17:58:24  	108.8 	-58.7 	2     	24.1     	196   	6.7        	23.1       	16132     	-84.8
3478      	17:58:26  	108.7 	-58.7 	2     	24.3     	193   	5.6        	23.6       	16140     	-84.7
3480      	17:58:28  	108.5 	-58.7 	2     	24.3     	192   	5.0        	23.8       	16150     	-84.7
3482      	17:58:30  	108.3 	-58.6 	2     	24.3     	192   	5.2        	23.7       	16160     	-84.7
3484      	17:58:32  	108.2 	-58.6 	2     	24.1     	196   	6.6        	23.2       	16169     	-84.7
3486      	17:58:34  	108.0 	-58.6 	2     	23.9     	199   	7.9        	22.6       	16179     	-84.7
3488      	17:58:36  	107.8 	-58.6 	2     	24.0     	203   	9.3        	22.1       	16189     	-84.7
3490      	17:58:38  	107.7 	-58.6 	2     	24.0     	206   	10.6       	21.5       	16198     	-84.7
3492      	17:58:40  	107.5 	-58.5 	2     	24.2     	210   	12.0       	21.0       	16208     	-84.7
3494      	17:58:42  	107.3 	-58.5 	2     	24.4     	213   	13.4       	20.4       	16217     	-84.7
3496      	17:58:44  	107.2 	-58.4 	2     	24.7     	216   	14.7       	19.9       	16227     	-84.6
3498      	17:58:46  	107.0 	-58.4 	2     	25.1     	220   	16.1       	19.3       	16236     	-84.6
3500      	17:58:48  	106.9 	-58.3 	2     	25.7     	223   	17.5       	18.8       	16246     	-84.6
3502      	17:58:50  	106.7 	-58.2 	2     	26.1     	225   	18.6       	18.3       	16255     	-84.6
3504      	17:58:52  	106.5 	-58.2 	2     	26.1     	225   	18.6       	18.3       	16264     	-84.5
3506      	17:58:54  	106.4 	-58.1 	2     	26.1     	225   	18.6       	18.3       	16274     	-84.5
3508      	17:58:56  	106.2 	-58.0 	2     	26.1     	225   	18.6       	18.3       	16283     	-84.4
3510      	17:58:58  	106.1 	-57.9 	2     	26.0     	226   	18.7       	18.1       	16292     	-84.4
3512      	17:59:00  	105.9 	-57.9 	2     	25.8     	227   	18.8       	17.6       	16301     	-84.3
3514      	17:59:02  	105.8 	-57.8 	2     	25.5     	228   	18.9       	17.1       	16311     	-84.3
3516      	17:59:04  	105.6 	-57.8 	2     	25.2     	229   	19.0       	16.6       	16320     	-84.2
3518      	17:59:06  	105.5 	-57.7 	2     	25.1     	230   	19.2       	16.1       	16329     	-84.2
3520      	17:59:08  	105.3 	-57.7 	2     	24.8     	231   	19.3       	15.6       	16338     	-84.1
3522      	17:59:10  	105.1 	-57.7 	2     	24.6     	232   	19.4       	15.1       	16347     	-84.1
3524      	17:59:12  	105.0 	-57.7 	2     	24.4     	233   	19.5       	14.6       	16356     	-84.0
3526      	17:59:14  	104.9 	-57.7 	2     	24.2     	234   	19.7       	14.1       	16365     	-84.0
3528      	17:59:16  	104.7 	-57.6 	2     	24.0     	236   	19.8       	13.6       	16374     	-84.0
3530      	17:59:18  	104.6 	-57.6 	2     	23.9     	236   	19.9       	13.3       	16382     	-84.0
3532      	17:59:20  	104.4 	-57.6 	2     	23.9     	236   	19.9       	13.3       	16391     	-83.9
3534      	17:59:22  	104.3 	-57.6 	2     	23.9     	236   	19.8       	13.3       	16399     	-83.9
3536      	17:59:24  	104.1 	-57.6 	2     	23.7     	237   	19.8       	13.1       	16408     	-83.8
3538      	17:59:26  	104.0 	-57.6 	2     	23.7     	237   	19.8       	13.0       	16417     	-83.8
3540      	17:59:28  	103.8 	-57.5 	2     	23.5     	237   	19.7       	12.8       	16426     	-83.8
3542      	17:59:30  	103.7 	-57.5 	2     	23.4     	237   	19.7       	12.7       	16435     	-83.8
3544      	17:59:32  	103.5 	-57.5 	2     	23.3     	238   	19.7       	12.5       	16444     	-83.8
3546      	17:59:34  	103.4 	-57.5 	2     	23.1     	238   	19.6       	12.3       	16453     	-83.8
3548      	17:59:36  	103.2 	-57.5 	2     	23.1     	238   	19.6       	12.2       	16462     	-83.8
3550      	17:59:38  	103.1 	-57.5 	2     	23.0     	239   	19.6       	12.0       	16471     	-83.8
3552      	17:59:40  	103.0 	-57.5 	2     	22.8     	239   	19.5       	11.9       	16480     	-83.8
3554      	17:59:42  	102.8 	-57.6 	2     	21.8     	238   	18.4       	11.6       	16489     	-83.7
3556      	17:59:44  	102.7 	-57.6 	2     	20.6     	236   	17.2       	11.4       	16498     	-83.7
3558      	17:59:46  	102.5 	-57.6 	2     	19.5     	235   	16.0       	11.2       	16506     	-83.7
3560      	17:59:48  	102.4 	-57.6 	2     	18.5     	234   	14.9       	11.0       	16515     	-83.7
3562      	17:59:50  	102.2 	-57.6 	2     	17.4     	232   	13.7       	10.8       	16524     	-83.7
3564      	17:59:52  	102.1 	-57.6 	2     	16.5     	230   	12.6       	10.6       	16533     	-83.7
3566      	17:59:54  	102.0 	-57.6 	2     	15.4     	228   	11.4       	10.4       	16542     	-83.7
3568      	17:59:56  	101.8 	-57.6 	2     	14.4     	225   	10.2       	10.2       	16551     	-83.7
3570      	17:59:58  	101.7 	-57.6 	2     	13.5     	222   	9.1        	10.0       	16560     	-83.7
3572      	18:00:00  	101.5 	-57.6 	2     	12.6     	219   	7.9        	9.8        	16569     	-83.7
3574      	18:00:02  	101.4 	-57.6 	2     	12.6     	219   	7.9        	9.8        	16578     	-83.7
3576      	18:00:04  	101.2 	-57.6 	2     	13.2     	224   	9.1        	9.5        	16587     	-83.7
3578      	18:00:06  	101.1 	-57.5 	2     	13.9     	229   	10.4       	9.2        	16596     	-83.6
3580      	18:00:08  	100.9 	-57.5 	2     	14.8     	233   	11.8       	8.9        	16606     	-83.6
3582      	18:00:10  	100.8 	-57.5 	2     	15.7     	237   	13.1       	8.6        	16615     	-83.7
3584      	18:00:12  	100.6 	-57.5 	2     	16.7     	240   	14.5       	8.3        	16625     	-83.7
3586      	18:00:14  	100.5 	-57.6 	2     	17.8     	243   	15.9       	8.0        	16634     	-83.8
3588      	18:00:16  	100.3 	-57.6 	2     	18.8     	246   	17.2       	7.7        	16644     	-83.8
3590      	18:00:18  	100.2 	-57.6 	2     	20.0     	248   	18.6       	7.4        	16654     	-83.9
3592      	18:00:20  	100.0 	-57.7 	2     	21.1     	250   	19.9       	7.1        	16663     	-83.9
3594      	18:00:22  	99.9  	-57.7 	2     	22.4     	252   	21.3       	6.8        	16673     	-84.0
3596      	18:00:24  	99.7  	-57.8 	2     	22.5     	252   	21.4       	6.8        	16682     	-84.0
3598      	18:00:26  	99.6  	-57.8 	2     	20.6     	252   	19.6       	6.5        	16692     	-84.0
3600      	18:00:28  	99.4  	-57.9 	2     	19.0     	251   	17.9       	6.3        	16702     	-84.0
3602      	18:00:30  	99.2  	-57.9 	2     	17.3     	249   	16.2       	6.1        	16711     	-84.1
3604      	18:00:32  	99.1  	-57.9 	2     	15.7     	248   	14.5       	5.9        	16721     	-84.1
3606      	18:00:34  	98.9  	-58.0 	2     	14.0     	246   	12.8       	5.6        	16730     	-84.1
3608      	18:00:36  	98.8  	-58.0 	2     	12.3     	244   	11.0       	5.4        	16740     	-84.1
3610      	18:00:38  	98.7  	-58.0 	2     	10.7     	241   	9.3        	5.2        	16749     	-84.1
3612      	18:00:40  	98.5  	-58.1 	2     	9.1      	237   	7.6        	5.0        	16758     	-84.1
3614      	18:00:42  	98.4  	-58.2 	2     	7.5      	231   	5.9        	4.7        	16767     	-84.1
3616      	18:00:44  	98.2  	-58.2 	2     	6.2      	223   	4.2        	4.5        	16776     	-84.1
3618      	18:00:46  	98.1  	-58.3 	2     	6.2      	223   	4.2        	4.5        	16785     	-84.1
3620      	18:00:48  	98.0  	-58.3 	2     	6.2      	223   	4.2        	4.5        	16794     	-84.1
3622      	18:00:50  	97.8  	-58.4 	2     	6.2      	223   	4.2        	4.5        	16803     	-84.1
3624      	18:00:52  	97.7  	-58.4 	2     	6.2      	223   	4.2        	4.5        	16811     	-84.2
3626      	18:00:54  	97.5  	-58.5 	2     	6.2      	223   	4.2        	4.5        	16820     	-84.2
3628      	18:00:56  	97.4  	-58.6 	2     	6.2      	223   	4.2        	4.5        	16829     	-84.2
3630      	18:00:58  	97.3  	-58.6 	2     	6.1      	224   	4.2        	4.4        	16837     	-84.3
3632      	18:01:00  	97.1  	-58.7 	2     	6.0      	224   	4.2        	4.3        	16845     	-84.3
3634      	18:01:02  	97.0  	-58.7 	2     	5.9      	224   	4.1        	4.2        	16854     	-84.3
3636      	18:01:04  	96.9  	-58.8 	2     	5.8      	225   	4.1        	4.1        	16863     	-84.4
3638      	18:01:06  	96.7  	-58.9 	2     	5.7      	226   	4.1        	4.0        	16872     	-84.5
3640      	18:01:08  	96.6  	-58.9 	2     	5.6      	226   	4.0        	3.9        	16882     	-84.6
3642      	18:01:10  	96.4  	-59.0 	2     	5.5      	226   	4.0        	3.8        	16892     	-84.6
3644      	18:01:12  	96.3  	-59.1 	2     	5.4      	227   	3.9        	3.7        	16902     	-84.7
3646      	18:01:14  	96.1  	-59.1 	2     	5.3      	227   	3.9        	3.6        	16912     	-84.8
3648      	18:01:16  	96.0  	-59.2 	2     	5.3      	227   	3.9        	3.6        	16922     	-84.8
3650      	18:01:18  	95.8  	-59.3 	2     	5.3      	227   	3.9        	3.6        	16932     	-84.9
3652      	18:01:20  	95.7  	-59.4 	2     	5.3      	227   	3.9        	3.6        	16942     	-84.9
3654      	18:01:22  	95.5  	-59.5 	2     	5.3      	227   	3.9        	3.6        	16952     	-85.0
3656      	18:01:24  	95.4  	-59.6 	2     	5.3      	227   	3.9        	3.6        	16962     	-85.0
3658      	18:01:26  	95.2  	-59.6 	2     	5.3      	227   	3.9        	3.6        	16972     	-85.1
3660      	18:01:28  	95.1  	-59.7 	2     	5.2      	221   	3.4        	3.9        	16983     	-85.2
3662      	18:01:30  	94.9  	-59.8 	2     	5.0      	213   	2.7        	4.2        	16994     	-85.2
3664      	18:01:32  	94.7  	-59.8 	2     	5.1      	205   	2.1        	4.6        	17005     	-85.3
3666      	18:01:34  	94.5  	-59.9 	2     	5.2      	197   	1.5        	5.0        	17016     	-85.3
3668      	18:01:36  	94.4  	-60.0 	2     	5.4      	190   	0.9        	5.3        	17028     	-85.3
3670      	18:01:38  	94.2  	-60.0 	2     	5.7      	182   	0.2        	5.7        	17039     	-85.4
3672      	18:01:40  	94.1  	-60.1 	2     	6.1      	176   	-0.4       	6.1        	17048     	-85.4
3674      	18:01:42  	93.9  	-60.2 	2     	6.5      	171   	-1.0       	6.4        	17057     	-85.4
3676      	18:01:44  	93.8  	-60.3 	2     	7.0      	167   	-1.6       	6.8        	17067     	-85.4
3678      	18:01:46  	93.6  	-60.4 	2     	7.6      	162   	-2.3       	7.2        	17076     	-85.5
3680      	18:01:48  	93.5  	-60.5 	2     	7.6      	162   	-2.4       	7.2        	17085     	-85.5
3682      	18:01:50  	93.4  	-60.6 	2     	7.6      	162   	-2.4       	7.2        	17094     	-85.6
3684      	18:01:52  	93.2  	-60.7 	2     	7.6      	162   	-2.4       	7.2        	17103     	-85.7
3686      	18:01:54  	93.1  	-60.8 	2     	7.6      	162   	-2.4       	7.2        	17112     	-85.7
3688      	18:01:56  	93.0  	-60.8 	2     	7.6      	162   	-2.4       	7.2        	17121     	-85.8
3690      	18:01:58  	92.8  	-60.9 	2     	7.6      	162   	-2.4       	7.2        	17130     	-85.8
3692      	18:02:00  	92.7  	-61.0 	2     	7.6      	162   	-2.4       	7.2        	17139     	-85.9
3694      	18:02:02  	92.6  	-61.0 	2     	7.6      	162   	-2.4       	7.2        	17148     	-86.0
3696      	18:02:04  	92.4  	-61.1 	2     	7.6      	162   	-2.4       	7.2        	17157     	-86.0
3698      	18:02:06  	92.3  	-61.1 	2     	7.6      	162   	-2.4       	7.2        	17166     	-86.0
3700      	18:02:08  	92.1  	-61.1 	2     	7.6      	162   	-2.4       	7.2        	17175     	-86.0
3702      	18:02:10  	92.0  	-61.1 	2     	7.6      	162   	-2.4       	7.2        	17185     	-86.1
3704      	18:02:12  	91.9  	-61.2 	2     	7.6      	162   	-2.4       	7.2        	17194     	-86.1
3706      	18:02:14  	91.7  	-61.2 	2     	7.6      	162   	-2.4       	7.2        	17204     	-86.2
3708      	18:02:16  	91.6  	-61.2 	2     	7.6      	162   	-2.4       	7.2        	17213     	-86.3
3710      	18:02:18  	91.5  	-61.2 	2     	7.6      	162   	-2.4       	7.2        	17223     	-86.3
3712      	18:02:20  	91.3  	-61.3 	2     	7.9      	162   	-2.5       	7.5        	17232     	-86.4
3714      	18:02:22  	91.2  	-61.3 	2     	8.3      	161   	-2.7       	7.8        	17241     	-86.4
3716      	18:02:24  	91.0  	-61.3 	2     	8.7      	161   	-2.8       	8.2        	17250     	-86.5
3718      	18:02:26  	90.9  	-61.3 	2     	9.0      	161   	-3.0       	8.5        	17259     	-86.5
3720      	18:02:28  	90.8  	-61.2 	2     	9.3      	161   	-3.1       	8.8        	17268     	-86.5
3722      	18:02:30  	90.6  	-61.2 	2     	9.7      	160   	-3.3       	9.1        	17278     	-86.5
3724      	18:02:32  	90.5  	-61.2 	2     	10.0     	160   	-3.5       	9.4        	17287     	-86.5
3726      	18:02:34  	90.4  	-61.2 	2     	10.4     	160   	-3.6       	9.8        	17296     	-86.5
3728      	18:02:36  	90.2  	-61.1 	2     	10.8     	159   	-3.8       	10.1       	17306     	-86.5
3730      	18:02:38  	90.1  	-61.1 	2     	11.1     	159   	-3.9       	10.4       	17315     	-86.5
3732      	18:02:40  	90.0  	-61.0 	2     	11.1     	159   	-4.0       	10.4       	17324     	-86.5
3734      	18:02:42  	89.8  	-61.0 	2     	11.1     	159   	-4.0       	10.4       	17334     	-86.6
