Time [sec]	Time (UTC)	P [mB]	T [°F]	Hu [%]	Ws [mi/h]	Wd [°]	Ws U [mi/h]	Ws V [mi/h]	Geopot [m]	Dew [°F]
0         	17:00:03  	873.3 	26.1  	47    	8.7      	180   	-0.0       	8.7        	1288      	13.9
2         	17:00:05  	872.1 	25.9  	45    	8.4      	201   	3.0        	7.8        	1300      	13.1
4         	17:00:07  	870.8 	25.4  	47    	8.4      	201   	3.0        	7.8        	1313      	13.3
6         	17:00:09  	869.6 	25.0  	48    	8.4      	201   	3.0        	7.8        	1325      	13.3
8         	17:00:11  	868.7 	25.1  	48    	9.0      	186   	0.9        	9.0        	1337      	13.2
10        	17:00:13  	867.7 	25.4  	48    	9.1      	184   	0.7        	9.1        	1346      	13.6
12        	17:00:15  	866.7 	25.3  	48    	9.1      	184   	0.7        	9.1        	1354      	13.6
14        	17:00:17  	865.9 	25.2  	48    	9.2      	184   	0.6        	9.2        	1363      	13.4
16        	17:00:19  	865.0 	24.9  	48    	9.2      	184   	0.6        	9.2        	1372      	13.1
18        	17:00:21  	864.1 	24.7  	48    	9.2      	184   	0.6        	9.2        	1381      	12.9
20        	17:00:23  	863.2 	24.6  	48    	9.7      	183   	0.5        	9.7        	1390      	12.9
22        	17:00:25  	862.2 	24.4  	49    	10.0     	182   	0.4        	10.0       	1400      	12.8
24        	17:00:27  	861.3 	24.3  	49    	10.1     	182   	0.4        	10.1       	1410      	12.9
26        	17:00:29  	860.4 	24.2  	49    	10.2     	182   	0.4        	10.2       	1419      	13.0
28        	17:00:31  	859.4 	24.1  	50    	10.2     	182   	0.4        	10.2       	1429      	13.0
30        	17:00:33  	858.5 	24.1  	50    	10.5     	182   	0.3        	10.5       	1438      	13.0
32        	17:00:35  	857.6 	24.1  	50    	10.6     	181   	0.2        	10.6       	1447      	13.2
34        	17:00:37  	856.7 	24.0  	51    	10.7     	181   	0.1        	10.7       	1456      	13.2
36        	17:00:39  	855.8 	23.8  	51    	10.7     	180   	-0.0       	10.7       	1465      	13.1
38        	17:00:41  	854.9 	23.6  	51    	10.7     	180   	-0.0       	10.7       	1475      	13.1
40        	17:00:43  	853.9 	23.6  	52    	10.7     	179   	-0.1       	10.7       	1485      	13.1
42        	17:00:45  	852.9 	23.5  	52    	10.7     	179   	-0.1       	10.7       	1495      	13.1
44        	17:00:47  	851.9 	23.4  	52    	10.8     	179   	-0.1       	10.8       	1506      	13.1
46        	17:00:49  	850.9 	23.3  	53    	10.9     	180   	-0.0       	10.9       	1516      	13.0
48        	17:00:51  	849.8 	23.2  	53    	11.1     	180   	-0.0       	11.1       	1527      	13.0
50        	17:00:53  	848.9 	23.1  	53    	11.3     	180   	-0.0       	11.3       	1536      	13.0
52        	17:00:55  	848.0 	23.0  	53    	11.5     	180   	0.1        	11.5       	1546      	12.9
54        	17:00:57  	847.0 	22.8  	53    	11.6     	180   	0.1        	11.6       	1556      	12.9
56        	17:00:59  	845.8 	22.7  	54    	11.8     	181   	0.2        	11.8       	1568      	12.9
58        	17:01:01  	844.6 	22.6  	54    	11.9     	181   	0.2        	11.9       	1581      	12.8
60        	17:01:03  	843.4 	22.5  	54    	11.8     	180   	0.1        	11.8       	1593      	12.8
62        	17:01:05  	842.2 	22.4  	55    	11.8     	180   	0.1        	11.8       	1605      	12.8
64        	17:01:07  	841.0 	22.2  	55    	11.8     	180   	-0.0       	11.8       	1618      	12.8
66        	17:01:09  	839.8 	22.3  	55    	11.6     	180   	-0.1       	11.6       	1631      	12.9
68        	17:01:11  	838.6 	22.3  	56    	11.5     	179   	-0.2       	11.5       	1644      	13.0
70        	17:01:13  	837.4 	22.2  	56    	11.2     	178   	-0.4       	11.2       	1657      	12.9
72        	17:01:15  	836.2 	22.0  	56    	10.8     	176   	-0.7       	10.8       	1668      	12.7
74        	17:01:17  	835.2 	21.9  	56    	10.4     	175   	-0.9       	10.4       	1679      	12.6
76        	17:01:19  	834.2 	21.7  	56    	10.1     	173   	-1.2       	10.0       	1690      	12.5
78        	17:01:21  	833.3 	21.6  	56    	9.9      	172   	-1.4       	9.8        	1698      	12.4
80        	17:01:23  	832.5 	21.5  	56    	9.7      	171   	-1.6       	9.6        	1706      	12.2
82        	17:01:25  	831.7 	21.4  	55    	9.4      	170   	-1.7       	9.2        	1714      	12.1
84        	17:01:27  	830.9 	21.3  	55    	8.9      	170   	-1.6       	8.8        	1722      	12.0
86        	17:01:29  	830.3 	21.3  	55    	8.6      	169   	-1.6       	8.4        	1731      	11.9
88        	17:01:31  	829.6 	21.2  	55    	8.1      	169   	-1.6       	7.9        	1738      	12.0
90        	17:01:33  	828.9 	21.2  	56    	7.7      	169   	-1.5       	7.6        	1744      	12.0
92        	17:01:35  	828.2 	21.1  	56    	7.4      	170   	-1.3       	7.3        	1750      	12.0
94        	17:01:37  	827.5 	21.1  	56    	7.2      	171   	-1.1       	7.1        	1758      	12.1
96        	17:01:39  	826.8 	20.9  	57    	7.1      	174   	-0.8       	7.1        	1766      	12.1
98        	17:01:41  	825.8 	20.8  	57    	7.2      	175   	-0.6       	7.2        	1774      	12.1
100       	17:01:43  	824.8 	20.7  	58    	7.3      	178   	-0.3       	7.3        	1785      	12.1
102       	17:01:45  	823.8 	20.5  	59    	7.5      	179   	-0.1       	7.5        	1797      	12.1
104       	17:01:47  	822.8 	20.4  	59    	7.8      	179   	-0.1       	7.8        	1809      	12.1
106       	17:01:49  	821.7 	20.4  	59    	8.1      	180   	-0.0       	8.1        	1819      	12.0
108       	17:01:51  	820.7 	20.3  	58    	8.5      	180   	-0.0       	8.5        	1830      	11.8
110       	17:01:53  	820.1 	20.2  	57    	9.1      	180   	-0.0       	9.1        	1839      	11.5
112       	17:01:55  	819.4 	20.3  	57    	9.7      	180   	-0.0       	9.7        	1844      	11.4
114       	17:01:57  	818.8 	20.4  	56    	10.3     	181   	0.1        	10.3       	1850      	11.4
116       	17:01:59  	818.4 	20.5  	55    	10.7     	181   	0.1        	10.7       	1855      	11.3
118       	17:02:01  	817.9 	20.5  	55    	10.9     	180   	-0.0       	10.9       	1859      	11.1
120       	17:02:03  	817.5 	20.4  	54    	11.2     	180   	-0.0       	11.2       	1864      	10.8
122       	17:02:05  	816.9 	20.3  	53    	11.4     	181   	0.1        	11.4       	1869      	10.6
124       	17:02:07  	816.4 	20.3  	53    	11.6     	181   	0.2        	11.6       	1875      	10.4
126       	17:02:09  	815.9 	20.3  	53    	11.7     	181   	0.3        	11.7       	1881      	10.3
128       	17:02:11  	815.2 	20.3  	52    	11.9     	182   	0.4        	11.9       	1888      	10.2
130       	17:02:13  	814.5 	20.2  	52    	11.8     	182   	0.5        	11.8       	1896      	10.0
132       	17:02:15  	813.8 	20.2  	51    	11.7     	183   	0.6        	11.7       	1903      	9.8
134       	17:02:17  	813.0 	20.2  	51    	11.6     	183   	0.7        	11.6       	1911      	9.6
136       	17:02:19  	812.3 	20.2  	50    	11.3     	185   	0.9        	11.3       	1919      	9.6
138       	17:02:21  	811.6 	20.1  	50    	11.1     	185   	1.0        	11.1       	1927      	9.5
140       	17:02:23  	810.9 	20.1  	50    	11.0     	186   	1.2        	10.9       	1933      	9.4
142       	17:02:25  	810.3 	20.1  	50    	10.8     	186   	1.2        	10.7       	1939      	9.3
144       	17:02:27  	809.7 	20.0  	50    	10.7     	187   	1.3        	10.6       	1946      	9.2
146       	17:02:29  	809.1 	20.0  	49    	10.5     	187   	1.3        	10.4       	1953      	9.1
148       	17:02:31  	808.4 	20.0  	49    	10.3     	187   	1.2        	10.2       	1960      	9.0
150       	17:02:33  	807.8 	20.0  	49    	9.9      	187   	1.2        	9.8        	1967      	9.0
152       	17:02:35  	807.1 	19.9  	49    	9.6      	187   	1.2        	9.5        	1974      	8.9
154       	17:02:37  	806.5 	19.8  	49    	9.3      	187   	1.1        	9.2        	1980      	8.8
156       	17:02:39  	805.8 	19.8  	49    	9.1      	187   	1.1        	9.0        	1988      	8.7
158       	17:02:41  	805.1 	19.8  	49    	8.9      	186   	1.0        	8.8        	1996      	8.7
160       	17:02:43  	804.3 	19.7  	49    	8.6      	186   	0.9        	8.6        	2003      	8.6
162       	17:02:45  	803.6 	19.7  	49    	8.1      	186   	0.9        	8.1        	2012      	8.6
164       	17:02:47  	802.8 	19.6  	49    	7.7      	187   	0.9        	7.6        	2020      	8.5
166       	17:02:49  	802.1 	19.6  	49    	7.1      	186   	0.8        	7.1        	2028      	8.5
168       	17:02:51  	801.4 	19.5  	49    	6.8      	187   	0.8        	6.8        	2036      	8.4
170       	17:02:53  	800.7 	19.4  	49    	6.5      	187   	0.8        	6.5        	2043      	8.4
172       	17:02:55  	800.0 	19.4  	49    	6.3      	188   	0.9        	6.2        	2050      	8.4
174       	17:02:57  	799.4 	19.3  	49    	6.0      	188   	0.8        	5.9        	2057      	8.4
176       	17:02:59  	798.8 	19.2  	49    	5.6      	188   	0.8        	5.5        	2064      	8.3
178       	17:03:01  	798.1 	19.2  	49    	5.2      	188   	0.7        	5.2        	2070      	8.3
180       	17:03:03  	797.5 	19.1  	49    	4.9      	187   	0.6        	4.9        	2077      	8.2
182       	17:03:05  	796.9 	19.1  	49    	4.8      	187   	0.6        	4.8        	2084      	8.2
184       	17:03:07  	796.2 	19.0  	49    	4.8      	186   	0.5        	4.8        	2091      	8.2
186       	17:03:09  	795.6 	19.0  	49    	4.7      	185   	0.4        	4.7        	2098      	8.1
188       	17:03:11  	795.0 	18.9  	49    	4.5      	183   	0.2        	4.5        	2105      	8.1
190       	17:03:13  	794.3 	18.9  	49    	4.3      	180   	-0.0       	4.3        	2111      	8.0
192       	17:03:15  	793.7 	18.9  	49    	4.1      	179   	-0.1       	4.1        	2118      	8.0
194       	17:03:17  	793.1 	18.8  	49    	3.9      	177   	-0.2       	3.9        	2125      	8.0
196       	17:03:19  	792.6 	18.8  	49    	3.8      	175   	-0.3       	3.8        	2131      	8.0
198       	17:03:21  	792.0 	18.7  	50    	3.7      	174   	-0.4       	3.7        	2137      	8.0
200       	17:03:23  	791.4 	18.7  	50    	3.5      	173   	-0.4       	3.5        	2143      	8.0
202       	17:03:25  	790.9 	18.6  	50    	3.3      	173   	-0.4       	3.3        	2149      	7.9
204       	17:03:27  	790.4 	18.6  	50    	3.1      	174   	-0.3       	3.1        	2154      	7.9
206       	17:03:29  	789.8 	18.5  	50    	2.9      	174   	-0.3       	2.9        	2160      	7.9
208       	17:03:31  	789.3 	18.4  	50    	2.9      	176   	-0.2       	2.9        	2166      	7.9
210       	17:03:33  	788.7 	18.4  	50    	2.8      	180   	-0.0       	2.8        	2172      	7.8
212       	17:03:35  	788.1 	18.3  	50    	2.7      	182   	0.1        	2.7        	2179      	7.8
214       	17:03:37  	787.4 	18.2  	50    	2.6      	184   	0.2        	2.6        	2186      	7.7
216       	17:03:39  	786.8 	18.2  	50    	2.5      	187   	0.3        	2.5        	2194      	7.7
218       	17:03:41  	786.0 	18.1  	50    	2.4      	189   	0.4        	2.4        	2202      	7.6
220       	17:03:43  	785.2 	18.0  	50    	2.4      	189   	0.4        	2.4        	2211      	7.6
222       	17:03:45  	784.5 	17.9  	51    	2.3      	187   	0.3        	2.3        	2219      	7.6
224       	17:03:47  	783.9 	17.9  	51    	2.3      	187   	0.3        	2.3        	2225      	7.6
226       	17:03:49  	783.3 	17.9  	51    	2.1      	185   	0.2        	2.1        	2232      	7.6
228       	17:03:51  	782.7 	17.8  	51    	2.0      	186   	0.2        	2.0        	2238      	7.5
230       	17:03:53  	782.0 	17.7  	51    	1.8      	183   	0.1        	1.8        	2245      	7.5
232       	17:03:55  	781.4 	17.7  	51    	1.6      	184   	0.1        	1.6        	2252      	7.5
234       	17:03:57  	780.8 	17.6  	51    	1.5      	180   	-0.0       	1.5        	2259      	7.5
236       	17:03:59  	780.2 	17.5  	52    	1.3      	180   	-0.0       	1.3        	2266      	7.4
238       	17:04:01  	779.6 	17.5  	52    	1.1      	180   	-0.0       	1.1        	2273      	7.5
240       	17:04:03  	779.0 	17.4  	52    	1.0      	180   	-0.0       	1.0        	2279      	7.5
242       	17:04:05  	778.5 	17.4  	52    	0.8      	180   	-0.0       	0.8        	2284      	7.5
244       	17:04:07  	778.0 	17.3  	52    	0.7      	180   	-0.0       	0.7        	2290      	7.5
246       	17:04:09  	777.5 	17.3  	53    	0.6      	189   	0.1        	0.6        	2295      	7.5
248       	17:04:11  	777.0 	17.2  	53    	0.6      	189   	0.1        	0.6        	2301      	7.5
250       	17:04:13  	776.5 	17.1  	53    	0.6      	198   	0.2        	0.6        	2306      	7.5
252       	17:04:15  	776.0 	17.1  	53    	0.6      	211   	0.3        	0.5        	2311      	7.4
254       	17:04:17  	775.5 	17.0  	53    	0.6      	225   	0.4        	0.4        	2317      	7.4
256       	17:04:19  	775.0 	17.0  	53    	0.7      	236   	0.6        	0.4        	2323      	7.4
258       	17:04:21  	774.4 	16.9  	53    	0.8      	247   	0.7        	0.3        	2329      	7.3
260       	17:04:23  	773.9 	16.9  	53    	0.8      	256   	0.8        	0.2        	2335      	7.3
262       	17:04:25  	773.3 	16.8  	53    	0.9      	257   	0.9        	0.2        	2341      	7.3
264       	17:04:27  	772.8 	16.8  	53    	1.1      	265   	1.1        	0.1        	2347      	7.3
266       	17:04:29  	772.3 	16.7  	54    	1.4      	266   	1.4        	0.1        	2353      	7.3
268       	17:04:31  	771.7 	16.7  	54    	1.6      	266   	1.6        	0.1        	2358      	7.2
270       	17:04:33  	771.2 	16.6  	54    	1.9      	270   	1.9        	0.0        	2364      	7.2
272       	17:04:35  	770.7 	16.6  	54    	2.1      	267   	2.1        	0.1        	2370      	7.2
274       	17:04:37  	770.2 	16.6  	54    	2.2      	267   	2.2        	0.1        	2375      	7.2
276       	17:04:39  	769.8 	16.5  	54    	2.4      	268   	2.4        	0.1        	2380      	7.3
278       	17:04:41  	769.3 	16.5  	54    	2.6      	268   	2.6        	0.1        	2386      	7.3
280       	17:04:43  	768.8 	16.5  	54    	2.7      	268   	2.7        	0.1        	2391      	7.3
282       	17:04:45  	768.3 	16.5  	54    	2.9      	268   	2.9        	0.1        	2396      	7.3
284       	17:04:47  	767.8 	16.5  	55    	3.0      	268   	3.0        	0.1        	2401      	7.3
286       	17:04:49  	767.3 	16.4  	55    	3.0      	268   	3.0        	0.1        	2407      	7.3
288       	17:04:51  	766.9 	16.4  	55    	3.0      	268   	3.0        	0.1        	2413      	7.3
290       	17:04:53  	766.4 	16.4  	55    	2.9      	268   	2.9        	0.1        	2418      	7.3
292       	17:04:55  	765.9 	16.4  	55    	2.9      	268   	2.9        	0.1        	2423      	7.3
294       	17:04:57  	765.4 	16.4  	55    	2.8      	268   	2.8        	0.1        	2429      	7.3
296       	17:04:59  	764.9 	16.3  	55    	2.8      	268   	2.8        	0.1        	2434      	7.3
298       	17:05:01  	764.4 	16.3  	55    	2.7      	268   	2.7        	0.1        	2439      	7.2
300       	17:05:03  	764.0 	16.2  	55    	2.7      	268   	2.7        	0.1        	2445      	7.2
302       	17:05:05  	763.5 	16.1  	55    	2.6      	268   	2.6        	0.1        	2450      	7.1
304       	17:05:07  	763.0 	16.1  	55    	2.6      	268   	2.6        	0.1        	2455      	7.1
306       	17:05:09  	762.5 	16.1  	55    	2.5      	270   	2.5        	0.0        	2460      	7.1
308       	17:05:11  	762.1 	16.0  	55    	2.5      	270   	2.5        	0.0        	2466      	7.1
310       	17:05:13  	761.6 	16.0  	56    	2.5      	270   	2.5        	0.0        	2471      	7.1
312       	17:05:15  	761.1 	15.9  	56    	2.5      	272   	2.5        	-0.1       	2477      	7.1
314       	17:05:17  	760.6 	15.9  	56    	2.5      	272   	2.5        	-0.1       	2482      	7.1
316       	17:05:19  	760.2 	15.8  	56    	2.6      	272   	2.6        	-0.1       	2487      	7.1
318       	17:05:21  	759.7 	15.8  	56    	2.7      	274   	2.7        	-0.2       	2492      	7.1
320       	17:05:23  	759.2 	15.7  	56    	2.8      	274   	2.8        	-0.2       	2498      	7.1
322       	17:05:25  	758.7 	15.7  	56    	2.9      	276   	2.9        	-0.3       	2503      	7.1
324       	17:05:27  	758.3 	15.7  	56    	2.9      	276   	2.9        	-0.3       	2508      	7.0
326       	17:05:29  	757.8 	15.7  	56    	3.0      	276   	3.0        	-0.3       	2513      	7.0
328       	17:05:31  	757.4 	15.6  	56    	3.1      	276   	3.1        	-0.3       	2518      	7.0
330       	17:05:33  	756.9 	15.6  	56    	3.3      	277   	3.3        	-0.4       	2523      	7.0
332       	17:05:35  	756.5 	15.5  	56    	3.5      	277   	3.5        	-0.4       	2528      	6.9
334       	17:05:37  	756.0 	15.5  	56    	3.7      	278   	3.7        	-0.5       	2533      	6.8
336       	17:05:39  	755.6 	15.5  	56    	3.9      	277   	3.9        	-0.5       	2538      	6.8
338       	17:05:41  	755.2 	15.5  	56    	4.0      	279   	4.0        	-0.6       	2543      	6.8
340       	17:05:43  	754.7 	15.5  	56    	4.1      	278   	4.1        	-0.6       	2548      	6.8
342       	17:05:45  	754.3 	15.4  	56    	4.3      	279   	4.2        	-0.7       	2553      	6.8
344       	17:05:47  	753.9 	15.4  	56    	4.5      	279   	4.4        	-0.7       	2558      	6.7
346       	17:05:49  	753.4 	15.3  	56    	4.6      	280   	4.5        	-0.8       	2563      	6.7
348       	17:05:51  	753.0 	15.3  	56    	4.7      	281   	4.6        	-0.9       	2567      	6.7
350       	17:05:53  	752.6 	15.3  	56    	4.7      	281   	4.6        	-0.9       	2572      	6.6
352       	17:05:55  	752.2 	15.3  	56    	4.8      	282   	4.7        	-1.0       	2576      	6.6
354       	17:05:57  	751.8 	15.2  	56    	4.8      	282   	4.7        	-1.0       	2581      	6.6
356       	17:05:59  	751.5 	15.2  	56    	4.8      	282   	4.7        	-1.0       	2585      	6.6
358       	17:06:01  	751.1 	15.2  	56    	4.8      	282   	4.7        	-1.0       	2589      	6.6
360       	17:06:03  	750.7 	15.1  	56    	4.8      	281   	4.7        	-0.9       	2593      	6.6
362       	17:06:05  	750.3 	15.1  	56    	4.8      	281   	4.7        	-0.9       	2598      	6.5
364       	17:06:07  	749.9 	15.1  	56    	4.8      	281   	4.7        	-0.9       	2602      	6.5
366       	17:06:09  	749.6 	15.1  	57    	4.8      	280   	4.7        	-0.8       	2606      	6.6
368       	17:06:11  	749.2 	15.1  	56    	4.8      	278   	4.7        	-0.7       	2611      	6.5
370       	17:06:13  	748.8 	15.1  	56    	4.8      	278   	4.7        	-0.7       	2615      	6.4
372       	17:06:15  	748.5 	15.0  	56    	4.8      	277   	4.8        	-0.6       	2619      	6.3
374       	17:06:17  	748.1 	15.0  	56    	4.8      	276   	4.8        	-0.5       	2623      	6.3
376       	17:06:19  	747.7 	15.0  	56    	4.9      	276   	4.9        	-0.5       	2627      	6.3
378       	17:06:21  	747.3 	15.1  	56    	4.9      	276   	4.9        	-0.5       	2632      	6.3
380       	17:06:23  	746.9 	15.1  	55    	4.9      	276   	4.9        	-0.5       	2636      	6.3
382       	17:06:25  	746.5 	15.1  	55    	4.8      	275   	4.8        	-0.4       	2641      	6.2
384       	17:06:27  	746.1 	15.1  	55    	4.7      	274   	4.7        	-0.3       	2646      	6.2
386       	17:06:29  	745.7 	15.1  	55    	4.7      	274   	4.7        	-0.3       	2650      	6.2
388       	17:06:31  	745.3 	15.1  	55    	4.5      	273   	4.5        	-0.2       	2655      	6.2
390       	17:06:33  	744.9 	15.2  	55    	4.4      	273   	4.4        	-0.2       	2659      	6.2
392       	17:06:35  	744.5 	15.2  	55    	4.3      	271   	4.3        	-0.1       	2664      	6.2
394       	17:06:37  	744.1 	15.2  	54    	4.1      	271   	4.1        	-0.1       	2668      	6.1
396       	17:06:39  	743.8 	15.2  	54    	3.8      	270   	3.8        	0.0        	2672      	6.1
398       	17:06:41  	743.4 	15.3  	54    	3.6      	270   	3.6        	0.0        	2677      	6.1
400       	17:06:43  	743.0 	15.2  	54    	3.4      	268   	3.4        	0.1        	2681      	6.0
402       	17:06:45  	742.6 	15.2  	54    	3.3      	268   	3.3        	0.1        	2685      	5.9
404       	17:06:47  	742.2 	15.2  	54    	3.2      	268   	3.2        	0.1        	2690      	5.9
406       	17:06:49  	741.8 	15.3  	53    	3.1      	268   	3.1        	0.1        	2694      	5.9
408       	17:06:51  	741.4 	15.3  	53    	3.1      	266   	3.1        	0.2        	2699      	5.8
410       	17:06:53  	741.0 	15.3  	53    	3.1      	264   	3.1        	0.3        	2704      	5.7
412       	17:06:55  	740.6 	15.2  	53    	3.0      	262   	3.0        	0.4        	2709      	5.7
414       	17:06:57  	740.2 	15.3  	53    	3.0      	261   	3.0        	0.5        	2713      	5.7
416       	17:06:59  	739.8 	15.3  	53    	3.1      	261   	3.1        	0.5        	2718      	5.7
418       	17:07:01  	739.4 	15.3  	53    	3.2      	259   	3.1        	0.6        	2722      	5.7
420       	17:07:03  	739.0 	15.2  	53    	3.2      	257   	3.1        	0.7        	2727      	5.6
422       	17:07:05  	738.6 	15.2  	53    	3.3      	254   	3.2        	0.9        	2731      	5.6
424       	17:07:07  	738.2 	15.2  	53    	3.4      	253   	3.2        	1.0        	2736      	5.6
426       	17:07:09  	737.8 	15.2  	53    	3.4      	251   	3.2        	1.1        	2741      	5.6
428       	17:07:11  	737.4 	15.1  	53    	3.4      	251   	3.2        	1.1        	2745      	5.5
430       	17:07:13  	737.0 	15.1  	52    	3.3      	249   	3.1        	1.2        	2750      	5.5
432       	17:07:15  	736.6 	15.1  	52    	3.3      	249   	3.1        	1.2        	2754      	5.4
434       	17:07:17  	736.2 	15.0  	52    	3.2      	248   	3.0        	1.2        	2759      	5.3
436       	17:07:19  	735.8 	15.0  	52    	3.3      	247   	3.0        	1.3        	2764      	5.3
438       	17:07:21  	735.4 	15.0  	52    	3.2      	246   	2.9        	1.3        	2768      	5.2
440       	17:07:23  	735.0 	15.0  	52    	3.1      	248   	2.9        	1.2        	2773      	5.2
442       	17:07:25  	734.6 	14.9  	52    	3.1      	248   	2.9        	1.2        	2777      	5.1
444       	17:07:27  	734.2 	14.9  	52    	3.1      	249   	2.9        	1.1        	2782      	5.1
446       	17:07:29  	733.8 	14.9  	52    	3.1      	251   	2.9        	1.0        	2786      	5.1
448       	17:07:31  	733.4 	14.9  	52    	3.0      	253   	2.9        	0.9        	2791      	5.0
450       	17:07:33  	733.0 	14.9  	52    	3.1      	255   	3.0        	0.8        	2796      	5.0
452       	17:07:35  	732.5 	14.8  	52    	3.1      	257   	3.0        	0.7        	2801      	5.0
454       	17:07:37  	732.1 	14.8  	52    	3.2      	259   	3.1        	0.6        	2806      	5.0
456       	17:07:39  	731.7 	14.8  	52    	3.2      	261   	3.2        	0.5        	2811      	5.0
458       	17:07:41  	731.3 	14.8  	52    	3.3      	263   	3.3        	0.4        	2816      	5.0
460       	17:07:43  	730.8 	14.7  	52    	3.4      	265   	3.4        	0.3        	2821      	5.0
462       	17:07:45  	730.4 	14.7  	52    	3.5      	267   	3.5        	0.2        	2826      	4.9
464       	17:07:47  	730.0 	14.7  	52    	3.6      	268   	3.6        	0.1        	2831      	4.9
466       	17:07:49  	729.6 	14.6  	52    	3.6      	268   	3.6        	0.1        	2835      	4.9
468       	17:07:51  	729.2 	14.6  	52    	3.7      	268   	3.7        	0.1        	2840      	5.0
470       	17:07:53  	728.7 	14.6  	52    	3.7      	268   	3.7        	0.1        	2845      	4.9
472       	17:07:55  	728.3 	14.5  	52    	3.8      	270   	3.8        	0.0        	2850      	4.9
474       	17:07:57  	727.9 	14.4  	53    	3.8      	270   	3.8        	0.0        	2855      	4.9
476       	17:07:59  	727.4 	14.4  	53    	3.8      	272   	3.8        	-0.1       	2860      	4.9
478       	17:08:01  	727.0 	14.4  	53    	3.8      	272   	3.8        	-0.1       	2866      	4.8
480       	17:08:03  	726.5 	14.3  	53    	3.8      	272   	3.8        	-0.1       	2871      	4.8
482       	17:08:05  	726.1 	14.2  	53    	3.8      	272   	3.8        	-0.1       	2876      	4.8
484       	17:08:07  	725.6 	14.2  	53    	3.8      	272   	3.8        	-0.1       	2881      	4.7
486       	17:08:09  	725.2 	14.2  	53    	3.8      	272   	3.8        	-0.1       	2887      	4.7
488       	17:08:11  	724.7 	14.1  	53    	3.8      	272   	3.8        	-0.1       	2892      	4.7
490       	17:08:13  	724.3 	14.1  	53    	3.7      	273   	3.7        	-0.2       	2897      	4.6
492       	17:08:15  	723.8 	14.0  	53    	3.7      	273   	3.7        	-0.2       	2902      	4.6
494       	17:08:17  	723.4 	14.0  	53    	3.7      	273   	3.7        	-0.2       	2907      	4.6
496       	17:08:19  	722.9 	13.9  	53    	3.7      	273   	3.7        	-0.2       	2913      	4.5
498       	17:08:21  	722.5 	13.9  	53    	3.6      	272   	3.6        	-0.1       	2918      	4.5
500       	17:08:23  	722.0 	13.8  	53    	3.6      	270   	3.6        	0.0        	2923      	4.5
502       	17:08:25  	721.5 	13.8  	53    	3.6      	268   	3.6        	0.1        	2929      	4.4
504       	17:08:27  	721.1 	13.7  	53    	3.6      	267   	3.6        	0.2        	2935      	4.4
506       	17:08:29  	720.6 	13.6  	53    	3.6      	265   	3.6        	0.3        	2940      	4.4
508       	17:08:31  	720.1 	13.6  	53    	3.6      	265   	3.6        	0.3        	2946      	4.4
510       	17:08:33  	719.6 	13.6  	53    	3.6      	262   	3.6        	0.5        	2952      	4.4
512       	17:08:35  	719.1 	13.6  	54    	3.6      	261   	3.6        	0.6        	2958      	4.3
514       	17:08:37  	718.6 	13.5  	54    	3.6      	259   	3.5        	0.7        	2963      	4.3
516       	17:08:39  	718.2 	13.5  	54    	3.6      	257   	3.5        	0.8        	2969      	4.3
518       	17:08:41  	717.7 	13.5  	54    	3.5      	255   	3.4        	0.9        	2974      	4.3
520       	17:08:43  	717.2 	13.4  	54    	3.5      	255   	3.4        	0.9        	2980      	4.3
522       	17:08:45  	716.7 	13.4  	54    	3.4      	253   	3.3        	1.0        	2986      	4.3
524       	17:08:47  	716.2 	13.3  	54    	3.4      	251   	3.2        	1.1        	2992      	4.3
526       	17:08:49  	715.7 	13.3  	54    	3.3      	250   	3.1        	1.1        	2998      	4.2
528       	17:08:51  	715.2 	13.2  	54    	3.3      	249   	3.1        	1.2        	3004      	4.2
530       	17:08:53  	714.7 	13.2  	54    	3.2      	248   	3.0        	1.2        	3010      	4.2
532       	17:08:55  	714.2 	13.1  	54    	3.2      	248   	3.0        	1.2        	3016      	4.2
534       	17:08:57  	713.7 	13.1  	55    	3.3      	247   	3.0        	1.3        	3021      	4.2
536       	17:08:59  	713.1 	13.0  	55    	3.2      	246   	2.9        	1.3        	3028      	4.1
538       	17:09:01  	712.6 	13.0  	55    	3.2      	246   	2.9        	1.3        	3034      	4.1
540       	17:09:03  	712.0 	12.9  	55    	3.2      	246   	2.9        	1.3        	3041      	4.1
542       	17:09:05  	711.5 	12.9  	55    	3.2      	246   	2.9        	1.3        	3047      	4.1
544       	17:09:07  	711.0 	12.8  	55    	3.2      	244   	2.9        	1.4        	3053      	4.1
546       	17:09:09  	710.5 	12.8  	55    	3.2      	244   	2.9        	1.4        	3059      	4.1
548       	17:09:11  	710.0 	12.7  	56    	3.2      	244   	2.9        	1.4        	3065      	4.1
550       	17:09:13  	709.5 	12.7  	56    	3.2      	244   	2.9        	1.4        	3071      	4.1
552       	17:09:15  	709.0 	12.6  	56    	3.2      	242   	2.8        	1.5        	3077      	4.0
554       	17:09:17  	708.4 	12.5  	56    	3.2      	240   	2.8        	1.6        	3083      	4.0
556       	17:09:19  	707.9 	12.4  	56    	3.2      	240   	2.8        	1.6        	3089      	4.0
558       	17:09:21  	707.4 	12.4  	56    	3.3      	239   	2.8        	1.7        	3096      	3.9
560       	17:09:23  	706.8 	12.3  	56    	3.3      	239   	2.8        	1.7        	3103      	3.9
562       	17:09:25  	706.2 	12.3  	56    	3.3      	237   	2.8        	1.8        	3110      	3.9
564       	17:09:27  	705.6 	12.2  	57    	3.4      	234   	2.8        	2.0        	3116      	3.9
566       	17:09:29  	705.1 	12.2  	57    	3.5      	233   	2.8        	2.1        	3123      	3.8
568       	17:09:31  	704.5 	12.1  	57    	3.6      	232   	2.8        	2.2        	3130      	3.8
570       	17:09:33  	704.0 	12.1  	57    	3.6      	231   	2.8        	2.3        	3136      	3.8
572       	17:09:35  	703.4 	12.0  	57    	3.7      	229   	2.8        	2.4        	3142      	3.7
574       	17:09:37  	702.9 	11.9  	57    	3.9      	230   	3.0        	2.5        	3149      	3.7
576       	17:09:39  	702.3 	11.9  	57    	4.1      	229   	3.1        	2.7        	3156      	3.6
578       	17:09:41  	701.8 	11.8  	57    	4.3      	230   	3.3        	2.8        	3162      	3.6
580       	17:09:43  	701.2 	11.8  	57    	4.5      	229   	3.4        	3.0        	3169      	3.5
582       	17:09:45  	700.6 	11.8  	57    	4.8      	229   	3.6        	3.1        	3176      	3.5
584       	17:09:47  	700.1 	11.7  	57    	4.9      	229   	3.7        	3.2        	3183      	3.5
586       	17:09:49  	699.5 	11.7  	57    	5.0      	231   	3.9        	3.2        	3190      	3.5
588       	17:09:51  	699.0 	11.7  	57    	5.4      	231   	4.2        	3.4        	3196      	3.4
590       	17:09:53  	698.4 	11.6  	57    	5.7      	232   	4.5        	3.5        	3203      	3.3
592       	17:09:55  	697.8 	11.6  	57    	6.1      	233   	4.9        	3.7        	3209      	3.3
594       	17:09:57  	697.3 	11.6  	57    	6.4      	233   	5.1        	3.8        	3216      	3.3
596       	17:09:59  	696.7 	11.5  	57    	6.4      	234   	5.2        	3.8        	3223      	3.2
598       	17:10:01  	696.2 	11.5  	56    	6.7      	234   	5.4        	3.9        	3230      	3.2
600       	17:10:03  	695.6 	11.5  	56    	6.9      	236   	5.7        	3.9        	3236      	3.1
602       	17:10:05  	695.1 	11.4  	56    	7.2      	237   	6.0        	3.9        	3243      	3.0
604       	17:10:07  	694.5 	11.4  	56    	7.4      	239   	6.3        	3.8        	3250      	2.9
606       	17:10:09  	693.9 	11.3  	56    	7.5      	240   	6.5        	3.8        	3257      	2.8
608       	17:10:11  	693.3 	11.3  	56    	7.7      	241   	6.7        	3.7        	3264      	2.7
610       	17:10:13  	692.7 	11.3  	55    	7.7      	242   	6.8        	3.6        	3271      	2.7
612       	17:10:15  	692.2 	11.2  	55    	7.8      	243   	7.0        	3.5        	3278      	2.6
614       	17:10:17  	691.6 	11.2  	55    	7.8      	245   	7.1        	3.3        	3285      	2.5
616       	17:10:19  	691.0 	11.1  	55    	8.0      	246   	7.3        	3.2        	3291      	2.5
618       	17:10:21  	690.5 	11.1  	55    	8.0      	247   	7.4        	3.1        	3298      	2.5
620       	17:10:23  	689.9 	11.0  	55    	8.1      	248   	7.5        	3.0        	3305      	2.4
622       	17:10:25  	689.4 	11.0  	55    	8.0      	249   	7.5        	2.9        	3311      	2.4
624       	17:10:27  	688.8 	10.9  	55    	8.0      	249   	7.5        	2.9        	3318      	2.3
626       	17:10:29  	688.3 	10.8  	55    	8.0      	250   	7.5        	2.7        	3325      	2.3
628       	17:10:31  	687.7 	10.8  	55    	7.9      	252   	7.5        	2.5        	3332      	2.2
630       	17:10:33  	687.1 	10.7  	55    	7.8      	253   	7.5        	2.3        	3339      	2.2
632       	17:10:35  	686.5 	10.7  	55    	7.8      	254   	7.5        	2.2        	3346      	2.1
634       	17:10:37  	686.0 	10.7  	55    	7.8      	255   	7.5        	2.0        	3353      	2.0
636       	17:10:39  	685.4 	10.6  	55    	7.6      	256   	7.4        	1.9        	3360      	2.0
638       	17:10:41  	684.8 	10.6  	55    	7.6      	256   	7.4        	1.8        	3367      	2.0
640       	17:10:43  	684.3 	10.6  	55    	7.5      	258   	7.3        	1.5        	3373      	1.9
642       	17:10:45  	683.7 	10.5  	55    	7.3      	260   	7.2        	1.3        	3380      	1.9
644       	17:10:47  	683.2 	10.5  	55    	7.2      	261   	7.1        	1.1        	3386      	1.8
646       	17:10:49  	682.7 	10.5  	55    	7.2      	263   	7.1        	0.9        	3393      	1.7
648       	17:10:51  	682.1 	10.4  	54    	7.0      	263   	7.0        	0.8        	3400      	1.7
650       	17:10:53  	681.6 	10.4  	54    	6.9      	264   	6.9        	0.7        	3407      	1.6
652       	17:10:55  	681.0 	10.4  	54    	6.9      	264   	6.9        	0.7        	3414      	1.6
654       	17:10:57  	680.5 	10.3  	54    	6.8      	265   	6.8        	0.6        	3420      	1.5
656       	17:10:59  	679.9 	10.3  	54    	6.7      	266   	6.7        	0.5        	3427      	1.5
658       	17:11:01  	679.4 	10.2  	54    	6.6      	267   	6.6        	0.4        	3433      	1.4
660       	17:11:03  	678.9 	10.2  	54    	6.6      	266   	6.6        	0.5        	3440      	1.4
662       	17:11:05  	678.3 	10.1  	54    	6.6      	266   	6.6        	0.5        	3446      	1.3
664       	17:11:07  	677.8 	10.1  	54    	6.6      	266   	6.6        	0.5        	3453      	1.3
666       	17:11:09  	677.2 	10.1  	54    	6.4      	266   	6.4        	0.5        	3460      	1.3
668       	17:11:11  	676.7 	10.0  	55    	6.3      	265   	6.3        	0.5        	3466      	1.3
670       	17:11:13  	676.2 	10.0  	55    	6.2      	265   	6.2        	0.5        	3472      	1.3
672       	17:11:15  	675.7 	9.9   	55    	6.2      	265   	6.2        	0.5        	3479      	1.3
674       	17:11:17  	675.1 	9.8   	55    	6.1      	265   	6.1        	0.5        	3485      	1.3
676       	17:11:19  	674.6 	9.8   	55    	6.0      	265   	6.0        	0.5        	3492      	1.3
678       	17:11:21  	674.1 	9.7   	55    	5.9      	265   	5.9        	0.5        	3499      	1.3
680       	17:11:23  	673.5 	9.7   	56    	5.8      	265   	5.8        	0.5        	3505      	1.3
682       	17:11:25  	673.0 	9.6   	56    	5.7      	266   	5.7        	0.4        	3512      	1.3
684       	17:11:27  	672.5 	9.6   	56    	5.6      	266   	5.6        	0.4        	3519      	1.2
686       	17:11:29  	671.9 	9.5   	56    	5.6      	266   	5.6        	0.4        	3525      	1.2
688       	17:11:31  	671.4 	9.5   	56    	5.5      	266   	5.5        	0.4        	3532      	1.2
690       	17:11:33  	670.8 	9.4   	56    	5.5      	266   	5.5        	0.4        	3539      	1.2
692       	17:11:35  	670.3 	9.3   	57    	5.4      	266   	5.4        	0.4        	3545      	1.2
694       	17:11:37  	669.8 	9.3   	57    	5.3      	266   	5.3        	0.4        	3552      	1.2
696       	17:11:39  	669.3 	9.2   	57    	5.2      	265   	5.2        	0.5        	3558      	1.2
698       	17:11:41  	668.8 	9.2   	57    	5.2      	265   	5.2        	0.5        	3564      	1.1
700       	17:11:43  	668.3 	9.1   	57    	5.1      	264   	5.1        	0.5        	3570      	1.1
702       	17:11:45  	667.8 	9.1   	57    	5.0      	263   	5.0        	0.6        	3576      	1.1
704       	17:11:47  	667.3 	9.0   	57    	5.0      	263   	5.0        	0.6        	3583      	1.0
706       	17:11:49  	666.7 	8.9   	57    	5.0      	263   	5.0        	0.6        	3589      	1.0
708       	17:11:51  	666.2 	8.9   	57    	4.9      	263   	4.9        	0.6        	3596      	0.9
710       	17:11:53  	665.7 	8.8   	57    	4.9      	263   	4.9        	0.6        	3602      	0.9
712       	17:11:55  	665.2 	8.8   	57    	5.0      	263   	5.0        	0.6        	3609      	0.8
714       	17:11:57  	664.7 	8.7   	57    	5.0      	263   	5.0        	0.6        	3615      	0.8
716       	17:11:59  	664.2 	8.7   	57    	5.0      	263   	5.0        	0.6        	3621      	0.7
718       	17:12:01  	663.7 	8.6   	57    	5.0      	263   	5.0        	0.6        	3627      	0.7
720       	17:12:03  	663.2 	8.6   	57    	5.0      	263   	5.0        	0.6        	3634      	0.6
722       	17:12:05  	662.6 	8.5   	57    	4.9      	263   	4.9        	0.6        	3640      	0.6
724       	17:12:07  	662.1 	8.4   	57    	4.9      	263   	4.9        	0.6        	3647      	0.5
726       	17:12:09  	661.6 	8.4   	57    	4.9      	262   	4.8        	0.7        	3654      	0.5
728       	17:12:11  	661.1 	8.3   	57    	4.8      	262   	4.7        	0.7        	3660      	0.5
730       	17:12:13  	660.6 	8.3   	57    	4.7      	261   	4.6        	0.7        	3666      	0.4
732       	17:12:15  	660.1 	8.3   	57    	4.7      	261   	4.6        	0.7        	3673      	0.3
734       	17:12:17  	659.6 	8.2   	57    	4.7      	261   	4.6        	0.7        	3679      	0.2
736       	17:12:19  	659.0 	8.2   	57    	4.7      	261   	4.6        	0.7        	3685      	0.1
738       	17:12:21  	658.5 	8.2   	57    	4.6      	263   	4.6        	0.6        	3692      	0.1
740       	17:12:23  	658.0 	8.1   	56    	4.7      	263   	4.7        	0.6        	3698      	-0.0
742       	17:12:25  	657.5 	8.1   	56    	4.8      	264   	4.8        	0.5        	3705      	-0.1
744       	17:12:27  	657.0 	8.1   	56    	5.1      	264   	5.1        	0.5        	3712      	-0.2
746       	17:12:29  	656.4 	8.0   	55    	5.4      	266   	5.4        	0.4        	3718      	-0.3
748       	17:12:31  	655.9 	8.0   	55    	5.6      	267   	5.6        	0.3        	3725      	-0.4
750       	17:12:33  	655.4 	8.0   	55    	5.9      	267   	5.9        	0.3        	3732      	-0.6
752       	17:12:35  	654.9 	7.9   	54    	6.1      	268   	6.1        	0.2        	3738      	-0.7
754       	17:12:37  	654.4 	7.9   	54    	6.3      	268   	6.3        	0.2        	3745      	-0.8
756       	17:12:39  	653.8 	7.9   	53    	6.7      	269   	6.7        	0.1        	3751      	-0.9
758       	17:12:41  	653.4 	7.9   	53    	7.0      	270   	7.0        	0.0        	3757      	-1.0
760       	17:12:43  	652.9 	7.9   	53    	7.4      	271   	7.4        	-0.1       	3763      	-1.1
762       	17:12:45  	652.4 	7.9   	52    	7.6      	272   	7.6        	-0.2       	3769      	-1.2
764       	17:12:47  	652.0 	8.0   	52    	7.8      	272   	7.8        	-0.3       	3775      	-1.3
766       	17:12:49  	651.5 	7.9   	52    	7.9      	272   	7.9        	-0.3       	3781      	-1.3
768       	17:12:51  	651.0 	7.9   	52    	8.1      	273   	8.1        	-0.4       	3786      	-1.4
770       	17:12:53  	650.6 	7.9   	52    	8.3      	274   	8.3        	-0.6       	3792      	-1.4
772       	17:12:55  	650.1 	7.9   	52    	8.4      	275   	8.4        	-0.7       	3798      	-1.5
774       	17:12:57  	649.6 	7.8   	52    	8.6      	275   	8.6        	-0.8       	3804      	-1.5
776       	17:12:59  	649.1 	7.8   	52    	8.6      	275   	8.6        	-0.8       	3811      	-1.5
778       	17:13:01  	648.6 	7.7   	52    	8.6      	275   	8.6        	-0.8       	3817      	-1.6
780       	17:13:03  	648.2 	7.7   	52    	8.6      	276   	8.6        	-0.9       	3823      	-1.6
782       	17:13:05  	647.7 	7.6   	52    	8.6      	276   	8.6        	-0.9       	3829      	-1.7
784       	17:13:07  	647.3 	7.6   	52    	8.6      	276   	8.6        	-0.9       	3835      	-1.7
786       	17:13:09  	646.8 	7.6   	52    	8.7      	277   	8.6        	-1.0       	3840      	-1.7
788       	17:13:11  	646.3 	7.5   	52    	8.7      	277   	8.6        	-1.0       	3846      	-1.8
790       	17:13:13  	645.9 	7.5   	52    	8.7      	277   	8.6        	-1.0       	3852      	-1.8
792       	17:13:15  	645.4 	7.4   	52    	8.7      	277   	8.6        	-1.0       	3858      	-1.8
794       	17:13:17  	645.0 	7.4   	52    	8.7      	277   	8.6        	-1.0       	3863      	-1.9
796       	17:13:19  	644.5 	7.3   	52    	8.8      	277   	8.7        	-1.0       	3869      	-1.9
798       	17:13:21  	644.1 	7.2   	52    	8.8      	277   	8.7        	-1.0       	3875      	-1.9
800       	17:13:23  	643.7 	7.2   	52    	8.9      	277   	8.8        	-1.1       	3880      	-1.9
802       	17:13:25  	643.2 	7.2   	52    	8.9      	277   	8.8        	-1.1       	3886      	-2.0
804       	17:13:27  	642.8 	7.1   	52    	9.0      	277   	8.9        	-1.1       	3892      	-2.0
806       	17:13:29  	642.3 	7.1   	52    	9.1      	277   	9.0        	-1.1       	3897      	-2.1
808       	17:13:31  	641.9 	7.0   	52    	9.2      	277   	9.1        	-1.1       	3903      	-2.1
810       	17:13:33  	641.4 	7.0   	52    	9.3      	277   	9.2        	-1.2       	3909      	-2.2
812       	17:13:35  	641.0 	7.0   	52    	9.4      	277   	9.3        	-1.2       	3914      	-2.2
814       	17:13:37  	640.6 	6.9   	52    	9.5      	277   	9.4        	-1.2       	3920      	-2.2
816       	17:13:39  	640.1 	6.9   	52    	9.5      	277   	9.4        	-1.1       	3926      	-2.3
818       	17:13:41  	639.7 	6.8   	52    	9.6      	277   	9.5        	-1.1       	3931      	-2.3
820       	17:13:43  	639.2 	6.8   	52    	9.6      	277   	9.5        	-1.1       	3937      	-2.3
822       	17:13:45  	638.8 	6.8   	52    	9.6      	276   	9.5        	-1.0       	3943      	-2.3
824       	17:13:47  	638.4 	6.7   	52    	9.6      	276   	9.5        	-1.0       	3948      	-2.3
826       	17:13:49  	637.9 	6.7   	52    	9.5      	275   	9.5        	-0.9       	3954      	-2.3
828       	17:13:51  	637.5 	6.6   	52    	9.5      	275   	9.5        	-0.9       	3960      	-2.4
830       	17:13:53  	637.0 	6.6   	53    	9.5      	275   	9.5        	-0.9       	3965      	-2.4
832       	17:13:55  	636.6 	6.5   	53    	9.4      	275   	9.4        	-0.8       	3971      	-2.4
834       	17:13:57  	636.1 	6.5   	53    	9.4      	275   	9.4        	-0.8       	3977      	-2.4
836       	17:13:59  	635.7 	6.5   	53    	9.3      	274   	9.3        	-0.7       	3983      	-2.4
838       	17:14:01  	635.3 	6.4   	53    	9.3      	274   	9.3        	-0.6       	3988      	-2.4
840       	17:14:03  	634.8 	6.4   	53    	9.2      	274   	9.2        	-0.6       	3994      	-2.5
842       	17:14:05  	634.4 	6.3   	53    	9.2      	274   	9.2        	-0.6       	4000      	-2.5
844       	17:14:07  	633.9 	6.3   	53    	9.2      	273   	9.2        	-0.5       	4005      	-2.5
846       	17:14:09  	633.5 	6.2   	53    	9.1      	273   	9.1        	-0.5       	4011      	-2.5
848       	17:14:11  	633.1 	6.2   	54    	9.1      	273   	9.1        	-0.4       	4017      	-2.5
850       	17:14:13  	632.6 	6.1   	54    	9.0      	273   	9.0        	-0.4       	4023      	-2.5
852       	17:14:15  	632.2 	6.1   	54    	9.0      	273   	9.0        	-0.4       	4028      	-2.5
854       	17:14:17  	631.7 	6.0   	54    	9.0      	272   	9.0        	-0.3       	4034      	-2.5
856       	17:14:19  	631.3 	6.0   	54    	9.0      	272   	9.0        	-0.3       	4040      	-2.6
858       	17:14:21  	630.8 	5.9   	54    	9.0      	272   	9.0        	-0.3       	4045      	-2.6
860       	17:14:23  	630.4 	5.9   	54    	9.0      	272   	9.0        	-0.3       	4051      	-2.6
862       	17:14:25  	630.0 	5.9   	54    	9.0      	272   	9.0        	-0.3       	4057      	-2.6
864       	17:14:27  	629.5 	5.8   	54    	9.1      	271   	9.1        	-0.2       	4063      	-2.6
866       	17:14:29  	629.1 	5.8   	54    	9.2      	271   	9.2        	-0.2       	4069      	-2.7
868       	17:14:31  	628.6 	5.7   	54    	9.2      	271   	9.2        	-0.2       	4074      	-2.7
870       	17:14:33  	628.2 	5.7   	55    	9.3      	271   	9.3        	-0.2       	4080      	-2.7
872       	17:14:35  	627.7 	5.6   	55    	9.4      	272   	9.4        	-0.3       	4086      	-2.7
874       	17:14:37  	627.3 	5.6   	55    	9.5      	272   	9.5        	-0.3       	4091      	-2.7
876       	17:14:39  	626.9 	5.5   	55    	9.6      	272   	9.6        	-0.4       	4097      	-2.7
878       	17:14:41  	626.5 	5.5   	55    	9.6      	272   	9.6        	-0.4       	4102      	-2.8
880       	17:14:43  	626.1 	5.4   	55    	9.7      	273   	9.7        	-0.5       	4108      	-2.8
882       	17:14:45  	625.7 	5.4   	55    	9.7      	274   	9.7        	-0.6       	4113      	-2.8
884       	17:14:47  	625.2 	5.3   	55    	9.7      	274   	9.7        	-0.6       	4118      	-2.9
886       	17:14:49  	624.8 	5.3   	56    	9.8      	274   	9.8        	-0.6       	4124      	-2.9
888       	17:14:51  	624.4 	5.2   	56    	9.8      	274   	9.8        	-0.7       	4129      	-2.9
890       	17:14:53  	624.0 	5.1   	56    	9.9      	274   	9.9        	-0.7       	4135      	-2.9
892       	17:14:55  	623.6 	5.1   	56    	9.9      	274   	9.9        	-0.7       	4141      	-3.0
894       	17:14:57  	623.1 	5.0   	56    	9.9      	274   	9.9        	-0.7       	4146      	-3.0
896       	17:14:59  	622.7 	5.0   	56    	9.9      	274   	9.9        	-0.7       	4152      	-3.0
898       	17:15:01  	622.3 	4.9   	56    	9.9      	274   	9.9        	-0.7       	4157      	-3.0
900       	17:15:03  	621.8 	4.9   	56    	9.9      	274   	9.9        	-0.7       	4163      	-3.1
902       	17:15:05  	621.4 	4.8   	56    	9.9      	274   	9.9        	-0.7       	4169      	-3.1
904       	17:15:07  	620.9 	4.7   	56    	9.9      	274   	9.9        	-0.7       	4175      	-3.2
906       	17:15:09  	620.5 	4.7   	56    	9.9      	274   	9.9        	-0.7       	4181      	-3.2
908       	17:15:11  	620.0 	4.7   	57    	9.9      	274   	9.9        	-0.7       	4188      	-3.2
910       	17:15:13  	619.5 	4.6   	57    	9.8      	274   	9.8        	-0.7       	4194      	-3.2
912       	17:15:15  	619.0 	4.5   	57    	9.8      	274   	9.8        	-0.7       	4200      	-3.2
914       	17:15:17  	618.6 	4.5   	57    	9.8      	275   	9.8        	-0.8       	4206      	-3.2
916       	17:15:19  	618.1 	4.5   	57    	9.7      	275   	9.7        	-0.9       	4212      	-3.3
918       	17:15:21  	617.6 	4.4   	57    	9.7      	275   	9.7        	-0.9       	4219      	-3.3
920       	17:15:23  	617.1 	4.3   	57    	9.8      	276   	9.7        	-1.0       	4225      	-3.4
922       	17:15:25  	616.7 	4.3   	57    	9.7      	276   	9.6        	-1.0       	4231      	-3.4
924       	17:15:27  	616.2 	4.2   	57    	9.7      	277   	9.6        	-1.2       	4237      	-3.4
926       	17:15:29  	615.7 	4.2   	57    	9.6      	278   	9.5        	-1.4       	4243      	-3.4
928       	17:15:31  	615.3 	4.1   	58    	9.5      	280   	9.4        	-1.6       	4250      	-3.5
930       	17:15:33  	614.8 	4.1   	58    	9.5      	280   	9.3        	-1.7       	4256      	-3.5
932       	17:15:35  	614.3 	4.0   	58    	9.5      	282   	9.3        	-1.9       	4262      	-3.5
934       	17:15:37  	613.9 	4.0   	58    	9.4      	282   	9.2        	-2.0       	4268      	-3.5
936       	17:15:39  	613.4 	3.9   	58    	9.4      	284   	9.1        	-2.2       	4274      	-3.5
938       	17:15:41  	613.0 	3.8   	58    	9.3      	284   	9.0        	-2.3       	4280      	-3.5
940       	17:15:43  	612.6 	3.8   	59    	9.2      	286   	8.9        	-2.5       	4285      	-3.5
942       	17:15:45  	612.2 	3.7   	59    	9.2      	287   	8.8        	-2.7       	4290      	-3.6
944       	17:15:47  	611.8 	3.7   	59    	9.2      	287   	8.8        	-2.7       	4295      	-3.6
946       	17:15:49  	611.4 	3.7   	59    	9.2      	288   	8.8        	-2.8       	4301      	-3.6
948       	17:15:51  	611.0 	3.6   	59    	9.1      	288   	8.7        	-2.8       	4306      	-3.6
950       	17:15:53  	610.6 	3.6   	59    	9.0      	288   	8.6        	-2.8       	4311      	-3.6
952       	17:15:55  	610.2 	3.5   	59    	9.0      	289   	8.5        	-2.9       	4317      	-3.6
954       	17:15:57  	609.8 	3.5   	59    	8.8      	289   	8.3        	-2.9       	4322      	-3.6
956       	17:15:59  	609.4 	3.4   	59    	8.7      	289   	8.2        	-2.9       	4327      	-3.7
958       	17:16:01  	609.0 	3.4   	60    	8.7      	289   	8.2        	-2.9       	4333      	-3.7
960       	17:16:03  	608.6 	3.3   	60    	8.6      	289   	8.1        	-2.8       	4339      	-3.7
962       	17:16:05  	608.1 	3.3   	60    	8.5      	289   	8.0        	-2.8       	4344      	-3.7
964       	17:16:07  	607.7 	3.2   	60    	8.3      	289   	7.8        	-2.7       	4350      	-3.7
966       	17:16:09  	607.3 	3.2   	60    	8.2      	289   	7.7        	-2.7       	4355      	-3.7
968       	17:16:11  	606.9 	3.1   	61    	8.1      	290   	7.6        	-2.7       	4361      	-3.7
970       	17:16:13  	606.5 	3.1   	61    	8.0      	289   	7.6        	-2.6       	4366      	-3.7
972       	17:16:15  	606.1 	3.0   	61    	7.9      	289   	7.5        	-2.6       	4372      	-3.7
974       	17:16:17  	605.7 	3.0   	61    	7.9      	289   	7.5        	-2.6       	4377      	-3.7
976       	17:16:19  	605.3 	2.9   	61    	7.9      	288   	7.5        	-2.5       	4382      	-3.8
978       	17:16:21  	604.9 	2.8   	61    	7.8      	289   	7.4        	-2.5       	4388      	-3.8
980       	17:16:23  	604.5 	2.8   	61    	7.8      	289   	7.4        	-2.5       	4393      	-3.9
982       	17:16:25  	604.1 	2.7   	62    	7.8      	289   	7.4        	-2.5       	4399      	-3.9
984       	17:16:27  	603.7 	2.7   	62    	7.8      	289   	7.4        	-2.5       	4404      	-3.9
986       	17:16:29  	603.2 	2.7   	62    	7.8      	289   	7.4        	-2.5       	4410      	-3.9
988       	17:16:31  	602.8 	2.6   	62    	7.8      	289   	7.4        	-2.5       	4416      	-3.9
990       	17:16:33  	602.4 	2.6   	62    	7.7      	289   	7.3        	-2.5       	4421      	-4.0
992       	17:16:35  	602.0 	2.5   	62    	7.6      	289   	7.2        	-2.5       	4426      	-4.0
994       	17:16:37  	601.6 	2.5   	62    	7.6      	289   	7.2        	-2.5       	4431      	-4.0
996       	17:16:39  	601.2 	2.4   	62    	7.5      	289   	7.1        	-2.4       	4437      	-4.0
998       	17:16:41  	600.8 	2.4   	62    	7.5      	289   	7.1        	-2.4       	4442      	-4.0
1000      	17:16:43  	600.4 	2.3   	62    	7.4      	289   	7.0        	-2.4       	4448      	-4.1
1002      	17:16:45  	600.0 	2.3   	62    	7.2      	289   	6.8        	-2.4       	4453      	-4.1
1004      	17:16:47  	599.7 	2.2   	63    	7.1      	290   	6.7        	-2.4       	4458      	-4.1
1006      	17:16:49  	599.3 	2.2   	63    	6.9      	290   	6.5        	-2.4       	4464      	-4.2
1008      	17:16:51  	598.9 	2.1   	63    	6.8      	291   	6.4        	-2.4       	4469      	-4.2
1010      	17:16:53  	598.5 	2.1   	63    	6.7      	291   	6.3        	-2.4       	4474      	-4.2
1012      	17:16:55  	598.1 	2.1   	63    	6.6      	291   	6.2        	-2.4       	4479      	-4.2
1014      	17:16:57  	597.8 	2.0   	63    	6.5      	292   	6.0        	-2.4       	4483      	-4.2
1016      	17:16:59  	597.4 	2.0   	63    	6.4      	292   	5.9        	-2.4       	4488      	-4.2
1018      	17:17:01  	597.0 	1.9   	63    	6.3      	293   	5.8        	-2.5       	4493      	-4.2
1020      	17:17:03  	596.7 	1.9   	63    	6.1      	294   	5.6        	-2.5       	4498      	-4.3
1022      	17:17:05  	596.3 	1.9   	63    	6.1      	294   	5.6        	-2.5       	4503      	-4.3
1024      	17:17:07  	595.9 	1.8   	64    	6.1      	294   	5.6        	-2.5       	4509      	-4.3
1026      	17:17:09  	595.5 	1.8   	64    	6.1      	294   	5.6        	-2.5       	4514      	-4.4
1028      	17:17:11  	595.1 	1.7   	64    	6.1      	295   	5.5        	-2.6       	4520      	-4.5
1030      	17:17:13  	594.7 	1.6   	64    	6.1      	296   	5.5        	-2.7       	4525      	-4.5
1032      	17:17:15  	594.3 	1.6   	63    	6.2      	297   	5.5        	-2.8       	4531      	-4.6
1034      	17:17:17  	593.9 	1.5   	63    	6.2      	298   	5.5        	-2.9       	4537      	-4.6
1036      	17:17:19  	593.5 	1.5   	63    	6.2      	298   	5.5        	-2.9       	4542      	-4.7
1038      	17:17:21  	593.1 	1.5   	63    	6.4      	298   	5.6        	-3.0       	4547      	-4.7
1040      	17:17:23  	592.7 	1.5   	63    	6.4      	299   	5.6        	-3.1       	4553      	-4.8
1042      	17:17:25  	592.3 	1.4   	63    	6.5      	301   	5.6        	-3.3       	4558      	-4.8
1044      	17:17:27  	591.9 	1.4   	63    	6.7      	302   	5.7        	-3.5       	4563      	-4.8
1046      	17:17:29  	591.5 	1.4   	63    	6.8      	303   	5.7        	-3.7       	4568      	-4.8
1048      	17:17:31  	591.2 	1.4   	63    	6.9      	304   	5.7        	-3.8       	4573      	-4.8
1050      	17:17:33  	590.8 	1.3   	63    	6.9      	304   	5.7        	-3.9       	4578      	-4.8
1052      	17:17:35  	590.4 	1.3   	64    	7.1      	305   	5.8        	-4.1       	4584      	-4.8
1054      	17:17:37  	590.0 	1.2   	64    	7.2      	305   	5.9        	-4.2       	4590      	-4.8
1056      	17:17:39  	589.6 	1.2   	64    	7.4      	306   	6.0        	-4.4       	4595      	-4.8
1058      	17:17:41  	589.1 	1.2   	65    	7.6      	307   	6.1        	-4.6       	4601      	-4.8
1060      	17:17:43  	588.7 	1.1   	65    	7.8      	307   	6.2        	-4.7       	4606      	-4.7
1062      	17:17:45  	588.3 	1.1   	65    	7.9      	307   	6.3        	-4.8       	4612      	-4.7
1064      	17:17:47  	587.9 	1.0   	65    	8.1      	307   	6.4        	-4.9       	4618      	-4.8
1066      	17:17:49  	587.5 	1.0   	65    	8.2      	308   	6.5        	-5.0       	4624      	-4.8
1068      	17:17:51  	587.0 	0.9   	65    	8.4      	308   	6.6        	-5.2       	4630      	-4.8
1070      	17:17:53  	586.6 	0.9   	66    	8.5      	308   	6.7        	-5.3       	4635      	-4.8
1072      	17:17:55  	586.2 	0.8   	66    	8.7      	308   	6.8        	-5.4       	4641      	-4.8
1074      	17:17:57  	585.8 	0.8   	66    	8.7      	309   	6.8        	-5.5       	4647      	-4.8
1076      	17:17:59  	585.4 	0.7   	66    	8.8      	309   	6.8        	-5.6       	4652      	-4.8
1078      	17:18:01  	585.0 	0.7   	66    	8.9      	310   	6.8        	-5.7       	4658      	-4.8
1080      	17:18:03  	584.6 	0.6   	67    	9.0      	310   	6.9        	-5.8       	4663      	-4.8
1082      	17:18:05  	584.3 	0.6   	67    	9.1      	311   	6.9        	-5.9       	4668      	-4.8
1084      	17:18:07  	583.9 	0.6   	67    	9.2      	311   	7.0        	-6.0       	4673      	-4.8
1086      	17:18:09  	583.5 	0.5   	67    	9.3      	311   	7.0        	-6.1       	4678      	-4.9
1088      	17:18:11  	583.2 	0.5   	67    	9.4      	311   	7.1        	-6.1       	4683      	-4.9
1090      	17:18:13  	582.8 	0.5   	67    	9.4      	311   	7.1        	-6.2       	4687      	-4.9
1092      	17:18:15  	582.5 	0.4   	67    	9.5      	311   	7.2        	-6.2       	4692      	-5.0
1094      	17:18:17  	582.1 	0.4   	66    	9.6      	310   	7.3        	-6.2       	4697      	-5.2
1096      	17:18:19  	581.7 	0.4   	65    	9.7      	310   	7.4        	-6.2       	4703      	-5.5
1098      	17:18:21  	581.3 	0.4   	63    	9.7      	310   	7.5        	-6.2       	4709      	-5.8
1100      	17:18:23  	580.9 	0.4   	61    	9.7      	310   	7.5        	-6.2       	4714      	-6.1
1102      	17:18:25  	580.5 	0.4   	60    	9.7      	309   	7.6        	-6.1       	4720      	-6.5
1104      	17:18:27  	580.1 	0.4   	58    	9.8      	308   	7.7        	-6.1       	4725      	-6.8
1106      	17:18:29  	579.7 	0.4   	57    	10.0     	308   	7.9        	-6.1       	4731      	-7.2
1108      	17:18:31  	579.3 	0.4   	55    	10.1     	307   	8.1        	-6.1       	4736      	-7.5
1110      	17:18:33  	578.9 	0.3   	55    	10.2     	307   	8.2        	-6.1       	4742      	-7.7
1112      	17:18:35  	578.5 	0.3   	54    	10.4     	306   	8.4        	-6.2       	4747      	-7.8
1114      	17:18:37  	578.1 	0.2   	54    	10.5     	306   	8.5        	-6.2       	4752      	-7.9
1116      	17:18:39  	577.8 	0.2   	54    	10.7     	306   	8.6        	-6.3       	4757      	-8.0
1118      	17:18:41  	577.4 	0.2   	54    	10.9     	306   	8.8        	-6.4       	4763      	-8.1
1120      	17:18:43  	577.0 	0.1   	53    	11.0     	306   	8.9        	-6.5       	4768      	-8.2
1122      	17:18:45  	576.6 	0.1   	53    	11.2     	306   	9.1        	-6.6       	4774      	-8.3
1124      	17:18:47  	576.2 	0.0   	53    	11.4     	306   	9.2        	-6.7       	4779      	-8.3
1126      	17:18:49  	575.8 	-0.0  	53    	11.4     	306   	9.2        	-6.8       	4785      	-8.4
1128      	17:18:51  	575.4 	-0.0  	53    	11.5     	307   	9.2        	-6.9       	4790      	-8.5
1130      	17:18:53  	575.0 	-0.1  	52    	11.6     	307   	9.3        	-7.0       	4796      	-8.6
1132      	17:18:55  	574.6 	-0.1  	52    	11.8     	307   	9.4        	-7.1       	4801      	-8.9
1134      	17:18:57  	574.2 	-0.2  	51    	11.8     	307   	9.4        	-7.1       	4807      	-9.1
1136      	17:18:59  	573.7 	-0.2  	50    	11.9     	307   	9.5        	-7.2       	4814      	-9.4
1138      	17:19:01  	573.2 	-0.3  	49    	11.9     	307   	9.5        	-7.2       	4821      	-9.7
1140      	17:19:03  	572.7 	-0.3  	48    	12.0     	308   	9.5        	-7.3       	4828      	-10.0
1142      	17:19:05  	572.1 	-0.4  	47    	12.1     	307   	9.6        	-7.3       	4836      	-10.2
1144      	17:19:07  	571.6 	-0.4  	47    	12.1     	307   	9.7        	-7.2       	4843      	-10.4
1146      	17:19:09  	571.1 	-0.4  	46    	12.2     	306   	9.9        	-7.2       	4851      	-10.7
1148      	17:19:11  	570.6 	-0.5  	44    	12.4     	305   	10.1       	-7.2       	4857      	-11.0
1150      	17:19:13  	570.1 	-0.5  	43    	12.4     	305   	10.2       	-7.1       	4864      	-11.4
1152      	17:19:15  	569.7 	-0.5  	42    	12.5     	305   	10.3       	-7.1       	4870      	-11.8
1154      	17:19:17  	569.1 	-0.5  	40    	12.6     	304   	10.5       	-7.0       	4878      	-12.2
1156      	17:19:19  	568.6 	-0.5  	39    	12.7     	303   	10.7       	-6.9       	4885      	-12.8
1158      	17:19:21  	568.1 	-0.5  	37    	12.9     	302   	11.0       	-6.8       	4892      	-13.3
1160      	17:19:23  	567.5 	-0.6  	36    	13.2     	300   	11.4       	-6.7       	4901      	-13.8
1162      	17:19:25  	567.0 	-0.6  	35    	13.4     	299   	11.7       	-6.5       	4909      	-14.2
1164      	17:19:27  	566.4 	-0.7  	34    	13.5     	298   	11.9       	-6.4       	4916      	-14.4
1166      	17:19:29  	565.9 	-0.7  	34    	13.7     	298   	12.1       	-6.4       	4924      	-14.6
1168      	17:19:31  	565.4 	-0.8  	33    	13.8     	297   	12.3       	-6.3       	4931      	-14.9
1170      	17:19:33  	564.8 	-0.8  	32    	14.1     	296   	12.7       	-6.2       	4939      	-15.2
1172      	17:19:35  	564.3 	-0.9  	32    	14.5     	295   	13.2       	-6.1       	4946      	-15.5
1174      	17:19:37  	563.7 	-0.9  	31    	14.9     	294   	13.6       	-6.0       	4954      	-15.7
1176      	17:19:39  	563.1 	-1.0  	31    	15.2     	293   	14.0       	-6.0       	4963      	-15.9
1178      	17:19:41  	562.5 	-1.1  	31    	15.4     	293   	14.2       	-6.0       	4971      	-16.1
1180      	17:19:43  	561.9 	-1.1  	30    	15.6     	293   	14.4       	-6.0       	4980      	-16.3
1182      	17:19:45  	561.4 	-1.2  	30    	16.0     	292   	14.8       	-6.0       	4988      	-16.4
1184      	17:19:47  	560.8 	-1.2  	30    	16.2     	292   	15.1       	-6.0       	4996      	-16.4
1186      	17:19:49  	560.2 	-1.3  	30    	16.5     	291   	15.4       	-6.0       	5004      	-16.5
1188      	17:19:51  	559.7 	-1.4  	30    	16.8     	291   	15.7       	-6.0       	5011      	-16.6
1190      	17:19:53  	559.1 	-1.4  	30    	16.9     	291   	15.8       	-6.1       	5019      	-16.7
1192      	17:19:55  	558.6 	-1.5  	30    	16.9     	291   	15.8       	-6.1       	5027      	-16.8
1194      	17:19:57  	558.0 	-1.5  	30    	17.1     	291   	16.0       	-6.1       	5035      	-16.9
1196      	17:19:59  	557.5 	-1.6  	30    	17.4     	291   	16.3       	-6.1       	5043      	-17.0
1198      	17:20:01  	557.0 	-1.7  	30    	17.8     	290   	16.7       	-6.1       	5050      	-17.1
1200      	17:20:03  	556.5 	-1.7  	30    	18.1     	290   	17.0       	-6.2       	5057      	-17.1
1202      	17:20:05  	556.0 	-1.8  	30    	18.4     	290   	17.3       	-6.2       	5064      	-17.2
1204      	17:20:07  	555.4 	-1.9  	29    	18.7     	289   	17.6       	-6.2       	5072      	-17.3
1206      	17:20:09  	554.9 	-1.9  	29    	18.8     	289   	17.8       	-6.2       	5080      	-17.4
1208      	17:20:11  	554.4 	-2.0  	29    	19.3     	289   	18.3       	-6.2       	5087      	-17.5
1210      	17:20:13  	553.8 	-2.0  	29    	19.8     	289   	18.8       	-6.3       	5095      	-17.6
1212      	17:20:15  	553.3 	-2.1  	29    	20.3     	288   	19.3       	-6.3       	5103      	-17.7
1214      	17:20:17  	552.7 	-2.2  	29    	20.8     	288   	19.8       	-6.4       	5111      	-17.8
1216      	17:20:19  	552.2 	-2.2  	29    	21.1     	288   	20.1       	-6.4       	5118      	-17.9
1218      	17:20:21  	551.7 	-2.3  	28    	21.3     	288   	20.3       	-6.5       	5126      	-18.0
1220      	17:20:23  	551.2 	-2.3  	28    	21.6     	288   	20.6       	-6.6       	5133      	-18.1
1222      	17:20:25  	550.7 	-2.4  	29    	22.1     	288   	21.0       	-6.8       	5140      	-18.0
1224      	17:20:27  	550.2 	-2.4  	29    	22.4     	288   	21.3       	-7.0       	5148      	-17.9
1226      	17:20:29  	549.7 	-2.5  	29    	22.9     	288   	21.7       	-7.2       	5154      	-17.9
1228      	17:20:31  	549.3 	-2.5  	29    	23.1     	289   	21.9       	-7.4       	5161      	-17.9
1230      	17:20:33  	548.8 	-2.6  	30    	23.3     	289   	22.0       	-7.6       	5168      	-17.8
1232      	17:20:35  	548.4 	-2.6  	30    	23.4     	289   	22.1       	-7.8       	5174      	-17.8
1234      	17:20:37  	547.9 	-2.6  	30    	23.7     	290   	22.3       	-8.0       	5180      	-17.6
1236      	17:20:39  	547.5 	-2.7  	31    	24.1     	290   	22.7       	-8.1       	5186      	-17.5
1238      	17:20:41  	547.0 	-2.7  	31    	24.5     	290   	23.0       	-8.3       	5193      	-17.5
1240      	17:20:43  	546.5 	-2.8  	31    	24.8     	290   	23.3       	-8.4       	5200      	-17.4
1242      	17:20:45  	546.0 	-2.8  	32    	24.9     	290   	23.4       	-8.4       	5207      	-17.2
1244      	17:20:47  	545.6 	-2.9  	32    	25.1     	290   	23.6       	-8.4       	5214      	-17.1
1246      	17:20:49  	545.1 	-2.9  	33    	25.3     	289   	23.9       	-8.3       	5222      	-17.0
1248      	17:20:51  	544.6 	-3.0  	33    	25.7     	289   	24.4       	-8.2       	5228      	-17.0
1250      	17:20:53  	544.1 	-3.1  	33    	26.1     	288   	24.8       	-8.1       	5235      	-16.9
1252      	17:20:55  	543.7 	-3.1  	33    	26.5     	287   	25.3       	-7.9       	5242      	-16.9
1254      	17:20:57  	543.2 	-3.1  	34    	26.8     	287   	25.6       	-7.8       	5249      	-16.9
1256      	17:20:59  	542.7 	-3.2  	34    	26.9     	287   	25.8       	-7.7       	5256      	-16.9
1258      	17:21:01  	542.2 	-3.2  	34    	27.2     	286   	26.1       	-7.6       	5263      	-16.8
1260      	17:21:03  	541.8 	-3.3  	34    	27.6     	286   	26.6       	-7.5       	5270      	-16.7
1262      	17:21:05  	541.3 	-3.3  	35    	28.1     	285   	27.1       	-7.5       	5277      	-16.6
1264      	17:21:07  	540.9 	-3.4  	35    	28.7     	285   	27.7       	-7.4       	5283      	-16.6
1266      	17:21:09  	540.4 	-3.4  	35    	29.1     	285   	28.1       	-7.4       	5290      	-16.6
1268      	17:21:11  	540.0 	-3.5  	35    	29.4     	285   	28.4       	-7.5       	5296      	-16.6
1270      	17:21:13  	539.6 	-3.5  	35    	29.7     	285   	28.7       	-7.6       	5302      	-16.6
1272      	17:21:15  	539.1 	-3.6  	36    	30.0     	285   	29.0       	-7.6       	5308      	-16.6
1274      	17:21:17  	538.7 	-3.7  	36    	30.3     	285   	29.3       	-7.6       	5314      	-16.6
1276      	17:21:19  	538.3 	-3.7  	36    	30.7     	284   	29.7       	-7.6       	5320      	-16.6
1278      	17:21:21  	537.9 	-3.8  	36    	30.9     	284   	30.0       	-7.6       	5326      	-16.6
1280      	17:21:23  	537.5 	-3.8  	36    	31.0     	284   	30.1       	-7.6       	5332      	-16.6
1282      	17:21:25  	537.1 	-3.9  	36    	31.0     	284   	30.1       	-7.5       	5338      	-16.7
1284      	17:21:27  	536.7 	-3.9  	36    	31.1     	284   	30.2       	-7.4       	5343      	-16.7
1286      	17:21:29  	536.3 	-4.0  	36    	31.3     	284   	30.4       	-7.3       	5350      	-16.6
1288      	17:21:31  	535.9 	-4.1  	37    	31.4     	283   	30.6       	-7.2       	5356      	-16.6
1290      	17:21:33  	535.4 	-4.1  	37    	31.6     	283   	30.8       	-7.1       	5362      	-16.6
1292      	17:21:35  	535.0 	-4.2  	37    	31.7     	283   	30.9       	-7.0       	5369      	-16.5
1294      	17:21:37  	534.5 	-4.3  	38    	31.8     	283   	31.0       	-7.0       	5376      	-16.5
1296      	17:21:39  	534.0 	-4.3  	38    	32.0     	283   	31.2       	-7.0       	5383      	-16.5
1298      	17:21:41  	533.6 	-4.4  	38    	32.2     	282   	31.5       	-6.9       	5390      	-16.5
1300      	17:21:43  	533.1 	-4.4  	39    	32.5     	282   	31.8       	-6.7       	5397      	-16.3
1302      	17:21:45  	532.7 	-4.5  	39    	32.9     	282   	32.2       	-6.6       	5403      	-16.2
1304      	17:21:47  	532.2 	-4.5  	40    	33.2     	281   	32.6       	-6.4       	5410      	-15.9
1306      	17:21:49  	531.8 	-4.5  	41    	33.4     	281   	32.8       	-6.3       	5416      	-15.7
1308      	17:21:51  	531.3 	-4.6  	42    	33.7     	280   	33.1       	-6.1       	5423      	-15.4
1310      	17:21:53  	530.9 	-4.6  	43    	33.9     	280   	33.4       	-6.0       	5429      	-15.1
1312      	17:21:55  	530.5 	-4.6  	44    	34.3     	279   	33.8       	-5.6       	5436      	-14.8
1314      	17:21:57  	530.1 	-4.6  	46    	34.6     	279   	34.2       	-5.2       	5442      	-14.5
1316      	17:21:59  	529.7 	-4.6  	47    	35.0     	278   	34.7       	-4.8       	5448      	-14.3
1318      	17:22:01  	529.3 	-4.6  	47    	35.2     	277   	34.9       	-4.5       	5453      	-14.0
1320      	17:22:03  	528.9 	-4.6  	48    	35.4     	277   	35.1       	-4.3       	5459      	-13.9
1322      	17:22:05  	528.6 	-4.6  	49    	35.5     	277   	35.3       	-4.1       	5464      	-13.8
1324      	17:22:07  	528.2 	-4.6  	49    	35.8     	276   	35.6       	-3.7       	5470      	-13.6
1326      	17:22:09  	527.9 	-4.7  	50    	36.1     	275   	35.9       	-3.3       	5475      	-13.5
1328      	17:22:11  	527.5 	-4.7  	50    	36.2     	275   	36.1       	-3.0       	5479      	-13.4
1330      	17:22:13  	527.2 	-4.7  	50    	36.5     	274   	36.4       	-2.6       	5484      	-13.4
1332      	17:22:15  	526.9 	-4.7  	50    	36.6     	274   	36.5       	-2.5       	5489      	-13.4
1334      	17:22:17  	526.6 	-4.8  	50    	36.7     	274   	36.6       	-2.3       	5494      	-13.4
1336      	17:22:19  	526.2 	-4.8  	50    	36.8     	273   	36.7       	-2.2       	5499      	-13.5
1338      	17:22:21  	525.9 	-4.8  	51    	36.8     	273   	36.8       	-1.9       	5504      	-13.5
1340      	17:22:23  	525.5 	-4.9  	51    	36.8     	272   	36.8       	-1.6       	5509      	-13.5
1342      	17:22:25  	525.2 	-4.9  	51    	36.9     	272   	36.9       	-1.3       	5515      	-13.5
1344      	17:22:27  	524.9 	-4.9  	51    	36.9     	272   	36.9       	-1.1       	5520      	-13.5
1346      	17:22:29  	524.5 	-5.0  	51    	36.8     	271   	36.8       	-0.9       	5525      	-13.6
1348      	17:22:31  	524.2 	-5.0  	51    	36.8     	271   	36.8       	-0.8       	5529      	-13.6
1350      	17:22:33  	523.9 	-5.0  	51    	36.7     	271   	36.7       	-0.5       	5534      	-13.6
1352      	17:22:35  	523.6 	-5.1  	51    	36.6     	270   	36.6       	-0.3       	5539      	-13.6
1354      	17:22:37  	523.2 	-5.1  	51    	36.5     	270   	36.5       	0.0        	5544      	-13.6
1356      	17:22:39  	522.9 	-5.2  	51    	36.4     	270   	36.4       	0.2        	5549      	-13.7
1358      	17:22:41  	522.6 	-5.2  	51    	36.3     	270   	36.3       	0.3        	5554      	-13.7
1360      	17:22:43  	522.3 	-5.2  	51    	36.2     	269   	36.2       	0.4        	5558      	-13.7
1362      	17:22:45  	522.0 	-5.3  	51    	36.2     	269   	36.2       	0.5        	5563      	-13.7
1364      	17:22:47  	521.6 	-5.3  	51    	36.1     	269   	36.1       	0.7        	5568      	-13.7
1366      	17:22:49  	521.3 	-5.3  	51    	36.0     	269   	36.0       	0.9        	5573      	-13.7
1368      	17:22:51  	521.0 	-5.4  	51    	36.0     	268   	36.0       	1.1        	5578      	-13.7
1370      	17:22:53  	520.7 	-5.4  	52    	35.9     	268   	35.9       	1.3        	5583      	-13.7
1372      	17:22:55  	520.4 	-5.4  	52    	35.9     	268   	35.9       	1.3        	5587      	-13.8
1374      	17:22:57  	520.0 	-5.5  	52    	36.0     	268   	36.0       	1.4        	5592      	-13.8
1376      	17:22:59  	519.7 	-5.5  	52    	36.0     	267   	36.0       	1.6        	5597      	-13.8
1378      	17:23:01  	519.4 	-5.5  	52    	36.0     	267   	36.0       	1.7        	5602      	-13.8
1380      	17:23:03  	519.0 	-5.6  	52    	36.0     	267   	36.0       	1.8        	5607      	-13.9
1382      	17:23:05  	518.7 	-5.6  	52    	36.1     	267   	36.0       	1.9        	5612      	-13.9
1384      	17:23:07  	518.4 	-5.7  	52    	36.1     	267   	36.0       	1.9        	5617      	-13.9
1386      	17:23:09  	518.0 	-5.7  	52    	36.1     	267   	36.0       	2.0        	5623      	-14.0
1388      	17:23:11  	517.7 	-5.8  	52    	36.1     	267   	36.0       	2.0        	5628      	-14.0
1390      	17:23:13  	517.4 	-5.8  	52    	36.1     	267   	36.0       	2.1        	5633      	-14.0
1392      	17:23:15  	517.0 	-5.9  	52    	36.1     	267   	36.0       	2.1        	5638      	-14.1
1394      	17:23:17  	516.7 	-5.9  	52    	36.1     	267   	36.0       	2.2        	5643      	-14.1
1396      	17:23:19  	516.3 	-6.0  	52    	36.1     	267   	36.0       	2.2        	5648      	-14.1
1398      	17:23:21  	516.0 	-6.0  	52    	36.1     	266   	36.0       	2.3        	5653      	-14.1
1400      	17:23:23  	515.6 	-6.1  	52    	36.1     	266   	36.0       	2.3        	5659      	-14.2
1402      	17:23:25  	515.3 	-6.1  	53    	36.1     	266   	36.0       	2.4        	5664      	-14.2
1404      	17:23:27  	514.9 	-6.2  	53    	36.2     	266   	36.1       	2.4        	5670      	-14.2
1406      	17:23:29  	514.5 	-6.2  	53    	36.2     	266   	36.1       	2.5        	5676      	-14.2
1408      	17:23:31  	514.2 	-6.3  	53    	36.2     	266   	36.1       	2.6        	5681      	-14.2
1410      	17:23:33  	513.8 	-6.3  	53    	36.2     	266   	36.1       	2.6        	5687      	-14.2
1412      	17:23:35  	513.4 	-6.4  	53    	36.3     	266   	36.2       	2.7        	5692      	-14.3
1414      	17:23:37  	513.1 	-6.4  	53    	36.3     	266   	36.2       	2.7        	5698      	-14.3
1416      	17:23:39  	512.7 	-6.5  	53    	36.5     	266   	36.4       	2.8        	5703      	-14.3
1418      	17:23:41  	512.3 	-6.5  	54    	36.6     	266   	36.5       	2.8        	5709      	-14.3
1420      	17:23:43  	511.9 	-6.6  	54    	36.7     	265   	36.6       	2.9        	5715      	-14.3
1422      	17:23:45  	511.6 	-6.6  	54    	36.8     	265   	36.7       	2.9        	5721      	-14.3
1424      	17:23:47  	511.2 	-6.7  	54    	36.9     	265   	36.8       	2.9        	5726      	-14.3
1426      	17:23:49  	510.8 	-6.7  	54    	37.0     	265   	36.9       	3.0        	5732      	-14.4
1428      	17:23:51  	510.4 	-6.8  	55    	37.1     	266   	37.0       	2.9        	5738      	-14.4
1430      	17:23:53  	510.0 	-6.8  	55    	37.2     	266   	37.1       	2.9        	5744      	-14.4
1432      	17:23:55  	509.6 	-6.9  	55    	37.3     	266   	37.2       	2.9        	5750      	-14.4
1434      	17:23:57  	509.2 	-7.0  	55    	37.4     	266   	37.3       	2.9        	5756      	-14.4
1436      	17:23:59  	508.9 	-7.0  	55    	37.3     	266   	37.2       	2.8        	5762      	-14.4
1438      	17:24:01  	508.5 	-7.1  	55    	37.3     	266   	37.2       	2.8        	5768      	-14.4
1440      	17:24:03  	508.1 	-7.1  	56    	37.3     	266   	37.2       	2.8        	5774      	-14.5
1442      	17:24:05  	507.7 	-7.2  	56    	37.3     	266   	37.2       	2.7        	5780      	-14.5
1444      	17:24:07  	507.3 	-7.2  	56    	37.3     	266   	37.2       	2.6        	5786      	-14.5
1446      	17:24:09  	506.9 	-7.3  	56    	37.3     	266   	37.2       	2.6        	5792      	-14.5
1448      	17:24:11  	506.5 	-7.3  	56    	37.3     	266   	37.2       	2.6        	5798      	-14.5
1450      	17:24:13  	506.1 	-7.4  	57    	37.3     	266   	37.2       	2.6        	5804      	-14.5
1452      	17:24:15  	505.7 	-7.5  	57    	37.3     	266   	37.2       	2.6        	5810      	-14.5
1454      	17:24:17  	505.3 	-7.5  	57    	37.3     	266   	37.2       	2.6        	5816      	-14.5
1456      	17:24:19  	504.9 	-7.6  	57    	37.3     	266   	37.2       	2.6        	5823      	-14.6
1458      	17:24:21  	504.5 	-7.6  	57    	37.3     	266   	37.2       	2.6        	5829      	-14.6
1460      	17:24:23  	504.1 	-7.7  	57    	37.2     	266   	37.1       	2.6        	5836      	-14.7
1462      	17:24:25  	503.6 	-7.8  	57    	37.2     	266   	37.1       	2.7        	5842      	-14.7
1464      	17:24:27  	503.2 	-7.8  	57    	37.2     	266   	37.1       	2.7        	5849      	-14.8
1466      	17:24:29  	502.8 	-7.9  	57    	37.2     	266   	37.1       	2.8        	5856      	-14.9
1468      	17:24:31  	502.4 	-8.0  	57    	37.1     	266   	37.0       	2.8        	5862      	-15.0
1470      	17:24:33  	501.9 	-8.0  	57    	37.1     	266   	37.0       	2.9        	5869      	-15.0
1472      	17:24:35  	501.5 	-8.1  	57    	37.1     	265   	37.0       	3.0        	5875      	-15.1
1474      	17:24:37  	501.1 	-8.1  	56    	37.1     	265   	37.0       	3.0        	5882      	-15.2
1476      	17:24:39  	500.7 	-8.2  	56    	37.1     	265   	37.0       	3.0        	5889      	-15.3
1478      	17:24:41  	500.2 	-8.3  	56    	37.1     	265   	37.0       	3.1        	5895      	-15.4
1480      	17:24:43  	499.8 	-8.3  	56    	37.1     	265   	37.0       	3.0        	5902      	-15.5
1482      	17:24:45  	499.3 	-8.4  	55    	37.1     	265   	37.0       	3.0        	5909      	-15.7
1484      	17:24:47  	498.8 	-8.5  	55    	37.2     	265   	37.1       	3.0        	5916      	-15.9
1486      	17:24:49  	498.4 	-8.5  	54    	37.2     	266   	37.1       	2.9        	5924      	-16.1
1488      	17:24:51  	497.9 	-8.6  	54    	37.1     	266   	37.0       	2.9        	5931      	-16.3
1490      	17:24:53  	497.4 	-8.7  	53    	37.1     	266   	37.0       	2.8        	5940      	-16.4
1492      	17:24:55  	496.8 	-8.8  	53    	37.0     	266   	36.9       	2.7        	5949      	-16.5
1494      	17:24:57  	496.3 	-8.8  	53    	36.7     	266   	36.6       	2.5        	5956      	-16.6
1496      	17:24:59  	495.9 	-8.9  	53    	36.5     	266   	36.4       	2.4        	5963      	-16.6
1498      	17:25:01  	495.4 	-9.0  	54    	36.3     	267   	36.2       	2.2        	5970      	-16.6
1500      	17:25:03  	495.0 	-9.0  	54    	36.0     	267   	35.9       	2.1        	5976      	-16.6
1502      	17:25:05  	494.6 	-9.1  	54    	35.8     	267   	35.7       	2.1        	5983      	-16.6
1504      	17:25:07  	494.2 	-9.1  	54    	35.6     	267   	35.5       	2.0        	5990      	-16.6
1506      	17:25:09  	493.8 	-9.2  	54    	35.3     	267   	35.2       	1.9        	5996      	-16.7
1508      	17:25:11  	493.3 	-9.2  	54    	34.9     	267   	34.9       	1.8        	6003      	-16.7
1510      	17:25:13  	492.9 	-9.3  	55    	34.7     	267   	34.7       	1.7        	6009      	-16.7
1512      	17:25:15  	492.5 	-9.4  	55    	34.5     	267   	34.5       	1.6        	6016      	-16.8
1514      	17:25:17  	492.1 	-9.5  	55    	34.5     	267   	34.5       	1.6        	6022      	-16.8
1516      	17:25:19  	491.6 	-9.5  	55    	34.5     	267   	34.5       	1.6        	6029      	-16.8
1518      	17:25:21  	491.2 	-9.6  	55    	34.4     	267   	34.4       	1.6        	6036      	-16.8
1520      	17:25:23  	490.8 	-9.7  	55    	34.3     	267   	34.3       	1.6        	6043      	-16.9
1522      	17:25:25  	490.3 	-9.7  	56    	34.3     	267   	34.3       	1.6        	6050      	-16.9
1524      	17:25:27  	489.9 	-9.8  	56    	34.2     	267   	34.2       	1.7        	6057      	-17.0
1526      	17:25:29  	489.4 	-9.9  	56    	34.1     	267   	34.1       	1.7        	6064      	-17.0
1528      	17:25:31  	488.9 	-10.0 	56    	34.1     	267   	34.1       	1.7        	6072      	-17.1
1530      	17:25:33  	488.4 	-10.0 	56    	34.0     	267   	34.0       	1.7        	6080      	-16.4
1532      	17:25:35  	487.9 	-10.1 	56    	33.9     	267   	33.9       	1.7        	6088      	-16.5
1534      	17:25:37  	487.4 	-10.2 	56    	33.9     	267   	33.9       	1.7        	6095      	-16.5
1536      	17:25:39  	486.9 	-10.2 	56    	33.8     	267   	33.8       	1.7        	6104      	-16.6
1538      	17:25:41  	486.4 	-10.3 	56    	33.7     	267   	33.7       	1.7        	6112      	-16.6
1540      	17:25:43  	485.9 	-10.4 	56    	33.7     	267   	33.7       	1.7        	6120      	-16.7
1542      	17:25:45  	485.4 	-10.5 	56    	33.7     	267   	33.7       	1.7        	6128      	-16.7
1544      	17:25:47  	484.9 	-10.5 	56    	33.6     	267   	33.6       	1.6        	6137      	-16.8
1546      	17:25:49  	484.3 	-10.6 	56    	33.5     	267   	33.5       	1.6        	6145      	-16.9
1548      	17:25:51  	483.8 	-10.7 	56    	33.4     	267   	33.4       	1.5        	6153      	-17.0
1550      	17:25:53  	483.3 	-10.8 	56    	33.3     	267   	33.3       	1.5        	6161      	-17.1
1552      	17:25:55  	482.8 	-10.9 	56    	33.2     	268   	33.2       	1.4        	6170      	-17.1
1554      	17:25:57  	482.2 	-10.9 	56    	33.1     	268   	33.1       	1.4        	6178      	-17.2
1556      	17:25:59  	481.7 	-11.0 	57    	33.0     	268   	33.0       	1.3        	6186      	-17.2
1558      	17:26:01  	481.2 	-11.1 	57    	32.8     	268   	32.8       	1.3        	6194      	-17.3
1560      	17:26:03  	480.7 	-11.2 	57    	32.7     	268   	32.7       	1.3        	6202      	-17.3
1562      	17:26:05  	480.3 	-11.2 	57    	32.5     	268   	32.5       	1.3        	6210      	-17.3
1564      	17:26:07  	479.8 	-11.3 	57    	32.3     	268   	32.3       	1.3        	6217      	-17.4
1566      	17:26:09  	479.4 	-11.4 	57    	32.2     	268   	32.2       	1.3        	6224      	-17.5
1568      	17:26:11  	478.9 	-11.5 	57    	32.1     	268   	32.1       	1.3        	6232      	-17.7
1570      	17:26:13  	478.4 	-11.6 	56    	31.9     	267   	31.9       	1.4        	6240      	-17.9
1572      	17:26:15  	477.9 	-11.6 	55    	31.7     	267   	31.7       	1.5        	6248      	-18.1
1574      	17:26:17  	477.3 	-11.7 	54    	31.4     	267   	31.4       	1.6        	6257      	-18.3
1576      	17:26:19  	476.7 	-11.8 	53    	31.2     	267   	31.2       	1.7        	6267      	-18.6
1578      	17:26:21  	476.1 	-11.9 	53    	31.1     	267   	31.0       	1.8        	6276      	-18.7
1580      	17:26:23  	475.6 	-11.9 	53    	31.0     	266   	30.9       	1.9        	6285      	-18.9
1582      	17:26:25  	475.0 	-12.0 	52    	30.8     	266   	30.7       	1.9        	6293      	-19.0
1584      	17:26:27  	474.5 	-12.1 	52    	30.4     	266   	30.3       	1.9        	6302      	-19.2
1586      	17:26:29  	474.0 	-12.1 	51    	30.0     	266   	29.9       	1.9        	6310      	-19.4
1588      	17:26:31  	473.5 	-12.2 	51    	29.6     	266   	29.5       	1.9        	6318      	-19.5
1590      	17:26:33  	473.1 	-12.3 	50    	29.3     	266   	29.2       	1.8        	6325      	-19.6
1592      	17:26:35  	472.6 	-12.3 	50    	29.0     	267   	29.0       	1.7        	6333      	-19.9
1594      	17:26:37  	472.2 	-12.4 	49    	28.8     	267   	28.7       	1.7        	6340      	-20.1
1596      	17:26:39  	471.7 	-12.5 	48    	28.4     	267   	28.4       	1.5        	6347      	-20.3
1598      	17:26:41  	471.3 	-12.5 	48    	28.1     	267   	28.1       	1.4        	6355      	-20.5
1600      	17:26:43  	470.8 	-12.6 	47    	27.8     	268   	27.8       	1.2        	6362      	-20.6
1602      	17:26:45  	470.4 	-12.7 	47    	27.6     	268   	27.6       	1.1        	6369      	-20.7
1604      	17:26:47  	469.9 	-12.7 	47    	27.5     	268   	27.5       	1.0        	6376      	-20.9
1606      	17:26:49  	469.5 	-12.8 	46    	27.4     	268   	27.4       	1.0        	6383      	-21.0
1608      	17:26:51  	469.0 	-12.8 	46    	27.3     	268   	27.3       	0.9        	6390      	-21.2
1610      	17:26:53  	468.6 	-12.9 	45    	27.2     	268   	27.2       	0.9        	6397      	-21.4
1612      	17:26:55  	468.2 	-12.9 	44    	27.1     	268   	27.1       	0.8        	6404      	-21.6
1614      	17:26:57  	467.8 	-13.0 	44    	26.9     	268   	26.9       	0.8        	6411      	-21.8
1616      	17:26:59  	467.4 	-13.0 	43    	26.8     	268   	26.8       	0.8        	6418      	-22.0
1618      	17:27:01  	466.9 	-13.1 	43    	26.7     	268   	26.7       	0.8        	6425      	-22.1
1620      	17:27:03  	466.5 	-13.2 	43    	26.6     	268   	26.6       	0.8        	6432      	-22.2
1622      	17:27:05  	466.1 	-13.2 	42    	26.5     	268   	26.5       	0.8        	6438      	-22.3
1624      	17:27:07  	465.7 	-13.3 	42    	26.4     	268   	26.4       	0.9        	6445      	-22.4
1626      	17:27:09  	465.3 	-13.3 	43    	26.3     	268   	26.3       	1.0        	6452      	-22.4
1628      	17:27:11  	464.9 	-13.4 	43    	26.2     	268   	26.2       	1.0        	6459      	-22.4
1630      	17:27:13  	464.5 	-13.5 	43    	26.2     	268   	26.2       	1.1        	6465      	-22.4
1632      	17:27:15  	464.1 	-13.5 	43    	26.1     	267   	26.1       	1.2        	6472      	-22.5
1634      	17:27:17  	463.7 	-13.6 	43    	26.1     	267   	26.1       	1.3        	6478      	-22.5
1636      	17:27:19  	463.3 	-13.7 	43    	26.0     	267   	26.0       	1.4        	6485      	-22.5
1638      	17:27:21  	462.9 	-13.7 	43    	26.0     	267   	26.0       	1.5        	6491      	-22.6
1640      	17:27:23  	462.5 	-13.8 	43    	26.0     	266   	25.9       	1.7        	6498      	-22.7
1642      	17:27:25  	462.0 	-13.9 	42    	26.0     	266   	25.9       	1.7        	6505      	-22.9
1644      	17:27:27  	461.6 	-13.9 	42    	26.0     	266   	25.9       	1.8        	6511      	-23.1
1646      	17:27:29  	461.2 	-14.0 	41    	25.9     	266   	25.8       	1.9        	6518      	-23.4
1648      	17:27:31  	460.8 	-14.0 	40    	25.8     	266   	25.7       	1.9        	6525      	-23.6
1650      	17:27:33  	460.4 	-14.1 	39    	25.7     	266   	25.6       	2.0        	6532      	-23.9
1652      	17:27:35  	460.0 	-14.1 	38    	25.5     	265   	25.4       	2.1        	6539      	-24.3
1654      	17:27:37  	459.6 	-14.1 	36    	25.4     	265   	25.3       	2.1        	6546      	-24.7
1656      	17:27:39  	459.2 	-14.1 	35    	25.2     	265   	25.1       	2.1        	6552      	-25.2
1658      	17:27:41  	458.8 	-14.2 	33    	25.1     	265   	25.0       	2.1        	6558      	-25.7
1660      	17:27:43  	458.5 	-14.2 	32    	24.9     	265   	24.8       	2.2        	6564      	-26.1
1662      	17:27:45  	458.1 	-14.2 	30    	24.6     	265   	24.5       	2.3        	6570      	-26.6
1664      	17:27:47  	457.7 	-14.2 	29    	24.3     	264   	24.2       	2.4        	6576      	-27.1
1666      	17:27:49  	457.4 	-14.3 	27    	24.1     	264   	24.0       	2.5        	6582      	-27.6
1668      	17:27:51  	457.0 	-14.3 	26    	24.0     	264   	23.8       	2.7        	6588      	-28.0
1670      	17:27:53  	456.6 	-14.3 	26    	23.9     	263   	23.7       	2.8        	6594      	-28.3
1672      	17:27:55  	456.3 	-14.3 	25    	23.7     	263   	23.5       	2.9        	6600      	-28.6
1674      	17:27:57  	455.9 	-14.4 	24    	23.4     	262   	23.2       	3.1        	6607      	-29.0
1676      	17:27:59  	455.5 	-14.4 	23    	23.1     	262   	22.9       	3.3        	6613      	-29.6
1678      	17:28:01  	455.2 	-14.4 	21    	22.9     	261   	22.6       	3.4        	6619      	-30.2
1680      	17:28:03  	454.8 	-14.4 	20    	22.7     	261   	22.4       	3.5        	6625      	-30.9
1682      	17:28:05  	454.4 	-14.4 	18    	22.5     	261   	22.2       	3.6        	6631      	-31.7
1684      	17:28:07  	454.1 	-14.3 	16    	22.3     	261   	22.0       	3.6        	6637      	-32.6
1686      	17:28:09  	453.7 	-14.3 	15    	22.0     	261   	21.7       	3.6        	6643      	-33.7
1688      	17:28:11  	453.4 	-14.3 	13    	21.6     	260   	21.3       	3.6        	6649      	-34.9
1690      	17:28:13  	453.0 	-14.3 	11    	21.2     	260   	20.9       	3.6        	6655      	-36.1
1692      	17:28:15  	452.6 	-14.3 	10    	20.9     	260   	20.6       	3.5        	6661      	-37.0
1694      	17:28:17  	452.3 	-14.3 	9     	20.7     	260   	20.4       	3.5        	6666      	-37.9
1696      	17:28:19  	451.9 	-14.3 	9     	20.5     	260   	20.2       	3.4        	6672      	-38.7
1698      	17:28:21  	451.6 	-14.3 	8     	20.3     	260   	20.0       	3.4        	6678      	-39.4
1700      	17:28:23  	451.2 	-14.3 	7     	20.3     	261   	20.0       	3.3        	6684      	-40.0
1702      	17:28:25  	450.9 	-14.3 	7     	20.2     	261   	19.9       	3.3        	6690      	-40.4
1704      	17:28:27  	450.5 	-14.3 	7     	20.2     	261   	19.9       	3.2        	6696      	-40.7
1706      	17:28:29  	450.2 	-14.3 	7     	20.3     	261   	20.0       	3.2        	6702      	-41.0
1708      	17:28:31  	449.8 	-14.3 	6     	20.5     	261   	20.2       	3.2        	6707      	-41.4
1710      	17:28:33  	449.5 	-14.3 	6     	20.6     	261   	20.3       	3.2        	6713      	-41.8
1712      	17:28:35  	449.1 	-14.3 	6     	21.0     	261   	20.7       	3.3        	6719      	-42.3
1714      	17:28:37  	448.8 	-14.2 	5     	21.4     	261   	21.1       	3.4        	6725      	-42.8
1716      	17:28:39  	448.4 	-14.2 	5     	21.8     	261   	21.5       	3.5        	6731      	-43.3
1718      	17:28:41  	448.1 	-14.2 	5     	22.2     	261   	21.9       	3.6        	6737      	-43.9
1720      	17:28:43  	447.7 	-14.1 	4     	22.5     	261   	22.2       	3.7        	6743      	-44.5
1722      	17:28:45  	447.4 	-14.1 	4     	22.7     	260   	22.4       	3.8        	6749      	-45.2
1724      	17:28:47  	447.0 	-14.1 	4     	23.0     	260   	22.7       	3.9        	6755      	-45.8
1726      	17:28:49  	446.7 	-14.0 	3     	23.6     	260   	23.2       	4.1        	6761      	-46.5
1728      	17:28:51  	446.3 	-14.0 	3     	24.1     	260   	23.7       	4.3        	6767      	-47.1
1730      	17:28:53  	446.0 	-14.0 	3     	24.6     	259   	24.2       	4.5        	6773      	-47.7
1732      	17:28:55  	445.7 	-14.0 	3     	24.9     	259   	24.5       	4.6        	6779      	-48.4
1734      	17:28:57  	445.3 	-14.0 	2     	25.2     	259   	24.8       	4.7        	6784      	-49.0
1736      	17:28:59  	445.0 	-13.9 	2     	25.6     	259   	25.1       	4.8        	6790      	-49.6
1738      	17:29:01  	444.6 	-13.9 	2     	26.0     	259   	25.5       	5.0        	6796      	-50.2
1740      	17:29:03  	444.3 	-13.9 	2     	26.5     	258   	26.0       	5.3        	6802      	-50.9
1742      	17:29:05  	443.9 	-13.8 	2     	27.1     	258   	26.5       	5.6        	6808      	-51.6
1744      	17:29:07  	443.6 	-13.8 	2     	27.6     	258   	27.0       	5.9        	6814      	-52.4
1746      	17:29:09  	443.2 	-13.8 	1     	27.9     	257   	27.2       	6.1        	6820      	-53.0
1748      	17:29:11  	442.9 	-13.7 	1     	28.2     	257   	27.5       	6.3        	6826      	-53.6
1750      	17:29:13  	442.6 	-13.7 	1     	28.5     	257   	27.8       	6.5        	6832      	-54.0
1752      	17:29:15  	442.2 	-13.7 	1     	28.8     	256   	28.0       	6.8        	6837      	-54.2
1754      	17:29:17  	441.9 	-13.7 	1     	29.2     	256   	28.3       	7.2        	6843      	-54.2
1756      	17:29:19  	441.5 	-13.7 	1     	29.6     	255   	28.6       	7.6        	6849      	-54.2
1758      	17:29:21  	441.2 	-13.8 	1     	29.7     	255   	28.7       	7.8        	6855      	-54.2
1760      	17:29:23  	440.8 	-13.8 	1     	29.9     	254   	28.8       	8.0        	6861      	-54.2
1762      	17:29:25  	440.5 	-13.8 	1     	29.9     	254   	28.8       	8.2        	6867      	-54.3
1764      	17:29:27  	440.1 	-13.9 	1     	29.9     	254   	28.7       	8.5        	6873      	-54.3
1766      	17:29:29  	439.8 	-13.9 	1     	30.0     	253   	28.7       	8.8        	6879      	-54.3
1768      	17:29:31  	439.4 	-13.9 	1     	30.0     	252   	28.6       	9.1        	6885      	-54.3
1770      	17:29:33  	439.1 	-14.0 	1     	30.0     	252   	28.5       	9.4        	6891      	-54.3
1772      	17:29:35  	438.7 	-14.0 	1     	29.9     	252   	28.4       	9.5        	6897      	-54.3
1774      	17:29:37  	438.4 	-14.0 	1     	29.9     	251   	28.3       	9.6        	6904      	-54.3
1776      	17:29:39  	438.0 	-14.0 	1     	29.8     	251   	28.1       	9.9        	6910      	-54.3
1778      	17:29:41  	437.7 	-14.0 	1     	29.6     	250   	27.8       	10.2       	6916      	-54.3
1780      	17:29:43  	437.3 	-14.0 	1     	29.4     	249   	27.5       	10.5       	6921      	-54.3
1782      	17:29:45  	437.0 	-14.0 	1     	29.3     	248   	27.2       	10.8       	6928      	-54.3
1784      	17:29:47  	436.6 	-14.0 	1     	29.3     	248   	27.1       	11.1       	6934      	-54.3
1786      	17:29:49  	436.3 	-14.0 	1     	29.2     	247   	26.9       	11.3       	6940      	-54.3
1788      	17:29:51  	436.0 	-14.0 	1     	29.1     	247   	26.7       	11.5       	6946      	-54.3
1790      	17:29:53  	435.6 	-14.0 	1     	28.8     	246   	26.3       	11.8       	6951      	-54.3
1792      	17:29:55  	435.3 	-14.0 	1     	28.6     	245   	25.9       	12.2       	6957      	-54.3
1794      	17:29:57  	435.0 	-14.0 	1     	28.4     	244   	25.5       	12.6       	6963      	-54.3
1796      	17:29:59  	434.6 	-14.0 	1     	28.3     	243   	25.2       	12.8       	6969      	-54.3
1798      	17:30:01  	434.3 	-14.0 	1     	28.2     	243   	25.0       	13.0       	6975      	-54.3
1800      	17:30:03  	433.9 	-14.0 	1     	28.1     	242   	24.8       	13.2       	6981      	-54.3
1802      	17:30:05  	433.6 	-14.0 	1     	28.0     	241   	24.6       	13.4       	6987      	-54.3
1804      	17:30:07  	433.2 	-14.0 	1     	28.0     	241   	24.5       	13.6       	6993      	-54.3
1806      	17:30:09  	432.9 	-14.0 	1     	27.9     	240   	24.3       	13.8       	6999      	-54.3
1808      	17:30:11  	432.6 	-14.1 	1     	27.8     	240   	24.1       	13.9       	7005      	-54.3
1810      	17:30:13  	432.2 	-14.1 	1     	27.9     	240   	24.2       	13.9       	7011      	-54.3
1812      	17:30:15  	431.9 	-14.1 	1     	28.0     	240   	24.2       	14.0       	7017      	-54.3
1814      	17:30:17  	431.6 	-14.1 	1     	28.0     	240   	24.2       	14.0       	7023      	-54.3
1816      	17:30:19  	431.2 	-14.1 	1     	28.0     	240   	24.3       	14.0       	7029      	-54.3
1818      	17:30:21  	430.9 	-14.2 	1     	28.1     	240   	24.3       	14.1       	7034      	-54.3
1820      	17:30:23  	430.6 	-14.2 	1     	28.1     	240   	24.3       	14.1       	7040      	-54.3
1822      	17:30:25  	430.2 	-14.2 	1     	28.1     	240   	24.3       	14.2       	7046      	-54.3
1824      	17:30:27  	429.9 	-14.2 	1     	28.1     	240   	24.3       	14.2       	7052      	-54.3
1826      	17:30:29  	429.6 	-14.2 	1     	28.1     	240   	24.3       	14.2       	7058      	-54.3
1828      	17:30:31  	429.2 	-14.2 	1     	28.2     	240   	24.4       	14.2       	7064      	-54.3
1830      	17:30:33  	428.9 	-14.2 	1     	28.4     	240   	24.6       	14.2       	7070      	-54.4
1832      	17:30:35  	428.5 	-14.2 	1     	28.6     	240   	24.8       	14.2       	7076      	-54.4
1834      	17:30:37  	428.2 	-14.3 	1     	28.7     	240   	24.9       	14.2       	7082      	-54.4
1836      	17:30:39  	427.9 	-14.3 	1     	28.8     	241   	25.1       	14.1       	7088      	-54.4
1838      	17:30:41  	427.5 	-14.3 	1     	29.0     	241   	25.3       	14.1       	7094      	-54.4
1840      	17:30:43  	427.2 	-14.3 	1     	29.0     	241   	25.4       	14.0       	7100      	-54.4
1842      	17:30:45  	426.9 	-14.4 	1     	29.3     	242   	25.8       	13.9       	7106      	-54.4
1844      	17:30:47  	426.5 	-14.4 	1     	29.5     	242   	26.1       	13.7       	7111      	-54.4
1846      	17:30:49  	426.2 	-14.4 	1     	29.7     	243   	26.4       	13.6       	7117      	-54.5
1848      	17:30:51  	425.9 	-14.5 	1     	29.8     	243   	26.6       	13.5       	7123      	-54.5
1850      	17:30:53  	425.5 	-14.5 	1     	29.8     	244   	26.7       	13.3       	7129      	-54.5
1852      	17:30:55  	425.2 	-14.5 	1     	29.9     	244   	26.8       	13.2       	7135      	-54.5
1854      	17:30:57  	424.9 	-14.6 	1     	30.1     	244   	27.1       	13.0       	7141      	-54.6
1856      	17:30:59  	424.6 	-14.6 	1     	30.2     	245   	27.3       	12.8       	7146      	-54.6
1858      	17:31:01  	424.2 	-14.6 	1     	30.2     	245   	27.5       	12.6       	7152      	-54.6
1860      	17:31:03  	423.9 	-14.7 	1     	30.4     	246   	27.8       	12.3       	7158      	-54.6
1862      	17:31:05  	423.6 	-14.7 	1     	30.5     	246   	27.9       	12.2       	7164      	-54.6
1864      	17:31:07  	423.2 	-14.8 	1     	30.5     	247   	28.0       	12.1       	7170      	-54.7
1866      	17:31:09  	422.9 	-14.8 	1     	30.5     	247   	28.1       	11.9       	7176      	-54.7
1868      	17:31:11  	422.6 	-14.8 	1     	30.5     	247   	28.2       	11.7       	7182      	-54.7
1870      	17:31:13  	422.3 	-14.9 	1     	30.6     	248   	28.4       	11.5       	7188      	-54.7
1872      	17:31:15  	421.9 	-14.9 	1     	30.7     	249   	28.6       	11.2       	7193      	-54.6
1874      	17:31:17  	421.6 	-14.9 	1     	30.7     	249   	28.7       	11.0       	7199      	-54.5
1876      	17:31:19  	421.3 	-15.0 	1     	30.8     	249   	28.8       	10.9       	7205      	-54.4
1878      	17:31:21  	421.0 	-15.0 	1     	30.8     	249   	28.8       	10.8       	7211      	-54.3
1880      	17:31:23  	420.6 	-15.0 	1     	30.8     	250   	28.9       	10.6       	7217      	-54.3
1882      	17:31:25  	420.3 	-15.1 	1     	30.9     	250   	29.1       	10.4       	7223      	-54.2
1884      	17:31:27  	420.0 	-15.1 	1     	30.9     	251   	29.2       	10.2       	7229      	-54.1
1886      	17:31:29  	419.6 	-15.2 	1     	31.0     	251   	29.3       	10.0       	7235      	-54.1
1888      	17:31:31  	419.3 	-15.2 	1     	31.0     	251   	29.4       	9.9        	7241      	-54.2
1890      	17:31:33  	419.0 	-15.3 	1     	31.1     	252   	29.5       	9.8        	7247      	-54.2
1892      	17:31:35  	418.6 	-15.3 	1     	31.1     	252   	29.5       	9.7        	7253      	-54.1
1894      	17:31:37  	418.3 	-15.4 	1     	31.1     	252   	29.6       	9.5        	7259      	-54.0
1896      	17:31:39  	417.9 	-15.4 	2     	31.2     	252   	29.7       	9.4        	7265      	-53.9
1898      	17:31:41  	417.6 	-15.5 	2     	31.2     	253   	29.8       	9.2        	7271      	-53.9
1900      	17:31:43  	417.3 	-15.5 	2     	31.2     	253   	29.8       	9.1        	7277      	-53.7
1902      	17:31:45  	417.0 	-15.6 	2     	31.1     	253   	29.8       	9.0        	7283      	-53.5
1904      	17:31:47  	416.6 	-15.7 	2     	31.1     	253   	29.8       	9.0        	7289      	-53.3
1906      	17:31:49  	416.3 	-15.7 	2     	31.1     	253   	29.8       	8.9        	7295      	-53.1
1908      	17:31:51  	416.0 	-15.8 	2     	31.2     	254   	29.9       	8.8        	7301      	-53.0
1910      	17:31:53  	415.6 	-15.8 	2     	31.1     	254   	29.9       	8.7        	7307      	-52.8
1912      	17:31:55  	415.3 	-15.9 	2     	31.1     	254   	29.9       	8.7        	7313      	-52.6
1914      	17:31:57  	415.0 	-15.9 	2     	31.1     	254   	29.9       	8.7        	7319      	-52.4
1916      	17:31:59  	414.6 	-16.0 	2     	31.1     	254   	29.9       	8.7        	7325      	-52.3
1918      	17:32:01  	414.3 	-16.0 	2     	31.2     	254   	30.0       	8.7        	7331      	-52.2
1920      	17:32:03  	414.0 	-16.1 	2     	31.2     	254   	30.0       	8.6        	7337      	-52.1
1922      	17:32:05  	413.6 	-16.1 	2     	31.3     	254   	30.1       	8.6        	7343      	-52.0
1924      	17:32:07  	413.3 	-16.2 	2     	31.4     	254   	30.2       	8.5        	7349      	-52.0
1926      	17:32:09  	413.0 	-16.3 	2     	31.4     	254   	30.2       	8.5        	7355      	-51.9
1928      	17:32:11  	412.6 	-16.3 	2     	31.5     	254   	30.3       	8.5        	7361      	-51.7
1930      	17:32:13  	412.3 	-16.4 	2     	31.5     	255   	30.4       	8.4        	7367      	-51.5
1932      	17:32:15  	412.0 	-16.4 	2     	31.6     	255   	30.5       	8.3        	7373      	-51.3
1934      	17:32:17  	411.7 	-16.5 	2     	31.8     	255   	30.7       	8.2        	7379      	-51.0
1936      	17:32:19  	411.3 	-16.5 	3     	31.9     	255   	30.9       	8.0        	7385      	-50.6
1938      	17:32:21  	411.0 	-16.5 	3     	32.1     	256   	31.1       	7.9        	7391      	-50.2
1940      	17:32:23  	410.7 	-16.6 	3     	32.2     	256   	31.2       	7.8        	7397      	-49.8
1942      	17:32:25  	410.3 	-16.6 	3     	32.3     	256   	31.4       	7.6        	7403      	-49.4
1944      	17:32:27  	410.0 	-16.7 	3     	32.5     	257   	31.6       	7.5        	7409      	-49.0
1946      	17:32:29  	409.7 	-16.7 	3     	32.7     	257   	31.9       	7.4        	7415      	-48.7
1948      	17:32:31  	409.3 	-16.8 	3     	33.0     	257   	32.2       	7.3        	7422      	-48.4
1950      	17:32:33  	409.0 	-16.8 	4     	33.3     	258   	32.5       	7.2        	7428      	-48.1
1952      	17:32:35  	408.7 	-16.9 	4     	33.5     	258   	32.7       	7.2        	7434      	-47.8
1954      	17:32:37  	408.4 	-16.9 	4     	33.6     	258   	32.8       	7.2        	7440      	-47.6
1956      	17:32:39  	408.0 	-16.9 	4     	33.8     	258   	33.0       	7.2        	7446      	-47.3
1958      	17:32:41  	407.7 	-17.0 	4     	34.1     	258   	33.3       	7.2        	7451      	-47.1
1960      	17:32:43  	407.4 	-17.0 	4     	34.4     	258   	33.6       	7.2        	7457      	-46.8
1962      	17:32:45  	407.1 	-17.1 	4     	34.6     	258   	33.8       	7.2        	7463      	-46.7
1964      	17:32:47  	406.7 	-17.1 	4     	34.8     	258   	34.0       	7.2        	7469      	-46.5
1966      	17:32:49  	406.4 	-17.2 	5     	34.9     	258   	34.1       	7.2        	7475      	-46.3
1968      	17:32:51  	406.1 	-17.2 	5     	34.9     	258   	34.2       	7.2        	7481      	-46.2
1970      	17:32:53  	405.8 	-17.3 	5     	35.1     	258   	34.4       	7.2        	7487      	-46.2
1972      	17:32:55  	405.5 	-17.3 	5     	35.3     	258   	34.6       	7.2        	7493      	-46.1
1974      	17:32:57  	405.2 	-17.4 	5     	35.6     	258   	34.8       	7.3        	7499      	-46.0
1976      	17:32:59  	404.8 	-17.4 	5     	35.8     	258   	35.0       	7.3        	7505      	-45.9
1978      	17:33:01  	404.5 	-17.5 	5     	35.9     	258   	35.1       	7.3        	7511      	-45.9
1980      	17:33:03  	404.2 	-17.5 	5     	35.9     	258   	35.1       	7.3        	7517      	-45.8
1982      	17:33:05  	403.9 	-17.6 	5     	35.9     	258   	35.2       	7.3        	7523      	-45.7
1984      	17:33:07  	403.5 	-17.6 	5     	36.1     	258   	35.4       	7.3        	7529      	-45.6
1986      	17:33:09  	403.2 	-17.6 	5     	36.2     	258   	35.5       	7.3        	7534      	-45.5
1988      	17:33:11  	402.9 	-17.7 	5     	36.3     	258   	35.6       	7.3        	7540      	-45.5
1990      	17:33:13  	402.6 	-17.7 	5     	36.4     	259   	35.7       	7.2        	7546      	-45.5
1992      	17:33:15  	402.3 	-17.8 	5     	36.4     	259   	35.7       	7.2        	7552      	-45.5
1994      	17:33:17  	402.0 	-17.9 	5     	36.5     	259   	35.8       	7.1        	7557      	-45.4
1996      	17:33:19  	401.7 	-17.9 	5     	36.5     	259   	35.8       	7.1        	7563      	-45.4
1998      	17:33:21  	401.4 	-18.0 	5     	36.6     	259   	35.9       	7.1        	7569      	-45.5
2000      	17:33:23  	401.1 	-18.0 	5     	36.7     	259   	36.0       	7.0        	7574      	-45.5
2002      	17:33:25  	400.8 	-18.1 	5     	36.7     	259   	36.0       	7.0        	7580      	-45.6
2004      	17:33:27  	400.4 	-18.1 	5     	36.8     	259   	36.1       	7.0        	7586      	-45.5
2006      	17:33:29  	400.1 	-18.2 	6     	36.8     	259   	36.1       	7.0        	7592      	-45.5
2008      	17:33:31  	399.8 	-18.2 	6     	36.8     	259   	36.1       	7.0        	7598      	-45.5
2010      	17:33:33  	399.5 	-18.3 	6     	36.9     	259   	36.2       	7.0        	7604      	-45.5
2012      	17:33:35  	399.2 	-18.3 	6     	37.0     	259   	36.3       	7.1        	7610      	-45.4
2014      	17:33:37  	398.9 	-18.4 	6     	37.1     	259   	36.4       	7.1        	7615      	-45.4
2016      	17:33:39  	398.6 	-18.4 	6     	37.2     	259   	36.5       	7.1        	7621      	-45.3
2018      	17:33:41  	398.2 	-18.5 	6     	37.3     	259   	36.6       	7.2        	7627      	-45.3
2020      	17:33:43  	397.9 	-18.5 	6     	37.3     	259   	36.6       	7.2        	7633      	-45.3
2022      	17:33:45  	397.6 	-18.6 	6     	37.4     	259   	36.7       	7.3        	7639      	-45.3
2024      	17:33:47  	397.3 	-18.7 	6     	37.5     	259   	36.8       	7.3        	7644      	-45.3
2026      	17:33:49  	397.0 	-18.7 	6     	37.6     	259   	36.9       	7.3        	7650      	-45.3
2028      	17:33:51  	396.7 	-18.8 	6     	37.7     	259   	37.0       	7.4        	7656      	-45.3
2030      	17:33:53  	396.4 	-18.8 	6     	37.8     	259   	37.1       	7.4        	7661      	-45.3
2032      	17:33:55  	396.1 	-18.9 	6     	37.8     	259   	37.1       	7.4        	7667      	-45.3
2034      	17:33:57  	395.8 	-18.9 	6     	37.9     	259   	37.2       	7.4        	7672      	-45.4
2036      	17:33:59  	395.5 	-19.0 	6     	37.9     	259   	37.2       	7.4        	7678      	-45.4
2038      	17:34:01  	395.2 	-19.0 	6     	38.0     	259   	37.3       	7.4        	7684      	-45.4
2040      	17:34:03  	394.9 	-19.1 	6     	38.1     	259   	37.4       	7.4        	7689      	-45.3
2042      	17:34:05  	394.6 	-19.1 	6     	38.1     	259   	37.4       	7.4        	7695      	-45.3
2044      	17:34:07  	394.3 	-19.2 	6     	38.1     	259   	37.4       	7.5        	7701      	-45.3
2046      	17:34:09  	394.0 	-19.2 	6     	38.1     	259   	37.4       	7.5        	7706      	-45.3
2048      	17:34:11  	393.7 	-19.3 	6     	38.2     	259   	37.5       	7.5        	7712      	-45.3
2050      	17:34:13  	393.4 	-19.3 	6     	38.3     	259   	37.6       	7.5        	7718      	-45.2
2052      	17:34:15  	393.1 	-19.4 	6     	38.3     	259   	37.6       	7.5        	7724      	-45.2
2054      	17:34:17  	392.8 	-19.4 	6     	38.4     	259   	37.7       	7.5        	7729      	-45.2
2056      	17:34:19  	392.5 	-19.5 	7     	38.4     	259   	37.7       	7.5        	7735      	-45.2
2058      	17:34:21  	392.2 	-19.5 	7     	38.5     	259   	37.8       	7.5        	7741      	-45.2
2060      	17:34:23  	391.9 	-19.6 	7     	38.5     	259   	37.8       	7.5        	7746      	-45.2
2062      	17:34:25  	391.6 	-19.7 	7     	38.6     	259   	37.9       	7.5        	7752      	-45.2
2064      	17:34:27  	391.3 	-19.7 	7     	38.6     	259   	37.9       	7.5        	7757      	-45.2
2066      	17:34:29  	391.0 	-19.8 	7     	38.6     	259   	37.9       	7.5        	7763      	-45.2
2068      	17:34:31  	390.7 	-19.8 	7     	38.8     	259   	38.0       	7.6        	7769      	-45.2
2070      	17:34:33  	390.4 	-19.9 	7     	38.8     	259   	38.0       	7.6        	7774      	-45.2
2072      	17:34:35  	390.2 	-19.9 	7     	38.7     	259   	37.9       	7.6        	7780      	-45.2
2074      	17:34:37  	389.9 	-20.0 	7     	38.8     	259   	38.0       	7.7        	7785      	-45.1
2076      	17:34:39  	389.6 	-20.0 	7     	38.8     	259   	38.0       	7.7        	7790      	-45.1
2078      	17:34:41  	389.3 	-20.1 	7     	38.8     	258   	38.0       	7.8        	7796      	-45.1
2080      	17:34:43  	389.0 	-20.1 	7     	38.8     	258   	38.0       	7.9        	7801      	-45.1
2082      	17:34:45  	388.7 	-20.2 	7     	38.9     	258   	38.1       	7.9        	7807      	-45.1
2084      	17:34:47  	388.4 	-20.2 	7     	38.9     	258   	38.1       	7.9        	7812      	-45.1
2086      	17:34:49  	388.1 	-20.3 	7     	38.9     	258   	38.1       	8.0        	7818      	-45.1
2088      	17:34:51  	387.9 	-20.3 	7     	39.0     	258   	38.2       	8.0        	7823      	-45.1
2090      	17:34:53  	387.6 	-20.4 	7     	39.2     	258   	38.4       	8.0        	7829      	-45.1
2092      	17:34:55  	387.3 	-20.4 	7     	39.3     	258   	38.5       	8.1        	7835      	-45.1
2094      	17:34:57  	387.0 	-20.5 	7     	39.4     	258   	38.6       	8.1        	7840      	-45.1
2096      	17:34:59  	386.7 	-20.5 	7     	39.5     	258   	38.7       	8.1        	7846      	-45.1
2098      	17:35:01  	386.4 	-20.6 	7     	39.5     	258   	38.7       	8.1        	7852      	-45.1
2100      	17:35:03  	386.1 	-20.6 	7     	39.6     	258   	38.8       	8.1        	7857      	-45.1
2102      	17:35:05  	385.8 	-20.7 	7     	39.8     	258   	38.9       	8.2        	7863      	-45.1
2104      	17:35:07  	385.5 	-20.7 	7     	39.9     	258   	39.0       	8.2        	7868      	-45.1
2106      	17:35:09  	385.2 	-20.8 	8     	39.9     	258   	39.0       	8.2        	7874      	-45.0
2108      	17:35:11  	384.9 	-20.9 	8     	39.9     	258   	39.0       	8.3        	7880      	-45.0
2110      	17:35:13  	384.6 	-20.9 	8     	39.9     	258   	39.0       	8.3        	7886      	-45.0
2112      	17:35:15  	384.3 	-21.0 	8     	39.9     	258   	39.0       	8.3        	7892      	-45.0
2114      	17:35:17  	384.0 	-21.0 	8     	39.9     	258   	39.0       	8.4        	7898      	-45.1
2116      	17:35:19  	383.7 	-21.1 	8     	39.9     	258   	39.0       	8.5        	7904      	-45.1
2118      	17:35:21  	383.3 	-21.1 	8     	39.9     	258   	39.0       	8.6        	7910      	-45.1
2120      	17:35:23  	383.0 	-21.2 	8     	39.9     	258   	39.0       	8.6        	7916      	-45.1
2122      	17:35:25  	382.7 	-21.2 	8     	39.9     	258   	39.0       	8.6        	7922      	-45.1
2124      	17:35:27  	382.4 	-21.3 	8     	40.0     	257   	39.0       	8.7        	7927      	-45.1
2126      	17:35:29  	382.1 	-21.4 	8     	40.0     	257   	39.0       	8.8        	7933      	-45.1
2128      	17:35:31  	381.8 	-21.4 	8     	40.0     	257   	39.0       	8.8        	7939      	-45.1
2130      	17:35:33  	381.5 	-21.5 	8     	40.1     	257   	39.1       	8.9        	7945      	-45.1
2132      	17:35:35  	381.2 	-21.5 	8     	40.1     	257   	39.1       	8.9        	7951      	-45.2
2134      	17:35:37  	380.9 	-21.6 	8     	40.1     	257   	39.1       	9.0        	7956      	-45.2
2136      	17:35:39  	380.6 	-21.6 	8     	40.1     	257   	39.1       	9.0        	7962      	-45.2
2138      	17:35:41  	380.3 	-21.7 	8     	40.1     	257   	39.1       	9.0        	7968      	-45.2
2140      	17:35:43  	380.1 	-21.7 	8     	40.1     	257   	39.1       	9.1        	7973      	-45.2
2142      	17:35:45  	379.8 	-21.8 	8     	40.2     	257   	39.1       	9.2        	7979      	-45.2
2144      	17:35:47  	379.5 	-21.9 	8     	40.2     	257   	39.1       	9.2        	7985      	-45.2
2146      	17:35:49  	379.2 	-21.9 	8     	40.2     	257   	39.1       	9.3        	7991      	-45.2
2148      	17:35:51  	378.9 	-22.0 	8     	40.2     	257   	39.1       	9.3        	7997      	-45.2
2150      	17:35:53  	378.6 	-22.0 	8     	40.2     	257   	39.1       	9.3        	8003      	-45.2
2152      	17:35:55  	378.3 	-22.1 	8     	40.1     	256   	39.0       	9.4        	8009      	-45.3
2154      	17:35:57  	378.0 	-22.1 	8     	40.2     	256   	39.0       	9.6        	8014      	-45.3
2156      	17:35:59  	377.7 	-22.2 	8     	40.1     	256   	38.9       	9.7        	8020      	-45.3
2158      	17:36:01  	377.4 	-22.2 	8     	40.1     	256   	38.9       	9.7        	8025      	-45.3
2160      	17:36:03  	377.1 	-22.3 	8     	40.0     	256   	38.8       	9.8        	8031      	-45.3
2162      	17:36:05  	376.8 	-22.3 	8     	40.0     	256   	38.8       	9.9        	8037      	-45.3
2164      	17:36:07  	376.5 	-22.4 	8     	40.0     	256   	38.7       	10.0       	8043      	-45.3
2166      	17:36:09  	376.2 	-22.4 	9     	39.9     	255   	38.6       	10.1       	8048      	-45.3
2168      	17:36:11  	375.9 	-22.5 	9     	40.0     	255   	38.6       	10.3       	8054      	-45.3
2170      	17:36:13  	375.6 	-22.5 	9     	39.9     	255   	38.5       	10.4       	8060      	-45.4
2172      	17:36:15  	375.3 	-22.6 	9     	39.9     	255   	38.5       	10.4       	8066      	-45.4
2174      	17:36:17  	375.0 	-22.6 	8     	39.9     	255   	38.5       	10.5       	8072      	-45.5
2176      	17:36:19  	374.7 	-22.6 	8     	39.9     	255   	38.5       	10.6       	8078      	-45.6
2178      	17:36:21  	374.4 	-22.7 	8     	39.9     	254   	38.4       	10.7       	8084      	-45.8
2180      	17:36:23  	374.1 	-22.7 	8     	39.9     	254   	38.4       	10.8       	8090      	-46.0
2182      	17:36:25  	373.7 	-22.8 	8     	39.9     	254   	38.4       	10.9       	8096      	-46.2
2184      	17:36:27  	373.4 	-22.8 	8     	39.8     	254   	38.3       	10.9       	8103      	-46.3
2186      	17:36:29  	373.1 	-22.8 	8     	39.8     	254   	38.3       	11.0       	8109      	-46.5
2188      	17:36:31  	372.8 	-22.9 	8     	39.8     	254   	38.3       	11.0       	8115      	-46.7
2190      	17:36:33  	372.5 	-22.9 	7     	39.8     	254   	38.2       	11.1       	8121      	-46.9
2192      	17:36:35  	372.2 	-22.9 	7     	39.7     	254   	38.1       	11.1       	8127      	-47.1
2194      	17:36:37  	371.9 	-22.9 	7     	39.6     	254   	38.0       	11.2       	8133      	-47.3
2196      	17:36:39  	371.5 	-23.0 	7     	39.5     	253   	37.8       	11.3       	8140      	-47.6
2198      	17:36:41  	371.2 	-23.0 	7     	39.4     	253   	37.7       	11.3       	8146      	-47.9
2200      	17:36:43  	370.9 	-23.1 	6     	39.3     	253   	37.6       	11.4       	8152      	-48.2
2202      	17:36:45  	370.6 	-23.1 	6     	39.2     	253   	37.5       	11.4       	8158      	-48.4
2204      	17:36:47  	370.3 	-23.1 	6     	38.9     	253   	37.2       	11.5       	8164      	-48.6
2206      	17:36:49  	370.0 	-23.2 	6     	38.8     	252   	37.0       	11.7       	8170      	-48.8
2208      	17:36:51  	369.7 	-23.2 	6     	38.6     	252   	36.7       	11.8       	8177      	-48.9
2210      	17:36:53  	369.4 	-23.2 	6     	38.5     	252   	36.6       	11.9       	8183      	-49.0
2212      	17:36:55  	369.1 	-23.3 	6     	38.3     	252   	36.4       	12.0       	8189      	-49.1
2214      	17:36:57  	368.8 	-23.4 	6     	38.3     	252   	36.3       	12.1       	8195      	-49.2
2216      	17:36:59  	368.4 	-23.4 	6     	38.1     	251   	36.1       	12.3       	8201      	-49.3
2218      	17:37:01  	368.1 	-23.5 	6     	38.0     	251   	35.9       	12.5       	8207      	-49.4
2220      	17:37:03  	367.8 	-23.5 	6     	37.9     	251   	35.7       	12.6       	8214      	-49.5
2222      	17:37:05  	367.5 	-23.6 	6     	37.7     	250   	35.5       	12.8       	8220      	-49.5
2224      	17:37:07  	367.2 	-23.6 	6     	37.6     	250   	35.4       	12.8       	8226      	-49.6
2226      	17:37:09  	366.8 	-23.7 	6     	37.7     	250   	35.4       	12.9       	8233      	-49.7
2228      	17:37:11  	366.5 	-23.7 	6     	37.6     	250   	35.3       	13.0       	8239      	-49.8
2230      	17:37:13  	366.2 	-23.8 	6     	37.5     	249   	35.1       	13.2       	8245      	-49.9
2232      	17:37:15  	365.9 	-23.8 	6     	37.5     	249   	35.0       	13.4       	8251      	-50.0
2234      	17:37:17  	365.6 	-23.9 	5     	37.4     	249   	34.8       	13.6       	8257      	-50.1
2236      	17:37:19  	365.3 	-23.9 	5     	37.3     	248   	34.7       	13.8       	8263      	-50.2
2238      	17:37:21  	365.0 	-24.0 	5     	37.3     	248   	34.6       	13.9       	8270      	-50.3
2240      	17:37:23  	364.7 	-24.0 	5     	37.2     	248   	34.5       	14.0       	8276      	-50.4
2242      	17:37:25  	364.3 	-24.1 	5     	37.3     	247   	34.5       	14.3       	8283      	-50.5
2244      	17:37:27  	364.0 	-24.1 	5     	37.3     	247   	34.4       	14.5       	8289      	-50.5
2246      	17:37:29  	363.7 	-24.1 	5     	37.4     	247   	34.3       	14.8       	8296      	-50.5
2248      	17:37:31  	363.4 	-24.2 	5     	37.4     	246   	34.3       	15.0       	8302      	-50.6
2250      	17:37:33  	363.0 	-24.2 	5     	37.5     	246   	34.3       	15.2       	8309      	-50.6
2252      	17:37:35  	362.7 	-24.3 	5     	37.6     	246   	34.3       	15.3       	8316      	-50.7
2254      	17:37:37  	362.4 	-24.3 	5     	37.7     	246   	34.4       	15.4       	8322      	-50.8
2256      	17:37:39  	362.1 	-24.3 	5     	37.8     	246   	34.4       	15.6       	8328      	-50.8
2258      	17:37:41  	361.8 	-24.3 	5     	37.9     	245   	34.4       	15.8       	8334      	-50.9
2260      	17:37:43  	361.5 	-24.4 	5     	37.9     	245   	34.4       	16.0       	8340      	-51.0
2262      	17:37:45  	361.2 	-24.4 	5     	38.0     	245   	34.4       	16.1       	8346      	-51.0
2264      	17:37:47  	360.9 	-24.4 	5     	38.0     	245   	34.4       	16.2       	8352      	-51.2
2266      	17:37:49  	360.6 	-24.4 	5     	38.0     	245   	34.4       	16.2       	8358      	-51.3
2268      	17:37:51  	360.3 	-24.4 	5     	38.1     	245   	34.4       	16.3       	8364      	-51.4
2270      	17:37:53  	360.0 	-24.5 	5     	38.1     	244   	34.3       	16.5       	8370      	-51.6
2272      	17:37:55  	359.7 	-24.5 	5     	38.0     	244   	34.2       	16.6       	8377      	-51.7
2274      	17:37:57  	359.4 	-24.5 	5     	38.0     	244   	34.1       	16.7       	8383      	-51.9
2276      	17:37:59  	359.0 	-24.5 	5     	37.9     	244   	34.0       	16.7       	8389      	-52.1
2278      	17:38:01  	358.7 	-24.6 	5     	37.8     	244   	33.9       	16.8       	8395      	-52.2
2280      	17:38:03  	358.4 	-24.6 	4     	37.8     	243   	33.8       	16.9       	8402      	-52.3
2282      	17:38:05  	358.1 	-24.6 	4     	37.7     	243   	33.6       	17.0       	8408      	-52.4
2284      	17:38:07  	357.8 	-24.7 	4     	37.7     	243   	33.5       	17.2       	8414      	-52.5
2286      	17:38:09  	357.5 	-24.7 	4     	37.6     	242   	33.3       	17.4       	8421      	-52.6
2288      	17:38:11  	357.2 	-24.7 	4     	37.5     	242   	33.2       	17.5       	8427      	-52.7
2290      	17:38:13  	356.9 	-24.8 	4     	37.6     	242   	33.2       	17.7       	8433      	-52.8
2292      	17:38:15  	356.6 	-24.8 	4     	37.6     	242   	33.1       	17.8       	8440      	-52.9
2294      	17:38:17  	356.3 	-24.8 	4     	37.7     	242   	33.2       	17.8       	8446      	-53.0
2296      	17:38:19  	356.0 	-24.9 	4     	37.7     	242   	33.2       	17.9       	8452      	-53.0
2298      	17:38:21  	355.7 	-24.9 	4     	37.7     	242   	33.2       	17.9       	8458      	-53.1
2300      	17:38:23  	355.3 	-25.0 	4     	37.8     	242   	33.3       	17.9       	8465      	-53.2
2302      	17:38:25  	355.0 	-25.0 	4     	37.8     	242   	33.3       	17.8       	8471      	-53.2
2304      	17:38:27  	354.7 	-25.0 	4     	37.8     	242   	33.4       	17.7       	8477      	-53.3
2306      	17:38:29  	354.4 	-25.1 	4     	37.9     	242   	33.5       	17.7       	8484      	-53.3
2308      	17:38:31  	354.1 	-25.1 	4     	38.0     	242   	33.7       	17.6       	8490      	-53.4
2310      	17:38:33  	353.8 	-25.2 	4     	38.2     	243   	33.9       	17.5       	8497      	-53.5
2312      	17:38:35  	353.5 	-25.2 	4     	38.3     	243   	34.1       	17.4       	8503      	-53.6
2314      	17:38:37  	353.2 	-25.2 	4     	38.4     	243   	34.2       	17.4       	8510      	-53.8
2316      	17:38:39  	352.8 	-25.3 	4     	38.5     	243   	34.3       	17.4       	8516      	-53.9
2318      	17:38:41  	352.5 	-25.3 	4     	38.6     	243   	34.4       	17.4       	8522      	-54.1
2320      	17:38:43  	352.2 	-25.4 	4     	38.6     	243   	34.5       	17.4       	8528      	-54.2
2322      	17:38:45  	351.9 	-25.4 	4     	38.8     	243   	34.6       	17.5       	8535      	-54.2
2324      	17:38:47  	351.6 	-25.5 	4     	38.9     	243   	34.7       	17.6       	8541      	-54.3
2326      	17:38:49  	351.3 	-25.5 	4     	39.0     	243   	34.8       	17.6       	8547      	-54.4
2328      	17:38:51  	351.0 	-25.6 	4     	39.0     	243   	34.8       	17.7       	8554      	-54.4
2330      	17:38:53  	350.7 	-25.6 	4     	39.1     	243   	34.8       	17.8       	8560      	-54.4
2332      	17:38:55  	350.4 	-25.6 	4     	39.0     	243   	34.7       	17.9       	8567      	-54.5
2334      	17:38:57  	350.1 	-25.7 	4     	39.1     	242   	34.7       	18.1       	8573      	-54.6
2336      	17:38:59  	349.8 	-25.7 	4     	39.2     	242   	34.7       	18.3       	8579      	-54.7
2338      	17:39:01  	349.5 	-25.7 	4     	39.2     	242   	34.6       	18.5       	8585      	-54.8
2340      	17:39:03  	349.2 	-25.8 	4     	39.3     	242   	34.6       	18.6       	8591      	-54.9
2342      	17:39:05  	348.9 	-25.8 	4     	39.3     	242   	34.6       	18.7       	8598      	-55.0
2344      	17:39:07  	348.6 	-25.8 	4     	39.3     	241   	34.5       	18.8       	8604      	-55.2
2346      	17:39:09  	348.3 	-25.9 	3     	39.4     	241   	34.5       	19.0       	8610      	-55.3
2348      	17:39:11  	348.0 	-25.9 	3     	39.5     	241   	34.5       	19.3       	8617      	-55.4
2350      	17:39:13  	347.7 	-25.9 	3     	39.6     	241   	34.5       	19.5       	8623      	-55.5
2352      	17:39:15  	347.4 	-26.0 	3     	39.7     	240   	34.5       	19.6       	8629      	-55.6
2354      	17:39:17  	347.1 	-26.0 	3     	39.7     	240   	34.5       	19.7       	8636      	-55.7
2356      	17:39:19  	346.8 	-26.1 	3     	39.8     	240   	34.5       	19.8       	8642      	-55.7
2358      	17:39:21  	346.5 	-26.1 	3     	39.9     	240   	34.5       	20.0       	8648      	-55.8
2360      	17:39:23  	346.2 	-26.1 	3     	39.9     	240   	34.4       	20.2       	8654      	-55.9
2362      	17:39:25  	345.9 	-26.2 	3     	40.0     	239   	34.4       	20.4       	8660      	-55.9
2364      	17:39:27  	345.6 	-26.2 	3     	40.0     	239   	34.3       	20.6       	8666      	-56.0
2366      	17:39:29  	345.3 	-26.3 	3     	40.0     	239   	34.2       	20.7       	8672      	-56.1
2368      	17:39:31  	345.0 	-26.3 	3     	39.9     	239   	34.1       	20.8       	8678      	-56.2
2370      	17:39:33  	344.7 	-26.4 	3     	40.0     	238   	34.0       	21.0       	8684      	-56.3
2372      	17:39:35  	344.5 	-26.4 	3     	40.0     	238   	33.9       	21.2       	8690      	-56.5
2374      	17:39:37  	344.2 	-26.4 	3     	40.1     	238   	33.8       	21.5       	8696      	-56.6
2376      	17:39:39  	343.9 	-26.5 	3     	40.1     	237   	33.7       	21.7       	8702      	-56.7
2378      	17:39:41  	343.6 	-26.5 	3     	40.1     	237   	33.6       	21.9       	8708      	-56.8
2380      	17:39:43  	343.3 	-26.6 	3     	40.2     	237   	33.6       	22.0       	8714      	-56.9
2382      	17:39:45  	343.0 	-26.6 	3     	40.3     	237   	33.6       	22.2       	8720      	-57.0
2384      	17:39:47  	342.7 	-26.7 	3     	40.3     	236   	33.5       	22.4       	8727      	-57.0
2386      	17:39:49  	342.4 	-26.7 	3     	40.3     	236   	33.4       	22.6       	8733      	-57.1
2388      	17:39:51  	342.1 	-26.7 	3     	40.4     	236   	33.3       	22.8       	8739      	-57.1
2390      	17:39:53  	341.8 	-26.8 	3     	40.4     	235   	33.2       	23.1       	8745      	-57.1
2392      	17:39:55  	341.6 	-26.8 	3     	40.4     	235   	33.2       	23.1       	8751      	-57.2
2394      	17:39:57  	341.3 	-26.9 	3     	40.4     	235   	33.1       	23.2       	8757      	-57.2
2396      	17:39:59  	341.0 	-26.9 	3     	40.5     	235   	33.1       	23.3       	8763      	-57.2
2398      	17:40:01  	340.7 	-27.0 	3     	40.5     	235   	33.0       	23.5       	8769      	-57.3
2400      	17:40:03  	340.4 	-27.0 	3     	40.5     	234   	32.8       	23.7       	8775      	-57.3
2402      	17:40:05  	340.1 	-27.0 	3     	40.5     	234   	32.7       	23.9       	8781      	-57.3
2404      	17:40:07  	339.9 	-27.1 	3     	40.5     	234   	32.7       	23.9       	8787      	-57.4
2406      	17:40:09  	339.6 	-27.1 	3     	40.5     	234   	32.6       	24.0       	8793      	-57.4
2408      	17:40:11  	339.3 	-27.2 	3     	40.5     	234   	32.6       	24.1       	8799      	-57.4
2410      	17:40:13  	339.0 	-27.2 	3     	40.5     	233   	32.5       	24.2       	8805      	-57.5
2412      	17:40:15  	338.7 	-27.2 	3     	40.6     	233   	32.5       	24.4       	8811      	-57.5
2414      	17:40:17  	338.4 	-27.3 	3     	40.7     	233   	32.4       	24.6       	8817      	-57.5
2416      	17:40:19  	338.2 	-27.3 	3     	40.7     	233   	32.4       	24.7       	8823      	-57.5
2418      	17:40:21  	337.9 	-27.4 	3     	40.9     	232   	32.4       	24.9       	8829      	-57.6
2420      	17:40:23  	337.6 	-27.4 	3     	40.9     	232   	32.4       	25.0       	8835      	-57.7
2422      	17:40:25  	337.3 	-27.5 	3     	41.0     	232   	32.4       	25.1       	8841      	-57.7
2424      	17:40:27  	337.0 	-27.5 	3     	41.0     	232   	32.3       	25.2       	8848      	-57.7
2426      	17:40:29  	336.7 	-27.5 	3     	41.1     	232   	32.3       	25.4       	8854      	-57.8
2428      	17:40:31  	336.4 	-27.6 	3     	41.1     	232   	32.2       	25.5       	8860      	-57.9
2430      	17:40:33  	336.1 	-27.6 	3     	41.1     	231   	32.1       	25.6       	8866      	-57.9
2432      	17:40:35  	335.9 	-27.6 	3     	41.1     	231   	32.1       	25.7       	8872      	-58.0
2434      	17:40:37  	335.6 	-27.6 	3     	41.0     	231   	32.0       	25.7       	8878      	-58.1
2436      	17:40:39  	335.3 	-27.6 	3     	41.0     	231   	31.9       	25.7       	8884      	-58.4
2438      	17:40:41  	335.0 	-27.6 	3     	40.9     	231   	31.9       	25.6       	8891      	-58.7
2440      	17:40:43  	334.7 	-27.6 	3     	40.8     	231   	31.8       	25.5       	8897      	-59.1
2442      	17:40:45  	334.4 	-27.6 	2     	40.6     	231   	31.7       	25.4       	8903      	-59.5
2444      	17:40:47  	334.1 	-27.6 	2     	40.6     	231   	31.7       	25.3       	8909      	-59.9
2446      	17:40:49  	333.9 	-27.6 	2     	40.4     	231   	31.6       	25.2       	8915      	-60.3
2448      	17:40:51  	333.6 	-27.7 	2     	40.3     	232   	31.6       	25.0       	8921      	-60.7
2450      	17:40:53  	333.3 	-27.7 	2     	40.2     	232   	31.7       	24.7       	8927      	-61.0
2452      	17:40:55  	333.0 	-27.7 	2     	40.1     	232   	31.8       	24.5       	8933      	-61.1
2454      	17:40:57  	332.7 	-27.7 	2     	40.0     	233   	31.8       	24.2       	8940      	-61.3
2456      	17:40:59  	332.4 	-27.8 	2     	39.9     	233   	31.9       	24.0       	8946      	-61.4
2458      	17:41:01  	332.2 	-27.8 	2     	39.9     	233   	32.0       	23.8       	8952      	-61.6
2460      	17:41:03  	331.9 	-27.9 	2     	39.9     	234   	32.1       	23.7       	8958      	-61.7
2462      	17:41:05  	331.6 	-27.9 	2     	39.7     	234   	32.2       	23.3       	8963      	-61.8
2464      	17:41:07  	331.4 	-27.9 	2     	39.7     	235   	32.3       	23.0       	8969      	-61.9
2466      	17:41:09  	331.1 	-28.0 	2     	39.6     	235   	32.5       	22.6       	8975      	-62.0
2468      	17:41:11  	330.9 	-28.0 	2     	39.6     	236   	32.6       	22.4       	8980      	-62.1
2470      	17:41:13  	330.6 	-28.0 	2     	39.4     	236   	32.6       	22.2       	8985      	-62.3
2472      	17:41:15  	330.4 	-28.1 	2     	39.5     	236   	32.7       	22.1       	8991      	-62.4
2474      	17:41:17  	330.1 	-28.1 	2     	39.4     	236   	32.7       	21.9       	8996      	-62.6
2476      	17:41:19  	329.8 	-28.1 	2     	39.2     	236   	32.7       	21.7       	9002      	-62.8
2478      	17:41:21  	329.6 	-28.1 	2     	39.1     	237   	32.7       	21.5       	9007      	-63.0
2480      	17:41:23  	329.3 	-28.2 	2     	39.0     	237   	32.7       	21.3       	9013      	-63.2
2482      	17:41:25  	329.1 	-28.2 	1     	38.9     	237   	32.6       	21.2       	9019      	-63.4
2484      	17:41:27  	328.8 	-28.2 	1     	38.8     	237   	32.5       	21.2       	9025      	-63.5
2486      	17:41:29  	328.5 	-28.3 	1     	38.7     	237   	32.4       	21.2       	9030      	-63.6
2488      	17:41:31  	328.3 	-28.3 	1     	38.6     	237   	32.3       	21.2       	9036      	-63.7
2490      	17:41:33  	328.0 	-28.3 	1     	38.5     	236   	32.1       	21.3       	9042      	-63.7
2492      	17:41:35  	327.8 	-28.3 	1     	38.4     	236   	31.9       	21.3       	9047      	-63.8
2494      	17:41:37  	327.5 	-28.4 	1     	38.3     	236   	31.8       	21.4       	9053      	-63.8
2496      	17:41:39  	327.3 	-28.4 	1     	38.2     	236   	31.6       	21.5       	9058      	-63.8
2498      	17:41:41  	327.0 	-28.4 	1     	38.1     	236   	31.5       	21.5       	9064      	-63.8
2500      	17:41:43  	326.8 	-28.4 	1     	38.1     	235   	31.4       	21.6       	9069      	-63.8
2502      	17:41:45  	326.5 	-28.4 	1     	38.0     	235   	31.3       	21.6       	9075      	-63.9
2504      	17:41:47  	326.2 	-28.5 	1     	37.9     	235   	31.1       	21.7       	9080      	-63.9
2506      	17:41:49  	326.0 	-28.5 	1     	37.8     	235   	31.0       	21.7       	9086      	-63.9
2508      	17:41:51  	325.7 	-28.5 	1     	37.8     	235   	31.0       	21.6       	9092      	-63.9
2510      	17:41:53  	325.5 	-28.5 	1     	37.8     	235   	31.0       	21.6       	9097      	-63.9
2512      	17:41:55  	325.2 	-28.5 	1     	37.7     	235   	31.0       	21.5       	9103      	-63.9
2514      	17:41:57  	325.0 	-28.6 	1     	37.6     	236   	31.0       	21.3       	9108      	-64.0
2516      	17:41:59  	324.7 	-28.6 	1     	37.6     	236   	31.1       	21.1       	9114      	-64.0
2518      	17:42:01  	324.5 	-28.6 	1     	37.6     	236   	31.2       	20.9       	9119      	-64.0
2520      	17:42:03  	324.2 	-28.7 	1     	37.4     	236   	31.2       	20.7       	9125      	-64.0
2522      	17:42:05  	324.0 	-28.7 	1     	37.5     	237   	31.3       	20.6       	9130      	-64.0
2524      	17:42:07  	323.7 	-28.8 	1     	37.4     	237   	31.4       	20.4       	9136      	-64.0
2526      	17:42:09  	323.5 	-28.8 	1     	37.4     	237   	31.5       	20.2       	9141      	-64.0
2528      	17:42:11  	323.2 	-28.8 	1     	37.4     	238   	31.6       	20.0       	9147      	-64.0
2530      	17:42:13  	323.0 	-28.9 	1     	37.3     	238   	31.7       	19.7       	9152      	-64.0
2532      	17:42:15  	322.7 	-28.9 	1     	37.3     	238   	31.8       	19.5       	9158      	-64.0
2534      	17:42:17  	322.5 	-29.0 	1     	37.3     	238   	31.8       	19.5       	9163      	-64.1
2536      	17:42:19  	322.2 	-29.0 	1     	37.3     	239   	31.9       	19.4       	9169      	-64.1
2538      	17:42:21  	322.0 	-29.1 	1     	37.3     	239   	31.9       	19.3       	9175      	-64.2
2540      	17:42:23  	321.7 	-29.1 	1     	37.2     	239   	31.9       	19.2       	9180      	-64.2
2542      	17:42:25  	321.5 	-29.2 	1     	37.3     	239   	32.0       	19.1       	9186      	-64.3
2544      	17:42:27  	321.2 	-29.2 	1     	37.2     	239   	32.0       	19.0       	9192      	-64.3
2546      	17:42:29  	321.0 	-29.3 	1     	37.2     	239   	32.0       	18.9       	9197      	-64.3
2548      	17:42:31  	320.7 	-29.3 	1     	37.2     	240   	32.1       	18.8       	9203      	-64.3
2550      	17:42:33  	320.5 	-29.3 	1     	37.2     	240   	32.1       	18.8       	9208      	-64.4
2552      	17:42:35  	320.2 	-29.4 	1     	37.1     	240   	32.1       	18.7       	9214      	-64.4
2554      	17:42:37  	320.0 	-29.4 	1     	37.2     	240   	32.2       	18.6       	9220      	-64.4
2556      	17:42:39  	319.7 	-29.5 	1     	37.2     	240   	32.3       	18.5       	9225      	-64.4
2558      	17:42:41  	319.5 	-29.5 	1     	37.3     	240   	32.4       	18.4       	9230      	-64.4
2560      	17:42:43  	319.3 	-29.6 	1     	37.3     	240   	32.5       	18.4       	9235      	-64.5
2562      	17:42:45  	319.0 	-29.6 	1     	37.4     	241   	32.6       	18.4       	9241      	-64.5
2564      	17:42:47  	318.8 	-29.7 	1     	37.5     	241   	32.7       	18.4       	9246      	-64.5
2566      	17:42:49  	318.6 	-29.7 	1     	37.6     	241   	32.9       	18.3       	9251      	-64.5
2568      	17:42:51  	318.3 	-29.7 	1     	37.8     	241   	33.1       	18.2       	9256      	-64.6
2570      	17:42:53  	318.1 	-29.8 	1     	37.9     	241   	33.3       	18.1       	9262      	-64.6
2572      	17:42:55  	317.9 	-29.8 	1     	37.9     	242   	33.4       	18.0       	9267      	-64.6
2574      	17:42:57  	317.6 	-29.9 	1     	38.1     	242   	33.6       	17.9       	9272      	-64.7
2576      	17:42:59  	317.4 	-29.9 	1     	38.1     	242   	33.7       	17.8       	9277      	-64.7
2578      	17:43:01  	317.1 	-30.0 	1     	38.2     	242   	33.8       	17.8       	9283      	-64.7
2580      	17:43:03  	316.9 	-30.0 	1     	38.4     	243   	34.1       	17.7       	9288      	-64.7
2582      	17:43:05  	316.7 	-30.0 	1     	38.6     	243   	34.4       	17.6       	9293      	-64.7
2584      	17:43:07  	316.5 	-30.1 	2     	38.8     	243   	34.6       	17.6       	9298      	-64.6
2586      	17:43:09  	316.2 	-30.1 	2     	39.0     	243   	34.8       	17.6       	9303      	-64.5
2588      	17:43:11  	316.0 	-30.1 	2     	39.1     	243   	34.9       	17.6       	9308      	-64.5
2590      	17:43:13  	315.8 	-30.2 	2     	39.3     	243   	35.1       	17.6       	9313      	-64.4
2592      	17:43:15  	315.6 	-30.2 	2     	39.4     	243   	35.3       	17.6       	9318      	-64.3
2594      	17:43:17  	315.4 	-30.3 	2     	39.7     	243   	35.5       	17.7       	9323      	-64.3
2596      	17:43:19  	315.1 	-30.3 	2     	39.8     	244   	35.7       	17.7       	9328      	-64.2
2598      	17:43:21  	314.9 	-30.3 	2     	40.0     	244   	35.9       	17.7       	9333      	-64.1
2600      	17:43:23  	314.7 	-30.4 	2     	40.1     	244   	35.9       	17.8       	9339      	-64.1
2602      	17:43:25  	314.4 	-30.4 	2     	40.2     	244   	36.0       	17.8       	9344      	-64.1
2604      	17:43:27  	314.2 	-30.4 	2     	40.4     	244   	36.2       	17.9       	9350      	-64.1
2606      	17:43:29  	313.9 	-30.5 	2     	40.7     	244   	36.5       	18.1       	9355      	-64.0
2608      	17:43:31  	313.7 	-30.5 	2     	41.1     	244   	36.8       	18.2       	9360      	-64.0
2610      	17:43:33  	313.5 	-30.5 	2     	41.3     	244   	37.0       	18.4       	9366      	-64.0
2612      	17:43:35  	313.2 	-30.5 	2     	41.5     	244   	37.2       	18.5       	9371      	-64.0
2614      	17:43:37  	313.0 	-30.5 	2     	41.8     	244   	37.4       	18.6       	9376      	-63.9
2616      	17:43:39  	312.8 	-30.6 	2     	42.0     	243   	37.6       	18.8       	9382      	-63.9
2618      	17:43:41  	312.5 	-30.6 	2     	42.4     	243   	37.9       	19.0       	9387      	-63.8
2620      	17:43:43  	312.3 	-30.6 	2     	42.7     	243   	38.1       	19.2       	9392      	-63.6
2622      	17:43:45  	312.1 	-30.6 	2     	43.0     	243   	38.4       	19.4       	9397      	-63.5
2624      	17:43:47  	311.8 	-30.7 	2     	43.2     	243   	38.5       	19.5       	9402      	-63.4
2626      	17:43:49  	311.6 	-30.7 	2     	43.3     	243   	38.6       	19.6       	9408      	-63.3
2628      	17:43:51  	311.4 	-30.7 	2     	43.3     	243   	38.6       	19.7       	9413      	-63.2
2630      	17:43:53  	311.2 	-30.7 	2     	43.5     	243   	38.7       	19.8       	9418      	-63.1
2632      	17:43:55  	310.9 	-30.7 	2     	43.5     	243   	38.7       	19.9       	9423      	-63.1
2634      	17:43:57  	310.7 	-30.8 	2     	43.5     	243   	38.7       	19.9       	9428      	-63.1
2636      	17:43:59  	310.5 	-30.8 	2     	43.6     	243   	38.7       	20.0       	9433      	-63.0
2638      	17:44:01  	310.3 	-30.8 	2     	43.6     	243   	38.7       	20.0       	9438      	-63.0
2640      	17:44:03  	310.1 	-30.9 	2     	43.5     	243   	38.6       	20.0       	9443      	-62.9
2642      	17:44:05  	309.8 	-30.9 	2     	43.4     	243   	38.5       	20.0       	9448      	-62.9
2644      	17:44:07  	309.6 	-30.9 	2     	43.3     	242   	38.4       	20.0       	9453      	-62.8
2646      	17:44:09  	309.4 	-31.0 	2     	43.1     	242   	38.2       	20.0       	9458      	-62.8
2648      	17:44:11  	309.2 	-31.0 	2     	43.0     	242   	38.1       	20.0       	9464      	-62.7
2650      	17:44:13  	308.9 	-31.1 	2     	42.9     	242   	38.0       	20.0       	9469      	-62.7
2652      	17:44:15  	308.7 	-31.1 	2     	42.9     	242   	37.9       	20.0       	9474      	-62.7
2654      	17:44:17  	308.5 	-31.1 	2     	42.8     	242   	37.8       	20.0       	9480      	-62.7
2656      	17:44:19  	308.2 	-31.2 	2     	42.7     	242   	37.7       	20.0       	9485      	-62.7
2658      	17:44:21  	308.0 	-31.2 	2     	42.6     	242   	37.6       	20.0       	9490      	-62.7
2660      	17:44:23  	307.8 	-31.3 	2     	42.5     	242   	37.5       	19.9       	9496      	-62.7
2662      	17:44:25  	307.5 	-31.3 	2     	42.4     	242   	37.4       	19.9       	9501      	-62.6
2664      	17:44:27  	307.3 	-31.4 	2     	42.4     	242   	37.4       	19.9       	9506      	-62.6
2666      	17:44:29  	307.1 	-31.4 	2     	42.3     	242   	37.4       	19.8       	9512      	-62.6
2668      	17:44:31  	306.8 	-31.5 	2     	42.2     	242   	37.3       	19.7       	9517      	-62.5
2670      	17:44:33  	306.6 	-31.5 	2     	42.1     	242   	37.3       	19.6       	9523      	-62.4
2672      	17:44:35  	306.4 	-31.6 	2     	42.1     	242   	37.3       	19.5       	9528      	-62.4
2674      	17:44:37  	306.1 	-31.6 	2     	42.0     	243   	37.3       	19.4       	9534      	-62.4
2676      	17:44:39  	305.9 	-31.6 	2     	42.0     	243   	37.3       	19.4       	9539      	-62.4
2678      	17:44:41  	305.7 	-31.7 	2     	42.0     	243   	37.3       	19.3       	9544      	-62.4
2680      	17:44:43  	305.4 	-31.7 	2     	42.0     	243   	37.3       	19.2       	9549      	-62.4
2682      	17:44:45  	305.2 	-31.8 	2     	41.8     	243   	37.2       	19.1       	9555      	-62.4
2684      	17:44:47  	305.0 	-31.8 	2     	41.7     	243   	37.2       	18.9       	9560      	-62.4
2686      	17:44:49  	304.7 	-31.9 	2     	41.6     	243   	37.1       	18.8       	9565      	-62.5
2688      	17:44:51  	304.5 	-31.9 	2     	41.5     	243   	37.1       	18.6       	9571      	-62.5
2690      	17:44:53  	304.3 	-32.0 	2     	41.4     	243   	37.0       	18.6       	9576      	-62.6
2692      	17:44:55  	304.1 	-32.0 	2     	41.4     	243   	37.0       	18.5       	9581      	-62.5
2694      	17:44:57  	303.8 	-32.1 	2     	41.2     	244   	36.9       	18.3       	9586      	-62.5
2696      	17:44:59  	303.6 	-32.1 	2     	41.1     	244   	36.8       	18.2       	9592      	-62.6
2698      	17:45:01  	303.4 	-32.1 	2     	40.9     	244   	36.7       	18.0       	9597      	-62.6
2700      	17:45:03  	303.2 	-32.2 	2     	40.7     	244   	36.6       	17.8       	9602      	-62.7
2702      	17:45:05  	302.9 	-32.2 	2     	40.6     	244   	36.5       	17.8       	9608      	-62.7
2704      	17:45:07  	302.7 	-32.2 	2     	40.6     	244   	36.5       	17.7       	9613      	-62.8
2706      	17:45:09  	302.4 	-32.2 	2     	40.4     	244   	36.4       	17.6       	9619      	-62.9
2708      	17:45:11  	302.2 	-32.3 	2     	40.3     	244   	36.3       	17.4       	9624      	-63.0
2710      	17:45:13  	302.0 	-32.3 	2     	40.1     	245   	36.2       	17.2       	9630      	-63.1
2712      	17:45:15  	301.7 	-32.3 	2     	39.9     	245   	36.1       	17.1       	9635      	-63.2
2714      	17:45:17  	301.5 	-32.3 	2     	39.9     	245   	36.1       	17.0       	9641      	-63.3
2716      	17:45:19  	301.2 	-32.3 	2     	39.8     	245   	36.0       	16.9       	9647      	-63.4
2718      	17:45:21  	301.0 	-32.3 	2     	39.7     	245   	36.0       	16.8       	9653      	-63.6
2720      	17:45:23  	300.8 	-32.3 	2     	39.7     	245   	36.1       	16.6       	9658      	-63.8
2722      	17:45:25  	300.5 	-32.3 	2     	39.7     	246   	36.1       	16.4       	9664      	-64.0
2724      	17:45:27  	300.3 	-32.3 	2     	39.6     	246   	36.2       	16.1       	9669      	-64.2
2726      	17:45:29  	300.1 	-32.3 	2     	39.6     	246   	36.3       	15.9       	9675      	-64.4
2728      	17:45:31  	299.8 	-32.4 	2     	39.6     	247   	36.4       	15.7       	9680      	-64.7
2730      	17:45:33  	299.6 	-32.4 	2     	39.7     	247   	36.5       	15.6       	9685      	-64.9
2732      	17:45:35  	299.4 	-32.4 	2     	39.8     	247   	36.7       	15.4       	9691      	-65.1
2734      	17:45:37  	299.2 	-32.4 	2     	39.9     	248   	36.9       	15.2       	9696      	-65.3
2736      	17:45:39  	298.9 	-32.4 	2     	40.1     	248   	37.2       	14.9       	9702      	-65.5
2738      	17:45:41  	298.7 	-32.4 	2     	40.3     	249   	37.5       	14.7       	9707      	-65.7
2740      	17:45:43  	298.4 	-32.4 	2     	40.4     	249   	37.7       	14.5       	9713      	-65.9
2742      	17:45:45  	298.2 	-32.4 	2     	40.5     	249   	37.8       	14.5       	9718      	-66.1
2744      	17:45:47  	298.0 	-32.4 	2     	40.6     	249   	38.0       	14.4       	9724      	-66.2
2746      	17:45:49  	297.7 	-32.5 	1     	40.8     	250   	38.2       	14.2       	9729      	-66.4
2748      	17:45:51  	297.5 	-32.5 	1     	40.9     	250   	38.4       	14.0       	9735      	-66.5
2750      	17:45:53  	297.3 	-32.5 	1     	41.1     	250   	38.7       	13.8       	9741      	-66.6
2752      	17:45:55  	297.0 	-32.5 	1     	41.3     	251   	39.0       	13.5       	9747      	-66.6
2754      	17:45:57  	296.8 	-32.6 	1     	41.3     	251   	39.1       	13.4       	9753      	-66.6
2756      	17:45:59  	296.5 	-32.6 	1     	41.4     	251   	39.2       	13.2       	9758      	-66.6
2758      	17:46:01  	296.3 	-32.6 	1     	41.4     	252   	39.3       	13.1       	9764      	-66.6
2760      	17:46:03  	296.0 	-32.7 	1     	41.5     	252   	39.4       	12.9       	9770      	-66.7
2762      	17:46:05  	295.8 	-32.7 	1     	41.6     	252   	39.6       	12.6       	9776      	-66.7
2764      	17:46:07  	295.5 	-32.7 	1     	41.7     	253   	39.8       	12.4       	9781      	-66.7
2766      	17:46:09  	295.3 	-32.8 	1     	41.7     	253   	39.9       	12.2       	9787      	-66.7
2768      	17:46:11  	295.0 	-32.8 	1     	41.7     	253   	39.9       	12.1       	9793      	-66.7
2770      	17:46:13  	294.8 	-32.8 	1     	41.8     	253   	40.0       	12.0       	9799      	-66.7
2772      	17:46:15  	294.5 	-32.9 	1     	41.8     	254   	40.1       	11.8       	9805      	-66.7
2774      	17:46:17  	294.3 	-32.9 	2     	41.8     	254   	40.2       	11.6       	9811      	-66.8
2776      	17:46:19  	294.0 	-33.0 	2     	42.0     	254   	40.4       	11.4       	9818      	-66.8
2778      	17:46:21  	293.8 	-33.0 	2     	42.0     	255   	40.5       	11.2       	9824      	-66.8
2780      	17:46:23  	293.5 	-33.1 	2     	42.1     	255   	40.6       	11.1       	9830      	-66.8
2782      	17:46:25  	293.2 	-33.1 	2     	42.2     	255   	40.7       	11.0       	9837      	-66.8
2784      	17:46:27  	293.0 	-33.2 	2     	42.2     	255   	40.8       	10.8       	9843      	-66.9
2786      	17:46:29  	292.7 	-33.2 	2     	42.3     	255   	40.9       	10.6       	9849      	-66.9
2788      	17:46:31  	292.5 	-33.3 	2     	42.4     	256   	41.1       	10.4       	9855      	-66.9
2790      	17:46:33  	292.2 	-33.3 	2     	42.4     	256   	41.2       	10.1       	9862      	-66.9
2792      	17:46:35  	291.9 	-33.4 	2     	42.5     	256   	41.3       	10.0       	9868      	-66.8
2794      	17:46:37  	291.7 	-33.4 	2     	42.5     	257   	41.4       	9.8        	9874      	-66.7
2796      	17:46:39  	291.4 	-33.5 	2     	42.5     	257   	41.4       	9.6        	9880      	-66.7
2798      	17:46:41  	291.2 	-33.5 	2     	42.6     	257   	41.6       	9.4        	9886      	-66.5
2800      	17:46:43  	290.9 	-33.6 	2     	42.7     	258   	41.7       	9.1        	9893      	-66.4
2802      	17:46:45  	290.7 	-33.7 	2     	42.8     	258   	41.9       	8.8        	9899      	-66.1
2804      	17:46:47  	290.4 	-33.7 	2     	42.8     	258   	41.9       	8.6        	9905      	-65.9
2806      	17:46:49  	290.1 	-33.8 	2     	42.8     	259   	42.0       	8.4        	9911      	-65.7
2808      	17:46:51  	289.9 	-33.8 	2     	42.9     	259   	42.1       	8.3        	9918      	-65.4
2810      	17:46:53  	289.6 	-33.9 	2     	43.0     	259   	42.2       	8.1        	9924      	-65.2
2812      	17:46:55  	289.4 	-33.9 	2     	43.1     	259   	42.4       	7.9        	9930      	-64.9
2814      	17:46:57  	289.1 	-34.0 	2     	43.3     	260   	42.6       	7.6        	9936      	-64.7
2816      	17:46:59  	288.9 	-34.0 	2     	43.4     	260   	42.8       	7.4        	9942      	-64.4
2818      	17:47:01  	288.6 	-34.1 	2     	43.5     	260   	42.9       	7.4        	9948      	-64.2
2820      	17:47:03  	288.4 	-34.1 	3     	43.6     	260   	43.0       	7.3        	9954      	-64.0
2822      	17:47:05  	288.1 	-34.2 	3     	43.7     	261   	43.1       	7.2        	9960      	-63.8
2824      	17:47:07  	287.9 	-34.2 	3     	44.0     	261   	43.4       	7.1        	9967      	-63.6
2826      	17:47:09  	287.6 	-34.3 	3     	44.2     	261   	43.6       	7.0        	9973      	-63.3
2828      	17:47:11  	287.3 	-34.3 	3     	44.3     	261   	43.8       	6.8        	9979      	-63.1
2830      	17:47:13  	287.1 	-34.3 	3     	44.5     	261   	44.0       	6.8        	9985      	-62.8
2832      	17:47:15  	286.8 	-34.4 	3     	44.6     	261   	44.1       	6.7        	9991      	-62.6
2834      	17:47:17  	286.6 	-34.4 	3     	44.7     	261   	44.2       	6.7        	9998      	-62.4
2836      	17:47:19  	286.3 	-34.5 	3     	44.8     	262   	44.3       	6.6        	10004     	-62.3
2838      	17:47:21  	286.1 	-34.5 	3     	44.9     	262   	44.4       	6.5        	10010     	-62.1
2840      	17:47:23  	285.8 	-34.6 	3     	45.0     	262   	44.5       	6.5        	10017     	-62.0
2842      	17:47:25  	285.5 	-34.6 	4     	45.2     	262   	44.7       	6.4        	10023     	-62.0
2844      	17:47:27  	285.3 	-34.7 	4     	45.2     	262   	44.7       	6.4        	10029     	-61.9
2846      	17:47:29  	285.0 	-34.7 	4     	45.2     	262   	44.7       	6.4        	10036     	-61.8
2848      	17:47:31  	284.8 	-34.8 	4     	45.2     	262   	44.7       	6.4        	10042     	-61.7
2850      	17:47:33  	284.5 	-34.8 	4     	45.2     	262   	44.7       	6.4        	10049     	-61.7
2852      	17:47:35  	284.2 	-34.9 	4     	45.3     	262   	44.8       	6.5        	10055     	-61.6
2854      	17:47:37  	284.0 	-34.9 	4     	45.3     	262   	44.8       	6.6        	10062     	-61.6
2856      	17:47:39  	283.7 	-35.0 	4     	45.3     	262   	44.8       	6.6        	10068     	-61.6
2858      	17:47:41  	283.4 	-35.0 	4     	45.4     	262   	44.9       	6.7        	10074     	-61.6
2860      	17:47:43  	283.2 	-35.1 	4     	45.4     	261   	44.9       	6.8        	10081     	-61.6
2862      	17:47:45  	282.9 	-35.1 	4     	45.5     	261   	45.0       	6.9        	10087     	-61.6
2864      	17:47:47  	282.7 	-35.2 	4     	45.6     	261   	45.0       	7.1        	10094     	-61.7
2866      	17:47:49  	282.4 	-35.2 	4     	45.7     	261   	45.1       	7.2        	10100     	-61.7
2868      	17:47:51  	282.1 	-35.3 	4     	45.7     	261   	45.1       	7.4        	10107     	-61.7
2870      	17:47:53  	281.9 	-35.3 	4     	45.7     	261   	45.1       	7.4        	10113     	-61.8
2872      	17:47:55  	281.6 	-35.3 	4     	45.7     	261   	45.1       	7.5        	10120     	-61.8
2874      	17:47:57  	281.3 	-35.4 	4     	45.8     	260   	45.2       	7.6        	10126     	-61.9
2876      	17:47:59  	281.1 	-35.4 	4     	45.9     	260   	45.2       	7.7        	10132     	-62.0
2878      	17:48:01  	280.8 	-35.5 	4     	45.9     	260   	45.2       	7.8        	10139     	-62.0
2880      	17:48:03  	280.6 	-35.5 	4     	46.0     	260   	45.3       	7.8        	10145     	-62.0
2882      	17:48:05  	280.3 	-35.6 	4     	46.0     	260   	45.3       	7.9        	10151     	-62.0
2884      	17:48:07  	280.1 	-35.6 	4     	46.0     	260   	45.3       	7.9        	10158     	-62.0
2886      	17:48:09  	279.8 	-35.6 	4     	46.0     	260   	45.3       	7.9        	10164     	-62.1
2888      	17:48:11  	279.6 	-35.7 	4     	46.1     	260   	45.4       	7.9        	10170     	-62.1
2890      	17:48:13  	279.3 	-35.7 	4     	46.1     	260   	45.4       	7.9        	10177     	-62.1
2892      	17:48:15  	279.1 	-35.8 	4     	46.2     	260   	45.5       	8.0        	10183     	-62.1
2894      	17:48:17  	278.8 	-35.8 	4     	46.3     	260   	45.6       	8.0        	10189     	-62.2
2896      	17:48:19  	278.5 	-35.9 	4     	46.3     	260   	45.6       	8.0        	10196     	-62.2
2898      	17:48:21  	278.3 	-35.9 	4     	46.4     	260   	45.7       	8.1        	10202     	-62.2
2900      	17:48:23  	278.0 	-36.0 	4     	46.5     	260   	45.8       	8.1        	10208     	-62.3
2902      	17:48:25  	277.8 	-36.0 	4     	46.5     	260   	45.8       	8.3        	10215     	-62.3
2904      	17:48:27  	277.5 	-36.1 	4     	46.7     	260   	45.9       	8.4        	10221     	-62.3
2906      	17:48:29  	277.3 	-36.1 	4     	46.8     	260   	46.0       	8.5        	10228     	-62.4
2908      	17:48:31  	277.0 	-36.2 	4     	46.9     	259   	46.1       	8.6        	10234     	-62.4
2910      	17:48:33  	276.7 	-36.2 	4     	46.9     	259   	46.1       	8.7        	10241     	-62.4
2912      	17:48:35  	276.5 	-36.3 	4     	47.0     	259   	46.2       	8.8        	10247     	-62.4
2914      	17:48:37  	276.2 	-36.3 	4     	47.0     	259   	46.2       	8.9        	10253     	-62.5
2916      	17:48:39  	276.0 	-36.4 	4     	47.2     	259   	46.3       	9.0        	10259     	-62.5
2918      	17:48:41  	275.8 	-36.5 	4     	47.3     	259   	46.4       	9.2        	10266     	-62.5
2920      	17:48:43  	275.5 	-36.5 	4     	47.4     	259   	46.5       	9.3        	10272     	-62.5
2922      	17:48:45  	275.3 	-36.5 	4     	47.4     	259   	46.5       	9.4        	10278     	-62.4
2924      	17:48:47  	275.0 	-36.6 	4     	47.6     	258   	46.6       	9.5        	10284     	-62.5
2926      	17:48:49  	274.8 	-36.7 	4     	47.6     	258   	46.6       	9.5        	10290     	-62.5
2928      	17:48:51  	274.5 	-36.7 	4     	47.6     	258   	46.6       	9.7        	10297     	-62.5
2930      	17:48:53  	274.3 	-36.8 	4     	47.6     	258   	46.6       	9.9        	10303     	-62.6
2932      	17:48:55  	274.0 	-36.8 	4     	47.8     	258   	46.7       	10.0       	10310     	-62.7
2934      	17:48:57  	273.7 	-36.9 	4     	47.7     	258   	46.6       	10.1       	10316     	-62.7
2936      	17:48:59  	273.5 	-36.9 	4     	47.7     	258   	46.6       	10.2       	10323     	-62.8
2938      	17:49:01  	273.2 	-37.0 	4     	47.7     	258   	46.6       	10.3       	10329     	-62.8
2940      	17:49:03  	273.0 	-37.0 	4     	47.7     	257   	46.6       	10.4       	10335     	-62.9
2942      	17:49:05  	272.8 	-37.1 	4     	47.7     	257   	46.5       	10.5       	10341     	-62.9
2944      	17:49:07  	272.5 	-37.1 	4     	47.7     	257   	46.5       	10.6       	10347     	-63.0
2946      	17:49:09  	272.3 	-37.2 	4     	47.7     	257   	46.5       	10.7       	10353     	-63.1
2948      	17:49:11  	272.0 	-37.2 	4     	47.7     	257   	46.5       	10.7       	10360     	-63.1
2950      	17:49:13  	271.8 	-37.3 	4     	47.7     	257   	46.5       	10.7       	10366     	-63.2
2952      	17:49:15  	271.5 	-37.3 	4     	47.7     	257   	46.5       	10.7       	10372     	-63.2
2954      	17:49:17  	271.3 	-37.4 	4     	47.7     	257   	46.5       	10.8       	10378     	-63.2
2956      	17:49:19  	271.0 	-37.4 	4     	47.7     	257   	46.5       	10.8       	10385     	-63.3
2958      	17:49:21  	270.8 	-37.5 	4     	47.7     	257   	46.5       	10.8       	10391     	-63.3
2960      	17:49:23  	270.6 	-37.5 	4     	47.7     	257   	46.5       	10.8       	10397     	-63.3
2962      	17:49:25  	270.3 	-37.6 	4     	47.7     	257   	46.5       	10.8       	10403     	-63.3
2964      	17:49:27  	270.1 	-37.6 	4     	47.7     	257   	46.5       	10.8       	10409     	-63.3
2966      	17:49:29  	269.8 	-37.7 	4     	47.8     	257   	46.5       	10.9       	10415     	-63.3
2968      	17:49:31  	269.6 	-37.7 	4     	47.8     	257   	46.5       	10.9       	10421     	-63.3
2970      	17:49:33  	269.4 	-37.8 	4     	47.8     	257   	46.5       	10.9       	10427     	-63.4
2972      	17:49:35  	269.1 	-37.8 	4     	47.8     	257   	46.5       	10.9       	10434     	-63.4
2974      	17:49:37  	268.9 	-37.9 	4     	47.8     	257   	46.5       	11.0       	10440     	-63.5
2976      	17:49:39  	268.6 	-38.0 	4     	47.8     	257   	46.5       	11.0       	10446     	-63.5
2978      	17:49:41  	268.4 	-38.0 	4     	47.8     	257   	46.5       	11.1       	10453     	-63.5
2980      	17:49:43  	268.1 	-38.1 	4     	47.7     	256   	46.4       	11.2       	10459     	-63.6
2982      	17:49:45  	267.9 	-38.1 	4     	47.8     	256   	46.4       	11.3       	10465     	-63.6
2984      	17:49:47  	267.7 	-38.2 	4     	47.8     	256   	46.4       	11.4       	10471     	-63.6
2986      	17:49:49  	267.4 	-38.2 	4     	47.8     	256   	46.4       	11.5       	10477     	-63.6
2988      	17:49:51  	267.2 	-38.3 	4     	47.8     	256   	46.4       	11.6       	10483     	-63.6
2990      	17:49:53  	267.0 	-38.3 	4     	47.9     	256   	46.4       	11.7       	10489     	-63.6
2992      	17:49:55  	266.7 	-38.4 	4     	47.9     	256   	46.4       	11.9       	10495     	-63.5
2994      	17:49:57  	266.5 	-38.4 	4     	48.0     	255   	46.4       	12.1       	10501     	-63.5
2996      	17:49:59  	266.3 	-38.5 	4     	48.0     	255   	46.4       	12.2       	10507     	-63.5
2998      	17:50:01  	266.0 	-38.6 	4     	48.0     	255   	46.4       	12.3       	10513     	-63.5
3000      	17:50:03  	265.8 	-38.6 	4     	48.0     	255   	46.4       	12.4       	10520     	-63.5
3002      	17:50:05  	265.5 	-38.7 	5     	48.0     	255   	46.4       	12.4       	10526     	-63.4
3004      	17:50:07  	265.3 	-38.7 	5     	48.2     	255   	46.5       	12.5       	10532     	-63.4
3006      	17:50:09  	265.1 	-38.7 	5     	48.2     	255   	46.5       	12.6       	10538     	-63.3
3008      	17:50:11  	264.8 	-38.8 	5     	48.2     	255   	46.5       	12.8       	10544     	-63.3
3010      	17:50:13  	264.6 	-38.9 	5     	48.3     	254   	46.5       	12.9       	10550     	-63.3
3012      	17:50:15  	264.4 	-38.9 	5     	48.4     	255   	46.6       	12.9       	10556     	-63.3
3014      	17:50:17  	264.1 	-39.0 	5     	48.4     	254   	46.6       	13.0       	10562     	-63.2
3016      	17:50:19  	263.9 	-39.0 	5     	48.4     	254   	46.6       	13.0       	10568     	-63.2
3018      	17:50:21  	263.7 	-39.1 	5     	48.4     	254   	46.6       	13.1       	10574     	-63.2
3020      	17:50:23  	263.4 	-39.1 	5     	48.3     	254   	46.5       	13.2       	10581     	-63.2
3022      	17:50:25  	263.2 	-39.2 	5     	48.4     	254   	46.5       	13.3       	10586     	-63.2
3024      	17:50:27  	263.0 	-39.3 	5     	48.4     	254   	46.5       	13.4       	10592     	-63.2
3026      	17:50:29  	262.8 	-39.3 	5     	48.4     	254   	46.5       	13.4       	10598     	-63.3
3028      	17:50:31  	262.5 	-39.4 	5     	48.3     	254   	46.4       	13.5       	10604     	-63.3
3030      	17:50:33  	262.3 	-39.4 	5     	48.3     	254   	46.4       	13.5       	10610     	-63.4
3032      	17:50:35  	262.1 	-39.5 	5     	48.3     	254   	46.3       	13.6       	10616     	-63.4
3034      	17:50:37  	261.8 	-39.5 	5     	48.2     	254   	46.2       	13.6       	10622     	-63.4
3036      	17:50:39  	261.6 	-39.6 	5     	48.1     	253   	46.1       	13.7       	10628     	-63.4
3038      	17:50:41  	261.4 	-39.6 	5     	48.1     	253   	46.1       	13.7       	10634     	-63.4
3040      	17:50:43  	261.1 	-39.7 	5     	48.0     	253   	46.0       	13.7       	10640     	-63.5
3042      	17:50:45  	260.9 	-39.7 	5     	47.9     	253   	45.9       	13.8       	10646     	-63.5
3044      	17:50:47  	260.7 	-39.8 	5     	47.9     	253   	45.9       	13.8       	10652     	-63.5
3046      	17:50:49  	260.4 	-39.8 	5     	47.9     	253   	45.8       	13.9       	10658     	-63.6
3048      	17:50:51  	260.2 	-39.9 	5     	47.8     	253   	45.7       	13.9       	10665     	-63.6
3050      	17:50:53  	260.0 	-39.9 	5     	47.7     	253   	45.6       	14.0       	10671     	-63.6
3052      	17:50:55  	259.7 	-40.0 	5     	47.7     	253   	45.6       	14.0       	10677     	-63.6
3054      	17:50:57  	259.5 	-40.0 	5     	47.6     	253   	45.5       	14.1       	10683     	-63.6
3056      	17:50:59  	259.3 	-40.1 	5     	47.6     	253   	45.5       	14.1       	10689     	-63.6
3058      	17:51:01  	259.1 	-40.1 	5     	47.6     	253   	45.4       	14.2       	10695     	-63.6
3060      	17:51:03  	258.8 	-40.2 	5     	47.5     	252   	45.3       	14.3       	10701     	-63.5
3062      	17:51:05  	258.6 	-40.2 	5     	47.4     	252   	45.2       	14.3       	10706     	-63.5
3064      	17:51:07  	258.4 	-40.3 	5     	47.4     	252   	45.2       	14.4       	10712     	-63.5
3066      	17:51:09  	258.2 	-40.3 	5     	47.4     	252   	45.2       	14.4       	10718     	-63.5
3068      	17:51:11  	258.0 	-40.4 	5     	47.3     	252   	45.1       	14.4       	10724     	-63.5
3070      	17:51:13  	257.7 	-40.4 	5     	47.3     	252   	45.0       	14.6       	10730     	-63.5
3072      	17:51:15  	257.5 	-40.4 	5     	47.2     	252   	44.9       	14.7       	10735     	-63.5
3074      	17:51:17  	257.3 	-40.5 	5     	47.2     	252   	44.8       	14.9       	10741     	-63.5
3076      	17:51:19  	257.1 	-40.5 	5     	47.1     	251   	44.7       	15.0       	10747     	-63.6
3078      	17:51:21  	256.8 	-40.6 	5     	47.2     	251   	44.7       	15.1       	10753     	-63.7
3080      	17:51:23  	256.6 	-40.6 	5     	47.1     	251   	44.6       	15.2       	10759     	-63.7
3082      	17:51:25  	256.4 	-40.6 	5     	47.2     	251   	44.6       	15.4       	10766     	-63.8
3084      	17:51:27  	256.2 	-40.7 	5     	47.3     	251   	44.7       	15.5       	10772     	-63.9
3086      	17:51:29  	255.9 	-40.7 	5     	47.5     	251   	44.8       	15.7       	10778     	-64.0
3088      	17:51:31  	255.7 	-40.7 	5     	47.6     	251   	44.9       	15.8       	10784     	-64.1
3090      	17:51:33  	255.5 	-40.8 	5     	47.7     	251   	45.0       	15.9       	10790     	-64.1
3092      	17:51:35  	255.3 	-40.8 	5     	47.8     	251   	45.1       	15.9       	10795     	-64.2
3094      	17:51:37  	255.0 	-40.9 	5     	48.0     	251   	45.3       	16.0       	10801     	-64.2
3096      	17:51:39  	254.8 	-40.9 	5     	48.2     	251   	45.5       	16.0       	10807     	-64.3
3098      	17:51:41  	254.6 	-41.0 	5     	48.4     	251   	45.7       	16.0       	10813     	-64.3
3100      	17:51:43  	254.4 	-41.0 	5     	48.6     	251   	45.9       	16.0       	10819     	-64.4
3102      	17:51:45  	254.2 	-41.1 	5     	48.7     	251   	46.0       	15.9       	10824     	-64.4
3104      	17:51:47  	254.0 	-41.1 	5     	48.7     	251   	46.0       	15.9       	10830     	-64.4
3106      	17:51:49  	253.7 	-41.2 	5     	48.7     	251   	46.1       	15.8       	10836     	-64.5
3108      	17:51:51  	253.5 	-41.2 	5     	48.8     	251   	46.2       	15.7       	10841     	-64.5
3110      	17:51:53  	253.3 	-41.3 	5     	48.9     	251   	46.3       	15.6       	10847     	-64.6
3112      	17:51:55  	253.1 	-41.3 	5     	49.0     	252   	46.5       	15.5       	10853     	-64.6
3114      	17:51:57  	252.9 	-41.4 	5     	49.1     	252   	46.6       	15.4       	10859     	-64.7
3116      	17:51:59  	252.6 	-41.4 	5     	49.0     	252   	46.6       	15.3       	10865     	-64.7
3118      	17:52:01  	252.4 	-41.5 	5     	49.1     	252   	46.7       	15.2       	10871     	-64.8
3120      	17:52:03  	252.2 	-41.5 	5     	49.2     	252   	46.8       	15.1       	10877     	-64.8
3122      	17:52:05  	252.0 	-41.6 	5     	49.3     	252   	47.0       	15.0       	10883     	-64.9
3124      	17:52:07  	251.8 	-41.6 	5     	49.5     	252   	47.2       	14.9       	10889     	-64.9
3126      	17:52:09  	251.5 	-41.6 	5     	49.6     	253   	47.3       	14.8       	10895     	-64.9
3128      	17:52:11  	251.3 	-41.7 	5     	49.6     	253   	47.4       	14.7       	10901     	-65.0
3130      	17:52:13  	251.1 	-41.7 	5     	49.7     	253   	47.5       	14.6       	10907     	-64.9
3132      	17:52:15  	250.9 	-41.7 	5     	49.8     	253   	47.6       	14.6       	10912     	-64.8
3134      	17:52:17  	250.7 	-41.7 	5     	50.0     	253   	47.9       	14.5       	10918     	-64.6
3136      	17:52:19  	250.5 	-41.7 	5     	50.2     	253   	48.1       	14.4       	10924     	-64.5
3138      	17:52:21  	250.3 	-41.7 	6     	50.5     	253   	48.4       	14.4       	10930     	-64.4
3140      	17:52:23  	250.0 	-41.7 	6     	50.7     	253   	48.6       	14.4       	10935     	-64.4
3142      	17:52:25  	249.8 	-41.7 	6     	50.8     	254   	48.7       	14.3       	10941     	-64.4
3144      	17:52:27  	249.6 	-41.7 	5     	50.9     	254   	48.9       	14.3       	10947     	-64.5
3146      	17:52:29  	249.4 	-41.7 	5     	51.1     	254   	49.1       	14.3       	10953     	-64.6
3148      	17:52:31  	249.2 	-41.7 	5     	51.4     	254   	49.4       	14.3       	10959     	-64.8
3150      	17:52:33  	249.0 	-41.7 	5     	51.7     	254   	49.7       	14.3       	10964     	-65.1
3152      	17:52:35  	248.8 	-41.7 	5     	52.0     	254   	50.0       	14.3       	10970     	-65.3
3154      	17:52:37  	248.5 	-41.7 	5     	52.1     	254   	50.1       	14.2       	10976     	-65.4
3156      	17:52:39  	248.3 	-41.7 	5     	52.3     	254   	50.3       	14.2       	10982     	-65.4
3158      	17:52:41  	248.1 	-41.7 	5     	52.4     	254   	50.4       	14.2       	10988     	-65.4
3160      	17:52:43  	247.9 	-41.7 	5     	52.5     	255   	50.6       	14.0       	10995     	-65.5
3162      	17:52:45  	247.7 	-41.7 	5     	52.6     	255   	50.8       	13.8       	11000     	-65.6
3164      	17:52:47  	247.5 	-41.7 	5     	52.8     	255   	51.0       	13.6       	11006     	-65.7
3166      	17:52:49  	247.2 	-41.7 	5     	52.8     	255   	51.1       	13.4       	11012     	-65.9
3168      	17:52:51  	247.0 	-41.8 	4     	52.9     	256   	51.2       	13.2       	11018     	-66.1
3170      	17:52:53  	246.8 	-41.8 	4     	52.9     	256   	51.3       	13.1       	11023     	-66.3
3172      	17:52:55  	246.6 	-41.8 	4     	52.9     	256   	51.3       	12.9       	11029     	-66.5
3174      	17:52:57  	246.4 	-41.8 	4     	52.8     	256   	51.2       	12.8       	11035     	-66.7
3176      	17:52:59  	246.2 	-41.8 	4     	52.6     	256   	51.1       	12.6       	11041     	-66.9
3178      	17:53:01  	246.0 	-41.8 	4     	52.6     	256   	51.1       	12.5       	11046     	-67.1
3180      	17:53:03  	245.8 	-41.8 	4     	52.5     	256   	51.0       	12.5       	11052     	-67.2
3182      	17:53:05  	245.6 	-41.8 	4     	52.4     	256   	50.9       	12.5       	11058     	-67.4
3184      	17:53:07  	245.3 	-41.8 	4     	52.2     	256   	50.7       	12.6       	11064     	-67.6
3186      	17:53:09  	245.1 	-41.8 	3     	52.0     	256   	50.5       	12.6       	11070     	-67.8
3188      	17:53:11  	244.9 	-41.8 	3     	51.8     	256   	50.2       	12.7       	11076     	-68.0
3190      	17:53:13  	244.7 	-41.9 	3     	51.6     	256   	50.0       	12.7       	11082     	-68.1
3192      	17:53:15  	244.5 	-41.9 	3     	51.4     	256   	49.8       	12.8       	11088     	-68.3
3194      	17:53:17  	244.2 	-41.9 	3     	51.3     	256   	49.7       	12.8       	11094     	-68.4
3196      	17:53:19  	244.0 	-41.9 	3     	51.2     	256   	49.6       	12.8       	11100     	-68.6
3198      	17:53:21  	243.8 	-41.9 	3     	51.1     	255   	49.4       	12.9       	11106     	-68.9
3200      	17:53:23  	243.6 	-41.9 	3     	50.9     	255   	49.2       	13.0       	11112     	-69.1
3202      	17:53:25  	243.4 	-42.0 	3     	50.7     	255   	48.9       	13.2       	11118     	-69.4
3204      	17:53:27  	243.2 	-42.0 	3     	50.5     	255   	48.7       	13.3       	11124     	-69.6
3206      	17:53:29  	243.0 	-42.0 	3     	50.4     	255   	48.6       	13.4       	11130     	-69.9
3208      	17:53:31  	242.8 	-42.1 	2     	50.2     	254   	48.4       	13.5       	11136     	-70.2
3210      	17:53:33  	242.5 	-42.1 	2     	50.2     	254   	48.3       	13.6       	11142     	-70.4
3212      	17:53:35  	242.3 	-42.1 	2     	50.0     	254   	48.1       	13.7       	11148     	-70.6
3214      	17:53:37  	242.1 	-42.2 	2     	50.0     	254   	48.0       	13.9       	11154     	-70.8
3216      	17:53:39  	241.9 	-42.2 	2     	49.8     	254   	47.8       	14.1       	11160     	-71.0
3218      	17:53:41  	241.7 	-42.3 	2     	49.8     	253   	47.7       	14.2       	11166     	-71.2
3220      	17:53:43  	241.5 	-42.3 	2     	49.7     	253   	47.6       	14.3       	11172     	-71.3
3222      	17:53:45  	241.3 	-42.4 	2     	49.6     	253   	47.5       	14.4       	11178     	-71.5
3224      	17:53:47  	241.0 	-42.4 	2     	49.6     	253   	47.4       	14.5       	11184     	-71.6
3226      	17:53:49  	240.8 	-42.4 	2     	49.5     	253   	47.3       	14.5       	11190     	-71.7
3228      	17:53:51  	240.6 	-42.5 	2     	49.3     	253   	47.1       	14.6       	11197     	-71.9
3230      	17:53:53  	240.4 	-42.5 	2     	49.2     	253   	47.0       	14.6       	11203     	-72.1
3232      	17:53:55  	240.1 	-42.6 	2     	49.1     	253   	46.9       	14.6       	11209     	-72.2
3234      	17:53:57  	239.9 	-42.6 	2     	49.0     	253   	46.8       	14.6       	11215     	-72.4
3236      	17:53:59  	239.7 	-42.7 	2     	48.9     	253   	46.7       	14.6       	11221     	-72.5
3238      	17:54:01  	239.5 	-42.7 	2     	48.7     	253   	46.5       	14.5       	11227     	-72.6
3240      	17:54:03  	239.3 	-42.8 	2     	48.5     	253   	46.3       	14.4       	11233     	-72.8
3242      	17:54:05  	239.1 	-42.8 	2     	48.3     	253   	46.1       	14.3       	11240     	-72.9
3244      	17:54:07  	238.8 	-42.9 	2     	48.2     	253   	46.0       	14.3       	11246     	-73.0
3246      	17:54:09  	238.6 	-42.9 	2     	48.0     	253   	45.9       	14.2       	11252     	-73.1
3248      	17:54:11  	238.4 	-43.0 	2     	48.0     	253   	45.8       	14.2       	11258     	-73.2
3250      	17:54:13  	238.2 	-43.0 	2     	47.8     	253   	45.7       	14.1       	11264     	-73.3
3252      	17:54:15  	238.0 	-43.1 	2     	47.8     	253   	45.7       	14.1       	11270     	-73.4
3254      	17:54:17  	237.8 	-43.1 	2     	47.7     	253   	45.6       	14.1       	11276     	-73.5
3256      	17:54:19  	237.6 	-43.2 	2     	47.6     	253   	45.5       	14.0       	11282     	-73.6
3258      	17:54:21  	237.3 	-43.2 	2     	47.7     	253   	45.6       	14.1       	11288     	-73.6
3260      	17:54:23  	237.1 	-43.2 	2     	47.7     	253   	45.6       	14.1       	11294     	-73.7
3262      	17:54:25  	236.9 	-43.3 	2     	47.7     	253   	45.6       	14.1       	11300     	-73.7
3264      	17:54:27  	236.7 	-43.4 	2     	48.0     	253   	45.8       	14.2       	11307     	-73.7
3266      	17:54:29  	236.5 	-43.4 	2     	48.1     	253   	45.9       	14.3       	11313     	-73.7
3268      	17:54:31  	236.2 	-43.4 	2     	48.3     	253   	46.1       	14.4       	11319     	-73.8
3270      	17:54:33  	236.0 	-43.5 	2     	48.4     	253   	46.2       	14.5       	11325     	-73.8
3272      	17:54:35  	235.8 	-43.5 	2     	48.5     	253   	46.3       	14.5       	11331     	-73.8
3274      	17:54:37  	235.6 	-43.6 	2     	48.7     	253   	46.5       	14.6       	11338     	-73.8
3276      	17:54:39  	235.4 	-43.6 	2     	48.9     	252   	46.6       	14.7       	11344     	-73.8
3278      	17:54:41  	235.2 	-43.7 	2     	49.1     	253   	46.8       	14.7       	11350     	-73.9
3280      	17:54:43  	234.9 	-43.7 	2     	49.3     	253   	47.0       	14.8       	11356     	-73.9
3282      	17:54:45  	234.7 	-43.8 	2     	49.4     	253   	47.1       	14.8       	11363     	-73.9
3284      	17:54:47  	234.5 	-43.8 	2     	49.5     	253   	47.2       	14.8       	11369     	-74.0
3286      	17:54:49  	234.3 	-43.8 	2     	49.5     	253   	47.2       	14.8       	11375     	-74.0
3288      	17:54:51  	234.1 	-43.9 	2     	49.5     	253   	47.3       	14.7       	11381     	-74.1
3290      	17:54:53  	233.9 	-43.9 	2     	49.5     	253   	47.3       	14.5       	11387     	-74.1
3292      	17:54:55  	233.6 	-44.0 	2     	49.5     	253   	47.4       	14.4       	11394     	-74.1
3294      	17:54:57  	233.4 	-44.0 	2     	49.5     	253   	47.4       	14.2       	11400     	-74.1
3296      	17:54:59  	233.2 	-44.0 	2     	49.5     	253   	47.5       	14.1       	11406     	-74.1
3298      	17:55:01  	233.0 	-44.1 	2     	49.4     	254   	47.4       	14.0       	11412     	-74.1
3300      	17:55:03  	232.8 	-44.1 	2     	49.4     	254   	47.4       	13.9       	11418     	-74.1
3302      	17:55:05  	232.6 	-44.2 	2     	49.5     	254   	47.6       	13.7       	11425     	-74.1
3304      	17:55:07  	232.3 	-44.2 	2     	49.6     	254   	47.7       	13.5       	11431     	-74.1
3306      	17:55:09  	232.1 	-44.2 	2     	49.6     	254   	47.8       	13.3       	11437     	-74.0
3308      	17:55:11  	231.9 	-44.3 	2     	49.7     	255   	47.9       	13.2       	11444     	-74.0
3310      	17:55:13  	231.7 	-44.3 	2     	49.8     	255   	48.0       	13.1       	11450     	-73.9
3312      	17:55:15  	231.4 	-44.4 	2     	49.8     	255   	48.1       	13.0       	11457     	-73.9
3314      	17:55:17  	231.2 	-44.4 	2     	50.0     	255   	48.3       	13.0       	11463     	-73.9
3316      	17:55:19  	231.0 	-44.4 	2     	50.2     	255   	48.5       	12.9       	11469     	-73.8
3318      	17:55:21  	230.8 	-44.5 	2     	50.4     	255   	48.7       	12.8       	11476     	-73.8
3320      	17:55:23  	230.6 	-44.5 	2     	50.5     	255   	48.9       	12.7       	11482     	-73.8
3322      	17:55:25  	230.4 	-44.6 	2     	50.6     	255   	49.0       	12.7       	11488     	-73.9
3324      	17:55:27  	230.1 	-44.6 	2     	50.7     	256   	49.1       	12.6       	11495     	-74.0
3326      	17:55:29  	229.9 	-44.7 	2     	50.8     	256   	49.2       	12.6       	11501     	-74.1
3328      	17:55:31  	229.7 	-44.7 	2     	51.1     	256   	49.5       	12.5       	11508     	-74.2
3330      	17:55:33  	229.5 	-44.7 	2     	51.3     	256   	49.8       	12.4       	11515     	-74.3
3332      	17:55:35  	229.2 	-44.8 	2     	51.6     	256   	50.1       	12.3       	11521     	-74.5
3334      	17:55:37  	229.0 	-44.8 	2     	51.9     	256   	50.4       	12.2       	11528     	-74.6
3336      	17:55:39  	228.8 	-44.9 	2     	52.0     	257   	50.6       	12.1       	11534     	-74.6
3338      	17:55:41  	228.6 	-44.9 	2     	52.1     	257   	50.7       	12.0       	11541     	-74.7
3340      	17:55:43  	228.3 	-44.9 	2     	52.4     	257   	51.0       	11.9       	11547     	-74.8
3342      	17:55:45  	228.1 	-45.0 	2     	52.5     	257   	51.2       	11.8       	11554     	-74.8
3344      	17:55:47  	227.9 	-45.0 	2     	52.7     	257   	51.4       	11.7       	11560     	-74.9
3346      	17:55:49  	227.7 	-45.1 	2     	52.9     	257   	51.6       	11.7       	11566     	-74.9
3348      	17:55:51  	227.5 	-45.1 	2     	52.9     	257   	51.6       	11.6       	11573     	-74.9
3350      	17:55:53  	227.2 	-45.2 	2     	52.9     	257   	51.6       	11.6       	11579     	-74.9
3352      	17:55:55  	227.0 	-45.2 	2     	53.0     	257   	51.7       	11.6       	11586     	-74.9
3354      	17:55:57  	226.8 	-45.2 	2     	52.9     	257   	51.6       	11.6       	11592     	-75.0
3356      	17:55:59  	226.6 	-45.3 	2     	52.9     	257   	51.6       	11.6       	11599     	-75.0
3358      	17:56:01  	226.4 	-45.3 	2     	52.9     	257   	51.6       	11.6       	11605     	-75.0
3360      	17:56:03  	226.1 	-45.4 	2     	52.8     	257   	51.5       	11.6       	11612     	-75.0
3362      	17:56:05  	225.9 	-45.4 	2     	52.8     	257   	51.5       	11.6       	11618     	-75.1
3364      	17:56:07  	225.7 	-45.5 	2     	52.7     	257   	51.4       	11.6       	11624     	-75.1
3366      	17:56:09  	225.5 	-45.5 	2     	52.7     	257   	51.4       	11.6       	11631     	-75.1
3368      	17:56:11  	225.3 	-45.5 	2     	52.6     	257   	51.3       	11.6       	11637     	-75.1
3370      	17:56:13  	225.1 	-45.6 	2     	52.5     	257   	51.2       	11.6       	11643     	-75.1
3372      	17:56:15  	224.9 	-45.6 	2     	52.5     	257   	51.2       	11.6       	11650     	-75.2
3374      	17:56:17  	224.6 	-45.7 	2     	52.5     	257   	51.2       	11.6       	11656     	-75.2
3376      	17:56:19  	224.4 	-45.7 	2     	52.4     	257   	51.1       	11.6       	11663     	-75.2
3378      	17:56:21  	224.2 	-45.7 	2     	52.4     	257   	51.1       	11.6       	11669     	-75.2
3380      	17:56:23  	224.0 	-45.8 	2     	52.4     	257   	51.1       	11.5       	11676     	-75.3
3382      	17:56:25  	223.8 	-45.8 	2     	52.5     	257   	51.2       	11.5       	11682     	-75.3
3384      	17:56:27  	223.5 	-45.9 	2     	52.5     	257   	51.2       	11.4       	11689     	-75.4
3386      	17:56:29  	223.3 	-45.9 	2     	52.6     	257   	51.3       	11.4       	11695     	-75.4
3388      	17:56:31  	223.1 	-45.9 	2     	52.5     	258   	51.3       	11.3       	11702     	-75.4
3390      	17:56:33  	222.9 	-46.0 	2     	52.6     	258   	51.4       	11.3       	11708     	-75.5
3392      	17:56:35  	222.7 	-46.1 	2     	52.6     	258   	51.4       	11.2       	11714     	-75.5
3394      	17:56:37  	222.5 	-46.1 	2     	52.7     	258   	51.5       	11.1       	11721     	-75.5
3396      	17:56:39  	222.3 	-46.1 	2     	52.8     	258   	51.6       	11.0       	11727     	-75.5
3398      	17:56:41  	222.1 	-46.2 	2     	52.8     	258   	51.7       	10.9       	11733     	-75.5
3400      	17:56:43  	221.8 	-46.2 	2     	52.8     	258   	51.7       	10.9       	11739     	-75.5
3402      	17:56:45  	221.6 	-46.3 	2     	52.8     	258   	51.7       	10.9       	11746     	-75.6
3404      	17:56:47  	221.4 	-46.3 	2     	52.8     	258   	51.7       	10.8       	11752     	-75.6
3406      	17:56:49  	221.2 	-46.4 	2     	52.8     	258   	51.7       	10.7       	11759     	-75.6
3408      	17:56:51  	221.0 	-46.4 	2     	52.9     	258   	51.8       	10.6       	11765     	-75.7
3410      	17:56:53  	220.8 	-46.5 	2     	52.9     	259   	51.8       	10.5       	11772     	-75.7
3412      	17:56:55  	220.6 	-46.5 	2     	52.8     	259   	51.8       	10.4       	11778     	-75.7
3414      	17:56:57  	220.3 	-46.6 	2     	52.8     	259   	51.8       	10.3       	11785     	-75.8
3416      	17:56:59  	220.1 	-46.6 	2     	52.8     	259   	51.8       	10.2       	11791     	-75.8
3418      	17:57:01  	219.9 	-46.7 	2     	52.8     	259   	51.8       	10.1       	11797     	-75.8
3420      	17:57:03  	219.7 	-46.7 	2     	52.9     	259   	51.9       	10.0       	11804     	-75.9
3422      	17:57:05  	219.5 	-46.8 	2     	52.8     	259   	51.9       	9.8        	11810     	-75.9
3424      	17:57:07  	219.3 	-46.8 	2     	52.9     	260   	52.0       	9.6        	11816     	-75.9
3426      	17:57:09  	219.1 	-46.8 	2     	53.0     	260   	52.1       	9.6        	11823     	-76.0
3428      	17:57:11  	218.9 	-46.9 	2     	53.0     	260   	52.1       	9.5        	11829     	-76.0
3430      	17:57:13  	218.7 	-46.9 	2     	53.0     	260   	52.2       	9.4        	11835     	-76.0
3432      	17:57:15  	218.5 	-47.0 	2     	53.0     	260   	52.2       	9.4        	11841     	-76.1
3434      	17:57:17  	218.2 	-47.0 	2     	53.1     	260   	52.3       	9.4        	11848     	-76.1
3436      	17:57:19  	218.0 	-47.1 	2     	53.2     	260   	52.4       	9.4        	11854     	-76.1
3438      	17:57:21  	217.8 	-47.1 	2     	53.2     	260   	52.4       	9.4        	11861     	-76.2
3440      	17:57:23  	217.6 	-47.2 	2     	53.3     	260   	52.4       	9.5        	11867     	-76.2
3442      	17:57:25  	217.4 	-47.2 	2     	53.3     	260   	52.4       	9.6        	11874     	-76.3
3444      	17:57:27  	217.2 	-47.3 	2     	53.3     	260   	52.4       	9.6        	11880     	-76.3
3446      	17:57:29  	217.0 	-47.3 	2     	53.4     	260   	52.5       	9.6        	11887     	-76.4
3448      	17:57:31  	216.8 	-47.3 	2     	53.4     	260   	52.5       	9.7        	11893     	-76.4
3450      	17:57:33  	216.5 	-47.4 	2     	53.5     	260   	52.6       	9.7        	11900     	-76.4
3452      	17:57:35  	216.3 	-47.4 	2     	53.5     	260   	52.6       	9.7        	11906     	-76.4
3454      	17:57:37  	216.1 	-47.5 	2     	53.6     	260   	52.7       	9.6        	11912     	-76.4
3456      	17:57:39  	215.9 	-47.5 	2     	53.7     	260   	52.8       	9.6        	11918     	-76.5
3458      	17:57:41  	215.7 	-47.5 	2     	53.7     	260   	52.9       	9.5        	11925     	-76.5
3460      	17:57:43  	215.5 	-47.6 	2     	53.8     	260   	53.0       	9.5        	11931     	-76.6
3462      	17:57:45  	215.3 	-47.6 	2     	53.9     	260   	53.1       	9.4        	11937     	-76.6
3464      	17:57:47  	215.1 	-47.6 	2     	54.0     	260   	53.2       	9.4        	11944     	-76.6
3466      	17:57:49  	214.9 	-47.7 	2     	54.1     	260   	53.3       	9.4        	11950     	-76.7
3468      	17:57:51  	214.7 	-47.7 	2     	54.2     	260   	53.4       	9.3        	11956     	-76.7
3470      	17:57:53  	214.5 	-47.7 	2     	54.2     	260   	53.4       	9.3        	11962     	-76.7
3472      	17:57:55  	214.3 	-47.7 	2     	54.3     	260   	53.5       	9.3        	11969     	-76.7
3474      	17:57:57  	214.1 	-47.8 	2     	54.3     	260   	53.5       	9.2        	11975     	-76.7
3476      	17:57:59  	213.9 	-47.8 	2     	54.3     	260   	53.5       	9.2        	11982     	-76.7
3478      	17:58:01  	213.7 	-47.8 	2     	54.3     	260   	53.5       	9.1        	11988     	-76.7
3480      	17:58:03  	213.5 	-47.9 	2     	54.3     	260   	53.5       	9.1        	11994     	-76.8
3482      	17:58:05  	213.3 	-47.9 	2     	54.2     	260   	53.4       	9.2        	12001     	-76.8
3484      	17:58:07  	213.0 	-48.0 	2     	54.1     	260   	53.3       	9.2        	12007     	-76.8
3486      	17:58:09  	212.8 	-48.0 	2     	54.1     	260   	53.3       	9.3        	12013     	-76.9
3488      	17:58:11  	212.6 	-48.0 	2     	54.0     	260   	53.2       	9.4        	12020     	-76.9
3490      	17:58:13  	212.4 	-48.0 	2     	54.0     	260   	53.1       	9.6        	12026     	-76.9
3492      	17:58:15  	212.2 	-48.1 	2     	54.0     	260   	53.1       	9.7        	12032     	-76.9
3494      	17:58:17  	212.0 	-48.1 	2     	53.9     	260   	53.0       	9.8        	12038     	-76.9
3496      	17:58:19  	211.9 	-48.1 	2     	53.8     	259   	52.9       	10.0       	12044     	-76.9
3498      	17:58:21  	211.7 	-48.1 	2     	53.8     	259   	52.8       	10.3       	12050     	-76.9
3500      	17:58:23  	211.5 	-48.1 	2     	53.7     	259   	52.7       	10.5       	12056     	-76.9
3502      	17:58:25  	211.3 	-48.1 	2     	53.8     	259   	52.7       	10.7       	12062     	-76.9
3504      	17:58:27  	211.1 	-48.2 	2     	53.7     	258   	52.6       	10.8       	12069     	-77.0
3506      	17:58:29  	210.9 	-48.2 	2     	53.7     	258   	52.6       	10.9       	12075     	-77.0
3508      	17:58:31  	210.7 	-48.2 	2     	53.6     	258   	52.5       	11.0       	12081     	-77.0
3510      	17:58:33  	210.5 	-48.3 	2     	53.5     	258   	52.3       	11.2       	12087     	-77.1
3512      	17:58:35  	210.3 	-48.3 	2     	53.4     	258   	52.2       	11.4       	12093     	-77.1
3514      	17:58:37  	210.1 	-48.3 	2     	53.3     	257   	52.0       	11.6       	12100     	-77.1
3516      	17:58:39  	209.9 	-48.4 	2     	53.2     	257   	51.9       	11.7       	12106     	-77.1
3518      	17:58:41  	209.7 	-48.4 	2     	53.1     	257   	51.8       	11.8       	12112     	-77.1
3520      	17:58:43  	209.5 	-48.4 	2     	53.1     	257   	51.7       	11.9       	12119     	-77.1
3522      	17:58:45  	209.3 	-48.5 	2     	52.9     	257   	51.5       	12.0       	12125     	-77.2
3524      	17:58:47  	209.1 	-48.5 	2     	52.6     	257   	51.2       	12.1       	12131     	-77.2
3526      	17:58:49  	208.9 	-48.5 	2     	52.4     	257   	51.0       	12.2       	12138     	-77.3
3528      	17:58:51  	208.7 	-48.6 	2     	52.3     	256   	50.8       	12.3       	12144     	-77.3
3530      	17:58:53  	208.5 	-48.6 	2     	52.1     	256   	50.6       	12.3       	12150     	-77.3
3532      	17:58:55  	208.3 	-48.7 	2     	52.0     	256   	50.5       	12.4       	12156     	-77.4
3534      	17:58:57  	208.1 	-48.8 	2     	51.8     	256   	50.3       	12.4       	12163     	-77.4
3536      	17:58:59  	207.9 	-48.8 	2     	51.5     	256   	50.0       	12.5       	12169     	-77.4
3538      	17:59:01  	207.7 	-48.8 	2     	51.3     	256   	49.7       	12.6       	12175     	-77.4
3540      	17:59:03  	207.5 	-48.9 	2     	51.1     	256   	49.5       	12.7       	12181     	-77.4
3542      	17:59:05  	207.3 	-48.9 	2     	50.9     	256   	49.3       	12.7       	12187     	-77.5
3544      	17:59:07  	207.1 	-49.0 	2     	50.8     	255   	49.2       	12.8       	12194     	-77.5
3546      	17:59:09  	206.9 	-49.0 	2     	50.7     	255   	49.1       	12.8       	12200     	-77.5
3548      	17:59:11  	206.7 	-49.1 	2     	50.5     	255   	48.8       	12.9       	12206     	-77.5
3550      	17:59:13  	206.5 	-49.1 	2     	50.3     	255   	48.6       	13.0       	12213     	-77.6
3552      	17:59:15  	206.3 	-49.2 	2     	50.1     	255   	48.4       	13.0       	12219     	-77.6
3554      	17:59:17  	206.1 	-49.2 	2     	49.9     	255   	48.2       	13.1       	12225     	-77.6
3556      	17:59:19  	205.9 	-49.3 	2     	49.9     	255   	48.1       	13.1       	12232     	-77.6
3558      	17:59:21  	205.7 	-49.3 	2     	49.8     	255   	48.0       	13.1       	12238     	-77.7
3560      	17:59:23  	205.5 	-49.4 	2     	49.6     	255   	47.8       	13.2       	12244     	-77.7
3562      	17:59:25  	205.3 	-49.4 	2     	49.4     	255   	47.6       	13.2       	12250     	-77.7
3564      	17:59:27  	205.1 	-49.5 	2     	49.2     	254   	47.4       	13.2       	12257     	-77.7
3566      	17:59:29  	204.9 	-49.5 	2     	49.0     	254   	47.2       	13.2       	12263     	-77.7
3568      	17:59:31  	204.7 	-49.6 	2     	48.9     	254   	47.1       	13.2       	12270     	-77.8
3570      	17:59:33  	204.5 	-49.6 	2     	48.8     	254   	47.0       	13.2       	12276     	-77.8
3572      	17:59:35  	204.3 	-49.7 	2     	48.7     	254   	46.9       	13.2       	12282     	-77.8
3574      	17:59:37  	204.1 	-49.7 	2     	48.5     	254   	46.7       	13.1       	12289     	-77.9
3576      	17:59:39  	203.9 	-49.8 	2     	48.2     	254   	46.4       	13.1       	12295     	-78.0
3578      	17:59:41  	203.7 	-49.8 	2     	48.0     	254   	46.2       	13.1       	12301     	-78.0
3580      	17:59:43  	203.5 	-49.9 	2     	47.8     	254   	46.0       	13.0       	12307     	-78.1
3582      	17:59:45  	203.3 	-49.9 	2     	47.6     	254   	45.8       	13.0       	12314     	-78.1
3584      	17:59:47  	203.1 	-50.0 	2     	47.5     	254   	45.7       	13.0       	12320     	-78.2
3586      	17:59:49  	203.0 	-50.0 	2     	47.3     	254   	45.5       	12.9       	12326     	-78.2
3588      	17:59:51  	202.8 	-50.0 	2     	47.0     	254   	45.2       	13.0       	12332     	-78.2
3590      	17:59:53  	202.6 	-50.1 	2     	46.8     	254   	45.0       	13.0       	12338     	-78.2
3592      	17:59:55  	202.4 	-50.1 	2     	46.6     	254   	44.7       	13.0       	12344     	-78.2
3594      	17:59:57  	202.2 	-50.1 	2     	46.5     	254   	44.6       	13.0       	12350     	-78.3
3596      	17:59:59  	202.0 	-50.2 	2     	46.4     	254   	44.5       	13.1       	12355     	-78.3
3598      	18:00:01  	201.8 	-50.2 	2     	46.3     	254   	44.4       	13.1       	12362     	-78.3
3600      	18:00:03  	201.7 	-50.2 	2     	46.4     	253   	44.5       	13.2       	12368     	-78.4
3602      	18:00:05  	201.5 	-50.3 	2     	46.5     	253   	44.5       	13.4       	12374     	-78.4
3604      	18:00:07  	201.3 	-50.3 	2     	46.5     	253   	44.5       	13.5       	12380     	-78.5
3606      	18:00:09  	201.1 	-50.4 	2     	46.6     	253   	44.5       	13.7       	12386     	-78.5
3608      	18:00:11  	200.9 	-50.4 	2     	46.7     	253   	44.6       	13.8       	12393     	-78.5
3610      	18:00:13  	200.7 	-50.5 	2     	46.8     	253   	44.7       	13.9       	12399     	-78.5
3612      	18:00:15  	200.5 	-50.5 	2     	47.1     	253   	44.9       	14.1       	12404     	-78.5
3614      	18:00:17  	200.3 	-50.6 	2     	47.3     	253   	45.1       	14.2       	12411     	-78.5
3616      	18:00:19  	200.1 	-50.6 	2     	47.4     	252   	45.2       	14.4       	12417     	-78.5
3618      	18:00:21  	199.9 	-50.7 	2     	47.7     	252   	45.4       	14.6       	12423     	-78.5
3620      	18:00:23  	199.8 	-50.7 	2     	47.8     	252   	45.5       	14.7       	12429     	-78.6
3622      	18:00:25  	199.6 	-50.8 	2     	47.9     	252   	45.6       	14.8       	12436     	-78.6
3624      	18:00:27  	199.4 	-50.8 	2     	48.1     	252   	45.7       	14.9       	12442     	-78.7
3626      	18:00:29  	199.2 	-50.9 	2     	48.3     	252   	45.9       	15.1       	12448     	-78.7
3628      	18:00:31  	199.0 	-50.9 	2     	48.5     	252   	46.1       	15.2       	12454     	-78.7
3630      	18:00:33  	198.8 	-51.0 	2     	48.8     	252   	46.3       	15.4       	12460     	-78.8
3632      	18:00:35  	198.6 	-51.0 	2     	48.9     	252   	46.4       	15.5       	12467     	-78.9
3634      	18:00:37  	198.4 	-51.1 	2     	49.0     	251   	46.5       	15.6       	12473     	-78.9
3636      	18:00:39  	198.2 	-51.1 	2     	49.3     	251   	46.7       	15.7       	12480     	-78.9
3638      	18:00:41  	198.0 	-51.2 	2     	49.6     	251   	47.0       	15.8       	12486     	-79.0
3640      	18:00:43  	197.8 	-51.2 	2     	49.9     	251   	47.3       	16.0       	12492     	-79.0
3642      	18:00:45  	197.7 	-51.3 	2     	50.2     	251   	47.6       	16.1       	12498     	-79.0
3644      	18:00:47  	197.5 	-51.3 	2     	50.6     	251   	47.9       	16.2       	12504     	-79.0
3646      	18:00:49  	197.3 	-51.3 	2     	50.8     	251   	48.1       	16.2       	12510     	-79.1
3648      	18:00:51  	197.1 	-51.4 	2     	51.0     	251   	48.3       	16.3       	12516     	-79.1
3650      	18:00:53  	196.9 	-51.4 	2     	51.2     	251   	48.5       	16.3       	12522     	-79.2
3652      	18:00:55  	196.7 	-51.5 	2     	51.5     	252   	48.8       	16.3       	12529     	-79.2
3654      	18:00:57  	196.5 	-51.5 	2     	51.7     	252   	49.1       	16.2       	12535     	-79.3
3656      	18:00:59  	196.3 	-51.5 	2     	52.0     	252   	49.4       	16.2       	12541     	-79.4
3658      	18:01:01  	196.2 	-51.5 	2     	52.1     	252   	49.5       	16.1       	12547     	-79.4
3660      	18:01:03  	196.0 	-51.6 	2     	52.1     	252   	49.6       	16.0       	12554     	-79.5
3662      	18:01:05  	195.8 	-51.6 	2     	52.2     	252   	49.7       	15.9       	12560     	-79.5
3664      	18:01:07  	195.6 	-51.7 	2     	52.0     	252   	49.6       	15.7       	12567     	-79.5
3666      	18:01:09  	195.4 	-51.7 	2     	52.0     	253   	49.6       	15.5       	12573     	-79.5
3668      	18:01:11  	195.2 	-51.7 	2     	51.8     	253   	49.5       	15.2       	12579     	-79.6
3670      	18:01:13  	195.0 	-51.8 	2     	51.7     	253   	49.4       	15.1       	12585     	-79.5
3672      	18:01:15  	194.8 	-51.8 	2     	51.5     	253   	49.3       	14.9       	12592     	-79.5
3674      	18:01:17  	194.6 	-51.8 	2     	51.3     	253   	49.1       	14.8       	12598     	-79.6
3676      	18:01:19  	194.4 	-51.9 	2     	51.1     	254   	49.0       	14.5       	12605     	-79.6
3678      	18:01:21  	194.2 	-51.9 	2     	50.9     	254   	48.8       	14.3       	12611     	-79.6
3680      	18:01:23  	194.1 	-51.9 	2     	50.6     	254   	48.6       	14.0       	12617     	-79.6
3682      	18:01:25  	193.9 	-51.9 	2     	50.3     	254   	48.4       	13.7       	12624     	-79.6
3684      	18:01:27  	193.7 	-52.0 	2     	50.2     	254   	48.4       	13.5       	12630     	-79.7
3686      	18:01:29  	193.5 	-52.0 	2     	50.1     	254   	48.3       	13.4       	12636     	-79.7
3688      	18:01:31  	193.3 	-52.0 	2     	50.1     	255   	48.3       	13.2       	12642     	-79.7
3690      	18:01:33  	193.1 	-52.1 	2     	49.9     	255   	48.2       	13.0       	12649     	-79.7
3692      	18:01:35  	192.9 	-52.1 	2     	49.9     	255   	48.2       	12.8       	12655     	-79.7
3694      	18:01:37  	192.7 	-52.1 	2     	49.7     	255   	48.1       	12.6       	12661     	-79.7
3696      	18:01:39  	192.5 	-52.2 	2     	49.7     	255   	48.1       	12.5       	12668     	-79.7
3698      	18:01:41  	192.4 	-52.2 	2     	49.7     	256   	48.1       	12.4       	12674     	-79.7
3700      	18:01:43  	192.2 	-52.2 	2     	49.7     	256   	48.1       	12.4       	12681     	-79.7
3702      	18:01:45  	192.0 	-52.2 	2     	49.8     	256   	48.2       	12.4       	12687     	-79.7
3704      	18:01:47  	191.8 	-52.2 	2     	49.9     	255   	48.3       	12.5       	12693     	-79.7
3706      	18:01:49  	191.6 	-52.3 	2     	50.0     	255   	48.4       	12.6       	12700     	-79.7
3708      	18:01:51  	191.4 	-52.3 	2     	50.1     	255   	48.5       	12.7       	12706     	-79.7
3710      	18:01:53  	191.2 	-52.3 	2     	50.3     	255   	48.6       	12.8       	12712     	-79.8
3712      	18:01:55  	191.0 	-52.4 	2     	50.4     	255   	48.7       	12.9       	12719     	-79.8
3714      	18:01:57  	190.9 	-52.4 	2     	50.5     	255   	48.8       	13.1       	12725     	-79.8
3716      	18:01:59  	190.7 	-52.4 	2     	50.6     	255   	48.9       	13.1       	12731     	-79.8
3718      	18:02:01  	190.5 	-52.5 	2     	50.7     	255   	49.0       	13.2       	12738     	-79.9
3720      	18:02:03  	190.3 	-52.5 	2     	51.0     	255   	49.2       	13.3       	12744     	-79.9
3722      	18:02:05  	190.1 	-52.5 	2     	51.0     	255   	49.2       	13.4       	12750     	-79.9
3724      	18:02:07  	189.9 	-52.6 	2     	51.1     	255   	49.3       	13.3       	12757     	-80.0
3726      	18:02:09  	189.7 	-52.6 	2     	51.1     	255   	49.3       	13.3       	12763     	-80.0
3728      	18:02:11  	189.5 	-52.7 	2     	51.0     	255   	49.3       	13.2       	12770     	-80.1
3730      	18:02:13  	189.3 	-52.7 	2     	51.0     	255   	49.3       	13.1       	12776     	-80.1
3732      	18:02:15  	189.2 	-52.7 	2     	50.9     	255   	49.2       	13.0       	12783     	-80.1
3734      	18:02:17  	189.0 	-52.8 	2     	50.9     	255   	49.2       	13.0       	12789     	-80.2
3736      	18:02:19  	188.8 	-52.8 	2     	50.8     	255   	49.1       	12.9       	12795     	-80.2
3738      	18:02:21  	188.6 	-52.9 	2     	50.7     	255   	49.0       	12.9       	12802     	-80.2
3740      	18:02:23  	188.4 	-52.9 	2     	50.5     	255   	48.9       	12.8       	12808     	-80.2
3742      	18:02:25  	188.2 	-53.0 	2     	50.5     	255   	48.9       	12.7       	12814     	-80.3
3744      	18:02:27  	188.0 	-53.0 	2     	50.5     	255   	48.9       	12.7       	12821     	-80.3
3746      	18:02:29  	187.9 	-53.1 	2     	50.6     	256   	49.0       	12.6       	12827     	-80.3
3748      	18:02:31  	187.7 	-53.1 	2     	50.6     	256   	49.0       	12.5       	12834     	-80.3
3750      	18:02:33  	187.5 	-53.2 	2     	50.7     	256   	49.1       	12.5       	12840     	-80.4
3752      	18:02:35  	187.3 	-53.2 	2     	50.7     	256   	49.2       	12.4       	12847     	-80.4
3754      	18:02:37  	187.1 	-53.3 	2     	50.8     	256   	49.3       	12.4       	12853     	-80.5
3756      	18:02:39  	186.9 	-53.3 	2     	50.9     	256   	49.4       	12.3       	12860     	-80.5
3758      	18:02:41  	186.7 	-53.4 	2     	51.0     	256   	49.5       	12.2       	12867     	-80.6
3760      	18:02:43  	186.5 	-53.4 	2     	51.0     	256   	49.5       	12.2       	12873     	-80.6
3762      	18:02:45  	186.3 	-53.5 	2     	51.0     	256   	49.5       	12.1       	12880     	-80.6
3764      	18:02:47  	186.2 	-53.5 	2     	51.0     	256   	49.5       	12.1       	12886     	-80.6
3766      	18:02:49  	186.0 	-53.5 	2     	51.0     	256   	49.5       	12.1       	12892     	-80.7
3768      	18:02:51  	185.8 	-53.6 	2     	51.1     	256   	49.7       	12.0       	12898     	-80.7
3770      	18:02:53  	185.6 	-53.6 	2     	51.2     	257   	49.8       	11.9       	12905     	-80.7
3772      	18:02:55  	185.4 	-53.7 	2     	51.3     	257   	49.9       	11.9       	12911     	-80.7
3774      	18:02:57  	185.2 	-53.7 	2     	51.4     	257   	50.0       	11.8       	12917     	-80.7
3776      	18:02:59  	185.1 	-53.7 	2     	51.6     	257   	50.2       	11.8       	12924     	-80.7
3778      	18:03:01  	184.9 	-53.7 	2     	51.7     	257   	50.3       	11.8       	12930     	-80.8
3780      	18:03:03  	184.7 	-53.7 	2     	51.8     	257   	50.5       	11.7       	12936     	-80.8
3782      	18:03:05  	184.5 	-53.7 	2     	52.0     	257   	50.7       	11.7       	12943     	-80.8
3784      	18:03:07  	184.3 	-53.7 	2     	52.2     	257   	50.9       	11.7       	12949     	-80.8
3786      	18:03:09  	184.1 	-53.7 	2     	52.4     	257   	51.1       	11.6       	12956     	-80.8
3788      	18:03:11  	183.9 	-53.7 	2     	52.5     	257   	51.2       	11.6       	12963     	-80.8
3790      	18:03:13  	183.8 	-53.7 	2     	52.6     	257   	51.3       	11.6       	12969     	-80.8
3792      	18:03:15  	183.6 	-53.7 	2     	52.7     	257   	51.4       	11.6       	12975     	-80.9
3794      	18:03:17  	183.4 	-53.7 	2     	53.0     	257   	51.7       	11.6       	12982     	-80.9
3796      	18:03:19  	183.2 	-53.7 	2     	53.2     	258   	51.9       	11.5       	12988     	-80.9
3798      	18:03:21  	183.0 	-53.6 	2     	53.5     	258   	52.2       	11.5       	12995     	-80.9
3800      	18:03:23  	182.8 	-53.6 	2     	53.5     	258   	52.3       	11.4       	13001     	-80.9
3802      	18:03:25  	182.7 	-53.6 	2     	53.7     	258   	52.5       	11.4       	13007     	-80.9
3804      	18:03:27  	182.5 	-53.5 	2     	53.9     	258   	52.7       	11.4       	13014     	-80.9
3806      	18:03:29  	182.3 	-53.5 	2     	54.1     	258   	52.9       	11.3       	13020     	-80.9
3808      	18:03:31  	182.1 	-53.5 	2     	54.3     	258   	53.1       	11.3       	13026     	-80.9
3810      	18:03:33  	181.9 	-53.4 	2     	54.6     	258   	53.4       	11.3       	13033     	-80.9
3812      	18:03:35  	181.8 	-53.4 	2     	54.7     	258   	53.5       	11.3       	13039     	-80.9
3814      	18:03:37  	181.6 	-53.4 	2     	54.8     	258   	53.6       	11.4       	13046     	-80.8
3816      	18:03:39  	181.4 	-53.4 	2     	54.9     	258   	53.7       	11.4       	13053     	-80.8
3818      	18:03:41  	181.2 	-53.4 	2     	54.9     	258   	53.7       	11.5       	13059     	-80.8
3820      	18:03:43  	181.0 	-53.4 	2     	54.9     	258   	53.6       	11.7       	13065     	-80.8
3822      	18:03:45  	180.8 	-53.4 	2     	54.9     	258   	53.6       	11.8       	13071     	-80.7
3824      	18:03:47  	180.7 	-53.3 	2     	54.8     	257   	53.5       	12.0       	13078     	-80.7
3826      	18:03:49  	180.5 	-53.3 	2     	54.8     	257   	53.4       	12.2       	13084     	-80.7
3828      	18:03:51  	180.3 	-53.3 	2     	54.6     	257   	53.2       	12.3       	13091     	-80.7
3830      	18:03:53  	180.1 	-53.3 	2     	54.6     	257   	53.1       	12.5       	13097     	-80.6
3832      	18:03:55  	179.9 	-53.3 	2     	54.2     	257   	52.7       	12.6       	13104     	-80.7
3834      	18:03:57  	179.8 	-53.3 	2     	53.7     	256   	52.2       	12.7       	13110     	-80.7
3836      	18:03:59  	179.6 	-53.3 	2     	53.4     	256   	51.8       	12.8       	13117     	-80.7
3838      	18:04:01  	179.4 	-53.4 	2     	53.0     	256   	51.4       	12.8       	13123     	-80.7
3840      	18:04:03  	179.2 	-53.4 	2     	52.8     	256   	51.2       	12.8       	13130     	-80.7
3842      	18:04:05  	179.0 	-53.4 	2     	52.5     	256   	50.9       	12.7       	13137     	-80.7
3844      	18:04:07  	178.8 	-53.4 	2     	52.0     	256   	50.5       	12.6       	13143     	-80.7
3846      	18:04:09  	178.7 	-53.4 	2     	51.5     	256   	50.0       	12.4       	13150     	-80.7
3848      	18:04:11  	178.5 	-53.4 	2     	51.0     	256   	49.5       	12.1       	13156     	-80.7
3850      	18:04:13  	178.3 	-53.4 	2     	50.5     	256   	49.1       	11.9       	13163     	-80.7
3852      	18:04:15  	178.1 	-53.4 	2     	50.3     	257   	48.9       	11.7       	13169     	-80.7
3854      	18:04:17  	177.9 	-53.5 	2     	50.1     	257   	48.7       	11.6       	13176     	-80.7
3856      	18:04:19  	177.7 	-53.5 	2     	49.8     	257   	48.5       	11.4       	13183     	-80.6
3858      	18:04:21  	177.6 	-53.5 	2     	49.5     	257   	48.3       	11.0       	13189     	-80.7
3860      	18:04:23  	177.4 	-53.5 	2     	49.3     	258   	48.1       	10.6       	13196     	-80.7
3862      	18:04:25  	177.2 	-53.6 	2     	48.9     	258   	47.8       	10.2       	13203     	-80.7
3864      	18:04:27  	177.0 	-53.6 	2     	48.7     	258   	47.7       	9.9        	13210     	-80.7
3866      	18:04:29  	176.8 	-53.6 	2     	48.7     	259   	47.7       	9.7        	13217     	-80.7
3868      	18:04:31  	176.6 	-53.6 	2     	48.6     	259   	47.7       	9.4        	13224     	-80.7
3870      	18:04:33  	176.4 	-53.6 	2     	48.4     	259   	47.5       	9.2        	13231     	-80.7
3872      	18:04:35  	176.2 	-53.6 	2     	48.1     	259   	47.3       	8.8        	13238     	-80.8
3874      	18:04:37  	176.0 	-53.7 	2     	47.9     	260   	47.1       	8.5        	13245     	-80.8
3876      	18:04:39  	175.9 	-53.7 	2     	47.5     	260   	46.8       	8.1        	13251     	-80.8
3878      	18:04:41  	175.7 	-53.7 	2     	47.3     	260   	46.6       	8.0        	13257     	-80.9
3880      	18:04:43  	175.5 	-53.7 	2     	47.1     	260   	46.4       	7.9        	13264     	-80.9
3882      	18:04:45  	175.3 	-53.8 	2     	46.9     	260   	46.2       	7.8        	13270     	-81.0
3884      	18:04:47  	175.2 	-53.8 	2     	46.5     	261   	45.9       	7.6        	13277     	-81.0
3886      	18:04:49  	175.0 	-53.8 	2     	46.1     	261   	45.5       	7.5        	13284     	-81.0
3888      	18:04:51  	174.8 	-53.8 	2     	45.8     	261   	45.2       	7.3        	13290     	-81.0
3890      	18:04:53  	174.6 	-53.8 	2     	45.6     	261   	45.0       	7.2        	13296     	-81.0
3892      	18:04:55  	174.5 	-53.9 	2     	45.5     	261   	44.9       	7.2        	13303     	-81.0
3894      	18:04:57  	174.3 	-53.9 	2     	45.3     	261   	44.7       	7.2        	13309     	-81.0
3896      	18:04:59  	174.1 	-53.9 	2     	45.2     	261   	44.6       	7.1        	13315     	-81.0
3898      	18:05:01  	173.9 	-53.9 	2     	45.0     	261   	44.4       	7.1        	13322     	-81.0
3900      	18:05:03  	173.8 	-53.9 	2     	44.7     	261   	44.1       	7.0        	13328     	-81.0
3902      	18:05:05  	173.6 	-53.9 	2     	44.5     	261   	43.9       	7.0        	13335     	-81.0
3904      	18:05:07  	173.4 	-54.0 	2     	44.3     	261   	43.8       	6.9        	13341     	-81.0
3906      	18:05:09  	173.2 	-54.0 	2     	44.3     	261   	43.8       	6.9        	13348     	-81.0
3908      	18:05:11  	173.1 	-54.0 	2     	44.2     	261   	43.7       	6.8        	13354     	-81.0
3910      	18:05:13  	172.9 	-54.0 	2     	44.0     	261   	43.5       	6.8        	13360     	-81.0
3912      	18:05:15  	172.7 	-54.0 	2     	43.8     	261   	43.3       	6.8        	13367     	-81.0
3914      	18:05:17  	172.5 	-54.0 	2     	43.5     	261   	43.0       	6.7        	13373     	-81.0
3916      	18:05:19  	172.4 	-54.0 	2     	43.4     	261   	42.9       	6.7        	13380     	-81.0
3918      	18:05:21  	172.2 	-54.0 	2     	43.3     	261   	42.8       	6.7        	13386     	-81.0
3920      	18:05:23  	172.0 	-53.9 	2     	43.1     	261   	42.6       	6.7        	13393     	-81.0
3922      	18:05:25  	171.9 	-53.9 	2     	43.0     	261   	42.5       	6.7        	13399     	-81.0
3924      	18:05:27  	171.7 	-53.9 	2     	42.9     	261   	42.4       	6.7        	13406     	-81.0
3926      	18:05:29  	171.5 	-53.9 	2     	42.7     	261   	42.2       	6.7        	13412     	-81.0
3928      	18:05:31  	171.3 	-53.8 	2     	42.6     	261   	42.1       	6.7        	13419     	-81.0
3930      	18:05:33  	171.1 	-53.8 	2     	42.6     	261   	42.1       	6.7        	13426     	-81.0
3932      	18:05:35  	171.0 	-53.8 	2     	42.6     	261   	42.1       	6.7        	13432     	-81.0
3934      	18:05:37  	170.8 	-53.8 	2     	42.5     	261   	42.0       	6.6        	13439     	-81.0
3936      	18:05:39  	170.6 	-53.8 	2     	42.2     	261   	41.7       	6.7        	13445     	-81.0
3938      	18:05:41  	170.4 	-53.8 	2     	41.8     	261   	41.3       	6.7        	13452     	-81.0
3940      	18:05:43  	170.3 	-53.8 	2     	41.5     	261   	41.0       	6.7        	13459     	-81.0
3942      	18:05:45  	170.1 	-53.8 	2     	41.2     	260   	40.6       	6.8        	13465     	-81.0
3944      	18:05:47  	169.9 	-53.8 	2     	40.9     	260   	40.3       	6.8        	13472     	-80.9
3946      	18:05:49  	169.7 	-53.8 	2     	40.5     	260   	39.9       	6.9        	13479     	-80.9
3948      	18:05:51  	169.6 	-53.8 	2     	40.2     	260   	39.6       	7.0        	13485     	-80.9
3950      	18:05:53  	169.4 	-53.8 	2     	39.7     	260   	39.1       	7.1        	13492     	-80.9
3952      	18:05:55  	169.2 	-53.8 	2     	39.4     	259   	38.7       	7.3        	13498     	-80.9
3954      	18:05:57  	169.0 	-53.8 	2     	39.1     	259   	38.4       	7.4        	13505     	-80.9
3956      	18:05:59  	168.9 	-53.9 	2     	39.0     	259   	38.3       	7.5        	13512     	-80.9
3958      	18:06:01  	168.7 	-53.9 	2     	38.9     	259   	38.2       	7.6        	13519     	-81.0
3960      	18:06:03  	168.5 	-53.9 	2     	38.9     	259   	38.1       	7.7        	13526     	-81.0
3962      	18:06:05  	168.3 	-54.0 	2     	38.7     	258   	37.9       	7.9        	13532     	-81.0
3964      	18:06:07  	168.2 	-54.0 	2     	38.5     	258   	37.6       	8.1        	13539     	-81.1
3966      	18:06:09  	168.0 	-54.1 	2     	38.3     	257   	37.4       	8.3        	13546     	-81.1
3968      	18:06:11  	167.8 	-54.1 	2     	38.1     	257   	37.2       	8.4        	13552     	-81.1
3970      	18:06:13  	167.6 	-54.1 	2     	38.0     	257   	37.0       	8.5        	13559     	-81.1
3972      	18:06:15  	167.5 	-54.2 	2     	37.8     	257   	36.8       	8.6        	13565     	-81.1
3974      	18:06:17  	167.3 	-54.2 	2     	37.7     	257   	36.7       	8.8        	13572     	-81.1
3976      	18:06:19  	167.1 	-54.2 	2     	37.7     	256   	36.6       	8.9        	13578     	-81.1
3978      	18:06:21  	167.0 	-54.3 	2     	37.6     	256   	36.5       	9.1        	13584     	-81.1
3980      	18:06:23  	166.8 	-54.3 	2     	37.7     	256   	36.5       	9.3        	13591     	-81.2
3982      	18:06:25  	166.6 	-54.3 	2     	37.7     	256   	36.5       	9.4        	13597     	-81.1
3984      	18:06:27  	166.5 	-54.4 	2     	37.8     	255   	36.6       	9.5        	13604     	-81.2
3986      	18:06:29  	166.3 	-54.4 	2     	37.9     	255   	36.7       	9.5        	13610     	-81.2
3988      	18:06:31  	166.1 	-54.4 	2     	38.0     	255   	36.8       	9.6        	13616     	-81.2
3990      	18:06:33  	166.0 	-54.5 	2     	38.1     	255   	36.9       	9.6        	13623     	-81.2
3992      	18:06:35  	165.8 	-54.5 	2     	38.3     	255   	37.0       	9.7        	13629     	-81.2
3994      	18:06:37  	165.6 	-54.6 	2     	38.3     	255   	37.1       	9.6        	13636     	-81.2
3996      	18:06:39  	165.5 	-54.6 	2     	38.3     	255   	37.1       	9.6        	13642     	-81.2
3998      	18:06:41  	165.3 	-54.7 	2     	38.5     	256   	37.3       	9.4        	13649     	-81.3
4000      	18:06:43  	165.1 	-54.7 	2     	38.5     	256   	37.4       	9.3        	13655     	-81.3
4002      	18:06:45  	165.0 	-54.8 	2     	38.7     	256   	37.6       	9.1        	13662     	-81.3
4004      	18:06:47  	164.8 	-54.8 	2     	38.8     	257   	37.7       	9.0        	13669     	-81.3
4006      	18:06:49  	164.6 	-54.9 	2     	38.8     	257   	37.8       	8.9        	13675     	-81.3
4008      	18:06:51  	164.4 	-54.9 	2     	38.9     	257   	37.9       	8.8        	13682     	-81.3
4010      	18:06:53  	164.3 	-55.0 	2     	39.0     	257   	38.0       	8.7        	13688     	-81.3
4012      	18:06:55  	164.1 	-55.0 	2     	39.1     	257   	38.1       	8.6        	13695     	-81.4
4014      	18:06:57  	163.9 	-55.1 	2     	39.1     	257   	38.2       	8.5        	13702     	-81.4
4016      	18:06:59  	163.8 	-55.1 	2     	39.2     	258   	38.3       	8.4        	13709     	-81.5
4018      	18:07:01  	163.6 	-55.1 	2     	39.3     	258   	38.4       	8.3        	13715     	-81.5
4020      	18:07:03  	163.4 	-55.2 	2     	39.3     	258   	38.4       	8.3        	13722     	-81.5
4022      	18:07:05  	163.2 	-55.2 	2     	39.3     	258   	38.4       	8.3        	13728     	-81.6
4024      	18:07:07  	163.1 	-55.2 	2     	39.1     	258   	38.2       	8.2        	13735     	-81.6
4026      	18:07:09  	162.9 	-55.3 	2     	38.9     	258   	38.0       	8.1        	13741     	-81.6
4028      	18:07:11  	162.8 	-55.3 	2     	38.6     	258   	37.8       	7.9        	13747     	-81.6
4030      	18:07:13  	162.6 	-55.4 	2     	38.4     	258   	37.6       	7.8        	13754     	-81.7
4032      	18:07:15  	162.4 	-55.4 	2     	38.3     	259   	37.5       	7.6        	13760     	-81.7
4034      	18:07:17  	162.3 	-55.5 	2     	38.0     	259   	37.3       	7.4        	13766     	-81.7
4036      	18:07:19  	162.1 	-55.5 	2     	37.8     	259   	37.1       	7.3        	13773     	-81.8
4038      	18:07:21  	161.9 	-55.6 	2     	37.6     	259   	36.9       	7.1        	13779     	-81.8
4040      	18:07:23  	161.8 	-55.6 	2     	37.4     	259   	36.7       	7.0        	13786     	-81.8
4042      	18:07:25  	161.6 	-55.7 	2     	37.1     	259   	36.5       	6.8        	13792     	-81.9
4044      	18:07:27  	161.4 	-55.7 	2     	37.1     	259   	36.5       	6.8        	13799     	-81.9
4046      	18:07:29  	161.3 	-55.8 	2     	37.1     	259   	36.5       	6.8        	13806     	-81.9
4048      	18:07:31  	161.1 	-55.8 	2     	37.1     	259   	36.5       	6.8        	13812     	-81.9
4050      	18:07:33  	161.0 	-55.9 	2     	37.2     	259   	36.6       	6.8        	13819     	-82.0
4052      	18:07:35  	160.8 	-55.9 	2     	38.0     	259   	37.4       	7.0        	13825     	-82.0
4054      	18:07:37  	160.6 	-56.0 	2     	38.8     	259   	38.1       	7.1        	13831     	-82.1
4056      	18:07:39  	160.5 	-56.0 	2     	39.5     	259   	38.8       	7.3        	13837     	-82.1
4058      	18:07:41  	160.3 	-56.1 	2     	40.2     	259   	39.5       	7.4        	13843     	-82.1
4060      	18:07:43  	160.2 	-56.2 	2     	40.9     	259   	40.2       	7.6        	13849     	-82.2
4062      	18:07:45  	160.0 	-56.3 	2     	41.6     	259   	40.9       	7.7        	13856     	-82.2
4064      	18:07:47  	159.8 	-56.3 	2     	42.4     	259   	41.7       	7.9        	13863     	-82.3
4066      	18:07:49  	159.7 	-56.4 	2     	43.1     	259   	42.4       	8.0        	13870     	-82.3
4068      	18:07:51  	159.5 	-56.5 	2     	43.6     	259   	42.8       	8.1        	13877     	-82.4
4070      	18:07:53  	159.3 	-56.5 	2     	44.0     	259   	43.2       	8.1        	13883     	-82.4
4072      	18:07:55  	159.2 	-56.6 	2     	43.6     	259   	42.9       	8.0        	13890     	-82.5
4074      	18:07:57  	159.0 	-56.6 	2     	43.4     	260   	42.7       	7.9        	13896     	-82.5
4076      	18:07:59  	158.8 	-56.7 	2     	43.2     	260   	42.5       	7.8        	13903     	-82.5
4078      	18:08:01  	158.7 	-56.7 	2     	43.0     	260   	42.3       	7.7        	13909     	-82.5
4080      	18:08:03  	158.5 	-56.8 	2     	42.7     	260   	42.0       	7.6        	13915     	-82.6
4082      	18:08:05  	158.4 	-56.9 	2     	42.5     	260   	41.8       	7.5        	13922     	-82.6
4084      	18:08:07  	158.2 	-56.9 	2     	42.2     	260   	41.6       	7.3        	13929     	-82.6
4086      	18:08:09  	158.0 	-57.0 	2     	42.0     	260   	41.4       	7.1        	13935     	-82.6
4088      	18:08:11  	157.9 	-57.0 	2     	42.0     	261   	41.4       	6.9        	13942     	-82.6
4090      	18:08:13  	157.7 	-57.1 	2     	42.0     	261   	41.4       	6.8        	13948     	-82.7
4092      	18:08:15  	157.5 	-57.1 	2     	41.9     	261   	41.4       	6.7        	13954     	-82.7
4094      	18:08:17  	157.4 	-57.2 	2     	41.9     	261   	41.4       	6.6        	13960     	-82.7
4096      	18:08:19  	157.2 	-57.2 	2     	41.9     	261   	41.4       	6.5        	13967     	-82.8
4098      	18:08:21  	157.1 	-57.3 	2     	41.8     	261   	41.3       	6.3        	13973     	-82.8
4100      	18:08:23  	156.9 	-57.3 	2     	41.6     	261   	41.1       	6.2        	13979     	-82.9
4102      	18:08:25  	156.8 	-57.4 	2     	41.5     	262   	41.0       	6.1        	13985     	-82.9
4104      	18:08:27  	156.6 	-57.4 	2     	41.2     	262   	40.8       	6.0        	13991     	-82.9
4106      	18:08:29  	156.5 	-57.5 	2     	41.0     	262   	40.6       	6.0        	13997     	-83.0
4108      	18:08:31  	156.3 	-57.5 	2     	40.9     	262   	40.5       	6.0        	14003     	-83.0
4110      	18:08:33  	156.2 	-57.5 	2     	40.7     	262   	40.3       	5.9        	14009     	-83.0
4112      	18:08:35  	156.0 	-57.5 	2     	40.5     	262   	40.1       	5.9        	14016     	-83.1
4114      	18:08:37  	155.9 	-57.6 	2     	40.4     	262   	40.0       	5.8        	14022     	-83.1
4116      	18:08:39  	155.7 	-57.6 	2     	40.2     	262   	39.8       	5.8        	14028     	-83.2
4118      	18:08:41  	155.6 	-57.7 	2     	40.2     	262   	39.8       	5.8        	14035     	-83.2
4120      	18:08:43  	155.4 	-57.7 	2     	40.4     	262   	40.0       	5.8        	14041     	-83.3
4122      	18:08:45  	155.3 	-57.7 	2     	40.6     	262   	40.2       	5.8        	14047     	-83.4
4124      	18:08:47  	155.1 	-57.8 	2     	40.8     	262   	40.4       	5.7        	14053     	-83.4
4126      	18:08:49  	154.9 	-57.8 	2     	41.0     	262   	40.6       	5.7        	14059     	-83.5
4128      	18:08:51  	154.8 	-57.8 	2     	41.3     	262   	40.9       	5.7        	14065     	-83.5
4130      	18:08:53  	154.6 	-57.9 	2     	41.5     	262   	41.1       	5.7        	14072     	-83.5
4132      	18:08:55  	154.5 	-57.9 	2     	41.7     	262   	41.3       	5.7        	14078     	-83.5
4134      	18:08:57  	154.3 	-57.9 	2     	41.9     	262   	41.5       	5.7        	14084     	-83.6
4136      	18:08:59  	154.2 	-57.9 	2     	42.1     	262   	41.7       	5.7        	14090     	-83.6
4138      	18:09:01  	154.1 	-57.9 	2     	41.3     	263   	41.0       	5.2        	14095     	-83.6
4140      	18:09:03  	153.9 	-57.9 	2     	40.4     	263   	40.1       	4.7        	14101     	-83.6
4142      	18:09:05  	153.8 	-57.9 	2     	39.5     	264   	39.3       	4.2        	14107     	-83.6
4144      	18:09:07  	153.6 	-57.8 	2     	38.6     	264   	38.4       	3.8        	14113     	-83.5
4146      	18:09:09  	153.5 	-57.8 	2     	37.6     	265   	37.5       	3.3        	14119     	-83.6
4148      	18:09:11  	153.3 	-57.8 	2     	36.7     	266   	36.6       	2.8        	14125     	-83.6
4150      	18:09:13  	153.2 	-57.8 	2     	35.8     	266   	35.7       	2.3        	14132     	-83.6
4152      	18:09:15  	153.0 	-57.8 	2     	34.9     	267   	34.8       	1.9        	14138     	-83.6
4154      	18:09:17  	152.9 	-57.8 	2     	34.0     	268   	34.0       	1.4        	14144     	-83.6
4156      	18:09:19  	152.7 	-57.8 	2     	33.1     	268   	33.1       	0.9        	14150     	-83.5
4158      	18:09:21  	152.6 	-57.8 	2     	33.3     	268   	33.3       	0.9        	14156     	-83.5
4160      	18:09:23  	152.4 	-57.8 	2     	33.9     	268   	33.9       	0.9        	14162     	-83.5
4162      	18:09:25  	152.3 	-57.7 	2     	34.6     	269   	34.6       	0.9        	14168     	-83.5
4164      	18:09:27  	152.2 	-57.7 	2     	35.3     	269   	35.3       	0.8        	14174     	-83.4
4166      	18:09:29  	152.0 	-57.7 	2     	36.0     	269   	36.0       	0.8        	14179     	-83.4
4168      	18:09:31  	151.9 	-57.7 	2     	36.6     	269   	36.6       	0.8        	14185     	-83.4
4170      	18:09:33  	151.7 	-57.7 	2     	37.3     	269   	37.3       	0.8        	14191     	-83.4
4172      	18:09:35  	151.6 	-57.8 	2     	38.0     	269   	38.0       	0.7        	14197     	-83.4
4174      	18:09:37  	151.4 	-57.8 	2     	38.6     	269   	38.6       	0.7        	14203     	-83.5
4176      	18:09:39  	151.3 	-57.8 	2     	39.3     	269   	39.3       	0.7        	14209     	-83.5
4178      	18:09:41  	151.2 	-57.8 	2     	39.8     	269   	39.8       	0.7        	14216     	-83.5
4180      	18:09:43  	151.0 	-57.8 	2     	39.8     	269   	39.8       	0.7        	14222     	-83.5
4182      	18:09:45  	150.9 	-57.8 	2     	39.8     	269   	39.8       	0.7        	14228     	-83.5
4184      	18:09:47  	150.7 	-57.9 	2     	39.8     	269   	39.8       	0.7        	14233     	-83.5
4186      	18:09:49  	150.6 	-57.9 	2     	39.8     	269   	39.8       	0.7        	14239     	-83.5
4188      	18:09:51  	150.4 	-57.9 	2     	39.8     	269   	39.8       	0.7        	14245     	-83.5
4190      	18:09:53  	150.3 	-58.0 	2     	39.8     	269   	39.8       	0.6        	14251     	-83.5
4192      	18:09:55  	150.2 	-58.0 	2     	38.9     	269   	38.9       	0.5        	14256     	-83.6
4194      	18:09:57  	150.0 	-58.0 	2     	38.1     	270   	38.1       	0.3        	14262     	-83.6
4196      	18:09:59  	149.9 	-58.0 	2     	37.2     	270   	37.2       	0.2        	14268     	-83.6
4198      	18:10:01  	149.8 	-58.1 	2     	36.4     	270   	36.4       	0.0        	14274     	-83.6
4200      	18:10:03  	149.6 	-58.1 	2     	35.5     	270   	35.5       	-0.2       	14280     	-83.6
4202      	18:10:05  	149.5 	-58.1 	2     	34.7     	270   	34.7       	-0.3       	14286     	-83.6
4204      	18:10:07  	149.3 	-58.2 	2     	33.8     	271   	33.8       	-0.5       	14292     	-83.6
4206      	18:10:09  	149.2 	-58.2 	2     	33.0     	271   	33.0       	-0.6       	14299     	-83.7
4208      	18:10:11  	149.0 	-58.2 	2     	32.1     	271   	32.1       	-0.8       	14305     	-83.7
4210      	18:10:13  	148.9 	-58.3 	2     	31.5     	272   	31.5       	-0.9       	14311     	-83.7
4212      	18:10:15  	148.7 	-58.3 	2     	31.9     	271   	31.9       	-0.6       	14317     	-83.8
4214      	18:10:17  	148.6 	-58.3 	2     	32.2     	271   	32.2       	-0.4       	14324     	-83.8
4216      	18:10:19  	148.4 	-58.4 	2     	32.6     	270   	32.6       	-0.2       	14330     	-83.9
4218      	18:10:21  	148.3 	-58.4 	2     	33.0     	270   	33.0       	0.0        	14336     	-83.9
4220      	18:10:23  	148.1 	-58.4 	2     	33.3     	269   	33.3       	0.3        	14342     	-83.9
4222      	18:10:25  	148.0 	-58.5 	2     	33.7     	269   	33.7       	0.5        	14348     	-83.9
4224      	18:10:27  	147.8 	-58.5 	2     	34.0     	269   	34.0       	0.7        	14355     	-84.0
4226      	18:10:29  	147.7 	-58.6 	2     	34.2     	268   	34.2       	1.0        	14361     	-84.0
4228      	18:10:31  	147.6 	-58.6 	2     	34.4     	268   	34.4       	1.3        	14367     	-83.9
4230      	18:10:33  	147.4 	-58.7 	2     	34.5     	268   	34.5       	1.5        	14373     	-83.9
4232      	18:10:35  	147.3 	-58.7 	2     	34.3     	267   	34.3       	1.6        	14379     	-83.9
4234      	18:10:37  	147.1 	-58.8 	2     	34.1     	267   	34.1       	1.6        	14385     	-83.9
4236      	18:10:39  	147.0 	-58.8 	2     	34.0     	267   	34.0       	1.7        	14391     	-83.9
4238      	18:10:41  	146.8 	-58.9 	2     	33.8     	267   	33.8       	1.8        	14397     	-83.9
4240      	18:10:43  	146.7 	-58.9 	2     	33.6     	267   	33.6       	1.8        	14404     	-84.0
4242      	18:10:45  	146.6 	-59.0 	2     	33.6     	267   	33.5       	1.9        	14410     	-84.0
4244      	18:10:47  	146.4 	-59.0 	2     	33.4     	267   	33.3       	2.0        	14416     	-84.0
4246      	18:10:49  	146.3 	-59.1 	2     	33.2     	267   	33.1       	2.0        	14422     	-84.0
4248      	18:10:51  	146.1 	-59.1 	2     	33.0     	267   	32.9       	2.0        	14428     	-84.1
4250      	18:10:53  	146.0 	-59.2 	2     	32.9     	266   	32.8       	2.1        	14435     	-84.1
4252      	18:10:55  	145.8 	-59.2 	2     	32.7     	266   	32.6       	2.1        	14441     	-84.2
4254      	18:10:57  	145.7 	-59.3 	2     	32.6     	266   	32.5       	2.1        	14447     	-84.2
4256      	18:10:59  	145.5 	-59.3 	2     	32.4     	266   	32.3       	2.2        	14453     	-84.2
4258      	18:11:01  	145.4 	-59.4 	2     	32.3     	266   	32.2       	2.2        	14459     	-84.2
4260      	18:11:03  	145.3 	-59.4 	2     	32.2     	266   	32.1       	2.3        	14465     	-84.3
4262      	18:11:05  	145.1 	-59.5 	2     	32.1     	266   	32.0       	2.5        	14471     	-84.3
4264      	18:11:07  	145.0 	-59.5 	2     	32.1     	265   	32.0       	2.6        	14477     	-84.3
4266      	18:11:09  	144.8 	-59.6 	2     	32.1     	265   	32.0       	2.7        	14483     	-84.3
4268      	18:11:11  	144.7 	-59.6 	2     	32.2     	265   	32.1       	2.8        	14489     	-84.4
4270      	18:11:13  	144.6 	-59.7 	2     	32.3     	265   	32.2       	2.9        	14495     	-84.4
4272      	18:11:15  	144.4 	-59.8 	2     	32.3     	265   	32.2       	3.0        	14501     	-84.4
4274      	18:11:17  	144.3 	-59.8 	2     	32.4     	265   	32.3       	3.1        	14507     	-84.5
4276      	18:11:19  	144.2 	-59.9 	2     	32.6     	264   	32.4       	3.2        	14513     	-84.5
4278      	18:11:21  	144.0 	-59.9 	2     	32.7     	264   	32.5       	3.3        	14519     	-84.5
4280      	18:11:23  	143.9 	-60.0 	2     	32.7     	264   	32.5       	3.3        	14525     	-84.6
4282      	18:11:25  	143.7 	-60.0 	2     	32.7     	264   	32.5       	3.3        	14531     	-84.6
4284      	18:11:27  	143.6 	-60.1 	2     	32.8     	264   	32.6       	3.3        	14537     	-84.6
4286      	18:11:29  	143.5 	-60.1 	2     	32.8     	264   	32.6       	3.4        	14543     	-84.7
4288      	18:11:31  	143.3 	-60.2 	2     	32.9     	264   	32.7       	3.4        	14549     	-84.7
4290      	18:11:33  	143.2 	-60.2 	2     	33.0     	264   	32.8       	3.5        	14555     	-84.7
4292      	18:11:35  	143.1 	-60.3 	2     	33.1     	264   	32.9       	3.6        	14561     	-84.8
4294      	18:11:37  	142.9 	-60.3 	2     	33.1     	264   	32.9       	3.6        	14567     	-84.9
4296      	18:11:39  	142.8 	-60.4 	2     	33.3     	264   	33.1       	3.7        	14573     	-84.9
4298      	18:11:41  	142.6 	-60.4 	2     	33.5     	264   	33.3       	3.7        	14579     	-85.0
4300      	18:11:43  	142.5 	-60.5 	2     	33.7     	264   	33.5       	3.8        	14585     	-85.0
4302      	18:11:45  	142.4 	-60.5 	2     	33.9     	264   	33.7       	3.8        	14591     	-85.1
4304      	18:11:47  	142.2 	-60.5 	2     	34.0     	264   	33.8       	3.8        	14597     	-85.1
4306      	18:11:49  	142.1 	-60.6 	2     	34.1     	264   	33.9       	3.8        	14603     	-85.1
4308      	18:11:51  	142.0 	-60.6 	2     	34.2     	264   	34.0       	3.8        	14609     	-85.2
4310      	18:11:53  	141.8 	-60.7 	2     	34.4     	264   	34.2       	3.7        	14615     	-85.2
4312      	18:11:55  	141.7 	-60.7 	2     	34.6     	264   	34.4       	3.7        	14622     	-85.3
4314      	18:11:57  	141.5 	-60.7 	2     	34.8     	264   	34.6       	3.6        	14628     	-85.3
4316      	18:11:59  	141.4 	-60.8 	2     	34.9     	264   	34.7       	3.5        	14634     	-85.3
4318      	18:12:01  	141.2 	-60.8 	2     	35.0     	264   	34.8       	3.4        	14641     	-85.3
4320      	18:12:03  	141.1 	-60.8 	2     	35.0     	264   	34.8       	3.4        	14648     	-85.3
4322      	18:12:05  	140.9 	-60.9 	2     	34.9     	265   	34.8       	3.2        	14654     	-85.3
4324      	18:12:07  	140.8 	-60.9 	2     	34.9     	265   	34.8       	2.9        	14661     	-85.3
4326      	18:12:09  	140.6 	-60.9 	2     	34.8     	266   	34.7       	2.7        	14667     	-85.2
4328      	18:12:11  	140.5 	-61.0 	2     	34.8     	266   	34.7       	2.4        	14674     	-85.3
4330      	18:12:13  	140.3 	-61.0 	2     	34.6     	266   	34.5       	2.3        	14680     	-85.3
4332      	18:12:15  	140.2 	-61.0 	2     	34.5     	267   	34.4       	2.1        	14686     	-85.3
4334      	18:12:17  	140.0 	-61.1 	2     	34.4     	267   	34.3       	1.9        	14693     	-85.4
4336      	18:12:19  	139.9 	-61.1 	2     	34.0     	267   	34.0       	1.6        	14699     	-85.4
4338      	18:12:21  	139.8 	-61.2 	2     	33.7     	268   	33.7       	1.4        	14706     	-85.4
4340      	18:12:23  	139.6 	-61.2 	2     	33.5     	268   	33.5       	1.1        	14712     	-85.5
4342      	18:12:25  	139.5 	-61.3 	2     	33.3     	268   	33.3       	0.9        	14719     	-85.6
4344      	18:12:27  	139.3 	-61.3 	2     	33.2     	269   	33.2       	0.8        	14725     	-85.6
4346      	18:12:29  	139.2 	-61.4 	2     	33.0     	269   	33.0       	0.7        	14731     	-85.7
4348      	18:12:31  	139.0 	-61.4 	2     	32.8     	269   	32.8       	0.6        	14738     	-85.7
4350      	18:12:33  	138.9 	-61.5 	2     	32.6     	269   	32.6       	0.4        	14745     	-85.7
4352      	18:12:35  	138.7 	-61.5 	2     	32.3     	269   	32.3       	0.3        	14751     	-85.8
4354      	18:12:37  	138.6 	-61.6 	2     	32.1     	270   	32.1       	0.1        	14758     	-85.8
4356      	18:12:39  	138.4 	-61.7 	2     	32.0     	270   	32.0       	0.0        	14765     	-85.8
4358      	18:12:41  	138.3 	-61.7 	2     	31.9     	270   	31.9       	-0.1       	14771     	-85.9
4360      	18:12:43  	138.1 	-61.8 	2     	31.8     	270   	31.8       	-0.1       	14778     	-85.9
4362      	18:12:45  	138.0 	-61.8 	2     	31.5     	271   	31.5       	-0.3       	14785     	-85.9
4364      	18:12:47  	137.8 	-61.9 	2     	31.2     	271   	31.2       	-0.4       	14792     	-86.0
4366      	18:12:49  	137.7 	-61.9 	2     	30.9     	271   	30.9       	-0.6       	14799     	-86.0
4368      	18:12:51  	137.5 	-62.0 	2     	30.7     	271   	30.7       	-0.7       	14805     	-86.1
4370      	18:12:53  	137.4 	-62.0 	2     	30.5     	272   	30.5       	-0.8       	14812     	-86.2
4372      	18:12:55  	137.2 	-62.1 	2     	30.3     	272   	30.3       	-0.9       	14819     	-86.2
4374      	18:12:57  	137.1 	-62.1 	2     	29.9     	272   	29.9       	-1.0       	14825     	-86.3
4376      	18:12:59  	136.9 	-62.2 	2     	29.5     	272   	29.5       	-1.1       	14832     	-86.3
4378      	18:13:01  	136.8 	-62.2 	2     	29.0     	273   	29.0       	-1.3       	14839     	-86.3
4380      	18:13:03  	136.6 	-62.3 	2     	28.6     	273   	28.6       	-1.4       	14845     	-86.3
4382      	18:13:05  	136.5 	-62.3 	2     	28.4     	273   	28.4       	-1.4       	14852     	-86.3
4384      	18:13:07  	136.3 	-62.4 	2     	28.1     	273   	28.1       	-1.5       	14859     	-86.3
4386      	18:13:09  	136.2 	-62.4 	2     	27.9     	273   	27.9       	-1.5       	14866     	-86.3
4388      	18:13:11  	136.0 	-62.4 	2     	27.4     	273   	27.4       	-1.6       	14873     	-86.4
4390      	18:13:13  	135.9 	-62.5 	2     	27.1     	274   	27.0       	-1.7       	14879     	-86.4
4392      	18:13:15  	135.7 	-62.5 	2     	26.6     	274   	26.5       	-1.7       	14886     	-86.4
4394      	18:13:17  	135.6 	-62.5 	2     	26.3     	274   	26.2       	-1.8       	14893     	-86.5
4396      	18:13:19  	135.4 	-62.6 	2     	26.1     	274   	26.0       	-1.8       	14900     	-86.5
4398      	18:13:21  	135.3 	-62.6 	2     	25.9     	274   	25.8       	-1.8       	14907     	-86.5
4400      	18:13:23  	135.1 	-62.6 	2     	25.7     	274   	25.6       	-1.9       	14914     	-86.6
4402      	18:13:25  	135.0 	-62.7 	2     	25.3     	274   	25.2       	-1.9       	14922     	-86.6
4404      	18:13:27  	134.8 	-62.7 	2     	24.9     	274   	24.8       	-1.9       	14929     	-86.6
4406      	18:13:29  	134.7 	-62.7 	2     	24.6     	275   	24.5       	-2.0       	14936     	-86.7
4408      	18:13:31  	134.5 	-62.7 	2     	24.4     	275   	24.3       	-2.0       	14943     	-86.7
4410      	18:13:33  	134.3 	-62.8 	2     	24.3     	275   	24.2       	-2.0       	14950     	-86.7
4412      	18:13:35  	134.2 	-62.7 	2     	24.1     	275   	24.0       	-2.0       	14957     	-86.8
4414      	18:13:37  	134.0 	-62.7 	2     	24.1     	275   	24.0       	-2.0       	14964     	-86.8
4416      	18:13:39  	133.9 	-62.7 	2     	24.0     	275   	23.9       	-2.0       	14971     	-86.8
4418      	18:13:41  	133.7 	-62.7 	2     	23.9     	275   	23.8       	-2.0       	14978     	-86.8
4420      	18:13:43  	133.6 	-62.7 	2     	23.9     	275   	23.8       	-2.0       	14985     	-86.8
4422      	18:13:45  	133.4 	-62.7 	2     	24.0     	275   	23.9       	-2.0       	14992     	-86.8
4424      	18:13:47  	133.3 	-62.7 	2     	24.1     	275   	24.0       	-1.9       	14999     	-86.8
4426      	18:13:49  	133.1 	-62.7 	2     	24.1     	275   	24.0       	-1.9       	15006     	-86.8
4428      	18:13:51  	133.0 	-62.7 	2     	24.2     	274   	24.1       	-1.8       	15013     	-86.8
4430      	18:13:53  	132.8 	-62.7 	2     	24.2     	274   	24.1       	-1.8       	15021     	-86.7
4432      	18:13:55  	132.7 	-62.7 	2     	24.2     	274   	24.1       	-1.7       	15028     	-86.7
4434      	18:13:57  	132.5 	-62.7 	2     	24.2     	274   	24.1       	-1.7       	15035     	-86.7
4436      	18:13:59  	132.3 	-62.6 	2     	24.1     	274   	24.0       	-1.7       	15042     	-86.7
4438      	18:14:01  	132.2 	-62.6 	2     	24.0     	274   	23.9       	-1.6       	15049     	-86.7
4440      	18:14:03  	132.0 	-62.6 	2     	23.5     	274   	23.5       	-1.5       	15057     	-86.7
4442      	18:14:05  	131.9 	-62.6 	2     	23.1     	273   	23.1       	-1.4       	15064     	-86.7
4444      	18:14:07  	131.7 	-62.6 	2     	22.7     	273   	22.7       	-1.3       	15071     	-86.7
4446      	18:14:09  	131.6 	-62.6 	2     	22.4     	273   	22.4       	-1.2       	15078     	-86.8
4448      	18:14:11  	131.4 	-62.6 	2     	22.0     	273   	22.0       	-1.1       	15085     	-86.8
4450      	18:14:13  	131.3 	-62.6 	2     	21.7     	273   	21.7       	-1.0       	15092     	-86.8
4452      	18:14:15  	131.1 	-62.5 	2     	21.1     	272   	21.1       	-0.7       	15099     	-86.8
4454      	18:14:17  	131.0 	-62.5 	2     	20.5     	271   	20.5       	-0.4       	15106     	-86.8
4456      	18:14:19  	130.8 	-62.5 	2     	19.8     	271   	19.8       	-0.2       	15114     	-86.8
4458      	18:14:21  	130.7 	-62.5 	2     	19.2     	270   	19.2       	0.1        	15121     	-86.8
4460      	18:14:23  	130.5 	-62.5 	2     	19.0     	269   	19.0       	0.3        	15128     	-86.8
4462      	18:14:25  	130.4 	-62.5 	2     	18.7     	268   	18.7       	0.5        	15135     	-86.8
4464      	18:14:27  	130.2 	-62.5 	2     	18.2     	267   	18.2       	0.8        	15142     	-86.8
4466      	18:14:29  	130.1 	-62.5 	2     	17.6     	266   	17.6       	1.2        	15149     	-86.8
4468      	18:14:31  	129.9 	-62.6 	2     	17.0     	265   	16.9       	1.6        	15157     	-86.8
4470      	18:14:33  	129.8 	-62.6 	2     	16.4     	263   	16.3       	1.9        	15164     	-86.8
4472      	18:14:35  	129.6 	-62.6 	2     	16.0     	262   	15.9       	2.1        	15171     	-86.8
4474      	18:14:37  	129.5 	-62.6 	2     	15.7     	262   	15.5       	2.3        	15178     	-86.9
4476      	18:14:39  	129.3 	-62.6 	2     	15.3     	261   	15.1       	2.5        	15185     	-86.8
4478      	18:14:41  	129.2 	-62.7 	2     	14.8     	260   	14.6       	2.7        	15192     	-86.8
4480      	18:14:43  	129.0 	-62.7 	2     	14.3     	258   	14.0       	3.0        	15198     	-86.8
4482      	18:14:45  	128.9 	-62.7 	2     	13.8     	256   	13.4       	3.3        	15205     	-86.8
4484      	18:14:47  	128.7 	-62.7 	2     	13.5     	255   	13.0       	3.6        	15212     	-86.8
4486      	18:14:49  	128.6 	-62.7 	2     	13.2     	254   	12.7       	3.7        	15219     	-86.8
4488      	18:14:51  	128.4 	-62.8 	2     	13.1     	253   	12.5       	3.8        	15226     	-86.8
4490      	18:14:53  	128.3 	-62.8 	2     	12.8     	251   	12.1       	4.1        	15234     	-86.9
4492      	18:14:55  	128.1 	-62.8 	2     	12.4     	249   	11.6       	4.5        	15241     	-86.9
4494      	18:14:57  	128.0 	-62.9 	2     	12.2     	247   	11.2       	4.8        	15249     	-87.0
4496      	18:14:59  	127.8 	-62.9 	2     	11.9     	244   	10.7       	5.2        	15256     	-87.0
4498      	18:15:01  	127.7 	-62.9 	2     	11.7     	243   	10.4       	5.4        	15263     	-87.1
4500      	18:15:03  	127.5 	-62.9 	2     	11.6     	241   	10.2       	5.6        	15271     	-87.1
4502      	18:15:05  	127.4 	-63.0 	2     	11.6     	239   	10.0       	5.9        	15278     	-87.2
4504      	18:15:07  	127.2 	-63.0 	2     	11.5     	237   	9.6        	6.3        	15285     	-87.2
4506      	18:15:09  	127.1 	-63.0 	2     	11.4     	234   	9.2        	6.8        	15292     	-87.2
4508      	18:15:11  	126.9 	-63.1 	2     	11.5     	231   	8.9        	7.3        	15299     	-87.2
4510      	18:15:13  	126.8 	-63.1 	2     	11.6     	229   	8.7        	7.6        	15306     	-87.2
4512      	18:15:15  	126.7 	-63.1 	2     	11.5     	227   	8.5        	7.8        	15313     	-87.2
4514      	18:15:17  	126.5 	-63.2 	2     	11.7     	226   	8.4        	8.1        	15320     	-87.2
4516      	18:15:19  	126.4 	-63.2 	2     	11.8     	224   	8.2        	8.5        	15327     	-87.2
4518      	18:15:21  	126.2 	-63.2 	2     	12.1     	221   	7.9        	9.1        	15334     	-87.2
4520      	18:15:23  	126.1 	-63.3 	2     	12.3     	219   	7.7        	9.6        	15340     	-87.2
4522      	18:15:25  	125.9 	-63.3 	2     	12.5     	216   	7.4        	10.1       	15347     	-87.2
4524      	18:15:27  	125.8 	-63.3 	2     	12.7     	215   	7.3        	10.4       	15354     	-87.2
4526      	18:15:29  	125.7 	-63.4 	2     	12.9     	214   	7.2        	10.7       	15361     	-87.2
4528      	18:15:31  	125.5 	-63.4 	2     	13.0     	212   	7.0        	11.0       	15368     	-87.2
4530      	18:15:33  	125.4 	-63.4 	2     	13.2     	211   	6.8        	11.3       	15374     	-87.2
4532      	18:15:35  	125.3 	-63.5 	2     	13.4     	209   	6.6        	11.7       	15381     	-87.2
4534      	18:15:37  	125.1 	-63.5 	2     	13.7     	208   	6.4        	12.1       	15388     	-87.2
4536      	18:15:39  	125.0 	-63.6 	2     	13.8     	207   	6.3        	12.3       	15395     	-87.2
4538      	18:15:41  	124.8 	-63.6 	2     	13.8     	207   	6.2        	12.3       	15401     	-87.2
4540      	18:15:43  	124.7 	-63.7 	2     	13.9     	207   	6.2        	12.4       	15408     	-87.2
4542      	18:15:45  	124.6 	-63.7 	2     	14.0     	206   	6.1        	12.6       	15415     	-87.2
4544      	18:15:47  	124.4 	-63.8 	2     	14.1     	205   	6.0        	12.8       	15422     	-87.3
4546      	18:15:49  	124.3 	-63.8 	2     	14.4     	204   	5.9        	13.1       	15429     	-87.3
4548      	18:15:51  	124.2 	-63.9 	2     	14.5     	204   	5.9        	13.3       	15435     	-87.3
4550      	18:15:53  	124.0 	-63.9 	2     	14.6     	203   	5.8        	13.4       	15442     	-87.4
4552      	18:15:55  	123.9 	-64.0 	2     	14.8     	203   	5.8        	13.6       	15448     	-87.4
4554      	18:15:57  	123.8 	-64.0 	2     	14.9     	203   	5.8        	13.7       	15455     	-87.4
4556      	18:15:59  	123.6 	-64.1 	2     	15.1     	203   	5.9        	13.9       	15461     	-87.5
4558      	18:16:01  	123.5 	-64.1 	2     	15.4     	203   	5.9        	14.2       	15468     	-87.5
4560      	18:16:03  	123.4 	-64.2 	2     	15.6     	203   	6.0        	14.4       	15474     	-87.6
4562      	18:16:05  	123.2 	-64.2 	2     	15.7     	202   	6.0        	14.5       	15481     	-87.6
4564      	18:16:07  	123.1 	-64.3 	2     	15.8     	203   	6.1        	14.6       	15488     	-87.6
4566      	18:16:09  	123.0 	-64.3 	2     	16.0     	203   	6.2        	14.7       	15494     	-87.7
4568      	18:16:11  	122.8 	-64.4 	2     	16.1     	203   	6.3        	14.8       	15501     	-87.7
4570      	18:16:13  	122.7 	-64.4 	2     	16.2     	203   	6.4        	14.9       	15508     	-87.7
4572      	18:16:15  	122.6 	-64.5 	2     	16.4     	204   	6.6        	15.0       	15514     	-87.8
4574      	18:16:17  	122.4 	-64.5 	2     	16.6     	204   	6.7        	15.2       	15521     	-87.8
4576      	18:16:19  	122.3 	-64.6 	2     	16.7     	204   	6.8        	15.2       	15527     	-87.8
4578      	18:16:21  	122.2 	-64.7 	2     	16.7     	204   	6.9        	15.2       	15534     	-87.8
4580      	18:16:23  	122.0 	-64.7 	3     	16.8     	205   	7.0        	15.3       	15540     	-87.8
4582      	18:16:25  	121.9 	-64.8 	3     	17.0     	205   	7.2        	15.4       	15546     	-87.8
4584      	18:16:27  	121.8 	-64.8 	3     	17.2     	206   	7.4        	15.5       	15552     	-87.9
4586      	18:16:29  	121.7 	-64.9 	3     	17.4     	206   	7.7        	15.6       	15558     	-87.9
4588      	18:16:31  	121.5 	-64.9 	3     	17.5     	207   	7.9        	15.6       	15565     	-87.9
4590      	18:16:33  	121.4 	-65.0 	3     	17.6     	207   	8.0        	15.7       	15571     	-87.9
4592      	18:16:35  	121.3 	-65.0 	3     	17.8     	207   	8.2        	15.8       	15578     	-87.9
4594      	18:16:37  	121.2 	-65.1 	3     	17.9     	208   	8.4        	15.8       	15584     	-87.9
4596      	18:16:39  	121.0 	-65.1 	3     	18.1     	208   	8.6        	15.9       	15591     	-88.0
4598      	18:16:41  	120.9 	-65.2 	3     	18.3     	209   	8.9        	16.0       	15597     	-88.0
4600      	18:16:43  	120.8 	-65.2 	3     	18.4     	210   	9.1        	16.0       	15603     	-88.0
4602      	18:16:45  	120.7 	-65.3 	3     	18.5     	210   	9.2        	16.0       	15610     	-88.0
4604      	18:16:47  	120.5 	-65.3 	3     	18.5     	210   	9.3        	16.0       	15616     	-88.1
4606      	18:16:49  	120.4 	-65.4 	3     	18.6     	210   	9.4        	16.0       	15623     	-88.1
4608      	18:16:51  	120.3 	-65.4 	3     	18.7     	211   	9.6        	16.1       	15629     	-88.1
4610      	18:16:53  	120.1 	-65.4 	3     	18.8     	211   	9.8        	16.1       	15636     	-88.2
4612      	18:16:55  	120.0 	-65.5 	3     	19.0     	212   	10.0       	16.1       	15642     	-88.2
4614      	18:16:57  	119.9 	-65.5 	3     	19.1     	212   	10.2       	16.1       	15649     	-88.2
4616      	18:16:59  	119.8 	-65.6 	3     	19.2     	212   	10.3       	16.2       	15655     	-88.3
4618      	18:17:01  	119.6 	-65.6 	3     	19.3     	213   	10.4       	16.2       	15662     	-88.3
4620      	18:17:03  	119.5 	-65.6 	3     	19.4     	213   	10.6       	16.3       	15668     	-88.3
4622      	18:17:05  	119.4 	-65.6 	3     	19.6     	213   	10.8       	16.4       	15675     	-88.3
4624      	18:17:07  	119.2 	-65.6 	3     	20.0     	214   	11.1       	16.6       	15681     	-88.4
4626      	18:17:09  	119.1 	-65.6 	3     	20.2     	214   	11.3       	16.8       	15688     	-88.4
4628      	18:17:11  	119.0 	-65.7 	3     	20.4     	214   	11.4       	16.9       	15694     	-88.4
4630      	18:17:13  	118.9 	-65.7 	3     	20.7     	214   	11.6       	17.1       	15700     	-88.5
4632      	18:17:15  	118.7 	-65.7 	3     	20.9     	214   	11.8       	17.3       	15707     	-88.5
4634      	18:17:17  	118.6 	-65.7 	3     	21.4     	215   	12.2       	17.6       	15713     	-88.5
4636      	18:17:19  	118.5 	-65.7 	3     	21.9     	215   	12.6       	17.9       	15719     	-88.6
4638      	18:17:21  	118.4 	-65.7 	3     	22.3     	215   	12.9       	18.2       	15725     	-88.6
4640      	18:17:23  	118.3 	-65.7 	2     	22.8     	216   	13.3       	18.5       	15732     	-88.6
4642      	18:17:25  	118.1 	-65.7 	2     	23.0     	216   	13.5       	18.6       	15738     	-88.6
4644      	18:17:27  	118.0 	-65.7 	2     	23.3     	216   	13.8       	18.8       	15745     	-88.6
4646      	18:17:29  	117.9 	-65.7 	2     	23.8     	217   	14.3       	19.0       	15751     	-88.6
4648      	18:17:31  	117.8 	-65.7 	2     	24.4     	218   	14.9       	19.3       	15758     	-88.6
4650      	18:17:33  	117.6 	-65.7 	2     	24.9     	218   	15.5       	19.5       	15764     	-88.6
4652      	18:17:35  	117.5 	-65.7 	2     	25.4     	219   	16.0       	19.7       	15770     	-88.6
4654      	18:17:37  	117.4 	-65.7 	2     	25.6     	220   	16.3       	19.7       	15776     	-88.6
4656      	18:17:39  	117.3 	-65.7 	2     	25.9     	220   	16.7       	19.8       	15783     	-88.6
4658      	18:17:41  	117.1 	-65.7 	2     	26.3     	221   	17.2       	19.9       	15789     	-88.6
4660      	18:17:43  	117.0 	-65.7 	2     	26.8     	222   	17.8       	20.0       	15796     	-88.6
4662      	18:17:45  	116.9 	-65.7 	2     	27.3     	222   	18.4       	20.2       	15802     	-88.6
4664      	18:17:47  	116.8 	-65.7 	2     	27.8     	223   	19.0       	20.3       	15809     	-88.6
4666      	18:17:49  	116.6 	-65.7 	2     	28.0     	224   	19.3       	20.3       	15815     	-88.7
4668      	18:17:51  	116.5 	-65.7 	2     	28.3     	224   	19.6       	20.4       	15822     	-88.7
4670      	18:17:53  	116.4 	-65.7 	2     	28.5     	224   	19.9       	20.4       	15828     	-88.7
4672      	18:17:55  	116.3 	-65.8 	2     	28.8     	225   	20.4       	20.4       	15834     	-88.7
4674      	18:17:57  	116.2 	-65.8 	2     	29.1     	226   	20.9       	20.3       	15841     	-88.7
4676      	18:17:59  	116.0 	-65.8 	2     	29.5     	227   	21.4       	20.3       	15847     	-88.7
4678      	18:18:01  	115.9 	-65.8 	3     	29.6     	227   	21.7       	20.2       	15853     	-88.7
4680      	18:18:03  	115.8 	-65.9 	3     	29.7     	227   	21.9       	20.1       	15860     	-88.7
4682      	18:18:05  	115.7 	-65.9 	3     	29.8     	228   	22.1       	20.0       	15866     	-88.7
4684      	18:18:07  	115.5 	-65.9 	3     	30.0     	229   	22.5       	19.9       	15872     	-88.7
4686      	18:18:09  	115.4 	-66.0 	3     	30.3     	229   	23.0       	19.7       	15879     	-88.7
4688      	18:18:11  	115.3 	-66.0 	3     	30.5     	230   	23.5       	19.5       	15885     	-88.7
4690      	18:18:13  	115.2 	-66.0 	3     	30.7     	231   	23.9       	19.3       	15892     	-88.7
4692      	18:18:15  	115.1 	-66.1 	3     	30.9     	232   	24.2       	19.2       	15898     	-88.7
4694      	18:18:17  	114.9 	-66.1 	3     	31.1     	232   	24.5       	19.1       	15905     	-88.7
4696      	18:18:19  	114.8 	-66.1 	3     	31.2     	232   	24.7       	19.0       	15911     	-88.7
4698      	18:18:21  	114.7 	-66.2 	3     	31.3     	233   	24.9       	18.9       	15918     	-88.8
4700      	18:18:23  	114.6 	-66.2 	3     	31.4     	233   	25.1       	18.8       	15924     	-88.8
4702      	18:18:25  	114.4 	-66.2 	3     	31.5     	234   	25.3       	18.7       	15931     	-88.8
4704      	18:18:27  	114.3 	-66.3 	3     	31.5     	234   	25.4       	18.6       	15937     	-88.9
4706      	18:18:29  	114.2 	-66.3 	3     	31.4     	234   	25.3       	18.6       	15944     	-88.9
4708      	18:18:31  	114.1 	-66.3 	3     	31.4     	234   	25.3       	18.6       	15950     	-89.0
4710      	18:18:33  	114.0 	-66.4 	3     	31.6     	234   	25.5       	18.6       	15957     	-89.0
4712      	18:18:35  	113.8 	-66.4 	3     	31.9     	234   	25.9       	18.6       	15963     	-89.1
4714      	18:18:37  	113.7 	-66.4 	3     	32.2     	235   	26.3       	18.6       	15970     	-89.1
4716      	18:18:39  	113.6 	-66.4 	3     	32.6     	235   	26.8       	18.6       	15977     	-89.1
4718      	18:18:41  	113.4 	-66.5 	3     	33.0     	236   	27.3       	18.6       	15984     	-89.1
4720      	18:18:43  	113.3 	-66.5 	3     	33.4     	236   	27.8       	18.6       	15990     	-89.1
4722      	18:18:45  	113.2 	-66.5 	3     	33.9     	237   	28.3       	18.6       	15997     	-89.1
4724      	18:18:47  	113.1 	-66.5 	3     	34.1     	237   	28.7       	18.4       	16004     	-89.1
4726      	18:18:49  	112.9 	-66.5 	3     	34.4     	238   	29.2       	18.2       	16011     	-89.1
4728      	18:18:51  	112.8 	-66.4 	3     	34.7     	239   	29.7       	18.0       	16018     	-89.1
4730      	18:18:53  	112.7 	-66.4 	3     	34.8     	239   	29.9       	17.9       	16025     	-89.1
4732      	18:18:55  	112.6 	-66.4 	3     	34.7     	239   	29.9       	17.7       	16032     	-89.1
4734      	18:18:57  	112.4 	-66.4 	3     	34.6     	240   	29.8       	17.5       	16039     	-89.1
4736      	18:18:59  	112.3 	-66.4 	3     	34.4     	240   	29.8       	17.2       	16046     	-89.1
4738      	18:19:01  	112.2 	-66.4 	3     	34.1     	241   	29.7       	16.7       	16053     	-89.1
4740      	18:19:03  	112.0 	-66.4 	3     	33.9     	241   	29.7       	16.3       	16060     	-89.2
4742      	18:19:05  	111.9 	-66.4 	3     	33.6     	242   	29.6       	15.8       	16066     	-89.2
4744      	18:19:07  	111.8 	-66.4 	3     	33.5     	242   	29.6       	15.6       	16073     	-89.2
4746      	18:19:09  	111.6 	-66.4 	3     	33.3     	243   	29.6       	15.3       	16080     	-89.1
4748      	18:19:11  	111.5 	-66.4 	3     	33.0     	243   	29.5       	14.9       	16087     	-89.1
4750      	18:19:13  	111.4 	-66.4 	3     	32.5     	244   	29.2       	14.3       	16094     	-89.1
4752      	18:19:15  	111.3 	-66.4 	3     	32.0     	244   	28.9       	13.8       	16102     	-89.1
4754      	18:19:17  	111.1 	-66.4 	3     	31.6     	245   	28.7       	13.2       	16109     	-89.1
4756      	18:19:19  	111.0 	-66.4 	3     	31.2     	246   	28.4       	12.8       	16116     	-89.0
4758      	18:19:21  	110.9 	-66.4 	3     	30.8     	246   	28.2       	12.5       	16123     	-89.0
4760      	18:19:23  	110.7 	-66.4 	3     	30.5     	246   	27.9       	12.2       	16130     	-89.0
4762      	18:19:25  	110.6 	-66.4 	3     	30.0     	247   	27.6       	11.8       	16137     	-89.0
4764      	18:19:27  	110.5 	-66.4 	3     	29.5     	247   	27.2       	11.4       	16144     	-89.0
4766      	18:19:29  	110.3 	-66.4 	3     	28.8     	248   	26.7       	10.9       	16152     	-89.0
4768      	18:19:31  	110.2 	-66.4 	3     	28.4     	248   	26.4       	10.5       	16159     	-89.0
4770      	18:19:33  	110.1 	-66.5 	3     	28.2     	249   	26.2       	10.3       	16166     	-89.0
4772      	18:19:35  	110.0 	-66.5 	3     	27.9     	249   	26.0       	10.1       	16173     	-89.1
4774      	18:19:37  	109.8 	-66.5 	3     	27.6     	249   	25.8       	9.9        	16180     	-89.1
4776      	18:19:39  	109.7 	-66.6 	3     	27.3     	250   	25.6       	9.5        	16187     	-89.1
4778      	18:19:41  	109.6 	-66.6 	3     	27.1     	250   	25.5       	9.1        	16194     	-89.1
4780      	18:19:43  	109.4 	-66.6 	3     	26.8     	251   	25.3       	8.7        	16202     	-89.1
4782      	18:19:45  	109.3 	-66.7 	3     	26.6     	252   	25.2       	8.4        	16209     	-89.1
4784      	18:19:47  	109.2 	-66.7 	3     	26.5     	252   	25.2       	8.2        	16216     	-89.1
4786      	18:19:49  	109.0 	-66.7 	3     	26.4     	252   	25.2       	8.0        	16223     	-89.1
4788      	18:19:51  	108.9 	-66.7 	3     	26.4     	253   	25.2       	7.7        	16230     	-89.1
4790      	18:19:53  	108.8 	-66.7 	3     	26.3     	254   	25.3       	7.3        	16237     	-89.1
4792      	18:19:55  	108.7 	-66.8 	3     	26.3     	255   	25.4       	7.0        	16245     	-89.1
4794      	18:19:57  	108.5 	-66.8 	3     	26.4     	255   	25.5       	6.7        	16252     	-89.2
4796      	18:19:59  	108.4 	-66.8 	3     	26.4     	256   	25.6       	6.5        	16260     	-89.2
4798      	18:20:01  	108.3 	-66.8 	3     	26.5     	256   	25.7       	6.4        	16267     	-89.2
4800      	18:20:03  	108.1 	-66.8 	3     	26.5     	257   	25.8       	6.1        	16275     	-89.2
4802      	18:20:05  	108.0 	-66.8 	3     	26.5     	258   	25.9       	5.7        	16281     	-89.2
4804      	18:20:07  	107.9 	-66.8 	3     	26.6     	259   	26.1       	5.3        	16288     	-89.2
4806      	18:20:09  	107.7 	-66.8 	3     	26.8     	259   	26.3       	4.9        	16296     	-89.2
4808      	18:20:11  	107.6 	-66.8 	3     	26.8     	260   	26.4       	4.6        	16303     	-89.2
4810      	18:20:13  	107.5 	-66.8 	3     	26.7     	261   	26.4       	4.3        	16311     	-89.2
4812      	18:20:15  	107.3 	-66.8 	3     	26.8     	261   	26.5       	4.0        	16318     	-89.2
4814      	18:20:17  	107.2 	-66.8 	3     	26.6     	262   	26.4       	3.5        	16325     	-89.2
4816      	18:20:19  	107.1 	-66.8 	3     	26.6     	264   	26.4       	3.0        	16332     	-89.2
4818      	18:20:21  	107.0 	-66.8 	3     	26.4     	265   	26.3       	2.5        	16340     	-89.2
4820      	18:20:23  	106.8 	-66.8 	3     	26.3     	265   	26.2       	2.2        	16348     	-89.2
4822      	18:20:25  	106.7 	-66.8 	3     	26.2     	266   	26.1       	2.0        	16355     	-89.2
4824      	18:20:27  	106.6 	-66.8 	3     	26.0     	266   	25.9       	1.8        	16363     	-89.2
4826      	18:20:29  	106.4 	-66.8 	3     	25.7     	267   	25.7       	1.4        	16370     	-89.2
4828      	18:20:31  	106.3 	-66.8 	3     	25.6     	268   	25.6       	1.0        	16377     	-89.2
4830      	18:20:33  	106.2 	-66.8 	3     	25.4     	269   	25.4       	0.5        	16385     	-89.2
4832      	18:20:35  	106.0 	-66.8 	3     	25.2     	270   	25.2       	0.1        	16392     	-89.2
4834      	18:20:37  	105.9 	-66.8 	3     	25.2     	270   	25.2       	-0.2       	16400     	-89.2
4836      	18:20:39  	105.8 	-66.8 	3     	25.1     	271   	25.1       	-0.4       	16407     	-89.2
4838      	18:20:41  	105.7 	-66.7 	3     	25.1     	272   	25.1       	-0.7       	16414     	-89.3
4840      	18:20:43  	105.5 	-66.7 	3     	24.9     	273   	24.9       	-1.1       	16421     	-89.3
4842      	18:20:45  	105.4 	-66.7 	3     	24.9     	274   	24.8       	-1.6       	16428     	-89.3
4844      	18:20:47  	105.3 	-66.6 	3     	24.7     	275   	24.6       	-2.0       	16435     	-89.3
4846      	18:20:49  	105.2 	-66.6 	2     	24.6     	275   	24.5       	-2.3       	16442     	-89.3
4848      	18:20:51  	105.0 	-66.5 	2     	24.5     	276   	24.4       	-2.5       	16450     	-89.3
4850      	18:20:53  	104.9 	-66.5 	2     	24.4     	276   	24.2       	-2.7       	16457     	-89.3
4852      	18:20:55  	104.8 	-66.5 	2     	24.1     	277   	23.9       	-3.0       	16464     	-89.3
4854      	18:20:57  	104.7 	-66.4 	2     	23.6     	278   	23.4       	-3.2       	16471     	-89.3
4856      	18:20:59  	104.5 	-66.4 	2     	23.2     	279   	22.9       	-3.5       	16478     	-89.2
4858      	18:21:01  	104.4 	-66.3 	2     	22.6     	279   	22.3       	-3.7       	16485     	-89.2
4860      	18:21:03  	104.3 	-66.2 	2     	22.2     	280   	21.9       	-3.8       	16492     	-89.2
4862      	18:21:05  	104.2 	-66.2 	2     	21.8     	280   	21.5       	-3.8       	16499     	-89.1
4864      	18:21:07  	104.1 	-66.1 	2     	21.5     	280   	21.1       	-3.9       	16506     	-89.1
4866      	18:21:09  	103.9 	-66.0 	2     	20.8     	281   	20.4       	-4.1       	16513     	-89.0
4868      	18:21:11  	103.8 	-66.0 	2     	20.2     	283   	19.7       	-4.4       	16520     	-89.0
4870      	18:21:13  	103.7 	-65.9 	2     	19.5     	284   	19.0       	-4.6       	16526     	-88.9
4872      	18:21:15  	103.6 	-65.8 	2     	19.1     	285   	18.5       	-4.8       	16533     	-88.9
4874      	18:21:17  	103.5 	-65.8 	2     	18.9     	285   	18.2       	-5.0       	16540     	-88.8
4876      	18:21:19  	103.4 	-65.7 	2     	18.6     	286   	17.9       	-5.2       	16547     	-88.8
4878      	18:21:21  	103.2 	-65.7 	2     	18.2     	288   	17.4       	-5.5       	16554     	-88.7
4880      	18:21:23  	103.1 	-65.7 	2     	17.8     	289   	16.9       	-5.7       	16560     	-88.7
4882      	18:21:25  	103.0 	-65.6 	2     	17.4     	290   	16.3       	-6.0       	16567     	-88.6
4884      	18:21:27  	102.9 	-65.6 	3     	17.0     	291   	15.8       	-6.2       	16574     	-88.6
4886      	18:21:29  	102.8 	-65.6 	3     	16.8     	292   	15.6       	-6.3       	16581     	-88.5
4888      	18:21:31  	102.7 	-65.6 	3     	16.7     	293   	15.4       	-6.4       	16589     	-88.4
4890      	18:21:33  	102.5 	-65.6 	3     	16.4     	293   	15.1       	-6.4       	16596     	-88.4
4892      	18:21:35  	102.4 	-65.6 	3     	16.3     	293   	15.0       	-6.4       	16603     	-88.4
4894      	18:21:37  	102.3 	-65.6 	3     	16.2     	293   	14.9       	-6.4       	16610     	-88.4
4896      	18:21:39  	102.2 	-65.6 	3     	16.1     	293   	14.8       	-6.4       	16617     	-88.4
4898      	18:21:41  	102.1 	-65.6 	3     	16.2     	293   	14.9       	-6.3       	16624     	-88.4
4900      	18:21:43  	101.9 	-65.5 	3     	16.2     	292   	15.0       	-6.2       	16630     	-88.4
4902      	18:21:45  	101.8 	-65.5 	3     	16.3     	292   	15.1       	-6.1       	16637     	-88.4
4904      	18:21:47  	101.7 	-65.5 	3     	16.5     	291   	15.4       	-5.9       	16644     	-88.4
4906      	18:21:49  	101.6 	-65.5 	3     	16.7     	290   	15.7       	-5.6       	16650     	-88.5
4908      	18:21:51  	101.5 	-65.5 	2     	16.9     	288   	16.0       	-5.3       	16657     	-88.5
4910      	18:21:53  	101.4 	-65.5 	2     	17.1     	287   	16.3       	-5.1       	16664     	-88.5
4912      	18:21:55  	101.3 	-65.5 	2     	17.2     	287   	16.5       	-4.9       	16670     	-88.6
4914      	18:21:57  	101.2 	-65.5 	2     	17.3     	286   	16.7       	-4.7       	16677     	-88.6
4916      	18:21:59  	101.1 	-65.6 	2     	17.5     	285   	16.9       	-4.5       	16683     	-88.6
4918      	18:22:01  	101.0 	-65.6 	2     	17.7     	284   	17.2       	-4.2       	16689     	-88.6
4920      	18:22:03  	100.9 	-65.6 	3     	17.9     	282   	17.5       	-3.8       	16696     	-88.5
4922      	18:22:05  	100.8 	-65.6 	3     	18.2     	281   	17.9       	-3.5       	16702     	-88.5
4924      	18:22:07  	100.6 	-65.6 	3     	18.4     	280   	18.1       	-3.2       	16708     	-88.5
4926      	18:22:09  	100.5 	-65.6 	3     	18.5     	280   	18.2       	-3.1       	16715     	-88.4
4928      	18:22:11  	100.4 	-65.6 	3     	18.5     	279   	18.3       	-2.9       	16721     	-88.4
4930      	18:22:13  	100.3 	-65.6 	3     	18.6     	279   	18.4       	-2.8       	16727     	-88.3
4932      	18:22:15  	100.2 	-65.5 	3     	18.8     	278   	18.6       	-2.6       	16734     	-88.3
4934      	18:22:17  	100.1 	-65.5 	3     	18.9     	278   	18.7       	-2.5       	16740     	-88.3
4936      	18:22:19  	100.0 	-65.5 	3     	19.0     	277   	18.8       	-2.4       	16747     	-88.3
4938      	18:22:21  	99.9  	-65.5 	3     	19.0     	278   	18.8       	-2.5       	16754     	-88.3
4940      	18:22:23  	99.8  	-65.4 	3     	19.0     	278   	18.8       	-2.5       	16760     	-88.3
4942      	18:22:25  	99.7  	-65.4 	3     	19.0     	278   	18.8       	-2.6       	16767     	-88.3
4944      	18:22:27  	99.6  	-65.4 	3     	18.9     	278   	18.7       	-2.7       	16773     	-88.3
4946      	18:22:29  	99.5  	-65.3 	3     	18.7     	279   	18.5       	-2.8       	16779     	-88.3
4948      	18:22:31  	99.4  	-65.3 	2     	18.6     	279   	18.4       	-3.0       	16786     	-88.3
4950      	18:22:33  	99.3  	-65.3 	2     	18.5     	280   	18.2       	-3.1       	16792     	-88.3
4952      	18:22:35  	99.2  	-65.2 	2     	18.3     	280   	18.0       	-3.2       	16799     	-88.3
4954      	18:22:37  	99.1  	-65.2 	2     	18.2     	280   	17.9       	-3.3       	16805     	-88.3
4956      	18:22:39  	98.9  	-65.1 	2     	17.8     	281   	17.5       	-3.4       	16812     	-88.2
4958      	18:22:41  	98.8  	-65.1 	2     	17.5     	282   	17.1       	-3.6       	16819     	-88.2
4960      	18:22:43  	98.7  	-65.1 	2     	17.0     	283   	16.6       	-3.8       	16825     	-88.2
4962      	18:22:45  	98.6  	-65.0 	2     	16.7     	284   	16.2       	-4.0       	16832     	-88.1
4964      	18:22:47  	98.5  	-64.9 	2     	16.3     	285   	15.8       	-4.1       	16839     	-88.1
4966      	18:22:49  	98.4  	-64.9 	2     	16.1     	285   	15.5       	-4.2       	16845     	-88.1
4968      	18:22:51  	98.3  	-64.8 	2     	15.6     	286   	15.0       	-4.2       	16852     	-88.0
4970      	18:22:53  	98.2  	-64.8 	2     	14.8     	286   	14.2       	-4.2       	16858     	-88.0
4972      	18:22:55  	98.1  	-64.7 	2     	14.0     	287   	13.4       	-4.2       	16864     	-87.9
4974      	18:22:57  	98.0  	-64.7 	2     	13.3     	288   	12.6       	-4.2       	16871     	-87.9
4976      	18:22:59  	97.9  	-64.6 	2     	12.7     	289   	12.0       	-4.1       	16877     	-87.8
4978      	18:23:01  	97.8  	-64.6 	2     	12.2     	289   	11.5       	-4.0       	16884     	-87.8
4980      	18:23:03  	97.7  	-64.5 	2     	11.7     	290   	11.0       	-3.9       	16890     	-87.8
4982      	18:23:05  	97.6  	-64.5 	2     	10.8     	289   	10.2       	-3.5       	16896     	-87.8
4984      	18:23:07  	97.5  	-64.4 	2     	9.9      	289   	9.4        	-3.2       	16903     	-87.8
4986      	18:23:09  	97.4  	-64.4 	2     	8.9      	288   	8.5        	-2.8       	16909     	-87.7
4988      	18:23:11  	97.3  	-64.4 	2     	8.4      	288   	8.0        	-2.6       	16915     	-87.7
4990      	18:23:13  	97.2  	-64.3 	2     	8.0      	287   	7.7        	-2.3       	16921     	-87.7
4992      	18:23:15  	97.1  	-64.3 	2     	7.6      	286   	7.3        	-2.1       	16928     	-87.7
4994      	18:23:17  	97.0  	-64.3 	2     	7.1      	284   	6.9        	-1.7       	16934     	-87.7
4996      	18:23:19  	96.9  	-64.2 	2     	6.5      	281   	6.4        	-1.2       	16940     	-87.7
4998      	18:23:21  	96.8  	-64.2 	2     	5.9      	277   	5.9        	-0.7       	16947     	-87.7
5000      	18:23:23  	96.7  	-64.2 	2     	5.4      	272   	5.4        	-0.2       	16953     	-87.6
5002      	18:23:25  	96.6  	-64.2 	2     	5.2      	269   	5.2        	0.1        	16959     	-87.6
5004      	18:23:27  	96.5  	-64.2 	2     	5.1      	266   	5.1        	0.4        	16966     	-87.6
5006      	18:23:29  	96.4  	-64.2 	2     	4.9      	262   	4.9        	0.7        	16972     	-87.5
5008      	18:23:31  	96.3  	-64.2 	2     	4.8      	254   	4.6        	1.3        	16978     	-87.5
5010      	18:23:33  	96.2  	-64.2 	2     	4.7      	246   	4.3        	1.9        	16985     	-87.5
5012      	18:23:35  	96.1  	-64.2 	3     	4.6      	237   	3.9        	2.5        	16991     	-87.4
5014      	18:23:37  	96.0  	-64.2 	3     	4.7      	232   	3.7        	2.9        	16997     	-87.4
5016      	18:23:39  	95.9  	-64.2 	3     	4.8      	228   	3.6        	3.2        	17004     	-87.3
5018      	18:23:41  	95.8  	-64.2 	3     	5.0      	223   	3.4        	3.6        	17010     	-87.3
5020      	18:23:43  	95.7  	-64.2 	3     	5.2      	220   	3.3        	4.0        	17017     	-87.3
5022      	18:23:45  	95.6  	-64.2 	3     	5.5      	215   	3.1        	4.5        	17024     	-87.3
5024      	18:23:47  	95.5  	-64.2 	3     	5.8      	210   	2.9        	5.0        	17030     	-87.3
5026      	18:23:49  	95.4  	-64.2 	3     	6.0      	207   	2.7        	5.4        	17037     	-87.3
5028      	18:23:51  	95.3  	-64.2 	3     	6.2      	205   	2.6        	5.6        	17043     	-87.3
5030      	18:23:53  	95.2  	-64.2 	3     	6.4      	204   	2.6        	5.8        	17050     	-87.2
5032      	18:23:55  	95.1  	-64.2 	3     	6.5      	203   	2.5        	6.0        	17056     	-87.2
5034      	18:23:57  	95.0  	-64.2 	3     	6.7      	201   	2.4        	6.3        	17063     	-87.3
5036      	18:23:59  	94.9  	-64.2 	3     	7.0      	198   	2.2        	6.6        	17069     	-87.3
5038      	18:24:01  	94.8  	-64.2 	3     	7.2      	196   	2.0        	6.9        	17076     	-87.3
5040      	18:24:03  	94.7  	-64.2 	3     	7.4      	195   	1.9        	7.2        	17082     	-87.3
5042      	18:24:05  	94.6  	-64.2 	3     	7.5      	194   	1.8        	7.3        	17089     	-87.3
5044      	18:24:07  	94.5  	-64.2 	3     	7.7      	193   	1.7        	7.5        	17095     	-87.4
5046      	18:24:09  	94.4  	-64.2 	3     	7.9      	193   	1.8        	7.7        	17102     	-87.4
5048      	18:24:11  	94.3  	-64.2 	3     	8.1      	194   	2.0        	7.9        	17109     	-87.4
5050      	18:24:13  	94.2  	-64.2 	3     	8.5      	195   	2.2        	8.2        	17115     	-87.4
5052      	18:24:15  	94.0  	-64.2 	3     	8.8      	197   	2.5        	8.4        	17122     	-87.4
5054      	18:24:17  	93.9  	-64.2 	3     	8.9      	198   	2.8        	8.5        	17129     	-87.4
5056      	18:24:19  	93.8  	-64.2 	3     	9.1      	200   	3.1        	8.6        	17135     	-87.4
5058      	18:24:21  	93.7  	-64.2 	3     	9.4      	202   	3.5        	8.7        	17142     	-87.4
5060      	18:24:23  	93.7  	-64.2 	3     	9.6      	205   	4.1        	8.7        	17148     	-87.3
5062      	18:24:25  	93.6  	-64.2 	3     	9.8      	209   	4.7        	8.6        	17155     	-87.3
5064      	18:24:27  	93.5  	-64.2 	3     	10.1     	212   	5.3        	8.6        	17161     	-87.3
5066      	18:24:29  	93.4  	-64.2 	3     	10.3     	214   	5.8        	8.5        	17168     	-87.3
5068      	18:24:31  	93.3  	-64.2 	3     	10.4     	216   	6.1        	8.4        	17174     	-87.3
5070      	18:24:33  	93.1  	-64.2 	3     	10.5     	218   	6.4        	8.3        	17181     	-87.2
5072      	18:24:35  	93.0  	-64.2 	3     	10.6     	220   	6.8        	8.1        	17188     	-87.2
5074      	18:24:37  	92.9  	-64.2 	3     	10.6     	223   	7.2        	7.8        	17195     	-87.1
5076      	18:24:39  	92.8  	-64.3 	3     	10.7     	226   	7.7        	7.5        	17201     	-87.1
5078      	18:24:41  	92.7  	-64.3 	3     	11.0     	228   	8.2        	7.3        	17208     	-87.1
5080      	18:24:43  	92.6  	-64.3 	3     	10.9     	229   	8.3        	7.1        	17215     	-87.1
5082      	18:24:45  	92.5  	-64.3 	3     	10.9     	231   	8.5        	6.9        	17222     	-87.1
5084      	18:24:47  	92.4  	-64.3 	3     	11.0     	232   	8.7        	6.7        	17228     	-87.1
5086      	18:24:49  	92.3  	-64.3 	3     	11.1     	235   	9.1        	6.3        	17235     	-87.1
5088      	18:24:51  	92.2  	-64.3 	3     	11.3     	238   	9.6        	5.9        	17242     	-87.1
5090      	18:24:53  	92.1  	-64.3 	3     	11.5     	241   	10.0       	5.6        	17249     	-87.1
5092      	18:24:55  	92.0  	-64.3 	3     	11.6     	243   	10.3       	5.3        	17256     	-87.2
5094      	18:24:57  	91.9  	-64.3 	3     	11.8     	244   	10.6       	5.1        	17263     	-87.2
5096      	18:24:59  	91.8  	-64.3 	3     	12.0     	246   	10.9       	4.9        	17270     	-87.2
5098      	18:25:01  	91.7  	-64.3 	3     	12.1     	248   	11.2       	4.6        	17277     	-87.2
5100      	18:25:03  	91.6  	-64.3 	3     	12.4     	250   	11.6       	4.3        	17284     	-87.2
5102      	18:25:05  	91.5  	-64.3 	3     	12.5     	252   	11.9       	3.9        	17291     	-87.2
5104      	18:25:07  	91.4  	-64.3 	3     	12.7     	253   	12.2       	3.7        	17298     	-87.1
5106      	18:25:09  	91.3  	-64.3 	3     	12.8     	254   	12.3       	3.5        	17305     	-87.1
5108      	18:25:11  	91.2  	-64.3 	3     	12.9     	255   	12.4       	3.4        	17313     	-87.1
5110      	18:25:13  	91.1  	-64.3 	3     	12.9     	255   	12.5       	3.3        	17320     	-87.1
5112      	18:25:15  	91.0  	-64.2 	3     	12.8     	256   	12.4       	3.2        	17327     	-87.1
5114      	18:25:17  	90.8  	-64.2 	3     	12.8     	256   	12.4       	3.1        	17334     	-87.1
5116      	18:25:19  	90.7  	-64.2 	3     	12.6     	257   	12.3       	2.9        	17341     	-87.1
5118      	18:25:21  	90.6  	-64.2 	3     	12.5     	257   	12.2       	2.9        	17348     	-87.1
5120      	18:25:23  	90.5  	-64.2 	3     	12.3     	256   	12.0       	2.9        	17355     	-87.1
5122      	18:25:25  	90.4  	-64.2 	3     	12.2     	256   	11.9       	2.9        	17362     	-87.1
5124      	18:25:27  	90.3  	-64.2 	3     	12.0     	255   	11.6       	3.1        	17369     	-87.1
5126      	18:25:29  	90.2  	-64.2 	3     	11.8     	254   	11.3       	3.3        	17376     	-87.1
5128      	18:25:31  	90.1  	-64.2 	3     	11.5     	252   	11.0       	3.5        	17383     	-87.1
5130      	18:25:33  	90.0  	-64.2 	3     	11.3     	251   	10.7       	3.6        	17391     	-87.1
5132      	18:25:35  	89.9  	-64.2 	3     	11.2     	250   	10.5       	3.8        	17398     	-87.1
5134      	18:25:37  	89.8  	-64.3 	3     	11.0     	249   	10.3       	4.0        	17406     	-87.2
5136      	18:25:39  	89.7  	-64.3 	3     	11.0     	246   	10.1       	4.4        	17413     	-87.2
5138      	18:25:41  	89.6  	-64.3 	3     	11.0     	243   	9.8        	5.0        	17420     	-87.2
5140      	18:25:43  	89.5  	-64.3 	3     	10.9     	239   	9.4        	5.6        	17428     	-87.2
5142      	18:25:45  	89.4  	-64.3 	3     	11.0     	236   	9.1        	6.2        	17435     	-87.2
5144      	18:25:47  	89.3  	-64.3 	3     	11.2     	234   	9.0        	6.6        	17442     	-87.2
5146      	18:25:49  	89.1  	-64.3 	3     	11.3     	231   	8.8        	7.1        	17450     	-87.2
5148      	18:25:51  	89.0  	-64.3 	3     	11.4     	229   	8.6        	7.5        	17457     	-87.2
5150      	18:25:53  	88.9  	-64.3 	3     	11.7     	225   	8.3        	8.3        	17464     	-87.2
5152      	18:25:55  	88.8  	-64.3 	3     	12.0     	222   	8.0        	9.0        	17471     	-87.2
5154      	18:25:57  	88.7  	-64.3 	3     	12.4     	218   	7.7        	9.7        	17478     	-87.2
5156      	18:25:59  	88.6  	-64.3 	3     	12.6     	216   	7.4        	10.2       	17485     	-87.2
5158      	18:26:01  	88.5  	-64.3 	3     	12.8     	215   	7.3        	10.5       	17493     	-87.2
5160      	18:26:03  	88.4  	-64.3 	3     	13.0     	213   	7.1        	10.9       	17500     	-87.2
5162      	18:26:05  	88.3  	-64.3 	3     	13.3     	211   	6.9        	11.4       	17507     	-87.2
5164      	18:26:07  	88.2  	-64.3 	3     	13.9     	209   	6.7        	12.2       	17514     	-87.2
5166      	18:26:09  	88.1  	-64.3 	3     	14.4     	207   	6.5        	12.9       	17521     	-87.2
5168      	18:26:11  	88.0  	-64.3 	3     	15.0     	205   	6.3        	13.6       	17528     	-87.2
5170      	18:26:13  	87.9  	-64.3 	3     	15.3     	204   	6.2        	14.0       	17535     	-87.2
5172      	18:26:15  	87.8  	-64.3 	3     	15.7     	203   	6.1        	14.5       	17543     	-87.1
5174      	18:26:17  	87.7  	-64.2 	3     	16.1     	202   	6.1        	14.9       	17550     	-87.1
5176      	18:26:19  	87.6  	-64.2 	3     	16.6     	202   	6.2        	15.4       	17557     	-87.1
5178      	18:26:21  	87.5  	-64.2 	3     	17.1     	201   	6.2        	15.9       	17564     	-87.1
5180      	18:26:23  	87.4  	-64.2 	3     	17.5     	201   	6.2        	16.4       	17571     	-87.1
5182      	18:26:25  	87.3  	-64.2 	3     	17.8     	201   	6.3        	16.6       	17577     	-87.1
5184      	18:26:27  	87.2  	-64.1 	3     	17.9     	201   	6.4        	16.7       	17584     	-87.1
5186      	18:26:29  	87.1  	-64.1 	3     	18.0     	201   	6.5        	16.8       	17591     	-87.1
5188      	18:26:31  	87.0  	-64.1 	3     	18.1     	202   	6.7        	16.8       	17598     	-87.0
5190      	18:26:33  	86.9  	-64.0 	3     	18.2     	202   	6.9        	16.8       	17606     	-87.0
5192      	18:26:35  	86.8  	-64.0 	3     	18.3     	203   	7.2        	16.8       	17613     	-87.0
5194      	18:26:37  	86.7  	-64.0 	3     	18.4     	204   	7.4        	16.8       	17620     	-86.9
5196      	18:26:39  	86.6  	-64.0 	3     	18.3     	204   	7.5        	16.7       	17627     	-86.9
5198      	18:26:41  	86.5  	-64.0 	3     	18.3     	205   	7.7        	16.6       	17633     	-86.9
5200      	18:26:43  	86.4  	-64.0 	3     	18.3     	206   	7.9        	16.5       	17640     	-86.9
5202      	18:26:45  	86.3  	-64.0 	3     	18.2     	207   	8.2        	16.2       	17647     	-86.8
5204      	18:26:47  	86.2  	-63.9 	3     	17.9     	208   	8.5        	15.8       	17654     	-86.8
5206      	18:26:49  	86.1  	-63.9 	3     	17.8     	210   	8.8        	15.5       	17660     	-86.8
5208      	18:26:51  	86.0  	-63.9 	3     	17.7     	211   	9.0        	15.2       	17667     	-86.9
5210      	18:26:53  	85.9  	-63.9 	3     	17.5     	212   	9.2        	14.9       	17674     	-86.9
5212      	18:26:55  	85.8  	-63.9 	3     	17.4     	213   	9.4        	14.6       	17681     	-86.8
5214      	18:26:57  	85.7  	-63.9 	3     	17.1     	214   	9.6        	14.2       	17688     	-86.8
5216      	18:26:59  	85.6  	-63.9 	3     	17.0     	216   	10.0       	13.7       	17695     	-86.8
5218      	18:27:01  	85.5  	-63.9 	3     	16.7     	218   	10.4       	13.1       	17702     	-86.8
5220      	18:27:03  	85.4  	-63.9 	3     	16.6     	221   	10.8       	12.6       	17709     	-86.9
5222      	18:27:05  	85.3  	-63.8 	3     	16.5     	222   	11.0       	12.3       	17716     	-86.8
5224      	18:27:07  	85.3  	-63.8 	3     	16.6     	223   	11.3       	12.1       	17723     	-86.8
5226      	18:27:09  	85.2  	-63.8 	3     	16.5     	224   	11.5       	11.8       	17730     	-86.8
5228      	18:27:11  	85.1  	-63.8 	3     	16.3     	227   	11.9       	11.2       	17736     	-86.8
5230      	18:27:13  	85.0  	-63.8 	3     	16.2     	229   	12.3       	10.6       	17743     	-86.8
5232      	18:27:15  	84.9  	-63.8 	3     	16.2     	232   	12.7       	10.0       	17750     	-86.8
5234      	18:27:17  	84.8  	-63.8 	3     	16.1     	234   	13.0       	9.5        	17757     	-86.8
5236      	18:27:19  	84.7  	-63.8 	3     	16.1     	235   	13.2       	9.2        	17764     	-86.8
5238      	18:27:21  	84.6  	-63.8 	3     	16.0     	237   	13.4       	8.8        	17771     	-86.8
5240      	18:27:23  	84.5  	-63.8 	3     	15.9     	239   	13.6       	8.3        	17777     	-86.8
5242      	18:27:25  	84.4  	-63.8 	3     	15.8     	241   	13.8       	7.6        	17784     	-86.8
5244      	18:27:27  	84.3  	-63.8 	3     	15.7     	243   	14.0       	7.0        	17791     	-86.8
5246      	18:27:29  	84.2  	-63.8 	3     	15.6     	246   	14.2       	6.4        	17798     	-86.8
5248      	18:27:31  	84.1  	-63.7 	3     	15.5     	247   	14.3       	6.0        	17804     	-86.8
5250      	18:27:33  	84.0  	-63.7 	3     	15.4     	248   	14.3       	5.7        	17811     	-86.8
5252      	18:27:35  	83.9  	-63.7 	3     	15.3     	249   	14.3       	5.4        	17818     	-86.7
5254      	18:27:37  	83.8  	-63.7 	3     	15.0     	251   	14.2       	4.9        	17825     	-86.7
5256      	18:27:39  	83.8  	-63.6 	3     	14.8     	253   	14.1       	4.4        	17832     	-86.7
5258      	18:27:41  	83.7  	-63.6 	3     	14.4     	255   	13.9       	3.8        	17839     	-86.7
5260      	18:27:43  	83.6  	-63.6 	3     	14.2     	256   	13.8       	3.5        	17845     	-86.7
5262      	18:27:45  	83.5  	-63.5 	3     	14.0     	256   	13.6       	3.3        	17852     	-86.6
5264      	18:27:47  	83.4  	-63.5 	3     	13.8     	257   	13.4       	3.1        	17859     	-86.6
5266      	18:27:49  	83.3  	-63.5 	3     	13.3     	257   	13.0       	3.0        	17866     	-86.6
5268      	18:27:51  	83.2  	-63.4 	3     	12.8     	256   	12.4       	3.0        	17873     	-86.6
5270      	18:27:53  	83.1  	-63.4 	3     	12.2     	256   	11.8       	3.0        	17880     	-86.5
5272      	18:27:55  	83.0  	-63.4 	3     	11.6     	255   	11.2       	2.9        	17887     	-86.5
5274      	18:27:57  	82.9  	-63.4 	3     	11.2     	254   	10.8       	3.1        	17893     	-86.4
5276      	18:27:59  	82.8  	-63.3 	3     	10.9     	252   	10.4       	3.3        	17900     	-86.4
5278      	18:28:01  	82.7  	-63.3 	3     	10.6     	251   	10.0       	3.5        	17907     	-86.4
5280      	18:28:03  	82.6  	-63.3 	3     	10.2     	247   	9.4        	3.9        	17914     	-86.4
5282      	18:28:05  	82.6  	-63.3 	3     	9.8      	243   	8.8        	4.4        	17920     	-86.4
5284      	18:28:07  	82.5  	-63.3 	3     	9.5      	240   	8.2        	4.8        	17927     	-86.4
5286      	18:28:09  	82.4  	-63.3 	3     	9.5      	237   	7.9        	5.2        	17934     	-86.3
5288      	18:28:11  	82.3  	-63.3 	3     	9.5      	234   	7.7        	5.5        	17940     	-86.3
5290      	18:28:13  	82.2  	-63.3 	3     	9.5      	232   	7.5        	5.8        	17947     	-86.2
5292      	18:28:15  	82.1  	-63.3 	3     	9.6      	230   	7.3        	6.2        	17954     	-86.2
5294      	18:28:17  	82.0  	-63.2 	3     	9.8      	226   	7.1        	6.8        	17960     	-86.2
5296      	18:28:19  	81.9  	-63.2 	3     	10.0     	223   	6.9        	7.3        	17967     	-86.1
5298      	18:28:21  	81.8  	-63.2 	3     	10.3     	221   	6.7        	7.8        	17974     	-86.1
5300      	18:28:23  	81.7  	-63.2 	3     	10.4     	220   	6.6        	8.0        	17980     	-86.1
5302      	18:28:25  	81.7  	-63.2 	3     	10.5     	218   	6.5        	8.2        	17987     	-86.1
5304      	18:28:27  	81.6  	-63.2 	3     	10.7     	217   	6.5        	8.5        	17994     	-86.1
5306      	18:28:29  	81.5  	-63.2 	3     	11.1     	217   	6.6        	8.9        	18001     	-86.0
5308      	18:28:31  	81.4  	-63.2 	3     	11.4     	215   	6.6        	9.3        	18008     	-86.0
5310      	18:28:33  	81.3  	-63.2 	3     	11.9     	214   	6.7        	9.8        	18015     	-86.1
5312      	18:28:35  	81.2  	-63.1 	3     	12.2     	214   	6.8        	10.1       	18022     	-86.1
5314      	18:28:37  	81.1  	-63.1 	3     	12.5     	214   	7.0        	10.3       	18028     	-86.1
5316      	18:28:39  	81.0  	-63.1 	3     	12.7     	214   	7.1        	10.5       	18035     	-86.1
5318      	18:28:41  	80.9  	-63.1 	3     	13.0     	214   	7.3        	10.8       	18041     	-86.1
5320      	18:28:43  	80.9  	-63.1 	3     	13.5     	214   	7.6        	11.2       	18048     	-86.0
5322      	18:28:45  	80.8  	-63.0 	3     	13.9     	214   	7.8        	11.5       	18055     	-86.0
5324      	18:28:47  	80.7  	-63.0 	3     	14.3     	214   	8.0        	11.8       	18061     	-86.0
5326      	18:28:49  	80.6  	-63.0 	3     	14.4     	214   	8.1        	11.9       	18068     	-86.0
5328      	18:28:51  	80.5  	-63.0 	3     	14.5     	214   	8.2        	12.0       	18075     	-85.9
5330      	18:28:53  	80.4  	-62.9 	3     	14.6     	214   	8.2        	12.1       	18082     	-85.9
5332      	18:28:55  	80.3  	-62.9 	3     	14.6     	214   	8.1        	12.1       	18089     	-85.8
5334      	18:28:57  	80.2  	-62.8 	3     	14.6     	214   	8.1        	12.2       	18095     	-85.8
5336      	18:28:59  	80.1  	-62.8 	3     	14.6     	213   	8.0        	12.2       	18102     	-85.8
5338      	18:29:01  	80.1  	-62.8 	3     	14.4     	213   	7.8        	12.1       	18109     	-85.8
5340      	18:29:03  	80.0  	-62.7 	3     	14.3     	213   	7.7        	12.0       	18116     	-85.7
5342      	18:29:05  	79.9  	-62.6 	3     	14.1     	212   	7.5        	11.9       	18123     	-85.7
5344      	18:29:07  	79.8  	-62.6 	3     	13.7     	212   	7.2        	11.6       	18130     	-85.7
5346      	18:29:09  	79.7  	-62.5 	3     	13.2     	211   	6.9        	11.3       	18138     	-85.7
5348      	18:29:11  	79.6  	-62.4 	3     	12.8     	211   	6.6        	11.0       	18144     	-85.6
5350      	18:29:13  	79.5  	-62.4 	3     	12.4     	210   	6.3        	10.7       	18151     	-85.6
5352      	18:29:15  	79.4  	-62.3 	3     	12.2     	211   	6.2        	10.5       	18158     	-85.6
5354      	18:29:17  	79.3  	-62.3 	3     	12.0     	210   	6.0        	10.4       	18165     	-85.5
5356      	18:29:19  	79.2  	-62.3 	3     	11.6     	210   	5.8        	10.1       	18172     	-85.5
5358      	18:29:21  	79.2  	-62.2 	3     	11.4     	209   	5.6        	9.9        	18179     	-85.5
5360      	18:29:23  	79.1  	-62.2 	3     	11.1     	209   	5.3        	9.7        	18186     	-85.5
5362      	18:29:25  	79.0  	-62.2 	3     	10.7     	208   	5.1        	9.4        	18192     	-85.4
5364      	18:29:27  	78.9  	-62.1 	3     	10.6     	208   	5.0        	9.4        	18199     	-85.4
5366      	18:29:29  	78.8  	-62.1 	3     	10.6     	208   	4.9        	9.4        	18206     	-85.4
5368      	18:29:31  	78.7  	-62.1 	3     	10.5     	207   	4.8        	9.3        	18213     	-85.3
5370      	18:29:33  	78.6  	-62.0 	3     	10.6     	206   	4.6        	9.5        	18220     	-85.3
5372      	18:29:35  	78.5  	-62.0 	3     	10.7     	205   	4.5        	9.7        	18228     	-85.2
5374      	18:29:37  	78.4  	-62.0 	3     	10.7     	204   	4.3        	9.8        	18235     	-85.2
5376      	18:29:39  	78.4  	-62.0 	3     	10.8     	203   	4.2        	10.0       	18242     	-85.2
5378      	18:29:41  	78.3  	-62.0 	3     	11.0     	202   	4.2        	10.2       	18249     	-85.1
5380      	18:29:43  	78.2  	-62.0 	3     	11.2     	202   	4.1        	10.4       	18256     	-85.1
5382      	18:29:45  	78.1  	-62.0 	3     	11.4     	201   	4.1        	10.6       	18263     	-85.1
5384      	18:29:47  	78.0  	-62.0 	3     	11.6     	201   	4.1        	10.8       	18270     	-85.0
5386      	18:29:49  	77.9  	-61.9 	3     	11.8     	201   	4.2        	11.0       	18277     	-85.0
5388      	18:29:51  	77.8  	-61.9 	3     	12.0     	201   	4.2        	11.2       	18284     	-85.0
5390      	18:29:53  	77.7  	-61.9 	3     	12.0     	201   	4.3        	11.2       	18291     	-85.0
5392      	18:29:55  	77.6  	-61.9 	3     	12.0     	201   	4.3        	11.2       	18299     	-85.0
5394      	18:29:57  	77.5  	-62.0 	3     	11.9     	202   	4.4        	11.1       	18307     	-84.9
5396      	18:29:59  	77.4  	-62.0 	3     	11.9     	203   	4.7        	10.9       	18314     	-84.9
5398      	18:30:01  	77.3  	-62.0 	3     	11.8     	205   	4.9        	10.7       	18322     	-85.0
5400      	18:30:03  	77.2  	-62.1 	3     	11.6     	207   	5.2        	10.4       	18329     	-85.0
5402      	18:30:05  	77.2  	-62.1 	3     	11.5     	208   	5.4        	10.2       	18337     	-85.0
5404      	18:30:07  	77.1  	-62.1 	3     	11.3     	209   	5.5        	9.9        	18344     	-85.1
5406      	18:30:09  	77.0  	-62.2 	3     	11.3     	210   	5.7        	9.7        	18352     	-85.1
5408      	18:30:11  	76.9  	-62.2 	3     	11.1     	212   	5.9        	9.4        	18359     	-85.1
5410      	18:30:13  	76.8  	-62.3 	3     	10.8     	215   	6.2        	8.9        	18367     	-85.1
5412      	18:30:15  	76.7  	-62.3 	3     	10.7     	217   	6.5        	8.5        	18375     	-85.2
5414      	18:30:17  	76.6  	-62.3 	3     	10.6     	220   	6.8        	8.1        	18382     	-85.2
5416      	18:30:19  	76.5  	-62.4 	3     	10.6     	221   	6.9        	8.0        	18389     	-85.2
5418      	18:30:21  	76.4  	-62.4 	3     	10.5     	222   	7.0        	7.8        	18396     	-85.2
5420      	18:30:23  	76.3  	-62.4 	3     	10.5     	223   	7.2        	7.6        	18404     	-85.2
5422      	18:30:25  	76.2  	-62.5 	3     	10.4     	225   	7.4        	7.3        	18412     	-85.2
5424      	18:30:27  	76.1  	-62.5 	3     	10.3     	227   	7.6        	7.0        	18420     	-85.2
5426      	18:30:29  	76.0  	-62.5 	3     	10.4     	230   	7.9        	6.7        	18427     	-85.2
5428      	18:30:31  	75.9  	-62.6 	3     	10.3     	232   	8.1        	6.4        	18435     	-85.2
5430      	18:30:33  	75.8  	-62.6 	3     	10.3     	232   	8.2        	6.3        	18442     	-85.2
5432      	18:30:35  	75.8  	-62.6 	3     	10.3     	234   	8.3        	6.1        	18450     	-85.2
5434      	18:30:37  	75.7  	-62.6 	3     	10.1     	235   	8.3        	5.8        	18457     	-85.2
5436      	18:30:39  	75.6  	-62.7 	3     	10.0     	237   	8.4        	5.5        	18465     	-85.2
5438      	18:30:41  	75.5  	-62.7 	3     	9.8      	239   	8.4        	5.1        	18472     	-85.2
5440      	18:30:43  	75.4  	-62.7 	3     	9.7      	240   	8.4        	4.8        	18480     	-85.2
5442      	18:30:45  	75.3  	-62.7 	3     	9.5      	241   	8.3        	4.6        	18488     	-85.2
5444      	18:30:47  	75.2  	-62.7 	3     	9.3      	242   	8.2        	4.4        	18495     	-85.2
5446      	18:30:49  	75.1  	-62.6 	3     	9.1      	243   	8.1        	4.1        	18502     	-85.2
5448      	18:30:51  	75.0  	-62.6 	3     	8.7      	245   	7.9        	3.7        	18510     	-85.2
5450      	18:30:53  	74.9  	-62.6 	3     	8.4      	248   	7.8        	3.2        	18518     	-85.2
5452      	18:30:55  	74.8  	-62.6 	3     	8.1      	250   	7.6        	2.8        	18525     	-85.2
5454      	18:30:57  	74.7  	-62.6 	3     	7.9      	252   	7.5        	2.5        	18533     	-85.2
5456      	18:30:59  	74.7  	-62.6 	3     	7.7      	253   	7.4        	2.3        	18540     	-85.3
5458      	18:31:01  	74.6  	-62.6 	3     	7.6      	255   	7.3        	2.0        	18548     	-85.3
5460      	18:31:03  	74.5  	-62.6 	3     	7.3      	257   	7.1        	1.6        	18555     	-85.2
5462      	18:31:05  	74.4  	-62.6 	3     	7.0      	260   	6.9        	1.2        	18562     	-85.2
5464      	18:31:07  	74.3  	-62.6 	3     	6.6      	263   	6.6        	0.8        	18570     	-85.2
5466      	18:31:09  	74.2  	-62.6 	3     	6.4      	266   	6.4        	0.4        	18577     	-85.2
5468      	18:31:11  	74.1  	-62.6 	3     	6.3      	268   	6.3        	0.2        	18585     	-85.2
5470      	18:31:13  	74.0  	-62.6 	3     	6.1      	269   	6.1        	0.1        	18592     	-85.2
5472      	18:31:15  	73.9  	-62.6 	3     	5.9      	271   	5.9        	-0.1       	18600     	-85.2
5474      	18:31:17  	73.8  	-62.6 	3     	5.6      	272   	5.6        	-0.2       	18607     	-85.2
5476      	18:31:19  	73.8  	-62.6 	3     	5.3      	273   	5.3        	-0.3       	18614     	-85.1
5478      	18:31:21  	73.7  	-62.6 	3     	5.0      	275   	5.0        	-0.4       	18622     	-85.1
5480      	18:31:23  	73.6  	-62.6 	3     	4.7      	275   	4.7        	-0.4       	18629     	-85.1
5482      	18:31:25  	73.5  	-62.6 	3     	4.6      	275   	4.6        	-0.4       	18636     	-85.1
5484      	18:31:27  	73.4  	-62.6 	3     	4.4      	274   	4.4        	-0.3       	18644     	-85.1
5486      	18:31:29  	73.3  	-62.6 	3     	3.9      	274   	3.9        	-0.3       	18651     	-85.1
5488      	18:31:31  	73.2  	-62.6 	3     	3.4      	277   	3.4        	-0.4       	18658     	-85.1
5490      	18:31:33  	73.2  	-62.6 	3     	3.0      	278   	3.0        	-0.4       	18665     	-85.1
5492      	18:31:35  	73.1  	-62.6 	3     	2.6      	281   	2.6        	-0.5       	18672     	-85.1
5494      	18:31:37  	73.0  	-62.6 	3     	2.4      	285   	2.3        	-0.6       	18680     	-85.1
5496      	18:31:39  	72.9  	-62.6 	3     	2.1      	289   	2.0        	-0.7       	18687     	-85.1
5498      	18:31:41  	72.8  	-62.6 	3     	1.8      	297   	1.6        	-0.8       	18695     	-85.2
5500      	18:31:43  	72.7  	-62.6 	3     	1.5      	307   	1.2        	-0.9       	18702     	-85.2
5502      	18:31:45  	72.6  	-62.6 	3     	1.2      	325   	0.7        	-1.0       	18709     	-85.2
5504      	18:31:47  	72.6  	-62.7 	3     	1.1      	350   	0.2        	-1.1       	18716     	-85.2
5506      	18:31:49  	72.5  	-62.7 	3     	1.0      	360   	0.0        	-1.0       	18723     	-85.3
5508      	18:31:51  	72.4  	-62.7 	3     	1.0      	011   	-0.2       	-1.0       	18730     	-85.3
5510      	18:31:53  	72.3  	-62.7 	3     	1.1      	022   	-0.4       	-1.0       	18737     	-85.3
5512      	18:31:55  	72.2  	-62.7 	3     	1.0      	045   	-0.7       	-0.7       	18744     	-85.3
5514      	18:31:57  	72.1  	-62.8 	3     	1.1      	063   	-1.0       	-0.5       	18751     	-85.3
5516      	18:31:59  	72.1  	-62.8 	3     	1.3      	081   	-1.3       	-0.2       	18758     	-85.3
5518      	18:32:01  	72.0  	-62.8 	3     	1.4      	090   	-1.4       	-0.0       	18765     	-85.3
5520      	18:32:03  	71.9  	-62.8 	3     	1.5      	098   	-1.5       	0.2        	18772     	-85.3
5522      	18:32:05  	71.8  	-62.8 	3     	1.7      	107   	-1.6       	0.5        	18779     	-85.2
5524      	18:32:07  	71.7  	-62.8 	3     	1.8      	117   	-1.6       	0.8        	18786     	-85.2
5526      	18:32:09  	71.7  	-62.8 	3     	1.9      	129   	-1.5       	1.2        	18793     	-85.2
5528      	18:32:11  	71.6  	-62.8 	3     	2.1      	139   	-1.4       	1.6        	18800     	-85.2
5530      	18:32:13  	71.5  	-62.8 	3     	2.4      	144   	-1.4       	1.9        	18806     	-85.2
5532      	18:32:15  	71.4  	-62.8 	3     	2.4      	150   	-1.2       	2.1        	18813     	-85.2
5534      	18:32:17  	71.3  	-62.8 	3     	2.5      	154   	-1.1       	2.3        	18820     	-85.2
5536      	18:32:19  	71.3  	-62.8 	3     	2.7      	158   	-1.0       	2.5        	18827     	-85.2
5538      	18:32:21  	71.2  	-62.8 	3     	2.9      	168   	-0.6       	2.8        	18834     	-85.2
5540      	18:32:23  	71.1  	-62.8 	3     	3.2      	175   	-0.3       	3.2        	18841     	-85.3
5542      	18:32:25  	71.0  	-62.8 	3     	3.5      	182   	0.1        	3.5        	18848     	-85.3
5544      	18:32:27  	70.9  	-62.8 	3     	3.8      	185   	0.3        	3.8        	18854     	-85.3
5546      	18:32:29  	70.9  	-62.8 	3     	4.0      	189   	0.6        	4.0        	18861     	-85.3
5548      	18:32:31  	70.8  	-62.7 	3     	4.3      	191   	0.8        	4.2        	18868     	-85.3
5550      	18:32:33  	70.7  	-62.7 	3     	4.4      	194   	1.1        	4.3        	18874     	-85.3
5552      	18:32:35  	70.6  	-62.7 	3     	4.7      	197   	1.4        	4.5        	18881     	-85.3
5554      	18:32:37  	70.6  	-62.7 	3     	4.9      	200   	1.7        	4.6        	18888     	-85.2
5556      	18:32:39  	70.5  	-62.6 	3     	5.2      	204   	2.1        	4.8        	18894     	-85.2
5558      	18:32:41  	70.4  	-62.6 	3     	5.3      	205   	2.2        	4.8        	18901     	-85.2
5560      	18:32:43  	70.3  	-62.6 	3     	5.3      	206   	2.3        	4.8        	18907     	-85.1
5562      	18:32:45  	70.3  	-62.5 	3     	5.3      	208   	2.5        	4.7        	18914     	-85.1
5564      	18:32:47  	70.2  	-62.5 	3     	5.1      	209   	2.5        	4.5        	18920     	-85.1
5566      	18:32:49  	70.1  	-62.4 	3     	4.9      	212   	2.6        	4.2        	18927     	-85.1
5568      	18:32:51  	70.0  	-62.4 	3     	4.7      	215   	2.7        	3.9        	18933     	-85.1
5570      	18:32:53  	70.0  	-62.3 	3     	4.5      	217   	2.7        	3.6        	18940     	-85.1
5572      	18:32:55  	69.9  	-62.2 	3     	4.3      	218   	2.7        	3.4        	18947     	-85.0
5574      	18:32:57  	69.8  	-62.2 	3     	4.1      	221   	2.7        	3.1        	18953     	-85.0
5576      	18:32:59  	69.7  	-62.1 	3     	3.7      	223   	2.5        	2.7        	18960     	-85.0
5578      	18:33:01  	69.7  	-62.1 	3     	3.2      	226   	2.3        	2.2        	18967     	-84.9
5580      	18:33:03  	69.6  	-62.0 	3     	2.6      	231   	2.0        	1.6        	18973     	-84.9
5582      	18:33:05  	69.5  	-62.0 	3     	2.1      	239   	1.8        	1.1        	18980     	-84.9
5584      	18:33:07  	69.4  	-61.9 	3     	1.8      	243   	1.6        	0.8        	18987     	-84.9
5586      	18:33:09  	69.4  	-61.9 	3     	1.5      	247   	1.4        	0.6        	18993     	-84.9
5588      	18:33:11  	69.3  	-61.9 	3     	1.1      	255   	1.1        	0.3        	19000     	-84.9
5590      	18:33:13  	69.2  	-61.8 	3     	0.7      	278   	0.7        	-0.1       	19006     	-84.9
5592      	18:33:15  	69.1  	-61.7 	3     	0.7      	333   	0.3        	-0.6       	19012     	-84.8
5594      	18:33:17  	69.1  	-61.7 	3     	1.0      	006   	-0.1       	-1.0       	19019     	-84.8
5596      	18:33:19  	69.0  	-61.6 	3     	1.4      	017   	-0.4       	-1.3       	19025     	-84.8
5598      	18:33:21  	68.9  	-61.6 	3     	1.6      	027   	-0.7       	-1.4       	19032     	-84.7
5600      	18:33:23  	68.9  	-61.6 	3     	1.8      	029   	-0.9       	-1.6       	19039     	-84.7
5602      	18:33:25  	68.8  	-61.5 	3     	2.0      	033   	-1.1       	-1.7       	19045     	-84.6
5604      	18:33:27  	68.7  	-61.5 	3     	2.2      	032   	-1.2       	-1.9       	19052     	-84.6
5606      	18:33:29  	68.6  	-61.4 	3     	2.4      	035   	-1.4       	-2.0       	19059     	-84.5
5608      	18:33:31  	68.6  	-61.4 	3     	2.7      	036   	-1.6       	-2.2       	19066     	-84.5
5610      	18:33:33  	68.5  	-61.4 	3     	2.7      	034   	-1.5       	-2.2       	19073     	-84.5
5612      	18:33:35  	68.4  	-61.4 	3     	2.7      	034   	-1.5       	-2.2       	19079     	-84.5
5614      	18:33:37  	68.3  	-61.3 	3     	2.6      	032   	-1.4       	-2.2       	19086     	-84.4
5616      	18:33:39  	68.3  	-61.3 	3     	2.4      	035   	-1.4       	-2.0       	19093     	-84.4
5618      	18:33:41  	68.2  	-61.3 	3     	2.4      	036   	-1.4       	-1.9       	19099     	-84.4
5620      	18:33:43  	68.1  	-61.3 	3     	2.2      	039   	-1.4       	-1.7       	19106     	-84.3
5622      	18:33:45  	68.0  	-61.2 	3     	2.2      	043   	-1.5       	-1.6       	19113     	-84.3
5624      	18:33:47  	68.0  	-61.2 	3     	2.1      	047   	-1.5       	-1.4       	19120     	-84.3
5626      	18:33:49  	67.9  	-61.2 	3     	2.1      	051   	-1.6       	-1.3       	19127     	-84.3
5628      	18:33:51  	67.8  	-61.2 	3     	2.0      	060   	-1.7       	-1.0       	19133     	-84.3
5630      	18:33:53  	67.7  	-61.2 	3     	1.8      	068   	-1.7       	-0.7       	19140     	-84.3
5632      	18:33:55  	67.7  	-61.2 	3     	1.8      	077   	-1.8       	-0.4       	19147     	-84.2
5634      	18:33:57  	67.6  	-61.2 	3     	1.9      	087   	-1.9       	-0.1       	19154     	-84.2
5636      	18:33:59  	67.5  	-61.2 	3     	2.0      	093   	-2.0       	0.1        	19161     	-84.2
5638      	18:34:01  	67.4  	-61.2 	3     	2.0      	099   	-2.0       	0.3        	19168     	-84.2
5640      	18:34:03  	67.4  	-61.2 	3     	2.1      	104   	-2.0       	0.5        	19175     	-84.2
5642      	18:34:05  	67.3  	-61.2 	3     	2.1      	115   	-1.9       	0.9        	19182     	-84.2
5644      	18:34:07  	67.2  	-61.2 	3     	2.2      	122   	-1.9       	1.2        	19189     	-84.2
5646      	18:34:09  	67.1  	-61.1 	3     	2.4      	128   	-1.9       	1.5        	19196     	-84.2
5648      	18:34:11  	67.0  	-61.1 	3     	2.5      	133   	-1.8       	1.7        	19204     	-84.2
5650      	18:34:13  	67.0  	-61.1 	3     	2.5      	138   	-1.7       	1.9        	19211     	-84.1
5652      	18:34:15  	66.9  	-61.1 	3     	2.6      	143   	-1.6       	2.1        	19218     	-84.1
5654      	18:34:17  	66.8  	-61.1 	3     	2.5      	154   	-1.1       	2.3        	19225     	-84.1
5656      	18:34:19  	66.7  	-61.1 	3     	2.6      	164   	-0.7       	2.5        	19233     	-84.1
5658      	18:34:21  	66.7  	-61.1 	3     	2.7      	174   	-0.3       	2.7        	19240     	-84.1
5660      	18:34:23  	66.6  	-61.1 	3     	2.8      	182   	0.1        	2.8        	19247     	-84.1
5662      	18:34:25  	66.5  	-61.0 	3     	2.8      	190   	0.5        	2.8        	19255     	-84.1
5664      	18:34:27  	66.4  	-61.0 	3     	3.0      	195   	0.8        	2.9        	19262     	-84.1
5666      	18:34:29  	66.3  	-61.0 	3     	3.1      	205   	1.3        	2.8        	19269     	-84.1
5668      	18:34:31  	66.3  	-61.0 	3     	3.4      	217   	2.0        	2.7        	19276     	-84.1
5670      	18:34:33  	66.2  	-61.0 	3     	3.7      	226   	2.7        	2.6        	19284     	-84.1
5672      	18:34:35  	66.1  	-61.0 	3     	4.1      	234   	3.3        	2.4        	19291     	-84.0
5674      	18:34:37  	66.0  	-61.0 	3     	4.3      	237   	3.6        	2.3        	19298     	-84.0
5676      	18:34:39  	66.0  	-60.9 	3     	4.4      	242   	3.9        	2.1        	19305     	-83.9
5678      	18:34:41  	65.9  	-60.9 	3     	4.7      	246   	4.3        	1.9        	19313     	-83.9
5680      	18:34:43  	65.8  	-60.9 	3     	4.7      	252   	4.5        	1.5        	19321     	-83.9
5682      	18:34:45  	65.7  	-60.9 	3     	4.9      	257   	4.8        	1.1        	19328     	-83.9
5684      	18:34:47  	65.6  	-60.9 	3     	5.1      	262   	5.1        	0.7        	19336     	-83.8
5686      	18:34:49  	65.6  	-60.9 	3     	5.2      	266   	5.2        	0.4        	19344     	-83.8
5688      	18:34:51  	65.5  	-60.9 	3     	5.2      	268   	5.2        	0.2        	19351     	-83.8
5690      	18:34:53  	65.4  	-60.9 	3     	5.2      	270   	5.2        	0.0        	19359     	-83.7
5692      	18:34:55  	65.3  	-60.9 	3     	5.0      	273   	5.0        	-0.3       	19366     	-83.7
5694      	18:34:57  	65.2  	-60.9 	3     	4.8      	277   	4.8        	-0.6       	19374     	-83.7
5696      	18:34:59  	65.2  	-60.9 	3     	4.7      	281   	4.6        	-0.9       	19382     	-83.7
5698      	18:35:01  	65.1  	-60.9 	3     	4.5      	284   	4.4        	-1.1       	19390     	-83.7
5700      	18:35:03  	65.0  	-60.9 	3     	4.4      	286   	4.2        	-1.2       	19397     	-83.7
5702      	18:35:05  	64.9  	-60.9 	3     	4.2      	287   	4.0        	-1.2       	19405     	-83.7
5704      	18:35:07  	64.8  	-60.9 	3     	4.0      	289   	3.8        	-1.3       	19413     	-83.7
5706      	18:35:09  	64.7  	-61.0 	3     	3.7      	290   	3.5        	-1.3       	19420     	-83.7
5708      	18:35:11  	64.7  	-61.0 	3     	3.4      	291   	3.2        	-1.2       	19428     	-83.6
5710      	18:35:13  	64.6  	-61.0 	3     	3.0      	293   	2.8        	-1.2       	19436     	-83.6
5712      	18:35:15  	64.5  	-61.0 	3     	2.9      	295   	2.6        	-1.2       	19443     	-83.6
5714      	18:35:17  	64.4  	-61.0 	3     	2.7      	294   	2.5        	-1.1       	19451     	-83.6
5716      	18:35:19  	64.3  	-61.1 	3     	2.5      	293   	2.3        	-1.0       	19459     	-83.5
5718      	18:35:21  	64.3  	-61.1 	3     	2.3      	293   	2.1        	-0.9       	19467     	-83.5
5720      	18:35:23  	64.2  	-61.1 	3     	2.1      	293   	1.9        	-0.8       	19475     	-83.5
5722      	18:35:25  	64.1  	-61.1 	3     	1.8      	289   	1.7        	-0.6       	19483     	-83.5
5724      	18:35:27  	64.0  	-61.1 	3     	1.6      	285   	1.5        	-0.4       	19490     	-83.5
5726      	18:35:29  	63.9  	-61.1 	3     	1.4      	282   	1.4        	-0.3       	19497     	-83.5
5728      	18:35:31  	63.9  	-61.1 	3     	1.3      	283   	1.3        	-0.3       	19505     	-83.5
5730      	18:35:33  	63.8  	-61.2 	3     	1.3      	279   	1.3        	-0.2       	19513     	-83.5
5732      	18:35:35  	63.7  	-61.2 	3     	1.0      	276   	1.0        	-0.1       	19521     	-83.5
5734      	18:35:37  	63.6  	-61.2 	3     	0.7      	278   	0.7        	-0.1       	19529     	-83.5
5736      	18:35:39  	63.5  	-61.2 	3     	0.5      	270   	0.5        	0.0        	19536     	-83.5
5738      	18:35:41  	63.5  	-61.2 	3     	0.2      	270   	0.2        	0.0        	19544     	-83.5
5740      	18:35:43  	63.4  	-61.2 	3     	0.1      	360   	0.0        	-0.1       	19552     	-83.6
5742      	18:35:45  	63.3  	-61.2 	3     	0.2      	063   	-0.2       	-0.1       	19560     	-83.6
5744      	18:35:47  	63.2  	-61.2 	3     	0.7      	074   	-0.7       	-0.2       	19567     	-83.6
5746      	18:35:49  	63.2  	-61.2 	3     	1.4      	073   	-1.3       	-0.4       	19575     	-83.7
5748      	18:35:51  	63.1  	-61.2 	3     	2.1      	073   	-2.0       	-0.6       	19583     	-83.7
5750      	18:35:53  	63.0  	-61.2 	3     	2.7      	075   	-2.6       	-0.7       	19591     	-83.8
5752      	18:35:55  	62.9  	-61.2 	3     	3.2      	074   	-3.1       	-0.9       	19598     	-83.8
5754      	18:35:57  	62.8  	-61.2 	3     	3.6      	074   	-3.5       	-1.0       	19606     	-83.8
5756      	18:35:59  	62.8  	-61.2 	3     	4.1      	075   	-4.0       	-1.1       	19614     	-83.8
5758      	18:36:01  	62.7  	-61.2 	3     	5.0      	075   	-4.8       	-1.3       	19621     	-83.8
5760      	18:36:03  	62.6  	-61.2 	3     	5.8      	075   	-5.6       	-1.5       	19629     	-83.8
5762      	18:36:05  	62.5  	-61.2 	3     	6.5      	075   	-6.3       	-1.7       	19636     	-83.8
5764      	18:36:07  	62.5  	-61.1 	3     	7.1      	075   	-6.9       	-1.8       	19644     	-83.8
5766      	18:36:09  	62.4  	-61.1 	3     	7.4      	076   	-7.2       	-1.8       	19651     	-83.8
5768      	18:36:11  	62.3  	-61.1 	3     	7.8      	076   	-7.6       	-1.9       	19659     	-83.8
5770      	18:36:13  	62.2  	-61.1 	3     	8.2      	077   	-8.0       	-1.9       	19667     	-83.8
5772      	18:36:15  	62.2  	-61.1 	3     	8.6      	077   	-8.4       	-2.0       	19674     	-83.8
5774      	18:36:17  	62.1  	-61.0 	3     	9.1      	077   	-8.9       	-2.1       	19682     	-83.8
5776      	18:36:19  	62.0  	-61.0 	3     	9.5      	077   	-9.3       	-2.1       	19689     	-83.8
5778      	18:36:21  	61.9  	-61.0 	3     	9.7      	077   	-9.4       	-2.2       	19696     	-83.8
5780      	18:36:23  	61.9  	-61.0 	3     	9.8      	077   	-9.5       	-2.2       	19704     	-83.7
5782      	18:36:25  	61.8  	-61.0 	3     	9.8      	077   	-9.6       	-2.2       	19711     	-83.7
5784      	18:36:27  	61.7  	-61.0 	3     	10.1     	077   	-9.8       	-2.3       	19718     	-83.7
5786      	18:36:29  	61.6  	-61.0 	3     	10.2     	076   	-9.9       	-2.4       	19726     	-83.7
5788      	18:36:31  	61.6  	-60.9 	3     	10.4     	077   	-10.1      	-2.4       	19733     	-83.7
5790      	18:36:33  	61.5  	-60.9 	3     	10.4     	076   	-10.1      	-2.5       	19740     	-83.7
5792      	18:36:35  	61.4  	-60.9 	3     	10.5     	076   	-10.2      	-2.5       	19748     	-83.6
5794      	18:36:37  	61.4  	-60.9 	3     	10.5     	076   	-10.2      	-2.5       	19755     	-83.6
5796      	18:36:39  	61.3  	-60.9 	3     	10.6     	076   	-10.3      	-2.5       	19762     	-83.6
5798      	18:36:41  	61.2  	-60.8 	3     	10.6     	077   	-10.3      	-2.4       	19768     	-83.6
5800      	18:36:43  	61.2  	-60.8 	3     	10.7     	078   	-10.4      	-2.3       	19775     	-83.6
5802      	18:36:45  	61.1  	-60.8 	3     	10.7     	078   	-10.4      	-2.3       	19782     	-83.6
5804      	18:36:47  	61.0  	-60.8 	3     	10.6     	078   	-10.4      	-2.2       	19789     	-83.5
5806      	18:36:49  	60.9  	-60.7 	3     	10.6     	079   	-10.4      	-2.1       	19796     	-83.5
5808      	18:36:51  	60.9  	-60.7 	3     	10.6     	079   	-10.4      	-2.0       	19802     	-83.5
5810      	18:36:53  	60.8  	-60.7 	3     	10.5     	080   	-10.3      	-1.8       	19809     	-83.5
5812      	18:36:55  	60.8  	-60.6 	3     	10.3     	081   	-10.2      	-1.6       	19816     	-83.5
5814      	18:36:57  	60.7  	-60.6 	3     	10.2     	082   	-10.1      	-1.4       	19823     	-83.4
5816      	18:36:59  	60.6  	-60.6 	3     	10.1     	083   	-10.0      	-1.3       	19829     	-83.4
5818      	18:37:01  	60.6  	-60.6 	3     	10.0     	084   	-9.9       	-1.1       	19836     	-83.4
5820      	18:37:03  	60.5  	-60.6 	3     	9.9      	084   	-9.8       	-1.0       	19843     	-83.4
5822      	18:37:05  	60.4  	-60.6 	3     	9.8      	085   	-9.8       	-0.9       	19849     	-83.4
5824      	18:37:07  	60.4  	-60.6 	3     	9.8      	085   	-9.8       	-0.8       	19856     	-83.4
5826      	18:37:09  	60.3  	-60.5 	3     	9.8      	086   	-9.8       	-0.6       	19862     	-83.4
5828      	18:37:11  	60.2  	-60.5 	3     	9.9      	087   	-9.9       	-0.5       	19869     	-83.4
5830      	18:37:13  	60.2  	-60.5 	3     	10.1     	087   	-10.1      	-0.5       	19876     	-83.4
5832      	18:37:15  	60.1  	-60.5 	3     	10.2     	087   	-10.2      	-0.5       	19882     	-83.4
5834      	18:37:17  	60.0  	-60.5 	3     	10.3     	087   	-10.3      	-0.5       	19889     	-83.4
5836      	18:37:19  	60.0  	-60.5 	3     	10.5     	087   	-10.5      	-0.5       	19896     	-83.4
5838      	18:37:21  	59.9  	-60.5 	3     	10.6     	087   	-10.6      	-0.6       	19903     	-83.4
5840      	18:37:23  	59.8  	-60.5 	3     	10.7     	087   	-10.7      	-0.6       	19909     	-83.3
5842      	18:37:25  	59.8  	-60.5 	3     	10.8     	086   	-10.8      	-0.7       	19916     	-83.3
5844      	18:37:27  	59.7  	-60.4 	3     	10.8     	086   	-10.8      	-0.8       	19922     	-83.3
5846      	18:37:29  	59.7  	-60.4 	3     	10.8     	085   	-10.8      	-0.9       	19929     	-83.3
5848      	18:37:31  	59.6  	-60.4 	3     	11.0     	084   	-10.9      	-1.1       	19935     	-83.2
5850      	18:37:33  	59.5  	-60.3 	3     	11.1     	083   	-11.0      	-1.3       	19942     	-83.2
5852      	18:37:35  	59.5  	-60.3 	3     	11.1     	082   	-11.0      	-1.5       	19949     	-83.2
5854      	18:37:37  	59.4  	-60.3 	3     	11.2     	082   	-11.1      	-1.6       	19955     	-83.1
5856      	18:37:39  	59.3  	-60.3 	3     	11.2     	081   	-11.1      	-1.7       	19962     	-83.1
5858      	18:37:41  	59.3  	-60.2 	3     	11.2     	081   	-11.1      	-1.8       	19969     	-83.0
5860      	18:37:43  	59.2  	-60.2 	3     	11.4     	080   	-11.2      	-2.0       	19975     	-83.0
5862      	18:37:45  	59.2  	-60.2 	3     	11.6     	079   	-11.4      	-2.2       	19982     	-83.0
5864      	18:37:47  	59.1  	-60.1 	3     	11.7     	078   	-11.5      	-2.4       	19989     	-83.0
5866      	18:37:49  	59.0  	-60.1 	3     	11.9     	077   	-11.6      	-2.7       	19995     	-83.0
5868      	18:37:51  	59.0  	-60.1 	3     	12.0     	077   	-11.7      	-2.8       	20002     	-83.0
5870      	18:37:53  	58.9  	-60.1 	3     	12.2     	076   	-11.8      	-2.9       	20009     	-83.0
5872      	18:37:55  	58.8  	-60.0 	3     	12.3     	076   	-11.9      	-3.0       	20016     	-83.0
5874      	18:37:57  	58.8  	-60.0 	3     	12.5     	076   	-12.1      	-3.0       	20022     	-83.0
5876      	18:37:59  	58.7  	-60.0 	3     	12.6     	076   	-12.2      	-3.1       	20029     	-83.0
5878      	18:38:01  	58.6  	-60.0 	3     	12.8     	076   	-12.4      	-3.2       	20036     	-83.0
5880      	18:38:03  	58.6  	-59.9 	3     	13.0     	076   	-12.6      	-3.2       	20043     	-83.0
5882      	18:38:05  	58.5  	-59.9 	3     	13.0     	076   	-12.6      	-3.1       	20050     	-82.9
5884      	18:38:07  	58.4  	-59.8 	3     	13.1     	076   	-12.7      	-3.1       	20057     	-82.9
5886      	18:38:09  	58.4  	-59.8 	3     	13.2     	077   	-12.9      	-2.9       	20063     	-82.8
5888      	18:38:11  	58.3  	-59.7 	3     	13.3     	078   	-13.0      	-2.7       	20070     	-82.7
5890      	18:38:13  	58.3  	-59.7 	3     	13.4     	080   	-13.2      	-2.4       	20077     	-82.7
5892      	18:38:15  	58.2  	-59.6 	3     	13.5     	081   	-13.3      	-2.2       	20084     	-82.6
5894      	18:38:17  	58.1  	-59.5 	3     	13.5     	082   	-13.4      	-2.0       	20091     	-82.6
5896      	18:38:19  	58.1  	-59.5 	3     	13.5     	082   	-13.4      	-1.8       	20098     	-82.5
5898      	18:38:21  	58.0  	-59.4 	3     	13.6     	083   	-13.5      	-1.6       	20105     	-82.5
5900      	18:38:23  	57.9  	-59.3 	3     	13.8     	086   	-13.8      	-0.9       	20112     	-82.5
5902      	18:38:25  	57.9  	-59.3 	3     	14.0     	089   	-14.0      	-0.3       	20119     	-82.5
5904      	18:38:27  	57.8  	-59.2 	3     	14.3     	091   	-14.3      	0.3        	20127     	-82.5
5906      	18:38:29  	57.7  	-59.2 	3     	14.5     	093   	-14.5      	0.8        	20134     	-82.5
5908      	18:38:31  	57.7  	-59.1 	3     	14.7     	095   	-14.7      	1.2        	20141     	-82.5
5910      	18:38:33  	57.6  	-59.1 	3     	15.0     	097   	-14.9      	1.7        	20147     	-82.5
5912      	18:38:35  	57.5  	-59.1 	3     	15.5     	099   	-15.3      	2.3        	20155     	-82.5
5914      	18:38:37  	57.5  	-59.0 	3     	16.1     	101   	-15.8      	3.2        	20162     	-82.4
5916      	18:38:39  	57.4  	-59.0 	3     	16.8     	104   	-16.3      	4.0        	20169     	-82.4
5918      	18:38:41  	57.3  	-59.0 	3     	17.5     	106   	-16.8      	4.8        	20176     	-82.4
5920      	18:38:43  	57.3  	-59.0 	3     	17.9     	107   	-17.1      	5.2        	20183     	-82.3
5922      	18:38:45  	57.2  	-59.0 	3     	18.3     	108   	-17.4      	5.7        	20191     	-82.3
5924      	18:38:47  	57.1  	-58.9 	3     	18.7     	109   	-17.7      	6.1        	20198     	-82.2
5926      	18:38:49  	57.1  	-58.9 	3     	19.4     	110   	-18.2      	6.8        	20205     	-82.2
5928      	18:38:51  	57.0  	-58.9 	3     	20.1     	112   	-18.6      	7.5        	20213     	-82.1
5930      	18:38:53  	56.9  	-58.9 	3     	20.7     	113   	-19.1      	8.1        	20220     	-82.1
5932      	18:38:55  	56.9  	-58.9 	3     	21.2     	114   	-19.4      	8.6        	20228     	-82.1
5934      	18:38:57  	56.8  	-58.8 	3     	21.6     	114   	-19.7      	8.9        	20235     	-82.0
5936      	18:38:59  	56.7  	-58.8 	3     	22.3     	115   	-20.3      	9.3        	20243     	-82.0
5938      	18:39:01  	56.7  	-58.7 	3     	23.2     	115   	-21.0      	9.8        	20250     	-82.0
5940      	18:39:03  	56.6  	-58.7 	3     	23.9     	115   	-21.6      	10.2       	20258     	-82.0
5942      	18:39:05  	56.5  	-58.7 	3     	24.6     	116   	-22.2      	10.6       	20265     	-82.0
5944      	18:39:07  	56.5  	-58.7 	3     	25.4     	116   	-22.9      	11.0       	20273     	-82.0
5946      	18:39:09  	56.4  	-58.7 	3     	25.9     	116   	-23.4      	11.2       	20280     	-82.0
5948      	18:39:11  	56.3  	-58.6 	3     	26.4     	115   	-23.9      	11.3       	20288     	-82.0
5950      	18:39:13  	56.3  	-58.6 	3     	27.0     	115   	-24.4      	11.5       	20295     	-81.9
5952      	18:39:15  	56.2  	-58.6 	3     	27.5     	115   	-24.9      	11.6       	20303     	-81.9
5954      	18:39:17  	56.1  	-58.6 	3     	27.8     	115   	-25.2      	11.7       	20310     	-81.9
5956      	18:39:19  	56.1  	-58.7 	3     	27.8     	115   	-25.2      	11.7       	20318     	-81.9
5958      	18:39:21  	56.0  	-58.7 	3     	27.8     	115   	-25.2      	11.7       	20326     	-82.0
5960      	18:39:23  	55.9  	-58.7 	3     	27.8     	115   	-25.2      	11.7       	20333     	-81.9
5962      	18:39:25  	55.9  	-58.7 	3     	27.8     	115   	-25.2      	11.7       	20341     	-81.9
5964      	18:39:27  	55.8  	-58.7 	3     	27.8     	115   	-25.2      	11.7       	20349     	-81.9
5966      	18:39:29  	55.7  	-58.7 	3     	27.8     	115   	-25.2      	11.7       	20356     	-81.9
5968      	18:39:31  	55.7  	-58.7 	3     	27.2     	116   	-24.5      	11.8       	20364     	-81.9
5970      	18:39:33  	55.6  	-58.7 	3     	25.6     	118   	-22.7      	11.9       	20371     	-81.8
5972      	18:39:35  	55.5  	-58.7 	3     	24.1     	120   	-20.9      	12.0       	20379     	-81.8
5974      	18:39:37  	55.4  	-58.7 	3     	22.6     	122   	-19.1      	12.1       	20387     	-81.8
5976      	18:39:39  	55.4  	-58.7 	3     	21.2     	125   	-17.3      	12.2       	20394     	-81.8
5978      	18:39:41  	55.3  	-58.7 	3     	19.8     	128   	-15.5      	12.3       	20402     	-81.8
5980      	18:39:43  	55.2  	-58.6 	3     	18.5     	132   	-13.7      	12.4       	20410     	-81.8
5982      	18:39:45  	55.2  	-58.6 	3     	17.2     	137   	-11.8      	12.5       	20417     	-81.8
5984      	18:39:47  	55.1  	-58.6 	3     	16.1     	142   	-10.0      	12.6       	20425     	-81.8
5986      	18:39:49  	55.0  	-58.6 	3     	15.1     	147   	-8.2       	12.7       	20433     	-81.8
5988      	18:39:51  	55.0  	-58.6 	3     	14.5     	151   	-7.1       	12.7       	20440     	-81.8
5990      	18:39:53  	54.9  	-58.6 	3     	14.5     	151   	-7.1       	12.7       	20448     	-81.8
5992      	18:39:55  	54.8  	-58.6 	3     	14.5     	151   	-7.1       	12.7       	20455     	-81.8
5994      	18:39:57  	54.8  	-58.6 	3     	14.5     	151   	-7.1       	12.7       	20463     	-81.8
5996      	18:39:59  	54.7  	-58.6 	3     	14.5     	151   	-7.1       	12.7       	20470     	-81.8
5998      	18:40:01  	54.7  	-58.6 	3     	14.5     	151   	-7.1       	12.7       	20477     	-81.7
6000      	18:40:03  	54.6  	-58.6 	3     	14.5     	151   	-7.1       	12.7       	20485     	-81.7
6002      	18:40:05  	54.5  	-58.7 	3     	14.5     	151   	-7.1       	12.7       	20492     	-81.7
6004      	18:40:07  	54.5  	-58.7 	3     	14.5     	151   	-7.1       	12.7       	20500     	-81.7
6006      	18:40:09  	54.4  	-58.7 	3     	14.5     	151   	-7.1       	12.7       	20507     	-81.7
6008      	18:40:11  	54.3  	-58.7 	3     	14.5     	151   	-7.1       	12.7       	20514     	-81.6
6010      	18:40:13  	54.3  	-58.7 	3     	14.5     	151   	-7.1       	12.7       	20522     	-81.6
6012      	18:40:15  	54.2  	-58.7 	3     	14.5     	151   	-7.1       	12.7       	20529     	-81.6
6014      	18:40:17  	54.1  	-58.7 	3     	14.1     	148   	-7.4       	12.0       	20537     	-81.6
6016      	18:40:19  	54.1  	-58.7 	3     	13.5     	146   	-7.6       	11.2       	20544     	-81.7
6018      	18:40:21  	54.0  	-58.7 	3     	13.0     	143   	-7.9       	10.3       	20551     	-81.7
6020      	18:40:23  	54.0  	-58.7 	3     	12.5     	139   	-8.2       	9.4        	20559     	-81.7
6022      	18:40:25  	53.9  	-58.7 	3     	12.0     	136   	-8.4       	8.6        	20566     	-81.7
6024      	18:40:27  	53.8  	-58.7 	3     	11.6     	132   	-8.7       	7.7        	20574     	-81.8
6026      	18:40:29  	53.8  	-58.7 	3     	11.3     	128   	-8.9       	6.9        	20581     	-81.8
6028      	18:40:31  	53.7  	-58.8 	3     	11.0     	123   	-9.2       	6.0        	20588     	-81.8
6030      	18:40:33  	53.6  	-58.8 	3     	10.8     	118   	-9.5       	5.1        	20596     	-81.8
6032      	18:40:35  	53.6  	-58.8 	3     	10.6     	114   	-9.7       	4.3        	20603     	-81.8
6034      	18:40:37  	53.5  	-58.8 	3     	10.6     	113   	-9.8       	4.1        	20610     	-81.7
6036      	18:40:39  	53.4  	-58.8 	3     	10.6     	113   	-9.8       	4.1        	20618     	-81.7
6038      	18:40:41  	53.4  	-58.8 	3     	10.6     	113   	-9.8       	4.1        	20625     	-81.7
6040      	18:40:43  	53.3  	-58.8 	3     	10.6     	113   	-9.8       	4.1        	20632     	-81.7
6042      	18:40:45  	53.3  	-58.8 	3     	10.6     	113   	-9.8       	4.1        	20639     	-81.7
6044      	18:40:47  	53.2  	-58.8 	3     	10.6     	113   	-9.8       	4.1        	20646     	-81.7
6046      	18:40:49  	53.1  	-58.8 	3     	10.6     	113   	-9.8       	4.1        	20653     	-81.7
6048      	18:40:51  	53.1  	-58.8 	3     	10.6     	113   	-9.8       	4.1        	20660     	-81.7
6050      	18:40:53  	53.0  	-58.8 	3     	10.6     	113   	-9.8       	4.1        	20666     	-81.7
6052      	18:40:55  	53.0  	-58.8 	3     	10.6     	113   	-9.8       	4.1        	20673     	-81.7
6054      	18:40:57  	52.9  	-58.8 	3     	10.8     	112   	-10.0      	4.1        	20680     	-81.7
6056      	18:40:59  	52.9  	-58.8 	3     	11.1     	111   	-10.4      	4.0        	20686     	-81.7
6058      	18:41:01  	52.8  	-58.7 	3     	11.4     	110   	-10.7      	3.9        	20693     	-81.7
6060      	18:41:03  	52.8  	-58.7 	3     	11.8     	109   	-11.1      	3.9        	20700     	-81.7
6062      	18:41:05  	52.7  	-58.7 	3     	12.0     	108   	-11.4      	3.8        	20707     	-81.7
6064      	18:41:07  	52.6  	-58.7 	3     	12.4     	108   	-11.8      	3.8        	20713     	-81.6
6066      	18:41:09  	52.6  	-58.7 	3     	12.7     	107   	-12.1      	3.7        	20720     	-81.6
6068      	18:41:11  	52.5  	-58.7 	3     	13.0     	106   	-12.5      	3.7        	20727     	-81.6
6070      	18:41:13  	52.5  	-58.7 	3     	13.3     	106   	-12.8      	3.6        	20733     	-81.6
6072      	18:41:15  	52.4  	-58.7 	3     	13.7     	105   	-13.2      	3.5        	20740     	-81.7
6074      	18:41:17  	52.4  	-58.7 	3     	13.8     	105   	-13.3      	3.5        	20747     	-81.7
6076      	18:41:19  	52.3  	-58.6 	3     	13.8     	105   	-13.3      	3.5        	20753     	-81.6
6078      	18:41:21  	52.2  	-58.6 	3     	13.7     	107   	-13.1      	3.9        	20760     	-81.6
6080      	18:41:23  	52.2  	-58.6 	3     	13.6     	109   	-12.9      	4.4        	20767     	-81.6
6082      	18:41:25  	52.1  	-58.6 	3     	13.6     	111   	-12.7      	4.9        	20773     	-81.6
6084      	18:41:27  	52.1  	-58.6 	3     	13.6     	113   	-12.5      	5.4        	20780     	-81.6
6086      	18:41:29  	52.0  	-58.5 	3     	13.6     	116   	-12.3      	5.9        	20786     	-81.6
6088      	18:41:31  	52.0  	-58.5 	3     	13.7     	118   	-12.1      	6.5        	20793     	-81.6
6090      	18:41:33  	51.9  	-58.5 	3     	13.8     	120   	-11.9      	7.0        	20800     	-81.6
6092      	18:41:35  	51.9  	-58.5 	3     	13.9     	123   	-11.7      	7.5        	20806     	-81.6
6094      	18:41:37  	51.8  	-58.4 	3     	14.0     	125   	-11.5      	8.0        	20813     	-81.6
6096      	18:41:39  	51.8  	-58.4 	3     	14.1     	127   	-11.3      	8.5        	20819     	-81.5
6098      	18:41:41  	51.7  	-58.4 	3     	14.2     	127   	-11.3      	8.6        	20826     	-81.5
6100      	18:41:43  	51.6  	-58.3 	3     	14.2     	127   	-11.3      	8.6        	20833     	-81.5
6102      	18:41:45  	51.6  	-58.3 	3     	14.2     	127   	-11.3      	8.6        	20839     	-81.4
6104      	18:41:47  	51.5  	-58.2 	3     	14.2     	127   	-11.3      	8.6        	20845     	-81.4
6106      	18:41:49  	51.5  	-58.2 	3     	13.9     	129   	-10.8      	8.8        	20852     	-81.4
6108      	18:41:51  	51.4  	-58.2 	3     	13.5     	133   	-9.9       	9.2        	20858     	-81.4
6110      	18:41:53  	51.4  	-58.2 	3     	13.1     	137   	-9.0       	9.5        	20865     	-81.4
6112      	18:41:55  	51.3  	-58.1 	3     	12.9     	140   	-8.2       	9.9        	20872     	-81.4
6114      	18:41:57  	51.3  	-58.1 	3     	12.6     	145   	-7.3       	10.3       	20879     	-81.4
6116      	18:41:59  	51.2  	-58.1 	3     	12.5     	149   	-6.4       	10.7       	20885     	-81.3
6118      	18:42:01  	51.2  	-58.1 	3     	12.4     	154   	-5.5       	11.1       	20892     	-81.3
6120      	18:42:03  	51.1  	-58.0 	3     	12.4     	158   	-4.6       	11.5       	20898     	-81.3
6122      	18:42:05  	51.1  	-58.0 	3     	12.4     	163   	-3.7       	11.8       	20905     	-81.3
6124      	18:42:07  	51.0  	-58.0 	3     	12.5     	167   	-2.9       	12.2       	20911     	-81.2
6126      	18:42:09  	51.0  	-57.9 	3     	12.6     	169   	-2.5       	12.4       	20918     	-81.2
6128      	18:42:11  	50.9  	-57.9 	3     	12.5     	165   	-3.3       	12.1       	20924     	-81.2
6130      	18:42:13  	50.8  	-57.9 	3     	12.7     	158   	-4.7       	11.8       	20931     	-81.1
6132      	18:42:15  	50.8  	-57.8 	3     	12.9     	152   	-6.0       	11.4       	20937     	-81.1
6134      	18:42:17  	50.7  	-57.8 	3     	13.3     	146   	-7.4       	11.0       	20944     	-81.1
6136      	18:42:19  	50.7  	-57.7 	3     	13.8     	140   	-8.8       	10.6       	20951     	-81.0
6138      	18:42:21  	50.6  	-57.7 	3     	14.4     	135   	-10.2      	10.2       	20957     	-81.0
6140      	18:42:23  	50.6  	-57.6 	3     	15.1     	130   	-11.5      	9.8        	20964     	-80.9
6142      	18:42:25  	50.5  	-57.6 	3     	16.0     	126   	-12.9      	9.4        	20971     	-80.9
6144      	18:42:27  	50.5  	-57.6 	3     	16.9     	122   	-14.3      	9.0        	20978     	-80.8
6146      	18:42:29  	50.4  	-57.6 	3     	17.3     	121   	-14.8      	8.9        	20984     	-80.8
6148      	18:42:31  	50.4  	-57.5 	3     	16.5     	124   	-13.7      	9.2        	20991     	-80.8
6150      	18:42:33  	50.3  	-57.5 	3     	15.4     	129   	-12.0      	9.6        	20998     	-80.8
6152      	18:42:35  	50.3  	-57.5 	3     	14.5     	134   	-10.4      	10.1       	21005     	-80.7
6154      	18:42:37  	50.2  	-57.4 	3     	13.7     	141   	-8.7       	10.6       	21011     	-80.7
6156      	18:42:39  	50.1  	-57.4 	3     	13.1     	147   	-7.1       	11.0       	21018     	-80.7
6158      	18:42:41  	50.1  	-57.4 	3     	12.7     	155   	-5.4       	11.5       	21025     	-80.7
6160      	18:42:43  	50.0  	-57.4 	3     	12.5     	162   	-3.8       	11.9       	21032     	-80.7
6162      	18:42:45  	50.0  	-57.4 	3     	12.6     	170   	-2.1       	12.4       	21039     	-80.7
6164      	18:42:47  	49.9  	-57.4 	3     	12.9     	178   	-0.5       	12.9       	21046     	-80.7
6166      	18:42:49  	49.9  	-57.4 	3     	13.1     	181   	0.3        	13.1       	21053     	-80.7
6168      	18:42:51  	49.8  	-57.4 	3     	13.1     	181   	0.3        	13.1       	21060     	-80.7
6170      	18:42:53  	49.8  	-57.4 	3     	12.9     	179   	-0.3       	12.9       	21067     	-80.7
6172      	18:42:55  	49.7  	-57.4 	3     	12.8     	175   	-1.2       	12.7       	21073     	-80.7
6174      	18:42:57  	49.7  	-57.4 	3     	12.7     	170   	-2.1       	12.5       	21080     	-80.6
6176      	18:42:59  	49.6  	-57.4 	3     	12.7     	166   	-3.1       	12.3       	21087     	-80.6
6178      	18:43:01  	49.6  	-57.4 	3     	12.7     	162   	-4.0       	12.1       	21094     	-80.6
6180      	18:43:03  	49.5  	-57.4 	3     	12.9     	158   	-4.9       	11.9       	21101     	-80.6
6182      	18:43:05  	49.4  	-57.4 	3     	13.1     	154   	-5.8       	11.7       	21108     	-80.6
6184      	18:43:07  	49.4  	-57.5 	3     	13.3     	150   	-6.7       	11.5       	21115     	-80.7
6186      	18:43:09  	49.3  	-57.5 	3     	13.7     	146   	-7.7       	11.3       	21123     	-80.7
6188      	18:43:11  	49.3  	-57.5 	3     	14.0     	142   	-8.6       	11.1       	21130     	-80.7
6190      	18:43:13  	49.2  	-57.5 	3     	14.1     	143   	-8.5       	11.2       	21137     	-80.7
6192      	18:43:15  	49.2  	-57.5 	3     	14.0     	144   	-8.2       	11.4       	21145     	-80.7
6194      	18:43:17  	49.1  	-57.5 	3     	13.9     	146   	-7.8       	11.5       	21152     	-80.7
6196      	18:43:19  	49.0  	-57.5 	3     	13.8     	148   	-7.4       	11.7       	21159     	-80.7
6198      	18:43:21  	49.0  	-57.5 	3     	13.8     	150   	-7.0       	11.9       	21166     	-80.8
6200      	18:43:23  	48.9  	-57.5 	3     	13.8     	151   	-6.6       	12.1       	21174     	-80.8
6202      	18:43:25  	48.9  	-57.5 	3     	13.8     	153   	-6.2       	12.3       	21181     	-80.8
6204      	18:43:27  	48.8  	-57.5 	3     	13.8     	155   	-5.9       	12.5       	21188     	-80.8
6206      	18:43:29  	48.8  	-57.5 	3     	13.8     	157   	-5.5       	12.7       	21195     	-80.8
6208      	18:43:31  	48.7  	-57.5 	3     	13.8     	158   	-5.1       	12.8       	21203     	-80.8
6210      	18:43:33  	48.6  	-57.5 	3     	13.8     	159   	-5.0       	12.9       	21210     	-80.8
6212      	18:43:35  	48.6  	-57.5 	3     	13.8     	159   	-5.0       	12.9       	21218     	-80.8
6214      	18:43:37  	48.5  	-57.5 	3     	13.8     	159   	-5.0       	12.9       	21225     	-80.8
6216      	18:43:39  	48.5  	-57.5 	3     	13.8     	159   	-5.0       	12.9       	21232     	-80.7
6218      	18:43:41  	48.4  	-57.5 	3     	13.8     	159   	-5.0       	12.9       	21240     	-80.7
6220      	18:43:43  	48.4  	-57.4 	3     	13.3     	161   	-4.3       	12.6       	21247     	-80.7
6222      	18:43:45  	48.3  	-57.4 	3     	12.8     	164   	-3.5       	12.3       	21255     	-80.7
6224      	18:43:47  	48.2  	-57.4 	3     	12.2     	167   	-2.8       	11.9       	21262     	-80.7
6226      	18:43:49  	48.2  	-57.4 	3     	11.8     	170   	-2.0       	11.6       	21269     	-80.7
6228      	18:43:51  	48.1  	-57.3 	3     	11.4     	173   	-1.3       	11.3       	21277     	-80.7
6230      	18:43:53  	48.1  	-57.3 	3     	11.0     	177   	-0.6       	11.0       	21285     	-80.7
6232      	18:43:55  	48.0  	-57.3 	3     	10.7     	181   	0.2        	10.7       	21292     	-80.6
6234      	18:43:57  	48.0  	-57.3 	3     	10.4     	185   	0.9        	10.4       	21300     	-80.6
6236      	18:43:59  	47.9  	-57.2 	3     	10.2     	190   	1.7        	10.1       	21307     	-80.5
6238      	18:44:01  	47.8  	-57.2 	3     	10.1     	194   	2.4        	9.8        	21315     	-80.5
6240      	18:44:03  	47.8  	-57.1 	3     	9.7      	193   	2.2        	9.4        	21322     	-80.5
6242      	18:44:05  	47.7  	-57.1 	3     	9.0      	193   	2.0        	8.8        	21329     	-80.4
6244      	18:44:07  	47.7  	-57.0 	3     	8.5      	192   	1.7        	8.3        	21337     	-80.4
6246      	18:44:09  	47.6  	-57.0 	3     	7.9      	190   	1.4        	7.8        	21344     	-80.3
6248      	18:44:11  	47.6  	-56.9 	3     	7.4      	189   	1.2        	7.3        	21352     	-80.3
6250      	18:44:13  	47.5  	-56.9 	3     	6.9      	188   	0.9        	6.8        	21359     	-80.3
6252      	18:44:15  	47.5  	-56.9 	3     	6.2      	186   	0.7        	6.2        	21366     	-80.2
6254      	18:44:17  	47.4  	-56.8 	3     	5.7      	184   	0.4        	5.7        	21374     	-80.2
6256      	18:44:19  	47.3  	-56.8 	3     	5.2      	181   	0.1        	5.2        	21381     	-80.1
6258      	18:44:21  	47.3  	-56.7 	3     	4.7      	179   	-0.1       	4.7        	21389     	-80.1
6260      	18:44:23  	47.2  	-56.7 	3     	4.5      	176   	-0.3       	4.5        	21396     	-80.0
6262      	18:44:25  	47.2  	-56.6 	3     	4.3      	172   	-0.6       	4.3        	21403     	-80.0
6264      	18:44:27  	47.1  	-56.6 	3     	4.3      	169   	-0.8       	4.2        	21411     	-79.9
6266      	18:44:29  	47.1  	-56.5 	3     	4.1      	166   	-1.0       	4.0        	21418     	-79.9
6268      	18:44:31  	47.0  	-56.5 	3     	4.1      	163   	-1.2       	3.9        	21425     	-79.9
6270      	18:44:33  	47.0  	-56.4 	3     	4.0      	158   	-1.5       	3.7        	21433     	-79.8
6272      	18:44:35  	46.9  	-56.4 	3     	4.0      	155   	-1.7       	3.6        	21440     	-79.8
6274      	18:44:37  	46.9  	-56.3 	3     	4.0      	152   	-1.9       	3.5        	21448     	-79.8
6276      	18:44:39  	46.8  	-56.3 	3     	3.9      	148   	-2.1       	3.3        	21455     	-79.8
6278      	18:44:41  	46.7  	-56.2 	3     	3.9      	140   	-2.5       	3.0        	21463     	-79.8
6280      	18:44:43  	46.7  	-56.2 	3     	4.0      	132   	-3.0       	2.7        	21470     	-79.7
6282      	18:44:45  	46.6  	-56.1 	3     	4.1      	127   	-3.3       	2.5        	21477     	-79.7
6284      	18:44:47  	46.6  	-56.1 	3     	4.3      	121   	-3.7       	2.2        	21485     	-79.7
6286      	18:44:49  	46.5  	-56.0 	3     	4.5      	115   	-4.1       	1.9        	21492     	-79.6
6288      	18:44:51  	46.5  	-56.0 	3     	4.7      	111   	-4.4       	1.7        	21499     	-79.6
6290      	18:44:53  	46.4  	-55.9 	3     	5.0      	106   	-4.8       	1.4        	21506     	-79.6
6292      	18:44:55  	46.4  	-55.9 	3     	5.2      	102   	-5.1       	1.1        	21514     	-79.6
6294      	18:44:57  	46.3  	-55.8 	3     	5.9      	097   	-5.9       	0.7        	21521     	-79.6
6296      	18:44:59  	46.3  	-55.8 	3     	6.7      	093   	-6.7       	0.3        	21528     	-79.6
6298      	18:45:01  	46.2  	-55.7 	3     	7.3      	089   	-7.3       	-0.1       	21535     	-79.6
6300      	18:45:03  	46.2  	-55.6 	3     	7.8      	088   	-7.8       	-0.3       	21542     	-79.5
6302      	18:45:05  	46.1  	-55.6 	3     	8.2      	087   	-8.2       	-0.5       	21549     	-79.5
6304      	18:45:07  	46.1  	-55.5 	3     	8.7      	086   	-8.7       	-0.6       	21557     	-79.4
6306      	18:45:09  	46.0  	-55.5 	3     	9.2      	085   	-9.2       	-0.8       	21564     	-79.4
6308      	18:45:11  	46.0  	-55.4 	3     	9.7      	084   	-9.6       	-1.0       	21571     	-79.3
6310      	18:45:13  	45.9  	-55.4 	3     	10.2     	083   	-10.1      	-1.2       	21578     	-79.2
6312      	18:45:15  	45.8  	-55.3 	3     	10.6     	082   	-10.5      	-1.4       	21586     	-79.2
6314      	18:45:17  	45.8  	-55.3 	3     	10.8     	082   	-10.7      	-1.5       	21593     	-79.2
6316      	18:45:19  	45.7  	-55.3 	3     	10.8     	082   	-10.7      	-1.5       	21600     	-79.2
6318      	18:45:21  	45.7  	-55.2 	3     	11.9     	082   	-11.8      	-1.7       	21608     	-79.2
6320      	18:45:23  	45.6  	-55.2 	3     	13.5     	081   	-13.3      	-2.1       	21615     	-79.2
6322      	18:45:25  	45.6  	-55.2 	3     	15.1     	081   	-14.9      	-2.4       	21622     	-79.2
6324      	18:45:27  	45.5  	-55.1 	3     	16.6     	080   	-16.4      	-2.8       	21629     	-79.2
6326      	18:45:29  	45.5  	-55.1 	3     	18.2     	080   	-17.9      	-3.1       	21637     	-79.1
6328      	18:45:31  	45.4  	-55.1 	3     	19.8     	080   	-19.5      	-3.5       	21644     	-79.1
6330      	18:45:33  	45.4  	-55.0 	3     	21.3     	080   	-21.0      	-3.8       	21651     	-79.1
6332      	18:45:35  	45.3  	-55.0 	3     	23.0     	079   	-22.6      	-4.2       	21658     	-79.0
6334      	18:45:37  	45.3  	-55.0 	3     	24.5     	079   	-24.1      	-4.5       	21665     	-79.0
6336      	18:45:39  	45.2  	-55.0 	3     	26.1     	079   	-25.7      	-4.8       	21673     	-79.0
6338      	18:45:41  	45.2  	-55.0 	3     	26.6     	079   	-26.1      	-4.9       	21680     	-78.9
6340      	18:45:43  	45.1  	-55.0 	3     	26.6     	079   	-26.1      	-4.9       	21687     	-78.9
6342      	18:45:45  	45.1  	-55.0 	3     	23.9     	080   	-23.6      	-4.0       	21693     	-78.9
6344      	18:45:47  	45.0  	-54.9 	3     	20.9     	082   	-20.7      	-2.9       	21700     	-78.8
6346      	18:45:49  	45.0  	-54.9 	3     	17.9     	084   	-17.8      	-1.8       	21707     	-78.8
6348      	18:45:51  	44.9  	-54.9 	3     	15.0     	087   	-15.0      	-0.7       	21714     	-78.8
6350      	18:45:53  	44.9  	-54.9 	3     	12.1     	092   	-12.1      	0.4        	21721     	-78.7
6352      	18:45:55  	44.8  	-54.9 	3     	9.3      	099   	-9.2       	1.4        	21728     	-78.7
6354      	18:45:57  	44.8  	-54.9 	3     	6.9      	111   	-6.4       	2.5        	21735     	-78.7
6356      	18:45:59  	44.7  	-54.9 	3     	5.0      	136   	-3.5       	3.6        	21742     	-78.7
6358      	18:46:01  	44.7  	-54.9 	3     	4.8      	172   	-0.7       	4.7        	21749     	-78.6
6360      	18:46:03  	44.6  	-54.9 	3     	6.2      	201   	2.2        	5.8        	21756     	-78.6
6362      	18:46:05  	44.6  	-54.8 	3     	5.9      	197   	1.7        	5.7        	21763     	-78.6
6364      	18:46:07  	44.5  	-54.8 	3     	5.3      	180   	-0.0       	5.3        	21771     	-78.6
6366      	18:46:09  	44.5  	-54.9 	3     	5.1      	160   	-1.7       	4.8        	21777     	-78.6
6368      	18:46:11  	44.4  	-54.9 	3     	5.6      	142   	-3.4       	4.4        	21784     	-78.6
6370      	18:46:13  	44.4  	-54.9 	3     	6.6      	128   	-5.2       	4.0        	21791     	-78.6
6372      	18:46:15  	44.3  	-54.8 	3     	7.7      	117   	-6.9       	3.5        	21799     	-78.6
6374      	18:46:17  	44.3  	-54.8 	3     	9.1      	110   	-8.6       	3.1        	21806     	-78.6
6376      	18:46:19  	44.2  	-54.8 	3     	10.6     	105   	-10.3      	2.7        	21814     	-78.5
6378      	18:46:21  	44.2  	-54.7 	3     	13.1     	098   	-13.0      	1.8        	21821     	-78.5
6380      	18:46:23  	44.1  	-54.7 	3     	15.7     	093   	-15.7      	0.9        	21827     	-78.5
6382      	18:46:25  	44.1  	-54.7 	3     	17.6     	091   	-17.6      	0.2        	21834     	-78.5
6384      	18:46:27  	44.0  	-54.7 	3     	18.6     	089   	-18.6      	-0.3       	21841     	-78.5
6386      	18:46:29  	44.0  	-54.7 	3     	19.6     	088   	-19.6      	-0.7       	21848     	-78.5
6388      	18:46:31  	44.0  	-54.7 	3     	20.6     	087   	-20.6      	-1.2       	21855     	-78.5
6390      	18:46:33  	43.9  	-54.6 	3     	21.7     	085   	-21.6      	-1.7       	21862     	-78.4
6392      	18:46:35  	43.9  	-54.6 	3     	22.7     	085   	-22.6      	-2.1       	21869     	-78.4
6394      	18:46:37  	43.8  	-54.6 	3     	23.7     	084   	-23.6      	-2.6       	21876     	-78.4
6396      	18:46:39  	43.8  	-54.5 	3     	24.8     	083   	-24.6      	-3.1       	21883     	-78.4
6398      	18:46:41  	43.7  	-54.5 	3     	24.8     	083   	-24.6      	-3.1       	21889     	-78.3
6400      	18:46:43  	43.7  	-54.5 	3     	24.8     	083   	-24.6      	-3.1       	21896     	-78.3
6402      	18:46:45  	43.6  	-54.5 	3     	24.8     	083   	-24.6      	-3.1       	21903     	-78.3
6404      	18:46:47  	43.6  	-54.4 	3     	24.8     	083   	-24.6      	-3.1       	21910     	-78.3
6406      	18:46:49  	43.5  	-54.4 	3     	24.5     	083   	-24.3      	-3.0       	21916     	-78.3
6408      	18:46:51  	43.5  	-54.4 	3     	22.3     	084   	-22.2      	-2.2       	21923     	-78.3
6410      	18:46:53  	43.4  	-54.4 	3     	20.1     	086   	-20.0      	-1.5       	21930     	-78.2
6412      	18:46:55  	43.4  	-54.3 	3     	17.8     	088   	-17.8      	-0.7       	21936     	-78.2
6414      	18:46:57  	43.4  	-54.3 	3     	15.7     	090   	-15.7      	-0.0       	21943     	-78.2
6416      	18:46:59  	43.3  	-54.3 	3     	13.5     	093   	-13.5      	0.8        	21950     	-78.1
6418      	18:47:01  	43.3  	-54.2 	3     	11.4     	098   	-11.3      	1.5        	21957     	-78.1
6420      	18:47:03  	43.2  	-54.2 	3     	9.5      	104   	-9.2       	2.3        	21963     	-78.1
6422      	18:47:05  	43.2  	-54.2 	3     	7.6      	113   	-7.0       	3.0        	21970     	-78.1
6424      	18:47:07  	43.1  	-54.2 	3     	6.1      	128   	-4.8       	3.8        	21977     	-78.0
6426      	18:47:09  	43.1  	-54.2 	3     	5.3      	146   	-3.0       	4.4        	21984     	-78.0
6428      	18:47:11  	43.0  	-54.2 	3     	5.3      	146   	-3.0       	4.4        	21991     	-78.0
6430      	18:47:13  	43.0  	-54.2 	3     	5.3      	146   	-3.0       	4.4        	21998     	-77.9
6432      	18:47:15  	42.9  	-54.2 	3     	5.3      	146   	-3.0       	4.4        	22004     	-77.9
6434      	18:47:17  	42.9  	-54.2 	3     	5.3      	146   	-3.0       	4.4        	22010     	-77.8
6436      	18:47:19  	42.9  	-54.1 	3     	5.3      	146   	-3.0       	4.4        	22016     	-77.8
6438      	18:47:21  	42.8  	-54.1 	3     	5.3      	146   	-3.0       	4.4        	22023     	-77.9
6440      	18:47:23  	42.8  	-54.1 	3     	5.3      	146   	-3.0       	4.4        	22029     	-77.9
6442      	18:47:25  	42.7  	-54.1 	3     	5.3      	146   	-3.0       	4.4        	22036     	-77.9
6444      	18:47:27  	42.7  	-54.1 	3     	5.3      	146   	-3.0       	4.4        	22043     	-77.9
6446      	18:47:29  	42.6  	-54.1 	3     	5.3      	146   	-3.0       	4.4        	22051     	-77.8
6448      	18:47:31  	42.6  	-54.1 	3     	5.7      	134   	-4.1       	3.9        	22058     	-77.8
6450      	18:47:33  	42.5  	-54.1 	3     	6.3      	124   	-5.2       	3.5        	22065     	-77.8
6452      	18:47:35  	42.5  	-54.1 	3     	7.0      	115   	-6.3       	3.0        	22073     	-77.8
6454      	18:47:37  	42.4  	-54.1 	3     	7.8      	109   	-7.4       	2.5        	22080     	-77.8
6456      	18:47:39  	42.4  	-54.1 	3     	8.7      	103   	-8.5       	2.0        	22088     	-77.8
6458      	18:47:41  	42.3  	-54.1 	3     	9.7      	099   	-9.6       	1.5        	22096     	-77.9
6460      	18:47:43  	42.3  	-54.2 	3     	10.8     	096   	-10.7      	1.1        	22103     	-77.9
6462      	18:47:45  	42.2  	-54.2 	3     	11.8     	093   	-11.8      	0.6        	22110     	-77.9
6464      	18:47:47  	42.2  	-54.2 	3     	12.9     	090   	-12.9      	0.1        	22117     	-77.9
6466      	18:47:49  	42.1  	-54.2 	3     	13.9     	088   	-13.9      	-0.4       	22124     	-77.9
6468      	18:47:51  	42.1  	-54.2 	3     	13.9     	088   	-13.9      	-0.4       	22132     	-77.9
6470      	18:47:53  	42.1  	-54.2 	3     	13.9     	088   	-13.9      	-0.4       	22139     	-77.9
6472      	18:47:55  	42.0  	-54.2 	3     	13.9     	088   	-13.9      	-0.4       	22146     	-77.9
6474      	18:47:57  	42.0  	-54.2 	3     	13.9     	088   	-13.9      	-0.4       	22153     	-77.9
6476      	18:47:59  	41.9  	-54.2 	3     	13.9     	088   	-13.9      	-0.4       	22160     	-77.9
6478      	18:48:01  	41.9  	-54.3 	3     	13.9     	088   	-13.9      	-0.4       	22168     	-77.9
6480      	18:48:03  	41.8  	-54.3 	3     	13.9     	088   	-13.9      	-0.4       	22175     	-77.9
6482      	18:48:05  	41.8  	-54.3 	3     	13.9     	088   	-13.9      	-0.4       	22182     	-77.9
6484      	18:48:07  	41.7  	-54.3 	3     	13.9     	088   	-13.9      	-0.4       	22189     	-77.9
