Time [sec]	Time (UTC)	P [mB]	T [°F]	Hu [%]	Ws [mi/h]	Wd [°]	Ws U [mi/h]	Ws V [mi/h]	Geopot [m]	Dew [°F]
0         	17:00:01  	872.7 	24.4  	43    	2.6      	113   	-2.4       	1.0        	1288      	11.0
2         	17:00:03  	871.2 	25.2  	41    	5.6      	157   	-2.2       	5.2        	1305      	11.1
4         	17:00:05  	869.8 	25.2  	43    	5.6      	157   	-2.2       	5.2        	1318      	11.6
6         	17:00:07  	868.4 	25.2  	44    	5.4      	160   	-1.9       	5.1        	1332      	12.2
8         	17:00:09  	867.1 	24.9  	44    	3.4      	195   	0.9        	3.3        	1345      	11.9
10        	17:00:11  	865.9 	24.7  	45    	3.4      	195   	0.9        	3.3        	1357      	11.8
12        	17:00:13  	864.6 	24.4  	45    	3.4      	195   	0.9        	3.3        	1370      	11.7
14        	17:00:15  	863.5 	24.3  	45    	3.4      	195   	0.9        	3.3        	1381      	11.5
16        	17:00:17  	862.5 	24.2  	45    	3.4      	195   	0.9        	3.3        	1392      	11.4
18        	17:00:19  	861.4 	24.1  	45    	3.4      	195   	0.9        	3.3        	1402      	11.3
20        	17:00:21  	860.4 	23.9  	45    	2.4      	199   	0.8        	2.3        	1412      	11.3
22        	17:00:23  	859.4 	23.7  	45    	1.9      	201   	0.7        	1.8        	1422      	11.2
24        	17:00:25  	858.4 	23.6  	46    	1.7      	205   	0.7        	1.5        	1432      	11.3
26        	17:00:27  	857.5 	23.5  	46    	1.5      	208   	0.7        	1.3        	1442      	11.3
28        	17:00:29  	856.5 	23.3  	47    	1.4      	210   	0.7        	1.2        	1452      	11.2
30        	17:00:31  	855.5 	23.2  	47    	0.8      	230   	0.6        	0.5        	1462      	11.2
32        	17:00:33  	854.5 	23.1  	47    	1.6      	256   	1.6        	0.4        	1472      	11.3
34        	17:00:35  	853.6 	23.0  	47    	2.3      	260   	2.3        	0.4        	1482      	11.3
36        	17:00:37  	852.7 	22.9  	48    	2.6      	261   	2.6        	0.4        	1491      	11.2
38        	17:00:39  	851.6 	22.8  	48    	2.8      	262   	2.8        	0.4        	1503      	11.2
40        	17:00:41  	850.5 	22.8  	48    	2.9      	264   	2.9        	0.3        	1514      	11.2
42        	17:00:43  	849.4 	22.6  	48    	3.0      	264   	3.0        	0.3        	1525      	11.1
44        	17:00:45  	848.2 	22.5  	48    	3.1      	261   	3.1        	0.5        	1537      	11.1
46        	17:00:47  	847.1 	22.4  	49    	3.0      	255   	2.9        	0.8        	1548      	11.1
48        	17:00:49  	846.0 	22.3  	49    	3.4      	251   	3.2        	1.1        	1559      	11.1
50        	17:00:51  	844.9 	22.2  	49    	3.8      	248   	3.5        	1.4        	1570      	11.1
52        	17:00:53  	843.9 	22.2  	49    	4.1      	244   	3.7        	1.8        	1581      	11.1
54        	17:00:55  	842.8 	22.1  	50    	4.3      	240   	3.7        	2.1        	1592      	11.1
56        	17:00:57  	841.6 	21.9  	50    	4.4      	237   	3.7        	2.4        	1604      	11.1
58        	17:00:59  	840.4 	21.8  	50    	4.6      	231   	3.6        	2.9        	1616      	11.0
60        	17:01:01  	839.2 	21.7  	51    	4.7      	226   	3.4        	3.3        	1629      	11.0
62        	17:01:03  	837.9 	21.5  	51    	5.0      	220   	3.2        	3.8        	1643      	11.0
64        	17:01:05  	836.6 	21.4  	51    	5.1      	217   	3.1        	4.1        	1657      	10.9
66        	17:01:07  	835.3 	21.3  	51    	5.1      	215   	2.9        	4.2        	1671      	10.9
68        	17:01:09  	834.0 	21.2  	52    	5.2      	212   	2.7        	4.4        	1684      	10.9
70        	17:01:11  	832.7 	21.0  	52    	5.2      	210   	2.6        	4.5        	1697      	10.8
72        	17:01:13  	831.5 	20.8  	52    	5.3      	208   	2.5        	4.7        	1710      	10.6
74        	17:01:15  	830.4 	20.7  	52    	5.6      	207   	2.5        	5.0        	1722      	10.5
76        	17:01:17  	829.3 	20.6  	52    	5.7      	205   	2.4        	5.2        	1733      	10.5
78        	17:01:19  	828.2 	20.6  	52    	5.9      	205   	2.5        	5.3        	1744      	10.5
80        	17:01:21  	827.2 	20.5  	52    	6.0      	206   	2.6        	5.4        	1755      	10.4
82        	17:01:23  	826.2 	20.4  	52    	6.2      	207   	2.8        	5.5        	1765      	10.3
84        	17:01:25  	825.2 	20.3  	53    	6.6      	208   	3.1        	5.8        	1776      	10.3
86        	17:01:27  	824.2 	20.3  	53    	7.1      	209   	3.4        	6.2        	1786      	10.3
88        	17:01:29  	823.2 	20.2  	53    	7.6      	209   	3.7        	6.6        	1796      	10.3
90        	17:01:31  	822.2 	20.1  	54    	8.0      	210   	4.0        	6.9        	1807      	10.4
92        	17:01:33  	821.4 	20.1  	54    	8.3      	210   	4.2        	7.2        	1817      	10.5
94        	17:01:35  	820.5 	20.0  	54    	8.7      	210   	4.4        	7.5        	1825      	10.4
96        	17:01:37  	819.7 	19.9  	54    	9.1      	211   	4.6        	7.8        	1833      	10.4
98        	17:01:39  	818.7 	19.8  	54    	9.5      	210   	4.7        	8.2        	1842      	10.3
100       	17:01:41  	817.8 	19.7  	55    	10.0     	209   	4.9        	8.7        	1853      	10.3
102       	17:01:43  	816.8 	19.6  	55    	10.4     	209   	5.1        	9.1        	1863      	10.2
104       	17:01:45  	815.8 	19.5  	55    	10.5     	209   	5.0        	9.2        	1874      	10.2
106       	17:01:47  	814.7 	19.4  	55    	10.6     	208   	5.0        	9.3        	1886      	10.1
108       	17:01:49  	813.6 	19.3  	55    	10.7     	207   	4.9        	9.5        	1897      	10.0
110       	17:01:51  	812.6 	19.2  	55    	10.7     	207   	4.8        	9.6        	1908      	10.0
112       	17:01:53  	811.7 	19.1  	55    	10.9     	206   	4.7        	9.8        	1918      	9.9
114       	17:01:55  	810.7 	19.1  	55    	11.0     	204   	4.5        	10.0       	1928      	9.9
116       	17:01:57  	809.8 	19.0  	55    	11.0     	204   	4.4        	10.1       	1938      	9.9
118       	17:01:59  	809.0 	19.0  	55    	11.1     	203   	4.4        	10.2       	1947      	9.8
120       	17:02:01  	808.1 	18.9  	55    	11.1     	203   	4.3        	10.2       	1956      	9.6
122       	17:02:03  	807.3 	18.9  	54    	11.2     	202   	4.2        	10.4       	1964      	9.4
124       	17:02:05  	806.4 	18.9  	54    	11.5     	201   	4.2        	10.7       	1973      	9.4
126       	17:02:07  	805.6 	19.0  	53    	11.9     	201   	4.2        	11.1       	1982      	9.3
128       	17:02:09  	804.7 	18.9  	52    	12.1     	200   	4.2        	11.4       	1992      	9.0
130       	17:02:11  	803.9 	18.7  	51    	12.4     	200   	4.3        	11.6       	2002      	8.5
132       	17:02:13  	803.0 	18.7  	50    	12.7     	200   	4.4        	11.9       	2010      	8.2
134       	17:02:15  	802.3 	18.8  	50    	13.0     	200   	4.4        	12.2       	2018      	8.2
136       	17:02:17  	801.6 	18.9  	49    	13.4     	200   	4.6        	12.6       	2025      	8.1
138       	17:02:19  	800.9 	18.8  	49    	13.9     	200   	4.7        	13.1       	2033      	7.8
140       	17:02:21  	800.2 	18.8  	48    	14.5     	200   	4.9        	13.6       	2040      	7.5
142       	17:02:23  	799.5 	18.8  	47    	14.9     	200   	5.0        	14.0       	2047      	7.3
144       	17:02:25  	798.8 	18.7  	47    	15.1     	200   	5.1        	14.2       	2056      	7.2
146       	17:02:27  	798.0 	18.6  	47    	15.3     	200   	5.1        	14.4       	2064      	7.0
148       	17:02:29  	797.2 	18.5  	47    	15.5     	200   	5.2        	14.6       	2073      	6.9
150       	17:02:31  	796.4 	18.5  	46    	15.7     	199   	5.1        	14.8       	2081      	6.8
152       	17:02:33  	795.7 	18.5  	46    	15.8     	198   	5.0        	15.0       	2089      	6.7
154       	17:02:35  	795.0 	18.4  	46    	16.0     	198   	4.9        	15.2       	2097      	6.7
156       	17:02:37  	794.2 	18.4  	46    	15.9     	197   	4.7        	15.2       	2104      	6.6
158       	17:02:39  	793.6 	18.4  	46    	15.9     	197   	4.6        	15.2       	2112      	6.5
160       	17:02:41  	792.9 	18.3  	46    	15.7     	196   	4.4        	15.1       	2119      	6.4
162       	17:02:43  	792.2 	18.2  	46    	15.8     	196   	4.3        	15.2       	2127      	6.3
164       	17:02:45  	791.5 	18.1  	46    	15.7     	195   	4.1        	15.2       	2134      	6.2
166       	17:02:47  	790.8 	18.1  	46    	15.8     	195   	4.0        	15.3       	2141      	6.2
168       	17:02:49  	790.1 	18.0  	46    	15.8     	195   	4.0        	15.3       	2149      	6.2
170       	17:02:51  	789.4 	17.9  	46    	15.9     	195   	4.0        	15.4       	2156      	6.1
172       	17:02:53  	788.7 	17.8  	46    	16.0     	195   	4.1        	15.5       	2164      	6.0
174       	17:02:55  	788.0 	17.8  	46    	16.0     	195   	4.1        	15.5       	2172      	6.0
176       	17:02:57  	787.3 	17.7  	46    	16.1     	194   	4.0        	15.6       	2180      	5.9
178       	17:02:59  	786.6 	17.6  	46    	16.1     	194   	3.9        	15.6       	2187      	5.8
180       	17:03:01  	786.0 	17.6  	45    	16.2     	194   	3.9        	15.7       	2194      	5.7
182       	17:03:03  	785.2 	17.6  	45    	16.0     	193   	3.7        	15.6       	2202      	5.7
184       	17:03:05  	784.5 	17.6  	45    	16.0     	193   	3.6        	15.6       	2210      	5.5
186       	17:03:07  	783.8 	17.5  	45    	16.0     	193   	3.5        	15.6       	2218      	5.4
188       	17:03:09  	782.9 	17.5  	45    	15.7     	193   	3.5        	15.3       	2228      	5.3
190       	17:03:11  	781.9 	17.4  	44    	15.5     	193   	3.4        	15.1       	2238      	5.2
192       	17:03:13  	781.0 	17.4  	44    	15.2     	193   	3.4        	14.8       	2248      	5.2
194       	17:03:15  	779.9 	17.4  	44    	15.0     	193   	3.4        	14.6       	2260      	5.2
196       	17:03:17  	778.8 	17.3  	45    	14.8     	193   	3.4        	14.4       	2272      	5.1
198       	17:03:19  	777.7 	17.3  	45    	14.5     	194   	3.5        	14.1       	2284      	5.1
200       	17:03:21  	776.8 	17.2  	45    	14.1     	196   	3.8        	13.6       	2294      	5.1
202       	17:03:23  	775.9 	17.0  	45    	13.7     	197   	4.1        	13.1       	2304      	5.0
204       	17:03:25  	775.0 	16.9  	45    	13.3     	199   	4.4        	12.6       	2314      	4.9
206       	17:03:27  	774.0 	16.8  	45    	13.1     	201   	4.7        	12.2       	2325      	4.9
208       	17:03:29  	773.1 	16.8  	46    	12.9     	203   	5.0        	11.9       	2335      	5.0
210       	17:03:31  	772.1 	16.7  	46    	12.7     	204   	5.2        	11.6       	2346      	5.0
212       	17:03:33  	771.1 	16.7  	46    	12.5     	206   	5.5        	11.2       	2357      	5.1
214       	17:03:35  	770.1 	16.7  	47    	12.1     	208   	5.7        	10.7       	2368      	5.2
216       	17:03:37  	769.1 	16.7  	47    	11.7     	211   	6.0        	10.1       	2380      	5.3
218       	17:03:39  	768.0 	16.6  	47    	11.4     	213   	6.2        	9.6        	2391      	5.4
220       	17:03:41  	767.0 	16.5  	48    	11.3     	213   	6.2        	9.4        	2403      	5.4
222       	17:03:43  	766.0 	16.4  	48    	11.0     	214   	6.2        	9.1        	2414      	5.4
224       	17:03:45  	765.0 	16.3  	48    	10.8     	215   	6.2        	8.8        	2425      	5.4
226       	17:03:47  	764.0 	16.2  	48    	10.4     	216   	6.2        	8.4        	2435      	5.3
228       	17:03:49  	763.0 	16.1  	48    	10.1     	219   	6.3        	7.9        	2447      	5.2
230       	17:03:51  	761.9 	16.0  	48    	9.7      	220   	6.3        	7.4        	2458      	5.1
232       	17:03:53  	760.9 	15.8  	49    	9.4      	222   	6.3        	7.0        	2470      	5.0
234       	17:03:55  	759.8 	15.7  	49    	9.3      	224   	6.4        	6.7        	2482      	5.0
236       	17:03:57  	758.8 	15.6  	49    	9.1      	225   	6.4        	6.5        	2495      	4.9
238       	17:03:59  	757.7 	15.5  	49    	8.9      	226   	6.4        	6.2        	2506      	4.9
240       	17:04:01  	756.7 	15.4  	50    	8.7      	227   	6.4        	5.9        	2518      	4.9
242       	17:04:03  	755.5 	15.3  	50    	8.4      	229   	6.4        	5.5        	2529      	4.9
244       	17:04:05  	754.4 	15.1  	50    	8.2      	231   	6.4        	5.2        	2542      	4.8
246       	17:04:07  	753.3 	14.9  	51    	8.1      	232   	6.4        	5.0        	2555      	4.8
248       	17:04:09  	752.1 	14.8  	51    	8.0      	232   	6.3        	4.9        	2569      	4.8
250       	17:04:11  	750.9 	14.7  	51    	7.9      	233   	6.3        	4.8        	2582      	4.8
252       	17:04:13  	749.8 	14.7  	52    	7.5      	235   	6.1        	4.3        	2595      	4.9
254       	17:04:15  	748.8 	14.6  	52    	6.9      	237   	5.8        	3.8        	2608      	5.0
256       	17:04:17  	747.8 	14.5  	53    	6.4      	240   	5.6        	3.2        	2619      	5.0
258       	17:04:19  	746.8 	14.4  	53    	6.0      	243   	5.4        	2.7        	2629      	5.1
260       	17:04:21  	745.9 	14.3  	54    	5.7      	246   	5.2        	2.3        	2639      	5.0
262       	17:04:23  	744.9 	14.2  	54    	5.3      	249   	5.0        	1.9        	2650      	5.0
264       	17:04:25  	744.0 	14.1  	54    	5.0      	253   	4.8        	1.5        	2661      	5.0
266       	17:04:27  	743.1 	14.0  	55    	4.9      	258   	4.8        	1.0        	2671      	5.1
268       	17:04:29  	742.2 	14.0  	55    	4.7      	263   	4.7        	0.6        	2681      	5.2
270       	17:04:31  	741.3 	14.0  	56    	4.6      	268   	4.6        	0.2        	2691      	5.3
272       	17:04:33  	740.6 	14.0  	56    	4.7      	269   	4.7        	0.1        	2699      	5.3
274       	17:04:35  	739.9 	13.9  	56    	4.9      	269   	4.9        	0.1        	2707      	5.3
276       	17:04:37  	739.2 	13.9  	56    	5.0      	269   	5.0        	0.1        	2716      	5.3
278       	17:04:39  	738.4 	13.8  	56    	5.3      	269   	5.3        	0.1        	2725      	5.2
280       	17:04:41  	737.6 	13.8  	56    	5.6      	268   	5.6        	0.2        	2734      	5.2
282       	17:04:43  	736.8 	13.7  	56    	5.8      	267   	5.8        	0.3        	2743      	5.0
284       	17:04:45  	736.1 	13.7  	55    	6.1      	266   	6.1        	0.4        	2751      	4.9
286       	17:04:47  	735.4 	13.6  	55    	6.2      	265   	6.2        	0.5        	2758      	4.8
288       	17:04:49  	734.8 	13.5  	55    	6.4      	265   	6.4        	0.6        	2766      	4.7
290       	17:04:51  	734.1 	13.5  	55    	6.6      	263   	6.6        	0.8        	2774      	4.6
292       	17:04:53  	733.4 	13.4  	55    	6.8      	262   	6.7        	0.9        	2781      	4.5
294       	17:04:55  	732.8 	13.4  	55    	7.0      	262   	6.9        	1.0        	2789      	4.4
296       	17:04:57  	732.1 	13.3  	54    	7.2      	260   	7.1        	1.2        	2797      	4.3
298       	17:04:59  	731.4 	13.3  	54    	7.3      	261   	7.2        	1.2        	2804      	4.2
300       	17:05:01  	730.7 	13.2  	54    	7.3      	261   	7.2        	1.2        	2813      	4.1
302       	17:05:03  	730.0 	13.2  	54    	7.3      	261   	7.2        	1.2        	2821      	4.0
304       	17:05:05  	729.3 	13.1  	54    	7.5      	259   	7.4        	1.4        	2829      	4.0
306       	17:05:07  	728.6 	13.1  	53    	7.7      	259   	7.6        	1.5        	2837      	3.8
308       	17:05:09  	727.9 	13.0  	52    	8.0      	258   	7.8        	1.6        	2845      	3.5
310       	17:05:11  	727.2 	13.0  	52    	8.2      	258   	8.0        	1.7        	2854      	3.3
312       	17:05:13  	726.5 	13.0  	51    	8.3      	257   	8.1        	1.8        	2861      	3.0
314       	17:05:15  	725.9 	13.1  	49    	8.5      	257   	8.3        	1.9        	2869      	2.7
316       	17:05:17  	725.2 	13.1  	48    	8.7      	257   	8.5        	2.0        	2876      	2.4
318       	17:05:19  	724.5 	13.0  	47    	9.2      	256   	8.9        	2.2        	2884      	2.0
320       	17:05:21  	723.9 	13.0  	46    	9.5      	255   	9.2        	2.4        	2892      	1.7
322       	17:05:23  	723.3 	13.0  	45    	9.9      	254   	9.5        	2.7        	2899      	1.4
324       	17:05:25  	722.6 	12.9  	45    	10.0     	254   	9.6        	2.8        	2906      	1.2
326       	17:05:27  	722.0 	12.8  	44    	10.2     	254   	9.8        	2.9        	2913      	1.0
328       	17:05:29  	721.4 	12.8  	44    	10.3     	253   	9.9        	3.0        	2920      	0.8
330       	17:05:31  	720.8 	12.7  	44    	10.5     	253   	10.0       	3.1        	2928      	0.7
332       	17:05:33  	720.2 	12.7  	43    	10.7     	253   	10.2       	3.2        	2935      	0.5
334       	17:05:35  	719.6 	12.6  	43    	10.8     	253   	10.3       	3.2        	2942      	0.3
336       	17:05:37  	719.0 	12.6  	42    	10.9     	252   	10.4       	3.3        	2949      	0.1
338       	17:05:39  	718.4 	12.5  	42    	11.0     	253   	10.5       	3.2        	2956      	-0.1
340       	17:05:41  	717.8 	12.5  	41    	10.9     	254   	10.5       	3.1        	2963      	-0.5
342       	17:05:43  	717.2 	12.4  	40    	10.9     	254   	10.5       	3.1        	2970      	-0.8
344       	17:05:45  	716.6 	12.4  	39    	10.9     	254   	10.5       	3.0        	2977      	-1.0
346       	17:05:47  	715.9 	12.4  	38    	10.9     	255   	10.5       	2.9        	2984      	-1.3
348       	17:05:49  	715.3 	12.3  	38    	10.8     	256   	10.5       	2.7        	2992      	-1.7
350       	17:05:51  	714.7 	12.3  	37    	10.8     	256   	10.5       	2.7        	2999      	-2.0
352       	17:05:53  	714.1 	12.2  	36    	10.8     	256   	10.5       	2.6        	3006      	-2.2
354       	17:05:55  	713.5 	12.2  	36    	10.8     	256   	10.5       	2.6        	3013      	-2.4
356       	17:05:57  	712.9 	12.1  	36    	10.8     	257   	10.5       	2.5        	3020      	-2.6
358       	17:05:59  	712.3 	12.1  	35    	10.8     	257   	10.5       	2.4        	3027      	-2.9
360       	17:06:01  	711.7 	12.0  	34    	10.7     	258   	10.5       	2.3        	3034      	-3.1
362       	17:06:03  	711.1 	11.9  	34    	10.7     	258   	10.5       	2.2        	3041      	-3.4
364       	17:06:05  	710.4 	11.9  	34    	10.7     	259   	10.5       	2.1        	3049      	-3.6
366       	17:06:07  	709.8 	11.8  	33    	10.7     	259   	10.5       	2.0        	3056      	-3.8
368       	17:06:09  	709.2 	11.8  	33    	10.9     	259   	10.7       	2.0        	3064      	-4.1
370       	17:06:11  	708.5 	11.7  	32    	11.1     	260   	10.9       	1.9        	3072      	-4.4
372       	17:06:13  	707.8 	11.6  	31    	11.2     	261   	11.1       	1.8        	3079      	-4.7
374       	17:06:15  	707.1 	11.6  	31    	11.4     	261   	11.3       	1.7        	3088      	-5.0
376       	17:06:17  	706.5 	11.6  	30    	11.5     	262   	11.4       	1.7        	3096      	-5.4
378       	17:06:19  	705.8 	11.6  	29    	11.7     	262   	11.6       	1.7        	3104      	-5.7
380       	17:06:21  	705.0 	11.6  	28    	11.9     	262   	11.8       	1.7        	3113      	-6.1
382       	17:06:23  	704.3 	11.5  	28    	12.3     	261   	12.2       	1.9        	3121      	-6.5
384       	17:06:25  	703.6 	11.5  	27    	12.7     	260   	12.5       	2.1        	3130      	-6.8
386       	17:06:27  	702.8 	11.4  	26    	13.1     	260   	12.9       	2.3        	3139      	-7.1
388       	17:06:29  	702.1 	11.4  	26    	13.3     	259   	13.1       	2.5        	3147      	-7.3
390       	17:06:31  	701.4 	11.4  	26    	13.6     	259   	13.3       	2.7        	3156      	-7.5
392       	17:06:33  	700.7 	11.4  	26    	13.8     	258   	13.5       	2.9        	3165      	-7.6
394       	17:06:35  	700.0 	11.3  	25    	14.1     	257   	13.7       	3.2        	3173      	-7.7
396       	17:06:37  	699.3 	11.3  	25    	14.4     	255   	13.9       	3.6        	3181      	-7.8
398       	17:06:39  	698.7 	11.2  	25    	14.8     	254   	14.2       	4.0        	3188      	-7.8
400       	17:06:41  	698.1 	11.2  	25    	15.0     	253   	14.4       	4.3        	3195      	-7.8
402       	17:06:43  	697.5 	11.2  	26    	15.1     	253   	14.4       	4.5        	3203      	-7.8
404       	17:06:45  	696.9 	11.2  	26    	15.2     	252   	14.5       	4.6        	3210      	-7.7
406       	17:06:47  	696.3 	11.2  	26    	15.3     	252   	14.5       	4.8        	3217      	-7.7
408       	17:06:49  	695.7 	11.1  	26    	15.4     	251   	14.6       	5.0        	3224      	-7.7
410       	17:06:51  	695.1 	11.1  	26    	15.5     	250   	14.6       	5.2        	3231      	-7.7
412       	17:06:53  	694.5 	11.0  	26    	15.6     	250   	14.6       	5.4        	3238      	-7.8
414       	17:06:55  	693.9 	10.9  	26    	15.6     	250   	14.6       	5.4        	3245      	-7.8
416       	17:06:57  	693.3 	10.8  	26    	15.6     	249   	14.6       	5.5        	3252      	-7.9
418       	17:06:59  	692.7 	10.7  	26    	15.6     	249   	14.6       	5.5        	3259      	-7.9
420       	17:07:01  	692.2 	10.7  	26    	15.7     	249   	14.7       	5.5        	3266      	-7.9
422       	17:07:03  	691.5 	10.6  	26    	15.8     	250   	14.8       	5.5        	3273      	-7.9
424       	17:07:05  	690.9 	10.6  	26    	15.8     	250   	14.8       	5.5        	3281      	-7.9
426       	17:07:07  	690.3 	10.6  	26    	16.0     	250   	15.0       	5.5        	3288      	-7.9
428       	17:07:09  	689.7 	10.5  	27    	16.1     	250   	15.1       	5.5        	3296      	-7.8
430       	17:07:11  	689.1 	10.5  	27    	16.2     	250   	15.2       	5.5        	3303      	-7.8
432       	17:07:13  	688.5 	10.4  	27    	16.2     	251   	15.3       	5.4        	3310      	-7.8
434       	17:07:15  	687.9 	10.3  	27    	16.4     	251   	15.5       	5.3        	3318      	-7.9
436       	17:07:17  	687.3 	10.2  	27    	16.5     	252   	15.7       	5.2        	3325      	-7.9
438       	17:07:19  	686.7 	10.1  	27    	16.7     	252   	15.9       	5.1        	3332      	-7.9
440       	17:07:21  	686.1 	10.1  	27    	16.6     	253   	15.9       	4.9        	3339      	-8.0
442       	17:07:23  	685.5 	10.0  	27    	16.7     	253   	16.0       	4.8        	3347      	-8.0
444       	17:07:25  	684.9 	9.9   	27    	16.8     	254   	16.1       	4.7        	3354      	-8.0
446       	17:07:27  	684.2 	9.8   	27    	16.9     	254   	16.3       	4.6        	3362      	-8.1
448       	17:07:29  	683.6 	9.8   	27    	17.1     	255   	16.5       	4.5        	3370      	-8.1
450       	17:07:31  	682.9 	9.7   	27    	17.3     	255   	16.7       	4.4        	3378      	-8.1
452       	17:07:33  	682.3 	9.6   	28    	17.4     	256   	16.9       	4.3        	3386      	-8.1
454       	17:07:35  	681.6 	9.6   	28    	17.6     	256   	17.1       	4.3        	3394      	-8.1
456       	17:07:37  	681.0 	9.6   	28    	17.8     	256   	17.3       	4.3        	3401      	-8.0
458       	17:07:39  	680.4 	9.5   	28    	18.0     	257   	17.5       	4.2        	3409      	-8.0
460       	17:07:41  	679.8 	9.5   	28    	18.2     	257   	17.7       	4.2        	3416      	-8.0
462       	17:07:43  	679.2 	9.4   	28    	18.5     	257   	18.0       	4.2        	3424      	-7.9
464       	17:07:45  	678.6 	9.4   	29    	18.8     	257   	18.3       	4.2        	3431      	-7.9
466       	17:07:47  	678.0 	9.3   	29    	18.9     	257   	18.4       	4.2        	3438      	-7.9
468       	17:07:49  	677.4 	9.2   	29    	19.0     	257   	18.5       	4.2        	3446      	-7.9
470       	17:07:51  	676.8 	9.2   	29    	19.1     	257   	18.6       	4.2        	3453      	-8.0
472       	17:07:53  	676.2 	9.1   	29    	19.2     	257   	18.7       	4.2        	3460      	-8.0
474       	17:07:55  	675.6 	9.0   	29    	19.3     	257   	18.8       	4.2        	3467      	-8.0
476       	17:07:57  	675.0 	8.9   	29    	19.4     	257   	18.9       	4.2        	3474      	-8.1
478       	17:07:59  	674.5 	8.9   	29    	19.5     	258   	19.0       	4.2        	3481      	-8.1
480       	17:08:01  	673.9 	8.8   	29    	19.4     	257   	18.9       	4.2        	3488      	-8.2
482       	17:08:03  	673.3 	8.8   	29    	19.4     	257   	18.9       	4.2        	3496      	-8.2
484       	17:08:05  	672.7 	8.7   	29    	19.4     	257   	18.9       	4.2        	3503      	-8.2
486       	17:08:07  	672.1 	8.6   	29    	19.4     	257   	18.9       	4.2        	3510      	-8.3
488       	17:08:09  	671.5 	8.5   	29    	19.3     	257   	18.8       	4.2        	3518      	-8.3
490       	17:08:11  	670.9 	8.5   	29    	19.3     	257   	18.8       	4.2        	3525      	-8.3
492       	17:08:13  	670.3 	8.4   	29    	19.3     	257   	18.8       	4.2        	3533      	-8.3
494       	17:08:15  	669.7 	8.3   	29    	19.2     	257   	18.7       	4.3        	3540      	-8.4
496       	17:08:17  	669.1 	8.3   	30    	19.2     	257   	18.7       	4.3        	3547      	-8.4
498       	17:08:19  	668.5 	8.2   	30    	19.2     	257   	18.7       	4.3        	3554      	-8.4
500       	17:08:21  	667.9 	8.1   	30    	19.2     	257   	18.7       	4.3        	3561      	-8.4
502       	17:08:23  	667.3 	8.1   	30    	19.3     	257   	18.8       	4.3        	3569      	-8.4
504       	17:08:25  	666.7 	8.0   	30    	19.3     	257   	18.8       	4.4        	3576      	-8.4
506       	17:08:27  	666.1 	7.9   	30    	19.3     	257   	18.8       	4.4        	3583      	-8.4
508       	17:08:29  	665.6 	7.9   	31    	19.4     	257   	18.9       	4.4        	3591      	-8.4
510       	17:08:31  	665.0 	7.8   	31    	19.4     	257   	18.9       	4.4        	3598      	-8.3
512       	17:08:33  	664.4 	7.7   	31    	19.5     	257   	19.0       	4.4        	3606      	-8.3
514       	17:08:35  	663.8 	7.7   	31    	19.6     	257   	19.1       	4.4        	3613      	-8.2
516       	17:08:37  	663.2 	7.6   	32    	19.6     	257   	19.1       	4.4        	3621      	-8.0
518       	17:08:39  	662.6 	7.5   	33    	19.6     	257   	19.1       	4.4        	3628      	-7.8
520       	17:08:41  	662.0 	7.4   	33    	19.6     	257   	19.1       	4.4        	3635      	-7.6
522       	17:08:43  	661.4 	7.4   	34    	19.7     	257   	19.2       	4.4        	3643      	-7.4
524       	17:08:45  	660.8 	7.3   	35    	19.6     	257   	19.1       	4.4        	3650      	-7.2
526       	17:08:47  	660.2 	7.2   	36    	19.6     	257   	19.1       	4.4        	3658      	-6.9
528       	17:08:49  	659.6 	7.1   	36    	19.5     	257   	19.0       	4.4        	3665      	-6.7
530       	17:08:51  	659.0 	7.1   	37    	19.5     	257   	19.0       	4.4        	3673      	-6.5
532       	17:08:53  	658.4 	7.0   	38    	19.5     	257   	19.0       	4.4        	3680      	-6.4
534       	17:08:55  	657.8 	6.9   	38    	19.4     	257   	18.9       	4.3        	3687      	-6.4
536       	17:08:57  	657.3 	6.8   	38    	19.4     	257   	18.9       	4.3        	3694      	-6.3
538       	17:08:59  	656.7 	6.8   	39    	19.3     	257   	18.8       	4.3        	3701      	-6.2
540       	17:09:01  	656.1 	6.7   	39    	19.3     	257   	18.8       	4.3        	3708      	-6.2
542       	17:09:03  	655.5 	6.6   	39    	19.3     	257   	18.8       	4.3        	3715      	-6.2
544       	17:09:05  	655.0 	6.5   	40    	19.3     	257   	18.8       	4.3        	3723      	-6.1
546       	17:09:07  	654.4 	6.5   	40    	19.3     	257   	18.8       	4.3        	3730      	-6.1
548       	17:09:09  	653.8 	6.4   	40    	19.3     	257   	18.8       	4.3        	3738      	-6.1
550       	17:09:11  	653.2 	6.3   	40    	19.2     	257   	18.7       	4.3        	3745      	-6.1
552       	17:09:13  	652.6 	6.3   	41    	19.2     	257   	18.7       	4.3        	3752      	-6.1
554       	17:09:15  	652.0 	6.2   	41    	19.2     	257   	18.7       	4.3        	3760      	-6.1
556       	17:09:17  	651.4 	6.1   	41    	19.2     	257   	18.7       	4.3        	3767      	-6.1
558       	17:09:19  	650.8 	6.1   	41    	19.1     	257   	18.6       	4.3        	3775      	-6.1
560       	17:09:21  	650.2 	6.0   	41    	19.1     	257   	18.6       	4.3        	3782      	-6.1
562       	17:09:23  	649.6 	5.9   	41    	19.1     	257   	18.6       	4.3        	3790      	-6.1
564       	17:09:25  	649.0 	5.8   	42    	19.0     	257   	18.5       	4.3        	3797      	-6.2
566       	17:09:27  	648.4 	5.8   	42    	19.0     	257   	18.5       	4.4        	3805      	-6.2
568       	17:09:29  	647.8 	5.7   	42    	19.0     	257   	18.5       	4.4        	3813      	-6.2
570       	17:09:31  	647.2 	5.6   	42    	18.9     	257   	18.4       	4.4        	3820      	-6.3
572       	17:09:33  	646.6 	5.5   	42    	18.9     	257   	18.4       	4.4        	3828      	-6.3
574       	17:09:35  	646.0 	5.4   	42    	18.9     	257   	18.4       	4.4        	3835      	-6.4
576       	17:09:37  	645.4 	5.4   	42    	18.9     	257   	18.4       	4.4        	3843      	-6.4
578       	17:09:39  	644.8 	5.3   	42    	18.9     	257   	18.4       	4.4        	3851      	-6.5
580       	17:09:41  	644.2 	5.3   	42    	18.9     	257   	18.4       	4.4        	3858      	-6.5
582       	17:09:43  	643.6 	5.2   	42    	18.9     	257   	18.4       	4.3        	3866      	-6.6
584       	17:09:45  	643.0 	5.1   	42    	18.9     	257   	18.4       	4.3        	3873      	-6.7
586       	17:09:47  	642.4 	5.0   	42    	18.9     	257   	18.4       	4.3        	3881      	-6.7
588       	17:09:49  	641.8 	5.0   	42    	18.9     	257   	18.4       	4.2        	3889      	-6.9
590       	17:09:51  	641.2 	4.9   	42    	18.8     	257   	18.3       	4.2        	3896      	-7.0
592       	17:09:53  	640.6 	4.8   	41    	18.7     	257   	18.2       	4.2        	3904      	-7.1
594       	17:09:55  	640.0 	4.8   	41    	18.7     	257   	18.2       	4.3        	3912      	-7.2
596       	17:09:57  	639.4 	4.7   	41    	18.6     	257   	18.1       	4.3        	3919      	-7.3
598       	17:09:59  	638.8 	4.7   	41    	18.6     	257   	18.1       	4.3        	3927      	-7.4
600       	17:10:01  	638.2 	4.6   	41    	18.5     	257   	18.0       	4.3        	3934      	-7.5
602       	17:10:03  	637.7 	4.5   	41    	18.4     	256   	17.9       	4.4        	3942      	-7.6
604       	17:10:05  	637.1 	4.4   	41    	18.4     	256   	17.9       	4.4        	3949      	-7.6
606       	17:10:07  	636.5 	4.4   	41    	18.3     	256   	17.8       	4.4        	3957      	-7.7
608       	17:10:09  	635.9 	4.3   	41    	18.3     	256   	17.8       	4.4        	3964      	-7.7
610       	17:10:11  	635.3 	4.2   	41    	18.3     	256   	17.8       	4.4        	3972      	-7.8
612       	17:10:13  	634.7 	4.1   	41    	18.3     	256   	17.8       	4.4        	3979      	-7.8
614       	17:10:15  	634.1 	4.0   	41    	18.2     	256   	17.7       	4.3        	3987      	-7.9
616       	17:10:17  	633.5 	3.9   	41    	18.2     	256   	17.7       	4.3        	3995      	-7.9
618       	17:10:19  	632.9 	3.8   	42    	18.2     	256   	17.7       	4.3        	4002      	-8.0
620       	17:10:21  	632.3 	3.8   	42    	18.1     	257   	17.6       	4.2        	4010      	-8.0
622       	17:10:23  	631.7 	3.7   	42    	18.1     	257   	17.6       	4.2        	4018      	-8.0
624       	17:10:25  	631.1 	3.7   	42    	18.1     	257   	17.6       	4.2        	4026      	-8.0
626       	17:10:27  	630.5 	3.6   	42    	18.0     	257   	17.5       	4.1        	4034      	-8.0
628       	17:10:29  	629.9 	3.5   	42    	17.9     	257   	17.4       	4.1        	4041      	-8.1
630       	17:10:31  	629.3 	3.5   	42    	17.9     	257   	17.4       	4.0        	4049      	-8.1
632       	17:10:33  	628.7 	3.4   	43    	17.8     	257   	17.3       	4.0        	4057      	-8.1
634       	17:10:35  	628.1 	3.3   	43    	17.8     	257   	17.3       	4.0        	4064      	-8.1
636       	17:10:37  	627.5 	3.3   	43    	17.7     	257   	17.3       	3.9        	4072      	-8.1
638       	17:10:39  	626.9 	3.2   	43    	17.6     	257   	17.2       	3.9        	4080      	-8.1
640       	17:10:41  	626.3 	3.1   	43    	17.6     	257   	17.2       	3.9        	4087      	-8.1
642       	17:10:43  	625.8 	3.0   	43    	17.5     	257   	17.1       	3.9        	4095      	-8.2
644       	17:10:45  	625.2 	3.0   	43    	17.4     	257   	17.0       	3.9        	4102      	-8.2
646       	17:10:47  	624.6 	2.9   	44    	17.5     	257   	17.0       	4.0        	4110      	-8.3
648       	17:10:49  	623.9 	2.8   	44    	17.4     	257   	16.9       	4.0        	4118      	-8.3
650       	17:10:51  	623.3 	2.7   	44    	17.4     	257   	16.9       	4.0        	4127      	-8.3
652       	17:10:53  	622.6 	2.7   	44    	17.3     	256   	16.8       	4.1        	4135      	-8.2
654       	17:10:55  	622.0 	2.6   	45    	17.3     	256   	16.8       	4.3        	4144      	-8.1
656       	17:10:57  	621.3 	2.5   	46    	17.3     	255   	16.7       	4.4        	4153      	-8.0
658       	17:10:59  	620.6 	2.4   	47    	17.2     	255   	16.6       	4.6        	4162      	-7.8
660       	17:11:01  	619.9 	2.3   	47    	17.2     	254   	16.5       	4.7        	4170      	-7.7
662       	17:11:03  	619.3 	2.3   	48    	17.2     	254   	16.5       	4.8        	4179      	-7.5
664       	17:11:05  	618.6 	2.2   	49    	17.1     	253   	16.4       	4.9        	4188      	-7.3
666       	17:11:07  	617.9 	2.1   	50    	17.2     	252   	16.4       	5.2        	4196      	-7.2
668       	17:11:09  	617.3 	2.0   	51    	17.4     	252   	16.5       	5.5        	4205      	-7.1
670       	17:11:11  	616.7 	1.9   	52    	17.5     	250   	16.5       	5.9        	4213      	-7.0
672       	17:11:13  	616.0 	1.8   	52    	17.6     	250   	16.5       	6.1        	4221      	-6.9
674       	17:11:15  	615.4 	1.7   	53    	17.8     	249   	16.6       	6.4        	4230      	-6.7
676       	17:11:17  	614.7 	1.7   	54    	17.9     	248   	16.6       	6.6        	4239      	-6.6
678       	17:11:19  	614.1 	1.6   	55    	18.0     	248   	16.7       	6.8        	4247      	-6.5
680       	17:11:21  	613.5 	1.5   	56    	18.3     	247   	16.9       	7.1        	4255      	-6.4
682       	17:11:23  	612.8 	1.4   	56    	18.5     	246   	17.0       	7.4        	4263      	-6.3
684       	17:11:25  	612.2 	1.3   	57    	18.8     	246   	17.1       	7.7        	4271      	-6.3
686       	17:11:27  	611.6 	1.2   	57    	18.9     	246   	17.2       	7.8        	4279      	-6.3
688       	17:11:29  	611.0 	1.2   	57    	18.9     	246   	17.2       	7.8        	4287      	-6.3
690       	17:11:31  	610.4 	1.1   	57    	19.0     	245   	17.3       	7.9        	4296      	-6.4
692       	17:11:33  	609.7 	1.0   	58    	19.1     	245   	17.3       	8.0        	4304      	-6.4
694       	17:11:35  	609.1 	0.9   	58    	19.2     	245   	17.4       	8.1        	4312      	-6.4
696       	17:11:37  	608.5 	0.9   	58    	19.3     	245   	17.5       	8.2        	4321      	-6.4
698       	17:11:39  	607.9 	0.8   	59    	19.4     	245   	17.5       	8.3        	4329      	-6.3
700       	17:11:41  	607.2 	0.7   	59    	19.4     	244   	17.5       	8.4        	4337      	-6.2
702       	17:11:43  	606.6 	0.7   	60    	19.4     	244   	17.5       	8.4        	4345      	-6.2
704       	17:11:45  	606.0 	0.6   	61    	19.5     	244   	17.6       	8.5        	4353      	-6.1
706       	17:11:47  	605.4 	0.5   	61    	19.7     	244   	17.7       	8.6        	4362      	-6.1
708       	17:11:49  	604.8 	0.4   	62    	19.7     	244   	17.7       	8.7        	4370      	-6.0
710       	17:11:51  	604.2 	0.4   	62    	19.9     	244   	17.8       	8.8        	4378      	-6.0
712       	17:11:53  	603.6 	0.3   	63    	19.9     	244   	17.8       	8.8        	4386      	-6.0
714       	17:11:55  	603.0 	0.2   	63    	20.0     	244   	17.9       	8.9        	4394      	-6.0
716       	17:11:57  	602.4 	0.1   	63    	20.0     	243   	17.9       	9.0        	4402      	-6.0
718       	17:11:59  	601.8 	0.0   	63    	20.1     	243   	18.0       	9.0        	4410      	-6.1
720       	17:12:01  	601.2 	-0.0  	64    	20.3     	243   	18.1       	9.1        	4418      	-6.1
722       	17:12:03  	600.6 	-0.1  	64    	20.4     	243   	18.2       	9.2        	4426      	-6.1
724       	17:12:05  	599.9 	-0.2  	64    	20.4     	243   	18.2       	9.2        	4434      	-6.1
726       	17:12:07  	599.3 	-0.3  	64    	20.5     	243   	18.3       	9.2        	4442      	-6.1
728       	17:12:09  	598.7 	-0.3  	65    	20.5     	243   	18.3       	9.2        	4450      	-6.2
730       	17:12:11  	598.1 	-0.4  	65    	20.6     	243   	18.4       	9.2        	4458      	-6.2
732       	17:12:13  	597.5 	-0.5  	65    	20.6     	243   	18.4       	9.3        	4466      	-6.2
734       	17:12:15  	596.9 	-0.6  	65    	20.7     	243   	18.5       	9.3        	4474      	-6.3
736       	17:12:17  	596.3 	-0.7  	65    	20.7     	243   	18.5       	9.3        	4483      	-6.4
738       	17:12:19  	595.7 	-0.8  	65    	20.8     	243   	18.6       	9.4        	4491      	-6.4
740       	17:12:21  	595.0 	-0.8  	65    	20.8     	243   	18.6       	9.4        	4500      	-6.5
742       	17:12:23  	594.4 	-0.9  	65    	20.8     	243   	18.6       	9.4        	4508      	-6.6
744       	17:12:25  	593.8 	-1.0  	65    	20.8     	243   	18.5       	9.5        	4516      	-6.6
746       	17:12:27  	593.2 	-1.0  	65    	20.8     	243   	18.5       	9.5        	4524      	-6.7
748       	17:12:29  	592.6 	-1.1  	65    	20.8     	242   	18.4       	9.6        	4532      	-6.7
750       	17:12:31  	592.0 	-1.2  	65    	20.8     	242   	18.4       	9.6        	4540      	-6.8
752       	17:12:33  	591.4 	-1.2  	65    	20.7     	242   	18.3       	9.7        	4548      	-6.9
754       	17:12:35  	590.8 	-1.3  	65    	20.7     	242   	18.3       	9.7        	4556      	-7.0
756       	17:12:37  	590.2 	-1.4  	65    	20.7     	242   	18.2       	9.8        	4565      	-7.1
758       	17:12:39  	589.6 	-1.5  	65    	20.6     	241   	18.1       	9.9        	4573      	-7.2
760       	17:12:41  	589.0 	-1.6  	65    	20.6     	241   	18.0       	10.0       	4581      	-7.3
762       	17:12:43  	588.4 	-1.6  	64    	20.6     	241   	18.0       	10.0       	4589      	-7.4
764       	17:12:45  	587.8 	-1.7  	64    	20.6     	241   	18.0       	10.1       	4597      	-7.5
766       	17:12:47  	587.2 	-1.7  	64    	20.6     	241   	18.0       	10.1       	4606      	-7.6
768       	17:12:49  	586.6 	-1.8  	65    	20.7     	240   	18.0       	10.2       	4614      	-7.6
770       	17:12:51  	586.0 	-1.9  	65    	20.7     	240   	18.0       	10.2       	4622      	-7.6
772       	17:12:53  	585.4 	-2.0  	65    	20.7     	240   	18.0       	10.3       	4630      	-7.7
774       	17:12:55  	584.8 	-2.1  	65    	20.7     	240   	18.0       	10.3       	4638      	-7.8
776       	17:12:57  	584.2 	-2.2  	65    	20.7     	240   	18.0       	10.3       	4646      	-7.8
778       	17:12:59  	583.6 	-2.3  	65    	20.9     	240   	18.1       	10.4       	4654      	-7.9
780       	17:13:01  	583.0 	-2.3  	66    	20.9     	240   	18.1       	10.4       	4662      	-7.9
782       	17:13:03  	582.4 	-2.4  	66    	20.9     	240   	18.1       	10.4       	4670      	-8.0
784       	17:13:05  	581.8 	-2.5  	66    	20.9     	240   	18.1       	10.4       	4679      	-8.0
786       	17:13:07  	581.2 	-2.6  	66    	20.8     	240   	18.0       	10.4       	4687      	-8.1
788       	17:13:09  	580.6 	-2.6  	66    	20.8     	240   	18.0       	10.5       	4695      	-8.1
790       	17:13:11  	580.0 	-2.7  	66    	20.8     	240   	17.9       	10.5       	4704      	-8.2
792       	17:13:13  	579.4 	-2.8  	66    	20.8     	240   	17.9       	10.5       	4712      	-8.2
794       	17:13:15  	578.8 	-2.9  	66    	20.6     	239   	17.7       	10.5       	4721      	-8.2
796       	17:13:17  	578.1 	-2.9  	66    	20.5     	239   	17.6       	10.5       	4729      	-8.3
798       	17:13:19  	577.5 	-3.0  	67    	20.3     	239   	17.4       	10.5       	4737      	-8.3
800       	17:13:21  	576.9 	-3.1  	67    	20.2     	238   	17.2       	10.6       	4746      	-8.4
802       	17:13:23  	576.3 	-3.2  	67    	20.1     	238   	17.1       	10.6       	4754      	-8.4
804       	17:13:25  	575.7 	-3.3  	68    	20.0     	238   	17.0       	10.6       	4762      	-8.4
806       	17:13:27  	575.1 	-3.4  	68    	19.9     	238   	16.9       	10.6       	4770      	-8.4
808       	17:13:29  	574.6 	-3.4  	69    	19.9     	238   	16.8       	10.6       	4778      	-8.3
810       	17:13:31  	574.0 	-3.5  	69    	19.8     	237   	16.7       	10.7       	4786      	-8.2
812       	17:13:33  	573.4 	-3.6  	70    	19.8     	237   	16.7       	10.7       	4794      	-8.2
814       	17:13:35  	572.9 	-3.6  	71    	19.8     	237   	16.6       	10.8       	4801      	-8.2
816       	17:13:37  	572.3 	-3.7  	71    	19.9     	237   	16.7       	10.9       	4809      	-8.1
818       	17:13:39  	571.7 	-3.8  	72    	20.0     	237   	16.8       	10.9       	4818      	-8.0
820       	17:13:41  	571.1 	-3.9  	73    	20.1     	237   	16.8       	11.0       	4826      	-8.0
822       	17:13:43  	570.5 	-4.0  	73    	20.4     	237   	17.0       	11.2       	4834      	-8.0
824       	17:13:45  	570.0 	-4.0  	74    	20.5     	237   	17.1       	11.3       	4842      	-8.0
826       	17:13:47  	569.4 	-4.1  	74    	20.7     	236   	17.2       	11.5       	4850      	-8.1
828       	17:13:49  	568.8 	-4.2  	74    	20.8     	236   	17.3       	11.5       	4857      	-8.1
830       	17:13:51  	568.3 	-4.3  	74    	20.9     	236   	17.4       	11.6       	4865      	-8.1
832       	17:13:53  	567.7 	-4.4  	75    	21.0     	236   	17.4       	11.7       	4873      	-8.2
834       	17:13:55  	567.1 	-4.4  	75    	21.2     	236   	17.6       	11.8       	4881      	-8.2
836       	17:13:57  	566.5 	-4.5  	75    	21.3     	236   	17.7       	11.9       	4889      	-8.3
838       	17:13:59  	566.0 	-4.6  	75    	21.5     	236   	17.8       	12.0       	4897      	-8.4
840       	17:14:01  	565.4 	-4.6  	75    	21.6     	236   	17.9       	12.0       	4905      	-8.4
842       	17:14:03  	564.8 	-4.7  	75    	21.7     	236   	18.0       	12.1       	4914      	-8.5
844       	17:14:05  	564.2 	-4.8  	75    	21.7     	236   	18.0       	12.1       	4922      	-8.5
846       	17:14:07  	563.6 	-4.9  	75    	21.8     	236   	18.1       	12.1       	4930      	-8.6
848       	17:14:09  	563.0 	-5.0  	75    	21.9     	236   	18.2       	12.1       	4939      	-8.7
850       	17:14:11  	562.4 	-5.1  	75    	22.0     	237   	18.4       	12.0       	4947      	-8.8
852       	17:14:13  	561.8 	-5.1  	76    	22.1     	237   	18.5       	12.0       	4956      	-8.8
854       	17:14:15  	561.2 	-5.2  	76    	22.1     	237   	18.6       	12.0       	4964      	-8.7
856       	17:14:17  	560.6 	-5.3  	77    	22.2     	238   	18.7       	11.9       	4973      	-8.7
858       	17:14:19  	560.0 	-5.3  	77    	22.2     	238   	18.8       	11.8       	4981      	-8.6
860       	17:14:21  	559.4 	-5.4  	78    	22.5     	238   	19.1       	11.8       	4989      	-8.5
862       	17:14:23  	558.8 	-5.5  	79    	22.6     	239   	19.3       	11.7       	4997      	-8.4
864       	17:14:25  	558.2 	-5.5  	81    	22.8     	239   	19.6       	11.7       	5005      	-8.3
866       	17:14:27  	557.7 	-5.6  	82    	22.9     	240   	19.8       	11.6       	5013      	-8.2
868       	17:14:29  	557.1 	-5.7  	82    	23.1     	240   	20.0       	11.6       	5021      	-8.2
870       	17:14:31  	556.5 	-5.8  	83    	23.2     	240   	20.1       	11.6       	5029      	-8.2
872       	17:14:33  	556.0 	-5.8  	83    	23.6     	240   	20.5       	11.6       	5037      	-8.2
874       	17:14:35  	555.4 	-5.9  	83    	23.9     	241   	20.9       	11.5       	5045      	-8.3
876       	17:14:37  	554.9 	-5.9  	83    	24.1     	242   	21.2       	11.5       	5053      	-8.4
878       	17:14:39  	554.3 	-6.0  	82    	24.5     	242   	21.6       	11.5       	5061      	-8.5
880       	17:14:41  	553.7 	-6.0  	81    	24.6     	242   	21.8       	11.5       	5069      	-8.6
882       	17:14:43  	553.1 	-6.0  	81    	24.8     	243   	22.0       	11.4       	5077      	-8.8
884       	17:14:45  	552.6 	-6.1  	80    	25.0     	243   	22.2       	11.4       	5086      	-9.0
886       	17:14:47  	552.0 	-6.1  	79    	25.3     	243   	22.6       	11.3       	5094      	-9.2
888       	17:14:49  	551.4 	-6.2  	78    	25.5     	244   	22.9       	11.2       	5102      	-9.4
890       	17:14:51  	550.8 	-6.3  	77    	25.7     	244   	23.2       	11.1       	5111      	-9.6
892       	17:14:53  	550.2 	-6.3  	76    	25.9     	245   	23.4       	11.0       	5119      	-9.8
894       	17:14:55  	549.6 	-6.4  	76    	25.9     	245   	23.5       	11.0       	5128      	-10.0
896       	17:14:57  	549.0 	-6.5  	75    	26.1     	245   	23.7       	10.9       	5136      	-10.1
898       	17:14:59  	548.4 	-6.5  	75    	26.2     	246   	23.9       	10.8       	5145      	-10.3
900       	17:15:01  	547.8 	-6.6  	74    	26.3     	246   	24.1       	10.6       	5153      	-10.4
902       	17:15:03  	547.2 	-6.7  	74    	26.5     	247   	24.4       	10.4       	5162      	-10.5
904       	17:15:05  	546.5 	-6.8  	74    	26.7     	247   	24.6       	10.3       	5171      	-10.6
906       	17:15:07  	545.9 	-6.8  	74    	26.7     	248   	24.7       	10.2       	5180      	-10.7
908       	17:15:09  	545.3 	-6.9  	74    	26.8     	248   	24.8       	10.1       	5189      	-10.8
910       	17:15:11  	544.7 	-7.0  	74    	26.8     	248   	24.9       	9.9        	5198      	-10.9
912       	17:15:13  	544.1 	-7.0  	73    	27.0     	249   	25.2       	9.8        	5206      	-10.9
914       	17:15:15  	543.6 	-7.1  	73    	27.2     	249   	25.4       	9.6        	5213      	-11.1
916       	17:15:17  	543.1 	-7.1  	71    	27.3     	250   	25.6       	9.5        	5221      	-11.4
918       	17:15:19  	542.5 	-7.2  	69    	27.5     	250   	25.8       	9.4        	5228      	-11.8
920       	17:15:21  	542.0 	-7.2  	67    	27.6     	250   	25.9       	9.4        	5236      	-12.2
922       	17:15:23  	541.5 	-7.3  	65    	27.6     	250   	26.0       	9.3        	5244      	-12.7
924       	17:15:25  	540.9 	-7.3  	62    	27.8     	250   	26.2       	9.3        	5252      	-13.2
926       	17:15:27  	540.4 	-7.3  	60    	28.0     	251   	26.4       	9.3        	5260      	-13.7
928       	17:15:29  	539.8 	-7.4  	58    	28.2     	251   	26.6       	9.3        	5268      	-14.1
930       	17:15:31  	539.2 	-7.4  	57    	28.4     	251   	26.8       	9.3        	5276      	-14.4
932       	17:15:33  	538.7 	-7.5  	57    	28.4     	251   	26.8       	9.3        	5284      	-14.5
934       	17:15:35  	538.1 	-7.6  	57    	28.5     	251   	26.9       	9.3        	5293      	-14.6
936       	17:15:37  	537.5 	-7.7  	57    	28.5     	251   	26.9       	9.3        	5301      	-14.7
938       	17:15:39  	537.0 	-7.7  	57    	28.5     	251   	26.9       	9.3        	5309      	-14.7
940       	17:15:41  	536.4 	-7.8  	57    	28.5     	251   	26.9       	9.4        	5317      	-14.8
942       	17:15:43  	535.9 	-7.8  	57    	28.5     	251   	26.9       	9.4        	5325      	-14.9
944       	17:15:45  	535.3 	-7.9  	56    	28.5     	251   	26.9       	9.4        	5332      	-15.0
946       	17:15:47  	534.8 	-8.0  	56    	28.4     	251   	26.8       	9.4        	5340      	-15.1
948       	17:15:49  	534.3 	-8.0  	56    	28.3     	250   	26.7       	9.5        	5348      	-15.2
950       	17:15:51  	533.8 	-8.1  	56    	28.3     	250   	26.7       	9.5        	5355      	-15.3
952       	17:15:53  	533.2 	-8.2  	56    	28.2     	250   	26.6       	9.5        	5363      	-15.4
954       	17:15:55  	532.7 	-8.2  	55    	28.2     	250   	26.6       	9.5        	5370      	-15.5
956       	17:15:57  	532.2 	-8.3  	55    	28.2     	250   	26.6       	9.5        	5378      	-15.6
958       	17:15:59  	531.7 	-8.4  	56    	28.2     	250   	26.6       	9.5        	5385      	-15.6
960       	17:16:01  	531.2 	-8.4  	56    	28.2     	250   	26.6       	9.5        	5392      	-15.6
962       	17:16:03  	530.7 	-8.5  	56    	28.3     	251   	26.7       	9.4        	5399      	-15.6
964       	17:16:05  	530.2 	-8.6  	56    	28.3     	251   	26.7       	9.4        	5407      	-15.7
966       	17:16:07  	529.7 	-8.7  	57    	28.4     	251   	26.8       	9.4        	5415      	-15.7
968       	17:16:09  	529.2 	-8.7  	57    	28.4     	251   	26.8       	9.3        	5422      	-15.7
970       	17:16:11  	528.6 	-8.8  	57    	28.5     	251   	26.9       	9.3        	5430      	-15.7
972       	17:16:13  	528.1 	-8.9  	57    	28.5     	251   	26.9       	9.3        	5438      	-15.7
974       	17:16:15  	527.6 	-8.9  	57    	28.4     	251   	26.9       	9.2        	5446      	-15.8
976       	17:16:17  	527.1 	-9.0  	58    	28.4     	251   	26.9       	9.2        	5453      	-15.8
978       	17:16:19  	526.5 	-9.1  	58    	28.5     	251   	27.0       	9.1        	5461      	-15.8
980       	17:16:21  	526.0 	-9.2  	58    	28.5     	252   	27.0       	9.0        	5469      	-15.8
982       	17:16:23  	525.5 	-9.3  	59    	28.5     	252   	27.0       	9.0        	5477      	-15.8
984       	17:16:25  	524.9 	-9.3  	59    	28.5     	252   	27.1       	8.9        	5485      	-15.8
986       	17:16:27  	524.4 	-9.4  	60    	28.5     	252   	27.1       	8.9        	5492      	-15.7
988       	17:16:29  	523.9 	-9.5  	61    	28.5     	252   	27.1       	8.8        	5500      	-15.6
990       	17:16:31  	523.3 	-9.6  	62    	28.6     	252   	27.2       	8.7        	5508      	-15.4
992       	17:16:33  	522.8 	-9.7  	63    	28.6     	253   	27.3       	8.6        	5517      	-15.3
994       	17:16:35  	522.2 	-9.8  	64    	28.7     	253   	27.4       	8.4        	5525      	-15.2
996       	17:16:37  	521.6 	-9.8  	66    	28.7     	253   	27.5       	8.3        	5533      	-15.0
998       	17:16:39  	521.1 	-9.9  	67    	28.7     	253   	27.5       	8.2        	5541      	-14.8
1000      	17:16:41  	520.6 	-10.0 	68    	28.8     	254   	27.6       	8.1        	5549      	-14.7
1002      	17:16:43  	520.0 	-10.0 	68    	28.8     	254   	27.7       	8.0        	5557      	-14.2
1004      	17:16:45  	519.5 	-10.1 	69    	28.8     	254   	27.7       	7.8        	5566      	-14.3
1006      	17:16:47  	518.9 	-10.2 	69    	28.8     	255   	27.8       	7.6        	5574      	-14.3
1008      	17:16:49  	518.4 	-10.3 	69    	28.8     	255   	27.8       	7.5        	5582      	-14.3
1010      	17:16:51  	517.8 	-10.3 	69    	28.8     	255   	27.8       	7.4        	5590      	-14.4
1012      	17:16:53  	517.3 	-10.4 	70    	28.8     	255   	27.8       	7.4        	5598      	-14.4
1014      	17:16:55  	516.8 	-10.5 	70    	28.7     	255   	27.8       	7.3        	5606      	-14.4
1016      	17:16:57  	516.2 	-10.6 	71    	28.7     	256   	27.8       	7.1        	5614      	-14.4
1018      	17:16:59  	515.7 	-10.6 	71    	28.6     	256   	27.8       	6.9        	5621      	-14.4
1020      	17:17:01  	515.2 	-10.7 	72    	28.7     	256   	27.9       	6.8        	5629      	-14.3
1022      	17:17:03  	514.7 	-10.8 	73    	28.7     	256   	27.9       	6.7        	5637      	-14.3
1024      	17:17:05  	514.2 	-10.9 	73    	28.7     	257   	27.9       	6.6        	5644      	-14.3
1026      	17:17:07  	513.7 	-10.9 	73    	28.7     	257   	28.0       	6.5        	5652      	-14.3
1028      	17:17:09  	513.1 	-11.0 	74    	28.7     	257   	28.0       	6.4        	5660      	-14.3
1030      	17:17:11  	512.6 	-11.1 	74    	28.7     	258   	28.0       	6.2        	5668      	-14.4
1032      	17:17:13  	512.1 	-11.1 	75    	28.7     	258   	28.0       	6.1        	5676      	-14.4
1034      	17:17:15  	511.6 	-11.2 	75    	28.6     	258   	28.0       	5.9        	5684      	-14.4
1036      	17:17:17  	511.1 	-11.3 	75    	28.6     	258   	28.0       	5.8        	5691      	-14.4
1038      	17:17:19  	510.6 	-11.4 	76    	28.6     	258   	28.0       	5.8        	5699      	-14.4
1040      	17:17:21  	510.0 	-11.5 	76    	28.5     	258   	27.9       	5.7        	5706      	-14.4
1042      	17:17:23  	509.5 	-11.5 	77    	28.5     	259   	27.9       	5.6        	5714      	-14.5
1044      	17:17:25  	509.0 	-11.6 	77    	28.5     	259   	27.9       	5.6        	5722      	-14.5
1046      	17:17:27  	508.5 	-11.7 	77    	28.4     	259   	27.9       	5.5        	5730      	-14.6
1048      	17:17:29  	507.9 	-11.7 	77    	28.4     	259   	27.9       	5.5        	5738      	-14.6
1050      	17:17:31  	507.4 	-11.8 	77    	28.4     	259   	27.9       	5.5        	5746      	-14.7
1052      	17:17:33  	506.9 	-11.9 	76    	28.4     	259   	27.9       	5.5        	5754      	-14.8
1054      	17:17:35  	506.3 	-12.0 	76    	28.3     	259   	27.8       	5.4        	5762      	-14.9
1056      	17:17:37  	505.8 	-12.0 	76    	28.2     	259   	27.7       	5.4        	5770      	-15.1
1058      	17:17:39  	505.3 	-12.1 	76    	28.1     	259   	27.6       	5.3        	5778      	-15.2
1060      	17:17:41  	504.8 	-12.2 	75    	28.0     	259   	27.5       	5.2        	5785      	-15.3
1062      	17:17:43  	504.3 	-12.2 	75    	27.9     	259   	27.4       	5.2        	5793      	-15.4
1064      	17:17:45  	503.8 	-12.3 	75    	27.8     	259   	27.3       	5.1        	5801      	-15.5
1066      	17:17:47  	503.3 	-12.3 	74    	27.7     	260   	27.2       	5.0        	5808      	-15.5
1068      	17:17:49  	502.8 	-12.4 	74    	27.5     	260   	27.0       	5.0        	5816      	-15.6
1070      	17:17:51  	502.3 	-12.4 	74    	27.3     	260   	26.9       	4.9        	5824      	-15.7
1072      	17:17:53  	501.8 	-12.5 	74    	27.2     	260   	26.8       	4.8        	5832      	-15.8
1074      	17:17:55  	501.2 	-12.6 	74    	27.2     	260   	26.8       	4.8        	5840      	-15.9
1076      	17:17:57  	500.7 	-12.6 	74    	27.2     	260   	26.8       	4.8        	5847      	-15.9
1078      	17:17:59  	500.2 	-12.7 	74    	27.2     	260   	26.8       	4.8        	5855      	-16.0
1080      	17:18:01  	499.7 	-12.8 	74    	27.2     	260   	26.8       	4.8        	5863      	-16.1
1082      	17:18:03  	499.2 	-12.8 	74    	27.2     	260   	26.8       	4.7        	5871      	-16.1
1084      	17:18:05  	498.6 	-12.9 	74    	27.2     	260   	26.8       	4.7        	5879      	-16.2
1086      	17:18:07  	498.1 	-13.0 	74    	27.2     	260   	26.8       	4.7        	5887      	-16.2
1088      	17:18:09  	497.6 	-13.1 	75    	27.2     	260   	26.8       	4.6        	5895      	-16.2
1090      	17:18:11  	497.0 	-13.1 	76    	27.3     	260   	26.9       	4.6        	5903      	-16.2
1092      	17:18:13  	496.5 	-13.2 	76    	27.4     	260   	27.0       	4.6        	5912      	-16.2
1094      	17:18:15  	496.0 	-13.3 	77    	27.5     	261   	27.1       	4.5        	5920      	-16.1
1096      	17:18:17  	495.4 	-13.4 	77    	27.6     	261   	27.2       	4.5        	5929      	-16.1
1098      	17:18:19  	494.9 	-13.4 	78    	27.7     	261   	27.3       	4.4        	5937      	-16.1
1100      	17:18:21  	494.4 	-13.5 	78    	27.8     	261   	27.4       	4.4        	5945      	-16.2
1102      	17:18:23  	493.9 	-13.6 	78    	27.8     	261   	27.5       	4.4        	5952      	-16.2
1104      	17:18:25  	493.3 	-13.6 	78    	27.8     	261   	27.5       	4.4        	5960      	-16.3
1106      	17:18:27  	492.8 	-13.7 	78    	27.9     	261   	27.6       	4.3        	5969      	-16.4
1108      	17:18:29  	492.3 	-13.8 	78    	28.0     	261   	27.7       	4.3        	5977      	-16.5
1110      	17:18:31  	491.7 	-13.8 	78    	28.1     	261   	27.8       	4.3        	5985      	-16.5
1112      	17:18:33  	491.2 	-13.9 	78    	28.2     	261   	27.9       	4.3        	5994      	-16.6
1114      	17:18:35  	490.6 	-14.0 	78    	28.2     	261   	27.9       	4.3        	6002      	-16.7
1116      	17:18:37  	490.1 	-14.0 	77    	28.2     	261   	27.9       	4.3        	6011      	-16.8
1118      	17:18:39  	489.6 	-14.1 	77    	28.3     	261   	28.0       	4.4        	6019      	-16.9
1120      	17:18:41  	489.0 	-14.2 	77    	28.4     	261   	28.1       	4.4        	6027      	-16.9
1122      	17:18:43  	488.5 	-14.2 	77    	28.5     	261   	28.1       	4.5        	6036      	-17.0
1124      	17:18:45  	487.9 	-14.3 	77    	28.6     	261   	28.2       	4.5        	6044      	-17.1
1126      	17:18:47  	487.4 	-14.4 	77    	28.7     	261   	28.3       	4.6        	6053      	-17.2
1128      	17:18:49  	486.8 	-14.4 	76    	28.8     	261   	28.4       	4.7        	6061      	-17.3
1130      	17:18:51  	486.3 	-14.5 	76    	28.9     	261   	28.5       	4.7        	6070      	-17.4
1132      	17:18:53  	485.7 	-14.5 	76    	28.9     	261   	28.5       	4.7        	6079      	-17.5
1134      	17:18:55  	485.2 	-14.6 	76    	29.0     	261   	28.6       	4.7        	6088      	-17.6
1136      	17:18:57  	484.6 	-14.7 	76    	29.0     	261   	28.6       	4.7        	6096      	-17.7
1138      	17:18:59  	484.1 	-14.7 	75    	29.0     	261   	28.6       	4.6        	6105      	-17.8
1140      	17:19:01  	483.5 	-14.8 	75    	29.0     	261   	28.6       	4.6        	6113      	-17.8
1142      	17:19:03  	482.9 	-14.9 	75    	28.9     	261   	28.5       	4.5        	6122      	-17.9
1144      	17:19:05  	482.4 	-15.0 	75    	28.9     	261   	28.5       	4.5        	6131      	-18.0
1146      	17:19:07  	481.8 	-15.0 	75    	28.8     	261   	28.5       	4.4        	6140      	-18.1
1148      	17:19:09  	481.2 	-15.1 	75    	28.8     	261   	28.5       	4.4        	6149      	-18.1
1150      	17:19:11  	480.7 	-15.2 	75    	28.8     	261   	28.5       	4.4        	6158      	-18.2
1152      	17:19:13  	480.1 	-15.2 	75    	28.9     	261   	28.6       	4.4        	6166      	-18.3
1154      	17:19:15  	479.6 	-15.3 	75    	28.9     	261   	28.6       	4.4        	6175      	-18.4
1156      	17:19:17  	479.0 	-15.4 	75    	29.0     	261   	28.6       	4.5        	6184      	-18.5
1158      	17:19:19  	478.5 	-15.5 	75    	29.1     	261   	28.7       	4.5        	6193      	-18.6
1160      	17:19:21  	477.9 	-15.5 	74    	29.1     	261   	28.7       	4.6        	6201      	-18.7
1162      	17:19:23  	477.4 	-15.6 	74    	29.1     	261   	28.7       	4.6        	6209      	-18.8
1164      	17:19:25  	476.9 	-15.6 	73    	29.1     	261   	28.7       	4.7        	6217      	-18.9
1166      	17:19:27  	476.4 	-15.7 	73    	29.1     	261   	28.7       	4.7        	6224      	-19.0
1168      	17:19:29  	476.0 	-15.8 	73    	29.1     	261   	28.7       	4.8        	6232      	-19.1
1170      	17:19:31  	475.5 	-15.9 	73    	29.1     	260   	28.7       	4.9        	6240      	-19.2
1172      	17:19:33  	475.0 	-15.9 	73    	29.0     	260   	28.6       	5.0        	6248      	-19.2
1174      	17:19:35  	474.5 	-16.0 	73    	29.1     	260   	28.6       	5.1        	6256      	-19.3
1176      	17:19:37  	474.0 	-16.0 	73    	29.1     	260   	28.6       	5.2        	6264      	-19.3
1178      	17:19:39  	473.5 	-16.1 	74    	29.1     	260   	28.6       	5.3        	6271      	-19.4
1180      	17:19:41  	473.0 	-16.2 	74    	29.1     	259   	28.6       	5.4        	6279      	-19.4
1182      	17:19:43  	472.5 	-16.3 	74    	29.1     	259   	28.6       	5.5        	6287      	-19.4
1184      	17:19:45  	472.0 	-16.3 	74    	29.1     	259   	28.6       	5.6        	6296      	-19.5
1186      	17:19:47  	471.4 	-16.4 	74    	29.2     	259   	28.6       	5.8        	6304      	-19.5
1188      	17:19:49  	470.9 	-16.5 	75    	29.2     	258   	28.6       	5.9        	6313      	-19.5
1190      	17:19:51  	470.4 	-16.5 	75    	29.2     	258   	28.6       	6.0        	6322      	-19.6
1192      	17:19:53  	469.8 	-16.6 	75    	29.2     	258   	28.6       	6.1        	6330      	-19.7
1194      	17:19:55  	469.3 	-16.7 	75    	29.3     	258   	28.6       	6.2        	6338      	-19.7
1196      	17:19:57  	468.8 	-16.8 	75    	29.4     	258   	28.7       	6.2        	6347      	-19.7
1198      	17:19:59  	468.2 	-16.8 	76    	29.4     	258   	28.7       	6.3        	6355      	-19.8
1200      	17:20:01  	467.7 	-16.9 	76    	29.5     	258   	28.8       	6.3        	6364      	-19.8
1202      	17:20:03  	467.2 	-17.0 	76    	29.5     	258   	28.8       	6.3        	6372      	-19.9
1204      	17:20:05  	466.6 	-17.1 	76    	29.6     	258   	28.9       	6.3        	6381      	-20.0
1206      	17:20:07  	466.1 	-17.1 	76    	29.6     	258   	28.9       	6.3        	6389      	-20.0
1208      	17:20:09  	465.6 	-17.2 	76    	29.6     	258   	28.9       	6.3        	6398      	-20.1
1210      	17:20:11  	465.1 	-17.3 	76    	29.6     	258   	28.9       	6.3        	6406      	-20.1
1212      	17:20:13  	464.6 	-17.4 	76    	29.6     	258   	28.9       	6.3        	6414      	-20.2
1214      	17:20:15  	464.1 	-17.4 	76    	29.6     	258   	28.9       	6.3        	6422      	-20.3
1216      	17:20:17  	463.6 	-17.5 	77    	29.6     	258   	28.9       	6.3        	6430      	-20.3
1218      	17:20:19  	463.1 	-17.6 	77    	29.5     	258   	28.8       	6.3        	6438      	-20.3
1220      	17:20:21  	462.6 	-17.6 	77    	29.5     	257   	28.8       	6.4        	6446      	-20.3
1222      	17:20:23  	462.1 	-17.7 	77    	29.3     	257   	28.6       	6.5        	6454      	-20.3
1224      	17:20:25  	461.6 	-17.7 	78    	29.3     	257   	28.5       	6.6        	6462      	-20.4
1226      	17:20:27  	461.2 	-17.8 	78    	29.2     	257   	28.4       	6.7        	6470      	-20.4
1228      	17:20:29  	460.7 	-17.8 	78    	29.1     	256   	28.3       	6.8        	6477      	-20.4
1230      	17:20:31  	460.2 	-17.9 	78    	29.0     	256   	28.2       	6.9        	6485      	-20.4
1232      	17:20:33  	459.7 	-18.0 	79    	29.0     	256   	28.1       	7.0        	6492      	-20.5
1234      	17:20:35  	459.3 	-18.0 	79    	28.8     	256   	27.9       	7.1        	6500      	-20.5
1236      	17:20:37  	458.8 	-18.1 	79    	28.7     	255   	27.8       	7.2        	6508      	-20.6
1238      	17:20:39  	458.3 	-18.1 	79    	28.6     	255   	27.6       	7.4        	6517      	-20.6
1240      	17:20:41  	457.8 	-18.2 	79    	28.5     	255   	27.5       	7.5        	6525      	-20.7
1242      	17:20:43  	457.2 	-18.3 	79    	28.4     	255   	27.4       	7.5        	6533      	-20.8
1244      	17:20:45  	456.8 	-18.3 	79    	28.4     	254   	27.4       	7.6        	6541      	-20.8
1246      	17:20:47  	456.3 	-18.4 	79    	28.3     	254   	27.3       	7.6        	6549      	-20.9
1248      	17:20:49  	455.8 	-18.5 	79    	28.5     	254   	27.4       	7.7        	6557      	-20.9
1250      	17:20:51  	455.3 	-18.6 	79    	28.5     	254   	27.4       	7.8        	6565      	-21.0
1252      	17:20:53  	454.8 	-18.6 	79    	28.5     	254   	27.4       	7.9        	6573      	-21.1
1254      	17:20:55  	454.3 	-18.7 	79    	28.6     	254   	27.5       	7.9        	6581      	-21.1
1256      	17:20:57  	453.9 	-18.8 	79    	28.7     	254   	27.6       	8.0        	6588      	-21.2
1258      	17:20:59  	453.4 	-18.8 	79    	28.8     	254   	27.7       	8.0        	6596      	-21.3
1260      	17:21:01  	452.9 	-18.9 	78    	29.1     	254   	27.9       	8.1        	6604      	-21.5
1262      	17:21:03  	452.4 	-18.9 	77    	29.2     	254   	28.0       	8.2        	6612      	-21.7
1264      	17:21:05  	451.9 	-19.0 	75    	29.4     	254   	28.2       	8.3        	6621      	-21.9
1266      	17:21:07  	451.4 	-19.0 	74    	29.5     	253   	28.3       	8.4        	6630      	-22.2
1268      	17:21:09  	450.8 	-19.0 	72    	29.6     	254   	28.4       	8.4        	6639      	-22.4
1270      	17:21:11  	450.3 	-19.0 	70    	29.6     	253   	28.4       	8.5        	6648      	-22.7
1272      	17:21:13  	449.7 	-18.9 	69    	29.9     	253   	28.6       	8.7        	6657      	-22.8
1274      	17:21:15  	449.1 	-18.9 	62    	30.3     	253   	28.9       	9.1        	6666      	-23.8
1276      	17:21:17  	448.6 	-18.9 	57    	30.8     	252   	29.3       	9.6        	6675      	-24.6
1278      	17:21:19  	448.0 	-18.9 	56    	31.2     	251   	29.6       	10.0       	6685      	-24.9
1280      	17:21:21  	447.4 	-18.9 	54    	31.6     	251   	29.8       	10.4       	6694      	-25.2
1282      	17:21:23  	446.8 	-18.9 	48    	32.0     	250   	30.1       	10.8       	6705      	-26.4
1284      	17:21:25  	446.2 	-18.9 	43    	32.3     	250   	30.3       	11.2       	6716      	-27.4
1286      	17:21:27  	445.5 	-18.9 	42    	33.0     	249   	30.8       	11.8       	6727      	-27.8
1288      	17:21:29  	444.9 	-18.9 	40    	33.6     	248   	31.2       	12.5       	6737      	-28.2
1290      	17:21:31  	444.3 	-19.0 	39    	34.3     	247   	31.7       	13.2       	6747      	-28.6
1292      	17:21:33  	443.7 	-19.0 	37    	34.8     	247   	32.0       	13.6       	6758      	-28.9
1294      	17:21:35  	443.1 	-19.1 	36    	35.1     	247   	32.2       	13.9       	6767      	-29.3
1296      	17:21:37  	442.5 	-19.1 	35    	35.4     	246   	32.4       	14.2       	6777      	-29.6
1298      	17:21:39  	442.0 	-19.1 	34    	35.7     	246   	32.6       	14.5       	6786      	-29.9
1300      	17:21:41  	441.5 	-19.1 	33    	35.9     	246   	32.7       	14.7       	6794      	-30.2
1302      	17:21:43  	441.0 	-19.2 	32    	36.1     	246   	32.9       	14.9       	6802      	-30.5
1304      	17:21:45  	440.6 	-19.2 	32    	36.3     	245   	33.0       	15.1       	6809      	-30.8
1306      	17:21:47  	440.2 	-19.2 	31    	36.2     	246   	33.0       	15.0       	6816      	-31.0
1308      	17:21:49  	439.7 	-19.3 	30    	36.1     	246   	32.9       	14.9       	6824      	-31.3
1310      	17:21:51  	439.3 	-19.3 	29    	36.0     	246   	32.8       	14.8       	6831      	-31.5
1312      	17:21:53  	438.8 	-19.3 	29    	35.8     	246   	32.7       	14.6       	6839      	-31.8
1314      	17:21:55  	438.4 	-19.4 	28    	35.6     	246   	32.6       	14.3       	6847      	-32.1
1316      	17:21:57  	437.9 	-19.4 	27    	35.4     	247   	32.5       	14.1       	6855      	-32.5
1318      	17:21:59  	437.5 	-19.4 	26    	35.2     	247   	32.4       	13.8       	6863      	-32.8
1320      	17:22:01  	437.0 	-19.4 	25    	35.1     	247   	32.4       	13.6       	6870      	-33.2
1322      	17:22:03  	436.6 	-19.4 	24    	35.1     	248   	32.4       	13.4       	6877      	-33.6
1324      	17:22:05  	436.2 	-19.4 	23    	35.0     	248   	32.4       	13.2       	6883      	-34.0
1326      	17:22:07  	435.8 	-19.4 	22    	34.9     	248   	32.4       	12.9       	6890      	-34.3
1328      	17:22:09  	435.4 	-19.4 	21    	34.9     	249   	32.5       	12.6       	6897      	-34.6
1330      	17:22:11  	435.0 	-19.4 	21    	34.7     	249   	32.5       	12.3       	6905      	-34.8
1332      	17:22:13  	434.6 	-19.5 	21    	34.8     	250   	32.6       	12.1       	6912      	-35.0
1334      	17:22:15  	434.1 	-19.5 	20    	34.8     	250   	32.7       	11.9       	6919      	-35.3
1336      	17:22:17  	433.7 	-19.6 	20    	34.9     	250   	32.8       	11.8       	6926      	-35.4
1338      	17:22:19  	433.3 	-19.6 	20    	35.0     	250   	33.0       	11.7       	6933      	-35.5
1340      	17:22:21  	432.9 	-19.6 	19    	35.3     	251   	33.3       	11.6       	6941      	-35.7
1342      	17:22:23  	432.5 	-19.6 	19    	35.4     	251   	33.5       	11.4       	6948      	-35.8
1344      	17:22:25  	432.0 	-19.7 	19    	35.7     	251   	33.8       	11.4       	6955      	-36.0
1346      	17:22:27  	431.6 	-19.7 	18    	35.8     	251   	33.9       	11.4       	6962      	-36.2
1348      	17:22:29  	431.2 	-19.7 	18    	35.9     	252   	34.1       	11.3       	6969      	-36.3
1350      	17:22:31  	430.8 	-19.8 	18    	36.2     	252   	34.4       	11.3       	6976      	-36.5
1352      	17:22:33  	430.4 	-19.8 	18    	36.5     	252   	34.7       	11.2       	6982      	-36.7
1354      	17:22:35  	430.0 	-19.8 	17    	36.7     	253   	35.0       	11.0       	6989      	-36.9
1356      	17:22:37  	429.6 	-19.9 	17    	36.9     	253   	35.3       	10.9       	6997      	-37.0
1358      	17:22:39  	429.1 	-19.9 	17    	37.0     	253   	35.4       	10.8       	7005      	-37.2
1360      	17:22:41  	428.7 	-19.9 	17    	37.0     	253   	35.5       	10.6       	7013      	-37.3
1362      	17:22:43  	428.3 	-20.0 	17    	37.1     	254   	35.6       	10.5       	7020      	-37.4
1364      	17:22:45  	427.8 	-20.0 	16    	37.3     	254   	35.8       	10.4       	7028      	-37.5
1366      	17:22:47  	427.4 	-20.1 	16    	37.5     	254   	36.1       	10.2       	7035      	-37.6
1368      	17:22:49  	427.0 	-20.1 	16    	37.7     	254   	36.3       	10.1       	7042      	-37.6
1370      	17:22:51  	426.6 	-20.2 	16    	37.8     	255   	36.5       	10.0       	7049      	-37.6
1372      	17:22:53  	426.2 	-20.2 	16    	37.9     	255   	36.6       	10.0       	7056      	-37.7
1374      	17:22:55  	425.8 	-20.3 	17    	38.0     	255   	36.7       	9.9        	7063      	-37.7
1376      	17:22:57  	425.4 	-20.3 	17    	38.2     	255   	36.9       	9.9        	7069      	-37.7
1378      	17:22:59  	425.1 	-20.4 	17    	38.3     	255   	37.0       	9.9        	7076      	-37.8
1380      	17:23:01  	424.7 	-20.5 	17    	38.5     	255   	37.2       	9.9        	7082      	-37.9
1382      	17:23:03  	424.3 	-20.5 	17    	38.7     	255   	37.4       	9.9        	7089      	-37.9
1384      	17:23:05  	423.9 	-20.6 	17    	38.8     	255   	37.5       	9.9        	7096      	-37.9
1386      	17:23:07  	423.5 	-20.7 	17    	38.8     	255   	37.5       	9.9        	7102      	-38.0
1388      	17:23:09  	423.1 	-20.7 	17    	38.9     	255   	37.6       	9.9        	7109      	-38.1
1390      	17:23:11  	422.8 	-20.8 	17    	38.9     	255   	37.6       	9.8        	7116      	-38.1
1392      	17:23:13  	422.4 	-20.8 	17    	38.9     	256   	37.7       	9.7        	7123      	-38.2
1394      	17:23:15  	422.0 	-20.9 	17    	39.0     	256   	37.8       	9.6        	7129      	-38.2
1396      	17:23:17  	421.6 	-20.9 	17    	39.0     	256   	37.8       	9.5        	7136      	-38.2
1398      	17:23:19  	421.2 	-21.0 	17    	39.0     	256   	37.8       	9.5        	7142      	-38.2
1400      	17:23:21  	420.9 	-21.0 	17    	39.0     	256   	37.8       	9.4        	7149      	-38.2
1402      	17:23:23  	420.5 	-21.1 	17    	38.9     	256   	37.8       	9.2        	7156      	-38.2
1404      	17:23:25  	420.1 	-21.1 	17    	39.0     	256   	37.9       	9.1        	7163      	-38.2
1406      	17:23:27  	419.7 	-21.2 	17    	39.1     	257   	38.0       	9.0        	7170      	-38.2
1408      	17:23:29  	419.3 	-21.3 	17    	39.0     	257   	38.0       	8.9        	7177      	-38.2
1410      	17:23:31  	418.9 	-21.3 	17    	39.1     	257   	38.1       	8.9        	7183      	-38.2
1412      	17:23:33  	418.5 	-21.4 	17    	39.2     	257   	38.2       	8.9        	7190      	-38.3
1414      	17:23:35  	418.2 	-21.4 	17    	39.3     	257   	38.3       	8.8        	7197      	-38.3
1416      	17:23:37  	417.8 	-21.5 	17    	39.5     	257   	38.5       	8.7        	7203      	-38.3
1418      	17:23:39  	417.4 	-21.5 	17    	39.6     	257   	38.7       	8.6        	7210      	-38.3
1420      	17:23:41  	417.0 	-21.6 	18    	39.8     	258   	38.9       	8.4        	7216      	-38.3
1422      	17:23:43  	416.7 	-21.6 	18    	39.9     	258   	39.0       	8.3        	7223      	-38.3
1424      	17:23:45  	416.3 	-21.7 	18    	40.0     	258   	39.1       	8.3        	7230      	-38.3
1426      	17:23:47  	415.9 	-21.7 	18    	40.1     	258   	39.3       	8.2        	7237      	-38.4
1428      	17:23:49  	415.5 	-21.8 	18    	40.2     	258   	39.4       	8.1        	7243      	-38.4
1430      	17:23:51  	415.1 	-21.8 	18    	40.4     	259   	39.6       	8.0        	7250      	-38.4
1432      	17:23:53  	414.8 	-21.9 	18    	40.6     	259   	39.8       	7.9        	7256      	-38.4
1434      	17:23:55  	414.4 	-22.0 	18    	40.7     	259   	39.9       	7.8        	7263      	-38.4
1436      	17:23:57  	414.0 	-22.0 	18    	40.8     	259   	40.0       	7.8        	7270      	-38.5
1438      	17:23:59  	413.6 	-22.1 	18    	40.8     	259   	40.0       	7.8        	7277      	-38.6
1440      	17:24:01  	413.2 	-22.1 	18    	40.9     	259   	40.1       	7.8        	7284      	-38.6
1442      	17:24:03  	412.8 	-22.2 	18    	40.8     	259   	40.1       	7.7        	7291      	-38.7
1444      	17:24:05  	412.5 	-22.3 	18    	40.9     	259   	40.2       	7.7        	7298      	-38.7
1446      	17:24:07  	412.1 	-22.3 	18    	40.9     	259   	40.2       	7.7        	7304      	-38.7
1448      	17:24:09  	411.7 	-22.4 	18    	40.9     	259   	40.2       	7.7        	7311      	-38.8
1450      	17:24:11  	411.3 	-22.4 	18    	40.9     	259   	40.2       	7.7        	7317      	-38.8
1452      	17:24:13  	411.0 	-22.5 	18    	40.9     	259   	40.2       	7.7        	7324      	-38.8
1454      	17:24:15  	410.6 	-22.5 	18    	40.9     	259   	40.2       	7.6        	7331      	-38.8
1456      	17:24:17  	410.2 	-22.6 	18    	40.9     	259   	40.2       	7.6        	7337      	-38.9
1458      	17:24:19  	409.9 	-22.6 	18    	40.9     	259   	40.2       	7.5        	7344      	-38.9
1460      	17:24:21  	409.5 	-22.7 	18    	40.9     	259   	40.2       	7.5        	7351      	-38.9
1462      	17:24:23  	409.1 	-22.7 	18    	40.9     	260   	40.2       	7.4        	7358      	-39.0
1464      	17:24:25  	408.7 	-22.7 	18    	40.9     	260   	40.2       	7.4        	7365      	-39.1
1466      	17:24:27  	408.3 	-22.8 	18    	40.9     	260   	40.2       	7.4        	7372      	-39.2
1468      	17:24:29  	407.9 	-22.8 	18    	41.0     	260   	40.3       	7.4        	7379      	-39.2
1470      	17:24:31  	407.5 	-22.9 	18    	41.0     	260   	40.3       	7.4        	7386      	-39.3
1472      	17:24:33  	407.1 	-22.9 	18    	41.1     	260   	40.4       	7.4        	7393      	-39.4
1474      	17:24:35  	406.7 	-22.9 	17    	41.1     	260   	40.4       	7.4        	7400      	-39.6
1476      	17:24:37  	406.4 	-22.9 	17    	41.2     	260   	40.5       	7.5        	7407      	-39.7
1478      	17:24:39  	406.0 	-23.0 	17    	41.2     	260   	40.5       	7.5        	7414      	-39.8
1480      	17:24:41  	405.6 	-23.0 	17    	41.2     	259   	40.5       	7.6        	7420      	-39.9
1482      	17:24:43  	405.2 	-23.1 	17    	41.2     	259   	40.5       	7.6        	7427      	-40.1
1484      	17:24:45  	404.9 	-23.1 	16    	41.2     	259   	40.5       	7.7        	7434      	-40.2
1486      	17:24:47  	404.5 	-23.1 	16    	41.2     	259   	40.5       	7.7        	7440      	-40.3
1488      	17:24:49  	404.2 	-23.2 	16    	41.1     	259   	40.4       	7.8        	7447      	-40.5
1490      	17:24:51  	403.8 	-23.2 	16    	41.0     	259   	40.3       	7.8        	7453      	-40.6
1492      	17:24:53  	403.4 	-23.3 	16    	41.1     	259   	40.3       	7.9        	7460      	-40.7
1494      	17:24:55  	403.0 	-23.3 	16    	41.1     	259   	40.3       	8.0        	7467      	-40.8
1496      	17:24:57  	402.7 	-23.4 	15    	41.0     	258   	40.2       	8.2        	7473      	-41.0
1498      	17:24:59  	402.3 	-23.4 	15    	41.0     	258   	40.2       	8.3        	7480      	-41.1
1500      	17:25:01  	401.9 	-23.5 	15    	41.1     	258   	40.2       	8.4        	7487      	-41.2
1502      	17:25:03  	401.5 	-23.5 	15    	41.2     	258   	40.3       	8.5        	7494      	-41.3
1504      	17:25:05  	401.1 	-23.5 	15    	41.2     	258   	40.3       	8.7        	7502      	-41.4
1506      	17:25:07  	400.7 	-23.6 	15    	41.3     	258   	40.4       	8.8        	7509      	-41.5
1508      	17:25:09  	400.3 	-23.6 	15    	41.6     	258   	40.6       	9.0        	7516      	-41.6
1510      	17:25:11  	399.9 	-23.7 	15    	41.7     	257   	40.7       	9.2        	7524      	-41.8
1512      	17:25:13  	399.5 	-23.7 	14    	41.9     	257   	40.9       	9.3        	7530      	-41.9
1514      	17:25:15  	399.2 	-23.7 	14    	42.1     	257   	41.0       	9.4        	7537      	-42.0
1516      	17:25:17  	398.8 	-23.8 	14    	42.2     	257   	41.1       	9.4        	7544      	-42.1
1518      	17:25:19  	398.5 	-23.8 	14    	42.3     	257   	41.2       	9.5        	7550      	-42.2
1520      	17:25:21  	398.1 	-23.8 	14    	42.4     	257   	41.3       	9.6        	7557      	-42.3
1522      	17:25:23  	397.8 	-23.9 	14    	42.5     	257   	41.4       	9.6        	7563      	-42.4
1524      	17:25:25  	397.4 	-23.9 	14    	42.6     	257   	41.5       	9.7        	7570      	-42.6
1526      	17:25:27  	397.0 	-24.0 	13    	42.5     	257   	41.4       	9.7        	7576      	-42.7
1528      	17:25:29  	396.7 	-24.0 	13    	42.5     	257   	41.4       	9.7        	7583      	-42.9
1530      	17:25:31  	396.3 	-24.0 	13    	42.5     	257   	41.4       	9.8        	7590      	-43.0
1532      	17:25:33  	395.9 	-24.1 	13    	42.4     	257   	41.3       	9.8        	7597      	-43.1
1534      	17:25:35  	395.6 	-24.1 	13    	42.3     	257   	41.2       	9.8        	7604      	-43.2
1536      	17:25:37  	395.2 	-24.2 	13    	42.2     	257   	41.1       	9.7        	7610      	-43.4
1538      	17:25:39  	394.8 	-24.2 	13    	42.2     	257   	41.1       	9.7        	7617      	-43.4
1540      	17:25:41  	394.5 	-24.3 	13    	42.1     	257   	41.0       	9.7        	7624      	-43.5
1542      	17:25:43  	394.1 	-24.3 	12    	42.0     	257   	40.9       	9.7        	7630      	-43.6
1544      	17:25:45  	393.7 	-24.4 	12    	41.9     	257   	40.8       	9.6        	7637      	-43.7
1546      	17:25:47  	393.4 	-24.4 	12    	41.8     	257   	40.7       	9.5        	7644      	-43.8
1548      	17:25:49  	393.0 	-24.5 	12    	41.7     	257   	40.6       	9.4        	7651      	-43.8
1550      	17:25:51  	392.6 	-24.5 	12    	41.5     	257   	40.4       	9.3        	7658      	-43.9
1552      	17:25:53  	392.2 	-24.6 	12    	41.4     	257   	40.4       	9.2        	7665      	-43.9
1554      	17:25:55  	391.9 	-24.6 	12    	41.3     	257   	40.3       	9.1        	7672      	-43.9
1556      	17:25:57  	391.5 	-24.7 	13    	41.2     	258   	40.2       	8.9        	7679      	-43.9
1558      	17:25:59  	391.2 	-24.7 	13    	41.1     	258   	40.1       	8.8        	7685      	-44.0
1560      	17:26:01  	390.8 	-24.8 	13    	40.8     	258   	39.9       	8.7        	7692      	-44.0
1562      	17:26:03  	390.4 	-24.9 	13    	40.6     	258   	39.7       	8.5        	7699      	-44.1
1564      	17:26:05  	390.0 	-24.9 	13    	40.5     	258   	39.6       	8.4        	7706      	-44.1
1566      	17:26:07  	389.7 	-25.0 	13    	40.4     	258   	39.5       	8.4        	7713      	-44.1
1568      	17:26:09  	389.3 	-25.0 	13    	40.4     	258   	39.5       	8.3        	7720      	-44.2
1570      	17:26:11  	388.9 	-25.0 	13    	40.2     	258   	39.3       	8.3        	7727      	-44.2
1572      	17:26:13  	388.5 	-25.1 	12    	40.0     	258   	39.1       	8.3        	7734      	-44.3
1574      	17:26:15  	388.2 	-25.1 	12    	39.8     	258   	38.9       	8.2        	7741      	-44.4
1576      	17:26:17  	387.8 	-25.2 	12    	39.6     	258   	38.7       	8.2        	7748      	-44.4
1578      	17:26:19  	387.4 	-25.2 	12    	39.5     	258   	38.6       	8.2        	7755      	-44.5
1580      	17:26:21  	387.0 	-25.2 	12    	39.4     	258   	38.5       	8.2        	7762      	-44.6
1582      	17:26:23  	386.7 	-25.3 	12    	39.3     	258   	38.4       	8.2        	7769      	-44.7
1584      	17:26:25  	386.3 	-25.3 	12    	39.3     	258   	38.4       	8.2        	7776      	-44.8
1586      	17:26:27  	385.9 	-25.3 	12    	39.3     	258   	38.4       	8.2        	7783      	-44.9
1588      	17:26:29  	385.6 	-25.3 	12    	39.2     	258   	38.4       	8.1        	7789      	-45.0
1590      	17:26:31  	385.2 	-25.4 	11    	39.3     	258   	38.5       	8.1        	7796      	-45.2
1592      	17:26:33  	384.9 	-25.4 	11    	39.4     	258   	38.6       	8.0        	7803      	-45.4
1594      	17:26:35  	384.5 	-25.4 	11    	39.5     	258   	38.7       	8.0        	7810      	-45.5
1596      	17:26:37  	384.1 	-25.5 	11    	39.7     	259   	38.9       	7.8        	7817      	-45.7
1598      	17:26:39  	383.8 	-25.5 	11    	39.9     	259   	39.1       	7.7        	7823      	-45.8
1600      	17:26:41  	383.4 	-25.5 	11    	40.0     	259   	39.3       	7.5        	7830      	-45.9
1602      	17:26:43  	383.1 	-25.6 	11    	40.1     	259   	39.4       	7.4        	7837      	-46.0
1604      	17:26:45  	382.7 	-25.6 	11    	40.2     	260   	39.5       	7.3        	7843      	-46.2
1606      	17:26:47  	382.3 	-25.7 	10    	40.2     	260   	39.5       	7.2        	7850      	-46.3
1608      	17:26:49  	382.0 	-25.7 	10    	40.2     	260   	39.6       	7.0        	7857      	-46.3
1610      	17:26:51  	381.6 	-25.7 	10    	40.2     	260   	39.6       	6.8        	7865      	-46.4
1612      	17:26:53  	381.2 	-25.8 	10    	40.1     	261   	39.6       	6.6        	7872      	-46.5
1614      	17:26:55  	380.9 	-25.8 	10    	40.2     	261   	39.7       	6.4        	7879      	-46.6
1616      	17:26:57  	380.5 	-25.9 	10    	40.1     	261   	39.6       	6.3        	7886      	-46.6
1618      	17:26:59  	380.1 	-25.9 	10    	40.1     	261   	39.6       	6.1        	7893      	-46.7
1620      	17:27:01  	379.7 	-25.9 	10    	40.1     	261   	39.6       	6.0        	7900      	-46.7
1622      	17:27:03  	379.3 	-26.0 	10    	39.9     	262   	39.5       	5.8        	7908      	-46.7
1624      	17:27:05  	378.9 	-26.0 	10    	39.8     	262   	39.4       	5.6        	7915      	-46.7
1626      	17:27:07  	378.5 	-26.1 	10    	39.7     	262   	39.3       	5.4        	7923      	-46.7
1628      	17:27:09  	378.2 	-26.1 	11    	39.5     	262   	39.2       	5.2        	7930      	-46.6
1630      	17:27:11  	377.8 	-26.2 	11    	39.5     	263   	39.2       	5.1        	7937      	-46.5
1632      	17:27:13  	377.4 	-26.2 	11    	39.4     	263   	39.1       	5.0        	7944      	-46.5
1634      	17:27:15  	377.0 	-26.3 	11    	39.4     	263   	39.1       	4.9        	7952      	-46.5
1636      	17:27:17  	376.7 	-26.3 	11    	39.4     	263   	39.1       	4.8        	7959      	-46.5
1638      	17:27:19  	376.3 	-26.3 	11    	39.4     	263   	39.1       	4.7        	7966      	-46.4
1640      	17:27:21  	375.9 	-26.4 	11    	39.4     	263   	39.1       	4.7        	7973      	-46.4
1642      	17:27:23  	375.5 	-26.4 	11    	39.5     	263   	39.2       	4.7        	7980      	-46.4
1644      	17:27:25  	375.2 	-26.5 	11    	39.6     	263   	39.3       	4.7        	7987      	-46.5
1646      	17:27:27  	374.8 	-26.5 	11    	39.6     	263   	39.3       	4.8        	7994      	-46.5
1648      	17:27:29  	374.5 	-26.6 	11    	39.9     	263   	39.6       	4.8        	8001      	-46.5
1650      	17:27:31  	374.1 	-26.6 	11    	40.1     	263   	39.8       	4.9        	8008      	-46.5
1652      	17:27:33  	373.7 	-26.7 	11    	40.3     	263   	40.0       	4.9        	8015      	-46.5
1654      	17:27:35  	373.4 	-26.7 	11    	40.5     	263   	40.2       	4.9        	8022      	-46.6
1656      	17:27:37  	373.0 	-26.8 	11    	40.7     	263   	40.4       	4.9        	8029      	-46.7
1658      	17:27:39  	372.7 	-26.8 	11    	40.8     	263   	40.5       	4.9        	8036      	-46.8
1660      	17:27:41  	372.3 	-26.9 	11    	41.1     	263   	40.8       	4.8        	8043      	-46.9
1662      	17:27:43  	371.9 	-27.0 	11    	41.4     	263   	41.1       	4.7        	8050      	-46.9
1664      	17:27:45  	371.5 	-27.0 	11    	41.7     	264   	41.4       	4.6        	8058      	-47.0
1666      	17:27:47  	371.2 	-27.1 	11    	41.9     	264   	41.7       	4.4        	8065      	-47.1
1668      	17:27:49  	370.8 	-27.1 	11    	42.1     	264   	41.9       	4.3        	8072      	-47.2
1670      	17:27:51  	370.4 	-27.2 	11    	42.3     	264   	42.1       	4.2        	8079      	-47.2
1672      	17:27:53  	370.1 	-27.2 	11    	42.4     	265   	42.2       	4.0        	8086      	-47.3
1674      	17:27:55  	369.7 	-27.3 	11    	42.7     	265   	42.5       	3.8        	8094      	-47.3
1676      	17:27:57  	369.3 	-27.3 	11    	43.1     	265   	42.9       	3.6        	8101      	-47.4
1678      	17:27:59  	368.9 	-27.3 	11    	43.3     	266   	43.2       	3.3        	8108      	-47.5
1680      	17:28:01  	368.6 	-27.4 	11    	43.5     	266   	43.4       	3.2        	8115      	-47.6
1682      	17:28:03  	368.2 	-27.4 	11    	43.7     	266   	43.6       	3.0        	8123      	-47.7
1684      	17:28:05  	367.8 	-27.5 	10    	43.9     	266   	43.8       	2.9        	8130      	-47.8
1686      	17:28:07  	367.5 	-27.5 	10    	44.1     	266   	44.0       	2.8        	8137      	-48.0
1688      	17:28:09  	367.1 	-27.6 	10    	44.4     	267   	44.3       	2.7        	8144      	-48.1
1690      	17:28:11  	366.7 	-27.6 	10    	44.7     	267   	44.6       	2.6        	8151      	-48.3
1692      	17:28:13  	366.4 	-27.7 	10    	45.0     	267   	44.9       	2.5        	8159      	-48.5
1694      	17:28:15  	366.0 	-27.7 	10    	45.2     	267   	45.1       	2.4        	8166      	-48.6
1696      	17:28:17  	365.6 	-27.8 	10    	45.4     	267   	45.3       	2.4        	8173      	-48.8
1698      	17:28:19  	365.3 	-27.8 	9     	45.5     	267   	45.4       	2.4        	8180      	-49.0
1700      	17:28:21  	364.9 	-27.9 	9     	45.7     	267   	45.6       	2.4        	8188      	-49.1
1702      	17:28:23  	364.5 	-27.9 	9     	45.9     	267   	45.8       	2.4        	8195      	-49.2
1704      	17:28:25  	364.1 	-28.0 	9     	46.1     	267   	46.0       	2.3        	8202      	-49.3
1706      	17:28:27  	363.8 	-28.0 	9     	46.2     	267   	46.1       	2.3        	8210      	-49.3
1708      	17:28:29  	363.4 	-28.1 	9     	46.2     	267   	46.1       	2.3        	8217      	-49.4
1710      	17:28:31  	363.0 	-28.2 	9     	46.3     	267   	46.2       	2.3        	8224      	-49.5
1712      	17:28:33  	362.7 	-28.2 	9     	46.3     	267   	46.2       	2.3        	8231      	-49.5
1714      	17:28:35  	362.3 	-28.3 	9     	46.4     	267   	46.3       	2.3        	8239      	-49.6
1716      	17:28:37  	361.9 	-28.4 	9     	46.4     	267   	46.3       	2.3        	8247      	-49.7
1718      	17:28:39  	361.5 	-28.4 	9     	46.5     	267   	46.4       	2.3        	8254      	-49.8
1720      	17:28:41  	361.2 	-28.5 	9     	46.5     	267   	46.4       	2.3        	8261      	-49.9
1722      	17:28:43  	360.8 	-28.5 	9     	46.6     	267   	46.5       	2.3        	8269      	-50.1
1724      	17:28:45  	360.4 	-28.6 	9     	46.6     	267   	46.5       	2.2        	8276      	-50.1
1726      	17:28:47  	360.1 	-28.7 	9     	46.7     	267   	46.6       	2.2        	8283      	-50.3
1728      	17:28:49  	359.7 	-28.7 	9     	46.7     	267   	46.7       	2.1        	8290      	-50.4
1730      	17:28:51  	359.3 	-28.8 	9     	46.7     	267   	46.7       	2.1        	8297      	-50.4
1732      	17:28:53  	359.0 	-28.8 	9     	46.8     	268   	46.8       	2.0        	8305      	-50.4
1734      	17:28:55  	358.6 	-28.9 	9     	46.8     	268   	46.8       	1.9        	8312      	-50.4
1736      	17:28:57  	358.2 	-28.9 	9     	46.9     	268   	46.9       	1.9        	8320      	-50.5
1738      	17:28:59  	357.8 	-29.0 	9     	47.0     	268   	47.0       	1.8        	8327      	-50.5
1740      	17:29:01  	357.5 	-29.0 	9     	47.1     	268   	47.1       	1.6        	8335      	-50.6
1742      	17:29:03  	357.1 	-29.1 	9     	47.2     	268   	47.2       	1.5        	8342      	-50.6
1744      	17:29:05  	356.7 	-29.1 	9     	47.3     	268   	47.3       	1.4        	8349      	-50.7
1746      	17:29:07  	356.4 	-29.2 	9     	47.4     	268   	47.4       	1.4        	8357      	-50.7
1748      	17:29:09  	356.0 	-29.2 	9     	47.4     	268   	47.4       	1.3        	8364      	-50.8
1750      	17:29:11  	355.6 	-29.3 	9     	47.5     	269   	47.5       	1.2        	8371      	-50.8
1752      	17:29:13  	355.3 	-29.3 	9     	47.8     	269   	47.8       	1.1        	8379      	-50.8
1754      	17:29:15  	354.9 	-29.3 	9     	48.0     	269   	48.0       	1.0        	8386      	-50.8
1756      	17:29:17  	354.5 	-29.4 	9     	48.2     	269   	48.2       	0.8        	8393      	-50.8
1758      	17:29:19  	354.2 	-29.4 	9     	48.4     	269   	48.4       	0.8        	8401      	-50.8
1760      	17:29:21  	353.8 	-29.5 	9     	48.6     	269   	48.6       	0.7        	8408      	-50.8
1762      	17:29:23  	353.4 	-29.5 	9     	48.7     	269   	48.7       	0.7        	8416      	-50.8
1764      	17:29:25  	353.1 	-29.6 	9     	48.9     	269   	48.9       	0.5        	8423      	-50.8
1766      	17:29:27  	352.7 	-29.6 	9     	49.2     	270   	49.2       	0.3        	8430      	-50.8
1768      	17:29:29  	352.3 	-29.7 	9     	49.4     	270   	49.4       	0.2        	8438      	-50.8
1770      	17:29:31  	352.0 	-29.7 	9     	49.5     	270   	49.5       	0.0        	8446      	-50.7
1772      	17:29:33  	351.6 	-29.8 	9     	49.5     	270   	49.5       	-0.1       	8453      	-50.7
1774      	17:29:35  	351.2 	-29.8 	9     	49.6     	270   	49.6       	-0.2       	8461      	-50.7
1776      	17:29:37  	350.8 	-29.9 	9     	49.7     	270   	49.7       	-0.3       	8469      	-50.7
1778      	17:29:39  	350.4 	-30.0 	10    	49.8     	271   	49.8       	-0.5       	8477      	-50.6
1780      	17:29:41  	350.1 	-30.0 	10    	49.9     	271   	49.9       	-0.7       	8484      	-50.6
1782      	17:29:43  	349.7 	-30.1 	10    	50.0     	271   	50.0       	-0.9       	8492      	-50.5
1784      	17:29:45  	349.3 	-30.1 	10    	50.1     	271   	50.1       	-1.1       	8499      	-50.5
1786      	17:29:47  	348.9 	-30.2 	10    	50.2     	271   	50.2       	-1.2       	8507      	-50.5
1788      	17:29:49  	348.5 	-30.3 	10    	50.3     	271   	50.3       	-1.2       	8515      	-50.5
1790      	17:29:51  	348.1 	-30.3 	10    	50.4     	272   	50.4       	-1.4       	8523      	-50.4
1792      	17:29:53  	347.8 	-30.4 	10    	50.6     	272   	50.6       	-1.6       	8531      	-50.4
1794      	17:29:55  	347.4 	-30.4 	10    	50.7     	272   	50.7       	-1.8       	8539      	-50.4
1796      	17:29:57  	347.0 	-30.5 	10    	50.9     	272   	50.9       	-2.0       	8547      	-50.4
1798      	17:29:59  	346.6 	-30.5 	11    	50.9     	272   	50.9       	-2.1       	8554      	-50.3
1800      	17:30:01  	346.2 	-30.6 	11    	51.0     	272   	51.0       	-2.2       	8562      	-50.3
1802      	17:30:03  	345.9 	-30.6 	11    	51.2     	273   	51.1       	-2.3       	8569      	-50.2
1804      	17:30:05  	345.5 	-30.7 	11    	51.4     	273   	51.3       	-2.6       	8577      	-50.2
1806      	17:30:07  	345.1 	-30.7 	11    	51.6     	273   	51.5       	-2.8       	8585      	-50.2
1808      	17:30:09  	344.8 	-30.8 	11    	51.8     	273   	51.7       	-3.1       	8593      	-50.2
1810      	17:30:11  	344.4 	-30.8 	11    	51.9     	274   	51.8       	-3.2       	8600      	-50.2
1812      	17:30:13  	344.0 	-30.8 	11    	52.0     	274   	51.9       	-3.3       	8608      	-50.3
1814      	17:30:15  	343.6 	-30.9 	11    	52.1     	274   	52.0       	-3.5       	8615      	-50.4
1816      	17:30:17  	343.3 	-30.9 	11    	52.2     	274   	52.1       	-3.7       	8623      	-50.5
1818      	17:30:19  	342.9 	-31.0 	11    	52.4     	274   	52.3       	-3.9       	8631      	-50.5
1820      	17:30:21  	342.5 	-31.0 	11    	52.6     	274   	52.4       	-4.1       	8639      	-50.5
1822      	17:30:23  	342.1 	-31.0 	11    	52.8     	275   	52.6       	-4.2       	8647      	-50.2
1824      	17:30:25  	341.7 	-31.1 	12    	52.8     	275   	52.6       	-4.2       	8655      	-49.8
1826      	17:30:27  	341.4 	-31.1 	13    	52.8     	275   	52.6       	-4.3       	8663      	-49.2
1828      	17:30:29  	341.0 	-31.1 	14    	52.9     	275   	52.7       	-4.4       	8671      	-48.6
1830      	17:30:31  	340.6 	-31.2 	15    	53.1     	275   	52.9       	-4.5       	8679      	-48.0
1832      	17:30:33  	340.2 	-31.2 	16    	53.2     	275   	53.0       	-4.6       	8686      	-47.4
1834      	17:30:35  	339.9 	-31.3 	17    	53.4     	275   	53.2       	-4.7       	8694      	-47.0
1836      	17:30:37  	339.5 	-31.3 	18    	53.5     	275   	53.3       	-4.8       	8701      	-46.6
1838      	17:30:39  	339.1 	-31.3 	18    	53.6     	275   	53.4       	-4.8       	8709      	-46.4
1840      	17:30:41  	338.8 	-31.4 	19    	53.7     	275   	53.5       	-4.9       	8717      	-46.3
1842      	17:30:43  	338.4 	-31.4 	19    	53.9     	275   	53.7       	-5.0       	8725      	-46.3
1844      	17:30:45  	338.0 	-31.5 	19    	54.1     	275   	53.9       	-5.0       	8732      	-46.3
1846      	17:30:47  	337.6 	-31.5 	19    	54.3     	275   	54.1       	-5.1       	8740      	-46.5
1848      	17:30:49  	337.3 	-31.5 	18    	54.5     	275   	54.3       	-5.1       	8748      	-46.6
1850      	17:30:51  	336.9 	-31.5 	18    	54.7     	275   	54.5       	-5.2       	8756      	-46.8
1852      	17:30:53  	336.5 	-31.5 	17    	54.8     	275   	54.6       	-5.2       	8764      	-47.0
1854      	17:30:55  	336.1 	-31.5 	17    	55.0     	275   	54.8       	-5.2       	8772      	-47.3
1856      	17:30:57  	335.7 	-31.6 	16    	55.4     	275   	55.2       	-5.2       	8780      	-47.6
1858      	17:30:59  	335.4 	-31.6 	16    	55.8     	275   	55.5       	-5.3       	8788      	-48.0
1860      	17:31:01  	335.0 	-31.6 	15    	56.1     	275   	55.8       	-5.3       	8796      	-48.3
1862      	17:31:03  	334.6 	-31.6 	15    	56.3     	275   	56.0       	-5.3       	8805      	-48.6
1864      	17:31:05  	334.2 	-31.6 	14    	56.4     	275   	56.2       	-5.3       	8813      	-48.9
1866      	17:31:07  	333.8 	-31.7 	14    	56.6     	275   	56.4       	-5.3       	8820      	-49.2
1868      	17:31:09  	333.5 	-31.7 	13    	57.0     	275   	56.7       	-5.4       	8828      	-49.4
1870      	17:31:11  	333.1 	-31.7 	13    	57.3     	276   	57.0       	-5.6       	8836      	-49.7
1872      	17:31:13  	332.7 	-31.8 	13    	57.6     	276   	57.3       	-5.7       	8845      	-49.9
1874      	17:31:15  	332.3 	-31.8 	12    	57.8     	276   	57.5       	-5.8       	8853      	-50.2
1876      	17:31:17  	331.9 	-31.9 	12    	58.0     	276   	57.7       	-5.9       	8861      	-50.6
1878      	17:31:19  	331.5 	-31.9 	11    	58.1     	276   	57.8       	-6.0       	8870      	-50.9
1880      	17:31:21  	331.1 	-32.0 	11    	58.3     	276   	58.0       	-6.1       	8878      	-51.2
1882      	17:31:23  	330.8 	-32.0 	11    	58.5     	276   	58.2       	-6.2       	8886      	-51.6
1884      	17:31:25  	330.4 	-32.1 	10    	58.8     	276   	58.5       	-6.3       	8893      	-51.9
1886      	17:31:27  	330.0 	-32.1 	10    	59.0     	276   	58.7       	-6.4       	8901      	-52.2
1888      	17:31:29  	329.6 	-32.2 	10    	59.2     	276   	58.9       	-6.4       	8909      	-52.4
1890      	17:31:31  	329.3 	-32.2 	9     	59.3     	276   	59.0       	-6.4       	8918      	-52.6
1892      	17:31:33  	328.9 	-32.3 	9     	59.5     	276   	59.2       	-6.4       	8925      	-52.7
1894      	17:31:35  	328.5 	-32.3 	9     	59.7     	276   	59.4       	-6.4       	8933      	-52.9
1896      	17:31:37  	328.2 	-32.4 	9     	60.0     	276   	59.7       	-6.4       	8941      	-53.2
1898      	17:31:39  	327.8 	-32.5 	9     	60.2     	276   	59.9       	-6.4       	8949      	-53.5
1900      	17:31:41  	327.4 	-32.5 	8     	60.4     	276   	60.1       	-6.4       	8957      	-53.7
1902      	17:31:43  	327.1 	-32.6 	8     	60.5     	276   	60.2       	-6.5       	8965      	-54.0
1904      	17:31:45  	326.7 	-32.6 	8     	60.6     	276   	60.3       	-6.5       	8973      	-54.2
1906      	17:31:47  	326.3 	-32.7 	8     	60.9     	276   	60.5       	-6.6       	8982      	-54.5
1908      	17:31:49  	325.9 	-32.8 	8     	61.0     	276   	60.6       	-6.7       	8990      	-54.8
1910      	17:31:51  	325.5 	-32.8 	7     	61.1     	276   	60.7       	-6.9       	8998      	-55.0
1912      	17:31:53  	325.1 	-32.9 	7     	61.2     	277   	60.8       	-7.0       	9006      	-55.2
1914      	17:31:55  	324.8 	-32.9 	7     	61.2     	277   	60.8       	-7.1       	9015      	-55.3
1916      	17:31:57  	324.4 	-33.0 	7     	61.1     	277   	60.7       	-7.3       	9023      	-55.4
1918      	17:31:59  	324.0 	-33.1 	7     	61.2     	277   	60.8       	-7.4       	9032      	-55.5
1920      	17:32:01  	323.6 	-33.1 	7     	61.4     	277   	60.9       	-7.6       	9041      	-55.6
1922      	17:32:03  	323.2 	-33.2 	7     	61.5     	277   	61.0       	-7.7       	9049      	-55.7
1924      	17:32:05  	322.8 	-33.3 	7     	61.6     	277   	61.1       	-7.9       	9057      	-55.7
1926      	17:32:07  	322.4 	-33.3 	7     	61.7     	277   	61.2       	-8.0       	9066      	-55.8
1928      	17:32:09  	322.0 	-33.4 	7     	61.9     	277   	61.4       	-8.0       	9074      	-55.9
1930      	17:32:11  	321.6 	-33.5 	7     	62.0     	278   	61.5       	-8.1       	9083      	-55.9
1932      	17:32:13  	321.3 	-33.5 	7     	62.2     	278   	61.7       	-8.2       	9091      	-55.9
1934      	17:32:15  	320.9 	-33.6 	7     	62.6     	278   	62.0       	-8.3       	9099      	-55.9
1936      	17:32:17  	320.5 	-33.7 	7     	62.8     	278   	62.2       	-8.4       	9107      	-55.9
1938      	17:32:19  	320.1 	-33.7 	7     	63.0     	278   	62.4       	-8.4       	9115      	-55.9
1940      	17:32:21  	319.8 	-33.8 	7     	63.1     	278   	62.5       	-8.5       	9124      	-55.9
1942      	17:32:23  	319.4 	-33.8 	7     	63.2     	278   	62.6       	-8.5       	9132      	-55.9
1944      	17:32:25  	319.0 	-33.8 	7     	63.4     	278   	62.8       	-8.6       	9140      	-55.9
1946      	17:32:27  	318.6 	-33.9 	7     	63.8     	278   	63.2       	-8.6       	9149      	-56.0
1948      	17:32:29  	318.2 	-33.9 	7     	64.1     	278   	63.5       	-8.6       	9157      	-56.1
1950      	17:32:31  	317.9 	-34.0 	7     	64.5     	278   	63.9       	-8.6       	9165      	-56.3
1952      	17:32:33  	317.5 	-34.0 	7     	64.7     	278   	64.1       	-8.6       	9173      	-56.4
1954      	17:32:35  	317.1 	-34.0 	7     	64.9     	278   	64.3       	-8.6       	9181      	-56.5
1956      	17:32:37  	316.8 	-34.0 	7     	65.2     	277   	64.6       	-8.5       	9190      	-56.6
1958      	17:32:39  	316.4 	-34.0 	7     	65.6     	277   	65.0       	-8.5       	9198      	-56.8
1960      	17:32:41  	316.0 	-34.1 	7     	65.9     	277   	65.4       	-8.4       	9206      	-56.9
1962      	17:32:43  	315.6 	-34.1 	7     	66.4     	277   	65.9       	-8.4       	9214      	-57.0
1964      	17:32:45  	315.3 	-34.1 	6     	66.8     	277   	66.3       	-8.3       	9222      	-57.1
1966      	17:32:47  	314.9 	-34.1 	6     	67.0     	277   	66.5       	-8.3       	9231      	-57.1
1968      	17:32:49  	314.5 	-34.2 	6     	67.2     	277   	66.7       	-8.2       	9239      	-57.2
1970      	17:32:51  	314.2 	-34.2 	6     	67.5     	277   	67.0       	-8.2       	9247      	-57.3
1972      	17:32:53  	313.8 	-34.2 	6     	67.8     	277   	67.3       	-8.2       	9255      	-57.3
1974      	17:32:55  	313.4 	-34.3 	6     	68.2     	277   	67.7       	-8.2       	9264      	-57.4
1976      	17:32:57  	313.1 	-34.3 	6     	68.6     	277   	68.1       	-8.2       	9272      	-57.4
1978      	17:32:59  	312.7 	-34.3 	6     	68.8     	277   	68.3       	-8.3       	9280      	-57.5
1980      	17:33:01  	312.3 	-34.4 	6     	68.9     	277   	68.4       	-8.3       	9288      	-57.6
1982      	17:33:03  	311.9 	-34.4 	6     	69.1     	277   	68.6       	-8.4       	9297      	-57.7
1984      	17:33:05  	311.6 	-34.5 	6     	69.3     	277   	68.8       	-8.4       	9305      	-57.9
1986      	17:33:07  	311.2 	-34.5 	6     	69.5     	277   	69.0       	-8.4       	9314      	-58.0
1988      	17:33:09  	310.8 	-34.6 	6     	69.6     	277   	69.1       	-8.5       	9322      	-58.2
1990      	17:33:11  	310.4 	-34.6 	6     	69.8     	277   	69.3       	-8.5       	9331      	-58.3
1992      	17:33:13  	310.1 	-34.7 	6     	69.8     	277   	69.3       	-8.4       	9339      	-58.5
1994      	17:33:15  	309.7 	-34.7 	6     	69.8     	277   	69.3       	-8.4       	9347      	-58.6
1996      	17:33:17  	309.3 	-34.8 	6     	69.9     	277   	69.4       	-8.4       	9356      	-58.7
1998      	17:33:19  	309.0 	-34.8 	6     	70.0     	277   	69.5       	-8.4       	9364      	-58.8
2000      	17:33:21  	308.6 	-34.9 	6     	70.1     	277   	69.6       	-8.4       	9372      	-58.9
2002      	17:33:23  	308.2 	-34.9 	6     	70.2     	277   	69.7       	-8.4       	9381      	-58.9
2004      	17:33:25  	307.8 	-35.0 	6     	70.2     	277   	69.7       	-8.4       	9389      	-59.0
2006      	17:33:27  	307.5 	-35.0 	6     	70.3     	277   	69.8       	-8.4       	9398      	-59.0
2008      	17:33:29  	307.1 	-35.1 	6     	70.4     	277   	69.9       	-8.4       	9406      	-59.0
2010      	17:33:31  	306.7 	-35.1 	6     	70.6     	277   	70.1       	-8.4       	9415      	-59.1
2012      	17:33:33  	306.4 	-35.2 	6     	70.8     	277   	70.3       	-8.5       	9423      	-59.2
2014      	17:33:35  	306.0 	-35.2 	5     	71.0     	277   	70.5       	-8.6       	9431      	-59.3
2016      	17:33:37  	305.6 	-35.3 	5     	71.2     	277   	70.7       	-8.6       	9439      	-59.4
2018      	17:33:39  	305.3 	-35.3 	5     	71.3     	277   	70.8       	-8.7       	9447      	-59.4
2020      	17:33:41  	304.9 	-35.4 	5     	71.4     	277   	70.9       	-8.8       	9455      	-59.5
2022      	17:33:43  	304.6 	-35.5 	5     	71.6     	277   	71.1       	-8.8       	9463      	-59.5
2024      	17:33:45  	304.2 	-35.5 	5     	71.8     	277   	71.3       	-8.8       	9471      	-59.6
2026      	17:33:47  	303.9 	-35.6 	5     	72.1     	277   	71.5       	-8.9       	9479      	-59.6
2028      	17:33:49  	303.5 	-35.6 	5     	72.3     	277   	71.7       	-8.9       	9488      	-59.6
2030      	17:33:51  	303.2 	-35.7 	5     	72.3     	277   	71.7       	-8.9       	9496      	-59.6
2032      	17:33:53  	302.8 	-35.8 	5     	72.3     	277   	71.8       	-8.9       	9504      	-59.7
2034      	17:33:55  	302.4 	-35.8 	5     	72.4     	277   	71.9       	-8.9       	9512      	-59.7
2036      	17:33:57  	302.1 	-35.9 	6     	72.5     	277   	72.0       	-8.9       	9521      	-59.7
2038      	17:33:59  	301.7 	-36.0 	6     	72.7     	277   	72.1       	-9.0       	9529      	-59.8
2040      	17:34:01  	301.4 	-36.0 	6     	72.7     	277   	72.1       	-9.0       	9537      	-59.8
2042      	17:34:03  	301.0 	-36.1 	6     	72.8     	277   	72.2       	-9.0       	9545      	-59.8
2044      	17:34:05  	300.7 	-36.1 	6     	72.8     	277   	72.2       	-9.1       	9553      	-59.8
2046      	17:34:07  	300.3 	-36.2 	6     	72.8     	277   	72.2       	-9.1       	9561      	-59.9
2048      	17:34:09  	300.0 	-36.3 	6     	72.9     	277   	72.3       	-9.2       	9569      	-60.0
2050      	17:34:11  	299.6 	-36.3 	6     	72.9     	277   	72.3       	-9.3       	9577      	-60.1
2052      	17:34:13  	299.3 	-36.4 	6     	73.0     	277   	72.4       	-9.3       	9585      	-60.1
2054      	17:34:15  	299.0 	-36.5 	5     	73.0     	277   	72.4       	-9.4       	9593      	-60.2
2056      	17:34:17  	298.6 	-36.5 	5     	73.0     	277   	72.4       	-9.4       	9601      	-60.3
2058      	17:34:19  	298.3 	-36.6 	5     	73.1     	277   	72.5       	-9.4       	9609      	-60.4
2060      	17:34:21  	297.9 	-36.6 	5     	73.1     	277   	72.5       	-9.4       	9617      	-60.4
2062      	17:34:23  	297.6 	-36.7 	5     	73.1     	277   	72.5       	-9.5       	9625      	-60.5
2064      	17:34:25  	297.2 	-36.7 	5     	73.1     	278   	72.5       	-9.6       	9633      	-60.5
2066      	17:34:27  	296.9 	-36.8 	5     	73.3     	278   	72.6       	-9.8       	9641      	-60.6
2068      	17:34:29  	296.5 	-36.8 	5     	73.3     	278   	72.6       	-9.8       	9649      	-60.7
2070      	17:34:31  	296.2 	-36.9 	5     	73.3     	278   	72.6       	-9.9       	9657      	-60.8
2072      	17:34:33  	295.9 	-37.0 	5     	73.2     	278   	72.5       	-10.0      	9665      	-60.8
2074      	17:34:35  	295.5 	-37.0 	5     	73.3     	278   	72.6       	-10.2      	9673      	-60.9
2076      	17:34:37  	295.2 	-37.1 	5     	73.3     	278   	72.6       	-10.4      	9681      	-61.0
2078      	17:34:39  	294.8 	-37.1 	5     	73.5     	278   	72.7       	-10.6      	9689      	-61.1
2080      	17:34:41  	294.5 	-37.2 	5     	73.6     	278   	72.8       	-10.8      	9697      	-61.1
2082      	17:34:43  	294.2 	-37.2 	5     	73.6     	279   	72.8       	-10.9      	9705      	-61.2
2084      	17:34:45  	293.8 	-37.3 	5     	73.7     	279   	72.9       	-11.0      	9713      	-61.2
2086      	17:34:47  	293.5 	-37.3 	5     	73.8     	279   	73.0       	-11.1      	9721      	-61.3
2088      	17:34:49  	293.1 	-37.4 	5     	74.0     	279   	73.1       	-11.4      	9729      	-61.3
2090      	17:34:51  	292.8 	-37.4 	5     	74.1     	279   	73.2       	-11.7      	9737      	-61.3
2092      	17:34:53  	292.5 	-37.5 	5     	74.4     	279   	73.4       	-11.9      	9745      	-61.3
2094      	17:34:55  	292.1 	-37.5 	5     	74.5     	279   	73.5       	-12.1      	9752      	-61.3
2096      	17:34:57  	291.8 	-37.5 	5     	74.5     	280   	73.5       	-12.3      	9760      	-61.3
2098      	17:34:59  	291.5 	-37.6 	5     	74.7     	280   	73.6       	-12.5      	9768      	-61.3
2100      	17:35:01  	291.2 	-37.6 	5     	74.8     	280   	73.7       	-12.7      	9775      	-61.3
2102      	17:35:03  	290.9 	-37.7 	5     	74.8     	280   	73.7       	-13.0      	9782      	-61.3
2104      	17:35:05  	290.6 	-37.7 	5     	75.0     	280   	73.8       	-13.2      	9789      	-61.3
2106      	17:35:07  	290.2 	-37.7 	6     	75.0     	280   	73.8       	-13.4      	9797      	-61.2
2108      	17:35:09  	289.9 	-37.8 	6     	74.9     	280   	73.7       	-13.5      	9805      	-61.3
2110      	17:35:11  	289.6 	-37.8 	6     	74.9     	280   	73.7       	-13.6      	9812      	-61.3
2112      	17:35:13  	289.3 	-37.9 	6     	75.0     	281   	73.7       	-13.7      	9820      	-61.2
2114      	17:35:15  	289.0 	-37.9 	6     	74.8     	281   	73.5       	-13.8      	9828      	-61.2
2116      	17:35:17  	288.6 	-37.9 	6     	74.7     	281   	73.4       	-13.9      	9835      	-61.2
2118      	17:35:19  	288.3 	-38.0 	6     	74.6     	281   	73.3       	-14.0      	9843      	-61.1
2120      	17:35:21  	288.0 	-38.0 	6     	74.5     	281   	73.2       	-14.0      	9850      	-61.0
2122      	17:35:23  	287.7 	-38.1 	6     	74.4     	281   	73.1       	-14.0      	9857      	-60.9
2124      	17:35:25  	287.4 	-38.1 	6     	74.3     	281   	73.0       	-14.1      	9865      	-60.7
2126      	17:35:27  	287.1 	-38.1 	6     	74.3     	281   	73.0       	-14.1      	9872      	-60.5
2128      	17:35:29  	286.8 	-38.1 	7     	74.3     	281   	72.9       	-14.2      	9879      	-60.2
2130      	17:35:31  	286.5 	-38.2 	7     	74.3     	281   	72.9       	-14.3      	9887      	-60.0
2132      	17:35:33  	286.2 	-38.2 	7     	74.3     	281   	72.9       	-14.4      	9894      	-59.8
2134      	17:35:35  	285.9 	-38.2 	7     	74.3     	281   	72.9       	-14.5      	9901      	-59.6
2136      	17:35:37  	285.6 	-38.2 	8     	74.3     	281   	72.9       	-14.6      	9908      	-59.3
2138      	17:35:39  	285.3 	-38.3 	8     	74.6     	281   	73.1       	-14.7      	9916      	-59.1
2140      	17:35:41  	285.0 	-38.3 	8     	74.8     	281   	73.3       	-14.9      	9923      	-59.0
2142      	17:35:43  	284.7 	-38.3 	8     	75.2     	282   	73.6       	-15.2      	9930      	-58.9
2144      	17:35:45  	284.4 	-38.3 	8     	75.4     	282   	73.8       	-15.4      	9936      	-58.8
2146      	17:35:47  	284.2 	-38.4 	8     	75.6     	282   	74.0       	-15.6      	9943      	-58.7
2148      	17:35:49  	283.9 	-38.4 	9     	75.8     	282   	74.2       	-15.7      	9949      	-58.6
2150      	17:35:51  	283.6 	-38.4 	9     	76.2     	282   	74.5       	-15.9      	9956      	-58.4
2152      	17:35:53  	283.3 	-38.4 	9     	76.5     	282   	74.8       	-16.2      	9963      	-58.4
2154      	17:35:55  	283.1 	-38.5 	9     	76.9     	282   	75.1       	-16.4      	9969      	-58.3
2156      	17:35:57  	282.8 	-38.5 	9     	77.3     	282   	75.5       	-16.7      	9976      	-58.2
2158      	17:35:59  	282.5 	-38.5 	9     	77.7     	283   	75.8       	-16.9      	9982      	-58.1
2160      	17:36:01  	282.3 	-38.6 	9     	77.8     	283   	75.9       	-17.0      	9989      	-58.0
2162      	17:36:03  	282.0 	-38.6 	9     	77.9     	283   	76.0       	-17.1      	9996      	-57.9
2164      	17:36:05  	281.7 	-38.6 	10    	78.1     	283   	76.2       	-17.2      	10003     	-57.9
2166      	17:36:07  	281.4 	-38.6 	10    	78.4     	283   	76.5       	-17.3      	10010     	-57.8
2168      	17:36:09  	281.1 	-38.7 	10    	78.6     	283   	76.7       	-17.4      	10016     	-57.8
2170      	17:36:11  	280.9 	-38.7 	10    	79.0     	283   	77.0       	-17.5      	10023     	-57.8
2172      	17:36:13  	280.6 	-38.7 	10    	79.2     	283   	77.2       	-17.6      	10030     	-57.8
2174      	17:36:15  	280.3 	-38.8 	10    	79.3     	283   	77.3       	-17.6      	10036     	-57.9
2176      	17:36:17  	280.0 	-38.8 	10    	79.4     	283   	77.4       	-17.6      	10043     	-58.0
2178      	17:36:19  	279.8 	-38.8 	9     	79.9     	283   	77.9       	-17.6      	10050     	-58.2
2180      	17:36:21  	279.5 	-38.8 	9     	80.3     	283   	78.3       	-17.6      	10057     	-58.5
2182      	17:36:23  	279.2 	-38.8 	9     	80.7     	283   	78.8       	-17.6      	10064     	-58.8
2184      	17:36:25  	278.9 	-38.8 	8     	81.1     	283   	79.2       	-17.6      	10071     	-59.0
2186      	17:36:27  	278.6 	-38.9 	8     	81.4     	282   	79.5       	-17.6      	10078     	-59.2
2188      	17:36:29  	278.3 	-38.9 	8     	81.8     	282   	79.9       	-17.6      	10085     	-59.4
2190      	17:36:31  	278.1 	-38.9 	8     	82.2     	282   	80.3       	-17.6      	10092     	-59.6
2192      	17:36:33  	277.8 	-38.9 	8     	82.8     	282   	80.9       	-17.6      	10098     	-59.7
2194      	17:36:35  	277.5 	-39.0 	8     	83.3     	282   	81.4       	-17.5      	10105     	-59.8
2196      	17:36:37  	277.2 	-39.0 	8     	83.8     	282   	82.0       	-17.5      	10113     	-59.9
2198      	17:36:39  	276.9 	-39.0 	8     	84.1     	282   	82.3       	-17.5      	10120     	-60.0
2200      	17:36:41  	276.7 	-39.0 	7     	84.3     	282   	82.5       	-17.5      	10127     	-60.0
2202      	17:36:43  	276.4 	-39.1 	7     	84.5     	282   	82.7       	-17.4      	10134     	-60.2
2204      	17:36:45  	276.1 	-39.1 	7     	85.0     	282   	83.2       	-17.4      	10140     	-60.3
2206      	17:36:47  	275.8 	-39.2 	7     	85.4     	282   	83.6       	-17.5      	10147     	-60.5
2208      	17:36:49  	275.5 	-39.3 	7     	85.9     	282   	84.1       	-17.5      	10154     	-60.6
2210      	17:36:51  	275.2 	-39.3 	7     	86.2     	282   	84.4       	-17.5      	10162     	-60.7
2212      	17:36:53  	275.0 	-39.4 	7     	86.5     	282   	84.7       	-17.5      	10169     	-60.8
2214      	17:36:55  	274.7 	-39.5 	7     	86.7     	282   	84.9       	-17.6      	10175     	-60.8
2216      	17:36:57  	274.4 	-39.5 	7     	86.9     	282   	85.1       	-17.6      	10182     	-60.9
2218      	17:36:59  	274.1 	-39.6 	7     	87.2     	282   	85.4       	-17.7      	10190     	-61.0
2220      	17:37:01  	273.8 	-39.6 	7     	87.6     	282   	85.8       	-17.8      	10197     	-61.0
2222      	17:37:03  	273.5 	-39.7 	7     	87.9     	282   	86.1       	-17.9      	10204     	-61.1
2224      	17:37:05  	273.3 	-39.8 	7     	88.0     	282   	86.2       	-17.9      	10211     	-61.2
2226      	17:37:07  	273.0 	-39.8 	7     	88.1     	282   	86.3       	-17.9      	10218     	-61.2
2228      	17:37:09  	272.7 	-39.9 	7     	88.3     	282   	86.4       	-18.0      	10225     	-61.2
2230      	17:37:11  	272.4 	-40.0 	7     	88.5     	282   	86.7       	-18.0      	10232     	-61.3
2232      	17:37:13  	272.1 	-40.0 	7     	88.8     	282   	87.0       	-18.0      	10239     	-61.3
2234      	17:37:15  	271.8 	-40.1 	7     	89.1     	282   	87.3       	-18.0      	10246     	-61.4
2236      	17:37:17  	271.6 	-40.2 	7     	89.3     	282   	87.5       	-18.0      	10253     	-61.4
2238      	17:37:19  	271.3 	-40.2 	7     	89.5     	282   	87.7       	-18.0      	10260     	-61.5
2240      	17:37:21  	271.0 	-40.3 	7     	89.6     	282   	87.8       	-18.0      	10267     	-61.6
2242      	17:37:23  	270.8 	-40.3 	7     	89.9     	282   	88.1       	-18.0      	10274     	-61.7
2244      	17:37:25  	270.5 	-40.4 	7     	90.1     	282   	88.3       	-18.1      	10281     	-61.7
2246      	17:37:27  	270.2 	-40.5 	7     	90.4     	282   	88.6       	-18.1      	10288     	-61.8
2248      	17:37:29  	269.9 	-40.5 	7     	90.6     	282   	88.8       	-18.1      	10295     	-61.9
2250      	17:37:31  	269.6 	-40.6 	7     	90.7     	282   	88.9       	-18.2      	10302     	-61.9
2252      	17:37:33  	269.4 	-40.7 	7     	90.7     	282   	88.9       	-18.2      	10309     	-61.9
2254      	17:37:35  	269.1 	-40.7 	7     	90.9     	282   	89.1       	-18.2      	10316     	-61.9
2256      	17:37:37  	268.8 	-40.8 	7     	91.2     	282   	89.3       	-18.3      	10323     	-61.9
2258      	17:37:39  	268.5 	-40.8 	7     	91.4     	282   	89.5       	-18.4      	10331     	-61.9
2260      	17:37:41  	268.2 	-40.9 	7     	91.6     	282   	89.7       	-18.4      	10338     	-61.9
2262      	17:37:43  	267.9 	-41.0 	7     	91.8     	282   	89.9       	-18.4      	10345     	-61.9
2264      	17:37:45  	267.7 	-41.0 	7     	91.9     	282   	90.0       	-18.4      	10352     	-61.9
2266      	17:37:47  	267.4 	-41.1 	7     	92.0     	282   	90.1       	-18.4      	10359     	-61.8
2268      	17:37:49  	267.1 	-41.1 	7     	92.3     	282   	90.4       	-18.5      	10366     	-61.8
2270      	17:37:51  	266.8 	-41.2 	8     	92.6     	282   	90.7       	-18.5      	10373     	-61.8
2272      	17:37:53  	266.6 	-41.3 	8     	93.0     	282   	91.1       	-18.6      	10379     	-61.7
2274      	17:37:55  	266.3 	-41.3 	8     	93.2     	282   	91.3       	-18.6      	10386     	-61.7
2276      	17:37:57  	266.1 	-41.4 	8     	93.4     	281   	91.5       	-18.6      	10393     	-61.7
2278      	17:37:59  	265.8 	-41.4 	8     	93.5     	282   	91.6       	-18.7      	10400     	-61.7
2280      	17:38:01  	265.5 	-41.5 	8     	93.8     	282   	91.9       	-18.7      	10407     	-61.7
2282      	17:38:03  	265.2 	-41.5 	8     	94.1     	281   	92.2       	-18.6      	10414     	-61.7
2284      	17:38:05  	265.0 	-41.6 	8     	94.4     	281   	92.5       	-18.6      	10421     	-61.7
2286      	17:38:07  	264.7 	-41.6 	8     	94.5     	281   	92.7       	-18.5      	10427     	-61.6
2288      	17:38:09  	264.4 	-41.7 	8     	94.7     	281   	92.9       	-18.5      	10434     	-61.6
2290      	17:38:11  	264.2 	-41.7 	8     	94.8     	281   	93.0       	-18.4      	10441     	-61.5
2292      	17:38:13  	263.9 	-41.8 	8     	94.9     	281   	93.1       	-18.3      	10448     	-61.5
2294      	17:38:15  	263.6 	-41.8 	9     	95.1     	281   	93.3       	-18.2      	10455     	-61.4
2296      	17:38:17  	263.3 	-41.9 	9     	95.2     	281   	93.5       	-18.1      	10462     	-61.4
2298      	17:38:19  	263.1 	-41.9 	9     	95.4     	281   	93.7       	-18.0      	10469     	-61.3
2300      	17:38:21  	262.8 	-42.0 	9     	95.5     	281   	93.8       	-17.9      	10476     	-61.3
2302      	17:38:23  	262.5 	-42.0 	9     	95.6     	281   	93.9       	-17.9      	10483     	-61.3
2304      	17:38:25  	262.2 	-42.1 	9     	95.7     	281   	94.0       	-17.9      	10491     	-61.3
2306      	17:38:27  	262.0 	-42.1 	9     	95.8     	281   	94.1       	-17.8      	10498     	-61.2
2308      	17:38:29  	261.7 	-42.1 	9     	95.9     	281   	94.3       	-17.7      	10505     	-61.2
2310      	17:38:31  	261.4 	-42.2 	9     	96.1     	281   	94.5       	-17.6      	10512     	-61.2
2312      	17:38:33  	261.1 	-42.2 	9     	96.2     	280   	94.6       	-17.5      	10519     	-61.2
2314      	17:38:35  	260.8 	-42.3 	9     	96.4     	280   	94.8       	-17.4      	10527     	-61.2
2316      	17:38:37  	260.6 	-42.3 	9     	96.5     	280   	94.9       	-17.3      	10534     	-61.2
2318      	17:38:39  	260.3 	-42.4 	9     	96.5     	280   	95.0       	-17.2      	10542     	-61.2
2320      	17:38:41  	260.0 	-42.4 	9     	96.6     	280   	95.1       	-17.0      	10549     	-61.2
2322      	17:38:43  	259.7 	-42.5 	9     	96.8     	280   	95.3       	-16.7      	10557     	-61.2
2324      	17:38:45  	259.4 	-42.5 	10    	96.9     	280   	95.5       	-16.5      	10564     	-61.2
2326      	17:38:47  	259.1 	-42.6 	10    	97.0     	280   	95.6       	-16.3      	10571     	-61.2
2328      	17:38:49  	258.8 	-42.6 	10    	97.0     	280   	95.6       	-16.2      	10579     	-61.3
2330      	17:38:51  	258.6 	-42.7 	10    	96.9     	280   	95.6       	-16.0      	10586     	-61.3
2332      	17:38:53  	258.3 	-42.8 	10    	97.0     	279   	95.7       	-15.9      	10593     	-61.3
2334      	17:38:55  	258.0 	-42.8 	10    	97.0     	279   	95.7       	-15.8      	10601     	-61.3
2336      	17:38:57  	257.7 	-42.9 	10    	97.0     	279   	95.7       	-15.7      	10608     	-61.3
2338      	17:38:59  	257.4 	-42.9 	10    	97.0     	279   	95.7       	-15.6      	10616     	-61.4
2340      	17:39:01  	257.1 	-43.0 	10    	97.0     	279   	95.7       	-15.7      	10623     	-61.4
2342      	17:39:03  	256.9 	-43.0 	10    	96.9     	279   	95.6       	-15.7      	10631     	-61.4
2344      	17:39:05  	256.6 	-43.1 	10    	96.9     	279   	95.6       	-15.8      	10638     	-61.4
2346      	17:39:07  	256.3 	-43.2 	10    	96.8     	279   	95.5       	-15.9      	10646     	-61.4
2348      	17:39:09  	256.0 	-43.2 	10    	96.7     	280   	95.4       	-16.0      	10653     	-61.4
2350      	17:39:11  	255.7 	-43.3 	10    	96.7     	280   	95.3       	-16.2      	10661     	-61.4
2352      	17:39:13  	255.4 	-43.3 	10    	96.6     	280   	95.2       	-16.3      	10669     	-61.4
2354      	17:39:15  	255.1 	-43.4 	10    	96.5     	280   	95.1       	-16.4      	10676     	-61.5
2356      	17:39:17  	254.8 	-43.4 	10    	96.5     	280   	95.1       	-16.5      	10684     	-61.5
2358      	17:39:19  	254.5 	-43.5 	10    	96.4     	280   	95.0       	-16.6      	10692     	-61.6
2360      	17:39:21  	254.3 	-43.5 	10    	96.3     	280   	94.8       	-16.9      	10699     	-61.6
2362      	17:39:23  	254.0 	-43.5 	10    	96.2     	280   	94.7       	-17.2      	10707     	-61.7
2364      	17:39:25  	253.7 	-43.6 	10    	96.2     	280   	94.6       	-17.4      	10714     	-61.8
2366      	17:39:27  	253.4 	-43.6 	10    	96.1     	281   	94.5       	-17.6      	10722     	-61.8
2368      	17:39:29  	253.1 	-43.7 	10    	96.1     	281   	94.5       	-17.7      	10730     	-61.9
2370      	17:39:31  	252.8 	-43.7 	10    	96.1     	281   	94.4       	-17.9      	10737     	-61.9
2372      	17:39:33  	252.5 	-43.8 	10    	96.0     	281   	94.3       	-18.0      	10745     	-61.9
2374      	17:39:35  	252.2 	-43.8 	10    	95.8     	281   	94.1       	-18.1      	10753     	-61.8
2376      	17:39:37  	251.9 	-43.8 	10    	95.7     	281   	94.0       	-18.1      	10761     	-61.8
2378      	17:39:39  	251.6 	-43.9 	10    	95.5     	281   	93.8       	-18.1      	10769     	-61.7
2380      	17:39:41  	251.3 	-43.9 	11    	95.5     	281   	93.8       	-18.0      	10777     	-61.6
2382      	17:39:43  	251.0 	-44.0 	11    	95.4     	281   	93.7       	-18.0      	10785     	-61.5
2384      	17:39:45  	250.8 	-44.0 	11    	95.3     	281   	93.6       	-17.8      	10792     	-61.4
2386      	17:39:47  	250.5 	-44.1 	11    	95.0     	281   	93.4       	-17.5      	10800     	-61.4
2388      	17:39:49  	250.2 	-44.1 	11    	94.9     	280   	93.3       	-17.2      	10808     	-61.3
2390      	17:39:51  	249.9 	-44.2 	11    	94.7     	280   	93.2       	-16.9      	10815     	-61.3
2392      	17:39:53  	249.6 	-44.2 	12    	94.6     	280   	93.1       	-16.7      	10823     	-61.2
2394      	17:39:55  	249.3 	-44.3 	12    	94.6     	280   	93.1       	-16.5      	10831     	-61.2
2396      	17:39:57  	249.0 	-44.3 	12    	94.4     	280   	93.0       	-16.3      	10839     	-61.3
2398      	17:39:59  	248.7 	-44.4 	12    	94.4     	280   	93.0       	-16.0      	10847     	-61.3
2400      	17:40:01  	248.4 	-44.4 	11    	94.3     	280   	93.0       	-15.6      	10854     	-61.5
2402      	17:40:03  	248.1 	-44.5 	11    	94.3     	279   	93.0       	-15.3      	10862     	-61.7
2404      	17:40:05  	247.9 	-44.5 	11    	94.2     	279   	93.0       	-15.0      	10870     	-61.9
2406      	17:40:07  	247.6 	-44.6 	11    	94.2     	279   	93.0       	-14.8      	10878     	-62.0
2408      	17:40:09  	247.3 	-44.6 	11    	94.2     	279   	93.0       	-14.7      	10886     	-62.2
2410      	17:40:11  	247.0 	-44.7 	10    	94.1     	279   	93.0       	-14.5      	10894     	-62.4
2412      	17:40:13  	246.7 	-44.7 	10    	94.1     	279   	93.0       	-14.2      	10902     	-62.5
2414      	17:40:15  	246.4 	-44.7 	10    	94.0     	279   	93.0       	-14.0      	10910     	-62.6
2416      	17:40:17  	246.1 	-44.8 	10    	94.0     	278   	93.0       	-13.8      	10918     	-62.6
2418      	17:40:19  	245.8 	-44.8 	10    	94.0     	278   	93.0       	-13.7      	10926     	-62.7
2420      	17:40:21  	245.5 	-44.8 	10    	94.0     	278   	93.0       	-13.6      	10934     	-62.8
2422      	17:40:23  	245.2 	-44.9 	10    	94.0     	278   	93.0       	-13.5      	10942     	-62.8
2424      	17:40:25  	244.9 	-44.9 	10    	93.9     	278   	92.9       	-13.5      	10950     	-62.9
2426      	17:40:27  	244.6 	-45.0 	10    	93.9     	278   	92.9       	-13.4      	10957     	-63.0
2428      	17:40:29  	244.3 	-45.0 	10    	93.8     	278   	92.8       	-13.4      	10965     	-63.1
2430      	17:40:31  	244.1 	-45.1 	10    	93.8     	278   	92.8       	-13.4      	10973     	-63.1
2432      	17:40:33  	243.8 	-45.1 	10    	93.8     	278   	92.8       	-13.4      	10982     	-63.2
2434      	17:40:35  	243.5 	-45.2 	10    	93.7     	278   	92.7       	-13.4      	10990     	-63.2
2436      	17:40:37  	243.1 	-45.2 	10    	93.9     	278   	92.9       	-13.4      	10998     	-63.2
2438      	17:40:39  	242.9 	-45.3 	10    	94.1     	278   	93.1       	-13.5      	11006     	-63.2
2440      	17:40:41  	242.6 	-45.3 	10    	94.3     	278   	93.3       	-13.5      	11015     	-63.2
2442      	17:40:43  	242.3 	-45.4 	10    	94.6     	278   	93.6       	-13.6      	11023     	-63.2
2444      	17:40:45  	242.0 	-45.4 	10    	94.8     	278   	93.8       	-13.6      	11031     	-63.2
2446      	17:40:47  	241.7 	-45.5 	10    	95.0     	278   	94.0       	-13.6      	11039     	-63.3
2448      	17:40:49  	241.3 	-45.6 	10    	95.3     	278   	94.3       	-13.7      	11048     	-63.3
2450      	17:40:51  	241.1 	-45.6 	10    	95.6     	278   	94.6       	-13.8      	11056     	-63.4
2452      	17:40:53  	240.8 	-45.7 	10    	95.9     	278   	94.9       	-13.8      	11064     	-63.4
2454      	17:40:55  	240.5 	-45.7 	10    	96.2     	278   	95.2       	-13.9      	11072     	-63.5
2456      	17:40:57  	240.2 	-45.8 	10    	96.3     	278   	95.3       	-14.0      	11080     	-63.5
2458      	17:40:59  	239.9 	-45.9 	10    	96.3     	278   	95.3       	-14.1      	11088     	-63.6
2460      	17:41:01  	239.6 	-45.9 	10    	96.4     	278   	95.4       	-14.1      	11096     	-63.6
2462      	17:41:03  	239.3 	-45.9 	10    	96.4     	279   	95.3       	-14.3      	11105     	-63.6
2464      	17:41:05  	239.0 	-46.0 	10    	96.3     	279   	95.2       	-14.5      	11113     	-63.7
2466      	17:41:07  	238.7 	-46.1 	10    	96.2     	279   	95.1       	-14.7      	11122     	-63.7
2468      	17:41:09  	238.4 	-46.1 	10    	96.1     	279   	95.0       	-14.8      	11131     	-63.8
2470      	17:41:11  	238.0 	-46.2 	10    	96.1     	279   	94.9       	-14.9      	11140     	-63.8
2472      	17:41:13  	237.7 	-46.2 	10    	95.9     	279   	94.7       	-15.0      	11149     	-63.9
2474      	17:41:15  	237.4 	-46.3 	10    	95.7     	279   	94.5       	-15.2      	11158     	-63.9
2476      	17:41:17  	237.1 	-46.3 	10    	95.4     	279   	94.2       	-15.3      	11166     	-63.9
2478      	17:41:19  	236.8 	-46.4 	10    	95.2     	279   	93.9       	-15.4      	11175     	-64.0
2480      	17:41:21  	236.5 	-46.4 	10    	94.8     	279   	93.5       	-15.6      	11184     	-64.0
2482      	17:41:23  	236.1 	-46.5 	10    	94.6     	279   	93.3       	-15.6      	11193     	-64.0
2484      	17:41:25  	235.8 	-46.6 	10    	94.4     	280   	93.1       	-15.7      	11202     	-64.0
2486      	17:41:27  	235.5 	-46.6 	10    	94.2     	280   	92.9       	-15.7      	11211     	-64.0
2488      	17:41:29  	235.2 	-46.7 	11    	93.8     	280   	92.5       	-15.6      	11220     	-64.0
2490      	17:41:31  	234.8 	-46.7 	11    	93.4     	280   	92.1       	-15.6      	11230     	-64.0
2492      	17:41:33  	234.5 	-46.8 	11    	93.0     	280   	91.7       	-15.5      	11239     	-64.1
2494      	17:41:35  	234.2 	-46.9 	11    	92.7     	280   	91.4       	-15.5      	11248     	-64.1
2496      	17:41:37  	233.9 	-46.9 	11    	92.4     	280   	91.1       	-15.4      	11257     	-64.1
2498      	17:41:39  	233.6 	-47.0 	11    	92.2     	280   	90.9       	-15.3      	11266     	-64.1
2500      	17:41:41  	233.3 	-47.0 	11    	91.8     	279   	90.6       	-15.1      	11274     	-64.1
2502      	17:41:43  	233.0 	-47.1 	11    	91.4     	279   	90.2       	-14.9      	11283     	-64.1
2504      	17:41:45  	232.7 	-47.1 	11    	90.9     	279   	89.7       	-14.7      	11291     	-64.1
2506      	17:41:47  	232.4 	-47.2 	11    	90.5     	279   	89.3       	-14.5      	11299     	-64.0
2508      	17:41:49  	232.1 	-47.3 	11    	90.3     	279   	89.1       	-14.4      	11308     	-64.0
2510      	17:41:51  	231.8 	-47.3 	12    	90.0     	279   	88.9       	-14.2      	11316     	-63.9
2512      	17:41:53  	231.5 	-47.4 	12    	89.8     	279   	88.7       	-14.1      	11325     	-63.8
2514      	17:41:55  	231.2 	-47.4 	12    	89.4     	279   	88.3       	-13.8      	11333     	-63.7
2516      	17:41:57  	230.9 	-47.5 	12    	89.0     	279   	88.0       	-13.5      	11342     	-63.6
2518      	17:41:59  	230.6 	-47.5 	12    	88.6     	279   	87.6       	-13.2      	11350     	-63.5
2520      	17:42:01  	230.3 	-47.6 	13    	88.3     	278   	87.4       	-12.9      	11359     	-63.4
2522      	17:42:03  	230.0 	-47.6 	13    	88.1     	278   	87.2       	-12.7      	11367     	-63.3
2524      	17:42:05  	229.7 	-47.7 	13    	88.0     	278   	87.1       	-12.5      	11376     	-63.3
2526      	17:42:07  	229.4 	-47.7 	13    	87.8     	278   	86.9       	-12.3      	11384     	-63.2
2528      	17:42:09  	229.1 	-47.8 	14    	87.4     	278   	86.6       	-12.0      	11393     	-63.1
2530      	17:42:11  	228.8 	-47.8 	14    	87.1     	278   	86.3       	-11.7      	11402     	-63.1
2532      	17:42:13  	228.5 	-47.9 	14    	86.8     	277   	86.1       	-11.3      	11411     	-63.1
2534      	17:42:15  	228.2 	-48.0 	14    	86.6     	277   	85.9       	-11.2      	11420     	-63.1
2536      	17:42:17  	227.9 	-48.0 	14    	86.4     	277   	85.7       	-11.0      	11429     	-63.0
2538      	17:42:19  	227.6 	-48.1 	14    	86.3     	277   	85.6       	-10.9      	11438     	-63.0
2540      	17:42:21  	227.3 	-48.1 	15    	85.9     	277   	85.2       	-10.7      	11446     	-62.9
2542      	17:42:23  	226.9 	-48.2 	15    	85.5     	277   	84.9       	-10.4      	11455     	-62.8
2544      	17:42:25  	226.6 	-48.2 	15    	85.1     	277   	84.5       	-10.2      	11464     	-62.8
2546      	17:42:27  	226.3 	-48.2 	15    	84.8     	277   	84.2       	-10.0      	11473     	-62.7
2548      	17:42:29  	226.0 	-48.3 	15    	84.5     	277   	83.9       	-9.9       	11482     	-62.7
2550      	17:42:31  	225.8 	-48.3 	16    	84.3     	277   	83.7       	-9.9       	11490     	-62.6
2552      	17:42:33  	225.5 	-48.4 	16    	84.0     	277   	83.4       	-9.7       	11499     	-62.6
2554      	17:42:35  	225.2 	-48.4 	16    	83.6     	277   	83.0       	-9.6       	11507     	-62.6
2556      	17:42:37  	224.9 	-48.5 	16    	83.1     	276   	82.6       	-9.4       	11516     	-62.6
2558      	17:42:39  	224.6 	-48.6 	16    	82.7     	276   	82.2       	-9.3       	11524     	-62.6
2560      	17:42:41  	224.3 	-48.6 	16    	82.6     	276   	82.1       	-9.2       	11533     	-62.5
2562      	17:42:43  	224.0 	-48.7 	16    	82.4     	276   	81.9       	-9.1       	11541     	-62.5
2564      	17:42:45  	223.7 	-48.7 	17    	82.3     	276   	81.8       	-9.1       	11550     	-62.5
2566      	17:42:47  	223.4 	-48.8 	17    	82.1     	276   	81.6       	-9.1       	11559     	-62.6
2568      	17:42:49  	223.1 	-48.8 	17    	81.9     	276   	81.4       	-9.0       	11567     	-62.6
2570      	17:42:51  	222.8 	-48.9 	17    	81.7     	276   	81.2       	-9.0       	11576     	-62.6
2572      	17:42:53  	222.5 	-49.0 	17    	81.6     	276   	81.1       	-9.0       	11585     	-62.7
2574      	17:42:55  	222.2 	-49.0 	17    	81.5     	276   	81.0       	-9.1       	11594     	-62.7
2576      	17:42:57  	221.9 	-49.1 	17    	81.4     	276   	80.9       	-9.1       	11603     	-62.7
2578      	17:42:59  	221.6 	-49.2 	17    	81.4     	277   	80.9       	-9.3       	11612     	-62.8
2580      	17:43:01  	221.3 	-49.2 	17    	81.3     	277   	80.8       	-9.4       	11620     	-62.7
2582      	17:43:03  	221.0 	-49.3 	17    	81.3     	277   	80.7       	-9.6       	11629     	-62.7
2584      	17:43:05  	220.7 	-49.3 	17    	81.2     	277   	80.6       	-9.7       	11638     	-62.7
2586      	17:43:07  	220.5 	-49.4 	17    	81.2     	277   	80.6       	-9.8       	11646     	-62.8
2588      	17:43:09  	220.2 	-49.4 	17    	81.1     	277   	80.5       	-9.9       	11654     	-62.9
2590      	17:43:11  	219.9 	-49.5 	17    	81.1     	277   	80.5       	-10.1      	11662     	-62.9
2592      	17:43:13  	219.6 	-49.5 	17    	81.0     	277   	80.4       	-10.2      	11670     	-63.0
2594      	17:43:15  	219.4 	-49.6 	17    	81.0     	277   	80.3       	-10.4      	11678     	-63.1
2596      	17:43:17  	219.1 	-49.7 	17    	80.9     	278   	80.2       	-10.6      	11687     	-63.1
2598      	17:43:19  	218.8 	-49.7 	17    	80.8     	278   	80.1       	-10.7      	11695     	-63.1
2600      	17:43:21  	218.5 	-49.8 	17    	80.8     	278   	80.1       	-10.8      	11703     	-63.1
2602      	17:43:23  	218.3 	-49.8 	18    	80.7     	278   	80.0       	-10.9      	11711     	-63.1
2604      	17:43:25  	218.0 	-49.9 	18    	80.8     	278   	80.0       	-11.0      	11719     	-63.1
2606      	17:43:27  	217.8 	-49.9 	18    	80.8     	278   	80.0       	-11.1      	11727     	-63.1
2608      	17:43:29  	217.5 	-49.9 	18    	80.7     	278   	79.9       	-11.2      	11734     	-63.1
2610      	17:43:31  	217.2 	-50.0 	18    	80.7     	278   	79.9       	-11.3      	11742     	-63.1
2612      	17:43:33  	217.0 	-50.0 	18    	80.7     	278   	79.9       	-11.4      	11750     	-63.2
2614      	17:43:35  	216.7 	-50.1 	18    	80.8     	278   	80.0       	-11.4      	11758     	-63.2
2616      	17:43:37  	216.4 	-50.1 	18    	80.8     	278   	80.0       	-11.6      	11766     	-63.3
2618      	17:43:39  	216.2 	-50.1 	17    	80.9     	278   	80.0       	-11.8      	11774     	-63.4
2620      	17:43:41  	215.9 	-50.2 	17    	81.0     	279   	80.1       	-12.0      	11782     	-63.4
2622      	17:43:43  	215.7 	-50.2 	17    	81.0     	279   	80.1       	-12.2      	11790     	-63.5
2624      	17:43:45  	215.4 	-50.2 	17    	81.1     	279   	80.1       	-12.4      	11797     	-63.5
2626      	17:43:47  	215.2 	-50.2 	17    	81.1     	279   	80.1       	-12.6      	11805     	-63.5
2628      	17:43:49  	214.9 	-50.2 	17    	81.1     	279   	80.1       	-12.7      	11812     	-63.5
2630      	17:43:51  	214.7 	-50.2 	17    	81.0     	279   	80.0       	-13.0      	11820     	-63.5
2632      	17:43:53  	214.4 	-50.2 	17    	81.0     	279   	79.9       	-13.2      	11827     	-63.5
2634      	17:43:55  	214.2 	-50.2 	17    	80.9     	280   	79.8       	-13.4      	11835     	-63.6
2636      	17:43:57  	213.9 	-50.2 	17    	80.9     	280   	79.7       	-13.6      	11842     	-63.7
2638      	17:43:59  	213.7 	-50.2 	17    	80.8     	280   	79.6       	-13.7      	11850     	-63.7
2640      	17:44:01  	213.4 	-50.2 	17    	80.7     	280   	79.5       	-13.8      	11857     	-63.7
2642      	17:44:03  	213.2 	-50.2 	17    	80.5     	280   	79.3       	-13.8      	11865     	-63.7
2644      	17:44:05  	212.9 	-50.3 	17    	80.3     	280   	79.1       	-13.9      	11873     	-63.7
2646      	17:44:07  	212.7 	-50.3 	17    	80.0     	280   	78.8       	-13.9      	11880     	-63.7
2648      	17:44:09  	212.4 	-50.3 	17    	79.8     	280   	78.6       	-13.9      	11888     	-63.7
2650      	17:44:11  	212.2 	-50.3 	17    	79.7     	280   	78.5       	-13.9      	11895     	-63.7
2652      	17:44:13  	212.0 	-50.3 	17    	79.5     	280   	78.3       	-13.9      	11903     	-63.7
2654      	17:44:15  	211.7 	-50.4 	17    	79.4     	280   	78.2       	-13.9      	11910     	-63.7
2656      	17:44:17  	211.5 	-50.4 	17    	79.1     	280   	77.9       	-13.8      	11918     	-63.8
2658      	17:44:19  	211.2 	-50.4 	17    	78.8     	280   	77.6       	-13.7      	11925     	-63.8
2660      	17:44:21  	211.0 	-50.3 	17    	78.6     	280   	77.4       	-13.6      	11933     	-63.8
2662      	17:44:23  	210.7 	-50.3 	17    	78.3     	280   	77.1       	-13.5      	11940     	-63.9
2664      	17:44:25  	210.5 	-50.3 	16    	78.2     	280   	77.0       	-13.4      	11948     	-64.0
2666      	17:44:27  	210.3 	-50.3 	16    	78.0     	280   	76.8       	-13.4      	11955     	-64.1
2668      	17:44:29  	210.0 	-50.2 	16    	77.6     	280   	76.5       	-13.3      	11963     	-64.2
2670      	17:44:31  	209.8 	-50.2 	15    	77.1     	280   	75.9       	-13.3      	11971     	-64.3
2672      	17:44:33  	209.5 	-50.2 	15    	76.4     	280   	75.3       	-13.2      	11978     	-64.4
2674      	17:44:35  	209.3 	-50.2 	15    	75.9     	280   	74.7       	-13.2      	11986     	-64.5
2676      	17:44:37  	209.0 	-50.1 	15    	75.4     	280   	74.2       	-13.2      	11994     	-64.5
2678      	17:44:39  	208.8 	-50.1 	15    	74.9     	280   	73.7       	-13.2      	12001     	-64.5
2680      	17:44:41  	208.5 	-50.1 	15    	74.5     	280   	73.3       	-13.2      	12009     	-64.5
2682      	17:44:43  	208.3 	-50.0 	15    	73.7     	280   	72.5       	-13.1      	12017     	-64.5
2684      	17:44:45  	208.1 	-50.0 	15    	73.0     	280   	71.8       	-13.0      	12024     	-64.5
2686      	17:44:47  	207.8 	-50.0 	15    	72.2     	280   	71.0       	-12.9      	12032     	-64.5
2688      	17:44:49  	207.6 	-50.0 	15    	71.6     	280   	70.4       	-12.8      	12039     	-64.5
2690      	17:44:51  	207.4 	-49.9 	14    	71.2     	280   	70.1       	-12.7      	12046     	-64.6
2692      	17:44:53  	207.1 	-50.0 	14    	70.8     	280   	69.7       	-12.6      	12053     	-64.6
2694      	17:44:55  	206.9 	-50.0 	14    	70.5     	280   	69.4       	-12.5      	12060     	-64.7
2696      	17:44:57  	206.7 	-50.0 	14    	70.0     	280   	68.9       	-12.2      	12067     	-64.8
2698      	17:44:59  	206.5 	-50.0 	14    	69.5     	280   	68.5       	-11.9      	12073     	-64.8
2700      	17:45:01  	206.3 	-50.0 	14    	69.0     	280   	68.0       	-11.6      	12080     	-64.9
2702      	17:45:03  	206.1 	-50.0 	14    	68.9     	280   	67.9       	-11.4      	12087     	-64.9
2704      	17:45:05  	205.9 	-50.0 	14    	68.7     	279   	67.8       	-11.2      	12094     	-65.0
2706      	17:45:07  	205.6 	-50.0 	13    	68.5     	279   	67.6       	-11.0      	12100     	-65.1
2708      	17:45:09  	205.4 	-49.9 	13    	68.0     	279   	67.2       	-10.6      	12108     	-65.2
2710      	17:45:11  	205.2 	-49.9 	13    	67.6     	279   	66.8       	-10.3      	12116     	-65.3
2712      	17:45:13  	204.9 	-49.9 	13    	67.1     	278   	66.4       	-9.9       	12123     	-65.4
2714      	17:45:15  	204.6 	-49.9 	12    	66.7     	278   	66.0       	-9.6       	12132     	-65.6
2716      	17:45:17  	204.4 	-49.8 	12    	66.4     	278   	65.7       	-9.4       	12140     	-65.7
2718      	17:45:19  	204.1 	-49.8 	12    	66.1     	278   	65.4       	-9.3       	12149     	-65.8
2720      	17:45:21  	203.9 	-49.8 	12    	65.3     	278   	64.7       	-8.9       	12156     	-65.8
2722      	17:45:23  	203.7 	-49.8 	12    	64.4     	277   	63.9       	-8.4       	12164     	-65.8
2724      	17:45:25  	203.4 	-49.8 	12    	63.5     	277   	63.0       	-7.9       	12171     	-65.8
2726      	17:45:27  	203.2 	-49.8 	12    	62.6     	277   	62.2       	-7.4       	12177     	-65.8
2728      	17:45:29  	203.0 	-49.7 	12    	62.0     	277   	61.6       	-7.1       	12184     	-65.8
2730      	17:45:31  	202.8 	-49.7 	12    	61.4     	276   	61.0       	-6.8       	12191     	-65.7
2732      	17:45:33  	202.6 	-49.7 	12    	60.7     	276   	60.4       	-6.5       	12198     	-65.7
2734      	17:45:35  	202.4 	-49.7 	12    	60.1     	276   	59.8       	-6.0       	12205     	-65.8
2736      	17:45:37  	202.2 	-49.7 	12    	59.4     	275   	59.1       	-5.6       	12211     	-65.9
2738      	17:45:39  	202.0 	-49.7 	12    	58.6     	275   	58.4       	-5.2       	12218     	-65.9
2740      	17:45:41  	201.7 	-49.7 	11    	58.3     	275   	58.1       	-4.9       	12225     	-66.1
2742      	17:45:43  	201.5 	-49.7 	11    	58.1     	275   	57.9       	-4.8       	12232     	-66.2
2744      	17:45:45  	201.3 	-49.7 	11    	58.0     	275   	57.8       	-4.7       	12239     	-66.3
2746      	17:45:47  	201.1 	-49.7 	11    	57.7     	274   	57.5       	-4.4       	12246     	-66.5
2748      	17:45:49  	200.9 	-49.6 	11    	57.2     	274   	57.1       	-4.1       	12252     	-66.5
2750      	17:45:51  	200.7 	-49.6 	10    	56.9     	274   	56.8       	-3.9       	12259     	-66.5
2752      	17:45:53  	200.5 	-49.6 	10    	56.6     	274   	56.5       	-3.6       	12266     	-66.6
2754      	17:45:55  	200.3 	-49.6 	10    	56.4     	274   	56.3       	-3.5       	12272     	-66.6
2756      	17:45:57  	200.1 	-49.6 	10    	56.2     	273   	56.1       	-3.4       	12279     	-66.6
2758      	17:45:59  	199.9 	-49.6 	10    	55.9     	273   	55.8       	-3.2       	12286     	-66.6
2760      	17:46:01  	199.7 	-49.5 	10    	55.5     	273   	55.4       	-3.0       	12292     	-66.6
2762      	17:46:03  	199.5 	-49.5 	10    	55.2     	273   	55.1       	-2.8       	12299     	-66.6
2764      	17:46:05  	199.3 	-49.5 	10    	54.8     	273   	54.7       	-2.6       	12305     	-66.6
2766      	17:46:07  	199.1 	-49.4 	10    	54.6     	273   	54.5       	-2.6       	12312     	-66.6
2768      	17:46:09  	198.9 	-49.4 	10    	54.5     	273   	54.4       	-2.5       	12318     	-66.7
2770      	17:46:11  	198.7 	-49.4 	10    	54.3     	273   	54.2       	-2.5       	12324     	-66.7
2772      	17:46:13  	198.5 	-49.3 	10    	54.3     	273   	54.2       	-2.5       	12331     	-66.7
2774      	17:46:15  	198.3 	-49.3 	10    	54.3     	273   	54.2       	-2.6       	12338     	-66.8
2776      	17:46:17  	198.1 	-49.3 	10    	54.2     	273   	54.1       	-2.7       	12344     	-66.8
2778      	17:46:19  	197.9 	-49.3 	10    	54.3     	273   	54.2       	-2.8       	12351     	-66.9
2780      	17:46:21  	197.7 	-49.3 	10    	54.4     	273   	54.3       	-3.0       	12358     	-67.0
2782      	17:46:23  	197.5 	-49.3 	9     	54.5     	273   	54.4       	-3.1       	12365     	-67.0
2784      	17:46:25  	197.3 	-49.3 	9     	54.7     	273   	54.6       	-3.2       	12371     	-67.1
2786      	17:46:27  	197.1 	-49.3 	9     	55.1     	274   	55.0       	-3.4       	12378     	-67.2
2788      	17:46:29  	196.9 	-49.3 	9     	55.4     	274   	55.3       	-3.6       	12385     	-67.3
2790      	17:46:31  	196.7 	-49.3 	9     	55.7     	274   	55.6       	-3.8       	12392     	-67.4
2792      	17:46:33  	196.5 	-49.3 	9     	56.0     	274   	55.9       	-3.9       	12399     	-67.5
2794      	17:46:35  	196.2 	-49.3 	9     	56.2     	274   	56.1       	-4.0       	12406     	-67.7
2796      	17:46:37  	196.0 	-49.3 	8     	56.4     	274   	56.3       	-4.0       	12413     	-67.8
2798      	17:46:39  	195.8 	-49.3 	8     	56.7     	274   	56.6       	-4.1       	12420     	-68.0
2800      	17:46:41  	195.6 	-49.3 	8     	57.1     	274   	56.9       	-4.2       	12427     	-68.2
2802      	17:46:43  	195.4 	-49.3 	8     	57.5     	274   	57.3       	-4.2       	12434     	-68.3
2804      	17:46:45  	195.2 	-49.3 	8     	57.7     	274   	57.5       	-4.3       	12441     	-68.5
2806      	17:46:47  	195.0 	-49.4 	7     	57.8     	274   	57.6       	-4.3       	12449     	-68.7
2808      	17:46:49  	194.8 	-49.4 	7     	57.9     	274   	57.7       	-4.3       	12456     	-68.9
2810      	17:46:51  	194.5 	-49.4 	7     	58.0     	274   	57.8       	-4.2       	12463     	-69.1
2812      	17:46:53  	194.3 	-49.3 	7     	58.1     	274   	58.0       	-3.8       	12471     	-69.2
2814      	17:46:55  	194.1 	-49.3 	7     	58.4     	273   	58.3       	-3.4       	12478     	-69.4
2816      	17:46:57  	193.9 	-49.3 	6     	58.6     	273   	58.5       	-3.1       	12485     	-69.6
2818      	17:46:59  	193.7 	-49.3 	6     	58.7     	273   	58.6       	-2.7       	12492     	-69.8
2820      	17:47:01  	193.5 	-49.4 	6     	58.7     	272   	58.7       	-2.4       	12500     	-70.0
2822      	17:47:03  	193.2 	-49.4 	6     	58.8     	272   	58.8       	-2.0       	12507     	-70.2
2824      	17:47:05  	193.0 	-49.4 	6     	59.0     	271   	59.0       	-1.4       	12515     	-70.4
2826      	17:47:07  	192.8 	-49.4 	6     	59.2     	271   	59.2       	-0.8       	12522     	-70.7
2828      	17:47:09  	192.6 	-49.4 	5     	59.4     	270   	59.4       	-0.2       	12530     	-70.8
2830      	17:47:11  	192.4 	-49.4 	5     	59.6     	270   	59.6       	0.3        	12537     	-71.0
2832      	17:47:13  	192.1 	-49.4 	5     	59.7     	270   	59.7       	0.5        	12544     	-71.2
2834      	17:47:15  	191.9 	-49.4 	5     	59.8     	269   	59.8       	0.7        	12552     	-71.4
2836      	17:47:17  	191.7 	-49.4 	5     	60.0     	269   	60.0       	1.0        	12559     	-71.6
2838      	17:47:19  	191.5 	-49.3 	5     	60.1     	269   	60.1       	1.4        	12567     	-71.8
2840      	17:47:21  	191.3 	-49.3 	4     	60.3     	268   	60.3       	1.7        	12575     	-72.1
2842      	17:47:23  	191.0 	-49.3 	4     	60.5     	268   	60.5       	2.1        	12582     	-72.3
2844      	17:47:25  	190.8 	-49.2 	4     	60.6     	268   	60.6       	2.2        	12590     	-72.6
2846      	17:47:27  	190.6 	-49.2 	4     	60.6     	268   	60.6       	2.3        	12597     	-72.9
2848      	17:47:29  	190.4 	-49.2 	4     	60.7     	268   	60.7       	2.4        	12605     	-73.2
2850      	17:47:31  	190.1 	-49.2 	4     	60.8     	268   	60.7       	2.6        	12613     	-73.5
2852      	17:47:33  	189.9 	-49.1 	3     	60.8     	267   	60.7       	2.7        	12621     	-73.8
2854      	17:47:35  	189.7 	-49.1 	3     	60.8     	267   	60.7       	2.9        	12629     	-74.1
2856      	17:47:37  	189.4 	-49.1 	3     	60.7     	267   	60.6       	3.0        	12637     	-74.3
2858      	17:47:39  	189.2 	-49.0 	3     	60.6     	267   	60.5       	3.1        	12645     	-74.5
2860      	17:47:41  	189.0 	-49.0 	3     	60.6     	267   	60.5       	3.1        	12653     	-74.6
2862      	17:47:43  	188.7 	-48.9 	3     	60.4     	267   	60.3       	3.2        	12661     	-74.8
2864      	17:47:45  	188.5 	-48.9 	3     	60.2     	267   	60.1       	3.1        	12670     	-74.9
2866      	17:47:47  	188.3 	-48.9 	3     	59.9     	267   	59.8       	3.1        	12678     	-75.0
2868      	17:47:49  	188.0 	-48.9 	3     	59.7     	267   	59.6       	3.1        	12687     	-75.2
2870      	17:47:51  	187.8 	-48.9 	3     	59.5     	267   	59.4       	3.1        	12695     	-75.3
2872      	17:47:53  	187.6 	-48.9 	2     	59.3     	267   	59.2       	3.0        	12703     	-75.6
2874      	17:47:55  	187.3 	-48.9 	2     	59.2     	267   	59.1       	2.9        	12711     	-75.8
2876      	17:47:57  	187.1 	-48.9 	2     	59.1     	267   	59.0       	2.8        	12719     	-76.1
2878      	17:47:59  	186.9 	-48.9 	2     	59.0     	267   	58.9       	2.7        	12727     	-76.3
2880      	17:48:01  	186.6 	-49.0 	2     	59.0     	267   	58.9       	2.6        	12736     	-76.6
2882      	17:48:03  	186.4 	-49.0 	2     	59.0     	267   	58.9       	2.6        	12744     	-76.9
2884      	17:48:05  	186.1 	-49.0 	2     	59.1     	268   	59.0       	2.5        	12753     	-77.2
2886      	17:48:07  	185.9 	-49.1 	2     	59.2     	268   	59.1       	2.5        	12761     	-77.5
2888      	17:48:09  	185.7 	-49.1 	2     	59.3     	268   	59.2       	2.5        	12770     	-77.6
2890      	17:48:11  	185.4 	-49.1 	2     	59.6     	268   	59.5       	2.5        	12778     	-77.7
2892      	17:48:13  	185.2 	-49.1 	2     	59.8     	268   	59.8       	2.4        	12787     	-77.8
2894      	17:48:15  	184.9 	-49.2 	2     	60.0     	268   	60.0       	2.4        	12796     	-77.9
2896      	17:48:17  	184.7 	-49.2 	2     	60.2     	268   	60.2       	2.4        	12805     	-77.9
2898      	17:48:19  	184.4 	-49.2 	2     	60.4     	268   	60.4       	2.4        	12813     	-78.0
2900      	17:48:21  	184.2 	-49.3 	2     	60.6     	268   	60.6       	2.4        	12822     	-78.0
2902      	17:48:23  	184.0 	-49.3 	2     	61.1     	268   	61.0       	2.6        	12830     	-78.1
2904      	17:48:25  	183.7 	-49.4 	2     	61.5     	267   	61.4       	2.7        	12839     	-78.1
2906      	17:48:27  	183.5 	-49.4 	2     	61.8     	267   	61.7       	2.8        	12848     	-78.1
2908      	17:48:29  	183.2 	-49.5 	2     	62.1     	267   	62.0       	2.9        	12857     	-78.1
2910      	17:48:31  	183.0 	-49.5 	2     	62.4     	267   	62.3       	3.0        	12865     	-78.1
2912      	17:48:33  	182.7 	-49.5 	2     	62.6     	267   	62.5       	3.2        	12874     	-78.2
2914      	17:48:35  	182.5 	-49.6 	2     	63.0     	267   	62.9       	3.2        	12882     	-78.2
2916      	17:48:37  	182.3 	-49.6 	2     	63.4     	267   	63.3       	3.3        	12891     	-78.2
2918      	17:48:39  	182.0 	-49.6 	2     	63.8     	267   	63.7       	3.3        	12899     	-78.3
2920      	17:48:41  	181.8 	-49.7 	2     	64.2     	267   	64.1       	3.3        	12908     	-78.3
2922      	17:48:43  	181.5 	-49.7 	2     	64.5     	267   	64.4       	3.3        	12917     	-78.3
2924      	17:48:45  	181.3 	-49.7 	2     	64.7     	267   	64.6       	3.2        	12926     	-78.4
2926      	17:48:47  	181.1 	-49.8 	2     	64.9     	267   	64.8       	3.1        	12934     	-78.4
2928      	17:48:49  	180.8 	-49.8 	2     	65.1     	267   	65.0       	2.9        	12942     	-78.4
2930      	17:48:51  	180.6 	-49.9 	2     	65.3     	268   	65.2       	2.6        	12951     	-78.4
2932      	17:48:53  	180.4 	-49.9 	2     	65.4     	268   	65.4       	2.4        	12959     	-78.4
2934      	17:48:55  	180.1 	-49.9 	2     	65.4     	268   	65.4       	2.3        	12968     	-78.4
2936      	17:48:57  	179.9 	-50.0 	2     	65.4     	268   	65.4       	2.1        	12977     	-78.5
2938      	17:48:59  	179.6 	-50.0 	2     	65.3     	268   	65.3       	1.9        	12986     	-78.5
2940      	17:49:01  	179.4 	-50.0 	2     	65.3     	269   	65.3       	1.7        	12994     	-78.5
2942      	17:49:03  	179.2 	-50.1 	2     	65.3     	269   	65.3       	1.3        	13003     	-78.5
2944      	17:49:05  	178.9 	-50.1 	2     	65.2     	269   	65.2       	1.0        	13011     	-78.6
2946      	17:49:07  	178.7 	-50.2 	2     	65.2     	269   	65.2       	0.8        	13020     	-78.6
2948      	17:49:09  	178.5 	-50.2 	2     	65.2     	269   	65.2       	0.6        	13028     	-78.6
2950      	17:49:11  	178.2 	-50.3 	2     	65.2     	270   	65.2       	0.5        	13037     	-78.6
2952      	17:49:13  	178.0 	-50.3 	2     	65.1     	270   	65.1       	0.3        	13045     	-78.6
2954      	17:49:15  	177.8 	-50.3 	2     	64.9     	270   	64.9       	0.2        	13054     	-78.6
2956      	17:49:17  	177.6 	-50.3 	2     	64.7     	270   	64.7       	0.1        	13062     	-78.7
2958      	17:49:19  	177.3 	-50.4 	2     	64.5     	270   	64.5       	0.1        	13070     	-78.7
2960      	17:49:21  	177.1 	-50.4 	2     	64.3     	270   	64.3       	0.1        	13078     	-78.7
2962      	17:49:23  	176.9 	-50.4 	2     	64.0     	270   	64.0       	0.2        	13087     	-78.7
2964      	17:49:25  	176.6 	-50.5 	2     	63.8     	270   	63.8       	0.2        	13096     	-78.8
2966      	17:49:27  	176.4 	-50.5 	2     	63.6     	270   	63.6       	0.3        	13104     	-78.8
2968      	17:49:29  	176.2 	-50.5 	2     	63.3     	270   	63.3       	0.5        	13113     	-78.8
2970      	17:49:31  	175.9 	-50.6 	2     	63.0     	269   	63.0       	0.6        	13121     	-78.9
2972      	17:49:33  	175.7 	-50.6 	2     	62.8     	269   	62.8       	0.7        	13129     	-78.9
2974      	17:49:35  	175.5 	-50.6 	2     	62.7     	269   	62.7       	0.8        	13138     	-78.9
2976      	17:49:37  	175.3 	-50.7 	2     	62.6     	269   	62.6       	0.8        	13146     	-78.9
2978      	17:49:39  	175.0 	-50.7 	2     	62.5     	269   	62.5       	0.9        	13155     	-78.9
2980      	17:49:41  	174.8 	-50.7 	2     	62.4     	269   	62.4       	1.1        	13163     	-78.8
2982      	17:49:43  	174.6 	-50.8 	2     	62.3     	269   	62.3       	1.2        	13172     	-78.8
2984      	17:49:45  	174.4 	-50.8 	2     	62.2     	269   	62.2       	1.4        	13180     	-78.9
2986      	17:49:47  	174.1 	-50.8 	2     	62.1     	269   	62.1       	1.4        	13188     	-78.9
2988      	17:49:49  	173.9 	-50.9 	2     	62.0     	269   	62.0       	1.5        	13196     	-78.9
2990      	17:49:51  	173.7 	-50.9 	2     	62.0     	269   	62.0       	1.6        	13204     	-79.0
2992      	17:49:53  	173.5 	-51.0 	2     	61.9     	268   	61.9       	1.7        	13213     	-79.1
2994      	17:49:55  	173.3 	-51.0 	2     	61.7     	268   	61.7       	1.7        	13221     	-79.1
2996      	17:49:57  	173.0 	-51.1 	2     	61.6     	268   	61.6       	1.8        	13229     	-79.2
2998      	17:49:59  	172.8 	-51.1 	2     	61.5     	268   	61.5       	1.8        	13237     	-79.3
3000      	17:50:01  	172.6 	-51.2 	2     	61.4     	268   	61.4       	1.8        	13246     	-79.4
3002      	17:50:03  	172.4 	-51.2 	2     	61.4     	268   	61.4       	1.8        	13254     	-79.4
3004      	17:50:05  	172.2 	-51.3 	2     	61.3     	268   	61.3       	1.8        	13262     	-79.4
3006      	17:50:07  	171.9 	-51.4 	2     	61.3     	268   	61.3       	1.9        	13271     	-79.4
3008      	17:50:09  	171.7 	-51.4 	2     	61.3     	268   	61.3       	2.0        	13279     	-79.5
3010      	17:50:11  	171.5 	-51.4 	2     	61.3     	268   	61.3       	2.1        	13288     	-79.5
3012      	17:50:13  	171.3 	-51.5 	2     	61.3     	268   	61.3       	2.2        	13296     	-79.5
3014      	17:50:15  	171.0 	-51.5 	2     	61.4     	268   	61.4       	2.3        	13305     	-79.5
3016      	17:50:17  	170.8 	-51.5 	2     	61.4     	268   	61.4       	2.4        	13313     	-79.5
3018      	17:50:19  	170.6 	-51.6 	2     	61.6     	268   	61.5       	2.5        	13322     	-79.6
3020      	17:50:21  	170.4 	-51.6 	2     	61.7     	268   	61.6       	2.6        	13330     	-79.6
3022      	17:50:23  	170.1 	-51.7 	2     	61.8     	267   	61.7       	2.7        	13339     	-79.7
3024      	17:50:25  	169.9 	-51.7 	2     	61.8     	267   	61.7       	2.8        	13347     	-79.7
3026      	17:50:27  	169.7 	-51.7 	2     	61.8     	267   	61.7       	2.8        	13356     	-79.7
3028      	17:50:29  	169.5 	-51.8 	2     	61.8     	267   	61.7       	2.8        	13364     	-79.8
3030      	17:50:31  	169.2 	-51.8 	2     	61.8     	267   	61.7       	2.7        	13373     	-79.7
3032      	17:50:33  	169.0 	-51.8 	2     	61.7     	267   	61.6       	2.7        	13382     	-79.7
3034      	17:50:35  	168.8 	-51.9 	2     	61.5     	268   	61.4       	2.6        	13390     	-79.7
3036      	17:50:37  	168.6 	-51.9 	2     	61.4     	268   	61.3       	2.6        	13399     	-79.7
3038      	17:50:39  	168.4 	-51.9 	2     	61.3     	268   	61.2       	2.5        	13408     	-79.6
3040      	17:50:41  	168.1 	-51.9 	2     	61.1     	268   	61.0       	2.5        	13416     	-79.6
3042      	17:50:43  	167.9 	-52.0 	2     	60.9     	268   	60.9       	2.4        	13425     	-79.7
3044      	17:50:45  	167.7 	-52.0 	2     	60.8     	268   	60.7       	2.5        	13433     	-79.7
3046      	17:50:47  	167.5 	-52.0 	2     	60.6     	268   	60.5       	2.5        	13442     	-79.7
3048      	17:50:49  	167.2 	-52.0 	2     	60.4     	268   	60.3       	2.6        	13451     	-79.7
3050      	17:50:51  	167.0 	-52.1 	2     	60.2     	267   	60.1       	2.7        	13460     	-79.8
3052      	17:50:53  	166.8 	-52.1 	2     	60.1     	267   	60.0       	2.8        	13469     	-79.8
3054      	17:50:55  	166.5 	-52.2 	2     	60.0     	267   	59.9       	3.0        	13478     	-79.8
3056      	17:50:57  	166.3 	-52.2 	2     	59.9     	267   	59.8       	3.2        	13486     	-79.9
3058      	17:50:59  	166.1 	-52.2 	2     	59.6     	267   	59.5       	3.5        	13494     	-79.9
3060      	17:51:01  	165.9 	-52.3 	2     	59.3     	266   	59.2       	3.9        	13503     	-80.0
3062      	17:51:03  	165.7 	-52.3 	2     	59.0     	266   	58.9       	4.2        	13511     	-80.0
3064      	17:51:05  	165.5 	-52.3 	2     	58.9     	266   	58.7       	4.5        	13520     	-80.0
3066      	17:51:07  	165.2 	-52.3 	2     	58.7     	265   	58.5       	4.7        	13528     	-80.1
3068      	17:51:09  	165.0 	-52.4 	2     	58.5     	265   	58.3       	4.9        	13537     	-80.1
3070      	17:51:11  	164.8 	-52.4 	2     	58.3     	265   	58.1       	5.3        	13545     	-80.1
3072      	17:51:13  	164.6 	-52.4 	2     	58.1     	264   	57.8       	5.8        	13554     	-80.2
3074      	17:51:15  	164.3 	-52.5 	2     	57.8     	264   	57.5       	6.2        	13563     	-80.2
3076      	17:51:17  	164.1 	-52.5 	2     	57.7     	264   	57.3       	6.5        	13572     	-80.2
3078      	17:51:19  	163.9 	-52.5 	2     	57.7     	263   	57.3       	6.7        	13581     	-80.2
3080      	17:51:21  	163.7 	-52.6 	2     	57.6     	263   	57.2       	6.9        	13590     	-80.2
3082      	17:51:23  	163.4 	-52.6 	2     	57.4     	263   	56.9       	7.4        	13599     	-80.2
3084      	17:51:25  	163.2 	-52.6 	2     	57.2     	262   	56.6       	8.0        	13608     	-80.3
3086      	17:51:27  	163.0 	-52.7 	2     	56.9     	261   	56.3       	8.5        	13616     	-80.3
3088      	17:51:29  	162.8 	-52.7 	2     	56.7     	261   	56.0       	9.1        	13625     	-80.4
3090      	17:51:31  	162.6 	-52.8 	2     	56.6     	260   	55.8       	9.5        	13634     	-80.4
3092      	17:51:33  	162.3 	-52.8 	2     	56.5     	260   	55.6       	9.9        	13643     	-80.5
3094      	17:51:35  	162.1 	-52.8 	2     	56.3     	259   	55.3       	10.3       	13651     	-80.5
3096      	17:51:37  	161.9 	-52.9 	2     	56.2     	259   	55.1       	10.9       	13660     	-80.6
3098      	17:51:39  	161.7 	-52.9 	2     	56.0     	258   	54.8       	11.6       	13668     	-80.6
3100      	17:51:41  	161.5 	-53.0 	2     	55.9     	257   	54.6       	12.2       	13677     	-80.6
3102      	17:51:43  	161.3 	-53.0 	2     	55.9     	257   	54.5       	12.4       	13685     	-80.6
3104      	17:51:45  	161.1 	-53.1 	2     	56.0     	257   	54.5       	12.7       	13694     	-80.6
3106      	17:51:47  	160.8 	-53.1 	2     	56.0     	257   	54.5       	12.9       	13702     	-80.6
3108      	17:51:49  	160.6 	-53.2 	2     	56.0     	256   	54.4       	13.3       	13711     	-80.6
3110      	17:51:51  	160.4 	-53.2 	2     	55.9     	256   	54.2       	13.7       	13719     	-80.6
3112      	17:51:53  	160.2 	-53.2 	2     	55.9     	255   	54.1       	14.1       	13728     	-80.6
3114      	17:51:55  	160.0 	-53.3 	2     	55.9     	255   	54.0       	14.4       	13736     	-80.7
3116      	17:51:57  	159.8 	-53.3 	2     	55.8     	255   	53.9       	14.6       	13744     	-80.7
3118      	17:51:59  	159.6 	-53.4 	2     	55.7     	255   	53.7       	14.8       	13753     	-80.8
3120      	17:52:01  	159.4 	-53.4 	2     	55.7     	254   	53.6       	15.1       	13761     	-80.8
3122      	17:52:03  	159.2 	-53.4 	2     	55.5     	254   	53.3       	15.5       	13769     	-80.9
3124      	17:52:05  	159.0 	-53.4 	2     	55.3     	253   	53.0       	15.9       	13777     	-80.9
3126      	17:52:07  	158.8 	-53.5 	2     	55.3     	253   	52.8       	16.4       	13785     	-81.0
3128      	17:52:09  	158.6 	-53.5 	2     	55.2     	252   	52.6       	16.7       	13794     	-81.0
3130      	17:52:11  	158.4 	-53.5 	2     	55.2     	252   	52.5       	16.9       	13802     	-81.0
3132      	17:52:13  	158.2 	-53.5 	2     	55.1     	252   	52.3       	17.2       	13810     	-81.0
3134      	17:52:15  	158.0 	-53.5 	2     	55.0     	252   	52.2       	17.4       	13819     	-81.0
3136      	17:52:17  	157.7 	-53.5 	2     	54.9     	251   	52.0       	17.5       	13828     	-81.0
3138      	17:52:19  	157.5 	-53.5 	2     	54.8     	251   	51.9       	17.7       	13837     	-81.0
3140      	17:52:21  	157.3 	-53.5 	2     	54.6     	251   	51.7       	17.7       	13847     	-81.0
3142      	17:52:23  	157.0 	-53.5 	2     	54.6     	251   	51.7       	17.6       	13857     	-81.0
3144      	17:52:25  	156.8 	-53.5 	2     	54.5     	251   	51.7       	17.4       	13867     	-81.0
3146      	17:52:27  	156.6 	-53.5 	2     	54.4     	252   	51.7       	17.0       	13876     	-81.0
3148      	17:52:29  	156.3 	-53.5 	2     	54.2     	252   	51.6       	16.5       	13886     	-81.0
3150      	17:52:31  	156.1 	-53.5 	2     	54.0     	253   	51.6       	15.9       	13895     	-81.0
3152      	17:52:33  	155.9 	-53.5 	2     	53.8     	253   	51.6       	15.3       	13904     	-81.0
3154      	17:52:35  	155.6 	-53.5 	2     	53.7     	254   	51.6       	14.8       	13913     	-81.0
3156      	17:52:37  	155.4 	-53.5 	2     	53.6     	254   	51.6       	14.4       	13923     	-81.0
3158      	17:52:39  	155.2 	-53.5 	2     	53.4     	255   	51.6       	13.9       	13932     	-81.0
3160      	17:52:41  	155.0 	-53.5 	2     	53.1     	256   	51.5       	13.0       	13941     	-80.9
3162      	17:52:43  	154.8 	-53.5 	2     	52.8     	257   	51.4       	12.1       	13950     	-80.9
3164      	17:52:45  	154.5 	-53.5 	2     	52.5     	258   	51.3       	11.2       	13960     	-80.9
3166      	17:52:47  	154.3 	-53.5 	2     	52.3     	258   	51.2       	10.5       	13969     	-80.9
3168      	17:52:49  	154.1 	-53.6 	2     	52.1     	259   	51.1       	10.0       	13978     	-80.9
3170      	17:52:51  	153.9 	-53.6 	2     	51.9     	259   	51.0       	9.6        	13986     	-80.9
3172      	17:52:53  	153.7 	-53.6 	2     	51.6     	260   	50.8       	9.0        	13994     	-80.9
3174      	17:52:55  	153.5 	-53.6 	2     	51.2     	261   	50.5       	8.2        	14003     	-80.9
3176      	17:52:57  	153.3 	-53.7 	2     	50.8     	262   	50.2       	7.5        	14012     	-80.9
3178      	17:52:59  	153.1 	-53.7 	2     	50.2     	262   	49.8       	6.7        	14021     	-80.9
3180      	17:53:01  	152.9 	-53.7 	2     	50.0     	263   	49.6       	6.4        	14030     	-81.0
3182      	17:53:03  	152.6 	-53.8 	2     	49.7     	263   	49.3       	6.1        	14039     	-81.0
3184      	17:53:05  	152.4 	-53.8 	2     	49.5     	263   	49.1       	5.9        	14047     	-81.0
3186      	17:53:07  	152.2 	-53.8 	2     	49.0     	264   	48.7       	5.5        	14056     	-81.1
3188      	17:53:09  	152.0 	-53.9 	2     	48.6     	264   	48.3       	5.1        	14064     	-81.1
3190      	17:53:11  	151.8 	-53.9 	2     	48.1     	264   	47.9       	4.7        	14073     	-81.1
3192      	17:53:13  	151.6 	-54.0 	2     	47.8     	265   	47.6       	4.4        	14082     	-81.1
3194      	17:53:15  	151.4 	-54.0 	2     	47.7     	265   	47.5       	4.3        	14091     	-81.1
3196      	17:53:17  	151.2 	-54.1 	2     	47.5     	265   	47.3       	4.2        	14099     	-81.1
3198      	17:53:19  	151.0 	-54.1 	2     	47.3     	265   	47.1       	4.1        	14108     	-81.1
3200      	17:53:21  	150.8 	-54.2 	2     	47.1     	265   	46.9       	4.0        	14117     	-81.1
3202      	17:53:23  	150.6 	-54.2 	2     	46.9     	265   	46.7       	3.9        	14126     	-81.0
3204      	17:53:25  	150.4 	-54.3 	2     	46.6     	265   	46.4       	3.8        	14135     	-81.1
3206      	17:53:27  	150.2 	-54.3 	2     	46.5     	265   	46.3       	3.8        	14144     	-81.1
3208      	17:53:29  	149.9 	-54.4 	2     	46.4     	265   	46.2       	3.8        	14153     	-81.1
3210      	17:53:31  	149.7 	-54.4 	2     	46.3     	265   	46.1       	3.9        	14163     	-81.2
3212      	17:53:33  	149.5 	-54.5 	2     	46.2     	265   	46.0       	3.9        	14172     	-81.2
3214      	17:53:35  	149.3 	-54.6 	2     	46.0     	265   	45.8       	4.0        	14181     	-81.3
3216      	17:53:37  	149.1 	-54.6 	2     	45.8     	265   	45.6       	4.1        	14191     	-81.3
3218      	17:53:39  	148.8 	-54.7 	2     	45.6     	265   	45.4       	4.2        	14200     	-81.4
3220      	17:53:41  	148.6 	-54.8 	2     	45.5     	265   	45.3       	4.3        	14210     	-81.4
3222      	17:53:43  	148.4 	-54.8 	2     	45.4     	264   	45.2       	4.4        	14219     	-81.4
3224      	17:53:45  	148.2 	-54.9 	2     	45.3     	264   	45.1       	4.4        	14228     	-81.5
3226      	17:53:47  	148.0 	-55.0 	2     	45.1     	264   	44.9       	4.5        	14238     	-81.5
3228      	17:53:49  	147.8 	-55.0 	2     	44.9     	264   	44.7       	4.5        	14247     	-81.5
3230      	17:53:51  	147.5 	-55.1 	2     	44.7     	264   	44.5       	4.6        	14256     	-81.5
3232      	17:53:53  	147.3 	-55.2 	2     	44.7     	264   	44.5       	4.6        	14266     	-81.6
3234      	17:53:55  	147.1 	-55.3 	2     	44.6     	264   	44.4       	4.6        	14275     	-81.7
3236      	17:53:57  	146.9 	-55.3 	2     	44.5     	264   	44.3       	4.6        	14284     	-81.7
3238      	17:53:59  	146.7 	-55.4 	2     	44.4     	264   	44.2       	4.6        	14293     	-81.8
3240      	17:54:01  	146.5 	-55.5 	2     	44.2     	264   	44.0       	4.6        	14302     	-81.9
3242      	17:54:03  	146.3 	-55.6 	2     	44.0     	264   	43.8       	4.6        	14311     	-82.0
3244      	17:54:05  	146.1 	-55.6 	2     	43.9     	264   	43.7       	4.6        	14321     	-82.0
3246      	17:54:07  	145.9 	-55.7 	2     	43.8     	264   	43.6       	4.6        	14330     	-82.1
3248      	17:54:09  	145.6 	-55.8 	2     	43.8     	264   	43.6       	4.6        	14339     	-82.1
3250      	17:54:11  	145.4 	-55.8 	2     	43.8     	264   	43.5       	4.7        	14348     	-82.2
3252      	17:54:13  	145.2 	-55.9 	2     	43.7     	264   	43.4       	4.7        	14357     	-82.2
3254      	17:54:15  	145.0 	-55.9 	2     	43.6     	264   	43.3       	4.8        	14366     	-82.3
3256      	17:54:17  	144.8 	-56.0 	2     	43.6     	264   	43.3       	4.9        	14375     	-82.3
3258      	17:54:19  	144.6 	-56.0 	2     	43.6     	263   	43.3       	5.0        	14384     	-82.3
3260      	17:54:21  	144.4 	-56.1 	2     	43.6     	263   	43.3       	5.1        	14394     	-82.3
3262      	17:54:23  	144.2 	-56.1 	2     	43.6     	263   	43.3       	5.1        	14403     	-82.3
3264      	17:54:25  	144.0 	-56.2 	2     	43.7     	263   	43.4       	5.2        	14412     	-82.4
3266      	17:54:27  	143.8 	-56.2 	2     	43.7     	263   	43.4       	5.2        	14421     	-82.4
3268      	17:54:29  	143.5 	-56.2 	2     	43.8     	263   	43.5       	5.3        	14431     	-82.4
3270      	17:54:31  	143.3 	-56.3 	2     	43.9     	263   	43.6       	5.2        	14440     	-82.5
3272      	17:54:33  	143.1 	-56.3 	2     	43.9     	263   	43.6       	5.2        	14450     	-82.5
3274      	17:54:35  	142.9 	-56.4 	2     	44.0     	263   	43.7       	5.1        	14459     	-82.6
3276      	17:54:37  	142.7 	-56.4 	2     	43.9     	264   	43.6       	4.9        	14469     	-82.6
3278      	17:54:39  	142.5 	-56.5 	2     	43.8     	264   	43.5       	4.7        	14478     	-82.6
3280      	17:54:41  	142.3 	-56.5 	2     	43.6     	264   	43.4       	4.5        	14488     	-82.6
3282      	17:54:43  	142.1 	-56.5 	2     	43.5     	264   	43.3       	4.3        	14497     	-82.6
3284      	17:54:45  	141.8 	-56.6 	2     	43.3     	265   	43.1       	4.1        	14507     	-82.6
3286      	17:54:47  	141.6 	-56.6 	2     	43.2     	265   	43.0       	4.0        	14516     	-82.6
3288      	17:54:49  	141.4 	-56.6 	2     	42.9     	265   	42.7       	3.8        	14526     	-82.6
3290      	17:54:51  	141.2 	-56.7 	2     	42.6     	265   	42.4       	3.7        	14535     	-82.6
3292      	17:54:53  	141.0 	-56.7 	2     	42.3     	265   	42.1       	3.6        	14544     	-82.7
3294      	17:54:55  	140.8 	-56.8 	2     	41.9     	265   	41.8       	3.4        	14554     	-82.7
3296      	17:54:57  	140.6 	-56.8 	2     	41.7     	265   	41.6       	3.5        	14563     	-82.7
3298      	17:54:59  	140.4 	-56.9 	2     	41.6     	265   	41.5       	3.5        	14572     	-82.8
3300      	17:55:01  	140.2 	-57.0 	2     	41.4     	265   	41.3       	3.5        	14581     	-82.8
3302      	17:55:03  	140.0 	-57.0 	2     	41.2     	265   	41.0       	3.7        	14590     	-82.9
3304      	17:55:05  	139.8 	-57.1 	2     	40.9     	265   	40.7       	3.8        	14600     	-82.9
3306      	17:55:07  	139.6 	-57.1 	2     	40.6     	264   	40.4       	4.0        	14609     	-83.0
3308      	17:55:09  	139.4 	-57.2 	2     	40.3     	264   	40.1       	4.1        	14618     	-83.0
3310      	17:55:11  	139.2 	-57.2 	2     	40.1     	264   	39.9       	4.2        	14628     	-83.1
3312      	17:55:13  	138.9 	-57.3 	2     	39.9     	264   	39.7       	4.3        	14637     	-83.1
3314      	17:55:15  	138.7 	-57.3 	2     	39.7     	264   	39.5       	4.4        	14647     	-83.2
3316      	17:55:17  	138.5 	-57.3 	2     	39.3     	263   	39.0       	4.5        	14656     	-83.2
3318      	17:55:19  	138.3 	-57.4 	2     	38.9     	263   	38.6       	4.6        	14666     	-83.2
3320      	17:55:21  	138.1 	-57.4 	2     	38.5     	263   	38.2       	4.7        	14674     	-83.2
3322      	17:55:23  	137.9 	-57.4 	2     	38.2     	263   	37.9       	4.8        	14683     	-83.3
3324      	17:55:25  	137.7 	-57.4 	2     	37.9     	263   	37.6       	4.8        	14692     	-83.3
3326      	17:55:27  	137.6 	-57.5 	2     	37.7     	263   	37.4       	4.8        	14701     	-83.3
3328      	17:55:29  	137.4 	-57.5 	2     	37.3     	263   	37.0       	4.8        	14710     	-83.3
3330      	17:55:31  	137.2 	-57.5 	2     	37.0     	262   	36.7       	4.9        	14718     	-83.3
3332      	17:55:33  	137.0 	-57.5 	2     	36.6     	262   	36.3       	4.9        	14726     	-83.3
3334      	17:55:35  	136.8 	-57.5 	2     	36.4     	262   	36.1       	4.9        	14735     	-83.3
3336      	17:55:37  	136.6 	-57.4 	2     	36.3     	262   	36.0       	4.9        	14743     	-83.3
3338      	17:55:39  	136.4 	-57.5 	2     	36.2     	262   	35.9       	4.9        	14752     	-83.3
3340      	17:55:41  	136.3 	-57.4 	2     	36.1     	262   	35.8       	4.9        	14761     	-83.3
3342      	17:55:43  	136.1 	-57.4 	2     	36.0     	262   	35.7       	4.9        	14769     	-83.3
3344      	17:55:45  	135.9 	-57.4 	2     	35.9     	262   	35.6       	4.9        	14778     	-83.3
3346      	17:55:47  	135.7 	-57.4 	2     	35.8     	262   	35.5       	4.9        	14787     	-83.3
3348      	17:55:49  	135.5 	-57.3 	2     	35.8     	262   	35.5       	4.8        	14796     	-83.3
3350      	17:55:51  	135.3 	-57.3 	2     	35.9     	262   	35.6       	4.8        	14805     	-83.3
3352      	17:55:53  	135.1 	-57.3 	2     	35.9     	262   	35.6       	4.7        	14815     	-83.3
3354      	17:55:55  	134.9 	-57.3 	2     	35.6     	263   	35.3       	4.5        	14826     	-83.4
3356      	17:55:57  	134.6 	-57.3 	2     	35.3     	263   	35.0       	4.2        	14837     	-83.4
3358      	17:55:59  	134.4 	-57.3 	2     	34.9     	263   	34.7       	4.0        	14848     	-83.4
3360      	17:56:01  	134.2 	-57.3 	2     	34.5     	264   	34.3       	3.7        	14859     	-83.5
3362      	17:56:03  	133.9 	-57.2 	2     	34.2     	264   	34.0       	3.5        	14870     	-83.5
3364      	17:56:05  	133.7 	-57.2 	2     	33.9     	264   	33.7       	3.3        	14879     	-83.5
3366      	17:56:07  	133.5 	-57.2 	2     	33.3     	265   	33.2       	3.1        	14889     	-83.5
3368      	17:56:09  	133.3 	-57.2 	2     	32.5     	265   	32.4       	3.0        	14899     	-83.5
3370      	17:56:11  	133.1 	-57.2 	2     	31.7     	265   	31.6       	2.9        	14908     	-83.5
3372      	17:56:13  	132.9 	-57.2 	2     	30.9     	265   	30.8       	2.7        	14917     	-83.5
3374      	17:56:15  	132.7 	-57.3 	2     	30.4     	265   	30.3       	2.7        	14926     	-83.5
3376      	17:56:17  	132.5 	-57.3 	2     	29.9     	265   	29.8       	2.8        	14935     	-83.5
3378      	17:56:19  	132.4 	-57.3 	2     	29.4     	264   	29.3       	2.9        	14944     	-83.5
3380      	17:56:21  	132.1 	-57.4 	2     	28.9     	264   	28.7       	3.0        	14954     	-83.5
3382      	17:56:23  	131.9 	-57.4 	2     	28.2     	263   	28.0       	3.2        	14965     	-83.5
3384      	17:56:25  	131.7 	-57.4 	2     	27.5     	263   	27.3       	3.4        	14975     	-83.5
3386      	17:56:27  	131.5 	-57.5 	2     	27.1     	263   	26.9       	3.5        	14985     	-83.5
3388      	17:56:29  	131.3 	-57.5 	2     	26.9     	262   	26.7       	3.6        	14995     	-83.5
3390      	17:56:31  	131.1 	-57.5 	2     	26.8     	262   	26.5       	3.7        	15004     	-83.4
3392      	17:56:33  	130.9 	-57.6 	2     	26.5     	262   	26.2       	3.8        	15013     	-83.5
3394      	17:56:35  	130.7 	-57.6 	2     	26.0     	261   	25.7       	4.1        	15022     	-83.5
3396      	17:56:37  	130.6 	-57.7 	2     	25.7     	260   	25.3       	4.3        	15031     	-83.5
3398      	17:56:39  	130.4 	-57.7 	2     	25.3     	260   	24.9       	4.6        	15040     	-83.6
3400      	17:56:41  	130.2 	-57.8 	2     	25.1     	259   	24.6       	4.8        	15049     	-83.6
3402      	17:56:43  	130.0 	-57.8 	2     	24.9     	259   	24.4       	4.9        	15059     	-83.7
3404      	17:56:45  	129.8 	-57.9 	2     	24.6     	258   	24.1       	5.1        	15068     	-83.8
3406      	17:56:47  	129.6 	-58.0 	2     	24.2     	257   	23.6       	5.4        	15078     	-83.9
3408      	17:56:49  	129.4 	-58.0 	2     	23.8     	256   	23.1       	5.8        	15087     	-83.9
3410      	17:56:51  	129.2 	-58.0 	2     	23.3     	255   	22.5       	6.1        	15097     	-83.9
3412      	17:56:53  	129.0 	-58.1 	2     	23.0     	254   	22.1       	6.4        	15107     	-83.9
3414      	17:56:55  	128.8 	-58.2 	2     	22.8     	253   	21.8       	6.7        	15116     	-83.9
3416      	17:56:57  	128.6 	-58.2 	2     	22.7     	252   	21.6       	6.9        	15126     	-83.9
3418      	17:56:59  	128.4 	-58.2 	2     	22.3     	251   	21.1       	7.3        	15136     	-83.9
3420      	17:57:01  	128.2 	-58.3 	2     	22.0     	249   	20.6       	7.8        	15146     	-84.0
3422      	17:57:03  	128.0 	-58.3 	2     	21.8     	248   	20.2       	8.2        	15155     	-84.0
3424      	17:57:05  	127.8 	-58.3 	2     	21.5     	246   	19.7       	8.7        	15165     	-84.0
3426      	17:57:07  	127.6 	-58.4 	2     	21.5     	245   	19.5       	9.0        	15174     	-84.1
3428      	17:57:09  	127.4 	-58.4 	2     	21.4     	245   	19.3       	9.2        	15183     	-84.1
3430      	17:57:11  	127.3 	-58.4 	2     	21.4     	243   	19.1       	9.6        	15192     	-84.2
3432      	17:57:13  	127.1 	-58.5 	2     	21.3     	242   	18.8       	10.1       	15201     	-84.2
3434      	17:57:15  	126.9 	-58.6 	2     	21.4     	240   	18.5       	10.7       	15209     	-84.2
3436      	17:57:17  	126.7 	-58.6 	2     	21.4     	238   	18.2       	11.2       	15217     	-84.2
3438      	17:57:19  	126.6 	-58.6 	2     	21.4     	238   	18.1       	11.5       	15226     	-84.2
3440      	17:57:21  	126.4 	-58.7 	2     	21.5     	237   	18.0       	11.7       	15234     	-84.2
3442      	17:57:23  	126.2 	-58.7 	2     	21.6     	236   	17.9       	12.0       	15243     	-84.2
3444      	17:57:25  	126.1 	-58.7 	2     	21.5     	236   	17.8       	12.1       	15251     	-84.1
3446      	17:57:27  	125.9 	-58.8 	2     	21.6     	235   	17.7       	12.3       	15260     	-84.1
3448      	17:57:29  	125.7 	-58.8 	2     	21.6     	235   	17.7       	12.4       	15269     	-84.1
3450      	17:57:31  	125.5 	-58.9 	2     	21.6     	235   	17.6       	12.5       	15278     	-84.1
3452      	17:57:33  	125.4 	-58.9 	2     	21.5     	235   	17.6       	12.3       	15286     	-84.1
3454      	17:57:35  	125.2 	-59.0 	2     	21.4     	235   	17.6       	12.2       	15295     	-84.1
3456      	17:57:37  	125.0 	-59.0 	2     	21.4     	236   	17.7       	12.1       	15304     	-84.2
3458      	17:57:39  	124.8 	-59.1 	2     	21.5     	236   	17.9       	11.9       	15313     	-84.2
3460      	17:57:41  	124.7 	-59.1 	2     	21.6     	237   	18.1       	11.7       	15321     	-84.3
3462      	17:57:43  	124.5 	-59.2 	2     	21.5     	238   	18.2       	11.5       	15330     	-84.3
3464      	17:57:45  	124.3 	-59.3 	2     	21.6     	238   	18.4       	11.4       	15338     	-84.4
3466      	17:57:47  	124.2 	-59.3 	2     	21.7     	238   	18.5       	11.4       	15347     	-84.4
3468      	17:57:49  	124.0 	-59.4 	2     	21.8     	239   	18.7       	11.3       	15355     	-84.4
3470      	17:57:51  	123.8 	-59.5 	2     	22.0     	239   	18.9       	11.3       	15363     	-84.4
3472      	17:57:53  	123.7 	-59.5 	2     	22.2     	239   	19.1       	11.3       	15371     	-84.5
3474      	17:57:55  	123.5 	-59.6 	2     	22.4     	240   	19.3       	11.3       	15379     	-84.5
3476      	17:57:57  	123.3 	-59.7 	2     	22.5     	240   	19.5       	11.3       	15388     	-84.5
3478      	17:57:59  	123.2 	-59.7 	2     	22.6     	240   	19.5       	11.4       	15396     	-84.5
3480      	17:58:01  	123.0 	-59.8 	2     	22.7     	240   	19.6       	11.5       	15404     	-84.6
3482      	17:58:03  	122.8 	-59.9 	2     	22.9     	240   	19.7       	11.6       	15413     	-84.6
3484      	17:58:05  	122.7 	-59.9 	2     	23.0     	239   	19.8       	11.8       	15421     	-84.6
3486      	17:58:07  	122.5 	-60.0 	2     	23.2     	239   	19.9       	12.0       	15429     	-84.7
3488      	17:58:09  	122.4 	-60.1 	2     	23.5     	239   	20.1       	12.2       	15438     	-84.7
3490      	17:58:11  	122.2 	-60.2 	2     	23.6     	239   	20.1       	12.3       	15446     	-84.7
3492      	17:58:13  	122.0 	-60.2 	2     	23.7     	238   	20.2       	12.4       	15454     	-84.8
3494      	17:58:15  	121.9 	-60.3 	2     	23.8     	238   	20.2       	12.5       	15462     	-84.8
3496      	17:58:17  	121.7 	-60.3 	2     	24.1     	238   	20.4       	12.8       	15470     	-84.8
3498      	17:58:19  	121.6 	-60.4 	2     	24.3     	237   	20.5       	13.1       	15478     	-84.9
3500      	17:58:21  	121.4 	-60.4 	2     	24.5     	237   	20.6       	13.3       	15487     	-84.9
3502      	17:58:23  	121.2 	-60.5 	2     	24.8     	237   	20.7       	13.6       	15495     	-84.9
3504      	17:58:25  	121.1 	-60.5 	2     	24.9     	237   	20.8       	13.7       	15503     	-85.0
3506      	17:58:27  	120.9 	-60.6 	2     	25.0     	236   	20.8       	13.9       	15511     	-85.0
3508      	17:58:29  	120.8 	-60.6 	2     	25.2     	236   	20.9       	14.0       	15519     	-85.1
3510      	17:58:31  	120.6 	-60.6 	2     	25.5     	236   	21.2       	14.2       	15527     	-85.1
3512      	17:58:33  	120.5 	-60.7 	2     	25.8     	236   	21.4       	14.4       	15535     	-85.1
3514      	17:58:35  	120.3 	-60.7 	2     	26.1     	236   	21.6       	14.6       	15543     	-85.2
3516      	17:58:37  	120.1 	-60.7 	2     	26.3     	236   	21.8       	14.7       	15551     	-85.2
3518      	17:58:39  	120.0 	-60.8 	2     	26.5     	236   	22.0       	14.7       	15559     	-85.2
3520      	17:58:41  	119.8 	-60.8 	2     	26.5     	236   	22.1       	14.7       	15568     	-85.2
3522      	17:58:43  	119.7 	-60.8 	2     	26.8     	237   	22.4       	14.7       	15576     	-85.2
3524      	17:58:45  	119.5 	-60.8 	2     	27.0     	237   	22.7       	14.7       	15584     	-85.2
3526      	17:58:47  	119.4 	-60.9 	2     	27.3     	237   	23.0       	14.7       	15592     	-85.2
3528      	17:58:49  	119.2 	-60.9 	2     	27.5     	238   	23.3       	14.6       	15600     	-85.2
3530      	17:58:51  	119.1 	-60.9 	2     	27.6     	238   	23.4       	14.6       	15608     	-85.2
3532      	17:58:53  	118.9 	-60.9 	2     	27.7     	238   	23.6       	14.5       	15616     	-85.2
3534      	17:58:55  	118.8 	-60.9 	2     	27.7     	239   	23.7       	14.3       	15623     	-85.2
3536      	17:58:57  	118.6 	-60.9 	2     	27.7     	240   	23.9       	14.0       	15631     	-85.3
3538      	17:58:59  	118.5 	-60.9 	2     	27.7     	240   	24.1       	13.7       	15639     	-85.3
3540      	17:59:01  	118.3 	-61.0 	2     	27.7     	241   	24.3       	13.4       	15646     	-85.4
3542      	17:59:03  	118.2 	-61.0 	2     	27.7     	242   	24.4       	13.2       	15654     	-85.5
3544      	17:59:05  	118.0 	-61.0 	2     	27.6     	242   	24.4       	12.9       	15662     	-85.5
3546      	17:59:07  	117.9 	-61.0 	2     	27.6     	243   	24.5       	12.7       	15670     	-85.6
3548      	17:59:09  	117.7 	-61.0 	2     	27.4     	244   	24.5       	12.2       	15677     	-85.6
3550      	17:59:11  	117.6 	-61.1 	2     	27.2     	245   	24.6       	11.7       	15685     	-85.6
3552      	17:59:13  	117.4 	-61.1 	2     	27.0     	246   	24.6       	11.2       	15693     	-85.6
3554      	17:59:15  	117.3 	-61.1 	2     	27.0     	246   	24.7       	10.8       	15701     	-85.6
3556      	17:59:17  	117.1 	-61.1 	2     	26.8     	247   	24.7       	10.5       	15709     	-85.6
3558      	17:59:19  	117.0 	-61.1 	2     	26.8     	247   	24.7       	10.3       	15716     	-85.6
3560      	17:59:21  	116.8 	-61.1 	2     	26.7     	248   	24.8       	10.0       	15725     	-85.5
3562      	17:59:23  	116.7 	-61.1 	2     	26.8     	249   	25.1       	9.5        	15733     	-85.5
3564      	17:59:25  	116.5 	-61.1 	2     	26.9     	250   	25.3       	9.1        	15741     	-85.5
3566      	17:59:27  	116.4 	-61.1 	2     	26.9     	251   	25.5       	8.6        	15749     	-85.5
3568      	17:59:29  	116.2 	-61.1 	2     	27.0     	252   	25.7       	8.4        	15758     	-85.5
3570      	17:59:31  	116.1 	-61.1 	2     	27.2     	252   	25.9       	8.3        	15766     	-85.6
3572      	17:59:33  	115.9 	-61.1 	2     	27.3     	253   	26.1       	8.0        	15775     	-85.6
3574      	17:59:35  	115.7 	-61.1 	2     	27.3     	254   	26.2       	7.6        	15784     	-85.6
3576      	17:59:37  	115.6 	-61.1 	2     	27.2     	255   	26.3       	7.1        	15792     	-85.7
3578      	17:59:39  	115.4 	-61.1 	2     	27.2     	256   	26.4       	6.7        	15801     	-85.7
3580      	17:59:41  	115.3 	-61.1 	2     	27.1     	257   	26.4       	6.3        	15809     	-85.7
3582      	17:59:43  	115.1 	-61.1 	2     	27.0     	257   	26.3       	6.0        	15818     	-85.7
3584      	17:59:45  	115.0 	-61.1 	2     	26.8     	258   	26.2       	5.7        	15826     	-85.7
3586      	17:59:47  	114.8 	-61.1 	2     	26.2     	259   	25.7       	5.2        	15834     	-85.6
3588      	17:59:49  	114.6 	-61.1 	2     	25.7     	259   	25.3       	4.7        	15842     	-85.6
3590      	17:59:51  	114.5 	-61.1 	2     	25.2     	260   	24.8       	4.2        	15851     	-85.6
3592      	17:59:53  	114.3 	-61.1 	2     	24.7     	261   	24.4       	3.7        	15859     	-85.6
3594      	17:59:55  	114.2 	-61.0 	2     	24.4     	262   	24.1       	3.5        	15868     	-85.6
3596      	17:59:57  	114.0 	-61.0 	2     	24.0     	262   	23.8       	3.2        	15877     	-85.6
3598      	17:59:59  	113.9 	-61.0 	2     	23.5     	263   	23.3       	2.9        	15885     	-85.5
3600      	18:00:01  	113.7 	-61.0 	2     	22.7     	263   	22.6       	2.6        	15894     	-85.5
3602      	18:00:03  	113.6 	-61.1 	2     	22.0     	264   	21.9       	2.2        	15902     	-85.5
3604      	18:00:05  	113.4 	-61.1 	2     	21.3     	265   	21.2       	1.9        	15910     	-85.5
3606      	18:00:07  	113.3 	-61.1 	2     	20.9     	265   	20.8       	1.7        	15918     	-85.5
3608      	18:00:09  	113.1 	-61.2 	2     	20.5     	266   	20.4       	1.6        	15926     	-85.5
3610      	18:00:11  	112.9 	-61.2 	2     	20.1     	266   	20.0       	1.5        	15935     	-85.5
3612      	18:00:13  	112.8 	-61.2 	2     	19.6     	266   	19.5       	1.5        	15943     	-85.5
3614      	18:00:15  	112.6 	-61.3 	2     	19.0     	266   	18.9       	1.4        	15952     	-85.6
3616      	18:00:17  	112.5 	-61.3 	2     	18.5     	266   	18.4       	1.4        	15960     	-85.6
3618      	18:00:19  	112.3 	-61.4 	2     	18.1     	266   	18.0       	1.4        	15968     	-85.6
3620      	18:00:21  	112.2 	-61.4 	2     	17.9     	265   	17.8       	1.5        	15977     	-85.6
3622      	18:00:23  	112.0 	-61.5 	2     	17.7     	265   	17.6       	1.5        	15985     	-85.6
3624      	18:00:25  	111.9 	-61.5 	2     	17.5     	265   	17.4       	1.6        	15994     	-85.6
3626      	18:00:27  	111.7 	-61.6 	2     	17.1     	264   	17.0       	1.8        	16003     	-85.6
3628      	18:00:29  	111.6 	-61.7 	2     	16.8     	263   	16.7       	2.0        	16012     	-85.7
3630      	18:00:31  	111.4 	-61.8 	2     	16.5     	263   	16.4       	2.1        	16020     	-85.7
3632      	18:00:33  	111.2 	-61.8 	2     	16.5     	262   	16.3       	2.3        	16029     	-85.7
3634      	18:00:35  	111.1 	-61.9 	2     	16.4     	262   	16.2       	2.4        	16038     	-85.7
3636      	18:00:37  	110.9 	-62.0 	2     	16.2     	261   	16.0       	2.5        	16047     	-85.7
3638      	18:00:39  	110.8 	-62.1 	2     	16.1     	260   	15.9       	2.7        	16055     	-85.8
3640      	18:00:41  	110.6 	-62.1 	3     	16.0     	260   	15.8       	2.8        	16064     	-85.8
3642      	18:00:43  	110.5 	-62.2 	3     	16.0     	259   	15.7       	3.0        	16072     	-85.8
3644      	18:00:45  	110.3 	-62.3 	3     	15.9     	259   	15.6       	3.1        	16081     	-85.9
3646      	18:00:47  	110.2 	-62.4 	3     	15.9     	258   	15.6       	3.2        	16090     	-85.9
3648      	18:00:49  	110.0 	-62.4 	3     	15.9     	258   	15.6       	3.3        	16099     	-86.0
3650      	18:00:51  	109.8 	-62.5 	3     	16.0     	258   	15.6       	3.4        	16107     	-86.0
3652      	18:00:53  	109.7 	-62.6 	3     	16.1     	257   	15.7       	3.5        	16116     	-86.1
3654      	18:00:55  	109.5 	-62.7 	3     	16.2     	257   	15.8       	3.7        	16125     	-86.1
3656      	18:00:57  	109.4 	-62.7 	3     	16.3     	257   	15.9       	3.8        	16133     	-86.2
3658      	18:00:59  	109.2 	-62.8 	3     	16.4     	256   	15.9       	3.9        	16141     	-86.2
3660      	18:01:01  	109.1 	-62.8 	3     	16.5     	256   	16.0       	4.0        	16150     	-86.3
3662      	18:01:03  	108.9 	-62.9 	3     	16.6     	256   	16.1       	4.1        	16159     	-86.3
3664      	18:01:05  	108.8 	-63.0 	3     	16.8     	255   	16.2       	4.3        	16167     	-86.4
3666      	18:01:07  	108.6 	-63.0 	3     	16.9     	254   	16.3       	4.6        	16176     	-86.5
3668      	18:01:09  	108.5 	-63.1 	3     	17.1     	254   	16.4       	4.8        	16185     	-86.5
3670      	18:01:11  	108.3 	-63.2 	3     	17.1     	253   	16.4       	5.0        	16194     	-86.6
3672      	18:01:13  	108.1 	-63.2 	2     	17.2     	252   	16.4       	5.2        	16203     	-86.7
3674      	18:01:15  	108.0 	-63.3 	2     	17.3     	252   	16.4       	5.4        	16213     	-86.7
3676      	18:01:17  	107.8 	-63.3 	2     	17.5     	251   	16.5       	5.7        	16222     	-86.8
3678      	18:01:19  	107.6 	-63.3 	2     	17.6     	250   	16.5       	6.1        	16232     	-86.8
3680      	18:01:21  	107.5 	-63.4 	2     	17.7     	248   	16.5       	6.5        	16241     	-86.8
3682      	18:01:23  	107.3 	-63.4 	2     	18.0     	247   	16.6       	7.0        	16251     	-86.9
3684      	18:01:25  	107.2 	-63.5 	2     	18.1     	246   	16.6       	7.3        	16260     	-86.9
3686      	18:01:27  	107.0 	-63.5 	2     	18.3     	246   	16.7       	7.6        	16268     	-86.9
3688      	18:01:29  	106.8 	-63.6 	2     	18.4     	245   	16.7       	7.8        	16277     	-87.0
3690      	18:01:31  	106.7 	-63.6 	2     	18.7     	245   	16.9       	8.0        	16286     	-87.0
3692      	18:01:33  	106.5 	-63.6 	2     	18.8     	245   	17.0       	8.1        	16295     	-87.0
3694      	18:01:35  	106.4 	-63.7 	2     	19.1     	244   	17.2       	8.3        	16304     	-87.1
3696      	18:01:37  	106.2 	-63.7 	2     	19.2     	244   	17.3       	8.3        	16313     	-87.1
3698      	18:01:39  	106.1 	-63.8 	2     	19.2     	245   	17.4       	8.2        	16322     	-87.1
3700      	18:01:41  	105.9 	-63.8 	3     	19.4     	245   	17.6       	8.1        	16331     	-87.1
3702      	18:01:43  	105.8 	-63.8 	3     	19.4     	246   	17.7       	7.9        	16339     	-87.1
3704      	18:01:45  	105.6 	-63.9 	3     	19.5     	247   	18.0       	7.6        	16348     	-87.1
3706      	18:01:47  	105.5 	-63.9 	3     	19.6     	248   	18.2       	7.3        	16357     	-87.1
3708      	18:01:49  	105.3 	-63.9 	3     	19.7     	249   	18.4       	7.1        	16366     	-87.1
3710      	18:01:51  	105.2 	-64.0 	3     	19.7     	250   	18.5       	6.9        	16375     	-87.2
3712      	18:01:53  	105.0 	-64.0 	3     	19.8     	250   	18.6       	6.7        	16383     	-87.2
3714      	18:01:55  	104.9 	-64.1 	3     	19.9     	251   	18.8       	6.6        	16392     	-87.2
3716      	18:01:57  	104.7 	-64.1 	3     	20.1     	251   	19.0       	6.5        	16401     	-87.2
3718      	18:01:59  	104.6 	-64.1 	3     	20.3     	252   	19.3       	6.4        	16410     	-87.3
3720      	18:02:01  	104.4 	-64.2 	3     	20.6     	252   	19.6       	6.2        	16419     	-87.3
3722      	18:02:03  	104.3 	-64.2 	3     	20.7     	253   	19.8       	6.2        	16428     	-87.4
3724      	18:02:05  	104.1 	-64.2 	3     	20.9     	253   	20.0       	6.2        	16437     	-87.4
3726      	18:02:07  	103.9 	-64.3 	3     	21.1     	253   	20.2       	6.2        	16446     	-87.4
3728      	18:02:09  	103.8 	-64.3 	3     	21.4     	253   	20.4       	6.3        	16456     	-87.5
3730      	18:02:11  	103.6 	-64.3 	3     	21.6     	253   	20.7       	6.3        	16465     	-87.5
3732      	18:02:13  	103.5 	-64.3 	2     	22.0     	253   	21.1       	6.4        	16474     	-87.6
3734      	18:02:15  	103.3 	-64.3 	2     	22.4     	253   	21.4       	6.5        	16483     	-87.6
3736      	18:02:17  	103.2 	-64.3 	2     	22.6     	253   	21.6       	6.5        	16493     	-87.6
3738      	18:02:19  	103.0 	-64.3 	2     	22.7     	253   	21.8       	6.5        	16502     	-87.7
3740      	18:02:21  	102.9 	-64.4 	2     	22.9     	253   	21.9       	6.6        	16511     	-87.7
3742      	18:02:23  	102.7 	-64.4 	2     	23.4     	254   	22.4       	6.6        	16520     	-87.7
3744      	18:02:25  	102.5 	-64.4 	2     	23.7     	254   	22.8       	6.6        	16529     	-87.7
3746      	18:02:27  	102.4 	-64.4 	2     	24.1     	254   	23.2       	6.6        	16538     	-87.8
3748      	18:02:29  	102.2 	-64.4 	2     	24.4     	254   	23.5       	6.6        	16547     	-87.8
3750      	18:02:31  	102.1 	-64.3 	2     	24.7     	255   	23.8       	6.6        	16556     	-87.8
3752      	18:02:33  	101.9 	-64.3 	2     	24.9     	255   	24.0       	6.5        	16565     	-87.8
3754      	18:02:35  	101.8 	-64.3 	2     	24.9     	255   	24.1       	6.4        	16574     	-87.7
3756      	18:02:37  	101.6 	-64.3 	2     	25.0     	256   	24.2       	6.2        	16583     	-87.7
3758      	18:02:39  	101.5 	-64.3 	2     	25.1     	256   	24.3       	6.1        	16592     	-87.7
3760      	18:02:41  	101.3 	-64.2 	2     	25.1     	256   	24.4       	5.9        	16601     	-87.7
3762      	18:02:43  	101.2 	-64.2 	2     	24.9     	257   	24.2       	5.8        	16610     	-87.6
3764      	18:02:45  	101.0 	-64.2 	2     	24.8     	257   	24.1       	5.7        	16619     	-87.6
3766      	18:02:47  	100.9 	-64.1 	2     	24.5     	257   	23.9       	5.4        	16628     	-87.5
3768      	18:02:49  	100.8 	-64.1 	2     	24.1     	258   	23.6       	5.0        	16637     	-87.5
3770      	18:02:51  	100.6 	-64.1 	2     	23.7     	259   	23.3       	4.6        	16646     	-87.5
3772      	18:02:53  	100.4 	-64.1 	2     	23.4     	260   	23.0       	4.1        	16655     	-87.4
3774      	18:02:55  	100.3 	-64.1 	2     	23.2     	261   	22.9       	3.8        	16665     	-87.4
3776      	18:02:57  	100.1 	-64.0 	2     	23.1     	261   	22.8       	3.5        	16674     	-87.4
3778      	18:02:59  	100.0 	-64.0 	2     	22.8     	262   	22.6       	3.2        	16684     	-87.4
3780      	18:03:01  	99.8  	-64.0 	2     	22.3     	263   	22.1       	2.7        	16693     	-87.4
3782      	18:03:03  	99.7  	-63.9 	2     	21.7     	264   	21.6       	2.1        	16702     	-87.4
3784      	18:03:05  	99.5  	-63.9 	2     	21.1     	266   	21.0       	1.5        	16711     	-87.4
3786      	18:03:07  	99.4  	-63.9 	2     	20.5     	267   	20.5       	1.0        	16721     	-87.4
3788      	18:03:09  	99.2  	-63.8 	2     	20.1     	268   	20.1       	0.7        	16730     	-87.4
3790      	18:03:11  	99.1  	-63.8 	2     	19.7     	269   	19.7       	0.4        	16739     	-87.4
3792      	18:03:13  	98.9  	-63.8 	2     	19.1     	270   	19.1       	0.1        	16748     	-87.4
3794      	18:03:15  	98.8  	-63.7 	2     	18.5     	271   	18.5       	-0.4       	16757     	-87.4
3796      	18:03:17  	98.7  	-63.7 	2     	17.8     	273   	17.8       	-0.8       	16765     	-87.3
3798      	18:03:19  	98.5  	-63.7 	2     	17.1     	274   	17.1       	-1.3       	16774     	-87.3
3800      	18:03:21  	98.4  	-63.6 	2     	16.9     	275   	16.8       	-1.4       	16783     	-87.3
3802      	18:03:23  	98.2  	-63.6 	2     	16.7     	276   	16.6       	-1.6       	16791     	-87.3
3804      	18:03:25  	98.1  	-63.6 	2     	16.4     	276   	16.3       	-1.7       	16800     	-87.2
3806      	18:03:27  	98.0  	-63.5 	2     	15.9     	278   	15.8       	-2.1       	16809     	-87.2
3808      	18:03:29  	97.8  	-63.5 	2     	15.5     	279   	15.3       	-2.5       	16818     	-87.2
3810      	18:03:31  	97.7  	-63.5 	2     	15.2     	281   	14.9       	-2.9       	16827     	-87.1
3812      	18:03:33  	97.5  	-63.4 	2     	14.8     	282   	14.5       	-3.2       	16836     	-87.1
3814      	18:03:35  	97.4  	-63.4 	2     	14.6     	284   	14.2       	-3.5       	16845     	-87.0
3816      	18:03:37  	97.3  	-63.4 	2     	14.5     	285   	14.0       	-3.7       	16853     	-87.0
3818      	18:03:39  	97.1  	-63.4 	2     	14.1     	286   	13.6       	-3.9       	16862     	-87.0
3820      	18:03:41  	97.0  	-63.4 	2     	13.5     	288   	12.9       	-4.1       	16871     	-86.9
3822      	18:03:43  	96.8  	-63.3 	2     	13.0     	289   	12.3       	-4.2       	16879     	-86.9
3824      	18:03:45  	96.7  	-63.3 	2     	12.4     	291   	11.6       	-4.4       	16888     	-86.9
3826      	18:03:47  	96.6  	-63.3 	2     	12.0     	291   	11.2       	-4.3       	16897     	-86.9
3828      	18:03:49  	96.4  	-63.3 	2     	11.6     	291   	10.8       	-4.2       	16906     	-86.9
3830      	18:03:51  	96.3  	-63.3 	2     	11.1     	292   	10.3       	-4.2       	16914     	-86.9
3832      	18:03:53  	96.2  	-63.3 	2     	10.5     	292   	9.7        	-3.9       	16923     	-86.8
3834      	18:03:55  	96.0  	-63.3 	2     	9.7      	292   	9.0        	-3.6       	16931     	-86.8
3836      	18:03:57  	95.9  	-63.3 	2     	8.9      	292   	8.3        	-3.3       	16940     	-86.8
3838      	18:03:59  	95.8  	-63.3 	3     	8.4      	291   	7.8        	-3.0       	16949     	-86.8
3840      	18:04:01  	95.6  	-63.3 	3     	8.1      	290   	7.6        	-2.8       	16958     	-86.7
3842      	18:04:03  	95.5  	-63.3 	3     	7.7      	290   	7.3        	-2.6       	16966     	-86.7
3844      	18:04:05  	95.3  	-63.4 	3     	7.4      	288   	7.0        	-2.3       	16975     	-86.8
3846      	18:04:07  	95.2  	-63.4 	3     	6.9      	285   	6.7        	-1.8       	16984     	-86.8
3848      	18:04:09  	95.1  	-63.4 	3     	6.6      	282   	6.4        	-1.4       	16993     	-86.7
3850      	18:04:11  	94.9  	-63.4 	3     	6.1      	279   	6.0        	-0.9       	17002     	-86.7
3852      	18:04:13  	94.8  	-63.5 	3     	5.9      	276   	5.9        	-0.6       	17010     	-86.7
3854      	18:04:15  	94.7  	-63.5 	3     	5.9      	273   	5.9        	-0.3       	17018     	-86.7
3856      	18:04:17  	94.5  	-63.5 	3     	5.8      	270   	5.8        	0.0        	17027     	-86.8
3858      	18:04:19  	94.4  	-63.6 	3     	5.7      	265   	5.7        	0.5        	17036     	-86.8
3860      	18:04:21  	94.3  	-63.6 	3     	5.8      	258   	5.7        	1.2        	17045     	-86.8
3862      	18:04:23  	94.1  	-63.7 	3     	5.9      	252   	5.6        	1.8        	17053     	-86.8
3864      	18:04:25  	94.0  	-63.7 	3     	6.1      	248   	5.6        	2.3        	17062     	-86.8
3866      	18:04:27  	93.9  	-63.8 	3     	6.2      	244   	5.6        	2.7        	17071     	-86.9
3868      	18:04:29  	93.7  	-63.8 	3     	6.4      	241   	5.6        	3.1        	17079     	-86.9
3870      	18:04:31  	93.6  	-63.8 	3     	6.6      	238   	5.6        	3.5        	17088     	-86.9
3872      	18:04:33  	93.5  	-63.8 	3     	7.1      	234   	5.7        	4.2        	17096     	-86.9
3874      	18:04:35  	93.3  	-63.9 	3     	7.5      	229   	5.7        	4.9        	17105     	-86.9
3876      	18:04:37  	93.2  	-63.9 	3     	8.0      	227   	5.8        	5.5        	17114     	-86.9
3878      	18:04:39  	93.1  	-63.9 	3     	8.3      	225   	5.8        	5.9        	17122     	-86.9
3880      	18:04:41  	93.0  	-63.9 	3     	8.6      	224   	5.9        	6.2        	17131     	-87.0
3882      	18:04:43  	92.8  	-63.9 	3     	8.8      	222   	5.9        	6.5        	17139     	-87.0
3884      	18:04:45  	92.7  	-63.9 	3     	9.2      	222   	6.2        	6.8        	17148     	-87.0
3886      	18:04:47  	92.6  	-63.9 	3     	9.6      	222   	6.5        	7.1        	17156     	-87.1
3888      	18:04:49  	92.4  	-63.8 	3     	10.0     	223   	6.8        	7.4        	17165     	-87.1
3890      	18:04:51  	92.3  	-63.8 	3     	10.4     	223   	7.1        	7.6        	17173     	-87.1
3892      	18:04:53  	92.2  	-63.8 	2     	10.6     	224   	7.4        	7.6        	17182     	-87.2
3894      	18:04:55  	92.1  	-63.8 	2     	10.8     	225   	7.7        	7.6        	17190     	-87.2
3896      	18:04:57  	91.9  	-63.8 	2     	11.0     	227   	8.0        	7.5        	17199     	-87.2
3898      	18:04:59  	91.8  	-63.8 	2     	11.2     	229   	8.5        	7.3        	17208     	-87.2
3900      	18:05:01  	91.7  	-63.8 	2     	11.5     	232   	9.0        	7.1        	17216     	-87.1
3902      	18:05:03  	91.5  	-63.7 	2     	11.8     	235   	9.6        	6.8        	17225     	-87.1
3904      	18:05:05  	91.4  	-63.7 	2     	11.8     	236   	9.8        	6.6        	17233     	-87.0
3906      	18:05:07  	91.3  	-63.7 	3     	12.0     	238   	10.1       	6.4        	17241     	-87.0
3908      	18:05:09  	91.2  	-63.6 	3     	12.0     	240   	10.4       	6.0        	17250     	-86.9
3910      	18:05:11  	91.0  	-63.6 	3     	12.2     	242   	10.8       	5.7        	17258     	-86.8
3912      	18:05:13  	90.9  	-63.5 	3     	12.4     	245   	11.2       	5.3        	17267     	-86.8
3914      	18:05:15  	90.8  	-63.5 	3     	12.6     	247   	11.6       	4.9        	17275     	-86.8
3916      	18:05:17  	90.7  	-63.5 	3     	12.7     	249   	11.8       	4.6        	17284     	-86.8
3918      	18:05:19  	90.5  	-63.5 	3     	12.8     	250   	12.0       	4.4        	17292     	-86.8
3920      	18:05:21  	90.4  	-63.5 	2     	12.8     	250   	12.1       	4.3        	17301     	-86.9
3922      	18:05:23  	90.3  	-63.4 	2     	12.9     	251   	12.2       	4.1        	17309     	-86.9
3924      	18:05:25  	90.2  	-63.4 	2     	12.9     	252   	12.3       	3.9        	17318     	-86.9
3926      	18:05:27  	90.0  	-63.4 	2     	13.0     	253   	12.4       	3.8        	17326     	-86.9
3928      	18:05:29  	89.9  	-63.4 	2     	12.9     	253   	12.4       	3.7        	17334     	-86.9
3930      	18:05:31  	89.8  	-63.4 	2     	12.9     	253   	12.4       	3.7        	17343     	-86.9
3932      	18:05:33  	89.7  	-63.4 	2     	12.9     	253   	12.4       	3.7        	17351     	-86.9
3934      	18:05:35  	89.6  	-63.4 	2     	12.8     	253   	12.3       	3.7        	17359     	-86.8
3936      	18:05:37  	89.4  	-63.4 	2     	12.9     	252   	12.3       	4.0        	17367     	-86.8
3938      	18:05:39  	89.3  	-63.4 	2     	13.0     	251   	12.3       	4.2        	17376     	-86.9
3940      	18:05:41  	89.2  	-63.4 	2     	13.0     	250   	12.2       	4.5        	17384     	-86.9
3942      	18:05:43  	89.1  	-63.4 	2     	13.1     	249   	12.2       	4.7        	17393     	-86.9
3944      	18:05:45  	88.9  	-63.4 	2     	13.2     	248   	12.2       	5.0        	17402     	-86.9
3946      	18:05:47  	88.8  	-63.4 	2     	13.3     	247   	12.2       	5.3        	17410     	-86.9
3948      	18:05:49  	88.7  	-63.4 	2     	13.6     	245   	12.3       	5.7        	17418     	-86.9
3950      	18:05:51  	88.6  	-63.4 	2     	13.8     	244   	12.4       	6.1        	17427     	-86.9
3952      	18:05:53  	88.4  	-63.4 	3     	14.1     	242   	12.5       	6.6        	17436     	-86.8
3954      	18:05:55  	88.3  	-63.5 	3     	14.4     	241   	12.6       	7.0        	17444     	-86.8
3956      	18:05:57  	88.2  	-63.4 	3     	14.7     	241   	12.8       	7.2        	17453     	-86.8
3958      	18:05:59  	88.1  	-63.4 	3     	14.9     	240   	12.9       	7.4        	17462     	-86.7
3960      	18:06:01  	87.9  	-63.4 	3     	15.0     	239   	12.9       	7.6        	17471     	-86.7
3962      	18:06:03  	87.8  	-63.4 	3     	15.1     	238   	12.8       	8.0        	17480     	-86.7
3964      	18:06:05  	87.7  	-63.4 	3     	15.2     	237   	12.7       	8.3        	17488     	-86.7
3966      	18:06:07  	87.6  	-63.4 	3     	15.3     	235   	12.6       	8.7        	17497     	-86.6
3968      	18:06:09  	87.5  	-63.4 	3     	15.2     	234   	12.3       	8.9        	17505     	-86.6
3970      	18:06:11  	87.3  	-63.4 	3     	15.1     	233   	12.1       	9.0        	17513     	-86.6
3972      	18:06:13  	87.2  	-63.4 	3     	15.0     	232   	11.8       	9.2        	17522     	-86.6
3974      	18:06:15  	87.1  	-63.4 	3     	14.8     	230   	11.4       	9.4        	17530     	-86.6
3976      	18:06:17  	87.0  	-63.4 	3     	14.6     	229   	11.0       	9.6        	17538     	-86.6
3978      	18:06:19  	86.9  	-63.4 	3     	14.4     	227   	10.6       	9.8        	17547     	-86.5
3980      	18:06:21  	86.7  	-63.4 	3     	14.4     	226   	10.3       	10.0       	17555     	-86.5
3982      	18:06:23  	86.6  	-63.4 	3     	14.3     	225   	10.1       	10.1       	17564     	-86.5
3984      	18:06:25  	86.5  	-63.4 	3     	14.2     	224   	9.9        	10.2       	17573     	-86.5
3986      	18:06:27  	86.4  	-63.4 	3     	14.1     	224   	9.8        	10.2       	17581     	-86.5
3988      	18:06:29  	86.2  	-63.4 	3     	14.1     	223   	9.7        	10.3       	17590     	-86.5
3990      	18:06:31  	86.1  	-63.4 	3     	14.2     	223   	9.6        	10.4       	17599     	-86.6
3992      	18:06:33  	86.0  	-63.4 	3     	14.2     	222   	9.5        	10.5       	17608     	-86.6
3994      	18:06:35  	85.9  	-63.4 	3     	14.2     	222   	9.6        	10.5       	17617     	-86.5
3996      	18:06:37  	85.8  	-63.3 	3     	14.3     	223   	9.7        	10.5       	17626     	-86.5
3998      	18:06:39  	85.6  	-63.3 	3     	14.4     	223   	9.8        	10.5       	17635     	-86.5
4000      	18:06:41  	85.5  	-63.2 	3     	14.4     	224   	9.9        	10.4       	17644     	-86.5
4002      	18:06:43  	85.4  	-63.2 	3     	14.4     	225   	10.1       	10.2       	17653     	-86.5
4004      	18:06:45  	85.2  	-63.2 	3     	14.4     	226   	10.3       	10.1       	17662     	-86.4
4006      	18:06:47  	85.1  	-63.1 	3     	14.4     	227   	10.5       	9.9        	17671     	-86.4
4008      	18:06:49  	85.0  	-63.1 	3     	14.4     	228   	10.6       	9.7        	17680     	-86.4
4010      	18:06:51  	84.9  	-63.1 	3     	14.4     	228   	10.7       	9.6        	17689     	-86.5
4012      	18:06:53  	84.8  	-63.1 	3     	14.1     	229   	10.7       	9.2        	17697     	-86.5
4014      	18:06:55  	84.6  	-63.0 	3     	13.7     	232   	10.7       	8.5        	17706     	-86.4
4016      	18:06:57  	84.5  	-63.0 	3     	13.2     	234   	10.7       	7.8        	17714     	-86.4
4018      	18:06:59  	84.4  	-63.0 	3     	12.8     	236   	10.7       	7.1        	17723     	-86.4
4020      	18:07:01  	84.3  	-62.9 	3     	12.4     	238   	10.5       	6.6        	17731     	-86.4
4022      	18:07:03  	84.2  	-62.9 	3     	12.0     	240   	10.4       	6.0        	17740     	-86.3
4024      	18:07:05  	84.1  	-62.9 	3     	11.7     	242   	10.3       	5.5        	17748     	-86.3
4026      	18:07:07  	83.9  	-62.9 	3     	11.1     	246   	10.1       	4.6        	17757     	-86.2
4028      	18:07:09  	83.8  	-62.8 	3     	10.7     	250   	10.0       	3.7        	17766     	-86.2
4030      	18:07:11  	83.7  	-62.8 	3     	10.3     	254   	9.9        	2.8        	17774     	-86.1
4032      	18:07:13  	83.6  	-62.8 	3     	10.0     	258   	9.8        	2.1        	17783     	-86.1
4034      	18:07:15  	83.5  	-62.8 	3     	9.9      	260   	9.8        	1.7        	17791     	-86.1
4036      	18:07:17  	83.4  	-62.7 	3     	9.9      	262   	9.8        	1.3        	17799     	-86.0
4038      	18:07:19  	83.2  	-62.7 	3     	9.8      	265   	9.8        	0.8        	17808     	-85.9
4040      	18:07:21  	83.1  	-62.6 	3     	9.9      	269   	9.9        	0.1        	17817     	-85.9
4042      	18:07:23  	83.0  	-62.6 	3     	9.9      	273   	9.9        	-0.6       	17825     	-85.9
4044      	18:07:25  	82.9  	-62.6 	3     	10.1     	277   	10.0       	-1.3       	17833     	-85.8
4046      	18:07:27  	82.8  	-62.5 	3     	10.2     	279   	10.1       	-1.6       	17842     	-85.8
4048      	18:07:29  	82.7  	-62.5 	3     	10.4     	281   	10.2       	-1.9       	17850     	-85.8
4050      	18:07:31  	82.6  	-62.5 	3     	10.4     	282   	10.2       	-2.2       	17858     	-85.8
4052      	18:07:33  	82.5  	-62.5 	3     	10.7     	285   	10.4       	-2.7       	17867     	-85.8
4054      	18:07:35  	82.3  	-62.5 	3     	11.2     	287   	10.7       	-3.3       	17875     	-85.8
4056      	18:07:37  	82.2  	-62.5 	3     	11.8     	289   	11.1       	-3.9       	17884     	-85.8
4058      	18:07:39  	82.1  	-62.5 	3     	12.1     	291   	11.3       	-4.3       	17893     	-85.8
4060      	18:07:41  	82.0  	-62.4 	3     	12.4     	292   	11.5       	-4.6       	17901     	-85.8
4062      	18:07:43  	81.9  	-62.4 	3     	12.8     	293   	11.8       	-4.9       	17909     	-85.8
4064      	18:07:45  	81.8  	-62.4 	3     	13.1     	294   	12.0       	-5.3       	17917     	-85.8
4066      	18:07:47  	81.7  	-62.4 	3     	13.5     	295   	12.2       	-5.7       	17926     	-85.8
4068      	18:07:49  	81.6  	-62.4 	3     	13.7     	296   	12.3       	-6.1       	17934     	-85.7
4070      	18:07:51  	81.4  	-62.3 	3     	14.1     	298   	12.5       	-6.6       	17943     	-85.7
4072      	18:07:53  	81.3  	-62.3 	3     	14.2     	299   	12.5       	-6.8       	17952     	-85.7
4074      	18:07:55  	81.2  	-62.3 	3     	14.2     	299   	12.4       	-7.0       	17960     	-85.6
4076      	18:07:57  	81.1  	-62.3 	3     	14.2     	300   	12.3       	-7.1       	17969     	-85.6
4078      	18:07:59  	81.0  	-62.2 	3     	14.0     	302   	11.9       	-7.3       	17977     	-85.5
4080      	18:08:01  	80.9  	-62.2 	3     	13.7     	303   	11.5       	-7.4       	17985     	-85.5
4082      	18:08:03  	80.8  	-62.1 	3     	13.5     	304   	11.1       	-7.6       	17993     	-85.5
4084      	18:08:05  	80.7  	-62.1 	3     	13.1     	305   	10.7       	-7.6       	18001     	-85.5
4086      	18:08:07  	80.6  	-62.1 	3     	12.9     	306   	10.4       	-7.6       	18010     	-85.5
4088      	18:08:09  	80.5  	-62.1 	3     	12.6     	307   	10.0       	-7.6       	18018     	-85.5
4090      	18:08:11  	80.3  	-62.0 	3     	11.9     	308   	9.4        	-7.3       	18027     	-85.5
4092      	18:08:13  	80.2  	-62.0 	3     	11.2     	309   	8.7        	-7.0       	18036     	-85.6
4094      	18:08:15  	80.1  	-62.0 	3     	10.5     	310   	8.1        	-6.7       	18044     	-85.6
4096      	18:08:17  	80.0  	-62.0 	3     	9.9      	310   	7.5        	-6.4       	18053     	-85.6
4098      	18:08:19  	79.9  	-61.9 	3     	9.4      	311   	7.1        	-6.2       	18061     	-85.6
4100      	18:08:21  	79.8  	-61.9 	3     	9.0      	311   	6.8        	-5.9       	18070     	-85.6
4102      	18:08:23  	79.7  	-61.9 	3     	8.4      	311   	6.4        	-5.5       	18079     	-85.6
4104      	18:08:25  	79.6  	-61.9 	3     	7.7      	310   	5.9        	-4.9       	18088     	-85.6
4106      	18:08:27  	79.4  	-61.8 	3     	7.0      	309   	5.4        	-4.4       	18096     	-85.5
4108      	18:08:29  	79.3  	-61.8 	3     	6.3      	309   	4.9        	-3.9       	18105     	-85.5
4110      	18:08:31  	79.2  	-61.8 	3     	5.8      	308   	4.6        	-3.6       	18115     	-85.4
4112      	18:08:33  	79.1  	-61.7 	3     	5.5      	307   	4.4        	-3.3       	18124     	-85.4
4114      	18:08:35  	79.0  	-61.7 	3     	5.2      	306   	4.2        	-3.1       	18133     	-85.4
4116      	18:08:37  	78.9  	-61.7 	3     	4.5      	304   	3.7        	-2.5       	18142     	-85.3
4118      	18:08:39  	78.8  	-61.6 	3     	3.7      	301   	3.2        	-1.9       	18151     	-85.3
4120      	18:08:41  	78.6  	-61.6 	3     	3.0      	294   	2.7        	-1.2       	18160     	-85.3
4122      	18:08:43  	78.5  	-61.6 	3     	2.5      	286   	2.4        	-0.7       	18168     	-85.3
4124      	18:08:45  	78.4  	-61.5 	3     	2.1      	278   	2.1        	-0.3       	18177     	-85.2
4126      	18:08:47  	78.3  	-61.5 	3     	1.8      	270   	1.8        	0.0        	18185     	-85.2
4128      	18:08:49  	78.2  	-61.5 	3     	1.6      	248   	1.5        	0.6        	18193     	-85.2
4130      	18:08:51  	78.1  	-61.5 	3     	1.7      	220   	1.1        	1.3        	18202     	-85.1
4132      	18:08:53  	78.0  	-61.5 	3     	2.2      	198   	0.7        	2.1        	18210     	-85.1
4134      	18:08:55  	77.9  	-61.4 	3     	2.8      	186   	0.3        	2.8        	18218     	-85.0
4136      	18:08:57  	77.8  	-61.4 	3     	3.3      	182   	0.1        	3.3        	18226     	-85.0
4138      	18:08:59  	77.7  	-61.4 	3     	3.6      	178   	-0.1       	3.6        	18234     	-84.9
4140      	18:09:01  	77.6  	-61.4 	3     	4.0      	177   	-0.2       	4.0        	18243     	-84.9
4142      	18:09:03  	77.5  	-61.4 	3     	4.6      	173   	-0.6       	4.6        	18252     	-84.8
4144      	18:09:05  	77.4  	-61.3 	3     	5.4      	169   	-1.0       	5.3        	18261     	-84.8
4146      	18:09:07  	77.3  	-61.3 	3     	6.2      	167   	-1.4       	6.0        	18269     	-84.8
4148      	18:09:09  	77.2  	-61.3 	3     	6.8      	165   	-1.8       	6.6        	18278     	-84.8
4150      	18:09:11  	77.0  	-61.3 	3     	7.2      	163   	-2.1       	6.9        	18286     	-84.8
4152      	18:09:13  	76.9  	-61.3 	3     	7.6      	162   	-2.4       	7.2        	18295     	-84.8
4154      	18:09:15  	76.8  	-61.3 	3     	8.0      	162   	-2.5       	7.6        	18304     	-84.8
4156      	18:09:17  	76.7  	-61.3 	3     	8.3      	162   	-2.6       	7.9        	18313     	-84.7
4158      	18:09:19  	76.6  	-61.3 	3     	8.7      	162   	-2.7       	8.3        	18321     	-84.7
4160      	18:09:21  	76.5  	-61.3 	3     	9.1      	162   	-2.8       	8.7        	18330     	-84.7
4162      	18:09:23  	76.4  	-61.4 	3     	9.3      	163   	-2.7       	8.9        	18339     	-84.7
4164      	18:09:25  	76.3  	-61.4 	3     	9.3      	164   	-2.5       	9.0        	18347     	-84.7
4166      	18:09:27  	76.2  	-61.4 	3     	9.4      	166   	-2.3       	9.1        	18356     	-84.8
4168      	18:09:29  	76.1  	-61.4 	3     	9.3      	169   	-1.7       	9.1        	18365     	-84.8
4170      	18:09:31  	76.0  	-61.5 	3     	9.3      	173   	-1.1       	9.2        	18374     	-84.8
4172      	18:09:33  	75.9  	-61.5 	3     	9.3      	177   	-0.5       	9.3        	18383     	-84.8
4174      	18:09:35  	75.7  	-61.5 	3     	9.3      	179   	-0.1       	9.3        	18392     	-84.8
4176      	18:09:37  	75.6  	-61.6 	3     	9.3      	182   	0.3        	9.3        	18401     	-84.9
4178      	18:09:39  	75.5  	-61.6 	3     	9.3      	185   	0.8        	9.3        	18410     	-84.9
4180      	18:09:41  	75.4  	-61.6 	3     	9.4      	188   	1.3        	9.3        	18418     	-84.8
4182      	18:09:43  	75.3  	-61.6 	3     	9.7      	192   	2.1        	9.5        	18427     	-84.8
4184      	18:09:45  	75.2  	-61.6 	3     	10.0     	196   	2.8        	9.6        	18435     	-84.8
4186      	18:09:47  	75.1  	-61.6 	3     	10.4     	200   	3.6        	9.8        	18444     	-84.8
4188      	18:09:49  	75.0  	-61.6 	3     	10.7     	202   	4.0        	9.9        	18452     	-84.8
4190      	18:09:51  	74.9  	-61.6 	3     	11.0     	204   	4.4        	10.1       	18461     	-84.8
4192      	18:09:53  	74.8  	-61.6 	3     	11.2     	205   	4.7        	10.2       	18470     	-84.8
4194      	18:09:55  	74.7  	-61.6 	3     	11.8     	208   	5.5        	10.4       	18479     	-84.8
4196      	18:09:57  	74.6  	-61.6 	3     	12.3     	210   	6.2        	10.6       	18488     	-84.8
4198      	18:09:59  	74.5  	-61.6 	3     	12.8     	213   	7.0        	10.7       	18497     	-84.8
4200      	18:10:01  	74.4  	-61.5 	3     	13.2     	215   	7.6        	10.8       	18506     	-84.8
4202      	18:10:03  	74.3  	-61.5 	3     	13.4     	217   	8.0        	10.8       	18514     	-84.9
4204      	18:10:05  	74.2  	-61.5 	3     	13.8     	218   	8.4        	10.9       	18523     	-84.9
4206      	18:10:07  	74.0  	-61.4 	3     	14.0     	219   	8.9        	10.8       	18533     	-84.9
4208      	18:10:09  	73.9  	-61.3 	3     	14.3     	222   	9.6        	10.6       	18542     	-84.9
4210      	18:10:11  	73.8  	-61.3 	3     	14.7     	224   	10.3       	10.5       	18551     	-84.9
4212      	18:10:13  	73.7  	-61.2 	3     	15.0     	227   	10.9       	10.3       	18560     	-84.8
4214      	18:10:15  	73.6  	-61.2 	3     	15.1     	228   	11.2       	10.1       	18570     	-84.8
4216      	18:10:17  	73.5  	-61.1 	3     	15.2     	229   	11.5       	10.0       	18579     	-84.7
4218      	18:10:19  	73.4  	-61.0 	3     	15.3     	230   	11.8       	9.8        	18588     	-84.6
4220      	18:10:21  	73.3  	-60.9 	3     	15.2     	232   	12.0       	9.4        	18597     	-84.6
4222      	18:10:23  	73.2  	-60.9 	3     	15.2     	234   	12.3       	8.9        	18606     	-84.5
4224      	18:10:25  	73.1  	-60.7 	3     	15.1     	236   	12.5       	8.5        	18616     	-84.4
4226      	18:10:27  	73.0  	-60.6 	3     	15.0     	237   	12.6       	8.1        	18625     	-84.2
4228      	18:10:29  	72.8  	-60.5 	3     	14.8     	238   	12.6       	7.8        	18634     	-84.1
4230      	18:10:31  	72.7  	-60.4 	3     	14.6     	239   	12.5       	7.6        	18643     	-84.1
4232      	18:10:33  	72.6  	-60.3 	3     	14.3     	239   	12.3       	7.3        	18653     	-84.0
4234      	18:10:35  	72.5  	-60.3 	3     	13.7     	240   	11.8       	6.9        	18662     	-84.0
4236      	18:10:37  	72.4  	-60.2 	3     	13.0     	240   	11.3       	6.5        	18671     	-83.9
4238      	18:10:39  	72.3  	-60.1 	3     	12.5     	240   	10.8       	6.2        	18680     	-83.9
4240      	18:10:41  	72.2  	-60.0 	3     	11.9     	240   	10.3       	6.0        	18688     	-83.9
4242      	18:10:43  	72.1  	-60.0 	3     	11.4     	239   	9.8        	5.9        	18697     	-83.9
4244      	18:10:45  	72.0  	-59.9 	3     	11.0     	238   	9.4        	5.8        	18705     	-83.8
4246      	18:10:47  	71.9  	-59.8 	3     	10.3     	237   	8.6        	5.6        	18714     	-83.8
4248      	18:10:49  	71.8  	-59.8 	3     	9.4      	236   	7.8        	5.3        	18723     	-83.7
4250      	18:10:51  	71.7  	-59.8 	3     	8.6      	234   	7.0        	5.0        	18732     	-83.7
4252      	18:10:53  	71.6  	-59.7 	3     	7.9      	234   	6.4        	4.7        	18742     	-83.6
4254      	18:10:55  	71.5  	-59.7 	3     	7.5      	233   	6.0        	4.5        	18751     	-83.6
4256      	18:10:57  	71.4  	-59.7 	3     	7.1      	233   	5.7        	4.3        	18760     	-83.5
4258      	18:10:59  	71.3  	-59.7 	3     	6.6      	232   	5.2        	4.0        	18769     	-83.4
4260      	18:11:01  	71.2  	-59.7 	3     	5.9      	233   	4.7        	3.6        	18778     	-83.4
4262      	18:11:03  	71.1  	-59.7 	3     	5.3      	233   	4.2        	3.2        	18787     	-83.3
4264      	18:11:05  	71.0  	-59.7 	3     	4.6      	233   	3.7        	2.8        	18796     	-83.3
4266      	18:11:07  	70.9  	-59.7 	3     	4.3      	233   	3.4        	2.6        	18805     	-83.3
4268      	18:11:09  	70.8  	-59.7 	3     	4.1      	233   	3.3        	2.5        	18814     	-83.3
4270      	18:11:11  	70.7  	-59.7 	3     	3.8      	235   	3.1        	2.2        	18822     	-83.3
4272      	18:11:13  	70.6  	-59.7 	3     	3.5      	239   	3.0        	1.8        	18831     	-83.3
4274      	18:11:15  	70.5  	-59.7 	3     	3.2      	244   	2.9        	1.4        	18840     	-83.3
4276      	18:11:17  	70.4  	-59.7 	3     	3.0      	250   	2.8        	1.0        	18850     	-83.3
4278      	18:11:19  	70.3  	-59.7 	3     	2.8      	253   	2.7        	0.8        	18859     	-83.4
4280      	18:11:21  	70.2  	-59.7 	3     	2.9      	258   	2.8        	0.6        	18867     	-83.4
4282      	18:11:23  	70.1  	-59.7 	3     	2.8      	264   	2.8        	0.3        	18876     	-83.5
4284      	18:11:25  	70.0  	-59.7 	3     	2.7      	270   	2.7        	0.0        	18885     	-83.5
4286      	18:11:27  	69.9  	-59.8 	3     	2.6      	277   	2.6        	-0.3       	18894     	-83.4
4288      	18:11:29  	69.8  	-59.8 	3     	2.6      	283   	2.5        	-0.6       	18903     	-83.5
4290      	18:11:31  	69.7  	-59.8 	3     	2.5      	288   	2.4        	-0.8       	18912     	-83.5
4292      	18:11:33  	69.6  	-59.8 	3     	2.5      	291   	2.3        	-0.9       	18921     	-83.5
4294      	18:11:35  	69.5  	-59.8 	3     	2.4      	294   	2.2        	-1.0       	18929     	-83.4
4296      	18:11:37  	69.4  	-59.8 	3     	2.3      	301   	2.0        	-1.2       	18938     	-83.4
4298      	18:11:39  	69.3  	-59.8 	3     	2.6      	313   	1.9        	-1.8       	18947     	-83.4
4300      	18:11:41  	69.2  	-59.7 	3     	3.0      	323   	1.8        	-2.4       	18955     	-83.4
4302      	18:11:43  	69.1  	-59.7 	3     	3.4      	330   	1.7        	-2.9       	18964     	-83.4
4304      	18:11:45  	69.0  	-59.7 	3     	3.8      	332   	1.8        	-3.4       	18973     	-83.3
4306      	18:11:47  	68.9  	-59.7 	3     	4.2      	335   	1.8        	-3.8       	18982     	-83.3
4308      	18:11:49  	68.8  	-59.7 	3     	4.7      	337   	1.8        	-4.3       	18991     	-83.3
4310      	18:11:51  	68.7  	-59.7 	3     	5.4      	342   	1.7        	-5.1       	19000     	-83.3
4312      	18:11:53  	68.6  	-59.7 	3     	6.2      	346   	1.5        	-6.0       	19009     	-83.3
4314      	18:11:55  	68.5  	-59.6 	3     	7.0      	349   	1.3        	-6.9       	19018     	-83.3
4316      	18:11:57  	68.4  	-59.6 	3     	7.7      	352   	1.1        	-7.6       	19026     	-83.3
4318      	18:11:59  	68.3  	-59.6 	3     	8.1      	354   	0.9        	-8.0       	19035     	-83.3
4320      	18:12:01  	68.2  	-59.6 	3     	8.5      	356   	0.6        	-8.5       	19043     	-83.2
4322      	18:12:03  	68.1  	-59.6 	3     	8.8      	357   	0.4        	-8.8       	19052     	-83.2
4324      	18:12:05  	68.0  	-59.6 	3     	9.0      	360   	0.0        	-9.0       	19060     	-83.2
4326      	18:12:07  	67.9  	-59.6 	3     	9.2      	002   	-0.4       	-9.2       	19069     	-83.2
4328      	18:12:09  	67.9  	-59.6 	3     	9.4      	005   	-0.8       	-9.4       	19077     	-83.1
4330      	18:12:11  	67.8  	-59.6 	3     	9.4      	006   	-1.0       	-9.3       	19086     	-83.1
4332      	18:12:13  	67.7  	-59.6 	3     	9.2      	007   	-1.1       	-9.1       	19095     	-83.1
4334      	18:12:15  	67.6  	-59.6 	3     	8.9      	008   	-1.3       	-8.8       	19104     	-83.1
4336      	18:12:17  	67.5  	-59.6 	3     	8.5      	012   	-1.7       	-8.3       	19113     	-83.1
4338      	18:12:19  	67.4  	-59.6 	3     	8.0      	015   	-2.0       	-7.7       	19122     	-83.1
4340      	18:12:21  	67.3  	-59.7 	3     	7.4      	019   	-2.4       	-7.0       	19131     	-83.1
4342      	18:12:23  	67.2  	-59.7 	3     	7.0      	023   	-2.7       	-6.5       	19140     	-83.1
4344      	18:12:25  	67.1  	-59.7 	3     	6.8      	025   	-2.9       	-6.1       	19149     	-83.1
4346      	18:12:27  	67.0  	-59.7 	3     	6.5      	029   	-3.2       	-5.7       	19158     	-83.1
4348      	18:12:29  	66.9  	-59.8 	3     	6.2      	033   	-3.4       	-5.2       	19167     	-83.1
4350      	18:12:31  	66.8  	-59.8 	3     	6.0      	041   	-3.9       	-4.5       	19176     	-83.1
4352      	18:12:33  	66.7  	-59.8 	3     	5.7      	049   	-4.3       	-3.8       	19184     	-83.1
4354      	18:12:35  	66.6  	-59.9 	3     	5.6      	057   	-4.7       	-3.1       	19193     	-83.1
4356      	18:12:37  	66.5  	-59.9 	3     	5.7      	061   	-5.0       	-2.8       	19202     	-83.2
4358      	18:12:39  	66.4  	-59.9 	3     	5.8      	064   	-5.2       	-2.5       	19211     	-83.2
4360      	18:12:41  	66.3  	-60.0 	3     	5.8      	068   	-5.4       	-2.2       	19220     	-83.2
4362      	18:12:43  	66.2  	-60.0 	3     	5.9      	073   	-5.7       	-1.7       	19229     	-83.3
4364      	18:12:45  	66.1  	-60.0 	3     	6.2      	079   	-6.1       	-1.2       	19238     	-83.3
4366      	18:12:47  	66.0  	-60.1 	3     	6.4      	085   	-6.4       	-0.6       	19248     	-83.4
4368      	18:12:49  	65.9  	-60.1 	3     	6.7      	088   	-6.7       	-0.2       	19257     	-83.4
4370      	18:12:51  	65.8  	-60.1 	3     	6.9      	091   	-6.9       	0.1        	19265     	-83.4
4372      	18:12:53  	65.7  	-60.1 	3     	7.0      	092   	-7.0       	0.3        	19274     	-83.4
4374      	18:12:55  	65.7  	-60.1 	3     	7.1      	096   	-7.1       	0.7        	19283     	-83.3
4376      	18:12:57  	65.6  	-60.2 	3     	7.4      	099   	-7.3       	1.1        	19292     	-83.3
4378      	18:12:59  	65.5  	-60.2 	3     	7.6      	101   	-7.5       	1.5        	19301     	-83.3
4380      	18:13:01  	65.4  	-60.2 	3     	7.8      	104   	-7.6       	1.9        	19310     	-83.3
4382      	18:13:03  	65.3  	-60.2 	3     	8.0      	105   	-7.7       	2.1        	19319     	-83.3
4384      	18:13:05  	65.2  	-60.2 	3     	8.0      	107   	-7.7       	2.3        	19328     	-83.3
4386      	18:13:07  	65.1  	-60.2 	3     	8.1      	108   	-7.7       	2.5        	19337     	-83.3
4388      	18:13:09  	65.0  	-60.1 	3     	8.0      	108   	-7.6       	2.5        	19346     	-83.3
4390      	18:13:11  	64.9  	-60.1 	3     	7.8      	109   	-7.4       	2.5        	19355     	-83.2
4392      	18:13:13  	64.8  	-60.1 	3     	7.7      	109   	-7.3       	2.5        	19364     	-83.2
4394      	18:13:15  	64.7  	-60.1 	3     	7.5      	109   	-7.1       	2.5        	19373     	-83.2
4396      	18:13:17  	64.6  	-60.1 	3     	7.3      	108   	-6.9       	2.3        	19382     	-83.2
4398      	18:13:19  	64.5  	-60.1 	3     	7.0      	107   	-6.7       	2.1        	19391     	-83.2
4400      	18:13:21  	64.4  	-60.1 	3     	6.8      	106   	-6.5       	1.9        	19400     	-83.2
4402      	18:13:23  	64.3  	-60.1 	3     	6.3      	104   	-6.1       	1.5        	19409     	-83.1
4404      	18:13:25  	64.3  	-60.1 	3     	5.8      	102   	-5.7       	1.2        	19418     	-83.1
4406      	18:13:27  	64.2  	-60.1 	3     	5.4      	099   	-5.3       	0.8        	19427     	-83.1
4408      	18:13:29  	64.1  	-60.1 	3     	5.0      	097   	-5.0       	0.6        	19436     	-83.1
4410      	18:13:31  	64.0  	-60.1 	3     	4.8      	095   	-4.8       	0.4        	19445     	-83.0
4412      	18:13:33  	63.9  	-60.1 	3     	4.6      	092   	-4.6       	0.2        	19453     	-83.0
4414      	18:13:35  	63.8  	-60.0 	3     	4.1      	087   	-4.1       	-0.2       	19463     	-83.0
4416      	18:13:37  	63.7  	-60.0 	3     	3.7      	082   	-3.7       	-0.5       	19472     	-82.9
4418      	18:13:39  	63.6  	-60.0 	3     	3.4      	076   	-3.3       	-0.8       	19481     	-82.9
4420      	18:13:41  	63.5  	-60.0 	3     	3.1      	069   	-2.9       	-1.1       	19490     	-82.9
4422      	18:13:43  	63.4  	-60.0 	3     	3.0      	066   	-2.7       	-1.2       	19498     	-82.8
4424      	18:13:45  	63.3  	-59.9 	3     	2.9      	061   	-2.5       	-1.4       	19507     	-82.8
4426      	18:13:47  	63.2  	-59.9 	3     	2.6      	053   	-2.1       	-1.6       	19516     	-82.8
4428      	18:13:49  	63.2  	-59.9 	3     	2.4      	042   	-1.6       	-1.8       	19525     	-82.8
4430      	18:13:51  	63.1  	-59.9 	3     	2.3      	031   	-1.2       	-2.0       	19534     	-82.9
4432      	18:13:53  	63.0  	-59.9 	3     	2.3      	020   	-0.8       	-2.2       	19543     	-82.9
4434      	18:13:55  	62.9  	-59.8 	3     	2.4      	015   	-0.6       	-2.3       	19552     	-82.9
4436      	18:13:57  	62.8  	-59.8 	3     	2.4      	009   	-0.4       	-2.4       	19561     	-82.9
4438      	18:13:59  	62.7  	-59.8 	3     	2.6      	004   	-0.2       	-2.6       	19570     	-83.0
4440      	18:14:01  	62.6  	-59.8 	3     	2.9      	358   	0.1        	-2.9       	19578     	-83.0
4442      	18:14:03  	62.5  	-59.8 	3     	3.3      	355   	0.3        	-3.3       	19588     	-83.0
4444      	18:14:05  	62.4  	-59.8 	3     	3.6      	351   	0.6        	-3.6       	19597     	-83.0
4446      	18:14:07  	62.3  	-59.8 	3     	3.9      	351   	0.6        	-3.9       	19606     	-83.0
4448      	18:14:09  	62.3  	-59.8 	3     	4.2      	352   	0.6        	-4.2       	19615     	-83.0
4450      	18:14:11  	62.2  	-59.8 	3     	4.5      	351   	0.7        	-4.4       	19625     	-82.9
4452      	18:14:13  	62.1  	-59.7 	3     	4.9      	354   	0.5        	-4.9       	19634     	-82.9
4454      	18:14:15  	62.0  	-59.7 	3     	5.4      	358   	0.2        	-5.4       	19643     	-82.8
4456      	18:14:17  	61.9  	-59.7 	3     	5.9      	360   	0.0        	-5.9       	19652     	-82.8
4458      	18:14:19  	61.8  	-59.7 	3     	6.3      	003   	-0.3       	-6.3       	19661     	-82.7
4460      	18:14:21  	61.7  	-59.6 	3     	6.5      	004   	-0.5       	-6.5       	19670     	-82.6
4462      	18:14:23  	61.6  	-59.6 	3     	6.8      	007   	-0.8       	-6.8       	19679     	-82.6
4464      	18:14:25  	61.5  	-59.6 	3     	7.1      	009   	-1.1       	-7.0       	19689     	-82.6
4466      	18:14:27  	61.4  	-59.6 	3     	7.6      	011   	-1.5       	-7.4       	19698     	-82.6
4468      	18:14:29  	61.3  	-59.5 	3     	7.9      	013   	-1.8       	-7.7       	19707     	-82.6
4470      	18:14:31  	61.3  	-59.5 	3     	8.4      	015   	-2.2       	-8.1       	19716     	-82.6
4472      	18:14:33  	61.2  	-59.5 	3     	8.5      	016   	-2.4       	-8.2       	19726     	-82.6
4474      	18:14:35  	61.1  	-59.5 	3     	8.7      	017   	-2.5       	-8.3       	19735     	-82.6
4476      	18:14:37  	61.0  	-59.5 	3     	8.8      	017   	-2.6       	-8.4       	19744     	-82.6
4478      	18:14:39  	60.9  	-59.5 	3     	8.8      	019   	-2.8       	-8.3       	19753     	-82.6
4480      	18:14:41  	60.8  	-59.4 	3     	8.7      	020   	-3.0       	-8.2       	19762     	-82.6
4482      	18:14:43  	60.7  	-59.4 	3     	8.6      	022   	-3.2       	-8.0       	19771     	-82.5
4484      	18:14:45  	60.6  	-59.4 	3     	8.6      	023   	-3.4       	-7.9       	19780     	-82.5
