Time [sec]	Time (UTC)	P [mB]	T [°F]	Hu [%]	Ws [mi/h]	Wd [°]	Ws U [mi/h]	Ws V [mi/h]	Geopot [m]	Dew [°F]
0         	17:00:04  	875.6 	32.2  	22    	0.0      	360   	0.0        	-0.0       	1288      	7.8
2         	17:00:06  	874.5 	31.0  	21    	7.2      	297   	6.4        	-3.2       	1299      	6.3
4         	17:00:08  	873.4 	30.3  	21    	7.2      	297   	6.4        	-3.2       	1311      	5.8
6         	17:00:10  	872.3 	29.9  	22    	7.2      	297   	6.4        	-3.2       	1322      	6.0
8         	17:00:12  	871.3 	29.8  	23    	4.6      	270   	4.6        	0.0        	1333      	6.3
10        	17:00:14  	870.3 	29.8  	23    	4.6      	270   	4.6        	0.0        	1343      	6.6
12        	17:00:16  	869.2 	29.7  	24    	4.6      	270   	4.6        	0.0        	1353      	6.9
14        	17:00:18  	868.2 	29.6  	24    	4.6      	270   	4.6        	0.0        	1363      	7.0
16        	17:00:20  	867.2 	29.4  	25    	4.5      	269   	4.5        	0.1        	1374      	7.1
18        	17:00:22  	866.2 	29.3  	25    	4.5      	269   	4.5        	0.1        	1384      	7.2
20        	17:00:24  	865.2 	29.3  	25    	4.8      	278   	4.7        	-0.7       	1395      	7.4
22        	17:00:26  	864.2 	29.2  	26    	4.8      	282   	4.7        	-1.0       	1405      	7.6
24        	17:00:28  	863.3 	28.9  	26    	4.9      	284   	4.7        	-1.2       	1415      	7.6
26        	17:00:30  	862.2 	28.7  	26    	5.0      	285   	4.8        	-1.3       	1425      	7.5
28        	17:00:32  	861.2 	28.6  	27    	5.0      	286   	4.8        	-1.4       	1436      	7.6
30        	17:00:34  	860.1 	28.4  	27    	5.1      	291   	4.8        	-1.8       	1447      	7.6
32        	17:00:36  	859.2 	28.3  	27    	5.2      	301   	4.5        	-2.7       	1457      	7.7
34        	17:00:38  	858.2 	28.2  	28    	5.3      	306   	4.3        	-3.1       	1467      	7.8
36        	17:00:40  	857.2 	28.2  	28    	5.4      	309   	4.2        	-3.4       	1477      	7.8
38        	17:00:42  	856.4 	28.0  	28    	5.4      	310   	4.1        	-3.5       	1485      	7.8
40        	17:00:44  	855.6 	28.0  	28    	5.5      	311   	4.1        	-3.6       	1493      	7.9
42        	17:00:46  	854.8 	27.9  	29    	5.4      	313   	4.0        	-3.7       	1501      	8.0
44        	17:00:48  	854.1 	27.8  	29    	5.4      	312   	4.0        	-3.6       	1509      	8.0
46        	17:00:50  	853.4 	27.8  	29    	5.3      	309   	4.1        	-3.3       	1517      	8.1
48        	17:00:52  	852.7 	27.7  	29    	5.2      	310   	4.0        	-3.4       	1524      	8.2
50        	17:00:54  	852.0 	27.7  	29    	5.2      	313   	3.8        	-3.5       	1531      	8.2
52        	17:00:56  	851.4 	27.5  	30    	5.1      	312   	3.8        	-3.4       	1537      	8.2
54        	17:00:58  	850.8 	27.5  	30    	5.0      	310   	3.8        	-3.2       	1544      	8.3
56        	17:01:00  	850.1 	27.4  	30    	4.8      	308   	3.8        	-3.0       	1550      	8.3
58        	17:01:02  	849.5 	27.4  	30    	4.8      	307   	3.8        	-2.9       	1557      	8.3
60        	17:01:04  	848.8 	27.3  	30    	4.8      	306   	3.9        	-2.8       	1564      	8.3
62        	17:01:06  	848.2 	27.2  	30    	4.7      	305   	3.9        	-2.7       	1570      	8.3
64        	17:01:08  	847.5 	27.2  	30    	4.7      	304   	3.9        	-2.6       	1577      	8.3
66        	17:01:10  	846.9 	27.1  	31    	4.8      	304   	4.0        	-2.7       	1584      	8.3
68        	17:01:12  	846.2 	27.0  	31    	4.8      	304   	4.0        	-2.7       	1591      	8.3
70        	17:01:14  	845.4 	26.9  	31    	5.0      	304   	4.1        	-2.8       	1599      	8.3
72        	17:01:16  	844.7 	26.8  	31    	4.9      	305   	4.0        	-2.8       	1607      	8.2
74        	17:01:18  	844.0 	26.7  	31    	4.9      	305   	4.0        	-2.8       	1615      	8.2
76        	17:01:20  	843.2 	26.7  	31    	4.8      	306   	3.9        	-2.8       	1623      	8.2
78        	17:01:22  	842.5 	26.6  	31    	4.8      	306   	3.9        	-2.8       	1630      	8.2
80        	17:01:24  	841.7 	26.5  	31    	4.7      	305   	3.8        	-2.7       	1638      	8.2
82        	17:01:26  	841.0 	26.5  	31    	4.6      	306   	3.7        	-2.7       	1646      	8.2
84        	17:01:28  	840.2 	26.4  	32    	4.6      	308   	3.6        	-2.8       	1654      	8.2
86        	17:01:30  	839.5 	26.3  	32    	4.5      	310   	3.4        	-2.9       	1662      	8.2
88        	17:01:32  	838.7 	26.3  	32    	4.5      	312   	3.3        	-3.0       	1670      	8.2
90        	17:01:34  	837.9 	26.2  	32    	4.5      	314   	3.2        	-3.1       	1678      	8.2
92        	17:01:36  	837.2 	26.1  	32    	4.5      	317   	3.1        	-3.3       	1686      	8.1
94        	17:01:38  	836.5 	26.0  	32    	4.6      	318   	3.1        	-3.4       	1693      	8.1
96        	17:01:40  	835.7 	25.9  	32    	4.7      	320   	3.0        	-3.6       	1701      	8.1
98        	17:01:42  	835.0 	25.8  	32    	4.8      	323   	2.9        	-3.8       	1709      	8.0
100       	17:01:44  	834.2 	25.7  	32    	5.0      	325   	2.9        	-4.1       	1717      	8.0
102       	17:01:46  	833.5 	25.6  	33    	5.1      	327   	2.8        	-4.3       	1725      	8.0
104       	17:01:48  	832.7 	25.6  	33    	5.3      	328   	2.8        	-4.5       	1733      	8.0
106       	17:01:50  	832.0 	25.5  	33    	5.3      	328   	2.8        	-4.5       	1740      	7.9
108       	17:01:52  	831.3 	25.4  	33    	5.3      	330   	2.7        	-4.6       	1748      	7.9
110       	17:01:54  	830.6 	25.4  	33    	5.4      	330   	2.7        	-4.7       	1755      	7.9
112       	17:01:56  	829.8 	25.3  	33    	5.5      	332   	2.6        	-4.8       	1763      	7.9
114       	17:01:58  	829.1 	25.2  	33    	5.5      	333   	2.5        	-4.9       	1771      	7.8
116       	17:02:00  	828.3 	25.1  	33    	5.5      	334   	2.4        	-4.9       	1779      	7.7
118       	17:02:02  	827.5 	25.1  	33    	5.4      	335   	2.3        	-4.9       	1787      	7.7
120       	17:02:04  	826.7 	25.0  	33    	5.4      	336   	2.2        	-4.9       	1796      	7.7
122       	17:02:06  	825.9 	24.9  	33    	5.3      	338   	2.0        	-4.9       	1805      	7.7
124       	17:02:08  	825.1 	24.8  	34    	5.2      	340   	1.8        	-4.9       	1814      	7.7
126       	17:02:10  	824.2 	24.7  	34    	5.2      	342   	1.6        	-4.9       	1823      	7.7
128       	17:02:12  	823.4 	24.6  	34    	5.1      	345   	1.3        	-4.9       	1831      	7.7
130       	17:02:14  	822.6 	24.6  	34    	5.0      	346   	1.2        	-4.9       	1840      	7.8
132       	17:02:16  	821.8 	24.5  	34    	5.1      	349   	1.0        	-5.0       	1848      	7.8
134       	17:02:18  	821.1 	24.4  	35    	5.1      	350   	0.9        	-5.0       	1856      	7.9
136       	17:02:20  	820.3 	24.4  	35    	4.9      	353   	0.6        	-4.9       	1865      	8.1
138       	17:02:22  	819.5 	24.3  	36    	4.8      	358   	0.2        	-4.8       	1873      	8.1
140       	17:02:24  	818.7 	24.2  	36    	4.7      	001   	-0.1       	-4.7       	1881      	8.3
142       	17:02:26  	818.0 	24.2  	37    	4.6      	006   	-0.5       	-4.6       	1890      	8.4
144       	17:02:28  	817.2 	24.1  	37    	4.6      	009   	-0.7       	-4.5       	1898      	8.5
146       	17:02:30  	816.6 	24.1  	37    	4.5      	012   	-0.9       	-4.4       	1905      	8.7
148       	17:02:32  	815.9 	24.1  	38    	4.4      	014   	-1.1       	-4.3       	1912      	8.8
150       	17:02:34  	815.3 	24.0  	38    	4.6      	018   	-1.4       	-4.4       	1919      	8.9
152       	17:02:36  	814.6 	23.9  	38    	4.7      	021   	-1.7       	-4.4       	1925      	8.9
154       	17:02:38  	814.0 	23.8  	39    	4.8      	023   	-1.9       	-4.4       	1931      	9.0
156       	17:02:40  	813.4 	23.8  	39    	4.9      	024   	-2.0       	-4.5       	1939      	9.0
158       	17:02:42  	812.7 	23.7  	39    	5.1      	025   	-2.1       	-4.6       	1946      	9.0
160       	17:02:44  	812.0 	23.7  	39    	5.2      	024   	-2.1       	-4.8       	1954      	9.1
162       	17:02:46  	811.3 	23.6  	40    	5.5      	021   	-2.0       	-5.1       	1961      	9.1
164       	17:02:48  	810.6 	23.5  	40    	5.7      	019   	-1.9       	-5.4       	1969      	9.1
166       	17:02:50  	809.9 	23.4  	40    	6.0      	018   	-1.9       	-5.7       	1976      	9.0
168       	17:02:52  	809.2 	23.3  	40    	6.1      	016   	-1.7       	-5.9       	1984      	9.0
170       	17:02:54  	808.4 	23.3  	40    	6.3      	015   	-1.6       	-6.1       	1992      	9.1
172       	17:02:56  	807.7 	23.2  	40    	6.5      	013   	-1.4       	-6.3       	2000      	9.1
174       	17:02:58  	807.0 	23.2  	41    	6.2      	012   	-1.3       	-6.1       	2008      	9.1
176       	17:03:00  	806.2 	23.0  	41    	5.1      	017   	-1.5       	-4.9       	2016      	9.0
178       	17:03:02  	805.5 	22.9  	41    	4.1      	025   	-1.7       	-3.7       	2024      	9.0
180       	17:03:04  	804.8 	22.8  	41    	3.1      	038   	-1.9       	-2.4       	2031      	9.0
182       	17:03:06  	804.0 	22.7  	42    	2.4      	066   	-2.2       	-1.0       	2039      	9.1
184       	17:03:08  	803.3 	22.7  	42    	2.6      	099   	-2.6       	0.4        	2047      	9.2
186       	17:03:10  	802.5 	22.7  	42    	3.4      	122   	-2.9       	1.8        	2055      	9.3
188       	17:03:12  	802.0 	22.6  	43    	4.5      	135   	-3.2       	3.2        	2062      	9.4
190       	17:03:14  	801.4 	22.7  	43    	5.8      	142   	-3.6       	4.6        	2067      	9.5
192       	17:03:16  	800.9 	22.5  	43    	7.2      	147   	-3.9       	6.0        	2072      	9.4
194       	17:03:18  	800.4 	22.5  	43    	8.2      	149   	-4.2       	7.0        	2078      	9.2
196       	17:03:20  	799.9 	1.2   	42    	8.2      	149   	-4.2       	7.0        	2083      	-10.1
198       	17:03:22  	799.3 	-7.4  	42    	8.2      	149   	-4.2       	7.0        	2089      	-18.1
200       	17:03:24  	798.8 	-6.2  	41    	8.2      	149   	-4.2       	7.0        	2094      	-17.3
202       	17:03:26  	798.3 	7.1   	40    	8.2      	149   	-4.2       	7.0        	2100      	-5.7
204       	17:03:28  	797.8 	23.1  	39    	8.2      	149   	-4.2       	7.0        	2105      	8.3
206       	17:03:30  	797.3 	23.1  	38    	8.2      	149   	-4.2       	7.0        	2111      	7.9
208       	17:03:32  	796.8 	23.1  	37    	8.2      	149   	-4.2       	7.0        	2116      	7.5
210       	17:03:34  	796.3 	23.0  	36    	8.2      	149   	-4.2       	7.0        	2122      	7.1
212       	17:03:36  	795.8 	23.1  	35    	8.2      	149   	-4.2       	7.0        	2127      	7.0
214       	17:03:38  	795.3 	23.0  	35    	8.2      	149   	-4.2       	7.0        	2133      	6.7
216       	17:03:40  	794.8 	23.0  	34    	8.2      	149   	-4.2       	7.0        	2138      	6.5
218       	17:03:42  	794.3 	23.0  	34    	8.2      	149   	-4.2       	7.0        	2144      	6.3
220       	17:03:44  	793.8 	23.0  	34    	8.2      	149   	-4.2       	7.0        	2149      	6.3
222       	17:03:46  	793.3 	23.0  	34    	8.2      	149   	-4.2       	7.0        	2154      	6.2
224       	17:03:48  	792.8 	22.9  	34    	8.2      	149   	-4.2       	7.0        	2160      	6.1
226       	17:03:50  	792.3 	22.8  	34    	8.2      	149   	-4.2       	7.0        	2165      	6.0
228       	17:03:52  	791.8 	22.8  	34    	8.2      	149   	-4.2       	7.0        	2171      	6.0
230       	17:03:54  	791.3 	22.9  	34    	8.2      	149   	-4.2       	7.0        	2176      	6.0
232       	17:03:56  	790.8 	22.8  	34    	8.2      	149   	-4.2       	7.0        	2182      	6.0
234       	17:03:58  	790.3 	22.8  	34    	8.2      	149   	-4.2       	7.0        	2187      	6.0
236       	17:04:00  	789.8 	22.7  	34    	8.2      	149   	-4.2       	7.0        	2193      	5.8
238       	17:04:02  	789.3 	22.6  	34    	8.2      	149   	-4.2       	7.0        	2198      	5.8
240       	17:04:04  	788.8 	22.7  	33    	7.4      	147   	-4.0       	6.2        	2204      	5.8
242       	17:04:06  	788.3 	22.7  	33    	5.5      	139   	-3.6       	4.2        	2209      	5.7
244       	17:04:08  	787.8 	22.6  	33    	3.9      	125   	-3.2       	2.2        	2215      	5.6
246       	17:04:10  	787.3 	22.6  	33    	2.8      	094   	-2.8       	0.2        	2220      	5.4
248       	17:04:12  	786.8 	22.6  	32    	2.9      	052   	-2.3       	-1.8       	2225      	5.2
250       	17:04:14  	786.3 	22.6  	32    	4.2      	027   	-1.9       	-3.8       	2231      	5.1
252       	17:04:16  	785.8 	22.7  	31    	6.0      	015   	-1.5       	-5.8       	2236      	4.9
254       	17:04:18  	785.3 	22.7  	31    	7.9      	008   	-1.1       	-7.8       	2242      	4.7
256       	17:04:20  	784.8 	22.6  	31    	9.8      	004   	-0.7       	-9.8       	2247      	4.5
258       	17:04:22  	784.3 	22.6  	30    	11.9     	001   	-0.3       	-11.9      	2253      	4.3
260       	17:04:24  	783.8 	22.6  	30    	13.0     	360   	0.0        	-13.0      	2258      	4.2
262       	17:04:26  	783.3 	22.6  	30    	13.0     	360   	0.0        	-13.0      	2264      	4.1
264       	17:04:28  	782.9 	22.5  	30    	13.0     	360   	0.0        	-13.0      	2269      	4.0
266       	17:04:30  	782.4 	22.5  	30    	13.0     	360   	0.0        	-13.0      	2275      	4.0
268       	17:04:32  	781.9 	22.5  	30    	13.0     	360   	0.0        	-13.0      	2280      	4.0
270       	17:04:34  	781.4 	22.5  	30    	13.0     	360   	0.0        	-13.0      	2285      	4.0
272       	17:04:36  	781.0 	22.5  	30    	13.0     	360   	0.0        	-13.0      	2290      	3.9
274       	17:04:38  	780.6 	22.4  	30    	13.0     	360   	0.0        	-13.0      	2294      	3.8
276       	17:04:40  	780.2 	22.4  	29    	13.0     	360   	0.0        	-13.0      	2299      	3.7
278       	17:04:42  	779.8 	22.4  	29    	13.0     	360   	0.0        	-13.0      	2303      	3.7
280       	17:04:44  	779.3 	22.5  	29    	13.0     	360   	0.0        	-13.0      	2309      	3.7
282       	17:04:46  	778.9 	22.5  	29    	13.0     	360   	0.0        	-13.0      	2313      	3.6
284       	17:04:48  	778.5 	22.5  	29    	13.0     	360   	0.0        	-13.0      	2318      	3.5
286       	17:04:50  	778.1 	22.5  	29    	13.0     	360   	0.0        	-13.0      	2323      	3.4
288       	17:04:52  	777.6 	22.5  	28    	13.0     	360   	0.0        	-13.0      	2327      	3.4
290       	17:04:54  	777.2 	22.5  	28    	13.0     	360   	0.0        	-13.0      	2332      	3.3
292       	17:04:56  	776.8 	22.5  	28    	13.0     	360   	0.0        	-13.0      	2336      	3.2
294       	17:04:58  	776.4 	22.5  	28    	13.0     	360   	0.0        	-13.0      	2341      	3.1
296       	17:05:00  	776.0 	22.5  	28    	13.0     	360   	0.0        	-13.0      	2346      	3.1
298       	17:05:02  	775.6 	22.4  	28    	13.0     	360   	0.0        	-13.0      	2350      	3.0
300       	17:05:04  	775.2 	22.4  	28    	13.0     	360   	0.0        	-13.0      	2355      	2.9
302       	17:05:06  	774.7 	22.4  	28    	13.0     	360   	0.0        	-13.0      	2360      	2.8
304       	17:05:08  	774.3 	22.3  	28    	12.9     	360   	0.0        	-12.9      	2364      	2.8
306       	17:05:10  	773.9 	22.3  	28    	11.6     	001   	-0.2       	-11.6      	2369      	2.8
308       	17:05:12  	773.4 	22.3  	28    	10.4     	002   	-0.4       	-10.4      	2375      	2.7
310       	17:05:14  	772.9 	22.2  	28    	9.2      	004   	-0.6       	-9.2       	2380      	2.7
312       	17:05:16  	772.5 	22.1  	28    	8.0      	005   	-0.7       	-8.0       	2385      	2.6
314       	17:05:18  	772.0 	22.1  	28    	6.9      	008   	-0.9       	-6.8       	2390      	2.6
316       	17:05:20  	771.6 	22.0  	28    	5.7      	011   	-1.1       	-5.6       	2396      	2.5
318       	17:05:22  	771.1 	22.0  	28    	4.5      	017   	-1.3       	-4.3       	2400      	2.6
320       	17:05:24  	770.7 	22.0  	28    	3.4      	024   	-1.4       	-3.1       	2405      	2.6
322       	17:05:26  	770.3 	22.0  	28    	2.5      	040   	-1.6       	-1.9       	2410      	2.5
324       	17:05:28  	769.8 	21.9  	28    	2.0      	066   	-1.8       	-0.8       	2415      	2.5
326       	17:05:30  	769.4 	21.9  	28    	2.0      	066   	-1.8       	-0.8       	2419      	2.5
328       	17:05:32  	769.0 	21.8  	28    	2.1      	067   	-1.9       	-0.8       	2424      	2.5
330       	17:05:34  	768.6 	21.8  	28    	2.0      	070   	-1.9       	-0.7       	2429      	2.4
332       	17:05:36  	768.2 	21.8  	28    	2.1      	071   	-2.0       	-0.7       	2433      	2.4
334       	17:05:38  	767.7 	21.7  	28    	2.1      	071   	-2.0       	-0.7       	2438      	2.4
336       	17:05:40  	767.3 	21.7  	28    	2.2      	072   	-2.1       	-0.7       	2444      	2.4
338       	17:05:42  	766.8 	21.6  	28    	2.4      	073   	-2.3       	-0.7       	2449      	2.4
340       	17:05:44  	766.3 	21.6  	28    	2.5      	074   	-2.4       	-0.7       	2454      	2.5
342       	17:05:46  	765.9 	21.5  	28    	2.6      	074   	-2.5       	-0.7       	2460      	2.5
344       	17:05:48  	765.4 	21.5  	29    	2.7      	073   	-2.6       	-0.8       	2465      	2.6
346       	17:05:50  	764.9 	21.4  	29    	2.8      	073   	-2.7       	-0.8       	2470      	2.5
348       	17:05:52  	764.5 	21.3  	29    	2.9      	072   	-2.8       	-0.9       	2475      	2.5
350       	17:05:54  	764.0 	21.2  	29    	3.1      	071   	-2.9       	-1.0       	2480      	2.5
352       	17:05:56  	763.6 	21.2  	29    	3.2      	070   	-3.0       	-1.1       	2485      	2.5
354       	17:05:58  	763.1 	21.1  	29    	3.3      	069   	-3.1       	-1.2       	2490      	2.5
356       	17:06:00  	762.7 	21.1  	29    	3.4      	067   	-3.1       	-1.3       	2496      	2.5
358       	17:06:02  	762.2 	21.1  	29    	3.4      	066   	-3.1       	-1.4       	2501      	2.5
360       	17:06:04  	761.7 	21.1  	29    	3.4      	066   	-3.1       	-1.4       	2507      	2.5
362       	17:06:06  	761.2 	21.0  	29    	3.4      	064   	-3.1       	-1.5       	2512      	2.6
364       	17:06:08  	760.8 	20.9  	30    	3.6      	063   	-3.2       	-1.6       	2517      	2.5
366       	17:06:10  	760.3 	20.8  	30    	3.6      	062   	-3.2       	-1.7       	2523      	2.4
368       	17:06:12  	759.8 	20.8  	30    	3.6      	062   	-3.2       	-1.7       	2528      	2.4
370       	17:06:14  	759.4 	20.8  	30    	3.6      	062   	-3.2       	-1.7       	2533      	2.4
372       	17:06:16  	758.9 	20.8  	30    	3.8      	061   	-3.3       	-1.8       	2539      	2.4
374       	17:06:18  	758.4 	20.8  	30    	3.8      	061   	-3.3       	-1.8       	2544      	2.4
376       	17:06:20  	757.9 	20.8  	30    	3.7      	061   	-3.2       	-1.8       	2550      	2.4
378       	17:06:22  	757.5 	20.7  	29    	3.7      	061   	-3.2       	-1.8       	2555      	2.3
380       	17:06:24  	757.0 	20.7  	29    	3.7      	061   	-3.2       	-1.8       	2560      	2.3
382       	17:06:26  	756.5 	20.6  	29    	3.6      	060   	-3.1       	-1.8       	2566      	2.2
384       	17:06:28  	756.0 	20.6  	29    	3.6      	060   	-3.1       	-1.8       	2571      	2.2
386       	17:06:30  	755.5 	20.5  	29    	3.5      	059   	-3.0       	-1.8       	2577      	2.1
388       	17:06:32  	755.0 	20.4  	29    	3.6      	058   	-3.1       	-1.9       	2583      	2.1
390       	17:06:34  	754.5 	20.4  	30    	3.7      	057   	-3.1       	-2.0       	2589      	2.0
392       	17:06:36  	754.0 	20.3  	30    	3.7      	056   	-3.1       	-2.1       	2595      	2.0
394       	17:06:38  	753.5 	20.3  	30    	3.9      	055   	-3.2       	-2.2       	2601      	2.0
396       	17:06:40  	753.0 	20.2  	30    	4.0      	053   	-3.2       	-2.4       	2606      	2.0
398       	17:06:42  	752.4 	20.2  	30    	4.1      	053   	-3.3       	-2.5       	2613      	1.9
400       	17:06:44  	751.9 	20.1  	30    	4.3      	053   	-3.4       	-2.6       	2619      	1.9
402       	17:06:46  	751.3 	20.1  	30    	4.5      	051   	-3.5       	-2.8       	2625      	1.9
404       	17:06:48  	750.8 	20.0  	30    	4.6      	051   	-3.6       	-2.9       	2631      	1.8
406       	17:06:50  	750.3 	20.0  	30    	4.8      	050   	-3.7       	-3.1       	2637      	1.8
408       	17:06:52  	749.8 	19.9  	30    	4.9      	049   	-3.7       	-3.2       	2643      	1.7
410       	17:06:54  	749.3 	19.9  	30    	5.0      	048   	-3.7       	-3.3       	2648      	1.7
412       	17:06:56  	748.8 	19.9  	30    	5.0      	048   	-3.7       	-3.3       	2654      	1.8
414       	17:06:58  	748.3 	19.8  	30    	5.1      	048   	-3.8       	-3.4       	2660      	1.8
416       	17:07:00  	747.8 	19.8  	30    	5.2      	047   	-3.8       	-3.5       	2666      	1.8
418       	17:07:02  	747.3 	19.7  	30    	5.4      	047   	-3.9       	-3.7       	2672      	1.7
420       	17:07:04  	746.7 	19.7  	30    	5.5      	046   	-4.0       	-3.8       	2678      	1.7
422       	17:07:06  	746.2 	19.6  	30    	5.6      	047   	-4.1       	-3.8       	2684      	1.7
424       	17:07:08  	745.8 	19.6  	30    	5.7      	046   	-4.1       	-3.9       	2689      	1.7
426       	17:07:10  	745.3 	19.6  	30    	5.8      	046   	-4.2       	-4.0       	2695      	1.7
428       	17:07:12  	744.8 	19.5  	30    	5.9      	046   	-4.3       	-4.1       	2700      	1.6
430       	17:07:14  	744.3 	19.4  	30    	6.2      	047   	-4.5       	-4.2       	2706      	1.5
432       	17:07:16  	743.8 	19.4  	30    	6.3      	047   	-4.6       	-4.3       	2712      	1.5
434       	17:07:18  	743.3 	19.3  	30    	6.4      	046   	-4.6       	-4.4       	2718      	1.5
436       	17:07:20  	742.8 	19.3  	30    	6.5      	046   	-4.7       	-4.5       	2723      	1.4
438       	17:07:22  	742.3 	19.2  	30    	6.6      	046   	-4.7       	-4.6       	2729      	1.4
440       	17:07:24  	741.8 	19.1  	30    	6.7      	046   	-4.8       	-4.7       	2734      	1.3
442       	17:07:26  	741.4 	19.1  	30    	6.8      	045   	-4.8       	-4.8       	2739      	1.2
444       	17:07:28  	740.9 	19.0  	30    	6.9      	044   	-4.8       	-4.9       	2745      	1.2
446       	17:07:30  	740.4 	19.0  	30    	6.9      	044   	-4.8       	-5.0       	2751      	1.2
448       	17:07:32  	739.9 	18.9  	30    	7.0      	043   	-4.8       	-5.1       	2756      	1.2
450       	17:07:34  	739.4 	18.9  	30    	7.1      	043   	-4.8       	-5.2       	2762      	1.2
452       	17:07:36  	738.9 	18.9  	31    	7.0      	042   	-4.7       	-5.2       	2768      	1.2
454       	17:07:38  	738.4 	18.8  	31    	7.1      	042   	-4.7       	-5.3       	2774      	1.3
456       	17:07:40  	737.9 	18.8  	31    	7.1      	042   	-4.7       	-5.3       	2780      	1.3
458       	17:07:42  	737.4 	18.7  	31    	7.1      	042   	-4.7       	-5.3       	2785      	1.2
460       	17:07:44  	737.0 	18.6  	31    	7.1      	042   	-4.7       	-5.3       	2791      	1.2
462       	17:07:46  	736.5 	18.6  	31    	7.1      	042   	-4.7       	-5.3       	2797      	1.1
464       	17:07:48  	736.0 	18.5  	31    	7.0      	041   	-4.6       	-5.3       	2803      	1.1
466       	17:07:50  	735.5 	18.5  	31    	7.1      	042   	-4.7       	-5.3       	2808      	1.1
468       	17:07:52  	735.0 	18.4  	31    	7.1      	042   	-4.7       	-5.3       	2814      	1.0
470       	17:07:54  	734.5 	18.4  	31    	7.2      	041   	-4.7       	-5.4       	2819      	1.0
472       	17:07:56  	734.1 	18.3  	31    	7.2      	041   	-4.7       	-5.4       	2825      	0.9
474       	17:07:58  	733.6 	18.3  	31    	7.2      	041   	-4.7       	-5.5       	2830      	0.9
476       	17:08:00  	733.1 	18.3  	31    	7.4      	041   	-4.8       	-5.6       	2836      	0.9
478       	17:08:02  	732.6 	18.2  	31    	7.4      	041   	-4.8       	-5.6       	2841      	0.9
480       	17:08:04  	732.2 	18.1  	31    	7.5      	040   	-4.8       	-5.7       	2847      	0.9
482       	17:08:06  	731.7 	18.1  	31    	7.6      	040   	-4.9       	-5.8       	2852      	0.9
484       	17:08:08  	731.2 	18.1  	31    	7.7      	040   	-4.9       	-5.9       	2858      	0.9
486       	17:08:10  	730.8 	18.1  	31    	7.7      	039   	-4.9       	-6.0       	2863      	0.9
488       	17:08:12  	730.3 	18.1  	32    	7.7      	039   	-4.9       	-6.0       	2869      	1.0
490       	17:08:14  	729.8 	18.0  	32    	7.7      	039   	-4.9       	-6.0       	2874      	1.0
492       	17:08:16  	729.4 	18.0  	32    	7.8      	039   	-4.9       	-6.1       	2879      	1.0
494       	17:08:18  	728.9 	18.0  	32    	7.8      	039   	-4.9       	-6.1       	2885      	1.0
496       	17:08:20  	728.5 	17.9  	32    	7.9      	038   	-4.9       	-6.2       	2890      	1.0
498       	17:08:22  	728.1 	17.9  	32    	7.8      	038   	-4.8       	-6.2       	2895      	0.9
500       	17:08:24  	727.6 	17.7  	32    	7.8      	038   	-4.8       	-6.2       	2900      	0.9
502       	17:08:26  	727.2 	17.6  	32    	7.8      	038   	-4.8       	-6.2       	2905      	0.8
504       	17:08:28  	726.7 	17.6  	32    	7.8      	037   	-4.7       	-6.2       	2911      	0.8
506       	17:08:30  	726.3 	17.6  	32    	7.8      	037   	-4.7       	-6.2       	2916      	0.8
508       	17:08:32  	725.8 	17.6  	32    	7.7      	037   	-4.6       	-6.2       	2921      	0.8
510       	17:08:34  	725.3 	17.6  	32    	7.7      	037   	-4.6       	-6.2       	2927      	0.8
512       	17:08:36  	724.9 	17.6  	32    	7.7      	037   	-4.6       	-6.2       	2932      	0.8
514       	17:08:38  	724.5 	17.5  	32    	7.6      	036   	-4.5       	-6.1       	2937      	0.8
516       	17:08:40  	724.0 	17.4  	32    	7.6      	036   	-4.5       	-6.1       	2943      	0.7
518       	17:08:42  	723.6 	17.3  	33    	7.5      	036   	-4.4       	-6.1       	2948      	0.7
520       	17:08:44  	723.1 	17.2  	33    	7.5      	036   	-4.4       	-6.1       	2953      	0.7
522       	17:08:46  	722.7 	17.2  	33    	7.4      	036   	-4.3       	-6.0       	2958      	0.7
524       	17:08:48  	722.2 	17.2  	33    	7.4      	036   	-4.3       	-6.0       	2963      	0.8
526       	17:08:50  	721.8 	17.2  	33    	7.3      	036   	-4.3       	-5.9       	2969      	0.8
528       	17:08:52  	721.3 	17.1  	33    	7.2      	035   	-4.2       	-5.9       	2974      	0.7
530       	17:08:54  	720.9 	17.0  	33    	7.2      	035   	-4.2       	-5.9       	2980      	0.6
532       	17:08:56  	720.4 	16.9  	33    	7.2      	036   	-4.2       	-5.8       	2986      	0.6
534       	17:08:58  	719.9 	16.9  	33    	7.2      	036   	-4.2       	-5.8       	2991      	0.6
536       	17:09:00  	719.4 	16.8  	33    	7.1      	036   	-4.2       	-5.7       	2997      	0.6
538       	17:09:02  	718.9 	16.8  	33    	7.1      	036   	-4.2       	-5.7       	3003      	0.6
540       	17:09:04  	718.4 	16.7  	33    	7.0      	037   	-4.2       	-5.6       	3009      	0.6
542       	17:09:06  	717.9 	16.7  	33    	7.1      	038   	-4.3       	-5.6       	3015      	0.5
544       	17:09:08  	717.3 	16.6  	33    	7.1      	038   	-4.3       	-5.6       	3021      	0.5
546       	17:09:10  	716.8 	16.6  	33    	7.0      	038   	-4.3       	-5.5       	3028      	0.5
548       	17:09:12  	716.3 	16.5  	33    	7.0      	039   	-4.4       	-5.5       	3034      	0.4
550       	17:09:14  	715.8 	16.5  	34    	7.0      	039   	-4.4       	-5.5       	3040      	0.4
552       	17:09:16  	715.3 	16.4  	34    	7.1      	039   	-4.5       	-5.5       	3046      	0.4
554       	17:09:18  	714.8 	16.3  	34    	7.1      	039   	-4.5       	-5.5       	3052      	0.3
556       	17:09:20  	714.3 	16.3  	34    	7.1      	039   	-4.5       	-5.5       	3058      	0.3
558       	17:09:22  	713.7 	16.2  	34    	7.2      	039   	-4.6       	-5.6       	3064      	0.3
560       	17:09:24  	713.2 	16.2  	34    	7.3      	039   	-4.6       	-5.7       	3070      	0.3
562       	17:09:26  	712.7 	16.1  	34    	7.5      	038   	-4.6       	-5.9       	3077      	0.3
564       	17:09:28  	712.2 	16.1  	34    	7.6      	038   	-4.7       	-6.0       	3082      	0.3
566       	17:09:30  	711.7 	16.0  	34    	7.7      	038   	-4.7       	-6.1       	3088      	0.3
568       	17:09:32  	711.3 	16.0  	34    	7.7      	038   	-4.7       	-6.1       	3093      	0.3
570       	17:09:34  	710.8 	15.9  	35    	7.8      	037   	-4.7       	-6.2       	3100      	0.4
572       	17:09:36  	710.3 	15.8  	35    	7.8      	037   	-4.7       	-6.2       	3106      	0.3
574       	17:09:38  	709.8 	15.8  	35    	7.8      	038   	-4.8       	-6.2       	3112      	0.3
576       	17:09:40  	709.3 	15.7  	35    	7.8      	038   	-4.8       	-6.1       	3117      	0.2
578       	17:09:42  	708.8 	15.6  	35    	7.7      	039   	-4.8       	-6.0       	3123      	0.2
580       	17:09:44  	708.4 	15.6  	35    	7.7      	040   	-4.9       	-5.9       	3128      	0.2
582       	17:09:46  	708.0 	15.6  	35    	7.6      	040   	-4.9       	-5.8       	3133      	0.2
584       	17:09:48  	707.5 	15.5  	35    	7.6      	041   	-5.0       	-5.7       	3139      	0.2
586       	17:09:50  	707.1 	15.5  	35    	7.6      	042   	-5.1       	-5.6       	3144      	0.2
588       	17:09:52  	706.6 	15.5  	35    	7.5      	044   	-5.2       	-5.4       	3149      	0.2
590       	17:09:54  	706.2 	15.4  	35    	7.5      	045   	-5.3       	-5.3       	3155      	0.1
592       	17:09:56  	705.7 	15.3  	35    	7.5      	045   	-5.3       	-5.3       	3160      	0.1
594       	17:09:58  	705.3 	15.3  	35    	7.6      	046   	-5.4       	-5.3       	3166      	0.1
596       	17:10:00  	704.8 	15.2  	36    	7.6      	046   	-5.4       	-5.3       	3171      	0.1
598       	17:10:02  	704.3 	15.2  	36    	7.6      	046   	-5.5       	-5.3       	3177      	0.2
600       	17:10:04  	703.9 	15.1  	36    	7.8      	046   	-5.6       	-5.4       	3182      	0.2
602       	17:10:06  	703.5 	15.1  	36    	7.9      	047   	-5.7       	-5.4       	3188      	0.2
604       	17:10:08  	703.0 	15.1  	36    	7.9      	047   	-5.8       	-5.4       	3193      	0.2
606       	17:10:10  	702.6 	15.0  	36    	8.0      	048   	-5.9       	-5.4       	3198      	0.2
608       	17:10:12  	702.2 	14.9  	36    	8.0      	048   	-5.9       	-5.4       	3203      	0.2
610       	17:10:14  	701.8 	14.9  	37    	8.1      	048   	-6.0       	-5.4       	3208      	0.2
612       	17:10:16  	701.4 	14.8  	37    	8.1      	049   	-6.1       	-5.3       	3212      	0.2
614       	17:10:18  	700.9 	14.8  	37    	8.1      	050   	-6.2       	-5.2       	3218      	0.2
616       	17:10:20  	700.4 	14.8  	37    	8.0      	051   	-6.2       	-5.1       	3224      	0.2
618       	17:10:22  	700.0 	14.7  	37    	8.0      	052   	-6.3       	-5.0       	3229      	0.2
620       	17:10:24  	699.5 	14.7  	37    	8.0      	052   	-6.3       	-4.9       	3235      	0.1
622       	17:10:26  	699.0 	14.6  	37    	8.0      	053   	-6.4       	-4.8       	3241      	0.1
624       	17:10:28  	698.5 	14.5  	37    	7.9      	054   	-6.4       	-4.7       	3247      	0.1
626       	17:10:30  	698.0 	14.5  	37    	7.9      	055   	-6.5       	-4.5       	3253      	0.1
628       	17:10:32  	697.5 	14.5  	37    	7.9      	057   	-6.6       	-4.3       	3259      	0.1
630       	17:10:34  	697.0 	14.5  	37    	7.8      	058   	-6.6       	-4.2       	3265      	0.1
632       	17:10:36  	696.6 	14.4  	38    	7.8      	058   	-6.6       	-4.2       	3270      	0.1
634       	17:10:38  	696.1 	14.3  	38    	7.8      	058   	-6.6       	-4.1       	3276      	0.1
636       	17:10:40  	695.6 	14.2  	38    	7.7      	059   	-6.6       	-4.0       	3282      	0.0
638       	17:10:42  	695.2 	14.1  	38    	7.7      	059   	-6.6       	-3.9       	3288      	0.0
640       	17:10:44  	694.7 	14.1  	38    	7.6      	061   	-6.6       	-3.7       	3293      	-0.0
642       	17:10:46  	694.2 	14.0  	38    	7.5      	061   	-6.6       	-3.6       	3299      	-0.1
644       	17:10:48  	693.7 	14.0  	38    	7.4      	061   	-6.5       	-3.6       	3305      	-0.1
646       	17:10:50  	693.3 	13.9  	38    	7.4      	062   	-6.5       	-3.5       	3311      	-0.1
648       	17:10:52  	692.8 	13.9  	38    	7.3      	062   	-6.5       	-3.4       	3316      	-0.1
650       	17:10:54  	692.3 	13.9  	38    	7.3      	063   	-6.5       	-3.3       	3322      	-0.1
652       	17:10:56  	691.8 	13.8  	38    	7.2      	064   	-6.5       	-3.2       	3328      	-0.2
654       	17:10:58  	691.4 	13.8  	38    	7.2      	065   	-6.5       	-3.1       	3334      	-0.2
656       	17:11:00  	690.9 	13.7  	38    	7.2      	065   	-6.5       	-3.0       	3340      	-0.2
658       	17:11:02  	690.4 	13.6  	39    	7.1      	066   	-6.5       	-2.9       	3346      	-0.2
660       	17:11:04  	689.9 	13.5  	39    	7.2      	066   	-6.6       	-2.9       	3352      	-0.2
662       	17:11:06  	689.4 	13.5  	39    	7.2      	067   	-6.6       	-2.8       	3358      	-0.1
664       	17:11:08  	688.9 	13.5  	39    	7.2      	068   	-6.7       	-2.7       	3364      	-0.1
666       	17:11:10  	688.4 	13.4  	39    	7.2      	069   	-6.7       	-2.6       	3370      	-0.1
668       	17:11:12  	687.9 	13.3  	40    	7.2      	069   	-6.7       	-2.6       	3376      	-0.1
670       	17:11:14  	687.5 	13.3  	40    	7.3      	069   	-6.8       	-2.6       	3382      	-0.0
672       	17:11:16  	687.0 	13.2  	40    	7.2      	070   	-6.8       	-2.5       	3387      	-0.0
674       	17:11:18  	686.6 	13.2  	40    	7.3      	070   	-6.9       	-2.5       	3393      	-0.0
676       	17:11:20  	686.1 	13.1  	40    	7.4      	072   	-7.0       	-2.3       	3398      	-0.0
678       	17:11:22  	685.7 	13.1  	40    	7.4      	073   	-7.1       	-2.2       	3403      	-0.1
680       	17:11:24  	685.3 	13.0  	40    	7.4      	074   	-7.1       	-2.1       	3408      	-0.1
682       	17:11:26  	684.8 	13.0  	40    	7.5      	074   	-7.2       	-2.1       	3413      	-0.1
684       	17:11:28  	684.4 	12.9  	40    	7.6      	075   	-7.3       	-2.0       	3419      	-0.2
686       	17:11:30  	684.0 	12.9  	40    	7.5      	075   	-7.3       	-1.9       	3424      	-0.2
688       	17:11:32  	683.6 	12.9  	40    	7.6      	076   	-7.4       	-1.8       	3429      	-0.2
690       	17:11:34  	683.2 	12.8  	40    	7.7      	077   	-7.5       	-1.8       	3434      	-0.2
692       	17:11:36  	682.8 	12.7  	41    	7.7      	077   	-7.5       	-1.7       	3439      	-0.3
694       	17:11:38  	682.4 	12.7  	41    	7.7      	077   	-7.5       	-1.7       	3443      	-0.3
696       	17:11:40  	682.0 	12.6  	41    	7.7      	077   	-7.5       	-1.7       	3448      	-0.3
698       	17:11:42  	681.5 	12.5  	41    	7.7      	077   	-7.5       	-1.7       	3454      	-0.4
700       	17:11:44  	681.1 	12.4  	41    	7.7      	077   	-7.5       	-1.8       	3460      	-0.4
702       	17:11:46  	680.6 	12.4  	41    	7.8      	076   	-7.6       	-1.9       	3466      	-0.4
704       	17:11:48  	680.2 	12.4  	41    	8.0      	075   	-7.7       	-2.0       	3471      	-0.4
706       	17:11:50  	679.8 	12.4  	41    	8.0      	075   	-7.7       	-2.1       	3476      	-0.4
708       	17:11:52  	679.3 	12.3  	41    	8.1      	075   	-7.8       	-2.1       	3481      	-0.3
710       	17:11:54  	678.9 	12.3  	42    	8.2      	074   	-7.9       	-2.2       	3486      	-0.4
712       	17:11:56  	678.5 	12.2  	42    	8.2      	074   	-7.9       	-2.2       	3491      	-0.4
714       	17:11:58  	678.1 	12.2  	42    	8.3      	074   	-8.0       	-2.3       	3496      	-0.4
716       	17:12:00  	677.7 	12.2  	42    	8.3      	074   	-8.0       	-2.3       	3501      	-0.4
718       	17:12:02  	677.3 	12.1  	42    	8.4      	074   	-8.1       	-2.3       	3506      	-0.4
720       	17:12:04  	676.9 	12.1  	42    	8.4      	074   	-8.1       	-2.3       	3511      	-0.4
722       	17:12:06  	676.5 	12.0  	42    	8.4      	074   	-8.1       	-2.3       	3516      	-0.4
724       	17:12:08  	676.1 	12.0  	42    	8.4      	075   	-8.1       	-2.2       	3521      	-0.5
726       	17:12:10  	675.7 	11.9  	42    	8.4      	075   	-8.1       	-2.2       	3526      	-0.5
728       	17:12:12  	675.3 	11.9  	42    	8.3      	075   	-8.0       	-2.2       	3531      	-0.4
730       	17:12:14  	675.0 	11.9  	42    	8.3      	075   	-8.0       	-2.1       	3535      	-0.4
732       	17:12:16  	674.6 	11.9  	42    	8.3      	075   	-8.0       	-2.1       	3540      	-0.5
734       	17:12:18  	674.2 	11.8  	42    	8.3      	075   	-8.0       	-2.1       	3545      	-0.5
736       	17:12:20  	673.8 	11.8  	43    	8.3      	075   	-8.0       	-2.1       	3550      	-0.5
738       	17:12:22  	673.4 	11.7  	43    	8.3      	075   	-8.0       	-2.1       	3555      	-0.5
740       	17:12:24  	673.0 	11.6  	43    	8.2      	075   	-7.9       	-2.1       	3560      	-0.5
742       	17:12:26  	672.6 	11.6  	43    	8.1      	074   	-7.8       	-2.2       	3565      	-0.6
744       	17:12:28  	672.2 	11.6  	43    	8.1      	074   	-7.8       	-2.2       	3569      	-0.7
746       	17:12:30  	671.9 	11.5  	43    	8.0      	074   	-7.7       	-2.2       	3574      	-0.7
748       	17:12:32  	671.5 	11.5  	42    	8.0      	074   	-7.7       	-2.2       	3579      	-0.8
750       	17:12:34  	671.1 	11.5  	42    	7.9      	074   	-7.6       	-2.2       	3584      	-0.8
752       	17:12:36  	670.7 	11.4  	43    	7.9      	073   	-7.6       	-2.3       	3589      	-0.8
754       	17:12:38  	670.3 	11.4  	43    	7.9      	073   	-7.6       	-2.3       	3594      	-0.8
756       	17:12:40  	669.9 	11.4  	43    	7.9      	073   	-7.6       	-2.3       	3599      	-0.8
758       	17:12:42  	669.5 	11.3  	43    	8.0      	072   	-7.6       	-2.4       	3604      	-0.8
760       	17:12:44  	669.1 	11.3  	43    	8.0      	072   	-7.6       	-2.4       	3609      	-0.8
762       	17:12:46  	668.7 	11.2  	43    	8.0      	072   	-7.6       	-2.4       	3614      	-0.8
764       	17:12:48  	668.3 	11.2  	43    	8.0      	072   	-7.6       	-2.5       	3619      	-0.8
766       	17:12:50  	667.9 	11.2  	43    	8.0      	072   	-7.6       	-2.5       	3624      	-0.9
768       	17:12:52  	667.5 	11.1  	43    	8.0      	072   	-7.6       	-2.5       	3628      	-1.0
770       	17:12:54  	667.1 	11.1  	43    	8.0      	072   	-7.6       	-2.5       	3633      	-1.0
772       	17:12:56  	666.7 	11.1  	43    	8.0      	072   	-7.6       	-2.5       	3638      	-1.1
774       	17:12:58  	666.3 	11.0  	43    	8.0      	072   	-7.6       	-2.5       	3643      	-1.2
776       	17:13:00  	665.9 	11.0  	43    	8.0      	072   	-7.6       	-2.5       	3648      	-1.2
778       	17:13:02  	665.5 	10.9  	43    	8.0      	072   	-7.6       	-2.5       	3653      	-1.3
780       	17:13:04  	665.1 	10.8  	43    	8.0      	072   	-7.6       	-2.5       	3658      	-1.3
782       	17:13:06  	664.7 	10.8  	43    	8.0      	072   	-7.6       	-2.5       	3663      	-1.3
784       	17:13:08  	664.3 	10.8  	43    	8.0      	072   	-7.6       	-2.5       	3668      	-1.3
786       	17:13:10  	663.9 	10.8  	43    	8.0      	072   	-7.6       	-2.5       	3673      	-1.2
788       	17:13:12  	663.5 	10.7  	43    	8.0      	071   	-7.6       	-2.6       	3678      	-1.2
790       	17:13:14  	663.1 	10.7  	44    	8.1      	071   	-7.7       	-2.6       	3684      	-1.2
792       	17:13:16  	662.7 	10.6  	44    	8.1      	072   	-7.7       	-2.5       	3689      	-1.2
794       	17:13:18  	662.2 	10.6  	44    	8.1      	072   	-7.7       	-2.5       	3694      	-1.2
796       	17:13:20  	661.8 	10.5  	44    	8.0      	072   	-7.6       	-2.5       	3700      	-1.2
798       	17:13:22  	661.4 	10.5  	44    	8.0      	072   	-7.6       	-2.5       	3705      	-1.2
800       	17:13:24  	661.0 	10.4  	44    	8.0      	072   	-7.6       	-2.5       	3710      	-1.2
802       	17:13:26  	660.6 	10.4  	44    	7.9      	072   	-7.5       	-2.5       	3715      	-1.2
804       	17:13:28  	660.2 	10.3  	45    	7.8      	072   	-7.4       	-2.4       	3721      	-1.2
806       	17:13:30  	659.7 	10.3  	45    	7.7      	072   	-7.3       	-2.4       	3726      	-1.2
808       	17:13:32  	659.3 	10.2  	45    	7.7      	072   	-7.3       	-2.4       	3731      	-1.2
810       	17:13:34  	658.9 	10.2  	45    	7.6      	072   	-7.2       	-2.3       	3736      	-1.3
812       	17:13:36  	658.5 	10.1  	45    	7.5      	072   	-7.1       	-2.3       	3742      	-1.3
814       	17:13:38  	658.0 	10.1  	45    	7.5      	072   	-7.1       	-2.3       	3747      	-1.4
816       	17:13:40  	657.6 	10.0  	45    	7.4      	072   	-7.0       	-2.3       	3753      	-1.5
818       	17:13:42  	657.1 	9.9   	45    	7.3      	072   	-6.9       	-2.3       	3759      	-1.5
820       	17:13:44  	656.7 	9.9   	45    	7.2      	071   	-6.8       	-2.3       	3764      	-1.5
822       	17:13:46  	656.2 	9.8   	45    	7.1      	071   	-6.7       	-2.3       	3770      	-1.6
824       	17:13:48  	655.8 	9.8   	45    	7.1      	071   	-6.7       	-2.3       	3776      	-1.6
826       	17:13:50  	655.3 	9.7   	45    	7.0      	071   	-6.6       	-2.3       	3782      	-1.5
828       	17:13:52  	654.9 	9.7   	45    	7.0      	071   	-6.6       	-2.3       	3787      	-1.5
830       	17:13:54  	654.4 	9.6   	46    	7.0      	071   	-6.6       	-2.3       	3793      	-1.5
832       	17:13:56  	654.0 	9.6   	46    	6.9      	071   	-6.5       	-2.3       	3799      	-1.5
834       	17:13:58  	653.5 	9.5   	46    	6.9      	070   	-6.5       	-2.4       	3804      	-1.5
836       	17:14:00  	653.1 	9.5   	46    	6.8      	069   	-6.4       	-2.4       	3810      	-1.5
838       	17:14:02  	652.7 	9.4   	46    	6.8      	069   	-6.4       	-2.4       	3815      	-1.6
840       	17:14:04  	652.2 	9.4   	46    	6.9      	069   	-6.4       	-2.5       	3821      	-1.6
842       	17:14:06  	651.8 	9.4   	46    	6.8      	068   	-6.3       	-2.6       	3826      	-1.6
844       	17:14:08  	651.4 	9.3   	46    	6.8      	068   	-6.3       	-2.6       	3832      	-1.7
846       	17:14:10  	651.0 	9.2   	46    	6.8      	066   	-6.2       	-2.7       	3837      	-1.8
848       	17:14:12  	650.5 	9.2   	46    	6.8      	066   	-6.2       	-2.8       	3843      	-1.8
850       	17:14:14  	650.0 	9.1   	46    	6.8      	066   	-6.2       	-2.8       	3849      	-1.9
852       	17:14:16  	649.6 	9.1   	46    	6.7      	065   	-6.1       	-2.8       	3854      	-1.9
854       	17:14:18  	649.1 	9.0   	46    	6.8      	065   	-6.1       	-2.9       	3860      	-1.9
856       	17:14:20  	648.7 	9.0   	46    	6.7      	064   	-6.0       	-2.9       	3866      	-1.9
858       	17:14:22  	648.2 	8.9   	46    	6.6      	063   	-5.9       	-3.0       	3872      	-1.9
860       	17:14:24  	647.8 	8.9   	47    	6.6      	062   	-5.8       	-3.1       	3878      	-1.9
862       	17:14:26  	647.3 	8.8   	47    	6.5      	061   	-5.7       	-3.1       	3884      	-1.9
864       	17:14:28  	646.9 	8.8   	47    	6.5      	061   	-5.7       	-3.1       	3889      	-1.8
866       	17:14:30  	646.4 	8.7   	47    	6.4      	060   	-5.6       	-3.2       	3895      	-1.8
868       	17:14:32  	646.0 	8.7   	47    	6.5      	059   	-5.6       	-3.3       	3901      	-1.9
870       	17:14:34  	645.5 	8.6   	47    	6.5      	058   	-5.5       	-3.4       	3907      	-2.0
872       	17:14:36  	645.0 	8.6   	47    	6.4      	057   	-5.4       	-3.5       	3913      	-2.2
874       	17:14:38  	644.6 	8.6   	46    	6.5      	055   	-5.3       	-3.7       	3918      	-2.3
876       	17:14:40  	644.1 	8.6   	46    	6.4      	054   	-5.2       	-3.8       	3924      	-2.4
878       	17:14:42  	643.7 	8.6   	45    	6.5      	053   	-5.2       	-3.9       	3930      	-2.6
880       	17:14:44  	643.2 	8.5   	45    	6.5      	052   	-5.1       	-4.0       	3936      	-2.8
882       	17:14:46  	642.7 	8.4   	44    	6.5      	050   	-5.0       	-4.2       	3942      	-2.9
884       	17:14:48  	642.3 	8.4   	44    	6.4      	048   	-4.8       	-4.3       	3948      	-3.0
886       	17:14:50  	641.8 	8.4   	44    	6.5      	046   	-4.7       	-4.5       	3954      	-3.1
888       	17:14:52  	641.4 	8.3   	44    	6.4      	045   	-4.5       	-4.5       	3960      	-3.2
890       	17:14:54  	640.9 	8.3   	44    	6.4      	044   	-4.4       	-4.6       	3966      	-3.2
892       	17:14:56  	640.4 	8.2   	44    	6.3      	043   	-4.3       	-4.6       	3972      	-3.3
894       	17:14:58  	640.0 	8.2   	44    	6.2      	040   	-4.0       	-4.7       	3978      	-3.4
896       	17:15:00  	639.5 	8.1   	44    	6.1      	037   	-3.7       	-4.9       	3984      	-3.4
898       	17:15:02  	639.0 	8.1   	44    	6.1      	033   	-3.3       	-5.1       	3990      	-3.5
900       	17:15:04  	638.5 	8.0   	44    	6.0      	030   	-3.0       	-5.2       	3996      	-3.5
902       	17:15:06  	638.1 	8.0   	44    	6.1      	027   	-2.8       	-5.4       	4002      	-3.6
904       	17:15:08  	637.6 	7.9   	44    	6.1      	025   	-2.6       	-5.5       	4009      	-3.6
906       	17:15:10  	637.1 	7.8   	44    	6.1      	022   	-2.3       	-5.6       	4015      	-3.7
908       	17:15:12  	636.6 	7.7   	44    	6.1      	020   	-2.1       	-5.7       	4021      	-3.7
910       	17:15:14  	636.2 	7.7   	44    	6.1      	018   	-1.9       	-5.8       	4027      	-3.7
912       	17:15:16  	635.7 	7.6   	44    	6.2      	015   	-1.6       	-6.0       	4033      	-3.8
914       	17:15:18  	635.2 	7.6   	44    	6.2      	015   	-1.6       	-6.0       	4039      	-3.7
916       	17:15:20  	634.8 	7.5   	45    	6.2      	015   	-1.6       	-6.0       	4045      	-3.7
918       	17:15:22  	634.3 	7.5   	45    	6.2      	015   	-1.6       	-6.0       	4052      	-3.7
920       	17:15:24  	633.8 	7.5   	45    	6.2      	015   	-1.6       	-6.0       	4058      	-3.8
922       	17:15:26  	633.3 	7.5   	44    	6.2      	015   	-1.6       	-6.0       	4064      	-3.8
924       	17:15:28  	632.9 	7.4   	44    	6.2      	015   	-1.6       	-6.0       	4070      	-4.0
926       	17:15:30  	632.4 	7.3   	44    	6.2      	015   	-1.6       	-6.0       	4076      	-4.1
928       	17:15:32  	631.9 	7.3   	44    	6.2      	015   	-1.6       	-6.0       	4082      	-4.2
930       	17:15:34  	631.4 	7.3   	43    	6.2      	015   	-1.6       	-6.0       	4088      	-4.3
932       	17:15:36  	631.0 	7.3   	43    	6.2      	015   	-1.6       	-6.0       	4095      	-4.4
934       	17:15:38  	630.5 	7.2   	43    	6.2      	015   	-1.6       	-6.0       	4101      	-4.4
936       	17:15:40  	630.0 	7.2   	43    	6.2      	015   	-1.6       	-6.0       	4107      	-4.4
938       	17:15:42  	629.6 	7.1   	43    	6.2      	015   	-1.6       	-6.0       	4113      	-4.5
940       	17:15:44  	629.1 	7.1   	43    	6.2      	015   	-1.6       	-6.0       	4119      	-4.6
942       	17:15:46  	628.6 	7.0   	43    	6.2      	015   	-1.6       	-6.0       	4125      	-4.7
944       	17:15:48  	628.1 	6.9   	43    	6.2      	015   	-1.6       	-6.0       	4131      	-4.8
946       	17:15:50  	627.7 	6.9   	43    	6.2      	015   	-1.6       	-6.0       	4138      	-4.9
948       	17:15:52  	627.2 	6.8   	43    	6.2      	015   	-1.6       	-6.0       	4144      	-4.9
950       	17:15:54  	626.8 	6.7   	43    	6.2      	015   	-1.6       	-6.0       	4150      	-4.9
952       	17:15:56  	626.4 	6.7   	43    	6.2      	015   	-1.6       	-6.0       	4155      	-5.0
954       	17:15:58  	625.9 	6.6   	43    	6.2      	015   	-1.6       	-6.0       	4161      	-5.0
956       	17:16:00  	625.5 	6.6   	43    	6.2      	015   	-1.6       	-6.0       	4166      	-5.0
958       	17:16:02  	625.1 	6.6   	43    	6.2      	015   	-1.6       	-6.0       	4172      	-5.1
960       	17:16:04  	624.7 	6.5   	43    	6.2      	015   	-1.6       	-6.0       	4177      	-5.1
962       	17:16:06  	624.2 	6.5   	43    	6.2      	015   	-1.6       	-6.0       	4183      	-5.1
964       	17:16:08  	623.7 	6.4   	43    	6.2      	015   	-1.6       	-6.0       	4189      	-5.2
966       	17:16:10  	623.3 	6.4   	43    	6.2      	015   	-1.6       	-6.0       	4195      	-5.3
968       	17:16:12  	622.8 	6.3   	43    	6.2      	015   	-1.6       	-6.0       	4202      	-5.2
970       	17:16:14  	622.3 	6.3   	43    	6.2      	015   	-1.6       	-6.0       	4208      	-5.2
972       	17:16:16  	621.8 	6.3   	44    	6.2      	015   	-1.6       	-6.0       	4215      	-5.2
974       	17:16:18  	621.3 	6.2   	44    	6.2      	015   	-1.6       	-6.0       	4221      	-5.2
976       	17:16:20  	620.9 	6.2   	44    	6.2      	015   	-1.6       	-6.0       	4227      	-5.2
978       	17:16:22  	620.4 	6.2   	44    	6.2      	015   	-1.6       	-6.0       	4234      	-5.2
980       	17:16:24  	619.9 	6.1   	44    	6.2      	015   	-1.6       	-6.0       	4240      	-5.3
982       	17:16:26  	619.5 	6.0   	44    	6.2      	015   	-1.6       	-6.0       	4246      	-5.3
984       	17:16:28  	619.0 	6.0   	44    	6.2      	015   	-1.6       	-6.0       	4252      	-5.3
986       	17:16:30  	618.6 	6.0   	44    	6.2      	015   	-1.6       	-6.0       	4257      	-5.3
988       	17:16:32  	618.2 	6.0   	44    	6.2      	015   	-1.6       	-6.0       	4263      	-5.3
990       	17:16:34  	617.7 	5.9   	44    	6.2      	015   	-1.6       	-6.0       	4268      	-5.4
992       	17:16:36  	617.3 	6.0   	44    	6.2      	015   	-1.6       	-6.0       	4274      	-5.4
994       	17:16:38  	616.9 	5.9   	43    	6.2      	015   	-1.6       	-6.0       	4279      	-5.5
996       	17:16:40  	616.5 	5.9   	43    	6.2      	015   	-1.6       	-6.0       	4285      	-5.6
998       	17:16:42  	616.1 	5.8   	43    	6.2      	015   	-1.6       	-6.0       	4291      	-5.7
1000      	17:16:44  	615.7 	5.8   	43    	6.2      	015   	-1.6       	-6.0       	4296      	-5.8
1002      	17:16:46  	615.3 	5.7   	43    	6.3      	013   	-1.4       	-6.1       	4302      	-5.9
1004      	17:16:48  	614.8 	5.7   	43    	6.4      	010   	-1.1       	-6.3       	4307      	-6.0
1006      	17:16:50  	614.4 	5.6   	43    	6.5      	008   	-0.9       	-6.4       	4313      	-6.0
1008      	17:16:52  	614.0 	5.6   	43    	6.6      	006   	-0.7       	-6.6       	4318      	-6.0
1010      	17:16:54  	613.6 	5.5   	43    	6.7      	004   	-0.5       	-6.7       	4324      	-6.1
1012      	17:16:56  	613.1 	5.4   	43    	6.9      	002   	-0.2       	-6.9       	4329      	-6.2
1014      	17:16:58  	612.7 	5.4   	43    	7.0      	360   	0.0        	-7.0       	4335      	-6.3
1016      	17:17:00  	612.3 	5.3   	43    	7.2      	358   	0.2        	-7.2       	4341      	-6.3
1018      	17:17:02  	611.8 	5.2   	43    	7.3      	357   	0.4        	-7.3       	4348      	-6.4
1020      	17:17:04  	611.4 	5.2   	43    	7.5      	355   	0.7        	-7.5       	4354      	-6.5
1022      	17:17:06  	610.9 	5.1   	43    	7.5      	355   	0.7        	-7.5       	4360      	-6.5
1024      	17:17:08  	610.5 	5.1   	43    	7.5      	355   	0.7        	-7.5       	4365      	-6.4
1026      	17:17:10  	610.0 	5.1   	43    	7.5      	355   	0.7        	-7.5       	4371      	-6.4
1028      	17:17:12  	609.6 	5.1   	43    	7.5      	355   	0.7        	-7.5       	4377      	-6.4
1030      	17:17:14  	609.2 	5.0   	43    	7.5      	355   	0.7        	-7.5       	4382      	-6.4
1032      	17:17:16  	608.8 	5.0   	43    	7.5      	355   	0.7        	-7.5       	4388      	-6.4
1034      	17:17:18  	608.4 	4.9   	43    	7.5      	355   	0.7        	-7.5       	4393      	-6.5
1036      	17:17:20  	608.0 	4.9   	43    	7.5      	355   	0.7        	-7.5       	4399      	-6.5
1038      	17:17:22  	607.5 	4.8   	44    	7.5      	355   	0.7        	-7.5       	4404      	-6.5
1040      	17:17:24  	607.1 	4.8   	44    	7.5      	355   	0.7        	-7.5       	4410      	-6.4
1042      	17:17:26  	606.7 	4.8   	44    	7.5      	355   	0.7        	-7.5       	4415      	-6.4
1044      	17:17:28  	606.3 	4.8   	44    	7.5      	355   	0.7        	-7.5       	4421      	-6.4
1046      	17:17:30  	605.9 	4.8   	44    	7.5      	355   	0.7        	-7.5       	4426      	-6.4
1048      	17:17:32  	605.5 	4.7   	44    	7.5      	355   	0.7        	-7.5       	4432      	-6.5
1050      	17:17:34  	605.1 	4.6   	44    	7.5      	355   	0.7        	-7.5       	4437      	-6.5
1052      	17:17:36  	604.7 	4.5   	44    	7.5      	355   	0.7        	-7.5       	4442      	-6.5
1054      	17:17:38  	604.3 	4.4   	44    	7.5      	355   	0.7        	-7.5       	4448      	-6.6
1056      	17:17:40  	603.9 	4.3   	45    	7.5      	355   	0.7        	-7.5       	4453      	-6.6
1058      	17:17:42  	603.5 	4.2   	45    	7.5      	355   	0.7        	-7.5       	4458      	-6.7
1060      	17:17:44  	603.1 	4.2   	45    	7.5      	355   	0.7        	-7.5       	4464      	-6.7
1062      	17:17:46  	602.7 	4.1   	45    	7.5      	355   	0.7        	-7.5       	4469      	-6.7
1064      	17:17:48  	602.3 	4.1   	45    	7.5      	355   	0.7        	-7.5       	4475      	-6.7
1066      	17:17:50  	601.9 	4.1   	45    	7.5      	355   	0.7        	-7.5       	4480      	-6.8
1068      	17:17:52  	601.5 	4.0   	45    	7.5      	355   	0.7        	-7.5       	4485      	-6.8
1070      	17:17:54  	601.1 	4.0   	45    	7.5      	355   	0.7        	-7.5       	4491      	-6.8
1072      	17:17:56  	600.7 	4.0   	45    	7.5      	355   	0.7        	-7.5       	4496      	-6.8
1074      	17:17:58  	600.3 	3.7   	45    	7.5      	355   	0.7        	-7.5       	4502      	-7.0
1076      	17:18:00  	599.9 	3.8   	45    	7.5      	355   	0.7        	-7.5       	4507      	-7.0
1078      	17:18:02  	599.5 	3.7   	45    	7.5      	355   	0.7        	-7.5       	4513      	-7.0
1080      	17:18:04  	599.1 	3.6   	45    	7.5      	355   	0.7        	-7.5       	4519      	-7.1
1082      	17:18:06  	598.7 	3.5   	45    	7.5      	355   	0.7        	-7.5       	4524      	-7.2
1084      	17:18:08  	598.2 	3.5   	45    	7.5      	355   	0.7        	-7.5       	4530      	-7.3
1086      	17:18:10  	597.8 	3.7   	45    	7.5      	355   	0.7        	-7.5       	4536      	-7.1
1088      	17:18:12  	597.4 	3.6   	45    	7.5      	355   	0.7        	-7.5       	4541      	-7.2
1090      	17:18:14  	597.0 	3.5   	45    	7.5      	355   	0.7        	-7.5       	4547      	-7.3
1092      	17:18:16  	596.6 	3.5   	45    	7.5      	355   	0.6        	-7.5       	4553      	-7.3
1094      	17:18:18  	596.2 	3.5   	45    	7.5      	356   	0.5        	-7.5       	4558      	-7.3
1096      	17:18:20  	595.8 	3.4   	45    	7.5      	357   	0.4        	-7.5       	4564      	-7.3
1098      	17:18:22  	595.3 	3.4   	45    	7.5      	358   	0.3        	-7.5       	4570      	-7.4
1100      	17:18:24  	594.9 	3.4   	45    	7.5      	358   	0.2        	-7.5       	4575      	-7.4
1102      	17:18:26  	594.5 	3.4   	45    	7.5      	360   	0.0        	-7.5       	4581      	-7.4
1104      	17:18:28  	594.1 	3.3   	45    	7.5      	001   	-0.1       	-7.5       	4587      	-7.4
1106      	17:18:30  	593.7 	3.2   	45    	7.5      	002   	-0.2       	-7.5       	4592      	-7.5
1108      	17:18:32  	593.3 	3.2   	45    	7.5      	002   	-0.3       	-7.5       	4598      	-7.5
1110      	17:18:34  	592.8 	3.1   	45    	7.5      	003   	-0.4       	-7.5       	4604      	-7.5
1112      	17:18:36  	592.4 	3.0   	46    	7.5      	004   	-0.5       	-7.5       	4609      	-7.6
1114      	17:18:38  	592.0 	2.9   	46    	7.5      	004   	-0.5       	-7.5       	4615      	-7.6
1116      	17:18:40  	591.6 	2.8   	46    	7.5      	004   	-0.5       	-7.5       	4621      	-7.6
1118      	17:18:42  	591.2 	2.7   	46    	7.5      	004   	-0.5       	-7.5       	4627      	-7.6
1120      	17:18:44  	590.7 	2.7   	46    	7.5      	004   	-0.5       	-7.5       	4632      	-7.6
1122      	17:18:46  	590.3 	2.6   	46    	7.5      	004   	-0.5       	-7.5       	4638      	-7.6
1124      	17:18:48  	589.9 	2.6   	47    	7.5      	004   	-0.5       	-7.5       	4644      	-7.6
1126      	17:18:50  	589.5 	2.6   	47    	7.5      	004   	-0.5       	-7.5       	4650      	-7.6
1128      	17:18:52  	589.1 	2.5   	47    	7.5      	004   	-0.5       	-7.5       	4656      	-7.6
1130      	17:18:54  	588.6 	2.5   	47    	7.5      	004   	-0.5       	-7.5       	4661      	-7.6
1132      	17:18:56  	588.2 	2.4   	47    	7.5      	004   	-0.5       	-7.5       	4667      	-7.6
1134      	17:18:58  	587.8 	2.4   	47    	7.5      	004   	-0.5       	-7.5       	4673      	-7.6
1136      	17:19:00  	587.3 	2.3   	48    	7.5      	004   	-0.5       	-7.5       	4679      	-7.6
1138      	17:19:02  	586.9 	2.2   	48    	7.5      	004   	-0.5       	-7.5       	4685      	-7.7
1140      	17:19:04  	586.5 	2.2   	48    	7.5      	004   	-0.5       	-7.5       	4691      	-7.7
1142      	17:19:06  	586.1 	2.2   	48    	7.5      	004   	-0.5       	-7.5       	4697      	-7.8
1144      	17:19:08  	585.6 	2.2   	48    	7.5      	004   	-0.5       	-7.5       	4703      	-7.8
1146      	17:19:10  	585.2 	2.1   	48    	7.5      	004   	-0.5       	-7.5       	4708      	-7.8
1148      	17:19:12  	584.8 	2.0   	47    	7.5      	004   	-0.5       	-7.5       	4714      	-7.9
1150      	17:19:14  	584.4 	2.0   	47    	7.5      	004   	-0.5       	-7.5       	4720      	-8.0
1152      	17:19:16  	583.9 	1.9   	48    	7.5      	004   	-0.5       	-7.5       	4726      	-8.0
1154      	17:19:18  	583.5 	1.9   	48    	7.5      	004   	-0.5       	-7.5       	4732      	-8.0
1156      	17:19:20  	583.1 	1.8   	48    	7.5      	004   	-0.5       	-7.5       	4738      	-8.0
1158      	17:19:22  	582.7 	1.7   	48    	7.5      	004   	-0.5       	-7.5       	4744      	-8.0
1160      	17:19:24  	582.2 	1.7   	48    	7.5      	004   	-0.5       	-7.5       	4750      	-8.0
1162      	17:19:26  	581.8 	1.7   	49    	7.5      	004   	-0.5       	-7.5       	4756      	-8.0
1164      	17:19:28  	581.4 	1.6   	49    	7.5      	004   	-0.5       	-7.5       	4761      	-8.0
1166      	17:19:30  	581.0 	1.6   	49    	7.5      	004   	-0.5       	-7.5       	4767      	-8.0
1168      	17:19:32  	580.5 	1.6   	49    	7.5      	004   	-0.5       	-7.5       	4773      	-8.0
1170      	17:19:34  	580.1 	1.5   	48    	7.5      	004   	-0.5       	-7.5       	4779      	-8.1
1172      	17:19:36  	579.7 	1.5   	48    	7.5      	004   	-0.5       	-7.5       	4785      	-8.2
1174      	17:19:38  	579.3 	1.4   	49    	7.5      	004   	-0.5       	-7.5       	4791      	-8.2
1176      	17:19:40  	578.8 	1.2   	49    	7.5      	004   	-0.5       	-7.5       	4797      	-8.4
1178      	17:19:42  	578.4 	1.1   	49    	7.5      	004   	-0.5       	-7.5       	4803      	-8.4
1180      	17:19:44  	578.0 	1.1   	49    	7.5      	004   	-0.5       	-7.5       	4808      	-8.4
1182      	17:19:46  	577.6 	1.0   	49    	7.5      	004   	-0.5       	-7.5       	4814      	-8.4
1184      	17:19:48  	577.2 	1.0   	49    	7.5      	004   	-0.5       	-7.5       	4820      	-8.4
1186      	17:19:50  	576.8 	1.0   	49    	7.5      	004   	-0.5       	-7.5       	4825      	-8.4
1188      	17:19:52  	576.4 	0.9   	49    	7.5      	004   	-0.5       	-7.5       	4831      	-8.4
1190      	17:19:54  	575.9 	0.9   	50    	7.5      	004   	-0.5       	-7.5       	4837      	-8.4
1192      	17:19:56  	575.5 	0.8   	50    	7.5      	004   	-0.5       	-7.5       	4843      	-8.4
1194      	17:19:58  	575.1 	0.8   	50    	7.5      	004   	-0.5       	-7.5       	4849      	-8.5
1196      	17:20:00  	574.7 	0.7   	50    	7.5      	004   	-0.5       	-7.5       	4855      	-8.5
1198      	17:20:02  	574.3 	0.7   	50    	7.5      	004   	-0.5       	-7.5       	4861      	-8.5
1200      	17:20:04  	573.8 	0.7   	50    	7.5      	004   	-0.5       	-7.5       	4867      	-8.5
1202      	17:20:06  	573.4 	0.6   	50    	7.5      	004   	-0.5       	-7.5       	4873      	-8.5
1204      	17:20:08  	573.0 	0.6   	50    	7.5      	004   	-0.5       	-7.5       	4879      	-8.6
1206      	17:20:10  	572.5 	0.4   	50    	7.0      	006   	-0.7       	-7.0       	4885      	-8.7
1208      	17:20:12  	572.1 	0.3   	50    	6.6      	007   	-0.8       	-6.6       	4890      	-8.7
1210      	17:20:14  	571.7 	0.2   	50    	6.3      	009   	-1.0       	-6.2       	4896      	-8.9
1212      	17:20:16  	571.3 	0.2   	50    	5.9      	011   	-1.1       	-5.8       	4902      	-9.0
1214      	17:20:18  	570.9 	0.1   	50    	5.5      	014   	-1.3       	-5.3       	4907      	-9.1
1216      	17:20:20  	570.5 	0.1   	50    	5.1      	016   	-1.4       	-4.9       	4913      	-9.2
1218      	17:20:22  	570.1 	0.0   	50    	4.8      	020   	-1.6       	-4.5       	4919      	-9.1
1220      	17:20:24  	569.7 	0.0   	50    	4.4      	023   	-1.7       	-4.1       	4924      	-9.1
1222      	17:20:26  	569.3 	-0.0  	50    	4.0      	027   	-1.8       	-3.6       	4930      	-9.2
1224      	17:20:28  	568.9 	-0.1  	50    	3.8      	032   	-2.0       	-3.2       	4936      	-9.3
1226      	17:20:30  	568.5 	-0.1  	50    	3.8      	032   	-2.0       	-3.2       	4941      	-9.3
1228      	17:20:32  	568.1 	-0.1  	50    	3.8      	032   	-2.0       	-3.2       	4947      	-9.3
1230      	17:20:34  	567.7 	-0.2  	49    	3.8      	032   	-2.0       	-3.2       	4953      	-9.4
1232      	17:20:36  	567.3 	-0.2  	49    	3.8      	032   	-2.0       	-3.2       	4959      	-9.5
1234      	17:20:38  	566.8 	-0.3  	49    	3.8      	032   	-2.0       	-3.2       	4965      	-9.7
1236      	17:20:40  	566.4 	-0.3  	49    	3.8      	032   	-2.0       	-3.2       	4971      	-9.8
1238      	17:20:42  	566.0 	-0.4  	49    	3.8      	032   	-2.0       	-3.2       	4977      	-9.8
1240      	17:20:44  	565.6 	-0.4  	48    	3.8      	032   	-2.0       	-3.2       	4983      	-10.0
1242      	17:20:46  	565.1 	-0.5  	48    	3.8      	032   	-2.0       	-3.2       	4989      	-10.1
1244      	17:20:48  	564.7 	-0.5  	48    	3.8      	032   	-2.0       	-3.2       	4995      	-10.2
1246      	17:20:50  	564.3 	-0.6  	47    	3.8      	032   	-2.0       	-3.2       	5001      	-10.4
1248      	17:20:52  	563.8 	-0.6  	47    	3.8      	032   	-2.0       	-3.2       	5007      	-10.5
1250      	17:20:54  	563.4 	-0.6  	46    	3.8      	032   	-2.0       	-3.2       	5013      	-10.8
1252      	17:20:56  	563.0 	-0.6  	45    	3.8      	032   	-2.0       	-3.2       	5019      	-11.0
1254      	17:20:58  	562.5 	-0.6  	45    	3.8      	032   	-2.0       	-3.2       	5026      	-11.1
1256      	17:21:00  	562.1 	-0.7  	44    	3.8      	032   	-2.0       	-3.2       	5032      	-11.3
1258      	17:21:02  	561.7 	-0.7  	44    	3.8      	032   	-2.0       	-3.2       	5038      	-11.5
1260      	17:21:04  	561.3 	-0.8  	43    	3.8      	032   	-2.0       	-3.2       	5044      	-11.7
1262      	17:21:06  	560.8 	-0.8  	43    	3.8      	032   	-2.0       	-3.2       	5050      	-11.8
1264      	17:21:08  	560.4 	-0.8  	42    	3.8      	032   	-2.0       	-3.2       	5056      	-12.0
1266      	17:21:10  	560.0 	-0.8  	42    	3.8      	032   	-2.0       	-3.2       	5062      	-12.2
1268      	17:21:12  	559.6 	-0.8  	41    	3.8      	032   	-2.0       	-3.2       	5068      	-12.4
1270      	17:21:14  	559.2 	-0.8  	40    	3.8      	032   	-2.0       	-3.2       	5074      	-12.5
1272      	17:21:16  	558.8 	-0.8  	40    	3.8      	032   	-2.0       	-3.2       	5080      	-12.7
1274      	17:21:18  	558.3 	-0.8  	39    	3.8      	032   	-2.0       	-3.2       	5086      	-12.9
1276      	17:21:20  	557.9 	-0.8  	39    	3.8      	032   	-2.0       	-3.2       	5092      	-13.0
1278      	17:21:22  	557.5 	-0.8  	39    	3.8      	032   	-2.0       	-3.2       	5098      	-13.1
1280      	17:21:24  	557.1 	-0.9  	39    	3.8      	032   	-2.0       	-3.2       	5104      	-13.1
1282      	17:21:26  	556.7 	-0.9  	39    	3.8      	032   	-2.0       	-3.2       	5110      	-13.2
1284      	17:21:28  	556.2 	-1.0  	39    	3.8      	032   	-2.0       	-3.2       	5116      	-13.2
1286      	17:21:30  	555.8 	-1.0  	39    	3.8      	032   	-2.0       	-3.2       	5122      	-13.1
1288      	17:21:32  	555.4 	-1.1  	39    	3.8      	032   	-2.0       	-3.2       	5128      	-13.2
1290      	17:21:34  	555.0 	-1.2  	40    	3.8      	032   	-2.0       	-3.2       	5134      	-13.1
1292      	17:21:36  	554.6 	-1.3  	40    	3.8      	032   	-2.0       	-3.2       	5140      	-13.1
1294      	17:21:38  	554.2 	-1.3  	40    	3.8      	032   	-2.0       	-3.2       	5146      	-13.1
1296      	17:21:40  	553.7 	-1.4  	40    	3.8      	032   	-2.0       	-3.2       	5152      	-13.1
1298      	17:21:42  	553.3 	-1.4  	40    	3.8      	032   	-2.0       	-3.2       	5158      	-13.2
1300      	17:21:44  	552.9 	-1.4  	40    	3.8      	032   	-2.0       	-3.2       	5164      	-13.2
1302      	17:21:46  	552.5 	-1.4  	40    	3.8      	032   	-2.0       	-3.2       	5170      	-13.2
1304      	17:21:48  	552.1 	-1.5  	40    	3.8      	032   	-2.0       	-3.2       	5176      	-13.2
1306      	17:21:50  	551.7 	-1.5  	40    	3.8      	032   	-2.0       	-3.2       	5182      	-13.3
1308      	17:21:52  	551.2 	-1.5  	40    	3.1      	032   	-1.6       	-2.6       	5188      	-13.3
1310      	17:21:54  	550.8 	-1.6  	40    	2.1      	031   	-1.1       	-1.8       	5194      	-13.3
1312      	17:21:56  	550.4 	-1.7  	40    	1.2      	024   	-0.5       	-1.1       	5200      	-13.3
1314      	17:21:58  	550.0 	-1.8  	41    	0.3      	360   	0.0        	-0.3       	5206      	-13.3
1316      	17:22:00  	549.6 	-1.9  	41    	0.7      	225   	0.5        	0.5        	5212      	-13.3
1318      	17:22:02  	549.2 	-1.9  	41    	1.6      	220   	1.0        	1.2        	5218      	-13.3
1320      	17:22:04  	548.7 	-2.0  	42    	2.5      	217   	1.5        	2.0        	5224      	-13.2
1322      	17:22:06  	548.3 	-2.1  	42    	3.4      	216   	2.0        	2.8        	5230      	-13.2
1324      	17:22:08  	547.9 	-2.2  	43    	4.4      	215   	2.5        	3.6        	5236      	-13.1
1326      	17:22:10  	547.5 	-2.2  	43    	5.2      	215   	3.0        	4.3        	5242      	-13.0
1328      	17:22:12  	547.1 	-2.3  	44    	5.5      	215   	3.1        	4.5        	5247      	-12.9
1330      	17:22:14  	546.7 	-2.4  	44    	5.5      	215   	3.1        	4.5        	5253      	-12.8
1332      	17:22:16  	546.4 	-2.5  	45    	5.5      	215   	3.1        	4.5        	5258      	-12.7
1334      	17:22:18  	546.0 	-2.5  	46    	5.5      	215   	3.1        	4.5        	5264      	-12.6
1336      	17:22:20  	545.6 	-3.5  	46    	5.5      	215   	3.1        	4.5        	5269      	-13.3
1338      	17:22:22  	545.2 	-4.8  	46    	5.5      	215   	3.1        	4.5        	5275      	-14.5
1340      	17:22:24  	544.8 	-4.9  	47    	5.5      	215   	3.1        	4.5        	5280      	-14.5
1342      	17:22:26  	544.4 	-5.0  	47    	5.5      	215   	3.1        	4.5        	5286      	-14.4
1344      	17:22:28  	544.1 	-5.2  	47    	5.5      	215   	3.1        	4.5        	5292      	-14.6
1346      	17:22:30  	543.7 	-5.4  	48    	5.5      	215   	3.1        	4.5        	5297      	-14.7
1348      	17:22:32  	543.3 	-5.5  	48    	5.5      	215   	3.1        	4.5        	5303      	-14.7
1350      	17:22:34  	542.9 	-3.0  	48    	5.5      	215   	3.1        	4.5        	5308      	-12.4
1352      	17:22:36  	542.5 	-3.0  	48    	5.5      	215   	3.1        	4.5        	5314      	-12.4
1354      	17:22:38  	542.1 	-3.0  	48    	5.5      	215   	3.1        	4.5        	5320      	-12.4
1356      	17:22:40  	541.7 	-3.0  	48    	5.5      	215   	3.1        	4.5        	5326      	-12.4
1358      	17:22:42  	541.3 	-3.0  	48    	5.5      	215   	3.1        	4.5        	5332      	-12.5
1360      	17:22:44  	540.8 	-3.1  	48    	5.5      	215   	3.1        	4.5        	5338      	-12.6
1362      	17:22:46  	540.4 	-3.2  	48    	5.5      	215   	3.1        	4.5        	5344      	-12.6
1364      	17:22:48  	540.0 	-3.3  	48    	5.5      	215   	3.1        	4.5        	5350      	-12.7
1366      	17:22:50  	539.6 	-3.3  	48    	5.5      	215   	3.1        	4.5        	5356      	-12.7
1368      	17:22:52  	539.2 	-3.4  	48    	5.5      	215   	3.1        	4.5        	5362      	-12.7
1370      	17:22:54  	538.8 	-3.5  	48    	5.5      	215   	3.1        	4.5        	5368      	-12.8
1372      	17:22:56  	538.4 	-3.5  	48    	5.5      	215   	3.1        	4.5        	5374      	-12.8
1374      	17:22:58  	538.0 	-3.6  	49    	5.5      	215   	3.1        	4.5        	5380      	-12.8
1376      	17:23:00  	537.6 	-3.7  	49    	5.5      	215   	3.1        	4.5        	5386      	-12.7
1378      	17:23:02  	537.2 	-3.7  	50    	5.5      	215   	3.1        	4.5        	5392      	-12.6
1380      	17:23:04  	536.8 	-3.7  	51    	5.5      	215   	3.1        	4.5        	5398      	-12.5
1382      	17:23:06  	536.3 	-3.8  	51    	5.5      	215   	3.1        	4.5        	5404      	-12.3
1384      	17:23:08  	535.9 	-3.8  	52    	5.5      	215   	3.1        	4.5        	5410      	-12.2
1386      	17:23:10  	535.5 	-3.9  	53    	5.5      	215   	3.1        	4.5        	5416      	-12.0
1388      	17:23:12  	535.1 	-5.2  	54    	5.5      	215   	3.1        	4.5        	5422      	-13.1
1390      	17:23:14  	534.7 	-5.1  	54    	5.5      	215   	3.1        	4.5        	5428      	-13.0
1392      	17:23:16  	534.3 	-6.1  	54    	5.5      	215   	3.1        	4.5        	5434      	-13.8
1394      	17:23:18  	533.9 	-6.4  	54    	5.5      	215   	3.1        	4.5        	5440      	-14.0
1396      	17:23:20  	533.5 	-6.4  	55    	5.5      	215   	3.1        	4.5        	5446      	-14.0
1398      	17:23:22  	533.1 	-6.5  	55    	5.5      	215   	3.1        	4.5        	5452      	-14.0
1400      	17:23:24  	532.7 	-6.4  	55    	5.5      	215   	3.1        	4.5        	5458      	-13.9
1402      	17:23:26  	532.3 	-5.4  	55    	5.5      	215   	3.1        	4.5        	5464      	-13.0
1404      	17:23:28  	531.8 	-5.5  	55    	5.5      	215   	3.1        	4.5        	5470      	-13.1
1406      	17:23:30  	531.4 	-5.5  	55    	5.5      	215   	3.1        	4.5        	5477      	-13.2
1408      	17:23:32  	531.0 	-4.4  	54    	5.5      	215   	3.1        	4.5        	5483      	-12.2
1410      	17:23:34  	530.6 	-4.5  	54    	5.5      	215   	3.1        	4.5        	5489      	-12.3
1412      	17:23:36  	530.2 	-4.6  	54    	5.5      	215   	3.1        	4.5        	5495      	-12.4
1414      	17:23:38  	529.8 	-4.7  	54    	5.5      	215   	3.1        	4.5        	5501      	-12.5
1416      	17:23:40  	529.3 	-4.7  	54    	5.5      	215   	3.1        	4.5        	5508      	-12.6
1418      	17:23:42  	528.9 	-4.8  	54    	5.5      	215   	3.1        	4.5        	5514      	-12.6
1420      	17:23:44  	528.5 	-4.8  	54    	5.5      	215   	3.1        	4.5        	5520      	-12.7
1422      	17:23:46  	528.1 	-4.9  	54    	5.5      	215   	3.1        	4.5        	5527      	-12.7
1424      	17:23:48  	527.6 	-4.9  	54    	5.5      	215   	3.1        	4.5        	5533      	-12.8
1426      	17:23:50  	527.2 	-5.0  	54    	5.5      	215   	3.1        	4.5        	5539      	-12.8
1428      	17:23:52  	526.8 	-5.0  	54    	5.5      	215   	3.1        	4.5        	5546      	-12.9
1430      	17:23:54  	526.4 	-5.1  	54    	5.5      	215   	3.1        	4.5        	5552      	-12.9
1432      	17:23:56  	525.9 	-5.1  	54    	5.5      	215   	3.1        	4.5        	5558      	-12.9
1434      	17:23:58  	525.5 	-5.1  	54    	5.5      	215   	3.1        	4.5        	5565      	-13.0
1436      	17:24:00  	525.1 	-5.2  	54    	5.5      	215   	3.1        	4.5        	5571      	-13.0
1438      	17:24:02  	524.7 	-5.2  	54    	5.5      	215   	3.1        	4.5        	5577      	-13.1
1440      	17:24:04  	524.3 	-5.3  	54    	5.5      	215   	3.1        	4.5        	5583      	-13.2
1442      	17:24:06  	523.8 	-5.4  	53    	5.5      	215   	3.1        	4.5        	5590      	-13.3
1444      	17:24:08  	523.4 	-6.2  	53    	5.5      	215   	3.1        	4.5        	5596      	-14.2
1446      	17:24:10  	523.0 	-7.3  	53    	5.5      	215   	3.1        	4.5        	5602      	-15.2
1448      	17:24:12  	522.6 	-7.3  	51    	5.5      	215   	3.1        	4.5        	5609      	-15.8
1450      	17:24:14  	522.1 	-7.4  	46    	5.5      	215   	3.1        	4.5        	5615      	-16.9
1452      	17:24:16  	521.7 	-7.4  	46    	5.5      	215   	3.1        	4.5        	5621      	-17.1
1454      	17:24:18  	521.3 	-7.5  	46    	5.5      	215   	3.1        	4.5        	5628      	-17.1
1456      	17:24:20  	520.9 	-7.5  	46    	5.5      	215   	3.1        	4.5        	5634      	-17.1
1458      	17:24:22  	520.5 	-7.6  	44    	5.5      	215   	3.1        	4.5        	5640      	-17.5
1460      	17:24:24  	520.0 	-5.8  	44    	5.5      	215   	3.1        	4.5        	5647      	-16.1
1462      	17:24:26  	519.6 	-5.8  	44    	5.5      	215   	3.1        	4.5        	5653      	-16.0
1464      	17:24:28  	519.2 	-5.9  	48    	5.5      	215   	3.1        	4.5        	5659      	-15.2
1466      	17:24:30  	518.8 	-5.9  	47    	5.5      	215   	3.1        	4.5        	5665      	-15.4
1468      	17:24:32  	518.4 	-6.0  	46    	5.5      	215   	3.1        	4.5        	5672      	-15.6
1470      	17:24:34  	517.9 	-6.0  	46    	5.5      	215   	3.1        	4.5        	5678      	-15.8
1472      	17:24:36  	517.5 	-6.1  	46    	5.5      	215   	3.1        	4.5        	5685      	-15.9
1474      	17:24:38  	517.1 	-6.2  	54    	5.5      	215   	3.1        	4.5        	5691      	-13.8
1476      	17:24:40  	516.7 	-6.2  	60    	5.5      	215   	3.1        	4.5        	5697      	-12.7
1478      	17:24:42  	516.2 	-6.3  	60    	5.5      	215   	3.1        	4.5        	5704      	-12.7
1480      	17:24:44  	515.8 	-6.3  	60    	5.5      	215   	3.1        	4.5        	5710      	-12.8
1482      	17:24:46  	515.4 	-6.3  	60    	5.5      	215   	3.1        	4.5        	5717      	-12.7
1484      	17:24:48  	515.0 	-6.4  	59    	5.5      	215   	3.1        	4.5        	5723      	-13.0
1486      	17:24:50  	514.5 	-6.5  	54    	5.5      	215   	3.1        	4.5        	5730      	-14.2
1488      	17:24:52  	514.1 	-6.5  	48    	5.5      	215   	3.1        	4.5        	5736      	-15.6
1490      	17:24:54  	513.7 	-6.6  	46    	5.5      	215   	3.1        	4.5        	5743      	-16.3
1492      	17:24:56  	513.3 	-6.7  	45    	5.5      	215   	3.1        	4.5        	5749      	-16.5
1494      	17:24:58  	512.8 	-6.8  	45    	5.5      	215   	3.1        	4.5        	5756      	-16.6
1496      	17:25:00  	512.4 	-6.8  	45    	5.5      	215   	3.1        	4.5        	5762      	-16.6
1498      	17:25:02  	512.0 	-6.9  	45    	5.5      	215   	3.1        	4.5        	5768      	-16.7
1500      	17:25:04  	511.6 	-7.0  	45    	5.5      	215   	3.1        	4.5        	5775      	-16.8
1502      	17:25:06  	511.2 	-7.0  	45    	5.5      	215   	3.1        	4.5        	5781      	-16.8
1504      	17:25:08  	510.8 	-7.0  	45    	5.5      	215   	3.1        	4.5        	5787      	-16.8
1506      	17:25:10  	510.4 	-7.0  	45    	5.5      	215   	3.1        	4.5        	5793      	-16.8
1508      	17:25:12  	510.0 	-7.1  	45    	5.5      	215   	3.1        	4.5        	5799      	-16.8
1510      	17:25:14  	509.6 	-7.1  	46    	5.5      	215   	3.1        	4.5        	5805      	-16.8
1512      	17:25:16  	509.2 	-7.1  	46    	5.5      	215   	3.1        	4.5        	5811      	-16.8
1514      	17:25:18  	508.8 	-7.1  	46    	5.5      	215   	3.1        	4.5        	5817      	-16.8
1516      	17:25:20  	508.4 	-7.1  	46    	5.5      	215   	3.1        	4.5        	5823      	-16.8
1518      	17:25:22  	508.0 	-7.1  	46    	5.5      	215   	3.1        	4.5        	5829      	-16.8
1520      	17:25:24  	507.6 	-7.2  	46    	5.5      	215   	3.1        	4.5        	5835      	-16.8
1522      	17:25:26  	507.3 	-7.2  	46    	5.5      	215   	3.1        	4.5        	5841      	-16.8
1524      	17:25:28  	506.9 	-7.3  	46    	5.5      	215   	3.1        	4.5        	5847      	-16.8
1526      	17:25:30  	506.5 	-7.4  	47    	5.5      	215   	3.1        	4.5        	5853      	-16.8
1528      	17:25:32  	506.1 	-7.4  	47    	5.5      	215   	3.1        	4.5        	5859      	-16.8
1530      	17:25:34  	505.7 	-7.5  	47    	5.5      	215   	3.1        	4.5        	5865      	-16.8
1532      	17:25:36  	505.3 	-7.6  	47    	5.5      	215   	3.1        	4.5        	5871      	-16.8
1534      	17:25:38  	504.9 	-7.6  	47    	5.7      	214   	3.2        	4.7        	5877      	-16.9
1536      	17:25:40  	504.5 	-7.7  	47    	5.9      	213   	3.2        	4.9        	5883      	-17.0
1538      	17:25:42  	504.1 	-7.7  	47    	6.0      	212   	3.2        	5.1        	5889      	-17.0
1540      	17:25:44  	503.8 	-7.8  	47    	6.3      	211   	3.2        	5.4        	5895      	-17.0
1542      	17:25:46  	503.4 	-7.8  	47    	6.5      	211   	3.3        	5.6        	5901      	-17.0
1544      	17:25:48  	503.0 	-7.8  	47    	6.7      	210   	3.3        	5.8        	5907      	-17.1
1546      	17:25:50  	502.6 	-7.9  	47    	6.8      	209   	3.3        	6.0        	5913      	-17.1
1548      	17:25:52  	502.2 	-7.9  	47    	7.1      	209   	3.4        	6.2        	5919      	-17.2
1550      	17:25:54  	501.8 	-7.9  	47    	7.2      	208   	3.4        	6.4        	5925      	-17.2
1552      	17:25:56  	501.4 	-8.0  	47    	7.4      	207   	3.4        	6.6        	5931      	-17.3
1554      	17:25:58  	501.1 	-8.1  	47    	7.4      	207   	3.4        	6.6        	5937      	-17.4
1556      	17:26:00  	500.6 	-8.2  	47    	7.4      	207   	3.4        	6.6        	5943      	-17.5
1558      	17:26:02  	500.2 	-8.3  	47    	7.4      	207   	3.4        	6.6        	5949      	-17.5
1560      	17:26:04  	499.7 	-8.4  	47    	7.4      	207   	3.4        	6.6        	5957      	-17.6
1562      	17:26:06  	499.2 	-8.4  	47    	7.4      	207   	3.4        	6.6        	5966      	-17.7
1564      	17:26:08  	498.6 	-8.5  	47    	7.4      	207   	3.4        	6.6        	5976      	-17.8
1566      	17:26:10  	498.1 	-8.5  	46    	7.4      	207   	3.4        	6.6        	5983      	-17.9
1568      	17:26:12  	497.7 	-8.5  	46    	7.4      	207   	3.4        	6.6        	5989      	-18.0
1570      	17:26:14  	497.3 	-8.5  	45    	7.4      	207   	3.4        	6.6        	5996      	-18.2
1572      	17:26:16  	496.9 	-8.5  	45    	7.4      	207   	3.4        	6.6        	6001      	-18.3
1574      	17:26:18  	496.6 	-8.5  	44    	7.4      	207   	3.4        	6.6        	6007      	-18.5
1576      	17:26:20  	496.2 	-8.5  	44    	7.4      	207   	3.4        	6.6        	6012      	-18.6
1578      	17:26:22  	495.9 	-8.6  	44    	7.4      	207   	3.4        	6.6        	6018      	-18.6
1580      	17:26:24  	495.5 	-8.6  	44    	7.4      	207   	3.4        	6.6        	6023      	-18.7
1582      	17:26:26  	495.2 	-8.7  	44    	7.4      	207   	3.4        	6.6        	6029      	-18.7
1584      	17:26:28  	494.8 	-8.8  	44    	7.4      	207   	3.4        	6.6        	6034      	-18.8
1586      	17:26:30  	494.5 	-8.8  	44    	7.4      	207   	3.4        	6.6        	6039      	-18.8
1588      	17:26:32  	494.1 	-8.9  	45    	7.4      	207   	3.4        	6.6        	6045      	-18.7
1590      	17:26:34  	493.8 	-9.0  	45    	7.4      	207   	3.4        	6.6        	6050      	-18.6
1592      	17:26:36  	493.4 	-9.1  	46    	7.4      	207   	3.4        	6.6        	6056      	-18.6
1594      	17:26:38  	493.1 	-9.2  	46    	7.4      	207   	3.4        	6.6        	6061      	-18.5
1596      	17:26:40  	492.7 	-9.2  	47    	7.4      	207   	3.4        	6.6        	6067      	-18.4
1598      	17:26:42  	492.2 	-9.3  	47    	7.4      	207   	3.4        	6.6        	6073      	-18.3
1600      	17:26:44  	491.8 	-9.3  	48    	7.4      	207   	3.4        	6.6        	6081      	-18.3
1602      	17:26:46  	491.3 	-9.4  	48    	7.4      	207   	3.4        	6.6        	6089      	-18.2
1604      	17:26:48  	490.8 	-9.4  	48    	7.4      	207   	3.4        	6.6        	6097      	-18.3
1606      	17:26:50  	490.3 	-9.5  	48    	7.4      	207   	3.4        	6.6        	6104      	-18.3
1608      	17:26:52  	489.8 	-9.5  	48    	7.4      	207   	3.4        	6.6        	6112      	-18.3
1610      	17:26:54  	489.3 	-9.6  	48    	7.4      	207   	3.4        	6.6        	6120      	-18.4
1612      	17:26:56  	488.8 	-9.7  	48    	7.4      	207   	3.4        	6.6        	6128      	-18.6
1614      	17:26:58  	488.3 	-9.7  	47    	7.4      	207   	3.4        	6.6        	6136      	-18.8
1616      	17:27:00  	487.9 	-9.7  	46    	7.4      	207   	3.4        	6.6        	6142      	-19.1
1618      	17:27:02  	487.5 	-9.7  	44    	7.4      	207   	3.4        	6.6        	6148      	-19.5
1620      	17:27:04  	487.1 	-9.7  	43    	7.4      	207   	3.4        	6.6        	6155      	-20.0
1622      	17:27:06  	486.7 	-9.7  	41    	7.4      	207   	3.4        	6.6        	6161      	-20.3
1624      	17:27:08  	486.3 	-9.6  	39    	7.4      	207   	3.4        	6.6        	6168      	-20.8
1626      	17:27:10  	485.9 	-9.6  	38    	7.4      	207   	3.4        	6.6        	6174      	-21.3
1628      	17:27:12  	485.5 	-9.6  	37    	7.4      	207   	3.4        	6.6        	6181      	-21.6
1630      	17:27:14  	485.1 	-9.6  	36    	7.4      	207   	3.4        	6.6        	6187      	-21.9
1632      	17:27:16  	484.7 	-9.6  	35    	7.4      	207   	3.4        	6.6        	6193      	-22.1
1634      	17:27:18  	484.3 	-9.7  	34    	7.4      	207   	3.4        	6.6        	6199      	-22.5
1636      	17:27:20  	483.9 	-9.7  	33    	7.4      	207   	3.4        	6.6        	6206      	-23.0
1638      	17:27:22  	483.5 	-9.8  	32    	7.4      	207   	3.4        	6.6        	6212      	-23.3
1640      	17:27:24  	483.2 	-9.8  	32    	7.4      	207   	3.4        	6.6        	6218      	-23.2
1642      	17:27:26  	482.8 	-9.9  	33    	7.4      	207   	3.4        	6.6        	6224      	-23.1
1644      	17:27:28  	482.4 	-9.9  	33    	7.4      	207   	3.4        	6.6        	6230      	-22.9
1646      	17:27:30  	482.0 	-9.9  	34    	7.4      	207   	3.4        	6.6        	6237      	-22.8
1648      	17:27:32  	481.6 	-10.0 	34    	7.4      	207   	3.4        	6.6        	6243      	-22.6
1650      	17:27:34  	481.2 	-10.1 	35    	7.4      	207   	3.4        	6.6        	6249      	-21.4
1652      	17:27:36  	480.8 	-10.1 	36    	7.4      	207   	3.4        	6.6        	6255      	-21.2
1654      	17:27:38  	480.4 	-10.1 	36    	7.4      	207   	3.4        	6.6        	6261      	-21.1
1656      	17:27:40  	480.1 	-10.2 	36    	7.4      	207   	3.4        	6.6        	6268      	-21.2
1658      	17:27:42  	479.7 	-10.2 	36    	7.4      	207   	3.4        	6.6        	6274      	-21.2
1660      	17:27:44  	479.3 	-10.3 	36    	7.4      	207   	3.4        	6.6        	6280      	-21.2
1662      	17:27:46  	478.9 	-10.3 	36    	7.4      	207   	3.4        	6.6        	6286      	-21.2
1664      	17:27:48  	478.5 	-10.4 	36    	7.4      	207   	3.4        	6.6        	6292      	-21.3
1666      	17:27:50  	478.2 	-10.4 	36    	7.4      	207   	3.4        	6.6        	6298      	-21.4
1668      	17:27:52  	477.8 	-10.5 	36    	7.4      	207   	3.4        	6.6        	6304      	-21.5
1670      	17:27:54  	477.4 	-10.5 	36    	7.4      	207   	3.4        	6.6        	6310      	-21.5
1672      	17:27:56  	477.0 	-10.6 	36    	7.4      	207   	3.4        	6.6        	6316      	-21.6
1674      	17:27:58  	476.7 	-10.7 	36    	7.4      	207   	3.4        	6.6        	6322      	-21.7
1676      	17:28:00  	476.3 	-10.7 	36    	7.4      	207   	3.4        	6.6        	6328      	-21.7
1678      	17:28:02  	476.0 	-10.7 	35    	7.4      	207   	3.4        	6.6        	6333      	-21.8
1680      	17:28:04  	475.6 	-10.7 	35    	7.4      	207   	3.4        	6.6        	6339      	-21.9
1682      	17:28:06  	475.2 	-10.7 	35    	7.4      	207   	3.4        	6.6        	6345      	-22.0
1684      	17:28:08  	474.9 	-10.8 	34    	7.4      	207   	3.4        	6.6        	6351      	-22.2
1686      	17:28:10  	474.5 	-10.8 	34    	7.4      	207   	3.4        	6.6        	6357      	-22.4
1688      	17:28:12  	474.2 	-10.9 	34    	7.4      	207   	3.4        	6.6        	6363      	-22.6
1690      	17:28:14  	473.8 	-10.9 	33    	7.4      	207   	3.4        	6.6        	6369      	-22.7
1692      	17:28:16  	473.4 	-10.9 	33    	7.4      	207   	3.4        	6.6        	6375      	-22.7
1694      	17:28:18  	473.0 	-10.9 	33    	7.4      	207   	3.4        	6.6        	6381      	-22.7
1696      	17:28:20  	472.6 	-11.0 	33    	7.4      	207   	3.4        	6.6        	6388      	-22.8
1698      	17:28:22  	472.2 	-11.0 	33    	7.4      	207   	3.4        	6.6        	6394      	-22.8
1700      	17:28:24  	471.8 	-11.1 	33    	7.4      	207   	3.4        	6.6        	6401      	-22.9
1702      	17:28:26  	471.4 	-11.1 	33    	7.4      	207   	3.4        	6.6        	6407      	-22.9
1704      	17:28:28  	471.0 	-11.2 	34    	7.4      	207   	3.4        	6.6        	6414      	-22.8
1706      	17:28:30  	470.6 	-11.2 	34    	7.4      	207   	3.4        	6.6        	6420      	-22.7
1708      	17:28:32  	470.2 	-11.2 	34    	7.4      	207   	3.4        	6.6        	6427      	-22.6
1710      	17:28:34  	469.8 	-11.2 	35    	7.4      	207   	3.4        	6.6        	6433      	-22.4
1712      	17:28:36  	469.4 	-11.2 	35    	7.4      	207   	3.4        	6.6        	6439      	-22.3
1714      	17:28:38  	469.1 	-11.2 	36    	7.4      	207   	3.4        	6.6        	6446      	-22.2
1716      	17:28:40  	468.7 	-11.3 	36    	7.4      	207   	3.4        	6.6        	6452      	-22.1
1718      	17:28:42  	468.3 	-11.3 	37    	7.4      	207   	3.4        	6.6        	6458      	-22.0
1720      	17:28:44  	467.9 	-11.3 	37    	5.5      	208   	2.6        	4.8        	6465      	-21.9
1722      	17:28:46  	467.5 	-11.3 	37    	3.3      	211   	1.7        	2.8        	6471      	-21.9
1724      	17:28:48  	467.1 	-11.4 	37    	1.2      	222   	0.8        	0.9        	6477      	-21.9
1726      	17:28:50  	466.8 	-11.4 	38    	1.1      	005   	-0.1       	-1.1       	6484      	-21.9
1728      	17:28:52  	466.4 	-11.4 	37    	3.2      	018   	-1.0       	-3.0       	6490      	-21.9
1730      	17:28:54  	466.0 	-11.5 	37    	5.3      	021   	-1.9       	-5.0       	6496      	-22.0
1732      	17:28:56  	465.7 	-11.5 	37    	7.4      	022   	-2.8       	-6.9       	6502      	-22.2
1734      	17:28:58  	465.3 	-11.5 	36    	9.6      	023   	-3.7       	-8.9       	6507      	-22.3
1736      	17:29:00  	465.0 	-11.5 	36    	11.7     	023   	-4.6       	-10.8      	6513      	-22.5
1738      	17:29:02  	464.6 	-11.6 	35    	13.9     	023   	-5.5       	-12.8      	6519      	-22.7
1740      	17:29:04  	464.3 	-11.6 	35    	14.1     	023   	-5.6       	-12.9      	6524      	-22.8
1742      	17:29:06  	464.0 	-11.6 	34    	14.1     	023   	-5.6       	-12.9      	6530      	-23.0
1744      	17:29:08  	463.6 	-11.6 	34    	14.1     	023   	-5.6       	-12.9      	6535      	-23.2
1746      	17:29:10  	463.3 	-11.6 	33    	14.1     	023   	-5.6       	-12.9      	6541      	-23.3
1748      	17:29:12  	462.9 	-11.6 	33    	14.1     	023   	-5.6       	-12.9      	6546      	-23.4
1750      	17:29:14  	462.6 	-11.6 	33    	14.1     	023   	-5.6       	-12.9      	6552      	-23.5
1752      	17:29:16  	462.3 	-11.6 	33    	14.1     	023   	-5.6       	-12.9      	6557      	-23.5
1754      	17:29:18  	461.9 	-11.6 	33    	14.1     	023   	-5.6       	-12.9      	6563      	-23.5
1756      	17:29:20  	461.6 	-11.6 	33    	14.1     	023   	-5.6       	-12.9      	6568      	-23.6
1758      	17:29:22  	461.3 	-11.7 	32    	14.1     	023   	-5.6       	-12.9      	6574      	-23.6
1760      	17:29:24  	460.9 	-11.7 	32    	14.1     	023   	-5.6       	-12.9      	6580      	-23.6
1762      	17:29:26  	460.6 	-11.7 	32    	14.1     	023   	-5.6       	-12.9      	6585      	-23.6
1764      	17:29:28  	460.3 	-11.7 	32    	14.1     	023   	-5.6       	-12.9      	6591      	-23.7
1766      	17:29:30  	459.9 	-11.8 	32    	14.1     	023   	-5.6       	-12.9      	6596      	-23.7
1768      	17:29:32  	459.6 	-11.8 	32    	14.1     	023   	-5.6       	-12.9      	6602      	-23.8
1770      	17:29:34  	459.3 	-11.9 	32    	14.1     	023   	-5.6       	-12.9      	6607      	-23.8
1772      	17:29:36  	458.9 	-11.9 	32    	14.1     	023   	-5.6       	-12.9      	6613      	-23.9
1774      	17:29:38  	458.6 	-11.9 	32    	14.1     	023   	-5.6       	-12.9      	6618      	-23.9
1776      	17:29:40  	458.3 	-12.0 	32    	14.1     	023   	-5.6       	-12.9      	6624      	-23.9
1778      	17:29:42  	458.0 	-12.0 	32    	14.1     	023   	-5.6       	-12.9      	6628      	-24.0
1780      	17:29:44  	457.8 	-12.1 	32    	14.1     	023   	-5.6       	-12.9      	6632      	-24.1
1782      	17:29:46  	457.5 	-12.1 	32    	14.1     	023   	-5.6       	-12.9      	6637      	-24.2
1784      	17:29:48  	457.2 	-12.2 	32    	14.1     	023   	-5.6       	-12.9      	6641      	-24.3
1786      	17:29:50  	457.0 	-12.3 	32    	14.1     	023   	-5.6       	-12.9      	6646      	-24.4
1788      	17:29:52  	456.7 	-12.3 	32    	14.1     	023   	-5.6       	-12.9      	6650      	-24.4
1790      	17:29:54  	456.4 	-12.4 	32    	14.1     	023   	-5.6       	-12.9      	6654      	-24.5
1792      	17:29:56  	456.2 	-12.4 	31    	14.1     	023   	-5.6       	-12.9      	6659      	-24.6
1794      	17:29:58  	455.9 	-12.5 	31    	14.1     	023   	-5.6       	-12.9      	6664      	-24.7
1796      	17:30:00  	455.5 	-12.5 	31    	14.1     	023   	-5.6       	-12.9      	6670      	-24.7
1798      	17:30:02  	455.2 	-12.6 	31    	14.1     	023   	-5.6       	-12.9      	6676      	-24.8
1800      	17:30:04  	454.8 	-12.6 	31    	14.1     	023   	-5.6       	-12.9      	6682      	-24.9
1802      	17:30:06  	454.4 	-12.6 	31    	14.1     	023   	-5.6       	-12.9      	6688      	-24.9
1804      	17:30:08  	454.1 	-12.6 	31    	14.1     	023   	-5.6       	-12.9      	6694      	-24.9
1806      	17:30:10  	453.7 	-12.6 	31    	14.1     	023   	-5.6       	-12.9      	6700      	-24.9
1808      	17:30:12  	453.4 	-12.6 	31    	14.1     	023   	-5.6       	-12.9      	6706      	-24.9
1810      	17:30:14  	453.0 	-12.7 	31    	14.1     	023   	-5.6       	-12.9      	6712      	-25.0
1812      	17:30:16  	452.6 	-12.7 	31    	14.1     	023   	-5.6       	-12.9      	6719      	-25.0
1814      	17:30:18  	452.3 	-12.7 	31    	14.1     	023   	-5.6       	-12.9      	6725      	-25.1
1816      	17:30:20  	451.9 	-12.7 	30    	14.1     	023   	-5.6       	-12.9      	6731      	-25.2
1818      	17:30:22  	451.5 	-12.8 	30    	14.1     	023   	-5.6       	-12.9      	6737      	-25.3
1820      	17:30:24  	451.2 	-12.8 	30    	14.1     	023   	-5.6       	-12.9      	6743      	-25.2
1822      	17:30:26  	450.8 	-12.8 	31    	14.1     	023   	-5.6       	-12.9      	6749      	-25.2
1824      	17:30:28  	450.5 	-12.8 	31    	14.1     	023   	-5.6       	-12.9      	6755      	-25.1
1826      	17:30:30  	450.1 	-12.8 	31    	14.1     	023   	-5.6       	-12.9      	6761      	-25.0
1828      	17:30:32  	449.8 	-12.9 	32    	15.6     	023   	-6.2       	-14.3      	6767      	-25.0
1830      	17:30:34  	449.4 	-12.9 	32    	19.3     	024   	-7.8       	-17.6      	6773      	-24.9
1832      	17:30:36  	449.1 	-13.0 	32    	23.0     	024   	-9.4       	-21.0      	6778      	-24.8
1834      	17:30:38  	448.8 	-13.0 	32    	26.7     	024   	-11.0      	-24.3      	6784      	-24.8
1836      	17:30:40  	448.4 	-13.1 	32    	30.4     	024   	-12.6      	-27.7      	6789      	-24.9
1838      	17:30:42  	448.1 	-13.1 	32    	34.1     	025   	-14.2      	-31.0      	6795      	-25.0
1840      	17:30:44  	447.8 	-13.2 	32    	37.8     	025   	-15.8      	-34.3      	6800      	-25.0
1842      	17:30:46  	447.5 	-13.2 	33    	41.5     	025   	-17.3      	-37.7      	6806      	-25.0
1844      	17:30:48  	447.2 	-13.2 	33    	45.1     	025   	-18.9      	-41.0      	6811      	-25.0
1846      	17:30:50  	446.8 	-13.3 	33    	48.8     	025   	-20.5      	-44.3      	6817      	-25.0
1848      	17:30:52  	446.5 	-13.3 	33    	51.0     	025   	-21.4      	-46.3      	6822      	-25.0
1850      	17:30:54  	446.2 	-13.4 	33    	51.0     	025   	-21.4      	-46.3      	6827      	-25.0
1852      	17:30:56  	445.9 	-13.4 	33    	48.7     	025   	-20.3      	-44.3      	6833      	-24.9
1854      	17:30:58  	445.6 	-13.4 	33    	44.1     	024   	-18.0      	-40.3      	6838      	-25.0
1856      	17:31:00  	445.3 	-13.4 	33    	39.5     	023   	-15.7      	-36.3      	6843      	-25.1
1858      	17:31:02  	444.9 	-13.5 	33    	35.0     	023   	-13.4      	-32.3      	6849      	-25.2
1860      	17:31:04  	444.6 	-13.5 	32    	30.4     	021   	-11.1      	-28.3      	6854      	-25.3
1862      	17:31:06  	444.3 	-13.5 	32    	25.9     	020   	-8.9       	-24.3      	6860      	-25.4
1864      	17:31:08  	444.0 	-13.6 	32    	21.3     	018   	-6.6       	-20.3      	6865      	-25.5
1866      	17:31:10  	443.7 	-13.6 	32    	16.9     	015   	-4.3       	-16.3      	6871      	-25.6
1868      	17:31:12  	443.3 	-13.7 	32    	12.4     	010   	-2.1       	-12.2      	6876      	-25.7
1870      	17:31:14  	443.0 	-13.7 	32    	8.1      	359   	0.1        	-8.1       	6882      	-25.7
1872      	17:31:16  	442.7 	-13.8 	32    	6.1      	350   	1.1        	-6.0       	6888      	-25.8
1874      	17:31:18  	442.4 	-13.8 	32    	6.1      	350   	1.1        	-6.0       	6893      	-25.9
1876      	17:31:20  	442.0 	-13.8 	31    	6.0      	350   	1.0        	-5.9       	6899      	-25.9
1878      	17:31:22  	441.7 	-13.9 	31    	5.9      	351   	0.9        	-5.8       	6904      	-26.0
1880      	17:31:24  	441.4 	-13.9 	31    	5.7      	352   	0.8        	-5.6       	6910      	-26.0
1882      	17:31:26  	441.0 	-14.0 	31    	5.6      	352   	0.8        	-5.5       	6917      	-26.1
1884      	17:31:28  	440.7 	-14.0 	31    	5.3      	352   	0.7        	-5.3       	6923      	-26.1
1886      	17:31:30  	440.3 	-14.1 	31    	5.2      	352   	0.7        	-5.2       	6929      	-26.2
1888      	17:31:32  	440.0 	-14.1 	31    	5.1      	352   	0.7        	-5.1       	6935      	-26.2
1890      	17:31:34  	439.6 	-14.2 	31    	5.1      	352   	0.7        	-5.1       	6941      	-26.2
1892      	17:31:36  	439.3 	-14.2 	31    	5.0      	352   	0.7        	-5.0       	6946      	-26.3
1894      	17:31:38  	439.0 	-14.3 	31    	5.0      	351   	0.8        	-4.9       	6952      	-26.4
1896      	17:31:40  	438.6 	-14.4 	31    	4.9      	351   	0.8        	-4.8       	6958      	-26.5
1898      	17:31:42  	438.3 	-14.4 	31    	4.9      	349   	0.9        	-4.8       	6963      	-26.6
1900      	17:31:44  	438.0 	-14.5 	30    	4.9      	349   	0.9        	-4.8       	6969      	-26.8
1902      	17:31:46  	437.6 	-14.5 	30    	4.9      	349   	0.9        	-4.8       	6975      	-26.9
1904      	17:31:48  	437.3 	-14.5 	30    	4.9      	349   	0.9        	-4.8       	6981      	-27.1
1906      	17:31:50  	436.9 	-14.6 	30    	4.9      	348   	1.0        	-4.8       	6987      	-27.2
1908      	17:31:52  	436.6 	-14.7 	29    	5.0      	348   	1.0        	-4.9       	6993      	-27.3
1910      	17:31:54  	436.3 	-14.7 	29    	5.0      	347   	1.1        	-4.9       	6998      	-27.5
1912      	17:31:56  	435.9 	-14.8 	29    	5.1      	348   	1.1        	-5.0       	7004      	-27.6
1914      	17:31:58  	435.6 	-14.8 	29    	5.1      	347   	1.2        	-5.0       	7010      	-27.8
1916      	17:32:00  	435.2 	-14.9 	28    	5.2      	347   	1.2        	-5.1       	7017      	-27.9
1918      	17:32:02  	434.9 	-15.0 	28    	5.3      	347   	1.2        	-5.2       	7023      	-28.0
1920      	17:32:04  	434.5 	-15.0 	28    	5.6      	346   	1.3        	-5.4       	7029      	-28.2
1922      	17:32:06  	434.2 	-15.1 	27    	5.8      	346   	1.4        	-5.6       	7035      	-28.4
1924      	17:32:08  	433.8 	-15.1 	26    	5.9      	346   	1.4        	-5.7       	7041      	-28.7
1926      	17:32:10  	433.5 	-15.1 	26    	6.0      	346   	1.4        	-5.8       	7047      	-29.1
1928      	17:32:12  	433.1 	-15.2 	25    	6.1      	347   	1.4        	-5.9       	7053      	-29.5
1930      	17:32:14  	432.8 	-15.2 	23    	6.3      	346   	1.5        	-6.1       	7059      	-30.1
1932      	17:32:16  	432.4 	-15.3 	22    	6.6      	346   	1.6        	-6.4       	7065      	-30.7
1934      	17:32:18  	432.1 	-15.3 	20    	6.8      	346   	1.6        	-6.6       	7071      	-31.5
1936      	17:32:20  	431.7 	-15.3 	19    	7.0      	346   	1.7        	-6.8       	7077      	-32.2
1938      	17:32:22  	431.4 	-15.4 	17    	7.2      	346   	1.7        	-7.0       	7083      	-33.0
1940      	17:32:24  	431.0 	-15.4 	16    	7.3      	346   	1.8        	-7.1       	7089      	-33.7
1942      	17:32:26  	430.7 	-15.4 	15    	7.5      	346   	1.8        	-7.3       	7096      	-34.5
1944      	17:32:28  	430.3 	-15.5 	14    	7.7      	346   	1.9        	-7.5       	7102      	-35.2
1946      	17:32:30  	430.0 	-15.5 	13    	8.1      	346   	2.0        	-7.8       	7109      	-35.8
1948      	17:32:32  	429.6 	-15.6 	12    	8.3      	346   	2.0        	-8.1       	7115      	-36.3
1950      	17:32:34  	429.2 	-15.6 	12    	8.6      	346   	2.1        	-8.3       	7121      	-36.8
1952      	17:32:36  	428.9 	-15.6 	11    	8.7      	346   	2.1        	-8.4       	7128      	-37.2
1954      	17:32:38  	428.5 	-15.7 	11    	8.8      	346   	2.1        	-8.5       	7134      	-37.5
1956      	17:32:40  	428.1 	-15.7 	11    	9.0      	346   	2.2        	-8.7       	7141      	-37.9
1958      	17:32:42  	427.7 	-15.8 	10    	9.3      	345   	2.4        	-9.0       	7147      	-38.2
1960      	17:32:44  	427.4 	-15.8 	10    	9.5      	345   	2.5        	-9.2       	7154      	-38.5
1962      	17:32:46  	427.0 	-15.9 	10    	9.8      	345   	2.6        	-9.4       	7160      	-38.7
1964      	17:32:48  	426.6 	-15.9 	9     	9.9      	344   	2.7        	-9.5       	7167      	-39.0
1966      	17:32:50  	426.3 	-15.9 	9     	9.9      	344   	2.8        	-9.5       	7173      	-39.2
1968      	17:32:52  	425.9 	-16.0 	9     	10.1     	343   	2.9        	-9.7       	7179      	-39.5
1970      	17:32:54  	425.6 	-16.0 	9     	10.3     	342   	3.1        	-9.8       	7186      	-39.7
1972      	17:32:56  	425.2 	-16.0 	9     	10.5     	342   	3.2        	-10.0      	7193      	-40.1
1974      	17:32:58  	424.8 	-16.1 	8     	10.8     	342   	3.4        	-10.2      	7199      	-40.4
1976      	17:33:00  	424.5 	-16.1 	8     	10.9     	341   	3.5        	-10.3      	7205      	-40.8
1978      	17:33:02  	424.1 	-16.2 	8     	11.0     	341   	3.6        	-10.4      	7212      	-41.1
1980      	17:33:04  	423.7 	-16.2 	7     	11.1     	341   	3.7        	-10.5      	7218      	-41.4
1982      	17:33:06  	423.4 	-16.3 	7     	11.3     	341   	3.7        	-10.7      	7225      	-41.7
1984      	17:33:08  	423.0 	-16.3 	7     	11.4     	341   	3.8        	-10.8      	7231      	-41.8
1986      	17:33:10  	422.7 	-16.4 	7     	11.7     	340   	3.9        	-11.0      	7237      	-41.8
1988      	17:33:12  	422.3 	-16.5 	7     	11.9     	341   	3.9        	-11.2      	7244      	-41.7
1990      	17:33:14  	421.9 	-16.5 	8     	12.0     	341   	3.9        	-11.3      	7250      	-41.4
1992      	17:33:16  	421.6 	-16.6 	8     	12.0     	341   	3.9        	-11.3      	7257      	-41.2
1994      	17:33:18  	421.2 	-16.7 	8     	12.0     	341   	3.9        	-11.4      	7263      	-41.1
1996      	17:33:20  	420.8 	-16.7 	8     	12.1     	341   	3.9        	-11.5      	7270      	-40.9
1998      	17:33:22  	420.5 	-16.8 	8     	12.2     	341   	3.9        	-11.6      	7276      	-40.8
2000      	17:33:24  	420.1 	-16.9 	9     	12.3     	342   	3.9        	-11.7      	7283      	-40.7
2002      	17:33:26  	419.8 	-16.9 	9     	12.4     	342   	3.9        	-11.8      	7289      	-40.7
2004      	17:33:28  	419.4 	-17.0 	9     	12.4     	342   	3.9        	-11.8      	7295      	-40.7
2006      	17:33:30  	419.1 	-17.0 	9     	12.4     	342   	3.9        	-11.8      	7302      	-40.7
2008      	17:33:32  	418.7 	-17.1 	9     	12.4     	342   	3.9        	-11.8      	7308      	-40.6
2010      	17:33:34  	418.3 	-17.1 	9     	12.5     	342   	3.9        	-11.9      	7315      	-40.6
2012      	17:33:36  	418.0 	-17.2 	9     	12.5     	342   	3.9        	-11.9      	7321      	-40.5
2014      	17:33:38  	417.6 	-17.3 	9     	12.5     	342   	3.9        	-11.9      	7328      	-40.5
2016      	17:33:40  	417.3 	-17.3 	9     	12.5     	342   	3.9        	-11.9      	7334      	-40.4
2018      	17:33:42  	416.9 	-17.4 	9     	12.5     	342   	3.9        	-11.9      	7340      	-40.3
2020      	17:33:44  	416.6 	-17.4 	9     	12.5     	342   	3.9        	-11.9      	7346      	-40.2
2022      	17:33:46  	416.2 	-17.5 	10    	12.6     	341   	4.0        	-11.9      	7352      	-40.2
2024      	17:33:48  	415.9 	-17.5 	10    	12.6     	341   	4.0        	-11.9      	7359      	-40.1
2026      	17:33:50  	415.5 	-17.6 	10    	12.6     	341   	4.0        	-11.9      	7365      	-40.1
2028      	17:33:52  	415.2 	-17.7 	10    	12.6     	341   	4.0        	-11.9      	7371      	-40.0
2030      	17:33:54  	414.8 	-17.7 	10    	12.6     	341   	4.0        	-11.9      	7377      	-40.0
2032      	17:33:56  	414.5 	-17.8 	10    	12.6     	341   	4.0        	-11.9      	7384      	-39.9
2034      	17:33:58  	414.1 	-17.8 	10    	12.6     	341   	4.0        	-11.9      	7390      	-39.9
2036      	17:34:00  	413.8 	-17.9 	10    	12.6     	341   	4.0        	-11.9      	7397      	-39.9
2038      	17:34:02  	413.4 	-17.9 	10    	12.6     	341   	4.0        	-11.9      	7403      	-39.9
2040      	17:34:04  	413.0 	-18.0 	10    	12.6     	341   	4.0        	-11.9      	7410      	-40.0
2042      	17:34:06  	412.7 	-18.1 	10    	12.6     	341   	4.0        	-11.9      	7416      	-40.1
2044      	17:34:08  	412.3 	-18.1 	10    	12.6     	341   	4.0        	-11.9      	7423      	-40.3
2046      	17:34:10  	412.0 	-18.2 	10    	12.6     	341   	4.0        	-11.9      	7429      	-40.5
2048      	17:34:12  	411.6 	-18.2 	10    	12.6     	341   	4.0        	-11.9      	7436      	-40.7
2050      	17:34:14  	411.3 	-18.3 	9     	12.6     	342   	4.0        	-12.0      	7442      	-41.0
2052      	17:34:16  	410.9 	-18.3 	9     	12.6     	342   	4.0        	-12.0      	7449      	-41.2
2054      	17:34:18  	410.5 	-18.4 	9     	12.6     	342   	4.0        	-12.0      	7455      	-41.5
2056      	17:34:20  	410.1 	-18.5 	9     	12.6     	342   	4.0        	-12.0      	7462      	-41.7
2058      	17:34:22  	409.8 	-18.6 	9     	12.6     	342   	4.0        	-12.0      	7469      	-41.8
2060      	17:34:24  	409.4 	-18.6 	9     	12.7     	341   	4.1        	-12.0      	7476      	-41.8
2062      	17:34:26  	409.1 	-18.7 	9     	12.7     	341   	4.2        	-12.0      	7482      	-41.8
2064      	17:34:28  	408.7 	-18.7 	9     	12.7     	340   	4.3        	-12.0      	7489      	-41.8
2066      	17:34:30  	408.3 	-18.8 	9     	12.7     	340   	4.3        	-12.0      	7495      	-41.8
2068      	17:34:32  	408.0 	-18.8 	9     	12.7     	340   	4.4        	-11.9      	7502      	-41.7
2070      	17:34:34  	407.6 	-18.9 	9     	12.7     	339   	4.5        	-11.9      	7508      	-41.7
2072      	17:34:36  	407.3 	-19.0 	9     	12.8     	339   	4.6        	-11.9      	7515      	-41.7
2074      	17:34:38  	406.9 	-19.0 	9     	12.8     	338   	4.7        	-11.9      	7521      	-41.6
2076      	17:34:40  	406.6 	-19.1 	10    	12.8     	338   	4.8        	-11.9      	7527      	-41.5
2078      	17:34:42  	406.3 	-19.1 	10    	12.9     	338   	4.9        	-11.9      	7533      	-41.5
2080      	17:34:44  	405.9 	-19.2 	10    	12.9     	338   	4.9        	-11.9      	7540      	-41.5
2082      	17:34:46  	405.6 	-19.3 	10    	12.9     	337   	5.0        	-11.9      	7546      	-41.5
2084      	17:34:48  	405.2 	-19.3 	10    	12.9     	337   	5.0        	-11.9      	7552      	-41.4
2086      	17:34:50  	404.9 	-19.4 	10    	12.8     	337   	5.0        	-11.8      	7558      	-41.4
2088      	17:34:52  	404.5 	-19.5 	10    	12.9     	337   	5.1        	-11.8      	7565      	-41.5
2090      	17:34:54  	404.2 	-19.5 	10    	12.9     	337   	5.1        	-11.8      	7571      	-41.5
2092      	17:34:56  	403.8 	-19.6 	10    	12.8     	336   	5.2        	-11.7      	7577      	-41.5
2094      	17:34:58  	403.5 	-19.6 	10    	12.8     	336   	5.2        	-11.7      	7584      	-41.5
2096      	17:35:00  	403.1 	-19.7 	10    	12.7     	336   	5.2        	-11.6      	7591      	-41.6
2098      	17:35:02  	402.8 	-19.7 	10    	12.7     	336   	5.2        	-11.6      	7597      	-41.6
2100      	17:35:04  	402.4 	-19.8 	10    	12.6     	336   	5.2        	-11.5      	7604      	-41.6
2102      	17:35:06  	402.1 	-19.8 	10    	12.5     	335   	5.2        	-11.4      	7610      	-41.6
2104      	17:35:08  	401.8 	-19.9 	10    	12.4     	335   	5.2        	-11.3      	7616      	-41.6
2106      	17:35:10  	401.4 	-19.9 	10    	12.4     	335   	5.2        	-11.3      	7622      	-41.5
2108      	17:35:12  	401.1 	-20.0 	11    	12.3     	335   	5.2        	-11.2      	7628      	-41.4
2110      	17:35:14  	400.8 	-20.1 	11    	12.3     	335   	5.2        	-11.2      	7634      	-41.3
2112      	17:35:16  	400.4 	-20.1 	11    	12.3     	335   	5.2        	-11.1      	7641      	-41.1
2114      	17:35:18  	400.1 	-20.2 	11    	12.2     	334   	5.3        	-11.0      	7647      	-41.0
2116      	17:35:20  	399.7 	-20.2 	12    	12.1     	334   	5.3        	-10.9      	7653      	-40.8
2118      	17:35:22  	399.4 	-20.3 	12    	12.1     	334   	5.3        	-10.9      	7660      	-40.7
2120      	17:35:24  	399.0 	-20.3 	12    	12.0     	334   	5.3        	-10.8      	7666      	-40.6
2122      	17:35:26  	398.7 	-20.4 	12    	12.1     	333   	5.4        	-10.8      	7673      	-40.5
2124      	17:35:28  	398.3 	-20.4 	12    	12.0     	333   	5.4        	-10.7      	7679      	-40.4
2126      	17:35:30  	398.0 	-20.5 	13    	11.9     	333   	5.5        	-10.6      	7686      	-40.4
2128      	17:35:32  	397.6 	-20.6 	13    	11.9     	332   	5.6        	-10.5      	7692      	-40.3
2130      	17:35:34  	397.3 	-20.6 	13    	11.9     	332   	5.6        	-10.5      	7699      	-40.2
2132      	17:35:36  	396.9 	-20.7 	13    	11.9     	331   	5.7        	-10.4      	7705      	-40.1
2134      	17:35:38  	396.6 	-20.7 	13    	11.9     	331   	5.7        	-10.4      	7712      	-39.9
2136      	17:35:40  	396.2 	-20.7 	14    	11.8     	331   	5.8        	-10.3      	7718      	-39.8
2138      	17:35:42  	395.9 	-20.8 	14    	11.9     	330   	6.0        	-10.3      	7725      	-39.8
2140      	17:35:44  	395.5 	-20.9 	14    	12.0     	329   	6.2        	-10.3      	7731      	-39.7
2142      	17:35:46  	395.2 	-20.9 	14    	12.0     	328   	6.3        	-10.2      	7738      	-39.7
2144      	17:35:48  	394.8 	-21.0 	14    	12.2     	328   	6.5        	-10.3      	7744      	-39.6
2146      	17:35:50  	394.5 	-21.0 	15    	12.2     	327   	6.6        	-10.3      	7751      	-39.5
2148      	17:35:52  	394.1 	-21.1 	15    	12.3     	327   	6.8        	-10.3      	7758      	-39.4
2150      	17:35:54  	393.8 	-21.1 	15    	12.5     	326   	7.0        	-10.3      	7765      	-39.3
2152      	17:35:56  	393.4 	-21.2 	15    	12.6     	325   	7.3        	-10.3      	7771      	-39.3
2154      	17:35:58  	393.1 	-21.2 	15    	12.9     	324   	7.6        	-10.4      	7778      	-39.2
2156      	17:36:00  	392.7 	-21.2 	16    	13.1     	323   	7.9        	-10.4      	7784      	-39.1
2158      	17:36:02  	392.4 	-21.3 	16    	13.2     	322   	8.1        	-10.4      	7791      	-39.0
2160      	17:36:04  	392.0 	-21.3 	16    	13.2     	322   	8.2        	-10.4      	7797      	-38.9
2162      	17:36:06  	391.7 	-21.3 	16    	13.4     	321   	8.4        	-10.4      	7804      	-38.9
2164      	17:36:08  	391.3 	-21.3 	16    	13.4     	320   	8.7        	-10.2      	7811      	-38.8
2166      	17:36:10  	391.0 	-21.3 	16    	13.5     	319   	8.9        	-10.1      	7817      	-38.8
2168      	17:36:12  	390.6 	-21.4 	16    	13.6     	317   	9.2        	-10.0      	7824      	-38.7
2170      	17:36:14  	390.3 	-21.4 	16    	13.7     	316   	9.4        	-9.9       	7831      	-38.7
2172      	17:36:16  	389.9 	-21.5 	17    	13.6     	316   	9.5        	-9.7       	7837      	-38.7
2174      	17:36:18  	389.6 	-21.5 	17    	13.6     	315   	9.7        	-9.6       	7844      	-38.7
2176      	17:36:20  	389.2 	-21.5 	16    	13.6     	314   	9.8        	-9.4       	7850      	-38.8
2178      	17:36:22  	388.9 	-21.6 	16    	13.5     	312   	10.0       	-9.1       	7857      	-38.9
2180      	17:36:24  	388.5 	-21.7 	16    	13.5     	311   	10.1       	-8.9       	7864      	-39.1
2182      	17:36:26  	388.2 	-21.7 	16    	13.5     	310   	10.3       	-8.7       	7870      	-39.2
2184      	17:36:28  	387.8 	-21.8 	16    	13.4     	310   	10.3       	-8.6       	7877      	-39.4
2186      	17:36:30  	387.4 	-21.8 	16    	13.4     	310   	10.3       	-8.5       	7884      	-39.6
2188      	17:36:32  	387.1 	-21.9 	15    	13.4     	309   	10.4       	-8.4       	7890      	-39.7
2190      	17:36:34  	386.7 	-21.9 	15    	13.4     	308   	10.5       	-8.3       	7897      	-39.9
2192      	17:36:36  	386.4 	-22.0 	15    	13.5     	307   	10.7       	-8.2       	7904      	-40.0
2194      	17:36:38  	386.0 	-22.0 	15    	13.6     	307   	10.9       	-8.1       	7912      	-40.0
2196      	17:36:40  	385.6 	-22.1 	15    	13.7     	306   	11.0       	-8.1       	7919      	-40.1
2198      	17:36:42  	385.2 	-22.1 	15    	13.7     	306   	11.1       	-8.1       	7926      	-40.1
2200      	17:36:44  	384.9 	-22.2 	15    	13.8     	306   	11.2       	-8.1       	7933      	-40.1
2202      	17:36:46  	384.5 	-22.2 	15    	14.1     	305   	11.5       	-8.2       	7940      	-40.0
2204      	17:36:48  	384.1 	-22.3 	15    	14.4     	306   	11.7       	-8.4       	7947      	-40.0
2206      	17:36:50  	383.8 	-22.3 	16    	14.6     	306   	11.9       	-8.5       	7954      	-40.0
2208      	17:36:52  	383.4 	-22.4 	16    	14.9     	306   	12.1       	-8.7       	7961      	-40.0
2210      	17:36:54  	383.0 	-22.4 	16    	15.0     	306   	12.2       	-8.8       	7968      	-39.9
2212      	17:36:56  	382.7 	-22.5 	16    	15.2     	306   	12.3       	-9.0       	7975      	-39.8
2214      	17:36:58  	382.3 	-22.5 	16    	15.5     	306   	12.5       	-9.2       	7982      	-39.7
2216      	17:37:00  	382.0 	-22.6 	17    	15.9     	307   	12.7       	-9.5       	7988      	-39.6
2218      	17:37:02  	381.6 	-22.6 	17    	16.2     	307   	12.9       	-9.8       	7995      	-39.5
2220      	17:37:04  	381.3 	-22.6 	17    	16.5     	307   	13.1       	-10.0      	8001      	-39.3
2222      	17:37:06  	381.0 	-22.7 	18    	16.7     	308   	13.2       	-10.2      	8008      	-39.3
2224      	17:37:08  	380.6 	-22.8 	18    	16.8     	308   	13.3       	-10.3      	8014      	-39.2
2226      	17:37:10  	380.3 	-22.8 	18    	17.0     	308   	13.4       	-10.4      	8021      	-39.1
2228      	17:37:12  	380.0 	-22.9 	18    	17.2     	308   	13.5       	-10.6      	8027      	-39.0
2230      	17:37:14  	379.7 	-22.9 	19    	17.4     	308   	13.6       	-10.8      	8033      	-39.0
2232      	17:37:16  	379.3 	-23.0 	19    	17.6     	309   	13.7       	-11.0      	8039      	-38.9
2234      	17:37:18  	379.0 	-23.1 	19    	17.6     	309   	13.8       	-11.0      	8045      	-38.9
2236      	17:37:20  	378.7 	-23.2 	19    	17.7     	309   	13.8       	-11.1      	8052      	-39.0
2238      	17:37:22  	378.3 	-23.2 	19    	17.7     	309   	13.8       	-11.1      	8058      	-39.1
2240      	17:37:24  	378.0 	-23.2 	18    	17.8     	309   	13.8       	-11.2      	8065      	-39.3
2242      	17:37:26  	377.7 	-23.3 	18    	17.8     	310   	13.7       	-11.4      	8071      	-39.5
2244      	17:37:28  	377.4 	-23.3 	17    	18.0     	310   	13.7       	-11.6      	8077      	-39.8
2246      	17:37:30  	377.1 	-23.3 	16    	18.0     	310   	13.7       	-11.7      	8083      	-40.4
2248      	17:37:32  	376.7 	-23.2 	15    	18.0     	311   	13.6       	-11.8      	8089      	-41.2
2250      	17:37:34  	376.4 	-23.2 	13    	18.1     	311   	13.6       	-11.9      	8096      	-42.5
2252      	17:37:36  	376.1 	-23.2 	11    	18.1     	312   	13.5       	-12.0      	8102      	-43.8
2254      	17:37:38  	375.8 	-23.2 	10    	18.3     	312   	13.5       	-12.3      	8109      	-44.7
2256      	17:37:40  	375.4 	-23.1 	8     	18.3     	313   	13.4       	-12.5      	8115      	-46.2
2258      	17:37:42  	375.1 	-23.1 	7     	18.5     	313   	13.4       	-12.7      	8121      	-47.7
2260      	17:37:44  	374.8 	-23.0 	5     	18.6     	314   	13.4       	-12.9      	8128      	-49.7
2262      	17:37:46  	374.5 	-23.0 	5     	18.7     	314   	13.4       	-13.0      	8134      	-50.5
2264      	17:37:48  	374.1 	-22.9 	4     	18.7     	314   	13.4       	-13.1      	8140      	-51.2
2266      	17:37:50  	373.8 	-23.0 	4     	18.7     	314   	13.4       	-13.1      	8146      	-51.9
2268      	17:37:52  	373.5 	-23.0 	4     	18.8     	315   	13.4       	-13.2      	8152      	-52.5
2270      	17:37:54  	373.2 	-23.0 	3     	18.8     	315   	13.4       	-13.2      	8159      	-53.2
2272      	17:37:56  	372.9 	-23.0 	3     	18.8     	315   	13.4       	-13.2      	8165      	-53.8
2274      	17:37:58  	372.6 	-22.9 	3     	18.8     	315   	13.4       	-13.2      	8171      	-54.3
2276      	17:38:00  	372.2 	-23.0 	3     	18.7     	315   	13.3       	-13.1      	8177      	-54.8
2278      	17:38:02  	371.9 	-23.0 	3     	18.6     	314   	13.3       	-13.0      	8184      	-55.3
2280      	17:38:04  	371.6 	-23.0 	2     	18.5     	315   	13.2       	-13.0      	8190      	-55.7
2282      	17:38:06  	371.3 	-23.0 	2     	18.5     	315   	13.1       	-13.1      	8196      	-56.1
2284      	17:38:08  	371.0 	-23.1 	2     	18.5     	315   	13.0       	-13.1      	8202      	-56.6
2286      	17:38:10  	370.7 	-23.1 	2     	18.5     	316   	12.9       	-13.2      	8208      	-57.0
2288      	17:38:12  	370.4 	-23.1 	2     	18.4     	316   	12.8       	-13.2      	8214      	-57.2
2290      	17:38:14  	370.1 	-23.1 	2     	18.4     	316   	12.7       	-13.3      	8220      	-57.4
2292      	17:38:16  	369.8 	-23.2 	2     	18.5     	317   	12.7       	-13.5      	8226      	-57.5
2294      	17:38:18  	369.5 	-23.2 	2     	18.6     	317   	12.6       	-13.7      	8232      	-57.6
2296      	17:38:20  	369.2 	-23.3 	2     	18.8     	318   	12.6       	-13.9      	8238      	-57.8
2298      	17:38:22  	368.9 	-23.3 	2     	18.9     	318   	12.6       	-14.1      	8244      	-58.0
2300      	17:38:24  	368.6 	-23.3 	2     	19.0     	318   	12.6       	-14.2      	8250      	-58.1
2302      	17:38:26  	368.3 	-23.4 	2     	19.2     	319   	12.7       	-14.4      	8256      	-58.3
2304      	17:38:28  	368.0 	-23.5 	2     	19.3     	319   	12.7       	-14.5      	8262      	-58.5
2306      	17:38:30  	367.7 	-23.5 	2     	19.5     	319   	12.8       	-14.7      	8268      	-58.7
2308      	17:38:32  	367.3 	-23.6 	2     	19.6     	319   	12.8       	-14.9      	8274      	-59.0
2310      	17:38:34  	367.0 	-23.7 	2     	19.9     	319   	12.9       	-15.1      	8280      	-59.1
2312      	17:38:36  	366.7 	-23.7 	2     	19.9     	320   	12.9       	-15.2      	8286      	-59.1
2314      	17:38:38  	366.4 	-23.8 	2     	20.0     	320   	12.9       	-15.3      	8293      	-59.0
2316      	17:38:40  	366.1 	-23.9 	2     	20.1     	320   	12.9       	-15.4      	8299      	-58.9
2318      	17:38:42  	365.8 	-23.9 	2     	20.1     	320   	12.8       	-15.5      	8306      	-58.9
2320      	17:38:44  	365.4 	-24.0 	2     	20.1     	321   	12.7       	-15.6      	8312      	-58.8
2322      	17:38:46  	365.1 	-24.1 	2     	20.2     	321   	12.7       	-15.7      	8319      	-58.8
2324      	17:38:48  	364.8 	-24.1 	2     	20.1     	321   	12.6       	-15.7      	8326      	-58.7
2326      	17:38:50  	364.4 	-24.2 	2     	20.1     	321   	12.5       	-15.7      	8332      	-58.7
2328      	17:38:52  	364.1 	-24.2 	2     	20.1     	322   	12.4       	-15.8      	8338      	-58.6
2330      	17:38:54  	363.8 	-24.3 	2     	20.0     	322   	12.3       	-15.8      	8345      	-58.5
2332      	17:38:56  	363.5 	-24.3 	2     	19.9     	322   	12.3       	-15.7      	8351      	-58.4
2334      	17:38:58  	363.2 	-24.3 	2     	19.9     	322   	12.2       	-15.7      	8357      	-58.4
2336      	17:39:00  	362.9 	-24.4 	2     	19.9     	322   	12.2       	-15.7      	8363      	-58.3
2338      	17:39:02  	362.6 	-24.4 	2     	19.9     	322   	12.2       	-15.7      	8369      	-58.3
2340      	17:39:04  	362.3 	-24.5 	2     	19.9     	322   	12.3       	-15.7      	8375      	-58.3
2342      	17:39:06  	362.0 	-24.5 	2     	19.9     	322   	12.3       	-15.6      	8382      	-58.5
2344      	17:39:08  	361.6 	-24.5 	2     	19.9     	321   	12.5       	-15.5      	8388      	-58.8
2346      	17:39:10  	361.3 	-24.6 	2     	20.0     	320   	12.7       	-15.4      	8394      	-59.0
2348      	17:39:12  	361.0 	-24.6 	2     	19.9     	320   	12.9       	-15.2      	8401      	-59.2
2350      	17:39:14  	360.7 	-24.6 	2     	20.0     	319   	13.1       	-15.1      	8407      	-59.1
2352      	17:39:16  	360.4 	-24.6 	2     	20.0     	318   	13.3       	-15.0      	8414      	-59.1
2354      	17:39:18  	360.1 	-24.6 	2     	20.1     	318   	13.5       	-14.9      	8420      	-59.0
2356      	17:39:20  	359.8 	-24.6 	2     	20.2     	317   	13.7       	-14.8      	8425      	-58.7
2358      	17:39:22  	359.5 	-24.6 	2     	20.2     	316   	14.0       	-14.5      	8431      	-58.4
2360      	17:39:24  	359.2 	-24.6 	2     	20.2     	315   	14.3       	-14.2      	8437      	-58.2
2362      	17:39:26  	358.9 	-24.7 	2     	20.2     	313   	14.7       	-13.9      	8443      	-57.9
2364      	17:39:28  	358.6 	-24.7 	2     	20.2     	313   	14.9       	-13.7      	8449      	-57.9
2366      	17:39:30  	358.3 	-24.7 	2     	20.2     	312   	15.0       	-13.5      	8455      	-57.9
2368      	17:39:32  	358.0 	-24.7 	2     	20.2     	311   	15.2       	-13.3      	8461      	-57.9
2370      	17:39:34  	357.7 	-24.7 	2     	20.1     	310   	15.3       	-13.0      	8467      	-58.0
2372      	17:39:36  	357.4 	-24.7 	2     	19.9     	310   	15.3       	-12.8      	8473      	-58.1
2374      	17:39:38  	357.1 	-24.8 	2     	19.8     	309   	15.4       	-12.5      	8479      	-58.2
2376      	17:39:40  	356.8 	-24.8 	2     	19.6     	308   	15.4       	-12.2      	8485      	-58.4
2378      	17:39:42  	356.6 	-24.8 	2     	19.6     	309   	15.3       	-12.2      	8491      	-58.7
2380      	17:39:44  	356.3 	-24.9 	2     	19.4     	309   	15.2       	-12.1      	8497      	-58.9
2382      	17:39:46  	356.0 	-24.9 	2     	19.2     	308   	15.1       	-11.9      	8503      	-59.1
2384      	17:39:48  	355.7 	-25.0 	2     	18.9     	308   	14.9       	-11.7      	8509      	-59.3
2386      	17:39:50  	355.4 	-25.0 	2     	18.7     	308   	14.8       	-11.5      	8515      	-59.5
2388      	17:39:52  	355.1 	-25.0 	2     	18.5     	308   	14.7       	-11.3      	8521      	-59.6
2390      	17:39:54  	354.8 	-25.1 	2     	18.3     	307   	14.6       	-11.1      	8527      	-59.9
2392      	17:39:56  	354.5 	-25.1 	2     	18.3     	307   	14.6       	-11.0      	8532      	-60.0
2394      	17:39:58  	354.3 	-25.2 	2     	18.2     	306   	14.6       	-10.8      	8538      	-60.0
2396      	17:40:00  	354.0 	-25.2 	2     	18.0     	306   	14.6       	-10.6      	8544      	-60.0
2398      	17:40:02  	353.7 	-25.3 	2     	17.9     	305   	14.7       	-10.3      	8549      	-60.1
2400      	17:40:04  	353.4 	-25.3 	2     	17.8     	304   	14.7       	-10.1      	8555      	-60.1
2402      	17:40:06  	353.2 	-25.4 	2     	17.7     	304   	14.7       	-9.9       	8561      	-60.1
2404      	17:40:08  	352.9 	-25.4 	2     	17.8     	304   	14.8       	-9.8       	8566      	-60.0
2406      	17:40:10  	352.6 	-25.4 	2     	17.7     	303   	14.8       	-9.7       	8572      	-60.0
2408      	17:40:12  	352.3 	-25.5 	2     	17.6     	302   	14.9       	-9.4       	8578      	-59.9
2410      	17:40:14  	352.1 	-25.5 	2     	17.5     	302   	14.9       	-9.2       	8583      	-59.8
2412      	17:40:16  	351.8 	-25.5 	2     	17.4     	301   	14.9       	-9.0       	8589      	-59.7
2414      	17:40:18  	351.5 	-25.6 	2     	17.3     	300   	15.0       	-8.7       	8594      	-59.6
2416      	17:40:20  	351.2 	-25.6 	2     	17.2     	300   	14.9       	-8.6       	8600      	-59.6
2418      	17:40:22  	351.0 	-25.6 	2     	17.2     	300   	14.9       	-8.5       	8606      	-59.6
2420      	17:40:24  	350.7 	-25.7 	2     	17.1     	299   	14.9       	-8.4       	8612      	-59.6
2422      	17:40:26  	350.4 	-25.7 	2     	17.0     	299   	14.8       	-8.3       	8617      	-59.7
2424      	17:40:28  	350.1 	-25.7 	2     	16.8     	299   	14.7       	-8.2       	8623      	-59.7
2426      	17:40:30  	349.9 	-25.8 	2     	16.7     	299   	14.6       	-8.1       	8629      	-59.9
2428      	17:40:32  	349.6 	-25.8 	2     	16.6     	299   	14.5       	-8.1       	8635      	-60.1
2430      	17:40:34  	349.3 	-25.9 	2     	16.5     	299   	14.4       	-8.1       	8640      	-60.3
2432      	17:40:36  	349.0 	-25.9 	2     	16.5     	300   	14.3       	-8.2       	8646      	-60.5
2434      	17:40:38  	348.7 	-25.9 	2     	16.4     	300   	14.2       	-8.3       	8652      	-60.6
2436      	17:40:40  	348.5 	-26.0 	2     	16.4     	301   	14.1       	-8.4       	8658      	-60.6
2438      	17:40:42  	348.2 	-26.0 	2     	16.4     	301   	14.0       	-8.5       	8664      	-60.7
2440      	17:40:44  	347.9 	-26.1 	2     	16.3     	302   	13.9       	-8.6       	8669      	-60.7
2442      	17:40:46  	347.7 	-26.1 	2     	16.3     	302   	13.8       	-8.7       	8675      	-60.6
2444      	17:40:48  	347.4 	-26.2 	2     	16.4     	303   	13.8       	-8.8       	8680      	-60.4
2446      	17:40:50  	347.1 	-26.2 	2     	16.4     	303   	13.8       	-8.9       	8686      	-60.0
2448      	17:40:52  	346.8 	-26.3 	2     	16.5     	303   	13.8       	-9.1       	8691      	-59.7
2450      	17:40:54  	346.6 	-26.3 	2     	16.6     	304   	13.8       	-9.2       	8697      	-59.5
2452      	17:40:56  	346.3 	-26.3 	2     	16.8     	304   	13.9       	-9.4       	8702      	-59.2
2454      	17:40:58  	346.1 	-26.3 	2     	16.8     	304   	13.9       	-9.5       	8707      	-58.9
2456      	17:41:00  	345.8 	-26.4 	2     	17.0     	304   	14.0       	-9.6       	8712      	-58.6
2458      	17:41:02  	345.6 	-26.4 	2     	17.0     	304   	14.0       	-9.6       	8718      	-58.3
2460      	17:41:04  	345.3 	-26.5 	3     	17.2     	305   	14.1       	-9.8       	8723      	-58.1
2462      	17:41:06  	345.1 	-26.5 	3     	17.4     	305   	14.2       	-10.1      	8728      	-57.8
2464      	17:41:08  	344.8 	-26.5 	3     	17.6     	306   	14.3       	-10.3      	8734      	-57.6
2466      	17:41:10  	344.6 	-26.6 	3     	17.8     	307   	14.3       	-10.6      	8739      	-57.3
2468      	17:41:12  	344.3 	-26.6 	3     	17.9     	307   	14.4       	-10.7      	8744      	-57.1
2470      	17:41:14  	344.1 	-26.7 	3     	18.1     	307   	14.4       	-10.9      	8750      	-56.7
2472      	17:41:16  	343.8 	-26.7 	3     	18.2     	308   	14.4       	-11.1      	8755      	-56.3
2474      	17:41:18  	343.5 	-26.7 	3     	18.3     	308   	14.4       	-11.3      	8761      	-56.0
2476      	17:41:20  	343.3 	-26.8 	4     	18.5     	309   	14.4       	-11.6      	8766      	-55.6
2478      	17:41:22  	343.0 	-26.8 	4     	18.7     	310   	14.4       	-11.9      	8772      	-55.2
2480      	17:41:24  	342.7 	-26.9 	4     	18.7     	310   	14.3       	-12.0      	8777      	-54.8
2482      	17:41:26  	342.5 	-26.9 	4     	18.7     	310   	14.3       	-12.1      	8783      	-54.4
2484      	17:41:28  	342.2 	-27.0 	5     	18.8     	310   	14.3       	-12.2      	8789      	-54.0
2486      	17:41:30  	341.9 	-27.0 	5     	18.9     	311   	14.2       	-12.4      	8794      	-53.7
2488      	17:41:32  	341.7 	-27.0 	5     	18.9     	311   	14.2       	-12.5      	8800      	-53.3
2490      	17:41:34  	341.4 	-27.1 	5     	19.0     	312   	14.1       	-12.7      	8805      	-52.9
2492      	17:41:36  	341.1 	-27.1 	6     	19.0     	312   	14.1       	-12.8      	8811      	-52.6
2494      	17:41:38  	340.9 	-27.2 	6     	19.0     	313   	14.0       	-12.9      	8817      	-52.3
2496      	17:41:40  	340.6 	-27.2 	6     	19.0     	313   	14.0       	-12.9      	8822      	-52.0
2498      	17:41:42  	340.3 	-27.3 	6     	19.0     	313   	14.0       	-12.9      	8828      	-51.8
2500      	17:41:44  	340.1 	-27.3 	6     	19.0     	313   	14.0       	-12.9      	8834      	-51.6
2502      	17:41:46  	339.8 	-27.4 	7     	19.0     	313   	14.0       	-12.9      	8839      	-51.5
2504      	17:41:48  	339.5 	-27.4 	7     	19.0     	312   	14.0       	-12.8      	8845      	-51.5
2506      	17:41:50  	339.3 	-27.5 	7     	19.0     	312   	14.1       	-12.7      	8851      	-51.6
2508      	17:41:52  	339.0 	-27.5 	7     	18.9     	312   	14.1       	-12.6      	8856      	-51.6
2510      	17:41:54  	338.7 	-27.5 	7     	18.9     	312   	14.1       	-12.6      	8861      	-51.7
2512      	17:41:56  	338.5 	-27.6 	6     	18.8     	311   	14.1       	-12.4      	8867      	-51.8
2514      	17:41:58  	338.2 	-27.6 	6     	18.6     	311   	14.1       	-12.2      	8873      	-51.9
2516      	17:42:00  	338.0 	-27.7 	6     	18.6     	311   	14.1       	-12.1      	8879      	-51.9
2518      	17:42:02  	337.7 	-27.7 	6     	18.5     	310   	14.1       	-11.9      	8884      	-52.0
2520      	17:42:04  	337.4 	-27.7 	6     	18.5     	310   	14.1       	-11.9      	8890      	-52.0
2522      	17:42:06  	337.2 	-27.7 	6     	18.3     	310   	14.0       	-11.8      	8895      	-52.1
2524      	17:42:08  	336.9 	-27.7 	6     	18.2     	310   	14.0       	-11.7      	8901      	-52.3
2526      	17:42:10  	336.6 	-27.7 	6     	18.1     	309   	14.0       	-11.5      	8906      	-52.6
2528      	17:42:12  	336.4 	-27.8 	6     	18.1     	309   	14.0       	-11.4      	8912      	-52.9
2530      	17:42:14  	336.1 	-27.7 	5     	17.9     	309   	13.9       	-11.2      	8918      	-53.2
2532      	17:42:16  	335.8 	-27.8 	5     	17.9     	308   	14.0       	-11.1      	8924      	-53.5
2534      	17:42:18  	335.6 	-27.8 	5     	17.8     	308   	14.0       	-11.0      	8929      	-54.0
2536      	17:42:20  	335.3 	-27.8 	5     	17.8     	308   	14.0       	-11.0      	8935      	-54.4
2538      	17:42:22  	335.0 	-27.8 	5     	17.8     	308   	14.1       	-10.9      	8941      	-54.8
2540      	17:42:24  	334.8 	-27.8 	4     	17.9     	308   	14.2       	-10.9      	8946      	-55.3
2542      	17:42:26  	334.5 	-27.9 	4     	18.0     	307   	14.3       	-10.9      	8952      	-55.7
2544      	17:42:28  	334.2 	-27.9 	4     	18.0     	307   	14.3       	-10.9      	8958      	-56.2
2546      	17:42:30  	334.0 	-27.9 	4     	18.1     	307   	14.4       	-11.0      	8963      	-56.7
2548      	17:42:32  	333.7 	-27.9 	3     	18.1     	307   	14.4       	-11.0      	8969      	-57.2
2550      	17:42:34  	333.4 	-27.9 	3     	18.3     	307   	14.5       	-11.1      	8975      	-57.6
2552      	17:42:36  	333.2 	-28.0 	3     	18.5     	308   	14.7       	-11.3      	8981      	-58.0
2554      	17:42:38  	332.9 	-28.0 	3     	18.7     	308   	14.8       	-11.5      	8987      	-58.2
2556      	17:42:40  	332.6 	-28.0 	3     	18.9     	308   	14.9       	-11.6      	8992      	-58.5
2558      	17:42:42  	332.4 	-28.1 	3     	19.1     	308   	15.0       	-11.8      	8998      	-58.8
2560      	17:42:44  	332.1 	-28.1 	3     	19.1     	308   	15.0       	-11.9      	9004      	-59.1
2562      	17:42:46  	331.9 	-28.1 	3     	19.3     	309   	15.1       	-12.1      	9009      	-59.4
2564      	17:42:48  	331.6 	-28.1 	2     	19.6     	309   	15.2       	-12.4      	9015      	-59.7
2566      	17:42:50  	331.3 	-28.2 	2     	20.0     	310   	15.4       	-12.7      	9021      	-60.0
2568      	17:42:52  	331.1 	-28.2 	2     	20.2     	310   	15.5       	-13.0      	9026      	-60.4
2570      	17:42:54  	330.8 	-28.3 	2     	20.4     	310   	15.6       	-13.2      	9032      	-60.7
2572      	17:42:56  	330.5 	-28.3 	2     	20.6     	311   	15.6       	-13.4      	9038      	-61.1
2574      	17:42:58  	330.2 	-28.3 	2     	20.6     	311   	15.6       	-13.5      	9044      	-61.4
2576      	17:43:00  	330.0 	-28.4 	2     	21.0     	311   	15.8       	-13.8      	9050      	-61.7
2578      	17:43:02  	329.7 	-28.4 	2     	21.3     	311   	16.0       	-14.1      	9056      	-61.9
2580      	17:43:04  	329.5 	-28.4 	2     	21.6     	312   	16.1       	-14.4      	9061      	-62.3
2582      	17:43:06  	329.2 	-28.5 	2     	21.9     	312   	16.3       	-14.6      	9067      	-62.6
2584      	17:43:08  	328.9 	-28.5 	2     	22.0     	312   	16.4       	-14.7      	9073      	-62.8
2586      	17:43:10  	328.7 	-28.5 	2     	22.2     	312   	16.6       	-14.8      	9079      	-63.0
2588      	17:43:12  	328.4 	-28.5 	2     	22.5     	312   	16.8       	-14.9      	9085      	-63.2
2590      	17:43:14  	328.1 	-28.5 	2     	22.8     	311   	17.1       	-15.1      	9090      	-63.4
2592      	17:43:16  	327.9 	-28.5 	1     	23.2     	311   	17.4       	-15.3      	9096      	-63.6
2594      	17:43:18  	327.6 	-28.5 	1     	23.6     	311   	17.8       	-15.5      	9102      	-63.7
2596      	17:43:20  	327.3 	-28.5 	1     	23.8     	311   	18.0       	-15.6      	9107      	-63.7
2598      	17:43:22  	327.1 	-28.6 	1     	24.0     	311   	18.2       	-15.7      	9113      	-63.8
2600      	17:43:24  	326.8 	-28.6 	1     	24.2     	311   	18.3       	-15.8      	9119      	-64.0
2602      	17:43:26  	326.6 	-28.6 	1     	24.4     	310   	18.6       	-15.8      	9125      	-64.2
2604      	17:43:28  	326.3 	-28.7 	1     	24.6     	310   	18.8       	-15.8      	9130      	-64.2
2606      	17:43:30  	326.0 	-28.7 	1     	24.8     	310   	19.1       	-15.8      	9136      	-64.3
2608      	17:43:32  	325.8 	-28.7 	1     	24.9     	309   	19.2       	-15.8      	9141      	-64.3
2610      	17:43:34  	325.5 	-28.8 	1     	24.9     	309   	19.3       	-15.7      	9147      	-64.3
2612      	17:43:36  	325.3 	-28.8 	1     	24.9     	309   	19.4       	-15.6      	9152      	-64.4
2614      	17:43:38  	325.0 	-28.9 	1     	24.8     	309   	19.4       	-15.5      	9158      	-64.5
2616      	17:43:40  	324.8 	-28.9 	1     	24.8     	308   	19.5       	-15.3      	9164      	-64.5
2618      	17:43:42  	324.5 	-29.0 	1     	24.8     	308   	19.6       	-15.2      	9169      	-64.5
2620      	17:43:44  	324.3 	-29.0 	1     	24.8     	307   	19.7       	-15.0      	9175      	-64.6
2622      	17:43:46  	324.0 	-29.1 	1     	24.8     	307   	19.7       	-15.0      	9181      	-64.6
2624      	17:43:48  	323.8 	-29.1 	1     	24.7     	307   	19.7       	-14.9      	9186      	-64.6
2626      	17:43:50  	323.5 	-29.1 	1     	24.6     	307   	19.7       	-14.8      	9192      	-64.7
2628      	17:43:52  	323.3 	-29.2 	1     	24.6     	307   	19.7       	-14.7      	9197      	-64.7
2630      	17:43:54  	323.0 	-29.2 	1     	24.5     	307   	19.7       	-14.6      	9203      	-64.7
2632      	17:43:56  	322.8 	-29.2 	1     	24.4     	306   	19.7       	-14.4      	9208      	-64.7
2634      	17:43:58  	322.5 	-29.2 	1     	24.3     	306   	19.6       	-14.3      	9214      	-64.7
2636      	17:44:00  	322.3 	-29.2 	1     	24.3     	306   	19.6       	-14.3      	9219      	-64.8
2638      	17:44:02  	322.0 	-29.2 	1     	24.1     	306   	19.5       	-14.2      	9225      	-64.8
2640      	17:44:04  	321.7 	-29.2 	1     	24.1     	306   	19.5       	-14.1      	9231      	-64.8
2642      	17:44:06  	321.5 	-29.3 	1     	24.0     	306   	19.5       	-14.0      	9236      	-64.8
2644      	17:44:08  	321.2 	-29.3 	1     	23.9     	306   	19.4       	-13.9      	9242      	-64.8
2646      	17:44:10  	321.0 	-29.3 	1     	23.9     	306   	19.4       	-13.9      	9247      	-64.7
2648      	17:44:12  	320.7 	-29.3 	1     	23.8     	305   	19.4       	-13.8      	9253      	-64.7
2650      	17:44:14  	320.5 	-29.3 	1     	23.9     	305   	19.5       	-13.8      	9259      	-64.7
2652      	17:44:16  	320.2 	-29.4 	1     	23.9     	305   	19.5       	-13.8      	9264      	-64.7
2654      	17:44:18  	320.0 	-29.4 	1     	24.0     	305   	19.6       	-13.8      	9270      	-64.7
2656      	17:44:20  	319.7 	-29.4 	1     	24.2     	305   	19.8       	-13.9      	9276      	-64.7
2658      	17:44:22  	319.4 	-29.4 	1     	24.3     	305   	19.9       	-13.9      	9282      	-64.7
2660      	17:44:24  	319.2 	-29.5 	1     	24.4     	305   	20.0       	-14.0      	9287      	-64.7
2662      	17:44:26  	319.0 	-29.5 	1     	24.6     	305   	20.2       	-14.0      	9293      	-64.8
2664      	17:44:28  	318.7 	-29.5 	1     	24.7     	305   	20.3       	-14.1      	9298      	-64.8
2666      	17:44:30  	318.5 	-29.5 	1     	24.9     	305   	20.4       	-14.2      	9304      	-64.9
2668      	17:44:32  	318.2 	-29.5 	1     	25.0     	305   	20.5       	-14.3      	9309      	-64.9
2670      	17:44:34  	318.0 	-29.6 	1     	25.2     	305   	20.6       	-14.5      	9315      	-65.0
2672      	17:44:36  	317.7 	-29.6 	1     	25.4     	305   	20.7       	-14.7      	9320      	-65.0
2674      	17:44:38  	317.5 	-29.6 	1     	25.6     	306   	20.8       	-14.9      	9326      	-65.1
2676      	17:44:40  	317.2 	-29.7 	1     	25.6     	306   	20.8       	-15.0      	9331      	-65.1
2678      	17:44:42  	317.0 	-29.7 	1     	25.8     	306   	20.8       	-15.2      	9337      	-65.1
2680      	17:44:44  	316.7 	-29.7 	1     	25.8     	307   	20.7       	-15.4      	9343      	-65.1
2682      	17:44:46  	316.5 	-29.7 	1     	25.9     	307   	20.6       	-15.7      	9348      	-65.2
2684      	17:44:48  	316.2 	-29.7 	1     	26.0     	308   	20.6       	-15.9      	9354      	-65.2
2686      	17:44:50  	315.9 	-29.8 	1     	26.1     	308   	20.5       	-16.2      	9360      	-65.2
2688      	17:44:52  	315.7 	-29.8 	1     	26.1     	309   	20.4       	-16.3      	9366      	-65.2
2690      	17:44:54  	315.4 	-29.8 	1     	26.1     	309   	20.3       	-16.4      	9372      	-65.2
2692      	17:44:56  	315.2 	-29.8 	1     	26.1     	309   	20.2       	-16.5      	9378      	-65.2
2694      	17:44:58  	314.9 	-29.9 	1     	26.0     	310   	20.0       	-16.6      	9384      	-65.2
2696      	17:45:00  	314.6 	-29.9 	1     	25.9     	310   	19.8       	-16.7      	9389      	-65.2
2698      	17:45:02  	314.4 	-29.9 	1     	25.8     	311   	19.6       	-16.8      	9395      	-65.2
2700      	17:45:04  	314.1 	-29.9 	1     	25.8     	311   	19.5       	-16.9      	9401      	-65.2
2702      	17:45:06  	313.9 	-30.0 	1     	25.6     	311   	19.3       	-16.8      	9407      	-65.2
2704      	17:45:08  	313.6 	-30.0 	1     	25.5     	311   	19.2       	-16.8      	9413      	-65.3
2706      	17:45:10  	313.4 	-30.0 	1     	25.2     	311   	18.9       	-16.7      	9419      	-65.3
2708      	17:45:12  	313.1 	-30.1 	1     	25.0     	312   	18.7       	-16.6      	9424      	-65.3
2710      	17:45:14  	312.9 	-30.1 	1     	24.7     	312   	18.4       	-16.5      	9430      	-65.4
2712      	17:45:16  	312.6 	-30.1 	1     	24.5     	312   	18.2       	-16.4      	9436      	-65.4
2714      	17:45:18  	312.3 	-30.2 	1     	24.4     	312   	18.1       	-16.3      	9442      	-65.4
2716      	17:45:20  	312.1 	-30.2 	1     	24.2     	312   	18.0       	-16.2      	9448      	-65.4
2718      	17:45:22  	311.8 	-30.2 	1     	23.9     	312   	17.8       	-16.0      	9454      	-65.5
2720      	17:45:24  	311.6 	-30.3 	1     	23.7     	312   	17.7       	-15.8      	9460      	-65.5
2722      	17:45:26  	311.3 	-30.3 	1     	23.5     	312   	17.5       	-15.7      	9465      	-65.5
2724      	17:45:28  	311.1 	-30.3 	1     	23.3     	312   	17.4       	-15.5      	9471      	-65.5
2726      	17:45:30  	310.8 	-30.4 	1     	23.2     	312   	17.3       	-15.4      	9477      	-65.5
2728      	17:45:32  	310.6 	-30.4 	1     	23.2     	312   	17.3       	-15.4      	9483      	-65.6
2730      	17:45:34  	310.3 	-30.5 	1     	23.1     	311   	17.3       	-15.3      	9489      	-65.6
2732      	17:45:36  	310.0 	-30.5 	1     	23.0     	312   	17.2       	-15.3      	9494      	-65.6
2734      	17:45:38  	309.8 	-30.5 	1     	23.0     	312   	17.2       	-15.3      	9500      	-65.6
2736      	17:45:40  	309.5 	-30.6 	1     	22.9     	312   	17.1       	-15.3      	9506      	-65.7
2738      	17:45:42  	309.3 	-30.6 	1     	22.9     	312   	17.1       	-15.3      	9512      	-65.7
2740      	17:45:44  	309.0 	-30.6 	1     	23.0     	312   	17.1       	-15.4      	9518      	-65.7
2742      	17:45:46  	308.7 	-30.7 	1     	23.1     	312   	17.1       	-15.5      	9524      	-65.8
2744      	17:45:48  	308.5 	-30.7 	1     	23.1     	312   	17.1       	-15.6      	9530      	-65.8
2746      	17:45:50  	308.3 	-30.8 	1     	23.2     	313   	17.1       	-15.7      	9535      	-65.8
2748      	17:45:52  	308.0 	-30.8 	1     	23.3     	313   	17.1       	-15.9      	9541      	-65.8
2750      	17:45:54  	307.8 	-30.9 	1     	23.4     	313   	17.1       	-16.0      	9547      	-65.9
2752      	17:45:56  	307.5 	-30.9 	1     	23.5     	313   	17.1       	-16.1      	9553      	-65.9
2754      	17:45:58  	307.2 	-30.9 	1     	23.6     	313   	17.1       	-16.2      	9559      	-65.9
2756      	17:46:00  	307.0 	-31.0 	1     	23.6     	314   	17.1       	-16.3      	9565      	-65.9
2758      	17:46:02  	306.7 	-31.0 	1     	23.8     	314   	17.2       	-16.5      	9570      	-65.9
2760      	17:46:04  	306.5 	-31.0 	1     	24.0     	314   	17.2       	-16.7      	9576      	-65.9
2762      	17:46:06  	306.3 	-31.0 	1     	24.1     	314   	17.2       	-16.9      	9582      	-65.9
2764      	17:46:08  	306.0 	-31.1 	1     	24.2     	315   	17.2       	-17.0      	9587      	-66.0
2766      	17:46:10  	305.8 	-31.1 	1     	24.4     	315   	17.3       	-17.2      	9593      	-66.0
2768      	17:46:12  	305.5 	-31.2 	1     	24.5     	315   	17.3       	-17.3      	9599      	-66.0
2770      	17:46:14  	305.2 	-31.2 	1     	24.5     	315   	17.3       	-17.4      	9605      	-66.0
2772      	17:46:16  	305.0 	-31.3 	1     	24.7     	315   	17.4       	-17.5      	9611      	-66.0
2774      	17:46:18  	304.7 	-31.3 	1     	24.7     	315   	17.5       	-17.5      	9617      	-66.1
2776      	17:46:20  	304.5 	-31.3 	1     	24.9     	315   	17.6       	-17.6      	9623      	-66.1
2778      	17:46:22  	304.2 	-31.4 	1     	24.9     	315   	17.7       	-17.5      	9629      	-66.1
2780      	17:46:24  	304.0 	-31.4 	1     	24.8     	315   	17.7       	-17.4      	9635      	-66.2
2782      	17:46:26  	303.7 	-31.4 	1     	24.8     	314   	17.8       	-17.3      	9641      	-66.2
2784      	17:46:28  	303.4 	-31.4 	1     	24.8     	313   	18.0       	-17.0      	9647      	-66.2
2786      	17:46:30  	303.2 	-31.5 	1     	24.7     	313   	18.1       	-16.8      	9653      	-66.3
2788      	17:46:32  	302.9 	-31.5 	1     	24.6     	312   	18.2       	-16.5      	9659      	-66.3
2790      	17:46:34  	302.7 	-31.5 	1     	24.5     	312   	18.3       	-16.3      	9665      	-66.4
2792      	17:46:36  	302.4 	-31.6 	1     	24.4     	311   	18.4       	-16.1      	9671      	-66.4
2794      	17:46:38  	302.2 	-31.6 	1     	24.4     	311   	18.5       	-15.9      	9677      	-66.4
2796      	17:46:40  	301.9 	-31.6 	1     	24.4     	310   	18.6       	-15.8      	9683      	-66.4
2798      	17:46:42  	301.7 	-31.6 	1     	24.6     	310   	18.8       	-15.8      	9689      	-66.4
2800      	17:46:44  	301.4 	-31.6 	1     	24.6     	310   	18.9       	-15.7      	9695      	-66.4
2802      	17:46:46  	301.2 	-31.7 	1     	24.7     	309   	19.1       	-15.7      	9701      	-66.4
2804      	17:46:48  	300.9 	-31.7 	1     	24.9     	309   	19.2       	-15.8      	9706      	-66.4
2806      	17:46:50  	300.7 	-31.7 	1     	24.9     	310   	19.2       	-15.9      	9712      	-66.4
2808      	17:46:52  	300.4 	-31.7 	1     	25.1     	310   	19.3       	-16.1      	9718      	-66.4
2810      	17:46:54  	300.2 	-31.8 	1     	25.3     	310   	19.4       	-16.2      	9724      	-66.4
2812      	17:46:56  	299.9 	-31.8 	1     	25.5     	310   	19.6       	-16.3      	9730      	-66.4
2814      	17:46:58  	299.6 	-31.8 	1     	25.6     	310   	19.7       	-16.4      	9736      	-66.4
2816      	17:47:00  	299.4 	-31.8 	1     	25.8     	310   	19.8       	-16.5      	9742      	-66.4
2818      	17:47:02  	299.1 	-31.8 	1     	25.8     	310   	19.8       	-16.5      	9748      	-66.4
2820      	17:47:04  	298.9 	-31.9 	1     	25.8     	309   	19.9       	-16.4      	9754      	-66.5
2822      	17:47:06  	298.6 	-31.9 	1     	25.8     	309   	20.0       	-16.3      	9760      	-66.5
2824      	17:47:08  	298.4 	-31.9 	1     	25.8     	309   	20.1       	-16.2      	9766      	-66.6
2826      	17:47:10  	298.1 	-32.0 	1     	25.8     	309   	20.2       	-16.1      	9773      	-66.6
2828      	17:47:12  	297.9 	-32.0 	1     	25.7     	308   	20.2       	-15.9      	9778      	-66.6
2830      	17:47:14  	297.6 	-32.1 	1     	25.7     	308   	20.3       	-15.8      	9784      	-66.6
2832      	17:47:16  	297.4 	-32.1 	1     	25.7     	308   	20.3       	-15.7      	9790      	-66.7
2834      	17:47:18  	297.1 	-32.2 	1     	25.5     	307   	20.3       	-15.5      	9796      	-66.7
2836      	17:47:20  	296.8 	-32.2 	1     	25.5     	307   	20.4       	-15.3      	9803      	-66.7
2838      	17:47:22  	296.6 	-32.2 	1     	25.5     	306   	20.5       	-15.1      	9809      	-66.7
2840      	17:47:24  	296.3 	-32.3 	1     	25.4     	306   	20.6       	-14.8      	9815      	-66.7
2842      	17:47:26  	296.1 	-32.3 	1     	25.3     	306   	20.6       	-14.7      	9821      	-66.8
2844      	17:47:28  	295.8 	-32.3 	1     	25.3     	305   	20.7       	-14.6      	9827      	-66.8
2846      	17:47:30  	295.5 	-32.4 	1     	25.3     	305   	20.7       	-14.6      	9833      	-66.8
2848      	17:47:32  	295.3 	-32.4 	1     	25.2     	305   	20.8       	-14.3      	9840      	-66.8
2850      	17:47:34  	295.0 	-32.4 	1     	25.2     	304   	21.0       	-14.0      	9846      	-66.8
2852      	17:47:36  	294.7 	-32.5 	1     	25.2     	303   	21.1       	-13.8      	9853      	-66.9
2854      	17:47:38  	294.5 	-32.5 	1     	25.1     	302   	21.2       	-13.5      	9859      	-66.9
2856      	17:47:40  	294.2 	-32.6 	1     	25.1     	302   	21.3       	-13.3      	9865      	-66.9
2858      	17:47:42  	294.0 	-32.6 	1     	25.1     	301   	21.4       	-13.1      	9871      	-66.9
2860      	17:47:44  	293.7 	-32.7 	1     	25.1     	301   	21.5       	-13.0      	9877      	-67.0
2862      	17:47:46  	293.5 	-32.7 	1     	25.1     	300   	21.6       	-12.7      	9883      	-67.0
2864      	17:47:48  	293.2 	-32.8 	1     	25.1     	300   	21.8       	-12.5      	9890      	-67.1
2866      	17:47:50  	292.9 	-32.8 	1     	25.1     	299   	21.9       	-12.2      	9896      	-67.1
2868      	17:47:52  	292.7 	-32.9 	1     	25.1     	299   	22.0       	-12.1      	9902      	-67.2
2870      	17:47:54  	292.4 	-32.9 	1     	25.1     	299   	22.0       	-12.1      	9909      	-67.2
2872      	17:47:56  	292.1 	-33.0 	1     	25.1     	299   	22.1       	-12.0      	9915      	-67.2
2874      	17:47:58  	291.8 	-33.0 	1     	25.2     	298   	22.2       	-12.0      	9922      	-67.3
2876      	17:48:00  	291.6 	-33.1 	1     	25.3     	298   	22.3       	-11.9      	9928      	-67.3
2878      	17:48:02  	291.3 	-33.1 	1     	25.2     	298   	22.3       	-11.8      	9935      	-67.3
2880      	17:48:04  	291.0 	-33.2 	1     	25.3     	298   	22.4       	-11.8      	9941      	-67.4
2882      	17:48:06  	290.8 	-33.3 	1     	25.4     	297   	22.5       	-11.7      	9948      	-67.4
2884      	17:48:08  	290.5 	-33.3 	1     	25.4     	297   	22.5       	-11.7      	9954      	-67.4
2886      	17:48:10  	290.3 	-33.3 	1     	25.4     	297   	22.6       	-11.7      	9960      	-67.4
2888      	17:48:12  	290.0 	-33.4 	1     	25.4     	297   	22.6       	-11.7      	9966      	-67.5
2890      	17:48:14  	289.8 	-33.5 	1     	25.5     	297   	22.7       	-11.7      	9972      	-67.5
2892      	17:48:16  	289.5 	-33.5 	1     	25.6     	297   	22.8       	-11.7      	9979      	-67.5
2894      	17:48:18  	289.2 	-33.6 	1     	25.6     	297   	22.8       	-11.7      	9985      	-67.5
2896      	17:48:20  	289.0 	-33.6 	1     	25.7     	297   	22.8       	-11.8      	9991      	-67.5
2898      	17:48:22  	288.7 	-33.6 	1     	25.8     	297   	22.9       	-11.8      	9998      	-67.6
2900      	17:48:24  	288.5 	-33.6 	1     	25.8     	297   	22.9       	-11.8      	10004     	-67.6
2902      	17:48:26  	288.2 	-33.7 	1     	25.7     	297   	22.9       	-11.7      	10010     	-67.7
2904      	17:48:28  	287.9 	-33.7 	1     	25.8     	297   	23.0       	-11.7      	10017     	-67.8
2906      	17:48:30  	287.7 	-33.8 	1     	25.8     	297   	23.0       	-11.7      	10023     	-67.8
2908      	17:48:32  	287.4 	-33.8 	1     	25.8     	297   	23.0       	-11.7      	10030     	-67.8
2910      	17:48:34  	287.1 	-33.8 	1     	25.8     	297   	23.0       	-11.7      	10036     	-67.8
2912      	17:48:36  	286.9 	-33.8 	1     	25.7     	297   	23.0       	-11.5      	10043     	-67.8
2914      	17:48:38  	286.6 	-33.8 	1     	25.6     	296   	23.0       	-11.3      	10049     	-67.8
2916      	17:48:40  	286.3 	-33.9 	1     	25.5     	296   	23.0       	-11.1      	10055     	-67.8
2918      	17:48:42  	286.1 	-33.9 	1     	25.3     	295   	22.9       	-10.8      	10061     	-67.8
2920      	17:48:44  	285.8 	-33.9 	1     	25.2     	295   	22.9       	-10.6      	10068     	-67.8
2922      	17:48:46  	285.6 	-33.9 	1     	25.2     	294   	22.9       	-10.4      	10074     	-67.7
2924      	17:48:48  	285.3 	-33.9 	1     	25.1     	294   	22.9       	-10.2      	10080     	-67.8
2926      	17:48:50  	285.1 	-33.9 	1     	25.1     	293   	23.0       	-10.0      	10087     	-67.8
2928      	17:48:52  	284.8 	-34.0 	1     	25.1     	293   	23.1       	-9.8       	10093     	-67.8
2930      	17:48:54  	284.6 	-34.0 	1     	25.1     	292   	23.2       	-9.6       	10099     	-67.8
2932      	17:48:56  	284.3 	-34.0 	1     	25.2     	292   	23.3       	-9.6       	10105     	-67.8
2934      	17:48:58  	284.1 	-34.0 	1     	25.3     	292   	23.4       	-9.6       	10112     	-67.8
2936      	17:49:00  	283.8 	-34.0 	1     	25.4     	292   	23.5       	-9.6       	10118     	-67.9
2938      	17:49:02  	283.5 	-34.0 	1     	25.6     	292   	23.7       	-9.7       	10124     	-67.9
2940      	17:49:04  	283.3 	-34.0 	1     	25.9     	293   	23.9       	-9.9       	10131     	-68.0
2942      	17:49:06  	283.0 	-34.1 	1     	26.1     	293   	24.1       	-10.1      	10137     	-68.0
2944      	17:49:08  	282.8 	-34.1 	1     	26.3     	293   	24.2       	-10.3      	10143     	-68.0
2946      	17:49:10  	282.5 	-34.1 	1     	26.5     	293   	24.3       	-10.5      	10150     	-68.0
2948      	17:49:12  	282.2 	-34.1 	1     	26.6     	294   	24.4       	-10.7      	10156     	-68.1
2950      	17:49:14  	282.0 	-34.2 	1     	26.9     	294   	24.6       	-10.9      	10163     	-68.1
2952      	17:49:16  	281.7 	-34.2 	1     	27.2     	294   	24.8       	-11.2      	10169     	-68.1
2954      	17:49:18  	281.5 	-34.3 	1     	27.7     	295   	25.1       	-11.6      	10176     	-68.1
2956      	17:49:20  	281.2 	-34.3 	1     	28.0     	295   	25.4       	-11.9      	10183     	-68.1
2958      	17:49:22  	280.9 	-34.3 	1     	28.3     	295   	25.6       	-12.1      	10189     	-68.1
2960      	17:49:24  	280.7 	-34.3 	1     	28.4     	295   	25.7       	-12.2      	10196     	-68.1
2962      	17:49:26  	280.4 	-34.4 	1     	28.7     	296   	25.9       	-12.4      	10202     	-68.2
2964      	17:49:28  	280.1 	-34.4 	1     	29.0     	296   	26.2       	-12.5      	10209     	-68.3
2966      	17:49:30  	279.9 	-34.4 	1     	29.4     	295   	26.6       	-12.6      	10215     	-68.3
2968      	17:49:32  	279.6 	-34.5 	1     	29.8     	295   	27.0       	-12.7      	10222     	-68.3
2970      	17:49:34  	279.4 	-34.5 	1     	30.2     	295   	27.3       	-12.8      	10228     	-68.4
2972      	17:49:36  	279.1 	-34.6 	1     	30.3     	295   	27.5       	-12.8      	10235     	-68.4
2974      	17:49:38  	278.8 	-34.6 	1     	30.5     	295   	27.7       	-12.8      	10241     	-68.5
2976      	17:49:40  	278.6 	-34.6 	1     	30.8     	295   	28.0       	-12.8      	10248     	-68.5
2978      	17:49:42  	278.3 	-34.7 	1     	31.0     	294   	28.3       	-12.7      	10255     	-68.5
2980      	17:49:44  	278.0 	-34.7 	1     	31.3     	294   	28.6       	-12.6      	10262     	-68.5
2982      	17:49:46  	277.7 	-34.7 	1     	31.5     	293   	28.9       	-12.5      	10269     	-68.5
2984      	17:49:48  	277.5 	-34.8 	1     	31.7     	293   	29.1       	-12.5      	10275     	-68.6
2986      	17:49:50  	277.2 	-34.8 	1     	31.7     	293   	29.2       	-12.4      	10282     	-68.5
2988      	17:49:52  	276.9 	-34.8 	1     	31.9     	293   	29.4       	-12.4      	10289     	-68.5
2990      	17:49:54  	276.7 	-34.9 	1     	32.0     	292   	29.6       	-12.2      	10295     	-68.5
2992      	17:49:56  	276.4 	-34.9 	1     	32.3     	292   	29.9       	-12.1      	10302     	-68.5
2994      	17:49:58  	276.2 	-35.0 	1     	32.5     	292   	30.2       	-11.9      	10309     	-68.6
2996      	17:50:00  	275.9 	-35.0 	1     	32.7     	291   	30.5       	-11.8      	10315     	-68.6
2998      	17:50:02  	275.6 	-35.0 	1     	32.8     	291   	30.6       	-11.7      	10322     	-68.6
3000      	17:50:04  	275.4 	-35.1 	1     	32.9     	291   	30.8       	-11.6      	10328     	-68.7
3002      	17:50:06  	275.1 	-35.1 	1     	33.1     	290   	31.0       	-11.5      	10335     	-68.7
3004      	17:50:08  	274.9 	-35.1 	1     	33.4     	290   	31.4       	-11.3      	10341     	-68.7
3006      	17:50:10  	274.6 	-35.1 	1     	33.7     	289   	31.8       	-11.2      	10348     	-68.8
3008      	17:50:12  	274.3 	-35.1 	1     	34.0     	289   	32.2       	-11.0      	10355     	-68.8
3010      	17:50:14  	274.1 	-35.1 	1     	34.3     	289   	32.5       	-10.9      	10361     	-68.8
3012      	17:50:16  	273.8 	-35.1 	1     	34.5     	288   	32.7       	-10.9      	10368     	-68.7
3014      	17:50:18  	273.6 	-35.1 	1     	34.7     	288   	33.0       	-10.8      	10374     	-68.7
3016      	17:50:20  	273.3 	-35.1 	1     	35.1     	288   	33.4       	-10.8      	10381     	-68.7
3018      	17:50:22  	273.1 	-35.1 	1     	35.5     	288   	33.9       	-10.7      	10387     	-68.7
3020      	17:50:24  	272.8 	-35.1 	1     	36.0     	287   	34.4       	-10.7      	10394     	-68.6
3022      	17:50:26  	272.5 	-35.1 	1     	36.4     	287   	34.8       	-10.6      	10401     	-68.6
3024      	17:50:28  	272.3 	-35.1 	1     	36.7     	287   	35.1       	-10.7      	10407     	-68.6
3026      	17:50:30  	272.0 	-35.2 	1     	36.9     	287   	35.3       	-10.7      	10414     	-68.6
3028      	17:50:32  	271.8 	-35.2 	1     	37.2     	287   	35.6       	-10.7      	10421     	-68.6
3030      	17:50:34  	271.5 	-35.2 	1     	37.6     	287   	36.0       	-10.8      	10427     	-68.6
3032      	17:50:36  	271.3 	-35.2 	1     	37.9     	287   	36.3       	-10.8      	10433     	-68.6
3034      	17:50:38  	271.0 	-35.3 	1     	38.3     	287   	36.7       	-10.9      	10439     	-68.6
3036      	17:50:40  	270.8 	-35.3 	1     	38.4     	287   	36.8       	-11.0      	10446     	-68.6
3038      	17:50:42  	270.5 	-35.3 	1     	38.5     	287   	36.9       	-11.0      	10452     	-68.7
3040      	17:50:44  	270.3 	-35.4 	1     	38.6     	287   	37.0       	-11.0      	10459     	-68.7
3042      	17:50:46  	270.0 	-35.4 	1     	38.7     	287   	37.1       	-11.0      	10465     	-68.8
3044      	17:50:48  	269.8 	-35.4 	1     	38.9     	286   	37.3       	-11.0      	10472     	-68.8
3046      	17:50:50  	269.5 	-35.5 	1     	39.0     	286   	37.4       	-11.0      	10478     	-68.9
3048      	17:50:52  	269.3 	-35.5 	1     	39.2     	286   	37.6       	-11.0      	10485     	-68.9
3050      	17:50:54  	269.0 	-35.5 	1     	39.1     	286   	37.6       	-10.9      	10491     	-68.9
3052      	17:50:56  	268.8 	-35.6 	1     	39.2     	286   	37.7       	-10.9      	10498     	-69.0
3054      	17:50:58  	268.5 	-35.7 	1     	39.3     	286   	37.8       	-10.8      	10505     	-69.0
3056      	17:51:00  	268.2 	-35.7 	1     	39.4     	286   	37.9       	-10.6      	10511     	-69.0
3058      	17:51:02  	268.0 	-35.7 	1     	39.3     	285   	37.9       	-10.5      	10518     	-69.1
3060      	17:51:04  	267.7 	-35.8 	1     	39.4     	285   	38.0       	-10.3      	10524     	-69.1
3062      	17:51:06  	267.5 	-35.8 	1     	39.3     	285   	38.0       	-10.2      	10531     	-69.2
3064      	17:51:08  	267.2 	-35.9 	1     	39.4     	285   	38.1       	-10.1      	10538     	-69.2
3066      	17:51:10  	267.0 	-36.0 	1     	39.4     	285   	38.1       	-10.0      	10545     	-69.2
3068      	17:51:12  	266.7 	-36.0 	1     	39.4     	285   	38.1       	-10.0      	10552     	-69.3
3070      	17:51:14  	266.4 	-36.0 	1     	39.4     	285   	38.1       	-9.9       	10558     	-69.3
3072      	17:51:16  	266.2 	-36.1 	1     	39.4     	284   	38.2       	-9.8       	10565     	-69.3
3074      	17:51:18  	265.9 	-36.1 	1     	39.4     	284   	38.2       	-9.8       	10572     	-69.4
3076      	17:51:20  	265.6 	-36.2 	1     	39.5     	285   	38.2       	-9.9       	10579     	-69.4
3078      	17:51:22  	265.4 	-36.2 	1     	39.5     	285   	38.2       	-9.9       	10586     	-69.4
3080      	17:51:24  	265.1 	-36.3 	1     	39.3     	285   	38.0       	-10.1      	10593     	-69.5
3082      	17:51:26  	264.8 	-36.3 	1     	39.2     	285   	37.8       	-10.3      	10600     	-69.5
3084      	17:51:28  	264.6 	-36.4 	1     	39.2     	286   	37.7       	-10.6      	10606     	-69.6
3086      	17:51:30  	264.3 	-36.4 	1     	39.0     	286   	37.5       	-10.8      	10613     	-69.6
3088      	17:51:32  	264.1 	-36.5 	1     	38.9     	286   	37.3       	-11.0      	10620     	-69.6
3090      	17:51:34  	263.8 	-36.5 	1     	38.8     	287   	37.1       	-11.2      	10626     	-69.6
3092      	17:51:36  	263.6 	-36.6 	1     	38.6     	287   	36.9       	-11.4      	10633     	-69.6
3094      	17:51:38  	263.3 	-36.6 	1     	38.5     	288   	36.7       	-11.6      	10640     	-69.7
3096      	17:51:40  	263.1 	-36.6 	1     	38.4     	288   	36.5       	-11.8      	10646     	-69.7
3098      	17:51:42  	262.8 	-36.7 	1     	38.2     	288   	36.2       	-12.1      	10653     	-69.7
3100      	17:51:44  	262.5 	-36.7 	1     	38.1     	289   	36.1       	-12.2      	10660     	-69.7
3102      	17:51:46  	262.3 	-36.8 	1     	38.0     	289   	36.0       	-12.3      	10667     	-69.7
3104      	17:51:48  	262.0 	-36.8 	1     	38.0     	289   	35.9       	-12.4      	10673     	-69.8
3106      	17:51:50  	261.8 	-36.8 	1     	37.9     	289   	35.8       	-12.5      	10680     	-69.8
3108      	17:51:52  	261.5 	-36.9 	1     	37.8     	290   	35.6       	-12.7      	10687     	-69.8
3110      	17:51:54  	261.3 	-36.9 	1     	37.7     	290   	35.5       	-12.8      	10693     	-69.9
3112      	17:51:56  	261.0 	-37.0 	1     	37.6     	290   	35.3       	-13.0      	10700     	-69.9
3114      	17:51:58  	260.8 	-37.0 	1     	37.5     	290   	35.1       	-13.1      	10706     	-69.9
3116      	17:52:00  	260.5 	-37.0 	1     	37.3     	291   	34.9       	-13.2      	10713     	-70.0
3118      	17:52:02  	260.3 	-37.1 	1     	37.3     	291   	34.8       	-13.3      	10720     	-70.0
3120      	17:52:04  	260.0 	-37.1 	1     	37.2     	291   	34.7       	-13.4      	10727     	-70.0
3122      	17:52:06  	259.8 	-37.1 	1     	37.1     	291   	34.6       	-13.5      	10733     	-70.0
3124      	17:52:08  	259.5 	-37.2 	1     	37.1     	292   	34.5       	-13.7      	10740     	-70.0
3126      	17:52:10  	259.3 	-37.2 	1     	37.2     	292   	34.5       	-13.9      	10747     	-70.0
3128      	17:52:12  	259.0 	-37.2 	1     	37.2     	292   	34.5       	-14.0      	10753     	-70.0
3130      	17:52:14  	258.8 	-37.3 	1     	37.3     	292   	34.5       	-14.1      	10760     	-70.1
3132      	17:52:16  	258.5 	-37.3 	1     	37.3     	292   	34.5       	-14.2      	10766     	-70.2
3134      	17:52:18  	258.3 	-37.4 	1     	37.3     	293   	34.4       	-14.4      	10772     	-70.2
3136      	17:52:20  	258.1 	-37.4 	1     	37.3     	293   	34.3       	-14.7      	10779     	-70.2
3138      	17:52:22  	257.8 	-37.4 	1     	37.3     	294   	34.2       	-15.0      	10785     	-70.2
3140      	17:52:24  	257.6 	-37.5 	1     	37.5     	294   	34.2       	-15.3      	10791     	-70.2
3142      	17:52:26  	257.4 	-37.5 	1     	37.4     	294   	34.1       	-15.4      	10797     	-70.3
3144      	17:52:28  	257.1 	-37.5 	1     	37.4     	295   	34.0       	-15.6      	10804     	-70.3
3146      	17:52:30  	256.9 	-37.6 	1     	37.4     	295   	33.9       	-15.9      	10810     	-70.3
3148      	17:52:32  	256.7 	-37.6 	1     	37.5     	295   	33.9       	-16.1      	10816     	-70.3
3150      	17:52:34  	256.5 	-37.6 	1     	37.6     	296   	33.8       	-16.4      	10822     	-70.3
3152      	17:52:36  	256.3 	-37.6 	1     	37.7     	296   	33.8       	-16.7      	10828     	-70.3
3154      	17:52:38  	256.0 	-37.7 	1     	37.8     	297   	33.8       	-16.9      	10833     	-70.3
3156      	17:52:40  	255.8 	-37.7 	1     	37.8     	297   	33.8       	-17.0      	10839     	-70.3
3158      	17:52:42  	255.6 	-37.7 	1     	38.0     	297   	33.9       	-17.1      	10845     	-70.4
3160      	17:52:44  	255.4 	-37.8 	1     	38.1     	297   	33.9       	-17.4      	10850     	-70.4
3162      	17:52:46  	255.2 	-37.8 	1     	38.3     	297   	34.0       	-17.6      	10856     	-70.4
3164      	17:52:48  	255.0 	-37.8 	1     	38.4     	298   	34.0       	-17.9      	10862     	-70.5
3166      	17:52:50  	254.8 	-37.8 	1     	38.6     	298   	34.1       	-18.1      	10868     	-70.5
3168      	17:52:52  	254.5 	-37.9 	1     	38.7     	298   	34.1       	-18.3      	10873     	-70.6
3170      	17:52:54  	254.3 	-37.9 	1     	38.7     	298   	34.1       	-18.4      	10879     	-70.6
3172      	17:52:56  	254.1 	-37.9 	1     	38.8     	299   	34.1       	-18.6      	10885     	-70.7
3174      	17:52:58  	253.9 	-37.9 	1     	39.0     	299   	34.2       	-18.8      	10891     	-70.7
3176      	17:53:00  	253.7 	-38.0 	1     	39.2     	299   	34.3       	-19.0      	10896     	-70.7
3178      	17:53:02  	253.5 	-38.0 	1     	39.3     	299   	34.3       	-19.2      	10902     	-70.6
3180      	17:53:04  	253.3 	-38.0 	1     	39.4     	299   	34.4       	-19.3      	10907     	-70.6
3182      	17:53:06  	253.1 	-38.0 	1     	39.4     	299   	34.4       	-19.3      	10913     	-70.6
3184      	17:53:08  	252.9 	-38.0 	1     	39.5     	299   	34.5       	-19.3      	10918     	-70.6
3186      	17:53:10  	252.7 	-38.1 	1     	39.6     	299   	34.6       	-19.3      	10924     	-70.6
3188      	17:53:12  	252.5 	-38.1 	1     	39.6     	299   	34.6       	-19.3      	10929     	-70.6
3190      	17:53:14  	252.3 	-38.1 	1     	39.7     	299   	34.7       	-19.3      	10935     	-70.7
3192      	17:53:16  	252.1 	-38.1 	1     	39.8     	299   	34.8       	-19.3      	10940     	-70.7
3194      	17:53:18  	251.9 	-38.2 	1     	39.8     	299   	34.8       	-19.3      	10946     	-70.7
3196      	17:53:20  	251.7 	-38.2 	1     	39.7     	299   	34.8       	-19.2      	10951     	-70.7
3198      	17:53:22  	251.5 	-38.2 	1     	39.8     	299   	34.9       	-19.2      	10957     	-70.7
3200      	17:53:24  	251.3 	-38.2 	1     	40.1     	299   	35.2       	-19.2      	10962     	-70.7
3202      	17:53:26  	251.0 	-38.2 	1     	40.2     	298   	35.4       	-19.1      	10969     	-70.7
3204      	17:53:28  	250.8 	-38.2 	2     	40.4     	298   	35.6       	-19.1      	10975     	-70.7
3206      	17:53:30  	250.6 	-38.3 	2     	40.7     	298   	35.9       	-19.1      	10981     	-70.7
3208      	17:53:32  	250.4 	-38.3 	2     	40.8     	298   	36.1       	-19.1      	10987     	-70.7
3210      	17:53:34  	250.2 	-38.3 	2     	41.0     	298   	36.3       	-19.1      	10993     	-70.7
3212      	17:53:36  	250.0 	-38.4 	2     	41.2     	297   	36.6       	-19.0      	10998     	-70.8
3214      	17:53:38  	249.8 	-38.4 	2     	41.4     	297   	36.8       	-18.9      	11004     	-70.8
3216      	17:53:40  	249.6 	-38.5 	2     	41.6     	297   	37.1       	-18.8      	11010     	-70.9
3218      	17:53:42  	249.4 	-38.5 	2     	41.7     	297   	37.3       	-18.7      	11015     	-70.9
3220      	17:53:44  	249.1 	-38.6 	2     	41.8     	296   	37.4       	-18.6      	11021     	-70.9
3222      	17:53:46  	248.9 	-38.6 	2     	41.8     	296   	37.5       	-18.4      	11027     	-71.0
3224      	17:53:48  	248.7 	-38.6 	2     	41.7     	296   	37.5       	-18.3      	11033     	-71.0
3226      	17:53:50  	248.5 	-38.7 	2     	41.6     	296   	37.5       	-18.0      	11038     	-71.0
3228      	17:53:52  	248.3 	-38.7 	2     	41.6     	295   	37.6       	-17.8      	11044     	-71.1
3230      	17:53:54  	248.1 	-38.8 	2     	41.5     	295   	37.6       	-17.5      	11050     	-71.1
3232      	17:53:56  	247.9 	-38.9 	2     	41.3     	295   	37.5       	-17.4      	11056     	-71.1
3234      	17:53:58  	247.7 	-38.9 	2     	41.3     	295   	37.5       	-17.2      	11061     	-71.2
3236      	17:54:00  	247.5 	-38.9 	2     	41.2     	295   	37.5       	-17.1      	11067     	-71.2
3238      	17:54:02  	247.3 	-39.0 	2     	41.2     	295   	37.5       	-17.1      	11073     	-71.2
3240      	17:54:04  	247.1 	-39.0 	2     	41.3     	294   	37.6       	-17.1      	11078     	-71.2
3242      	17:54:06  	246.9 	-39.0 	2     	41.3     	294   	37.6       	-17.1      	11084     	-71.2
3244      	17:54:08  	246.7 	-39.1 	2     	41.4     	294   	37.7       	-17.1      	11090     	-71.3
3246      	17:54:10  	246.4 	-39.1 	2     	41.6     	295   	37.8       	-17.3      	11096     	-71.3
3248      	17:54:12  	246.2 	-39.2 	2     	41.7     	295   	37.9       	-17.4      	11102     	-71.3
3250      	17:54:14  	246.0 	-39.2 	2     	41.7     	295   	37.9       	-17.4      	11107     	-71.3
3252      	17:54:16  	245.8 	-39.3 	2     	41.6     	295   	37.8       	-17.4      	11113     	-71.4
3254      	17:54:18  	245.6 	-39.3 	2     	41.7     	295   	37.8       	-17.5      	11119     	-71.4
3256      	17:54:20  	245.4 	-39.4 	2     	41.6     	295   	37.7       	-17.5      	11124     	-71.5
3258      	17:54:22  	245.2 	-39.4 	2     	41.3     	295   	37.5       	-17.4      	11130     	-71.5
3260      	17:54:24  	245.0 	-39.4 	1     	41.2     	295   	37.4       	-17.3      	11136     	-71.6
3262      	17:54:26  	244.8 	-39.4 	1     	41.0     	295   	37.2       	-17.2      	11142     	-71.6
3264      	17:54:28  	244.6 	-39.5 	1     	40.9     	295   	37.1       	-17.1      	11148     	-71.7
3266      	17:54:30  	244.4 	-39.5 	1     	40.7     	295   	37.0       	-17.0      	11153     	-71.8
3268      	17:54:32  	244.2 	-39.5 	1     	40.5     	295   	36.8       	-16.9      	11159     	-71.8
3270      	17:54:34  	244.0 	-39.5 	1     	40.5     	295   	36.8       	-16.9      	11165     	-71.9
3272      	17:54:36  	243.8 	-39.5 	1     	40.5     	295   	36.8       	-16.9      	11170     	-71.9
3274      	17:54:38  	243.6 	-39.5 	1     	40.5     	295   	36.8       	-16.9      	11176     	-71.9
3276      	17:54:40  	243.4 	-39.6 	1     	40.6     	295   	36.9       	-16.9      	11182     	-71.9
3278      	17:54:42  	243.2 	-39.6 	1     	40.6     	295   	36.9       	-17.0      	11187     	-71.9
3280      	17:54:44  	243.0 	-39.6 	1     	40.6     	295   	36.9       	-17.0      	11192     	-71.9
3282      	17:54:46  	242.8 	-39.6 	1     	40.7     	295   	36.9       	-17.1      	11198     	-71.9
3284      	17:54:48  	242.6 	-39.6 	1     	40.7     	295   	36.9       	-17.2      	11203     	-71.9
3286      	17:54:50  	242.4 	-39.7 	1     	40.7     	295   	36.9       	-17.2      	11209     	-71.9
3288      	17:54:52  	242.2 	-39.7 	1     	40.7     	295   	36.8       	-17.3      	11214     	-71.9
3290      	17:54:54  	242.0 	-39.7 	1     	40.7     	295   	36.8       	-17.3      	11220     	-71.9
3292      	17:54:56  	241.8 	-39.8 	1     	40.6     	295   	36.7       	-17.4      	11226     	-71.9
3294      	17:54:58  	241.6 	-39.8 	1     	40.6     	295   	36.7       	-17.4      	11231     	-71.9
3296      	17:55:00  	241.4 	-39.8 	1     	40.5     	295   	36.6       	-17.4      	11237     	-71.9
3298      	17:55:02  	241.2 	-39.8 	1     	40.5     	295   	36.6       	-17.3      	11243     	-71.9
3300      	17:55:04  	241.0 	-39.9 	1     	40.4     	295   	36.5       	-17.3      	11248     	-72.0
3302      	17:55:06  	240.8 	-39.9 	1     	40.3     	295   	36.4       	-17.3      	11254     	-72.0
3304      	17:55:08  	240.6 	-40.0 	1     	40.2     	296   	36.2       	-17.4      	11259     	-72.1
3306      	17:55:10  	240.4 	-40.0 	1     	40.0     	296   	36.0       	-17.5      	11265     	-72.1
3308      	17:55:12  	240.2 	-40.0 	1     	39.9     	296   	35.8       	-17.6      	11271     	-72.1
3310      	17:55:14  	240.0 	-40.0 	1     	39.8     	296   	35.7       	-17.7      	11277     	-72.1
3312      	17:55:16  	239.8 	-40.0 	1     	39.8     	297   	35.6       	-17.8      	11282     	-72.1
3314      	17:55:18  	239.6 	-40.1 	1     	39.7     	297   	35.4       	-18.0      	11288     	-72.1
3316      	17:55:20  	239.4 	-40.1 	1     	39.6     	297   	35.2       	-18.2      	11294     	-72.2
3318      	17:55:22  	239.2 	-40.1 	1     	39.5     	298   	35.0       	-18.4      	11300     	-72.2
3320      	17:55:24  	239.0 	-40.2 	1     	39.4     	298   	34.7       	-18.7      	11306     	-72.2
3322      	17:55:26  	238.8 	-40.2 	1     	39.4     	299   	34.6       	-18.8      	11311     	-72.2
3324      	17:55:28  	238.6 	-40.2 	1     	39.3     	299   	34.5       	-18.9      	11317     	-72.2
3326      	17:55:30  	238.4 	-40.2 	1     	39.3     	299   	34.4       	-19.0      	11323     	-72.3
3328      	17:55:32  	238.2 	-40.2 	1     	39.2     	299   	34.3       	-19.0      	11329     	-72.3
3330      	17:55:34  	238.0 	-40.3 	1     	39.0     	299   	34.1       	-18.9      	11335     	-72.3
3332      	17:55:36  	237.8 	-40.3 	1     	38.8     	299   	33.9       	-18.9      	11341     	-72.3
3334      	17:55:38  	237.6 	-40.3 	1     	38.6     	299   	33.7       	-18.8      	11347     	-72.3
3336      	17:55:40  	237.4 	-40.4 	1     	38.5     	299   	33.6       	-18.7      	11353     	-72.3
3338      	17:55:42  	237.1 	-40.4 	2     	38.3     	299   	33.5       	-18.5      	11359     	-72.3
3340      	17:55:44  	236.9 	-40.4 	2     	38.1     	299   	33.4       	-18.4      	11365     	-72.3
3342      	17:55:46  	236.7 	-40.5 	2     	37.9     	299   	33.3       	-18.2      	11371     	-72.3
3344      	17:55:48  	236.5 	-40.5 	2     	37.8     	299   	33.2       	-18.1      	11377     	-72.3
3346      	17:55:50  	236.3 	-40.6 	2     	37.6     	298   	33.1       	-17.9      	11383     	-72.3
3348      	17:55:52  	236.1 	-40.6 	2     	37.5     	298   	33.0       	-17.9      	11389     	-72.4
3350      	17:55:54  	235.9 	-40.7 	2     	37.5     	298   	33.0       	-17.8      	11395     	-72.4
3352      	17:55:56  	235.7 	-40.7 	2     	37.5     	298   	33.0       	-17.8      	11400     	-72.5
3354      	17:55:58  	235.5 	-40.7 	2     	37.3     	298   	32.8       	-17.8      	11406     	-72.5
3356      	17:56:00  	235.3 	-40.8 	2     	37.1     	298   	32.6       	-17.7      	11412     	-72.5
3358      	17:56:02  	235.1 	-40.8 	2     	36.9     	299   	32.4       	-17.6      	11418     	-72.6
3360      	17:56:04  	234.9 	-40.9 	2     	36.6     	299   	32.2       	-17.5      	11425     	-72.6
3362      	17:56:06  	234.6 	-40.9 	2     	36.4     	299   	32.0       	-17.4      	11431     	-72.6
3364      	17:56:08  	234.4 	-41.0 	2     	36.2     	299   	31.8       	-17.3      	11437     	-72.6
3366      	17:56:10  	234.2 	-41.0 	2     	36.2     	299   	31.7       	-17.4      	11442     	-72.7
3368      	17:56:12  	234.0 	-41.1 	2     	36.1     	299   	31.6       	-17.5      	11449     	-72.7
3370      	17:56:14  	233.8 	-41.2 	2     	36.1     	299   	31.6       	-17.5      	11455     	-72.7
3372      	17:56:16  	233.6 	-41.2 	2     	36.1     	299   	31.5       	-17.6      	11461     	-72.8
3374      	17:56:18  	233.4 	-41.3 	2     	36.2     	299   	31.6       	-17.7      	11467     	-72.8
3376      	17:56:20  	233.2 	-41.3 	2     	36.4     	299   	31.7       	-17.9      	11473     	-72.8
3378      	17:56:22  	233.0 	-41.3 	2     	36.5     	300   	31.8       	-18.0      	11479     	-72.8
3380      	17:56:24  	232.8 	-41.4 	2     	36.8     	299   	32.0       	-18.1      	11485     	-72.8
3382      	17:56:26  	232.6 	-41.5 	2     	36.9     	299   	32.1       	-18.1      	11491     	-72.9
3384      	17:56:28  	232.4 	-41.5 	2     	37.1     	299   	32.3       	-18.2      	11497     	-72.9
3386      	17:56:30  	232.2 	-41.5 	2     	37.1     	299   	32.4       	-18.1      	11503     	-72.9
3388      	17:56:32  	232.0 	-41.6 	2     	37.1     	299   	32.4       	-18.0      	11509     	-73.0
3390      	17:56:34  	231.7 	-41.7 	2     	37.1     	299   	32.5       	-17.8      	11515     	-73.0
3392      	17:56:36  	231.5 	-41.7 	2     	37.0     	299   	32.5       	-17.7      	11521     	-73.1
3394      	17:56:38  	231.3 	-41.8 	2     	37.0     	298   	32.5       	-17.6      	11527     	-73.1
3396      	17:56:40  	231.1 	-41.9 	2     	37.0     	298   	32.6       	-17.4      	11533     	-73.1
3398      	17:56:42  	230.9 	-41.9 	2     	36.9     	298   	32.6       	-17.2      	11539     	-73.2
3400      	17:56:44  	230.7 	-42.0 	2     	36.8     	298   	32.6       	-17.1      	11546     	-73.2
3402      	17:56:46  	230.5 	-42.0 	2     	36.7     	298   	32.5       	-17.0      	11552     	-73.2
3404      	17:56:48  	230.3 	-42.1 	2     	36.7     	298   	32.5       	-17.0      	11558     	-73.3
3406      	17:56:50  	230.1 	-42.1 	2     	36.6     	298   	32.4       	-17.0      	11565     	-73.3
3408      	17:56:52  	229.8 	-42.2 	2     	36.5     	298   	32.4       	-16.9      	11571     	-73.3
3410      	17:56:54  	229.6 	-42.3 	2     	36.5     	298   	32.3       	-16.9      	11578     	-73.4
3412      	17:56:56  	229.4 	-42.3 	2     	36.5     	298   	32.3       	-16.9      	11585     	-73.4
3414      	17:56:58  	229.1 	-42.4 	2     	36.4     	298   	32.2       	-16.9      	11591     	-73.5
3416      	17:57:00  	228.9 	-42.4 	2     	36.4     	298   	32.2       	-17.0      	11598     	-73.5
3418      	17:57:02  	228.7 	-42.5 	2     	36.4     	298   	32.2       	-16.9      	11605     	-73.5
3420      	17:57:04  	228.5 	-42.6 	2     	36.2     	298   	32.1       	-16.8      	11612     	-73.6
3422      	17:57:06  	228.2 	-42.6 	2     	36.2     	298   	32.1       	-16.8      	11618     	-73.7
3424      	17:57:08  	228.0 	-42.7 	2     	36.2     	297   	32.1       	-16.7      	11625     	-73.7
3426      	17:57:10  	227.8 	-42.7 	2     	36.0     	297   	32.0       	-16.6      	11632     	-73.7
3428      	17:57:12  	227.5 	-42.7 	2     	36.0     	297   	32.0       	-16.5      	11639     	-73.8
3430      	17:57:14  	227.3 	-42.8 	2     	36.0     	297   	32.0       	-16.4      	11646     	-73.8
3432      	17:57:16  	227.1 	-42.8 	2     	36.0     	297   	32.1       	-16.2      	11653     	-73.9
3434      	17:57:18  	226.8 	-42.9 	2     	36.0     	296   	32.2       	-16.0      	11660     	-73.9
3436      	17:57:20  	226.6 	-43.0 	2     	36.0     	296   	32.3       	-15.9      	11667     	-74.0
3438      	17:57:22  	226.4 	-43.0 	2     	36.0     	296   	32.4       	-15.8      	11674     	-74.0
3440      	17:57:24  	226.1 	-43.1 	2     	36.2     	296   	32.6       	-15.7      	11681     	-74.1
3442      	17:57:26  	225.9 	-43.1 	2     	36.2     	296   	32.7       	-15.6      	11688     	-74.1
3444      	17:57:28  	225.7 	-43.2 	2     	36.2     	295   	32.8       	-15.4      	11695     	-74.1
3446      	17:57:30  	225.4 	-43.3 	2     	36.2     	295   	32.9       	-15.2      	11702     	-74.2
3448      	17:57:32  	225.2 	-43.3 	2     	36.2     	295   	32.9       	-15.0      	11709     	-74.2
3450      	17:57:34  	224.9 	-43.4 	2     	36.2     	294   	33.0       	-14.8      	11716     	-74.3
3452      	17:57:36  	224.7 	-43.4 	2     	36.1     	294   	33.0       	-14.7      	11723     	-74.3
3454      	17:57:38  	224.5 	-43.5 	2     	36.0     	294   	33.0       	-14.5      	11731     	-74.3
3456      	17:57:40  	224.2 	-43.6 	2     	36.0     	293   	33.0       	-14.3      	11738     	-74.3
3458      	17:57:42  	224.0 	-43.6 	2     	35.8     	293   	33.0       	-14.0      	11746     	-74.4
3460      	17:57:44  	223.7 	-43.7 	2     	35.7     	292   	33.0       	-13.6      	11753     	-74.4
3462      	17:57:46  	223.5 	-43.8 	2     	35.6     	292   	33.0       	-13.3      	11760     	-74.5
3464      	17:57:48  	223.2 	-43.9 	2     	35.5     	292   	33.0       	-13.0      	11767     	-74.5
3466      	17:57:50  	223.0 	-43.9 	2     	35.4     	291   	33.0       	-12.8      	11774     	-74.5
3468      	17:57:52  	222.8 	-44.0 	2     	35.4     	291   	33.1       	-12.6      	11780     	-74.6
3470      	17:57:54  	222.6 	-44.1 	2     	35.4     	290   	33.2       	-12.4      	11787     	-74.6
3472      	17:57:56  	222.4 	-44.1 	2     	35.6     	290   	33.4       	-12.3      	11793     	-74.7
3474      	17:57:58  	222.2 	-44.2 	2     	35.7     	290   	33.6       	-12.2      	11799     	-74.7
3476      	17:58:00  	222.0 	-44.2 	2     	35.8     	290   	33.7       	-12.1      	11806     	-74.8
3478      	17:58:02  	221.7 	-44.3 	2     	36.0     	290   	33.9       	-12.2      	11813     	-74.9
3480      	17:58:04  	221.5 	-44.4 	2     	36.2     	290   	34.0       	-12.3      	11819     	-74.9
3482      	17:58:06  	221.3 	-44.4 	2     	36.3     	290   	34.2       	-12.3      	11825     	-75.0
3484      	17:58:08  	221.1 	-44.5 	2     	36.4     	290   	34.3       	-12.3      	11831     	-75.1
3486      	17:58:10  	220.9 	-44.6 	2     	36.4     	290   	34.3       	-12.2      	11838     	-75.1
3488      	17:58:12  	220.7 	-44.6 	2     	36.5     	289   	34.4       	-12.1      	11844     	-75.2
3490      	17:58:14  	220.5 	-44.7 	2     	36.4     	289   	34.4       	-11.9      	11850     	-75.2
3492      	17:58:16  	220.3 	-44.8 	2     	36.2     	289   	34.3       	-11.7      	11856     	-75.2
3494      	17:58:18  	220.1 	-44.8 	2     	36.2     	289   	34.3       	-11.5      	11862     	-75.3
3496      	17:58:20  	219.9 	-44.9 	2     	36.0     	288   	34.2       	-11.4      	11869     	-75.3
3498      	17:58:22  	219.6 	-44.9 	2     	35.9     	288   	34.1       	-11.2      	11876     	-75.4
3500      	17:58:24  	219.4 	-45.0 	2     	35.8     	288   	34.1       	-11.0      	11883     	-75.4
3502      	17:58:26  	219.2 	-45.1 	2     	35.7     	288   	34.0       	-10.8      	11890     	-75.4
3504      	17:58:28  	218.9 	-45.1 	2     	35.8     	288   	34.1       	-10.8      	11897     	-75.5
3506      	17:58:30  	218.7 	-45.2 	2     	35.8     	288   	34.1       	-10.8      	11905     	-75.6
3508      	17:58:32  	218.5 	-45.2 	2     	35.8     	288   	34.1       	-10.8      	11912     	-75.7
3510      	17:58:34  	218.2 	-45.3 	2     	35.8     	287   	34.2       	-10.7      	11919     	-75.7
3512      	17:58:36  	218.0 	-45.4 	2     	35.9     	287   	34.3       	-10.6      	11926     	-75.8
3514      	17:58:38  	217.8 	-45.4 	2     	36.0     	287   	34.4       	-10.6      	11933     	-75.8
3516      	17:58:40  	217.5 	-45.5 	2     	36.1     	287   	34.5       	-10.5      	11941     	-75.9
3518      	17:58:42  	217.3 	-45.6 	2     	36.1     	287   	34.6       	-10.4      	11948     	-75.9
3520      	17:58:44  	217.0 	-45.6 	2     	36.2     	287   	34.7       	-10.3      	11955     	-76.0
3522      	17:58:46  	216.8 	-45.7 	2     	36.2     	286   	34.7       	-10.2      	11963     	-76.0
3524      	17:58:48  	216.6 	-45.8 	2     	36.2     	286   	34.8       	-10.1      	11970     	-76.0
3526      	17:58:50  	216.3 	-45.8 	2     	36.2     	286   	34.8       	-10.0      	11978     	-76.0
3528      	17:58:52  	216.1 	-45.9 	2     	36.2     	286   	34.8       	-9.9       	11985     	-76.1
3530      	17:58:54  	215.8 	-46.0 	2     	36.2     	286   	34.8       	-9.9       	11993     	-76.1
3532      	17:58:56  	215.6 	-46.1 	2     	36.2     	286   	34.8       	-9.9       	12000     	-76.1
3534      	17:58:58  	215.3 	-46.1 	2     	36.1     	286   	34.7       	-9.8       	12008     	-76.2
3536      	17:59:00  	215.1 	-46.2 	2     	36.1     	286   	34.8       	-9.7       	12015     	-76.2
3538      	17:59:02  	214.9 	-46.2 	2     	36.1     	285   	34.8       	-9.6       	12022     	-76.3
3540      	17:59:04  	214.7 	-46.3 	2     	36.1     	285   	34.8       	-9.5       	12029     	-76.3
3542      	17:59:06  	214.5 	-46.3 	2     	36.2     	285   	34.9       	-9.5       	12035     	-76.4
3544      	17:59:08  	214.3 	-46.4 	2     	36.1     	285   	34.9       	-9.4       	12041     	-76.4
3546      	17:59:10  	214.0 	-46.5 	2     	36.2     	285   	35.0       	-9.3       	12048     	-76.5
3548      	17:59:12  	213.8 	-46.5 	2     	36.2     	285   	35.0       	-9.2       	12054     	-76.5
3550      	17:59:14  	213.6 	-46.6 	2     	36.3     	285   	35.1       	-9.2       	12060     	-76.6
3552      	17:59:16  	213.4 	-46.7 	2     	36.3     	285   	35.1       	-9.1       	12067     	-76.6
3554      	17:59:18  	213.2 	-46.7 	2     	36.4     	284   	35.2       	-9.1       	12073     	-76.5
3556      	17:59:20  	213.0 	-46.8 	2     	36.4     	284   	35.2       	-9.1       	12080     	-76.6
3558      	17:59:22  	212.8 	-46.8 	2     	36.4     	284   	35.2       	-9.1       	12086     	-76.6
3560      	17:59:24  	212.6 	-46.9 	2     	36.4     	284   	35.2       	-9.1       	12092     	-76.6
3562      	17:59:26  	212.4 	-46.9 	2     	36.4     	284   	35.2       	-9.1       	12098     	-76.6
3564      	17:59:28  	212.2 	-47.0 	2     	36.4     	284   	35.2       	-9.1       	12104     	-76.6
3566      	17:59:30  	212.0 	-47.1 	2     	36.5     	284   	35.3       	-9.1       	12110     	-76.7
3568      	17:59:32  	211.8 	-47.1 	2     	36.4     	284   	35.3       	-9.0       	12117     	-76.7
3570      	17:59:34  	211.6 	-47.2 	2     	36.4     	284   	35.3       	-9.0       	12123     	-76.8
3572      	17:59:36  	211.4 	-47.3 	2     	36.4     	284   	35.3       	-9.0       	12129     	-76.9
3574      	17:59:38  	211.2 	-47.3 	2     	36.4     	284   	35.3       	-8.9       	12136     	-76.9
3576      	17:59:40  	211.0 	-47.4 	2     	36.4     	284   	35.3       	-8.9       	12142     	-77.0
3578      	17:59:42  	210.8 	-47.5 	2     	36.3     	284   	35.2       	-8.8       	12148     	-77.0
3580      	17:59:44  	210.6 	-47.6 	2     	36.3     	284   	35.2       	-8.8       	12155     	-77.1
3582      	17:59:46  	210.4 	-47.6 	2     	36.3     	284   	35.2       	-8.8       	12161     	-77.2
3584      	17:59:48  	210.2 	-47.7 	2     	36.3     	284   	35.2       	-8.7       	12167     	-77.2
3586      	17:59:50  	210.0 	-47.7 	2     	36.3     	284   	35.2       	-8.8       	12173     	-77.2
3588      	17:59:52  	209.8 	-47.8 	2     	36.3     	284   	35.2       	-8.8       	12179     	-77.2
3590      	17:59:54  	209.6 	-47.9 	2     	36.3     	284   	35.2       	-8.8       	12186     	-77.3
3592      	17:59:56  	209.4 	-47.9 	2     	36.3     	284   	35.2       	-8.8       	12192     	-77.3
3594      	17:59:58  	209.2 	-48.0 	2     	36.3     	284   	35.2       	-8.9       	12198     	-77.4
3596      	18:00:00  	209.0 	-48.0 	2     	36.3     	284   	35.2       	-8.9       	12204     	-77.4
3598      	18:00:02  	208.9 	-48.0 	2     	36.3     	284   	35.2       	-8.9       	12210     	-77.5
3600      	18:00:04  	208.7 	-48.1 	2     	36.4     	284   	35.3       	-9.0       	12216     	-77.5
3602      	18:00:06  	208.5 	-48.1 	2     	36.5     	284   	35.4       	-9.0       	12222     	-77.6
3604      	18:00:08  	208.3 	-48.2 	2     	36.6     	284   	35.4       	-9.1       	12228     	-77.6
3606      	18:00:10  	208.1 	-48.2 	2     	36.6     	284   	35.5       	-9.1       	12234     	-77.6
3608      	18:00:12  	207.9 	-48.3 	2     	36.6     	284   	35.5       	-9.1       	12241     	-77.6
3610      	18:00:14  	207.7 	-48.3 	2     	36.7     	284   	35.6       	-9.1       	12247     	-77.6
3612      	18:00:16  	207.5 	-48.4 	2     	36.8     	284   	35.7       	-9.1       	12253     	-77.7
3614      	18:00:18  	207.3 	-48.4 	2     	36.9     	284   	35.7       	-9.2       	12259     	-77.7
3616      	18:00:20  	207.1 	-48.5 	2     	37.0     	285   	35.8       	-9.3       	12265     	-77.7
3618      	18:00:22  	206.9 	-48.5 	2     	37.1     	285   	35.9       	-9.3       	12271     	-77.7
3620      	18:00:24  	206.8 	-48.6 	2     	37.2     	285   	36.0       	-9.4       	12277     	-77.8
3622      	18:00:26  	206.6 	-48.6 	2     	37.2     	285   	36.0       	-9.5       	12283     	-77.8
3624      	18:00:28  	206.4 	-48.6 	2     	37.4     	285   	36.1       	-9.6       	12289     	-77.9
3626      	18:00:30  	206.2 	-48.7 	2     	37.4     	285   	36.1       	-9.9       	12295     	-77.9
3628      	18:00:32  	206.0 	-48.7 	2     	37.6     	286   	36.2       	-10.2      	12301     	-78.0
3630      	18:00:34  	205.8 	-48.8 	2     	37.8     	286   	36.3       	-10.5      	12308     	-78.0
3632      	18:00:36  	205.6 	-48.8 	2     	37.9     	287   	36.3       	-10.8      	12314     	-78.1
3634      	18:00:38  	205.4 	-48.9 	2     	37.9     	287   	36.3       	-11.0      	12321     	-78.1
3636      	18:00:40  	205.2 	-48.9 	2     	38.0     	287   	36.3       	-11.2      	12327     	-78.2
3638      	18:00:42  	205.0 	-49.0 	2     	38.0     	288   	36.2       	-11.6      	12334     	-78.2
3640      	18:00:44  	204.8 	-49.0 	2     	38.1     	288   	36.2       	-12.0      	12340     	-78.2
3642      	18:00:46  	204.6 	-49.0 	2     	38.2     	289   	36.1       	-12.5      	12347     	-78.3
3644      	18:00:48  	204.4 	-49.1 	2     	38.2     	290   	36.0       	-12.8      	12353     	-78.3
3646      	18:00:50  	204.2 	-49.1 	2     	38.2     	290   	35.9       	-13.0      	12360     	-78.3
3648      	18:00:52  	204.0 	-49.1 	2     	38.2     	290   	35.8       	-13.2      	12366     	-78.4
3650      	18:00:54  	203.8 	-49.2 	2     	38.3     	291   	35.8       	-13.5      	12372     	-78.4
3652      	18:00:56  	203.6 	-49.2 	2     	38.4     	291   	35.8       	-13.9      	12379     	-78.4
3654      	18:00:58  	203.4 	-49.2 	2     	38.6     	292   	35.8       	-14.3      	12385     	-78.4
3656      	18:01:00  	203.2 	-49.2 	2     	38.8     	292   	35.9       	-14.8      	12391     	-78.5
3658      	18:01:02  	203.0 	-49.2 	2     	39.0     	293   	36.0       	-15.1      	12397     	-78.5
3660      	18:01:04  	202.8 	-49.3 	2     	39.2     	293   	36.1       	-15.3      	12403     	-78.5
3662      	18:01:06  	202.6 	-49.3 	2     	39.4     	293   	36.2       	-15.6      	12409     	-78.6
3664      	18:01:08  	202.4 	-49.3 	2     	39.5     	294   	36.2       	-15.9      	12415     	-78.6
3666      	18:01:10  	202.3 	-49.3 	2     	39.6     	294   	36.2       	-16.1      	12421     	-78.6
3668      	18:01:12  	202.1 	-49.4 	2     	39.7     	294   	36.1       	-16.4      	12426     	-78.6
3670      	18:01:14  	201.9 	-49.4 	2     	39.5     	295   	35.9       	-16.5      	12432     	-78.6
3672      	18:01:16  	201.7 	-49.4 	2     	39.4     	295   	35.7       	-16.6      	12438     	-78.6
3674      	18:01:18  	201.5 	-49.4 	2     	39.2     	295   	35.5       	-16.6      	12444     	-78.5
3676      	18:01:20  	201.4 	-49.4 	2     	39.0     	295   	35.3       	-16.6      	12450     	-78.5
3678      	18:01:22  	201.2 	-49.5 	2     	38.6     	295   	34.9       	-16.6      	12456     	-78.5
3680      	18:01:24  	201.0 	-49.5 	2     	38.4     	296   	34.6       	-16.6      	12462     	-78.5
3682      	18:01:26  	200.8 	-49.5 	2     	38.1     	296   	34.3       	-16.5      	12468     	-78.5
3684      	18:01:28  	200.6 	-49.5 	2     	37.8     	296   	34.0       	-16.5      	12474     	-78.5
3686      	18:01:30  	200.5 	-49.5 	2     	37.7     	296   	33.9       	-16.5      	12480     	-78.6
3688      	18:01:32  	200.3 	-49.6 	2     	37.6     	296   	33.8       	-16.4      	12485     	-78.6
3690      	18:01:34  	200.1 	-49.6 	2     	37.4     	296   	33.6       	-16.5      	12491     	-78.7
3692      	18:01:36  	199.9 	-49.6 	2     	37.5     	296   	33.6       	-16.7      	12497     	-78.7
3694      	18:01:38  	199.7 	-49.6 	2     	37.5     	297   	33.5       	-16.9      	12503     	-78.8
3696      	18:01:40  	199.5 	-49.7 	2     	37.5     	297   	33.4       	-17.1      	12509     	-78.8
3698      	18:01:42  	199.4 	-49.7 	2     	37.6     	297   	33.4       	-17.3      	12515     	-78.8
3700      	18:01:44  	199.2 	-49.7 	2     	37.8     	298   	33.5       	-17.5      	12521     	-78.8
3702      	18:01:46  	199.0 	-49.7 	2     	37.9     	298   	33.5       	-17.7      	12527     	-78.8
3704      	18:01:48  	198.8 	-49.7 	2     	37.9     	298   	33.4       	-18.0      	12532     	-78.8
3706      	18:01:50  	198.7 	-49.7 	2     	38.1     	299   	33.4       	-18.3      	12538     	-78.8
3708      	18:01:52  	198.5 	-49.8 	2     	38.1     	299   	33.3       	-18.6      	12544     	-78.8
3710      	18:01:54  	198.3 	-49.8 	2     	38.2     	300   	33.2       	-18.8      	12551     	-78.9
3712      	18:01:56  	198.1 	-49.8 	2     	38.1     	300   	33.1       	-18.9      	12557     	-78.9
3714      	18:01:58  	197.9 	-49.8 	2     	38.1     	300   	33.0       	-19.0      	12563     	-78.9
3716      	18:02:00  	197.7 	-49.8 	2     	37.9     	300   	32.8       	-19.0      	12569     	-78.9
3718      	18:02:02  	197.6 	-49.8 	2     	37.7     	300   	32.5       	-19.1      	12575     	-78.9
3720      	18:02:04  	197.4 	-49.8 	2     	37.5     	301   	32.3       	-19.1      	12581     	-78.9
3722      	18:02:06  	197.2 	-49.8 	2     	37.3     	301   	32.0       	-19.2      	12587     	-78.9
3724      	18:02:08  	197.0 	-49.8 	2     	37.2     	301   	31.9       	-19.2      	12593     	-78.9
3726      	18:02:10  	196.8 	-49.8 	2     	37.1     	301   	31.8       	-19.1      	12599     	-78.9
3728      	18:02:12  	196.6 	-49.8 	2     	36.8     	301   	31.5       	-19.1      	12606     	-79.0
3730      	18:02:14  	196.4 	-49.8 	2     	36.5     	301   	31.2       	-19.0      	12612     	-79.0
3732      	18:02:16  	196.3 	-49.9 	2     	36.3     	301   	31.0       	-18.9      	12618     	-79.0
3734      	18:02:18  	196.1 	-49.9 	2     	36.0     	301   	30.7       	-18.8      	12624     	-79.0
3736      	18:02:20  	195.9 	-49.9 	2     	35.8     	302   	30.5       	-18.8      	12630     	-79.0
3738      	18:02:22  	195.7 	-49.9 	2     	35.7     	302   	30.4       	-18.7      	12636     	-79.0
3740      	18:02:24  	195.5 	-49.9 	2     	35.5     	302   	30.2       	-18.7      	12642     	-78.9
3742      	18:02:26  	195.3 	-49.9 	2     	35.3     	302   	30.0       	-18.6      	12648     	-78.9
3744      	18:02:28  	195.2 	-49.9 	2     	35.1     	302   	29.8       	-18.6      	12655     	-78.9
3746      	18:02:30  	195.0 	-49.9 	2     	34.8     	302   	29.5       	-18.5      	12661     	-78.9
3748      	18:02:32  	194.8 	-49.9 	2     	34.7     	302   	29.4       	-18.5      	12667     	-78.9
3750      	18:02:34  	194.6 	-50.0 	2     	34.7     	302   	29.3       	-18.5      	12674     	-78.9
3752      	18:02:36  	194.4 	-50.0 	2     	34.7     	302   	29.3       	-18.5      	12681     	-79.0
3754      	18:02:38  	194.2 	-50.0 	2     	34.5     	302   	29.2       	-18.4      	12687     	-79.0
3756      	18:02:40  	194.0 	-50.0 	2     	34.5     	302   	29.2       	-18.4      	12693     	-79.0
3758      	18:02:42  	193.8 	-50.0 	2     	34.5     	302   	29.2       	-18.3      	12699     	-79.0
3760      	18:02:44  	193.6 	-50.1 	2     	34.5     	302   	29.2       	-18.3      	12705     	-79.0
3762      	18:02:46  	193.5 	-50.1 	2     	34.5     	302   	29.3       	-18.2      	12712     	-79.0
3764      	18:02:48  	193.3 	-50.1 	2     	34.6     	302   	29.4       	-18.2      	12718     	-79.0
3766      	18:02:50  	193.1 	-50.1 	2     	34.6     	302   	29.5       	-18.1      	12724     	-79.0
3768      	18:02:52  	192.9 	-50.2 	2     	34.7     	301   	29.7       	-18.0      	12730     	-79.0
3770      	18:02:54  	192.7 	-50.2 	2     	34.8     	301   	29.9       	-17.8      	12736     	-79.0
3772      	18:02:56  	192.5 	-50.2 	2     	34.9     	300   	30.1       	-17.7      	12743     	-79.1
3774      	18:02:58  	192.4 	-50.2 	2     	35.0     	300   	30.3       	-17.6      	12749     	-79.1
3776      	18:03:00  	192.2 	-50.2 	2     	35.1     	300   	30.4       	-17.5      	12756     	-79.2
3778      	18:03:02  	192.0 	-50.3 	2     	35.1     	300   	30.5       	-17.4      	12762     	-79.2
3780      	18:03:04  	191.8 	-50.3 	2     	35.2     	299   	30.7       	-17.3      	12769     	-79.2
3782      	18:03:06  	191.6 	-50.3 	2     	35.3     	299   	30.8       	-17.2      	12775     	-79.2
3784      	18:03:08  	191.4 	-50.3 	2     	35.3     	299   	30.9       	-17.1      	12782     	-79.2
3786      	18:03:10  	191.2 	-50.3 	2     	35.4     	299   	31.1       	-17.0      	12788     	-79.2
3788      	18:03:12  	191.0 	-50.4 	2     	35.4     	299   	31.1       	-17.0      	12795     	-79.2
3790      	18:03:14  	190.8 	-50.4 	2     	35.4     	299   	31.1       	-17.0      	12802     	-79.2
3792      	18:03:16  	190.6 	-50.4 	2     	35.4     	299   	31.1       	-17.0      	12808     	-79.2
3794      	18:03:18  	190.4 	-50.4 	2     	35.4     	299   	31.0       	-17.0      	12815     	-79.2
3796      	18:03:20  	190.2 	-50.5 	2     	35.3     	299   	31.0       	-16.9      	12821     	-79.2
3798      	18:03:22  	190.1 	-50.5 	2     	35.3     	298   	31.0       	-16.8      	12827     	-79.2
3800      	18:03:24  	189.9 	-50.5 	2     	35.2     	299   	30.9       	-16.8      	12834     	-79.3
3802      	18:03:26  	189.7 	-50.6 	2     	35.2     	299   	30.9       	-16.8      	12841     	-79.3
3804      	18:03:28  	189.5 	-50.6 	2     	35.1     	298   	30.9       	-16.7      	12847     	-79.3
3806      	18:03:30  	189.3 	-50.6 	2     	35.0     	298   	30.8       	-16.7      	12854     	-79.3
3808      	18:03:32  	189.1 	-50.6 	2     	34.9     	299   	30.7       	-16.7      	12861     	-79.3
3810      	18:03:34  	188.9 	-50.6 	2     	34.9     	299   	30.6       	-16.7      	12867     	-79.3
3812      	18:03:36  	188.7 	-50.6 	2     	34.8     	299   	30.5       	-16.8      	12874     	-79.3
3814      	18:03:38  	188.5 	-50.7 	2     	34.7     	299   	30.4       	-16.8      	12880     	-79.3
3816      	18:03:40  	188.3 	-50.7 	2     	34.7     	299   	30.3       	-16.9      	12887     	-79.3
3818      	18:03:42  	188.1 	-50.8 	2     	34.6     	299   	30.2       	-16.9      	12893     	-79.4
3820      	18:03:44  	187.9 	-50.8 	2     	34.6     	299   	30.1       	-17.0      	12900     	-79.4
3822      	18:03:46  	187.8 	-50.8 	2     	34.5     	300   	30.0       	-17.1      	12907     	-79.4
3824      	18:03:48  	187.6 	-50.9 	2     	34.5     	300   	29.9       	-17.2      	12914     	-79.4
3826      	18:03:50  	187.4 	-50.9 	2     	34.4     	300   	29.8       	-17.2      	12920     	-79.4
3828      	18:03:52  	187.2 	-51.0 	2     	34.5     	300   	29.8       	-17.3      	12926     	-79.5
3830      	18:03:54  	187.0 	-51.0 	2     	34.4     	300   	29.7       	-17.3      	12933     	-79.5
3832      	18:03:56  	186.8 	-51.0 	2     	34.3     	300   	29.6       	-17.3      	12940     	-79.5
3834      	18:03:58  	186.6 	-51.1 	2     	34.2     	301   	29.5       	-17.4      	12947     	-79.5
3836      	18:04:00  	186.4 	-51.1 	2     	34.2     	301   	29.4       	-17.5      	12954     	-79.6
3838      	18:04:02  	186.2 	-51.2 	2     	34.0     	301   	29.2       	-17.5      	12960     	-79.6
3840      	18:04:04  	186.0 	-51.2 	2     	34.0     	301   	29.2       	-17.5      	12967     	-79.7
3842      	18:04:06  	185.8 	-51.3 	2     	34.0     	301   	29.1       	-17.6      	12973     	-79.7
3844      	18:04:08  	185.7 	-51.4 	2     	33.9     	301   	29.0       	-17.6      	12980     	-79.8
3846      	18:04:10  	185.5 	-51.4 	2     	33.8     	301   	28.9       	-17.5      	12986     	-79.8
3848      	18:04:12  	185.3 	-51.5 	2     	33.8     	301   	28.9       	-17.5      	12993     	-79.9
3850      	18:04:14  	185.1 	-51.5 	2     	33.7     	301   	28.8       	-17.5      	12999     	-79.9
3852      	18:04:16  	184.9 	-51.6 	2     	33.6     	301   	28.8       	-17.4      	13006     	-80.0
3854      	18:04:18  	184.7 	-51.6 	2     	33.7     	301   	28.9       	-17.3      	13012     	-80.0
3856      	18:04:20  	184.5 	-51.7 	2     	33.7     	301   	28.9       	-17.3      	13019     	-80.1
3858      	18:04:22  	184.4 	-51.7 	2     	33.6     	301   	28.9       	-17.1      	13025     	-80.1
3860      	18:04:24  	184.2 	-51.8 	2     	33.6     	300   	29.0       	-16.9      	13032     	-80.1
3862      	18:04:26  	184.0 	-51.8 	2     	33.5     	300   	29.0       	-16.7      	13039     	-80.1
3864      	18:04:28  	183.8 	-51.9 	2     	33.4     	300   	29.0       	-16.5      	13046     	-80.1
3866      	18:04:30  	183.6 	-51.9 	2     	33.3     	299   	29.0       	-16.3      	13053     	-80.1
3868      	18:04:32  	183.4 	-52.0 	2     	33.2     	299   	29.0       	-16.2      	13059     	-80.1
3870      	18:04:34  	183.2 	-52.0 	2     	33.1     	299   	29.0       	-16.0      	13066     	-80.1
3872      	18:04:36  	183.0 	-52.1 	2     	33.0     	299   	29.0       	-15.8      	13072     	-80.2
3874      	18:04:38  	182.8 	-52.1 	2     	32.8     	298   	28.9       	-15.5      	13079     	-80.2
3876      	18:04:40  	182.7 	-52.2 	2     	32.7     	298   	28.9       	-15.2      	13085     	-80.2
3878      	18:04:42  	182.5 	-52.2 	2     	32.6     	298   	28.9       	-15.1      	13092     	-80.2
3880      	18:04:44  	182.3 	-52.3 	2     	32.4     	297   	28.8       	-14.9      	13099     	-80.3
3882      	18:04:46  	182.1 	-52.4 	2     	32.4     	297   	28.8       	-14.8      	13105     	-80.3
3884      	18:04:48  	181.9 	-52.4 	2     	32.2     	297   	28.7       	-14.6      	13112     	-80.4
3886      	18:04:50  	181.7 	-52.5 	2     	32.2     	297   	28.7       	-14.5      	13119     	-80.5
3888      	18:04:52  	181.5 	-52.6 	2     	32.0     	297   	28.6       	-14.4      	13126     	-80.5
3890      	18:04:54  	181.3 	-52.6 	2     	31.9     	297   	28.5       	-14.3      	13133     	-80.6
3892      	18:04:56  	181.1 	-52.7 	2     	31.9     	297   	28.5       	-14.3      	13140     	-80.7
3894      	18:04:58  	180.9 	-52.7 	2     	31.9     	297   	28.5       	-14.3      	13146     	-80.7
3896      	18:05:00  	180.7 	-52.8 	2     	31.8     	297   	28.4       	-14.4      	13153     	-80.8
3898      	18:05:02  	180.6 	-52.8 	2     	31.8     	297   	28.4       	-14.4      	13160     	-80.8
3900      	18:05:04  	180.4 	-52.9 	2     	31.8     	297   	28.4       	-14.4      	13167     	-80.9
3902      	18:05:06  	180.2 	-52.9 	2     	31.8     	297   	28.4       	-14.4      	13174     	-80.9
3904      	18:05:08  	180.0 	-53.0 	2     	31.8     	297   	28.4       	-14.4      	13181     	-81.0
3906      	18:05:10  	179.8 	-53.1 	2     	31.8     	297   	28.4       	-14.4      	13188     	-81.0
3908      	18:05:12  	179.6 	-53.1 	2     	31.8     	297   	28.4       	-14.4      	13195     	-81.0
3910      	18:05:14  	179.4 	-53.2 	2     	31.8     	297   	28.4       	-14.2      	13202     	-81.1
3912      	18:05:16  	179.2 	-53.2 	2     	31.7     	296   	28.4       	-14.1      	13209     	-81.1
3914      	18:05:18  	179.0 	-53.3 	2     	31.6     	296   	28.4       	-13.9      	13216     	-81.1
3916      	18:05:20  	178.8 	-53.4 	2     	31.5     	296   	28.3       	-13.8      	13223     	-81.1
3918      	18:05:22  	178.6 	-53.4 	2     	31.4     	296   	28.3       	-13.7      	13229     	-81.1
3920      	18:05:24  	178.4 	-53.4 	2     	31.4     	296   	28.3       	-13.5      	13237     	-81.2
3922      	18:05:26  	178.2 	-53.5 	2     	31.3     	295   	28.4       	-13.2      	13244     	-81.2
3924      	18:05:28  	178.0 	-53.5 	2     	31.3     	294   	28.5       	-12.9      	13251     	-81.2
3926      	18:05:30  	177.8 	-53.6 	2     	31.3     	294   	28.7       	-12.6      	13257     	-81.2
3928      	18:05:32  	177.7 	-53.6 	2     	31.3     	293   	28.8       	-12.3      	13264     	-81.3
3930      	18:05:34  	177.5 	-53.7 	2     	31.3     	293   	28.9       	-12.1      	13270     	-81.4
3932      	18:05:36  	177.3 	-53.7 	2     	31.5     	292   	29.1       	-12.0      	13277     	-81.4
3934      	18:05:38  	177.1 	-53.8 	2     	31.5     	292   	29.3       	-11.7      	13284     	-81.5
3936      	18:05:40  	176.9 	-53.8 	2     	31.5     	291   	29.4       	-11.4      	13291     	-81.5
3938      	18:05:42  	176.7 	-53.9 	2     	31.5     	290   	29.5       	-11.0      	13298     	-81.6
3940      	18:05:44  	176.5 	-53.9 	2     	31.4     	290   	29.6       	-10.6      	13305     	-81.6
3942      	18:05:46  	176.4 	-54.0 	2     	31.3     	289   	29.6       	-10.3      	13312     	-81.6
3944      	18:05:48  	176.2 	-54.0 	2     	31.3     	289   	29.6       	-10.1      	13319     	-81.6
3946      	18:05:50  	176.0 	-54.1 	2     	31.1     	289   	29.5       	-9.9       	13326     	-81.6
3948      	18:05:52  	175.8 	-54.1 	2     	31.1     	288   	29.6       	-9.6       	13332     	-81.6
3950      	18:05:54  	175.6 	-54.1 	2     	31.2     	287   	29.8       	-9.3       	13339     	-81.6
3952      	18:05:56  	175.4 	-54.2 	2     	31.3     	287   	29.9       	-9.1       	13346     	-81.6
3954      	18:05:58  	175.2 	-54.2 	2     	31.3     	287   	30.0       	-8.9       	13353     	-81.7
3956      	18:06:00  	175.0 	-54.2 	2     	31.5     	286   	30.2       	-8.8       	13360     	-81.7
3958      	18:06:02  	174.8 	-54.2 	2     	31.6     	286   	30.4       	-8.8       	13367     	-81.7
3960      	18:06:04  	174.6 	-54.3 	2     	31.8     	286   	30.6       	-8.7       	13374     	-81.8
3962      	18:06:06  	174.5 	-54.3 	2     	31.9     	286   	30.7       	-8.6       	13381     	-81.9
3964      	18:06:08  	174.3 	-54.4 	2     	31.9     	285   	30.8       	-8.4       	13388     	-81.9
3966      	18:06:10  	174.1 	-54.4 	2     	32.0     	285   	30.9       	-8.2       	13394     	-81.9
3968      	18:06:12  	173.9 	-54.5 	2     	31.9     	285   	30.9       	-8.1       	13401     	-82.0
3970      	18:06:14  	173.7 	-54.5 	2     	31.9     	285   	30.9       	-8.0       	13407     	-82.0
3972      	18:06:16  	173.6 	-54.5 	2     	31.9     	284   	30.9       	-7.9       	13414     	-82.0
3974      	18:06:18  	173.4 	-54.5 	2     	32.1     	284   	31.1       	-7.9       	13421     	-82.0
3976      	18:06:20  	173.2 	-54.6 	2     	32.3     	284   	31.3       	-7.9       	13427     	-82.0
3978      	18:06:22  	173.0 	-54.7 	2     	32.6     	284   	31.6       	-7.9       	13433     	-82.1
3980      	18:06:24  	172.9 	-54.7 	2     	32.8     	284   	31.8       	-8.0       	13440     	-82.1
3982      	18:06:26  	172.7 	-54.7 	2     	33.1     	284   	32.1       	-8.1       	13446     	-82.2
3984      	18:06:28  	172.5 	-54.8 	2     	33.4     	284   	32.4       	-8.2       	13453     	-82.2
3986      	18:06:30  	172.3 	-54.8 	2     	33.7     	284   	32.6       	-8.4       	13460     	-82.2
3988      	18:06:32  	172.1 	-54.9 	2     	34.0     	284   	32.9       	-8.5       	13466     	-82.2
3990      	18:06:34  	172.0 	-54.9 	2     	34.2     	285   	33.1       	-8.6       	13473     	-82.3
3992      	18:06:36  	171.8 	-55.0 	2     	34.4     	285   	33.3       	-8.7       	13480     	-82.3
3994      	18:06:38  	171.6 	-55.0 	2     	34.4     	284   	33.3       	-8.6       	13486     	-82.4
3996      	18:06:40  	171.4 	-55.1 	2     	34.4     	284   	33.3       	-8.6       	13493     	-82.4
3998      	18:06:42  	171.2 	-55.1 	2     	34.3     	285   	33.2       	-8.6       	13500     	-82.5
4000      	18:06:44  	171.1 	-55.2 	2     	34.3     	285   	33.2       	-8.6       	13507     	-82.6
4002      	18:06:46  	170.9 	-55.2 	2     	34.3     	285   	33.2       	-8.7       	13514     	-82.6
4004      	18:06:48  	170.7 	-55.3 	2     	34.2     	285   	33.1       	-8.7       	13520     	-82.7
4006      	18:06:50  	170.5 	-55.3 	2     	34.2     	285   	33.1       	-8.7       	13527     	-82.8
4008      	18:06:52  	170.3 	-55.3 	2     	34.2     	285   	33.1       	-8.8       	13533     	-82.8
4010      	18:06:54  	170.2 	-55.4 	2     	34.4     	285   	33.2       	-8.9       	13540     	-82.8
4012      	18:06:56  	170.0 	-55.4 	2     	34.4     	285   	33.2       	-9.0       	13546     	-82.8
4014      	18:06:58  	169.8 	-55.4 	2     	34.4     	285   	33.2       	-9.1       	13553     	-82.8
4016      	18:07:00  	169.6 	-55.5 	2     	34.4     	286   	33.1       	-9.2       	13560     	-82.8
4018      	18:07:02  	169.5 	-55.5 	2     	34.4     	286   	33.1       	-9.3       	13566     	-82.8
4020      	18:07:04  	169.3 	-55.5 	2     	34.4     	286   	33.1       	-9.4       	13573     	-82.9
4022      	18:07:06  	169.1 	-55.6 	2     	34.4     	286   	33.1       	-9.5       	13580     	-82.9
4024      	18:07:08  	168.9 	-55.6 	2     	34.3     	286   	33.0       	-9.5       	13586     	-82.9
4026      	18:07:10  	168.8 	-55.7 	2     	34.4     	286   	33.1       	-9.4       	13593     	-82.9
4028      	18:07:12  	168.6 	-55.7 	2     	34.4     	286   	33.1       	-9.3       	13600     	-82.9
4030      	18:07:14  	168.4 	-55.8 	2     	34.5     	285   	33.2       	-9.2       	13606     	-82.9
4032      	18:07:16  	168.2 	-55.8 	2     	34.4     	285   	33.2       	-9.0       	13613     	-83.0
4034      	18:07:18  	168.0 	-55.9 	2     	34.4     	285   	33.3       	-8.8       	13620     	-83.0
4036      	18:07:20  	167.9 	-55.9 	2     	34.5     	284   	33.4       	-8.6       	13626     	-83.1
4038      	18:07:22  	167.7 	-56.0 	2     	34.5     	284   	33.5       	-8.4       	13633     	-83.1
4040      	18:07:24  	167.5 	-56.0 	2     	34.6     	284   	33.6       	-8.1       	13640     	-83.1
4042      	18:07:26  	167.3 	-56.0 	2     	34.7     	283   	33.8       	-7.9       	13647     	-83.1
4044      	18:07:28  	167.1 	-56.1 	2     	34.7     	283   	33.9       	-7.6       	13654     	-83.2
4046      	18:07:30  	167.0 	-56.1 	2     	34.8     	282   	34.0       	-7.4       	13661     	-83.2
4048      	18:07:32  	166.8 	-56.2 	2     	34.9     	282   	34.1       	-7.4       	13667     	-83.2
4050      	18:07:34  	166.6 	-56.3 	2     	35.0     	282   	34.2       	-7.3       	13674     	-83.2
4052      	18:07:36  	166.4 	-56.3 	2     	35.0     	282   	34.3       	-7.1       	13681     	-83.2
4054      	18:07:38  	166.3 	-56.4 	2     	35.2     	281   	34.5       	-6.9       	13688     	-83.2
4056      	18:07:40  	166.1 	-56.4 	2     	35.3     	281   	34.7       	-6.7       	13695     	-83.2
4058      	18:07:42  	165.9 	-56.5 	2     	35.4     	281   	34.8       	-6.6       	13701     	-83.2
4060      	18:07:44  	165.7 	-56.5 	2     	35.5     	281   	34.9       	-6.5       	13708     	-83.3
4062      	18:07:46  	165.6 	-56.6 	2     	35.6     	280   	35.0       	-6.4       	13715     	-83.3
4064      	18:07:48  	165.4 	-56.6 	2     	35.6     	280   	35.1       	-6.2       	13721     	-83.3
4066      	18:07:50  	165.2 	-56.7 	2     	35.6     	280   	35.1       	-6.1       	13728     	-83.3
4068      	18:07:52  	165.0 	-56.7 	2     	35.6     	280   	35.1       	-5.9       	13735     	-83.4
4070      	18:07:54  	164.8 	-56.8 	2     	35.6     	279   	35.1       	-5.8       	13742     	-83.4
4072      	18:07:56  	164.7 	-56.8 	2     	35.6     	279   	35.1       	-5.7       	13749     	-83.5
4074      	18:07:58  	164.5 	-56.9 	2     	35.5     	279   	35.0       	-5.7       	13755     	-83.5
4076      	18:08:00  	164.3 	-56.9 	2     	35.4     	279   	35.0       	-5.6       	13762     	-83.5
4078      	18:08:02  	164.2 	-56.9 	2     	35.5     	279   	35.0       	-5.7       	13769     	-83.6
4080      	18:08:04  	164.0 	-57.0 	2     	35.5     	279   	35.0       	-5.8       	13775     	-83.6
4082      	18:08:06  	163.8 	-57.1 	2     	35.5     	279   	35.0       	-5.8       	13782     	-83.7
4084      	18:08:08  	163.7 	-57.1 	2     	35.5     	280   	35.0       	-5.9       	13788     	-83.7
4086      	18:08:10  	163.5 	-57.2 	2     	35.6     	280   	35.1       	-6.1       	13794     	-83.7
4088      	18:08:12  	163.3 	-57.2 	2     	35.6     	280   	35.1       	-6.2       	13800     	-83.8
4090      	18:08:14  	163.2 	-57.3 	2     	35.8     	280   	35.2       	-6.4       	13807     	-83.8
4092      	18:08:16  	163.0 	-57.3 	2     	35.9     	281   	35.3       	-6.6       	13813     	-83.8
4094      	18:08:18  	162.8 	-57.3 	2     	36.1     	281   	35.4       	-6.9       	13820     	-83.8
4096      	18:08:20  	162.7 	-57.4 	2     	36.2     	281   	35.5       	-7.1       	13826     	-83.8
4098      	18:08:22  	162.5 	-57.4 	2     	36.3     	281   	35.6       	-7.2       	13832     	-83.8
4100      	18:08:24  	162.3 	-57.5 	2     	36.3     	282   	35.6       	-7.3       	13839     	-83.9
4102      	18:08:26  	162.2 	-57.5 	2     	36.4     	282   	35.6       	-7.4       	13845     	-83.9
4104      	18:08:28  	162.0 	-57.6 	2     	36.3     	282   	35.5       	-7.6       	13851     	-83.9
4106      	18:08:30  	161.9 	-57.6 	2     	36.2     	282   	35.4       	-7.7       	13857     	-84.0
4108      	18:08:32  	161.7 	-57.7 	2     	36.2     	283   	35.3       	-7.9       	13863     	-84.1
4110      	18:08:34  	161.6 	-57.7 	2     	36.0     	283   	35.1       	-8.0       	13869     	-84.2
4112      	18:08:36  	161.4 	-57.7 	2     	35.9     	283   	35.0       	-8.1       	13875     	-84.2
4114      	18:08:38  	161.2 	-57.8 	2     	35.8     	283   	34.8       	-8.2       	13881     	-84.2
4116      	18:08:40  	161.1 	-57.8 	2     	35.7     	283   	34.7       	-8.2       	13887     	-84.3
4118      	18:08:42  	160.9 	-57.9 	2     	35.5     	284   	34.5       	-8.3       	13893     	-84.3
4120      	18:08:44  	160.8 	-57.9 	2     	35.3     	284   	34.3       	-8.3       	13900     	-84.3
4122      	18:08:46  	160.6 	-57.9 	2     	35.1     	284   	34.1       	-8.4       	13906     	-84.3
4124      	18:08:48  	160.5 	-58.0 	2     	35.1     	284   	34.1       	-8.3       	13911     	-84.3
4126      	18:08:50  	160.3 	-58.0 	2     	35.1     	284   	34.1       	-8.3       	13917     	-84.3
4128      	18:08:52  	160.2 	-58.0 	2     	35.0     	284   	34.0       	-8.3       	13923     	-84.4
4130      	18:08:54  	160.0 	-58.1 	2     	34.9     	284   	33.9       	-8.3       	13929     	-84.4
4132      	18:08:56  	159.9 	-58.1 	2     	34.8     	284   	33.8       	-8.4       	13935     	-84.4
4134      	18:08:58  	159.7 	-58.1 	2     	34.7     	284   	33.7       	-8.4       	13941     	-84.4
4136      	18:09:00  	159.6 	-58.2 	2     	34.8     	284   	33.7       	-8.5       	13947     	-84.4
4138      	18:09:02  	159.4 	-58.2 	2     	34.7     	284   	33.6       	-8.5       	13953     	-84.4
4140      	18:09:04  	159.3 	-58.2 	2     	34.6     	284   	33.5       	-8.6       	13959     	-84.4
4142      	18:09:06  	159.1 	-58.2 	2     	34.5     	285   	33.4       	-8.7       	13965     	-84.4
4144      	18:09:08  	159.0 	-58.3 	2     	34.4     	285   	33.2       	-8.9       	13972     	-84.4
4146      	18:09:10  	158.8 	-58.3 	2     	34.2     	285   	33.0       	-9.0       	13978     	-84.4
4148      	18:09:12  	158.6 	-58.3 	2     	34.1     	286   	32.8       	-9.2       	13984     	-84.4
4150      	18:09:14  	158.5 	-58.4 	2     	34.0     	286   	32.7       	-9.3       	13989     	-84.4
4152      	18:09:16  	158.3 	-58.4 	2     	33.9     	286   	32.6       	-9.4       	13996     	-84.5
4154      	18:09:18  	158.2 	-58.4 	2     	33.8     	286   	32.4       	-9.5       	14002     	-84.5
4156      	18:09:20  	158.0 	-58.5 	2     	33.5     	287   	32.1       	-9.7       	14008     	-84.5
4158      	18:09:22  	157.9 	-58.5 	2     	33.3     	287   	31.8       	-9.9       	14015     	-84.5
4160      	18:09:24  	157.7 	-58.6 	2     	33.2     	288   	31.6       	-10.1      	14021     	-84.6
4162      	18:09:26  	157.6 	-58.6 	2     	33.0     	288   	31.4       	-10.2      	14027     	-84.6
4164      	18:09:28  	157.4 	-58.6 	2     	32.8     	288   	31.2       	-10.2      	14034     	-84.6
4166      	18:09:30  	157.2 	-58.7 	2     	32.8     	288   	31.1       	-10.3      	14040     	-84.7
4168      	18:09:32  	157.1 	-58.7 	2     	32.6     	289   	30.9       	-10.4      	14046     	-84.7
4170      	18:09:34  	156.9 	-58.7 	2     	32.4     	289   	30.6       	-10.6      	14052     	-84.7
4172      	18:09:36  	156.8 	-58.8 	2     	32.3     	290   	30.4       	-10.8      	14058     	-84.8
4174      	18:09:38  	156.6 	-58.8 	2     	32.1     	290   	30.2       	-10.9      	14065     	-84.8
4176      	18:09:40  	156.5 	-58.9 	2     	32.0     	290   	30.1       	-11.0      	14071     	-84.8
4178      	18:09:42  	156.3 	-58.9 	2     	32.0     	290   	30.0       	-11.2      	14077     	-84.9
4180      	18:09:44  	156.1 	-58.9 	2     	32.0     	291   	29.9       	-11.3      	14084     	-84.9
4182      	18:09:46  	156.0 	-59.0 	2     	31.8     	291   	29.7       	-11.4      	14090     	-84.9
4184      	18:09:48  	155.8 	-59.0 	2     	31.8     	291   	29.6       	-11.6      	14096     	-84.9
4186      	18:09:50  	155.7 	-59.0 	2     	31.8     	292   	29.5       	-11.8      	14102     	-85.0
4188      	18:09:52  	155.5 	-59.1 	2     	31.7     	292   	29.4       	-11.8      	14109     	-85.0
4190      	18:09:54  	155.4 	-59.1 	2     	31.7     	292   	29.4       	-11.9      	14115     	-85.0
4192      	18:09:56  	155.2 	-59.2 	2     	31.7     	292   	29.4       	-11.9      	14121     	-85.1
4194      	18:09:58  	155.1 	-59.2 	2     	31.7     	292   	29.4       	-11.9      	14127     	-85.1
4196      	18:10:00  	154.9 	-59.2 	2     	31.7     	292   	29.4       	-11.9      	14133     	-85.1
4198      	18:10:02  	154.8 	-59.3 	2     	31.8     	292   	29.5       	-11.9      	14138     	-85.2
4200      	18:10:04  	154.6 	-59.3 	2     	31.8     	292   	29.5       	-11.9      	14144     	-85.2
4202      	18:10:06  	154.5 	-59.4 	2     	31.8     	292   	29.5       	-11.8      	14150     	-85.2
4204      	18:10:08  	154.3 	-59.4 	2     	31.9     	292   	29.6       	-11.8      	14156     	-85.2
4206      	18:10:10  	154.2 	-59.5 	2     	32.0     	292   	29.7       	-11.8      	14163     	-85.3
4208      	18:10:12  	154.0 	-59.5 	2     	31.9     	292   	29.7       	-11.7      	14169     	-85.3
4210      	18:10:14  	153.9 	-59.6 	2     	32.0     	291   	29.8       	-11.7      	14175     	-85.3
4212      	18:10:16  	153.7 	-59.6 	2     	32.1     	291   	29.9       	-11.6      	14182     	-85.3
4214      	18:10:18  	153.6 	-59.7 	2     	32.2     	291   	30.0       	-11.6      	14188     	-85.3
4216      	18:10:20  	153.4 	-59.7 	2     	32.2     	291   	30.0       	-11.7      	14194     	-85.4
4218      	18:10:22  	153.3 	-59.8 	2     	32.2     	291   	30.0       	-11.7      	14201     	-85.4
4220      	18:10:24  	153.1 	-59.8 	2     	32.3     	291   	30.1       	-11.7      	14207     	-85.4
4222      	18:10:26  	152.9 	-59.9 	2     	32.3     	291   	30.1       	-11.8      	14213     	-85.5
4224      	18:10:28  	152.8 	-59.9 	2     	32.3     	291   	30.1       	-11.8      	14219     	-85.6
4226      	18:10:30  	152.7 	-60.0 	2     	32.3     	292   	30.0       	-11.9      	14225     	-85.6
4228      	18:10:32  	152.5 	-60.0 	2     	32.3     	292   	30.0       	-11.9      	14231     	-85.7
4230      	18:10:34  	152.4 	-60.1 	2     	32.3     	292   	30.0       	-12.0      	14237     	-85.7
4232      	18:10:36  	152.2 	-60.1 	2     	32.2     	292   	29.9       	-12.0      	14243     	-85.8
4234      	18:10:38  	152.1 	-60.2 	2     	32.3     	292   	29.9       	-12.1      	14249     	-85.9
4236      	18:10:40  	151.9 	-60.2 	2     	32.3     	292   	29.9       	-12.2      	14255     	-85.9
4238      	18:10:42  	151.8 	-60.3 	2     	32.2     	292   	29.8       	-12.3      	14262     	-85.9
4240      	18:10:44  	151.6 	-60.3 	2     	32.2     	292   	29.8       	-12.3      	14268     	-86.0
4242      	18:10:46  	151.5 	-60.4 	2     	32.3     	293   	29.8       	-12.4      	14274     	-86.0
4244      	18:10:48  	151.3 	-60.4 	2     	32.3     	293   	29.8       	-12.4      	14280     	-86.0
4246      	18:10:50  	151.2 	-60.5 	2     	32.3     	293   	29.8       	-12.5      	14286     	-85.9
4248      	18:10:52  	151.0 	-60.5 	2     	32.4     	293   	29.8       	-12.6      	14292     	-85.9
4250      	18:10:54  	150.9 	-60.5 	2     	32.4     	293   	29.8       	-12.7      	14298     	-85.9
4252      	18:10:56  	150.7 	-60.6 	2     	32.4     	293   	29.8       	-12.8      	14304     	-85.9
4254      	18:10:58  	150.6 	-60.6 	2     	32.4     	293   	29.8       	-12.8      	14311     	-85.9
4256      	18:11:00  	150.4 	-60.7 	2     	32.5     	293   	29.8       	-12.9      	14317     	-85.9
4258      	18:11:02  	150.3 	-60.7 	2     	32.4     	294   	29.7       	-13.0      	14323     	-86.0
4260      	18:11:04  	150.1 	-60.8 	2     	32.5     	294   	29.7       	-13.2      	14329     	-86.0
4262      	18:11:06  	150.0 	-60.8 	2     	32.5     	294   	29.6       	-13.3      	14335     	-86.0
4264      	18:11:08  	149.8 	-60.9 	2     	32.4     	295   	29.5       	-13.5      	14341     	-86.1
4266      	18:11:10  	149.7 	-60.9 	2     	32.4     	295   	29.4       	-13.6      	14348     	-86.1
4268      	18:11:12  	149.5 	-61.0 	2     	32.4     	295   	29.4       	-13.7      	14354     	-86.2
4270      	18:11:14  	149.4 	-61.0 	2     	32.4     	295   	29.3       	-13.8      	14360     	-86.2
4272      	18:11:16  	149.2 	-61.1 	2     	32.4     	296   	29.2       	-14.0      	14366     	-86.3
4274      	18:11:18  	149.1 	-61.1 	2     	32.3     	296   	29.0       	-14.2      	14372     	-86.3
4276      	18:11:20  	148.9 	-61.1 	2     	32.3     	296   	28.9       	-14.4      	14378     	-86.3
4278      	18:11:22  	148.8 	-61.2 	2     	32.2     	297   	28.8       	-14.5      	14384     	-86.4
4280      	18:11:24  	148.6 	-61.2 	2     	32.3     	297   	28.8       	-14.6      	14391     	-86.4
4282      	18:11:26  	148.5 	-61.2 	2     	32.2     	297   	28.7       	-14.7      	14397     	-86.4
4284      	18:11:28  	148.3 	-61.3 	2     	32.2     	298   	28.6       	-14.9      	14403     	-86.4
4286      	18:11:30  	148.2 	-61.3 	2     	32.3     	298   	28.5       	-15.2      	14410     	-86.4
4288      	18:11:32  	148.0 	-61.4 	2     	32.4     	299   	28.4       	-15.5      	14416     	-86.5
4290      	18:11:34  	147.9 	-61.4 	2     	32.4     	299   	28.3       	-15.7      	14423     	-86.5
4292      	18:11:36  	147.7 	-61.5 	2     	32.5     	299   	28.3       	-15.9      	14429     	-86.6
4294      	18:11:38  	147.6 	-61.5 	2     	32.6     	300   	28.3       	-16.1      	14436     	-86.6
4296      	18:11:40  	147.4 	-61.5 	2     	32.6     	300   	28.2       	-16.3      	14443     	-86.6
4298      	18:11:42  	147.2 	-61.6 	2     	32.6     	301   	28.0       	-16.6      	14449     	-86.7
4300      	18:11:44  	147.1 	-61.6 	2     	32.6     	301   	27.9       	-16.9      	14456     	-86.7
4302      	18:11:46  	146.9 	-61.7 	2     	32.7     	302   	27.8       	-17.2      	14462     	-86.8
4304      	18:11:48  	146.8 	-61.7 	2     	32.7     	302   	27.7       	-17.3      	14468     	-86.8
4306      	18:11:50  	146.7 	-61.7 	2     	32.6     	302   	27.6       	-17.4      	14474     	-86.8
4308      	18:11:52  	146.5 	-61.8 	2     	32.6     	302   	27.5       	-17.5      	14480     	-86.8
4310      	18:11:54  	146.4 	-61.8 	2     	32.6     	303   	27.4       	-17.6      	14486     	-86.8
4312      	18:11:56  	146.2 	-61.8 	2     	32.4     	303   	27.1       	-17.8      	14492     	-86.9
4314      	18:11:58  	146.1 	-61.9 	2     	32.3     	304   	26.9       	-17.9      	14499     	-86.9
4316      	18:12:00  	145.9 	-61.9 	2     	32.2     	304   	26.7       	-18.0      	14505     	-86.9
4318      	18:12:02  	145.8 	-62.0 	2     	32.0     	304   	26.5       	-18.0      	14511     	-87.0
4320      	18:12:04  	145.6 	-62.1 	2     	31.9     	304   	26.3       	-18.0      	14518     	-87.0
4322      	18:12:06  	145.5 	-62.1 	2     	31.8     	304   	26.2       	-18.0      	14524     	-87.0
4324      	18:12:08  	145.3 	-62.2 	2     	31.7     	305   	26.0       	-18.1      	14530     	-87.0
4326      	18:12:10  	145.2 	-62.2 	2     	31.9     	305   	26.1       	-18.3      	14537     	-87.0
4328      	18:12:12  	145.0 	-62.2 	2     	32.0     	305   	26.1       	-18.5      	14543     	-87.1
4330      	18:12:14  	144.9 	-62.3 	2     	32.1     	306   	26.1       	-18.7      	14549     	-87.1
4332      	18:12:16  	144.7 	-62.3 	2     	32.4     	306   	26.3       	-18.9      	14556     	-87.1
4334      	18:12:18  	144.6 	-62.4 	2     	32.7     	306   	26.5       	-19.1      	14562     	-87.2
4336      	18:12:20  	144.4 	-62.5 	2     	32.9     	306   	26.7       	-19.3      	14569     	-87.3
4338      	18:12:22  	144.3 	-62.5 	2     	33.1     	306   	26.8       	-19.5      	14575     	-87.3
4340      	18:12:24  	144.1 	-62.6 	2     	33.1     	306   	26.7       	-19.6      	14581     	-87.3
4342      	18:12:26  	144.0 	-62.6 	2     	33.1     	307   	26.6       	-19.7      	14588     	-87.4
4344      	18:12:28  	143.8 	-62.7 	2     	32.9     	307   	26.4       	-19.7      	14594     	-87.4
4346      	18:12:30  	143.7 	-62.7 	2     	32.6     	307   	26.0       	-19.6      	14601     	-87.5
4348      	18:12:32  	143.5 	-62.8 	2     	32.3     	307   	25.7       	-19.5      	14607     	-87.5
4350      	18:12:34  	143.4 	-62.9 	2     	31.8     	307   	25.3       	-19.3      	14613     	-87.6
4352      	18:12:36  	143.3 	-62.9 	2     	31.5     	308   	25.0       	-19.2      	14619     	-87.6
4354      	18:12:38  	143.1 	-62.9 	2     	31.1     	308   	24.6       	-19.1      	14625     	-87.6
4356      	18:12:40  	143.0 	-63.0 	2     	30.7     	308   	24.1       	-19.0      	14630     	-87.7
4358      	18:12:42  	142.8 	-63.0 	2     	30.3     	308   	23.7       	-18.8      	14636     	-87.7
4360      	18:12:44  	142.7 	-63.0 	2     	30.1     	309   	23.5       	-18.8      	14642     	-87.7
4362      	18:12:46  	142.6 	-63.1 	2     	29.9     	309   	23.3       	-18.8      	14649     	-87.7
4364      	18:12:48  	142.4 	-63.1 	2     	29.9     	309   	23.2       	-18.8      	14656     	-87.7
4366      	18:12:50  	142.2 	-63.1 	2     	29.7     	309   	23.0       	-18.8      	14663     	-87.7
4368      	18:12:52  	142.1 	-63.2 	2     	29.6     	309   	22.9       	-18.8      	14669     	-87.8
4370      	18:12:54  	141.9 	-63.2 	2     	29.5     	310   	22.7       	-18.8      	14676     	-87.8
4372      	18:12:56  	141.8 	-63.3 	2     	29.3     	310   	22.6       	-18.7      	14683     	-87.8
4374      	18:12:58  	141.6 	-63.3 	2     	29.3     	310   	22.5       	-18.7      	14690     	-87.9
4376      	18:13:00  	141.4 	-63.4 	2     	29.3     	310   	22.5       	-18.7      	14697     	-87.9
4378      	18:13:02  	141.3 	-63.5 	2     	29.3     	310   	22.5       	-18.7      	14704     	-88.0
4380      	18:13:04  	141.1 	-63.5 	2     	29.3     	310   	22.5       	-18.7      	14711     	-88.1
4382      	18:13:06  	141.0 	-63.5 	2     	29.3     	310   	22.5       	-18.7      	14718     	-88.2
4384      	18:13:08  	140.8 	-63.6 	2     	29.3     	310   	22.5       	-18.7      	14724     	-88.2
4386      	18:13:10  	140.7 	-63.6 	2     	29.3     	310   	22.5       	-18.7      	14731     	-88.2
4388      	18:13:12  	140.5 	-63.6 	2     	29.3     	310   	22.5       	-18.7      	14737     	-88.3
4390      	18:13:14  	140.4 	-63.6 	2     	29.3     	310   	22.5       	-18.7      	14744     	-88.3
4392      	18:13:16  	140.2 	-63.7 	2     	29.3     	310   	22.5       	-18.7      	14750     	-88.3
4394      	18:13:18  	140.1 	-63.7 	2     	29.3     	310   	22.5       	-18.7      	14757     	-88.3
4396      	18:13:20  	139.9 	-63.7 	2     	29.3     	310   	22.5       	-18.7      	14763     	-88.3
4398      	18:13:22  	139.8 	-63.7 	2     	29.3     	310   	22.5       	-18.7      	14770     	-88.3
4400      	18:13:24  	139.6 	-63.8 	2     	29.3     	310   	22.5       	-18.7      	14777     	-88.3
4402      	18:13:26  	139.5 	-63.8 	2     	29.0     	310   	22.3       	-18.5      	14783     	-88.4
4404      	18:13:28  	139.3 	-63.8 	2     	28.8     	309   	22.2       	-18.3      	14790     	-88.4
4406      	18:13:30  	139.2 	-63.8 	2     	28.5     	309   	22.0       	-18.1      	14796     	-88.4
4408      	18:13:32  	139.0 	-63.9 	2     	28.2     	309   	21.9       	-17.8      	14803     	-88.4
4410      	18:13:34  	138.9 	-63.8 	2     	27.9     	309   	21.7       	-17.6      	14809     	-88.4
4412      	18:13:36  	138.7 	-63.8 	2     	27.7     	309   	21.6       	-17.3      	14816     	-88.5
4414      	18:13:38  	138.6 	-63.8 	2     	27.4     	309   	21.4       	-17.1      	14822     	-88.4
4416      	18:13:40  	138.4 	-63.8 	2     	27.1     	309   	21.2       	-16.9      	14829     	-88.4
4418      	18:13:42  	138.3 	-63.8 	2     	26.8     	308   	21.1       	-16.6      	14835     	-88.5
4420      	18:13:44  	138.1 	-63.8 	2     	26.6     	308   	20.9       	-16.4      	14842     	-88.4
4422      	18:13:46  	138.0 	-63.8 	2     	26.6     	308   	20.9       	-16.4      	14848     	-88.4
4424      	18:13:48  	137.9 	-63.8 	2     	26.6     	308   	20.9       	-16.4      	14854     	-88.4
4426      	18:13:50  	137.7 	-63.8 	2     	26.6     	308   	20.9       	-16.4      	14860     	-88.4
4428      	18:13:52  	137.6 	-63.8 	2     	26.6     	308   	20.9       	-16.4      	14866     	-88.4
4430      	18:13:54  	137.5 	-63.9 	2     	26.6     	308   	20.9       	-16.4      	14872     	-88.5
4432      	18:13:56  	137.3 	-63.9 	2     	26.6     	308   	20.9       	-16.4      	14878     	-88.5
4434      	18:13:58  	137.2 	-63.9 	2     	26.6     	308   	20.9       	-16.4      	14885     	-88.5
4436      	18:14:00  	137.0 	-64.0 	2     	26.6     	308   	20.9       	-16.4      	14893     	-88.5
4438      	18:14:02  	136.8 	-64.0 	2     	26.6     	308   	21.1       	-16.2      	14900     	-88.6
4440      	18:14:04  	136.7 	-64.0 	2     	26.7     	307   	21.4       	-15.9      	14907     	-88.6
4442      	18:14:06  	136.5 	-64.0 	2     	26.7     	306   	21.7       	-15.6      	14914     	-88.6
4444      	18:14:08  	136.4 	-64.0 	2     	26.9     	305   	22.1       	-15.3      	14921     	-88.7
4446      	18:14:10  	136.2 	-64.0 	2     	27.0     	304   	22.4       	-15.0      	14928     	-88.7
4448      	18:14:12  	136.1 	-64.0 	2     	27.0     	303   	22.7       	-14.7      	14934     	-88.8
4450      	18:14:14  	135.9 	-64.0 	2     	27.1     	302   	23.0       	-14.4      	14941     	-88.8
4452      	18:14:16  	135.8 	-64.0 	2     	27.2     	301   	23.3       	-14.1      	14948     	-88.8
4454      	18:14:18  	135.6 	-64.0 	2     	27.4     	300   	23.7       	-13.8      	14955     	-88.8
4456      	18:14:20  	135.5 	-64.0 	2     	27.5     	299   	24.0       	-13.5      	14961     	-88.8
4458      	18:14:22  	135.3 	-64.1 	2     	27.5     	299   	24.1       	-13.3      	14968     	-88.8
4460      	18:14:24  	135.2 	-64.1 	2     	27.5     	299   	24.1       	-13.3      	14974     	-88.9
4462      	18:14:26  	135.1 	-64.1 	2     	27.5     	299   	24.1       	-13.3      	14980     	-88.9
4464      	18:14:28  	135.0 	-64.1 	2     	27.1     	298   	23.8       	-12.9      	14984     	-88.9
4466      	18:14:30  	134.8 	-64.1 	2     	26.7     	298   	23.6       	-12.5      	14989     	-88.8
4468      	18:14:32  	134.7 	-64.1 	2     	26.3     	297   	23.3       	-12.1      	14995     	-88.8
4470      	18:14:34  	134.6 	-64.1 	2     	25.8     	297   	23.0       	-11.7      	15003     	-88.7
4472      	18:14:36  	134.4 	-64.1 	2     	25.4     	296   	22.7       	-11.3      	15011     	-88.7
4474      	18:14:38  	134.2 	-64.0 	2     	25.0     	296   	22.5       	-10.9      	15019     	-88.7
4476      	18:14:40  	134.0 	-64.0 	2     	24.6     	295   	22.2       	-10.5      	15027     	-88.7
4478      	18:14:42  	133.9 	-64.0 	2     	24.1     	295   	21.9       	-10.1      	15035     	-88.6
4480      	18:14:44  	133.7 	-64.0 	2     	24.0     	294   	21.9       	-9.9       	15042     	-88.6
4482      	18:14:46  	133.6 	-64.0 	2     	24.3     	294   	22.2       	-9.9       	15048     	-88.6
4484      	18:14:48  	133.4 	-64.1 	2     	24.9     	294   	22.7       	-10.3      	15055     	-88.6
4486      	18:14:50  	133.3 	-64.1 	2     	25.5     	295   	23.2       	-10.6      	15061     	-88.6
4488      	18:14:52  	133.1 	-64.1 	2     	26.1     	295   	23.7       	-11.0      	15068     	-88.6
4490      	18:14:54  	133.0 	-64.2 	2     	26.8     	295   	24.2       	-11.4      	15074     	-88.6
4492      	18:14:56  	132.9 	-64.2 	2     	27.4     	296   	24.7       	-11.8      	15080     	-88.6
4494      	18:14:58  	132.7 	-64.2 	2     	28.0     	296   	25.3       	-12.1      	15087     	-88.6
4496      	18:15:00  	132.6 	-64.2 	2     	28.7     	296   	25.8       	-12.5      	15093     	-88.7
4498      	18:15:02  	132.5 	-64.3 	2     	29.3     	296   	26.3       	-12.9      	15100     	-88.7
4500      	18:15:04  	132.3 	-64.3 	2     	29.5     	296   	26.5       	-13.0      	15105     	-88.7
4502      	18:15:06  	132.2 	-64.3 	2     	29.5     	296   	26.5       	-13.0      	15110     	-88.7
4504      	18:15:08  	132.1 	-64.3 	2     	29.3     	296   	26.3       	-12.9      	15116     	-88.7
4506      	18:15:10  	131.9 	-64.4 	2     	28.9     	296   	26.0       	-12.6      	15123     	-88.8
4508      	18:15:12  	131.8 	-64.4 	2     	28.4     	296   	25.6       	-12.3      	15130     	-88.8
4510      	18:15:14  	131.6 	-64.5 	2     	28.0     	296   	25.3       	-12.1      	15137     	-88.8
4512      	18:15:16  	131.5 	-64.5 	2     	27.6     	295   	25.0       	-11.8      	15144     	-88.8
4514      	18:15:18  	131.3 	-64.6 	2     	27.2     	295   	24.7       	-11.5      	15151     	-88.9
4516      	18:15:20  	131.2 	-64.7 	2     	26.9     	295   	24.4       	-11.3      	15158     	-88.9
4518      	18:15:22  	131.0 	-64.7 	2     	26.4     	295   	24.0       	-11.0      	15165     	-89.0
4520      	18:15:24  	130.9 	-64.8 	2     	26.0     	294   	23.7       	-10.7      	15173     	-89.0
4522      	18:15:26  	130.7 	-64.8 	2     	25.6     	294   	23.4       	-10.4      	15180     	-89.1
4524      	18:15:28  	130.6 	-64.9 	2     	25.5     	294   	23.3       	-10.3      	15186     	-89.0
4526      	18:15:30  	130.4 	-64.9 	2     	25.5     	294   	23.3       	-10.3      	15193     	-89.1
4528      	18:15:32  	130.3 	-64.9 	2     	25.5     	294   	23.3       	-10.3      	15200     	-89.1
4530      	18:15:34  	130.2 	-65.0 	2     	25.5     	294   	23.3       	-10.3      	15206     	-89.1
4532      	18:15:36  	130.0 	-65.0 	2     	25.5     	294   	23.3       	-10.3      	15213     	-89.1
4534      	18:15:38  	129.9 	-65.1 	2     	25.5     	294   	23.3       	-10.3      	15219     	-89.1
4536      	18:15:40  	129.7 	-65.2 	2     	25.5     	294   	23.3       	-10.3      	15226     	-89.2
4538      	18:15:42  	129.6 	-65.2 	2     	25.5     	294   	23.3       	-10.3      	15233     	-89.2
4540      	18:15:44  	129.5 	-65.3 	2     	25.5     	294   	23.3       	-10.3      	15239     	-89.3
4542      	18:15:46  	129.3 	-65.3 	2     	25.5     	294   	23.3       	-10.3      	15246     	-89.3
4544      	18:15:48  	129.2 	-65.4 	2     	25.5     	294   	23.3       	-10.3      	15252     	-89.3
4546      	18:15:50  	129.0 	-65.4 	2     	25.5     	294   	23.3       	-10.3      	15259     	-89.3
4548      	18:15:52  	128.9 	-65.4 	2     	25.5     	294   	23.3       	-10.4      	15265     	-89.3
4550      	18:15:54  	128.8 	-65.4 	2     	25.6     	294   	23.3       	-10.5      	15272     	-89.3
4552      	18:15:56  	128.6 	-65.5 	2     	25.6     	294   	23.3       	-10.5      	15279     	-89.4
4554      	18:15:58  	128.5 	-65.6 	2     	25.6     	294   	23.3       	-10.6      	15285     	-89.4
4556      	18:16:00  	128.3 	-65.6 	2     	25.6     	295   	23.3       	-10.7      	15292     	-89.4
4558      	18:16:02  	128.2 	-65.7 	2     	25.6     	295   	23.3       	-10.7      	15298     	-89.5
4560      	18:16:04  	128.1 	-65.7 	2     	25.7     	295   	23.3       	-10.8      	15305     	-89.5
4562      	18:16:06  	127.9 	-65.7 	2     	25.7     	295   	23.3       	-10.9      	15312     	-89.5
4564      	18:16:08  	127.8 	-65.8 	2     	25.8     	295   	23.3       	-11.0      	15318     	-89.6
4566      	18:16:10  	127.7 	-65.8 	2     	25.8     	295   	23.3       	-11.0      	15324     	-89.6
4568      	18:16:12  	127.5 	-65.9 	2     	25.8     	295   	23.3       	-11.0      	15330     	-89.7
4570      	18:16:14  	127.4 	-65.1 	2     	25.8     	295   	23.3       	-11.0      	15336     	-89.1
4572      	18:16:16  	127.3 	-65.0 	2     	25.8     	295   	23.3       	-11.0      	15342     	-89.1
4574      	18:16:18  	127.1 	-65.0 	2     	25.8     	295   	23.3       	-11.0      	15348     	-89.3
4576      	18:16:20  	127.0 	-65.1 	2     	25.4     	295   	22.9       	-10.9      	15355     	-89.4
4578      	18:16:22  	126.9 	-65.1 	2     	25.0     	296   	22.5       	-10.9      	15362     	-89.5
4580      	18:16:24  	126.7 	-65.2 	2     	24.6     	296   	22.1       	-10.8      	15368     	-89.6
4582      	18:16:26  	126.6 	-65.2 	2     	24.2     	296   	21.7       	-10.7      	15375     	-89.7
4584      	18:16:28  	126.5 	-65.2 	2     	23.8     	296   	21.3       	-10.6      	15382     	-89.8
4586      	18:16:30  	126.3 	-65.3 	2     	23.5     	297   	21.0       	-10.6      	15388     	-89.9
4588      	18:16:32  	126.2 	-65.3 	2     	23.1     	297   	20.6       	-10.5      	15395     	-89.9
4590      	18:16:34  	126.0 	-65.4 	2     	22.7     	297   	20.2       	-10.4      	15402     	-89.6
4592      	18:16:36  	125.9 	-65.5 	2     	22.3     	297   	19.8       	-10.3      	15408     	-89.7
4594      	18:16:38  	125.8 	-65.5 	2     	22.1     	298   	19.5       	-10.3      	15415     	-89.7
4596      	18:16:40  	125.6 	-65.5 	2     	22.1     	298   	19.5       	-10.3      	15421     	-89.7
4598      	18:16:42  	125.5 	-65.5 	2     	22.1     	298   	19.5       	-10.3      	15427     	-89.7
4600      	18:16:44  	125.4 	-65.6 	2     	22.1     	298   	19.5       	-10.3      	15434     	-89.8
4602      	18:16:46  	125.2 	-65.6 	2     	22.0     	298   	19.5       	-10.2      	15440     	-89.8
4604      	18:16:48  	125.1 	-65.6 	2     	22.0     	297   	19.6       	-10.1      	15447     	-89.8
4606      	18:16:50  	125.0 	-65.7 	2     	22.0     	297   	19.6       	-10.0      	15454     	-89.8
4608      	18:16:52  	124.8 	-65.7 	2     	22.0     	297   	19.7       	-9.9       	15460     	-89.8
4610      	18:16:54  	124.7 	-65.7 	2     	22.0     	296   	19.7       	-9.8       	15466     	-89.8
4612      	18:16:56  	124.6 	-65.7 	2     	22.1     	296   	19.8       	-9.8       	15473     	-89.7
4614      	18:16:58  	124.4 	-66.7 	2     	22.0     	296   	19.8       	-9.7       	15479     	-90.5
4616      	18:17:00  	124.3 	-66.7 	2     	22.1     	296   	19.9       	-9.6       	15485     	-90.4
4618      	18:17:02  	124.2 	-66.7 	2     	22.1     	296   	19.9       	-9.5       	15491     	-90.4
4620      	18:17:04  	124.1 	-66.7 	2     	22.1     	295   	20.0       	-9.4       	15497     	-90.3
4622      	18:17:06  	123.9 	-66.7 	2     	22.0     	295   	20.0       	-9.2       	15503     	-90.3
4624      	18:17:08  	123.8 	-66.7 	2     	21.7     	294   	19.9       	-8.7       	15509     	-90.3
4626      	18:17:10  	123.7 	-66.8 	2     	21.4     	292   	19.8       	-8.1       	15515     	-90.3
4628      	18:17:12  	123.6 	-66.8 	2     	21.1     	291   	19.7       	-7.5       	15522     	-90.3
4630      	18:17:14  	123.4 	-66.8 	2     	20.8     	289   	19.6       	-6.9       	15528     	-90.4
4632      	18:17:16  	123.3 	-66.9 	2     	20.5     	288   	19.5       	-6.4       	15534     	-90.4
4634      	18:17:18  	123.2 	-66.9 	2     	20.2     	287   	19.4       	-5.8       	15541     	-90.4
4636      	18:17:20  	123.1 	-66.9 	2     	20.0     	285   	19.3       	-5.2       	15547     	-90.4
4638      	18:17:22  	122.9 	-66.9 	2     	19.7     	283   	19.2       	-4.6       	15553     	-90.4
4640      	18:17:24  	122.8 	-66.9 	2     	19.5     	282   	19.1       	-4.1       	15559     	-90.4
4642      	18:17:26  	122.7 	-66.9 	2     	19.4     	281   	19.1       	-3.6       	15566     	-90.4
4644      	18:17:28  	122.5 	-66.9 	2     	19.4     	281   	19.1       	-3.6       	15572     	-90.4
4646      	18:17:30  	122.4 	-66.9 	2     	19.4     	281   	19.1       	-3.6       	15578     	-90.5
4648      	18:17:32  	122.3 	-67.0 	2     	19.4     	281   	19.1       	-3.6       	15584     	-90.5
4650      	18:17:34  	122.2 	-67.0 	2     	19.4     	281   	19.1       	-3.6       	15591     	-90.5
4652      	18:17:36  	122.0 	-67.0 	2     	19.4     	281   	19.1       	-3.6       	15597     	-90.6
4654      	18:17:38  	121.9 	-67.1 	2     	19.4     	281   	19.1       	-3.6       	15603     	-90.6
4656      	18:17:40  	121.8 	-67.1 	2     	19.4     	281   	19.1       	-3.6       	15609     	-90.6
4658      	18:17:42  	121.7 	-67.2 	2     	19.4     	281   	19.1       	-3.6       	15616     	-90.6
4660      	18:17:44  	121.5 	-67.2 	2     	19.4     	281   	19.1       	-3.6       	15622     	-90.6
4662      	18:17:46  	121.4 	-67.3 	2     	19.4     	281   	19.1       	-3.6       	15628     	-90.6
4664      	18:17:48  	121.3 	-67.3 	2     	19.4     	281   	19.1       	-3.6       	15634     	-90.7
4666      	18:17:50  	121.2 	-67.4 	2     	19.4     	281   	19.1       	-3.6       	15641     	-90.7
4668      	18:17:52  	121.0 	-67.4 	2     	19.4     	281   	19.1       	-3.6       	15647     	-90.8
4670      	18:17:54  	120.9 	-67.4 	2     	19.4     	281   	19.1       	-3.6       	15653     	-90.8
4672      	18:17:56  	120.8 	-67.4 	2     	19.4     	281   	19.1       	-3.6       	15659     	-90.8
4674      	18:17:58  	120.7 	-67.4 	2     	19.6     	280   	19.3       	-3.5       	15666     	-90.8
4676      	18:18:00  	120.5 	-67.4 	2     	19.9     	280   	19.6       	-3.3       	15672     	-90.8
4678      	18:18:02  	120.4 	-67.4 	2     	20.1     	279   	19.8       	-3.2       	15678     	-90.8
4680      	18:18:04  	120.3 	-67.4 	2     	20.3     	279   	20.1       	-3.1       	15684     	-90.9
4682      	18:18:06  	120.2 	-67.4 	2     	20.5     	278   	20.3       	-3.0       	15690     	-90.9
4684      	18:18:08  	120.0 	-67.4 	2     	20.8     	278   	20.6       	-2.8       	15696     	-90.9
4686      	18:18:10  	119.9 	-67.4 	2     	21.0     	277   	20.8       	-2.7       	15702     	-90.9
4688      	18:18:12  	119.8 	-67.3 	2     	21.3     	277   	21.1       	-2.6       	15708     	-90.8
4690      	18:18:14  	119.7 	-67.3 	2     	21.4     	277   	21.3       	-2.5       	15714     	-90.8
4692      	18:18:16  	119.6 	-67.3 	2     	21.7     	276   	21.6       	-2.3       	15720     	-90.8
4694      	18:18:18  	119.4 	-67.2 	2     	21.7     	276   	21.6       	-2.3       	15726     	-90.8
4696      	18:18:20  	119.3 	-67.2 	2     	21.7     	276   	21.6       	-2.3       	15732     	-90.7
4698      	18:18:22  	119.2 	-67.2 	2     	21.7     	276   	21.6       	-2.3       	15738     	-90.7
4700      	18:18:24  	119.1 	-67.1 	2     	21.7     	276   	21.6       	-2.3       	15745     	-90.7
4702      	18:18:26  	119.0 	-67.1 	2     	21.7     	276   	21.6       	-2.3       	15751     	-90.6
4704      	18:18:28  	118.8 	-67.1 	2     	21.7     	276   	21.6       	-2.3       	15757     	-90.6
4706      	18:18:30  	118.7 	-67.0 	2     	21.7     	276   	21.6       	-2.3       	15763     	-90.6
4708      	18:18:32  	118.6 	-67.0 	2     	21.7     	276   	21.6       	-2.3       	15769     	-90.5
4710      	18:18:34  	118.5 	-66.9 	2     	21.7     	276   	21.6       	-2.3       	15775     	-90.5
4712      	18:18:36  	118.4 	-66.9 	2     	21.7     	276   	21.6       	-2.3       	15782     	-90.5
4714      	18:18:38  	118.2 	-66.8 	2     	21.7     	276   	21.6       	-2.3       	15788     	-90.4
4716      	18:18:40  	118.1 	-66.7 	2     	21.7     	276   	21.6       	-2.3       	15794     	-90.4
4718      	18:18:42  	118.0 	-66.7 	2     	21.7     	276   	21.6       	-2.3       	15800     	-90.4
4720      	18:18:44  	117.9 	-66.7 	2     	21.7     	276   	21.6       	-2.3       	15806     	-90.4
4722      	18:18:46  	117.7 	-66.7 	2     	21.7     	276   	21.6       	-2.3       	15813     	-90.4
4724      	18:18:48  	117.6 	-66.7 	2     	21.7     	276   	21.6       	-2.3       	15819     	-90.3
4726      	18:18:50  	117.5 	-66.6 	2     	21.7     	276   	21.6       	-2.3       	15825     	-90.3
4728      	18:18:52  	117.4 	-66.6 	2     	21.7     	276   	21.6       	-2.3       	15831     	-90.3
4730      	18:18:54  	117.3 	-66.6 	2     	21.7     	276   	21.6       	-2.3       	15837     	-90.3
4732      	18:18:56  	117.1 	-66.6 	2     	21.7     	276   	21.6       	-2.3       	15843     	-90.3
4734      	18:18:58  	117.0 	-66.6 	2     	21.7     	276   	21.6       	-2.3       	15850     	-90.3
4736      	18:19:00  	116.9 	-66.5 	2     	21.7     	276   	21.6       	-2.3       	15856     	-90.3
4738      	18:19:02  	116.8 	-66.5 	2     	21.7     	276   	21.6       	-2.3       	15862     	-90.3
4740      	18:19:04  	116.7 	-66.4 	2     	21.7     	276   	21.6       	-2.3       	15868     	-90.3
4742      	18:19:06  	116.6 	-66.4 	2     	21.7     	276   	21.6       	-2.3       	15874     	-90.3
4744      	18:19:08  	116.4 	-66.4 	2     	21.7     	276   	21.6       	-2.3       	15880     	-90.2
4746      	18:19:10  	116.3 	-66.3 	2     	21.7     	276   	21.6       	-2.3       	15887     	-90.2
4748      	18:19:12  	116.2 	-66.2 	2     	21.7     	276   	21.6       	-2.3       	15893     	-90.2
4750      	18:19:14  	116.1 	-66.2 	2     	21.7     	276   	21.6       	-2.3       	15899     	-90.1
4752      	18:19:16  	115.9 	-66.2 	2     	21.7     	276   	21.6       	-2.3       	15906     	-90.1
4754      	18:19:18  	115.8 	-66.1 	2     	21.7     	276   	21.6       	-2.3       	15912     	-90.1
4756      	18:19:20  	115.7 	-66.1 	2     	21.7     	276   	21.6       	-2.3       	15919     	-90.0
4758      	18:19:22  	115.6 	-66.1 	2     	21.7     	276   	21.6       	-2.3       	15925     	-90.0
4760      	18:19:24  	115.5 	-66.1 	2     	21.7     	276   	21.6       	-2.3       	15931     	-90.0
4762      	18:19:26  	115.3 	-66.0 	2     	21.7     	276   	21.6       	-2.3       	15938     	-90.0
4764      	18:19:28  	115.2 	-66.0 	2     	21.7     	276   	21.6       	-2.3       	15944     	-89.9
4766      	18:19:30  	115.1 	-65.9 	2     	21.7     	276   	21.6       	-2.3       	15951     	-89.9
4768      	18:19:32  	115.0 	-65.9 	2     	21.7     	276   	21.6       	-2.3       	15957     	-89.8
4770      	18:19:34  	114.9 	-65.9 	2     	21.7     	276   	21.6       	-2.3       	15963     	-89.8
4772      	18:19:36  	114.7 	-65.9 	2     	21.7     	276   	21.6       	-2.3       	15970     	-89.8
4774      	18:19:38  	114.6 	-65.9 	2     	21.7     	276   	21.6       	-2.3       	15976     	-89.8
4776      	18:19:40  	114.5 	-65.9 	2     	21.7     	276   	21.6       	-2.3       	15983     	-89.7
4778      	18:19:42  	114.4 	-65.9 	2     	21.7     	276   	21.6       	-2.3       	15989     	-89.7
4780      	18:19:44  	114.2 	-65.9 	2     	21.7     	276   	21.6       	-2.4       	15995     	-89.7
4782      	18:19:46  	114.1 	-65.9 	2     	22.0     	277   	21.8       	-2.6       	16002     	-89.7
4784      	18:19:48  	114.0 	-65.9 	2     	22.3     	277   	22.1       	-2.9       	16009     	-89.7
4786      	18:19:50  	113.8 	-66.0 	2     	22.5     	278   	22.3       	-3.1       	16017     	-89.7
4788      	18:19:52  	113.7 	-66.0 	2     	22.7     	278   	22.5       	-3.3       	16024     	-89.8
4790      	18:19:54  	113.6 	-66.0 	2     	23.0     	279   	22.7       	-3.5       	16031     	-89.8
4792      	18:19:56  	113.4 	-66.1 	2     	23.2     	279   	22.9       	-3.8       	16039     	-89.8
4794      	18:19:58  	113.3 	-66.1 	2     	23.4     	280   	23.1       	-4.0       	16047     	-89.8
4796      	18:20:00  	113.1 	-66.2 	2     	23.7     	280   	23.3       	-4.2       	16054     	-89.9
4798      	18:20:02  	113.0 	-66.2 	2     	23.6     	281   	23.2       	-4.5       	16062     	-89.9
4800      	18:20:04  	112.9 	-66.3 	2     	23.6     	282   	23.1       	-4.7       	16069     	-89.9
4802      	18:20:06  	112.7 	-66.3 	2     	23.3     	282   	22.8       	-4.8       	16077     	-90.0
4804      	18:20:08  	112.6 	-66.4 	2     	23.0     	282   	22.5       	-4.8       	16084     	-90.0
4806      	18:20:10  	112.5 	-66.4 	2     	22.6     	283   	22.1       	-4.9       	16091     	-90.0
4808      	18:20:12  	112.3 	-66.5 	2     	22.3     	283   	21.8       	-4.9       	16098     	-90.0
4810      	18:20:14  	112.2 	-66.5 	2     	22.0     	283   	21.4       	-5.1       	16106     	-90.0
4812      	18:20:16  	112.0 	-66.6 	2     	21.6     	284   	20.9       	-5.3       	16113     	-90.0
4814      	18:20:18  	111.9 	-66.7 	2     	21.2     	285   	20.5       	-5.5       	16121     	-90.0
4816      	18:20:20  	111.8 	-66.7 	2     	20.8     	286   	20.0       	-5.8       	16129     	-90.1
4818      	18:20:22  	111.6 	-66.8 	2     	20.8     	287   	19.9       	-5.9       	16136     	-90.1
4820      	18:20:24  	111.5 	-66.8 	2     	20.6     	287   	19.7       	-6.1       	16144     	-90.1
4822      	18:20:26  	111.3 	-66.8 	2     	20.5     	288   	19.5       	-6.3       	16151     	-90.1
4824      	18:20:28  	111.2 	-66.9 	2     	20.1     	289   	19.0       	-6.6       	16158     	-90.2
4826      	18:20:30  	111.1 	-66.9 	2     	19.9     	291   	18.6       	-7.0       	16166     	-90.2
4828      	18:20:32  	110.9 	-66.9 	2     	19.6     	292   	18.2       	-7.3       	16174     	-90.2
4830      	18:20:34  	110.8 	-66.9 	2     	19.4     	293   	17.9       	-7.5       	16182     	-90.3
4832      	18:20:36  	110.6 	-67.0 	2     	19.2     	294   	17.6       	-7.7       	16190     	-90.3
4834      	18:20:38  	110.5 	-67.0 	2     	19.0     	295   	17.3       	-7.9       	16197     	-90.3
4836      	18:20:40  	110.4 	-67.0 	2     	18.8     	296   	16.9       	-8.2       	16205     	-90.3
4838      	18:20:42  	110.2 	-67.0 	2     	18.5     	298   	16.3       	-8.8       	16212     	-90.2
4840      	18:20:44  	110.1 	-67.0 	2     	18.3     	300   	15.8       	-9.3       	16220     	-90.2
4842      	18:20:46  	110.0 	-67.0 	2     	18.2     	303   	15.3       	-9.8       	16227     	-90.2
4844      	18:20:48  	109.8 	-67.0 	2     	18.0     	304   	14.9       	-10.1      	16235     	-90.2
4846      	18:20:50  	109.7 	-67.0 	2     	18.0     	306   	14.6       	-10.5      	16242     	-90.2
4848      	18:20:52  	109.5 	-67.0 	2     	17.8     	307   	14.2       	-10.7      	16249     	-90.2
4850      	18:20:54  	109.4 	-67.0 	2     	17.4     	309   	13.6       	-10.9      	16257     	-90.3
4852      	18:20:56  	109.3 	-67.0 	2     	17.0     	310   	13.0       	-11.0      	16264     	-90.3
4854      	18:20:58  	109.1 	-67.0 	2     	16.6     	312   	12.3       	-11.1      	16272     	-90.3
4856      	18:21:00  	109.0 	-67.0 	2     	16.2     	313   	11.9       	-11.0      	16279     	-90.3
4858      	18:21:02  	108.9 	-66.9 	2     	15.8     	313   	11.6       	-10.8      	16287     	-90.3
4860      	18:21:04  	108.7 	-66.9 	2     	15.4     	313   	11.2       	-10.5      	16294     	-90.3
4862      	18:21:06  	108.6 	-67.0 	2     	14.5     	313   	10.6       	-9.9       	16301     	-90.3
4864      	18:21:08  	108.5 	-66.9 	2     	13.7     	313   	10.0       	-9.4       	16309     	-90.3
4866      	18:21:10  	108.3 	-66.9 	2     	12.9     	313   	9.4        	-8.8       	16316     	-90.3
4868      	18:21:12  	108.2 	-66.9 	2     	12.2     	313   	8.9        	-8.4       	16323     	-90.3
4870      	18:21:14  	108.1 	-66.9 	2     	11.7     	313   	8.6        	-8.0       	16330     	-90.3
4872      	18:21:16  	108.0 	-66.9 	2     	11.2     	313   	8.2        	-7.7       	16338     	-90.4
4874      	18:21:18  	107.8 	-66.9 	2     	10.6     	313   	7.8        	-7.2       	16345     	-90.4
4876      	18:21:20  	107.7 	-66.9 	2     	9.8      	312   	7.3        	-6.6       	16352     	-90.4
4878      	18:21:22  	107.6 	-66.8 	2     	9.0      	311   	6.8        	-5.9       	16359     	-90.4
4880      	18:21:24  	107.5 	-66.8 	2     	8.5      	310   	6.5        	-5.4       	16366     	-90.4
4882      	18:21:26  	107.3 	-66.8 	2     	8.1      	309   	6.3        	-5.1       	16372     	-90.3
4884      	18:21:28  	107.2 	-66.8 	2     	7.8      	308   	6.2        	-4.8       	16379     	-90.3
4886      	18:21:30  	107.1 	-66.8 	2     	7.6      	306   	6.1        	-4.5       	16386     	-90.3
4888      	18:21:32  	107.0 	-66.8 	2     	7.3      	304   	6.1        	-4.1       	16393     	-90.3
4890      	18:21:34  	106.8 	-66.8 	2     	7.2      	302   	6.1        	-3.8       	16400     	-90.2
4892      	18:21:36  	106.7 	-66.8 	2     	7.1      	299   	6.2        	-3.5       	16407     	-90.2
4894      	18:21:38  	106.6 	-66.8 	2     	7.2      	298   	6.3        	-3.4       	16414     	-90.1
4896      	18:21:40  	106.5 	-66.7 	2     	7.3      	298   	6.5        	-3.4       	16421     	-90.1
4898      	18:21:42  	106.4 	-66.7 	2     	7.4      	297   	6.6        	-3.4       	16428     	-90.1
4900      	18:21:44  	106.2 	-66.7 	2     	7.8      	296   	7.0        	-3.4       	16435     	-90.1
4902      	18:21:46  	106.1 	-66.7 	2     	8.2      	295   	7.4        	-3.5       	16442     	-90.1
4904      	18:21:48  	106.0 	-66.7 	2     	8.5      	294   	7.8        	-3.5       	16449     	-90.0
4906      	18:21:50  	105.9 	-66.7 	2     	8.9      	294   	8.1        	-3.6       	16456     	-90.0
4908      	18:21:52  	105.7 	-66.7 	2     	9.1      	293   	8.4        	-3.6       	16463     	-90.0
4910      	18:21:54  	105.6 	-66.7 	2     	9.3      	293   	8.6        	-3.6       	16469     	-90.0
4912      	18:21:56  	105.5 	-66.7 	2     	9.6      	293   	8.9        	-3.7       	16476     	-90.0
4914      	18:21:58  	105.4 	-66.7 	2     	10.1     	293   	9.3        	-3.9       	16483     	-90.0
4916      	18:22:00  	105.3 	-66.7 	2     	10.6     	293   	9.8        	-4.1       	16490     	-90.0
4918      	18:22:02  	105.1 	-66.7 	2     	11.1     	293   	10.2       	-4.3       	16497     	-90.0
4920      	18:22:04  	105.0 	-66.7 	2     	11.4     	293   	10.5       	-4.4       	16504     	-90.0
4922      	18:22:06  	104.9 	-66.8 	2     	11.6     	293   	10.7       	-4.5       	16511     	-90.0
4924      	18:22:08  	104.8 	-66.8 	2     	11.9     	293   	10.9       	-4.7       	16518     	-90.0
4926      	18:22:10  	104.7 	-66.8 	2     	12.1     	294   	11.1       	-4.9       	16525     	-90.0
4928      	18:22:12  	104.5 	-66.9 	2     	12.6     	295   	11.4       	-5.3       	16532     	-90.0
4930      	18:22:14  	104.4 	-66.9 	2     	12.9     	296   	11.6       	-5.6       	16540     	-90.0
4932      	18:22:16  	104.3 	-66.9 	2     	13.1     	296   	11.8       	-5.8       	16546     	-90.0
4934      	18:22:18  	104.2 	-66.9 	2     	13.3     	297   	11.9       	-6.0       	16553     	-90.0
4936      	18:22:20  	104.1 	-66.9 	2     	13.4     	298   	11.9       	-6.2       	16560     	-90.0
4938      	18:22:22  	103.9 	-67.0 	2     	13.5     	298   	11.9       	-6.4       	16567     	-90.0
4940      	18:22:24  	103.8 	-67.0 	2     	13.7     	299   	11.9       	-6.7       	16574     	-90.0
4942      	18:22:26  	103.7 	-67.0 	2     	13.8     	300   	11.9       	-7.0       	16581     	-90.0
4944      	18:22:28  	103.6 	-67.1 	2     	14.0     	302   	11.9       	-7.3       	16587     	-90.0
4946      	18:22:30  	103.5 	-67.1 	2     	14.0     	302   	11.8       	-7.5       	16594     	-90.0
4948      	18:22:32  	103.4 	-67.1 	2     	14.0     	303   	11.7       	-7.6       	16601     	-90.0
4950      	18:22:34  	103.2 	-67.1 	2     	14.0     	303   	11.7       	-7.7       	16608     	-90.0
4952      	18:22:36  	103.1 	-67.1 	2     	14.0     	305   	11.5       	-8.0       	16615     	-90.1
4954      	18:22:38  	103.0 	-67.2 	2     	14.0     	306   	11.3       	-8.3       	16622     	-90.1
4956      	18:22:40  	102.9 	-67.2 	2     	14.0     	307   	11.1       	-8.5       	16629     	-90.2
4958      	18:22:42  	102.8 	-67.2 	2     	14.1     	309   	11.0       	-8.8       	16636     	-90.2
4960      	18:22:44  	102.6 	-67.3 	2     	14.1     	309   	10.9       	-8.9       	16643     	-90.3
4962      	18:22:46  	102.5 	-67.3 	2     	14.0     	310   	10.7       	-9.1       	16650     	-90.3
4964      	18:22:48  	102.4 	-67.3 	2     	14.1     	311   	10.6       	-9.3       	16657     	-90.3
4966      	18:22:50  	102.3 	-67.3 	2     	14.2     	313   	10.4       	-9.7       	16664     	-90.4
4968      	18:22:52  	102.2 	-67.3 	2     	14.3     	315   	10.1       	-10.1      	16671     	-90.4
4970      	18:22:54  	102.0 	-67.3 	2     	14.4     	316   	9.9        	-10.4      	16678     	-90.3
4972      	18:22:56  	101.9 	-67.3 	2     	14.5     	318   	9.8        	-10.7      	16685     	-90.3
4974      	18:22:58  	101.8 	-67.3 	2     	14.6     	318   	9.7        	-10.9      	16691     	-90.3
4976      	18:23:00  	101.7 	-67.3 	2     	14.8     	319   	9.6        	-11.2      	16698     	-90.3
4978      	18:23:02  	101.6 	-67.3 	2     	14.8     	321   	9.3        	-11.5      	16705     	-90.3
4980      	18:23:04  	101.5 	-67.3 	2     	14.9     	322   	9.1        	-11.8      	16712     	-90.3
4982      	18:23:06  	101.4 	-67.3 	2     	15.0     	324   	8.8        	-12.1      	16719     	-90.3
4984      	18:23:08  	101.2 	-67.3 	2     	15.0     	325   	8.5        	-12.3      	16726     	-90.3
4986      	18:23:10  	101.1 	-67.3 	2     	14.9     	326   	8.3        	-12.4      	16732     	-90.4
4988      	18:23:12  	101.0 	-67.3 	2     	14.8     	327   	8.1        	-12.4      	16739     	-90.4
4990      	18:23:14  	100.9 	-67.4 	2     	14.8     	328   	7.9        	-12.5      	16746     	-90.3
4992      	18:23:16  	100.8 	-67.4 	2     	14.5     	330   	7.3        	-12.5      	16753     	-90.3
4994      	18:23:18  	100.7 	-67.4 	2     	14.3     	332   	6.8        	-12.6      	16760     	-90.3
4996      	18:23:20  	100.5 	-67.4 	2     	14.1     	333   	6.3        	-12.6      	16767     	-90.3
4998      	18:23:22  	100.4 	-67.3 	2     	13.9     	335   	5.9        	-12.6      	16774     	-90.3
5000      	18:23:24  	100.3 	-67.3 	2     	13.8     	336   	5.6        	-12.6      	16781     	-90.3
5002      	18:23:26  	100.2 	-67.3 	2     	13.5     	337   	5.2        	-12.5      	16788     	-90.2
5004      	18:23:28  	100.1 	-67.3 	2     	13.3     	339   	4.7        	-12.4      	16795     	-90.2
5006      	18:23:30  	100.0 	-67.3 	2     	12.9     	341   	4.2        	-12.2      	16802     	-90.2
5008      	18:23:32  	99.8  	-67.4 	2     	12.7     	343   	3.7        	-12.1      	16809     	-90.3
5010      	18:23:34  	99.7  	-67.4 	2     	12.3     	345   	3.2        	-11.9      	16816     	-90.3
5012      	18:23:36  	99.6  	-67.4 	2     	12.2     	346   	3.0        	-11.8      	16823     	-90.3
5014      	18:23:38  	99.5  	-67.4 	2     	12.0     	347   	2.8        	-11.7      	16830     	-90.4
5016      	18:23:40  	99.4  	-67.4 	2     	11.9     	347   	2.6        	-11.6      	16836     	-90.4
5018      	18:23:42  	99.3  	-67.4 	2     	11.6     	349   	2.2        	-11.4      	16843     	-90.4
5020      	18:23:44  	99.2  	-67.5 	2     	11.4     	350   	1.9        	-11.2      	16850     	-90.4
5022      	18:23:46  	99.0  	-67.5 	2     	11.1     	352   	1.6        	-11.0      	16857     	-90.4
5024      	18:23:48  	98.9  	-67.5 	2     	10.9     	353   	1.4        	-10.8      	16864     	-90.4
5026      	18:23:50  	98.8  	-67.5 	2     	10.9     	353   	1.3        	-10.8      	16871     	-90.4
5028      	18:23:52  	98.7  	-67.5 	2     	10.8     	354   	1.2        	-10.7      	16878     	-90.4
5030      	18:23:54  	98.6  	-67.5 	2     	10.5     	355   	0.9        	-10.5      	16885     	-90.4
5032      	18:23:56  	98.5  	-67.5 	2     	10.4     	356   	0.7        	-10.4      	16892     	-90.4
5034      	18:23:58  	98.4  	-67.5 	2     	10.2     	358   	0.4        	-10.2      	16898     	-90.5
5036      	18:24:00  	98.3  	-67.6 	2     	10.1     	359   	0.2        	-10.1      	16905     	-90.5
5038      	18:24:02  	98.1  	-67.5 	2     	10.0     	359   	0.1        	-10.0      	16912     	-90.5
5040      	18:24:04  	98.0  	-67.5 	2     	9.9      	360   	0.0        	-9.9       	16919     	-90.5
5042      	18:24:06  	97.9  	-67.5 	2     	9.7      	001   	-0.2       	-9.7       	16926     	-90.5
5044      	18:24:08  	97.8  	-67.5 	2     	9.4      	002   	-0.4       	-9.4       	16932     	-90.5
5046      	18:24:10  	97.7  	-67.5 	2     	9.1      	004   	-0.6       	-9.1       	16939     	-90.5
5048      	18:24:12  	97.6  	-67.5 	2     	8.9      	006   	-0.9       	-8.9       	16946     	-90.5
5050      	18:24:14  	97.5  	-67.4 	2     	8.7      	007   	-1.0       	-8.6       	16953     	-90.5
5052      	18:24:16  	97.4  	-67.4 	2     	8.5      	007   	-1.1       	-8.4       	16960     	-90.5
5054      	18:24:18  	97.3  	-67.3 	2     	8.2      	008   	-1.2       	-8.1       	16967     	-90.5
5056      	18:24:20  	97.2  	-67.3 	2     	7.8      	011   	-1.5       	-7.7       	16974     	-90.5
5058      	18:24:22  	97.0  	-67.2 	2     	7.4      	014   	-1.8       	-7.2       	16980     	-90.5
5060      	18:24:24  	96.9  	-67.2 	2     	7.0      	017   	-2.0       	-6.7       	16987     	-90.5
5062      	18:24:26  	96.8  	-67.1 	2     	6.8      	019   	-2.2       	-6.4       	16994     	-90.4
5064      	18:24:28  	96.7  	-67.1 	2     	6.6      	021   	-2.4       	-6.2       	17000     	-90.4
5066      	18:24:30  	96.6  	-67.0 	2     	6.4      	024   	-2.6       	-5.9       	17007     	-90.3
5068      	18:24:32  	96.5  	-66.9 	2     	6.1      	026   	-2.7       	-5.5       	17014     	-90.2
5070      	18:24:34  	96.4  	-66.8 	2     	5.8      	029   	-2.8       	-5.1       	17020     	-90.2
5072      	18:24:36  	96.3  	-66.8 	2     	5.5      	031   	-2.8       	-4.7       	17027     	-90.1
5074      	18:24:38  	96.2  	-66.7 	2     	5.2      	034   	-2.9       	-4.3       	17033     	-90.0
5076      	18:24:40  	96.1  	-66.6 	2     	5.0      	034   	-2.8       	-4.2       	17040     	-89.9
5078      	18:24:42  	96.0  	-66.5 	2     	4.8      	034   	-2.7       	-4.0       	17047     	-89.9
5080      	18:24:44  	95.9  	-66.5 	2     	4.7      	035   	-2.7       	-3.8       	17054     	-89.9
5082      	18:24:46  	95.8  	-66.4 	2     	4.4      	035   	-2.5       	-3.6       	17061     	-89.8
5084      	18:24:48  	95.6  	-66.4 	2     	4.2      	035   	-2.4       	-3.4       	17068     	-89.8
5086      	18:24:50  	95.5  	-66.3 	2     	3.9      	035   	-2.2       	-3.2       	17075     	-89.7
5088      	18:24:52  	95.4  	-66.2 	2     	3.7      	034   	-2.1       	-3.1       	17081     	-89.7
5090      	18:24:54  	95.3  	-66.2 	2     	3.6      	034   	-2.0       	-3.0       	17088     	-89.7
5092      	18:24:56  	95.2  	-66.1 	2     	3.5      	033   	-1.9       	-2.9       	17095     	-89.6
5094      	18:24:58  	95.1  	-66.1 	2     	3.2      	034   	-1.8       	-2.7       	17101     	-89.6
5096      	18:25:00  	95.0  	-66.0 	2     	3.0      	037   	-1.8       	-2.4       	17108     	-89.5
5098      	18:25:02  	94.9  	-65.9 	2     	2.7      	039   	-1.7       	-2.1       	17114     	-89.4
5100      	18:25:04  	94.8  	-65.9 	2     	2.5      	043   	-1.7       	-1.8       	17121     	-89.4
5102      	18:25:06  	94.7  	-65.9 	2     	2.3      	047   	-1.7       	-1.6       	17128     	-89.3
5104      	18:25:08  	94.6  	-65.9 	2     	2.2      	051   	-1.7       	-1.4       	17134     	-89.3
5106      	18:25:10  	94.5  	-65.8 	2     	2.0      	063   	-1.8       	-0.9       	17141     	-89.3
5108      	18:25:12  	94.4  	-65.8 	2     	2.0      	081   	-2.0       	-0.3       	17147     	-89.2
5110      	18:25:14  	94.3  	-65.8 	2     	2.2      	100   	-2.2       	0.4        	17154     	-89.2
5112      	18:25:16  	94.2  	-65.8 	2     	2.6      	113   	-2.4       	1.0        	17160     	-89.2
5114      	18:25:18  	94.1  	-65.8 	2     	2.9      	119   	-2.5       	1.4        	17168     	-89.2
5116      	18:25:20  	94.0  	-65.8 	2     	3.2      	124   	-2.7       	1.8        	17175     	-89.2
5118      	18:25:22  	93.9  	-65.8 	2     	3.6      	128   	-2.8       	2.2        	17182     	-89.1
5120      	18:25:24  	93.8  	-65.8 	2     	4.1      	135   	-2.9       	2.9        	17188     	-89.1
5122      	18:25:26  	93.7  	-65.8 	2     	4.5      	140   	-2.9       	3.5        	17195     	-89.1
5124      	18:25:28  	93.6  	-65.8 	2     	5.0      	146   	-2.8       	4.2        	17202     	-89.1
5126      	18:25:30  	93.4  	-65.8 	2     	5.5      	149   	-2.8       	4.7        	17209     	-89.0
5128      	18:25:32  	93.3  	-65.8 	2     	5.5      	152   	-2.6       	4.9        	17216     	-89.0
5130      	18:25:34  	93.2  	-65.8 	2     	5.7      	155   	-2.4       	5.2        	17224     	-89.1
5132      	18:25:36  	93.1  	-65.8 	2     	6.0      	157   	-2.3       	5.5        	17231     	-89.1
5134      	18:25:38  	93.0  	-65.9 	2     	6.3      	160   	-2.2       	5.9        	17238     	-89.1
5136      	18:25:40  	92.9  	-65.9 	2     	6.7      	161   	-2.2       	6.3        	17245     	-89.0
5138      	18:25:42  	92.8  	-65.9 	2     	7.0      	163   	-2.1       	6.7        	17252     	-89.0
5140      	18:25:44  	92.7  	-65.9 	2     	7.1      	162   	-2.2       	6.8        	17259     	-89.1
5142      	18:25:46  	92.6  	-65.9 	2     	7.3      	162   	-2.3       	6.9        	17266     	-89.1
5144      	18:25:48  	92.5  	-65.9 	2     	7.4      	162   	-2.3       	7.0        	17273     	-89.0
5146      	18:25:50  	92.3  	-65.9 	2     	7.4      	164   	-2.1       	7.1        	17280     	-89.1
5148      	18:25:52  	92.2  	-65.9 	2     	7.4      	165   	-1.9       	7.2        	17288     	-89.1
5150      	18:25:54  	92.1  	-66.0 	2     	7.5      	167   	-1.7       	7.3        	17296     	-89.1
5152      	18:25:56  	92.0  	-66.0 	2     	7.6      	169   	-1.5       	7.4        	17303     	-89.1
5154      	18:25:58  	91.9  	-66.0 	2     	7.4      	171   	-1.1       	7.3        	17311     	-89.2
5156      	18:26:00  	91.8  	-66.1 	2     	7.3      	174   	-0.8       	7.3        	17318     	-89.2
5158      	18:26:02  	91.7  	-66.1 	2     	7.3      	176   	-0.5       	7.3        	17325     	-89.2
5160      	18:26:04  	91.6  	-66.1 	2     	7.2      	178   	-0.2       	7.2        	17332     	-89.2
5162      	18:26:06  	91.5  	-66.1 	2     	7.2      	182   	0.2        	7.2        	17340     	-89.2
5164      	18:26:08  	91.3  	-66.1 	2     	7.2      	184   	0.5        	7.2        	17347     	-89.1
5166      	18:26:10  	91.2  	-66.2 	2     	7.1      	184   	0.5        	7.1        	17354     	-89.1
5168      	18:26:12  	91.1  	-66.2 	2     	7.1      	184   	0.5        	7.1        	17361     	-89.1
5170      	18:26:14  	91.0  	-66.2 	2     	7.1      	184   	0.5        	7.1        	17368     	-89.1
5172      	18:26:16  	90.9  	-66.2 	2     	6.9      	184   	0.5        	6.9        	17375     	-89.2
5174      	18:26:18  	90.8  	-66.2 	2     	6.6      	184   	0.5        	6.6        	17382     	-89.2
5176      	18:26:20  	90.7  	-66.3 	2     	6.3      	185   	0.5        	6.3        	17390     	-89.2
5178      	18:26:22  	90.6  	-66.3 	2     	6.0      	184   	0.4        	6.0        	17397     	-89.3
5180      	18:26:24  	90.5  	-66.3 	2     	5.7      	184   	0.4        	5.7        	17405     	-89.3
5182      	18:26:26  	90.4  	-66.3 	2     	5.4      	183   	0.3        	5.4        	17412     	-89.4
5184      	18:26:28  	90.3  	-66.3 	2     	5.1      	183   	0.3        	5.1        	17419     	-89.4
5186      	18:26:30  	90.2  	-66.3 	2     	4.6      	182   	0.2        	4.6        	17426     	-89.4
5188      	18:26:32  	90.1  	-66.4 	2     	4.1      	181   	0.1        	4.1        	17433     	-89.4
5190      	18:26:34  	89.9  	-66.4 	2     	3.6      	180   	-0.0       	3.6        	17441     	-89.4
5192      	18:26:36  	89.8  	-66.4 	2     	3.4      	178   	-0.1       	3.4        	17448     	-89.4
5194      	18:26:38  	89.7  	-66.5 	2     	3.2      	178   	-0.1       	3.2        	17455     	-89.4
5196      	18:26:40  	89.6  	-66.5 	2     	2.9      	176   	-0.2       	2.9        	17462     	-89.4
5198      	18:26:42  	89.5  	-66.5 	2     	2.5      	178   	-0.1       	2.5        	17469     	-89.4
5200      	18:26:44  	89.4  	-66.5 	2     	2.0      	180   	-0.0       	2.0        	17476     	-89.5
5202      	18:26:46  	89.3  	-66.5 	2     	1.5      	184   	0.1        	1.5        	17483     	-89.5
5204      	18:26:48  	89.2  	-66.5 	2     	1.1      	185   	0.1        	1.1        	17491     	-89.4
5206      	18:26:50  	89.1  	-66.6 	2     	0.9      	201   	0.3        	0.8        	17498     	-89.4
5208      	18:26:52  	89.0  	-66.6 	2     	0.6      	219   	0.4        	0.5        	17505     	-89.4
5210      	18:26:54  	88.9  	-66.6 	2     	0.5      	270   	0.5        	0.0        	17512     	-89.4
5212      	18:26:56  	88.8  	-66.6 	2     	0.7      	315   	0.5        	-0.5       	17520     	-89.4
5214      	18:26:58  	88.7  	-66.6 	2     	1.3      	331   	0.6        	-1.1       	17527     	-89.4
5216      	18:27:00  	88.6  	-66.6 	2     	1.8      	338   	0.7        	-1.7       	17534     	-89.4
5218      	18:27:02  	88.5  	-66.5 	2     	2.0      	342   	0.6        	-1.9       	17541     	-89.4
5220      	18:27:04  	88.4  	-66.5 	2     	2.3      	345   	0.6        	-2.2       	17548     	-89.4
5222      	18:27:06  	88.3  	-66.5 	2     	2.6      	349   	0.5        	-2.6       	17555     	-89.4
5224      	18:27:08  	88.2  	-66.5 	2     	3.1      	358   	0.1        	-3.1       	17561     	-89.4
5226      	18:27:10  	88.1  	-66.5 	2     	3.6      	003   	-0.2       	-3.6       	17568     	-89.4
5228      	18:27:12  	88.0  	-66.5 	2     	4.1      	008   	-0.6       	-4.1       	17575     	-89.4
5230      	18:27:14  	87.9  	-66.5 	2     	4.5      	012   	-0.9       	-4.4       	17582     	-89.4
5232      	18:27:16  	87.8  	-66.4 	2     	4.9      	014   	-1.2       	-4.7       	17589     	-89.4
5234      	18:27:18  	87.7  	-66.4 	2     	5.1      	017   	-1.5       	-4.9       	17595     	-89.4
5236      	18:27:20  	87.6  	-66.4 	2     	5.4      	020   	-1.9       	-5.1       	17602     	-89.4
5238      	18:27:22  	87.5  	-66.3 	2     	5.8      	024   	-2.4       	-5.3       	17608     	-89.4
5240      	18:27:24  	87.4  	-66.3 	2     	6.3      	029   	-3.0       	-5.5       	17615     	-89.4
5242      	18:27:26  	87.3  	-66.3 	2     	6.6      	031   	-3.4       	-5.6       	17621     	-89.3
5244      	18:27:28  	87.2  	-66.2 	2     	6.6      	033   	-3.6       	-5.5       	17628     	-89.2
5246      	18:27:30  	87.1  	-66.2 	2     	6.7      	035   	-3.8       	-5.5       	17635     	-89.1
5248      	18:27:32  	87.0  	-66.1 	2     	6.7      	038   	-4.1       	-5.3       	17642     	-89.1
5250      	18:27:34  	86.9  	-66.1 	2     	6.7      	041   	-4.4       	-5.1       	17649     	-89.0
5252      	18:27:36  	86.8  	-66.1 	2     	6.7      	044   	-4.7       	-4.8       	17655     	-89.0
5254      	18:27:38  	86.7  	-66.1 	2     	6.9      	048   	-5.1       	-4.6       	17662     	-89.0
5256      	18:27:40  	86.6  	-66.0 	2     	6.8      	050   	-5.2       	-4.4       	17669     	-89.0
5258      	18:27:42  	86.5  	-66.0 	2     	6.8      	052   	-5.3       	-4.2       	17675     	-89.0
5260      	18:27:44  	86.4  	-66.0 	2     	6.7      	053   	-5.4       	-4.0       	17682     	-89.0
5262      	18:27:46  	86.3  	-66.0 	2     	6.5      	056   	-5.4       	-3.6       	17688     	-88.9
5264      	18:27:48  	86.2  	-66.0 	2     	6.3      	061   	-5.5       	-3.1       	17695     	-88.9
5266      	18:27:50  	86.2  	-65.9 	2     	6.1      	065   	-5.5       	-2.6       	17701     	-88.9
5268      	18:27:52  	86.1  	-65.9 	2     	5.9      	068   	-5.5       	-2.2       	17708     	-88.8
5270      	18:27:54  	86.0  	-65.9 	2     	5.8      	071   	-5.5       	-1.9       	17714     	-88.8
5272      	18:27:56  	85.9  	-65.9 	3     	5.6      	074   	-5.4       	-1.5       	17721     	-88.8
5274      	18:27:58  	85.8  	-65.8 	3     	5.5      	077   	-5.4       	-1.2       	17728     	-88.7
5276      	18:28:00  	85.7  	-65.8 	3     	5.2      	082   	-5.2       	-0.7       	17734     	-88.7
5278      	18:28:02  	85.6  	-65.8 	2     	5.0      	087   	-5.0       	-0.3       	17740     	-88.7
5280      	18:28:04  	85.5  	-65.8 	2     	4.9      	092   	-4.9       	0.2        	17747     	-88.7
5282      	18:28:06  	85.4  	-65.7 	2     	4.7      	095   	-4.7       	0.4        	17753     	-88.7
5284      	18:28:08  	85.3  	-65.7 	2     	4.6      	097   	-4.6       	0.6        	17760     	-88.7
5286      	18:28:10  	85.2  	-65.7 	2     	4.6      	100   	-4.5       	0.8        	17766     	-88.7
5288      	18:28:12  	85.1  	-65.7 	2     	4.4      	102   	-4.3       	0.9        	17773     	-88.8
5290      	18:28:14  	85.1  	-65.7 	2     	4.4      	106   	-4.2       	1.2        	17779     	-88.8
5292      	18:28:16  	85.0  	-65.7 	2     	4.2      	109   	-4.0       	1.4        	17786     	-88.8
5294      	18:28:18  	84.9  	-65.7 	2     	4.2      	111   	-3.9       	1.5        	17792     	-88.8
5296      	18:28:20  	84.8  	-65.7 	2     	4.1      	113   	-3.8       	1.6        	17798     	-88.8
5298      	18:28:22  	84.7  	-65.7 	2     	4.2      	114   	-3.8       	1.7        	17805     	-88.7
5300      	18:28:24  	84.6  	-65.7 	2     	4.1      	115   	-3.7       	1.7        	17811     	-88.7
5302      	18:28:26  	84.5  	-65.8 	2     	4.1      	116   	-3.7       	1.8        	17818     	-88.7
5304      	18:28:28  	84.4  	-65.8 	3     	4.1      	118   	-3.6       	1.9        	17824     	-88.7
5306      	18:28:30  	84.3  	-65.8 	3     	4.0      	120   	-3.5       	2.0        	17831     	-88.6
5308      	18:28:32  	84.2  	-65.8 	3     	4.0      	122   	-3.4       	2.1        	17837     	-88.6
5310      	18:28:34  	84.2  	-65.8 	3     	4.0      	122   	-3.4       	2.1        	17844     	-88.6
5312      	18:28:36  	84.1  	-65.8 	3     	4.0      	124   	-3.3       	2.2        	17850     	-88.6
5314      	18:28:38  	84.0  	-65.8 	3     	4.0      	124   	-3.3       	2.2        	17857     	-88.6
5316      	18:28:40  	83.9  	-65.8 	3     	3.9      	122   	-3.3       	2.1        	17863     	-88.6
5318      	18:28:42  	83.8  	-65.9 	3     	3.9      	122   	-3.3       	2.1        	17870     	-88.6
5320      	18:28:44  	83.7  	-65.9 	3     	3.9      	121   	-3.3       	2.0        	17876     	-88.6
5322      	18:28:46  	83.6  	-66.0 	3     	3.9      	119   	-3.4       	1.9        	17883     	-88.6
5324      	18:28:48  	83.5  	-66.0 	3     	3.9      	119   	-3.4       	1.9        	17889     	-88.6
5326      	18:28:50  	83.4  	-66.1 	3     	3.9      	117   	-3.5       	1.8        	17896     	-88.6
5328      	18:28:52  	83.3  	-66.1 	3     	4.0      	113   	-3.7       	1.6        	17902     	-88.6
5330      	18:28:54  	83.3  	-66.1 	3     	4.1      	112   	-3.8       	1.5        	17908     	-88.7
5332      	18:28:56  	83.2  	-66.2 	3     	4.2      	109   	-4.0       	1.4        	17915     	-88.7
5334      	18:28:58  	83.1  	-66.2 	3     	4.4      	107   	-4.2       	1.3        	17921     	-88.8
5336      	18:29:00  	83.0  	-66.3 	3     	4.5      	107   	-4.3       	1.3        	17927     	-88.8
5338      	18:29:02  	82.9  	-66.3 	3     	4.6      	105   	-4.4       	1.2        	17934     	-88.9
5340      	18:29:04  	82.8  	-66.3 	3     	4.5      	103   	-4.4       	1.0        	17940     	-88.9
5342      	18:29:06  	82.7  	-66.4 	3     	4.4      	099   	-4.3       	0.7        	17947     	-88.9
5344      	18:29:08  	82.6  	-66.4 	3     	4.3      	097   	-4.3       	0.5        	17953     	-88.9
5346      	18:29:10  	82.6  	-66.4 	3     	4.2      	094   	-4.2       	0.3        	17960     	-88.9
5348      	18:29:12  	82.5  	-66.5 	3     	4.0      	090   	-4.0       	-0.0       	17966     	-88.9
5350      	18:29:14  	82.4  	-66.5 	3     	3.8      	087   	-3.8       	-0.2       	17973     	-89.0
5352      	18:29:16  	82.3  	-66.5 	3     	3.7      	084   	-3.7       	-0.4       	17980     	-89.0
5354      	18:29:18  	82.2  	-66.5 	3     	3.7      	081   	-3.7       	-0.6       	17986     	-89.0
5356      	18:29:20  	82.1  	-66.5 	3     	3.8      	078   	-3.7       	-0.8       	17993     	-89.0
5358      	18:29:22  	82.0  	-66.6 	3     	3.8      	075   	-3.7       	-1.0       	18000     	-89.1
5360      	18:29:24  	81.9  	-66.6 	3     	4.0      	076   	-3.9       	-1.0       	18007     	-89.1
5362      	18:29:26  	81.8  	-66.6 	3     	4.2      	075   	-4.1       	-1.1       	18014     	-89.0
5364      	18:29:28  	81.7  	-66.6 	3     	4.4      	076   	-4.3       	-1.1       	18020     	-89.1
5366      	18:29:30  	81.7  	-66.6 	3     	4.8      	077   	-4.7       	-1.1       	18027     	-89.0
5368      	18:29:32  	81.6  	-66.6 	3     	5.3      	077   	-5.2       	-1.2       	18033     	-89.0
5370      	18:29:34  	81.5  	-66.6 	3     	5.8      	077   	-5.7       	-1.3       	18040     	-89.0
5372      	18:29:36  	81.4  	-66.6 	3     	6.2      	078   	-6.1       	-1.3       	18046     	-89.0
5374      	18:29:38  	81.3  	-66.6 	3     	6.5      	079   	-6.4       	-1.3       	18053     	-89.0
5376      	18:29:40  	81.2  	-66.6 	3     	6.7      	078   	-6.6       	-1.4       	18059     	-89.0
5378      	18:29:42  	81.1  	-66.6 	3     	7.2      	079   	-7.1       	-1.4       	18066     	-89.1
5380      	18:29:44  	81.0  	-66.6 	3     	7.8      	080   	-7.7       	-1.4       	18073     	-89.1
5382      	18:29:46  	80.9  	-66.6 	3     	8.3      	080   	-8.2       	-1.4       	18079     	-89.1
5384      	18:29:48  	80.9  	-66.5 	3     	8.8      	081   	-8.7       	-1.4       	18086     	-89.1
5386      	18:29:50  	80.8  	-66.5 	3     	9.1      	082   	-9.0       	-1.3       	18092     	-89.1
5388      	18:29:52  	80.7  	-66.5 	3     	9.4      	082   	-9.3       	-1.3       	18099     	-89.1
5390      	18:29:54  	80.6  	-66.5 	3     	9.7      	083   	-9.6       	-1.2       	18106     	-89.1
5392      	18:29:56  	80.5  	-66.5 	3     	10.2     	083   	-10.1      	-1.3       	18112     	-89.1
5394      	18:29:58  	80.4  	-66.5 	3     	10.8     	083   	-10.7      	-1.3       	18119     	-89.1
5396      	18:30:00  	80.3  	-66.5 	3     	11.3     	083   	-11.2      	-1.3       	18125     	-89.1
5398      	18:30:02  	80.2  	-66.5 	3     	11.6     	084   	-11.5      	-1.3       	18132     	-89.1
5400      	18:30:04  	80.2  	-66.5 	3     	11.9     	083   	-11.8      	-1.4       	18139     	-89.1
5402      	18:30:06  	80.1  	-66.5 	3     	12.1     	083   	-12.0      	-1.5       	18145     	-89.0
5404      	18:30:08  	80.0  	-66.5 	3     	12.6     	084   	-12.5      	-1.4       	18152     	-89.0
5406      	18:30:10  	79.9  	-66.5 	3     	13.2     	084   	-13.1      	-1.4       	18159     	-89.0
5408      	18:30:12  	79.8  	-66.5 	3     	13.7     	085   	-13.6      	-1.3       	18165     	-89.0
5410      	18:30:14  	79.7  	-66.5 	3     	14.2     	085   	-14.1      	-1.3       	18172     	-89.0
5412      	18:30:16  	79.6  	-66.5 	3     	14.4     	086   	-14.4      	-1.1       	18179     	-88.9
5414      	18:30:18  	79.5  	-66.5 	3     	14.7     	086   	-14.7      	-1.0       	18186     	-88.9
5416      	18:30:20  	79.4  	-66.5 	3     	14.9     	087   	-14.9      	-0.9       	18193     	-88.9
5418      	18:30:22  	79.3  	-66.5 	3     	14.9     	087   	-14.9      	-0.9       	18200     	-88.9
5420      	18:30:24  	79.3  	-66.5 	3     	14.9     	087   	-14.9      	-0.9       	18206     	-88.9
5422      	18:30:26  	79.2  	-66.5 	3     	14.9     	087   	-14.9      	-0.9       	18213     	-88.9
5424      	18:30:28  	79.1  	-66.5 	3     	14.6     	086   	-14.6      	-0.9       	18220     	-88.9
5426      	18:30:30  	79.0  	-66.6 	3     	14.4     	086   	-14.4      	-1.0       	18227     	-89.0
5428      	18:30:32  	78.9  	-66.6 	3     	14.1     	086   	-14.1      	-1.1       	18234     	-89.0
5430      	18:30:34  	78.8  	-66.6 	3     	13.9     	085   	-13.8      	-1.2       	18241     	-89.0
5432      	18:30:36  	78.7  	-66.6 	3     	13.5     	085   	-13.4      	-1.2       	18248     	-89.1
5434      	18:30:38  	78.6  	-66.6 	3     	13.2     	085   	-13.1      	-1.2       	18255     	-89.1
5436      	18:30:40  	78.5  	-66.6 	3     	12.9     	085   	-12.8      	-1.2       	18262     	-89.1
5438      	18:30:42  	78.4  	-66.6 	3     	12.8     	085   	-12.8      	-1.1       	18269     	-89.1
5440      	18:30:44  	78.3  	-66.6 	3     	12.8     	086   	-12.8      	-1.0       	18277     	-89.1
5442      	18:30:46  	78.3  	-66.5 	3     	12.7     	085   	-12.7      	-1.0       	18284     	-89.1
5444      	18:30:48  	78.2  	-66.5 	3     	12.5     	085   	-12.5      	-1.1       	18291     	-89.0
5446      	18:30:50  	78.1  	-66.5 	3     	12.5     	084   	-12.4      	-1.2       	18298     	-89.0
5448      	18:30:52  	78.0  	-66.4 	3     	12.3     	084   	-12.2      	-1.3       	18305     	-89.0
5450      	18:30:54  	77.9  	-66.4 	3     	12.2     	083   	-12.1      	-1.4       	18311     	-89.0
5452      	18:30:56  	77.8  	-66.4 	3     	12.1     	082   	-12.0      	-1.6       	18318     	-89.0
5454      	18:30:58  	77.7  	-66.4 	3     	12.0     	082   	-11.9      	-1.7       	18325     	-89.0
5456      	18:31:00  	77.6  	-66.3 	3     	11.9     	080   	-11.7      	-2.1       	18333     	-89.0
5458      	18:31:02  	77.5  	-66.3 	3     	11.8     	078   	-11.5      	-2.5       	18340     	-88.9
5460      	18:31:04  	77.4  	-66.3 	3     	11.5     	076   	-11.2      	-2.8       	18347     	-88.9
5462      	18:31:06  	77.3  	-66.3 	3     	11.5     	074   	-11.0      	-3.2       	18354     	-88.9
5464      	18:31:08  	77.3  	-66.3 	3     	11.4     	073   	-10.9      	-3.4       	18362     	-88.9
5466      	18:31:10  	77.2  	-66.2 	3     	11.4     	072   	-10.8      	-3.6       	18369     	-88.8
5468      	18:31:12  	77.1  	-66.2 	3     	11.3     	070   	-10.6      	-3.9       	18376     	-88.8
5470      	18:31:14  	77.0  	-66.2 	3     	11.2     	068   	-10.4      	-4.1       	18384     	-88.7
5472      	18:31:16  	76.9  	-66.2 	3     	11.1     	067   	-10.2      	-4.4       	18391     	-88.7
5474      	18:31:18  	76.8  	-66.2 	3     	11.0     	065   	-9.9       	-4.7       	18398     	-88.7
5476      	18:31:20  	76.7  	-66.1 	3     	10.9     	064   	-9.8       	-4.8       	18406     	-88.7
5478      	18:31:22  	76.6  	-66.1 	3     	10.7     	063   	-9.6       	-4.8       	18413     	-88.7
5480      	18:31:24  	76.5  	-66.0 	3     	10.6     	063   	-9.5       	-4.8       	18421     	-88.6
5482      	18:31:26  	76.4  	-66.0 	3     	10.5     	063   	-9.3       	-4.8       	18428     	-88.6
5484      	18:31:28  	76.3  	-65.9 	3     	10.2     	062   	-9.0       	-4.8       	18436     	-88.6
5486      	18:31:30  	76.2  	-65.9 	3     	9.9      	061   	-8.7       	-4.8       	18444     	-88.6
5488      	18:31:32  	76.1  	-65.8 	3     	9.8      	061   	-8.5       	-4.8       	18451     	-88.6
5490      	18:31:34  	76.0  	-65.8 	3     	9.6      	061   	-8.4       	-4.7       	18459     	-88.6
5492      	18:31:36  	75.9  	-65.8 	3     	9.5      	060   	-8.2       	-4.7       	18466     	-88.7
5494      	18:31:38  	75.8  	-65.8 	3     	9.3      	060   	-8.1       	-4.6       	18473     	-88.7
5496      	18:31:40  	75.7  	-65.8 	3     	9.2      	061   	-8.1       	-4.4       	18481     	-88.7
5498      	18:31:42  	75.7  	-65.8 	3     	9.0      	063   	-8.0       	-4.1       	18488     	-88.7
5500      	18:31:44  	75.6  	-65.8 	3     	8.9      	064   	-8.0       	-3.9       	18495     	-88.7
5502      	18:31:46  	75.5  	-65.8 	3     	8.8      	065   	-8.0       	-3.7       	18503     	-88.7
5504      	18:31:48  	75.4  	-65.8 	3     	8.8      	067   	-8.1       	-3.5       	18510     	-88.6
5506      	18:31:50  	75.3  	-65.7 	3     	8.9      	067   	-8.2       	-3.4       	18518     	-88.6
5508      	18:31:52  	75.2  	-65.7 	3     	9.1      	069   	-8.5       	-3.2       	18525     	-88.5
5510      	18:31:54  	75.1  	-65.7 	3     	9.4      	071   	-8.9       	-3.0       	18533     	-88.4
5512      	18:31:56  	75.0  	-65.6 	3     	9.6      	073   	-9.2       	-2.8       	18540     	-88.4
5514      	18:31:58  	74.9  	-65.6 	3     	9.9      	075   	-9.6       	-2.6       	18547     	-88.3
5516      	18:32:00  	74.8  	-65.5 	3     	10.1     	075   	-9.8       	-2.6       	18555     	-88.3
5518      	18:32:02  	74.7  	-65.4 	3     	10.4     	076   	-10.1      	-2.6       	18562     	-88.3
5520      	18:32:04  	74.6  	-65.4 	3     	10.7     	076   	-10.4      	-2.6       	18570     	-88.2
5522      	18:32:06  	74.6  	-65.3 	3     	11.2     	076   	-10.9      	-2.7       	18577     	-88.2
5524      	18:32:08  	74.5  	-65.2 	3     	11.8     	076   	-11.4      	-2.9       	18585     	-88.2
5526      	18:32:10  	74.4  	-65.1 	3     	12.3     	075   	-11.9      	-3.1       	18593     	-88.2
5528      	18:32:12  	74.3  	-65.1 	2     	12.6     	075   	-12.2      	-3.2       	18600     	-88.1
5530      	18:32:14  	74.2  	-65.0 	2     	12.9     	075   	-12.4      	-3.4       	18608     	-88.1
5532      	18:32:16  	74.1  	-65.0 	2     	13.2     	074   	-12.7      	-3.6       	18615     	-88.1
5534      	18:32:18  	74.0  	-64.9 	2     	13.7     	075   	-13.2      	-3.6       	18623     	-88.1
5536      	18:32:20  	73.9  	-64.9 	2     	14.3     	075   	-13.8      	-3.6       	18630     	-88.0
5538      	18:32:22  	73.8  	-64.8 	2     	14.8     	076   	-14.4      	-3.6       	18638     	-88.0
5540      	18:32:24  	73.7  	-64.8 	2     	15.3     	076   	-14.9      	-3.6       	18645     	-87.9
5542      	18:32:26  	73.6  	-64.7 	2     	15.6     	077   	-15.2      	-3.4       	18652     	-87.9
5544      	18:32:28  	73.5  	-64.7 	3     	15.8     	078   	-15.5      	-3.2       	18660     	-87.8
5546      	18:32:30  	73.5  	-64.6 	3     	15.9     	080   	-15.7      	-2.7       	18668     	-87.7
5548      	18:32:32  	73.4  	-64.6 	3     	16.1     	083   	-16.0      	-2.0       	18676     	-87.7
5550      	18:32:34  	73.3  	-64.5 	3     	16.3     	085   	-16.2      	-1.4       	18683     	-87.6
5552      	18:32:36  	73.2  	-64.5 	3     	16.5     	088   	-16.5      	-0.7       	18691     	-87.6
5554      	18:32:38  	73.1  	-64.4 	3     	16.4     	089   	-16.4      	-0.3       	18698     	-87.5
5556      	18:32:40  	73.0  	-64.3 	3     	16.3     	091   	-16.3      	0.2        	18705     	-87.5
5558      	18:32:42  	72.9  	-64.3 	3     	16.2     	092   	-16.2      	0.7        	18712     	-87.5
5560      	18:32:44  	72.8  	-64.2 	3     	16.1     	095   	-16.0      	1.4        	18719     	-87.4
5562      	18:32:46  	72.8  	-64.2 	3     	16.0     	098   	-15.9      	2.1        	18726     	-87.4
5564      	18:32:48  	72.7  	-64.1 	3     	16.0     	100   	-15.7      	2.9        	18733     	-87.4
5566      	18:32:50  	72.6  	-64.1 	3     	15.9     	102   	-15.6      	3.2        	18740     	-87.4
5568      	18:32:52  	72.5  	-64.1 	3     	15.9     	103   	-15.5      	3.5        	18747     	-87.3
5570      	18:32:54  	72.4  	-64.0 	3     	15.8     	104   	-15.4      	3.7        	18754     	-87.3
5572      	18:32:56  	72.3  	-64.0 	3     	15.8     	104   	-15.3      	3.8        	18761     	-87.3
5574      	18:32:58  	72.3  	-64.0 	3     	15.6     	104   	-15.1      	3.9        	18768     	-87.2
5576      	18:33:00  	72.2  	-64.0 	3     	15.5     	105   	-15.0      	3.9        	18775     	-87.2
5578      	18:33:02  	72.1  	-63.9 	3     	15.4     	105   	-14.9      	3.9        	18782     	-87.2
5580      	18:33:04  	72.0  	-63.9 	3     	15.4     	104   	-14.9      	3.7        	18789     	-87.2
5582      	18:33:06  	71.9  	-63.9 	3     	15.3     	103   	-14.9      	3.4        	18795     	-87.1
5584      	18:33:08  	71.9  	-63.9 	3     	15.2     	101   	-14.9      	2.9        	18802     	-87.1
5586      	18:33:10  	71.8  	-63.8 	3     	15.1     	099   	-14.9      	2.4        	18809     	-87.1
5588      	18:33:12  	71.7  	-63.8 	3     	14.9     	097   	-14.8      	1.9        	18816     	-87.1
5590      	18:33:14  	71.6  	-63.8 	3     	14.9     	095   	-14.8      	1.4        	18822     	-87.0
5592      	18:33:16  	71.5  	-63.8 	3     	14.8     	094   	-14.8      	1.0        	18829     	-86.9
5594      	18:33:18  	71.5  	-63.7 	3     	14.8     	093   	-14.8      	0.7        	18835     	-86.9
5596      	18:33:20  	71.4  	-63.7 	3     	14.8     	092   	-14.8      	0.4        	18842     	-86.8
5598      	18:33:22  	71.3  	-63.7 	3     	14.8     	090   	-14.8      	-0.0       	18849     	-86.8
5600      	18:33:24  	71.2  	-63.6 	3     	14.9     	088   	-14.9      	-0.5       	18855     	-86.8
5602      	18:33:26  	71.2  	-63.6 	3     	15.0     	086   	-15.0      	-1.0       	18862     	-86.8
5604      	18:33:28  	71.1  	-63.6 	3     	15.0     	085   	-15.0      	-1.2       	18869     	-86.7
5606      	18:33:30  	71.0  	-63.6 	3     	15.2     	085   	-15.1      	-1.4       	18875     	-86.7
5608      	18:33:32  	70.9  	-63.5 	3     	15.3     	084   	-15.2      	-1.6       	18882     	-86.7
5610      	18:33:34  	70.9  	-63.5 	3     	15.4     	083   	-15.3      	-1.8       	18888     	-86.7
5612      	18:33:36  	70.8  	-63.5 	3     	15.6     	083   	-15.5      	-2.0       	18895     	-86.7
5614      	18:33:38  	70.7  	-63.5 	3     	16.0     	082   	-15.8      	-2.2       	18901     	-86.6
5616      	18:33:40  	70.6  	-63.5 	3     	16.2     	081   	-16.0      	-2.4       	18907     	-86.6
5618      	18:33:42  	70.6  	-63.5 	3     	16.5     	081   	-16.3      	-2.5       	18914     	-86.6
5620      	18:33:44  	70.5  	-63.5 	3     	16.6     	081   	-16.4      	-2.5       	18921     	-86.5
5622      	18:33:46  	70.4  	-63.5 	3     	16.8     	081   	-16.6      	-2.5       	18927     	-86.5
5624      	18:33:48  	70.3  	-63.5 	3     	17.1     	082   	-16.9      	-2.5       	18934     	-86.5
5626      	18:33:50  	70.2  	-63.5 	3     	17.3     	082   	-17.1      	-2.5       	18941     	-86.5
5628      	18:33:52  	70.2  	-63.5 	3     	17.6     	082   	-17.4      	-2.5       	18948     	-86.5
5630      	18:33:54  	70.1  	-63.5 	3     	17.8     	082   	-17.6      	-2.5       	18955     	-86.5
5632      	18:33:56  	70.0  	-63.5 	3     	17.9     	082   	-17.7      	-2.6       	18961     	-86.5
5634      	18:33:58  	69.9  	-63.5 	3     	18.0     	082   	-17.8      	-2.6       	18968     	-86.5
5636      	18:34:00  	69.9  	-63.5 	3     	18.0     	082   	-17.8      	-2.6       	18974     	-86.5
5638      	18:34:02  	69.8  	-63.5 	3     	18.0     	082   	-17.8      	-2.5       	18981     	-86.4
5640      	18:34:04  	69.7  	-63.5 	3     	18.0     	082   	-17.8      	-2.4       	18988     	-86.4
5642      	18:34:06  	69.6  	-63.5 	3     	17.9     	083   	-17.8      	-2.3       	18994     	-86.4
5644      	18:34:08  	69.6  	-63.5 	3     	17.9     	083   	-17.8      	-2.2       	19001     	-86.4
5646      	18:34:10  	69.5  	-63.5 	3     	17.8     	084   	-17.7      	-2.0       	19007     	-86.4
5648      	18:34:12  	69.4  	-63.5 	3     	17.7     	084   	-17.6      	-1.9       	19014     	-86.4
5650      	18:34:14  	69.3  	-63.5 	3     	17.7     	084   	-17.6      	-1.7       	19020     	-86.5
5652      	18:34:16  	69.3  	-63.6 	3     	17.8     	085   	-17.7      	-1.4       	19027     	-86.5
5654      	18:34:18  	69.2  	-63.6 	3     	17.8     	086   	-17.8      	-1.2       	19034     	-86.5
5656      	18:34:20  	69.1  	-63.6 	3     	17.9     	087   	-17.9      	-1.0       	19040     	-86.5
5658      	18:34:22  	69.0  	-63.5 	3     	18.1     	087   	-18.1      	-0.8       	19047     	-86.5
5660      	18:34:24  	69.0  	-63.5 	3     	18.3     	088   	-18.3      	-0.7       	19054     	-86.5
5662      	18:34:26  	68.9  	-63.5 	3     	18.4     	088   	-18.4      	-0.6       	19061     	-86.5
5664      	18:34:28  	68.8  	-63.5 	3     	18.4     	088   	-18.4      	-0.5       	19068     	-86.5
5666      	18:34:30  	68.7  	-63.5 	3     	18.4     	088   	-18.4      	-0.5       	19075     	-86.4
5668      	18:34:32  	68.7  	-63.5 	3     	18.4     	088   	-18.4      	-0.5       	19082     	-86.4
5670      	18:34:34  	68.6  	-63.5 	3     	18.2     	088   	-18.2      	-0.5       	19089     	-86.3
5672      	18:34:36  	68.5  	-63.5 	3     	18.0     	088   	-18.0      	-0.6       	19095     	-86.3
5674      	18:34:38  	68.4  	-63.5 	3     	17.8     	088   	-17.8      	-0.7       	19102     	-86.2
5676      	18:34:40  	68.4  	-63.5 	3     	17.6     	088   	-17.6      	-0.7       	19109     	-86.2
5678      	18:34:42  	68.3  	-63.5 	3     	17.4     	088   	-17.4      	-0.7       	19115     	-86.2
5680      	18:34:44  	68.2  	-63.5 	3     	17.2     	088   	-17.2      	-0.7       	19122     	-86.2
5682      	18:34:46  	68.1  	-63.5 	3     	17.1     	088   	-17.1      	-0.6       	19129     	-86.2
5684      	18:34:48  	68.1  	-63.5 	3     	17.1     	088   	-17.1      	-0.5       	19135     	-86.2
5686      	18:34:50  	68.0  	-63.5 	3     	17.0     	089   	-17.0      	-0.3       	19142     	-86.2
5688      	18:34:52  	67.9  	-63.5 	3     	17.0     	089   	-17.0      	-0.2       	19149     	-86.2
5690      	18:34:54  	67.8  	-63.5 	3     	16.8     	090   	-16.8      	-0.0       	19156     	-86.2
5692      	18:34:56  	67.7  	-63.6 	3     	16.7     	090   	-16.7      	0.1        	19164     	-86.2
5694      	18:34:58  	67.7  	-63.6 	3     	16.5     	091   	-16.5      	0.3        	19171     	-86.2
5696      	18:35:00  	67.6  	-63.6 	3     	16.3     	091   	-16.3      	0.3        	19179     	-86.2
5698      	18:35:02  	67.5  	-63.6 	3     	16.2     	091   	-16.2      	0.3        	19186     	-86.2
5700      	18:35:04  	67.4  	-63.6 	3     	16.0     	091   	-16.0      	0.4        	19193     	-86.2
5702      	18:35:06  	67.3  	-63.6 	3     	15.7     	092   	-15.7      	0.5        	19200     	-86.2
5704      	18:35:08  	67.3  	-63.6 	3     	15.3     	092   	-15.3      	0.6        	19208     	-86.3
5706      	18:35:10  	67.2  	-63.6 	3     	15.0     	093   	-15.0      	0.8        	19215     	-86.3
5708      	18:35:12  	67.1  	-63.6 	3     	14.7     	094   	-14.7      	0.9        	19222     	-86.3
5710      	18:35:14  	67.0  	-63.7 	3     	14.5     	094   	-14.5      	1.0        	19229     	-86.4
5712      	18:35:16  	67.0  	-63.7 	3     	14.2     	094   	-14.2      	1.1        	19236     	-86.4
5714      	18:35:18  	66.9  	-63.7 	3     	14.0     	096   	-13.9      	1.5        	19243     	-86.4
5716      	18:35:20  	66.8  	-63.8 	3     	13.7     	098   	-13.6      	1.8        	19250     	-86.4
5718      	18:35:22  	66.7  	-63.8 	3     	13.4     	099   	-13.2      	2.2        	19257     	-86.4
5720      	18:35:24  	66.6  	-63.8 	3     	13.1     	101   	-12.9      	2.5        	19264     	-86.4
5722      	18:35:26  	66.6  	-63.8 	3     	13.1     	102   	-12.8      	2.8        	19271     	-86.4
5724      	18:35:28  	66.5  	-63.9 	3     	13.0     	103   	-12.6      	3.0        	19278     	-86.5
5726      	18:35:30  	66.4  	-63.9 	3     	12.9     	104   	-12.5      	3.2        	19285     	-86.5
5728      	18:35:32  	66.3  	-63.9 	3     	12.7     	106   	-12.2      	3.5        	19292     	-86.5
5730      	18:35:34  	66.3  	-63.9 	3     	12.4     	107   	-11.8      	3.7        	19299     	-86.5
5732      	18:35:36  	66.2  	-64.0 	3     	12.2     	109   	-11.5      	4.0        	19306     	-86.5
5734      	18:35:38  	66.1  	-64.0 	3     	12.0     	110   	-11.3      	4.1        	19313     	-86.5
5736      	18:35:40  	66.0  	-64.0 	3     	11.9     	110   	-11.2      	4.1        	19320     	-86.5
5738      	18:35:42  	66.0  	-64.0 	3     	11.7     	110   	-11.0      	4.1        	19328     	-86.5
5740      	18:35:44  	65.9  	-64.0 	3     	11.5     	111   	-10.7      	4.1        	19335     	-86.6
5742      	18:35:46  	65.8  	-64.1 	3     	11.2     	111   	-10.5      	4.0        	19341     	-86.6
5744      	18:35:48  	65.7  	-64.1 	3     	11.0     	111   	-10.2      	4.0        	19348     	-86.6
5746      	18:35:50  	65.7  	-64.1 	3     	10.6     	112   	-9.9       	3.9        	19355     	-86.6
5748      	18:35:52  	65.6  	-64.2 	3     	10.5     	111   	-9.8       	3.8        	19362     	-86.6
5750      	18:35:54  	65.5  	-64.2 	3     	10.4     	111   	-9.7       	3.8        	19370     	-86.6
5752      	18:35:56  	65.4  	-64.2 	3     	10.3     	111   	-9.6       	3.7        	19377     	-86.6
5754      	18:35:58  	65.4  	-64.2 	3     	10.4     	110   	-9.8       	3.5        	19384     	-86.6
5756      	18:36:00  	65.3  	-64.3 	3     	10.5     	109   	-9.9       	3.4        	19390     	-86.6
5758      	18:36:02  	65.2  	-64.3 	3     	10.5     	108   	-10.0      	3.3        	19397     	-86.6
5760      	18:36:04  	65.1  	-64.2 	3     	10.7     	107   	-10.2      	3.2        	19404     	-86.6
5762      	18:36:06  	65.1  	-64.2 	3     	10.9     	107   	-10.4      	3.2        	19410     	-86.6
5764      	18:36:08  	65.0  	-64.2 	3     	11.1     	106   	-10.7      	3.1        	19417     	-86.6
5766      	18:36:10  	64.9  	-64.2 	3     	11.1     	105   	-10.7      	2.8        	19424     	-86.6
5768      	18:36:12  	64.8  	-64.2 	3     	10.8     	101   	-10.6      	2.1        	19431     	-86.7
5770      	18:36:14  	64.8  	-64.2 	3     	10.6     	098   	-10.5      	1.4        	19438     	-86.7
5772      	18:36:16  	64.7  	-64.2 	3     	10.3     	094   	-10.3      	0.7        	19445     	-86.7
5774      	18:36:18  	64.6  	-64.2 	3     	10.0     	091   	-10.0      	0.1        	19452     	-86.7
5776      	18:36:20  	64.6  	-64.2 	3     	9.6      	086   	-9.6       	-0.6       	19459     	-86.7
5778      	18:36:22  	64.5  	-64.2 	3     	9.4      	083   	-9.3       	-1.2       	19466     	-86.8
5780      	18:36:24  	64.4  	-64.1 	3     	9.1      	078   	-8.9       	-1.9       	19473     	-86.7
5782      	18:36:26  	64.3  	-64.1 	3     	9.0      	074   	-8.6       	-2.5       	19481     	-86.7
5784      	18:36:28  	64.3  	-64.1 	3     	8.8      	069   	-8.2       	-3.1       	19487     	-86.7
5786      	18:36:30  	64.2  	-64.1 	3     	8.7      	066   	-8.0       	-3.5       	19494     	-86.7
5788      	18:36:32  	64.1  	-64.1 	3     	8.7      	066   	-8.0       	-3.5       	19501     	-86.6
5790      	18:36:34  	64.0  	-64.1 	3     	9.1      	067   	-8.4       	-3.6       	19508     	-86.6
5792      	18:36:36  	64.0  	-64.1 	3     	9.6      	067   	-8.9       	-3.7       	19515     	-86.6
5794      	18:36:38  	63.9  	-64.0 	3     	10.1     	068   	-9.4       	-3.8       	19522     	-86.6
5796      	18:36:40  	63.8  	-64.0 	3     	10.6     	068   	-9.9       	-3.9       	19528     	-86.6
5798      	18:36:42  	63.8  	-64.0 	3     	11.2     	068   	-10.4      	-4.1       	19535     	-86.5
5800      	18:36:44  	63.7  	-64.0 	3     	11.7     	069   	-10.9      	-4.2       	19542     	-86.5
5802      	18:36:46  	63.6  	-63.9 	3     	12.3     	069   	-11.5      	-4.3       	19549     	-86.5
5804      	18:36:48  	63.5  	-63.9 	3     	13.2     	070   	-12.4      	-4.4       	19556     	-86.5
5806      	18:36:50  	63.5  	-63.9 	3     	14.0     	071   	-13.2      	-4.6       	19563     	-86.5
5808      	18:36:52  	63.4  	-63.9 	3     	14.8     	071   	-14.0      	-4.7       	19570     	-86.4
5810      	18:36:54  	63.3  	-63.9 	3     	15.2     	072   	-14.5      	-4.7       	19577     	-86.4
5812      	18:36:56  	63.3  	-63.9 	3     	15.5     	072   	-14.8      	-4.7       	19584     	-86.4
5814      	18:36:58  	63.2  	-63.9 	3     	15.8     	073   	-15.1      	-4.7       	19590     	-86.4
5816      	18:37:00  	63.1  	-63.9 	3     	16.3     	072   	-15.5      	-4.9       	19597     	-86.4
5818      	18:37:02  	63.0  	-63.9 	3     	16.8     	072   	-16.0      	-5.1       	19604     	-86.4
5820      	18:37:04  	63.0  	-63.8 	3     	17.3     	072   	-16.5      	-5.3       	19611     	-86.4
5822      	18:37:06  	62.9  	-63.8 	3     	17.8     	072   	-16.9      	-5.5       	19618     	-86.4
5824      	18:37:08  	62.8  	-63.8 	3     	17.9     	071   	-17.0      	-5.7       	19625     	-86.4
5826      	18:37:10  	62.8  	-63.8 	3     	18.1     	071   	-17.1      	-5.9       	19632     	-86.4
5828      	18:37:12  	62.7  	-63.8 	3     	18.3     	071   	-17.3      	-6.1       	19639     	-86.3
5830      	18:37:14  	62.6  	-63.8 	3     	18.7     	070   	-17.6      	-6.4       	19646     	-86.3
5832      	18:37:16  	62.5  	-63.8 	3     	19.0     	069   	-17.8      	-6.7       	19653     	-86.3
5834      	18:37:18  	62.5  	-63.8 	3     	19.3     	069   	-18.0      	-6.9       	19660     	-86.3
5836      	18:37:20  	62.4  	-63.8 	3     	19.5     	069   	-18.2      	-7.1       	19667     	-86.3
5838      	18:37:22  	62.3  	-63.8 	3     	19.7     	069   	-18.3      	-7.2       	19674     	-86.3
5840      	18:37:24  	62.3  	-63.8 	3     	19.8     	068   	-18.4      	-7.3       	19681     	-86.3
5842      	18:37:26  	62.2  	-63.8 	3     	20.0     	068   	-18.6      	-7.4       	19688     	-86.2
5844      	18:37:28  	62.1  	-63.8 	3     	20.3     	068   	-18.9      	-7.5       	19696     	-86.2
5846      	18:37:30  	62.0  	-63.8 	3     	20.6     	068   	-19.1      	-7.6       	19703     	-86.2
5848      	18:37:32  	62.0  	-63.8 	3     	20.9     	068   	-19.4      	-7.7       	19710     	-86.1
5850      	18:37:34  	61.9  	-63.8 	3     	21.0     	068   	-19.5      	-7.7       	19717     	-86.1
5852      	18:37:36  	61.8  	-63.8 	3     	21.2     	069   	-19.7      	-7.7       	19724     	-86.1
5854      	18:37:38  	61.7  	-63.9 	3     	21.4     	069   	-20.0      	-7.5       	19731     	-86.1
5856      	18:37:40  	61.7  	-63.9 	3     	21.5     	070   	-20.3      	-7.2       	19738     	-86.1
5858      	18:37:42  	61.6  	-63.9 	3     	21.9     	071   	-20.7      	-7.0       	19745     	-86.1
5860      	18:37:44  	61.5  	-63.9 	3     	22.0     	072   	-21.0      	-6.7       	19752     	-86.2
5862      	18:37:46  	61.5  	-63.9 	3     	22.1     	073   	-21.2      	-6.4       	19759     	-86.2
5864      	18:37:48  	61.4  	-63.9 	3     	22.3     	074   	-21.4      	-6.1       	19766     	-86.2
5866      	18:37:50  	61.3  	-63.9 	3     	22.4     	075   	-21.6      	-5.8       	19773     	-86.2
5868      	18:37:52  	61.3  	-64.0 	3     	22.5     	076   	-21.9      	-5.3       	19780     	-86.3
5870      	18:37:54  	61.2  	-64.0 	3     	22.7     	078   	-22.2      	-4.7       	19787     	-86.3
5872      	18:37:56  	61.1  	-64.0 	3     	22.9     	079   	-22.5      	-4.2       	19795     	-86.3
5874      	18:37:58  	61.0  	-64.0 	3     	22.9     	080   	-22.6      	-3.8       	19802     	-86.3
5876      	18:38:00  	61.0  	-64.0 	3     	23.0     	081   	-22.7      	-3.6       	19809     	-86.3
5878      	18:38:02  	60.9  	-63.9 	3     	23.1     	082   	-22.9      	-3.3       	19816     	-86.2
5880      	18:38:04  	60.8  	-63.9 	3     	23.1     	083   	-22.9      	-2.8       	19823     	-86.3
5882      	18:38:06  	60.8  	-63.9 	3     	23.1     	084   	-23.0      	-2.3       	19830     	-86.3
5884      	18:38:08  	60.7  	-63.9 	3     	23.1     	086   	-23.0      	-1.7       	19837     	-86.3
5886      	18:38:10  	60.6  	-63.9 	3     	23.0     	087   	-23.0      	-1.2       	19844     	-86.3
5888      	18:38:12  	60.6  	-63.9 	3     	23.0     	088   	-23.0      	-0.9       	19851     	-86.3
5890      	18:38:14  	60.5  	-63.9 	3     	22.9     	088   	-22.9      	-0.7       	19858     	-86.3
5892      	18:38:16  	60.4  	-63.9 	3     	22.8     	089   	-22.8      	-0.4       	19865     	-86.3
5894      	18:38:18  	60.3  	-63.8 	3     	22.6     	090   	-22.6      	-0.0       	19872     	-86.3
5896      	18:38:20  	60.3  	-63.8 	3     	22.3     	091   	-22.3      	0.4        	19879     	-86.3
5898      	18:38:22  	60.2  	-63.8 	3     	22.1     	092   	-22.1      	0.8        	19886     	-86.3
5900      	18:38:24  	60.1  	-63.7 	3     	21.9     	092   	-21.9      	0.9        	19893     	-86.3
5902      	18:38:26  	60.1  	-63.7 	3     	21.7     	093   	-21.7      	1.0        	19900     	-86.3
5904      	18:38:28  	60.0  	-63.7 	3     	21.5     	093   	-21.5      	1.1        	19908     	-86.3
5906      	18:38:30  	59.9  	-63.7 	3     	21.2     	093   	-21.2      	1.1        	19915     	-86.3
5908      	18:38:32  	59.9  	-63.6 	3     	20.9     	092   	-20.9      	0.9        	19922     	-86.3
5910      	18:38:34  	59.8  	-63.6 	3     	20.6     	092   	-20.6      	0.8        	19929     	-86.2
5912      	18:38:36  	59.7  	-63.6 	3     	20.4     	092   	-20.4      	0.6        	19937     	-86.2
5914      	18:38:38  	59.6  	-63.5 	3     	20.3     	091   	-20.3      	0.4        	19944     	-86.2
5916      	18:38:40  	59.6  	-63.5 	3     	20.2     	091   	-20.2      	0.2        	19951     	-86.1
5918      	18:38:42  	59.5  	-63.4 	3     	20.1     	090   	-20.1      	-0.1       	19958     	-86.1
5920      	18:38:44  	59.4  	-63.4 	3     	20.1     	089   	-20.1      	-0.5       	19965     	-86.0
5922      	18:38:46  	59.4  	-63.3 	3     	20.1     	087   	-20.1      	-0.9       	19972     	-86.0
5924      	18:38:48  	59.3  	-63.2 	3     	20.1     	086   	-20.1      	-1.4       	19980     	-85.9
5926      	18:38:50  	59.2  	-63.2 	3     	20.2     	085   	-20.1      	-1.7       	19987     	-85.9
5928      	18:38:52  	59.2  	-63.1 	3     	20.3     	085   	-20.2      	-1.9       	19994     	-85.8
5930      	18:38:54  	59.1  	-63.0 	3     	20.4     	084   	-20.3      	-2.1       	20002     	-85.8
5932      	18:38:56  	59.0  	-63.0 	3     	20.8     	083   	-20.6      	-2.6       	20009     	-85.8
5934      	18:38:58  	58.9  	-62.9 	3     	21.1     	081   	-20.9      	-3.2       	20017     	-85.8
5936      	18:39:00  	58.9  	-62.9 	3     	21.5     	080   	-21.2      	-3.8       	20024     	-85.8
5938      	18:39:02  	58.8  	-62.8 	3     	21.9     	078   	-21.5      	-4.4       	20032     	-85.7
5940      	18:39:04  	58.7  	-62.7 	3     	22.2     	078   	-21.7      	-4.8       	20039     	-85.7
5942      	18:39:06  	58.7  	-62.7 	3     	22.6     	077   	-22.0      	-5.2       	20047     	-85.7
5944      	18:39:08  	58.6  	-62.6 	3     	22.9     	076   	-22.2      	-5.6       	20054     	-85.7
5946      	18:39:10  	58.5  	-62.6 	3     	23.4     	074   	-22.5      	-6.4       	20061     	-85.7
5948      	18:39:12  	58.4  	-62.5 	3     	23.8     	072   	-22.7      	-7.2       	20069     	-85.7
5950      	18:39:14  	58.4  	-62.4 	3     	24.2     	071   	-22.9      	-7.9       	20076     	-85.6
5952      	18:39:16  	58.3  	-62.4 	3     	24.5     	070   	-23.0      	-8.4       	20084     	-85.6
5954      	18:39:18  	58.2  	-62.3 	3     	24.6     	069   	-23.0      	-8.7       	20091     	-85.5
5956      	18:39:20  	58.2  	-62.3 	3     	24.6     	068   	-22.9      	-9.1       	20098     	-85.5
5958      	18:39:22  	58.1  	-62.2 	3     	24.8     	068   	-22.9      	-9.4       	20106     	-85.4
5960      	18:39:24  	58.0  	-62.1 	3     	24.7     	067   	-22.8      	-9.6       	20113     	-85.3
5962      	18:39:26  	58.0  	-62.1 	3     	24.7     	067   	-22.7      	-9.8       	20120     	-85.2
5964      	18:39:28  	57.9  	-62.0 	3     	24.7     	066   	-22.6      	-10.0      	20128     	-85.2
5966      	18:39:30  	57.8  	-61.9 	3     	24.6     	066   	-22.5      	-9.9       	20135     	-85.1
5968      	18:39:32  	57.8  	-61.8 	3     	24.4     	066   	-22.4      	-9.8       	20142     	-85.0
5970      	18:39:34  	57.7  	-61.7 	3     	24.4     	067   	-22.4      	-9.6       	20150     	-84.9
5972      	18:39:36  	57.6  	-61.7 	3     	24.3     	067   	-22.4      	-9.5       	20157     	-84.9
5974      	18:39:38  	57.5  	-61.6 	3     	24.3     	067   	-22.4      	-9.3       	20164     	-84.9
5976      	18:39:40  	57.5  	-61.6 	3     	24.2     	068   	-22.4      	-9.1       	20171     	-84.9
5978      	18:39:42  	57.4  	-61.5 	3     	24.3     	068   	-22.5      	-9.1       	20179     	-84.8
5980      	18:39:44  	57.3  	-61.4 	3     	24.3     	068   	-22.6      	-9.0       	20186     	-84.8
5982      	18:39:46  	57.3  	-61.4 	3     	24.4     	068   	-22.7      	-9.0       	20193     	-84.7
5984      	18:39:48  	57.2  	-61.3 	3     	24.8     	069   	-23.1      	-8.9       	20201     	-84.7
5986      	18:39:50  	57.1  	-61.3 	3     	25.2     	069   	-23.6      	-8.9       	20208     	-84.7
5988      	18:39:52  	57.1  	-61.3 	3     	25.7     	070   	-24.1      	-8.9       	20216     	-84.6
5990      	18:39:54  	57.0  	-61.2 	3     	26.0     	070   	-24.5      	-8.8       	20223     	-84.6
5992      	18:39:56  	56.9  	-61.2 	3     	26.4     	070   	-24.9      	-8.9       	20230     	-84.5
5994      	18:39:58  	56.9  	-61.2 	3     	26.8     	071   	-25.3      	-8.9       	20238     	-84.5
5996      	18:40:00  	56.8  	-61.1 	3     	27.3     	071   	-25.9      	-8.7       	20245     	-84.4
5998      	18:40:02  	56.7  	-61.1 	3     	28.0     	072   	-26.7      	-8.5       	20252     	-84.4
6000      	18:40:04  	56.7  	-61.0 	3     	28.7     	073   	-27.5      	-8.3       	20259     	-84.3
6002      	18:40:06  	56.6  	-61.0 	3     	29.4     	074   	-28.3      	-8.1       	20266     	-84.3
6004      	18:40:08  	56.5  	-60.9 	3     	29.9     	075   	-28.8      	-7.9       	20274     	-84.3
6006      	18:40:10  	56.5  	-60.9 	3     	30.2     	075   	-29.2      	-7.7       	20281     	-84.2
6008      	18:40:12  	56.4  	-60.8 	3     	30.5     	076   	-29.6      	-7.4       	20288     	-84.2
6010      	18:40:14  	56.4  	-60.8 	3     	30.9     	077   	-30.0      	-7.2       	20295     	-84.2
6012      	18:40:16  	56.3  	-60.7 	3     	31.1     	077   	-30.3      	-7.0       	20301     	-84.2
6014      	18:40:18  	56.2  	-60.7 	3     	31.4     	078   	-30.7      	-6.8       	20308     	-84.2
6016      	18:40:20  	56.2  	-60.7 	3     	31.5     	078   	-30.8      	-6.7       	20315     	-84.2
6018      	18:40:22  	56.1  	-60.6 	3     	31.4     	078   	-30.7      	-6.7       	20322     	-84.2
6020      	18:40:24  	56.0  	-60.6 	3     	31.2     	078   	-30.5      	-6.6       	20329     	-84.2
6022      	18:40:26  	56.0  	-60.6 	3     	31.0     	078   	-30.3      	-6.4       	20336     	-84.2
6024      	18:40:28  	55.9  	-60.5 	3     	30.7     	078   	-30.1      	-6.2       	20342     	-84.2
6026      	18:40:30  	55.9  	-60.5 	3     	30.4     	078   	-29.8      	-6.1       	20349     	-84.2
6028      	18:40:32  	55.8  	-60.5 	3     	30.2     	079   	-29.6      	-5.9       	20356     	-84.1
6030      	18:40:34  	55.7  	-60.5 	3     	30.0     	079   	-29.4      	-5.8       	20363     	-84.1
6032      	18:40:36  	55.7  	-60.4 	3     	29.8     	079   	-29.3      	-5.6       	20369     	-84.1
6034      	18:40:38  	55.6  	-60.4 	3     	29.6     	079   	-29.1      	-5.4       	20376     	-84.0
6036      	18:40:40  	55.6  	-60.4 	3     	29.3     	080   	-28.9      	-5.1       	20382     	-84.0
6038      	18:40:42  	55.5  	-60.4 	3     	29.1     	081   	-28.7      	-4.7       	20389     	-83.9
6040      	18:40:44  	55.4  	-60.3 	3     	28.9     	081   	-28.6      	-4.4       	20395     	-83.9
6042      	18:40:46  	55.4  	-60.3 	3     	28.9     	082   	-28.6      	-4.2       	20402     	-83.8
6044      	18:40:48  	55.3  	-60.3 	3     	28.8     	082   	-28.5      	-4.0       	20408     	-83.8
6046      	18:40:50  	55.3  	-60.3 	3     	28.7     	083   	-28.5      	-3.7       	20415     	-83.7
6048      	18:40:52  	55.2  	-60.3 	3     	28.7     	083   	-28.5      	-3.3       	20422     	-83.7
6050      	18:40:54  	55.2  	-60.2 	3     	28.8     	085   	-28.7      	-2.6       	20429     	-83.6
6052      	18:40:56  	55.1  	-60.2 	3     	28.9     	086   	-28.8      	-2.0       	20435     	-83.6
6054      	18:40:58  	55.0  	-60.2 	3     	29.0     	087   	-29.0      	-1.3       	20442     	-83.5
6056      	18:41:00  	55.0  	-60.2 	3     	29.1     	088   	-29.1      	-0.8       	20448     	-83.5
6058      	18:41:02  	54.9  	-60.1 	3     	29.3     	089   	-29.3      	-0.4       	20455     	-83.5
6060      	18:41:04  	54.9  	-60.1 	3     	29.5     	090   	-29.5      	0.1        	20461     	-83.4
6062      	18:41:06  	54.8  	-60.1 	3     	29.6     	091   	-29.6      	0.7        	20468     	-83.4
6064      	18:41:08  	54.7  	-60.1 	3     	29.7     	093   	-29.7      	1.3        	20474     	-83.4
6066      	18:41:10  	54.7  	-60.0 	3     	29.9     	094   	-29.8      	1.9        	20481     	-83.4
6068      	18:41:12  	54.6  	-60.0 	3     	29.9     	094   	-29.8      	2.3        	20487     	-83.5
6070      	18:41:14  	54.6  	-60.0 	3     	29.8     	095   	-29.7      	2.5        	20494     	-83.5
6072      	18:41:16  	54.5  	-60.0 	3     	29.7     	095   	-29.6      	2.7        	20500     	-83.5
6074      	18:41:18  	54.5  	-59.9 	3     	29.5     	096   	-29.3      	3.0        	20507     	-83.5
6076      	18:41:20  	54.4  	-59.9 	3     	29.0     	097   	-28.8      	3.3        	20514     	-83.5
6078      	18:41:22  	54.3  	-59.9 	3     	28.6     	097   	-28.4      	3.6        	20520     	-83.4
6080      	18:41:24  	54.3  	-59.8 	3     	28.3     	098   	-28.0      	3.8        	20526     	-83.4
6082      	18:41:26  	54.2  	-59.8 	3     	27.9     	098   	-27.6      	3.9        	20533     	-83.4
6084      	18:41:28  	54.2  	-59.8 	3     	27.6     	098   	-27.3      	4.0        	20539     	-83.3
6086      	18:41:30  	54.1  	-59.7 	3     	27.2     	099   	-26.9      	4.2        	20546     	-83.3
6088      	18:41:32  	54.1  	-59.7 	3     	26.6     	099   	-26.2      	4.3        	20552     	-83.2
6090      	18:41:34  	54.0  	-59.7 	3     	25.9     	100   	-25.5      	4.5        	20558     	-83.2
6092      	18:41:36  	54.0  	-59.6 	3     	25.2     	101   	-24.8      	4.7        	20565     	-83.2
6094      	18:41:38  	53.9  	-59.6 	3     	24.8     	101   	-24.3      	4.7        	20571     	-83.2
6096      	18:41:40  	53.9  	-59.6 	3     	24.5     	101   	-24.0      	4.8        	20578     	-83.1
6098      	18:41:42  	53.8  	-59.6 	3     	24.2     	102   	-23.7      	4.9        	20584     	-83.1
6100      	18:41:44  	53.7  	-59.5 	3     	24.0     	102   	-23.5      	4.8        	20590     	-83.0
6102      	18:41:46  	53.7  	-59.5 	3     	23.8     	102   	-23.3      	4.8        	20597     	-83.0
6104      	18:41:48  	53.6  	-59.4 	3     	23.5     	102   	-23.0      	4.7        	20603     	-83.0
6106      	18:41:50  	53.6  	-59.4 	3     	23.4     	101   	-22.9      	4.6        	20609     	-82.9
6108      	18:41:52  	53.5  	-59.4 	3     	23.5     	101   	-23.1      	4.5        	20616     	-82.9
6110      	18:41:54  	53.5  	-59.3 	3     	23.6     	101   	-23.2      	4.4        	20623     	-82.8
6112      	18:41:56  	53.4  	-59.3 	3     	23.6     	100   	-23.2      	4.1        	20629     	-82.8
6114      	18:41:58  	53.3  	-59.3 	3     	23.4     	099   	-23.1      	3.5        	20636     	-82.9
6116      	18:42:00  	53.3  	-59.3 	3     	23.2     	097   	-23.0      	2.9        	20643     	-82.9
6118      	18:42:02  	53.2  	-59.2 	3     	23.0     	095   	-22.9      	2.2        	20650     	-82.9
6120      	18:42:04  	53.2  	-59.2 	3     	22.8     	094   	-22.7      	1.7        	20657     	-82.8
6122      	18:42:06  	53.1  	-59.2 	3     	22.4     	093   	-22.4      	1.2        	20664     	-82.8
6124      	18:42:08  	53.1  	-59.1 	3     	22.2     	092   	-22.2      	0.7        	20671     	-82.9
6126      	18:42:10  	53.0  	-59.1 	3     	21.9     	090   	-21.9      	-0.0       	20678     	-82.8
6128      	18:42:12  	52.9  	-59.1 	3     	21.7     	088   	-21.7      	-0.8       	20685     	-82.8
6130      	18:42:14  	52.9  	-59.0 	3     	21.5     	086   	-21.4      	-1.6       	20692     	-82.8
6132      	18:42:16  	52.8  	-59.0 	3     	21.4     	084   	-21.3      	-2.2       	20699     	-82.8
6134      	18:42:18  	52.8  	-59.0 	3     	21.4     	084   	-21.3      	-2.4       	20706     	-82.8
6136      	18:42:20  	52.7  	-58.9 	3     	21.5     	083   	-21.3      	-2.7       	20712     	-82.8
6138      	18:42:22  	52.6  	-58.9 	3     	21.5     	081   	-21.3      	-3.2       	20719     	-82.8
6140      	18:42:24  	52.6  	-58.9 	3     	21.5     	080   	-21.1      	-3.9       	20726     	-82.8
6142      	18:42:26  	52.5  	-58.9 	3     	21.4     	078   	-20.9      	-4.6       	20733     	-82.8
6144      	18:42:28  	52.5  	-58.8 	3     	21.3     	076   	-20.7      	-5.2       	20740     	-82.7
6146      	18:42:30  	52.4  	-58.8 	3     	21.3     	074   	-20.5      	-5.7       	20747     	-82.7
6148      	18:42:32  	52.4  	-58.7 	3     	21.2     	073   	-20.3      	-6.1       	20754     	-82.6
6150      	18:42:34  	52.3  	-58.7 	3     	21.1     	072   	-20.1      	-6.5       	20760     	-82.5
6152      	18:42:36  	52.2  	-58.6 	3     	21.1     	071   	-19.9      	-6.9       	20767     	-82.5
6154      	18:42:38  	52.2  	-58.6 	3     	21.2     	069   	-19.8      	-7.5       	20774     	-82.4
6156      	18:42:40  	52.1  	-58.5 	3     	21.3     	068   	-19.7      	-8.1       	20781     	-82.3
6158      	18:42:42  	52.1  	-58.5 	3     	21.4     	067   	-19.7      	-8.4       	20788     	-82.3
6160      	18:42:44  	52.0  	-58.4 	3     	21.7     	067   	-19.9      	-8.6       	20795     	-82.2
6162      	18:42:46  	52.0  	-58.3 	3     	21.8     	066   	-20.0      	-8.7       	20802     	-82.2
6164      	18:42:48  	51.9  	-58.3 	3     	22.1     	066   	-20.2      	-8.9       	20809     	-82.2
6166      	18:42:50  	51.8  	-58.2 	3     	22.6     	066   	-20.7      	-9.1       	20816     	-82.2
6168      	18:42:52  	51.8  	-58.1 	3     	23.1     	066   	-21.1      	-9.3       	20823     	-82.2
6170      	18:42:54  	51.7  	-58.0 	3     	23.6     	066   	-21.6      	-9.5       	20830     	-82.1
6172      	18:42:56  	51.7  	-58.0 	3     	24.1     	066   	-22.0      	-9.8       	20837     	-82.1
6174      	18:42:58  	51.6  	-57.9 	3     	24.4     	066   	-22.4      	-9.8       	20844     	-82.1
6176      	18:43:00  	51.6  	-57.9 	3     	24.8     	066   	-22.7      	-9.9       	20851     	-82.1
6178      	18:43:02  	51.5  	-57.8 	3     	25.1     	067   	-23.2      	-9.7       	20858     	-82.1
6180      	18:43:04  	51.4  	-57.7 	3     	25.5     	068   	-23.7      	-9.5       	20865     	-82.0
6182      	18:43:06  	51.4  	-57.7 	3     	25.9     	069   	-24.2      	-9.3       	20872     	-81.9
6184      	18:43:08  	51.3  	-57.6 	3     	26.3     	070   	-24.7      	-9.1       	20879     	-81.9
6186      	18:43:10  	51.3  	-57.6 	3     	26.3     	070   	-24.8      	-8.8       	20886     	-81.8
6188      	18:43:12  	51.2  	-57.5 	3     	26.4     	071   	-25.0      	-8.6       	20893     	-81.8
6190      	18:43:14  	51.2  	-57.5 	3     	26.5     	072   	-25.3      	-8.0       	20900     	-81.7
6192      	18:43:16  	51.1  	-57.4 	3     	26.5     	074   	-25.5      	-7.2       	20907     	-81.7
6194      	18:43:18  	51.0  	-57.4 	3     	26.6     	076   	-25.8      	-6.4       	20913     	-81.7
6196      	18:43:20  	51.0  	-57.4 	3     	26.7     	078   	-26.1      	-5.6       	20920     	-81.6
6198      	18:43:22  	50.9  	-57.4 	3     	26.7     	079   	-26.2      	-5.0       	20927     	-81.6
6200      	18:43:24  	50.9  	-57.3 	3     	26.7     	080   	-26.3      	-4.5       	20934     	-81.6
6202      	18:43:26  	50.8  	-57.3 	3     	26.7     	082   	-26.4      	-3.9       	20941     	-81.5
6204      	18:43:28  	50.8  	-57.3 	3     	26.5     	084   	-26.3      	-2.9       	20948     	-81.5
6206      	18:43:30  	50.7  	-57.3 	3     	26.4     	086   	-26.3      	-2.0       	20955     	-81.5
6208      	18:43:32  	50.6  	-57.3 	3     	26.3     	088   	-26.3      	-1.1       	20963     	-81.5
6210      	18:43:34  	50.6  	-57.3 	3     	26.2     	089   	-26.2      	-0.5       	20970     	-81.4
6212      	18:43:36  	50.5  	-57.3 	3     	26.0     	090   	-26.0      	-0.1       	20978     	-81.4
6214      	18:43:38  	50.5  	-57.3 	3     	25.9     	091   	-25.9      	0.4        	20985     	-81.4
6216      	18:43:40  	50.4  	-57.3 	3     	25.7     	092   	-25.7      	1.1        	20993     	-81.4
6218      	18:43:42  	50.4  	-57.3 	3     	25.6     	094   	-25.5      	1.7        	21000     	-81.4
6220      	18:43:44  	50.3  	-57.3 	3     	25.5     	095   	-25.4      	2.3        	21007     	-81.4
6222      	18:43:46  	50.2  	-57.3 	3     	25.4     	096   	-25.2      	2.8        	21015     	-81.4
6224      	18:43:48  	50.2  	-57.4 	3     	25.4     	097   	-25.2      	3.1        	21022     	-81.4
6226      	18:43:50  	50.1  	-57.4 	3     	25.4     	097   	-25.2      	3.3        	21030     	-81.4
6228      	18:43:52  	50.1  	-57.4 	3     	25.4     	098   	-25.2      	3.5        	21037     	-81.4
6230      	18:43:54  	50.0  	-57.5 	3     	25.4     	099   	-25.1      	3.8        	21045     	-81.4
6232      	18:43:56  	49.9  	-57.5 	3     	25.4     	100   	-25.0      	4.3        	21052     	-81.4
6234      	18:43:58  	49.9  	-57.6 	3     	25.3     	101   	-24.9      	4.7        	21059     	-81.4
6236      	18:44:00  	49.8  	-57.6 	3     	25.3     	101   	-24.8      	5.0        	21067     	-81.4
6238      	18:44:02  	49.8  	-57.7 	3     	25.2     	102   	-24.6      	5.3        	21074     	-81.3
6240      	18:44:04  	49.7  	-57.7 	3     	25.1     	103   	-24.5      	5.6        	21082     	-81.3
6242      	18:44:06  	49.6  	-57.8 	3     	25.1     	104   	-24.4      	5.9        	21089     	-81.4
6244      	18:44:08  	49.6  	-57.9 	3     	24.8     	104   	-24.0      	6.1        	21097     	-81.4
6246      	18:44:10  	49.5  	-57.9 	3     	24.3     	105   	-23.5      	6.2        	21105     	-81.4
6248      	18:44:12  	49.5  	-58.0 	3     	23.9     	106   	-23.0      	6.4        	21112     	-81.4
6250      	18:44:14  	49.4  	-58.1 	3     	23.4     	106   	-22.5      	6.5        	21120     	-81.4
6252      	18:44:16  	49.3  	-58.1 	3     	23.1     	106   	-22.2      	6.4        	21128     	-81.4
6254      	18:44:18  	49.3  	-58.2 	3     	22.7     	106   	-21.8      	6.2        	21136     	-81.4
6256      	18:44:20  	49.2  	-58.3 	3     	22.3     	106   	-21.4      	6.1        	21144     	-81.4
6258      	18:44:22  	49.2  	-58.3 	3     	21.8     	107   	-20.9      	6.2        	21151     	-81.4
6260      	18:44:24  	49.1  	-58.4 	3     	21.4     	107   	-20.5      	6.2        	21159     	-81.5
6262      	18:44:26  	49.0  	-58.5 	3     	20.9     	107   	-20.0      	6.2        	21167     	-81.5
6264      	18:44:28  	49.0  	-58.5 	3     	20.8     	108   	-19.8      	6.3        	21174     	-81.5
6266      	18:44:30  	48.9  	-58.6 	3     	20.8     	108   	-19.8      	6.5        	21182     	-81.5
6268      	18:44:32  	48.9  	-58.7 	3     	20.8     	109   	-19.7      	6.7        	21189     	-81.6
6270      	18:44:34  	48.8  	-58.8 	3     	20.8     	110   	-19.6      	7.0        	21197     	-81.6
6272      	18:44:36  	48.7  	-58.8 	3     	20.9     	111   	-19.5      	7.5        	21205     	-81.6
6274      	18:44:38  	48.7  	-58.9 	3     	20.9     	112   	-19.3      	7.9        	21213     	-81.7
6276      	18:44:40  	48.6  	-59.0 	3     	20.9     	113   	-19.2      	8.3        	21221     	-81.7
6278      	18:44:42  	48.6  	-59.0 	3     	21.0     	114   	-19.2      	8.6        	21228     	-81.7
6280      	18:44:44  	48.5  	-59.1 	3     	21.1     	115   	-19.1      	8.9        	21236     	-81.8
6282      	18:44:46  	48.4  	-59.2 	3     	21.1     	116   	-19.0      	9.1        	21243     	-81.8
6284      	18:44:48  	48.4  	-59.2 	3     	20.6     	116   	-18.5      	9.1        	21250     	-81.8
6286      	18:44:50  	48.3  	-59.3 	3     	20.3     	117   	-18.1      	9.1        	21257     	-81.9
6288      	18:44:52  	48.3  	-59.4 	3     	19.9     	117   	-17.7      	9.2        	21264     	-81.9
6290      	18:44:54  	48.2  	-59.4 	3     	19.5     	117   	-17.3      	9.0        	21271     	-81.9
6292      	18:44:56  	48.2  	-59.5 	3     	19.1     	117   	-17.0      	8.8        	21278     	-82.0
6294      	18:44:58  	48.1  	-59.5 	3     	18.6     	117   	-16.6      	8.5        	21285     	-82.0
6296      	18:45:00  	48.1  	-59.6 	3     	18.2     	117   	-16.2      	8.3        	21292     	-82.1
6298      	18:45:02  	48.0  	-59.6 	3     	17.7     	118   	-15.7      	8.2        	21299     	-82.1
6300      	18:45:04  	48.0  	-59.7 	3     	17.2     	118   	-15.2      	8.0        	21306     	-82.2
6302      	18:45:06  	47.9  	-59.7 	3     	16.8     	118   	-14.8      	7.9        	21313     	-82.2
6304      	18:45:08  	47.9  	-59.8 	3     	16.6     	119   	-14.6      	8.0        	21320     	-82.3
6306      	18:45:10  	47.8  	-59.8 	3     	16.6     	119   	-14.5      	8.1        	21327     	-82.3
6308      	18:45:12  	47.7  	-59.8 	3     	16.5     	120   	-14.3      	8.2        	21334     	-82.4
6310      	18:45:14  	47.7  	-59.9 	3     	16.4     	121   	-14.0      	8.5        	21341     	-82.4
6312      	18:45:16  	47.6  	-59.9 	3     	16.4     	123   	-13.8      	8.8        	21348     	-82.5
6314      	18:45:18  	47.6  	-60.0 	3     	16.3     	124   	-13.5      	9.1        	21354     	-82.5
6316      	18:45:20  	47.5  	-60.0 	3     	16.3     	125   	-13.3      	9.4        	21361     	-82.5
6318      	18:45:22  	47.5  	-60.0 	3     	16.3     	126   	-13.2      	9.6        	21367     	-82.4
6320      	18:45:24  	47.4  	-60.0 	3     	16.3     	127   	-13.0      	9.9        	21374     	-82.4
6322      	18:45:26  	47.4  	-60.0 	3     	16.3     	129   	-12.7      	10.2       	21381     	-82.4
6324      	18:45:28  	47.3  	-60.0 	3     	16.2     	130   	-12.3      	10.5       	21388     	-82.5
6326      	18:45:30  	47.3  	-60.0 	3     	16.1     	132   	-12.0      	10.8       	21395     	-82.5
6328      	18:45:32  	47.2  	-60.0 	3     	16.1     	134   	-11.6      	11.1       	21401     	-82.5
6330      	18:45:34  	47.2  	-60.0 	3     	16.0     	134   	-11.4      	11.2       	21408     	-82.5
6332      	18:45:36  	47.1  	-60.0 	3     	15.9     	135   	-11.2      	11.3       	21415     	-82.6
6334      	18:45:38  	47.1  	-60.0 	3     	15.8     	136   	-10.9      	11.4       	21421     	-82.6
6336      	18:45:40  	47.0  	-60.0 	3     	15.5     	137   	-10.5      	11.4       	21428     	-82.6
6338      	18:45:42  	47.0  	-60.0 	3     	15.3     	138   	-10.2      	11.4       	21434     	-82.6
6340      	18:45:44  	46.9  	-60.0 	3     	15.1     	140   	-9.8       	11.5       	21441     	-82.6
6342      	18:45:46  	46.9  	-60.0 	3     	15.0     	140   	-9.7       	11.4       	21447     	-82.6
6344      	18:45:48  	46.8  	-60.0 	3     	14.8     	140   	-9.5       	11.4       	21454     	-82.6
6346      	18:45:50  	46.8  	-60.0 	3     	14.7     	140   	-9.4       	11.3       	21460     	-82.6
6348      	18:45:52  	46.7  	-60.0 	3     	14.5     	140   	-9.3       	11.1       	21467     	-82.5
6350      	18:45:54  	46.7  	-60.0 	3     	14.3     	140   	-9.2       	10.9       	21473     	-82.5
6352      	18:45:56  	46.6  	-60.0 	3     	14.0     	140   	-9.1       	10.7       	21480     	-82.5
6354      	18:45:58  	46.6  	-60.0 	3     	13.9     	139   	-9.1       	10.5       	21486     	-82.5
6356      	18:46:00  	46.5  	-59.9 	3     	13.7     	139   	-9.1       	10.3       	21493     	-82.5
6358      	18:46:02  	46.5  	-59.9 	3     	13.6     	138   	-9.1       	10.1       	21500     	-82.4
6360      	18:46:04  	46.4  	-59.9 	3     	13.6     	137   	-9.2       	10.0       	21506     	-82.4
6362      	18:46:06  	46.4  	-59.9 	3     	13.6     	137   	-9.3       	9.9        	21513     	-82.4
6364      	18:46:08  	46.3  	-59.9 	3     	13.5     	136   	-9.4       	9.7        	21520     	-82.4
6366      	18:46:10  	46.3  	-59.8 	3     	13.5     	135   	-9.5       	9.6        	21527     	-82.4
6368      	18:46:12  	46.2  	-59.8 	3     	13.5     	135   	-9.5       	9.6        	21533     	-82.5
6370      	18:46:14  	46.2  	-59.8 	3     	13.6     	135   	-9.6       	9.6        	21540     	-82.5
6372      	18:46:16  	46.1  	-59.8 	3     	13.6     	135   	-9.7       	9.6        	21548     	-82.5
6374      	18:46:18  	46.1  	-59.8 	3     	13.6     	134   	-9.8       	9.5        	21555     	-82.5
6376      	18:46:20  	46.0  	-59.8 	3     	13.7     	133   	-10.0      	9.4        	21562     	-82.5
6378      	18:46:22  	46.0  	-59.8 	3     	13.8     	132   	-10.2      	9.3        	21569     	-82.5
6380      	18:46:24  	45.9  	-59.8 	3     	13.8     	132   	-10.3      	9.2        	21576     	-82.5
6382      	18:46:26  	45.9  	-59.8 	3     	13.8     	131   	-10.4      	9.1        	21584     	-82.5
6384      	18:46:28  	45.8  	-59.8 	3     	13.8     	131   	-10.5      	9.0        	21591     	-82.4
6386      	18:46:30  	45.8  	-59.8 	3     	13.7     	129   	-10.6      	8.7        	21598     	-82.4
6388      	18:46:32  	45.7  	-59.9 	3     	13.6     	128   	-10.7      	8.4        	21606     	-82.4
