Time [sec]	Time (UTC)	P [mB]	T [°F]	Hu [%]	Ws [mi/h]	Wd [°]	Ws U [mi/h]	Ws V [mi/h]	Geopot [m]	Dew [°F]
0         	17:00:11  	873.9 	31.1  	25    	7.8      	112   	-7.3       	2.9        	1288      	8.8
2         	17:00:13  	872.9 	31.3  	26    	6.7      	172   	-0.9       	6.6        	1298      	9.4
4         	17:00:15  	871.9 	31.0  	26    	6.7      	172   	-0.9       	6.6        	1308      	9.3
6         	17:00:17  	870.9 	30.9  	26    	6.7      	172   	-0.9       	6.6        	1319      	9.3
8         	17:00:19  	869.7 	30.8  	26    	6.1      	135   	-4.3       	4.3        	1330      	9.3
10        	17:00:21  	868.6 	30.7  	27    	6.0      	134   	-4.3       	4.2        	1342      	9.3
12        	17:00:23  	867.5 	30.5  	27    	6.0      	134   	-4.3       	4.2        	1354      	9.2
14        	17:00:25  	866.3 	30.3  	27    	6.0      	134   	-4.3       	4.2        	1366      	9.1
16        	17:00:27  	865.0 	30.3  	27    	6.0      	134   	-4.3       	4.2        	1379      	9.2
18        	17:00:29  	863.8 	30.2  	27    	6.0      	134   	-4.3       	4.2        	1392      	9.3
20        	17:00:31  	862.6 	30.1  	28    	6.0      	134   	-4.3       	4.2        	1404      	9.3
22        	17:00:33  	861.5 	29.8  	28    	6.2      	138   	-4.1       	4.6        	1416      	9.3
24        	17:00:35  	860.3 	29.6  	28    	6.3      	141   	-3.9       	4.9        	1428      	9.2
26        	17:00:37  	859.0 	29.5  	28    	6.4      	143   	-3.8       	5.1        	1441      	9.2
28        	17:00:39  	857.8 	29.4  	28    	6.5      	145   	-3.7       	5.3        	1454      	9.2
30        	17:00:41  	856.5 	29.4  	29    	6.8      	151   	-3.3       	6.0        	1467      	9.3
32        	17:00:43  	855.0 	29.3  	29    	6.8      	151   	-3.3       	6.0        	1483      	9.3
34        	17:00:45  	853.5 	29.2  	29    	7.4      	152   	-3.5       	6.5        	1498      	9.3
36        	17:00:47  	852.1 	29.1  	29    	8.2      	153   	-3.8       	7.3        	1513      	9.3
38        	17:00:49  	850.8 	29.0  	29    	8.8      	153   	-4.0       	7.8        	1527      	9.4
40        	17:00:51  	849.4 	28.9  	29    	9.2      	153   	-4.2       	8.2        	1540      	9.4
42        	17:00:53  	848.1 	28.8  	30    	9.4      	153   	-4.3       	8.4        	1555      	9.3
44        	17:00:55  	846.7 	28.6  	30    	9.6      	153   	-4.3       	8.6        	1570      	9.1
46        	17:00:57  	845.3 	28.4  	30    	9.5      	153   	-4.3       	8.5        	1584      	8.9
48        	17:00:59  	843.8 	28.2  	29    	10.0     	157   	-4.0       	9.2        	1600      	8.7
50        	17:01:01  	842.4 	28.0  	29    	10.6     	160   	-3.7       	9.9        	1615      	8.6
52        	17:01:03  	840.9 	28.0  	29    	11.2     	163   	-3.3       	10.7       	1631      	8.4
54        	17:01:05  	839.5 	27.9  	28    	11.7     	166   	-2.9       	11.3       	1645      	8.0
56        	17:01:07  	838.3 	27.8  	28    	11.9     	168   	-2.4       	11.7       	1659      	7.6
58        	17:01:09  	837.0 	27.9  	27    	12.2     	171   	-1.9       	12.1       	1674      	7.4
60        	17:01:11  	835.8 	28.3  	27    	12.8     	174   	-1.3       	12.7       	1684      	7.4
62        	17:01:13  	834.8 	28.5  	26    	13.8     	177   	-0.7       	13.8       	1695      	7.4
64        	17:01:15  	833.9 	28.5  	26    	14.9     	180   	-0.0       	14.9       	1705      	7.0
66        	17:01:17  	832.9 	28.5  	25    	16.0     	182   	0.6        	16.0       	1715      	6.7
68        	17:01:19  	831.9 	28.5  	25    	16.7     	183   	0.8        	16.7       	1726      	6.5
70        	17:01:21  	830.9 	28.4  	25    	17.4     	183   	0.9        	17.4       	1736      	6.4
72        	17:01:23  	829.9 	28.3  	25    	18.1     	183   	1.0        	18.1       	1747      	6.2
74        	17:01:25  	828.9 	28.1  	24    	18.9     	183   	1.1        	18.9       	1758      	5.8
76        	17:01:27  	827.9 	27.9  	24    	19.6     	183   	1.1        	19.6       	1769      	5.6
78        	17:01:29  	826.9 	27.8  	24    	20.3     	183   	1.2        	20.3       	1780      	5.5
80        	17:01:31  	825.9 	27.8  	24    	20.8     	183   	1.2        	20.8       	1790      	5.5
82        	17:01:33  	824.9 	27.8  	24    	20.8     	183   	1.1        	20.8       	1801      	5.5
84        	17:01:35  	823.9 	27.7  	24    	20.8     	183   	1.0        	20.8       	1812      	5.4
86        	17:01:37  	822.9 	27.7  	24    	20.9     	182   	0.7        	20.9       	1822      	5.3
88        	17:01:39  	821.9 	27.5  	24    	20.9     	181   	0.5        	20.9       	1833      	5.2
90        	17:01:41  	820.9 	27.4  	24    	21.0     	181   	0.3        	21.0       	1843      	5.1
92        	17:01:43  	820.0 	27.3  	24    	21.0     	180   	-0.0       	21.0       	1854      	5.1
94        	17:01:45  	819.1 	27.2  	24    	21.0     	180   	-0.1       	21.0       	1864      	5.1
96        	17:01:47  	818.1 	27.2  	24    	21.1     	179   	-0.3       	21.1       	1873      	5.0
98        	17:01:49  	817.2 	27.1  	24    	21.1     	179   	-0.4       	21.1       	1883      	5.0
100       	17:01:51  	816.3 	27.0  	24    	21.1     	178   	-0.6       	21.1       	1893      	5.0
102       	17:01:53  	815.4 	26.9  	24    	21.1     	178   	-0.7       	21.1       	1903      	4.9
104       	17:01:55  	814.4 	26.9  	25    	21.1     	178   	-0.8       	21.1       	1914      	4.9
106       	17:01:57  	813.5 	26.9  	25    	21.1     	178   	-0.8       	21.1       	1924      	5.0
108       	17:01:59  	812.5 	26.8  	25    	21.1     	178   	-0.8       	21.1       	1934      	4.9
110       	17:02:01  	811.6 	26.7  	25    	21.1     	178   	-0.7       	21.1       	1944      	4.8
112       	17:02:03  	810.7 	26.6  	25    	21.1     	178   	-0.8       	21.1       	1954      	4.7
114       	17:02:05  	809.8 	26.5  	25    	21.0     	178   	-0.9       	21.0       	1963      	4.6
116       	17:02:07  	809.0 	26.4  	25    	20.9     	177   	-1.0       	20.9       	1973      	4.6
118       	17:02:09  	808.2 	26.3  	25    	20.9     	177   	-1.2       	20.9       	1982      	4.5
120       	17:02:11  	807.3 	26.2  	25    	20.8     	176   	-1.3       	20.8       	1990      	4.4
122       	17:02:13  	806.5 	26.1  	24    	20.7     	176   	-1.4       	20.7       	1999      	4.3
124       	17:02:15  	805.6 	26.0  	24    	20.8     	176   	-1.5       	20.7       	2009      	4.1
126       	17:02:17  	804.8 	25.9  	24    	20.8     	175   	-1.8       	20.7       	2018      	4.0
128       	17:02:19  	803.9 	25.8  	24    	20.8     	174   	-2.0       	20.7       	2028      	3.9
130       	17:02:21  	803.0 	25.7  	24    	20.8     	174   	-2.2       	20.7       	2038      	3.9
132       	17:02:23  	802.0 	25.7  	24    	20.8     	174   	-2.3       	20.7       	2048      	3.9
134       	17:02:25  	801.1 	25.6  	24    	20.9     	173   	-2.4       	20.8       	2059      	3.9
136       	17:02:27  	800.1 	25.6  	25    	21.0     	173   	-2.5       	20.9       	2069      	3.9
138       	17:02:29  	799.2 	25.5  	25    	20.8     	173   	-2.4       	20.7       	2080      	3.9
140       	17:02:31  	798.2 	25.4  	25    	20.6     	173   	-2.4       	20.5       	2090      	3.9
142       	17:02:33  	797.1 	25.4  	25    	20.4     	174   	-2.3       	20.3       	2102      	3.9
144       	17:02:35  	796.1 	25.3  	25    	20.2     	174   	-2.2       	20.1       	2113      	3.9
146       	17:02:37  	795.1 	25.2  	25    	20.0     	174   	-2.0       	19.9       	2125      	3.8
148       	17:02:39  	794.1 	25.0  	25    	19.7     	174   	-1.9       	19.6       	2136      	3.7
150       	17:02:41  	793.1 	24.9  	25    	19.4     	175   	-1.7       	19.3       	2147      	3.7
152       	17:02:43  	792.2 	24.9  	25    	18.8     	176   	-1.4       	18.7       	2157      	3.7
154       	17:02:45  	791.2 	24.8  	25    	18.2     	177   	-1.1       	18.2       	2167      	3.6
156       	17:02:47  	790.3 	24.6  	25    	17.7     	177   	-0.8       	17.7       	2178      	3.6
158       	17:02:49  	789.3 	24.5  	26    	17.4     	178   	-0.6       	17.4       	2189      	3.5
160       	17:02:51  	788.3 	24.4  	26    	17.1     	178   	-0.5       	17.1       	2200      	3.5
162       	17:02:53  	787.3 	24.3  	26    	16.8     	179   	-0.4       	16.8       	2211      	3.5
164       	17:02:55  	786.4 	24.2  	26    	16.7     	179   	-0.2       	16.7       	2222      	3.4
166       	17:02:57  	785.5 	24.1  	26    	16.5     	180   	-0.0       	16.5       	2231      	3.3
168       	17:02:59  	784.6 	23.9  	26    	16.4     	181   	0.2        	16.4       	2241      	3.2
170       	17:03:01  	783.4 	23.8  	26    	16.4     	181   	0.4        	16.4       	2254      	3.1
172       	17:03:03  	782.3 	23.7  	26    	16.6     	182   	0.5        	16.6       	2266      	3.0
174       	17:03:05  	781.2 	23.8  	26    	16.7     	182   	0.6        	16.7       	2279      	3.1
176       	17:03:07  	780.2 	23.9  	26    	16.7     	182   	0.7        	16.7       	2291      	3.2
178       	17:03:09  	779.1 	23.9  	26    	16.6     	183   	0.8        	16.6       	2303      	3.2
180       	17:03:11  	778.0 	23.8  	26    	16.4     	183   	0.9        	16.4       	2314      	3.2
182       	17:03:13  	777.0 	23.7  	26    	16.2     	183   	0.9        	16.2       	2325      	3.2
184       	17:03:15  	776.0 	23.6  	26    	15.9     	184   	1.0        	15.9       	2336      	3.1
186       	17:03:17  	775.1 	23.5  	26    	15.5     	184   	1.0        	15.5       	2348      	3.1
188       	17:03:19  	774.0 	23.4  	26    	15.2     	184   	1.0        	15.2       	2359      	3.0
190       	17:03:21  	773.0 	23.2  	27    	14.5     	184   	1.0        	14.5       	2371      	3.0
192       	17:03:23  	772.0 	23.1  	27    	13.8     	184   	1.0        	13.8       	2383      	2.9
194       	17:03:25  	771.0 	23.0  	27    	13.1     	184   	1.0        	13.1       	2394      	2.8
196       	17:03:27  	769.9 	22.9  	27    	12.5     	185   	1.0        	12.5       	2406      	2.8
198       	17:03:29  	768.9 	22.9  	27    	12.2     	185   	1.0        	12.2       	2417      	2.8
200       	17:03:31  	767.9 	22.9  	27    	11.9     	185   	1.1        	11.8       	2428      	2.8
202       	17:03:33  	767.0 	22.9  	27    	11.6     	186   	1.2        	11.5       	2439      	2.8
204       	17:03:35  	766.0 	22.8  	27    	11.2     	188   	1.5        	11.1       	2450      	2.8
206       	17:03:37  	765.0 	22.7  	27    	10.9     	189   	1.8        	10.8       	2462      	2.7
208       	17:03:39  	764.0 	22.6  	27    	10.6     	191   	2.1        	10.4       	2473      	2.7
210       	17:03:41  	763.0 	22.5  	27    	10.7     	193   	2.4        	10.4       	2484      	2.7
212       	17:03:43  	762.1 	22.4  	27    	10.7     	195   	2.7        	10.4       	2494      	2.7
214       	17:03:45  	761.2 	22.4  	27    	10.8     	196   	2.9        	10.4       	2504      	2.7
216       	17:03:47  	760.3 	22.3  	27    	10.9     	197   	3.1        	10.4       	2514      	2.6
218       	17:03:49  	759.5 	22.2  	27    	10.8     	198   	3.3        	10.3       	2524      	2.6
220       	17:03:51  	758.6 	22.1  	28    	10.9     	199   	3.5        	10.3       	2534      	2.6
222       	17:03:53  	757.8 	22.0  	28    	10.9     	199   	3.6        	10.3       	2544      	2.5
224       	17:03:55  	757.0 	21.9  	28    	10.8     	199   	3.5        	10.2       	2553      	2.5
226       	17:03:57  	756.1 	21.8  	28    	10.8     	198   	3.4        	10.2       	2563      	2.5
228       	17:03:59  	755.3 	21.7  	28    	10.8     	198   	3.4        	10.2       	2572      	2.5
230       	17:04:01  	754.5 	21.7  	28    	10.6     	198   	3.3        	10.1       	2581      	2.5
232       	17:04:03  	753.8 	21.6  	28    	10.5     	198   	3.3        	10.0       	2590      	2.5
234       	17:04:05  	753.0 	21.5  	28    	10.4     	198   	3.3        	9.9        	2599      	2.5
236       	17:04:07  	752.1 	21.4  	29    	10.5     	199   	3.4        	9.9        	2608      	2.5
238       	17:04:09  	751.3 	21.3  	29    	10.4     	200   	3.5        	9.8        	2618      	2.5
240       	17:04:11  	750.5 	21.2  	29    	10.3     	200   	3.6        	9.7        	2628      	2.4
242       	17:04:13  	749.5 	21.1  	29    	10.0     	201   	3.6        	9.3        	2638      	2.4
244       	17:04:15  	748.5 	21.0  	29    	9.6      	202   	3.6        	8.9        	2650      	2.4
246       	17:04:17  	747.6 	20.9  	29    	9.1      	203   	3.6        	8.4        	2661      	2.4
248       	17:04:19  	746.7 	20.8  	29    	8.7      	204   	3.5        	8.0        	2672      	2.4
250       	17:04:21  	745.8 	20.8  	30    	8.3      	204   	3.4        	7.6        	2682      	2.4
252       	17:04:23  	744.9 	20.7  	30    	7.9      	205   	3.3        	7.2        	2692      	2.4
254       	17:04:25  	744.2 	20.7  	30    	7.5      	205   	3.2        	6.8        	2700      	2.5
256       	17:04:27  	743.5 	20.6  	30    	7.0      	206   	3.1        	6.3        	2708      	2.5
258       	17:04:29  	742.8 	20.5  	30    	6.5      	207   	3.0        	5.8        	2716      	2.6
260       	17:04:31  	742.0 	20.5  	31    	6.0      	209   	2.9        	5.3        	2726      	2.6
262       	17:04:33  	741.2 	20.5  	31    	5.9      	208   	2.8        	5.2        	2735      	2.7
264       	17:04:35  	740.4 	20.5  	31    	5.8      	209   	2.8        	5.1        	2744      	2.8
266       	17:04:37  	739.6 	20.5  	31    	5.7      	209   	2.8        	5.0        	2753      	2.9
268       	17:04:39  	738.8 	20.4  	31    	5.7      	211   	3.0        	4.9        	2762      	2.9
270       	17:04:41  	738.0 	20.3  	31    	5.6      	213   	3.1        	4.7        	2772      	2.9
272       	17:04:43  	737.2 	20.2  	32    	5.7      	216   	3.3        	4.6        	2782      	2.9
274       	17:04:45  	736.4 	20.1  	32    	5.6      	217   	3.4        	4.5        	2791      	2.8
276       	17:04:47  	735.6 	20.0  	32    	5.7      	219   	3.6        	4.4        	2801      	2.8
278       	17:04:49  	734.8 	19.9  	32    	5.8      	221   	3.8        	4.4        	2810      	2.7
280       	17:04:51  	734.0 	19.8  	32    	5.8      	222   	3.9        	4.3        	2819      	2.7
282       	17:04:53  	733.2 	19.7  	32    	5.8      	224   	4.0        	4.2        	2828      	2.6
284       	17:04:55  	732.5 	19.6  	32    	5.8      	226   	4.2        	4.0        	2837      	2.5
286       	17:04:57  	731.7 	19.5  	32    	5.8      	228   	4.3        	3.9        	2846      	2.5
288       	17:04:59  	730.9 	19.4  	32    	5.7      	228   	4.2        	3.8        	2856      	2.4
290       	17:05:01  	730.1 	19.3  	32    	5.6      	229   	4.2        	3.7        	2865      	2.4
292       	17:05:03  	729.4 	19.2  	32    	5.5      	229   	4.2        	3.6        	2874      	2.4
294       	17:05:05  	728.7 	19.2  	33    	5.5      	230   	4.2        	3.5        	2882      	2.4
296       	17:05:07  	728.0 	19.1  	33    	5.3      	231   	4.1        	3.3        	2890      	2.4
298       	17:05:09  	727.3 	19.0  	33    	5.1      	233   	4.1        	3.1        	2897      	2.4
300       	17:05:11  	726.7 	19.0  	33    	5.2      	234   	4.2        	3.0        	2905      	2.3
302       	17:05:13  	726.0 	18.9  	33    	5.2      	234   	4.2        	3.0        	2913      	2.3
304       	17:05:15  	725.4 	18.8  	33    	5.1      	235   	4.2        	2.9        	2921      	2.3
306       	17:05:17  	724.7 	18.8  	33    	5.0      	236   	4.1        	2.8        	2929      	2.3
308       	17:05:19  	724.1 	18.7  	33    	4.9      	237   	4.1        	2.7        	2936      	2.3
310       	17:05:21  	723.4 	18.6  	33    	4.8      	237   	4.0        	2.6        	2944      	2.2
312       	17:05:23  	722.8 	18.6  	34    	4.7      	236   	3.9        	2.6        	2951      	2.2
314       	17:05:25  	722.1 	18.5  	34    	4.6      	236   	3.8        	2.6        	2959      	2.2
316       	17:05:27  	721.5 	18.4  	34    	4.5      	235   	3.7        	2.6        	2966      	2.2
318       	17:05:29  	720.9 	18.4  	34    	4.5      	235   	3.7        	2.6        	2974      	2.2
320       	17:05:31  	720.2 	18.3  	34    	4.4      	233   	3.5        	2.6        	2982      	2.2
322       	17:05:33  	719.5 	18.2  	34    	4.3      	232   	3.4        	2.7        	2990      	2.2
324       	17:05:35  	718.8 	18.2  	34    	4.3      	231   	3.3        	2.7        	2999      	2.2
326       	17:05:37  	718.1 	18.1  	34    	4.3      	231   	3.3        	2.7        	3007      	2.2
328       	17:05:39  	717.5 	18.1  	35    	4.3      	231   	3.3        	2.7        	3015      	2.3
330       	17:05:41  	716.8 	18.1  	35    	4.3      	230   	3.3        	2.8        	3023      	2.4
332       	17:05:43  	716.1 	18.2  	35    	4.3      	230   	3.3        	2.8        	3030      	2.5
334       	17:05:45  	715.5 	18.2  	35    	4.4      	229   	3.3        	2.9        	3038      	2.6
336       	17:05:47  	714.8 	18.2  	35    	4.4      	229   	3.3        	2.9        	3046      	2.7
338       	17:05:49  	714.2 	18.1  	36    	4.5      	229   	3.4        	3.0        	3054      	2.7
340       	17:05:51  	713.5 	18.0  	36    	4.5      	229   	3.4        	3.0        	3062      	2.7
342       	17:05:53  	712.8 	18.0  	36    	4.5      	229   	3.4        	3.0        	3070      	2.7
344       	17:05:55  	712.1 	17.9  	36    	4.6      	228   	3.4        	3.1        	3078      	2.7
346       	17:05:57  	711.4 	17.8  	36    	4.7      	227   	3.4        	3.2        	3087      	2.6
348       	17:05:59  	710.8 	17.7  	36    	4.8      	227   	3.5        	3.3        	3095      	2.6
350       	17:06:01  	710.1 	17.7  	36    	4.9      	226   	3.5        	3.4        	3103      	2.5
352       	17:06:03  	709.4 	17.6  	36    	4.9      	225   	3.5        	3.5        	3111      	2.5
354       	17:06:05  	708.8 	17.5  	36    	4.9      	225   	3.5        	3.5        	3119      	2.4
356       	17:06:07  	708.1 	17.4  	36    	5.0      	224   	3.5        	3.6        	3127      	2.3
358       	17:06:09  	707.4 	17.3  	36    	5.1      	225   	3.6        	3.6        	3135      	2.2
360       	17:06:11  	706.7 	17.2  	36    	5.2      	226   	3.7        	3.6        	3144      	2.2
362       	17:06:13  	706.0 	17.1  	36    	5.3      	226   	3.8        	3.7        	3152      	2.1
364       	17:06:15  	705.3 	17.1  	36    	5.4      	227   	3.9        	3.7        	3161      	2.0
366       	17:06:17  	704.5 	17.0  	36    	5.4      	227   	4.0        	3.7        	3170      	2.0
368       	17:06:19  	703.8 	16.9  	36    	5.5      	229   	4.1        	3.6        	3179      	1.9
370       	17:06:21  	703.1 	16.8  	36    	5.5      	229   	4.2        	3.6        	3188      	1.8
372       	17:06:23  	702.3 	16.7  	36    	5.6      	231   	4.4        	3.5        	3196      	1.7
374       	17:06:25  	701.7 	16.6  	36    	5.7      	234   	4.6        	3.4        	3205      	1.7
376       	17:06:27  	701.0 	16.5  	36    	5.9      	235   	4.8        	3.4        	3213      	1.5
378       	17:06:29  	700.3 	16.4  	36    	5.8      	235   	4.8        	3.3        	3221      	1.5
380       	17:06:31  	699.7 	16.3  	36    	5.9      	236   	4.9        	3.3        	3229      	1.4
382       	17:06:33  	699.0 	16.3  	36    	5.9      	237   	4.9        	3.2        	3236      	1.3
384       	17:06:35  	698.4 	16.2  	36    	6.0      	238   	5.1        	3.2        	3244      	1.3
386       	17:06:37  	697.8 	16.1  	36    	6.1      	239   	5.2        	3.1        	3252      	1.2
388       	17:06:39  	697.1 	16.0  	36    	6.2      	241   	5.4        	3.0        	3260      	1.1
390       	17:06:41  	696.5 	16.0  	36    	6.2      	242   	5.5        	2.9        	3267      	1.0
392       	17:06:43  	695.9 	15.9  	36    	6.3      	243   	5.6        	2.9        	3275      	0.9
394       	17:06:45  	695.2 	15.8  	36    	6.4      	243   	5.7        	2.9        	3283      	0.8
396       	17:06:47  	694.6 	15.7  	36    	6.4      	244   	5.8        	2.8        	3291      	0.7
398       	17:06:49  	694.0 	15.7  	36    	6.5      	245   	5.9        	2.7        	3298      	0.7
400       	17:06:51  	693.4 	15.6  	36    	6.6      	247   	6.1        	2.6        	3306      	0.6
402       	17:06:53  	692.8 	15.5  	36    	6.7      	248   	6.2        	2.5        	3313      	0.5
404       	17:06:55  	692.2 	15.5  	36    	6.6      	249   	6.2        	2.4        	3320      	0.4
406       	17:06:57  	691.6 	15.4  	35    	6.6      	250   	6.2        	2.3        	3327      	0.3
408       	17:06:59  	691.0 	15.4  	35    	6.7      	251   	6.3        	2.2        	3334      	0.1
410       	17:07:01  	690.3 	15.3  	35    	6.6      	250   	6.2        	2.2        	3343      	-0.1
412       	17:07:03  	689.7 	15.3  	34    	6.5      	251   	6.2        	2.1        	3351      	-0.3
414       	17:07:05  	689.0 	15.3  	34    	6.5      	251   	6.2        	2.1        	3360      	-0.5
416       	17:07:07  	688.3 	15.3  	33    	6.4      	252   	6.1        	2.0        	3368      	-0.7
418       	17:07:09  	687.7 	15.3  	33    	6.4      	252   	6.1        	2.0        	3376      	-0.9
420       	17:07:11  	687.0 	15.3  	32    	6.4      	251   	6.0        	2.1        	3384      	-1.1
422       	17:07:13  	686.4 	15.2  	32    	6.3      	252   	6.0        	2.0        	3391      	-1.3
424       	17:07:15  	685.8 	15.2  	32    	6.3      	252   	6.0        	2.0        	3398      	-1.4
426       	17:07:17  	685.2 	15.2  	32    	6.3      	252   	6.0        	2.0        	3406      	-1.5
428       	17:07:19  	684.6 	15.1  	32    	6.3      	252   	6.0        	1.9        	3414      	-1.6
430       	17:07:21  	683.9 	15.0  	31    	6.4      	254   	6.1        	1.8        	3423      	-1.7
432       	17:07:23  	683.2 	15.0  	31    	6.5      	254   	6.2        	1.8        	3431      	-1.8
434       	17:07:25  	682.6 	14.9  	31    	6.5      	255   	6.3        	1.7        	3438      	-1.9
436       	17:07:27  	682.0 	14.9  	31    	6.6      	256   	6.4        	1.6        	3446      	-2.1
438       	17:07:29  	681.4 	14.8  	31    	6.7      	257   	6.5        	1.5        	3453      	-2.2
440       	17:07:31  	680.8 	14.8  	31    	6.8      	258   	6.7        	1.4        	3461      	-2.3
442       	17:07:33  	680.1 	14.7  	30    	6.9      	259   	6.8        	1.3        	3469      	-2.4
444       	17:07:35  	679.5 	14.7  	30    	7.0      	259   	6.9        	1.3        	3477      	-2.5
446       	17:07:37  	678.9 	14.6  	30    	7.0      	260   	6.9        	1.2        	3484      	-2.6
448       	17:07:39  	678.3 	14.6  	30    	7.2      	260   	7.1        	1.2        	3492      	-2.7
450       	17:07:41  	677.6 	14.5  	30    	7.4      	261   	7.3        	1.2        	3500      	-2.8
452       	17:07:43  	677.0 	14.4  	30    	7.6      	261   	7.5        	1.2        	3507      	-2.8
454       	17:07:45  	676.4 	14.4  	30    	7.8      	261   	7.7        	1.2        	3515      	-2.8
456       	17:07:47  	675.8 	14.3  	31    	7.9      	261   	7.8        	1.3        	3523      	-2.7
458       	17:07:49  	675.2 	14.3  	31    	8.0      	261   	7.9        	1.3        	3531      	-2.7
460       	17:07:51  	674.5 	14.2  	31    	8.3      	260   	8.2        	1.5        	3538      	-2.7
462       	17:07:53  	673.9 	14.2  	31    	8.6      	259   	8.4        	1.7        	3547      	-2.6
464       	17:07:55  	673.2 	14.1  	31    	8.9      	258   	8.7        	1.9        	3555      	-2.6
466       	17:07:57  	672.6 	14.1  	31    	9.2      	257   	9.0        	2.1        	3563      	-2.6
468       	17:07:59  	671.9 	14.1  	31    	9.5      	257   	9.2        	2.2        	3572      	-2.6
470       	17:08:01  	671.2 	14.0  	31    	9.6      	256   	9.3        	2.4        	3580      	-2.6
472       	17:08:03  	670.5 	14.0  	31    	9.8      	255   	9.5        	2.5        	3589      	-2.7
474       	17:08:05  	669.9 	14.0  	31    	10.1     	254   	9.7        	2.7        	3597      	-2.8
476       	17:08:07  	669.3 	13.9  	31    	10.3     	253   	9.9        	3.0        	3605      	-2.8
478       	17:08:09  	668.7 	13.9  	31    	10.6     	252   	10.1       	3.2        	3613      	-2.8
480       	17:08:11  	668.1 	13.9  	31    	10.8     	252   	10.2       	3.4        	3620      	-2.8
482       	17:08:13  	667.5 	13.9  	31    	10.8     	251   	10.2       	3.5        	3627      	-2.8
484       	17:08:15  	667.0 	13.8  	31    	10.9     	251   	10.3       	3.6        	3634      	-2.8
486       	17:08:17  	666.4 	13.8  	31    	11.0     	250   	10.3       	3.8        	3641      	-2.9
488       	17:08:19  	665.9 	13.7  	31    	11.1     	249   	10.4       	3.9        	3648      	-2.9
490       	17:08:21  	665.3 	13.7  	31    	11.3     	249   	10.5       	4.1        	3654      	-2.9
492       	17:08:23  	664.8 	13.6  	32    	11.5     	247   	10.6       	4.4        	3661      	-2.9
494       	17:08:25  	664.2 	13.5  	32    	11.7     	247   	10.8       	4.6        	3668      	-3.0
496       	17:08:27  	663.5 	13.4  	32    	11.9     	247   	10.9       	4.7        	3676      	-3.0
498       	17:08:29  	662.9 	13.3  	32    	12.0     	246   	11.0       	4.8        	3685      	-3.1
500       	17:08:31  	662.2 	13.2  	32    	12.2     	246   	11.1       	5.0        	3694      	-3.2
502       	17:08:33  	661.6 	13.2  	32    	12.3     	246   	11.2       	5.1        	3703      	-3.2
504       	17:08:35  	660.9 	13.1  	32    	12.4     	245   	11.3       	5.2        	3711      	-3.2
506       	17:08:37  	660.3 	13.0  	32    	12.6     	245   	11.4       	5.4        	3719      	-3.3
508       	17:08:39  	659.6 	12.9  	32    	12.7     	244   	11.5       	5.5        	3727      	-3.3
510       	17:08:41  	659.0 	12.9  	32    	12.7     	244   	11.5       	5.5        	3735      	-3.3
512       	17:08:43  	658.4 	12.7  	32    	12.7     	244   	11.5       	5.5        	3742      	-3.3
514       	17:08:45  	657.8 	12.6  	32    	12.7     	244   	11.5       	5.5        	3750      	-3.5
516       	17:08:47  	657.2 	12.6  	32    	12.7     	244   	11.5       	5.5        	3758      	-3.5
518       	17:08:49  	656.6 	12.5  	32    	12.7     	244   	11.5       	5.5        	3766      	-3.6
520       	17:08:51  	656.0 	12.4  	32    	12.7     	244   	11.5       	5.5        	3774      	-3.6
522       	17:08:53  	655.3 	12.4  	32    	12.7     	244   	11.5       	5.5        	3782      	-3.7
524       	17:08:55  	654.8 	12.3  	32    	12.7     	244   	11.5       	5.5        	3789      	-3.7
526       	17:08:57  	654.2 	12.3  	32    	12.7     	244   	11.5       	5.5        	3796      	-3.8
528       	17:08:59  	653.7 	12.2  	32    	12.7     	244   	11.5       	5.5        	3803      	-3.8
530       	17:09:01  	653.1 	12.2  	32    	12.7     	244   	11.5       	5.5        	3810      	-3.8
532       	17:09:03  	652.5 	12.2  	33    	12.7     	244   	11.5       	5.5        	3818      	-3.7
534       	17:09:05  	651.9 	12.2  	33    	12.7     	244   	11.5       	5.5        	3826      	-3.7
536       	17:09:07  	651.2 	12.1  	33    	12.7     	244   	11.5       	5.5        	3834      	-3.7
538       	17:09:09  	650.6 	12.0  	33    	12.7     	244   	11.5       	5.5        	3843      	-3.7
540       	17:09:11  	649.9 	12.0  	33    	12.7     	244   	11.5       	5.5        	3851      	-3.7
542       	17:09:13  	649.3 	11.9  	33    	12.7     	244   	11.4       	5.5        	3859      	-3.7
544       	17:09:15  	648.7 	11.8  	34    	12.6     	244   	11.3       	5.5        	3867      	-3.7
546       	17:09:17  	648.1 	11.8  	34    	12.5     	244   	11.2       	5.5        	3875      	-3.7
548       	17:09:19  	647.5 	11.8  	34    	12.4     	244   	11.1       	5.5        	3882      	-3.7
550       	17:09:21  	646.9 	11.7  	34    	12.3     	243   	11.0       	5.5        	3890      	-3.7
552       	17:09:23  	646.3 	11.6  	34    	12.2     	243   	10.9       	5.5        	3897      	-3.8
554       	17:09:25  	645.7 	11.5  	34    	12.1     	243   	10.8       	5.5        	3905      	-3.9
556       	17:09:27  	645.2 	11.4  	33    	12.0     	243   	10.7       	5.5        	3913      	-4.0
558       	17:09:29  	644.6 	11.4  	33    	11.9     	243   	10.6       	5.5        	3920      	-4.1
560       	17:09:31  	644.0 	11.4  	33    	11.9     	242   	10.5       	5.5        	3928      	-4.1
562       	17:09:33  	643.4 	11.3  	33    	11.9     	242   	10.5       	5.5        	3935      	-4.2
564       	17:09:35  	642.8 	11.3  	33    	11.9     	242   	10.5       	5.5        	3943      	-4.3
566       	17:09:37  	642.2 	11.2  	33    	11.8     	243   	10.5       	5.4        	3951      	-4.3
568       	17:09:39  	641.6 	11.2  	33    	11.8     	243   	10.5       	5.3        	3958      	-4.4
570       	17:09:41  	641.0 	11.1  	33    	11.7     	244   	10.5       	5.2        	3966      	-4.4
572       	17:09:43  	640.5 	11.1  	33    	11.7     	244   	10.5       	5.1        	3974      	-4.4
574       	17:09:45  	639.9 	11.0  	33    	11.7     	244   	10.5       	5.1        	3981      	-4.4
576       	17:09:47  	639.3 	11.0  	33    	11.6     	245   	10.5       	5.0        	3989      	-4.5
578       	17:09:49  	638.7 	10.9  	34    	11.6     	245   	10.5       	4.9        	3996      	-4.5
580       	17:09:51  	638.0 	10.8  	34    	11.5     	245   	10.5       	4.8        	4005      	-4.5
582       	17:09:53  	637.4 	10.7  	34    	11.5     	246   	10.5       	4.7        	4014      	-4.5
584       	17:09:55  	636.8 	10.7  	34    	11.5     	246   	10.5       	4.6        	4021      	-4.6
586       	17:09:57  	636.2 	10.6  	34    	11.5     	246   	10.5       	4.6        	4029      	-4.6
588       	17:09:59  	635.6 	10.6  	34    	11.5     	246   	10.5       	4.6        	4037      	-4.6
590       	17:10:01  	635.0 	10.5  	34    	11.5     	246   	10.5       	4.6        	4045      	-4.5
592       	17:10:03  	634.4 	10.5  	34    	11.5     	246   	10.5       	4.6        	4053      	-4.5
594       	17:10:05  	633.8 	10.4  	35    	11.5     	246   	10.5       	4.6        	4061      	-4.4
596       	17:10:07  	633.2 	10.4  	35    	11.5     	246   	10.5       	4.6        	4069      	-4.4
598       	17:10:09  	632.5 	10.3  	35    	11.6     	247   	10.6       	4.6        	4077      	-4.4
600       	17:10:11  	631.9 	10.2  	35    	11.6     	247   	10.7       	4.6        	4085      	-4.4
602       	17:10:13  	631.3 	10.1  	36    	11.7     	247   	10.8       	4.6        	4094      	-4.4
604       	17:10:15  	630.6 	10.0  	36    	11.8     	247   	10.9       	4.6        	4103      	-4.4
606       	17:10:17  	630.0 	10.0  	36    	11.9     	248   	11.0       	4.5        	4111      	-4.5
608       	17:10:19  	629.4 	9.9   	36    	12.0     	248   	11.1       	4.5        	4119      	-4.5
610       	17:10:21  	628.7 	9.8   	36    	12.1     	248   	11.2       	4.5        	4128      	-4.5
612       	17:10:23  	628.1 	9.7   	36    	12.3     	248   	11.4       	4.5        	4135      	-4.5
614       	17:10:25  	627.5 	9.7   	36    	12.4     	248   	11.5       	4.6        	4143      	-4.5
616       	17:10:27  	627.0 	9.6   	37    	12.6     	249   	11.7       	4.6        	4151      	-4.5
618       	17:10:29  	626.4 	9.5   	37    	12.6     	248   	11.7       	4.7        	4159      	-4.5
620       	17:10:31  	625.8 	9.4   	37    	12.7     	248   	11.8       	4.7        	4166      	-4.5
622       	17:10:33  	625.2 	9.4   	37    	12.7     	248   	11.8       	4.8        	4174      	-4.5
624       	17:10:35  	624.6 	9.3   	37    	12.8     	247   	11.8       	4.9        	4182      	-4.6
626       	17:10:37  	623.9 	9.2   	37    	12.9     	247   	11.9       	5.1        	4191      	-4.6
628       	17:10:39  	623.3 	9.1   	37    	13.0     	246   	11.9       	5.2        	4199      	-4.6
630       	17:10:41  	622.7 	9.0   	38    	13.1     	246   	11.9       	5.4        	4207      	-4.6
632       	17:10:43  	622.1 	8.9   	38    	13.1     	245   	11.9       	5.5        	4216      	-4.6
634       	17:10:45  	621.5 	8.9   	38    	13.1     	245   	11.8       	5.6        	4224      	-4.6
636       	17:10:47  	620.9 	8.8   	38    	13.1     	244   	11.8       	5.7        	4231      	-4.6
638       	17:10:49  	620.3 	8.7   	38    	13.1     	244   	11.8       	5.8        	4239      	-4.6
640       	17:10:51  	619.8 	8.6   	39    	13.2     	243   	11.8       	6.0        	4246      	-4.6
642       	17:10:53  	619.2 	8.6   	39    	13.4     	243   	11.9       	6.1        	4254      	-4.6
644       	17:10:55  	618.6 	8.5   	39    	13.4     	242   	11.9       	6.2        	4262      	-4.7
646       	17:10:57  	618.0 	8.4   	39    	13.4     	242   	11.9       	6.2        	4270      	-4.7
648       	17:10:59  	617.4 	8.3   	39    	13.5     	243   	12.0       	6.2        	4278      	-4.7
650       	17:11:01  	616.8 	8.3   	39    	13.5     	243   	12.0       	6.2        	4286      	-4.7
652       	17:11:03  	616.2 	8.2   	40    	13.5     	243   	12.0       	6.2        	4294      	-4.7
654       	17:11:05  	615.6 	8.1   	40    	13.6     	243   	12.1       	6.2        	4302      	-4.7
656       	17:11:07  	615.0 	8.0   	40    	13.6     	243   	12.1       	6.2        	4309      	-4.7
658       	17:11:09  	614.5 	8.0   	40    	13.6     	243   	12.1       	6.2        	4317      	-4.7
660       	17:11:11  	613.9 	7.9   	40    	13.6     	243   	12.1       	6.2        	4326      	-4.7
662       	17:11:13  	613.2 	7.8   	40    	13.6     	243   	12.1       	6.2        	4334      	-4.7
664       	17:11:15  	612.6 	7.7   	41    	13.6     	243   	12.1       	6.2        	4342      	-4.8
666       	17:11:17  	612.0 	7.7   	41    	13.6     	243   	12.1       	6.2        	4350      	-4.8
668       	17:11:19  	611.4 	7.6   	41    	13.6     	243   	12.1       	6.2        	4359      	-4.9
670       	17:11:21  	610.8 	7.5   	41    	13.6     	243   	12.1       	6.2        	4367      	-4.9
672       	17:11:23  	610.2 	7.4   	41    	13.6     	243   	12.1       	6.2        	4375      	-4.9
674       	17:11:25  	609.6 	7.3   	41    	13.6     	243   	12.1       	6.2        	4383      	-5.0
676       	17:11:27  	609.0 	7.2   	41    	13.6     	243   	12.1       	6.1        	4390      	-5.0
678       	17:11:29  	608.5 	7.1   	41    	13.6     	243   	12.1       	6.1        	4398      	-5.1
680       	17:11:31  	607.9 	7.0   	42    	13.6     	243   	12.1       	6.1        	4406      	-5.1
682       	17:11:33  	607.3 	6.9   	42    	13.6     	243   	12.1       	6.1        	4414      	-5.2
684       	17:11:35  	606.7 	6.8   	42    	13.6     	243   	12.1       	6.1        	4422      	-5.2
686       	17:11:37  	606.1 	6.7   	42    	13.6     	243   	12.1       	6.1        	4430      	-5.3
688       	17:11:39  	605.6 	6.6   	42    	13.6     	243   	12.1       	6.1        	4437      	-5.4
690       	17:11:41  	605.0 	6.5   	42    	13.5     	244   	12.1       	6.0        	4445      	-5.4
692       	17:11:43  	604.4 	6.4   	42    	13.6     	244   	12.2       	6.0        	4453      	-5.4
694       	17:11:45  	603.8 	6.3   	42    	13.6     	244   	12.2       	5.9        	4461      	-5.5
696       	17:11:47  	603.2 	6.3   	43    	13.6     	244   	12.3       	5.9        	4469      	-5.5
698       	17:11:49  	602.6 	6.2   	43    	13.6     	245   	12.3       	5.8        	4477      	-5.5
700       	17:11:51  	602.0 	6.1   	43    	13.7     	245   	12.4       	5.8        	4485      	-5.4
702       	17:11:53  	601.4 	6.0   	43    	13.6     	245   	12.4       	5.7        	4493      	-5.5
704       	17:11:55  	600.8 	5.9   	44    	13.7     	246   	12.5       	5.6        	4502      	-5.5
706       	17:11:57  	600.2 	5.9   	44    	13.8     	246   	12.6       	5.6        	4510      	-5.5
708       	17:11:59  	599.6 	5.8   	44    	13.8     	247   	12.7       	5.5        	4518      	-5.5
710       	17:12:01  	599.0 	5.7   	44    	13.9     	247   	12.8       	5.4        	4526      	-5.6
712       	17:12:03  	598.5 	5.6   	44    	13.9     	247   	12.8       	5.4        	4534      	-5.7
714       	17:12:05  	597.9 	5.5   	44    	14.0     	247   	12.9       	5.4        	4542      	-5.7
716       	17:12:07  	597.3 	5.5   	44    	14.0     	247   	12.9       	5.4        	4550      	-5.7
718       	17:12:09  	596.7 	5.4   	44    	14.1     	247   	13.0       	5.4        	4558      	-5.7
720       	17:12:11  	596.1 	5.3   	45    	14.1     	247   	13.0       	5.4        	4566      	-5.7
722       	17:12:13  	595.6 	5.2   	45    	14.1     	247   	13.0       	5.4        	4574      	-5.7
724       	17:12:15  	595.0 	5.1   	45    	14.1     	247   	13.0       	5.4        	4582      	-5.6
726       	17:12:17  	594.4 	5.1   	46    	14.1     	247   	13.0       	5.5        	4590      	-5.6
728       	17:12:19  	593.8 	5.0   	46    	14.1     	247   	13.0       	5.5        	4598      	-5.6
730       	17:12:21  	593.3 	4.9   	46    	14.1     	247   	13.0       	5.5        	4605      	-5.6
732       	17:12:23  	592.7 	4.8   	47    	14.2     	247   	13.0       	5.6        	4613      	-5.6
734       	17:12:25  	592.1 	4.7   	47    	14.2     	247   	13.1       	5.6        	4621      	-5.6
736       	17:12:27  	591.5 	4.7   	47    	14.2     	247   	13.1       	5.6        	4629      	-5.6
738       	17:12:29  	590.9 	4.6   	47    	14.2     	247   	13.1       	5.6        	4638      	-5.7
740       	17:12:31  	590.3 	4.5   	47    	14.2     	247   	13.1       	5.6        	4646      	-5.7
742       	17:12:33  	589.8 	4.4   	48    	14.2     	247   	13.1       	5.6        	4654      	-5.7
744       	17:12:35  	589.2 	4.4   	48    	14.2     	247   	13.1       	5.6        	4662      	-5.7
746       	17:12:37  	588.6 	4.3   	48    	14.2     	247   	13.1       	5.5        	4670      	-5.7
748       	17:12:39  	587.9 	4.2   	48    	14.2     	247   	13.1       	5.5        	4679      	-5.7
750       	17:12:41  	587.3 	4.1   	49    	14.2     	247   	13.1       	5.5        	4687      	-5.7
752       	17:12:43  	586.8 	4.1   	49    	14.2     	247   	13.1       	5.5        	4695      	-5.7
754       	17:12:45  	586.2 	4.0   	49    	14.2     	247   	13.1       	5.6        	4704      	-5.7
756       	17:12:47  	585.6 	3.9   	49    	14.3     	247   	13.2       	5.6        	4712      	-5.7
758       	17:12:49  	585.0 	3.8   	50    	14.3     	247   	13.2       	5.6        	4719      	-5.7
760       	17:12:51  	584.4 	3.7   	50    	14.4     	247   	13.2       	5.7        	4727      	-5.8
762       	17:12:53  	583.9 	3.7   	50    	14.5     	247   	13.3       	5.7        	4735      	-5.8
764       	17:12:55  	583.3 	3.6   	50    	14.5     	247   	13.3       	5.7        	4743      	-5.9
766       	17:12:57  	582.7 	3.5   	50    	14.5     	246   	13.3       	5.8        	4752      	-5.9
768       	17:12:59  	582.1 	3.4   	50    	14.6     	247   	13.4       	5.8        	4759      	-5.9
770       	17:13:01  	581.6 	3.3   	51    	14.6     	246   	13.4       	5.9        	4767      	-5.9
772       	17:13:03  	581.1 	3.3   	51    	14.6     	246   	13.4       	5.9        	4775      	-5.9
774       	17:13:05  	580.5 	3.2   	51    	14.6     	246   	13.4       	5.9        	4782      	-5.9
776       	17:13:07  	580.0 	3.1   	51    	14.6     	246   	13.4       	5.9        	4790      	-5.9
778       	17:13:09  	579.5 	3.1   	52    	14.5     	246   	13.3       	5.9        	4797      	-5.9
780       	17:13:11  	578.9 	3.0   	52    	14.6     	247   	13.4       	5.8        	4804      	-5.9
782       	17:13:13  	578.4 	2.9   	52    	14.6     	247   	13.4       	5.8        	4811      	-5.9
784       	17:13:15  	577.9 	2.8   	52    	14.6     	247   	13.4       	5.7        	4818      	-6.0
786       	17:13:17  	577.4 	2.7   	52    	14.6     	247   	13.4       	5.7        	4826      	-6.0
788       	17:13:19  	576.8 	2.7   	53    	14.6     	247   	13.5       	5.6        	4834      	-6.0
790       	17:13:21  	576.3 	2.6   	53    	14.6     	248   	13.5       	5.5        	4841      	-6.0
792       	17:13:23  	575.7 	2.5   	53    	14.7     	248   	13.6       	5.5        	4849      	-6.0
794       	17:13:25  	575.2 	2.4   	53    	14.8     	248   	13.7       	5.5        	4857      	-6.1
796       	17:13:27  	574.7 	2.4   	53    	14.8     	248   	13.7       	5.5        	4864      	-6.1
798       	17:13:29  	574.1 	2.3   	54    	14.9     	248   	13.8       	5.5        	4872      	-6.1
800       	17:13:31  	573.6 	2.2   	54    	14.9     	248   	13.8       	5.6        	4879      	-6.2
802       	17:13:33  	573.0 	2.1   	54    	15.0     	248   	13.9       	5.6        	4887      	-6.2
804       	17:13:35  	572.5 	2.1   	54    	15.0     	248   	13.9       	5.7        	4895      	-6.2
806       	17:13:37  	571.9 	2.0   	54    	15.2     	247   	14.0       	5.8        	4903      	-6.3
808       	17:13:39  	571.3 	1.9   	54    	15.2     	247   	14.0       	5.9        	4911      	-6.3
810       	17:13:41  	570.8 	1.9   	54    	15.3     	247   	14.1       	5.9        	4919      	-6.4
812       	17:13:43  	570.2 	1.8   	54    	15.4     	247   	14.2       	6.0        	4927      	-6.4
814       	17:13:45  	569.7 	1.7   	55    	15.4     	247   	14.2       	6.0        	4935      	-6.4
816       	17:13:47  	569.1 	1.6   	55    	15.5     	247   	14.3       	6.0        	4943      	-6.4
818       	17:13:49  	568.5 	1.6   	55    	15.5     	247   	14.3       	6.1        	4951      	-6.5
820       	17:13:51  	568.0 	1.5   	55    	15.6     	247   	14.4       	6.1        	4958      	-6.5
822       	17:13:53  	567.5 	1.4   	55    	15.7     	247   	14.4       	6.2        	4966      	-6.5
824       	17:13:55  	566.9 	1.4   	55    	15.7     	246   	14.4       	6.3        	4974      	-6.5
826       	17:13:57  	566.4 	1.3   	56    	15.7     	246   	14.4       	6.3        	4982      	-6.6
828       	17:13:59  	565.8 	1.2   	56    	15.8     	246   	14.4       	6.4        	4990      	-6.6
830       	17:14:01  	565.2 	1.1   	56    	15.8     	246   	14.4       	6.4        	4998      	-6.7
832       	17:14:03  	564.6 	1.0   	56    	15.7     	245   	14.3       	6.6        	5006      	-6.7
834       	17:14:05  	564.0 	1.0   	56    	15.8     	245   	14.3       	6.7        	5015      	-6.7
836       	17:14:07  	563.4 	0.9   	56    	15.8     	245   	14.3       	6.8        	5023      	-6.8
838       	17:14:09  	562.9 	0.8   	57    	15.9     	244   	14.3       	6.9        	5031      	-6.8
840       	17:14:11  	562.3 	0.7   	57    	15.9     	244   	14.3       	6.9        	5040      	-6.8
842       	17:14:13  	561.7 	0.6   	57    	15.9     	244   	14.3       	7.0        	5048      	-6.8
844       	17:14:15  	561.1 	0.6   	57    	15.9     	244   	14.3       	7.0        	5057      	-6.9
846       	17:14:17  	560.5 	0.5   	57    	15.9     	244   	14.3       	7.0        	5065      	-6.9
848       	17:14:19  	559.9 	0.4   	58    	16.0     	244   	14.3       	7.1        	5074      	-6.9
850       	17:14:21  	559.3 	0.3   	58    	16.0     	244   	14.3       	7.1        	5083      	-6.9
852       	17:14:23  	558.7 	0.2   	58    	15.9     	243   	14.2       	7.1        	5091      	-7.0
854       	17:14:25  	558.1 	0.2   	58    	15.8     	244   	14.2       	7.0        	5100      	-7.0
856       	17:14:27  	557.5 	0.1   	59    	15.8     	244   	14.2       	7.0        	5108      	-7.0
858       	17:14:29  	556.9 	0.0   	59    	16.0     	244   	14.3       	7.1        	5117      	-7.0
860       	17:14:31  	556.3 	-0.1  	59    	16.0     	243   	14.3       	7.2        	5125      	-7.0
862       	17:14:33  	555.7 	-0.1  	60    	16.0     	243   	14.3       	7.2        	5134      	-7.0
864       	17:14:35  	555.2 	-0.2  	60    	16.1     	243   	14.4       	7.3        	5142      	-7.1
866       	17:14:37  	554.5 	-0.3  	60    	16.2     	243   	14.4       	7.4        	5151      	-7.1
868       	17:14:39  	553.9 	-0.4  	60    	16.3     	243   	14.5       	7.5        	5159      	-7.1
870       	17:14:41  	553.3 	-0.5  	60    	16.4     	242   	14.5       	7.7        	5168      	-7.2
872       	17:14:43  	552.7 	-0.5  	61    	16.5     	242   	14.5       	7.8        	5178      	-7.2
874       	17:14:45  	552.1 	-0.6  	61    	16.6     	241   	14.5       	8.0        	5187      	-7.2
876       	17:14:47  	551.5 	-0.7  	61    	16.6     	241   	14.5       	8.1        	5195      	-7.2
878       	17:14:49  	551.0 	-0.8  	61    	16.7     	241   	14.5       	8.2        	5203      	-7.3
880       	17:14:51  	550.4 	-0.8  	61    	16.7     	240   	14.5       	8.3        	5211      	-7.3
882       	17:14:53  	549.9 	-0.9  	62    	16.6     	240   	14.4       	8.3        	5218      	-7.3
884       	17:14:55  	549.4 	-1.0  	62    	16.7     	240   	14.4       	8.4        	5225      	-7.3
886       	17:14:57  	548.9 	-1.1  	62    	16.7     	239   	14.4       	8.5        	5233      	-7.4
888       	17:14:59  	548.4 	-1.1  	62    	16.7     	239   	14.3       	8.6        	5240      	-7.4
890       	17:15:01  	547.8 	-1.2  	62    	16.7     	239   	14.3       	8.7        	5248      	-7.4
892       	17:15:03  	547.3 	-1.3  	62    	16.7     	239   	14.3       	8.7        	5256      	-7.5
894       	17:15:05  	546.8 	-1.3  	63    	16.8     	238   	14.3       	8.8        	5264      	-7.5
896       	17:15:07  	546.2 	-1.4  	63    	16.8     	238   	14.3       	8.8        	5272      	-7.5
898       	17:15:09  	545.7 	-1.5  	63    	16.8     	238   	14.3       	8.9        	5280      	-7.5
900       	17:15:11  	545.2 	-1.5  	63    	16.8     	238   	14.3       	8.9        	5287      	-7.5
902       	17:15:13  	544.6 	-1.6  	64    	16.9     	238   	14.3       	9.0        	5295      	-7.5
904       	17:15:15  	544.1 	-1.6  	64    	17.0     	238   	14.4       	9.0        	5303      	-7.5
906       	17:15:17  	543.5 	-1.7  	64    	17.0     	238   	14.4       	9.0        	5311      	-7.5
908       	17:15:19  	543.0 	-1.7  	65    	17.0     	238   	14.4       	9.1        	5319      	-7.4
910       	17:15:21  	542.4 	-1.8  	65    	17.2     	238   	14.5       	9.2        	5327      	-7.4
912       	17:15:23  	541.9 	-1.8  	65    	17.3     	238   	14.6       	9.2        	5335      	-7.4
914       	17:15:25  	541.3 	-1.9  	66    	17.4     	238   	14.7       	9.3        	5343      	-7.4
916       	17:15:27  	540.8 	-2.0  	66    	17.5     	238   	14.8       	9.4        	5351      	-7.4
918       	17:15:29  	540.2 	-2.0  	66    	17.7     	237   	14.9       	9.5        	5359      	-7.5
920       	17:15:31  	539.7 	-2.1  	67    	17.7     	237   	14.9       	9.6        	5367      	-7.5
922       	17:15:33  	539.2 	-2.2  	67    	17.9     	237   	15.0       	9.7        	5374      	-7.5
924       	17:15:35  	538.7 	-2.3  	67    	18.0     	237   	15.0       	9.9        	5382      	-7.6
926       	17:15:37  	538.2 	-2.3  	67    	18.1     	236   	15.0       	10.1       	5390      	-7.6
928       	17:15:39  	537.7 	-2.4  	67    	18.2     	236   	15.0       	10.3       	5398      	-7.6
930       	17:15:41  	537.1 	-2.5  	67    	18.3     	235   	15.0       	10.4       	5405      	-7.7
932       	17:15:43  	536.6 	-2.5  	68    	18.3     	235   	15.0       	10.5       	5413      	-7.7
934       	17:15:45  	536.1 	-2.6  	68    	18.3     	235   	14.9       	10.6       	5421      	-7.7
936       	17:15:47  	535.6 	-2.7  	68    	18.3     	234   	14.9       	10.7       	5428      	-7.7
938       	17:15:49  	535.0 	-2.7  	68    	18.3     	234   	14.9       	10.7       	5436      	-7.7
940       	17:15:51  	534.5 	-2.8  	68    	18.4     	234   	14.9       	10.8       	5444      	-7.8
942       	17:15:53  	534.0 	-2.9  	69    	18.4     	234   	14.9       	10.8       	5452      	-7.8
944       	17:15:55  	533.5 	-2.9  	69    	18.4     	234   	14.9       	10.8       	5459      	-7.8
946       	17:15:57  	533.0 	-3.0  	69    	18.4     	234   	14.9       	10.8       	5467      	-7.8
948       	17:15:59  	532.4 	-3.1  	69    	18.3     	234   	14.9       	10.7       	5475      	-7.9
950       	17:16:01  	531.9 	-3.2  	70    	18.3     	235   	14.9       	10.6       	5483      	-7.9
952       	17:16:03  	531.4 	-3.3  	70    	18.4     	235   	15.0       	10.6       	5490      	-7.9
954       	17:16:05  	530.9 	-3.3  	70    	18.3     	235   	15.0       	10.5       	5498      	-7.9
956       	17:16:07  	530.3 	-3.4  	71    	18.3     	235   	15.0       	10.5       	5506      	-8.0
958       	17:16:09  	529.8 	-3.5  	71    	18.3     	235   	15.0       	10.5       	5514      	-8.0
960       	17:16:11  	529.2 	-3.6  	71    	18.3     	235   	15.0       	10.4       	5523      	-8.1
962       	17:16:13  	528.7 	-3.7  	71    	18.3     	235   	15.0       	10.4       	5531      	-8.1
964       	17:16:15  	528.2 	-3.7  	71    	18.3     	235   	15.0       	10.4       	5539      	-8.1
966       	17:16:17  	527.6 	-3.8  	72    	18.3     	235   	15.1       	10.4       	5547      	-8.1
968       	17:16:19  	527.1 	-3.9  	72    	18.4     	235   	15.1       	10.5       	5555      	-8.2
970       	17:16:21  	526.5 	-4.0  	72    	18.4     	235   	15.1       	10.5       	5563      	-8.2
972       	17:16:23  	526.0 	-4.0  	72    	18.4     	235   	15.1       	10.5       	5571      	-8.3
974       	17:16:25  	525.5 	-4.1  	73    	18.4     	235   	15.1       	10.6       	5579      	-8.3
976       	17:16:27  	525.0 	-4.2  	73    	18.4     	235   	15.1       	10.6       	5587      	-8.3
978       	17:16:29  	524.4 	-4.3  	73    	18.4     	235   	15.1       	10.6       	5594      	-8.3
980       	17:16:31  	523.9 	-4.3  	73    	18.4     	235   	15.1       	10.6       	5602      	-8.4
982       	17:16:33  	523.4 	-4.4  	74    	18.4     	235   	15.1       	10.6       	5610      	-8.4
984       	17:16:35  	522.9 	-4.5  	74    	18.4     	235   	15.1       	10.6       	5618      	-8.4
986       	17:16:37  	522.4 	-4.6  	74    	18.4     	235   	15.1       	10.6       	5626      	-8.4
988       	17:16:39  	521.8 	-4.7  	74    	18.4     	235   	15.1       	10.5       	5634      	-8.5
990       	17:16:41  	521.3 	-4.7  	75    	18.5     	235   	15.2       	10.5       	5642      	-8.5
992       	17:16:43  	520.8 	-4.8  	75    	18.5     	235   	15.2       	10.5       	5650      	-8.6
994       	17:16:45  	520.3 	-4.9  	75    	18.5     	235   	15.2       	10.5       	5657      	-8.6
996       	17:16:47  	519.8 	-5.0  	76    	18.5     	235   	15.2       	10.5       	5665      	-8.6
998       	17:16:49  	519.3 	-5.0  	76    	18.5     	235   	15.2       	10.5       	5672      	-8.6
1000      	17:16:51  	518.8 	-5.1  	76    	18.5     	235   	15.2       	10.5       	5680      	-8.7
1002      	17:16:53  	518.3 	-5.2  	76    	18.4     	236   	15.2       	10.4       	5688      	-8.7
1004      	17:16:55  	517.7 	-5.3  	76    	18.4     	236   	15.2       	10.4       	5696      	-8.8
1006      	17:16:57  	517.2 	-5.3  	76    	18.4     	236   	15.2       	10.4       	5705      	-8.8
1008      	17:16:59  	516.6 	-5.4  	77    	18.4     	236   	15.2       	10.4       	5713      	-8.8
1010      	17:17:01  	516.1 	-5.5  	77    	18.4     	236   	15.2       	10.4       	5721      	-8.9
1012      	17:17:03  	515.6 	-5.6  	77    	18.4     	236   	15.2       	10.4       	5728      	-8.9
1014      	17:17:05  	515.1 	-5.6  	78    	18.3     	235   	15.1       	10.4       	5736      	-8.9
1016      	17:17:07  	514.6 	-5.7  	78    	18.3     	235   	15.0       	10.4       	5743      	-8.9
1018      	17:17:09  	514.1 	-5.8  	79    	18.3     	235   	15.0       	10.4       	5751      	-8.9
1020      	17:17:11  	513.6 	-5.9  	79    	18.2     	235   	14.9       	10.4       	5758      	-8.9
1022      	17:17:13  	513.1 	-6.0  	79    	18.1     	235   	14.8       	10.4       	5766      	-8.9
1024      	17:17:15  	512.6 	-6.0  	79    	18.1     	235   	14.8       	10.4       	5775      	-9.0
1026      	17:17:17  	512.0 	-6.1  	80    	18.1     	234   	14.7       	10.5       	5783      	-9.1
1028      	17:17:19  	511.5 	-6.2  	80    	18.1     	234   	14.7       	10.5       	5791      	-9.2
1030      	17:17:21  	510.9 	-6.3  	80    	18.0     	234   	14.6       	10.6       	5800      	-9.2
1032      	17:17:23  	510.4 	-6.4  	80    	18.1     	234   	14.6       	10.7       	5808      	-9.3
1034      	17:17:25  	509.8 	-6.5  	79    	18.2     	234   	14.7       	10.8       	5817      	-9.4
1036      	17:17:27  	509.2 	-6.5  	79    	18.2     	234   	14.7       	10.8       	5826      	-9.5
1038      	17:17:29  	508.7 	-6.6  	80    	18.4     	234   	14.8       	10.9       	5834      	-9.5
1040      	17:17:31  	508.1 	-6.7  	80    	18.5     	234   	14.9       	11.0       	5843      	-9.6
1042      	17:17:33  	507.5 	-6.8  	80    	18.7     	233   	15.0       	11.1       	5851      	-9.6
1044      	17:17:35  	507.0 	-6.8  	80    	18.9     	233   	15.2       	11.3       	5860      	-9.7
1046      	17:17:37  	506.4 	-6.9  	80    	19.0     	234   	15.3       	11.3       	5869      	-9.7
1048      	17:17:39  	505.8 	-7.0  	81    	19.1     	234   	15.4       	11.3       	5878      	-9.8
1050      	17:17:41  	505.3 	-7.1  	81    	19.2     	234   	15.5       	11.4       	5887      	-9.8
1052      	17:17:43  	504.7 	-7.2  	81    	19.4     	234   	15.7       	11.4       	5896      	-9.9
1054      	17:17:45  	504.1 	-7.2  	81    	19.7     	234   	16.0       	11.5       	5904      	-9.9
1056      	17:17:47  	503.6 	-7.3  	81    	19.9     	235   	16.2       	11.5       	5913      	-10.0
1058      	17:17:49  	503.0 	-7.4  	81    	20.0     	235   	16.4       	11.5       	5921      	-10.1
1060      	17:17:51  	502.5 	-7.5  	81    	20.2     	235   	16.6       	11.5       	5930      	-10.2
1062      	17:17:53  	501.9 	-7.5  	80    	20.3     	235   	16.7       	11.6       	5938      	-10.3
1064      	17:17:55  	501.4 	-7.6  	80    	20.6     	235   	16.9       	11.7       	5947      	-10.4
1066      	17:17:57  	500.8 	-7.7  	80    	20.8     	235   	17.1       	11.8       	5956      	-10.5
1068      	17:17:59  	500.3 	-7.7  	80    	20.9     	235   	17.2       	11.9       	5965      	-10.6
1070      	17:18:01  	499.7 	-7.8  	80    	21.1     	235   	17.4       	12.0       	5973      	-10.7
1072      	17:18:03  	499.2 	-7.9  	80    	21.2     	235   	17.4       	12.1       	5981      	-10.8
1074      	17:18:05  	498.7 	-8.0  	80    	21.3     	235   	17.4       	12.2       	5989      	-10.9
1076      	17:18:07  	498.2 	-8.1  	80    	21.3     	235   	17.5       	12.2       	5997      	-11.0
1078      	17:18:09  	497.6 	-8.2  	80    	21.4     	235   	17.6       	12.2       	6005      	-11.0
1080      	17:18:11  	497.1 	-8.3  	80    	21.4     	235   	17.6       	12.2       	6013      	-11.1
1082      	17:18:13  	496.5 	-8.4  	80    	21.5     	235   	17.7       	12.2       	6022      	-11.2
1084      	17:18:15  	495.9 	-8.4  	80    	21.5     	236   	17.8       	12.1       	6032      	-11.2
1086      	17:18:17  	495.4 	-8.5  	80    	21.5     	236   	17.8       	12.0       	6041      	-11.3
1088      	17:18:19  	494.8 	-8.6  	81    	21.6     	236   	17.9       	12.0       	6050      	-11.3
1090      	17:18:21  	494.2 	-8.7  	81    	21.5     	236   	17.9       	11.9       	6059      	-11.3
1092      	17:18:23  	493.6 	-8.8  	82    	21.5     	236   	17.9       	11.9       	6068      	-11.3
1094      	17:18:25  	493.1 	-8.9  	82    	21.5     	236   	17.9       	11.9       	6076      	-11.3
1096      	17:18:27  	492.7 	-8.9  	82    	21.5     	236   	17.9       	11.9       	6083      	-11.4
1098      	17:18:29  	492.2 	-9.0  	83    	21.5     	236   	17.9       	11.9       	6091      	-11.4
1100      	17:18:31  	491.6 	-9.1  	83    	21.6     	236   	17.9       	12.0       	6100      	-11.5
1102      	17:18:33  	491.1 	-9.2  	83    	21.5     	236   	17.8       	12.0       	6109      	-11.5
1104      	17:18:35  	490.5 	-9.3  	83    	21.4     	236   	17.7       	12.0       	6117      	-11.6
1106      	17:18:37  	490.0 	-9.3  	83    	21.3     	236   	17.6       	12.0       	6125      	-11.7
1108      	17:18:39  	489.5 	-9.4  	83    	21.2     	236   	17.5       	12.0       	6133      	-11.8
1110      	17:18:41  	489.0 	-9.5  	83    	21.2     	236   	17.5       	12.0       	6142      	-11.9
1112      	17:18:43  	488.4 	-9.5  	83    	21.2     	236   	17.5       	11.9       	6150      	-11.9
1114      	17:18:45  	487.9 	-9.6  	82    	21.0     	236   	17.4       	11.8       	6159      	-12.1
1116      	17:18:47  	487.3 	-9.7  	82    	21.0     	236   	17.4       	11.7       	6168      	-12.2
1118      	17:18:49  	486.7 	-9.7  	82    	20.9     	236   	17.4       	11.6       	6177      	-12.3
1120      	17:18:51  	486.1 	-9.8  	81    	20.8     	236   	17.3       	11.5       	6187      	-12.3
1122      	17:18:53  	485.6 	-9.9  	81    	20.8     	236   	17.3       	11.5       	6195      	-12.4
1124      	17:18:55  	485.0 	-9.9  	81    	20.8     	237   	17.4       	11.4       	6204      	-12.5
1126      	17:18:57  	484.5 	-10.0 	81    	20.8     	237   	17.4       	11.4       	6213      	-12.6
1128      	17:18:59  	483.9 	-10.0 	80    	20.7     	237   	17.4       	11.3       	6222      	-12.4
1130      	17:19:01  	483.4 	-10.1 	80    	20.8     	237   	17.5       	11.3       	6230      	-12.5
1132      	17:19:03  	482.9 	-10.1 	80    	20.9     	238   	17.6       	11.2       	6238      	-12.6
1134      	17:19:05  	482.4 	-10.2 	79    	20.9     	238   	17.7       	11.1       	6246      	-12.8
1136      	17:19:07  	481.9 	-10.2 	79    	21.0     	238   	17.8       	11.1       	6254      	-12.9
1138      	17:19:09  	481.4 	-10.3 	78    	21.1     	238   	17.9       	11.1       	6262      	-13.1
1140      	17:19:11  	480.9 	-10.3 	76    	21.1     	239   	18.0       	11.0       	6270      	-13.3
1142      	17:19:13  	480.4 	-10.4 	75    	21.2     	239   	18.2       	10.8       	6278      	-13.5
1144      	17:19:15  	479.8 	-10.4 	74    	21.0     	240   	18.3       	10.4       	6287      	-13.7
1146      	17:19:17  	479.3 	-10.4 	73    	21.1     	241   	18.5       	10.1       	6295      	-14.0
1148      	17:19:19  	478.8 	-10.5 	71    	21.0     	242   	18.6       	9.8        	6304      	-14.2
1150      	17:19:21  	478.3 	-10.5 	70    	20.9     	243   	18.6       	9.5        	6312      	-14.4
1152      	17:19:23  	477.8 	-10.5 	69    	20.8     	244   	18.7       	9.2        	6320      	-14.7
1154      	17:19:25  	477.3 	-10.6 	67    	20.8     	245   	18.8       	8.9        	6327      	-15.0
1156      	17:19:27  	476.8 	-10.5 	64    	20.8     	246   	19.0       	8.5        	6335      	-15.5
1158      	17:19:29  	476.3 	-10.5 	61    	20.8     	247   	19.2       	8.1        	6343      	-16.0
1160      	17:19:31  	475.9 	-10.5 	56    	20.8     	249   	19.4       	7.6        	6351      	-16.8
1162      	17:19:33  	475.4 	-10.5 	52    	20.9     	249   	19.5       	7.5        	6359      	-17.7
1164      	17:19:35  	474.9 	-10.5 	48    	21.0     	250   	19.7       	7.3        	6366      	-18.4
1166      	17:19:37  	474.5 	-10.4 	47    	21.1     	250   	19.8       	7.2        	6374      	-18.7
1168      	17:19:39  	474.0 	-10.4 	45    	21.3     	250   	20.0       	7.2        	6381      	-19.1
1170      	17:19:41  	473.6 	-10.3 	43    	21.4     	250   	20.1       	7.2        	6389      	-19.4
1172      	17:19:43  	473.1 	-10.3 	42    	21.5     	250   	20.3       	7.2        	6396      	-19.6
1174      	17:19:45  	472.7 	-10.2 	42    	21.7     	250   	20.4       	7.3        	6403      	-19.6
1176      	17:19:47  	472.2 	-10.1 	43    	21.8     	250   	20.5       	7.4        	6410      	-19.4
1178      	17:19:49  	471.8 	-10.1 	42    	21.8     	250   	20.5       	7.5        	6418      	-19.5
1180      	17:19:51  	471.3 	-10.0 	41    	21.9     	250   	20.5       	7.6        	6425      	-19.6
1182      	17:19:53  	470.9 	-9.9  	40    	21.8     	249   	20.4       	7.7        	6433      	-20.9
1184      	17:19:55  	470.4 	-9.9  	39    	21.8     	249   	20.4       	7.8        	6440      	-21.3
1186      	17:19:57  	470.0 	-9.8  	38    	21.8     	249   	20.3       	7.9        	6447      	-21.5
1188      	17:19:59  	469.5 	-9.8  	37    	21.6     	249   	20.1       	7.9        	6455      	-21.7
1190      	17:20:01  	469.1 	-9.8  	36    	21.5     	249   	20.0       	7.8        	6462      	-22.0
1192      	17:20:03  	468.6 	-9.8  	35    	21.4     	249   	19.9       	7.8        	6469      	-22.2
1194      	17:20:05  	468.2 	-9.8  	35    	21.0     	249   	19.6       	7.6        	6476      	-22.4
1196      	17:20:07  	467.8 	-9.8  	34    	20.7     	249   	19.3       	7.4        	6483      	-22.5
1198      	17:20:09  	467.3 	-9.8  	34    	20.3     	249   	18.9       	7.3        	6491      	-22.5
1200      	17:20:11  	466.9 	-9.9  	34    	20.0     	249   	18.7       	7.1        	6498      	-22.6
1202      	17:20:13  	466.4 	-9.9  	34    	19.8     	249   	18.5       	7.0        	6505      	-22.6
1204      	17:20:15  	466.0 	-9.9  	34    	19.6     	249   	18.3       	6.9        	6512      	-22.6
1206      	17:20:17  	465.6 	-9.9  	34    	19.3     	250   	18.1       	6.7        	6519      	-22.6
1208      	17:20:19  	465.2 	-9.9  	34    	19.0     	251   	17.9       	6.3        	6526      	-22.7
1210      	17:20:21  	464.7 	-10.0 	34    	18.7     	251   	17.7       	6.0        	6534      	-22.8
1212      	17:20:23  	464.3 	-10.0 	34    	18.4     	252   	17.5       	5.7        	6541      	-22.9
1214      	17:20:25  	463.9 	-10.0 	33    	18.2     	252   	17.4       	5.5        	6548      	-21.9
1216      	17:20:27  	463.4 	-10.0 	33    	18.2     	253   	17.4       	5.3        	6555      	-22.0
1218      	17:20:29  	463.0 	-10.1 	32    	18.0     	254   	17.3       	5.1        	6562      	-22.2
1220      	17:20:31  	462.6 	-10.1 	32    	18.0     	254   	17.3       	4.9        	6569      	-22.3
1222      	17:20:33  	462.1 	-10.2 	32    	17.9     	254   	17.2       	4.8        	6577      	-22.4
1224      	17:20:35  	461.7 	-10.2 	32    	17.8     	255   	17.2       	4.6        	6584      	-22.4
1226      	17:20:37  	461.3 	-10.3 	32    	17.8     	256   	17.2       	4.4        	6591      	-22.4
1228      	17:20:39  	460.9 	-10.4 	32    	17.8     	256   	17.2       	4.4        	6598      	-22.4
1230      	17:20:41  	460.4 	-10.4 	33    	17.7     	256   	17.1       	4.4        	6605      	-22.4
1232      	17:20:43  	460.0 	-10.5 	33    	17.7     	255   	17.1       	4.5        	6612      	-22.4
1234      	17:20:45  	459.6 	-10.5 	33    	17.7     	255   	17.1       	4.6        	6620      	-22.4
1236      	17:20:47  	459.1 	-10.6 	33    	17.7     	255   	17.1       	4.7        	6627      	-22.5
1238      	17:20:49  	458.7 	-10.7 	33    	17.8     	254   	17.1       	4.8        	6634      	-22.5
1240      	17:20:51  	458.2 	-10.7 	33    	17.8     	254   	17.1       	4.8        	6642      	-22.5
1242      	17:20:53  	457.8 	-10.8 	33    	17.8     	254   	17.1       	4.9        	6649      	-22.6
1244      	17:20:55  	457.4 	-10.8 	33    	17.8     	254   	17.1       	5.0        	6657      	-22.6
1246      	17:20:57  	456.9 	-10.9 	34    	17.9     	253   	17.1       	5.2        	6664      	-22.6
1248      	17:20:59  	456.5 	-10.9 	34    	17.9     	252   	17.1       	5.4        	6671      	-22.5
1250      	17:21:01  	456.1 	-11.0 	34    	18.0     	252   	17.1       	5.7        	6678      	-22.5
1252      	17:21:03  	455.6 	-11.0 	34    	18.1     	251   	17.1       	5.8        	6686      	-22.5
1254      	17:21:05  	455.2 	-11.1 	35    	18.1     	251   	17.1       	5.9        	6693      	-22.4
1256      	17:21:07  	454.7 	-11.1 	35    	18.2     	250   	17.1       	6.1        	6701      	-22.3
1258      	17:21:09  	454.3 	-11.2 	35    	18.2     	250   	17.1       	6.2        	6708      	-22.2
1260      	17:21:11  	453.9 	-11.2 	36    	18.4     	250   	17.2       	6.4        	6715      	-22.1
1262      	17:21:13  	453.4 	-11.3 	37    	18.5     	249   	17.3       	6.5        	6723      	-22.1
1264      	17:21:15  	453.0 	-11.3 	37    	18.6     	249   	17.4       	6.6        	6730      	-21.9
1266      	17:21:17  	452.6 	-11.4 	38    	18.7     	249   	17.5       	6.6        	6737      	-21.9
1268      	17:21:19  	452.2 	-11.4 	38    	18.7     	249   	17.5       	6.6        	6744      	-21.8
1270      	17:21:21  	451.8 	-11.5 	39    	18.9     	249   	17.7       	6.7        	6751      	-21.6
1272      	17:21:23  	451.4 	-11.6 	39    	19.1     	249   	17.8       	6.9        	6757      	-21.5
1274      	17:21:25  	451.0 	-11.6 	40    	19.3     	249   	18.0       	7.0        	6764      	-21.4
1276      	17:21:27  	450.6 	-11.7 	40    	19.6     	248   	18.2       	7.2        	6771      	-21.3
1278      	17:21:29  	450.2 	-11.7 	41    	19.7     	248   	18.3       	7.3        	6778      	-21.3
1280      	17:21:31  	449.7 	-11.7 	41    	20.0     	248   	18.5       	7.5        	6786      	-21.3
1282      	17:21:33  	449.3 	-11.8 	41    	20.1     	248   	18.6       	7.6        	6793      	-21.4
1284      	17:21:35  	448.9 	-11.8 	40    	20.3     	248   	18.8       	7.7        	6800      	-21.6
1286      	17:21:37  	448.4 	-11.9 	40    	20.6     	247   	19.0       	7.9        	6808      	-21.7
1288      	17:21:39  	448.0 	-11.9 	39    	20.8     	247   	19.2       	8.0        	6815      	-21.9
1290      	17:21:41  	447.6 	-11.9 	39    	21.0     	247   	19.4       	8.1        	6823      	-22.0
1292      	17:21:43  	447.1 	-12.0 	39    	21.2     	248   	19.6       	8.1        	6830      	-22.1
1294      	17:21:45  	446.7 	-12.0 	38    	21.3     	248   	19.7       	8.1        	6837      	-22.2
1296      	17:21:47  	446.3 	-12.1 	38    	21.4     	248   	19.8       	8.1        	6844      	-22.3
1298      	17:21:49  	445.9 	-12.1 	39    	21.6     	248   	20.0       	8.2        	6851      	-22.3
1300      	17:21:51  	445.5 	-12.2 	39    	21.8     	248   	20.2       	8.2        	6858      	-22.3
1302      	17:21:53  	445.1 	-12.3 	39    	22.0     	248   	20.4       	8.2        	6865      	-22.3
1304      	17:21:55  	444.6 	-12.3 	39    	22.1     	248   	20.5       	8.2        	6873      	-22.4
1306      	17:21:57  	444.2 	-12.4 	39    	22.1     	248   	20.5       	8.3        	6880      	-22.5
1308      	17:21:59  	443.8 	-12.4 	38    	22.2     	248   	20.6       	8.3        	6887      	-22.6
1310      	17:22:01  	443.4 	-12.5 	38    	22.2     	248   	20.6       	8.4        	6894      	-22.7
1312      	17:22:03  	443.0 	-12.6 	38    	22.4     	248   	20.7       	8.5        	6902      	-22.8
1314      	17:22:05  	442.5 	-12.6 	38    	22.5     	247   	20.7       	8.7        	6909      	-22.8
1316      	17:22:07  	442.1 	-12.7 	38    	22.5     	247   	20.7       	8.8        	6916      	-22.8
1318      	17:22:09  	441.7 	-12.7 	39    	22.5     	247   	20.7       	8.9        	6923      	-22.8
1320      	17:22:11  	441.3 	-12.8 	39    	22.6     	247   	20.7       	9.0        	6930      	-22.8
1322      	17:22:13  	440.9 	-12.8 	39    	22.5     	246   	20.6       	9.1        	6938      	-22.9
1324      	17:22:15  	440.5 	-12.8 	38    	22.4     	246   	20.5       	9.1        	6945      	-23.1
1326      	17:22:17  	440.0 	-12.9 	38    	22.3     	246   	20.4       	9.1        	6952      	-23.2
1328      	17:22:19  	439.6 	-12.9 	37    	22.2     	246   	20.3       	9.1        	6959      	-23.4
1330      	17:22:21  	439.2 	-13.0 	37    	22.2     	246   	20.3       	9.1        	6966      	-23.6
1332      	17:22:23  	438.8 	-13.0 	36    	22.1     	246   	20.2       	9.0        	6973      	-23.8
1334      	17:22:25  	438.4 	-13.0 	35    	22.0     	246   	20.1       	8.9        	6980      	-24.1
1336      	17:22:27  	438.0 	-13.1 	34    	22.0     	246   	20.1       	8.9        	6987      	-24.4
1338      	17:22:29  	437.6 	-13.1 	33    	21.9     	246   	20.0       	8.9        	6994      	-24.7
1340      	17:22:31  	437.2 	-13.1 	32    	21.9     	246   	20.0       	8.9        	7002      	-25.0
1342      	17:22:33  	436.7 	-13.1 	31    	21.8     	246   	19.9       	8.9        	7009      	-25.5
1344      	17:22:35  	436.3 	-13.2 	29    	21.8     	246   	19.9       	8.9        	7017      	-26.0
1346      	17:22:37  	435.9 	-13.2 	28    	21.9     	246   	20.0       	9.0        	7025      	-26.5
1348      	17:22:39  	435.4 	-13.2 	26    	21.9     	246   	20.0       	9.0        	7032      	-27.1
1350      	17:22:41  	435.0 	-13.2 	25    	21.9     	245   	19.9       	9.1        	7040      	-27.6
1352      	17:22:43  	434.6 	-13.2 	24    	21.9     	245   	19.9       	9.1        	7047      	-28.2
1354      	17:22:45  	434.1 	-13.2 	22    	21.9     	245   	19.9       	9.1        	7055      	-28.8
1356      	17:22:47  	433.7 	-13.3 	21    	21.8     	245   	19.8       	9.1        	7062      	-29.3
1358      	17:22:49  	433.3 	-13.3 	20    	21.7     	246   	19.8       	9.0        	7070      	-29.7
1360      	17:22:51  	432.9 	-13.3 	20    	21.7     	245   	19.7       	9.0        	7077      	-30.1
1362      	17:22:53  	432.5 	-13.4 	19    	21.7     	245   	19.7       	9.0        	7084      	-30.3
1364      	17:22:55  	432.1 	-13.4 	19    	21.6     	246   	19.7       	8.9        	7091      	-30.5
1366      	17:22:57  	431.7 	-13.5 	19    	21.6     	246   	19.7       	8.9        	7099      	-30.7
1368      	17:22:59  	431.3 	-13.5 	19    	21.6     	246   	19.7       	8.9        	7106      	-30.7
1370      	17:23:01  	430.8 	-13.6 	19    	21.6     	246   	19.7       	8.9        	7113      	-30.8
1372      	17:23:03  	430.4 	-13.7 	19    	21.6     	246   	19.7       	8.8        	7119      	-30.8
1374      	17:23:05  	430.0 	-13.7 	19    	21.6     	246   	19.7       	8.8        	7127      	-30.9
1376      	17:23:07  	429.6 	-13.8 	19    	21.4     	246   	19.5       	8.7        	7135      	-30.9
1378      	17:23:09  	429.2 	-13.8 	19    	21.3     	246   	19.4       	8.7        	7142      	-30.9
1380      	17:23:11  	428.7 	-13.8 	19    	21.0     	246   	19.2       	8.6        	7150      	-30.9
1382      	17:23:13  	428.3 	-13.8 	18    	20.9     	246   	19.1       	8.6        	7158      	-31.2
1384      	17:23:15  	427.8 	-13.9 	17    	20.7     	246   	18.9       	8.5        	7166      	-31.7
1386      	17:23:17  	427.4 	-13.9 	16    	20.5     	246   	18.7       	8.5        	7174      	-32.2
1388      	17:23:19  	426.9 	-13.8 	16    	20.2     	245   	18.3       	8.5        	7182      	-32.7
1390      	17:23:21  	426.5 	-13.8 	15    	19.9     	244   	17.9       	8.6        	7190      	-33.3
1392      	17:23:23  	426.0 	-13.8 	14    	19.5     	244   	17.5       	8.6        	7198      	-33.9
1394      	17:23:25  	425.6 	-13.9 	13    	19.2     	243   	17.1       	8.7        	7206      	-34.5
1396      	17:23:27  	425.1 	-13.9 	12    	19.1     	242   	16.9       	8.8        	7214      	-34.9
1398      	17:23:29  	424.7 	-13.9 	12    	18.9     	242   	16.7       	8.9        	7222      	-35.0
1400      	17:23:31  	424.2 	-13.9 	12    	18.7     	241   	16.3       	9.1        	7230      	-34.9
1402      	17:23:33  	423.8 	-14.0 	12    	18.5     	240   	16.0       	9.3        	7238      	-34.9
1404      	17:23:35  	423.4 	-14.0 	12    	18.3     	239   	15.6       	9.5        	7246      	-34.9
1406      	17:23:37  	422.9 	-14.1 	13    	18.1     	238   	15.3       	9.7        	7254      	-34.9
1408      	17:23:39  	422.5 	-14.1 	13    	18.1     	237   	15.2       	9.8        	7262      	-34.9
1410      	17:23:41  	422.0 	-14.2 	13    	18.1     	236   	15.1       	10.0       	7270      	-35.0
1412      	17:23:43  	421.5 	-14.3 	13    	18.0     	236   	14.9       	10.1       	7278      	-35.1
1414      	17:23:45  	421.1 	-14.3 	12    	17.9     	235   	14.7       	10.2       	7287      	-35.2
1416      	17:23:47  	420.6 	-14.4 	12    	17.7     	234   	14.4       	10.3       	7295      	-35.3
1418      	17:23:49  	420.2 	-14.4 	12    	17.5     	234   	14.1       	10.4       	7303      	-35.4
1420      	17:23:51  	419.7 	-14.5 	12    	17.4     	233   	14.0       	10.4       	7312      	-35.5
1422      	17:23:53  	419.2 	-14.6 	12    	17.3     	233   	13.8       	10.4       	7320      	-35.6
1424      	17:23:55  	418.8 	-14.6 	12    	17.1     	233   	13.7       	10.3       	7328      	-35.8
1426      	17:23:57  	418.4 	-14.7 	12    	16.9     	232   	13.4       	10.3       	7336      	-35.8
1428      	17:23:59  	417.9 	-14.8 	12    	16.7     	232   	13.1       	10.3       	7344      	-35.9
1430      	17:24:01  	417.5 	-14.9 	12    	16.4     	231   	12.8       	10.3       	7352      	-36.0
1432      	17:24:03  	417.1 	-14.9 	12    	16.2     	231   	12.5       	10.3       	7359      	-36.1
1434      	17:24:05  	416.6 	-15.0 	12    	16.1     	230   	12.4       	10.3       	7367      	-36.2
1436      	17:24:07  	416.2 	-15.1 	12    	16.0     	230   	12.2       	10.3       	7375      	-36.2
1438      	17:24:09  	415.7 	-15.1 	12    	15.8     	229   	12.0       	10.3       	7384      	-36.3
1440      	17:24:11  	415.3 	-15.2 	12    	15.7     	228   	11.7       	10.4       	7391      	-36.4
1442      	17:24:13  	414.9 	-15.3 	12    	15.4     	228   	11.4       	10.4       	7399      	-36.5
1444      	17:24:15  	414.4 	-15.3 	12    	15.2     	227   	11.1       	10.4       	7407      	-36.7
1446      	17:24:17  	414.0 	-15.4 	12    	15.1     	226   	10.9       	10.4       	7415      	-36.8
1448      	17:24:19  	413.6 	-15.4 	11    	15.0     	226   	10.7       	10.5       	7422      	-36.9
1450      	17:24:21  	413.2 	-15.5 	11    	14.9     	225   	10.6       	10.5       	7430      	-37.1
1452      	17:24:23  	412.7 	-15.5 	11    	14.6     	225   	10.3       	10.4       	7438      	-37.2
1454      	17:24:25  	412.3 	-15.6 	11    	14.4     	224   	9.9        	10.4       	7446      	-37.4
1456      	17:24:27  	411.8 	-15.6 	11    	14.1     	223   	9.6        	10.3       	7455      	-37.6
1458      	17:24:29  	411.4 	-15.7 	11    	13.9     	222   	9.3        	10.3       	7463      	-37.7
1460      	17:24:31  	410.9 	-15.7 	10    	13.7     	222   	9.2        	10.2       	7471      	-37.9
1462      	17:24:33  	410.5 	-15.7 	10    	13.5     	222   	9.0        	10.1       	7480      	-38.1
1464      	17:24:35  	410.0 	-15.7 	10    	13.3     	222   	8.9        	9.9        	7488      	-38.2
1466      	17:24:37  	409.6 	-15.8 	10    	13.0     	223   	8.8        	9.6        	7497      	-38.3
1468      	17:24:39  	409.1 	-15.8 	10    	12.8     	223   	8.8        	9.3        	7505      	-38.4
1470      	17:24:41  	408.7 	-15.8 	10    	12.4     	224   	8.7        	8.9        	7513      	-38.5
1472      	17:24:43  	408.2 	-15.8 	10    	12.4     	226   	8.9        	8.7        	7520      	-38.6
1474      	17:24:45  	407.8 	-15.9 	10    	12.3     	227   	9.0        	8.4        	7528      	-38.7
1476      	17:24:47  	407.4 	-15.9 	10    	12.3     	228   	9.2        	8.2        	7536      	-38.8
1478      	17:24:49  	407.0 	-15.9 	10    	12.2     	231   	9.4        	7.7        	7544      	-38.9
1480      	17:24:51  	406.5 	-16.0 	9     	12.1     	233   	9.7        	7.3        	7552      	-39.0
1482      	17:24:53  	406.1 	-16.0 	9     	12.0     	236   	9.9        	6.8        	7561      	-39.2
1484      	17:24:55  	405.7 	-16.0 	9     	12.0     	238   	10.2       	6.4        	7569      	-39.4
1486      	17:24:57  	405.3 	-16.1 	9     	12.0     	239   	10.3       	6.2        	7576      	-39.6
1488      	17:24:59  	404.8 	-16.1 	9     	12.0     	240   	10.4       	6.0        	7584      	-39.8
1490      	17:25:01  	404.4 	-16.1 	9     	11.9     	242   	10.5       	5.7        	7591      	-39.9
1492      	17:25:03  	404.0 	-16.1 	9     	11.9     	243   	10.6       	5.3        	7599      	-39.9
1494      	17:25:05  	403.6 	-16.2 	9     	11.7     	245   	10.6       	4.9        	7607      	-40.0
1496      	17:25:07  	403.2 	-16.2 	9     	11.6     	247   	10.7       	4.5        	7614      	-39.9
1498      	17:25:09  	402.8 	-16.2 	9     	11.5     	248   	10.7       	4.3        	7622      	-39.9
1500      	17:25:11  	402.3 	-16.3 	9     	11.4     	249   	10.6       	4.1        	7630      	-39.8
1502      	17:25:13  	401.9 	-16.3 	9     	11.3     	250   	10.6       	3.9        	7638      	-39.6
1504      	17:25:15  	401.5 	-16.4 	9     	11.2     	250   	10.5       	3.8        	7646      	-39.5
1506      	17:25:17  	401.1 	-16.4 	9     	11.0     	251   	10.4       	3.6        	7654      	-39.5
1508      	17:25:19  	400.6 	-16.5 	10    	10.8     	252   	10.3       	3.4        	7662      	-39.4
1510      	17:25:21  	400.2 	-16.5 	10    	10.7     	252   	10.2       	3.3        	7670      	-39.3
1512      	17:25:23  	399.8 	-16.6 	10    	10.7     	252   	10.2       	3.3        	7677      	-39.2
1514      	17:25:25  	399.4 	-16.7 	10    	10.7     	252   	10.2       	3.3        	7685      	-39.2
1516      	17:25:27  	399.0 	-16.7 	10    	10.7     	252   	10.2       	3.3        	7693      	-39.1
1518      	17:25:29  	398.6 	-16.8 	10    	10.6     	252   	10.1       	3.2        	7701      	-39.1
1520      	17:25:31  	398.1 	-16.9 	10    	10.6     	253   	10.1       	3.1        	7709      	-39.1
1522      	17:25:33  	397.7 	-16.9 	10    	10.6     	253   	10.1       	3.1        	7717      	-39.1
1524      	17:25:35  	397.3 	-17.0 	10    	10.5     	253   	10.1       	3.0        	7725      	-39.2
1526      	17:25:37  	396.9 	-17.1 	10    	10.5     	254   	10.1       	2.9        	7733      	-39.2
1528      	17:25:39  	396.5 	-17.2 	10    	10.5     	254   	10.1       	2.9        	7741      	-39.3
1530      	17:25:41  	396.0 	-17.2 	10    	10.5     	255   	10.1       	2.8        	7749      	-39.3
1532      	17:25:43  	395.6 	-17.3 	10    	10.5     	255   	10.1       	2.7        	7757      	-39.3
1534      	17:25:45  	395.2 	-17.4 	10    	10.4     	256   	10.1       	2.6        	7765      	-39.3
1536      	17:25:47  	394.8 	-17.4 	11    	10.4     	256   	10.1       	2.5        	7773      	-39.2
1538      	17:25:49  	394.4 	-17.5 	11    	10.4     	257   	10.1       	2.4        	7781      	-39.2
1540      	17:25:51  	393.9 	-17.5 	11    	10.4     	257   	10.1       	2.4        	7788      	-39.1
1542      	17:25:53  	393.5 	-17.6 	11    	10.5     	257   	10.2       	2.3        	7796      	-39.0
1544      	17:25:55  	393.1 	-17.6 	11    	10.5     	257   	10.2       	2.4        	7804      	-39.1
1546      	17:25:57  	392.7 	-17.7 	11    	10.6     	257   	10.3       	2.4        	7812      	-39.1
1548      	17:25:59  	392.3 	-17.7 	11    	10.6     	257   	10.3       	2.4        	7820      	-39.2
1550      	17:26:01  	391.9 	-17.8 	11    	10.7     	257   	10.4       	2.4        	7828      	-39.2
1552      	17:26:03  	391.4 	-17.8 	11    	10.7     	256   	10.4       	2.5        	7836      	-39.2
1554      	17:26:05  	391.0 	-17.9 	11    	10.8     	257   	10.5       	2.5        	7844      	-39.3
1556      	17:26:07  	390.6 	-17.9 	11    	10.8     	256   	10.5       	2.6        	7852      	-39.2
1558      	17:26:09  	390.2 	-18.0 	11    	10.9     	256   	10.6       	2.6        	7860      	-39.1
1560      	17:26:11  	389.8 	-18.1 	12    	10.9     	256   	10.6       	2.6        	7868      	-39.0
1562      	17:26:13  	389.3 	-18.1 	12    	10.9     	256   	10.6       	2.7        	7876      	-38.9
1564      	17:26:15  	388.9 	-18.2 	12    	10.9     	256   	10.6       	2.6        	7884      	-38.8
1566      	17:26:17  	388.5 	-18.3 	12    	10.9     	256   	10.6       	2.6        	7892      	-38.7
1568      	17:26:19  	388.1 	-18.4 	12    	10.9     	256   	10.6       	2.6        	7900      	-38.6
1570      	17:26:21  	387.7 	-18.4 	13    	10.9     	257   	10.6       	2.5        	7908      	-38.5
1572      	17:26:23  	387.3 	-18.5 	13    	10.8     	257   	10.5       	2.4        	7916      	-38.4
1574      	17:26:25  	386.8 	-18.6 	13    	10.8     	257   	10.5       	2.4        	7924      	-38.3
1576      	17:26:27  	386.4 	-18.7 	13    	10.7     	258   	10.5       	2.3        	7932      	-38.2
1578      	17:26:29  	386.0 	-18.8 	14    	10.7     	258   	10.5       	2.3        	7940      	-38.0
1580      	17:26:31  	385.6 	-18.8 	14    	10.7     	258   	10.5       	2.3        	7948      	-37.9
1582      	17:26:33  	385.2 	-18.9 	14    	10.7     	258   	10.5       	2.3        	7956      	-37.9
1584      	17:26:35  	384.8 	-19.0 	15    	10.9     	257   	10.6       	2.4        	7964      	-37.7
1586      	17:26:37  	384.4 	-19.0 	15    	10.9     	257   	10.6       	2.4        	7972      	-37.4
1588      	17:26:39  	383.9 	-19.1 	16    	11.0     	257   	10.7       	2.5        	7980      	-37.0
1590      	17:26:41  	383.5 	-19.2 	17    	11.0     	256   	10.7       	2.6        	7989      	-36.7
1592      	17:26:43  	383.1 	-19.3 	17    	11.1     	256   	10.8       	2.7        	7997      	-36.4
1594      	17:26:45  	382.7 	-19.3 	18    	11.3     	256   	10.9       	2.8        	8005      	-36.1
1596      	17:26:47  	382.2 	-19.4 	19    	11.4     	255   	11.0       	3.0        	8013      	-35.8
1598      	17:26:49  	381.9 	-19.5 	20    	11.5     	254   	11.1       	3.1        	8021      	-35.5
1600      	17:26:51  	381.5 	-19.5 	20    	11.6     	254   	11.2       	3.2        	8029      	-35.3
1602      	17:26:53  	381.1 	-19.6 	20    	11.7     	254   	11.2       	3.3        	8036      	-35.2
1604      	17:26:55  	380.7 	-19.7 	21    	11.7     	254   	11.2       	3.3        	8044      	-35.2
1606      	17:26:57  	380.3 	-19.8 	21    	11.7     	253   	11.2       	3.4        	8052      	-35.2
1608      	17:26:59  	379.9 	-19.8 	21    	11.8     	253   	11.3       	3.4        	8059      	-35.1
1610      	17:27:01  	379.5 	-19.9 	21    	11.8     	253   	11.3       	3.4        	8067      	-35.0
1612      	17:27:03  	379.1 	-20.0 	22    	11.8     	253   	11.3       	3.5        	8075      	-34.9
1614      	17:27:05  	378.7 	-20.0 	22    	11.8     	253   	11.3       	3.4        	8083      	-34.8
1616      	17:27:07  	378.3 	-20.1 	22    	11.8     	253   	11.3       	3.4        	8091      	-34.8
1618      	17:27:09  	377.9 	-20.2 	22    	11.8     	253   	11.3       	3.4        	8098      	-34.8
1620      	17:27:11  	377.5 	-20.3 	23    	11.9     	254   	11.4       	3.3        	8106      	-34.8
1622      	17:27:13  	377.1 	-20.3 	23    	11.8     	254   	11.4       	3.2        	8114      	-34.9
1624      	17:27:15  	376.7 	-20.4 	23    	11.8     	255   	11.4       	3.1        	8122      	-34.9
1626      	17:27:17  	376.3 	-20.5 	23    	11.8     	255   	11.4       	3.0        	8129      	-34.9
1628      	17:27:19  	375.9 	-20.5 	23    	11.8     	255   	11.4       	3.0        	8137      	-35.0
1630      	17:27:21  	375.5 	-20.6 	23    	11.9     	256   	11.5       	2.9        	8145      	-35.0
1632      	17:27:23  	375.1 	-20.7 	23    	11.8     	256   	11.5       	2.8        	8153      	-35.0
1634      	17:27:25  	374.7 	-20.7 	23    	12.0     	257   	11.7       	2.7        	8160      	-35.1
1636      	17:27:27  	374.3 	-20.8 	23    	12.1     	258   	11.8       	2.6        	8168      	-35.2
1638      	17:27:29  	373.9 	-20.9 	23    	12.3     	258   	12.0       	2.5        	8176      	-35.4
1640      	17:27:31  	373.5 	-21.0 	22    	12.4     	258   	12.1       	2.5        	8184      	-35.6
1642      	17:27:33  	373.1 	-21.0 	22    	12.4     	259   	12.2       	2.4        	8192      	-35.8
1644      	17:27:35  	372.7 	-21.1 	21    	12.6     	259   	12.4       	2.4        	8200      	-36.2
1646      	17:27:37  	372.3 	-21.2 	20    	12.8     	260   	12.6       	2.3        	8208      	-36.6
1648      	17:27:39  	371.9 	-21.2 	20    	12.9     	260   	12.7       	2.3        	8215      	-37.0
1650      	17:27:41  	371.6 	-21.3 	19    	13.1     	260   	12.9       	2.2        	8223      	-37.4
1652      	17:27:43  	371.2 	-21.4 	19    	13.3     	260   	13.1       	2.2        	8231      	-37.6
1654      	17:27:45  	370.7 	-21.4 	19    	13.3     	260   	13.1       	2.2        	8239      	-37.6
1656      	17:27:47  	370.3 	-21.5 	19    	13.4     	261   	13.2       	2.2        	8247      	-37.4
1658      	17:27:49  	370.0 	-21.6 	20    	13.5     	261   	13.3       	2.2        	8255      	-37.1
1660      	17:27:51  	369.6 	-21.6 	21    	13.6     	261   	13.4       	2.1        	8263      	-36.8
1662      	17:27:53  	369.2 	-21.7 	21    	13.7     	262   	13.6       	1.9        	8271      	-36.6
1664      	17:27:55  	368.8 	-21.8 	22    	13.9     	263   	13.8       	1.8        	8278      	-36.5
1666      	17:27:57  	368.4 	-21.8 	22    	14.0     	263   	13.9       	1.7        	8286      	-36.4
1668      	17:27:59  	368.0 	-21.9 	22    	14.2     	264   	14.1       	1.6        	8294      	-36.4
1670      	17:28:01  	367.6 	-22.0 	22    	14.3     	264   	14.2       	1.5        	8302      	-36.5
1672      	17:28:03  	367.2 	-22.0 	22    	14.5     	264   	14.4       	1.4        	8310      	-36.6
1674      	17:28:05  	366.8 	-22.1 	22    	14.5     	265   	14.5       	1.2        	8318      	-36.8
1676      	17:28:07  	366.4 	-22.2 	22    	14.7     	266   	14.7       	1.1        	8326      	-36.8
1678      	17:28:09  	366.0 	-22.2 	22    	14.9     	266   	14.9       	1.0        	8333      	-36.7
1680      	17:28:11  	365.6 	-22.3 	23    	14.9     	266   	14.9       	1.0        	8341      	-36.7
1682      	17:28:13  	365.3 	-22.4 	23    	15.0     	266   	15.0       	1.0        	8349      	-36.6
1684      	17:28:15  	364.9 	-22.4 	23    	15.0     	267   	15.0       	0.9        	8357      	-36.6
1686      	17:28:17  	364.5 	-22.5 	23    	15.2     	267   	15.2       	0.9        	8365      	-36.5
1688      	17:28:19  	364.1 	-22.5 	24    	15.3     	267   	15.3       	0.8        	8373      	-36.4
1690      	17:28:21  	363.7 	-22.6 	24    	15.4     	267   	15.4       	0.8        	8381      	-36.4
1692      	17:28:23  	363.2 	-22.7 	24    	15.5     	267   	15.5       	0.8        	8389      	-36.3
1694      	17:28:25  	362.9 	-22.7 	25    	15.6     	267   	15.6       	0.7        	8397      	-36.2
1696      	17:28:27  	362.5 	-22.8 	25    	15.7     	267   	15.7       	0.7        	8405      	-36.1
1698      	17:28:29  	362.1 	-22.9 	26    	15.8     	267   	15.8       	0.7        	8413      	-36.0
1700      	17:28:31  	361.7 	-22.9 	26    	15.9     	267   	15.9       	0.7        	8421      	-36.0
1702      	17:28:33  	361.3 	-23.0 	26    	16.0     	267   	16.0       	0.7        	8429      	-35.9
1704      	17:28:35  	360.9 	-23.1 	26    	16.1     	268   	16.1       	0.7        	8437      	-35.9
1706      	17:28:37  	360.5 	-23.1 	27    	16.2     	267   	16.2       	0.8        	8444      	-35.9
1708      	17:28:39  	360.1 	-23.2 	27    	16.2     	267   	16.2       	0.8        	8452      	-35.8
1710      	17:28:41  	359.8 	-23.3 	27    	16.3     	267   	16.3       	0.8        	8460      	-35.8
1712      	17:28:43  	359.4 	-23.4 	28    	16.4     	267   	16.4       	0.9        	8467      	-35.8
1714      	17:28:45  	359.0 	-23.4 	28    	16.5     	267   	16.5       	0.9        	8475      	-35.8
1716      	17:28:47  	358.6 	-23.5 	28    	16.5     	267   	16.5       	0.9        	8483      	-35.8
1718      	17:28:49  	358.3 	-23.6 	28    	16.6     	267   	16.6       	0.9        	8490      	-35.9
1720      	17:28:51  	357.9 	-23.6 	28    	16.6     	267   	16.6       	0.9        	8498      	-35.9
1722      	17:28:53  	357.5 	-23.7 	28    	16.7     	267   	16.7       	0.9        	8506      	-36.0
1724      	17:28:55  	357.1 	-23.7 	28    	16.7     	267   	16.7       	1.0        	8513      	-35.9
1726      	17:28:57  	356.8 	-23.8 	28    	16.8     	267   	16.8       	1.0        	8521      	-35.9
1728      	17:28:59  	356.4 	-23.8 	29    	16.8     	267   	16.8       	1.0        	8529      	-35.9
1730      	17:29:01  	356.0 	-23.9 	29    	16.8     	267   	16.8       	1.0        	8537      	-35.8
1732      	17:29:03  	355.6 	-24.0 	29    	16.8     	267   	16.8       	1.0        	8545      	-35.8
1734      	17:29:05  	355.2 	-24.0 	30    	16.9     	267   	16.9       	1.0        	8553      	-35.7
1736      	17:29:07  	354.8 	-24.1 	30    	16.9     	266   	16.9       	1.1        	8561      	-35.7
1738      	17:29:09  	354.4 	-24.2 	30    	17.0     	266   	17.0       	1.1        	8569      	-35.6
1740      	17:29:11  	354.1 	-24.2 	30    	17.0     	266   	17.0       	1.1        	8577      	-35.6
1742      	17:29:13  	353.6 	-24.3 	31    	17.1     	266   	17.1       	1.1        	8585      	-35.6
1744      	17:29:15  	353.2 	-24.4 	31    	17.1     	266   	17.1       	1.1        	8594      	-35.6
1746      	17:29:17  	352.8 	-24.4 	31    	17.2     	266   	17.2       	1.2        	8602      	-35.6
1748      	17:29:19  	352.4 	-24.5 	31    	17.3     	266   	17.3       	1.1        	8611      	-35.6
1750      	17:29:21  	352.0 	-24.6 	32    	17.4     	266   	17.4       	1.1        	8620      	-35.6
1752      	17:29:23  	351.5 	-24.6 	32    	17.6     	267   	17.6       	1.0        	8629      	-35.6
1754      	17:29:25  	351.1 	-24.7 	32    	17.8     	267   	17.8       	0.9        	8637      	-35.5
1756      	17:29:27  	350.7 	-24.8 	33    	18.0     	267   	18.0       	0.8        	8645      	-35.5
1758      	17:29:29  	350.3 	-24.9 	33    	18.1     	268   	18.1       	0.7        	8654      	-35.4
1760      	17:29:31  	349.9 	-24.9 	34    	18.2     	268   	18.2       	0.6        	8662      	-35.4
1762      	17:29:33  	349.5 	-25.0 	34    	18.5     	268   	18.5       	0.5        	8670      	-35.4
1764      	17:29:35  	349.1 	-25.1 	34    	18.7     	269   	18.7       	0.4        	8679      	-35.4
1766      	17:29:37  	348.7 	-25.2 	34    	19.0     	269   	19.0       	0.3        	8687      	-35.4
1768      	17:29:39  	348.3 	-25.2 	35    	19.2     	269   	19.2       	0.3        	8695      	-35.4
1770      	17:29:41  	347.9 	-25.3 	35    	19.3     	269   	19.3       	0.3        	8703      	-35.5
1772      	17:29:43  	347.6 	-25.4 	35    	19.4     	269   	19.4       	0.3        	8711      	-35.5
1774      	17:29:45  	347.2 	-25.5 	35    	19.5     	269   	19.5       	0.3        	8720      	-35.5
1776      	17:29:47  	346.8 	-25.5 	35    	19.7     	269   	19.7       	0.4        	8728      	-35.5
1778      	17:29:49  	346.4 	-25.6 	36    	19.8     	269   	19.8       	0.4        	8736      	-35.5
1780      	17:29:51  	346.0 	-25.7 	36    	20.0     	269   	20.0       	0.4        	8744      	-35.5
1782      	17:29:53  	345.6 	-25.8 	36    	20.0     	269   	20.0       	0.5        	8752      	-35.4
1784      	17:29:55  	345.2 	-25.9 	37    	20.0     	269   	20.0       	0.5        	8761      	-35.4
1786      	17:29:57  	344.8 	-25.9 	37    	20.1     	269   	20.1       	0.5        	8769      	-35.4
1788      	17:29:59  	344.4 	-26.0 	38    	20.2     	268   	20.2       	0.6        	8777      	-35.4
1790      	17:30:01  	344.0 	-26.1 	38    	20.3     	268   	20.3       	0.6        	8786      	-35.3
1792      	17:30:03  	343.7 	-26.1 	38    	20.4     	268   	20.4       	0.7        	8793      	-35.4
1794      	17:30:05  	343.3 	-26.2 	38    	20.5     	268   	20.5       	0.7        	8801      	-35.4
1796      	17:30:07  	342.9 	-26.3 	38    	20.6     	268   	20.6       	0.8        	8809      	-35.4
1798      	17:30:09  	342.5 	-26.4 	39    	20.7     	268   	20.7       	0.8        	8817      	-35.5
1800      	17:30:11  	342.2 	-26.4 	39    	20.8     	268   	20.8       	0.9        	8824      	-35.5
1802      	17:30:13  	341.8 	-26.5 	39    	20.9     	267   	20.9       	1.0        	8832      	-35.5
1804      	17:30:15  	341.4 	-26.6 	39    	21.0     	267   	21.0       	1.1        	8840      	-35.6
1806      	17:30:17  	341.1 	-26.6 	39    	21.1     	267   	21.1       	1.2        	8847      	-35.6
1808      	17:30:19  	340.7 	-26.7 	39    	21.2     	266   	21.2       	1.3        	8855      	-35.6
1810      	17:30:21  	340.3 	-26.8 	40    	21.2     	266   	21.2       	1.3        	8863      	-35.6
1812      	17:30:23  	340.0 	-26.9 	40    	21.2     	266   	21.2       	1.4        	8871      	-35.6
1814      	17:30:25  	339.6 	-26.9 	40    	21.5     	266   	21.4       	1.5        	8879      	-35.6
1816      	17:30:27  	339.2 	-27.0 	41    	21.7     	265   	21.6       	1.7        	8887      	-35.5
1818      	17:30:29  	338.9 	-27.1 	41    	21.9     	265   	21.8       	1.8        	8895      	-35.5
1820      	17:30:31  	338.5 	-27.1 	42    	22.1     	265   	22.0       	1.9        	8903      	-35.5
1822      	17:30:33  	338.1 	-27.2 	42    	22.3     	265   	22.2       	2.0        	8911      	-35.5
1824      	17:30:35  	337.7 	-27.2 	42    	22.4     	265   	22.3       	2.0        	8919      	-35.4
1826      	17:30:37  	337.3 	-27.3 	43    	22.7     	265   	22.6       	2.1        	8927      	-35.4
1828      	17:30:39  	336.9 	-27.4 	44    	23.0     	265   	22.9       	2.2        	8936      	-35.3
1830      	17:30:41  	336.5 	-27.5 	44    	23.4     	264   	23.3       	2.3        	8944      	-35.2
1832      	17:30:43  	336.1 	-27.5 	45    	23.7     	264   	23.6       	2.4        	8952      	-35.2
1834      	17:30:45  	335.8 	-27.6 	45    	23.9     	264   	23.8       	2.4        	8961      	-35.2
1836      	17:30:47  	335.4 	-27.7 	45    	24.1     	264   	24.0       	2.4        	8969      	-35.2
1838      	17:30:49  	335.0 	-27.7 	46    	24.2     	264   	24.1       	2.4        	8978      	-35.1
1840      	17:30:51  	334.6 	-27.8 	47    	24.5     	264   	24.4       	2.5        	8987      	-35.0
1842      	17:30:53  	334.2 	-27.9 	48    	24.8     	264   	24.7       	2.5        	8995      	-34.9
1844      	17:30:55  	333.8 	-27.9 	49    	25.1     	264   	25.0       	2.5        	9004      	-34.8
1846      	17:30:57  	333.4 	-28.0 	50    	25.4     	264   	25.3       	2.6        	9012      	-34.6
1848      	17:30:59  	333.0 	-28.1 	51    	25.5     	264   	25.4       	2.6        	9021      	-34.5
1850      	17:31:01  	332.5 	-28.2 	53    	25.6     	264   	25.5       	2.6        	9030      	-34.3
1852      	17:31:03  	332.1 	-28.2 	54    	25.9     	264   	25.8       	2.6        	9039      	-34.1
1854      	17:31:05  	331.7 	-28.3 	55    	26.3     	264   	26.2       	2.6        	9048      	-33.9
1856      	17:31:07  	331.3 	-28.4 	57    	26.8     	264   	26.7       	2.6        	9057      	-33.8
1858      	17:31:09  	330.9 	-28.4 	58    	27.2     	265   	27.1       	2.6        	9066      	-33.7
1860      	17:31:11  	330.4 	-28.5 	58    	27.5     	265   	27.4       	2.5        	9075      	-33.6
1862      	17:31:13  	330.0 	-28.6 	59    	27.8     	265   	27.7       	2.5        	9084      	-33.6
1864      	17:31:15  	329.6 	-28.6 	60    	28.1     	265   	28.0       	2.5        	9093      	-33.5
1866      	17:31:17  	329.2 	-28.7 	60    	28.6     	265   	28.5       	2.4        	9102      	-33.5
1868      	17:31:19  	328.8 	-28.7 	61    	29.1     	265   	29.0       	2.3        	9110      	-33.4
1870      	17:31:21  	328.4 	-28.8 	63    	29.6     	266   	29.5       	2.3        	9119      	-33.3
1872      	17:31:23  	328.0 	-28.8 	64    	30.0     	266   	29.9       	2.2        	9128      	-33.1
1874      	17:31:25  	327.6 	-28.9 	66    	30.1     	266   	30.0       	2.1        	9136      	-32.9
1876      	17:31:27  	327.3 	-28.9 	68    	30.3     	266   	30.2       	2.1        	9145      	-32.7
1878      	17:31:29  	326.9 	-29.0 	69    	30.5     	266   	30.4       	2.0        	9153      	-32.5
1880      	17:31:31  	326.5 	-29.1 	71    	30.5     	266   	30.4       	1.9        	9161      	-32.3
1882      	17:31:33  	326.1 	-29.1 	73    	30.6     	267   	30.5       	1.8        	9170      	-32.2
1884      	17:31:35  	325.7 	-29.2 	74    	30.7     	267   	30.6       	1.8        	9178      	-32.1
1886      	17:31:37  	325.4 	-29.2 	75    	30.6     	267   	30.6       	1.7        	9187      	-32.0
1888      	17:31:39  	325.0 	-29.3 	75    	30.5     	267   	30.5       	1.7        	9195      	-32.0
1890      	17:31:41  	324.6 	-29.3 	75    	30.4     	267   	30.4       	1.7        	9203      	-32.1
1892      	17:31:43  	324.2 	-29.4 	75    	30.2     	267   	30.2       	1.7        	9211      	-32.1
1894      	17:31:45  	323.9 	-29.4 	75    	30.0     	267   	30.0       	1.7        	9219      	-32.1
1896      	17:31:47  	323.5 	-29.5 	75    	29.8     	267   	29.8       	1.7        	9227      	-32.2
1898      	17:31:49  	323.2 	-29.5 	75    	29.6     	267   	29.6       	1.7        	9235      	-32.3
1900      	17:31:51  	322.8 	-29.6 	74    	29.5     	267   	29.5       	1.7        	9243      	-32.4
1902      	17:31:53  	322.4 	-29.6 	73    	29.5     	266   	29.4       	1.8        	9250      	-32.6
1904      	17:31:55  	322.1 	-29.7 	73    	29.4     	266   	29.3       	1.9        	9259      	-32.7
1906      	17:31:57  	321.7 	-29.7 	72    	29.3     	266   	29.2       	2.0        	9267      	-32.8
1908      	17:31:59  	321.3 	-29.7 	71    	29.2     	266   	29.1       	2.1        	9275      	-33.0
1910      	17:32:01  	321.0 	-29.7 	70    	29.1     	266   	29.0       	2.2        	9283      	-33.1
1912      	17:32:03  	320.6 	-29.8 	69    	29.1     	266   	29.0       	2.2        	9291      	-33.3
1914      	17:32:05  	320.2 	-29.8 	68    	29.1     	265   	29.0       	2.3        	9299      	-33.5
1916      	17:32:07  	319.9 	-29.8 	67    	29.1     	265   	29.0       	2.4        	9307      	-33.6
1918      	17:32:09  	319.6 	-29.9 	67    	29.1     	265   	29.0       	2.7        	9315      	-33.7
1920      	17:32:11  	319.2 	-29.9 	66    	29.1     	264   	28.9       	3.0        	9322      	-33.9
1922      	17:32:13  	318.9 	-30.0 	65    	29.1     	264   	28.9       	3.2        	9330      	-34.1
1924      	17:32:15  	318.5 	-30.0 	64    	29.0     	263   	28.8       	3.4        	9337      	-34.2
1926      	17:32:17  	318.2 	-30.1 	64    	29.0     	263   	28.8       	3.6        	9345      	-34.4
1928      	17:32:19  	317.8 	-30.1 	63    	29.0     	262   	28.7       	3.8        	9353      	-34.5
1930      	17:32:21  	317.5 	-30.2 	63    	29.0     	262   	28.7       	4.1        	9361      	-34.6
1932      	17:32:23  	317.1 	-30.2 	62    	29.0     	261   	28.7       	4.3        	9369      	-34.7
1934      	17:32:25  	316.8 	-30.3 	62    	29.2     	261   	28.8       	4.6        	9376      	-34.8
1936      	17:32:27  	316.5 	-30.3 	62    	29.2     	261   	28.8       	4.7        	9384      	-34.9
1938      	17:32:29  	316.1 	-30.4 	61    	29.2     	261   	28.8       	4.8        	9391      	-35.0
1940      	17:32:31  	315.8 	-30.4 	61    	29.3     	261   	28.9       	4.8        	9399      	-35.0
1942      	17:32:33  	315.4 	-30.5 	62    	29.3     	260   	28.9       	4.9        	9407      	-35.1
1944      	17:32:35  	315.1 	-30.6 	62    	29.4     	260   	29.0       	5.0        	9414      	-35.1
1946      	17:32:37  	314.8 	-30.6 	62    	29.5     	260   	29.1       	5.0        	9422      	-35.1
1948      	17:32:39  	314.4 	-30.7 	63    	29.6     	260   	29.2       	5.1        	9430      	-35.0
1950      	17:32:41  	314.1 	-30.8 	64    	29.8     	260   	29.3       	5.2        	9438      	-34.9
1952      	17:32:43  	313.7 	-30.8 	65    	29.8     	260   	29.3       	5.2        	9446      	-34.9
1954      	17:32:45  	313.4 	-30.9 	65    	29.9     	260   	29.4       	5.2        	9453      	-34.9
1956      	17:32:47  	313.0 	-30.9 	65    	30.0     	260   	29.5       	5.3        	9461      	-34.9
1958      	17:32:49  	312.7 	-31.0 	65    	30.0     	260   	29.5       	5.4        	9469      	-35.0
1960      	17:32:51  	312.3 	-31.1 	65    	30.1     	259   	29.6       	5.6        	9477      	-35.1
1962      	17:32:53  	312.0 	-31.1 	64    	30.1     	259   	29.6       	5.7        	9484      	-35.3
1964      	17:32:55  	311.7 	-31.2 	63    	30.1     	259   	29.6       	5.7        	9492      	-35.5
1966      	17:32:57  	311.3 	-31.3 	63    	30.3     	259   	29.7       	5.8        	9499      	-35.6
1968      	17:32:59  	311.0 	-31.3 	62    	30.3     	259   	29.7       	5.9        	9507      	-35.7
1970      	17:33:01  	310.7 	-31.4 	62    	30.3     	258   	29.7       	6.1        	9515      	-35.9
1972      	17:33:03  	310.4 	-31.4 	61    	30.4     	258   	29.8       	6.2        	9522      	-36.0
1974      	17:33:05  	310.0 	-31.5 	60    	30.5     	258   	29.8       	6.4        	9530      	-36.2
1976      	17:33:07  	309.7 	-31.5 	60    	30.5     	258   	29.8       	6.4        	9537      	-36.3
1978      	17:33:09  	309.4 	-31.6 	59    	30.6     	258   	29.9       	6.5        	9544      	-36.5
1980      	17:33:11  	309.0 	-31.7 	59    	30.6     	258   	29.9       	6.6        	9552      	-36.6
1982      	17:33:13  	308.7 	-31.7 	59    	30.6     	257   	29.9       	6.7        	9560      	-36.7
1984      	17:33:15  	308.3 	-31.8 	58    	30.6     	257   	29.8       	6.9        	9568      	-36.8
1986      	17:33:17  	308.0 	-31.9 	58    	30.6     	257   	29.8       	7.1        	9576      	-36.9
1988      	17:33:19  	307.7 	-31.9 	58    	30.7     	256   	29.8       	7.2        	9584      	-37.0
1990      	17:33:21  	307.3 	-32.0 	58    	30.6     	256   	29.7       	7.3        	9592      	-37.0
1992      	17:33:23  	307.0 	-32.1 	58    	30.5     	256   	29.6       	7.4        	9600      	-37.0
1994      	17:33:25  	306.6 	-32.1 	59    	30.5     	256   	29.6       	7.5        	9608      	-37.1
1996      	17:33:27  	306.3 	-32.2 	59    	30.5     	256   	29.5       	7.6        	9616      	-37.1
1998      	17:33:29  	305.9 	-32.3 	59    	30.5     	255   	29.5       	7.7        	9624      	-37.2
2000      	17:33:31  	305.6 	-32.4 	59    	30.4     	255   	29.4       	7.7        	9632      	-37.2
2002      	17:33:33  	305.2 	-32.4 	59    	30.4     	255   	29.4       	7.7        	9640      	-37.2
2004      	17:33:35  	304.9 	-32.5 	60    	30.5     	255   	29.5       	7.7        	9647      	-37.3
2006      	17:33:37  	304.5 	-32.6 	60    	30.5     	255   	29.5       	7.7        	9655      	-37.3
2008      	17:33:39  	304.2 	-32.6 	60    	30.5     	255   	29.5       	7.7        	9663      	-37.4
2010      	17:33:41  	303.9 	-32.7 	60    	30.5     	255   	29.5       	7.8        	9671      	-37.4
2012      	17:33:43  	303.5 	-32.8 	60    	30.5     	255   	29.5       	7.8        	9679      	-37.5
2014      	17:33:45  	303.2 	-32.8 	60    	30.5     	255   	29.5       	7.8        	9687      	-37.5
2016      	17:33:47  	302.8 	-32.9 	60    	30.5     	255   	29.5       	7.9        	9695      	-37.7
2018      	17:33:49  	302.5 	-33.0 	59    	30.5     	255   	29.5       	7.9        	9703      	-37.8
2020      	17:33:51  	302.1 	-33.0 	59    	30.6     	255   	29.5       	8.0        	9711      	-37.8
2022      	17:33:53  	301.8 	-33.1 	59    	30.7     	255   	29.6       	8.1        	9719      	-37.9
2024      	17:33:55  	301.5 	-33.2 	59    	30.7     	254   	29.6       	8.3        	9727      	-38.0
2026      	17:33:57  	301.1 	-33.2 	59    	30.8     	254   	29.6       	8.4        	9735      	-38.0
2028      	17:33:59  	300.8 	-33.3 	59    	30.9     	254   	29.7       	8.5        	9743      	-38.1
2030      	17:34:01  	300.5 	-33.4 	60    	30.9     	254   	29.7       	8.6        	9750      	-38.1
2032      	17:34:03  	300.1 	-33.4 	60    	31.0     	253   	29.7       	8.8        	9759      	-38.1
2034      	17:34:05  	299.8 	-33.5 	60    	31.0     	253   	29.7       	8.9        	9767      	-38.2
2036      	17:34:07  	299.4 	-33.6 	60    	31.1     	253   	29.7       	9.1        	9775      	-38.3
2038      	17:34:09  	299.1 	-33.6 	60    	31.1     	253   	29.7       	9.3        	9783      	-38.3
2040      	17:34:11  	298.7 	-33.7 	60    	31.2     	252   	29.7       	9.4        	9791      	-38.4
2042      	17:34:13  	298.4 	-33.8 	60    	31.2     	252   	29.7       	9.4        	9799      	-38.5
2044      	17:34:15  	298.1 	-33.8 	60    	31.2     	252   	29.7       	9.5        	9807      	-38.5
2046      	17:34:17  	297.7 	-33.9 	60    	31.2     	252   	29.7       	9.6        	9815      	-38.6
2048      	17:34:19  	297.4 	-33.9 	60    	31.3     	252   	29.8       	9.7        	9823      	-38.7
2050      	17:34:21  	297.0 	-34.0 	60    	31.5     	252   	29.9       	9.8        	9831      	-38.7
2052      	17:34:23  	296.7 	-34.1 	60    	31.6     	252   	30.0       	10.0       	9840      	-38.8
2054      	17:34:25  	296.3 	-34.1 	60    	31.8     	252   	30.2       	10.0       	9848      	-38.8
2056      	17:34:27  	296.0 	-34.2 	60    	31.9     	252   	30.3       	10.1       	9856      	-38.8
2058      	17:34:29  	295.6 	-34.3 	60    	32.0     	252   	30.4       	10.1       	9864      	-38.9
2060      	17:34:31  	295.3 	-34.3 	61    	32.3     	251   	30.6       	10.3       	9872      	-38.9
2062      	17:34:33  	295.0 	-34.4 	61    	32.5     	251   	30.8       	10.4       	9880      	-38.8
2064      	17:34:35  	294.6 	-34.5 	62    	32.8     	251   	31.1       	10.5       	9887      	-38.8
2066      	17:34:37  	294.3 	-34.5 	63    	33.0     	251   	31.2       	10.6       	9895      	-38.8
2068      	17:34:39  	294.0 	-34.6 	63    	33.1     	251   	31.3       	10.7       	9903      	-38.8
2070      	17:34:41  	293.7 	-34.6 	64    	33.2     	251   	31.4       	10.8       	9911      	-38.7
2072      	17:34:43  	293.3 	-34.7 	64    	33.3     	251   	31.5       	10.9       	9918      	-38.8
2074      	17:34:45  	293.0 	-34.8 	64    	33.6     	251   	31.7       	11.1       	9926      	-38.8
2076      	17:34:47  	292.7 	-34.8 	64    	33.8     	250   	31.9       	11.3       	9934      	-38.9
2078      	17:34:49  	292.3 	-34.9 	64    	34.1     	250   	32.1       	11.5       	9943      	-38.9
2080      	17:34:51  	292.0 	-34.9 	64    	34.2     	250   	32.2       	11.6       	9951      	-39.0
2082      	17:34:53  	291.6 	-35.0 	63    	34.4     	250   	32.3       	11.7       	9959      	-39.1
2084      	17:34:55  	291.3 	-35.1 	63    	34.5     	250   	32.4       	11.9       	9967      	-39.2
2086      	17:34:57  	290.9 	-35.1 	63    	34.7     	250   	32.6       	12.0       	9975      	-39.3
2088      	17:34:59  	290.6 	-35.2 	63    	34.9     	250   	32.7       	12.1       	9984      	-39.4
2090      	17:35:01  	290.3 	-35.2 	62    	35.0     	250   	32.8       	12.2       	9992      	-39.5
2092      	17:35:03  	289.9 	-35.3 	62    	35.1     	250   	32.9       	12.2       	10000     	-39.6
2094      	17:35:05  	289.6 	-35.4 	62    	35.1     	250   	32.9       	12.2       	10009     	-39.7
2096      	17:35:07  	289.2 	-35.4 	62    	35.1     	250   	32.9       	12.2       	10017     	-39.7
2098      	17:35:09  	288.9 	-35.5 	62    	35.2     	250   	33.0       	12.2       	10025     	-39.9
2100      	17:35:11  	288.5 	-35.6 	61    	35.3     	250   	33.1       	12.2       	10033     	-40.0
2102      	17:35:13  	288.2 	-35.6 	61    	35.3     	250   	33.1       	12.2       	10041     	-40.1
2104      	17:35:15  	287.9 	-35.7 	61    	35.2     	250   	33.1       	12.1       	10049     	-40.2
2106      	17:35:17  	287.5 	-35.7 	61    	35.3     	250   	33.2       	12.1       	10058     	-40.2
2108      	17:35:19  	287.2 	-35.8 	61    	35.3     	250   	33.2       	12.1       	10066     	-40.3
2110      	17:35:21  	286.8 	-35.8 	61    	35.4     	250   	33.3       	12.1       	10075     	-40.3
2112      	17:35:23  	286.5 	-35.9 	61    	35.5     	250   	33.4       	12.0       	10083     	-40.3
2114      	17:35:25  	286.2 	-35.9 	61    	35.7     	250   	33.6       	12.0       	10091     	-40.4
2116      	17:35:27  	285.8 	-36.0 	60    	35.7     	251   	33.7       	11.9       	10099     	-40.6
2118      	17:35:29  	285.5 	-36.0 	59    	35.9     	251   	33.9       	11.9       	10107     	-40.7
2120      	17:35:31  	285.2 	-36.1 	58    	36.0     	251   	34.0       	11.8       	10114     	-40.9
2122      	17:35:33  	284.9 	-36.1 	57    	36.1     	251   	34.1       	11.8       	10122     	-41.1
2124      	17:35:35  	284.5 	-36.1 	56    	36.3     	251   	34.4       	11.7       	10130     	-41.2
2126      	17:35:37  	284.2 	-36.1 	56    	36.5     	251   	34.6       	11.6       	10138     	-41.4
2128      	17:35:39  	283.9 	-36.1 	55    	36.7     	252   	34.9       	11.5       	10146     	-41.5
2130      	17:35:41  	283.6 	-36.1 	54    	36.9     	252   	35.1       	11.4       	10154     	-41.6
2132      	17:35:43  	283.2 	-36.1 	54    	37.0     	252   	35.2       	11.4       	10162     	-41.6
2134      	17:35:45  	282.9 	-36.2 	54    	37.1     	252   	35.3       	11.3       	10170     	-41.7
2136      	17:35:47  	282.6 	-36.2 	52    	37.2     	252   	35.4       	11.3       	10178     	-42.0
2138      	17:35:49  	282.2 	-36.2 	50    	37.4     	252   	35.6       	11.3       	10187     	-42.4
2140      	17:35:51  	281.9 	-36.2 	48    	37.5     	253   	35.8       	11.2       	10195     	-42.8
2142      	17:35:53  	281.6 	-36.3 	46    	37.8     	253   	36.1       	11.2       	10203     	-43.2
2144      	17:35:55  	281.2 	-36.3 	44    	37.9     	253   	36.2       	11.2       	10211     	-43.5
2146      	17:35:57  	280.9 	-36.3 	42    	38.0     	253   	36.3       	11.2       	10219     	-43.9
2148      	17:35:59  	280.6 	-36.3 	41    	38.1     	253   	36.4       	11.2       	10228     	-44.3
2150      	17:36:01  	280.3 	-36.4 	41    	38.1     	253   	36.4       	11.2       	10236     	-44.2
2152      	17:36:03  	279.9 	-36.4 	41    	38.2     	253   	36.5       	11.1       	10244     	-44.2
2154      	17:36:05  	279.6 	-36.4 	40    	38.2     	253   	36.6       	11.0       	10252     	-44.4
2156      	17:36:07  	279.3 	-36.5 	39    	38.3     	253   	36.7       	11.0       	10259     	-44.7
2158      	17:36:09  	278.9 	-36.5 	39    	38.3     	253   	36.7       	10.9       	10268     	-44.8
2160      	17:36:11  	278.6 	-36.6 	38    	38.2     	254   	36.6       	10.8       	10276     	-45.0
2162      	17:36:13  	278.3 	-36.6 	38    	38.1     	254   	36.6       	10.7       	10285     	-45.2
2164      	17:36:15  	277.9 	-36.7 	37    	38.1     	254   	36.6       	10.6       	10293     	-45.4
2166      	17:36:17  	277.6 	-36.8 	37    	38.1     	254   	36.6       	10.5       	10302     	-45.5
2168      	17:36:19  	277.3 	-36.8 	37    	38.0     	254   	36.6       	10.4       	10310     	-45.6
2170      	17:36:21  	276.9 	-36.9 	37    	38.0     	254   	36.5       	10.4       	10318     	-45.7
2172      	17:36:23  	276.6 	-36.9 	36    	37.9     	254   	36.5       	10.3       	10327     	-45.7
2174      	17:36:25  	276.2 	-37.0 	36    	37.9     	254   	36.5       	10.3       	10335     	-45.8
2176      	17:36:27  	275.9 	-37.1 	36    	38.0     	254   	36.6       	10.3       	10343     	-45.9
2178      	17:36:29  	275.6 	-37.1 	36    	38.0     	254   	36.6       	10.3       	10352     	-46.0
2180      	17:36:31  	275.2 	-37.2 	36    	38.1     	254   	36.7       	10.2       	10361     	-46.2
2182      	17:36:33  	274.9 	-37.3 	36    	38.2     	255   	36.8       	10.2       	10369     	-46.3
2184      	17:36:35  	274.6 	-37.4 	35    	38.2     	255   	36.8       	10.2       	10377     	-46.4
2186      	17:36:37  	274.2 	-37.4 	35    	38.3     	255   	36.9       	10.2       	10386     	-46.5
2188      	17:36:39  	273.9 	-37.5 	35    	38.4     	255   	37.0       	10.1       	10394     	-46.5
2190      	17:36:41  	273.6 	-37.6 	36    	38.4     	255   	37.1       	10.0       	10402     	-46.6
2192      	17:36:43  	273.3 	-37.7 	36    	38.6     	255   	37.3       	9.9        	10410     	-46.6
2194      	17:36:45  	272.9 	-37.8 	36    	38.7     	255   	37.4       	9.8        	10418     	-46.6
2196      	17:36:47  	272.6 	-37.8 	37    	38.8     	255   	37.5       	9.8        	10426     	-46.5
2198      	17:36:49  	272.3 	-37.9 	37    	38.7     	255   	37.5       	9.7        	10434     	-46.5
2200      	17:36:51  	272.0 	-38.0 	38    	38.8     	256   	37.6       	9.6        	10443     	-46.3
2202      	17:36:53  	271.7 	-38.1 	39    	38.8     	256   	37.6       	9.6        	10451     	-46.2
2204      	17:36:55  	271.3 	-38.1 	40    	38.9     	256   	37.7       	9.5        	10459     	-46.0
2206      	17:36:57  	271.0 	-38.2 	41    	39.0     	256   	37.8       	9.5        	10467     	-45.9
2208      	17:36:59  	270.7 	-38.3 	42    	39.1     	256   	37.9       	9.6        	10475     	-45.8
2210      	17:37:01  	270.4 	-38.4 	43    	39.1     	256   	37.9       	9.7        	10483     	-45.7
2212      	17:37:03  	270.0 	-38.4 	43    	39.2     	256   	38.0       	9.7        	10492     	-45.7
2214      	17:37:05  	269.7 	-38.5 	44    	39.3     	256   	38.1       	9.8        	10500     	-45.7
2216      	17:37:07  	269.4 	-38.6 	43    	39.5     	255   	38.2       	10.0       	10508     	-45.8
2218      	17:37:09  	269.1 	-38.6 	43    	39.6     	255   	38.3       	10.1       	10517     	-45.9
2220      	17:37:11  	268.7 	-38.7 	43    	39.9     	255   	38.5       	10.3       	10525     	-46.1
2222      	17:37:13  	268.4 	-38.8 	42    	40.0     	255   	38.6       	10.3       	10534     	-46.2
2224      	17:37:15  	268.1 	-38.9 	42    	40.1     	255   	38.7       	10.4       	10542     	-46.4
2226      	17:37:17  	267.7 	-38.9 	41    	40.2     	255   	38.8       	10.4       	10551     	-46.6
2228      	17:37:19  	267.4 	-39.0 	41    	40.3     	255   	38.9       	10.5       	10559     	-46.7
2230      	17:37:21  	267.1 	-39.1 	40    	40.4     	255   	39.0       	10.6       	10567     	-46.9
2232      	17:37:23  	266.8 	-39.1 	40    	40.6     	255   	39.2       	10.7       	10576     	-47.0
2234      	17:37:25  	266.4 	-39.2 	40    	40.7     	255   	39.3       	10.7       	10584     	-47.0
2236      	17:37:27  	266.1 	-39.3 	40    	40.8     	255   	39.3       	10.8       	10593     	-47.1
2238      	17:37:29  	265.8 	-39.3 	41    	40.9     	255   	39.4       	10.8       	10601     	-47.0
2240      	17:37:31  	265.4 	-39.4 	42    	40.9     	255   	39.5       	10.8       	10609     	-47.0
2242      	17:37:33  	265.1 	-39.5 	42    	41.1     	255   	39.6       	10.9       	10618     	-46.9
2244      	17:37:35  	264.8 	-39.5 	43    	41.2     	255   	39.7       	10.9       	10626     	-46.8
2246      	17:37:37  	264.5 	-39.6 	44    	41.4     	255   	39.9       	11.0       	10635     	-46.7
2248      	17:37:39  	264.1 	-39.7 	44    	41.5     	255   	40.0       	11.0       	10644     	-46.7
2250      	17:37:41  	263.8 	-39.7 	44    	41.5     	255   	40.0       	11.0       	10652     	-46.8
2252      	17:37:43  	263.5 	-39.8 	44    	41.6     	255   	40.1       	11.0       	10661     	-46.9
2254      	17:37:45  	263.2 	-39.8 	43    	41.8     	255   	40.3       	11.0       	10669     	-47.0
2256      	17:37:47  	262.8 	-39.9 	42    	41.9     	255   	40.4       	11.0       	10677     	-47.3
2258      	17:37:49  	262.5 	-40.0 	41    	42.0     	255   	40.5       	11.0       	10685     	-47.6
2260      	17:37:51  	262.2 	-40.0 	40    	42.0     	255   	40.5       	11.0       	10693     	-47.9
2262      	17:37:53  	261.9 	-40.1 	39    	42.0     	255   	40.5       	11.0       	10702     	-48.2
2264      	17:37:55  	261.6 	-40.1 	38    	42.1     	255   	40.6       	11.0       	10710     	-48.5
2266      	17:37:57  	261.3 	-40.2 	37    	42.1     	255   	40.6       	11.0       	10718     	-48.7
2268      	17:37:59  	260.9 	-40.2 	35    	42.1     	255   	40.6       	11.0       	10727     	-49.1
2270      	17:38:01  	260.6 	-40.3 	34    	42.2     	255   	40.7       	11.0       	10735     	-49.4
2272      	17:38:03  	260.3 	-40.4 	33    	42.2     	255   	40.7       	11.1       	10743     	-49.7
2274      	17:38:05  	260.0 	-40.4 	32    	42.2     	255   	40.7       	11.1       	10752     	-50.1
2276      	17:38:07  	259.6 	-40.5 	29    	42.2     	255   	40.7       	11.1       	10760     	-50.8
2278      	17:38:09  	259.3 	-40.5 	27    	42.2     	255   	40.7       	11.1       	10769     	-51.5
2280      	17:38:11  	259.0 	-40.6 	26    	42.4     	255   	40.9       	11.1       	10777     	-51.8
2282      	17:38:13  	258.7 	-40.6 	26    	42.6     	255   	41.1       	11.1       	10786     	-52.0
2284      	17:38:15  	258.3 	-40.7 	25    	42.7     	255   	41.2       	11.1       	10795     	-52.3
2286      	17:38:17  	258.0 	-40.8 	24    	42.9     	255   	41.4       	11.1       	10804     	-52.7
2288      	17:38:19  	257.6 	-40.8 	25    	42.9     	255   	41.5       	11.0       	10813     	-52.5
2290      	17:38:21  	257.3 	-40.9 	26    	43.1     	255   	41.7       	11.0       	10822     	-52.2
2292      	17:38:23  	256.9 	-41.0 	27    	43.4     	256   	42.0       	10.8       	10831     	-51.8
2294      	17:38:25  	256.6 	-41.0 	29    	43.7     	256   	42.4       	10.6       	10840     	-51.5
2296      	17:38:27  	256.3 	-41.1 	30    	43.9     	256   	42.7       	10.4       	10848     	-51.1
2298      	17:38:29  	256.0 	-41.2 	32    	44.2     	257   	43.0       	10.2       	10857     	-50.8
2300      	17:38:31  	255.7 	-41.2 	33    	44.4     	257   	43.2       	10.1       	10865     	-50.5
2302      	17:38:33  	255.4 	-41.3 	34    	44.5     	257   	43.4       	9.9        	10873     	-50.3
2304      	17:38:35  	255.0 	-41.4 	36    	44.7     	257   	43.6       	9.7        	10882     	-50.1
2306      	17:38:37  	254.7 	-41.5 	37    	44.9     	258   	43.9       	9.5        	10890     	-49.9
2308      	17:38:39  	254.4 	-41.5 	37    	45.3     	258   	44.3       	9.3        	10899     	-49.8
2310      	17:38:41  	254.1 	-41.6 	38    	45.5     	259   	44.6       	9.0        	10907     	-49.8
2312      	17:38:43  	253.8 	-41.7 	38    	45.7     	259   	44.8       	8.9        	10915     	-49.8
2314      	17:38:45  	253.5 	-41.8 	38    	45.8     	259   	44.9       	8.9        	10924     	-49.8
2316      	17:38:47  	253.2 	-41.8 	39    	46.0     	259   	45.1       	8.8        	10932     	-49.8
2318      	17:38:49  	252.8 	-41.9 	39    	46.2     	259   	45.4       	8.6        	10940     	-49.9
2320      	17:38:51  	252.5 	-42.0 	38    	46.5     	260   	45.7       	8.4        	10949     	-50.0
2322      	17:38:53  	252.2 	-42.0 	38    	46.7     	260   	46.0       	8.2        	10957     	-50.1
2324      	17:38:55  	251.9 	-42.1 	38    	46.9     	260   	46.2       	8.1        	10965     	-50.3
2326      	17:38:57  	251.6 	-42.2 	37    	47.1     	260   	46.4       	8.0        	10974     	-50.4
2328      	17:38:59  	251.3 	-42.2 	37    	47.3     	260   	46.6       	7.9        	10982     	-50.6
2330      	17:39:01  	251.0 	-42.3 	37    	47.3     	261   	46.7       	7.8        	10991     	-50.7
2332      	17:39:03  	250.7 	-42.4 	37    	47.4     	261   	46.8       	7.7        	10999     	-50.8
2334      	17:39:05  	250.4 	-42.4 	36    	47.5     	261   	46.9       	7.6        	11007     	-50.9
2336      	17:39:07  	250.1 	-42.5 	36    	47.6     	261   	47.0       	7.5        	11016     	-51.0
2338      	17:39:09  	249.8 	-42.6 	36    	47.5     	261   	46.9       	7.5        	11024     	-51.1
2340      	17:39:11  	249.5 	-42.6 	36    	47.4     	261   	46.8       	7.5        	11032     	-51.2
2342      	17:39:13  	249.2 	-42.7 	35    	47.4     	261   	46.8       	7.5        	11040     	-51.3
2344      	17:39:15  	248.9 	-42.8 	35    	47.3     	261   	46.7       	7.5        	11048     	-51.5
2346      	17:39:17  	248.6 	-42.8 	34    	47.2     	261   	46.6       	7.5        	11056     	-51.7
2348      	17:39:19  	248.3 	-42.9 	33    	47.1     	261   	46.5       	7.5        	11064     	-52.0
2350      	17:39:21  	248.0 	-43.0 	32    	47.0     	261   	46.4       	7.5        	11072     	-52.2
2352      	17:39:23  	247.7 	-43.0 	32    	47.0     	261   	46.4       	7.5        	11080     	-52.4
2354      	17:39:25  	247.4 	-43.1 	32    	46.9     	261   	46.3       	7.5        	11088     	-52.6
2356      	17:39:27  	247.1 	-43.1 	31    	46.9     	261   	46.3       	7.6        	11096     	-52.7
2358      	17:39:29  	246.8 	-43.2 	31    	46.8     	260   	46.1       	7.8        	11104     	-52.8
2360      	17:39:31  	246.5 	-43.2 	31    	46.7     	260   	46.0       	7.9        	11112     	-52.9
2362      	17:39:33  	246.2 	-43.3 	31    	46.5     	260   	45.8       	8.1        	11120     	-53.0
2364      	17:39:35  	245.9 	-43.3 	30    	46.4     	260   	45.7       	8.3        	11128     	-53.1
2366      	17:39:37  	245.6 	-43.4 	30    	46.4     	259   	45.6       	8.5        	11136     	-53.2
2368      	17:39:39  	245.3 	-43.4 	30    	46.3     	259   	45.5       	8.7        	11144     	-53.3
2370      	17:39:41  	245.0 	-43.4 	30    	46.3     	259   	45.4       	9.0        	11152     	-53.3
2372      	17:39:43  	244.8 	-43.5 	30    	46.1     	258   	45.2       	9.3        	11159     	-53.2
2374      	17:39:45  	244.5 	-43.6 	31    	46.1     	258   	45.1       	9.6        	11167     	-53.2
2376      	17:39:47  	244.2 	-43.6 	32    	46.1     	258   	45.0       	9.8        	11175     	-53.0
2378      	17:39:49  	243.9 	-43.7 	33    	46.1     	258   	45.0       	9.9        	11183     	-52.9
2380      	17:39:51  	243.7 	-43.7 	34    	46.1     	257   	45.0       	10.0       	11190     	-52.6
2382      	17:39:53  	243.4 	-43.8 	35    	46.1     	257   	45.0       	10.1       	11198     	-52.3
2384      	17:39:55  	243.1 	-43.8 	36    	46.2     	257   	45.0       	10.3       	11206     	-52.1
2386      	17:39:57  	242.8 	-43.9 	37    	46.3     	257   	45.1       	10.4       	11214     	-52.1
2388      	17:39:59  	242.5 	-43.9 	37    	46.3     	257   	45.1       	10.5       	11222     	-52.1
2390      	17:40:01  	242.2 	-44.0 	37    	46.3     	257   	45.1       	10.6       	11230     	-52.1
2392      	17:40:03  	241.9 	-44.1 	37    	46.4     	257   	45.2       	10.6       	11237     	-52.3
2394      	17:40:05  	241.7 	-44.1 	36    	46.5     	257   	45.3       	10.6       	11245     	-52.5
2396      	17:40:07  	241.4 	-44.2 	35    	46.6     	257   	45.4       	10.5       	11253     	-52.7
2398      	17:40:09  	241.1 	-44.2 	34    	46.7     	257   	45.5       	10.4       	11261     	-53.1
2400      	17:40:11  	240.8 	-44.3 	33    	46.7     	257   	45.6       	10.3       	11268     	-53.4
2402      	17:40:13  	240.6 	-44.4 	32    	46.8     	257   	45.7       	10.2       	11276     	-53.7
2404      	17:40:15  	240.3 	-44.4 	31    	46.9     	258   	45.8       	10.1       	11283     	-54.0
2406      	17:40:17  	240.0 	-44.5 	30    	47.0     	258   	45.9       	9.9        	11291     	-54.3
2408      	17:40:19  	239.7 	-44.5 	29    	47.0     	258   	46.0       	9.8        	11299     	-54.5
2410      	17:40:21  	239.5 	-44.6 	29    	47.0     	258   	46.0       	9.6        	11306     	-54.6
2412      	17:40:23  	239.2 	-44.6 	29    	47.0     	258   	46.0       	9.4        	11314     	-54.7
2414      	17:40:25  	238.9 	-44.7 	28    	46.9     	259   	46.0       	9.2        	11322     	-54.9
2416      	17:40:27  	238.6 	-44.7 	28    	46.9     	259   	46.0       	9.2        	11329     	-55.0
2418      	17:40:29  	238.4 	-44.8 	28    	46.8     	259   	45.9       	9.1        	11337     	-55.1
2420      	17:40:31  	238.1 	-44.9 	28    	46.8     	259   	45.9       	9.0        	11345     	-55.2
2422      	17:40:33  	237.8 	-44.9 	28    	46.7     	259   	45.8       	8.9        	11353     	-55.3
2424      	17:40:35  	237.5 	-45.0 	28    	46.5     	259   	45.7       	8.8        	11360     	-55.4
2426      	17:40:37  	237.3 	-45.0 	28    	46.4     	259   	45.6       	8.7        	11368     	-55.4
2428      	17:40:39  	237.0 	-45.1 	28    	46.3     	259   	45.5       	8.6        	11376     	-55.4
2430      	17:40:41  	236.7 	-45.2 	28    	46.2     	259   	45.4       	8.6        	11383     	-55.4
2432      	17:40:43  	236.5 	-45.2 	28    	46.2     	259   	45.4       	8.5        	11391     	-55.4
2434      	17:40:45  	236.2 	-45.3 	29    	46.1     	259   	45.3       	8.4        	11398     	-55.4
2436      	17:40:47  	235.9 	-45.4 	29    	46.1     	259   	45.3       	8.4        	11406     	-55.4
2438      	17:40:49  	235.7 	-45.4 	29    	46.0     	260   	45.2       	8.3        	11413     	-55.4
2440      	17:40:51  	235.4 	-45.5 	29    	45.9     	260   	45.2       	8.2        	11421     	-55.4
2442      	17:40:53  	235.1 	-45.6 	29    	45.9     	260   	45.2       	8.2        	11429     	-55.4
2444      	17:40:55  	234.9 	-45.7 	29    	45.9     	260   	45.2       	8.2        	11436     	-55.5
2446      	17:40:57  	234.6 	-45.7 	30    	45.9     	260   	45.2       	8.2        	11443     	-55.6
2448      	17:40:59  	234.4 	-45.8 	30    	45.9     	260   	45.2       	8.2        	11450     	-55.6
2450      	17:41:01  	234.1 	-45.9 	30    	46.0     	260   	45.3       	8.2        	11457     	-55.6
2452      	17:41:03  	233.9 	-45.9 	30    	46.0     	260   	45.3       	8.2        	11464     	-55.7
2454      	17:41:05  	233.6 	-46.0 	30    	46.0     	260   	45.3       	8.2        	11471     	-55.7
2456      	17:41:07  	233.4 	-46.1 	30    	46.0     	260   	45.3       	8.2        	11479     	-55.8
2458      	17:41:09  	233.1 	-46.2 	30    	46.0     	260   	45.3       	8.2        	11486     	-55.9
2460      	17:41:11  	232.8 	-46.2 	30    	46.0     	260   	45.3       	8.1        	11494     	-55.9
2462      	17:41:13  	232.6 	-46.3 	30    	46.0     	260   	45.3       	8.0        	11501     	-56.0
2464      	17:41:15  	232.3 	-46.4 	30    	45.9     	260   	45.2       	7.9        	11509     	-56.1
2466      	17:41:17  	232.0 	-46.4 	30    	45.9     	260   	45.2       	7.9        	11516     	-56.2
2468      	17:41:19  	231.8 	-46.5 	29    	45.8     	260   	45.1       	7.8        	11523     	-56.3
2470      	17:41:21  	231.5 	-46.6 	30    	45.7     	260   	45.0       	7.7        	11531     	-56.3
2472      	17:41:23  	231.3 	-46.6 	30    	45.7     	260   	45.0       	7.7        	11538     	-56.4
2474      	17:41:25  	231.0 	-46.7 	30    	45.5     	260   	44.9       	7.6        	11545     	-56.4
2476      	17:41:27  	230.8 	-46.8 	30    	45.4     	260   	44.8       	7.5        	11552     	-56.5
2478      	17:41:29  	230.5 	-46.9 	30    	45.3     	260   	44.7       	7.5        	11559     	-56.6
2480      	17:41:31  	230.3 	-46.9 	29    	45.3     	260   	44.7       	7.5        	11566     	-56.7
2482      	17:41:33  	230.1 	-47.0 	29    	45.3     	260   	44.7       	7.5        	11573     	-56.8
2484      	17:41:35  	229.8 	-47.0 	29    	45.3     	260   	44.7       	7.5        	11580     	-56.9
2486      	17:41:37  	229.6 	-47.1 	29    	45.3     	260   	44.7       	7.6        	11587     	-56.9
2488      	17:41:39  	229.3 	-47.2 	29    	45.4     	260   	44.7       	7.7        	11595     	-57.0
2490      	17:41:41  	229.1 	-47.2 	29    	45.5     	260   	44.8       	7.7        	11602     	-57.0
2492      	17:41:43  	228.8 	-47.3 	29    	45.5     	260   	44.8       	7.8        	11609     	-57.0
2494      	17:41:45  	228.6 	-47.3 	30    	45.5     	260   	44.8       	7.8        	11616     	-57.0
2496      	17:41:47  	228.3 	-47.4 	30    	45.6     	260   	44.9       	7.9        	11623     	-57.0
2498      	17:41:49  	228.1 	-47.5 	30    	45.6     	260   	44.9       	8.0        	11630     	-56.9
2500      	17:41:51  	227.9 	-47.5 	31    	45.6     	260   	44.9       	8.2        	11637     	-56.9
2502      	17:41:53  	227.6 	-47.6 	31    	45.8     	259   	45.0       	8.4        	11644     	-56.9
2504      	17:41:55  	227.4 	-47.6 	31    	45.8     	259   	45.0       	8.6        	11651     	-56.8
2506      	17:41:57  	227.1 	-47.7 	32    	45.9     	259   	45.0       	8.8        	11658     	-56.8
2508      	17:41:59  	226.9 	-47.7 	32    	45.9     	259   	45.0       	8.9        	11665     	-56.8
2510      	17:42:01  	226.7 	-47.7 	32    	45.9     	259   	45.0       	9.1        	11671     	-56.7
2512      	17:42:03  	226.4 	-47.7 	32    	45.9     	258   	44.9       	9.3        	11678     	-56.7
2514      	17:42:05  	226.2 	-47.7 	32    	45.7     	258   	44.7       	9.5        	11686     	-56.7
2516      	17:42:07  	225.9 	-47.7 	32    	45.6     	258   	44.6       	9.7        	11693     	-56.8
2518      	17:42:09  	225.7 	-47.7 	31    	45.5     	257   	44.4       	9.9        	11700     	-56.9
2520      	17:42:11  	225.4 	-47.7 	30    	45.4     	257   	44.3       	10.0       	11708     	-57.1
2522      	17:42:13  	225.1 	-47.6 	29    	45.2     	257   	44.1       	10.0       	11716     	-57.4
2524      	17:42:15  	224.9 	-47.6 	28    	44.9     	257   	43.7       	10.1       	11723     	-57.7
2526      	17:42:17  	224.6 	-47.5 	26    	44.2     	257   	43.0       	10.1       	11731     	-58.2
2528      	17:42:19  	224.4 	-47.4 	23    	43.4     	257   	42.2       	10.1       	11738     	-58.9
2530      	17:42:21  	224.1 	-47.4 	21    	42.6     	256   	41.4       	10.2       	11746     	-59.5
2532      	17:42:23  	223.9 	-47.3 	20    	42.1     	256   	40.8       	10.2       	11754     	-59.8
2534      	17:42:25  	223.6 	-47.2 	20    	41.4     	256   	40.1       	10.1       	11762     	-60.0
2536      	17:42:27  	223.3 	-47.2 	19    	40.8     	256   	39.5       	10.1       	11769     	-60.3
2538      	17:42:29  	223.1 	-47.1 	18    	39.7     	255   	38.4       	10.2       	11777     	-60.5
2540      	17:42:31  	222.8 	-47.0 	17    	38.6     	255   	37.2       	10.2       	11784     	-60.8
2542      	17:42:33  	222.6 	-47.0 	16    	37.4     	254   	36.0       	10.3       	11792     	-61.1
2544      	17:42:35  	222.3 	-46.9 	15    	36.6     	254   	35.1       	10.3       	11799     	-61.4
2546      	17:42:37  	222.1 	-46.9 	15    	36.0     	253   	34.5       	10.4       	11807     	-61.8
2548      	17:42:39  	221.8 	-46.9 	14    	35.6     	253   	34.0       	10.5       	11814     	-62.2
2550      	17:42:41  	221.6 	-46.9 	13    	35.0     	253   	33.4       	10.5       	11821     	-62.6
2552      	17:42:43  	221.4 	-46.9 	12    	34.5     	252   	32.9       	10.5       	11828     	-63.1
2554      	17:42:45  	221.1 	-46.9 	11    	34.0     	252   	32.3       	10.5       	11835     	-63.6
2556      	17:42:47  	220.9 	-46.9 	11    	33.5     	252   	31.8       	10.5       	11843     	-64.1
2558      	17:42:49  	220.6 	-46.9 	10    	33.4     	252   	31.7       	10.4       	11850     	-64.7
2560      	17:42:51  	220.4 	-47.0 	9     	33.3     	252   	31.7       	10.3       	11857     	-65.3
2562      	17:42:53  	220.1 	-47.0 	8     	33.3     	252   	31.7       	10.2       	11864     	-66.0
2564      	17:42:55  	219.9 	-47.1 	8     	33.3     	252   	31.7       	10.2       	11871     	-66.6
2566      	17:42:57  	219.7 	-47.1 	8     	33.3     	252   	31.7       	10.1       	11878     	-66.6
2568      	17:42:59  	219.5 	-47.2 	8     	33.3     	252   	31.7       	10.1       	11885     	-66.7
2570      	17:43:01  	219.2 	-47.2 	7     	33.2     	252   	31.7       	10.0       	11892     	-67.1
2572      	17:43:03  	219.0 	-47.3 	7     	33.3     	252   	31.7       	10.1       	11899     	-67.5
2574      	17:43:05  	218.7 	-47.3 	7     	33.3     	252   	31.7       	10.1       	11906     	-67.9
2576      	17:43:07  	218.5 	-47.4 	6     	33.1     	252   	31.5       	10.2       	11913     	-68.3
2578      	17:43:09  	218.3 	-47.5 	6     	33.0     	252   	31.4       	10.2       	11920     	-68.7
2580      	17:43:11  	218.0 	-47.5 	6     	32.9     	252   	31.2       	10.3       	11928     	-69.0
2582      	17:43:13  	217.8 	-47.6 	5     	32.8     	252   	31.1       	10.3       	11935     	-69.3
2584      	17:43:15  	217.6 	-47.6 	5     	32.6     	252   	30.9       	10.3       	11942     	-69.4
2586      	17:43:17  	217.3 	-47.7 	5     	32.5     	252   	30.8       	10.3       	11949     	-69.5
2588      	17:43:19  	217.1 	-47.8 	5     	32.4     	251   	30.7       	10.3       	11956     	-69.5
2590      	17:43:21  	216.9 	-47.8 	5     	32.2     	251   	30.5       	10.3       	11964     	-69.6
2592      	17:43:23  	216.6 	-47.9 	5     	32.0     	251   	30.3       	10.4       	11971     	-69.6
2594      	17:43:25  	216.4 	-48.0 	5     	31.9     	251   	30.2       	10.4       	11979     	-69.7
2596      	17:43:27  	216.1 	-48.0 	5     	31.8     	251   	30.1       	10.4       	11986     	-69.8
2598      	17:43:29  	215.9 	-48.1 	5     	31.8     	251   	30.1       	10.4       	11993     	-69.9
2600      	17:43:31  	215.7 	-48.2 	5     	31.8     	251   	30.0       	10.4       	12000     	-70.0
2602      	17:43:33  	215.4 	-48.2 	5     	31.7     	251   	29.9       	10.5       	12008     	-70.1
2604      	17:43:35  	215.2 	-48.3 	5     	31.5     	251   	29.7       	10.5       	12015     	-70.3
2606      	17:43:37  	214.9 	-48.3 	5     	31.3     	250   	29.5       	10.6       	12022     	-70.5
2608      	17:43:39  	214.7 	-48.4 	5     	31.3     	250   	29.4       	10.7       	12029     	-70.5
2610      	17:43:41  	214.5 	-48.4 	5     	31.1     	250   	29.2       	10.8       	12037     	-70.6
2612      	17:43:43  	214.2 	-48.5 	5     	31.0     	250   	29.1       	10.8       	12044     	-70.7
2614      	17:43:45  	214.0 	-48.5 	5     	30.9     	249   	28.9       	10.9       	12052     	-70.7
2616      	17:43:47  	213.7 	-48.6 	5     	30.6     	249   	28.6       	11.0       	12059     	-70.8
2618      	17:43:49  	213.5 	-48.6 	5     	30.5     	249   	28.4       	11.1       	12066     	-70.8
2620      	17:43:51  	213.3 	-48.7 	5     	30.2     	248   	28.1       	11.2       	12074     	-70.7
2622      	17:43:53  	213.0 	-48.7 	5     	30.2     	248   	28.0       	11.3       	12082     	-70.7
2624      	17:43:55  	212.8 	-48.8 	5     	30.0     	248   	27.8       	11.3       	12089     	-70.7
2626      	17:43:57  	212.5 	-48.8 	5     	29.9     	248   	27.7       	11.3       	12097     	-70.7
2628      	17:43:59  	212.3 	-48.9 	5     	29.8     	247   	27.5       	11.5       	12104     	-70.7
2630      	17:44:01  	212.1 	-48.9 	5     	29.8     	247   	27.4       	11.7       	12111     	-70.7
2632      	17:44:03  	211.8 	-49.0 	5     	29.7     	247   	27.3       	11.8       	12118     	-70.7
2634      	17:44:05  	211.6 	-49.1 	5     	29.7     	246   	27.2       	12.0       	12125     	-70.9
2636      	17:44:07  	211.3 	-49.1 	5     	29.8     	246   	27.2       	12.1       	12134     	-71.0
2638      	17:44:09  	211.1 	-49.2 	5     	29.9     	246   	27.3       	12.3       	12142     	-71.2
2640      	17:44:11  	210.8 	-49.2 	5     	30.0     	246   	27.3       	12.4       	12150     	-71.2
2642      	17:44:13  	210.5 	-49.3 	5     	30.1     	245   	27.3       	12.7       	12158     	-71.3
2644      	17:44:15  	210.3 	-49.4 	5     	30.2     	245   	27.3       	12.9       	12166     	-71.3
2646      	17:44:17  	210.0 	-49.4 	5     	30.3     	244   	27.3       	13.1       	12174     	-71.4
2648      	17:44:19  	209.8 	-49.5 	5     	30.4     	244   	27.4       	13.2       	12182     	-71.3
2650      	17:44:21  	209.5 	-49.6 	5     	30.4     	244   	27.4       	13.2       	12190     	-71.4
2652      	17:44:23  	209.3 	-49.6 	5     	30.5     	244   	27.4       	13.3       	12197     	-71.4
2654      	17:44:25  	209.0 	-49.7 	5     	30.6     	244   	27.5       	13.4       	12205     	-71.4
2656      	17:44:27  	208.8 	-49.7 	5     	30.8     	244   	27.7       	13.5       	12213     	-71.6
2658      	17:44:29  	208.5 	-49.8 	5     	30.9     	244   	27.8       	13.6       	12220     	-71.7
2660      	17:44:31  	208.3 	-49.9 	5     	31.2     	244   	28.0       	13.7       	12228     	-71.9
2662      	17:44:33  	208.1 	-49.9 	5     	31.3     	244   	28.1       	13.7       	12235     	-72.0
2664      	17:44:35  	207.8 	-50.0 	5     	31.4     	244   	28.2       	13.8       	12243     	-72.2
2666      	17:44:37  	207.6 	-50.1 	5     	31.6     	244   	28.4       	13.9       	12251     	-72.3
2668      	17:44:39  	207.3 	-50.1 	5     	31.8     	244   	28.5       	14.0       	12259     	-72.4
2670      	17:44:41  	207.1 	-50.2 	5     	31.9     	244   	28.6       	14.2       	12267     	-72.5
2672      	17:44:43  	206.8 	-50.2 	5     	32.1     	244   	28.7       	14.3       	12275     	-72.5
2674      	17:44:45  	206.5 	-50.3 	5     	32.2     	243   	28.8       	14.4       	12283     	-72.5
2676      	17:44:47  	206.3 	-50.4 	5     	32.2     	243   	28.7       	14.5       	12291     	-72.4
2678      	17:44:49  	206.0 	-50.4 	5     	32.2     	243   	28.7       	14.7       	12299     	-72.3
2680      	17:44:51  	205.8 	-50.5 	5     	32.4     	243   	28.8       	14.8       	12307     	-72.2
2682      	17:44:53  	205.5 	-50.6 	5     	32.4     	243   	28.8       	14.9       	12315     	-72.1
2684      	17:44:55  	205.3 	-50.6 	5     	32.5     	242   	28.8       	15.1       	12323     	-72.0
2686      	17:44:57  	205.0 	-50.7 	5     	32.7     	242   	28.9       	15.2       	12331     	-72.1
2688      	17:44:59  	204.8 	-50.7 	5     	32.7     	242   	28.9       	15.2       	12339     	-72.1
2690      	17:45:01  	204.5 	-50.8 	5     	32.7     	242   	28.9       	15.2       	12348     	-72.3
2692      	17:45:03  	204.3 	-50.8 	5     	32.8     	243   	29.1       	15.1       	12356     	-72.5
2694      	17:45:05  	204.0 	-50.9 	5     	32.8     	243   	29.2       	15.0       	12364     	-72.6
2696      	17:45:07  	203.8 	-50.9 	5     	33.0     	243   	29.4       	14.9       	12372     	-72.8
2698      	17:45:09  	203.5 	-51.0 	5     	33.1     	243   	29.6       	14.8       	12380     	-72.9
2700      	17:45:11  	203.2 	-51.0 	5     	33.1     	244   	29.7       	14.7       	12388     	-73.0
2702      	17:45:13  	203.0 	-51.1 	5     	33.2     	244   	29.8       	14.6       	12396     	-73.0
2704      	17:45:15  	202.8 	-51.1 	5     	33.3     	244   	30.0       	14.4       	12404     	-73.1
2706      	17:45:17  	202.5 	-51.2 	5     	33.3     	245   	30.1       	14.2       	12411     	-73.1
2708      	17:45:19  	202.3 	-51.3 	5     	33.3     	245   	30.3       	13.9       	12419     	-73.0
2710      	17:45:21  	202.0 	-51.3 	5     	33.4     	246   	30.5       	13.7       	12427     	-73.0
2712      	17:45:23  	201.8 	-51.4 	5     	33.4     	246   	30.6       	13.5       	12435     	-73.0
2714      	17:45:25  	201.5 	-51.4 	5     	33.4     	246   	30.6       	13.4       	12443     	-73.0
2716      	17:45:27  	201.3 	-51.5 	5     	33.4     	247   	30.7       	13.2       	12451     	-73.0
2718      	17:45:29  	201.0 	-51.5 	5     	33.4     	247   	30.7       	13.1       	12459     	-73.0
2720      	17:45:31  	200.8 	-51.6 	5     	33.3     	247   	30.7       	13.0       	12468     	-73.1
2722      	17:45:33  	200.5 	-51.7 	5     	33.3     	247   	30.7       	12.9       	12476     	-73.1
2724      	17:45:35  	200.3 	-51.7 	5     	33.3     	247   	30.7       	12.8       	12484     	-73.2
2726      	17:45:37  	200.0 	-51.8 	5     	33.2     	247   	30.6       	12.8       	12493     	-73.2
2728      	17:45:39  	199.7 	-51.9 	5     	33.2     	247   	30.6       	12.8       	12501     	-73.2
2730      	17:45:41  	199.5 	-51.9 	5     	33.1     	247   	30.5       	12.8       	12509     	-73.2
2732      	17:45:43  	199.2 	-52.0 	5     	32.9     	247   	30.3       	12.8       	12517     	-73.3
2734      	17:45:45  	199.0 	-52.1 	5     	32.8     	247   	30.2       	12.8       	12525     	-73.3
2736      	17:45:47  	198.7 	-52.1 	5     	32.7     	247   	30.1       	12.7       	12534     	-73.4
2738      	17:45:49  	198.5 	-52.2 	5     	32.7     	247   	30.1       	12.7       	12542     	-73.4
2740      	17:45:51  	198.2 	-52.3 	5     	32.6     	247   	30.0       	12.7       	12550     	-73.5
2742      	17:45:53  	198.0 	-52.4 	5     	32.4     	247   	29.9       	12.6       	12558     	-73.6
2744      	17:45:55  	197.7 	-52.4 	5     	32.4     	247   	29.9       	12.6       	12567     	-73.6
2746      	17:45:57  	197.5 	-52.5 	5     	32.3     	247   	29.8       	12.5       	12575     	-73.6
2748      	17:45:59  	197.2 	-52.6 	5     	32.2     	247   	29.7       	12.5       	12583     	-73.6
2750      	17:46:01  	197.0 	-52.6 	5     	32.2     	247   	29.7       	12.4       	12591     	-73.5
2752      	17:46:03  	196.7 	-52.7 	5     	32.1     	247   	29.6       	12.4       	12600     	-73.5
2754      	17:46:05  	196.5 	-52.8 	5     	32.1     	247   	29.6       	12.4       	12608     	-73.5
2756      	17:46:07  	196.2 	-52.8 	6     	32.0     	247   	29.5       	12.4       	12617     	-73.6
2758      	17:46:09  	195.9 	-52.9 	5     	31.9     	247   	29.4       	12.4       	12625     	-73.6
2760      	17:46:11  	195.7 	-53.0 	5     	31.9     	247   	29.4       	12.4       	12634     	-73.7
2762      	17:46:13  	195.4 	-53.0 	5     	31.8     	247   	29.3       	12.4       	12642     	-73.8
2764      	17:46:15  	195.2 	-53.1 	5     	31.9     	247   	29.3       	12.5       	12650     	-73.8
2766      	17:46:17  	194.9 	-53.2 	5     	31.9     	247   	29.3       	12.5       	12659     	-73.9
2768      	17:46:19  	194.7 	-53.2 	5     	31.8     	247   	29.2       	12.6       	12668     	-73.9
2770      	17:46:21  	194.4 	-53.3 	6     	31.8     	246   	29.2       	12.7       	12676     	-73.9
2772      	17:46:23  	194.1 	-53.4 	6     	31.8     	246   	29.1       	12.7       	12685     	-73.9
2774      	17:46:25  	193.9 	-53.4 	6     	31.8     	246   	29.1       	12.8       	12693     	-73.9
2776      	17:46:27  	193.6 	-53.5 	6     	31.8     	246   	29.1       	12.8       	12701     	-74.0
2778      	17:46:29  	193.4 	-53.6 	6     	31.8     	246   	29.1       	12.9       	12710     	-74.1
2780      	17:46:31  	193.1 	-53.6 	6     	31.8     	246   	29.1       	12.9       	12718     	-74.1
2782      	17:46:33  	192.9 	-53.7 	6     	31.8     	246   	29.0       	13.0       	12727     	-74.2
2784      	17:46:35  	192.6 	-53.8 	6     	31.7     	246   	28.9       	13.0       	12735     	-74.3
2786      	17:46:37  	192.4 	-53.9 	6     	31.6     	246   	28.8       	13.0       	12744     	-74.4
2788      	17:46:39  	192.1 	-53.9 	6     	31.5     	246   	28.7       	13.0       	12753     	-74.4
2790      	17:46:41  	191.8 	-54.0 	6     	31.5     	246   	28.7       	13.0       	12761     	-74.4
2792      	17:46:43  	191.6 	-54.1 	6     	31.4     	246   	28.6       	13.0       	12770     	-74.4
2794      	17:46:45  	191.3 	-54.2 	6     	31.2     	246   	28.4       	12.9       	12779     	-74.4
2796      	17:46:47  	191.0 	-54.3 	6     	31.1     	246   	28.3       	12.8       	12788     	-74.4
2798      	17:46:49  	190.8 	-54.3 	6     	30.8     	246   	28.1       	12.7       	12797     	-74.3
2800      	17:46:51  	190.5 	-54.4 	6     	30.7     	246   	27.9       	12.7       	12805     	-74.3
2802      	17:46:53  	190.3 	-54.5 	6     	30.5     	246   	27.8       	12.6       	12813     	-74.4
2804      	17:46:55  	190.0 	-54.6 	6     	30.5     	246   	27.8       	12.5       	12822     	-74.5
2806      	17:46:57  	189.8 	-54.6 	6     	30.3     	246   	27.6       	12.5       	12831     	-74.5
2808      	17:46:59  	189.5 	-54.7 	6     	30.2     	246   	27.5       	12.5       	12839     	-74.5
2810      	17:47:01  	189.3 	-54.8 	6     	30.0     	246   	27.3       	12.4       	12848     	-74.4
2812      	17:47:03  	189.0 	-54.9 	6     	29.9     	245   	27.2       	12.4       	12857     	-74.5
2814      	17:47:05  	188.7 	-54.9 	6     	29.8     	245   	27.1       	12.5       	12866     	-74.5
2816      	17:47:07  	188.5 	-55.0 	6     	29.8     	245   	27.1       	12.5       	12875     	-74.5
2818      	17:47:09  	188.2 	-55.1 	6     	29.8     	245   	27.0       	12.5       	12884     	-74.5
2820      	17:47:11  	187.9 	-55.1 	6     	29.7     	245   	26.9       	12.6       	12893     	-74.5
2822      	17:47:13  	187.7 	-55.2 	6     	29.7     	245   	26.8       	12.7       	12902     	-74.5
2824      	17:47:15  	187.4 	-55.3 	7     	29.6     	244   	26.7       	12.8       	12911     	-74.5
2826      	17:47:17  	187.2 	-55.3 	7     	29.6     	244   	26.6       	12.9       	12919     	-74.5
2828      	17:47:19  	186.9 	-55.4 	7     	29.5     	244   	26.5       	13.0       	12928     	-74.4
2830      	17:47:21  	186.7 	-55.5 	7     	29.5     	244   	26.5       	13.0       	12936     	-74.4
2832      	17:47:23  	186.4 	-55.5 	7     	29.5     	244   	26.4       	13.1       	12944     	-74.4
2834      	17:47:25  	186.2 	-55.6 	7     	29.3     	243   	26.2       	13.2       	12953     	-74.4
2836      	17:47:27  	185.9 	-55.6 	7     	29.2     	243   	26.0       	13.4       	12961     	-74.5
2838      	17:47:29  	185.7 	-55.7 	7     	29.1     	242   	25.8       	13.5       	12970     	-74.6
2840      	17:47:31  	185.4 	-55.8 	7     	29.1     	242   	25.7       	13.6       	12978     	-74.7
2842      	17:47:33  	185.2 	-55.8 	7     	28.9     	242   	25.5       	13.6       	12987     	-74.8
2844      	17:47:35  	184.9 	-55.9 	7     	28.9     	242   	25.4       	13.7       	12995     	-74.9
2846      	17:47:37  	184.7 	-56.0 	7     	28.7     	241   	25.2       	13.8       	13003     	-75.0
2848      	17:47:39  	184.4 	-56.0 	7     	28.5     	241   	24.9       	13.9       	13012     	-75.0
2850      	17:47:41  	184.2 	-56.1 	7     	28.3     	241   	24.6       	13.9       	13021     	-75.1
2852      	17:47:43  	183.9 	-56.1 	7     	28.1     	240   	24.4       	14.0       	13030     	-75.2
2854      	17:47:45  	183.7 	-56.2 	7     	28.0     	240   	24.3       	14.0       	13039     	-75.2
2856      	17:47:47  	183.4 	-56.3 	7     	28.0     	240   	24.2       	14.0       	13047     	-75.1
2858      	17:47:49  	183.2 	-56.3 	7     	27.7     	240   	24.0       	13.9       	13056     	-75.1
2860      	17:47:51  	182.9 	-56.4 	7     	27.6     	240   	23.9       	13.9       	13064     	-75.0
2862      	17:47:53  	182.7 	-56.5 	7     	27.4     	240   	23.7       	13.8       	13073     	-74.9
2864      	17:47:55  	182.4 	-56.5 	7     	27.3     	240   	23.5       	13.8       	13082     	-74.9
2866      	17:47:57  	182.2 	-56.6 	7     	27.2     	240   	23.5       	13.7       	13091     	-74.9
2868      	17:47:59  	181.9 	-56.6 	7     	27.1     	240   	23.4       	13.7       	13099     	-74.9
2870      	17:48:01  	181.7 	-56.7 	7     	27.1     	240   	23.4       	13.6       	13108     	-75.0
2872      	17:48:03  	181.4 	-56.8 	7     	27.0     	240   	23.4       	13.5       	13117     	-75.0
2874      	17:48:05  	181.2 	-56.8 	7     	26.9     	240   	23.4       	13.3       	13125     	-75.1
2876      	17:48:07  	180.9 	-56.9 	7     	26.9     	241   	23.4       	13.2       	13134     	-75.3
2878      	17:48:09  	180.7 	-57.0 	7     	26.8     	241   	23.4       	13.1       	13142     	-75.4
2880      	17:48:11  	180.5 	-57.0 	7     	26.8     	241   	23.4       	13.0       	13151     	-75.5
2882      	17:48:13  	180.2 	-57.1 	7     	26.8     	241   	23.5       	12.9       	13159     	-75.6
2884      	17:48:15  	180.0 	-57.1 	7     	26.8     	242   	23.6       	12.7       	13167     	-75.7
2886      	17:48:17  	179.7 	-57.2 	7     	26.8     	242   	23.7       	12.5       	13176     	-75.7
2888      	17:48:19  	179.5 	-57.3 	7     	26.8     	243   	23.8       	12.3       	13184     	-75.8
2890      	17:48:21  	179.3 	-57.3 	7     	26.8     	243   	23.9       	12.1       	13193     	-75.9
2892      	17:48:23  	179.0 	-57.4 	7     	26.8     	243   	24.0       	12.0       	13201     	-76.0
2894      	17:48:25  	178.8 	-57.4 	7     	26.8     	244   	24.0       	11.9       	13210     	-76.1
2896      	17:48:27  	178.5 	-57.5 	7     	26.8     	244   	24.1       	11.8       	13218     	-76.2
2898      	17:48:29  	178.3 	-57.6 	7     	26.9     	244   	24.2       	11.7       	13226     	-76.2
2900      	17:48:31  	178.1 	-57.6 	7     	26.8     	244   	24.2       	11.6       	13234     	-76.2
2902      	17:48:33  	177.8 	-57.7 	7     	26.8     	245   	24.3       	11.4       	13242     	-76.3
2904      	17:48:35  	177.6 	-57.7 	7     	26.8     	245   	24.3       	11.4       	13251     	-76.4
2906      	17:48:37  	177.4 	-57.8 	7     	26.8     	245   	24.3       	11.4       	13259     	-76.4
2908      	17:48:39  	177.1 	-57.8 	7     	26.8     	245   	24.3       	11.4       	13268     	-76.5
2910      	17:48:41  	176.9 	-57.9 	7     	26.8     	245   	24.3       	11.3       	13277     	-76.5
2912      	17:48:43  	176.7 	-58.0 	7     	26.7     	245   	24.2       	11.2       	13285     	-76.6
2914      	17:48:45  	176.4 	-58.0 	7     	26.6     	245   	24.2       	11.1       	13293     	-76.7
2916      	17:48:47  	176.2 	-58.1 	7     	26.5     	245   	24.1       	11.0       	13302     	-76.8
2918      	17:48:49  	175.9 	-58.1 	7     	26.5     	246   	24.1       	10.9       	13310     	-76.9
2920      	17:48:51  	175.7 	-58.2 	7     	26.4     	246   	24.1       	10.8       	13319     	-76.9
2922      	17:48:53  	175.5 	-58.3 	7     	26.3     	246   	24.0       	10.7       	13328     	-77.0
2924      	17:48:55  	175.2 	-58.3 	6     	26.1     	246   	23.8       	10.6       	13336     	-77.0
2926      	17:48:57  	175.0 	-58.4 	6     	25.9     	246   	23.7       	10.5       	13345     	-77.1
2928      	17:48:59  	174.8 	-58.4 	6     	25.7     	246   	23.5       	10.4       	13353     	-77.1
2930      	17:49:01  	174.5 	-58.5 	7     	25.6     	246   	23.4       	10.4       	13361     	-77.1
2932      	17:49:03  	174.3 	-58.5 	7     	25.5     	246   	23.3       	10.3       	13370     	-77.2
2934      	17:49:05  	174.1 	-58.5 	6     	25.4     	246   	23.2       	10.3       	13378     	-77.2
2936      	17:49:07  	173.8 	-58.6 	6     	25.2     	246   	23.1       	10.1       	13386     	-77.3
2938      	17:49:09  	173.6 	-58.6 	6     	25.0     	247   	23.0       	9.9        	13394     	-77.3
2940      	17:49:11  	173.4 	-58.6 	6     	24.9     	247   	22.9       	9.7        	13402     	-77.3
2942      	17:49:13  	173.2 	-58.6 	6     	24.8     	247   	22.9       	9.5        	13410     	-77.3
2944      	17:49:15  	173.0 	-58.7 	6     	24.8     	248   	22.9       	9.4        	13418     	-77.4
2946      	17:49:17  	172.7 	-58.7 	6     	24.7     	248   	22.9       	9.2        	13426     	-77.4
2948      	17:49:19  	172.5 	-58.7 	6     	24.7     	249   	23.0       	9.0        	13434     	-77.4
2950      	17:49:21  	172.3 	-58.7 	6     	24.7     	250   	23.2       	8.6        	13442     	-77.4
2952      	17:49:23  	172.1 	-58.7 	7     	24.7     	250   	23.3       	8.3        	13450     	-77.3
2954      	17:49:25  	171.8 	-58.8 	7     	24.8     	251   	23.5       	7.9        	13459     	-77.2
2956      	17:49:27  	171.6 	-58.8 	7     	24.8     	252   	23.6       	7.7        	13467     	-77.0
2958      	17:49:29  	171.4 	-58.8 	7     	24.9     	252   	23.7       	7.5        	13475     	-76.7
2960      	17:49:31  	171.2 	-58.8 	8     	25.0     	253   	23.9       	7.3        	13483     	-76.4
2962      	17:49:33  	170.9 	-58.9 	8     	24.9     	254   	23.9       	7.0        	13491     	-76.1
2964      	17:49:35  	170.7 	-58.9 	9     	24.9     	255   	24.0       	6.6        	13500     	-75.8
2966      	17:49:37  	170.5 	-58.9 	9     	24.9     	255   	24.1       	6.3        	13508     	-75.5
2968      	17:49:39  	170.3 	-58.9 	9     	24.9     	256   	24.2       	6.0        	13516     	-75.3
2970      	17:49:41  	170.1 	-59.0 	10    	24.8     	256   	24.1       	5.9        	13524     	-75.1
2972      	17:49:43  	169.8 	-59.0 	10    	24.8     	257   	24.1       	5.7        	13532     	-74.9
2974      	17:49:45  	169.6 	-59.0 	10    	24.7     	257   	24.1       	5.5        	13541     	-74.7
2976      	17:49:47  	169.4 	-59.1 	11    	24.7     	258   	24.1       	5.3        	13549     	-74.6
2978      	17:49:49  	169.2 	-59.1 	11    	24.7     	258   	24.1       	5.2        	13557     	-74.5
2980      	17:49:51  	169.0 	-59.1 	11    	24.6     	258   	24.1       	5.0        	13565     	-74.4
2982      	17:49:53  	168.7 	-59.2 	11    	24.6     	259   	24.1       	4.9        	13573     	-74.3
2984      	17:49:55  	168.5 	-59.2 	12    	24.6     	259   	24.1       	4.9        	13581     	-74.2
2986      	17:49:57  	168.3 	-59.3 	12    	24.7     	259   	24.2       	4.8        	13589     	-74.1
2988      	17:49:59  	168.1 	-59.3 	12    	24.7     	259   	24.2       	4.8        	13597     	-74.1
2990      	17:50:01  	167.9 	-59.4 	12    	24.6     	259   	24.1       	4.7        	13605     	-74.1
2992      	17:50:03  	167.7 	-59.4 	12    	24.6     	259   	24.1       	4.7        	13613     	-74.1
2994      	17:50:05  	167.4 	-59.4 	12    	24.5     	259   	24.1       	4.6        	13622     	-74.1
2996      	17:50:07  	167.2 	-59.5 	12    	24.5     	259   	24.1       	4.6        	13630     	-74.1
2998      	17:50:09  	167.0 	-59.5 	12    	24.4     	259   	24.0       	4.6        	13638     	-74.1
3000      	17:50:11  	166.8 	-59.6 	12    	24.3     	259   	23.9       	4.5        	13646     	-74.1
3002      	17:50:13  	166.5 	-59.6 	12    	24.2     	260   	23.8       	4.3        	13655     	-74.1
3004      	17:50:15  	166.3 	-59.6 	12    	24.1     	260   	23.7       	4.1        	13663     	-74.0
3006      	17:50:17  	166.1 	-59.7 	13    	23.8     	260   	23.5       	4.0        	13672     	-74.0
3008      	17:50:19  	165.9 	-59.7 	13    	23.8     	261   	23.5       	3.8        	13681     	-74.0
3010      	17:50:21  	165.6 	-59.8 	13    	23.7     	261   	23.4       	3.7        	13689     	-73.9
3012      	17:50:23  	165.4 	-59.8 	13    	23.6     	261   	23.3       	3.5        	13697     	-73.9
3014      	17:50:25  	165.2 	-59.9 	13    	23.4     	262   	23.2       	3.4        	13705     	-73.9
3016      	17:50:27  	165.0 	-60.0 	13    	23.3     	262   	23.1       	3.2        	13713     	-73.9
3018      	17:50:29  	164.8 	-60.0 	13    	23.1     	263   	22.9       	3.0        	13721     	-73.9
3020      	17:50:31  	164.6 	-60.1 	13    	23.0     	263   	22.8       	2.9        	13729     	-74.0
3022      	17:50:33  	164.4 	-60.1 	13    	23.0     	263   	22.8       	2.9        	13736     	-74.0
3024      	17:50:35  	164.2 	-60.2 	13    	23.0     	263   	22.8       	2.9        	13744     	-74.1
3026      	17:50:37  	164.0 	-60.2 	13    	22.9     	263   	22.7       	2.9        	13752     	-74.2
3028      	17:50:39  	163.8 	-60.3 	13    	22.8     	262   	22.6       	3.0        	13760     	-74.3
3030      	17:50:41  	163.5 	-60.4 	13    	22.7     	262   	22.5       	3.0        	13768     	-74.4
3032      	17:50:43  	163.3 	-60.5 	13    	22.6     	262   	22.4       	3.0        	13776     	-74.5
3034      	17:50:45  	163.1 	-60.5 	13    	22.5     	262   	22.3       	3.0        	13785     	-74.5
3036      	17:50:47  	162.9 	-60.6 	13    	22.5     	262   	22.3       	3.1        	13793     	-74.5
3038      	17:50:49  	162.7 	-60.7 	13    	22.4     	262   	22.2       	3.1        	13802     	-74.5
3040      	17:50:51  	162.5 	-60.8 	13    	22.4     	262   	22.2       	3.2        	13810     	-74.5
3042      	17:50:53  	162.2 	-60.8 	14    	22.4     	262   	22.2       	3.3        	13818     	-74.5
3044      	17:50:55  	162.0 	-60.9 	14    	22.5     	261   	22.2       	3.4        	13826     	-74.4
3046      	17:50:57  	161.8 	-61.0 	14    	22.5     	261   	22.2       	3.5        	13835     	-74.4
3048      	17:50:59  	161.6 	-61.0 	14    	22.6     	261   	22.3       	3.6        	13844     	-74.4
3050      	17:51:01  	161.4 	-61.1 	14    	22.6     	261   	22.3       	3.7        	13852     	-74.4
3052      	17:51:03  	161.1 	-61.2 	14    	22.8     	260   	22.5       	3.8        	13860     	-74.4
3054      	17:51:05  	160.9 	-61.2 	15    	23.0     	260   	22.7       	3.9        	13868     	-74.4
3056      	17:51:07  	160.7 	-61.3 	15    	23.2     	260   	22.9       	4.0        	13877     	-74.4
3058      	17:51:09  	160.5 	-61.4 	15    	23.4     	260   	23.0       	4.1        	13885     	-74.4
3060      	17:51:11  	160.3 	-61.5 	15    	23.5     	260   	23.1       	4.1        	13894     	-74.3
3062      	17:51:13  	160.1 	-61.5 	15    	23.7     	260   	23.3       	4.2        	13902     	-74.3
3064      	17:51:15  	159.9 	-61.6 	16    	23.8     	260   	23.4       	4.2        	13910     	-74.3
3066      	17:51:17  	159.7 	-61.6 	16    	24.0     	260   	23.6       	4.2        	13917     	-74.3
3068      	17:51:19  	159.5 	-61.7 	16    	24.3     	260   	23.9       	4.2        	13925     	-74.3
3070      	17:51:21  	159.3 	-61.8 	16    	24.5     	260   	24.1       	4.2        	13933     	-74.3
3072      	17:51:23  	159.0 	-61.8 	16    	24.5     	260   	24.2       	4.1        	13941     	-74.3
3074      	17:51:25  	158.8 	-61.9 	16    	24.7     	260   	24.4       	4.1        	13949     	-74.2
3076      	17:51:27  	158.6 	-61.9 	17    	24.8     	260   	24.5       	4.1        	13958     	-74.2
3078      	17:51:29  	158.4 	-62.0 	17    	25.0     	261   	24.7       	4.1        	13966     	-74.2
3080      	17:51:31  	158.2 	-62.0 	17    	25.3     	261   	25.0       	4.1        	13974     	-74.2
3082      	17:51:33  	158.0 	-62.1 	17    	25.7     	261   	25.4       	4.1        	13982     	-74.2
3084      	17:51:35  	157.8 	-62.1 	17    	25.9     	261   	25.6       	4.1        	13990     	-74.2
3086      	17:51:37  	157.6 	-62.2 	17    	26.1     	261   	25.8       	4.2        	13998     	-74.3
3088      	17:51:39  	157.4 	-62.2 	17    	26.3     	261   	26.0       	4.2        	14006     	-74.4
3090      	17:51:41  	157.2 	-62.3 	17    	26.5     	261   	26.1       	4.3        	14014     	-74.4
3092      	17:51:43  	157.0 	-62.3 	17    	26.6     	260   	26.2       	4.6        	14022     	-74.4
3094      	17:51:45  	156.8 	-62.4 	17    	26.7     	260   	26.3       	4.8        	14030     	-74.5
3096      	17:51:47  	156.6 	-62.4 	17    	26.9     	259   	26.4       	5.0        	14038     	-74.5
3098      	17:51:49  	156.4 	-62.5 	17    	26.9     	259   	26.4       	5.2        	14046     	-74.6
3100      	17:51:51  	156.2 	-62.5 	17    	26.8     	259   	26.3       	5.3        	14054     	-74.6
3102      	17:51:53  	156.0 	-62.5 	17    	26.8     	258   	26.2       	5.5        	14062     	-74.6
3104      	17:51:55  	155.7 	-62.6 	17    	26.6     	258   	26.0       	5.7        	14071     	-74.7
3106      	17:51:57  	155.5 	-62.6 	17    	26.5     	257   	25.8       	5.9        	14079     	-74.7
3108      	17:51:59  	155.3 	-62.6 	17    	26.3     	256   	25.6       	6.2        	14087     	-74.8
3110      	17:52:01  	155.1 	-62.6 	16    	26.2     	256   	25.4       	6.4        	14096     	-74.9
3112      	17:52:03  	154.9 	-62.7 	16    	26.1     	256   	25.3       	6.4        	14104     	-75.0
3114      	17:52:05  	154.7 	-62.7 	16    	26.0     	256   	25.2       	6.5        	14113     	-75.1
3116      	17:52:07  	154.5 	-62.7 	16    	26.0     	255   	25.2       	6.6        	14121     	-75.1
3118      	17:52:09  	154.2 	-62.8 	16    	26.4     	255   	25.5       	6.7        	14130     	-75.2
3120      	17:52:11  	154.0 	-62.8 	16    	26.8     	255   	25.9       	6.8        	14139     	-75.2
3122      	17:52:13  	153.8 	-62.8 	16    	27.1     	255   	26.2       	7.0        	14148     	-75.3
3124      	17:52:15  	153.6 	-62.8 	16    	27.5     	255   	26.6       	7.0        	14155     	-75.3
3126      	17:52:17  	153.4 	-62.8 	16    	27.9     	255   	27.0       	7.1        	14163     	-75.3
3128      	17:52:19  	153.2 	-62.8 	16    	28.3     	255   	27.4       	7.1        	14171     	-75.3
3130      	17:52:21  	153.0 	-62.8 	16    	28.6     	256   	27.7       	7.0        	14179     	-75.2
3132      	17:52:23  	152.8 	-62.8 	16    	28.8     	256   	28.0       	6.9        	14187     	-75.2
3134      	17:52:25  	152.6 	-62.7 	16    	29.2     	257   	28.4       	6.7        	14195     	-75.1
3136      	17:52:27  	152.4 	-62.7 	16    	29.3     	257   	28.5       	6.6        	14204     	-75.1
3138      	17:52:29  	152.2 	-62.7 	16    	29.1     	257   	28.4       	6.4        	14212     	-75.1
3140      	17:52:31  	152.0 	-62.7 	16    	29.1     	258   	28.4       	6.2        	14220     	-75.0
3142      	17:52:33  	151.8 	-62.7 	16    	28.8     	258   	28.2       	5.9        	14229     	-74.9
3144      	17:52:35  	151.6 	-62.7 	17    	28.3     	259   	27.8       	5.4        	14237     	-74.8
3146      	17:52:37  	151.4 	-62.6 	17    	27.8     	260   	27.4       	4.8        	14246     	-74.7
3148      	17:52:39  	151.2 	-62.6 	17    	27.4     	261   	27.1       	4.2        	14254     	-74.6
3150      	17:52:41  	151.0 	-62.6 	17    	27.1     	262   	26.8       	3.8        	14263     	-74.5
3152      	17:52:43  	150.7 	-62.6 	18    	26.8     	263   	26.6       	3.5        	14272     	-74.4
3154      	17:52:45  	150.5 	-62.5 	18    	26.5     	263   	26.3       	3.1        	14280     	-74.2
3156      	17:52:47  	150.3 	-62.5 	18    	26.0     	264   	25.9       	2.5        	14289     	-74.1
3158      	17:52:49  	150.1 	-62.5 	18    	25.5     	266   	25.4       	1.8        	14298     	-74.0
3160      	17:52:51  	149.9 	-62.4 	19    	25.0     	267   	25.0       	1.2        	14306     	-73.9
3162      	17:52:53  	149.7 	-62.4 	19    	24.7     	268   	24.7       	0.7        	14315     	-73.8
3164      	17:52:55  	149.5 	-62.4 	19    	24.5     	269   	24.5       	0.5        	14324     	-73.7
3166      	17:52:57  	149.3 	-62.4 	19    	24.3     	270   	24.3       	0.2        	14333     	-73.7
3168      	17:52:59  	149.0 	-62.4 	19    	23.9     	270   	23.9       	0.0        	14342     	-73.7
3170      	17:53:01  	148.8 	-62.4 	19    	23.3     	270   	23.3       	-0.2       	14351     	-73.7
3172      	17:53:03  	148.6 	-62.4 	19    	22.8     	271   	22.8       	-0.4       	14360     	-73.7
3174      	17:53:05  	148.4 	-62.5 	19    	22.2     	272   	22.2       	-0.6       	14369     	-73.8
3176      	17:53:07  	148.2 	-62.5 	19    	21.8     	272   	21.8       	-0.6       	14378     	-73.8
3178      	17:53:09  	148.0 	-62.5 	19    	21.4     	272   	21.4       	-0.6       	14387     	-73.9
3180      	17:53:11  	147.7 	-62.5 	19    	21.0     	272   	21.0       	-0.6       	14396     	-74.0
3182      	17:53:13  	147.5 	-62.6 	18    	20.5     	270   	20.5       	0.0        	14405     	-74.2
3184      	17:53:15  	147.3 	-62.6 	18    	20.0     	269   	20.0       	0.5        	14415     	-74.3
3186      	17:53:17  	147.1 	-62.6 	17    	19.4     	267   	19.4       	1.0        	14425     	-74.5
3188      	17:53:19  	146.8 	-62.6 	17    	19.2     	266   	19.1       	1.5        	14434     	-74.6
3190      	17:53:21  	146.6 	-62.7 	17    	19.1     	264   	19.0       	2.0        	14444     	-74.7
3192      	17:53:23  	146.4 	-62.7 	16    	19.0     	262   	18.8       	2.5        	14454     	-74.9
3194      	17:53:25  	146.1 	-62.7 	16    	18.9     	261   	18.6       	3.1        	14464     	-75.1
3196      	17:53:27  	145.9 	-62.8 	16    	18.8     	258   	18.4       	3.9        	14473     	-75.3
3198      	17:53:29  	145.7 	-62.9 	15    	18.7     	255   	18.1       	4.7        	14483     	-75.5
3200      	17:53:31  	145.5 	-62.9 	15    	18.7     	253   	17.9       	5.4        	14492     	-75.7
3202      	17:53:33  	145.2 	-63.0 	15    	18.7     	252   	17.8       	5.7        	14502     	-75.8
3204      	17:53:35  	145.0 	-63.0 	15    	18.7     	251   	17.7       	6.0        	14511     	-76.0
3206      	17:53:37  	144.8 	-63.1 	14    	18.7     	250   	17.6       	6.3        	14521     	-76.2
3208      	17:53:39  	144.5 	-63.2 	14    	18.7     	248   	17.4       	6.9        	14531     	-76.3
3210      	17:53:41  	144.3 	-63.2 	14    	18.8     	247   	17.3       	7.4        	14540     	-76.3
3212      	17:53:43  	144.1 	-63.3 	14    	18.8     	245   	17.1       	7.9        	14550     	-76.4
3214      	17:53:45  	143.9 	-63.4 	14    	19.0     	244   	17.1       	8.3        	14559     	-76.4
3216      	17:53:47  	143.7 	-63.4 	14    	19.0     	243   	17.0       	8.5        	14568     	-76.5
3218      	17:53:49  	143.5 	-63.5 	14    	19.1     	243   	17.0       	8.8        	14577     	-76.5
3220      	17:53:51  	143.2 	-63.5 	14    	19.2     	241   	16.9       	9.2        	14586     	-76.5
3222      	17:53:53  	143.0 	-63.6 	15    	19.4     	240   	16.8       	9.7        	14596     	-76.5
3224      	17:53:55  	142.8 	-63.7 	15    	19.4     	239   	16.6       	10.1       	14605     	-76.5
3226      	17:53:57  	142.6 	-63.7 	15    	19.6     	238   	16.5       	10.5       	14614     	-76.6
3228      	17:53:59  	142.4 	-63.8 	15    	19.7     	237   	16.5       	10.7       	14623     	-76.6
3230      	17:54:01  	142.2 	-63.8 	14    	19.7     	236   	16.4       	10.9       	14632     	-76.7
3232      	17:54:03  	142.0 	-63.9 	14    	19.9     	235   	16.4       	11.3       	14641     	-76.8
3234      	17:54:05  	141.8 	-63.9 	14    	20.1     	234   	16.3       	11.8       	14650     	-76.9
3236      	17:54:07  	141.6 	-63.9 	14    	20.5     	233   	16.3       	12.4       	14659     	-77.0
3238      	17:54:09  	141.3 	-63.9 	14    	20.8     	231   	16.3       	13.0       	14668     	-77.1
3240      	17:54:11  	141.1 	-63.9 	14    	21.1     	231   	16.3       	13.4       	14677     	-77.2
3242      	17:54:13  	140.9 	-63.9 	13    	21.4     	230   	16.4       	13.8       	14686     	-77.3
3244      	17:54:15  	140.7 	-63.9 	13    	21.7     	229   	16.4       	14.2       	14695     	-77.4
3246      	17:54:17  	140.5 	-63.9 	13    	22.2     	228   	16.6       	14.8       	14703     	-77.4
3248      	17:54:19  	140.3 	-63.9 	13    	22.9     	227   	16.9       	15.5       	14711     	-77.5
3250      	17:54:21  	140.2 	-63.8 	13    	23.6     	227   	17.1       	16.2       	14719     	-77.5
3252      	17:54:23  	140.0 	-63.8 	13    	24.1     	226   	17.4       	16.7       	14728     	-77.4
3254      	17:54:25  	139.8 	-63.7 	13    	24.5     	226   	17.6       	17.0       	14737     	-77.4
3256      	17:54:27  	139.6 	-63.7 	13    	24.8     	226   	17.8       	17.3       	14745     	-77.3
3258      	17:54:29  	139.4 	-63.6 	13    	25.1     	226   	18.0       	17.5       	14754     	-77.1
3260      	17:54:31  	139.2 	-63.6 	13    	25.6     	226   	18.5       	17.7       	14763     	-77.0
3262      	17:54:33  	139.0 	-63.5 	14    	26.0     	227   	18.9       	17.8       	14771     	-76.8
3264      	17:54:35  	138.8 	-63.4 	14    	26.4     	227   	19.3       	18.0       	14780     	-76.6
3266      	17:54:37  	138.6 	-63.4 	14    	26.5     	228   	19.6       	17.8       	14789     	-76.5
3268      	17:54:39  	138.4 	-63.3 	14    	26.6     	228   	19.8       	17.7       	14798     	-76.4
3270      	17:54:41  	138.2 	-63.2 	14    	26.6     	229   	20.0       	17.5       	14807     	-76.3
3272      	17:54:43  	138.0 	-63.2 	14    	26.6     	230   	20.3       	17.2       	14816     	-76.3
3274      	17:54:45  	137.8 	-63.1 	14    	26.6     	231   	20.6       	16.8       	14825     	-76.4
3276      	17:54:47  	137.6 	-63.0 	13    	26.6     	232   	20.9       	16.4       	14834     	-76.5
3278      	17:54:49  	137.4 	-63.0 	13    	26.5     	233   	21.1       	16.1       	14843     	-76.7
3280      	17:54:51  	137.2 	-63.0 	12    	26.4     	233   	21.1       	15.9       	14852     	-76.9
3282      	17:54:53  	137.0 	-62.9 	12    	26.4     	233   	21.2       	15.7       	14861     	-77.1
3284      	17:54:55  	136.8 	-62.9 	12    	26.3     	234   	21.2       	15.5       	14870     	-77.4
3286      	17:54:57  	136.6 	-62.9 	11    	26.3     	234   	21.3       	15.4       	14878     	-77.6
3288      	17:54:59  	136.4 	-62.9 	11    	26.3     	234   	21.4       	15.3       	14887     	-77.7
3290      	17:55:01  	136.2 	-62.9 	11    	26.4     	235   	21.5       	15.3       	14896     	-77.9
3292      	17:55:03  	136.0 	-62.9 	10    	26.4     	234   	21.5       	15.4       	14905     	-78.0
3294      	17:55:05  	135.8 	-62.9 	10    	26.6     	234   	21.6       	15.5       	14913     	-78.2
3296      	17:55:07  	135.6 	-63.0 	10    	26.7     	234   	21.6       	15.7       	14922     	-78.3
3298      	17:55:09  	135.4 	-63.0 	10    	26.8     	234   	21.6       	15.9       	14931     	-78.5
3300      	17:55:11  	135.2 	-63.1 	9     	27.0     	233   	21.7       	16.1       	14940     	-78.7
3302      	17:55:13  	135.0 	-63.1 	9     	27.2     	233   	21.7       	16.4       	14949     	-78.8
3304      	17:55:15  	134.8 	-63.1 	9     	27.3     	233   	21.7       	16.6       	14958     	-79.0
3306      	17:55:17  	134.6 	-63.2 	9     	27.4     	232   	21.7       	16.7       	14967     	-79.1
3308      	17:55:19  	134.4 	-63.3 	9     	27.4     	232   	21.7       	16.8       	14976     	-79.2
3310      	17:55:21  	134.2 	-63.3 	9     	27.5     	232   	21.8       	16.8       	14986     	-79.3
3312      	17:55:23  	134.0 	-63.4 	9     	27.5     	233   	21.8       	16.7       	14995     	-79.4
3314      	17:55:25  	133.8 	-63.4 	9     	27.4     	233   	21.8       	16.6       	15006     	-79.5
3316      	17:55:27  	133.6 	-63.5 	9     	27.3     	233   	21.8       	16.5       	15016     	-79.6
3318      	17:55:29  	133.3 	-63.6 	9     	27.2     	233   	21.8       	16.3       	15027     	-79.7
3320      	17:55:31  	133.1 	-63.6 	8     	27.1     	234   	21.8       	16.1       	15037     	-79.9
3322      	17:55:33  	132.9 	-63.7 	8     	27.0     	234   	21.8       	15.9       	15046     	-80.0
3324      	17:55:35  	132.7 	-63.7 	8     	26.7     	234   	21.7       	15.5       	15056     	-80.2
3326      	17:55:37  	132.5 	-63.8 	8     	26.3     	235   	21.6       	15.0       	15065     	-80.3
3328      	17:55:39  	132.3 	-63.8 	8     	25.8     	236   	21.4       	14.5       	15075     	-80.3
3330      	17:55:41  	132.1 	-63.9 	8     	25.5     	236   	21.3       	14.1       	15084     	-80.4
3332      	17:55:43  	131.9 	-64.0 	8     	25.3     	237   	21.2       	13.8       	15092     	-80.5
3334      	17:55:45  	131.7 	-64.0 	8     	25.0     	237   	21.0       	13.5       	15101     	-80.5
3336      	17:55:47  	131.5 	-64.1 	8     	24.7     	238   	20.9       	13.1       	15110     	-80.5
3338      	17:55:49  	131.3 	-64.1 	8     	24.2     	238   	20.6       	12.7       	15119     	-80.5
3340      	17:55:51  	131.1 	-64.2 	8     	23.8     	239   	20.4       	12.2       	15128     	-80.6
3342      	17:55:53  	130.9 	-64.2 	8     	23.4     	240   	20.2       	11.8       	15137     	-80.6
3344      	17:55:55  	130.8 	-64.3 	8     	23.2     	240   	20.1       	11.6       	15146     	-80.6
3346      	17:55:57  	130.6 	-64.3 	8     	23.0     	240   	20.0       	11.4       	15154     	-80.6
3348      	17:55:59  	130.4 	-64.4 	8     	23.0     	241   	20.0       	11.3       	15163     	-80.6
3350      	17:56:01  	130.2 	-64.4 	8     	22.7     	241   	19.8       	11.1       	15171     	-80.7
3352      	17:56:03  	130.0 	-64.5 	8     	22.5     	241   	19.7       	10.9       	15180     	-80.7
3354      	17:56:05  	129.9 	-64.5 	8     	22.3     	241   	19.6       	10.7       	15188     	-80.7
3356      	17:56:07  	129.7 	-64.6 	8     	22.1     	241   	19.4       	10.6       	15197     	-80.7
3358      	17:56:09  	129.5 	-64.7 	8     	22.1     	241   	19.4       	10.6       	15205     	-80.7
3360      	17:56:11  	129.3 	-64.7 	9     	22.0     	241   	19.3       	10.6       	15213     	-80.8
3362      	17:56:13  	129.2 	-64.8 	9     	21.9     	241   	19.2       	10.5       	15220     	-80.8
3364      	17:56:15  	129.0 	-64.9 	9     	21.8     	241   	19.1       	10.5       	15229     	-80.8
3366      	17:56:17  	128.8 	-64.9 	9     	21.7     	241   	19.0       	10.4       	15237     	-80.9
3368      	17:56:19  	128.7 	-65.0 	9     	21.5     	241   	18.9       	10.3       	15245     	-81.0
3370      	17:56:21  	128.5 	-65.0 	8     	21.4     	241   	18.8       	10.3       	15253     	-81.1
3372      	17:56:23  	128.3 	-65.1 	8     	21.4     	241   	18.8       	10.3       	15261     	-81.2
3374      	17:56:25  	128.1 	-65.2 	8     	21.3     	241   	18.7       	10.2       	15269     	-81.4
3376      	17:56:27  	128.0 	-65.3 	8     	21.1     	241   	18.5       	10.1       	15277     	-81.5
3378      	17:56:29  	127.8 	-65.3 	8     	20.9     	241   	18.3       	10.0       	15285     	-81.6
3380      	17:56:31  	127.6 	-65.4 	8     	20.7     	241   	18.1       	10.0       	15293     	-81.6
3382      	17:56:33  	127.5 	-65.5 	8     	20.5     	241   	18.0       	9.9        	15302     	-81.7
3384      	17:56:35  	127.3 	-65.5 	8     	20.4     	241   	17.8       	9.9        	15310     	-81.8
3386      	17:56:37  	127.1 	-65.6 	8     	20.2     	241   	17.7       	9.8        	15319     	-81.8
3388      	17:56:39  	126.9 	-65.7 	8     	20.0     	241   	17.4       	9.8        	15327     	-81.9
3390      	17:56:41  	126.8 	-65.7 	8     	19.8     	240   	17.2       	9.9        	15335     	-82.0
3392      	17:56:43  	126.6 	-65.8 	8     	19.6     	240   	16.9       	9.9        	15344     	-82.1
3394      	17:56:45  	126.4 	-65.8 	8     	19.4     	239   	16.7       	9.9        	15352     	-82.2
3396      	17:56:47  	126.2 	-65.9 	8     	19.3     	239   	16.5       	10.0       	15360     	-82.3
3398      	17:56:49  	126.1 	-66.0 	8     	19.3     	238   	16.4       	10.1       	15368     	-82.3
3400      	17:56:51  	125.9 	-66.0 	8     	19.2     	238   	16.3       	10.2       	15376     	-82.3
3402      	17:56:53  	125.7 	-66.1 	8     	19.1     	237   	16.1       	10.3       	15384     	-82.3
3404      	17:56:55  	125.6 	-66.1 	8     	19.0     	237   	15.9       	10.4       	15392     	-82.4
3406      	17:56:57  	125.4 	-66.2 	8     	18.9     	236   	15.7       	10.5       	15400     	-82.4
3408      	17:56:59  	125.2 	-66.3 	8     	18.9     	236   	15.7       	10.6       	15409     	-82.4
3410      	17:57:01  	125.1 	-66.3 	8     	18.9     	236   	15.6       	10.6       	15417     	-82.5
3412      	17:57:03  	124.9 	-66.4 	8     	18.9     	236   	15.6       	10.7       	15425     	-82.5
3414      	17:57:05  	124.7 	-66.5 	8     	18.8     	235   	15.5       	10.7       	15433     	-82.6
3416      	17:57:07  	124.6 	-66.5 	8     	18.7     	235   	15.3       	10.8       	15441     	-82.7
3418      	17:57:09  	124.4 	-66.6 	8     	18.6     	235   	15.2       	10.8       	15449     	-82.8
3420      	17:57:11  	124.2 	-66.6 	8     	18.5     	234   	15.0       	10.8       	15458     	-82.9
3422      	17:57:13  	124.0 	-66.7 	8     	18.4     	234   	14.9       	10.8       	15466     	-83.0
3424      	17:57:15  	123.9 	-66.7 	8     	18.3     	234   	14.8       	10.8       	15474     	-83.0
3426      	17:57:17  	123.7 	-66.8 	8     	18.2     	234   	14.7       	10.7       	15482     	-83.1
3428      	17:57:19  	123.6 	-66.8 	8     	17.9     	234   	14.5       	10.5       	15490     	-83.1
3430      	17:57:21  	123.4 	-66.9 	8     	17.5     	234   	14.2       	10.3       	15498     	-83.1
3432      	17:57:23  	123.2 	-66.9 	8     	17.3     	234   	14.0       	10.2       	15506     	-83.0
3434      	17:57:25  	123.1 	-67.0 	8     	17.1     	234   	13.9       	10.0       	15514     	-82.9
3436      	17:57:27  	122.9 	-67.0 	8     	16.8     	234   	13.7       	9.8        	15522     	-82.8
3438      	17:57:29  	122.7 	-67.1 	9     	16.6     	235   	13.6       	9.6        	15530     	-82.7
3440      	17:57:31  	122.6 	-67.1 	9     	16.4     	235   	13.4       	9.4        	15538     	-82.6
3442      	17:57:33  	122.4 	-67.2 	9     	16.0     	235   	13.1       	9.1        	15546     	-82.5
3444      	17:57:35  	122.3 	-67.2 	9     	15.6     	236   	12.9       	8.8        	15553     	-82.5
3446      	17:57:37  	122.1 	-67.3 	9     	15.3     	236   	12.7       	8.6        	15561     	-82.4
3448      	17:57:39  	122.0 	-67.3 	9     	15.1     	236   	12.5       	8.5        	15569     	-82.4
3450      	17:57:41  	121.8 	-67.3 	9     	15.0     	236   	12.4       	8.4        	15576     	-82.4
3452      	17:57:43  	121.6 	-67.4 	9     	14.8     	236   	12.2       	8.3        	15584     	-82.4
3454      	17:57:45  	121.5 	-67.4 	9     	14.5     	236   	12.0       	8.2        	15592     	-82.5
3456      	17:57:47  	121.3 	-67.4 	9     	14.2     	235   	11.7       	8.1        	15600     	-82.6
3458      	17:57:49  	121.2 	-67.4 	9     	14.0     	235   	11.5       	8.0        	15608     	-82.6
3460      	17:57:51  	121.0 	-67.5 	9     	13.8     	235   	11.3       	7.9        	15616     	-82.7
3462      	17:57:53  	120.8 	-67.5 	9     	13.7     	235   	11.2       	7.9        	15624     	-82.7
3464      	17:57:55  	120.7 	-67.5 	9     	13.5     	235   	11.0       	7.8        	15632     	-82.8
3466      	17:57:57  	120.5 	-67.6 	9     	13.4     	233   	10.8       	8.0        	15641     	-82.8
3468      	17:57:59  	120.3 	-67.6 	9     	13.4     	232   	10.5       	8.3        	15649     	-82.8
3470      	17:58:01  	120.2 	-67.6 	9     	13.3     	230   	10.2       	8.5        	15657     	-82.8
3472      	17:58:03  	120.0 	-67.6 	9     	13.3     	229   	10.0       	8.8        	15666     	-82.8
3474      	17:58:05  	119.8 	-67.7 	9     	13.3     	227   	9.8        	9.0        	15674     	-82.9
3476      	17:58:07  	119.7 	-67.7 	9     	13.4     	226   	9.7        	9.3        	15682     	-83.0
3478      	17:58:09  	119.5 	-67.7 	9     	13.6     	225   	9.6        	9.7        	15690     	-83.0
3480      	17:58:11  	119.4 	-67.8 	9     	14.0     	223   	9.6        	10.2       	15698     	-83.0
3482      	17:58:13  	119.2 	-67.8 	9     	14.4     	222   	9.7        	10.6       	15707     	-83.1
3484      	17:58:15  	119.0 	-67.8 	9     	14.7     	221   	9.7        	11.1       	15715     	-83.1
3486      	17:58:17  	118.8 	-67.8 	9     	15.0     	221   	9.9        	11.3       	15724     	-83.1
3488      	17:58:19  	118.7 	-67.9 	9     	15.4     	221   	10.1       	11.6       	15732     	-83.0
3490      	17:58:21  	118.5 	-67.9 	9     	15.7     	221   	10.3       	11.8       	15740     	-83.0
3492      	17:58:23  	118.4 	-67.9 	9     	16.1     	222   	10.8       	12.0       	15749     	-82.9
3494      	17:58:25  	118.2 	-68.0 	9     	16.6     	222   	11.2       	12.3       	15758     	-82.9
3496      	17:58:27  	118.0 	-68.0 	10    	17.2     	223   	11.7       	12.6       	15767     	-82.9
3498      	17:58:29  	117.8 	-68.1 	10    	17.6     	223   	12.1       	12.8       	15776     	-82.9
3500      	17:58:31  	117.7 	-68.1 	10    	17.9     	224   	12.4       	12.9       	15784     	-82.9
3502      	17:58:33  	117.5 	-68.2 	10    	18.2     	224   	12.7       	13.0       	15793     	-83.0
3504      	17:58:35  	117.3 	-68.3 	10    	18.5     	225   	13.1       	13.1       	15802     	-83.0
3506      	17:58:37  	117.1 	-68.3 	10    	19.0     	226   	13.6       	13.2       	15810     	-83.1
3508      	17:58:39  	117.0 	-68.4 	10    	19.5     	227   	14.2       	13.4       	15819     	-83.1
3510      	17:58:41  	116.8 	-68.4 	10    	20.0     	227   	14.7       	13.5       	15828     	-83.1
3512      	17:58:43  	116.6 	-68.4 	10    	20.2     	228   	15.0       	13.6       	15837     	-83.2
3514      	17:58:45  	116.5 	-68.4 	10    	20.5     	228   	15.3       	13.6       	15845     	-83.2
3516      	17:58:47  	116.3 	-68.4 	10    	20.7     	229   	15.6       	13.6       	15853     	-83.2
3518      	17:58:49  	116.2 	-68.4 	10    	21.4     	230   	16.3       	13.8       	15861     	-83.2
3520      	17:58:51  	116.0 	-68.4 	10    	22.0     	231   	17.1       	13.9       	15870     	-83.1
3522      	17:58:53  	115.8 	-68.4 	10    	22.6     	232   	17.8       	14.0       	15878     	-83.0
3524      	17:58:55  	115.7 	-68.3 	10    	23.3     	233   	18.5       	14.1       	15887     	-82.9
3526      	17:58:57  	115.5 	-68.2 	10    	23.7     	233   	19.0       	14.2       	15895     	-82.8
3528      	17:58:59  	115.3 	-68.2 	10    	24.2     	234   	19.5       	14.3       	15904     	-82.6
3530      	17:59:01  	115.2 	-68.0 	10    	24.7     	235   	20.2       	14.3       	15912     	-82.4
3532      	17:59:03  	115.0 	-67.9 	11    	25.5     	236   	21.2       	14.1       	15921     	-82.1
3534      	17:59:05  	114.8 	-67.8 	11    	26.3     	238   	22.3       	13.9       	15929     	-81.9
3536      	17:59:07  	114.7 	-67.6 	11    	27.1     	239   	23.3       	13.8       	15938     	-81.6
3538      	17:59:09  	114.5 	-67.5 	11    	27.4     	241   	23.9       	13.5       	15946     	-81.4
3540      	17:59:11  	114.4 	-67.3 	12    	27.9     	242   	24.5       	13.3       	15955     	-81.2
3542      	17:59:13  	114.2 	-67.2 	12    	28.2     	243   	25.0       	13.0       	15963     	-81.0
3544      	17:59:15  	114.0 	-67.0 	11    	28.1     	244   	25.3       	12.3       	15971     	-80.9
3546      	17:59:17  	113.9 	-66.8 	11    	28.1     	246   	25.6       	11.6       	15980     	-80.9
3548      	17:59:19  	113.7 	-66.6 	11    	28.1     	247   	25.9       	11.0       	15988     	-80.9
3550      	17:59:21  	113.6 	-66.5 	11    	28.0     	248   	26.0       	10.4       	15997     	-80.9
3552      	17:59:23  	113.4 	-66.2 	10    	27.6     	249   	25.7       	10.0       	16006     	-80.9
3554      	17:59:25  	113.2 	-66.0 	10    	27.1     	249   	25.4       	9.5        	16015     	-81.0
3556      	17:59:27  	113.1 	-65.8 	9     	26.3     	250   	24.7       	8.9        	16024     	-81.1
3558      	17:59:29  	112.9 	-65.6 	9     	25.3     	251   	23.9       	8.2        	16032     	-81.2
3560      	17:59:31  	112.7 	-65.4 	9     	24.4     	252   	23.2       	7.5        	16042     	-81.3
3562      	17:59:33  	112.6 	-65.3 	8     	23.4     	253   	22.4       	6.8        	16051     	-81.3
3564      	17:59:35  	112.4 	-65.1 	8     	22.9     	253   	21.9       	6.6        	16061     	-81.4
3566      	17:59:37  	112.2 	-64.9 	8     	22.3     	254   	21.4       	6.3        	16070     	-81.4
3568      	17:59:39  	112.0 	-64.7 	8     	21.4     	254   	20.6       	5.9        	16079     	-81.5
3570      	17:59:41  	111.9 	-64.6 	7     	20.2     	255   	19.5       	5.4        	16088     	-81.5
3572      	17:59:43  	111.7 	-64.5 	7     	19.0     	255   	18.4       	4.9        	16096     	-81.5
3574      	17:59:45  	111.6 	-64.4 	7     	17.9     	256   	17.3       	4.4        	16105     	-81.5
3576      	17:59:47  	111.4 	-64.3 	7     	17.1     	256   	16.6       	4.1        	16114     	-81.6
3578      	17:59:49  	111.3 	-64.2 	7     	16.4     	257   	16.0       	3.8        	16122     	-81.6
3580      	17:59:51  	111.1 	-64.1 	7     	15.8     	257   	15.4       	3.6        	16131     	-81.7
3582      	17:59:53  	110.9 	-64.1 	7     	15.1     	257   	14.7       	3.3        	16140     	-81.7
3584      	17:59:55  	110.8 	-64.0 	6     	14.3     	258   	14.0       	3.0        	16149     	-81.8
3586      	17:59:57  	110.6 	-64.0 	6     	13.6     	258   	13.3       	2.8        	16158     	-81.9
3588      	17:59:59  	110.4 	-63.9 	6     	13.1     	259   	12.8       	2.6        	16167     	-81.9
3590      	18:00:01  	110.3 	-63.9 	6     	12.9     	258   	12.6       	2.6        	16176     	-82.0
3592      	18:00:03  	110.1 	-63.9 	6     	12.8     	258   	12.5       	2.6        	16185     	-82.1
3594      	18:00:05  	110.0 	-63.9 	6     	12.6     	258   	12.3       	2.6        	16194     	-82.2
3596      	18:00:07  	109.8 	-63.9 	6     	12.4     	257   	12.1       	2.7        	16203     	-82.4
3598      	18:00:09  	109.6 	-63.9 	6     	12.3     	257   	12.0       	2.7        	16211     	-82.6
3600      	18:00:11  	109.5 	-63.9 	5     	12.1     	257   	11.8       	2.7        	16220     	-82.9
3602      	18:00:13  	109.3 	-63.9 	5     	12.0     	257   	11.7       	2.8        	16230     	-83.2
3604      	18:00:15  	109.2 	-63.9 	5     	12.1     	256   	11.7       	2.9        	16239     	-83.5
3606      	18:00:17  	109.0 	-63.9 	5     	12.1     	256   	11.7       	2.9        	16248     	-83.9
3608      	18:00:19  	108.8 	-64.0 	4     	12.0     	255   	11.6       	3.0        	16257     	-84.2
3610      	18:00:21  	108.7 	-64.0 	4     	12.0     	255   	11.6       	3.2        	16266     	-84.6
3612      	18:00:23  	108.5 	-64.0 	4     	12.0     	254   	11.5       	3.3        	16274     	-84.9
3614      	18:00:25  	108.4 	-64.1 	4     	12.0     	253   	11.5       	3.5        	16283     	-85.2
3616      	18:00:27  	108.2 	-64.1 	3     	11.9     	253   	11.4       	3.5        	16293     	-85.6
3618      	18:00:29  	108.0 	-64.1 	3     	12.0     	252   	11.4       	3.6        	16302     	-86.1
3620      	18:00:31  	107.9 	-64.1 	3     	11.9     	251   	11.3       	3.8        	16311     	-86.5
3622      	18:00:33  	107.7 	-64.1 	3     	11.7     	250   	11.0       	4.0        	16321     	-87.0
3624      	18:00:35  	107.5 	-64.1 	2     	11.5     	249   	10.7       	4.2        	16330     	-87.5
3626      	18:00:37  	107.4 	-64.1 	2     	11.3     	247   	10.4       	4.5        	16339     	-87.8
3628      	18:00:39  	107.2 	-64.1 	2     	11.1     	246   	10.1       	4.6        	16349     	-88.1
3630      	18:00:41  	107.1 	-64.1 	2     	10.9     	244   	9.8        	4.8        	16358     	-88.2
3632      	18:00:43  	106.9 	-64.2 	2     	10.7     	243   	9.5        	4.9        	16367     	-88.2
3634      	18:00:45  	106.7 	-64.2 	2     	10.0     	239   	8.6        	5.2        	16377     	-88.1
3636      	18:00:47  	106.6 	-64.2 	2     	9.4      	235   	7.7        	5.4        	16386     	-87.9
3638      	18:00:49  	106.4 	-64.2 	2     	8.9      	230   	6.8        	5.7        	16395     	-87.8
3640      	18:00:51  	106.3 	-64.2 	2     	8.4      	225   	6.0        	5.9        	16403     	-87.8
3642      	18:00:53  	106.1 	-64.2 	2     	8.1      	222   	5.4        	6.0        	16412     	-87.7
3644      	18:00:55  	106.0 	-64.2 	2     	7.7      	218   	4.7        	6.1        	16421     	-87.7
3646      	18:00:57  	105.8 	-64.2 	2     	7.5      	213   	4.1        	6.3        	16430     	-87.7
3648      	18:00:59  	105.6 	-64.2 	2     	7.4      	207   	3.3        	6.6        	16439     	-87.6
3650      	18:01:01  	105.5 	-64.3 	2     	7.4      	201   	2.6        	6.9        	16447     	-87.6
3652      	18:01:03  	105.3 	-64.3 	2     	7.4      	195   	1.9        	7.2        	16456     	-87.6
3654      	18:01:05  	105.2 	-64.3 	2     	7.7      	193   	1.7        	7.5        	16465     	-87.7
3656      	18:01:07  	105.1 	-64.3 	2     	7.9      	192   	1.6        	7.7        	16473     	-87.7
3658      	18:01:09  	104.9 	-64.2 	2     	8.0      	191   	1.5        	7.9        	16482     	-87.9
3660      	18:01:11  	104.8 	-64.2 	2     	8.5      	191   	1.6        	8.3        	16491     	-88.0
3662      	18:01:13  	104.6 	-64.2 	2     	8.8      	190   	1.6        	8.7        	16499     	-88.1
3664      	18:01:15  	104.5 	-64.2 	2     	9.2      	190   	1.6        	9.1        	16508     	-88.3
3666      	18:01:17  	104.3 	-64.2 	2     	9.6      	190   	1.7        	9.4        	16517     	-88.5
3668      	18:01:19  	104.2 	-64.2 	2     	9.7      	191   	1.9        	9.5        	16525     	-88.6
3670      	18:01:21  	104.0 	-64.2 	2     	9.9      	192   	2.0        	9.7        	16533     	-88.6
3672      	18:01:23  	103.9 	-64.3 	2     	10.1     	192   	2.1        	9.9        	16542     	-88.6
3674      	18:01:25  	103.7 	-64.3 	2     	10.5     	192   	2.2        	10.3       	16550     	-88.6
3676      	18:01:27  	103.6 	-64.3 	2     	10.8     	192   	2.3        	10.6       	16558     	-88.6
3678      	18:01:29  	103.5 	-64.3 	2     	11.3     	192   	2.4        	11.0       	16567     	-88.5
3680      	18:01:31  	103.3 	-64.3 	2     	11.4     	192   	2.3        	11.2       	16575     	-88.5
3682      	18:01:33  	103.2 	-64.4 	2     	11.6     	191   	2.3        	11.4       	16584     	-88.5
3684      	18:01:35  	103.0 	-64.4 	2     	11.8     	191   	2.2        	11.6       	16592     	-88.4
3686      	18:01:37  	102.9 	-64.4 	2     	11.9     	191   	2.3        	11.7       	16600     	-88.4
3688      	18:01:39  	102.8 	-64.4 	2     	12.1     	191   	2.3        	11.9       	16609     	-88.4
3690      	18:01:41  	102.6 	-64.4 	2     	12.2     	191   	2.4        	12.0       	16617     	-88.4
3692      	18:01:43  	102.5 	-64.5 	2     	12.4     	192   	2.5        	12.1       	16625     	-88.4
3694      	18:01:45  	102.3 	-64.5 	2     	12.4     	192   	2.6        	12.1       	16633     	-88.4
3696      	18:01:47  	102.2 	-64.5 	2     	12.3     	193   	2.7        	12.0       	16641     	-88.4
3698      	18:01:49  	102.1 	-64.5 	2     	12.4     	193   	2.9        	12.1       	16649     	-88.4
3700      	18:01:51  	101.9 	-64.5 	2     	12.5     	194   	3.0        	12.1       	16657     	-88.4
3702      	18:01:53  	101.8 	-64.5 	2     	12.6     	195   	3.2        	12.2       	16666     	-88.4
3704      	18:01:55  	101.7 	-64.5 	2     	12.7     	196   	3.4        	12.2       	16674     	-88.4
3706      	18:01:57  	101.5 	-64.6 	2     	12.8     	196   	3.5        	12.3       	16683     	-88.4
3708      	18:01:59  	101.4 	-64.6 	2     	12.9     	196   	3.6        	12.4       	16691     	-88.5
3710      	18:02:01  	101.2 	-64.6 	2     	13.1     	197   	3.8        	12.5       	16699     	-88.5
3712      	18:02:03  	101.1 	-64.7 	2     	13.4     	198   	4.2        	12.7       	16708     	-88.5
3714      	18:02:05  	101.0 	-64.7 	2     	13.6     	200   	4.6        	12.8       	16716     	-88.6
3716      	18:02:07  	100.8 	-64.7 	2     	13.9     	201   	5.0        	13.0       	16724     	-88.7
3718      	18:02:09  	100.7 	-64.7 	2     	14.3     	202   	5.4        	13.2       	16732     	-88.7
3720      	18:02:11  	100.6 	-64.8 	2     	14.5     	203   	5.7        	13.3       	16740     	-88.8
3722      	18:02:13  	100.4 	-64.8 	2     	14.7     	204   	6.0        	13.4       	16748     	-88.8
3724      	18:02:15  	100.3 	-64.8 	2     	14.9     	206   	6.5        	13.4       	16755     	-88.8
3726      	18:02:17  	100.2 	-64.9 	2     	15.0     	208   	7.0        	13.3       	16763     	-88.8
3728      	18:02:19  	100.1 	-64.9 	2     	15.3     	210   	7.6        	13.3       	16771     	-88.8
3730      	18:02:21  	99.9  	-64.9 	2     	15.4     	211   	7.9        	13.2       	16778     	-88.8
3732      	18:02:23  	99.8  	-64.9 	2     	15.4     	212   	8.1        	13.1       	16786     	-88.8
3734      	18:02:25  	99.7  	-64.9 	2     	15.4     	213   	8.3        	13.0       	16794     	-88.7
3736      	18:02:27  	99.5  	-65.0 	2     	15.4     	214   	8.5        	12.8       	16802     	-88.7
3738      	18:02:29  	99.4  	-65.0 	2     	15.4     	215   	8.8        	12.6       	16810     	-88.7
3740      	18:02:31  	99.3  	-65.0 	2     	15.4     	216   	9.1        	12.4       	16818     	-88.7
3742      	18:02:33  	99.2  	-65.0 	2     	15.5     	217   	9.4        	12.3       	16825     	-88.7
3744      	18:02:35  	99.0  	-65.0 	2     	15.5     	218   	9.5        	12.2       	16833     	-88.7
3746      	18:02:37  	98.9  	-65.1 	2     	15.4     	218   	9.6        	12.1       	16841     	-88.7
3748      	18:02:39  	98.8  	-65.1 	2     	15.5     	219   	9.7        	12.1       	16850     	-88.7
3750      	18:02:41  	98.6  	-65.2 	2     	15.6     	220   	10.0       	12.0       	16858     	-88.7
3752      	18:02:43  	98.5  	-65.2 	2     	15.7     	220   	10.2       	12.0       	16866     	-88.8
3754      	18:02:45  	98.4  	-65.3 	2     	15.8     	221   	10.4       	11.9       	16874     	-88.8
3756      	18:02:47  	98.2  	-65.3 	2     	15.9     	222   	10.6       	11.9       	16882     	-88.9
3758      	18:02:49  	98.1  	-65.4 	2     	16.0     	222   	10.7       	11.9       	16890     	-89.0
3760      	18:02:51  	98.0  	-65.4 	2     	16.1     	222   	10.9       	11.9       	16898     	-89.1
3762      	18:02:53  	97.9  	-65.5 	2     	16.2     	223   	11.0       	11.9       	16906     	-89.2
3764      	18:02:55  	97.7  	-65.5 	2     	16.2     	223   	11.1       	11.8       	16914     	-89.2
3766      	18:02:57  	97.6  	-65.5 	2     	16.3     	224   	11.2       	11.8       	16922     	-89.3
3768      	18:02:59  	97.5  	-65.6 	2     	16.2     	224   	11.2       	11.7       	16930     	-89.4
3770      	18:03:01  	97.3  	-65.6 	2     	16.1     	224   	11.2       	11.6       	16938     	-89.4
3772      	18:03:03  	97.2  	-65.7 	2     	16.1     	224   	11.2       	11.6       	16946     	-89.5
3774      	18:03:05  	97.1  	-65.7 	2     	16.0     	224   	11.1       	11.5       	16954     	-89.5
3776      	18:03:07  	97.0  	-65.7 	2     	15.8     	224   	11.1       	11.3       	16963     	-89.5
3778      	18:03:09  	96.8  	-65.8 	2     	15.6     	225   	11.0       	11.0       	16971     	-89.5
3780      	18:03:11  	96.7  	-65.8 	2     	15.3     	225   	10.9       	10.8       	16979     	-89.5
3782      	18:03:13  	96.6  	-65.8 	2     	15.2     	226   	10.9       	10.6       	16987     	-89.5
3784      	18:03:15  	96.4  	-65.9 	2     	15.1     	226   	10.9       	10.4       	16995     	-89.5
3786      	18:03:17  	96.3  	-65.9 	2     	14.9     	227   	10.9       	10.2       	17003     	-89.5
3788      	18:03:19  	96.2  	-65.9 	2     	14.7     	227   	10.8       	10.0       	17011     	-89.5
3790      	18:03:21  	96.1  	-66.0 	2     	14.4     	228   	10.8       	9.6        	17019     	-89.5
3792      	18:03:23  	95.9  	-66.0 	2     	14.2     	229   	10.7       	9.3        	17027     	-89.5
3794      	18:03:25  	95.8  	-66.0 	2     	13.8     	230   	10.6       	8.9        	17035     	-89.5
3796      	18:03:27  	95.7  	-66.0 	2     	13.8     	230   	10.6       	8.8        	17044     	-89.5
3798      	18:03:29  	95.5  	-66.0 	2     	13.6     	231   	10.5       	8.6        	17053     	-89.5
3800      	18:03:31  	95.4  	-66.0 	2     	13.4     	231   	10.5       	8.4        	17061     	-89.5
3802      	18:03:33  	95.3  	-66.0 	2     	13.2     	231   	10.3       	8.3        	17069     	-89.5
3804      	18:03:35  	95.1  	-66.0 	2     	12.9     	231   	10.0       	8.1        	17078     	-89.5
3806      	18:03:37  	95.0  	-66.0 	2     	12.7     	231   	9.8        	8.0        	17086     	-89.5
3808      	18:03:39  	94.9  	-66.0 	2     	12.3     	231   	9.5        	7.8        	17095     	-89.6
3810      	18:03:41  	94.7  	-65.9 	2     	12.1     	230   	9.3        	7.8        	17103     	-89.6
3812      	18:03:43  	94.6  	-65.9 	2     	12.0     	229   	9.1        	7.8        	17112     	-89.6
3814      	18:03:45  	94.5  	-65.8 	2     	11.9     	228   	8.8        	8.0        	17121     	-89.6
3816      	18:03:47  	94.3  	-65.7 	2     	11.8     	225   	8.4        	8.3        	17130     	-89.6
3818      	18:03:49  	94.2  	-65.7 	2     	11.7     	223   	8.0        	8.6        	17139     	-89.6
3820      	18:03:51  	94.0  	-65.6 	2     	11.8     	221   	7.7        	8.9        	17147     	-89.6
3822      	18:03:53  	93.9  	-65.5 	2     	11.8     	219   	7.4        	9.2        	17156     	-89.6
3824      	18:03:55  	93.8  	-65.5 	2     	11.9     	217   	7.2        	9.5        	17164     	-89.5
3826      	18:03:57  	93.6  	-65.4 	2     	12.0     	216   	7.0        	9.8        	17173     	-89.5
3828      	18:03:59  	93.5  	-65.3 	2     	12.5     	214   	7.0        	10.4       	17181     	-89.5
3830      	18:04:01  	93.4  	-65.2 	2     	13.0     	213   	7.1        	10.9       	17190     	-89.4
3832      	18:04:03  	93.2  	-65.2 	2     	13.5     	212   	7.1        	11.5       	17199     	-89.3
3834      	18:04:05  	93.1  	-65.1 	2     	14.0     	211   	7.2        	12.0       	17208     	-89.3
3836      	18:04:07  	93.0  	-65.0 	2     	14.3     	211   	7.4        	12.2       	17217     	-89.2
3838      	18:04:09  	92.8  	-64.9 	2     	14.6     	211   	7.6        	12.5       	17225     	-89.1
3840      	18:04:11  	92.7  	-64.8 	2     	15.0     	212   	8.0        	12.7       	17234     	-89.0
3842      	18:04:13  	92.6  	-64.7 	2     	15.6     	213   	8.6        	13.0       	17243     	-88.9
3844      	18:04:15  	92.4  	-64.7 	2     	16.0     	215   	9.1        	13.2       	17252     	-88.8
3846      	18:04:17  	92.3  	-64.6 	2     	16.5     	216   	9.7        	13.4       	17261     	-88.8
3848      	18:04:19  	92.2  	-64.6 	2     	16.8     	217   	10.1       	13.4       	17270     	-88.7
3850      	18:04:21  	92.0  	-64.5 	2     	17.0     	218   	10.5       	13.4       	17278     	-88.7
3852      	18:04:23  	91.9  	-64.5 	2     	17.2     	219   	10.8       	13.4       	17287     	-88.6
3854      	18:04:25  	91.8  	-64.4 	2     	17.5     	220   	11.2       	13.4       	17296     	-88.6
3856      	18:04:27  	91.6  	-64.4 	2     	17.7     	221   	11.5       	13.4       	17305     	-88.6
3858      	18:04:29  	91.5  	-64.3 	2     	17.9     	222   	11.9       	13.4       	17314     	-88.5
