Time [sec]	Time (UTC)	P [mB]	T [°F]	Hu [%]	Ws [mi/h]	Wd [°]	Ws U [mi/h]	Ws V [mi/h]	Geopot [m]	Dew [°F]
0         	17:00:11  	868.6 	25.6  	40    	0.0      	000   	-0.0       	-0.0       	1288      	11.0
2         	17:00:13  	867.6 	24.6  	40    	1.4      	287   	1.3        	-0.4       	1298      	10.2
4         	17:00:15  	866.7 	24.6  	41    	1.4      	287   	1.3        	-0.4       	1308      	10.4
6         	17:00:17  	865.7 	24.5  	41    	1.4      	287   	1.3        	-0.4       	1318      	10.5
8         	17:00:19  	864.9 	24.4  	42    	5.9      	330   	3.0        	-5.1       	1328      	10.6
10        	17:00:21  	864.2 	24.4  	42    	6.1      	330   	3.1        	-5.3       	1335      	10.7
12        	17:00:23  	863.4 	24.3  	42    	6.1      	330   	3.1        	-5.3       	1341      	10.8
14        	17:00:25  	862.9 	24.3  	43    	6.2      	330   	3.1        	-5.4       	1346      	10.8
16        	17:00:27  	862.3 	24.2  	43    	6.3      	329   	3.2        	-5.4       	1352      	10.9
18        	17:00:29  	861.8 	24.1  	43    	6.3      	329   	3.2        	-5.4       	1357      	10.9
20        	17:00:31  	861.3 	24.1  	44    	6.3      	329   	3.2        	-5.4       	1363      	11.0
22        	17:00:33  	860.7 	24.1  	44    	6.2      	330   	3.1        	-5.4       	1369      	11.0
24        	17:00:35  	860.2 	24.0  	44    	6.1      	332   	2.9        	-5.4       	1373      	11.0
26        	17:00:37  	859.7 	24.0  	44    	6.1      	333   	2.8        	-5.4       	1378      	11.1
28        	17:00:39  	859.3 	24.0  	44    	5.9      	333   	2.7        	-5.3       	1383      	11.0
30        	17:00:41  	858.8 	23.9  	44    	5.8      	336   	2.4        	-5.3       	1388      	11.0
32        	17:00:43  	858.3 	23.9  	44    	5.8      	336   	2.4        	-5.3       	1393      	11.0
34        	17:00:45  	857.9 	23.8  	44    	5.8      	336   	2.4        	-5.3       	1397      	11.0
36        	17:00:47  	857.4 	23.8  	44    	5.8      	336   	2.4        	-5.3       	1402      	11.0
38        	17:00:49  	856.8 	23.7  	45    	5.8      	337   	2.3        	-5.3       	1408      	10.9
40        	17:00:51  	856.2 	23.6  	45    	5.8      	337   	2.3        	-5.3       	1414      	10.9
42        	17:00:53  	855.6 	23.6  	45    	5.8      	337   	2.3        	-5.3       	1420      	10.9
44        	17:00:55  	855.1 	23.6  	45    	5.8      	337   	2.3        	-5.3       	1426      	10.9
46        	17:00:57  	854.5 	23.5  	45    	5.8      	337   	2.3        	-5.3       	1432      	10.9
48        	17:00:59  	853.9 	23.5  	45    	5.8      	337   	2.3        	-5.3       	1437      	10.9
50        	17:01:01  	853.4 	23.5  	45    	5.8      	339   	2.1        	-5.4       	1443      	11.0
52        	17:01:03  	852.9 	23.4  	46    	5.9      	340   	2.0        	-5.5       	1448      	11.0
54        	17:01:05  	852.4 	23.4  	46    	5.9      	341   	1.9        	-5.6       	1453      	11.0
56        	17:01:07  	851.8 	23.3  	46    	5.9      	343   	1.7        	-5.7       	1459      	11.0
58        	17:01:09  	851.2 	23.3  	46    	6.0      	345   	1.6        	-5.8       	1465      	11.0
60        	17:01:11  	850.7 	23.2  	46    	6.2      	346   	1.5        	-6.0       	1471      	10.9
62        	17:01:13  	850.1 	23.1  	46    	6.2      	348   	1.3        	-6.1       	1477      	10.9
64        	17:01:15  	849.4 	23.1  	46    	6.2      	348   	1.3        	-6.1       	1483      	10.9
66        	17:01:17  	848.8 	23.1  	46    	6.3      	349   	1.2        	-6.2       	1490      	10.9
68        	17:01:19  	848.1 	23.0  	46    	6.4      	350   	1.1        	-6.3       	1496      	10.8
70        	17:01:21  	847.4 	22.9  	46    	6.3      	349   	1.2        	-6.2       	1503      	10.7
72        	17:01:23  	846.7 	22.8  	46    	6.3      	349   	1.2        	-6.2       	1511      	10.6
74        	17:01:25  	846.0 	22.7  	46    	6.2      	349   	1.2        	-6.1       	1519      	10.5
76        	17:01:27  	845.2 	22.6  	46    	6.0      	350   	1.0        	-5.9       	1527      	10.3
78        	17:01:29  	844.4 	22.6  	45    	5.7      	351   	0.9        	-5.6       	1536      	10.2
80        	17:01:31  	843.6 	22.6  	45    	5.4      	353   	0.7        	-5.4       	1544      	10.0
82        	17:01:33  	842.8 	22.7  	45    	5.2      	355   	0.5        	-5.2       	1552      	10.0
84        	17:01:35  	842.0 	22.7  	44    	5.0      	357   	0.3        	-5.0       	1560      	10.0
86        	17:01:37  	841.3 	22.6  	44    	4.8      	359   	0.1        	-4.8       	1568      	9.8
88        	17:01:39  	840.5 	22.4  	44    	4.0      	003   	-0.2       	-4.0       	1576      	9.7
90        	17:01:41  	839.7 	22.3  	44    	3.3      	007   	-0.4       	-3.3       	1584      	9.6
92        	17:01:43  	838.9 	22.2  	45    	2.6      	016   	-0.7       	-2.5       	1592      	9.6
94        	17:01:45  	838.1 	22.2  	45    	2.0      	027   	-0.9       	-1.8       	1600      	9.7
96        	17:01:47  	837.3 	22.1  	45    	1.5      	037   	-0.9       	-1.2       	1608      	9.7
98        	17:01:49  	836.8 	22.1  	45    	1.2      	059   	-1.0       	-0.6       	1615      	9.7
100       	17:01:51  	836.2 	22.0  	45    	0.9      	090   	-0.9       	-0.0       	1621      	9.7
102       	17:01:53  	835.6 	22.0  	46    	0.9      	122   	-0.8       	0.5        	1627      	9.7
104       	17:01:55  	835.0 	22.0  	46    	1.2      	145   	-0.7       	1.0        	1633      	9.7
106       	17:01:57  	834.4 	21.9  	46    	1.5      	157   	-0.6       	1.4        	1639      	9.6
108       	17:01:59  	833.8 	21.8  	45    	1.4      	163   	-0.4       	1.3        	1646      	9.5
110       	17:02:01  	833.2 	21.8  	45    	1.3      	167   	-0.3       	1.3        	1652      	9.5
112       	17:02:03  	832.6 	21.7  	45    	1.2      	171   	-0.2       	1.2        	1658      	9.4
114       	17:02:05  	832.0 	21.7  	45    	1.1      	185   	0.1        	1.1        	1664      	9.4
116       	17:02:07  	831.4 	21.6  	45    	0.9      	198   	0.3        	0.9        	1671      	9.3
118       	17:02:09  	830.7 	21.5  	45    	0.9      	212   	0.5        	0.8        	1677      	9.2
120       	17:02:11  	830.1 	21.5  	45    	0.9      	221   	0.6        	0.7        	1684      	9.1
122       	17:02:13  	829.4 	21.4  	45    	1.0      	225   	0.7        	0.7        	1691      	8.9
124       	17:02:15  	828.7 	21.3  	44    	1.1      	229   	0.8        	0.7        	1698      	8.7
126       	17:02:17  	828.0 	21.2  	44    	0.9      	229   	0.7        	0.6        	1706      	8.5
128       	17:02:19  	827.3 	21.4  	44    	0.8      	225   	0.6        	0.6        	1713      	8.5
130       	17:02:21  	826.6 	21.4  	44    	0.6      	219   	0.4        	0.5        	1720      	8.5
132       	17:02:23  	826.0 	21.4  	43    	0.5      	217   	0.3        	0.4        	1727      	8.4
134       	17:02:25  	825.3 	21.2  	43    	0.4      	194   	0.1        	0.4        	1734      	8.3
136       	17:02:27  	824.7 	21.0  	43    	0.4      	166   	-0.1       	0.4        	1740      	8.0
138       	17:02:29  	824.0 	21.0  	43    	0.4      	135   	-0.3       	0.3        	1747      	7.9
140       	17:02:31  	823.3 	20.9  	43    	0.8      	113   	-0.7       	0.3        	1755      	7.8
142       	17:02:33  	822.7 	20.9  	43    	1.1      	105   	-1.1       	0.3        	1763      	7.8
144       	17:02:35  	822.0 	21.0  	42    	1.5      	101   	-1.5       	0.3        	1769      	7.7
146       	17:02:37  	821.3 	21.0  	42    	1.7      	100   	-1.7       	0.3        	1775      	7.5
148       	17:02:39  	820.7 	20.9  	41    	1.9      	099   	-1.9       	0.3        	1781      	7.3
150       	17:02:41  	820.0 	20.8  	41    	2.0      	099   	-2.0       	0.3        	1790      	7.0
152       	17:02:43  	819.2 	20.7  	41    	2.0      	101   	-2.0       	0.4        	1798      	6.9
154       	17:02:45  	818.4 	20.6  	41    	1.9      	108   	-1.8       	0.6        	1806      	6.9
156       	17:02:47  	817.6 	20.6  	41    	1.8      	117   	-1.6       	0.8        	1815      	6.9
158       	17:02:49  	817.0 	20.5  	41    	1.7      	123   	-1.4       	0.9        	1823      	6.7
160       	17:02:51  	816.4 	20.4  	40    	1.6      	135   	-1.1       	1.1        	1830      	6.2
162       	17:02:53  	815.7 	20.4  	39    	1.4      	150   	-0.7       	1.2        	1835      	5.8
164       	17:02:55  	815.2 	20.6  	38    	1.4      	163   	-0.4       	1.3        	1840      	5.7
166       	17:02:57  	814.7 	20.8  	37    	1.8      	183   	0.1        	1.8        	1845      	5.7
168       	17:02:59  	814.2 	20.8  	36    	2.5      	194   	0.6        	2.4        	1851      	5.3
170       	17:03:01  	813.5 	20.6  	35    	3.1      	201   	1.1        	2.9        	1857      	4.8
172       	17:03:03  	812.9 	20.5  	35    	3.7      	204   	1.5        	3.4        	1865      	4.5
174       	17:03:05  	812.2 	20.4  	35    	4.0      	203   	1.6        	3.7        	1872      	4.5
176       	17:03:07  	811.5 	20.3  	35    	4.5      	204   	1.8        	4.1        	1880      	4.4
178       	17:03:09  	810.8 	20.3  	35    	5.0      	202   	1.9        	4.6        	1888      	4.2
180       	17:03:11  	810.0 	20.3  	34    	5.6      	201   	2.0        	5.2        	1895      	4.0
182       	17:03:13  	809.3 	20.2  	34    	6.3      	200   	2.1        	5.9        	1903      	3.8
184       	17:03:15  	808.6 	20.2  	33    	6.9      	199   	2.2        	6.5        	1910      	3.5
186       	17:03:17  	807.9 	20.2  	32    	7.1      	198   	2.2        	6.8        	1918      	3.2
188       	17:03:19  	807.3 	20.2  	32    	7.4      	197   	2.2        	7.1        	1925      	2.9
190       	17:03:21  	806.6 	20.3  	30    	7.6      	196   	2.1        	7.3        	1932      	2.4
192       	17:03:23  	806.0 	20.3  	29    	8.4      	195   	2.1        	8.1        	1939      	1.6
194       	17:03:25  	805.2 	20.2  	27    	9.2      	193   	2.0        	9.0        	1946      	0.9
196       	17:03:27  	804.5 	20.4  	26    	10.0     	191   	1.9        	9.8        	1954      	0.3
198       	17:03:29  	803.8 	20.7  	25    	10.8     	190   	1.9        	10.6       	1962      	-0.1
200       	17:03:31  	803.3 	20.9  	24    	11.4     	190   	1.9        	11.2       	1968      	-0.4
202       	17:03:33  	802.7 	20.9  	23    	12.0     	189   	1.9        	11.8       	1974      	-1.0
204       	17:03:35  	802.2 	20.7  	22    	12.6     	188   	1.8        	12.5       	1979      	-1.6
206       	17:03:37  	801.8 	20.6  	22    	13.3     	187   	1.7        	13.2       	1983      	-1.9
208       	17:03:39  	801.4 	20.5  	22    	14.0     	187   	1.6        	13.9       	1988      	-1.9
210       	17:03:41  	801.1 	20.6  	22    	14.7     	185   	1.4        	14.6       	1991      	-1.8
212       	17:03:43  	800.7 	20.7  	21    	14.9     	185   	1.3        	14.8       	1995      	-2.1
214       	17:03:45  	800.4 	20.6  	21    	14.9     	185   	1.2        	14.9       	1998      	-2.6
216       	17:03:47  	800.0 	20.6  	20    	15.1     	185   	1.2        	15.1       	2003      	-2.9
218       	17:03:49  	799.6 	20.7  	20    	15.3     	184   	1.1        	15.3       	2007      	-3.1
220       	17:03:51  	799.2 	20.7  	20    	15.5     	184   	1.0        	15.5       	2012      	-3.3
222       	17:03:53  	798.7 	20.7  	19    	15.7     	184   	1.0        	15.7       	2016      	-3.8
224       	17:03:55  	798.3 	20.7  	18    	15.9     	183   	0.9        	15.9       	2021      	-4.3
226       	17:03:57  	798.0 	20.7  	18    	15.9     	184   	1.0        	15.9       	2025      	-4.6
228       	17:03:59  	797.6 	20.8  	17    	16.0     	184   	1.0        	16.0       	2029      	-4.8
230       	17:04:01  	797.2 	20.8  	17    	16.2     	184   	1.0        	16.2       	2033      	-5.2
232       	17:04:03  	796.7 	20.8  	16    	16.3     	184   	1.0        	16.3       	2038      	-5.5
234       	17:04:05  	796.3 	20.8  	16    	16.5     	183   	0.9        	16.5       	2042      	-5.9
236       	17:04:07  	795.9 	20.8  	16    	16.6     	183   	0.9        	16.6       	2047      	-6.1
238       	17:04:09  	795.4 	20.8  	16    	16.7     	183   	0.9        	16.7       	2052      	-6.2
240       	17:04:11  	795.0 	20.7  	15    	16.8     	183   	0.8        	16.8       	2057      	-6.4
242       	17:04:13  	794.5 	20.6  	15    	16.9     	183   	0.8        	16.9       	2062      	-6.5
244       	17:04:15  	793.9 	20.6  	15    	16.9     	183   	0.8        	16.9       	2068      	-6.6
246       	17:04:17  	793.4 	20.5  	15    	17.0     	183   	0.9        	17.0       	2074      	-6.6
248       	17:04:19  	792.8 	20.5  	15    	17.1     	183   	0.9        	17.1       	2080      	-6.7
250       	17:04:21  	792.3 	20.4  	15    	17.1     	183   	1.0        	17.1       	2086      	-6.7
252       	17:04:23  	791.7 	20.4  	15    	17.1     	183   	1.0        	17.1       	2093      	-6.8
254       	17:04:25  	791.2 	20.3  	15    	17.1     	184   	1.1        	17.1       	2099      	-6.8
256       	17:04:27  	790.6 	20.3  	15    	17.1     	184   	1.2        	17.1       	2105      	-6.9
258       	17:04:29  	790.1 	20.2  	15    	17.1     	184   	1.3        	17.1       	2111      	-6.9
260       	17:04:31  	789.5 	20.2  	15    	17.2     	185   	1.5        	17.1       	2116      	-6.9
262       	17:04:33  	789.0 	20.1  	15    	17.2     	185   	1.5        	17.1       	2122      	-6.9
264       	17:04:35  	788.4 	20.0  	16    	17.2     	185   	1.6        	17.1       	2128      	-6.8
266       	17:04:37  	787.9 	20.0  	16    	17.1     	185   	1.6        	17.0       	2134      	-6.8
268       	17:04:39  	787.4 	19.9  	16    	17.2     	186   	1.7        	17.1       	2140      	-6.7
270       	17:04:41  	786.8 	19.8  	16    	17.2     	186   	1.7        	17.1       	2145      	-6.6
272       	17:04:43  	786.4 	19.8  	16    	17.3     	186   	1.7        	17.2       	2151      	-6.6
274       	17:04:45  	785.9 	19.7  	16    	17.4     	186   	1.7        	17.3       	2156      	-6.5
276       	17:04:47  	785.4 	19.7  	17    	17.4     	186   	1.7        	17.3       	2162      	-6.4
278       	17:04:49  	784.9 	19.6  	17    	17.5     	186   	1.7        	17.4       	2167      	-6.3
280       	17:04:51  	784.4 	19.6  	17    	17.6     	186   	1.7        	17.5       	2172      	-6.3
282       	17:04:53  	783.9 	19.5  	17    	17.6     	186   	1.7        	17.5       	2178      	-6.3
284       	17:04:55  	783.3 	19.5  	17    	17.7     	185   	1.6        	17.6       	2184      	-6.3
286       	17:04:57  	782.7 	19.4  	17    	17.8     	185   	1.6        	17.7       	2190      	-6.2
288       	17:04:59  	782.2 	19.3  	17    	17.8     	185   	1.6        	17.7       	2197      	-6.3
290       	17:05:01  	781.6 	19.2  	17    	17.8     	185   	1.5        	17.7       	2203      	-6.3
292       	17:05:03  	780.9 	19.2  	17    	17.9     	185   	1.5        	17.8       	2210      	-6.3
294       	17:05:05  	780.3 	19.1  	17    	17.9     	185   	1.5        	17.8       	2217      	-6.3
296       	17:05:07  	779.7 	19.1  	17    	17.9     	185   	1.5        	17.8       	2224      	-6.3
298       	17:05:09  	779.1 	19.0  	17    	17.9     	185   	1.5        	17.8       	2231      	-6.3
300       	17:05:11  	778.5 	18.9  	17    	17.9     	185   	1.5        	17.8       	2237      	-6.4
302       	17:05:13  	777.9 	18.9  	17    	17.9     	185   	1.5        	17.8       	2244      	-6.4
304       	17:05:15  	777.3 	18.8  	17    	17.9     	185   	1.5        	17.8       	2250      	-6.4
306       	17:05:17  	776.7 	18.7  	18    	17.9     	185   	1.5        	17.8       	2257      	-6.4
308       	17:05:19  	776.0 	18.7  	18    	18.0     	185   	1.5        	17.9       	2264      	-6.4
310       	17:05:21  	775.4 	18.6  	18    	18.0     	185   	1.5        	17.9       	2271      	-6.4
312       	17:05:23  	774.8 	18.5  	18    	18.1     	185   	1.5        	18.0       	2278      	-6.4
314       	17:05:25  	774.2 	18.5  	18    	18.1     	185   	1.5        	18.0       	2285      	-6.4
316       	17:05:27  	773.5 	18.4  	18    	18.2     	185   	1.5        	18.1       	2292      	-6.3
318       	17:05:29  	772.9 	18.3  	18    	18.2     	185   	1.5        	18.1       	2299      	-6.3
320       	17:05:31  	772.2 	18.2  	18    	18.3     	185   	1.6        	18.2       	2306      	-6.3
322       	17:05:33  	771.6 	18.2  	18    	18.3     	185   	1.6        	18.2       	2313      	-6.3
324       	17:05:35  	770.9 	18.1  	18    	18.3     	185   	1.6        	18.2       	2321      	-6.3
326       	17:05:37  	770.3 	18.0  	18    	18.3     	185   	1.7        	18.2       	2328      	-6.3
328       	17:05:39  	769.6 	18.0  	18    	18.3     	185   	1.7        	18.2       	2335      	-6.3
330       	17:05:41  	768.9 	17.9  	19    	18.3     	185   	1.7        	18.2       	2343      	-6.3
332       	17:05:43  	768.2 	17.8  	19    	18.3     	186   	1.8        	18.2       	2350      	-6.2
334       	17:05:45  	767.5 	17.8  	19    	18.3     	186   	1.8        	18.2       	2358      	-6.3
336       	17:05:47  	766.9 	17.7  	19    	18.3     	186   	1.8        	18.2       	2366      	-6.2
338       	17:05:49  	766.2 	17.6  	19    	18.3     	186   	1.9        	18.2       	2374      	-6.2
340       	17:05:51  	765.5 	17.5  	19    	18.4     	186   	1.9        	18.3       	2381      	-6.1
342       	17:05:53  	764.8 	17.4  	19    	18.4     	186   	1.9        	18.3       	2389      	-6.1
344       	17:05:55  	764.1 	17.4  	20    	18.4     	186   	1.9        	18.3       	2397      	-6.0
346       	17:05:57  	763.3 	17.3  	20    	18.4     	186   	1.9        	18.3       	2405      	-5.7
348       	17:05:59  	762.6 	17.2  	21    	18.4     	186   	2.0        	18.3       	2413      	-5.4
350       	17:06:01  	761.9 	17.1  	21    	18.3     	187   	2.1        	18.2       	2421      	-5.1
352       	17:06:03  	761.2 	17.0  	22    	18.3     	187   	2.2        	18.2       	2429      	-4.8
354       	17:06:05  	760.5 	17.0  	23    	18.2     	187   	2.2        	18.1       	2437      	-4.5
356       	17:06:07  	759.8 	16.9  	23    	18.1     	187   	2.3        	18.0       	2445      	-4.1
358       	17:06:09  	759.1 	16.8  	24    	18.1     	188   	2.4        	17.9       	2453      	-3.7
360       	17:06:11  	758.4 	16.7  	25    	17.9     	188   	2.4        	17.7       	2461      	-3.4
362       	17:06:13  	757.7 	16.7  	25    	17.8     	188   	2.5        	17.6       	2468      	-3.1
364       	17:06:15  	757.0 	16.6  	26    	17.6     	188   	2.6        	17.4       	2476      	-3.0
366       	17:06:17  	756.3 	16.6  	26    	17.4     	189   	2.7        	17.2       	2484      	-2.8
368       	17:06:19  	755.6 	16.5  	27    	17.3     	189   	2.7        	17.1       	2491      	-2.7
370       	17:06:21  	755.0 	16.4  	27    	17.2     	189   	2.7        	17.0       	2499      	-2.5
372       	17:06:23  	754.3 	16.3  	28    	17.0     	189   	2.8        	16.8       	2506      	-2.4
374       	17:06:25  	753.7 	16.3  	28    	16.9     	190   	2.9        	16.6       	2514      	-2.2
376       	17:06:27  	753.0 	16.2  	29    	16.7     	190   	3.0        	16.4       	2521      	-2.0
378       	17:06:29  	752.4 	16.1  	29    	16.4     	191   	3.1        	16.1       	2528      	-1.8
380       	17:06:31  	751.7 	16.1  	30    	16.3     	191   	3.2        	16.0       	2535      	-1.5
382       	17:06:33  	751.1 	16.1  	31    	16.2     	192   	3.3        	15.9       	2542      	-1.2
384       	17:06:35  	750.5 	16.0  	31    	16.0     	193   	3.5        	15.6       	2550      	-0.9
386       	17:06:37  	749.8 	16.0  	32    	15.6     	194   	3.8        	15.1       	2557      	-0.6
388       	17:06:39  	749.1 	16.0  	33    	15.0     	195   	4.0        	14.5       	2565      	-0.3
390       	17:06:41  	748.4 	16.0  	33    	14.6     	197   	4.3        	14.0       	2573      	-0.1
392       	17:06:43  	747.7 	16.0  	34    	14.3     	198   	4.5        	13.6       	2581      	0.1
394       	17:06:45  	747.0 	16.1  	34    	14.0     	200   	4.7        	13.2       	2589      	0.3
396       	17:06:47  	746.3 	16.0  	35    	13.7     	201   	4.9        	12.8       	2596      	0.5
398       	17:06:49  	745.7 	16.0  	35    	13.3     	203   	5.1        	12.3       	2604      	0.6
400       	17:06:51  	745.1 	16.0  	35    	13.0     	205   	5.4        	11.8       	2610      	0.7
402       	17:06:53  	744.5 	16.0  	35    	12.5     	207   	5.6        	11.2       	2617      	0.7
404       	17:06:55  	744.0 	15.9  	36    	12.3     	208   	5.8        	10.9       	2624      	0.7
406       	17:06:57  	743.4 	15.8  	36    	12.2     	209   	5.9        	10.7       	2630      	0.7
408       	17:06:59  	742.9 	15.8  	36    	12.1     	210   	6.0        	10.5       	2636      	0.7
410       	17:07:01  	742.3 	15.7  	36    	12.0     	211   	6.1        	10.3       	2642      	0.7
412       	17:07:03  	741.8 	15.6  	36    	11.9     	212   	6.3        	10.1       	2648      	0.7
414       	17:07:05  	741.2 	15.6  	36    	11.8     	213   	6.4        	9.9        	2655      	0.8
416       	17:07:07  	740.6 	15.6  	37    	11.7     	214   	6.5        	9.7        	2661      	0.8
418       	17:07:09  	740.1 	15.6  	37    	11.6     	215   	6.6        	9.6        	2668      	0.9
420       	17:07:11  	739.5 	15.5  	37    	11.6     	215   	6.6        	9.5        	2675      	0.9
422       	17:07:13  	738.9 	15.4  	37    	11.6     	216   	6.8        	9.4        	2681      	1.0
424       	17:07:15  	738.4 	15.4  	38    	11.6     	217   	6.9        	9.3        	2688      	1.0
426       	17:07:17  	737.8 	15.3  	38    	11.6     	217   	7.0        	9.2        	2694      	1.0
428       	17:07:19  	737.2 	15.3  	38    	11.6     	218   	7.2        	9.1        	2700      	1.0
430       	17:07:21  	736.7 	15.2  	38    	11.6     	218   	7.2        	9.1        	2707      	1.0
432       	17:07:23  	736.1 	15.2  	38    	11.7     	219   	7.3        	9.1        	2713      	1.0
434       	17:07:25  	735.6 	15.1  	38    	11.7     	219   	7.4        	9.0        	2720      	1.0
436       	17:07:27  	735.0 	15.0  	38    	11.8     	220   	7.6        	9.0        	2727      	1.0
438       	17:07:29  	734.4 	15.0  	38    	11.8     	221   	7.7        	9.0        	2733      	1.0
440       	17:07:31  	733.8 	14.9  	39    	11.9     	222   	7.9        	8.9        	2740      	1.0
442       	17:07:33  	733.2 	14.9  	39    	11.9     	222   	7.9        	8.9        	2747      	1.0
444       	17:07:35  	732.6 	14.8  	39    	12.0     	222   	8.0        	8.9        	2754      	1.0
446       	17:07:37  	732.0 	14.7  	39    	12.1     	222   	8.1        	9.0        	2761      	0.9
448       	17:07:39  	731.4 	14.6  	39    	12.2     	222   	8.2        	9.0        	2768      	0.9
450       	17:07:41  	730.8 	14.6  	39    	12.2     	223   	8.3        	9.0        	2774      	0.9
452       	17:07:43  	730.2 	14.5  	40    	12.4     	223   	8.5        	9.0        	2781      	0.9
454       	17:07:45  	729.6 	14.5  	40    	12.4     	224   	8.6        	8.9        	2788      	1.0
456       	17:07:47  	729.0 	14.4  	40    	12.4     	224   	8.7        	8.9        	2795      	1.0
458       	17:07:49  	728.4 	14.4  	40    	12.5     	225   	8.8        	8.9        	2802      	1.0
460       	17:07:51  	727.8 	14.3  	40    	12.6     	225   	8.9        	8.9        	2809      	1.1
462       	17:07:53  	727.2 	14.3  	41    	12.7     	225   	9.0        	9.0        	2816      	1.1
464       	17:07:55  	726.7 	14.2  	41    	12.8     	225   	9.1        	9.0        	2823      	1.1
466       	17:07:57  	726.2 	14.2  	41    	12.8     	225   	9.1        	9.0        	2829      	1.1
468       	17:07:59  	725.6 	14.1  	41    	12.9     	225   	9.1        	9.1        	2835      	1.1
470       	17:08:01  	725.1 	14.0  	41    	12.9     	225   	9.1        	9.1        	2841      	1.1
472       	17:08:03  	724.6 	14.0  	41    	12.9     	225   	9.1        	9.2        	2847      	1.0
474       	17:08:05  	724.0 	13.9  	41    	12.9     	225   	9.1        	9.2        	2853      	1.0
476       	17:08:07  	723.5 	13.8  	41    	12.9     	225   	9.1        	9.2        	2859      	1.0
478       	17:08:09  	723.0 	13.8  	42    	12.9     	225   	9.1        	9.2        	2866      	1.0
480       	17:08:11  	722.4 	13.7  	42    	12.9     	225   	9.1        	9.2        	2872      	1.0
482       	17:08:13  	721.9 	13.7  	42    	12.9     	225   	9.1        	9.1        	2878      	1.0
484       	17:08:15  	721.4 	13.6  	42    	12.8     	225   	9.0        	9.1        	2884      	0.9
486       	17:08:17  	720.9 	13.5  	42    	12.9     	225   	9.1        	9.1        	2890      	1.0
488       	17:08:19  	720.4 	13.5  	42    	12.9     	225   	9.2        	9.1        	2896      	1.0
490       	17:08:21  	719.8 	13.4  	42    	12.9     	225   	9.2        	9.1        	2902      	1.0
492       	17:08:23  	719.3 	13.4  	43    	13.0     	226   	9.3        	9.1        	2908      	1.0
494       	17:08:25  	718.8 	13.4  	43    	13.2     	226   	9.4        	9.2        	2914      	1.0
496       	17:08:27  	718.4 	13.3  	43    	13.2     	226   	9.5        	9.2        	2920      	1.0
498       	17:08:29  	717.9 	13.3  	43    	13.4     	226   	9.6        	9.3        	2925      	1.0
500       	17:08:31  	717.3 	13.2  	43    	13.5     	226   	9.7        	9.4        	2931      	1.0
502       	17:08:33  	716.8 	13.1  	43    	13.6     	226   	9.8        	9.5        	2938      	1.0
504       	17:08:35  	716.2 	13.1  	44    	13.9     	226   	9.9        	9.7        	2944      	1.0
506       	17:08:37  	715.8 	13.0  	44    	14.0     	226   	10.0       	9.8        	2950      	1.0
508       	17:08:39  	715.3 	13.0  	44    	14.0     	226   	10.0       	9.8        	2956      	1.0
510       	17:08:41  	714.8 	12.9  	44    	14.1     	225   	10.0       	9.9        	2962      	1.0
512       	17:08:43  	714.3 	12.9  	44    	14.2     	225   	10.1       	10.0       	2967      	0.9
514       	17:08:45  	713.8 	12.8  	44    	14.4     	225   	10.2       	10.1       	2973      	1.0
516       	17:08:47  	713.3 	12.8  	44    	14.5     	225   	10.3       	10.2       	2979      	1.0
518       	17:08:49  	712.8 	12.7  	45    	14.6     	226   	10.4       	10.2       	2985      	1.0
520       	17:08:51  	712.3 	12.7  	45    	14.6     	225   	10.4       	10.3       	2990      	1.1
522       	17:08:53  	711.8 	12.7  	45    	14.7     	226   	10.5       	10.3       	2996      	1.1
524       	17:08:55  	711.3 	12.6  	45    	14.8     	226   	10.6       	10.3       	3002      	1.1
526       	17:08:57  	710.9 	12.6  	45    	14.9     	226   	10.7       	10.4       	3008      	1.1
528       	17:08:59  	710.4 	12.5  	46    	15.1     	226   	10.8       	10.5       	3013      	1.1
530       	17:09:01  	709.9 	12.5  	46    	15.3     	226   	11.0       	10.6       	3019      	1.1
532       	17:09:03  	709.5 	12.4  	46    	15.4     	226   	11.1       	10.7       	3024      	1.1
534       	17:09:05  	709.0 	12.4  	46    	15.5     	226   	11.1       	10.8       	3030      	1.1
536       	17:09:07  	708.5 	12.3  	46    	15.7     	226   	11.2       	11.0       	3035      	1.0
538       	17:09:09  	708.1 	12.2  	46    	15.8     	226   	11.3       	11.1       	3040      	1.0
540       	17:09:11  	707.7 	12.2  	46    	16.1     	225   	11.4       	11.3       	3045      	1.0
542       	17:09:13  	707.2 	12.2  	46    	16.3     	225   	11.6       	11.4       	3051      	1.0
544       	17:09:15  	706.8 	12.1  	47    	16.5     	225   	11.7       	11.6       	3056      	1.1
546       	17:09:17  	706.4 	12.1  	47    	16.6     	225   	11.8       	11.7       	3061      	1.1
548       	17:09:19  	705.9 	12.0  	47    	16.7     	225   	11.9       	11.7       	3066      	1.1
550       	17:09:21  	705.5 	12.0  	47    	16.8     	225   	11.9       	11.8       	3071      	1.1
552       	17:09:23  	705.1 	11.9  	47    	16.8     	225   	12.0       	11.8       	3076      	1.1
554       	17:09:25  	704.7 	11.9  	48    	16.9     	226   	12.1       	11.8       	3081      	1.2
556       	17:09:27  	704.3 	11.9  	48    	17.0     	226   	12.2       	11.8       	3085      	1.2
558       	17:09:29  	703.9 	11.8  	48    	17.0     	226   	12.2       	11.8       	3090      	1.1
560       	17:09:31  	703.5 	11.8  	48    	17.0     	226   	12.2       	11.8       	3095      	1.1
562       	17:09:33  	703.1 	11.7  	48    	17.0     	226   	12.2       	11.8       	3100      	1.1
564       	17:09:35  	702.7 	11.7  	48    	16.8     	226   	12.1       	11.7       	3104      	1.1
566       	17:09:37  	702.3 	11.6  	48    	16.8     	226   	12.1       	11.7       	3109      	1.0
568       	17:09:39  	701.9 	11.6  	48    	16.8     	226   	12.0       	11.7       	3114      	1.0
570       	17:09:41  	701.5 	11.5  	48    	16.8     	226   	12.0       	11.7       	3119      	1.0
572       	17:09:43  	701.1 	11.5  	48    	16.7     	225   	11.9       	11.7       	3123      	1.0
574       	17:09:45  	700.7 	11.5  	49    	16.7     	225   	11.9       	11.7       	3128      	1.0
576       	17:09:47  	700.3 	11.4  	49    	16.8     	225   	11.9       	11.8       	3133      	1.0
578       	17:09:49  	699.9 	11.4  	49    	16.8     	225   	11.9       	11.8       	3137      	1.0
580       	17:09:51  	699.6 	11.4  	49    	16.9     	225   	12.0       	11.9       	3142      	1.0
582       	17:09:53  	699.2 	11.4  	49    	17.0     	225   	12.0       	12.0       	3146      	1.0
584       	17:09:55  	698.8 	11.3  	49    	17.0     	225   	12.1       	12.0       	3151      	1.0
586       	17:09:57  	698.4 	11.3  	49    	17.2     	225   	12.2       	12.1       	3155      	0.9
588       	17:09:59  	698.0 	11.3  	49    	17.3     	225   	12.3       	12.1       	3160      	0.9
590       	17:10:01  	697.7 	11.3  	49    	17.4     	226   	12.5       	12.1       	3165      	0.9
592       	17:10:03  	697.3 	11.3  	49    	17.6     	226   	12.7       	12.2       	3169      	0.9
594       	17:10:05  	696.9 	11.3  	49    	17.8     	227   	12.9       	12.2       	3174      	0.9
596       	17:10:07  	696.5 	11.3  	49    	18.0     	227   	13.1       	12.3       	3178      	0.8
598       	17:10:09  	696.1 	11.3  	48    	18.0     	227   	13.2       	12.3       	3183      	0.8
600       	17:10:11  	695.8 	11.3  	48    	18.2     	227   	13.4       	12.3       	3187      	0.7
602       	17:10:13  	695.4 	11.3  	48    	18.2     	228   	13.5       	12.2       	3191      	0.7
604       	17:10:15  	695.1 	11.3  	48    	18.3     	228   	13.7       	12.2       	3196      	0.6
606       	17:10:17  	694.7 	11.3  	48    	18.4     	229   	13.8       	12.2       	3200      	0.6
608       	17:10:19  	694.4 	11.3  	47    	18.6     	229   	14.0       	12.2       	3204      	0.5
610       	17:10:21  	694.0 	11.2  	47    	18.6     	229   	14.0       	12.2       	3209      	0.5
612       	17:10:23  	693.6 	11.2  	47    	18.6     	229   	14.0       	12.2       	3213      	0.4
614       	17:10:25  	693.3 	11.2  	47    	18.6     	229   	14.0       	12.2       	3217      	0.4
616       	17:10:27  	692.9 	11.1  	47    	18.5     	229   	14.0       	12.1       	3221      	0.3
618       	17:10:29  	692.6 	11.1  	47    	18.5     	229   	14.0       	12.1       	3225      	0.3
620       	17:10:31  	692.2 	11.1  	47    	18.4     	229   	13.9       	12.1       	3230      	0.2
622       	17:10:33  	691.9 	11.0  	47    	18.4     	229   	13.9       	12.1       	3234      	0.1
624       	17:10:35  	691.5 	11.0  	47    	18.4     	229   	13.9       	12.1       	3238      	0.0
626       	17:10:37  	691.2 	11.0  	46    	18.4     	229   	13.9       	12.1       	3243      	-0.1
628       	17:10:39  	690.8 	11.0  	46    	18.4     	229   	13.8       	12.1       	3247      	-0.1
630       	17:10:41  	690.4 	11.0  	46    	18.4     	229   	13.8       	12.2       	3251      	-0.2
632       	17:10:43  	690.1 	10.9  	46    	18.3     	228   	13.7       	12.2       	3256      	-0.3
634       	17:10:45  	689.7 	10.9  	45    	18.3     	228   	13.6       	12.3       	3260      	-0.4
636       	17:10:47  	689.3 	10.9  	45    	18.4     	228   	13.6       	12.4       	3265      	-0.5
638       	17:10:49  	689.0 	10.8  	45    	18.5     	227   	13.6       	12.5       	3269      	-0.5
640       	17:10:51  	688.6 	10.8  	45    	18.5     	227   	13.5       	12.6       	3274      	-0.6
642       	17:10:53  	688.2 	10.8  	45    	18.5     	227   	13.5       	12.7       	3278      	-0.7
644       	17:10:55  	687.9 	10.7  	45    	18.5     	226   	13.4       	12.8       	3282      	-0.7
646       	17:10:57  	687.5 	10.7  	45    	18.5     	226   	13.3       	12.9       	3287      	-0.8
648       	17:10:59  	687.1 	10.6  	45    	18.5     	225   	13.2       	13.0       	3291      	-0.9
650       	17:11:01  	686.8 	10.6  	45    	18.5     	225   	13.2       	13.0       	3296      	-0.9
652       	17:11:03  	686.4 	10.5  	45    	18.5     	225   	13.1       	13.0       	3301      	-0.9
654       	17:11:05  	686.0 	10.5  	45    	18.5     	225   	13.1       	13.0       	3305      	-0.9
656       	17:11:07  	685.6 	10.4  	45    	18.5     	225   	13.1       	13.1       	3310      	-1.0
658       	17:11:09  	685.1 	10.4  	45    	18.5     	225   	13.1       	13.1       	3316      	-1.0
660       	17:11:11  	684.7 	10.4  	45    	18.6     	225   	13.1       	13.2       	3321      	-1.1
662       	17:11:13  	684.3 	10.3  	45    	18.6     	225   	13.1       	13.2       	3326      	-1.1
664       	17:11:15  	683.9 	10.3  	45    	18.7     	225   	13.2       	13.3       	3331      	-1.1
666       	17:11:17  	683.5 	10.2  	45    	18.7     	225   	13.2       	13.3       	3336      	-1.2
668       	17:11:19  	683.1 	10.2  	45    	18.9     	225   	13.3       	13.4       	3341      	-1.3
670       	17:11:21  	682.6 	10.1  	45    	19.0     	225   	13.3       	13.5       	3346      	-1.4
672       	17:11:23  	682.2 	10.1  	44    	19.1     	225   	13.4       	13.6       	3351      	-1.5
674       	17:11:25  	681.8 	10.1  	44    	19.2     	225   	13.5       	13.6       	3357      	-1.5
676       	17:11:27  	681.3 	10.0  	44    	19.2     	225   	13.5       	13.7       	3362      	-1.6
678       	17:11:29  	680.9 	10.0  	44    	19.2     	225   	13.5       	13.7       	3368      	-1.7
680       	17:11:31  	680.4 	9.9   	44    	19.4     	225   	13.6       	13.8       	3373      	-1.8
682       	17:11:33  	680.0 	9.9   	44    	19.5     	225   	13.7       	13.9       	3378      	-1.9
684       	17:11:35  	679.6 	9.8   	43    	19.7     	225   	13.8       	14.0       	3384      	-2.0
686       	17:11:37  	679.1 	9.8   	43    	19.7     	224   	13.8       	14.1       	3389      	-2.1
688       	17:11:39  	678.7 	9.7   	43    	19.9     	224   	13.9       	14.2       	3395      	-2.1
690       	17:11:41  	678.2 	9.7   	43    	19.9     	225   	14.0       	14.2       	3400      	-2.3
692       	17:11:43  	677.8 	9.7   	42    	20.0     	224   	14.0       	14.3       	3405      	-2.5
694       	17:11:45  	677.4 	9.6   	42    	20.2     	224   	14.1       	14.4       	3410      	-2.7
696       	17:11:47  	676.9 	9.6   	41    	20.4     	224   	14.3       	14.6       	3416      	-2.9
698       	17:11:49  	676.5 	9.6   	41    	20.6     	224   	14.4       	14.7       	3422      	-3.1
700       	17:11:51  	676.0 	9.6   	40    	20.7     	224   	14.5       	14.8       	3427      	-3.2
702       	17:11:53  	675.6 	9.5   	40    	20.7     	224   	14.5       	14.8       	3433      	-3.4
704       	17:11:55  	675.1 	9.5   	40    	20.9     	224   	14.6       	14.9       	3438      	-3.5
706       	17:11:57  	674.7 	9.5   	39    	20.9     	224   	14.6       	15.0       	3443      	-3.6
708       	17:11:59  	674.2 	9.4   	39    	21.0     	224   	14.6       	15.1       	3449      	-3.7
710       	17:12:01  	673.8 	9.4   	39    	21.1     	224   	14.6       	15.2       	3455      	-3.7
712       	17:12:03  	673.3 	9.3   	39    	21.1     	224   	14.6       	15.3       	3460      	-3.8
714       	17:12:05  	672.9 	9.2   	39    	21.2     	223   	14.6       	15.4       	3466      	-3.9
716       	17:12:07  	672.4 	9.2   	39    	21.2     	223   	14.5       	15.4       	3471      	-4.1
718       	17:12:09  	672.0 	9.2   	39    	21.2     	223   	14.5       	15.5       	3477      	-4.2
720       	17:12:11  	671.5 	9.1   	38    	21.2     	223   	14.4       	15.6       	3482      	-4.3
722       	17:12:13  	671.1 	9.1   	38    	21.2     	222   	14.3       	15.7       	3488      	-4.4
724       	17:12:15  	670.6 	9.1   	37    	21.2     	222   	14.2       	15.8       	3494      	-4.6
726       	17:12:17  	670.2 	9.1   	37    	21.2     	222   	14.1       	15.8       	3499      	-4.8
728       	17:12:19  	669.7 	9.0   	37    	21.3     	222   	14.1       	15.9       	3505      	-4.8
730       	17:12:21  	669.3 	9.0   	37    	21.2     	221   	14.0       	15.9       	3510      	-4.9
732       	17:12:23  	668.9 	9.0   	37    	21.3     	221   	14.0       	16.0       	3515      	-5.0
734       	17:12:25  	668.4 	8.9   	37    	21.2     	221   	13.9       	16.0       	3520      	-5.1
736       	17:12:27  	668.0 	8.9   	37    	21.3     	221   	13.9       	16.1       	3526      	-5.1
738       	17:12:29  	667.6 	8.8   	37    	21.3     	220   	13.8       	16.2       	3531      	-5.2
740       	17:12:31  	667.1 	8.8   	37    	21.3     	220   	13.8       	16.2       	3537      	-5.2
742       	17:12:33  	666.7 	8.7   	36    	21.3     	220   	13.8       	16.2       	3542      	-5.3
744       	17:12:35  	666.2 	8.7   	36    	21.2     	220   	13.7       	16.2       	3548      	-5.3
746       	17:12:37  	665.8 	8.7   	36    	21.2     	220   	13.6       	16.2       	3553      	-5.4
748       	17:12:39  	665.3 	8.6   	36    	21.0     	220   	13.5       	16.1       	3559      	-5.5
750       	17:12:41  	664.9 	8.6   	36    	20.9     	220   	13.4       	16.1       	3564      	-5.5
752       	17:12:43  	664.4 	8.6   	36    	20.9     	220   	13.3       	16.1       	3570      	-5.6
754       	17:12:45  	664.0 	8.5   	36    	20.8     	220   	13.3       	16.0       	3576      	-5.7
756       	17:12:47  	663.5 	8.5   	36    	20.7     	220   	13.2       	16.0       	3581      	-5.8
758       	17:12:49  	663.1 	8.5   	36    	20.5     	219   	13.0       	15.9       	3587      	-5.9
760       	17:12:51  	662.6 	8.4   	35    	20.4     	219   	12.9       	15.8       	3593      	-5.9
762       	17:12:53  	662.1 	8.4   	35    	20.2     	219   	12.7       	15.7       	3599      	-6.0
764       	17:12:55  	661.7 	8.4   	35    	20.1     	219   	12.5       	15.7       	3605      	-6.1
766       	17:12:57  	661.2 	8.3   	35    	20.0     	218   	12.4       	15.7       	3611      	-6.2
768       	17:12:59  	660.7 	8.3   	35    	19.9     	218   	12.4       	15.6       	3616      	-6.3
770       	17:13:01  	660.2 	8.2   	35    	19.8     	218   	12.2       	15.6       	3623      	-6.3
772       	17:13:03  	659.7 	8.2   	35    	19.6     	218   	12.0       	15.5       	3629      	-6.3
774       	17:13:05  	659.3 	8.1   	35    	19.5     	218   	11.9       	15.4       	3635      	-6.3
776       	17:13:07  	658.8 	8.1   	35    	19.3     	217   	11.7       	15.3       	3640      	-6.3
778       	17:13:09  	658.4 	8.0   	35    	19.1     	217   	11.6       	15.2       	3646      	-6.3
780       	17:13:11  	657.9 	8.0   	36    	19.1     	217   	11.5       	15.2       	3652      	-6.3
782       	17:13:13  	657.4 	7.9   	36    	18.9     	217   	11.4       	15.1       	3657      	-6.3
784       	17:13:15  	657.0 	7.9   	36    	18.8     	217   	11.3       	15.0       	3663      	-6.3
786       	17:13:17  	656.5 	7.8   	36    	18.6     	217   	11.2       	14.9       	3669      	-6.3
788       	17:13:19  	656.1 	7.8   	36    	18.5     	217   	11.1       	14.8       	3675      	-6.3
790       	17:13:21  	655.6 	7.7   	36    	18.4     	217   	11.0       	14.7       	3680      	-6.3
792       	17:13:23  	655.2 	7.7   	36    	18.4     	217   	11.0       	14.7       	3686      	-6.3
794       	17:13:25  	654.7 	7.6   	36    	18.2     	217   	10.9       	14.6       	3691      	-6.3
796       	17:13:27  	654.3 	7.6   	36    	18.2     	217   	10.9       	14.6       	3697      	-6.3
798       	17:13:29  	653.9 	7.5   	37    	18.1     	217   	10.8       	14.5       	3703      	-6.3
800       	17:13:31  	653.4 	7.5   	37    	18.0     	217   	10.8       	14.4       	3708      	-6.3
802       	17:13:33  	653.0 	7.5   	37    	17.9     	217   	10.7       	14.3       	3714      	-6.3
804       	17:13:35  	652.6 	7.4   	37    	17.9     	217   	10.7       	14.3       	3719      	-6.3
806       	17:13:37  	652.1 	7.3   	37    	17.7     	217   	10.6       	14.2       	3724      	-6.2
808       	17:13:39  	651.7 	7.3   	38    	17.7     	217   	10.6       	14.2       	3730      	-6.2
810       	17:13:41  	651.2 	7.2   	38    	17.6     	217   	10.5       	14.1       	3736      	-6.2
812       	17:13:43  	650.8 	7.1   	38    	17.5     	217   	10.5       	14.0       	3741      	-6.1
814       	17:13:45  	650.3 	7.1   	38    	17.4     	217   	10.4       	13.9       	3747      	-6.1
816       	17:13:47  	649.9 	7.1   	39    	17.3     	217   	10.4       	13.8       	3753      	-6.1
818       	17:13:49  	649.4 	7.0   	39    	17.2     	217   	10.3       	13.8       	3758      	-6.1
820       	17:13:51  	648.9 	7.0   	39    	17.1     	217   	10.3       	13.7       	3765      	-6.1
822       	17:13:53  	648.4 	7.0   	39    	17.1     	217   	10.3       	13.6       	3771      	-6.1
824       	17:13:55  	648.0 	6.9   	39    	17.0     	217   	10.2       	13.6       	3777      	-6.1
826       	17:13:57  	647.5 	6.8   	39    	16.9     	217   	10.1       	13.5       	3783      	-6.1
828       	17:13:59  	647.0 	6.8   	39    	16.7     	216   	9.9        	13.4       	3789      	-6.1
830       	17:14:01  	646.6 	6.7   	39    	16.7     	216   	9.9        	13.4       	3795      	-6.1
832       	17:14:03  	646.1 	6.7   	39    	16.5     	216   	9.8        	13.3       	3800      	-6.1
834       	17:14:05  	645.7 	6.6   	40    	16.5     	216   	9.7        	13.3       	3806      	-6.1
836       	17:14:07  	645.2 	6.6   	40    	16.4     	216   	9.6        	13.3       	3812      	-6.1
838       	17:14:09  	644.8 	6.6   	40    	16.3     	216   	9.5        	13.3       	3817      	-6.1
840       	17:14:11  	644.4 	6.5   	40    	16.2     	215   	9.4        	13.2       	3823      	-6.0
842       	17:14:13  	643.9 	6.5   	40    	16.2     	215   	9.4        	13.2       	3829      	-6.1
844       	17:14:15  	643.5 	6.4   	40    	16.2     	215   	9.3        	13.3       	3834      	-6.1
846       	17:14:17  	643.0 	6.4   	40    	16.2     	215   	9.3        	13.3       	3840      	-6.1
848       	17:14:19  	642.6 	6.3   	40    	16.2     	215   	9.3        	13.3       	3845      	-6.2
850       	17:14:21  	642.2 	6.2   	40    	16.2     	215   	9.2        	13.3       	3851      	-6.2
852       	17:14:23  	641.7 	6.2   	40    	16.1     	214   	9.1        	13.3       	3856      	-6.2
854       	17:14:25  	641.3 	6.1   	41    	16.1     	214   	9.0        	13.4       	3862      	-6.2
856       	17:14:27  	640.9 	6.1   	41    	16.1     	214   	8.9        	13.4       	3867      	-6.3
858       	17:14:29  	640.4 	6.0   	41    	16.1     	214   	8.9        	13.4       	3873      	-6.3
860       	17:14:31  	640.0 	6.0   	41    	16.0     	213   	8.8        	13.4       	3879      	-6.2
862       	17:14:33  	639.5 	5.9   	41    	15.9     	213   	8.8        	13.3       	3885      	-6.3
864       	17:14:35  	639.0 	5.9   	41    	15.9     	213   	8.8        	13.3       	3891      	-6.3
866       	17:14:37  	638.6 	5.8   	41    	15.9     	213   	8.7        	13.3       	3897      	-6.3
868       	17:14:39  	638.1 	5.8   	41    	15.9     	213   	8.7        	13.3       	3903      	-6.3
870       	17:14:41  	637.7 	5.7   	41    	15.9     	214   	8.8        	13.2       	3908      	-6.3
872       	17:14:43  	637.2 	5.7   	41    	15.9     	214   	8.8        	13.2       	3914      	-6.3
874       	17:14:45  	636.8 	5.6   	41    	15.9     	214   	8.8        	13.2       	3920      	-6.4
876       	17:14:47  	636.4 	5.6   	41    	15.9     	214   	8.8        	13.2       	3925      	-6.4
878       	17:14:49  	635.9 	5.5   	41    	15.9     	214   	8.8        	13.2       	3931      	-6.5
880       	17:14:51  	635.5 	5.5   	41    	15.8     	214   	8.8        	13.1       	3937      	-6.5
882       	17:14:53  	635.0 	5.5   	41    	15.8     	214   	8.8        	13.1       	3942      	-6.6
884       	17:14:55  	634.6 	5.4   	41    	15.7     	214   	8.7        	13.1       	3948      	-6.7
886       	17:14:57  	634.2 	5.3   	41    	15.7     	214   	8.7        	13.1       	3953      	-6.8
888       	17:14:59  	633.7 	5.3   	41    	15.7     	214   	8.7        	13.1       	3959      	-6.9
890       	17:15:01  	633.3 	5.2   	41    	15.7     	213   	8.6        	13.1       	3964      	-6.9
892       	17:15:03  	632.9 	5.2   	41    	15.7     	213   	8.6        	13.1       	3970      	-7.0
894       	17:15:05  	632.4 	5.1   	41    	15.7     	213   	8.6        	13.1       	3976      	-7.0
896       	17:15:07  	632.0 	5.1   	41    	15.7     	213   	8.6        	13.1       	3981      	-7.0
898       	17:15:09  	631.6 	5.1   	41    	15.7     	213   	8.6        	13.1       	3987      	-7.0
900       	17:15:11  	631.1 	5.0   	42    	15.5     	213   	8.5        	13.0       	3992      	-6.9
902       	17:15:13  	630.7 	4.9   	42    	15.5     	213   	8.5        	13.0       	3998      	-6.9
904       	17:15:15  	630.3 	4.9   	42    	15.5     	213   	8.5        	13.0       	4003      	-6.9
906       	17:15:17  	629.9 	4.9   	42    	15.5     	213   	8.5        	13.0       	4009      	-6.8
908       	17:15:19  	629.4 	4.8   	42    	15.5     	213   	8.4        	13.0       	4014      	-6.9
910       	17:15:21  	629.0 	4.8   	42    	15.5     	213   	8.4        	13.0       	4020      	-6.9
912       	17:15:23  	628.6 	4.7   	43    	15.4     	213   	8.4        	12.9       	4026      	-6.9
914       	17:15:25  	628.1 	4.7   	43    	15.4     	213   	8.4        	12.9       	4031      	-6.9
916       	17:15:27  	627.7 	4.6   	43    	15.3     	213   	8.4        	12.8       	4037      	-7.0
918       	17:15:29  	627.3 	4.5   	43    	15.3     	213   	8.4        	12.8       	4043      	-7.0
920       	17:15:31  	626.8 	4.5   	43    	15.3     	213   	8.4        	12.8       	4048      	-7.1
922       	17:15:33  	626.4 	4.4   	42    	15.3     	213   	8.4        	12.8       	4054      	-7.2
924       	17:15:35  	626.0 	4.4   	42    	15.2     	213   	8.4        	12.7       	4059      	-7.3
926       	17:15:37  	625.5 	4.4   	41    	15.2     	214   	8.5        	12.6       	4065      	-7.5
928       	17:15:39  	625.1 	4.4   	41    	15.2     	215   	8.7        	12.5       	4071      	-7.7
930       	17:15:41  	624.6 	4.4   	40    	15.2     	215   	8.8        	12.4       	4077      	-7.9
932       	17:15:43  	624.2 	4.4   	39    	15.2     	216   	9.0        	12.2       	4083      	-8.2
934       	17:15:45  	623.7 	4.4   	39    	15.1     	217   	9.1        	12.1       	4089      	-8.4
936       	17:15:47  	623.3 	4.4   	38    	15.1     	217   	9.2        	12.0       	4095      	-8.6
938       	17:15:49  	622.8 	4.4   	37    	15.2     	218   	9.4        	11.9       	4101      	-8.8
940       	17:15:51  	622.4 	4.4   	37    	15.2     	220   	9.7        	11.7       	4106      	-9.0
942       	17:15:53  	621.9 	4.3   	36    	15.2     	221   	9.9        	11.5       	4112      	-9.2
944       	17:15:55  	621.4 	4.3   	36    	15.2     	222   	10.2       	11.3       	4119      	-9.4
946       	17:15:57  	620.9 	4.2   	36    	15.4     	223   	10.4       	11.3       	4125      	-9.5
948       	17:15:59  	620.4 	4.2   	36    	15.4     	223   	10.5       	11.2       	4132      	-9.6
950       	17:16:01  	619.9 	4.1   	36    	15.3     	224   	10.6       	11.1       	4138      	-9.7
952       	17:16:03  	619.4 	4.1   	36    	15.6     	225   	11.0       	11.0       	4145      	-9.7
954       	17:16:05  	619.0 	4.1   	36    	15.7     	226   	11.3       	10.9       	4151      	-9.8
956       	17:16:07  	618.5 	4.0   	35    	15.8     	227   	11.6       	10.7       	4157      	-9.9
958       	17:16:09  	618.0 	4.0   	35    	16.0     	228   	11.9       	10.7       	4163      	-10.0
960       	17:16:11  	617.6 	4.0   	35    	16.1     	229   	12.1       	10.6       	4169      	-10.1
962       	17:16:13  	617.1 	3.9   	35    	16.2     	229   	12.3       	10.6       	4175      	-10.2
964       	17:16:15  	616.7 	3.9   	35    	16.4     	230   	12.6       	10.5       	4181      	-10.3
966       	17:16:17  	616.2 	3.9   	34    	16.6     	231   	12.9       	10.4       	4187      	-10.4
968       	17:16:19  	615.8 	3.8   	34    	16.7     	232   	13.2       	10.2       	4193      	-10.5
970       	17:16:21  	615.3 	3.8   	34    	16.9     	233   	13.6       	10.1       	4199      	-10.6
972       	17:16:23  	614.9 	3.7   	34    	17.0     	234   	13.7       	10.0       	4205      	-10.7
974       	17:16:25  	614.4 	3.7   	34    	17.1     	235   	13.9       	9.9        	4211      	-10.7
976       	17:16:27  	614.0 	3.6   	34    	17.1     	235   	14.0       	9.8        	4217      	-10.8
978       	17:16:29  	613.5 	3.6   	34    	17.2     	236   	14.2       	9.7        	4223      	-10.8
980       	17:16:31  	613.1 	3.5   	34    	17.3     	236   	14.4       	9.6        	4229      	-10.9
982       	17:16:33  	612.6 	3.5   	34    	17.4     	237   	14.6       	9.5        	4235      	-11.0
984       	17:16:35  	612.2 	3.5   	34    	17.4     	237   	14.7       	9.4        	4241      	-11.0
986       	17:16:37  	611.7 	3.4   	33    	17.5     	238   	14.8       	9.4        	4246      	-11.1
988       	17:16:39  	611.3 	3.3   	33    	17.5     	238   	14.8       	9.3        	4252      	-11.2
990       	17:16:41  	610.9 	3.3   	33    	17.6     	238   	14.9       	9.3        	4258      	-11.3
992       	17:16:43  	610.4 	3.2   	33    	17.7     	239   	15.1       	9.2        	4264      	-11.4
994       	17:16:45  	610.0 	3.2   	33    	17.8     	239   	15.3       	9.1        	4270      	-11.5
996       	17:16:47  	609.5 	3.2   	33    	17.9     	240   	15.5       	9.0        	4276      	-11.6
998       	17:16:49  	609.1 	3.1   	33    	18.0     	240   	15.6       	8.9        	4282      	-11.7
1000      	17:16:51  	608.6 	3.1   	32    	18.1     	241   	15.8       	8.8        	4288      	-11.8
1002      	17:16:53  	608.2 	3.1   	32    	18.1     	241   	15.9       	8.7        	4294      	-11.8
1004      	17:16:55  	607.7 	3.0   	32    	18.3     	242   	16.1       	8.6        	4300      	-11.9
1006      	17:16:57  	607.2 	2.9   	32    	18.5     	243   	16.4       	8.5        	4306      	-12.0
1008      	17:16:59  	606.7 	2.9   	32    	18.6     	243   	16.6       	8.4        	4313      	-12.0
1010      	17:17:01  	606.3 	2.8   	32    	18.7     	243   	16.7       	8.4        	4319      	-12.0
1012      	17:17:03  	605.8 	2.7   	32    	18.7     	244   	16.8       	8.3        	4325      	-12.1
1014      	17:17:05  	605.4 	2.7   	33    	18.8     	244   	16.9       	8.3        	4331      	-12.1
1016      	17:17:07  	604.9 	2.7   	33    	19.0     	244   	17.1       	8.3        	4337      	-12.1
1018      	17:17:09  	604.5 	2.6   	33    	19.2     	244   	17.3       	8.3        	4343      	-12.1
1020      	17:17:11  	604.1 	2.6   	33    	19.4     	245   	17.6       	8.2        	4348      	-12.1
1022      	17:17:13  	603.7 	2.5   	33    	19.6     	245   	17.8       	8.2        	4354      	-12.1
1024      	17:17:15  	603.2 	2.5   	33    	19.8     	246   	18.0       	8.2        	4360      	-12.1
1026      	17:17:17  	602.8 	2.5   	33    	20.0     	246   	18.2       	8.2        	4365      	-12.2
1028      	17:17:19  	602.4 	2.4   	33    	20.1     	246   	18.4       	8.2        	4371      	-12.2
1030      	17:17:21  	602.0 	2.4   	33    	20.3     	246   	18.6       	8.2        	4376      	-12.3
1032      	17:17:23  	601.6 	2.3   	33    	20.6     	247   	18.9       	8.2        	4382      	-12.3
1034      	17:17:25  	601.1 	2.3   	33    	20.8     	247   	19.1       	8.2        	4388      	-12.4
1036      	17:17:27  	600.7 	2.2   	33    	21.0     	247   	19.3       	8.2        	4394      	-12.4
1038      	17:17:29  	600.3 	2.2   	33    	21.1     	247   	19.4       	8.2        	4399      	-12.5
1040      	17:17:31  	599.9 	2.1   	33    	21.2     	247   	19.5       	8.2        	4405      	-12.5
1042      	17:17:33  	599.5 	2.1   	33    	21.2     	247   	19.5       	8.2        	4410      	-12.4
1044      	17:17:35  	599.0 	2.0   	33    	21.3     	247   	19.6       	8.3        	4416      	-12.4
1046      	17:17:37  	598.6 	2.0   	33    	21.4     	247   	19.7       	8.3        	4422      	-12.4
1048      	17:17:39  	598.2 	1.9   	33    	21.5     	247   	19.8       	8.4        	4428      	-12.4
1050      	17:17:41  	597.8 	1.9   	33    	21.6     	247   	19.9       	8.4        	4433      	-12.4
1052      	17:17:43  	597.3 	1.8   	34    	21.6     	247   	19.9       	8.5        	4439      	-12.5
1054      	17:17:45  	596.9 	1.8   	34    	21.7     	247   	19.9       	8.6        	4445      	-12.5
1056      	17:17:47  	596.5 	1.7   	34    	21.8     	247   	20.0       	8.6        	4450      	-12.5
1058      	17:17:49  	596.0 	1.7   	34    	21.9     	247   	20.1       	8.7        	4456      	-12.5
1060      	17:17:51  	595.6 	1.6   	34    	21.9     	247   	20.1       	8.7        	4462      	-12.6
1062      	17:17:53  	595.2 	1.6   	34    	22.0     	246   	20.2       	8.8        	4468      	-12.6
1064      	17:17:55  	594.7 	1.5   	34    	22.1     	247   	20.3       	8.8        	4475      	-12.6
1066      	17:17:57  	594.3 	1.4   	34    	22.2     	247   	20.4       	8.8        	4481      	-12.6
1068      	17:17:59  	593.8 	1.4   	34    	22.2     	247   	20.4       	8.8        	4487      	-12.6
1070      	17:18:01  	593.4 	1.3   	34    	22.3     	247   	20.5       	8.8        	4492      	-12.6
1072      	17:18:03  	593.0 	1.3   	35    	22.3     	247   	20.5       	8.9        	4498      	-12.6
1074      	17:18:05  	592.5 	1.2   	35    	22.3     	247   	20.5       	8.9        	4504      	-12.6
1076      	17:18:07  	592.1 	1.2   	35    	22.3     	247   	20.5       	8.9        	4510      	-12.6
1078      	17:18:09  	591.7 	1.1   	35    	22.3     	247   	20.5       	8.9        	4515      	-12.6
1080      	17:18:11  	591.3 	1.0   	35    	22.4     	246   	20.5       	9.0        	4521      	-12.7
1082      	17:18:13  	590.8 	1.0   	35    	22.4     	246   	20.5       	9.0        	4527      	-12.7
1084      	17:18:15  	590.4 	0.9   	35    	22.4     	246   	20.5       	9.1        	4533      	-12.7
1086      	17:18:17  	590.0 	0.9   	35    	22.4     	246   	20.5       	9.1        	4539      	-12.7
1088      	17:18:19  	589.5 	0.8   	35    	22.5     	246   	20.5       	9.2        	4545      	-12.7
1090      	17:18:21  	589.1 	0.8   	35    	22.6     	246   	20.6       	9.2        	4551      	-12.8
1092      	17:18:23  	588.7 	0.7   	35    	22.6     	246   	20.6       	9.2        	4557      	-12.8
1094      	17:18:25  	588.2 	0.6   	35    	22.6     	246   	20.6       	9.3        	4563      	-12.8
1096      	17:18:27  	587.8 	0.6   	36    	22.6     	246   	20.6       	9.3        	4569      	-12.8
1098      	17:18:29  	587.3 	0.6   	36    	22.6     	245   	20.6       	9.4        	4575      	-12.9
1100      	17:18:31  	586.9 	0.5   	36    	22.6     	245   	20.6       	9.4        	4581      	-12.9
1102      	17:18:33  	586.5 	0.4   	36    	22.6     	245   	20.5       	9.4        	4586      	-13.0
1104      	17:18:35  	586.0 	0.4   	36    	22.6     	245   	20.5       	9.5        	4592      	-13.0
1106      	17:18:37  	585.6 	0.3   	36    	22.6     	245   	20.5       	9.5        	4598      	-13.0
1108      	17:18:39  	585.2 	0.2   	36    	22.5     	245   	20.4       	9.6        	4604      	-13.0
1110      	17:18:41  	584.7 	0.2   	36    	22.5     	245   	20.4       	9.6        	4610      	-13.0
1112      	17:18:43  	584.3 	0.1   	37    	22.6     	245   	20.4       	9.7        	4617      	-12.9
1114      	17:18:45  	583.8 	0.1   	37    	22.6     	245   	20.4       	9.7        	4623      	-12.9
1116      	17:18:47  	583.4 	-0.0  	37    	22.6     	245   	20.4       	9.7        	4629      	-12.9
1118      	17:18:49  	582.9 	-0.1  	37    	22.6     	245   	20.4       	9.7        	4635      	-12.9
1120      	17:18:51  	582.4 	-0.1  	37    	22.7     	244   	20.5       	9.8        	4642      	-12.9
1122      	17:18:53  	582.0 	-0.2  	37    	22.8     	244   	20.5       	9.9        	4648      	-13.0
1124      	17:18:55  	581.5 	-0.2  	37    	22.8     	244   	20.5       	10.0       	4654      	-13.0
1126      	17:18:57  	581.1 	-0.3  	37    	22.9     	244   	20.5       	10.1       	4660      	-13.1
1128      	17:18:59  	580.7 	-0.3  	37    	22.9     	244   	20.5       	10.1       	4666      	-13.1
1130      	17:19:01  	580.2 	-0.4  	37    	22.9     	244   	20.5       	10.2       	4672      	-13.1
1132      	17:19:03  	579.8 	-0.4  	37    	22.9     	243   	20.5       	10.3       	4678      	-13.2
1134      	17:19:05  	579.4 	-0.5  	37    	23.0     	243   	20.5       	10.4       	4684      	-13.2
1136      	17:19:07  	579.0 	-0.5  	37    	22.9     	243   	20.4       	10.5       	4689      	-13.2
1138      	17:19:09  	578.6 	-0.5  	37    	23.0     	243   	20.4       	10.6       	4695      	-13.2
1140      	17:19:11  	578.1 	-0.6  	37    	23.0     	242   	20.4       	10.7       	4701      	-13.3
1142      	17:19:13  	577.7 	-0.7  	38    	23.1     	242   	20.4       	10.8       	4707      	-13.3
1144      	17:19:15  	577.3 	-0.7  	38    	23.1     	242   	20.4       	10.8       	4713      	-13.4
1146      	17:19:17  	576.8 	-0.8  	38    	23.1     	242   	20.3       	11.0       	4719      	-13.4
1148      	17:19:19  	576.4 	-0.9  	38    	23.2     	241   	20.3       	11.2       	4725      	-13.5
1150      	17:19:21  	575.9 	-1.0  	38    	23.2     	241   	20.3       	11.3       	4732      	-13.5
1152      	17:19:23  	575.5 	-1.0  	38    	23.3     	240   	20.3       	11.5       	4738      	-13.6
1154      	17:19:25  	575.1 	-1.1  	38    	23.4     	240   	20.3       	11.6       	4744      	-13.6
1156      	17:19:27  	574.6 	-1.1  	37    	23.4     	240   	20.3       	11.7       	4750      	-13.7
1158      	17:19:29  	574.2 	-1.2  	37    	23.6     	240   	20.4       	11.9       	4755      	-13.8
1160      	17:19:31  	573.8 	-1.2  	37    	23.7     	239   	20.4       	12.1       	4761      	-13.9
1162      	17:19:33  	573.4 	-1.2  	37    	23.8     	239   	20.4       	12.3       	4766      	-13.9
1164      	17:19:35  	573.0 	-1.3  	37    	24.0     	238   	20.4       	12.6       	4772      	-13.9
1166      	17:19:37  	572.7 	-1.3  	37    	24.1     	238   	20.5       	12.7       	4777      	-14.0
1168      	17:19:39  	572.3 	-1.4  	37    	24.1     	238   	20.5       	12.7       	4782      	-14.1
1170      	17:19:41  	571.9 	-1.4  	37    	24.2     	238   	20.5       	12.8       	4787      	-14.2
1172      	17:19:43  	571.5 	-1.5  	37    	24.2     	238   	20.5       	12.9       	4793      	-14.2
1174      	17:19:45  	571.1 	-1.5  	37    	24.2     	238   	20.5       	12.9       	4798      	-14.2
1176      	17:19:47  	570.8 	-1.6  	37    	24.3     	238   	20.5       	13.0       	4803      	-14.2
1178      	17:19:49  	570.4 	-1.6  	37    	24.2     	237   	20.4       	13.0       	4809      	-14.2
1180      	17:19:51  	570.0 	-1.7  	37    	24.2     	237   	20.4       	13.0       	4814      	-14.2
1182      	17:19:53  	569.6 	-1.7  	38    	24.1     	238   	20.4       	12.9       	4819      	-14.3
1184      	17:19:55  	569.2 	-1.8  	38    	24.1     	238   	20.4       	12.9       	4825      	-14.2
1186      	17:19:57  	568.8 	-1.8  	38    	24.1     	238   	20.4       	12.9       	4830      	-14.2
1188      	17:19:59  	568.5 	-1.9  	38    	24.1     	238   	20.4       	12.8       	4836      	-14.3
1190      	17:20:01  	568.0 	-2.0  	38    	24.1     	238   	20.4       	12.8       	4841      	-14.3
1192      	17:20:03  	567.6 	-2.0  	38    	24.1     	238   	20.4       	12.8       	4847      	-14.4
1194      	17:20:05  	567.2 	-2.1  	38    	24.1     	238   	20.4       	12.8       	4853      	-14.4
1196      	17:20:07  	566.8 	-2.2  	38    	24.1     	238   	20.5       	12.7       	4859      	-14.4
1198      	17:20:09  	566.3 	-2.3  	39    	24.1     	238   	20.5       	12.7       	4865      	-14.4
1200      	17:20:11  	565.9 	-2.3  	39    	24.0     	238   	20.4       	12.7       	4871      	-14.4
1202      	17:20:13  	565.4 	-2.4  	39    	24.0     	238   	20.4       	12.6       	4878      	-14.3
1204      	17:20:15  	565.0 	-2.5  	40    	24.0     	238   	20.4       	12.6       	4884      	-14.3
1206      	17:20:17  	564.5 	-2.5  	40    	23.9     	239   	20.4       	12.5       	4891      	-14.2
1208      	17:20:19  	564.0 	-2.6  	40    	23.8     	238   	20.3       	12.5       	4898      	-14.1
1210      	17:20:21  	563.5 	-2.6  	40    	23.8     	238   	20.3       	12.5       	4905      	-14.1
1212      	17:20:23  	563.0 	-2.7  	41    	23.7     	238   	20.2       	12.4       	4911      	-14.2
1214      	17:20:25  	562.6 	-2.7  	41    	23.7     	238   	20.2       	12.4       	4918      	-14.2
1216      	17:20:27  	562.1 	-2.8  	41    	23.6     	238   	20.1       	12.4       	4925      	-14.2
1218      	17:20:29  	561.6 	-2.8  	41    	23.6     	238   	20.1       	12.4       	4931      	-14.2
1220      	17:20:31  	561.2 	-2.9  	41    	23.6     	238   	20.1       	12.4       	4938      	-14.2
1222      	17:20:33  	560.7 	-2.9  	41    	23.6     	238   	20.1       	12.4       	4944      	-14.2
1224      	17:20:35  	560.3 	-3.0  	41    	23.6     	239   	20.1       	12.3       	4950      	-14.3
1226      	17:20:37  	559.8 	-3.1  	41    	23.6     	239   	20.1       	12.3       	4957      	-14.3
1228      	17:20:39  	559.4 	-3.2  	41    	23.6     	239   	20.1       	12.3       	4963      	-14.4
1230      	17:20:41  	558.9 	-3.2  	41    	23.6     	239   	20.1       	12.3       	4970      	-14.4
1232      	17:20:43  	558.4 	-3.3  	41    	23.6     	239   	20.1       	12.3       	4977      	-14.5
1234      	17:20:45  	558.0 	-3.3  	41    	23.6     	239   	20.1       	12.3       	4983      	-14.5
1236      	17:20:47  	557.5 	-3.4  	41    	23.7     	239   	20.2       	12.3       	4989      	-14.5
1238      	17:20:49  	557.1 	-3.4  	41    	23.7     	239   	20.3       	12.3       	4996      	-14.6
1240      	17:20:51  	556.6 	-3.5  	42    	23.7     	239   	20.3       	12.3       	5002      	-14.6
1242      	17:20:53  	556.2 	-3.5  	42    	23.9     	239   	20.4       	12.4       	5009      	-14.6
1244      	17:20:55  	555.7 	-3.6  	42    	24.0     	239   	20.5       	12.4       	5015      	-14.6
1246      	17:20:57  	555.3 	-3.7  	42    	24.0     	239   	20.6       	12.4       	5021      	-14.7
1248      	17:20:59  	554.9 	-3.7  	42    	24.1     	239   	20.6       	12.5       	5027      	-14.7
1250      	17:21:01  	554.4 	-3.8  	42    	24.1     	239   	20.6       	12.6       	5034      	-14.7
1252      	17:21:03  	554.0 	-3.9  	43    	24.2     	238   	20.6       	12.7       	5040      	-14.7
1254      	17:21:05  	553.5 	-4.0  	43    	24.3     	238   	20.6       	12.8       	5046      	-14.7
1256      	17:21:07  	553.1 	-4.1  	43    	24.2     	238   	20.5       	12.9       	5052      	-14.7
1258      	17:21:09  	552.7 	-4.1  	43    	24.2     	237   	20.4       	13.0       	5058      	-14.8
1260      	17:21:11  	552.3 	-4.2  	43    	24.2     	237   	20.4       	13.1       	5065      	-14.8
1262      	17:21:13  	551.8 	-4.3  	43    	24.1     	237   	20.2       	13.2       	5071      	-14.8
1264      	17:21:15  	551.4 	-4.3  	43    	24.1     	237   	20.1       	13.3       	5077      	-14.8
1266      	17:21:17  	551.0 	-4.4  	43    	24.0     	236   	19.9       	13.4       	5083      	-14.9
1268      	17:21:19  	550.5 	-4.4  	43    	24.0     	236   	19.8       	13.5       	5089      	-15.0
1270      	17:21:21  	550.1 	-4.5  	43    	23.9     	235   	19.7       	13.6       	5095      	-15.0
1272      	17:21:23  	549.7 	-4.5  	43    	24.0     	235   	19.7       	13.7       	5101      	-15.0
1274      	17:21:25  	549.3 	-4.6  	44    	23.9     	235   	19.6       	13.7       	5107      	-15.0
1276      	17:21:27  	548.9 	-4.6  	44    	24.0     	235   	19.6       	13.8       	5113      	-15.0
1278      	17:21:29  	548.5 	-4.7  	44    	24.0     	235   	19.6       	13.8       	5119      	-15.0
1280      	17:21:31  	548.1 	-4.7  	44    	24.0     	235   	19.6       	13.9       	5125      	-15.1
1282      	17:21:33  	547.7 	-4.8  	44    	24.0     	235   	19.6       	13.9       	5130      	-15.1
1284      	17:21:35  	547.3 	-4.8  	44    	24.1     	235   	19.7       	13.9       	5136      	-15.2
1286      	17:21:37  	546.8 	-4.9  	44    	24.1     	235   	19.7       	13.9       	5142      	-15.3
1288      	17:21:39  	546.4 	-4.9  	43    	24.2     	235   	19.8       	14.0       	5148      	-15.4
1290      	17:21:41  	546.0 	-5.0  	43    	24.4     	235   	19.9       	14.1       	5154      	-15.5
1292      	17:21:43  	545.6 	-5.0  	43    	24.5     	235   	20.0       	14.2       	5159      	-15.6
1294      	17:21:45  	545.3 	-5.1  	43    	24.6     	234   	20.0       	14.3       	5165      	-15.7
1296      	17:21:47  	544.9 	-5.1  	43    	24.7     	234   	20.1       	14.4       	5171      	-15.8
1298      	17:21:49  	544.5 	-5.2  	43    	24.8     	234   	20.1       	14.5       	5176      	-15.8
1300      	17:21:51  	544.2 	-5.2  	43    	24.8     	234   	20.1       	14.6       	5181      	-15.8
1302      	17:21:53  	543.8 	-5.3  	43    	24.8     	234   	20.1       	14.6       	5186      	-15.8
1304      	17:21:55  	543.5 	-5.3  	43    	24.9     	234   	20.1       	14.7       	5190      	-15.8
1306      	17:21:57  	543.2 	-5.4  	43    	25.0     	234   	20.1       	14.8       	5195      	-15.8
1308      	17:21:59  	542.9 	-5.4  	44    	25.0     	234   	20.1       	14.8       	5200      	-15.8
1310      	17:22:01  	542.5 	-5.5  	44    	25.0     	234   	20.1       	14.8       	5204      	-15.8
1312      	17:22:03  	542.2 	-5.5  	44    	24.9     	233   	20.0       	14.8       	5209      	-15.7
1314      	17:22:05  	541.8 	-5.6  	44    	24.9     	234   	20.1       	14.7       	5215      	-15.7
1316      	17:22:07  	541.5 	-5.6  	45    	24.9     	234   	20.1       	14.7       	5220      	-15.6
1318      	17:22:09  	541.1 	-5.6  	45    	24.9     	234   	20.1       	14.7       	5225      	-15.5
1320      	17:22:11  	540.8 	-5.7  	46    	24.9     	234   	20.2       	14.6       	5230      	-15.5
1322      	17:22:13  	540.4 	-5.7  	46    	25.0     	234   	20.3       	14.6       	5235      	-15.4
1324      	17:22:15  	540.1 	-5.8  	46    	25.0     	235   	20.4       	14.5       	5240      	-15.4
1326      	17:22:17  	539.8 	-5.9  	47    	25.0     	235   	20.4       	14.5       	5245      	-15.4
1328      	17:22:19  	539.4 	-5.9  	47    	25.1     	235   	20.5       	14.4       	5250      	-15.4
1330      	17:22:21  	539.1 	-6.0  	47    	25.1     	235   	20.6       	14.3       	5255      	-15.4
1332      	17:22:23  	538.7 	-6.0  	47    	25.1     	235   	20.6       	14.3       	5260      	-15.5
1334      	17:22:25  	538.3 	-6.1  	47    	25.0     	235   	20.6       	14.2       	5265      	-15.5
1336      	17:22:27  	537.9 	-6.1  	47    	25.0     	235   	20.6       	14.2       	5271      	-15.6
1338      	17:22:29  	537.6 	-6.2  	47    	25.0     	235   	20.6       	14.2       	5276      	-15.7
1340      	17:22:31  	537.2 	-6.3  	47    	25.0     	235   	20.6       	14.2       	5282      	-15.7
1342      	17:22:33  	536.8 	-6.3  	47    	25.0     	235   	20.6       	14.2       	5288      	-15.8
1344      	17:22:35  	536.4 	-6.4  	47    	25.0     	235   	20.6       	14.2       	5293      	-15.9
1346      	17:22:37  	536.0 	-6.4  	46    	25.0     	235   	20.6       	14.2       	5299      	-16.0
1348      	17:22:39  	535.6 	-6.5  	46    	25.0     	235   	20.6       	14.2       	5305      	-16.0
1350      	17:22:41  	535.2 	-6.5  	46    	25.0     	235   	20.6       	14.2       	5311      	-16.1
1352      	17:22:43  	534.8 	-6.6  	46    	25.1     	235   	20.6       	14.3       	5317      	-16.1
1354      	17:22:45  	534.4 	-6.6  	46    	25.1     	235   	20.6       	14.4       	5323      	-16.1
1356      	17:22:47  	533.9 	-6.7  	46    	25.1     	235   	20.6       	14.4       	5329      	-16.2
1358      	17:22:49  	533.6 	-6.7  	47    	25.1     	235   	20.5       	14.5       	5335      	-16.2
1360      	17:22:51  	533.2 	-6.8  	47    	25.2     	235   	20.5       	14.6       	5340      	-16.2
1362      	17:22:53  	532.8 	-6.8  	47    	25.2     	235   	20.5       	14.6       	5346      	-16.2
1364      	17:22:55  	532.4 	-6.9  	47    	25.2     	234   	20.5       	14.7       	5351      	-16.3
1366      	17:22:57  	532.1 	-7.0  	47    	25.2     	234   	20.5       	14.7       	5356      	-16.3
1368      	17:22:59  	531.7 	-7.0  	47    	25.3     	234   	20.5       	14.8       	5362      	-16.3
1370      	17:23:01  	531.3 	-7.1  	47    	25.3     	234   	20.5       	14.9       	5368      	-16.4
1372      	17:23:03  	530.9 	-7.1  	47    	25.5     	234   	20.6       	15.0       	5373      	-16.5
1374      	17:23:05  	530.5 	-7.2  	47    	25.5     	234   	20.6       	15.0       	5379      	-16.6
1376      	17:23:07  	530.1 	-7.2  	47    	25.5     	234   	20.6       	15.0       	5385      	-16.6
1378      	17:23:09  	529.7 	-7.3  	47    	25.5     	234   	20.6       	15.1       	5391      	-16.6
1380      	17:23:11  	529.3 	-7.3  	47    	25.6     	234   	20.6       	15.2       	5397      	-16.6
1382      	17:23:13  	528.9 	-7.4  	47    	25.7     	234   	20.7       	15.2       	5404      	-16.6
1384      	17:23:15  	528.5 	-7.5  	48    	25.7     	234   	20.7       	15.3       	5410      	-16.6
1386      	17:23:17  	528.0 	-7.5  	48    	25.7     	234   	20.7       	15.3       	5416      	-16.6
1388      	17:23:19  	527.6 	-7.6  	48    	25.7     	234   	20.7       	15.3       	5422      	-16.6
1390      	17:23:21  	527.2 	-7.7  	49    	25.8     	233   	20.7       	15.4       	5428      	-16.6
1392      	17:23:23  	526.8 	-7.7  	49    	25.7     	233   	20.6       	15.4       	5434      	-16.5
1394      	17:23:25  	526.4 	-7.8  	49    	25.8     	233   	20.6       	15.5       	5440      	-16.5
1396      	17:23:27  	525.9 	-7.8  	50    	25.8     	233   	20.6       	15.6       	5447      	-16.5
1398      	17:23:29  	525.5 	-7.9  	50    	25.8     	233   	20.5       	15.6       	5453      	-16.5
1400      	17:23:31  	525.1 	-7.9  	50    	25.8     	233   	20.5       	15.7       	5460      	-16.5
1402      	17:23:33  	524.7 	-8.0  	50    	25.8     	233   	20.5       	15.7       	5466      	-16.5
1404      	17:23:35  	524.2 	-8.1  	50    	25.9     	232   	20.5       	15.8       	5472      	-16.5
1406      	17:23:37  	523.8 	-8.2  	50    	25.8     	232   	20.4       	15.8       	5478      	-16.6
1408      	17:23:39  	523.4 	-8.2  	51    	25.9     	232   	20.4       	15.9       	5485      	-16.6
1410      	17:23:41  	522.9 	-8.3  	51    	25.9     	232   	20.4       	15.9       	5491      	-16.6
1412      	17:23:43  	522.5 	-8.3  	51    	25.9     	232   	20.4       	15.9       	5498      	-16.6
1414      	17:23:45  	522.1 	-8.4  	51    	25.9     	232   	20.4       	15.9       	5504      	-16.7
1416      	17:23:47  	521.6 	-8.4  	51    	25.9     	232   	20.4       	15.9       	5511      	-16.8
1418      	17:23:49  	521.2 	-8.5  	51    	25.8     	232   	20.4       	15.8       	5517      	-16.9
1420      	17:23:51  	520.8 	-8.6  	50    	25.9     	232   	20.5       	15.8       	5523      	-16.9
1422      	17:23:53  	520.4 	-8.6  	50    	25.9     	232   	20.5       	15.8       	5529      	-17.0
1424      	17:23:55  	520.0 	-8.7  	50    	25.9     	232   	20.5       	15.8       	5535      	-17.1
1426      	17:23:57  	519.5 	-8.8  	50    	25.9     	233   	20.6       	15.7       	5542      	-17.1
1428      	17:23:59  	519.1 	-8.8  	51    	25.9     	233   	20.6       	15.7       	5549      	-17.2
1430      	17:24:01  	518.7 	-8.9  	51    	25.9     	233   	20.6       	15.7       	5555      	-17.2
1432      	17:24:03  	518.2 	-9.0  	51    	25.9     	233   	20.6       	15.7       	5561      	-17.1
1434      	17:24:05  	517.8 	-9.0  	51    	26.0     	233   	20.6       	15.8       	5567      	-17.1
1436      	17:24:07  	517.4 	-9.1  	52    	26.0     	233   	20.6       	15.8       	5573      	-17.1
1438      	17:24:09  	517.0 	-9.2  	52    	26.0     	232   	20.6       	15.9       	5579      	-17.1
1440      	17:24:11  	516.6 	-9.2  	52    	25.9     	232   	20.5       	15.9       	5585      	-17.2
1442      	17:24:13  	516.3 	-9.3  	52    	26.0     	232   	20.5       	16.0       	5591      	-17.2
1444      	17:24:15  	515.9 	-9.3  	52    	26.1     	232   	20.5       	16.1       	5596      	-17.3
1446      	17:24:17  	515.5 	-9.4  	52    	26.1     	232   	20.5       	16.2       	5602      	-17.4
1448      	17:24:19  	515.1 	-9.4  	51    	26.1     	232   	20.5       	16.2       	5608      	-17.5
1450      	17:24:21  	514.8 	-9.5  	51    	26.2     	232   	20.5       	16.3       	5613      	-17.6
1452      	17:24:23  	514.4 	-9.5  	51    	26.2     	232   	20.5       	16.3       	5619      	-17.6
1454      	17:24:25  	514.0 	-9.6  	52    	26.3     	231   	20.5       	16.4       	5625      	-17.7
1456      	17:24:27  	513.6 	-9.6  	51    	26.3     	231   	20.5       	16.5       	5631      	-17.8
1458      	17:24:29  	513.2 	-9.7  	51    	26.5     	231   	20.6       	16.7       	5637      	-17.8
1460      	17:24:31  	512.8 	-9.7  	51    	26.7     	231   	20.7       	16.8       	5643      	-17.9
1462      	17:24:33  	512.4 	-9.8  	51    	26.7     	231   	20.7       	16.9       	5649      	-18.0
1464      	17:24:35  	512.0 	-9.8  	51    	26.9     	231   	20.8       	17.0       	5655      	-18.1
1466      	17:24:37  	511.6 	-9.9  	50    	27.0     	231   	20.9       	17.1       	5661      	-18.3
1468      	17:24:39  	511.2 	-9.9  	49    	27.2     	231   	21.0       	17.3       	5666      	-18.5
1470      	17:24:41  	510.9 	-9.9  	49    	27.3     	230   	21.1       	17.4       	5672      	-18.6
1472      	17:24:43  	510.5 	-10.0 	48    	27.6     	230   	21.2       	17.6       	5678      	-18.7
1474      	17:24:45  	510.1 	-10.0 	48    	27.8     	230   	21.4       	17.8       	5684      	-18.0
1476      	17:24:47  	509.7 	-10.1 	48    	27.9     	230   	21.4       	17.9       	5689      	-18.1
1478      	17:24:49  	509.3 	-10.1 	47    	28.0     	230   	21.5       	17.9       	5695      	-18.3
1480      	17:24:51  	508.9 	-10.2 	47    	28.1     	230   	21.6       	18.0       	5701      	-18.4
1482      	17:24:53  	508.6 	-10.2 	47    	28.2     	230   	21.6       	18.1       	5707      	-18.5
1484      	17:24:55  	508.2 	-10.3 	47    	28.3     	230   	21.7       	18.2       	5713      	-18.6
1486      	17:24:57  	507.8 	-10.3 	46    	28.5     	230   	21.8       	18.3       	5719      	-18.7
1488      	17:24:59  	507.4 	-10.4 	46    	28.5     	230   	21.9       	18.3       	5724      	-18.7
1490      	17:25:01  	507.0 	-10.4 	46    	28.5     	230   	21.9       	18.3       	5730      	-18.8
1492      	17:25:03  	506.7 	-10.4 	46    	28.6     	230   	22.0       	18.3       	5736      	-18.8
1494      	17:25:05  	506.3 	-10.5 	47    	28.6     	230   	22.0       	18.3       	5741      	-18.8
1496      	17:25:07  	505.9 	-10.6 	47    	28.7     	230   	22.0       	18.4       	5747      	-18.8
1498      	17:25:09  	505.5 	-10.6 	47    	28.8     	230   	22.1       	18.4       	5753      	-18.8
1500      	17:25:11  	505.2 	-10.7 	47    	28.8     	230   	22.1       	18.4       	5758      	-18.8
1502      	17:25:13  	504.8 	-10.7 	47    	28.8     	230   	22.1       	18.4       	5764      	-18.9
1504      	17:25:15  	504.4 	-10.8 	47    	28.8     	230   	22.1       	18.4       	5770      	-18.9
1506      	17:25:17  	504.1 	-10.8 	47    	28.8     	230   	22.1       	18.4       	5775      	-19.0
1508      	17:25:19  	503.7 	-10.9 	47    	28.6     	230   	22.0       	18.3       	5781      	-19.1
1510      	17:25:21  	503.3 	-10.9 	47    	28.6     	230   	22.0       	18.2       	5786      	-19.1
1512      	17:25:23  	503.0 	-11.0 	47    	28.5     	231   	22.0       	18.1       	5792      	-19.1
1514      	17:25:25  	502.6 	-11.0 	48    	28.4     	230   	21.9       	18.1       	5797      	-19.1
1516      	17:25:27  	502.3 	-11.1 	48    	28.3     	231   	21.9       	18.0       	5803      	-19.1
1518      	17:25:29  	501.9 	-11.1 	48    	28.3     	231   	21.9       	17.9       	5808      	-19.1
1520      	17:25:31  	501.5 	-11.2 	48    	28.1     	231   	21.8       	17.8       	5814      	-19.1
1522      	17:25:33  	501.2 	-11.3 	48    	28.1     	231   	21.8       	17.8       	5819      	-19.1
1524      	17:25:35  	500.8 	-11.3 	49    	28.0     	231   	21.7       	17.7       	5825      	-19.1
1526      	17:25:37  	500.5 	-11.4 	49    	27.9     	231   	21.7       	17.6       	5830      	-19.2
1528      	17:25:39  	500.1 	-11.5 	49    	27.9     	231   	21.6       	17.7       	5836      	-19.2
1530      	17:25:41  	499.7 	-11.6 	49    	27.9     	231   	21.6       	17.7       	5841      	-19.3
1532      	17:25:43  	499.3 	-11.6 	49    	27.9     	231   	21.6       	17.7       	5847      	-19.3
1534      	17:25:45  	499.0 	-11.7 	49    	27.9     	231   	21.6       	17.7       	5853      	-19.4
1536      	17:25:47  	498.6 	-11.7 	49    	28.0     	231   	21.6       	17.8       	5859      	-19.4
1538      	17:25:49  	498.2 	-11.8 	49    	28.0     	231   	21.6       	17.8       	5865      	-19.4
1540      	17:25:51  	497.8 	-11.8 	50    	28.0     	231   	21.6       	17.8       	5872      	-19.4
1542      	17:25:53  	497.4 	-11.8 	50    	28.0     	231   	21.6       	17.8       	5878      	-19.4
1544      	17:25:55  	497.0 	-11.9 	50    	28.0     	231   	21.6       	17.8       	5884      	-19.4
1546      	17:25:57  	496.6 	-11.9 	50    	27.9     	231   	21.6       	17.7       	5889      	-19.4
1548      	17:25:59  	496.2 	-12.0 	50    	27.8     	231   	21.5       	17.7       	5895      	-19.4
1550      	17:26:01  	495.8 	-12.0 	51    	27.8     	231   	21.5       	17.6       	5901      	-19.3
1552      	17:26:03  	495.4 	-12.1 	51    	27.7     	231   	21.5       	17.5       	5907      	-19.3
1554      	17:26:05  	495.1 	-12.1 	51    	27.7     	231   	21.5       	17.4       	5913      	-19.4
1556      	17:26:07  	494.7 	-12.2 	51    	27.5     	231   	21.4       	17.3       	5919      	-19.4
1558      	17:26:09  	494.3 	-12.2 	51    	27.4     	231   	21.4       	17.1       	5925      	-19.5
1560      	17:26:11  	493.9 	-12.3 	51    	27.2     	232   	21.4       	16.8       	5931      	-19.5
1562      	17:26:13  	493.6 	-12.3 	51    	27.1     	232   	21.4       	16.6       	5936      	-19.5
1564      	17:26:15  	493.2 	-12.4 	51    	26.9     	232   	21.3       	16.4       	5942      	-19.6
1566      	17:26:17  	492.9 	-12.4 	51    	26.8     	233   	21.3       	16.2       	5947      	-19.6
1568      	17:26:19  	492.5 	-12.5 	51    	26.7     	233   	21.3       	16.1       	5953      	-19.6
1570      	17:26:21  	492.1 	-12.5 	52    	26.7     	233   	21.4       	16.0       	5959      	-19.6
1572      	17:26:23  	491.8 	-12.6 	52    	26.6     	234   	21.4       	15.8       	5964      	-19.6
1574      	17:26:25  	491.4 	-12.6 	52    	26.5     	234   	21.4       	15.7       	5970      	-19.6
1576      	17:26:27  	491.0 	-12.6 	53    	26.5     	234   	21.4       	15.6       	5975      	-19.5
1578      	17:26:29  	490.7 	-12.7 	53    	26.5     	234   	21.4       	15.6       	5981      	-19.5
1580      	17:26:31  	490.3 	-12.7 	53    	26.6     	234   	21.5       	15.6       	5987      	-19.6
1582      	17:26:33  	490.0 	-12.8 	53    	26.6     	234   	21.5       	15.6       	5992      	-19.6
1584      	17:26:35  	489.6 	-12.9 	54    	26.5     	234   	21.5       	15.5       	5998      	-19.6
1586      	17:26:37  	489.2 	-12.9 	54    	26.6     	234   	21.6       	15.5       	6004      	-19.6
1588      	17:26:39  	488.9 	-13.0 	54    	26.5     	235   	21.6       	15.4       	6009      	-19.6
1590      	17:26:41  	488.5 	-13.0 	54    	26.6     	235   	21.7       	15.4       	6015      	-19.6
1592      	17:26:43  	488.2 	-13.1 	55    	26.6     	235   	21.7       	15.4       	6020      	-19.6
1594      	17:26:45  	487.8 	-13.2 	55    	26.6     	235   	21.7       	15.3       	6026      	-19.6
1596      	17:26:47  	487.5 	-13.2 	55    	26.5     	235   	21.8       	15.1       	6031      	-19.6
1598      	17:26:49  	487.1 	-13.2 	55    	26.5     	236   	21.9       	14.9       	6037      	-19.6
1600      	17:26:51  	486.8 	-13.2 	55    	26.5     	236   	22.0       	14.7       	6042      	-19.6
1602      	17:26:53  	486.4 	-13.3 	55    	26.3     	237   	22.0       	14.5       	6048      	-19.6
1604      	17:26:55  	486.1 	-13.3 	55    	26.3     	237   	22.1       	14.3       	6053      	-19.7
1606      	17:26:57  	485.8 	-13.3 	55    	26.2     	237   	22.1       	14.1       	6058      	-19.7
1608      	17:26:59  	485.4 	-13.4 	55    	26.1     	238   	22.1       	13.9       	6063      	-19.8
1610      	17:27:01  	485.1 	-13.4 	55    	26.0     	238   	22.1       	13.7       	6068      	-19.8
1612      	17:27:03  	484.8 	-13.5 	55    	25.8     	239   	22.1       	13.4       	6073      	-19.8
1614      	17:27:05  	484.5 	-13.5 	55    	25.6     	239   	22.0       	13.1       	6077      	-19.9
1616      	17:27:07  	484.2 	-13.6 	55    	25.6     	239   	22.0       	13.0       	6082      	-19.9
1618      	17:27:09  	483.9 	-13.6 	56    	25.4     	240   	21.9       	12.9       	6087      	-19.9
1620      	17:27:11  	483.5 	-13.6 	56    	25.3     	240   	21.8       	12.8       	6093      	-19.9
1622      	17:27:13  	483.2 	-13.7 	56    	25.2     	240   	21.8       	12.7       	6098      	-19.9
1624      	17:27:15  	482.8 	-13.7 	56    	25.1     	240   	21.7       	12.6       	6104      	-19.9
1626      	17:27:17  	482.5 	-13.8 	56    	25.0     	240   	21.6       	12.5       	6109      	-19.9
1628      	17:27:19  	482.2 	-13.8 	56    	24.8     	240   	21.5       	12.4       	6114      	-19.9
1630      	17:27:21  	481.8 	-13.9 	56    	24.8     	240   	21.5       	12.3       	6120      	-20.0
1632      	17:27:23  	481.5 	-14.0 	56    	24.8     	240   	21.5       	12.3       	6125      	-20.1
1634      	17:27:25  	481.2 	-14.0 	56    	24.8     	240   	21.5       	12.3       	6130      	-20.2
1636      	17:27:27  	480.9 	-14.1 	56    	24.8     	240   	21.5       	12.3       	6135      	-20.2
1638      	17:27:29  	480.6 	-14.1 	56    	24.8     	240   	21.5       	12.4       	6140      	-20.2
1640      	17:27:31  	480.2 	-14.1 	56    	24.8     	240   	21.5       	12.4       	6145      	-20.2
1642      	17:27:33  	479.9 	-14.2 	57    	24.9     	240   	21.5       	12.5       	6150      	-20.2
1644      	17:27:35  	479.6 	-14.2 	57    	24.9     	240   	21.5       	12.5       	6155      	-20.2
1646      	17:27:37  	479.3 	-14.3 	57    	24.9     	240   	21.5       	12.6       	6160      	-20.2
1648      	17:27:39  	479.0 	-14.3 	57    	24.9     	240   	21.5       	12.6       	6165      	-20.2
1650      	17:27:41  	478.6 	-14.3 	58    	24.9     	239   	21.4       	12.7       	6170      	-20.2
1652      	17:27:43  	478.3 	-14.4 	58    	24.8     	239   	21.3       	12.7       	6175      	-20.2
1654      	17:27:45  	478.0 	-14.4 	58    	24.8     	239   	21.3       	12.7       	6180      	-20.2
1656      	17:27:47  	477.7 	-14.5 	58    	24.7     	239   	21.2       	12.7       	6185      	-20.3
1658      	17:27:49  	477.4 	-14.5 	58    	24.6     	239   	21.1       	12.7       	6190      	-20.3
1660      	17:27:51  	477.1 	-14.6 	58    	24.5     	239   	21.0       	12.6       	6194      	-20.4
1662      	17:27:53  	476.8 	-14.6 	58    	24.4     	239   	20.9       	12.6       	6199      	-20.4
1664      	17:27:55  	476.5 	-14.6 	58    	24.3     	239   	20.8       	12.6       	6204      	-20.5
1666      	17:27:57  	476.2 	-14.7 	58    	24.3     	239   	20.8       	12.6       	6209      	-20.5
1668      	17:27:59  	475.9 	-14.7 	57    	24.2     	239   	20.7       	12.6       	6214      	-20.6
1670      	17:28:01  	475.6 	-14.8 	57    	24.3     	238   	20.7       	12.7       	6219      	-20.7
1672      	17:28:03  	475.3 	-14.8 	57    	24.3     	238   	20.7       	12.7       	6224      	-20.7
1674      	17:28:05  	475.0 	-14.9 	57    	24.3     	238   	20.7       	12.7       	6229      	-20.8
1676      	17:28:07  	474.6 	-14.9 	58    	24.3     	238   	20.6       	12.8       	6234      	-20.8
1678      	17:28:09  	474.3 	-15.0 	58    	24.3     	238   	20.6       	12.9       	6239      	-20.8
1680      	17:28:11  	474.0 	-15.0 	58    	24.2     	238   	20.5       	12.9       	6244      	-20.8
1682      	17:28:13  	473.7 	-15.0 	58    	24.3     	238   	20.5       	13.0       	6249      	-20.8
1684      	17:28:15  	473.4 	-15.1 	58    	24.2     	237   	20.4       	13.0       	6253      	-20.9
1686      	17:28:17  	473.1 	-15.1 	58    	24.2     	237   	20.4       	13.1       	6258      	-20.9
1688      	17:28:19  	472.8 	-15.2 	58    	24.2     	237   	20.3       	13.2       	6263      	-21.0
1690      	17:28:21  	472.5 	-15.2 	58    	24.3     	237   	20.3       	13.3       	6268      	-21.1
1692      	17:28:23  	472.2 	-15.2 	57    	24.2     	237   	20.2       	13.3       	6273      	-21.2
1694      	17:28:25  	471.8 	-15.2 	56    	24.2     	236   	20.2       	13.4       	6278      	-21.4
1696      	17:28:27  	471.5 	-15.1 	54    	24.2     	236   	20.1       	13.4       	6284      	-21.6
1698      	17:28:29  	471.2 	-15.1 	52    	24.2     	236   	20.1       	13.4       	6289      	-22.1
1700      	17:28:31  	470.9 	-15.0 	49    	24.3     	237   	20.3       	13.4       	6294      	-22.5
1702      	17:28:33  	470.6 	-14.9 	46    	24.4     	237   	20.4       	13.4       	6299      	-23.1
1704      	17:28:35  	470.2 	-14.8 	43    	24.5     	237   	20.6       	13.3       	6304      	-23.7
1706      	17:28:37  	469.9 	-14.6 	39    	24.6     	238   	20.8       	13.2       	6309      	-24.6
1708      	17:28:39  	469.6 	-14.4 	34    	24.8     	238   	21.0       	13.2       	6315      	-25.5
1710      	17:28:41  	469.3 	-14.3 	31    	24.9     	238   	21.2       	13.1       	6319      	-26.5
1712      	17:28:43  	469.0 	-14.2 	28    	25.1     	239   	21.5       	13.0       	6324      	-27.4
1714      	17:28:45  	468.7 	-14.1 	26    	25.5     	240   	22.0       	12.8       	6329      	-27.9
1716      	17:28:47  	468.4 	-14.0 	24    	25.8     	241   	22.5       	12.7       	6333      	-28.8
1718      	17:28:49  	468.2 	-13.8 	21    	26.1     	241   	22.9       	12.5       	6338      	-29.9
1720      	17:28:51  	467.9 	-13.7 	19    	26.4     	242   	23.2       	12.5       	6342      	-30.9
1722      	17:28:53  	467.6 	-13.6 	17    	26.6     	242   	23.5       	12.4       	6347      	-31.5
1724      	17:28:55  	467.3 	-13.6 	16    	26.8     	243   	23.8       	12.3       	6352      	-32.1
1726      	17:28:57  	467.0 	-13.6 	15    	27.0     	243   	24.1       	12.1       	6356      	-32.5
1728      	17:28:59  	466.8 	-13.5 	15    	27.1     	244   	24.4       	11.9       	6361      	-32.9
1730      	17:29:01  	466.5 	-13.5 	14    	27.3     	245   	24.7       	11.7       	6365      	-33.2
1732      	17:29:03  	466.2 	-13.5 	14    	27.5     	245   	24.9       	11.6       	6369      	-33.3
1734      	17:29:05  	465.9 	-13.4 	14    	27.4     	245   	24.9       	11.4       	6374      	-33.3
1736      	17:29:07  	465.7 	-13.4 	14    	27.3     	246   	24.9       	11.3       	6378      	-33.3
1738      	17:29:09  	465.4 	-13.5 	14    	27.4     	246   	25.0       	11.1       	6383      	-33.2
1740      	17:29:11  	465.1 	-13.5 	14    	27.4     	247   	25.1       	10.9       	6387      	-33.1
1742      	17:29:13  	464.8 	-13.5 	15    	27.4     	247   	25.2       	10.7       	6392      	-33.1
1744      	17:29:15  	464.5 	-13.5 	15    	27.3     	247   	25.2       	10.5       	6397      	-33.0
1746      	17:29:17  	464.3 	-13.6 	15    	27.4     	248   	25.3       	10.4       	6401      	-33.0
1748      	17:29:19  	464.0 	-13.6 	15    	27.3     	248   	25.3       	10.3       	6406      	-32.9
1750      	17:29:21  	463.7 	-13.6 	15    	27.4     	248   	25.4       	10.2       	6411      	-32.7
1752      	17:29:23  	463.4 	-13.6 	15    	27.3     	248   	25.4       	10.1       	6415      	-32.7
1754      	17:29:25  	463.1 	-13.6 	15    	27.4     	249   	25.5       	9.9        	6419      	-32.6
1756      	17:29:27  	462.9 	-13.7 	16    	27.4     	249   	25.6       	9.8        	6424      	-32.5
1758      	17:29:29  	462.6 	-13.7 	16    	27.4     	249   	25.6       	9.7        	6428      	-32.4
1760      	17:29:31  	462.3 	-13.7 	16    	27.5     	249   	25.7       	9.7        	6433      	-32.3
1762      	17:29:33  	462.0 	-13.7 	16    	27.4     	250   	25.7       	9.6        	6438      	-32.2
1764      	17:29:35  	461.8 	-13.7 	17    	27.5     	250   	25.8       	9.5        	6442      	-32.0
1766      	17:29:37  	461.5 	-13.8 	17    	27.6     	250   	25.9       	9.4        	6447      	-31.8
1768      	17:29:39  	461.2 	-13.8 	17    	27.6     	250   	26.0       	9.3        	6452      	-31.7
1770      	17:29:41  	460.9 	-13.8 	18    	27.7     	251   	26.1       	9.2        	6456      	-31.5
1772      	17:29:43  	460.6 	-13.8 	18    	27.6     	251   	26.1       	9.1        	6461      	-31.4
1774      	17:29:45  	460.3 	-13.9 	18    	27.7     	251   	26.2       	9.0        	6466      	-31.4
1776      	17:29:47  	460.0 	-13.9 	18    	27.8     	251   	26.3       	8.9        	6470      	-31.4
1778      	17:29:49  	459.8 	-13.9 	18    	27.8     	252   	26.4       	8.8        	6475      	-31.5
1780      	17:29:51  	459.5 	-13.9 	18    	27.9     	252   	26.5       	8.7        	6480      	-31.5
1782      	17:29:53  	459.2 	-14.0 	18    	28.0     	252   	26.6       	8.6        	6484      	-31.6
1784      	17:29:55  	458.9 	-14.0 	18    	28.0     	252   	26.6       	8.6        	6489      	-31.7
1786      	17:29:57  	458.7 	-14.0 	18    	28.1     	252   	26.7       	8.6        	6494      	-31.7
1788      	17:29:59  	458.4 	-14.1 	18    	28.1     	252   	26.8       	8.5        	6498      	-31.7
1790      	17:30:01  	458.1 	-14.1 	18    	28.1     	252   	26.8       	8.5        	6502      	-31.7
1792      	17:30:03  	457.9 	-14.1 	18    	28.2     	252   	26.9       	8.5        	6507      	-31.6
1794      	17:30:05  	457.6 	-14.2 	18    	28.3     	253   	27.0       	8.4        	6511      	-31.6
1796      	17:30:07  	457.3 	-14.2 	18    	28.3     	253   	27.0       	8.4        	6515      	-31.6
1798      	17:30:09  	457.1 	-14.3 	18    	28.3     	253   	27.0       	8.4        	6520      	-31.6
1800      	17:30:11  	456.8 	-14.3 	18    	28.3     	253   	27.0       	8.4        	6524      	-31.6
1802      	17:30:13  	456.5 	-14.3 	18    	28.2     	253   	27.0       	8.3        	6529      	-31.5
1804      	17:30:15  	456.2 	-14.4 	18    	28.3     	253   	27.1       	8.3        	6534      	-31.6
1806      	17:30:17  	456.0 	-14.4 	18    	28.3     	253   	27.1       	8.3        	6538      	-31.6
1808      	17:30:19  	455.7 	-14.5 	18    	28.3     	253   	27.1       	8.3        	6543      	-31.6
1810      	17:30:21  	455.4 	-14.5 	18    	28.5     	253   	27.2       	8.4        	6547      	-31.7
1812      	17:30:23  	455.1 	-14.6 	19    	28.5     	253   	27.2       	8.4        	6552      	-31.6
1814      	17:30:25  	454.9 	-14.6 	19    	28.5     	253   	27.2       	8.4        	6556      	-31.6
1816      	17:30:27  	454.6 	-14.6 	19    	28.5     	253   	27.2       	8.4        	6561      	-31.6
1818      	17:30:29  	454.3 	-14.7 	19    	28.5     	253   	27.2       	8.4        	6565      	-31.6
1820      	17:30:31  	454.1 	-14.7 	19    	28.5     	253   	27.2       	8.4        	6570      	-31.6
1822      	17:30:33  	453.8 	-14.7 	19    	28.5     	253   	27.2       	8.4        	6574      	-31.6
1824      	17:30:35  	453.5 	-14.8 	19    	28.5     	253   	27.2       	8.4        	6579      	-31.6
1826      	17:30:37  	453.3 	-14.8 	19    	28.4     	253   	27.1       	8.4        	6583      	-31.6
1828      	17:30:39  	453.0 	-14.9 	19    	28.4     	253   	27.1       	8.4        	6588      	-31.7
1830      	17:30:41  	452.7 	-15.0 	19    	28.5     	253   	27.2       	8.4        	6592      	-31.7
1832      	17:30:43  	452.4 	-15.0 	19    	28.5     	253   	27.2       	8.4        	6597      	-31.8
1834      	17:30:45  	452.2 	-15.1 	19    	28.5     	253   	27.2       	8.4        	6601      	-31.8
1836      	17:30:47  	451.9 	-15.1 	19    	28.6     	253   	27.3       	8.4        	6606      	-31.9
1838      	17:30:49  	451.6 	-15.2 	19    	28.6     	253   	27.3       	8.4        	6611      	-31.9
1840      	17:30:51  	451.4 	-15.2 	19    	28.7     	253   	27.4       	8.4        	6615      	-31.9
1842      	17:30:53  	451.1 	-15.3 	19    	28.8     	253   	27.5       	8.4        	6619      	-31.9
1844      	17:30:55  	450.8 	-15.3 	19    	28.9     	253   	27.7       	8.4        	6624      	-31.9
1846      	17:30:57  	450.5 	-15.3 	19    	29.1     	253   	27.8       	8.5        	6629      	-31.9
1848      	17:30:59  	450.3 	-15.4 	19    	29.2     	253   	27.9       	8.5        	6633      	-31.9
1850      	17:31:01  	450.0 	-15.4 	20    	29.3     	253   	28.0       	8.5        	6638      	-31.9
1852      	17:31:03  	449.7 	-15.5 	20    	29.4     	253   	28.1       	8.5        	6643      	-31.9
1854      	17:31:05  	449.4 	-15.5 	20    	29.5     	253   	28.2       	8.6        	6648      	-32.0
1856      	17:31:07  	449.1 	-15.6 	20    	29.7     	253   	28.4       	8.6        	6653      	-32.0
1858      	17:31:09  	448.8 	-15.6 	20    	29.9     	253   	28.6       	8.6        	6657      	-32.1
1860      	17:31:11  	448.6 	-15.6 	19    	30.1     	253   	28.8       	8.7        	6662      	-32.2
1862      	17:31:13  	448.3 	-15.7 	19    	30.2     	253   	28.9       	8.7        	6666      	-32.3
1864      	17:31:15  	448.0 	-15.7 	19    	30.3     	253   	29.0       	8.7        	6671      	-32.4
1866      	17:31:17  	447.8 	-15.8 	19    	30.4     	253   	29.1       	8.7        	6675      	-32.5
1868      	17:31:19  	447.5 	-15.8 	19    	30.6     	253   	29.3       	8.7        	6680      	-32.7
1870      	17:31:21  	447.2 	-15.8 	18    	30.8     	253   	29.5       	8.8        	6685      	-32.8
1872      	17:31:23  	446.9 	-15.9 	18    	31.0     	253   	29.7       	8.9        	6690      	-33.0
1874      	17:31:25  	446.6 	-15.9 	18    	31.1     	253   	29.8       	8.9        	6694      	-33.2
1876      	17:31:27  	446.4 	-15.9 	18    	31.2     	253   	29.9       	9.0        	6699      	-33.4
1878      	17:31:29  	446.1 	-15.9 	17    	31.3     	253   	30.0       	9.0        	6704      	-33.5
1880      	17:31:31  	445.8 	-15.9 	17    	31.5     	253   	30.2       	9.1        	6708      	-33.6
1882      	17:31:33  	445.6 	-16.0 	17    	31.7     	253   	30.3       	9.2        	6712      	-33.6
1884      	17:31:35  	445.3 	-16.0 	17    	31.8     	253   	30.4       	9.3        	6717      	-33.8
1886      	17:31:37  	445.0 	-16.0 	17    	32.0     	253   	30.6       	9.4        	6721      	-33.8
1888      	17:31:39  	444.8 	-16.1 	17    	32.0     	253   	30.6       	9.5        	6726      	-33.9
1890      	17:31:41  	444.5 	-16.1 	17    	32.1     	253   	30.7       	9.5        	6730      	-33.9
1892      	17:31:43  	444.2 	-16.1 	17    	32.3     	253   	30.8       	9.6        	6735      	-34.0
1894      	17:31:45  	444.0 	-16.1 	17    	32.5     	253   	31.0       	9.7        	6739      	-34.1
1896      	17:31:47  	443.7 	-16.1 	16    	32.7     	253   	31.2       	9.8        	6744      	-34.3
1898      	17:31:49  	443.4 	-16.2 	16    	32.9     	252   	31.3       	10.0       	6748      	-34.4
1900      	17:31:51  	443.2 	-16.2 	16    	33.0     	252   	31.4       	10.0       	6753      	-34.4
1902      	17:31:53  	442.9 	-16.2 	16    	33.1     	252   	31.5       	10.1       	6757      	-34.6
1904      	17:31:55  	442.6 	-16.3 	16    	33.2     	252   	31.6       	10.1       	6762      	-34.6
1906      	17:31:57  	442.4 	-16.3 	16    	33.5     	252   	31.9       	10.3       	6766      	-34.7
1908      	17:31:59  	442.1 	-16.3 	16    	33.7     	252   	32.1       	10.4       	6771      	-34.7
1910      	17:32:01  	441.8 	-16.4 	16    	34.0     	252   	32.3       	10.5       	6775      	-34.8
1912      	17:32:03  	441.6 	-16.4 	16    	34.2     	252   	32.5       	10.6       	6780      	-34.8
1914      	17:32:05  	441.3 	-16.4 	16    	34.4     	252   	32.7       	10.7       	6785      	-34.9
1916      	17:32:07  	441.0 	-16.4 	15    	34.5     	252   	32.8       	10.7       	6789      	-35.0
1918      	17:32:09  	440.8 	-16.4 	15    	34.6     	252   	32.9       	10.8       	6794      	-35.2
1920      	17:32:11  	440.5 	-16.4 	15    	34.8     	252   	33.0       	10.9       	6798      	-35.4
1922      	17:32:13  	440.3 	-16.5 	14    	34.9     	252   	33.1       	11.0       	6802      	-35.6
1924      	17:32:15  	440.0 	-16.5 	14    	35.0     	252   	33.2       	11.1       	6807      	-35.9
1926      	17:32:17  	439.7 	-16.5 	14    	34.9     	251   	33.1       	11.1       	6812      	-36.1
1928      	17:32:19  	439.4 	-16.5 	13    	34.9     	251   	33.1       	11.2       	6816      	-36.4
1930      	17:32:21  	439.2 	-16.5 	13    	34.8     	251   	33.0       	11.2       	6821      	-36.6
1932      	17:32:23  	438.9 	-16.6 	13    	34.8     	251   	32.9       	11.2       	6826      	-36.9
1934      	17:32:25  	438.6 	-16.6 	12    	34.6     	251   	32.7       	11.2       	6830      	-37.2
1936      	17:32:27  	438.4 	-16.6 	12    	34.5     	251   	32.6       	11.2       	6835      	-37.5
1938      	17:32:29  	438.1 	-16.7 	12    	34.3     	251   	32.4       	11.2       	6840      	-37.7
1940      	17:32:31  	437.8 	-16.7 	11    	34.2     	251   	32.3       	11.2       	6844      	-38.0
1942      	17:32:33  	437.5 	-16.7 	11    	34.1     	251   	32.2       	11.2       	6849      	-38.2
1944      	17:32:35  	437.3 	-16.7 	11    	33.9     	251   	32.0       	11.1       	6854      	-38.4
1946      	17:32:37  	437.0 	-16.8 	11    	33.7     	251   	31.8       	11.1       	6858      	-38.6
1948      	17:32:39  	436.7 	-16.8 	11    	33.5     	251   	31.6       	11.1       	6863      	-38.7
1950      	17:32:41  	436.4 	-16.8 	11    	33.3     	251   	31.4       	11.1       	6868      	-38.8
1952      	17:32:43  	436.1 	-16.9 	10    	33.2     	250   	31.3       	11.2       	6873      	-38.9
1954      	17:32:45  	435.9 	-16.9 	10    	33.1     	250   	31.2       	11.2       	6878      	-39.0
1956      	17:32:47  	435.6 	-16.9 	10    	33.1     	250   	31.1       	11.2       	6883      	-39.1
1958      	17:32:49  	435.3 	-16.9 	10    	33.0     	250   	31.0       	11.3       	6888      	-39.2
1960      	17:32:51  	435.0 	-17.0 	10    	32.8     	250   	30.8       	11.3       	6893      	-39.4
1962      	17:32:53  	434.7 	-17.0 	10    	32.7     	250   	30.6       	11.4       	6898      	-39.6
1964      	17:32:55  	434.4 	-17.0 	9     	32.6     	250   	30.5       	11.4       	6902      	-39.9
1966      	17:32:57  	434.2 	-17.0 	9     	32.5     	249   	30.4       	11.4       	6907      	-40.3
1968      	17:32:59  	433.9 	-17.0 	9     	32.4     	249   	30.3       	11.5       	6912      	-40.7
1970      	17:33:01  	433.6 	-17.0 	8     	32.3     	249   	30.2       	11.5       	6917      	-41.3
1972      	17:33:03  	433.3 	-17.0 	8     	32.3     	249   	30.1       	11.6       	6922      	-41.9
1974      	17:33:05  	433.0 	-17.0 	7     	32.2     	249   	30.0       	11.7       	6927      	-42.4
1976      	17:33:07  	432.7 	-16.9 	7     	32.2     	248   	29.9       	11.9       	6932      	-43.0
1978      	17:33:09  	432.4 	-16.9 	6     	32.2     	248   	29.9       	11.9       	6938      	-43.8
1980      	17:33:11  	432.1 	-16.9 	5     	32.2     	248   	29.9       	12.0       	6943      	-44.7
1982      	17:33:13  	431.8 	-16.9 	5     	32.3     	248   	29.9       	12.1       	6948      	-45.5
1984      	17:33:15  	431.5 	-16.8 	4     	32.4     	248   	30.0       	12.2       	6953      	-46.3
1986      	17:33:17  	431.2 	-16.8 	4     	32.5     	248   	30.1       	12.2       	6958      	-47.1
1988      	17:33:19  	430.9 	-16.8 	4     	32.6     	248   	30.2       	12.3       	6964      	-47.9
1990      	17:33:21  	430.6 	-16.7 	3     	32.6     	248   	30.2       	12.3       	6969      	-48.9
1992      	17:33:23  	430.3 	-16.7 	3     	32.7     	248   	30.3       	12.2       	6974      	-49.7
1994      	17:33:25  	430.0 	-16.7 	3     	32.8     	248   	30.4       	12.2       	6979      	-50.1
1996      	17:33:27  	429.7 	-16.7 	3     	32.8     	248   	30.5       	12.1       	6984      	-50.3
1998      	17:33:29  	429.5 	-16.7 	3     	33.0     	249   	30.7       	12.0       	6989      	-50.4
2000      	17:33:31  	429.2 	-16.8 	3     	33.0     	249   	30.8       	11.9       	6994      	-50.3
2002      	17:33:33  	428.9 	-16.8 	3     	33.2     	249   	31.0       	11.8       	6999      	-50.0
2004      	17:33:35  	428.6 	-16.8 	3     	33.2     	249   	31.1       	11.7       	7004      	-49.7
2006      	17:33:37  	428.3 	-16.8 	3     	33.3     	250   	31.2       	11.6       	7009      	-49.4
2008      	17:33:39  	428.0 	-16.9 	3     	33.3     	250   	31.3       	11.5       	7015      	-49.0
2010      	17:33:41  	427.7 	-16.9 	3     	33.5     	250   	31.5       	11.4       	7020      	-48.6
2012      	17:33:43  	427.4 	-17.0 	4     	33.6     	250   	31.6       	11.3       	7025      	-48.2
2014      	17:33:45  	427.1 	-17.0 	4     	33.7     	251   	31.8       	11.2       	7030      	-47.9
2016      	17:33:47  	426.8 	-17.1 	4     	33.8     	251   	31.9       	11.1       	7035      	-47.6
2018      	17:33:49  	426.5 	-17.1 	4     	33.7     	251   	31.9       	11.0       	7040      	-47.3
2020      	17:33:51  	426.2 	-17.2 	4     	33.8     	251   	32.0       	11.0       	7046      	-47.2
2022      	17:33:53  	425.9 	-17.2 	4     	33.8     	251   	32.0       	10.9       	7051      	-47.2
2024      	17:33:55  	425.6 	-17.2 	4     	34.0     	251   	32.2       	10.9       	7056      	-47.4
2026      	17:33:57  	425.3 	-17.3 	4     	34.1     	251   	32.3       	10.9       	7061      	-47.6
2028      	17:33:59  	425.1 	-17.3 	4     	34.2     	252   	32.4       	10.8       	7066      	-48.0
2030      	17:34:01  	424.8 	-17.3 	4     	34.3     	251   	32.5       	10.9       	7071      	-48.4
2032      	17:34:03  	424.5 	-17.4 	3     	34.3     	251   	32.5       	10.9       	7076      	-48.8
2034      	17:34:05  	424.2 	-17.4 	3     	34.4     	252   	32.6       	10.9       	7082      	-49.1
2036      	17:34:07  	423.9 	-17.4 	3     	34.5     	251   	32.7       	11.0       	7087      	-49.2
2038      	17:34:09  	423.6 	-17.5 	3     	34.5     	251   	32.7       	11.0       	7092      	-49.2
2040      	17:34:11  	423.3 	-17.5 	3     	34.6     	251   	32.8       	11.1       	7098      	-49.1
2042      	17:34:13  	423.0 	-17.5 	3     	34.8     	251   	32.9       	11.2       	7103      	-49.0
2044      	17:34:15  	422.6 	-17.5 	3     	34.8     	251   	32.9       	11.3       	7109      	-48.9
2046      	17:34:17  	422.3 	-17.6 	3     	34.8     	251   	32.9       	11.3       	7114      	-48.9
2048      	17:34:19  	422.0 	-17.6 	3     	34.8     	251   	32.9       	11.4       	7119      	-49.0
2050      	17:34:21  	421.7 	-17.7 	3     	34.9     	251   	32.9       	11.5       	7124      	-49.1
2052      	17:34:23  	421.4 	-17.7 	3     	34.9     	251   	32.9       	11.6       	7130      	-49.4
2054      	17:34:25  	421.1 	-17.7 	3     	34.9     	250   	32.9       	11.7       	7135      	-49.8
2056      	17:34:27  	420.8 	-17.7 	3     	34.9     	250   	32.9       	11.7       	7141      	-50.4
2058      	17:34:29  	420.5 	-17.8 	3     	34.9     	250   	32.9       	11.7       	7147      	-51.0
2060      	17:34:31  	420.2 	-17.8 	2     	34.9     	250   	32.9       	11.7       	7152      	-51.7
2062      	17:34:33  	419.9 	-17.8 	2     	34.9     	250   	32.9       	11.7       	7158      	-52.3
2064      	17:34:35  	419.6 	-17.9 	2     	34.9     	250   	32.9       	11.7       	7163      	-52.9
2066      	17:34:37  	419.3 	-17.9 	2     	35.0     	250   	32.9       	11.8       	7169      	-53.3
2068      	17:34:39  	419.0 	-17.9 	2     	35.0     	250   	33.0       	11.8       	7174      	-53.6
2070      	17:34:41  	418.6 	-18.0 	2     	35.0     	250   	33.0       	11.8       	7180      	-53.7
2072      	17:34:43  	418.3 	-18.0 	2     	35.0     	250   	33.0       	11.8       	7185      	-53.6
2074      	17:34:45  	418.0 	-18.1 	2     	35.1     	250   	33.1       	11.8       	7191      	-53.4
2076      	17:34:47  	417.7 	-18.1 	2     	35.1     	251   	33.1       	11.7       	7197      	-53.2
2078      	17:34:49  	417.4 	-18.2 	2     	35.1     	251   	33.1       	11.7       	7203      	-53.0
2080      	17:34:51  	417.1 	-18.2 	2     	35.2     	251   	33.2       	11.6       	7208      	-52.8
2082      	17:34:53  	416.7 	-18.3 	2     	35.2     	251   	33.2       	11.6       	7214      	-52.6
2084      	17:34:55  	416.4 	-18.3 	2     	35.2     	251   	33.2       	11.6       	7219      	-52.5
2086      	17:34:57  	416.1 	-18.4 	2     	35.1     	251   	33.2       	11.5       	7225      	-52.2
2088      	17:34:59  	415.8 	-18.5 	3     	35.2     	251   	33.3       	11.5       	7230      	-51.9
2090      	17:35:01  	415.5 	-18.5 	3     	35.4     	251   	33.5       	11.4       	7236      	-51.5
2092      	17:35:03  	415.2 	-18.5 	3     	35.4     	251   	33.6       	11.3       	7242      	-51.3
2094      	17:35:05  	414.9 	-18.5 	3     	35.5     	251   	33.7       	11.3       	7248      	-51.3
2096      	17:35:07  	414.5 	-18.6 	3     	35.6     	252   	33.8       	11.3       	7254      	-51.2
2098      	17:35:09  	414.2 	-18.6 	3     	35.7     	252   	33.9       	11.3       	7259      	-51.4
2100      	17:35:11  	413.9 	-18.7 	3     	35.8     	252   	34.0       	11.2       	7265      	-51.7
2102      	17:35:13  	413.5 	-18.7 	3     	35.8     	252   	34.0       	11.1       	7271      	-52.0
2104      	17:35:15  	413.2 	-18.8 	2     	35.9     	252   	34.1       	11.1       	7277      	-52.6
2106      	17:35:17  	412.9 	-18.8 	2     	35.8     	252   	34.1       	11.0       	7283      	-53.1
2108      	17:35:19  	412.5 	-18.8 	2     	35.8     	252   	34.1       	11.0       	7289      	-53.4
2110      	17:35:21  	412.2 	-18.9 	2     	35.8     	252   	34.1       	10.9       	7295      	-53.5
2112      	17:35:23  	411.9 	-18.9 	2     	35.7     	252   	34.0       	10.9       	7301      	-53.6
2114      	17:35:25  	411.6 	-19.0 	2     	35.8     	252   	34.1       	10.8       	7307      	-53.6
2116      	17:35:27  	411.2 	-19.0 	2     	35.8     	252   	34.1       	10.8       	7313      	-53.5
2118      	17:35:29  	410.9 	-19.1 	2     	35.8     	252   	34.1       	10.8       	7319      	-53.5
2120      	17:35:31  	410.6 	-19.1 	2     	35.9     	252   	34.2       	10.8       	7325      	-53.5
2122      	17:35:33  	410.2 	-19.2 	2     	35.9     	252   	34.2       	10.8       	7331      	-53.6
2124      	17:35:35  	409.9 	-19.2 	2     	36.0     	253   	34.3       	10.8       	7337      	-53.8
2126      	17:35:37  	409.6 	-19.2 	2     	36.0     	252   	34.3       	10.9       	7343      	-53.9
2128      	17:35:39  	409.2 	-19.3 	2     	36.1     	252   	34.4       	10.9       	7350      	-54.2
2130      	17:35:41  	408.9 	-19.3 	2     	36.2     	252   	34.5       	11.0       	7356      	-54.4
2132      	17:35:43  	408.5 	-19.4 	2     	36.2     	252   	34.5       	11.1       	7362      	-54.7
2134      	17:35:45  	408.2 	-19.4 	2     	36.3     	252   	34.5       	11.2       	7368      	-54.8
2136      	17:35:47  	407.9 	-19.5 	2     	36.4     	252   	34.6       	11.2       	7374      	-54.8
2138      	17:35:49  	407.5 	-19.5 	2     	36.4     	252   	34.6       	11.3       	7380      	-54.7
2140      	17:35:51  	407.2 	-19.6 	2     	36.4     	252   	34.6       	11.4       	7387      	-54.6
2142      	17:35:53  	406.8 	-19.6 	2     	36.6     	252   	34.7       	11.5       	7393      	-54.5
2144      	17:35:55  	406.5 	-19.6 	2     	36.7     	252   	34.8       	11.6       	7400      	-54.3
2146      	17:35:57  	406.1 	-19.7 	2     	36.7     	251   	34.8       	11.7       	7406      	-54.3
2148      	17:35:59  	405.7 	-19.7 	2     	36.8     	251   	34.9       	11.7       	7413      	-54.4
2150      	17:36:01  	405.4 	-19.8 	2     	36.8     	251   	34.9       	11.7       	7419      	-54.6
2152      	17:36:03  	405.0 	-19.8 	2     	36.9     	252   	35.0       	11.7       	7426      	-55.1
2154      	17:36:05  	404.7 	-19.9 	2     	37.0     	252   	35.1       	11.7       	7433      	-55.7
2156      	17:36:07  	404.3 	-19.9 	2     	37.0     	252   	35.1       	11.7       	7439      	-56.2
2158      	17:36:09  	404.0 	-20.0 	2     	37.1     	252   	35.2       	11.7       	7446      	-56.8
2160      	17:36:11  	403.6 	-20.0 	1     	37.1     	252   	35.2       	11.7       	7452      	-57.4
2162      	17:36:13  	403.3 	-20.1 	1     	37.1     	252   	35.2       	11.6       	7458      	-57.7
2164      	17:36:15  	402.9 	-20.1 	1     	37.1     	252   	35.2       	11.6       	7464      	-57.9
2166      	17:36:17  	402.6 	-20.2 	1     	37.1     	252   	35.2       	11.6       	7471      	-57.8
2168      	17:36:19  	402.2 	-20.2 	1     	36.9     	252   	35.1       	11.5       	7477      	-57.5
2170      	17:36:21  	401.9 	-20.3 	2     	36.9     	252   	35.1       	11.5       	7484      	-57.1
2172      	17:36:23  	401.5 	-20.3 	2     	36.9     	252   	35.1       	11.4       	7491      	-56.8
2174      	17:36:25  	401.1 	-20.4 	2     	36.8     	252   	35.0       	11.4       	7497      	-56.4
2176      	17:36:27  	400.8 	-20.4 	2     	36.8     	252   	35.0       	11.4       	7504      	-56.1
2178      	17:36:29  	400.4 	-20.5 	2     	36.7     	252   	34.9       	11.4       	7511      	-55.9
2180      	17:36:31  	400.0 	-20.5 	2     	36.6     	252   	34.8       	11.4       	7518      	-55.7
2182      	17:36:33  	399.7 	-20.6 	2     	36.7     	252   	34.8       	11.5       	7524      	-55.6
2184      	17:36:35  	399.3 	-20.6 	2     	36.6     	252   	34.7       	11.5       	7531      	-55.5
2186      	17:36:37  	399.0 	-20.7 	2     	36.6     	252   	34.7       	11.5       	7537      	-55.4
2188      	17:36:39  	398.6 	-20.7 	2     	36.6     	252   	34.7       	11.6       	7544      	-55.3
2190      	17:36:41  	398.3 	-20.8 	2     	36.6     	252   	34.7       	11.6       	7550      	-55.3
2192      	17:36:43  	397.9 	-20.8 	2     	36.5     	251   	34.6       	11.7       	7557      	-55.2
2194      	17:36:45  	397.5 	-20.8 	2     	36.5     	251   	34.6       	11.7       	7564      	-55.1
2196      	17:36:47  	397.2 	-20.9 	2     	36.5     	251   	34.5       	11.8       	7570      	-55.1
2198      	17:36:49  	396.8 	-20.9 	2     	36.5     	251   	34.5       	11.8       	7577      	-55.1
2200      	17:36:51  	396.5 	-21.0 	2     	36.5     	251   	34.5       	11.9       	7584      	-55.0
2202      	17:36:53  	396.1 	-21.1 	2     	36.5     	251   	34.5       	11.9       	7591      	-55.0
2204      	17:36:55  	395.7 	-21.1 	2     	36.5     	251   	34.5       	11.9       	7598      	-55.0
2206      	17:36:57  	395.4 	-21.2 	2     	36.5     	251   	34.5       	12.0       	7605      	-55.0
2208      	17:36:59  	395.0 	-21.2 	2     	36.5     	251   	34.5       	12.0       	7611      	-55.0
2210      	17:37:01  	394.6 	-21.3 	2     	36.5     	251   	34.5       	12.0       	7618      	-54.9
2212      	17:37:03  	394.3 	-21.4 	2     	36.6     	251   	34.6       	12.0       	7625      	-54.8
2214      	17:37:05  	393.9 	-21.4 	2     	36.6     	251   	34.6       	12.0       	7632      	-54.8
2216      	17:37:07  	393.5 	-21.5 	2     	36.7     	251   	34.6       	12.1       	7639      	-54.9
2218      	17:37:09  	393.2 	-21.6 	2     	36.8     	251   	34.7       	12.2       	7645      	-54.9
2220      	17:37:11  	392.8 	-21.6 	2     	36.8     	251   	34.7       	12.2       	7652      	-54.9
2222      	17:37:13  	392.4 	-21.7 	2     	36.8     	250   	34.7       	12.3       	7659      	-54.8
2224      	17:37:15  	392.1 	-21.7 	2     	36.9     	250   	34.8       	12.4       	7666      	-54.7
2226      	17:37:17  	391.7 	-21.8 	3     	36.9     	250   	34.8       	12.4       	7673      	-54.6
2228      	17:37:19  	391.4 	-21.8 	3     	37.0     	250   	34.8       	12.5       	7679      	-54.6
2230      	17:37:21  	391.0 	-21.9 	3     	37.0     	250   	34.8       	12.6       	7686      	-54.6
2232      	17:37:23  	390.6 	-21.9 	3     	37.0     	250   	34.8       	12.7       	7693      	-54.5
2234      	17:37:25  	390.3 	-22.0 	3     	37.1     	250   	34.8       	12.8       	7699      	-54.5
2236      	17:37:27  	389.9 	-22.0 	3     	37.0     	250   	34.7       	12.8       	7706      	-54.5
2238      	17:37:29  	389.5 	-22.1 	3     	37.0     	250   	34.7       	12.9       	7714      	-54.7
2240      	17:37:31  	389.2 	-22.1 	3     	37.0     	250   	34.7       	12.9       	7721      	-54.9
2242      	17:37:33  	388.8 	-22.1 	2     	37.1     	250   	34.8       	13.0       	7728      	-55.2
2244      	17:37:35  	388.4 	-22.2 	2     	37.2     	250   	34.9       	13.0       	7735      	-55.5
2246      	17:37:37  	388.1 	-22.2 	2     	37.4     	249   	35.0       	13.1       	7742      	-55.7
2248      	17:37:39  	387.7 	-22.3 	2     	37.6     	250   	35.2       	13.1       	7749      	-56.1
2250      	17:37:41  	387.3 	-22.4 	2     	37.7     	250   	35.3       	13.1       	7756      	-56.4
2252      	17:37:43  	387.0 	-22.4 	2     	37.7     	250   	35.4       	13.1       	7762      	-56.6
2254      	17:37:45  	386.6 	-22.5 	2     	37.9     	250   	35.6       	13.1       	7769      	-56.8
2256      	17:37:47  	386.2 	-22.5 	2     	38.1     	250   	35.8       	13.1       	7776      	-56.9
2258      	17:37:49  	385.9 	-22.6 	2     	38.3     	250   	36.0       	13.1       	7783      	-57.0
2260      	17:37:51  	385.5 	-22.6 	2     	38.6     	250   	36.3       	13.1       	7790      	-57.2
2262      	17:37:53  	385.2 	-22.7 	2     	38.6     	250   	36.3       	13.0       	7796      	-57.5
2264      	17:37:55  	384.8 	-22.7 	2     	38.7     	250   	36.4       	13.0       	7803      	-57.7
2266      	17:37:57  	384.4 	-22.8 	2     	38.7     	250   	36.5       	13.0       	7810      	-58.0
2268      	17:37:59  	384.1 	-22.8 	2     	38.7     	251   	36.5       	12.9       	7818      	-58.3
2270      	17:38:01  	383.7 	-22.9 	2     	38.8     	251   	36.6       	12.8       	7824      	-58.4
2272      	17:38:03  	383.4 	-22.9 	2     	38.7     	251   	36.6       	12.7       	7831      	-58.6
2274      	17:38:05  	383.0 	-22.9 	2     	38.8     	251   	36.7       	12.6       	7838      	-58.7
2276      	17:38:07  	382.6 	-23.0 	2     	38.7     	251   	36.6       	12.6       	7845      	-58.7
2278      	17:38:09  	382.3 	-23.0 	2     	38.7     	251   	36.6       	12.5       	7852      	-58.6
2280      	17:38:11  	381.9 	-23.1 	2     	38.5     	251   	36.5       	12.4       	7859      	-58.6
2282      	17:38:13  	381.5 	-23.2 	2     	38.5     	251   	36.5       	12.3       	7866      	-58.5
2284      	17:38:15  	381.2 	-23.2 	2     	38.4     	251   	36.4       	12.2       	7873      	-58.4
2286      	17:38:17  	380.8 	-23.3 	2     	38.3     	252   	36.3       	12.1       	7879      	-58.4
2288      	17:38:19  	380.5 	-23.3 	2     	38.2     	252   	36.2       	12.1       	7886      	-58.4
2290      	17:38:21  	380.1 	-23.4 	2     	38.1     	252   	36.2       	12.0       	7893      	-58.3
2292      	17:38:23  	379.8 	-23.4 	2     	38.1     	252   	36.2       	12.0       	7900      	-58.3
2294      	17:38:25  	379.4 	-23.4 	2     	38.0     	252   	36.1       	12.0       	7907      	-58.4
2296      	17:38:27  	379.1 	-23.5 	2     	38.0     	252   	36.1       	11.9       	7913      	-58.5
2298      	17:38:29  	378.7 	-23.5 	2     	38.0     	252   	36.1       	11.8       	7920      	-58.6
2300      	17:38:31  	378.4 	-23.6 	2     	38.0     	252   	36.1       	11.8       	7926      	-58.7
2302      	17:38:33  	378.0 	-23.6 	2     	38.0     	252   	36.1       	11.8       	7933      	-58.7
2304      	17:38:35  	377.7 	-23.7 	2     	38.0     	252   	36.2       	11.7       	7940      	-58.8
2306      	17:38:37  	377.3 	-23.7 	2     	38.0     	252   	36.2       	11.7       	7947      	-58.9
2308      	17:38:39  	377.0 	-23.8 	2     	38.0     	252   	36.2       	11.6       	7954      	-58.9
2310      	17:38:41  	376.6 	-23.9 	2     	38.0     	253   	36.2       	11.4       	7961      	-58.8
2312      	17:38:43  	376.3 	-23.9 	2     	37.9     	253   	36.2       	11.3       	7967      	-58.8
2314      	17:38:45  	375.9 	-23.9 	2     	37.9     	253   	36.2       	11.3       	7974      	-58.8
2316      	17:38:47  	375.6 	-24.0 	2     	37.9     	253   	36.2       	11.2       	7981      	-58.8
2318      	17:38:49  	375.2 	-24.1 	2     	37.8     	253   	36.1       	11.1       	7988      	-58.8
2320      	17:38:51  	374.9 	-24.1 	2     	37.6     	253   	36.0       	10.9       	7994      	-58.8
2322      	17:38:53  	374.6 	-24.2 	2     	37.5     	253   	35.9       	10.8       	8001      	-58.9
2324      	17:38:55  	374.2 	-24.3 	2     	37.3     	254   	35.8       	10.6       	8007      	-59.0
2326      	17:38:57  	373.9 	-24.3 	2     	37.2     	254   	35.7       	10.5       	8014      	-59.0
2328      	17:38:59  	373.6 	-24.4 	2     	37.1     	254   	35.6       	10.4       	8020      	-59.1
2330      	17:39:01  	373.3 	-24.4 	2     	37.0     	254   	35.5       	10.4       	8026      	-59.2
2332      	17:39:03  	372.9 	-24.4 	2     	36.9     	254   	35.4       	10.3       	8032      	-59.4
2334      	17:39:05  	372.6 	-24.5 	2     	36.7     	254   	35.3       	10.1       	8039      	-59.7
2336      	17:39:07  	372.3 	-24.6 	2     	36.6     	254   	35.2       	10.0       	8045      	-59.8
2338      	17:39:09  	372.0 	-24.6 	2     	36.4     	254   	35.1       	9.8        	8052      	-59.9
2340      	17:39:11  	371.6 	-24.6 	2     	36.3     	254   	35.0       	9.8        	8058      	-60.0
2342      	17:39:13  	371.3 	-24.7 	2     	36.3     	255   	35.0       	9.7        	8064      	-60.2
2344      	17:39:15  	371.0 	-24.7 	2     	36.3     	255   	35.0       	9.7        	8070      	-60.2
2346      	17:39:17  	370.7 	-24.7 	2     	36.2     	255   	34.9       	9.6        	8076      	-60.3
2348      	17:39:19  	370.4 	-24.8 	2     	36.1     	255   	34.8       	9.6        	8082      	-60.4
2350      	17:39:21  	370.1 	-24.8 	2     	36.1     	255   	34.8       	9.5        	8089      	-60.5
2352      	17:39:23  	369.7 	-24.9 	2     	36.0     	255   	34.7       	9.5        	8095      	-60.7
2354      	17:39:25  	369.4 	-24.9 	1     	36.0     	255   	34.7       	9.5        	8101      	-61.0
2356      	17:39:27  	369.1 	-25.0 	1     	35.9     	255   	34.6       	9.5        	8107      	-61.2
2358      	17:39:29  	368.8 	-25.0 	1     	35.9     	255   	34.6       	9.5        	8113      	-61.4
2360      	17:39:31  	368.5 	-25.1 	1     	35.8     	255   	34.5       	9.5        	8119      	-61.6
2362      	17:39:33  	368.2 	-25.1 	1     	35.7     	255   	34.4       	9.5        	8125      	-61.7
2364      	17:39:35  	367.9 	-25.2 	1     	35.6     	255   	34.3       	9.5        	8131      	-61.8
2366      	17:39:37  	367.6 	-25.2 	1     	35.6     	255   	34.3       	9.4        	8137      	-61.9
2368      	17:39:39  	367.3 	-25.3 	1     	35.5     	255   	34.2       	9.4        	8143      	-61.9
2370      	17:39:41  	367.0 	-25.3 	1     	35.5     	255   	34.2       	9.4        	8150      	-62.0
2372      	17:39:43  	366.7 	-25.4 	1     	35.4     	255   	34.1       	9.4        	8156      	-62.0
2374      	17:39:45  	366.4 	-25.4 	1     	35.3     	255   	34.1       	9.3        	8162      	-62.0
2376      	17:39:47  	366.0 	-25.5 	1     	35.2     	255   	34.0       	9.3        	8168      	-62.1
2378      	17:39:49  	365.7 	-25.5 	1     	35.2     	255   	33.9       	9.3        	8174      	-62.1
2380      	17:39:51  	365.4 	-25.6 	1     	35.2     	255   	33.9       	9.3        	8180      	-62.1
2382      	17:39:53  	365.1 	-25.6 	1     	35.2     	255   	33.9       	9.3        	8186      	-62.2
2384      	17:39:55  	364.8 	-25.7 	1     	35.2     	255   	33.9       	9.3        	8192      	-62.2
2386      	17:39:57  	364.5 	-25.7 	1     	35.2     	255   	33.9       	9.3        	8198      	-62.2
2388      	17:39:59  	364.2 	-25.7 	1     	35.2     	255   	33.9       	9.3        	8204      	-62.3
2390      	17:40:01  	364.0 	-25.8 	1     	35.2     	255   	33.9       	9.3        	8209      	-62.3
2392      	17:40:03  	363.7 	-25.8 	1     	35.2     	255   	33.9       	9.4        	8215      	-62.3
2394      	17:40:05  	363.4 	-25.8 	1     	35.3     	255   	34.0       	9.4        	8221      	-62.4
2396      	17:40:07  	363.1 	-25.9 	1     	35.3     	255   	34.0       	9.4        	8226      	-62.4
2398      	17:40:09  	362.8 	-25.9 	1     	35.4     	254   	34.1       	9.5        	8232      	-62.4
2400      	17:40:11  	362.5 	-25.9 	1     	35.5     	254   	34.2       	9.6        	8238      	-62.5
2402      	17:40:13  	362.2 	-26.0 	1     	35.6     	254   	34.3       	9.6        	8244      	-62.5
2404      	17:40:15  	362.0 	-26.0 	1     	35.7     	254   	34.4       	9.7        	8249      	-62.5
2406      	17:40:17  	361.7 	-26.0 	1     	35.7     	254   	34.4       	9.7        	8255      	-62.5
2408      	17:40:19  	361.4 	-26.1 	1     	35.8     	254   	34.5       	9.7        	8260      	-62.5
2410      	17:40:21  	361.1 	-26.1 	1     	35.9     	254   	34.6       	9.7        	8266      	-62.5
2412      	17:40:23  	360.8 	-26.2 	1     	36.0     	254   	34.7       	9.7        	8271      	-62.5
2414      	17:40:25  	360.6 	-26.2 	1     	36.0     	254   	34.7       	9.7        	8277      	-62.5
2416      	17:40:27  	360.3 	-26.3 	1     	36.1     	254   	34.8       	9.7        	8282      	-62.5
2418      	17:40:29  	360.0 	-26.3 	1     	36.1     	254   	34.8       	9.7        	8288      	-62.5
2420      	17:40:31  	359.8 	-26.3 	1     	36.1     	254   	34.8       	9.7        	8293      	-62.6
2422      	17:40:33  	359.5 	-26.4 	1     	36.1     	254   	34.8       	9.7        	8298      	-62.6
2424      	17:40:35  	359.2 	-26.4 	1     	36.0     	255   	34.7       	9.6        	8304      	-62.6
2426      	17:40:37  	359.0 	-26.5 	1     	36.0     	255   	34.7       	9.5        	8309      	-62.7
2428      	17:40:39  	358.7 	-26.5 	1     	36.0     	255   	34.7       	9.4        	8314      	-62.7
2430      	17:40:41  	358.5 	-26.5 	1     	36.0     	255   	34.7       	9.4        	8319      	-62.5
2432      	17:40:43  	358.2 	-26.6 	1     	35.8     	255   	34.6       	9.3        	8324      	-62.2
2434      	17:40:45  	358.0 	-26.6 	2     	35.8     	255   	34.6       	9.3        	8330      	-61.5
2436      	17:40:47  	357.7 	-26.6 	2     	35.8     	255   	34.6       	9.2        	8335      	-60.6
2438      	17:40:49  	357.4 	-26.7 	2     	35.7     	255   	34.5       	9.1        	8340      	-59.8
2440      	17:40:51  	357.2 	-26.7 	2     	35.7     	255   	34.5       	9.0        	8345      	-58.9
2442      	17:40:53  	356.9 	-26.7 	3     	35.6     	256   	34.5       	8.9        	8351      	-58.2
2444      	17:40:55  	356.6 	-26.8 	3     	35.6     	256   	34.5       	8.9        	8356      	-57.3
2446      	17:40:57  	356.4 	-26.8 	3     	35.5     	256   	34.4       	8.8        	8361      	-56.3
2448      	17:40:59  	356.1 	-26.9 	4     	35.5     	256   	34.4       	8.8        	8367      	-55.1
2450      	17:41:01  	355.8 	-26.9 	5     	35.5     	256   	34.4       	8.7        	8372      	-53.9
2452      	17:41:03  	355.6 	-26.9 	5     	35.6     	256   	34.5       	8.7        	8378      	-52.7
2454      	17:41:05  	355.3 	-27.0 	6     	35.6     	256   	34.5       	8.6        	8383      	-51.8
2456      	17:41:07  	355.0 	-27.0 	7     	35.6     	256   	34.5       	8.6        	8389      	-50.9
2458      	17:41:09  	354.8 	-27.1 	8     	35.6     	256   	34.5       	8.6        	8394      	-50.1
2460      	17:41:11  	354.5 	-27.1 	8     	35.6     	256   	34.5       	8.6        	8400      	-49.3
2462      	17:41:13  	354.2 	-27.1 	9     	35.6     	256   	34.5       	8.6        	8405      	-48.6
2464      	17:41:15  	354.0 	-27.2 	10    	35.6     	256   	34.5       	8.7        	8410      	-48.1
2466      	17:41:17  	353.7 	-27.2 	10    	35.6     	256   	34.5       	8.8        	8416      	-47.8
2468      	17:41:19  	353.4 	-27.2 	11    	35.6     	256   	34.5       	8.9        	8421      	-47.5
2470      	17:41:21  	353.2 	-27.3 	11    	35.6     	256   	34.5       	8.9        	8427      	-47.2
2472      	17:41:23  	352.9 	-27.3 	11    	35.7     	255   	34.5       	9.0        	8432      	-47.0
2474      	17:41:25  	352.6 	-27.4 	12    	35.7     	255   	34.5       	9.1        	8437      	-46.8
2476      	17:41:27  	352.4 	-27.4 	12    	35.6     	255   	34.4       	9.1        	8442      	-46.8
2478      	17:41:29  	352.1 	-27.5 	12    	35.6     	255   	34.4       	9.2        	8448      	-46.7
2480      	17:41:31  	351.9 	-27.5 	12    	35.6     	255   	34.4       	9.3        	8453      	-46.6
2482      	17:41:33  	351.6 	-27.5 	13    	35.5     	255   	34.3       	9.3        	8458      	-46.3
2484      	17:41:35  	351.4 	-27.6 	13    	35.5     	255   	34.3       	9.3        	8463      	-46.1
2486      	17:41:37  	351.1 	-27.7 	13    	35.5     	255   	34.3       	9.3        	8468      	-45.8
2488      	17:41:39  	350.9 	-27.7 	14    	35.5     	255   	34.3       	9.2        	8473      	-45.5
2490      	17:41:41  	350.6 	-27.7 	15    	35.5     	255   	34.3       	9.2        	8478      	-45.3
2492      	17:41:43  	350.4 	-27.8 	15    	35.4     	255   	34.2       	9.1        	8483      	-45.1
2494      	17:41:45  	350.2 	-27.8 	15    	35.5     	255   	34.3       	9.1        	8488      	-45.0
2496      	17:41:47  	349.9 	-27.8 	15    	35.5     	255   	34.3       	9.0        	8493      	-45.0
2498      	17:41:49  	349.7 	-27.9 	15    	35.5     	255   	34.3       	9.0        	8498      	-45.1
2500      	17:41:51  	349.4 	-27.9 	15    	35.5     	255   	34.4       	8.9        	8503      	-45.2
2502      	17:41:53  	349.2 	-27.9 	15    	35.6     	256   	34.5       	8.7        	8508      	-45.3
2504      	17:41:55  	348.9 	-28.0 	15    	35.7     	256   	34.7       	8.5        	8513      	-45.5
2506      	17:41:57  	348.7 	-28.0 	14    	35.9     	256   	34.9       	8.4        	8518      	-45.7
2508      	17:41:59  	348.4 	-28.0 	14    	35.9     	257   	35.0       	8.2        	8523      	-46.1
2510      	17:42:01  	348.2 	-28.0 	13    	36.1     	257   	35.2       	8.1        	8528      	-46.4
2512      	17:42:03  	347.9 	-28.1 	12    	36.2     	257   	35.3       	8.0        	8534      	-46.8
2514      	17:42:05  	347.7 	-28.1 	12    	36.3     	258   	35.5       	7.8        	8539      	-47.2
2516      	17:42:07  	347.4 	-28.1 	11    	36.4     	258   	35.6       	7.6        	8544      	-47.6
2518      	17:42:09  	347.2 	-28.2 	11    	36.5     	258   	35.8       	7.3        	8549      	-47.9
2520      	17:42:11  	346.9 	-28.2 	11    	36.5     	259   	35.8       	7.2        	8555      	-48.2
2522      	17:42:13  	346.7 	-28.2 	11    	36.5     	259   	35.8       	7.1        	8560      	-48.3
2524      	17:42:15  	346.4 	-28.3 	11    	36.5     	259   	35.8       	7.0        	8565      	-48.3
2526      	17:42:17  	346.2 	-28.3 	11    	36.6     	259   	35.9       	6.9        	8570      	-48.3
2528      	17:42:19  	346.0 	-28.3 	11    	36.6     	259   	35.9       	6.9        	8575      	-48.2
2530      	17:42:21  	345.7 	-28.4 	11    	36.5     	259   	35.9       	6.8        	8580      	-48.1
2532      	17:42:23  	345.5 	-28.4 	11    	36.5     	259   	35.9       	6.8        	8585      	-48.0
2534      	17:42:25  	345.2 	-28.4 	11    	36.5     	259   	35.9       	6.8        	8590      	-47.9
2536      	17:42:27  	345.0 	-28.5 	11    	36.7     	259   	36.0       	6.9        	8595      	-47.9
2538      	17:42:29  	344.7 	-28.5 	12    	36.7     	259   	36.0       	6.9        	8600      	-47.8
2540      	17:42:31  	344.5 	-28.6 	12    	36.7     	259   	36.0       	7.0        	8605      	-47.7
2542      	17:42:33  	344.2 	-28.6 	12    	36.7     	259   	36.0       	7.2        	8611      	-47.7
2544      	17:42:35  	344.0 	-28.7 	12    	36.7     	259   	36.0       	7.3        	8616      	-47.6
2546      	17:42:37  	343.7 	-28.7 	12    	36.8     	258   	36.0       	7.4        	8621      	-47.7
2548      	17:42:39  	343.5 	-28.8 	12    	36.8     	258   	36.0       	7.5        	8626      	-47.7
2550      	17:42:41  	343.3 	-28.8 	12    	36.8     	258   	36.0       	7.6        	8631      	-47.8
2552      	17:42:43  	343.0 	-28.8 	12    	36.8     	258   	36.0       	7.6        	8635      	-47.8
2554      	17:42:45  	342.8 	-28.9 	12    	36.8     	258   	36.0       	7.6        	8640      	-47.9
2556      	17:42:47  	342.5 	-28.9 	12    	36.7     	258   	35.9       	7.6        	8646      	-48.0
2558      	17:42:49  	342.3 	-29.0 	12    	36.7     	258   	35.9       	7.7        	8651      	-48.2
2560      	17:42:51  	342.0 	-29.0 	12    	36.7     	258   	35.9       	7.6        	8656      	-48.3
2562      	17:42:53  	341.8 	-29.1 	12    	36.7     	258   	35.9       	7.5        	8661      	-48.4
2564      	17:42:55  	341.5 	-29.1 	11    	36.6     	258   	35.8       	7.5        	8667      	-48.4
2566      	17:42:57  	341.3 	-29.2 	11    	36.6     	258   	35.8       	7.5        	8672      	-48.5
2568      	17:42:59  	341.0 	-29.3 	11    	36.6     	258   	35.8       	7.4        	8677      	-48.5
2570      	17:43:01  	340.8 	-29.3 	12    	36.6     	258   	35.8       	7.4        	8682      	-48.5
2572      	17:43:03  	340.6 	-29.3 	12    	36.6     	258   	35.8       	7.4        	8687      	-48.4
2574      	17:43:05  	340.3 	-29.4 	12    	36.6     	258   	35.8       	7.5        	8692      	-48.2
2576      	17:43:07  	340.1 	-29.4 	12    	36.7     	258   	35.9       	7.5        	8697      	-48.0
2578      	17:43:09  	339.8 	-29.4 	13    	36.7     	258   	35.9       	7.6        	8702      	-47.8
2580      	17:43:11  	339.6 	-29.5 	13    	36.8     	258   	36.0       	7.7        	8707      	-47.6
2582      	17:43:13  	339.4 	-29.5 	13    	36.9     	258   	36.1       	7.8        	8712      	-47.5
2584      	17:43:15  	339.1 	-29.6 	14    	37.0     	258   	36.1       	7.9        	8717      	-47.4
2586      	17:43:17  	338.9 	-29.6 	14    	37.1     	258   	36.2       	7.9        	8722      	-47.3
2588      	17:43:19  	338.6 	-29.7 	14    	37.1     	258   	36.2       	8.0        	8728      	-47.3
2590      	17:43:21  	338.4 	-29.7 	14    	37.1     	257   	36.2       	8.1        	8733      	-47.3
2592      	17:43:23  	338.1 	-29.7 	14    	37.0     	257   	36.1       	8.1        	8738      	-47.3
2594      	17:43:25  	337.9 	-29.8 	14    	37.0     	257   	36.1       	8.1        	8743      	-47.3
2596      	17:43:27  	337.7 	-29.8 	14    	36.9     	257   	36.0       	8.2        	8748      	-47.3
2598      	17:43:29  	337.4 	-29.8 	14    	36.8     	257   	35.9       	8.2        	8753      	-47.3
2600      	17:43:31  	337.2 	-29.9 	14    	36.7     	257   	35.8       	8.1        	8758      	-47.3
2602      	17:43:33  	336.9 	-29.9 	14    	36.6     	257   	35.7       	8.2        	8764      	-47.2
2604      	17:43:35  	336.7 	-30.0 	15    	36.9     	257   	35.9       	8.4        	8769      	-47.2
2606      	17:43:37  	336.4 	-30.0 	15    	37.2     	257   	36.2       	8.6        	8774      	-47.2
2608      	17:43:39  	336.2 	-30.1 	15    	37.4     	256   	36.4       	8.8        	8779      	-47.3
2610      	17:43:41  	335.9 	-30.2 	15    	37.8     	256   	36.7       	9.0        	8784      	-47.3
2612      	17:43:43  	335.7 	-30.2 	15    	38.1     	256   	37.0       	9.2        	8789      	-47.3
2614      	17:43:45  	335.5 	-30.3 	15    	38.6     	256   	37.4       	9.4        	8794      	-47.4
2616      	17:43:47  	335.2 	-30.3 	15    	38.9     	256   	37.7       	9.7        	8799      	-47.4
2618      	17:43:49  	335.0 	-30.4 	15    	39.3     	255   	38.0       	9.9        	8805      	-47.6
2620      	17:43:51  	334.7 	-30.4 	14    	39.6     	255   	38.3       	10.1       	8810      	-47.7
2622      	17:43:53  	334.5 	-30.5 	14    	39.8     	255   	38.5       	10.2       	8815      	-47.8
2624      	17:43:55  	334.3 	-30.5 	14    	39.8     	255   	38.5       	10.2       	8820      	-47.9
2626      	17:43:57  	334.0 	-30.6 	14    	39.8     	255   	38.5       	10.2       	8825      	-48.1
2628      	17:43:59  	333.8 	-30.6 	14    	39.7     	255   	38.4       	10.1       	8830      	-48.3
2630      	17:44:01  	333.5 	-30.7 	13    	39.7     	255   	38.4       	10.1       	8835      	-48.5
2632      	17:44:03  	333.3 	-30.7 	13    	39.7     	255   	38.4       	10.1       	8840      	-48.7
2634      	17:44:05  	333.1 	-30.7 	13    	39.6     	255   	38.3       	10.0       	8846      	-48.8
2636      	17:44:07  	332.8 	-30.8 	13    	39.6     	255   	38.3       	10.0       	8851      	-49.0
2638      	17:44:09  	332.6 	-30.8 	13    	39.6     	255   	38.3       	10.0       	8856      	-49.1
2640      	17:44:11  	332.3 	-30.8 	12    	39.7     	255   	38.4       	10.0       	8861      	-49.2
2642      	17:44:13  	332.1 	-30.9 	12    	39.7     	255   	38.4       	10.0       	8866      	-49.2
2644      	17:44:15  	331.8 	-30.9 	13    	39.8     	256   	38.5       	9.9        	8871      	-49.2
2646      	17:44:17  	331.6 	-30.9 	13    	39.8     	256   	38.6       	9.9        	8876      	-49.1
2648      	17:44:19  	331.4 	-30.9 	13    	39.9     	256   	38.7       	9.9        	8882      	-49.0
2650      	17:44:21  	331.1 	-31.0 	13    	39.9     	256   	38.7       	9.8        	8887      	-49.0
2652      	17:44:23  	330.9 	-31.0 	13    	40.0     	256   	38.8       	9.8        	8892      	-49.0
2654      	17:44:25  	330.7 	-31.0 	13    	40.1     	256   	38.9       	9.8        	8897      	-49.2
2656      	17:44:27  	330.4 	-31.1 	13    	40.3     	256   	39.1       	9.8        	8902      	-49.3
2658      	17:44:29  	330.2 	-31.1 	12    	40.4     	256   	39.2       	9.8        	8907      	-49.5
2660      	17:44:31  	329.9 	-31.1 	12    	40.6     	256   	39.4       	9.8        	8912      	-49.6
2662      	17:44:33  	329.7 	-31.1 	12    	40.7     	256   	39.5       	9.9        	8918      	-50.0
2664      	17:44:35  	329.4 	-31.1 	11    	40.8     	256   	39.6       	9.9        	8923      	-50.4
2666      	17:44:37  	329.2 	-31.2 	10    	40.9     	256   	39.7       	9.9        	8928      	-50.9
2668      	17:44:39  	328.9 	-31.2 	10    	41.1     	256   	39.9       	10.0       	8934      	-51.4
2670      	17:44:41  	328.7 	-31.3 	10    	41.3     	256   	40.0       	10.1       	8939      	-51.7
2672      	17:44:43  	328.4 	-31.3 	9     	41.5     	256   	40.2       	10.2       	8945      	-52.0
2674      	17:44:45  	328.2 	-31.3 	9     	41.6     	256   	40.3       	10.3       	8950      	-52.3
2676      	17:44:47  	327.9 	-31.4 	9     	41.7     	256   	40.4       	10.3       	8955      	-52.6
2678      	17:44:49  	327.7 	-31.4 	9     	41.7     	256   	40.4       	10.4       	8961      	-52.7
2680      	17:44:51  	327.5 	-31.4 	9     	41.8     	255   	40.5       	10.5       	8966      	-52.5
2682      	17:44:53  	327.2 	-31.5 	9     	41.7     	256   	40.4       	10.4       	8971      	-52.3
2684      	17:44:55  	327.0 	-31.5 	9     	41.7     	256   	40.4       	10.4       	8976      	-52.1
2686      	17:44:57  	326.7 	-31.6 	10    	41.7     	256   	40.4       	10.4       	8982      	-52.0
2688      	17:44:59  	326.5 	-31.6 	10    	41.7     	256   	40.4       	10.4       	8987      	-51.8
2690      	17:45:01  	326.2 	-31.7 	10    	41.6     	256   	40.3       	10.3       	8992      	-51.8
2692      	17:45:03  	326.0 	-31.7 	10    	41.5     	256   	40.2       	10.2       	8998      	-51.8
2694      	17:45:05  	325.7 	-31.7 	10    	41.4     	256   	40.2       	10.1       	9004      	-51.8
2696      	17:45:07  	325.5 	-31.8 	10    	41.4     	256   	40.1       	10.1       	9009      	-51.6
2698      	17:45:09  	325.2 	-31.8 	10    	41.2     	256   	40.0       	10.0       	9015      	-51.4
2700      	17:45:11  	325.0 	-31.8 	11    	41.2     	256   	40.0       	9.9        	9020      	-51.2
2702      	17:45:13  	324.7 	-31.9 	11    	41.1     	256   	39.9       	9.9        	9026      	-50.9
2704      	17:45:15  	324.4 	-31.9 	12    	41.1     	256   	39.9       	9.9        	9031      	-50.6
2706      	17:45:17  	324.2 	-32.0 	12    	41.0     	256   	39.8       	9.9        	9037      	-50.4
2708      	17:45:19  	323.9 	-32.0 	13    	41.0     	256   	39.8       	9.8        	9042      	-50.1
2710      	17:45:21  	323.7 	-32.1 	13    	40.9     	256   	39.7       	9.8        	9048      	-49.9
2712      	17:45:23  	323.4 	-32.1 	13    	40.9     	256   	39.7       	9.8        	9054      	-49.9
2714      	17:45:25  	323.1 	-32.2 	13    	41.0     	256   	39.8       	9.8        	9060      	-49.8
2716      	17:45:27  	322.8 	-32.2 	14    	41.2     	256   	40.0       	9.9        	9066      	-49.7
2718      	17:45:29  	322.6 	-32.3 	14    	41.4     	256   	40.2       	10.1       	9072      	-49.6
2720      	17:45:31  	322.3 	-32.3 	14    	41.8     	256   	40.5       	10.2       	9078      	-49.6
2722      	17:45:33  	322.0 	-32.4 	14    	42.1     	256   	40.8       	10.3       	9084      	-49.6
2724      	17:45:35  	321.8 	-32.5 	14    	42.4     	256   	41.1       	10.5       	9089      	-49.6
2726      	17:45:37  	321.5 	-32.5 	14    	42.7     	256   	41.4       	10.6       	9095      	-49.6
2728      	17:45:39  	321.3 	-32.6 	14    	43.0     	256   	41.6       	10.7       	9101      	-49.6
2730      	17:45:41  	321.0 	-32.6 	14    	43.2     	256   	41.8       	10.8       	9106      	-49.7
2732      	17:45:43  	320.8 	-32.7 	14    	43.3     	256   	41.9       	10.8       	9112      	-49.8
2734      	17:45:45  	320.5 	-32.7 	14    	43.2     	256   	41.9       	10.7       	9117      	-49.8
2736      	17:45:47  	320.2 	-32.7 	14    	43.0     	256   	41.7       	10.5       	9123      	-49.9
2738      	17:45:49  	320.0 	-32.8 	14    	42.8     	256   	41.5       	10.4       	9129      	-49.9
2740      	17:45:51  	319.7 	-32.8 	14    	42.6     	256   	41.4       	10.2       	9134      	-50.0
2742      	17:45:53  	319.5 	-32.8 	14    	42.4     	256   	41.2       	10.1       	9140      	-50.1
2744      	17:45:55  	319.2 	-32.9 	14    	42.2     	256   	41.0       	9.9        	9146      	-50.1
2746      	17:45:57  	318.9 	-32.9 	14    	42.2     	256   	41.0       	9.9        	9152      	-50.1
2748      	17:45:59  	318.7 	-32.9 	14    	42.2     	257   	41.0       	9.8        	9158      	-50.2
2750      	17:46:01  	318.4 	-32.9 	13    	42.3     	257   	41.2       	9.8        	9164      	-50.4
2752      	17:46:03  	318.1 	-32.9 	13    	42.6     	257   	41.4       	9.9        	9170      	-50.5
2754      	17:46:05  	317.9 	-33.0 	13    	42.8     	256   	41.6       	10.0       	9175      	-50.6
2756      	17:46:07  	317.6 	-33.0 	13    	42.8     	256   	41.6       	10.0       	9181      	-50.7
2758      	17:46:09  	317.3 	-33.1 	13    	42.9     	257   	41.7       	10.0       	9187      	-50.9
2760      	17:46:11  	317.1 	-33.1 	13    	42.9     	257   	41.7       	9.9        	9193      	-51.0
2762      	17:46:13  	316.8 	-33.2 	13    	43.0     	257   	41.8       	9.9        	9199      	-51.0
2764      	17:46:15  	316.5 	-33.2 	13    	43.0     	257   	41.8       	9.9        	9205      	-51.1
2766      	17:46:17  	316.3 	-33.2 	13    	42.8     	257   	41.7       	9.8        	9210      	-51.1
2768      	17:46:19  	316.0 	-33.2 	13    	42.6     	257   	41.5       	9.7        	9216      	-51.2
2770      	17:46:21  	315.8 	-33.3 	13    	42.5     	257   	41.4       	9.6        	9222      	-51.1
2772      	17:46:23  	315.5 	-33.4 	13    	42.4     	257   	41.3       	9.5        	9228      	-51.1
2774      	17:46:25  	315.2 	-33.5 	13    	42.2     	257   	41.2       	9.3        	9234      	-51.1
2776      	17:46:27  	315.0 	-33.5 	13    	42.2     	257   	41.2       	9.3        	9240      	-51.2
2778      	17:46:29  	314.7 	-33.6 	13    	42.3     	257   	41.3       	9.3        	9246      	-51.2
2780      	17:46:31  	314.4 	-33.6 	13    	42.4     	257   	41.4       	9.3        	9252      	-51.2
2782      	17:46:33  	314.2 	-33.7 	13    	42.5     	257   	41.5       	9.3        	9258      	-51.2
2784      	17:46:35  	313.9 	-33.7 	13    	42.5     	257   	41.5       	9.3        	9264      	-51.2
2786      	17:46:37  	313.6 	-33.8 	13    	42.7     	257   	41.7       	9.4        	9269      	-51.3
2788      	17:46:39  	313.4 	-33.8 	13    	43.1     	257   	42.0       	9.5        	9275      	-51.3
2790      	17:46:41  	313.1 	-33.8 	13    	43.3     	257   	42.2       	9.6        	9281      	-51.4
2792      	17:46:43  	312.8 	-33.9 	13    	43.5     	257   	42.4       	9.7        	9287      	-51.4
2794      	17:46:45  	312.6 	-34.0 	13    	43.7     	257   	42.6       	9.8        	9294      	-51.5
2796      	17:46:47  	312.3 	-34.0 	13    	43.9     	257   	42.8       	9.9        	9300      	-51.6
2798      	17:46:49  	312.0 	-34.1 	13    	44.1     	257   	43.0       	10.0       	9306      	-51.7
2800      	17:46:51  	311.7 	-34.1 	13    	44.6     	257   	43.4       	10.2       	9312      	-51.8
2802      	17:46:53  	311.5 	-34.1 	13    	44.9     	257   	43.7       	10.4       	9318      	-51.9
2804      	17:46:55  	311.2 	-34.2 	13    	45.3     	256   	44.0       	10.6       	9324      	-52.0
2806      	17:46:57  	310.9 	-34.2 	12    	45.5     	256   	44.2       	10.8       	9330      	-52.1
2808      	17:46:59  	310.7 	-34.2 	12    	45.7     	256   	44.4       	10.9       	9336      	-52.2
2810      	17:47:01  	310.4 	-34.3 	12    	45.8     	256   	44.5       	11.0       	9342      	-52.2
2812      	17:47:03  	310.1 	-34.4 	12    	45.6     	256   	44.3       	10.9       	9348      	-52.3
2814      	17:47:05  	309.8 	-34.4 	12    	45.4     	256   	44.1       	10.9       	9355      	-52.3
2816      	17:47:07  	309.5 	-34.5 	13    	45.3     	256   	44.0       	10.8       	9362      	-52.3
2818      	17:47:09  	309.2 	-34.5 	13    	45.1     	256   	43.8       	10.8       	9368      	-52.3
2820      	17:47:11  	309.0 	-34.6 	13    	44.8     	256   	43.5       	10.6       	9375      	-52.2
2822      	17:47:13  	308.7 	-34.7 	13    	44.4     	256   	43.1       	10.5       	9381      	-52.2
2824      	17:47:15  	308.4 	-34.7 	13    	44.3     	256   	43.1       	10.4       	9387      	-52.2
2826      	17:47:17  	308.1 	-34.8 	13    	44.2     	257   	43.0       	10.3       	9394      	-52.2
2828      	17:47:19  	307.8 	-34.8 	13    	44.2     	257   	43.0       	10.2       	9400      	-52.3
2830      	17:47:21  	307.5 	-34.9 	13    	44.2     	257   	43.0       	10.1       	9407      	-52.3
2832      	17:47:23  	307.2 	-34.9 	13    	44.4     	257   	43.2       	10.1       	9414      	-52.4
2834      	17:47:25  	306.9 	-35.0 	13    	44.7     	257   	43.5       	10.1       	9420      	-52.4
2836      	17:47:27  	306.7 	-35.1 	13    	44.7     	257   	43.6       	9.9        	9427      	-52.5
2838      	17:47:29  	306.4 	-35.1 	13    	44.8     	257   	43.7       	9.8        	9433      	-52.5
2840      	17:47:31  	306.1 	-35.2 	13    	44.8     	258   	43.8       	9.6        	9440      	-52.5
2842      	17:47:33  	305.8 	-35.2 	13    	44.9     	258   	43.9       	9.4        	9446      	-52.5
2844      	17:47:35  	305.5 	-35.3 	13    	44.7     	258   	43.7       	9.2        	9453      	-52.5
2846      	17:47:37  	305.2 	-35.3 	13    	44.5     	258   	43.6       	8.9        	9459      	-52.6
2848      	17:47:39  	305.0 	-35.4 	13    	44.3     	259   	43.4       	8.7        	9465      	-52.6
2850      	17:47:41  	304.7 	-35.4 	13    	44.2     	259   	43.4       	8.5        	9472      	-52.7
2852      	17:47:43  	304.4 	-35.5 	13    	44.2     	259   	43.4       	8.3        	9478      	-52.9
2854      	17:47:45  	304.1 	-35.5 	13    	44.2     	259   	43.5       	8.1        	9484      	-53.0
2856      	17:47:47  	303.9 	-35.6 	13    	44.4     	259   	43.7       	8.1        	9491      	-53.1
2858      	17:47:49  	303.6 	-35.6 	13    	44.8     	259   	44.0       	8.2        	9497      	-53.1
2860      	17:47:51  	303.3 	-35.6 	13    	45.0     	259   	44.2       	8.2        	9503      	-53.2
2862      	17:47:53  	303.0 	-35.6 	12    	45.2     	260   	44.4       	8.2        	9509      	-53.3
2864      	17:47:55  	302.8 	-35.7 	12    	45.2     	260   	44.5       	8.1        	9515      	-53.4
2866      	17:47:57  	302.5 	-35.7 	12    	45.3     	260   	44.6       	8.0        	9522      	-53.5
2868      	17:47:59  	302.2 	-35.7 	12    	45.5     	260   	44.8       	7.9        	9528      	-53.6
2870      	17:48:01  	301.9 	-35.7 	12    	45.4     	260   	44.7       	7.9        	9535      	-53.7
2872      	17:48:03  	301.7 	-35.8 	12    	45.3     	260   	44.6       	7.8        	9541      	-53.8
2874      	17:48:05  	301.4 	-35.8 	12    	45.2     	260   	44.5       	7.7        	9547      	-53.9
2876      	17:48:07  	301.1 	-35.9 	12    	45.4     	260   	44.7       	7.7        	9553      	-54.0
2878      	17:48:09  	300.9 	-35.9 	12    	45.7     	260   	45.0       	7.8        	9560      	-54.1
2880      	17:48:11  	300.6 	-35.9 	12    	45.9     	260   	45.2       	7.9        	9566      	-54.1
2882      	17:48:13  	300.3 	-36.0 	12    	46.2     	260   	45.5       	8.0        	9572      	-54.1
2884      	17:48:15  	300.1 	-36.0 	12    	46.5     	260   	45.8       	8.2        	9578      	-54.0
2886      	17:48:17  	299.8 	-36.0 	12    	46.9     	260   	46.1       	8.4        	9584      	-53.9
2888      	17:48:19  	299.5 	-36.1 	12    	47.1     	260   	46.3       	8.5        	9590      	-53.8
2890      	17:48:21  	299.3 	-36.1 	12    	47.2     	259   	46.4       	8.6        	9596      	-53.8
2892      	17:48:23  	299.0 	-36.2 	12    	47.3     	259   	46.5       	8.7        	9603      	-53.8
2894      	17:48:25  	298.7 	-36.2 	13    	47.4     	259   	46.6       	8.7        	9609      	-53.7
2896      	17:48:27  	298.4 	-36.3 	13    	47.2     	259   	46.4       	8.6        	9615      	-53.7
2898      	17:48:29  	298.2 	-36.3 	13    	47.0     	260   	46.2       	8.5        	9622      	-53.7
2900      	17:48:31  	297.9 	-36.4 	13    	46.8     	260   	46.0       	8.4        	9628      	-53.7
2902      	17:48:33  	297.6 	-36.4 	13    	46.8     	260   	46.0       	8.5        	9634      	-53.7
2904      	17:48:35  	297.3 	-36.5 	13    	46.8     	259   	46.0       	8.6        	9641      	-53.8
2906      	17:48:37  	297.1 	-36.5 	13    	46.8     	259   	46.0       	8.6        	9647      	-53.9
2908      	17:48:39  	296.8 	-36.6 	13    	46.9     	259   	46.1       	8.8        	9654      	-54.0
2910      	17:48:41  	296.5 	-36.6 	13    	47.1     	259   	46.3       	8.9        	9660      	-54.1
2912      	17:48:43  	296.2 	-36.7 	13    	47.4     	259   	46.5       	9.1        	9667      	-54.2
2914      	17:48:45  	296.0 	-36.8 	13    	47.4     	259   	46.5       	9.3        	9673      	-54.3
2916      	17:48:47  	295.7 	-36.8 	12    	47.5     	258   	46.5       	9.5        	9679      	-54.3
2918      	17:48:49  	295.4 	-36.9 	12    	47.5     	258   	46.5       	9.7        	9686      	-54.4
2920      	17:48:51  	295.1 	-36.9 	12    	47.5     	258   	46.5       	9.9        	9693      	-54.4
2922      	17:48:53  	294.9 	-36.9 	12    	47.3     	258   	46.3       	9.9        	9699      	-54.4
2924      	17:48:55  	294.6 	-37.0 	12    	47.2     	258   	46.1       	9.9        	9706      	-54.5
2926      	17:48:57  	294.3 	-37.1 	12    	47.0     	258   	45.9       	10.0       	9712      	-54.6
2928      	17:48:59  	294.0 	-37.1 	12    	46.8     	258   	45.7       	10.1       	9718      	-54.7
2930      	17:49:01  	293.8 	-37.1 	12    	46.7     	257   	45.5       	10.3       	9724      	-54.7
2932      	17:49:03  	293.5 	-37.2 	12    	46.5     	257   	45.3       	10.4       	9731      	-54.8
2934      	17:49:05  	293.3 	-37.2 	12    	46.5     	257   	45.3       	10.5       	9737      	-54.9
2936      	17:49:07  	293.0 	-37.3 	12    	46.5     	257   	45.3       	10.7       	9743      	-54.9
2938      	17:49:09  	292.7 	-37.3 	12    	46.6     	257   	45.3       	10.8       	9749      	-54.9
2940      	17:49:11  	292.5 	-37.3 	12    	46.7     	256   	45.4       	11.0       	9755      	-54.8
2942      	17:49:13  	292.2 	-37.4 	13    	46.7     	256   	45.4       	11.1       	9761      	-54.8
2944      	17:49:15  	292.0 	-37.5 	13    	46.8     	256   	45.4       	11.3       	9767      	-54.8
2946      	17:49:17  	291.7 	-37.5 	13    	46.9     	256   	45.5       	11.4       	9773      	-54.8
2948      	17:49:19  	291.5 	-37.6 	13    	46.9     	256   	45.5       	11.5       	9779      	-54.8
2950      	17:49:21  	291.2 	-37.6 	13    	46.9     	256   	45.5       	11.5       	9785      	-54.8
2952      	17:49:23  	291.0 	-37.7 	13    	47.1     	256   	45.6       	11.6       	9791      	-54.9
2954      	17:49:25  	290.7 	-37.7 	13    	47.1     	256   	45.6       	11.6       	9797      	-54.9
2956      	17:49:27  	290.4 	-37.8 	13    	47.1     	256   	45.6       	11.6       	9803      	-55.0
2958      	17:49:29  	290.2 	-37.8 	13    	47.1     	256   	45.7       	11.6       	9809      	-55.0
2960      	17:49:31  	289.9 	-37.8 	13    	47.1     	256   	45.7       	11.6       	9815      	-55.1
2962      	17:49:33  	289.7 	-37.9 	13    	47.1     	256   	45.7       	11.6       	9821      	-55.1
2964      	17:49:35  	289.4 	-37.9 	13    	47.1     	256   	45.7       	11.5       	9827      	-55.2
2966      	17:49:37  	289.2 	-38.0 	13    	47.2     	256   	45.8       	11.5       	9833      	-55.2
2968      	17:49:39  	288.9 	-38.0 	13    	47.2     	256   	45.8       	11.5       	9839      	-55.3
2970      	17:49:41  	288.7 	-38.1 	13    	47.2     	256   	45.8       	11.4       	9845      	-55.3
2972      	17:49:43  	288.5 	-38.1 	13    	47.2     	256   	45.8       	11.4       	9851      	-55.3
2974      	17:49:45  	288.2 	-38.1 	13    	47.2     	256   	45.8       	11.4       	9856      	-55.4
2976      	17:49:47  	288.0 	-38.2 	12    	47.2     	256   	45.8       	11.4       	9862      	-55.5
2978      	17:49:49  	287.7 	-38.2 	12    	47.2     	256   	45.8       	11.4       	9868      	-55.6
2980      	17:49:51  	287.5 	-38.3 	12    	47.3     	256   	45.9       	11.4       	9874      	-55.7
2982      	17:49:53  	287.2 	-38.3 	12    	47.3     	256   	45.9       	11.5       	9880      	-55.7
2984      	17:49:55  	287.0 	-38.4 	12    	47.4     	256   	46.0       	11.5       	9886      	-55.8
2986      	17:49:57  	286.8 	-38.4 	12    	47.4     	256   	46.0       	11.5       	9891      	-55.9
2988      	17:49:59  	286.5 	-38.5 	12    	47.5     	256   	46.1       	11.5       	9897      	-56.0
2990      	17:50:01  	286.3 	-38.5 	12    	47.5     	256   	46.1       	11.6       	9903      	-56.0
2992      	17:50:03  	286.0 	-38.5 	12    	47.6     	256   	46.2       	11.5       	9908      	-56.1
2994      	17:50:05  	285.8 	-38.6 	12    	47.6     	256   	46.2       	11.5       	9914      	-56.1
2996      	17:50:07  	285.5 	-38.6 	12    	47.6     	256   	46.2       	11.5       	9920      	-56.0
2998      	17:50:09  	285.3 	-38.7 	12    	47.6     	256   	46.2       	11.5       	9926      	-56.0
3000      	17:50:11  	285.1 	-38.7 	12    	47.6     	256   	46.2       	11.4       	9931      	-56.0
3002      	17:50:13  	284.8 	-38.8 	13    	47.6     	256   	46.2       	11.4       	9937      	-56.0
3004      	17:50:15  	284.6 	-38.9 	13    	47.6     	256   	46.2       	11.3       	9942      	-56.0
3006      	17:50:17  	284.4 	-38.9 	13    	47.5     	256   	46.2       	11.2       	9948      	-56.0
3008      	17:50:19  	284.1 	-38.9 	13    	47.4     	256   	46.1       	11.1       	9954      	-56.0
3010      	17:50:21  	283.9 	-39.0 	13    	47.4     	257   	46.1       	11.0       	9960      	-56.0
3012      	17:50:23  	283.7 	-39.0 	13    	47.4     	257   	46.1       	11.0       	9966      	-56.1
3014      	17:50:25  	283.4 	-39.0 	13    	47.4     	257   	46.1       	11.0       	9971      	-56.2
3016      	17:50:27  	283.2 	-39.1 	12    	47.5     	257   	46.2       	10.9       	9977      	-56.3
3018      	17:50:29  	282.9 	-39.1 	12    	47.4     	257   	46.1       	11.0       	9983      	-56.3
3020      	17:50:31  	282.7 	-39.1 	12    	47.4     	256   	46.1       	11.1       	9989      	-56.4
3022      	17:50:33  	282.4 	-39.2 	12    	47.4     	256   	46.1       	11.2       	9995      	-56.4
3024      	17:50:35  	282.2 	-39.2 	12    	47.5     	256   	46.1       	11.3       	10001     	-56.5
3026      	17:50:37  	282.0 	-39.2 	12    	47.4     	256   	46.0       	11.4       	10007     	-56.5
3028      	17:50:39  	281.7 	-39.3 	12    	47.4     	256   	46.0       	11.5       	10013     	-56.6
3030      	17:50:41  	281.5 	-39.3 	12    	47.4     	256   	46.0       	11.6       	10018     	-56.7
3032      	17:50:43  	281.3 	-39.3 	12    	47.4     	256   	45.9       	11.8       	10024     	-56.8
3034      	17:50:45  	281.0 	-39.4 	12    	47.4     	255   	45.8       	12.1       	10029     	-56.8
3036      	17:50:47  	280.8 	-39.4 	12    	47.4     	255   	45.8       	12.3       	10035     	-56.9
3038      	17:50:49  	280.6 	-39.5 	12    	47.4     	255   	45.7       	12.4       	10041     	-57.0
3040      	17:50:51  	280.3 	-39.5 	12    	47.4     	255   	45.7       	12.5       	10046     	-57.1
3042      	17:50:53  	280.1 	-39.5 	12    	47.4     	255   	45.7       	12.6       	10052     	-57.2
3044      	17:50:55  	279.9 	-39.6 	12    	47.4     	254   	45.7       	12.7       	10058     	-57.2
3046      	17:50:57  	279.6 	-39.6 	11    	47.5     	254   	45.7       	12.9       	10064     	-57.3
3048      	17:50:59  	279.4 	-39.7 	11    	47.6     	254   	45.8       	13.1       	10070     	-57.5
3050      	17:51:01  	279.1 	-39.7 	11    	47.7     	254   	45.8       	13.2       	10076     	-57.7
3052      	17:51:03  	278.9 	-39.7 	11    	47.8     	254   	45.9       	13.3       	10082     	-57.9
3054      	17:51:05  	278.7 	-39.8 	11    	47.8     	254   	45.9       	13.4       	10087     	-58.1
3056      	17:51:07  	278.4 	-39.8 	10    	47.9     	254   	46.0       	13.5       	10093     	-58.3
3058      	17:51:09  	278.2 	-39.9 	10    	48.2     	254   	46.2       	13.6       	10098     	-58.5
3060      	17:51:11  	278.0 	-39.9 	10    	48.3     	254   	46.3       	13.7       	10104     	-58.7
3062      	17:51:13  	277.8 	-40.0 	10    	48.4     	253   	46.4       	13.8       	10110     	-59.0
3064      	17:51:15  	277.5 	-40.0 	9     	48.5     	253   	46.5       	13.9       	10115     	-59.3
3066      	17:51:17  	277.3 	-40.0 	9     	48.6     	253   	46.6       	13.9       	10121     	-59.5
3068      	17:51:19  	277.1 	-40.1 	9     	48.8     	253   	46.7       	14.0       	10126     	-59.8
3070      	17:51:21  	276.9 	-40.1 	9     	48.8     	253   	46.8       	14.0       	10132     	-60.0
3072      	17:51:23  	276.6 	-40.1 	8     	48.9     	253   	46.9       	14.0       	10137     	-60.2
3074      	17:51:25  	276.4 	-40.1 	8     	49.1     	253   	47.0       	14.1       	10143     	-60.4
3076      	17:51:27  	276.2 	-40.2 	8     	49.2     	253   	47.1       	14.1       	10149     	-60.6
3078      	17:51:29  	275.9 	-40.2 	8     	49.3     	253   	47.2       	14.1       	10154     	-60.7
3080      	17:51:31  	275.7 	-40.2 	8     	49.3     	253   	47.2       	14.1       	10160     	-60.9
3082      	17:51:33  	275.5 	-40.2 	7     	49.3     	253   	47.2       	14.2       	10165     	-61.0
3084      	17:51:35  	275.3 	-40.3 	7     	49.4     	253   	47.3       	14.3       	10170     	-61.1
3086      	17:51:37  	275.1 	-40.3 	7     	49.4     	253   	47.3       	14.4       	10176     	-61.1
3088      	17:51:39  	274.8 	-40.3 	7     	49.4     	253   	47.3       	14.4       	10182     	-61.2
3090      	17:51:41  	274.6 	-40.3 	7     	49.5     	253   	47.3       	14.5       	10187     	-61.2
3092      	17:51:43  	274.4 	-40.3 	7     	49.5     	253   	47.3       	14.6       	10193     	-61.3
3094      	17:51:45  	274.2 	-40.4 	7     	49.5     	253   	47.3       	14.7       	10198     	-61.4
3096      	17:51:47  	273.9 	-40.4 	7     	49.7     	253   	47.4       	14.9       	10204     	-61.4
3098      	17:51:49  	273.7 	-40.4 	7     	49.7     	252   	47.4       	15.0       	10209     	-61.5
3100      	17:51:51  	273.5 	-40.4 	7     	49.9     	252   	47.5       	15.2       	10214     	-61.6
3102      	17:51:53  	273.3 	-40.5 	7     	49.9     	252   	47.5       	15.2       	10220     	-61.7
3104      	17:51:55  	273.1 	-40.5 	7     	50.0     	252   	47.6       	15.3       	10225     	-61.8
3106      	17:51:57  	272.9 	-40.6 	7     	50.0     	252   	47.6       	15.3       	10230     	-61.8
3108      	17:51:59  	272.6 	-40.6 	7     	50.1     	252   	47.7       	15.4       	10236     	-61.8
3110      	17:52:01  	272.4 	-40.6 	7     	50.3     	252   	47.9       	15.5       	10242     	-61.9
3112      	17:52:03  	272.2 	-40.7 	7     	50.5     	252   	48.0       	15.6       	10247     	-62.0
3114      	17:52:05  	272.0 	-40.7 	7     	50.6     	252   	48.1       	15.7       	10253     	-62.1
3116      	17:52:07  	271.8 	-40.8 	7     	50.7     	252   	48.2       	15.8       	10258     	-62.2
3118      	17:52:09  	271.5 	-40.8 	7     	50.8     	252   	48.3       	15.8       	10264     	-62.4
3120      	17:52:11  	271.3 	-40.8 	6     	50.9     	252   	48.4       	15.9       	10269     	-62.7
3122      	17:52:13  	271.1 	-40.9 	6     	51.2     	252   	48.6       	16.1       	10275     	-63.0
3124      	17:52:15  	270.9 	-40.9 	6     	51.4     	252   	48.8       	16.2       	10280     	-63.4
3126      	17:52:17  	270.7 	-40.9 	6     	51.7     	251   	49.0       	16.4       	10286     	-63.8
3128      	17:52:19  	270.4 	-41.0 	5     	51.9     	251   	49.2       	16.5       	10291     	-64.2
3130      	17:52:21  	270.2 	-41.0 	5     	52.0     	251   	49.3       	16.6       	10297     	-64.6
3132      	17:52:23  	270.0 	-41.0 	5     	52.2     	251   	49.5       	16.7       	10303     	-65.1
3134      	17:52:25  	269.8 	-41.1 	4     	52.5     	251   	49.7       	16.8       	10308     	-65.5
3136      	17:52:27  	269.5 	-41.1 	4     	52.8     	251   	50.0       	17.0       	10314     	-65.8
3138      	17:52:29  	269.3 	-41.1 	4     	53.1     	251   	50.3       	17.1       	10319     	-66.2
3140      	17:52:31  	269.1 	-41.2 	4     	53.3     	251   	50.5       	17.2       	10325     	-66.6
3142      	17:52:33  	268.9 	-41.2 	4     	53.4     	251   	50.6       	17.2       	10330     	-66.9
3144      	17:52:35  	268.7 	-41.3 	4     	53.7     	251   	50.8       	17.3       	10336     	-67.1
3146      	17:52:37  	268.4 	-41.3 	3     	53.8     	251   	50.9       	17.3       	10342     	-67.3
3148      	17:52:39  	268.2 	-41.3 	3     	53.9     	251   	51.1       	17.3       	10347     	-67.6
3150      	17:52:41  	268.0 	-41.4 	3     	54.1     	251   	51.3       	17.3       	10353     	-67.8
3152      	17:52:43  	267.8 	-41.4 	3     	54.4     	251   	51.5       	17.4       	10358     	-67.9
3154      	17:52:45  	267.6 	-41.4 	3     	54.4     	251   	51.6       	17.3       	10363     	-68.1
3156      	17:52:47  	267.4 	-41.5 	3     	54.4     	251   	51.6       	17.3       	10369     	-68.3
3158      	17:52:49  	267.2 	-41.5 	3     	54.5     	251   	51.7       	17.3       	10374     	-68.5
3160      	17:52:51  	266.9 	-41.5 	3     	54.6     	252   	51.8       	17.2       	10380     	-68.7
3162      	17:52:53  	266.7 	-41.6 	3     	54.7     	252   	52.0       	17.1       	10385     	-68.8
3164      	17:52:55  	266.5 	-41.6 	3     	54.8     	252   	52.1       	17.1       	10390     	-69.0
3166      	17:52:57  	266.3 	-41.7 	3     	54.9     	252   	52.2       	17.0       	10396     	-69.2
3168      	17:52:59  	266.1 	-41.7 	3     	55.0     	252   	52.3       	16.9       	10401     	-69.5
3170      	17:53:01  	265.9 	-41.7 	3     	55.0     	252   	52.4       	16.8       	10406     	-69.7
3172      	17:53:03  	265.7 	-41.7 	3     	55.1     	252   	52.5       	16.7       	10411     	-69.8
3174      	17:53:05  	265.5 	-41.7 	3     	55.2     	252   	52.6       	16.6       	10417     	-69.9
3176      	17:53:07  	265.3 	-41.8 	2     	55.3     	253   	52.7       	16.6       	10422     	-70.0
3178      	17:53:09  	265.1 	-41.8 	2     	55.3     	253   	52.8       	16.5       	10428     	-70.1
3180      	17:53:11  	264.8 	-41.8 	2     	55.3     	253   	52.8       	16.5       	10433     	-70.2
3182      	17:53:13  	264.6 	-41.8 	2     	55.3     	253   	52.8       	16.5       	10439     	-70.2
3184      	17:53:15  	264.4 	-41.9 	2     	55.3     	253   	52.8       	16.5       	10444     	-70.2
3186      	17:53:17  	264.2 	-41.9 	2     	55.4     	252   	52.8       	16.7       	10450     	-70.3
3188      	17:53:19  	264.0 	-41.9 	2     	55.4     	252   	52.8       	16.8       	10455     	-70.3
3190      	17:53:21  	263.8 	-41.9 	2     	55.3     	252   	52.7       	16.9       	10461     	-70.4
3192      	17:53:23  	263.6 	-41.9 	2     	55.4     	252   	52.7       	17.1       	10466     	-70.4
3194      	17:53:25  	263.3 	-41.9 	2     	55.3     	252   	52.6       	17.2       	10471     	-70.4
3196      	17:53:27  	263.1 	-41.9 	2     	55.3     	252   	52.5       	17.3       	10477     	-70.4
3198      	17:53:29  	262.9 	-42.0 	2     	55.3     	252   	52.5       	17.4       	10482     	-70.4
3200      	17:53:31  	262.7 	-42.0 	2     	55.4     	251   	52.5       	17.6       	10488     	-70.3
3202      	17:53:33  	262.5 	-42.0 	2     	55.5     	251   	52.5       	17.9       	10494     	-70.3
3204      	17:53:35  	262.3 	-42.1 	2     	55.4     	251   	52.4       	18.1       	10499     	-70.3
3206      	17:53:37  	262.1 	-42.1 	2     	55.6     	251   	52.5       	18.2       	10505     	-70.3
3208      	17:53:39  	261.8 	-42.1 	2     	55.6     	251   	52.5       	18.3       	10510     	-70.4
3210      	17:53:41  	261.6 	-42.1 	2     	55.6     	251   	52.5       	18.4       	10516     	-70.4
3212      	17:53:43  	261.4 	-42.2 	2     	55.8     	251   	52.6       	18.6       	10521     	-70.5
3214      	17:53:45  	261.2 	-42.2 	2     	56.0     	250   	52.7       	18.8       	10527     	-70.6
3216      	17:53:47  	261.0 	-42.2 	2     	56.1     	250   	52.8       	18.9       	10532     	-70.7
3218      	17:53:49  	260.8 	-42.2 	2     	56.1     	250   	52.8       	19.1       	10538     	-70.6
3220      	17:53:51  	260.6 	-42.3 	2     	56.3     	250   	52.9       	19.2       	10544     	-70.5
3222      	17:53:53  	260.3 	-42.3 	2     	56.3     	250   	52.9       	19.2       	10549     	-70.5
3224      	17:53:55  	260.1 	-42.4 	2     	56.4     	250   	53.0       	19.3       	10555     	-70.5
3226      	17:53:57  	259.9 	-42.4 	2     	56.5     	250   	53.1       	19.4       	10561     	-70.5
3228      	17:53:59  	259.7 	-42.5 	2     	56.7     	250   	53.2       	19.5       	10567     	-70.6
3230      	17:54:01  	259.4 	-42.5 	2     	56.8     	250   	53.3       	19.6       	10573     	-70.6
3232      	17:54:03  	259.2 	-42.6 	2     	56.8     	250   	53.3       	19.7       	10578     	-70.6
3234      	17:54:05  	259.0 	-42.6 	2     	56.9     	250   	53.4       	19.7       	10584     	-70.8
3236      	17:54:07  	258.8 	-42.6 	2     	56.9     	250   	53.4       	19.7       	10590     	-70.8
3238      	17:54:09  	258.6 	-42.7 	2     	57.0     	250   	53.5       	19.7       	10595     	-70.9
3240      	17:54:11  	258.4 	-42.7 	2     	57.1     	250   	53.6       	19.7       	10601     	-71.0
3242      	17:54:13  	258.1 	-42.8 	2     	57.2     	250   	53.7       	19.7       	10606     	-71.1
3244      	17:54:15  	257.9 	-42.8 	2     	57.3     	250   	53.8       	19.7       	10612     	-71.1
3246      	17:54:17  	257.7 	-42.8 	2     	57.4     	250   	53.9       	19.7       	10618     	-71.1
3248      	17:54:19  	257.5 	-42.9 	2     	57.4     	250   	53.9       	19.7       	10623     	-71.2
3250      	17:54:21  	257.3 	-42.9 	2     	57.6     	250   	54.1       	19.7       	10629     	-71.2
3252      	17:54:23  	257.1 	-43.0 	2     	57.7     	250   	54.2       	19.8       	10634     	-71.4
3254      	17:54:25  	256.9 	-43.0 	2     	57.9     	250   	54.4       	19.9       	10640     	-71.4
3256      	17:54:27  	256.7 	-43.0 	2     	58.0     	250   	54.5       	19.9       	10645     	-71.5
3258      	17:54:29  	256.4 	-43.0 	2     	58.1     	250   	54.6       	20.0       	10651     	-71.6
3260      	17:54:31  	256.2 	-43.1 	2     	58.3     	250   	54.7       	20.1       	10656     	-71.7
3262      	17:54:33  	256.0 	-43.1 	2     	58.5     	250   	54.9       	20.2       	10662     	-71.9
3264      	17:54:35  	255.8 	-43.1 	2     	58.7     	250   	55.1       	20.3       	10668     	-72.0
3266      	17:54:37  	255.6 	-43.1 	2     	58.9     	250   	55.3       	20.4       	10673     	-72.2
3268      	17:54:39  	255.4 	-43.2 	2     	59.3     	250   	55.6       	20.5       	10679     	-72.4
3270      	17:54:41  	255.2 	-43.2 	2     	59.4     	250   	55.7       	20.6       	10685     	-72.7
3272      	17:54:43  	254.9 	-43.2 	2     	59.5     	250   	55.8       	20.6       	10690     	-72.9
3274      	17:54:45  	254.7 	-43.3 	2     	59.6     	250   	55.9       	20.7       	10696     	-73.1
3276      	17:54:47  	254.5 	-43.3 	2     	59.8     	250   	56.1       	20.6       	10702     	-73.3
3278      	17:54:49  	254.3 	-43.3 	2     	59.9     	250   	56.2       	20.6       	10707     	-73.4
3280      	17:54:51  	254.1 	-43.4 	2     	59.9     	250   	56.3       	20.5       	10713     	-73.4
3282      	17:54:53  	253.9 	-43.4 	2     	60.0     	250   	56.4       	20.4       	10718     	-73.3
3284      	17:54:55  	253.7 	-43.4 	2     	59.9     	250   	56.4       	20.3       	10724     	-73.3
3286      	17:54:57  	253.5 	-43.4 	2     	59.9     	250   	56.4       	20.2       	10729     	-73.3
3288      	17:54:59  	253.3 	-43.5 	2     	59.9     	250   	56.4       	20.1       	10735     	-73.3
3290      	17:55:01  	253.0 	-43.5 	2     	59.9     	251   	56.5       	19.9       	10741     	-73.4
3292      	17:55:03  	252.8 	-43.5 	2     	59.9     	251   	56.6       	19.6       	10746     	-73.4
3294      	17:55:05  	252.6 	-43.5 	2     	59.9     	251   	56.7       	19.4       	10752     	-73.4
3296      	17:55:07  	252.4 	-43.5 	2     	59.9     	251   	56.7       	19.3       	10757     	-73.4
3298      	17:55:09  	252.2 	-43.5 	2     	60.0     	251   	56.8       	19.2       	10762     	-73.4
3300      	17:55:11  	252.0 	-43.5 	2     	60.0     	252   	56.9       	19.0       	10768     	-73.5
3302      	17:55:13  	251.8 	-43.6 	2     	60.0     	252   	57.0       	18.8       	10774     	-73.5
3304      	17:55:15  	251.6 	-43.6 	2     	60.0     	252   	57.0       	18.7       	10779     	-73.5
3306      	17:55:17  	251.4 	-43.6 	2     	60.0     	252   	57.1       	18.5       	10785     	-73.5
3308      	17:55:19  	251.2 	-43.6 	2     	60.1     	252   	57.2       	18.3       	10791     	-73.5
3310      	17:55:21  	251.0 	-43.6 	2     	60.0     	252   	57.1       	18.3       	10796     	-73.5
3312      	17:55:23  	250.7 	-43.6 	2     	59.9     	252   	57.1       	18.2       	10802     	-73.6
3314      	17:55:25  	250.5 	-43.6 	2     	59.9     	252   	57.1       	18.2       	10808     	-73.6
3316      	17:55:27  	250.3 	-43.6 	2     	59.9     	252   	57.1       	18.2       	10814     	-73.4
3318      	17:55:29  	250.1 	-43.6 	2     	60.0     	252   	57.1       	18.3       	10820     	-73.3
3320      	17:55:31  	249.9 	-43.6 	2     	60.0     	252   	57.1       	18.3       	10826     	-73.1
3322      	17:55:33  	249.6 	-43.6 	2     	60.0     	252   	57.1       	18.5       	10831     	-72.9
3324      	17:55:35  	249.4 	-43.7 	2     	60.1     	252   	57.1       	18.6       	10837     	-72.8
3326      	17:55:37  	249.2 	-43.7 	2     	60.1     	252   	57.1       	18.7       	10843     	-72.6
3328      	17:55:39  	249.0 	-43.7 	2     	60.2     	252   	57.2       	18.8       	10849     	-72.4
3330      	17:55:41  	248.8 	-43.8 	2     	60.3     	252   	57.3       	18.9       	10855     	-72.3
3332      	17:55:43  	248.6 	-43.8 	2     	60.4     	252   	57.3       	19.0       	10861     	-72.2
3334      	17:55:45  	248.4 	-43.8 	2     	60.5     	252   	57.4       	19.1       	10866     	-72.1
3336      	17:55:47  	248.1 	-43.9 	2     	60.6     	252   	57.5       	19.1       	10872     	-72.2
3338      	17:55:49  	247.9 	-43.9 	2     	60.6     	252   	57.5       	19.1       	10878     	-72.2
3340      	17:55:51  	247.7 	-43.9 	2     	60.7     	252   	57.6       	19.1       	10884     	-72.1
3342      	17:55:53  	247.5 	-43.9 	2     	60.9     	252   	57.8       	19.1       	10889     	-72.0
3344      	17:55:55  	247.3 	-44.0 	2     	61.0     	252   	58.0       	19.0       	10895     	-71.9
3346      	17:55:57  	247.1 	-44.0 	3     	61.1     	252   	58.1       	18.9       	10902     	-71.7
3348      	17:55:59  	246.8 	-44.1 	3     	61.2     	252   	58.2       	18.9       	10908     	-71.5
3350      	17:56:01  	246.6 	-44.1 	3     	61.3     	252   	58.3       	18.8       	10914     	-71.4
3352      	17:56:03  	246.4 	-44.2 	3     	61.3     	252   	58.4       	18.7       	10920     	-71.2
3354      	17:56:05  	246.2 	-44.2 	3     	61.4     	252   	58.5       	18.7       	10926     	-71.0
3356      	17:56:07  	246.0 	-44.2 	3     	61.5     	252   	58.6       	18.6       	10932     	-70.9
3358      	17:56:09  	245.7 	-44.3 	3     	61.5     	252   	58.6       	18.5       	10937     	-70.8
3360      	17:56:11  	245.5 	-44.3 	3     	61.5     	253   	58.7       	18.4       	10943     	-70.7
3362      	17:56:13  	245.3 	-44.3 	3     	61.5     	253   	58.7       	18.4       	10949     	-70.7
3364      	17:56:15  	245.1 	-44.3 	3     	61.5     	253   	58.7       	18.4       	10955     	-70.6
3366      	17:56:17  	244.9 	-44.3 	3     	61.5     	253   	58.7       	18.4       	10961     	-70.5
3368      	17:56:19  	244.7 	-44.4 	3     	61.6     	252   	58.7       	18.6       	10967     	-70.4
3370      	17:56:21  	244.4 	-44.4 	3     	61.6     	252   	58.7       	18.7       	10973     	-70.3
3372      	17:56:23  	244.2 	-44.4 	3     	61.8     	252   	58.8       	18.9       	10979     	-70.3
3374      	17:56:25  	244.0 	-44.4 	3     	61.8     	252   	58.8       	19.0       	10985     	-70.4
3376      	17:56:27  	243.8 	-44.4 	3     	61.9     	252   	58.8       	19.2       	10991     	-70.4
3378      	17:56:29  	243.6 	-44.4 	3     	62.0     	252   	58.9       	19.4       	10997     	-70.4
3380      	17:56:31  	243.4 	-44.4 	3     	62.2     	251   	59.0       	19.8       	11002     	-70.5
3382      	17:56:33  	243.1 	-44.4 	3     	62.4     	251   	59.0       	20.2       	11008     	-70.7
3384      	17:56:35  	242.9 	-44.4 	3     	62.6     	251   	59.1       	20.6       	11014     	-70.8
3386      	17:56:37  	242.7 	-44.4 	3     	62.8     	251   	59.2       	20.9       	11020     	-70.9
3388      	17:56:39  	242.5 	-44.4 	3     	62.9     	250   	59.3       	21.1       	11026     	-71.0
3390      	17:56:41  	242.3 	-44.4 	3     	63.0     	250   	59.3       	21.4       	11032     	-71.2
3392      	17:56:43  	242.1 	-44.5 	3     	63.2     	250   	59.4       	21.6       	11038     	-71.2
3394      	17:56:45  	241.9 	-44.5 	3     	63.3     	250   	59.4       	21.9       	11043     	-71.3
3396      	17:56:47  	241.7 	-44.5 	3     	63.5     	250   	59.5       	22.2       	11049     	-71.4
3398      	17:56:49  	241.5 	-44.6 	3     	63.6     	249   	59.5       	22.5       	11055     	-71.5
3400      	17:56:51  	241.2 	-44.6 	3     	63.7     	249   	59.6       	22.6       	11061     	-71.5
3402      	17:56:53  	241.0 	-44.7 	3     	63.8     	249   	59.6       	22.7       	11067     	-71.6
3404      	17:56:55  	240.8 	-44.7 	3     	63.8     	249   	59.6       	22.8       	11073     	-71.6
3406      	17:56:57  	240.6 	-44.8 	3     	64.0     	249   	59.8       	22.9       	11079     	-71.6
3408      	17:56:59  	240.4 	-44.8 	3     	64.2     	249   	59.9       	23.1       	11085     	-71.6
3410      	17:57:01  	240.2 	-44.9 	3     	64.3     	249   	60.0       	23.2       	11091     	-71.7
3412      	17:57:03  	239.9 	-44.9 	3     	64.6     	249   	60.2       	23.3       	11097     	-71.7
3414      	17:57:05  	239.7 	-45.0 	3     	64.7     	249   	60.3       	23.4       	11103     	-71.7
3416      	17:57:07  	239.5 	-45.1 	3     	64.8     	249   	60.4       	23.5       	11109     	-71.8
3418      	17:57:09  	239.3 	-45.1 	3     	64.9     	249   	60.5       	23.6       	11115     	-71.9
3420      	17:57:11  	239.1 	-45.2 	3     	65.2     	249   	60.7       	23.7       	11121     	-72.0
3422      	17:57:13  	238.9 	-45.2 	3     	65.3     	249   	60.8       	23.7       	11127     	-72.1
3424      	17:57:15  	238.7 	-45.2 	3     	65.4     	249   	60.9       	23.8       	11133     	-72.3
3426      	17:57:17  	238.5 	-45.3 	3     	65.4     	249   	60.9       	23.8       	11139     	-72.3
3428      	17:57:19  	238.2 	-45.3 	3     	65.4     	249   	60.9       	23.8       	11144     	-72.4
3430      	17:57:21  	238.0 	-45.4 	3     	65.5     	249   	61.0       	23.8       	11150     	-72.4
3432      	17:57:23  	237.8 	-45.4 	3     	65.7     	249   	61.2       	24.0       	11156     	-72.4
3434      	17:57:25  	237.6 	-45.5 	3     	66.0     	249   	61.4       	24.1       	11162     	-72.4
3436      	17:57:27  	237.4 	-45.5 	3     	66.2     	249   	61.6       	24.2       	11168     	-72.4
3438      	17:57:29  	237.2 	-45.5 	3     	66.3     	249   	61.7       	24.3       	11174     	-72.3
3440      	17:57:31  	237.0 	-45.6 	3     	66.5     	248   	61.9       	24.4       	11181     	-72.2
3442      	17:57:33  	236.7 	-45.6 	3     	66.8     	248   	62.1       	24.6       	11187     	-72.1
3444      	17:57:35  	236.5 	-45.6 	3     	67.3     	248   	62.6       	24.8       	11193     	-72.0
3446      	17:57:37  	236.3 	-45.6 	3     	67.8     	248   	63.0       	25.1       	11199     	-71.9
3448      	17:57:39  	236.1 	-45.6 	3     	68.4     	248   	63.5       	25.4       	11206     	-71.8
3450      	17:57:41  	235.9 	-45.6 	3     	68.8     	248   	63.8       	25.7       	11212     	-71.7
3452      	17:57:43  	235.6 	-45.7 	3     	69.1     	248   	64.1       	25.9       	11218     	-71.6
3454      	17:57:45  	235.4 	-45.7 	3     	69.5     	248   	64.4       	26.0       	11224     	-71.5
3456      	17:57:47  	235.2 	-45.7 	3     	69.8     	248   	64.7       	26.2       	11230     	-71.5
3458      	17:57:49  	235.0 	-45.7 	3     	70.3     	248   	65.1       	26.5       	11236     	-71.5
3460      	17:57:51  	234.8 	-45.8 	3     	70.7     	248   	65.5       	26.7       	11242     	-71.5
3462      	17:57:53  	234.6 	-45.8 	3     	71.3     	248   	66.0       	26.9       	11248     	-71.5
3464      	17:57:55  	234.4 	-45.8 	3     	71.4     	248   	66.1       	26.9       	11254     	-71.6
3466      	17:57:57  	234.1 	-45.9 	3     	71.6     	248   	66.3       	27.0       	11260     	-71.6
3468      	17:57:59  	233.9 	-45.9 	3     	71.7     	248   	66.4       	27.0       	11266     	-71.6
3470      	17:58:01  	233.7 	-45.9 	3     	72.0     	248   	66.7       	27.0       	11272     	-71.7
3472      	17:58:03  	233.5 	-46.0 	3     	72.1     	248   	66.9       	26.9       	11278     	-71.7
3474      	17:58:05  	233.3 	-46.0 	3     	72.3     	248   	67.1       	26.9       	11284     	-71.8
3476      	17:58:07  	233.1 	-46.0 	3     	72.4     	248   	67.3       	26.8       	11290     	-71.9
3478      	17:58:09  	232.9 	-46.1 	3     	72.5     	248   	67.4       	26.8       	11295     	-72.0
3480      	17:58:11  	232.7 	-46.1 	3     	72.6     	248   	67.5       	26.7       	11301     	-72.0
3482      	17:58:13  	232.5 	-46.2 	3     	72.6     	249   	67.6       	26.6       	11307     	-72.1
3484      	17:58:15  	232.3 	-46.2 	3     	72.8     	249   	67.8       	26.5       	11313     	-72.2
3486      	17:58:17  	232.1 	-46.3 	3     	72.9     	249   	68.0       	26.4       	11319     	-72.2
3488      	17:58:19  	231.9 	-46.3 	3     	73.1     	249   	68.2       	26.3       	11325     	-72.3
3490      	17:58:21  	231.7 	-46.4 	3     	73.1     	249   	68.2       	26.2       	11331     	-72.3
3492      	17:58:23  	231.5 	-46.4 	3     	73.2     	249   	68.3       	26.2       	11337     	-72.2
3494      	17:58:25  	231.3 	-46.4 	3     	73.2     	249   	68.4       	26.1       	11343     	-72.2
3496      	17:58:27  	231.1 	-46.4 	3     	73.4     	249   	68.6       	26.1       	11348     	-72.1
3498      	17:58:29  	230.8 	-46.5 	3     	73.5     	249   	68.7       	26.0       	11354     	-72.0
3500      	17:58:31  	230.6 	-46.5 	3     	73.6     	249   	68.9       	25.9       	11360     	-72.0
3502      	17:58:33  	230.4 	-46.5 	3     	73.7     	249   	69.0       	25.8       	11366     	-72.0
3504      	17:58:35  	230.2 	-46.6 	3     	73.6     	250   	69.0       	25.7       	11372     	-71.9
3506      	17:58:37  	230.0 	-46.6 	3     	73.7     	250   	69.1       	25.7       	11378     	-71.9
3508      	17:58:39  	229.8 	-46.7 	3     	73.8     	250   	69.2       	25.6       	11384     	-71.9
3510      	17:58:41  	229.6 	-46.7 	3     	73.9     	250   	69.4       	25.5       	11390     	-71.9
3512      	17:58:43  	229.4 	-46.7 	3     	74.0     	250   	69.5       	25.3       	11395     	-71.8
3514      	17:58:45  	229.2 	-46.8 	3     	74.1     	250   	69.7       	25.2       	11401     	-71.7
3516      	17:58:47  	229.1 	-46.8 	4     	74.2     	250   	69.8       	25.1       	11406     	-71.6
3518      	17:58:49  	228.9 	-46.8 	4     	74.2     	250   	69.9       	25.0       	11411     	-71.5
3520      	17:58:51  	228.7 	-46.9 	4     	74.3     	250   	70.0       	24.9       	11417     	-71.4
3522      	17:58:53  	228.5 	-46.9 	4     	74.3     	251   	70.1       	24.7       	11422     	-71.4
3524      	17:58:55  	228.3 	-46.9 	4     	74.4     	251   	70.2       	24.5       	11428     	-71.4
3526      	17:58:57  	228.1 	-46.9 	4     	74.3     	251   	70.3       	24.2       	11433     	-71.4
3528      	17:58:59  	227.9 	-46.9 	4     	74.4     	251   	70.4       	24.0       	11438     	-71.4
3530      	17:59:01  	227.8 	-46.9 	4     	74.3     	251   	70.4       	23.9       	11444     	-71.5
3532      	17:59:03  	227.6 	-47.0 	4     	74.3     	251   	70.4       	23.7       	11449     	-71.5
3534      	17:59:05  	227.4 	-47.0 	4     	74.2     	252   	70.4       	23.5       	11455     	-71.6
3536      	17:59:07  	227.2 	-47.0 	4     	74.3     	252   	70.5       	23.3       	11460     	-71.7
3538      	17:59:09  	227.0 	-47.0 	4     	74.3     	252   	70.6       	23.0       	11465     	-71.6
3540      	17:59:11  	226.8 	-47.0 	4     	74.3     	252   	70.7       	22.8       	11471     	-71.6
3542      	17:59:13  	226.6 	-47.0 	4     	74.3     	252   	70.7       	22.7       	11476     	-71.7
3544      	17:59:15  	226.5 	-47.0 	3     	74.3     	252   	70.8       	22.6       	11482     	-71.8
3546      	17:59:17  	226.3 	-47.0 	3     	74.3     	252   	70.8       	22.5       	11487     	-71.9
3548      	17:59:19  	226.1 	-47.0 	3     	74.3     	253   	70.9       	22.3       	11492     	-71.9
3550      	17:59:21  	225.9 	-47.0 	3     	74.3     	253   	71.0       	22.0       	11497     	-71.9
3552      	17:59:23  	225.7 	-46.9 	3     	74.2     	253   	71.0       	21.7       	11503     	-71.9
3554      	17:59:25  	225.6 	-46.9 	3     	74.3     	253   	71.1       	21.5       	11508     	-71.9
3556      	17:59:27  	225.4 	-46.9 	3     	74.2     	253   	71.1       	21.3       	11513     	-71.9
3558      	17:59:29  	225.2 	-46.8 	3     	74.2     	253   	71.1       	21.1       	11519     	-71.9
3560      	17:59:31  	225.0 	-46.8 	3     	74.2     	254   	71.2       	20.9       	11524     	-71.8
3562      	17:59:33  	224.8 	-46.8 	3     	74.3     	254   	71.4       	20.7       	11529     	-71.8
3564      	17:59:35  	224.7 	-46.7 	3     	74.4     	254   	71.5       	20.5       	11534     	-71.8
3566      	17:59:37  	224.5 	-46.7 	3     	74.5     	254   	71.7       	20.3       	11539     	-71.8
3568      	17:59:39  	224.3 	-46.7 	3     	74.7     	254   	71.9       	20.3       	11544     	-71.9
3570      	17:59:41  	224.2 	-46.6 	3     	74.9     	254   	72.1       	20.3       	11549     	-71.9
3572      	17:59:43  	224.0 	-46.6 	3     	75.2     	254   	72.4       	20.5       	11554     	-72.0
3574      	17:59:45  	223.8 	-46.5 	3     	75.6     	254   	72.7       	20.7       	11560     	-72.1
3576      	17:59:47  	223.6 	-46.5 	3     	76.1     	254   	73.1       	21.0       	11565     	-72.1
3578      	17:59:49  	223.5 	-46.4 	3     	76.4     	254   	73.4       	21.3       	11570     	-72.1
3580      	17:59:51  	223.3 	-46.3 	3     	76.8     	254   	73.7       	21.6       	11575     	-72.2
3582      	17:59:53  	223.1 	-46.3 	3     	77.0     	254   	73.8       	21.8       	11581     	-72.4
3584      	17:59:55  	222.9 	-46.2 	3     	77.2     	253   	74.0       	22.1       	11585     	-72.5
3586      	17:59:57  	222.8 	-46.2 	3     	77.5     	253   	74.1       	22.6       	11590     	-72.7
3588      	17:59:59  	222.6 	-46.1 	3     	77.8     	253   	74.3       	23.1       	11595     	-72.8
3590      	18:00:01  	222.4 	-46.0 	3     	78.1     	252   	74.4       	23.6       	11600     	-73.0
3592      	18:00:03  	222.3 	-46.0 	2     	78.2     	252   	74.5       	23.9       	11605     	-73.3
3594      	18:00:05  	222.1 	-45.9 	2     	78.3     	252   	74.5       	24.2       	11610     	-73.5
3596      	18:00:07  	222.0 	-45.8 	2     	78.4     	252   	74.5       	24.4       	11614     	-73.7
3598      	18:00:09  	221.8 	-45.8 	2     	78.5     	252   	74.5       	24.7       	11619     	-73.8
3600      	18:00:11  	221.6 	-45.7 	2     	78.7     	252   	74.7       	24.9       	11624     	-74.0
3602      	18:00:13  	221.5 	-45.7 	2     	78.9     	251   	74.8       	25.1       	11629     	-74.2
3604      	18:00:15  	221.3 	-45.6 	2     	79.2     	251   	75.0       	25.4       	11633     	-74.5
3606      	18:00:17  	221.2 	-45.6 	2     	79.4     	251   	75.2       	25.4       	11638     	-74.6
3608      	18:00:19  	221.0 	-45.5 	2     	79.6     	251   	75.4       	25.4       	11643     	-74.8
3610      	18:00:21  	220.9 	-45.5 	2     	79.7     	251   	75.5       	25.4       	11648     	-75.0
3612      	18:00:23  	220.7 	-45.5 	2     	79.8     	252   	75.7       	25.3       	11653     	-75.2
3614      	18:00:25  	220.5 	-45.5 	2     	80.0     	252   	75.9       	25.2       	11657     	-75.4
3616      	18:00:27  	220.4 	-45.4 	2     	80.2     	252   	76.1       	25.2       	11662     	-75.5
3618      	18:00:29  	220.2 	-45.4 	2     	80.2     	252   	76.2       	25.1       	11667     	-75.5
3620      	18:00:31  	220.1 	-45.4 	2     	80.2     	252   	76.2       	25.0       	11672     	-75.6
3622      	18:00:33  	219.9 	-45.5 	2     	80.2     	252   	76.2       	24.9       	11676     	-75.7
3624      	18:00:35  	219.7 	-45.5 	2     	80.1     	252   	76.2       	24.8       	11681     	-75.8
3626      	18:00:37  	219.6 	-45.5 	2     	80.3     	252   	76.4       	24.7       	11686     	-75.8
3628      	18:00:39  	219.4 	-45.5 	2     	80.4     	252   	76.5       	24.6       	11691     	-75.8
3630      	18:00:41  	219.3 	-45.5 	2     	80.4     	252   	76.6       	24.5       	11695     	-75.8
3632      	18:00:43  	219.1 	-45.6 	2     	80.6     	252   	76.8       	24.4       	11700     	-75.8
3634      	18:00:45  	219.0 	-45.6 	2     	80.7     	252   	76.9       	24.4       	11705     	-75.7
3636      	18:00:47  	218.8 	-45.6 	2     	80.8     	252   	77.0       	24.4       	11710     	-75.7
3638      	18:00:49  	218.7 	-45.7 	2     	80.9     	253   	77.2       	24.3       	11715     	-75.7
3640      	18:00:51  	218.5 	-45.7 	2     	81.0     	253   	77.3       	24.2       	11719     	-75.7
3642      	18:00:53  	218.3 	-45.7 	2     	81.2     	253   	77.5       	24.1       	11724     	-75.7
3644      	18:00:55  	218.2 	-45.8 	2     	81.2     	253   	77.6       	24.0       	11729     	-75.7
3646      	18:00:57  	218.0 	-45.8 	2     	81.2     	253   	77.6       	24.0       	11733     	-75.7
3648      	18:00:59  	217.9 	-45.8 	2     	81.2     	253   	77.6       	23.9       	11738     	-75.7
3650      	18:01:01  	217.7 	-45.9 	2     	81.2     	253   	77.6       	23.8       	11743     	-75.8
3652      	18:01:03  	217.6 	-45.9 	2     	81.2     	253   	77.7       	23.6       	11748     	-75.8
3654      	18:01:05  	217.4 	-45.9 	2     	81.2     	253   	77.7       	23.5       	11753     	-75.8
3656      	18:01:07  	217.2 	-46.0 	2     	81.1     	253   	77.7       	23.3       	11758     	-75.9
3658      	18:01:09  	217.1 	-46.0 	2     	81.1     	253   	77.7       	23.2       	11762     	-75.9
3660      	18:01:11  	216.9 	-46.0 	2     	81.1     	253   	77.7       	23.2       	11767     	-75.9
3662      	18:01:13  	216.8 	-46.0 	2     	81.2     	253   	77.8       	23.1       	11772     	-76.0
3664      	18:01:15  	216.6 	-46.1 	2     	81.1     	254   	77.8       	22.9       	11777     	-76.0
3666      	18:01:17  	216.4 	-46.1 	2     	81.0     	254   	77.8       	22.7       	11782     	-76.0
3668      	18:01:19  	216.3 	-46.1 	2     	81.1     	254   	77.9       	22.6       	11787     	-76.0
3670      	18:01:21  	216.1 	-46.2 	2     	81.1     	254   	77.9       	22.4       	11792     	-76.0
3672      	18:01:23  	216.0 	-46.2 	2     	81.0     	254   	77.9       	22.3       	11797     	-76.0
3674      	18:01:25  	215.8 	-46.2 	2     	81.0     	254   	77.9       	22.2       	11802     	-76.0
3676      	18:01:27  	215.6 	-46.3 	2     	81.0     	254   	77.9       	22.1       	11807     	-76.0
3678      	18:01:29  	215.5 	-46.3 	2     	81.0     	254   	78.0       	21.9       	11812     	-76.0
3680      	18:01:31  	215.3 	-46.3 	2     	81.1     	254   	78.1       	21.8       	11817     	-76.0
3682      	18:01:33  	215.1 	-46.3 	2     	81.1     	255   	78.2       	21.6       	11822     	-76.0
3684      	18:01:35  	215.0 	-46.4 	2     	81.1     	255   	78.2       	21.5       	11827     	-76.1
3686      	18:01:37  	214.8 	-46.4 	2     	81.2     	255   	78.3       	21.5       	11832     	-76.1
3688      	18:01:39  	214.7 	-46.4 	2     	81.3     	255   	78.4       	21.4       	11837     	-76.1
3690      	18:01:41  	214.5 	-46.4 	2     	81.3     	255   	78.5       	21.3       	11842     	-76.1
3692      	18:01:43  	214.3 	-46.5 	2     	81.4     	255   	78.6       	21.2       	11847     	-76.2
3694      	18:01:45  	214.2 	-46.5 	2     	81.5     	255   	78.7       	21.1       	11852     	-76.2
3696      	18:01:47  	214.0 	-46.5 	2     	81.5     	255   	78.8       	20.9       	11857     	-76.3
3698      	18:01:49  	213.9 	-46.5 	2     	81.6     	255   	78.9       	20.9       	11862     	-76.4
3700      	18:01:51  	213.7 	-46.5 	2     	81.6     	255   	78.9       	20.8       	11867     	-76.4
3702      	18:01:53  	213.5 	-46.5 	2     	81.8     	255   	79.1       	20.7       	11872     	-76.4
3704      	18:01:55  	213.4 	-46.4 	2     	81.9     	255   	79.3       	20.6       	11877     	-76.5
3706      	18:01:57  	213.2 	-46.4 	2     	82.2     	256   	79.6       	20.5       	11883     	-76.5
3708      	18:01:59  	213.0 	-46.3 	2     	82.5     	256   	79.9       	20.4       	11888     	-76.5
3710      	18:02:01  	212.9 	-46.3 	2     	82.6     	256   	80.1       	20.3       	11893     	-76.4
3712      	18:02:03  	212.7 	-46.2 	2     	82.8     	256   	80.3       	20.3       	11899     	-76.4
3714      	18:02:05  	212.5 	-46.2 	2     	83.0     	256   	80.5       	20.3       	11904     	-76.3
3716      	18:02:07  	212.3 	-46.1 	2     	83.3     	256   	80.8       	20.3       	11909     	-76.3
3718      	18:02:09  	212.2 	-46.0 	2     	83.5     	256   	81.0       	20.2       	11914     	-76.2
3720      	18:02:11  	212.0 	-46.0 	2     	83.8     	256   	81.3       	20.2       	11919     	-76.2
3722      	18:02:13  	211.8 	-45.9 	2     	84.0     	256   	81.5       	20.2       	11925     	-76.1
3724      	18:02:15  	211.7 	-45.9 	2     	84.1     	256   	81.6       	20.2       	11930     	-76.1
3726      	18:02:17  	211.5 	-45.8 	2     	84.1     	256   	81.6       	20.2       	11935     	-76.0
3728      	18:02:19  	211.3 	-45.7 	2     	84.0     	256   	81.5       	20.3       	11940     	-76.0
3730      	18:02:21  	211.2 	-45.7 	2     	83.8     	256   	81.3       	20.3       	11946     	-76.0
3732      	18:02:23  	211.0 	-45.6 	2     	83.6     	256   	81.1       	20.3       	11951     	-75.9
3734      	18:02:25  	210.8 	-45.6 	2     	83.4     	256   	80.9       	20.3       	11956     	-75.9
3736      	18:02:27  	210.7 	-45.5 	2     	83.2     	256   	80.7       	20.3       	11962     	-75.8
3738      	18:02:29  	210.5 	-45.5 	2     	82.9     	256   	80.4       	20.3       	11967     	-75.8
3740      	18:02:31  	210.3 	-45.4 	2     	82.6     	256   	80.1       	20.3       	11972     	-75.8
3742      	18:02:33  	210.2 	-45.4 	2     	82.2     	256   	79.7       	20.3       	11978     	-75.7
3744      	18:02:35  	210.0 	-45.3 	2     	81.9     	256   	79.4       	20.2       	11983     	-75.7
3746      	18:02:37  	209.8 	-45.3 	2     	81.5     	256   	79.0       	20.2       	11988     	-75.7
3748      	18:02:39  	209.7 	-45.3 	2     	81.3     	256   	78.8       	20.1       	11994     	-75.7
3750      	18:02:41  	209.5 	-45.2 	2     	81.1     	256   	78.6       	20.1       	12000     	-75.7
3752      	18:02:43  	209.3 	-45.2 	2     	81.0     	256   	78.5       	20.0       	12005     	-75.6
3754      	18:02:45  	209.1 	-45.2 	2     	80.9     	256   	78.4       	19.9       	12011     	-75.6
3756      	18:02:47  	208.9 	-45.1 	2     	80.7     	256   	78.2       	19.8       	12017     	-75.6
3758      	18:02:49  	208.8 	-45.1 	2     	80.4     	256   	78.0       	19.6       	12022     	-75.5
3760      	18:02:51  	208.6 	-45.1 	2     	80.3     	256   	77.9       	19.5       	12028     	-75.5
3762      	18:02:53  	208.4 	-45.1 	2     	80.3     	256   	77.9       	19.4       	12033     	-75.4
3764      	18:02:55  	208.3 	-45.0 	2     	80.3     	256   	77.9       	19.3       	12038     	-75.4
3766      	18:02:57  	208.1 	-45.0 	2     	80.2     	256   	77.8       	19.3       	12044     	-75.4
3768      	18:02:59  	207.9 	-45.0 	2     	80.1     	256   	77.7       	19.3       	12049     	-75.3
3770      	18:03:01  	207.8 	-44.9 	2     	79.9     	256   	77.5       	19.3       	12054     	-75.3
3772      	18:03:03  	207.6 	-44.9 	2     	79.8     	256   	77.4       	19.3       	12060     	-75.3
3774      	18:03:05  	207.4 	-44.9 	2     	79.7     	256   	77.3       	19.3       	12065     	-75.3
3776      	18:03:07  	207.3 	-44.8 	2     	79.6     	256   	77.2       	19.4       	12071     	-75.3
3778      	18:03:09  	207.1 	-44.8 	2     	79.6     	256   	77.2       	19.5       	12076     	-75.3
3780      	18:03:11  	206.9 	-44.8 	2     	79.5     	256   	77.0       	19.6       	12081     	-75.2
3782      	18:03:13  	206.8 	-44.7 	2     	79.4     	256   	76.9       	19.8       	12087     	-75.2
3784      	18:03:15  	206.6 	-44.7 	2     	79.4     	255   	76.8       	20.0       	12092     	-75.2
3786      	18:03:17  	206.4 	-44.7 	2     	79.3     	255   	76.7       	20.1       	12098     	-75.2
3788      	18:03:19  	206.2 	-44.6 	2     	79.3     	255   	76.7       	20.2       	12104     	-75.2
3790      	18:03:21  	206.1 	-44.6 	2     	79.3     	255   	76.6       	20.4       	12109     	-75.1
3792      	18:03:23  	205.9 	-44.6 	2     	79.3     	255   	76.6       	20.4       	12115     	-75.1
3794      	18:03:25  	205.7 	-44.6 	2     	79.4     	255   	76.7       	20.4       	12120     	-75.0
3796      	18:03:27  	205.6 	-44.6 	2     	79.5     	255   	76.8       	20.4       	12126     	-75.0
3798      	18:03:29  	205.4 	-44.6 	2     	79.5     	255   	76.8       	20.4       	12131     	-75.0
3800      	18:03:31  	205.2 	-44.5 	2     	79.5     	255   	76.9       	20.3       	12137     	-75.0
3802      	18:03:33  	205.1 	-44.5 	2     	79.6     	255   	77.0       	20.1       	12142     	-74.9
3804      	18:03:35  	204.9 	-44.5 	2     	79.7     	255   	77.1       	20.0       	12148     	-74.9
3806      	18:03:37  	204.7 	-44.5 	2     	79.7     	256   	77.2       	19.8       	12153     	-74.9
3808      	18:03:39  	204.6 	-44.5 	2     	79.7     	256   	77.3       	19.6       	12158     	-74.9
3810      	18:03:41  	204.4 	-44.6 	2     	79.8     	256   	77.4       	19.3       	12164     	-74.9
3812      	18:03:43  	204.2 	-44.6 	2     	79.7     	256   	77.4       	19.2       	12169     	-74.9
3814      	18:03:45  	204.1 	-44.6 	2     	79.7     	256   	77.4       	19.1       	12174     	-74.9
3816      	18:03:47  	203.9 	-44.6 	2     	79.7     	256   	77.4       	19.0       	12180     	-74.9
3818      	18:03:49  	203.7 	-44.7 	2     	79.7     	256   	77.4       	18.8       	12186     	-74.9
3820      	18:03:51  	203.6 	-44.7 	2     	79.6     	256   	77.4       	18.6       	12191     	-74.9
3822      	18:03:53  	203.4 	-44.7 	2     	79.5     	257   	77.4       	18.3       	12196     	-74.9
3824      	18:03:55  	203.2 	-44.7 	2     	79.6     	257   	77.5       	18.1       	12202     	-75.0
3826      	18:03:57  	203.1 	-44.8 	2     	79.6     	257   	77.5       	18.0       	12207     	-75.0
3828      	18:03:59  	202.9 	-44.8 	2     	79.6     	257   	77.6       	17.8       	12212     	-75.0
3830      	18:04:01  	202.8 	-44.8 	2     	79.7     	257   	77.7       	17.7       	12218     	-75.0
3832      	18:04:03  	202.6 	-44.8 	2     	79.7     	257   	77.8       	17.5       	12223     	-75.0
3834      	18:04:05  	202.4 	-44.9 	2     	79.8     	258   	77.9       	17.2       	12228     	-75.0
3836      	18:04:07  	202.3 	-44.9 	2     	79.8     	258   	78.0       	17.0       	12234     	-75.0
3838      	18:04:09  	202.1 	-44.9 	2     	79.9     	258   	78.1       	16.8       	12239     	-75.0
3840      	18:04:11  	201.9 	-44.9 	2     	79.8     	258   	78.1       	16.6       	12244     	-75.0
3842      	18:04:13  	201.8 	-45.0 	2     	79.8     	258   	78.1       	16.5       	12250     	-75.0
3844      	18:04:15  	201.6 	-45.0 	2     	79.9     	258   	78.2       	16.3       	12255     	-75.0
3846      	18:04:17  	201.5 	-45.0 	2     	79.9     	258   	78.2       	16.2       	12260     	-75.0
3848      	18:04:19  	201.3 	-45.1 	2     	79.9     	258   	78.3       	16.0       	12266     	-75.0
3850      	18:04:21  	201.1 	-45.1 	2     	79.9     	259   	78.3       	15.8       	12271     	-75.0
3852      	18:04:23  	201.0 	-45.1 	2     	80.0     	259   	78.4       	15.7       	12276     	-75.0
3854      	18:04:25  	200.8 	-45.1 	2     	80.0     	259   	78.4       	15.7       	12281     	-75.0
3856      	18:04:27  	200.7 	-45.1 	2     	79.9     	259   	78.4       	15.6       	12287     	-74.9
3858      	18:04:29  	200.5 	-45.1 	2     	80.0     	259   	78.4       	15.7       	12292     	-74.9
3860      	18:04:31  	200.4 	-45.1 	2     	80.0     	259   	78.4       	15.8       	12297     	-74.9
3862      	18:04:33  	200.2 	-45.1 	2     	80.0     	259   	78.4       	15.9       	12302     	-75.0
3864      	18:04:35  	200.0 	-45.1 	2     	80.0     	258   	78.4       	16.0       	12308     	-75.0
3866      	18:04:37  	199.9 	-45.1 	2     	79.9     	258   	78.3       	16.1       	12313     	-75.0
3868      	18:04:39  	199.7 	-45.1 	2     	80.0     	258   	78.3       	16.3       	12318     	-75.0
3870      	18:04:41  	199.6 	-45.1 	2     	80.0     	258   	78.3       	16.4       	12324     	-75.1
3872      	18:04:43  	199.4 	-45.1 	2     	80.0     	258   	78.2       	16.7       	12329     	-75.1
3874      	18:04:45  	199.2 	-45.1 	2     	79.9     	258   	78.1       	16.9       	12334     	-75.2
3876      	18:04:47  	199.1 	-45.1 	2     	80.0     	258   	78.1       	17.2       	12340     	-75.2
3878      	18:04:49  	198.9 	-45.1 	2     	79.9     	257   	78.0       	17.3       	12346     	-75.2
3880      	18:04:51  	198.7 	-45.1 	2     	79.8     	257   	77.9       	17.4       	12351     	-75.2
3882      	18:04:53  	198.6 	-45.1 	2     	79.8     	257   	77.9       	17.5       	12356     	-75.1
3884      	18:04:55  	198.4 	-45.1 	2     	79.8     	257   	77.8       	17.7       	12362     	-75.1
3886      	18:04:57  	198.3 	-45.1 	2     	79.6     	257   	77.6       	17.9       	12367     	-75.1
3888      	18:04:59  	198.1 	-45.1 	2     	79.6     	257   	77.5       	18.1       	12373     	-75.1
3890      	18:05:01  	197.9 	-45.2 	2     	79.5     	257   	77.4       	18.3       	12379     	-75.1
3892      	18:05:03  	197.8 	-45.2 	2     	79.5     	257   	77.3       	18.4       	12384     	-75.1
3894      	18:05:05  	197.6 	-45.2 	2     	79.5     	256   	77.3       	18.6       	12390     	-75.1
3896      	18:05:07  	197.4 	-45.3 	2     	79.3     	256   	77.1       	18.7       	12395     	-75.1
3898      	18:05:09  	197.3 	-45.3 	2     	79.2     	256   	76.9       	18.8       	12401     	-75.1
3900      	18:05:11  	197.1 	-45.4 	2     	79.1     	256   	76.8       	18.8       	12406     	-75.2
3902      	18:05:13  	196.9 	-45.4 	2     	78.9     	256   	76.6       	18.9       	12412     	-75.2
3904      	18:05:15  	196.8 	-45.5 	2     	78.8     	256   	76.5       	18.9       	12418     	-75.3
3906      	18:05:17  	196.6 	-45.6 	2     	78.7     	256   	76.4       	18.9       	12423     	-75.4
3908      	18:05:19  	196.4 	-45.6 	2     	78.6     	256   	76.3       	18.9       	12429     	-75.4
3910      	18:05:21  	196.3 	-45.6 	2     	78.4     	256   	76.1       	18.9       	12434     	-75.5
3912      	18:05:23  	196.1 	-45.7 	2     	78.2     	256   	75.9       	18.9       	12440     	-75.5
3914      	18:05:25  	196.0 	-45.7 	2     	78.1     	256   	75.8       	18.9       	12445     	-75.6
3916      	18:05:27  	195.8 	-45.8 	2     	78.0     	256   	75.7       	18.9       	12451     	-75.7
3918      	18:05:29  	195.6 	-45.8 	2     	77.9     	256   	75.6       	18.9       	12456     	-75.8
3920      	18:05:31  	195.5 	-45.9 	2     	77.9     	256   	75.6       	18.9       	12462     	-75.8
3922      	18:05:33  	195.3 	-45.9 	2     	77.7     	256   	75.3       	19.0       	12468     	-75.9
3924      	18:05:35  	195.1 	-46.0 	2     	77.5     	256   	75.1       	19.1       	12474     	-75.9
3926      	18:05:37  	195.0 	-46.0 	2     	77.3     	256   	74.9       	19.2       	12479     	-75.9
3928      	18:05:39  	194.8 	-46.0 	2     	77.2     	256   	74.7       	19.3       	12485     	-76.0
3930      	18:05:41  	194.6 	-46.1 	2     	77.0     	255   	74.5       	19.3       	12491     	-76.0
3932      	18:05:43  	194.4 	-46.1 	2     	76.9     	255   	74.4       	19.4       	12497     	-76.0
3934      	18:05:45  	194.3 	-46.1 	2     	76.6     	255   	74.1       	19.5       	12502     	-76.1
3936      	18:05:47  	194.1 	-46.1 	2     	76.3     	255   	73.7       	19.7       	12508     	-76.1
3938      	18:05:49  	194.0 	-46.1 	2     	76.0     	255   	73.4       	19.9       	12514     	-76.1
3940      	18:05:51  	193.8 	-46.1 	2     	75.7     	255   	73.0       	20.0       	12520     	-76.1
3942      	18:05:53  	193.6 	-46.1 	2     	75.5     	255   	72.8       	20.1       	12525     	-76.1
3944      	18:05:55  	193.4 	-46.1 	2     	75.3     	254   	72.5       	20.2       	12531     	-76.1
3946      	18:05:57  	193.3 	-46.1 	2     	75.1     	254   	72.3       	20.3       	12537     	-76.1
3948      	18:05:59  	193.1 	-46.2 	2     	74.8     	254   	72.0       	20.4       	12543     	-76.1
3950      	18:06:01  	192.9 	-46.2 	2     	74.5     	254   	71.6       	20.5       	12549     	-76.1
3952      	18:06:03  	192.8 	-46.2 	2     	74.2     	254   	71.3       	20.6       	12555     	-76.0
3954      	18:06:05  	192.6 	-46.2 	2     	74.0     	254   	71.0       	20.7       	12561     	-76.0
3956      	18:06:07  	192.4 	-46.2 	2     	73.9     	254   	70.9       	20.8       	12567     	-75.9
3958      	18:06:09  	192.2 	-46.2 	2     	73.8     	254   	70.8       	20.8       	12573     	-75.9
3960      	18:06:11  	192.1 	-46.2 	2     	73.7     	254   	70.7       	20.8       	12579     	-75.8
3962      	18:06:13  	191.9 	-46.2 	2     	73.7     	254   	70.7       	20.9       	12585     	-75.8
3964      	18:06:15  	191.7 	-46.2 	2     	73.6     	254   	70.6       	20.9       	12591     	-75.8
3966      	18:06:17  	191.5 	-46.2 	2     	73.7     	253   	70.6       	21.0       	12597     	-75.8
3968      	18:06:19  	191.4 	-46.2 	2     	73.8     	253   	70.7       	21.0       	12603     	-75.8
3970      	18:06:21  	191.2 	-46.2 	2     	73.9     	253   	70.8       	21.1       	12609     	-75.8
3972      	18:06:23  	191.0 	-46.3 	2     	74.0     	253   	70.9       	21.1       	12615     	-75.9
3974      	18:06:25  	190.9 	-46.3 	2     	74.2     	253   	71.1       	21.1       	12621     	-75.9
3976      	18:06:27  	190.7 	-46.3 	2     	74.4     	254   	71.3       	21.1       	12627     	-75.9
3978      	18:06:29  	190.5 	-46.4 	2     	74.5     	254   	71.5       	21.1       	12633     	-75.9
3980      	18:06:31  	190.3 	-46.4 	2     	74.7     	254   	71.7       	21.1       	12639     	-75.9
3982      	18:06:33  	190.2 	-46.4 	2     	74.8     	254   	71.8       	21.1       	12645     	-76.0
3984      	18:06:35  	190.0 	-46.5 	2     	74.9     	254   	71.9       	21.1       	12651     	-76.0
3986      	18:06:37  	189.8 	-46.5 	2     	75.1     	254   	72.1       	21.1       	12657     	-76.0
3988      	18:06:39  	189.6 	-46.6 	2     	75.3     	254   	72.3       	21.1       	12664     	-76.0
3990      	18:06:41  	189.4 	-46.6 	2     	75.5     	254   	72.5       	21.1       	12670     	-76.0
3992      	18:06:43  	189.3 	-46.6 	2     	75.7     	254   	72.7       	21.1       	12676     	-76.0
3994      	18:06:45  	189.1 	-46.6 	2     	75.8     	254   	72.8       	21.1       	12682     	-76.1
3996      	18:06:47  	188.9 	-46.7 	2     	75.9     	254   	72.9       	21.1       	12688     	-76.2
3998      	18:06:49  	188.8 	-46.7 	2     	75.9     	254   	72.9       	21.1       	12694     	-76.2
4000      	18:06:51  	188.6 	-46.8 	2     	75.8     	254   	72.8       	21.1       	12700     	-76.2
4002      	18:06:53  	188.4 	-46.8 	2     	75.7     	254   	72.7       	21.1       	12706     	-76.3
4004      	18:06:55  	188.2 	-46.9 	2     	75.6     	254   	72.6       	21.1       	12712     	-76.3
4006      	18:06:57  	188.1 	-46.9 	2     	75.5     	254   	72.5       	21.1       	12718     	-76.4
4008      	18:06:59  	187.9 	-46.9 	2     	75.3     	254   	72.3       	21.1       	12724     	-76.4
4010      	18:07:01  	187.7 	-47.0 	2     	75.1     	254   	72.1       	21.1       	12730     	-76.5
4012      	18:07:03  	187.6 	-47.0 	2     	75.1     	254   	72.0       	21.2       	12736     	-76.5
4014      	18:07:05  	187.4 	-47.1 	2     	75.1     	253   	72.0       	21.4       	12741     	-76.5
4016      	18:07:07  	187.2 	-47.1 	2     	75.0     	253   	71.9       	21.5       	12747     	-76.6
4018      	18:07:09  	187.1 	-47.2 	2     	75.1     	253   	71.9       	21.7       	12753     	-76.6
4020      	18:07:11  	186.9 	-47.2 	2     	75.2     	253   	72.0       	21.8       	12759     	-76.6
4022      	18:07:13  	186.7 	-47.3 	2     	75.4     	253   	72.1       	22.0       	12765     	-76.7
4024      	18:07:15  	186.6 	-47.3 	2     	75.6     	253   	72.3       	22.1       	12771     	-76.7
4026      	18:07:17  	186.4 	-47.3 	2     	76.0     	253   	72.6       	22.5       	12777     	-76.7
4028      	18:07:19  	186.2 	-47.4 	2     	76.4     	253   	72.9       	22.8       	12784     	-76.7
4030      	18:07:21  	186.0 	-47.4 	2     	76.8     	252   	73.2       	23.1       	12790     	-76.7
4032      	18:07:23  	185.9 	-47.5 	2     	77.0     	252   	73.4       	23.4       	12796     	-76.7
4034      	18:07:25  	185.7 	-47.5 	2     	77.3     	252   	73.6       	23.6       	12802     	-76.7
4036      	18:07:27  	185.5 	-47.6 	2     	77.5     	252   	73.8       	23.7       	12808     	-76.7
4038      	18:07:29  	185.4 	-47.7 	2     	77.7     	252   	73.9       	23.9       	12814     	-76.7
4040      	18:07:31  	185.2 	-47.7 	2     	77.7     	252   	73.9       	24.0       	12820     	-76.7
4042      	18:07:33  	185.0 	-47.8 	2     	77.8     	252   	74.0       	24.0       	12826     	-76.7
4044      	18:07:35  	184.8 	-47.8 	2     	77.8     	252   	74.0       	24.1       	12832     	-76.7
4046      	18:07:37  	184.7 	-47.9 	2     	77.6     	252   	73.8       	24.0       	12838     	-76.7
4048      	18:07:39  	184.5 	-47.9 	2     	77.5     	252   	73.7       	23.9       	12844     	-76.7
4050      	18:07:41  	184.3 	-48.0 	2     	77.3     	252   	73.5       	23.8       	12850     	-76.7
4052      	18:07:43  	184.2 	-48.0 	2     	77.1     	252   	73.4       	23.7       	12856     	-76.8
4054      	18:07:45  	184.0 	-48.1 	2     	77.0     	252   	73.3       	23.6       	12862     	-76.8
4056      	18:07:47  	183.8 	-48.1 	2     	77.0     	252   	73.3       	23.5       	12868     	-76.8
4058      	18:07:49  	183.7 	-48.2 	2     	76.8     	252   	73.2       	23.4       	12874     	-76.9
4060      	18:07:51  	183.5 	-48.2 	2     	76.9     	252   	73.3       	23.4       	12880     	-76.9
4062      	18:07:53  	183.3 	-48.3 	2     	77.0     	252   	73.4       	23.4       	12886     	-77.0
4064      	18:07:55  	183.2 	-48.3 	2     	76.9     	252   	73.3       	23.4       	12892     	-77.1
4066      	18:07:57  	183.0 	-48.4 	2     	76.8     	252   	73.2       	23.4       	12898     	-77.1
4068      	18:07:59  	182.8 	-48.4 	2     	76.7     	252   	73.1       	23.3       	12904     	-77.2
4070      	18:08:01  	182.7 	-48.5 	2     	76.6     	252   	73.0       	23.3       	12910     	-77.2
4072      	18:08:03  	182.5 	-48.5 	2     	76.5     	252   	72.9       	23.3       	12916     	-77.3
4074      	18:08:05  	182.3 	-48.5 	2     	76.3     	252   	72.7       	23.2       	12922     	-77.3
4076      	18:08:07  	182.2 	-48.6 	2     	76.3     	252   	72.7       	23.2       	12928     	-77.3
4078      	18:08:09  	182.0 	-48.7 	2     	76.4     	252   	72.8       	23.3       	12934     	-77.3
4080      	18:08:11  	181.9 	-48.7 	2     	76.7     	252   	73.0       	23.4       	12940     	-77.3
4082      	18:08:13  	181.7 	-48.7 	2     	76.9     	252   	73.2       	23.5       	12945     	-77.3
4084      	18:08:15  	181.5 	-48.8 	2     	77.2     	252   	73.5       	23.6       	12951     	-77.3
4086      	18:08:17  	181.4 	-48.9 	2     	77.6     	252   	73.9       	23.7       	12957     	-77.4
4088      	18:08:19  	181.2 	-48.9 	2     	78.0     	252   	74.2       	23.9       	12963     	-77.4
4090      	18:08:21  	181.1 	-48.9 	2     	78.2     	252   	74.4       	24.0       	12969     	-77.4
4092      	18:08:23  	180.9 	-49.0 	2     	78.4     	252   	74.6       	24.0       	12974     	-77.5
4094      	18:08:25  	180.7 	-49.0 	2     	78.6     	252   	74.8       	24.1       	12980     	-77.5
4096      	18:08:27  	180.6 	-49.1 	2     	78.7     	252   	74.9       	24.2       	12986     	-77.5
4098      	18:08:29  	180.4 	-49.2 	2     	78.5     	252   	74.7       	24.1       	12991     	-77.6
4100      	18:08:31  	180.3 	-49.2 	2     	78.3     	252   	74.5       	24.1       	12997     	-77.6
4102      	18:08:33  	180.1 	-49.2 	2     	78.1     	252   	74.3       	24.0       	13002     	-77.6
4104      	18:08:35  	180.0 	-49.3 	2     	78.0     	252   	74.2       	24.0       	13008     	-77.6
4106      	18:08:37  	179.8 	-49.3 	2     	77.8     	252   	74.0       	23.9       	13013     	-77.7
4108      	18:08:39  	179.7 	-49.4 	2     	77.5     	252   	73.8       	23.8       	13019     	-77.7
4110      	18:08:41  	179.5 	-49.4 	2     	77.5     	252   	73.8       	23.8       	13025     	-77.7
4112      	18:08:43  	179.4 	-49.5 	2     	77.5     	252   	73.8       	23.7       	13030     	-77.7
4114      	18:08:45  	179.2 	-49.5 	2     	77.5     	252   	73.8       	23.7       	13036     	-77.8
4116      	18:08:47  	179.0 	-49.5 	2     	77.5     	252   	73.8       	23.5       	13042     	-77.8
4118      	18:08:49  	178.9 	-49.6 	2     	77.4     	252   	73.8       	23.4       	13047     	-77.9
4120      	18:08:51  	178.7 	-49.7 	2     	77.5     	253   	73.9       	23.2       	13053     	-78.0
4122      	18:08:53  	178.6 	-49.7 	2     	77.4     	253   	73.9       	23.1       	13059     	-78.0
4124      	18:08:55  	178.4 	-49.7 	2     	77.4     	253   	73.9       	23.0       	13064     	-78.1
4126      	18:08:57  	178.3 	-49.8 	2     	77.4     	253   	73.9       	22.9       	13070     	-78.2
4128      	18:08:59  	178.1 	-49.8 	2     	77.3     	253   	73.9       	22.7       	13075     	-78.2
4130      	18:09:01  	178.0 	-49.8 	2     	77.3     	253   	73.9       	22.6       	13081     	-78.3
4132      	18:09:03  	177.8 	-49.9 	2     	77.2     	253   	73.9       	22.4       	13087     	-78.3
4134      	18:09:05  	177.7 	-49.9 	2     	77.2     	253   	73.9       	22.2       	13092     	-78.4
4136      	18:09:07  	177.5 	-49.9 	2     	77.0     	253   	73.8       	22.1       	13098     	-78.4
4138      	18:09:09  	177.4 	-50.0 	2     	77.0     	253   	73.8       	22.1       	13103     	-78.4
4140      	18:09:11  	177.2 	-50.0 	2     	77.0     	253   	73.8       	22.0       	13109     	-78.4
4142      	18:09:13  	177.1 	-50.1 	2     	76.9     	253   	73.7       	22.0       	13114     	-78.4
4144      	18:09:15  	176.9 	-50.1 	2     	76.8     	253   	73.5       	22.1       	13120     	-78.4
4146      	18:09:17  	176.8 	-50.1 	2     	76.7     	253   	73.4       	22.1       	13125     	-78.4
4148      	18:09:19  	176.6 	-50.2 	2     	76.6     	253   	73.3       	22.2       	13131     	-78.5
4150      	18:09:21  	176.5 	-50.2 	2     	76.5     	253   	73.2       	22.2       	13136     	-78.5
4152      	18:09:23  	176.3 	-50.2 	2     	76.4     	253   	73.1       	22.3       	13142     	-78.4
4154      	18:09:25  	176.2 	-50.3 	2     	76.4     	253   	73.0       	22.5       	13147     	-78.4
4156      	18:09:27  	176.0 	-50.3 	2     	76.3     	253   	72.8       	22.7       	13153     	-78.4
4158      	18:09:29  	175.9 	-50.3 	2     	76.2     	253   	72.7       	22.9       	13158     	-78.5
4160      	18:09:31  	175.7 	-50.3 	2     	76.1     	252   	72.5       	23.1       	13163     	-78.5
4162      	18:09:33  	175.6 	-50.3 	2     	76.0     	252   	72.4       	23.2       	13168     	-78.5
4164      	18:09:35  	175.5 	-50.3 	2     	76.0     	252   	72.3       	23.4       	13174     	-78.5
4166      	18:09:37  	175.3 	-50.3 	2     	76.0     	252   	72.3       	23.5       	13179     	-78.5
4168      	18:09:39  	175.2 	-50.3 	2     	76.0     	252   	72.2       	23.7       	13185     	-78.6
4170      	18:09:41  	175.0 	-50.4 	2     	76.0     	252   	72.1       	24.0       	13190     	-78.6
4172      	18:09:43  	174.9 	-50.4 	2     	75.9     	251   	71.9       	24.2       	13195     	-78.6
4174      	18:09:45  	174.7 	-50.4 	2     	75.9     	251   	71.9       	24.4       	13200     	-78.5
4176      	18:09:47  	174.6 	-50.4 	2     	75.9     	251   	71.8       	24.5       	13206     	-78.5
4178      	18:09:49  	174.5 	-50.4 	2     	75.9     	251   	71.8       	24.7       	13211     	-78.5
4180      	18:09:51  	174.3 	-50.4 	2     	75.9     	251   	71.7       	24.9       	13216     	-78.5
4182      	18:09:53  	174.2 	-50.4 	2     	76.0     	251   	71.7       	25.1       	13221     	-78.5
4184      	18:09:55  	174.0 	-50.4 	2     	75.9     	251   	71.6       	25.3       	13227     	-78.5
4186      	18:09:57  	173.9 	-50.4 	2     	76.0     	250   	71.6       	25.6       	13232     	-78.5
4188      	18:09:59  	173.8 	-50.4 	2     	76.0     	250   	71.5       	25.7       	13237     	-78.6
4190      	18:10:01  	173.6 	-50.4 	2     	76.0     	250   	71.5       	25.8       	13242     	-78.6
4192      	18:10:03  	173.5 	-50.5 	2     	76.0     	250   	71.5       	25.9       	13247     	-78.6
4194      	18:10:05  	173.4 	-50.5 	2     	76.1     	250   	71.5       	26.0       	13252     	-78.6
4196      	18:10:07  	173.2 	-50.5 	2     	76.1     	250   	71.5       	26.0       	13257     	-78.7
4198      	18:10:09  	173.1 	-50.5 	2     	76.1     	250   	71.5       	26.1       	13263     	-78.7
4200      	18:10:11  	173.0 	-50.6 	2     	76.2     	250   	71.6       	26.1       	13268     	-78.8
4202      	18:10:13  	172.8 	-50.6 	2     	76.2     	250   	71.6       	26.0       	13273     	-78.8
4204      	18:10:15  	172.7 	-50.6 	2     	76.1     	250   	71.6       	25.9       	13279     	-78.8
4206      	18:10:17  	172.5 	-50.6 	2     	76.2     	250   	71.7       	25.8       	13284     	-78.8
4208      	18:10:19  	172.4 	-50.7 	2     	76.2     	250   	71.7       	25.7       	13289     	-78.8
4210      	18:10:21  	172.2 	-50.7 	2     	76.2     	250   	71.8       	25.5       	13295     	-78.8
4212      	18:10:23  	172.1 	-50.8 	2     	76.2     	251   	71.8       	25.4       	13300     	-78.8
4214      	18:10:25  	172.0 	-50.8 	2     	76.1     	251   	71.8       	25.3       	13305     	-78.8
4216      	18:10:27  	171.8 	-50.8 	2     	76.1     	251   	71.8       	25.2       	13311     	-78.8
4218      	18:10:29  	171.7 	-50.8 	2     	76.1     	251   	71.8       	25.1       	13316     	-78.8
4220      	18:10:31  	171.5 	-50.9 	2     	76.1     	251   	71.9       	25.0       	13321     	-78.9
4222      	18:10:33  	171.4 	-50.9 	2     	76.1     	251   	71.9       	24.9       	13327     	-78.9
4224      	18:10:35  	171.3 	-50.9 	2     	76.2     	251   	72.0       	24.8       	13332     	-79.0
4226      	18:10:37  	171.1 	-51.0 	2     	76.1     	251   	72.0       	24.7       	13337     	-79.0
4228      	18:10:39  	171.0 	-51.0 	2     	76.1     	251   	72.0       	24.7       	13342     	-79.1
4230      	18:10:41  	170.8 	-51.0 	2     	76.2     	251   	72.1       	24.7       	13348     	-79.1
4232      	18:10:43  	170.7 	-51.1 	2     	76.2     	251   	72.1       	24.6       	13353     	-79.2
4234      	18:10:45  	170.6 	-51.1 	2     	76.2     	251   	72.1       	24.6       	13358     	-79.2
4236      	18:10:47  	170.4 	-51.2 	2     	76.3     	251   	72.2       	24.6       	13364     	-79.3
4238      	18:10:49  	170.3 	-51.2 	2     	76.3     	251   	72.2       	24.6       	13369     	-79.2
4240      	18:10:51  	170.1 	-51.2 	2     	76.3     	251   	72.2       	24.6       	13375     	-79.2
4242      	18:10:53  	170.0 	-51.3 	2     	76.3     	251   	72.2       	24.6       	13380     	-79.2
4244      	18:10:55  	169.8 	-51.3 	2     	76.3     	251   	72.2       	24.7       	13386     	-79.2
4246      	18:10:57  	169.7 	-51.4 	2     	76.3     	251   	72.2       	24.7       	13391     	-79.2
4248      	18:10:59  	169.6 	-51.4 	2     	76.3     	251   	72.2       	24.7       	13397     	-79.1
4250      	18:11:01  	169.4 	-51.4 	2     	76.3     	251   	72.2       	24.8       	13402     	-79.1
4252      	18:11:03  	169.3 	-51.5 	2     	76.3     	251   	72.2       	24.8       	13407     	-79.1
4254      	18:11:05  	169.1 	-51.5 	2     	76.3     	251   	72.2       	24.8       	13413     	-79.1
4256      	18:11:07  	169.0 	-51.6 	2     	76.3     	251   	72.2       	24.8       	13418     	-79.2
4258      	18:11:09  	168.9 	-51.6 	2     	76.2     	251   	72.1       	24.7       	13424     	-79.2
4260      	18:11:11  	168.7 	-51.7 	2     	76.2     	251   	72.1       	24.7       	13429     	-79.2
4262      	18:11:13  	168.6 	-51.7 	2     	76.2     	251   	72.1       	24.6       	13434     	-79.2
4264      	18:11:15  	168.4 	-51.7 	2     	76.2     	251   	72.1       	24.6       	13440     	-79.3
4266      	18:11:17  	168.3 	-51.8 	2     	76.1     	251   	72.1       	24.5       	13445     	-79.3
4268      	18:11:19  	168.2 	-51.9 	2     	76.1     	251   	72.1       	24.5       	13451     	-79.4
4270      	18:11:21  	168.0 	-51.9 	2     	76.1     	251   	72.1       	24.4       	13456     	-79.5
4272      	18:11:23  	167.9 	-52.0 	2     	76.1     	251   	72.1       	24.3       	13461     	-79.6
4274      	18:11:25  	167.7 	-52.0 	2     	76.1     	251   	72.2       	24.2       	13467     	-79.6
4276      	18:11:27  	167.6 	-52.0 	2     	76.1     	252   	72.2       	24.1       	13472     	-79.6
4278      	18:11:29  	167.5 	-52.1 	2     	76.2     	252   	72.3       	24.1       	13478     	-79.7
4280      	18:11:31  	167.3 	-52.1 	2     	76.2     	252   	72.3       	24.0       	13483     	-79.7
4282      	18:11:33  	167.2 	-52.2 	2     	76.3     	252   	72.4       	24.0       	13489     	-79.8
4284      	18:11:35  	167.0 	-52.2 	2     	76.1     	252   	72.3       	23.7       	13494     	-79.8
4286      	18:11:37  	166.9 	-52.3 	2     	75.9     	252   	72.2       	23.4       	13500     	-79.8
4288      	18:11:39  	166.7 	-52.3 	2     	75.7     	252   	72.1       	23.2       	13506     	-79.9
4290      	18:11:41  	166.6 	-52.3 	2     	75.6     	252   	72.0       	22.9       	13512     	-79.9
4292      	18:11:43  	166.4 	-52.4 	2     	75.4     	252   	71.9       	22.7       	13518     	-79.9
4294      	18:11:45  	166.2 	-52.4 	2     	75.1     	253   	71.7       	22.4       	13524     	-80.0
4296      	18:11:47  	166.1 	-52.5 	2     	75.1     	253   	71.7       	22.2       	13530     	-80.0
4298      	18:11:49  	165.9 	-52.5 	2     	75.3     	253   	72.0       	22.1       	13536     	-80.0
4300      	18:11:51  	165.8 	-52.6 	2     	75.5     	253   	72.3       	21.9       	13543     	-80.0
4302      	18:11:53  	165.6 	-52.6 	2     	75.8     	253   	72.6       	21.7       	13549     	-80.0
4304      	18:11:55  	165.5 	-52.7 	2     	76.2     	253   	73.0       	21.7       	13555     	-80.1
4306      	18:11:57  	165.3 	-52.7 	2     	76.6     	253   	73.4       	21.8       	13561     	-80.1
4308      	18:11:59  	165.1 	-52.8 	2     	77.0     	254   	73.8       	21.8       	13567     	-80.1
4310      	18:12:01  	165.0 	-52.8 	2     	77.0     	254   	73.9       	21.8       	13574     	-80.2
4312      	18:12:03  	164.8 	-52.8 	2     	77.1     	254   	74.0       	21.8       	13580     	-80.2
4314      	18:12:05  	164.6 	-52.9 	2     	77.3     	254   	74.2       	21.7       	13587     	-80.2
4316      	18:12:07  	164.5 	-53.0 	2     	77.2     	254   	74.1       	21.7       	13593     	-80.3
4318      	18:12:09  	164.3 	-53.0 	2     	76.9     	254   	73.8       	21.6       	13600     	-80.3
4320      	18:12:11  	164.1 	-53.1 	2     	76.6     	254   	73.5       	21.5       	13606     	-80.3
4322      	18:12:13  	164.0 	-53.1 	2     	76.2     	254   	73.1       	21.4       	13613     	-80.3
4324      	18:12:15  	163.8 	-53.2 	2     	75.6     	254   	72.5       	21.3       	13619     	-80.3
4326      	18:12:17  	163.7 	-53.2 	2     	74.9     	254   	71.9       	21.1       	13626     	-80.3
4328      	18:12:19  	163.5 	-53.3 	2     	74.3     	254   	71.3       	20.9       	13632     	-80.3
4330      	18:12:21  	163.3 	-53.3 	2     	74.0     	254   	71.0       	20.8       	13639     	-80.3
4332      	18:12:23  	163.2 	-53.4 	2     	73.6     	254   	70.6       	20.8       	13645     	-80.4
4334      	18:12:25  	163.0 	-53.4 	2     	73.3     	254   	70.3       	20.7       	13652     	-80.4
4336      	18:12:27  	162.8 	-53.4 	2     	73.2     	254   	70.2       	20.7       	13658     	-80.4
4338      	18:12:29  	162.7 	-53.5 	2     	73.2     	253   	70.2       	20.8       	13665     	-80.5
4340      	18:12:31  	162.5 	-53.5 	2     	73.2     	253   	70.1       	21.0       	13672     	-80.6
4342      	18:12:33  	162.3 	-53.6 	2     	73.3     	253   	70.2       	21.1       	13679     	-80.6
4344      	18:12:35  	162.1 	-53.6 	2     	73.6     	253   	70.5       	21.3       	13686     	-80.6
4346      	18:12:37  	162.0 	-53.6 	2     	74.0     	253   	70.8       	21.5       	13693     	-80.7
4348      	18:12:39  	161.8 	-53.7 	2     	74.2     	253   	71.0       	21.6       	13699     	-80.7
4350      	18:12:41  	161.6 	-53.7 	2     	74.0     	253   	70.7       	21.7       	13706     	-80.7
4352      	18:12:43  	161.5 	-53.8 	2     	73.7     	253   	70.4       	21.7       	13713     	-80.7
4354      	18:12:45  	161.3 	-53.8 	2     	73.4     	253   	70.1       	21.7       	13719     	-80.7
4356      	18:12:47  	161.1 	-53.8 	2     	72.8     	253   	69.5       	21.6       	13726     	-80.7
4358      	18:12:49  	161.0 	-53.8 	2     	72.3     	253   	69.0       	21.5       	13733     	-80.7
4360      	18:12:51  	160.8 	-53.9 	2     	71.6     	253   	68.4       	21.3       	13739     	-80.7
4362      	18:12:53  	160.6 	-53.9 	2     	70.7     	253   	67.5       	21.1       	13746     	-80.7
4364      	18:12:55  	160.4 	-53.9 	2     	69.7     	253   	66.5       	20.8       	13753     	-80.7
4366      	18:12:57  	160.3 	-53.9 	2     	68.7     	253   	65.6       	20.5       	13760     	-80.8
4368      	18:12:59  	160.1 	-53.9 	2     	67.8     	253   	64.7       	20.3       	13767     	-80.8
4370      	18:13:01  	159.9 	-53.9 	2     	67.5     	253   	64.4       	20.2       	13773     	-80.8
4372      	18:13:03  	159.8 	-53.9 	2     	67.1     	253   	64.0       	20.1       	13780     	-80.9
4374      	18:13:05  	159.6 	-54.0 	2     	67.0     	253   	63.9       	20.1       	13786     	-80.9
4376      	18:13:07  	159.4 	-54.0 	2     	66.9     	253   	63.8       	20.1       	13793     	-81.0
4378      	18:13:09  	159.3 	-54.0 	2     	66.7     	252   	63.6       	20.2       	13800     	-81.0
4380      	18:13:11  	159.1 	-54.0 	2     	66.6     	252   	63.5       	20.2       	13807     	-81.0
4382      	18:13:13  	158.9 	-54.1 	2     	66.9     	252   	63.7       	20.3       	13814     	-81.0
4384      	18:13:15  	158.8 	-54.1 	2     	67.1     	252   	63.9       	20.5       	13820     	-81.1
4386      	18:13:17  	158.6 	-54.1 	2     	67.4     	252   	64.1       	20.7       	13827     	-81.1
4388      	18:13:19  	158.4 	-54.2 	2     	67.8     	252   	64.5       	20.9       	13834     	-81.1
4390      	18:13:21  	158.3 	-54.2 	2     	68.2     	252   	64.9       	21.1       	13840     	-81.1
4392      	18:13:23  	158.1 	-54.2 	2     	68.8     	252   	65.4       	21.3       	13847     	-81.1
4394      	18:13:25  	157.9 	-54.3 	2     	69.0     	252   	65.6       	21.4       	13854     	-81.1
4396      	18:13:27  	157.8 	-54.3 	2     	69.2     	252   	65.8       	21.5       	13860     	-81.2
4398      	18:13:29  	157.6 	-54.4 	2     	69.4     	252   	66.0       	21.5       	13867     	-81.2
4400      	18:13:31  	157.5 	-54.4 	2     	69.5     	252   	66.1       	21.5       	13873     	-81.2
4402      	18:13:33  	157.3 	-54.5 	2     	69.6     	252   	66.2       	21.5       	13880     	-81.2
4404      	18:13:35  	157.1 	-54.5 	2     	69.7     	252   	66.3       	21.5       	13886     	-81.3
4406      	18:13:37  	157.0 	-54.6 	2     	69.9     	252   	66.5       	21.5       	13893     	-81.3
4408      	18:13:39  	156.8 	-54.6 	2     	69.8     	252   	66.4       	21.5       	13899     	-81.3
4410      	18:13:41  	156.7 	-54.7 	2     	69.7     	252   	66.3       	21.4       	13906     	-81.4
4412      	18:13:43  	156.5 	-54.7 	2     	69.4     	252   	66.1       	21.2       	13913     	-81.4
4414      	18:13:45  	156.3 	-54.8 	2     	69.0     	252   	65.7       	21.0       	13919     	-81.4
4416      	18:13:47  	156.2 	-54.8 	2     	68.5     	252   	65.3       	20.8       	13926     	-81.4
4418      	18:13:49  	156.0 	-54.9 	2     	68.2     	252   	65.0       	20.7       	13932     	-81.4
4420      	18:13:51  	155.9 	-54.9 	2     	68.0     	252   	64.8       	20.5       	13938     	-81.4
4422      	18:13:53  	155.7 	-55.0 	2     	67.6     	252   	64.5       	20.4       	13945     	-81.4
4424      	18:13:55  	155.6 	-55.0 	2     	67.3     	252   	64.2       	20.3       	13951     	-81.5
4426      	18:13:57  	155.4 	-55.0 	2     	66.5     	253   	63.5       	19.9       	13957     	-81.5
4428      	18:13:59  	155.3 	-55.1 	2     	65.7     	253   	62.7       	19.6       	13963     	-81.5
4430      	18:14:01  	155.1 	-55.2 	2     	64.8     	253   	61.9       	19.2       	13969     	-81.5
4432      	18:14:03  	155.0 	-55.2 	2     	64.1     	253   	61.2       	18.9       	13976     	-81.6
4434      	18:14:05  	154.8 	-55.3 	2     	63.5     	253   	60.7       	18.7       	13982     	-81.7
4436      	18:14:07  	154.7 	-55.3 	2     	63.0     	253   	60.2       	18.5       	13988     	-81.8
4438      	18:14:09  	154.5 	-55.4 	2     	62.9     	253   	60.1       	18.5       	13995     	-81.8
4440      	18:14:11  	154.3 	-55.4 	2     	63.8     	253   	61.0       	18.8       	14001     	-81.9
4442      	18:14:13  	154.2 	-55.4 	2     	64.7     	253   	61.8       	19.2       	14007     	-81.9
4444      	18:14:15  	154.0 	-55.5 	2     	65.7     	253   	62.7       	19.7       	14013     	-82.0
4446      	18:14:17  	153.9 	-55.5 	2     	67.2     	252   	64.1       	20.3       	14020     	-82.0
4448      	18:14:19  	153.8 	-55.6 	2     	68.8     	252   	65.5       	20.9       	14026     	-82.0
4450      	18:14:21  	153.6 	-55.6 	2     	70.3     	252   	66.9       	21.5       	14031     	-82.0
4452      	18:14:23  	153.5 	-55.7 	2     	71.0     	252   	67.6       	21.8       	14037     	-82.0
4454      	18:14:25  	153.3 	-55.7 	2     	71.3     	252   	67.8       	22.0       	14043     	-82.1
4456      	18:14:27  	153.2 	-55.8 	2     	71.4     	252   	67.9       	22.1       	14049     	-82.1
4458      	18:14:29  	153.0 	-55.9 	2     	71.1     	252   	67.6       	22.0       	14055     	-82.2
4460      	18:14:31  	152.9 	-55.9 	2     	69.7     	252   	66.3       	21.5       	14061     	-82.2
4462      	18:14:33  	152.8 	-56.0 	2     	68.4     	252   	65.1       	21.0       	14067     	-82.2
4464      	18:14:35  	152.6 	-56.0 	2     	67.2     	252   	64.0       	20.5       	14073     	-82.3
4466      	18:14:37  	152.5 	-56.1 	2     	66.3     	252   	63.2       	20.2       	14078     	-82.3
4468      	18:14:39  	152.4 	-56.1 	2     	65.4     	252   	62.3       	19.8       	14084     	-82.3
4470      	18:14:41  	152.2 	-56.2 	2     	64.5     	252   	61.5       	19.4       	14089     	-82.3
4472      	18:14:43  	152.1 	-56.2 	2     	64.3     	253   	61.3       	19.3       	14095     	-82.3
4474      	18:14:45  	152.0 	-56.2 	2     	64.8     	253   	61.8       	19.4       	14100     	-82.4
4476      	18:14:47  	151.8 	-56.3 	2     	64.6     	253   	61.7       	19.3       	14106     	-82.4
4478      	18:14:49  	151.7 	-56.3 	2     	63.8     	253   	61.0       	18.8       	14112     	-82.5
4480      	18:14:51  	151.5 	-56.3 	2     	63.1     	253   	60.4       	18.4       	14117     	-82.5
4482      	18:14:53  	151.4 	-56.3 	2     	62.5     	253   	59.8       	18.0       	14123     	-82.6
4484      	18:14:55  	151.3 	-56.3 	2     	61.6     	253   	59.0       	17.6       	14129     	-82.6
4486      	18:14:57  	151.1 	-56.3 	2     	60.3     	254   	57.9       	17.0       	14135     	-82.6
4488      	18:14:59  	151.0 	-56.3 	2     	59.1     	254   	56.8       	16.5       	14140     	-82.6
4490      	18:15:01  	150.9 	-56.3 	2     	57.5     	254   	55.3       	15.7       	14145     	-82.6
4492      	18:15:03  	150.8 	-56.3 	2     	55.7     	255   	53.7       	14.8       	14151     	-82.6
4494      	18:15:05  	150.6 	-56.3 	2     	53.9     	255   	52.1       	14.0       	14156     	-82.6
4496      	18:15:07  	150.5 	-56.3 	2     	52.7     	255   	51.0       	13.4       	14162     	-82.6
4498      	18:15:09  	150.4 	-56.4 	2     	52.1     	255   	50.4       	13.1       	14167     	-82.7
4500      	18:15:11  	150.2 	-56.3 	2     	51.5     	256   	49.9       	12.7       	14172     	-82.7
4502      	18:15:13  	150.1 	-56.3 	2     	50.9     	256   	49.4       	12.4       	14178     	-82.7
4504      	18:15:15  	150.0 	-56.3 	2     	52.7     	256   	51.1       	13.0       	14183     	-82.8
4506      	18:15:17  	149.9 	-56.3 	2     	54.6     	256   	52.9       	13.5       	14188     	-82.8
4508      	18:15:19  	149.7 	-56.3 	2     	56.5     	256   	54.7       	14.0       	14193     	-82.8
4510      	18:15:21  	149.6 	-56.4 	2     	58.8     	255   	56.9       	14.8       	14198     	-82.8
4512      	18:15:23  	149.5 	-56.4 	2     	61.2     	255   	59.2       	15.7       	14204     	-82.8
4514      	18:15:25  	149.4 	-56.4 	2     	63.7     	255   	61.5       	16.6       	14209     	-82.8
4516      	18:15:27  	149.2 	-56.4 	2     	66.1     	255   	63.8       	17.4       	14214     	-82.8
4518      	18:15:29  	149.1 	-56.4 	2     	68.6     	255   	66.1       	18.3       	14220     	-82.8
4520      	18:15:31  	149.0 	-56.5 	2     	69.4     	254   	66.8       	18.7       	14225     	-82.8
4522      	18:15:33  	148.9 	-56.5 	2     	70.1     	254   	67.5       	19.0       	14230     	-82.8
4524      	18:15:35  	148.8 	-56.6 	2     	68.4     	254   	65.9       	18.5       	14235     	-82.8
4526      	18:15:37  	148.6 	-56.6 	2     	66.8     	254   	64.3       	18.0       	14240     	-82.8
4528      	18:15:39  	148.5 	-56.6 	2     	65.1     	254   	62.7       	17.5       	14245     	-82.8
4530      	18:15:41  	148.4 	-56.7 	2     	63.4     	254   	61.1       	17.0       	14250     	-82.8
4532      	18:15:43  	148.3 	-56.7 	2     	61.7     	254   	59.4       	16.6       	14256     	-82.8
4534      	18:15:45  	148.2 	-56.7 	2     	60.0     	254   	57.8       	16.1       	14261     	-82.8
4536      	18:15:47  	148.0 	-56.8 	2     	58.3     	254   	56.2       	15.6       	14266     	-82.9
4538      	18:15:49  	147.9 	-56.8 	2     	56.7     	254   	54.6       	15.2       	14271     	-82.9
4540      	18:15:51  	147.8 	-56.9 	2     	56.7     	254   	54.6       	15.2       	14276     	-82.9
4542      	18:15:53  	147.7 	-56.9 	2     	56.7     	254   	54.6       	15.3       	14281     	-82.9
4544      	18:15:55  	147.6 	-57.0 	2     	56.7     	254   	54.6       	15.4       	14286     	-82.9
4546      	18:15:57  	147.5 	-57.0 	2     	56.9     	254   	54.7       	15.5       	14291     	-83.0
4548      	18:15:59  	147.3 	-57.1 	2     	56.9     	254   	54.7       	15.6       	14296     	-83.0
4550      	18:16:01  	147.2 	-57.1 	2     	56.9     	254   	54.7       	15.6       	14301     	-83.0
4552      	18:16:03  	147.1 	-57.2 	2     	57.0     	254   	54.8       	15.6       	14306     	-83.0
4554      	18:16:05  	147.0 	-57.2 	2     	57.0     	254   	54.8       	15.7       	14311     	-83.1
4556      	18:16:07  	146.9 	-57.3 	2     	56.7     	254   	54.5       	15.7       	14317     	-83.1
4558      	18:16:09  	146.7 	-57.3 	2     	56.6     	254   	54.3       	15.8       	14322     	-83.1
4560      	18:16:11  	146.6 	-57.3 	2     	56.4     	254   	54.1       	15.9       	14327     	-83.1
4562      	18:16:13  	146.5 	-57.4 	2     	56.2     	254   	53.9       	15.9       	14332     	-83.2
4564      	18:16:15  	146.4 	-57.4 	2     	56.0     	253   	53.7       	16.0       	14337     	-83.2
4566      	18:16:17  	146.3 	-57.5 	2     	55.7     	253   	53.4       	16.0       	14343     	-83.3
4568      	18:16:19  	146.1 	-57.5 	2     	55.6     	253   	53.2       	16.1       	14348     	-83.3
4570      	18:16:21  	146.0 	-57.5 	2     	55.3     	253   	52.9       	16.1       	14353     	-83.3
4572      	18:16:23  	145.9 	-57.6 	2     	55.1     	253   	52.7       	16.1       	14359     	-83.4
4574      	18:16:25  	145.8 	-57.7 	2     	54.9     	253   	52.5       	16.2       	14364     	-83.5
4576      	18:16:27  	145.6 	-57.7 	2     	55.0     	253   	52.5       	16.3       	14370     	-83.5
4578      	18:16:29  	145.5 	-57.7 	2     	55.1     	253   	52.6       	16.5       	14376     	-83.5
4580      	18:16:31  	145.4 	-57.8 	2     	55.3     	252   	52.7       	16.7       	14382     	-83.5
4582      	18:16:33  	145.2 	-57.8 	2     	55.4     	252   	52.8       	16.9       	14387     	-83.6
4584      	18:16:35  	145.1 	-57.8 	2     	55.6     	252   	52.9       	17.2       	14393     	-83.6
4586      	18:16:37  	145.0 	-57.9 	2     	55.8     	252   	53.0       	17.4       	14399     	-83.6
4588      	18:16:39  	144.8 	-57.9 	2     	55.9     	252   	53.1       	17.6       	14404     	-83.6
4590      	18:16:41  	144.7 	-57.9 	2     	56.1     	251   	53.1       	18.0       	14410     	-83.6
4592      	18:16:43  	144.6 	-58.0 	2     	56.1     	251   	53.0       	18.4       	14415     	-83.6
4594      	18:16:45  	144.5 	-58.0 	2     	56.1     	250   	52.9       	18.8       	14421     	-83.7
4596      	18:16:47  	144.3 	-58.0 	2     	56.1     	250   	52.8       	19.1       	14426     	-83.7
4598      	18:16:49  	144.2 	-58.1 	2     	56.1     	250   	52.7       	19.3       	14432     	-83.7
4600      	18:16:51  	144.1 	-58.1 	2     	56.0     	250   	52.5       	19.5       	14438     	-83.8
4602      	18:16:53  	143.9 	-58.2 	2     	55.9     	249   	52.3       	19.7       	14443     	-83.8
4604      	18:16:55  	143.8 	-58.2 	2     	55.9     	249   	52.2       	19.9       	14449     	-83.9
4606      	18:16:57  	143.7 	-58.2 	2     	55.8     	249   	52.0       	20.2       	14455     	-83.9
4608      	18:16:59  	143.5 	-58.2 	2     	55.8     	248   	51.8       	20.7       	14460     	-83.9
4610      	18:17:01  	143.4 	-58.3 	2     	55.8     	248   	51.7       	21.0       	14466     	-84.0
4612      	18:17:03  	143.3 	-58.3 	2     	55.9     	248   	51.7       	21.3       	14472     	-84.0
4614      	18:17:05  	143.1 	-58.3 	2     	56.0     	247   	51.7       	21.6       	14478     	-84.0
4616      	18:17:07  	143.0 	-58.3 	2     	56.1     	247   	51.6       	21.9       	14484     	-84.0
4618      	18:17:09  	142.9 	-58.3 	2     	55.8     	247   	51.3       	22.0       	14489     	-84.0
4620      	18:17:11  	142.8 	-58.4 	2     	55.1     	246   	50.5       	22.0       	14495     	-84.0
4622      	18:17:13  	142.6 	-58.4 	2     	54.3     	246   	49.6       	22.0       	14501     	-84.0
4624      	18:17:15  	142.5 	-58.4 	2     	53.5     	246   	48.8       	22.0       	14506     	-84.0
4626      	18:17:17  	142.4 	-58.5 	2     	52.7     	245   	47.9       	22.0       	14512     	-84.1
4628      	18:17:19  	142.2 	-58.5 	2     	51.9     	245   	47.1       	21.7       	14518     	-84.1
4630      	18:17:21  	142.1 	-58.5 	2     	51.0     	245   	46.3       	21.4       	14524     	-84.1
4632      	18:17:23  	142.0 	-58.6 	2     	50.2     	245   	45.5       	21.1       	14530     	-84.1
4634      	18:17:25  	141.8 	-58.6 	2     	51.0     	245   	46.3       	21.4       	14536     	-84.2
4636      	18:17:27  	141.7 	-58.6 	2     	52.1     	245   	47.4       	21.7       	14542     	-84.2
4638      	18:17:29  	141.6 	-58.7 	2     	53.6     	246   	48.8       	22.1       	14547     	-84.2
4640      	18:17:31  	141.4 	-58.7 	2     	55.5     	246   	50.7       	22.7       	14553     	-84.2
4642      	18:17:33  	141.3 	-58.7 	2     	57.6     	246   	52.6       	23.4       	14559     	-84.1
4644      	18:17:35  	141.2 	-58.8 	2     	59.6     	246   	54.6       	24.0       	14565     	-84.1
4646      	18:17:37  	141.0 	-58.8 	2     	60.5     	247   	55.5       	24.1       	14571     	-84.1
4648      	18:17:39  	140.9 	-58.8 	2     	61.3     	247   	56.3       	24.2       	14577     	-84.1
4650      	18:17:41  	140.8 	-58.9 	2     	62.1     	247   	57.1       	24.3       	14583     	-84.1
4652      	18:17:43  	140.6 	-58.9 	2     	62.8     	247   	57.9       	24.4       	14589     	-84.1
4654      	18:17:45  	140.5 	-58.9 	2     	61.8     	247   	57.0       	24.0       	14595     	-84.1
4656      	18:17:47  	140.4 	-59.0 	2     	60.6     	247   	55.9       	23.5       	14601     	-84.1
4658      	18:17:49  	140.2 	-59.0 	2     	58.9     	247   	54.3       	22.8       	14607     	-84.1
4660      	18:17:51  	140.1 	-59.1 	2     	56.5     	247   	52.1       	21.9       	14614     	-84.2
4662      	18:17:53  	139.9 	-59.1 	2     	54.0     	247   	49.8       	21.0       	14620     	-84.3
4664      	18:17:55  	139.8 	-59.1 	2     	51.7     	247   	47.6       	20.2       	14627     	-84.3
4666      	18:17:57  	139.6 	-59.1 	2     	50.3     	247   	46.3       	19.7       	14633     	-84.4
4668      	18:17:59  	139.5 	-59.2 	2     	49.2     	247   	45.2       	19.4       	14640     	-84.4
4670      	18:18:01  	139.4 	-59.2 	2     	49.0     	247   	45.0       	19.4       	14646     	-84.5
4672      	18:18:03  	139.2 	-59.2 	2     	49.5     	247   	45.4       	19.7       	14652     	-84.5
4674      	18:18:05  	139.1 	-59.3 	2     	50.0     	246   	45.8       	20.0       	14659     	-84.5
4676      	18:18:07  	138.9 	-59.3 	2     	50.5     	246   	46.2       	20.3       	14665     	-84.5
4678      	18:18:09  	138.8 	-59.3 	2     	51.4     	246   	47.0       	20.7       	14672     	-84.5
4680      	18:18:11  	138.6 	-59.4 	2     	53.0     	246   	48.5       	21.4       	14679     	-84.5
4682      	18:18:13  	138.5 	-59.4 	2     	54.6     	246   	50.0       	22.0       	14685     	-84.5
4684      	18:18:15  	138.3 	-59.5 	2     	56.4     	246   	51.6       	22.7       	14692     	-84.5
4686      	18:18:17  	138.2 	-59.5 	2     	58.0     	246   	53.1       	23.4       	14699     	-84.5
4688      	18:18:19  	138.0 	-59.6 	2     	59.7     	246   	54.5       	24.3       	14705     	-84.6
4690      	18:18:21  	137.9 	-59.6 	2     	60.3     	246   	55.0       	24.8       	14712     	-84.6
4692      	18:18:23  	137.7 	-59.6 	2     	60.4     	245   	54.9       	25.1       	14719     	-84.6
4694      	18:18:25  	137.6 	-59.7 	2     	60.4     	245   	54.8       	25.4       	14726     	-84.7
4696      	18:18:27  	137.4 	-59.7 	2     	60.4     	245   	54.7       	25.7       	14733     	-84.7
4698      	18:18:29  	137.3 	-59.7 	2     	60.4     	245   	54.6       	25.9       	14739     	-84.7
4700      	18:18:31  	137.1 	-59.8 	2     	60.5     	244   	54.5       	26.2       	14746     	-84.8
4702      	18:18:33  	137.0 	-59.8 	2     	60.6     	244   	54.5       	26.5       	14753     	-84.8
4704      	18:18:35  	136.8 	-59.8 	2     	60.4     	244   	54.2       	26.7       	14760     	-84.8
4706      	18:18:37  	136.7 	-59.8 	2     	57.6     	243   	51.4       	26.1       	14767     	-84.9
4708      	18:18:39  	136.5 	-59.9 	2     	54.7     	243   	48.6       	25.1       	14774     	-84.9
4710      	18:18:41  	136.4 	-59.9 	2     	51.9     	242   	45.9       	24.2       	14781     	-85.0
4712      	18:18:43  	136.2 	-60.0 	2     	49.0     	242   	43.2       	23.2       	14788     	-85.0
4714      	18:18:45  	136.1 	-60.0 	2     	46.1     	241   	40.4       	22.3       	14795     	-85.1
4716      	18:18:47  	135.9 	-60.0 	2     	43.4     	240   	37.7       	21.4       	14802     	-85.2
4718      	18:18:49  	135.8 	-60.0 	2     	42.1     	240   	36.5       	21.0       	14808     	-85.2
4720      	18:18:51  	135.6 	-60.0 	2     	43.5     	240   	37.8       	21.5       	14815     	-85.3
4722      	18:18:53  	135.5 	-60.0 	2     	44.8     	241   	39.0       	22.0       	14822     	-85.3
4724      	18:18:55  	135.3 	-60.1 	2     	46.3     	241   	40.5       	22.5       	14829     	-85.3
4726      	18:18:57  	135.2 	-60.1 	2     	50.4     	242   	44.4       	23.9       	14836     	-85.3
4728      	18:18:59  	135.0 	-60.0 	2     	54.7     	242   	48.4       	25.4       	14843     	-85.2
4730      	18:19:01  	134.9 	-60.0 	2     	58.9     	243   	52.4       	26.8       	14851     	-85.2
4732      	18:19:03  	134.7 	-60.1 	2     	60.5     	243   	54.1       	27.1       	14858     	-85.2
4734      	18:19:05  	134.6 	-60.1 	2     	61.6     	244   	55.3       	27.2       	14865     	-85.2
4736      	18:19:07  	134.4 	-60.1 	2     	62.8     	244   	56.6       	27.3       	14872     	-85.3
4738      	18:19:09  	134.2 	-60.1 	2     	62.3     	245   	56.2       	26.8       	14879     	-85.3
4740      	18:19:11  	134.1 	-60.1 	2     	59.2     	244   	53.4       	25.5       	14887     	-85.3
4742      	18:19:13  	133.9 	-60.1 	2     	56.1     	245   	50.7       	24.1       	14894     	-85.3
4744      	18:19:15  	133.8 	-60.1 	2     	53.0     	245   	47.9       	22.8       	14901     	-85.4
4746      	18:19:17  	133.6 	-60.2 	2     	50.0     	245   	45.2       	21.4       	14908     	-85.4
4748      	18:19:19  	133.5 	-60.2 	2     	46.9     	245   	42.4       	20.1       	14916     	-85.3
4750      	18:19:21  	133.3 	-60.2 	2     	43.9     	245   	39.7       	18.8       	14923     	-85.3
4752      	18:19:23  	133.2 	-60.2 	2     	44.4     	245   	40.2       	18.8       	14930     	-85.3
4754      	18:19:25  	133.0 	-60.2 	2     	45.4     	245   	41.2       	19.1       	14937     	-85.3
4756      	18:19:27  	132.9 	-60.2 	2     	46.4     	245   	42.2       	19.4       	14945     	-85.3
4758      	18:19:29  	132.7 	-60.3 	2     	47.5     	245   	43.2       	19.7       	14952     	-85.3
4760      	18:19:31  	132.5 	-60.3 	2     	48.4     	246   	44.1       	20.0       	14959     	-85.3
4762      	18:19:33  	132.4 	-60.3 	2     	49.5     	246   	45.1       	20.3       	14966     	-85.3
4764      	18:19:35  	132.2 	-60.3 	2     	49.8     	246   	45.5       	20.3       	14973     	-85.3
4766      	18:19:37  	132.1 	-60.3 	2     	50.3     	246   	46.0       	20.3       	14980     	-85.4
4768      	18:19:39  	131.9 	-60.3 	2     	50.6     	246   	46.4       	20.3       	14988     	-85.4
4770      	18:19:41  	131.8 	-60.4 	2     	51.0     	247   	46.8       	20.3       	14995     	-85.4
4772      	18:19:43  	131.6 	-60.4 	2     	50.5     	247   	46.3       	20.1       	15003     	-85.5
4774      	18:19:45  	131.5 	-60.5 	2     	49.8     	247   	45.7       	19.8       	15010     	-85.5
4776      	18:19:47  	131.3 	-60.6 	2     	49.5     	247   	45.4       	19.6       	15017     	-85.5
4778      	18:19:49  	131.2 	-60.6 	2     	49.1     	247   	45.1       	19.4       	15025     	-85.6
4780      	18:19:51  	131.0 	-60.7 	2     	48.7     	247   	44.8       	19.2       	15032     	-85.6
4782      	18:19:53  	130.9 	-60.7 	2     	48.5     	247   	44.6       	19.1       	15039     	-85.6
4784      	18:19:55  	130.7 	-60.8 	2     	48.7     	247   	44.8       	19.2       	15046     	-85.6
4786      	18:19:57  	130.5 	-60.9 	2     	49.1     	247   	45.1       	19.3       	15054     	-85.6
4788      	18:19:59  	130.4 	-61.0 	2     	49.3     	247   	45.3       	19.4       	15061     	-85.7
4790      	18:20:01  	130.2 	-61.0 	2     	49.6     	247   	45.6       	19.5       	15068     	-85.7
4792      	18:20:03  	130.1 	-61.0 	2     	49.8     	247   	45.8       	19.6       	15075     	-85.7
4794      	18:20:05  	130.0 	-61.1 	2     	49.7     	247   	45.7       	19.5       	15082     	-85.7
4796      	18:20:07  	129.8 	-61.2 	2     	48.9     	247   	45.0       	19.2       	15089     	-85.8
4798      	18:20:09  	129.6 	-61.2 	2     	48.0     	247   	44.2       	18.8       	15096     	-85.8
4800      	18:20:11  	129.5 	-61.3 	2     	47.1     	247   	43.4       	18.4       	15104     	-85.9
4802      	18:20:13  	129.3 	-61.3 	2     	46.3     	247   	42.6       	18.1       	15112     	-85.9
4804      	18:20:15  	129.2 	-61.4 	2     	45.4     	247   	41.8       	17.7       	15120     	-86.0
4806      	18:20:17  	129.0 	-61.5 	2     	44.6     	247   	41.1       	17.4       	15128     	-86.0
4808      	18:20:19  	128.8 	-61.5 	2     	43.7     	247   	40.3       	17.0       	15135     	-86.1
4810      	18:20:21  	128.7 	-61.5 	2     	42.8     	247   	39.5       	16.6       	15143     	-86.1
4812      	18:20:23  	128.5 	-61.5 	2     	42.0     	247   	38.7       	16.3       	15150     	-86.1
4814      	18:20:25  	128.4 	-61.6 	2     	41.5     	247   	38.3       	16.1       	15157     	-86.2
4816      	18:20:27  	128.2 	-61.6 	2     	41.5     	247   	38.3       	16.1       	15164     	-86.2
4818      	18:20:29  	128.1 	-61.6 	2     	41.5     	247   	38.3       	16.1       	15171     	-86.3
4820      	18:20:31  	127.9 	-61.6 	2     	41.5     	247   	38.3       	16.1       	15179     	-86.3
4822      	18:20:33  	127.8 	-61.6 	2     	41.5     	247   	38.3       	16.1       	15186     	-86.2
4824      	18:20:35  	127.6 	-61.6 	2     	41.5     	247   	38.3       	16.1       	15193     	-86.2
4826      	18:20:37  	127.5 	-61.7 	2     	41.5     	247   	38.3       	16.1       	15200     	-86.3
4828      	18:20:39  	127.4 	-61.7 	2     	41.5     	247   	38.3       	16.1       	15207     	-86.3
4830      	18:20:41  	127.2 	-61.7 	2     	41.5     	247   	38.3       	16.1       	15214     	-86.3
4832      	18:20:43  	127.1 	-61.7 	2     	41.5     	247   	38.3       	16.1       	15221     	-86.3
4834      	18:20:45  	126.9 	-61.8 	2     	41.5     	247   	38.3       	16.1       	15227     	-86.3
4836      	18:20:47  	126.8 	-61.8 	2     	41.4     	247   	38.2       	16.0       	15234     	-86.4
4838      	18:20:49  	126.7 	-61.8 	2     	41.2     	247   	38.0       	15.9       	15241     	-86.4
4840      	18:20:51  	126.5 	-61.8 	2     	41.1     	247   	37.9       	15.8       	15248     	-86.5
4842      	18:20:53  	126.4 	-61.8 	2     	41.0     	247   	37.8       	15.8       	15255     	-86.5
4844      	18:20:55  	126.2 	-61.8 	2     	40.8     	247   	37.7       	15.7       	15262     	-86.5
4846      	18:20:57  	126.1 	-61.8 	2     	40.6     	247   	37.5       	15.6       	15269     	-86.5
4848      	18:20:59  	125.9 	-61.8 	2     	40.5     	247   	37.4       	15.5       	15276     	-86.4
4850      	18:21:01  	125.8 	-61.8 	2     	40.4     	248   	37.3       	15.4       	15283     	-86.4
4852      	18:21:03  	125.7 	-61.8 	2     	40.2     	248   	37.2       	15.3       	15290     	-86.4
4854      	18:21:05  	125.5 	-61.9 	2     	40.1     	248   	37.1       	15.3       	15297     	-86.3
4856      	18:21:07  	125.4 	-61.9 	2     	40.1     	248   	37.1       	15.3       	15304     	-86.3
4858      	18:21:09  	125.2 	-61.9 	2     	40.1     	248   	37.1       	15.3       	15311     	-86.3
4860      	18:21:11  	125.1 	-61.9 	2     	40.1     	248   	37.1       	15.3       	15318     	-86.3
4862      	18:21:13  	125.0 	-61.9 	2     	40.1     	248   	37.1       	15.3       	15324     	-86.3
4864      	18:21:15  	124.8 	-61.9 	2     	40.1     	248   	37.1       	15.3       	15331     	-86.4
4866      	18:21:17  	124.7 	-62.0 	2     	40.1     	248   	37.1       	15.3       	15338     	-86.4
4868      	18:21:19  	124.5 	-62.0 	2     	40.1     	248   	37.1       	15.3       	15345     	-86.4
4870      	18:21:21  	124.4 	-61.9 	2     	40.1     	248   	37.1       	15.3       	15352     	-86.5
4872      	18:21:23  	124.3 	-61.9 	2     	40.1     	248   	37.1       	15.3       	15359     	-86.5
4874      	18:21:25  	124.1 	-61.9 	2     	40.1     	248   	37.1       	15.3       	15366     	-86.5
4876      	18:21:27  	124.0 	-61.9 	2     	40.1     	248   	37.1       	15.3       	15373     	-86.6
4878      	18:21:29  	123.8 	-61.9 	2     	40.1     	248   	37.1       	15.3       	15380     	-86.6
4880      	18:21:31  	123.7 	-61.8 	2     	40.1     	248   	37.1       	15.3       	15386     	-86.6
4882      	18:21:33  	123.6 	-61.8 	2     	40.1     	248   	37.1       	15.3       	15392     	-86.6
4884      	18:21:35  	123.5 	-61.9 	2     	40.1     	248   	37.1       	15.3       	15399     	-86.6
4886      	18:21:37  	123.4 	-62.0 	2     	40.1     	248   	37.1       	15.3       	15405     	-86.7
4888      	18:21:39  	123.2 	-61.9 	2     	40.1     	248   	37.1       	15.3       	15411     	-86.7
4890      	18:21:41  	123.1 	-62.0 	2     	40.1     	248   	37.1       	15.3       	15417     	-86.7
4892      	18:21:43  	123.0 	-62.0 	2     	40.1     	248   	37.1       	15.3       	15423     	-86.7
4894      	18:21:45  	122.9 	-62.0 	2     	40.1     	248   	37.1       	15.3       	15429     	-86.7
4896      	18:21:47  	122.7 	-62.0 	2     	40.1     	248   	37.1       	15.3       	15435     	-86.7
4898      	18:21:49  	122.6 	-62.0 	2     	40.1     	248   	37.1       	15.3       	15442     	-86.7
4900      	18:21:51  	122.5 	-62.1 	2     	40.1     	248   	37.1       	15.3       	15448     	-86.7
4902      	18:21:53  	122.4 	-62.1 	2     	40.1     	248   	37.1       	15.3       	15454     	-86.7
4904      	18:21:55  	122.2 	-62.1 	2     	40.1     	248   	37.1       	15.3       	15460     	-86.7
4906      	18:21:57  	122.1 	-62.1 	2     	40.1     	248   	37.1       	15.3       	15466     	-86.7
4908      	18:21:59  	122.0 	-62.1 	2     	39.0     	247   	35.9       	15.2       	15473     	-86.6
4910      	18:22:01  	121.9 	-62.0 	2     	37.8     	246   	34.6       	15.1       	15479     	-86.6
4912      	18:22:03  	121.8 	-62.1 	2     	36.6     	246   	33.3       	15.1       	15485     	-86.6
4914      	18:22:05  	121.6 	-62.1 	2     	35.3     	245   	31.9       	15.0       	15491     	-86.6
4916      	18:22:07  	121.5 	-62.1 	2     	34.1     	244   	30.6       	15.0       	15497     	-86.6
4918      	18:22:09  	121.4 	-62.1 	2     	32.9     	243   	29.3       	14.9       	15503     	-86.6
4920      	18:22:11  	121.3 	-62.1 	2     	31.7     	242   	28.0       	14.8       	15509     	-86.6
4922      	18:22:13  	121.2 	-62.1 	2     	30.4     	241   	26.6       	14.8       	15515     	-86.6
4924      	18:22:15  	121.1 	-62.1 	2     	29.3     	240   	25.3       	14.7       	15521     	-86.6
4926      	18:22:17  	120.9 	-62.1 	2     	28.1     	239   	24.0       	14.6       	15527     	-86.6
4928      	18:22:19  	120.8 	-62.1 	2     	28.0     	239   	23.9       	14.6       	15532     	-86.6
4930      	18:22:21  	120.7 	-62.0 	2     	28.0     	239   	23.9       	14.6       	15538     	-86.6
4932      	18:22:23  	120.6 	-62.0 	2     	28.0     	239   	23.9       	14.6       	15544     	-86.6
4934      	18:22:25  	120.5 	-62.0 	2     	28.0     	239   	23.9       	14.6       	15550     	-86.6
4936      	18:22:27  	120.4 	-62.1 	2     	28.0     	239   	23.9       	14.6       	15556     	-86.7
4938      	18:22:29  	120.3 	-62.1 	2     	28.0     	239   	23.9       	14.6       	15562     	-86.7
4940      	18:22:31  	120.1 	-62.1 	2     	28.2     	238   	24.0       	14.9       	15568     	-86.7
4942      	18:22:33  	120.0 	-62.1 	2     	28.9     	238   	24.4       	15.4       	15573     	-86.8
4944      	18:22:35  	119.9 	-62.1 	2     	29.4     	237   	24.7       	15.9       	15579     	-86.8
4946      	18:22:37  	119.8 	-62.1 	2     	30.0     	237   	25.1       	16.4       	15585     	-86.8
4948      	18:22:39  	119.7 	-62.1 	2     	30.5     	236   	25.4       	16.9       	15591     	-86.8
4950      	18:22:41  	119.6 	-62.1 	2     	31.1     	236   	25.8       	17.4       	15597     	-86.8
4952      	18:22:43  	119.5 	-62.1 	2     	31.6     	236   	26.1       	17.9       	15603     	-86.9
4954      	18:22:45  	119.3 	-62.2 	2     	32.3     	235   	26.5       	18.5       	15609     	-86.9
4956      	18:22:47  	119.2 	-62.2 	2     	32.9     	235   	26.8       	19.0       	15615     	-87.0
4958      	18:22:49  	119.1 	-62.3 	2     	33.4     	234   	27.1       	19.5       	15621     	-87.0
4960      	18:22:51  	119.0 	-62.3 	2     	33.7     	234   	27.3       	19.7       	15628     	-87.0
4962      	18:22:53  	118.9 	-62.4 	2     	33.7     	234   	27.3       	19.7       	15634     	-87.1
4964      	18:22:55  	118.7 	-62.5 	2     	33.7     	234   	27.3       	19.7       	15641     	-87.1
4966      	18:22:57  	118.6 	-62.5 	2     	33.3     	233   	26.6       	20.0       	15648     	-87.1
4968      	18:22:59  	118.5 	-62.5 	2     	32.8     	232   	25.8       	20.3       	15655     	-87.1
4970      	18:23:01  	118.3 	-62.6 	2     	32.4     	231   	25.0       	20.6       	15662     	-87.1
4972      	18:23:03  	118.2 	-62.6 	2     	32.0     	229   	24.2       	20.9       	15669     	-87.1
4974      	18:23:05  	118.1 	-62.6 	2     	31.7     	228   	23.5       	21.3       	15676     	-87.1
4976      	18:23:07  	117.9 	-62.7 	2     	31.3     	226   	22.7       	21.6       	15682     	-87.1
4978      	18:23:09  	117.8 	-62.7 	2     	31.0     	225   	21.9       	21.9       	15688     	-87.0
4980      	18:23:11  	117.7 	-62.7 	2     	30.7     	224   	21.2       	22.2       	15694     	-87.0
4982      	18:23:13  	117.6 	-62.7 	2     	30.4     	222   	20.4       	22.5       	15700     	-87.0
4984      	18:23:15  	117.5 	-62.8 	2     	30.1     	221   	19.6       	22.8       	15706     	-87.0
4986      	18:23:17  	117.4 	-62.8 	2     	30.1     	221   	19.6       	22.9       	15712     	-87.1
4988      	18:23:19  	117.2 	-62.9 	2     	30.1     	221   	19.6       	22.9       	15718     	-87.1
4990      	18:23:21  	117.1 	-62.9 	2     	30.1     	221   	19.6       	22.9       	15724     	-87.1
4992      	18:23:23  	117.0 	-62.9 	2     	30.1     	221   	19.6       	22.9       	15730     	-87.1
4994      	18:23:25  	116.9 	-63.0 	2     	30.1     	221   	19.6       	22.9       	15736     	-87.1
4996      	18:23:27  	116.8 	-63.0 	2     	30.1     	221   	19.6       	22.9       	15742     	-87.1
4998      	18:23:29  	116.7 	-63.0 	2     	30.1     	221   	19.6       	22.9       	15748     	-87.1
5000      	18:23:31  	116.6 	-63.0 	2     	30.1     	221   	19.6       	22.9       	15754     	-87.0
5002      	18:23:33  	116.5 	-63.0 	2     	30.1     	221   	19.6       	22.9       	15760     	-87.0
5004      	18:23:35  	116.3 	-63.0 	2     	30.1     	221   	19.6       	22.9       	15765     	-87.0
5006      	18:23:37  	116.2 	-63.1 	2     	30.1     	221   	19.6       	22.9       	15771     	-87.0
5008      	18:23:39  	116.1 	-63.1 	2     	30.0     	220   	19.2       	23.1       	15777     	-87.0
5010      	18:23:41  	116.0 	-63.1 	2     	29.9     	219   	18.8       	23.3       	15783     	-86.9
5012      	18:23:43  	115.9 	-63.1 	2     	29.9     	218   	18.5       	23.5       	15789     	-86.9
5014      	18:23:45  	115.8 	-63.1 	2     	29.8     	217   	18.1       	23.7       	15794     	-86.9
5016      	18:23:47  	115.7 	-63.2 	2     	29.7     	217   	17.8       	23.8       	15800     	-86.9
5018      	18:23:49  	115.6 	-63.2 	2     	29.6     	216   	17.4       	24.0       	15805     	-86.9
5020      	18:23:51  	115.5 	-63.2 	2     	29.6     	215   	17.0       	24.2       	15811     	-86.9
5022      	18:23:53  	115.4 	-63.2 	2     	29.6     	214   	16.7       	24.4       	15817     	-86.9
5024      	18:23:55  	115.3 	-63.3 	2     	29.5     	214   	16.3       	24.6       	15823     	-87.0
5026      	18:23:57  	115.2 	-63.3 	2     	29.5     	213   	15.9       	24.8       	15828     	-87.0
5028      	18:23:59  	115.1 	-63.3 	2     	29.3     	212   	15.5       	24.9       	15834     	-87.0
5030      	18:24:01  	114.9 	-63.3 	2     	29.1     	211   	15.1       	24.9       	15840     	-87.0
5032      	18:24:03  	114.8 	-63.4 	2     	29.0     	210   	14.7       	25.0       	15846     	-87.1
5034      	18:24:05  	114.7 	-63.4 	2     	28.8     	210   	14.3       	25.0       	15852     	-87.1
5036      	18:24:07  	114.6 	-63.4 	2     	28.7     	209   	13.9       	25.1       	15857     	-87.2
5038      	18:24:09  	114.5 	-63.5 	2     	28.5     	208   	13.5       	25.1       	15863     	-87.3
5040      	18:24:11  	114.4 	-63.5 	2     	29.0     	208   	13.7       	25.6       	15869     	-87.3
5042      	18:24:13  	114.3 	-63.6 	2     	29.5     	208   	14.0       	26.0       	15875     	-87.4
5044      	18:24:15  	114.2 	-63.6 	2     	30.1     	208   	14.2       	26.5       	15880     	-87.4
5046      	18:24:17  	114.1 	-63.6 	2     	30.6     	208   	14.5       	27.0       	15886     	-87.4
5048      	18:24:19  	114.0 	-63.7 	2     	31.3     	209   	15.2       	27.4       	15892     	-87.4
5050      	18:24:21  	113.9 	-63.7 	2     	32.0     	210   	15.8       	27.8       	15897     	-87.4
5052      	18:24:23  	113.8 	-63.7 	2     	32.3     	210   	16.0       	28.1       	15903     	-87.4
5054      	18:24:25  	113.7 	-63.8 	2     	32.5     	209   	15.8       	28.4       	15909     	-87.5
5056      	18:24:27  	113.5 	-63.8 	2     	32.6     	209   	15.7       	28.6       	15915     	-87.5
5058      	18:24:29  	113.4 	-63.9 	2     	32.8     	208   	15.6       	28.8       	15921     	-87.6
5060      	18:24:31  	113.3 	-63.9 	2     	32.3     	207   	14.9       	28.7       	15928     	-87.6
5062      	18:24:33  	113.2 	-64.0 	2     	31.8     	206   	14.1       	28.5       	15934     	-87.7
5064      	18:24:35  	113.1 	-64.0 	2     	31.3     	205   	13.3       	28.3       	15940     	-87.7
5066      	18:24:37  	113.0 	-64.0 	2     	30.8     	204   	12.5       	28.1       	15946     	-87.7
5068      	18:24:39  	112.9 	-64.1 	2     	30.3     	203   	11.7       	27.9       	15953     	-87.7
5070      	18:24:41  	112.7 	-64.1 	2     	29.9     	201   	10.9       	27.8       	15959     	-87.7
5072      	18:24:43  	112.6 	-64.2 	2     	29.7     	201   	10.7       	27.7       	15965     	-87.7
5074      	18:24:45  	112.5 	-64.2 	2     	29.5     	201   	10.5       	27.6       	15971     	-87.7
5076      	18:24:47  	112.4 	-64.3 	2     	29.3     	200   	10.1       	27.5       	15978     	-87.7
5078      	18:24:49  	112.3 	-64.3 	2     	29.0     	200   	9.7        	27.3       	15984     	-87.7
5080      	18:24:51  	112.2 	-64.4 	2     	28.7     	199   	9.3        	27.2       	15990     	-87.8
5082      	18:24:53  	112.1 	-64.5 	2     	28.4     	198   	8.9        	27.0       	15996     	-87.8
5084      	18:24:55  	112.0 	-64.5 	2     	28.1     	198   	8.5        	26.8       	16001     	-87.8
5086      	18:24:57  	111.8 	-64.6 	2     	27.9     	197   	8.1        	26.7       	16007     	-87.9
5088      	18:24:59  	111.7 	-64.6 	2     	27.6     	196   	7.7        	26.5       	16013     	-87.9
5090      	18:25:01  	111.6 	-64.6 	2     	27.4     	195   	7.3        	26.4       	16019     	-87.9
5092      	18:25:03  	111.5 	-64.7 	2     	27.6     	196   	7.7        	26.5       	16025     	-88.0
5094      	18:25:05  	111.4 	-64.7 	2     	28.9     	199   	9.6        	27.3       	16031     	-88.1
5096      	18:25:07  	111.3 	-64.7 	2     	30.6     	203   	11.8       	28.2       	16037     	-88.1
5098      	18:25:09  	111.2 	-64.8 	2     	32.2     	206   	13.9       	29.1       	16043     	-88.2
5100      	18:25:11  	111.1 	-64.8 	2     	33.9     	208   	16.0       	29.9       	16049     	-88.2
5102      	18:25:13  	111.0 	-64.8 	2     	35.8     	211   	18.2       	30.8       	16055     	-88.3
5104      	18:25:15  	110.9 	-64.8 	2     	37.6     	213   	20.3       	31.7       	16061     	-88.4
5106      	18:25:17  	110.8 	-64.8 	2     	39.5     	215   	22.4       	32.5       	16067     	-88.4
5108      	18:25:19  	110.7 	-64.8 	2     	41.5     	216   	24.6       	33.4       	16073     	-88.4
5110      	18:25:21  	110.5 	-64.8 	2     	43.5     	218   	26.7       	34.3       	16079     	-88.4
5112      	18:25:23  	110.4 	-64.8 	2     	44.7     	219   	28.0       	34.8       	16085     	-88.4
5114      	18:25:25  	110.3 	-64.8 	2     	44.7     	219   	28.0       	34.8       	16090     	-88.4
5116      	18:25:27  	110.2 	-64.8 	2     	44.7     	219   	28.0       	34.8       	16096     	-88.4
5118      	18:25:29  	110.1 	-64.9 	2     	44.5     	219   	27.9       	34.7       	16102     	-88.3
5120      	18:25:31  	110.0 	-64.8 	2     	44.0     	219   	27.7       	34.2       	16107     	-88.3
5122      	18:25:33  	109.9 	-64.8 	2     	43.5     	219   	27.4       	33.8       	16113     	-88.3
5124      	18:25:35  	109.8 	-64.8 	2     	43.0     	219   	27.2       	33.3       	16119     	-88.3
5126      	18:25:37  	109.7 	-64.8 	2     	42.5     	219   	26.9       	32.9       	16125     	-88.3
5128      	18:25:39  	109.6 	-64.8 	2     	42.0     	219   	26.7       	32.4       	16130     	-88.3
5130      	18:25:41  	109.5 	-64.7 	2     	41.4     	220   	26.4       	31.9       	16136     	-88.2
5132      	18:25:43  	109.4 	-64.7 	2     	40.5     	220   	25.9       	31.1       	16142     	-88.2
5134      	18:25:45  	109.3 	-64.7 	2     	39.6     	220   	25.4       	30.4       	16148     	-88.3
5136      	18:25:47  	109.2 	-64.6 	2     	38.8     	220   	24.9       	29.7       	16154     	-88.3
5138      	18:25:49  	109.1 	-64.6 	2     	38.1     	220   	24.6       	29.1       	16160     	-88.3
5140      	18:25:51  	109.0 	-64.5 	2     	37.7     	220   	24.3       	28.8       	16165     	-88.3
5142      	18:25:53  	108.9 	-64.5 	2     	37.3     	220   	24.1       	28.5       	16171     	-88.2
5144      	18:25:55  	108.8 	-64.5 	2     	36.9     	221   	24.1       	27.9       	16176     	-88.2
5146      	18:25:57  	108.7 	-64.4 	2     	36.5     	221   	24.1       	27.4       	16182     	-88.2
5148      	18:25:59  	108.6 	-64.4 	2     	36.1     	222   	24.1       	26.9       	16187     	-88.2
5150      	18:26:01  	108.5 	-64.4 	2     	35.9     	222   	24.2       	26.5       	16193     	-88.2
5152      	18:26:03  	108.4 	-64.3 	2     	35.9     	223   	24.5       	26.2       	16198     	-88.2
5154      	18:26:05  	108.3 	-64.3 	2     	35.9     	224   	24.7       	26.0       	16204     	-88.2
5156      	18:26:07  	108.2 	-64.3 	2     	35.8     	224   	24.9       	25.7       	16209     	-88.1
5158      	18:26:09  	108.1 	-64.3 	2     	35.8     	225   	25.2       	25.4       	16215     	-88.1
5160      	18:26:11  	108.0 	-64.2 	2     	35.7     	225   	25.4       	25.1       	16220     	-88.1
5162      	18:26:13  	107.9 	-64.2 	2     	35.6     	226   	25.6       	24.8       	16226     	-88.1
5164      	18:26:15  	107.8 	-64.1 	2     	35.6     	226   	25.6       	24.7       	16231     	-88.0
5166      	18:26:17  	107.7 	-64.1 	2     	35.5     	226   	25.6       	24.6       	16237     	-88.0
5168      	18:26:19  	107.6 	-64.1 	2     	35.6     	226   	25.7       	24.6       	16243     	-87.9
5170      	18:26:21  	107.5 	-64.1 	2     	35.6     	226   	25.7       	24.6       	16248     	-87.9
5172      	18:26:23  	107.4 	-64.0 	2     	35.6     	226   	25.7       	24.6       	16254     	-87.8
5174      	18:26:25  	107.3 	-64.0 	2     	35.6     	226   	25.7       	24.6       	16259     	-87.8
5176      	18:26:27  	107.2 	-64.0 	2     	35.6     	226   	25.7       	24.7       	16265     	-87.8
5178      	18:26:29  	107.1 	-64.0 	2     	35.7     	226   	25.7       	24.8       	16271     	-87.8
5180      	18:26:31  	107.0 	-63.9 	2     	35.7     	226   	25.6       	24.9       	16277     	-87.8
5182      	18:26:33  	106.9 	-63.9 	2     	35.8     	226   	25.7       	24.9       	16282     	-87.8
5184      	18:26:35  	106.8 	-63.9 	2     	35.8     	226   	25.7       	24.9       	16288     	-87.8
5186      	18:26:37  	106.7 	-63.9 	2     	35.7     	226   	25.7       	24.8       	16294     	-87.8
5188      	18:26:39  	106.6 	-64.0 	2     	35.8     	226   	25.8       	24.8       	16300     	-87.8
5190      	18:26:41  	106.5 	-64.0 	2     	35.7     	226   	25.8       	24.7       	16306     	-87.8
5192      	18:26:43  	106.4 	-64.0 	2     	35.6     	226   	25.8       	24.6       	16312     	-87.7
5194      	18:26:45  	106.3 	-64.0 	2     	35.7     	227   	25.9       	24.5       	16318     	-87.7
5196      	18:26:47  	106.2 	-64.0 	2     	35.6     	227   	26.0       	24.3       	16324     	-87.6
5198      	18:26:49  	106.1 	-64.0 	2     	35.5     	227   	26.1       	24.1       	16330     	-87.7
5200      	18:26:51  	106.0 	-64.0 	2     	35.5     	228   	26.2       	23.9       	16336     	-87.6
5202      	18:26:53  	105.9 	-64.0 	2     	35.4     	228   	26.3       	23.7       	16342     	-87.6
5204      	18:26:55  	105.8 	-64.0 	2     	35.4     	228   	26.4       	23.6       	16349     	-87.6
5206      	18:26:57  	105.7 	-64.1 	2     	35.3     	228   	26.4       	23.5       	16355     	-87.6
5208      	18:26:59  	105.5 	-64.1 	2     	35.4     	229   	26.5       	23.4       	16362     	-87.6
5210      	18:27:01  	105.4 	-64.1 	2     	35.3     	229   	26.5       	23.3       	16368     	-87.6
5212      	18:27:03  	105.3 	-64.1 	2     	35.2     	229   	26.5       	23.2       	16374     	-87.6
5214      	18:27:05  	105.2 	-64.1 	2     	35.2     	229   	26.5       	23.2       	16381     	-87.7
5216      	18:27:07  	105.1 	-64.1 	2     	35.2     	229   	26.5       	23.2       	16387     	-87.7
5218      	18:27:09  	105.0 	-64.2 	2     	35.2     	229   	26.5       	23.2       	16393     	-87.7
5220      	18:27:11  	104.9 	-64.2 	2     	35.2     	229   	26.4       	23.3       	16399     	-87.7
5222      	18:27:13  	104.8 	-64.2 	2     	35.3     	228   	26.4       	23.4       	16406     	-87.8
5224      	18:27:15  	104.7 	-64.3 	2     	35.3     	228   	26.4       	23.5       	16412     	-87.8
5226      	18:27:17  	104.6 	-64.3 	2     	35.3     	228   	26.3       	23.6       	16418     	-87.7
5228      	18:27:19  	104.5 	-64.3 	2     	35.4     	228   	26.3       	23.7       	16425     	-87.7
5230      	18:27:21  	104.3 	-64.4 	2     	35.5     	228   	26.3       	23.8       	16431     	-87.7
5232      	18:27:23  	104.2 	-64.4 	2     	35.5     	228   	26.3       	23.9       	16438     	-87.6
5234      	18:27:25  	104.1 	-64.5 	3     	35.8     	228   	26.5       	24.0       	16444     	-87.6
5236      	18:27:27  	104.0 	-64.5 	3     	36.0     	228   	26.6       	24.2       	16451     	-87.6
5238      	18:27:29  	103.9 	-64.5 	3     	36.1     	228   	26.7       	24.3       	16458     	-87.6
5240      	18:27:31  	103.8 	-64.6 	3     	36.2     	228   	26.8       	24.4       	16464     	-87.6
5242      	18:27:33  	103.7 	-64.6 	3     	36.4     	228   	26.9       	24.5       	16471     	-87.6
5244      	18:27:35  	103.6 	-64.7 	3     	36.5     	228   	27.1       	24.5       	16478     	-87.6
5246      	18:27:37  	103.4 	-64.7 	2     	36.7     	228   	27.2       	24.6       	16485     	-87.8
5248      	18:27:39  	103.3 	-64.7 	2     	36.7     	228   	27.3       	24.6       	16492     	-87.9
5250      	18:27:41  	103.2 	-64.8 	2     	36.9     	228   	27.5       	24.6       	16498     	-87.9
5252      	18:27:43  	103.1 	-64.8 	2     	37.0     	228   	27.6       	24.6       	16505     	-87.9
5254      	18:27:45  	103.0 	-64.8 	2     	37.0     	228   	27.6       	24.6       	16512     	-87.9
5256      	18:27:47  	102.9 	-64.8 	2     	37.0     	228   	27.7       	24.6       	16519     	-88.0
5258      	18:27:49  	102.7 	-64.8 	2     	37.0     	228   	27.7       	24.6       	16526     	-88.0
5260      	18:27:51  	102.6 	-64.8 	2     	36.9     	229   	27.7       	24.4       	16533     	-88.0
5262      	18:27:53  	102.5 	-64.8 	2     	36.8     	229   	27.7       	24.3       	16540     	-88.1
5264      	18:27:55  	102.4 	-64.8 	2     	36.7     	229   	27.7       	24.1       	16547     	-88.1
5266      	18:27:57  	102.3 	-64.8 	2     	36.7     	229   	27.7       	24.0       	16554     	-88.1
5268      	18:27:59  	102.2 	-64.8 	2     	36.5     	229   	27.7       	23.8       	16561     	-88.1
5270      	18:28:01  	102.0 	-64.7 	2     	36.5     	229   	27.7       	23.7       	16568     	-88.1
5272      	18:28:03  	101.9 	-64.7 	2     	36.3     	230   	27.7       	23.4       	16576     	-88.0
5274      	18:28:05  	101.8 	-64.7 	2     	36.0     	231   	27.8       	22.8       	16583     	-88.0
5276      	18:28:07  	101.7 	-64.6 	2     	35.7     	232   	28.0       	22.2       	16590     	-88.0
5278      	18:28:09  	101.6 	-64.6 	2     	35.4     	232   	28.1       	21.6       	16597     	-88.0
5280      	18:28:11  	101.4 	-64.5 	2     	35.2     	233   	28.2       	21.1       	16604     	-88.0
5282      	18:28:13  	101.3 	-64.5 	2     	35.1     	234   	28.4       	20.6       	16611     	-88.0
5284      	18:28:15  	101.2 	-64.5 	2     	34.9     	235   	28.5       	20.1       	16618     	-88.0
5286      	18:28:17  	101.1 	-64.4 	2     	34.8     	236   	28.9       	19.3       	16625     	-87.9
5288      	18:28:19  	101.0 	-64.4 	2     	34.7     	238   	29.3       	18.5       	16633     	-87.9
5290      	18:28:21  	100.8 	-64.3 	2     	34.6     	239   	29.7       	17.7       	16640     	-87.8
5292      	18:28:23  	100.7 	-64.3 	2     	34.5     	240   	30.0       	17.1       	16647     	-87.8
5294      	18:28:25  	100.6 	-64.2 	2     	34.5     	241   	30.2       	16.7       	16654     	-87.7
5296      	18:28:27  	100.5 	-64.2 	2     	34.6     	242   	30.5       	16.4       	16661     	-87.6
5298      	18:28:29  	100.4 	-64.1 	2     	34.7     	243   	30.8       	15.9       	16668     	-87.6
5300      	18:28:31  	100.3 	-64.1 	2     	34.7     	244   	31.2       	15.3       	16675     	-87.6
5302      	18:28:33  	100.2 	-64.0 	2     	34.8     	245   	31.5       	14.7       	16681     	-87.5
5304      	18:28:35  	100.0 	-64.0 	2     	34.9     	246   	31.9       	14.1       	16688     	-87.5
5306      	18:28:37  	99.9  	-63.9 	2     	34.9     	247   	32.1       	13.8       	16695     	-87.5
5308      	18:28:39  	99.8  	-63.9 	2     	35.0     	247   	32.2       	13.6       	16702     	-87.5
5310      	18:28:41  	99.7  	-63.9 	2     	35.0     	248   	32.4       	13.3       	16709     	-87.5
5312      	18:28:43  	99.6  	-63.9 	2     	35.1     	248   	32.6       	12.9       	16716     	-87.5
5314      	18:28:45  	99.5  	-63.9 	2     	35.1     	249   	32.8       	12.4       	16723     	-87.5
5316      	18:28:47  	99.4  	-63.9 	2     	35.1     	250   	33.0       	12.0       	16730     	-87.5
5318      	18:28:49  	99.3  	-63.8 	2     	35.2     	251   	33.2       	11.6       	16737     	-87.5
5320      	18:28:51  	99.1  	-63.8 	2     	35.2     	251   	33.3       	11.5       	16744     	-87.5
5322      	18:28:53  	99.0  	-63.8 	2     	35.2     	251   	33.3       	11.3       	16751     	-87.5
5324      	18:28:55  	98.9  	-63.8 	2     	35.2     	252   	33.4       	11.0       	16758     	-87.5
5326      	18:28:57  	98.8  	-63.8 	2     	35.1     	252   	33.4       	10.7       	16764     	-87.5
5328      	18:28:59  	98.7  	-63.8 	2     	35.0     	253   	33.4       	10.4       	16771     	-87.4
5330      	18:29:01  	98.6  	-63.8 	2     	34.9     	253   	33.4       	10.1       	16778     	-87.4
5332      	18:29:03  	98.5  	-63.8 	2     	34.8     	253   	33.3       	10.0       	16785     	-87.4
5334      	18:29:05  	98.4  	-63.8 	2     	34.7     	254   	33.3       	9.8        	16792     	-87.3
5336      	18:29:07  	98.3  	-63.8 	2     	34.6     	254   	33.2       	9.7        	16799     	-87.3
5338      	18:29:09  	98.2  	-63.8 	2     	34.3     	254   	33.0       	9.5        	16805     	-87.3
5340      	18:29:11  	98.0  	-63.8 	2     	34.2     	254   	32.9       	9.3        	16812     	-87.2
5342      	18:29:13  	97.9  	-63.8 	2     	34.0     	254   	32.8       	9.1        	16819     	-87.2
5344      	18:29:15  	97.8  	-63.8 	2     	33.9     	255   	32.7       	8.9        	16826     	-87.1
5346      	18:29:17  	97.7  	-63.8 	2     	33.8     	255   	32.6       	8.8        	16833     	-87.1
5348      	18:29:19  	97.6  	-63.8 	3     	33.8     	255   	32.6       	8.8        	16840     	-87.1
5350      	18:29:21  	97.5  	-63.8 	3     	33.8     	255   	32.6       	8.8        	16847     	-87.1
5352      	18:29:23  	97.4  	-63.8 	3     	33.8     	255   	32.6       	8.8        	16854     	-87.1
5354      	18:29:25  	97.3  	-63.8 	3     	33.8     	255   	32.6       	8.8        	16860     	-87.1
5356      	18:29:27  	97.2  	-63.8 	3     	33.8     	255   	32.6       	8.8        	16867     	-87.1
5358      	18:29:29  	97.1  	-63.8 	3     	33.9     	255   	32.7       	8.9        	16874     	-87.1
5360      	18:29:31  	97.0  	-63.8 	3     	34.0     	255   	32.8       	9.0        	16881     	-87.1
5362      	18:29:33  	96.8  	-63.8 	3     	34.1     	255   	32.9       	9.1        	16888     	-87.1
5364      	18:29:35  	96.7  	-63.8 	3     	34.4     	254   	33.1       	9.3        	16894     	-87.1
5366      	18:29:37  	96.6  	-63.8 	2     	34.7     	254   	33.3       	9.6        	16901     	-87.2
5368      	18:29:39  	96.5  	-63.8 	2     	34.8     	254   	33.4       	9.8        	16908     	-87.2
5370      	18:29:41  	96.4  	-63.8 	2     	35.0     	254   	33.6       	9.9        	16915     	-87.2
5372      	18:29:43  	96.3  	-63.8 	2     	35.2     	253   	33.7       	10.1       	16921     	-87.2
5374      	18:29:45  	96.2  	-63.8 	2     	35.3     	253   	33.8       	10.2       	16928     	-87.2
5376      	18:29:47  	96.1  	-63.8 	2     	35.5     	253   	34.0       	10.3       	16935     	-87.2
5378      	18:29:49  	96.0  	-63.8 	2     	35.8     	253   	34.3       	10.4       	16942     	-87.2
5380      	18:29:51  	95.9  	-63.8 	2     	36.1     	253   	34.5       	10.5       	16948     	-87.2
5382      	18:29:53  	95.8  	-63.8 	2     	36.3     	253   	34.7       	10.6       	16955     	-87.2
5384      	18:29:55  	95.7  	-63.8 	2     	36.5     	253   	34.9       	10.6       	16962     	-87.2
5386      	18:29:57  	95.6  	-63.8 	2     	36.6     	253   	35.0       	10.6       	16969     	-87.2
5388      	18:29:59  	95.5  	-63.8 	2     	36.4     	253   	34.9       	10.5       	16976     	-87.2
5390      	18:30:01  	95.4  	-63.8 	2     	36.0     	253   	34.5       	10.3       	16982     	-87.2
5392      	18:30:03  	95.3  	-63.8 	2     	35.6     	254   	34.2       	10.0       	16989     	-87.2
5394      	18:30:05  	95.2  	-63.8 	2     	35.2     	254   	33.8       	9.8        	16995     	-87.2
5396      	18:30:07  	95.1  	-63.7 	2     	34.8     	254   	33.4       	9.6        	17002     	-87.1
5398      	18:30:09  	95.0  	-63.7 	2     	34.2     	254   	32.9       	9.4        	17008     	-87.1
5400      	18:30:11  	94.9  	-63.7 	2     	33.8     	254   	32.5       	9.2        	17015     	-87.1
5402      	18:30:13  	94.8  	-63.7 	2     	33.2     	254   	31.9       	9.1        	17021     	-87.1
5404      	18:30:15  	94.7  	-63.7 	2     	32.5     	254   	31.2       	9.0        	17028     	-87.1
5406      	18:30:17  	94.6  	-63.7 	2     	31.8     	254   	30.5       	9.0        	17034     	-87.1
5408      	18:30:19  	94.5  	-63.6 	2     	31.4     	253   	30.1       	9.0        	17041     	-87.1
5410      	18:30:21  	94.4  	-63.6 	2     	31.2     	253   	29.8       	9.1        	17047     	-87.1
5412      	18:30:23  	94.3  	-63.6 	2     	31.0     	253   	29.6       	9.3        	17054     	-87.1
5414      	18:30:25  	94.2  	-63.6 	2     	30.9     	252   	29.4       	9.4        	17060     	-87.1
5416      	18:30:27  	94.1  	-63.6 	2     	30.6     	252   	29.1       	9.6        	17067     	-87.1
5418      	18:30:29  	94.0  	-63.6 	2     	30.5     	251   	28.9       	9.7        	17073     	-87.1
5420      	18:30:31  	93.9  	-63.6 	2     	30.4     	251   	28.7       	9.9        	17079     	-87.1
5422      	18:30:33  	93.8  	-63.5 	2     	30.3     	251   	28.6       	10.0       	17085     	-87.1
5424      	18:30:35  	93.7  	-63.5 	2     	30.9     	250   	29.1       	10.5       	17090     	-87.1
5426      	18:30:37  	93.6  	-63.4 	2     	31.5     	250   	29.5       	11.0       	17096     	-87.1
5428      	18:30:39  	93.5  	-63.4 	2     	32.0     	249   	29.9       	11.5       	17102     	-87.1
5430      	18:30:41  	93.4  	-63.4 	2     	32.7     	248   	30.4       	12.0       	17107     	-87.1
5432      	18:30:43  	93.4  	-63.3 	2     	33.2     	248   	30.8       	12.5       	17112     	-87.1
5434      	18:30:45  	93.3  	-63.3 	2     	33.9     	247   	31.3       	13.1       	17118     	-87.1
5436      	18:30:47  	93.2  	-63.3 	2     	34.5     	247   	31.7       	13.6       	17123     	-87.1
5438      	18:30:49  	93.1  	-63.3 	2     	35.2     	246   	32.2       	14.1       	17128     	-87.1
5440      	18:30:51  	93.0  	-63.2 	2     	35.7     	246   	32.6       	14.6       	17133     	-87.1
5442      	18:30:53  	93.0  	-63.1 	2     	36.3     	245   	33.0       	15.1       	17138     	-87.1
5444      	18:30:55  	92.9  	-63.0 	2     	36.4     	245   	33.1       	15.2       	17143     	-87.0
5446      	18:30:57  	92.8  	-62.9 	2     	36.5     	245   	33.1       	15.3       	17148     	-87.0
5448      	18:30:59  	92.7  	-62.8 	2     	36.5     	245   	33.1       	15.4       	17153     	-87.0
5450      	18:31:01  	92.7  	-62.7 	2     	36.6     	245   	33.2       	15.5       	17158     	-86.9
5452      	18:31:03  	92.6  	-62.5 	2     	36.6     	245   	33.2       	15.5       	17163     	-86.8
5454      	18:31:05  	92.5  	-62.3 	2     	36.8     	245   	33.3       	15.6       	17168     	-86.8
5456      	18:31:07  	92.5  	-62.2 	2     	36.8     	245   	33.3       	15.7       	17173     	-86.7
5458      	18:31:09  	92.4  	-62.0 	2     	37.0     	245   	33.4       	15.9       	17177     	-86.6
5460      	18:31:11  	92.3  	-61.8 	2     	37.4     	244   	33.7       	16.2       	17182     	-86.5
5462      	18:31:13  	92.2  	-61.7 	2     	37.7     	244   	33.9       	16.4       	17188     	-86.4
5464      	18:31:15  	92.1  	-61.5 	2     	38.1     	244   	34.2       	16.7       	17193     	-86.3
5466      	18:31:17  	92.1  	-61.3 	2     	38.3     	244   	34.4       	16.9       	17198     	-86.2
5468      	18:31:19  	92.0  	-61.2 	2     	38.7     	244   	34.7       	17.2       	17203     	-86.1
5470      	18:31:21  	91.9  	-61.1 	2     	39.0     	244   	34.9       	17.4       	17209     	-86.0
5472      	18:31:23  	91.8  	-60.9 	2     	39.4     	243   	35.2       	17.7       	17214     	-85.9
5474      	18:31:25  	91.8  	-60.8 	2     	39.7     	243   	35.4       	17.9       	17219     	-85.8
5476      	18:31:27  	91.7  	-60.7 	2     	40.1     	243   	35.7       	18.2       	17225     	-85.7
5478      	18:31:29  	91.6  	-60.6 	2     	39.4     	243   	35.0       	18.1       	17230     	-85.6
5480      	18:31:31  	91.5  	-60.5 	2     	37.8     	242   	33.4       	17.7       	17236     	-85.5
5482      	18:31:33  	91.4  	-60.4 	2     	36.2     	241   	31.8       	17.3       	17242     	-85.4
5484      	18:31:35  	91.3  	-60.3 	2     	34.6     	241   	30.2       	16.8       	17247     	-85.3
5486      	18:31:37  	91.3  	-60.2 	2     	33.0     	240   	28.6       	16.4       	17253     	-85.2
5488      	18:31:39  	91.2  	-60.1 	2     	31.4     	239   	27.0       	16.0       	17258     	-85.1
5490      	18:31:41  	91.1  	-60.0 	2     	29.6     	238   	25.2       	15.6       	17263     	-84.9
5492      	18:31:43  	91.0  	-59.9 	2     	27.9     	237   	23.3       	15.3       	17268     	-84.8
5494      	18:31:45  	91.0  	-59.8 	2     	26.1     	235   	21.4       	15.0       	17273     	-84.7
5496      	18:31:47  	90.9  	-59.8 	2     	24.4     	233   	19.5       	14.6       	17279     	-84.7
5498      	18:31:49  	90.8  	-59.8 	2     	23.5     	232   	18.5       	14.5       	17285     	-84.7
5500      	18:31:51  	90.7  	-59.8 	2     	23.3     	231   	18.2       	14.6       	17291     	-84.6
5502      	18:31:53  	90.6  	-59.9 	2     	23.1     	230   	17.8       	14.7       	17297     	-84.6
5504      	18:31:55  	90.5  	-59.9 	2     	22.7     	229   	17.1       	14.9       	17302     	-84.6
5506      	18:31:57  	90.5  	-59.9 	2     	22.4     	228   	16.5       	15.1       	17308     	-84.6
5508      	18:31:59  	90.4  	-59.9 	2     	22.0     	226   	15.8       	15.3       	17314     	-84.6
5510      	18:32:01  	90.3  	-59.9 	2     	21.8     	225   	15.4       	15.4       	17319     	-84.6
5512      	18:32:03  	90.2  	-59.9 	2     	21.6     	224   	15.0       	15.5       	17326     	-84.6
5514      	18:32:05  	90.1  	-60.0 	2     	21.4     	223   	14.7       	15.5       	17332     	-84.6
5516      	18:32:07  	90.0  	-60.0 	2     	21.1     	222   	14.0       	15.8       	17339     	-84.6
5518      	18:32:09  	89.9  	-60.0 	2     	20.9     	220   	13.4       	16.1       	17345     	-84.6
5520      	18:32:11  	89.8  	-60.0 	2     	20.7     	218   	12.7       	16.4       	17351     	-84.5
5522      	18:32:13  	89.8  	-60.0 	2     	20.7     	216   	12.2       	16.7       	17357     	-84.5
5524      	18:32:15  	89.7  	-60.0 	2     	20.7     	215   	11.9       	16.9       	17363     	-84.6
5526      	18:32:17  	89.6  	-60.1 	2     	20.7     	214   	11.6       	17.1       	17370     	-84.6
5528      	18:32:19  	89.5  	-60.1 	2     	20.6     	213   	11.2       	17.3       	17376     	-84.6
5530      	18:32:21  	89.4  	-60.1 	2     	20.4     	211   	10.5       	17.5       	17382     	-84.6
5532      	18:32:23  	89.3  	-60.2 	2     	20.1     	209   	9.8        	17.6       	17389     	-84.6
5534      	18:32:25  	89.2  	-60.2 	2     	20.0     	207   	9.1        	17.8       	17396     	-84.6
5536      	18:32:27  	89.1  	-60.2 	2     	19.7     	206   	8.6        	17.7       	17402     	-84.6
5538      	18:32:29  	89.0  	-60.2 	2     	19.5     	205   	8.2        	17.7       	17409     	-84.6
5540      	18:32:31  	88.9  	-60.3 	2     	19.3     	204   	7.8        	17.6       	17416     	-84.6
5542      	18:32:33  	88.8  	-60.3 	2     	19.5     	204   	7.9        	17.8       	17422     	-84.6
5544      	18:32:35  	88.7  	-60.4 	2     	19.8     	204   	8.2        	18.0       	17429     	-84.6
5546      	18:32:37  	88.6  	-60.4 	2     	20.1     	205   	8.5        	18.2       	17435     	-84.6
5548      	18:32:39  	88.5  	-60.4 	2     	20.5     	206   	8.9        	18.5       	17442     	-84.5
5550      	18:32:41  	88.4  	-60.5 	3     	21.1     	207   	9.6        	18.8       	17448     	-84.5
5552      	18:32:43  	88.4  	-60.5 	3     	21.7     	208   	10.3       	19.1       	17455     	-84.5
5554      	18:32:45  	88.3  	-60.6 	3     	22.1     	209   	10.8       	19.3       	17461     	-84.4
5556      	18:32:47  	88.2  	-60.6 	3     	22.4     	210   	11.2       	19.4       	17468     	-84.4
5558      	18:32:49  	88.1  	-60.7 	3     	22.8     	211   	11.7       	19.6       	17474     	-84.4
5560      	18:32:51  	88.0  	-60.7 	3     	23.1     	212   	12.1       	19.7       	17480     	-84.4
5562      	18:32:53  	87.9  	-60.8 	3     	22.9     	211   	11.9       	19.6       	17486     	-84.4
5564      	18:32:55  	87.8  	-60.8 	3     	22.6     	211   	11.6       	19.4       	17493     	-84.5
5566      	18:32:57  	87.7  	-60.9 	3     	22.3     	210   	11.3       	19.2       	17499     	-84.5
5568      	18:32:59  	87.6  	-60.9 	3     	22.0     	210   	11.0       	19.1       	17505     	-84.5
5570      	18:33:01  	87.6  	-61.0 	3     	21.9     	210   	10.8       	19.0       	17512     	-84.6
5572      	18:33:03  	87.5  	-61.1 	3     	21.5     	209   	10.5       	18.8       	17518     	-84.7
5574      	18:33:05  	87.4  	-61.1 	3     	21.4     	209   	10.4       	18.7       	17524     	-84.8
5576      	18:33:07  	87.3  	-61.1 	3     	21.5     	209   	10.4       	18.8       	17531     	-84.8
5578      	18:33:09  	87.2  	-61.2 	3     	21.5     	209   	10.4       	18.8       	17537     	-84.8
5580      	18:33:11  	87.1  	-61.2 	3     	21.5     	209   	10.5       	18.8       	17544     	-84.8
5582      	18:33:13  	87.0  	-61.3 	3     	21.7     	209   	10.5       	19.0       	17550     	-84.8
5584      	18:33:15  	86.9  	-61.3 	3     	21.8     	209   	10.6       	19.1       	17557     	-84.8
5586      	18:33:17  	86.8  	-61.3 	3     	22.0     	209   	10.7       	19.2       	17564     	-84.8
5588      	18:33:19  	86.7  	-61.4 	3     	22.1     	209   	10.7       	19.3       	17570     	-84.7
5590      	18:33:21  	86.6  	-61.4 	3     	22.2     	209   	10.7       	19.4       	17577     	-84.7
5592      	18:33:23  	86.5  	-61.5 	3     	22.3     	209   	10.8       	19.5       	17583     	-84.7
5594      	18:33:25  	86.5  	-61.5 	3     	22.4     	209   	11.0       	19.5       	17590     	-84.7
5596      	18:33:27  	86.4  	-61.5 	3     	22.6     	210   	11.2       	19.6       	17597     	-84.7
5598      	18:33:29  	86.3  	-61.6 	3     	22.8     	210   	11.4       	19.7       	17603     	-84.7
5600      	18:33:31  	86.2  	-61.6 	3     	22.9     	210   	11.6       	19.7       	17610     	-84.8
5602      	18:33:33  	86.1  	-61.6 	3     	23.0     	211   	11.8       	19.7       	17617     	-84.8
5604      	18:33:35  	86.0  	-61.7 	3     	23.0     	211   	12.0       	19.6       	17624     	-84.9
5606      	18:33:37  	85.9  	-61.7 	3     	23.0     	212   	12.2       	19.5       	17630     	-84.9
5608      	18:33:39  	85.8  	-61.7 	3     	23.0     	213   	12.5       	19.3       	17637     	-84.9
5610      	18:33:41  	85.7  	-61.8 	3     	23.0     	214   	12.8       	19.1       	17644     	-84.9
5612      	18:33:43  	85.6  	-61.8 	3     	23.1     	215   	13.2       	18.9       	17650     	-84.9
5614      	18:33:45  	85.5  	-61.8 	3     	23.0     	215   	13.3       	18.8       	17657     	-84.9
5616      	18:33:47  	85.4  	-61.9 	3     	22.9     	216   	13.4       	18.6       	17663     	-84.9
5618      	18:33:49  	85.3  	-61.9 	3     	22.8     	216   	13.5       	18.4       	17670     	-84.9
5620      	18:33:51  	85.2  	-61.9 	3     	22.7     	217   	13.7       	18.1       	17677     	-85.0
5622      	18:33:53  	85.2  	-61.9 	3     	22.5     	218   	13.9       	17.7       	17683     	-85.0
5624      	18:33:55  	85.1  	-62.0 	3     	22.3     	219   	14.0       	17.3       	17690     	-85.1
5626      	18:33:57  	85.0  	-62.0 	3     	22.2     	220   	14.2       	17.0       	17696     	-85.1
5628      	18:33:59  	84.9  	-62.0 	3     	22.0     	220   	14.2       	16.8       	17703     	-85.2
5630      	18:34:01  	84.8  	-62.0 	3     	21.9     	221   	14.3       	16.6       	17709     	-85.2
5632      	18:34:03  	84.7  	-62.1 	3     	21.8     	221   	14.4       	16.4       	17716     	-85.2
5634      	18:34:05  	84.6  	-62.1 	3     	21.7     	222   	14.5       	16.1       	17722     	-85.2
5636      	18:34:07  	84.5  	-62.1 	3     	21.6     	223   	14.6       	15.9       	17729     	-85.3
5638      	18:34:09  	84.4  	-62.1 	3     	21.5     	223   	14.8       	15.6       	17735     	-85.3
5640      	18:34:11  	84.4  	-62.2 	3     	21.6     	224   	14.9       	15.6       	17742     	-85.3
5642      	18:34:13  	84.3  	-62.2 	3     	21.6     	224   	15.0       	15.6       	17749     	-85.3
5644      	18:34:15  	84.2  	-62.2 	3     	21.7     	224   	15.2       	15.5       	17755     	-85.3
5646      	18:34:17  	84.1  	-62.2 	3     	21.8     	225   	15.5       	15.4       	17762     	-85.3
5648      	18:34:19  	84.0  	-62.3 	3     	21.9     	226   	15.7       	15.3       	17768     	-85.2
5650      	18:34:21  	83.9  	-62.3 	3     	22.1     	226   	16.0       	15.2       	17775     	-85.2
5652      	18:34:23  	83.8  	-62.3 	3     	22.3     	227   	16.3       	15.2       	17781     	-85.2
5654      	18:34:25  	83.7  	-62.3 	3     	22.4     	228   	16.5       	15.1       	17788     	-85.2
5656      	18:34:27  	83.6  	-62.4 	3     	22.5     	228   	16.7       	15.1       	17794     	-85.2
5658      	18:34:29  	83.6  	-62.4 	3     	22.6     	228   	16.9       	15.0       	17801     	-85.2
5660      	18:34:31  	83.5  	-62.4 	3     	22.8     	229   	17.2       	14.9       	17807     	-85.2
5662      	18:34:33  	83.4  	-62.4 	3     	22.8     	230   	17.4       	14.8       	17813     	-85.3
5664      	18:34:35  	83.3  	-62.5 	3     	23.0     	230   	17.6       	14.8       	17820     	-85.3
5666      	18:34:37  	83.2  	-62.5 	3     	23.0     	230   	17.7       	14.7       	17826     	-85.3
5668      	18:34:39  	83.1  	-62.5 	3     	23.0     	230   	17.7       	14.7       	17833     	-85.3
5670      	18:34:41  	83.0  	-62.6 	3     	23.0     	231   	17.8       	14.6       	17839     	-85.4
5672      	18:34:43  	82.9  	-62.6 	3     	22.8     	231   	17.8       	14.3       	17846     	-85.4
5674      	18:34:45  	82.9  	-62.6 	3     	22.8     	232   	17.9       	14.1       	17852     	-85.5
5676      	18:34:47  	82.8  	-62.6 	3     	22.6     	232   	17.9       	13.8       	17859     	-85.5
5678      	18:34:49  	82.7  	-62.7 	3     	22.5     	233   	17.9       	13.6       	17866     	-85.5
5680      	18:34:51  	82.6  	-62.7 	3     	22.3     	233   	17.8       	13.4       	17872     	-85.6
5682      	18:34:53  	82.5  	-62.7 	3     	22.2     	233   	17.8       	13.2       	17879     	-85.7
5684      	18:34:55  	82.4  	-62.7 	3     	21.9     	234   	17.8       	12.8       	17886     	-85.7
5686      	18:34:57  	82.3  	-62.7 	3     	21.7     	235   	17.8       	12.4       	17893     	-85.8
5688      	18:34:59  	82.2  	-62.8 	3     	21.4     	236   	17.7       	12.0       	17899     	-85.9
5690      	18:35:01  	82.1  	-62.8 	3     	21.2     	237   	17.7       	11.7       	17906     	-85.9
5692      	18:35:03  	82.1  	-62.8 	3     	21.2     	237   	17.7       	11.6       	17912     	-85.9
5694      	18:35:05  	82.0  	-62.8 	3     	21.1     	237   	17.7       	11.4       	17919     	-85.9
5696      	18:35:07  	81.9  	-62.8 	3     	20.9     	238   	17.7       	11.2       	17926     	-85.9
5698      	18:35:09  	81.8  	-62.8 	3     	20.7     	239   	17.7       	10.8       	17932     	-85.9
5700      	18:35:11  	81.7  	-62.9 	3     	20.7     	239   	17.8       	10.5       	17939     	-85.9
5702      	18:35:13  	81.6  	-62.9 	3     	20.5     	240   	17.8       	10.2       	17946     	-85.9
5704      	18:35:15  	81.5  	-62.9 	3     	20.5     	241   	17.9       	10.0       	17952     	-85.9
5706      	18:35:17  	81.4  	-62.9 	3     	20.4     	241   	17.9       	9.8        	17959     	-85.9
5708      	18:35:19  	81.3  	-63.0 	3     	19.9     	242   	17.5       	9.4        	17966     	-86.0
5710      	18:35:21  	81.3  	-63.0 	3     	17.4     	242   	15.4       	8.2        	17973     	-86.0
5712      	18:35:23  	81.2  	-63.0 	3     	14.9     	242   	13.2       	7.0        	17979     	-86.0
5714      	18:35:25  	81.1  	-63.0 	3     	12.4     	243   	11.0       	5.7        	17986     	-86.0
5716      	18:35:27  	81.0  	-63.1 	3     	9.9      	242   	8.8        	4.6        	17992     	-86.0
5718      	18:35:29  	80.9  	-63.1 	3     	7.5      	242   	6.6        	3.5        	17999     	-86.0
5720      	18:35:31  	80.8  	-63.1 	3     	5.1      	240   	4.4        	2.5        	18005     	-86.0
5722      	18:35:33  	80.7  	-63.1 	3     	2.5      	236   	2.1        	1.4        	18012     	-86.0
5724      	18:35:35  	80.7  	-63.2 	3     	0.4      	166   	-0.1       	0.4        	18018     	-86.0
5726      	18:35:37  	80.6  	-63.2 	3     	2.4      	073   	-2.3       	-0.7       	18025     	-86.1
5728      	18:35:39  	80.5  	-63.2 	3     	4.4      	070   	-4.1       	-1.5       	18031     	-86.1
5730      	18:35:41  	80.4  	-63.3 	3     	2.8      	071   	-2.6       	-0.9       	18038     	-86.2
5732      	18:35:43  	80.3  	-63.3 	3     	2.2      	246   	2.0        	0.9        	18044     	-86.2
5734      	18:35:45  	80.2  	-63.3 	3     	7.2      	248   	6.7        	2.7        	18050     	-86.3
5736      	18:35:47  	80.1  	-63.4 	3     	12.1     	249   	11.3       	4.4        	18057     	-86.4
5738      	18:35:49  	80.1  	-63.4 	3     	17.2     	249   	16.0       	6.2        	18063     	-86.4
5740      	18:35:51  	80.0  	-63.4 	3     	22.1     	249   	20.6       	8.0        	18069     	-86.5
5742      	18:35:53  	79.9  	-63.4 	3     	27.1     	249   	25.3       	9.8        	18076     	-86.6
5744      	18:35:55  	79.8  	-63.4 	3     	32.1     	249   	29.9       	11.6       	18082     	-86.6
5746      	18:35:57  	79.7  	-63.4 	3     	37.1     	249   	34.6       	13.4       	18088     	-86.6
5748      	18:35:59  	79.7  	-63.4 	3     	42.0     	249   	39.2       	15.2       	18094     	-86.6
5750      	18:36:01  	79.6  	-63.4 	3     	43.0     	249   	40.1       	15.4       	18100     	-86.6
5752      	18:36:03  	79.5  	-63.4 	3     	40.0     	249   	37.4       	14.1       	18106     	-86.6
5754      	18:36:05  	79.4  	-63.3 	3     	36.9     	250   	34.6       	12.8       	18112     	-86.5
5756      	18:36:07  	79.4  	-63.3 	3     	33.9     	250   	31.9       	11.5       	18118     	-86.5
5758      	18:36:09  	79.3  	-63.3 	3     	30.9     	251   	29.2       	10.2       	18124     	-86.5
5760      	18:36:11  	79.2  	-63.2 	3     	27.9     	251   	26.4       	8.9        	18130     	-86.5
5762      	18:36:13  	79.1  	-63.2 	3     	24.6     	252   	23.4       	7.5        	18136     	-86.5
5764      	18:36:15  	79.0  	-63.1 	3     	20.8     	253   	19.9       	6.0        	18142     	-86.5
5766      	18:36:17  	79.0  	-63.1 	3     	17.0     	254   	16.4       	4.6        	18148     	-86.5
5768      	18:36:19  	78.9  	-63.0 	3     	13.2     	256   	12.8       	3.1        	18153     	-86.4
5770      	18:36:21  	78.8  	-62.9 	3     	11.9     	257   	11.6       	2.7        	18159     	-86.4
5772      	18:36:23  	78.8  	-62.8 	2     	11.1     	257   	10.8       	2.5        	18165     	-86.3
5774      	18:36:25  	78.7  	-62.8 	2     	10.3     	257   	10.0       	2.3        	18171     	-86.3
5776      	18:36:27  	78.6  	-62.7 	2     	9.5      	257   	9.3        	2.1        	18177     	-86.3
5778      	18:36:29  	78.5  	-62.6 	2     	8.7      	257   	8.5        	1.9        	18184     	-86.2
5780      	18:36:31  	78.4  	-62.6 	2     	7.9      	258   	7.7        	1.7        	18191     	-86.2
5782      	18:36:33  	78.3  	-62.5 	2     	7.4      	257   	7.2        	1.6        	18197     	-86.2
5784      	18:36:35  	78.2  	-62.4 	2     	7.8      	257   	7.6        	1.8        	18205     	-86.1
5786      	18:36:37  	78.2  	-62.4 	2     	8.6      	256   	8.3        	2.1        	18212     	-86.1
5788      	18:36:39  	78.1  	-62.3 	2     	9.3      	255   	9.0        	2.4        	18219     	-86.0
5790      	18:36:41  	78.0  	-62.3 	2     	10.1     	254   	9.7        	2.8        	18227     	-86.0
5792      	18:36:43  	77.9  	-62.2 	2     	10.9     	253   	10.4       	3.1        	18233     	-85.9
5794      	18:36:45  	77.8  	-62.2 	2     	11.6     	252   	11.1       	3.5        	18239     	-85.9
5796      	18:36:47  	77.7  	-62.1 	2     	12.4     	252   	11.8       	3.8        	18246     	-85.9
5798      	18:36:49  	77.6  	-62.1 	2     	12.1     	252   	11.5       	3.7        	18252     	-85.9
5800      	18:36:51  	77.6  	-62.1 	2     	11.6     	252   	11.1       	3.5        	18258     	-85.8
5802      	18:36:53  	77.5  	-62.1 	2     	11.3     	253   	10.8       	3.4        	18265     	-85.8
5804      	18:36:55  	77.4  	-62.1 	2     	10.5     	253   	10.0       	3.1        	18271     	-85.8
5806      	18:36:57  	77.3  	-62.1 	3     	9.4      	254   	9.0        	2.6        	18277     	-85.8
5808      	18:36:59  	77.3  	-62.1 	3     	8.2      	255   	7.9        	2.1        	18283     	-85.7
5810      	18:37:01  	77.2  	-62.2 	3     	7.0      	257   	6.8        	1.6        	18290     	-85.7
5812      	18:37:03  	77.1  	-62.2 	3     	5.7      	258   	5.6        	1.2        	18297     	-85.7
5814      	18:37:05  	77.0  	-62.3 	3     	4.5      	260   	4.4        	0.8        	18303     	-85.7
5816      	18:37:07  	76.9  	-62.3 	3     	3.2      	263   	3.2        	0.4        	18310     	-85.7
5818      	18:37:09  	76.8  	-62.3 	3     	3.0      	262   	3.0        	0.4        	18316     	-85.7
5820      	18:37:11  	76.8  	-62.4 	3     	2.9      	260   	2.9        	0.5        	18323     	-85.7
5822      	18:37:13  	76.7  	-62.4 	3     	2.8      	260   	2.8        	0.5        	18329     	-85.7
5824      	18:37:15  	76.6  	-62.5 	3     	2.8      	257   	2.7        	0.6        	18336     	-85.8
5826      	18:37:17  	76.5  	-62.5 	3     	2.6      	257   	2.5        	0.6        	18342     	-85.8
5828      	18:37:19  	76.4  	-62.5 	3     	2.5      	254   	2.4        	0.7        	18349     	-85.8
5830      	18:37:21  	76.4  	-62.6 	3     	2.4      	253   	2.3        	0.7        	18355     	-85.8
5832      	18:37:23  	76.3  	-62.6 	3     	2.4      	253   	2.3        	0.7        	18362     	-85.8
5834      	18:37:25  	76.2  	-62.6 	3     	2.4      	253   	2.3        	0.7        	18369     	-85.8
5836      	18:37:27  	76.1  	-62.6 	3     	2.4      	255   	2.3        	0.6        	18375     	-85.8
5838      	18:37:29  	76.0  	-62.6 	3     	2.4      	258   	2.3        	0.5        	18382     	-85.8
5840      	18:37:31  	75.9  	-62.6 	3     	2.3      	260   	2.3        	0.4        	18390     	-85.7
5842      	18:37:33  	75.8  	-62.6 	3     	2.3      	263   	2.3        	0.3        	18397     	-85.7
5844      	18:37:35  	75.8  	-62.6 	3     	2.2      	267   	2.2        	0.1        	18404     	-85.7
5846      	18:37:37  	75.7  	-62.6 	3     	2.2      	270   	2.2        	0.0        	18411     	-85.6
5848      	18:37:39  	75.6  	-62.5 	3     	2.2      	273   	2.2        	-0.1       	18418     	-85.6
5850      	18:37:41  	75.5  	-62.5 	3     	2.3      	277   	2.3        	-0.3       	18425     	-85.5
5852      	18:37:43  	75.4  	-62.5 	3     	2.5      	282   	2.4        	-0.5       	18432     	-85.5
5854      	18:37:45  	75.3  	-62.4 	3     	2.6      	286   	2.5        	-0.7       	18439     	-85.5
5856      	18:37:47  	75.2  	-62.4 	3     	2.7      	287   	2.6        	-0.8       	18446     	-85.4
5858      	18:37:49  	75.2  	-62.3 	3     	2.9      	288   	2.8        	-0.9       	18453     	-85.4
5860      	18:37:51  	75.1  	-62.3 	3     	3.1      	289   	2.9        	-1.0       	18460     	-85.4
5862      	18:37:53  	75.0  	-62.2 	3     	3.1      	291   	2.9        	-1.1       	18466     	-85.4
5864      	18:37:55  	74.9  	-62.2 	3     	3.3      	295   	3.0        	-1.4       	18473     	-85.4
5866      	18:37:57  	74.8  	-62.1 	3     	3.4      	300   	3.0        	-1.7       	18480     	-85.3
5868      	18:37:59  	74.7  	-62.1 	3     	3.6      	302   	3.0        	-1.9       	18487     	-85.3
5870      	18:38:01  	74.7  	-62.0 	3     	3.6      	306   	2.9        	-2.1       	18494     	-85.2
5872      	18:38:03  	74.6  	-62.0 	3     	3.7      	308   	2.9        	-2.3       	18501     	-85.2
5874      	18:38:05  	74.5  	-62.0 	3     	3.8      	312   	2.8        	-2.5       	18508     	-85.1
5876      	18:38:07  	74.4  	-61.9 	3     	3.7      	317   	2.5        	-2.7       	18515     	-85.0
5878      	18:38:09  	74.3  	-61.9 	3     	3.6      	323   	2.2        	-2.9       	18522     	-85.0
5880      	18:38:11  	74.2  	-61.8 	3     	3.6      	328   	1.9        	-3.0       	18529     	-84.9
5882      	18:38:13  	74.2  	-61.8 	3     	3.5      	333   	1.6        	-3.1       	18536     	-84.9
5884      	18:38:15  	74.1  	-61.8 	3     	3.4      	336   	1.4        	-3.1       	18542     	-84.8
5886      	18:38:17  	74.0  	-61.7 	3     	3.3      	339   	1.2        	-3.1       	18549     	-84.8
5888      	18:38:19  	73.9  	-61.7 	3     	3.1      	343   	0.9        	-3.0       	18556     	-84.8
5890      	18:38:21  	73.8  	-61.7 	3     	3.0      	348   	0.6        	-2.9       	18562     	-84.8
5892      	18:38:23  	73.8  	-61.7 	3     	2.8      	354   	0.3        	-2.8       	18569     	-84.8
5894      	18:38:25  	73.7  	-61.7 	3     	2.6      	358   	0.1        	-2.6       	18576     	-84.8
5896      	18:38:27  	73.6  	-61.7 	3     	2.5      	360   	0.0        	-2.5       	18582     	-84.8
5898      	18:38:29  	73.5  	-61.7 	3     	2.5      	002   	-0.1       	-2.5       	18589     	-84.8
5900      	18:38:31  	73.4  	-61.7 	3     	2.4      	005   	-0.2       	-2.4       	18595     	-84.8
5902      	18:38:33  	73.4  	-61.7 	3     	2.1      	008   	-0.3       	-2.1       	18602     	-84.8
5904      	18:38:35  	73.3  	-61.6 	3     	1.9      	016   	-0.5       	-1.8       	18608     	-84.8
5906      	18:38:37  	73.2  	-61.6 	3     	1.7      	028   	-0.8       	-1.5       	18615     	-84.8
5908      	18:38:39  	73.1  	-61.6 	3     	1.6      	035   	-0.9       	-1.3       	18622     	-84.8
5910      	18:38:41  	73.1  	-61.6 	3     	1.6      	045   	-1.1       	-1.1       	18628     	-84.8
5912      	18:38:43  	73.0  	-61.6 	3     	1.5      	053   	-1.2       	-0.9       	18635     	-84.8
5914      	18:38:45  	72.9  	-61.6 	3     	1.5      	067   	-1.4       	-0.6       	18641     	-84.8
5916      	18:38:47  	72.8  	-61.6 	3     	1.7      	087   	-1.7       	-0.1       	18647     	-84.8
5918      	18:38:49  	72.8  	-61.5 	3     	1.9      	102   	-1.9       	0.4        	18653     	-84.8
5920      	18:38:51  	72.7  	-61.5 	3     	2.3      	115   	-2.1       	1.0        	18660     	-84.8
5922      	18:38:53  	72.6  	-61.4 	3     	2.6      	121   	-2.2       	1.3        	18666     	-84.8
5924      	18:38:55  	72.5  	-61.4 	3     	2.8      	125   	-2.3       	1.6        	18672     	-84.8
5926      	18:38:57  	72.5  	-61.3 	3     	3.1      	130   	-2.4       	2.0        	18678     	-84.7
5928      	18:38:59  	72.4  	-61.3 	3     	3.7      	135   	-2.6       	2.6        	18685     	-84.7
5930      	18:39:01  	72.3  	-61.2 	3     	4.3      	139   	-2.8       	3.2        	18691     	-84.7
5932      	18:39:03  	72.2  	-61.1 	3     	4.8      	142   	-3.0       	3.8        	18698     	-84.7
5934      	18:39:05  	72.2  	-61.1 	3     	5.4      	143   	-3.2       	4.3        	18704     	-84.6
5936      	18:39:07  	72.1  	-61.0 	3     	5.7      	144   	-3.3       	4.6        	18711     	-84.6
5938      	18:39:09  	72.0  	-60.9 	3     	6.0      	145   	-3.4       	4.9        	18717     	-84.6
5940      	18:39:11  	71.9  	-60.9 	3     	6.5      	146   	-3.7       	5.4        	18723     	-84.5
5942      	18:39:13  	71.9  	-60.8 	3     	7.2      	147   	-3.9       	6.0        	18730     	-84.4
5944      	18:39:15  	71.8  	-60.7 	3     	7.8      	148   	-4.2       	6.6        	18736     	-84.4
5946      	18:39:17  	71.7  	-60.6 	3     	8.4      	148   	-4.4       	7.1        	18743     	-84.3
5948      	18:39:19  	71.6  	-60.6 	3     	8.7      	149   	-4.5       	7.4        	18749     	-84.3
5950      	18:39:21  	71.6  	-60.5 	3     	9.0      	149   	-4.7       	7.7        	18756     	-84.2
5952      	18:39:23  	71.5  	-60.4 	3     	9.4      	149   	-4.9       	8.0        	18762     	-84.1
5954      	18:39:25  	71.4  	-60.4 	3     	9.8      	149   	-5.1       	8.4        	18769     	-84.1
5956      	18:39:27  	71.3  	-60.4 	3     	10.3     	148   	-5.4       	8.8        	18775     	-84.0
5958      	18:39:29  	71.3  	-60.3 	3     	10.7     	148   	-5.7       	9.1        	18782     	-84.0
5960      	18:39:31  	71.2  	-60.3 	3     	11.0     	148   	-5.9       	9.3        	18788     	-84.0
5962      	18:39:33  	71.1  	-60.3 	3     	11.1     	147   	-6.0       	9.3        	18795     	-83.9
5964      	18:39:35  	71.0  	-60.2 	3     	11.2     	147   	-6.1       	9.4        	18802     	-83.9
5966      	18:39:37  	71.0  	-60.2 	3     	11.3     	147   	-6.2       	9.5        	18808     	-83.8
5968      	18:39:39  	70.9  	-60.2 	3     	11.5     	147   	-6.3       	9.6        	18815     	-83.8
5970      	18:39:41  	70.8  	-60.1 	3     	11.6     	147   	-6.3       	9.7        	18821     	-83.7
5972      	18:39:43  	70.7  	-60.1 	3     	11.6     	147   	-6.3       	9.7        	18828     	-83.7
5974      	18:39:45  	70.7  	-60.1 	3     	11.5     	147   	-6.2       	9.7        	18835     	-83.6
5976      	18:39:47  	70.6  	-60.1 	3     	11.6     	148   	-6.2       	9.8        	18841     	-83.6
5978      	18:39:49  	70.5  	-60.1 	3     	11.5     	149   	-6.0       	9.8        	18848     	-83.6
5980      	18:39:51  	70.5  	-60.2 	3     	11.4     	149   	-5.8       	9.8        	18854     	-83.6
5982      	18:39:53  	70.4  	-60.2 	3     	11.3     	151   	-5.5       	9.9        	18861     	-83.6
5984      	18:39:55  	70.3  	-60.2 	3     	11.2     	152   	-5.3       	9.9        	18867     	-83.6
5986      	18:39:57  	70.2  	-60.3 	3     	11.2     	153   	-5.1       	10.0       	18874     	-83.7
5988      	18:39:59  	70.2  	-60.3 	3     	11.2     	153   	-5.0       	10.0       	18880     	-83.7
5990      	18:40:01  	70.1  	-60.3 	3     	11.2     	155   	-4.8       	10.1       	18887     	-83.7
5992      	18:40:03  	70.0  	-60.3 	3     	11.1     	156   	-4.6       	10.1       	18893     	-83.7
5994      	18:40:05  	69.9  	-60.3 	3     	11.1     	157   	-4.4       	10.2       	18899     	-83.7
5996      	18:40:07  	69.9  	-60.4 	3     	11.1     	158   	-4.1       	10.3       	18906     	-83.7
5998      	18:40:09  	69.8  	-60.4 	3     	11.1     	159   	-4.0       	10.4       	18912     	-83.7
6000      	18:40:11  	69.7  	-60.4 	3     	11.1     	159   	-3.9       	10.4       	18919     	-83.7
6002      	18:40:13  	69.7  	-60.4 	3     	11.2     	160   	-3.9       	10.5       	18925     	-83.7
6004      	18:40:15  	69.6  	-60.4 	3     	11.2     	161   	-3.7       	10.6       	18931     	-83.7
6006      	18:40:17  	69.5  	-60.4 	3     	11.3     	162   	-3.5       	10.7       	18937     	-83.7
6008      	18:40:19  	69.4  	-60.4 	3     	11.4     	163   	-3.3       	10.9       	18943     	-83.7
6010      	18:40:21  	69.4  	-60.4 	3     	11.5     	165   	-3.0       	11.1       	18949     	-83.7
6012      	18:40:23  	69.3  	-60.4 	3     	11.6     	166   	-2.8       	11.3       	18956     	-83.7
6014      	18:40:25  	69.2  	-60.4 	3     	11.7     	167   	-2.7       	11.4       	18962     	-83.7
6016      	18:40:27  	69.2  	-60.4 	3     	11.9     	168   	-2.5       	11.6       	18968     	-83.7
6018      	18:40:29  	69.1  	-60.4 	3     	12.2     	170   	-2.1       	12.0       	18974     	-83.7
6020      	18:40:31  	69.0  	-60.4 	3     	12.6     	172   	-1.8       	12.5       	18980     	-83.7
6022      	18:40:33  	69.0  	-60.4 	3     	13.0     	174   	-1.4       	12.9       	18986     	-83.7
6024      	18:40:35  	68.9  	-60.4 	3     	13.3     	175   	-1.1       	13.3       	18992     	-83.7
6026      	18:40:37  	68.8  	-60.4 	3     	13.7     	176   	-0.9       	13.7       	18998     	-83.7
6028      	18:40:39  	68.8  	-60.4 	3     	14.0     	177   	-0.7       	14.0       	19005     	-83.7
6030      	18:40:41  	68.7  	-60.4 	3     	14.3     	178   	-0.5       	14.3       	19011     	-83.6
6032      	18:40:43  	68.6  	-60.3 	3     	14.8     	179   	-0.2       	14.8       	19017     	-83.6
6034      	18:40:45  	68.6  	-60.3 	3     	15.2     	180   	0.1        	15.2       	19023     	-83.5
6036      	18:40:47  	68.5  	-60.3 	3     	15.6     	182   	0.5        	15.6       	19029     	-83.5
6038      	18:40:49  	68.4  	-60.3 	3     	15.8     	182   	0.6        	15.8       	19035     	-83.4
6040      	18:40:51  	68.4  	-60.3 	3     	15.9     	183   	0.7        	15.9       	19041     	-83.4
6042      	18:40:53  	68.3  	-60.2 	3     	16.0     	183   	0.8        	16.0       	19047     	-83.4
6044      	18:40:55  	68.2  	-60.2 	3     	15.9     	184   	1.1        	15.9       	19053     	-83.4
6046      	18:40:57  	68.2  	-60.2 	3     	15.8     	185   	1.3        	15.7       	19060     	-83.4
6048      	18:40:59  	68.1  	-60.2 	3     	15.6     	186   	1.6        	15.5       	19066     	-83.4
6050      	18:41:01  	68.0  	-60.2 	3     	15.4     	187   	1.9        	15.3       	19072     	-83.5
6052      	18:41:03  	68.0  	-60.3 	3     	15.2     	188   	2.0        	15.1       	19078     	-83.5
6054      	18:41:05  	67.9  	-60.3 	3     	15.0     	188   	2.2        	14.8       	19084     	-83.5
6056      	18:41:07  	67.8  	-60.3 	3     	14.7     	189   	2.4        	14.5       	19090     	-83.5
6058      	18:41:09  	67.8  	-60.3 	3     	14.2     	191   	2.6        	14.0       	19096     	-83.5
6060      	18:41:11  	67.7  	-60.3 	3     	13.9     	191   	2.7        	13.6       	19102     	-83.5
6062      	18:41:13  	67.6  	-60.3 	3     	13.5     	192   	2.9        	13.2       	19108     	-83.5
6064      	18:41:15  	67.6  	-60.3 	3     	13.3     	193   	3.0        	13.0       	19115     	-83.5
6066      	18:41:17  	67.5  	-60.3 	3     	13.1     	193   	3.0        	12.8       	19121     	-83.5
6068      	18:41:19  	67.4  	-60.4 	3     	13.0     	193   	3.0        	12.7       	19127     	-83.5
6070      	18:41:21  	67.4  	-60.4 	3     	12.8     	194   	3.2        	12.4       	19133     	-83.5
6072      	18:41:23  	67.3  	-60.4 	3     	12.6     	196   	3.4        	12.1       	19139     	-83.5
6074      	18:41:25  	67.2  	-60.4 	3     	12.4     	197   	3.7        	11.8       	19145     	-83.5
6076      	18:41:27  	67.2  	-60.4 	3     	12.2     	199   	3.9        	11.6       	19151     	-83.5
6078      	18:41:29  	67.1  	-60.4 	3     	12.2     	200   	4.1        	11.5       	19157     	-83.5
6080      	18:41:31  	67.0  	-60.5 	3     	12.2     	201   	4.3        	11.4       	19164     	-83.5
6082      	18:41:33  	67.0  	-60.5 	3     	12.1     	202   	4.6        	11.2       	19170     	-83.5
6084      	18:41:35  	66.9  	-60.5 	3     	12.1     	205   	5.1        	11.0       	19176     	-83.5
6086      	18:41:37  	66.8  	-60.5 	3     	12.2     	207   	5.5        	10.9       	19182     	-83.5
6088      	18:41:39  	66.8  	-60.5 	3     	12.3     	209   	6.0        	10.7       	19188     	-83.6
6090      	18:41:41  	66.7  	-60.5 	3     	12.3     	210   	6.2        	10.6       	19194     	-83.6
6092      	18:41:43  	66.6  	-60.6 	3     	12.4     	212   	6.5        	10.6       	19200     	-83.6
6094      	18:41:45  	66.6  	-60.6 	3     	12.5     	213   	6.8        	10.5       	19206     	-83.6
6096      	18:41:47  	66.5  	-60.6 	3     	12.6     	215   	7.3        	10.3       	19213     	-83.7
6098      	18:41:49  	66.4  	-60.6 	3     	12.8     	218   	7.9        	10.1       	19219     	-83.7
6100      	18:41:51  	66.4  	-60.6 	3     	13.0     	221   	8.5        	9.9        	19225     	-83.7
6102      	18:41:53  	66.3  	-60.6 	3     	13.2     	223   	8.9        	9.7        	19231     	-83.7
6104      	18:41:55  	66.2  	-60.5 	3     	13.2     	224   	9.2        	9.5        	19238     	-83.6
6106      	18:41:57  	66.2  	-60.5 	3     	13.4     	226   	9.6        	9.4        	19244     	-83.6
6108      	18:41:59  	66.1  	-60.5 	3     	13.7     	228   	10.2       	9.1        	19250     	-83.6
6110      	18:42:01  	66.0  	-60.5 	3     	14.0     	231   	10.8       	8.9        	19256     	-83.7
6112      	18:42:03  	66.0  	-60.5 	3     	14.4     	233   	11.5       	8.7        	19262     	-83.7
6114      	18:42:05  	65.9  	-60.4 	3     	14.8     	235   	12.1       	8.5        	19269     	-83.7
6116      	18:42:07  	65.8  	-60.4 	3     	15.0     	236   	12.4       	8.4        	19275     	-83.7
6118      	18:42:09  	65.8  	-60.3 	3     	15.2     	237   	12.7       	8.3        	19281     	-83.7
6120      	18:42:11  	65.7  	-60.3 	3     	15.5     	238   	13.2       	8.2        	19287     	-83.7
6122      	18:42:13  	65.7  	-60.2 	3     	15.8     	240   	13.7       	7.9        	19294     	-83.7
6124      	18:42:15  	65.6  	-60.2 	3     	16.2     	242   	14.2       	7.7        	19300     	-83.7
6126      	18:42:17  	65.5  	-60.1 	3     	16.5     	243   	14.7       	7.5        	19306     	-83.7
6128      	18:42:19  	65.5  	-60.1 	3     	16.7     	244   	15.0       	7.3        	19312     	-83.6
6130      	18:42:21  	65.4  	-60.0 	3     	16.8     	245   	15.2       	7.2        	19319     	-83.6
6132      	18:42:23  	65.3  	-60.0 	3     	16.9     	246   	15.4       	7.0        	19325     	-83.5
6134      	18:42:25  	65.3  	-60.0 	3     	16.8     	247   	15.5       	6.5        	19331     	-83.5
6136      	18:42:27  	65.2  	-59.9 	3     	16.7     	249   	15.6       	6.0        	19337     	-83.4
6138      	18:42:29  	65.1  	-59.9 	3     	16.6     	251   	15.7       	5.5        	19343     	-83.3
6140      	18:42:31  	65.1  	-59.8 	3     	16.5     	252   	15.7       	5.0        	19350     	-83.3
6142      	18:42:33  	65.0  	-59.8 	3     	16.4     	254   	15.7       	4.6        	19356     	-83.2
6144      	18:42:35  	64.9  	-59.8 	3     	16.2     	255   	15.6       	4.3        	19362     	-83.1
6146      	18:42:37  	64.9  	-59.7 	3     	15.9     	256   	15.4       	3.8        	19369     	-83.1
6148      	18:42:39  	64.8  	-59.7 	3     	15.5     	258   	15.2       	3.2        	19375     	-83.0
6150      	18:42:41  	64.7  	-59.6 	3     	15.2     	260   	15.0       	2.6        	19381     	-83.0
6152      	18:42:43  	64.7  	-59.6 	3     	14.9     	262   	14.8       	2.0        	19387     	-83.0
6154      	18:42:45  	64.6  	-59.5 	3     	14.7     	263   	14.6       	1.8        	19394     	-83.0
6156      	18:42:47  	64.5  	-59.5 	3     	14.6     	264   	14.5       	1.6        	19400     	-83.0
6158      	18:42:49  	64.5  	-59.5 	3     	14.5     	264   	14.4       	1.4        	19407     	-82.9
6160      	18:42:51  	64.4  	-59.4 	3     	14.1     	266   	14.1       	1.1        	19413     	-82.9
6162      	18:42:53  	64.3  	-59.4 	3     	13.7     	267   	13.7       	0.7        	19419     	-82.9
6164      	18:42:55  	64.3  	-59.3 	3     	13.4     	268   	13.4       	0.4        	19426     	-82.9
6166      	18:42:57  	64.2  	-59.3 	3     	13.1     	269   	13.1       	0.2        	19432     	-82.9
6168      	18:42:59  	64.1  	-59.3 	3     	12.9     	270   	12.9       	0.1        	19438     	-82.9
6170      	18:43:01  	64.1  	-59.2 	3     	12.7     	270   	12.7       	0.0        	19445     	-82.8
6172      	18:43:03  	64.0  	-59.2 	3     	12.5     	271   	12.5       	-0.3       	19451     	-82.8
6174      	18:43:05  	63.9  	-59.2 	3     	12.2     	273   	12.2       	-0.6       	19458     	-82.8
6176      	18:43:07  	63.9  	-59.2 	3     	11.9     	274   	11.9       	-0.9       	19464     	-82.8
6178      	18:43:09  	63.8  	-59.2 	3     	11.8     	276   	11.7       	-1.3       	19471     	-82.8
6180      	18:43:11  	63.7  	-59.1 	3     	11.7     	277   	11.6       	-1.5       	19477     	-82.7
6182      	18:43:13  	63.7  	-59.1 	3     	11.6     	278   	11.5       	-1.7       	19484     	-82.7
6184      	18:43:15  	63.6  	-59.1 	3     	11.7     	280   	11.5       	-2.0       	19491     	-82.6
6186      	18:43:17  	63.5  	-59.1 	3     	11.4     	282   	11.2       	-2.3       	19497     	-82.6
6188      	18:43:19  	63.5  	-59.0 	3     	11.1     	284   	10.8       	-2.7       	19504     	-82.6
6190      	18:43:21  	63.4  	-59.0 	3     	10.9     	286   	10.5       	-3.1       	19511     	-82.6
6192      	18:43:23  	63.3  	-58.9 	3     	10.7     	288   	10.2       	-3.3       	19517     	-82.6
6194      	18:43:25  	63.3  	-58.9 	3     	10.5     	289   	9.9        	-3.5       	19524     	-82.6
6196      	18:43:27  	63.2  	-58.9 	3     	10.3     	291   	9.6        	-3.6       	19531     	-82.5
6198      	18:43:29  	63.1  	-58.9 	3     	10.0     	292   	9.2        	-3.8       	19538     	-82.5
6200      	18:43:31  	63.1  	-58.8 	3     	9.5      	295   	8.6        	-4.1       	19544     	-82.5
6202      	18:43:33  	63.0  	-58.8 	3     	9.1      	298   	8.0        	-4.3       	19551     	-82.5
6204      	18:43:35  	62.9  	-58.8 	3     	8.7      	301   	7.5        	-4.5       	19558     	-82.5
6206      	18:43:37  	62.9  	-58.7 	3     	8.5      	303   	7.1        	-4.6       	19564     	-82.5
6208      	18:43:39  	62.8  	-58.7 	3     	8.3      	305   	6.8        	-4.7       	19571     	-82.5
6210      	18:43:41  	62.7  	-58.7 	3     	8.1      	305   	6.6        	-4.7       	19578     	-82.5
6212      	18:43:43  	62.7  	-58.7 	3     	7.7      	309   	6.0        	-4.9       	19585     	-82.5
6214      	18:43:45  	62.6  	-58.7 	3     	7.4      	313   	5.4        	-5.1       	19592     	-82.4
6216      	18:43:47  	62.5  	-58.7 	3     	7.2      	318   	4.8        	-5.3       	19599     	-82.4
6218      	18:43:49  	62.5  	-58.6 	3     	7.0      	321   	4.4        	-5.5       	19605     	-82.4
6220      	18:43:51  	62.4  	-58.6 	3     	6.9      	324   	4.1        	-5.6       	19612     	-82.3
6222      	18:43:53  	62.3  	-58.6 	3     	6.9      	326   	3.8        	-5.7       	19619     	-82.3
6224      	18:43:55  	62.3  	-58.6 	3     	6.8      	330   	3.4        	-5.9       	19626     	-82.3
6226      	18:43:57  	62.2  	-58.7 	3     	6.8      	334   	3.0        	-6.1       	19633     	-82.3
6228      	18:43:59  	62.1  	-58.7 	3     	6.9      	339   	2.5        	-6.4       	19640     	-82.3
6230      	18:44:01  	62.1  	-58.7 	3     	6.9      	343   	2.0        	-6.6       	19647     	-82.2
6232      	18:44:03  	62.0  	-58.7 	3     	7.0      	345   	1.8        	-6.8       	19654     	-82.2
6234      	18:44:05  	61.9  	-58.7 	3     	7.1      	347   	1.6        	-6.9       	19661     	-82.2
6236      	18:44:07  	61.8  	-58.7 	3     	7.1      	349   	1.4        	-7.0       	19668     	-82.2
6238      	18:44:09  	61.8  	-58.8 	3     	7.3      	352   	1.0        	-7.2       	19674     	-82.3
6240      	18:44:11  	61.7  	-58.8 	3     	7.4      	355   	0.6        	-7.4       	19681     	-82.3
6242      	18:44:13  	61.6  	-58.8 	3     	7.6      	359   	0.1        	-7.6       	19688     	-82.3
6244      	18:44:15  	61.6  	-58.8 	3     	7.7      	002   	-0.3       	-7.7       	19695     	-82.3
6246      	18:44:17  	61.5  	-58.9 	3     	7.8      	004   	-0.5       	-7.8       	19702     	-82.3
6248      	18:44:19  	61.4  	-58.9 	3     	7.8      	006   	-0.8       	-7.8       	19709     	-82.3
6250      	18:44:21  	61.4  	-58.9 	3     	7.9      	009   	-1.3       	-7.8       	19716     	-82.4
6252      	18:44:23  	61.3  	-58.9 	3     	8.0      	012   	-1.7       	-7.8       	19723     	-82.3
6254      	18:44:25  	61.2  	-59.0 	3     	8.2      	016   	-2.2       	-7.9       	19730     	-82.3
6256      	18:44:27  	61.2  	-59.0 	3     	8.3      	019   	-2.7       	-7.9       	19736     	-82.4
6258      	18:44:29  	61.1  	-59.1 	3     	8.3      	020   	-2.9       	-7.8       	19743     	-82.3
6260      	18:44:31  	61.0  	-59.1 	3     	8.4      	022   	-3.1       	-7.8       	19750     	-82.3
6262      	18:44:33  	61.0  	-59.1 	3     	8.4      	024   	-3.4       	-7.7       	19757     	-82.3
6264      	18:44:35  	60.9  	-59.2 	3     	8.5      	027   	-3.8       	-7.6       	19763     	-82.3
6266      	18:44:37  	60.8  	-59.2 	3     	8.6      	030   	-4.3       	-7.4       	19770     	-82.3
6268      	18:44:39  	60.8  	-59.2 	3     	8.7      	033   	-4.7       	-7.3       	19777     	-82.4
6270      	18:44:41  	60.7  	-59.2 	3     	8.8      	035   	-5.0       	-7.2       	19784     	-82.4
6272      	18:44:43  	60.6  	-59.3 	3     	8.8      	036   	-5.2       	-7.1       	19791     	-82.4
6274      	18:44:45  	60.6  	-59.3 	3     	8.9      	038   	-5.5       	-7.0       	19798     	-82.4
6276      	18:44:47  	60.5  	-59.3 	3     	9.0      	041   	-5.9       	-6.8       	19805     	-82.4
6278      	18:44:49  	60.4  	-59.3 	3     	9.2      	044   	-6.4       	-6.6       	19811     	-82.4
6280      	18:44:51  	60.4  	-59.3 	3     	9.6      	047   	-7.0       	-6.5       	19818     	-82.4
6282      	18:44:53  	60.3  	-59.3 	3     	9.8      	050   	-7.5       	-6.3       	19825     	-82.4
6284      	18:44:55  	60.2  	-59.3 	3     	10.0     	052   	-7.8       	-6.2       	19832     	-82.4
6286      	18:44:57  	60.2  	-59.3 	3     	10.1     	053   	-8.0       	-6.1       	19838     	-82.4
6288      	18:44:59  	60.1  	-59.3 	3     	10.2     	054   	-8.3       	-6.0       	19845     	-82.4
6290      	18:45:01  	60.1  	-59.3 	3     	10.6     	057   	-8.9       	-5.8       	19852     	-82.4
6292      	18:45:03  	60.0  	-59.3 	3     	11.1     	059   	-9.5       	-5.7       	19859     	-82.3
6294      	18:45:05  	59.9  	-59.3 	3     	11.5     	061   	-10.1      	-5.5       	19865     	-82.3
6296      	18:45:07  	59.9  	-59.3 	3     	11.8     	063   	-10.5      	-5.4       	19872     	-82.3
6298      	18:45:09  	59.8  	-59.3 	3     	12.0     	064   	-10.8      	-5.3       	19879     	-82.3
6300      	18:45:11  	59.7  	-59.3 	3     	12.3     	066   	-11.2      	-5.1       	19886     	-82.3
6302      	18:45:13  	59.7  	-59.3 	3     	12.8     	067   	-11.8      	-4.9       	19893     	-82.3
6304      	18:45:15  	59.6  	-59.3 	3     	13.2     	070   	-12.4      	-4.6       	19899     	-82.3
6306      	18:45:17  	59.5  	-59.3 	3     	13.7     	072   	-13.0      	-4.3       	19906     	-82.3
6308      	18:45:19  	59.5  	-59.3 	3     	14.2     	074   	-13.6      	-4.0       	19913     	-82.3
6310      	18:45:21  	59.4  	-59.3 	3     	14.4     	074   	-13.9      	-3.9       	19920     	-82.4
6312      	18:45:23  	59.3  	-59.3 	3     	14.6     	075   	-14.1      	-3.7       	19926     	-82.4
6314      	18:45:25  	59.3  	-59.3 	3     	14.8     	077   	-14.4      	-3.4       	19933     	-82.4
6316      	18:45:27  	59.2  	-59.2 	3     	15.1     	079   	-14.8      	-2.9       	19940     	-82.5
6318      	18:45:29  	59.1  	-59.2 	3     	15.3     	081   	-15.1      	-2.5       	19947     	-82.5
6320      	18:45:31  	59.1  	-59.2 	3     	15.5     	082   	-15.4      	-2.1       	19953     	-82.5
6322      	18:45:33  	59.0  	-59.2 	3     	15.5     	083   	-15.4      	-1.8       	19960     	-82.5
6324      	18:45:35  	59.0  	-59.2 	3     	15.6     	084   	-15.5      	-1.5       	19967     	-82.5
6326      	18:45:37  	58.9  	-59.2 	3     	15.6     	086   	-15.6      	-1.2       	19973     	-82.4
6328      	18:45:39  	58.8  	-59.2 	3     	15.7     	087   	-15.7      	-0.7       	19980     	-82.4
6330      	18:45:41  	58.8  	-59.2 	3     	15.8     	089   	-15.8      	-0.2       	19987     	-82.4
6332      	18:45:43  	58.7  	-59.2 	3     	15.9     	091   	-15.9      	0.3        	19993     	-82.4
6334      	18:45:45  	58.6  	-59.2 	3     	16.0     	093   	-16.0      	0.7        	20000     	-82.3
6336      	18:45:47  	58.6  	-59.2 	3     	16.1     	093   	-16.1      	0.9        	20007     	-82.3
6338      	18:45:49  	58.5  	-59.2 	3     	16.1     	094   	-16.1      	1.2        	20013     	-82.3
6340      	18:45:51  	58.5  	-59.2 	3     	16.3     	095   	-16.2      	1.4        	20020     	-82.3
6342      	18:45:53  	58.4  	-59.2 	3     	16.3     	097   	-16.2      	1.9        	20026     	-82.3
6344      	18:45:55  	58.3  	-59.2 	3     	16.4     	098   	-16.2      	2.3        	20033     	-82.3
6346      	18:45:57  	58.3  	-59.2 	3     	16.4     	099   	-16.2      	2.7        	20039     	-82.3
6348      	18:45:59  	58.2  	-59.2 	3     	16.5     	100   	-16.2      	3.0        	20046     	-82.4
6350      	18:46:01  	58.2  	-59.1 	3     	16.4     	101   	-16.1      	3.2        	20053     	-82.4
6352      	18:46:03  	58.1  	-59.1 	3     	16.5     	102   	-16.1      	3.4        	20059     	-82.4
6354      	18:46:05  	58.0  	-59.1 	3     	16.4     	103   	-16.0      	3.8        	20066     	-82.4
6356      	18:46:07  	58.0  	-59.1 	3     	16.5     	105   	-15.9      	4.3        	20073     	-82.4
6358      	18:46:09  	57.9  	-59.0 	3     	16.5     	107   	-15.8      	4.7        	20080     	-82.4
6360      	18:46:11  	57.8  	-59.0 	3     	16.6     	108   	-15.8      	5.1        	20087     	-82.3
6362      	18:46:13  	57.8  	-59.0 	3     	16.6     	109   	-15.7      	5.4        	20093     	-82.3
6364      	18:46:15  	57.7  	-59.0 	3     	16.7     	110   	-15.7      	5.6        	20100     	-82.3
6366      	18:46:17  	57.7  	-58.9 	3     	16.5     	111   	-15.4      	6.0        	20106     	-82.3
6368      	18:46:19  	57.6  	-58.9 	3     	16.5     	113   	-15.2      	6.5        	20113     	-82.3
6370      	18:46:21  	57.5  	-58.9 	3     	16.4     	115   	-14.9      	6.9        	20119     	-82.3
6372      	18:46:23  	57.5  	-58.9 	3     	16.4     	117   	-14.6      	7.4        	20126     	-82.3
6374      	18:46:25  	57.4  	-58.9 	3     	16.3     	118   	-14.4      	7.6        	20132     	-82.2
6376      	18:46:27  	57.4  	-58.8 	3     	16.1     	119   	-14.1      	7.8        	20139     	-82.2
6378      	18:46:29  	57.3  	-58.8 	3     	16.0     	120   	-13.9      	8.0        	20146     	-82.2
6380      	18:46:31  	57.2  	-58.8 	3     	16.0     	121   	-13.7      	8.3        	20152     	-82.2
6382      	18:46:33  	57.2  	-58.7 	3     	16.0     	124   	-13.3      	8.9        	20159     	-82.2
6384      	18:46:35  	57.1  	-58.7 	3     	16.0     	126   	-13.0      	9.4        	20166     	-82.2
6386      	18:46:37  	57.1  	-58.7 	3     	16.1     	127   	-12.8      	9.8        	20172     	-82.1
6388      	18:46:39  	57.0  	-58.7 	3     	16.3     	129   	-12.7      	10.2       	20179     	-82.1
6390      	18:46:41  	56.9  	-58.6 	3     	16.3     	130   	-12.5      	10.5       	20185     	-82.0
6392      	18:46:43  	56.9  	-58.6 	3     	16.5     	131   	-12.4      	10.9       	20191     	-82.0
6394      	18:46:45  	56.8  	-58.6 	3     	16.6     	132   	-12.3      	11.2       	20197     	-81.9
6396      	18:46:47  	56.8  	-58.6 	3     	16.8     	135   	-11.9      	11.8       	20204     	-81.9
6398      	18:46:49  	56.7  	-58.6 	3     	16.9     	137   	-11.6      	12.3       	20211     	-81.8
6400      	18:46:51  	56.7  	-58.6 	3     	17.1     	139   	-11.3      	12.8       	20217     	-81.8
6402      	18:46:53  	56.6  	-58.6 	3     	17.1     	140   	-11.1      	13.0       	20223     	-81.8
6404      	18:46:55  	56.5  	-58.6 	3     	17.1     	140   	-10.9      	13.2       	20230     	-81.8
6406      	18:46:57  	56.5  	-58.6 	3     	17.1     	141   	-10.7      	13.4       	20236     	-81.8
6408      	18:46:59  	56.4  	-58.6 	3     	17.2     	142   	-10.5      	13.6       	20243     	-81.8
6410      	18:47:01  	56.4  	-58.6 	3     	17.3     	143   	-10.3      	13.9       	20250     	-81.8
6412      	18:47:03  	56.3  	-58.6 	3     	17.4     	145   	-10.0      	14.3       	20256     	-81.8
6414      	18:47:05  	56.2  	-58.6 	3     	17.7     	147   	-9.7       	14.8       	20263     	-81.8
6416      	18:47:07  	56.2  	-58.7 	3     	17.8     	147   	-9.6       	15.0       	20269     	-81.8
6418      	18:47:09  	56.1  	-58.7 	3     	17.9     	148   	-9.5       	15.2       	20276     	-81.8
6420      	18:47:11  	56.1  	-58.7 	3     	18.1     	149   	-9.4       	15.5       	20282     	-81.8
6422      	18:47:13  	56.0  	-58.8 	3     	18.2     	149   	-9.3       	15.7       	20288     	-81.8
6424      	18:47:15  	56.0  	-58.8 	3     	18.5     	150   	-9.2       	16.0       	20294     	-81.8
6426      	18:47:17  	55.9  	-58.8 	3     	18.6     	151   	-9.1       	16.2       	20300     	-81.8
6428      	18:47:19  	55.9  	-58.9 	3     	18.8     	151   	-9.0       	16.5       	20306     	-81.8
6430      	18:47:21  	55.8  	-58.9 	3     	19.1     	152   	-9.0       	16.8       	20313     	-81.8
6432      	18:47:23  	55.7  	-59.0 	3     	19.1     	152   	-8.9       	16.9       	20319     	-81.9
6434      	18:47:25  	55.7  	-59.0 	3     	19.2     	152   	-8.9       	17.0       	20325     	-81.9
6436      	18:47:27  	55.6  	-59.0 	3     	19.3     	153   	-8.9       	17.1       	20331     	-81.9
6438      	18:47:29  	55.6  	-59.1 	3     	19.4     	153   	-8.9       	17.2       	20337     	-81.9
6440      	18:47:31  	55.5  	-59.1 	3     	19.5     	153   	-8.9       	17.3       	20344     	-81.9
6442      	18:47:33  	55.5  	-59.1 	3     	19.6     	153   	-8.8       	17.5       	20350     	-81.9
6444      	18:47:35  	55.4  	-59.1 	3     	19.7     	154   	-8.7       	17.7       	20356     	-81.9
6446      	18:47:37  	55.4  	-59.2 	3     	19.9     	154   	-8.7       	17.9       	20362     	-81.9
6448      	18:47:39  	55.3  	-59.2 	3     	20.0     	155   	-8.6       	18.1       	20369     	-82.0
6450      	18:47:41  	55.2  	-59.3 	3     	20.1     	155   	-8.5       	18.2       	20375     	-82.0
6452      	18:47:43  	55.2  	-59.3 	3     	20.1     	155   	-8.4       	18.3       	20381     	-82.0
6454      	18:47:45  	55.1  	-59.3 	3     	20.3     	156   	-8.3       	18.5       	20387     	-82.0
6456      	18:47:47  	55.1  	-59.2 	3     	20.4     	157   	-8.0       	18.8       	20393     	-82.0
6458      	18:47:49  	55.0  	-59.2 	3     	20.5     	158   	-7.7       	19.0       	20399     	-81.9
6460      	18:47:51  	55.0  	-59.2 	3     	20.7     	159   	-7.4       	19.3       	20405     	-81.9
6462      	18:47:53  	54.9  	-59.2 	3     	20.8     	160   	-7.2       	19.5       	20411     	-81.9
6464      	18:47:55  	54.9  	-59.2 	3     	20.8     	161   	-6.9       	19.6       	20417     	-81.9
6466      	18:47:57  	54.8  	-59.2 	3     	20.6     	162   	-6.5       	19.6       	20423     	-81.9
6468      	18:47:59  	54.8  	-59.2 	3     	20.5     	163   	-6.1       	19.6       	20429     	-81.9
6470      	18:48:01  	54.7  	-59.2 	3     	20.3     	164   	-5.6       	19.5       	20435     	-81.9
6472      	18:48:03  	54.7  	-59.2 	3     	20.2     	165   	-5.1       	19.5       	20441     	-81.9
6474      	18:48:05  	54.6  	-59.2 	3     	20.0     	166   	-4.7       	19.4       	20447     	-81.9
6476      	18:48:07  	54.6  	-59.2 	3     	19.7     	167   	-4.5       	19.2       	20453     	-81.9
6478      	18:48:09  	54.5  	-59.2 	3     	19.5     	168   	-4.2       	19.0       	20459     	-81.9
6480      	18:48:11  	54.5  	-59.2 	3     	19.2     	168   	-4.0       	18.8       	20465     	-81.9
6482      	18:48:13  	54.4  	-59.2 	3     	19.0     	169   	-3.7       	18.6       	20472     	-81.9
6484      	18:48:15  	54.3  	-59.1 	3     	18.7     	169   	-3.5       	18.4       	20478     	-81.9
6486      	18:48:17  	54.3  	-59.1 	3     	18.7     	170   	-3.4       	18.4       	20484     	-81.9
6488      	18:48:19  	54.2  	-59.1 	3     	18.5     	169   	-3.4       	18.2       	20490     	-81.9
6490      	18:48:21  	54.2  	-59.0 	3     	18.1     	169   	-3.3       	17.8       	20496     	-81.9
6492      	18:48:23  	54.1  	-59.0 	3     	17.7     	170   	-3.2       	17.4       	20502     	-81.9
6494      	18:48:25  	54.1  	-59.0 	3     	17.3     	169   	-3.2       	17.0       	20508     	-81.9
6496      	18:48:27  	54.0  	-58.9 	3     	16.9     	169   	-3.1       	16.6       	20514     	-81.9
6498      	18:48:29  	54.0  	-58.9 	3     	16.4     	169   	-3.0       	16.1       	20521     	-81.9
6500      	18:48:31  	53.9  	-58.8 	3     	15.6     	169   	-2.9       	15.3       	20527     	-81.9
6502      	18:48:33  	53.9  	-58.8 	3     	14.7     	169   	-2.7       	14.4       	20533     	-81.9
6504      	18:48:35  	53.8  	-58.8 	3     	13.7     	169   	-2.6       	13.5       	20540     	-81.9
6506      	18:48:37  	53.8  	-58.8 	3     	12.9     	169   	-2.5       	12.7       	20546     	-81.9
6508      	18:48:39  	53.7  	-58.7 	3     	12.2     	169   	-2.4       	12.0       	20553     	-81.9
6510      	18:48:41  	53.6  	-58.7 	3     	11.7     	168   	-2.4       	11.5       	20559     	-81.9
6512      	18:48:43  	53.6  	-58.7 	3     	10.9     	168   	-2.3       	10.7       	20566     	-81.9
6514      	18:48:45  	53.5  	-58.6 	3     	10.1     	167   	-2.3       	9.8        	20572     	-81.9
6516      	18:48:47  	53.5  	-58.6 	3     	9.3      	166   	-2.2       	9.0        	20579     	-81.9
6518      	18:48:49  	53.4  	-58.6 	3     	8.5      	165   	-2.2       	8.2        	20585     	-81.9
6520      	18:48:51  	53.4  	-58.6 	3     	8.1      	164   	-2.2       	7.8        	20591     	-81.8
6522      	18:48:53  	53.3  	-58.5 	3     	7.7      	163   	-2.2       	7.4        	20598     	-81.8
6524      	18:48:55  	53.3  	-58.5 	3     	7.1      	160   	-2.4       	6.7        	20604     	-81.8
6526      	18:48:57  	53.2  	-58.5 	3     	6.4      	157   	-2.5       	5.9        	20610     	-81.7
6528      	18:48:59  	53.2  	-58.4 	3     	5.9      	153   	-2.7       	5.2        	20616     	-81.7
6530      	18:49:01  	53.1  	-58.4 	3     	5.2      	148   	-2.8       	4.4        	20622     	-81.7
6532      	18:49:03  	53.1  	-58.3 	3     	5.0      	145   	-2.9       	4.1        	20629     	-81.6
6534      	18:49:05  	53.0  	-58.3 	3     	4.8      	140   	-3.1       	3.7        	20635     	-81.6
6536      	18:49:07  	53.0  	-58.2 	3     	4.7      	135   	-3.3       	3.3        	20641     	-81.6
6538      	18:49:09  	52.9  	-58.2 	3     	4.5      	127   	-3.6       	2.7        	20647     	-81.6
6540      	18:49:11  	52.8  	-58.2 	3     	4.5      	119   	-3.9       	2.2        	20653     	-81.6
6542      	18:49:13  	52.8  	-58.1 	3     	4.6      	110   	-4.3       	1.6        	20660     	-81.6
6544      	18:49:15  	52.7  	-58.1 	3     	4.6      	108   	-4.4       	1.4        	20666     	-81.5
6546      	18:49:17  	52.7  	-58.1 	3     	4.8      	105   	-4.6       	1.2        	20673     	-81.5
6548      	18:49:19  	52.6  	-58.0 	3     	4.9      	102   	-4.8       	1.0        	20679     	-81.4
6550      	18:49:21  	52.6  	-58.0 	3     	5.3      	101   	-5.2       	1.0        	20685     	-81.4
6552      	18:49:23  	52.5  	-57.9 	3     	5.7      	101   	-5.6       	1.1        	20692     	-81.3
6554      	18:49:25  	52.5  	-57.9 	3     	6.2      	102   	-6.1       	1.3        	20698     	-81.2
6556      	18:49:27  	52.4  	-57.9 	3     	6.6      	103   	-6.4       	1.5        	20705     	-81.1
6558      	18:49:29  	52.4  	-57.9 	3     	6.9      	105   	-6.7       	1.8        	20711     	-81.1
6560      	18:49:31  	52.3  	-57.8 	3     	7.3      	107   	-7.0       	2.1        	20717     	-81.1
6562      	18:49:33  	52.3  	-57.8 	3     	7.7      	108   	-7.3       	2.4        	20724     	-81.1
6564      	18:49:35  	52.2  	-57.8 	3     	8.0      	110   	-7.5       	2.8        	20730     	-81.1
6566      	18:49:37  	52.1  	-57.8 	3     	8.4      	112   	-7.8       	3.1        	20737     	-81.1
6568      	18:49:39  	52.1  	-57.8 	3     	9.1      	115   	-8.3       	3.8        	20743     	-81.1
6570      	18:49:41  	52.0  	-57.8 	3     	9.6      	116   	-8.6       	4.2        	20750     	-81.1
6572      	18:49:43  	52.0  	-57.8 	3     	10.0     	117   	-8.9       	4.6        	20756     	-81.1
6574      	18:49:45  	51.9  	-57.8 	3     	10.3     	118   	-9.1       	4.9        	20762     	-81.2
6576      	18:49:47  	51.9  	-57.8 	3     	10.7     	120   	-9.3       	5.3        	20769     	-81.2
6578      	18:49:49  	51.8  	-57.8 	3     	11.0     	121   	-9.5       	5.6        	20775     	-81.1
6580      	18:49:51  	51.8  	-57.8 	3     	11.5     	121   	-9.8       	6.0        	20781     	-81.2
6582      	18:49:53  	51.7  	-57.8 	3     	12.0     	123   	-10.1      	6.5        	20788     	-81.2
6584      	18:49:55  	51.7  	-57.8 	3     	12.7     	124   	-10.5      	7.1        	20794     	-81.2
6586      	18:49:57  	51.6  	-57.8 	3     	13.3     	125   	-10.9      	7.7        	20800     	-81.2
6588      	18:49:59  	51.6  	-57.8 	3     	13.6     	125   	-11.1      	7.9        	20807     	-81.1
6590      	18:50:01  	51.5  	-57.8 	3     	14.0     	126   	-11.3      	8.2        	20814     	-81.1
6592      	18:50:03  	51.5  	-57.8 	3     	14.2     	126   	-11.5      	8.4        	20820     	-81.2
6594      	18:50:05  	51.4  	-57.8 	3     	14.5     	127   	-11.6      	8.7        	20827     	-81.2
6596      	18:50:07  	51.4  	-57.9 	3     	14.8     	127   	-11.8      	8.9        	20834     	-81.2
6598      	18:50:09  	51.3  	-57.9 	3     	15.1     	127   	-12.0      	9.1        	20840     	-81.2
6600      	18:50:11  	51.2  	-57.9 	3     	15.4     	128   	-12.2      	9.4        	20847     	-81.2
6602      	18:50:13  	51.2  	-57.9 	3     	15.5     	127   	-12.3      	9.4        	20853     	-81.2
6604      	18:50:15  	51.1  	-57.9 	3     	15.5     	127   	-12.3      	9.4        	20860     	-81.1
6606      	18:50:17  	51.1  	-58.0 	3     	15.4     	127   	-12.3      	9.3        	20867     	-81.1
6608      	18:50:19  	51.0  	-58.0 	3     	15.3     	127   	-12.2      	9.3        	20873     	-81.1
6610      	18:50:21  	51.0  	-58.0 	3     	15.3     	127   	-12.2      	9.2        	20880     	-81.1
6612      	18:50:23  	50.9  	-58.0 	3     	15.1     	127   	-12.1      	9.1        	20887     	-81.1
6614      	18:50:25  	50.9  	-58.0 	3     	15.1     	127   	-12.0      	9.1        	20893     	-81.1
6616      	18:50:27  	50.8  	-58.0 	3     	14.9     	127   	-11.9      	9.0        	20899     	-81.1
6618      	18:50:29  	50.8  	-58.0 	3     	14.8     	127   	-11.8      	9.0        	20906     	-81.1
6620      	18:50:31  	50.7  	-58.0 	3     	14.8     	128   	-11.7      	9.0        	20912     	-81.1
6622      	18:50:33  	50.7  	-58.1 	3     	14.7     	128   	-11.6      	9.1        	20919     	-81.1
6624      	18:50:35  	50.6  	-58.1 	3     	14.7     	128   	-11.5      	9.1        	20926     	-81.1
6626      	18:50:37  	50.6  	-58.1 	3     	14.6     	129   	-11.4      	9.1        	20932     	-81.1
6628      	18:50:39  	50.5  	-58.1 	3     	14.6     	129   	-11.3      	9.2        	20938     	-81.0
6630      	18:50:41  	50.5  	-58.1 	3     	14.6     	129   	-11.3      	9.3        	20945     	-81.0
6632      	18:50:43  	50.4  	-58.1 	3     	14.7     	130   	-11.3      	9.4        	20952     	-81.0
6634      	18:50:45  	50.3  	-58.1 	3     	14.7     	130   	-11.2      	9.5        	20958     	-81.0
6636      	18:50:47  	50.3  	-58.1 	3     	14.8     	131   	-11.2      	9.7        	20965     	-81.1
6638      	18:50:49  	50.2  	-58.2 	3     	14.8     	131   	-11.1      	9.8        	20971     	-81.1
6640      	18:50:51  	50.2  	-58.2 	3     	14.9     	132   	-11.1      	9.9        	20978     	-81.2
6642      	18:50:53  	50.1  	-58.2 	3     	14.9     	132   	-11.0      	10.0       	20984     	-81.2
6644      	18:50:55  	50.1  	-58.2 	3     	14.9     	133   	-11.0      	10.1       	20990     	-81.3
6646      	18:50:57  	50.0  	-58.2 	3     	15.0     	133   	-11.0      	10.2       	20996     	-81.3
6648      	18:50:59  	50.0  	-58.2 	3     	15.1     	133   	-11.0      	10.3       	21003     	-81.4
6650      	18:51:01  	49.9  	-58.3 	3     	15.3     	134   	-11.0      	10.7       	21009     	-81.4
6652      	18:51:03  	49.9  	-58.3 	3     	15.6     	135   	-11.0      	11.0       	21016     	-81.4
6654      	18:51:05  	49.8  	-58.3 	3     	15.8     	135   	-11.1      	11.2       	21024     	-81.4
6656      	18:51:07  	49.8  	-58.3 	3     	16.0     	136   	-11.1      	11.5       	21030     	-81.3
6658      	18:51:09  	49.7  	-58.3 	3     	16.2     	136   	-11.2      	11.7       	21037     	-81.3
6660      	18:51:11  	49.7  	-58.3 	3     	16.3     	137   	-11.2      	11.9       	21044     	-81.2
6662      	18:51:13  	49.6  	-58.3 	3     	16.6     	137   	-11.3      	12.2       	21050     	-81.2
6664      	18:51:15  	49.6  	-58.3 	3     	16.9     	138   	-11.3      	12.5       	21057     	-81.2
6666      	18:51:17  	49.5  	-58.3 	3     	17.0     	139   	-11.1      	12.9       	21063     	-81.2
6668      	18:51:19  	49.5  	-58.2 	3     	17.2     	140   	-11.0      	13.2       	21070     	-81.2
6670      	18:51:21  	49.4  	-58.2 	3     	17.2     	141   	-10.8      	13.4       	21076     	-81.3
6672      	18:51:23  	49.4  	-58.2 	3     	17.2     	142   	-10.6      	13.5       	21083     	-81.3
6674      	18:51:25  	49.3  	-58.2 	3     	17.2     	143   	-10.4      	13.7       	21089     	-81.4
6676      	18:51:27  	49.3  	-58.3 	3     	17.2     	144   	-10.1      	13.9       	21096     	-81.4
6678      	18:51:29  	49.2  	-58.3 	3     	17.1     	146   	-9.6       	14.1       	21102     	-81.4
6680      	18:51:31  	49.2  	-58.2 	3     	16.9     	148   	-9.1       	14.3       	21109     	-81.3
6682      	18:51:33  	49.1  	-58.2 	3     	16.9     	149   	-8.6       	14.5       	21115     	-81.3
6684      	18:51:35  	49.1  	-58.2 	3     	16.7     	151   	-8.2       	14.6       	21122     	-81.2
6686      	18:51:37  	49.0  	-58.2 	3     	16.7     	152   	-7.9       	14.7       	21129     	-81.2
6688      	18:51:39  	48.9  	-58.2 	3     	16.5     	153   	-7.6       	14.7       	21136     	-81.1
6690      	18:51:41  	48.9  	-58.2 	3     	16.5     	154   	-7.2       	14.8       	21142     	-81.1
6692      	18:51:43  	48.8  	-58.1 	3     	16.2     	156   	-6.7       	14.8       	21149     	-81.1
6694      	18:51:45  	48.8  	-58.1 	3     	16.1     	157   	-6.2       	14.9       	21156     	-81.1
6696      	18:51:47  	48.7  	-58.1 	3     	16.0     	159   	-5.8       	14.9       	21162     	-81.1
6698      	18:51:49  	48.7  	-58.1 	3     	15.9     	159   	-5.6       	14.9       	21169     	-81.1
6700      	18:51:51  	48.6  	-58.1 	3     	16.2     	146   	-9.1       	13.4       	21175     	-81.1
6702      	18:51:53  	48.6  	-58.0 	3     	17.4     	132   	-13.0      	11.6       	21182     	-81.1
6704      	18:51:55  	48.5  	-58.0 	3     	19.5     	120   	-16.9      	9.8        	21189     	-81.0
6706      	18:51:57  	48.5  	-58.0 	3     	22.4     	111   	-20.9      	8.1        	21195     	-81.0
6708      	18:51:59  	48.4  	-58.0 	3     	25.6     	104   	-24.8      	6.3        	21202     	-81.0
6710      	18:52:01  	48.4  	-57.9 	3     	29.2     	099   	-28.9      	4.5        	21208     	-80.9
6712      	18:52:03  	48.3  	-57.9 	3     	33.2     	095   	-33.1      	2.8        	21215     	-80.9
6714      	18:52:05  	48.3  	-57.9 	3     	37.2     	092   	-37.2      	1.0        	21221     	-80.9
6716      	18:52:07  	48.2  	-57.9 	3     	36.2     	092   	-36.2      	1.4        	21227     	-80.9
6718      	18:52:09  	48.2  	-57.9 	3     	33.4     	094   	-33.3      	2.6        	21234     	-80.9
6720      	18:52:11  	48.1  	-57.9 	3     	27.2     	101   	-26.7      	5.3        	21241     	-81.0
6722      	18:52:13  	48.1  	-57.9 	3     	21.3     	113   	-19.7      	8.2        	21248     	-81.0
6724      	18:52:15  	48.0  	-57.9 	3     	16.9     	131   	-12.7      	11.2       	21255     	-81.0
6726      	18:52:17  	48.0  	-57.8 	3     	15.2     	158   	-5.7       	14.1       	21262     	-81.0
6728      	18:52:19  	47.9  	-57.8 	3     	17.0     	184   	1.3        	17.0       	21268     	-81.1
6730      	18:52:21  	47.9  	-57.8 	3     	21.7     	203   	8.3        	20.0       	21275     	-81.1
6732      	18:52:23  	47.8  	-57.8 	3     	27.5     	214   	15.3       	22.9       	21282     	-81.1
6734      	18:52:25  	47.8  	-57.8 	3     	34.1     	221   	22.3       	25.8       	21289     	-81.1
6736      	18:52:27  	47.7  	-57.8 	3     	35.9     	222   	24.1       	26.6       	21295     	-81.0
6738      	18:52:29  	47.7  	-57.8 	3     	35.9     	222   	24.1       	26.6       	21302     	-81.0
6740      	18:52:31  	47.6  	-57.8 	3     	33.5     	221   	21.9       	25.4       	21309     	-81.0
6742      	18:52:33  	47.6  	-57.8 	3     	30.4     	218   	18.9       	23.8       	21315     	-81.0
6744      	18:52:35  	47.5  	-57.8 	3     	27.2     	215   	15.8       	22.2       	21322     	-81.0
6746      	18:52:37  	47.5  	-57.8 	3     	24.2     	212   	12.8       	20.5       	21329     	-81.0
6748      	18:52:39  	47.4  	-57.8 	3     	21.3     	207   	9.8        	18.9       	21336     	-80.9
6750      	18:52:41  	47.4  	-57.8 	3     	18.6     	201   	6.8        	17.3       	21342     	-80.9
6752      	18:52:43  	47.3  	-57.8 	3     	16.1     	193   	3.7        	15.7       	21349     	-80.9
6754      	18:52:45  	47.3  	-57.8 	3     	14.1     	183   	0.7        	14.1       	21356     	-80.8
6756      	18:52:47  	47.2  	-57.8 	3     	12.6     	169   	-2.3       	12.4       	21363     	-80.8
6758      	18:52:49  	47.2  	-57.7 	3     	12.1     	153   	-5.4       	10.8       	21369     	-80.7
6760      	18:52:51  	47.1  	-57.7 	3     	12.1     	150   	-6.1       	10.4       	21376     	-80.7
6762      	18:52:53  	47.1  	-57.7 	3     	12.1     	150   	-6.1       	10.4       	21383     	-80.7
6764      	18:52:55  	47.0  	-57.7 	3     	12.0     	148   	-6.4       	10.1       	21389     	-80.6
6766      	18:52:57  	47.0  	-57.7 	3     	11.9     	146   	-6.7       	9.8        	21396     	-80.6
6768      	18:52:59  	46.9  	-57.7 	3     	11.8     	144   	-7.0       	9.5        	21402     	-80.6
6770      	18:53:01  	46.9  	-57.7 	3     	11.7     	142   	-7.3       	9.2        	21409     	-80.6
6772      	18:53:03  	46.8  	-57.7 	3     	11.7     	140   	-7.6       	8.9        	21416     	-80.6
6774      	18:53:05  	46.8  	-57.7 	3     	11.7     	137   	-7.9       	8.6        	21422     	-80.6
6776      	18:53:07  	46.7  	-57.6 	3     	11.7     	135   	-8.2       	8.3        	21428     	-80.6
6778      	18:53:09  	46.7  	-57.6 	3     	11.7     	133   	-8.5       	8.0        	21435     	-80.5
6780      	18:53:11  	46.6  	-57.6 	3     	11.7     	131   	-8.8       	7.7        	21441     	-80.5
6782      	18:53:13  	46.6  	-57.5 	3     	11.7     	129   	-9.1       	7.4        	21448     	-80.4
6784      	18:53:15  	46.5  	-57.5 	3     	12.3     	123   	-10.3      	6.8        	21454     	-80.4
6786      	18:53:17  	46.5  	-57.5 	3     	13.5     	115   	-12.2      	5.7        	21461     	-80.5
6788      	18:53:19  	46.4  	-57.5 	3     	14.9     	108   	-14.1      	4.7        	21467     	-80.5
6790      	18:53:21  	46.4  	-57.5 	3     	16.5     	103   	-16.1      	3.7        	21474     	-80.5
6792      	18:53:23  	46.3  	-57.5 	3     	18.2     	098   	-18.0      	2.6        	21481     	-80.5
6794      	18:53:25  	46.3  	-57.5 	3     	20.0     	095   	-19.9      	1.6        	21487     	-80.5
6796      	18:53:27  	46.2  	-57.4 	3     	21.8     	092   	-21.8      	0.6        	21493     	-80.5
6798      	18:53:29  	46.2  	-57.4 	3     	23.7     	089   	-23.7      	-0.5       	21500     	-80.5
6800      	18:53:31  	46.2  	-57.4 	3     	25.6     	087   	-25.6      	-1.5       	21506     	-80.5
6802      	18:53:33  	46.1  	-57.4 	3     	27.6     	085   	-27.5      	-2.5       	21513     	-80.4
6804      	18:53:35  	46.1  	-57.4 	3     	28.3     	084   	-28.2      	-2.9       	21519     	-80.4
6806      	18:53:37  	46.0  	-57.4 	3     	28.3     	084   	-28.2      	-2.9       	21526     	-80.4
6808      	18:53:39  	46.0  	-57.4 	3     	28.3     	084   	-28.2      	-2.9       	21532     	-80.4
6810      	18:53:41  	45.9  	-57.4 	3     	28.3     	084   	-28.2      	-2.9       	21538     	-80.3
6812      	18:53:43  	45.9  	-57.4 	3     	28.3     	084   	-28.2      	-2.9       	21545     	-80.3
6814      	18:53:45  	45.8  	-57.4 	3     	28.3     	084   	-28.2      	-2.9       	21551     	-80.3
6816      	18:53:47  	45.8  	-57.4 	3     	27.6     	085   	-27.5      	-2.6       	21558     	-80.3
6818      	18:53:49  	45.7  	-57.4 	3     	25.0     	087   	-25.0      	-1.5       	21565     	-80.3
6820      	18:53:51  	45.7  	-57.4 	3     	22.4     	089   	-22.4      	-0.4       	21572     	-80.3
6822      	18:53:53  	45.6  	-57.4 	3     	19.9     	092   	-19.9      	0.7        	21578     	-80.3
6824      	18:53:55  	45.6  	-57.4 	3     	17.4     	096   	-17.3      	1.8        	21585     	-80.2
6826      	18:53:57  	45.5  	-57.4 	3     	15.1     	101   	-14.8      	2.9        	21591     	-80.2
6828      	18:53:59  	45.5  	-57.4 	3     	12.8     	108   	-12.2      	4.0        	21598     	-80.1
6830      	18:54:01  	45.4  	-57.3 	3     	11.0     	118   	-9.7       	5.2        	21604     	-80.1
6832      	18:54:03  	45.4  	-57.3 	3     	9.5      	132   	-7.1       	6.3        	21611     	-80.1
6834      	18:54:05  	45.3  	-57.3 	3     	8.7      	148   	-4.6       	7.4        	21617     	-80.1
6836      	18:54:07  	45.3  	-57.3 	3     	8.6      	162   	-2.7       	8.2        	21624     	-80.1
6838      	18:54:09  	45.3  	-57.3 	3     	8.6      	162   	-2.7       	8.2        	21630     	-80.1
6840      	18:54:11  	45.2  	-57.3 	3     	8.6      	162   	-2.7       	8.2        	21636     	-80.1
6842      	18:54:13  	45.2  	-57.3 	3     	8.6      	162   	-2.7       	8.2        	21643     	-80.2
6844      	18:54:15  	45.1  	-57.4 	3     	8.6      	162   	-2.7       	8.2        	21649     	-80.2
6846      	18:54:17  	45.1  	-57.4 	3     	8.6      	162   	-2.7       	8.2        	21656     	-80.2
6848      	18:54:19  	45.0  	-57.4 	3     	8.6      	162   	-2.7       	8.2        	21662     	-80.2
6850      	18:54:21  	45.0  	-57.4 	3     	8.6      	162   	-2.7       	8.2        	21668     	-80.2
6852      	18:54:23  	44.9  	-57.4 	3     	9.2      	172   	-1.2       	9.1        	21675     	-80.2
6854      	18:54:25  	44.9  	-57.4 	3     	10.0     	183   	0.5        	10.0       	21681     	-80.3
6856      	18:54:27  	44.9  	-57.4 	3     	11.1     	191   	2.1        	10.9       	21687     	-80.3
6858      	18:54:29  	44.8  	-57.4 	3     	12.5     	198   	3.8        	11.9       	21693     	-80.3
6860      	18:54:31  	44.8  	-57.4 	3     	13.9     	203   	5.4        	12.8       	21699     	-80.2
6862      	18:54:33  	44.7  	-57.4 	3     	15.4     	207   	7.1        	13.7       	21705     	-80.3
6864      	18:54:35  	44.7  	-57.4 	3     	17.1     	211   	8.7        	14.7       	21711     	-80.3
6866      	18:54:37  	44.6  	-57.4 	3     	18.7     	214   	10.4       	15.6       	21717     	-80.3
6868      	18:54:39  	44.6  	-57.4 	3     	20.4     	216   	12.0       	16.5       	21723     	-80.3
