Time [sec]	Time (UTC)	P [mB]	T [°F]	Hu [%]	Ws [mi/h]	Wd [°]	Ws U [mi/h]	Ws V [mi/h]	Geopot [m]	Dew [°F]
0         	17:01:54  	868.5 	23.9  	29    	15.6     	135   	-11.1      	11.1       	1288      	4.8
2         	17:01:56  	865.1 	23.8  	23    	19.5     	173   	-2.3       	19.4       	1322      	1.2
4         	17:01:58  	861.7 	23.7  	23    	19.5     	173   	-2.3       	19.4       	1356      	1.4
6         	17:02:00  	858.3 	23.5  	23    	19.5     	173   	-2.3       	19.4       	1390      	1.4
8         	17:02:02  	855.0 	23.5  	23    	19.5     	173   	-2.3       	19.4       	1425      	1.5
10        	17:02:04  	851.6 	23.5  	24    	19.5     	173   	-2.3       	19.4       	1459      	1.6
12        	17:02:06  	848.3 	23.3  	24    	19.5     	173   	-2.3       	19.4       	1493      	1.6
14        	17:02:08  	845.7 	23.2  	24    	19.5     	173   	-2.3       	19.4       	1527      	1.6
16        	17:02:10  	843.1 	23.1  	24    	19.5     	173   	-2.3       	19.4       	1561      	1.5
18        	17:02:12  	840.5 	23.0  	24    	19.5     	173   	-2.3       	19.4       	1573      	1.5
20        	17:02:14  	839.6 	22.9  	24    	22.2     	173   	-2.6       	22.0       	1584      	1.5
22        	17:02:16  	838.7 	22.9  	24    	24.4     	173   	-2.9       	24.2       	1593      	1.5
24        	17:02:18  	837.8 	22.8  	25    	25.6     	173   	-3.0       	25.4       	1601      	1.6
26        	17:02:20  	837.0 	22.8  	25    	26.4     	173   	-3.1       	26.2       	1609      	1.6
28        	17:02:22  	836.3 	22.7  	25    	26.9     	173   	-3.2       	26.7       	1617      	1.6
30        	17:02:24  	835.6 	22.6  	25    	29.8     	173   	-3.5       	29.6       	1624      	1.6
32        	17:02:26  	835.0 	22.6  	25    	29.8     	173   	-3.5       	29.6       	1631      	1.7
34        	17:02:28  	834.4 	22.5  	25    	29.8     	173   	-3.5       	29.6       	1637      	1.8
36        	17:02:30  	833.8 	22.5  	26    	29.8     	173   	-3.5       	29.6       	1643      	1.8
38        	17:02:32  	833.2 	22.5  	26    	29.8     	173   	-3.5       	29.6       	1648      	1.9
40        	17:02:34  	832.7 	22.5  	26    	29.8     	173   	-3.5       	29.6       	1654      	2.0
42        	17:02:36  	832.1 	22.4  	26    	29.4     	173   	-3.6       	29.2       	1660      	2.0
44        	17:02:38  	831.6 	22.3  	26    	29.2     	173   	-3.6       	29.0       	1666      	2.1
46        	17:02:40  	831.1 	22.3  	26    	29.1     	173   	-3.7       	28.9       	1671      	2.1
48        	17:02:42  	830.5 	22.2  	27    	28.9     	173   	-3.7       	28.7       	1677      	2.1
50        	17:02:44  	829.9 	22.2  	27    	28.6     	173   	-3.7       	28.4       	1683      	2.1
52        	17:02:46  	829.2 	22.1  	27    	28.5     	172   	-3.8       	28.2       	1690      	2.1
54        	17:02:48  	828.6 	22.0  	27    	28.4     	172   	-3.9       	28.1       	1697      	2.0
56        	17:02:50  	827.8 	21.9  	27    	28.3     	172   	-4.1       	28.0       	1705      	2.0
58        	17:02:52  	827.1 	21.8  	27    	28.2     	171   	-4.3       	27.9       	1713      	1.9
60        	17:02:54  	826.3 	21.7  	27    	28.2     	171   	-4.4       	27.9       	1721      	1.8
62        	17:02:56  	825.5 	21.6  	27    	28.5     	171   	-4.6       	28.1       	1730      	1.8
64        	17:02:58  	824.6 	21.5  	27    	28.6     	171   	-4.7       	28.2       	1739      	1.8
66        	17:03:00  	823.8 	21.4  	27    	28.8     	170   	-4.9       	28.4       	1748      	1.8
68        	17:03:02  	822.9 	21.4  	27    	29.2     	170   	-5.1       	28.8       	1757      	1.8
70        	17:03:04  	822.0 	21.3  	27    	29.7     	170   	-5.4       	29.2       	1766      	1.8
72        	17:03:06  	821.1 	21.3  	28    	30.2     	169   	-5.6       	29.7       	1776      	1.8
74        	17:03:08  	820.5 	21.2  	28    	30.6     	169   	-5.8       	30.0       	1782      	1.9
76        	17:03:10  	819.9 	21.1  	28    	30.8     	169   	-5.9       	30.2       	1788      	1.9
78        	17:03:12  	819.3 	21.1  	28    	31.1     	169   	-6.0       	30.5       	1794      	2.0
80        	17:03:14  	818.8 	21.1  	28    	31.3     	168   	-6.3       	30.7       	1800      	2.0
82        	17:03:16  	818.2 	21.0  	28    	31.6     	168   	-6.5       	30.9       	1805      	1.9
84        	17:03:18  	817.7 	20.9  	28    	31.7     	168   	-6.8       	31.0       	1811      	1.9
86        	17:03:20  	817.0 	20.8  	28    	32.0     	167   	-7.0       	31.2       	1819      	1.9
88        	17:03:22  	816.3 	20.8  	28    	31.9     	167   	-7.2       	31.1       	1826      	1.8
90        	17:03:24  	815.6 	20.7  	28    	31.8     	167   	-7.3       	31.0       	1833      	1.8
92        	17:03:26  	814.9 	20.7  	28    	31.9     	167   	-7.4       	31.0       	1841      	1.7
94        	17:03:28  	814.2 	20.6  	28    	32.2     	167   	-7.5       	31.3       	1848      	1.7
96        	17:03:30  	813.5 	20.4  	28    	32.4     	166   	-7.6       	31.5       	1856      	1.6
98        	17:03:32  	812.7 	20.4  	28    	32.7     	166   	-7.7       	31.8       	1864      	1.5
100       	17:03:34  	812.0 	20.3  	28    	33.0     	167   	-7.7       	32.1       	1871      	1.5
102       	17:03:36  	811.3 	20.2  	28    	33.3     	167   	-7.7       	32.4       	1880      	1.4
104       	17:03:38  	810.5 	20.2  	28    	33.6     	167   	-7.6       	32.7       	1888      	1.3
106       	17:03:40  	809.8 	20.1  	28    	33.9     	167   	-7.7       	33.0       	1896      	1.2
108       	17:03:42  	809.0 	20.0  	28    	34.1     	167   	-7.7       	33.2       	1903      	1.1
110       	17:03:44  	808.5 	19.9  	28    	34.3     	167   	-7.8       	33.4       	1911      	1.1
112       	17:03:46  	807.9 	19.9  	28    	34.4     	167   	-7.8       	33.5       	1917      	1.0
114       	17:03:48  	807.3 	19.9  	28    	34.2     	167   	-7.9       	33.3       	1922      	1.0
116       	17:03:50  	807.0 	19.9  	28    	34.2     	166   	-8.0       	33.2       	1926      	1.1
118       	17:03:52  	806.8 	19.9  	28    	33.9     	166   	-8.2       	32.9       	1929      	1.1
120       	17:03:54  	806.5 	19.8  	28    	33.6     	165   	-8.5       	32.5       	1930      	1.0
122       	17:03:56  	806.1 	19.7  	28    	33.3     	165   	-8.8       	32.1       	1932      	1.0
124       	17:03:58  	805.8 	19.7  	28    	33.0     	164   	-9.0       	31.7       	1937      	0.9
126       	17:04:00  	805.4 	19.6  	28    	32.8     	164   	-9.3       	31.5       	1942      	0.9
128       	17:04:02  	804.9 	19.6  	28    	32.6     	163   	-9.5       	31.2       	1947      	0.8
130       	17:04:04  	804.4 	19.6  	28    	32.4     	163   	-9.7       	30.9       	1952      	0.7
132       	17:04:06  	803.9 	19.6  	28    	26.0     	161   	-8.3       	24.6       	1958      	0.6
134       	17:04:08  	803.4 	19.5  	28    	19.2     	159   	-6.8       	18.0       	1963      	0.5
136       	17:04:10  	802.9 	19.5  	28    	12.5     	155   	-5.3       	11.3       	1969      	0.4
138       	17:04:12  	802.4 	19.5  	28    	6.1      	142   	-3.8       	4.8        	1974      	0.3
140       	17:04:14  	801.9 	19.5  	27    	2.6      	051   	-2.0       	-1.6       	1980      	0.2
142       	17:04:16  	801.3 	19.5  	28    	7.9      	002   	-0.3       	-7.9       	1985      	0.3
144       	17:04:18  	800.8 	19.5  	28    	14.4     	354   	1.4        	-14.3      	1991      	0.4
146       	17:04:20  	800.3 	19.4  	28    	20.9     	351   	3.1        	-20.7      	1996      	0.5
148       	17:04:22  	799.8 	19.3  	28    	27.5     	350   	4.8        	-27.1      	2002      	0.6
150       	17:04:24  	799.3 	19.1  	29    	34.0     	349   	6.5        	-33.4      	2008      	0.6
152       	17:04:26  	798.6 	18.8  	29    	34.4     	349   	6.6        	-33.8      	2013      	0.6
154       	17:04:28  	797.9 	18.8  	30    	34.4     	349   	6.6        	-33.8      	2020      	0.7
156       	17:04:30  	797.2 	18.7  	30    	34.4     	349   	6.6        	-33.8      	2030      	0.8
158       	17:04:32  	796.3 	18.6  	30    	34.4     	349   	6.6        	-33.8      	2040      	0.8
160       	17:04:34  	795.3 	18.6  	30    	34.4     	349   	6.6        	-33.8      	2050      	0.6
162       	17:04:36  	794.4 	18.5  	30    	34.4     	349   	6.6        	-33.8      	2060      	0.5
164       	17:04:38  	793.5 	18.5  	29    	34.4     	349   	6.6        	-33.8      	2070      	0.3
166       	17:04:40  	792.5 	18.4  	29    	34.4     	349   	6.6        	-33.8      	2080      	0.1
168       	17:04:42  	791.6 	18.4  	29    	34.4     	349   	6.6        	-33.8      	2090      	-0.1
170       	17:04:44  	790.6 	18.5  	28    	34.4     	349   	6.6        	-33.8      	2101      	-0.2
172       	17:04:46  	789.7 	18.4  	28    	34.4     	349   	6.6        	-33.8      	2111      	-0.3
174       	17:04:48  	788.8 	18.3  	28    	34.4     	349   	6.6        	-33.8      	2121      	-0.4
176       	17:04:50  	787.8 	18.1  	28    	34.4     	349   	6.6        	-33.8      	2131      	-0.5
178       	17:04:52  	786.9 	18.0  	28    	34.4     	349   	6.6        	-33.8      	2141      	-0.6
180       	17:04:54  	786.0 	17.9  	28    	34.4     	349   	6.6        	-33.8      	2151      	-0.6
182       	17:04:56  	785.0 	17.8  	28    	34.4     	349   	6.6        	-33.8      	2161      	-0.7
184       	17:04:58  	784.1 	17.8  	28    	34.4     	349   	6.6        	-33.8      	2171      	-0.8
186       	17:05:00  	783.2 	17.7  	28    	34.4     	349   	6.6        	-33.8      	2181      	-0.9
188       	17:05:02  	782.3 	17.6  	28    	34.4     	349   	6.6        	-33.8      	2192      	-0.9
190       	17:05:04  	781.3 	17.5  	28    	34.4     	349   	6.6        	-33.8      	2202      	-1.0
192       	17:05:06  	780.4 	17.4  	28    	34.4     	349   	6.6        	-33.8      	2212      	-1.1
194       	17:05:08  	779.5 	17.3  	29    	34.4     	349   	6.6        	-33.8      	2222      	-1.1
196       	17:05:10  	778.6 	17.1  	29    	34.4     	349   	6.6        	-33.8      	2232      	-1.1
198       	17:05:12  	777.6 	17.0  	29    	34.4     	349   	6.6        	-33.8      	2242      	-1.1
200       	17:05:14  	776.7 	17.0  	29    	34.4     	349   	6.6        	-33.8      	2252      	-1.0
202       	17:05:16  	775.8 	16.8  	30    	34.4     	349   	6.6        	-33.8      	2262      	-1.0
204       	17:05:18  	774.9 	16.7  	30    	34.4     	349   	6.6        	-33.8      	2273      	-1.0
206       	17:05:20  	773.9 	16.6  	30    	34.4     	349   	6.6        	-33.8      	2283      	-1.0
208       	17:05:22  	773.0 	16.6  	30    	34.4     	349   	6.6        	-33.8      	2293      	-0.9
210       	17:05:24  	772.1 	16.5  	30    	34.4     	349   	6.6        	-33.8      	2303      	-0.9
212       	17:05:26  	771.2 	16.4  	30    	34.4     	349   	6.6        	-33.8      	2313      	-1.0
214       	17:05:28  	770.3 	16.4  	30    	34.4     	349   	6.6        	-33.8      	2323      	-1.0
216       	17:05:30  	769.4 	16.3  	31    	34.4     	349   	6.6        	-33.8      	2333      	-1.0
218       	17:05:32  	768.4 	16.1  	31    	34.4     	349   	6.6        	-33.8      	2343      	-1.1
220       	17:05:34  	767.5 	15.8  	31    	34.4     	349   	6.6        	-33.8      	2353      	-1.3
222       	17:05:36  	766.6 	15.6  	31    	34.4     	349   	6.6        	-33.8      	2364      	-1.4
224       	17:05:38  	765.7 	15.5  	31    	34.4     	349   	6.6        	-33.8      	2374      	-1.5
226       	17:05:40  	764.8 	15.5  	31    	34.4     	349   	6.6        	-33.8      	2384      	-1.4
228       	17:05:42  	763.8 	15.3  	31    	34.4     	349   	6.6        	-33.8      	2394      	-1.5
230       	17:05:44  	762.9 	15.3  	31    	34.4     	349   	6.6        	-33.8      	2405      	-1.4
232       	17:05:46  	762.0 	15.3  	32    	34.4     	349   	6.6        	-33.8      	2415      	-1.4
234       	17:05:48  	761.0 	15.3  	32    	34.4     	349   	6.6        	-33.8      	2425      	-1.4
236       	17:05:50  	760.2 	15.2  	32    	34.4     	349   	6.6        	-33.8      	2435      	-1.3
238       	17:05:52  	759.3 	15.2  	32    	34.4     	349   	6.6        	-33.8      	2445      	-1.3
240       	17:05:54  	758.5 	15.0  	32    	34.4     	349   	6.6        	-33.8      	2454      	-1.4
242       	17:05:56  	757.6 	14.7  	32    	34.2     	349   	6.6        	-33.6      	2464      	-1.6
244       	17:05:58  	756.8 	14.5  	33    	22.5     	346   	5.4        	-21.8      	2473      	-1.7
246       	17:06:00  	755.9 	14.5  	33    	11.0     	337   	4.3        	-10.1      	2483      	-1.7
248       	17:06:02  	755.2 	14.3  	33    	3.5      	241   	3.1        	1.7        	2491      	-1.7
250       	17:06:04  	754.4 	14.3  	33    	13.6     	188   	2.0        	13.5       	2499      	-1.6
252       	17:06:06  	753.7 	14.4  	34    	25.2     	182   	0.8        	25.2       	2507      	-1.4
254       	17:06:08  	753.0 	14.4  	34    	37.0     	179   	-0.4       	37.0       	2515      	-1.2
256       	17:06:10  	752.2 	14.4  	34    	48.7     	178   	-1.5       	48.7       	2524      	-1.0
258       	17:06:12  	751.5 	14.3  	35    	60.6     	177   	-2.7       	60.5       	2532      	-0.9
260       	17:06:14  	750.8 	14.2  	36    	72.3     	177   	-3.8       	72.2       	2540      	-0.8
262       	17:06:16  	750.0 	13.9  	36    	83.8     	177   	-5.0       	83.7       	2548      	-0.7
264       	17:06:18  	749.3 	13.7  	37    	83.8     	177   	-5.0       	83.7       	2557      	-0.7
266       	17:06:20  	748.6 	13.5  	37    	83.8     	177   	-5.0       	83.7       	2565      	-0.7
268       	17:06:22  	747.8 	13.5  	38    	83.8     	177   	-5.0       	83.7       	2573      	-0.6
270       	17:06:24  	747.1 	13.4  	38    	83.8     	177   	-5.0       	83.7       	2581      	-0.5
272       	17:06:26  	746.4 	13.4  	38    	83.8     	177   	-5.0       	83.7       	2589      	-0.5
274       	17:06:28  	745.7 	13.3  	39    	83.8     	177   	-5.0       	83.7       	2598      	-0.5
276       	17:06:30  	744.9 	13.3  	39    	83.8     	177   	-5.0       	83.7       	2606      	-0.4
278       	17:06:32  	744.2 	13.2  	39    	83.8     	177   	-5.0       	83.7       	2614      	-0.5
280       	17:06:34  	743.5 	13.1  	39    	83.8     	177   	-5.0       	83.7       	2622      	-0.4
282       	17:06:36  	742.7 	13.0  	39    	83.8     	177   	-5.0       	83.7       	2631      	-0.4
284       	17:06:38  	742.0 	13.0  	40    	83.8     	177   	-5.0       	83.7       	2639      	-0.4
286       	17:06:40  	741.3 	13.0  	40    	83.8     	177   	-5.0       	83.7       	2647      	-0.2
288       	17:06:42  	740.6 	13.0  	40    	83.8     	177   	-5.0       	83.7       	2655      	-0.3
290       	17:06:44  	739.8 	12.9  	40    	83.8     	177   	-5.0       	83.7       	2663      	-0.2
292       	17:06:46  	739.1 	12.8  	40    	83.8     	177   	-5.0       	83.7       	2672      	-0.3
294       	17:06:48  	738.4 	12.7  	40    	83.8     	177   	-5.0       	83.7       	2680      	-0.5
296       	17:06:50  	737.7 	12.5  	40    	83.8     	177   	-5.0       	83.7       	2688      	-0.6
298       	17:06:52  	736.9 	12.5  	40    	83.8     	177   	-5.0       	83.7       	2696      	-0.6
300       	17:06:54  	736.2 	12.4  	40    	83.8     	177   	-5.0       	83.7       	2705      	-0.7
302       	17:06:56  	735.5 	12.4  	40    	83.8     	177   	-5.0       	83.7       	2713      	-0.7
304       	17:06:58  	734.8 	12.3  	41    	83.8     	177   	-5.0       	83.7       	2721      	-0.6
306       	17:07:00  	734.1 	12.2  	41    	83.8     	177   	-5.0       	83.7       	2729      	-0.5
308       	17:07:02  	733.3 	12.1  	42    	83.8     	177   	-5.0       	83.7       	2737      	-0.5
310       	17:07:04  	732.6 	12.0  	42    	83.8     	177   	-5.0       	83.7       	2746      	-0.5
312       	17:07:06  	731.9 	11.9  	43    	83.8     	177   	-5.0       	83.7       	2754      	-0.2
314       	17:07:08  	731.2 	11.8  	44    	83.8     	177   	-5.0       	83.7       	2762      	-0.0
316       	17:07:10  	730.4 	11.7  	44    	83.8     	177   	-5.0       	83.7       	2770      	0.0
318       	17:07:12  	729.7 	11.6  	45    	83.8     	177   	-5.0       	83.7       	2779      	-0.0
320       	17:07:14  	729.0 	3.8   	45    	83.8     	177   	-5.0       	83.7       	2787      	-7.0
322       	17:07:16  	728.2 	3.8   	45    	83.8     	177   	-5.0       	83.7       	2795      	-7.0
324       	17:07:18  	727.5 	-7.2  	45    	83.8     	177   	-5.0       	83.7       	2803      	-17.0
326       	17:07:20  	726.6 	-11.7 	45    	83.8     	177   	-5.0       	83.7       	2811      	-20.2
328       	17:07:22  	725.8 	-11.8 	45    	83.8     	177   	-5.0       	83.7       	2820      	-20.3
330       	17:07:24  	725.0 	0.3   	45    	83.8     	177   	-5.0       	83.7       	2831      	-10.1
332       	17:07:26  	724.0 	7.1   	45    	83.8     	177   	-5.0       	83.7       	2842      	-3.9
334       	17:07:28  	723.1 	11.2  	46    	83.8     	177   	-5.0       	83.7       	2853      	-0.1
336       	17:07:30  	722.1 	11.0  	46    	83.8     	177   	-5.0       	83.7       	2863      	-0.3
338       	17:07:32  	721.2 	10.8  	46    	83.8     	177   	-5.0       	83.7       	2874      	-0.4
340       	17:07:34  	720.3 	10.7  	46    	83.8     	177   	-5.0       	83.7       	2884      	-0.5
342       	17:07:36  	719.4 	10.6  	45    	83.8     	177   	-5.0       	83.7       	2895      	-0.7
344       	17:07:38  	718.4 	10.5  	45    	83.8     	177   	-5.0       	83.7       	2905      	-1.0
346       	17:07:40  	717.4 	10.4  	44    	83.8     	177   	-5.0       	83.7       	2916      	-1.4
348       	17:07:42  	716.4 	10.5  	43    	83.8     	177   	-5.0       	83.7       	2929      	-1.7
350       	17:07:44  	715.3 	10.4  	41    	83.8     	177   	-5.0       	83.7       	2942      	-2.0
352       	17:07:46  	714.2 	10.4  	40    	83.8     	177   	-5.0       	83.7       	2955      	-2.4
354       	17:07:48  	713.1 	10.4  	39    	83.8     	177   	-5.0       	83.7       	2967      	-2.8
356       	17:07:50  	712.1 	10.3  	39    	83.8     	177   	-5.0       	83.7       	2980      	-3.1
358       	17:07:52  	711.0 	10.2  	38    	83.8     	177   	-5.0       	83.7       	2993      	-3.4
360       	17:07:54  	709.9 	10.1  	38    	83.8     	177   	-5.0       	83.7       	3005      	-3.5
362       	17:07:56  	708.8 	10.1  	43    	83.8     	177   	-5.0       	83.7       	3018      	-2.0
364       	17:07:58  	707.8 	9.9   	42    	83.8     	177   	-5.0       	83.7       	3030      	-2.3
366       	17:08:00  	706.7 	9.8   	42    	83.8     	177   	-5.0       	83.7       	3043      	-2.5
368       	17:08:02  	705.6 	9.5   	42    	83.8     	177   	-5.0       	83.7       	3055      	-2.8
370       	17:08:04  	704.6 	9.2   	41    	83.8     	177   	-5.0       	83.7       	3068      	-3.3
372       	17:08:06  	703.5 	9.0   	41    	83.8     	177   	-5.0       	83.7       	3081      	-3.6
374       	17:08:08  	702.4 	8.9   	40    	83.8     	177   	-5.0       	83.7       	3093      	-3.8
376       	17:08:10  	701.4 	8.8   	40    	83.8     	177   	-5.0       	83.7       	3105      	-3.9
378       	17:08:12  	700.3 	8.7   	40    	83.8     	177   	-5.0       	83.7       	3118      	-4.0
380       	17:08:14  	699.3 	8.6   	40    	83.8     	177   	-5.0       	83.7       	3131      	-4.1
382       	17:08:16  	698.2 	8.5   	40    	83.8     	177   	-5.0       	83.7       	3143      	-4.2
384       	17:08:18  	697.1 	8.3   	40    	83.8     	177   	-5.0       	83.7       	3156      	-4.3
386       	17:08:20  	696.0 	8.2   	41    	83.8     	177   	-5.0       	83.7       	3169      	-4.3
388       	17:08:22  	694.9 	8.1   	41    	83.8     	177   	-5.0       	83.7       	3182      	-4.3
390       	17:08:24  	693.8 	8.0   	41    	83.8     	177   	-5.0       	83.7       	3195      	-4.3
392       	17:08:26  	692.8 	7.9   	41    	83.8     	177   	-5.0       	83.7       	3208      	-4.4
394       	17:08:28  	691.8 	7.7   	41    	83.8     	177   	-5.0       	83.7       	3219      	-4.6
396       	17:08:30  	690.8 	7.6   	41    	83.8     	177   	-5.0       	83.7       	3231      	-4.7
398       	17:08:32  	689.7 	2.8   	41    	83.8     	177   	-5.0       	83.7       	3242      	-9.0
400       	17:08:34  	688.6 	2.7   	42    	83.8     	177   	-5.0       	83.7       	3254      	-9.0
402       	17:08:36  	687.5 	2.6   	42    	83.8     	177   	-5.0       	83.7       	3270      	-9.0
404       	17:08:38  	686.0 	2.5   	42    	79.2     	177   	-3.5       	79.1       	3290      	-9.1
406       	17:08:40  	684.5 	7.1   	42    	74.3     	179   	-1.9       	74.3       	3309      	-4.9
408       	17:08:42  	683.0 	6.9   	42    	69.5     	180   	-0.4       	69.5       	3324      	-5.0
410       	17:08:44  	682.0 	6.8   	43    	64.7     	181   	1.2        	64.7       	3336      	-5.0
412       	17:08:46  	681.0 	6.6   	43    	60.0     	183   	2.7        	59.9       	3348      	-5.1
414       	17:08:48  	680.0 	6.4   	43    	55.3     	184   	4.3        	55.1       	3360      	-5.2
416       	17:08:50  	679.0 	6.2   	44    	50.7     	187   	5.8        	50.4       	3372      	-5.2
418       	17:08:52  	678.0 	6.1   	44    	46.2     	189   	7.3        	45.6       	3384      	-5.1
420       	17:08:54  	677.0 	6.0   	45    	41.8     	192   	8.9        	40.8       	3396      	-5.1
422       	17:08:56  	676.0 	5.9   	45    	37.5     	196   	10.4       	36.0       	3408      	-5.1
424       	17:08:58  	675.0 	5.7   	45    	37.4     	196   	10.5       	35.9       	3420      	-5.1
426       	17:09:00  	674.0 	5.6   	46    	37.4     	196   	10.5       	35.9       	3432      	-5.1
428       	17:09:02  	673.2 	5.5   	46    	37.4     	196   	10.5       	35.9       	3443      	-5.1
430       	17:09:04  	672.3 	5.4   	47    	37.4     	196   	10.5       	35.9       	3452      	-5.1
432       	17:09:06  	671.5 	5.3   	47    	37.4     	196   	10.5       	35.9       	3462      	-5.1
434       	17:09:08  	670.7 	5.3   	47    	37.4     	196   	10.5       	35.9       	3472      	-5.1
436       	17:09:10  	669.9 	5.2   	47    	37.4     	196   	10.5       	35.9       	3482      	-5.2
438       	17:09:12  	669.1 	5.0   	47    	37.4     	196   	10.5       	35.9       	3491      	-5.4
440       	17:09:14  	668.3 	5.0   	46    	37.4     	196   	10.5       	35.9       	3501      	-5.6
442       	17:09:16  	667.5 	4.9   	46    	37.4     	196   	10.5       	35.9       	3511      	-5.8
444       	17:09:18  	666.8 	4.9   	45    	37.4     	196   	10.5       	35.9       	3520      	-6.0
446       	17:09:20  	665.9 	4.9   	45    	37.4     	196   	10.5       	35.9       	3530      	-6.1
448       	17:09:22  	665.1 	4.8   	44    	37.5     	197   	10.7       	35.9       	3540      	-6.3
450       	17:09:24  	664.3 	4.7   	44    	37.6     	197   	11.1       	35.9       	3550      	-6.5
452       	17:09:26  	663.4 	4.6   	44    	37.8     	198   	11.5       	36.0       	3560      	-6.6
454       	17:09:28  	662.6 	4.6   	43    	38.0     	198   	11.9       	36.1       	3571      	-6.7
456       	17:09:30  	661.7 	4.5   	43    	38.1     	199   	12.3       	36.1       	3582      	-6.8
458       	17:09:32  	660.8 	4.4   	43    	38.3     	199   	12.6       	36.2       	3593      	-7.0
460       	17:09:34  	659.9 	4.3   	43    	38.5     	200   	13.1       	36.2       	3605      	-7.2
462       	17:09:36  	658.9 	4.3   	43    	38.6     	201   	13.8       	36.1       	3616      	-7.3
464       	17:09:38  	658.2 	4.2   	43    	38.7     	202   	14.5       	35.9       	3627      	-7.4
466       	17:09:40  	657.4 	4.1   	43    	38.9     	203   	15.3       	35.8       	3636      	-7.4
468       	17:09:42  	656.7 	4.1   	43    	38.9     	204   	15.8       	35.6       	3644      	-7.4
470       	17:09:44  	655.9 	4.0   	42    	38.9     	204   	16.1       	35.4       	3653      	-7.5
472       	17:09:46  	655.2 	4.0   	42    	38.9     	205   	16.4       	35.3       	3662      	-7.6
474       	17:09:48  	654.5 	3.9   	42    	38.9     	206   	16.8       	35.1       	3672      	-7.7
476       	17:09:50  	653.5 	3.9   	42    	38.9     	206   	17.2       	34.9       	3683      	-7.8
478       	17:09:52  	652.6 	3.8   	42    	39.3     	207   	18.0       	34.9       	3695      	-8.0
480       	17:09:54  	651.7 	3.7   	41    	39.6     	208   	18.7       	34.9       	3706      	-8.3
482       	17:09:56  	650.8 	3.6   	40    	40.0     	209   	19.2       	35.1       	3717      	-8.5
484       	17:09:58  	649.9 	3.6   	40    	40.4     	209   	19.6       	35.3       	3729      	-8.7
486       	17:10:00  	649.0 	3.5   	40    	40.8     	210   	20.1       	35.5       	3740      	-8.9
488       	17:10:02  	648.1 	3.4   	39    	41.2     	210   	20.5       	35.7       	3752      	-9.2
490       	17:10:04  	647.2 	3.4   	38    	41.5     	210   	21.0       	35.8       	3763      	-9.6
492       	17:10:06  	646.3 	3.4   	37    	41.9     	211   	21.4       	36.0       	3774      	-9.9
494       	17:10:08  	645.4 	3.4   	36    	42.3     	211   	21.9       	36.2       	3785      	-10.2
496       	17:10:10  	644.5 	3.4   	36    	42.6     	211   	22.2       	36.3       	3796      	-10.4
498       	17:10:12  	643.6 	3.3   	35    	42.6     	211   	22.2       	36.3       	3808      	-10.6
500       	17:10:14  	642.7 	3.2   	35    	42.6     	211   	22.2       	36.3       	3819      	-10.9
502       	17:10:16  	641.8 	3.1   	34    	42.6     	211   	22.2       	36.3       	3830      	-11.1
504       	17:10:18  	640.9 	2.9   	34    	42.6     	211   	22.2       	36.3       	3841      	-11.2
506       	17:10:20  	640.1 	2.8   	34    	42.6     	211   	22.2       	36.3       	3852      	-11.3
508       	17:10:22  	639.2 	2.8   	34    	42.4     	212   	22.3       	36.1       	3863      	-11.4
510       	17:10:24  	638.4 	2.7   	34    	42.3     	212   	22.4       	35.9       	3874      	-11.5
512       	17:10:26  	637.6 	2.6   	34    	42.1     	212   	22.5       	35.6       	3884      	-11.6
514       	17:10:28  	636.9 	2.6   	34    	41.9     	213   	22.6       	35.3       	3893      	-11.6
516       	17:10:30  	636.2 	2.5   	34    	41.9     	213   	22.8       	35.1       	3902      	-11.6
518       	17:10:32  	635.5 	2.4   	34    	41.7     	213   	22.9       	34.8       	3910      	-11.6
520       	17:10:34  	634.8 	2.3   	34    	41.5     	214   	23.0       	34.5       	3919      	-11.7
522       	17:10:36  	634.1 	2.2   	35    	41.4     	214   	23.1       	34.3       	3928      	-11.7
524       	17:10:38  	633.3 	2.2   	35    	41.2     	214   	23.2       	34.0       	3937      	-11.8
526       	17:10:40  	632.6 	2.1   	35    	41.0     	215   	23.3       	33.7       	3947      	-11.9
528       	17:10:42  	631.9 	2.0   	34    	40.9     	215   	23.4       	33.6       	3956      	-12.0
530       	17:10:44  	631.1 	1.9   	34    	40.9     	215   	23.4       	33.6       	3966      	-12.2
532       	17:10:46  	630.4 	1.8   	34    	40.9     	215   	23.4       	33.6       	3975      	-12.2
534       	17:10:48  	629.6 	1.7   	34    	40.9     	215   	23.4       	33.6       	3985      	-12.3
536       	17:10:50  	628.9 	1.7   	34    	41.0     	215   	23.4       	33.7       	3994      	-12.4
538       	17:10:52  	628.1 	1.7   	34    	41.0     	215   	23.4       	33.7       	4004      	-12.3
540       	17:10:54  	627.4 	1.6   	35    	41.0     	215   	23.4       	33.7       	4014      	-12.2
542       	17:10:56  	626.6 	1.6   	35    	41.0     	215   	23.4       	33.7       	4023      	-12.2
544       	17:10:58  	625.8 	1.5   	35    	41.2     	215   	23.5       	33.8       	4034      	-12.3
546       	17:11:00  	625.0 	1.4   	35    	41.2     	215   	23.5       	33.8       	4045      	-12.4
548       	17:11:02  	624.1 	1.2   	35    	41.2     	215   	23.5       	33.8       	4056      	-12.5
550       	17:11:04  	623.3 	1.0   	35    	41.2     	215   	23.5       	33.9       	4067      	-12.7
552       	17:11:06  	622.5 	0.9   	35    	41.3     	215   	23.4       	34.0       	4077      	-12.8
554       	17:11:08  	621.7 	0.7   	35    	41.3     	214   	23.3       	34.1       	4087      	-13.0
556       	17:11:10  	621.0 	0.7   	35    	41.3     	214   	23.1       	34.2       	4096      	-13.1
558       	17:11:12  	620.2 	0.6   	35    	41.2     	214   	22.9       	34.3       	4106      	-13.2
560       	17:11:14  	619.5 	0.5   	35    	41.3     	214   	22.8       	34.4       	4115      	-13.2
562       	17:11:16  	618.8 	0.4   	35    	41.2     	213   	22.6       	34.5       	4124      	-13.2
564       	17:11:18  	618.2 	0.4   	35    	41.2     	213   	22.5       	34.5       	4133      	-13.2
566       	17:11:20  	617.5 	0.3   	35    	41.2     	213   	22.6       	34.5       	4141      	-13.3
568       	17:11:22  	616.8 	0.2   	35    	41.2     	213   	22.6       	34.5       	4150      	-13.3
570       	17:11:24  	616.1 	0.1   	35    	41.2     	213   	22.6       	34.5       	4160      	-13.3
572       	17:11:26  	615.3 	-0.0  	36    	41.2     	213   	22.7       	34.4       	4169      	-13.4
574       	17:11:28  	614.5 	-0.1  	36    	41.2     	214   	22.9       	34.3       	4180      	-13.4
576       	17:11:30  	613.7 	-0.2  	36    	41.3     	214   	23.1       	34.2       	4190      	-13.5
578       	17:11:32  	613.1 	-0.3  	35    	41.2     	215   	23.5       	33.9       	4200      	-13.6
580       	17:11:34  	612.4 	-0.3  	35    	41.3     	215   	23.8       	33.7       	4208      	-13.7
582       	17:11:36  	611.7 	-0.4  	35    	41.3     	216   	24.2       	33.5       	4216      	-13.9
584       	17:11:38  	611.0 	-0.5  	35    	41.3     	216   	24.5       	33.3       	4226      	-13.9
586       	17:11:40  	610.2 	-0.6  	35    	41.3     	217   	24.7       	33.1       	4236      	-14.0
588       	17:11:42  	609.4 	-0.7  	35    	41.3     	217   	24.9       	33.0       	4247      	-14.1
590       	17:11:44  	608.7 	-0.8  	35    	41.4     	217   	25.2       	32.9       	4256      	-14.2
592       	17:11:46  	607.9 	-0.9  	36    	41.7     	218   	25.5       	33.0       	4266      	-14.2
594       	17:11:48  	607.2 	-1.0  	36    	42.0     	218   	25.9       	33.0       	4276      	-14.2
596       	17:11:50  	606.3 	-1.1  	36    	42.2     	218   	26.2       	33.1       	4287      	-14.2
598       	17:11:52  	605.4 	-1.2  	36    	42.5     	218   	26.4       	33.3       	4299      	-14.3
600       	17:11:54  	604.5 	-1.2  	36    	42.7     	218   	26.5       	33.5       	4311      	-14.3
602       	17:11:56  	603.9 	-1.3  	36    	43.0     	218   	26.7       	33.7       	4319      	-14.3
604       	17:11:58  	603.3 	-1.4  	36    	43.2     	218   	26.7       	33.9       	4327      	-14.4
606       	17:12:00  	602.7 	-1.4  	36    	43.3     	218   	26.7       	34.1       	4334      	-14.5
608       	17:12:02  	602.2 	-1.5  	36    	43.5     	218   	26.7       	34.3       	4342      	-14.7
610       	17:12:04  	601.6 	-1.6  	35    	43.6     	218   	26.7       	34.5       	4350      	-14.9
612       	17:12:06  	601.0 	-1.6  	35    	43.4     	218   	26.5       	34.4       	4358      	-15.1
614       	17:12:08  	600.3 	-1.7  	34    	43.4     	218   	26.4       	34.4       	4367      	-15.4
616       	17:12:10  	599.5 	-1.8  	33    	43.4     	217   	26.2       	34.6       	4377      	-15.7
618       	17:12:12  	598.8 	-1.8  	32    	43.4     	217   	26.0       	34.8       	4386      	-16.0
620       	17:12:14  	598.2 	-1.8  	32    	43.5     	216   	25.8       	35.0       	4394      	-16.4
622       	17:12:16  	597.5 	-1.8  	31    	43.6     	216   	25.7       	35.2       	4403      	-16.6
624       	17:12:18  	596.8 	-1.8  	30    	43.7     	216   	25.6       	35.4       	4413      	-16.9
626       	17:12:20  	596.0 	-1.9  	30    	43.8     	216   	25.6       	35.6       	4424      	-17.1
628       	17:12:22  	595.1 	-1.9  	30    	44.1     	215   	25.6       	35.9       	4435      	-17.3
630       	17:12:24  	594.2 	-2.0  	29    	44.4     	215   	25.6       	36.3       	4447      	-17.5
632       	17:12:26  	593.3 	-2.1  	29    	44.7     	215   	25.6       	36.7       	4460      	-17.7
634       	17:12:28  	592.4 	-2.2  	29    	45.1     	215   	25.7       	37.1       	4472      	-17.8
636       	17:12:30  	591.4 	-2.3  	29    	45.4     	215   	25.8       	37.4       	4485      	-17.9
638       	17:12:32  	590.5 	-2.4  	29    	45.6     	215   	25.9       	37.5       	4498      	-18.0
640       	17:12:34  	589.6 	-2.5  	29    	45.8     	215   	26.0       	37.7       	4510      	-18.1
642       	17:12:36  	588.7 	-2.6  	29    	46.1     	214   	26.0       	38.1       	4521      	-18.2
644       	17:12:38  	587.9 	-2.8  	29    	46.6     	214   	26.1       	38.6       	4533      	-18.3
646       	17:12:40  	587.0 	-2.9  	29    	47.1     	214   	26.2       	39.1       	4544      	-18.4
648       	17:12:42  	586.2 	-2.9  	29    	47.5     	214   	26.3       	39.6       	4556      	-18.6
650       	17:12:44  	585.3 	-3.0  	28    	47.8     	213   	26.3       	39.9       	4567      	-18.8
652       	17:12:46  	584.5 	-3.1  	28    	48.0     	213   	26.3       	40.2       	4578      	-19.1
654       	17:12:48  	583.7 	-3.1  	27    	48.2     	213   	26.2       	40.5       	4590      	-19.3
656       	17:12:50  	582.9 	-3.1  	26    	48.5     	212   	26.0       	41.0       	4601      	-19.6
658       	17:12:52  	582.1 	-3.1  	26    	48.9     	212   	25.7       	41.6       	4611      	-19.9
660       	17:12:54  	581.4 	-3.1  	25    	49.2     	211   	25.4       	42.1       	4621      	-20.2
662       	17:12:56  	580.6 	-3.1  	24    	49.3     	211   	25.1       	42.4       	4631      	-20.5
664       	17:12:58  	579.9 	-3.2  	24    	49.3     	210   	24.8       	42.6       	4641      	-20.8
666       	17:13:00  	579.1 	-3.2  	23    	49.4     	210   	24.6       	42.8       	4651      	-21.1
668       	17:13:02  	578.4 	-3.3  	23    	49.5     	210   	24.4       	43.1       	4662      	-21.4
670       	17:13:04  	577.6 	-3.3  	23    	49.9     	209   	24.2       	43.6       	4672      	-21.6
672       	17:13:06  	576.8 	-3.4  	22    	50.1     	209   	24.0       	44.0       	4683      	-21.8
674       	17:13:08  	576.0 	-3.4  	22    	50.4     	208   	23.9       	44.4       	4694      	-22.1
676       	17:13:10  	575.2 	-3.5  	22    	50.7     	208   	24.0       	44.7       	4705      	-22.2
678       	17:13:12  	574.4 	-3.5  	21    	51.0     	208   	24.1       	44.9       	4716      	-22.4
680       	17:13:14  	573.7 	-3.6  	21    	51.1     	208   	24.1       	45.1       	4726      	-22.6
682       	17:13:16  	572.9 	-3.7  	21    	51.3     	208   	24.2       	45.2       	4737      	-22.7
684       	17:13:18  	572.2 	-3.8  	21    	51.4     	208   	24.2       	45.3       	4747      	-22.8
686       	17:13:20  	571.4 	-3.8  	21    	51.4     	208   	24.2       	45.4       	4757      	-22.9
688       	17:13:22  	570.7 	-3.9  	21    	51.4     	208   	24.2       	45.3       	4767      	-22.9
690       	17:13:24  	570.0 	-3.9  	21    	51.2     	208   	24.1       	45.2       	4777      	-23.0
692       	17:13:26  	569.1 	-4.0  	21    	51.1     	208   	24.0       	45.1       	4789      	-23.1
694       	17:13:28  	568.3 	-4.0  	21    	50.8     	208   	23.9       	44.8       	4800      	-23.2
696       	17:13:30  	567.5 	-4.0  	21    	50.6     	208   	23.9       	44.6       	4812      	-23.3
698       	17:13:32  	566.6 	-4.1  	20    	50.4     	208   	23.8       	44.4       	4824      	-23.4
700       	17:13:34  	565.8 	-4.1  	20    	50.2     	208   	23.7       	44.2       	4836      	-23.4
702       	17:13:36  	564.9 	-4.1  	20    	50.1     	208   	23.7       	44.1       	4847      	-23.5
704       	17:13:38  	564.1 	-4.1  	20    	50.0     	208   	23.8       	44.0       	4859      	-23.5
706       	17:13:40  	563.3 	-4.2  	20    	49.7     	208   	23.5       	43.8       	4871      	-23.5
708       	17:13:42  	562.5 	-4.2  	20    	49.4     	208   	23.2       	43.6       	4882      	-23.5
710       	17:13:44  	561.8 	-4.2  	20    	49.0     	208   	22.8       	43.4       	4892      	-23.5
712       	17:13:46  	561.1 	-4.2  	20    	48.7     	207   	22.4       	43.2       	4901      	-23.5
714       	17:13:48  	560.4 	-4.3  	21    	48.3     	207   	22.0       	43.0       	4911      	-23.4
716       	17:13:50  	559.7 	-4.4  	21    	48.1     	207   	21.7       	42.9       	4921      	-23.4
718       	17:13:52  	559.0 	-4.5  	21    	47.7     	207   	21.3       	42.7       	4930      	-23.3
720       	17:13:54  	558.3 	-4.5  	21    	47.2     	206   	21.0       	42.3       	4940      	-23.2
722       	17:13:56  	557.6 	-4.6  	22    	46.7     	206   	20.7       	41.9       	4951      	-23.1
724       	17:13:58  	556.9 	-4.6  	22    	46.2     	206   	20.4       	41.5       	4960      	-23.1
726       	17:14:00  	556.2 	-4.7  	22    	45.9     	206   	20.3       	41.2       	4970      	-23.0
728       	17:14:02  	555.5 	-4.8  	22    	45.8     	206   	20.3       	41.0       	4979      	-22.9
730       	17:14:04  	554.8 	-4.9  	23    	45.5     	207   	20.4       	40.7       	4989      	-22.9
732       	17:14:06  	554.1 	-5.0  	23    	45.4     	207   	20.4       	40.6       	4999      	-22.9
734       	17:14:08  	553.5 	-5.1  	23    	45.4     	207   	20.5       	40.5       	5010      	-22.9
736       	17:14:10  	552.8 	-5.2  	23    	45.3     	207   	20.5       	40.4       	5019      	-22.9
738       	17:14:12  	552.1 	-5.2  	23    	45.2     	207   	20.5       	40.3       	5028      	-22.8
740       	17:14:14  	551.5 	-5.3  	23    	45.4     	207   	20.5       	40.5       	5036      	-22.8
742       	17:14:16  	550.9 	-5.3  	24    	45.5     	207   	20.5       	40.6       	5045      	-22.7
744       	17:14:18  	550.3 	-5.4  	24    	45.7     	207   	20.5       	40.8       	5054      	-22.6
746       	17:14:20  	549.7 	-5.4  	25    	46.0     	206   	20.5       	41.2       	5062      	-22.4
748       	17:14:22  	549.1 	-5.4  	25    	46.3     	206   	20.6       	41.5       	5071      	-22.1
750       	17:14:24  	548.4 	-5.4  	26    	46.7     	206   	20.7       	41.9       	5080      	-21.7
752       	17:14:26  	547.8 	-5.3  	27    	47.0     	206   	20.8       	42.1       	5090      	-21.3
754       	17:14:28  	547.1 	-5.2  	28    	47.2     	206   	20.9       	42.3       	5099      	-21.0
756       	17:14:30  	546.4 	-5.1  	28    	47.4     	206   	21.0       	42.5       	5109      	-20.6
758       	17:14:32  	545.8 	-4.9  	28    	47.9     	206   	21.2       	42.9       	5118      	-20.4
760       	17:14:34  	545.2 	-4.8  	28    	48.5     	206   	21.4       	43.5       	5127      	-20.3
762       	17:14:36  	544.5 	-4.7  	28    	49.1     	206   	21.6       	44.1       	5136      	-20.2
764       	17:14:38  	544.0 	-4.6  	28    	49.6     	206   	21.8       	44.6       	5145      	-20.3
766       	17:14:40  	543.4 	-4.5  	27    	50.0     	206   	21.9       	45.0       	5153      	-20.5
768       	17:14:42  	542.9 	-4.5  	27    	50.4     	206   	22.0       	45.4       	5161      	-20.6
770       	17:14:44  	542.2 	-4.5  	27    	50.9     	206   	22.1       	45.8       	5170      	-20.8
772       	17:14:46  	541.6 	-4.6  	26    	51.4     	206   	22.3       	46.3       	5179      	-21.0
774       	17:14:48  	541.0 	-4.6  	26    	51.9     	206   	22.4       	46.8       	5188      	-21.1
776       	17:14:50  	540.3 	-4.7  	26    	52.4     	206   	22.6       	47.3       	5197      	-21.2
778       	17:14:52  	539.7 	-4.8  	26    	52.6     	206   	22.7       	47.5       	5207      	-21.3
780       	17:14:54  	539.0 	-4.8  	26    	52.8     	206   	22.8       	47.6       	5216      	-21.4
782       	17:14:56  	538.4 	-4.9  	26    	52.9     	206   	22.9       	47.7       	5226      	-21.5
784       	17:14:58  	537.7 	-5.0  	26    	53.0     	206   	22.9       	47.8       	5235      	-21.6
786       	17:15:00  	537.1 	-5.1  	26    	53.1     	206   	23.0       	47.9       	5245      	-21.7
788       	17:15:02  	536.4 	-5.2  	25    	53.3     	206   	23.1       	48.0       	5255      	-21.8
790       	17:15:04  	535.7 	-5.3  	25    	53.3     	206   	23.1       	48.0       	5264      	-21.9
792       	17:15:06  	535.0 	-5.3  	25    	53.3     	206   	23.1       	48.0       	5275      	-22.1
794       	17:15:08  	534.3 	-5.4  	25    	53.3     	206   	23.1       	48.0       	5285      	-22.2
796       	17:15:10  	533.6 	-5.5  	25    	53.2     	206   	23.0       	48.0       	5295      	-22.2
798       	17:15:12  	532.9 	-5.6  	25    	53.3     	206   	23.1       	48.0       	5305      	-22.3
800       	17:15:14  	532.2 	-5.7  	25    	53.4     	206   	23.1       	48.1       	5316      	-22.3
802       	17:15:16  	531.5 	-5.7  	26    	53.4     	206   	23.1       	48.1       	5327      	-22.3
804       	17:15:18  	530.8 	-5.8  	26    	53.5     	206   	23.2       	48.2       	5337      	-22.3
806       	17:15:20  	530.0 	-5.9  	26    	53.6     	206   	23.2       	48.3       	5348      	-22.3
808       	17:15:22  	529.3 	-6.0  	26    	53.6     	206   	23.3       	48.3       	5359      	-22.5
810       	17:15:24  	528.6 	-6.0  	25    	53.6     	206   	23.3       	48.3       	5370      	-22.6
812       	17:15:26  	527.9 	-6.1  	25    	53.7     	206   	23.4       	48.3       	5381      	-22.8
814       	17:15:28  	527.1 	-6.1  	24    	53.6     	206   	23.5       	48.2       	5391      	-23.1
816       	17:15:30  	526.4 	-6.2  	24    	53.7     	206   	23.6       	48.2       	5402      	-23.4
818       	17:15:32  	525.7 	-6.3  	24    	53.6     	206   	23.6       	48.1       	5413      	-23.6
820       	17:15:34  	524.9 	-6.3  	23    	53.5     	206   	23.7       	48.0       	5424      	-23.8
822       	17:15:36  	524.2 	-6.4  	23    	53.4     	206   	23.7       	47.9       	5435      	-23.9
824       	17:15:38  	523.4 	-6.5  	23    	53.4     	206   	23.7       	47.8       	5446      	-23.9
826       	17:15:40  	522.7 	-6.6  	23    	53.3     	207   	23.8       	47.7       	5457      	-23.9
828       	17:15:42  	522.0 	-6.6  	24    	53.3     	207   	23.8       	47.7       	5468      	-23.9
830       	17:15:44  	521.3 	-6.7  	24    	53.3     	207   	23.8       	47.7       	5479      	-24.0
832       	17:15:46  	520.6 	-6.8  	24    	53.3     	207   	23.8       	47.7       	5489      	-24.0
834       	17:15:48  	519.9 	-6.8  	24    	53.3     	207   	23.8       	47.7       	5500      	-24.1
836       	17:15:50  	519.1 	-6.8  	23    	53.4     	206   	23.8       	47.8       	5510      	-24.2
838       	17:15:52  	518.4 	-6.9  	23    	53.4     	206   	23.7       	47.9       	5521      	-24.4
840       	17:15:54  	517.7 	-6.9  	22    	53.4     	206   	23.6       	47.9       	5532      	-24.8
842       	17:15:56  	517.0 	-6.9  	21    	53.4     	206   	23.5       	48.0       	5543      	-25.2
844       	17:15:58  	516.3 	-7.0  	21    	53.4     	206   	23.5       	48.0       	5553      	-25.6
846       	17:16:00  	515.6 	-7.0  	20    	53.4     	206   	23.4       	48.0       	5564      	-26.1
848       	17:16:02  	514.9 	-7.1  	19    	53.3     	206   	23.2       	48.0       	5575      	-26.6
850       	17:16:04  	514.2 	-7.2  	19    	53.2     	206   	23.0       	48.0       	5585      	-27.0
852       	17:16:06  	513.5 	-7.2  	18    	53.2     	206   	22.9       	48.0       	5596      	-27.3
854       	17:16:08  	512.8 	-7.3  	18    	53.1     	205   	22.7       	48.0       	5606      	-27.6
856       	17:16:10  	512.1 	-7.3  	17    	53.1     	205   	22.6       	48.0       	5617      	-27.8
858       	17:16:12  	511.4 	-7.4  	17    	52.9     	205   	22.5       	47.9       	5627      	-28.0
860       	17:16:14  	510.7 	-7.4  	17    	52.9     	205   	22.4       	47.9       	5638      	-28.2
862       	17:16:16  	510.0 	-7.5  	16    	52.7     	205   	22.3       	47.8       	5648      	-28.5
864       	17:16:18  	509.3 	-7.5  	16    	52.7     	205   	22.2       	47.8       	5659      	-29.0
866       	17:16:20  	508.7 	-7.6  	15    	52.7     	205   	22.2       	47.8       	5669      	-29.3
868       	17:16:22  	508.0 	-7.7  	15    	52.7     	205   	22.2       	47.8       	5680      	-29.7
870       	17:16:24  	507.3 	-7.8  	15    	52.8     	205   	22.2       	47.9       	5690      	-30.1
872       	17:16:26  	506.6 	-7.9  	14    	53.0     	205   	22.2       	48.1       	5701      	-30.5
874       	17:16:28  	506.0 	-7.9  	14    	53.1     	205   	22.1       	48.3       	5711      	-30.8
876       	17:16:30  	505.3 	-8.0  	13    	53.3     	204   	22.1       	48.5       	5721      	-31.3
878       	17:16:32  	504.6 	-8.1  	13    	53.5     	204   	22.1       	48.7       	5731      	-31.5
880       	17:16:34  	504.0 	-8.2  	13    	53.6     	204   	22.1       	48.8       	5741      	-31.8
882       	17:16:36  	503.3 	-8.3  	12    	53.8     	204   	22.1       	49.0       	5752      	-32.2
884       	17:16:38  	502.6 	-8.4  	12    	53.9     	204   	22.1       	49.2       	5762      	-32.4
886       	17:16:40  	502.0 	-8.5  	12    	54.1     	204   	22.0       	49.4       	5772      	-32.7
888       	17:16:42  	501.3 	-8.5  	12    	54.3     	204   	22.0       	49.6       	5782      	-33.0
890       	17:16:44  	500.6 	-8.6  	11    	54.3     	204   	22.0       	49.6       	5793      	-33.3
892       	17:16:46  	500.0 	-8.7  	11    	54.3     	204   	22.0       	49.6       	5803      	-33.6
894       	17:16:48  	499.3 	-8.7  	10    	54.3     	204   	22.0       	49.6       	5813      	-34.2
896       	17:16:50  	498.6 	-8.8  	10    	54.2     	204   	22.0       	49.5       	5824      	-34.8
898       	17:16:52  	497.9 	-8.8  	9     	54.0     	204   	22.0       	49.3       	5834      	-35.4
900       	17:16:54  	497.2 	-8.9  	9     	53.7     	204   	21.9       	49.0       	5845      	-36.1
902       	17:16:56  	496.6 	-9.0  	8     	53.5     	204   	21.9       	48.8       	5857      	-36.9
904       	17:16:58  	496.0 	-9.0  	7     	53.3     	204   	21.9       	48.6       	5866      	-37.7
906       	17:17:00  	495.4 	-9.1  	7     	53.0     	204   	21.8       	48.3       	5874      	-38.3
908       	17:17:02  	494.8 	-9.1  	7     	52.8     	204   	21.8       	48.1       	5883      	-38.8
910       	17:17:04  	494.2 	-9.2  	6     	52.6     	204   	21.8       	47.9       	5893      	-39.2
912       	17:17:06  	493.6 	-9.2  	6     	52.4     	205   	21.8       	47.6       	5903      	-39.3
914       	17:17:08  	493.0 	-9.3  	6     	52.1     	205   	21.7       	47.4       	5912      	-39.4
916       	17:17:10  	492.4 	-9.3  	6     	52.0     	205   	21.7       	47.3       	5922      	-39.6
918       	17:17:12  	491.7 	-9.4  	6     	52.0     	205   	21.7       	47.3       	5931      	-39.6
920       	17:17:14  	491.1 	-9.4  	6     	52.0     	205   	21.7       	47.3       	5941      	-39.7
922       	17:17:16  	490.5 	-9.5  	6     	52.0     	205   	21.7       	47.3       	5950      	-39.8
924       	17:17:18  	489.9 	-9.6  	6     	52.0     	205   	21.7       	47.3       	5960      	-39.8
926       	17:17:20  	489.3 	-9.7  	6     	52.0     	205   	21.7       	47.3       	5970      	-39.9
928       	17:17:22  	488.7 	-9.8  	6     	52.0     	205   	21.7       	47.3       	5979      	-40.0
930       	17:17:24  	488.2 	-9.9  	6     	52.1     	205   	21.8       	47.3       	5988      	-40.1
932       	17:17:26  	487.6 	-9.9  	6     	52.2     	205   	22.0       	47.3       	5996      	-40.1
934       	17:17:28  	487.1 	-10.0 	6     	52.2     	205   	22.2       	47.2       	6004      	-40.0
936       	17:17:30  	486.6 	-10.1 	6     	52.2     	205   	22.4       	47.2       	6013      	-37.8
938       	17:17:32  	486.0 	-10.1 	6     	52.3     	206   	22.6       	47.2       	6021      	-38.2
940       	17:17:34  	485.5 	-10.2 	6     	52.4     	206   	22.7       	47.2       	6030      	-38.4
942       	17:17:36  	484.9 	-10.3 	6     	52.5     	206   	22.9       	47.2       	6039      	-38.7
944       	17:17:38  	484.3 	-10.4 	6     	52.5     	206   	23.1       	47.2       	6049      	-39.0
946       	17:17:40  	483.7 	-10.5 	6     	52.6     	206   	23.3       	47.2       	6059      	-39.2
948       	17:17:42  	483.1 	-10.6 	6     	52.7     	206   	23.5       	47.2       	6068      	-39.3
950       	17:17:44  	482.5 	-10.7 	6     	52.8     	207   	23.6       	47.2       	6078      	-39.1
952       	17:17:46  	481.9 	-10.7 	6     	52.8     	207   	23.6       	47.2       	6088      	-38.3
954       	17:17:48  	481.3 	-10.8 	7     	52.8     	207   	23.6       	47.2       	6097      	-37.5
956       	17:17:50  	480.8 	-10.8 	8     	52.8     	207   	23.6       	47.2       	6104      	-36.9
958       	17:17:52  	480.4 	-11.0 	8     	52.8     	207   	23.6       	47.2       	6110      	-36.5
960       	17:17:54  	480.0 	-11.0 	8     	52.8     	207   	23.6       	47.2       	6118      	-36.2
962       	17:17:56  	479.5 	-11.1 	9     	52.8     	207   	23.6       	47.2       	6125      	-35.9
964       	17:17:58  	479.0 	-11.2 	9     	52.8     	207   	23.6       	47.2       	6133      	-35.8
966       	17:18:00  	478.6 	-11.3 	9     	52.8     	207   	23.6       	47.2       	6140      	-35.5
968       	17:18:02  	478.1 	-11.4 	10    	52.8     	207   	23.6       	47.2       	6148      	-35.2
970       	17:18:04  	477.6 	-11.5 	10    	52.8     	207   	23.6       	47.2       	6155      	-35.1
972       	17:18:06  	477.2 	-11.5 	10    	52.8     	207   	23.6       	47.2       	6163      	-34.6
974       	17:18:08  	476.7 	-11.6 	11    	52.8     	207   	23.7       	47.2       	6170      	-34.1
976       	17:18:10  	476.2 	-12.8 	12    	52.8     	207   	23.8       	47.1       	6178      	-34.5
978       	17:18:12  	475.7 	-13.8 	13    	52.8     	207   	23.8       	47.1       	6186      	-34.7
980       	17:18:14  	475.3 	-13.9 	13    	52.8     	207   	23.9       	47.1       	6193      	-34.3
982       	17:18:16  	474.8 	-13.9 	14    	52.8     	207   	23.9       	47.1       	6201      	-34.1
984       	17:18:18  	474.3 	-14.0 	14    	52.8     	207   	24.0       	47.0       	6208      	-33.6
986       	17:18:20  	473.9 	-14.3 	15    	52.8     	207   	24.1       	47.0       	6215      	-33.5
988       	17:18:22  	473.4 	-14.3 	15    	52.8     	207   	24.1       	47.0       	6223      	-33.2
990       	17:18:24  	473.0 	-14.0 	16    	52.9     	207   	24.2       	47.0       	6230      	-32.7
992       	17:18:26  	472.5 	-12.6 	16    	52.9     	207   	24.2       	47.0       	6238      	-31.3
994       	17:18:28  	472.0 	-12.2 	16    	52.9     	207   	24.2       	47.0       	6245      	-30.8
996       	17:18:30  	471.6 	-12.2 	17    	52.9     	207   	24.2       	47.0       	6252      	-30.7
998       	17:18:32  	471.1 	-12.3 	17    	52.9     	207   	24.2       	47.0       	6260      	-30.4
1000      	17:18:34  	470.7 	-12.3 	18    	52.9     	207   	24.2       	47.0       	6267      	-30.1
1002      	17:18:36  	470.2 	-12.4 	19    	52.9     	207   	24.2       	47.0       	6274      	-29.7
1004      	17:18:38  	469.8 	-12.5 	19    	52.9     	207   	24.2       	47.0       	6282      	-29.4
1006      	17:18:40  	469.4 	-12.5 	20    	52.9     	207   	24.2       	47.0       	6289      	-29.2
1008      	17:18:42  	468.9 	-12.6 	20    	53.0     	207   	24.2       	47.1       	6296      	-29.0
1010      	17:18:44  	468.5 	-12.6 	21    	53.3     	207   	24.4       	47.4       	6303      	-28.8
1012      	17:18:46  	468.0 	-12.7 	21    	53.6     	207   	24.6       	47.6       	6310      	-28.8
1014      	17:18:48  	467.6 	-12.8 	21    	53.9     	207   	24.7       	47.9       	6317      	-28.9
1016      	17:18:50  	467.2 	-12.9 	21    	54.3     	207   	24.9       	48.2       	6324      	-28.9
1018      	17:18:52  	466.7 	-12.9 	21    	54.6     	207   	25.1       	48.5       	6331      	-29.0
1020      	17:18:54  	466.3 	-13.0 	21    	54.8     	207   	25.2       	48.7       	6339      	-29.0
1022      	17:18:56  	465.9 	-13.0 	21    	55.2     	207   	25.4       	49.0       	6346      	-28.9
1024      	17:18:58  	465.4 	-13.1 	22    	55.5     	207   	25.5       	49.3       	6352      	-28.9
1026      	17:19:00  	465.0 	-13.1 	22    	55.6     	207   	25.6       	49.3       	6359      	-28.8
1028      	17:19:02  	464.7 	-13.2 	22    	55.5     	207   	25.6       	49.2       	6365      	-28.6
1030      	17:19:04  	464.3 	-13.2 	23    	55.3     	208   	25.6       	49.0       	6372      	-28.6
1032      	17:19:06  	463.9 	-13.3 	23    	55.0     	208   	25.5       	48.7       	6378      	-28.5
1034      	17:19:08  	463.5 	-13.3 	23    	54.7     	208   	25.4       	48.5       	6384      	-28.4
1036      	17:19:10  	463.1 	-13.4 	24    	54.6     	208   	25.4       	48.3       	6390      	-28.4
1038      	17:19:12  	462.8 	-13.5 	24    	54.3     	208   	25.3       	48.0       	6396      	-28.3
1040      	17:19:14  	462.4 	-13.5 	24    	54.0     	208   	25.2       	47.8       	6402      	-28.3
1042      	17:19:16  	462.1 	-13.6 	24    	53.7     	208   	25.1       	47.5       	6407      	-28.1
1044      	17:19:18  	461.7 	-13.6 	25    	53.5     	208   	25.1       	47.3       	6413      	-28.1
1046      	17:19:20  	461.4 	-13.7 	25    	53.5     	208   	25.1       	47.3       	6419      	-27.9
1048      	17:19:22  	461.1 	-13.7 	26    	53.5     	208   	25.1       	47.3       	6424      	-27.7
1050      	17:19:24  	460.7 	-13.7 	26    	53.5     	208   	25.1       	47.3       	6430      	-27.6
1052      	17:19:26  	460.4 	-13.8 	27    	53.6     	208   	25.1       	47.4       	6435      	-27.4
1054      	17:19:28  	460.1 	-13.8 	27    	53.8     	208   	25.2       	47.5       	6441      	-27.3
1056      	17:19:30  	459.7 	-13.8 	27    	53.8     	208   	25.2       	47.5       	6446      	-27.2
1058      	17:19:32  	459.4 	-13.8 	28    	53.9     	208   	25.2       	47.6       	6452      	-27.1
1060      	17:19:34  	459.1 	-13.8 	28    	53.9     	208   	25.3       	47.6       	6457      	-27.0
1062      	17:19:36  	458.7 	-13.9 	28    	54.0     	208   	25.3       	47.7       	6463      	-27.0
1064      	17:19:38  	458.4 	-13.9 	28    	54.1     	208   	25.4       	47.8       	6468      	-27.1
1066      	17:19:40  	458.1 	-14.0 	28    	54.1     	208   	25.4       	47.8       	6474      	-27.0
1068      	17:19:42  	457.7 	-14.1 	29    	54.3     	208   	25.5       	47.9       	6479      	-27.0
1070      	17:19:44  	457.4 	-14.1 	29    	54.3     	208   	25.5       	47.9       	6485      	-27.0
1072      	17:19:46  	457.1 	-14.2 	29    	54.3     	208   	25.5       	47.9       	6490      	-27.1
1074      	17:19:48  	456.7 	-14.2 	29    	54.3     	208   	25.5       	47.9       	6496      	-27.1
1076      	17:19:50  	456.4 	-14.3 	29    	54.3     	208   	25.5       	47.9       	6501      	-27.2
1078      	17:19:52  	456.1 	-14.4 	29    	54.3     	208   	25.5       	47.9       	6507      	-27.3
1080      	17:19:54  	455.7 	-14.5 	29    	54.3     	208   	25.5       	47.9       	6513      	-27.3
1082      	17:19:56  	455.4 	-14.5 	29    	54.3     	208   	25.5       	47.9       	6518      	-27.4
1084      	17:19:58  	455.1 	-14.6 	29    	54.3     	208   	25.5       	47.9       	6523      	-27.4
1086      	17:20:00  	454.7 	-14.6 	29    	54.3     	208   	25.5       	47.9       	6529      	-27.4
1088      	17:20:02  	454.4 	-14.7 	29    	54.3     	208   	25.5       	47.9       	6534      	-27.4
1090      	17:20:04  	454.1 	-14.8 	30    	54.3     	208   	25.5       	47.9       	6540      	-27.3
1092      	17:20:06  	453.8 	-14.8 	30    	54.3     	208   	25.5       	47.9       	6545      	-27.3
1094      	17:20:08  	453.4 	-14.8 	30    	54.3     	208   	25.5       	47.9       	6551      	-27.3
1096      	17:20:10  	453.1 	-14.8 	30    	54.3     	208   	25.5       	47.9       	6556      	-27.2
1098      	17:20:12  	452.8 	-14.8 	30    	54.3     	208   	25.5       	47.9       	6562      	-27.2
1100      	17:20:14  	452.5 	-14.8 	30    	54.3     	208   	25.5       	47.9       	6567      	-27.3
1102      	17:20:16  	452.2 	-14.9 	30    	54.3     	208   	25.5       	47.9       	6572      	-27.2
1104      	17:20:18  	451.9 	-14.9 	30    	54.3     	208   	25.5       	47.9       	6577      	-27.3
1106      	17:20:20  	451.6 	-14.9 	30    	54.3     	208   	25.7       	47.8       	6581      	-27.3
1108      	17:20:22  	451.3 	-14.9 	30    	54.3     	209   	25.9       	47.7       	6586      	-27.3
1110      	17:20:24  	451.0 	-15.0 	30    	54.3     	209   	26.2       	47.6       	6591      	-27.4
1112      	17:20:26  	450.7 	-15.0 	30    	54.3     	209   	26.4       	47.5       	6596      	-27.4
1114      	17:20:28  	450.4 	-15.0 	30    	54.3     	209   	26.7       	47.3       	6601      	-27.2
1116      	17:20:30  	450.1 	-15.0 	31    	54.3     	210   	26.9       	47.2       	6607      	-27.1
1118      	17:20:32  	449.9 	-15.0 	31    	54.4     	210   	27.2       	47.1       	6611      	-27.0
1120      	17:20:34  	449.6 	-15.0 	31    	54.3     	210   	27.4       	46.9       	6615      	-27.0
1122      	17:20:36  	449.4 	-15.0 	32    	54.4     	211   	27.7       	46.8       	6619      	-27.0
1124      	17:20:38  	449.1 	-15.1 	32    	54.5     	211   	28.0       	46.7       	6623      	-26.8
1126      	17:20:40  	448.9 	-15.1 	33    	54.4     	211   	28.0       	46.6       	6627      	-26.6
1128      	17:20:42  	448.6 	-15.1 	33    	54.4     	211   	28.0       	46.6       	6631      	-26.5
1130      	17:20:44  	448.4 	-15.1 	34    	54.4     	211   	28.0       	46.6       	6635      	-26.4
1132      	17:20:46  	448.1 	-15.2 	34    	54.4     	211   	28.1       	46.6       	6639      	-26.2
1134      	17:20:48  	447.9 	-15.2 	35    	54.5     	211   	28.3       	46.6       	6644      	-26.0
1136      	17:20:50  	447.6 	-15.2 	36    	54.6     	211   	28.5       	46.6       	6648      	-25.9
1138      	17:20:52  	447.4 	-15.2 	36    	54.6     	212   	28.7       	46.5       	6653      	-25.8
1140      	17:20:54  	447.1 	-15.2 	37    	54.8     	212   	29.0       	46.5       	6657      	-25.7
1142      	17:20:56  	446.9 	-15.2 	37    	54.8     	212   	29.2       	46.4       	6661      	-25.6
1144      	17:20:58  	446.6 	-15.2 	37    	54.9     	212   	29.4       	46.4       	6665      	-25.6
1146      	17:21:00  	446.4 	-15.2 	37    	55.0     	213   	29.6       	46.4       	6669      	-25.7
1148      	17:21:02  	446.2 	-15.2 	36    	55.1     	213   	29.8       	46.3       	6673      	-25.7
1150      	17:21:04  	445.9 	-15.3 	36    	55.2     	213   	30.0       	46.3       	6677      	-25.8
1152      	17:21:06  	445.7 	-15.3 	36    	55.1     	213   	30.1       	46.2       	6681      	-25.8
1154      	17:21:08  	445.5 	-15.2 	36    	55.0     	213   	30.1       	46.0       	6685      	-25.8
1156      	17:21:10  	445.2 	-15.3 	36    	54.8     	213   	30.1       	45.8       	6689      	-25.8
1158      	17:21:12  	445.0 	-15.3 	36    	54.6     	213   	30.1       	45.6       	6692      	-25.8
1160      	17:21:14  	444.8 	-15.3 	36    	54.5     	214   	30.2       	45.4       	6696      	-25.9
1162      	17:21:16  	444.6 	-15.4 	36    	54.4     	214   	30.2       	45.2       	6699      	-25.9
1164      	17:21:18  	444.4 	-15.4 	36    	54.2     	214   	30.2       	45.0       	6702      	-26.0
1166      	17:21:20  	444.2 	-15.4 	36    	54.0     	214   	30.2       	44.8       	6706      	-26.0
1168      	17:21:22  	444.0 	-15.5 	36    	53.9     	214   	30.2       	44.6       	6709      	-26.1
1170      	17:21:24  	443.8 	-15.5 	36    	53.7     	214   	30.2       	44.4       	6713      	-26.2
1172      	17:21:26  	443.5 	-15.6 	35    	53.5     	214   	30.2       	44.2       	6717      	-26.4
1174      	17:21:28  	443.3 	-15.7 	35    	53.5     	214   	30.2       	44.2       	6722      	-26.5
1176      	17:21:30  	443.0 	-15.7 	35    	53.5     	214   	30.2       	44.2       	6727      	-26.7
1178      	17:21:32  	442.7 	-15.8 	34    	53.5     	214   	30.2       	44.2       	6732      	-26.8
1180      	17:21:34  	442.5 	-15.8 	34    	53.5     	214   	30.2       	44.2       	6736      	-26.9
1182      	17:21:36  	442.3 	-15.8 	34    	53.5     	214   	30.2       	44.2       	6739      	-26.9
1184      	17:21:38  	442.1 	-15.8 	34    	53.5     	214   	30.2       	44.2       	6742      	-26.9
1186      	17:21:40  	441.9 	-15.9 	34    	53.5     	214   	30.2       	44.2       	6745      	-26.9
1188      	17:21:42  	441.7 	-15.9 	34    	53.5     	214   	30.2       	44.2       	6749      	-27.0
1190      	17:21:44  	441.5 	-16.0 	34    	53.5     	214   	30.2       	44.2       	6752      	-27.0
1192      	17:21:46  	441.3 	-16.0 	34    	53.5     	214   	30.2       	44.2       	6755      	-27.1
1194      	17:21:48  	441.1 	-16.0 	34    	53.5     	214   	30.2       	44.2       	6759      	-27.1
1196      	17:21:50  	440.9 	-16.0 	33    	53.6     	214   	30.1       	44.3       	6762      	-27.3
1198      	17:21:52  	440.8 	-16.0 	33    	53.5     	214   	30.0       	44.3       	6765      	-27.5
1200      	17:21:54  	440.6 	-16.1 	32    	53.5     	214   	29.8       	44.4       	6768      	-27.7
1202      	17:21:56  	440.4 	-16.1 	32    	53.5     	214   	29.7       	44.5       	6771      	-27.7
1204      	17:21:58  	440.2 	-16.1 	31    	53.5     	213   	29.5       	44.6       	6774      	-28.1
1206      	17:22:00  	440.0 	-16.0 	29    	53.4     	213   	29.3       	44.7       	6778      	-28.6
1208      	17:22:02  	439.8 	-16.0 	28    	53.5     	213   	29.2       	44.8       	6782      	-29.0
1210      	17:22:04  	439.5 	-16.0 	28    	53.5     	213   	29.0       	44.9       	6786      	-29.2
1212      	17:22:06  	439.3 	-16.0 	26    	53.5     	213   	28.9       	45.0       	6790      	-29.6
1214      	17:22:08  	439.0 	-16.0 	25    	53.4     	213   	28.7       	45.0       	6795      	-30.2
1216      	17:22:10  	438.8 	-16.0 	23    	53.4     	212   	28.6       	45.1       	6799      	-30.8
1218      	17:22:12  	438.5 	-16.0 	23    	53.4     	212   	28.6       	45.1       	6803      	-31.0
1220      	17:22:14  	438.3 	-16.0 	22    	53.4     	212   	28.6       	45.1       	6807      	-31.2
1222      	17:22:16  	438.1 	-16.0 	22    	53.4     	212   	28.6       	45.1       	6811      	-31.3
1224      	17:22:18  	437.8 	-16.0 	22    	53.4     	212   	28.6       	45.1       	6815      	-31.3
1226      	17:22:20  	437.6 	-16.0 	22    	53.4     	212   	28.6       	45.1       	6819      	-31.3
1228      	17:22:22  	437.3 	-16.0 	21    	53.4     	212   	28.6       	45.1       	6823      	-31.6
1230      	17:22:24  	437.1 	-16.0 	21    	53.4     	212   	28.6       	45.1       	6827      	-31.8
1232      	17:22:26  	436.9 	-16.0 	20    	53.4     	212   	28.6       	45.1       	6831      	-32.1
1234      	17:22:28  	436.7 	-16.0 	20    	53.4     	212   	28.6       	45.1       	6835      	-32.3
1236      	17:22:30  	436.4 	-16.0 	19    	53.4     	212   	28.6       	45.1       	6839      	-32.6
1238      	17:22:32  	436.2 	-16.0 	19    	53.4     	212   	28.6       	45.1       	6843      	-32.9
1240      	17:22:34  	435.9 	-15.9 	18    	53.4     	212   	28.6       	45.1       	6847      	-33.2
1242      	17:22:36  	435.7 	-15.9 	17    	53.4     	212   	28.6       	45.1       	6852      	-33.5
1244      	17:22:38  	435.5 	-15.9 	17    	53.4     	212   	28.6       	45.1       	6856      	-33.5
1246      	17:22:40  	435.2 	-15.8 	17    	53.4     	212   	28.6       	45.1       	6860      	-33.6
1248      	17:22:42  	435.0 	-15.8 	17    	53.4     	212   	28.6       	45.1       	6864      	-33.7
1250      	17:22:44  	434.8 	-15.8 	17    	53.4     	212   	28.6       	45.1       	6868      	-33.8
1252      	17:22:46  	434.5 	-15.8 	16    	53.4     	212   	28.6       	45.1       	6872      	-33.9
1254      	17:22:48  	434.3 	-15.9 	16    	53.4     	212   	28.6       	45.1       	6876      	-34.0
1256      	17:22:50  	434.1 	-15.9 	16    	53.4     	212   	28.6       	45.1       	6880      	-34.1
1258      	17:22:52  	433.9 	-15.9 	16    	53.4     	212   	28.6       	45.1       	6883      	-34.1
1260      	17:22:54  	433.7 	-16.0 	17    	53.7     	212   	28.6       	45.4       	6887      	-34.0
1262      	17:22:56  	433.4 	-16.0 	17    	54.0     	212   	28.5       	45.9       	6891      	-33.8
1264      	17:22:58  	433.1 	-16.0 	17    	54.4     	211   	28.4       	46.4       	6897      	-33.7
1266      	17:23:00  	432.7 	-16.0 	18    	54.7     	211   	28.3       	46.8       	6903      	-33.4
1268      	17:23:02  	432.4 	-16.1 	18    	55.1     	211   	28.2       	47.3       	6909      	-33.2
1270      	17:23:04  	432.1 	-16.1 	19    	55.4     	210   	28.1       	47.8       	6915      	-33.0
1272      	17:23:06  	431.8 	-16.2 	19    	55.8     	210   	28.0       	48.3       	6919      	-32.7
1274      	17:23:08  	431.5 	-16.2 	20    	56.1     	210   	27.9       	48.7       	6924      	-32.5
1276      	17:23:10  	431.3 	-16.3 	20    	56.5     	209   	27.8       	49.2       	6928      	-32.4
1278      	17:23:12  	431.0 	-16.3 	21    	56.9     	209   	27.7       	49.7       	6933      	-32.1
1280      	17:23:14  	430.8 	-16.4 	21    	57.0     	209   	27.7       	49.8       	6937      	-32.0
1282      	17:23:16  	430.5 	-16.4 	22    	57.0     	209   	27.7       	49.8       	6942      	-31.8
1284      	17:23:18  	430.2 	-16.4 	22    	57.0     	209   	27.7       	49.8       	6947      	-31.7
1286      	17:23:20  	429.9 	-16.5 	22    	57.0     	209   	27.7       	49.8       	6952      	-31.6
1288      	17:23:22  	429.6 	-16.5 	22    	57.0     	209   	27.7       	49.8       	6958      	-31.6
1290      	17:23:24  	429.3 	-16.6 	23    	56.8     	209   	27.6       	49.6       	6964      	-31.2
1292      	17:23:26  	429.0 	-16.6 	24    	56.4     	209   	27.4       	49.3       	6968      	-31.1
1294      	17:23:28  	428.7 	-16.6 	24    	56.2     	209   	27.3       	49.1       	6973      	-30.9
1296      	17:23:30  	428.5 	-16.7 	26    	55.8     	209   	27.1       	48.8       	6978      	-30.3
1298      	17:23:32  	428.2 	-16.8 	27    	55.5     	209   	27.0       	48.5       	6983      	-30.2
1300      	17:23:34  	427.9 	-16.8 	27    	55.1     	209   	26.8       	48.2       	6987      	-30.2
1302      	17:23:36  	427.7 	-16.9 	27    	54.9     	209   	26.6       	48.0       	6992      	-30.1
1304      	17:23:38  	427.4 	-16.9 	27    	54.6     	209   	26.5       	47.7       	6996      	-30.2
1306      	17:23:40  	427.1 	-16.9 	27    	54.2     	209   	26.3       	47.4       	7001      	-30.2
1308      	17:23:42  	426.8 	-17.0 	27    	54.0     	209   	26.2       	47.2       	7007      	-30.2
1310      	17:23:44  	426.5 	-17.0 	27    	53.9     	209   	26.2       	47.1       	7012      	-30.2
1312      	17:23:46  	426.2 	-17.0 	27    	53.9     	209   	26.2       	47.1       	7017      	-30.1
1314      	17:23:48  	425.9 	-17.1 	28    	53.9     	209   	26.2       	47.1       	7023      	-30.1
1316      	17:23:50  	425.5 	-17.1 	28    	53.9     	209   	26.2       	47.1       	7029      	-30.0
1318      	17:23:52  	425.2 	-17.1 	28    	54.1     	209   	26.2       	47.3       	7035      	-29.9
1320      	17:23:54  	424.9 	-17.2 	29    	54.3     	209   	26.3       	47.5       	7041      	-29.7
1322      	17:23:56  	424.6 	-17.2 	31    	54.5     	209   	26.4       	47.7       	7046      	-29.2
1324      	17:23:58  	424.3 	-17.2 	32    	54.6     	209   	26.4       	47.8       	7051      	-28.8
1326      	17:24:00  	424.0 	-17.3 	34    	54.8     	209   	26.5       	48.0       	7056      	-28.4
1328      	17:24:02  	423.7 	-17.3 	35    	55.1     	209   	26.6       	48.2       	7061      	-28.1
1330      	17:24:04  	423.4 	-17.4 	36    	55.2     	209   	26.6       	48.4       	7066      	-27.8
1332      	17:24:06  	423.2 	-17.4 	38    	55.4     	209   	26.7       	48.5       	7071      	-27.4
1334      	17:24:08  	422.9 	-17.4 	39    	55.5     	209   	26.7       	48.7       	7076      	-27.0
1336      	17:24:10  	422.6 	-17.4 	40    	55.6     	209   	26.8       	48.7       	7080      	-26.7
1338      	17:24:12  	422.4 	-17.4 	41    	55.5     	209   	26.7       	48.6       	7085      	-26.6
1340      	17:24:14  	422.0 	-17.5 	42    	55.4     	209   	26.7       	48.5       	7092      	-26.4
1342      	17:24:16  	421.7 	-17.5 	43    	55.3     	209   	26.7       	48.4       	7098      	-26.2
1344      	17:24:18  	421.3 	-17.5 	44    	55.2     	209   	26.7       	48.3       	7104      	-26.0
1346      	17:24:20  	421.0 	-17.5 	44    	55.1     	209   	26.7       	48.2       	7110      	-25.9
1348      	17:24:22  	420.6 	-17.5 	46    	55.0     	209   	26.6       	48.1       	7117      	-25.6
1350      	17:24:24  	420.3 	-17.5 	47    	55.0     	209   	26.6       	48.1       	7123      	-25.3
1352      	17:24:26  	419.9 	-17.5 	49    	54.9     	209   	26.6       	48.0       	7129      	-25.0
1354      	17:24:28  	419.6 	-17.6 	50    	54.8     	209   	26.6       	47.9       	7135      	-24.6
1356      	17:24:30  	419.2 	-17.6 	51    	54.8     	209   	26.6       	47.9       	7141      	-24.5
1358      	17:24:32  	418.9 	-17.6 	53    	54.8     	209   	26.6       	47.9       	7147      	-24.3
1360      	17:24:34  	418.6 	-17.6 	53    	54.8     	209   	26.6       	47.9       	7153      	-24.2
1362      	17:24:36  	418.2 	-17.6 	53    	54.8     	209   	26.6       	47.9       	7159      	-24.2
1364      	17:24:38  	417.9 	-17.6 	53    	54.8     	209   	26.6       	47.9       	7165      	-24.2
1366      	17:24:40  	417.5 	-17.6 	53    	54.8     	209   	26.6       	47.9       	7171      	-24.2
1368      	17:24:42  	417.2 	-17.6 	53    	54.8     	209   	26.6       	47.9       	7177      	-24.3
1370      	17:24:44  	416.9 	-17.7 	53    	54.8     	209   	26.6       	47.9       	7183      	-24.3
1372      	17:24:46  	416.5 	-17.7 	53    	55.1     	209   	26.6       	48.2       	7189      	-24.3
1374      	17:24:48  	416.2 	-17.8 	53    	55.2     	209   	26.6       	48.4       	7196      	-24.3
1376      	17:24:50  	415.8 	-17.9 	53    	55.5     	209   	26.7       	48.7       	7202      	-24.4
1378      	17:24:52  	415.5 	-18.0 	53    	55.8     	209   	26.7       	49.0       	7208      	-24.5
1380      	17:24:54  	415.1 	-18.1 	53    	56.0     	208   	26.7       	49.2       	7215      	-24.5
1382      	17:24:56  	414.7 	-18.2 	54    	56.2     	208   	26.7       	49.5       	7223      	-24.6
1384      	17:24:58  	414.2 	-18.2 	54    	56.6     	208   	26.8       	49.8       	7231      	-24.6
1386      	17:25:00  	413.7 	-18.3 	54    	56.7     	208   	26.8       	50.0       	7240      	-24.7
1388      	17:25:02  	413.3 	-18.4 	54    	57.0     	208   	26.8       	50.3       	7248      	-24.8
1390      	17:25:04  	412.8 	-18.5 	54    	57.2     	208   	26.9       	50.5       	7256      	-24.9
1392      	17:25:06  	412.4 	-18.6 	54    	57.2     	208   	26.9       	50.5       	7264      	-24.9
1394      	17:25:08  	411.9 	-18.6 	54    	57.2     	208   	26.9       	50.5       	7272      	-25.0
1396      	17:25:10  	411.5 	-18.7 	54    	57.2     	208   	26.7       	50.6       	7281      	-25.1
1398      	17:25:12  	411.0 	-18.8 	54    	57.2     	208   	26.6       	50.6       	7289      	-25.1
1400      	17:25:14  	410.5 	-18.8 	54    	57.2     	208   	26.4       	50.7       	7297      	-25.2
1402      	17:25:16  	410.1 	-18.9 	54    	57.1     	207   	26.2       	50.7       	7306      	-25.2
1404      	17:25:18  	409.6 	-18.9 	54    	57.1     	207   	26.0       	50.8       	7315      	-25.2
1406      	17:25:20  	409.1 	-19.0 	54    	57.0     	207   	25.8       	50.8       	7324      	-25.2
1408      	17:25:22  	408.6 	-19.0 	55    	57.0     	207   	25.7       	50.9       	7333      	-25.2
1410      	17:25:24  	408.1 	-19.1 	55    	56.9     	207   	25.5       	50.9       	7342      	-25.3
1412      	17:25:26  	407.6 	-19.2 	55    	56.9     	206   	25.3       	51.0       	7351      	-25.3
1414      	17:25:28  	407.1 	-19.2 	55    	56.8     	206   	25.1       	51.0       	7359      	-25.3
1416      	17:25:30  	406.6 	-19.3 	55    	56.8     	206   	25.1       	51.0       	7368      	-25.4
1418      	17:25:32  	406.2 	-19.3 	55    	56.8     	206   	25.1       	51.0       	7377      	-25.4
1420      	17:25:34  	405.7 	-19.4 	56    	56.8     	206   	25.1       	51.0       	7386      	-25.4
1422      	17:25:36  	405.2 	-19.5 	56    	56.8     	206   	25.1       	51.0       	7395      	-25.4
1424      	17:25:38  	404.7 	-19.5 	56    	56.8     	206   	25.1       	51.0       	7404      	-25.5
1426      	17:25:40  	404.2 	-19.6 	56    	56.9     	206   	25.1       	51.1       	7413      	-25.5
1428      	17:25:42  	403.7 	-19.7 	56    	57.1     	206   	25.2       	51.2       	7422      	-25.5
1430      	17:25:44  	403.2 	-19.8 	57    	57.3     	206   	25.3       	51.4       	7431      	-25.5
1432      	17:25:46  	402.7 	-19.9 	57    	57.4     	206   	25.4       	51.5       	7441      	-25.6
1434      	17:25:48  	402.2 	-19.9 	57    	57.6     	206   	25.5       	51.6       	7451      	-25.6
1436      	17:25:50  	401.6 	-20.0 	57    	57.8     	206   	25.6       	51.8       	7460      	-25.7
1438      	17:25:52  	401.1 	-20.1 	57    	57.9     	206   	25.7       	51.9       	7471      	-25.8
1440      	17:25:54  	400.5 	-20.3 	58    	58.0     	206   	25.7       	52.0       	7481      	-25.9
1442      	17:25:56  	400.0 	-20.4 	58    	58.2     	206   	25.8       	52.2       	7491      	-25.9
1444      	17:25:58  	399.4 	-20.5 	58    	58.4     	206   	25.9       	52.3       	7501      	-25.9
1446      	17:26:00  	398.9 	-20.5 	59    	58.5     	206   	26.0       	52.4       	7511      	-25.9
1448      	17:26:02  	398.3 	-20.6 	59    	58.5     	206   	26.0       	52.4       	7522      	-26.0
1450      	17:26:04  	397.8 	-20.7 	59    	58.5     	206   	26.0       	52.4       	7532      	-26.0
1452      	17:26:06  	397.2 	-20.8 	60    	58.5     	206   	26.0       	52.4       	7542      	-26.0
1454      	17:26:08  	396.6 	-20.9 	60    	58.5     	206   	26.0       	52.4       	7552      	-26.1
1456      	17:26:10  	396.1 	-21.0 	61    	58.5     	206   	26.0       	52.4       	7564      	-26.1
1458      	17:26:12  	395.5 	-21.1 	61    	58.5     	206   	26.0       	52.4       	7575      	-26.2
1460      	17:26:14  	394.9 	-21.2 	61    	58.5     	206   	26.0       	52.4       	7586      	-26.3
1462      	17:26:16  	394.3 	-21.3 	61    	58.5     	206   	26.0       	52.4       	7597      	-26.4
1464      	17:26:18  	393.7 	-21.5 	61    	58.5     	206   	26.0       	52.4       	7608      	-26.4
1466      	17:26:20  	393.1 	-21.6 	61    	58.5     	206   	26.0       	52.4       	7619      	-26.5
1468      	17:26:22  	392.5 	-21.7 	61    	58.5     	206   	26.0       	52.4       	7631      	-26.6
1470      	17:26:24  	391.9 	-21.8 	61    	58.5     	206   	26.0       	52.4       	7641      	-26.8
1472      	17:26:26  	391.4 	-21.9 	60    	58.5     	206   	26.0       	52.4       	7651      	-27.0
1474      	17:26:28  	390.9 	-22.0 	60    	58.5     	206   	26.0       	52.4       	7661      	-27.1
1476      	17:26:30  	390.4 	-22.0 	59    	58.5     	206   	26.0       	52.4       	7670      	-27.3
1478      	17:26:32  	389.8 	-22.1 	59    	58.5     	206   	26.0       	52.4       	7680      	-27.4
1480      	17:26:34  	389.2 	-22.1 	57    	58.9     	207   	26.4       	52.6       	7692      	-27.7
1482      	17:26:36  	388.7 	-22.1 	56    	59.3     	207   	26.9       	52.9       	7703      	-27.9
1484      	17:26:38  	388.1 	-22.1 	55    	59.7     	207   	27.3       	53.1       	7714      	-28.2
1486      	17:26:40  	387.5 	-22.2 	53    	60.2     	208   	27.8       	53.4       	7725      	-28.5
1488      	17:26:42  	386.9 	-22.2 	53    	60.6     	208   	28.2       	53.6       	7737      	-28.6
1490      	17:26:44  	386.3 	-22.3 	52    	61.1     	208   	28.7       	53.9       	7748      	-28.8
1492      	17:26:46  	385.7 	-22.3 	50    	61.5     	208   	29.2       	54.1       	7759      	-29.2
1494      	17:26:48  	385.1 	-22.3 	48    	61.9     	209   	29.6       	54.4       	7771      	-29.5
1496      	17:26:50  	384.5 	-22.4 	47    	62.3     	209   	30.1       	54.6       	7782      	-29.8
1498      	17:26:52  	383.9 	-22.4 	47    	62.8     	209   	30.5       	54.9       	7793      	-30.0
1500      	17:26:54  	383.3 	-22.5 	46    	62.9     	209   	30.6       	54.9       	7805      	-30.2
1502      	17:26:56  	382.7 	-22.6 	46    	62.9     	209   	30.6       	54.9       	7816      	-30.3
1504      	17:26:58  	382.1 	-22.7 	46    	62.9     	209   	30.6       	54.9       	7828      	-30.5
1506      	17:27:00  	381.5 	-22.8 	45    	62.9     	209   	30.6       	54.9       	7840      	-30.6
1508      	17:27:02  	380.8 	-22.9 	45    	62.9     	209   	30.6       	54.9       	7852      	-30.6
1510      	17:27:04  	380.2 	-23.0 	45    	62.9     	209   	30.6       	54.9       	7864      	-30.7
1512      	17:27:06  	379.6 	-23.0 	46    	62.9     	209   	30.6       	54.9       	7876      	-30.8
1514      	17:27:08  	378.9 	-23.2 	46    	62.9     	209   	30.6       	54.9       	7889      	-30.9
1516      	17:27:10  	378.3 	-23.3 	46    	62.9     	209   	30.6       	54.9       	7901      	-31.0
1518      	17:27:12  	377.6 	-23.5 	46    	62.9     	209   	30.6       	54.9       	7914      	-31.1
1520      	17:27:14  	377.0 	-23.6 	46    	62.9     	209   	30.6       	54.9       	7926      	-31.1
1522      	17:27:16  	376.3 	-23.7 	46    	62.9     	209   	30.6       	54.9       	7939      	-31.3
1524      	17:27:18  	375.7 	-23.8 	46    	62.9     	209   	30.6       	54.9       	7951      	-31.4
1526      	17:27:20  	375.0 	-23.9 	46    	62.9     	209   	30.6       	54.9       	7964      	-31.5
1528      	17:27:22  	374.4 	-24.0 	46    	62.9     	209   	30.6       	54.9       	7977      	-31.6
1530      	17:27:24  	373.8 	-24.1 	46    	62.9     	209   	30.6       	54.9       	7989      	-31.7
1532      	17:27:26  	373.1 	-24.2 	46    	62.9     	209   	30.6       	54.9       	8002      	-31.8
1534      	17:27:28  	372.5 	-24.3 	46    	62.9     	209   	30.6       	54.9       	8014      	-31.8
1536      	17:27:30  	371.8 	-24.4 	46    	62.9     	209   	30.6       	54.9       	8027      	-32.0
1538      	17:27:32  	371.2 	-24.5 	46    	62.9     	209   	30.6       	54.9       	8040      	-32.1
1540      	17:27:34  	370.5 	-24.6 	46    	62.9     	209   	30.6       	54.9       	8052      	-32.1
1542      	17:27:36  	369.9 	-24.7 	46    	62.9     	209   	30.6       	54.9       	8065      	-32.2
1544      	17:27:38  	369.2 	-24.8 	46    	62.9     	209   	30.6       	54.9       	8078      	-32.3
1546      	17:27:40  	368.6 	-24.9 	46    	62.9     	209   	30.6       	54.9       	8090      	-32.4
1548      	17:27:42  	368.0 	-25.0 	46    	63.1     	209   	30.9       	55.0       	8103      	-32.5
1550      	17:27:44  	367.3 	-25.1 	46    	63.4     	210   	31.3       	55.1       	8116      	-32.6
1552      	17:27:46  	366.7 	-25.2 	46    	63.7     	210   	31.7       	55.2       	8128      	-32.6
1554      	17:27:48  	366.0 	-25.3 	46    	63.9     	210   	32.1       	55.3       	8141      	-32.8
1556      	17:27:50  	365.4 	-25.4 	45    	64.3     	210   	32.6       	55.4       	8154      	-33.1
1558      	17:27:52  	364.8 	-25.5 	45    	64.6     	211   	33.0       	55.5       	8166      	-33.3
1560      	17:27:54  	364.1 	-25.6 	44    	64.9     	211   	33.4       	55.6       	8179      	-33.5
1562      	17:27:56  	363.5 	-25.7 	44    	65.2     	211   	33.8       	55.7       	8192      	-33.7
1564      	17:27:58  	362.8 	-25.8 	43    	65.4     	212   	34.2       	55.8       	8204      	-34.0
1566      	17:28:00  	362.2 	-26.0 	42    	65.8     	212   	34.7       	55.9       	8218      	-34.3
1568      	17:28:02  	361.4 	-26.1 	41    	65.8     	212   	34.8       	55.9       	8234      	-34.6
1570      	17:28:04  	360.6 	-26.2 	41    	65.8     	212   	34.8       	55.9       	8250      	-34.8
1572      	17:28:06  	359.8 	-26.3 	41    	65.8     	212   	34.8       	55.9       	8266      	-35.0
1574      	17:28:08  	359.1 	-26.4 	40    	65.8     	212   	34.8       	55.9       	8281      	-35.2
1576      	17:28:10  	358.4 	-26.6 	40    	65.8     	212   	34.8       	55.9       	8294      	-35.4
1578      	17:28:12  	357.8 	-26.7 	39    	65.8     	212   	34.8       	55.9       	8306      	-35.6
1580      	17:28:14  	357.2 	-26.8 	39    	65.8     	212   	34.8       	55.9       	8319      	-35.7
1582      	17:28:16  	356.5 	-26.9 	39    	65.8     	212   	34.8       	55.9       	8331      	-35.7
1584      	17:28:18  	355.9 	-27.0 	40    	65.8     	212   	34.8       	55.9       	8344      	-35.8
1586      	17:28:20  	355.3 	-27.1 	40    	65.8     	212   	34.8       	55.9       	8356      	-35.9
1588      	17:28:22  	354.7 	-27.3 	39    	65.8     	212   	34.8       	55.9       	8369      	-36.1
1590      	17:28:24  	354.0 	-27.4 	39    	65.8     	212   	34.8       	55.9       	8382      	-36.2
1592      	17:28:26  	353.4 	-27.5 	39    	65.8     	212   	34.8       	55.9       	8395      	-36.4
1594      	17:28:28  	352.8 	-27.7 	39    	65.8     	212   	34.8       	55.9       	8408      	-36.6
1596      	17:28:30  	352.1 	-27.8 	39    	66.1     	212   	34.9       	56.1       	8421      	-36.7
1598      	17:28:32  	351.5 	-27.8 	39    	66.3     	212   	35.1       	56.2       	8434      	-36.7
1600      	17:28:34  	350.8 	-28.0 	39    	66.5     	212   	35.2       	56.4       	8447      	-36.8
1602      	17:28:36  	350.2 	-28.1 	40    	66.8     	212   	35.4       	56.6       	8460      	-36.8
1604      	17:28:38  	349.6 	-28.2 	40    	67.0     	212   	35.6       	56.8       	8473      	-36.9
1606      	17:28:40  	349.0 	-28.4 	40    	67.3     	212   	35.8       	57.0       	8486      	-36.9
1608      	17:28:42  	348.3 	-28.5 	41    	67.5     	212   	35.9       	57.2       	8498      	-37.0
1610      	17:28:44  	347.7 	-28.6 	41    	67.7     	212   	36.1       	57.3       	8511      	-37.0
1612      	17:28:46  	347.1 	-28.7 	41    	68.0     	212   	36.3       	57.5       	8524      	-37.1
1614      	17:28:48  	346.5 	-28.8 	42    	68.3     	212   	36.5       	57.7       	8536      	-37.1
1616      	17:28:50  	345.9 	-28.9 	42    	68.4     	212   	36.5       	57.8       	8549      	-37.1
1618      	17:28:52  	345.3 	-29.0 	42    	68.4     	212   	36.5       	57.8       	8562      	-37.2
1620      	17:28:54  	344.6 	-29.2 	42    	68.4     	212   	36.5       	57.8       	8575      	-37.2
1622      	17:28:56  	344.0 	-29.3 	43    	68.4     	212   	36.5       	57.8       	8588      	-37.3
1624      	17:28:58  	343.4 	-29.4 	43    	68.4     	212   	36.5       	57.8       	8600      	-37.3
1626      	17:29:00  	342.8 	-29.5 	43    	68.4     	212   	36.5       	57.8       	8613      	-37.3
1628      	17:29:02  	342.2 	-29.6 	44    	68.4     	212   	36.5       	57.8       	8625      	-37.3
1630      	17:29:04  	341.7 	-29.6 	45    	68.4     	212   	36.5       	57.8       	8636      	-37.2
1632      	17:29:06  	341.1 	-29.7 	45    	68.4     	212   	36.6       	57.8       	8647      	-37.1
1634      	17:29:08  	340.6 	-29.7 	46    	68.9     	212   	36.8       	58.2       	8659      	-37.0
1636      	17:29:10  	340.1 	-29.8 	46    	69.2     	212   	37.0       	58.5       	8670      	-37.0
1638      	17:29:12  	339.5 	-29.9 	47    	69.7     	212   	37.2       	58.9       	8682      	-37.0
1640      	17:29:14  	339.0 	-29.9 	47    	70.0     	212   	37.4       	59.2       	8693      	-37.0
1642      	17:29:16  	338.4 	-30.0 	47    	70.4     	212   	37.6       	59.5       	8705      	-37.1
1644      	17:29:18  	337.9 	-30.1 	47    	70.8     	212   	37.8       	59.9       	8716      	-37.1
1646      	17:29:20  	337.3 	-30.1 	47    	71.2     	212   	38.0       	60.2       	8727      	-37.2
1648      	17:29:22  	336.8 	-30.2 	47    	71.6     	212   	38.2       	60.5       	8739      	-37.3
1650      	17:29:24  	336.3 	-30.3 	48    	72.0     	212   	38.4       	60.9       	8750      	-37.2
1652      	17:29:26  	335.7 	-30.4 	48    	72.4     	212   	38.6       	61.2       	8762      	-37.2
1654      	17:29:28  	335.1 	-30.5 	49    	72.4     	212   	38.6       	61.2       	8774      	-37.2
1656      	17:29:30  	334.6 	-30.6 	50    	72.4     	212   	38.6       	61.2       	8786      	-37.1
1658      	17:29:32  	334.0 	-30.7 	50    	72.4     	212   	38.6       	61.2       	8799      	-37.1
1660      	17:29:34  	333.4 	-30.8 	50    	72.4     	212   	38.6       	61.2       	8811      	-37.3
1662      	17:29:36  	332.9 	-30.9 	51    	72.4     	212   	38.6       	61.2       	8822      	-37.2
1664      	17:29:38  	332.4 	-31.0 	52    	72.4     	212   	38.6       	61.2       	8832      	-37.1
1666      	17:29:40  	331.9 	-31.1 	52    	72.4     	212   	38.6       	61.2       	8843      	-37.1
1668      	17:29:42  	331.4 	-31.2 	53    	72.4     	212   	38.6       	61.2       	8854      	-37.0
1670      	17:29:44  	330.9 	-31.2 	53    	72.4     	212   	38.6       	61.2       	8864      	-37.1
1672      	17:29:46  	330.4 	-31.3 	54    	72.4     	212   	38.6       	61.2       	8874      	-37.1
1674      	17:29:48  	330.0 	-31.4 	55    	72.4     	212   	38.6       	61.2       	8884      	-37.0
1676      	17:29:50  	329.5 	-31.4 	54    	72.3     	212   	38.4       	61.3       	8894      	-37.1
1678      	17:29:52  	329.1 	-31.5 	53    	72.4     	212   	38.2       	61.5       	8903      	-37.3
1680      	17:29:54  	328.6 	-31.5 	52    	72.5     	212   	38.0       	61.7       	8913      	-37.6
1682      	17:29:56  	328.2 	-31.6 	51    	72.5     	211   	37.8       	61.9       	8923      	-37.8
1684      	17:29:58  	327.7 	-31.6 	50    	72.6     	211   	37.6       	62.1       	8932      	-38.0
1686      	17:30:00  	327.3 	-31.7 	49    	72.7     	211   	37.4       	62.3       	8942      	-38.2
1688      	17:30:02  	326.8 	-31.7 	48    	72.7     	211   	37.2       	62.5       	8952      	-38.5
1690      	17:30:04  	326.4 	-31.7 	47    	72.8     	211   	37.0       	62.7       	8961      	-38.7
1692      	17:30:06  	325.9 	-31.8 	46    	72.9     	210   	36.8       	62.9       	8971      	-38.8
1694      	17:30:08  	325.5 	-31.8 	46    	72.9     	210   	36.6       	63.1       	8980      	-38.9
1696      	17:30:10  	325.1 	-31.8 	44    	72.9     	210   	36.6       	63.1       	8990      	-39.3
1698      	17:30:12  	324.6 	-31.8 	43    	72.9     	210   	36.6       	63.1       	8999      	-39.5
1700      	17:30:14  	324.2 	-31.9 	43    	72.9     	210   	36.6       	63.1       	9009      	-39.6
1702      	17:30:16  	323.8 	-31.9 	42    	72.9     	210   	36.6       	63.1       	9018      	-39.8
1704      	17:30:18  	323.4 	-31.9 	40    	72.9     	210   	36.6       	63.1       	9026      	-40.2
1706      	17:30:20  	323.0 	-32.0 	38    	72.9     	210   	36.6       	63.1       	9035      	-40.8
1708      	17:30:22  	322.6 	-32.0 	38    	72.9     	210   	36.6       	63.1       	9044      	-40.9
1710      	17:30:24  	322.2 	-32.0 	37    	72.9     	210   	36.6       	63.1       	9053      	-41.0
1712      	17:30:26  	321.8 	-32.1 	37    	72.9     	210   	36.6       	63.1       	9062      	-41.1
1714      	17:30:28  	321.4 	-32.1 	37    	72.9     	210   	36.6       	63.1       	9070      	-41.2
1716      	17:30:30  	321.0 	-32.1 	37    	72.9     	210   	36.6       	63.1       	9079      	-41.2
1718      	17:30:32  	320.6 	-32.2 	37    	72.9     	210   	36.6       	63.1       	9087      	-41.2
1720      	17:30:34  	320.2 	-32.3 	37    	72.9     	210   	36.6       	63.1       	9096      	-41.2
1722      	17:30:36  	319.8 	-32.3 	37    	72.9     	210   	36.6       	63.1       	9104      	-41.2
1724      	17:30:38  	319.5 	-32.3 	37    	72.9     	210   	36.6       	63.1       	9112      	-41.3
1726      	17:30:40  	319.1 	-32.4 	37    	72.9     	210   	36.6       	63.1       	9120      	-41.3
1728      	17:30:42  	318.8 	-32.4 	38    	72.9     	210   	36.6       	63.1       	9128      	-41.3
1730      	17:30:44  	318.4 	-32.4 	38    	72.6     	210   	36.3       	62.9       	9135      	-41.2
1732      	17:30:46  	318.1 	-32.5 	38    	72.3     	210   	36.0       	62.7       	9143      	-41.2
1734      	17:30:48  	317.7 	-32.5 	39    	72.0     	210   	35.7       	62.5       	9151      	-41.1
1736      	17:30:50  	317.4 	-32.6 	39    	71.7     	210   	35.5       	62.3       	9158      	-41.1
1738      	17:30:52  	317.0 	-32.6 	40    	71.4     	210   	35.2       	62.1       	9166      	-41.0
1740      	17:30:54  	316.7 	-32.7 	40    	71.1     	209   	34.9       	62.0       	9174      	-40.9
1742      	17:30:56  	316.3 	-32.7 	40    	70.8     	209   	34.6       	61.8       	9182      	-40.9
1744      	17:30:58  	316.0 	-32.8 	41    	70.6     	209   	34.4       	61.6       	9190      	-40.9
1746      	17:31:00  	315.6 	-32.8 	41    	70.2     	209   	34.1       	61.4       	9198      	-40.9
1748      	17:31:02  	315.3 	-32.9 	41    	70.0     	209   	33.9       	61.2       	9206      	-41.0
1750      	17:31:04  	315.0 	-33.0 	41    	70.0     	209   	33.9       	61.2       	9213      	-41.0
1752      	17:31:06  	314.6 	-33.0 	42    	70.0     	209   	33.9       	61.2       	9220      	-41.0
1754      	17:31:08  	314.3 	-33.1 	42    	70.0     	209   	33.9       	61.2       	9227      	-41.0
1756      	17:31:10  	314.0 	-33.1 	42    	70.0     	209   	33.9       	61.2       	9233      	-41.0
1758      	17:31:12  	313.7 	-33.2 	42    	70.0     	209   	33.9       	61.2       	9240      	-41.0
1760      	17:31:14  	313.4 	-33.3 	42    	70.0     	209   	33.9       	61.2       	9247      	-41.0
1762      	17:31:16  	313.1 	-33.3 	43    	70.0     	209   	33.9       	61.2       	9253      	-41.0
1764      	17:31:18  	312.8 	-33.3 	43    	70.0     	209   	33.9       	61.2       	9260      	-41.0
1766      	17:31:20  	312.5 	-33.4 	43    	70.0     	209   	33.9       	61.2       	9267      	-41.1
1768      	17:31:22  	312.2 	-33.4 	43    	70.0     	209   	33.9       	61.2       	9273      	-41.1
1770      	17:31:24  	311.9 	-33.5 	43    	70.0     	209   	33.9       	61.2       	9281      	-41.1
1772      	17:31:26  	311.6 	-33.6 	43    	70.0     	209   	33.9       	61.2       	9289      	-41.2
1774      	17:31:28  	311.2 	-33.6 	43    	70.0     	209   	33.9       	61.2       	9297      	-41.3
1776      	17:31:30  	310.9 	-33.7 	43    	70.0     	209   	33.9       	61.2       	9304      	-41.3
1778      	17:31:32  	310.6 	-34.0 	43    	70.0     	209   	33.9       	61.2       	9310      	-41.6
1780      	17:31:34  	310.3 	-34.3 	43    	70.0     	209   	33.9       	61.2       	9316      	-41.8
1782      	17:31:36  	310.1 	-34.3 	43    	69.7     	209   	34.0       	60.9       	9323      	-41.9
1784      	17:31:38  	309.8 	-34.3 	43    	69.6     	209   	34.2       	60.6       	9329      	-41.9
1786      	17:31:40  	309.5 	-34.4 	43    	69.4     	210   	34.3       	60.3       	9335      	-42.0
1788      	17:31:42  	309.2 	-34.4 	42    	69.2     	210   	34.5       	60.0       	9342      	-42.1
1790      	17:31:44  	308.9 	-34.5 	42    	69.1     	210   	34.7       	59.7       	9349      	-42.2
1792      	17:31:46  	308.6 	-34.5 	42    	68.8     	210   	34.8       	59.4       	9356      	-42.3
1794      	17:31:48  	308.3 	-34.5 	41    	68.7     	211   	35.0       	59.1       	9362      	-42.5
1796      	17:31:50  	308.0 	-34.5 	41    	68.5     	211   	35.1       	58.8       	9368      	-42.6
1798      	17:31:52  	307.8 	-34.6 	41    	68.5     	211   	35.4       	58.7       	9375      	-42.6
1800      	17:31:54  	307.5 	-34.6 	40    	68.9     	211   	35.8       	58.9       	9380      	-42.8
1802      	17:31:56  	307.3 	-34.7 	40    	69.4     	211   	36.0       	59.3       	9385      	-43.0
1804      	17:31:58  	307.0 	-34.2 	39    	69.8     	211   	36.3       	59.6       	9390      	-42.6
1806      	17:32:00  	306.8 	-34.2 	39    	70.2     	211   	36.5       	60.0       	9397      	-42.8
1808      	17:32:02  	306.5 	-34.3 	38    	70.7     	211   	36.8       	60.4       	9403      	-42.9
1810      	17:32:04  	306.2 	-34.3 	38    	71.2     	211   	37.0       	60.8       	9410      	-43.0
1812      	17:32:06  	305.9 	-34.3 	37    	71.7     	211   	37.3       	61.2       	9417      	-43.1
1814      	17:32:08  	305.6 	-34.3 	37    	72.1     	211   	37.5       	61.6       	9424      	-43.2
1816      	17:32:10  	305.4 	-34.4 	37    	72.6     	211   	37.7       	62.0       	9430      	-43.3
1818      	17:32:12  	305.1 	-34.4 	36    	72.7     	211   	37.8       	62.1       	9436      	-43.5
1820      	17:32:14  	304.8 	-34.4 	36    	72.7     	211   	37.8       	62.1       	9441      	-43.6
1822      	17:32:16  	304.6 	-34.4 	35    	72.7     	211   	37.8       	62.1       	9447      	-43.6
1824      	17:32:18  	304.3 	-34.4 	35    	72.7     	211   	37.8       	62.1       	9453      	-43.6
1826      	17:32:20  	304.1 	-34.4 	35    	72.7     	211   	37.8       	62.1       	9458      	-43.7
1828      	17:32:22  	303.9 	-34.5 	35    	72.8     	211   	37.9       	62.2       	9463      	-43.7
1830      	17:32:24  	303.7 	-34.5 	35    	73.0     	211   	37.9       	62.4       	9468      	-43.7
1832      	17:32:26  	303.4 	-34.5 	35    	73.1     	211   	37.9       	62.5       	9474      	-43.8
1834      	17:32:28  	303.2 	-34.5 	35    	73.2     	211   	37.9       	62.6       	9479      	-43.9
1836      	17:32:30  	303.0 	-34.5 	35    	73.4     	211   	37.9       	62.8       	9484      	-44.0
1838      	17:32:32  	302.7 	-34.5 	34    	73.5     	211   	38.0       	62.9       	9490      	-44.1
1840      	17:32:34  	302.5 	-34.6 	34    	73.7     	211   	38.0       	63.1       	9495      	-44.2
1842      	17:32:36  	302.3 	-34.6 	33    	73.7     	211   	38.0       	63.2       	9500      	-44.5
1844      	17:32:38  	302.0 	-34.7 	33    	73.8     	211   	38.0       	63.3       	9506      	-44.4
1846      	17:32:40  	301.8 	-34.7 	33    	74.0     	211   	38.0       	63.5       	9511      	-44.5
1848      	17:32:42  	301.6 	-34.7 	33    	74.0     	211   	38.0       	63.5       	9517      	-44.5
1850      	17:32:44  	301.3 	-34.8 	33    	74.0     	211   	38.0       	63.5       	9522      	-44.6
1852      	17:32:46  	301.1 	-34.8 	33    	74.0     	211   	38.0       	63.5       	9527      	-44.6
1854      	17:32:48  	300.9 	-34.9 	33    	74.0     	211   	38.0       	63.5       	9533      	-44.6
1856      	17:32:50  	300.6 	-34.9 	33    	74.0     	211   	38.0       	63.5       	9539      	-44.6
1858      	17:32:52  	300.4 	-34.9 	33    	74.0     	211   	38.0       	63.5       	9545      	-44.7
1860      	17:32:54  	300.1 	-35.0 	33    	74.0     	211   	38.0       	63.5       	9551      	-44.7
1862      	17:32:56  	299.8 	-35.0 	34    	74.0     	211   	38.0       	63.5       	9557      	-44.7
1864      	17:32:58  	299.6 	-35.1 	34    	74.0     	211   	38.0       	63.5       	9563      	-44.7
1866      	17:33:00  	299.3 	-35.1 	33    	74.0     	211   	38.0       	63.5       	9569      	-44.8
1868      	17:33:02  	299.1 	-35.1 	33    	74.0     	211   	38.0       	63.5       	9575      	-44.8
1870      	17:33:04  	298.8 	-35.2 	33    	74.0     	211   	38.0       	63.5       	9581      	-44.9
1872      	17:33:06  	298.6 	-35.2 	33    	74.0     	211   	38.0       	63.5       	9587      	-45.0
1874      	17:33:08  	298.3 	-35.2 	33    	74.0     	211   	38.0       	63.5       	9593      	-45.0
1876      	17:33:10  	298.0 	-35.2 	33    	74.0     	211   	38.0       	63.5       	9599      	-45.0
1878      	17:33:12  	297.8 	-35.2 	33    	74.0     	211   	38.0       	63.5       	9605      	-45.0
1880      	17:33:14  	297.5 	-35.2 	33    	74.0     	211   	38.0       	63.5       	9611      	-45.1
1882      	17:33:16  	297.3 	-35.3 	33    	74.0     	211   	38.0       	63.5       	9617      	-45.1
1884      	17:33:18  	297.0 	-35.3 	33    	74.0     	211   	38.0       	63.5       	9622      	-45.2
1886      	17:33:20  	296.8 	-35.3 	33    	74.0     	211   	38.0       	63.5       	9627      	-45.2
1888      	17:33:22  	296.6 	-35.3 	32    	74.0     	211   	38.0       	63.5       	9633      	-45.3
1890      	17:33:24  	296.4 	-35.4 	32    	74.0     	211   	38.0       	63.5       	9638      	-45.3
1892      	17:33:26  	296.1 	-35.4 	32    	74.0     	211   	38.0       	63.5       	9644      	-45.4
1894      	17:33:28  	295.9 	-35.5 	32    	74.0     	211   	37.8       	63.6       	9649      	-45.4
1896      	17:33:30  	295.7 	-35.5 	32    	73.9     	210   	37.4       	63.7       	9654      	-45.5
1898      	17:33:32  	295.4 	-35.6 	32    	73.8     	210   	37.0       	63.9       	9660      	-45.5
1900      	17:33:34  	295.2 	-35.6 	32    	73.7     	210   	36.5       	64.0       	9665      	-45.6
1902      	17:33:36  	295.0 	-35.7 	32    	73.7     	209   	36.1       	64.2       	9671      	-45.6
1904      	17:33:38  	294.8 	-35.7 	32    	73.5     	209   	35.7       	64.3       	9676      	-45.7
1906      	17:33:40  	294.5 	-35.8 	32    	73.5     	209   	35.3       	64.5       	9681      	-45.8
1908      	17:33:42  	294.3 	-35.8 	32    	73.4     	208   	34.8       	64.6       	9687      	-45.9
1910      	17:33:44  	294.1 	-35.9 	32    	73.4     	208   	34.4       	64.8       	9692      	-45.9
1912      	17:33:46  	293.8 	-36.0 	32    	73.3     	208   	34.0       	64.9       	9697      	-45.9
1914      	17:33:48  	293.6 	-36.0 	32    	73.2     	207   	33.7       	65.0       	9703      	-46.0
1916      	17:33:50  	293.4 	-36.1 	32    	73.2     	207   	33.7       	65.0       	9708      	-46.1
1918      	17:33:52  	293.1 	-36.1 	32    	73.2     	207   	33.7       	65.0       	9714      	-46.1
1920      	17:33:54  	292.9 	-36.1 	32    	73.2     	207   	33.7       	65.0       	9721      	-46.2
1922      	17:33:56  	292.6 	-36.2 	32    	73.2     	207   	33.7       	65.0       	9727      	-46.1
1924      	17:33:58  	292.3 	-36.2 	32    	73.2     	207   	33.7       	65.0       	9734      	-46.1
1926      	17:34:00  	292.0 	-36.3 	32    	73.2     	207   	33.7       	65.0       	9740      	-46.2
1928      	17:34:02  	291.8 	-36.3 	33    	73.2     	207   	33.7       	65.0       	9746      	-46.2
1930      	17:34:04  	291.6 	-36.4 	33    	73.2     	207   	33.7       	65.0       	9751      	-46.2
1932      	17:34:06  	291.3 	-36.5 	32    	73.2     	207   	33.7       	65.0       	9757      	-46.3
1934      	17:34:08  	291.1 	-36.5 	33    	73.2     	207   	33.7       	65.0       	9763      	-46.3
1936      	17:34:10  	290.9 	-36.6 	32    	73.2     	207   	33.7       	65.0       	9768      	-46.4
1938      	17:34:12  	290.6 	-36.7 	33    	73.2     	207   	33.7       	65.0       	9774      	-46.4
1940      	17:34:14  	290.4 	-36.7 	33    	73.2     	207   	33.7       	65.0       	9779      	-46.4
1942      	17:34:16  	290.1 	-36.7 	33    	73.2     	207   	33.7       	65.0       	9785      	-46.4
1944      	17:34:18  	289.9 	-36.8 	33    	73.2     	207   	33.7       	65.0       	9792      	-46.4
1946      	17:34:20  	289.6 	-36.9 	34    	73.2     	207   	33.7       	65.0       	9799      	-46.3
1948      	17:34:22  	289.3 	-36.9 	34    	73.2     	207   	33.7       	65.0       	9806      	-46.4
1950      	17:34:24  	289.0 	-37.0 	34    	73.1     	207   	33.4       	65.0       	9812      	-46.3
1952      	17:34:26  	288.8 	-37.0 	34    	72.9     	207   	33.1       	64.9       	9818      	-46.3
1954      	17:34:28  	288.5 	-37.1 	34    	72.7     	207   	32.7       	64.9       	9824      	-46.4
1956      	17:34:30  	288.2 	-37.1 	34    	72.4     	207   	32.4       	64.8       	9830      	-46.4
1958      	17:34:32  	288.0 	-37.2 	34    	72.3     	206   	32.1       	64.8       	9837      	-46.5
1960      	17:34:34  	287.7 	-37.2 	34    	72.1     	206   	31.7       	64.8       	9843      	-46.5
1962      	17:34:36  	287.5 	-37.2 	34    	71.8     	206   	31.3       	64.6       	9849      	-46.6
1964      	17:34:38  	287.2 	-37.3 	34    	71.4     	206   	30.8       	64.4       	9855      	-46.6
1966      	17:34:40  	287.0 	-37.4 	34    	70.9     	205   	30.4       	64.1       	9861      	-46.7
1968      	17:34:42  	286.7 	-37.4 	34    	70.5     	205   	29.9       	63.8       	9867      	-46.7
1970      	17:34:44  	286.5 	-37.5 	34    	70.2     	205   	29.7       	63.6       	9873      	-46.7
1972      	17:34:46  	286.3 	-37.5 	35    	69.9     	205   	29.5       	63.4       	9878      	-46.7
1974      	17:34:48  	286.0 	-37.6 	35    	69.6     	205   	29.2       	63.2       	9884      	-46.7
1976      	17:34:50  	285.8 	-37.6 	35    	69.3     	205   	28.9       	63.0       	9890      	-46.6
1978      	17:34:52  	285.5 	-37.6 	35    	69.0     	204   	28.6       	62.8       	9897      	-46.6
1980      	17:34:54  	285.2 	-37.6 	36    	68.7     	204   	28.4       	62.6       	9903      	-46.5
1982      	17:34:56  	285.0 	-37.6 	36    	68.5     	204   	28.1       	62.5       	9909      	-46.5
1984      	17:34:58  	284.7 	-37.7 	36    	68.5     	204   	28.0       	62.5       	9916      	-46.5
1986      	17:35:00  	284.5 	-37.7 	36    	68.5     	204   	27.9       	62.6       	9922      	-46.5
1988      	17:35:02  	284.2 	-37.8 	36    	68.5     	204   	27.8       	62.6       	9927      	-46.7
1990      	17:35:04  	284.0 	-37.8 	35    	68.4     	204   	27.6       	62.6       	9933      	-46.8
1992      	17:35:06  	283.8 	-37.8 	35    	68.5     	204   	27.6       	62.7       	9938      	-46.9
1994      	17:35:08  	283.5 	-37.8 	34    	68.5     	204   	27.6       	62.7       	9944      	-47.0
1996      	17:35:10  	283.3 	-37.9 	34    	68.5     	204   	27.6       	62.7       	9950      	-47.2
1998      	17:35:12  	283.0 	-37.9 	34    	68.5     	204   	27.7       	62.7       	9957      	-47.3
2000      	17:35:14  	282.7 	-37.9 	33    	68.7     	204   	27.9       	62.8       	9964      	-47.5
2002      	17:35:16  	282.4 	-38.0 	33    	68.8     	204   	28.1       	62.8       	9972      	-47.5
2004      	17:35:18  	282.1 	-38.0 	33    	69.0     	204   	28.3       	62.9       	9979      	-47.6
2006      	17:35:20  	281.8 	-38.1 	33    	69.1     	204   	28.5       	62.9       	9987      	-47.6
2008      	17:35:22  	281.5 	-38.1 	33    	69.2     	204   	28.7       	63.0       	9994      	-47.7
2010      	17:35:24  	281.2 	-38.1 	33    	69.4     	205   	28.9       	63.1       	10001     	-47.8
2012      	17:35:26  	280.9 	-38.2 	33    	69.5     	205   	29.1       	63.1       	10008     	-47.8
2014      	17:35:28  	280.6 	-38.3 	33    	69.7     	205   	29.3       	63.2       	10015     	-47.9
2016      	17:35:30  	280.4 	-38.3 	33    	69.7     	205   	29.5       	63.2       	10022     	-47.9
2018      	17:35:32  	280.1 	-38.4 	33    	69.7     	205   	29.5       	63.2       	10029     	-48.0
2020      	17:35:34  	279.8 	-38.5 	33    	69.7     	205   	29.5       	63.2       	10036     	-48.0
2022      	17:35:36  	279.5 	-38.5 	33    	69.7     	205   	29.5       	63.2       	10043     	-48.0
2024      	17:35:38  	279.2 	-38.6 	34    	69.7     	205   	29.5       	63.2       	10050     	-48.0
2026      	17:35:40  	278.9 	-38.6 	34    	69.7     	205   	29.5       	63.2       	10058     	-48.0
2028      	17:35:42  	278.6 	-38.7 	34    	69.7     	205   	29.5       	63.2       	10065     	-48.0
2030      	17:35:44  	278.3 	-38.8 	34    	69.7     	205   	29.5       	63.2       	10072     	-48.1
2032      	17:35:46  	278.0 	-38.9 	34    	69.7     	205   	29.5       	63.2       	10079     	-48.2
2034      	17:35:48  	277.7 	-39.0 	34    	69.7     	205   	29.5       	63.2       	10087     	-48.2
2036      	17:35:50  	277.4 	-39.1 	34    	69.7     	205   	29.7       	63.1       	10094     	-48.3
2038      	17:35:52  	277.1 	-39.2 	34    	69.7     	205   	29.9       	63.0       	10101     	-48.3
2040      	17:35:54  	276.8 	-39.3 	35    	69.7     	205   	30.0       	62.9       	10108     	-48.4
2042      	17:35:56  	276.5 	-39.4 	35    	69.8     	206   	30.2       	62.9       	10116     	-48.4
2044      	17:35:58  	276.2 	-39.5 	35    	69.8     	206   	30.4       	62.8       	10124     	-48.4
2046      	17:36:00  	275.9 	-39.5 	35    	69.7     	206   	30.5       	62.7       	10131     	-48.5
2048      	17:36:02  	275.6 	-39.6 	35    	69.6     	206   	30.8       	62.4       	10139     	-48.5
2050      	17:36:04  	275.3 	-39.7 	35    	69.5     	207   	31.2       	62.1       	10146     	-48.6
2052      	17:36:06  	275.0 	-39.7 	35    	69.3     	207   	31.5       	61.7       	10153     	-48.6
2054      	17:36:08  	274.7 	-39.7 	35    	69.1     	207   	31.8       	61.4       	10160     	-48.6
2056      	17:36:10  	274.5 	-39.8 	35    	69.0     	208   	32.0       	61.1       	10167     	-48.7
2058      	17:36:12  	274.2 	-39.8 	35    	68.8     	208   	32.2       	60.8       	10174     	-48.7
2060      	17:36:14  	273.9 	-39.9 	35    	68.6     	208   	32.4       	60.5       	10181     	-48.8
2062      	17:36:16  	273.6 	-39.9 	35    	68.5     	208   	32.6       	60.3       	10188     	-48.8
2064      	17:36:18  	273.3 	-39.9 	35    	68.4     	209   	32.8       	60.0       	10195     	-48.8
2066      	17:36:20  	273.1 	-40.0 	35    	68.2     	209   	33.0       	59.7       	10202     	-48.8
2068      	17:36:22  	272.8 	-40.0 	36    	68.1     	209   	33.0       	59.6       	10209     	-48.8
2070      	17:36:24  	272.5 	-40.0 	36    	68.1     	209   	33.0       	59.6       	10217     	-48.8
2072      	17:36:26  	272.2 	-40.1 	36    	68.1     	209   	33.0       	59.6       	10224     	-48.8
2074      	17:36:28  	271.9 	-40.2 	36    	68.1     	209   	33.0       	59.6       	10231     	-48.8
2076      	17:36:30  	271.6 	-40.2 	36    	68.1     	209   	33.0       	59.6       	10238     	-48.9
2078      	17:36:32  	271.4 	-40.3 	36    	68.1     	209   	33.0       	59.6       	10245     	-48.9
2080      	17:36:34  	271.1 	-40.3 	36    	68.1     	209   	33.0       	59.6       	10252     	-48.9
2082      	17:36:36  	270.8 	-40.4 	36    	68.1     	209   	33.0       	59.6       	10260     	-48.9
2084      	17:36:38  	270.5 	-40.4 	37    	68.1     	209   	33.0       	59.6       	10267     	-49.0
2086      	17:36:40  	270.2 	-40.5 	37    	68.1     	209   	33.0       	59.6       	10274     	-49.0
2088      	17:36:42  	269.9 	-40.6 	37    	68.1     	209   	33.0       	59.6       	10282     	-49.0
2090      	17:36:44  	269.6 	-40.6 	37    	68.1     	209   	33.0       	59.6       	10289     	-49.1
2092      	17:36:46  	269.3 	-40.7 	37    	68.1     	209   	33.0       	59.6       	10296     	-49.2
2094      	17:36:48  	269.0 	-40.8 	37    	68.1     	209   	33.0       	59.6       	10304     	-49.2
2096      	17:36:50  	268.7 	-40.9 	37    	68.1     	209   	33.0       	59.6       	10311     	-49.2
2098      	17:36:52  	268.5 	-40.9 	37    	68.1     	209   	33.0       	59.6       	10318     	-49.3
2100      	17:36:54  	268.2 	-41.0 	37    	68.1     	209   	33.0       	59.6       	10326     	-49.4
2102      	17:36:56  	267.9 	-41.1 	37    	68.1     	209   	33.0       	59.6       	10333     	-49.5
2104      	17:36:58  	267.6 	-41.1 	37    	68.1     	209   	33.0       	59.6       	10340     	-49.5
2106      	17:37:00  	267.3 	-41.2 	37    	68.2     	209   	33.1       	59.6       	10348     	-49.5
2108      	17:37:02  	267.0 	-41.3 	37    	68.2     	209   	33.1       	59.6       	10355     	-49.6
2110      	17:37:04  	266.7 	-41.3 	37    	68.2     	209   	33.1       	59.6       	10362     	-49.6
2112      	17:37:06  	266.4 	-41.4 	38    	68.1     	209   	33.1       	59.5       	10370     	-49.7
2114      	17:37:08  	266.1 	-41.5 	38    	68.1     	209   	33.1       	59.5       	10378     	-49.6
2116      	17:37:10  	265.8 	-41.5 	39    	68.1     	209   	33.1       	59.5       	10386     	-49.5
2118      	17:37:12  	265.5 	-41.5 	39    	68.1     	209   	33.1       	59.5       	10394     	-49.4
2120      	17:37:14  	265.2 	-41.6 	40    	68.1     	209   	33.2       	59.5       	10402     	-49.4
2122      	17:37:16  	264.9 	-41.7 	39    	68.1     	209   	33.2       	59.5       	10410     	-49.5
2124      	17:37:18  	264.6 	-41.7 	40    	68.1     	209   	33.2       	59.5       	10417     	-49.5
2126      	17:37:20  	264.3 	-41.8 	40    	68.1     	209   	33.2       	59.5       	10425     	-49.5
2128      	17:37:22  	264.0 	-41.8 	40    	68.1     	209   	33.2       	59.5       	10432     	-49.5
2130      	17:37:24  	263.7 	-41.9 	40    	68.1     	209   	33.2       	59.5       	10439     	-49.5
2132      	17:37:26  	263.4 	-41.9 	40    	68.1     	209   	33.2       	59.5       	10446     	-49.7
2134      	17:37:28  	263.1 	-42.0 	39    	68.6     	209   	33.3       	60.0       	10454     	-49.8
2136      	17:37:30  	262.9 	-42.1 	39    	69.1     	209   	33.5       	60.4       	10461     	-49.9
2138      	17:37:32  	262.6 	-42.1 	39    	69.6     	209   	33.6       	60.9       	10469     	-50.0
2140      	17:37:34  	262.3 	-42.2 	39    	70.0     	209   	33.8       	61.3       	10477     	-50.0
2142      	17:37:36  	261.9 	-42.3 	39    	70.5     	209   	33.9       	61.8       	10485     	-50.1
2144      	17:37:38  	261.6 	-42.3 	39    	70.9     	209   	34.1       	62.2       	10493     	-50.2
2146      	17:37:40  	261.3 	-42.4 	39    	71.4     	209   	34.2       	62.7       	10501     	-50.2
2148      	17:37:42  	261.0 	-42.5 	40    	71.9     	209   	34.4       	63.1       	10509     	-50.2
2150      	17:37:44  	260.7 	-42.6 	40    	72.4     	208   	34.5       	63.6       	10517     	-50.2
2152      	17:37:46  	260.4 	-42.6 	40    	72.8     	208   	34.7       	64.0       	10525     	-50.2
2154      	17:37:48  	260.1 	-42.7 	40    	72.8     	208   	34.7       	64.0       	10533     	-50.3
2156      	17:37:50  	259.7 	-42.8 	40    	72.8     	208   	34.7       	64.0       	10541     	-50.4
2158      	17:37:52  	259.4 	-42.8 	40    	72.5     	208   	34.4       	63.8       	10550     	-50.5
2160      	17:37:54  	259.1 	-42.9 	39    	72.1     	208   	34.1       	63.5       	10558     	-50.7
2162      	17:37:56  	258.8 	-43.0 	39    	71.6     	208   	33.7       	63.2       	10566     	-50.8
2164      	17:37:58  	258.5 	-43.1 	39    	71.2     	208   	33.4       	62.9       	10574     	-51.0
2166      	17:38:00  	258.2 	-43.1 	38    	70.8     	208   	33.0       	62.6       	10582     	-51.1
2168      	17:38:02  	257.9 	-43.2 	38    	70.4     	208   	32.7       	62.3       	10590     	-51.3
2170      	17:38:04  	257.6 	-43.3 	38    	70.0     	208   	32.4       	62.0       	10598     	-51.3
2172      	17:38:06  	257.3 	-43.3 	38    	69.5     	207   	32.0       	61.7       	10606     	-51.3
2174      	17:38:08  	256.9 	-43.4 	39    	69.1     	207   	31.7       	61.4       	10615     	-51.3
2176      	17:38:10  	256.6 	-43.5 	39    	68.7     	207   	31.4       	61.1       	10623     	-51.4
2178      	17:38:12  	256.3 	-43.6 	39    	68.6     	207   	31.3       	61.0       	10631     	-51.4
2180      	17:38:14  	256.0 	-43.7 	39    	68.6     	207   	31.3       	61.0       	10639     	-51.4
2182      	17:38:16  	255.7 	-43.7 	39    	68.6     	207   	31.3       	61.0       	10647     	-51.4
2184      	17:38:18  	255.4 	-43.8 	40    	68.6     	207   	31.3       	61.0       	10655     	-51.5
2186      	17:38:20  	255.1 	-43.9 	40    	68.6     	207   	31.3       	61.0       	10663     	-51.5
2188      	17:38:22  	254.8 	-43.9 	40    	68.6     	207   	31.3       	61.0       	10671     	-51.5
2190      	17:38:24  	254.5 	-44.0 	40    	68.6     	207   	31.3       	61.0       	10679     	-51.6
2192      	17:38:26  	254.2 	-44.1 	40    	68.6     	207   	31.3       	61.0       	10687     	-51.7
2194      	17:38:28  	253.9 	-44.2 	40    	68.6     	207   	31.3       	61.0       	10695     	-51.8
2196      	17:38:30  	253.6 	-44.3 	40    	68.6     	207   	31.3       	61.0       	10702     	-51.8
2198      	17:38:32  	253.3 	-44.4 	40    	68.6     	207   	31.3       	61.0       	10709     	-51.9
2200      	17:38:34  	253.1 	-44.4 	40    	68.6     	207   	31.3       	61.0       	10717     	-52.0
2202      	17:38:36  	252.8 	-44.5 	40    	68.6     	207   	31.3       	61.0       	10724     	-52.1
2204      	17:38:38  	252.5 	-44.6 	40    	68.6     	207   	31.3       	61.0       	10731     	-52.1
2206      	17:38:40  	252.2 	-44.6 	40    	68.6     	207   	31.3       	61.0       	10738     	-52.1
2208      	17:38:42  	252.0 	-44.7 	40    	68.6     	207   	31.3       	61.0       	10746     	-52.2
2210      	17:38:44  	251.7 	-44.8 	40    	68.6     	207   	31.3       	61.0       	10753     	-52.3
2212      	17:38:46  	251.4 	-44.9 	40    	68.6     	207   	31.3       	61.0       	10761     	-52.3
2214      	17:38:48  	251.1 	-44.9 	40    	68.6     	207   	31.3       	61.0       	10768     	-52.4
2216      	17:38:50  	250.8 	-45.0 	41    	68.6     	207   	31.3       	61.0       	10776     	-52.4
2218      	17:38:52  	250.6 	-45.1 	41    	68.6     	207   	31.3       	61.0       	10783     	-52.4
2220      	17:38:54  	250.3 	-45.1 	41    	68.6     	207   	31.3       	61.0       	10791     	-52.5
2222      	17:38:56  	250.0 	-45.2 	41    	68.6     	207   	31.3       	61.0       	10799     	-52.5
2224      	17:38:58  	249.7 	-45.3 	41    	68.6     	207   	31.3       	61.0       	10806     	-52.5
2226      	17:39:00  	249.4 	-45.3 	41    	68.6     	207   	31.3       	61.0       	10814     	-52.5
2228      	17:39:02  	249.1 	-45.4 	42    	68.6     	207   	31.2       	61.1       	10821     	-52.5
2230      	17:39:04  	248.9 	-45.4 	42    	68.8     	207   	31.2       	61.3       	10829     	-52.6
2232      	17:39:06  	248.6 	-45.5 	42    	68.8     	207   	31.1       	61.4       	10836     	-52.6
2234      	17:39:08  	248.3 	-45.5 	42    	69.0     	207   	31.0       	61.6       	10844     	-52.6
2236      	17:39:10  	248.0 	-45.6 	42    	69.0     	207   	31.0       	61.7       	10851     	-52.6
2238      	17:39:12  	247.8 	-45.7 	43    	69.2     	207   	30.9       	61.9       	10858     	-52.6
2240      	17:39:14  	247.5 	-45.7 	43    	69.2     	206   	30.8       	62.0       	10865     	-52.7
2242      	17:39:16  	247.2 	-45.8 	43    	69.4     	206   	30.7       	62.2       	10872     	-52.7
2244      	17:39:18  	247.0 	-45.9 	43    	69.5     	206   	30.7       	62.4       	10879     	-52.8
2246      	17:39:20  	246.7 	-46.0 	43    	69.6     	206   	30.6       	62.5       	10885     	-52.9
2248      	17:39:22  	246.5 	-46.0 	43    	69.7     	206   	30.6       	62.6       	10892     	-52.9
2250      	17:39:24  	246.2 	-46.1 	43    	69.7     	206   	30.6       	62.6       	10899     	-53.0
2252      	17:39:26  	246.0 	-46.1 	42    	69.7     	206   	30.6       	62.6       	10906     	-53.1
2254      	17:39:28  	245.7 	-46.2 	42    	69.7     	206   	30.6       	62.6       	10912     	-53.2
2256      	17:39:30  	245.5 	-46.2 	41    	69.7     	206   	30.6       	62.6       	10919     	-53.4
2258      	17:39:32  	245.2 	-46.3 	40    	69.7     	206   	30.6       	62.6       	10928     	-53.7
2260      	17:39:34  	244.9 	-46.3 	39    	69.4     	206   	30.3       	62.4       	10937     	-53.9
2262      	17:39:36  	244.6 	-46.3 	38    	69.1     	206   	29.9       	62.3       	10944     	-54.2
2264      	17:39:38  	244.3 	-46.3 	37    	68.8     	205   	29.5       	62.1       	10951     	-54.4
2266      	17:39:40  	244.1 	-46.3 	36    	68.5     	205   	29.1       	62.0       	10958     	-54.5
2268      	17:39:42  	243.8 	-46.3 	36    	68.1     	205   	28.7       	61.8       	10965     	-54.7
2270      	17:39:44  	243.5 	-46.3 	35    	67.9     	205   	28.3       	61.7       	10972     	-54.8
2272      	17:39:46  	243.3 	-46.3 	35    	67.6     	204   	28.0       	61.5       	10979     	-54.8
2274      	17:39:48  	243.0 	-46.3 	35    	67.3     	204   	27.6       	61.4       	10987     	-54.8
2276      	17:39:50  	242.7 	-46.3 	35    	67.0     	204   	27.2       	61.2       	10994     	-54.8
2278      	17:39:52  	242.5 	-46.4 	35    	66.6     	204   	26.8       	61.0       	11001     	-54.9
2280      	17:39:54  	242.2 	-46.4 	35    	66.6     	204   	26.7       	61.0       	11008     	-54.9
2282      	17:39:56  	242.0 	-46.4 	35    	67.2     	204   	26.8       	61.6       	11015     	-54.9
2284      	17:39:58  	241.7 	-46.4 	35    	68.0     	203   	26.9       	62.5       	11022     	-54.8
2286      	17:40:00  	241.5 	-46.4 	35    	68.8     	203   	26.9       	63.3       	11028     	-54.9
2288      	17:40:02  	241.3 	-46.4 	35    	69.6     	203   	27.0       	64.2       	11035     	-54.8
2290      	17:40:04  	241.0 	-46.4 	35    	70.4     	203   	27.1       	65.0       	11041     	-54.9
2292      	17:40:06  	240.8 	-46.5 	35    	71.2     	202   	27.2       	65.8       	11047     	-55.0
2294      	17:40:08  	240.6 	-46.5 	34    	72.0     	202   	27.2       	66.7       	11053     	-55.1
2296      	17:40:10  	240.4 	-46.5 	34    	72.8     	202   	27.3       	67.5       	11058     	-55.3
2298      	17:40:12  	240.2 	-46.6 	33    	73.7     	202   	27.4       	68.4       	11064     	-55.5
2300      	17:40:14  	240.0 	-46.6 	32    	74.4     	202   	27.4       	69.2       	11070     	-55.7
2302      	17:40:16  	239.8 	-46.6 	31    	74.6     	202   	27.5       	69.4       	11076     	-56.1
2304      	17:40:18  	239.5 	-46.7 	30    	74.6     	202   	27.5       	69.4       	11082     	-56.3
2306      	17:40:20  	239.3 	-46.7 	30    	74.6     	202   	27.5       	69.4       	11089     	-56.4
2308      	17:40:22  	239.1 	-46.7 	29    	74.6     	202   	27.5       	69.4       	11095     	-56.5
2310      	17:40:24  	238.9 	-46.7 	29    	74.6     	202   	27.4       	69.4       	11101     	-56.6
2312      	17:40:26  	238.6 	-46.8 	29    	74.0     	201   	27.0       	68.9       	11107     	-56.7
2314      	17:40:28  	238.4 	-46.8 	30    	73.4     	201   	26.6       	68.4       	11113     	-56.4
2316      	17:40:30  	238.2 	-46.8 	30    	72.7     	201   	26.2       	67.8       	11119     	-56.3
2318      	17:40:32  	238.0 	-46.8 	30    	72.1     	201   	25.8       	67.3       	11125     	-56.3
2320      	17:40:34  	237.7 	-46.8 	30    	71.5     	201   	25.4       	66.8       	11132     	-56.3
2322      	17:40:36  	237.5 	-46.8 	31    	70.9     	201   	25.0       	66.3       	11138     	-56.1
2324      	17:40:38  	237.3 	-46.8 	32    	70.2     	200   	24.6       	65.8       	11145     	-56.0
2326      	17:40:40  	237.1 	-46.8 	30    	69.6     	200   	24.1       	65.3       	11152     	-56.4
2328      	17:40:42  	236.8 	-46.9 	29    	69.0     	200   	23.7       	64.8       	11158     	-56.6
2330      	17:40:44  	236.6 	-46.9 	29    	68.4     	200   	23.3       	64.3       	11163     	-56.7
2332      	17:40:46  	236.4 	-46.9 	29    	68.4     	200   	23.3       	64.3       	11168     	-56.8
2334      	17:40:48  	236.3 	-46.8 	29    	68.4     	200   	23.3       	64.3       	11174     	-56.8
2336      	17:40:50  	236.1 	-46.8 	26    	68.4     	200   	23.3       	64.3       	11179     	-57.4
2338      	17:40:52  	235.9 	-46.8 	26    	68.4     	200   	23.3       	64.3       	11184     	-57.4
2340      	17:40:54  	235.7 	-46.8 	26    	68.4     	200   	23.3       	64.3       	11190     	-57.4
2342      	17:40:56  	235.5 	-46.8 	26    	68.4     	200   	23.3       	64.3       	11195     	-57.3
2344      	17:40:58  	235.3 	-46.7 	26    	68.4     	200   	23.3       	64.3       	11200     	-57.3
2346      	17:41:00  	235.1 	-46.7 	25    	68.5     	200   	23.6       	64.3       	11205     	-57.8
2348      	17:41:02  	234.9 	-46.6 	24    	68.6     	201   	24.1       	64.2       	11211     	-57.9
2350      	17:41:04  	234.8 	-46.6 	24    	68.7     	201   	24.6       	64.1       	11216     	-58.0
2352      	17:41:06  	234.6 	-46.5 	24    	68.7     	201   	25.0       	64.0       	11221     	-58.0
2354      	17:41:08  	234.4 	-46.5 	23    	68.9     	202   	25.5       	64.0       	11226     	-58.2
2356      	17:41:10  	234.2 	-46.4 	22    	69.0     	202   	26.0       	63.9       	11231     	-58.3
2358      	17:41:12  	234.0 	-46.3 	22    	69.1     	203   	26.5       	63.8       	11236     	-58.3
2360      	17:41:14  	233.8 	-46.3 	22    	69.3     	203   	27.0       	63.8       	11242     	-58.2
2362      	17:41:16  	233.7 	-46.3 	23    	69.4     	203   	27.5       	63.7       	11247     	-58.1
2364      	17:41:18  	233.5 	-46.3 	23    	69.5     	204   	27.9       	63.6       	11252     	-58.1
2366      	17:41:20  	233.3 	-46.4 	23    	69.6     	204   	28.2       	63.6       	11257     	-58.1
2368      	17:41:22  	233.1 	-46.4 	23    	69.6     	204   	28.2       	63.6       	11262     	-58.2
2370      	17:41:24  	232.9 	-46.4 	22    	69.6     	204   	28.2       	63.6       	11267     	-58.3
2372      	17:41:26  	232.7 	-46.5 	22    	69.6     	204   	28.2       	63.6       	11273     	-58.4
2374      	17:41:28  	232.6 	-46.5 	21    	69.6     	204   	28.2       	63.6       	11278     	-58.6
2376      	17:41:30  	232.4 	-46.5 	21    	69.6     	204   	28.2       	63.6       	11284     	-58.9
2378      	17:41:32  	232.2 	-46.6 	21    	69.6     	204   	28.2       	63.6       	11289     	-59.0
2380      	17:41:34  	232.0 	-46.6 	20    	69.6     	204   	28.2       	63.6       	11295     	-59.4
2382      	17:41:36  	231.8 	-46.7 	19    	69.6     	204   	28.2       	63.6       	11300     	-59.8
2384      	17:41:38  	231.6 	-46.8 	19    	69.6     	204   	28.2       	63.6       	11306     	-60.0
2386      	17:41:40  	231.4 	-46.9 	19    	69.6     	204   	28.2       	63.6       	11311     	-59.8
2388      	17:41:42  	231.2 	-46.9 	19    	69.6     	204   	28.2       	63.6       	11316     	-59.9
2390      	17:41:44  	231.0 	-47.0 	18    	69.6     	204   	28.2       	63.6       	11322     	-60.2
2392      	17:41:46  	230.8 	-47.0 	18    	69.6     	204   	28.2       	63.6       	11327     	-60.4
2394      	17:41:48  	230.6 	-47.1 	18    	69.6     	204   	28.2       	63.6       	11333     	-60.5
2396      	17:41:50  	230.5 	-47.1 	18    	69.6     	204   	28.2       	63.6       	11338     	-60.5
2398      	17:41:52  	230.3 	-47.2 	17    	69.6     	204   	28.2       	63.6       	11344     	-60.9
2400      	17:41:54  	230.1 	-47.3 	17    	69.6     	204   	28.2       	63.6       	11349     	-61.2
2402      	17:41:56  	229.9 	-47.3 	17    	69.6     	204   	28.2       	63.6       	11355     	-61.0
2404      	17:41:58  	229.7 	-47.4 	17    	69.6     	204   	28.2       	63.6       	11360     	-60.9
2406      	17:42:00  	229.5 	-47.4 	18    	69.6     	204   	28.2       	63.6       	11366     	-61.0
2408      	17:42:02  	229.3 	-47.5 	18    	69.6     	204   	28.2       	63.6       	11372     	-61.0
2410      	17:42:04  	229.0 	-47.5 	18    	69.3     	204   	28.1       	63.4       	11379     	-61.0
2412      	17:42:06  	228.8 	-47.6 	18    	69.1     	204   	28.0       	63.2       	11386     	-61.0
2414      	17:42:08  	228.6 	-47.6 	18    	68.8     	204   	27.8       	62.9       	11392     	-61.1
2416      	17:42:10  	228.4 	-47.7 	18    	68.5     	204   	27.7       	62.7       	11398     	-61.2
2418      	17:42:12  	228.2 	-47.7 	17    	68.2     	204   	27.6       	62.4       	11404     	-61.3
2420      	17:42:14  	228.0 	-47.8 	18    	67.9     	204   	27.5       	62.1       	11410     	-61.3
2422      	17:42:16  	227.8 	-47.8 	18    	67.7     	204   	27.3       	61.9       	11416     	-61.3
2424      	17:42:18  	227.6 	-47.9 	17    	67.3     	204   	27.2       	61.6       	11422     	-61.5
2426      	17:42:20  	227.3 	-47.9 	17    	67.1     	204   	27.1       	61.4       	11429     	-61.6
2428      	17:42:22  	227.1 	-48.0 	17    	66.8     	204   	27.0       	61.1       	11436     	-61.6
2430      	17:42:24  	226.9 	-48.0 	17    	66.7     	204   	26.9       	61.0       	11442     	-61.7
2432      	17:42:26  	226.6 	-48.1 	17    	66.7     	204   	26.9       	61.0       	11449     	-61.8
2434      	17:42:28  	226.4 	-48.1 	17    	66.7     	204   	26.9       	61.0       	11455     	-61.9
2436      	17:42:30  	226.2 	-48.2 	17    	66.7     	204   	26.9       	61.0       	11461     	-62.0
2438      	17:42:32  	226.0 	-48.2 	17    	66.7     	204   	26.9       	61.0       	11468     	-62.0
2440      	17:42:34  	225.8 	-48.3 	17    	66.8     	204   	26.9       	61.1       	11474     	-62.0
2442      	17:42:36  	225.6 	-48.3 	17    	66.8     	204   	26.7       	61.2       	11480     	-62.0
2444      	17:42:38  	225.3 	-48.4 	17    	66.8     	203   	26.5       	61.3       	11486     	-62.0
2446      	17:42:40  	225.1 	-48.4 	17    	66.8     	203   	26.3       	61.4       	11493     	-61.9
2448      	17:42:42  	224.9 	-48.4 	17    	66.9     	203   	26.1       	61.6       	11499     	-62.0
2450      	17:42:44  	224.7 	-48.5 	17    	66.9     	203   	25.8       	61.7       	11505     	-62.1
2452      	17:42:46  	224.5 	-48.5 	17    	66.9     	203   	25.6       	61.8       	11511     	-62.1
2454      	17:42:48  	224.3 	-48.5 	17    	66.9     	202   	25.4       	61.9       	11518     	-62.1
2456      	17:42:50  	224.1 	-48.6 	17    	66.9     	202   	25.2       	62.0       	11524     	-62.2
2458      	17:42:52  	223.8 	-48.7 	17    	67.0     	202   	25.0       	62.2       	11530     	-62.3
2460      	17:42:54  	223.6 	-48.7 	17    	67.1     	202   	24.8       	62.3       	11537     	-62.3
2462      	17:42:56  	223.3 	-48.8 	17    	67.1     	202   	24.8       	62.3       	11545     	-62.4
2464      	17:42:58  	223.1 	-48.8 	17    	67.1     	202   	24.8       	62.3       	11553     	-62.4
2466      	17:43:00  	222.8 	-48.9 	17    	67.1     	202   	24.8       	62.3       	11560     	-62.5
2468      	17:43:02  	222.6 	-48.9 	17    	67.1     	202   	24.8       	62.3       	11568     	-62.5
2470      	17:43:04  	222.3 	-49.0 	17    	67.1     	202   	24.8       	62.3       	11576     	-62.5
2472      	17:43:06  	222.0 	-49.0 	17    	67.1     	202   	24.8       	62.3       	11584     	-62.5
2474      	17:43:08  	221.8 	-49.1 	17    	67.1     	202   	24.8       	62.3       	11591     	-62.6
2476      	17:43:10  	221.5 	-49.2 	17    	67.1     	202   	24.8       	62.3       	11598     	-62.7
2478      	17:43:12  	221.3 	-49.3 	17    	67.1     	202   	24.8       	62.3       	11605     	-62.8
2480      	17:43:14  	221.0 	-49.4 	17    	67.1     	202   	24.8       	62.3       	11613     	-62.8
2482      	17:43:16  	220.8 	-49.4 	17    	67.1     	202   	24.8       	62.3       	11621     	-62.8
2484      	17:43:18  	220.5 	-49.5 	17    	67.1     	202   	24.8       	62.3       	11629     	-62.9
2486      	17:43:20  	220.2 	-49.6 	17    	67.1     	202   	24.8       	62.3       	11637     	-63.0
2488      	17:43:22  	220.0 	-49.7 	17    	67.1     	202   	24.8       	62.3       	11645     	-63.0
2490      	17:43:24  	219.7 	-49.7 	17    	67.1     	202   	24.8       	62.3       	11653     	-63.0
2492      	17:43:26  	219.4 	-49.8 	18    	67.0     	202   	24.9       	62.2       	11661     	-63.0
2494      	17:43:28  	219.1 	-49.8 	18    	66.9     	202   	25.1       	62.0       	11669     	-63.1
2496      	17:43:30  	218.9 	-49.9 	18    	66.9     	202   	25.3       	61.9       	11677     	-63.1
2498      	17:43:32  	218.6 	-50.0 	17    	66.7     	202   	25.4       	61.7       	11686     	-63.3
2500      	17:43:34  	218.3 	-50.0 	17    	66.6     	203   	25.6       	61.5       	11694     	-63.3
2502      	17:43:36  	218.1 	-50.1 	18    	66.5     	203   	25.8       	61.3       	11702     	-63.3
2504      	17:43:38  	217.8 	-50.2 	18    	66.4     	203   	26.0       	61.1       	11711     	-63.4
2506      	17:43:40  	217.5 	-50.3 	18    	66.4     	203   	26.2       	61.0       	11720     	-63.4
2508      	17:43:42  	217.2 	-50.4 	18    	66.3     	203   	26.4       	60.8       	11729     	-63.5
2510      	17:43:44  	216.8 	-50.5 	18    	66.2     	204   	26.6       	60.6       	11738     	-63.5
2512      	17:43:46  	216.5 	-50.6 	18    	66.1     	204   	26.7       	60.5       	11748     	-63.5
2514      	17:43:48  	216.2 	-50.7 	18    	66.1     	204   	26.7       	60.5       	11758     	-63.5
2516      	17:43:50  	215.8 	-50.7 	18    	66.1     	204   	26.7       	60.5       	11768     	-63.5
2518      	17:43:52  	215.5 	-50.8 	18    	66.1     	204   	26.7       	60.5       	11779     	-63.6
2520      	17:43:54  	215.2 	-50.9 	18    	66.1     	204   	26.7       	60.5       	11789     	-63.7
2522      	17:43:56  	214.8 	-51.0 	18    	66.1     	204   	26.7       	60.5       	11799     	-63.8
2524      	17:43:58  	214.5 	-51.0 	18    	66.1     	204   	26.7       	60.5       	11810     	-63.9
2526      	17:44:00  	214.1 	-51.1 	18    	66.1     	204   	26.7       	60.5       	11820     	-64.0
2528      	17:44:02  	213.8 	-51.2 	18    	66.1     	204   	26.7       	60.5       	11830     	-64.0
2530      	17:44:04  	213.5 	-51.2 	18    	66.1     	204   	26.7       	60.5       	11841     	-64.1
2532      	17:44:06  	213.1 	-51.3 	18    	66.1     	204   	26.7       	60.5       	11851     	-64.1
2534      	17:44:08  	212.8 	-51.4 	18    	66.1     	204   	26.7       	60.5       	11861     	-64.1
2536      	17:44:10  	212.4 	-51.4 	19    	66.1     	204   	26.7       	60.5       	11871     	-64.1
2538      	17:44:12  	212.1 	-51.5 	19    	66.1     	204   	26.7       	60.5       	11882     	-64.2
2540      	17:44:14  	211.8 	-51.6 	19    	66.1     	204   	26.7       	60.5       	11892     	-64.3
2542      	17:44:16  	211.5 	-51.7 	19    	66.1     	204   	26.7       	60.5       	11900     	-64.3
2544      	17:44:18  	211.2 	-51.8 	19    	66.1     	204   	26.7       	60.5       	11909     	-64.4
2546      	17:44:20  	210.9 	-51.9 	19    	66.1     	204   	26.7       	60.5       	11918     	-64.4
2548      	17:44:22  	210.7 	-52.0 	19    	66.1     	204   	26.7       	60.5       	11926     	-64.5
2550      	17:44:24  	210.4 	-52.0 	19    	66.1     	204   	26.7       	60.5       	11935     	-64.5
2552      	17:44:26  	210.1 	-52.1 	19    	66.1     	204   	26.7       	60.5       	11944     	-64.5
2554      	17:44:28  	209.8 	-52.2 	19    	66.1     	204   	26.7       	60.5       	11954     	-64.5
2556      	17:44:30  	209.5 	-52.3 	19    	66.2     	204   	27.1       	60.4       	11963     	-64.6
2558      	17:44:32  	209.1 	-52.3 	19    	66.3     	205   	27.7       	60.2       	11973     	-64.6
2560      	17:44:34  	208.8 	-52.4 	19    	66.4     	205   	28.4       	60.0       	11983     	-64.6
2562      	17:44:36  	208.5 	-52.4 	20    	66.6     	206   	29.1       	59.9       	11992     	-64.6
2564      	17:44:38  	208.2 	-52.6 	20    	66.7     	207   	29.8       	59.7       	12003     	-64.6
2566      	17:44:40  	207.9 	-52.6 	20    	66.9     	207   	30.5       	59.5       	12013     	-64.6
2568      	17:44:42  	207.5 	-52.7 	20    	67.0     	208   	31.2       	59.3       	12023     	-64.6
2570      	17:44:44  	207.2 	-52.8 	20    	67.2     	208   	31.8       	59.2       	12033     	-64.7
2572      	17:44:46  	206.9 	-52.8 	20    	67.4     	209   	32.5       	59.0       	12043     	-64.7
2574      	17:44:48  	206.6 	-52.9 	21    	67.5     	209   	33.2       	58.8       	12053     	-64.7
2576      	17:44:50  	206.3 	-53.0 	21    	67.7     	210   	33.5       	58.8       	12063     	-64.8
2578      	17:44:52  	205.9 	-53.1 	21    	67.7     	210   	33.5       	58.8       	12073     	-64.9
2580      	17:44:54  	205.6 	-53.2 	21    	67.7     	210   	33.5       	58.8       	12083     	-64.9
2582      	17:44:56  	205.3 	-53.3 	21    	67.7     	210   	33.5       	58.8       	12093     	-65.0
2584      	17:44:58  	205.0 	-53.4 	21    	67.7     	210   	33.5       	58.8       	12103     	-65.0
2586      	17:45:00  	204.7 	-53.4 	21    	67.7     	210   	33.5       	58.8       	12113     	-65.0
2588      	17:45:02  	204.4 	-53.5 	21    	67.7     	210   	33.5       	58.8       	12122     	-65.1
2590      	17:45:04  	204.1 	-53.6 	21    	67.7     	210   	33.5       	58.8       	12131     	-65.2
2592      	17:45:06  	203.8 	-53.7 	21    	67.7     	210   	33.5       	58.8       	12141     	-65.2
2594      	17:45:08  	203.5 	-53.8 	21    	67.7     	210   	33.5       	58.8       	12150     	-65.2
2596      	17:45:10  	203.1 	-53.9 	22    	67.5     	210   	33.6       	58.6       	12160     	-65.2
2598      	17:45:12  	202.8 	-54.0 	22    	67.4     	210   	33.7       	58.4       	12170     	-65.2
2600      	17:45:14  	202.5 	-54.1 	22    	67.4     	210   	33.8       	58.3       	12181     	-65.3
2602      	17:45:16  	202.2 	-54.2 	22    	67.3     	210   	34.0       	58.1       	12192     	-65.3
2604      	17:45:18  	201.8 	-54.3 	22    	67.2     	210   	34.1       	57.9       	12203     	-65.4
2606      	17:45:20  	201.5 	-54.4 	22    	67.1     	211   	34.2       	57.7       	12214     	-65.5
2608      	17:45:22  	201.1 	-54.4 	22    	67.0     	211   	34.3       	57.6       	12225     	-65.6
2610      	17:45:24  	200.8 	-54.5 	22    	66.9     	211   	34.4       	57.4       	12236     	-65.7
2612      	17:45:26  	200.4 	-54.6 	22    	66.8     	211   	34.5       	57.2       	12246     	-65.8
2614      	17:45:28  	200.1 	-54.7 	22    	66.7     	211   	34.7       	57.0       	12257     	-65.9
2616      	17:45:30  	199.8 	-54.8 	22    	66.2     	211   	34.5       	56.5       	12268     	-65.9
2618      	17:45:32  	199.4 	-54.9 	22    	65.6     	212   	34.4       	55.9       	12280     	-65.9
2620      	17:45:34  	199.0 	-55.0 	23    	65.0     	212   	34.2       	55.3       	12291     	-65.9
2622      	17:45:36  	198.7 	-55.1 	23    	64.5     	212   	34.1       	54.7       	12303     	-66.0
2624      	17:45:38  	198.3 	-55.2 	23    	63.8     	212   	33.9       	54.1       	12314     	-66.0
2626      	17:45:40  	198.0 	-55.4 	23    	63.3     	212   	33.8       	53.5       	12326     	-66.0
2628      	17:45:42  	197.6 	-55.5 	24    	62.7     	212   	33.6       	52.9       	12338     	-66.0
2630      	17:45:44  	197.2 	-55.6 	24    	62.1     	213   	33.4       	52.3       	12349     	-66.0
2632      	17:45:46  	196.8 	-55.7 	24    	61.5     	213   	33.3       	51.7       	12362     	-66.1
2634      	17:45:48  	196.5 	-55.8 	24    	60.9     	213   	33.1       	51.1       	12374     	-66.1
2636      	17:45:50  	196.1 	-55.9 	25    	60.9     	213   	33.1       	51.1       	12387     	-66.1
2638      	17:45:52  	195.7 	-56.0 	25    	61.0     	213   	33.2       	51.2       	12399     	-66.2
2640      	17:45:54  	195.3 	-56.1 	25    	61.4     	213   	33.5       	51.5       	12411     	-66.3
2642      	17:45:56  	195.0 	-56.2 	25    	61.8     	213   	33.8       	51.7       	12422     	-66.4
2644      	17:45:58  	194.6 	-56.3 	25    	62.2     	213   	34.1       	52.0       	12434     	-66.5
2646      	17:46:00  	194.3 	-56.4 	25    	62.7     	213   	34.5       	52.3       	12445     	-66.5
2648      	17:46:02  	193.9 	-56.5 	25    	63.1     	213   	34.8       	52.6       	12457     	-66.6
2650      	17:46:04  	193.6 	-56.6 	25    	63.5     	214   	35.1       	52.9       	12468     	-66.6
2652      	17:46:06  	193.2 	-56.7 	25    	63.9     	214   	35.4       	53.2       	12479     	-66.7
2654      	17:46:08  	192.9 	-56.9 	26    	64.0     	214   	35.6       	53.2       	12490     	-66.8
2656      	17:46:10  	192.6 	-57.0 	26    	63.8     	214   	35.6       	53.0       	12501     	-66.8
2658      	17:46:12  	192.2 	-57.1 	26    	63.6     	214   	35.6       	52.7       	12512     	-66.8
2660      	17:46:14  	191.9 	-57.2 	26    	63.1     	214   	35.4       	52.2       	12523     	-66.8
2662      	17:46:16  	191.6 	-57.2 	27    	62.5     	214   	35.1       	51.7       	12533     	-66.8
2664      	17:46:18  	191.3 	-57.3 	27    	62.0     	214   	34.9       	51.2       	12544     	-66.8
2666      	17:46:20  	190.9 	-57.4 	27    	61.4     	214   	34.6       	50.7       	12555     	-66.9
2668      	17:46:22  	190.6 	-57.5 	27    	60.9     	214   	34.4       	50.2       	12566     	-66.9
2670      	17:46:24  	190.3 	-57.6 	27    	60.4     	215   	34.3       	49.7       	12577     	-67.0
2672      	17:46:26  	189.9 	-57.7 	28    	59.9     	215   	34.1       	49.2       	12588     	-67.0
2674      	17:46:28  	189.6 	-57.8 	28    	59.7     	215   	34.1       	49.0       	12600     	-67.0
2676      	17:46:30  	189.3 	-57.8 	28    	59.8     	215   	34.2       	49.0       	12610     	-67.0
2678      	17:46:32  	188.9 	-57.9 	28    	59.8     	215   	34.3       	49.0       	12621     	-67.0
2680      	17:46:34  	188.6 	-58.0 	28    	59.9     	215   	34.5       	49.0       	12632     	-67.1
2682      	17:46:36  	188.3 	-58.1 	28    	60.0     	215   	34.8       	48.9       	12643     	-67.1
2684      	17:46:38  	188.0 	-58.2 	28    	60.1     	216   	35.0       	48.9       	12654     	-67.2
2686      	17:46:40  	187.6 	-58.2 	28    	60.3     	216   	35.3       	48.9       	12665     	-67.3
2688      	17:46:42  	187.3 	-58.3 	28    	60.3     	216   	35.4       	48.8       	12676     	-67.3
2690      	17:46:44  	187.0 	-58.3 	28    	60.4     	216   	35.6       	48.8       	12687     	-67.4
2692      	17:46:46  	186.7 	-58.4 	28    	60.6     	216   	35.9       	48.8       	12698     	-67.4
2694      	17:46:48  	186.3 	-58.5 	29    	60.8     	217   	36.2       	48.8       	12708     	-67.4
2696      	17:46:50  	186.0 	-58.5 	29    	60.9     	217   	36.5       	48.8       	12719     	-67.5
2698      	17:46:52  	185.7 	-58.6 	29    	61.1     	217   	36.9       	48.7       	12730     	-67.4
2700      	17:46:54  	185.4 	-58.7 	29    	61.2     	217   	37.1       	48.7       	12740     	-67.5
2702      	17:46:56  	185.1 	-58.7 	30    	61.3     	217   	37.2       	48.7       	12751     	-67.5
2704      	17:46:58  	184.8 	-58.8 	30    	61.4     	218   	37.4       	48.7       	12762     	-67.5
2706      	17:47:00  	184.5 	-58.9 	30    	61.4     	218   	37.6       	48.6       	12772     	-67.5
2708      	17:47:02  	184.2 	-59.0 	30    	61.5     	218   	37.8       	48.5       	12782     	-67.5
2710      	17:47:04  	183.9 	-59.0 	30    	61.5     	218   	38.0       	48.4       	12793     	-67.6
2712      	17:47:06  	183.5 	-59.1 	30    	61.5     	218   	38.1       	48.3       	12803     	-67.6
2714      	17:47:08  	183.2 	-59.2 	30    	61.4     	218   	38.1       	48.2       	12814     	-67.7
2716      	17:47:10  	182.9 	-59.3 	30    	61.4     	218   	38.2       	48.1       	12824     	-67.8
2718      	17:47:12  	182.6 	-59.3 	30    	61.4     	218   	38.2       	48.1       	12834     	-67.8
2720      	17:47:14  	182.3 	-59.4 	31    	61.4     	219   	38.3       	48.0       	12845     	-67.9
2722      	17:47:16  	182.0 	-59.5 	31    	61.4     	219   	38.4       	47.9       	12856     	-67.9
2724      	17:47:18  	181.7 	-59.6 	31    	61.3     	219   	38.4       	47.8       	12867     	-67.9
2726      	17:47:20  	181.4 	-59.7 	31    	61.4     	219   	38.5       	47.8       	12877     	-68.0
2728      	17:47:22  	181.1 	-59.8 	31    	61.4     	219   	38.5       	47.8       	12888     	-68.1
2730      	17:47:24  	180.8 	-59.9 	31    	61.4     	219   	38.6       	47.8       	12898     	-68.3
2732      	17:47:26  	180.5 	-60.0 	30    	61.5     	219   	38.6       	47.9       	12909     	-68.4
2734      	17:47:28  	180.2 	-60.1 	30    	61.6     	219   	38.7       	47.9       	12919     	-68.5
2736      	17:47:30  	179.9 	-60.1 	30    	61.6     	219   	38.7       	47.9       	12930     	-68.6
2738      	17:47:32  	179.6 	-60.2 	30    	61.7     	219   	38.8       	48.0       	12940     	-68.7
2740      	17:47:34  	179.3 	-60.3 	30    	61.7     	219   	38.8       	48.0       	12950     	-68.8
2742      	17:47:36  	179.0 	-60.4 	30    	61.8     	219   	38.8       	48.1       	12959     	-68.9
2744      	17:47:38  	178.7 	-60.5 	31    	61.8     	219   	38.8       	48.1       	12969     	-68.9
2746      	17:47:40  	178.5 	-60.5 	31    	61.8     	219   	38.8       	48.1       	12979     	-68.9
2748      	17:47:42  	178.2 	-60.6 	31    	61.8     	219   	38.8       	48.1       	12988     	-68.9
2750      	17:47:44  	177.9 	-60.7 	32    	61.8     	219   	38.9       	48.0       	12998     	-68.9
2752      	17:47:46  	177.6 	-60.8 	32    	61.8     	219   	38.9       	48.0       	13008     	-68.8
2754      	17:47:48  	177.4 	-60.9 	32    	61.8     	219   	38.9       	48.0       	13018     	-68.8
2756      	17:47:50  	177.1 	-61.0 	33    	61.6     	219   	38.9       	47.8       	13027     	-68.8
2758      	17:47:52  	176.8 	-61.0 	33    	61.3     	219   	38.8       	47.5       	13037     	-68.9
2760      	17:47:54  	176.5 	-61.1 	33    	61.2     	219   	38.8       	47.3       	13047     	-68.9
2762      	17:47:56  	176.2 	-61.2 	33    	60.9     	219   	38.7       	47.0       	13056     	-69.0
2764      	17:47:58  	176.0 	-61.3 	33    	60.7     	220   	38.6       	46.8       	13066     	-69.0
2766      	17:48:00  	175.7 	-61.3 	33    	60.5     	220   	38.6       	46.6       	13076     	-69.1
2768      	17:48:02  	175.4 	-61.4 	33    	60.2     	220   	38.5       	46.3       	13085     	-69.2
2770      	17:48:04  	175.2 	-61.5 	33    	60.4     	220   	38.6       	46.4       	13095     	-69.2
2772      	17:48:06  	174.9 	-61.5 	33    	60.7     	220   	38.8       	46.7       	13104     	-69.3
2774      	17:48:08  	174.6 	-61.5 	33    	61.1     	220   	39.1       	47.0       	13113     	-69.2
2776      	17:48:10  	174.4 	-61.6 	33    	61.7     	220   	39.3       	47.5       	13122     	-69.2
2778      	17:48:12  	174.1 	-61.6 	34    	62.2     	220   	39.6       	48.0       	13131     	-69.2
2780      	17:48:14  	173.9 	-61.6 	34    	62.8     	219   	39.9       	48.5       	13140     	-69.3
2782      	17:48:16  	173.6 	-61.7 	34    	63.3     	219   	40.1       	49.0       	13148     	-69.3
2784      	17:48:18  	173.4 	-61.7 	34    	63.5     	219   	40.2       	49.2       	13157     	-69.3
2786      	17:48:20  	173.1 	-61.8 	33    	63.7     	219   	40.2       	49.4       	13167     	-69.4
2788      	17:48:22  	172.9 	-61.8 	33    	63.8     	219   	40.2       	49.5       	13176     	-69.5
2790      	17:48:24  	172.6 	-61.8 	33    	63.6     	219   	40.1       	49.4       	13185     	-69.6
2792      	17:48:26  	172.4 	-61.8 	33    	63.2     	219   	39.8       	49.1       	13194     	-69.7
2794      	17:48:28  	172.1 	-61.8 	32    	62.8     	219   	39.6       	48.7       	13204     	-69.7
2796      	17:48:30  	171.8 	-61.8 	32    	62.3     	219   	39.3       	48.4       	13213     	-69.8
2798      	17:48:32  	171.6 	-61.8 	32    	61.9     	219   	38.9       	48.1       	13222     	-69.8
2800      	17:48:34  	171.3 	-61.8 	32    	61.4     	219   	38.6       	47.8       	13232     	-69.8
2802      	17:48:36  	171.1 	-61.8 	32    	61.0     	219   	38.3       	47.5       	13241     	-69.9
2804      	17:48:38  	170.8 	-61.8 	31    	61.0     	219   	38.2       	47.6       	13250     	-69.9
2806      	17:48:40  	170.6 	-61.7 	31    	61.0     	219   	38.1       	47.6       	13259     	-69.9
2808      	17:48:42  	170.3 	-61.6 	30    	60.8     	219   	37.9       	47.6       	13268     	-69.9
2810      	17:48:44  	170.1 	-61.6 	30    	60.7     	218   	37.6       	47.7       	13277     	-70.0
2812      	17:48:46  	169.8 	-61.5 	30    	60.5     	218   	37.2       	47.7       	13286     	-70.0
2814      	17:48:48  	169.6 	-61.4 	29    	60.2     	218   	36.8       	47.7       	13294     	-70.0
2816      	17:48:50  	169.4 	-61.3 	29    	60.1     	217   	36.5       	47.7       	13303     	-70.1
2818      	17:48:52  	169.2 	-61.2 	28    	59.9     	217   	36.3       	47.7       	13311     	-70.1
2820      	17:48:54  	168.9 	-61.1 	28    	59.7     	217   	36.0       	47.6       	13318     	-70.1
2822      	17:48:56  	168.7 	-61.0 	27    	59.7     	217   	35.8       	47.8       	13326     	-70.1
2824      	17:48:58  	168.5 	-60.9 	27    	59.8     	217   	35.6       	48.0       	13334     	-70.2
2826      	17:49:00  	168.3 	-60.8 	26    	59.8     	216   	35.4       	48.2       	13342     	-70.2
2828      	17:49:02  	168.1 	-60.7 	26    	59.9     	216   	35.3       	48.4       	13351     	-70.2
2830      	17:49:04  	167.8 	-60.5 	25    	60.2     	216   	35.4       	48.7       	13359     	-70.3
2832      	17:49:06  	167.6 	-60.4 	25    	60.4     	216   	35.5       	48.9       	13368     	-70.3
2834      	17:49:08  	167.4 	-60.3 	24    	60.8     	216   	35.7       	49.2       	13376     	-70.2
2836      	17:49:10  	167.1 	-60.1 	24    	61.5     	216   	36.3       	49.7       	13385     	-70.2
2838      	17:49:12  	166.9 	-60.0 	24    	62.2     	216   	36.8       	50.2       	13393     	-70.1
2840      	17:49:14  	166.7 	-59.9 	24    	62.9     	216   	37.3       	50.7       	13402     	-70.1
2842      	17:49:16  	166.5 	-59.8 	23    	63.5     	217   	37.8       	51.0       	13410     	-70.0
2844      	17:49:18  	166.2 	-59.7 	23    	64.0     	217   	38.2       	51.3       	13419     	-70.0
2846      	17:49:20  	166.0 	-59.6 	23    	64.5     	217   	38.7       	51.6       	13427     	-70.1
2848      	17:49:22  	165.8 	-59.6 	22    	65.4     	217   	39.6       	52.0       	13434     	-70.1
2850      	17:49:24  	165.6 	-59.5 	22    	66.2     	218   	40.4       	52.4       	13442     	-70.2
2852      	17:49:26  	165.4 	-59.4 	21    	67.0     	218   	41.3       	52.8       	13450     	-70.3
2854      	17:49:28  	165.2 	-59.4 	21    	67.8     	218   	42.0       	53.2       	13457     	-70.4
2856      	17:49:30  	165.0 	-59.3 	21    	68.1     	219   	42.4       	53.3       	13465     	-70.5
2858      	17:49:32  	164.8 	-59.3 	20    	68.5     	219   	42.8       	53.5       	13473     	-70.6
2860      	17:49:34  	164.6 	-59.2 	20    	69.1     	219   	43.5       	53.7       	13481     	-70.6
2862      	17:49:36  	164.4 	-59.2 	20    	69.8     	219   	44.2       	54.0       	13489     	-70.6
2864      	17:49:38  	164.2 	-59.2 	20    	70.4     	220   	45.0       	54.2       	13496     	-70.6
2866      	17:49:40  	164.0 	-59.1 	19    	71.1     	220   	45.7       	54.5       	13503     	-70.7
2868      	17:49:42  	163.8 	-59.1 	19    	71.3     	220   	46.0       	54.5       	13511     	-70.7
2870      	17:49:44  	163.6 	-59.0 	19    	71.6     	220   	46.3       	54.6       	13518     	-70.8
2872      	17:49:46  	163.4 	-59.0 	19    	71.9     	220   	46.7       	54.7       	13525     	-70.8
2874      	17:49:48  	163.3 	-59.0 	19    	72.4     	221   	47.5       	54.7       	13532     	-70.9
2876      	17:49:50  	163.1 	-59.0 	18    	72.9     	221   	48.2       	54.7       	13540     	-70.9
2878      	17:49:52  	162.9 	-59.0 	18    	73.4     	222   	48.9       	54.8       	13547     	-71.0
2880      	17:49:54  	162.7 	-58.9 	18    	73.8     	222   	49.5       	54.8       	13554     	-71.1
2882      	17:49:56  	162.5 	-58.9 	17    	74.0     	222   	49.9       	54.7       	13561     	-71.2
2884      	17:49:58  	162.3 	-58.9 	17    	74.3     	223   	50.3       	54.7       	13568     	-71.3
2886      	17:50:00  	162.1 	-58.9 	17    	74.6     	223   	50.8       	54.6       	13575     	-71.4
2888      	17:50:02  	162.0 	-58.9 	16    	74.9     	223   	51.5       	54.4       	13582     	-71.5
2890      	17:50:04  	161.8 	-58.8 	16    	75.2     	224   	52.1       	54.2       	13588     	-71.6
2892      	17:50:06  	161.6 	-58.8 	16    	75.5     	224   	52.7       	54.1       	13595     	-71.7
2894      	17:50:08  	161.4 	-58.7 	16    	75.6     	224   	52.9       	54.0       	13602     	-71.8
2896      	17:50:10  	161.3 	-58.7 	15    	75.6     	225   	53.1       	53.8       	13609     	-71.8
2898      	17:50:12  	161.1 	-58.6 	15    	75.7     	225   	53.3       	53.7       	13616     	-71.8
2900      	17:50:14  	160.9 	-58.5 	15    	75.7     	225   	53.7       	53.3       	13622     	-71.9
2902      	17:50:16  	160.8 	-58.5 	15    	75.7     	226   	54.0       	53.0       	13628     	-71.9
2904      	17:50:18  	160.6 	-58.4 	14    	75.6     	226   	54.3       	52.6       	13634     	-72.0
2906      	17:50:20  	160.5 	-58.3 	14    	75.5     	226   	54.5       	52.3       	13640     	-72.0
2908      	17:50:22  	160.3 	-58.3 	14    	75.5     	226   	54.6       	52.1       	13646     	-72.1
2910      	17:50:24  	160.2 	-58.2 	14    	75.3     	227   	54.7       	51.8       	13652     	-72.1
2912      	17:50:26  	160.0 	-58.0 	13    	75.3     	227   	54.8       	51.6       	13659     	-72.1
2914      	17:50:28  	159.8 	-57.9 	13    	75.1     	227   	54.8       	51.3       	13665     	-72.1
2916      	17:50:30  	159.7 	-57.8 	13    	74.9     	227   	54.9       	51.0       	13671     	-72.1
2918      	17:50:32  	159.5 	-57.7 	13    	74.7     	227   	54.9       	50.7       	13677     	-72.0
2920      	17:50:34  	159.4 	-57.6 	13    	74.7     	227   	54.8       	50.7       	13684     	-71.9
2922      	17:50:36  	159.2 	-57.5 	13    	74.6     	227   	54.7       	50.7       	13690     	-71.8
2924      	17:50:38  	159.1 	-57.4 	13    	74.4     	227   	54.6       	50.6       	13696     	-71.6
2926      	17:50:40  	158.9 	-57.3 	13    	74.1     	227   	54.2       	50.6       	13702     	-71.5
2928      	17:50:42  	158.7 	-57.1 	13    	73.8     	227   	53.7       	50.6       	13708     	-71.4
2930      	17:50:44  	158.6 	-57.0 	13    	73.4     	227   	53.3       	50.5       	13715     	-71.3
2932      	17:50:46  	158.4 	-56.9 	13    	73.1     	226   	52.9       	50.5       	13721     	-71.2
2934      	17:50:48  	158.3 	-56.8 	13    	72.9     	226   	52.5       	50.6       	13727     	-71.1
2936      	17:50:50  	158.1 	-56.8 	13    	72.6     	226   	52.1       	50.6       	13733     	-71.1
2938      	17:50:52  	158.0 	-56.7 	13    	72.2     	226   	51.6       	50.5       	13739     	-71.1
2940      	17:50:54  	157.8 	-56.6 	13    	71.7     	225   	50.9       	50.5       	13745     	-71.1
2942      	17:50:56  	157.7 	-56.6 	13    	71.2     	225   	50.3       	50.4       	13752     	-71.1
2944      	17:50:58  	157.5 	-56.5 	13    	70.7     	225   	49.7       	50.3       	13758     	-71.2
2946      	17:51:00  	157.4 	-56.5 	13    	70.4     	225   	49.4       	50.2       	13764     	-71.2
2948      	17:51:02  	157.2 	-56.5 	12    	70.1     	224   	49.1       	50.1       	13770     	-71.3
2950      	17:51:04  	157.0 	-56.5 	12    	69.9     	224   	48.8       	50.1       	13777     	-71.4
2952      	17:51:06  	156.9 	-56.5 	12    	69.6     	224   	48.3       	50.1       	13783     	-71.4
2954      	17:51:08  	156.7 	-56.5 	12    	69.2     	224   	47.9       	50.0       	13790     	-71.5
2956      	17:51:10  	156.6 	-56.5 	12    	68.9     	223   	47.4       	50.0       	13796     	-71.5
2958      	17:51:12  	156.4 	-56.5 	12    	68.8     	223   	47.2       	50.0       	13803     	-71.6
2960      	17:51:14  	156.2 	-56.5 	12    	68.7     	223   	47.0       	50.1       	13809     	-71.7
2962      	17:51:16  	156.1 	-56.5 	11    	68.6     	223   	46.8       	50.1       	13816     	-71.9
2964      	17:51:18  	155.9 	-56.5 	11    	68.4     	223   	46.6       	50.1       	13822     	-72.1
2966      	17:51:20  	155.8 	-56.5 	11    	68.2     	223   	46.3       	50.1       	13828     	-72.2
2968      	17:51:22  	155.6 	-56.5 	11    	67.9     	223   	46.0       	50.0       	13835     	-72.4
2970      	17:51:24  	155.5 	-56.6 	10    	67.7     	223   	45.8       	49.9       	13841     	-72.5
2972      	17:51:26  	155.3 	-56.6 	10    	67.6     	223   	45.7       	49.8       	13847     	-72.6
2974      	17:51:28  	155.2 	-56.6 	10    	67.4     	223   	45.6       	49.7       	13853     	-72.7
2976      	17:51:30  	155.0 	-56.6 	10    	67.2     	223   	45.5       	49.5       	13860     	-72.8
2978      	17:51:32  	154.8 	-56.6 	10    	66.9     	223   	45.4       	49.2       	13867     	-72.9
2980      	17:51:34  	154.7 	-56.7 	10    	66.7     	223   	45.4       	48.9       	13874     	-73.0
2982      	17:51:36  	154.5 	-56.7 	10    	66.4     	223   	45.3       	48.6       	13880     	-73.0
2984      	17:51:38  	154.3 	-56.7 	10    	66.3     	223   	45.3       	48.4       	13887     	-73.1
2986      	17:51:40  	154.2 	-56.7 	10    	66.1     	223   	45.3       	48.2       	13894     	-73.2
2988      	17:51:42  	154.0 	-56.7 	9     	66.1     	223   	45.4       	48.0       	13900     	-73.3
2990      	17:51:44  	153.9 	-56.7 	9     	65.9     	224   	45.4       	47.7       	13907     	-73.3
2992      	17:51:46  	153.7 	-56.6 	9     	65.7     	224   	45.5       	47.4       	13913     	-73.3
2994      	17:51:48  	153.5 	-56.6 	9     	65.4     	224   	45.5       	47.0       	13919     	-73.3
2996      	17:51:50  	153.4 	-56.5 	9     	65.3     	224   	45.6       	46.7       	13926     	-73.3
2998      	17:51:52  	153.3 	-56.5 	9     	65.2     	224   	45.6       	46.6       	13932     	-73.3
3000      	17:51:54  	153.1 	-56.4 	9     	65.1     	225   	45.6       	46.4       	13938     	-73.4
3002      	17:51:56  	153.0 	-56.3 	9     	64.9     	225   	45.6       	46.2       	13943     	-73.5
3004      	17:51:58  	152.8 	-56.2 	8     	64.5     	225   	45.3       	45.9       	13949     	-73.7
3006      	17:52:00  	152.7 	-56.1 	8     	64.1     	225   	45.1       	45.5       	13955     	-73.8
3008      	17:52:02  	152.6 	-56.0 	8     	63.6     	225   	44.9       	45.1       	13960     	-73.9
3010      	17:52:04  	152.4 	-55.9 	8     	63.3     	225   	44.6       	44.9       	13966     	-74.0
3012      	17:52:06  	152.3 	-55.8 	7     	62.9     	225   	44.4       	44.6       	13971     	-74.1
3014      	17:52:08  	152.2 	-55.7 	7     	62.6     	225   	44.1       	44.4       	13976     	-74.1
3016      	17:52:10  	152.0 	-55.6 	17    	61.9     	225   	43.6       	44.0       	13982     	-68.4
3018      	17:52:12  	151.9 	-55.5 	17    	61.3     	225   	43.0       	43.7       	13987     	-68.3
3020      	17:52:14  	151.8 	-55.3 	17    	60.7     	224   	42.5       	43.3       	13992     	-68.2
3022      	17:52:16  	151.7 	-55.2 	17    	60.0     	224   	41.9       	42.9       	13998     	-68.1
3024      	17:52:18  	151.5 	-55.1 	17    	59.7     	224   	41.6       	42.8       	14004     	-68.1
3026      	17:52:20  	151.4 	-55.0 	17    	59.3     	224   	41.3       	42.6       	14009     	-68.0
3028      	17:52:22  	151.3 	-54.9 	17    	58.9     	224   	40.9       	42.4       	14015     	-67.9
3030      	17:52:24  	151.1 	-54.8 	17    	58.5     	224   	40.5       	42.2       	14020     	-67.8
3032      	17:52:26  	151.0 	-54.7 	17    	58.0     	224   	40.1       	41.9       	14026     	-67.8
3034      	17:52:28  	150.9 	-54.6 	17    	57.5     	224   	39.6       	41.7       	14031     	-67.8
3036      	17:52:30  	150.8 	-54.6 	16    	57.4     	224   	39.5       	41.6       	14036     	-67.8
3038      	17:52:32  	150.6 	-54.5 	16    	57.2     	224   	39.4       	41.5       	14041     	-67.7
3040      	17:52:34  	150.5 	-54.5 	16    	57.0     	223   	39.2       	41.4       	14047     	-67.6
3042      	17:52:36  	150.4 	-54.5 	16    	56.9     	223   	39.0       	41.4       	14052     	-67.6
3044      	17:52:38  	150.3 	-54.5 	16    	56.7     	223   	38.8       	41.4       	14057     	-67.6
3046      	17:52:40  	150.1 	-54.4 	16    	56.6     	223   	38.6       	41.4       	14063     	-67.6
3048      	17:52:42  	150.0 	-54.4 	16    	56.5     	223   	38.4       	41.4       	14068     	-67.6
3050      	17:52:44  	149.9 	-54.4 	16    	56.5     	223   	38.3       	41.5       	14073     	-67.6
3052      	17:52:46  	149.8 	-54.4 	16    	56.4     	223   	38.2       	41.5       	14079     	-67.7
3054      	17:52:48  	149.6 	-54.4 	16    	56.3     	223   	38.1       	41.5       	14084     	-67.7
3056      	17:52:50  	149.5 	-54.4 	16    	56.3     	222   	38.0       	41.5       	14089     	-67.7
3058      	17:52:52  	149.4 	-54.4 	16    	56.2     	222   	37.9       	41.5       	14094     	-67.8
3060      	17:52:54  	149.3 	-54.4 	16    	56.1     	222   	37.8       	41.5       	14099     	-67.8
3062      	17:52:56  	149.1 	-54.5 	16    	56.0     	222   	37.7       	41.4       	14105     	-67.9
3064      	17:52:58  	149.0 	-54.5 	16    	56.0     	222   	37.7       	41.4       	14111     	-68.0
3066      	17:53:00  	148.9 	-54.5 	16    	55.9     	222   	37.7       	41.3       	14116     	-68.0
3068      	17:53:02  	148.8 	-54.4 	16    	55.5     	223   	37.5       	40.9       	14121     	-68.0
3070      	17:53:04  	148.6 	-54.4 	15    	55.1     	223   	37.3       	40.6       	14126     	-68.1
3072      	17:53:06  	148.5 	-54.4 	15    	54.8     	223   	37.1       	40.3       	14132     	-68.1
3074      	17:53:08  	148.4 	-54.4 	15    	54.6     	223   	37.0       	40.1       	14137     	-68.1
3076      	17:53:10  	148.3 	-54.3 	15    	54.2     	223   	36.8       	39.8       	14143     	-68.1
3078      	17:53:12  	148.1 	-54.3 	15    	53.9     	223   	36.6       	39.6       	14149     	-68.2
3080      	17:53:14  	148.0 	-54.3 	15    	53.4     	223   	36.3       	39.1       	14155     	-68.2
3082      	17:53:16  	147.8 	-54.3 	15    	52.5     	223   	35.7       	38.5       	14161     	-68.3
3084      	17:53:18  	147.7 	-54.2 	15    	51.7     	223   	35.2       	37.9       	14168     	-68.3
3086      	17:53:20  	147.5 	-54.2 	15    	51.0     	223   	34.8       	37.3       	14176     	-68.3
3088      	17:53:22  	147.3 	-54.2 	14    	50.4     	223   	34.4       	36.9       	14183     	-68.3
3090      	17:53:24  	147.2 	-54.2 	14    	50.0     	223   	34.1       	36.5       	14190     	-68.3
3092      	17:53:26  	147.0 	-54.1 	14    	49.5     	223   	33.7       	36.2       	14198     	-68.2
3094      	17:53:28  	146.8 	-54.1 	14    	48.6     	223   	33.1       	35.6       	14205     	-68.2
3096      	17:53:30  	146.6 	-54.1 	14    	47.8     	223   	32.5       	35.0       	14213     	-68.2
3098      	17:53:32  	146.5 	-54.0 	14    	47.1     	223   	32.0       	34.5       	14222     	-68.2
3100      	17:53:34  	146.3 	-54.0 	14    	46.6     	223   	31.6       	34.2       	14230     	-68.3
3102      	17:53:36  	146.1 	-53.9 	14    	46.3     	223   	31.4       	34.0       	14237     	-68.3
3104      	17:53:38  	145.9 	-53.9 	14    	46.0     	223   	31.2       	33.8       	14244     	-68.3
3106      	17:53:40  	145.7 	-53.8 	14    	45.4     	223   	30.8       	33.4       	14252     	-68.3
3108      	17:53:42  	145.5 	-53.8 	14    	44.7     	223   	30.3       	32.9       	14262     	-68.4
3110      	17:53:44  	145.3 	-53.8 	13    	44.0     	223   	29.8       	32.4       	14271     	-68.4
3112      	17:53:46  	145.1 	-53.8 	13    	43.5     	223   	29.4       	32.0       	14280     	-68.5
3114      	17:53:48  	144.9 	-53.7 	13    	43.0     	223   	29.1       	31.7       	14289     	-68.5
3116      	17:53:50  	144.7 	-53.7 	13    	42.7     	223   	28.9       	31.4       	14298     	-68.5
3118      	17:53:52  	144.5 	-53.7 	13    	42.2     	223   	28.5       	31.1       	14306     	-68.5
3120      	17:53:54  	144.3 	-53.7 	13    	41.1     	222   	27.6       	30.5       	14315     	-68.5
3122      	17:53:56  	144.2 	-53.6 	13    	40.0     	222   	26.6       	29.9       	14324     	-68.4
3124      	17:53:58  	144.0 	-53.6 	13    	38.9     	221   	25.7       	29.2       	14331     	-68.4
3126      	17:54:00  	143.8 	-53.6 	13    	38.1     	221   	24.9       	28.8       	14338     	-68.4
3128      	17:54:02  	143.7 	-53.6 	13    	37.4     	220   	24.2       	28.5       	14346     	-68.3
3130      	17:54:04  	143.5 	-53.6 	13    	36.7     	220   	23.5       	28.2       	14353     	-68.3
3132      	17:54:06  	143.3 	-53.6 	13    	35.6     	219   	22.4       	27.7       	14360     	-68.3
3134      	17:54:08  	143.1 	-53.5 	13    	34.5     	218   	21.2       	27.2       	14368     	-68.3
3136      	17:54:10  	143.0 	-53.5 	13    	33.4     	217   	20.1       	26.7       	14376     	-68.3
3138      	17:54:12  	142.8 	-53.5 	13    	32.4     	216   	19.0       	26.3       	14384     	-68.4
3140      	17:54:14  	142.6 	-53.5 	13    	32.0     	215   	18.6       	26.1       	14393     	-68.4
3142      	17:54:16  	142.4 	-53.5 	13    	31.6     	215   	18.1       	25.9       	14401     	-68.5
3144      	17:54:18  	142.2 	-53.6 	13    	31.2     	214   	17.6       	25.8       	14410     	-68.6
3146      	17:54:20  	142.0 	-53.6 	13    	30.7     	213   	16.8       	25.7       	14419     	-68.7
3148      	17:54:22  	141.8 	-53.7 	13    	30.2     	212   	16.0       	25.6       	14428     	-68.7
3150      	17:54:24  	141.6 	-53.7 	13    	29.7     	211   	15.2       	25.5       	14437     	-68.8
3152      	17:54:26  	141.4 	-53.8 	13    	29.5     	210   	14.8       	25.5       	14445     	-68.9
3154      	17:54:28  	141.3 	-53.8 	13    	29.4     	209   	14.4       	25.6       	14454     	-68.9
3156      	17:54:30  	141.1 	-53.8 	13    	29.3     	209   	14.0       	25.7       	14462     	-68.9
3158      	17:54:32  	140.9 	-53.8 	13    	29.2     	208   	13.6       	25.8       	14470     	-68.9
3160      	17:54:34  	140.7 	-53.9 	13    	29.1     	207   	13.1       	26.0       	14479     	-68.9
3162      	17:54:36  	140.5 	-53.9 	13    	29.2     	206   	12.6       	26.3       	14487     	-69.0
3164      	17:54:38  	140.3 	-54.0 	13    	29.2     	205   	12.2       	26.5       	14496     	-69.1
3166      	17:54:40  	140.1 	-54.1 	12    	29.2     	204   	12.1       	26.6       	14505     	-69.2
3168      	17:54:42  	139.9 	-54.1 	12    	29.3     	204   	12.0       	26.7       	14514     	-69.3
3170      	17:54:44  	139.7 	-54.1 	12    	29.4     	204   	11.8       	26.9       	14523     	-69.4
3172      	17:54:46  	139.5 	-54.2 	12    	29.6     	203   	11.5       	27.3       	14532     	-69.4
3174      	17:54:48  	139.3 	-54.2 	12    	29.8     	202   	11.2       	27.6       	14542     	-69.5
3176      	17:54:50  	139.1 	-54.2 	12    	30.0     	201   	10.9       	28.0       	14551     	-69.5
3178      	17:54:52  	138.9 	-54.3 	12    	30.1     	201   	10.6       	28.2       	14560     	-69.6
3180      	17:54:54  	138.7 	-54.3 	12    	30.2     	200   	10.4       	28.4       	14569     	-69.6
3182      	17:54:56  	138.5 	-54.4 	12    	30.4     	200   	10.2       	28.6       	14579     	-69.7
3184      	17:54:58  	138.3 	-54.4 	12    	30.5     	199   	9.7        	28.9       	14588     	-69.7
3186      	17:55:00  	138.1 	-54.5 	12    	30.5     	198   	9.2        	29.1       	14599     	-69.8
3188      	17:55:02  	137.9 	-54.5 	12    	30.7     	196   	8.7        	29.4       	14609     	-69.9
3190      	17:55:04  	137.6 	-54.6 	12    	30.7     	195   	8.2        	29.6       	14620     	-70.0
3192      	17:55:06  	137.4 	-54.6 	12    	30.6     	195   	7.9        	29.6       	14631     	-70.0
3194      	17:55:08  	137.2 	-54.7 	12    	30.7     	194   	7.6        	29.7       	14643     	-70.1
3196      	17:55:10  	136.9 	-54.7 	12    	30.7     	193   	7.0        	29.9       	14654     	-70.1
3198      	17:55:12  	136.7 	-54.8 	12    	30.8     	192   	6.4        	30.1       	14664     	-70.1
3200      	17:55:14  	136.5 	-54.8 	12    	30.8     	191   	5.7        	30.3       	14675     	-70.1
3202      	17:55:16  	136.3 	-54.9 	12    	30.9     	189   	5.1        	30.5       	14685     	-70.1
3204      	17:55:18  	136.0 	-54.9 	12    	31.1     	189   	4.7        	30.7       	14695     	-70.2
3206      	17:55:20  	135.8 	-55.0 	12    	31.2     	188   	4.3        	30.9       	14704     	-70.2
3208      	17:55:22  	135.6 	-55.0 	12    	31.4     	187   	4.0        	31.1       	14714     	-70.3
3210      	17:55:24  	135.4 	-55.1 	12    	31.5     	186   	3.4        	31.3       	14723     	-70.4
3212      	17:55:26  	135.2 	-55.2 	12    	31.7     	185   	2.9        	31.6       	14732     	-70.5
3214      	17:55:28  	135.0 	-55.2 	12    	32.0     	184   	2.3        	31.9       	14741     	-70.6
3216      	17:55:30  	134.9 	-55.3 	12    	32.2     	183   	1.9        	32.1       	14751     	-70.8
3218      	17:55:32  	134.7 	-55.4 	11    	32.2     	183   	1.7        	32.2       	14760     	-70.9
3220      	17:55:34  	134.5 	-55.4 	11    	32.3     	183   	1.5        	32.3       	14769     	-71.0
3222      	17:55:36  	134.3 	-55.5 	11    	32.4     	182   	1.2        	32.4       	14778     	-71.0
3224      	17:55:38  	134.1 	-55.6 	11    	32.5     	182   	0.9        	32.5       	14788     	-71.1
3226      	17:55:40  	133.9 	-55.6 	12    	32.7     	181   	0.5        	32.7       	14797     	-71.1
3228      	17:55:42  	133.7 	-55.7 	12    	32.8     	180   	0.2        	32.8       	14807     	-71.1
3230      	17:55:44  	133.5 	-55.7 	12    	32.9     	180   	0.1        	32.9       	14816     	-71.1
3232      	17:55:46  	133.3 	-55.8 	12    	32.9     	180   	-0.0       	32.9       	14825     	-71.1
3234      	17:55:48  	133.1 	-55.9 	12    	33.0     	180   	-0.1       	33.0       	14835     	-71.2
3236      	17:55:50  	132.9 	-56.0 	12    	33.1     	180   	-0.1       	33.1       	14844     	-71.2
3238      	17:55:52  	132.7 	-56.0 	12    	33.2     	180   	-0.2       	33.2       	14854     	-71.4
3240      	17:55:54  	132.5 	-56.1 	12    	33.3     	180   	-0.2       	33.3       	14863     	-71.5
3242      	17:55:56  	132.3 	-56.2 	11    	33.3     	180   	-0.2       	33.3       	14873     	-71.6
3244      	17:55:58  	132.1 	-56.3 	11    	33.4     	180   	-0.2       	33.4       	14883     	-71.7
3246      	17:56:00  	131.9 	-56.3 	11    	33.4     	180   	-0.1       	33.4       	14892     	-71.8
3248      	17:56:02  	131.7 	-56.4 	11    	33.5     	180   	-0.0       	33.5       	14902     	-71.9
3250      	17:56:04  	131.5 	-56.5 	11    	33.6     	180   	0.2        	33.6       	14911     	-72.0
3252      	17:56:06  	131.3 	-56.5 	11    	33.7     	181   	0.4        	33.7       	14920     	-72.1
3254      	17:56:08  	131.1 	-56.6 	11    	33.8     	181   	0.6        	33.8       	14929     	-72.2
3256      	17:56:10  	130.9 	-56.7 	11    	33.9     	181   	0.7        	33.9       	14938     	-72.3
3258      	17:56:12  	130.8 	-56.8 	11    	33.9     	182   	0.9        	33.9       	14947     	-72.3
3260      	17:56:14  	130.6 	-56.8 	11    	34.0     	182   	1.0        	34.0       	14956     	-72.4
3262      	17:56:16  	130.4 	-56.9 	11    	34.1     	182   	1.3        	34.1       	14965     	-72.5
3264      	17:56:18  	130.2 	-57.0 	11    	34.3     	183   	1.6        	34.3       	14975     	-72.6
3266      	17:56:20  	130.0 	-57.0 	11    	34.5     	183   	1.9        	34.4       	14984     	-72.7
3268      	17:56:22  	129.8 	-57.1 	11    	34.5     	183   	2.0        	34.4       	14993     	-72.8
3270      	17:56:24  	129.6 	-57.2 	11    	34.6     	183   	2.1        	34.5       	15003     	-72.8
3272      	17:56:26  	129.4 	-57.3 	11    	34.6     	184   	2.2        	34.5       	15012     	-72.9
3274      	17:56:28  	129.2 	-57.3 	11    	34.8     	184   	2.4        	34.7       	15021     	-73.0
3276      	17:56:30  	129.0 	-57.4 	11    	34.9     	184   	2.5        	34.8       	15030     	-73.1
3278      	17:56:32  	128.9 	-57.4 	10    	35.1     	184   	2.6        	35.0       	15039     	-73.2
3280      	17:56:34  	128.7 	-57.5 	10    	35.2     	184   	2.7        	35.1       	15048     	-73.3
3282      	17:56:36  	128.5 	-57.6 	10    	35.4     	184   	2.7        	35.3       	15057     	-73.4
3284      	17:56:38  	128.3 	-57.6 	10    	35.5     	184   	2.7        	35.4       	15066     	-73.5
3286      	17:56:40  	128.1 	-57.7 	10    	35.6     	184   	2.7        	35.5       	15076     	-73.5
3288      	17:56:42  	127.9 	-57.7 	10    	35.9     	184   	2.7        	35.8       	15085     	-73.6
3290      	17:56:44  	127.7 	-57.8 	10    	36.3     	184   	2.6        	36.2       	15095     	-73.6
3292      	17:56:46  	127.5 	-57.8 	10    	36.6     	184   	2.6        	36.5       	15105     	-73.7
3294      	17:56:48  	127.4 	-57.9 	10    	36.8     	184   	2.5        	36.7       	15113     	-73.8
3296      	17:56:50  	127.2 	-58.0 	10    	37.0     	184   	2.5        	36.9       	15122     	-73.9
3298      	17:56:52  	127.0 	-58.0 	10    	37.2     	184   	2.5        	37.1       	15131     	-73.9
3300      	17:56:54  	126.8 	-58.1 	10    	37.5     	184   	2.3        	37.4       	15140     	-74.1
3302      	17:56:56  	126.6 	-58.1 	10    	37.9     	183   	2.1        	37.8       	15149     	-74.2
3304      	17:56:58  	126.4 	-58.2 	10    	38.1     	183   	1.9        	38.1       	15158     	-74.3
3306      	17:57:00  	126.3 	-58.2 	10    	38.4     	183   	1.7        	38.4       	15168     	-74.4
3308      	17:57:02  	126.1 	-58.3 	10    	38.5     	182   	1.6        	38.5       	15177     	-74.6
3310      	17:57:04  	125.9 	-58.4 	10    	38.7     	182   	1.4        	38.7       	15186     	-74.7
3312      	17:57:06  	125.7 	-58.4 	9     	38.8     	182   	1.3        	38.8       	15194     	-74.7
3314      	17:57:08  	125.5 	-58.5 	9     	39.1     	182   	1.2        	39.1       	15203     	-74.8
3316      	17:57:10  	125.4 	-58.5 	9     	39.3     	181   	1.0        	39.3       	15212     	-74.9
3318      	17:57:12  	125.2 	-58.6 	9     	39.6     	181   	0.9        	39.6       	15221     	-75.0
3320      	17:57:14  	125.0 	-58.6 	9     	39.8     	181   	0.9        	39.8       	15229     	-75.0
3322      	17:57:16  	124.8 	-58.7 	9     	39.9     	181   	0.9        	39.9       	15239     	-75.1
3324      	17:57:18  	124.7 	-58.8 	9     	40.0     	181   	0.9        	40.0       	15248     	-75.2
3326      	17:57:20  	124.5 	-58.8 	9     	40.2     	181   	1.0        	40.2       	15257     	-75.3
3328      	17:57:22  	124.3 	-58.9 	9     	40.5     	181   	1.0        	40.5       	15265     	-75.4
3330      	17:57:24  	124.1 	-58.9 	9     	40.9     	182   	1.1        	40.9       	15274     	-75.5
3332      	17:57:26  	124.0 	-59.0 	9     	41.2     	182   	1.2        	41.2       	15283     	-75.6
3334      	17:57:28  	123.8 	-59.1 	9     	41.4     	182   	1.2        	41.4       	15292     	-75.7
3336      	17:57:30  	123.6 	-59.1 	9     	41.6     	182   	1.2        	41.6       	15302     	-75.7
3338      	17:57:32  	123.4 	-59.2 	9     	41.8     	182   	1.3        	41.8       	15311     	-75.8
3340      	17:57:34  	123.2 	-59.2 	9     	42.1     	182   	1.4        	42.1       	15320     	-75.9
3342      	17:57:36  	123.0 	-59.3 	9     	42.4     	182   	1.5        	42.4       	15329     	-75.9
3344      	17:57:38  	122.9 	-59.3 	9     	42.8     	182   	1.6        	42.8       	15339     	-75.9
3346      	17:57:40  	122.7 	-59.3 	9     	43.0     	182   	1.7        	43.0       	15348     	-76.0
3348      	17:57:42  	122.5 	-59.4 	9     	43.1     	182   	1.7        	43.1       	15357     	-76.0
3350      	17:57:44  	122.3 	-59.4 	9     	43.2     	182   	1.8        	43.2       	15366     	-76.0
3352      	17:57:46  	122.1 	-59.4 	9     	43.4     	183   	1.9        	43.4       	15375     	-76.1
3354      	17:57:48  	122.0 	-59.4 	9     	43.5     	183   	2.0        	43.5       	15384     	-76.1
3356      	17:57:50  	121.8 	-59.5 	9     	43.8     	183   	2.2        	43.7       	15393     	-76.1
3358      	17:57:52  	121.6 	-59.5 	9     	44.0     	183   	2.3        	43.9       	15402     	-76.1
3360      	17:57:54  	121.5 	-59.6 	9     	44.0     	183   	2.3        	43.9       	15411     	-76.2
3362      	17:57:56  	121.3 	-59.6 	9     	44.0     	183   	2.4        	43.9       	15420     	-76.2
3364      	17:57:58  	121.1 	-59.6 	9     	44.6     	183   	2.7        	44.5       	15429     	-76.2
3366      	17:58:00  	120.9 	-59.6 	9     	45.3     	184   	3.0        	45.2       	15437     	-76.3
3368      	17:58:02  	120.8 	-59.6 	9     	46.1     	184   	3.4        	46.0       	15446     	-76.3
3370      	17:58:04  	120.6 	-59.6 	9     	47.0     	185   	3.8        	46.8       	15455     	-76.4
3372      	17:58:06  	120.4 	-59.7 	9     	47.7     	185   	4.1        	47.5       	15463     	-76.4
3374      	17:58:08  	120.3 	-59.7 	9     	48.5     	185   	4.4        	48.3       	15471     	-76.4
3376      	17:58:10  	120.1 	-59.7 	9     	49.2     	185   	4.7        	49.0       	15479     	-76.5
3378      	17:58:12  	120.0 	-59.7 	8     	49.8     	186   	4.9        	49.6       	15487     	-76.5
3380      	17:58:14  	119.8 	-59.7 	8     	50.6     	186   	5.2        	50.3       	15495     	-76.6
3382      	17:58:16  	119.7 	-59.7 	8     	51.3     	186   	5.4        	51.0       	15502     	-76.6
3384      	17:58:18  	119.5 	-59.7 	8     	51.5     	186   	5.4        	51.2       	15510     	-76.6
3386      	17:58:20  	119.4 	-59.8 	8     	51.4     	186   	5.3        	51.1       	15518     	-76.7
3388      	17:58:22  	119.2 	-59.8 	8     	51.4     	186   	5.2        	51.1       	15526     	-76.7
3390      	17:58:24  	119.1 	-59.8 	8     	51.4     	186   	5.2        	51.1       	15535     	-76.8
3392      	17:58:26  	118.9 	-59.8 	8     	51.3     	186   	5.3        	51.0       	15543     	-76.8
3394      	17:58:28  	118.7 	-59.9 	8     	51.3     	186   	5.3        	51.0       	15552     	-76.8
3396      	17:58:30  	118.6 	-59.9 	8     	51.3     	186   	5.4        	51.0       	15560     	-76.9
3398      	17:58:32  	118.4 	-59.9 	8     	51.4     	186   	5.5        	51.1       	15568     	-77.0
3400      	17:58:34  	118.3 	-59.9 	8     	51.4     	186   	5.7        	51.1       	15577     	-77.1
3402      	17:58:36  	118.1 	-59.8 	8     	51.5     	186   	5.8        	51.2       	15585     	-77.1
3404      	17:58:38  	118.0 	-59.8 	8     	51.5     	187   	6.0        	51.1       	15593     	-77.2
3406      	17:58:40  	117.8 	-59.8 	8     	51.4     	187   	6.2        	51.0       	15601     	-77.3
3408      	17:58:42  	117.6 	-59.8 	8     	51.3     	187   	6.4        	50.9       	15610     	-77.3
3410      	17:58:44  	117.5 	-59.7 	7     	51.2     	187   	6.5        	50.8       	15618     	-77.4
3412      	17:58:46  	117.3 	-59.7 	7     	51.0     	187   	6.6        	50.6       	15626     	-77.4
3414      	17:58:48  	117.2 	-59.6 	7     	50.9     	187   	6.6        	50.5       	15634     	-77.3
3416      	17:58:50  	117.0 	-59.6 	7     	50.7     	188   	6.9        	50.2       	15643     	-77.3
3418      	17:58:52  	116.9 	-59.6 	7     	50.2     	188   	7.4        	49.7       	15652     	-77.3
3420      	17:58:54  	116.7 	-59.5 	7     	49.9     	189   	7.9        	49.3       	15661     	-77.3
3422      	17:58:56  	116.5 	-59.5 	7     	49.6     	190   	8.3        	48.9       	15670     	-77.3
3424      	17:58:58  	116.4 	-59.5 	7     	49.4     	190   	8.7        	48.6       	15678     	-77.3
3426      	17:59:00  	116.2 	-59.4 	7     	49.1     	191   	9.1        	48.3       	15687     	-77.3
3428      	17:59:02  	116.0 	-59.4 	7     	48.9     	191   	9.5        	48.0       	15696     	-77.3
3430      	17:59:04  	115.9 	-59.4 	7     	48.4     	192   	10.0       	47.4       	15704     	-77.3
3432      	17:59:06  	115.7 	-59.4 	7     	47.9     	193   	10.6       	46.7       	15713     	-77.3
3434      	17:59:08  	115.6 	-59.4 	7     	47.4     	194   	11.1       	46.1       	15721     	-77.2
3436      	17:59:10  	115.4 	-59.3 	7     	47.1     	194   	11.3       	45.7       	15730     	-77.2
3438      	17:59:12  	115.3 	-59.3 	7     	46.8     	194   	11.4       	45.4       	15738     	-77.1
3440      	17:59:14  	115.1 	-59.3 	7     	46.4     	194   	11.5       	45.0       	15746     	-77.1
3442      	17:59:16  	115.0 	-59.3 	7     	46.2     	195   	11.7       	44.7       	15754     	-77.1
3444      	17:59:18  	114.8 	-59.3 	7     	45.9     	195   	11.9       	44.3       	15763     	-77.1
3446      	17:59:20  	114.7 	-59.3 	7     	45.5     	195   	12.1       	43.9       	15771     	-77.1
3448      	17:59:22  	114.5 	-59.4 	7     	45.2     	196   	12.2       	43.5       	15779     	-77.2
3450      	17:59:24  	114.3 	-59.4 	7     	45.2     	196   	12.3       	43.5       	15788     	-77.2
3452      	17:59:26  	114.2 	-59.4 	7     	45.1     	196   	12.4       	43.4       	15796     	-77.3
3454      	17:59:28  	114.0 	-59.5 	7     	45.2     	196   	12.5       	43.4       	15805     	-77.4
3456      	17:59:30  	113.9 	-59.6 	7     	45.1     	196   	12.5       	43.3       	15813     	-77.5
3458      	17:59:32  	113.7 	-59.6 	7     	45.0     	196   	12.6       	43.2       	15821     	-77.7
3460      	17:59:34  	113.6 	-59.7 	7     	44.9     	196   	12.7       	43.1       	15830     	-77.7
3462      	17:59:36  	113.4 	-59.8 	7     	44.8     	196   	12.7       	43.0       	15838     	-77.8
3464      	17:59:38  	113.3 	-59.9 	7     	44.8     	196   	12.7       	43.0       	15846     	-77.8
3466      	17:59:40  	113.1 	-59.9 	7     	44.7     	196   	12.6       	42.9       	15854     	-77.8
3468      	17:59:42  	113.0 	-60.0 	7     	44.6     	196   	12.6       	42.8       	15862     	-77.9
3470      	17:59:44  	112.8 	-60.1 	7     	44.5     	196   	12.6       	42.7       	15870     	-77.9
3472      	17:59:46  	112.7 	-60.1 	7     	44.4     	196   	12.5       	42.6       	15878     	-77.9
3474      	17:59:48  	112.6 	-60.2 	7     	44.4     	196   	12.5       	42.6       	15886     	-77.9
3476      	17:59:50  	112.4 	-60.3 	7     	44.3     	196   	12.5       	42.5       	15894     	-78.0
3478      	17:59:52  	112.3 	-60.4 	7     	44.3     	196   	12.4       	42.5       	15902     	-78.1
3480      	17:59:54  	112.1 	-60.4 	7     	44.2     	196   	12.4       	42.4       	15910     	-78.1
3482      	17:59:56  	112.0 	-60.5 	7     	44.2     	196   	12.4       	42.4       	15919     	-78.2
3484      	17:59:58  	111.8 	-60.6 	7     	44.2     	196   	12.5       	42.4       	15927     	-78.3
3486      	18:00:00  	111.7 	-60.7 	7     	44.1     	196   	12.5       	42.3       	15935     	-78.4
3488      	18:00:02  	111.5 	-60.7 	7     	44.1     	196   	12.5       	42.3       	15944     	-78.5
3490      	18:00:04  	111.4 	-60.8 	7     	44.1     	196   	12.5       	42.3       	15951     	-78.6
3492      	18:00:06  	111.2 	-60.9 	7     	44.1     	197   	12.6       	42.3       	15959     	-78.7
3494      	18:00:08  	111.1 	-60.9 	7     	44.1     	197   	12.6       	42.3       	15967     	-78.7
3496      	18:00:10  	111.0 	-61.0 	7     	44.1     	197   	12.7       	42.2       	15974     	-78.8
3498      	18:00:12  	110.8 	-61.1 	7     	44.0     	197   	12.8       	42.1       	15982     	-78.8
3500      	18:00:14  	110.7 	-61.1 	7     	44.0     	197   	12.8       	42.1       	15989     	-78.9
3502      	18:00:16  	110.6 	-61.2 	7     	43.9     	197   	12.8       	42.0       	15997     	-79.0
3504      	18:00:18  	110.4 	-61.3 	7     	43.9     	197   	12.8       	42.0       	16004     	-79.1
3506      	18:00:20  	110.3 	-61.3 	7     	43.8     	197   	12.8       	41.9       	16011     	-79.2
3508      	18:00:22  	110.2 	-61.4 	7     	43.7     	197   	12.8       	41.8       	16019     	-79.3
3510      	18:00:24  	110.0 	-61.4 	7     	43.6     	197   	12.7       	41.7       	16027     	-79.4
3512      	18:00:26  	109.9 	-61.5 	7     	43.5     	197   	12.6       	41.6       	16034     	-79.6
3514      	18:00:28  	109.8 	-61.6 	7     	43.3     	197   	12.5       	41.5       	16041     	-79.7
3516      	18:00:30  	109.6 	-61.7 	7     	43.3     	197   	12.4       	41.5       	16049     	-79.7
3518      	18:00:32  	109.5 	-61.7 	7     	43.2     	197   	12.3       	41.4       	16056     	-79.8
3520      	18:00:34  	109.4 	-61.8 	7     	43.1     	196   	12.2       	41.3       	16063     	-79.8
3522      	18:00:36  	109.3 	-61.8 	7     	42.9     	196   	12.1       	41.2       	16070     	-79.8
3524      	18:00:38  	109.1 	-61.9 	7     	42.8     	196   	12.0       	41.1       	16077     	-79.9
3526      	18:00:40  	109.0 	-61.9 	7     	42.7     	196   	11.9       	41.0       	16084     	-79.9
3528      	18:00:42  	108.9 	-62.0 	7     	42.6     	196   	11.9       	40.9       	16091     	-80.1
3530      	18:00:44  	108.8 	-62.1 	6     	42.6     	196   	11.9       	40.9       	16098     	-80.2
3532      	18:00:46  	108.6 	-62.1 	6     	42.3     	196   	11.8       	40.6       	16106     	-80.3
