103100|||Hawthorne|||SE|5|ON-SITE MET EQUIP||||HW|014|MEAN SEA-LEVEL|10
AB|I|49|035|3006|1|MILTON AVENUE|LOCAL ST OR HY|150|1995|N|
AD|I|49|035|3006|MET-ONE-A|1113|Met One Instruments|SASS||4|20000209|
AD|I|49|035|3006|URG-A|1113|URG|3000N||1|20070503|
AE|I|49|035|3006|MET-ONE-A|1|TEFLON|6.7|118|20000209|
AE|I|49|035|3006|MET-ONE-A|2|NYLON|6.7|118|20000209|
AE|I|49|035|3006|MET-ONE-A|3|QUARTZ|6.7|118|20000209|
AE|I|49|035|3006|MET-ONE-A|4|QUARTZ|6.7|118|20230101|
AE|I|49|035|3006|URG-A|1|QUARTZ|22|118|20070503|
MA|I|49|035|3006|42101|1||MOBILE|MIDDLE SCALE||TOP OF BUILDING|4||1||Y||||||||||||
MB|I|49|035|3006|42101|1|19970101|20050331
MB|I|49|035|3006|42101|1|20051101|20060331
MB|I|49|035|3006|42101|1|20061001|20151231
MB|I|49|035|3006|42101|1|20160101|
MC|I|49|035|3006|42101|1|SLAMS|19970101|
MD|I|49|035|3006|42101|1|PQAO|1113|19970101|20050331
MD|I|49|035|3006|42101|1|CERTIFYING|1113|19970101|
MD|I|49|035|3006|42101|1|REPORTING|1113|19970101|
MD|I|49|035|3006|42101|1|ANALYZING|1113|19970101|
MD|I|49|035|3006|42101|1|COLLECTING|1113|19970101|
MD|I|49|035|3006|42101|1|PQAO|1113|20051101|20060331
MD|I|49|035|3006|42101|1|PQAO|1113|20061001|20061231
MD|I|49|035|3006|42101|1|PQAO|1113|20070101|
ME|I|49|035|3006|42101|1|UNKNOWN|7159||||
MG|I|49|035|3006|42101|1|1|30
MI|I|49|035|3006|42101|1|QC|Y|19970101
MI|I|49|035|3006|42101|1|RM|Y|19970101
MI|I|49|035|3006|42101|1|SC|Y|19970101
MK|I|49|035|3006|42101|1|1|1|007|054|||
MK|I|49|035|3006|42101|1|2|1|007|093|||
MK|I|49|035|3006|42101|1|3|1|007|554|||
MK|I|49|035|3006|42101|1|4|1|008|054|||
MK|I|49|035|3006|42101|1|5|1|008|554|||
MK|I|49|035|3006|42101|1|6|1|008|593|||
MK|I|49|035|3006|42101|1|7|1|007|593|||
MM|I|49|035|3006|42101|1|054|19970101|20081231
MM|I|49|035|3006|42101|1|554|20090101|20151231
MM|I|49|035|3006|42101|1|593|20160101|
MN|I|49|035|3006|42101|1|NCORE|20100923|
MA|I|49|035|3006|42401|1|||NEIGHBORHOOD||TOP OF BUILDING|4||||Y||||||||||||
MB|I|49|035|3006|42401|1|20100901|
MC|I|49|035|3006|42401|1|SLAMS|20100901|
MD|I|49|035|3006|42401|1|CERTIFYING|1113|20100901|
MD|I|49|035|3006|42401|1|ANALYZING|1113|20100901|
MD|I|49|035|3006|42401|1|PQAO|1113|20100901|
MD|I|49|035|3006|42401|1|REPORTING|1113|20100901|
MD|I|49|035|3006|42401|1|COLLECTING|1113|20100901|
ME|I|49|035|3006|42401|1|GENERAL/BACKGROUND|7159||||
MG|I|49|035|3006|42401|1|1|30
MK|I|49|035|3006|42401|1|2|1|008|100|||
MK|I|49|035|3006|42401|1|3|1|008|560|||
MK|I|49|035|3006|42401|1|4|1|007|560|||
MK|I|49|035|3006|42401|1|5|1|008|600|||
MM|I|49|035|3006|42401|1|100|20100901|20221231
MM|I|49|035|3006|42401|1|600|20230101|
MN|I|49|035|3006|42401|1|NCORE|20100923|
MA|I|49|035|3006|42401|2|||NEIGHBORHOOD||TOP OF BUILDING|4||||Y||||||||||||
MB|I|49|035|3006|42401|2|20100901|
MC|I|49|035|3006|42401|2|SLAMS|20100901|
MD|I|49|035|3006|42401|2|CERTIFYING|1113|20100901|
MD|I|49|035|3006|42401|2|ANALYZING|1113|20100901|
MD|I|49|035|3006|42401|2|PQAO|1113|20100901|
MD|I|49|035|3006|42401|2|REPORTING|1113|20100901|
MD|I|49|035|3006|42401|2|COLLECTING|1113|20100901|
ME|I|49|035|3006|42401|2|GENERAL/BACKGROUND|7159||||
MG|I|49|035|3006|42401|2|1|30
MK|I|49|035|3006|42401|2|1|H|008|560|||
MK|I|49|035|3006|42401|2|2|H|008|600|||
MM|I|49|035|3006|42401|2|560|20100901|20231231
MM|I|49|035|3006|42401|2|600|20240101|
MA|I|49|035|3006|42600|1|||NEIGHBORHOOD||TOP OF BUILDING|4||||Y||||||||||||
MB|I|49|035|3006|42600|1|20101201|
MC|I|49|035|3006|42600|1|SLAMS|20101201|
MD|I|49|035|3006|42600|1|CERTIFYING|1113|20101201|
MD|I|49|035|3006|42600|1|ANALYZING|1113|20101201|
MD|I|49|035|3006|42600|1|PQAO|1113|20101201|
MD|I|49|035|3006|42600|1|REPORTING|1113|20101201|
MD|I|49|035|3006|42600|1|COLLECTING|1113|20101201|
ME|I|49|035|3006|42600|1|GENERAL/BACKGROUND|7159||||
MG|I|49|035|3006|42600|1|1|30
MK|I|49|035|3006|42600|1|1|1|008|674|||
MK|I|49|035|3006|42600|1|2|1|007|674|||
MK|I|49|035|3006|42600|1|3|1|008|699|||
MM|I|49|035|3006|42600|1|674|20101201|20221231
MM|I|49|035|3006|42600|1|699|20230101|
MN|I|49|035|3006|42600|1|NCORE|20100923|
MA|I|49|035|3006|42601|1|||NEIGHBORHOOD||TOP OF BUILDING|4||||Y||||||||||||
MB|I|49|035|3006|42601|1|20100101|
MC|I|49|035|3006|42601|1|SLAMS|20100101|
MD|I|49|035|3006|42601|1|CERTIFYING|1113|20100101|
MD|I|49|035|3006|42601|1|ANALYZING|1113|20100101|
MD|I|49|035|3006|42601|1|PQAO|1113|20100101|
MD|I|49|035|3006|42601|1|REPORTING|1113|20100101|
MD|I|49|035|3006|42601|1|COLLECTING|1113|20100101|
ME|I|49|035|3006|42601|1|GENERAL/BACKGROUND|7159||||
MG|I|49|035|3006|42601|1|1|30
MK|I|49|035|3006|42601|1|1|1|007|074|||
MK|I|49|035|3006|42601|1|2|1|007|099|||
MK|I|49|035|3006|42601|1|3|1|008|674|||
MK|I|49|035|3006|42601|1|4|1|007|674|||
MK|I|49|035|3006|42601|1|5|1|008|074|||
MK|I|49|035|3006|42601|1|6|1|008|099|||
MM|I|49|035|3006|42601|1|074|20100101|20161231
MM|I|49|035|3006|42601|1|099|20170101|
MN|I|49|035|3006|42601|1|NCORE|20100923|
MA|I|49|035|3006|42601|2|||NEIGHBORHOOD||TOP OF BUILDING|4||||Y||||||||||||
MB|I|49|035|3006|42601|2|20101201|
MC|I|49|035|3006|42601|2|SLAMS|20101201|
MD|I|49|035|3006|42601|2|CERTIFYING|1113|20101201|
MD|I|49|035|3006|42601|2|ANALYZING|1113|20101201|
MD|I|49|035|3006|42601|2|PQAO|1113|20101201|
MD|I|49|035|3006|42601|2|REPORTING|1113|20101201|
MD|I|49|035|3006|42601|2|COLLECTING|1113|20101201|
ME|I|49|035|3006|42601|2|GENERAL/BACKGROUND|7159||||
MG|I|49|035|3006|42601|2|1|30
MK|I|49|035|3006|42601|2|1|1|008|574|||
MK|I|49|035|3006|42601|2|2|1|008|674|||
MK|I|49|035|3006|42601|2|3|1|008|200|||
MK|I|49|035|3006|42601|2|4|1|008|699|||
MM|I|49|035|3006|42601|2|674|20101201|20221231
MM|I|49|035|3006|42601|2|699|20230101|
MA|I|49|035|3006|42601|3|||NEIGHBORHOOD||TOP OF BUILDING|4||||Y||||||||||||
MB|I|49|035|3006|42601|3|20190415|
MC|I|49|035|3006|42601|3|SLAMS|20190415|
MD|I|49|035|3006|42601|3|ANALYZING|1113|20190415|
MD|I|49|035|3006|42601|3|COLLECTING|1113|20190415|
MD|I|49|035|3006|42601|3|CERTIFYING|1113|20190415|
MD|I|49|035|3006|42601|3|PQAO|1113|20190415|
MD|I|49|035|3006|42601|3|REPORTING|1113|20190415|
ME|I|49|035|3006|42601|3|GENERAL/BACKGROUND|7159||||
MG|I|49|035|3006|42601|3|1|30
MK|I|49|035|3006|42601|3|2|1|008|200|||
MK|I|49|035|3006|42601|3|3|1|008|256|||
MM|I|49|035|3006|42601|3|200|20190415|20220421
MM|I|49|035|3006|42601|3|256|20220422|
MN|I|49|035|3006|42601|3|NCORE|20190415|
MA|I|49|035|3006|42602|1|||NEIGHBORHOOD||TOP OF BUILDING|4||1||Y||||||||||||
MB|I|49|035|3006|42602|1|19970101|
MC|I|49|035|3006|42602|1|SLAMS|19970101|
MD|I|49|035|3006|42602|1|PQAO|1113|19970101|20061231
MD|I|49|035|3006|42602|1|CERTIFYING|1113|19970101|
MD|I|49|035|3006|42602|1|ANALYZING|1113|19970101|
MD|I|49|035|3006|42602|1|COLLECTING|1113|19970101|
MD|I|49|035|3006|42602|1|REPORTING|1113|19970101|
MD|I|49|035|3006|42602|1|PQAO|1113|20070101|
ME|I|49|035|3006|42602|1|UNKNOWN|||||
MG|I|49|035|3006|42602|1|1|30
MI|I|49|035|3006|42602|1|QC|Y|19970101
MI|I|49|035|3006|42602|1|RM|Y|19970101
MI|I|49|035|3006|42602|1|SC|Y|19970101
MK|I|49|035|3006|42602|1|1|1|007|074|||
MK|I|49|035|3006|42602|1|2|1|007|099|||
MK|I|49|035|3006|42602|1|3|1|008|099|||
MM|I|49|035|3006|42602|1|074|19970101|20161231
MM|I|49|035|3006|42602|1|099|20170101|
MO|I|49|035|3006|42602|1|19970101||
MA|I|49|035|3006|42602|3|||NEIGHBORHOOD||TOP OF BUILDING|4||||Y||||||||||||
MB|I|49|035|3006|42602|3|20190415|
MC|I|49|035|3006|42602|3|SLAMS|20190415|
MD|I|49|035|3006|42602|3|ANALYZING|1113|20190415|
MD|I|49|035|3006|42602|3|COLLECTING|1113|20190415|
MD|I|49|035|3006|42602|3|CERTIFYING|1113|20190415|
MD|I|49|035|3006|42602|3|PQAO|1113|20190415|
MD|I|49|035|3006|42602|3|REPORTING|1113|20190415|
ME|I|49|035|3006|42602|3|GENERAL/BACKGROUND|7159||||
MG|I|49|035|3006|42602|3|1|30
MK|I|49|035|3006|42602|3|1|1|008|200|||
MK|I|49|035|3006|42602|3|2|1|008|256|||
MM|I|49|035|3006|42602|3|200|20190415|20220421
MM|I|49|035|3006|42602|3|256|20220422|
MN|I|49|035|3006|42602|3|NCORE|20190415|
MA|I|49|035|3006|42603|1|||NEIGHBORHOOD||TOP OF BUILDING|4||1||Y||||||||||||
MB|I|49|035|3006|42603|1|19970101|
MC|I|49|035|3006|42603|1|OTHER|19970101|19970102
MC|I|49|035|3006|42603|1|SLAMS|19970103|
MD|I|49|035|3006|42603|1|PQAO|1113|19970101|20061231
MD|I|49|035|3006|42603|1|CERTIFYING|1113|19970101|
MD|I|49|035|3006|42603|1|ANALYZING|1113|19970101|
MD|I|49|035|3006|42603|1|COLLECTING|1113|19970101|
MD|I|49|035|3006|42603|1|REPORTING|1113|19970101|
MD|I|49|035|3006|42603|1|PQAO|1113|20070101|
ME|I|49|035|3006|42603|1|UNKNOWN|||||
MG|I|49|035|3006|42603|1|1|30
MI|I|49|035|3006|42603|1|QC|Y|19970101
MI|I|49|035|3006|42603|1|RM|Y|19970101
MI|I|49|035|3006|42603|1|SC|Y|19970101
MK|I|49|035|3006|42603|1|1|1|007|074|||
MK|I|49|035|3006|42603|1|2|1|007|099|||
MK|I|49|035|3006|42603|1|3|1|008|099|||
MM|I|49|035|3006|42603|1|074|19970101|20161231
MM|I|49|035|3006|42603|1|099|20170101|
MA|I|49|035|3006|42603|3|||NEIGHBORHOOD||TOP OF BUILDING|4||||Y||||||||||||
MB|I|49|035|3006|42603|3|20190415|
MC|I|49|035|3006|42603|3|SLAMS|20190415|
MD|I|49|035|3006|42603|3|ANALYZING|1113|20190415|
MD|I|49|035|3006|42603|3|COLLECTING|1113|20190415|
MD|I|49|035|3006|42603|3|CERTIFYING|1113|20190415|
MD|I|49|035|3006|42603|3|PQAO|1113|20190415|
MD|I|49|035|3006|42603|3|REPORTING|1113|20190415|
ME|I|49|035|3006|42603|3|GENERAL/BACKGROUND|7159||||
MG|I|49|035|3006|42603|3|1|30
MK|I|49|035|3006|42603|3|1|1|008|200|||
MK|I|49|035|3006|42603|3|2|1|008|256|||
MM|I|49|035|3006|42603|3|200|20190415|20220421
MM|I|49|035|3006|42603|3|256|20220422|
MN|I|49|035|3006|42603|3|NCORE|20190415|
MA|I|49|035|3006|42612|1|||NEIGHBORHOOD||TOP OF BUILDING|4||||Y||||||||||||
MB|I|49|035|3006|42612|1|20101201|
MC|I|49|035|3006|42612|1|SLAMS|20101201|
MD|I|49|035|3006|42612|1|CERTIFYING|1113|20101201|
MD|I|49|035|3006|42612|1|ANALYZING|1113|20101201|
MD|I|49|035|3006|42612|1|PQAO|1113|20101201|
MD|I|49|035|3006|42612|1|REPORTING|1113|20101201|
MD|I|49|035|3006|42612|1|COLLECTING|1113|20101201|
ME|I|49|035|3006|42612|1|GENERAL/BACKGROUND|7159||||
MG|I|49|035|3006|42612|1|1|30
MK|I|49|035|3006|42612|1|1|1|008|674|||
MK|I|49|035|3006|42612|1|2|1|007|674|||
MK|I|49|035|3006|42612|1|3|1|008|699|||
MM|I|49|035|3006|42612|1|674|20101201|20221231
MM|I|49|035|3006|42612|1|699|20230101|
MA|I|49|035|3006|43000|1|||NEIGHBORHOOD||TOP OF BUILDING|4||||Y||||||||||||
MB|I|49|035|3006|43000|1|20200101|20200101
MC|I|49|035|3006|43000|1|SLAMS|20200101|20200101
MD|I|49|035|3006|43000|1|ANALYZING|1113|20200101|20200101
MD|I|49|035|3006|43000|1|COLLECTING|1113|20200101|20200101
MD|I|49|035|3006|43000|1|CERTIFYING|1113|20200101|20200101
MD|I|49|035|3006|43000|1|PQAO|1113|20200101|20200101
MD|I|49|035|3006|43000|1|REPORTING|1113|20200101|20200101
ME|I|49|035|3006|43000|1|GENERAL/BACKGROUND|7159||||
MG|I|49|035|3006|43000|1|1|30
MK|I|49|035|3006|43000|1|1|1|078|200|||
MK|I|49|035|3006|43000|1|2|1|078|200|||0
MM|I|49|035|3006|43000|1|200|20200101|20200101
MN|I|49|035|3006|43000|1|NCORE|20200101|20200101
MA|I|49|035|3006|43102|1|||NEIGHBORHOOD||TOP OF BUILDING|4||||Y||||||||||||
MB|I|49|035|3006|43102|1|20200101|
MC|I|49|035|3006|43102|1|SLAMS|20200101|
MD|I|49|035|3006|43102|1|ANALYZING|1113|20200101|
MD|I|49|035|3006|43102|1|COLLECTING|1113|20200101|
MD|I|49|035|3006|43102|1|CERTIFYING|1113|20200101|
MD|I|49|035|3006|43102|1|PQAO|1113|20200101|
MD|I|49|035|3006|43102|1|REPORTING|1113|20200101|
ME|I|49|035|3006|43102|1|GENERAL/BACKGROUND|7159||||
MG|I|49|035|3006|43102|1|1|30
MK|I|49|035|3006|43102|1|1|1|078|228|||
MK|I|49|035|3006|43102|1|2|1|078|228|||0
MM|I|49|035|3006|43102|1|228|20200101|
MN|I|49|035|3006|43102|1|NCORE|20200101|
MA|I|49|035|3006|43141|1|||NEIGHBORHOOD||TOP OF BUILDING|4||||Y||||||||||||
MB|I|49|035|3006|43141|1|20200101|
MC|I|49|035|3006|43141|1|SLAMS|20200101|
MD|I|49|035|3006|43141|1|ANALYZING|1113|20200101|
MD|I|49|035|3006|43141|1|COLLECTING|1113|20200101|
MD|I|49|035|3006|43141|1|CERTIFYING|1113|20200101|
MD|I|49|035|3006|43141|1|PQAO|1113|20200101|
MD|I|49|035|3006|43141|1|REPORTING|1113|20200101|
ME|I|49|035|3006|43141|1|GENERAL/BACKGROUND|7159||||
MG|I|49|035|3006|43141|1|1|30
MK|I|49|035|3006|43141|1|1|1|078|228|||
MK|I|49|035|3006|43141|1|2|1|078|228|||.0962
MK|I|49|035|3006|43141|1|3|1|078|228|||1.107
MK|I|49|035|3006|43141|1|4|1|078|228|||.0979
MK|I|49|035|3006|43141|1|5|1|078|228|||.1009
MK|I|49|035|3006|43141|1|6|1|078|228|||.1023
MK|I|49|035|3006|43141|1|7|1|078|228|||.099
MK|I|49|035|3006|43141|1|8|1|078|228|||.0989
MK|I|49|035|3006|43141|1|9|1|078|228|||.7126
MK|I|49|035|3006|43141|1|10|1|078|228|||.116
MK|I|49|035|3006|43141|1|11|1|078|228|||.1823
MK|I|49|035|3006|43141|1|12|1|078|228|||.2386
MK|I|49|035|3006|43141|1|13|1|078|228|||.4788
MM|I|49|035|3006|43141|1|228|20200101|
MN|I|49|035|3006|43141|1|NCORE|20200101|
MA|I|49|035|3006|43202|1|||NEIGHBORHOOD||TOP OF BUILDING|4||||Y||||||||||||
MB|I|49|035|3006|43202|1|20200101|
MC|I|49|035|3006|43202|1|SLAMS|20200101|
MD|I|49|035|3006|43202|1|ANALYZING|1113|20200101|
MD|I|49|035|3006|43202|1|COLLECTING|1113|20200101|
MD|I|49|035|3006|43202|1|CERTIFYING|1113|20200101|
MD|I|49|035|3006|43202|1|PQAO|1113|20200101|
MD|I|49|035|3006|43202|1|REPORTING|1113|20200101|
ME|I|49|035|3006|43202|1|GENERAL/BACKGROUND|7159||||
MG|I|49|035|3006|43202|1|1|30
MK|I|49|035|3006|43202|1|1|1|078|228|||
MK|I|49|035|3006|43202|1|2|1|078|228|||.0492
MK|I|49|035|3006|43202|1|3|1|078|228|||.063
MK|I|49|035|3006|43202|1|4|1|078|228|||.0501
MK|I|49|035|3006|43202|1|5|1|078|228|||.1306
MK|I|49|035|3006|43202|1|6|1|078|228|||.0493
MK|I|49|035|3006|43202|1|7|1|078|228|||.0427
MK|I|49|035|3006|43202|1|8|1|078|228|||.1901
MK|I|49|035|3006|43202|1|9|1|078|228|||.2174
MK|I|49|035|3006|43202|1|10|1|078|228|||.0551
MK|I|49|035|3006|43202|1|11|1|078|228|||.2551
MK|I|49|035|3006|43202|1|12|1|078|228|||.1592
MM|I|49|035|3006|43202|1|228|20200101|
MN|I|49|035|3006|43202|1|NCORE|20200101|
MA|I|49|035|3006|43203|1|||NEIGHBORHOOD||TOP OF BUILDING|4||||Y||||||||||||
MB|I|49|035|3006|43203|1|20200101|
MC|I|49|035|3006|43203|1|SLAMS|20200101|
MD|I|49|035|3006|43203|1|ANALYZING|1113|20200101|
MD|I|49|035|3006|43203|1|COLLECTING|1113|20200101|
MD|I|49|035|3006|43203|1|CERTIFYING|1113|20200101|
MD|I|49|035|3006|43203|1|PQAO|1113|20200101|
MD|I|49|035|3006|43203|1|REPORTING|1113|20200101|
ME|I|49|035|3006|43203|1|GENERAL/BACKGROUND|7159||||
MG|I|49|035|3006|43203|1|1|30
MK|I|49|035|3006|43203|1|1|1|078|228|||
MK|I|49|035|3006|43203|1|2|1|078|228|||.064
MK|I|49|035|3006|43203|1|3|1|078|228|||.118
MK|I|49|035|3006|43203|1|4|1|078|228|||.0652
MK|I|49|035|3006|43203|1|5|1|078|228|||.1175
MK|I|49|035|3006|43203|1|6|1|078|228|||.0565
MK|I|49|035|3006|43203|1|7|1|078|228|||.039
MK|I|49|035|3006|43203|1|8|1|078|228|||.3423
MK|I|49|035|3006|43203|1|9|1|078|228|||.4103
MK|I|49|035|3006|43203|1|10|1|078|228|||.0666
MK|I|49|035|3006|43203|1|11|1|078|228|||.3442
MK|I|49|035|3006|43203|1|12|1|078|228|||.1172
MM|I|49|035|3006|43203|1|228|20200101|
MN|I|49|035|3006|43203|1|NCORE|20200101|
MA|I|49|035|3006|43204|1|||NEIGHBORHOOD||TOP OF BUILDING|4||||Y||||||||||||
MB|I|49|035|3006|43204|1|20200101|
MC|I|49|035|3006|43204|1|SLAMS|20200101|
MD|I|49|035|3006|43204|1|ANALYZING|1113|20200101|
MD|I|49|035|3006|43204|1|COLLECTING|1113|20200101|
MD|I|49|035|3006|43204|1|CERTIFYING|1113|20200101|
MD|I|49|035|3006|43204|1|PQAO|1113|20200101|
MD|I|49|035|3006|43204|1|REPORTING|1113|20200101|
ME|I|49|035|3006|43204|1|GENERAL/BACKGROUND|7159||||
MG|I|49|035|3006|43204|1|1|30
MK|I|49|035|3006|43204|1|1|1|078|228|||
MK|I|49|035|3006|43204|1|2|1|078|228|||.0666
MK|I|49|035|3006|43204|1|3|1|078|228|||.252
MK|I|49|035|3006|43204|1|4|1|078|228|||.0678
MK|I|49|035|3006|43204|1|5|1|078|228|||.139
MK|I|49|035|3006|43204|1|6|1|078|228|||.0491
MK|I|49|035|3006|43204|1|7|1|078|228|||.0747
MK|I|49|035|3006|43204|1|8|1|078|228|||.1527
MK|I|49|035|3006|43204|1|9|1|078|228|||.2061
MK|I|49|035|3006|43204|1|10|1|078|228|||.0644
MK|I|49|035|3006|43204|1|11|1|078|228|||.1676
MK|I|49|035|3006|43204|1|12|1|078|228|||.0865
MM|I|49|035|3006|43204|1|228|20200101|
MN|I|49|035|3006|43204|1|NCORE|20200101|
MA|I|49|035|3006|43205|1|||NEIGHBORHOOD||TOP OF BUILDING|4||||Y||||||||||||
MB|I|49|035|3006|43205|1|20200101|
MC|I|49|035|3006|43205|1|SLAMS|20200101|
MD|I|49|035|3006|43205|1|ANALYZING|1113|20200101|
MD|I|49|035|3006|43205|1|COLLECTING|1113|20200101|
MD|I|49|035|3006|43205|1|CERTIFYING|1113|20200101|
MD|I|49|035|3006|43205|1|PQAO|1113|20200101|
MD|I|49|035|3006|43205|1|REPORTING|1113|20200101|
ME|I|49|035|3006|43205|1|GENERAL/BACKGROUND|7159||||
MG|I|49|035|3006|43205|1|1|30
MK|I|49|035|3006|43205|1|1|1|078|228|||
MK|I|49|035|3006|43205|1|2|1|078|228|||.0515
MK|I|49|035|3006|43205|1|3|1|078|228|||.082
MK|I|49|035|3006|43205|1|4|1|078|228|||.0524
MK|I|49|035|3006|43205|1|5|1|078|228|||.1108
MK|I|49|035|3006|43205|1|6|1|078|228|||.0471
MK|I|49|035|3006|43205|1|7|1|078|228|||.0523
MK|I|49|035|3006|43205|1|8|1|078|228|||.1536
MK|I|49|035|3006|43205|1|9|1|078|228|||.2601
MK|I|49|035|3006|43205|1|10|1|078|228|||.1948
MK|I|49|035|3006|43205|1|11|1|078|228|||.0708
MM|I|49|035|3006|43205|1|228|20200101|
MN|I|49|035|3006|43205|1|NCORE|20200101|
MA|I|49|035|3006|43206|1|||NEIGHBORHOOD||TOP OF BUILDING|4||||Y||||||||||||
MB|I|49|035|3006|43206|1|20200101|
MC|I|49|035|3006|43206|1|SLAMS|20200101|
MD|I|49|035|3006|43206|1|ANALYZING|1113|20200101|
MD|I|49|035|3006|43206|1|COLLECTING|1113|20200101|
MD|I|49|035|3006|43206|1|CERTIFYING|1113|20200101|
MD|I|49|035|3006|43206|1|PQAO|1113|20200101|
MD|I|49|035|3006|43206|1|REPORTING|1113|20200101|
ME|I|49|035|3006|43206|1|GENERAL/BACKGROUND|7159||||
MG|I|49|035|3006|43206|1|1|30
MK|I|49|035|3006|43206|1|1|1|078|228|||
MK|I|49|035|3006|43206|1|2|1|078|228|||.0316
MK|I|49|035|3006|43206|1|3|1|078|228|||.5
MK|I|49|035|3006|43206|1|4|1|078|228|||.0322
MK|I|49|035|3006|43206|1|5|1|078|228|||.0463
MK|I|49|035|3006|43206|1|6|1|078|228|||.0389
MK|I|49|035|3006|43206|1|7|1|078|228|||.2053
MK|I|49|035|3006|43206|1|8|1|078|228|||.175
MK|I|49|035|3006|43206|1|9|1|078|228|||.0478
MK|I|49|035|3006|43206|1|10|1|078|228|||.1621
MK|I|49|035|3006|43206|1|11|1|078|228|||.0882
MM|I|49|035|3006|43206|1|228|20200101|
MN|I|49|035|3006|43206|1|NCORE|20200101|
MA|I|49|035|3006|43212|1|||NEIGHBORHOOD||TOP OF BUILDING|4||||Y||||||||||||
MB|I|49|035|3006|43212|1|20200101|
MC|I|49|035|3006|43212|1|SLAMS|20200101|
MD|I|49|035|3006|43212|1|ANALYZING|1113|20200101|
MD|I|49|035|3006|43212|1|COLLECTING|1113|20200101|
MD|I|49|035|3006|43212|1|CERTIFYING|1113|20200101|
MD|I|49|035|3006|43212|1|PQAO|1113|20200101|
MD|I|49|035|3006|43212|1|REPORTING|1113|20200101|
ME|I|49|035|3006|43212|1|GENERAL/BACKGROUND|7159||||
MG|I|49|035|3006|43212|1|1|30
MK|I|49|035|3006|43212|1|1|1|078|228|||
MK|I|49|035|3006|43212|1|2|1|078|228|||.054
MK|I|49|035|3006|43212|1|3|1|078|228|||.191
MK|I|49|035|3006|43212|1|4|1|078|228|||.055
MK|I|49|035|3006|43212|1|5|1|078|228|||.1271
MK|I|49|035|3006|43212|1|6|1|078|228|||.0405
MK|I|49|035|3006|43212|1|7|1|078|228|||.0408
MK|I|49|035|3006|43212|1|8|1|078|228|||.4496
MK|I|49|035|3006|43212|1|9|1|078|228|||.3372
MK|I|49|035|3006|43212|1|10|1|078|228|||.0655
MK|I|49|035|3006|43212|1|11|1|078|228|||.3168
MK|I|49|035|3006|43212|1|12|1|078|228|||.1612
MM|I|49|035|3006|43212|1|228|20200101|
MN|I|49|035|3006|43212|1|NCORE|20200101|
MA|I|49|035|3006|43214|1|||NEIGHBORHOOD||TOP OF BUILDING|4||||Y||||||||||||
MB|I|49|035|3006|43214|1|20200101|
MC|I|49|035|3006|43214|1|SLAMS|20200101|
MD|I|49|035|3006|43214|1|ANALYZING|1113|20200101|
MD|I|49|035|3006|43214|1|COLLECTING|1113|20200101|
MD|I|49|035|3006|43214|1|CERTIFYING|1113|20200101|
MD|I|49|035|3006|43214|1|PQAO|1113|20200101|
MD|I|49|035|3006|43214|1|REPORTING|1113|20200101|
ME|I|49|035|3006|43214|1|GENERAL/BACKGROUND|7159||||
MG|I|49|035|3006|43214|1|1|30
MK|I|49|035|3006|43214|1|1|1|078|228|||
MK|I|49|035|3006|43214|1|2|1|078|228|||.0901
MK|I|49|035|3006|43214|1|3|1|078|228|||.035
MK|I|49|035|3006|43214|1|4|1|078|228|||.0918
MK|I|49|035|3006|43214|1|5|1|078|228|||.1187
MK|I|49|035|3006|43214|1|6|1|078|228|||.064
MK|I|49|035|3006|43214|1|7|1|078|228|||.0283
MK|I|49|035|3006|43214|1|8|1|078|228|||.0282
MK|I|49|035|3006|43214|1|9|1|078|228|||.309
MK|I|49|035|3006|43214|1|10|1|078|228|||.4144
MK|I|49|035|3006|43214|1|11|1|078|228|||.0551
MK|I|49|035|3006|43214|1|12|1|078|228|||.3696
MK|I|49|035|3006|43214|1|13|1|078|228|||.0826
MM|I|49|035|3006|43214|1|228|20200101|
MN|I|49|035|3006|43214|1|NCORE|20200101|
MA|I|49|035|3006|43216|1|||NEIGHBORHOOD||TOP OF BUILDING|4||||Y||||||||||||
MB|I|49|035|3006|43216|1|20200101|
MC|I|49|035|3006|43216|1|SLAMS|20200101|
MD|I|49|035|3006|43216|1|ANALYZING|1113|20200101|
MD|I|49|035|3006|43216|1|COLLECTING|1113|20200101|
MD|I|49|035|3006|43216|1|CERTIFYING|1113|20200101|
MD|I|49|035|3006|43216|1|PQAO|1113|20200101|
MD|I|49|035|3006|43216|1|REPORTING|1113|20200101|
ME|I|49|035|3006|43216|1|GENERAL/BACKGROUND|7159||||
MG|I|49|035|3006|43216|1|1|30
MK|I|49|035|3006|43216|1|1|1|078|228|||
MK|I|49|035|3006|43216|1|2|1|078|228|||.0402
MK|I|49|035|3006|43216|1|3|1|078|228|||.051
MK|I|49|035|3006|43216|1|4|1|078|228|||.041
MK|I|49|035|3006|43216|1|5|1|078|228|||.1067
MK|I|49|035|3006|43216|1|6|1|078|228|||.0451
MK|I|49|035|3006|43216|1|7|1|078|228|||.0219
MK|I|49|035|3006|43216|1|8|1|078|228|||.0218
MK|I|49|035|3006|43216|1|9|1|078|228|||.3511
MK|I|49|035|3006|43216|1|10|1|078|228|||.2079
MK|I|49|035|3006|43216|1|11|1|078|228|||.0676
MK|I|49|035|3006|43216|1|12|1|078|228|||.1808
MK|I|49|035|3006|43216|1|13|1|078|228|||.1285
MM|I|49|035|3006|43216|1|228|20200101|
MN|I|49|035|3006|43216|1|NCORE|20200101|
MA|I|49|035|3006|43217|1|||NEIGHBORHOOD||TOP OF BUILDING|4||||Y||||||||||||
MB|I|49|035|3006|43217|1|20200101|
MC|I|49|035|3006|43217|1|SLAMS|20200101|
MD|I|49|035|3006|43217|1|ANALYZING|1113|20200101|
MD|I|49|035|3006|43217|1|COLLECTING|1113|20200101|
MD|I|49|035|3006|43217|1|CERTIFYING|1113|20200101|
MD|I|49|035|3006|43217|1|PQAO|1113|20200101|
MD|I|49|035|3006|43217|1|REPORTING|1113|20200101|
ME|I|49|035|3006|43217|1|GENERAL/BACKGROUND|7159||||
MG|I|49|035|3006|43217|1|1|30
MK|I|49|035|3006|43217|1|1|1|078|228|||
MK|I|49|035|3006|43217|1|2|1|078|228|||.0333
MK|I|49|035|3006|43217|1|3|1|078|228|||.043
MK|I|49|035|3006|43217|1|4|1|078|228|||.0339
MK|I|49|035|3006|43217|1|5|1|078|228|||.0982
MK|I|49|035|3006|43217|1|6|1|078|228|||.0319
MK|I|49|035|3006|43217|1|7|1|078|228|||.0342
MK|I|49|035|3006|43217|1|8|1|078|228|||.0341
MK|I|49|035|3006|43217|1|9|1|078|228|||.4118
MK|I|49|035|3006|43217|1|10|1|078|228|||.2656
MK|I|49|035|3006|43217|1|11|1|078|228|||.0523
MK|I|49|035|3006|43217|1|12|1|078|228|||.2623
MK|I|49|035|3006|43217|1|13|1|078|228|||.1661
MM|I|49|035|3006|43217|1|228|20200101|
MN|I|49|035|3006|43217|1|NCORE|20200101|
MA|I|49|035|3006|43218|1|||NEIGHBORHOOD||TOP OF BUILDING|4||||Y||||||||||||
MB|I|49|035|3006|43218|1|20200101|
MC|I|49|035|3006|43218|1|SLAMS|20200101|
MD|I|49|035|3006|43218|1|ANALYZING|1113|20200101|
MD|I|49|035|3006|43218|1|COLLECTING|1113|20200101|
MD|I|49|035|3006|43218|1|CERTIFYING|1113|20200101|
MD|I|49|035|3006|43218|1|PQAO|1113|20200101|
MD|I|49|035|3006|43218|1|REPORTING|1113|20200101|
ME|I|49|035|3006|43218|1|GENERAL/BACKGROUND|7159||||
MG|I|49|035|3006|43218|1|1|30
MK|I|49|035|3006|43218|1|1|1|078|228|||
MK|I|49|035|3006|43218|1|2|1|078|228|||.0364
MK|I|49|035|3006|43218|1|3|1|078|228|||.044
MK|I|49|035|3006|43218|1|4|1|078|228|||.0371
MK|I|49|035|3006|43218|1|5|1|078|228|||.1022
MK|I|49|035|3006|43218|1|6|1|078|228|||.0274
MK|I|49|035|3006|43218|1|7|1|078|228|||.0246
MK|I|49|035|3006|43218|1|8|1|078|228|||.3422
MK|I|49|035|3006|43218|1|9|1|078|228|||.1817
MK|I|49|035|3006|43218|1|10|1|078|228|||.0617
MK|I|49|035|3006|43218|1|11|1|078|228|||.1935
MK|I|49|035|3006|43218|1|12|1|078|228|||.1181
MM|I|49|035|3006|43218|1|228|20200101|
MN|I|49|035|3006|43218|1|NCORE|20200101|
MA|I|49|035|3006|43220|1|||NEIGHBORHOOD||TOP OF BUILDING|4||||Y||||||||||||
MB|I|49|035|3006|43220|1|20200101|
MC|I|49|035|3006|43220|1|SLAMS|20200101|
MD|I|49|035|3006|43220|1|ANALYZING|1113|20200101|
MD|I|49|035|3006|43220|1|COLLECTING|1113|20200101|
MD|I|49|035|3006|43220|1|CERTIFYING|1113|20200101|
MD|I|49|035|3006|43220|1|PQAO|1113|20200101|
MD|I|49|035|3006|43220|1|REPORTING|1113|20200101|
ME|I|49|035|3006|43220|1|GENERAL/BACKGROUND|7159||||
MG|I|49|035|3006|43220|1|1|30
MK|I|49|035|3006|43220|1|1|1|078|228|||
MK|I|49|035|3006|43220|1|2|1|078|228|||.0381
MK|I|49|035|3006|43220|1|3|1|078|228|||.039
MK|I|49|035|3006|43220|1|4|1|078|228|||.0388
MK|I|49|035|3006|43220|1|5|1|078|228|||.0813
MK|I|49|035|3006|43220|1|6|1|078|228|||.026
MK|I|49|035|3006|43220|1|7|1|078|228|||.0306
MK|I|49|035|3006|43220|1|8|1|078|228|||.0755
MK|I|49|035|3006|43220|1|9|1|078|228|||.0695
MK|I|49|035|3006|43220|1|10|1|078|228|||.0325
MK|I|49|035|3006|43220|1|11|1|078|228|||.072
MK|I|49|035|3006|43220|1|12|1|078|228|||.0801
MM|I|49|035|3006|43220|1|228|20200101|
MN|I|49|035|3006|43220|1|NCORE|20200101|
MA|I|49|035|3006|43221|1|||NEIGHBORHOOD||TOP OF BUILDING|4||||Y||||||||||||
MB|I|49|035|3006|43221|1|20200101|
MC|I|49|035|3006|43221|1|SLAMS|20200101|
MD|I|49|035|3006|43221|1|ANALYZING|1113|20200101|
MD|I|49|035|3006|43221|1|COLLECTING|1113|20200101|
MD|I|49|035|3006|43221|1|CERTIFYING|1113|20200101|
MD|I|49|035|3006|43221|1|PQAO|1113|20200101|
MD|I|49|035|3006|43221|1|REPORTING|1113|20200101|
ME|I|49|035|3006|43221|1|GENERAL/BACKGROUND|7159||||
MG|I|49|035|3006|43221|1|1|30
MK|I|49|035|3006|43221|1|1|1|078|228|||
MK|I|49|035|3006|43221|1|2|1|078|228|||.0522
MK|I|49|035|3006|43221|1|3|1|078|228|||.031
MK|I|49|035|3006|43221|1|4|1|078|228|||.0531
MK|I|49|035|3006|43221|1|5|1|078|228|||.1134
MK|I|49|035|3006|43221|1|6|1|078|228|||.0348
MK|I|49|035|3006|43221|1|7|1|078|228|||.0508
MK|I|49|035|3006|43221|1|8|1|078|228|||.105
MK|I|49|035|3006|43221|1|9|1|078|228|||.1144
MK|I|49|035|3006|43221|1|10|1|078|228|||.0426
MK|I|49|035|3006|43221|1|11|1|078|228|||.0609
MK|I|49|035|3006|43221|1|12|1|078|228|||.0747
MM|I|49|035|3006|43221|1|228|20200101|
MN|I|49|035|3006|43221|1|NCORE|20200101|
MA|I|49|035|3006|43224|1|||NEIGHBORHOOD||TOP OF BUILDING|4||||Y||||||||||||
MB|I|49|035|3006|43224|1|20200101|
MC|I|49|035|3006|43224|1|SLAMS|20200101|
MD|I|49|035|3006|43224|1|ANALYZING|1113|20200101|
MD|I|49|035|3006|43224|1|COLLECTING|1113|20200101|
MD|I|49|035|3006|43224|1|CERTIFYING|1113|20200101|
MD|I|49|035|3006|43224|1|PQAO|1113|20200101|
MD|I|49|035|3006|43224|1|REPORTING|1113|20200101|
ME|I|49|035|3006|43224|1|GENERAL/BACKGROUND|7159||||
MG|I|49|035|3006|43224|1|1|30
MK|I|49|035|3006|43224|1|1|1|078|228|||
MK|I|49|035|3006|43224|1|2|1|078|228|||.0329
MK|I|49|035|3006|43224|1|3|1|078|228|||.067
MK|I|49|035|3006|43224|1|4|1|078|228|||.0335
MK|I|49|035|3006|43224|1|5|1|078|228|||.0617
MK|I|49|035|3006|43224|1|6|1|078|228|||.0331
MK|I|49|035|3006|43224|1|7|1|078|228|||.0392
MK|I|49|035|3006|43224|1|8|1|078|228|||.106
MK|I|49|035|3006|43224|1|9|1|078|228|||.0551
MK|I|49|035|3006|43224|1|10|1|078|228|||.0317
MK|I|49|035|3006|43224|1|11|1|078|228|||.0654
MK|I|49|035|3006|43224|1|12|1|078|228|||.0816
MM|I|49|035|3006|43224|1|228|20200101|
MN|I|49|035|3006|43224|1|NCORE|20200101|
MA|I|49|035|3006|43226|1|||NEIGHBORHOOD||TOP OF BUILDING|4||||Y||||||||||||
MB|I|49|035|3006|43226|1|20200101|
MC|I|49|035|3006|43226|1|SLAMS|20200101|
MD|I|49|035|3006|43226|1|ANALYZING|1113|20200101|
MD|I|49|035|3006|43226|1|COLLECTING|1113|20200101|
MD|I|49|035|3006|43226|1|CERTIFYING|1113|20200101|
MD|I|49|035|3006|43226|1|PQAO|1113|20200101|
MD|I|49|035|3006|43226|1|REPORTING|1113|20200101|
ME|I|49|035|3006|43226|1|GENERAL/BACKGROUND|7159||||
MG|I|49|035|3006|43226|1|1|30
MK|I|49|035|3006|43226|1|1|1|078|228|||
MK|I|49|035|3006|43226|1|2|1|078|228|||.0386
MK|I|49|035|3006|43226|1|3|1|078|228|||.043
MK|I|49|035|3006|43226|1|4|1|078|228|||.0393
MK|I|49|035|3006|43226|1|5|1|078|228|||.1001
MK|I|49|035|3006|43226|1|6|1|078|228|||.0282
MK|I|49|035|3006|43226|1|7|1|078|228|||.0462
MK|I|49|035|3006|43226|1|8|1|078|228|||.0768
MK|I|49|035|3006|43226|1|9|1|078|228|||.0501
MK|I|49|035|3006|43226|1|10|1|078|228|||.0313
MK|I|49|035|3006|43226|1|11|1|078|228|||.0678
MK|I|49|035|3006|43226|1|12|1|078|228|||.0736
MM|I|49|035|3006|43226|1|228|20200101|
MN|I|49|035|3006|43226|1|NCORE|20200101|
MA|I|49|035|3006|43227|1|||NEIGHBORHOOD||TOP OF BUILDING|4||||Y||||||||||||
MB|I|49|035|3006|43227|1|20200101|
MC|I|49|035|3006|43227|1|SLAMS|20200101|
MD|I|49|035|3006|43227|1|ANALYZING|1113|20200101|
MD|I|49|035|3006|43227|1|COLLECTING|1113|20200101|
MD|I|49|035|3006|43227|1|CERTIFYING|1113|20200101|
MD|I|49|035|3006|43227|1|PQAO|1113|20200101|
MD|I|49|035|3006|43227|1|REPORTING|1113|20200101|
ME|I|49|035|3006|43227|1|GENERAL/BACKGROUND|7159||||
MG|I|49|035|3006|43227|1|1|30
MK|I|49|035|3006|43227|1|1|1|078|228|||
MK|I|49|035|3006|43227|1|2|1|078|228|||.04
MK|I|49|035|3006|43227|1|3|1|078|228|||.072
MK|I|49|035|3006|43227|1|4|1|078|228|||.0408
MK|I|49|035|3006|43227|1|5|1|078|228|||.0906
MK|I|49|035|3006|43227|1|6|1|078|228|||.0398
MK|I|49|035|3006|43227|1|7|1|078|228|||.0334
MK|I|49|035|3006|43227|1|8|1|078|228|||.0927
MK|I|49|035|3006|43227|1|9|1|078|228|||.0344
MK|I|49|035|3006|43227|1|10|1|078|228|||.0306
MK|I|49|035|3006|43227|1|11|1|078|228|||.0756
MK|I|49|035|3006|43227|1|12|1|078|228|||.0683
MM|I|49|035|3006|43227|1|228|20200101|
MN|I|49|035|3006|43227|1|NCORE|20200101|
MA|I|49|035|3006|43230|1|||NEIGHBORHOOD||TOP OF BUILDING|4||||Y||||||||||||
MB|I|49|035|3006|43230|1|20200101|
MC|I|49|035|3006|43230|1|SLAMS|20200101|
MD|I|49|035|3006|43230|1|ANALYZING|1113|20200101|
MD|I|49|035|3006|43230|1|COLLECTING|1113|20200101|
MD|I|49|035|3006|43230|1|CERTIFYING|1113|20200101|
MD|I|49|035|3006|43230|1|PQAO|1113|20200101|
MD|I|49|035|3006|43230|1|REPORTING|1113|20200101|
ME|I|49|035|3006|43230|1|GENERAL/BACKGROUND|7159||||
MG|I|49|035|3006|43230|1|1|30
MK|I|49|035|3006|43230|1|1|1|078|228|||
MK|I|49|035|3006|43230|1|2|1|078|228|||.0508
MK|I|49|035|3006|43230|1|3|1|078|228|||.065
MK|I|49|035|3006|43230|1|4|1|078|228|||.0517
MK|I|49|035|3006|43230|1|5|1|078|228|||.1227
MK|I|49|035|3006|43230|1|6|1|078|228|||.042
MK|I|49|035|3006|43230|1|7|1|078|228|||.0347
MK|I|49|035|3006|43230|1|8|1|078|228|||.1501
MK|I|49|035|3006|43230|1|9|1|078|228|||.075
MK|I|49|035|3006|43230|1|10|1|078|228|||.0477
MK|I|49|035|3006|43230|1|11|1|078|228|||.0763
MK|I|49|035|3006|43230|1|12|1|078|228|||.0405
MM|I|49|035|3006|43230|1|228|20200101|
MN|I|49|035|3006|43230|1|NCORE|20200101|
MA|I|49|035|3006|43231|1|||NEIGHBORHOOD||TOP OF BUILDING|4||||Y||||||||||||
MB|I|49|035|3006|43231|1|20200101|
MC|I|49|035|3006|43231|1|SLAMS|20200101|
MD|I|49|035|3006|43231|1|ANALYZING|1113|20200101|
MD|I|49|035|3006|43231|1|COLLECTING|1113|20200101|
MD|I|49|035|3006|43231|1|CERTIFYING|1113|20200101|
MD|I|49|035|3006|43231|1|PQAO|1113|20200101|
MD|I|49|035|3006|43231|1|REPORTING|1113|20200101|
ME|I|49|035|3006|43231|1|GENERAL/BACKGROUND|7159||||
MG|I|49|035|3006|43231|1|1|30
MK|I|49|035|3006|43231|1|1|1|078|228|||
MK|I|49|035|3006|43231|1|2|1|078|228|||.0627
MK|I|49|035|3006|43231|1|3|1|078|228|||.099
MK|I|49|035|3006|43231|1|4|1|078|228|||.0638
MK|I|49|035|3006|43231|1|5|1|078|228|||.0732
MK|I|49|035|3006|43231|1|6|1|078|228|||.0487
MK|I|49|035|3006|43231|1|7|1|078|228|||.0688
MK|I|49|035|3006|43231|1|8|1|078|228|||.0687
MK|I|49|035|3006|43231|1|9|1|078|228|||.0962
MK|I|49|035|3006|43231|1|10|1|078|228|||.1083
MK|I|49|035|3006|43231|1|11|1|078|228|||.0468
MK|I|49|035|3006|43231|1|12|1|078|228|||.0694
MK|I|49|035|3006|43231|1|13|1|078|228|||.0427
MM|I|49|035|3006|43231|1|228|20200101|
MN|I|49|035|3006|43231|1|NCORE|20200101|
MA|I|49|035|3006|43232|1|||NEIGHBORHOOD||TOP OF BUILDING|4||||Y||||||||||||
MB|I|49|035|3006|43232|1|20200101|
MC|I|49|035|3006|43232|1|SLAMS|20200101|
MD|I|49|035|3006|43232|1|ANALYZING|1113|20200101|
MD|I|49|035|3006|43232|1|COLLECTING|1113|20200101|
MD|I|49|035|3006|43232|1|CERTIFYING|1113|20200101|
MD|I|49|035|3006|43232|1|PQAO|1113|20200101|
MD|I|49|035|3006|43232|1|REPORTING|1113|20200101|
ME|I|49|035|3006|43232|1|GENERAL/BACKGROUND|7159||||
MG|I|49|035|3006|43232|1|1|30
MK|I|49|035|3006|43232|1|1|1|078|228|||
MK|I|49|035|3006|43232|1|2|1|078|228|||.086
MK|I|49|035|3006|43232|1|3|1|078|228|||.118
MK|I|49|035|3006|43232|1|4|1|078|228|||.0876
MK|I|49|035|3006|43232|1|5|1|078|228|||.1795
MK|I|49|035|3006|43232|1|6|1|078|228|||.1384
MK|I|49|035|3006|43232|1|7|1|078|228|||.0942
MK|I|49|035|3006|43232|1|8|1|078|228|||.2137
MK|I|49|035|3006|43232|1|9|1|078|228|||.1831
MK|I|49|035|3006|43232|1|10|1|078|228|||.2649
MK|I|49|035|3006|43232|1|11|1|078|228|||.1881
MK|I|49|035|3006|43232|1|12|1|078|228|||.0425
MM|I|49|035|3006|43232|1|228|20200101|
MN|I|49|035|3006|43232|1|NCORE|20200101|
MA|I|49|035|3006|43233|1|||NEIGHBORHOOD||TOP OF BUILDING|4||||Y||||||||||||
MB|I|49|035|3006|43233|1|20200101|
MC|I|49|035|3006|43233|1|SLAMS|20200101|
MD|I|49|035|3006|43233|1|ANALYZING|1113|20200101|
MD|I|49|035|3006|43233|1|COLLECTING|1113|20200101|
MD|I|49|035|3006|43233|1|CERTIFYING|1113|20200101|
MD|I|49|035|3006|43233|1|PQAO|1113|20200101|
MD|I|49|035|3006|43233|1|REPORTING|1113|20200101|
ME|I|49|035|3006|43233|1|GENERAL/BACKGROUND|7159||||
MG|I|49|035|3006|43233|1|1|30
MK|I|49|035|3006|43233|1|1|1|078|228|||
MK|I|49|035|3006|43233|1|2|1|078|228|||.0745
MK|I|49|035|3006|43233|1|3|1|078|228|||.092
MK|I|49|035|3006|43233|1|4|1|078|228|||.0759
MK|I|49|035|3006|43233|1|5|1|078|228|||.0902
MK|I|49|035|3006|43233|1|6|1|078|228|||.0288
MK|I|49|035|3006|43233|1|7|1|078|228|||.0623
MK|I|49|035|3006|43233|1|8|1|078|228|||.0814
MK|I|49|035|3006|43233|1|9|1|078|228|||.0791
MK|I|49|035|3006|43233|1|10|1|078|228|||.0846
MK|I|49|035|3006|43233|1|11|1|078|228|||.1668
MK|I|49|035|3006|43233|1|12|1|078|228|||.0824
MM|I|49|035|3006|43233|1|228|20200101|
MN|I|49|035|3006|43233|1|NCORE|20200101|
MA|I|49|035|3006|43235|1|||NEIGHBORHOOD||TOP OF BUILDING|4||||Y||||||||||||
MB|I|49|035|3006|43235|1|20200101|
MC|I|49|035|3006|43235|1|SLAMS|20200101|
MD|I|49|035|3006|43235|1|ANALYZING|1113|20200101|
MD|I|49|035|3006|43235|1|COLLECTING|1113|20200101|
MD|I|49|035|3006|43235|1|CERTIFYING|1113|20200101|
MD|I|49|035|3006|43235|1|PQAO|1113|20200101|
MD|I|49|035|3006|43235|1|REPORTING|1113|20200101|
ME|I|49|035|3006|43235|1|GENERAL/BACKGROUND|7159||||
MG|I|49|035|3006|43235|1|1|30
MK|I|49|035|3006|43235|1|1|1|078|228|||
MK|I|49|035|3006|43235|1|2|1|078|228|||.1487
MK|I|49|035|3006|43235|1|3|1|078|228|||.682
MK|I|49|035|3006|43235|1|4|1|078|228|||.1514
MK|I|49|035|3006|43235|1|5|1|078|228|||.1111
MK|I|49|035|3006|43235|1|6|1|078|228|||.0541
MK|I|49|035|3006|43235|1|7|1|078|228|||.0413
MK|I|49|035|3006|43235|1|8|1|078|228|||.0412
MK|I|49|035|3006|43235|1|9|1|078|228|||.1623
MK|I|49|035|3006|43235|1|10|1|078|228|||.1271
MK|I|49|035|3006|43235|1|11|1|078|228|||.101
MK|I|49|035|3006|43235|1|12|1|078|228|||.1637
MK|I|49|035|3006|43235|1|13|1|078|228|||.0493
MM|I|49|035|3006|43235|1|228|20200101|
MN|I|49|035|3006|43235|1|NCORE|20200101|
MA|I|49|035|3006|43238|1|||NEIGHBORHOOD||TOP OF BUILDING|4||||Y||||||||||||
MB|I|49|035|3006|43238|1|20200101|
MC|I|49|035|3006|43238|1|SLAMS|20200101|
MD|I|49|035|3006|43238|1|ANALYZING|1113|20200101|
MD|I|49|035|3006|43238|1|COLLECTING|1113|20200101|
MD|I|49|035|3006|43238|1|CERTIFYING|1113|20200101|
MD|I|49|035|3006|43238|1|PQAO|1113|20200101|
MD|I|49|035|3006|43238|1|REPORTING|1113|20200101|
ME|I|49|035|3006|43238|1|GENERAL/BACKGROUND|7159||||
MG|I|49|035|3006|43238|1|1|30
MK|I|49|035|3006|43238|1|1|1|078|228|||
MK|I|49|035|3006|43238|1|2|1|078|228|||.0936
MK|I|49|035|3006|43238|1|3|1|078|228|||2.67
MK|I|49|035|3006|43238|1|4|1|078|228|||.0953
MK|I|49|035|3006|43238|1|5|1|078|228|||.0924
MK|I|49|035|3006|43238|1|6|1|078|228|||.0872
MK|I|49|035|3006|43238|1|7|1|078|228|||.0607
MK|I|49|035|3006|43238|1|8|1|078|228|||.0606
MK|I|49|035|3006|43238|1|9|1|078|228|||.1033
MK|I|49|035|3006|43238|1|10|1|078|228|||.1502
MK|I|49|035|3006|43238|1|11|1|078|228|||.1109
MK|I|49|035|3006|43238|1|12|1|078|228|||.0498
MK|I|49|035|3006|43238|1|13|1|078|228|||.0862
MM|I|49|035|3006|43238|1|228|20200101|
MN|I|49|035|3006|43238|1|NCORE|20200101|
MA|I|49|035|3006|43242|1|||NEIGHBORHOOD||TOP OF BUILDING|4||||Y||||||||||||
MB|I|49|035|3006|43242|1|20200101|
MC|I|49|035|3006|43242|1|SLAMS|20200101|
MD|I|49|035|3006|43242|1|ANALYZING|1113|20200101|
MD|I|49|035|3006|43242|1|COLLECTING|1113|20200101|
MD|I|49|035|3006|43242|1|CERTIFYING|1113|20200101|
MD|I|49|035|3006|43242|1|PQAO|1113|20200101|
MD|I|49|035|3006|43242|1|REPORTING|1113|20200101|
ME|I|49|035|3006|43242|1|GENERAL/BACKGROUND|7159||||
MG|I|49|035|3006|43242|1|1|30
MK|I|49|035|3006|43242|1|1|1|078|228|||
MK|I|49|035|3006|43242|1|2|1|078|228|||.0399
MK|I|49|035|3006|43242|1|3|1|078|228|||.033
MK|I|49|035|3006|43242|1|4|1|078|228|||.0407
MK|I|49|035|3006|43242|1|5|1|078|228|||.1038
MK|I|49|035|3006|43242|1|6|1|078|228|||.0266
MK|I|49|035|3006|43242|1|7|1|078|228|||.0235
MK|I|49|035|3006|43242|1|8|1|078|228|||.0234
MK|I|49|035|3006|43242|1|9|1|078|228|||.2228
MK|I|49|035|3006|43242|1|10|1|078|228|||.1112
MK|I|49|035|3006|43242|1|11|1|078|228|||.0406
MK|I|49|035|3006|43242|1|12|1|078|228|||.1137
MK|I|49|035|3006|43242|1|13|1|078|228|||.0956
MM|I|49|035|3006|43242|1|228|20200101|
MN|I|49|035|3006|43242|1|NCORE|20200101|

MA|I|49|035|3006|43243|1|||NEIGHBORHOOD||TOP OF BUILDING|4||||Y||||||||||||
MB|I|49|035|3006|43243|1|20200101|
MC|I|49|035|3006|43243|1|SLAMS|20200101|
MD|I|49|035|3006|43243|1|ANALYZING|1113|20200101|
MD|I|49|035|3006|43243|1|COLLECTING|1113|20200101|
MD|I|49|035|3006|43243|1|CERTIFYING|1113|20200101|
MD|I|49|035|3006|43243|1|PQAO|1113|20200101|
MD|I|49|035|3006|43243|1|REPORTING|1113|20200101|
ME|I|49|035|3006|43243|1|GENERAL/BACKGROUND|7159||||
MG|I|49|035|3006|43243|1|1|30
MK|I|49|035|3006|43243|1|1|1|078|228|||
MK|I|49|035|3006|43243|1|2|1|078|228|||.0208
MK|I|49|035|3006|43243|1|3|1|078|228|||.107
MK|I|49|035|3006|43243|1|4|1|078|228|||.0212
MK|I|49|035|3006|43243|1|5|1|078|228|||.099
MK|I|49|035|3006|43243|1|6|1|078|228|||.0424
MK|I|49|035|3006|43243|1|7|1|078|228|||.0362
MK|I|49|035|3006|43243|1|8|1|078|228|||.0361
MK|I|49|035|3006|43243|1|9|1|078|228|||.0711
MK|I|49|035|3006|43243|1|10|1|078|228|||.0526
MK|I|49|035|3006|43243|1|11|1|078|228|||.049
MK|I|49|035|3006|43243|1|12|1|078|228|||.0412
MK|I|49|035|3006|43243|1|13|1|078|228|||.048
MM|I|49|035|3006|43243|1|228|20200101|
MN|I|49|035|3006|43243|1|NCORE|20200101|


MA|I|49|035|3006|43244|1|||NEIGHBORHOOD||TOP OF BUILDING|4||||Y||||||||||||
MB|I|49|035|3006|43244|1|20200101|
MC|I|49|035|3006|43244|1|SLAMS|20200101|
MD|I|49|035|3006|43244|1|ANALYZING|1113|20200101|
MD|I|49|035|3006|43244|1|COLLECTING|1113|20200101|
MD|I|49|035|3006|43244|1|CERTIFYING|1113|20200101|
MD|I|49|035|3006|43244|1|PQAO|1113|20200101|
MD|I|49|035|3006|43244|1|REPORTING|1113|20200101|
ME|I|49|035|3006|43244|1|GENERAL/BACKGROUND|7159||||
MG|I|49|035|3006|43244|1|1|30
MK|I|49|035|3006|43244|1|1|1|078|228|||
MK|I|49|035|3006|43244|1|2|1|078|228|||.0292
MK|I|49|035|3006|43244|1|3|1|078|228|||.057
MK|I|49|035|3006|43244|1|4|1|078|228|||.0297
MK|I|49|035|3006|43244|1|5|1|078|228|||.0867
MK|I|49|035|3006|43244|1|6|1|078|228|||.0244
MK|I|49|035|3006|43244|1|7|1|078|228|||.0234
MK|I|49|035|3006|43244|1|8|1|078|228|||.0233
MK|I|49|035|3006|43244|1|9|1|078|228|||.0832
MK|I|49|035|3006|43244|1|10|1|078|228|||.0617
MK|I|49|035|3006|43244|1|11|1|078|228|||.0287
MK|I|49|035|3006|43244|1|12|1|078|228|||.0632
MK|I|49|035|3006|43244|1|13|1|078|228|||.0441
MM|I|49|035|3006|43244|1|228|20200101|
MN|I|49|035|3006|43244|1|NCORE|20200101|
MA|I|49|035|3006|43245|1|||NEIGHBORHOOD||TOP OF BUILDING|4||||Y||||||||||||
MB|I|49|035|3006|43245|1|20200101|
MC|I|49|035|3006|43245|1|SLAMS|20200101|
MD|I|49|035|3006|43245|1|ANALYZING|1113|20200101|
MD|I|49|035|3006|43245|1|COLLECTING|1113|20200101|
MD|I|49|035|3006|43245|1|CERTIFYING|1113|20200101|
MD|I|49|035|3006|43245|1|PQAO|1113|20200101|
MD|I|49|035|3006|43245|1|REPORTING|1113|20200101|
ME|I|49|035|3006|43245|1|GENERAL/BACKGROUND|7159||||
MG|I|49|035|3006|43245|1|1|30
MK|I|49|035|3006|43245|1|1|1|078|228|||
MK|I|49|035|3006|43245|1|2|1|078|228|||.0435
MK|I|49|035|3006|43245|1|3|1|078|228|||.245
MK|I|49|035|3006|43245|1|4|1|078|228|||.0443
MK|I|49|035|3006|43245|1|5|1|078|228|||.0787
MK|I|49|035|3006|43245|1|6|1|078|228|||.0289
MK|I|49|035|3006|43245|1|7|1|078|228|||.0531
MK|I|49|035|3006|43245|1|8|1|078|228|||.053
MK|I|49|035|3006|43245|1|9|1|078|228|||.1023
MK|I|49|035|3006|43245|1|10|1|078|228|||.101
MK|I|49|035|3006|43245|1|11|1|078|228|||.0247
MK|I|49|035|3006|43245|1|12|1|078|228|||.0611
MK|I|49|035|3006|43245|1|13|1|078|228|||.0504
MM|I|49|035|3006|43245|1|228|20200101|
MN|I|49|035|3006|43245|1|NCORE|20200101|
MA|I|49|035|3006|43246|1|||NEIGHBORHOOD||TOP OF BUILDING|4||||Y||||||||||||
MB|I|49|035|3006|43246|1|20200101|
MC|I|49|035|3006|43246|1|SLAMS|20200101|
MD|I|49|035|3006|43246|1|ANALYZING|1113|20200101|
MD|I|49|035|3006|43246|1|COLLECTING|1113|20200101|
MD|I|49|035|3006|43246|1|CERTIFYING|1113|20200101|
MD|I|49|035|3006|43246|1|PQAO|1113|20200101|
MD|I|49|035|3006|43246|1|REPORTING|1113|20200101|
ME|I|49|035|3006|43246|1|GENERAL/BACKGROUND|7159||||
MG|I|49|035|3006|43246|1|1|30
MK|I|49|035|3006|43246|1|1|1|078|228|||
MK|I|49|035|3006|43246|1|2|1|078|228|||0
MM|I|49|035|3006|43246|1|228|20200101|
MN|I|49|035|3006|43246|1|NCORE|20200101|
MA|I|49|035|3006|43247|1|||NEIGHBORHOOD||TOP OF BUILDING|4||||Y||||||||||||
MB|I|49|035|3006|43247|1|20200101|
MC|I|49|035|3006|43247|1|SLAMS|20200101|
MD|I|49|035|3006|43247|1|ANALYZING|1113|20200101|
MD|I|49|035|3006|43247|1|COLLECTING|1113|20200101|
MD|I|49|035|3006|43247|1|CERTIFYING|1113|20200101|
MD|I|49|035|3006|43247|1|PQAO|1113|20200101|
MD|I|49|035|3006|43247|1|REPORTING|1113|20200101|
ME|I|49|035|3006|43247|1|GENERAL/BACKGROUND|7159||||
MG|I|49|035|3006|43247|1|1|30
MK|I|49|035|3006|43247|1|1|1|078|228|||
MK|I|49|035|3006|43247|1|2|1|078|228|||.0615
MK|I|49|035|3006|43247|1|3|1|078|228|||.065
MK|I|49|035|3006|43247|1|4|1|078|228|||.0626
MK|I|49|035|3006|43247|1|5|1|078|228|||.1204
MK|I|49|035|3006|43247|1|6|1|078|228|||.0796
MK|I|49|035|3006|43247|1|7|1|078|228|||.0752
MK|I|49|035|3006|43247|1|8|1|078|228|||.0798
MK|I|49|035|3006|43247|1|9|1|078|228|||.1256
MK|I|49|035|3006|43247|1|10|1|078|228|||.0745
MK|I|49|035|3006|43247|1|11|1|078|228|||.0696
MK|I|49|035|3006|43247|1|12|1|078|228|||.0664
MM|I|49|035|3006|43247|1|228|20200101|
MN|I|49|035|3006|43247|1|NCORE|20200101|
MA|I|49|035|3006|43248|1|||NEIGHBORHOOD||TOP OF BUILDING|4||||Y||||||||||||
MB|I|49|035|3006|43248|1|20200101|
MC|I|49|035|3006|43248|1|SLAMS|20200101|
MD|I|49|035|3006|43248|1|ANALYZING|1113|20200101|
MD|I|49|035|3006|43248|1|COLLECTING|1113|20200101|
MD|I|49|035|3006|43248|1|CERTIFYING|1113|20200101|
MD|I|49|035|3006|43248|1|PQAO|1113|20200101|
MD|I|49|035|3006|43248|1|REPORTING|1113|20200101|
ME|I|49|035|3006|43248|1|GENERAL/BACKGROUND|7159||||
MG|I|49|035|3006|43248|1|1|30
MK|I|49|035|3006|43248|1|1|1|078|228|||
MK|I|49|035|3006|43248|1|2|1|078|228|||.2209
MK|I|49|035|3006|43248|1|3|1|078|228|||.06
MK|I|49|035|3006|43248|1|4|1|078|228|||.225
MK|I|49|035|3006|43248|1|5|1|078|228|||.1255
MK|I|49|035|3006|43248|1|6|1|078|228|||.0457
MK|I|49|035|3006|43248|1|7|1|078|228|||.0535
MK|I|49|035|3006|43248|1|8|1|078|228|||.0534
MK|I|49|035|3006|43248|1|9|1|078|228|||.046
MK|I|49|035|3006|43248|1|10|1|078|228|||.0924
MK|I|49|035|3006|43248|1|11|1|078|228|||.0727
MK|I|49|035|3006|43248|1|12|1|078|228|||.1286
MK|I|49|035|3006|43248|1|13|1|078|228|||.0672
MM|I|49|035|3006|43248|1|228|20200101|
MN|I|49|035|3006|43248|1|NCORE|20200101|
MA|I|49|035|3006|43249|1|||NEIGHBORHOOD||TOP OF BUILDING|4||||Y||||||||||||
MB|I|49|035|3006|43249|1|20200101|
MC|I|49|035|3006|43249|1|SLAMS|20200101|
MD|I|49|035|3006|43249|1|ANALYZING|1113|20200101|
MD|I|49|035|3006|43249|1|COLLECTING|1113|20200101|
MD|I|49|035|3006|43249|1|CERTIFYING|1113|20200101|
MD|I|49|035|3006|43249|1|PQAO|1113|20200101|
MD|I|49|035|3006|43249|1|REPORTING|1113|20200101|
ME|I|49|035|3006|43249|1|GENERAL/BACKGROUND|7159||||
MG|I|49|035|3006|43249|1|1|30
MK|I|49|035|3006|43249|1|1|1|078|228|||
MK|I|49|035|3006|43249|1|2|1|078|228|||.209
MK|I|49|035|3006|43249|1|3|1|078|228|||.046
MK|I|49|035|3006|43249|1|4|1|078|228|||.2129
MK|I|49|035|3006|43249|1|5|1|078|228|||.1705
MK|I|49|035|3006|43249|1|6|1|078|228|||.1653
MK|I|49|035|3006|43249|1|7|1|078|228|||.1625
MK|I|49|035|3006|43249|1|8|1|078|228|||.1624
MK|I|49|035|3006|43249|1|9|1|078|228|||.2117
MK|I|49|035|3006|43249|1|10|1|078|228|||.2169
MK|I|49|035|3006|43249|1|11|1|078|228|||.1706
MK|I|49|035|3006|43249|1|12|1|078|228|||.1717
MK|I|49|035|3006|43249|1|13|1|078|228|||.0524
MM|I|49|035|3006|43249|1|228|20200101|
MN|I|49|035|3006|43249|1|NCORE|20200101|
MA|I|49|035|3006|43250|1|||NEIGHBORHOOD||TOP OF BUILDING|4||||Y||||||||||||
MB|I|49|035|3006|43250|1|20200101|
MC|I|49|035|3006|43250|1|SLAMS|20200101|
MD|I|49|035|3006|43250|1|ANALYZING|1113|20200101|
MD|I|49|035|3006|43250|1|COLLECTING|1113|20200101|
MD|I|49|035|3006|43250|1|CERTIFYING|1113|20200101|
MD|I|49|035|3006|43250|1|PQAO|1113|20200101|
MD|I|49|035|3006|43250|1|REPORTING|1113|20200101|
ME|I|49|035|3006|43250|1|GENERAL/BACKGROUND|7159||||
MG|I|49|035|3006|43250|1|1|30
MK|I|49|035|3006|43250|1|1|1|078|228|||
MK|I|49|035|3006|43250|1|2|1|078|228|||.1211
MK|I|49|035|3006|43250|1|3|1|078|228|||.048
MK|I|49|035|3006|43250|1|4|1|078|228|||.1233
MK|I|49|035|3006|43250|1|5|1|078|228|||.1071
MK|I|49|035|3006|43250|1|6|1|078|228|||.0664
MK|I|49|035|3006|43250|1|7|1|078|228|||.0492
MK|I|49|035|3006|43250|1|8|1|078|228|||.0491
MK|I|49|035|3006|43250|1|9|1|078|228|||.1193
MK|I|49|035|3006|43250|1|10|1|078|228|||.1284
MK|I|49|035|3006|43250|1|11|1|078|228|||.0748
MK|I|49|035|3006|43250|1|12|1|078|228|||.0757
MK|I|49|035|3006|43250|1|13|1|078|228|||.0766
MM|I|49|035|3006|43250|1|228|20200101|
MN|I|49|035|3006|43250|1|NCORE|20200101|
MA|I|49|035|3006|43252|1|||NEIGHBORHOOD||TOP OF BUILDING|4||||Y||||||||||||
MB|I|49|035|3006|43252|1|20200101|
MC|I|49|035|3006|43252|1|SLAMS|20200101|
MD|I|49|035|3006|43252|1|ANALYZING|1113|20200101|
MD|I|49|035|3006|43252|1|AUDIT|1113|20200101|
MD|I|49|035|3006|43252|1|REPORTING|1113|20200101|
MD|I|49|035|3006|43252|1|COLLECTING|1113|20200101|
MD|I|49|035|3006|43252|1|PQAO|1113|20200101|
MD|I|49|035|3006|43252|1|CERTIFYING|1113|20200101|
ME|I|49|035|3006|43252|1|UPWIND BACKGROUND||||41620|
MK|I|49|035|3006|43252|1|1|1|078|228|||
MK|I|49|035|3006|43252|1|2|1|078|228|||.074
MK|I|49|035|3006|43252|1|3|1|078|228|||.073
MK|I|49|035|3006|43252|1|4|1|078|228|||.0754
MK|I|49|035|3006|43252|1|5|1|078|228|||.1184
MK|I|49|035|3006|43252|1|6|1|078|228|||.0773
MK|I|49|035|3006|43252|1|7|1|078|228|||.0326
MK|I|49|035|3006|43252|1|8|1|078|228|||.094
MK|I|49|035|3006|43252|1|9|1|078|228|||.0695
MK|I|49|035|3006|43252|1|10|1|078|228|||.0589
MK|I|49|035|3006|43252|1|11|1|078|228|||.0686
MK|I|49|035|3006|43252|1|12|1|078|228|||.0646
MM|I|49|035|3006|43252|1|228|20200101|
MN|I|49|035|3006|43252|1|PAMS|20200101|
MA|I|49|035|3006|43253|1|||NEIGHBORHOOD||TOP OF BUILDING|4||||Y||||||||||||
MB|I|49|035|3006|43253|1|20200101|
MC|I|49|035|3006|43253|1|SLAMS|20200101|
MD|I|49|035|3006|43253|1|ANALYZING|1113|20200101|
MD|I|49|035|3006|43253|1|AUDIT|1113|20200101|
MD|I|49|035|3006|43253|1|REPORTING|1113|20200101|
MD|I|49|035|3006|43253|1|COLLECTING|1113|20200101|
MD|I|49|035|3006|43253|1|PQAO|1113|20200101|
MD|I|49|035|3006|43253|1|CERTIFYING|1113|20200101|
ME|I|49|035|3006|43253|1|UPWIND BACKGROUND||||41620|
MK|I|49|035|3006|43253|1|1|1|078|228|||
MK|I|49|035|3006|43253|1|2|1|078|228|||.1068
MK|I|49|035|3006|43253|1|3|1|078|228|||.053
MK|I|49|035|3006|43253|1|4|1|078|228|||.1088
MK|I|49|035|3006|43253|1|5|1|078|228|||.1076
MK|I|49|035|3006|43253|1|6|1|078|228|||.0388
MK|I|49|035|3006|43253|1|7|1|078|228|||.037
MK|I|49|035|3006|43253|1|8|1|078|228|||.1078
MK|I|49|035|3006|43253|1|9|1|078|228|||.0853
MK|I|49|035|3006|43253|1|10|1|078|228|||.1204
MK|I|49|035|3006|43253|1|11|1|078|228|||.1434
MK|I|49|035|3006|43253|1|12|1|078|228|||.0774
MM|I|49|035|3006|43253|1|228|20200101|
MN|I|49|035|3006|43253|1|PAMS|20200101|
MA|I|49|035|3006|43256|1|||NEIGHBORHOOD||TOP OF BUILDING|4||||Y||||||||||||
MB|I|49|035|3006|43256|1|20200101|
MC|I|49|035|3006|43256|1|SLAMS|20200101|
MD|I|49|035|3006|43256|1|ANALYZING|1113|20200101|
MD|I|49|035|3006|43256|1|AUDIT|1113|20200101|
MD|I|49|035|3006|43256|1|REPORTING|1113|20200101|
MD|I|49|035|3006|43256|1|COLLECTING|1113|20200101|
MD|I|49|035|3006|43256|1|PQAO|1113|20200101|
MD|I|49|035|3006|43256|1|CERTIFYING|1113|20200101|
ME|I|49|035|3006|43256|1|UPWIND BACKGROUND||||41620|
MK|I|49|035|3006|43256|1|1|1|078|228|||
MK|I|49|035|3006|43256|1|2|1|078|228|||.1391
MK|I|49|035|3006|43256|1|3|1|078|228|||.105
MK|I|49|035|3006|43256|1|4|1|078|228|||.1417
MK|I|49|035|3006|43256|1|5|1|078|228|||.2697
MK|I|49|035|3006|43256|1|6|1|078|228|||.0938
MK|I|49|035|3006|43256|1|7|1|078|228|||.08
MK|I|49|035|3006|43256|1|8|1|078|228|||.0799
MK|I|49|035|3006|43256|1|9|1|078|228|||.1573
MK|I|49|035|3006|43256|1|10|1|078|228|||.1297
MM|I|49|035|3006|43256|1|228|20200101|
MN|I|49|035|3006|43256|1|PAMS|20200101|
MA|I|49|035|3006|43257|1|||NEIGHBORHOOD||TOP OF BUILDING|4||||Y||||||||||||
MB|I|49|035|3006|43257|1|20200101|
MC|I|49|035|3006|43257|1|SLAMS|20200101|
MD|I|49|035|3006|43257|1|ANALYZING|1113|20200101|
MD|I|49|035|3006|43257|1|AUDIT|1113|20200101|
MD|I|49|035|3006|43257|1|REPORTING|1113|20200101|
MD|I|49|035|3006|43257|1|COLLECTING|1113|20200101|
MD|I|49|035|3006|43257|1|PQAO|1113|20200101|
MD|I|49|035|3006|43257|1|CERTIFYING|1113|20200101|
ME|I|49|035|3006|43257|1|UPWIND BACKGROUND||||41620|
MK|I|49|035|3006|43257|1|1|1|078|228|||
MK|I|49|035|3006|43257|1|2|1|078|228|||.4077
MK|I|49|035|3006|43257|1|3|1|078|228|||.061
MK|I|49|035|3006|43257|1|4|1|078|228|||.4115
MK|I|49|035|3006|43257|1|5|1|078|228|||.0938
MK|I|49|035|3006|43257|1|6|1|078|228|||.08
MK|I|49|035|3006|43257|1|7|1|078|228|||.0799
MK|I|49|035|3006|43257|1|8|1|078|228|||.1573
MK|I|49|035|3006|43257|1|9|1|078|228|||.1297
MM|I|49|035|3006|43257|1|228|20200101|
MN|I|49|035|3006|43257|1|PAMS|20200101|
MA|I|49|035|3006|43261|1|||NEIGHBORHOOD||TOP OF BUILDING|4||||Y||||||||||||
MB|I|49|035|3006|43261|1|20200101|
MC|I|49|035|3006|43261|1|SLAMS|20200101|
MD|I|49|035|3006|43261|1|ANALYZING|1113|20200101|
MD|I|49|035|3006|43261|1|AUDIT|1113|20200101|
MD|I|49|035|3006|43261|1|REPORTING|1113|20200101|
MD|I|49|035|3006|43261|1|COLLECTING|1113|20200101|
MD|I|49|035|3006|43261|1|PQAO|1113|20200101|
MD|I|49|035|3006|43261|1|CERTIFYING|1113|20200101|
ME|I|49|035|3006|43261|1|UPWIND BACKGROUND||||41620|
MK|I|49|035|3006|43261|1|1|1|078|228|||
MK|I|49|035|3006|43261|1|2|1|078|228|||.0597
MK|I|49|035|3006|43261|1|3|1|078|228|||.062
MK|I|49|035|3006|43261|1|4|1|078|228|||.0608
MK|I|49|035|3006|43261|1|5|1|078|228|||.1211
MK|I|49|035|3006|43261|1|6|1|078|228|||.0394
MK|I|49|035|3006|43261|1|7|1|078|228|||.1029
MK|I|49|035|3006|43261|1|8|1|078|228|||.1028
MK|I|49|035|3006|43261|1|9|1|078|228|||.0564
MK|I|49|035|3006|43261|1|10|1|078|228|||.1249
MK|I|49|035|3006|43261|1|11|1|078|228|||.0681
MK|I|49|035|3006|43261|1|12|1|078|228|||.0554
MK|I|49|035|3006|43261|1|13|1|078|228|||.0391
MM|I|49|035|3006|43261|1|228|20200101|
MN|I|49|035|3006|43261|1|PAMS|20200101|
MA|I|49|035|3006|43262|1|||NEIGHBORHOOD||TOP OF BUILDING|4||||Y||||||||||||
MB|I|49|035|3006|43262|1|20200101|
MC|I|49|035|3006|43262|1|SLAMS|20200101|
MD|I|49|035|3006|43262|1|ANALYZING|1113|20200101|
MD|I|49|035|3006|43262|1|AUDIT|1113|20200101|
MD|I|49|035|3006|43262|1|REPORTING|1113|20200101|
MD|I|49|035|3006|43262|1|COLLECTING|1113|20200101|
MD|I|49|035|3006|43262|1|PQAO|1113|20200101|
MD|I|49|035|3006|43262|1|CERTIFYING|1113|20200101|
ME|I|49|035|3006|43262|1|MAX PRECURSOR EMISSIONS IMPACT||||41620|
MK|I|49|035|3006|43262|1|1|1|078|228|||
MK|I|49|035|3006|43262|1|2|1|078|228|||.1049
MK|I|49|035|3006|43262|1|3|1|078|228|||.057
MK|I|49|035|3006|43262|1|4|1|078|228|||.1068
MK|I|49|035|3006|43262|1|5|1|078|228|||.1238
MK|I|49|035|3006|43262|1|6|1|078|228|||.1168
MK|I|49|035|3006|43262|1|7|1|078|228|||.106
MK|I|49|035|3006|43262|1|8|1|078|228|||.1059
MK|I|49|035|3006|43262|1|9|1|078|228|||.1294
MK|I|49|035|3006|43262|1|10|1|078|228|||.1496
MK|I|49|035|3006|43262|1|11|1|078|228|||.0644
MK|I|49|035|3006|43262|1|12|1|078|228|||.0607
MK|I|49|035|3006|43262|1|13|1|078|228|||.0805
MM|I|49|035|3006|43262|1|228|20200101|
MN|I|49|035|3006|43262|1|PAMS|20200101|
MA|I|49|035|3006|43263|1|||NEIGHBORHOOD||TOP OF BUILDING|4||||Y||||||||||||
MB|I|49|035|3006|43263|1|20200101|
MC|I|49|035|3006|43263|1|SLAMS|20200101|
MD|I|49|035|3006|43263|1|ANALYZING|1113|20200101|
MD|I|49|035|3006|43263|1|AUDIT|1113|20200101|
MD|I|49|035|3006|43263|1|REPORTING|1113|20200101|
MD|I|49|035|3006|43263|1|COLLECTING|1113|20200101|
MD|I|49|035|3006|43263|1|PQAO|1113|20200101|
MD|I|49|035|3006|43263|1|CERTIFYING|1113|20200101|
ME|I|49|035|3006|43263|1|MAX PRECURSOR EMISSIONS IMPACT||||41620|
MK|I|49|035|3006|43263|1|1|1|078|228|||
MK|I|49|035|3006|43263|1|2|1|078|228|||.2354
MK|I|49|035|3006|43263|1|3|1|078|228|||.052
MK|I|49|035|3006|43263|1|4|1|078|228|||.2397
MK|I|49|035|3006|43263|1|5|1|078|228|||.2205
MK|I|49|035|3006|43263|1|6|1|078|228|||.1635
MK|I|49|035|3006|43263|1|7|1|078|228|||.0548
MK|I|49|035|3006|43263|1|8|1|078|228|||.0547
MK|I|49|035|3006|43263|1|9|1|078|228|||.1501
MK|I|49|035|3006|43263|1|10|1|078|228|||.1108
MK|I|49|035|3006|43263|1|11|1|078|228|||.1489
MK|I|49|035|3006|43263|1|12|1|078|228|||.2267
MK|I|49|035|3006|43263|1|13|1|078|228|||.4128
MM|I|49|035|3006|43263|1|228|20200101|
MN|I|49|035|3006|43263|1|PAMS|20200101|
MA|I|49|035|3006|43280|1|||NEIGHBORHOOD||TOP OF BUILDING|4||||Y||||||||||||
MB|I|49|035|3006|43280|1|20200101|
MC|I|49|035|3006|43280|1|SLAMS|20200101|
MD|I|49|035|3006|43280|1|COLLECTING|1113|20200101|
MD|I|49|035|3006|43280|1|REPORTING|1113|20200101|
MD|I|49|035|3006|43280|1|PQAO|1113|20200101|
MD|I|49|035|3006|43280|1|CERTIFYING|1113|20200101|
MD|I|49|035|3006|43280|1|AUDIT|1113|20200101|
MD|I|49|035|3006|43280|1|ANALYZING|1113|20200101|
ME|I|49|035|3006|43280|1|UPWIND BACKGROUND||||41620|
MK|I|49|035|3006|43280|1|1|1|078|228|||
MK|I|49|035|3006|43280|1|2|1|078|228|||.036
MK|I|49|035|3006|43280|1|3|1|078|228|||.034
MK|I|49|035|3006|43280|1|4|1|078|228|||.0366
MK|I|49|035|3006|43280|1|5|1|078|228|||.0841
MK|I|49|035|3006|43280|1|6|1|078|228|||.0316
MK|I|49|035|3006|43280|1|7|1|078|228|||.0347
MK|I|49|035|3006|43280|1|8|1|078|228|||.0346
MK|I|49|035|3006|43280|1|9|1|078|228|||.471
MK|I|49|035|3006|43280|1|10|1|078|228|||.4706
MK|I|49|035|3006|43280|1|11|1|078|228|||.065
MK|I|49|035|3006|43280|1|12|1|078|228|||.4368
MK|I|49|035|3006|43280|1|13|1|078|228|||.0708
MM|I|49|035|3006|43280|1|228|20200101|
MN|I|49|035|3006|43280|1|PAMS|20200101|
MA|I|49|035|3006|43284|1|||NEIGHBORHOOD||TOP OF BUILDING|4||||Y||||||||||||
MB|I|49|035|3006|43284|1|20200101|
MC|I|49|035|3006|43284|1|SLAMS|20200101|
MD|I|49|035|3006|43284|1|CERTIFYING|1113|20200101|
MD|I|49|035|3006|43284|1|COLLECTING|1113|20200101|
MD|I|49|035|3006|43284|1|PQAO|1113|20200101|
MD|I|49|035|3006|43284|1|ANALYZING|1113|20200101|
MD|I|49|035|3006|43284|1|AUDIT|1113|20200101|
MD|I|49|035|3006|43284|1|REPORTING|1113|20200101|
ME|I|49|035|3006|43284|1|MAX PRECURSOR EMISSIONS IMPACT||||41620|
MK|I|49|035|3006|43284|1|1|1|078|228|||
MK|I|49|035|3006|43284|1|2|1|078|228|||.0295
MK|I|49|035|3006|43284|1|3|1|078|228|||.042
MK|I|49|035|3006|43284|1|4|1|078|228|||.03
MK|I|49|035|3006|43284|1|5|1|078|228|||.0918
MK|I|49|035|3006|43284|1|6|1|078|228|||.0456
MK|I|49|035|3006|43284|1|7|1|078|228|||.0519
MK|I|49|035|3006|43284|1|8|1|078|228|||.1091
MK|I|49|035|3006|43284|1|9|1|078|228|||.0681
MK|I|49|035|3006|43284|1|10|1|078|228|||.0235
MK|I|49|035|3006|43284|1|11|1|078|228|||.0751
MK|I|49|035|3006|43284|1|12|1|078|228|||.0514
MM|I|49|035|3006|43284|1|228|20200101|
MN|I|49|035|3006|43284|1|PAMS|20200101|
MA|I|49|035|3006|43285|1|||NEIGHBORHOOD||TOP OF BUILDING|4||||Y||||||||||||
MB|I|49|035|3006|43285|1|20200101|
MC|I|49|035|3006|43285|1|SLAMS|20200101|
MD|I|49|035|3006|43285|1|ANALYZING|1113|20200101|
MD|I|49|035|3006|43285|1|AUDIT|1113|20200101|
MD|I|49|035|3006|43285|1|REPORTING|1113|20200101|
MD|I|49|035|3006|43285|1|COLLECTING|1113|20200101|
MD|I|49|035|3006|43285|1|PQAO|1113|20200101|
MD|I|49|035|3006|43285|1|CERTIFYING|1113|20200101|
ME|I|49|035|3006|43285|1|MAX PRECURSOR EMISSIONS IMPACT||||41620|
MK|I|49|035|3006|43285|1|1|1|078|228|||
MK|I|49|035|3006|43285|1|2|1|078|228|||.0574
MK|I|49|035|3006|43285|1|3|1|078|228|||.074
MK|I|49|035|3006|43285|1|4|1|078|228|||.0584
MK|I|49|035|3006|43285|1|5|1|078|228|||.1041
MK|I|49|035|3006|43285|1|6|1|078|228|||.0425
MK|I|49|035|3006|43285|1|7|1|078|228|||.0395
MK|I|49|035|3006|43285|1|8|1|078|228|||.0394
MK|I|49|035|3006|43285|1|9|1|078|228|||.1477
MK|I|49|035|3006|43285|1|10|1|078|228|||.0843
MK|I|49|035|3006|43285|1|11|1|078|228|||.0328
MK|I|49|035|3006|43285|1|12|1|078|228|||.0723
MK|I|49|035|3006|43285|1|13|1|078|228|||.0718
MM|I|49|035|3006|43285|1|228|20200101|
MN|I|49|035|3006|43285|1|PAMS|20200101|
MA|I|49|035|3006|43291|1|||NEIGHBORHOOD||TOP OF BUILDING|4||||Y||||||||||||
MB|I|49|035|3006|43291|1|20200101|
MC|I|49|035|3006|43291|1|SLAMS|20200101|
MD|I|49|035|3006|43291|1|ANALYZING|1113|20200101|
MD|I|49|035|3006|43291|1|AUDIT|1113|20200101|
MD|I|49|035|3006|43291|1|REPORTING|1113|20200101|
MD|I|49|035|3006|43291|1|COLLECTING|1113|20200101|
MD|I|49|035|3006|43291|1|PQAO|1113|20200101|
MD|I|49|035|3006|43291|1|CERTIFYING|1113|20200101|
ME|I|49|035|3006|43291|1|MAX PRECURSOR EMISSIONS IMPACT||||41620|
MK|I|49|035|3006|43291|1|1|1|078|228|||
MK|I|49|035|3006|43291|1|2|1|078|228|||.1181
MK|I|49|035|3006|43291|1|3|1|078|228|||.058
MK|I|49|035|3006|43291|1|4|1|078|228|||.1203
MK|I|49|035|3006|43291|1|5|1|078|228|||.1141
MK|I|49|035|3006|43291|1|6|1|078|228|||.0744
MK|I|49|035|3006|43291|1|7|1|078|228|||.0674
MK|I|49|035|3006|43291|1|8|1|078|228|||.0681
MK|I|49|035|3006|43291|1|9|1|078|228|||.087
MK|I|49|035|3006|43291|1|10|1|078|228|||.0785
MK|I|49|035|3006|43291|1|11|1|078|228|||.0808
MK|I|49|035|3006|43291|1|12|1|078|228|||.0656
MM|I|49|035|3006|43291|1|228|20200101|
MN|I|49|035|3006|43291|1|PAMS|20200101|
MA|I|49|035|3006|43954|1|||NEIGHBORHOOD||TOP OF BUILDING|4||||Y||||||||||||
MB|I|49|035|3006|43954|1|20200101|
MC|I|49|035|3006|43954|1|SLAMS|20200101|
MD|I|49|035|3006|43954|1|ANALYZING|1113|20200101|
MD|I|49|035|3006|43954|1|AUDIT|1113|20200101|
MD|I|49|035|3006|43954|1|REPORTING|1113|20200101|
MD|I|49|035|3006|43954|1|COLLECTING|1113|20200101|
MD|I|49|035|3006|43954|1|PQAO|1113|20200101|
MD|I|49|035|3006|43954|1|CERTIFYING|1113|20200101|
ME|I|49|035|3006|43954|1|MAX PRECURSOR EMISSIONS IMPACT||||41620|
MK|I|49|035|3006|43954|1|1|1|078|228|||
MK|I|49|035|3006|43954|1|2|1|078|228|||.0543
MK|I|49|035|3006|43954|1|3|1|078|228|||1.366
MK|I|49|035|3006|43954|1|4|1|078|228|||.0553
MK|I|49|035|3006|43954|1|5|1|078|228|||.1172
MK|I|49|035|3006|43954|1|6|1|078|228|||.0586
MK|I|49|035|3006|43954|1|7|1|078|228|||.0649
MK|I|49|035|3006|43954|1|8|1|078|228|||.1539
MK|I|49|035|3006|43954|1|9|1|078|228|||.1732
MK|I|49|035|3006|43954|1|10|1|078|228|||.1586
MK|I|49|035|3006|43954|1|11|1|078|228|||.1136
MK|I|49|035|3006|43954|1|12|1|078|228|||.0748
MM|I|49|035|3006|43954|1|228|20200101|
MN|I|49|035|3006|43954|1|PAMS|20200101|
MA|I|49|035|3006|43960|1|||NEIGHBORHOOD||TOP OF BUILDING|4||||Y||||||||||||
MB|I|49|035|3006|43960|1|20200101|
MC|I|49|035|3006|43960|1|SLAMS|20200101|
MD|I|49|035|3006|43960|1|ANALYZING|1113|20200101|
MD|I|49|035|3006|43960|1|AUDIT|1113|20200101|
MD|I|49|035|3006|43960|1|REPORTING|1113|20200101|
MD|I|49|035|3006|43960|1|COLLECTING|1113|20200101|
MD|I|49|035|3006|43960|1|PQAO|1113|20200101|
MD|I|49|035|3006|43960|1|CERTIFYING|1113|20200101|
ME|I|49|035|3006|43960|1|MAX PRECURSOR EMISSIONS IMPACT||||41620|
MK|I|49|035|3006|43960|1|1|1|078|228|||
MK|I|49|035|3006|43960|1|2|1|078|228|||.0995
MK|I|49|035|3006|43960|1|3|1|078|228|||.046
MK|I|49|035|3006|43960|1|4|1|078|228|||.1013
MK|I|49|035|3006|43960|1|5|1|078|228|||.0821
MK|I|49|035|3006|43960|1|6|1|078|228|||.0654
MK|I|49|035|3006|43960|1|7|1|078|228|||.0628
MK|I|49|035|3006|43960|1|8|1|078|228|||.1132
MK|I|49|035|3006|43960|1|9|1|078|228|||.0797
MK|I|49|035|3006|43960|1|10|1|078|228|||.0461
MK|I|49|035|3006|43960|1|11|1|078|228|||.1369
MK|I|49|035|3006|43960|1|12|1|078|228|||.1192
MM|I|49|035|3006|43960|1|228|20200101|
MN|I|49|035|3006|43960|1|PAMS|20200101|
MA|I|49|035|3006|44201|1||AREA|NEIGHBORHOOD||TOP OF BUILDING|4||1||Y||||||||||||
MB|I|49|035|3006|44201|1|19970501|
MC|I|49|035|3006|44201|1|SLAMS|19970501|
MD|I|49|035|3006|44201|1|PQAO|1113|19970501|20061231
MD|I|49|035|3006|44201|1|CERTIFYING|1113|19970501|
MD|I|49|035|3006|44201|1|COLLECTING|1113|19970501|
MD|I|49|035|3006|44201|1|REPORTING|1113|19970501|
MD|I|49|035|3006|44201|1|ANALYZING|1113|19970501|
MD|I|49|035|3006|44201|1|PQAO|1113|20070101|
ME|I|49|035|3006|44201|1|UNKNOWN|||||
MG|I|49|035|3006|44201|1|1|30
MI|I|49|035|3006|44201|1|QC|Y|19970501
MI|I|49|035|3006|44201|1|RM|Y|19970501
MI|I|49|035|3006|44201|1|SC|Y|19970501
MK|I|49|035|3006|44201|1|1|1|007|019|||
MK|I|49|035|3006|44201|1|2|1|007|087|||
MM|I|49|035|3006|44201|1|019|19970501|20010430
MM|I|49|035|3006|44201|1|087|20010501|20020430
MM|I|49|035|3006|44201|1|019|20020501|20030722
MM|I|49|035|3006|44201|1|087|20030723|
MN|I|49|035|3006|44201|1|NCORE|20100923|
MO|I|49|035|3006|44201|1|19970501||
MA|I|49|035|3006|45109|1|||NEIGHBORHOOD||TOP OF BUILDING|4||||Y||||||||||||
MB|I|49|035|3006|45109|1|20200101|
MC|I|49|035|3006|45109|1|SLAMS|20200101|
MD|I|49|035|3006|45109|1|ANALYZING|1113|20200101|
MD|I|49|035|3006|45109|1|AUDIT|1113|20200101|
MD|I|49|035|3006|45109|1|REPORTING|1113|20200101|
MD|I|49|035|3006|45109|1|COLLECTING|1113|20200101|
MD|I|49|035|3006|45109|1|PQAO|1113|20200101|
MD|I|49|035|3006|45109|1|CERTIFYING|1113|20200101|
ME|I|49|035|3006|45109|1|MAX PRECURSOR EMISSIONS IMPACT||||41620|
MK|I|49|035|3006|45109|1|1|1|078|228|||
MK|I|49|035|3006|45109|1|2|1|078|228|||.1161
MK|I|49|035|3006|45109|1|3|1|078|228|||.274
MK|I|49|035|3006|45109|1|4|1|078|228|||.1182
MK|I|49|035|3006|45109|1|5|1|078|228|||.0951
MK|I|49|035|3006|45109|1|6|1|078|228|||.0642
MK|I|49|035|3006|45109|1|7|1|078|228|||.1265
MK|I|49|035|3006|45109|1|8|1|078|228|||.1264
MK|I|49|035|3006|45109|1|9|1|078|228|||.1079
MK|I|49|035|3006|45109|1|10|1|078|228|||.1869
MK|I|49|035|3006|45109|1|11|1|078|228|||.1113
MK|I|49|035|3006|45109|1|12|1|078|228|||.158
MK|I|49|035|3006|45109|1|13|1|078|228|||.0568
MM|I|49|035|3006|45109|1|228|20200101|
MN|I|49|035|3006|45109|1|PAMS|20200101|
MA|I|49|035|3006|45201|1|||NEIGHBORHOOD||TOP OF BUILDING|4||||Y||||||||||||
MB|I|49|035|3006|45201|1|20200101|
MC|I|49|035|3006|45201|1|SLAMS|20200101|
MD|I|49|035|3006|45201|1|ANALYZING|1113|20200101|
MD|I|49|035|3006|45201|1|AUDIT|1113|20200101|
MD|I|49|035|3006|45201|1|REPORTING|1113|20200101|
MD|I|49|035|3006|45201|1|COLLECTING|1113|20200101|
MD|I|49|035|3006|45201|1|PQAO|1113|20200101|
MD|I|49|035|3006|45201|1|CERTIFYING|1113|20200101|
ME|I|49|035|3006|45201|1|MAX PRECURSOR EMISSIONS IMPACT||||41620|
MK|I|49|035|3006|45201|1|1|1|078|228|||
MK|I|49|035|3006|45201|1|2|1|078|228|||.1163
MK|I|49|035|3006|45201|1|3|1|078|228|||.152
MK|I|49|035|3006|45201|1|4|1|078|228|||.1185
MK|I|49|035|3006|45201|1|5|1|078|228|||.098
MK|I|49|035|3006|45201|1|6|1|078|228|||.2567
MK|I|49|035|3006|45201|1|7|1|078|228|||.1127
MK|I|49|035|3006|45201|1|8|1|078|228|||.1743
MK|I|49|035|3006|45201|1|9|1|078|228|||.3958
MK|I|49|035|3006|45201|1|10|1|078|228|||.1972
MK|I|49|035|3006|45201|1|11|1|078|228|||.3038
MK|I|49|035|3006|45201|1|12|1|078|228|||.0486
MM|I|49|035|3006|45201|1|228|20200101|
MN|I|49|035|3006|45201|1|PAMS|20200101|
MA|I|49|035|3006|45202|1|||NEIGHBORHOOD||TOP OF BUILDING|4||||Y||||||||||||
MB|I|49|035|3006|45202|1|20200101|
MC|I|49|035|3006|45202|1|SLAMS|20200101|
MD|I|49|035|3006|45202|1|ANALYZING|1113|20200101|
MD|I|49|035|3006|45202|1|AUDIT|1113|20200101|
MD|I|49|035|3006|45202|1|REPORTING|1113|20200101|
MD|I|49|035|3006|45202|1|COLLECTING|1113|20200101|
MD|I|49|035|3006|45202|1|PQAO|1113|20200101|
MD|I|49|035|3006|45202|1|CERTIFYING|1113|20200101|
ME|I|49|035|3006|45202|1|MAX PRECURSOR EMISSIONS IMPACT||||41620|
MK|I|49|035|3006|45202|1|1|1|078|228|||
MK|I|49|035|3006|45202|1|2|1|078|228|||.0734
MK|I|49|035|3006|45202|1|3|1|078|228|||.257
MK|I|49|035|3006|45202|1|4|1|078|228|||.0747
MK|I|49|035|3006|45202|1|5|1|078|228|||.1306
MK|I|49|035|3006|45202|1|6|1|078|228|||.0738
MK|I|49|035|3006|45202|1|7|1|078|228|||.0931
MK|I|49|035|3006|45202|1|8|1|078|228|||.093
MK|I|49|035|3006|45202|1|9|1|078|228|||.0853
MK|I|49|035|3006|45202|1|10|1|078|228|||.0851
MK|I|49|035|3006|45202|1|11|1|078|228|||.186
MK|I|49|035|3006|45202|1|12|1|078|228|||.1245
MK|I|49|035|3006|45202|1|13|1|078|228|||.0548
MM|I|49|035|3006|45202|1|228|20200101|
MN|I|49|035|3006|45202|1|PAMS|20200101|
MA|I|49|035|3006|45203|1|||NEIGHBORHOOD||TOP OF BUILDING|4||||Y||||||||||||
MB|I|49|035|3006|45203|1|20200101|
MC|I|49|035|3006|45203|1|SLAMS|20200101|
MD|I|49|035|3006|45203|1|ANALYZING|1113|20200101|
MD|I|49|035|3006|45203|1|AUDIT|1113|20200101|
MD|I|49|035|3006|45203|1|REPORTING|1113|20200101|
MD|I|49|035|3006|45203|1|COLLECTING|1113|20200101|
MD|I|49|035|3006|45203|1|PQAO|1113|20200101|
MD|I|49|035|3006|45203|1|CERTIFYING|1113|20200101|
ME|I|49|035|3006|45203|1|MAX PRECURSOR EMISSIONS IMPACT||||41620|
MK|I|49|035|3006|45203|1|1|1|078|228|||
MK|I|49|035|3006|45203|1|2|1|078|228|||.0655
MK|I|49|035|3006|45203|1|3|1|078|228|||.153
MK|I|49|035|3006|45203|1|4|1|078|228|||.0667
MK|I|49|035|3006|45203|1|5|1|078|228|||.0823
MK|I|49|035|3006|45203|1|6|1|078|228|||.0661
MK|I|49|035|3006|45203|1|7|1|078|228|||.0603
MK|I|49|035|3006|45203|1|8|1|078|228|||.0602
MK|I|49|035|3006|45203|1|9|1|078|228|||.0812
MK|I|49|035|3006|45203|1|10|1|078|228|||.1069
MK|I|49|035|3006|45203|1|11|1|078|228|||.0602
MK|I|49|035|3006|45203|1|12|1|078|228|||.0812
MK|I|49|035|3006|45203|1|13|1|078|228|||.1069
MK|I|49|035|3006|45203|1|14|1|078|228|||.0524
MK|I|49|035|3006|45203|1|15|1|078|228|||.0652
MK|I|49|035|3006|45203|1|16|1|078|228|||.1239
MM|I|49|035|3006|45203|1|228|20200101|
MN|I|49|035|3006|45203|1|PAMS|20200101|
MA|I|49|035|3006|45204|1|||NEIGHBORHOOD||TOP OF BUILDING|4||||Y||||||||||||
MB|I|49|035|3006|45204|1|20200101|
MC|I|49|035|3006|45204|1|SLAMS|20200101|
MD|I|49|035|3006|45204|1|ANALYZING|1113|20200101|
MD|I|49|035|3006|45204|1|AUDIT|1113|20200101|
MD|I|49|035|3006|45204|1|REPORTING|1113|20200101|
MD|I|49|035|3006|45204|1|COLLECTING|1113|20200101|
MD|I|49|035|3006|45204|1|PQAO|1113|20200101|
MD|I|49|035|3006|45204|1|CERTIFYING|1113|20200101|
ME|I|49|035|3006|45204|1|MAX PRECURSOR EMISSIONS IMPACT||||41620|
MK|I|49|035|3006|45204|1|1|1|078|228|||
MK|I|49|035|3006|45204|1|2|1|078|228|||.175
MK|I|49|035|3006|45204|1|3|1|078|228|||.097
MK|I|49|035|3006|45204|1|4|1|078|228|||.1783
MK|I|49|035|3006|45204|1|5|1|078|228|||.1801
MK|I|49|035|3006|45204|1|6|1|078|228|||.0814
MK|I|49|035|3006|45204|1|7|1|078|228|||.0915
MK|I|49|035|3006|45204|1|8|1|078|228|||.0914
MK|I|49|035|3006|45204|1|9|1|078|228|||.2523
MK|I|49|035|3006|45204|1|10|1|078|228|||.1265
MK|I|49|035|3006|45204|1|11|1|078|228|||.1113
MK|I|49|035|3006|45204|1|12|1|078|228|||.151
MK|I|49|035|3006|45204|1|13|1|078|228|||.0739
MM|I|49|035|3006|45204|1|228|20200101|
MN|I|49|035|3006|45204|1|PAMS|20200101|
MA|I|49|035|3006|45207|1|||NEIGHBORHOOD||TOP OF BUILDING|4||||Y||||||||||||
MB|I|49|035|3006|45207|1|20200101|
MC|I|49|035|3006|45207|1|SLAMS|20200101|
MD|I|49|035|3006|45207|1|ANALYZING|1113|20200101|
MD|I|49|035|3006|45207|1|AUDIT|1113|20200101|
MD|I|49|035|3006|45207|1|REPORTING|1113|20200101|
MD|I|49|035|3006|45207|1|COLLECTING|1113|20200101|
MD|I|49|035|3006|45207|1|PQAO|1113|20200101|
MD|I|49|035|3006|45207|1|CERTIFYING|1113|20200101|
ME|I|49|035|3006|45207|1|MAX PRECURSOR EMISSIONS IMPACT||||41620|
MK|I|49|035|3006|45207|1|1|1|078|228|||
MK|I|49|035|3006|45207|1|2|1|078|228|||.1136
MK|I|49|035|3006|45207|1|3|1|078|228|||.14
MK|I|49|035|3006|45207|1|4|1|078|228|||.1157
MK|I|49|035|3006|45207|1|5|1|078|228|||.1283
MK|I|49|035|3006|45207|1|6|1|078|228|||.0726
MK|I|49|035|3006|45207|1|7|1|078|228|||.0626
MK|I|49|035|3006|45207|1|8|1|078|228|||.0625
MK|I|49|035|3006|45207|1|9|1|078|228|||.0978
MK|I|49|035|3006|45207|1|10|1|078|228|||.1289
MK|I|49|035|3006|45207|1|11|1|078|228|||.1752
MK|I|49|035|3006|45207|1|12|1|078|228|||.1341
MK|I|49|035|3006|45207|1|13|1|078|228|||.133
MM|I|49|035|3006|45207|1|228|20200101|
MN|I|49|035|3006|45207|1|PAMS|20200101|
MA|I|49|035|3006|45208|1|||NEIGHBORHOOD||TOP OF BUILDING|4||||Y||||||||||||
MB|I|49|035|3006|45208|1|20200101|
MC|I|49|035|3006|45208|1|SLAMS|20200101|
MD|I|49|035|3006|45208|1|ANALYZING|1113|20200101|
MD|I|49|035|3006|45208|1|AUDIT|1113|20200101|
MD|I|49|035|3006|45208|1|REPORTING|1113|20200101|
MD|I|49|035|3006|45208|1|COLLECTING|1113|20200101|
MD|I|49|035|3006|45208|1|PQAO|1113|20200101|
MD|I|49|035|3006|45208|1|CERTIFYING|1113|20200101|
ME|I|49|035|3006|45208|1|MAX PRECURSOR EMISSIONS IMPACT||||41620|
MK|I|49|035|3006|45208|1|1|1|078|228|||
MK|I|49|035|3006|45208|1|2|1|078|228|||.0639
MK|I|49|035|3006|45208|1|3|1|078|228|||.16
MK|I|49|035|3006|45208|1|4|1|078|228|||.0651
MK|I|49|035|3006|45208|1|5|1|078|228|||.1499
MK|I|49|035|3006|45208|1|6|1|078|228|||.0729
MK|I|49|035|3006|45208|1|7|1|078|228|||.1316
MK|I|49|035|3006|45208|1|8|1|078|228|||.222
MK|I|49|035|3006|45208|1|9|1|078|228|||.2111
MK|I|49|035|3006|45208|1|10|1|078|228|||.1031
MK|I|49|035|3006|45208|1|11|1|078|228|||.1875
MK|I|49|035|3006|45208|1|12|1|078|228|||.1147
MM|I|49|035|3006|45208|1|228|20200101|
MN|I|49|035|3006|45208|1|PAMS|20200101|
MA|I|49|035|3006|45209|1|||NEIGHBORHOOD||TOP OF BUILDING|4||||Y||||||||||||
MB|I|49|035|3006|45209|1|20200101|
MC|I|49|035|3006|45209|1|SLAMS|20200101|
MD|I|49|035|3006|45209|1|ANALYZING|1113|20200101|
MD|I|49|035|3006|45209|1|AUDIT|1113|20200101|
MD|I|49|035|3006|45209|1|REPORTING|1113|20200101|
MD|I|49|035|3006|45209|1|COLLECTING|1113|20200101|
MD|I|49|035|3006|45209|1|PQAO|1113|20200101|
MD|I|49|035|3006|45209|1|CERTIFYING|1113|20200101|
ME|I|49|035|3006|45209|1|MAX PRECURSOR EMISSIONS IMPACT||||41620|
MK|I|49|035|3006|45209|1|1|1|078|228|||
MK|I|49|035|3006|45209|1|2|1|078|228|||.1181
MK|I|49|035|3006|45209|1|3|1|078|228|||.201
MK|I|49|035|3006|45209|1|4|1|078|228|||.1203
MK|I|49|035|3006|45209|1|5|1|078|228|||.1185
MK|I|49|035|3006|45209|1|6|1|078|228|||.1086
MK|I|49|035|3006|45209|1|7|1|078|228|||.079
MK|I|49|035|3006|45209|1|8|1|078|228|||.0789
MK|I|49|035|3006|45209|1|9|1|078|228|||.3194
MK|I|49|035|3006|45209|1|10|1|078|228|||.0732
MK|I|49|035|3006|45209|1|11|1|078|228|||.1166
MK|I|49|035|3006|45209|1|12|1|078|228|||.1568
MK|I|49|035|3006|45209|1|13|1|078|228|||.0744
MM|I|49|035|3006|45209|1|228|20200101|
MN|I|49|035|3006|45209|1|PAMS|20200101|
MA|I|49|035|3006|45210|1|||NEIGHBORHOOD||TOP OF BUILDING|4||||Y||||||||||||
MB|I|49|035|3006|45210|1|20200101|
MC|I|49|035|3006|45210|1|SLAMS|20200101|
MD|I|49|035|3006|45210|1|ANALYZING|1113|20200101|
MD|I|49|035|3006|45210|1|AUDIT|1113|20200101|
MD|I|49|035|3006|45210|1|REPORTING|1113|20200101|
MD|I|49|035|3006|45210|1|COLLECTING|1113|20200101|
MD|I|49|035|3006|45210|1|PQAO|1113|20200101|
MD|I|49|035|3006|45210|1|CERTIFYING|1113|20200101|
ME|I|49|035|3006|45210|1|MAX PRECURSOR EMISSIONS IMPACT||||41620|
MK|I|49|035|3006|45210|1|1|1|078|228|||
MK|I|49|035|3006|45210|1|2|1|078|228|||.1324
MK|I|49|035|3006|45210|1|3|1|078|228|||.156
MK|I|49|035|3006|45210|1|4|1|078|228|||.1348
MK|I|49|035|3006|45210|1|5|1|078|228|||.1435
MK|I|49|035|3006|45210|1|6|1|078|228|||.037
MK|I|49|035|3006|45210|1|7|1|078|228|||.0445
MK|I|49|035|3006|45210|1|8|1|078|228|||.0444
MK|I|49|035|3006|45210|1|9|1|078|228|||.1952
MK|I|49|035|3006|45210|1|10|1|078|228|||.0574
MK|I|49|035|3006|45210|1|11|1|078|228|||.0968
MK|I|49|035|3006|45210|1|12|1|078|228|||.1333
MK|I|49|035|3006|45210|1|13|1|078|228|||.0879
MM|I|49|035|3006|45210|1|228|20200101|
MN|I|49|035|3006|45210|1|PAMS|20200101|
MA|I|49|035|3006|45211|1|||NEIGHBORHOOD||TOP OF BUILDING|4||||Y||||||||||||
MB|I|49|035|3006|45211|1|20200101|
MC|I|49|035|3006|45211|1|SLAMS|20200101|
MD|I|49|035|3006|45211|1|ANALYZING|1113|20200101|
MD|I|49|035|3006|45211|1|AUDIT|1113|20200101|
MD|I|49|035|3006|45211|1|REPORTING|1113|20200101|
MD|I|49|035|3006|45211|1|COLLECTING|1113|20200101|
MD|I|49|035|3006|45211|1|PQAO|1113|20200101|
MD|I|49|035|3006|45211|1|CERTIFYING|1113|20200101|
ME|I|49|035|3006|45211|1|MAX PRECURSOR EMISSIONS IMPACT||||41620|
MK|I|49|035|3006|45211|1|1|1|078|228|||
MK|I|49|035|3006|45211|1|2|1|078|228|||.1836
MK|I|49|035|3006|45211|1|3|1|078|228|||.116
MK|I|49|035|3006|45211|1|4|1|078|228|||.187
MK|I|49|035|3006|45211|1|5|1|078|228|||.1977
MK|I|49|035|3006|45211|1|6|1|078|228|||.1147
MK|I|49|035|3006|45211|1|7|1|078|228|||.1448
MK|I|49|035|3006|45211|1|8|1|078|228|||.1349
MK|I|49|035|3006|45211|1|9|1|078|228|||.1514
MK|I|49|035|3006|45211|1|10|1|078|228|||.125
MK|I|49|035|3006|45211|1|11|1|078|228|||.1344
MK|I|49|035|3006|45211|1|12|1|078|228|||.1578
MM|I|49|035|3006|45211|1|228|20200101|
MN|I|49|035|3006|45211|1|PAMS|20200101|
MA|I|49|035|3006|45212|1|||NEIGHBORHOOD||TOP OF BUILDING|4||||Y||||||||||||
MB|I|49|035|3006|45212|1|20200101|
MC|I|49|035|3006|45212|1|SLAMS|20200101|
MD|I|49|035|3006|45212|1|ANALYZING|1113|20200101|
MD|I|49|035|3006|45212|1|AUDIT|1113|20200101|
MD|I|49|035|3006|45212|1|REPORTING|1113|20200101|
MD|I|49|035|3006|45212|1|COLLECTING|1113|20200101|
MD|I|49|035|3006|45212|1|PQAO|1113|20200101|
MD|I|49|035|3006|45212|1|CERTIFYING|1113|20200101|
ME|I|49|035|3006|45212|1|MAX PRECURSOR EMISSIONS IMPACT||||41620|
MK|I|49|035|3006|45212|1|1|1|078|228|||
MK|I|49|035|3006|45212|1|2|1|078|228|||.0929
MK|I|49|035|3006|45212|1|3|1|078|228|||.301
MK|I|49|035|3006|45212|1|4|1|078|228|||.0947
MK|I|49|035|3006|45212|1|5|1|078|228|||.1279
MK|I|49|035|3006|45212|1|6|1|078|228|||.064
MK|I|49|035|3006|45212|1|7|1|078|228|||.0521
MK|I|49|035|3006|45212|1|8|1|078|228|||.1157
MK|I|49|035|3006|45212|1|9|1|078|228|||.0434
MK|I|49|035|3006|45212|1|10|1|078|228|||.3663
MK|I|49|035|3006|45212|1|11|1|078|228|||.135
MK|I|49|035|3006|45212|1|12|1|078|228|||.0516
MM|I|49|035|3006|45212|1|228|20200101|
MN|I|49|035|3006|45212|1|PAMS|20200101|
MA|I|49|035|3006|45213|1|||NEIGHBORHOOD||TOP OF BUILDING|4||||Y||||||||||||
MB|I|49|035|3006|45213|1|20200101|
MC|I|49|035|3006|45213|1|SLAMS|20200101|
MD|I|49|035|3006|45213|1|ANALYZING|1113|20200101|
MD|I|49|035|3006|45213|1|AUDIT|1113|20200101|
MD|I|49|035|3006|45213|1|REPORTING|1113|20200101|
MD|I|49|035|3006|45213|1|COLLECTING|1113|20200101|
MD|I|49|035|3006|45213|1|PQAO|1113|20200101|
MD|I|49|035|3006|45213|1|CERTIFYING|1113|20200101|
ME|I|49|035|3006|45213|1|MAX PRECURSOR EMISSIONS IMPACT||||41620|
MK|I|49|035|3006|45213|1|1|1|078|228|||
MK|I|49|035|3006|45213|1|2|1|078|228|||.1262
MK|I|49|035|3006|45213|1|3|1|078|228|||.342
MK|I|49|035|3006|45213|1|4|1|078|228|||.1285
MK|I|49|035|3006|45213|1|5|1|078|228|||.1332
MK|I|49|035|3006|45213|1|6|1|078|228|||.0815
MK|I|49|035|3006|45213|1|7|1|078|228|||.0458
MK|I|49|035|3006|45213|1|8|1|078|228|||.1152
MK|I|49|035|3006|45213|1|9|1|078|228|||.0788
MK|I|49|035|3006|45213|1|10|1|078|228|||.2336
MK|I|49|035|3006|45213|1|11|1|078|228|||.1366
MK|I|49|035|3006|45213|1|12|1|078|228|||.0478
MM|I|49|035|3006|45213|1|228|20200101|
MN|I|49|035|3006|45213|1|PAMS|20200101|
MA|I|49|035|3006|45218|1|||NEIGHBORHOOD||TOP OF BUILDING|4||||Y||||||||||||
MB|I|49|035|3006|45218|1|20200101|
MC|I|49|035|3006|45218|1|SLAMS|20200101|
MD|I|49|035|3006|45218|1|ANALYZING|1113|20200101|
MD|I|49|035|3006|45218|1|AUDIT|1113|20200101|
MD|I|49|035|3006|45218|1|REPORTING|1113|20200101|
MD|I|49|035|3006|45218|1|COLLECTING|1113|20200101|
MD|I|49|035|3006|45218|1|PQAO|1113|20200101|
MD|I|49|035|3006|45218|1|CERTIFYING|1113|20200101|
ME|I|49|035|3006|45218|1|MAX PRECURSOR EMISSIONS IMPACT||||41620|
MK|I|49|035|3006|45218|1|1|1|078|228|||
MK|I|49|035|3006|45218|1|2|1|078|228|||.1253
MK|I|49|035|3006|45218|1|3|1|078|228|||.197
MK|I|49|035|3006|45218|1|4|1|078|228|||.1276
MK|I|49|035|3006|45218|1|5|1|078|228|||.187
MK|I|49|035|3006|45218|1|6|1|078|228|||.1906
MK|I|49|035|3006|45218|1|7|1|078|228|||.0992
MK|I|49|035|3006|45218|1|8|1|078|228|||.0991
MK|I|49|035|3006|45218|1|9|1|078|228|||.165
MK|I|49|035|3006|45218|1|10|1|078|228|||.1034
MK|I|49|035|3006|45218|1|11|1|078|228|||.2255
MK|I|49|035|3006|45218|1|12|1|078|228|||.1182
MK|I|49|035|3006|45218|1|13|1|078|228|||.2008
MM|I|49|035|3006|45218|1|228|20200101|
MN|I|49|035|3006|45218|1|PAMS|20200101|
MA|I|49|035|3006|45219|1|||NEIGHBORHOOD||TOP OF BUILDING|4||||Y||||||||||||
MB|I|49|035|3006|45219|1|20200101|
MC|I|49|035|3006|45219|1|SLAMS|20200101|
MD|I|49|035|3006|45219|1|ANALYZING|1113|20200101|
MD|I|49|035|3006|45219|1|AUDIT|1113|20200101|
MD|I|49|035|3006|45219|1|REPORTING|1113|20200101|
MD|I|49|035|3006|45219|1|COLLECTING|1113|20200101|
MD|I|49|035|3006|45219|1|PQAO|1113|20200101|
MD|I|49|035|3006|45219|1|CERTIFYING|1113|20200101|
ME|I|49|035|3006|45219|1|MAX PRECURSOR EMISSIONS IMPACT||||41620|
MK|I|49|035|3006|45219|1|1|1|078|228|||
MK|I|49|035|3006|45219|1|2|1|078|228|||.1251
MK|I|49|035|3006|45219|1|3|1|078|228|||.166
MK|I|49|035|3006|45219|1|4|1|078|228|||.1274
MK|I|49|035|3006|45219|1|5|1|078|228|||.1474
MK|I|49|035|3006|45219|1|6|1|078|228|||.0798
MK|I|49|035|3006|45219|1|7|1|078|228|||.0988
MK|I|49|035|3006|45219|1|8|1|078|228|||.0987
MK|I|49|035|3006|45219|1|9|1|078|228|||.1815
MK|I|49|035|3006|45219|1|10|1|078|228|||.173
MK|I|49|035|3006|45219|1|11|1|078|228|||.1857
MK|I|49|035|3006|45219|1|12|1|078|228|||.091
MK|I|49|035|3006|45219|1|13|1|078|228|||.0523
MM|I|49|035|3006|45219|1|228|20200101|
MN|I|49|035|3006|45219|1|PAMS|20200101|
MA|I|49|035|3006|45220|1|||NEIGHBORHOOD||TOP OF BUILDING|4||||Y||||||||||||
MB|I|49|035|3006|45220|1|20200101|
MC|I|49|035|3006|45220|1|SLAMS|20200101|
MD|I|49|035|3006|45220|1|ANALYZING|1113|20200101|
MD|I|49|035|3006|45220|1|AUDIT|1113|20200101|
MD|I|49|035|3006|45220|1|REPORTING|1113|20200101|
MD|I|49|035|3006|45220|1|COLLECTING|1113|20200101|
MD|I|49|035|3006|45220|1|PQAO|1113|20200101|
MD|I|49|035|3006|45220|1|CERTIFYING|1113|20200101|
ME|I|49|035|3006|45220|1|MAX PRECURSOR EMISSIONS IMPACT||||41620|
MK|I|49|035|3006|45220|1|1|1|078|228|||
MK|I|49|035|3006|45220|1|2|1|078|228|||.0631
MK|I|49|035|3006|45220|1|3|1|078|228|||.319
MK|I|49|035|3006|45220|1|4|1|078|228|||.0642
MK|I|49|035|3006|45220|1|5|1|078|228|||.1235
MK|I|49|035|3006|45220|1|6|1|078|228|||.2843
MK|I|49|035|3006|45220|1|7|1|078|228|||.0628
MK|I|49|035|3006|45220|1|8|1|078|228|||.0627
MK|I|49|035|3006|45220|1|9|1|078|228|||.1512
MK|I|49|035|3006|45220|1|10|1|078|228|||.0945
MK|I|49|035|3006|45220|1|11|1|078|228|||.1079
MK|I|49|035|3006|45220|1|12|1|078|228|||.1346
MK|I|49|035|3006|45220|1|13|1|078|228|||.1581
MM|I|49|035|3006|45220|1|228|20200101|
MN|I|49|035|3006|45220|1|PAMS|20200101|
MA|I|49|035|3006|45225|1|||NEIGHBORHOOD||TOP OF BUILDING|4||||Y||||||||||||
MB|I|49|035|3006|45225|1|20200101|
MC|I|49|035|3006|45225|1|SLAMS|20200101|
MD|I|49|035|3006|45225|1|ANALYZING|1113|20200101|
MD|I|49|035|3006|45225|1|AUDIT|1113|20200101|
MD|I|49|035|3006|45225|1|REPORTING|1113|20200101|
MD|I|49|035|3006|45225|1|COLLECTING|1113|20200101|
MD|I|49|035|3006|45225|1|PQAO|1113|20200101|
MD|I|49|035|3006|45225|1|CERTIFYING|1113|20200101|
ME|I|49|035|3006|45225|1|MAX PRECURSOR EMISSIONS IMPACT||||41620|
MK|I|49|035|3006|45225|1|1|1|078|228|||
MK|I|49|035|3006|45225|1|2|1|078|228|||.1477
MK|I|49|035|3006|45225|1|3|1|078|228|||.079
MK|I|49|035|3006|45225|1|4|1|078|228|||.1014
MK|I|49|035|3006|45225|1|5|1|078|228|||.0654
MK|I|49|035|3006|45225|1|6|1|078|228|||.119
MK|I|49|035|3006|45225|1|7|1|078|228|||.1189
MK|I|49|035|3006|45225|1|8|1|078|228|||.2505
MK|I|49|035|3006|45225|1|9|1|078|228|||.1844
MK|I|49|035|3006|45225|1|10|1|078|228|||.3401
MK|I|49|035|3006|45225|1|11|1|078|228|||.1113
MK|I|49|035|3006|45225|1|12|1|078|228|||.0817
MM|I|49|035|3006|45225|1|228|20200101|
MN|I|49|035|3006|45225|1|PAMS|20200101|
MA|I|49|035|3006|61101|1||||||||||||||||||||||
MB|I|49|035|3006|61101|1|19970101|
MC|I|49|035|3006|61101|1|OTHER|19970101|
MD|I|49|035|3006|61101|1|PQAO|1113|19970101|20061231
MD|I|49|035|3006|61101|1|CERTIFYING|1113|19970101|
MD|I|49|035|3006|61101|1|ANALYZING|1113|19970101|
MD|I|49|035|3006|61101|1|COLLECTING|1113|19970101|
MD|I|49|035|3006|61101|1|REPORTING|1113|19970101|
MD|I|49|035|3006|61101|1|PQAO|1113|20070101|
ME|I|49|035|3006|61101|1|UNKNOWN|||||
MK|I|49|035|3006|61101|1|1|1|012|050|||
MK|I|49|035|3006|61101|1|2|1|013|050|||
MK|I|49|035|3006|61101|1|3|1|012|068|||
MM|I|49|035|3006|61101|1|050|19970101|20200924
MM|I|49|035|3006|61101|1|068|20200925|
MA|I|49|035|3006|61102|1||||||||||||||||||||||
MB|I|49|035|3006|61102|1|19970101|
MC|I|49|035|3006|61102|1|OTHER|19970101|
MD|I|49|035|3006|61102|1|PQAO|1113|19970101|20061231
MD|I|49|035|3006|61102|1|CERTIFYING|1113|19970101|
MD|I|49|035|3006|61102|1|ANALYZING|1113|19970101|
MD|I|49|035|3006|61102|1|COLLECTING|1113|19970101|
MD|I|49|035|3006|61102|1|REPORTING|1113|19970101|
MD|I|49|035|3006|61102|1|PQAO|1113|20070101|
ME|I|49|035|3006|61102|1|UNKNOWN|||||
MK|I|49|035|3006|61102|1|1|1|014|050|||
MK|I|49|035|3006|61102|1|2|1|014|068|||
MM|I|49|035|3006|61102|1|050|19970101|20200924
MM|I|49|035|3006|61102|1|068|20200925|
MA|I|49|035|3006|61102|2||||||||||||||||||||||
MB|I|49|035|3006|61102|2|19970101|20200901
MC|I|49|035|3006|61102|2|OTHER|19970101|
MD|I|49|035|3006|61102|2|ANALYZING|1113|19970101|
MD|I|49|035|3006|61102|2|COLLECTING|1113|19970101|
MD|I|49|035|3006|61102|2|CERTIFYING|1113|19970101|
MD|I|49|035|3006|61102|2|REPORTING|1113|19970101|
MD|I|49|035|3006|61102|2|PQAO|1113|19970101|20061231
MD|I|49|035|3006|61102|2|PQAO|1113|20070101|
ME|I|49|035|3006|61102|2|GENERAL/BACKGROUND|7159||||
MK|I|49|035|3006|61102|2|2|1|014|050|||
MM|I|49|035|3006|61102|2|050|19970101|
MA|I|49|035|3006|61103|1||||||||||||||||||||||
MB|I|49|035|3006|61103|1|20110223|20131231
MC|I|49|035|3006|61103|1|SLAMS|20110101|20131231
MD|I|49|035|3006|61103|1|COLLECTING|1113|20110101|20131231
MD|I|49|035|3006|61103|1|ANALYZING|1113|20110101|20131231
MD|I|49|035|3006|61103|1|PQAO|1113|20110101|20131231
MD|I|49|035|3006|61103|1|REPORTING|1113|20110101|20131231
MD|I|49|035|3006|61103|1|CERTIFYING|1113|20110223|20131231
ME|I|49|035|3006|61103|1|UPWIND BACKGROUND|7159||||
MK|I|49|035|3006|61103|1|1|1|012|020|||
MM|I|49|035|3006|61103|1|020|20110223|20131231
MN|I|49|035|3006|61103|1|NCORE|20100923|
MA|I|49|035|3006|61104|1||||||||||||||||||||||
MB|I|49|035|3006|61104|1|20110223|20131231
MC|I|49|035|3006|61104|1|SLAMS|20110101|20131231
MD|I|49|035|3006|61104|1|COLLECTING|1113|20110101|20131231
MD|I|49|035|3006|61104|1|ANALYZING|1113|20110101|20131231
MD|I|49|035|3006|61104|1|PQAO|1113|20110101|20131231
MD|I|49|035|3006|61104|1|REPORTING|1113|20110101|20131231
MD|I|49|035|3006|61104|1|CERTIFYING|1113|20110223|20131231
ME|I|49|035|3006|61104|1|UPWIND BACKGROUND|7159||||
MK|I|49|035|3006|61104|1|1|1|014|020|||
MM|I|49|035|3006|61104|1|020|20110223|20131231
MN|I|49|035|3006|61104|1|NCORE|20100923|
MA|I|49|035|3006|61106|2||||||||||||||||||||||19970101
MB|I|49|035|3006|61106|2|19970101|19970101
MC|I|49|035|3006|61106|2|SECURED|19970101|19970101
MD|I|49|035|3006|61106|2|PQAO|1113|19970101|19970101
MD|I|49|035|3006|61106|2|COLLECTING|1113|19970101|19970101
MD|I|49|035|3006|61106|2|REPORTING|1113|19970101|19970101
MD|I|49|035|3006|61106|2|ANALYZING|1113|19970101|19970101
ME|I|49|035|3006|61106|2|UNKNOWN|||||
MA|I|49|035|3006|61301|1||MOBILE|MIDDLE SCALE||TOP OF BUILDING|4||||Y||||||||||||
MB|I|49|035|3006|61301|1|20170101|
MC|I|49|035|3006|61301|1|SLAMS|20170101|
MD|I|49|035|3006|61301|1|ANALYZING|1113|20170101|
MD|I|49|035|3006|61301|1|PQAO|1113|20170101|
MD|I|49|035|3006|61301|1|REPORTING|1113|20170101|
ME|I|49|035|3006|61301|1|OTHER|7159||||
MG|I|49|035|3006|61301|1|1|30
MK|I|49|035|3006|61301|1|1|1|058|128|||
MM|I|49|035|3006|61301|1|128|20170101|
MN|I|49|035|3006|61301|1|PAMS|20170101|
MA|I|49|035|3006|62101|1||||||||||||||||||||||
MB|I|49|035|3006|62101|1|20110101|
MC|I|49|035|3006|62101|1|SLAMS|20110101|
MD|I|49|035|3006|62101|1|CERTIFYING|1113|20110101|
MD|I|49|035|3006|62101|1|ANALYZING|1113|20110101|
MD|I|49|035|3006|62101|1|PQAO|1113|20110101|
MD|I|49|035|3006|62101|1|REPORTING|1113|20110101|
MD|I|49|035|3006|62101|1|COLLECTING|1113|20110101|
ME|I|49|035|3006|62101|1|UPWIND BACKGROUND|7159||||
MK|I|49|035|3006|62101|1|1|1|017|040|||
MM|I|49|035|3006|62101|1|040|20110101|
MN|I|49|035|3006|62101|1|NCORE|20100923|
MA|I|49|035|3006|62201|1||||||||||||||||||||||
MB|I|49|035|3006|62201|1|20110101|
MC|I|49|035|3006|62201|1|SLAMS|20110101|
MD|I|49|035|3006|62201|1|CERTIFYING|1113|20110101|
MD|I|49|035|3006|62201|1|ANALYZING|1113|20110101|
MD|I|49|035|3006|62201|1|PQAO|1113|20110101|
MD|I|49|035|3006|62201|1|REPORTING|1113|20110101|
MD|I|49|035|3006|62201|1|COLLECTING|1113|20110101|
ME|I|49|035|3006|62201|1|UPWIND BACKGROUND|7159||||
MK|I|49|035|3006|62201|1|1|1|019|012|||
MM|I|49|035|3006|62201|1|012|20110101|
MN|I|49|035|3006|62201|1|NCORE|20100923|
MA|I|49|035|3006|63301|1||||||||||||||||||||||
MB|I|49|035|3006|63301|1|20140101|
MC|I|49|035|3006|63301|1|SLAMS|20140101|
MD|I|49|035|3006|63301|1|CERTIFYING|1113|20140101|
MD|I|49|035|3006|63301|1|COLLECTING|1113|20140101|
MD|I|49|035|3006|63301|1|ANALYZING|1113|20140101|
MD|I|49|035|3006|63301|1|PQAO|1113|20140101|
MD|I|49|035|3006|63301|1|REPORTING|1113|20140101|
ME|I|49|035|3006|63301|1|UPWIND BACKGROUND|7159||||
MK|I|49|035|3006|63301|1|1|1|079|011|||
MM|I|49|035|3006|63301|1|011|20140101|
MA|I|49|035|3006|64101|1||||||||||||||||||||||
MB|I|49|035|3006|64101|1|20120101|20200924
MB|I|49|035|3006|64101|1|20210418|
MC|I|49|035|3006|64101|1|SLAMS|20120101|
MD|I|49|035|3006|64101|1|CERTIFYING|1113|20120101|
MD|I|49|035|3006|64101|1|ANALYZING|1113|20120101|
MD|I|49|035|3006|64101|1|PQAO|1113|20120101|
MD|I|49|035|3006|64101|1|REPORTING|1113|20120101|
MD|I|49|035|3006|64101|1|COLLECTING|1113|20120101|
ME|I|49|035|3006|64101|1|UPWIND BACKGROUND|7159||||
MK|I|49|035|3006|64101|1|1|1|059|011|||
MK|I|49|035|3006|64101|1|2|1|022|011|||
MM|I|49|035|3006|64101|1|011|20120101|
MA|I|49|035|3006|68101|1||||||||||||||||||||||
MB|I|49|035|3006|68101|1|20000101|
MC|I|49|035|3006|68101|1|OTHER|20000101|
MD|I|49|035|3006|68101|1|PQAO|1113|20000101|20061231
MD|I|49|035|3006|68101|1|CERTIFYING|1113|20000101|
MD|I|49|035|3006|68101|1|ANALYZING|1113|20000101|
MD|I|49|035|3006|68101|1|COLLECTING|1113|20000101|
MD|I|49|035|3006|68101|1|REPORTING|1113|20000101|
MD|I|49|035|3006|68101|1|PQAO|1113|20070101|
ME|I|49|035|3006|68101|1|UNKNOWN|||||
MK|I|49|035|3006|68101|1|1|7|107|118|1||
MK|I|49|035|3006|68101|1|2|7|107|145|1||
MK|I|49|035|3006|68101|1|3|7|107|118|||
MK|I|49|035|3006|68101|1|4|7|107|145|||
MM|I|49|035|3006|68101|1|118|20000101|20111130
MM|I|49|035|3006|68101|1|145|20111201|20120112
MM|I|49|035|3006|68101|1|118|20120113|20120116
MM|I|49|035|3006|68101|1|145|20120117|20120430
MM|I|49|035|3006|68101|1|118|20120501|
MA|I|49|035|3006|68102|1||||||||||||||||||||||
MB|I|49|035|3006|68102|1|20000101|
MC|I|49|035|3006|68102|1|OTHER|20000101|
MD|I|49|035|3006|68102|1|PQAO|1113|20000101|20061231
MD|I|49|035|3006|68102|1|CERTIFYING|1113|20000101|
MD|I|49|035|3006|68102|1|ANALYZING|1113|20000101|
MD|I|49|035|3006|68102|1|REPORTING|1113|20000101|
MD|I|49|035|3006|68102|1|COLLECTING|1113|20000101|
MD|I|49|035|3006|68102|1|PQAO|1113|20070101|
ME|I|49|035|3006|68102|1|UNKNOWN|||||
MK|I|49|035|3006|68102|1|1|7|065|118|1||
MK|I|49|035|3006|68102|1|2|7|065|145|1||
MK|I|49|035|3006|68102|1|3|7|065|118|||
MK|I|49|035|3006|68102|1|4|7|065|145|||
MM|I|49|035|3006|68102|1|118|20000101|20100330
MM|I|49|035|3006|68102|1|145|20100331|20101114
MM|I|49|035|3006|68102|1|118|20101115|20111130
MM|I|49|035|3006|68102|1|145|20111201|20120112
MM|I|49|035|3006|68102|1|118|20120113|20120116
MM|I|49|035|3006|68102|1|145|20120117|20120430
MM|I|49|035|3006|68102|1|118|20120501|
MA|I|49|035|3006|68103|1||||||||||||||||||||||
MB|I|49|035|3006|68103|1|20000101|
MC|I|49|035|3006|68103|1|OTHER|20000101|
MD|I|49|035|3006|68103|1|PQAO|1113|20000101|20061231
MD|I|49|035|3006|68103|1|CERTIFYING|1113|20000101|
MD|I|49|035|3006|68103|1|ANALYZING|1113|20000101|
MD|I|49|035|3006|68103|1|COLLECTING|1113|20000101|
MD|I|49|035|3006|68103|1|REPORTING|1113|20000101|
MD|I|49|035|3006|68103|1|PQAO|1113|20070101|
ME|I|49|035|3006|68103|1|UNKNOWN|||||
MK|I|49|035|3006|68103|1|1|7|017|118|1||
MK|I|49|035|3006|68103|1|2|7|017|145|1||
MK|I|49|035|3006|68103|1|3|7|017|118|||
MK|I|49|035|3006|68103|1|4|7|017|145|||
MM|I|49|035|3006|68103|1|118|20000101|20111130
MM|I|49|035|3006|68103|1|145|20111201|20120112
MM|I|49|035|3006|68103|1|118|20120113|20120116
MM|I|49|035|3006|68103|1|145|20120117|20120430
MM|I|49|035|3006|68103|1|118|20120501|
MA|I|49|035|3006|68104|1||||||||||||||||||||||
MB|I|49|035|3006|68104|1|20000101|
MC|I|49|035|3006|68104|1|OTHER|20000101|
MD|I|49|035|3006|68104|1|PQAO|1113|20000101|20061231
MD|I|49|035|3006|68104|1|CERTIFYING|1113|20000101|
MD|I|49|035|3006|68104|1|ANALYZING|1113|20000101|
MD|I|49|035|3006|68104|1|COLLECTING|1113|20000101|
MD|I|49|035|3006|68104|1|REPORTING|1113|20000101|
MD|I|49|035|3006|68104|1|PQAO|1113|20070101|
ME|I|49|035|3006|68104|1|UNKNOWN|||||
MK|I|49|035|3006|68104|1|1|7|017|118|1||
MK|I|49|035|3006|68104|1|2|7|017|145|1||
MK|I|49|035|3006|68104|1|3|7|017|118|||
MK|I|49|035|3006|68104|1|4|7|017|145|||
MM|I|49|035|3006|68104|1|118|20000101|20111130
MM|I|49|035|3006|68104|1|145|20111201|20120112
MM|I|49|035|3006|68104|1|118|20120113|20120116
MM|I|49|035|3006|68104|1|145|20120117|20120430
MM|I|49|035|3006|68104|1|118|20120501|
MA|I|49|035|3006|68105|1||||||||||||||||||||||
MB|I|49|035|3006|68105|1|20000101|
MC|I|49|035|3006|68105|1|OTHER|20000101|
MD|I|49|035|3006|68105|1|PQAO|1113|20000101|20061231
MD|I|49|035|3006|68105|1|CERTIFYING|1113|20000101|
MD|I|49|035|3006|68105|1|ANALYZING|1113|20000101|
MD|I|49|035|3006|68105|1|COLLECTING|1113|20000101|
MD|I|49|035|3006|68105|1|REPORTING|1113|20000101|
MD|I|49|035|3006|68105|1|PQAO|1113|20070101|
ME|I|49|035|3006|68105|1|UNKNOWN|||||
MK|I|49|035|3006|68105|1|1|7|017|118|1||
MK|I|49|035|3006|68105|1|2|7|017|145|1||
MK|I|49|035|3006|68105|1|3|7|017|118|||
MK|I|49|035|3006|68105|1|4|7|017|145|||
MM|I|49|035|3006|68105|1|118|20000101|20111130
MM|I|49|035|3006|68105|1|145|20111201|20120112
MM|I|49|035|3006|68105|1|118|20120113|20120116
MM|I|49|035|3006|68105|1|145|20120117|20120430
MM|I|49|035|3006|68105|1|118|20120501|
MA|I|49|035|3006|68106|1||||||||||||||||||||||
MB|I|49|035|3006|68106|1|20000101|
MC|I|49|035|3006|68106|1|OTHER|20000101|
MD|I|49|035|3006|68106|1|PQAO|1113|20000101|20061231
MD|I|49|035|3006|68106|1|CERTIFYING|1113|20000101|
MD|I|49|035|3006|68106|1|ANALYZING|1113|20000101|
MD|I|49|035|3006|68106|1|COLLECTING|1113|20000101|
MD|I|49|035|3006|68106|1|REPORTING|1113|20000101|
MD|I|49|035|3006|68106|1|PQAO|1113|20070101|
ME|I|49|035|3006|68106|1|UNKNOWN|||||
MK|I|49|035|3006|68106|1|1|7|059|118|1||
MK|I|49|035|3006|68106|1|2|7|059|145|1||
MK|I|49|035|3006|68106|1|3|7|059|118|||
MK|I|49|035|3006|68106|1|4|7|059|145|||
MM|I|49|035|3006|68106|1|118|20000101|20111130
MM|I|49|035|3006|68106|1|145|20111201|20120112
MM|I|49|035|3006|68106|1|118|20120113|20120116
MM|I|49|035|3006|68106|1|145|20120117|20120430
MM|I|49|035|3006|68106|1|118|20120501|
MA|I|49|035|3006|68107|1||||||||||||||||||||||
MB|I|49|035|3006|68107|1|20000101|
MC|I|49|035|3006|68107|1|OTHER|20000101|
MD|I|49|035|3006|68107|1|PQAO|1113|20000101|20061231
MD|I|49|035|3006|68107|1|CERTIFYING|1113|20000101|
MD|I|49|035|3006|68107|1|ANALYZING|1113|20000101|
MD|I|49|035|3006|68107|1|COLLECTING|1113|20000101|
MD|I|49|035|3006|68107|1|REPORTING|1113|20000101|
MD|I|49|035|3006|68107|1|PQAO|1113|20070101|
ME|I|49|035|3006|68107|1|UNKNOWN|||||
MK|I|49|035|3006|68107|1|1|7|059|118|1||
MK|I|49|035|3006|68107|1|2|7|059|145|1||
MK|I|49|035|3006|68107|1|3|7|059|118|||
MK|I|49|035|3006|68107|1|4|7|059|145|||
MM|I|49|035|3006|68107|1|118|20000101|20111130
MM|I|49|035|3006|68107|1|145|20111201|20120112
MM|I|49|035|3006|68107|1|118|20120113|20120116
MM|I|49|035|3006|68107|1|145|20120117|20120430
MM|I|49|035|3006|68107|1|118|20120501|
MA|I|49|035|3006|68108|1||||||||||||||||||||||
MB|I|49|035|3006|68108|1|20000101|
MC|I|49|035|3006|68108|1|OTHER|20000101|
MD|I|49|035|3006|68108|1|PQAO|1113|20000101|20061231
MD|I|49|035|3006|68108|1|CERTIFYING|1113|20000101|
MD|I|49|035|3006|68108|1|ANALYZING|1113|20000101|
MD|I|49|035|3006|68108|1|REPORTING|1113|20000101|
MD|I|49|035|3006|68108|1|COLLECTING|1113|20000101|
MD|I|49|035|3006|68108|1|PQAO|1113|20070101|
ME|I|49|035|3006|68108|1|UNKNOWN|||||
MK|I|49|035|3006|68108|1|1|7|059|118|1||
MK|I|49|035|3006|68108|1|2|7|059|145|1||
MK|I|49|035|3006|68108|1|3|7|059|118|||
MK|I|49|035|3006|68108|1|4|7|059|145|||
MM|I|49|035|3006|68108|1|118|20000101|20111130
MM|I|49|035|3006|68108|1|145|20111201|20120112
MM|I|49|035|3006|68108|1|118|20120113|20120116
MM|I|49|035|3006|68108|1|145|20120117|20120430
MM|I|49|035|3006|68108|1|118|20120501|
MA|I|49|035|3006|68109|1||||||||||||||||||||||
MB|I|49|035|3006|68109|1|20000101|
MC|I|49|035|3006|68109|1|OTHER|20000101|
MD|I|49|035|3006|68109|1|PQAO|1113|20000101|20061231
MD|I|49|035|3006|68109|1|CERTIFYING|1113|20000101|
MD|I|49|035|3006|68109|1|COLLECTING|1113|20000101|
MD|I|49|035|3006|68109|1|REPORTING|1113|20000101|
MD|I|49|035|3006|68109|1|ANALYZING|1113|20000101|
MD|I|49|035|3006|68109|1|PQAO|1113|20070101|
ME|I|49|035|3006|68109|1|UNKNOWN|||||
MK|I|49|035|3006|68109|1|1|7|106|118|1||
MK|I|49|035|3006|68109|1|2|7|106|145|1||
MK|I|49|035|3006|68109|1|3|7|106|118|||
MK|I|49|035|3006|68109|1|4|7|106|145|||
MM|I|49|035|3006|68109|1|118|20000101|20111130
MM|I|49|035|3006|68109|1|145|20111201|20120112
MM|I|49|035|3006|68109|1|118|20120113|20120116
MM|I|49|035|3006|68109|1|145|20120117|20120430
MM|I|49|035|3006|68109|1|118|20120501|
MA|I|49|035|3006|81102|1|||MIDDLE SCALE||TOP OF BUILDING|4||1||Y||2|||||4902|||||
MB|I|49|035|3006|81102|1|19970301|
MC|I|49|035|3006|81102|1|SLAMS|19970301|
MD|I|49|035|3006|81102|1|PQAO|1113|19970301|20061231
MD|I|49|035|3006|81102|1|CERTIFYING|1113|19970301|
MD|I|49|035|3006|81102|1|ANALYZING|1113|19970301|
MD|I|49|035|3006|81102|1|COLLECTING|1113|19970301|
MD|I|49|035|3006|81102|1|REPORTING|1113|19970301|
MD|I|49|035|3006|81102|1|PQAO|1113|20070101|
ME|I|49|035|3006|81102|1|POPULATION EXPOSURE|7159||||
MF|I|49|035|3006|81102|1|1|19970101||||||||||||||0
MG|I|49|035|3006|81102|1|1|30
MI|I|49|035|3006|81102|1|QC|Y|19970101
MI|I|49|035|3006|81102|1|SC|Y|19970101
MI|I|49|035|3006|81102|1|FC|N|20030201
MI|I|49|035|3006|81102|1|ST|N|
MK|I|49|035|3006|81102|1|1|7|001|098|1||
MK|I|49|035|3006|81102|1|2|7|073|098|||
MK|I|49|035|3006|81102|1|3|7|001|127|1||
MK|I|49|035|3006|81102|1|4|7|073|127|||
MK|I|49|035|3006|81102|1|5|7|001|127|||
MK|I|49|035|3006|81102|1|6|7|118|127|||
MK|I|49|035|3006|81102|1|7|7|001|216|||
MK|I|49|035|3006|81102|1|8|7|001|126|||
MM|I|49|035|3006|81102|1|098|19970301|20040325
MM|I|49|035|3006|81102|1|127|20040326|20040930
MM|I|49|035|3006|81102|1|098|20041001|20041231
MM|I|49|035|3006|81102|1|127|20050101|
MO|I|49|035|3006|81102|1|19970301||
MA|I|49|035|3006|81102|4|||MIDDLE SCALE||TOP OF BUILDING|4||||Y||2|||||4902|||||
MB|I|49|035|3006|81102|4|20220101|
MC|I|49|035|3006|81102|4|SLAMS|20220101|
MD|I|49|035|3006|81102|4|ANALYZING|1113|20220101|
MD|I|49|035|3006|81102|4|COLLECTING|1113|20220101|
MD|I|49|035|3006|81102|4|CERTIFYING|1113|20220101|
MD|I|49|035|3006|81102|4|PQAO|1113|20220101|
MD|I|49|035|3006|81102|4|AUDIT|1113|20220101|
MD|I|49|035|3006|81102|4|REPORTING|1113|20220101|
ME|I|49|035|3006|81102|4|POPULATION EXPOSURE|7159||||
MF|I|49|035|3006|81102|4|1|20220101||||||||||||||0
MI|I|49|035|3006|81102|4|FC|N|20240302
MK|I|49|035|3006|81102|4|1|1|001|226|||
MM|I|49|035|3006|81102|4|226|20220101|
MN|I|49|035|3006|81102|4|UNOFFICIAL PAMS|20220101|
MA|I|49|035|3006|85101|1|||MIDDLE SCALE|||||||||||||||||||
MB|I|49|035|3006|85101|1|19980101|
MC|I|49|035|3006|85101|1|SLAMS|19980101|
MD|I|49|035|3006|85101|1|PQAO|1113|19980101|20061231
MD|I|49|035|3006|85101|1|CERTIFYING|1113|19980101|
MD|I|49|035|3006|85101|1|ANALYZING|1113|19980101|
MD|I|49|035|3006|85101|1|COLLECTING|1113|19980101|
MD|I|49|035|3006|85101|1|REPORTING|1113|19980101|
MD|I|49|035|3006|85101|1|PQAO|1113|20070101|
ME|I|49|035|3006|85101|1|POPULATION EXPOSURE|7159||||
MF|I|49|035|3006|85101|1|1|19980101||||||||||||||0
MK|I|49|035|3006|85101|1|1|7|105|098|1||
MK|I|49|035|3006|85101|1|2|7|073|098|||
MK|I|49|035|3006|85101|1|3|7|105|127|1||
MK|I|49|035|3006|85101|1|4|7|073|127|||
MK|I|49|035|3006|85101|1|5|1|105|079|||
MK|I|49|035|3006|85101|1|6|7|105|127|||
MK|I|49|035|3006|85101|1|7|1|105|790|||
MM|I|49|035|3006|85101|1|098|19980101|20040325
MM|I|49|035|3006|85101|1|127|20040326|20040930
MM|I|49|035|3006|85101|1|098|20041001|20041231
MM|I|49|035|3006|85101|1|127|20050101|20060930
MM|I|49|035|3006|85101|1|098|20061001|20061128
MM|I|49|035|3006|85101|1|127|20061129|20061129
MM|I|49|035|3006|85101|1|098|20061130|20061231
MM|I|49|035|3006|85101|1|127|20070101|
MA|I|49|035|3006|85101|3||||||||||||||||||||||
MB|I|49|035|3006|85101|3|20160401|20171231
MC|I|49|035|3006|85101|3|SLAMS|20160401|20171231
MD|I|49|035|3006|85101|3|COLLECTING|1113|20160401|20171231
MD|I|49|035|3006|85101|3|REPORTING|1113|20160401|20171231
MD|I|49|035|3006|85101|3|CERTIFYING|1113|20160401|20171231
MD|I|49|035|3006|85101|3|ANALYZING|1113|20160401|20171231
MD|I|49|035|3006|85101|3|PQAO|1113|20160401|20171231
ME|I|49|035|3006|85101|3|UPWIND BACKGROUND|7159||||
MK|I|49|035|3006|85101|3|1|1|105|790|||
MM|I|49|035|3006|85101|3|790|20160401|20171231
MA|I|49|035|3006|85101|4||||||||||||||||||||||
MB|I|49|035|3006|85101|4|20160401|20171231
MB|I|49|035|3006|85101|4|20180119|20180131
MC|I|49|035|3006|85101|4|SLAMS|20160401|20171231
MC|I|49|035|3006|85101|4|SLAMS|20180119|20180131
MD|I|49|035|3006|85101|4|COLLECTING|1113|20160401|20171231
MD|I|49|035|3006|85101|4|REPORTING|1113|20160401|20171231
MD|I|49|035|3006|85101|4|PQAO|1113|20160401|20171231
MD|I|49|035|3006|85101|4|ANALYZING|1113|20160401|20171231
MD|I|49|035|3006|85101|4|CERTIFYING|1113|20160401|20171231
MD|I|49|035|3006|85101|4|ANALYZING|1113|20180119|20180131
MD|I|49|035|3006|85101|4|CERTIFYING|1113|20180119|20180131
MD|I|49|035|3006|85101|4|COLLECTING|1113|20180119|20180131
MD|I|49|035|3006|85101|4|PQAO|1113|20180119|20180131
MD|I|49|035|3006|85101|4|REPORTING|1113|20180119|20180131
ME|I|49|035|3006|85101|4|UPWIND BACKGROUND|7159||||
MF|I|49|035|3006|85101|4|1|20180119|20180131|||||||||||||0
MK|I|49|035|3006|85101|4|1|1|105|150|||
MM|I|49|035|3006|85101|4|790|20160401|20171231
MM|I|49|035|3006|85101|4|150|20180119|20180131
MA|I|49|035|3006|85129|1|||NEIGHBORHOOD||TOP OF BUILDING|4|0|1||Y||||||||||||
MB|I|49|035|3006|85129|1|20120101|20161231
MC|I|49|035|3006|85129|1|SLAMS|20120101|
MD|I|49|035|3006|85129|1|ANALYZING|1113|20120101|
MD|I|49|035|3006|85129|1|PQAO|1113|20120101|
MD|I|49|035|3006|85129|1|REPORTING|1113|20120101|
MD|I|49|035|3006|85129|1|COLLECTING|1113|20120101|
ME|I|49|035|3006|85129|1|POPULATION EXPOSURE|7159||||
MF|I|49|035|3006|85129|1|6|20120101||||||||||||||0
MK|I|49|035|3006|85129|1|1|7|105|811|||
MK|I|49|035|3006|85129|1|2|7|105|811|||.0018
MM|I|49|035|3006|85129|1|811|20120101|20161231
MO|I|49|035|3006|85129|1|20120101||
MA|I|49|035|3006|86101|1||||||||||||||||||||||
MB|I|49|035|3006|86101|1|20110101|
MC|I|49|035|3006|86101|1|SLAMS|20110101|
MD|I|49|035|3006|86101|1|CERTIFYING|1113|20110101|
MD|I|49|035|3006|86101|1|ANALYZING|1113|20110101|
MD|I|49|035|3006|86101|1|PQAO|1113|20110101|
MD|I|49|035|3006|86101|1|REPORTING|1113|20110101|
MD|I|49|035|3006|86101|1|COLLECTING|1113|20110101|
ME|I|49|035|3006|86101|1|UPWIND BACKGROUND|7159||||
MK|I|49|035|3006|86101|1|1|7|105|176|1||
MK|I|49|035|3006|86101|1|2|1|105|208|||
MK|I|49|035|3006|86101|1|3|7|105|176|||
MM|I|49|035|3006|86101|1|176|20110101|
MN|I|49|035|3006|86101|1|NCORE|20110101|
MA|I|49|035|3006|86101|3||||||||||||||||||||||
MB|I|49|035|3006|86101|3|20160401|20171231
MC|I|49|035|3006|86101|3|SLAMS|20160401|20171231
MD|I|49|035|3006|86101|3|COLLECTING|1113|20160401|20171231
MD|I|49|035|3006|86101|3|REPORTING|1113|20160401|20171231
MD|I|49|035|3006|86101|3|CERTIFYING|1113|20160401|20171231
MD|I|49|035|3006|86101|3|ANALYZING|1113|20160401|20171231
MD|I|49|035|3006|86101|3|PQAO|1113|20160401|20171231
ME|I|49|035|3006|86101|3|UPWIND BACKGROUND|7159||||
MK|I|49|035|3006|86101|3|1|1|105|208|||
MM|I|49|035|3006|86101|3|208|20160401|20171231
MN|I|49|035|3006|86101|3|NCORE|20100923|20171231
MA|I|49|035|3006|88101|1|||NEIGHBORHOOD||TOP OF BUILDING|4|0|1||Y||||||||||||
MB|I|49|035|3006|88101|1|19980101|
MC|I|49|035|3006|88101|1|SLAMS|19980101|
MD|I|49|035|3006|88101|1|PQAO|1113|19980101|20061231
MD|I|49|035|3006|88101|1|CERTIFYING|1113|19980101|
MD|I|49|035|3006|88101|1|AUDIT|1099|19980101|19990419
MD|I|49|035|3006|88101|1|REPORTING|1113|19980101|
MD|I|49|035|3006|88101|1|ANALYZING|1113|19980101|
MD|I|49|035|3006|88101|1|COLLECTING|1113|19980101|
MD|I|49|035|3006|88101|1|AUDIT|1105|19990420|20060510
MD|I|49|035|3006|88101|1|AUDIT|0082|20060511|
MD|I|49|035|3006|88101|1|PQAO|1113|20070101|
ME|I|49|035|3006|88101|1|POPULATION EXPOSURE|7159||||
MF|I|49|035|3006|88101|1|1|19980101|19981231|||||||||||||0
MF|I|49|035|3006|88101|1|1|19990101||||||||||||||0
MJ|I|49|035|3006|88101|1|20120101|20141231||Y
MJ|I|49|035|3006|88101|1|20150101|20151231|2|N
MJ|I|49|035|3006|88101|1|20160101|20161231|2|N
MJ|I|49|035|3006|88101|1|20170101|20171231|2|N
MK|I|49|035|3006|88101|1|1|7|105|118|1||
MK|I|49|035|3006|88101|1|2|7|105|781|1||
MK|I|49|035|3006|88101|1|3|7|073|118|||
MK|I|49|035|3006|88101|1|4|7|105|145|1||
MK|I|49|035|3006|88101|1|5|7|073|145|||
MK|I|49|035|3006|88101|1|6|7|105|116|||
MK|I|49|035|3006|88101|1|7|7|105|142|||
MK|I|49|035|3006|88101|1|8|7|105|145|||
MK|I|49|035|3006|88101|1|9|7|118|145|||
MM|I|49|035|3006|88101|1|118|19980101|20030930
MM|I|49|035|3006|88101|1|145|20031001|20061010
MM|I|49|035|3006|88101|1|118|20061011|20061012
MM|I|49|035|3006|88101|1|145|20061013|20061113
MM|I|49|035|3006|88101|1|118|20061114|20061114
MM|I|49|035|3006|88101|1|145|20061115|20061228
MM|I|49|035|3006|88101|1|118|20061229|20061229
MM|I|49|035|3006|88101|1|145|20061230|
MN|I|49|035|3006|88101|1|NCORE|20100923|
MO|I|49|035|3006|88101|1|19980101|20141231|
MO|I|49|035|3006|88101|1|20220101||
MA|I|49|035|3006|88101|2|||NEIGHBORHOOD||TOP OF BUILDING|4|0|1||Y||||||||||||
MB|I|49|035|3006|88101|2|20180129|
MC|I|49|035|3006|88101|2|SLAMS|20180129|
MD|I|49|035|3006|88101|2|ANALYZING|1113|20180129|
MD|I|49|035|3006|88101|2|COLLECTING|1113|20180129|
MD|I|49|035|3006|88101|2|CERTIFYING|1113|20180129|
MD|I|49|035|3006|88101|2|PQAO|1113|20180129|
MD|I|49|035|3006|88101|2|REPORTING|1113|20180129|
ME|I|49|035|3006|88101|2|POPULATION EXPOSURE|7159||||
MF|I|49|035|3006|88101|2|1|20180129||||||||||||||0
MJ|I|49|035|3006|88101|2|20120101|20141231|2|N
MJ|I|49|035|3006|88101|2|20150101|20151231|2|N
MJ|I|49|035|3006|88101|2|20160101|20161231|2|N
MJ|I|49|035|3006|88101|2|20170101|20171231|2|N
MK|I|49|035|3006|88101|2|1|1|105|184|||
MK|I|49|035|3006|88101|2|2|1|105|182|||
MM|I|49|035|3006|88101|2|184|20180129|
MA|I|49|035|3006|88101|3|||NEIGHBORHOOD||TOP OF BUILDING|4|0|1||Y||||||||||||20050101
MB|I|49|035|3006|88101|3|20050101|20050101
MC|I|49|035|3006|88101|3|SLAMS|20050101|20050101
MD|I|49|035|3006|88101|3|PQAO|1113|20050101|20050101
MD|I|49|035|3006|88101|3|REPORTING|1113|20050101|20050101
MD|I|49|035|3006|88101|3|COLLECTING|1113|20050101|20050101
MD|I|49|035|3006|88101|3|ANALYZING|1113|20050101|20050101
ME|I|49|035|3006|88101|3|POPULATION EXPOSURE|7159||||
MF|I|49|035|3006|88101|3|1|20050101|20050101|||||||||||||0
MK|I|49|035|3006|88101|3|1|1|105|760|||
MK|I|49|035|3006|88101|3|2|1|118|184|||
MN|I|49|035|3006|88101|3|NCORE|20100923|
MA|I|49|035|3006|88101|4|||NEIGHBORHOOD||TOP OF BUILDING|4|0|1||Y||||||||||||
MB|I|49|035|3006|88101|4|20150101|
MC|I|49|035|3006|88101|4|SLAMS|20150101|
MD|I|49|035|3006|88101|4|ANALYZING|1113|20150101|
MD|I|49|035|3006|88101|4|COLLECTING|1113|20150101|
MD|I|49|035|3006|88101|4|CERTIFYING|1113|20150101|
MD|I|49|035|3006|88101|4|PQAO|1113|20150101|
MD|I|49|035|3006|88101|4|REPORTING|1113|20150101|
ME|I|49|035|3006|88101|4|POPULATION EXPOSURE|7159||||
MF|I|49|035|3006|88101|4|1|20150101||||||||||||||0
MJ|I|49|035|3006|88101|4|20150101|20151231||Y
MJ|I|49|035|3006|88101|4|20160101|20161231|2|N
MJ|I|49|035|3006|88101|4|20170101|20171231||Y
MK|I|49|035|3006|88101|4|1|1|105|184|||
MM|I|49|035|3006|88101|4|184|20150101|
MN|I|49|035|3006|88101|4|NCORE|20100923|
MO|I|49|035|3006|88101|4|20150101|20151231|
MO|I|49|035|3006|88101|4|20170101|20211231|
MA|I|49|035|3006|88101|5|||NEIGHBORHOOD||TOP OF BUILDING|4|0|1||Y||||||||||||
MB|I|49|035|3006|88101|5|20160101|20171231
MC|I|49|035|3006|88101|5|SLAMS|20160101|20171231
MD|I|49|035|3006|88101|5|ANALYZING|1113|20160101|20171231
MD|I|49|035|3006|88101|5|COLLECTING|1113|20160101|20171231
MD|I|49|035|3006|88101|5|CERTIFYING|1113|20160101|20171231
MD|I|49|035|3006|88101|5|PQAO|1113|20160101|20171231
MD|I|49|035|3006|88101|5|REPORTING|1113|20160101|20171231
ME|I|49|035|3006|88101|5|POPULATION EXPOSURE|7159||||
MF|I|49|035|3006|88101|5|1|20160101||||||||||||||0
MJ|I|49|035|3006|88101|5|20160101|20161231||Y
MK|I|49|035|3006|88101|5|1|1|105|182|||
MM|I|49|035|3006|88101|5|182|20160101|20171231
MN|I|49|035|3006|88101|5|NCORE|20100923|
MO|I|49|035|3006|88101|5|20160101|20161231|
MA|I|49|035|3006|88101|6|||NEIGHBORHOOD||TOP OF BUILDING|4|0|1||Y||||||||||||
MB|I|49|035|3006|88101|6|20130101|20141231
MC|I|49|035|3006|88101|6|SLAMS|20130101|20141231
MD|I|49|035|3006|88101|6|ANALYZING|1113|20130101|20141231
MD|I|49|035|3006|88101|6|PQAO|1113|20130101|20141231
MD|I|49|035|3006|88101|6|REPORTING|1113|20130101|20141231
MD|I|49|035|3006|88101|6|COLLECTING|1113|20130101|20141231
ME|I|49|035|3006|88101|6|POPULATION EXPOSURE|7159||||
MF|I|49|035|3006|88101|6|1|20130101|20141231|||||||||||||0
MJ|I|49|035|3006|88101|6|20130101|20141231|2|N
MK|I|49|035|3006|88101|6|1|1|105|181|||
MM|I|49|035|3006|88101|6|181|20130101|20141231
MN|I|49|035|3006|88101|6|NCORE|20100923|
MA|I|49|035|3006|88501|3|||NEIGHBORHOOD||TOP OF BUILDING|4|0|1||Y||||||||||||
MB|I|49|035|3006|88501|3|20010101|20070101
MC|I|49|035|3006|88501|3|SLAMS|20010101|
MD|I|49|035|3006|88501|3|PQAO|1113|20010101|20061231
MD|I|49|035|3006|88501|3|REPORTING|1113|20010101|20070101
MD|I|49|035|3006|88501|3|ANALYZING|1113|20010101|20070101
MD|I|49|035|3006|88501|3|COLLECTING|1113|20010101|20070101
MD|I|49|035|3006|88501|3|PQAO|1113|20070101|20070101
ME|I|49|035|3006|88501|3|POPULATION EXPOSURE|7159||||
MF|I|49|035|3006|88501|3|1|20010101||||||||||||||0
MK|I|49|035|3006|88501|3|1|1|105|721|||
MK|I|49|035|3006|88501|3|2|1|105|723|||
MK|I|49|035|3006|88501|3|3|1|105|760|||
MM|I|49|035|3006|88501|3|723|20010101|20040430
MM|I|49|035|3006|88501|3|721|20040501|20041031
MM|I|49|035|3006|88501|3|723|20041101|20041231
MM|I|49|035|3006|88501|3|760|20050101|
MA|I|49|035|3006|88502|1|||NEIGHBORHOOD||TOP OF BUILDING|4|0|1||Y||||||||||||
MB|I|49|035|3006|88502|1|19980101|20081101
MB|I|49|035|3006|88502|1|20100701|20141231
MC|I|49|035|3006|88502|1|SLAMS|19980101|20081101
MC|I|49|035|3006|88502|1|SLAMS|20100701|20141231
MD|I|49|035|3006|88502|1|REPORTING|1113|19980101|20081101
MD|I|49|035|3006|88502|1|COLLECTING|1113|19980101|20081101
MD|I|49|035|3006|88502|1|ANALYZING|1113|19980101|20081101
MD|I|49|035|3006|88502|1|CERTIFYING|1113|19980101|20141231
MD|I|49|035|3006|88502|1|PQAO|1113|19980101|20061231
MD|I|49|035|3006|88502|1|PQAO|1113|20070101|20081101
MD|I|49|035|3006|88502|1|REPORTING|1113|20100701|20141231
MD|I|49|035|3006|88502|1|COLLECTING|1113|20100701|20141231
MD|I|49|035|3006|88502|1|ANALYZING|1113|20100701|20141231
MD|I|49|035|3006|88502|1|PQAO|1113|20100701|20141231
ME|I|49|035|3006|88502|1|POPULATION EXPOSURE|7159||||
MF|I|49|035|3006|88502|1|1|19980101|19981231|||||||||||||0
MF|I|49|035|3006|88502|1|1|19990101||||||||||||||0
MK|I|49|035|3006|88502|1|1|7|105|781|1||
MK|I|49|035|3006|88502|1|2|1|105|760|||
MM|I|49|035|3006|88502|1|781|19980101|20100630
MM|I|49|035|3006|88502|1|760|20100701|20141231
MA|I|49|035|3006|88502|3|||NEIGHBORHOOD||TOP OF BUILDING|4|0|1||Y||||||||||||
MB|I|49|035|3006|88502|3|20050101|20141231
MC|I|49|035|3006|88502|3|SLAMS|20050101|20141231
MD|I|49|035|3006|88502|3|PQAO|1113|20050101|20061231
MD|I|49|035|3006|88502|3|CERTIFYING|1113|20050101|20141231
MD|I|49|035|3006|88502|3|REPORTING|1113|20050101|20141231
MD|I|49|035|3006|88502|3|ANALYZING|1113|20050101|20141231
MD|I|49|035|3006|88502|3|COLLECTING|1113|20050101|20141231
MD|I|49|035|3006|88502|3|PQAO|1113|20070101|20141231
ME|I|49|035|3006|88502|3|POPULATION EXPOSURE|7159||||
MK|I|49|035|3006|88502|3|1|1|105|760|||
MK|I|49|035|3006|88502|3|2|1|118|760|||
MM|I|49|035|3006|88502|3|760|20050101|20141231