Time [sec]	Time (UTC)	P [mB]	T [°F]	Hu [%]	Ws [mi/h]	Wd [°]	Ws U [mi/h]	Ws V [mi/h]	Geopot [m]	Dew [°F]
0         	17:01:30  	877.0 	22.2  	35    	13.9     	120   	-12.0      	7.0        	1288      	6.1
2         	17:01:32  	872.2 	18.9  	32    	1.8      	016   	-0.5       	-1.7       	1336      	1.7
4         	17:01:34  	867.4 	19.0  	30    	1.8      	016   	-0.5       	-1.7       	1384      	1.1
6         	17:01:36  	862.5 	19.3  	30    	1.8      	016   	-0.5       	-1.7       	1432      	1.3
8         	17:01:38  	857.8 	19.4  	30    	1.8      	016   	-0.5       	-1.7       	1480      	1.3
10        	17:01:40  	853.0 	19.3  	29    	1.8      	016   	-0.5       	-1.7       	1528      	1.1
12        	17:01:42  	848.2 	19.3  	29    	1.3      	032   	-0.7       	-1.1       	1576      	1.0
14        	17:01:44  	843.5 	19.2  	29    	0.9      	077   	-0.9       	-0.2       	1624      	1.0
16        	17:01:46  	838.8 	19.1  	29    	3.0      	147   	-1.6       	2.5        	1672      	0.8
18        	17:01:48  	834.1 	19.0  	29    	3.0      	147   	-1.6       	2.5        	1720      	0.7
20        	17:01:50  	831.5 	18.9  	29    	3.0      	147   	-1.6       	2.5        	1768      	0.5
22        	17:01:52  	828.8 	18.8  	29    	3.0      	147   	-1.6       	2.5        	1788      	0.4
24        	17:01:54  	826.2 	18.6  	29    	3.2      	150   	-1.6       	2.8        	1801      	0.2
26        	17:01:56  	825.2 	18.6  	29    	3.4      	152   	-1.6       	3.0        	1812      	0.0
28        	17:01:58  	824.1 	18.5  	29    	3.5      	153   	-1.6       	3.1        	1823      	-0.0
30        	17:02:00  	823.0 	18.5  	29    	4.1      	157   	-1.6       	3.8        	1834      	-0.0
32        	17:02:02  	822.0 	18.5  	29    	4.1      	157   	-1.6       	3.8        	1845      	-0.1
34        	17:02:04  	821.0 	18.4  	29    	4.1      	157   	-1.6       	3.8        	1856      	-0.2
36        	17:02:06  	819.9 	18.2  	29    	4.6      	161   	-1.5       	4.3        	1866      	-0.3
38        	17:02:08  	819.0 	18.1  	29    	5.0      	165   	-1.3       	4.8        	1876      	-0.3
40        	17:02:10  	818.1 	18.0  	29    	5.2      	167   	-1.2       	5.1        	1886      	-0.4
42        	17:02:12  	817.1 	17.9  	29    	5.4      	168   	-1.1       	5.3        	1896      	-0.4
44        	17:02:14  	816.3 	17.8  	29    	5.6      	170   	-1.0       	5.5        	1904      	-0.5
46        	17:02:16  	815.5 	17.8  	29    	5.6      	169   	-1.1       	5.5        	1913      	-0.6
48        	17:02:18  	814.7 	17.8  	29    	6.0      	171   	-0.9       	5.9        	1921      	-0.6
50        	17:02:20  	813.6 	17.9  	28    	6.4      	175   	-0.6       	6.4        	1933      	-0.6
52        	17:02:22  	812.5 	17.8  	28    	7.0      	177   	-0.4       	7.0        	1944      	-0.9
54        	17:02:24  	811.4 	17.7  	28    	7.5      	179   	-0.1       	7.5        	1956      	-1.1
56        	17:02:26  	810.3 	17.7  	28    	7.9      	181   	0.1        	7.9        	1967      	-1.1
58        	17:02:28  	809.2 	17.8  	28    	8.1      	182   	0.3        	8.1        	1979      	-1.1
60        	17:02:30  	808.1 	17.8  	28    	8.4      	183   	0.4        	8.4        	1991      	-1.1
62        	17:02:32  	807.1 	17.7  	27    	8.9      	184   	0.6        	8.9        	2001      	-1.2
64        	17:02:34  	806.2 	17.7  	27    	9.5      	185   	0.9        	9.5        	2011      	-1.3
66        	17:02:36  	805.2 	17.6  	28    	10.2     	186   	1.1        	10.1       	2021      	-1.3
68        	17:02:38  	804.2 	17.6  	28    	10.7     	187   	1.3        	10.6       	2032      	-1.3
70        	17:02:40  	803.3 	17.6  	28    	11.1     	187   	1.4        	11.0       	2042      	-1.3
72        	17:02:42  	802.3 	17.5  	28    	11.5     	187   	1.5        	11.4       	2052      	-1.3
74        	17:02:44  	801.5 	17.5  	28    	11.9     	187   	1.5        	11.8       	2061      	-1.4
76        	17:02:46  	800.6 	17.4  	27    	12.3     	187   	1.6        	12.2       	2070      	-1.5
78        	17:02:48  	799.8 	17.3  	27    	12.6     	188   	1.7        	12.5       	2079      	-1.6
80        	17:02:50  	798.9 	17.2  	27    	13.0     	188   	1.8        	12.9       	2088      	-1.8
82        	17:02:52  	798.1 	17.2  	27    	13.1     	188   	1.8        	13.0       	2097      	-1.9
84        	17:02:54  	797.3 	17.1  	27    	13.1     	188   	1.9        	13.0       	2106      	-2.0
86        	17:02:56  	796.4 	17.1  	27    	13.1     	188   	1.9        	13.0       	2114      	-2.2
88        	17:02:58  	795.6 	17.1  	26    	13.1     	188   	1.8        	13.0       	2123      	-2.3
90        	17:03:00  	794.7 	17.0  	26    	13.0     	188   	1.8        	12.9       	2133      	-2.5
92        	17:03:02  	793.8 	16.9  	26    	12.9     	188   	1.8        	12.8       	2143      	-2.7
94        	17:03:04  	792.9 	16.9  	26    	12.9     	188   	1.7        	12.8       	2152      	-2.8
96        	17:03:06  	792.0 	16.8  	26    	12.8     	188   	1.7        	12.7       	2162      	-3.0
98        	17:03:08  	791.1 	16.7  	25    	12.7     	187   	1.6        	12.6       	2172      	-3.1
100       	17:03:10  	790.3 	16.7  	25    	12.5     	188   	1.7        	12.4       	2181      	-3.3
102       	17:03:12  	789.4 	16.6  	25    	12.3     	188   	1.7        	12.2       	2190      	-3.5
104       	17:03:14  	788.5 	16.6  	25    	12.1     	189   	1.8        	12.0       	2199      	-3.6
106       	17:03:16  	787.5 	16.5  	25    	11.9     	189   	1.9        	11.7       	2209      	-3.8
108       	17:03:18  	786.6 	16.4  	24    	11.7     	190   	2.0        	11.5       	2220      	-4.0
110       	17:03:20  	785.6 	16.3  	24    	11.6     	191   	2.2        	11.4       	2231      	-4.2
112       	17:03:22  	784.6 	16.2  	24    	11.4     	192   	2.3        	11.2       	2242      	-4.4
114       	17:03:24  	783.6 	16.1  	24    	11.1     	193   	2.4        	10.8       	2252      	-4.5
116       	17:03:26  	782.7 	16.1  	24    	10.8     	193   	2.4        	10.5       	2263      	-4.6
118       	17:03:28  	781.8 	16.0  	24    	10.4     	194   	2.5        	10.1       	2273      	-4.7
120       	17:03:30  	780.9 	15.9  	24    	10.2     	194   	2.5        	9.9        	2282      	-4.8
122       	17:03:32  	779.9 	15.9  	24    	10.0     	194   	2.4        	9.7        	2292      	-4.9
124       	17:03:34  	779.0 	15.8  	24    	9.8      	194   	2.4        	9.5        	2302      	-4.9
126       	17:03:36  	778.1 	15.6  	24    	9.6      	194   	2.3        	9.3        	2313      	-5.0
128       	17:03:38  	777.2 	15.5  	24    	9.2      	194   	2.3        	8.9        	2323      	-5.0
130       	17:03:40  	776.3 	15.5  	24    	8.9      	195   	2.3        	8.6        	2332      	-5.1
132       	17:03:42  	775.3 	15.4  	24    	8.6      	195   	2.2        	8.3        	2342      	-5.2
134       	17:03:44  	774.4 	15.3  	24    	8.4      	196   	2.3        	8.1        	2353      	-5.3
136       	17:03:46  	773.4 	15.2  	24    	8.3      	196   	2.3        	8.0        	2363      	-5.4
138       	17:03:48  	772.5 	15.1  	23    	8.1      	196   	2.3        	7.8        	2374      	-5.5
140       	17:03:50  	771.6 	15.1  	23    	7.9      	198   	2.4        	7.5        	2384      	-5.6
142       	17:03:52  	770.7 	15.0  	23    	7.6      	199   	2.5        	7.2        	2393      	-5.8
144       	17:03:54  	769.9 	15.0  	23    	7.4      	201   	2.6        	6.9        	2403      	-5.9
146       	17:03:56  	769.0 	14.9  	23    	7.1      	202   	2.7        	6.6        	2412      	-6.1
148       	17:03:58  	768.1 	14.8  	23    	7.0      	203   	2.7        	6.5        	2421      	-6.1
150       	17:04:00  	767.3 	14.8  	23    	7.0      	204   	2.8        	6.4        	2431      	-6.2
152       	17:04:02  	766.4 	14.8  	23    	6.8      	205   	2.9        	6.1        	2440      	-6.3
154       	17:04:04  	765.6 	14.7  	23    	6.6      	207   	3.0        	5.9        	2450      	-6.4
156       	17:04:06  	764.7 	14.6  	22    	6.4      	209   	3.1        	5.6        	2459      	-6.6
158       	17:04:08  	763.9 	14.6  	22    	6.2      	211   	3.2        	5.3        	2468      	-6.7
160       	17:04:10  	763.1 	14.5  	22    	6.2      	212   	3.3        	5.2        	2477      	-6.9
162       	17:04:12  	762.3 	14.5  	22    	6.1      	213   	3.3        	5.1        	2486      	-7.0
164       	17:04:14  	761.5 	14.5  	22    	6.0      	215   	3.4        	4.9        	2494      	-7.2
166       	17:04:16  	760.8 	14.4  	21    	5.9      	217   	3.5        	4.7        	2503      	-7.3
168       	17:04:18  	760.0 	14.4  	21    	5.8      	219   	3.6        	4.5        	2511      	-7.4
170       	17:04:20  	759.2 	14.4  	21    	5.7      	221   	3.7        	4.3        	2520      	-7.5
172       	17:04:22  	758.4 	14.4  	21    	5.6      	223   	3.8        	4.1        	2529      	-7.6
174       	17:04:24  	757.7 	14.4  	21    	5.5      	224   	3.8        	4.0        	2537      	-7.7
176       	17:04:26  	756.9 	14.4  	21    	5.5      	225   	3.9        	3.9        	2545      	-7.7
178       	17:04:28  	756.2 	14.4  	21    	5.5      	225   	3.9        	3.9        	2554      	-7.6
180       	17:04:30  	755.4 	14.5  	21    	5.4      	225   	3.8        	3.8        	2562      	-7.3
182       	17:04:32  	754.7 	14.6  	22    	5.4      	225   	3.8        	3.8        	2570      	-7.0
184       	17:04:34  	754.0 	14.8  	22    	5.3      	226   	3.8        	3.7        	2578      	-6.7
186       	17:04:36  	753.3 	14.7  	22    	5.3      	224   	3.7        	3.8        	2586      	-6.4
188       	17:04:38  	752.6 	14.7  	23    	5.2      	223   	3.6        	3.8        	2593      	-6.2
190       	17:04:40  	751.9 	14.6  	23    	5.2      	223   	3.5        	3.8        	2601      	-6.0
192       	17:04:42  	751.2 	14.5  	24    	5.2      	223   	3.5        	3.8        	2609      	-5.8
194       	17:04:44  	750.5 	14.4  	24    	5.2      	223   	3.5        	3.8        	2617      	-5.8
196       	17:04:46  	749.7 	14.4  	24    	5.2      	223   	3.5        	3.8        	2626      	-5.7
198       	17:04:48  	749.0 	14.3  	24    	5.1      	223   	3.5        	3.7        	2634      	-5.7
200       	17:04:50  	748.3 	14.2  	24    	5.2      	224   	3.6        	3.7        	2642      	-5.7
202       	17:04:52  	747.6 	14.2  	25    	5.2      	226   	3.7        	3.6        	2650      	-5.7
204       	17:04:54  	746.9 	14.1  	25    	5.3      	227   	3.9        	3.6        	2658      	-5.7
206       	17:04:56  	746.2 	14.1  	25    	5.4      	228   	4.0        	3.6        	2666      	-5.7
208       	17:04:58  	745.4 	14.0  	25    	5.6      	229   	4.2        	3.7        	2675      	-5.8
210       	17:05:00  	744.7 	13.9  	25    	5.7      	230   	4.4        	3.7        	2683      	-5.8
212       	17:05:02  	743.9 	13.8  	25    	5.9      	230   	4.5        	3.8        	2692      	-5.9
214       	17:05:04  	743.1 	13.7  	25    	5.9      	230   	4.5        	3.8        	2700      	-5.9
216       	17:05:06  	742.4 	13.7  	25    	6.1      	230   	4.7        	3.9        	2709      	-6.0
218       	17:05:08  	741.6 	13.6  	25    	6.3      	231   	4.9        	3.9        	2718      	-6.0
220       	17:05:10  	740.8 	13.5  	25    	6.5      	233   	5.2        	3.9        	2728      	-6.0
222       	17:05:12  	740.0 	13.4  	25    	6.7      	235   	5.5        	3.9        	2736      	-6.1
224       	17:05:14  	739.3 	13.4  	25    	6.9      	236   	5.7        	3.8        	2744      	-6.1
226       	17:05:16  	738.7 	13.3  	25    	7.0      	238   	5.9        	3.7        	2751      	-6.2
228       	17:05:18  	738.0 	13.3  	25    	7.1      	239   	6.1        	3.7        	2759      	-6.2
230       	17:05:20  	737.3 	13.2  	25    	7.1      	241   	6.2        	3.5        	2767      	-6.2
232       	17:05:22  	736.6 	13.1  	25    	7.1      	242   	6.3        	3.3        	2774      	-6.3
234       	17:05:24  	736.0 	13.0  	25    	7.0      	244   	6.3        	3.1        	2782      	-6.4
236       	17:05:26  	735.3 	12.9  	25    	6.9      	245   	6.3        	2.9        	2789      	-6.4
238       	17:05:28  	734.7 	12.9  	25    	6.8      	246   	6.2        	2.8        	2797      	-6.5
240       	17:05:30  	734.0 	12.8  	25    	6.7      	246   	6.1        	2.7        	2804      	-6.5
242       	17:05:32  	733.3 	12.7  	25    	6.6      	247   	6.1        	2.6        	2812      	-6.5
244       	17:05:34  	732.6 	12.7  	26    	6.7      	247   	6.2        	2.6        	2821      	-6.5
246       	17:05:36  	731.8 	12.6  	26    	6.8      	248   	6.3        	2.6        	2829      	-6.5
248       	17:05:38  	731.1 	12.6  	26    	6.9      	249   	6.4        	2.5        	2837      	-6.4
250       	17:05:40  	730.4 	12.5  	26    	7.1      	248   	6.6        	2.6        	2845      	-6.4
252       	17:05:42  	729.7 	12.5  	26    	7.4      	249   	6.9        	2.7        	2853      	-6.4
254       	17:05:44  	729.1 	12.4  	26    	7.6      	248   	7.1        	2.8        	2861      	-6.4
256       	17:05:46  	728.4 	12.3  	26    	7.9      	249   	7.4        	2.9        	2869      	-6.3
258       	17:05:48  	727.7 	12.2  	27    	8.3      	249   	7.7        	3.0        	2877      	-6.3
260       	17:05:50  	727.0 	12.2  	27    	8.6      	249   	8.0        	3.1        	2885      	-6.3
262       	17:05:52  	726.3 	12.1  	27    	8.8      	249   	8.2        	3.2        	2893      	-6.3
264       	17:05:54  	725.6 	12.0  	27    	8.9      	249   	8.3        	3.2        	2901      	-6.3
266       	17:05:56  	725.0 	12.0  	27    	8.9      	249   	8.3        	3.2        	2908      	-6.2
268       	17:05:58  	724.3 	12.0  	27    	9.0      	249   	8.4        	3.3        	2916      	-6.2
270       	17:06:00  	723.7 	11.9  	27    	9.2      	248   	8.5        	3.4        	2923      	-6.2
272       	17:06:02  	723.0 	11.8  	27    	9.3      	248   	8.6        	3.5        	2930      	-6.3
274       	17:06:04  	722.3 	11.8  	28    	9.4      	248   	8.7        	3.6        	2938      	-6.3
276       	17:06:06  	721.6 	11.7  	28    	9.5      	247   	8.7        	3.7        	2946      	-6.3
278       	17:06:08  	720.9 	11.6  	28    	9.5      	246   	8.7        	3.8        	2954      	-6.3
280       	17:06:10  	720.3 	11.6  	28    	9.6      	246   	8.8        	3.9        	2962      	-6.4
282       	17:06:12  	719.6 	11.5  	28    	9.7      	246   	8.8        	4.0        	2970      	-6.4
284       	17:06:14  	718.8 	11.4  	28    	9.8      	245   	8.9        	4.1        	2979      	-6.4
286       	17:06:16  	718.1 	11.3  	28    	9.8      	245   	8.9        	4.2        	2988      	-6.3
288       	17:06:18  	717.4 	11.3  	29    	9.8      	245   	8.9        	4.2        	2996      	-6.3
290       	17:06:20  	716.7 	11.2  	29    	9.9      	245   	9.0        	4.2        	3004      	-6.2
292       	17:06:22  	716.0 	11.1  	29    	9.9      	245   	9.0        	4.2        	3012      	-6.2
294       	17:06:24  	715.3 	11.1  	29    	9.9      	245   	9.0        	4.2        	3020      	-6.2
296       	17:06:26  	714.6 	11.0  	29    	10.0     	245   	9.1        	4.2        	3028      	-6.2
298       	17:06:28  	714.0 	10.9  	29    	10.1     	246   	9.2        	4.1        	3036      	-6.2
300       	17:06:30  	713.3 	10.8  	29    	10.1     	246   	9.2        	4.1        	3043      	-6.2
302       	17:06:32  	712.6 	10.8  	30    	10.2     	246   	9.3        	4.1        	3051      	-6.3
304       	17:06:34  	711.9 	10.7  	30    	10.2     	246   	9.3        	4.1        	3059      	-6.3
306       	17:06:36  	711.2 	10.6  	30    	10.3     	246   	9.4        	4.1        	3068      	-6.3
308       	17:06:38  	710.5 	10.5  	30    	10.2     	247   	9.4        	4.0        	3076      	-6.4
310       	17:06:40  	709.8 	10.4  	30    	10.3     	248   	9.5        	3.9        	3085      	-6.4
312       	17:06:42  	709.1 	10.3  	30    	10.2     	248   	9.5        	3.8        	3093      	-6.4
314       	17:06:44  	708.4 	10.3  	30    	10.3     	249   	9.6        	3.7        	3101      	-6.4
316       	17:06:46  	707.7 	10.2  	30    	10.3     	249   	9.6        	3.7        	3110      	-6.4
318       	17:06:48  	706.9 	10.1  	30    	10.3     	249   	9.6        	3.6        	3118      	-6.4
320       	17:06:50  	706.2 	10.0  	31    	10.2     	250   	9.6        	3.5        	3126      	-6.5
322       	17:06:52  	705.5 	9.9   	31    	10.2     	250   	9.6        	3.4        	3134      	-6.5
324       	17:06:54  	704.8 	9.9   	30    	10.0     	251   	9.5        	3.2        	3143      	-6.6
326       	17:06:56  	704.1 	9.8   	30    	10.0     	252   	9.5        	3.1        	3151      	-6.8
328       	17:06:58  	703.4 	9.7   	30    	10.0     	252   	9.5        	3.1        	3160      	-6.9
330       	17:07:00  	702.7 	9.6   	30    	9.9      	252   	9.4        	3.0        	3168      	-6.9
332       	17:07:02  	701.9 	9.5   	30    	9.9      	252   	9.4        	3.0        	3176      	-7.0
334       	17:07:04  	701.1 	9.4   	30    	9.7      	254   	9.3        	2.7        	3186      	-7.1
336       	17:07:06  	700.3 	9.3   	30    	9.6      	256   	9.3        	2.4        	3196      	-7.3
338       	17:07:08  	699.4 	9.2   	30    	9.4      	257   	9.2        	2.1        	3207      	-7.5
340       	17:07:10  	698.6 	9.2   	30    	9.4      	259   	9.2        	1.8        	3217      	-7.6
342       	17:07:12  	697.7 	9.1   	30    	9.3      	261   	9.2        	1.5        	3227      	-7.7
344       	17:07:14  	697.0 	9.1   	29    	9.2      	262   	9.1        	1.2        	3236      	-7.8
346       	17:07:16  	696.2 	9.0   	29    	9.2      	263   	9.1        	1.1        	3245      	-8.0
348       	17:07:18  	695.4 	8.9   	29    	9.1      	264   	9.0        	1.0        	3254      	-8.2
350       	17:07:20  	694.7 	8.8   	29    	9.0      	264   	9.0        	0.9        	3263      	-8.4
352       	17:07:22  	694.0 	8.8   	28    	8.9      	264   	8.9        	0.9        	3271      	-8.5
354       	17:07:24  	693.3 	8.7   	28    	9.0      	263   	8.9        	1.1        	3279      	-8.5
356       	17:07:26  	692.6 	8.7   	28    	8.9      	262   	8.8        	1.3        	3287      	-8.6
358       	17:07:28  	692.0 	8.6   	28    	8.9      	260   	8.8        	1.5        	3295      	-8.7
360       	17:07:30  	691.3 	8.6   	28    	8.8      	258   	8.6        	1.8        	3303      	-8.7
362       	17:07:32  	690.5 	8.5   	28    	8.8      	256   	8.5        	2.1        	3312      	-8.7
364       	17:07:34  	689.7 	8.4   	28    	8.6      	254   	8.3        	2.4        	3322      	-8.8
366       	17:07:36  	688.9 	8.3   	28    	8.6      	252   	8.2        	2.7        	3332      	-8.9
368       	17:07:38  	688.2 	8.3   	28    	8.6      	251   	8.1        	2.8        	3341      	-8.9
370       	17:07:40  	687.4 	8.2   	29    	8.4      	250   	7.9        	2.9        	3350      	-9.0
372       	17:07:42  	686.6 	8.1   	29    	8.4      	248   	7.8        	3.1        	3359      	-9.0
374       	17:07:44  	685.8 	8.0   	29    	8.3      	247   	7.7        	3.2        	3369      	-9.1
376       	17:07:46  	685.1 	7.9   	29    	8.2      	246   	7.5        	3.4        	3378      	-9.1
378       	17:07:48  	684.3 	7.8   	29    	8.2      	245   	7.4        	3.5        	3387      	-9.2
380       	17:07:50  	683.5 	7.7   	29    	8.2      	245   	7.4        	3.5        	3397      	-9.3
382       	17:07:52  	682.8 	7.6   	29    	8.1      	244   	7.3        	3.5        	3406      	-9.4
384       	17:07:54  	682.0 	7.6   	29    	8.2      	243   	7.3        	3.7        	3415      	-9.5
386       	17:07:56  	681.2 	7.5   	28    	8.3      	242   	7.3        	3.9        	3424      	-9.6
388       	17:07:58  	680.4 	7.4   	28    	8.3      	240   	7.2        	4.2        	3434      	-9.7
390       	17:08:00  	679.7 	7.4   	28    	8.5      	238   	7.2        	4.5        	3443      	-9.8
392       	17:08:02  	678.9 	7.3   	28    	8.5      	236   	7.1        	4.7        	3452      	-9.9
394       	17:08:04  	678.2 	7.3   	28    	8.7      	235   	7.1        	5.0        	3461      	-10.0
396       	17:08:06  	677.5 	7.2   	28    	8.8      	233   	7.0        	5.3        	3469      	-10.0
398       	17:08:08  	676.8 	7.1   	28    	8.9      	230   	6.9        	5.7        	3478      	-10.1
400       	17:08:10  	676.2 	7.0   	28    	9.2      	228   	6.8        	6.2        	3486      	-10.1
402       	17:08:12  	675.5 	7.0   	28    	9.4      	225   	6.7        	6.6        	3493      	-10.2
404       	17:08:14  	674.8 	6.9   	28    	9.5      	224   	6.6        	6.9        	3501      	-10.2
406       	17:08:16  	674.1 	6.9   	28    	9.6      	222   	6.5        	7.1        	3510      	-10.3
408       	17:08:18  	673.3 	6.8   	28    	9.8      	221   	6.5        	7.4        	3520      	-10.4
410       	17:08:20  	672.6 	6.8   	28    	10.0     	220   	6.4        	7.7        	3529      	-10.6
412       	17:08:22  	671.9 	6.7   	27    	10.3     	218   	6.3        	8.1        	3538      	-10.8
414       	17:08:24  	671.2 	6.7   	27    	10.5     	216   	6.2        	8.5        	3546      	-11.0
416       	17:08:26  	670.5 	6.6   	27    	10.7     	215   	6.1        	8.8        	3554      	-11.2
418       	17:08:28  	669.8 	6.5   	26    	10.9     	214   	6.1        	9.0        	3563      	-11.4
420       	17:08:30  	669.1 	6.4   	26    	11.0     	214   	6.1        	9.2        	3572      	-11.6
422       	17:08:32  	668.4 	6.4   	26    	11.2     	213   	6.1        	9.4        	3581      	-11.9
424       	17:08:34  	667.7 	6.3   	25    	11.5     	212   	6.1        	9.7        	3589      	-12.1
426       	17:08:36  	666.9 	6.2   	25    	11.6     	212   	6.1        	9.9        	3598      	-12.4
428       	17:08:38  	666.3 	6.2   	24    	11.9     	211   	6.1        	10.2       	3607      	-12.6
430       	17:08:40  	665.6 	6.1   	24    	11.9     	211   	6.2        	10.2       	3615      	-12.9
432       	17:08:42  	664.9 	6.1   	24    	12.0     	211   	6.2        	10.3       	3623      	-13.1
434       	17:08:44  	664.3 	6.0   	23    	12.2     	211   	6.3        	10.4       	3631      	-13.3
436       	17:08:46  	663.6 	6.0   	23    	12.3     	211   	6.4        	10.5       	3639      	-13.5
438       	17:08:48  	663.0 	5.9   	23    	12.5     	211   	6.5        	10.7       	3647      	-13.7
440       	17:08:50  	662.3 	5.8   	23    	12.7     	211   	6.6        	10.8       	3655      	-13.8
442       	17:08:52  	661.6 	5.7   	23    	12.8     	212   	6.7        	10.9       	3664      	-13.9
444       	17:08:54  	660.9 	5.7   	23    	12.9     	211   	6.7        	11.0       	3672      	-14.0
446       	17:08:56  	660.2 	5.6   	23    	13.0     	212   	6.9        	11.0       	3681      	-13.8
448       	17:08:58  	659.5 	5.5   	24    	13.2     	213   	7.1        	11.1       	3690      	-13.6
450       	17:09:00  	658.8 	5.4   	24    	13.4     	213   	7.3        	11.2       	3699      	-13.3
452       	17:09:02  	658.0 	5.3   	25    	13.6     	214   	7.6        	11.3       	3709      	-13.1
454       	17:09:04  	657.2 	5.2   	26    	13.7     	215   	7.8        	11.3       	3719      	-12.8
456       	17:09:06  	656.4 	5.1   	26    	13.8     	215   	8.0        	11.3       	3729      	-12.6
458       	17:09:08  	655.6 	5.0   	27    	13.9     	216   	8.1        	11.3       	3738      	-12.3
460       	17:09:10  	654.9 	4.9   	28    	14.2     	216   	8.4        	11.4       	3747      	-12.1
462       	17:09:12  	654.2 	4.8   	28    	14.5     	218   	8.9        	11.5       	3756      	-12.0
464       	17:09:14  	653.5 	4.8   	29    	14.9     	219   	9.4        	11.5       	3765      	-11.9
466       	17:09:16  	652.7 	4.7   	29    	15.2     	220   	9.8        	11.6       	3774      	-11.8
468       	17:09:18  	652.0 	4.6   	29    	15.5     	221   	10.1       	11.7       	3783      	-11.7
470       	17:09:20  	651.3 	4.5   	30    	15.7     	221   	10.4       	11.8       	3792      	-11.6
472       	17:09:22  	650.5 	4.4   	30    	16.0     	222   	10.7       	11.9       	3802      	-11.6
474       	17:09:24  	649.8 	4.3   	30    	16.4     	222   	11.0       	12.1       	3811      	-11.5
476       	17:09:26  	649.0 	4.2   	31    	16.8     	223   	11.4       	12.3       	3821      	-11.5
478       	17:09:28  	648.2 	4.1   	31    	17.1     	223   	11.7       	12.5       	3831      	-11.5
480       	17:09:30  	647.4 	4.1   	31    	17.4     	223   	11.9       	12.7       	3841      	-11.5
482       	17:09:32  	646.7 	4.0   	31    	17.5     	223   	12.0       	12.8       	3850      	-11.5
484       	17:09:34  	645.9 	3.9   	31    	17.6     	223   	12.0       	12.9       	3859      	-11.5
486       	17:09:36  	645.2 	3.8   	32    	17.8     	223   	12.2       	13.0       	3868      	-11.4
488       	17:09:38  	644.6 	3.7   	32    	18.0     	223   	12.4       	13.1       	3877      	-11.4
490       	17:09:40  	643.9 	3.7   	32    	18.3     	224   	12.7       	13.2       	3885      	-11.4
492       	17:09:42  	643.2 	3.6   	32    	18.5     	225   	13.0       	13.2       	3893      	-11.3
494       	17:09:44  	642.5 	3.5   	33    	18.7     	225   	13.2       	13.2       	3902      	-11.3
496       	17:09:46  	641.8 	3.5   	32    	18.7     	226   	13.4       	13.1       	3911      	-11.4
498       	17:09:48  	641.1 	3.5   	32    	18.8     	226   	13.6       	13.0       	3920      	-11.5
500       	17:09:50  	640.4 	3.4   	32    	19.0     	227   	14.0       	12.9       	3928      	-11.7
502       	17:09:52  	639.7 	3.3   	31    	19.1     	228   	14.3       	12.7       	3937      	-11.9
504       	17:09:54  	639.0 	3.3   	31    	19.2     	229   	14.6       	12.5       	3947      	-12.2
506       	17:09:56  	638.3 	3.2   	30    	19.4     	230   	14.9       	12.4       	3957      	-12.5
508       	17:09:58  	637.5 	3.2   	30    	19.3     	231   	15.0       	12.2       	3966      	-12.7
510       	17:10:00  	636.7 	3.1   	30    	19.3     	231   	15.1       	12.1       	3976      	-12.9
512       	17:10:02  	636.0 	3.1   	29    	19.3     	232   	15.2       	11.9       	3985      	-13.0
514       	17:10:04  	635.3 	3.0   	29    	19.2     	233   	15.3       	11.6       	3994      	-13.2
516       	17:10:06  	634.6 	3.0   	29    	19.2     	233   	15.4       	11.4       	4003      	-13.3
518       	17:10:08  	633.9 	2.9   	29    	19.1     	234   	15.5       	11.2       	4011      	-13.5
520       	17:10:10  	633.3 	2.9   	28    	19.1     	234   	15.5       	11.1       	4020      	-13.6
522       	17:10:12  	632.6 	2.8   	28    	19.0     	235   	15.5       	11.0       	4029      	-13.8
524       	17:10:14  	631.9 	2.8   	28    	18.9     	235   	15.5       	10.8       	4037      	-14.0
526       	17:10:16  	631.2 	2.8   	27    	18.8     	235   	15.5       	10.7       	4046      	-14.3
528       	17:10:18  	630.5 	2.7   	27    	18.8     	236   	15.5       	10.6       	4056      	-14.5
530       	17:10:20  	629.8 	2.7   	26    	18.7     	236   	15.5       	10.4       	4065      	-14.8
532       	17:10:22  	629.1 	2.7   	25    	18.7     	236   	15.5       	10.4       	4074      	-15.1
534       	17:10:24  	628.4 	2.7   	25    	18.7     	236   	15.5       	10.4       	4083      	-15.4
536       	17:10:26  	627.6 	2.7   	24    	18.6     	236   	15.4       	10.4       	4091      	-15.8
538       	17:10:28  	626.8 	2.7   	23    	18.4     	236   	15.2       	10.4       	4102      	-16.2
540       	17:10:30  	626.1 	2.7   	22    	18.2     	235   	14.9       	10.4       	4112      	-16.6
542       	17:10:32  	625.3 	2.6   	22    	18.0     	235   	14.7       	10.4       	4123      	-17.0
544       	17:10:34  	624.5 	2.6   	21    	17.8     	234   	14.5       	10.4       	4133      	-17.4
546       	17:10:36  	623.7 	2.5   	20    	17.6     	234   	14.2       	10.4       	4143      	-17.8
548       	17:10:38  	622.9 	2.5   	20    	17.5     	233   	14.0       	10.5       	4153      	-18.2
550       	17:10:40  	622.2 	2.5   	19    	17.3     	232   	13.6       	10.7       	4162      	-18.5
552       	17:10:42  	621.5 	2.4   	19    	17.1     	230   	13.1       	11.0       	4172      	-18.7
554       	17:10:44  	620.7 	2.4   	19    	17.0     	228   	12.7       	11.3       	4182      	-19.0
556       	17:10:46  	619.9 	2.3   	18    	17.0     	226   	12.3       	11.7       	4192      	-19.2
558       	17:10:48  	619.1 	2.2   	18    	17.0     	225   	12.0       	12.0       	4202      	-19.5
560       	17:10:50  	618.3 	2.1   	18    	17.0     	224   	11.8       	12.3       	4212      	-19.7
562       	17:10:52  	617.6 	2.1   	18    	17.1     	223   	11.6       	12.6       	4222      	-19.8
564       	17:10:54  	616.8 	2.0   	18    	17.2     	220   	11.1       	13.1       	4232      	-20.0
566       	17:10:56  	616.1 	1.9   	17    	17.2     	218   	10.7       	13.5       	4242      	-20.2
568       	17:10:58  	615.4 	1.9   	17    	17.3     	217   	10.3       	13.9       	4251      	-20.5
570       	17:11:00  	614.6 	1.8   	17    	17.4     	215   	10.0       	14.2       	4261      	-20.7
572       	17:11:02  	613.8 	1.7   	16    	17.4     	214   	9.8        	14.4       	4271      	-21.0
574       	17:11:04  	613.1 	1.7   	16    	17.4     	214   	9.6        	14.5       	4282      	-21.3
576       	17:11:06  	612.3 	1.7   	16    	17.4     	212   	9.3        	14.7       	4292      	-21.6
578       	17:11:08  	611.6 	1.7   	15    	17.5     	211   	8.9        	15.1       	4301      	-22.0
580       	17:11:10  	610.9 	1.6   	15    	17.6     	209   	8.5        	15.4       	4310      	-22.4
582       	17:11:12  	610.2 	1.6   	14    	17.7     	207   	8.1        	15.7       	4319      	-22.8
584       	17:11:14  	609.5 	1.6   	14    	17.8     	206   	7.8        	16.0       	4329      	-23.1
586       	17:11:16  	608.8 	1.6   	13    	17.9     	205   	7.6        	16.2       	4338      	-23.4
588       	17:11:18  	608.1 	1.6   	13    	18.0     	204   	7.3        	16.4       	4346      	-23.7
590       	17:11:20  	607.5 	1.6   	13    	18.1     	202   	6.9        	16.7       	4355      	-24.0
592       	17:11:22  	606.8 	1.6   	13    	18.1     	201   	6.5        	16.9       	4364      	-24.1
594       	17:11:24  	606.2 	1.5   	12    	18.2     	200   	6.1        	17.2       	4373      	-24.3
596       	17:11:26  	605.5 	1.5   	12    	18.3     	198   	5.8        	17.4       	4382      	-24.5
598       	17:11:28  	604.8 	1.5   	12    	18.3     	198   	5.6        	17.4       	4391      	-24.7
600       	17:11:30  	604.1 	1.5   	12    	18.3     	197   	5.4        	17.5       	4400      	-25.0
602       	17:11:32  	603.4 	1.6   	11    	18.2     	197   	5.2        	17.4       	4409      	-25.3
604       	17:11:34  	602.7 	1.6   	11    	17.9     	196   	5.0        	17.2       	4419      	-25.8
606       	17:11:36  	602.0 	1.7   	10    	17.6     	195   	4.7        	17.0       	4428      	-26.2
608       	17:11:38  	601.3 	1.8   	10    	17.4     	195   	4.5        	16.8       	4438      	-26.5
610       	17:11:40  	600.6 	1.9   	10    	17.2     	195   	4.5        	16.6       	4447      	-26.9
612       	17:11:42  	599.9 	1.9   	9     	16.9     	195   	4.4        	16.3       	4456      	-27.2
614       	17:11:44  	599.2 	2.0   	9     	16.7     	195   	4.4        	16.1       	4466      	-27.3
616       	17:11:46  	598.5 	2.1   	9     	16.3     	196   	4.6        	15.6       	4475      	-27.1
618       	17:11:48  	597.9 	2.1   	9     	15.8     	198   	4.8        	15.1       	4484      	-26.8
620       	17:11:50  	597.2 	2.1   	10    	15.4     	199   	5.0        	14.6       	4493      	-26.4
622       	17:11:52  	596.5 	2.0   	10    	15.2     	200   	5.2        	14.3       	4502      	-26.1
624       	17:11:54  	595.9 	2.0   	10    	15.1     	201   	5.4        	14.1       	4511      	-25.8
626       	17:11:56  	595.2 	2.0   	11    	14.9     	202   	5.6        	13.8       	4520      	-25.4
628       	17:11:58  	594.5 	1.9   	11    	14.7     	204   	5.9        	13.5       	4528      	-25.1
630       	17:12:00  	593.9 	1.9   	11    	14.5     	205   	6.1        	13.2       	4537      	-25.0
632       	17:12:02  	593.2 	1.9   	11    	14.3     	206   	6.3        	12.8       	4546      	-25.1
634       	17:12:04  	592.6 	1.8   	11    	14.1     	207   	6.5        	12.5       	4555      	-25.3
636       	17:12:06  	591.9 	1.8   	11    	14.0     	208   	6.5        	12.4       	4564      	-25.5
638       	17:12:08  	591.2 	1.8   	11    	13.9     	208   	6.5        	12.3       	4573      	-25.8
640       	17:12:10  	590.5 	1.8   	10    	13.7     	208   	6.5        	12.1       	4583      	-26.0
642       	17:12:12  	589.8 	1.8   	10    	13.7     	209   	6.6        	12.0       	4593      	-26.2
644       	17:12:14  	589.2 	1.7   	10    	13.6     	209   	6.6        	11.9       	4601      	-26.4
646       	17:12:16  	588.5 	1.7   	10    	13.5     	210   	6.7        	11.7       	4610      	-26.5
648       	17:12:18  	587.9 	1.7   	10    	13.5     	210   	6.8        	11.7       	4619      	-26.5
650       	17:12:20  	587.2 	1.7   	10    	13.5     	210   	6.8        	11.7       	4628      	-26.6
652       	17:12:22  	586.6 	1.6   	10    	13.6     	211   	6.9        	11.7       	4637      	-26.7
654       	17:12:24  	586.0 	1.6   	10    	13.5     	211   	7.0        	11.6       	4646      	-26.8
656       	17:12:26  	585.3 	1.6   	10    	13.7     	212   	7.2        	11.6       	4655      	-27.0
658       	17:12:28  	584.6 	1.5   	10    	13.8     	213   	7.5        	11.6       	4664      	-27.1
660       	17:12:30  	583.9 	1.5   	10    	13.9     	214   	7.7        	11.6       	4674      	-27.2
662       	17:12:32  	583.3 	1.4   	9     	14.0     	214   	7.8        	11.6       	4683      	-27.3
664       	17:12:34  	582.6 	1.4   	9     	14.1     	215   	8.0        	11.6       	4692      	-27.4
666       	17:12:36  	582.0 	1.3   	9     	14.1     	215   	8.1        	11.6       	4700      	-27.6
668       	17:12:38  	581.4 	1.3   	9     	14.3     	216   	8.4        	11.6       	4709      	-27.7
670       	17:12:40  	580.8 	1.2   	9     	14.4     	217   	8.6        	11.6       	4717      	-27.8
672       	17:12:42  	580.2 	1.1   	9     	14.5     	217   	8.8        	11.5       	4725      	-27.9
674       	17:12:44  	579.5 	1.1   	9     	14.6     	218   	9.0        	11.5       	4734      	-28.0
676       	17:12:46  	578.9 	1.1   	9     	14.7     	218   	9.1        	11.5       	4743      	-28.2
678       	17:12:48  	578.3 	1.0   	9     	14.6     	219   	9.1        	11.4       	4751      	-28.3
680       	17:12:50  	577.7 	1.0   	9     	14.7     	220   	9.4        	11.3       	4760      	-28.4
682       	17:12:52  	577.0 	0.9   	9     	14.8     	220   	9.6        	11.3       	4769      	-28.5
684       	17:12:54  	576.4 	0.9   	9     	14.9     	221   	9.9        	11.2       	4778      	-28.6
686       	17:12:56  	575.8 	0.8   	9     	15.0     	222   	10.1       	11.1       	4786      	-28.8
688       	17:12:58  	575.1 	0.8   	9     	15.1     	223   	10.3       	11.0       	4795      	-28.9
690       	17:13:00  	574.5 	0.7   	8     	15.1     	223   	10.4       	11.0       	4804      	-29.0
692       	17:13:02  	573.9 	0.7   	8     	15.1     	224   	10.6       	10.8       	4813      	-29.1
694       	17:13:04  	573.3 	0.6   	8     	15.2     	226   	10.9       	10.6       	4821      	-29.1
696       	17:13:06  	572.6 	0.5   	8     	15.2     	227   	11.1       	10.4       	4830      	-29.2
698       	17:13:08  	572.0 	0.5   	8     	15.2     	228   	11.3       	10.2       	4839      	-29.2
700       	17:13:10  	571.4 	0.5   	8     	15.2     	228   	11.4       	10.1       	4848      	-29.2
702       	17:13:12  	570.8 	0.4   	8     	15.2     	229   	11.5       	9.9        	4856      	-29.3
704       	17:13:14  	570.2 	0.4   	8     	15.0     	230   	11.5       	9.7        	4865      	-29.4
706       	17:13:16  	569.7 	0.3   	8     	15.1     	230   	11.6       	9.6        	4872      	-29.4
708       	17:13:18  	569.1 	0.3   	8     	15.0     	231   	11.7       	9.4        	4879      	-29.4
710       	17:13:20  	568.6 	0.2   	8     	14.9     	232   	11.7       	9.2        	4887      	-29.5
712       	17:13:22  	568.0 	0.2   	8     	14.8     	232   	11.7       	9.1        	4895      	-29.6
714       	17:13:24  	567.5 	0.1   	8     	14.8     	232   	11.7       	9.1        	4903      	-29.7
716       	17:13:26  	566.9 	0.1   	8     	14.8     	232   	11.7       	9.1        	4911      	-29.8
718       	17:13:28  	566.3 	0.0   	8     	14.8     	233   	11.8       	9.0        	4919      	-29.8
720       	17:13:30  	565.8 	-0.0  	8     	15.0     	233   	12.0       	9.0        	4927      	-29.9
722       	17:13:32  	565.2 	-0.0  	8     	15.0     	234   	12.1       	8.9        	4935      	-30.0
724       	17:13:34  	564.6 	-0.1  	8     	15.1     	234   	12.3       	8.8        	4943      	-30.2
726       	17:13:36  	564.1 	-0.1  	8     	15.3     	235   	12.5       	8.8        	4951      	-30.3
728       	17:13:38  	563.6 	-0.1  	8     	15.4     	235   	12.6       	8.8        	4958      	-30.4
730       	17:13:40  	563.0 	-0.2  	8     	15.5     	236   	12.8       	8.7        	4966      	-30.5
732       	17:13:42  	562.5 	-0.2  	8     	15.7     	236   	13.1       	8.7        	4973      	-30.6
734       	17:13:44  	562.0 	-0.2  	8     	16.0     	237   	13.4       	8.7        	4981      	-30.7
736       	17:13:46  	561.4 	-0.3  	8     	16.2     	238   	13.7       	8.6        	4989      	-30.8
738       	17:13:48  	560.9 	-0.3  	8     	16.3     	238   	13.9       	8.6        	4996      	-30.9
740       	17:13:50  	560.3 	-0.3  	8     	16.5     	238   	14.0       	8.7        	5004      	-31.0
742       	17:13:52  	559.7 	-0.3  	7     	16.6     	238   	14.1       	8.7        	5013      	-31.1
744       	17:13:54  	559.2 	-0.3  	7     	16.7     	239   	14.2       	8.7        	5021      	-31.3
746       	17:13:56  	558.6 	-0.3  	7     	16.7     	239   	14.3       	8.6        	5029      	-31.4
748       	17:13:58  	558.1 	-0.3  	7     	16.8     	239   	14.4       	8.6        	5036      	-31.6
750       	17:14:00  	557.5 	-0.4  	7     	16.8     	239   	14.4       	8.6        	5044      	-31.7
752       	17:14:02  	556.9 	-0.5  	7     	16.7     	239   	14.4       	8.5        	5052      	-31.9
754       	17:14:04  	556.4 	-0.5  	7     	16.6     	239   	14.3       	8.5        	5060      	-32.0
756       	17:14:06  	555.8 	-0.6  	7     	16.6     	240   	14.3       	8.4        	5068      	-32.1
758       	17:14:08  	555.2 	-0.6  	7     	16.5     	240   	14.3       	8.3        	5077      	-32.2
760       	17:14:10  	554.6 	-0.7  	7     	16.5     	240   	14.3       	8.2        	5086      	-32.3
762       	17:14:12  	554.0 	-0.8  	7     	16.4     	240   	14.3       	8.1        	5094      	-32.4
764       	17:14:14  	553.5 	-0.8  	7     	16.4     	241   	14.3       	8.0        	5103      	-32.4
766       	17:14:16  	552.9 	-0.9  	7     	16.4     	241   	14.4       	7.9        	5112      	-32.5
768       	17:14:18  	552.3 	-0.9  	7     	16.4     	241   	14.4       	7.9        	5119      	-32.5
770       	17:14:20  	551.9 	-1.0  	7     	16.5     	242   	14.5       	7.8        	5126      	-32.6
772       	17:14:22  	551.4 	-1.0  	7     	16.5     	242   	14.5       	7.8        	5133      	-32.6
774       	17:14:24  	550.9 	-1.1  	7     	16.6     	242   	14.6       	7.8        	5139      	-32.6
776       	17:14:26  	550.4 	-1.1  	7     	16.5     	242   	14.6       	7.7        	5146      	-32.6
778       	17:14:28  	549.9 	-1.2  	7     	16.6     	242   	14.6       	7.8        	5153      	-32.7
780       	17:14:30  	549.4 	-1.2  	7     	16.6     	242   	14.6       	7.8        	5161      	-32.7
782       	17:14:32  	548.9 	-1.3  	7     	16.5     	242   	14.5       	7.8        	5168      	-32.7
784       	17:14:34  	548.4 	-1.3  	7     	16.3     	241   	14.3       	7.9        	5176      	-32.8
786       	17:14:36  	547.8 	-1.4  	7     	16.2     	241   	14.1       	7.9        	5184      	-32.8
788       	17:14:38  	547.3 	-1.4  	7     	16.1     	240   	14.0       	8.0        	5192      	-32.8
790       	17:14:40  	546.8 	-1.5  	7     	16.0     	240   	13.8       	8.0        	5199      	-32.8
792       	17:14:42  	546.2 	-1.5  	7     	15.9     	239   	13.7       	8.1        	5207      	-32.9
794       	17:14:44  	545.7 	-1.6  	7     	15.8     	239   	13.6       	8.1        	5215      	-32.9
796       	17:14:46  	545.1 	-1.6  	7     	15.7     	239   	13.5       	8.1        	5223      	-33.0
798       	17:14:48  	544.6 	-1.6  	7     	15.7     	239   	13.4       	8.1        	5231      	-33.1
800       	17:14:50  	544.1 	-1.7  	7     	15.6     	239   	13.3       	8.1        	5239      	-33.2
802       	17:14:52  	543.6 	-1.7  	7     	15.6     	239   	13.3       	8.1        	5246      	-33.5
804       	17:14:54  	543.1 	-1.7  	6     	15.7     	239   	13.4       	8.1        	5254      	-33.7
806       	17:14:56  	542.5 	-1.7  	6     	15.6     	239   	13.4       	8.0        	5261      	-33.9
808       	17:14:58  	542.0 	-1.7  	6     	15.6     	240   	13.5       	7.8        	5269      	-34.2
810       	17:15:00  	541.5 	-1.8  	6     	15.5     	240   	13.5       	7.7        	5276      	-34.5
812       	17:15:02  	541.0 	-1.8  	6     	15.4     	241   	13.5       	7.5        	5284      	-34.8
814       	17:15:04  	540.4 	-1.8  	6     	15.4     	242   	13.6       	7.3        	5292      	-35.1
816       	17:15:06  	539.9 	-1.8  	6     	15.3     	242   	13.5       	7.1        	5300      	-35.3
818       	17:15:08  	539.4 	-1.8  	5     	15.2     	243   	13.5       	7.0        	5307      	-35.4
820       	17:15:10  	538.9 	-1.9  	5     	15.1     	244   	13.5       	6.7        	5314      	-35.5
822       	17:15:12  	538.4 	-1.9  	5     	15.0     	244   	13.5       	6.5        	5322      	-35.6
824       	17:15:14  	537.9 	-2.0  	5     	14.9     	245   	13.5       	6.2        	5329      	-35.6
826       	17:15:16  	537.5 	-2.0  	5     	14.9     	246   	13.6       	6.0        	5336      	-35.6
828       	17:15:18  	537.0 	-2.1  	5     	14.8     	247   	13.6       	5.9        	5343      	-35.6
830       	17:15:20  	536.5 	-2.2  	6     	14.7     	247   	13.6       	5.7        	5351      	-35.6
832       	17:15:22  	535.9 	-2.2  	6     	14.8     	247   	13.7       	5.7        	5359      	-35.5
834       	17:15:24  	535.4 	-2.3  	6     	14.9     	247   	13.7       	5.8        	5366      	-35.4
836       	17:15:26  	534.9 	-2.3  	6     	14.9     	247   	13.7       	5.9        	5374      	-35.1
838       	17:15:28  	534.4 	-2.4  	6     	15.0     	247   	13.8       	6.0        	5381      	-34.7
840       	17:15:30  	533.9 	-2.4  	6     	15.1     	246   	13.8       	6.2        	5389      	-34.2
842       	17:15:32  	533.4 	-2.4  	7     	15.2     	245   	13.8       	6.4        	5396      	-33.6
844       	17:15:34  	532.8 	-2.5  	7     	15.3     	244   	13.8       	6.6        	5404      	-32.9
846       	17:15:36  	532.3 	-2.5  	8     	15.3     	243   	13.7       	6.9        	5412      	-32.1
848       	17:15:38  	531.8 	-2.6  	9     	15.4     	242   	13.6       	7.2        	5420      	-31.3
850       	17:15:40  	531.3 	-2.7  	9     	15.5     	241   	13.6       	7.5        	5428      	-30.6
852       	17:15:42  	530.7 	-2.7  	10    	15.5     	241   	13.5       	7.6        	5436      	-29.9
854       	17:15:44  	530.2 	-2.8  	11    	15.5     	240   	13.4       	7.7        	5444      	-29.1
856       	17:15:46  	529.6 	-2.8  	12    	15.4     	240   	13.3       	7.8        	5452      	-28.4
858       	17:15:48  	529.1 	-2.9  	12    	15.3     	239   	13.2       	7.8        	5460      	-27.8
860       	17:15:50  	528.6 	-3.0  	13    	15.1     	239   	12.9       	7.9        	5468      	-27.3
862       	17:15:52  	528.0 	-3.0  	14    	15.0     	238   	12.7       	8.0        	5476      	-26.8
864       	17:15:54  	527.5 	-3.1  	14    	14.9     	237   	12.5       	8.1        	5485      	-26.5
866       	17:15:56  	526.9 	-3.1  	15    	14.7     	237   	12.3       	8.1        	5493      	-26.2
868       	17:15:58  	526.4 	-3.2  	15    	14.6     	236   	12.2       	8.1        	5501      	-26.1
870       	17:16:00  	525.9 	-3.2  	15    	14.5     	236   	12.0       	8.1        	5508      	-26.0
872       	17:16:02  	525.4 	-3.3  	15    	14.5     	235   	11.9       	8.3        	5516      	-26.0
874       	17:16:04  	524.9 	-3.4  	15    	14.5     	234   	11.7       	8.5        	5523      	-26.0
876       	17:16:06  	524.4 	-3.4  	15    	14.4     	233   	11.6       	8.6        	5531      	-26.0
878       	17:16:08  	523.9 	-3.5  	15    	14.5     	233   	11.5       	8.8        	5538      	-26.1
880       	17:16:10  	523.4 	-3.6  	15    	14.6     	232   	11.5       	9.0        	5545      	-26.1
882       	17:16:12  	522.9 	-3.6  	15    	14.7     	231   	11.5       	9.2        	5553      	-26.2
884       	17:16:14  	522.4 	-3.7  	15    	14.9     	231   	11.5       	9.4        	5560      	-26.3
886       	17:16:16  	521.9 	-3.8  	15    	15.0     	230   	11.5       	9.6        	5569      	-26.3
888       	17:16:18  	521.3 	-3.9  	15    	15.1     	230   	11.5       	9.8        	5577      	-26.4
890       	17:16:20  	520.8 	-3.9  	15    	15.2     	229   	11.4       	10.0       	5585      	-26.5
892       	17:16:22  	520.2 	-4.0  	15    	15.2     	229   	11.4       	10.0       	5594      	-26.5
894       	17:16:24  	519.7 	-4.1  	15    	15.2     	229   	11.4       	10.0       	5602      	-26.5
896       	17:16:26  	519.2 	-4.2  	15    	15.2     	229   	11.4       	10.0       	5610      	-26.6
898       	17:16:28  	518.7 	-4.3  	15    	15.2     	228   	11.4       	10.1       	5617      	-26.6
900       	17:16:30  	518.1 	-4.3  	15    	15.3     	229   	11.5       	10.1       	5625      	-26.6
902       	17:16:32  	517.6 	-4.4  	16    	15.4     	229   	11.6       	10.1       	5633      	-26.6
904       	17:16:34  	517.1 	-4.5  	16    	15.5     	229   	11.7       	10.1       	5641      	-26.6
906       	17:16:36  	516.6 	-4.6  	16    	15.5     	229   	11.8       	10.1       	5649      	-26.6
908       	17:16:38  	516.0 	-4.6  	16    	15.6     	230   	11.9       	10.1       	5657      	-26.6
910       	17:16:40  	515.5 	-4.7  	16    	15.8     	230   	12.1       	10.1       	5665      	-26.6
912       	17:16:42  	515.0 	-4.8  	16    	15.9     	231   	12.3       	10.0       	5674      	-26.6
914       	17:16:44  	514.4 	-4.9  	16    	16.0     	231   	12.5       	10.0       	5682      	-26.6
916       	17:16:46  	513.9 	-4.9  	16    	16.2     	232   	12.8       	10.0       	5690      	-26.6
918       	17:16:48  	513.4 	-5.0  	16    	16.3     	232   	12.9       	10.0       	5698      	-26.6
920       	17:16:50  	512.8 	-5.1  	16    	16.4     	232   	13.0       	10.0       	5706      	-26.6
922       	17:16:52  	512.3 	-5.2  	16    	16.5     	233   	13.1       	10.0       	5714      	-26.6
924       	17:16:54  	511.8 	-5.3  	17    	16.6     	233   	13.3       	10.0       	5722      	-26.6
926       	17:16:56  	511.3 	-5.3  	17    	16.7     	234   	13.4       	9.9        	5730      	-26.6
928       	17:16:58  	510.7 	-5.4  	17    	16.8     	234   	13.6       	9.9        	5739      	-26.6
930       	17:17:00  	510.2 	-5.5  	17    	16.8     	234   	13.7       	9.8        	5747      	-26.6
932       	17:17:02  	509.7 	-5.6  	17    	16.8     	234   	13.7       	9.8        	5754      	-26.6
934       	17:17:04  	509.2 	-5.7  	17    	16.8     	235   	13.7       	9.7        	5762      	-26.7
936       	17:17:06  	508.7 	-5.7  	17    	16.9     	235   	13.8       	9.7        	5770      	-26.7
938       	17:17:08  	508.1 	-5.8  	17    	16.8     	235   	13.8       	9.6        	5779      	-26.7
940       	17:17:10  	507.6 	-5.9  	17    	16.9     	235   	13.9       	9.6        	5787      	-26.7
942       	17:17:12  	507.0 	-6.0  	17    	16.9     	236   	14.0       	9.5        	5795      	-26.7
944       	17:17:14  	506.5 	-6.1  	17    	16.9     	236   	14.0       	9.5        	5804      	-26.7
946       	17:17:16  	506.0 	-6.1  	18    	17.0     	236   	14.1       	9.5        	5812      	-26.7
948       	17:17:18  	505.5 	-6.2  	18    	17.0     	236   	14.1       	9.5        	5820      	-26.7
950       	17:17:20  	504.9 	-6.3  	18    	16.9     	236   	14.1       	9.4        	5828      	-26.7
952       	17:17:22  	504.4 	-6.3  	18    	16.9     	236   	14.1       	9.4        	5836      	-26.7
954       	17:17:24  	503.8 	-6.4  	18    	16.9     	236   	14.1       	9.4        	5845      	-26.6
956       	17:17:26  	503.3 	-6.5  	18    	16.9     	236   	14.1       	9.4        	5853      	-26.6
958       	17:17:28  	502.7 	-6.6  	18    	16.9     	236   	14.0       	9.4        	5862      	-26.6
960       	17:17:30  	502.2 	-6.6  	18    	16.8     	236   	14.0       	9.3        	5871      	-26.6
962       	17:17:32  	501.6 	-6.7  	18    	16.8     	236   	14.0       	9.3        	5879      	-26.7
964       	17:17:34  	501.1 	-6.8  	19    	16.9     	237   	14.1       	9.3        	5887      	-26.7
966       	17:17:36  	500.6 	-6.9  	19    	17.0     	237   	14.2       	9.3        	5895      	-26.7
968       	17:17:38  	500.1 	-7.0  	19    	17.0     	237   	14.3       	9.2        	5903      	-26.7
970       	17:17:40  	499.6 	-7.0  	19    	17.1     	237   	14.4       	9.2        	5911      	-26.8
972       	17:17:42  	499.1 	-7.1  	19    	17.3     	238   	14.6       	9.2        	5919      	-26.8
974       	17:17:44  	498.6 	-7.2  	19    	17.3     	238   	14.7       	9.2        	5927      	-26.8
976       	17:17:46  	498.1 	-7.3  	19    	17.5     	239   	14.9       	9.1        	5935      	-26.9
978       	17:17:48  	497.6 	-7.4  	19    	17.7     	239   	15.2       	9.1        	5942      	-27.0
980       	17:17:50  	497.1 	-7.4  	19    	18.0     	240   	15.5       	9.1        	5950      	-27.1
982       	17:17:52  	496.5 	-7.5  	19    	18.1     	240   	15.7       	9.0        	5958      	-27.2
984       	17:17:54  	496.0 	-7.6  	18    	18.3     	240   	15.9       	9.0        	5966      	-27.4
986       	17:17:56  	495.5 	-7.6  	18    	18.4     	241   	16.0       	9.0        	5974      	-27.5
988       	17:17:58  	495.0 	-7.7  	18    	18.5     	241   	16.2       	9.0        	5983      	-27.7
990       	17:18:00  	494.5 	-7.7  	18    	18.7     	242   	16.5       	8.9        	5990      	-27.9
992       	17:18:02  	494.0 	-7.8  	18    	19.0     	242   	16.8       	8.9        	5998      	-28.1
994       	17:18:04  	493.5 	-7.9  	18    	19.1     	243   	17.0       	8.8        	6006      	-28.2
996       	17:18:06  	493.0 	-7.9  	18    	19.3     	243   	17.2       	8.8        	6014      	-28.2
998       	17:18:08  	492.6 	-8.0  	18    	19.4     	243   	17.3       	8.7        	6021      	-28.3
1000      	17:18:10  	492.1 	-8.1  	18    	19.5     	243   	17.4       	8.7        	6028      	-28.3
1002      	17:18:12  	491.6 	-8.2  	18    	19.5     	244   	17.5       	8.7        	6036      	-28.4
1004      	17:18:14  	491.1 	-8.3  	18    	19.7     	244   	17.7       	8.6        	6044      	-28.4
1006      	17:18:16  	490.5 	-8.3  	18    	19.9     	244   	17.9       	8.6        	6053      	-28.4
1008      	17:18:18  	490.0 	-8.4  	18    	19.9     	245   	18.0       	8.5        	6061      	-28.4
1010      	17:18:20  	489.5 	-8.5  	18    	20.0     	245   	18.1       	8.5        	6070      	-28.4
1012      	17:18:22  	489.0 	-8.6  	18    	20.0     	245   	18.1       	8.5        	6078      	-28.4
1014      	17:18:24  	488.5 	-8.6  	18    	20.1     	245   	18.2       	8.5        	6086      	-28.5
1016      	17:18:26  	488.0 	-8.7  	18    	20.3     	245   	18.4       	8.5        	6094      	-28.5
1018      	17:18:28  	487.4 	-8.8  	18    	20.3     	246   	18.5       	8.4        	6102      	-28.5
1020      	17:18:30  	486.9 	-8.9  	18    	20.4     	246   	18.6       	8.4        	6110      	-28.5
1022      	17:18:32  	486.4 	-8.9  	18    	20.5     	246   	18.7       	8.4        	6118      	-28.5
1024      	17:18:34  	485.9 	-9.0  	19    	20.6     	246   	18.8       	8.3        	6127      	-28.5
1026      	17:18:36  	485.3 	-9.1  	19    	20.6     	246   	18.9       	8.3        	6135      	-28.5
1028      	17:18:38  	484.8 	-9.2  	19    	20.7     	246   	19.0       	8.3        	6144      	-28.5
1030      	17:18:40  	484.3 	-9.2  	19    	20.8     	247   	19.1       	8.3        	6152      	-28.5
1032      	17:18:42  	483.8 	-9.3  	19    	21.0     	246   	19.2       	8.4        	6160      	-28.6
1034      	17:18:44  	483.3 	-9.4  	19    	21.0     	246   	19.2       	8.4        	6169      	-28.6
1036      	17:18:46  	482.8 	-9.4  	19    	21.0     	246   	19.3       	8.4        	6177      	-28.6
1038      	17:18:48  	482.2 	-9.5  	19    	21.1     	246   	19.3       	8.5        	6185      	-28.7
1040      	17:18:50  	481.7 	-9.6  	19    	21.2     	246   	19.4       	8.6        	6193      	-28.7
1042      	17:18:52  	481.2 	-9.7  	19    	21.3     	246   	19.4       	8.7        	6202      	-28.7
1044      	17:18:54  	480.7 	-9.7  	19    	21.4     	246   	19.5       	8.8        	6210      	-28.8
1046      	17:18:56  	480.2 	-9.8  	19    	21.4     	245   	19.5       	8.9        	6218      	-28.8
1048      	17:18:58  	479.6 	-9.9  	20    	21.5     	245   	19.5       	9.0        	6227      	-28.7
1050      	17:19:00  	479.1 	-10.0 	20    	21.6     	245   	19.6       	9.0        	6235      	-28.7
1052      	17:19:02  	478.6 	-10.1 	20    	21.6     	245   	19.6       	9.1        	6244      	-27.1
1054      	17:19:04  	478.1 	-10.2 	20    	21.6     	245   	19.6       	9.1        	6252      	-27.2
1056      	17:19:06  	477.5 	-10.3 	20    	21.7     	245   	19.6       	9.2        	6261      	-27.2
1058      	17:19:08  	477.0 	-10.3 	20    	21.7     	245   	19.6       	9.2        	6269      	-27.3
1060      	17:19:10  	476.4 	-10.4 	20    	21.7     	245   	19.6       	9.2        	6278      	-27.3
1062      	17:19:12  	475.9 	-10.5 	20    	21.6     	245   	19.6       	9.1        	6287      	-27.3
1064      	17:19:14  	475.4 	-10.6 	20    	21.6     	245   	19.6       	9.1        	6295      	-27.4
1066      	17:19:16  	474.9 	-10.6 	20    	21.5     	246   	19.6       	8.9        	6304      	-27.5
1068      	17:19:18  	474.4 	-10.7 	20    	21.6     	246   	19.7       	8.8        	6312      	-27.8
1070      	17:19:20  	473.8 	-10.7 	19    	21.5     	246   	19.7       	8.6        	6320      	-28.1
1072      	17:19:22  	473.3 	-10.7 	18    	21.5     	247   	19.8       	8.5        	6328      	-28.5
1074      	17:19:24  	472.8 	-10.8 	17    	21.5     	247   	19.8       	8.4        	6337      	-29.0
1076      	17:19:26  	472.3 	-10.8 	17    	21.5     	247   	19.8       	8.3        	6345      	-29.5
1078      	17:19:28  	471.8 	-10.8 	16    	21.5     	248   	19.9       	8.1        	6354      	-30.1
1080      	17:19:30  	471.3 	-10.9 	15    	21.4     	249   	19.9       	7.8        	6362      	-30.6
1082      	17:19:32  	470.7 	-10.9 	14    	21.3     	249   	19.9       	7.6        	6371      	-31.1
1084      	17:19:34  	470.2 	-10.9 	14    	21.3     	250   	20.0       	7.3        	6379      	-31.5
1086      	17:19:36  	469.7 	-11.0 	13    	21.3     	250   	20.0       	7.2        	6388      	-31.8
1088      	17:19:38  	469.2 	-11.0 	13    	21.2     	251   	20.0       	7.0        	6396      	-32.3
1090      	17:19:40  	468.7 	-11.0 	12    	21.2     	251   	20.0       	6.9        	6404      	-32.9
1092      	17:19:42  	468.2 	-11.1 	11    	20.8     	251   	19.7       	6.8        	6413      	-33.5
1094      	17:19:44  	467.7 	-11.1 	10    	20.6     	251   	19.5       	6.6        	6421      	-34.3
1096      	17:19:46  	467.2 	-11.1 	10    	20.4     	251   	19.3       	6.5        	6429      	-35.0
1098      	17:19:48  	466.7 	-11.1 	9     	20.0     	251   	19.0       	6.4        	6437      	-35.7
1100      	17:19:50  	466.2 	-11.2 	8     	19.9     	251   	18.8       	6.4        	6445      	-36.3
1102      	17:19:52  	465.7 	-11.2 	8     	19.7     	251   	18.6       	6.4        	6453      	-37.0
1104      	17:19:54  	465.2 	-11.3 	7     	19.3     	251   	18.2       	6.4        	6462      	-37.4
1106      	17:19:56  	464.6 	-11.3 	7     	18.8     	250   	17.7       	6.4        	6471      	-37.7
1108      	17:19:58  	464.1 	-11.4 	7     	18.5     	249   	17.3       	6.5        	6479      	-37.9
1110      	17:20:00  	463.6 	-11.5 	7     	18.0     	249   	16.8       	6.5        	6488      	-38.0
1112      	17:20:02  	463.1 	-11.6 	7     	17.9     	248   	16.6       	6.6        	6496      	-38.2
1114      	17:20:04  	462.5 	-11.7 	7     	17.6     	248   	16.3       	6.6        	6505      	-38.4
1116      	17:20:06  	462.0 	-11.7 	7     	17.4     	247   	16.1       	6.7        	6514      	-38.5
1118      	17:20:08  	461.4 	-11.8 	7     	17.1     	246   	15.7       	6.9        	6524      	-38.6
1120      	17:20:10  	460.9 	-11.9 	7     	16.9     	245   	15.3       	7.1        	6533      	-38.7
1122      	17:20:12  	460.3 	-12.0 	7     	16.6     	244   	14.9       	7.3        	6542      	-38.8
1124      	17:20:14  	459.8 	-12.1 	7     	16.4     	243   	14.6       	7.5        	6552      	-39.0
1126      	17:20:16  	459.3 	-12.1 	7     	16.3     	242   	14.4       	7.6        	6560      	-39.1
1128      	17:20:18  	458.7 	-12.2 	7     	16.3     	241   	14.3       	7.8        	6569      	-39.3
1130      	17:20:20  	458.2 	-12.3 	6     	16.1     	240   	14.0       	8.0        	6577      	-39.4
1132      	17:20:22  	457.7 	-12.3 	6     	15.9     	239   	13.6       	8.3        	6586      	-39.7
1134      	17:20:24  	457.2 	-12.4 	6     	15.8     	237   	13.2       	8.6        	6595      	-39.9
1136      	17:20:26  	456.7 	-12.5 	6     	15.6     	236   	12.9       	8.8        	6603      	-40.0
1138      	17:20:28  	456.1 	-12.5 	6     	15.5     	234   	12.6       	9.0        	6612      	-40.2
1140      	17:20:30  	455.6 	-12.6 	6     	15.4     	234   	12.4       	9.1        	6620      	-40.3
1142      	17:20:32  	455.1 	-12.7 	6     	15.3     	233   	12.2       	9.2        	6629      	-40.4
1144      	17:20:34  	454.6 	-12.7 	6     	15.3     	232   	12.1       	9.3        	6638      	-40.4
1146      	17:20:36  	454.0 	-12.8 	6     	15.2     	232   	12.0       	9.4        	6647      	-40.4
1148      	17:20:38  	453.5 	-12.8 	6     	15.3     	231   	11.9       	9.6        	6656      	-40.4
1150      	17:20:40  	453.0 	-12.8 	6     	15.3     	231   	11.9       	9.6        	6665      	-40.3
1152      	17:20:42  	452.5 	-12.8 	6     	15.4     	231   	12.0       	9.6        	6674      	-40.3
1154      	17:20:44  	451.9 	-12.9 	6     	15.4     	232   	12.1       	9.6        	6682      	-40.3
1156      	17:20:46  	451.4 	-12.9 	6     	15.7     	232   	12.3       	9.7        	6691      	-40.3
1158      	17:20:48  	450.9 	-12.9 	6     	16.0     	232   	12.6       	9.8        	6699      	-40.4
1160      	17:20:50  	450.4 	-12.9 	6     	16.2     	232   	12.8       	9.9        	6708      	-40.4
1162      	17:20:52  	449.9 	-12.9 	6     	16.5     	233   	13.1       	10.0       	6717      	-40.5
1164      	17:20:54  	449.4 	-12.9 	6     	16.6     	233   	13.2       	10.1       	6725      	-40.7
1166      	17:20:56  	449.0 	-12.9 	6     	16.8     	233   	13.4       	10.2       	6733      	-40.9
1168      	17:20:58  	448.5 	-12.9 	6     	17.1     	233   	13.6       	10.3       	6741      	-41.2
1170      	17:21:00  	448.0 	-12.9 	5     	17.4     	233   	13.9       	10.4       	6749      	-41.5
1172      	17:21:02  	447.5 	-12.9 	5     	17.7     	234   	14.2       	10.5       	6758      	-41.9
1174      	17:21:04  	447.0 	-13.0 	5     	18.0     	234   	14.5       	10.6       	6766      	-42.4
1176      	17:21:06  	446.5 	-13.0 	5     	18.2     	234   	14.8       	10.6       	6774      	-42.9
1178      	17:21:08  	446.1 	-13.0 	4     	18.3     	235   	14.9       	10.6       	6782      	-43.4
1180      	17:21:10  	445.6 	-13.1 	4     	18.4     	235   	15.1       	10.6       	6790      	-43.8
1182      	17:21:12  	445.1 	-13.1 	4     	18.6     	235   	15.3       	10.6       	6798      	-44.2
1184      	17:21:14  	444.7 	-13.1 	4     	18.7     	236   	15.5       	10.5       	6806      	-44.6
1186      	17:21:16  	444.2 	-13.2 	4     	18.8     	236   	15.7       	10.4       	6814      	-45.0
1188      	17:21:18  	443.7 	-13.2 	4     	19.0     	237   	15.9       	10.4       	6822      	-45.3
1190      	17:21:20  	443.2 	-13.3 	3     	18.9     	237   	15.9       	10.3       	6831      	-45.5
1192      	17:21:22  	442.7 	-13.3 	3     	18.9     	237   	15.9       	10.2       	6840      	-45.7
1194      	17:21:24  	442.2 	-13.4 	3     	18.9     	238   	16.0       	10.1       	6848      	-45.9
1196      	17:21:26  	441.7 	-13.4 	3     	18.8     	238   	16.0       	9.9        	6857      	-46.0
1198      	17:21:28  	441.2 	-13.5 	3     	18.8     	239   	16.0       	9.8        	6865      	-46.1
1200      	17:21:30  	440.8 	-13.5 	3     	18.7     	239   	16.0       	9.6        	6873      	-46.1
1202      	17:21:32  	440.3 	-13.6 	3     	18.6     	239   	16.0       	9.5        	6881      	-46.1
1204      	17:21:34  	439.8 	-13.7 	3     	18.6     	240   	16.0       	9.4        	6890      	-46.1
1206      	17:21:36  	439.3 	-13.7 	3     	18.5     	240   	16.0       	9.3        	6899      	-46.1
1208      	17:21:38  	438.8 	-13.8 	3     	18.4     	240   	16.0       	9.1        	6907      	-46.1
1210      	17:21:40  	438.3 	-13.9 	3     	18.4     	241   	16.1       	9.0        	6916      	-46.1
1212      	17:21:42  	437.8 	-13.9 	3     	18.5     	241   	16.2       	8.9        	6924      	-46.1
1214      	17:21:44  	437.3 	-14.0 	3     	18.4     	241   	16.2       	8.8        	6933      	-46.2
1216      	17:21:46  	436.8 	-14.1 	3     	18.5     	242   	16.3       	8.8        	6941      	-46.2
1218      	17:21:48  	436.4 	-14.1 	4     	18.6     	242   	16.4       	8.8        	6949      	-46.1
1220      	17:21:50  	435.9 	-14.2 	4     	18.7     	242   	16.5       	8.7        	6958      	-46.0
1222      	17:21:52  	435.4 	-14.3 	4     	18.7     	242   	16.6       	8.7        	6967      	-45.9
1224      	17:21:54  	434.9 	-14.3 	4     	18.8     	242   	16.7       	8.7        	6975      	-45.7
1226      	17:21:56  	434.4 	-14.4 	4     	18.9     	243   	16.8       	8.7        	6984      	-45.5
1228      	17:21:58  	433.9 	-14.5 	4     	19.1     	242   	16.9       	8.8        	6992      	-45.3
1230      	17:22:00  	433.4 	-14.5 	4     	19.1     	242   	16.9       	8.8        	7001      	-45.1
1232      	17:22:02  	432.9 	-14.6 	4     	19.1     	243   	17.0       	8.8        	7009      	-44.9
1234      	17:22:04  	432.4 	-14.7 	4     	19.1     	243   	17.0       	8.8        	7018      	-44.8
1236      	17:22:06  	432.0 	-14.8 	4     	19.1     	243   	17.0       	8.8        	7026      	-44.7
1238      	17:22:08  	431.5 	-14.8 	5     	19.2     	243   	17.1       	8.8        	7035      	-44.6
1240      	17:22:10  	431.0 	-14.9 	5     	19.2     	243   	17.1       	8.8        	7043      	-44.5
1242      	17:22:12  	430.5 	-15.0 	5     	19.1     	243   	17.0       	8.8        	7051      	-44.2
1244      	17:22:14  	430.0 	-15.1 	5     	19.1     	243   	17.0       	8.8        	7060      	-43.8
1246      	17:22:16  	429.5 	-15.2 	5     	19.0     	243   	16.9       	8.7        	7068      	-43.5
1248      	17:22:18  	429.1 	-15.2 	5     	19.0     	243   	16.9       	8.7        	7077      	-43.4
1250      	17:22:20  	428.6 	-15.3 	6     	18.9     	243   	16.8       	8.6        	7086      	-43.2
1252      	17:22:22  	428.1 	-15.4 	6     	18.7     	243   	16.7       	8.5        	7095      	-42.9
1254      	17:22:24  	427.6 	-15.4 	6     	18.6     	243   	16.6       	8.5        	7103      	-42.5
1256      	17:22:26  	427.1 	-15.5 	6     	18.6     	243   	16.6       	8.5        	7112      	-42.3
1258      	17:22:28  	426.6 	-15.6 	6     	18.5     	243   	16.5       	8.4        	7120      	-42.1
1260      	17:22:30  	426.2 	-15.7 	7     	18.5     	243   	16.5       	8.4        	7128      	-41.8
1262      	17:22:32  	425.7 	-15.8 	7     	18.5     	243   	16.5       	8.4        	7136      	-41.5
1264      	17:22:34  	425.2 	-15.8 	7     	18.5     	243   	16.5       	8.4        	7145      	-41.2
1266      	17:22:36  	424.8 	-15.9 	8     	18.5     	243   	16.5       	8.4        	7153      	-40.9
1268      	17:22:38  	424.3 	-16.0 	8     	18.6     	243   	16.5       	8.5        	7161      	-40.8
1270      	17:22:40  	423.9 	-16.1 	8     	18.6     	243   	16.6       	8.5        	7169      	-40.7
1272      	17:22:42  	423.4 	-16.2 	8     	18.7     	243   	16.6       	8.6        	7177      	-40.7
1274      	17:22:44  	423.0 	-16.2 	8     	18.7     	243   	16.6       	8.6        	7184      	-40.7
1276      	17:22:46  	422.6 	-16.3 	8     	18.8     	242   	16.7       	8.7        	7192      	-40.6
1278      	17:22:48  	422.1 	-16.4 	8     	18.8     	242   	16.7       	8.7        	7199      	-40.5
1280      	17:22:50  	421.7 	-16.5 	9     	18.9     	242   	16.7       	8.8        	7207      	-40.4
1282      	17:22:52  	421.2 	-16.5 	9     	18.9     	242   	16.7       	8.8        	7215      	-40.3
1284      	17:22:54  	420.8 	-16.6 	9     	18.9     	242   	16.7       	8.8        	7223      	-40.1
1286      	17:22:56  	420.3 	-16.7 	9     	18.9     	242   	16.7       	8.8        	7232      	-40.0
1288      	17:22:58  	419.8 	-16.8 	9     	18.9     	242   	16.7       	8.8        	7240      	-39.9
1290      	17:23:00  	419.4 	-16.9 	10    	18.9     	242   	16.7       	8.8        	7249      	-39.8
1292      	17:23:02  	418.9 	-16.9 	10    	19.0     	242   	16.8       	8.8        	7258      	-39.7
1294      	17:23:04  	418.4 	-17.0 	10    	19.0     	242   	16.8       	8.8        	7266      	-39.7
1296      	17:23:06  	417.9 	-17.1 	10    	19.1     	242   	16.9       	8.8        	7274      	-39.6
1298      	17:23:08  	417.5 	-17.2 	10    	19.1     	242   	16.9       	8.8        	7283      	-39.7
1300      	17:23:10  	417.0 	-17.2 	10    	19.1     	243   	17.0       	8.7        	7291      	-39.7
1302      	17:23:12  	416.5 	-17.3 	10    	19.1     	243   	17.0       	8.6        	7300      	-39.7
1304      	17:23:14  	416.1 	-17.4 	10    	19.1     	243   	17.1       	8.6        	7308      	-39.7
1306      	17:23:16  	415.6 	-17.5 	10    	19.1     	244   	17.1       	8.5        	7317      	-39.8
1308      	17:23:18  	415.1 	-17.5 	10    	19.1     	244   	17.1       	8.5        	7326      	-39.8
1310      	17:23:20  	414.6 	-17.6 	10    	19.1     	244   	17.1       	8.4        	7334      	-39.8
1312      	17:23:22  	414.1 	-17.7 	10    	19.1     	244   	17.2       	8.4        	7343      	-39.9
1314      	17:23:24  	413.7 	-17.7 	10    	19.1     	244   	17.2       	8.3        	7352      	-40.0
1316      	17:23:26  	413.2 	-17.8 	10    	19.2     	244   	17.3       	8.3        	7360      	-40.0
1318      	17:23:28  	412.7 	-17.9 	10    	19.1     	245   	17.3       	8.2        	7369      	-40.1
1320      	17:23:30  	412.2 	-17.9 	10    	19.3     	244   	17.4       	8.3        	7377      	-40.2
1322      	17:23:32  	411.8 	-18.0 	10    	19.3     	244   	17.4       	8.3        	7385      	-40.2
1324      	17:23:34  	411.4 	-18.1 	10    	19.4     	245   	17.5       	8.3        	7393      	-40.3
1326      	17:23:36  	410.9 	-18.1 	10    	19.5     	245   	17.6       	8.3        	7401      	-40.3
1328      	17:23:38  	410.5 	-18.2 	10    	19.5     	245   	17.6       	8.3        	7410      	-40.4
1330      	17:23:40  	410.0 	-18.3 	10    	19.6     	245   	17.7       	8.4        	7418      	-40.4
1332      	17:23:42  	409.6 	-18.3 	10    	19.7     	245   	17.8       	8.4        	7426      	-40.5
1334      	17:23:44  	409.1 	-18.4 	10    	19.7     	245   	17.8       	8.4        	7434      	-40.5
1336      	17:23:46  	408.7 	-18.5 	10    	19.8     	245   	17.9       	8.4        	7442      	-40.6
1338      	17:23:48  	408.2 	-18.6 	10    	19.8     	245   	17.9       	8.5        	7450      	-40.6
1340      	17:23:50  	407.8 	-18.6 	10    	19.9     	244   	18.0       	8.6        	7458      	-40.7
1342      	17:23:52  	407.3 	-18.7 	10    	19.9     	244   	18.0       	8.6        	7466      	-40.7
1344      	17:23:54  	406.9 	-18.8 	10    	20.1     	244   	18.1       	8.7        	7475      	-40.8
1346      	17:23:56  	406.4 	-18.8 	10    	20.1     	244   	18.1       	8.7        	7483      	-40.8
1348      	17:23:58  	406.0 	-18.9 	10    	20.1     	244   	18.1       	8.8        	7491      	-40.8
1350      	17:24:00  	405.6 	-19.0 	10    	20.1     	244   	18.1       	8.8        	7499      	-40.9
1352      	17:24:02  	405.1 	-19.1 	10    	20.0     	244   	18.0       	8.8        	7507      	-40.9
1354      	17:24:04  	404.7 	-19.1 	10    	20.1     	244   	18.0       	8.9        	7515      	-41.0
1356      	17:24:06  	404.2 	-19.2 	10    	20.1     	244   	18.0       	8.9        	7524      	-41.0
1358      	17:24:08  	403.8 	-19.3 	10    	20.0     	244   	17.9       	8.9        	7532      	-41.1
1360      	17:24:10  	403.3 	-19.4 	10    	20.0     	244   	17.9       	8.9        	7540      	-41.2
1362      	17:24:12  	402.9 	-19.4 	10    	19.9     	244   	17.9       	8.8        	7548      	-41.3
1364      	17:24:14  	402.5 	-19.5 	10    	20.0     	244   	18.0       	8.8        	7556      	-41.4
1366      	17:24:16  	402.0 	-19.6 	10    	20.0     	244   	18.0       	8.7        	7564      	-41.5
1368      	17:24:18  	401.6 	-19.7 	10    	20.0     	245   	18.1       	8.6        	7572      	-41.6
1370      	17:24:20  	401.1 	-19.8 	10    	20.0     	245   	18.1       	8.5        	7580      	-41.7
1372      	17:24:22  	400.7 	-19.8 	10    	20.1     	245   	18.2       	8.5        	7589      	-41.7
1374      	17:24:24  	400.3 	-19.9 	10    	20.1     	245   	18.3       	8.4        	7597      	-41.8
1376      	17:24:26  	399.8 	-20.0 	10    	20.2     	246   	18.4       	8.3        	7605      	-41.8
1378      	17:24:28  	399.4 	-20.1 	10    	20.2     	246   	18.5       	8.2        	7613      	-41.8
1380      	17:24:30  	399.0 	-20.1 	10    	20.3     	246   	18.6       	8.1        	7621      	-41.8
1382      	17:24:32  	398.5 	-20.2 	10    	20.3     	246   	18.6       	8.1        	7629      	-41.7
1384      	17:24:34  	398.1 	-20.3 	11    	20.3     	246   	18.6       	8.1        	7637      	-41.7
1386      	17:24:36  	397.6 	-20.4 	11    	20.4     	247   	18.7       	8.1        	7646      	-41.8
1388      	17:24:38  	397.2 	-20.5 	11    	20.4     	247   	18.7       	8.1        	7654      	-41.8
1390      	17:24:40  	396.7 	-20.5 	11    	20.3     	247   	18.7       	8.0        	7662      	-41.8
1392      	17:24:42  	396.3 	-20.6 	11    	20.3     	247   	18.7       	8.0        	7670      	-41.8
1394      	17:24:44  	395.9 	-20.7 	11    	20.4     	247   	18.8       	7.9        	7678      	-41.9
1396      	17:24:46  	395.5 	-20.8 	11    	20.4     	247   	18.8       	7.8        	7686      	-41.9
1398      	17:24:48  	395.0 	-20.8 	11    	20.4     	247   	18.8       	7.8        	7694      	-42.0
1400      	17:24:50  	394.6 	-20.9 	11    	20.3     	248   	18.8       	7.7        	7702      	-42.0
1402      	17:24:52  	394.2 	-21.0 	11    	20.4     	248   	18.9       	7.7        	7710      	-42.1
1404      	17:24:54  	393.8 	-21.1 	11    	20.6     	248   	19.1       	7.6        	7718      	-42.1
1406      	17:24:56  	393.3 	-21.1 	11    	20.6     	248   	19.2       	7.6        	7726      	-42.2
1408      	17:24:58  	392.9 	-21.2 	11    	20.7     	249   	19.3       	7.6        	7734      	-42.3
1410      	17:25:00  	392.5 	-21.3 	11    	20.8     	249   	19.4       	7.6        	7742      	-42.3
1412      	17:25:02  	392.1 	-21.3 	11    	20.9     	249   	19.5       	7.6        	7750      	-42.3
1414      	17:25:04  	391.6 	-21.4 	11    	21.0     	249   	19.6       	7.6        	7758      	-42.3
1416      	17:25:06  	391.2 	-21.5 	11    	21.2     	249   	19.7       	7.7        	7765      	-42.3
1418      	17:25:08  	390.8 	-21.6 	11    	21.3     	249   	19.9       	7.7        	7773      	-42.3
1420      	17:25:10  	390.4 	-21.6 	11    	21.5     	249   	20.0       	7.8        	7780      	-42.3
1422      	17:25:12  	390.0 	-21.7 	11    	21.5     	249   	20.0       	7.8        	7788      	-42.3
1424      	17:25:14  	389.6 	-21.8 	11    	21.5     	249   	20.0       	7.8        	7796      	-42.2
1426      	17:25:16  	389.2 	-21.9 	12    	21.5     	248   	20.0       	7.9        	7804      	-42.2
1428      	17:25:18  	388.7 	-21.9 	12    	21.5     	248   	20.0       	7.9        	7813      	-42.1
1430      	17:25:20  	388.3 	-22.0 	12    	21.6     	248   	20.1       	8.0        	7821      	-42.1
1432      	17:25:22  	387.9 	-22.1 	12    	21.8     	248   	20.2       	8.1        	7829      	-42.0
1434      	17:25:24  	387.4 	-22.1 	12    	21.8     	248   	20.2       	8.1        	7837      	-42.0
1436      	17:25:26  	387.0 	-22.2 	12    	21.9     	248   	20.3       	8.1        	7845      	-42.0
1438      	17:25:28  	386.6 	-22.3 	12    	21.9     	248   	20.3       	8.1        	7853      	-42.0
1440      	17:25:30  	386.2 	-22.3 	12    	22.0     	248   	20.4       	8.2        	7861      	-42.0
1442      	17:25:32  	385.8 	-22.4 	12    	22.2     	248   	20.6       	8.2        	7869      	-42.0
1444      	17:25:34  	385.3 	-22.5 	12    	22.3     	248   	20.7       	8.3        	7877      	-42.1
1446      	17:25:36  	384.9 	-22.5 	12    	22.4     	248   	20.8       	8.4        	7885      	-42.1
1448      	17:25:38  	384.5 	-22.6 	13    	22.5     	248   	20.9       	8.4        	7893      	-42.2
1450      	17:25:40  	384.1 	-22.7 	13    	22.6     	248   	21.0       	8.4        	7901      	-42.2
1452      	17:25:42  	383.7 	-22.7 	13    	22.7     	248   	21.0       	8.5        	7909      	-42.3
1454      	17:25:44  	383.2 	-22.8 	13    	22.8     	248   	21.1       	8.6        	7917      	-42.3
1456      	17:25:46  	382.8 	-22.8 	12    	23.0     	248   	21.3       	8.7        	7925      	-42.4
1458      	17:25:48  	382.4 	-22.9 	12    	23.1     	248   	21.4       	8.8        	7933      	-42.5
1460      	17:25:50  	382.0 	-22.9 	12    	23.2     	247   	21.4       	8.9        	7941      	-42.8
1462      	17:25:52  	381.6 	-23.0 	12    	23.3     	247   	21.5       	9.0        	7949      	-43.1
1464      	17:25:54  	381.1 	-23.1 	11    	23.3     	247   	21.5       	9.0        	7957      	-43.5
1466      	17:25:56  	380.8 	-23.1 	11    	23.3     	247   	21.5       	9.1        	7965      	-43.8
1468      	17:25:58  	380.4 	-23.2 	10    	23.5     	247   	21.6       	9.2        	7972      	-44.2
1470      	17:26:00  	380.0 	-23.2 	10    	23.6     	247   	21.7       	9.2        	7980      	-44.5
1472      	17:26:02  	379.6 	-23.3 	10    	23.6     	247   	21.7       	9.3        	7987      	-44.9
1474      	17:26:04  	379.2 	-23.4 	10    	23.7     	247   	21.8       	9.2        	7995      	-45.0
1476      	17:26:06  	378.8 	-23.4 	10    	23.7     	247   	21.8       	9.2        	8002      	-45.2
1478      	17:26:08  	378.4 	-23.5 	9     	23.7     	247   	21.8       	9.2        	8010      	-45.3
1480      	17:26:10  	378.0 	-23.6 	9     	23.6     	247   	21.8       	9.1        	8017      	-45.5
1482      	17:26:12  	377.6 	-23.7 	9     	23.6     	247   	21.8       	9.1        	8025      	-45.6
1484      	17:26:14  	377.2 	-23.7 	9     	23.6     	248   	21.8       	9.0        	8033      	-45.7
1486      	17:26:16  	376.8 	-23.8 	9     	23.5     	247   	21.7       	9.0        	8041      	-45.8
1488      	17:26:18  	376.4 	-23.9 	9     	23.5     	248   	21.7       	8.9        	8049      	-45.9
1490      	17:26:20  	376.0 	-23.9 	9     	23.4     	248   	21.6       	8.9        	8057      	-46.0
1492      	17:26:22  	375.6 	-24.0 	9     	23.3     	248   	21.5       	8.9        	8065      	-46.2
1494      	17:26:24  	375.2 	-24.1 	9     	23.3     	248   	21.5       	8.9        	8073      	-46.3
1496      	17:26:26  	374.8 	-24.1 	9     	23.1     	248   	21.4       	8.8        	8081      	-46.4
1498      	17:26:28  	374.3 	-24.2 	9     	23.0     	248   	21.3       	8.8        	8089      	-46.4
1500      	17:26:30  	373.9 	-24.3 	9     	23.0     	248   	21.3       	8.8        	8096      	-46.5
1502      	17:26:32  	373.5 	-24.3 	9     	23.0     	247   	21.2       	8.8        	8104      	-46.5
1504      	17:26:34  	373.1 	-24.4 	9     	23.0     	247   	21.2       	8.8        	8113      	-46.3
1506      	17:26:36  	372.7 	-24.4 	10    	23.0     	247   	21.2       	8.8        	8121      	-46.0
1508      	17:26:38  	372.3 	-24.5 	10    	22.9     	247   	21.1       	8.8        	8129      	-45.5
1510      	17:26:40  	371.9 	-24.5 	11    	22.9     	247   	21.1       	8.9        	8137      	-45.1
1512      	17:26:42  	371.5 	-24.6 	11    	22.9     	247   	21.1       	8.9        	8145      	-44.8
1514      	17:26:44  	371.1 	-24.6 	12    	22.9     	247   	21.1       	8.9        	8153      	-44.5
1516      	17:26:46  	370.6 	-24.7 	12    	22.8     	247   	21.0       	8.9        	8161      	-44.2
1518      	17:26:48  	370.2 	-24.7 	12    	22.9     	247   	21.1       	8.9        	8169      	-44.0
1520      	17:26:50  	369.8 	-24.7 	13    	22.9     	247   	21.1       	9.0        	8177      	-43.9
1522      	17:26:52  	369.4 	-24.8 	13    	23.0     	247   	21.2       	9.0        	8185      	-43.9
1524      	17:26:54  	369.0 	-24.8 	13    	23.0     	247   	21.2       	9.0        	8193      	-43.9
1526      	17:26:56  	368.6 	-24.8 	13    	23.1     	247   	21.3       	9.0        	8201      	-43.9
1528      	17:26:58  	368.2 	-24.8 	13    	23.1     	247   	21.3       	9.0        	8209      	-43.8
1530      	17:27:00  	367.8 	-24.8 	13    	23.2     	247   	21.4       	9.0        	8217      	-43.7
1532      	17:27:02  	367.4 	-24.9 	13    	23.4     	248   	21.6       	8.9        	8225      	-43.6
1534      	17:27:04  	367.0 	-24.9 	14    	23.4     	248   	21.7       	8.8        	8233      	-43.4
1536      	17:27:06  	366.6 	-24.9 	14    	23.5     	248   	21.8       	8.7        	8241      	-43.3
1538      	17:27:08  	366.2 	-25.0 	14    	23.6     	248   	21.9       	8.7        	8250      	-43.2
1540      	17:27:10  	365.8 	-25.0 	14    	23.6     	249   	22.0       	8.6        	8258      	-43.2
1542      	17:27:12  	365.3 	-25.1 	14    	23.7     	249   	22.1       	8.5        	8266      	-43.2
1544      	17:27:14  	364.9 	-25.2 	14    	23.7     	249   	22.1       	8.5        	8274      	-43.1
1546      	17:27:16  	364.5 	-25.2 	15    	23.7     	249   	22.2       	8.4        	8282      	-43.1
1548      	17:27:18  	364.1 	-25.3 	15    	23.8     	250   	22.3       	8.3        	8291      	-43.1
1550      	17:27:20  	363.7 	-25.4 	15    	23.8     	250   	22.3       	8.2        	8299      	-43.1
1552      	17:27:22  	363.3 	-25.5 	15    	23.8     	250   	22.3       	8.2        	8307      	-43.1
1554      	17:27:24  	362.9 	-25.5 	15    	23.8     	250   	22.3       	8.2        	8315      	-43.1
1556      	17:27:26  	362.5 	-25.6 	15    	23.7     	250   	22.2       	8.2        	8323      	-43.1
1558      	17:27:28  	362.1 	-25.7 	15    	23.7     	250   	22.2       	8.2        	8331      	-43.1
1560      	17:27:30  	361.7 	-25.8 	15    	23.6     	250   	22.2       	8.1        	8339      	-43.1
1562      	17:27:32  	361.3 	-25.9 	15    	23.5     	250   	22.1       	8.1        	8346      	-43.2
1564      	17:27:34  	360.9 	-25.9 	15    	23.5     	250   	22.1       	8.1        	8354      	-43.2
1566      	17:27:36  	360.5 	-26.0 	16    	23.5     	250   	22.1       	8.1        	8362      	-43.2
1568      	17:27:38  	360.1 	-26.1 	16    	23.5     	250   	22.1       	8.0        	8370      	-43.3
1570      	17:27:40  	359.7 	-26.2 	16    	23.5     	250   	22.1       	7.9        	8378      	-43.3
1572      	17:27:42  	359.3 	-26.3 	16    	23.6     	250   	22.2       	7.9        	8387      	-43.2
1574      	17:27:44  	358.9 	-26.3 	16    	23.5     	251   	22.2       	7.8        	8395      	-43.3
1576      	17:27:46  	358.5 	-26.4 	16    	23.5     	251   	22.2       	7.7        	8403      	-43.2
1578      	17:27:48  	358.1 	-26.5 	16    	23.6     	251   	22.3       	7.6        	8411      	-43.2
1580      	17:27:50  	357.7 	-26.5 	16    	23.6     	251   	22.3       	7.6        	8420      	-43.3
1582      	17:27:52  	357.2 	-26.6 	16    	23.5     	251   	22.3       	7.5        	8428      	-43.3
1584      	17:27:54  	356.8 	-26.7 	16    	23.6     	252   	22.4       	7.4        	8437      	-43.4
1586      	17:27:56  	356.4 	-26.7 	16    	23.6     	252   	22.4       	7.3        	8444      	-43.5
1588      	17:27:58  	356.1 	-26.8 	16    	23.5     	252   	22.4       	7.2        	8452      	-43.6
1590      	17:28:00  	355.7 	-26.9 	16    	23.5     	252   	22.4       	7.2        	8460      	-43.7
1592      	17:28:02  	355.3 	-26.9 	16    	23.5     	252   	22.4       	7.2        	8468      	-43.7
1594      	17:28:04  	354.9 	-27.0 	16    	23.5     	252   	22.4       	7.2        	8475      	-43.8
1596      	17:28:06  	354.5 	-27.1 	16    	23.4     	252   	22.3       	7.2        	8484      	-43.9
1598      	17:28:08  	354.1 	-27.1 	16    	23.4     	252   	22.3       	7.2        	8492      	-43.9
1600      	17:28:10  	353.7 	-27.2 	16    	23.4     	252   	22.3       	7.2        	8500      	-43.9
1602      	17:28:12  	353.3 	-27.2 	16    	23.4     	252   	22.3       	7.2        	8508      	-44.0
1604      	17:28:14  	352.9 	-27.3 	16    	23.5     	252   	22.3       	7.3        	8516      	-44.0
1606      	17:28:16  	352.5 	-27.4 	16    	23.4     	252   	22.2       	7.3        	8524      	-44.0
1608      	17:28:18  	352.1 	-27.4 	16    	23.4     	252   	22.2       	7.3        	8532      	-44.1
1610      	17:28:20  	351.7 	-27.5 	16    	23.3     	251   	22.1       	7.4        	8540      	-44.1
1612      	17:28:22  	351.3 	-27.5 	16    	23.3     	251   	22.1       	7.4        	8548      	-44.1
1614      	17:28:24  	350.9 	-27.6 	16    	23.2     	251   	22.0       	7.4        	8556      	-44.2
1616      	17:28:26  	350.6 	-27.7 	16    	23.1     	251   	21.9       	7.4        	8564      	-44.2
1618      	17:28:28  	350.2 	-27.7 	16    	23.1     	252   	21.9       	7.3        	8572      	-44.3
1620      	17:28:30  	349.8 	-27.8 	16    	23.0     	251   	21.8       	7.3        	8579      	-44.4
1622      	17:28:32  	349.4 	-27.9 	16    	23.0     	251   	21.8       	7.3        	8587      	-44.5
1624      	17:28:34  	349.0 	-28.0 	16    	23.0     	251   	21.8       	7.4        	8595      	-44.6
1626      	17:28:36  	348.6 	-28.0 	16    	23.0     	251   	21.8       	7.4        	8603      	-44.7
1628      	17:28:38  	348.2 	-28.1 	16    	23.0     	251   	21.8       	7.4        	8612      	-44.8
1630      	17:28:40  	347.8 	-28.2 	16    	23.0     	251   	21.8       	7.4        	8620      	-44.9
1632      	17:28:42  	347.4 	-28.2 	16    	23.1     	251   	21.9       	7.5        	8628      	-44.9
1634      	17:28:44  	347.1 	-28.3 	16    	23.1     	251   	21.9       	7.5        	8636      	-45.0
1636      	17:28:46  	346.7 	-28.4 	16    	23.3     	251   	22.1       	7.5        	8644      	-45.1
1638      	17:28:48  	346.3 	-28.4 	16    	23.4     	251   	22.2       	7.5        	8652      	-45.1
1640      	17:28:50  	345.9 	-28.5 	16    	23.5     	251   	22.3       	7.5        	8660      	-45.2
1642      	17:28:52  	345.5 	-28.6 	16    	23.6     	252   	22.4       	7.4        	8668      	-45.4
1644      	17:28:54  	345.1 	-28.6 	16    	23.7     	252   	22.5       	7.4        	8676      	-45.5
1646      	17:28:56  	344.8 	-28.7 	16    	23.7     	252   	22.6       	7.3        	8684      	-45.6
1648      	17:28:58  	344.4 	-28.8 	15    	23.7     	252   	22.6       	7.3        	8692      	-45.6
1650      	17:29:00  	344.0 	-28.8 	15    	23.7     	252   	22.6       	7.2        	8700      	-45.8
1652      	17:29:02  	343.6 	-28.9 	15    	23.8     	253   	22.7       	7.1        	8708      	-45.9
1654      	17:29:04  	343.2 	-28.9 	15    	23.8     	253   	22.7       	7.1        	8716      	-45.9
1656      	17:29:06  	342.8 	-29.0 	15    	23.7     	253   	22.6       	7.1        	8724      	-46.0
1658      	17:29:08  	342.4 	-29.1 	15    	23.7     	253   	22.6       	7.0        	8733      	-46.1
1660      	17:29:10  	342.0 	-29.1 	15    	23.6     	253   	22.5       	7.0        	8741      	-46.2
1662      	17:29:12  	341.6 	-29.2 	15    	23.5     	253   	22.5       	6.9        	8748      	-46.2
1664      	17:29:14  	341.3 	-29.3 	15    	23.5     	253   	22.5       	6.8        	8756      	-46.3
1666      	17:29:16  	340.9 	-29.3 	15    	23.4     	253   	22.4       	6.8        	8764      	-46.4
1668      	17:29:18  	340.5 	-29.4 	15    	23.5     	253   	22.5       	6.7        	8772      	-46.5
1670      	17:29:20  	340.1 	-29.5 	15    	23.5     	253   	22.5       	6.7        	8780      	-46.5
1672      	17:29:22  	339.7 	-29.5 	15    	23.4     	254   	22.5       	6.6        	8788      	-46.6
1674      	17:29:24  	339.4 	-29.6 	15    	23.6     	253   	22.6       	6.7        	8796      	-46.6
1676      	17:29:26  	339.0 	-29.6 	15    	23.7     	254   	22.7       	6.7        	8805      	-46.7
1678      	17:29:28  	338.6 	-29.7 	15    	23.8     	254   	22.8       	6.7        	8813      	-46.8
1680      	17:29:30  	338.2 	-29.7 	15    	23.9     	253   	22.9       	6.8        	8821      	-46.9
1682      	17:29:32  	337.8 	-29.8 	15    	24.0     	254   	23.0       	6.8        	8829      	-47.0
1684      	17:29:34  	337.4 	-29.8 	15    	24.0     	253   	23.0       	6.9        	8837      	-47.1
1686      	17:29:36  	337.0 	-29.9 	14    	24.3     	253   	23.3       	7.0        	8845      	-47.2
1688      	17:29:38  	336.7 	-29.9 	14    	24.6     	253   	23.6       	7.0        	8853      	-47.4
1690      	17:29:40  	336.3 	-30.0 	14    	24.8     	253   	23.8       	7.1        	8861      	-47.5
1692      	17:29:42  	335.9 	-30.0 	14    	25.1     	254   	24.1       	7.1        	8869      	-47.7
1694      	17:29:44  	335.5 	-30.0 	14    	25.3     	254   	24.3       	7.1        	8877      	-47.8
1696      	17:29:46  	335.1 	-30.1 	13    	25.4     	254   	24.4       	7.1        	8886      	-48.0
1698      	17:29:48  	334.8 	-30.1 	13    	25.7     	254   	24.7       	7.0        	8894      	-48.2
1700      	17:29:50  	334.4 	-30.2 	13    	25.8     	255   	24.9       	6.8        	8901      	-48.5
1702      	17:29:52  	334.0 	-30.2 	12    	26.0     	255   	25.2       	6.6        	8909      	-48.7
1704      	17:29:54  	333.6 	-30.3 	12    	26.3     	256   	25.5       	6.4        	8917      	-49.0
1706      	17:29:56  	333.3 	-30.3 	12    	26.3     	256   	25.6       	6.2        	8925      	-49.3
1708      	17:29:58  	332.9 	-30.4 	11    	26.4     	257   	25.7       	6.1        	8934      	-49.5
1710      	17:30:00  	332.5 	-30.4 	11    	26.5     	257   	25.8       	5.9        	8942      	-49.8
1712      	17:30:02  	332.1 	-30.5 	11    	26.5     	258   	25.9       	5.5        	8950      	-50.0
1714      	17:30:04  	331.7 	-30.5 	11    	26.4     	259   	25.9       	5.2        	8959      	-50.2
1716      	17:30:06  	331.4 	-30.6 	10    	26.5     	259   	26.0       	4.9        	8966      	-50.4
1718      	17:30:08  	331.0 	-30.6 	10    	26.4     	260   	26.0       	4.6        	8974      	-50.5
1720      	17:30:10  	330.6 	-30.7 	10    	26.3     	260   	25.9       	4.5        	8982      	-50.7
1722      	17:30:12  	330.2 	-30.7 	10    	26.3     	261   	25.9       	4.3        	8990      	-50.8
1724      	17:30:14  	329.8 	-30.8 	10    	26.1     	261   	25.8       	4.2        	8998      	-51.0
1726      	17:30:16  	329.4 	-30.8 	10    	26.0     	261   	25.7       	4.1        	9007      	-51.1
1728      	17:30:18  	329.0 	-30.9 	10    	25.9     	261   	25.6       	4.0        	9016      	-51.2
1730      	17:30:20  	328.6 	-31.0 	10    	25.8     	261   	25.5       	4.0        	9025      	-51.3
1732      	17:30:22  	328.2 	-31.0 	10    	25.7     	261   	25.4       	4.1        	9033      	-51.3
1734      	17:30:24  	327.8 	-31.1 	10    	25.6     	261   	25.3       	4.2        	9042      	-51.3
1736      	17:30:26  	327.4 	-31.2 	10    	25.7     	260   	25.3       	4.3        	9051      	-51.2
1738      	17:30:28  	327.0 	-31.2 	10    	25.6     	260   	25.2       	4.5        	9059      	-51.2
1740      	17:30:30  	326.6 	-31.3 	10    	25.5     	259   	25.1       	4.7        	9068      	-51.2
1742      	17:30:32  	326.3 	-31.3 	10    	25.5     	259   	25.0       	5.0        	9076      	-51.3
1744      	17:30:34  	325.9 	-31.4 	10    	25.5     	258   	25.0       	5.1        	9084      	-51.4
1746      	17:30:36  	325.5 	-31.5 	10    	25.6     	258   	25.0       	5.3        	9093      	-51.4
1748      	17:30:38  	325.1 	-31.6 	10    	25.6     	258   	25.0       	5.4        	9101      	-51.5
1750      	17:30:40  	324.7 	-31.6 	10    	25.6     	257   	25.0       	5.6        	9109      	-51.6
1752      	17:30:42  	324.4 	-31.7 	10    	25.7     	257   	25.0       	5.9        	9117      	-51.6
1754      	17:30:44  	324.0 	-31.8 	10    	25.8     	256   	25.0       	6.2        	9126      	-51.6
1756      	17:30:46  	323.6 	-31.8 	10    	25.7     	255   	24.9       	6.5        	9134      	-51.4
1758      	17:30:48  	323.3 	-31.9 	11    	25.8     	255   	24.9       	6.6        	9141      	-51.2
1760      	17:30:50  	322.9 	-32.0 	11    	25.8     	255   	24.9       	6.7        	9150      	-51.0
1762      	17:30:52  	322.4 	-32.0 	12    	25.7     	254   	24.8       	6.9        	9159      	-50.8
1764      	17:30:54  	322.0 	-32.1 	12    	25.8     	254   	24.8       	7.1        	9168      	-50.6
1766      	17:30:56  	321.7 	-32.2 	12    	25.8     	254   	24.7       	7.3        	9176      	-50.5
1768      	17:30:58  	321.3 	-32.3 	12    	25.8     	253   	24.7       	7.6        	9184      	-50.4
1770      	17:31:00  	320.9 	-32.3 	12    	25.9     	253   	24.7       	7.7        	9193      	-50.5
1772      	17:31:02  	320.6 	-32.4 	12    	25.9     	252   	24.7       	7.8        	9200      	-50.6
1774      	17:31:04  	320.2 	-32.5 	12    	25.8     	252   	24.6       	7.9        	9208      	-50.7
1776      	17:31:06  	319.9 	-32.5 	12    	25.9     	252   	24.6       	8.0        	9215      	-50.9
1778      	17:31:08  	319.5 	-32.6 	12    	26.0     	252   	24.7       	8.0        	9223      	-51.2
1780      	17:31:10  	319.2 	-32.7 	11    	26.0     	252   	24.7       	8.0        	9231      	-51.5
1782      	17:31:12  	318.8 	-32.8 	11    	26.0     	252   	24.7       	8.1        	9239      	-51.7
1784      	17:31:14  	318.5 	-32.8 	11    	26.0     	252   	24.7       	8.0        	9247      	-51.9
1786      	17:31:16  	318.1 	-32.9 	11    	26.0     	252   	24.7       	8.0        	9254      	-52.0
1788      	17:31:18  	317.8 	-33.0 	11    	26.1     	252   	24.8       	8.0        	9262      	-52.2
1790      	17:31:20  	317.4 	-33.0 	11    	26.0     	252   	24.8       	7.9        	9270      	-52.3
1792      	17:31:22  	317.0 	-33.1 	11    	26.0     	252   	24.8       	7.9        	9278      	-52.5
1794      	17:31:24  	316.7 	-33.2 	11    	26.1     	253   	24.9       	7.8        	9286      	-52.5
1796      	17:31:26  	316.3 	-33.2 	10    	26.1     	253   	24.9       	7.8        	9294      	-52.6
1798      	17:31:28  	315.9 	-33.3 	10    	26.1     	253   	24.9       	7.8        	9302      	-52.7
1800      	17:31:30  	315.6 	-33.4 	10    	26.1     	253   	24.9       	7.8        	9311      	-52.8
1802      	17:31:32  	315.2 	-33.5 	10    	26.1     	253   	24.9       	7.8        	9319      	-52.9
1804      	17:31:34  	314.8 	-33.5 	10    	26.1     	253   	24.9       	7.8        	9327      	-52.9
1806      	17:31:36  	314.5 	-33.6 	10    	26.1     	253   	24.9       	7.7        	9335      	-53.0
1808      	17:31:38  	314.1 	-33.7 	10    	26.1     	253   	24.9       	7.7        	9343      	-53.0
1810      	17:31:40  	313.7 	-33.7 	10    	26.0     	253   	24.8       	7.7        	9351      	-53.1
1812      	17:31:42  	313.4 	-33.8 	10    	26.0     	253   	24.8       	7.7        	9360      	-53.2
1814      	17:31:44  	313.0 	-33.9 	10    	26.0     	253   	24.8       	7.7        	9368      	-53.3
1816      	17:31:46  	312.6 	-33.9 	10    	25.8     	253   	24.7       	7.6        	9376      	-53.4
1818      	17:31:48  	312.3 	-34.0 	10    	25.7     	253   	24.6       	7.6        	9385      	-53.6
1820      	17:31:50  	311.9 	-34.1 	10    	25.7     	253   	24.6       	7.5        	9393      	-53.8
1822      	17:31:52  	311.5 	-34.1 	10    	25.6     	253   	24.5       	7.5        	9401      	-54.0
1824      	17:31:54  	311.2 	-34.2 	10    	25.6     	253   	24.5       	7.4        	9409      	-54.1
1826      	17:31:56  	310.8 	-34.3 	10    	25.5     	253   	24.4       	7.4        	9418      	-54.1
1828      	17:31:58  	310.4 	-34.3 	10    	25.5     	253   	24.4       	7.4        	9426      	-54.2
1830      	17:32:00  	310.1 	-34.4 	10    	25.5     	253   	24.4       	7.4        	9434      	-54.2
1832      	17:32:02  	309.7 	-34.4 	10    	25.5     	253   	24.4       	7.4        	9442      	-54.2
1834      	17:32:04  	309.3 	-34.5 	10    	25.6     	253   	24.5       	7.3        	9450      	-54.1
1836      	17:32:06  	309.0 	-34.6 	10    	25.6     	253   	24.5       	7.3        	9459      	-54.1
1838      	17:32:08  	308.6 	-34.6 	10    	25.7     	253   	24.6       	7.4        	9467      	-54.1
1840      	17:32:10  	308.3 	-34.7 	10    	25.7     	253   	24.6       	7.4        	9475      	-54.0
1842      	17:32:12  	307.9 	-34.8 	10    	25.8     	254   	24.7       	7.3        	9483      	-54.0
1844      	17:32:14  	307.5 	-34.8 	11    	25.7     	254   	24.7       	7.2        	9491      	-53.9
1846      	17:32:16  	307.2 	-34.9 	11    	25.7     	254   	24.7       	7.2        	9500      	-53.9
1848      	17:32:18  	306.8 	-34.9 	11    	25.7     	254   	24.7       	7.1        	9508      	-53.9
1850      	17:32:20  	306.5 	-35.0 	11    	25.7     	254   	24.7       	7.0        	9516      	-53.9
1852      	17:32:22  	306.1 	-35.1 	11    	25.5     	254   	24.6       	6.9        	9524      	-53.9
1854      	17:32:24  	305.7 	-35.1 	11    	25.5     	255   	24.6       	6.7        	9532      	-53.8
1856      	17:32:26  	305.4 	-35.2 	11    	25.3     	255   	24.5       	6.4        	9540      	-53.8
1858      	17:32:28  	305.0 	-35.2 	11    	25.2     	256   	24.5       	6.1        	9549      	-53.8
1860      	17:32:30  	304.7 	-35.3 	12    	25.1     	256   	24.4       	5.9        	9557      	-53.6
1862      	17:32:32  	304.3 	-35.4 	12    	25.1     	257   	24.4       	5.7        	9565      	-53.4
1864      	17:32:34  	304.0 	-35.4 	12    	24.9     	257   	24.3       	5.6        	9572      	-53.3
1866      	17:32:36  	303.6 	-35.5 	13    	24.9     	257   	24.3       	5.4        	9581      	-53.1
1868      	17:32:38  	303.2 	-35.6 	13    	24.7     	258   	24.2       	5.1        	9589      	-52.9
1870      	17:32:40  	302.9 	-35.7 	13    	24.6     	259   	24.1       	4.9        	9598      	-52.8
1872      	17:32:42  	302.5 	-35.7 	14    	24.5     	259   	24.0       	4.7        	9606      	-52.6
1874      	17:32:44  	302.1 	-35.8 	14    	24.4     	259   	24.0       	4.6        	9615      	-52.5
1876      	17:32:46  	301.8 	-35.9 	14    	24.4     	259   	24.0       	4.6        	9623      	-52.5
1878      	17:32:48  	301.4 	-36.0 	14    	24.3     	259   	23.9       	4.5        	9632      	-52.4
1880      	17:32:50  	301.0 	-36.0 	15    	24.2     	260   	23.8       	4.4        	9640      	-52.3
1882      	17:32:52  	300.7 	-36.1 	15    	24.1     	260   	23.7       	4.3        	9648      	-52.2
1884      	17:32:54  	300.3 	-36.2 	15    	24.1     	260   	23.7       	4.2        	9657      	-52.1
1886      	17:32:56  	299.9 	-36.3 	16    	24.0     	260   	23.6       	4.2        	9665      	-52.1
1888      	17:32:58  	299.6 	-36.4 	16    	24.0     	260   	23.6       	4.1        	9674      	-52.0
1890      	17:33:00  	299.2 	-36.4 	16    	23.9     	260   	23.5       	4.1        	9682      	-52.0
1892      	17:33:02  	298.9 	-36.5 	16    	23.8     	260   	23.5       	4.0        	9691      	-51.9
1894      	17:33:04  	298.5 	-36.6 	17    	23.7     	261   	23.4       	3.9        	9699      	-51.8
1896      	17:33:06  	298.1 	-36.7 	17    	23.7     	261   	23.4       	3.8        	9707      	-51.7
1898      	17:33:08  	297.8 	-36.8 	17    	23.6     	261   	23.3       	3.7        	9715      	-51.6
1900      	17:33:10  	297.4 	-36.9 	18    	23.6     	261   	23.3       	3.6        	9724      	-51.5
1902      	17:33:12  	297.1 	-36.9 	18    	23.5     	261   	23.2       	3.6        	9732      	-51.4
1904      	17:33:14  	296.7 	-37.0 	19    	23.5     	261   	23.2       	3.5        	9741      	-51.3
1906      	17:33:16  	296.3 	-37.1 	19    	23.5     	262   	23.3       	3.4        	9749      	-51.2
1908      	17:33:18  	295.9 	-37.2 	20    	23.5     	262   	23.3       	3.2        	9758      	-51.1
1910      	17:33:20  	295.6 	-37.3 	20    	23.6     	262   	23.4       	3.1        	9767      	-51.0
1912      	17:33:22  	295.2 	-37.3 	20    	23.6     	263   	23.4       	3.0        	9776      	-50.9
1914      	17:33:24  	294.8 	-37.4 	21    	23.7     	263   	23.5       	2.9        	9785      	-50.9
1916      	17:33:26  	294.4 	-37.5 	21    	23.8     	263   	23.6       	2.8        	9794      	-50.8
1918      	17:33:28  	294.1 	-37.6 	21    	23.8     	264   	23.7       	2.6        	9802      	-50.8
1920      	17:33:30  	293.7 	-37.7 	22    	23.9     	264   	23.8       	2.5        	9811      	-50.7
1922      	17:33:32  	293.3 	-37.7 	22    	24.0     	265   	23.9       	2.3        	9819      	-50.7
1924      	17:33:34  	293.0 	-37.8 	22    	24.1     	265   	24.0       	2.1        	9827      	-50.7
1926      	17:33:36  	292.7 	-37.9 	22    	24.2     	265   	24.1       	2.1        	9835      	-50.6
1928      	17:33:38  	292.3 	-38.0 	23    	24.2     	265   	24.1       	2.0        	9843      	-50.6
1930      	17:33:40  	292.0 	-38.0 	23    	24.3     	266   	24.2       	1.9        	9851      	-50.6
1932      	17:33:42  	291.6 	-38.1 	23    	24.3     	266   	24.2       	1.8        	9859      	-50.6
1934      	17:33:44  	291.3 	-38.2 	23    	24.4     	266   	24.3       	1.7        	9867      	-50.6
1936      	17:33:46  	290.9 	-38.3 	24    	24.3     	266   	24.3       	1.5        	9876      	-50.6
1938      	17:33:48  	290.6 	-38.4 	24    	24.3     	267   	24.3       	1.4        	9884      	-50.6
1940      	17:33:50  	290.2 	-38.5 	24    	24.3     	267   	24.3       	1.4        	9893      	-50.6
1942      	17:33:52  	289.8 	-38.5 	24    	24.3     	267   	24.3       	1.4        	9902      	-50.6
1944      	17:33:54  	289.5 	-38.6 	24    	24.4     	267   	24.4       	1.3        	9910      	-50.6
1946      	17:33:56  	289.1 	-38.7 	24    	24.4     	267   	24.4       	1.2        	9919      	-50.6
1948      	17:33:58  	288.7 	-38.8 	25    	24.4     	267   	24.4       	1.2        	9928      	-50.7
1950      	17:34:00  	288.4 	-38.9 	25    	24.4     	267   	24.4       	1.1        	9936      	-50.7
1952      	17:34:02  	288.0 	-38.9 	25    	24.5     	267   	24.5       	1.1        	9945      	-50.8
1954      	17:34:04  	287.7 	-39.0 	25    	24.5     	267   	24.5       	1.1        	9953      	-50.9
1956      	17:34:06  	287.3 	-39.1 	25    	24.5     	267   	24.5       	1.1        	9961      	-50.9
1958      	17:34:08  	287.0 	-39.2 	25    	24.5     	268   	24.5       	1.0        	9970      	-50.9
1960      	17:34:10  	286.6 	-39.3 	25    	24.5     	268   	24.5       	0.9        	9978      	-50.9
1962      	17:34:12  	286.3 	-39.3 	25    	24.5     	268   	24.5       	0.8        	9987      	-50.9
1964      	17:34:14  	285.9 	-39.4 	26    	24.5     	268   	24.5       	0.8        	9996      	-50.9
1966      	17:34:16  	285.5 	-39.5 	26    	24.5     	268   	24.5       	0.7        	10004     	-50.9
1968      	17:34:18  	285.2 	-39.6 	26    	24.5     	269   	24.5       	0.6        	10013     	-50.8
1970      	17:34:20  	284.8 	-39.6 	27    	24.5     	269   	24.5       	0.6        	10021     	-50.8
1972      	17:34:22  	284.5 	-39.7 	27    	24.5     	269   	24.5       	0.5        	10030     	-50.8
1974      	17:34:24  	284.1 	-39.8 	27    	24.5     	269   	24.5       	0.4        	10038     	-50.9
1976      	17:34:26  	283.8 	-39.9 	27    	24.5     	269   	24.5       	0.4        	10046     	-50.9
1978      	17:34:28  	283.4 	-40.0 	27    	24.5     	269   	24.5       	0.4        	10055     	-50.9
1980      	17:34:30  	283.1 	-40.0 	27    	24.5     	269   	24.5       	0.4        	10063     	-50.9
1982      	17:34:32  	282.8 	-40.1 	28    	24.5     	269   	24.5       	0.4        	10071     	-51.0
1984      	17:34:34  	282.4 	-40.2 	28    	24.5     	270   	24.5       	0.2        	10079     	-51.0
1986      	17:34:36  	282.1 	-40.3 	28    	24.4     	270   	24.4       	0.1        	10087     	-51.0
1988      	17:34:38  	281.7 	-40.3 	28    	24.4     	270   	24.4       	0.0        	10096     	-51.1
1990      	17:34:40  	281.4 	-40.4 	28    	24.4     	270   	24.4       	-0.2       	10104     	-51.1
1992      	17:34:42  	281.0 	-40.5 	28    	24.4     	271   	24.4       	-0.3       	10113     	-51.2
1994      	17:34:44  	280.7 	-40.5 	28    	24.4     	271   	24.4       	-0.4       	10121     	-51.3
1996      	17:34:46  	280.3 	-40.6 	28    	24.4     	271   	24.4       	-0.5       	10130     	-51.4
1998      	17:34:48  	280.0 	-40.7 	27    	24.4     	271   	24.4       	-0.6       	10139     	-51.5
2000      	17:34:50  	279.6 	-40.7 	27    	24.4     	272   	24.4       	-0.7       	10148     	-51.6
2002      	17:34:52  	279.3 	-40.8 	27    	24.4     	272   	24.4       	-0.7       	10156     	-51.7
2004      	17:34:54  	278.9 	-40.9 	27    	24.5     	272   	24.5       	-0.7       	10165     	-51.9
2006      	17:34:56  	278.6 	-40.9 	27    	24.5     	271   	24.5       	-0.6       	10173     	-52.0
2008      	17:34:58  	278.2 	-41.0 	27    	24.5     	271   	24.5       	-0.6       	10181     	-52.0
2010      	17:35:00  	277.9 	-41.1 	27    	24.6     	271   	24.6       	-0.5       	10190     	-52.1
2012      	17:35:02  	277.5 	-41.2 	27    	24.7     	271   	24.7       	-0.5       	10198     	-52.1
2014      	17:35:04  	277.2 	-41.2 	27    	24.8     	271   	24.8       	-0.4       	10207     	-52.2
2016      	17:35:06  	276.8 	-41.3 	27    	24.9     	271   	24.9       	-0.4       	10216     	-52.2
2018      	17:35:08  	276.4 	-41.4 	27    	25.0     	271   	25.0       	-0.4       	10225     	-52.3
2020      	17:35:10  	276.1 	-41.4 	27    	25.0     	271   	25.0       	-0.4       	10234     	-52.4
2022      	17:35:12  	275.7 	-41.5 	27    	25.2     	271   	25.2       	-0.4       	10242     	-52.5
2024      	17:35:14  	275.4 	-41.6 	26    	25.3     	271   	25.3       	-0.4       	10251     	-52.7
2026      	17:35:16  	275.0 	-41.7 	26    	25.5     	271   	25.5       	-0.4       	10260     	-52.8
2028      	17:35:18  	274.7 	-41.7 	26    	25.6     	271   	25.6       	-0.4       	10268     	-52.9
2030      	17:35:20  	274.3 	-41.8 	26    	25.7     	271   	25.7       	-0.4       	10277     	-53.0
2032      	17:35:22  	273.9 	-41.9 	26    	25.8     	271   	25.8       	-0.4       	10286     	-53.1
2034      	17:35:24  	273.6 	-42.0 	26    	25.9     	271   	25.9       	-0.4       	10295     	-53.1
2036      	17:35:26  	273.3 	-42.0 	26    	26.0     	271   	26.0       	-0.4       	10303     	-53.1
2038      	17:35:28  	272.9 	-42.1 	27    	26.1     	271   	26.1       	-0.4       	10311     	-53.0
2040      	17:35:30  	272.6 	-42.2 	27    	26.3     	271   	26.3       	-0.4       	10319     	-53.0
2042      	17:35:32  	272.3 	-42.3 	27    	26.4     	271   	26.4       	-0.5       	10328     	-53.0
2044      	17:35:34  	271.9 	-42.3 	28    	26.4     	271   	26.4       	-0.5       	10336     	-53.0
2046      	17:35:36  	271.6 	-42.4 	28    	26.5     	271   	26.5       	-0.6       	10344     	-52.9
2048      	17:35:38  	271.3 	-42.5 	28    	26.5     	271   	26.5       	-0.6       	10353     	-52.9
2050      	17:35:40  	270.9 	-42.6 	29    	26.5     	271   	26.5       	-0.6       	10361     	-52.9
2052      	17:35:42  	270.6 	-42.6 	29    	26.6     	272   	26.6       	-0.7       	10370     	-52.9
2054      	17:35:44  	270.2 	-42.7 	29    	26.6     	272   	26.6       	-0.7       	10378     	-53.0
2056      	17:35:46  	269.9 	-42.8 	29    	26.5     	272   	26.5       	-0.7       	10387     	-53.0
2058      	17:35:48  	269.6 	-42.9 	29    	26.5     	272   	26.5       	-0.7       	10395     	-53.1
2060      	17:35:50  	269.2 	-42.9 	29    	26.5     	272   	26.5       	-0.7       	10404     	-53.1
2062      	17:35:52  	268.8 	-43.0 	29    	26.5     	272   	26.5       	-0.8       	10414     	-53.2
2064      	17:35:54  	268.5 	-43.1 	29    	26.6     	272   	26.6       	-0.9       	10423     	-53.2
2066      	17:35:56  	268.1 	-43.2 	29    	26.6     	272   	26.6       	-0.9       	10431     	-53.3
2068      	17:35:58  	267.8 	-43.2 	29    	26.7     	272   	26.7       	-1.0       	10440     	-53.3
2070      	17:36:00  	267.4 	-43.3 	29    	26.8     	272   	26.8       	-1.0       	10449     	-53.4
2072      	17:36:02  	267.1 	-43.4 	29    	26.8     	272   	26.8       	-1.1       	10458     	-53.5
2074      	17:36:04  	266.7 	-43.5 	29    	27.0     	273   	27.0       	-1.2       	10466     	-53.6
2076      	17:36:06  	266.4 	-43.5 	29    	27.2     	273   	27.2       	-1.3       	10475     	-53.7
2078      	17:36:08  	266.0 	-43.6 	29    	27.4     	273   	27.4       	-1.4       	10484     	-53.7
2080      	17:36:10  	265.7 	-43.7 	29    	27.6     	273   	27.6       	-1.4       	10493     	-53.8
2082      	17:36:12  	265.3 	-43.8 	29    	27.7     	273   	27.7       	-1.4       	10501     	-53.9
2084      	17:36:14  	265.0 	-43.8 	29    	27.9     	273   	27.9       	-1.5       	10510     	-53.9
2086      	17:36:16  	264.6 	-43.9 	29    	28.0     	273   	28.0       	-1.5       	10519     	-53.9
2088      	17:36:18  	264.3 	-44.0 	29    	28.2     	273   	28.2       	-1.6       	10528     	-54.0
2090      	17:36:20  	263.9 	-44.1 	29    	28.3     	273   	28.3       	-1.6       	10537     	-54.1
2092      	17:36:22  	263.6 	-44.1 	29    	28.6     	273   	28.5       	-1.7       	10545     	-54.2
2094      	17:36:24  	263.3 	-44.2 	29    	28.6     	274   	28.5       	-1.8       	10554     	-54.3
2096      	17:36:26  	262.9 	-44.3 	29    	28.7     	274   	28.6       	-1.8       	10562     	-54.4
2098      	17:36:28  	262.6 	-44.4 	29    	28.7     	274   	28.6       	-1.8       	10571     	-54.4
2100      	17:36:30  	262.3 	-44.5 	29    	28.8     	274   	28.7       	-1.9       	10579     	-54.5
2102      	17:36:32  	261.9 	-44.6 	30    	28.8     	274   	28.7       	-1.9       	10588     	-54.5
2104      	17:36:34  	261.6 	-44.6 	30    	28.9     	274   	28.8       	-2.0       	10597     	-54.5
2106      	17:36:36  	261.2 	-44.7 	30    	28.9     	274   	28.8       	-2.0       	10606     	-54.5
2108      	17:36:38  	260.9 	-44.8 	30    	29.0     	274   	28.9       	-2.0       	10615     	-54.4
2110      	17:36:40  	260.5 	-44.9 	31    	29.0     	274   	28.9       	-2.0       	10623     	-54.5
2112      	17:36:42  	260.2 	-44.9 	31    	29.0     	274   	28.9       	-2.1       	10632     	-54.5
2114      	17:36:44  	259.9 	-45.0 	31    	28.9     	274   	28.8       	-2.2       	10641     	-54.5
2116      	17:36:46  	259.5 	-45.1 	31    	28.9     	275   	28.8       	-2.3       	10650     	-54.6
2118      	17:36:48  	259.2 	-45.1 	31    	28.8     	275   	28.7       	-2.4       	10658     	-54.6
2120      	17:36:50  	258.9 	-45.2 	32    	28.8     	275   	28.7       	-2.5       	10667     	-54.6
2122      	17:36:52  	258.5 	-45.3 	32    	28.7     	275   	28.6       	-2.7       	10676     	-54.5
2124      	17:36:54  	258.2 	-45.3 	32    	28.6     	276   	28.5       	-2.8       	10684     	-54.5
2126      	17:36:56  	257.8 	-45.4 	33    	28.6     	276   	28.5       	-2.9       	10693     	-54.5
2128      	17:36:58  	257.5 	-45.5 	33    	28.7     	276   	28.5       	-3.1       	10703     	-54.5
2130      	17:37:00  	257.1 	-45.5 	33    	28.7     	276   	28.5       	-3.2       	10712     	-54.5
2132      	17:37:02  	256.8 	-45.6 	33    	28.7     	277   	28.5       	-3.3       	10720     	-54.6
2134      	17:37:04  	256.4 	-45.7 	33    	28.8     	277   	28.6       	-3.3       	10729     	-54.6
2136      	17:37:06  	256.1 	-45.7 	33    	28.8     	277   	28.6       	-3.3       	10738     	-54.7
2138      	17:37:08  	255.8 	-45.8 	33    	28.9     	277   	28.7       	-3.4       	10747     	-54.7
2140      	17:37:10  	255.4 	-45.9 	33    	28.9     	277   	28.7       	-3.4       	10756     	-54.8
2142      	17:37:12  	255.1 	-46.0 	33    	29.0     	277   	28.8       	-3.4       	10764     	-54.9
2144      	17:37:14  	254.8 	-46.0 	33    	29.0     	277   	28.8       	-3.4       	10773     	-54.9
2146      	17:37:16  	254.4 	-46.1 	33    	29.0     	277   	28.8       	-3.4       	10782     	-55.0
2148      	17:37:18  	254.1 	-46.2 	33    	29.0     	277   	28.8       	-3.3       	10791     	-55.0
2150      	17:37:20  	253.8 	-46.3 	34    	28.9     	277   	28.7       	-3.3       	10799     	-55.0
2152      	17:37:22  	253.4 	-46.4 	34    	28.9     	277   	28.7       	-3.3       	10807     	-55.1
2154      	17:37:24  	253.1 	-46.4 	34    	28.9     	276   	28.7       	-3.2       	10816     	-55.1
2156      	17:37:26  	252.8 	-46.5 	34    	28.9     	276   	28.7       	-3.2       	10825     	-55.2
2158      	17:37:28  	252.5 	-46.6 	34    	28.9     	276   	28.7       	-3.2       	10833     	-55.2
2160      	17:37:30  	252.1 	-46.7 	34    	28.9     	276   	28.7       	-3.2       	10842     	-55.3
2162      	17:37:32  	251.8 	-46.7 	34    	28.9     	276   	28.7       	-3.1       	10850     	-55.4
2164      	17:37:34  	251.5 	-46.8 	34    	29.0     	276   	28.8       	-3.1       	10859     	-55.4
2166      	17:37:36  	251.2 	-46.9 	34    	29.1     	276   	28.9       	-3.1       	10867     	-55.5
2168      	17:37:38  	250.8 	-47.0 	34    	29.2     	276   	29.0       	-3.0       	10876     	-55.6
2170      	17:37:40  	250.5 	-47.1 	34    	29.4     	276   	29.2       	-3.0       	10885     	-55.6
2172      	17:37:42  	250.2 	-47.1 	34    	29.5     	276   	29.3       	-3.0       	10894     	-55.7
2174      	17:37:44  	249.8 	-47.2 	35    	29.6     	276   	29.4       	-3.0       	10902     	-55.7
2176      	17:37:46  	249.5 	-47.3 	35    	29.6     	276   	29.5       	-2.9       	10911     	-55.7
2178      	17:37:48  	249.2 	-47.3 	35    	29.7     	275   	29.6       	-2.8       	10920     	-55.7
2180      	17:37:50  	248.9 	-47.4 	35    	29.8     	275   	29.7       	-2.6       	10928     	-55.7
2182      	17:37:52  	248.5 	-47.5 	35    	29.9     	275   	29.8       	-2.5       	10937     	-55.8
2184      	17:37:54  	248.2 	-47.6 	35    	30.0     	275   	29.9       	-2.4       	10946     	-55.8
2186      	17:37:56  	247.9 	-47.6 	36    	30.0     	274   	29.9       	-2.3       	10954     	-55.8
2188      	17:37:58  	247.6 	-47.7 	36    	30.1     	274   	30.0       	-2.2       	10963     	-55.9
2190      	17:38:00  	247.2 	-47.8 	36    	30.3     	274   	30.2       	-2.0       	10972     	-55.9
2192      	17:38:02  	246.9 	-47.9 	36    	30.5     	274   	30.4       	-1.9       	10980     	-56.0
2194      	17:38:04  	246.6 	-47.9 	36    	30.7     	273   	30.6       	-1.8       	10990     	-56.0
2196      	17:38:06  	246.2 	-48.0 	36    	30.7     	273   	30.7       	-1.7       	10999     	-56.1
2198      	17:38:08  	245.9 	-48.1 	36    	30.9     	273   	30.9       	-1.7       	11008     	-56.1
2200      	17:38:10  	245.5 	-48.1 	36    	31.1     	273   	31.1       	-1.7       	11017     	-56.2
2202      	17:38:12  	245.2 	-48.2 	36    	31.2     	273   	31.2       	-1.7       	11026     	-56.3
2204      	17:38:14  	244.9 	-48.2 	36    	31.5     	273   	31.4       	-1.9       	11035     	-56.4
2206      	17:38:16  	244.6 	-48.3 	36    	31.7     	274   	31.6       	-2.1       	11043     	-56.5
2208      	17:38:18  	244.2 	-48.4 	36    	31.8     	274   	31.7       	-2.2       	11052     	-56.5
2210      	17:38:20  	243.9 	-48.4 	36    	31.8     	274   	31.7       	-2.4       	11061     	-56.6
2212      	17:38:22  	243.6 	-48.5 	36    	31.8     	275   	31.7       	-2.6       	11069     	-56.7
2214      	17:38:24  	243.3 	-48.6 	35    	31.8     	275   	31.7       	-2.8       	11078     	-56.7
2216      	17:38:26  	243.0 	-48.6 	36    	31.8     	275   	31.7       	-3.0       	11086     	-56.8
2218      	17:38:28  	242.7 	-48.7 	36    	31.9     	276   	31.7       	-3.2       	11095     	-56.8
2220      	17:38:30  	242.3 	-48.7 	36    	31.8     	276   	31.6       	-3.4       	11103     	-56.9
2222      	17:38:32  	242.0 	-48.8 	36    	31.8     	276   	31.6       	-3.6       	11112     	-56.9
2224      	17:38:34  	241.7 	-48.9 	36    	31.7     	277   	31.5       	-3.6       	11120     	-57.0
2226      	17:38:36  	241.4 	-49.0 	36    	31.7     	277   	31.5       	-3.6       	11129     	-57.0
2228      	17:38:38  	241.1 	-49.0 	36    	31.7     	277   	31.5       	-3.7       	11138     	-57.0
2230      	17:38:40  	240.7 	-49.1 	36    	31.8     	277   	31.6       	-3.8       	11147     	-57.1
2232      	17:38:42  	240.4 	-49.1 	36    	31.8     	277   	31.6       	-3.9       	11156     	-57.2
2234      	17:38:44  	240.1 	-49.2 	36    	32.0     	277   	31.7       	-4.0       	11165     	-57.2
2236      	17:38:46  	239.8 	-49.3 	36    	32.1     	277   	31.8       	-4.1       	11173     	-57.3
2238      	17:38:48  	239.5 	-49.4 	36    	32.3     	277   	32.0       	-4.2       	11182     	-57.4
2240      	17:38:50  	239.2 	-49.4 	36    	32.4     	277   	32.1       	-4.2       	11190     	-57.5
2242      	17:38:52  	238.9 	-49.5 	35    	32.5     	278   	32.2       	-4.3       	11198     	-57.6
2244      	17:38:54  	238.6 	-49.6 	35    	32.6     	278   	32.3       	-4.3       	11206     	-57.7
2246      	17:38:56  	238.3 	-49.6 	35    	32.7     	278   	32.4       	-4.4       	11214     	-57.8
2248      	17:38:58  	238.0 	-49.7 	35    	32.8     	278   	32.5       	-4.4       	11222     	-57.9
2250      	17:39:00  	237.7 	-49.8 	35    	32.8     	278   	32.5       	-4.4       	11231     	-58.0
2252      	17:39:02  	237.3 	-49.9 	35    	32.8     	278   	32.5       	-4.4       	11240     	-58.1
2254      	17:39:04  	237.0 	-49.9 	35    	33.0     	278   	32.7       	-4.4       	11249     	-58.2
2256      	17:39:06  	236.7 	-50.0 	35    	33.1     	278   	32.8       	-4.5       	11258     	-58.2
2258      	17:39:08  	236.4 	-50.1 	35    	33.3     	278   	33.0       	-4.5       	11267     	-58.3
2260      	17:39:10  	236.1 	-50.1 	35    	33.5     	278   	33.2       	-4.6       	11275     	-58.3
2262      	17:39:12  	235.8 	-50.2 	35    	33.7     	278   	33.4       	-4.6       	11284     	-58.4
2264      	17:39:14  	235.4 	-50.3 	35    	33.9     	278   	33.6       	-4.7       	11292     	-58.5
2266      	17:39:16  	235.1 	-50.4 	35    	34.1     	278   	33.8       	-4.8       	11301     	-58.5
2268      	17:39:18  	234.8 	-50.4 	35    	34.3     	278   	33.9       	-4.9       	11309     	-58.6
2270      	17:39:20  	234.5 	-50.5 	35    	34.4     	278   	34.0       	-5.0       	11318     	-58.6
2272      	17:39:22  	234.2 	-50.6 	35    	34.5     	279   	34.1       	-5.1       	11326     	-58.6
2274      	17:39:24  	233.9 	-50.7 	35    	34.5     	279   	34.1       	-5.1       	11334     	-58.7
2276      	17:39:26  	233.7 	-50.7 	35    	34.4     	279   	34.0       	-5.1       	11342     	-58.8
2278      	17:39:28  	233.4 	-50.8 	35    	34.3     	279   	33.9       	-5.2       	11349     	-58.9
2280      	17:39:30  	233.1 	-50.9 	35    	34.2     	279   	33.8       	-5.3       	11358     	-58.9
2282      	17:39:32  	232.8 	-50.9 	35    	34.1     	279   	33.7       	-5.4       	11366     	-59.0
2284      	17:39:34  	232.5 	-51.0 	35    	34.0     	279   	33.6       	-5.5       	11374     	-59.1
2286      	17:39:36  	232.2 	-51.1 	35    	34.0     	279   	33.5       	-5.6       	11382     	-59.2
2288      	17:39:38  	231.9 	-51.1 	35    	33.9     	280   	33.4       	-5.6       	11390     	-59.2
2290      	17:39:40  	231.6 	-51.2 	35    	33.9     	280   	33.4       	-5.7       	11399     	-59.2
2292      	17:39:42  	231.3 	-51.3 	36    	33.9     	280   	33.4       	-5.8       	11407     	-59.2
2294      	17:39:44  	231.0 	-51.4 	36    	33.9     	280   	33.4       	-5.9       	11415     	-59.3
2296      	17:39:46  	230.8 	-51.4 	36    	33.9     	280   	33.4       	-5.9       	11423     	-59.3
2298      	17:39:48  	230.5 	-51.5 	37    	33.9     	280   	33.4       	-6.0       	11431     	-59.3
2300      	17:39:50  	230.2 	-51.6 	37    	33.9     	280   	33.4       	-6.0       	11439     	-59.3
2302      	17:39:52  	229.9 	-51.6 	37    	33.9     	280   	33.4       	-6.0       	11447     	-59.3
2304      	17:39:54  	229.6 	-51.7 	37    	34.1     	280   	33.5       	-6.1       	11455     	-59.3
2306      	17:39:56  	229.3 	-51.8 	38    	34.0     	280   	33.4       	-6.1       	11463     	-59.3
2308      	17:39:58  	229.1 	-51.8 	38    	34.0     	281   	33.4       	-6.2       	11471     	-59.3
2310      	17:40:00  	228.8 	-51.9 	38    	34.0     	281   	33.4       	-6.3       	11479     	-59.4
2312      	17:40:02  	228.5 	-51.9 	38    	33.9     	281   	33.3       	-6.4       	11488     	-59.4
2314      	17:40:04  	228.2 	-52.0 	38    	33.8     	281   	33.2       	-6.5       	11496     	-59.5
2316      	17:40:06  	227.9 	-52.0 	38    	33.8     	281   	33.2       	-6.6       	11504     	-59.5
2318      	17:40:08  	227.6 	-52.1 	38    	33.7     	281   	33.0       	-6.7       	11512     	-59.6
2320      	17:40:10  	227.3 	-52.2 	38    	33.6     	282   	32.9       	-6.9       	11521     	-59.6
2322      	17:40:12  	227.0 	-52.2 	38    	33.5     	282   	32.8       	-7.0       	11529     	-59.7
2324      	17:40:14  	226.7 	-52.3 	38    	33.5     	282   	32.7       	-7.1       	11538     	-59.7
2326      	17:40:16  	226.4 	-52.3 	38    	33.4     	282   	32.6       	-7.2       	11546     	-59.7
2328      	17:40:18  	226.1 	-52.4 	38    	33.4     	282   	32.6       	-7.2       	11554     	-59.8
2330      	17:40:20  	225.9 	-52.4 	38    	33.4     	283   	32.6       	-7.3       	11562     	-59.8
2332      	17:40:22  	225.6 	-52.5 	38    	33.5     	283   	32.7       	-7.4       	11570     	-59.9
2334      	17:40:24  	225.3 	-52.6 	38    	33.5     	283   	32.7       	-7.5       	11578     	-59.9
2336      	17:40:26  	225.0 	-52.6 	38    	33.7     	283   	32.8       	-7.6       	11586     	-59.9
2338      	17:40:28  	224.7 	-52.7 	39    	33.8     	283   	32.9       	-7.6       	11594     	-60.0
2340      	17:40:30  	224.4 	-52.7 	39    	33.9     	283   	33.0       	-7.6       	11602     	-60.0
2342      	17:40:32  	224.2 	-52.8 	39    	34.1     	283   	33.2       	-7.7       	11610     	-60.1
2344      	17:40:34  	223.9 	-52.9 	38    	34.3     	283   	33.4       	-7.8       	11618     	-60.1
2346      	17:40:36  	223.6 	-52.9 	38    	34.6     	283   	33.7       	-7.9       	11626     	-60.2
2348      	17:40:38  	223.3 	-53.0 	38    	34.8     	283   	33.9       	-8.0       	11634     	-60.3
2350      	17:40:40  	223.0 	-53.0 	38    	35.0     	283   	34.0       	-8.1       	11643     	-60.4
2352      	17:40:42  	222.8 	-53.1 	37    	35.2     	283   	34.2       	-8.2       	11651     	-60.5
2354      	17:40:44  	222.5 	-53.2 	37    	35.3     	283   	34.3       	-8.2       	11660     	-60.7
2356      	17:40:46  	222.2 	-53.2 	37    	35.4     	284   	34.4       	-8.4       	11668     	-60.8
2358      	17:40:48  	221.9 	-53.3 	37    	35.6     	284   	34.5       	-8.6       	11676     	-60.8
2360      	17:40:50  	221.6 	-53.3 	37    	35.6     	284   	34.5       	-8.8       	11685     	-60.8
2362      	17:40:52  	221.3 	-53.4 	37    	35.7     	284   	34.6       	-8.9       	11693     	-60.8
2364      	17:40:54  	221.0 	-53.4 	38    	35.7     	285   	34.5       	-9.0       	11701     	-60.8
2366      	17:40:56  	220.7 	-53.5 	38    	35.6     	285   	34.4       	-9.1       	11710     	-60.8
2368      	17:40:58  	220.5 	-53.6 	39    	35.6     	285   	34.4       	-9.3       	11718     	-60.8
2370      	17:41:00  	220.2 	-53.6 	39    	35.6     	285   	34.3       	-9.5       	11726     	-60.7
2372      	17:41:02  	219.9 	-53.7 	39    	35.6     	286   	34.3       	-9.7       	11735     	-60.7
2374      	17:41:04  	219.6 	-53.7 	39    	35.6     	286   	34.2       	-9.9       	11743     	-60.8
2376      	17:41:06  	219.3 	-53.8 	40    	35.7     	286   	34.2       	-10.1      	11751     	-60.8
2378      	17:41:08  	219.0 	-53.9 	40    	35.7     	287   	34.2       	-10.2      	11759     	-60.9
2380      	17:41:10  	218.8 	-53.9 	40    	35.7     	287   	34.2       	-10.3      	11767     	-60.9
2382      	17:41:12  	218.5 	-54.0 	40    	35.7     	287   	34.1       	-10.5      	11775     	-60.9
2384      	17:41:14  	218.2 	-54.0 	40    	35.6     	287   	34.0       	-10.7      	11784     	-61.0
2386      	17:41:16  	217.9 	-54.1 	40    	35.5     	288   	33.8       	-10.9      	11792     	-61.0
2388      	17:41:18  	217.7 	-54.1 	40    	35.5     	288   	33.7       	-11.1      	11800     	-61.0
2390      	17:41:20  	217.4 	-54.2 	40    	35.4     	288   	33.6       	-11.2      	11808     	-61.0
2392      	17:41:22  	217.1 	-54.2 	40    	35.4     	289   	33.5       	-11.3      	11815     	-61.1
2394      	17:41:24  	216.9 	-54.3 	40    	35.3     	289   	33.4       	-11.3      	11823     	-61.2
2396      	17:41:26  	216.6 	-54.3 	40    	35.2     	289   	33.3       	-11.4      	11831     	-61.3
2398      	17:41:28  	216.3 	-54.4 	39    	35.1     	289   	33.2       	-11.5      	11839     	-61.4
2400      	17:41:30  	216.0 	-54.4 	39    	35.0     	289   	33.1       	-11.5      	11848     	-61.5
2402      	17:41:32  	215.8 	-54.5 	38    	35.0     	289   	33.1       	-11.5      	11856     	-61.6
2404      	17:41:34  	215.5 	-54.5 	38    	35.1     	289   	33.2       	-11.5      	11864     	-61.8
2406      	17:41:36  	215.2 	-54.5 	38    	35.1     	289   	33.2       	-11.5      	11873     	-61.8
2408      	17:41:38  	214.9 	-54.6 	38    	35.2     	289   	33.3       	-11.4      	11881     	-61.9
2410      	17:41:40  	214.6 	-54.6 	37    	35.3     	289   	33.4       	-11.4      	11889     	-62.0
2412      	17:41:42  	214.4 	-54.6 	37    	35.5     	289   	33.6       	-11.4      	11897     	-62.0
2414      	17:41:44  	214.1 	-54.6 	37    	35.6     	289   	33.7       	-11.4      	11906     	-62.1
2416      	17:41:46  	213.8 	-54.7 	37    	35.5     	289   	33.7       	-11.3      	11914     	-62.2
2418      	17:41:48  	213.6 	-54.7 	36    	35.6     	288   	33.8       	-11.3      	11922     	-62.2
2420      	17:41:50  	213.3 	-54.7 	36    	35.6     	288   	33.8       	-11.2      	11931     	-62.3
2422      	17:41:52  	213.0 	-54.7 	36    	35.4     	288   	33.7       	-11.0      	11939     	-62.4
2424      	17:41:54  	212.7 	-54.7 	35    	35.4     	288   	33.7       	-10.8      	11948     	-62.5
2426      	17:41:56  	212.4 	-54.7 	35    	35.2     	287   	33.6       	-10.5      	11956     	-62.6
2428      	17:41:58  	212.2 	-54.8 	35    	35.0     	287   	33.4       	-10.3      	11964     	-62.6
2430      	17:42:00  	211.9 	-54.8 	35    	34.7     	287   	33.2       	-10.1      	11972     	-62.6
2432      	17:42:02  	211.6 	-54.8 	35    	34.5     	287   	33.0       	-9.9       	11980     	-62.6
2434      	17:42:04  	211.3 	-54.8 	35    	34.2     	286   	32.9       	-9.5       	11988     	-62.7
2436      	17:42:06  	211.1 	-54.9 	35    	33.9     	286   	32.7       	-9.1       	11996     	-62.7
2438      	17:42:08  	210.8 	-54.9 	35    	33.6     	285   	32.5       	-8.7       	12004     	-62.8
2440      	17:42:10  	210.6 	-55.0 	35    	33.5     	285   	32.4       	-8.4       	12012     	-62.9
2442      	17:42:12  	210.3 	-55.0 	34    	33.4     	284   	32.4       	-8.2       	12020     	-63.0
2444      	17:42:14  	210.0 	-55.1 	34    	33.3     	284   	32.3       	-8.0       	12028     	-63.0
2446      	17:42:16  	209.7 	-55.1 	34    	33.2     	283   	32.3       	-7.7       	12036     	-63.1
2448      	17:42:18  	209.5 	-55.2 	34    	33.0     	283   	32.2       	-7.4       	12045     	-63.2
2450      	17:42:20  	209.2 	-55.3 	34    	32.9     	282   	32.1       	-7.0       	12054     	-63.2
2452      	17:42:22  	208.9 	-55.3 	34    	32.7     	282   	32.0       	-6.7       	12062     	-63.3
2454      	17:42:24  	208.6 	-55.4 	34    	32.7     	281   	32.0       	-6.5       	12071     	-63.3
2456      	17:42:26  	208.3 	-55.5 	34    	32.5     	281   	31.9       	-6.4       	12080     	-63.4
2458      	17:42:28  	208.1 	-55.5 	35    	32.4     	281   	31.8       	-6.2       	12088     	-63.4
2460      	17:42:30  	207.8 	-55.6 	34    	32.2     	280   	31.7       	-5.8       	12096     	-63.5
2462      	17:42:32  	207.5 	-55.7 	34    	32.1     	280   	31.6       	-5.5       	12105     	-63.6
2464      	17:42:34  	207.3 	-55.7 	34    	31.9     	279   	31.5       	-5.2       	12113     	-63.6
2466      	17:42:36  	207.0 	-55.8 	34    	31.9     	279   	31.5       	-4.9       	12121     	-63.7
2468      	17:42:38  	206.7 	-55.9 	35    	31.8     	278   	31.5       	-4.7       	12130     	-63.7
2470      	17:42:40  	206.4 	-55.9 	35    	31.8     	278   	31.5       	-4.5       	12138     	-63.7
2472      	17:42:42  	206.2 	-56.0 	35    	31.8     	278   	31.5       	-4.3       	12146     	-63.7
2474      	17:42:44  	205.9 	-56.0 	35    	31.7     	277   	31.5       	-3.9       	12155     	-63.7
2476      	17:42:46  	205.6 	-56.1 	35    	31.7     	277   	31.5       	-3.6       	12163     	-63.7
2478      	17:42:48  	205.4 	-56.1 	35    	31.7     	276   	31.5       	-3.2       	12171     	-63.8
2480      	17:42:50  	205.1 	-56.2 	35    	31.7     	276   	31.5       	-3.1       	12179     	-63.9
2482      	17:42:52  	204.9 	-56.2 	35    	31.6     	275   	31.5       	-2.9       	12187     	-64.0
2484      	17:42:54  	204.6 	-56.2 	35    	31.7     	275   	31.6       	-2.7       	12195     	-64.1
2486      	17:42:56  	204.3 	-56.3 	34    	31.7     	274   	31.6       	-2.4       	12203     	-64.1
2488      	17:42:58  	204.1 	-56.3 	34    	31.8     	274   	31.7       	-2.0       	12211     	-64.2
2490      	17:43:00  	203.8 	-56.3 	34    	31.8     	273   	31.8       	-1.6       	12220     	-64.3
2492      	17:43:02  	203.5 	-56.3 	34    	31.9     	272   	31.9       	-1.3       	12228     	-64.3
2494      	17:43:04  	203.3 	-56.3 	33    	31.9     	272   	31.9       	-1.1       	12236     	-64.4
2496      	17:43:06  	203.0 	-56.3 	33    	32.0     	272   	32.0       	-0.9       	12245     	-64.4
2498      	17:43:08  	202.7 	-56.3 	33    	31.9     	271   	31.9       	-0.7       	12253     	-64.4
2500      	17:43:10  	202.5 	-56.3 	33    	31.7     	271   	31.7       	-0.5       	12261     	-64.3
2502      	17:43:12  	202.2 	-56.2 	33    	31.6     	271   	31.6       	-0.3       	12270     	-64.3
2504      	17:43:14  	201.9 	-56.2 	33    	31.4     	270   	31.4       	0.0        	12279     	-64.3
2506      	17:43:16  	201.6 	-56.2 	33    	31.3     	270   	31.3       	0.0        	12287     	-64.3
2508      	17:43:18  	201.4 	-56.2 	33    	31.1     	270   	31.1       	0.0        	12296     	-64.3
2510      	17:43:20  	201.1 	-56.2 	33    	30.7     	270   	30.7       	0.0        	12304     	-64.3
2512      	17:43:22  	200.8 	-56.1 	33    	30.3     	270   	30.3       	0.0        	12313     	-64.3
2514      	17:43:24  	200.6 	-56.1 	33    	29.9     	270   	29.9       	0.0        	12321     	-64.3
2516      	17:43:26  	200.3 	-56.1 	33    	29.4     	270   	29.4       	0.0        	12330     	-64.3
2518      	17:43:28  	200.0 	-56.1 	33    	29.1     	270   	29.1       	0.0        	12339     	-64.3
2520      	17:43:30  	199.8 	-56.1 	33    	28.9     	270   	28.9       	-0.1       	12347     	-64.3
2522      	17:43:32  	199.5 	-56.1 	33    	28.6     	270   	28.6       	-0.1       	12355     	-64.3
2524      	17:43:34  	199.2 	-56.1 	33    	28.3     	270   	28.3       	-0.2       	12364     	-64.3
2526      	17:43:36  	199.0 	-56.1 	33    	28.0     	270   	28.0       	-0.2       	12372     	-64.2
2528      	17:43:38  	198.7 	-56.1 	33    	27.6     	271   	27.6       	-0.3       	12380     	-64.2
2530      	17:43:40  	198.4 	-56.1 	33    	27.4     	271   	27.4       	-0.4       	12389     	-64.3
2532      	17:43:42  	198.2 	-56.1 	33    	27.3     	271   	27.3       	-0.5       	12397     	-64.4
2534      	17:43:44  	197.9 	-56.2 	32    	27.2     	271   	27.2       	-0.6       	12406     	-64.5
2536      	17:43:46  	197.6 	-56.2 	32    	27.0     	271   	27.0       	-0.7       	12415     	-64.5
2538      	17:43:48  	197.4 	-56.3 	32    	26.7     	272   	26.7       	-0.8       	12423     	-64.6
2540      	17:43:50  	197.1 	-56.3 	32    	26.4     	272   	26.4       	-0.9       	12432     	-64.7
2542      	17:43:52  	196.8 	-56.3 	31    	26.1     	272   	26.1       	-1.0       	12440     	-64.8
2544      	17:43:54  	196.6 	-56.4 	31    	25.9     	272   	25.9       	-1.1       	12449     	-64.9
2546      	17:43:56  	196.3 	-56.4 	31    	25.6     	272   	25.6       	-1.1       	12457     	-64.9
2548      	17:43:58  	196.1 	-56.4 	31    	25.4     	272   	25.4       	-1.1       	12466     	-65.0
2550      	17:44:00  	195.8 	-56.5 	31    	25.1     	272   	25.1       	-1.0       	12474     	-65.0
2552      	17:44:02  	195.5 	-56.5 	31    	24.8     	272   	24.8       	-0.9       	12482     	-65.1
2554      	17:44:04  	195.3 	-56.5 	31    	24.5     	272   	24.5       	-0.8       	12491     	-65.1
2556      	17:44:06  	195.0 	-56.5 	31    	24.3     	272   	24.3       	-0.7       	12500     	-65.1
2558      	17:44:08  	194.7 	-56.6 	31    	24.2     	271   	24.2       	-0.6       	12509     	-65.1
2560      	17:44:10  	194.4 	-56.6 	31    	24.1     	271   	24.1       	-0.4       	12518     	-65.1
2562      	17:44:12  	194.2 	-56.6 	31    	24.1     	271   	24.1       	-0.3       	12527     	-65.2
2564      	17:44:14  	193.9 	-56.7 	31    	24.0     	270   	24.0       	0.0        	12536     	-65.2
2566      	17:44:16  	193.6 	-56.7 	31    	24.0     	269   	24.0       	0.3        	12545     	-65.3
2568      	17:44:18  	193.4 	-56.7 	31    	24.0     	269   	24.0       	0.5        	12554     	-65.3
2570      	17:44:20  	193.1 	-56.8 	31    	24.1     	268   	24.1       	0.7        	12562     	-65.4
2572      	17:44:22  	192.8 	-56.8 	30    	24.1     	268   	24.1       	0.8        	12571     	-65.5
2574      	17:44:24  	192.6 	-56.8 	30    	24.2     	268   	24.2       	1.0        	12579     	-65.6
2576      	17:44:26  	192.3 	-56.8 	30    	24.4     	267   	24.4       	1.3        	12588     	-65.6
2578      	17:44:28  	192.1 	-56.9 	30    	24.7     	266   	24.6       	1.7        	12596     	-65.7
2580      	17:44:30  	191.8 	-56.9 	30    	24.9     	265   	24.8       	2.0        	12605     	-65.8
2582      	17:44:32  	191.5 	-57.0 	30    	25.0     	265   	24.9       	2.3        	12614     	-65.8
2584      	17:44:34  	191.3 	-57.0 	30    	25.2     	264   	25.1       	2.5        	12623     	-65.8
2586      	17:44:36  	191.0 	-57.0 	30    	25.3     	264   	25.2       	2.7        	12631     	-65.8
2588      	17:44:38  	190.7 	-57.1 	30    	25.6     	263   	25.4       	2.9        	12640     	-65.8
2590      	17:44:40  	190.5 	-57.1 	30    	25.8     	263   	25.6       	3.2        	12649     	-65.8
2592      	17:44:42  	190.2 	-57.2 	30    	26.1     	262   	25.9       	3.5        	12658     	-65.8
2594      	17:44:44  	189.9 	-57.2 	31    	26.5     	262   	26.2       	3.8        	12666     	-65.8
2596      	17:44:46  	189.7 	-57.3 	31    	26.6     	262   	26.3       	3.9        	12675     	-65.9
2598      	17:44:48  	189.4 	-57.3 	31    	26.7     	261   	26.4       	4.0        	12683     	-65.9
2600      	17:44:50  	189.2 	-57.4 	31    	26.9     	261   	26.6       	4.1        	12692     	-66.0
2602      	17:44:52  	188.9 	-57.4 	31    	27.2     	261   	26.9       	4.2        	12701     	-66.1
2604      	17:44:54  	188.7 	-57.5 	30    	27.5     	261   	27.2       	4.3        	12709     	-66.1
2606      	17:44:56  	188.4 	-57.5 	30    	27.8     	261   	27.5       	4.4        	12718     	-66.2
2608      	17:44:58  	188.1 	-57.6 	30    	28.1     	261   	27.8       	4.4        	12727     	-66.3
2610      	17:45:00  	187.9 	-57.6 	30    	28.2     	261   	27.9       	4.4        	12735     	-66.4
2612      	17:45:02  	187.6 	-57.7 	30    	28.4     	261   	28.1       	4.3        	12744     	-66.5
2614      	17:45:04  	187.4 	-57.8 	30    	28.6     	262   	28.3       	4.2        	12752     	-66.6
2616      	17:45:06  	187.1 	-57.8 	29    	28.9     	262   	28.6       	4.1        	12761     	-66.7
2618      	17:45:08  	186.9 	-57.9 	29    	29.2     	262   	28.9       	3.9        	12770     	-66.7
2620      	17:45:10  	186.6 	-57.9 	29    	29.5     	263   	29.3       	3.8        	12779     	-66.8
2622      	17:45:12  	186.3 	-57.9 	29    	29.6     	263   	29.4       	3.7        	12787     	-66.9
2624      	17:45:14  	186.1 	-58.0 	29    	29.7     	263   	29.5       	3.5        	12796     	-67.0
2626      	17:45:16  	185.8 	-58.0 	28    	29.9     	263   	29.7       	3.4        	12804     	-67.1
2628      	17:45:18  	185.6 	-58.1 	28    	30.1     	264   	29.9       	3.4        	12812     	-67.2
2630      	17:45:20  	185.3 	-58.1 	28    	30.3     	264   	30.1       	3.4        	12821     	-67.2
2632      	17:45:22  	185.1 	-58.2 	28    	30.5     	264   	30.3       	3.4        	12830     	-67.3
2634      	17:45:24  	184.8 	-58.2 	28    	30.6     	263   	30.4       	3.5        	12838     	-67.4
2636      	17:45:26  	184.6 	-58.2 	28    	30.6     	263   	30.4       	3.6        	12847     	-67.4
2638      	17:45:28  	184.3 	-58.3 	28    	30.7     	263   	30.5       	3.7        	12856     	-67.4
2640      	17:45:30  	184.1 	-58.3 	28    	30.7     	263   	30.5       	3.9        	12865     	-67.4
2642      	17:45:32  	183.8 	-58.3 	29    	31.0     	262   	30.7       	4.2        	12873     	-67.3
2644      	17:45:34  	183.6 	-58.4 	29    	31.1     	262   	30.8       	4.5        	12882     	-67.3
2646      	17:45:36  	183.3 	-58.4 	29    	31.4     	261   	31.0       	4.8        	12890     	-67.2
2648      	17:45:38  	183.1 	-58.4 	29    	31.4     	261   	31.0       	4.9        	12899     	-67.2
2650      	17:45:40  	182.8 	-58.4 	29    	31.5     	261   	31.1       	5.1        	12907     	-67.2
2652      	17:45:42  	182.6 	-58.4 	29    	31.7     	260   	31.3       	5.3        	12915     	-67.2
2654      	17:45:44  	182.3 	-58.4 	29    	32.1     	260   	31.6       	5.5        	12924     	-67.3
2656      	17:45:46  	182.1 	-58.4 	29    	32.3     	260   	31.8       	5.7        	12932     	-67.4
2658      	17:45:48  	181.8 	-58.4 	28    	32.7     	259   	32.1       	6.0        	12941     	-67.5
2660      	17:45:50  	181.6 	-58.4 	28    	32.9     	259   	32.3       	6.1        	12949     	-67.6
2662      	17:45:52  	181.4 	-58.4 	27    	33.1     	259   	32.5       	6.2        	12958     	-67.7
2664      	17:45:54  	181.1 	-58.3 	27    	33.3     	259   	32.7       	6.3        	12966     	-67.8
2666      	17:45:56  	180.9 	-58.3 	26    	33.7     	259   	33.1       	6.5        	12975     	-67.9
2668      	17:45:58  	180.6 	-58.3 	26    	34.2     	259   	33.5       	6.7        	12983     	-68.0
2670      	17:46:00  	180.4 	-58.2 	25    	34.6     	259   	33.9       	6.8        	12991     	-68.0
2672      	17:46:02  	180.1 	-58.2 	25    	34.9     	258   	34.2       	7.0        	13000     	-68.1
2674      	17:46:04  	179.9 	-58.1 	25    	35.1     	258   	34.4       	7.1        	13008     	-68.1
2676      	17:46:06  	179.7 	-58.1 	25    	35.3     	258   	34.6       	7.2        	13017     	-68.2
2678      	17:46:08  	179.4 	-58.1 	24    	35.4     	258   	34.7       	7.2        	13026     	-68.2
2680      	17:46:10  	179.2 	-58.1 	24    	35.5     	259   	34.8       	7.0        	13034     	-68.2
2682      	17:46:12  	178.9 	-58.0 	24    	35.6     	259   	34.9       	6.9        	13043     	-68.3
2684      	17:46:14  	178.7 	-58.0 	24    	35.6     	259   	35.0       	6.7        	13052     	-68.3
2686      	17:46:16  	178.4 	-58.0 	24    	35.5     	260   	34.9       	6.4        	13061     	-68.3
2688      	17:46:18  	178.1 	-58.0 	24    	35.3     	260   	34.8       	6.2        	13070     	-68.3
2690      	17:46:20  	177.9 	-58.0 	24    	35.2     	260   	34.7       	5.9        	13080     	-68.3
2692      	17:46:22  	177.6 	-58.0 	24    	34.7     	261   	34.3       	5.3        	13089     	-68.3
2694      	17:46:24  	177.3 	-58.0 	24    	34.3     	262   	34.0       	4.8        	13098     	-68.3
2696      	17:46:26  	177.1 	-58.0 	24    	33.9     	263   	33.6       	4.2        	13108     	-68.2
2698      	17:46:28  	176.8 	-58.0 	24    	33.5     	263   	33.3       	3.8        	13117     	-68.2
2700      	17:46:30  	176.6 	-58.1 	24    	33.3     	264   	33.1       	3.5        	13126     	-68.2
2702      	17:46:32  	176.3 	-58.1 	24    	33.0     	264   	32.8       	3.2        	13135     	-68.3
2704      	17:46:34  	176.1 	-58.1 	24    	32.6     	265   	32.5       	2.9        	13143     	-68.3
2706      	17:46:36  	175.8 	-58.2 	24    	32.2     	266   	32.1       	2.5        	13152     	-68.3
2708      	17:46:38  	175.6 	-58.2 	24    	31.8     	266   	31.7       	2.1        	13161     	-68.4
2710      	17:46:40  	175.4 	-58.3 	24    	31.4     	267   	31.3       	1.8        	13169     	-68.4
2712      	17:46:42  	175.1 	-58.3 	24    	31.1     	267   	31.1       	1.7        	13178     	-68.5
2714      	17:46:44  	174.9 	-58.3 	24    	31.0     	267   	31.0       	1.6        	13187     	-68.5
2716      	17:46:46  	174.6 	-58.4 	24    	30.8     	267   	30.8       	1.5        	13195     	-68.5
2718      	17:46:48  	174.4 	-58.4 	24    	30.6     	268   	30.6       	1.3        	13204     	-68.6
2720      	17:46:50  	174.2 	-58.5 	24    	30.4     	268   	30.4       	1.2        	13212     	-68.6
2722      	17:46:52  	173.9 	-58.5 	24    	30.2     	268   	30.2       	1.0        	13221     	-68.7
2724      	17:46:54  	173.7 	-58.5 	24    	30.1     	268   	30.1       	0.9        	13230     	-68.7
2726      	17:46:56  	173.4 	-58.6 	24    	30.1     	268   	30.1       	0.9        	13238     	-68.7
2728      	17:46:58  	173.2 	-58.6 	24    	30.0     	268   	30.0       	0.8        	13247     	-68.8
2730      	17:47:00  	173.0 	-58.6 	24    	29.9     	268   	29.9       	0.8        	13255     	-68.8
2732      	17:47:02  	172.8 	-58.7 	24    	29.7     	268   	29.7       	0.8        	13263     	-68.8
2734      	17:47:04  	172.5 	-58.7 	24    	29.6     	269   	29.6       	0.7        	13272     	-68.8
2736      	17:47:06  	172.3 	-58.7 	24    	29.4     	269   	29.4       	0.7        	13280     	-68.9
2738      	17:47:08  	172.1 	-58.8 	24    	29.2     	268   	29.2       	0.8        	13289     	-68.9
2740      	17:47:10  	171.8 	-58.8 	24    	29.1     	268   	29.1       	0.8        	13298     	-69.0
2742      	17:47:12  	171.6 	-58.9 	23    	28.9     	268   	28.9       	0.9        	13307     	-69.2
2744      	17:47:14  	171.3 	-58.9 	23    	28.6     	268   	28.6       	1.1        	13316     	-69.3
2746      	17:47:16  	171.1 	-59.0 	23    	28.3     	267   	28.3       	1.3        	13325     	-69.4
2748      	17:47:18  	170.8 	-59.0 	23    	27.9     	267   	27.9       	1.5        	13334     	-69.4
2750      	17:47:20  	170.6 	-59.1 	23    	27.7     	266   	27.6       	1.7        	13343     	-69.5
2752      	17:47:22  	170.4 	-59.1 	23    	27.5     	266   	27.4       	1.9        	13351     	-69.5
2754      	17:47:24  	170.1 	-59.2 	23    	27.3     	266   	27.2       	2.1        	13360     	-69.5
2756      	17:47:26  	169.9 	-59.3 	23    	27.1     	265   	27.0       	2.3        	13369     	-69.6
2758      	17:47:28  	169.6 	-59.3 	23    	26.8     	264   	26.7       	2.6        	13378     	-69.6
2760      	17:47:30  	169.4 	-59.4 	24    	26.6     	264   	26.5       	2.8        	13387     	-69.6
2762      	17:47:32  	169.1 	-59.4 	24    	26.4     	263   	26.2       	3.0        	13396     	-69.6
2764      	17:47:34  	168.9 	-59.5 	24    	26.4     	263   	26.2       	3.1        	13405     	-69.6
2766      	17:47:36  	168.6 	-59.6 	24    	26.3     	263   	26.1       	3.2        	13415     	-69.7
2768      	17:47:38  	168.4 	-59.7 	24    	26.3     	263   	26.1       	3.3        	13424     	-69.7
2770      	17:47:40  	168.1 	-59.8 	24    	26.2     	263   	26.0       	3.4        	13434     	-69.8
2772      	17:47:42  	167.9 	-59.9 	24    	26.1     	262   	25.9       	3.6        	13443     	-69.8
2774      	17:47:44  	167.6 	-59.9 	24    	26.1     	262   	25.8       	3.8        	13452     	-70.0
2776      	17:47:46  	167.4 	-60.0 	24    	26.0     	261   	25.7       	3.9        	13460     	-70.1
2778      	17:47:48  	167.2 	-60.1 	24    	26.0     	261   	25.7       	4.0        	13469     	-70.1
2780      	17:47:50  	166.9 	-60.2 	24    	26.0     	261   	25.7       	4.0        	13478     	-70.2
2782      	17:47:52  	166.7 	-60.3 	24    	25.9     	261   	25.6       	4.2        	13487     	-70.4
2784      	17:47:54  	166.4 	-60.4 	24    	25.8     	260   	25.4       	4.5        	13496     	-70.5
2786      	17:47:56  	166.2 	-60.5 	24    	25.7     	259   	25.2       	4.8        	13506     	-70.5
2788      	17:47:58  	166.0 	-60.5 	24    	25.5     	258   	25.0       	5.1        	13514     	-70.5
2790      	17:48:00  	165.7 	-60.6 	24    	25.5     	258   	24.9       	5.3        	13523     	-70.5
2792      	17:48:02  	165.5 	-60.7 	24    	25.4     	257   	24.8       	5.5        	13531     	-70.5
2794      	17:48:04  	165.3 	-60.8 	25    	25.3     	257   	24.6       	5.7        	13539     	-70.6
2796      	17:48:06  	165.1 	-60.8 	25    	25.2     	256   	24.5       	6.1        	13548     	-70.6
2798      	17:48:08  	164.8 	-60.9 	25    	25.3     	255   	24.4       	6.5        	13556     	-70.7
2800      	17:48:10  	164.6 	-61.0 	25    	25.3     	254   	24.3       	6.9        	13565     	-70.8
2802      	17:48:12  	164.4 	-61.0 	25    	25.3     	254   	24.3       	7.1        	13573     	-70.8
2804      	17:48:14  	164.2 	-61.1 	25    	25.5     	253   	24.4       	7.3        	13582     	-70.9
2806      	17:48:16  	163.9 	-61.2 	25    	25.5     	253   	24.4       	7.5        	13591     	-70.9
2808      	17:48:18  	163.7 	-61.2 	25    	25.7     	253   	24.5       	7.6        	13599     	-70.9
2810      	17:48:20  	163.5 	-61.3 	25    	25.8     	252   	24.6       	7.9        	13608     	-71.0
2812      	17:48:22  	163.2 	-61.3 	25    	25.9     	252   	24.6       	8.1        	13617     	-71.0
2814      	17:48:24  	163.0 	-61.4 	25    	26.1     	251   	24.7       	8.3        	13625     	-71.1
2816      	17:48:26  	162.8 	-61.4 	25    	26.2     	251   	24.8       	8.4        	13634     	-71.1
2818      	17:48:28  	162.6 	-61.5 	25    	26.2     	251   	24.8       	8.5        	13642     	-71.2
2820      	17:48:30  	162.4 	-61.5 	25    	26.3     	251   	24.9       	8.5        	13650     	-71.3
2822      	17:48:32  	162.1 	-61.6 	24    	26.5     	251   	25.1       	8.6        	13659     	-71.3
2824      	17:48:34  	161.9 	-61.6 	24    	26.8     	251   	25.3       	8.7        	13667     	-71.4
2826      	17:48:36  	161.7 	-61.7 	24    	26.9     	251   	25.5       	8.7        	13675     	-71.5
2828      	17:48:38  	161.5 	-61.7 	24    	27.1     	251   	25.6       	8.8        	13683     	-71.5
2830      	17:48:40  	161.3 	-61.7 	24    	27.3     	251   	25.8       	8.8        	13692     	-71.5
2832      	17:48:42  	161.1 	-61.7 	24    	27.4     	251   	25.9       	8.8        	13700     	-71.5
2834      	17:48:44  	160.8 	-61.8 	24    	27.6     	252   	26.2       	8.7        	13708     	-71.6
2836      	17:48:46  	160.6 	-61.8 	24    	27.9     	252   	26.5       	8.7        	13717     	-71.6
2838      	17:48:48  	160.4 	-61.8 	24    	28.2     	252   	26.8       	8.7        	13725     	-71.5
2840      	17:48:50  	160.2 	-61.8 	24    	28.3     	252   	27.0       	8.6        	13734     	-71.6
2842      	17:48:52  	160.0 	-61.8 	24    	28.5     	252   	27.2       	8.6        	13742     	-71.6
2844      	17:48:54  	159.8 	-61.8 	24    	28.6     	253   	27.3       	8.5        	13751     	-71.6
2846      	17:48:56  	159.5 	-61.8 	24    	28.8     	253   	27.5       	8.6        	13759     	-71.6
2848      	17:48:58  	159.3 	-61.8 	24    	29.0     	253   	27.7       	8.7        	13767     	-71.6
2850      	17:49:00  	159.1 	-61.8 	24    	29.2     	252   	27.8       	8.8        	13775     	-71.7
2852      	17:49:02  	158.9 	-61.8 	24    	29.4     	252   	28.0       	9.0        	13783     	-71.7
2854      	17:49:04  	158.7 	-61.8 	24    	29.4     	252   	28.0       	9.1        	13792     	-71.8
2856      	17:49:06  	158.5 	-61.8 	24    	29.6     	252   	28.1       	9.3        	13800     	-71.8
2858      	17:49:08  	158.3 	-61.8 	23    	29.7     	251   	28.1       	9.5        	13808     	-71.9
2860      	17:49:10  	158.1 	-61.8 	23    	29.7     	251   	28.1       	9.6        	13816     	-71.9
2862      	17:49:12  	157.9 	-61.8 	23    	29.7     	251   	28.1       	9.7        	13824     	-72.0
2864      	17:49:14  	157.7 	-61.8 	23    	29.7     	251   	28.0       	9.8        	13832     	-72.0
2866      	17:49:16  	157.5 	-61.8 	23    	29.7     	251   	28.0       	9.8        	13840     	-72.1
2868      	17:49:18  	157.2 	-61.8 	22    	29.5     	251   	27.9       	9.7        	13848     	-72.1
2870      	17:49:20  	157.0 	-61.8 	22    	29.5     	251   	27.9       	9.7        	13857     	-72.2
2872      	17:49:22  	156.8 	-61.8 	22    	29.4     	251   	27.8       	9.5        	13865     	-72.2
2874      	17:49:24  	156.6 	-61.7 	22    	29.4     	251   	27.9       	9.4        	13874     	-72.2
2876      	17:49:26  	156.4 	-61.7 	22    	29.5     	252   	28.0       	9.2        	13882     	-72.2
2878      	17:49:28  	156.2 	-61.7 	22    	29.4     	252   	28.0       	9.0        	13890     	-72.2
2880      	17:49:30  	156.0 	-61.6 	22    	29.6     	252   	28.2       	8.9        	13899     	-72.2
2882      	17:49:32  	155.8 	-61.6 	22    	29.6     	253   	28.3       	8.8        	13908     	-72.2
2884      	17:49:34  	155.5 	-61.5 	22    	29.7     	253   	28.4       	8.7        	13916     	-72.1
2886      	17:49:36  	155.3 	-61.4 	21    	29.7     	253   	28.4       	8.7        	13924     	-72.1
2888      	17:49:38  	155.1 	-61.4 	21    	29.7     	253   	28.4       	8.6        	13933     	-72.0
2890      	17:49:40  	154.9 	-61.2 	21    	29.7     	253   	28.4       	8.6        	13941     	-72.0
2892      	17:49:42  	154.7 	-61.1 	21    	29.6     	253   	28.3       	8.6        	13948     	-72.0
2894      	17:49:44  	154.5 	-61.0 	21    	29.5     	253   	28.2       	8.6        	13956     	-71.9
2896      	17:49:46  	154.3 	-60.9 	20    	29.3     	253   	28.0       	8.7        	13965     	-71.9
2898      	17:49:48  	154.1 	-60.8 	20    	29.3     	252   	27.9       	8.8        	13973     	-71.9
2900      	17:49:50  	153.9 	-60.7 	20    	29.0     	252   	27.6       	9.0        	13981     	-71.9
2902      	17:49:52  	153.7 	-60.6 	20    	28.9     	251   	27.4       	9.2        	13990     	-71.9
2904      	17:49:54  	153.5 	-60.4 	19    	28.8     	251   	27.2       	9.4        	13998     	-71.9
2906      	17:49:56  	153.3 	-60.4 	19    	28.7     	251   	27.1       	9.5        	14007     	-71.8
2908      	17:49:58  	153.1 	-60.3 	19    	28.7     	250   	27.0       	9.7        	14015     	-71.8
2910      	17:50:00  	152.9 	-60.2 	19    	28.7     	250   	27.0       	9.8        	14023     	-71.7
2912      	17:50:02  	152.7 	-60.1 	19    	28.8     	249   	27.0       	10.1       	14031     	-71.7
2914      	17:50:04  	152.5 	-60.0 	19    	28.9     	249   	27.0       	10.4       	14040     	-71.7
2916      	17:50:06  	152.3 	-60.0 	19    	29.1     	249   	27.1       	10.6       	14048     	-71.6
2918      	17:50:08  	152.1 	-59.9 	19    	29.3     	248   	27.2       	10.8       	14056     	-71.6
2920      	17:50:10  	151.9 	-59.8 	19    	29.4     	248   	27.3       	11.0       	14064     	-71.6
2922      	17:50:12  	151.7 	-59.8 	18    	29.6     	248   	27.4       	11.1       	14073     	-71.6
2924      	17:50:14  	151.5 	-59.7 	18    	29.8     	248   	27.6       	11.3       	14081     	-71.7
2926      	17:50:16  	151.3 	-59.6 	18    	30.3     	247   	27.9       	11.7       	14089     	-71.7
2928      	17:50:18  	151.1 	-59.6 	18    	30.6     	247   	28.2       	12.0       	14097     	-71.7
2930      	17:50:20  	150.9 	-59.6 	18    	31.1     	246   	28.5       	12.4       	14105     	-71.7
2932      	17:50:22  	150.7 	-59.6 	17    	31.3     	246   	28.7       	12.6       	14113     	-71.8
2934      	17:50:24  	150.5 	-59.6 	17    	31.5     	246   	28.8       	12.8       	14122     	-71.8
2936      	17:50:26  	150.3 	-59.6 	17    	31.8     	246   	29.0       	13.0       	14130     	-71.8
2938      	17:50:28  	150.1 	-59.6 	17    	32.0     	246   	29.1       	13.2       	14139     	-71.8
2940      	17:50:30  	149.9 	-59.5 	17    	32.2     	245   	29.2       	13.5       	14147     	-71.9
2942      	17:50:32  	149.7 	-59.5 	17    	32.4     	245   	29.3       	13.8       	14155     	-71.9
2944      	17:50:34  	149.5 	-59.5 	17    	32.6     	245   	29.4       	14.0       	14163     	-71.9
2946      	17:50:36  	149.3 	-59.5 	17    	32.5     	244   	29.3       	14.0       	14171     	-72.0
2948      	17:50:38  	149.1 	-59.5 	17    	32.5     	244   	29.3       	14.1       	14179     	-72.0
2950      	17:50:40  	148.9 	-59.5 	17    	32.5     	244   	29.2       	14.2       	14188     	-72.0
2952      	17:50:42  	148.7 	-59.5 	16    	32.4     	244   	29.1       	14.2       	14197     	-72.1
2954      	17:50:44  	148.5 	-59.5 	16    	32.2     	244   	28.9       	14.3       	14205     	-72.2
2956      	17:50:46  	148.3 	-59.5 	16    	32.2     	243   	28.8       	14.4       	14214     	-72.3
2958      	17:50:48  	148.1 	-59.5 	16    	32.1     	243   	28.7       	14.4       	14222     	-72.4
2960      	17:50:50  	147.9 	-59.5 	16    	32.0     	243   	28.6       	14.4       	14230     	-72.4
2962      	17:50:52  	147.7 	-59.5 	16    	32.0     	243   	28.6       	14.4       	14238     	-72.5
2964      	17:50:54  	147.5 	-59.6 	16    	31.8     	243   	28.4       	14.3       	14247     	-72.5
2966      	17:50:56  	147.3 	-59.6 	16    	31.7     	243   	28.3       	14.2       	14255     	-72.5
2968      	17:50:58  	147.1 	-59.6 	16    	31.5     	244   	28.2       	14.0       	14263     	-72.5
2970      	17:51:00  	146.9 	-59.6 	16    	31.3     	244   	28.1       	13.9       	14272     	-72.5
2972      	17:51:02  	146.7 	-59.6 	16    	31.2     	244   	28.0       	13.8       	14280     	-72.5
2974      	17:51:04  	146.5 	-59.6 	16    	31.0     	244   	27.9       	13.6       	14288     	-72.5
2976      	17:51:06  	146.3 	-59.6 	16    	30.8     	244   	27.8       	13.3       	14297     	-72.5
2978      	17:51:08  	146.1 	-59.6 	16    	30.6     	245   	27.7       	12.9       	14305     	-72.5
2980      	17:51:10  	145.9 	-59.7 	16    	30.3     	246   	27.6       	12.5       	14314     	-72.6
2982      	17:51:12  	145.7 	-59.7 	15    	30.0     	246   	27.4       	12.1       	14322     	-72.6
2984      	17:51:14  	145.5 	-59.7 	15    	29.8     	247   	27.4       	11.8       	14331     	-72.7
2986      	17:51:16  	145.4 	-59.7 	15    	29.6     	247   	27.3       	11.5       	14339     	-72.7
2988      	17:51:18  	145.2 	-59.7 	15    	29.4     	248   	27.2       	11.2       	14347     	-72.7
2990      	17:51:20  	145.0 	-59.7 	15    	28.9     	248   	26.9       	10.6       	14356     	-72.8
2992      	17:51:22  	144.8 	-59.7 	15    	28.5     	249   	26.6       	10.1       	14364     	-72.9
2994      	17:51:24  	144.6 	-59.6 	15    	28.0     	250   	26.3       	9.6        	14373     	-73.0
2996      	17:51:26  	144.4 	-59.6 	14    	27.7     	251   	26.1       	9.2        	14381     	-73.0
2998      	17:51:28  	144.2 	-59.6 	14    	27.4     	251   	25.9       	9.0        	14389     	-73.1
3000      	17:51:30  	144.0 	-59.5 	14    	27.2     	251   	25.7       	8.8        	14398     	-73.2
3002      	17:51:32  	143.8 	-59.5 	14    	26.6     	252   	25.3       	8.3        	14406     	-73.3
3004      	17:51:34  	143.6 	-59.5 	14    	26.0     	253   	24.8       	7.8        	14414     	-73.3
3006      	17:51:36  	143.4 	-59.4 	14    	25.5     	253   	24.4       	7.4        	14423     	-73.3
3008      	17:51:38  	143.2 	-59.4 	13    	25.0     	254   	24.0       	7.0        	14431     	-73.3
3010      	17:51:40  	143.0 	-59.4 	13    	24.7     	254   	23.8       	6.7        	14440     	-73.3
3012      	17:51:42  	142.8 	-59.4 	13    	24.4     	255   	23.5       	6.5        	14448     	-73.3
3014      	17:51:44  	142.6 	-59.4 	13    	23.9     	255   	23.1       	6.2        	14456     	-73.3
3016      	17:51:46  	142.4 	-59.4 	13    	23.3     	255   	22.5       	5.9        	14465     	-73.3
3018      	17:51:48  	142.3 	-59.3 	14    	22.6     	256   	21.9       	5.6        	14473     	-73.2
3020      	17:51:50  	142.1 	-59.3 	14    	21.9     	256   	21.3       	5.2        	14482     	-73.2
3022      	17:51:52  	141.9 	-59.3 	14    	21.5     	256   	20.9       	5.1        	14491     	-73.1
3024      	17:51:54  	141.7 	-59.3 	14    	21.1     	256   	20.5       	5.0        	14500     	-73.0
3026      	17:51:56  	141.5 	-59.3 	14    	20.7     	256   	20.1       	4.9        	14509     	-73.0
3028      	17:51:58  	141.3 	-59.3 	14    	19.9     	256   	19.3       	4.9        	14518     	-73.0
3030      	17:52:00  	141.1 	-59.3 	14    	19.3     	255   	18.6       	5.0        	14526     	-73.0
3032      	17:52:02  	140.9 	-59.3 	14    	18.5     	254   	17.8       	5.0        	14534     	-73.1
3034      	17:52:04  	140.7 	-59.4 	14    	18.1     	253   	17.3       	5.2        	14542     	-73.2
3036      	17:52:06  	140.5 	-59.4 	14    	17.7     	253   	16.9       	5.3        	14550     	-73.3
3038      	17:52:08  	140.3 	-59.4 	13    	17.4     	252   	16.5       	5.5        	14557     	-73.4
3040      	17:52:10  	140.1 	-59.4 	13    	17.2     	251   	16.2       	5.7        	14566     	-73.6
3042      	17:52:12  	139.9 	-59.5 	13    	17.1     	249   	15.9       	6.2        	14577     	-73.8
3044      	17:52:14  	139.7 	-59.5 	12    	17.1     	247   	15.7       	6.8        	14587     	-73.9
3046      	17:52:16  	139.5 	-59.6 	12    	17.0     	245   	15.4       	7.3        	14597     	-74.1
3048      	17:52:18  	139.3 	-59.6 	12    	17.4     	244   	15.6       	7.6        	14606     	-74.2
3050      	17:52:20  	139.1 	-59.7 	12    	17.6     	243   	15.7       	8.0        	14615     	-74.3
3052      	17:52:22  	138.9 	-59.7 	12    	17.9     	242   	15.8       	8.4        	14624     	-74.4
3054      	17:52:24  	138.7 	-59.8 	12    	18.1     	241   	15.8       	8.9        	14633     	-74.4
3056      	17:52:26  	138.5 	-59.8 	12    	18.4     	239   	15.8       	9.4        	14641     	-74.4
3058      	17:52:28  	138.3 	-59.9 	12    	18.6     	238   	15.7       	10.0       	14650     	-74.4
3060      	17:52:30  	138.1 	-59.9 	12    	18.8     	236   	15.6       	10.5       	14659     	-74.4
3062      	17:52:32  	137.9 	-60.0 	12    	18.8     	235   	15.4       	10.7       	14667     	-74.4
3064      	17:52:34  	137.7 	-60.0 	12    	18.8     	235   	15.3       	10.9       	14676     	-74.5
3066      	17:52:36  	137.5 	-60.1 	12    	18.7     	233   	15.0       	11.2       	14685     	-74.5
3068      	17:52:38  	137.3 	-60.1 	12    	18.8     	232   	14.8       	11.6       	14694     	-74.6
3070      	17:52:40  	137.1 	-60.2 	12    	18.8     	230   	14.5       	12.0       	14703     	-74.8
3072      	17:52:42  	136.9 	-60.2 	12    	18.9     	229   	14.3       	12.4       	14713     	-74.9
3074      	17:52:44  	136.7 	-60.2 	12    	18.9     	228   	14.1       	12.6       	14722     	-75.0
3076      	17:52:46  	136.5 	-60.3 	11    	19.0     	228   	14.1       	12.8       	14730     	-75.1
3078      	17:52:48  	136.3 	-60.3 	11    	19.1     	227   	14.0       	13.0       	14739     	-75.2
3080      	17:52:50  	136.1 	-60.3 	11    	19.5     	227   	14.3       	13.3       	14748     	-75.3
3082      	17:52:52  	135.9 	-60.4 	11    	19.9     	227   	14.5       	13.6       	14757     	-75.3
3084      	17:52:54  	135.7 	-60.4 	11    	20.3     	227   	14.8       	13.9       	14767     	-75.4
3086      	17:52:56  	135.5 	-60.4 	11    	20.6     	227   	15.0       	14.1       	14776     	-75.5
3088      	17:52:58  	135.3 	-60.5 	11    	20.9     	227   	15.3       	14.2       	14784     	-75.5
3090      	17:53:00  	135.1 	-60.5 	11    	21.2     	228   	15.7       	14.3       	14793     	-75.6
3092      	17:53:02  	135.0 	-60.5 	11    	21.5     	228   	16.1       	14.3       	14802     	-75.6
3094      	17:53:04  	134.8 	-60.6 	11    	22.0     	229   	16.7       	14.3       	14811     	-75.7
3096      	17:53:06  	134.6 	-60.6 	11    	22.4     	231   	17.3       	14.2       	14820     	-75.8
3098      	17:53:08  	134.4 	-60.6 	11    	22.8     	232   	17.9       	14.2       	14830     	-75.8
3100      	17:53:10  	134.2 	-60.6 	11    	22.9     	232   	18.1       	14.0       	14839     	-75.8
3102      	17:53:12  	134.0 	-60.6 	11    	23.1     	233   	18.4       	13.9       	14848     	-75.9
3104      	17:53:14  	133.8 	-60.7 	11    	23.2     	234   	18.7       	13.7       	14857     	-75.9
3106      	17:53:16  	133.6 	-60.7 	11    	23.3     	235   	19.1       	13.4       	14866     	-76.0
3108      	17:53:18  	133.4 	-60.7 	10    	23.4     	236   	19.4       	13.0       	14875     	-76.1
3110      	17:53:20  	133.2 	-60.7 	10    	23.5     	238   	19.8       	12.6       	14884     	-76.1
3112      	17:53:22  	133.0 	-60.7 	10    	23.4     	239   	20.0       	12.2       	14893     	-76.2
3114      	17:53:24  	132.8 	-60.8 	10    	23.4     	239   	20.1       	12.0       	14901     	-76.3
3116      	17:53:26  	132.6 	-60.8 	10    	23.4     	240   	20.2       	11.8       	14910     	-76.4
3118      	17:53:28  	132.4 	-60.8 	10    	23.3     	241   	20.3       	11.4       	14919     	-76.4
3120      	17:53:30  	132.3 	-60.9 	10    	23.1     	242   	20.4       	10.8       	14928     	-76.5
3122      	17:53:32  	132.1 	-60.9 	10    	22.9     	243   	20.5       	10.3       	14937     	-76.5
3124      	17:53:34  	131.9 	-60.9 	10    	22.8     	245   	20.6       	9.7        	14947     	-76.5
3126      	17:53:36  	131.7 	-60.9 	10    	22.8     	245   	20.7       	9.5        	14956     	-76.5
3128      	17:53:38  	131.5 	-60.9 	10    	22.7     	246   	20.7       	9.2        	14964     	-76.6
3130      	17:53:40  	131.3 	-61.0 	10    	22.5     	247   	20.7       	8.9        	14973     	-76.6
3132      	17:53:42  	131.1 	-61.0 	10    	22.2     	248   	20.6       	8.3        	14982     	-76.7
3134      	17:53:44  	130.9 	-61.0 	10    	21.9     	249   	20.5       	7.8        	14991     	-76.9
3136      	17:53:46  	130.7 	-61.0 	9     	21.6     	251   	20.4       	7.2        	15000     	-77.0
3138      	17:53:48  	130.5 	-61.0 	9     	21.3     	251   	20.2       	6.8        	15009     	-77.1
3140      	17:53:50  	130.3 	-61.1 	9     	21.2     	252   	20.1       	6.6        	15019     	-77.1
3142      	17:53:52  	130.2 	-61.1 	9     	20.9     	252   	19.9       	6.3        	15028     	-77.2
3144      	17:53:54  	130.0 	-61.1 	9     	20.5     	253   	19.6       	6.0        	15037     	-77.2
3146      	17:53:56  	129.8 	-61.2 	9     	19.8     	254   	19.0       	5.6        	15045     	-77.1
3148      	17:53:58  	129.6 	-61.2 	10    	19.2     	254   	18.5       	5.2        	15054     	-77.0
3150      	17:54:00  	129.4 	-61.2 	10    	18.6     	255   	18.0       	4.8        	15064     	-77.0
3152      	17:54:02  	129.2 	-61.3 	10    	18.2     	255   	17.6       	4.7        	15073     	-77.0
3154      	17:54:04  	129.0 	-61.3 	10    	17.8     	255   	17.2       	4.5        	15082     	-77.0
3156      	17:54:06  	128.9 	-61.3 	10    	17.3     	255   	16.7       	4.5        	15089     	-77.0
3158      	17:54:08  	128.7 	-61.3 	10    	16.6     	254   	16.0       	4.6        	15096     	-77.1
3160      	17:54:10  	128.5 	-61.4 	9     	16.1     	253   	15.4       	4.7        	15103     	-77.3
3162      	17:54:12  	128.3 	-61.4 	9     	15.6     	252   	14.8       	4.8        	15115     	-77.5
3164      	17:54:14  	128.1 	-61.5 	9     	15.2     	251   	14.4       	5.0        	15127     	-77.6
3166      	17:54:16  	127.9 	-61.5 	9     	15.1     	250   	14.2       	5.2        	15138     	-77.8
3168      	17:54:18  	127.7 	-61.6 	9     	15.0     	249   	14.0       	5.5        	15148     	-77.9
3170      	17:54:20  	127.5 	-61.7 	9     	14.8     	247   	13.6       	5.9        	15157     	-78.0
3172      	17:54:22  	127.3 	-61.7 	9     	14.6     	244   	13.2       	6.3        	15167     	-78.1
3174      	17:54:24  	127.1 	-61.8 	9     	14.5     	243   	12.9       	6.7        	15176     	-78.1
3176      	17:54:26  	126.9 	-61.8 	9     	14.4     	241   	12.6       	7.0        	15185     	-78.1
3178      	17:54:28  	126.7 	-61.9 	9     	14.4     	240   	12.5       	7.2        	15194     	-78.1
3180      	17:54:30  	126.5 	-61.9 	9     	14.3     	239   	12.3       	7.3        	15203     	-78.1
3182      	17:54:32  	126.3 	-62.0 	9     	14.3     	238   	12.1       	7.6        	15212     	-78.2
3184      	17:54:34  	126.1 	-62.1 	9     	14.1     	236   	11.7       	7.9        	15221     	-78.3
3186      	17:54:36  	126.0 	-62.1 	9     	14.1     	234   	11.4       	8.3        	15230     	-78.4
3188      	17:54:38  	125.8 	-62.2 	9     	14.0     	232   	11.1       	8.6        	15239     	-78.5
3190      	17:54:40  	125.6 	-62.2 	9     	14.0     	231   	10.9       	8.8        	15249     	-78.6
3192      	17:54:42  	125.4 	-62.3 	9     	14.0     	230   	10.7       	9.0        	15258     	-78.7
3194      	17:54:44  	125.2 	-62.3 	8     	14.0     	229   	10.5       	9.2        	15267     	-78.8
3196      	17:54:46  	125.0 	-62.4 	8     	14.1     	227   	10.3       	9.6        	15276     	-79.0
3198      	17:54:48  	124.8 	-62.4 	8     	14.4     	225   	10.2       	10.1       	15285     	-79.1
3200      	17:54:50  	124.7 	-62.5 	8     	14.5     	224   	10.0       	10.5       	15295     	-79.3
3202      	17:54:52  	124.5 	-62.5 	8     	14.7     	222   	9.9        	10.9       	15303     	-79.5
3204      	17:54:54  	124.3 	-62.6 	8     	14.9     	222   	9.9        	11.1       	15312     	-79.6
3206      	17:54:56  	124.1 	-62.6 	8     	15.2     	221   	10.0       	11.4       	15321     	-79.7
3208      	17:54:58  	123.9 	-62.7 	7     	15.5     	221   	10.1       	11.7       	15330     	-79.8
3210      	17:55:00  	123.8 	-62.7 	7     	15.7     	221   	10.3       	11.9       	15339     	-79.9
3212      	17:55:02  	123.6 	-62.7 	7     	16.2     	221   	10.6       	12.2       	15348     	-79.9
3214      	17:55:04  	123.4 	-62.8 	7     	16.5     	221   	10.8       	12.5       	15357     	-79.9
3216      	17:55:06  	123.2 	-62.8 	7     	16.7     	221   	11.0       	12.5       	15365     	-79.9
3218      	17:55:08  	123.0 	-62.9 	8     	16.8     	222   	11.2       	12.5       	15375     	-79.9
3220      	17:55:10  	122.8 	-62.9 	8     	16.9     	222   	11.4       	12.5       	15385     	-79.9
3222      	17:55:12  	122.7 	-62.9 	8     	17.2     	224   	11.9       	12.4       	15394     	-79.9
3224      	17:55:14  	122.5 	-62.9 	8     	17.3     	225   	12.3       	12.2       	15403     	-79.9
3226      	17:55:16  	122.3 	-62.9 	8     	17.5     	226   	12.7       	12.1       	15412     	-79.9
3228      	17:55:18  	122.1 	-62.9 	8     	17.7     	227   	13.0       	12.0       	15421     	-80.0
3230      	17:55:20  	121.9 	-62.9 	7     	17.7     	228   	13.2       	11.8       	15431     	-80.0
3232      	17:55:22  	121.7 	-62.9 	7     	17.7     	229   	13.4       	11.6       	15440     	-80.1
3234      	17:55:24  	121.6 	-62.9 	7     	17.8     	231   	13.8       	11.3       	15450     	-80.2
3236      	17:55:26  	121.4 	-62.9 	7     	17.8     	233   	14.2       	10.8       	15459     	-80.2
3238      	17:55:28  	121.2 	-62.9 	7     	17.9     	235   	14.6       	10.3       	15468     	-80.3
3240      	17:55:30  	121.0 	-62.8 	7     	17.9     	237   	15.0       	9.8        	15476     	-80.3
3242      	17:55:32  	120.9 	-62.8 	7     	17.9     	238   	15.2       	9.5        	15485     	-80.2
3244      	17:55:34  	120.7 	-62.8 	7     	17.8     	239   	15.3       	9.1        	15494     	-80.2
3246      	17:55:36  	120.5 	-62.8 	7     	17.8     	240   	15.5       	8.8        	15502     	-80.2
3248      	17:55:38  	120.4 	-62.8 	7     	17.6     	242   	15.5       	8.4        	15511     	-80.1
3250      	17:55:40  	120.2 	-62.8 	7     	17.4     	243   	15.5       	8.0        	15519     	-80.1
3252      	17:55:42  	120.0 	-62.8 	7     	17.2     	244   	15.4       	7.6        	15527     	-80.1
3254      	17:55:44  	119.9 	-62.8 	7     	17.0     	244   	15.3       	7.4        	15536     	-80.0
3256      	17:55:46  	119.7 	-62.8 	7     	16.8     	244   	15.1       	7.4        	15544     	-80.0
3258      	17:55:48  	119.5 	-62.8 	7     	16.5     	243   	14.8       	7.4        	15553     	-80.0
3260      	17:55:50  	119.4 	-62.8 	7     	16.3     	243   	14.5       	7.5        	15562     	-80.0
3262      	17:55:52  	119.2 	-62.8 	7     	16.2     	241   	14.2       	7.8        	15571     	-80.1
3264      	17:55:54  	119.0 	-62.8 	7     	16.0     	240   	13.8       	8.1        	15581     	-80.1
3266      	17:55:56  	118.8 	-62.9 	7     	15.8     	238   	13.4       	8.4        	15590     	-80.2
3268      	17:55:58  	118.6 	-62.9 	7     	15.9     	237   	13.3       	8.8        	15600     	-80.2
3270      	17:56:00  	118.5 	-62.9 	7     	16.0     	235   	13.1       	9.1        	15609     	-80.2
3272      	17:56:02  	118.3 	-63.0 	7     	16.1     	234   	13.0       	9.5        	15618     	-80.2
3274      	17:56:04  	118.1 	-63.0 	7     	16.2     	232   	12.8       	10.0       	15628     	-80.2
3276      	17:56:06  	117.9 	-63.1 	7     	16.5     	230   	12.7       	10.6       	15638     	-80.3
3278      	17:56:08  	117.7 	-63.1 	7     	16.8     	229   	12.6       	11.1       	15648     	-80.3
3280      	17:56:10  	117.5 	-63.2 	7     	17.0     	228   	12.6       	11.4       	15656     	-80.3
3282      	17:56:12  	117.4 	-63.3 	7     	17.1     	227   	12.6       	11.6       	15665     	-80.4
3284      	17:56:14  	117.2 	-63.4 	7     	17.3     	227   	12.6       	11.8       	15674     	-80.4
3286      	17:56:16  	117.0 	-63.4 	7     	17.5     	226   	12.7       	12.1       	15683     	-80.5
3288      	17:56:18  	116.9 	-63.5 	7     	17.7     	226   	12.7       	12.4       	15692     	-80.6
3290      	17:56:20  	116.7 	-63.5 	7     	18.1     	225   	12.8       	12.8       	15701     	-80.8
3292      	17:56:22  	116.5 	-63.5 	7     	18.4     	225   	12.9       	13.1       	15710     	-80.9
3294      	17:56:24  	116.3 	-63.6 	7     	18.6     	224   	13.0       	13.3       	15720     	-81.0
3296      	17:56:26  	116.2 	-63.6 	7     	18.7     	224   	13.0       	13.5       	15729     	-81.1
3298      	17:56:28  	116.0 	-63.6 	7     	19.0     	224   	13.1       	13.7       	15738     	-81.2
3300      	17:56:30  	115.8 	-63.6 	7     	19.3     	224   	13.3       	14.0       	15747     	-81.3
3302      	17:56:32  	115.6 	-63.7 	7     	19.6     	223   	13.4       	14.3       	15756     	-81.4
3304      	17:56:34  	115.5 	-63.7 	7     	20.0     	223   	13.6       	14.6       	15765     	-81.4
3306      	17:56:36  	115.3 	-63.7 	7     	20.2     	223   	13.8       	14.8       	15774     	-81.5
3308      	17:56:38  	115.1 	-63.7 	6     	20.5     	223   	13.9       	15.0       	15784     	-81.5
3310      	17:56:40  	115.0 	-63.7 	7     	20.6     	223   	14.0       	15.1       	15793     	-81.5
3312      	17:56:42  	114.8 	-63.7 	7     	20.8     	223   	14.3       	15.1       	15802     	-81.5
3314      	17:56:44  	114.6 	-63.7 	7     	21.0     	224   	14.6       	15.1       	15811     	-81.4
3316      	17:56:46  	114.4 	-63.7 	7     	21.2     	225   	15.0       	15.0       	15820     	-81.4
3318      	17:56:48  	114.3 	-63.7 	7     	21.4     	226   	15.3       	14.9       	15830     	-81.4
3320      	17:56:50  	114.1 	-63.7 	7     	21.4     	227   	15.5       	14.7       	15839     	-81.3
3322      	17:56:52  	113.9 	-63.7 	7     	21.5     	227   	15.8       	14.6       	15848     	-81.3
3324      	17:56:54  	113.8 	-63.7 	7     	21.5     	228   	16.0       	14.3       	15857     	-81.2
3326      	17:56:56  	113.6 	-63.7 	7     	21.4     	230   	16.4       	13.8       	15866     	-81.3
3328      	17:56:58  	113.4 	-63.7 	7     	21.5     	231   	16.8       	13.4       	15874     	-81.3
3330      	17:57:00  	113.3 	-63.7 	7     	21.5     	233   	17.2       	12.9       	15883     	-81.3
3332      	17:57:02  	113.1 	-63.7 	7     	21.6     	234   	17.5       	12.6       	15892     	-81.4
3334      	17:57:04  	113.0 	-63.7 	7     	21.5     	235   	17.6       	12.3       	15901     	-81.5
3336      	17:57:06  	112.8 	-63.8 	6     	21.5     	236   	17.8       	12.1       	15909     	-81.6
3338      	17:57:08  	112.6 	-63.8 	6     	21.6     	237   	18.1       	11.7       	15918     	-81.8
3340      	17:57:10  	112.5 	-63.8 	6     	21.6     	238   	18.4       	11.3       	15927     	-81.9
3342      	17:57:12  	112.3 	-63.8 	6     	21.7     	240   	18.7       	11.0       	15936     	-82.0
3344      	17:57:14  	112.1 	-63.9 	6     	21.8     	241   	19.0       	10.7       	15945     	-82.1
3346      	17:57:16  	112.0 	-63.9 	6     	21.8     	241   	19.1       	10.6       	15954     	-82.3
3348      	17:57:18  	111.8 	-63.9 	6     	22.0     	241   	19.3       	10.5       	15963     	-82.3
3350      	17:57:20  	111.6 	-63.9 	6     	22.1     	242   	19.5       	10.4       	15972     	-82.3
3352      	17:57:22  	111.5 	-63.9 	6     	22.5     	243   	20.0       	10.3       	15981     	-82.3
3354      	17:57:24  	111.3 	-64.0 	6     	22.9     	243   	20.5       	10.3       	15989     	-82.3
3356      	17:57:26  	111.2 	-64.0 	6     	23.3     	244   	20.9       	10.2       	15998     	-82.2
3358      	17:57:28  	111.0 	-64.0 	6     	23.6     	244   	21.2       	10.3       	16007     	-82.2
3360      	17:57:30  	110.8 	-64.0 	6     	23.9     	244   	21.5       	10.4       	16016     	-82.1
3362      	17:57:32  	110.7 	-64.0 	6     	24.2     	244   	21.8       	10.4       	16025     	-82.1
3364      	17:57:34  	110.5 	-64.0 	6     	24.7     	245   	22.4       	10.4       	16034     	-82.2
3366      	17:57:36  	110.3 	-64.0 	6     	25.2     	246   	23.0       	10.4       	16044     	-82.2
3368      	17:57:38  	110.2 	-64.0 	6     	25.8     	246   	23.6       	10.4       	16053     	-82.2
3370      	17:57:40  	110.0 	-64.0 	6     	26.2     	247   	24.0       	10.4       	16062     	-82.3
3372      	17:57:42  	109.8 	-64.1 	6     	26.4     	247   	24.3       	10.3       	16072     	-82.4
3374      	17:57:44  	109.7 	-64.1 	6     	26.7     	247   	24.6       	10.3       	16081     	-82.5
3376      	17:57:46  	109.5 	-64.0 	6     	27.0     	248   	25.0       	10.1       	16090     	-82.5
3378      	17:57:48  	109.4 	-64.0 	6     	27.3     	249   	25.5       	9.8        	16099     	-82.6
3380      	17:57:50  	109.2 	-64.0 	6     	27.7     	250   	26.0       	9.6        	16108     	-82.6
3382      	17:57:52  	109.0 	-64.0 	6     	28.1     	251   	26.5       	9.3        	16117     	-82.7
3384      	17:57:54  	108.9 	-64.0 	6     	28.2     	251   	26.7       	9.1        	16126     	-82.7
3386      	17:57:56  	108.7 	-64.0 	6     	28.3     	252   	26.9       	8.9        	16135     	-82.8
3388      	17:57:58  	108.6 	-64.0 	5     	28.6     	252   	27.2       	8.7        	16144     	-82.8
3390      	17:58:00  	108.4 	-64.0 	5     	28.4     	253   	27.2       	8.3        	16153     	-82.8
3392      	17:58:02  	108.2 	-64.0 	5     	28.3     	254   	27.2       	7.8        	16162     	-82.9
3394      	17:58:04  	108.1 	-64.0 	5     	28.2     	255   	27.2       	7.4        	16171     	-83.0
3396      	17:58:06  	107.9 	-63.9 	5     	28.0     	255   	27.1       	7.1        	16180     	-83.0
3398      	17:58:08  	107.8 	-63.9 	5     	27.8     	256   	26.9       	6.9        	16189     	-83.0
3400      	17:58:10  	107.6 	-63.9 	5     	27.4     	256   	26.6       	6.7        	16198     	-83.1
3402      	17:58:12  	107.5 	-63.8 	5     	27.0     	257   	26.3       	6.3        	16206     	-83.1
3404      	17:58:14  	107.3 	-63.8 	5     	26.6     	257   	25.9       	5.9        	16214     	-83.1
3406      	17:58:16  	107.2 	-63.7 	5     	26.1     	258   	25.5       	5.5        	16222     	-83.1
3408      	17:58:18  	107.0 	-63.7 	5     	25.6     	259   	25.1       	5.1        	16229     	-83.1
3410      	17:58:20  	106.9 	-63.7 	5     	25.5     	259   	25.0       	4.9        	16239     	-83.1
3412      	17:58:22  	106.7 	-63.6 	5     	25.2     	259   	24.8       	4.7        	16250     	-83.0
3414      	17:58:24  	106.5 	-63.6 	5     	24.8     	260   	24.4       	4.5        	16260     	-83.0
3416      	17:58:26  	106.4 	-63.5 	5     	24.4     	260   	24.0       	4.4        	16269     	-82.9
3418      	17:58:28  	106.2 	-63.4 	5     	23.9     	260   	23.5       	4.3        	16278     	-82.8
3420      	17:58:30  	106.1 	-63.4 	5     	23.4     	260   	23.0       	4.1        	16287     	-82.8
3422      	17:58:32  	105.9 	-63.3 	5     	23.1     	260   	22.7       	4.2        	16295     	-82.7
3424      	17:58:34  	105.8 	-63.3 	5     	22.8     	259   	22.4       	4.2        	16304     	-82.7
3426      	17:58:36  	105.6 	-63.2 	5     	22.5     	259   	22.1       	4.3        	16313     	-82.6
3428      	17:58:38  	105.5 	-63.1 	5     	21.8     	258   	21.4       	4.4        	16322     	-82.6
3430      	17:58:40  	105.3 	-63.1 	5     	21.3     	258   	20.8       	4.6        	16330     	-82.6
3432      	17:58:42  	105.1 	-63.0 	5     	20.6     	257   	20.1       	4.7        	16339     	-82.6
3434      	17:58:44  	105.0 	-62.9 	5     	20.2     	256   	19.6       	4.8        	16349     	-82.5
3436      	17:58:46  	104.8 	-62.9 	5     	19.9     	256   	19.3       	4.8        	16358     	-82.5
3438      	17:58:48  	104.7 	-62.8 	5     	19.5     	255   	18.9       	4.9        	16367     	-82.4
3440      	17:58:50  	104.5 	-62.7 	5     	19.0     	254   	18.3       	5.1        	16376     	-82.4
3442      	17:58:52  	104.4 	-62.7 	5     	18.4     	254   	17.7       	5.2        	16384     	-82.3
3444      	17:58:54  	104.2 	-62.6 	5     	17.9     	252   	17.1       	5.4        	16393     	-82.3
3446      	17:58:56  	104.1 	-62.5 	5     	17.5     	251   	16.6       	5.6        	16402     	-82.4
3448      	17:58:58  	103.9 	-62.5 	5     	17.3     	251   	16.3       	5.7        	16411     	-82.4
3450      	17:59:00  	103.8 	-62.4 	5     	17.1     	250   	16.1       	5.9        	16419     	-82.4
3452      	17:59:02  	103.6 	-62.4 	5     	16.9     	249   	15.8       	6.0        	16428     	-82.4
3454      	17:59:04  	103.5 	-62.3 	5     	16.7     	249   	15.5       	6.1        	16436     	-82.3
3456      	17:59:06  	103.4 	-62.2 	5     	16.5     	247   	15.2       	6.3        	16445     	-82.2
3458      	17:59:08  	103.2 	-62.2 	5     	16.2     	247   	14.9       	6.4        	16454     	-82.1
3460      	17:59:10  	103.1 	-62.1 	5     	16.1     	247   	14.8       	6.4        	16463     	-82.1
3462      	17:59:12  	102.9 	-62.1 	5     	16.0     	246   	14.7       	6.4        	16471     	-82.0
3464      	17:59:14  	102.8 	-62.0 	5     	16.0     	246   	14.6       	6.5        	16480     	-81.9
3466      	17:59:16  	102.6 	-62.0 	5     	15.9     	245   	14.4       	6.8        	16488     	-81.9
3468      	17:59:18  	102.5 	-62.0 	5     	16.0     	244   	14.3       	7.1        	16496     	-81.9
3470      	17:59:20  	102.4 	-61.9 	5     	16.0     	242   	14.1       	7.5        	16505     	-81.9
3472      	17:59:22  	102.2 	-61.9 	5     	16.0     	241   	14.0       	7.8        	16514     	-81.9
3474      	17:59:24  	102.1 	-61.9 	5     	16.2     	240   	14.0       	8.1        	16523     	-82.0
3476      	17:59:26  	101.9 	-61.9 	5     	16.3     	239   	14.0       	8.4        	16532     	-82.0
3478      	17:59:28  	101.8 	-61.9 	5     	16.6     	238   	14.1       	8.8        	16541     	-82.1
3480      	17:59:30  	101.6 	-61.9 	5     	17.0     	237   	14.3       	9.2        	16550     	-82.1
3482      	17:59:32  	101.5 	-61.9 	5     	17.4     	236   	14.5       	9.7        	16559     	-82.1
3484      	17:59:34  	101.3 	-61.8 	4     	17.9     	236   	14.8       	10.0       	16568     	-82.2
3486      	17:59:36  	101.2 	-61.8 	4     	18.1     	236   	15.0       	10.1       	16576     	-82.3
3488      	17:59:38  	101.1 	-61.8 	4     	18.3     	236   	15.2       	10.2       	16584     	-82.3
3490      	17:59:40  	100.9 	-61.8 	4     	18.6     	237   	15.6       	10.2       	16593     	-82.4
3492      	17:59:42  	100.8 	-61.8 	4     	19.2     	238   	16.2       	10.3       	16601     	-82.5
3494      	17:59:44  	100.6 	-61.8 	4     	19.6     	238   	16.7       	10.3       	16610     	-82.6
3496      	17:59:46  	100.5 	-61.8 	4     	20.0     	239   	17.2       	10.3       	16618     	-82.6
3498      	17:59:48  	100.4 	-61.8 	4     	20.3     	240   	17.5       	10.3       	16627     	-82.7
3500      	17:59:50  	100.2 	-61.8 	4     	20.4     	240   	17.7       	10.2       	16636     	-82.8
3502      	17:59:52  	100.1 	-61.8 	4     	20.7     	240   	18.0       	10.2       	16644     	-82.9
3504      	17:59:54  	99.9  	-61.8 	4     	20.9     	241   	18.3       	10.0       	16653     	-82.9
3506      	17:59:56  	99.8  	-61.7 	4     	21.2     	242   	18.7       	9.9        	16662     	-83.0
3508      	17:59:58  	99.7  	-61.7 	4     	21.3     	243   	19.0       	9.7        	16670     	-83.0
3510      	18:00:00  	99.5  	-61.6 	4     	21.5     	243   	19.2       	9.6        	16679     	-83.1
3512      	18:00:02  	99.4  	-61.6 	4     	21.5     	244   	19.3       	9.5        	16688     	-83.1
3514      	18:00:04  	99.2  	-61.6 	4     	21.6     	244   	19.4       	9.4        	16697     	-83.2
3516      	18:00:06  	99.1  	-61.5 	4     	21.4     	244   	19.3       	9.3        	16706     	-83.2
3518      	18:00:08  	99.0  	-61.4 	4     	21.3     	245   	19.3       	9.1        	16713     	-83.3
3520      	18:00:10  	98.9  	-61.4 	3     	21.2     	245   	19.2       	9.0        	16719     	-83.4
3522      	18:00:12  	98.8  	-61.3 	3     	21.2     	245   	19.2       	8.9        	16726     	-83.4
3524      	18:00:14  	98.6  	-61.3 	3     	20.9     	245   	19.0       	8.8        	16736     	-83.4
3526      	18:00:16  	98.4  	-61.2 	3     	20.8     	245   	18.9       	8.8        	16747     	-83.4
3528      	18:00:18  	98.3  	-61.1 	3     	20.9     	245   	19.0       	8.7        	16757     	-83.4
3530      	18:00:20  	98.1  	-61.1 	3     	21.0     	246   	19.1       	8.7        	16767     	-83.3
3532      	18:00:22  	98.0  	-61.0 	3     	21.1     	246   	19.2       	8.7        	16777     	-83.1
3534      	18:00:24  	97.8  	-60.9 	3     	21.2     	246   	19.3       	8.7        	16787     	-83.0
3536      	18:00:26  	97.7  	-60.8 	3     	21.4     	246   	19.6       	8.7        	16796     	-82.8
3538      	18:00:28  	97.5  	-60.7 	4     	21.6     	246   	19.8       	8.7        	16804     	-82.6
3540      	18:00:30  	97.4  	-60.6 	4     	21.8     	246   	20.0       	8.7        	16813     	-82.5
3542      	18:00:32  	97.3  	-60.5 	4     	21.5     	247   	19.8       	8.4        	16822     	-82.4
3544      	18:00:34  	97.1  	-60.4 	4     	21.3     	247   	19.7       	8.2        	16831     	-82.3
3546      	18:00:36  	97.0  	-60.4 	4     	21.1     	248   	19.6       	7.9        	16840     	-82.3
3548      	18:00:38  	96.8  	-60.3 	4     	20.8     	248   	19.3       	7.7        	16849     	-82.4
3550      	18:00:40  	96.7  	-60.2 	3     	20.3     	249   	18.9       	7.4        	16858     	-82.4
3552      	18:00:42  	96.6  	-60.2 	3     	19.8     	249   	18.5       	7.1        	16867     	-82.4
3554      	18:00:44  	96.4  	-60.2 	3     	18.8     	249   	17.6       	6.7        	16876     	-82.4
3556      	18:00:46  	96.3  	-60.1 	3     	17.8     	249   	16.7       	6.3        	16885     	-82.3
3558      	18:00:48  	96.1  	-60.1 	3     	16.9     	249   	15.8       	6.0        	16893     	-82.3
3560      	18:00:50  	96.0  	-60.0 	3     	16.0     	249   	15.0       	5.7        	16902     	-82.3
3562      	18:00:52  	95.9  	-60.0 	3     	15.5     	249   	14.5       	5.6        	16911     	-82.2
3564      	18:00:54  	95.7  	-60.0 	3     	14.9     	248   	13.9       	5.5        	16920     	-82.3
3566      	18:00:56  	95.6  	-59.9 	3     	14.4     	248   	13.3       	5.4        	16929     	-82.4
3568      	18:00:58  	95.5  	-59.9 	3     	13.7     	247   	12.6       	5.3        	16938     	-82.5
3570      	18:01:00  	95.3  	-59.9 	3     	13.0     	246   	11.9       	5.2        	16947     	-82.6
3572      	18:01:02  	95.2  	-59.8 	3     	12.2     	246   	11.1       	5.0        	16956     	-82.8
3574      	18:01:04  	95.1  	-59.8 	3     	12.0     	245   	10.9       	5.0        	16964     	-82.9
3576      	18:01:06  	94.9  	-59.8 	3     	11.8     	245   	10.7       	5.0        	16973     	-83.0
3578      	18:01:08  	94.8  	-59.7 	3     	11.6     	245   	10.5       	4.9        	16982     	-83.1
3580      	18:01:10  	94.7  	-59.7 	3     	11.2     	245   	10.1       	4.8        	16990     	-83.2
3582      	18:01:12  	94.5  	-59.7 	3     	10.7     	245   	9.7        	4.6        	17000     	-83.3
3584      	18:01:14  	94.4  	-59.7 	3     	10.3     	244   	9.3        	4.5        	17009     	-83.3
3586      	18:01:16  	94.3  	-59.7 	3     	10.0     	244   	9.0        	4.4        	17018     	-83.3
3588      	18:01:18  	94.1  	-59.7 	3     	9.9      	244   	8.9        	4.3        	17027     	-83.3
3590      	18:01:20  	94.0  	-59.7 	3     	9.7      	244   	8.7        	4.2        	17035     	-83.3
3592      	18:01:22  	93.9  	-59.7 	3     	9.4      	245   	8.5        	4.0        	17044     	-83.4
3594      	18:01:24  	93.7  	-59.6 	3     	9.1      	245   	8.3        	3.8        	17053     	-83.4
3596      	18:01:26  	93.6  	-59.6 	3     	8.8      	247   	8.1        	3.5        	17062     	-83.5
3598      	18:01:28  	93.5  	-59.6 	3     	8.5      	248   	7.9        	3.2        	17071     	-83.5
3600      	18:01:30  	93.3  	-59.5 	3     	8.5      	249   	7.9        	3.0        	17079     	-83.7
3602      	18:01:32  	93.2  	-59.5 	2     	8.3      	250   	7.8        	2.8        	17088     	-83.9
3604      	18:01:34  	93.1  	-59.5 	2     	8.1      	251   	7.7        	2.6        	17097     	-84.0
3606      	18:01:36  	92.9  	-59.5 	2     	7.8      	252   	7.4        	2.4        	17105     	-84.1
3608      	18:01:38  	92.8  	-59.5 	2     	7.4      	253   	7.1        	2.2        	17114     	-84.1
3610      	18:01:40  	92.7  	-59.4 	2     	7.1      	254   	6.8        	2.0        	17123     	-84.2
3612      	18:01:42  	92.5  	-59.4 	2     	6.8      	254   	6.5        	1.9        	17133     	-84.2
3614      	18:01:44  	92.4  	-59.4 	2     	6.5      	253   	6.2        	1.9        	17142     	-84.3
3616      	18:01:46  	92.3  	-59.4 	2     	6.2      	253   	5.9        	1.8        	17151     	-84.3
3618      	18:01:48  	92.1  	-59.4 	2     	5.7      	249   	5.3        	2.0        	17160     	-84.3
3620      	18:01:50  	92.0  	-59.4 	2     	5.1      	246   	4.7        	2.1        	17169     	-84.4
3622      	18:01:52  	91.9  	-59.4 	2     	4.7      	241   	4.1        	2.3        	17178     	-84.6
3624      	18:01:54  	91.7  	-59.4 	2     	4.3      	236   	3.6        	2.4        	17188     	-84.7
3626      	18:01:56  	91.6  	-59.4 	2     	4.2      	232   	3.3        	2.6        	17197     	-84.8
3628      	18:01:58  	91.5  	-59.4 	2     	4.1      	227   	3.0        	2.8        	17206     	-84.9
3630      	18:02:00  	91.3  	-59.4 	2     	4.1      	221   	2.7        	3.1        	17216     	-85.0
3632      	18:02:02  	91.2  	-59.4 	2     	4.4      	212   	2.3        	3.7        	17225     	-85.0
3634      	18:02:04  	91.0  	-59.4 	2     	4.7      	205   	2.0        	4.2        	17234     	-85.0
3636      	18:02:06  	90.9  	-59.4 	2     	5.1      	198   	1.6        	4.8        	17243     	-85.0
3638      	18:02:08  	90.8  	-59.4 	2     	5.4      	197   	1.6        	5.2        	17252     	-85.0
3640      	18:02:10  	90.6  	-59.4 	2     	5.8      	195   	1.5        	5.6        	17262     	-85.0
3642      	18:02:12  	90.5  	-59.5 	2     	6.1      	194   	1.5        	5.9        	17271     	-85.0
3644      	18:02:14  	90.4  	-59.5 	2     	6.8      	192   	1.4        	6.7        	17280     	-85.0
3646      	18:02:16  	90.3  	-59.5 	2     	7.5      	190   	1.3        	7.4        	17288     	-85.1
3648      	18:02:18  	90.1  	-59.6 	2     	8.3      	188   	1.2        	8.2        	17297     	-85.2
3650      	18:02:20  	90.0  	-59.6 	2     	8.8      	188   	1.2        	8.7        	17306     	-85.2
3652      	18:02:22  	89.9  	-59.6 	2     	9.1      	187   	1.1        	9.0        	17316     	-85.2
3654      	18:02:24  	89.7  	-59.7 	2     	9.5      	187   	1.1        	9.4        	17325     	-85.2
3656      	18:02:26  	89.6  	-59.7 	2     	9.9      	186   	1.0        	9.8        	17335     	-85.2
3658      	18:02:28  	89.5  	-59.7 	2     	10.2     	184   	0.8        	10.2       	17345     	-85.2
3660      	18:02:30  	89.3  	-59.8 	2     	10.7     	184   	0.7        	10.7       	17354     	-85.2
3662      	18:02:32  	89.2  	-59.8 	2     	11.1     	183   	0.5        	11.1       	17363     	-85.1
3664      	18:02:34  	89.1  	-59.8 	2     	11.2     	182   	0.4        	11.2       	17372     	-85.1
3666      	18:02:36  	88.9  	-59.9 	2     	11.3     	182   	0.3        	11.3       	17381     	-85.2
3668      	18:02:38  	88.8  	-59.9 	2     	11.4     	181   	0.1        	11.4       	17390     	-85.2
3670      	18:02:40  	88.7  	-60.0 	2     	11.5     	180   	-0.1       	11.5       	17399     	-85.2
3672      	18:02:42  	88.6  	-60.0 	2     	11.6     	179   	-0.3       	11.6       	17408     	-85.3
3674      	18:02:44  	88.4  	-60.1 	2     	11.7     	178   	-0.5       	11.7       	17417     	-85.3
3676      	18:02:46  	88.3  	-60.1 	2     	11.7     	177   	-0.7       	11.7       	17426     	-85.4
3678      	18:02:48  	88.2  	-60.1 	2     	11.8     	176   	-0.8       	11.8       	17435     	-85.4
3680      	18:02:50  	88.0  	-60.2 	2     	11.8     	176   	-0.9       	11.8       	17445     	-85.5
3682      	18:02:52  	87.9  	-60.2 	2     	11.8     	176   	-0.9       	11.8       	17454     	-85.5
3684      	18:02:54  	87.8  	-60.3 	2     	11.9     	176   	-0.9       	11.9       	17464     	-85.6
3686      	18:02:56  	87.6  	-60.3 	2     	12.0     	175   	-1.0       	12.0       	17473     	-85.6
3688      	18:02:58  	87.5  	-60.3 	2     	12.0     	175   	-1.0       	12.0       	17482     	-85.6
3690      	18:03:00  	87.4  	-60.4 	2     	12.1     	176   	-0.9       	12.1       	17491     	-85.5
3692      	18:03:02  	87.3  	-60.4 	2     	12.1     	176   	-0.9       	12.1       	17500     	-85.5
3694      	18:03:04  	87.1  	-60.5 	2     	12.2     	176   	-0.8       	12.2       	17509     	-85.5
3696      	18:03:06  	87.0  	-60.5 	2     	12.4     	177   	-0.7       	12.4       	17518     	-85.5
3698      	18:03:08  	86.9  	-60.6 	2     	12.6     	177   	-0.7       	12.6       	17527     	-85.6
3700      	18:03:10  	86.7  	-60.6 	2     	12.8     	177   	-0.6       	12.8       	17536     	-85.6
3702      	18:03:12  	86.6  	-60.7 	2     	12.9     	178   	-0.5       	12.9       	17545     	-85.6
3704      	18:03:14  	86.5  	-60.7 	2     	13.1     	178   	-0.5       	13.1       	17554     	-85.7
3706      	18:03:16  	86.4  	-60.8 	2     	13.2     	178   	-0.5       	13.2       	17564     	-85.7
3708      	18:03:18  	86.2  	-60.8 	2     	13.5     	178   	-0.4       	13.5       	17573     	-85.7
3710      	18:03:20  	86.1  	-60.9 	2     	13.9     	179   	-0.3       	13.9       	17583     	-85.7
3712      	18:03:22  	86.0  	-60.9 	2     	14.3     	179   	-0.2       	14.3       	17592     	-85.7
3714      	18:03:24  	85.8  	-61.0 	2     	14.6     	180   	-0.0       	14.6       	17601     	-85.7
3716      	18:03:26  	85.7  	-61.1 	2     	14.9     	180   	0.1        	14.9       	17611     	-85.7
3718      	18:03:28  	85.6  	-61.1 	2     	15.1     	181   	0.2        	15.1       	17620     	-85.7
3720      	18:03:30  	85.4  	-61.2 	2     	15.4     	181   	0.3        	15.4       	17630     	-85.7
3722      	18:03:32  	85.3  	-61.3 	2     	15.7     	182   	0.5        	15.7       	17639     	-85.8
3724      	18:03:34  	85.2  	-61.3 	2     	16.0     	183   	0.7        	16.0       	17649     	-85.8
3726      	18:03:36  	85.1  	-61.4 	2     	16.2     	183   	0.8        	16.2       	17658     	-85.8
3728      	18:03:38  	84.9  	-61.4 	2     	16.4     	183   	1.0        	16.4       	17668     	-85.9
3730      	18:03:40  	84.8  	-61.5 	2     	16.5     	184   	1.1        	16.5       	17677     	-85.9
3732      	18:03:42  	84.7  	-61.5 	2     	16.6     	184   	1.1        	16.6       	17686     	-86.0
3734      	18:03:44  	84.5  	-61.5 	2     	16.8     	184   	1.3        	16.7       	17695     	-86.1
3736      	18:03:46  	84.4  	-61.6 	2     	16.9     	185   	1.4        	16.8       	17705     	-86.2
3738      	18:03:48  	84.3  	-61.7 	2     	17.0     	185   	1.5        	16.9       	17714     	-86.3
3740      	18:03:50  	84.2  	-61.7 	2     	17.2     	186   	1.7        	17.1       	17723     	-86.4
3742      	18:03:52  	84.1  	-61.8 	2     	17.2     	186   	1.7        	17.1       	17732     	-86.5
3744      	18:03:54  	83.9  	-61.8 	2     	17.3     	186   	1.8        	17.2       	17741     	-86.6
