Time [sec]	Time (UTC)	P [mB]	T [°F]	Hu [%]	Ws [mi/h]	Wd [°]	Ws U [mi/h]	Ws V [mi/h]	Geopot [m]	Dew [°F]
0         	17:00:03  	872.7 	27.2  	22    	4.3      	203   	1.7        	3.9        	1288      	3.7
2         	17:00:05  	871.4 	27.5  	22    	2.9      	162   	-0.9       	2.8        	1301      	3.7
4         	17:00:07  	870.2 	27.0  	23    	2.9      	162   	-0.9       	2.8        	1314      	4.2
6         	17:00:09  	868.9 	26.9  	24    	2.9      	162   	-0.9       	2.8        	1327      	4.6
8         	17:00:11  	867.8 	26.4  	24    	3.4      	144   	-2.0       	2.8        	1339      	4.1
10        	17:00:13  	866.7 	26.1  	24    	3.4      	144   	-2.0       	2.8        	1350      	3.9
12        	17:00:15  	865.5 	26.0  	24    	3.4      	144   	-2.0       	2.8        	1361      	3.9
14        	17:00:17  	864.6 	26.0  	24    	3.4      	144   	-2.0       	2.8        	1370      	3.9
16        	17:00:19  	863.7 	25.9  	24    	3.4      	144   	-2.0       	2.8        	1380      	3.8
18        	17:00:21  	862.8 	25.8  	24    	3.4      	150   	-1.7       	2.9        	1389      	3.7
20        	17:00:23  	861.8 	25.7  	24    	3.3      	162   	-1.0       	3.1        	1399      	3.7
22        	17:00:25  	860.8 	25.7  	24    	3.3      	168   	-0.7       	3.2        	1409      	3.8
24        	17:00:27  	859.8 	25.5  	25    	3.3      	169   	-0.6       	3.2        	1419      	3.8
26        	17:00:29  	858.4 	25.6  	25    	3.2      	171   	-0.5       	3.2        	1433      	4.0
28        	17:00:31  	856.9 	25.5  	25    	3.3      	173   	-0.4       	3.3        	1448      	4.0
30        	17:00:33  	855.5 	25.2  	25    	3.4      	178   	-0.1       	3.4        	1463      	3.9
32        	17:00:35  	854.2 	25.1  	25    	4.0      	174   	-0.4       	4.0        	1477      	4.0
34        	17:00:37  	852.8 	25.0  	26    	4.2      	173   	-0.5       	4.2        	1490      	4.0
36        	17:00:39  	851.5 	24.9  	26    	4.3      	173   	-0.5       	4.3        	1504      	4.0
38        	17:00:41  	850.1 	24.7  	26    	4.3      	172   	-0.6       	4.3        	1518      	4.0
40        	17:00:43  	848.6 	24.6  	26    	4.4      	172   	-0.6       	4.4        	1532      	4.0
42        	17:00:45  	847.2 	24.4  	27    	4.4      	172   	-0.6       	4.4        	1549      	4.0
44        	17:00:47  	845.4 	24.3  	27    	4.5      	172   	-0.6       	4.5        	1567      	4.0
46        	17:00:49  	843.6 	24.1  	27    	4.7      	174   	-0.5       	4.7        	1585      	3.9
48        	17:00:51  	841.8 	23.9  	27    	5.0      	175   	-0.4       	5.0        	1604      	3.8
50        	17:00:53  	840.4 	23.6  	27    	5.4      	176   	-0.4       	5.4        	1619      	3.6
52        	17:00:55  	838.9 	23.4  	27    	5.7      	177   	-0.3       	5.7        	1634      	3.6
54        	17:00:57  	837.5 	23.4  	28    	5.9      	178   	-0.2       	5.9        	1649      	3.6
56        	17:00:59  	836.0 	23.2  	28    	6.2      	179   	-0.1       	6.2        	1664      	3.6
58        	17:01:01  	834.4 	23.1  	28    	6.5      	179   	-0.1       	6.5        	1679      	3.5
60        	17:01:03  	832.9 	22.9  	28    	6.8      	178   	-0.2       	6.8        	1696      	3.5
62        	17:01:05  	831.3 	22.7  	28    	7.1      	178   	-0.2       	7.1        	1713      	3.5
64        	17:01:07  	829.6 	22.6  	29    	7.4      	178   	-0.2       	7.4        	1731      	3.5
66        	17:01:09  	828.0 	22.5  	29    	7.4      	178   	-0.3       	7.4        	1748      	3.4
68        	17:01:11  	826.4 	22.4  	28    	7.5      	177   	-0.4       	7.5        	1766      	3.1
70        	17:01:13  	824.8 	22.2  	28    	7.6      	177   	-0.4       	7.6        	1782      	2.8
72        	17:01:15  	823.3 	22.1  	28    	7.9      	178   	-0.3       	7.9        	1798      	2.6
74        	17:01:17  	822.0 	22.2  	27    	8.2      	179   	-0.1       	8.2        	1813      	2.5
76        	17:01:19  	820.8 	22.2  	27    	8.6      	180   	-0.0       	8.6        	1825      	2.2
78        	17:01:21  	819.5 	22.0  	26    	8.8      	181   	0.2        	8.8        	1837      	1.7
80        	17:01:23  	818.4 	21.8  	26    	9.0      	183   	0.5        	9.0        	1849      	1.3
82        	17:01:25  	817.2 	21.7  	25    	9.3      	184   	0.7        	9.3        	1861      	1.0
84        	17:01:27  	816.1 	21.7  	25    	9.8      	185   	0.9        	9.8        	1874      	1.0
86        	17:01:29  	815.0 	21.7  	25    	10.5     	185   	1.0        	10.5       	1886      	0.8
88        	17:01:31  	813.8 	21.6  	25    	11.3     	186   	1.2        	11.2       	1898      	0.6
90        	17:01:33  	812.7 	21.5  	24    	11.9     	186   	1.2        	11.8       	1909      	0.4
92        	17:01:35  	811.8 	21.4  	24    	12.2     	185   	1.1        	12.2       	1921      	0.2
94        	17:01:37  	810.8 	21.3  	24    	12.6     	185   	1.0        	12.6       	1931      	0.0
96        	17:01:39  	809.8 	21.4  	24    	13.2     	184   	0.9        	13.2       	1940      	-0.1
98        	17:01:41  	809.1 	21.5  	24    	13.9     	183   	0.7        	13.9       	1949      	-0.1
100       	17:01:43  	808.5 	21.6  	23    	14.5     	182   	0.5        	14.5       	1955      	-0.2
102       	17:01:45  	807.8 	21.5  	23    	15.2     	182   	0.4        	15.2       	1962      	-0.4
104       	17:01:47  	807.1 	21.5  	23    	15.5     	181   	0.3        	15.5       	1970      	-0.6
106       	17:01:49  	806.3 	21.4  	23    	15.8     	181   	0.2        	15.8       	1978      	-0.6
108       	17:01:51  	805.6 	21.3  	23    	16.0     	180   	0.1        	16.0       	1986      	-0.7
110       	17:01:53  	804.9 	21.2  	23    	16.1     	180   	0.1        	16.1       	1994      	-0.8
112       	17:01:55  	804.1 	21.2  	23    	16.2     	181   	0.2        	16.2       	2001      	-0.8
114       	17:01:57  	803.4 	21.1  	23    	16.3     	181   	0.2        	16.3       	2009      	-0.9
116       	17:01:59  	802.6 	21.0  	23    	16.2     	181   	0.3        	16.2       	2018      	-0.9
118       	17:02:01  	801.8 	20.9  	23    	16.1     	181   	0.4        	16.1       	2026      	-1.0
120       	17:02:03  	801.0 	20.9  	23    	16.0     	182   	0.5        	16.0       	2035      	-0.9
122       	17:02:05  	800.2 	20.9  	23    	15.8     	182   	0.6        	15.8       	2044      	-1.0
124       	17:02:07  	799.4 	20.8  	23    	15.7     	183   	0.7        	15.7       	2053      	-1.0
126       	17:02:09  	798.6 	20.7  	23    	15.5     	183   	0.7        	15.5       	2061      	-1.0
128       	17:02:11  	797.9 	20.7  	23    	15.4     	183   	0.8        	15.4       	2069      	-1.0
130       	17:02:13  	797.1 	20.6  	23    	15.3     	183   	0.8        	15.3       	2077      	-1.0
132       	17:02:15  	796.4 	20.6  	23    	15.3     	183   	0.7        	15.3       	2084      	-0.9
134       	17:02:17  	795.7 	20.6  	24    	15.3     	183   	0.7        	15.3       	2092      	-0.9
136       	17:02:19  	795.0 	20.6  	24    	15.1     	182   	0.6        	15.1       	2100      	-0.8
138       	17:02:21  	794.2 	20.6  	23    	15.0     	182   	0.5        	15.0       	2108      	-1.0
140       	17:02:23  	793.5 	20.5  	23    	14.8     	182   	0.5        	14.8       	2116      	-1.3
142       	17:02:25  	792.8 	20.5  	22    	14.7     	182   	0.4        	14.7       	2125      	-1.6
144       	17:02:27  	792.0 	20.6  	22    	14.6     	182   	0.4        	14.6       	2132      	-1.8
146       	17:02:29  	791.3 	20.8  	21    	14.5     	182   	0.4        	14.5       	2140      	-2.1
148       	17:02:31  	790.6 	20.8  	21    	14.2     	182   	0.4        	14.2       	2148      	-2.5
150       	17:02:33  	789.9 	20.7  	20    	13.9     	182   	0.6        	13.9       	2155      	-3.0
152       	17:02:35  	789.2 	20.6  	19    	13.5     	183   	0.7        	13.5       	2162      	-3.5
154       	17:02:37  	788.5 	20.6  	19    	13.2     	184   	0.9        	13.2       	2170      	-3.7
156       	17:02:39  	787.8 	20.5  	19    	13.0     	185   	1.1        	13.0       	2178      	-3.9
158       	17:02:41  	787.1 	20.5  	19    	12.8     	186   	1.3        	12.7       	2185      	-4.1
160       	17:02:43  	786.3 	20.4  	19    	12.6     	186   	1.4        	12.5       	2194      	-4.3
162       	17:02:45  	785.5 	20.3  	19    	12.3     	187   	1.5        	12.2       	2204      	-4.4
164       	17:02:47  	784.7 	20.2  	19    	11.9     	188   	1.6        	11.8       	2213      	-4.4
166       	17:02:49  	783.9 	20.1  	19    	11.5     	188   	1.7        	11.4       	2222      	-4.4
168       	17:02:51  	783.1 	20.1  	18    	11.3     	189   	1.7        	11.2       	2230      	-4.6
170       	17:02:53  	782.4 	20.0  	18    	11.1     	189   	1.7        	11.0       	2238      	-4.8
172       	17:02:55  	781.7 	19.9  	18    	11.0     	188   	1.6        	10.9       	2245      	-5.0
174       	17:02:57  	781.0 	19.9  	18    	10.8     	188   	1.5        	10.7       	2253      	-5.2
176       	17:02:59  	780.3 	19.9  	18    	10.6     	188   	1.5        	10.5       	2261      	-5.4
178       	17:03:01  	779.6 	19.9  	17    	10.3     	188   	1.4        	10.2       	2268      	-5.6
180       	17:03:03  	778.9 	19.8  	17    	10.1     	188   	1.4        	10.0       	2276      	-5.9
182       	17:03:05  	778.1 	19.7  	17    	10.0     	188   	1.4        	9.9        	2285      	-6.1
184       	17:03:07  	777.4 	19.6  	17    	9.9      	189   	1.5        	9.8        	2293      	-6.2
186       	17:03:09  	776.6 	19.5  	17    	9.8      	189   	1.5        	9.7        	2302      	-6.2
188       	17:03:11  	775.8 	19.4  	17    	9.7      	189   	1.6        	9.6        	2310      	-6.2
190       	17:03:13  	775.1 	19.4  	17    	9.6      	190   	1.6        	9.5        	2319      	-6.3
192       	17:03:15  	774.3 	19.3  	17    	9.6      	190   	1.7        	9.4        	2327      	-6.3
194       	17:03:17  	773.4 	19.2  	17    	9.6      	190   	1.7        	9.4        	2336      	-6.3
196       	17:03:19  	772.6 	19.1  	17    	9.6      	190   	1.7        	9.4        	2346      	-6.4
198       	17:03:21  	771.8 	19.0  	17    	9.6      	190   	1.7        	9.4        	2355      	-6.4
200       	17:03:23  	771.0 	18.9  	17    	9.5      	191   	1.8        	9.3        	2364      	-6.4
202       	17:03:25  	770.2 	18.8  	17    	9.4      	191   	1.8        	9.2        	2372      	-6.4
204       	17:03:27  	769.4 	18.8  	17    	9.3      	192   	1.9        	9.1        	2381      	-6.5
206       	17:03:29  	768.7 	18.7  	17    	9.2      	192   	1.9        	9.0        	2389      	-6.5
208       	17:03:31  	768.0 	18.6  	17    	9.1      	193   	2.0        	8.9        	2397      	-6.5
210       	17:03:33  	767.2 	18.5  	18    	9.0      	193   	2.0        	8.8        	2405      	-6.5
212       	17:03:35  	766.5 	18.4  	18    	8.8      	193   	2.0        	8.6        	2414      	-6.5
214       	17:03:37  	765.7 	18.3  	18    	8.7      	193   	1.9        	8.5        	2422      	-6.5
216       	17:03:39  	765.0 	18.2  	18    	8.6      	193   	1.9        	8.4        	2431      	-6.5
218       	17:03:41  	764.1 	18.2  	18    	8.5      	192   	1.8        	8.3        	2440      	-6.5
220       	17:03:43  	763.3 	18.1  	18    	8.4      	192   	1.7        	8.2        	2449      	-6.6
222       	17:03:45  	762.5 	18.0  	18    	8.3      	190   	1.5        	8.2        	2458      	-6.6
224       	17:03:47  	761.7 	17.9  	18    	8.3      	190   	1.4        	8.2        	2468      	-6.6
226       	17:03:49  	760.9 	17.8  	18    	8.3      	190   	1.4        	8.2        	2477      	-6.6
228       	17:03:51  	760.1 	17.7  	18    	8.2      	189   	1.3        	8.1        	2485      	-6.6
230       	17:03:53  	759.4 	17.6  	18    	8.2      	189   	1.3        	8.1        	2493      	-6.6
232       	17:03:55  	758.7 	17.6  	19    	8.1      	190   	1.4        	8.0        	2500      	-6.5
234       	17:03:57  	758.0 	17.5  	19    	8.1      	191   	1.5        	8.0        	2509      	-6.6
236       	17:03:59  	757.3 	17.4  	19    	8.2      	191   	1.6        	8.0        	2517      	-6.6
238       	17:04:01  	756.5 	17.3  	19    	8.1      	191   	1.6        	7.9        	2525      	-6.6
240       	17:04:03  	755.8 	17.2  	19    	7.9      	192   	1.7        	7.7        	2534      	-6.6
242       	17:04:05  	755.1 	17.2  	19    	7.7      	193   	1.8        	7.5        	2542      	-6.6
244       	17:04:07  	754.4 	17.1  	19    	7.6      	194   	1.8        	7.4        	2550      	-6.6
246       	17:04:09  	753.7 	17.0  	19    	7.4      	194   	1.8        	7.2        	2557      	-6.6
248       	17:04:11  	753.0 	17.0  	19    	7.3      	193   	1.7        	7.1        	2565      	-6.6
250       	17:04:13  	752.3 	16.9  	19    	7.1      	194   	1.7        	6.9        	2573      	-6.6
252       	17:04:15  	751.6 	16.8  	19    	7.1      	192   	1.5        	6.9        	2581      	-6.6
254       	17:04:17  	750.9 	16.8  	19    	6.9      	191   	1.3        	6.8        	2589      	-6.6
256       	17:04:19  	750.3 	16.7  	19    	6.8      	190   	1.2        	6.7        	2596      	-6.6
258       	17:04:21  	749.6 	16.6  	19    	6.8      	188   	1.0        	6.7        	2604      	-6.7
260       	17:04:23  	748.8 	16.6  	19    	6.9      	188   	0.9        	6.8        	2612      	-6.8
262       	17:04:25  	748.1 	16.5  	19    	6.9      	187   	0.8        	6.9        	2620      	-7.0
264       	17:04:27  	747.4 	16.4  	19    	6.9      	186   	0.7        	6.9        	2629      	-7.1
266       	17:04:29  	746.5 	16.3  	19    	6.8      	185   	0.6        	6.8        	2638      	-7.3
268       	17:04:31  	745.7 	16.2  	19    	6.8      	184   	0.5        	6.8        	2648      	-7.4
270       	17:04:33  	744.9 	16.2  	19    	6.7      	183   	0.4        	6.7        	2657      	-7.5
272       	17:04:35  	744.0 	16.1  	19    	6.5      	184   	0.4        	6.5        	2667      	-7.6
274       	17:04:37  	743.2 	16.0  	19    	6.3      	184   	0.4        	6.3        	2676      	-7.7
276       	17:04:39  	742.4 	15.9  	19    	6.2      	184   	0.4        	6.2        	2686      	-7.8
278       	17:04:41  	741.6 	15.8  	19    	5.9      	186   	0.6        	5.9        	2695      	-7.9
280       	17:04:43  	740.7 	15.8  	19    	5.6      	187   	0.7        	5.6        	2705      	-8.0
282       	17:04:45  	739.9 	15.7  	19    	5.4      	190   	0.9        	5.3        	2714      	-8.1
284       	17:04:47  	739.1 	15.7  	18    	5.2      	192   	1.1        	5.1        	2723      	-8.2
286       	17:04:49  	738.3 	15.6  	18    	5.1      	193   	1.2        	5.0        	2732      	-8.3
288       	17:04:51  	737.5 	15.6  	18    	5.0      	196   	1.4        	4.8        	2741      	-8.4
290       	17:04:53  	736.8 	15.5  	18    	4.9      	198   	1.5        	4.7        	2750      	-8.5
292       	17:04:55  	736.0 	15.4  	18    	4.9      	199   	1.6        	4.6        	2759      	-8.5
294       	17:04:57  	735.2 	15.4  	18    	4.8      	202   	1.8        	4.5        	2768      	-8.5
296       	17:04:59  	734.5 	15.3  	18    	4.7      	204   	1.9        	4.3        	2776      	-8.5
298       	17:05:01  	733.8 	15.2  	18    	4.7      	204   	1.9        	4.3        	2784      	-8.5
300       	17:05:03  	733.1 	15.1  	19    	4.7      	204   	1.9        	4.3        	2792      	-8.6
302       	17:05:05  	732.4 	15.0  	19    	4.7      	204   	1.9        	4.3        	2800      	-8.6
304       	17:05:07  	731.6 	14.9  	19    	4.7      	204   	1.9        	4.3        	2809      	-8.6
306       	17:05:09  	730.9 	14.9  	19    	4.7      	204   	1.9        	4.3        	2817      	-8.6
308       	17:05:11  	730.2 	14.8  	19    	4.7      	205   	2.0        	4.2        	2826      	-8.6
310       	17:05:13  	729.4 	14.7  	19    	4.7      	205   	2.0        	4.2        	2835      	-8.6
312       	17:05:15  	728.6 	14.6  	19    	4.7      	205   	2.0        	4.2        	2844      	-8.6
314       	17:05:17  	727.9 	14.5  	19    	4.6      	207   	2.1        	4.1        	2853      	-8.6
316       	17:05:19  	727.1 	14.4  	19    	4.6      	207   	2.1        	4.1        	2862      	-8.5
318       	17:05:21  	726.3 	14.3  	20    	4.7      	208   	2.2        	4.1        	2871      	-8.5
320       	17:05:23  	725.6 	14.2  	20    	4.7      	208   	2.2        	4.1        	2880      	-8.4
322       	17:05:25  	724.8 	14.2  	20    	4.7      	209   	2.3        	4.1        	2888      	-8.4
324       	17:05:27  	724.1 	14.1  	20    	4.7      	209   	2.3        	4.1        	2896      	-8.3
326       	17:05:29  	723.3 	14.0  	21    	4.8      	210   	2.4        	4.2        	2905      	-8.2
328       	17:05:31  	722.5 	13.9  	21    	4.8      	210   	2.4        	4.2        	2914      	-8.1
330       	17:05:33  	721.8 	13.8  	21    	5.0      	209   	2.4        	4.4        	2924      	-8.1
332       	17:05:35  	721.0 	13.8  	21    	5.2      	208   	2.4        	4.6        	2933      	-8.0
334       	17:05:37  	720.2 	13.7  	21    	5.4      	207   	2.4        	4.8        	2943      	-7.9
336       	17:05:39  	719.4 	13.6  	22    	5.5      	205   	2.3        	5.0        	2952      	-7.8
338       	17:05:41  	718.6 	13.5  	22    	5.6      	204   	2.3        	5.1        	2961      	-7.8
340       	17:05:43  	717.8 	13.4  	22    	5.8      	203   	2.3        	5.3        	2970      	-7.7
342       	17:05:45  	717.1 	13.4  	22    	5.9      	203   	2.3        	5.4        	2978      	-7.7
344       	17:05:47  	716.3 	13.3  	22    	6.1      	202   	2.3        	5.7        	2987      	-7.6
346       	17:05:49  	715.5 	13.2  	23    	6.4      	202   	2.4        	5.9        	2997      	-7.7
348       	17:05:51  	714.7 	13.1  	22    	6.6      	202   	2.5        	6.1        	3006      	-7.8
350       	17:05:53  	713.9 	13.0  	22    	6.7      	203   	2.6        	6.2        	3016      	-7.9
352       	17:05:55  	713.1 	13.0  	22    	6.8      	204   	2.7        	6.2        	3025      	-8.0
354       	17:05:57  	712.3 	12.9  	22    	7.0      	204   	2.8        	6.4        	3034      	-8.2
356       	17:05:59  	711.6 	12.8  	22    	7.2      	205   	3.0        	6.5        	3042      	-8.3
358       	17:06:01  	710.9 	12.8  	22    	7.3      	206   	3.2        	6.6        	3051      	-8.5
360       	17:06:03  	710.2 	12.7  	22    	7.6      	207   	3.4        	6.8        	3059      	-8.7
362       	17:06:05  	709.5 	12.6  	22    	7.7      	207   	3.5        	6.9        	3068      	-8.7
364       	17:06:07  	708.7 	12.5  	22    	7.9      	207   	3.6        	7.0        	3076      	-8.8
366       	17:06:09  	708.0 	12.5  	22    	7.9      	208   	3.7        	7.0        	3085      	-8.8
368       	17:06:11  	707.2 	12.4  	22    	8.1      	207   	3.7        	7.2        	3095      	-8.8
370       	17:06:13  	706.4 	12.3  	22    	8.3      	207   	3.8        	7.4        	3105      	-8.7
372       	17:06:15  	705.6 	12.3  	22    	8.5      	207   	3.9        	7.6        	3114      	-8.6
374       	17:06:17  	704.9 	12.2  	22    	8.8      	207   	4.0        	7.8        	3122      	-8.6
376       	17:06:19  	704.2 	12.2  	23    	8.9      	207   	4.0        	7.9        	3131      	-8.5
378       	17:06:21  	703.5 	12.1  	23    	9.0      	206   	4.0        	8.1        	3138      	-8.5
380       	17:06:23  	702.8 	12.0  	23    	9.3      	206   	4.1        	8.3        	3146      	-8.5
382       	17:06:25  	702.2 	11.9  	23    	9.4      	206   	4.1        	8.5        	3154      	-8.5
384       	17:06:27  	701.5 	11.9  	23    	9.8      	206   	4.2        	8.8        	3162      	-8.4
386       	17:06:29  	700.9 	11.8  	23    	10.0     	206   	4.3        	9.0        	3170      	-8.4
388       	17:06:31  	700.2 	11.7  	24    	10.1     	206   	4.4        	9.1        	3178      	-8.4
390       	17:06:33  	699.5 	11.6  	24    	10.2     	206   	4.5        	9.2        	3186      	-8.4
392       	17:06:35  	698.8 	11.5  	24    	10.3     	206   	4.5        	9.3        	3195      	-8.4
394       	17:06:37  	698.0 	11.5  	24    	10.6     	206   	4.6        	9.6        	3203      	-8.3
396       	17:06:39  	697.3 	11.4  	24    	10.9     	205   	4.6        	9.9        	3212      	-8.3
398       	17:06:41  	696.6 	11.3  	24    	11.2     	204   	4.6        	10.2       	3221      	-8.3
400       	17:06:43  	695.9 	11.3  	24    	11.4     	204   	4.6        	10.4       	3230      	-8.3
402       	17:06:45  	695.2 	11.2  	24    	11.5     	204   	4.6        	10.5       	3238      	-8.3
404       	17:06:47  	694.5 	11.1  	25    	11.6     	203   	4.6        	10.7       	3246      	-8.3
406       	17:06:49  	693.8 	11.1  	25    	11.8     	203   	4.6        	10.9       	3254      	-8.3
408       	17:06:51  	693.2 	11.0  	25    	12.1     	203   	4.7        	11.1       	3262      	-8.3
410       	17:06:53  	692.5 	11.0  	25    	12.3     	203   	4.8        	11.3       	3270      	-8.2
412       	17:06:55  	691.7 	10.9  	25    	12.5     	203   	4.9        	11.5       	3279      	-8.1
414       	17:06:57  	691.0 	10.8  	25    	12.6     	203   	5.0        	11.6       	3288      	-8.1
416       	17:06:59  	690.3 	10.8  	26    	12.7     	204   	5.2        	11.6       	3296      	-8.0
418       	17:07:01  	689.6 	10.7  	26    	12.8     	205   	5.3        	11.6       	3305      	-8.0
420       	17:07:03  	688.8 	10.6  	26    	13.1     	205   	5.5        	11.9       	3314      	-7.9
422       	17:07:05  	688.1 	10.5  	26    	13.4     	206   	5.8        	12.1       	3323      	-7.9
424       	17:07:07  	687.4 	10.5  	27    	13.7     	206   	6.0        	12.3       	3332      	-7.9
426       	17:07:09  	686.7 	10.4  	27    	14.0     	206   	6.2        	12.5       	3340      	-7.8
428       	17:07:11  	686.0 	10.3  	27    	14.1     	206   	6.2        	12.7       	3349      	-7.8
430       	17:07:13  	685.3 	10.3  	27    	14.4     	206   	6.3        	12.9       	3357      	-7.8
432       	17:07:15  	684.6 	10.2  	27    	14.5     	207   	6.5        	13.0       	3365      	-7.8
434       	17:07:17  	683.9 	10.1  	27    	14.7     	207   	6.7        	13.1       	3374      	-7.8
436       	17:07:19  	683.2 	10.0  	28    	14.8     	208   	6.9        	13.1       	3382      	-7.8
438       	17:07:21  	682.5 	9.9   	28    	15.0     	208   	7.1        	13.2       	3391      	-7.8
440       	17:07:23  	681.9 	9.9   	28    	14.9     	209   	7.2        	13.1       	3399      	-7.8
442       	17:07:25  	681.2 	9.8   	28    	15.0     	210   	7.4        	13.0       	3407      	-7.8
444       	17:07:27  	680.5 	9.7   	28    	14.8     	210   	7.5        	12.8       	3415      	-7.9
446       	17:07:29  	679.8 	9.7   	28    	14.8     	211   	7.6        	12.7       	3424      	-7.9
448       	17:07:31  	679.1 	9.6   	28    	14.8     	212   	7.8        	12.6       	3433      	-7.9
450       	17:07:33  	678.3 	9.5   	28    	14.8     	213   	8.0        	12.5       	3442      	-8.0
452       	17:07:35  	677.6 	9.4   	28    	14.8     	213   	8.1        	12.4       	3451      	-8.1
454       	17:07:37  	676.9 	9.4   	28    	14.8     	213   	8.1        	12.4       	3460      	-8.2
456       	17:07:39  	676.2 	9.3   	28    	14.9     	213   	8.2        	12.4       	3469      	-8.3
458       	17:07:41  	675.4 	9.2   	28    	15.1     	214   	8.4        	12.5       	3478      	-8.4
460       	17:07:43  	674.6 	9.2   	28    	15.4     	215   	8.8        	12.6       	3488      	-8.5
462       	17:07:45  	673.9 	9.1   	27    	15.6     	216   	9.1        	12.7       	3497      	-8.6
464       	17:07:47  	673.2 	9.1   	27    	16.0     	216   	9.5        	12.9       	3505      	-8.7
466       	17:07:49  	672.5 	9.0   	27    	16.3     	217   	9.9        	13.0       	3514      	-8.8
468       	17:07:51  	671.8 	8.9   	27    	16.6     	218   	10.2       	13.1       	3523      	-8.8
470       	17:07:53  	671.1 	8.9   	27    	16.9     	218   	10.5       	13.3       	3531      	-8.9
472       	17:07:55  	670.4 	8.9   	27    	17.3     	220   	11.0       	13.3       	3539      	-9.0
474       	17:07:57  	669.7 	8.8   	27    	17.7     	221   	11.6       	13.4       	3548      	-9.1
476       	17:07:59  	668.9 	8.7   	27    	18.1     	222   	12.1       	13.4       	3557      	-9.2
478       	17:08:01  	668.1 	8.7   	27    	18.3     	223   	12.5       	13.4       	3566      	-9.4
480       	17:08:03  	667.4 	8.6   	26    	18.4     	224   	12.7       	13.3       	3577      	-9.6
482       	17:08:05  	666.5 	8.6   	26    	18.5     	224   	12.9       	13.2       	3587      	-9.8
484       	17:08:07  	665.7 	8.6   	25    	18.7     	225   	13.3       	13.2       	3597      	-10.0
486       	17:08:09  	664.8 	8.6   	25    	19.1     	227   	13.9       	13.1       	3608      	-10.1
488       	17:08:11  	664.0 	8.6   	25    	19.5     	228   	14.5       	13.0       	3619      	-10.4
490       	17:08:13  	663.1 	8.7   	24    	19.9     	229   	15.1       	12.9       	3630      	-10.6
492       	17:08:15  	662.3 	8.7   	24    	20.2     	230   	15.6       	12.9       	3640      	-10.7
494       	17:08:17  	661.5 	8.7   	24    	20.6     	231   	16.0       	12.9       	3650      	-10.9
496       	17:08:19  	660.8 	8.7   	24    	20.9     	232   	16.4       	13.0       	3659      	-11.0
498       	17:08:21  	660.0 	8.6   	23    	21.3     	232   	16.9       	13.0       	3668      	-11.0
500       	17:08:23  	659.3 	8.6   	23    	21.7     	233   	17.4       	13.0       	3677      	-11.1
502       	17:08:25  	658.6 	8.5   	23    	22.1     	234   	17.9       	13.0       	3686      	-11.2
504       	17:08:27  	657.9 	8.4   	23    	22.4     	234   	18.2       	13.0       	3694      	-11.2
506       	17:08:29  	657.2 	8.3   	23    	22.4     	235   	18.3       	13.0       	3703      	-11.3
508       	17:08:31  	656.5 	8.3   	24    	22.5     	235   	18.4       	13.0       	3712      	-11.3
510       	17:08:33  	655.8 	8.2   	24    	22.7     	235   	18.5       	13.1       	3721      	-11.3
512       	17:08:35  	655.1 	8.1   	24    	22.8     	235   	18.6       	13.1       	3729      	-11.4
514       	17:08:37  	654.4 	8.0   	24    	22.9     	235   	18.7       	13.2       	3739      	-11.4
516       	17:08:39  	653.6 	7.9   	24    	23.0     	235   	18.8       	13.3       	3748      	-11.4
518       	17:08:41  	653.0 	7.8   	24    	23.0     	235   	18.8       	13.3       	3757      	-11.5
520       	17:08:43  	652.3 	7.8   	24    	23.1     	235   	18.8       	13.4       	3766      	-11.5
522       	17:08:45  	651.6 	7.7   	24    	23.2     	235   	18.9       	13.4       	3774      	-11.5
524       	17:08:47  	650.9 	7.6   	24    	23.2     	235   	19.0       	13.4       	3783      	-11.6
526       	17:08:49  	650.2 	7.5   	24    	23.3     	235   	19.1       	13.4       	3791      	-11.6
528       	17:08:51  	649.5 	7.4   	24    	23.4     	235   	19.2       	13.4       	3800      	-11.7
530       	17:08:53  	648.8 	7.3   	24    	23.5     	235   	19.3       	13.4       	3809      	-11.7
532       	17:08:55  	648.0 	7.2   	24    	23.5     	236   	19.4       	13.3       	3819      	-11.7
534       	17:08:57  	647.3 	7.1   	24    	23.6     	236   	19.5       	13.3       	3828      	-11.8
536       	17:08:59  	646.5 	7.0   	24    	23.5     	236   	19.5       	13.1       	3838      	-11.8
538       	17:09:01  	645.8 	6.9   	25    	23.4     	236   	19.5       	13.0       	3848      	-11.9
540       	17:09:03  	645.0 	6.8   	25    	23.3     	236   	19.4       	12.9       	3857      	-11.9
542       	17:09:05  	644.3 	6.7   	25    	23.2     	237   	19.4       	12.8       	3867      	-11.9
544       	17:09:07  	643.5 	6.7   	25    	23.1     	237   	19.3       	12.7       	3877      	-12.0
546       	17:09:09  	642.8 	6.6   	25    	22.9     	237   	19.1       	12.6       	3886      	-12.0
548       	17:09:11  	642.1 	6.5   	25    	22.8     	237   	19.1       	12.5       	3895      	-12.0
550       	17:09:13  	641.4 	6.4   	25    	22.7     	237   	19.0       	12.5       	3904      	-12.0
552       	17:09:15  	640.7 	6.3   	25    	22.7     	237   	19.0       	12.5       	3913      	-12.0
554       	17:09:17  	639.9 	6.2   	26    	22.7     	237   	19.0       	12.5       	3923      	-12.0
556       	17:09:19  	639.1 	6.2   	26    	22.8     	237   	19.1       	12.5       	3933      	-12.0
558       	17:09:21  	638.3 	6.1   	26    	22.9     	237   	19.1       	12.6       	3943      	-12.0
560       	17:09:23  	637.6 	6.0   	26    	23.0     	237   	19.2       	12.7       	3953      	-11.9
562       	17:09:25  	636.8 	5.9   	26    	23.2     	237   	19.4       	12.7       	3962      	-11.9
564       	17:09:27  	636.1 	5.8   	26    	23.3     	237   	19.5       	12.7       	3972      	-11.9
566       	17:09:29  	635.4 	5.7   	27    	23.4     	237   	19.6       	12.7       	3981      	-12.0
568       	17:09:31  	634.7 	5.6   	27    	23.4     	237   	19.7       	12.7       	3989      	-12.0
570       	17:09:33  	634.0 	5.6   	27    	23.4     	237   	19.7       	12.7       	3998      	-12.0
572       	17:09:35  	633.3 	5.5   	27    	23.4     	237   	19.7       	12.7       	4008      	-12.0
574       	17:09:37  	632.6 	5.4   	27    	23.5     	238   	19.8       	12.6       	4017      	-12.0
576       	17:09:39  	631.9 	5.3   	27    	23.4     	238   	19.8       	12.4       	4026      	-12.0
578       	17:09:41  	631.2 	5.2   	27    	23.4     	238   	19.9       	12.3       	4035      	-12.0
580       	17:09:43  	630.5 	5.1   	27    	23.3     	239   	19.9       	12.1       	4044      	-12.0
582       	17:09:45  	629.9 	5.1   	28    	23.2     	239   	19.9       	12.0       	4052      	-12.0
584       	17:09:47  	629.2 	5.0   	28    	23.1     	239   	19.9       	11.8       	4060      	-12.0
586       	17:09:49  	628.6 	4.9   	28    	23.1     	240   	19.9       	11.7       	4068      	-12.0
588       	17:09:51  	627.9 	4.8   	28    	23.0     	240   	19.9       	11.5       	4077      	-12.0
590       	17:09:53  	627.2 	4.7   	28    	23.0     	240   	20.0       	11.4       	4086      	-12.0
592       	17:09:55  	626.6 	4.6   	28    	23.0     	241   	20.0       	11.3       	4095      	-12.1
594       	17:09:57  	625.9 	4.5   	28    	23.0     	241   	20.1       	11.2       	4104      	-12.1
596       	17:09:59  	625.1 	4.4   	29    	23.0     	241   	20.1       	11.2       	4113      	-12.2
598       	17:10:01  	624.4 	4.3   	29    	23.1     	241   	20.2       	11.2       	4122      	-12.2
600       	17:10:03  	623.6 	4.2   	29    	23.0     	241   	20.1       	11.2       	4133      	-12.3
602       	17:10:05  	622.8 	4.2   	29    	22.9     	241   	20.0       	11.1       	4144      	-12.3
604       	17:10:07  	622.0 	4.1   	29    	22.8     	241   	19.9       	11.1       	4154      	-12.3
606       	17:10:09  	621.3 	4.0   	29    	22.7     	241   	19.8       	11.1       	4164      	-12.3
608       	17:10:11  	620.6 	3.9   	29    	22.6     	241   	19.7       	11.0       	4174      	-12.3
610       	17:10:13  	619.9 	3.8   	29    	22.4     	241   	19.5       	11.0       	4182      	-12.3
612       	17:10:15  	619.3 	3.7   	30    	22.3     	240   	19.4       	11.0       	4190      	-12.3
614       	17:10:17  	618.7 	3.6   	30    	22.3     	240   	19.4       	11.0       	4198      	-12.3
616       	17:10:19  	618.0 	3.5   	30    	22.3     	240   	19.4       	11.0       	4206      	-12.3
618       	17:10:21  	617.4 	3.5   	30    	22.3     	240   	19.4       	11.0       	4215      	-12.4
620       	17:10:23  	616.7 	3.4   	30    	22.4     	241   	19.5       	11.0       	4223      	-12.4
622       	17:10:25  	616.1 	3.3   	30    	22.5     	240   	19.6       	11.1       	4232      	-12.4
624       	17:10:27  	615.4 	3.2   	31    	22.7     	241   	19.8       	11.1       	4241      	-12.4
626       	17:10:29  	614.8 	3.1   	31    	22.8     	241   	19.9       	11.1       	4249      	-12.4
628       	17:10:31  	614.1 	3.0   	31    	22.9     	241   	20.0       	11.1       	4258      	-12.4
630       	17:10:33  	613.4 	2.9   	31    	23.0     	241   	20.1       	11.1       	4267      	-12.4
632       	17:10:35  	612.7 	2.9   	31    	23.1     	241   	20.2       	11.2       	4276      	-12.5
634       	17:10:37  	612.0 	2.8   	31    	23.0     	241   	20.2       	11.1       	4285      	-12.5
636       	17:10:39  	611.3 	2.7   	31    	23.0     	241   	20.2       	11.1       	4295      	-12.5
638       	17:10:41  	610.6 	2.6   	32    	23.0     	241   	20.1       	11.1       	4304      	-12.5
640       	17:10:43  	610.0 	2.5   	32    	23.0     	241   	20.1       	11.1       	4313      	-12.6
642       	17:10:45  	609.3 	2.4   	32    	22.9     	241   	20.1       	11.0       	4322      	-12.6
644       	17:10:47  	608.6 	2.3   	32    	22.8     	241   	20.0       	11.0       	4331      	-12.6
646       	17:10:49  	607.9 	2.3   	32    	22.8     	241   	20.0       	11.0       	4340      	-12.6
648       	17:10:51  	607.2 	2.2   	32    	22.8     	241   	20.0       	11.0       	4349      	-12.6
650       	17:10:53  	606.6 	2.1   	33    	22.8     	241   	20.0       	11.0       	4357      	-12.6
652       	17:10:55  	605.9 	2.0   	33    	22.8     	241   	20.0       	11.0       	4366      	-12.7
654       	17:10:57  	605.3 	1.9   	33    	22.8     	241   	20.0       	11.0       	4375      	-12.7
656       	17:10:59  	604.6 	1.8   	33    	22.9     	241   	20.1       	11.0       	4384      	-12.7
658       	17:11:01  	603.9 	1.7   	33    	22.9     	241   	20.1       	11.0       	4393      	-12.7
660       	17:11:03  	603.3 	1.7   	33    	22.8     	241   	20.0       	10.9       	4402      	-12.8
662       	17:11:05  	602.6 	1.6   	33    	22.8     	241   	20.0       	10.9       	4410      	-12.8
664       	17:11:07  	602.0 	1.5   	33    	22.8     	241   	20.0       	10.9       	4419      	-12.8
666       	17:11:09  	601.3 	1.4   	34    	22.7     	242   	20.0       	10.8       	4427      	-12.8
668       	17:11:11  	600.7 	1.3   	34    	22.8     	242   	20.1       	10.8       	4436      	-12.9
670       	17:11:13  	600.0 	1.2   	34    	22.8     	242   	20.1       	10.7       	4445      	-12.9
672       	17:11:15  	599.4 	1.2   	34    	22.8     	242   	20.1       	10.7       	4453      	-12.9
674       	17:11:17  	598.8 	1.1   	34    	22.8     	242   	20.1       	10.7       	4462      	-12.9
676       	17:11:19  	598.1 	1.0   	34    	22.8     	242   	20.1       	10.7       	4470      	-13.0
678       	17:11:21  	597.5 	0.9   	34    	22.7     	242   	20.1       	10.6       	4479      	-13.0
680       	17:11:23  	596.8 	0.8   	34    	22.7     	242   	20.1       	10.5       	4488      	-13.1
682       	17:11:25  	596.1 	0.7   	34    	22.6     	243   	20.1       	10.4       	4497      	-13.2
684       	17:11:27  	595.5 	0.6   	34    	22.5     	243   	20.0       	10.3       	4506      	-13.3
686       	17:11:29  	594.8 	0.5   	34    	22.5     	243   	20.0       	10.3       	4515      	-13.4
688       	17:11:31  	594.2 	0.4   	34    	22.4     	243   	19.9       	10.2       	4524      	-13.5
690       	17:11:33  	593.5 	0.3   	34    	22.4     	243   	19.9       	10.2       	4533      	-13.5
692       	17:11:35  	592.8 	0.3   	35    	22.2     	243   	19.8       	10.1       	4542      	-13.5
694       	17:11:37  	592.1 	0.2   	35    	22.2     	243   	19.8       	10.0       	4551      	-13.5
696       	17:11:39  	591.4 	0.1   	35    	22.2     	243   	19.8       	10.0       	4561      	-13.6
698       	17:11:41  	590.7 	-0.0  	35    	22.0     	243   	19.7       	9.9        	4570      	-13.6
700       	17:11:43  	590.0 	-0.1  	35    	22.0     	243   	19.7       	9.9        	4580      	-13.6
702       	17:11:45  	589.3 	-0.2  	35    	22.0     	243   	19.7       	9.9        	4590      	-13.6
704       	17:11:47  	588.5 	-0.3  	35    	22.1     	243   	19.8       	9.9        	4600      	-13.7
706       	17:11:49  	587.8 	-0.4  	36    	22.2     	243   	19.8       	10.0       	4610      	-13.7
708       	17:11:51  	587.1 	-0.5  	36    	22.2     	243   	19.8       	10.0       	4620      	-13.7
710       	17:11:53  	586.3 	-0.6  	36    	22.2     	243   	19.8       	10.1       	4630      	-13.7
712       	17:11:55  	585.6 	-0.7  	36    	22.4     	243   	19.9       	10.2       	4640      	-13.8
714       	17:11:57  	584.9 	-0.8  	36    	22.4     	243   	19.9       	10.2       	4650      	-13.8
716       	17:11:59  	584.2 	-0.8  	36    	22.4     	243   	19.9       	10.2       	4659      	-13.8
718       	17:12:01  	583.5 	-0.9  	37    	22.5     	243   	20.0       	10.2       	4669      	-13.9
720       	17:12:03  	582.8 	-1.0  	37    	22.4     	243   	20.0       	10.1       	4678      	-13.9
722       	17:12:05  	582.2 	-1.1  	37    	22.4     	243   	20.0       	10.1       	4687      	-14.0
724       	17:12:07  	581.6 	-1.2  	37    	22.4     	243   	20.0       	10.0       	4695      	-14.0
726       	17:12:09  	580.9 	-1.3  	37    	22.3     	244   	20.0       	9.9        	4704      	-14.1
728       	17:12:11  	580.3 	-1.4  	37    	22.3     	244   	20.0       	9.8        	4713      	-14.1
730       	17:12:13  	579.6 	-1.5  	37    	22.1     	245   	20.0       	9.5        	4722      	-14.2
732       	17:12:15  	578.9 	-1.5  	37    	22.0     	245   	20.0       	9.2        	4732      	-14.3
734       	17:12:17  	578.2 	-1.6  	37    	21.8     	246   	19.9       	8.9        	4741      	-14.3
736       	17:12:19  	577.5 	-1.7  	37    	21.7     	246   	19.9       	8.7        	4750      	-14.4
738       	17:12:21  	576.9 	-1.8  	37    	21.6     	247   	19.9       	8.5        	4760      	-14.5
740       	17:12:23  	576.1 	-1.9  	37    	21.5     	247   	19.8       	8.3        	4770      	-14.6
742       	17:12:25  	575.4 	-1.9  	37    	21.4     	248   	19.8       	8.1        	4780      	-14.6
744       	17:12:27  	574.7 	-2.0  	37    	21.4     	248   	19.9       	7.9        	4790      	-14.7
746       	17:12:29  	574.1 	-2.1  	37    	21.3     	249   	19.9       	7.6        	4798      	-14.8
748       	17:12:31  	573.4 	-2.2  	37    	21.2     	250   	19.9       	7.4        	4807      	-14.9
750       	17:12:33  	572.8 	-2.2  	37    	21.3     	250   	20.0       	7.3        	4816      	-15.0
752       	17:12:35  	572.2 	-2.3  	37    	21.3     	250   	20.0       	7.3        	4825      	-15.1
754       	17:12:37  	571.5 	-2.4  	36    	21.4     	250   	20.1       	7.2        	4834      	-15.2
756       	17:12:39  	570.9 	-2.4  	36    	21.5     	251   	20.3       	7.1        	4842      	-15.3
758       	17:12:41  	570.3 	-2.5  	36    	21.6     	251   	20.4       	7.1        	4851      	-15.4
760       	17:12:43  	569.7 	-2.6  	36    	21.8     	251   	20.6       	7.0        	4859      	-15.5
762       	17:12:45  	569.1 	-2.7  	36    	21.9     	251   	20.8       	7.0        	4868      	-15.6
764       	17:12:47  	568.5 	-2.7  	36    	22.0     	251   	20.9       	7.0        	4876      	-15.7
766       	17:12:49  	567.9 	-2.8  	36    	22.1     	252   	21.0       	7.0        	4885      	-15.8
768       	17:12:51  	567.2 	-2.8  	36    	22.2     	252   	21.1       	6.9        	4893      	-15.9
770       	17:12:53  	566.6 	-2.9  	36    	22.3     	252   	21.2       	6.8        	4902      	-16.0
772       	17:12:55  	566.0 	-3.0  	36    	22.3     	253   	21.3       	6.7        	4911      	-16.0
774       	17:12:57  	565.4 	-3.1  	35    	22.3     	253   	21.3       	6.6        	4920      	-16.1
776       	17:12:59  	564.7 	-3.1  	35    	22.2     	253   	21.3       	6.4        	4928      	-16.2
778       	17:13:01  	564.1 	-3.2  	35    	22.1     	253   	21.2       	6.3        	4937      	-16.3
780       	17:13:03  	563.4 	-3.3  	35    	22.1     	254   	21.2       	6.2        	4947      	-16.4
782       	17:13:05  	562.8 	-3.4  	35    	22.0     	254   	21.2       	5.9        	4956      	-16.6
784       	17:13:07  	562.2 	-3.4  	35    	22.0     	255   	21.3       	5.7        	4965      	-16.7
786       	17:13:09  	561.5 	-3.5  	34    	22.0     	256   	21.3       	5.4        	4974      	-16.9
788       	17:13:11  	560.9 	-3.6  	34    	22.0     	256   	21.4       	5.2        	4982      	-17.1
790       	17:13:13  	560.3 	-3.6  	33    	22.1     	257   	21.5       	5.0        	4991      	-17.6
792       	17:13:15  	559.6 	-3.6  	31    	22.1     	257   	21.6       	4.9        	5000      	-18.2
794       	17:13:17  	559.0 	-3.6  	29    	22.1     	257   	21.6       	4.8        	5009      	-18.9
796       	17:13:19  	558.4 	-3.6  	28    	22.2     	258   	21.7       	4.7        	5017      	-19.6
798       	17:13:21  	557.8 	-3.6  	26    	22.2     	258   	21.7       	4.6        	5025      	-20.3
800       	17:13:23  	557.3 	-3.6  	24    	22.2     	258   	21.7       	4.5        	5034      	-21.1
802       	17:13:25  	556.7 	-3.7  	23    	22.2     	258   	21.7       	4.6        	5042      	-21.8
804       	17:13:27  	556.1 	-3.7  	21    	22.1     	258   	21.6       	4.7        	5050      	-22.5
806       	17:13:29  	555.4 	-3.7  	21    	22.0     	258   	21.5       	4.7        	5059      	-22.9
808       	17:13:31  	554.8 	-3.8  	20    	22.1     	257   	21.5       	5.1        	5068      	-23.3
810       	17:13:33  	554.2 	-3.8  	20    	22.1     	256   	21.4       	5.5        	5078      	-23.6
812       	17:13:35  	553.5 	-3.8  	19    	22.2     	255   	21.4       	5.9        	5086      	-23.9
814       	17:13:37  	552.9 	-3.8  	18    	22.2     	254   	21.3       	6.3        	5095      	-24.3
816       	17:13:39  	552.3 	-3.8  	18    	22.3     	253   	21.3       	6.6        	5104      	-24.7
818       	17:13:41  	551.7 	-3.8  	17    	22.4     	252   	21.3       	7.0        	5113      	-25.1
820       	17:13:43  	551.1 	-3.9  	17    	22.7     	251   	21.5       	7.4        	5122      	-25.5
822       	17:13:45  	550.4 	-3.9  	16    	23.1     	250   	21.7       	8.0        	5131      	-25.9
824       	17:13:47  	549.8 	-3.9  	15    	23.6     	249   	22.0       	8.6        	5140      	-26.3
826       	17:13:49  	549.2 	-3.9  	15    	24.1     	248   	22.3       	9.2        	5148      	-26.7
828       	17:13:51  	548.6 	-3.9  	14    	24.4     	247   	22.5       	9.5        	5157      	-27.1
830       	17:13:53  	548.0 	-4.0  	14    	24.8     	247   	22.8       	9.8        	5166      	-27.6
832       	17:13:55  	547.4 	-4.0  	13    	25.1     	246   	23.0       	10.1       	5175      	-28.0
834       	17:13:57  	546.8 	-4.0  	12    	25.7     	245   	23.4       	10.7       	5184      	-28.6
836       	17:13:59  	546.2 	-4.0  	12    	26.3     	245   	23.8       	11.2       	5192      	-29.2
838       	17:14:01  	545.6 	-4.0  	11    	26.9     	244   	24.2       	11.8       	5201      	-29.7
840       	17:14:03  	545.0 	-4.0  	11    	27.4     	243   	24.5       	12.3       	5209      	-30.3
842       	17:14:05  	544.4 	-4.0  	10    	27.6     	243   	24.6       	12.6       	5217      	-30.8
844       	17:14:07  	543.8 	-4.1  	10    	27.9     	242   	24.7       	12.9       	5226      	-31.4
846       	17:14:09  	543.2 	-4.1  	9     	28.2     	242   	24.9       	13.2       	5235      	-31.9
848       	17:14:11  	542.6 	-4.2  	9     	28.6     	242   	25.2       	13.5       	5244      	-32.3
850       	17:14:13  	542.0 	-4.2  	9     	28.9     	242   	25.4       	13.7       	5253      	-32.7
852       	17:14:15  	541.4 	-4.2  	8     	29.2     	241   	25.6       	14.0       	5262      	-33.2
854       	17:14:17  	540.7 	-4.3  	8     	29.3     	242   	25.8       	13.9       	5271      	-33.6
856       	17:14:19  	540.1 	-4.3  	8     	29.4     	242   	25.9       	13.9       	5280      	-34.1
858       	17:14:21  	539.5 	-4.4  	7     	29.4     	242   	26.0       	13.8       	5289      	-34.5
860       	17:14:23  	538.9 	-4.4  	7     	29.5     	243   	26.2       	13.5       	5298      	-35.0
862       	17:14:25  	538.3 	-4.5  	7     	29.7     	243   	26.5       	13.3       	5307      	-35.5
864       	17:14:27  	537.7 	-4.5  	6     	29.7     	244   	26.7       	13.0       	5316      	-36.0
866       	17:14:29  	537.1 	-4.6  	6     	29.7     	244   	26.8       	12.8       	5324      	-36.4
868       	17:14:31  	536.5 	-4.6  	6     	29.8     	245   	27.0       	12.6       	5333      	-36.8
870       	17:14:33  	535.9 	-4.7  	6     	29.8     	245   	27.1       	12.5       	5341      	-37.1
872       	17:14:35  	535.4 	-4.8  	6     	29.9     	246   	27.3       	12.2       	5349      	-37.3
874       	17:14:37  	534.9 	-4.8  	5     	30.0     	247   	27.5       	11.9       	5357      	-37.6
876       	17:14:39  	534.3 	-4.8  	5     	30.0     	247   	27.7       	11.6       	5365      	-37.7
878       	17:14:41  	533.8 	-4.9  	5     	30.1     	248   	27.9       	11.4       	5373      	-37.8
880       	17:14:43  	533.2 	-4.9  	5     	30.2     	248   	28.0       	11.3       	5381      	-38.0
882       	17:14:45  	532.7 	-4.9  	5     	30.2     	248   	28.1       	11.2       	5389      	-38.1
884       	17:14:47  	532.1 	-4.9  	5     	30.4     	249   	28.3       	11.1       	5397      	-38.3
886       	17:14:49  	531.6 	-4.9  	5     	30.6     	249   	28.6       	11.0       	5405      	-38.4
888       	17:14:51  	531.0 	-5.0  	5     	30.9     	250   	28.9       	10.8       	5413      	-38.6
890       	17:14:53  	530.5 	-5.0  	5     	31.1     	250   	29.2       	10.7       	5422      	-38.7
892       	17:14:55  	529.9 	-5.0  	5     	31.2     	250   	29.3       	10.6       	5430      	-38.9
894       	17:14:57  	529.3 	-5.1  	5     	31.3     	250   	29.5       	10.6       	5439      	-39.0
896       	17:14:59  	528.8 	-5.1  	5     	31.5     	250   	29.7       	10.6       	5447      	-39.1
898       	17:15:01  	528.3 	-5.1  	5     	31.7     	250   	29.9       	10.6       	5454      	-39.1
900       	17:15:03  	527.8 	-5.2  	5     	31.9     	251   	30.1       	10.6       	5462      	-39.2
902       	17:15:05  	527.2 	-5.2  	5     	32.2     	251   	30.4       	10.7       	5469      	-39.3
904       	17:15:07  	526.7 	-5.2  	5     	32.4     	251   	30.5       	10.8       	5477      	-39.4
906       	17:15:09  	526.2 	-5.3  	5     	32.4     	251   	30.5       	10.8       	5485      	-39.4
908       	17:15:11  	525.7 	-5.3  	5     	32.5     	250   	30.6       	10.9       	5493      	-39.5
910       	17:15:13  	525.1 	-5.4  	5     	32.6     	250   	30.7       	11.1       	5501      	-39.5
912       	17:15:15  	524.6 	-5.4  	5     	32.9     	250   	30.9       	11.2       	5509      	-39.4
914       	17:15:17  	524.1 	-5.5  	5     	33.0     	250   	31.0       	11.4       	5516      	-39.3
916       	17:15:19  	523.6 	-5.5  	5     	33.3     	250   	31.2       	11.5       	5524      	-39.1
918       	17:15:21  	523.1 	-5.5  	5     	33.5     	250   	31.4       	11.6       	5532      	-38.9
920       	17:15:23  	522.6 	-5.6  	5     	33.6     	250   	31.5       	11.6       	5539      	-38.7
922       	17:15:25  	522.1 	-5.6  	5     	33.7     	250   	31.6       	11.7       	5547      	-38.5
924       	17:15:27  	521.5 	-5.7  	5     	33.8     	250   	31.7       	11.6       	5555      	-38.4
926       	17:15:29  	521.0 	-5.7  	5     	33.8     	250   	31.7       	11.6       	5563      	-38.2
928       	17:15:31  	520.5 	-5.8  	6     	33.8     	250   	31.8       	11.5       	5570      	-38.1
930       	17:15:33  	520.0 	-5.8  	6     	33.7     	250   	31.7       	11.4       	5578      	-37.9
932       	17:15:35  	519.5 	-5.8  	6     	33.7     	250   	31.7       	11.3       	5586      	-37.8
934       	17:15:37  	518.9 	-5.9  	6     	33.5     	250   	31.6       	11.2       	5594      	-37.7
936       	17:15:39  	518.4 	-5.9  	6     	33.4     	251   	31.5       	11.0       	5602      	-37.5
938       	17:15:41  	517.9 	-5.9  	6     	33.3     	251   	31.5       	10.8       	5610      	-37.3
940       	17:15:43  	517.3 	-6.0  	6     	33.2     	251   	31.5       	10.6       	5618      	-37.1
942       	17:15:45  	516.8 	-6.0  	7     	33.2     	252   	31.5       	10.4       	5626      	-36.8
944       	17:15:47  	516.2 	-6.1  	7     	33.3     	252   	31.6       	10.4       	5635      	-36.6
946       	17:15:49  	515.7 	-6.2  	7     	33.3     	252   	31.7       	10.3       	5643      	-36.4
948       	17:15:51  	515.2 	-6.2  	7     	33.4     	252   	31.8       	10.3       	5651      	-36.2
950       	17:15:53  	514.6 	-6.3  	7     	33.6     	252   	32.0       	10.3       	5659      	-36.0
952       	17:15:55  	514.1 	-6.3  	7     	33.8     	252   	32.2       	10.4       	5667      	-36.0
954       	17:15:57  	513.5 	-6.4  	7     	34.1     	252   	32.4       	10.5       	5676      	-36.0
956       	17:15:59  	513.0 	-6.5  	7     	34.3     	252   	32.6       	10.6       	5684      	-36.1
958       	17:16:01  	512.4 	-6.5  	7     	34.5     	252   	32.8       	10.7       	5692      	-36.3
960       	17:16:03  	511.9 	-6.5  	7     	34.6     	252   	32.9       	10.8       	5700      	-36.5
962       	17:16:05  	511.4 	-6.6  	7     	34.9     	252   	33.1       	11.0       	5709      	-36.6
964       	17:16:07  	510.8 	-6.6  	7     	35.1     	251   	33.3       	11.2       	5717      	-36.8
966       	17:16:09  	510.3 	-6.7  	7     	35.4     	251   	33.5       	11.3       	5725      	-36.9
968       	17:16:11  	509.8 	-6.7  	7     	35.6     	251   	33.7       	11.5       	5734      	-37.1
970       	17:16:13  	509.2 	-6.7  	7     	35.7     	251   	33.8       	11.5       	5742      	-37.1
972       	17:16:15  	508.7 	-6.7  	7     	35.8     	251   	33.9       	11.5       	5750      	-37.2
974       	17:16:17  	508.2 	-6.8  	7     	35.9     	251   	34.0       	11.6       	5758      	-37.2
976       	17:16:19  	507.7 	-6.8  	7     	36.1     	251   	34.1       	11.7       	5765      	-37.1
978       	17:16:21  	507.2 	-6.9  	7     	36.1     	251   	34.2       	11.7       	5773      	-37.0
980       	17:16:23  	506.7 	-6.9  	7     	36.3     	251   	34.3       	11.8       	5781      	-36.8
982       	17:16:25  	506.2 	-6.9  	7     	36.4     	251   	34.4       	11.9       	5789      	-36.6
984       	17:16:27  	505.7 	-7.0  	7     	36.5     	251   	34.5       	12.0       	5796      	-36.3
986       	17:16:29  	505.2 	-7.0  	8     	36.5     	251   	34.5       	12.0       	5803      	-36.1
988       	17:16:31  	504.7 	-7.1  	8     	36.5     	251   	34.5       	12.0       	5811      	-35.9
990       	17:16:33  	504.2 	-7.2  	8     	36.6     	251   	34.6       	12.0       	5818      	-35.7
992       	17:16:35  	503.8 	-7.2  	8     	36.6     	251   	34.6       	12.0       	5826      	-35.5
994       	17:16:37  	503.3 	-7.3  	8     	36.7     	251   	34.7       	12.0       	5833      	-35.4
996       	17:16:39  	502.8 	-7.3  	8     	36.7     	251   	34.7       	11.9       	5841      	-35.3
998       	17:16:41  	502.3 	-7.4  	8     	36.7     	251   	34.7       	11.9       	5849      	-35.4
1000      	17:16:43  	501.8 	-7.5  	8     	36.7     	251   	34.7       	11.8       	5856      	-35.4
1002      	17:16:45  	501.3 	-7.5  	8     	36.6     	251   	34.7       	11.7       	5864      	-35.5
1004      	17:16:47  	500.7 	-7.6  	8     	36.6     	252   	34.7       	11.6       	5872      	-35.5
1006      	17:16:49  	500.2 	-7.6  	8     	36.6     	252   	34.7       	11.5       	5881      	-35.5
1008      	17:16:51  	499.7 	-7.7  	8     	36.5     	252   	34.7       	11.4       	5889      	-35.5
1010      	17:16:53  	499.1 	-7.8  	9     	36.4     	252   	34.6       	11.3       	5898      	-35.5
1012      	17:16:55  	498.6 	-7.8  	9     	36.4     	252   	34.6       	11.3       	5906      	-35.4
1014      	17:16:57  	498.1 	-7.9  	9     	36.4     	252   	34.6       	11.3       	5914      	-35.3
1016      	17:16:59  	497.6 	-7.9  	9     	36.3     	252   	34.5       	11.3       	5922      	-35.2
1018      	17:17:01  	497.1 	-8.0  	9     	36.2     	252   	34.4       	11.3       	5930      	-35.2
1020      	17:17:03  	496.5 	-8.0  	9     	36.2     	252   	34.4       	11.3       	5938      	-35.3
1022      	17:17:05  	496.1 	-8.0  	9     	36.2     	252   	34.4       	11.3       	5945      	-35.5
1024      	17:17:07  	495.6 	-8.1  	9     	36.1     	252   	34.3       	11.4       	5953      	-35.6
1026      	17:17:09  	495.1 	-8.1  	9     	36.2     	251   	34.3       	11.5       	5961      	-35.2
1028      	17:17:11  	494.6 	-8.1  	10    	36.1     	251   	34.2       	11.6       	5968      	-34.5
1030      	17:17:13  	494.1 	-8.2  	10    	36.1     	251   	34.2       	11.7       	5975      	-33.7
1032      	17:17:15  	493.7 	-8.2  	11    	36.1     	251   	34.1       	11.9       	5983      	-33.1
1034      	17:17:17  	493.1 	-8.3  	12    	36.1     	251   	34.1       	12.0       	5991      	-32.4
1036      	17:17:19  	492.6 	-8.3  	13    	36.2     	250   	34.1       	12.1       	5999      	-31.7
1038      	17:17:21  	492.1 	-8.4  	14    	36.2     	250   	34.1       	12.1       	6008      	-31.0
1040      	17:17:23  	491.6 	-8.5  	15    	36.3     	250   	34.2       	12.3       	6016      	-30.5
1042      	17:17:25  	491.1 	-8.5  	15    	36.4     	250   	34.2       	12.4       	6024      	-30.2
1044      	17:17:27  	490.5 	-8.6  	16    	36.4     	250   	34.2       	12.6       	6032      	-30.0
1046      	17:17:29  	490.1 	-8.7  	16    	36.6     	250   	34.3       	12.7       	6040      	-29.8
1048      	17:17:31  	489.6 	-8.8  	16    	36.6     	250   	34.3       	12.8       	6047      	-29.7
1050      	17:17:33  	489.1 	-8.9  	17    	36.6     	249   	34.3       	12.9       	6055      	-29.5
1052      	17:17:35  	488.6 	-9.0  	17    	36.7     	249   	34.4       	12.9       	6062      	-29.3
1054      	17:17:37  	488.1 	-9.0  	18    	36.7     	249   	34.4       	12.9       	6070      	-29.1
1056      	17:17:39  	487.7 	-9.1  	18    	36.7     	249   	34.4       	12.9       	6078      	-28.9
1058      	17:17:41  	487.2 	-9.1  	18    	36.7     	249   	34.4       	12.9       	6086      	-28.9
1060      	17:17:43  	486.7 	-9.2  	18    	36.7     	250   	34.4       	12.8       	6093      	-28.8
1062      	17:17:45  	486.2 	-9.3  	19    	36.6     	250   	34.3       	12.8       	6101      	-28.6
1064      	17:17:47  	485.7 	-9.3  	19    	36.6     	250   	34.3       	12.7       	6109      	-28.5
1066      	17:17:49  	485.2 	-9.4  	19    	36.5     	250   	34.3       	12.6       	6117      	-28.4
1068      	17:17:51  	484.6 	-9.5  	20    	36.5     	250   	34.3       	12.5       	6126      	-28.3
1070      	17:17:53  	484.1 	-9.6  	20    	36.5     	250   	34.3       	12.4       	6134      	-28.2
1072      	17:17:55  	483.6 	-9.7  	20    	36.6     	250   	34.4       	12.4       	6143      	-28.2
1074      	17:17:57  	483.0 	-9.8  	20    	36.6     	250   	34.4       	12.4       	6151      	-28.2
1076      	17:17:59  	482.5 	-9.8  	21    	36.5     	250   	34.4       	12.3       	6160      	-28.1
1078      	17:18:01  	482.0 	-9.9  	21    	36.6     	250   	34.5       	12.3       	6168      	-28.1
1080      	17:18:03  	481.5 	-10.0 	21    	36.6     	251   	34.5       	12.2       	6176      	-28.0
1082      	17:18:05  	481.0 	-10.1 	21    	36.6     	251   	34.5       	12.2       	6184      	-26.4
1084      	17:18:07  	480.5 	-10.1 	21    	36.7     	251   	34.6       	12.1       	6191      	-26.4
1086      	17:18:09  	480.1 	-10.2 	22    	36.7     	251   	34.6       	12.1       	6199      	-26.4
1088      	17:18:11  	479.5 	-10.3 	22    	36.6     	251   	34.6       	12.0       	6207      	-26.4
1090      	17:18:13  	479.0 	-10.4 	22    	36.6     	251   	34.6       	12.0       	6216      	-26.4
1092      	17:18:15  	478.5 	-10.4 	22    	36.7     	251   	34.7       	11.9       	6224      	-26.4
1094      	17:18:17  	478.0 	-10.5 	22    	36.8     	251   	34.8       	11.9       	6232      	-26.5
1096      	17:18:19  	477.5 	-10.6 	22    	36.8     	251   	34.9       	11.8       	6240      	-26.6
1098      	17:18:21  	477.0 	-10.7 	22    	37.0     	251   	35.1       	11.8       	6249      	-26.7
1100      	17:18:23  	476.4 	-10.7 	22    	37.1     	251   	35.2       	11.8       	6257      	-26.8
1102      	17:18:25  	475.9 	-10.8 	22    	37.2     	252   	35.3       	11.8       	6266      	-26.8
1104      	17:18:27  	475.4 	-10.9 	22    	37.4     	252   	35.5       	11.8       	6275      	-26.8
1106      	17:18:29  	474.8 	-11.0 	22    	37.5     	252   	35.6       	11.9       	6283      	-26.9
1108      	17:18:31  	474.3 	-11.0 	22    	37.7     	252   	35.8       	11.9       	6292      	-26.9
1110      	17:18:33  	473.8 	-11.1 	22    	37.9     	252   	35.9       	12.0       	6300      	-27.0
1112      	17:18:35  	473.3 	-11.2 	22    	38.0     	251   	36.0       	12.1       	6308      	-27.1
1114      	17:18:37  	472.8 	-11.3 	22    	38.0     	251   	36.0       	12.1       	6316      	-27.1
1116      	17:18:39  	472.3 	-11.3 	22    	38.0     	251   	36.0       	12.2       	6324      	-27.3
1118      	17:18:41  	471.8 	-11.4 	22    	38.1     	251   	36.1       	12.3       	6333      	-27.4
1120      	17:18:43  	471.2 	-11.5 	22    	38.3     	251   	36.2       	12.5       	6341      	-27.6
1122      	17:18:45  	470.7 	-11.6 	21    	38.4     	251   	36.3       	12.6       	6350      	-27.7
1124      	17:18:47  	470.2 	-11.7 	21    	38.5     	251   	36.3       	12.7       	6358      	-27.9
1126      	17:18:49  	469.7 	-11.8 	21    	38.6     	251   	36.4       	12.8       	6366      	-28.1
1128      	17:18:51  	469.2 	-11.8 	20    	38.6     	250   	36.4       	12.9       	6374      	-28.3
1130      	17:18:53  	468.7 	-11.9 	20    	38.8     	250   	36.5       	13.1       	6383      	-28.5
1132      	17:18:55  	468.2 	-12.0 	20    	38.9     	250   	36.6       	13.3       	6391      	-28.8
1134      	17:18:57  	467.7 	-12.0 	19    	39.1     	250   	36.7       	13.5       	6399      	-29.1
1136      	17:18:59  	467.2 	-12.1 	19    	39.3     	250   	36.8       	13.7       	6406      	-29.5
1138      	17:19:01  	466.8 	-12.1 	18    	39.3     	249   	36.8       	13.8       	6414      	-29.9
1140      	17:19:03  	466.3 	-12.2 	17    	39.4     	249   	36.8       	14.0       	6422      	-30.4
1142      	17:19:05  	465.8 	-12.2 	16    	39.5     	249   	36.9       	14.1       	6430      	-30.9
1144      	17:19:07  	465.3 	-12.3 	16    	39.7     	249   	37.0       	14.3       	6439      	-31.3
1146      	17:19:09  	464.7 	-12.3 	15    	39.9     	249   	37.2       	14.5       	6447      	-31.8
1148      	17:19:11  	464.2 	-12.4 	14    	40.1     	249   	37.4       	14.6       	6456      	-32.3
1150      	17:19:13  	463.7 	-12.4 	14    	40.3     	249   	37.5       	14.7       	6465      	-32.7
1152      	17:19:15  	463.2 	-12.5 	13    	40.4     	249   	37.6       	14.8       	6473      	-33.1
1154      	17:19:17  	462.7 	-12.5 	13    	40.5     	249   	37.7       	14.8       	6481      	-33.5
1156      	17:19:19  	462.2 	-12.6 	12    	40.7     	249   	37.9       	14.9       	6490      	-33.9
1158      	17:19:21  	461.7 	-12.6 	12    	40.8     	249   	38.0       	14.8       	6498      	-34.3
1160      	17:19:23  	461.2 	-12.7 	11    	41.0     	249   	38.2       	14.8       	6506      	-34.8
1162      	17:19:25  	460.6 	-12.8 	11    	41.1     	249   	38.4       	14.7       	6515      	-35.3
1164      	17:19:27  	460.1 	-12.8 	10    	41.1     	249   	38.4       	14.6       	6524      	-35.5
1166      	17:19:29  	459.6 	-12.9 	10    	41.1     	249   	38.5       	14.5       	6532      	-35.7
1168      	17:19:31  	459.1 	-13.0 	10    	41.2     	250   	38.6       	14.4       	6540      	-35.7
1170      	17:19:33  	458.6 	-13.0 	11    	41.2     	250   	38.7       	14.2       	6548      	-35.6
1172      	17:19:35  	458.1 	-13.1 	11    	41.3     	250   	38.9       	13.9       	6556      	-35.4
1174      	17:19:37  	457.7 	-13.2 	11    	41.3     	251   	39.0       	13.7       	6565      	-35.0
1176      	17:19:39  	457.2 	-13.2 	12    	41.5     	251   	39.2       	13.5       	6573      	-34.5
1178      	17:19:41  	456.6 	-13.3 	13    	41.5     	251   	39.3       	13.3       	6582      	-34.0
1180      	17:19:43  	456.1 	-13.4 	14    	41.5     	252   	39.4       	13.1       	6591      	-33.6
1182      	17:19:45  	455.5 	-13.4 	14    	41.6     	252   	39.5       	12.9       	6600      	-33.3
1184      	17:19:47  	455.0 	-13.5 	15    	41.7     	252   	39.7       	12.6       	6609      	-33.0
1186      	17:19:49  	454.5 	-13.6 	15    	41.7     	253   	39.8       	12.3       	6618      	-32.8
1188      	17:19:51  	454.0 	-13.6 	15    	41.8     	253   	40.0       	12.0       	6626      	-32.7
1190      	17:19:53  	453.5 	-13.7 	16    	41.8     	253   	40.1       	11.9       	6635      	-32.6
1192      	17:19:55  	452.9 	-13.8 	16    	41.8     	254   	40.1       	11.7       	6643      	-32.5
1194      	17:19:57  	452.4 	-13.8 	16    	41.8     	254   	40.2       	11.6       	6652      	-32.4
1196      	17:19:59  	451.9 	-13.9 	16    	41.9     	254   	40.3       	11.5       	6660      	-32.3
1198      	17:20:01  	451.4 	-14.0 	17    	42.0     	254   	40.4       	11.4       	6669      	-32.2
1200      	17:20:03  	450.8 	-14.1 	17    	42.0     	254   	40.4       	11.3       	6678      	-32.1
1202      	17:20:05  	450.3 	-14.2 	17    	42.0     	255   	40.5       	11.2       	6688      	-32.0
1204      	17:20:07  	449.8 	-14.3 	18    	42.0     	254   	40.5       	11.3       	6698      	-31.9
1206      	17:20:09  	449.2 	-14.4 	18    	42.0     	254   	40.5       	11.3       	6706      	-31.9
1208      	17:20:11  	448.7 	-14.4 	18    	42.1     	254   	40.5       	11.4       	6714      	-31.9
1210      	17:20:13  	448.2 	-14.5 	18    	42.1     	254   	40.5       	11.4       	6723      	-31.9
1212      	17:20:15  	447.7 	-14.6 	18    	42.0     	254   	40.4       	11.5       	6731      	-31.9
1214      	17:20:17  	447.2 	-14.7 	18    	42.0     	254   	40.4       	11.6       	6740      	-31.9
1216      	17:20:19  	446.7 	-14.8 	18    	41.9     	254   	40.3       	11.6       	6749      	-31.9
1218      	17:20:21  	446.2 	-14.8 	18    	41.9     	254   	40.3       	11.6       	6757      	-32.0
1220      	17:20:23  	445.7 	-14.9 	19    	41.8     	254   	40.2       	11.6       	6766      	-32.0
1222      	17:20:25  	445.2 	-15.0 	19    	41.8     	254   	40.2       	11.6       	6774      	-32.0
1224      	17:20:27  	444.7 	-15.1 	19    	41.8     	254   	40.2       	11.6       	6783      	-32.0
1226      	17:20:29  	444.2 	-15.2 	19    	41.8     	254   	40.2       	11.6       	6791      	-32.0
1228      	17:20:31  	443.7 	-15.3 	19    	41.8     	254   	40.2       	11.6       	6800      	-32.0
1230      	17:20:33  	443.1 	-15.3 	19    	41.8     	254   	40.2       	11.6       	6809      	-32.0
1232      	17:20:35  	442.6 	-15.4 	19    	41.8     	254   	40.2       	11.5       	6818      	-32.0
1234      	17:20:37  	442.1 	-15.5 	19    	41.8     	254   	40.2       	11.5       	6826      	-32.0
1236      	17:20:39  	441.6 	-15.6 	20    	41.8     	254   	40.2       	11.4       	6835      	-32.0
1238      	17:20:41  	441.1 	-15.7 	20    	41.8     	254   	40.2       	11.3       	6843      	-32.0
1240      	17:20:43  	440.6 	-15.8 	20    	41.8     	254   	40.2       	11.3       	6852      	-32.0
1242      	17:20:45  	440.1 	-15.8 	20    	41.8     	254   	40.2       	11.3       	6861      	-32.0
1244      	17:20:47  	439.6 	-15.9 	20    	41.7     	254   	40.2       	11.2       	6869      	-32.0
1246      	17:20:49  	439.1 	-16.0 	20    	41.7     	254   	40.2       	11.2       	6878      	-32.0
1248      	17:20:51  	438.6 	-16.1 	21    	41.7     	254   	40.2       	11.2       	6886      	-32.0
1250      	17:20:53  	438.1 	-16.2 	21    	41.7     	255   	40.2       	11.1       	6895      	-32.0
1252      	17:20:55  	437.6 	-16.3 	21    	41.7     	255   	40.2       	11.1       	6904      	-32.0
1254      	17:20:57  	437.1 	-16.3 	21    	41.7     	255   	40.2       	11.1       	6913      	-32.0
1256      	17:20:59  	436.6 	-16.4 	21    	41.8     	255   	40.3       	11.1       	6922      	-32.0
1258      	17:21:01  	436.0 	-16.5 	22    	41.8     	255   	40.3       	11.1       	6931      	-31.9
1260      	17:21:03  	435.5 	-16.6 	22    	41.9     	255   	40.4       	11.0       	6940      	-31.9
1262      	17:21:05  	435.0 	-16.7 	22    	42.0     	255   	40.6       	10.9       	6949      	-31.9
1264      	17:21:07  	434.5 	-16.8 	22    	42.1     	255   	40.7       	10.9       	6958      	-31.8
1266      	17:21:09  	434.0 	-16.9 	23    	42.2     	255   	40.8       	10.8       	6966      	-31.8
1268      	17:21:11  	433.4 	-16.9 	23    	42.3     	255   	40.9       	10.7       	6976      	-31.7
1270      	17:21:13  	432.9 	-17.0 	23    	42.3     	256   	41.0       	10.6       	6985      	-31.7
1272      	17:21:15  	432.3 	-17.1 	24    	42.5     	256   	41.2       	10.5       	6995      	-31.6
1274      	17:21:17  	431.8 	-17.2 	24    	42.6     	256   	41.3       	10.4       	7005      	-31.6
1276      	17:21:19  	431.2 	-17.3 	24    	42.7     	256   	41.5       	10.2       	7014      	-31.5
1278      	17:21:21  	430.7 	-17.4 	25    	42.9     	256   	41.7       	10.1       	7024      	-31.5
1280      	17:21:23  	430.2 	-17.5 	25    	42.9     	257   	41.7       	10.0       	7033      	-31.4
1282      	17:21:25  	429.6 	-17.5 	25    	43.0     	257   	41.8       	9.9        	7042      	-31.4
1284      	17:21:27  	429.1 	-17.6 	25    	43.1     	257   	41.9       	9.9        	7050      	-31.4
1286      	17:21:29  	428.6 	-17.7 	26    	43.0     	257   	41.9       	9.7        	7059      	-31.4
1288      	17:21:31  	428.2 	-17.8 	26    	43.1     	257   	42.0       	9.6        	7067      	-31.4
1290      	17:21:33  	427.7 	-17.9 	26    	43.1     	257   	42.0       	9.5        	7076      	-31.4
1292      	17:21:35  	427.2 	-18.0 	26    	43.0     	257   	42.0       	9.4        	7085      	-31.4
1294      	17:21:37  	426.7 	-18.0 	26    	43.0     	257   	42.0       	9.4        	7093      	-31.4
1296      	17:21:39  	426.2 	-18.1 	26    	43.0     	257   	42.0       	9.4        	7102      	-31.5
1298      	17:21:41  	425.7 	-18.2 	27    	43.0     	258   	42.0       	9.3        	7111      	-31.5
1300      	17:21:43  	425.2 	-18.3 	27    	43.0     	258   	42.0       	9.3        	7120      	-31.5
1302      	17:21:45  	424.7 	-18.4 	27    	43.0     	258   	42.0       	9.2        	7128      	-31.5
1304      	17:21:47  	424.2 	-18.5 	27    	43.0     	258   	42.0       	9.2        	7137      	-31.5
1306      	17:21:49  	423.7 	-18.6 	27    	43.1     	258   	42.1       	9.2        	7146      	-31.5
1308      	17:21:51  	423.1 	-18.6 	28    	43.1     	258   	42.1       	9.2        	7155      	-31.5
1310      	17:21:53  	422.6 	-18.7 	28    	43.1     	258   	42.1       	9.2        	7165      	-31.5
1312      	17:21:55  	422.1 	-18.8 	28    	43.1     	258   	42.1       	9.1        	7174      	-31.5
1314      	17:21:57  	421.6 	-18.9 	28    	43.0     	258   	42.1       	8.9        	7183      	-31.6
1316      	17:21:59  	421.1 	-19.0 	28    	43.1     	258   	42.2       	8.8        	7192      	-31.6
1318      	17:22:01  	420.6 	-19.1 	29    	43.0     	258   	42.1       	8.7        	7201      	-31.5
1320      	17:22:03  	420.1 	-19.1 	29    	43.0     	258   	42.1       	8.6        	7209      	-31.5
1322      	17:22:05  	419.6 	-19.2 	29    	42.9     	259   	42.1       	8.5        	7217      	-31.5
1324      	17:22:07  	419.1 	-19.3 	29    	42.9     	259   	42.1       	8.4        	7226      	-31.5
1326      	17:22:09  	418.6 	-19.4 	30    	42.9     	259   	42.1       	8.2        	7235      	-31.5
1328      	17:22:11  	418.1 	-19.5 	30    	43.0     	259   	42.2       	8.0        	7244      	-31.5
1330      	17:22:13  	417.6 	-19.6 	30    	42.9     	259   	42.2       	7.9        	7252      	-31.5
1332      	17:22:15  	417.2 	-19.6 	30    	42.9     	260   	42.2       	7.8        	7261      	-31.5
1334      	17:22:17  	416.7 	-19.7 	30    	43.0     	260   	42.3       	7.8        	7270      	-31.6
1336      	17:22:19  	416.2 	-19.8 	31    	43.0     	260   	42.3       	7.7        	7278      	-31.6
1338      	17:22:21  	415.7 	-19.9 	31    	43.1     	260   	42.4       	7.6        	7287      	-31.6
1340      	17:22:23  	415.3 	-20.0 	31    	43.1     	260   	42.4       	7.6        	7295      	-31.6
1342      	17:22:25  	414.8 	-20.1 	31    	43.2     	260   	42.5       	7.5        	7304      	-31.6
1344      	17:22:27  	414.3 	-20.1 	31    	43.3     	260   	42.6       	7.5        	7312      	-31.7
1346      	17:22:29  	413.9 	-20.2 	31    	43.3     	260   	42.6       	7.5        	7320      	-31.7
1348      	17:22:31  	413.4 	-20.3 	32    	43.4     	260   	42.7       	7.5        	7328      	-31.7
1350      	17:22:33  	413.0 	-20.4 	32    	43.4     	260   	42.7       	7.5        	7336      	-31.7
1352      	17:22:35  	412.5 	-20.4 	32    	43.4     	260   	42.7       	7.6        	7345      	-31.7
1354      	17:22:37  	412.0 	-20.5 	32    	43.5     	260   	42.8       	7.6        	7353      	-31.7
1356      	17:22:39  	411.6 	-20.6 	33    	43.5     	260   	42.8       	7.6        	7361      	-31.7
1358      	17:22:41  	411.1 	-20.7 	33    	43.5     	260   	42.8       	7.6        	7369      	-31.7
1360      	17:22:43  	410.7 	-20.7 	33    	43.5     	260   	42.8       	7.6        	7377      	-31.7
1362      	17:22:45  	410.2 	-20.8 	34    	43.4     	260   	42.7       	7.5        	7386      	-31.6
1364      	17:22:47  	409.8 	-20.9 	34    	43.4     	260   	42.7       	7.5        	7394      	-31.6
1366      	17:22:49  	409.3 	-21.0 	34    	43.3     	260   	42.7       	7.4        	7402      	-31.6
1368      	17:22:51  	408.8 	-21.0 	34    	43.4     	260   	42.8       	7.3        	7410      	-31.7
1370      	17:22:53  	408.4 	-21.1 	34    	43.4     	260   	42.8       	7.2        	7419      	-31.7
1372      	17:22:55  	407.9 	-21.2 	35    	43.4     	260   	42.8       	7.2        	7427      	-31.7
1374      	17:22:57  	407.4 	-21.3 	35    	43.4     	261   	42.8       	7.1        	7435      	-31.7
1376      	17:22:59  	407.0 	-21.3 	35    	43.4     	261   	42.8       	7.0        	7444      	-31.8
1378      	17:23:01  	406.5 	-21.4 	35    	43.5     	261   	42.9       	7.0        	7452      	-31.8
1380      	17:23:03  	406.0 	-21.4 	35    	43.5     	261   	42.9       	6.9        	7461      	-31.8
1382      	17:23:05  	405.6 	-21.5 	35    	43.5     	261   	42.9       	6.9        	7469      	-31.9
1384      	17:23:07  	405.1 	-21.5 	35    	43.6     	261   	43.0       	6.9        	7478      	-31.9
1386      	17:23:09  	404.6 	-21.5 	35    	43.6     	261   	43.0       	6.9        	7487      	-32.0
1388      	17:23:11  	404.2 	-21.6 	34    	43.5     	261   	42.9       	7.0        	7496      	-32.1
1390      	17:23:13  	403.7 	-21.6 	34    	43.3     	260   	42.7       	7.2        	7504      	-32.3
1392      	17:23:15  	403.2 	-21.5 	33    	43.2     	260   	42.6       	7.4        	7513      	-32.5
1394      	17:23:17  	402.8 	-21.5 	31    	43.1     	260   	42.4       	7.5        	7521      	-32.9
1396      	17:23:19  	402.3 	-21.4 	30    	42.9     	260   	42.2       	7.7        	7529      	-33.2
1398      	17:23:21  	401.8 	-21.4 	27    	42.7     	259   	42.0       	7.8        	7537      	-34.1
1400      	17:23:23  	401.4 	-21.3 	24    	42.6     	259   	41.8       	8.0        	7546      	-35.3
1402      	17:23:25  	401.0 	-21.2 	21    	42.4     	259   	41.6       	8.3        	7554      	-36.4
1404      	17:23:27  	400.5 	-21.1 	20    	42.4     	258   	41.5       	8.5        	7562      	-36.7
1406      	17:23:29  	400.1 	-21.0 	18    	42.2     	258   	41.3       	8.8        	7570      	-37.8
1408      	17:23:31  	399.6 	-20.9 	14    	42.3     	258   	41.3       	9.0        	7578      	-39.5
1410      	17:23:33  	399.2 	-20.9 	12    	42.3     	258   	41.3       	9.1        	7587      	-40.9
1412      	17:23:35  	398.7 	-20.8 	11    	42.4     	257   	41.4       	9.2        	7595      	-41.6
1414      	17:23:37  	398.3 	-20.7 	10    	42.4     	257   	41.3       	9.4        	7604      	-42.2
1416      	17:23:39  	397.8 	-20.7 	10    	42.3     	257   	41.2       	9.8        	7612      	-42.7
1418      	17:23:41  	397.4 	-20.7 	9     	42.4     	256   	41.2       	10.2       	7620      	-43.0
1420      	17:23:43  	396.9 	-20.7 	9     	42.4     	256   	41.1       	10.6       	7628      	-43.2
1422      	17:23:45  	396.5 	-20.7 	9     	42.3     	255   	40.9       	10.9       	7636      	-43.3
1424      	17:23:47  	396.1 	-20.7 	9     	42.3     	255   	40.8       	11.2       	7644      	-43.2
1426      	17:23:49  	395.7 	-20.7 	10    	42.3     	254   	40.7       	11.4       	7652      	-42.8
1428      	17:23:51  	395.2 	-20.8 	10    	42.2     	254   	40.5       	11.9       	7660      	-42.2
1430      	17:23:53  	394.8 	-20.8 	11    	42.1     	253   	40.3       	12.3       	7668      	-41.6
1432      	17:23:55  	394.4 	-20.8 	12    	42.0     	252   	40.0       	12.8       	7676      	-41.2
1434      	17:23:57  	394.0 	-20.9 	12    	42.0     	252   	39.9       	13.1       	7684      	-40.9
1436      	17:23:59  	393.5 	-20.9 	13    	42.0     	252   	39.8       	13.3       	7693      	-40.6
1438      	17:24:01  	393.0 	-21.0 	13    	41.9     	251   	39.7       	13.4       	7701      	-40.2
1440      	17:24:03  	392.6 	-21.0 	14    	41.8     	251   	39.5       	13.7       	7710      	-39.9
1442      	17:24:05  	392.2 	-21.0 	14    	41.8     	250   	39.4       	14.0       	7717      	-39.9
1444      	17:24:07  	391.7 	-21.1 	14    	41.7     	250   	39.2       	14.3       	7725      	-40.1
1446      	17:24:09  	391.3 	-21.1 	13    	41.7     	250   	39.1       	14.5       	7733      	-40.4
1448      	17:24:11  	390.9 	-21.2 	13    	41.7     	249   	39.0       	14.7       	7742      	-40.7
1450      	17:24:13  	390.4 	-21.2 	13    	41.6     	249   	38.9       	14.8       	7750      	-40.8
1452      	17:24:15  	390.0 	-21.3 	13    	41.7     	249   	38.9       	14.9       	7759      	-40.8
1454      	17:24:17  	389.6 	-21.4 	13    	41.6     	249   	38.8       	15.0       	7767      	-40.9
1456      	17:24:19  	389.1 	-21.4 	13    	41.5     	249   	38.7       	15.0       	7775      	-40.7
1458      	17:24:21  	388.7 	-21.5 	14    	41.4     	249   	38.5       	15.1       	7783      	-40.5
1460      	17:24:23  	388.2 	-21.5 	14    	41.4     	249   	38.5       	15.1       	7792      	-40.2
1462      	17:24:25  	387.8 	-21.6 	15    	41.3     	249   	38.4       	15.1       	7800      	-39.9
1464      	17:24:27  	387.4 	-21.6 	15    	41.2     	249   	38.4       	15.0       	7808      	-39.6
1466      	17:24:29  	386.9 	-21.7 	15    	41.1     	249   	38.3       	15.0       	7817      	-39.6
1468      	17:24:31  	386.5 	-21.7 	15    	41.1     	249   	38.3       	14.8       	7825      	-39.6
1470      	17:24:33  	386.1 	-21.8 	15    	41.0     	249   	38.3       	14.7       	7833      	-39.7
1472      	17:24:35  	385.6 	-21.9 	15    	40.9     	249   	38.2       	14.6       	7841      	-39.9
1474      	17:24:37  	385.2 	-21.9 	15    	40.9     	249   	38.2       	14.5       	7850      	-40.0
1476      	17:24:39  	384.8 	-22.0 	15    	41.0     	249   	38.3       	14.5       	7858      	-40.2
1478      	17:24:41  	384.3 	-22.0 	15    	40.9     	249   	38.3       	14.4       	7866      	-40.4
1480      	17:24:43  	383.9 	-22.1 	14    	40.9     	249   	38.3       	14.4       	7874      	-40.4
1482      	17:24:45  	383.5 	-22.1 	15    	40.8     	249   	38.2       	14.4       	7882      	-40.4
1484      	17:24:47  	383.1 	-22.2 	15    	40.8     	249   	38.2       	14.4       	7890      	-40.4
1486      	17:24:49  	382.7 	-22.2 	15    	40.8     	249   	38.2       	14.4       	7898      	-40.5
1488      	17:24:51  	382.3 	-22.3 	14    	40.9     	249   	38.2       	14.5       	7906      	-40.6
1490      	17:24:53  	381.9 	-22.3 	14    	40.9     	249   	38.2       	14.5       	7913      	-40.8
1492      	17:24:55  	381.4 	-22.4 	14    	40.9     	249   	38.2       	14.6       	7922      	-41.0
1494      	17:24:57  	381.0 	-22.5 	14    	40.9     	249   	38.2       	14.6       	7930      	-41.1
1496      	17:24:59  	380.6 	-22.5 	14    	40.9     	249   	38.2       	14.6       	7938      	-41.3
1498      	17:25:01  	380.2 	-22.6 	13    	40.8     	249   	38.1       	14.6       	7946      	-41.5
1500      	17:25:03  	379.7 	-22.6 	13    	40.9     	249   	38.2       	14.6       	7954      	-41.7
1502      	17:25:05  	379.3 	-22.7 	13    	40.9     	249   	38.2       	14.5       	7963      	-41.9
1504      	17:25:07  	378.9 	-22.8 	13    	40.9     	249   	38.2       	14.5       	7971      	-42.0
1506      	17:25:09  	378.5 	-22.9 	13    	40.9     	249   	38.2       	14.5       	7979      	-42.1
1508      	17:25:11  	378.0 	-23.0 	13    	40.9     	249   	38.2       	14.5       	7988      	-42.1
1510      	17:25:13  	377.6 	-23.0 	13    	40.8     	249   	38.1       	14.5       	7996      	-42.0
1512      	17:25:15  	377.1 	-23.1 	14    	40.8     	249   	38.1       	14.5       	8005      	-41.9
1514      	17:25:17  	376.7 	-23.2 	14    	40.8     	249   	38.1       	14.5       	8013      	-41.7
1516      	17:25:19  	376.3 	-23.3 	15    	40.8     	249   	38.1       	14.5       	8021      	-41.3
1518      	17:25:21  	375.9 	-23.3 	15    	40.8     	249   	38.1       	14.5       	8030      	-41.0
1520      	17:25:23  	375.4 	-23.4 	16    	40.9     	249   	38.2       	14.5       	8038      	-40.7
1522      	17:25:25  	375.0 	-23.5 	17    	41.0     	249   	38.3       	14.5       	8047      	-40.4
1524      	17:25:27  	374.5 	-23.5 	17    	41.0     	249   	38.4       	14.4       	8055      	-40.1
1526      	17:25:29  	374.1 	-23.6 	18    	41.1     	249   	38.5       	14.4       	8064      	-40.0
1528      	17:25:31  	373.7 	-23.6 	18    	41.2     	250   	38.6       	14.3       	8072      	-39.9
1530      	17:25:33  	373.3 	-23.7 	18    	41.3     	250   	38.7       	14.3       	8080      	-40.0
1532      	17:25:35  	372.8 	-23.7 	18    	41.3     	250   	38.8       	14.2       	8088      	-40.1
1534      	17:25:37  	372.4 	-23.8 	17    	41.4     	250   	38.9       	14.2       	8097      	-40.3
1536      	17:25:39  	372.0 	-23.9 	17    	41.5     	250   	39.0       	14.1       	8106      	-40.6
1538      	17:25:41  	371.5 	-23.9 	16    	41.6     	250   	39.1       	14.1       	8115      	-40.9
1540      	17:25:43  	371.0 	-24.0 	16    	41.6     	250   	39.1       	14.1       	8124      	-41.3
1542      	17:25:45  	370.6 	-24.0 	15    	41.5     	250   	39.0       	14.2       	8133      	-41.7
1544      	17:25:47  	370.1 	-24.1 	15    	41.6     	250   	39.0       	14.5       	8141      	-42.0
1546      	17:25:49  	369.7 	-24.1 	14    	41.7     	249   	39.0       	14.7       	8150      	-42.4
1548      	17:25:51  	369.3 	-24.2 	14    	41.7     	249   	38.9       	15.0       	8159      	-42.8
1550      	17:25:53  	368.8 	-24.2 	13    	41.8     	249   	38.9       	15.3       	8168      	-43.3
1552      	17:25:55  	368.4 	-24.2 	12    	41.9     	248   	38.9       	15.6       	8176      	-43.9
1554      	17:25:57  	368.0 	-24.3 	11    	41.9     	248   	38.8       	15.8       	8185      	-44.5
1556      	17:25:59  	367.5 	-24.3 	10    	42.1     	247   	38.9       	16.2       	8193      	-45.3
1558      	17:26:01  	367.1 	-24.3 	9     	42.5     	247   	39.1       	16.6       	8201      	-46.1
1560      	17:26:03  	366.7 	-24.3 	8     	42.8     	247   	39.3       	17.0       	8209      	-46.9
1562      	17:26:05  	366.3 	-24.4 	8     	43.1     	246   	39.5       	17.3       	8217      	-47.8
1564      	17:26:07  	365.9 	-24.4 	7     	43.4     	246   	39.7       	17.5       	8225      	-48.5
1566      	17:26:09  	365.5 	-24.4 	7     	43.6     	246   	39.9       	17.6       	8233      	-49.0
1568      	17:26:11  	365.1 	-24.4 	6     	43.8     	246   	40.1       	17.7       	8241      	-49.4
1570      	17:26:13  	364.7 	-24.5 	6     	44.4     	246   	40.6       	17.9       	8249      	-49.6
1572      	17:26:15  	364.3 	-24.5 	6     	44.8     	246   	41.0       	18.0       	8257      	-49.7
1574      	17:26:17  	363.9 	-24.5 	6     	45.2     	246   	41.4       	18.1       	8265      	-49.8
1576      	17:26:19  	363.5 	-24.6 	6     	45.5     	246   	41.7       	18.2       	8273      	-49.9
1578      	17:26:21  	363.1 	-24.6 	6     	45.7     	247   	41.9       	18.2       	8281      	-49.9
1580      	17:26:23  	362.7 	-24.6 	6     	45.9     	247   	42.1       	18.2       	8289      	-50.1
1582      	17:26:25  	362.3 	-24.7 	6     	46.1     	247   	42.4       	18.1       	8297      	-50.4
1584      	17:26:27  	361.9 	-24.7 	6     	46.3     	247   	42.6       	18.1       	8305      	-50.7
1586      	17:26:29  	361.5 	-24.8 	5     	46.5     	247   	42.8       	18.1       	8313      	-51.1
1588      	17:26:31  	361.1 	-24.8 	5     	46.7     	247   	43.1       	18.0       	8322      	-51.4
1590      	17:26:33  	360.7 	-24.9 	5     	46.7     	247   	43.1       	18.0       	8330      	-51.7
1592      	17:26:35  	360.3 	-25.0 	5     	46.7     	247   	43.1       	17.9       	8338      	-51.9
1594      	17:26:37  	359.9 	-25.0 	5     	46.7     	247   	43.1       	17.9       	8346      	-52.1
1596      	17:26:39  	359.5 	-25.1 	5     	46.7     	248   	43.2       	17.8       	8354      	-52.1
1598      	17:26:41  	359.1 	-25.2 	5     	46.8     	248   	43.3       	17.8       	8361      	-52.0
1600      	17:26:43  	358.7 	-25.2 	5     	46.8     	248   	43.3       	17.7       	8369      	-51.8
1602      	17:26:45  	358.4 	-25.3 	5     	46.9     	248   	43.4       	17.7       	8377      	-51.7
1604      	17:26:47  	358.0 	-25.4 	5     	46.8     	248   	43.4       	17.6       	8385      	-51.5
1606      	17:26:49  	357.5 	-25.5 	5     	46.9     	248   	43.5       	17.6       	8393      	-51.5
1608      	17:26:51  	357.1 	-25.5 	5     	46.9     	248   	43.5       	17.6       	8402      	-51.4
1610      	17:26:53  	356.7 	-25.6 	6     	46.9     	248   	43.5       	17.5       	8410      	-51.4
1612      	17:26:55  	356.3 	-25.7 	6     	47.0     	248   	43.6       	17.5       	8418      	-51.5
1614      	17:26:57  	355.9 	-25.7 	6     	46.9     	248   	43.6       	17.4       	8426      	-51.5
1616      	17:26:59  	355.5 	-25.8 	6     	46.9     	248   	43.6       	17.4       	8434      	-51.5
1618      	17:27:01  	355.1 	-25.9 	6     	47.0     	248   	43.7       	17.4       	8442      	-51.6
1620      	17:27:03  	354.7 	-25.9 	6     	47.0     	248   	43.7       	17.3       	8451      	-51.6
1622      	17:27:05  	354.3 	-26.0 	6     	47.0     	248   	43.7       	17.4       	8459      	-51.5
1624      	17:27:07  	354.0 	-26.1 	6     	47.1     	248   	43.8       	17.4       	8467      	-51.4
1626      	17:27:09  	353.6 	-26.1 	6     	47.1     	248   	43.8       	17.4       	8475      	-51.3
1628      	17:27:11  	353.2 	-26.2 	6     	47.3     	248   	43.9       	17.5       	8483      	-51.3
1630      	17:27:13  	352.8 	-26.3 	6     	47.3     	248   	43.9       	17.6       	8491      	-51.3
1632      	17:27:15  	352.4 	-26.3 	6     	47.4     	248   	44.0       	17.6       	8499      	-51.3
1634      	17:27:17  	352.0 	-26.4 	6     	47.4     	248   	44.0       	17.7       	8507      	-51.2
1636      	17:27:19  	351.6 	-26.4 	6     	47.6     	248   	44.2       	17.7       	8516      	-51.1
1638      	17:27:21  	351.1 	-26.5 	6     	47.7     	248   	44.3       	17.7       	8524      	-51.1
1640      	17:27:23  	350.8 	-26.5 	6     	47.8     	248   	44.4       	17.7       	8533      	-51.1
1642      	17:27:25  	350.4 	-26.6 	6     	47.9     	248   	44.5       	17.7       	8541      	-51.1
1644      	17:27:27  	350.0 	-26.6 	6     	47.9     	248   	44.6       	17.6       	8549      	-51.0
1646      	17:27:29  	349.6 	-26.7 	7     	48.0     	249   	44.7       	17.6       	8556      	-50.9
1648      	17:27:31  	349.2 	-26.7 	7     	48.1     	249   	44.8       	17.5       	8564      	-50.8
1650      	17:27:33  	348.8 	-26.7 	7     	48.2     	249   	45.0       	17.4       	8572      	-50.8
1652      	17:27:35  	348.4 	-26.8 	7     	48.4     	249   	45.2       	17.3       	8580      	-50.8
1654      	17:27:37  	348.1 	-26.8 	7     	48.5     	249   	45.3       	17.3       	8588      	-50.8
1656      	17:27:39  	347.7 	-26.8 	7     	48.6     	249   	45.4       	17.3       	8596      	-50.8
1658      	17:27:41  	347.3 	-26.9 	7     	48.7     	249   	45.5       	17.3       	8604      	-50.9
1660      	17:27:43  	346.9 	-26.9 	7     	48.8     	249   	45.7       	17.2       	8613      	-50.9
1662      	17:27:45  	346.5 	-26.9 	7     	49.1     	249   	46.0       	17.2       	8621      	-51.1
1664      	17:27:47  	346.1 	-26.9 	6     	49.4     	250   	46.3       	17.1       	8629      	-51.3
1666      	17:27:49  	345.7 	-26.9 	6     	49.5     	250   	46.5       	17.0       	8638      	-51.4
1668      	17:27:51  	345.3 	-27.0 	6     	49.7     	250   	46.7       	17.0       	8646      	-51.6
1670      	17:27:53  	344.9 	-27.0 	6     	49.9     	250   	46.9       	17.0       	8654      	-51.8
1672      	17:27:55  	344.5 	-27.1 	6     	50.0     	250   	47.1       	16.9       	8662      	-52.0
1674      	17:27:57  	344.1 	-27.1 	6     	50.3     	250   	47.4       	16.8       	8669      	-52.2
1676      	17:27:59  	343.8 	-27.1 	6     	50.4     	251   	47.6       	16.7       	8677      	-52.5
1678      	17:28:01  	343.4 	-27.2 	6     	50.7     	251   	47.9       	16.6       	8685      	-52.7
1680      	17:28:03  	343.0 	-27.2 	5     	50.9     	251   	48.1       	16.6       	8693      	-52.9
1682      	17:28:05  	342.6 	-27.2 	5     	51.0     	251   	48.3       	16.5       	8701      	-53.1
1684      	17:28:07  	342.3 	-27.3 	5     	51.1     	251   	48.4       	16.5       	8709      	-53.3
1686      	17:28:09  	341.9 	-27.3 	5     	51.2     	251   	48.5       	16.4       	8717      	-53.5
1688      	17:28:11  	341.5 	-27.3 	5     	51.3     	252   	48.7       	16.2       	8725      	-53.7
1690      	17:28:13  	341.1 	-27.4 	5     	51.5     	252   	48.9       	16.1       	8734      	-53.8
1692      	17:28:15  	340.7 	-27.4 	5     	51.5     	252   	49.0       	16.0       	8742      	-54.0
1694      	17:28:17  	340.3 	-27.5 	5     	51.6     	252   	49.1       	15.9       	8750      	-54.1
1696      	17:28:19  	339.9 	-27.5 	5     	51.6     	252   	49.1       	15.8       	8758      	-54.3
1698      	17:28:21  	339.6 	-27.6 	5     	51.6     	252   	49.2       	15.7       	8766      	-54.4
1700      	17:28:23  	339.2 	-27.6 	5     	51.6     	252   	49.2       	15.7       	8774      	-54.4
1702      	17:28:25  	338.8 	-27.7 	5     	51.7     	252   	49.3       	15.6       	8782      	-54.5
1704      	17:28:27  	338.4 	-27.8 	5     	51.8     	252   	49.4       	15.6       	8790      	-54.5
1706      	17:28:29  	338.0 	-27.8 	5     	51.8     	252   	49.4       	15.6       	8799      	-54.6
1708      	17:28:31  	337.6 	-27.9 	5     	51.8     	252   	49.4       	15.6       	8807      	-54.6
1710      	17:28:33  	337.2 	-28.0 	5     	51.8     	252   	49.4       	15.6       	8815      	-54.6
1712      	17:28:35  	336.8 	-28.1 	5     	51.8     	252   	49.4       	15.7       	8823      	-54.7
1714      	17:28:37  	336.5 	-28.1 	5     	51.8     	252   	49.3       	15.8       	8831      	-54.7
1716      	17:28:39  	336.1 	-28.2 	5     	51.8     	252   	49.3       	15.8       	8840      	-54.8
1718      	17:28:41  	335.7 	-28.3 	5     	51.7     	252   	49.2       	15.9       	8848      	-54.8
1720      	17:28:43  	335.3 	-28.3 	5     	51.7     	252   	49.2       	15.9       	8856      	-54.7
1722      	17:28:45  	334.9 	-28.4 	5     	51.7     	252   	49.2       	15.9       	8865      	-54.5
1724      	17:28:47  	334.5 	-28.5 	5     	51.6     	252   	49.1       	16.0       	8873      	-54.1
1726      	17:28:49  	334.1 	-28.6 	6     	51.6     	252   	49.1       	16.0       	8881      	-53.7
1728      	17:28:51  	333.8 	-28.7 	6     	51.6     	252   	49.1       	16.0       	8889      	-53.2
1730      	17:28:53  	333.4 	-28.7 	6     	51.7     	252   	49.1       	16.1       	8898      	-52.8
1732      	17:28:55  	333.0 	-28.8 	7     	51.7     	252   	49.1       	16.1       	8906      	-52.3
1734      	17:28:57  	332.6 	-28.9 	7     	51.7     	252   	49.1       	16.1       	8915      	-51.9
1736      	17:28:59  	332.1 	-29.0 	8     	51.8     	252   	49.2       	16.1       	8924      	-51.4
1738      	17:29:01  	331.7 	-29.1 	8     	51.8     	252   	49.3       	16.0       	8933      	-51.0
1740      	17:29:03  	331.3 	-29.1 	9     	51.9     	252   	49.4       	15.9       	8942      	-50.6
1742      	17:29:05  	330.9 	-29.2 	9     	52.0     	252   	49.5       	15.9       	8950      	-50.2
1744      	17:29:07  	330.5 	-29.3 	10    	52.0     	252   	49.6       	15.7       	8959      	-49.7
1746      	17:29:09  	330.1 	-29.4 	11    	52.1     	253   	49.7       	15.6       	8967      	-49.3
1748      	17:29:11  	329.7 	-29.4 	11    	52.2     	253   	49.8       	15.5       	8976      	-48.9
1750      	17:29:13  	329.3 	-29.5 	12    	52.3     	253   	50.0       	15.3       	8985      	-48.5
1752      	17:29:15  	328.9 	-29.5 	12    	52.5     	253   	50.3       	15.1       	8994      	-48.2
1754      	17:29:17  	328.5 	-29.6 	13    	52.6     	254   	50.5       	14.8       	9003      	-48.0
1756      	17:29:19  	328.1 	-29.7 	13    	52.9     	254   	50.8       	14.6       	9011      	-47.8
1758      	17:29:21  	327.7 	-29.7 	13    	53.0     	254   	51.0       	14.4       	9020      	-47.6
1760      	17:29:23  	327.3 	-29.8 	14    	53.1     	254   	51.1       	14.3       	9029      	-47.5
1762      	17:29:25  	326.9 	-29.8 	14    	53.2     	255   	51.3       	14.2       	9037      	-47.4
1764      	17:29:27  	326.5 	-29.9 	14    	53.3     	255   	51.4       	14.0       	9046      	-47.3
1766      	17:29:29  	326.2 	-29.9 	14    	53.4     	255   	51.6       	13.8       	9054      	-47.3
1768      	17:29:31  	325.8 	-30.0 	14    	53.5     	255   	51.7       	13.7       	9061      	-47.3
1770      	17:29:33  	325.5 	-30.0 	15    	53.6     	255   	51.8       	13.6       	9069      	-47.2
1772      	17:29:35  	325.1 	-30.1 	15    	53.5     	255   	51.8       	13.5       	9078      	-47.2
1774      	17:29:37  	324.7 	-30.2 	15    	53.5     	255   	51.8       	13.5       	9086      	-47.3
1776      	17:29:39  	324.3 	-30.2 	15    	53.5     	255   	51.8       	13.5       	9094      	-47.3
1778      	17:29:41  	323.9 	-30.3 	15    	53.6     	255   	51.8       	13.6       	9102      	-47.3
1780      	17:29:43  	323.6 	-30.4 	15    	53.6     	255   	51.8       	13.6       	9111      	-47.3
1782      	17:29:45  	323.2 	-30.4 	15    	53.6     	255   	51.8       	13.6       	9119      	-47.3
1784      	17:29:47  	322.8 	-30.5 	15    	53.6     	255   	51.8       	13.7       	9127      	-47.4
1786      	17:29:49  	322.4 	-30.6 	15    	53.6     	255   	51.8       	13.7       	9136      	-47.4
1788      	17:29:51  	322.1 	-30.6 	15    	53.7     	255   	51.9       	13.8       	9144      	-47.5
1790      	17:29:53  	321.7 	-30.7 	15    	53.6     	255   	51.8       	13.8       	9152      	-47.5
1792      	17:29:55  	321.3 	-30.8 	15    	53.6     	255   	51.8       	13.9       	9160      	-47.5
1794      	17:29:57  	320.9 	-30.8 	15    	53.6     	255   	51.7       	14.0       	9168      	-47.4
1796      	17:29:59  	320.6 	-30.9 	16    	53.6     	255   	51.7       	14.1       	9177      	-47.4
1798      	17:30:01  	320.2 	-31.0 	16    	53.5     	255   	51.6       	14.1       	9185      	-47.3
1800      	17:30:03  	319.8 	-31.0 	16    	53.4     	255   	51.5       	14.1       	9193      	-47.2
1802      	17:30:05  	319.4 	-31.1 	17    	53.4     	255   	51.5       	14.2       	9202      	-47.0
1804      	17:30:07  	319.1 	-31.2 	17    	53.3     	255   	51.4       	14.2       	9210      	-46.9
1806      	17:30:09  	318.7 	-31.3 	18    	53.3     	254   	51.3       	14.3       	9219      	-46.7
1808      	17:30:11  	318.3 	-31.4 	18    	53.2     	254   	51.2       	14.3       	9227      	-46.5
1810      	17:30:13  	317.9 	-31.4 	19    	53.2     	254   	51.2       	14.4       	9236      	-46.3
1812      	17:30:15  	317.5 	-31.5 	20    	53.2     	254   	51.2       	14.4       	9244      	-46.1
1814      	17:30:17  	317.1 	-31.6 	20    	53.2     	254   	51.2       	14.4       	9253      	-45.9
1816      	17:30:19  	316.7 	-31.7 	21    	53.2     	254   	51.2       	14.4       	9262      	-45.8
1818      	17:30:21  	316.4 	-31.8 	21    	53.2     	254   	51.2       	14.4       	9270      	-45.6
1820      	17:30:23  	316.0 	-31.8 	21    	53.2     	254   	51.2       	14.4       	9279      	-45.6
1822      	17:30:25  	315.6 	-31.9 	22    	53.3     	254   	51.3       	14.4       	9287      	-45.6
1824      	17:30:27  	315.2 	-31.9 	22    	53.3     	254   	51.3       	14.4       	9296      	-45.6
1826      	17:30:29  	314.8 	-32.0 	22    	53.3     	254   	51.3       	14.4       	9304      	-45.7
1828      	17:30:31  	314.5 	-32.1 	21    	53.5     	254   	51.5       	14.4       	9313      	-45.9
1830      	17:30:33  	314.1 	-32.1 	21    	53.7     	254   	51.7       	14.5       	9321      	-46.1
1832      	17:30:35  	313.7 	-32.2 	20    	53.9     	254   	51.9       	14.5       	9330      	-46.3
1834      	17:30:37  	313.3 	-32.2 	20    	54.0     	254   	52.0       	14.6       	9339      	-46.4
1836      	17:30:39  	312.9 	-32.3 	20    	54.2     	254   	52.2       	14.6       	9347      	-46.5
1838      	17:30:41  	312.6 	-32.3 	20    	54.3     	254   	52.3       	14.7       	9356      	-46.5
1840      	17:30:43  	312.2 	-32.4 	20    	54.5     	254   	52.5       	14.7       	9364      	-46.5
1842      	17:30:45  	311.8 	-32.4 	21    	54.8     	254   	52.8       	14.7       	9372      	-46.4
1844      	17:30:47  	311.4 	-32.5 	21    	55.1     	255   	53.1       	14.7       	9381      	-46.3
1846      	17:30:49  	311.1 	-32.5 	22    	55.5     	255   	53.5       	14.7       	9390      	-46.2
1848      	17:30:51  	310.7 	-32.6 	22    	55.7     	255   	53.7       	14.7       	9398      	-46.1
1850      	17:30:53  	310.3 	-32.7 	22    	55.9     	255   	53.9       	14.7       	9406      	-46.0
1852      	17:30:55  	310.0 	-32.8 	22    	56.0     	255   	54.0       	14.7       	9414      	-46.0
1854      	17:30:57  	309.6 	-32.8 	23    	56.1     	255   	54.2       	14.6       	9423      	-46.0
1856      	17:30:59  	309.2 	-32.9 	23    	56.4     	255   	54.5       	14.6       	9431      	-46.1
1858      	17:31:01  	308.9 	-33.0 	23    	56.6     	255   	54.7       	14.6       	9439      	-46.1
1860      	17:31:03  	308.5 	-33.1 	23    	56.8     	255   	54.9       	14.6       	9448      	-46.2
1862      	17:31:05  	308.1 	-33.1 	23    	56.9     	255   	55.0       	14.7       	9456      	-46.3
1864      	17:31:07  	307.7 	-33.2 	23    	56.9     	255   	55.0       	14.7       	9465      	-46.3
1866      	17:31:09  	307.4 	-33.3 	23    	57.1     	255   	55.1       	14.8       	9473      	-46.4
1868      	17:31:11  	307.0 	-33.4 	23    	57.2     	255   	55.2       	14.9       	9482      	-46.4
1870      	17:31:13  	306.6 	-33.4 	23    	57.3     	255   	55.3       	15.0       	9490      	-46.4
1872      	17:31:15  	306.3 	-33.5 	23    	57.4     	255   	55.4       	15.0       	9498      	-46.4
1874      	17:31:17  	305.9 	-33.6 	24    	57.5     	255   	55.5       	15.1       	9507      	-46.4
1876      	17:31:19  	305.6 	-33.7 	24    	57.5     	255   	55.5       	15.2       	9515      	-46.4
1878      	17:31:21  	305.2 	-33.7 	24    	57.6     	255   	55.6       	15.2       	9523      	-46.4
1880      	17:31:23  	304.9 	-33.8 	24    	57.7     	255   	55.6       	15.3       	9531      	-46.3
1882      	17:31:25  	304.5 	-33.8 	24    	57.8     	255   	55.7       	15.4       	9539      	-46.3
1884      	17:31:27  	304.2 	-33.9 	24    	57.9     	255   	55.8       	15.4       	9547      	-46.3
1886      	17:31:29  	303.8 	-34.0 	25    	57.9     	254   	55.8       	15.5       	9555      	-46.4
1888      	17:31:31  	303.5 	-34.0 	25    	57.9     	254   	55.8       	15.5       	9563      	-46.4
1890      	17:31:33  	303.1 	-34.1 	25    	57.9     	254   	55.8       	15.5       	9571      	-46.4
1892      	17:31:35  	302.8 	-34.1 	24    	58.0     	255   	55.9       	15.5       	9579      	-46.5
1894      	17:31:37  	302.4 	-34.1 	24    	58.2     	255   	56.1       	15.5       	9587      	-46.7
1896      	17:31:39  	302.1 	-34.2 	24    	58.3     	255   	56.2       	15.5       	9595      	-46.8
1898      	17:31:41  	301.7 	-34.2 	23    	58.4     	255   	56.3       	15.4       	9603      	-47.0
1900      	17:31:43  	301.4 	-34.3 	23    	58.6     	255   	56.5       	15.4       	9611      	-47.1
1902      	17:31:45  	301.0 	-34.3 	23    	58.6     	255   	56.6       	15.3       	9620      	-47.3
1904      	17:31:47  	300.7 	-34.4 	23    	58.7     	255   	56.7       	15.2       	9628      	-47.4
1906      	17:31:49  	300.3 	-34.4 	22    	58.9     	255   	57.0       	15.0       	9636      	-47.5
1908      	17:31:51  	299.9 	-34.5 	22    	59.2     	256   	57.3       	14.8       	9645      	-47.6
1910      	17:31:53  	299.6 	-34.5 	22    	59.3     	256   	57.5       	14.6       	9653      	-47.7
1912      	17:31:55  	299.2 	-34.6 	22    	59.4     	256   	57.7       	14.3       	9662      	-47.8
1914      	17:31:57  	298.8 	-34.6 	22    	59.5     	256   	57.8       	14.2       	9670      	-47.8
1916      	17:31:59  	298.5 	-34.7 	22    	59.7     	256   	58.0       	14.0       	9679      	-47.9
1918      	17:32:01  	298.1 	-34.8 	22    	59.7     	257   	58.1       	13.8       	9688      	-48.0
1920      	17:32:03  	297.7 	-34.9 	22    	59.9     	257   	58.3       	13.6       	9697      	-48.1
1922      	17:32:05  	297.3 	-34.9 	22    	59.9     	257   	58.4       	13.4       	9706      	-48.1
1924      	17:32:07  	297.0 	-35.0 	22    	60.1     	257   	58.6       	13.2       	9714      	-48.1
1926      	17:32:09  	296.6 	-35.1 	22    	60.1     	257   	58.6       	13.2       	9723      	-48.1
1928      	17:32:11  	296.2 	-35.2 	22    	60.1     	257   	58.6       	13.2       	9731      	-48.2
1930      	17:32:13  	295.9 	-35.3 	22    	60.1     	257   	58.6       	13.2       	9740      	-48.2
1932      	17:32:15  	295.5 	-35.3 	23    	60.1     	257   	58.7       	13.1       	9748      	-48.3
1934      	17:32:17  	295.2 	-35.4 	23    	60.2     	258   	58.8       	13.0       	9756      	-48.3
1936      	17:32:19  	294.8 	-35.5 	23    	60.2     	258   	58.8       	12.9       	9764      	-48.4
1938      	17:32:21  	294.5 	-35.6 	23    	60.3     	258   	58.9       	12.8       	9772      	-48.5
1940      	17:32:23  	294.1 	-35.7 	23    	60.3     	258   	58.9       	12.7       	9781      	-48.6
1942      	17:32:25  	293.7 	-35.8 	23    	60.2     	258   	58.9       	12.6       	9790      	-48.6
1944      	17:32:27  	293.4 	-35.9 	23    	60.3     	258   	59.0       	12.4       	9799      	-48.6
1946      	17:32:29  	293.0 	-35.9 	23    	60.2     	258   	59.0       	12.2       	9809      	-48.7
1948      	17:32:31  	292.5 	-36.0 	23    	60.2     	259   	59.0       	12.0       	9818      	-48.8
1950      	17:32:33  	292.1 	-36.1 	23    	60.3     	259   	59.1       	11.8       	9828      	-48.9
1952      	17:32:35  	291.7 	-36.2 	23    	60.2     	259   	59.1       	11.7       	9838      	-49.0
1954      	17:32:37  	291.3 	-36.3 	23    	60.2     	259   	59.1       	11.5       	9848      	-49.0
1956      	17:32:39  	290.9 	-36.4 	23    	60.2     	259   	59.1       	11.4       	9858      	-49.1
1958      	17:32:41  	290.5 	-36.4 	23    	60.2     	259   	59.2       	11.1       	9868      	-49.2
1960      	17:32:43  	290.1 	-36.5 	23    	60.4     	260   	59.4       	10.7       	9878      	-49.2
1962      	17:32:45  	289.7 	-36.6 	23    	60.4     	260   	59.5       	10.3       	9886      	-49.2
1964      	17:32:47  	289.3 	-36.7 	23    	60.5     	260   	59.7       	10.1       	9895      	-49.2
1966      	17:32:49  	289.0 	-36.7 	23    	60.6     	261   	59.8       	9.8        	9904      	-49.2
1968      	17:32:51  	288.6 	-36.8 	24    	60.8     	261   	60.0       	9.6        	9912      	-49.2
1970      	17:32:53  	288.3 	-36.8 	24    	60.9     	261   	60.2       	9.4        	9921      	-49.2
1972      	17:32:55  	287.9 	-36.9 	24    	61.1     	261   	60.4       	9.1        	9929      	-49.3
1974      	17:32:57  	287.6 	-37.0 	24    	61.3     	262   	60.7       	8.8        	9936      	-49.3
1976      	17:32:59  	287.3 	-37.0 	24    	61.5     	262   	60.9       	8.5        	9944      	-49.4
1978      	17:33:01  	287.0 	-37.1 	24    	61.6     	262   	61.0       	8.4        	9952      	-49.4
1980      	17:33:03  	286.6 	-37.1 	24    	61.8     	262   	61.2       	8.4        	9960      	-49.4
1982      	17:33:05  	286.3 	-37.2 	24    	61.9     	262   	61.3       	8.3        	9967      	-49.5
1984      	17:33:07  	286.0 	-37.2 	24    	62.2     	262   	61.6       	8.3        	9975      	-49.5
1986      	17:33:09  	285.6 	-37.3 	24    	62.6     	262   	62.0       	8.4        	9984      	-49.6
1988      	17:33:11  	285.3 	-37.3 	24    	63.0     	262   	62.4       	8.4        	9992      	-49.7
1990      	17:33:13  	285.0 	-37.4 	24    	63.3     	262   	62.7       	8.4        	10000     	-49.7
1992      	17:33:15  	284.7 	-37.4 	24    	63.5     	262   	62.9       	8.5        	10007     	-49.8
1994      	17:33:17  	284.3 	-37.5 	23    	63.7     	262   	63.1       	8.6        	10015     	-49.9
1996      	17:33:19  	284.0 	-37.5 	23    	64.1     	262   	63.5       	8.8        	10023     	-49.9
1998      	17:33:21  	283.7 	-37.6 	23    	64.5     	262   	63.9       	8.9        	10031     	-50.0
2000      	17:33:23  	283.3 	-37.6 	23    	64.8     	262   	64.2       	9.1        	10040     	-50.1
2002      	17:33:25  	283.0 	-37.7 	23    	65.3     	262   	64.6       	9.3        	10049     	-50.1
2004      	17:33:27  	282.6 	-37.7 	23    	65.5     	262   	64.8       	9.4        	10057     	-50.2
2006      	17:33:29  	282.3 	-37.7 	23    	65.6     	262   	64.9       	9.4        	10066     	-50.3
2008      	17:33:31  	281.9 	-37.8 	23    	65.8     	262   	65.1       	9.5        	10075     	-50.3
2010      	17:33:33  	281.6 	-37.8 	23    	66.1     	261   	65.4       	9.8        	10083     	-50.4
2012      	17:33:35  	281.2 	-37.9 	23    	66.6     	261   	65.8       	10.0       	10092     	-50.5
2014      	17:33:37  	280.9 	-37.9 	23    	67.0     	261   	66.2       	10.2       	10100     	-50.6
2016      	17:33:39  	280.5 	-38.0 	23    	67.3     	261   	66.5       	10.4       	10109     	-50.7
2018      	17:33:41  	280.2 	-38.0 	22    	67.5     	261   	66.7       	10.5       	10117     	-50.7
2020      	17:33:43  	279.8 	-38.1 	22    	67.8     	261   	67.0       	10.7       	10126     	-50.8
2022      	17:33:45  	279.5 	-38.1 	22    	68.2     	261   	67.3       	10.9       	10134     	-50.9
2024      	17:33:47  	279.1 	-38.2 	22    	68.5     	261   	67.6       	11.1       	10143     	-51.0
2026      	17:33:49  	278.8 	-38.2 	22    	68.9     	260   	67.9       	11.4       	10151     	-51.1
2028      	17:33:51  	278.4 	-38.3 	22    	69.2     	260   	68.2       	11.6       	10160     	-51.2
2030      	17:33:53  	278.1 	-38.4 	22    	69.3     	260   	68.3       	11.7       	10168     	-51.3
2032      	17:33:55  	277.8 	-38.4 	22    	69.4     	260   	68.4       	11.8       	10176     	-51.3
2034      	17:33:57  	277.5 	-38.5 	21    	69.4     	260   	68.4       	11.9       	10184     	-51.5
2036      	17:33:59  	277.1 	-38.5 	21    	69.7     	260   	68.6       	12.2       	10193     	-51.6
2038      	17:34:01  	276.8 	-38.6 	21    	69.8     	260   	68.7       	12.4       	10201     	-51.7
2040      	17:34:03  	276.4 	-38.6 	21    	70.0     	260   	68.8       	12.7       	10210     	-51.8
2042      	17:34:05  	276.1 	-38.7 	21    	70.1     	259   	68.9       	12.9       	10219     	-51.8
2044      	17:34:07  	275.7 	-38.7 	21    	70.2     	259   	69.0       	13.1       	10227     	-51.9
2046      	17:34:09  	275.4 	-38.8 	21    	70.3     	259   	69.0       	13.2       	10236     	-52.0
2048      	17:34:11  	275.0 	-38.8 	21    	70.4     	259   	69.1       	13.4       	10244     	-52.1
2050      	17:34:13  	274.7 	-38.9 	21    	70.5     	259   	69.2       	13.6       	10253     	-52.1
2052      	17:34:15  	274.4 	-38.9 	21    	70.6     	259   	69.2       	13.9       	10261     	-52.2
2054      	17:34:17  	274.0 	-39.0 	21    	70.7     	258   	69.3       	14.1       	10269     	-52.3
2056      	17:34:19  	273.7 	-39.0 	20    	70.7     	258   	69.3       	14.2       	10278     	-52.4
2058      	17:34:21  	273.4 	-39.1 	20    	70.7     	258   	69.3       	14.2       	10286     	-52.4
2060      	17:34:23  	273.0 	-39.2 	20    	70.8     	258   	69.3       	14.3       	10295     	-52.5
2062      	17:34:25  	272.7 	-39.2 	20    	70.8     	258   	69.3       	14.3       	10303     	-52.6
2064      	17:34:27  	272.3 	-39.3 	20    	70.8     	258   	69.3       	14.3       	10312     	-52.7
2066      	17:34:29  	272.0 	-39.4 	20    	70.9     	258   	69.4       	14.3       	10320     	-52.8
2068      	17:34:31  	271.6 	-39.4 	20    	70.8     	258   	69.3       	14.3       	10329     	-52.8
2070      	17:34:33  	271.3 	-39.4 	20    	70.7     	258   	69.3       	14.2       	10338     	-52.9
2072      	17:34:35  	271.0 	-39.4 	20    	70.7     	258   	69.3       	14.2       	10347     	-53.0
2074      	17:34:37  	270.6 	-39.4 	19    	70.9     	259   	69.5       	14.1       	10355     	-53.1
2076      	17:34:39  	270.3 	-39.4 	19    	71.0     	259   	69.6       	14.0       	10363     	-53.3
2078      	17:34:41  	270.0 	-39.4 	19    	71.1     	259   	69.7       	13.9       	10372     	-53.4
2080      	17:34:43  	269.6 	-39.4 	18    	71.2     	259   	69.8       	13.8       	10380     	-53.7
2082      	17:34:45  	269.3 	-39.4 	17    	71.2     	259   	69.9       	13.8       	10388     	-53.9
2084      	17:34:47  	269.0 	-39.4 	17    	71.3     	259   	70.0       	13.8       	10397     	-54.2
2086      	17:34:49  	268.6 	-39.4 	16    	71.6     	259   	70.3       	13.7       	10405     	-54.4
2088      	17:34:51  	268.3 	-39.4 	16    	72.1     	259   	70.8       	13.7       	10414     	-54.6
2090      	17:34:53  	268.0 	-39.4 	16    	72.6     	259   	71.3       	13.6       	10422     	-54.8
2092      	17:34:55  	267.6 	-39.4 	15    	73.1     	259   	71.8       	13.6       	10431     	-54.9
2094      	17:34:57  	267.3 	-39.3 	15    	73.5     	259   	72.2       	13.5       	10439     	-55.1
2096      	17:34:59  	267.0 	-39.3 	15    	73.7     	259   	72.5       	13.5       	10448     	-55.2
2098      	17:35:01  	266.6 	-39.4 	14    	74.1     	260   	72.9       	13.5       	10457     	-55.4
2100      	17:35:03  	266.3 	-39.4 	14    	74.5     	260   	73.3       	13.4       	10466     	-55.5
2102      	17:35:05  	265.9 	-39.5 	14    	74.9     	260   	73.7       	13.4       	10474     	-55.7
2104      	17:35:07  	265.6 	-39.5 	14    	75.4     	260   	74.2       	13.3       	10483     	-55.9
2106      	17:35:09  	265.3 	-39.6 	13    	75.6     	260   	74.4       	13.3       	10491     	-56.1
2108      	17:35:11  	264.9 	-39.7 	13    	75.6     	260   	74.4       	13.3       	10500     	-56.4
2110      	17:35:13  	264.6 	-39.7 	13    	75.7     	260   	74.5       	13.2       	10509     	-56.6
2112      	17:35:15  	264.3 	-39.8 	13    	75.7     	260   	74.5       	13.2       	10518     	-56.8
2114      	17:35:17  	263.9 	-39.8 	12    	75.7     	260   	74.6       	13.0       	10527     	-57.0
2116      	17:35:19  	263.6 	-39.9 	12    	75.8     	260   	74.7       	12.9       	10535     	-57.2
2118      	17:35:21  	263.3 	-40.0 	12    	75.8     	260   	74.7       	12.8       	10544     	-57.3
2120      	17:35:23  	262.9 	-40.1 	12    	75.8     	260   	74.7       	12.6       	10552     	-57.5
2122      	17:35:25  	262.6 	-40.1 	12    	75.8     	261   	74.8       	12.5       	10560     	-57.6
2124      	17:35:27  	262.3 	-40.2 	12    	75.8     	261   	74.8       	12.4       	10569     	-57.7
2126      	17:35:29  	262.0 	-40.3 	12    	75.8     	261   	74.8       	12.4       	10577     	-57.8
2128      	17:35:31  	261.6 	-40.4 	12    	75.9     	261   	74.9       	12.3       	10586     	-57.9
2130      	17:35:33  	261.3 	-40.4 	11    	75.9     	261   	74.9       	12.2       	10594     	-58.0
2132      	17:35:35  	261.0 	-40.5 	11    	76.0     	261   	75.0       	12.1       	10602     	-58.2
2134      	17:35:37  	260.7 	-40.5 	11    	76.0     	261   	75.0       	12.2       	10610     	-58.4
2136      	17:35:39  	260.4 	-40.6 	11    	76.0     	261   	75.0       	12.2       	10619     	-58.6
2138      	17:35:41  	260.0 	-40.6 	11    	76.1     	261   	75.1       	12.3       	10628     	-58.8
2140      	17:35:43  	259.7 	-40.6 	10    	76.3     	261   	75.3       	12.4       	10636     	-59.1
2142      	17:35:45  	259.4 	-40.7 	10    	76.4     	261   	75.4       	12.5       	10645     	-59.4
2144      	17:35:47  	259.0 	-40.7 	10    	76.6     	261   	75.6       	12.6       	10654     	-59.7
2146      	17:35:49  	258.7 	-40.7 	9     	76.8     	260   	75.7       	12.7       	10663     	-60.0
2148      	17:35:51  	258.4 	-40.8 	9     	76.9     	260   	75.8       	12.9       	10672     	-60.3
2150      	17:35:53  	258.0 	-40.8 	9     	77.0     	260   	75.9       	13.0       	10681     	-60.5
2152      	17:35:55  	257.7 	-40.8 	8     	77.3     	260   	76.1       	13.3       	10689     	-60.8
2154      	17:35:57  	257.3 	-40.8 	8     	77.4     	260   	76.2       	13.6       	10698     	-61.0
2156      	17:35:59  	257.0 	-40.9 	8     	77.7     	260   	76.4       	14.0       	10707     	-61.2
2158      	17:36:01  	256.7 	-40.9 	8     	77.8     	259   	76.5       	14.2       	10716     	-61.4
2160      	17:36:03  	256.4 	-40.9 	8     	78.0     	259   	76.6       	14.5       	10724     	-61.5
2162      	17:36:05  	256.1 	-41.0 	7     	78.0     	259   	76.6       	14.7       	10732     	-61.7
2164      	17:36:07  	255.7 	-41.0 	7     	78.1     	259   	76.7       	14.9       	10741     	-61.8
2166      	17:36:09  	255.4 	-41.1 	7     	78.2     	259   	76.7       	15.2       	10749     	-62.0
2168      	17:36:11  	255.1 	-41.1 	7     	78.2     	259   	76.6       	15.5       	10758     	-62.1
2170      	17:36:13  	254.8 	-41.2 	7     	78.2     	258   	76.6       	15.8       	10766     	-62.3
2172      	17:36:15  	254.5 	-41.3 	7     	78.2     	258   	76.6       	15.8       	10775     	-62.4
2174      	17:36:17  	254.1 	-41.3 	7     	78.1     	258   	76.5       	15.9       	10783     	-62.6
2176      	17:36:19  	253.8 	-41.4 	7     	78.1     	258   	76.4       	16.0       	10792     	-62.7
2178      	17:36:21  	253.5 	-41.5 	7     	78.1     	258   	76.4       	16.1       	10801     	-62.9
2180      	17:36:23  	253.2 	-41.5 	7     	78.1     	258   	76.4       	16.3       	10809     	-63.0
2182      	17:36:25  	252.9 	-41.6 	6     	78.2     	258   	76.4       	16.5       	10818     	-63.2
2184      	17:36:27  	252.5 	-41.7 	6     	78.2     	258   	76.4       	16.6       	10827     	-63.4
2186      	17:36:29  	252.2 	-41.7 	6     	78.2     	258   	76.4       	16.7       	10835     	-63.5
2188      	17:36:31  	251.9 	-41.8 	6     	78.3     	258   	76.5       	16.8       	10844     	-63.6
2190      	17:36:33  	251.6 	-41.9 	6     	78.3     	258   	76.5       	16.9       	10853     	-63.6
2192      	17:36:35  	251.2 	-42.0 	6     	78.3     	257   	76.4       	17.0       	10861     	-63.7
2194      	17:36:37  	250.9 	-42.0 	6     	78.3     	257   	76.4       	17.1       	10870     	-63.8
2196      	17:36:39  	250.6 	-42.1 	6     	78.2     	257   	76.3       	17.2       	10878     	-63.8
2198      	17:36:41  	250.3 	-42.2 	6     	78.2     	257   	76.3       	17.2       	10887     	-63.9
2200      	17:36:43  	250.0 	-42.2 	6     	78.1     	257   	76.2       	17.1       	10896     	-63.9
2202      	17:36:45  	249.6 	-42.3 	6     	78.0     	257   	76.1       	17.1       	10905     	-63.9
2204      	17:36:47  	249.3 	-42.4 	6     	78.0     	257   	76.1       	17.0       	10914     	-63.9
2206      	17:36:49  	249.0 	-42.4 	7     	78.0     	257   	76.1       	16.9       	10923     	-63.8
2208      	17:36:51  	248.6 	-42.5 	7     	78.0     	257   	76.1       	16.9       	10931     	-63.7
2210      	17:36:53  	248.3 	-42.6 	7     	77.9     	258   	76.1       	16.8       	10940     	-63.6
2212      	17:36:55  	248.0 	-42.7 	7     	78.0     	258   	76.2       	16.7       	10949     	-63.5
2214      	17:36:57  	247.7 	-42.7 	7     	78.1     	258   	76.3       	16.7       	10958     	-63.5
2216      	17:36:59  	247.3 	-42.8 	7     	78.1     	258   	76.3       	16.7       	10967     	-63.5
2218      	17:37:01  	247.0 	-42.9 	7     	78.1     	258   	76.3       	16.6       	10976     	-63.5
2220      	17:37:03  	246.7 	-42.9 	7     	78.1     	258   	76.3       	16.6       	10985     	-63.6
2222      	17:37:05  	246.4 	-43.0 	7     	78.0     	258   	76.2       	16.6       	10994     	-63.7
2224      	17:37:07  	246.0 	-43.1 	7     	77.9     	258   	76.1       	16.6       	11002     	-63.9
2226      	17:37:09  	245.7 	-43.1 	7     	77.9     	258   	76.1       	16.7       	11012     	-64.1
2228      	17:37:11  	245.4 	-43.2 	7     	77.8     	258   	76.0       	16.8       	11021     	-64.2
2230      	17:37:13  	245.0 	-43.2 	7     	77.7     	258   	75.9       	16.8       	11030     	-64.3
2232      	17:37:15  	244.7 	-43.3 	7     	77.7     	257   	75.8       	16.9       	11039     	-64.5
2234      	17:37:17  	244.4 	-43.4 	7     	77.6     	257   	75.7       	17.0       	11048     	-64.5
2236      	17:37:19  	244.0 	-43.5 	7     	77.6     	257   	75.7       	17.1       	11057     	-64.5
2238      	17:37:21  	243.7 	-43.5 	7     	77.6     	257   	75.7       	17.1       	11066     	-64.6
2240      	17:37:23  	243.4 	-43.6 	7     	77.6     	257   	75.7       	17.1       	11076     	-64.6
2242      	17:37:25  	243.0 	-43.7 	7     	77.7     	257   	75.7       	17.4       	11085     	-64.6
2244      	17:37:27  	242.7 	-43.7 	7     	77.7     	257   	75.7       	17.6       	11094     	-64.6
2246      	17:37:29  	242.4 	-43.8 	7     	77.8     	257   	75.7       	17.8       	11103     	-64.7
2248      	17:37:31  	242.0 	-43.9 	7     	77.8     	257   	75.7       	18.0       	11113     	-64.7
2250      	17:37:33  	241.7 	-43.9 	7     	77.9     	256   	75.7       	18.2       	11122     	-64.8
2252      	17:37:35  	241.4 	-44.0 	7     	77.9     	256   	75.7       	18.4       	11131     	-65.0
2254      	17:37:37  	241.0 	-44.1 	7     	78.0     	256   	75.7       	18.7       	11140     	-65.1
2256      	17:37:39  	240.7 	-44.1 	7     	78.0     	256   	75.7       	19.0       	11149     	-65.2
2258      	17:37:41  	240.4 	-44.2 	7     	78.1     	256   	75.7       	19.3       	11159     	-65.3
2260      	17:37:43  	240.1 	-44.3 	7     	78.2     	255   	75.7       	19.6       	11168     	-65.3
2262      	17:37:45  	239.7 	-44.4 	7     	78.2     	255   	75.7       	19.7       	11177     	-65.4
2264      	17:37:47  	239.4 	-44.4 	7     	78.2     	255   	75.7       	19.8       	11186     	-65.4
2266      	17:37:49  	239.1 	-44.5 	7     	78.3     	255   	75.7       	19.9       	11195     	-65.5
2268      	17:37:51  	238.8 	-44.6 	7     	78.2     	255   	75.6       	20.0       	11203     	-65.5
2270      	17:37:53  	238.5 	-44.7 	7     	78.2     	255   	75.6       	20.1       	11212     	-65.5
2272      	17:37:55  	238.2 	-44.7 	7     	78.2     	255   	75.5       	20.2       	11221     	-65.5
2274      	17:37:57  	237.9 	-44.8 	7     	78.1     	255   	75.4       	20.2       	11229     	-65.5
2276      	17:37:59  	237.5 	-44.9 	7     	78.1     	255   	75.4       	20.2       	11239     	-65.4
2278      	17:38:01  	237.2 	-44.9 	7     	78.0     	255   	75.3       	20.2       	11248     	-65.3
2280      	17:38:03  	236.9 	-45.0 	7     	77.8     	255   	75.2       	20.1       	11257     	-65.3
2282      	17:38:05  	236.6 	-45.1 	7     	77.8     	255   	75.2       	20.0       	11266     	-65.2
2284      	17:38:07  	236.2 	-45.2 	7     	77.7     	255   	75.1       	19.9       	11275     	-65.2
2286      	17:38:09  	235.9 	-45.2 	8     	77.5     	255   	75.0       	19.7       	11284     	-65.2
2288      	17:38:11  	235.6 	-45.3 	8     	77.5     	255   	75.0       	19.7       	11293     	-65.2
2290      	17:38:13  	235.3 	-45.4 	8     	77.5     	255   	75.0       	19.6       	11302     	-65.2
2292      	17:38:15  	235.0 	-45.5 	8     	77.5     	255   	75.0       	19.5       	11311     	-65.2
2294      	17:38:17  	234.7 	-45.5 	8     	77.4     	256   	75.0       	19.3       	11320     	-65.2
2296      	17:38:19  	234.4 	-45.6 	8     	77.3     	256   	74.9       	19.1       	11328     	-65.2
2298      	17:38:21  	234.0 	-45.7 	8     	77.2     	256   	74.9       	18.9       	11337     	-65.2
2300      	17:38:23  	233.7 	-45.7 	8     	77.2     	256   	74.9       	18.8       	11346     	-65.2
2302      	17:38:25  	233.4 	-45.8 	8     	77.2     	256   	74.9       	18.7       	11355     	-65.2
2304      	17:38:27  	233.1 	-45.9 	8     	77.2     	256   	74.9       	18.6       	11364     	-65.2
2306      	17:38:29  	232.8 	-46.0 	8     	77.2     	256   	74.9       	18.5       	11373     	-65.3
2308      	17:38:31  	232.5 	-46.0 	8     	77.2     	256   	75.0       	18.2       	11382     	-65.3
2310      	17:38:33  	232.2 	-46.1 	8     	77.2     	257   	75.1       	18.0       	11391     	-65.3
2312      	17:38:35  	231.8 	-46.2 	8     	77.3     	257   	75.2       	17.8       	11400     	-65.3
2314      	17:38:37  	231.5 	-46.2 	8     	77.3     	257   	75.3       	17.6       	11409     	-65.4
2316      	17:38:39  	231.2 	-46.3 	8     	77.4     	257   	75.4       	17.5       	11418     	-65.4
2318      	17:38:41  	230.9 	-46.4 	8     	77.6     	257   	75.6       	17.4       	11428     	-65.5
2320      	17:38:43  	230.6 	-46.4 	8     	77.6     	257   	75.7       	17.2       	11437     	-65.5
2322      	17:38:45  	230.3 	-46.5 	8     	77.7     	257   	75.8       	17.1       	11446     	-65.5
2324      	17:38:47  	230.0 	-46.5 	8     	77.9     	257   	76.0       	17.0       	11455     	-65.5
2326      	17:38:49  	229.7 	-46.6 	8     	78.0     	257   	76.1       	16.9       	11463     	-65.5
2328      	17:38:51  	229.4 	-46.6 	8     	78.0     	257   	76.1       	16.9       	11472     	-65.6
2330      	17:38:53  	229.0 	-46.7 	8     	78.0     	257   	76.1       	16.9       	11480     	-65.6
2332      	17:38:55  	228.7 	-46.7 	8     	78.0     	257   	76.1       	17.0       	11489     	-65.6
2334      	17:38:57  	228.4 	-46.7 	8     	78.0     	257   	76.1       	17.1       	11498     	-65.6
2336      	17:38:59  	228.1 	-46.7 	8     	77.9     	257   	76.0       	17.2       	11507     	-65.7
2338      	17:39:01  	227.8 	-46.8 	8     	77.9     	257   	76.0       	17.3       	11516     	-65.7
2340      	17:39:03  	227.5 	-46.8 	8     	77.9     	257   	75.9       	17.4       	11525     	-65.8
2342      	17:39:05  	227.2 	-46.8 	8     	77.9     	257   	75.9       	17.5       	11534     	-65.9
2344      	17:39:07  	226.9 	-46.8 	8     	77.8     	257   	75.8       	17.6       	11543     	-66.1
2346      	17:39:09  	226.6 	-46.8 	8     	77.5     	257   	75.4       	17.9       	11551     	-66.2
2348      	17:39:11  	226.3 	-46.8 	8     	77.3     	256   	75.1       	18.3       	11560     	-66.3
2350      	17:39:13  	226.0 	-46.8 	8     	77.0     	256   	74.7       	18.7       	11569     	-66.5
2352      	17:39:15  	225.7 	-46.8 	7     	76.8     	256   	74.4       	19.0       	11578     	-66.7
2354      	17:39:17  	225.4 	-46.8 	7     	76.5     	255   	74.1       	19.2       	11587     	-66.9
2356      	17:39:19  	225.1 	-46.9 	7     	76.3     	255   	73.8       	19.5       	11596     	-67.1
2358      	17:39:21  	224.8 	-46.9 	7     	76.1     	255   	73.5       	19.8       	11604     	-67.2
2360      	17:39:23  	224.5 	-46.9 	7     	75.8     	254   	73.0       	20.3       	11614     	-67.3
2362      	17:39:25  	224.2 	-47.0 	7     	75.5     	254   	72.6       	20.7       	11623     	-67.4
2364      	17:39:27  	223.9 	-47.0 	7     	75.2     	254   	72.2       	21.2       	11632     	-67.5
2366      	17:39:29  	223.6 	-47.0 	7     	75.2     	253   	72.1       	21.4       	11641     	-67.6
2368      	17:39:31  	223.3 	-47.1 	6     	75.1     	253   	71.9       	21.6       	11650     	-67.7
2370      	17:39:33  	223.0 	-47.1 	6     	75.0     	253   	71.8       	21.7       	11659     	-67.8
2372      	17:39:35  	222.7 	-47.2 	6     	74.7     	253   	71.5       	21.8       	11667     	-67.9
2374      	17:39:37  	222.4 	-47.2 	6     	74.5     	253   	71.2       	22.0       	11676     	-68.0
2376      	17:39:39  	222.1 	-47.3 	6     	74.3     	253   	70.9       	22.1       	11685     	-68.1
2378      	17:39:41  	221.8 	-47.4 	6     	74.1     	253   	70.7       	22.1       	11693     	-68.2
2380      	17:39:43  	221.5 	-47.4 	6     	73.9     	253   	70.5       	22.0       	11702     	-68.4
2382      	17:39:45  	221.2 	-47.5 	6     	73.7     	253   	70.4       	21.9       	11710     	-68.5
2384      	17:39:47  	220.9 	-47.5 	6     	73.5     	253   	70.2       	21.7       	11719     	-68.6
2386      	17:39:49  	220.6 	-47.6 	6     	73.3     	253   	70.1       	21.4       	11728     	-68.7
2388      	17:39:51  	220.3 	-47.7 	6     	73.0     	253   	69.9       	21.2       	11737     	-68.8
2390      	17:39:53  	220.0 	-47.7 	6     	72.9     	253   	69.8       	21.0       	11746     	-68.9
2392      	17:39:55  	219.7 	-47.8 	6     	72.8     	253   	69.8       	20.8       	11755     	-69.0
2394      	17:39:57  	219.4 	-47.8 	6     	72.7     	254   	69.7       	20.6       	11765     	-69.1
2396      	17:39:59  	219.1 	-47.9 	6     	72.7     	254   	69.8       	20.4       	11774     	-69.2
2398      	17:40:01  	218.8 	-47.9 	6     	72.6     	254   	69.8       	20.0       	11783     	-69.3
2400      	17:40:03  	218.5 	-48.0 	6     	72.5     	254   	69.8       	19.7       	11792     	-69.4
2402      	17:40:05  	218.2 	-48.0 	6     	72.4     	254   	69.8       	19.4       	11801     	-69.5
2404      	17:40:07  	217.9 	-48.1 	6     	72.4     	255   	69.8       	19.2       	11811     	-69.6
2406      	17:40:09  	217.6 	-48.1 	6     	72.3     	255   	69.8       	19.0       	11820     	-69.7
2408      	17:40:11  	217.3 	-48.2 	6     	72.3     	255   	69.8       	18.8       	11829     	-69.7
2410      	17:40:13  	217.0 	-48.2 	5     	72.1     	255   	69.7       	18.6       	11838     	-69.8
2412      	17:40:15  	216.7 	-48.3 	5     	72.0     	255   	69.6       	18.4       	11847     	-69.9
2414      	17:40:17  	216.4 	-48.3 	5     	71.9     	255   	69.6       	18.2       	11856     	-69.9
2416      	17:40:19  	216.1 	-48.4 	5     	71.7     	255   	69.4       	18.1       	11866     	-70.0
2418      	17:40:21  	215.8 	-48.4 	5     	71.6     	255   	69.3       	18.1       	11875     	-70.2
2420      	17:40:23  	215.5 	-48.4 	5     	71.5     	255   	69.2       	18.1       	11884     	-70.3
2422      	17:40:25  	215.2 	-48.5 	5     	71.4     	255   	69.1       	18.1       	11894     	-70.4
2424      	17:40:27  	214.9 	-48.5 	5     	71.4     	255   	69.1       	18.1       	11903     	-70.6
2426      	17:40:29  	214.6 	-48.6 	5     	71.3     	255   	69.0       	18.0       	11912     	-70.8
2428      	17:40:31  	214.2 	-48.6 	5     	71.3     	255   	69.0       	18.0       	11922     	-70.9
2430      	17:40:33  	213.9 	-48.7 	5     	71.3     	255   	69.0       	18.0       	11931     	-71.1
2432      	17:40:35  	213.6 	-48.7 	5     	71.4     	255   	69.1       	17.9       	11940     	-71.3
2434      	17:40:37  	213.3 	-48.8 	5     	71.4     	255   	69.1       	17.9       	11950     	-71.4
2436      	17:40:39  	213.0 	-48.8 	5     	71.5     	255   	69.2       	17.9       	11959     	-71.5
2438      	17:40:41  	212.7 	-48.9 	4     	71.5     	255   	69.2       	17.9       	11968     	-71.6
2440      	17:40:43  	212.4 	-48.9 	4     	71.6     	256   	69.3       	17.9       	11978     	-71.7
2442      	17:40:45  	212.1 	-49.0 	4     	71.6     	256   	69.3       	17.9       	11987     	-71.8
2444      	17:40:47  	211.8 	-49.0 	4     	71.6     	256   	69.3       	17.9       	11996     	-71.9
2446      	17:40:49  	211.5 	-49.1 	4     	71.6     	256   	69.3       	17.9       	12006     	-72.0
2448      	17:40:51  	211.2 	-49.2 	4     	71.6     	256   	69.3       	17.9       	12015     	-72.1
2450      	17:40:53  	210.9 	-49.2 	4     	71.4     	255   	69.1       	17.9       	12024     	-72.2
2452      	17:40:55  	210.6 	-49.3 	4     	71.3     	256   	69.0       	17.8       	12034     	-72.3
2454      	17:40:57  	210.3 	-49.4 	4     	71.0     	256   	68.8       	17.7       	12043     	-72.3
2456      	17:40:59  	210.0 	-49.4 	4     	70.9     	256   	68.7       	17.7       	12052     	-72.4
2458      	17:41:01  	209.7 	-49.5 	4     	70.7     	256   	68.5       	17.6       	12062     	-72.5
2460      	17:41:03  	209.4 	-49.5 	4     	70.6     	256   	68.4       	17.5       	12071     	-72.6
2462      	17:41:05  	209.1 	-49.6 	4     	70.4     	256   	68.2       	17.4       	12081     	-72.7
2464      	17:41:07  	208.8 	-49.6 	4     	70.3     	256   	68.1       	17.3       	12090     	-72.8
2466      	17:41:09  	208.5 	-49.7 	4     	70.0     	256   	67.9       	17.2       	12099     	-72.9
2468      	17:41:11  	208.2 	-49.7 	4     	69.9     	256   	67.8       	17.1       	12108     	-73.1
2470      	17:41:13  	207.9 	-49.8 	4     	69.9     	256   	67.8       	17.0       	12118     	-73.2
2472      	17:41:15  	207.7 	-49.8 	4     	69.9     	256   	67.8       	17.0       	12127     	-73.3
2474      	17:41:17  	207.4 	-49.8 	4     	69.9     	256   	67.8       	16.9       	12136     	-73.5
2476      	17:41:19  	207.1 	-49.9 	4     	69.9     	256   	67.8       	16.8       	12145     	-73.6
2478      	17:41:21  	206.8 	-49.9 	4     	69.7     	256   	67.7       	16.7       	12155     	-73.7
2480      	17:41:23  	206.5 	-49.9 	4     	69.7     	256   	67.7       	16.5       	12164     	-73.8
2482      	17:41:25  	206.2 	-49.9 	4     	69.6     	256   	67.6       	16.5       	12173     	-73.9
2484      	17:41:27  	205.9 	-49.9 	3     	69.6     	256   	67.6       	16.4       	12183     	-74.1
2486      	17:41:29  	205.6 	-49.9 	3     	69.5     	256   	67.6       	16.3       	12193     	-74.4
2488      	17:41:31  	205.3 	-49.9 	3     	69.2     	256   	67.2       	16.4       	12203     	-74.6
2490      	17:41:33  	204.9 	-50.0 	3     	68.9     	256   	66.9       	16.5       	12212     	-74.7
2492      	17:41:35  	204.6 	-50.0 	3     	68.7     	256   	66.6       	16.7       	12222     	-74.9
2494      	17:41:37  	204.3 	-50.0 	3     	68.4     	256   	66.3       	16.8       	12232     	-75.1
2496      	17:41:39  	204.0 	-50.0 	3     	68.2     	256   	66.0       	17.0       	12241     	-75.2
2498      	17:41:41  	203.7 	-50.0 	3     	68.0     	255   	65.8       	17.2       	12251     	-75.4
2500      	17:41:43  	203.4 	-50.1 	3     	67.7     	255   	65.4       	17.6       	12260     	-75.5
2502      	17:41:45  	203.1 	-50.1 	3     	67.5     	255   	65.1       	18.0       	12270     	-75.7
2504      	17:41:47  	202.9 	-50.2 	3     	67.3     	254   	64.7       	18.4       	12280     	-75.8
2506      	17:41:49  	202.6 	-50.2 	3     	67.1     	254   	64.4       	18.8       	12289     	-76.0
2508      	17:41:51  	202.3 	-50.3 	3     	67.0     	254   	64.3       	19.0       	12298     	-76.2
2510      	17:41:53  	202.0 	-50.3 	3     	67.0     	253   	64.2       	19.3       	12307     	-76.4
2512      	17:41:55  	201.7 	-50.4 	3     	67.0     	253   	64.1       	19.5       	12317     	-76.6
2514      	17:41:57  	201.4 	-50.4 	2     	67.1     	253   	64.1       	19.8       	12326     	-76.7
2516      	17:41:59  	201.1 	-50.5 	2     	67.2     	253   	64.1       	20.2       	12336     	-76.9
2518      	17:42:01  	200.8 	-50.6 	2     	67.2     	252   	64.0       	20.5       	12345     	-77.0
2520      	17:42:03  	200.5 	-50.6 	2     	67.3     	252   	64.0       	20.7       	12354     	-77.1
2522      	17:42:05  	200.3 	-50.7 	2     	67.4     	252   	64.1       	20.8       	12364     	-77.1
2524      	17:42:07  	200.0 	-50.8 	2     	67.4     	252   	64.1       	20.9       	12373     	-77.2
2526      	17:42:09  	199.7 	-50.9 	2     	67.6     	252   	64.3       	21.0       	12382     	-77.2
2528      	17:42:11  	199.4 	-51.0 	2     	67.8     	252   	64.4       	21.3       	12391     	-77.3
2530      	17:42:13  	199.1 	-51.0 	2     	68.0     	252   	64.5       	21.5       	12401     	-77.4
2532      	17:42:15  	198.8 	-51.1 	2     	68.2     	251   	64.7       	21.7       	12410     	-77.4
2534      	17:42:17  	198.5 	-51.2 	2     	68.3     	251   	64.7       	21.8       	12420     	-77.5
2536      	17:42:19  	198.3 	-51.3 	2     	68.4     	251   	64.8       	22.0       	12429     	-77.6
2538      	17:42:21  	198.0 	-51.4 	2     	68.6     	251   	64.9       	22.1       	12438     	-77.7
2540      	17:42:23  	197.7 	-51.4 	2     	68.7     	251   	65.0       	22.3       	12448     	-77.8
2542      	17:42:25  	197.4 	-51.5 	2     	68.8     	251   	65.0       	22.6       	12457     	-77.9
2544      	17:42:27  	197.1 	-51.6 	2     	69.0     	251   	65.1       	22.8       	12466     	-78.1
2546      	17:42:29  	196.8 	-51.6 	2     	69.0     	251   	65.1       	23.0       	12476     	-78.2
2548      	17:42:31  	196.5 	-51.7 	2     	69.1     	250   	65.1       	23.1       	12485     	-78.3
2550      	17:42:33  	196.3 	-51.8 	2     	69.1     	250   	65.1       	23.2       	12494     	-78.4
2552      	17:42:35  	196.0 	-51.8 	2     	69.2     	250   	65.1       	23.5       	12504     	-78.6
2554      	17:42:37  	195.7 	-51.9 	2     	69.3     	250   	65.1       	23.8       	12513     	-78.7
2556      	17:42:39  	195.4 	-52.0 	2     	69.4     	250   	65.1       	24.1       	12522     	-78.8
2558      	17:42:41  	195.1 	-52.0 	2     	69.5     	249   	65.1       	24.4       	12531     	-78.9
2560      	17:42:43  	194.9 	-52.1 	2     	69.6     	249   	65.1       	24.6       	12541     	-79.0
2562      	17:42:45  	194.6 	-52.2 	2     	69.8     	249   	65.2       	24.8       	12550     	-79.1
2564      	17:42:47  	194.3 	-52.2 	2     	69.9     	249   	65.2       	25.1       	12559     	-79.1
2566      	17:42:49  	194.1 	-52.3 	2     	70.0     	249   	65.2       	25.5       	12568     	-79.2
2568      	17:42:51  	193.8 	-52.3 	2     	70.2     	248   	65.3       	25.8       	12577     	-79.2
2570      	17:42:53  	193.5 	-52.3 	2     	70.3     	248   	65.3       	26.1       	12585     	-79.3
2572      	17:42:55  	193.3 	-52.4 	2     	70.4     	248   	65.3       	26.3       	12594     	-79.3
2574      	17:42:57  	193.0 	-52.5 	2     	70.4     	248   	65.3       	26.4       	12602     	-79.4
2576      	17:42:59  	192.8 	-52.5 	2     	70.5     	248   	65.3       	26.6       	12611     	-79.5
2578      	17:43:01  	192.5 	-52.6 	2     	70.5     	248   	65.3       	26.7       	12620     	-79.6
2580      	17:43:03  	192.2 	-52.6 	2     	70.6     	248   	65.3       	26.8       	12629     	-79.7
2582      	17:43:05  	192.0 	-52.6 	2     	70.8     	248   	65.4       	27.0       	12637     	-79.7
2584      	17:43:07  	191.7 	-52.7 	2     	70.8     	248   	65.4       	27.0       	12646     	-79.9
2586      	17:43:09  	191.4 	-52.7 	2     	70.8     	247   	65.4       	27.1       	12655     	-80.0
2588      	17:43:11  	191.2 	-52.7 	2     	70.9     	248   	65.5       	27.1       	12664     	-80.0
2590      	17:43:13  	190.9 	-52.7 	2     	70.9     	248   	65.6       	26.8       	12673     	-80.1
2592      	17:43:15  	190.6 	-52.8 	2     	70.8     	248   	65.7       	26.4       	12682     	-80.2
2594      	17:43:17  	190.4 	-52.8 	2     	70.8     	248   	65.9       	26.0       	12691     	-80.4
2596      	17:43:19  	190.1 	-52.8 	2     	70.8     	249   	66.0       	25.6       	12700     	-80.5
2598      	17:43:21  	189.8 	-52.8 	2     	70.7     	249   	66.1       	25.2       	12709     	-80.6
2600      	17:43:23  	189.6 	-52.9 	2     	70.7     	249   	66.2       	24.8       	12718     	-80.7
2602      	17:43:25  	189.3 	-52.9 	2     	70.6     	250   	66.3       	24.3       	12727     	-80.8
2604      	17:43:27  	189.1 	-52.9 	2     	70.5     	250   	66.4       	23.6       	12736     	-80.9
2606      	17:43:29  	188.8 	-52.9 	2     	70.3     	251   	66.5       	22.8       	12745     	-81.0
2608      	17:43:31  	188.6 	-53.0 	2     	70.3     	252   	66.7       	22.1       	12753     	-81.0
2610      	17:43:33  	188.3 	-53.0 	2     	70.1     	252   	66.7       	21.5       	12762     	-81.1
2612      	17:43:35  	188.1 	-53.0 	2     	70.0     	252   	66.7       	21.2       	12770     	-81.2
2614      	17:43:37  	187.8 	-53.0 	2     	69.9     	253   	66.7       	20.9       	12779     	-81.2
2616      	17:43:39  	187.6 	-53.1 	2     	69.8     	253   	66.7       	20.5       	12787     	-81.2
2618      	17:43:41  	187.3 	-53.1 	2     	69.6     	253   	66.7       	20.0       	12796     	-81.3
2620      	17:43:43  	187.1 	-53.1 	2     	69.5     	254   	66.7       	19.6       	12804     	-81.3
2622      	17:43:45  	186.8 	-53.2 	2     	69.4     	254   	66.7       	19.1       	12812     	-81.4
2624      	17:43:47  	186.6 	-53.2 	2     	69.4     	254   	66.7       	19.0       	12820     	-81.4
2626      	17:43:49  	186.4 	-53.3 	2     	69.3     	254   	66.7       	18.9       	12828     	-81.4
2628      	17:43:51  	186.1 	-53.3 	2     	69.3     	254   	66.7       	18.7       	12836     	-81.4
2630      	17:43:53  	185.9 	-53.4 	2     	69.1     	254   	66.6       	18.5       	12844     	-81.4
2632      	17:43:55  	185.7 	-53.4 	2     	69.0     	255   	66.5       	18.3       	12852     	-81.4
2634      	17:43:57  	185.5 	-53.5 	2     	68.7     	255   	66.3       	18.1       	12859     	-81.4
2636      	17:43:59  	185.3 	-53.5 	2     	68.6     	255   	66.2       	18.0       	12867     	-81.4
2638      	17:44:01  	185.0 	-53.5 	2     	68.5     	255   	66.1       	17.9       	12875     	-81.4
2640      	17:44:03  	184.8 	-53.6 	2     	68.4     	255   	66.0       	17.9       	12882     	-81.4
2642      	17:44:05  	184.6 	-53.6 	2     	68.3     	255   	65.9       	17.8       	12890     	-81.5
2644      	17:44:07  	184.4 	-53.6 	2     	68.1     	255   	65.8       	17.7       	12897     	-81.5
2646      	17:44:09  	184.2 	-53.7 	2     	67.9     	255   	65.6       	17.6       	12905     	-81.5
2648      	17:44:11  	184.0 	-53.7 	2     	67.8     	255   	65.5       	17.5       	12912     	-81.6
2650      	17:44:13  	183.8 	-53.7 	2     	67.7     	255   	65.4       	17.5       	12919     	-81.6
2652      	17:44:15  	183.5 	-53.7 	2     	67.7     	255   	65.4       	17.5       	12926     	-81.6
2654      	17:44:17  	183.3 	-53.7 	2     	67.6     	255   	65.3       	17.4       	12933     	-81.7
2656      	17:44:19  	183.1 	-53.7 	2     	67.4     	255   	65.1       	17.3       	12940     	-81.7
2658      	17:44:21  	182.9 	-53.7 	2     	67.0     	255   	64.8       	17.2       	12947     	-81.8
2660      	17:44:23  	182.7 	-53.8 	2     	66.8     	255   	64.6       	17.1       	12955     	-81.8
2662      	17:44:25  	182.5 	-53.8 	2     	66.6     	255   	64.4       	17.0       	12962     	-81.8
2664      	17:44:27  	182.3 	-53.8 	2     	66.5     	255   	64.3       	16.9       	12969     	-81.8
2666      	17:44:29  	182.1 	-53.8 	2     	66.3     	255   	64.1       	16.8       	12975     	-81.8
2668      	17:44:31  	181.9 	-53.8 	2     	66.0     	255   	63.9       	16.6       	12982     	-81.8
2670      	17:44:33  	181.7 	-53.8 	2     	65.7     	255   	63.6       	16.5       	12990     	-81.8
2672      	17:44:35  	181.5 	-53.8 	2     	65.4     	256   	63.3       	16.3       	12998     	-81.8
2674      	17:44:37  	181.3 	-53.9 	2     	65.1     	256   	63.1       	16.1       	13005     	-81.7
2676      	17:44:39  	181.1 	-53.9 	2     	65.0     	256   	63.0       	16.0       	13012     	-81.7
2678      	17:44:41  	180.9 	-53.9 	2     	64.9     	256   	62.9       	15.9       	13019     	-81.7
2680      	17:44:43  	180.7 	-53.9 	2     	64.8     	256   	62.8       	15.8       	13026     	-81.7
2682      	17:44:45  	180.5 	-54.0 	2     	64.4     	256   	62.5       	15.7       	13033     	-81.8
2684      	17:44:47  	180.3 	-54.0 	2     	64.2     	256   	62.3       	15.5       	13039     	-81.8
2686      	17:44:49  	180.2 	-54.0 	2     	64.0     	256   	62.1       	15.3       	13046     	-81.8
2688      	17:44:51  	180.0 	-54.1 	2     	63.8     	256   	62.0       	15.2       	13052     	-81.8
2690      	17:44:53  	179.8 	-54.1 	2     	63.6     	256   	61.8       	15.1       	13059     	-81.8
2692      	17:44:55  	179.6 	-54.1 	2     	63.5     	256   	61.7       	15.0       	13065     	-81.8
2694      	17:44:57  	179.4 	-54.2 	2     	63.3     	256   	61.5       	14.9       	13072     	-81.9
2696      	17:44:59  	179.2 	-54.2 	2     	63.0     	257   	61.3       	14.7       	13079     	-81.9
2698      	17:45:01  	179.0 	-54.3 	2     	62.8     	257   	61.1       	14.5       	13086     	-81.9
2700      	17:45:03  	178.9 	-54.3 	2     	62.6     	257   	60.9       	14.3       	13093     	-82.0
2702      	17:45:05  	178.7 	-54.3 	2     	62.5     	257   	60.8       	14.3       	13100     	-82.0
2704      	17:45:07  	178.5 	-54.4 	2     	62.2     	257   	60.6       	14.2       	13107     	-82.0
2706      	17:45:09  	178.3 	-54.4 	2     	62.1     	257   	60.5       	14.1       	13114     	-82.1
2708      	17:45:11  	178.1 	-54.4 	2     	61.9     	257   	60.3       	14.0       	13121     	-82.1
2710      	17:45:13  	177.9 	-54.5 	2     	61.6     	257   	60.0       	13.9       	13128     	-82.1
2712      	17:45:15  	177.7 	-54.5 	2     	61.4     	257   	59.8       	13.8       	13136     	-82.1
2714      	17:45:17  	177.5 	-54.5 	2     	61.2     	257   	59.6       	13.7       	13143     	-82.1
2716      	17:45:19  	177.3 	-54.6 	2     	61.0     	257   	59.4       	13.7       	13150     	-82.1
2718      	17:45:21  	177.1 	-54.6 	2     	60.9     	257   	59.3       	13.7       	13157     	-82.2
2720      	17:45:23  	176.9 	-54.6 	2     	60.7     	257   	59.1       	13.8       	13164     	-82.2
2722      	17:45:25  	176.7 	-54.7 	2     	60.4     	257   	58.8       	13.9       	13171     	-82.2
2724      	17:45:27  	176.5 	-54.7 	2     	60.2     	256   	58.5       	14.1       	13178     	-82.2
2726      	17:45:29  	176.3 	-54.7 	2     	60.0     	256   	58.3       	14.2       	13185     	-82.2
2728      	17:45:31  	176.1 	-54.8 	2     	59.8     	256   	58.1       	14.3       	13192     	-82.2
2730      	17:45:33  	175.9 	-54.8 	2     	59.8     	256   	58.0       	14.5       	13199     	-82.2
2732      	17:45:35  	175.7 	-54.9 	2     	59.7     	256   	57.9       	14.6       	13207     	-82.2
2734      	17:45:37  	175.5 	-54.9 	2     	59.7     	256   	57.8       	14.9       	13214     	-82.3
2736      	17:45:39  	175.3 	-54.9 	2     	59.7     	255   	57.8       	15.1       	13221     	-82.3
2738      	17:45:41  	175.1 	-55.0 	2     	59.7     	255   	57.7       	15.3       	13228     	-82.3
2740      	17:45:43  	174.9 	-55.0 	2     	59.8     	255   	57.8       	15.4       	13235     	-82.4
2742      	17:45:45  	174.7 	-55.1 	2     	59.9     	255   	57.9       	15.5       	13242     	-82.4
2744      	17:45:47  	174.5 	-55.1 	2     	60.0     	255   	57.9       	15.6       	13249     	-82.4
2746      	17:45:49  	174.3 	-55.2 	2     	60.2     	255   	58.1       	15.7       	13256     	-82.5
2748      	17:45:51  	174.1 	-55.3 	2     	60.3     	255   	58.2       	15.9       	13264     	-82.5
2750      	17:45:53  	173.9 	-55.3 	2     	60.5     	255   	58.3       	16.0       	13271     	-82.6
2752      	17:45:55  	173.7 	-55.4 	2     	60.6     	255   	58.4       	16.0       	13278     	-82.6
2754      	17:45:57  	173.5 	-55.4 	2     	60.7     	255   	58.5       	16.1       	13286     	-82.7
2756      	17:45:59  	173.3 	-55.5 	2     	60.7     	255   	58.5       	16.1       	13293     	-82.7
2758      	17:46:01  	173.1 	-55.5 	2     	60.8     	255   	58.6       	16.1       	13301     	-82.7
2760      	17:46:03  	172.9 	-55.6 	2     	60.9     	255   	58.7       	16.1       	13308     	-82.7
2762      	17:46:05  	172.7 	-55.6 	2     	60.9     	255   	58.7       	16.1       	13315     	-82.8
2764      	17:46:07  	172.5 	-55.7 	2     	61.0     	255   	58.8       	16.1       	13322     	-82.8
2766      	17:46:09  	172.3 	-55.7 	2     	61.1     	255   	58.9       	16.1       	13329     	-82.8
2768      	17:46:11  	172.1 	-55.8 	2     	61.0     	255   	58.9       	16.0       	13336     	-82.9
2770      	17:46:13  	171.9 	-55.8 	2     	61.0     	255   	58.9       	16.0       	13344     	-82.9
2772      	17:46:15  	171.7 	-55.8 	2     	61.0     	255   	58.9       	16.0       	13351     	-82.9
2774      	17:46:17  	171.5 	-55.9 	2     	61.1     	255   	59.0       	16.0       	13359     	-83.0
2776      	17:46:19  	171.3 	-55.9 	2     	61.1     	255   	59.0       	15.9       	13366     	-83.0
2778      	17:46:21  	171.1 	-55.9 	2     	61.1     	255   	59.0       	15.9       	13374     	-83.0
2780      	17:46:23  	170.9 	-55.9 	2     	61.1     	255   	59.0       	15.9       	13381     	-83.1
2782      	17:46:25  	170.7 	-55.9 	2     	61.1     	255   	59.0       	16.0       	13389     	-83.1
2784      	17:46:27  	170.5 	-55.9 	2     	60.9     	255   	58.8       	15.9       	13396     	-83.1
2786      	17:46:29  	170.3 	-56.0 	2     	60.6     	255   	58.5       	15.8       	13404     	-83.2
2788      	17:46:31  	170.1 	-56.0 	2     	60.4     	255   	58.3       	15.8       	13411     	-83.2
2790      	17:46:33  	169.9 	-56.0 	2     	60.1     	255   	58.0       	15.7       	13419     	-83.2
2792      	17:46:35  	169.7 	-56.0 	2     	59.9     	255   	57.8       	15.6       	13426     	-83.2
2794      	17:46:37  	169.5 	-56.0 	2     	59.6     	255   	57.6       	15.5       	13434     	-83.2
2796      	17:46:39  	169.3 	-56.0 	2     	59.3     	255   	57.3       	15.4       	13442     	-83.2
2798      	17:46:41  	169.1 	-56.0 	2     	58.9     	255   	56.8       	15.4       	13449     	-83.2
2800      	17:46:43  	168.9 	-56.0 	2     	58.2     	255   	56.2       	15.3       	13457     	-83.2
2802      	17:46:45  	168.7 	-56.0 	2     	57.7     	255   	55.7       	15.2       	13464     	-83.2
2804      	17:46:47  	168.5 	-56.0 	2     	57.4     	255   	55.3       	15.2       	13472     	-83.1
2806      	17:46:49  	168.3 	-56.0 	2     	57.1     	255   	55.0       	15.2       	13480     	-83.1
2808      	17:46:51  	168.1 	-56.0 	2     	56.8     	254   	54.7       	15.2       	13487     	-83.1
2810      	17:46:53  	167.9 	-56.1 	2     	56.4     	254   	54.3       	15.2       	13495     	-83.1
2812      	17:46:55  	167.7 	-56.1 	2     	55.8     	254   	53.7       	15.2       	13503     	-83.1
2814      	17:46:57  	167.5 	-56.1 	2     	55.3     	254   	53.2       	15.2       	13511     	-83.1
2816      	17:46:59  	167.3 	-56.2 	2     	54.8     	254   	52.7       	15.2       	13519     	-83.1
2818      	17:47:01  	167.1 	-56.2 	2     	54.6     	254   	52.4       	15.2       	13527     	-83.2
2820      	17:47:03  	166.9 	-56.2 	2     	54.4     	254   	52.2       	15.2       	13535     	-83.2
2822      	17:47:05  	166.6 	-56.2 	2     	54.1     	254   	51.9       	15.1       	13543     	-83.2
2824      	17:47:07  	166.4 	-56.3 	2     	53.6     	254   	51.4       	15.1       	13551     	-83.3
2826      	17:47:09  	166.2 	-56.3 	2     	53.2     	254   	51.0       	15.1       	13559     	-83.3
2828      	17:47:11  	166.0 	-56.4 	2     	52.7     	253   	50.5       	15.1       	13567     	-83.3
2830      	17:47:13  	165.8 	-56.4 	2     	52.3     	253   	50.1       	15.1       	13575     	-83.4
2832      	17:47:15  	165.6 	-56.4 	2     	52.1     	253   	49.9       	15.1       	13583     	-83.4
2834      	17:47:17  	165.4 	-56.5 	2     	51.8     	253   	49.6       	15.1       	13590     	-83.4
2836      	17:47:19  	165.2 	-56.5 	2     	51.5     	253   	49.2       	15.1       	13598     	-83.4
2838      	17:47:21  	165.0 	-56.6 	2     	51.0     	253   	48.7       	15.2       	13606     	-83.4
2840      	17:47:23  	164.8 	-56.6 	2     	50.5     	252   	48.2       	15.2       	13614     	-83.4
2842      	17:47:25  	164.6 	-56.6 	2     	50.0     	252   	47.6       	15.2       	13623     	-83.5
2844      	17:47:27  	164.3 	-56.7 	2     	49.8     	252   	47.4       	15.2       	13631     	-83.5
2846      	17:47:29  	164.1 	-56.7 	2     	49.5     	252   	47.1       	15.2       	13640     	-83.5
2848      	17:47:31  	163.9 	-56.8 	2     	49.2     	252   	46.8       	15.2       	13648     	-83.5
2850      	17:47:33  	163.7 	-56.8 	2     	48.7     	252   	46.3       	15.2       	13657     	-83.6
2852      	17:47:35  	163.5 	-56.9 	2     	48.3     	252   	45.9       	15.1       	13665     	-83.6
2854      	17:47:37  	163.3 	-56.9 	2     	47.8     	252   	45.4       	15.1       	13673     	-83.6
2856      	17:47:39  	163.0 	-57.0 	2     	47.5     	252   	45.1       	15.0       	13682     	-83.6
2858      	17:47:41  	162.8 	-57.1 	2     	47.3     	252   	44.9       	14.9       	13690     	-83.7
2860      	17:47:43  	162.6 	-57.1 	2     	47.1     	252   	44.7       	14.9       	13698     	-83.7
2862      	17:47:45  	162.4 	-57.2 	2     	46.8     	252   	44.4       	14.7       	13706     	-83.7
2864      	17:47:47  	162.2 	-57.2 	2     	46.4     	252   	44.1       	14.5       	13715     	-83.8
2866      	17:47:49  	162.0 	-57.3 	2     	46.2     	252   	43.9       	14.4       	13723     	-83.8
2868      	17:47:51  	161.8 	-57.3 	2     	45.9     	252   	43.6       	14.2       	13731     	-83.8
2870      	17:47:53  	161.6 	-57.4 	2     	45.7     	252   	43.5       	14.0       	13740     	-83.9
2872      	17:47:55  	161.3 	-57.4 	2     	45.6     	252   	43.4       	13.9       	13748     	-84.0
2874      	17:47:57  	161.1 	-57.5 	2     	45.4     	252   	43.3       	13.8       	13756     	-84.0
2876      	17:47:59  	160.9 	-57.6 	2     	45.3     	252   	43.2       	13.7       	13765     	-84.1
2878      	17:48:01  	160.7 	-57.6 	2     	45.1     	252   	43.0       	13.6       	13774     	-84.1
2880      	17:48:03  	160.4 	-57.7 	2     	45.0     	252   	42.9       	13.6       	13784     	-84.2
2882      	17:48:05  	160.2 	-57.7 	2     	44.9     	252   	42.8       	13.5       	13792     	-84.3
2884      	17:48:07  	160.0 	-57.8 	2     	44.8     	252   	42.7       	13.6       	13801     	-84.3
2886      	17:48:09  	159.8 	-57.8 	2     	44.8     	252   	42.7       	13.6       	13810     	-84.4
2888      	17:48:11  	159.5 	-57.9 	2     	44.8     	252   	42.6       	13.9       	13819     	-84.4
2890      	17:48:13  	159.3 	-57.9 	2     	44.9     	251   	42.6       	14.3       	13828     	-84.5
2892      	17:48:15  	159.1 	-58.0 	2     	45.0     	251   	42.5       	14.7       	13837     	-84.5
2894      	17:48:17  	158.8 	-58.0 	2     	45.1     	250   	42.5       	15.1       	13846     	-84.5
2896      	17:48:19  	158.6 	-58.0 	2     	45.1     	250   	42.4       	15.5       	13856     	-84.5
2898      	17:48:21  	158.4 	-58.1 	2     	45.3     	249   	42.4       	15.9       	13865     	-84.6
2900      	17:48:23  	158.2 	-58.1 	2     	45.7     	249   	42.6       	16.5       	13873     	-84.6
2902      	17:48:25  	157.9 	-58.2 	2     	46.1     	248   	42.8       	17.2       	13882     	-84.6
2904      	17:48:27  	157.7 	-58.2 	2     	46.6     	247   	43.0       	17.9       	13890     	-84.7
2906      	17:48:29  	157.5 	-58.3 	2     	46.9     	247   	43.1       	18.6       	13899     	-84.7
2908      	17:48:31  	157.3 	-58.3 	2     	47.3     	246   	43.3       	19.1       	13908     	-84.7
2910      	17:48:33  	157.1 	-58.4 	2     	47.6     	246   	43.5       	19.4       	13918     	-84.7
2912      	17:48:35  	156.8 	-58.4 	2     	48.1     	246   	43.8       	19.8       	13927     	-84.8
2914      	17:48:37  	156.6 	-58.5 	2     	48.4     	245   	44.0       	20.2       	13936     	-84.8
2916      	17:48:39  	156.4 	-58.6 	2     	48.8     	245   	44.2       	20.7       	13946     	-84.8
2918      	17:48:41  	156.1 	-58.6 	2     	49.2     	244   	44.4       	21.2       	13955     	-84.8
2920      	17:48:43  	155.9 	-58.7 	2     	49.3     	244   	44.4       	21.4       	13965     	-84.8
2922      	17:48:45  	155.6 	-58.8 	2     	49.4     	244   	44.5       	21.5       	13975     	-84.9
2924      	17:48:47  	155.4 	-58.9 	2     	49.5     	244   	44.5       	21.6       	13985     	-84.9
2926      	17:48:49  	155.1 	-58.9 	2     	49.6     	244   	44.5       	21.8       	13995     	-84.9
2928      	17:48:51  	154.9 	-59.0 	2     	49.9     	244   	44.7       	22.2       	14004     	-85.0
2930      	17:48:53  	154.7 	-59.1 	2     	50.3     	243   	44.9       	22.6       	14014     	-85.0
2932      	17:48:55  	154.4 	-59.2 	2     	50.5     	243   	45.0       	22.9       	14024     	-85.1
2934      	17:48:57  	154.2 	-59.3 	2     	50.8     	243   	45.2       	23.2       	14033     	-85.1
2936      	17:48:59  	153.9 	-59.4 	2     	51.0     	243   	45.3       	23.5       	14043     	-85.2
2938      	17:49:01  	153.7 	-59.5 	2     	51.3     	242   	45.5       	23.7       	14053     	-85.3
2940      	17:49:03  	153.5 	-59.6 	2     	51.6     	242   	45.6       	24.1       	14063     	-85.3
2942      	17:49:05  	153.2 	-59.7 	2     	51.9     	242   	45.8       	24.4       	14073     	-85.4
2944      	17:49:07  	153.0 	-59.8 	2     	52.3     	242   	46.0       	24.8       	14082     	-85.5
2946      	17:49:09  	152.7 	-59.9 	2     	52.4     	242   	46.1       	25.0       	14092     	-85.5
2948      	17:49:11  	152.5 	-59.9 	2     	52.5     	241   	46.1       	25.1       	14102     	-85.6
2950      	17:49:13  	152.2 	-60.0 	2     	52.5     	241   	46.1       	25.2       	14112     	-85.7
2952      	17:49:15  	152.0 	-60.1 	2     	52.8     	241   	46.3       	25.4       	14122     	-85.7
2954      	17:49:17  	151.8 	-60.2 	2     	53.0     	241   	46.4       	25.7       	14132     	-85.8
2956      	17:49:19  	151.5 	-60.3 	2     	53.3     	241   	46.6       	25.9       	14142     	-85.9
2958      	17:49:21  	151.3 	-60.3 	2     	53.6     	241   	46.8       	26.2       	14152     	-85.9
2960      	17:49:23  	151.0 	-60.4 	2     	53.8     	241   	46.9       	26.3       	14162     	-86.0
2962      	17:49:25  	150.8 	-60.5 	2     	54.0     	241   	47.0       	26.5       	14172     	-86.0
2964      	17:49:27  	150.6 	-60.5 	2     	54.2     	241   	47.2       	26.6       	14181     	-86.0
2966      	17:49:29  	150.3 	-60.6 	2     	54.5     	241   	47.5       	26.8       	14191     	-86.0
2968      	17:49:31  	150.1 	-60.7 	2     	55.0     	241   	47.9       	27.0       	14200     	-86.1
2970      	17:49:33  	149.9 	-60.7 	2     	55.3     	241   	48.2       	27.2       	14210     	-86.1
2972      	17:49:35  	149.6 	-60.8 	2     	55.7     	241   	48.5       	27.3       	14220     	-86.2
2974      	17:49:37  	149.4 	-60.8 	2     	55.8     	241   	48.7       	27.3       	14230     	-86.2
2976      	17:49:39  	149.2 	-60.9 	2     	56.1     	241   	48.9       	27.4       	14240     	-86.3
2978      	17:49:41  	148.9 	-60.9 	2     	56.3     	241   	49.2       	27.3       	14250     	-86.3
2980      	17:49:43  	148.7 	-61.0 	2     	56.5     	241   	49.6       	27.0       	14259     	-86.4
2982      	17:49:45  	148.5 	-61.0 	2     	56.6     	242   	49.9       	26.8       	14269     	-86.4
2984      	17:49:47  	148.2 	-61.1 	2     	56.9     	242   	50.3       	26.6       	14279     	-86.5
2986      	17:49:49  	148.0 	-61.1 	2     	56.8     	242   	50.4       	26.3       	14289     	-86.5
2988      	17:49:51  	147.8 	-61.2 	2     	56.9     	243   	50.6       	26.0       	14299     	-86.5
2990      	17:49:53  	147.5 	-61.2 	2     	56.9     	243   	50.8       	25.7       	14309     	-86.6
2992      	17:49:55  	147.3 	-61.2 	2     	56.8     	244   	51.0       	24.9       	14319     	-86.6
2994      	17:49:57  	147.0 	-61.3 	2     	56.6     	245   	51.2       	24.2       	14330     	-86.7
2996      	17:49:59  	146.8 	-61.3 	2     	56.5     	245   	51.4       	23.5       	14339     	-86.7
2998      	17:50:01  	146.6 	-61.3 	2     	56.4     	246   	51.5       	22.9       	14349     	-86.7
3000      	17:50:03  	146.3 	-61.3 	2     	56.2     	246   	51.5       	22.5       	14359     	-86.7
3002      	17:50:05  	146.1 	-61.4 	2     	56.1     	247   	51.6       	22.1       	14369     	-86.8
3004      	17:50:07  	145.8 	-61.4 	2     	55.9     	247   	51.6       	21.4       	14379     	-86.8
3006      	17:50:09  	145.6 	-61.4 	2     	55.4     	248   	51.5       	20.4       	14389     	-86.9
3008      	17:50:11  	145.4 	-61.5 	2     	55.1     	249   	51.5       	19.5       	14400     	-86.9
3010      	17:50:13  	145.1 	-61.5 	2     	54.7     	250   	51.4       	18.6       	14410     	-87.0
3012      	17:50:15  	144.9 	-61.5 	2     	54.5     	251   	51.4       	18.1       	14420     	-87.0
3014      	17:50:17  	144.7 	-61.5 	2     	54.3     	251   	51.3       	17.7       	14430     	-87.0
3016      	17:50:19  	144.4 	-61.6 	2     	54.0     	252   	51.2       	17.1       	14440     	-87.0
3018      	17:50:21  	144.2 	-61.6 	2     	53.6     	252   	51.1       	16.2       	14450     	-87.0
3020      	17:50:23  	144.0 	-61.6 	2     	53.1     	253   	50.9       	15.2       	14459     	-87.0
3022      	17:50:25  	143.8 	-61.7 	2     	52.7     	254   	50.7       	14.3       	14468     	-87.0
3024      	17:50:27  	143.5 	-61.7 	2     	52.4     	255   	50.6       	13.6       	14478     	-87.0
3026      	17:50:29  	143.3 	-61.7 	2     	52.3     	255   	50.6       	13.1       	14488     	-87.0
3028      	17:50:31  	143.1 	-61.7 	2     	52.1     	256   	50.5       	12.7       	14498     	-87.1
3030      	17:50:33  	142.8 	-61.7 	2     	51.7     	257   	50.3       	11.9       	14509     	-87.1
3032      	17:50:35  	142.6 	-61.7 	2     	51.4     	258   	50.2       	10.9       	14521     	-87.2
3034      	17:50:37  	142.3 	-61.7 	2     	51.0     	259   	50.0       	9.9        	14532     	-87.2
3036      	17:50:39  	142.1 	-61.7 	2     	50.6     	260   	49.8       	9.0        	14542     	-87.3
3038      	17:50:41  	141.8 	-61.7 	2     	50.4     	260   	49.7       	8.5        	14553     	-87.3
3040      	17:50:43  	141.6 	-61.7 	2     	50.2     	261   	49.6       	8.0        	14564     	-87.4
3042      	17:50:45  	141.3 	-61.7 	2     	50.1     	261   	49.5       	7.4        	14575     	-87.4
3044      	17:50:47  	141.1 	-61.8 	2     	49.5     	263   	49.1       	6.4        	14587     	-87.4
3046      	17:50:49  	140.8 	-61.8 	2     	49.0     	264   	48.7       	5.3        	14597     	-87.4
3048      	17:50:51  	140.6 	-61.8 	2     	48.5     	265   	48.3       	4.3        	14607     	-87.4
3050      	17:50:53  	140.4 	-61.8 	2     	48.1     	266   	48.0       	3.5        	14616     	-87.4
3052      	17:50:55  	140.2 	-61.8 	2     	47.8     	267   	47.7       	2.9        	14625     	-87.4
3054      	17:50:57  	139.9 	-61.8 	2     	47.6     	267   	47.5       	2.4        	14635     	-87.4
3056      	17:50:59  	139.7 	-61.8 	2     	47.0     	268   	47.0       	1.6        	14644     	-87.4
3058      	17:51:01  	139.5 	-61.8 	2     	46.5     	269   	46.5       	0.7        	14653     	-87.4
3060      	17:51:03  	139.3 	-61.8 	2     	46.0     	270   	46.0       	-0.2       	14663     	-87.4
3062      	17:51:05  	139.1 	-61.8 	2     	45.5     	271   	45.5       	-1.0       	14672     	-87.3
3064      	17:51:07  	138.9 	-61.8 	2     	45.2     	272   	45.2       	-1.4       	14681     	-87.3
3066      	17:51:09  	138.7 	-61.8 	2     	45.0     	272   	45.0       	-1.7       	14691     	-87.3
3068      	17:51:11  	138.5 	-61.8 	2     	44.5     	273   	44.5       	-2.1       	14700     	-87.3
3070      	17:51:13  	138.3 	-61.9 	2     	44.0     	273   	43.9       	-2.6       	14709     	-87.3
3072      	17:51:15  	138.1 	-61.9 	2     	43.5     	274   	43.4       	-3.0       	14718     	-87.3
3074      	17:51:17  	137.9 	-61.9 	2     	42.9     	275   	42.8       	-3.5       	14728     	-87.3
3076      	17:51:19  	137.7 	-62.0 	2     	42.6     	275   	42.4       	-3.7       	14737     	-87.3
3078      	17:51:21  	137.4 	-62.0 	2     	42.2     	275   	42.0       	-3.9       	14746     	-87.3
3080      	17:51:23  	137.2 	-62.0 	2     	41.9     	276   	41.7       	-4.1       	14756     	-87.3
3082      	17:51:25  	137.0 	-62.0 	2     	41.2     	276   	41.0       	-4.4       	14765     	-87.3
3084      	17:51:27  	136.8 	-62.1 	2     	40.6     	277   	40.3       	-4.6       	14774     	-87.3
3086      	17:51:29  	136.6 	-62.1 	2     	39.9     	277   	39.6       	-4.9       	14782     	-87.3
3088      	17:51:31  	136.5 	-62.1 	2     	39.4     	277   	39.1       	-5.1       	14791     	-87.4
3090      	17:51:33  	136.3 	-62.2 	2     	39.1     	278   	38.8       	-5.2       	14800     	-87.4
3092      	17:51:35  	136.1 	-62.2 	2     	38.8     	278   	38.4       	-5.4       	14809     	-87.4
3094      	17:51:37  	135.9 	-62.2 	2     	38.3     	278   	37.9       	-5.5       	14818     	-87.4
3096      	17:51:39  	135.7 	-62.3 	2     	37.5     	278   	37.1       	-5.5       	14827     	-87.4
3098      	17:51:41  	135.5 	-62.3 	2     	36.7     	279   	36.3       	-5.6       	14836     	-87.4
3100      	17:51:43  	135.3 	-62.3 	2     	36.1     	279   	35.6       	-5.7       	14845     	-87.5
3102      	17:51:45  	135.1 	-62.4 	2     	35.6     	279   	35.2       	-5.6       	14854     	-87.5
3104      	17:51:47  	134.9 	-62.4 	2     	35.2     	279   	34.8       	-5.5       	14863     	-87.5
3106      	17:51:49  	134.7 	-62.4 	2     	34.7     	279   	34.3       	-5.5       	14872     	-87.6
3108      	17:51:51  	134.5 	-62.4 	2     	34.1     	279   	33.7       	-5.3       	14881     	-87.6
3110      	17:51:53  	134.3 	-62.5 	2     	33.4     	279   	33.0       	-5.2       	14889     	-87.7
3112      	17:51:55  	134.1 	-62.5 	2     	32.8     	279   	32.4       	-5.1       	14898     	-87.7
3114      	17:51:57  	133.9 	-62.5 	2     	32.4     	279   	32.0       	-5.0       	14906     	-87.7
3116      	17:51:59  	133.7 	-62.5 	2     	32.2     	279   	31.8       	-4.9       	14915     	-87.7
3118      	17:52:01  	133.6 	-62.6 	2     	31.9     	279   	31.5       	-4.8       	14924     	-87.7
3120      	17:52:03  	133.4 	-62.6 	2     	31.5     	278   	31.2       	-4.6       	14932     	-87.7
3122      	17:52:05  	133.2 	-62.6 	2     	31.0     	278   	30.7       	-4.3       	14940     	-87.8
3124      	17:52:07  	133.0 	-62.6 	2     	30.5     	278   	30.2       	-4.1       	14949     	-87.7
3126      	17:52:09  	132.8 	-62.6 	2     	29.9     	277   	29.7       	-3.8       	14957     	-87.7
3128      	17:52:11  	132.7 	-62.7 	2     	29.7     	277   	29.5       	-3.6       	14965     	-87.7
3130      	17:52:13  	132.5 	-62.7 	2     	29.5     	277   	29.3       	-3.4       	14973     	-87.8
3132      	17:52:15  	132.3 	-62.7 	2     	29.2     	276   	29.0       	-3.2       	14982     	-87.8
3134      	17:52:17  	132.1 	-62.7 	2     	28.6     	276   	28.5       	-2.9       	14991     	-87.8
3136      	17:52:19  	131.9 	-62.7 	2     	28.1     	275   	28.0       	-2.5       	14999     	-87.8
3138      	17:52:21  	131.8 	-62.7 	2     	27.6     	275   	27.5       	-2.2       	15007     	-87.8
3140      	17:52:23  	131.6 	-62.7 	2     	27.2     	274   	27.1       	-1.9       	15015     	-87.8
3142      	17:52:25  	131.4 	-62.8 	2     	26.9     	274   	26.8       	-1.8       	15024     	-87.8
3144      	17:52:27  	131.2 	-62.8 	2     	26.6     	273   	26.6       	-1.6       	15032     	-87.8
3146      	17:52:29  	131.0 	-62.7 	2     	26.3     	273   	26.3       	-1.2       	15041     	-87.8
3148      	17:52:31  	130.9 	-62.7 	2     	26.1     	272   	26.1       	-0.7       	15049     	-87.8
3150      	17:52:33  	130.7 	-62.7 	2     	25.8     	270   	25.8       	-0.2       	15058     	-87.8
3152      	17:52:35  	130.5 	-62.7 	2     	25.6     	269   	25.6       	0.3        	15066     	-87.9
3154      	17:52:37  	130.3 	-62.7 	2     	25.6     	268   	25.6       	0.7        	15074     	-87.9
3156      	17:52:39  	130.2 	-62.7 	2     	25.6     	268   	25.6       	1.1        	15082     	-87.9
3158      	17:52:41  	130.0 	-62.7 	2     	25.7     	267   	25.7       	1.5        	15091     	-87.8
3160      	17:52:43  	129.8 	-62.7 	2     	26.0     	265   	25.9       	2.2        	15100     	-87.8
3162      	17:52:45  	129.6 	-62.7 	2     	26.4     	263   	26.2       	3.0        	15108     	-87.8
3164      	17:52:47  	129.4 	-62.7 	2     	26.8     	262   	26.5       	3.7        	15116     	-87.8
3166      	17:52:49  	129.3 	-62.7 	2     	27.1     	261   	26.8       	4.3        	15125     	-87.8
3168      	17:52:51  	129.1 	-62.7 	2     	27.4     	260   	27.0       	4.7        	15133     	-87.8
3170      	17:52:53  	128.9 	-62.7 	2     	27.8     	260   	27.3       	5.0        	15141     	-87.7
3172      	17:52:55  	128.7 	-62.6 	2     	28.2     	259   	27.7       	5.5        	15150     	-87.7
3174      	17:52:57  	128.6 	-62.6 	2     	28.9     	258   	28.2       	6.1        	15158     	-87.7
3176      	17:52:59  	128.4 	-62.6 	2     	29.4     	257   	28.7       	6.6        	15166     	-87.8
3178      	17:53:01  	128.2 	-62.6 	2     	30.1     	256   	29.2       	7.1        	15174     	-87.8
3180      	17:53:03  	128.0 	-62.6 	2     	30.4     	256   	29.5       	7.3        	15183     	-87.8
3182      	17:53:05  	127.8 	-62.6 	2     	30.6     	256   	29.7       	7.4        	15193     	-87.9
3184      	17:53:07  	127.6 	-62.6 	2     	30.9     	256   	29.9       	7.6        	15202     	-87.9
3186      	17:53:09  	127.5 	-62.6 	2     	30.7     	256   	29.8       	7.4        	15212     	-87.9
3188      	17:53:11  	127.3 	-62.6 	2     	30.6     	256   	29.7       	7.3        	15221     	-87.9
3190      	17:53:13  	127.1 	-62.6 	2     	30.4     	256   	29.5       	7.2        	15230     	-87.9
3192      	17:53:15  	126.9 	-62.6 	2     	30.1     	257   	29.3       	7.0        	15239     	-87.9
3194      	17:53:17  	126.7 	-62.6 	2     	29.7     	257   	28.9       	6.7        	15248     	-87.9
3196      	17:53:19  	126.5 	-62.6 	2     	29.2     	257   	28.5       	6.4        	15257     	-87.9
3198      	17:53:21  	126.3 	-62.6 	2     	28.5     	258   	27.8       	6.1        	15266     	-87.9
3200      	17:53:23  	126.1 	-62.6 	2     	27.6     	258   	27.0       	5.8        	15275     	-87.9
3202      	17:53:25  	126.0 	-62.6 	2     	26.7     	258   	26.1       	5.5        	15284     	-87.9
3204      	17:53:27  	125.8 	-62.5 	2     	25.8     	258   	25.3       	5.2        	15293     	-87.8
3206      	17:53:29  	125.6 	-62.5 	2     	25.3     	258   	24.8       	5.2        	15302     	-87.8
3208      	17:53:31  	125.4 	-62.5 	2     	24.9     	258   	24.3       	5.2        	15311     	-87.8
3210      	17:53:33  	125.2 	-62.5 	2     	24.4     	258   	23.8       	5.2        	15320     	-87.7
3212      	17:53:35  	125.1 	-62.5 	2     	23.7     	257   	23.1       	5.4        	15329     	-87.7
3214      	17:53:37  	124.9 	-62.5 	2     	23.1     	256   	22.4       	5.6        	15338     	-87.7
3216      	17:53:39  	124.7 	-62.5 	2     	22.5     	255   	21.7       	5.8        	15346     	-87.7
3218      	17:53:41  	124.5 	-62.5 	2     	22.1     	254   	21.3       	6.0        	15355     	-87.7
3220      	17:53:43  	124.3 	-62.5 	2     	21.9     	254   	21.0       	6.2        	15364     	-87.7
3222      	17:53:45  	124.1 	-62.4 	2     	21.8     	253   	20.8       	6.4        	15374     	-87.7
3224      	17:53:47  	124.0 	-62.4 	2     	21.5     	252   	20.4       	6.7        	15383     	-87.7
3226      	17:53:49  	123.8 	-62.4 	2     	21.1     	250   	19.9       	7.1        	15392     	-87.6
3228      	17:53:51  	123.6 	-62.4 	2     	20.8     	249   	19.4       	7.5        	15400     	-87.6
3230      	17:53:53  	123.4 	-62.4 	2     	20.5     	248   	19.0       	7.8        	15409     	-87.6
3232      	17:53:55  	123.3 	-62.4 	2     	20.3     	247   	18.7       	8.0        	15417     	-87.5
3234      	17:53:57  	123.1 	-62.4 	2     	20.2     	246   	18.5       	8.2        	15425     	-87.5
3236      	17:53:59  	122.9 	-62.4 	2     	19.9     	245   	18.0       	8.4        	15434     	-87.5
3238      	17:54:01  	122.8 	-62.4 	2     	19.5     	244   	17.5       	8.7        	15443     	-87.5
3240      	17:54:03  	122.6 	-62.4 	2     	19.2     	242   	16.9       	9.1        	15452     	-87.5
3242      	17:54:05  	122.4 	-62.4 	2     	18.8     	240   	16.3       	9.4        	15462     	-87.5
3244      	17:54:07  	122.2 	-62.5 	2     	18.6     	239   	15.9       	9.6        	15471     	-87.5
3246      	17:54:09  	122.0 	-62.5 	2     	18.4     	238   	15.6       	9.8        	15480     	-87.5
3248      	17:54:11  	121.9 	-62.5 	2     	18.2     	237   	15.3       	9.9        	15489     	-87.6
3250      	17:54:13  	121.7 	-62.5 	2     	17.9     	236   	14.8       	10.1       	15497     	-87.6
3252      	17:54:15  	121.5 	-62.6 	2     	17.6     	234   	14.3       	10.3       	15505     	-87.6
3254      	17:54:17  	121.4 	-62.6 	2     	17.3     	233   	13.8       	10.5       	15514     	-87.6
3256      	17:54:19  	121.2 	-62.6 	2     	17.1     	232   	13.4       	10.6       	15523     	-87.6
3258      	17:54:21  	121.0 	-62.6 	2     	17.1     	231   	13.3       	10.7       	15531     	-87.6
3260      	17:54:23  	120.8 	-62.6 	2     	16.9     	231   	13.1       	10.7       	15540     	-87.6
3262      	17:54:25  	120.7 	-62.5 	2     	16.9     	230   	13.0       	10.8       	15549     	-87.5
3264      	17:54:27  	120.5 	-62.5 	2     	16.8     	230   	12.9       	10.8       	15557     	-87.5
3266      	17:54:29  	120.3 	-62.4 	2     	16.8     	230   	12.8       	10.9       	15565     	-87.5
3268      	17:54:31  	120.2 	-62.4 	2     	16.7     	229   	12.7       	10.9       	15574     	-87.5
3270      	17:54:33  	120.0 	-62.4 	2     	16.8     	230   	12.8       	10.9       	15582     	-87.5
3272      	17:54:35  	119.8 	-62.4 	2     	16.9     	230   	12.9       	10.9       	15591     	-87.5
3274      	17:54:37  	119.7 	-62.3 	2     	17.0     	230   	13.0       	10.9       	15599     	-87.5
3276      	17:54:39  	119.5 	-62.3 	2     	16.7     	230   	12.8       	10.7       	15608     	-87.5
3278      	17:54:41  	119.3 	-62.3 	2     	16.4     	230   	12.6       	10.5       	15617     	-87.5
3280      	17:54:43  	119.2 	-62.2 	2     	16.3     	230   	12.5       	10.4       	15626     	-87.5
3282      	17:54:45  	119.0 	-62.2 	2     	16.0     	230   	12.3       	10.2       	15634     	-87.5
3284      	17:54:47  	118.8 	-62.2 	2     	15.7     	230   	12.1       	10.0       	15643     	-87.4
3286      	17:54:49  	118.7 	-62.2 	2     	15.3     	230   	11.8       	9.8        	15652     	-87.4
3288      	17:54:51  	118.5 	-62.2 	2     	15.0     	229   	11.4       	9.8        	15661     	-87.4
3290      	17:54:53  	118.3 	-62.1 	2     	14.7     	228   	10.9       	9.8        	15670     	-87.3
3292      	17:54:55  	118.2 	-62.1 	2     	14.3     	226   	10.3       	9.9        	15678     	-87.3
3294      	17:54:57  	118.0 	-62.1 	2     	13.9     	225   	9.8        	9.9        	15687     	-87.3
3296      	17:54:59  	117.8 	-62.1 	2     	13.9     	223   	9.5        	10.2       	15696     	-87.2
3298      	17:55:01  	117.7 	-62.1 	2     	13.9     	221   	9.2        	10.4       	15704     	-87.2
3300      	17:55:03  	117.5 	-62.1 	2     	13.8     	220   	8.8        	10.6       	15713     	-87.2
3302      	17:55:05  	117.3 	-62.1 	2     	13.9     	218   	8.5        	11.0       	15722     	-87.2
3304      	17:55:07  	117.2 	-62.1 	2     	14.0     	216   	8.2        	11.3       	15730     	-87.2
3306      	17:55:09  	117.0 	-62.1 	2     	14.1     	214   	7.8        	11.7       	15739     	-87.1
3308      	17:55:11  	116.8 	-62.2 	2     	14.2     	213   	7.7        	11.9       	15747     	-87.1
3310      	17:55:13  	116.7 	-62.2 	2     	14.3     	213   	7.7        	12.0       	15756     	-87.2
3312      	17:55:15  	116.5 	-62.2 	2     	14.4     	212   	7.7        	12.2       	15764     	-87.2
3314      	17:55:17  	116.4 	-62.2 	2     	14.5     	212   	7.6        	12.4       	15773     	-87.1
3316      	17:55:19  	116.2 	-62.3 	2     	14.7     	211   	7.5        	12.7       	15782     	-87.1
3318      	17:55:21  	116.0 	-62.3 	2     	15.0     	210   	7.4        	13.0       	15791     	-87.2
3320      	17:55:23  	115.9 	-62.3 	2     	15.2     	209   	7.3        	13.3       	15799     	-87.2
3322      	17:55:25  	115.7 	-62.3 	2     	15.3     	209   	7.3        	13.4       	15808     	-87.2
3324      	17:55:27  	115.5 	-62.4 	2     	15.4     	208   	7.2        	13.6       	15817     	-87.2
3326      	17:55:29  	115.4 	-62.4 	2     	15.5     	207   	7.1        	13.8       	15826     	-87.3
3328      	17:55:31  	115.2 	-62.4 	2     	15.5     	206   	6.8        	13.9       	15835     	-87.3
3330      	17:55:33  	115.0 	-62.5 	2     	15.5     	205   	6.6        	14.0       	15844     	-87.3
3332      	17:55:35  	114.9 	-62.5 	2     	15.4     	204   	6.3        	14.1       	15853     	-87.3
3334      	17:55:37  	114.7 	-62.5 	2     	15.4     	203   	6.1        	14.1       	15861     	-87.2
3336      	17:55:39  	114.6 	-62.5 	2     	15.2     	203   	6.0        	14.0       	15870     	-87.2
3338      	17:55:41  	114.4 	-62.6 	2     	15.1     	203   	5.8        	13.9       	15879     	-87.2
3340      	17:55:43  	114.2 	-62.6 	2     	14.8     	202   	5.6        	13.7       	15887     	-87.2
3342      	17:55:45  	114.1 	-62.6 	2     	14.5     	201   	5.3        	13.5       	15896     	-87.2
3344      	17:55:47  	113.9 	-62.7 	2     	14.2     	201   	5.1        	13.2       	15906     	-87.2
3346      	17:55:49  	113.7 	-62.7 	2     	13.8     	200   	4.8        	12.9       	15915     	-87.2
3348      	17:55:51  	113.5 	-62.8 	2     	13.5     	200   	4.7        	12.7       	15924     	-87.3
3350      	17:55:53  	113.4 	-62.8 	2     	13.4     	201   	4.7        	12.5       	15933     	-87.3
3352      	17:55:55  	113.2 	-62.9 	2     	13.1     	201   	4.6        	12.3       	15943     	-87.3
3354      	17:55:57  	113.0 	-62.9 	2     	12.8     	201   	4.5        	12.0       	15952     	-87.3
3356      	17:55:59  	112.9 	-63.0 	2     	12.5     	201   	4.4        	11.7       	15962     	-87.4
3358      	17:56:01  	112.7 	-63.0 	2     	12.2     	201   	4.4        	11.4       	15971     	-87.4
3360      	17:56:03  	112.5 	-63.1 	2     	12.0     	201   	4.4        	11.2       	15980     	-87.5
3362      	17:56:05  	112.4 	-63.2 	2     	11.8     	202   	4.4        	11.0       	15989     	-87.5
3364      	17:56:07  	112.2 	-63.2 	2     	11.8     	202   	4.4        	10.9       	15998     	-87.5
3366      	17:56:09  	112.0 	-63.3 	2     	11.6     	203   	4.5        	10.7       	16007     	-87.6
3368      	17:56:11  	111.9 	-63.3 	2     	11.5     	204   	4.7        	10.5       	16017     	-87.6
3370      	17:56:13  	111.7 	-63.4 	2     	11.3     	206   	4.9        	10.2       	16026     	-87.7
3372      	17:56:15  	111.5 	-63.4 	2     	11.1     	207   	5.1        	9.9        	16035     	-87.7
3374      	17:56:17  	111.3 	-63.5 	2     	11.1     	208   	5.3        	9.8        	16045     	-87.7
3376      	17:56:19  	111.2 	-63.5 	2     	11.1     	209   	5.4        	9.7        	16055     	-87.8
3378      	17:56:21  	111.0 	-63.6 	2     	11.0     	211   	5.6        	9.5        	16064     	-87.8
3380      	17:56:23  	110.8 	-63.6 	2     	11.1     	212   	5.9        	9.4        	16073     	-87.8
3382      	17:56:25  	110.6 	-63.7 	2     	11.0     	214   	6.1        	9.2        	16083     	-87.9
3384      	17:56:27  	110.5 	-63.7 	2     	11.1     	215   	6.4        	9.1        	16093     	-88.0
3386      	17:56:29  	110.3 	-63.8 	2     	11.1     	216   	6.5        	9.0        	16103     	-88.0
3388      	17:56:31  	110.1 	-63.8 	2     	11.2     	216   	6.6        	9.0        	16112     	-88.1
3390      	17:56:33  	110.0 	-63.9 	2     	11.2     	217   	6.7        	9.0        	16121     	-88.1
3392      	17:56:35  	109.8 	-63.9 	2     	11.3     	216   	6.7        	9.1        	16130     	-88.2
3394      	17:56:37  	109.6 	-64.0 	2     	11.4     	215   	6.6        	9.3        	16140     	-88.2
3396      	17:56:39  	109.5 	-64.0 	2     	11.5     	214   	6.5        	9.5        	16149     	-88.2
3398      	17:56:41  	109.3 	-64.1 	2     	11.6     	213   	6.4        	9.7        	16158     	-88.2
3400      	17:56:43  	109.1 	-64.1 	2     	11.7     	212   	6.2        	9.9        	16167     	-88.2
3402      	17:56:45  	109.0 	-64.1 	2     	11.7     	211   	6.0        	10.1       	16177     	-88.3
3404      	17:56:47  	108.8 	-64.2 	2     	11.9     	210   	5.9        	10.3       	16186     	-88.3
3406      	17:56:49  	108.6 	-64.2 	2     	12.1     	208   	5.7        	10.7       	16195     	-88.3
3408      	17:56:51  	108.5 	-64.3 	2     	12.3     	207   	5.5        	11.0       	16204     	-88.3
3410      	17:56:53  	108.3 	-64.3 	2     	12.6     	205   	5.3        	11.4       	16213     	-88.4
3412      	17:56:55  	108.2 	-64.4 	2     	12.8     	205   	5.3        	11.6       	16223     	-88.4
3414      	17:56:57  	108.0 	-64.4 	2     	12.9     	204   	5.3        	11.8       	16232     	-88.4
3416      	17:56:59  	107.8 	-64.5 	2     	13.1     	204   	5.3        	12.0       	16241     	-88.5
3418      	17:57:01  	107.7 	-64.6 	2     	13.4     	204   	5.4        	12.3       	16251     	-88.5
3420      	17:57:03  	107.5 	-64.6 	2     	13.7     	204   	5.5        	12.6       	16260     	-88.5
3422      	17:57:05  	107.3 	-64.7 	2     	14.1     	204   	5.7        	12.9       	16270     	-88.5
3424      	17:57:07  	107.2 	-64.7 	2     	14.4     	204   	5.8        	13.2       	16279     	-88.6
3426      	17:57:09  	107.0 	-64.8 	2     	14.6     	204   	6.0        	13.3       	16289     	-88.6
3428      	17:57:11  	106.8 	-64.9 	2     	14.9     	205   	6.2        	13.5       	16298     	-88.6
3430      	17:57:13  	106.6 	-64.9 	2     	15.1     	205   	6.3        	13.7       	16308     	-88.7
3432      	17:57:15  	106.5 	-65.0 	2     	15.5     	205   	6.5        	14.1       	16318     	-88.7
3434      	17:57:17  	106.3 	-65.0 	2     	16.0     	205   	6.7        	14.5       	16327     	-88.7
3436      	17:57:19  	106.1 	-65.1 	2     	16.3     	205   	6.8        	14.8       	16337     	-88.8
3438      	17:57:21  	106.0 	-65.1 	2     	16.5     	205   	6.9        	15.0       	16347     	-88.8
3440      	17:57:23  	105.8 	-65.2 	2     	16.7     	204   	6.9        	15.2       	16356     	-88.9
3442      	17:57:25  	105.7 	-65.2 	2     	16.9     	204   	6.9        	15.4       	16365     	-88.9
3444      	17:57:27  	105.5 	-65.3 	2     	17.1     	204   	7.0        	15.6       	16374     	-89.0
3446      	17:57:29  	105.4 	-65.3 	2     	17.3     	204   	7.1        	15.8       	16382     	-89.0
3448      	17:57:31  	105.2 	-65.3 	2     	17.6     	205   	7.3        	16.0       	16390     	-89.0
3450      	17:57:33  	105.1 	-65.4 	2     	17.7     	205   	7.4        	16.1       	16398     	-89.1
3452      	17:57:35  	104.9 	-65.4 	2     	17.8     	205   	7.5        	16.1       	16406     	-89.1
3454      	17:57:37  	104.8 	-65.5 	2     	17.8     	205   	7.6        	16.1       	16415     	-89.2
3456      	17:57:39  	104.7 	-65.5 	2     	17.8     	206   	7.7        	16.0       	16423     	-89.2
3458      	17:57:41  	104.5 	-65.6 	2     	17.8     	206   	7.9        	15.9       	16431     	-89.2
3460      	17:57:43  	104.4 	-65.6 	2     	17.7     	208   	8.2        	15.7       	16440     	-89.2
3462      	17:57:45  	104.2 	-65.6 	2     	17.7     	208   	8.4        	15.6       	16448     	-89.3
3464      	17:57:47  	104.1 	-65.6 	2     	17.7     	209   	8.5        	15.5       	16457     	-89.3
3466      	17:57:49  	103.9 	-65.6 	2     	17.6     	209   	8.6        	15.3       	16466     	-89.3
3468      	17:57:51  	103.8 	-65.7 	2     	17.6     	210   	8.8        	15.2       	16475     	-89.3
3470      	17:57:53  	103.6 	-65.7 	2     	17.3     	211   	8.9        	14.8       	16484     	-89.3
3472      	17:57:55  	103.5 	-65.7 	2     	16.9     	212   	9.1        	14.3       	16492     	-89.4
3474      	17:57:57  	103.3 	-65.8 	2     	16.7     	214   	9.3        	13.9       	16501     	-89.4
3476      	17:57:59  	103.2 	-65.8 	2     	16.5     	215   	9.4        	13.6       	16510     	-89.4
3478      	17:58:01  	103.0 	-65.8 	2     	16.3     	215   	9.4        	13.3       	16519     	-89.5
3480      	17:58:03  	102.9 	-65.9 	2     	16.1     	216   	9.5        	13.0       	16528     	-89.5
3482      	17:58:05  	102.7 	-65.9 	2     	15.7     	217   	9.5        	12.5       	16537     	-89.5
3484      	17:58:07  	102.6 	-65.9 	2     	15.3     	218   	9.5        	12.0       	16546     	-89.5
3486      	17:58:09  	102.4 	-66.0 	2     	14.8     	220   	9.4        	11.4       	16555     	-89.4
3488      	17:58:11  	102.2 	-66.0 	2     	14.3     	221   	9.4        	10.8       	16564     	-89.4
3490      	17:58:13  	102.1 	-66.1 	2     	14.0     	222   	9.3        	10.5       	16573     	-89.4
3492      	17:58:15  	102.0 	-66.1 	2     	13.9     	222   	9.3        	10.3       	16582     	-89.4
3494      	17:58:17  	101.8 	-66.1 	2     	13.6     	223   	9.2        	10.0       	16591     	-89.4
3496      	17:58:19  	101.6 	-66.2 	2     	13.2     	223   	9.1        	9.6        	16600     	-89.4
3498      	17:58:21  	101.5 	-66.2 	2     	12.9     	224   	8.9        	9.3        	16610     	-89.4
3500      	17:58:23  	101.3 	-66.3 	2     	12.5     	225   	8.8        	8.9        	16619     	-89.5
3502      	17:58:25  	101.2 	-66.3 	2     	12.3     	225   	8.7        	8.7        	16628     	-89.5
3504      	17:58:27  	101.0 	-66.3 	2     	12.3     	225   	8.7        	8.7        	16637     	-89.5
3506      	17:58:29  	100.9 	-66.4 	2     	12.2     	225   	8.7        	8.6        	16645     	-89.6
3508      	17:58:31  	100.7 	-66.4 	2     	12.2     	226   	8.7        	8.5        	16654     	-89.6
3510      	17:58:33  	100.6 	-66.4 	2     	12.1     	226   	8.7        	8.4        	16663     	-89.7
3512      	17:58:35  	100.4 	-66.5 	2     	12.0     	227   	8.8        	8.2        	16672     	-89.8
3514      	17:58:37  	100.3 	-66.5 	2     	12.0     	227   	8.8        	8.1        	16681     	-89.8
3516      	17:58:39  	100.1 	-66.5 	2     	12.0     	228   	8.9        	8.0        	16690     	-89.9
3518      	17:58:41  	100.0 	-66.6 	2     	12.0     	228   	9.0        	8.0        	16699     	-90.0
3520      	17:58:43  	99.8  	-66.6 	2     	12.1     	229   	9.2        	7.9        	16709     	-90.0
3522      	17:58:45  	99.7  	-66.6 	2     	12.3     	230   	9.4        	7.9        	16718     	-90.0
3524      	17:58:47  	99.5  	-66.6 	2     	12.4     	231   	9.7        	7.8        	16727     	-90.1
3526      	17:58:49  	99.4  	-66.6 	2     	12.5     	232   	9.9        	7.7        	16735     	-90.0
3528      	17:58:51  	99.2  	-66.7 	2     	12.7     	233   	10.1       	7.7        	16744     	-90.0
3530      	17:58:53  	99.1  	-66.7 	2     	12.9     	233   	10.3       	7.7        	16753     	-90.0
3532      	17:58:55  	99.0  	-66.7 	2     	12.9     	233   	10.4       	7.7        	16763     	-90.0
3534      	17:58:57  	98.8  	-66.8 	2     	13.0     	234   	10.6       	7.6        	16772     	-90.0
3536      	17:58:59  	98.7  	-66.8 	2     	13.0     	235   	10.7       	7.4        	16781     	-90.0
3538      	17:59:01  	98.5  	-66.8 	2     	13.1     	237   	10.9       	7.2        	16790     	-90.0
3540      	17:59:03  	98.4  	-66.8 	2     	13.0     	238   	11.0       	7.0        	16799     	-90.0
3542      	17:59:05  	98.2  	-66.8 	2     	12.9     	238   	11.0       	6.8        	16809     	-90.0
3544      	17:59:07  	98.0  	-66.9 	2     	12.8     	239   	11.0       	6.6        	16818     	-90.0
3546      	17:59:09  	97.9  	-66.9 	2     	12.7     	240   	11.0       	6.4        	16827     	-90.0
3548      	17:59:11  	97.7  	-66.9 	2     	12.7     	241   	11.1       	6.1        	16837     	-90.0
3550      	17:59:13  	97.6  	-66.9 	2     	12.6     	243   	11.2       	5.8        	16846     	-90.0
3552      	17:59:15  	97.4  	-67.0 	2     	12.6     	244   	11.3       	5.5        	16856     	-90.0
3554      	17:59:17  	97.3  	-67.0 	2     	12.6     	245   	11.4       	5.4        	16865     	-90.1
3556      	17:59:19  	97.1  	-67.0 	2     	12.7     	245   	11.5       	5.3        	16874     	-90.1
3558      	17:59:21  	97.0  	-67.0 	2     	12.8     	246   	11.7       	5.2        	16883     	-90.1
3560      	17:59:23  	96.8  	-67.0 	2     	12.9     	247   	11.9       	5.0        	16893     	-90.1
3562      	17:59:25  	96.7  	-67.0 	2     	13.1     	248   	12.2       	4.9        	16902     	-90.1
3564      	17:59:27  	96.5  	-67.0 	2     	13.4     	249   	12.5       	4.8        	16912     	-90.1
3566      	17:59:29  	96.4  	-67.0 	2     	13.5     	250   	12.7       	4.6        	16921     	-90.2
3568      	17:59:31  	96.2  	-67.0 	2     	13.7     	250   	12.9       	4.6        	16930     	-90.2
3570      	17:59:33  	96.1  	-67.0 	2     	13.8     	251   	13.0       	4.6        	16940     	-90.2
3572      	17:59:35  	95.9  	-67.0 	2     	13.9     	251   	13.2       	4.5        	16949     	-90.2
3574      	17:59:37  	95.8  	-67.0 	2     	14.1     	253   	13.5       	4.1        	16958     	-90.2
3576      	17:59:39  	95.7  	-67.0 	2     	14.3     	255   	13.8       	3.8        	16967     	-90.2
3578      	17:59:41  	95.5  	-67.0 	2     	14.4     	256   	14.0       	3.5        	16977     	-90.3
3580      	17:59:43  	95.3  	-66.9 	2     	14.6     	257   	14.2       	3.2        	16986     	-90.3
3582      	17:59:45  	95.2  	-66.9 	2     	14.6     	258   	14.3       	3.0        	16996     	-90.2
3584      	17:59:47  	95.1  	-66.8 	2     	14.7     	259   	14.4       	2.7        	17005     	-90.2
3586      	17:59:49  	94.9  	-66.7 	2     	14.5     	262   	14.3       	2.1        	17014     	-90.2
3588      	17:59:51  	94.8  	-66.6 	2     	14.3     	264   	14.2       	1.6        	17022     	-90.2
3590      	17:59:53  	94.6  	-66.5 	2     	14.1     	266   	14.1       	1.1        	17032     	-90.2
3592      	17:59:55  	94.5  	-66.4 	2     	14.0     	268   	14.0       	0.6        	17041     	-90.1
3594      	17:59:57  	94.4  	-66.3 	2     	13.8     	268   	13.8       	0.4        	17050     	-90.1
3596      	17:59:59  	94.2  	-66.1 	2     	13.7     	270   	13.7       	0.1        	17059     	-90.0
3598      	18:00:01  	94.1  	-66.0 	2     	13.3     	271   	13.3       	-0.3       	17069     	-90.0
3600      	18:00:03  	93.9  	-65.9 	2     	12.8     	274   	12.8       	-0.8       	17078     	-89.9
3602      	18:00:05  	93.8  	-65.8 	2     	12.4     	276   	12.3       	-1.3       	17087     	-89.8
3604      	18:00:07  	93.6  	-65.7 	2     	11.9     	278   	11.8       	-1.7       	17096     	-89.7
3606      	18:00:09  	93.5  	-65.6 	2     	11.6     	280   	11.4       	-2.0       	17106     	-89.7
3608      	18:00:11  	93.3  	-65.5 	2     	11.3     	281   	11.1       	-2.2       	17115     	-89.6
3610      	18:00:13  	93.2  	-65.4 	2     	11.1     	283   	10.8       	-2.5       	17124     	-89.5
3612      	18:00:15  	93.1  	-65.3 	2     	10.5     	285   	10.1       	-2.7       	17134     	-89.4
3614      	18:00:17  	92.9  	-65.1 	2     	10.0     	288   	9.5        	-3.0       	17143     	-89.2
