Time [sec]	Time (UTC)	P [mB]	T [°F]	Hu [%]	Ws [mi/h]	Wd [°]	Ws U [mi/h]	Ws V [mi/h]	Geopot [m]	Dew [°F]
0         	17:00:21  	871.8 	28.9  	32    	11.3     	157   	-4.4       	10.4       	1288      	10.5
2         	17:00:23  	870.1 	29.5  	28    	11.6     	159   	-4.2       	10.8       	1306      	9.2
4         	17:00:25  	868.3 	29.2  	28    	11.6     	159   	-4.2       	10.8       	1324      	8.6
6         	17:00:27  	866.6 	29.1  	28    	11.6     	159   	-4.2       	10.8       	1342      	8.9
8         	17:00:29  	865.1 	29.1  	29    	13.8     	157   	-5.3       	12.7       	1359      	9.1
10        	17:00:31  	863.7 	28.9  	29    	14.8     	157   	-5.8       	13.6       	1374      	9.1
12        	17:00:33  	862.2 	28.7  	29    	15.1     	157   	-5.9       	13.9       	1387      	9.1
14        	17:00:35  	860.9 	28.5  	30    	15.2     	157   	-6.0       	14.0       	1400      	9.1
16        	17:00:37  	859.5 	28.3  	30    	15.7     	156   	-6.3       	14.4       	1414      	9.0
18        	17:00:39  	858.2 	28.0  	30    	15.7     	156   	-6.3       	14.4       	1428      	8.8
20        	17:00:41  	856.7 	28.0  	30    	15.7     	156   	-6.3       	14.4       	1442      	8.9
22        	17:00:43  	855.3 	27.7  	30    	15.7     	156   	-6.3       	14.4       	1458      	8.8
24        	17:00:45  	853.8 	27.4  	31    	15.5     	159   	-5.6       	14.4       	1474      	8.7
26        	17:00:47  	852.2 	27.2  	31    	15.3     	161   	-5.0       	14.5       	1490      	8.6
28        	17:00:49  	850.7 	27.2  	31    	15.2     	162   	-4.6       	14.5       	1506      	8.7
30        	17:00:51  	849.1 	27.0  	31    	14.7     	170   	-2.5       	14.5       	1522      	8.6
32        	17:00:53  	847.6 	26.9  	31    	14.7     	170   	-2.5       	14.5       	1538      	8.5
34        	17:00:55  	846.1 	26.8  	31    	14.7     	170   	-2.5       	14.5       	1554      	8.5
36        	17:00:57  	844.6 	26.5  	32    	14.8     	172   	-2.1       	14.6       	1570      	8.3
38        	17:00:59  	843.1 	26.3  	32    	14.7     	173   	-1.7       	14.6       	1585      	8.1
40        	17:01:01  	841.6 	26.1  	32    	14.7     	175   	-1.4       	14.6       	1601      	8.0
42        	17:01:03  	840.1 	26.0  	32    	14.7     	175   	-1.3       	14.6       	1616      	8.0
44        	17:01:05  	838.6 	25.9  	32    	14.6     	176   	-1.1       	14.6       	1632      	7.9
46        	17:01:07  	837.1 	25.7  	32    	14.6     	175   	-1.2       	14.6       	1648      	7.9
48        	17:01:09  	835.6 	25.5  	33    	14.7     	176   	-0.9       	14.7       	1664      	7.9
50        	17:01:11  	834.2 	25.3  	33    	14.9     	177   	-0.9       	14.9       	1678      	7.9
52        	17:01:13  	832.9 	25.2  	33    	15.1     	177   	-0.8       	15.1       	1692      	7.9
54        	17:01:15  	831.5 	25.1  	34    	15.3     	177   	-0.8       	15.3       	1706      	7.9
56        	17:01:17  	830.1 	24.9  	34    	15.5     	177   	-0.9       	15.5       	1721      	7.9
58        	17:01:19  	828.7 	24.7  	34    	15.7     	176   	-1.0       	15.7       	1736      	7.8
60        	17:01:21  	827.4 	24.6  	34    	15.9     	176   	-1.2       	15.9       	1750      	7.8
62        	17:01:23  	826.0 	24.4  	35    	16.3     	175   	-1.5       	16.2       	1765      	7.8
64        	17:01:25  	824.5 	24.3  	35    	16.5     	174   	-1.8       	16.4       	1780      	7.8
66        	17:01:27  	823.1 	24.2  	35    	16.8     	173   	-2.1       	16.7       	1795      	7.9
68        	17:01:29  	821.7 	24.1  	35    	17.1     	172   	-2.3       	16.9       	1810      	7.9
70        	17:01:31  	820.3 	24.0  	36    	17.2     	172   	-2.4       	17.0       	1825      	7.9
72        	17:01:33  	818.9 	23.8  	36    	17.3     	171   	-2.6       	17.1       	1840      	7.8
74        	17:01:35  	817.4 	23.6  	36    	17.5     	171   	-2.7       	17.3       	1856      	7.8
76        	17:01:37  	816.0 	23.5  	36    	17.9     	170   	-3.0       	17.6       	1872      	7.8
78        	17:01:39  	814.6 	23.3  	37    	18.2     	170   	-3.2       	17.9       	1887      	7.7
80        	17:01:41  	813.2 	23.2  	37    	18.5     	169   	-3.4       	18.2       	1901      	7.7
82        	17:01:43  	811.9 	23.1  	37    	18.7     	169   	-3.6       	18.4       	1916      	7.7
84        	17:01:45  	810.6 	23.0  	37    	19.1     	169   	-3.7       	18.7       	1929      	7.7
86        	17:01:47  	809.5 	22.9  	38    	19.4     	169   	-3.7       	19.0       	1941      	7.7
88        	17:01:49  	808.4 	22.8  	38    	20.0     	170   	-3.4       	19.7       	1953      	7.8
90        	17:01:51  	807.3 	22.7  	38    	20.6     	171   	-3.1       	20.4       	1964      	7.7
92        	17:01:53  	806.4 	22.6  	38    	21.3     	172   	-2.8       	21.1       	1975      	7.5
94        	17:01:55  	805.4 	22.5  	38    	21.9     	173   	-2.5       	21.8       	1985      	7.4
96        	17:01:57  	804.5 	22.5  	38    	22.4     	175   	-2.0       	22.3       	1995      	7.3
98        	17:01:59  	803.6 	22.5  	38    	22.8     	176   	-1.6       	22.7       	2005      	7.4
100       	17:02:01  	802.7 	22.6  	38    	23.2     	177   	-1.2       	23.2       	2015      	7.4
102       	17:02:03  	801.8 	22.4  	38    	23.6     	178   	-0.9       	23.6       	2024      	7.3
104       	17:02:05  	800.9 	22.3  	37    	24.0     	179   	-0.6       	24.0       	2034      	7.1
106       	17:02:07  	799.9 	22.2  	37    	24.4     	179   	-0.4       	24.4       	2044      	7.0
108       	17:02:09  	799.0 	22.3  	38    	24.3     	179   	-0.5       	24.3       	2054      	7.1
110       	17:02:11  	798.2 	22.3  	37    	24.2     	179   	-0.6       	24.2       	2064      	7.1
112       	17:02:13  	797.5 	22.3  	37    	24.0     	178   	-0.7       	24.0       	2072      	7.1
114       	17:02:15  	796.7 	22.3  	37    	23.4     	179   	-0.3       	23.4       	2080      	7.0
116       	17:02:17  	795.9 	22.2  	37    	22.7     	180   	-0.0       	22.7       	2088      	6.9
118       	17:02:19  	795.1 	22.1  	37    	22.1     	181   	0.3        	22.1       	2097      	6.7
120       	17:02:21  	794.3 	22.0  	37    	21.5     	182   	0.7        	21.5       	2106      	6.5
122       	17:02:23  	793.4 	21.9  	37    	20.9     	183   	1.1        	20.9       	2116      	6.4
124       	17:02:25  	792.5 	22.0  	36    	20.5     	184   	1.6        	20.4       	2126      	6.4
126       	17:02:27  	791.6 	22.1  	36    	19.6     	186   	2.0        	19.5       	2136      	6.4
128       	17:02:29  	790.5 	22.1  	36    	18.6     	188   	2.5        	18.4       	2147      	6.3
130       	17:02:31  	789.5 	22.1  	36    	17.5     	190   	2.9        	17.3       	2159      	6.2
132       	17:02:33  	788.4 	22.1  	35    	16.7     	191   	3.3        	16.4       	2170      	6.1
134       	17:02:35  	787.4 	22.0  	35    	16.2     	192   	3.3        	15.9       	2181      	6.0
136       	17:02:37  	786.4 	22.0  	35    	15.7     	192   	3.3        	15.3       	2192      	5.9
138       	17:02:39  	785.4 	21.9  	35    	15.2     	193   	3.3        	14.8       	2203      	5.8
140       	17:02:41  	784.3 	21.8  	35    	14.5     	193   	3.2        	14.1       	2215      	5.8
142       	17:02:43  	783.3 	21.7  	35    	13.7     	194   	3.2        	13.3       	2227      	5.7
144       	17:02:45  	782.2 	21.6  	35    	13.0     	194   	3.1        	12.6       	2239      	5.6
146       	17:02:47  	781.2 	21.5  	35    	12.6     	194   	3.0        	12.2       	2250      	5.6
148       	17:02:49  	780.2 	21.4  	35    	12.3     	194   	2.9        	12.0       	2261      	5.5
150       	17:02:51  	779.2 	21.3  	36    	12.1     	193   	2.8        	11.8       	2272      	5.5
152       	17:02:53  	778.3 	21.2  	36    	11.7     	194   	2.8        	11.4       	2283      	5.4
154       	17:02:55  	777.4 	21.1  	36    	11.2     	194   	2.7        	10.9       	2293      	5.4
156       	17:02:57  	776.4 	21.0  	36    	10.8     	194   	2.7        	10.5       	2303      	5.3
158       	17:02:59  	775.6 	20.8  	36    	10.5     	195   	2.7        	10.1       	2313      	5.2
160       	17:03:01  	774.7 	20.7  	36    	10.2     	195   	2.7        	9.8        	2322      	5.1
162       	17:03:03  	773.8 	20.6  	36    	10.0     	196   	2.8        	9.6        	2333      	5.0
164       	17:03:05  	772.9 	20.5  	36    	9.7      	197   	2.8        	9.3        	2343      	5.0
166       	17:03:07  	772.0 	20.5  	36    	9.3      	197   	2.8        	8.9        	2353      	5.0
168       	17:03:09  	771.2 	20.5  	36    	8.8      	198   	2.7        	8.4        	2362      	5.0
170       	17:03:11  	770.4 	20.5  	36    	8.4      	199   	2.7        	8.0        	2371      	5.0
172       	17:03:13  	769.6 	20.4  	36    	8.2      	199   	2.7        	7.7        	2379      	4.9
174       	17:03:15  	768.8 	20.3  	36    	7.8      	199   	2.6        	7.4        	2388      	4.9
176       	17:03:17  	768.0 	20.2  	36    	7.7      	200   	2.6        	7.2        	2397      	4.9
178       	17:03:19  	767.3 	20.2  	37    	7.4      	200   	2.5        	7.0        	2406      	4.9
180       	17:03:21  	766.5 	20.1  	37    	7.1      	200   	2.4        	6.7        	2414      	4.8
182       	17:03:23  	765.7 	20.0  	37    	6.8      	201   	2.4        	6.4        	2423      	4.8
184       	17:03:25  	764.9 	19.9  	37    	6.5      	201   	2.3        	6.1        	2432      	4.8
186       	17:03:27  	764.2 	19.9  	37    	6.5      	201   	2.3        	6.1        	2440      	4.7
188       	17:03:29  	763.4 	19.8  	37    	6.4      	201   	2.3        	6.0        	2449      	4.7
190       	17:03:31  	762.7 	19.7  	37    	6.3      	201   	2.3        	5.9        	2457      	4.6
192       	17:03:33  	761.9 	19.6  	37    	6.3      	201   	2.3        	5.9        	2466      	4.6
194       	17:03:35  	761.2 	19.6  	37    	6.3      	201   	2.3        	5.9        	2474      	4.6
196       	17:03:37  	760.5 	19.5  	37    	6.3      	202   	2.4        	5.8        	2482      	4.5
198       	17:03:39  	759.8 	19.4  	37    	6.4      	202   	2.4        	5.9        	2490      	4.5
200       	17:03:41  	759.0 	19.3  	37    	6.4      	202   	2.4        	5.9        	2499      	4.4
202       	17:03:43  	758.1 	19.2  	37    	6.3      	202   	2.4        	5.8        	2508      	4.3
204       	17:03:45  	757.3 	19.2  	37    	6.1      	203   	2.4        	5.6        	2518      	4.2
206       	17:03:47  	756.5 	19.1  	37    	6.0      	204   	2.4        	5.5        	2527      	4.2
208       	17:03:49  	755.7 	19.1  	37    	6.0      	205   	2.5        	5.4        	2536      	4.1
210       	17:03:51  	754.9 	19.0  	37    	5.9      	205   	2.5        	5.3        	2545      	4.1
212       	17:03:53  	754.2 	18.9  	37    	5.6      	205   	2.4        	5.1        	2554      	4.0
214       	17:03:55  	753.4 	18.9  	37    	5.5      	206   	2.4        	4.9        	2563      	3.9
216       	17:03:57  	752.7 	18.8  	37    	5.4      	207   	2.4        	4.8        	2571      	3.9
218       	17:03:59  	751.9 	18.7  	37    	5.1      	207   	2.3        	4.6        	2579      	3.9
220       	17:04:01  	751.1 	18.6  	37    	5.0      	208   	2.3        	4.4        	2588      	3.8
222       	17:04:03  	750.3 	18.5  	38    	4.7      	208   	2.2        	4.2        	2598      	3.8
224       	17:04:05  	749.4 	18.4  	38    	4.4      	208   	2.1        	3.9        	2609      	3.8
226       	17:04:07  	748.4 	18.4  	38    	4.1      	209   	2.0        	3.6        	2621      	3.8
228       	17:04:09  	747.4 	18.4  	38    	3.9      	209   	1.9        	3.4        	2630      	3.7
230       	17:04:11  	746.6 	18.3  	38    	3.6      	210   	1.8        	3.1        	2640      	3.7
232       	17:04:13  	745.7 	18.2  	38    	3.4      	210   	1.7        	2.9        	2650      	3.6
234       	17:04:15  	744.8 	18.0  	38    	3.1      	212   	1.6        	2.6        	2660      	3.5
236       	17:04:17  	744.0 	17.9  	38    	2.7      	213   	1.5        	2.3        	2670      	3.4
238       	17:04:19  	743.1 	17.8  	38    	2.5      	214   	1.4        	2.1        	2680      	3.3
240       	17:04:21  	742.3 	17.7  	38    	2.4      	222   	1.6        	1.8        	2690      	3.3
242       	17:04:23  	741.5 	17.6  	38    	2.4      	228   	1.8        	1.6        	2699      	3.3
244       	17:04:25  	740.7 	17.5  	38    	2.6      	234   	2.1        	1.5        	2709      	3.2
246       	17:04:27  	739.8 	17.4  	38    	2.7      	242   	2.4        	1.3        	2718      	3.2
248       	17:04:29  	739.1 	17.4  	39    	2.9      	248   	2.7        	1.1        	2726      	3.2
250       	17:04:31  	738.4 	17.3  	39    	3.2      	252   	3.0        	1.0        	2734      	3.1
252       	17:04:33  	737.6 	17.2  	39    	3.4      	256   	3.3        	0.8        	2744      	3.0
254       	17:04:35  	736.7 	17.2  	38    	3.7      	259   	3.6        	0.7        	2754      	2.9
256       	17:04:37  	735.8 	17.2  	38    	3.8      	263   	3.8        	0.5        	2765      	2.9
258       	17:04:39  	734.9 	17.2  	38    	4.3      	267   	4.3        	0.2        	2775      	2.9
260       	17:04:41  	734.2 	17.3  	38    	4.6      	271   	4.6        	-0.1       	2783      	2.9
262       	17:04:43  	733.5 	17.2  	38    	4.8      	274   	4.8        	-0.3       	2791      	2.8
264       	17:04:45  	732.9 	17.1  	38    	5.1      	276   	5.1        	-0.5       	2799      	2.7
266       	17:04:47  	732.1 	17.1  	38    	5.3      	278   	5.3        	-0.7       	2807      	2.7
268       	17:04:49  	731.4 	17.1  	38    	5.6      	279   	5.5        	-0.9       	2815      	2.7
270       	17:04:51  	730.7 	17.0  	38    	5.9      	281   	5.8        	-1.1       	2824      	2.6
272       	17:04:53  	730.0 	17.0  	38    	6.1      	282   	6.0        	-1.3       	2832      	2.6
274       	17:04:55  	729.2 	17.0  	38    	6.4      	284   	6.2        	-1.6       	2841      	2.6
276       	17:04:57  	728.4 	16.9  	38    	6.7      	285   	6.5        	-1.8       	2851      	2.5
278       	17:04:59  	727.7 	16.8  	38    	6.9      	285   	6.7        	-1.8       	2861      	2.5
280       	17:05:01  	726.9 	16.8  	38    	7.0      	285   	6.8        	-1.8       	2870      	2.5
282       	17:05:03  	726.1 	16.7  	38    	7.2      	284   	7.0        	-1.8       	2877      	2.5
284       	17:05:05  	725.5 	16.6  	39    	7.3      	284   	7.1        	-1.8       	2885      	2.5
286       	17:05:07  	724.8 	16.6  	39    	7.5      	284   	7.3        	-1.8       	2893      	2.5
288       	17:05:09  	724.1 	16.5  	39    	7.6      	284   	7.4        	-1.8       	2901      	2.5
290       	17:05:11  	723.5 	16.4  	39    	7.8      	283   	7.6        	-1.8       	2909      	2.6
292       	17:05:13  	722.8 	16.3  	40    	7.9      	283   	7.7        	-1.8       	2917      	2.6
294       	17:05:15  	722.1 	16.3  	40    	8.1      	283   	7.9        	-1.8       	2925      	2.6
296       	17:05:17  	721.4 	16.2  	40    	8.2      	283   	8.0        	-1.8       	2933      	2.6
298       	17:05:19  	720.6 	16.1  	41    	8.2      	283   	8.0        	-1.8       	2942      	2.7
300       	17:05:21  	719.9 	16.0  	41    	8.2      	283   	8.0        	-1.8       	2950      	2.8
302       	17:05:23  	719.2 	15.9  	41    	8.2      	283   	8.0        	-1.8       	2959      	2.8
304       	17:05:25  	718.4 	15.8  	42    	8.3      	283   	8.1        	-1.8       	2968      	2.8
306       	17:05:27  	717.7 	15.8  	42    	8.4      	282   	8.2        	-1.8       	2977      	2.8
308       	17:05:29  	717.0 	6.6   	42    	8.5      	282   	8.3        	-1.8       	2985      	-5.3
310       	17:05:31  	716.3 	3.4   	42    	8.5      	282   	8.3        	-1.8       	2993      	-8.1
312       	17:05:33  	715.6 	3.3   	42    	8.6      	282   	8.4        	-1.8       	3001      	-8.2
314       	17:05:35  	715.0 	-1.7  	43    	8.7      	283   	8.5        	-1.9       	3008      	-12.6
316       	17:05:37  	714.4 	3.1   	43    	8.8      	282   	8.6        	-1.9       	3015      	-8.2
318       	17:05:39  	713.7 	15.3  	43    	8.9      	282   	8.7        	-1.9       	3023      	2.8
320       	17:05:41  	713.2 	15.3  	43    	9.0      	282   	8.8        	-1.9       	3029      	2.8
322       	17:05:43  	712.7 	15.2  	43    	9.1      	282   	8.9        	-1.9       	3035      	2.8
324       	17:05:45  	712.2 	15.1  	43    	9.1      	282   	8.9        	-1.9       	3041      	2.7
326       	17:05:47  	711.4 	15.1  	43    	9.1      	282   	8.9        	-1.9       	3049      	2.6
328       	17:05:49  	710.6 	15.0  	43    	9.2      	282   	9.0        	-1.9       	3059      	2.6
330       	17:05:51  	709.8 	14.9  	43    	9.3      	281   	9.1        	-1.7       	3069      	2.5
332       	17:05:53  	709.1 	14.9  	43    	9.4      	279   	9.3        	-1.5       	3078      	2.4
334       	17:05:55  	708.5 	14.8  	43    	9.6      	278   	9.5        	-1.4       	3087      	2.3
336       	17:05:57  	707.8 	14.8  	43    	9.7      	277   	9.6        	-1.2       	3093      	2.3
338       	17:05:59  	707.3 	14.8  	43    	9.9      	276   	9.8        	-1.0       	3099      	2.3
340       	17:06:01  	706.8 	14.7  	43    	9.9      	275   	9.9        	-0.8       	3105      	2.3
342       	17:06:03  	706.3 	14.7  	43    	10.1     	274   	10.1       	-0.7       	3111      	2.3
344       	17:06:05  	705.6 	14.6  	43    	10.3     	273   	10.3       	-0.5       	3118      	2.3
346       	17:06:07  	705.0 	14.6  	43    	10.4     	272   	10.4       	-0.3       	3126      	2.3
348       	17:06:09  	704.4 	14.5  	43    	10.5     	271   	10.5       	-0.2       	3134      	2.2
350       	17:06:11  	703.7 	14.4  	44    	10.5     	271   	10.5       	-0.2       	3142      	2.2
352       	17:06:13  	703.0 	14.3  	44    	10.5     	271   	10.5       	-0.2       	3150      	2.1
354       	17:06:15  	702.4 	14.6  	43    	10.4     	271   	10.4       	-0.1       	3158      	2.4
356       	17:06:17  	701.7 	15.4  	43    	10.4     	271   	10.4       	-0.1       	3166      	3.0
358       	17:06:19  	701.1 	15.5  	43    	10.3     	270   	10.3       	0.0        	3174      	3.1
360       	17:06:21  	700.4 	15.4  	43    	10.3     	269   	10.3       	0.1        	3182      	3.0
362       	17:06:23  	699.7 	15.0  	43    	10.2     	269   	10.2       	0.2        	3190      	2.6
364       	17:06:25  	699.1 	14.2  	43    	10.1     	269   	10.1       	0.2        	3198      	1.8
366       	17:06:27  	698.4 	13.9  	43    	10.1     	268   	10.1       	0.3        	3206      	1.5
368       	17:06:29  	697.7 	13.8  	43    	10.0     	268   	10.0       	0.4        	3214      	1.4
370       	17:06:31  	697.1 	13.7  	43    	10.0     	267   	10.0       	0.5        	3221      	1.3
372       	17:06:33  	696.4 	13.6  	43    	9.9      	267   	9.9        	0.5        	3230      	1.2
374       	17:06:35  	695.7 	13.5  	43    	9.9      	267   	9.9        	0.6        	3239      	1.1
376       	17:06:37  	695.0 	13.5  	43    	9.8      	266   	9.8        	0.6        	3247      	1.1
378       	17:06:39  	694.2 	13.4  	43    	9.8      	266   	9.8        	0.6        	3256      	1.0
380       	17:06:41  	693.6 	13.3  	43    	9.7      	266   	9.7        	0.6        	3265      	1.0
382       	17:06:43  	693.0 	13.3  	43    	9.7      	266   	9.7        	0.6        	3272      	0.9
384       	17:06:45  	692.3 	13.2  	43    	9.6      	266   	9.6        	0.7        	3280      	0.8
386       	17:06:47  	691.7 	13.2  	42    	9.6      	266   	9.6        	0.7        	3287      	0.7
388       	17:06:49  	691.1 	13.2  	42    	9.5      	266   	9.5        	0.7        	3295      	0.7
390       	17:06:51  	690.4 	13.1  	42    	9.5      	266   	9.5        	0.7        	3302      	0.6
392       	17:06:53  	689.8 	13.1  	42    	9.4      	266   	9.4        	0.7        	3310      	0.6
394       	17:06:55  	689.1 	13.0  	42    	9.4      	265   	9.4        	0.8        	3319      	0.5
396       	17:06:57  	688.4 	12.9  	42    	9.4      	265   	9.4        	0.8        	3328      	0.5
398       	17:06:59  	687.7 	12.8  	42    	9.4      	265   	9.4        	0.8        	3336      	0.4
400       	17:07:01  	687.1 	12.8  	42    	9.4      	265   	9.4        	0.8        	3344      	0.4
402       	17:07:03  	686.5 	12.7  	43    	9.5      	265   	9.5        	0.8        	3350      	0.3
404       	17:07:05  	685.8 	12.6  	43    	9.7      	265   	9.7        	0.8        	3358      	0.3
406       	17:07:07  	685.1 	12.6  	43    	9.8      	265   	9.8        	0.8        	3367      	0.3
408       	17:07:09  	684.4 	12.5  	43    	10.0     	265   	10.0       	0.8        	3376      	0.3
410       	17:07:11  	683.6 	12.4  	43    	10.1     	265   	10.1       	0.9        	3386      	0.2
412       	17:07:13  	682.9 	12.3  	43    	10.2     	265   	10.2       	0.9        	3395      	0.2
414       	17:07:15  	682.2 	12.3  	43    	10.4     	265   	10.4       	0.9        	3403      	0.2
416       	17:07:17  	681.6 	12.2  	44    	10.5     	265   	10.5       	0.9        	3411      	0.3
418       	17:07:19  	680.9 	12.2  	44    	10.6     	265   	10.6       	0.9        	3419      	0.2
420       	17:07:21  	680.3 	12.1  	44    	10.7     	265   	10.7       	0.9        	3426      	0.2
422       	17:07:23  	679.7 	12.0  	44    	10.7     	265   	10.7       	0.9        	3434      	0.2
424       	17:07:25  	679.0 	11.9  	44    	10.7     	265   	10.7       	0.9        	3442      	0.1
426       	17:07:27  	678.4 	11.9  	44    	10.7     	265   	10.7       	0.9        	3450      	0.1
428       	17:07:29  	677.7 	11.8  	44    	10.8     	265   	10.8       	1.0        	3459      	-0.0
430       	17:07:31  	677.0 	11.7  	44    	10.9     	265   	10.9       	1.0        	3467      	-0.0
432       	17:07:33  	676.3 	11.6  	44    	11.0     	265   	11.0       	1.0        	3476      	-0.1
434       	17:07:35  	675.6 	11.6  	44    	11.1     	265   	11.1       	1.0        	3484      	-0.1
436       	17:07:37  	674.9 	11.5  	44    	11.2     	265   	11.2       	1.0        	3493      	-0.2
438       	17:07:39  	674.1 	11.4  	44    	11.4     	264   	11.3       	1.1        	3503      	-0.2
440       	17:07:41  	673.4 	11.4  	44    	11.5     	264   	11.4       	1.1        	3513      	-0.2
442       	17:07:43  	672.6 	11.3  	45    	11.7     	265   	11.6       	1.1        	3522      	-0.3
444       	17:07:45  	671.8 	11.3  	45    	11.8     	265   	11.7       	1.1        	3531      	-0.3
446       	17:07:47  	671.1 	11.1  	45    	11.9     	265   	11.8       	1.1        	3541      	-0.4
448       	17:07:49  	670.4 	11.0  	45    	11.9     	265   	11.8       	1.1        	3550      	-0.4
450       	17:07:51  	669.6 	10.9  	45    	11.9     	265   	11.8       	1.1        	3559      	-0.4
452       	17:07:53  	669.0 	10.8  	46    	11.9     	265   	11.8       	1.1        	3566      	-0.4
454       	17:07:55  	668.4 	10.8  	46    	11.9     	265   	11.8       	1.1        	3574      	-0.4
456       	17:07:57  	667.8 	10.7  	46    	12.0     	265   	11.9       	1.1        	3581      	-0.4
458       	17:07:59  	667.2 	10.6  	46    	11.9     	265   	11.9       	1.0        	3589      	-0.5
460       	17:08:01  	666.6 	10.5  	46    	11.9     	265   	11.9       	1.0        	3596      	-0.5
462       	17:08:03  	666.0 	10.5  	46    	11.9     	265   	11.9       	1.0        	3604      	-0.5
464       	17:08:05  	665.4 	10.4  	47    	11.9     	266   	11.9       	0.9        	3611      	-0.5
466       	17:08:07  	664.7 	10.3  	47    	12.0     	266   	12.0       	0.9        	3619      	-0.5
468       	17:08:09  	664.0 	10.3  	47    	12.0     	266   	12.0       	0.9        	3629      	-0.5
470       	17:08:11  	663.3 	10.2  	47    	12.0     	266   	12.0       	0.9        	3638      	-0.5
472       	17:08:13  	662.6 	10.1  	48    	12.0     	266   	12.0       	0.9        	3647      	-0.5
474       	17:08:15  	661.9 	10.0  	48    	12.0     	266   	12.0       	0.9        	3656      	-0.5
476       	17:08:17  	661.2 	9.9   	48    	12.1     	266   	12.1       	0.9        	3664      	-0.5
478       	17:08:19  	660.5 	9.9   	48    	12.1     	266   	12.1       	0.9        	3673      	-0.5
480       	17:08:21  	659.8 	9.8   	49    	12.1     	266   	12.1       	0.9        	3682      	-0.5
482       	17:08:23  	659.1 	9.7   	49    	12.1     	266   	12.1       	0.9        	3690      	-0.5
484       	17:08:25  	658.4 	9.6   	49    	12.2     	266   	12.2       	0.9        	3699      	-0.5
486       	17:08:27  	657.8 	9.6   	49    	12.2     	266   	12.2       	0.9        	3708      	-0.6
488       	17:08:29  	657.1 	9.5   	49    	12.2     	266   	12.2       	0.9        	3716      	-0.6
490       	17:08:31  	656.5 	9.4   	50    	12.3     	266   	12.3       	0.9        	3724      	-0.6
492       	17:08:33  	655.8 	9.3   	50    	12.2     	265   	12.2       	1.0        	3732      	-0.6
494       	17:08:35  	655.2 	9.2   	50    	12.2     	265   	12.2       	1.0        	3740      	-0.7
496       	17:08:37  	654.5 	9.1   	50    	12.2     	265   	12.2       	1.0        	3748      	-0.7
498       	17:08:39  	653.9 	9.1   	50    	12.1     	265   	12.1       	1.1        	3756      	-0.7
500       	17:08:41  	653.2 	9.0   	50    	12.1     	265   	12.1       	1.1        	3765      	-0.7
502       	17:08:43  	652.6 	8.9   	51    	12.1     	264   	12.0       	1.2        	3773      	-0.7
504       	17:08:45  	651.9 	8.8   	51    	12.1     	264   	12.0       	1.2        	3781      	-0.8
506       	17:08:47  	651.3 	8.8   	51    	12.0     	264   	11.9       	1.3        	3790      	-0.8
508       	17:08:49  	650.7 	8.7   	51    	12.0     	263   	11.9       	1.4        	3798      	-0.8
510       	17:08:51  	650.0 	8.6   	51    	11.9     	263   	11.8       	1.5        	3806      	-0.9
512       	17:08:53  	649.3 	8.5   	52    	11.9     	263   	11.8       	1.5        	3814      	-0.9
514       	17:08:55  	648.6 	8.4   	52    	11.9     	263   	11.8       	1.5        	3823      	-0.9
516       	17:08:57  	647.9 	8.4   	52    	11.8     	262   	11.7       	1.6        	3832      	-0.9
518       	17:08:59  	647.3 	8.3   	52    	11.7     	262   	11.6       	1.7        	3841      	-0.9
520       	17:09:01  	646.6 	8.2   	52    	11.6     	262   	11.5       	1.7        	3850      	-0.9
522       	17:09:03  	645.9 	8.1   	53    	11.5     	261   	11.4       	1.8        	3858      	-0.9
524       	17:09:05  	645.2 	8.1   	53    	11.5     	260   	11.3       	1.9        	3867      	-0.9
526       	17:09:07  	644.5 	8.0   	53    	11.4     	260   	11.2       	1.9        	3876      	-0.9
528       	17:09:09  	643.8 	7.9   	53    	11.3     	260   	11.1       	1.9        	3886      	-0.9
530       	17:09:11  	643.1 	7.8   	54    	11.2     	260   	11.0       	2.0        	3894      	-1.0
532       	17:09:13  	642.4 	7.8   	54    	11.1     	260   	10.9       	2.0        	3903      	-1.0
534       	17:09:15  	641.8 	7.7   	54    	11.0     	259   	10.8       	2.1        	3911      	-1.0
536       	17:09:17  	641.1 	7.6   	54    	11.0     	259   	10.8       	2.1        	3919      	-1.0
538       	17:09:19  	640.5 	7.5   	54    	11.0     	259   	10.8       	2.1        	3928      	-1.1
540       	17:09:21  	639.8 	7.4   	55    	10.9     	259   	10.7       	2.1        	3936      	-1.1
542       	17:09:23  	639.1 	7.3   	55    	10.9     	259   	10.7       	2.1        	3945      	-1.1
544       	17:09:25  	638.4 	7.2   	55    	10.9     	259   	10.7       	2.1        	3955      	-1.1
546       	17:09:27  	637.7 	7.1   	56    	10.9     	259   	10.7       	2.1        	3963      	-1.1
548       	17:09:29  	637.0 	7.1   	56    	10.9     	259   	10.7       	2.1        	3972      	-1.1
550       	17:09:31  	636.3 	7.0   	56    	11.0     	259   	10.8       	2.1        	3981      	-1.1
552       	17:09:33  	635.7 	6.9   	56    	11.0     	259   	10.8       	2.1        	3990      	-1.1
554       	17:09:35  	634.9 	6.8   	57    	11.0     	259   	10.8       	2.1        	3999      	-1.2
556       	17:09:37  	634.2 	6.7   	57    	11.0     	258   	10.8       	2.2        	4008      	-1.2
558       	17:09:39  	633.5 	6.7   	57    	11.0     	258   	10.8       	2.2        	4018      	-1.2
560       	17:09:41  	632.7 	6.6   	57    	10.9     	258   	10.7       	2.2        	4028      	-1.2
562       	17:09:43  	632.0 	6.5   	57    	10.9     	258   	10.7       	2.2        	4038      	-1.3
564       	17:09:45  	631.3 	6.4   	58    	10.9     	258   	10.7       	2.2        	4046      	-1.3
566       	17:09:47  	630.6 	6.3   	58    	10.9     	258   	10.7       	2.2        	4055      	-1.4
568       	17:09:49  	630.0 	6.3   	58    	10.8     	258   	10.6       	2.2        	4063      	-1.4
570       	17:09:51  	629.3 	6.2   	58    	10.8     	258   	10.6       	2.2        	4072      	-1.4
572       	17:09:53  	628.6 	6.1   	58    	10.8     	259   	10.6       	2.1        	4082      	-1.5
574       	17:09:55  	628.0 	6.1   	58    	10.8     	259   	10.6       	2.1        	4090      	-1.5
576       	17:09:57  	627.3 	6.0   	58    	10.8     	259   	10.6       	2.1        	4098      	-1.6
578       	17:09:59  	626.7 	5.9   	58    	10.8     	259   	10.6       	2.1        	4106      	-1.6
580       	17:10:01  	626.0 	5.8   	59    	10.8     	259   	10.6       	2.1        	4115      	-1.7
582       	17:10:03  	625.3 	5.7   	59    	10.9     	259   	10.7       	2.1        	4124      	-1.7
584       	17:10:05  	624.6 	5.7   	59    	10.9     	259   	10.7       	2.1        	4133      	-1.7
586       	17:10:07  	624.0 	5.6   	59    	10.9     	259   	10.7       	2.1        	4142      	-1.8
588       	17:10:09  	623.3 	5.5   	59    	10.9     	259   	10.7       	2.1        	4151      	-1.8
590       	17:10:11  	622.6 	5.4   	59    	11.0     	259   	10.8       	2.1        	4161      	-1.8
592       	17:10:13  	621.9 	5.3   	60    	11.0     	259   	10.8       	2.1        	4170      	-1.8
594       	17:10:15  	621.2 	5.3   	60    	11.0     	259   	10.8       	2.1        	4179      	-1.9
596       	17:10:17  	620.5 	5.2   	60    	11.1     	258   	10.9       	2.3        	4187      	-1.8
598       	17:10:19  	619.9 	5.2   	61    	11.4     	257   	11.1       	2.6        	4196      	-1.8
600       	17:10:21  	619.2 	5.1   	61    	11.6     	256   	11.3       	2.8        	4205      	-1.8
602       	17:10:23  	618.5 	5.0   	61    	11.8     	255   	11.4       	3.1        	4214      	-1.9
604       	17:10:25  	617.8 	4.9   	61    	12.1     	254   	11.6       	3.3        	4224      	-1.9
606       	17:10:27  	617.1 	4.8   	62    	12.2     	253   	11.7       	3.6        	4233      	-1.8
608       	17:10:29  	616.3 	4.7   	62    	12.5     	252   	11.9       	3.9        	4243      	-1.9
610       	17:10:31  	615.6 	4.7   	62    	12.8     	251   	12.1       	4.1        	4253      	-1.9
612       	17:10:33  	614.9 	4.6   	62    	13.0     	250   	12.2       	4.4        	4263      	-1.9
614       	17:10:35  	614.1 	4.6   	63    	13.2     	250   	12.4       	4.6        	4272      	-1.9
616       	17:10:37  	613.4 	4.5   	63    	13.3     	249   	12.4       	4.7        	4282      	-1.9
618       	17:10:39  	612.7 	4.5   	63    	13.3     	249   	12.4       	4.7        	4291      	-1.9
620       	17:10:41  	612.0 	4.4   	63    	13.3     	249   	12.4       	4.7        	4300      	-1.9
622       	17:10:43  	611.4 	4.3   	63    	13.3     	249   	12.4       	4.7        	4309      	-2.0
624       	17:10:45  	610.7 	4.3   	63    	13.3     	249   	12.4       	4.7        	4318      	-2.0
626       	17:10:47  	610.1 	4.2   	64    	13.4     	249   	12.5       	4.7        	4327      	-2.1
628       	17:10:49  	609.6 	4.1   	64    	13.6     	249   	12.7       	4.8        	4334      	-2.0
630       	17:10:51  	609.0 	4.1   	64    	13.8     	250   	12.9       	4.8        	4340      	-2.0
632       	17:10:53  	608.4 	4.0   	64    	14.0     	250   	13.1       	4.8        	4347      	-2.1
634       	17:10:55  	607.8 	3.9   	64    	14.2     	250   	13.3       	4.9        	4355      	-2.2
636       	17:10:57  	607.2 	3.8   	65    	14.5     	250   	13.6       	4.9        	4365      	-2.2
638       	17:10:59  	606.5 	3.7   	65    	14.7     	250   	13.8       	5.0        	4375      	-2.2
640       	17:11:01  	605.7 	3.7   	65    	14.9     	250   	14.0       	5.0        	4384      	-2.3
642       	17:11:03  	605.0 	3.6   	65    	15.1     	251   	14.2       	5.0        	4394      	-2.4
644       	17:11:05  	604.2 	3.5   	65    	15.3     	250   	14.4       	5.1        	4404      	-2.5
646       	17:11:07  	603.5 	3.4   	65    	15.5     	251   	14.6       	5.1        	4414      	-2.6
648       	17:11:09  	602.8 	3.3   	65    	15.5     	251   	14.6       	5.1        	4424      	-2.6
650       	17:11:11  	601.9 	3.2   	65    	15.5     	251   	14.6       	5.1        	4435      	-2.7
652       	17:11:13  	601.1 	3.1   	65    	15.5     	251   	14.6       	5.1        	4447      	-2.8
654       	17:11:15  	600.3 	3.0   	65    	15.5     	251   	14.6       	5.1        	4458      	-2.9
656       	17:11:17  	599.6 	3.0   	65    	15.6     	251   	14.7       	5.1        	4467      	-2.9
658       	17:11:19  	599.0 	2.9   	65    	15.7     	251   	14.8       	5.1        	4475      	-3.0
660       	17:11:21  	598.4 	2.8   	65    	15.7     	251   	14.9       	5.1        	4483      	-3.0
662       	17:11:23  	597.8 	2.8   	66    	15.8     	251   	15.0       	5.1        	4492      	-3.0
664       	17:11:25  	597.1 	2.7   	66    	15.9     	251   	15.1       	5.1        	4500      	-3.0
666       	17:11:27  	596.5 	2.6   	66    	16.1     	252   	15.3       	5.1        	4508      	-3.0
668       	17:11:29  	595.9 	2.6   	66    	16.2     	252   	15.4       	5.1        	4517      	-3.0
670       	17:11:31  	595.3 	2.5   	67    	16.3     	252   	15.5       	5.1        	4525      	-3.0
672       	17:11:33  	594.7 	2.4   	67    	16.4     	252   	15.6       	5.1        	4534      	-3.1
674       	17:11:35  	594.0 	2.3   	67    	16.5     	252   	15.7       	5.1        	4542      	-3.1
676       	17:11:37  	593.4 	2.2   	67    	16.5     	252   	15.7       	5.2        	4551      	-3.2
678       	17:11:39  	592.7 	2.2   	68    	16.5     	252   	15.7       	5.2        	4560      	-3.2
680       	17:11:41  	592.1 	2.1   	68    	16.6     	252   	15.8       	5.2        	4569      	-3.2
682       	17:11:43  	591.4 	2.0   	68    	16.7     	251   	15.8       	5.3        	4578      	-3.2
684       	17:11:45  	590.8 	1.9   	68    	16.7     	251   	15.8       	5.3        	4586      	-3.3
686       	17:11:47  	590.2 	1.8   	69    	16.8     	252   	15.9       	5.3        	4595      	-3.3
688       	17:11:49  	589.6 	1.7   	69    	16.8     	252   	15.9       	5.3        	4603      	-3.3
690       	17:11:51  	588.9 	1.7   	69    	16.8     	252   	15.9       	5.3        	4612      	-3.3
692       	17:11:53  	588.3 	1.6   	69    	16.8     	251   	15.9       	5.4        	4621      	-3.4
694       	17:11:55  	587.6 	1.5   	70    	16.8     	252   	15.9       	5.3        	4630      	-3.4
696       	17:11:57  	587.0 	1.4   	70    	16.8     	252   	15.9       	5.3        	4639      	-3.4
698       	17:11:59  	586.3 	1.3   	70    	16.8     	252   	15.9       	5.3        	4648      	-3.5
700       	17:12:01  	585.7 	1.2   	70    	16.8     	252   	15.9       	5.3        	4657      	-3.5
702       	17:12:03  	585.0 	1.2   	71    	16.7     	251   	15.8       	5.3        	4665      	-3.6
704       	17:12:05  	584.4 	1.1   	71    	16.7     	251   	15.8       	5.3        	4674      	-3.6
706       	17:12:07  	583.8 	1.0   	71    	16.7     	251   	15.8       	5.3        	4683      	-3.6
708       	17:12:09  	583.1 	0.9   	71    	16.7     	251   	15.8       	5.4        	4692      	-3.7
710       	17:12:11  	582.4 	0.8   	71    	16.7     	251   	15.8       	5.4        	4701      	-3.8
712       	17:12:13  	581.8 	0.7   	71    	16.7     	251   	15.8       	5.4        	4710      	-3.8
714       	17:12:15  	581.1 	0.6   	72    	16.7     	251   	15.8       	5.4        	4720      	-3.9
716       	17:12:17  	580.4 	0.6   	72    	16.7     	251   	15.8       	5.4        	4729      	-3.9
718       	17:12:19  	579.8 	0.5   	72    	16.7     	251   	15.8       	5.4        	4738      	-3.9
720       	17:12:21  	579.1 	0.4   	72    	16.7     	251   	15.8       	5.4        	4747      	-4.0
722       	17:12:23  	578.5 	0.3   	73    	16.7     	251   	15.8       	5.3        	4756      	-4.0
724       	17:12:25  	577.8 	0.2   	73    	16.7     	251   	15.8       	5.3        	4765      	-4.0
726       	17:12:27  	577.2 	0.1   	74    	16.5     	252   	15.7       	5.2        	4774      	-4.0
728       	17:12:29  	576.6 	0.0   	74    	16.5     	252   	15.7       	5.2        	4782      	-4.1
730       	17:12:31  	576.0 	-0.1  	74    	16.4     	252   	15.6       	5.1        	4791      	-4.1
732       	17:12:33  	575.4 	-0.1  	75    	16.3     	252   	15.5       	5.1        	4799      	-4.1
734       	17:12:35  	574.7 	-0.2  	75    	16.2     	252   	15.4       	5.1        	4808      	-4.1
736       	17:12:37  	574.1 	-0.3  	75    	16.1     	252   	15.3       	5.1        	4817      	-4.2
738       	17:12:39  	573.5 	-0.4  	75    	16.1     	252   	15.3       	5.0        	4826      	-4.2
740       	17:12:41  	572.8 	-0.5  	76    	15.9     	252   	15.2       	4.8        	4835      	-4.2
742       	17:12:43  	572.1 	-0.6  	76    	15.9     	253   	15.2       	4.6        	4845      	-4.3
744       	17:12:45  	571.4 	-0.7  	76    	15.8     	253   	15.1       	4.5        	4855      	-4.3
746       	17:12:47  	570.7 	-0.8  	77    	15.8     	254   	15.2       	4.3        	4866      	-4.3
748       	17:12:49  	570.0 	-0.9  	77    	15.8     	255   	15.2       	4.2        	4875      	-4.4
750       	17:12:51  	569.3 	-0.9  	77    	15.7     	255   	15.2       	4.0        	4885      	-4.4
752       	17:12:53  	568.6 	-1.0  	78    	15.8     	256   	15.3       	3.9        	4894      	-4.4
754       	17:12:55  	567.9 	-1.1  	78    	15.8     	256   	15.4       	3.7        	4904      	-4.5
756       	17:12:57  	567.2 	-1.2  	78    	15.9     	257   	15.5       	3.6        	4913      	-4.5
758       	17:12:59  	566.6 	-1.3  	79    	16.0     	257   	15.6       	3.5        	4923      	-4.5
760       	17:13:01  	566.0 	-1.3  	79    	16.0     	257   	15.6       	3.5        	4931      	-4.5
762       	17:13:03  	565.4 	-1.4  	79    	16.1     	257   	15.7       	3.5        	4939      	-4.6
764       	17:13:05  	564.8 	-1.5  	79    	16.1     	258   	15.7       	3.4        	4948      	-4.6
766       	17:13:07  	564.2 	-1.5  	80    	16.1     	258   	15.8       	3.3        	4956      	-4.6
768       	17:13:09  	563.7 	-1.6  	80    	16.2     	259   	15.9       	3.2        	4963      	-4.6
770       	17:13:11  	563.1 	-1.7  	80    	16.3     	259   	16.0       	3.1        	4972      	-4.6
772       	17:13:13  	562.5 	-1.8  	80    	16.3     	259   	16.0       	3.1        	4980      	-4.7
774       	17:13:15  	561.9 	-1.8  	80    	16.4     	259   	16.1       	3.0        	4988      	-4.7
776       	17:13:17  	561.3 	-1.9  	81    	16.4     	260   	16.1       	2.9        	4997      	-4.8
778       	17:13:19  	560.7 	-2.0  	81    	16.3     	260   	16.1       	2.8        	5005      	-4.8
780       	17:13:21  	560.1 	-2.1  	81    	16.3     	260   	16.1       	2.7        	5014      	-4.9
782       	17:13:23  	559.5 	-2.1  	81    	16.3     	261   	16.1       	2.6        	5022      	-4.9
784       	17:13:25  	559.0 	-2.2  	81    	16.3     	261   	16.1       	2.5        	5030      	-5.0
786       	17:13:27  	558.4 	-2.3  	81    	16.2     	261   	16.0       	2.5        	5039      	-5.0
788       	17:13:29  	557.8 	-2.3  	82    	16.2     	261   	16.0       	2.5        	5047      	-5.0
790       	17:13:31  	557.2 	-2.4  	82    	16.1     	261   	15.9       	2.5        	5055      	-5.1
792       	17:13:33  	556.6 	-2.5  	82    	16.1     	261   	15.9       	2.6        	5063      	-5.1
794       	17:13:35  	556.0 	-2.5  	82    	16.1     	261   	15.9       	2.6        	5072      	-5.2
796       	17:13:37  	555.4 	-2.6  	82    	16.0     	261   	15.8       	2.6        	5081      	-5.2
798       	17:13:39  	554.8 	-2.7  	82    	16.0     	260   	15.8       	2.7        	5089      	-5.3
800       	17:13:41  	554.3 	-2.8  	83    	16.0     	260   	15.8       	2.8        	5098      	-5.3
802       	17:13:43  	553.7 	-2.9  	83    	16.0     	260   	15.8       	2.8        	5106      	-5.3
804       	17:13:45  	553.1 	-2.9  	83    	16.1     	260   	15.8       	2.9        	5114      	-5.4
806       	17:13:47  	552.5 	-3.0  	84    	16.1     	260   	15.8       	2.9        	5122      	-5.4
808       	17:13:49  	551.9 	-3.1  	84    	16.0     	259   	15.7       	3.0        	5130      	-5.5
810       	17:13:51  	551.4 	-3.2  	84    	16.0     	259   	15.7       	3.0        	5139      	-5.5
812       	17:13:53  	550.8 	-3.3  	84    	16.0     	259   	15.7       	3.1        	5148      	-5.6
814       	17:13:55  	550.2 	-3.4  	84    	15.9     	259   	15.6       	3.1        	5157      	-5.6
816       	17:13:57  	549.6 	-3.4  	85    	15.9     	259   	15.6       	3.1        	5164      	-5.6
818       	17:13:59  	549.1 	-3.5  	85    	15.8     	259   	15.5       	3.1        	5172      	-5.7
820       	17:14:01  	548.5 	-3.6  	85    	15.8     	259   	15.5       	3.1        	5180      	-5.7
822       	17:14:03  	548.0 	-3.7  	86    	15.7     	259   	15.4       	3.1        	5188      	-5.7
824       	17:14:05  	547.4 	-3.7  	86    	15.7     	259   	15.4       	3.1        	5196      	-5.7
826       	17:14:07  	546.9 	-3.8  	87    	15.7     	259   	15.4       	3.1        	5203      	-5.7
828       	17:14:09  	546.4 	-3.9  	87    	15.7     	259   	15.4       	3.1        	5211      	-5.7
830       	17:14:11  	545.8 	-4.0  	87    	15.7     	259   	15.4       	3.1        	5219      	-5.8
832       	17:14:13  	545.2 	-4.0  	87    	15.8     	259   	15.5       	3.1        	5228      	-5.8
834       	17:14:15  	544.6 	-4.1  	88    	15.8     	259   	15.5       	3.1        	5237      	-5.8
836       	17:14:17  	544.0 	-4.2  	88    	15.8     	259   	15.5       	3.1        	5246      	-5.9
838       	17:14:19  	543.5 	-4.2  	88    	15.8     	258   	15.5       	3.2        	5254      	-6.0
840       	17:14:21  	542.9 	-4.3  	88    	15.9     	258   	15.6       	3.2        	5261      	-6.0
842       	17:14:23  	542.4 	-4.4  	88    	15.9     	258   	15.6       	3.3        	5269      	-6.0
844       	17:14:25  	541.9 	-4.4  	88    	16.0     	258   	15.7       	3.3        	5276      	-6.1
846       	17:14:27  	541.3 	-4.5  	88    	16.1     	258   	15.7       	3.4        	5284      	-6.1
848       	17:14:29  	540.8 	-4.5  	88    	16.2     	258   	15.8       	3.5        	5292      	-6.2
850       	17:14:31  	540.3 	-4.6  	89    	16.2     	258   	15.8       	3.5        	5299      	-6.2
852       	17:14:33  	539.8 	-4.7  	89    	16.2     	258   	15.8       	3.5        	5306      	-6.2
854       	17:14:35  	539.3 	-4.7  	89    	16.3     	257   	15.9       	3.6        	5314      	-6.2
856       	17:14:37  	538.8 	-4.8  	89    	16.4     	257   	16.0       	3.7        	5320      	-6.3
858       	17:14:39  	538.4 	-4.8  	90    	16.4     	257   	16.0       	3.8        	5327      	-6.3
860       	17:14:41  	537.9 	-4.9  	90    	16.6     	256   	16.1       	3.9        	5335      	-6.3
862       	17:14:43  	537.4 	-5.0  	90    	16.6     	256   	16.1       	3.9        	5342      	-6.4
864       	17:14:45  	536.8 	-5.0  	89    	16.7     	256   	16.2       	4.0        	5350      	-6.5
866       	17:14:47  	536.3 	-5.1  	89    	16.7     	256   	16.2       	4.0        	5357      	-6.6
868       	17:14:49  	535.8 	-5.2  	89    	16.7     	256   	16.2       	4.1        	5365      	-6.7
870       	17:14:51  	535.3 	-5.2  	89    	16.8     	256   	16.3       	4.1        	5372      	-6.8
872       	17:14:53  	534.8 	-5.3  	88    	16.8     	256   	16.3       	4.2        	5379      	-6.9
874       	17:14:55  	534.4 	-5.3  	88    	16.9     	255   	16.3       	4.3        	5386      	-7.0
876       	17:14:57  	533.9 	-5.4  	88    	16.9     	255   	16.3       	4.3        	5393      	-7.1
878       	17:14:59  	533.4 	-5.5  	88    	16.9     	255   	16.3       	4.3        	5400      	-7.2
880       	17:15:01  	532.9 	-5.5  	88    	16.9     	255   	16.3       	4.3        	5407      	-7.2
882       	17:15:03  	532.4 	-5.6  	88    	16.9     	255   	16.3       	4.4        	5415      	-7.3
884       	17:15:05  	531.9 	-5.7  	88    	16.8     	254   	16.2       	4.5        	5422      	-7.4
886       	17:15:07  	531.4 	-5.7  	88    	16.8     	254   	16.2       	4.6        	5429      	-7.4
888       	17:15:09  	530.9 	-5.8  	87    	16.8     	254   	16.2       	4.6        	5437      	-7.5
890       	17:15:11  	530.4 	-5.8  	87    	16.9     	254   	16.2       	4.7        	5445      	-7.6
892       	17:15:13  	529.9 	-5.8  	86    	16.8     	253   	16.1       	4.8        	5453      	-7.7
894       	17:15:15  	529.3 	-5.9  	86    	17.0     	253   	16.2       	5.0        	5461      	-7.8
896       	17:15:17  	528.8 	-5.9  	86    	17.0     	252   	16.2       	5.2        	5468      	-7.9
898       	17:15:19  	528.3 	-5.9  	85    	17.2     	252   	16.3       	5.4        	5476      	-8.0
900       	17:15:21  	527.8 	-6.0  	85    	17.2     	251   	16.3       	5.6        	5483      	-8.1
902       	17:15:23  	527.4 	-6.0  	85    	17.4     	251   	16.4       	5.8        	5490      	-8.1
904       	17:15:25  	526.9 	-6.0  	84    	17.5     	250   	16.5       	5.9        	5497      	-8.2
906       	17:15:27  	526.4 	-6.1  	84    	17.6     	250   	16.5       	6.1        	5504      	-8.3
908       	17:15:29  	526.0 	-6.1  	84    	17.8     	249   	16.6       	6.4        	5511      	-8.4
910       	17:15:31  	525.5 	-6.2  	84    	18.0     	248   	16.7       	6.7        	5518      	-8.5
912       	17:15:33  	525.0 	-6.2  	83    	18.1     	247   	16.7       	7.0        	5524      	-8.6
914       	17:15:35  	524.6 	-6.3  	83    	18.1     	247   	16.7       	7.1        	5531      	-8.7
916       	17:15:37  	524.1 	-6.3  	83    	18.2     	247   	16.7       	7.2        	5538      	-8.8
918       	17:15:39  	523.6 	-6.4  	82    	18.2     	246   	16.7       	7.3        	5545      	-8.9
920       	17:15:41  	523.2 	-6.4  	82    	18.4     	246   	16.8       	7.5        	5552      	-9.0
922       	17:15:43  	522.7 	-6.5  	81    	18.6     	246   	16.9       	7.7        	5559      	-9.1
924       	17:15:45  	522.3 	-6.6  	81    	18.6     	245   	16.9       	7.8        	5566      	-9.2
926       	17:15:47  	521.8 	-6.6  	81    	18.7     	245   	17.0       	7.9        	5572      	-9.3
928       	17:15:49  	521.4 	-6.7  	81    	18.8     	245   	17.0       	8.0        	5579      	-9.4
930       	17:15:51  	520.9 	-6.7  	81    	18.9     	245   	17.1       	8.1        	5586      	-9.4
932       	17:15:53  	520.5 	-6.8  	81    	19.0     	244   	17.1       	8.2        	5592      	-9.5
934       	17:15:55  	520.0 	-6.8  	81    	19.1     	244   	17.2       	8.3        	5599      	-9.5
936       	17:15:57  	519.5 	-6.9  	81    	19.1     	244   	17.2       	8.4        	5606      	-9.6
938       	17:15:59  	519.1 	-7.0  	81    	19.1     	244   	17.2       	8.4        	5613      	-9.6
940       	17:16:01  	518.6 	-7.0  	81    	19.2     	244   	17.2       	8.5        	5621      	-9.7
942       	17:16:03  	518.1 	-7.1  	81    	19.1     	244   	17.1       	8.5        	5628      	-9.8
944       	17:16:05  	517.7 	-7.2  	81    	19.1     	243   	17.1       	8.6        	5635      	-9.9
946       	17:16:07  	517.2 	-7.2  	81    	19.1     	243   	17.0       	8.7        	5642      	-10.0
948       	17:16:09  	516.7 	-7.3  	80    	19.1     	243   	17.0       	8.8        	5649      	-10.1
950       	17:16:11  	516.2 	-7.3  	80    	19.2     	242   	17.0       	8.9        	5656      	-10.2
952       	17:16:13  	515.8 	-7.4  	79    	19.1     	242   	16.9       	9.0        	5663      	-10.3
954       	17:16:15  	515.3 	-7.4  	79    	19.2     	242   	16.9       	9.1        	5670      	-10.4
956       	17:16:17  	514.9 	-7.5  	78    	19.2     	242   	16.9       	9.1        	5677      	-10.5
958       	17:16:19  	514.4 	-7.5  	78    	19.2     	241   	16.9       	9.2        	5684      	-10.7
960       	17:16:21  	513.9 	-7.5  	77    	19.2     	241   	16.8       	9.3        	5691      	-10.9
962       	17:16:23  	513.5 	-7.6  	76    	19.2     	241   	16.8       	9.3        	5698      	-11.0
964       	17:16:25  	513.0 	-7.6  	75    	19.2     	241   	16.7       	9.4        	5705      	-11.2
966       	17:16:27  	512.5 	-7.7  	74    	19.1     	241   	16.7       	9.3        	5712      	-11.4
968       	17:16:29  	512.1 	-7.7  	73    	19.1     	241   	16.7       	9.3        	5719      	-11.6
970       	17:16:31  	511.6 	-7.7  	72    	19.0     	241   	16.6       	9.3        	5726      	-11.9
972       	17:16:33  	511.1 	-7.8  	71    	19.0     	241   	16.6       	9.2        	5733      	-12.0
974       	17:16:35  	510.7 	-7.8  	71    	18.9     	241   	16.5       	9.2        	5741      	-12.2
976       	17:16:37  	510.2 	-7.9  	70    	18.8     	241   	16.4       	9.1        	5749      	-12.4
978       	17:16:39  	509.7 	-7.9  	69    	18.8     	241   	16.4       	9.1        	5756      	-12.6
980       	17:16:41  	509.2 	-8.0  	68    	18.6     	241   	16.3       	9.0        	5763      	-12.8
982       	17:16:43  	508.7 	-8.0  	67    	18.6     	241   	16.3       	9.0        	5770      	-12.9
984       	17:16:45  	508.3 	-8.1  	67    	18.5     	241   	16.2       	8.9        	5778      	-13.1
986       	17:16:47  	507.8 	-8.1  	66    	18.4     	241   	16.2       	8.8        	5785      	-13.3
988       	17:16:49  	507.3 	-8.2  	65    	18.3     	242   	16.1       	8.7        	5793      	-13.5
990       	17:16:51  	506.8 	-8.2  	65    	18.1     	242   	16.0       	8.5        	5800      	-13.6
992       	17:16:53  	506.3 	-8.3  	64    	18.1     	242   	16.0       	8.5        	5807      	-13.7
994       	17:16:55  	505.8 	-8.3  	64    	18.1     	242   	16.0       	8.4        	5815      	-13.9
996       	17:16:57  	505.4 	-8.4  	63    	17.9     	242   	15.9       	8.3        	5822      	-14.1
998       	17:16:59  	504.9 	-8.4  	63    	17.9     	243   	15.9       	8.2        	5829      	-14.2
1000      	17:17:01  	504.4 	-8.5  	62    	17.8     	243   	15.8       	8.2        	5837      	-14.4
1002      	17:17:03  	503.9 	-8.6  	61    	17.7     	243   	15.7       	8.1        	5844      	-14.6
1004      	17:17:05  	503.4 	-8.6  	61    	17.7     	243   	15.7       	8.1        	5852      	-14.8
1006      	17:17:07  	502.9 	-8.7  	60    	17.7     	243   	15.7       	8.1        	5859      	-15.0
1008      	17:17:09  	502.4 	-8.7  	59    	17.7     	243   	15.7       	8.1        	5867      	-15.2
1010      	17:17:11  	501.9 	-8.8  	58    	17.5     	243   	15.6       	7.9        	5875      	-15.5
1012      	17:17:13  	501.4 	-8.8  	57    	17.4     	244   	15.6       	7.7        	5883      	-15.8
1014      	17:17:15  	500.9 	-8.9  	56    	17.4     	244   	15.6       	7.6        	5891      	-16.1
1016      	17:17:17  	500.3 	-8.9  	54    	17.3     	245   	15.6       	7.4        	5899      	-16.4
1018      	17:17:19  	499.8 	-9.0  	53    	17.3     	245   	15.7       	7.3        	5908      	-16.7
1020      	17:17:21  	499.3 	-9.0  	52    	17.2     	246   	15.7       	7.1        	5916      	-17.1
1022      	17:17:23  	498.7 	-9.1  	50    	17.1     	247   	15.7       	6.8        	5925      	-17.5
1024      	17:17:25  	498.1 	-9.1  	49    	17.0     	248   	15.7       	6.4        	5934      	-17.8
1026      	17:17:27  	497.5 	-9.2  	49    	16.8     	249   	15.7       	6.0        	5943      	-18.0
1028      	17:17:29  	497.0 	-9.3  	48    	16.7     	250   	15.7       	5.6        	5952      	-18.1
1030      	17:17:31  	496.4 	-9.4  	48    	16.6     	251   	15.7       	5.4        	5960      	-18.3
1032      	17:17:33  	495.9 	-9.4  	48    	16.4     	252   	15.6       	5.1        	5968      	-18.4
1034      	17:17:35  	495.4 	-9.5  	48    	16.4     	253   	15.6       	4.9        	5977      	-18.5
1036      	17:17:37  	494.8 	-9.6  	47    	16.3     	254   	15.6       	4.6        	5985      	-18.6
1038      	17:17:39  	494.3 	-9.6  	47    	16.2     	255   	15.6       	4.3        	5994      	-18.7
1040      	17:17:41  	493.8 	-9.7  	47    	16.1     	256   	15.6       	4.0        	6002      	-18.9
1042      	17:17:43  	493.3 	-9.8  	47    	16.1     	256   	15.6       	3.9        	6009      	-19.0
1044      	17:17:45  	492.8 	-9.8  	47    	16.1     	256   	15.6       	3.8        	6017      	-19.0
1046      	17:17:47  	492.3 	-9.9  	47    	16.1     	256   	15.6       	3.8        	6025      	-19.1
1048      	17:17:49  	491.8 	-10.0 	47    	16.0     	257   	15.6       	3.7        	6033      	-19.1
1050      	17:17:51  	491.3 	-10.0 	47    	16.1     	257   	15.7       	3.5        	6041      	-18.3
1052      	17:17:53  	490.8 	-10.1 	47    	16.2     	258   	15.8       	3.4        	6048      	-18.4
1054      	17:17:55  	490.3 	-10.2 	47    	16.2     	258   	15.9       	3.3        	6055      	-18.4
1056      	17:17:57  	489.8 	-10.3 	47    	16.3     	259   	16.0       	3.2        	6063      	-18.5
1058      	17:17:59  	489.3 	-10.3 	47    	16.4     	259   	16.1       	3.2        	6072      	-18.6
1060      	17:18:01  	488.8 	-10.4 	47    	16.5     	259   	16.2       	3.1        	6080      	-18.7
1062      	17:18:03  	488.3 	-10.5 	46    	16.4     	260   	16.2       	2.8        	6088      	-18.8
1064      	17:18:05  	487.8 	-10.5 	46    	16.4     	261   	16.2       	2.6        	6096      	-18.9
1066      	17:18:07  	487.3 	-10.6 	46    	16.4     	262   	16.2       	2.4        	6104      	-19.1
1068      	17:18:09  	486.8 	-10.7 	45    	16.2     	262   	16.1       	2.2        	6110      	-19.3
1070      	17:18:11  	486.4 	-10.7 	44    	16.1     	263   	16.0       	2.1        	6117      	-19.6
1072      	17:18:13  	485.9 	-10.7 	42    	16.1     	263   	16.0       	1.9        	6125      	-20.0
1074      	17:18:15  	485.4 	-10.8 	39    	16.0     	265   	15.9       	1.5        	6134      	-20.8
1076      	17:18:17  	484.7 	-10.8 	37    	15.9     	267   	15.9       	0.9        	6142      	-21.5
1078      	17:18:19  	484.1 	-10.9 	35    	15.9     	269   	15.9       	0.3        	6153      	-22.1
1080      	17:18:21  	483.4 	-10.9 	33    	15.8     	271   	15.8       	-0.3       	6165      	-22.7
1082      	17:18:23  	482.7 	-10.9 	31    	15.9     	273   	15.9       	-0.7       	6177      	-23.5
1084      	17:18:25  	482.1 	-10.9 	28    	15.9     	274   	15.9       	-1.2       	6187      	-24.3
1086      	17:18:27  	481.4 	-10.9 	27    	16.1     	276   	16.0       	-1.7       	6197      	-24.9
1088      	17:18:29  	480.8 	-11.0 	26    	16.3     	280   	16.1       	-2.7       	6207      	-25.1
1090      	17:18:31  	480.3 	-11.0 	26    	16.7     	282   	16.3       	-3.6       	6215      	-25.3
1092      	17:18:33  	479.8 	-11.1 	25    	17.0     	285   	16.4       	-4.5       	6223      	-25.6
1094      	17:18:35  	479.3 	-11.1 	25    	17.3     	287   	16.5       	-5.2       	6230      	-25.7
1096      	17:18:37  	478.8 	-11.1 	25    	17.6     	289   	16.6       	-5.7       	6238      	-25.8
1098      	17:18:39  	478.3 	-11.2 	25    	17.8     	290   	16.7       	-6.2       	6246      	-25.7
1100      	17:18:41  	477.9 	-11.2 	25    	18.0     	291   	16.8       	-6.6       	6253      	-25.8
1102      	17:18:43  	477.4 	-11.3 	25    	18.2     	293   	16.8       	-7.1       	6261      	-25.7
1104      	17:18:45  	476.9 	-11.3 	26    	18.5     	294   	16.9       	-7.6       	6269      	-25.7
1106      	17:18:47  	476.5 	-11.4 	26    	18.8     	295   	17.0       	-8.0       	6276      	-25.7
1108      	17:18:49  	476.0 	-11.4 	26    	18.8     	295   	17.0       	-8.0       	6283      	-25.8
1110      	17:18:51  	475.5 	-11.5 	26    	18.8     	295   	17.0       	-8.0       	6291      	-25.8
1112      	17:18:53  	475.1 	-11.5 	26    	18.8     	295   	17.0       	-8.0       	6298      	-25.8
1114      	17:18:55  	474.6 	-11.6 	26    	18.7     	295   	17.0       	-7.9       	6306      	-25.8
1116      	17:18:57  	474.2 	-11.6 	26    	18.8     	295   	17.1       	-7.8       	6313      	-25.9
1118      	17:18:59  	473.6 	-11.7 	26    	18.8     	295   	17.1       	-7.8       	6321      	-26.0
1120      	17:19:01  	473.1 	-11.7 	26    	18.8     	294   	17.2       	-7.7       	6330      	-26.0
1122      	17:19:03  	472.6 	-11.7 	25    	18.8     	294   	17.2       	-7.6       	6338      	-26.1
1124      	17:19:05  	472.1 	-11.7 	25    	18.9     	293   	17.3       	-7.5       	6346      	-26.2
1126      	17:19:07  	471.6 	-11.7 	25    	18.8     	292   	17.4       	-7.2       	6354      	-26.3
1128      	17:19:09  	471.2 	-11.7 	25    	18.9     	291   	17.6       	-6.8       	6362      	-26.4
1130      	17:19:11  	470.7 	-11.8 	24    	18.9     	290   	17.8       	-6.5       	6369      	-26.6
1132      	17:19:13  	470.3 	-11.8 	24    	19.0     	289   	18.0       	-6.1       	6376      	-26.7
1134      	17:19:15  	469.8 	-11.8 	24    	19.1     	288   	18.2       	-5.8       	6384      	-26.8
1136      	17:19:17  	469.3 	-11.8 	24    	19.1     	287   	18.3       	-5.6       	6391      	-26.9
1138      	17:19:19  	468.9 	-11.8 	24    	19.2     	286   	18.5       	-5.3       	6399      	-26.9
1140      	17:19:21  	468.4 	-11.9 	24    	19.4     	284   	18.8       	-4.8       	6406      	-26.8
1142      	17:19:23  	467.9 	-11.9 	24    	19.5     	283   	19.0       	-4.3       	6414      	-26.8
1144      	17:19:25  	467.5 	-12.0 	24    	19.7     	281   	19.3       	-3.8       	6422      	-26.8
1146      	17:19:27  	467.0 	-12.0 	25    	19.8     	280   	19.5       	-3.4       	6429      	-26.7
1148      	17:19:29  	466.6 	-12.0 	25    	19.9     	279   	19.6       	-3.2       	6436      	-26.6
1150      	17:19:31  	466.1 	-12.1 	25    	19.9     	279   	19.7       	-3.0       	6444      	-26.5
1152      	17:19:33  	465.7 	-12.1 	25    	20.0     	278   	19.8       	-2.7       	6451      	-26.5
1154      	17:19:35  	465.2 	-12.2 	26    	20.0     	277   	19.9       	-2.4       	6458      	-26.5
1156      	17:19:37  	464.8 	-12.3 	26    	20.1     	276   	20.0       	-2.0       	6466      	-26.5
1158      	17:19:39  	464.3 	-12.3 	26    	20.2     	275   	20.1       	-1.7       	6473      	-26.5
1160      	17:19:41  	463.9 	-12.4 	26    	20.2     	275   	20.1       	-1.6       	6480      	-26.5
1162      	17:19:43  	463.4 	-12.5 	26    	20.2     	274   	20.1       	-1.5       	6488      	-26.6
1164      	17:19:45  	463.0 	-12.5 	26    	20.1     	274   	20.1       	-1.4       	6496      	-26.6
1166      	17:19:47  	462.5 	-12.6 	26    	20.0     	273   	20.0       	-1.2       	6504      	-26.7
1168      	17:19:49  	462.0 	-12.7 	26    	20.0     	273   	20.0       	-1.1       	6511      	-26.6
1170      	17:19:51  	461.5 	-12.7 	27    	19.9     	273   	19.9       	-0.9       	6519      	-26.5
1172      	17:19:53  	461.1 	-12.8 	27    	19.9     	272   	19.9       	-0.8       	6527      	-26.4
1174      	17:19:55  	460.6 	-12.8 	28    	19.8     	272   	19.8       	-0.7       	6535      	-26.3
1176      	17:19:57  	460.2 	-12.9 	28    	19.8     	272   	19.8       	-0.6       	6542      	-26.1
1178      	17:19:59  	459.8 	-12.9 	29    	19.8     	272   	19.8       	-0.6       	6548      	-25.9
1180      	17:20:01  	459.4 	-13.0 	29    	19.9     	271   	19.9       	-0.5       	6555      	-25.8
1182      	17:20:03  	459.0 	-13.0 	30    	19.9     	271   	19.9       	-0.5       	6562      	-25.7
1184      	17:20:05  	458.6 	-13.1 	30    	19.9     	271   	19.9       	-0.5       	6568      	-25.6
1186      	17:20:07  	458.2 	-13.1 	30    	20.0     	271   	20.0       	-0.5       	6575      	-25.6
1188      	17:20:09  	457.8 	-13.2 	31    	20.1     	271   	20.1       	-0.5       	6582      	-25.6
1190      	17:20:11  	457.3 	-13.2 	31    	20.1     	272   	20.1       	-0.6       	6589      	-25.6
1192      	17:20:13  	456.9 	-13.3 	31    	20.2     	272   	20.2       	-0.7       	6596      	-25.5
1194      	17:20:15  	456.5 	-13.3 	31    	20.2     	272   	20.2       	-0.7       	6603      	-25.5
1196      	17:20:17  	456.0 	-13.4 	31    	20.3     	272   	20.3       	-0.8       	6611      	-25.5
1198      	17:20:19  	455.6 	-13.5 	32    	20.3     	273   	20.3       	-0.9       	6618      	-25.5
1200      	17:20:21  	455.1 	-13.5 	32    	20.2     	273   	20.2       	-0.9       	6626      	-25.5
1202      	17:20:23  	454.7 	-13.6 	32    	20.2     	273   	20.2       	-1.0       	6633      	-25.5
1204      	17:20:25  	454.2 	-13.7 	32    	20.2     	273   	20.2       	-1.1       	6641      	-25.5
1206      	17:20:27  	453.8 	-13.7 	32    	20.1     	273   	20.1       	-1.2       	6648      	-25.6
1208      	17:20:29  	453.3 	-13.8 	32    	20.1     	274   	20.1       	-1.4       	6656      	-25.6
1210      	17:20:31  	452.9 	-13.9 	32    	20.1     	274   	20.0       	-1.5       	6664      	-25.6
1212      	17:20:33  	452.4 	-13.9 	33    	20.1     	275   	20.0       	-1.6       	6671      	-25.6
1214      	17:20:35  	452.0 	-14.0 	33    	20.1     	275   	20.0       	-1.7       	6679      	-25.6
1216      	17:20:37  	451.6 	-14.1 	33    	20.1     	275   	20.0       	-1.8       	6686      	-25.7
1218      	17:20:39  	451.1 	-14.1 	33    	20.1     	276   	20.0       	-2.0       	6692      	-25.7
1220      	17:20:41  	450.7 	-14.2 	33    	20.1     	276   	20.0       	-2.1       	6700      	-25.7
1222      	17:20:43  	450.2 	-14.3 	33    	20.1     	276   	20.0       	-2.2       	6708      	-25.7
1224      	17:20:45  	449.8 	-14.4 	34    	20.2     	276   	20.1       	-2.2       	6715      	-25.7
1226      	17:20:47  	449.3 	-14.4 	34    	20.2     	277   	20.1       	-2.3       	6723      	-25.7
1228      	17:20:49  	448.9 	-14.5 	34    	20.3     	276   	20.2       	-2.3       	6731      	-25.8
1230      	17:20:51  	448.4 	-14.6 	34    	20.3     	276   	20.2       	-2.3       	6739      	-25.8
1232      	17:20:53  	448.0 	-14.6 	34    	20.3     	277   	20.2       	-2.4       	6746      	-25.8
1234      	17:20:55  	447.5 	-14.7 	34    	20.4     	277   	20.2       	-2.5       	6753      	-25.9
1236      	17:20:57  	447.1 	-14.8 	34    	20.4     	277   	20.2       	-2.5       	6761      	-25.9
1238      	17:20:59  	446.7 	-14.8 	34    	20.4     	277   	20.2       	-2.5       	6768      	-25.9
1240      	17:21:01  	446.2 	-14.9 	35    	20.3     	277   	20.1       	-2.6       	6776      	-26.0
1242      	17:21:03  	445.8 	-15.0 	35    	20.3     	277   	20.1       	-2.6       	6783      	-26.0
1244      	17:21:05  	445.3 	-15.0 	35    	20.3     	278   	20.1       	-2.7       	6791      	-26.0
1246      	17:21:07  	444.9 	-15.1 	35    	20.2     	278   	20.0       	-2.7       	6798      	-26.0
1248      	17:21:09  	444.4 	-15.2 	35    	20.2     	278   	20.0       	-2.7       	6806      	-26.0
1250      	17:21:11  	444.0 	-15.2 	35    	20.1     	278   	19.9       	-2.8       	6814      	-26.0
1252      	17:21:13  	443.5 	-15.3 	36    	20.1     	278   	19.9       	-2.8       	6822      	-26.0
1254      	17:21:15  	443.0 	-15.4 	36    	20.1     	278   	19.9       	-2.8       	6830      	-26.0
1256      	17:21:17  	442.6 	-15.5 	36    	20.1     	278   	19.9       	-2.8       	6837      	-26.0
1258      	17:21:19  	442.2 	-15.5 	36    	20.1     	278   	19.9       	-2.8       	6845      	-26.0
1260      	17:21:21  	441.7 	-15.6 	36    	20.1     	278   	19.9       	-2.8       	6852      	-26.0
1262      	17:21:23  	441.3 	-15.7 	37    	20.0     	278   	19.8       	-2.8       	6860      	-26.1
1264      	17:21:25  	440.8 	-15.8 	37    	20.0     	278   	19.8       	-2.8       	6867      	-26.1
1266      	17:21:27  	440.4 	-15.8 	37    	20.0     	278   	19.8       	-2.8       	6875      	-26.1
1268      	17:21:29  	439.9 	-15.9 	37    	20.1     	278   	19.9       	-2.8       	6883      	-26.1
1270      	17:21:31  	439.5 	-16.0 	37    	20.1     	278   	19.9       	-2.8       	6891      	-26.2
1272      	17:21:33  	439.0 	-16.0 	37    	20.1     	278   	19.9       	-2.8       	6898      	-26.2
1274      	17:21:35  	438.6 	-16.1 	38    	20.2     	278   	20.0       	-2.8       	6906      	-26.2
1276      	17:21:37  	438.1 	-16.2 	38    	20.2     	278   	20.0       	-2.8       	6914      	-26.2
1278      	17:21:39  	437.7 	-16.3 	38    	20.2     	278   	20.0       	-2.8       	6922      	-26.3
1280      	17:21:41  	437.2 	-16.3 	38    	20.3     	278   	20.1       	-2.8       	6929      	-26.3
1282      	17:21:43  	436.8 	-16.4 	38    	20.3     	278   	20.1       	-2.8       	6937      	-26.3
1284      	17:21:45  	436.3 	-16.5 	38    	20.4     	278   	20.2       	-2.7       	6945      	-26.3
1286      	17:21:47  	435.9 	-16.6 	39    	20.4     	278   	20.2       	-2.7       	6953      	-26.4
1288      	17:21:49  	435.4 	-16.6 	39    	20.4     	278   	20.2       	-2.7       	6961      	-26.4
1290      	17:21:51  	435.0 	-16.7 	39    	20.4     	278   	20.2       	-2.7       	6968      	-26.4
1292      	17:21:53  	434.5 	-16.8 	39    	20.4     	278   	20.2       	-2.7       	6976      	-26.5
1294      	17:21:55  	434.1 	-16.9 	39    	20.4     	278   	20.2       	-2.7       	6983      	-26.6
1296      	17:21:57  	433.7 	-16.9 	39    	20.5     	278   	20.3       	-2.7       	6990      	-26.6
1298      	17:21:59  	433.2 	-17.0 	39    	20.5     	278   	20.3       	-2.7       	6998      	-26.6
1300      	17:22:01  	432.8 	-17.1 	39    	20.5     	278   	20.3       	-2.8       	7005      	-26.7
1302      	17:22:03  	432.4 	-17.2 	40    	20.5     	278   	20.3       	-2.8       	7013      	-26.7
1304      	17:22:05  	431.9 	-17.2 	40    	20.6     	278   	20.4       	-2.8       	7021      	-26.7
1306      	17:22:07  	431.5 	-17.3 	40    	20.6     	278   	20.4       	-2.8       	7029      	-26.7
1308      	17:22:09  	431.0 	-17.4 	40    	20.6     	278   	20.4       	-2.9       	7036      	-26.7
1310      	17:22:11  	430.6 	-17.5 	40    	20.7     	278   	20.5       	-2.9       	7044      	-26.7
1312      	17:22:13  	430.2 	-17.5 	41    	20.7     	278   	20.5       	-2.9       	7051      	-26.7
1314      	17:22:15  	429.8 	-17.6 	41    	20.7     	278   	20.5       	-3.0       	7058      	-26.7
1316      	17:22:17  	429.3 	-17.7 	41    	20.7     	278   	20.5       	-3.0       	7065      	-26.8
1318      	17:22:19  	428.9 	-17.8 	41    	20.8     	278   	20.6       	-3.0       	7073      	-26.8
1320      	17:22:21  	428.5 	-17.8 	42    	20.8     	278   	20.6       	-3.0       	7081      	-26.8
1322      	17:22:23  	428.0 	-17.9 	42    	20.9     	278   	20.7       	-2.9       	7089      	-26.8
1324      	17:22:25  	427.5 	-18.0 	42    	21.0     	278   	20.8       	-2.9       	7097      	-26.8
1326      	17:22:27  	427.1 	-18.1 	43    	21.1     	278   	20.9       	-2.9       	7105      	-26.8
1328      	17:22:29  	426.6 	-18.2 	43    	21.2     	278   	21.0       	-2.8       	7113      	-26.8
1330      	17:22:31  	426.1 	-18.2 	43    	21.3     	278   	21.1       	-2.8       	7122      	-26.8
1332      	17:22:33  	425.7 	-18.3 	43    	21.4     	277   	21.2       	-2.7       	7130      	-26.9
1334      	17:22:35  	425.2 	-18.4 	43    	21.4     	277   	21.2       	-2.7       	7138      	-26.9
1336      	17:22:37  	424.8 	-18.5 	44    	21.5     	277   	21.3       	-2.7       	7146      	-26.9
1338      	17:22:39  	424.3 	-18.5 	44    	21.5     	277   	21.3       	-2.6       	7154      	-26.9
1340      	17:22:41  	423.9 	-18.6 	44    	21.5     	277   	21.3       	-2.6       	7162      	-27.0
1342      	17:22:43  	423.4 	-18.7 	44    	21.5     	277   	21.3       	-2.6       	7170      	-27.0
1344      	17:22:45  	422.9 	-18.8 	45    	21.4     	277   	21.2       	-2.7       	7178      	-27.0
1346      	17:22:47  	422.4 	-18.8 	45    	21.5     	277   	21.3       	-2.6       	7186      	-27.0
1348      	17:22:49  	422.0 	-18.9 	45    	21.5     	277   	21.3       	-2.6       	7195      	-27.0
1350      	17:22:51  	421.5 	-19.0 	45    	21.5     	277   	21.3       	-2.6       	7203      	-27.1
1352      	17:22:53  	421.0 	-19.1 	45    	21.6     	277   	21.4       	-2.6       	7212      	-27.1
1354      	17:22:55  	420.5 	-19.2 	46    	21.7     	277   	21.5       	-2.6       	7221      	-27.1
1356      	17:22:57  	420.0 	-19.2 	46    	21.7     	277   	21.5       	-2.6       	7230      	-27.2
1358      	17:22:59  	419.5 	-19.3 	46    	21.7     	277   	21.6       	-2.5       	7239      	-27.2
1360      	17:23:01  	419.0 	-19.4 	47    	21.8     	276   	21.7       	-2.4       	7247      	-27.2
1362      	17:23:03  	418.5 	-19.5 	47    	21.9     	276   	21.8       	-2.3       	7256      	-27.2
1364      	17:23:05  	418.0 	-19.6 	47    	22.0     	276   	21.9       	-2.2       	7265      	-27.2
1366      	17:23:07  	417.5 	-19.6 	48    	22.0     	276   	21.9       	-2.2       	7273      	-27.2
1368      	17:23:09  	417.1 	-19.7 	48    	22.0     	275   	21.9       	-2.1       	7282      	-27.2
1370      	17:23:11  	416.6 	-19.8 	48    	22.0     	275   	21.9       	-2.0       	7291      	-27.2
1372      	17:23:13  	416.1 	-19.9 	48    	22.1     	275   	22.0       	-1.9       	7300      	-27.3
1374      	17:23:15  	415.6 	-20.0 	49    	22.2     	275   	22.1       	-1.8       	7308      	-27.3
1376      	17:23:17  	415.1 	-20.1 	49    	22.2     	275   	22.1       	-1.8       	7317      	-27.3
1378      	17:23:19  	414.6 	-20.2 	49    	22.2     	274   	22.1       	-1.7       	7326      	-27.3
1380      	17:23:21  	414.1 	-20.2 	49    	22.3     	274   	22.2       	-1.7       	7335      	-27.4
1382      	17:23:23  	413.6 	-20.3 	50    	22.3     	274   	22.2       	-1.7       	7344      	-27.4
1384      	17:23:25  	413.1 	-20.4 	50    	22.3     	274   	22.2       	-1.6       	7352      	-27.4
1386      	17:23:27  	412.7 	-20.5 	50    	22.3     	274   	22.3       	-1.4       	7361      	-27.4
1388      	17:23:29  	412.2 	-20.6 	50    	22.4     	273   	22.4       	-1.2       	7369      	-27.5
1390      	17:23:31  	411.7 	-20.6 	51    	22.4     	273   	22.4       	-1.0       	7378      	-27.5
1392      	17:23:33  	411.2 	-20.7 	51    	22.5     	272   	22.5       	-0.9       	7386      	-27.5
1394      	17:23:35  	410.8 	-20.8 	51    	22.5     	272   	22.5       	-0.7       	7395      	-27.5
1396      	17:23:37  	410.3 	-20.9 	51    	22.5     	271   	22.5       	-0.5       	7403      	-27.6
1398      	17:23:39  	409.9 	-20.9 	51    	22.7     	271   	22.7       	-0.4       	7411      	-27.6
1400      	17:23:41  	409.4 	-21.0 	52    	22.8     	271   	22.8       	-0.3       	7419      	-27.6
1402      	17:23:43  	408.9 	-21.1 	52    	22.9     	270   	22.9       	-0.1       	7428      	-27.7
1404      	17:23:45  	408.4 	-21.2 	52    	23.0     	270   	23.0       	-0.1       	7437      	-27.7
1406      	17:23:47  	408.0 	-21.2 	52    	23.1     	270   	23.1       	-0.2       	7445      	-27.8
1408      	17:23:49  	407.5 	-21.3 	52    	23.2     	270   	23.2       	-0.2       	7454      	-27.8
1410      	17:23:51  	407.0 	-21.4 	53    	23.4     	270   	23.4       	-0.2       	7462      	-27.8
1412      	17:23:53  	406.6 	-21.4 	53    	23.6     	271   	23.6       	-0.3       	7470      	-27.8
1414      	17:23:55  	406.1 	-21.5 	53    	23.8     	271   	23.8       	-0.4       	7479      	-27.9
1416      	17:23:57  	405.7 	-21.6 	53    	24.0     	271   	24.0       	-0.4       	7487      	-27.9
1418      	17:23:59  	405.2 	-21.7 	53    	24.1     	271   	24.1       	-0.4       	7495      	-28.0
1420      	17:24:01  	404.8 	-21.7 	53    	24.2     	271   	24.2       	-0.4       	7503      	-28.0
1422      	17:24:03  	404.4 	-21.8 	54    	24.3     	271   	24.3       	-0.5       	7511      	-28.1
1424      	17:24:05  	403.9 	-21.9 	54    	24.5     	271   	24.5       	-0.4       	7519      	-28.1
1426      	17:24:07  	403.4 	-22.0 	54    	24.7     	271   	24.7       	-0.4       	7527      	-28.2
1428      	17:24:09  	403.0 	-22.0 	54    	24.9     	271   	24.9       	-0.3       	7536      	-28.2
1430      	17:24:11  	402.5 	-22.1 	54    	25.0     	271   	25.0       	-0.3       	7545      	-28.3
1432      	17:24:13  	402.0 	-22.2 	54    	25.1     	271   	25.1       	-0.3       	7554      	-28.4
1434      	17:24:15  	401.5 	-22.3 	54    	25.2     	270   	25.2       	-0.2       	7562      	-28.4
1436      	17:24:17  	401.1 	-22.4 	55    	25.4     	270   	25.4       	-0.1       	7571      	-28.4
1438      	17:24:19  	400.6 	-22.4 	55    	25.6     	270   	25.6       	0.0        	7579      	-28.4
1440      	17:24:21  	400.1 	-22.5 	55    	25.9     	270   	25.9       	0.1        	7588      	-28.4
1442      	17:24:23  	399.7 	-22.6 	56    	26.1     	270   	26.1       	0.2        	7596      	-28.4
1444      	17:24:25  	399.2 	-22.7 	56    	26.2     	269   	26.2       	0.3        	7605      	-28.5
1446      	17:24:27  	398.7 	-22.7 	56    	26.3     	269   	26.3       	0.3        	7613      	-28.5
1448      	17:24:29  	398.3 	-22.8 	56    	26.5     	269   	26.5       	0.4        	7622      	-28.6
1450      	17:24:31  	397.8 	-22.9 	56    	26.7     	269   	26.7       	0.4        	7630      	-28.6
1452      	17:24:33  	397.4 	-23.0 	56    	26.8     	269   	26.8       	0.5        	7638      	-28.7
1454      	17:24:35  	396.9 	-23.0 	57    	27.0     	269   	27.0       	0.5        	7646      	-28.7
1456      	17:24:37  	396.5 	-23.1 	57    	27.1     	269   	27.1       	0.5        	7655      	-28.7
1458      	17:24:39  	396.0 	-23.2 	57    	27.2     	269   	27.2       	0.4        	7663      	-28.8
1460      	17:24:41  	395.6 	-23.3 	57    	27.3     	269   	27.3       	0.4        	7672      	-28.8
1462      	17:24:43  	395.1 	-23.3 	58    	27.5     	269   	27.5       	0.4        	7681      	-28.8
1464      	17:24:45  	394.6 	-23.4 	58    	27.8     	269   	27.8       	0.4        	7690      	-28.8
1466      	17:24:47  	394.1 	-23.5 	58    	28.1     	269   	28.1       	0.5        	7699      	-28.8
1468      	17:24:49  	393.6 	-23.5 	59    	28.3     	269   	28.3       	0.5        	7708      	-28.8
1470      	17:24:51  	393.2 	-23.6 	60    	28.5     	269   	28.5       	0.6        	7716      	-28.8
1472      	17:24:53  	392.7 	-23.7 	60    	28.8     	269   	28.8       	0.7        	7725      	-28.8
1474      	17:24:55  	392.2 	-23.8 	60    	29.0     	268   	29.0       	0.8        	7734      	-28.8
1476      	17:24:57  	391.8 	-23.8 	61    	29.5     	268   	29.5       	1.0        	7743      	-28.7
1478      	17:24:59  	391.3 	-23.9 	61    	30.0     	268   	30.0       	1.2        	7751      	-28.7
1480      	17:25:01  	390.8 	-23.9 	61    	30.5     	267   	30.5       	1.4        	7761      	-28.7
1482      	17:25:03  	390.3 	-24.0 	61    	30.9     	267   	30.9       	1.5        	7771      	-28.8
1484      	17:25:05  	389.7 	-24.0 	61    	31.2     	267   	31.2       	1.7        	7780      	-28.8
1486      	17:25:07  	389.1 	-24.0 	61    	31.6     	267   	31.5       	1.8        	7791      	-28.9
1488      	17:25:09  	388.6 	-24.1 	61    	32.0     	266   	31.9       	2.1        	7802      	-29.0
1490      	17:25:11  	387.9 	-24.1 	61    	32.4     	265   	32.3       	2.6        	7815      	-29.0
1492      	17:25:13  	387.2 	-24.2 	61    	32.9     	265   	32.8       	3.1        	7828      	-29.1
1494      	17:25:15  	386.5 	-24.3 	61    	33.4     	264   	33.2       	3.6        	7842      	-29.2
1496      	17:25:17  	385.8 	-24.3 	61    	33.6     	263   	33.4       	4.0        	7855      	-29.2
1498      	17:25:19  	385.1 	-24.4 	62    	33.9     	263   	33.6       	4.3        	7867      	-29.2
1500      	17:25:21  	384.4 	-24.5 	62    	34.2     	262   	33.9       	4.8        	7880      	-29.1
1502      	17:25:23  	383.6 	-24.6 	63    	34.8     	261   	34.4       	5.4        	7895      	-29.1
1504      	17:25:25  	382.8 	-24.6 	64    	35.4     	260   	34.9       	6.0        	7910      	-29.1
1506      	17:25:27  	382.0 	-24.7 	65    	36.0     	259   	35.4       	6.6        	7925      	-29.0
1508      	17:25:29  	381.2 	-24.7 	65    	36.5     	259   	35.8       	7.0        	7941      	-28.9
1510      	17:25:31  	380.4 	-24.7 	66    	36.8     	259   	36.1       	7.3        	7956      	-28.8
1512      	17:25:33  	379.7 	-24.7 	67    	37.2     	258   	36.4       	7.6        	7971      	-28.7
1514      	17:25:35  	379.1 	-24.7 	67    	38.0     	257   	37.0       	8.5        	7983      	-28.7
1516      	17:25:37  	378.5 	-24.7 	66    	38.8     	256   	37.6       	9.4        	7994      	-28.8
1518      	17:25:39  	377.9 	-24.7 	65    	39.5     	255   	38.2       	10.2       	8005      	-28.9
1520      	17:25:41  	377.4 	-24.7 	65    	40.1     	254   	38.6       	11.0       	8015      	-29.0
1522      	17:25:43  	376.9 	-24.7 	64    	40.6     	253   	38.9       	11.7       	8025      	-29.1
1524      	17:25:45  	376.4 	-24.7 	63    	41.1     	253   	39.2       	12.3       	8034      	-29.2
1526      	17:25:47  	375.9 	-24.7 	62    	41.6     	252   	39.5       	13.0       	8043      	-29.4
1528      	17:25:49  	375.5 	-24.7 	62    	42.1     	251   	39.8       	13.6       	8051      	-29.5
1530      	17:25:51  	375.0 	-24.8 	61    	42.6     	250   	40.1       	14.3       	8061      	-29.7
1532      	17:25:53  	374.5 	-24.9 	60    	42.9     	250   	40.3       	14.8       	8071      	-29.9
1534      	17:25:55  	374.0 	-25.0 	59    	43.1     	250   	40.4       	14.9       	8081      	-30.1
1536      	17:25:57  	373.5 	-25.1 	58    	43.1     	250   	40.4       	14.9       	8091      	-30.4
1538      	17:25:59  	373.0 	-25.1 	57    	43.1     	250   	40.4       	14.9       	8100      	-30.7
1540      	17:26:01  	372.5 	-25.2 	55    	42.9     	250   	40.3       	14.8       	8110      	-31.1
1542      	17:26:03  	372.0 	-25.3 	53    	42.8     	250   	40.2       	14.8       	8120      	-31.4
1544      	17:26:05  	371.5 	-25.4 	51    	42.7     	250   	40.1       	14.7       	8130      	-31.8
1546      	17:26:07  	370.9 	-25.4 	49    	42.5     	250   	39.9       	14.7       	8140      	-32.2
1548      	17:26:09  	370.4 	-25.5 	47    	42.4     	250   	39.8       	14.6       	8150      	-32.7
1550      	17:26:11  	370.0 	-25.5 	45    	42.3     	250   	39.7       	14.5       	8160      	-33.3
1552      	17:26:13  	369.5 	-25.6 	42    	42.0     	250   	39.5       	14.3       	8169      	-33.9
1554      	17:26:15  	369.0 	-25.6 	39    	41.8     	250   	39.4       	14.1       	8178      	-34.7
1556      	17:26:17  	368.5 	-25.6 	37    	41.6     	250   	39.2       	13.9       	8187      	-35.2
1558      	17:26:19  	368.0 	-25.6 	35    	41.4     	251   	39.1       	13.7       	8197      	-35.7
1560      	17:26:21  	367.5 	-25.7 	34    	41.3     	251   	39.0       	13.5       	8207      	-36.1
1562      	17:26:23  	367.0 	-25.7 	32    	41.2     	251   	39.0       	13.4       	8217      	-36.6
1564      	17:26:25  	366.5 	-25.7 	31    	41.2     	251   	39.0       	13.3       	8227      	-37.0
1566      	17:26:27  	366.0 	-25.7 	29    	41.1     	251   	39.0       	13.1       	8237      	-37.3
1568      	17:26:29  	365.5 	-25.7 	28    	41.1     	252   	39.0       	13.0       	8247      	-37.9
1570      	17:26:31  	365.0 	-25.7 	26    	41.0     	252   	38.9       	12.9       	8257      	-38.6
1572      	17:26:33  	364.5 	-25.7 	24    	41.0     	252   	38.9       	12.9       	8267      	-39.2
1574      	17:26:35  	364.0 	-25.8 	23    	41.0     	252   	38.9       	12.9       	8277      	-39.7
1576      	17:26:37  	363.5 	-25.8 	20    	41.0     	252   	38.9       	12.9       	8287      	-40.7
1578      	17:26:39  	363.0 	-25.9 	19    	41.0     	252   	38.9       	12.9       	8297      	-41.4
1580      	17:26:41  	362.6 	-25.9 	16    	40.9     	252   	38.9       	12.7       	8306      	-42.7
1582      	17:26:43  	362.1 	-26.0 	15    	40.9     	252   	38.9       	12.5       	8315      	-43.2
1584      	17:26:45  	361.7 	-26.0 	14    	40.9     	252   	39.0       	12.3       	8324      	-44.0
1586      	17:26:47  	361.2 	-26.1 	14    	40.8     	253   	39.0       	12.0       	8333      	-44.4
1588      	17:26:49  	360.7 	-26.1 	13    	40.7     	253   	39.0       	11.8       	8342      	-45.0
1590      	17:26:51  	360.3 	-26.1 	12    	40.7     	253   	39.0       	11.6       	8351      	-45.4
1592      	17:26:53  	359.8 	-26.1 	11    	40.6     	254   	39.0       	11.4       	8360      	-46.1
1594      	17:26:55  	359.4 	-26.2 	11    	40.6     	254   	39.0       	11.2       	8369      	-46.3
1596      	17:26:57  	358.9 	-26.2 	11    	40.5     	254   	39.0       	11.0       	8378      	-46.5
1598      	17:26:59  	358.5 	-26.2 	11    	40.5     	255   	39.0       	10.8       	8387      	-46.5
1600      	17:27:01  	358.0 	-26.2 	11    	40.5     	255   	39.0       	10.8       	8397      	-46.5
1602      	17:27:03  	357.6 	-26.2 	11    	40.5     	255   	39.0       	10.8       	8406      	-46.5
1604      	17:27:05  	357.1 	-26.2 	11    	40.5     	255   	39.0       	10.8       	8415      	-46.5
1606      	17:27:07  	356.7 	-26.3 	11    	40.5     	255   	39.0       	10.8       	8424      	-46.5
1608      	17:27:09  	356.2 	-26.3 	11    	40.5     	255   	39.0       	10.8       	8433      	-46.6
1610      	17:27:11  	355.8 	-26.3 	11    	40.5     	255   	39.0       	10.8       	8442      	-46.8
1612      	17:27:13  	355.3 	-26.4 	10    	40.4     	255   	39.0       	10.6       	8451      	-47.0
1614      	17:27:15  	354.9 	-26.5 	10    	40.2     	255   	38.9       	10.1       	8460      	-47.2
1616      	17:27:17  	354.5 	-26.6 	10    	40.1     	256   	38.9       	9.7        	8469      	-47.4
1618      	17:27:19  	354.0 	-26.6 	10    	39.9     	257   	38.8       	9.2        	8478      	-47.6
1620      	17:27:21  	353.6 	-26.7 	10    	39.7     	257   	38.7       	8.7        	8487      	-47.8
1622      	17:27:23  	353.1 	-26.7 	9     	39.6     	258   	38.7       	8.2        	8496      	-48.1
1624      	17:27:25  	352.7 	-26.8 	9     	39.4     	259   	38.6       	7.7        	8505      	-48.4
1626      	17:27:27  	352.3 	-26.8 	9     	39.2     	259   	38.5       	7.2        	8514      	-48.6
1628      	17:27:29  	351.8 	-26.8 	9     	39.1     	260   	38.5       	6.8        	8523      	-48.9
1630      	17:27:31  	351.4 	-26.8 	8     	38.9     	261   	38.4       	6.3        	8532      	-49.2
1632      	17:27:33  	350.9 	-26.8 	8     	38.9     	261   	38.4       	5.9        	8541      	-49.7
1634      	17:27:35  	350.5 	-26.8 	7     	38.9     	261   	38.4       	5.9        	8550      	-50.2
1636      	17:27:37  	350.1 	-26.8 	7     	38.9     	261   	38.4       	5.9        	8559      	-50.7
1638      	17:27:39  	349.6 	-26.7 	6     	38.9     	261   	38.4       	5.9        	8568      	-51.4
1640      	17:27:41  	349.2 	-26.7 	6     	39.0     	262   	38.6       	5.4        	8578      	-52.2
1642      	17:27:43  	348.7 	-26.7 	5     	39.2     	263   	38.9       	4.9        	8587      	-53.0
1644      	17:27:45  	348.3 	-26.6 	5     	39.4     	263   	39.1       	4.5        	8596      	-53.8
1646      	17:27:47  	347.8 	-26.6 	4     	39.6     	264   	39.4       	4.0        	8605      	-54.6
1648      	17:27:49  	347.4 	-26.5 	4     	39.8     	265   	39.6       	3.5        	8614      	-55.3
1650      	17:27:51  	347.0 	-26.5 	3     	40.0     	266   	39.9       	3.0        	8623      	-56.4
1652      	17:27:53  	346.5 	-26.6 	3     	40.2     	266   	40.1       	2.6        	8632      	-56.9
1654      	17:27:55  	346.1 	-26.6 	3     	40.5     	267   	40.4       	2.1        	8641      	-57.4
1656      	17:27:57  	345.7 	-26.6 	3     	40.6     	268   	40.6       	1.6        	8649      	-58.0
1658      	17:27:59  	345.3 	-26.6 	3     	40.8     	268   	40.8       	1.2        	8658      	-58.3
1660      	17:28:01  	344.9 	-26.6 	2     	40.8     	268   	40.8       	1.2        	8667      	-58.4
1662      	17:28:03  	344.4 	-26.6 	2     	40.8     	268   	40.8       	1.2        	8676      	-58.5
1664      	17:28:05  	344.0 	-26.7 	2     	40.8     	268   	40.8       	1.2        	8685      	-58.7
1666      	17:28:07  	343.6 	-26.7 	2     	40.8     	268   	40.8       	1.2        	8694      	-59.0
1668      	17:28:09  	343.1 	-26.8 	2     	40.8     	268   	40.8       	1.2        	8704      	-59.2
1670      	17:28:11  	342.7 	-26.9 	2     	40.8     	268   	40.8       	1.2        	8713      	-59.4
1672      	17:28:13  	342.3 	-26.9 	2     	40.8     	268   	40.8       	1.2        	8721      	-59.6
1674      	17:28:15  	341.9 	-27.0 	2     	40.9     	268   	40.9       	1.2        	8729      	-60.0
1676      	17:28:17  	341.5 	-27.0 	2     	41.6     	268   	41.6       	1.3        	8736      	-60.3
1678      	17:28:19  	341.1 	-27.1 	2     	42.4     	268   	42.4       	1.3        	8745      	-60.6
1680      	17:28:21  	340.7 	-27.1 	2     	43.1     	268   	43.1       	1.4        	8755      	-60.9
1682      	17:28:23  	340.2 	-27.2 	2     	43.8     	268   	43.8       	1.5        	8765      	-61.2
1684      	17:28:25  	339.7 	-27.3 	2     	44.5     	268   	44.5       	1.5        	8775      	-61.3
1686      	17:28:27  	339.3 	-27.3 	2     	45.3     	268   	45.3       	1.6        	8785      	-61.5
1688      	17:28:29  	338.8 	-27.4 	2     	46.0     	268   	46.0       	1.7        	8795      	-61.7
1690      	17:28:31  	338.3 	-27.4 	2     	46.7     	268   	46.7       	1.7        	8805      	-62.0
1692      	17:28:33  	337.9 	-27.5 	2     	47.5     	268   	47.5       	1.8        	8815      	-62.2
1694      	17:28:35  	337.4 	-27.5 	2     	48.2     	268   	48.2       	1.8        	8824      	-62.4
1696      	17:28:37  	337.0 	-27.5 	2     	48.2     	268   	48.2       	1.8        	8834      	-62.5
1698      	17:28:39  	336.5 	-27.5 	2     	48.2     	268   	48.2       	1.8        	8843      	-62.6
1700      	17:28:41  	336.1 	-27.6 	2     	48.2     	268   	48.2       	1.8        	8852      	-62.8
1702      	17:28:43  	335.7 	-27.6 	2     	48.2     	268   	48.2       	1.8        	8861      	-62.8
1704      	17:28:45  	335.3 	-27.6 	1     	48.2     	268   	48.2       	1.9        	8870      	-62.9
1706      	17:28:47  	334.8 	-27.6 	1     	48.5     	268   	48.5       	2.0        	8880      	-63.0
1708      	17:28:49  	334.4 	-27.7 	1     	48.8     	268   	48.8       	2.1        	8889      	-63.0
1710      	17:28:51  	334.0 	-27.7 	1     	49.2     	267   	49.1       	2.3        	8898      	-63.1
1712      	17:28:53  	333.6 	-27.7 	1     	49.5     	267   	49.4       	2.4        	8906      	-63.3
1714      	17:28:55  	333.2 	-27.7 	1     	49.8     	267   	49.7       	2.6        	8914      	-63.5
1716      	17:28:57  	332.8 	-27.8 	1     	50.1     	267   	50.0       	2.7        	8922      	-63.5
1718      	17:28:59  	332.4 	-27.9 	1     	50.4     	267   	50.3       	2.9        	8931      	-63.5
1720      	17:29:01  	332.0 	-27.9 	1     	50.7     	267   	50.6       	3.0        	8939      	-63.5
1722      	17:29:03  	331.6 	-28.0 	1     	51.0     	267   	50.9       	3.1        	8948      	-63.6
1724      	17:29:05  	331.2 	-28.1 	1     	51.3     	266   	51.2       	3.3        	8958      	-63.6
1726      	17:29:07  	330.7 	-28.2 	1     	51.3     	266   	51.2       	3.3        	8968      	-63.6
1728      	17:29:09  	330.3 	-28.2 	1     	51.5     	266   	51.4       	3.3        	8977      	-63.6
1730      	17:29:11  	329.9 	-28.3 	1     	51.7     	266   	51.6       	3.5        	8986      	-63.7
1732      	17:29:13  	329.5 	-28.4 	1     	52.0     	266   	51.9       	3.6        	8995      	-63.7
1734      	17:29:15  	329.1 	-28.5 	1     	52.2     	266   	52.1       	3.7        	9004      	-63.8
1736      	17:29:17  	328.6 	-28.5 	1     	52.5     	266   	52.4       	3.8        	9013      	-63.8
1738      	17:29:19  	328.2 	-28.6 	1     	52.8     	266   	52.7       	3.9        	9023      	-63.9
1740      	17:29:21  	327.8 	-28.7 	1     	53.1     	265   	52.9       	4.2        	9031      	-63.9
1742      	17:29:23  	327.4 	-28.8 	1     	53.3     	265   	53.1       	4.4        	9040      	-64.0
1744      	17:29:25  	327.0 	-28.8 	1     	53.5     	265   	53.3       	4.6        	9049      	-64.0
1746      	17:29:27  	326.6 	-28.9 	1     	53.7     	265   	53.5       	4.8        	9058      	-64.1
1748      	17:29:29  	326.2 	-28.9 	1     	53.8     	265   	53.6       	5.0        	9067      	-64.1
1750      	17:29:31  	325.8 	-29.0 	1     	53.7     	265   	53.5       	5.1        	9076      	-64.1
1752      	17:29:33  	325.4 	-29.1 	1     	53.8     	264   	53.5       	5.2        	9085      	-64.2
1754      	17:29:35  	325.0 	-29.2 	1     	53.7     	264   	53.4       	5.4        	9094      	-64.2
1756      	17:29:37  	324.6 	-29.2 	1     	53.6     	264   	53.3       	5.5        	9102      	-64.3
1758      	17:29:39  	324.2 	-29.3 	1     	53.5     	264   	53.2       	5.6        	9111      	-64.3
1760      	17:29:41  	323.7 	-29.4 	1     	53.5     	264   	53.2       	5.7        	9120      	-64.4
1762      	17:29:43  	323.3 	-29.5 	1     	53.5     	264   	53.2       	5.7        	9130      	-64.5
1764      	17:29:45  	322.9 	-29.5 	1     	53.4     	264   	53.1       	5.7        	9139      	-64.5
1766      	17:29:47  	322.5 	-29.6 	1     	53.4     	264   	53.1       	5.8        	9148      	-64.6
1768      	17:29:49  	322.1 	-29.7 	1     	53.3     	264   	53.0       	5.9        	9156      	-64.6
1770      	17:29:51  	321.7 	-29.7 	1     	53.2     	264   	52.9       	5.9        	9165      	-64.7
1772      	17:29:53  	321.4 	-29.8 	1     	53.2     	264   	52.9       	6.0        	9174      	-64.7
1774      	17:29:55  	321.0 	-29.9 	1     	53.2     	264   	52.9       	6.0        	9182      	-64.8
1776      	17:29:57  	320.6 	-30.0 	1     	53.1     	264   	52.8       	6.0        	9191      	-64.8
1778      	17:29:59  	320.2 	-30.0 	1     	53.2     	263   	52.8       	6.1        	9199      	-64.9
1780      	17:30:01  	319.8 	-30.1 	1     	53.3     	263   	52.9       	6.2        	9208      	-64.9
1782      	17:30:03  	319.4 	-30.1 	1     	53.3     	263   	52.9       	6.4        	9216      	-64.9
1784      	17:30:05  	319.1 	-30.2 	1     	53.3     	263   	52.9       	6.5        	9225      	-65.0
1786      	17:30:07  	318.7 	-30.2 	1     	53.4     	263   	53.0       	6.6        	9233      	-65.0
1788      	17:30:09  	318.3 	-30.3 	1     	53.5     	263   	53.1       	6.7        	9242      	-65.0
1790      	17:30:11  	317.9 	-30.3 	1     	53.5     	263   	53.1       	6.8        	9251      	-65.1
1792      	17:30:13  	317.5 	-30.4 	1     	53.8     	263   	53.3       	7.0        	9259      	-65.1
1794      	17:30:15  	317.1 	-30.5 	1     	54.0     	262   	53.5       	7.2        	9267      	-65.2
1796      	17:30:17  	316.8 	-30.5 	1     	54.2     	262   	53.7       	7.4        	9276      	-65.2
1798      	17:30:19  	316.4 	-30.6 	1     	54.3     	262   	53.8       	7.6        	9284      	-65.3
1800      	17:30:21  	316.0 	-30.7 	1     	54.4     	262   	53.9       	7.7        	9293      	-65.3
1802      	17:30:23  	315.6 	-30.7 	1     	54.6     	262   	54.0       	7.8        	9302      	-65.3
1804      	17:30:25  	315.2 	-30.8 	1     	54.8     	262   	54.2       	7.9        	9311      	-65.3
1806      	17:30:27  	314.8 	-30.8 	1     	55.1     	262   	54.5       	8.1        	9319      	-65.4
1808      	17:30:29  	314.5 	-30.9 	1     	55.3     	261   	54.7       	8.3        	9327      	-65.4
1810      	17:30:31  	314.1 	-30.9 	1     	55.6     	261   	54.9       	8.5        	9336      	-65.5
1812      	17:30:33  	313.7 	-31.0 	1     	55.8     	261   	55.1       	8.6        	9344      	-65.5
1814      	17:30:35  	313.3 	-31.1 	1     	55.9     	261   	55.2       	8.7        	9353      	-65.5
1816      	17:30:37  	313.0 	-31.1 	1     	56.1     	261   	55.4       	8.8        	9361      	-65.6
1818      	17:30:39  	312.6 	-31.2 	1     	56.3     	261   	55.6       	9.1        	9370      	-65.6
1820      	17:30:41  	312.2 	-31.2 	1     	56.6     	260   	55.8       	9.4        	9379      	-65.7
1822      	17:30:43  	311.8 	-31.3 	1     	56.8     	260   	56.0       	9.7        	9388      	-65.7
1824      	17:30:45  	311.4 	-31.4 	1     	57.1     	260   	56.2       	9.9        	9396      	-65.8
1826      	17:30:47  	311.1 	-31.4 	1     	57.1     	260   	56.2       	10.1       	9405      	-65.8
1828      	17:30:49  	310.7 	-31.4 	1     	57.2     	260   	56.3       	10.3       	9413      	-65.8
1830      	17:30:51  	310.3 	-31.5 	1     	57.4     	259   	56.4       	10.6       	9422      	-65.9
1832      	17:30:53  	309.9 	-31.5 	1     	57.7     	259   	56.6       	11.0       	9430      	-65.9
1834      	17:30:55  	309.6 	-31.6 	1     	57.8     	259   	56.7       	11.4       	9439      	-66.0
1836      	17:30:57  	309.2 	-31.6 	1     	58.1     	258   	56.9       	11.7       	9447      	-66.0
1838      	17:30:59  	308.9 	-31.7 	1     	58.2     	258   	57.0       	11.9       	9455      	-66.1
1840      	17:31:01  	308.5 	-31.7 	1     	58.3     	258   	57.0       	12.1       	9463      	-66.1
1842      	17:31:03  	308.1 	-31.8 	1     	58.4     	258   	57.1       	12.3       	9471      	-66.1
1844      	17:31:05  	307.8 	-31.8 	1     	58.5     	258   	57.1       	12.5       	9479      	-66.2
1846      	17:31:07  	307.4 	-31.8 	1     	58.6     	257   	57.2       	12.8       	9488      	-66.2
1848      	17:31:09  	307.1 	-31.9 	1     	58.7     	257   	57.2       	13.1       	9496      	-66.2
1850      	17:31:11  	306.7 	-31.9 	1     	58.7     	257   	57.2       	13.2       	9504      	-66.2
1852      	17:31:13  	306.4 	-32.0 	1     	58.7     	257   	57.2       	13.3       	9512      	-66.3
1854      	17:31:15  	306.0 	-32.0 	1     	58.7     	257   	57.2       	13.4       	9520      	-66.3
1856      	17:31:17  	305.7 	-32.1 	1     	58.7     	257   	57.1       	13.4       	9528      	-66.3
1858      	17:31:19  	305.3 	-32.1 	1     	58.5     	257   	56.9       	13.4       	9536      	-66.4
1860      	17:31:21  	305.0 	-32.2 	1     	58.3     	257   	56.7       	13.4       	9544      	-66.4
1862      	17:31:23  	304.6 	-32.2 	1     	58.1     	257   	56.5       	13.4       	9552      	-66.5
1864      	17:31:25  	304.3 	-32.3 	1     	57.8     	257   	56.3       	13.3       	9560      	-66.5
1866      	17:31:27  	304.0 	-32.4 	1     	57.6     	257   	56.1       	13.2       	9568      	-66.5
1868      	17:31:29  	303.6 	-32.4 	1     	57.4     	257   	55.9       	13.1       	9576      	-66.6
1870      	17:31:31  	303.3 	-32.5 	1     	57.2     	257   	55.7       	13.0       	9584      	-66.6
1872      	17:31:33  	302.9 	-32.5 	1     	56.9     	257   	55.4       	12.8       	9592      	-66.7
1874      	17:31:35  	302.5 	-32.6 	1     	56.5     	257   	55.1       	12.6       	9600      	-66.7
1876      	17:31:37  	302.2 	-32.6 	1     	56.3     	257   	54.9       	12.5       	9609      	-66.7
1878      	17:31:39  	301.9 	-32.6 	1     	56.2     	257   	54.8       	12.4       	9617      	-66.7
1880      	17:31:41  	301.5 	-32.7 	1     	56.1     	257   	54.7       	12.3       	9625      	-66.7
1882      	17:31:43  	301.2 	-32.7 	1     	55.8     	257   	54.5       	12.1       	9633      	-66.7
1884      	17:31:45  	300.8 	-32.8 	1     	55.5     	258   	54.2       	11.9       	9641      	-66.7
1886      	17:31:47  	300.5 	-32.8 	1     	55.1     	258   	53.9       	11.6       	9649      	-66.8
1888      	17:31:49  	300.1 	-32.8 	1     	54.9     	258   	53.7       	11.4       	9657      	-66.8
1890      	17:31:51  	299.8 	-32.9 	1     	54.7     	258   	53.5       	11.2       	9665      	-66.8
1892      	17:31:53  	299.5 	-32.9 	1     	54.4     	258   	53.3       	11.0       	9673      	-66.9
1894      	17:31:55  	299.1 	-33.0 	1     	54.2     	259   	53.1       	10.8       	9681      	-66.9
1896      	17:31:57  	298.8 	-33.0 	1     	53.9     	259   	52.9       	10.5       	9689      	-66.9
1898      	17:31:59  	298.4 	-33.1 	1     	53.6     	259   	52.6       	10.1       	9696      	-67.0
1900      	17:32:01  	298.1 	-33.1 	1     	53.3     	259   	52.4       	9.8        	9704      	-67.0
1902      	17:32:03  	297.8 	-33.2 	1     	53.1     	260   	52.2       	9.6        	9712      	-67.1
1904      	17:32:05  	297.4 	-33.2 	1     	53.0     	260   	52.1       	9.5        	9720      	-67.1
1906      	17:32:07  	297.1 	-33.3 	1     	52.9     	260   	52.1       	9.3        	9728      	-67.2
1908      	17:32:09  	296.8 	-33.3 	1     	52.7     	260   	51.9       	8.9        	9736      	-67.2
1910      	17:32:11  	296.5 	-33.3 	1     	52.5     	261   	51.8       	8.5        	9743      	-67.3
1912      	17:32:13  	296.1 	-33.3 	1     	52.2     	261   	51.6       	8.2        	9751      	-67.3
1914      	17:32:15  	295.8 	-33.3 	1     	52.1     	261   	51.5       	7.8        	9759      	-67.3
1916      	17:32:17  	295.5 	-33.3 	1     	52.0     	262   	51.4       	7.6        	9767      	-67.3
1918      	17:32:19  	295.1 	-33.4 	1     	51.8     	262   	51.3       	7.3        	9775      	-67.3
1920      	17:32:21  	294.8 	-33.4 	1     	51.8     	262   	51.3       	6.9        	9782      	-67.3
1922      	17:32:23  	294.5 	-33.4 	1     	51.6     	263   	51.2       	6.4        	9790      	-67.3
1924      	17:32:25  	294.2 	-33.4 	1     	51.4     	263   	51.1       	5.9        	9798      	-67.3
1926      	17:32:27  	293.9 	-33.4 	1     	51.3     	264   	51.0       	5.5        	9805      	-67.2
1928      	17:32:29  	293.5 	-33.4 	1     	51.3     	264   	51.0       	5.3        	9813      	-67.2
1930      	17:32:31  	293.2 	-33.5 	1     	51.3     	264   	51.0       	5.1        	9820      	-67.3
1932      	17:32:33  	292.9 	-33.5 	1     	51.3     	265   	51.1       	4.7        	9828      	-67.3
1934      	17:32:35  	292.6 	-33.5 	1     	51.4     	265   	51.2       	4.3        	9835      	-67.3
1936      	17:32:37  	292.3 	-33.6 	1     	51.5     	266   	51.3       	4.0        	9843      	-67.3
1938      	17:32:39  	292.0 	-33.6 	1     	51.6     	266   	51.5       	3.6        	9850      	-67.4
1940      	17:32:41  	291.7 	-33.6 	1     	51.7     	266   	51.6       	3.4        	9858      	-67.4
1942      	17:32:43  	291.3 	-33.7 	1     	51.8     	266   	51.7       	3.3        	9865      	-67.4
1944      	17:32:45  	291.0 	-33.7 	1     	52.1     	267   	52.0       	3.0        	9873      	-67.5
1946      	17:32:47  	290.7 	-33.7 	1     	52.5     	267   	52.4       	2.7        	9881      	-67.5
1948      	17:32:49  	290.4 	-33.7 	1     	52.8     	267   	52.7       	2.4        	9888      	-67.5
1950      	17:32:51  	290.1 	-33.8 	1     	53.1     	268   	53.1       	2.1        	9895      	-67.5
1952      	17:32:53  	289.8 	-33.8 	1     	53.3     	268   	53.3       	2.0        	9902      	-67.5
1954      	17:32:55  	289.5 	-33.8 	1     	53.5     	268   	53.5       	1.8        	9910      	-67.5
1956      	17:32:57  	289.2 	-33.8 	1     	53.7     	268   	53.7       	1.7        	9917      	-67.5
1958      	17:32:59  	288.9 	-33.9 	1     	54.0     	269   	54.0       	1.4        	9924      	-67.5
1960      	17:33:01  	288.6 	-33.9 	1     	54.3     	269   	54.3       	1.2        	9931      	-67.5
1962      	17:33:03  	288.3 	-33.9 	1     	54.6     	269   	54.6       	1.0        	9939      	-67.5
1964      	17:33:05  	288.0 	-33.9 	1     	54.8     	269   	54.8       	0.8        	9946      	-67.5
1966      	17:33:07  	287.7 	-34.0 	1     	54.9     	269   	54.9       	0.7        	9953      	-67.5
1968      	17:33:09  	287.4 	-34.0 	1     	55.0     	269   	55.0       	0.6        	9960      	-67.6
1970      	17:33:11  	287.2 	-34.0 	2     	55.1     	269   	55.1       	0.5        	9967      	-67.6
1972      	17:33:13  	286.9 	-34.1 	2     	55.4     	270   	55.4       	0.3        	9974      	-67.6
1974      	17:33:15  	286.6 	-34.1 	2     	55.6     	270   	55.6       	0.1        	9981      	-67.6
1976      	17:33:17  	286.3 	-34.1 	2     	55.8     	270   	55.8       	-0.1       	9988      	-67.6
1978      	17:33:19  	286.0 	-34.2 	2     	55.9     	270   	55.9       	-0.3       	9995      	-67.6
1980      	17:33:21  	285.7 	-34.2 	2     	56.0     	270   	56.0       	-0.4       	10002     	-67.6
1982      	17:33:23  	285.5 	-34.2 	2     	56.2     	271   	56.2       	-0.5       	10008     	-67.7
1984      	17:33:25  	285.2 	-34.3 	2     	56.5     	271   	56.5       	-0.7       	10015     	-67.7
1986      	17:33:27  	284.9 	-34.3 	2     	56.9     	271   	56.9       	-0.9       	10022     	-67.7
1988      	17:33:29  	284.6 	-34.3 	1     	57.2     	271   	57.2       	-1.1       	10030     	-67.8
1990      	17:33:31  	284.3 	-34.3 	1     	57.5     	271   	57.5       	-1.2       	10037     	-67.8
1992      	17:33:33  	284.0 	-34.3 	1     	57.7     	271   	57.7       	-1.3       	10044     	-67.9
1994      	17:33:35  	283.7 	-34.3 	1     	57.9     	271   	57.9       	-1.3       	10051     	-67.9
1996      	17:33:37  	283.4 	-34.3 	1     	58.2     	271   	58.2       	-1.5       	10058     	-67.9
1998      	17:33:39  	283.2 	-34.3 	1     	58.4     	272   	58.4       	-1.7       	10065     	-67.9
2000      	17:33:41  	282.9 	-34.4 	1     	58.7     	272   	58.7       	-1.9       	10072     	-68.0
2002      	17:33:43  	282.6 	-34.4 	1     	59.0     	272   	59.0       	-2.1       	10080     	-68.0
2004      	17:33:45  	282.3 	-34.4 	1     	59.0     	272   	59.0       	-2.2       	10087     	-68.0
2006      	17:33:47  	282.0 	-34.4 	1     	59.1     	272   	59.1       	-2.4       	10094     	-68.0
2008      	17:33:49  	281.7 	-34.4 	1     	59.3     	272   	59.2       	-2.5       	10102     	-68.0
2010      	17:33:51  	281.4 	-34.5 	1     	59.4     	273   	59.3       	-2.6       	10109     	-68.0
2012      	17:33:53  	281.1 	-34.5 	1     	59.5     	273   	59.4       	-2.7       	10116     	-68.0
2014      	17:33:55  	280.8 	-34.5 	1     	59.7     	273   	59.6       	-2.8       	10123     	-68.0
2016      	17:33:57  	280.5 	-34.5 	1     	59.8     	273   	59.7       	-2.8       	10131     	-68.0
2018      	17:33:59  	280.2 	-34.6 	2     	59.8     	273   	59.7       	-2.8       	10138     	-68.0
2020      	17:34:01  	279.9 	-34.6 	2     	59.9     	273   	59.8       	-2.7       	10145     	-68.0
2022      	17:34:03  	279.6 	-34.7 	2     	59.9     	272   	59.8       	-2.6       	10152     	-68.0
2024      	17:34:05  	279.4 	-34.7 	2     	59.8     	272   	59.8       	-2.4       	10159     	-68.0
2026      	17:34:07  	279.1 	-34.8 	2     	59.8     	272   	59.8       	-2.2       	10167     	-68.1
2028      	17:34:09  	278.8 	-34.8 	2     	59.8     	272   	59.8       	-2.1       	10174     	-68.1
2030      	17:34:11  	278.5 	-34.9 	2     	59.7     	272   	59.7       	-2.0       	10181     	-68.1
2032      	17:34:13  	278.2 	-34.9 	2     	59.7     	272   	59.7       	-1.8       	10188     	-68.2
2034      	17:34:15  	277.9 	-35.0 	2     	59.5     	272   	59.5       	-1.6       	10195     	-68.2
2036      	17:34:17  	277.6 	-35.0 	2     	59.4     	271   	59.4       	-1.4       	10202     	-68.2
2038      	17:34:19  	277.4 	-35.1 	2     	59.2     	271   	59.2       	-1.2       	10209     	-68.2
2040      	17:34:21  	277.1 	-35.1 	2     	59.1     	271   	59.1       	-1.1       	10216     	-68.3
2042      	17:34:23  	276.8 	-35.1 	2     	59.0     	271   	59.0       	-1.0       	10223     	-68.3
2044      	17:34:25  	276.5 	-35.2 	2     	58.9     	271   	58.9       	-0.9       	10230     	-68.3
2046      	17:34:27  	276.3 	-35.2 	2     	58.8     	271   	58.8       	-0.9       	10237     	-68.3
2048      	17:34:29  	276.0 	-35.3 	2     	58.7     	271   	58.7       	-0.8       	10244     	-68.4
2050      	17:34:31  	275.7 	-35.3 	2     	58.6     	271   	58.6       	-0.7       	10251     	-68.4
2052      	17:34:33  	275.4 	-35.4 	2     	58.6     	271   	58.6       	-0.6       	10258     	-68.4
2054      	17:34:35  	275.1 	-35.4 	2     	58.6     	271   	58.6       	-0.6       	10265     	-68.5
2056      	17:34:37  	274.9 	-35.5 	2     	58.6     	270   	58.6       	-0.5       	10273     	-68.5
2058      	17:34:39  	274.6 	-35.5 	2     	58.7     	270   	58.7       	-0.5       	10280     	-68.5
2060      	17:34:41  	274.3 	-35.6 	2     	58.8     	270   	58.8       	-0.4       	10287     	-68.5
2062      	17:34:43  	274.0 	-35.6 	2     	58.8     	270   	58.8       	-0.3       	10294     	-68.6
2064      	17:34:45  	273.7 	-35.7 	2     	58.9     	270   	58.9       	-0.2       	10301     	-68.6
2066      	17:34:47  	273.4 	-35.7 	2     	59.0     	270   	59.0       	-0.1       	10308     	-68.6
2068      	17:34:49  	273.2 	-35.8 	2     	59.1     	270   	59.1       	-0.1       	10316     	-68.6
2070      	17:34:51  	272.9 	-35.8 	2     	59.1     	270   	59.1       	0.0        	10323     	-68.7
2072      	17:34:53  	272.6 	-35.9 	2     	59.4     	270   	59.4       	0.1        	10330     	-68.8
2074      	17:34:55  	272.3 	-35.9 	2     	59.6     	270   	59.6       	0.2        	10337     	-68.8
2076      	17:34:57  	272.0 	-36.0 	2     	59.9     	270   	59.9       	0.3        	10344     	-68.8
2078      	17:34:59  	271.7 	-36.0 	2     	60.1     	270   	60.1       	0.4        	10351     	-68.9
2080      	17:35:01  	271.5 	-36.1 	2     	60.2     	270   	60.2       	0.4        	10359     	-68.9
2082      	17:35:03  	271.2 	-36.2 	2     	60.4     	270   	60.4       	0.5        	10366     	-69.0
2084      	17:35:05  	270.9 	-36.2 	2     	60.7     	270   	60.7       	0.5        	10373     	-69.0
2086      	17:35:07  	270.6 	-36.3 	2     	61.0     	269   	61.0       	0.6        	10381     	-69.0
2088      	17:35:09  	270.3 	-36.3 	2     	61.2     	269   	61.2       	0.6        	10388     	-69.0
2090      	17:35:11  	270.0 	-36.4 	2     	61.5     	269   	61.5       	0.6        	10395     	-69.1
2092      	17:35:13  	269.7 	-36.4 	2     	61.6     	269   	61.6       	0.6        	10403     	-69.1
2094      	17:35:15  	269.5 	-36.5 	2     	61.7     	269   	61.7       	0.6        	10410     	-69.1
2096      	17:35:17  	269.2 	-36.5 	2     	61.8     	269   	61.8       	0.6        	10418     	-69.1
2098      	17:35:19  	268.9 	-36.6 	2     	62.0     	269   	62.0       	0.6        	10425     	-69.2
2100      	17:35:21  	268.6 	-36.6 	2     	62.2     	269   	62.2       	0.6        	10433     	-69.2
2102      	17:35:23  	268.3 	-36.7 	2     	62.4     	269   	62.4       	0.6        	10440     	-69.3
2104      	17:35:25  	268.0 	-36.8 	2     	62.5     	269   	62.5       	0.7        	10447     	-69.3
2106      	17:35:27  	267.7 	-36.8 	2     	62.6     	269   	62.6       	0.7        	10455     	-69.3
2108      	17:35:29  	267.4 	-36.9 	2     	62.6     	269   	62.6       	0.7        	10462     	-69.4
2110      	17:35:31  	267.1 	-37.0 	2     	62.7     	269   	62.7       	0.8        	10470     	-69.4
2112      	17:35:33  	266.9 	-37.0 	2     	62.8     	269   	62.8       	0.8        	10478     	-69.4
2114      	17:35:35  	266.6 	-37.1 	2     	62.9     	269   	62.9       	0.8        	10485     	-69.5
2116      	17:35:37  	266.3 	-37.2 	2     	63.0     	269   	63.0       	0.9        	10492     	-69.5
2118      	17:35:39  	266.0 	-37.2 	2     	63.0     	269   	63.0       	0.9        	10500     	-69.5
2120      	17:35:41  	265.7 	-37.3 	2     	63.0     	269   	63.0       	0.9        	10507     	-69.6
2122      	17:35:43  	265.4 	-37.4 	2     	63.0     	269   	63.0       	0.9        	10514     	-69.6
2124      	17:35:45  	265.1 	-37.4 	2     	63.0     	269   	63.0       	1.0        	10522     	-69.7
2126      	17:35:47  	264.9 	-37.5 	2     	63.0     	269   	63.0       	1.1        	10529     	-69.7
2128      	17:35:49  	264.6 	-37.5 	2     	63.0     	269   	63.0       	1.2        	10537     	-69.8
2130      	17:35:51  	264.3 	-37.6 	2     	62.9     	269   	62.9       	1.3        	10544     	-69.9
2132      	17:35:53  	264.0 	-37.7 	2     	62.9     	269   	62.9       	1.4        	10552     	-69.9
2134      	17:35:55  	263.7 	-37.7 	2     	62.9     	269   	62.9       	1.5        	10560     	-70.0
2136      	17:35:57  	263.4 	-37.8 	2     	62.8     	269   	62.8       	1.6        	10567     	-70.0
2138      	17:35:59  	263.1 	-37.8 	2     	62.8     	268   	62.8       	1.8        	10575     	-70.0
2140      	17:36:01  	262.8 	-37.9 	2     	62.7     	268   	62.7       	2.0        	10583     	-70.1
2142      	17:36:03  	262.5 	-38.0 	2     	62.6     	268   	62.6       	2.2        	10590     	-70.1
2144      	17:36:05  	262.2 	-38.0 	2     	62.5     	268   	62.5       	2.3        	10598     	-70.1
2146      	17:36:07  	261.9 	-38.1 	2     	62.5     	268   	62.5       	2.4        	10606     	-70.2
2148      	17:36:09  	261.6 	-38.2 	2     	62.5     	268   	62.4       	2.5        	10613     	-70.2
2150      	17:36:11  	261.3 	-38.2 	2     	62.5     	268   	62.4       	2.5        	10621     	-70.3
2152      	17:36:13  	261.0 	-38.3 	2     	62.4     	268   	62.3       	2.5        	10629     	-70.3
2154      	17:36:15  	260.7 	-38.3 	2     	62.4     	268   	62.3       	2.5        	10637     	-70.3
2156      	17:36:17  	260.5 	-38.4 	2     	62.4     	268   	62.3       	2.5        	10645     	-70.4
2158      	17:36:19  	260.2 	-38.5 	2     	62.3     	268   	62.3       	2.4        	10652     	-70.4
2160      	17:36:21  	259.9 	-38.5 	2     	62.3     	268   	62.3       	2.3        	10660     	-70.5
2162      	17:36:23  	259.6 	-38.6 	2     	62.4     	268   	62.4       	2.2        	10668     	-70.5
2164      	17:36:25  	259.3 	-38.7 	2     	62.4     	268   	62.4       	2.1        	10675     	-70.6
2166      	17:36:27  	259.0 	-38.7 	2     	62.4     	268   	62.4       	2.0        	10683     	-70.6
2168      	17:36:29  	258.7 	-38.8 	2     	62.3     	268   	62.3       	1.8        	10691     	-70.7
2170      	17:36:31  	258.4 	-38.9 	2     	62.3     	268   	62.3       	1.8        	10699     	-70.7
2172      	17:36:33  	258.1 	-38.9 	2     	62.3     	268   	62.3       	1.8        	10707     	-70.8
2174      	17:36:35  	257.8 	-39.0 	2     	62.3     	268   	62.3       	1.7        	10715     	-70.8
2176      	17:36:37  	257.5 	-39.1 	2     	62.3     	269   	62.3       	1.6        	10723     	-70.8
2178      	17:36:39  	257.2 	-39.1 	2     	62.3     	269   	62.3       	1.5        	10731     	-70.9
2180      	17:36:41  	256.9 	-39.2 	2     	62.3     	269   	62.3       	1.4        	10739     	-70.9
2182      	17:36:43  	256.6 	-39.3 	2     	62.3     	269   	62.3       	1.3        	10746     	-71.0
2184      	17:36:45  	256.3 	-39.4 	2     	62.3     	269   	62.3       	1.2        	10754     	-71.0
2186      	17:36:47  	256.0 	-39.4 	2     	62.4     	269   	62.4       	1.2        	10762     	-71.1
2188      	17:36:49  	255.7 	-39.5 	2     	62.4     	269   	62.4       	1.1        	10770     	-71.1
2190      	17:36:51  	255.4 	-39.5 	2     	62.4     	269   	62.4       	1.0        	10778     	-71.1
2192      	17:36:53  	255.1 	-39.6 	2     	62.4     	269   	62.4       	1.0        	10786     	-71.2
2194      	17:36:55  	254.8 	-39.6 	2     	62.4     	269   	62.4       	0.9        	10794     	-71.2
2196      	17:36:57  	254.5 	-39.7 	2     	62.4     	269   	62.4       	0.9        	10803     	-71.2
2198      	17:36:59  	254.2 	-39.8 	2     	62.4     	269   	62.4       	0.9        	10810     	-71.3
2200      	17:37:01  	253.9 	-39.8 	2     	62.4     	269   	62.4       	0.9        	10818     	-71.3
2202      	17:37:03  	253.7 	-39.9 	2     	62.2     	269   	62.2       	1.0        	10826     	-71.3
2204      	17:37:05  	253.4 	-39.9 	2     	62.1     	269   	62.1       	1.0        	10834     	-71.4
2206      	17:37:07  	253.1 	-40.0 	2     	62.0     	269   	62.0       	1.1        	10842     	-71.4
2208      	17:37:09  	252.8 	-40.0 	2     	61.8     	269   	61.8       	1.1        	10849     	-71.5
2210      	17:37:11  	252.5 	-40.1 	2     	61.7     	269   	61.7       	1.1        	10858     	-71.5
2212      	17:37:13  	252.2 	-40.1 	2     	61.6     	269   	61.6       	1.1        	10866     	-71.5
2214      	17:37:15  	251.9 	-40.2 	2     	61.4     	269   	61.4       	1.1        	10874     	-71.5
2216      	17:37:17  	251.6 	-40.2 	2     	61.3     	269   	61.3       	1.1        	10883     	-71.6
2218      	17:37:19  	251.2 	-40.3 	2     	61.2     	269   	61.2       	1.1        	10891     	-71.6
2220      	17:37:21  	250.9 	-40.4 	2     	61.1     	269   	61.1       	1.1        	10900     	-71.7
2222      	17:37:23  	250.6 	-40.4 	2     	61.1     	269   	61.1       	1.0        	10908     	-71.7
2224      	17:37:25  	250.3 	-40.5 	2     	61.1     	269   	61.1       	1.0        	10917     	-71.8
2226      	17:37:27  	250.0 	-40.5 	2     	61.1     	269   	61.1       	0.9        	10925     	-71.8
2228      	17:37:29  	249.7 	-40.6 	2     	61.3     	269   	61.3       	0.7        	10933     	-71.8
2230      	17:37:31  	249.4 	-40.6 	2     	61.4     	270   	61.4       	0.5        	10941     	-71.9
2232      	17:37:33  	249.1 	-40.7 	2     	61.5     	270   	61.5       	0.3        	10949     	-71.9
2234      	17:37:35  	248.8 	-40.7 	2     	61.7     	270   	61.7       	0.2        	10957     	-72.0
2236      	17:37:37  	248.5 	-40.7 	2     	61.8     	270   	61.8       	0.0        	10965     	-72.0
2238      	17:37:39  	248.2 	-40.8 	2     	62.0     	270   	62.0       	-0.1       	10973     	-72.0
2240      	17:37:41  	247.9 	-40.8 	2     	62.4     	270   	62.4       	-0.5       	10982     	-72.0
2242      	17:37:43  	247.6 	-40.8 	2     	62.8     	271   	62.8       	-0.9       	10990     	-72.1
2244      	17:37:45  	247.3 	-40.9 	2     	63.2     	271   	63.2       	-1.2       	10998     	-72.1
2246      	17:37:47  	247.0 	-40.9 	2     	63.5     	271   	63.5       	-1.5       	11006     	-72.2
2248      	17:37:49  	246.7 	-40.9 	2     	63.8     	272   	63.8       	-1.7       	11014     	-72.2
2250      	17:37:51  	246.4 	-41.0 	2     	64.0     	272   	64.0       	-1.9       	11022     	-72.2
2252      	17:37:53  	246.1 	-41.0 	2     	64.3     	272   	64.3       	-2.2       	11031     	-72.1
2254      	17:37:55  	245.8 	-41.0 	2     	64.7     	272   	64.7       	-2.5       	11039     	-72.0
2256      	17:37:57  	245.5 	-41.1 	2     	65.1     	273   	65.0       	-2.9       	11047     	-71.9
2258      	17:37:59  	245.2 	-41.1 	2     	65.4     	273   	65.3       	-3.2       	11055     	-71.9
2260      	17:38:01  	244.9 	-41.1 	2     	65.4     	273   	65.3       	-3.4       	11064     	-71.9
2262      	17:38:03  	244.6 	-41.2 	2     	65.5     	273   	65.4       	-3.5       	11073     	-71.8
2264      	17:38:05  	244.3 	-41.3 	2     	65.6     	273   	65.5       	-3.6       	11081     	-71.7
2266      	17:38:07  	244.0 	-41.3 	2     	65.6     	273   	65.5       	-3.7       	11090     	-71.7
2268      	17:38:09  	243.7 	-41.4 	2     	65.6     	273   	65.5       	-3.8       	11099     	-71.8
2270      	17:38:11  	243.4 	-41.4 	2     	65.6     	273   	65.5       	-3.9       	11108     	-71.9
2272      	17:38:13  	243.1 	-41.5 	2     	65.6     	273   	65.5       	-4.0       	11116     	-71.9
2274      	17:38:15  	242.8 	-41.5 	2     	65.5     	273   	65.4       	-3.9       	11125     	-72.0
2276      	17:38:17  	242.5 	-41.6 	2     	65.5     	273   	65.4       	-3.9       	11133     	-72.0
2278      	17:38:19  	242.1 	-41.7 	2     	65.5     	273   	65.4       	-3.8       	11142     	-72.1
2280      	17:38:21  	241.8 	-41.7 	2     	65.4     	273   	65.3       	-3.8       	11150     	-72.2
2282      	17:38:23  	241.5 	-41.8 	2     	65.4     	273   	65.3       	-3.7       	11159     	-72.3
2284      	17:38:25  	241.2 	-41.9 	2     	65.3     	273   	65.2       	-3.6       	11167     	-72.4
2286      	17:38:27  	240.9 	-42.0 	2     	65.4     	273   	65.3       	-3.6       	11176     	-72.5
2288      	17:38:29  	240.6 	-42.0 	2     	65.4     	273   	65.3       	-3.6       	11185     	-72.5
2290      	17:38:31  	240.3 	-42.1 	2     	65.4     	273   	65.3       	-3.5       	11193     	-72.4
2292      	17:38:33  	240.0 	-42.2 	2     	65.4     	273   	65.3       	-3.5       	11202     	-72.4
2294      	17:38:35  	239.7 	-42.3 	2     	65.4     	273   	65.3       	-3.4       	11210     	-72.4
2296      	17:38:37  	239.4 	-42.3 	2     	65.4     	273   	65.3       	-3.4       	11219     	-72.4
2298      	17:38:39  	239.1 	-42.4 	2     	65.4     	273   	65.3       	-3.3       	11227     	-72.4
2300      	17:38:41  	238.8 	-42.5 	2     	65.4     	273   	65.3       	-3.3       	11236     	-72.4
2302      	17:38:43  	238.5 	-42.5 	2     	65.4     	273   	65.3       	-3.3       	11245     	-72.4
2304      	17:38:45  	238.2 	-42.6 	2     	65.5     	273   	65.4       	-3.2       	11254     	-72.4
2306      	17:38:47  	237.9 	-42.7 	2     	65.5     	273   	65.4       	-3.0       	11263     	-72.4
2308      	17:38:49  	237.5 	-42.7 	2     	65.5     	273   	65.4       	-2.9       	11272     	-72.5
2310      	17:38:51  	237.2 	-42.8 	2     	65.6     	272   	65.5       	-2.8       	11280     	-72.5
2312      	17:38:53  	236.9 	-42.9 	2     	65.6     	272   	65.5       	-2.7       	11289     	-72.5
2314      	17:38:55  	236.6 	-42.9 	2     	65.6     	272   	65.5       	-2.6       	11298     	-72.5
2316      	17:38:57  	236.3 	-43.0 	2     	65.6     	272   	65.6       	-2.5       	11307     	-72.5
2318      	17:38:59  	236.0 	-43.1 	2     	65.8     	272   	65.8       	-2.4       	11316     	-72.6
2320      	17:39:01  	235.7 	-43.1 	2     	66.0     	272   	66.0       	-2.3       	11325     	-72.6
2322      	17:39:03  	235.4 	-43.2 	2     	66.3     	272   	66.3       	-2.3       	11333     	-72.6
2324      	17:39:05  	235.1 	-43.3 	2     	66.5     	272   	66.5       	-2.3       	11342     	-72.7
2326      	17:39:07  	234.7 	-43.3 	2     	66.7     	272   	66.7       	-2.3       	11351     	-72.7
2328      	17:39:09  	234.4 	-43.4 	2     	66.9     	272   	66.9       	-2.3       	11361     	-72.8
2330      	17:39:11  	234.1 	-43.5 	2     	67.2     	272   	67.2       	-2.4       	11370     	-72.8
2332      	17:39:13  	233.8 	-43.5 	2     	67.6     	272   	67.6       	-2.5       	11379     	-72.8
2334      	17:39:15  	233.5 	-43.6 	2     	68.0     	272   	68.0       	-2.6       	11388     	-72.7
2336      	17:39:17  	233.1 	-43.7 	2     	68.5     	272   	68.4       	-2.7       	11398     	-72.7
2338      	17:39:19  	232.8 	-43.7 	2     	68.7     	272   	68.6       	-2.8       	11407     	-72.6
2340      	17:39:21  	232.5 	-43.8 	2     	68.8     	272   	68.7       	-2.9       	11416     	-72.6
2342      	17:39:23  	232.2 	-43.9 	2     	69.0     	272   	68.9       	-3.0       	11425     	-72.5
2344      	17:39:25  	231.9 	-43.9 	2     	69.4     	273   	69.3       	-3.3       	11434     	-72.3
2346      	17:39:27  	231.5 	-44.0 	2     	69.7     	273   	69.6       	-3.5       	11443     	-72.1
2348      	17:39:29  	231.2 	-44.0 	2     	70.1     	273   	70.0       	-3.8       	11452     	-72.0
2350      	17:39:31  	230.9 	-44.1 	2     	70.3     	273   	70.2       	-4.0       	11462     	-71.8
2352      	17:39:33  	230.6 	-44.1 	3     	70.5     	273   	70.4       	-4.2       	11471     	-71.7
2354      	17:39:35  	230.3 	-44.2 	3     	70.7     	273   	70.6       	-4.3       	11480     	-71.6
2356      	17:39:37  	230.0 	-44.2 	3     	70.9     	274   	70.8       	-4.5       	11489     	-71.6
2358      	17:39:39  	229.7 	-44.3 	3     	71.3     	274   	71.1       	-4.8       	11498     	-71.8
2360      	17:39:41  	229.4 	-44.3 	2     	71.5     	274   	71.3       	-5.0       	11507     	-72.0
2362      	17:39:43  	229.1 	-44.4 	2     	71.8     	274   	71.6       	-5.3       	11516     	-72.3
2364      	17:39:45  	228.7 	-44.4 	2     	71.9     	274   	71.7       	-5.3       	11525     	-72.6
2366      	17:39:47  	228.4 	-44.4 	2     	72.0     	274   	71.8       	-5.4       	11534     	-73.0
2368      	17:39:49  	228.1 	-44.5 	2     	72.1     	274   	71.9       	-5.4       	11543     	-73.4
2370      	17:39:51  	227.8 	-44.5 	2     	72.1     	274   	71.9       	-5.4       	11552     	-73.7
2372      	17:39:53  	227.5 	-44.6 	2     	72.2     	274   	72.0       	-5.3       	11561     	-74.0
2374      	17:39:55  	227.2 	-44.6 	2     	72.3     	274   	72.1       	-5.3       	11569     	-74.1
2376      	17:39:57  	226.9 	-44.6 	2     	72.3     	274   	72.1       	-5.2       	11578     	-74.2
2378      	17:39:59  	226.6 	-44.7 	2     	72.2     	274   	72.0       	-5.1       	11587     	-74.4
2380      	17:40:01  	226.3 	-44.7 	2     	72.2     	274   	72.0       	-5.0       	11596     	-74.5
2382      	17:40:03  	226.0 	-44.8 	2     	72.1     	274   	71.9       	-4.7       	11605     	-74.5
2384      	17:40:05  	225.7 	-44.8 	2     	71.9     	273   	71.8       	-4.3       	11614     	-74.6
2386      	17:40:07  	225.4 	-44.9 	2     	71.8     	273   	71.7       	-4.0       	11623     	-74.7
2388      	17:40:09  	225.1 	-44.9 	2     	71.7     	273   	71.6       	-3.8       	11633     	-74.8
2390      	17:40:11  	224.8 	-45.0 	2     	71.7     	273   	71.6       	-3.6       	11642     	-74.8
2392      	17:40:13  	224.5 	-45.0 	2     	71.6     	273   	71.5       	-3.4       	11651     	-74.8
2394      	17:40:15  	224.2 	-45.1 	2     	71.5     	272   	71.4       	-3.1       	11660     	-74.8
2396      	17:40:17  	223.9 	-45.2 	2     	71.3     	272   	71.2       	-2.8       	11669     	-74.9
2398      	17:40:19  	223.6 	-45.3 	2     	71.1     	272   	71.1       	-2.5       	11678     	-74.9
2400      	17:40:21  	223.3 	-45.3 	2     	70.9     	272   	70.9       	-2.3       	11687     	-74.9
2402      	17:40:23  	223.0 	-45.4 	2     	70.9     	272   	70.9       	-2.2       	11696     	-74.9
2404      	17:40:25  	222.7 	-45.5 	2     	70.8     	272   	70.8       	-2.1       	11705     	-75.0
2406      	17:40:27  	222.4 	-45.5 	2     	70.7     	272   	70.7       	-2.0       	11714     	-75.0
2408      	17:40:29  	222.1 	-45.6 	2     	70.6     	272   	70.6       	-1.9       	11723     	-75.1
2410      	17:40:31  	221.8 	-45.7 	2     	70.6     	271   	70.6       	-1.8       	11732     	-75.1
2412      	17:40:33  	221.5 	-45.8 	2     	70.6     	271   	70.6       	-1.7       	11741     	-75.2
2414      	17:40:35  	221.1 	-45.9 	2     	70.6     	271   	70.6       	-1.7       	11750     	-75.2
2416      	17:40:37  	220.8 	-46.0 	2     	70.7     	271   	70.7       	-1.7       	11760     	-75.3
2418      	17:40:39  	220.5 	-46.1 	2     	70.8     	271   	70.8       	-1.7       	11769     	-75.4
2420      	17:40:41  	220.2 	-46.2 	2     	70.8     	271   	70.8       	-1.7       	11779     	-75.4
2422      	17:40:43  	219.9 	-46.3 	2     	70.8     	271   	70.8       	-1.7       	11789     	-75.5
2424      	17:40:45  	219.6 	-46.4 	2     	70.8     	271   	70.8       	-1.8       	11798     	-75.6
2426      	17:40:47  	219.3 	-46.4 	2     	70.8     	271   	70.8       	-1.8       	11807     	-75.6
2428      	17:40:49  	219.0 	-46.5 	2     	70.7     	271   	70.7       	-1.8       	11817     	-75.7
2430      	17:40:51  	218.6 	-46.6 	2     	70.7     	271   	70.7       	-1.8       	11826     	-75.7
2432      	17:40:53  	218.3 	-46.7 	2     	70.7     	272   	70.7       	-1.9       	11836     	-75.8
2434      	17:40:55  	218.0 	-46.8 	2     	70.7     	272   	70.7       	-2.0       	11845     	-75.8
2436      	17:40:57  	217.7 	-46.9 	2     	70.7     	272   	70.7       	-2.2       	11854     	-75.8
2438      	17:40:59  	217.4 	-47.0 	2     	70.8     	272   	70.8       	-2.3       	11864     	-75.8
2440      	17:41:01  	217.1 	-47.1 	2     	70.8     	272   	70.8       	-2.5       	11873     	-75.8
2442      	17:41:03  	216.8 	-47.2 	2     	70.9     	272   	70.9       	-2.6       	11882     	-75.8
2444      	17:41:05  	216.5 	-47.2 	2     	71.1     	272   	71.0       	-2.7       	11892     	-75.8
2446      	17:41:07  	216.2 	-47.3 	2     	71.2     	272   	71.1       	-2.9       	11901     	-75.8
2448      	17:41:09  	215.9 	-47.4 	2     	71.3     	272   	71.2       	-3.1       	11910     	-75.7
2450      	17:41:11  	215.6 	-47.5 	2     	71.3     	273   	71.2       	-3.3       	11920     	-75.6
2452      	17:41:13  	215.3 	-47.6 	2     	71.4     	273   	71.3       	-3.4       	11929     	-75.6
2454      	17:41:15  	215.0 	-47.7 	2     	71.4     	273   	71.3       	-3.5       	11939     	-75.5
2456      	17:41:17  	214.6 	-47.8 	2     	71.3     	273   	71.2       	-3.6       	11948     	-75.4
2458      	17:41:19  	214.3 	-47.9 	2     	71.3     	273   	71.2       	-3.6       	11958     	-75.3
2460      	17:41:21  	214.0 	-47.9 	2     	71.2     	273   	71.1       	-3.7       	11968     	-75.2
2462      	17:41:23  	213.7 	-48.0 	2     	71.2     	273   	71.1       	-3.8       	11977     	-75.1
2464      	17:41:25  	213.4 	-48.1 	2     	71.1     	273   	71.0       	-3.9       	11986     	-75.0
2466      	17:41:27  	213.1 	-48.2 	2     	71.1     	273   	71.0       	-4.0       	11996     	-75.0
2468      	17:41:29  	212.8 	-48.3 	3     	71.1     	273   	71.0       	-4.0       	12005     	-74.9
2470      	17:41:31  	212.5 	-48.4 	3     	71.1     	273   	71.0       	-4.1       	12015     	-74.8
2472      	17:41:33  	212.2 	-48.4 	3     	71.0     	273   	70.9       	-4.0       	12024     	-74.7
2474      	17:41:35  	211.9 	-48.5 	3     	70.9     	273   	70.8       	-4.0       	12033     	-74.7
2476      	17:41:37  	211.6 	-48.6 	3     	70.8     	273   	70.7       	-4.0       	12043     	-74.6
2478      	17:41:39  	211.3 	-48.7 	3     	70.7     	273   	70.6       	-4.0       	12052     	-74.6
2480      	17:41:41  	211.0 	-48.7 	3     	70.6     	273   	70.5       	-3.9       	12061     	-74.5
2482      	17:41:43  	210.7 	-48.8 	3     	70.5     	273   	70.4       	-3.8       	12070     	-74.5
2484      	17:41:45  	210.4 	-48.9 	3     	70.4     	273   	70.3       	-3.8       	12080     	-74.5
2486      	17:41:47  	210.1 	-49.0 	3     	70.3     	273   	70.2       	-3.6       	12089     	-74.4
2488      	17:41:49  	209.8 	-49.0 	3     	70.1     	273   	70.0       	-3.4       	12099     	-74.5
2490      	17:41:51  	209.5 	-49.1 	3     	70.0     	273   	69.9       	-3.3       	12108     	-74.5
2492      	17:41:53  	209.2 	-49.2 	3     	69.9     	273   	69.8       	-3.1       	12118     	-74.5
2494      	17:41:55  	208.9 	-49.2 	3     	69.8     	272   	69.7       	-3.0       	12127     	-74.5
2496      	17:41:57  	208.6 	-49.3 	3     	69.7     	272   	69.6       	-2.9       	12137     	-74.5
2498      	17:41:59  	208.3 	-49.4 	3     	69.7     	272   	69.6       	-2.7       	12147     	-74.5
2500      	17:42:01  	207.9 	-49.4 	3     	69.5     	272   	69.5       	-2.6       	12156     	-74.5
2502      	17:42:03  	207.6 	-49.5 	3     	69.4     	272   	69.4       	-2.4       	12166     	-74.5
2504      	17:42:05  	207.3 	-49.6 	3     	69.4     	272   	69.4       	-2.3       	12176     	-74.6
2506      	17:42:07  	207.0 	-49.6 	3     	69.3     	272   	69.3       	-2.2       	12186     	-74.6
2508      	17:42:09  	206.7 	-49.7 	3     	69.3     	272   	69.3       	-2.2       	12195     	-74.6
2510      	17:42:11  	206.4 	-49.8 	3     	69.3     	272   	69.3       	-2.2       	12204     	-74.7
2512      	17:42:13  	206.1 	-49.9 	3     	69.3     	272   	69.3       	-2.2       	12213     	-74.8
2514      	17:42:15  	205.8 	-49.9 	3     	69.3     	272   	69.3       	-2.2       	12223     	-74.9
2516      	17:42:17  	205.6 	-50.0 	3     	69.2     	272   	69.2       	-2.3       	12232     	-75.0
2518      	17:42:19  	205.3 	-50.1 	3     	69.2     	272   	69.2       	-2.3       	12242     	-75.0
2520      	17:42:21  	205.0 	-50.2 	3     	69.2     	272   	69.2       	-2.4       	12251     	-75.0
2522      	17:42:23  	204.7 	-50.3 	3     	69.2     	272   	69.2       	-2.5       	12261     	-75.1
2524      	17:42:25  	204.4 	-50.3 	3     	69.2     	272   	69.1       	-2.7       	12270     	-75.1
2526      	17:42:27  	204.1 	-50.4 	3     	69.2     	272   	69.1       	-2.9       	12279     	-75.0
2528      	17:42:29  	203.8 	-50.5 	3     	69.1     	272   	69.0       	-3.0       	12288     	-75.0
2530      	17:42:31  	203.5 	-50.6 	3     	69.1     	273   	69.0       	-3.2       	12297     	-75.0
2532      	17:42:33  	203.2 	-50.7 	3     	69.1     	273   	69.0       	-3.3       	12307     	-75.0
2534      	17:42:35  	202.9 	-50.8 	3     	69.0     	273   	68.9       	-3.5       	12316     	-75.0
2536      	17:42:37  	202.7 	-50.9 	3     	69.0     	273   	68.9       	-3.6       	12325     	-75.0
2538      	17:42:39  	202.4 	-50.9 	3     	69.0     	273   	68.9       	-3.8       	12334     	-75.0
2540      	17:42:41  	202.1 	-51.0 	4     	69.0     	273   	68.9       	-4.1       	12343     	-75.0
2542      	17:42:43  	201.8 	-51.1 	4     	69.0     	274   	68.9       	-4.3       	12353     	-74.9
2544      	17:42:45  	201.5 	-51.2 	4     	69.1     	274   	69.0       	-4.5       	12362     	-74.9
2546      	17:42:47  	201.2 	-51.2 	4     	69.2     	274   	69.0       	-4.6       	12371     	-74.9
2548      	17:42:49  	200.9 	-51.3 	4     	69.3     	274   	69.1       	-4.8       	12381     	-74.9
2550      	17:42:51  	200.6 	-51.4 	4     	69.3     	274   	69.1       	-4.9       	12390     	-74.9
2552      	17:42:53  	200.4 	-51.4 	4     	69.3     	274   	69.1       	-5.1       	12399     	-74.9
2554      	17:42:55  	200.1 	-51.5 	4     	69.3     	274   	69.1       	-5.3       	12408     	-74.9
2556      	17:42:57  	199.8 	-51.6 	4     	69.3     	274   	69.1       	-5.4       	12418     	-74.9
2558      	17:42:59  	199.5 	-51.6 	4     	69.2     	275   	69.0       	-5.5       	12427     	-75.0
2560      	17:43:01  	199.2 	-51.7 	4     	69.2     	275   	69.0       	-5.6       	12436     	-75.0
2562      	17:43:03  	198.9 	-51.7 	4     	69.1     	275   	68.9       	-5.6       	12445     	-75.0
2564      	17:43:05  	198.7 	-51.8 	4     	69.0     	275   	68.8       	-5.8       	12454     	-75.1
2566      	17:43:07  	198.4 	-51.9 	4     	69.0     	275   	68.7       	-5.9       	12463     	-75.2
2568      	17:43:09  	198.1 	-51.9 	4     	68.9     	275   	68.6       	-6.0       	12472     	-75.2
2570      	17:43:11  	197.8 	-51.9 	4     	68.8     	275   	68.5       	-6.0       	12481     	-75.2
2572      	17:43:13  	197.6 	-52.0 	4     	68.8     	275   	68.5       	-6.1       	12490     	-75.3
2574      	17:43:15  	197.3 	-52.0 	4     	68.7     	275   	68.4       	-6.1       	12499     	-75.3
2576      	17:43:17  	197.0 	-52.1 	4     	68.7     	275   	68.4       	-6.3       	12507     	-75.4
2578      	17:43:19  	196.8 	-52.1 	4     	68.7     	275   	68.4       	-6.4       	12516     	-75.5
2580      	17:43:21  	196.5 	-52.2 	4     	68.6     	275   	68.3       	-6.5       	12525     	-75.5
2582      	17:43:23  	196.2 	-52.3 	4     	68.6     	276   	68.3       	-6.6       	12533     	-75.5
2584      	17:43:25  	196.0 	-52.3 	4     	68.6     	276   	68.3       	-6.6       	12542     	-75.6
2586      	17:43:27  	195.7 	-52.4 	4     	68.7     	276   	68.4       	-6.7       	12551     	-75.7
2588      	17:43:29  	195.4 	-52.4 	4     	68.6     	276   	68.3       	-6.8       	12560     	-75.7
2590      	17:43:31  	195.2 	-52.5 	4     	68.6     	276   	68.2       	-7.0       	12569     	-75.7
2592      	17:43:33  	194.9 	-52.5 	4     	68.6     	276   	68.2       	-7.1       	12578     	-75.8
2594      	17:43:35  	194.6 	-52.6 	4     	68.5     	276   	68.1       	-7.2       	12587     	-75.9
2596      	17:43:37  	194.4 	-52.6 	4     	68.4     	276   	68.0       	-7.3       	12595     	-76.0
2598      	17:43:39  	194.1 	-52.7 	4     	68.3     	276   	67.9       	-7.4       	12604     	-76.1
2600      	17:43:41  	193.8 	-52.7 	4     	68.3     	276   	67.9       	-7.4       	12613     	-76.1
2602      	17:43:43  	193.6 	-52.8 	4     	68.1     	276   	67.7       	-7.4       	12622     	-76.1
2604      	17:43:45  	193.3 	-52.8 	4     	68.0     	276   	67.6       	-7.4       	12631     	-76.2
2606      	17:43:47  	193.0 	-52.9 	4     	67.9     	276   	67.5       	-7.4       	12640     	-76.4
2608      	17:43:49  	192.8 	-52.9 	4     	67.8     	276   	67.4       	-7.3       	12648     	-76.5
2610      	17:43:51  	192.5 	-53.0 	3     	67.8     	276   	67.4       	-7.2       	12657     	-76.6
2612      	17:43:53  	192.3 	-53.0 	3     	67.8     	276   	67.4       	-7.1       	12666     	-76.7
2614      	17:43:55  	192.0 	-53.1 	3     	67.7     	276   	67.3       	-7.0       	12674     	-76.9
2616      	17:43:57  	191.7 	-53.2 	3     	67.5     	276   	67.2       	-6.8       	12683     	-77.1
2618      	17:43:59  	191.5 	-53.2 	3     	67.5     	276   	67.2       	-6.7       	12692     	-77.2
2620      	17:44:01  	191.2 	-53.3 	3     	67.4     	276   	67.1       	-6.5       	12701     	-77.3
2622      	17:44:03  	191.0 	-53.3 	3     	67.4     	275   	67.1       	-6.4       	12709     	-77.3
2624      	17:44:05  	190.7 	-53.4 	3     	67.4     	275   	67.1       	-6.3       	12718     	-77.4
2626      	17:44:07  	190.4 	-53.4 	3     	67.4     	275   	67.1       	-6.2       	12727     	-77.4
2628      	17:44:09  	190.2 	-53.5 	3     	67.3     	275   	67.0       	-6.0       	12736     	-77.4
2630      	17:44:11  	189.9 	-53.5 	3     	67.2     	275   	66.9       	-5.8       	12745     	-77.5
2632      	17:44:13  	189.7 	-53.6 	3     	67.0     	275   	66.8       	-5.6       	12753     	-77.5
2634      	17:44:15  	189.4 	-53.6 	3     	66.9     	275   	66.7       	-5.5       	12762     	-77.5
2636      	17:44:17  	189.1 	-53.7 	3     	66.8     	275   	66.6       	-5.4       	12771     	-77.6
2638      	17:44:19  	188.9 	-53.8 	3     	66.8     	275   	66.6       	-5.3       	12780     	-77.6
2640      	17:44:21  	188.6 	-53.8 	3     	66.7     	274   	66.5       	-5.1       	12789     	-77.7
2642      	17:44:23  	188.4 	-53.9 	3     	66.7     	274   	66.5       	-5.0       	12798     	-77.7
2644      	17:44:25  	188.1 	-54.0 	3     	66.7     	274   	66.5       	-4.9       	12806     	-77.8
2646      	17:44:27  	187.8 	-54.0 	3     	66.7     	274   	66.5       	-4.8       	12815     	-77.9
2648      	17:44:29  	187.6 	-54.1 	3     	66.7     	274   	66.5       	-4.8       	12823     	-78.0
2650      	17:44:31  	187.4 	-54.2 	3     	66.8     	274   	66.6       	-4.8       	12831     	-78.0
2652      	17:44:33  	187.1 	-54.2 	3     	66.9     	274   	66.7       	-4.8       	12840     	-78.1
2654      	17:44:35  	186.9 	-54.3 	3     	66.9     	274   	66.7       	-4.8       	12849     	-78.1
2656      	17:44:37  	186.6 	-54.4 	3     	67.0     	274   	66.8       	-4.7       	12857     	-78.2
2658      	17:44:39  	186.4 	-54.4 	3     	67.0     	274   	66.8       	-4.7       	12866     	-78.3
2660      	17:44:41  	186.1 	-54.5 	3     	67.1     	274   	66.9       	-4.6       	12874     	-78.3
2662      	17:44:43  	185.9 	-54.6 	3     	67.1     	274   	66.9       	-4.6       	12882     	-78.3
2664      	17:44:45  	185.6 	-54.6 	3     	67.1     	274   	66.9       	-4.6       	12891     	-78.4
2666      	17:44:47  	185.4 	-54.7 	3     	67.1     	274   	67.0       	-4.4       	12899     	-78.5
2668      	17:44:49  	185.2 	-54.8 	3     	67.2     	274   	67.1       	-4.2       	12907     	-78.6
2670      	17:44:51  	184.9 	-54.9 	3     	67.3     	273   	67.2       	-4.0       	12915     	-78.7
2672      	17:44:53  	184.7 	-54.9 	3     	67.4     	273   	67.3       	-3.8       	12923     	-78.7
2674      	17:44:55  	184.5 	-55.0 	3     	67.5     	273   	67.4       	-3.6       	12931     	-78.7
2676      	17:44:57  	184.3 	-55.1 	3     	67.6     	273   	67.5       	-3.5       	12938     	-78.8
2678      	17:44:59  	184.0 	-55.1 	3     	67.7     	273   	67.6       	-3.3       	12946     	-78.9
2680      	17:45:01  	183.8 	-55.2 	3     	67.9     	273   	67.8       	-3.0       	12954     	-78.9
2682      	17:45:03  	183.6 	-55.3 	3     	68.2     	272   	68.1       	-2.8       	12962     	-79.0
2684      	17:45:05  	183.3 	-55.3 	3     	68.3     	272   	68.3       	-2.5       	12970     	-79.0
2686      	17:45:07  	183.1 	-55.4 	3     	68.5     	272   	68.5       	-2.4       	12978     	-79.1
2688      	17:45:09  	182.9 	-55.5 	3     	68.6     	272   	68.6       	-2.3       	12987     	-79.1
2690      	17:45:11  	182.6 	-55.5 	3     	68.8     	272   	68.8       	-2.2       	12995     	-79.2
2692      	17:45:13  	182.4 	-55.6 	3     	69.0     	272   	69.0       	-2.1       	13003     	-79.3
2694      	17:45:15  	182.2 	-55.6 	3     	69.3     	272   	69.3       	-2.0       	13012     	-79.4
2696      	17:45:17  	181.9 	-55.7 	3     	69.6     	272   	69.6       	-1.9       	13020     	-79.4
2698      	17:45:19  	181.7 	-55.8 	3     	69.9     	271   	69.9       	-1.8       	13027     	-79.4
2700      	17:45:21  	181.5 	-55.8 	3     	70.0     	271   	70.0       	-1.8       	13035     	-79.5
2702      	17:45:23  	181.3 	-55.9 	3     	70.2     	271   	70.2       	-1.8       	13043     	-79.5
2704      	17:45:25  	181.0 	-55.9 	3     	70.3     	271   	70.3       	-1.8       	13051     	-79.5
2706      	17:45:27  	180.8 	-56.0 	3     	70.5     	271   	70.5       	-1.8       	13058     	-79.5
2708      	17:45:29  	180.6 	-56.1 	3     	70.7     	271   	70.7       	-1.8       	13067     	-79.5
2710      	17:45:31  	180.3 	-56.1 	3     	70.9     	271   	70.9       	-1.8       	13075     	-79.5
2712      	17:45:33  	180.1 	-56.2 	3     	70.9     	272   	70.9       	-1.9       	13083     	-79.6
2714      	17:45:35  	179.9 	-56.3 	3     	71.0     	272   	71.0       	-1.9       	13092     	-79.6
2716      	17:45:37  	179.6 	-56.3 	3     	71.0     	272   	71.0       	-1.9       	13100     	-79.7
2718      	17:45:39  	179.4 	-56.4 	3     	71.1     	272   	71.1       	-1.9       	13108     	-79.7
2720      	17:45:41  	179.2 	-56.5 	3     	71.2     	272   	71.2       	-1.9       	13117     	-79.7
2722      	17:45:43  	178.9 	-56.5 	3     	71.2     	272   	71.2       	-1.9       	13125     	-79.7
2724      	17:45:45  	178.7 	-56.6 	3     	71.3     	272   	71.3       	-1.9       	13133     	-79.7
2726      	17:45:47  	178.5 	-56.7 	3     	71.3     	272   	71.3       	-1.9       	13142     	-79.8
2728      	17:45:49  	178.2 	-56.7 	3     	71.3     	272   	71.3       	-1.9       	13151     	-79.8
2730      	17:45:51  	178.0 	-56.8 	3     	71.4     	271   	71.4       	-1.8       	13159     	-79.9
2732      	17:45:53  	177.7 	-56.9 	3     	71.5     	271   	71.5       	-1.8       	13167     	-79.9
2734      	17:45:55  	177.5 	-56.9 	3     	71.7     	271   	71.7       	-1.8       	13175     	-80.1
2736      	17:45:57  	177.3 	-57.0 	3     	71.8     	271   	71.8       	-1.8       	13183     	-80.4
2738      	17:45:59  	177.1 	-57.1 	3     	71.9     	272   	71.9       	-1.9       	13192     	-80.7
2740      	17:46:01  	176.8 	-57.1 	3     	72.0     	272   	72.0       	-1.9       	13200     	-81.0
2742      	17:46:03  	176.6 	-57.2 	3     	72.1     	272   	72.1       	-1.9       	13208     	-81.4
2744      	17:46:05  	176.4 	-57.2 	3     	72.1     	272   	72.1       	-2.1       	13216     	-81.7
2746      	17:46:07  	176.2 	-57.3 	2     	72.2     	272   	72.2       	-2.2       	13223     	-82.1
2748      	17:46:09  	175.9 	-57.4 	2     	72.3     	272   	72.3       	-2.4       	13231     	-82.4
2750      	17:46:11  	175.7 	-57.4 	2     	72.4     	272   	72.4       	-2.5       	13239     	-82.5
2752      	17:46:13  	175.5 	-57.5 	2     	72.4     	272   	72.4       	-2.6       	13247     	-82.5
2754      	17:46:15  	175.3 	-57.5 	2     	72.4     	272   	72.3       	-2.7       	13256     	-82.5
2756      	17:46:17  	175.0 	-57.6 	2     	72.5     	272   	72.4       	-2.9       	13264     	-82.4
2758      	17:46:19  	174.8 	-57.6 	2     	72.5     	272   	72.4       	-3.0       	13272     	-82.4
2760      	17:46:21  	174.6 	-57.7 	2     	72.5     	273   	72.4       	-3.2       	13280     	-82.3
2762      	17:46:23  	174.4 	-57.8 	3     	72.5     	273   	72.4       	-3.3       	13288     	-82.3
2764      	17:46:25  	174.1 	-57.8 	3     	72.5     	273   	72.4       	-3.3       	13297     	-82.3
2766      	17:46:27  	173.9 	-57.9 	3     	72.6     	273   	72.5       	-3.4       	13305     	-82.3
2768      	17:46:29  	173.7 	-57.9 	3     	72.6     	273   	72.5       	-3.4       	13314     	-82.4
2770      	17:46:31  	173.5 	-58.0 	3     	72.7     	273   	72.6       	-3.5       	13321     	-82.5
2772      	17:46:33  	173.2 	-58.1 	3     	72.8     	273   	72.7       	-3.6       	13329     	-82.5
2774      	17:46:35  	173.0 	-58.1 	3     	72.8     	273   	72.7       	-3.7       	13337     	-82.4
2776      	17:46:37  	172.8 	-58.2 	3     	72.9     	273   	72.8       	-3.7       	13345     	-82.4
2778      	17:46:39  	172.6 	-58.2 	3     	73.0     	273   	72.9       	-3.8       	13354     	-82.5
2780      	17:46:41  	172.3 	-58.3 	3     	73.0     	273   	72.9       	-3.8       	13362     	-82.6
2782      	17:46:43  	172.1 	-58.3 	3     	73.1     	273   	73.0       	-4.0       	13371     	-82.6
2784      	17:46:45  	171.9 	-58.4 	3     	73.0     	273   	72.9       	-4.2       	13380     	-82.6
2786      	17:46:47  	171.6 	-58.4 	3     	73.0     	273   	72.9       	-4.4       	13388     	-82.7
2788      	17:46:49  	171.4 	-58.4 	3     	73.0     	274   	72.9       	-4.6       	13397     	-82.9
2790      	17:46:51  	171.2 	-58.5 	2     	73.1     	274   	72.9       	-4.7       	13405     	-83.1
2792      	17:46:53  	170.9 	-58.5 	2     	73.0     	274   	72.8       	-4.9       	13413     	-83.1
2794      	17:46:55  	170.7 	-58.6 	2     	72.9     	274   	72.7       	-5.1       	13422     	-83.2
2796      	17:46:57  	170.5 	-58.6 	2     	72.8     	274   	72.6       	-5.3       	13430     	-83.3
2798      	17:46:59  	170.3 	-58.6 	2     	72.6     	274   	72.4       	-5.6       	13439     	-83.5
2800      	17:47:01  	170.0 	-58.7 	2     	72.5     	275   	72.3       	-5.9       	13447     	-83.6
2802      	17:47:03  	169.8 	-58.7 	2     	72.5     	275   	72.2       	-6.1       	13455     	-83.7
2804      	17:47:05  	169.6 	-58.7 	2     	72.4     	275   	72.1       	-6.2       	13463     	-83.8
2806      	17:47:07  	169.4 	-58.8 	2     	72.4     	275   	72.1       	-6.3       	13471     	-84.0
2808      	17:47:09  	169.1 	-58.8 	2     	72.2     	275   	71.9       	-6.4       	13479     	-84.1
2810      	17:47:11  	168.9 	-58.9 	2     	71.9     	275   	71.6       	-6.5       	13488     	-84.2
2812      	17:47:13  	168.7 	-58.9 	2     	71.7     	275   	71.4       	-6.7       	13496     	-84.2
2814      	17:47:15  	168.5 	-58.9 	2     	71.4     	275   	71.1       	-6.8       	13504     	-84.3
2816      	17:47:17  	168.3 	-59.0 	2     	71.2     	275   	70.9       	-6.8       	13512     	-84.3
2818      	17:47:19  	168.1 	-59.0 	2     	71.0     	275   	70.7       	-6.8       	13519     	-84.3
2820      	17:47:21  	167.9 	-59.1 	2     	70.8     	276   	70.5       	-6.9       	13528     	-84.3
2822      	17:47:23  	167.6 	-59.1 	2     	70.6     	276   	70.3       	-6.8       	13536     	-84.3
2824      	17:47:25  	167.4 	-59.2 	2     	70.4     	275   	70.1       	-6.7       	13544     	-84.3
2826      	17:47:27  	167.2 	-59.2 	2     	70.1     	275   	69.8       	-6.6       	13553     	-84.4
2828      	17:47:29  	167.0 	-59.3 	2     	70.0     	275   	69.7       	-6.5       	13561     	-84.4
2830      	17:47:31  	166.7 	-59.3 	2     	69.9     	275   	69.6       	-6.5       	13570     	-84.4
2832      	17:47:33  	166.5 	-59.3 	2     	69.9     	275   	69.6       	-6.4       	13578     	-84.4
2834      	17:47:35  	166.3 	-59.4 	2     	69.7     	275   	69.4       	-6.3       	13586     	-84.5
2836      	17:47:37  	166.1 	-59.4 	2     	69.4     	275   	69.1       	-6.2       	13594     	-84.5
2838      	17:47:39  	165.9 	-59.4 	2     	69.1     	275   	68.8       	-6.2       	13602     	-84.6
2840      	17:47:41  	165.6 	-59.5 	2     	68.9     	275   	68.6       	-6.1       	13611     	-84.6
2842      	17:47:43  	165.4 	-59.5 	2     	68.7     	275   	68.4       	-6.2       	13619     	-84.7
2844      	17:47:45  	165.2 	-59.6 	2     	68.5     	275   	68.2       	-6.2       	13627     	-84.7
2846      	17:47:47  	165.0 	-59.6 	2     	68.2     	275   	67.9       	-6.3       	13636     	-84.8
2848      	17:47:49  	164.8 	-59.7 	2     	67.8     	275   	67.5       	-6.3       	13644     	-84.8
2850      	17:47:51  	164.5 	-59.7 	2     	67.5     	275   	67.2       	-6.3       	13652     	-84.8
2852      	17:47:53  	164.3 	-59.8 	2     	67.1     	275   	66.8       	-6.4       	13660     	-84.8
2854      	17:47:55  	164.1 	-59.8 	2     	66.8     	275   	66.5       	-6.4       	13668     	-84.8
2856      	17:47:57  	163.9 	-59.9 	2     	66.6     	276   	66.3       	-6.4       	13676     	-84.8
2858      	17:47:59  	163.7 	-59.9 	2     	66.5     	276   	66.2       	-6.4       	13685     	-84.8
2860      	17:48:01  	163.5 	-60.0 	2     	66.3     	276   	66.0       	-6.4       	13693     	-84.8
2862      	17:48:03  	163.3 	-60.0 	2     	66.1     	276   	65.8       	-6.5       	13701     	-84.9
2864      	17:48:05  	163.0 	-60.1 	2     	66.0     	276   	65.7       	-6.7       	13709     	-84.9
2866      	17:48:07  	162.8 	-60.1 	2     	66.0     	276   	65.6       	-6.8       	13718     	-84.9
2868      	17:48:09  	162.6 	-60.2 	2     	66.0     	276   	65.6       	-6.9       	13726     	-85.0
2870      	17:48:11  	162.4 	-60.2 	2     	66.0     	276   	65.6       	-7.0       	13734     	-85.0
2872      	17:48:13  	162.2 	-60.3 	2     	66.0     	276   	65.6       	-7.1       	13742     	-85.1
2874      	17:48:15  	162.0 	-60.4 	2     	66.0     	276   	65.6       	-7.3       	13750     	-85.1
2876      	17:48:17  	161.8 	-60.4 	2     	66.0     	277   	65.6       	-7.5       	13758     	-85.0
2878      	17:48:19  	161.6 	-60.5 	2     	66.1     	277   	65.6       	-7.7       	13766     	-84.7
2880      	17:48:21  	161.3 	-60.5 	2     	66.0     	277   	65.5       	-7.8       	13775     	-84.8
2882      	17:48:23  	161.1 	-60.6 	2     	66.0     	277   	65.5       	-7.9       	13783     	-84.8
2884      	17:48:25  	160.9 	-60.7 	2     	66.0     	277   	65.5       	-8.0       	13791     	-84.9
2886      	17:48:27  	160.7 	-60.7 	2     	65.9     	277   	65.4       	-8.1       	13800     	-84.9
2888      	17:48:29  	160.5 	-60.8 	2     	65.8     	277   	65.3       	-8.3       	13808     	-84.9
2890      	17:48:31  	160.3 	-60.8 	2     	65.8     	277   	65.3       	-8.4       	13816     	-84.9
2892      	17:48:33  	160.1 	-60.9 	2     	65.9     	277   	65.3       	-8.5       	13824     	-85.3
2894      	17:48:35  	159.9 	-61.0 	2     	65.8     	277   	65.2       	-8.5       	13832     	-85.4
2896      	17:48:37  	159.7 	-61.0 	2     	65.8     	278   	65.2       	-8.6       	13840     	-85.4
2898      	17:48:39  	159.4 	-61.1 	2     	65.9     	278   	65.3       	-8.6       	13848     	-85.4
2900      	17:48:41  	159.2 	-61.1 	2     	65.9     	278   	65.3       	-8.6       	13856     	-85.4
2902      	17:48:43  	159.0 	-61.2 	2     	66.0     	277   	65.4       	-8.5       	13864     	-85.5
2904      	17:48:45  	158.8 	-61.3 	2     	66.0     	277   	65.4       	-8.5       	13873     	-85.5
2906      	17:48:47  	158.6 	-61.3 	2     	66.0     	277   	65.5       	-8.4       	13881     	-85.6
2908      	17:48:49  	158.4 	-61.4 	2     	66.0     	277   	65.5       	-8.4       	13889     	-85.6
2910      	17:48:51  	158.2 	-61.4 	2     	66.1     	277   	65.6       	-8.3       	13898     	-85.7
2912      	17:48:53  	157.9 	-61.5 	2     	66.1     	277   	65.6       	-8.0       	13906     	-85.6
2914      	17:48:55  	157.7 	-61.6 	2     	66.1     	277   	65.6       	-7.8       	13915     	-85.5
2916      	17:48:57  	157.5 	-61.6 	2     	66.0     	277   	65.6       	-7.5       	13924     	-85.5
2918      	17:48:59  	157.3 	-61.7 	2     	66.0     	276   	65.6       	-7.3       	13933     	-85.6
2920      	17:49:01  	157.1 	-61.8 	2     	65.9     	276   	65.5       	-7.1       	13942     	-85.6
2922      	17:49:03  	156.8 	-61.8 	2     	65.9     	276   	65.5       	-6.9       	13951     	-85.7
2924      	17:49:05  	156.6 	-61.9 	2     	65.8     	276   	65.4       	-6.8       	13960     	-85.7
2926      	17:49:07  	156.4 	-61.9 	2     	65.7     	276   	65.4       	-6.6       	13968     	-85.7
2928      	17:49:09  	156.2 	-62.0 	2     	65.7     	276   	65.4       	-6.5       	13976     	-86.1
2930      	17:49:11  	156.0 	-62.1 	2     	65.7     	276   	65.4       	-6.3       	13985     	-86.2
2932      	17:49:13  	155.8 	-62.1 	2     	65.7     	276   	65.4       	-6.4       	13993     	-86.2
2934      	17:49:15  	155.5 	-62.2 	2     	65.8     	276   	65.5       	-6.4       	14001     	-86.3
2936      	17:49:17  	155.3 	-62.3 	2     	65.8     	276   	65.5       	-6.5       	14010     	-86.3
2938      	17:49:19  	155.1 	-62.3 	2     	65.8     	276   	65.5       	-6.6       	14018     	-86.4
2940      	17:49:21  	154.9 	-62.4 	2     	65.8     	276   	65.5       	-6.7       	14027     	-86.4
2942      	17:49:23  	154.7 	-62.4 	2     	66.0     	276   	65.6       	-6.8       	14036     	-86.4
2944      	17:49:25  	154.5 	-62.5 	2     	66.0     	276   	65.6       	-6.9       	14044     	-86.5
2946      	17:49:27  	154.3 	-62.6 	2     	66.0     	276   	65.6       	-7.0       	14053     	-86.5
2948      	17:49:29  	154.0 	-62.6 	2     	66.0     	276   	65.6       	-7.1       	14062     	-86.5
2950      	17:49:31  	153.8 	-62.7 	2     	65.9     	276   	65.5       	-7.2       	14070     	-86.5
2952      	17:49:33  	153.6 	-62.7 	2     	65.8     	276   	65.4       	-7.3       	14079     	-86.4
2954      	17:49:35  	153.4 	-62.8 	2     	65.7     	277   	65.3       	-7.5       	14087     	-86.4
2956      	17:49:37  	153.2 	-62.9 	3     	65.7     	277   	65.2       	-7.7       	14095     	-86.3
2958      	17:49:39  	153.0 	-62.9 	3     	65.6     	277   	65.1       	-7.7       	14103     	-86.3
2960      	17:49:41  	152.8 	-62.9 	3     	65.5     	277   	65.0       	-7.8       	14112     	-86.3
2962      	17:49:43  	152.6 	-63.0 	3     	65.5     	277   	65.0       	-7.9       	14120     	-86.3
2964      	17:49:45  	152.4 	-63.0 	3     	65.4     	277   	64.9       	-8.2       	14128     	-86.4
2966      	17:49:47  	152.2 	-63.1 	3     	65.4     	277   	64.8       	-8.5       	14136     	-86.4
2968      	17:49:49  	152.0 	-63.1 	3     	65.3     	278   	64.7       	-8.8       	14144     	-86.5
2970      	17:49:51  	151.8 	-63.1 	2     	65.3     	278   	64.7       	-9.1       	14152     	-86.6
2972      	17:49:53  	151.6 	-63.2 	2     	65.4     	278   	64.7       	-9.3       	14160     	-86.7
2974      	17:49:55  	151.4 	-63.2 	2     	65.4     	278   	64.7       	-9.5       	14169     	-86.8
2976      	17:49:57  	151.2 	-63.3 	2     	65.3     	279   	64.6       	-9.8       	14177     	-86.9
2978      	17:49:59  	151.0 	-63.3 	2     	65.2     	279   	64.4       	-10.3      	14185     	-87.0
2980      	17:50:01  	150.8 	-63.3 	2     	65.1     	279   	64.2       	-10.7      	14194     	-87.1
2982      	17:50:03  	150.6 	-63.4 	2     	65.1     	280   	64.1       	-11.2      	14202     	-87.1
2984      	17:50:05  	150.3 	-63.4 	2     	64.9     	280   	63.9       	-11.4      	14211     	-87.2
2986      	17:50:07  	150.1 	-63.4 	2     	64.7     	280   	63.7       	-11.6      	14220     	-87.2
2988      	17:50:09  	149.9 	-63.5 	2     	64.6     	281   	63.5       	-11.9      	14228     	-87.2
2990      	17:50:11  	149.7 	-63.5 	2     	64.4     	281   	63.2       	-12.3      	14236     	-87.2
2992      	17:50:13  	149.5 	-63.5 	2     	64.1     	281   	62.9       	-12.6      	14244     	-87.2
2994      	17:50:15  	149.3 	-63.6 	2     	63.8     	282   	62.5       	-13.0      	14253     	-87.3
2996      	17:50:17  	149.1 	-63.6 	2     	63.7     	282   	62.3       	-13.3      	14261     	-87.3
2998      	17:50:19  	148.9 	-63.6 	2     	63.5     	282   	62.1       	-13.4      	14270     	-87.3
3000      	17:50:21  	148.7 	-63.7 	2     	63.5     	282   	62.0       	-13.6      	14279     	-87.3
3002      	17:50:23  	148.5 	-63.7 	2     	63.3     	283   	61.8       	-13.9      	14288     	-87.4
3004      	17:50:25  	148.3 	-63.7 	2     	63.1     	283   	61.5       	-14.2      	14296     	-87.4
3006      	17:50:27  	148.1 	-63.7 	2     	63.0     	283   	61.3       	-14.5      	14305     	-87.4
3008      	17:50:29  	147.8 	-63.8 	2     	62.9     	284   	61.1       	-14.9      	14314     	-87.4
3010      	17:50:31  	147.6 	-63.8 	2     	62.8     	284   	61.0       	-15.0      	14322     	-87.4
3012      	17:50:33  	147.4 	-63.8 	2     	62.8     	284   	60.9       	-15.2      	14331     	-87.5
3014      	17:50:35  	147.2 	-63.8 	2     	62.6     	284   	60.7       	-15.4      	14340     	-87.5
3016      	17:50:37  	147.0 	-63.8 	2     	62.3     	284   	60.3       	-15.5      	14349     	-87.5
3018      	17:50:39  	146.8 	-63.9 	2     	62.0     	285   	60.0       	-15.7      	14358     	-87.6
3020      	17:50:41  	146.6 	-63.8 	2     	61.7     	285   	59.6       	-15.9      	14366     	-87.6
3022      	17:50:43  	146.4 	-63.8 	2     	61.4     	285   	59.3       	-15.9      	14376     	-87.6
3024      	17:50:45  	146.1 	-63.8 	2     	61.1     	285   	59.0       	-15.9      	14385     	-87.6
3026      	17:50:47  	145.9 	-63.8 	2     	60.6     	285   	58.5       	-15.8      	14394     	-87.6
3028      	17:50:49  	145.7 	-63.8 	2     	59.8     	285   	57.7       	-15.7      	14403     	-87.6
3030      	17:50:51  	145.5 	-63.8 	2     	59.0     	285   	56.9       	-15.5      	14413     	-87.7
3032      	17:50:53  	145.3 	-63.7 	2     	58.2     	285   	56.2       	-15.3      	14422     	-87.7
3034      	17:50:55  	145.0 	-63.7 	2     	57.5     	285   	55.5       	-15.1      	14431     	-87.7
3036      	17:50:57  	144.8 	-63.7 	2     	57.1     	285   	55.1       	-15.0      	14440     	-87.7
3038      	17:50:59  	144.6 	-63.7 	2     	56.5     	285   	54.5       	-14.8      	14450     	-87.7
3040      	17:51:01  	144.4 	-63.6 	2     	55.6     	285   	53.6       	-14.6      	14459     	-87.7
3042      	17:51:03  	144.2 	-63.6 	2     	54.6     	285   	52.7       	-14.3      	14468     	-87.7
3044      	17:51:05  	143.9 	-63.6 	2     	53.8     	285   	51.9       	-14.1      	14478     	-87.7
3046      	17:51:07  	143.7 	-63.6 	2     	53.1     	285   	51.2       	-13.9      	14487     	-87.7
3048      	17:51:09  	143.5 	-63.6 	2     	52.7     	285   	50.8       	-13.9      	14496     	-87.7
3050      	17:51:11  	143.3 	-63.6 	2     	52.3     	285   	50.4       	-13.8      	14506     	-87.7
3052      	17:51:13  	143.1 	-63.5 	2     	51.6     	285   	49.8       	-13.4      	14515     	-87.7
3054      	17:51:15  	142.9 	-63.5 	2     	50.8     	285   	49.1       	-12.9      	14524     	-87.7
3056      	17:51:17  	142.6 	-63.5 	2     	50.0     	284   	48.4       	-12.5      	14533     	-87.7
3058      	17:51:19  	142.4 	-63.4 	2     	49.4     	284   	47.9       	-12.0      	14543     	-87.6
3060      	17:51:21  	142.2 	-63.4 	2     	48.9     	284   	47.5       	-11.6      	14552     	-87.6
3062      	17:51:23  	142.0 	-63.4 	2     	48.5     	283   	47.2       	-11.2      	14563     	-87.7
3064      	17:51:25  	141.7 	-63.4 	2     	48.0     	283   	46.8       	-10.6      	14573     	-87.7
3066      	17:51:27  	141.5 	-63.4 	2     	47.4     	282   	46.4       	-9.8       	14582     	-87.6
3068      	17:51:29  	141.3 	-63.4 	2     	46.8     	281   	45.9       	-9.1       	14591     	-87.6
3070      	17:51:31  	141.1 	-63.4 	2     	46.2     	280   	45.4       	-8.3       	14600     	-87.6
3072      	17:51:33  	140.9 	-63.3 	2     	45.9     	280   	45.2       	-7.9       	14609     	-87.6
3074      	17:51:35  	140.7 	-63.3 	2     	45.7     	279   	45.1       	-7.5       	14617     	-87.5
3076      	17:51:37  	140.5 	-63.3 	2     	45.5     	279   	44.9       	-7.2       	14625     	-87.5
3078      	17:51:39  	140.3 	-63.3 	2     	45.4     	278   	44.9       	-6.6       	14634     	-87.5
3080      	17:51:41  	140.1 	-63.3 	2     	45.3     	278   	44.9       	-6.1       	14643     	-87.4
3082      	17:51:43  	139.9 	-63.2 	2     	45.2     	277   	44.9       	-5.5       	14651     	-87.4
3084      	17:51:45  	139.7 	-63.2 	2     	45.3     	277   	45.0       	-5.2       	14660     	-87.3
3086      	17:51:47  	139.6 	-63.1 	2     	45.5     	276   	45.2       	-5.0       	14668     	-87.3
3088      	17:51:49  	139.4 	-63.1 	2     	45.6     	276   	45.3       	-4.8       	14676     	-87.2
3090      	17:51:51  	139.2 	-63.0 	2     	45.8     	276   	45.6       	-4.6       	14684     	-87.1
3092      	17:51:53  	139.0 	-63.0 	2     	46.3     	276   	46.1       	-4.5       	14693     	-87.1
3094      	17:51:55  	138.8 	-62.9 	2     	46.7     	275   	46.5       	-4.3       	14701     	-87.1
3096      	17:51:57  	138.6 	-62.9 	2     	47.1     	275   	46.9       	-4.2       	14709     	-87.0
3098      	17:51:59  	138.4 	-62.9 	2     	47.4     	275   	47.2       	-4.3       	14717     	-87.0
3100      	17:52:01  	138.3 	-62.8 	2     	47.6     	275   	47.4       	-4.4       	14725     	-87.0
3102      	17:52:03  	138.1 	-62.8 	2     	47.9     	275   	47.7       	-4.5       	14733     	-87.0
3104      	17:52:05  	137.9 	-62.7 	2     	48.5     	276   	48.2       	-5.0       	14741     	-87.0
3106      	17:52:07  	137.7 	-62.7 	2     	48.9     	276   	48.6       	-5.5       	14749     	-86.9
3108      	17:52:09  	137.6 	-62.6 	2     	49.4     	277   	49.0       	-5.9       	14757     	-86.9
3110      	17:52:11  	137.4 	-62.6 	2     	49.6     	277   	49.2       	-6.3       	14764     	-86.8
3112      	17:52:13  	137.2 	-62.5 	2     	49.9     	278   	49.4       	-6.7       	14771     	-86.7
3114      	17:52:15  	137.1 	-62.5 	2     	50.0     	278   	49.5       	-7.1       	14779     	-86.7
3116      	17:52:17  	136.9 	-62.5 	2     	50.2     	279   	49.6       	-7.6       	14786     	-86.6
3118      	17:52:19  	136.8 	-62.4 	2     	50.5     	279   	49.8       	-8.2       	14792     	-86.6
3120      	17:52:21  	136.6 	-62.4 	2     	50.7     	280   	49.9       	-8.7       	14799     	-86.6
3122      	17:52:23  	136.5 	-62.4 	2     	50.8     	280   	50.0       	-9.2       	14805     	-86.6
3124      	17:52:25  	136.3 	-62.3 	2     	50.8     	281   	49.9       	-9.3       	14812     	-86.5
3126      	17:52:27  	136.2 	-62.3 	2     	50.8     	281   	49.9       	-9.4       	14818     	-86.5
3128      	17:52:29  	136.1 	-62.3 	2     	50.8     	281   	49.9       	-9.6       	14824     	-86.5
3130      	17:52:31  	135.9 	-62.2 	2     	51.0     	281   	50.0       	-9.9       	14830     	-86.5
3132      	17:52:33  	135.8 	-62.2 	2     	51.0     	282   	50.0       	-10.2      	14836     	-86.5
3134      	17:52:35  	135.7 	-62.1 	2     	51.2     	282   	50.1       	-10.5      	14841     	-86.4
3136      	17:52:37  	135.6 	-62.1 	2     	51.3     	282   	50.2       	-10.8      	14847     	-86.4
3138      	17:52:39  	135.4 	-62.0 	2     	51.5     	282   	50.3       	-10.9      	14852     	-86.5
3140      	17:52:41  	135.3 	-62.0 	2     	51.6     	282   	50.4       	-11.1      	14857     	-86.4
3142      	17:52:43  	135.2 	-61.9 	2     	51.6     	283   	50.3       	-11.4      	14863     	-86.4
3144      	17:52:45  	135.1 	-61.9 	2     	51.5     	283   	50.1       	-11.9      	14868     	-86.4
3146      	17:52:47  	135.0 	-61.8 	2     	51.4     	284   	49.9       	-12.3      	14873     	-86.4
3148      	17:52:49  	134.9 	-61.8 	2     	51.3     	284   	49.7       	-12.7      	14879     	-86.4
3150      	17:52:51  	134.7 	-61.7 	2     	51.2     	285   	49.5       	-13.0      	14884     	-86.3
3152      	17:52:53  	134.6 	-61.6 	2     	51.0     	285   	49.2       	-13.3      	14889     	-86.2
3154      	17:52:55  	134.5 	-61.5 	2     	50.8     	286   	48.9       	-13.6      	14894     	-86.1
3156      	17:52:57  	134.4 	-61.4 	2     	50.1     	286   	48.1       	-14.1      	14900     	-86.0
3158      	17:52:59  	134.3 	-61.3 	2     	49.6     	287   	47.4       	-14.6      	14905     	-86.0
3160      	17:53:01  	134.2 	-61.2 	2     	49.0     	288   	46.7       	-15.0      	14910     	-86.0
3162      	17:53:03  	134.0 	-61.1 	2     	48.6     	288   	46.1       	-15.4      	14917     	-85.9
3164      	17:53:05  	133.9 	-61.0 	2     	48.3     	289   	45.7       	-15.6      	14924     	-85.9
3166      	17:53:07  	133.7 	-60.9 	2     	47.9     	289   	45.2       	-15.8      	14930     	-85.9
3168      	17:53:09  	133.6 	-60.8 	2     	47.1     	290   	44.3       	-15.9      	14939     	-85.9
3170      	17:53:11  	133.4 	-60.7 	2     	46.1     	290   	43.2       	-16.1      	14948     	-85.9
3172      	17:53:13  	133.2 	-60.6 	2     	45.1     	291   	42.1       	-16.2      	14957     	-85.8
3174      	17:53:15  	133.0 	-60.6 	2     	44.1     	292   	41.0       	-16.3      	14967     	-85.8
3176      	17:53:17  	132.8 	-60.5 	2     	43.5     	292   	40.3       	-16.3      	14976     	-85.8
3178      	17:53:19  	132.5 	-60.5 	2     	42.8     	292   	39.6       	-16.2      	14986     	-85.7
3180      	17:53:21  	132.3 	-60.4 	2     	42.0     	292   	38.8       	-16.0      	14996     	-85.7
3182      	17:53:23  	132.1 	-60.4 	2     	40.9     	292   	37.8       	-15.6      	15006     	-85.7
3184      	17:53:25  	131.9 	-60.3 	2     	39.8     	292   	36.8       	-15.2      	15017     	-85.7
3186      	17:53:27  	131.7 	-60.2 	2     	38.7     	292   	35.8       	-14.8      	15028     	-85.6
3188      	17:53:29  	131.4 	-60.2 	2     	38.0     	292   	35.2       	-14.4      	15038     	-85.6
3190      	17:53:31  	131.2 	-60.1 	2     	37.6     	292   	34.9       	-14.0      	15048     	-85.6
3192      	17:53:33  	131.0 	-60.1 	2     	37.1     	292   	34.5       	-13.6      	15058     	-85.6
3194      	17:53:35  	130.8 	-60.0 	2     	36.0     	291   	33.6       	-12.8      	15068     	-85.6
3196      	17:53:37  	130.5 	-60.0 	2     	34.7     	290   	32.6       	-12.0      	15081     	-85.6
3198      	17:53:39  	130.3 	-60.0 	2     	33.7     	290   	31.7       	-11.3      	15094     	-85.6
3200      	17:53:41  	130.0 	-60.0 	2     	32.7     	289   	30.9       	-10.6      	15107     	-85.6
3202      	17:53:43  	129.7 	-60.0 	2     	31.9     	289   	30.2       	-10.2      	15122     	-85.6
3204      	17:53:45  	129.4 	-60.0 	2     	31.1     	288   	29.6       	-9.7       	15137     	-85.7
3206      	17:53:47  	129.2 	-59.9 	2     	30.1     	287   	28.8       	-8.8       	15148     	-85.6
3208      	17:53:49  	129.0 	-59.9 	2     	28.8     	285   	27.8       	-7.5       	15157     	-85.6
3210      	17:53:51  	128.8 	-59.9 	2     	27.5     	283   	26.8       	-6.2       	15166     	-85.6
3212      	17:53:53  	128.6 	-59.9 	2     	26.3     	281   	25.8       	-4.9       	15177     	-85.6
3214      	17:53:55  	128.3 	-59.9 	2     	25.7     	279   	25.4       	-4.0       	15187     	-85.7
3216      	17:53:57  	128.1 	-60.0 	2     	25.3     	277   	25.1       	-3.2       	15198     	-85.7
3218      	17:53:59  	127.9 	-60.0 	2     	24.8     	275   	24.7       	-2.3       	15210     	-85.7
3220      	17:54:01  	127.6 	-60.0 	2     	24.0     	272   	24.0       	-1.0       	15222     	-85.7
3222      	17:54:03  	127.4 	-60.0 	2     	23.4     	269   	23.4       	0.3        	15235     	-85.6
3224      	17:54:05  	127.2 	-60.1 	2     	22.7     	266   	22.7       	1.5        	15244     	-85.6
3226      	17:54:07  	127.0 	-60.1 	2     	22.4     	264   	22.3       	2.3        	15254     	-85.6
3228      	17:54:09  	126.8 	-60.1 	2     	22.2     	263   	22.0       	2.7        	15264     	-85.6
3230      	17:54:11  	126.6 	-60.2 	2     	21.9     	262   	21.7       	3.1        	15272     	-85.5
3232      	17:54:13  	126.4 	-60.2 	2     	21.7     	261   	21.4       	3.5        	15281     	-85.4
3234      	17:54:15  	126.3 	-60.3 	2     	21.3     	259   	20.9       	4.1        	15289     	-85.4
3236      	17:54:17  	126.1 	-60.4 	2     	21.0     	257   	20.5       	4.7        	15296     	-85.4
3238      	17:54:19  	126.0 	-60.4 	2     	20.8     	255   	20.1       	5.2        	15303     	-85.4
3240      	17:54:21  	125.8 	-60.5 	2     	20.6     	255   	19.9       	5.4        	15311     	-85.3
3242      	17:54:23  	125.7 	-60.6 	2     	20.5     	254   	19.7       	5.5        	15318     	-85.4
3244      	17:54:25  	125.5 	-60.6 	2     	20.3     	254   	19.5       	5.7        	15326     	-85.4
3246      	17:54:27  	125.3 	-60.6 	2     	20.2     	252   	19.2       	6.2        	15335     	-85.4
3248      	17:54:29  	125.2 	-60.7 	2     	20.0     	250   	18.8       	6.7        	15343     	-85.4
3250      	17:54:31  	125.0 	-60.7 	2     	19.7     	249   	18.4       	7.1        	15352     	-85.5
3252      	17:54:33  	124.8 	-60.8 	2     	19.6     	247   	18.1       	7.5        	15363     	-85.5
3254      	17:54:35  	124.5 	-60.8 	2     	19.5     	246   	17.9       	7.8        	15374     	-85.6
3256      	17:54:37  	124.3 	-60.9 	2     	19.5     	245   	17.7       	8.1        	15385     	-85.6
3258      	17:54:39  	124.1 	-60.9 	2     	19.5     	244   	17.5       	8.6        	15397     	-85.7
3260      	17:54:41  	123.9 	-60.9 	2     	19.6     	242   	17.3       	9.2        	15409     	-85.7
3262      	17:54:43  	123.7 	-61.0 	2     	19.6     	240   	17.0       	9.8        	15419     	-85.7
3264      	17:54:45  	123.4 	-61.0 	2     	19.8     	238   	16.8       	10.4       	15430     	-85.7
3266      	17:54:47  	123.2 	-61.0 	2     	19.9     	238   	16.8       	10.7       	15440     	-85.6
3268      	17:54:49  	123.1 	-61.1 	2     	20.1     	237   	16.8       	11.0       	15449     	-85.6
3270      	17:54:51  	122.9 	-61.1 	2     	20.2     	236   	16.8       	11.3       	15458     	-85.6
3272      	17:54:53  	122.7 	-61.1 	2     	20.2     	234   	16.4       	11.8       	15467     	-85.5
3274      	17:54:55  	122.5 	-61.1 	2     	20.3     	232   	16.1       	12.4       	15476     	-85.5
3276      	17:54:57  	122.3 	-61.2 	2     	20.4     	231   	15.8       	12.9       	15485     	-85.4
3278      	17:54:59  	122.2 	-61.2 	2     	20.4     	229   	15.5       	13.3       	15493     	-85.3
3280      	17:55:01  	122.0 	-61.2 	2     	20.3     	228   	15.2       	13.5       	15501     	-85.3
3282      	17:55:03  	121.9 	-61.2 	2     	20.2     	227   	14.9       	13.7       	15509     	-85.3
3284      	17:55:05  	121.7 	-61.2 	2     	20.2     	226   	14.6       	13.9       	15517     	-85.2
3286      	17:55:07  	121.5 	-61.3 	2     	20.2     	225   	14.3       	14.2       	15525     	-85.2
3288      	17:55:09  	121.4 	-61.3 	2     	20.1     	224   	14.0       	14.4       	15534     	-85.2
3290      	17:55:11  	121.2 	-61.3 	2     	20.0     	223   	13.7       	14.6       	15542     	-85.2
3292      	17:55:13  	121.1 	-61.4 	3     	20.0     	223   	13.7       	14.6       	15550     	-85.2
3294      	17:55:15  	120.9 	-61.4 	3     	19.9     	223   	13.7       	14.5       	15558     	-85.2
3296      	17:55:17  	120.7 	-61.4 	3     	19.9     	223   	13.7       	14.5       	15566     	-85.2
3298      	17:55:19  	120.6 	-61.5 	3     	20.0     	224   	13.8       	14.5       	15575     	-85.2
3300      	17:55:21  	120.4 	-61.5 	3     	20.1     	224   	13.9       	14.5       	15583     	-85.2
3302      	17:55:23  	120.3 	-61.6 	3     	20.1     	224   	13.9       	14.5       	15592     	-85.2
3304      	17:55:25  	120.1 	-61.6 	3     	20.2     	224   	14.1       	14.5       	15600     	-85.2
3306      	17:55:27  	119.9 	-61.7 	3     	20.2     	225   	14.2       	14.4       	15609     	-85.3
3308      	17:55:29  	119.7 	-61.7 	3     	20.3     	225   	14.3       	14.4       	15618     	-85.3
3310      	17:55:31  	119.6 	-61.8 	3     	20.5     	225   	14.5       	14.5       	15628     	-85.3
3312      	17:55:33  	119.4 	-61.9 	3     	20.9     	225   	14.8       	14.7       	15637     	-85.3
3314      	17:55:35  	119.2 	-61.9 	3     	21.1     	226   	15.1       	14.8       	15646     	-85.4
3316      	17:55:37  	119.0 	-62.0 	3     	21.5     	226   	15.4       	15.0       	15656     	-85.4
3318      	17:55:39  	118.8 	-62.0 	3     	21.7     	226   	15.6       	15.1       	15665     	-85.4
3320      	17:55:41  	118.6 	-62.1 	3     	22.0     	226   	15.8       	15.3       	15675     	-85.4
3322      	17:55:43  	118.5 	-62.2 	3     	22.2     	226   	16.0       	15.4       	15685     	-85.5
3324      	17:55:45  	118.3 	-62.2 	3     	22.6     	227   	16.4       	15.5       	15695     	-85.5
3326      	17:55:47  	118.1 	-62.3 	3     	23.0     	227   	16.8       	15.7       	15705     	-85.5
3328      	17:55:49  	117.9 	-62.3 	3     	23.4     	227   	17.2       	15.8       	15714     	-85.6
3330      	17:55:51  	117.7 	-62.4 	3     	23.6     	228   	17.5       	15.8       	15724     	-85.6
3332      	17:55:53  	117.5 	-62.4 	3     	23.8     	228   	17.8       	15.8       	15734     	-85.7
3334      	17:55:55  	117.3 	-62.5 	3     	23.9     	229   	18.0       	15.7       	15744     	-85.7
3336      	17:55:57  	117.1 	-62.6 	3     	24.0     	229   	18.2       	15.7       	15754     	-85.7
3338      	17:55:59  	117.0 	-62.6 	3     	24.2     	230   	18.4       	15.7       	15763     	-85.8
3340      	17:56:01  	116.8 	-62.7 	3     	24.3     	230   	18.6       	15.6       	15773     	-85.8
3342      	17:56:03  	116.6 	-62.8 	3     	24.4     	230   	18.7       	15.6       	15783     	-85.8
3344      	17:56:05  	116.4 	-62.8 	3     	24.3     	230   	18.7       	15.5       	15793     	-85.8
3346      	17:56:07  	116.2 	-62.8 	3     	24.3     	230   	18.7       	15.5       	15802     	-85.8
3348      	17:56:09  	116.0 	-62.8 	3     	24.3     	230   	18.7       	15.5       	15812     	-85.8
3350      	17:56:11  	115.9 	-62.9 	3     	24.3     	231   	18.8       	15.4       	15822     	-85.9
3352      	17:56:13  	115.7 	-62.9 	3     	24.3     	231   	18.9       	15.3       	15831     	-85.9
3354      	17:56:15  	115.5 	-62.9 	3     	24.3     	231   	18.9       	15.3       	15841     	-85.9
3356      	17:56:17  	115.3 	-62.9 	3     	24.3     	231   	19.0       	15.2       	15850     	-86.0
3358      	17:56:19  	115.1 	-63.0 	3     	24.5     	232   	19.2       	15.2       	15860     	-86.0
3360      	17:56:21  	115.0 	-63.0 	3     	24.5     	232   	19.3       	15.1       	15869     	-86.1
3362      	17:56:23  	114.8 	-63.0 	3     	24.8     	233   	19.7       	15.0       	15879     	-86.1
3364      	17:56:25  	114.6 	-63.0 	3     	25.1     	233   	20.1       	15.0       	15889     	-86.1
3366      	17:56:27  	114.4 	-63.1 	3     	25.3     	234   	20.5       	14.9       	15898     	-86.2
3368      	17:56:29  	114.2 	-63.1 	3     	25.6     	234   	20.8       	14.9       	15908     	-86.2
3370      	17:56:31  	114.1 	-63.1 	3     	25.8     	235   	21.1       	14.8       	15917     	-86.2
3372      	17:56:33  	113.9 	-63.2 	3     	26.0     	235   	21.4       	14.8       	15927     	-86.2
3374      	17:56:35  	113.7 	-63.2 	3     	26.2     	236   	21.7       	14.7       	15937     	-86.2
3376      	17:56:37  	113.5 	-63.3 	3     	26.5     	237   	22.1       	14.6       	15946     	-86.2
3378      	17:56:39  	113.4 	-63.3 	3     	26.7     	237   	22.5       	14.4       	15955     	-86.2
3380      	17:56:41  	113.2 	-63.4 	3     	27.0     	238   	22.9       	14.3       	15964     	-86.2
3382      	17:56:43  	113.0 	-63.4 	3     	27.1     	238   	23.1       	14.2       	15974     	-86.2
3384      	17:56:45  	112.9 	-63.5 	3     	27.1     	239   	23.2       	14.1       	15983     	-86.3
3386      	17:56:47  	112.7 	-63.5 	3     	27.2     	239   	23.4       	13.9       	15993     	-86.3
3388      	17:56:49  	112.5 	-63.6 	3     	27.4     	240   	23.7       	13.8       	16004     	-86.3
3390      	17:56:51  	112.3 	-63.6 	3     	27.6     	240   	24.0       	13.7       	16014     	-86.3
3392      	17:56:53  	112.1 	-63.7 	3     	27.8     	241   	24.3       	13.6       	16024     	-86.3
3394      	17:56:55  	111.9 	-63.8 	3     	28.0     	241   	24.5       	13.5       	16034     	-86.4
3396      	17:56:57  	111.7 	-63.9 	3     	28.1     	241   	24.6       	13.5       	16044     	-86.4
3398      	17:56:59  	111.6 	-64.0 	3     	28.1     	241   	24.7       	13.5       	16053     	-86.5
3400      	17:57:01  	111.4 	-64.1 	3     	28.4     	241   	24.9       	13.6       	16063     	-86.6
3402      	17:57:03  	111.2 	-64.2 	3     	28.5     	242   	25.1       	13.6       	16072     	-86.6
3404      	17:57:05  	111.1 	-64.3 	3     	28.9     	242   	25.4       	13.7       	16081     	-86.7
3406      	17:57:07  	110.9 	-64.3 	3     	29.0     	242   	25.6       	13.7       	16090     	-86.7
3408      	17:57:09  	110.7 	-64.4 	3     	29.1     	242   	25.7       	13.7       	16100     	-86.8
3410      	17:57:11  	110.5 	-64.5 	3     	29.3     	242   	25.8       	13.8       	16110     	-86.8
3412      	17:57:13  	110.4 	-64.6 	3     	29.3     	242   	25.8       	13.8       	16120     	-86.9
3414      	17:57:15  	110.2 	-64.7 	3     	29.5     	242   	26.0       	14.0       	16129     	-86.9
3416      	17:57:17  	110.0 	-64.8 	3     	29.7     	242   	26.1       	14.1       	16138     	-86.9
3418      	17:57:19  	109.9 	-64.9 	3     	29.9     	241   	26.3       	14.3       	16147     	-87.0
3420      	17:57:21  	109.7 	-65.0 	3     	30.1     	241   	26.4       	14.4       	16156     	-87.0
3422      	17:57:23  	109.6 	-65.1 	3     	30.1     	241   	26.4       	14.5       	16165     	-87.1
3424      	17:57:25  	109.4 	-65.1 	3     	30.3     	241   	26.5       	14.6       	16173     	-87.2
3426      	17:57:27  	109.2 	-65.2 	3     	30.4     	241   	26.6       	14.7       	16182     	-87.3
3428      	17:57:29  	109.1 	-65.3 	3     	30.5     	241   	26.7       	14.8       	16191     	-87.3
3430      	17:57:31  	108.9 	-65.3 	3     	30.8     	241   	26.9       	14.9       	16200     	-87.4
3432      	17:57:33  	108.8 	-65.4 	3     	30.9     	241   	27.0       	15.0       	16209     	-87.5
3434      	17:57:35  	108.6 	-65.4 	3     	31.0     	241   	27.1       	15.0       	16218     	-87.6
3436      	17:57:37  	108.4 	-65.5 	3     	31.1     	241   	27.2       	15.0       	16228     	-87.7
3438      	17:57:39  	108.2 	-65.5 	3     	31.2     	241   	27.4       	15.0       	16238     	-87.8
3440      	17:57:41  	108.1 	-65.6 	3     	31.6     	241   	27.8       	15.1       	16248     	-87.8
3442      	17:57:43  	107.9 	-65.7 	3     	32.0     	242   	28.2       	15.1       	16257     	-87.9
3444      	17:57:45  	107.8 	-65.7 	3     	32.3     	242   	28.6       	15.1       	16266     	-87.9
3446      	17:57:47  	107.6 	-65.8 	3     	32.7     	242   	28.9       	15.2       	16274     	-87.9
3448      	17:57:49  	107.5 	-65.8 	3     	32.9     	243   	29.2       	15.2       	16283     	-87.9
3450      	17:57:51  	107.3 	-65.9 	3     	33.2     	243   	29.5       	15.3       	16291     	-87.9
3452      	17:57:53  	107.2 	-65.9 	3     	33.6     	243   	29.9       	15.3       	16298     	-87.9
3454      	17:57:55  	107.0 	-66.0 	3     	34.0     	243   	30.4       	15.3       	16306     	-87.9
3456      	17:57:57  	106.9 	-66.0 	3     	34.5     	244   	30.9       	15.3       	16315     	-87.9
3458      	17:57:59  	106.7 	-66.1 	3     	34.9     	244   	31.4       	15.3       	16323     	-87.9
3460      	17:58:01  	106.6 	-66.1 	3     	35.1     	244   	31.6       	15.3       	16331     	-87.9
3462      	17:58:03  	106.5 	-66.2 	3     	35.2     	244   	31.8       	15.2       	16339     	-88.0
3464      	17:58:05  	106.3 	-66.2 	3     	35.4     	245   	32.0       	15.2       	16347     	-88.0
3466      	17:58:07  	106.2 	-66.2 	3     	35.7     	245   	32.3       	15.1       	16355     	-88.0
3468      	17:58:09  	106.0 	-66.3 	3     	35.8     	245   	32.5       	15.1       	16363     	-88.0
3470      	17:58:11  	105.9 	-66.3 	3     	36.0     	245   	32.7       	15.0       	16371     	-88.0
3472      	17:58:13  	105.7 	-66.3 	3     	36.0     	246   	32.8       	14.9       	16379     	-88.0
3474      	17:58:15  	105.6 	-66.3 	3     	36.1     	246   	32.9       	14.9       	16387     	-88.0
3476      	17:58:17  	105.5 	-66.4 	3     	36.1     	246   	32.9       	14.8       	16395     	-88.0
3478      	17:58:19  	105.3 	-66.4 	3     	36.0     	246   	32.9       	14.7       	16403     	-88.1
3480      	17:58:21  	105.2 	-66.4 	3     	36.0     	246   	32.9       	14.5       	16411     	-88.1
3482      	17:58:23  	105.1 	-66.4 	3     	36.0     	247   	33.0       	14.3       	16419     	-88.2
3484      	17:58:25  	104.9 	-66.4 	3     	35.9     	247   	33.0       	14.1       	16427     	-88.2
3486      	17:58:27  	104.8 	-66.4 	3     	35.9     	247   	33.1       	14.0       	16435     	-88.2
3488      	17:58:29  	104.6 	-66.4 	3     	35.9     	247   	33.1       	13.9       	16443     	-88.3
3490      	17:58:31  	104.5 	-66.4 	3     	35.8     	248   	33.1       	13.7       	16450     	-88.3
3492      	17:58:33  	104.4 	-66.4 	3     	35.7     	248   	33.1       	13.4       	16458     	-88.3
3494      	17:58:35  	104.3 	-66.4 	3     	35.6     	248   	33.1       	13.2       	16466     	-88.3
3496      	17:58:37  	104.1 	-66.4 	3     	35.5     	249   	33.1       	12.9       	16473     	-88.3
3498      	17:58:39  	104.0 	-66.4 	3     	35.3     	249   	33.0       	12.6       	16481     	-88.2
3500      	17:58:41  	103.8 	-66.4 	3     	35.3     	249   	33.0       	12.5       	16490     	-88.2
3502      	17:58:43  	103.7 	-66.4 	3     	35.1     	250   	32.9       	12.3       	16498     	-88.2
3504      	17:58:45  	103.6 	-66.4 	3     	35.0     	250   	32.8       	12.1       	16506     	-88.2
3506      	17:58:47  	103.4 	-66.4 	3     	34.7     	250   	32.6       	11.8       	16514     	-88.2
3508      	17:58:49  	103.3 	-66.4 	3     	34.4     	250   	32.4       	11.5       	16522     	-88.2
3510      	17:58:51  	103.1 	-66.4 	3     	34.2     	251   	32.3       	11.2       	16531     	-88.2
3512      	17:58:53  	103.0 	-66.4 	3     	34.1     	251   	32.2       	11.1       	16539     	-88.2
3514      	17:58:55  	102.8 	-66.4 	3     	33.9     	251   	32.1       	11.0       	16548     	-88.2
3516      	17:58:57  	102.7 	-66.4 	3     	33.8     	251   	32.0       	10.8       	16556     	-88.2
3518      	17:58:59  	102.6 	-66.4 	3     	33.5     	252   	31.8       	10.5       	16564     	-88.2
3520      	17:59:01  	102.4 	-66.4 	3     	33.3     	252   	31.7       	10.2       	16572     	-88.3
3522      	17:59:03  	102.3 	-66.4 	3     	33.1     	253   	31.6       	9.9        	16580     	-88.3
3524      	17:59:05  	102.2 	-66.4 	3     	33.0     	253   	31.6       	9.6        	16588     	-88.3
3526      	17:59:07  	102.0 	-66.4 	3     	33.0     	253   	31.6       	9.4        	16597     	-88.3
3528      	17:59:09  	101.9 	-66.4 	3     	32.8     	254   	31.5       	9.3        	16605     	-88.3
3530      	17:59:11  	101.7 	-66.4 	3     	32.7     	254   	31.4       	9.0        	16613     	-88.3
3532      	17:59:13  	101.6 	-66.4 	3     	32.5     	254   	31.3       	8.7        	16622     	-88.4
3534      	17:59:15  	101.5 	-66.4 	3     	32.3     	255   	31.2       	8.4        	16630     	-88.4
3536      	17:59:17  	101.3 	-66.4 	3     	32.2     	255   	31.1       	8.2        	16638     	-88.4
3538      	17:59:19  	101.2 	-66.4 	3     	32.0     	255   	31.0       	8.1        	16646     	-88.4
3540      	17:59:21  	101.0 	-66.4 	3     	31.9     	255   	30.9       	8.0        	16654     	-88.4
3542      	17:59:23  	100.9 	-66.4 	3     	31.7     	256   	30.7       	7.7        	16663     	-88.4
3544      	17:59:25  	100.8 	-66.4 	3     	31.2     	257   	30.4       	7.2        	16671     	-88.3
3546      	17:59:27  	100.6 	-66.4 	3     	31.0     	257   	30.2       	6.8        	16679     	-88.3
3548      	17:59:29  	100.5 	-66.4 	3     	30.6     	258   	29.9       	6.3        	16688     	-88.3
3550      	17:59:31  	100.4 	-66.4 	3     	30.4     	259   	29.8       	6.0        	16696     	-88.3
3552      	17:59:33  	100.2 	-66.3 	3     	30.1     	259   	29.6       	5.6        	16705     	-88.3
3554      	17:59:35  	100.1 	-66.3 	3     	29.9     	260   	29.4       	5.2        	16713     	-88.3
3556      	17:59:37  	99.9  	-66.3 	3     	29.6     	261   	29.2       	4.8        	16722     	-88.2
3558      	17:59:39  	99.8  	-66.3 	3     	29.2     	261   	28.9       	4.4        	16730     	-88.2
3560      	17:59:41  	99.6  	-66.2 	3     	28.9     	262   	28.6       	4.0        	16739     	-88.2
3562      	17:59:43  	99.5  	-66.2 	3     	28.8     	262   	28.5       	3.8        	16747     	-88.2
3564      	17:59:45  	99.4  	-66.1 	3     	28.6     	263   	28.4       	3.7        	16756     	-88.2
3566      	17:59:47  	99.2  	-66.1 	3     	28.5     	263   	28.3       	3.6        	16765     	-88.2
3568      	17:59:49  	99.1  	-66.1 	3     	28.3     	263   	28.1       	3.5        	16773     	-88.1
3570      	17:59:51  	98.9  	-66.0 	3     	28.1     	263   	27.9       	3.2        	16782     	-88.1
3572      	17:59:53  	98.8  	-66.0 	3     	27.8     	264   	27.6       	3.0        	16791     	-88.1
3574      	17:59:55  	98.7  	-66.0 	3     	27.5     	264   	27.4       	2.8        	16800     	-88.0
3576      	17:59:57  	98.5  	-66.0 	3     	27.4     	265   	27.3       	2.6        	16808     	-88.0
3578      	17:59:59  	98.4  	-66.0 	3     	27.2     	265   	27.1       	2.4        	16817     	-88.0
3580      	18:00:01  	98.2  	-66.0 	3     	27.1     	265   	27.0       	2.3        	16826     	-88.0
3582      	18:00:03  	98.1  	-66.0 	3     	26.7     	266   	26.6       	1.9        	16834     	-87.9
3584      	18:00:05  	98.0  	-66.0 	3     	26.2     	267   	26.2       	1.5        	16843     	-87.9
3586      	18:00:07  	97.8  	-66.0 	3     	25.7     	267   	25.7       	1.2        	16851     	-87.9
3588      	18:00:09  	97.7  	-66.0 	3     	25.4     	268   	25.4       	0.9        	16860     	-87.9
3590      	18:00:11  	97.5  	-66.0 	3     	25.1     	268   	25.1       	0.7        	16869     	-87.9
3592      	18:00:13  	97.4  	-66.0 	3     	24.8     	269   	24.8       	0.5        	16878     	-87.9
3594      	18:00:15  	97.2  	-66.0 	3     	24.4     	269   	24.4       	0.3        	16887     	-87.9
3596      	18:00:17  	97.1  	-66.0 	3     	24.0     	270   	24.0       	0.2        	16895     	-88.0
3598      	18:00:19  	97.0  	-66.1 	3     	23.5     	270   	23.5       	0.0        	16904     	-88.0
3600      	18:00:21  	96.8  	-66.1 	3     	23.1     	270   	23.1       	-0.2       	16913     	-88.0
3602      	18:00:23  	96.7  	-66.1 	3     	22.9     	271   	22.9       	-0.2       	16921     	-88.0
3604      	18:00:25  	96.6  	-66.1 	3     	22.8     	271   	22.8       	-0.2       	16930     	-88.0
3606      	18:00:27  	96.4  	-66.2 	3     	22.6     	271   	22.6       	-0.2       	16939     	-88.0
3608      	18:00:29  	96.3  	-66.2 	3     	22.3     	270   	22.3       	0.0        	16948     	-88.0
3610      	18:00:31  	96.1  	-66.2 	3     	22.0     	270   	22.0       	0.1        	16957     	-88.0
3612      	18:00:33  	96.0  	-66.2 	3     	21.7     	269   	21.7       	0.3        	16966     	-88.0
3614      	18:00:35  	95.8  	-66.3 	3     	21.4     	269   	21.4       	0.4        	16974     	-88.0
3616      	18:00:37  	95.7  	-66.3 	3     	21.3     	269   	21.3       	0.5        	16983     	-88.0
3618      	18:00:39  	95.6  	-66.3 	3     	21.2     	268   	21.2       	0.7        	16992     	-88.1
3620      	18:00:41  	95.4  	-66.3 	3     	20.9     	268   	20.9       	0.9        	17001     	-88.1
3622      	18:00:43  	95.3  	-66.3 	3     	20.7     	267   	20.7       	1.2        	17010     	-88.1
3624      	18:00:45  	95.1  	-66.3 	3     	20.5     	266   	20.4       	1.6        	17019     	-88.1
3626      	18:00:47  	95.0  	-66.4 	3     	20.2     	265   	20.1       	1.9        	17028     	-88.2
3628      	18:00:49  	94.9  	-66.4 	3     	20.1     	264   	20.0       	2.1        	17037     	-88.2
3630      	18:00:51  	94.7  	-66.4 	3     	19.9     	263   	19.8       	2.3        	17045     	-88.2
3632      	18:00:53  	94.6  	-66.4 	3     	19.8     	263   	19.7       	2.4        	17054     	-88.2
3634      	18:00:55  	94.5  	-66.4 	3     	19.4     	262   	19.2       	2.6        	17063     	-88.3
3636      	18:00:57  	94.3  	-66.4 	3     	19.0     	262   	18.8       	2.8        	17071     	-88.3
3638      	18:00:59  	94.2  	-66.3 	3     	18.6     	261   	18.4       	3.0        	17080     	-88.3
3640      	18:01:01  	94.1  	-66.3 	3     	18.3     	260   	18.0       	3.1        	17089     	-88.3
3642      	18:01:03  	93.9  	-66.3 	3     	18.0     	260   	17.7       	3.1        	17098     	-88.3
3644      	18:01:05  	93.8  	-66.2 	3     	17.7     	260   	17.4       	3.0        	17107     	-88.3
3646      	18:01:07  	93.6  	-66.2 	3     	17.4     	260   	17.1       	3.0        	17115     	-88.3
3648      	18:01:09  	93.5  	-66.1 	3     	16.9     	260   	16.7       	2.8        	17124     	-88.3
3650      	18:01:11  	93.4  	-66.1 	3     	16.5     	261   	16.3       	2.6        	17133     	-88.3
3652      	18:01:13  	93.2  	-66.0 	3     	16.1     	261   	15.9       	2.5        	17141     	-88.2
3654      	18:01:15  	93.1  	-66.0 	3     	16.0     	262   	15.8       	2.3        	17150     	-88.2
3656      	18:01:17  	93.0  	-65.9 	3     	15.9     	262   	15.7       	2.2        	17158     	-88.1
3658      	18:01:19  	92.9  	-65.8 	3     	15.7     	263   	15.6       	2.0        	17167     	-88.1
3660      	18:01:21  	92.7  	-65.7 	3     	15.7     	263   	15.6       	1.9        	17176     	-88.0
3662      	18:01:23  	92.6  	-65.6 	3     	15.6     	263   	15.5       	1.8        	17184     	-87.9
3664      	18:01:25  	92.4  	-65.6 	3     	15.5     	263   	15.4       	1.8        	17193     	-87.9
3666      	18:01:27  	92.3  	-65.5 	3     	15.5     	263   	15.4       	1.8        	17202     	-87.8
3668      	18:01:29  	92.2  	-65.4 	3     	15.5     	263   	15.4       	1.8        	17212     	-87.8
3670      	18:01:31  	92.0  	-65.3 	3     	15.5     	263   	15.4       	1.9        	17221     	-87.7
3672      	18:01:33  	91.9  	-65.2 	3     	15.7     	263   	15.6       	1.9        	17230     	-87.7
3674      	18:01:35  	91.8  	-65.1 	3     	15.9     	264   	15.8       	1.8        	17238     	-87.6
3676      	18:01:37  	91.6  	-65.0 	3     	16.1     	264   	16.0       	1.7        	17247     	-87.5
3678      	18:01:39  	91.5  	-64.9 	3     	16.3     	264   	16.2       	1.6        	17255     	-87.5
3680      	18:01:41  	91.4  	-64.8 	3     	16.5     	265   	16.4       	1.5        	17264     	-87.4
3682      	18:01:43  	91.3  	-64.7 	3     	16.7     	266   	16.6       	1.3        	17272     	-87.3
3684      	18:01:45  	91.1  	-64.7 	3     	16.8     	266   	16.8       	1.2        	17281     	-87.3
3686      	18:01:47  	91.0  	-64.6 	3     	17.1     	267   	17.1       	0.9        	17290     	-87.2
3688      	18:01:49  	90.9  	-64.6 	3     	17.3     	268   	17.3       	0.7        	17299     	-87.2
3690      	18:01:51  	90.7  	-64.5 	3     	17.6     	269   	17.6       	0.4        	17308     	-87.1
3692      	18:01:53  	90.6  	-64.5 	3     	17.7     	269   	17.7       	0.2        	17317     	-87.1
3694      	18:01:55  	90.5  	-64.4 	3     	17.8     	270   	17.8       	0.1        	17326     	-87.0
3696      	18:01:57  	90.3  	-64.4 	3     	17.8     	270   	17.8       	0.0        	17335     	-87.0
3698      	18:01:59  	90.2  	-64.3 	3     	17.9     	270   	17.9       	-0.1       	17344     	-86.9
3700      	18:02:01  	90.1  	-64.3 	3     	18.0     	271   	18.0       	-0.3       	17353     	-86.9
3702      	18:02:03  	89.9  	-64.3 	3     	18.1     	272   	18.1       	-0.5       	17362     	-86.9
3704      	18:02:05  	89.8  	-64.2 	3     	18.2     	272   	18.2       	-0.7       	17371     	-86.8
3706      	18:02:07  	89.7  	-64.2 	3     	18.2     	273   	18.2       	-0.8       	17380     	-86.8
3708      	18:02:09  	89.5  	-64.2 	3     	18.2     	273   	18.2       	-0.9       	17389     	-86.7
3710      	18:02:11  	89.4  	-64.2 	3     	18.3     	273   	18.3       	-1.0       	17398     	-86.7
3712      	18:02:13  	89.3  	-64.3 	3     	18.3     	274   	18.3       	-1.3       	17407     	-86.6
3714      	18:02:15  	89.1  	-64.3 	3     	18.5     	275   	18.4       	-1.5       	17415     	-86.6
3716      	18:02:17  	89.0  	-64.3 	3     	18.5     	275   	18.4       	-1.7       	17424     	-86.6
3718      	18:02:19  	88.9  	-64.3 	3     	18.6     	276   	18.5       	-1.9       	17432     	-86.6
3720      	18:02:21  	88.8  	-64.3 	3     	18.6     	276   	18.5       	-2.0       	17441     	-86.6
3722      	18:02:23  	88.6  	-64.4 	3     	18.6     	277   	18.5       	-2.2       	17450     	-86.6
3724      	18:02:25  	88.5  	-64.4 	3     	18.8     	277   	18.6       	-2.4       	17459     	-86.6
3726      	18:02:27  	88.4  	-64.4 	3     	18.9     	278   	18.7       	-2.6       	17467     	-86.6
3728      	18:02:29  	88.3  	-64.5 	3     	19.0     	278   	18.8       	-2.8       	17476     	-86.6
3730      	18:02:31  	88.1  	-64.5 	3     	19.0     	279   	18.8       	-2.9       	17484     	-86.6
3732      	18:02:33  	88.0  	-64.5 	3     	19.1     	279   	18.9       	-3.0       	17493     	-86.5
3734      	18:02:35  	87.9  	-64.5 	3     	19.2     	279   	19.0       	-3.0       	17502     	-86.5
3736      	18:02:37  	87.8  	-64.6 	3     	19.3     	279   	19.1       	-3.1       	17511     	-86.5
3738      	18:02:39  	87.6  	-64.6 	3     	19.6     	279   	19.3       	-3.2       	17520     	-86.5
3740      	18:02:41  	87.5  	-64.6 	3     	19.8     	280   	19.5       	-3.3       	17528     	-86.5
3742      	18:02:43  	87.4  	-64.6 	3     	20.0     	280   	19.7       	-3.4       	17537     	-86.5
3744      	18:02:45  	87.3  	-64.6 	3     	20.1     	280   	19.8       	-3.4       	17546     	-86.5
3746      	18:02:47  	87.1  	-64.7 	3     	20.2     	280   	19.9       	-3.5       	17555     	-86.5
3748      	18:02:49  	87.0  	-64.7 	3     	20.3     	280   	20.0       	-3.5       	17564     	-86.5
3750      	18:02:51  	86.9  	-64.7 	3     	20.4     	280   	20.1       	-3.7       	17573     	-86.6
3752      	18:02:53  	86.8  	-64.8 	3     	20.6     	281   	20.2       	-3.8       	17581     	-86.6
3754      	18:02:55  	86.6  	-64.8 	3     	20.7     	281   	20.3       	-4.0       	17590     	-86.6
3756      	18:02:57  	86.5  	-64.8 	3     	20.7     	281   	20.3       	-4.1       	17599     	-86.7
3758      	18:02:59  	86.4  	-64.9 	3     	20.7     	282   	20.3       	-4.2       	17608     	-86.7
3760      	18:03:01  	86.3  	-64.9 	3     	20.8     	282   	20.3       	-4.3       	17616     	-86.7
3762      	18:03:03  	86.1  	-64.9 	3     	20.7     	283   	20.2       	-4.5       	17625     	-86.7
3764      	18:03:05  	86.0  	-64.9 	3     	20.7     	284   	20.1       	-4.9       	17634     	-86.7
3766      	18:03:07  	85.9  	-65.0 	3     	20.6     	285   	19.9       	-5.2       	17642     	-86.7
3768      	18:03:09  	85.8  	-65.0 	3     	20.6     	286   	19.8       	-5.6       	17651     	-86.7
3770      	18:03:11  	85.7  	-65.0 	3     	20.4     	286   	19.6       	-5.8       	17659     	-86.7
3772      	18:03:13  	85.5  	-65.0 	3     	20.4     	287   	19.5       	-6.1       	17666     	-86.6
3774      	18:03:15  	85.4  	-65.0 	3     	20.3     	288   	19.3       	-6.3       	17675     	-86.6
3776      	18:03:17  	85.3  	-65.0 	3     	20.1     	289   	19.0       	-6.6       	17683     	-86.6
3778      	18:03:19  	85.2  	-65.0 	3     	19.9     	290   	18.7       	-6.8       	17692     	-86.6
3780      	18:03:21  	85.1  	-65.1 	3     	19.6     	291   	18.3       	-7.0       	17701     	-86.6
3782      	18:03:23  	84.9  	-65.1 	3     	19.4     	291   	18.1       	-7.1       	17710     	-86.7
3784      	18:03:25  	84.8  	-65.1 	3     	19.3     	292   	17.9       	-7.1       	17719     	-86.7
3786      	18:03:27  	84.7  	-65.1 	3     	19.1     	292   	17.7       	-7.1       	17728     	-86.7
3788      	18:03:29  	84.6  	-65.1 	3     	18.6     	292   	17.3       	-6.9       	17737     	-86.7
3790      	18:03:31  	84.4  	-65.1 	3     	18.0     	291   	16.8       	-6.6       	17746     	-86.8
3792      	18:03:33  	84.3  	-65.2 	3     	17.6     	291   	16.4       	-6.3       	17755     	-86.8
3794      	18:03:35  	84.2  	-65.2 	3     	17.0     	290   	15.9       	-5.9       	17764     	-86.8
3796      	18:03:37  	84.1  	-65.2 	3     	16.6     	290   	15.6       	-5.6       	17774     	-86.8
3798      	18:03:39  	83.9  	-65.2 	3     	16.2     	289   	15.3       	-5.3       	17783     	-86.9
3800      	18:03:41  	83.8  	-65.3 	3     	15.8     	288   	15.0       	-5.0       	17792     	-86.9
3802      	18:03:43  	83.7  	-65.3 	3     	15.4     	287   	14.7       	-4.5       	17801     	-86.9
3804      	18:03:45  	83.6  	-65.4 	3     	15.0     	286   	14.4       	-4.1       	17809     	-86.9
3806      	18:03:47  	83.4  	-65.4 	3     	14.5     	284   	14.0       	-3.6       	17818     	-86.9
3808      	18:03:49  	83.3  	-65.4 	3     	14.2     	283   	13.8       	-3.3       	17827     	-86.9
3810      	18:03:51  	83.2  	-65.5 	3     	14.2     	283   	13.8       	-3.2       	17835     	-86.8
3812      	18:03:53  	83.1  	-65.5 	3     	14.0     	283   	13.7       	-3.1       	17844     	-86.8
3814      	18:03:55  	83.0  	-65.5 	3     	14.1     	282   	13.8       	-2.9       	17853     	-86.8
3816      	18:03:57  	82.9  	-65.6 	3     	14.1     	281   	13.8       	-2.7       	17862     	-86.8
3818      	18:03:59  	82.7  	-65.6 	3     	14.1     	280   	13.9       	-2.4       	17870     	-86.8
3820      	18:04:01  	82.6  	-65.7 	3     	14.2     	279   	14.0       	-2.2       	17879     	-86.9
3822      	18:04:03  	82.5  	-65.7 	3     	14.3     	278   	14.1       	-2.1       	17887     	-86.9
3824      	18:04:05  	82.4  	-65.8 	3     	14.3     	278   	14.2       	-2.0       	17896     	-86.9
3826      	18:04:07  	82.3  	-65.8 	3     	14.5     	278   	14.4       	-1.9       	17904     	-86.9
3828      	18:04:09  	82.2  	-65.8 	3     	14.6     	278   	14.5       	-2.0       	17912     	-87.0
3830      	18:04:11  	82.0  	-65.8 	3     	14.8     	278   	14.7       	-2.1       	17921     	-87.0
3832      	18:04:13  	81.9  	-65.9 	3     	15.0     	278   	14.9       	-2.1       	17929     	-87.1
3834      	18:04:15  	81.8  	-65.9 	3     	15.2     	278   	15.0       	-2.2       	17938     	-87.1
3836      	18:04:17  	81.7  	-65.9 	3     	15.2     	279   	15.0       	-2.4       	17947     	-87.2
3838      	18:04:19  	81.6  	-65.9 	3     	15.2     	279   	15.0       	-2.5       	17955     	-87.2
3840      	18:04:21  	81.5  	-65.9 	3     	15.5     	281   	15.2       	-2.9       	17964     	-87.3
3842      	18:04:23  	81.3  	-65.9 	3     	15.7     	282   	15.4       	-3.2       	17973     	-87.3
3844      	18:04:25  	81.2  	-66.0 	3     	16.0     	283   	15.6       	-3.5       	17982     	-87.4
3846      	18:04:27  	81.1  	-66.0 	3     	16.2     	284   	15.7       	-3.8       	17991     	-87.4
3848      	18:04:29  	81.0  	-66.0 	3     	16.4     	284   	15.9       	-3.9       	18000     	-87.4
3850      	18:04:31  	80.9  	-66.0 	3     	16.5     	284   	16.0       	-4.1       	18009     	-87.4
3852      	18:04:33  	80.7  	-66.0 	3     	16.5     	285   	15.9       	-4.3       	18018     	-87.4
3854      	18:04:35  	80.6  	-66.0 	3     	16.5     	286   	15.8       	-4.6       	18026     	-87.4
3856      	18:04:37  	80.5  	-66.0 	3     	16.3     	287   	15.6       	-4.8       	18035     	-87.4
3858      	18:04:39  	80.4  	-66.0 	3     	16.3     	288   	15.5       	-5.1       	18044     	-87.4
3860      	18:04:41  	80.3  	-66.0 	3     	16.1     	289   	15.2       	-5.2       	18053     	-87.4
3862      	18:04:43  	80.2  	-66.0 	3     	15.8     	290   	14.9       	-5.3       	18061     	-87.4
3864      	18:04:45  	80.1  	-66.0 	3     	15.3     	291   	14.3       	-5.4       	18070     	-87.4
3866      	18:04:47  	79.9  	-66.0 	3     	14.9     	292   	13.8       	-5.6       	18079     	-87.3
3868      	18:04:49  	79.8  	-65.9 	3     	14.4     	293   	13.2       	-5.7       	18087     	-87.3
3870      	18:04:51  	79.7  	-65.9 	3     	13.9     	295   	12.6       	-5.8       	18096     	-87.2
3872      	18:04:53  	79.6  	-66.0 	3     	13.6     	296   	12.3       	-5.9       	18105     	-87.3
3874      	18:04:55  	79.5  	-66.1 	3     	13.4     	297   	12.0       	-6.0       	18113     	-87.3
3876      	18:04:57  	79.4  	-66.1 	3     	13.0     	298   	11.5       	-6.0       	18122     	-87.3
3878      	18:04:59  	79.3  	-66.1 	3     	12.4     	299   	10.9       	-6.0       	18131     	-87.3
3880      	18:05:01  	79.1  	-66.1 	3     	11.9     	301   	10.2       	-6.1       	18139     	-87.3
3882      	18:05:03  	79.0  	-66.2 	3     	11.3     	303   	9.5        	-6.1       	18148     	-87.3
3884      	18:05:05  	78.9  	-66.2 	3     	11.0     	304   	9.1        	-6.1       	18156     	-87.4
3886      	18:05:07  	78.8  	-66.2 	3     	10.6     	305   	8.7        	-6.1       	18165     	-87.4
3888      	18:05:09  	78.7  	-66.2 	3     	10.2     	307   	8.2        	-6.1       	18174     	-87.4
3890      	18:05:11  	78.6  	-66.2 	3     	9.7      	307   	7.7        	-5.9       	18182     	-87.4
3892      	18:05:13  	78.5  	-66.3 	3     	9.2      	309   	7.2        	-5.8       	18190     	-87.4
3894      	18:05:15  	78.4  	-66.3 	3     	8.8      	310   	6.7        	-5.7       	18198     	-87.4
3896      	18:05:17  	78.3  	-66.3 	3     	8.5      	311   	6.4        	-5.6       	18206     	-87.4
3898      	18:05:19  	78.2  	-66.3 	3     	8.4      	311   	6.3        	-5.5       	18214     	-87.4
3900      	18:05:21  	78.1  	-66.3 	3     	8.2      	311   	6.2        	-5.4       	18223     	-87.5
3902      	18:05:23  	78.0  	-66.3 	3     	8.1      	310   	6.2        	-5.2       	18231     	-87.5
3904      	18:05:25  	77.8  	-66.3 	3     	8.0      	308   	6.3        	-4.9       	18239     	-87.5
3906      	18:05:27  	77.7  	-66.2 	3     	7.8      	306   	6.3        	-4.6       	18248     	-87.6
3908      	18:05:29  	77.6  	-66.2 	3     	7.7      	304   	6.4        	-4.3       	18256     	-87.6
3910      	18:05:31  	77.5  	-66.2 	3     	7.8      	302   	6.6        	-4.1       	18264     	-87.6
3912      	18:05:33  	77.4  	-66.1 	3     	7.8      	300   	6.8        	-3.9       	18273     	-87.6
3914      	18:05:35  	77.3  	-66.1 	3     	7.8      	298   	6.9        	-3.7       	18281     	-87.6
3916      	18:05:37  	77.2  	-66.0 	3     	8.3      	297   	7.4        	-3.7       	18290     	-87.6
3918      	18:05:39  	77.1  	-66.0 	3     	8.6      	295   	7.8        	-3.6       	18298     	-87.5
3920      	18:05:41  	77.0  	-65.9 	3     	8.9      	293   	8.2        	-3.5       	18306     	-87.5
3922      	18:05:43  	76.9  	-65.9 	3     	9.2      	292   	8.5        	-3.5       	18314     	-87.4
3924      	18:05:45  	76.8  	-65.8 	3     	9.5      	292   	8.8        	-3.6       	18322     	-87.4
3926      	18:05:47  	76.7  	-65.8 	3     	9.7      	292   	9.0        	-3.7       	18330     	-87.3
3928      	18:05:49  	76.6  	-65.7 	3     	9.9      	293   	9.1        	-3.8       	18338     	-87.3
3930      	18:05:51  	76.5  	-65.7 	3     	9.9      	294   	9.1        	-4.0       	18346     	-87.3
3932      	18:05:53  	76.4  	-65.6 	3     	10.0     	295   	9.1        	-4.2       	18354     	-87.2
3934      	18:05:55  	76.3  	-65.6 	3     	10.1     	295   	9.1        	-4.3       	18362     	-87.2
3936      	18:05:57  	76.2  	-65.5 	3     	9.8      	297   	8.8        	-4.4       	18370     	-87.2
3938      	18:05:59  	76.1  	-65.5 	3     	9.6      	298   	8.5        	-4.5       	18378     	-87.1
3940      	18:06:01  	76.0  	-65.4 	3     	9.5      	299   	8.3        	-4.6       	18386     	-87.1
3942      	18:06:03  	75.9  	-65.4 	3     	9.2      	301   	7.9        	-4.7       	18394     	-87.0
3944      	18:06:05  	75.8  	-65.3 	3     	9.0      	303   	7.6        	-4.9       	18402     	-86.9
3946      	18:06:07  	75.7  	-65.3 	3     	8.8      	305   	7.2        	-5.0       	18410     	-86.9
3948      	18:06:09  	75.6  	-65.2 	3     	8.7      	306   	7.0        	-5.1       	18418     	-86.8
3950      	18:06:11  	75.5  	-65.2 	3     	8.6      	307   	6.9        	-5.2       	18427     	-86.7
3952      	18:06:13  	75.4  	-65.1 	3     	8.7      	308   	6.9        	-5.3       	18435     	-86.7
3954      	18:06:15  	75.3  	-65.1 	3     	8.7      	308   	6.9        	-5.3       	18444     	-86.6
3956      	18:06:17  	75.2  	-65.0 	3     	8.7      	308   	6.9        	-5.3       	18452     	-86.6
3958      	18:06:19  	75.1  	-64.9 	3     	8.8      	308   	7.0        	-5.4       	18461     	-86.6
3960      	18:06:21  	75.0  	-64.9 	3     	8.8      	308   	7.0        	-5.4       	18469     	-86.6
3962      	18:06:23  	74.9  	-64.9 	3     	8.9      	307   	7.1        	-5.3       	18477     	-86.6
3964      	18:06:25  	74.8  	-64.8 	3     	9.0      	306   	7.3        	-5.3       	18486     	-86.6
3966      	18:06:27  	74.7  	-64.8 	3     	9.0      	305   	7.4        	-5.2       	18494     	-86.6
3968      	18:06:29  	74.6  	-64.8 	3     	9.2      	304   	7.7        	-5.1       	18502     	-86.6
3970      	18:06:31  	74.4  	-64.7 	3     	9.5      	303   	8.0        	-5.1       	18511     	-86.6
3972      	18:06:33  	74.3  	-64.7 	3     	9.7      	301   	8.3        	-5.0       	18519     	-86.6
3974      	18:06:35  	74.2  	-64.6 	3     	9.8      	300   	8.5        	-4.9       	18528     	-86.6
3976      	18:06:37  	74.1  	-64.6 	3     	10.0     	299   	8.7        	-4.9       	18536     	-86.6
3978      	18:06:39  	74.0  	-64.5 	3     	10.2     	299   	8.9        	-4.9       	18545     	-86.5
3980      	18:06:41  	73.9  	-64.5 	3     	10.2     	299   	9.0        	-4.9       	18553     	-86.5
3982      	18:06:43  	73.8  	-64.4 	3     	10.5     	299   	9.2        	-5.0       	18561     	-86.4
3984      	18:06:45  	73.7  	-64.3 	3     	10.7     	298   	9.4        	-5.1       	18570     	-86.3
3986      	18:06:47  	73.6  	-64.3 	3     	10.8     	299   	9.5        	-5.2       	18578     	-86.3
3988      	18:06:49  	73.5  	-64.2 	3     	11.0     	299   	9.6        	-5.3       	18586     	-86.2
3990      	18:06:51  	73.4  	-64.1 	3     	11.0     	299   	9.6        	-5.4       	18594     	-86.1
3992      	18:06:53  	73.3  	-64.1 	3     	11.3     	300   	9.8        	-5.7       	18602     	-86.1
3994      	18:06:55  	73.2  	-64.0 	3     	11.7     	301   	10.0       	-6.0       	18611     	-86.0
3996      	18:06:57  	73.1  	-63.9 	3     	12.0     	302   	10.2       	-6.4       	18619     	-86.0
3998      	18:06:59  	73.0  	-63.9 	3     	12.4     	303   	10.4       	-6.7       	18627     	-85.9
4000      	18:07:01  	72.9  	-63.8 	3     	12.6     	303   	10.6       	-6.9       	18636     	-85.9
4002      	18:07:03  	72.8  	-63.8 	3     	13.0     	304   	10.8       	-7.2       	18644     	-85.8
4004      	18:07:05  	72.7  	-63.7 	3     	13.4     	303   	11.2       	-7.3       	18653     	-85.8
4006      	18:07:07  	72.6  	-63.7 	3     	13.8     	302   	11.7       	-7.4       	18662     	-85.8
4008      	18:07:09  	72.5  	-63.6 	3     	14.3     	302   	12.2       	-7.5       	18670     	-85.7
4010      	18:07:11  	72.4  	-63.6 	3     	14.7     	301   	12.6       	-7.6       	18679     	-85.7
4012      	18:07:13  	72.3  	-63.5 	3     	15.0     	301   	12.9       	-7.6       	18688     	-85.6
4014      	18:07:15  	72.2  	-63.5 	3     	15.1     	299   	13.2       	-7.4       	18697     	-85.6
4016      	18:07:17  	72.1  	-63.4 	3     	15.3     	298   	13.5       	-7.3       	18705     	-85.5
4018      	18:07:19  	72.0  	-63.3 	3     	15.5     	297   	13.8       	-7.1       	18714     	-85.5
4020      	18:07:21  	71.9  	-63.3 	3     	15.7     	296   	14.1       	-7.0       	18722     	-85.4
4022      	18:07:23  	71.8  	-63.2 	3     	15.9     	295   	14.4       	-6.8       	18730     	-85.4
4024      	18:07:25  	71.7  	-63.2 	3     	15.9     	295   	14.4       	-6.8       	18738     	-85.4
4026      	18:07:27  	71.6  	-63.1 	3     	16.0     	295   	14.5       	-6.7       	18747     	-85.3
4028      	18:07:29  	71.5  	-63.1 	3     	16.0     	295   	14.5       	-6.7       	18756     	-85.3
4030      	18:07:31  	71.4  	-63.0 	3     	15.7     	296   	14.1       	-6.8       	18765     	-85.3
4032      	18:07:33  	71.3  	-63.0 	3     	15.4     	297   	13.8       	-6.9       	18774     	-85.2
4034      	18:07:35  	71.2  	-62.9 	3     	15.2     	298   	13.4       	-7.1       	18783     	-85.2
4036      	18:07:37  	71.1  	-62.8 	3     	14.9     	299   	13.1       	-7.2       	18791     	-85.1
4038      	18:07:39  	71.0  	-62.8 	3     	14.7     	300   	12.7       	-7.4       	18800     	-85.1
4040      	18:07:41  	70.9  	-62.7 	3     	14.5     	301   	12.4       	-7.5       	18810     	-85.1
4042      	18:07:43  	70.8  	-62.7 	3     	14.1     	304   	11.7       	-7.9       	18819     	-85.1
4044      	18:07:45  	70.7  	-62.6 	3     	13.5     	308   	10.7       	-8.3       	18828     	-85.0
4046      	18:07:47  	70.6  	-62.6 	3     	13.0     	312   	9.7        	-8.7       	18837     	-85.0
4048      	18:07:49  	70.5  	-62.5 	3     	12.6     	316   	8.7        	-9.1       	18847     	-85.0
4050      	18:07:51  	70.4  	-62.5 	3     	12.3     	320   	8.0        	-9.4       	18856     	-85.0
4052      	18:07:53  	70.3  	-62.5 	3     	12.1     	322   	7.4        	-9.6       	18865     	-84.9
4054      	18:07:55  	70.2  	-62.5 	3     	12.0     	326   	6.7        	-9.9       	18874     	-84.9
4056      	18:07:57  	70.1  	-62.4 	3     	11.7     	331   	5.6        	-10.3      	18883     	-84.9
4058      	18:07:59  	70.0  	-62.4 	3     	11.7     	337   	4.5        	-10.8      	18893     	-84.8
4060      	18:08:01  	69.9  	-62.4 	3     	11.7     	343   	3.4        	-11.2      	18902     	-84.8
4062      	18:08:03  	69.7  	-62.3 	3     	11.8     	347   	2.7        	-11.5      	18911     	-84.7
4064      	18:08:05  	69.6  	-62.3 	3     	11.8     	349   	2.2        	-11.6      	18920     	-84.6
4066      	18:08:07  	69.5  	-62.3 	3     	11.9     	351   	1.8        	-11.8      	18929     	-84.5
4068      	18:08:09  	69.4  	-62.2 	3     	12.1     	354   	1.3        	-12.0      	18938     	-84.4
4070      	18:08:11  	69.3  	-62.2 	3     	12.2     	357   	0.7        	-12.2      	18948     	-84.4
4072      	18:08:13  	69.2  	-62.1 	3     	12.4     	359   	0.2        	-12.4      	18957     	-84.3
4074      	18:08:15  	69.1  	-62.1 	3     	12.6     	002   	-0.4       	-12.6      	18966     	-84.3
4076      	18:08:17  	69.0  	-62.0 	3     	12.6     	002   	-0.5       	-12.6      	18975     	-84.2
4078      	18:08:19  	68.9  	-62.0 	3     	12.7     	003   	-0.6       	-12.7      	18984     	-84.2
4080      	18:08:21  	68.8  	-62.0 	3     	12.7     	003   	-0.7       	-12.7      	18993     	-84.2
4082      	18:08:23  	68.7  	-61.9 	3     	12.7     	005   	-1.1       	-12.7      	19001     	-84.2
4084      	18:08:25  	68.6  	-61.9 	3     	12.8     	007   	-1.5       	-12.7      	19010     	-84.2
4086      	18:08:27  	68.5  	-61.9 	3     	12.8     	009   	-1.9       	-12.7      	19019     	-84.2
4088      	18:08:29  	68.4  	-61.8 	3     	12.9     	010   	-2.2       	-12.7      	19029     	-84.2
4090      	18:08:31  	68.3  	-61.8 	3     	12.8     	011   	-2.5       	-12.6      	19038     	-84.2
4092      	18:08:33  	68.2  	-61.8 	3     	12.9     	013   	-2.8       	-12.6      	19047     	-84.2
4094      	18:08:35  	68.1  	-61.8 	3     	12.7     	015   	-3.2       	-12.3      	19056     	-84.2
4096      	18:08:37  	68.0  	-61.7 	3     	12.5     	017   	-3.6       	-12.0      	19065     	-84.1
4098      	18:08:39  	67.9  	-61.7 	3     	12.3     	019   	-4.1       	-11.6      	19074     	-84.1
4100      	18:08:41  	67.8  	-61.7 	3     	12.2     	022   	-4.6       	-11.3      	19083     	-84.0
4102      	18:08:43  	67.7  	-61.6 	3     	12.0     	024   	-4.8       	-11.0      	19092     	-84.0
4104      	18:08:45  	67.6  	-61.6 	3     	11.7     	025   	-5.0       	-10.6      	19101     	-83.9
4106      	18:08:47  	67.5  	-61.6 	3     	11.4     	027   	-5.2       	-10.2      	19110     	-83.9
4108      	18:08:49  	67.4  	-61.6 	3     	11.1     	030   	-5.5       	-9.6       	19119     	-83.8
4110      	18:08:51  	67.3  	-61.6 	3     	10.6     	033   	-5.8       	-8.9       	19128     	-83.7
4112      	18:08:53  	67.2  	-61.5 	3     	10.2     	037   	-6.1       	-8.2       	19137     	-83.7
4114      	18:08:55  	67.1  	-61.5 	3     	9.9      	039   	-6.3       	-7.7       	19146     	-83.7
4116      	18:08:57  	67.0  	-61.5 	3     	9.8      	041   	-6.4       	-7.4       	19155     	-83.6
4118      	18:08:59  	67.0  	-61.5 	3     	9.6      	043   	-6.5       	-7.0       	19164     	-83.6
4120      	18:09:01  	66.9  	-61.6 	3     	9.3      	046   	-6.7       	-6.4       	19173     	-83.6
4122      	18:09:03  	66.8  	-61.6 	3     	8.9      	050   	-6.8       	-5.8       	19183     	-83.5
4124      	18:09:05  	66.7  	-61.6 	3     	8.7      	053   	-7.0       	-5.2       	19192     	-83.6
4126      	18:09:07  	66.6  	-61.6 	3     	8.7      	056   	-7.2       	-4.8       	19201     	-83.6
4128      	18:09:09  	66.5  	-61.7 	3     	8.5      	058   	-7.2       	-4.5       	19210     	-83.6
4130      	18:09:11  	66.4  	-61.7 	3     	8.5      	060   	-7.3       	-4.3       	19219     	-83.6
4132      	18:09:13  	66.3  	-61.8 	3     	8.3      	061   	-7.3       	-4.0       	19228     	-83.7
4134      	18:09:15  	66.2  	-61.8 	3     	8.1      	064   	-7.3       	-3.6       	19236     	-83.7
4136      	18:09:17  	66.1  	-61.8 	3     	8.0      	066   	-7.3       	-3.3       	19245     	-83.7
4138      	18:09:19  	66.0  	-61.9 	3     	7.9      	068   	-7.3       	-3.0       	19255     	-83.8
4140      	18:09:21  	65.9  	-61.9 	3     	7.9      	068   	-7.3       	-2.9       	19265     	-83.8
4142      	18:09:23  	65.8  	-62.0 	3     	7.7      	069   	-7.2       	-2.8       	19275     	-83.8
4144      	18:09:25  	65.7  	-62.0 	3     	7.5      	071   	-7.1       	-2.5       	19284     	-83.8
4146      	18:09:27  	65.6  	-62.0 	3     	7.2      	072   	-6.9       	-2.2       	19294     	-83.9
4148      	18:09:29  	65.5  	-62.1 	3     	7.1      	074   	-6.8       	-1.9       	19303     	-83.9
4150      	18:09:31  	65.4  	-62.1 	3     	6.8      	077   	-6.6       	-1.5       	19312     	-83.9
4152      	18:09:33  	65.3  	-62.2 	3     	6.6      	079   	-6.5       	-1.3       	19321     	-84.0
4154      	18:09:35  	65.2  	-62.2 	3     	6.5      	081   	-6.4       	-1.0       	19330     	-84.0
4156      	18:09:37  	65.1  	-62.2 	3     	6.1      	084   	-6.1       	-0.6       	19339     	-84.0
4158      	18:09:39  	65.0  	-62.3 	3     	5.6      	088   	-5.6       	-0.2       	19347     	-84.1
4160      	18:09:41  	64.9  	-62.3 	3     	5.2      	093   	-5.2       	0.3        	19356     	-84.1
4162      	18:09:43  	64.8  	-62.3 	3     	4.8      	100   	-4.7       	0.8        	19364     	-84.1
4164      	18:09:45  	64.7  	-62.3 	3     	4.5      	104   	-4.4       	1.1        	19373     	-84.1
4166      	18:09:47  	64.6  	-62.3 	3     	4.2      	108   	-4.0       	1.3        	19382     	-84.1
4168      	18:09:49  	64.5  	-62.4 	3     	3.9      	114   	-3.6       	1.6        	19390     	-84.1
4170      	18:09:51  	64.5  	-62.4 	3     	3.4      	122   	-2.9       	1.8        	19399     	-84.1
4172      	18:09:53  	64.4  	-62.4 	3     	3.0      	131   	-2.3       	2.0        	19408     	-84.1
4174      	18:09:55  	64.3  	-62.3 	3     	2.8      	145   	-1.6       	2.3        	19416     	-84.1
4176      	18:09:57  	64.2  	-62.3 	3     	2.6      	155   	-1.1       	2.4        	19425     	-84.1
4178      	18:09:59  	64.1  	-62.3 	3     	2.5      	162   	-0.8       	2.4        	19434     	-84.1
4180      	18:10:01  	64.0  	-62.3 	3     	2.5      	168   	-0.5       	2.4        	19443     	-84.1
4182      	18:10:03  	63.9  	-62.3 	3     	2.2      	180   	-0.0       	2.2        	19452     	-84.1
4184      	18:10:05  	63.8  	-62.2 	3     	2.0      	200   	0.7        	1.9        	19461     	-84.1
4186      	18:10:07  	63.7  	-62.2 	3     	2.1      	217   	1.3        	1.7        	19470     	-84.1
4188      	18:10:09  	63.6  	-62.1 	3     	2.4      	234   	1.9        	1.4        	19479     	-84.1
4190      	18:10:11  	63.5  	-62.1 	3     	2.5      	243   	2.2        	1.1        	19487     	-84.1
4192      	18:10:13  	63.5  	-62.0 	3     	2.7      	253   	2.6        	0.8        	19496     	-84.1
4194      	18:10:15  	63.4  	-62.0 	3     	2.9      	260   	2.9        	0.5        	19505     	-84.1
4196      	18:10:17  	63.3  	-61.9 	3     	3.4      	272   	3.4        	-0.1       	19513     	-84.1
4198      	18:10:19  	63.2  	-61.9 	3     	4.0      	280   	3.9        	-0.7       	19522     	-84.1
4200      	18:10:21  	63.1  	-61.9 	3     	4.6      	286   	4.4        	-1.3       	19531     	-84.0
4202      	18:10:23  	63.0  	-61.8 	3     	5.1      	290   	4.8        	-1.7       	19539     	-84.0
4204      	18:10:25  	62.9  	-61.8 	3     	5.3      	292   	4.9        	-2.0       	19548     	-83.9
4206      	18:10:27  	62.8  	-61.7 	3     	4.1      	309   	3.2        	-2.6       	19556     	-83.9
4208      	18:10:29  	62.7  	-61.7 	3     	3.4      	339   	1.2        	-3.2       	19565     	-83.8
4210      	18:10:31  	62.7  	-61.6 	3     	4.0      	012   	-0.8       	-3.9       	19573     	-83.7
4212      	18:10:33  	62.6  	-61.6 	3     	5.3      	032   	-2.8       	-4.5       	19582     	-83.7
4214      	18:10:35  	62.5  	-61.5 	3     	6.9      	043   	-4.7       	-5.1       	19591     	-83.7
4216      	18:10:37  	62.4  	-61.5 	3     	8.8      	052   	-6.9       	-5.4       	19599     	-83.6
4218      	18:10:39  	62.3  	-61.4 	3     	10.7     	057   	-9.0       	-5.8       	19608     	-83.6
4220      	18:10:41  	62.2  	-61.4 	3     	12.8     	061   	-11.2      	-6.1       	19616     	-83.5
4222      	18:10:43  	62.1  	-61.3 	3     	14.8     	064   	-13.3      	-6.4       	19625     	-83.5
4224      	18:10:45  	62.1  	-61.3 	3     	16.2     	065   	-14.7      	-6.8       	19633     	-83.5
4226      	18:10:47  	62.0  	-61.2 	3     	13.9     	060   	-12.0      	-7.0       	19642     	-83.5
4228      	18:10:49  	61.9  	-61.1 	3     	11.6     	052   	-9.1       	-7.2       	19650     	-83.4
4230      	18:10:51  	61.8  	-61.0 	3     	9.7      	040   	-6.3       	-7.4       	19658     	-83.4
4232      	18:10:53  	61.7  	-61.0 	3     	8.3      	024   	-3.4       	-7.6       	19667     	-83.3
