Time [sec]	Time (UTC)	P [mB]	T [°F]	Hu [%]	Ws [mi/h]	Wd [°]	Ws U [mi/h]	Ws V [mi/h]	Geopot [m]	Dew [°F]
0         	17:06:54  	873.6 	29.4  	33    	9.6      	135   	-6.8       	6.8        	1288      	11.4
2         	17:06:56  	872.3 	30.6  	30    	17.7     	171   	-2.7       	17.5       	1301      	10.9
4         	17:06:58  	871.0 	29.8  	29    	17.7     	171   	-2.7       	17.5       	1314      	9.7
6         	17:07:00  	869.8 	29.6  	30    	17.7     	171   	-2.7       	17.5       	1327      	10.1
8         	17:07:02  	868.8 	29.5  	30    	21.8     	176   	-1.7       	21.7       	1340      	10.1
10        	17:07:04  	867.8 	29.3  	30    	22.0     	176   	-1.7       	21.9       	1349      	10.0
12        	17:07:06  	866.8 	29.1  	30    	22.1     	176   	-1.6       	22.0       	1357      	10.0
14        	17:07:08  	866.2 	29.1  	30    	22.2     	176   	-1.6       	22.1       	1364      	10.0
16        	17:07:10  	865.7 	29.1  	30    	22.3     	176   	-1.6       	22.2       	1370      	9.9
18        	17:07:12  	865.1 	29.1  	30    	22.3     	176   	-1.6       	22.2       	1375      	9.8
20        	17:07:14  	864.5 	29.0  	30    	22.3     	176   	-1.6       	22.2       	1381      	9.8
22        	17:07:16  	863.8 	28.9  	30    	22.3     	176   	-1.6       	22.2       	1388      	9.8
24        	17:07:18  	863.2 	28.9  	31    	22.2     	176   	-1.5       	22.1       	1394      	9.9
26        	17:07:20  	862.4 	28.8  	31    	22.0     	177   	-1.3       	22.0       	1402      	9.9
28        	17:07:22  	861.7 	28.7  	31    	21.9     	177   	-1.2       	21.9       	1410      	10.0
30        	17:07:24  	860.9 	28.9  	31    	21.3     	179   	-0.5       	21.3       	1419      	10.2
32        	17:07:26  	860.1 	28.9  	31    	21.3     	179   	-0.5       	21.3       	1427      	10.3
34        	17:07:28  	859.2 	28.7  	32    	21.3     	179   	-0.5       	21.3       	1436      	10.2
36        	17:07:30  	858.4 	28.6  	32    	21.3     	179   	-0.5       	21.3       	1444      	10.2
38        	17:07:32  	857.6 	28.5  	32    	21.4     	178   	-0.8       	21.4       	1452      	10.2
40        	17:07:34  	856.8 	28.4  	32    	21.4     	177   	-1.0       	21.4       	1461      	10.2
42        	17:07:36  	856.1 	28.4  	32    	21.4     	177   	-1.2       	21.4       	1468      	10.3
44        	17:07:38  	855.4 	28.4  	32    	21.5     	177   	-1.3       	21.5       	1476      	10.3
46        	17:07:40  	854.7 	28.2  	33    	21.5     	177   	-1.3       	21.5       	1483      	10.2
48        	17:07:42  	854.0 	28.1  	33    	21.5     	176   	-1.4       	21.5       	1489      	10.2
50        	17:07:44  	853.4 	28.0  	33    	21.7     	176   	-1.6       	21.6       	1496      	10.1
52        	17:07:46  	852.8 	28.0  	33    	22.0     	176   	-1.6       	21.9       	1502      	10.1
54        	17:07:48  	852.2 	27.9  	33    	22.2     	176   	-1.7       	22.1       	1508      	10.0
56        	17:07:50  	851.7 	27.8  	33    	22.5     	176   	-1.7       	22.4       	1515      	9.9
58        	17:07:52  	851.1 	27.7  	33    	22.7     	176   	-1.6       	22.6       	1520      	9.9
60        	17:07:54  	850.6 	27.7  	33    	22.9     	176   	-1.5       	22.9       	1525      	9.9
62        	17:07:56  	850.1 	27.7  	33    	23.1     	177   	-1.4       	23.1       	1530      	9.8
64        	17:07:58  	849.6 	27.8  	33    	23.3     	177   	-1.3       	23.3       	1535      	9.9
66        	17:08:00  	849.2 	27.8  	33    	23.4     	177   	-1.3       	23.4       	1540      	9.9
68        	17:08:02  	848.7 	27.8  	33    	23.5     	177   	-1.2       	23.5       	1545      	10.0
70        	17:08:04  	848.3 	27.8  	33    	23.6     	177   	-1.2       	23.6       	1549      	10.1
72        	17:08:06  	847.8 	27.7  	33    	23.5     	177   	-1.2       	23.5       	1554      	9.9
74        	17:08:08  	847.3 	27.5  	33    	23.3     	177   	-1.3       	23.3       	1559      	9.8
76        	17:08:10  	846.8 	27.4  	33    	23.3     	177   	-1.3       	23.3       	1564      	9.8
78        	17:08:12  	846.3 	27.3  	33    	23.2     	177   	-1.3       	23.2       	1570      	9.7
80        	17:08:14  	845.8 	27.2  	33    	23.1     	177   	-1.3       	23.1       	1575      	9.7
82        	17:08:16  	845.2 	27.2  	33    	23.1     	177   	-1.3       	23.1       	1581      	9.7
84        	17:08:18  	844.6 	27.1  	33    	23.1     	177   	-1.2       	23.1       	1587      	9.6
86        	17:08:20  	844.0 	27.1  	33    	23.2     	177   	-1.2       	23.2       	1594      	9.5
88        	17:08:22  	843.4 	27.1  	33    	23.2     	177   	-1.1       	23.2       	1601      	9.5
90        	17:08:24  	842.7 	27.2  	33    	23.4     	177   	-1.2       	23.4       	1608      	9.6
92        	17:08:26  	842.1 	27.1  	33    	23.6     	177   	-1.2       	23.6       	1614      	9.5
94        	17:08:28  	841.5 	27.1  	33    	23.8     	177   	-1.2       	23.8       	1621      	9.4
96        	17:08:30  	840.8 	27.1  	33    	23.9     	177   	-1.3       	23.9       	1627      	9.5
98        	17:08:32  	840.1 	27.0  	33    	24.0     	177   	-1.3       	24.0       	1634      	9.4
100       	17:08:34  	839.4 	26.8  	33    	24.2     	177   	-1.4       	24.2       	1642      	9.3
102       	17:08:36  	838.6 	26.7  	33    	24.2     	176   	-1.5       	24.2       	1650      	9.1
104       	17:08:38  	838.0 	26.6  	33    	24.2     	176   	-1.5       	24.2       	1657      	9.0
106       	17:08:40  	837.4 	26.6  	33    	24.4     	176   	-1.6       	24.3       	1663      	9.1
108       	17:08:42  	836.8 	26.7  	33    	24.4     	176   	-1.6       	24.3       	1669      	9.1
110       	17:08:44  	836.1 	26.6  	33    	24.3     	176   	-1.6       	24.2       	1677      	9.1
112       	17:08:46  	835.5 	26.6  	33    	24.2     	176   	-1.6       	24.1       	1684      	8.9
114       	17:08:48  	834.8 	26.5  	33    	24.0     	176   	-1.5       	24.0       	1691      	8.9
116       	17:08:50  	834.2 	26.5  	33    	23.8     	177   	-1.4       	23.8       	1697      	8.9
118       	17:08:52  	833.5 	26.5  	33    	23.6     	177   	-1.3       	23.6       	1704      	8.8
120       	17:08:54  	832.9 	26.4  	33    	23.5     	177   	-1.1       	23.5       	1711      	8.7
122       	17:08:56  	832.2 	26.3  	33    	23.4     	177   	-1.1       	23.4       	1718      	8.7
124       	17:08:58  	831.5 	26.3  	33    	23.3     	178   	-1.0       	23.3       	1725      	8.6
126       	17:09:00  	830.9 	26.3  	33    	23.2     	178   	-0.9       	23.2       	1732      	8.6
128       	17:09:02  	830.3 	26.3  	33    	23.1     	178   	-0.7       	23.1       	1739      	8.6
130       	17:09:04  	829.7 	26.2  	32    	23.0     	179   	-0.6       	23.0       	1745      	8.5
132       	17:09:06  	829.1 	26.2  	32    	22.9     	179   	-0.4       	22.9       	1752      	8.4
134       	17:09:08  	828.4 	26.1  	32    	22.9     	179   	-0.2       	22.9       	1758      	8.3
136       	17:09:10  	827.8 	26.1  	32    	22.9     	180   	-0.1       	22.9       	1764      	8.3
138       	17:09:12  	827.2 	26.0  	32    	22.8     	180   	-0.0       	22.8       	1771      	8.2
140       	17:09:14  	826.6 	25.9  	32    	22.8     	180   	0.1        	22.8       	1778      	8.1
142       	17:09:16  	825.9 	25.9  	32    	22.8     	181   	0.3        	22.8       	1784      	8.0
144       	17:09:18  	825.2 	25.9  	32    	22.8     	181   	0.5        	22.8       	1792      	7.8
146       	17:09:20  	824.4 	25.9  	31    	22.8     	182   	0.7        	22.8       	1800      	7.7
148       	17:09:22  	823.6 	25.9  	31    	22.8     	182   	0.8        	22.8       	1809      	7.6
150       	17:09:24  	822.9 	26.0  	31    	22.8     	182   	0.9        	22.8       	1818      	7.6
152       	17:09:26  	822.1 	26.2  	31    	22.8     	183   	1.0        	22.8       	1826      	7.6
154       	17:09:28  	821.3 	26.2  	30    	22.5     	183   	1.0        	22.5       	1835      	7.5
156       	17:09:30  	820.6 	26.1  	30    	22.3     	183   	1.1        	22.3       	1842      	7.3
158       	17:09:32  	819.8 	26.0  	30    	22.0     	183   	1.2        	22.0       	1850      	7.1
160       	17:09:34  	819.1 	25.9  	30    	21.8     	183   	1.2        	21.8       	1857      	7.0
162       	17:09:36  	818.4 	25.8  	30    	21.5     	183   	1.2        	21.5       	1865      	6.9
164       	17:09:38  	817.7 	25.8  	30    	21.2     	183   	1.2        	21.2       	1873      	6.8
166       	17:09:40  	816.9 	25.9  	30    	20.9     	184   	1.3        	20.9       	1882      	6.8
168       	17:09:42  	816.2 	25.9  	29    	20.5     	184   	1.6        	20.4       	1889      	6.7
170       	17:09:44  	815.5 	25.9  	29    	20.0     	185   	1.9        	19.9       	1897      	6.6
172       	17:09:46  	814.8 	25.8  	29    	19.5     	186   	2.2        	19.4       	1905      	6.5
174       	17:09:48  	814.1 	25.7  	29    	19.4     	187   	2.5        	19.2       	1912      	6.4
176       	17:09:50  	813.4 	25.7  	29    	19.2     	188   	2.8        	19.0       	1918      	6.3
178       	17:09:52  	812.8 	25.6  	29    	19.0     	190   	3.2        	18.7       	1926      	6.3
180       	17:09:54  	812.1 	25.6  	29    	18.7     	191   	3.5        	18.4       	1934      	6.2
182       	17:09:56  	811.4 	25.5  	29    	18.4     	192   	3.8        	18.0       	1941      	6.1
184       	17:09:58  	810.8 	25.5  	29    	18.1     	193   	4.1        	17.6       	1948      	6.1
186       	17:10:00  	810.1 	25.4  	29    	17.8     	194   	4.3        	17.3       	1955      	6.1
188       	17:10:02  	809.4 	25.3  	29    	17.7     	194   	4.2        	17.2       	1962      	6.0
190       	17:10:04  	808.8 	25.3  	29    	17.5     	194   	4.2        	17.0       	1969      	6.0
192       	17:10:06  	808.1 	25.2  	29    	17.3     	194   	4.2        	16.8       	1976      	5.9
194       	17:10:08  	807.4 	25.2  	29    	17.2     	194   	4.2        	16.7       	1984      	5.9
196       	17:10:10  	806.7 	25.1  	29    	17.0     	194   	4.1        	16.5       	1992      	5.8
198       	17:10:12  	806.0 	25.0  	29    	16.8     	194   	4.1        	16.3       	1999      	5.8
200       	17:10:14  	805.3 	24.9  	29    	16.7     	194   	4.1        	16.2       	2007      	5.7
202       	17:10:16  	804.6 	24.8  	29    	16.7     	194   	4.1        	16.2       	2015      	5.7
204       	17:10:18  	803.9 	24.8  	29    	16.6     	194   	4.0        	16.1       	2023      	5.7
206       	17:10:20  	803.1 	24.7  	29    	16.5     	194   	4.1        	16.0       	2031      	5.6
208       	17:10:22  	802.4 	24.6  	29    	16.4     	195   	4.2        	15.9       	2039      	5.6
210       	17:10:24  	801.6 	24.5  	29    	16.4     	195   	4.3        	15.8       	2047      	5.6
212       	17:10:26  	801.0 	24.5  	30    	16.3     	196   	4.4        	15.7       	2055      	5.6
214       	17:10:28  	800.3 	24.4  	30    	16.3     	196   	4.4        	15.7       	2062      	5.6
216       	17:10:30  	799.6 	24.4  	30    	16.2     	196   	4.5        	15.6       	2069      	5.5
218       	17:10:32  	799.0 	24.3  	30    	16.2     	197   	4.6        	15.5       	2076      	5.5
220       	17:10:34  	798.3 	24.2  	30    	16.1     	197   	4.7        	15.4       	2083      	5.5
222       	17:10:36  	797.7 	24.2  	30    	16.1     	197   	4.8        	15.4       	2090      	5.5
224       	17:10:38  	797.0 	24.1  	30    	16.0     	197   	4.8        	15.3       	2098      	5.4
226       	17:10:40  	796.3 	24.0  	30    	16.0     	197   	4.8        	15.3       	2105      	5.3
228       	17:10:42  	795.6 	23.9  	30    	16.0     	197   	4.8        	15.3       	2113      	5.3
230       	17:10:44  	794.8 	23.8  	30    	16.0     	197   	4.8        	15.3       	2121      	5.2
232       	17:10:46  	794.1 	23.8  	30    	16.0     	197   	4.8        	15.3       	2129      	5.1
234       	17:10:48  	793.3 	23.7  	30    	16.0     	198   	4.9        	15.2       	2139      	5.0
236       	17:10:50  	792.4 	23.6  	30    	15.9     	198   	4.9        	15.1       	2149      	4.9
238       	17:10:52  	791.5 	23.5  	30    	15.8     	198   	5.0        	15.0       	2158      	4.9
240       	17:10:54  	790.6 	23.4  	30    	15.7     	199   	5.1        	14.9       	2168      	4.9
242       	17:10:56  	789.8 	23.3  	30    	15.7     	199   	5.2        	14.8       	2177      	4.9
244       	17:10:58  	789.0 	23.2  	30    	15.7     	200   	5.3        	14.8       	2187      	4.9
246       	17:11:00  	788.2 	23.2  	31    	15.7     	200   	5.4        	14.7       	2195      	5.0
248       	17:11:02  	787.4 	23.1  	31    	15.6     	201   	5.5        	14.6       	2203      	5.0
250       	17:11:04  	786.7 	23.0  	31    	15.6     	201   	5.5        	14.6       	2211      	5.0
252       	17:11:06  	786.0 	22.9  	31    	15.6     	201   	5.5        	14.6       	2219      	5.0
254       	17:11:08  	785.2 	22.8  	31    	15.6     	201   	5.5        	14.6       	2227      	4.9
256       	17:11:10  	784.4 	22.7  	31    	15.6     	201   	5.6        	14.6       	2236      	4.9
258       	17:11:12  	783.7 	22.6  	31    	15.7     	201   	5.7        	14.6       	2245      	4.8
260       	17:11:14  	782.9 	22.5  	31    	15.6     	202   	5.8        	14.5       	2254      	4.7
262       	17:11:16  	782.0 	22.5  	31    	15.6     	202   	5.9        	14.4       	2263      	4.7
264       	17:11:18  	781.2 	22.4  	31    	15.5     	202   	5.9        	14.3       	2272      	4.6
266       	17:11:20  	780.3 	22.3  	31    	15.4     	203   	6.0        	14.2       	2281      	4.6
268       	17:11:22  	779.4 	22.2  	32    	15.4     	203   	6.1        	14.1       	2291      	4.6
270       	17:11:24  	778.6 	22.1  	32    	15.3     	204   	6.3        	13.9       	2301      	4.5
272       	17:11:26  	777.7 	22.0  	32    	15.0     	205   	6.4        	13.6       	2312      	4.5
274       	17:11:28  	776.8 	22.0  	32    	14.9     	206   	6.5        	13.4       	2321      	4.5
276       	17:11:30  	776.0 	21.9  	32    	14.8     	207   	6.6        	13.2       	2330      	4.5
278       	17:11:32  	775.2 	21.8  	32    	14.6     	207   	6.7        	13.0       	2339      	4.5
280       	17:11:34  	774.4 	21.8  	32    	14.5     	207   	6.7        	12.9       	2348      	4.5
282       	17:11:36  	773.6 	21.7  	32    	14.4     	208   	6.8        	12.7       	2357      	4.5
284       	17:11:38  	772.7 	21.6  	33    	14.3     	209   	7.0        	12.5       	2367      	4.4
286       	17:11:40  	771.9 	21.5  	33    	14.3     	210   	7.2        	12.3       	2376      	4.4
288       	17:11:42  	771.0 	21.4  	33    	14.1     	211   	7.3        	12.1       	2386      	4.4
290       	17:11:44  	770.3 	21.3  	33    	14.2     	212   	7.5        	12.0       	2395      	4.3
292       	17:11:46  	769.5 	21.2  	33    	14.2     	212   	7.6        	12.0       	2403      	4.3
294       	17:11:48  	768.8 	21.1  	33    	14.2     	213   	7.7        	11.9       	2411      	4.3
296       	17:11:50  	767.9 	21.0  	33    	14.3     	214   	7.9        	11.9       	2420      	4.2
298       	17:11:52  	767.0 	20.9  	33    	14.3     	214   	8.1        	11.8       	2431      	4.2
300       	17:11:54  	766.1 	20.9  	33    	14.4     	215   	8.3        	11.8       	2441      	4.2
302       	17:11:56  	765.2 	20.8  	34    	14.5     	215   	8.4        	11.8       	2451      	4.2
304       	17:11:58  	764.4 	20.7  	34    	14.5     	216   	8.5        	11.8       	2461      	4.1
306       	17:12:00  	763.6 	20.6  	34    	14.6     	216   	8.6        	11.8       	2470      	4.1
308       	17:12:02  	762.8 	20.5  	34    	14.6     	216   	8.6        	11.8       	2479      	4.0
310       	17:12:04  	762.0 	20.4  	34    	14.6     	217   	8.8        	11.7       	2487      	4.0
312       	17:12:06  	761.2 	20.4  	34    	14.6     	217   	8.9        	11.6       	2496      	3.9
314       	17:12:08  	760.4 	20.3  	34    	14.6     	218   	9.0        	11.5       	2505      	3.9
316       	17:12:10  	759.6 	20.2  	34    	14.6     	219   	9.1        	11.4       	2514      	3.9
318       	17:12:12  	758.8 	20.1  	34    	14.5     	219   	9.1        	11.3       	2523      	3.8
320       	17:12:14  	758.0 	20.0  	34    	14.6     	219   	9.2        	11.3       	2533      	3.8
322       	17:12:16  	757.2 	19.9  	34    	14.5     	219   	9.2        	11.2       	2542      	3.7
324       	17:12:18  	756.4 	19.8  	34    	14.4     	219   	9.1        	11.1       	2551      	3.7
326       	17:12:20  	755.7 	19.7  	35    	14.3     	220   	9.1        	11.0       	2559      	3.7
328       	17:12:22  	754.9 	19.7  	35    	14.2     	219   	9.0        	11.0       	2568      	3.7
330       	17:12:24  	754.2 	19.6  	35    	14.1     	219   	8.9        	11.0       	2576      	3.7
332       	17:12:26  	753.5 	19.5  	35    	14.1     	219   	8.8        	11.0       	2584      	3.6
334       	17:12:28  	752.7 	19.4  	35    	14.0     	218   	8.7        	11.0       	2593      	3.6
336       	17:12:30  	752.0 	19.4  	35    	14.0     	218   	8.6        	11.0       	2601      	3.6
338       	17:12:32  	751.2 	19.3  	35    	13.8     	217   	8.4        	11.0       	2610      	3.6
340       	17:12:34  	750.5 	19.2  	35    	13.8     	217   	8.3        	11.0       	2618      	3.6
342       	17:12:36  	749.7 	19.1  	36    	13.7     	217   	8.2        	11.0       	2627      	3.6
344       	17:12:38  	749.0 	19.0  	36    	13.7     	216   	8.1        	11.0       	2636      	3.5
346       	17:12:40  	748.2 	18.9  	36    	13.7     	216   	8.1        	11.0       	2645      	3.5
348       	17:12:42  	747.4 	18.9  	36    	13.7     	216   	8.1        	11.0       	2654      	3.4
350       	17:12:44  	746.6 	18.8  	36    	13.7     	216   	8.1        	11.0       	2663      	3.4
352       	17:12:46  	745.7 	18.7  	36    	13.7     	216   	8.1        	11.1       	2672      	3.3
354       	17:12:48  	744.9 	18.6  	36    	13.8     	216   	8.1        	11.2       	2683      	3.2
356       	17:12:50  	743.9 	18.5  	36    	13.8     	216   	8.1        	11.2       	2693      	3.1
358       	17:12:52  	743.0 	18.4  	36    	14.0     	216   	8.2        	11.3       	2704      	3.1
360       	17:12:54  	742.0 	18.3  	36    	14.0     	216   	8.3        	11.3       	2716      	3.1
362       	17:12:56  	741.0 	18.2  	36    	14.0     	216   	8.3        	11.3       	2728      	3.0
364       	17:12:58  	740.0 	18.1  	36    	14.1     	217   	8.4        	11.3       	2739      	3.0
366       	17:13:00  	739.0 	18.0  	37    	14.1     	217   	8.5        	11.3       	2750      	2.9
368       	17:13:02  	738.1 	17.9  	37    	14.1     	217   	8.5        	11.3       	2762      	2.9
370       	17:13:04  	737.1 	17.8  	37    	14.1     	217   	8.5        	11.2       	2773      	2.9
372       	17:13:06  	736.1 	17.6  	37    	14.0     	218   	8.6        	11.1       	2784      	2.8
374       	17:13:08  	735.3 	17.6  	37    	14.2     	218   	8.7        	11.2       	2794      	2.8
376       	17:13:10  	734.5 	17.5  	38    	14.4     	218   	8.9        	11.3       	2804      	2.9
378       	17:13:12  	733.6 	17.4  	38    	14.5     	218   	9.0        	11.4       	2813      	2.9
380       	17:13:14  	733.0 	17.4  	38    	14.7     	219   	9.2        	11.5       	2822      	3.0
382       	17:13:16  	732.3 	17.3  	38    	14.9     	219   	9.3        	11.6       	2829      	3.0
384       	17:13:18  	731.6 	17.3  	38    	15.1     	219   	9.4        	11.8       	2836      	3.0
386       	17:13:20  	731.0 	17.2  	39    	15.4     	219   	9.6        	12.0       	2844      	3.0
388       	17:13:22  	730.4 	17.1  	39    	15.7     	218   	9.7        	12.4       	2851      	3.0
390       	17:13:24  	729.8 	17.0  	39    	16.1     	217   	9.8        	12.8       	2858      	3.0
392       	17:13:26  	729.0 	16.9  	39    	16.6     	217   	10.0       	13.2       	2867      	2.9
394       	17:13:28  	728.3 	16.8  	39    	16.8     	217   	10.0       	13.5       	2876      	2.9
396       	17:13:30  	727.5 	16.8  	39    	17.0     	216   	10.0       	13.7       	2885      	2.9
398       	17:13:32  	726.9 	16.7  	39    	17.1     	216   	10.0       	13.9       	2892      	2.9
400       	17:13:34  	726.3 	16.6  	40    	17.2     	215   	9.8        	14.1       	2899      	2.9
402       	17:13:36  	725.7 	16.6  	40    	17.3     	214   	9.6        	14.4       	2906      	2.9
404       	17:13:38  	725.0 	16.5  	40    	17.4     	213   	9.4        	14.6       	2914      	2.9
406       	17:13:40  	724.4 	16.4  	40    	17.4     	212   	9.3        	14.7       	2922      	2.8
408       	17:13:42  	723.7 	16.4  	40    	17.3     	212   	9.1        	14.7       	2929      	2.8
410       	17:13:44  	723.1 	16.3  	40    	17.2     	211   	8.9        	14.7       	2936      	2.8
412       	17:13:46  	722.4 	16.2  	40    	17.1     	211   	8.7        	14.7       	2944      	2.8
414       	17:13:48  	721.8 	16.1  	41    	16.9     	210   	8.4        	14.7       	2952      	2.7
416       	17:13:50  	721.1 	16.0  	41    	16.8     	209   	8.2        	14.7       	2960      	2.7
418       	17:13:52  	720.4 	15.9  	41    	16.7     	209   	8.0        	14.7       	2968      	2.6
420       	17:13:54  	719.7 	15.8  	41    	16.8     	208   	7.9        	14.8       	2977      	2.6
422       	17:13:56  	719.0 	15.8  	41    	16.7     	208   	7.8        	14.8       	2985      	2.5
424       	17:13:58  	718.3 	15.7  	41    	16.8     	208   	7.8        	14.9       	2993      	2.5
426       	17:14:00  	717.6 	15.6  	41    	16.9     	207   	7.8        	15.0       	3002      	2.5
428       	17:14:02  	716.9 	15.5  	41    	17.1     	207   	7.9        	15.2       	3010      	2.5
430       	17:14:04  	716.3 	15.5  	41    	17.3     	207   	7.9        	15.4       	3018      	2.5
432       	17:14:06  	715.7 	15.5  	42    	17.4     	207   	8.0        	15.5       	3024      	2.5
434       	17:14:08  	715.1 	15.4  	42    	17.7     	208   	8.2        	15.7       	3031      	2.5
436       	17:14:10  	714.5 	15.4  	42    	17.8     	208   	8.3        	15.8       	3038      	2.5
438       	17:14:12  	713.9 	15.3  	42    	18.0     	208   	8.4        	15.9       	3045      	2.5
440       	17:14:14  	713.3 	15.3  	42    	18.2     	208   	8.6        	16.0       	3052      	2.6
442       	17:14:16  	712.7 	15.2  	42    	18.3     	208   	8.7        	16.1       	3059      	2.6
444       	17:14:18  	712.2 	15.2  	43    	18.3     	209   	8.8        	16.1       	3066      	2.6
446       	17:14:20  	711.6 	15.1  	43    	18.3     	209   	8.9        	16.0       	3073      	2.6
448       	17:14:22  	711.0 	15.0  	43    	18.3     	209   	8.9        	16.0       	3080      	2.6
450       	17:14:24  	710.4 	14.9  	43    	18.2     	209   	8.9        	15.9       	3087      	2.6
452       	17:14:26  	709.8 	14.9  	43    	18.3     	209   	8.9        	16.0       	3094      	2.5
454       	17:14:28  	709.3 	14.8  	43    	18.4     	209   	9.0        	16.1       	3100      	2.5
456       	17:14:30  	708.7 	14.7  	44    	18.5     	209   	9.0        	16.2       	3107      	2.5
458       	17:14:32  	708.1 	14.6  	44    	18.6     	209   	9.0        	16.3       	3113      	2.4
460       	17:14:34  	707.6 	14.6  	44    	18.7     	209   	9.0        	16.4       	3120      	2.4
462       	17:14:36  	707.0 	14.5  	44    	18.9     	208   	9.0        	16.6       	3127      	2.4
464       	17:14:38  	706.4 	14.4  	44    	19.1     	208   	8.8        	16.9       	3134      	2.3
466       	17:14:40  	705.8 	14.3  	44    	19.4     	207   	8.7        	17.3       	3141      	2.3
468       	17:14:42  	705.2 	14.2  	44    	19.6     	206   	8.5        	17.7       	3148      	2.3
470       	17:14:44  	704.7 	14.2  	44    	20.0     	205   	8.4        	18.1       	3155      	2.3
472       	17:14:46  	704.2 	14.1  	45    	20.1     	204   	8.2        	18.3       	3161      	2.3
474       	17:14:48  	703.7 	14.1  	45    	20.3     	204   	8.1        	18.6       	3167      	2.3
476       	17:14:50  	703.1 	14.0  	45    	20.5     	203   	8.0        	18.9       	3174      	2.3
478       	17:14:52  	702.5 	13.9  	45    	20.5     	202   	7.8        	19.0       	3181      	2.3
480       	17:14:54  	701.9 	13.9  	45    	20.6     	202   	7.6        	19.2       	3188      	2.2
482       	17:14:56  	701.3 	13.8  	45    	20.8     	201   	7.4        	19.4       	3196      	2.2
484       	17:14:58  	700.6 	13.7  	45    	20.7     	201   	7.3        	19.4       	3203      	2.1
486       	17:15:00  	700.0 	13.6  	45    	20.7     	201   	7.3        	19.4       	3211      	2.1
488       	17:15:02  	699.3 	13.5  	46    	20.6     	200   	7.2        	19.3       	3219      	2.0
490       	17:15:04  	698.6 	13.5  	46    	20.7     	201   	7.4        	19.3       	3228      	2.0
492       	17:15:06  	698.0 	13.4  	46    	20.7     	201   	7.5        	19.3       	3236      	2.0
494       	17:15:08  	697.3 	13.3  	46    	20.6     	202   	7.6        	19.2       	3244      	2.0
496       	17:15:10  	696.6 	13.3  	46    	20.7     	202   	7.8        	19.2       	3252      	1.9
498       	17:15:12  	695.9 	13.2  	46    	20.9     	203   	8.0        	19.3       	3261      	1.9
500       	17:15:14  	695.2 	13.1  	46    	21.0     	203   	8.2        	19.3       	3269      	1.9
502       	17:15:16  	694.5 	13.0  	47    	21.1     	204   	8.5        	19.3       	3278      	1.9
504       	17:15:18  	693.8 	12.9  	47    	21.2     	205   	9.0        	19.2       	3287      	1.8
506       	17:15:20  	693.0 	12.8  	47    	21.4     	207   	9.6        	19.1       	3296      	1.8
508       	17:15:22  	692.2 	12.7  	47    	21.5     	208   	10.1       	19.0       	3305      	1.8
510       	17:15:24  	691.4 	12.6  	47    	21.5     	209   	10.5       	18.8       	3316      	1.7
512       	17:15:26  	690.5 	12.5  	47    	21.6     	210   	10.9       	18.7       	3326      	1.6
514       	17:15:28  	689.7 	12.4  	47    	21.7     	211   	11.3       	18.5       	3336      	1.5
516       	17:15:30  	688.9 	12.3  	47    	21.8     	212   	11.7       	18.4       	3345      	1.4
518       	17:15:32  	688.3 	12.3  	47    	22.0     	214   	12.2       	18.3       	3355      	1.4
520       	17:15:34  	687.7 	12.2  	47    	22.2     	215   	12.7       	18.2       	3362      	1.4
522       	17:15:36  	687.0 	12.2  	47    	22.4     	216   	13.1       	18.2       	3368      	1.3
524       	17:15:38  	686.4 	12.1  	47    	22.5     	216   	13.2       	18.2       	3375      	1.3
526       	17:15:40  	685.8 	12.0  	48    	22.6     	216   	13.3       	18.3       	3383      	1.2
528       	17:15:42  	685.2 	11.9  	48    	22.8     	216   	13.4       	18.4       	3391      	1.2
530       	17:15:44  	684.5 	11.8  	48    	22.8     	215   	13.1       	18.7       	3399      	1.1
532       	17:15:46  	683.8 	11.8  	48    	23.0     	214   	12.9       	19.1       	3408      	1.1
534       	17:15:48  	683.0 	11.7  	48    	23.2     	213   	12.7       	19.4       	3417      	1.1
536       	17:15:50  	682.4 	11.6  	48    	23.3     	212   	12.4       	19.7       	3426      	1.1
538       	17:15:52  	681.7 	11.5  	48    	23.3     	211   	12.0       	20.0       	3433      	1.0
540       	17:15:54  	681.1 	11.5  	49    	23.4     	210   	11.7       	20.3       	3441      	1.0
542       	17:15:56  	680.6 	11.4  	49    	23.6     	209   	11.4       	20.7       	3448      	1.1
544       	17:15:58  	680.1 	11.4  	49    	24.0     	208   	11.2       	21.2       	3454      	1.1
546       	17:16:00  	679.6 	11.4  	49    	24.4     	207   	10.9       	21.8       	3459      	1.1
548       	17:16:02  	679.3 	11.3  	49    	24.6     	206   	10.7       	22.2       	3464      	1.1
550       	17:16:04  	679.0 	11.3  	49    	25.0     	206   	10.8       	22.5       	3468      	1.1
552       	17:16:06  	678.6 	11.2  	49    	25.2     	206   	10.9       	22.7       	3471      	1.1
554       	17:16:08  	678.3 	11.2  	50    	25.4     	206   	11.1       	22.9       	3476      	1.1
556       	17:16:10  	677.9 	11.2  	50    	25.8     	206   	11.3       	23.2       	3480      	1.1
558       	17:16:12  	677.6 	11.1  	50    	26.3     	206   	11.5       	23.6       	3484      	1.1
560       	17:16:14  	677.2 	11.1  	50    	26.7     	206   	11.8       	23.9       	3488      	1.2
562       	17:16:16  	676.9 	11.1  	50    	26.8     	206   	11.9       	24.0       	3493      	1.2
564       	17:16:18  	676.5 	11.0  	51    	27.0     	207   	12.1       	24.1       	3497      	1.2
566       	17:16:20  	676.2 	11.0  	51    	27.1     	207   	12.2       	24.2       	3501      	1.2
568       	17:16:22  	675.8 	10.9  	51    	27.2     	207   	12.3       	24.3       	3506      	1.2
570       	17:16:24  	675.5 	10.9  	51    	27.4     	207   	12.4       	24.4       	3510      	1.2
572       	17:16:26  	675.1 	10.8  	51    	27.5     	207   	12.5       	24.5       	3515      	1.1
574       	17:16:28  	674.7 	10.8  	51    	27.6     	207   	12.6       	24.6       	3519      	1.1
576       	17:16:30  	674.4 	10.7  	51    	27.6     	207   	12.6       	24.6       	3524      	1.0
578       	17:16:32  	674.0 	10.7  	51    	27.6     	207   	12.5       	24.6       	3529      	1.0
580       	17:16:34  	673.6 	10.6  	51    	27.7     	207   	12.5       	24.7       	3533      	0.9
582       	17:16:36  	673.2 	10.6  	51    	27.7     	207   	12.6       	24.7       	3538      	0.9
584       	17:16:38  	672.8 	10.6  	51    	27.7     	207   	12.6       	24.7       	3544      	0.8
586       	17:16:40  	672.3 	10.5  	51    	27.7     	207   	12.6       	24.7       	3549      	0.8
588       	17:16:42  	671.9 	10.5  	51    	27.8     	207   	12.7       	24.7       	3554      	0.8
590       	17:16:44  	671.5 	10.4  	51    	27.9     	207   	12.8       	24.8       	3559      	0.8
592       	17:16:46  	671.1 	10.4  	51    	27.8     	207   	12.8       	24.7       	3564      	0.7
594       	17:16:48  	670.7 	10.3  	51    	27.8     	207   	12.7       	24.7       	3569      	0.7
596       	17:16:50  	670.3 	10.3  	51    	27.7     	207   	12.7       	24.6       	3574      	0.6
598       	17:16:52  	669.9 	10.2  	51    	27.6     	207   	12.7       	24.5       	3579      	0.6
600       	17:16:54  	669.5 	10.2  	51    	27.5     	207   	12.6       	24.4       	3585      	0.6
602       	17:16:56  	669.0 	10.1  	51    	27.4     	207   	12.5       	24.4       	3590      	0.5
604       	17:16:58  	668.6 	10.0  	51    	27.3     	207   	12.4       	24.3       	3595      	0.5
606       	17:17:00  	668.1 	10.0  	51    	27.0     	207   	12.2       	24.1       	3601      	0.5
608       	17:17:02  	667.7 	9.9   	52    	26.9     	207   	12.1       	24.0       	3607      	0.5
610       	17:17:04  	667.2 	9.9   	52    	26.6     	207   	11.9       	23.8       	3613      	0.5
612       	17:17:06  	666.7 	9.8   	52    	26.4     	206   	11.7       	23.7       	3619      	0.5
614       	17:17:08  	666.2 	9.8   	53    	26.3     	206   	11.7       	23.6       	3625      	0.6
616       	17:17:10  	665.7 	9.7   	53    	26.2     	206   	11.6       	23.5       	3631      	0.6
618       	17:17:12  	665.2 	9.7   	53    	26.1     	206   	11.5       	23.4       	3637      	0.6
620       	17:17:14  	664.8 	9.6   	54    	26.0     	206   	11.5       	23.3       	3643      	0.7
622       	17:17:16  	664.3 	9.6   	54    	25.8     	206   	11.5       	23.1       	3649      	0.7
624       	17:17:18  	663.9 	9.5   	54    	25.7     	207   	11.5       	23.0       	3654      	0.7
626       	17:17:20  	663.5 	9.4   	55    	25.7     	207   	11.5       	23.0       	3659      	0.8
628       	17:17:22  	663.0 	9.4   	55    	25.7     	207   	11.6       	22.9       	3665      	0.8
630       	17:17:24  	662.6 	9.3   	55    	25.7     	207   	11.7       	22.9       	3670      	0.7
632       	17:17:26  	662.2 	9.3   	55    	25.7     	207   	11.7       	22.9       	3676      	0.7
634       	17:17:28  	661.7 	9.2   	55    	25.8     	207   	11.8       	22.9       	3681      	0.6
636       	17:17:30  	661.3 	9.2   	55    	25.8     	207   	11.9       	22.9       	3687      	0.6
638       	17:17:32  	660.8 	9.1   	55    	25.9     	208   	12.0       	22.9       	3693      	0.5
640       	17:17:34  	660.4 	9.1   	55    	25.9     	208   	12.1       	22.9       	3698      	0.5
642       	17:17:36  	659.9 	9.0   	55    	26.0     	208   	12.1       	23.0       	3704      	0.4
644       	17:17:38  	659.4 	8.9   	55    	26.0     	208   	12.1       	23.0       	3710      	0.4
646       	17:17:40  	658.9 	8.9   	55    	26.2     	208   	12.2       	23.2       	3717      	0.4
648       	17:17:42  	658.4 	8.8   	55    	26.3     	208   	12.2       	23.3       	3723      	0.4
650       	17:17:44  	657.9 	8.8   	56    	26.5     	208   	12.3       	23.5       	3728      	0.4
652       	17:17:46  	657.4 	8.7   	56    	26.6     	208   	12.3       	23.6       	3734      	0.5
654       	17:17:48  	657.0 	8.6   	56    	26.8     	207   	12.3       	23.8       	3741      	0.5
656       	17:17:50  	656.4 	8.6   	57    	26.9     	207   	12.3       	23.9       	3749      	0.5
658       	17:17:52  	655.9 	8.5   	57    	27.0     	207   	12.3       	24.0       	3756      	0.5
660       	17:17:54  	655.4 	8.5   	57    	27.1     	207   	12.3       	24.1       	3761      	0.5
662       	17:17:56  	655.0 	8.4   	57    	27.1     	207   	12.3       	24.2       	3766      	0.4
664       	17:17:58  	654.7 	8.4   	57    	27.1     	207   	12.2       	24.2       	3770      	0.3
666       	17:18:00  	654.3 	8.4   	56    	27.0     	207   	12.2       	24.1       	3775      	0.2
668       	17:18:02  	653.9 	8.3   	56    	27.0     	207   	12.2       	24.1       	3779      	0.1
670       	17:18:04  	653.5 	8.3   	56    	27.0     	207   	12.4       	24.0       	3784      	0.0
672       	17:18:06  	653.1 	8.2   	56    	27.1     	208   	12.5       	24.0       	3790      	-0.1
674       	17:18:08  	652.7 	8.2   	56    	27.0     	208   	12.6       	23.9       	3795      	-0.1
676       	17:18:10  	652.2 	8.1   	56    	27.1     	208   	12.7       	23.9       	3801      	-0.1
678       	17:18:12  	651.8 	8.1   	56    	27.1     	208   	12.9       	23.8       	3807      	-0.2
680       	17:18:14  	651.4 	8.0   	56    	27.2     	209   	13.0       	23.9       	3812      	-0.2
682       	17:18:16  	650.9 	7.9   	57    	27.3     	209   	13.2       	23.9       	3818      	-0.2
684       	17:18:18  	650.5 	7.9   	57    	27.4     	209   	13.4       	23.9       	3823      	-0.2
686       	17:18:20  	650.0 	7.8   	57    	27.4     	209   	13.5       	23.9       	3829      	-0.2
688       	17:18:22  	649.6 	7.7   	57    	27.5     	210   	13.6       	23.9       	3834      	-0.2
690       	17:18:24  	649.2 	7.6   	58    	27.5     	210   	13.6       	23.9       	3840      	-0.2
692       	17:18:26  	648.8 	7.6   	58    	27.5     	210   	13.6       	23.9       	3845      	-0.2
694       	17:18:28  	648.4 	7.5   	58    	27.5     	210   	13.6       	23.9       	3851      	-0.1
696       	17:18:30  	647.9 	7.5   	59    	27.5     	210   	13.6       	23.9       	3855      	-0.0
698       	17:18:32  	647.6 	7.4   	59    	27.5     	210   	13.6       	23.9       	3860      	0.0
700       	17:18:34  	647.2 	7.4   	60    	27.5     	210   	13.6       	23.9       	3865      	0.0
702       	17:18:36  	646.9 	7.3   	60    	27.5     	210   	13.6       	23.9       	3869      	0.1
704       	17:18:38  	646.7 	7.3   	60    	27.5     	210   	13.6       	23.9       	3871      	0.1
706       	17:18:40  	646.5 	7.2   	61    	27.5     	210   	13.6       	23.9       	3874      	0.2
708       	17:18:42  	646.3 	7.2   	61    	27.5     	210   	13.7       	23.9       	3876      	0.2
710       	17:18:44  	646.0 	7.2   	61    	27.7     	210   	14.0       	23.9       	3879      	0.2
712       	17:18:46  	645.6 	7.1   	61    	27.8     	211   	14.2       	23.9       	3884      	0.2
714       	17:18:48  	645.3 	7.1   	62    	27.9     	211   	14.5       	23.8       	3889      	0.2
716       	17:18:50  	644.9 	7.0   	62    	28.0     	212   	14.8       	23.8       	3895      	0.2
718       	17:18:52  	644.4 	7.0   	62    	28.1     	212   	15.0       	23.8       	3900      	0.2
720       	17:18:54  	644.0 	6.9   	62    	28.3     	213   	15.3       	23.8       	3906      	0.2
722       	17:18:56  	643.6 	6.9   	62    	28.5     	213   	15.6       	23.8       	3911      	0.2
724       	17:18:58  	643.1 	6.8   	63    	28.6     	214   	15.8       	23.8       	3917      	0.3
726       	17:19:00  	642.7 	6.8   	63    	28.7     	214   	16.1       	23.8       	3922      	0.3
728       	17:19:02  	642.3 	6.7   	63    	28.8     	214   	16.3       	23.8       	3927      	0.2
730       	17:19:04  	641.9 	6.6   	63    	28.8     	214   	16.3       	23.8       	3933      	0.2
732       	17:19:06  	641.5 	6.6   	64    	28.8     	214   	16.3       	23.8       	3938      	0.2
734       	17:19:08  	641.0 	6.5   	64    	28.8     	214   	16.3       	23.8       	3944      	0.2
736       	17:19:10  	640.6 	6.5   	64    	28.8     	214   	16.3       	23.8       	3949      	0.2
738       	17:19:12  	640.2 	6.4   	64    	28.6     	214   	16.2       	23.6       	3955      	0.1
740       	17:19:14  	639.7 	6.4   	64    	28.4     	215   	16.1       	23.4       	3961      	0.1
742       	17:19:16  	639.2 	6.3   	64    	28.3     	214   	16.0       	23.3       	3967      	0.0
744       	17:19:18  	638.7 	6.2   	64    	28.0     	215   	15.9       	23.1       	3973      	-0.0
746       	17:19:20  	638.2 	6.2   	64    	27.8     	215   	15.8       	22.9       	3980      	-0.1
748       	17:19:22  	637.7 	6.1   	64    	27.6     	215   	15.7       	22.7       	3987      	-0.1
750       	17:19:24  	637.1 	6.1   	64    	27.5     	215   	15.6       	22.6       	3994      	-0.2
752       	17:19:26  	636.6 	6.0   	64    	27.4     	215   	15.6       	22.5       	4000      	-0.3
754       	17:19:28  	636.1 	6.0   	64    	27.3     	215   	15.6       	22.4       	4007      	-0.4
756       	17:19:30  	635.5 	5.9   	63    	27.2     	215   	15.5       	22.3       	4014      	-0.5
758       	17:19:32  	634.9 	5.9   	63    	27.2     	215   	15.6       	22.3       	4022      	-0.5
760       	17:19:34  	634.3 	5.8   	63    	27.3     	215   	15.6       	22.4       	4030      	-0.6
762       	17:19:36  	633.7 	5.7   	63    	27.5     	215   	15.6       	22.6       	4038      	-0.7
764       	17:19:38  	633.2 	5.7   	63    	27.7     	214   	15.6       	22.9       	4044      	-0.8
766       	17:19:40  	632.7 	5.6   	62    	27.9     	214   	15.5       	23.2       	4051      	-1.0
768       	17:19:42  	632.2 	5.6   	62    	28.2     	213   	15.5       	23.5       	4057      	-1.1
770       	17:19:44  	631.7 	5.6   	61    	28.3     	213   	15.5       	23.7       	4064      	-1.3
772       	17:19:46  	631.1 	5.5   	61    	28.5     	213   	15.4       	24.0       	4071      	-1.4
774       	17:19:48  	630.6 	5.5   	61    	28.6     	212   	15.3       	24.2       	4078      	-1.5
776       	17:19:50  	630.1 	5.4   	60    	28.8     	212   	15.1       	24.5       	4085      	-1.6
778       	17:19:52  	629.6 	5.4   	60    	29.0     	211   	15.0       	24.8       	4092      	-1.7
780       	17:19:54  	629.0 	5.3   	60    	29.1     	211   	14.8       	25.1       	4098      	-1.8
782       	17:19:56  	628.5 	5.2   	61    	29.2     	210   	14.7       	25.2       	4105      	-1.7
784       	17:19:58  	628.0 	5.1   	61    	29.1     	210   	14.6       	25.2       	4112      	-1.7
786       	17:20:00  	627.5 	5.1   	61    	29.1     	210   	14.6       	25.2       	4118      	-1.7
788       	17:20:02  	627.0 	5.0   	61    	29.0     	210   	14.5       	25.1       	4125      	-1.8
790       	17:20:04  	626.4 	4.9   	61    	28.9     	210   	14.4       	25.0       	4132      	-1.9
792       	17:20:06  	625.9 	4.9   	61    	28.7     	210   	14.4       	24.8       	4139      	-2.0
794       	17:20:08  	625.3 	4.8   	61    	28.5     	210   	14.3       	24.7       	4147      	-2.0
796       	17:20:10  	624.7 	4.7   	61    	28.4     	210   	14.3       	24.5       	4155      	-2.1
798       	17:20:12  	624.1 	4.7   	61    	28.2     	210   	14.3       	24.3       	4163      	-2.2
800       	17:20:14  	623.5 	4.6   	60    	28.1     	211   	14.3       	24.2       	4171      	-2.4
802       	17:20:16  	622.9 	4.5   	60    	28.0     	211   	14.3       	24.1       	4179      	-2.5
804       	17:20:18  	622.3 	4.5   	60    	27.9     	211   	14.2       	24.0       	4186      	-2.6
806       	17:20:20  	621.7 	4.4   	60    	27.8     	211   	14.2       	23.9       	4194      	-2.6
808       	17:20:22  	621.1 	4.4   	60    	27.8     	210   	14.1       	24.0       	4202      	-2.7
810       	17:20:24  	620.5 	4.3   	60    	27.9     	210   	14.1       	24.1       	4210      	-2.8
812       	17:20:26  	619.9 	4.2   	60    	27.9     	210   	14.0       	24.1       	4217      	-2.9
814       	17:20:28  	619.3 	4.1   	60    	28.0     	210   	14.0       	24.3       	4225      	-2.9
816       	17:20:30  	618.7 	4.1   	60    	28.1     	210   	14.0       	24.4       	4233      	-2.9
818       	17:20:32  	618.1 	4.0   	60    	28.3     	209   	13.9       	24.6       	4241      	-3.0
820       	17:20:34  	617.5 	3.9   	61    	28.3     	209   	13.9       	24.6       	4249      	-3.0
822       	17:20:36  	617.0 	3.8   	61    	28.3     	209   	13.9       	24.7       	4256      	-3.1
824       	17:20:38  	616.3 	3.7   	60    	28.4     	209   	13.9       	24.8       	4264      	-3.2
826       	17:20:40  	615.7 	3.7   	61    	28.6     	209   	14.0       	24.9       	4273      	-3.2
828       	17:20:42  	615.1 	3.5   	61    	28.6     	209   	14.0       	24.9       	4281      	-3.3
830       	17:20:44  	614.4 	3.5   	61    	28.7     	209   	14.0       	25.0       	4290      	-3.3
832       	17:20:46  	613.7 	3.4   	61    	28.7     	209   	14.1       	25.0       	4300      	-3.4
834       	17:20:48  	613.0 	3.3   	62    	28.7     	209   	14.1       	25.0       	4309      	-3.4
836       	17:20:50  	612.2 	3.2   	62    	28.7     	209   	14.1       	25.0       	4319      	-3.4
838       	17:20:52  	611.5 	3.1   	63    	28.7     	209   	14.1       	25.0       	4329      	-3.3
840       	17:20:54  	610.7 	3.0   	63    	28.6     	210   	14.3       	24.8       	4339      	-3.4
842       	17:20:56  	610.0 	2.9   	63    	28.5     	210   	14.4       	24.6       	4348      	-3.4
844       	17:20:58  	609.3 	2.8   	63    	28.4     	211   	14.5       	24.4       	4358      	-3.5
846       	17:21:00  	608.6 	2.7   	64    	28.3     	211   	14.6       	24.2       	4368      	-3.5
848       	17:21:02  	607.8 	2.6   	64    	28.2     	211   	14.7       	24.1       	4378      	-3.4
850       	17:21:04  	607.0 	2.5   	64    	28.1     	212   	14.8       	23.9       	4389      	-3.5
852       	17:21:06  	606.3 	2.4   	64    	28.2     	212   	15.1       	23.8       	4398      	-3.6
854       	17:21:08  	605.6 	2.4   	64    	28.3     	213   	15.3       	23.8       	4407      	-3.6
856       	17:21:10  	604.9 	2.3   	64    	28.5     	213   	15.6       	23.8       	4417      	-3.7
858       	17:21:12  	604.2 	2.2   	64    	28.6     	214   	15.9       	23.8       	4426      	-3.8
860       	17:21:14  	603.5 	2.2   	64    	28.8     	214   	16.0       	24.0       	4435      	-3.9
862       	17:21:16  	602.9 	2.1   	64    	29.1     	214   	16.2       	24.2       	4444      	-4.0
864       	17:21:18  	602.2 	2.0   	64    	29.3     	214   	16.4       	24.3       	4453      	-4.1
866       	17:21:20  	601.5 	1.9   	64    	29.5     	214   	16.6       	24.4       	4462      	-4.2
868       	17:21:22  	600.9 	1.9   	64    	29.7     	214   	16.8       	24.5       	4471      	-4.3
870       	17:21:24  	600.2 	1.8   	64    	29.8     	214   	16.9       	24.6       	4480      	-4.4
872       	17:21:26  	599.5 	1.7   	63    	29.9     	215   	17.0       	24.6       	4489      	-4.4
874       	17:21:28  	598.9 	1.6   	63    	29.8     	215   	17.0       	24.5       	4497      	-4.6
876       	17:21:30  	598.2 	1.5   	63    	29.8     	215   	17.0       	24.5       	4506      	-4.7
878       	17:21:32  	597.5 	1.5   	63    	29.8     	215   	17.1       	24.4       	4516      	-4.8
880       	17:21:34  	596.8 	1.4   	63    	29.8     	215   	17.1       	24.4       	4525      	-4.9
882       	17:21:36  	596.1 	1.3   	63    	29.8     	215   	17.2       	24.3       	4535      	-5.0
884       	17:21:38  	595.4 	1.2   	63    	29.8     	215   	17.3       	24.3       	4544      	-5.1
886       	17:21:40  	594.7 	1.1   	62    	29.8     	215   	17.3       	24.3       	4554      	-5.2
888       	17:21:42  	594.0 	1.1   	62    	29.9     	216   	17.4       	24.3       	4563      	-5.4
890       	17:21:44  	593.3 	1.0   	61    	30.0     	216   	17.5       	24.4       	4572      	-5.5
892       	17:21:46  	592.6 	1.0   	61    	30.2     	216   	17.7       	24.5       	4582      	-5.7
894       	17:21:48  	591.9 	0.9   	60    	30.4     	216   	17.9       	24.6       	4591      	-6.0
896       	17:21:50  	591.2 	0.9   	59    	30.6     	216   	18.1       	24.7       	4601      	-6.3
898       	17:21:52  	590.5 	0.8   	57    	30.8     	216   	18.3       	24.8       	4610      	-6.7
900       	17:21:54  	589.8 	0.8   	56    	31.0     	216   	18.4       	24.9       	4620      	-7.1
902       	17:21:56  	589.1 	0.7   	54    	31.2     	217   	18.6       	25.0       	4629      	-7.6
904       	17:21:58  	588.4 	0.7   	51    	31.3     	217   	18.8       	25.0       	4640      	-8.2
906       	17:22:00  	587.7 	0.7   	49    	31.5     	217   	19.0       	25.1       	4650      	-8.8
908       	17:22:02  	587.0 	0.7   	47    	31.7     	217   	19.2       	25.2       	4659      	-9.4
910       	17:22:04  	586.3 	0.6   	45    	31.8     	218   	19.4       	25.2       	4669      	-10.0
912       	17:22:06  	585.6 	0.6   	43    	31.8     	218   	19.5       	25.1       	4678      	-10.6
914       	17:22:08  	584.9 	0.6   	41    	31.8     	218   	19.6       	25.0       	4687      	-11.1
916       	17:22:10  	584.2 	0.5   	40    	31.8     	218   	19.7       	24.9       	4697      	-11.5
918       	17:22:12  	583.5 	0.4   	39    	31.7     	219   	19.8       	24.7       	4707      	-11.8
920       	17:22:14  	582.8 	0.3   	39    	31.6     	219   	20.0       	24.5       	4717      	-12.0
922       	17:22:16  	582.1 	0.3   	38    	31.5     	219   	20.0       	24.4       	4726      	-12.2
924       	17:22:18  	581.4 	0.2   	38    	31.5     	220   	20.1       	24.3       	4736      	-12.4
926       	17:22:20  	580.7 	0.1   	38    	31.4     	220   	20.1       	24.1       	4745      	-12.6
928       	17:22:22  	580.0 	0.0   	37    	31.4     	220   	20.2       	24.0       	4754      	-12.8
930       	17:22:24  	579.3 	-0.0  	37    	31.3     	220   	20.3       	23.8       	4764      	-12.9
932       	17:22:26  	578.7 	-0.1  	37    	31.2     	221   	20.3       	23.7       	4773      	-13.0
934       	17:22:28  	578.0 	-0.2  	37    	31.2     	221   	20.4       	23.6       	4782      	-13.1
936       	17:22:30  	577.3 	-0.3  	37    	31.2     	221   	20.4       	23.6       	4792      	-13.1
938       	17:22:32  	576.6 	-0.4  	37    	31.1     	221   	20.4       	23.5       	4802      	-13.3
940       	17:22:34  	575.9 	-0.5  	37    	31.3     	221   	20.5       	23.6       	4811      	-13.5
942       	17:22:36  	575.2 	-0.6  	36    	31.3     	221   	20.5       	23.7       	4821      	-13.7
944       	17:22:38  	574.6 	-0.7  	35    	31.4     	221   	20.6       	23.7       	4830      	-14.1
946       	17:22:40  	573.9 	-0.8  	34    	31.5     	221   	20.6       	23.8       	4839      	-14.5
948       	17:22:42  	573.2 	-0.8  	33    	31.6     	221   	20.6       	24.0       	4849      	-14.9
950       	17:22:44  	572.5 	-0.9  	32    	31.7     	221   	20.6       	24.1       	4858      	-15.3
952       	17:22:46  	571.9 	-0.9  	32    	31.8     	220   	20.6       	24.2       	4868      	-15.6
954       	17:22:48  	571.2 	-1.0  	31    	31.8     	220   	20.6       	24.2       	4877      	-15.8
956       	17:22:50  	570.5 	-1.1  	31    	31.9     	220   	20.7       	24.3       	4887      	-16.0
958       	17:22:52  	569.9 	-1.2  	31    	32.0     	220   	20.7       	24.4       	4896      	-16.1
960       	17:22:54  	569.2 	-1.3  	31    	32.0     	220   	20.7       	24.4       	4905      	-16.1
962       	17:22:56  	568.6 	-1.3  	31    	31.9     	220   	20.7       	24.3       	4914      	-16.2
964       	17:22:58  	568.0 	-1.4  	31    	31.9     	220   	20.7       	24.3       	4922      	-16.3
966       	17:23:00  	567.3 	-1.5  	31    	31.8     	220   	20.6       	24.2       	4931      	-16.5
968       	17:23:02  	566.7 	-1.6  	30    	31.8     	220   	20.6       	24.2       	4940      	-16.9
970       	17:23:04  	566.1 	-1.6  	29    	31.7     	220   	20.5       	24.2       	4949      	-17.3
972       	17:23:06  	565.5 	-1.7  	28    	31.7     	220   	20.5       	24.2       	4957      	-17.7
974       	17:23:08  	564.9 	-1.7  	27    	31.7     	220   	20.5       	24.2       	4966      	-18.2
976       	17:23:10  	564.2 	-1.8  	26    	31.7     	220   	20.4       	24.2       	4975      	-18.6
978       	17:23:12  	563.6 	-1.9  	25    	31.7     	220   	20.4       	24.3       	4983      	-19.0
980       	17:23:14  	563.0 	-1.9  	25    	31.7     	220   	20.3       	24.3       	4992      	-19.4
982       	17:23:16  	562.4 	-2.0  	24    	31.7     	220   	20.3       	24.4       	5001      	-19.7
984       	17:23:18  	561.8 	-2.1  	24    	31.7     	220   	20.2       	24.4       	5010      	-19.9
986       	17:23:20  	561.1 	-2.2  	24    	31.8     	220   	20.2       	24.5       	5018      	-20.0
988       	17:23:22  	560.5 	-2.2  	23    	31.7     	219   	20.1       	24.5       	5027      	-20.3
990       	17:23:24  	559.9 	-2.3  	23    	31.7     	219   	20.1       	24.5       	5036      	-20.5
992       	17:23:26  	559.2 	-2.4  	23    	31.6     	219   	20.0       	24.5       	5046      	-20.8
994       	17:23:28  	558.5 	-2.5  	22    	31.4     	219   	19.8       	24.4       	5055      	-21.0
996       	17:23:30  	557.8 	-2.6  	22    	31.3     	219   	19.6       	24.4       	5065      	-21.3
998       	17:23:32  	557.1 	-2.7  	22    	31.2     	219   	19.5       	24.3       	5076      	-21.5
1000      	17:23:34  	556.3 	-2.8  	21    	31.0     	219   	19.3       	24.2       	5087      	-21.7
1002      	17:23:36  	555.5 	-2.9  	21    	30.8     	219   	19.2       	24.1       	5098      	-21.8
1004      	17:23:38  	554.8 	-2.9  	21    	30.6     	218   	19.0       	24.0       	5108      	-21.9
1006      	17:23:40  	554.1 	-3.0  	21    	30.5     	218   	18.9       	23.9       	5119      	-21.9
1008      	17:23:42  	553.4 	-3.1  	21    	30.3     	218   	18.8       	23.8       	5129      	-22.0
1010      	17:23:44  	552.8 	-3.2  	21    	30.1     	218   	18.6       	23.7       	5138      	-22.0
1012      	17:23:46  	552.1 	-3.2  	22    	30.1     	218   	18.6       	23.7       	5147      	-22.0
1014      	17:23:48  	551.5 	-3.3  	22    	30.1     	218   	18.6       	23.7       	5155      	-22.1
1016      	17:23:50  	550.9 	-3.4  	22    	30.1     	218   	18.6       	23.7       	5164      	-22.1
1018      	17:23:52  	550.3 	-3.5  	22    	29.9     	218   	18.5       	23.5       	5173      	-22.2
1020      	17:23:54  	549.6 	-3.6  	22    	29.8     	218   	18.4       	23.4       	5182      	-22.2
1022      	17:23:56  	549.0 	-3.6  	22    	29.6     	218   	18.3       	23.3       	5192      	-22.3
1024      	17:23:58  	548.3 	-3.7  	22    	29.5     	218   	18.2       	23.2       	5201      	-22.4
1026      	17:24:00  	547.7 	-3.8  	22    	29.4     	218   	18.2       	23.1       	5210      	-22.5
1028      	17:24:02  	547.1 	-3.8  	21    	29.3     	218   	18.1       	23.0       	5219      	-22.6
1030      	17:24:04  	546.5 	-3.9  	21    	29.1     	218   	17.9       	23.0       	5228      	-22.9
1032      	17:24:06  	545.9 	-4.0  	21    	29.0     	218   	17.8       	22.9       	5237      	-23.1
1034      	17:24:08  	545.2 	-4.1  	20    	28.8     	218   	17.6       	22.8       	5246      	-23.4
1036      	17:24:10  	544.6 	-4.1  	20    	28.7     	218   	17.5       	22.8       	5255      	-23.7
1038      	17:24:12  	544.0 	-4.2  	19    	28.7     	217   	17.4       	22.8       	5263      	-24.1
1040      	17:24:14  	543.4 	-4.2  	19    	28.8     	217   	17.4       	22.9       	5272      	-24.5
1042      	17:24:16  	542.8 	-4.2  	18    	28.8     	217   	17.3       	23.0       	5281      	-24.9
1044      	17:24:18  	542.2 	-4.3  	17    	28.9     	217   	17.2       	23.2       	5289      	-25.2
1046      	17:24:20  	541.6 	-4.3  	17    	29.0     	216   	17.1       	23.4       	5298      	-25.6
1048      	17:24:22  	541.0 	-4.4  	16    	29.0     	216   	17.0       	23.5       	5307      	-25.9
1050      	17:24:24  	540.4 	-4.4  	16    	29.2     	216   	17.0       	23.7       	5316      	-26.4
1052      	17:24:26  	539.7 	-4.5  	15    	29.2     	215   	16.9       	23.8       	5326      	-26.7
1054      	17:24:28  	539.1 	-4.6  	15    	29.4     	215   	16.9       	24.0       	5335      	-27.0
1056      	17:24:30  	538.5 	-4.6  	15    	29.4     	215   	16.9       	24.1       	5344      	-27.4
1058      	17:24:32  	537.9 	-4.7  	14    	29.6     	215   	16.9       	24.3       	5353      	-27.7
1060      	17:24:34  	537.2 	-4.8  	14    	29.7     	215   	16.9       	24.4       	5362      	-28.0
1062      	17:24:36  	536.6 	-4.8  	14    	29.8     	215   	16.9       	24.5       	5371      	-28.2
1064      	17:24:38  	536.0 	-4.9  	14    	29.8     	215   	16.9       	24.5       	5380      	-28.4
1066      	17:24:40  	535.4 	-5.0  	14    	29.8     	214   	16.8       	24.6       	5389      	-28.5
1068      	17:24:42  	534.8 	-5.1  	14    	29.8     	214   	16.7       	24.7       	5398      	-28.6
1070      	17:24:44  	534.2 	-5.2  	14    	29.9     	214   	16.7       	24.8       	5407      	-28.6
1072      	17:24:46  	533.5 	-5.3  	14    	29.9     	214   	16.6       	24.9       	5417      	-28.6
1074      	17:24:48  	532.8 	-5.4  	14    	29.9     	214   	16.5       	24.9       	5427      	-28.6
1076      	17:24:50  	532.1 	-5.5  	14    	29.9     	213   	16.4       	25.0       	5437      	-28.7
1078      	17:24:52  	531.4 	-5.5  	14    	29.9     	213   	16.3       	25.1       	5447      	-28.7
1080      	17:24:54  	530.7 	-5.6  	14    	29.7     	213   	16.1       	25.0       	5458      	-28.8
1082      	17:24:56  	530.1 	-5.7  	14    	29.6     	212   	15.9       	25.0       	5467      	-29.0
1084      	17:24:58  	529.5 	-5.7  	14    	29.4     	212   	15.7       	24.9       	5476      	-29.1
1086      	17:25:00  	528.9 	-5.8  	13    	29.4     	212   	15.6       	24.9       	5485      	-29.3
1088      	17:25:02  	528.3 	-5.9  	13    	29.2     	212   	15.5       	24.7       	5493      	-29.5
1090      	17:25:04  	527.7 	-5.9  	13    	29.0     	212   	15.4       	24.6       	5502      	-29.7
1092      	17:25:06  	527.1 	-6.0  	13    	28.9     	212   	15.4       	24.5       	5511      	-29.8
1094      	17:25:08  	526.5 	-6.1  	13    	28.9     	212   	15.4       	24.4       	5520      	-30.0
1096      	17:25:10  	525.9 	-6.2  	13    	28.8     	213   	15.5       	24.3       	5529      	-30.2
1098      	17:25:12  	525.3 	-6.3  	13    	28.7     	213   	15.5       	24.2       	5538      	-30.4
1100      	17:25:14  	524.6 	-6.3  	12    	28.8     	213   	15.6       	24.2       	5549      	-30.6
1102      	17:25:16  	523.9 	-6.3  	12    	29.0     	213   	15.8       	24.3       	5559      	-31.0
1104      	17:25:18  	523.3 	-6.3  	11    	29.0     	213   	15.9       	24.3       	5569      	-31.6
1106      	17:25:20  	522.7 	-6.2  	11    	29.2     	214   	16.2       	24.3       	5578      	-32.2
1108      	17:25:22  	522.1 	-6.2  	10    	29.3     	214   	16.6       	24.2       	5587      	-32.7
1110      	17:25:24  	521.5 	-6.2  	9     	29.6     	215   	17.0       	24.2       	5595      	-33.3
1112      	17:25:26  	521.0 	-6.2  	9     	29.8     	216   	17.4       	24.2       	5603      	-33.9
1114      	17:25:28  	520.4 	-6.2  	8     	29.9     	216   	17.7       	24.1       	5611      	-34.5
1116      	17:25:30  	519.9 	-6.2  	8     	30.0     	217   	18.0       	24.0       	5619      	-35.0
1118      	17:25:32  	519.3 	-6.3  	8     	30.1     	217   	18.3       	23.9       	5627      	-35.3
1120      	17:25:34  	518.8 	-6.3  	7     	30.1     	218   	18.6       	23.7       	5636      	-35.6
1122      	17:25:36  	518.2 	-6.4  	7     	30.2     	219   	18.9       	23.5       	5644      	-35.9
1124      	17:25:38  	517.7 	-6.4  	7     	30.3     	220   	19.3       	23.3       	5652      	-36.2
1126      	17:25:40  	517.1 	-6.5  	7     	30.2     	220   	19.4       	23.1       	5661      	-36.5
1128      	17:25:42  	516.6 	-6.5  	7     	30.1     	220   	19.4       	23.0       	5669      	-36.8
1130      	17:25:44  	516.1 	-6.6  	7     	30.0     	221   	19.5       	22.8       	5677      	-37.1
1132      	17:25:46  	515.5 	-6.7  	6     	29.8     	221   	19.5       	22.6       	5685      	-37.4
1134      	17:25:48  	515.0 	-6.7  	6     	29.7     	221   	19.5       	22.4       	5693      	-37.6
1136      	17:25:50  	514.4 	-6.8  	6     	29.6     	221   	19.5       	22.3       	5702      	-37.8
1138      	17:25:52  	513.9 	-6.9  	6     	29.5     	222   	19.6       	22.1       	5710      	-38.0
1140      	17:25:54  	513.4 	-7.0  	6     	29.5     	221   	19.5       	22.1       	5718      	-38.2
1142      	17:25:56  	512.8 	-7.0  	6     	29.4     	222   	19.5       	22.0       	5726      	-38.4
1144      	17:25:58  	512.2 	-7.1  	6     	29.4     	222   	19.5       	22.0       	5735      	-38.5
1146      	17:26:00  	511.7 	-7.2  	6     	29.3     	222   	19.4       	21.9       	5743      	-38.7
1148      	17:26:02  	511.1 	-7.3  	6     	29.3     	222   	19.4       	21.9       	5752      	-38.8
1150      	17:26:04  	510.5 	-7.3  	6     	29.2     	221   	19.3       	21.9       	5761      	-38.8
1152      	17:26:06  	510.0 	-7.4  	6     	29.2     	221   	19.3       	21.9       	5769      	-38.9
1154      	17:26:08  	509.4 	-7.5  	6     	29.2     	221   	19.3       	21.9       	5778      	-39.0
1156      	17:26:10  	508.9 	-7.5  	6     	29.1     	221   	19.2       	21.9       	5786      	-39.0
1158      	17:26:12  	508.4 	-7.6  	6     	29.2     	221   	19.3       	21.9       	5794      	-39.0
1160      	17:26:14  	507.8 	-7.6  	6     	29.3     	222   	19.4       	21.9       	5802      	-39.1
1162      	17:26:16  	507.3 	-7.7  	6     	29.3     	222   	19.5       	21.9       	5811      	-39.1
1164      	17:26:18  	506.7 	-7.7  	6     	29.4     	222   	19.6       	21.9       	5819      	-39.1
1166      	17:26:20  	506.2 	-7.8  	6     	29.4     	222   	19.7       	21.8       	5828      	-39.1
1168      	17:26:22  	505.6 	-7.9  	6     	29.5     	222   	19.9       	21.8       	5836      	-39.1
1170      	17:26:24  	505.0 	-7.9  	6     	29.6     	223   	20.1       	21.7       	5845      	-39.1
1172      	17:26:26  	504.5 	-8.0  	6     	29.6     	223   	20.4       	21.5       	5853      	-39.1
1174      	17:26:28  	504.0 	-8.0  	6     	29.8     	224   	20.8       	21.3       	5861      	-39.1
1176      	17:26:30  	503.4 	-8.1  	6     	29.9     	225   	21.1       	21.2       	5870      	-39.1
1178      	17:26:32  	502.9 	-8.1  	6     	30.0     	225   	21.3       	21.1       	5878      	-39.1
1180      	17:26:34  	502.3 	-8.2  	6     	30.1     	226   	21.5       	21.0       	5887      	-39.0
1182      	17:26:36  	501.7 	-8.3  	6     	30.1     	226   	21.7       	20.9       	5896      	-39.0
1184      	17:26:38  	501.2 	-8.3  	6     	30.2     	227   	22.0       	20.7       	5903      	-39.0
1186      	17:26:40  	500.7 	-8.4  	6     	30.3     	227   	22.2       	20.6       	5911      	-39.0
1188      	17:26:42  	500.2 	-8.5  	6     	30.4     	228   	22.5       	20.5       	5919      	-38.9
1190      	17:26:44  	499.7 	-8.6  	6     	30.4     	228   	22.6       	20.4       	5927      	-38.8
1192      	17:26:46  	499.2 	-8.6  	7     	30.5     	228   	22.7       	20.4       	5936      	-38.7
1194      	17:26:48  	498.6 	-8.7  	7     	30.5     	228   	22.7       	20.4       	5944      	-38.6
1196      	17:26:50  	498.1 	-8.7  	7     	30.6     	228   	22.8       	20.4       	5952      	-38.5
1198      	17:26:52  	497.6 	-8.8  	7     	30.6     	228   	22.8       	20.4       	5960      	-38.4
1200      	17:26:54  	497.1 	-8.9  	7     	30.7     	228   	22.9       	20.5       	5968      	-38.3
1202      	17:26:56  	496.5 	-8.9  	7     	30.7     	228   	22.9       	20.5       	5976      	-38.2
1204      	17:26:58  	496.0 	-9.0  	7     	30.8     	228   	22.9       	20.6       	5985      	-38.2
1206      	17:27:00  	495.5 	-9.1  	7     	30.9     	228   	22.9       	20.7       	5992      	-38.1
1208      	17:27:02  	495.0 	-9.1  	7     	30.9     	228   	22.9       	20.8       	6000      	-38.2
1210      	17:27:04  	494.5 	-9.2  	7     	31.0     	227   	22.8       	21.0       	6008      	-38.2
1212      	17:27:06  	494.0 	-9.3  	7     	31.1     	227   	22.8       	21.2       	6016      	-38.2
1214      	17:27:08  	493.5 	-9.3  	7     	31.2     	227   	22.7       	21.4       	6024      	-38.3
1216      	17:27:10  	493.0 	-9.4  	7     	31.3     	226   	22.7       	21.6       	6032      	-38.4
1218      	17:27:12  	492.4 	-9.4  	7     	31.3     	226   	22.6       	21.7       	6040      	-38.5
1220      	17:27:14  	491.9 	-9.5  	7     	31.5     	226   	22.5       	22.0       	6048      	-38.6
1222      	17:27:16  	491.4 	-9.5  	7     	31.6     	225   	22.4       	22.3       	6056      	-38.9
1224      	17:27:18  	490.9 	-9.5  	7     	31.7     	225   	22.3       	22.5       	6064      	-39.1
1226      	17:27:20  	490.4 	-9.6  	7     	31.9     	224   	22.3       	22.8       	6072      	-39.2
1228      	17:27:22  	489.9 	-9.6  	7     	32.0     	224   	22.2       	23.0       	6080      	-39.3
1230      	17:27:24  	489.4 	-9.6  	7     	32.0     	224   	22.2       	23.1       	6088      	-39.4
1232      	17:27:26  	488.8 	-9.6  	7     	32.2     	224   	22.2       	23.3       	6097      	-39.5
1234      	17:27:28  	488.3 	-9.7  	7     	32.5     	223   	22.3       	23.7       	6105      	-39.4
1236      	17:27:30  	487.8 	-9.7  	7     	32.8     	223   	22.3       	24.0       	6114      	-39.3
1238      	17:27:32  	487.2 	-9.7  	7     	33.0     	223   	22.4       	24.3       	6123      	-39.1
1240      	17:27:34  	486.6 	-9.8  	7     	33.3     	223   	22.5       	24.5       	6132      	-39.0
1242      	17:27:36  	486.1 	-9.9  	7     	33.5     	222   	22.6       	24.7       	6140      	-39.0
1244      	17:27:38  	485.6 	-9.9  	7     	33.7     	222   	22.7       	24.9       	6149      	-39.0
1246      	17:27:40  	485.0 	-10.0 	7     	34.0     	222   	22.9       	25.1       	6157      	-39.0
1248      	17:27:42  	484.5 	-10.0 	7     	34.3     	222   	23.1       	25.3       	6166      	-36.8
1250      	17:27:44  	484.0 	-10.1 	7     	34.6     	222   	23.3       	25.6       	6174      	-36.9
1252      	17:27:46  	483.4 	-10.1 	7     	34.9     	222   	23.5       	25.8       	6183      	-37.0
1254      	17:27:48  	482.9 	-10.2 	7     	35.0     	222   	23.6       	25.8       	6191      	-37.0
1256      	17:27:50  	482.4 	-10.3 	7     	35.1     	222   	23.7       	25.9       	6199      	-37.1
1258      	17:27:52  	481.9 	-10.3 	7     	35.2     	223   	23.8       	25.9       	6208      	-37.1
1260      	17:27:54  	481.4 	-10.4 	7     	35.2     	223   	23.9       	25.9       	6216      	-37.1
1262      	17:27:56  	480.8 	-10.4 	7     	35.3     	223   	24.0       	25.9       	6225      	-37.1
1264      	17:27:58  	480.2 	-10.5 	7     	35.4     	223   	24.1       	25.9       	6234      	-37.1
1266      	17:28:00  	479.6 	-10.6 	7     	35.4     	223   	24.1       	25.9       	6244      	-37.2
1268      	17:28:02  	479.0 	-10.6 	7     	35.3     	223   	24.1       	25.8       	6253      	-37.2
1270      	17:28:04  	478.5 	-10.7 	7     	35.3     	223   	24.1       	25.8       	6262      	-37.3
1272      	17:28:06  	477.9 	-10.8 	7     	35.2     	223   	24.0       	25.7       	6271      	-37.3
1274      	17:28:08  	477.4 	-10.8 	7     	34.9     	223   	23.9       	25.5       	6279      	-37.4
1276      	17:28:10  	476.9 	-10.9 	7     	34.7     	223   	23.7       	25.4       	6288      	-37.4
1278      	17:28:12  	476.4 	-11.0 	7     	34.5     	223   	23.6       	25.2       	6296      	-37.4
1280      	17:28:14  	475.9 	-11.1 	7     	34.4     	223   	23.4       	25.2       	6303      	-37.4
1282      	17:28:16  	475.4 	-11.1 	7     	34.2     	223   	23.3       	25.1       	6311      	-37.5
1284      	17:28:18  	474.9 	-11.2 	7     	34.0     	223   	23.2       	24.9       	6319      	-37.5
1286      	17:28:20  	474.4 	-11.3 	7     	33.8     	223   	23.1       	24.7       	6327      	-37.5
1288      	17:28:22  	473.9 	-11.4 	7     	33.6     	223   	22.9       	24.6       	6335      	-37.5
1290      	17:28:24  	473.4 	-11.4 	7     	33.4     	223   	22.8       	24.4       	6344      	-37.5
1292      	17:28:26  	472.9 	-11.5 	7     	33.3     	223   	22.8       	24.3       	6352      	-37.5
1294      	17:28:28  	472.4 	-11.6 	8     	33.2     	223   	22.8       	24.2       	6360      	-37.6
1296      	17:28:30  	471.9 	-11.7 	8     	33.2     	223   	22.8       	24.1       	6368      	-37.6
1298      	17:28:32  	471.4 	-11.7 	8     	33.0     	224   	22.7       	23.9       	6377      	-37.6
1300      	17:28:34  	470.9 	-11.8 	8     	32.8     	224   	22.6       	23.8       	6384      	-37.6
1302      	17:28:36  	470.4 	-11.9 	8     	32.7     	224   	22.5       	23.7       	6392      	-37.6
1304      	17:28:38  	470.0 	-12.0 	8     	32.5     	224   	22.4       	23.5       	6400      	-37.7
1306      	17:28:40  	469.5 	-12.0 	8     	32.4     	223   	22.3       	23.5       	6407      	-37.7
1308      	17:28:42  	469.0 	-12.1 	8     	32.3     	223   	22.2       	23.5       	6415      	-37.8
1310      	17:28:44  	468.6 	-12.2 	8     	32.1     	223   	22.0       	23.4       	6422      	-37.8
1312      	17:28:46  	468.1 	-12.3 	8     	31.9     	223   	21.8       	23.3       	6430      	-37.9
1314      	17:28:48  	467.6 	-12.4 	8     	31.8     	223   	21.7       	23.2       	6437      	-37.9
1316      	17:28:50  	467.2 	-12.4 	8     	31.5     	223   	21.5       	23.0       	6445      	-38.0
1318      	17:28:52  	466.7 	-12.5 	8     	31.4     	223   	21.4       	23.0       	6453      	-38.0
1320      	17:28:54  	466.2 	-12.6 	8     	31.3     	223   	21.4       	22.9       	6461      	-38.1
1322      	17:28:56  	465.7 	-12.7 	8     	31.2     	223   	21.3       	22.8       	6469      	-38.2
1324      	17:28:58  	465.3 	-12.7 	8     	31.2     	223   	21.3       	22.8       	6476      	-38.3
1326      	17:29:00  	464.8 	-12.8 	8     	31.1     	223   	21.2       	22.7       	6484      	-38.4
1328      	17:29:02  	464.3 	-12.8 	8     	30.9     	223   	21.1       	22.6       	6492      	-38.5
1330      	17:29:04  	463.8 	-12.8 	7     	30.8     	223   	21.1       	22.5       	6500      	-38.9
1332      	17:29:06  	463.3 	-12.8 	7     	30.8     	223   	21.0       	22.5       	6508      	-39.4
1334      	17:29:08  	462.9 	-12.8 	6     	30.8     	223   	21.0       	22.5       	6515      	-40.1
1336      	17:29:10  	462.5 	-12.7 	6     	30.9     	223   	21.1       	22.6       	6522      	-40.9
1338      	17:29:12  	462.0 	-12.7 	5     	31.0     	223   	21.1       	22.7       	6530      	-41.9
1340      	17:29:14  	461.6 	-12.6 	4     	31.1     	223   	21.2       	22.8       	6536      	-43.0
1342      	17:29:16  	461.2 	-12.6 	4     	31.3     	223   	21.3       	22.9       	6543      	-44.4
1344      	17:29:18  	460.8 	-12.5 	3     	31.4     	223   	21.4       	23.0       	6550      	-45.5
1346      	17:29:20  	460.4 	-12.4 	3     	31.6     	223   	21.5       	23.1       	6556      	-46.5
1348      	17:29:22  	460.1 	-12.4 	3     	31.8     	223   	21.6       	23.3       	6562      	-47.2
1350      	17:29:24  	459.7 	-12.3 	2     	32.0     	223   	21.7       	23.5       	6568      	-47.8
1352      	17:29:26  	459.3 	-12.3 	2     	32.1     	223   	21.8       	23.6       	6575      	-48.4
1354      	17:29:28  	458.9 	-12.3 	2     	32.3     	223   	21.9       	23.8       	6581      	-48.9
1356      	17:29:30  	458.5 	-12.3 	2     	32.3     	223   	21.9       	23.8       	6588      	-49.5
1358      	17:29:32  	458.1 	-12.2 	2     	32.4     	222   	21.9       	23.9       	6595      	-50.1
1360      	17:29:34  	457.7 	-12.2 	2     	32.6     	223   	22.2       	23.9       	6602      	-50.8
1362      	17:29:36  	457.3 	-12.2 	2     	32.8     	223   	22.5       	23.9       	6608      	-51.4
1364      	17:29:38  	456.9 	-12.1 	1     	33.0     	224   	22.8       	23.9       	6615      	-52.0
1366      	17:29:40  	456.5 	-12.1 	1     	33.2     	224   	23.1       	23.9       	6621      	-52.4
1368      	17:29:42  	456.1 	-12.1 	1     	33.4     	225   	23.4       	23.8       	6627      	-52.6
1370      	17:29:44  	455.8 	-12.1 	1     	33.6     	225   	23.7       	23.8       	6634      	-52.7
1372      	17:29:46  	455.4 	-12.1 	1     	33.8     	225   	24.1       	23.7       	6640      	-52.6
1374      	17:29:48  	455.0 	-12.0 	1     	34.0     	226   	24.5       	23.6       	6646      	-52.6
1376      	17:29:50  	454.7 	-12.0 	1     	34.4     	227   	25.0       	23.6       	6652      	-52.6
1378      	17:29:52  	454.3 	-12.1 	1     	34.7     	227   	25.5       	23.5       	6658      	-52.7
1380      	17:29:54  	453.9 	-12.1 	1     	34.8     	228   	25.7       	23.4       	6664      	-52.7
1382      	17:29:56  	453.6 	-12.1 	1     	34.8     	228   	25.8       	23.4       	6671      	-52.7
1384      	17:29:58  	453.2 	-12.1 	1     	34.9     	228   	26.0       	23.3       	6677      	-52.9
1386      	17:30:00  	452.8 	-12.2 	1     	35.1     	228   	26.3       	23.3       	6683      	-53.1
1388      	17:30:02  	452.5 	-12.2 	1     	35.4     	229   	26.7       	23.3       	6689      	-53.1
1390      	17:30:04  	452.2 	-12.3 	1     	35.6     	229   	27.0       	23.2       	6695      	-53.1
1392      	17:30:06  	451.8 	-12.3 	1     	35.8     	230   	27.3       	23.2       	6700      	-53.1
1394      	17:30:08  	451.5 	-12.3 	1     	35.9     	230   	27.4       	23.2       	6706      	-53.1
1396      	17:30:10  	451.1 	-12.4 	1     	36.1     	230   	27.6       	23.2       	6712      	-53.2
1398      	17:30:12  	450.8 	-12.4 	1     	36.1     	230   	27.7       	23.2       	6718      	-53.2
1400      	17:30:14  	450.4 	-12.5 	1     	36.4     	230   	28.0       	23.2       	6724      	-53.2
1402      	17:30:16  	450.1 	-12.5 	1     	36.5     	231   	28.3       	23.1       	6730      	-53.2
1404      	17:30:18  	449.7 	-12.5 	1     	36.7     	231   	28.5       	23.1       	6736      	-53.3
1406      	17:30:20  	449.4 	-12.6 	1     	36.8     	231   	28.7       	23.1       	6742      	-53.3
1408      	17:30:22  	449.0 	-12.6 	1     	36.9     	231   	28.8       	23.0       	6748      	-53.3
1410      	17:30:24  	448.7 	-12.7 	1     	36.9     	231   	28.9       	23.0       	6753      	-53.3
1412      	17:30:26  	448.3 	-12.7 	1     	37.0     	232   	29.1       	22.8       	6759      	-53.4
1414      	17:30:28  	448.0 	-12.7 	1     	37.1     	232   	29.4       	22.7       	6765      	-53.4
1416      	17:30:30  	447.6 	-12.8 	1     	37.2     	233   	29.6       	22.6       	6771      	-53.4
1418      	17:30:32  	447.3 	-12.8 	1     	37.4     	233   	29.9       	22.4       	6777      	-53.4
1420      	17:30:34  	447.0 	-12.9 	1     	37.4     	233   	30.0       	22.3       	6782      	-53.5
1422      	17:30:36  	446.7 	-12.9 	1     	37.5     	234   	30.2       	22.2       	6788      	-53.5
1424      	17:30:38  	446.3 	-13.0 	1     	37.5     	234   	30.3       	22.1       	6793      	-53.5
1426      	17:30:40  	446.0 	-13.0 	1     	37.5     	234   	30.4       	21.9       	6798      	-53.6
1428      	17:30:42  	445.7 	-13.1 	1     	37.4     	235   	30.5       	21.7       	6804      	-53.6
1430      	17:30:44  	445.4 	-13.1 	1     	37.5     	235   	30.6       	21.6       	6809      	-53.6
1432      	17:30:46  	445.1 	-13.2 	1     	37.3     	235   	30.6       	21.4       	6815      	-53.6
1434      	17:30:48  	444.7 	-13.2 	1     	37.3     	235   	30.6       	21.3       	6821      	-53.7
1436      	17:30:50  	444.4 	-13.2 	1     	37.1     	235   	30.5       	21.2       	6827      	-53.7
1438      	17:30:52  	444.0 	-13.3 	1     	37.1     	235   	30.5       	21.1       	6833      	-53.7
1440      	17:30:54  	443.7 	-13.3 	1     	37.0     	235   	30.5       	21.0       	6839      	-53.5
1442      	17:30:56  	443.3 	-13.3 	1     	36.9     	236   	30.5       	20.8       	6845      	-53.0
1444      	17:30:58  	443.0 	-13.4 	1     	36.9     	236   	30.6       	20.7       	6851      	-52.8
1446      	17:31:00  	442.6 	-13.4 	2     	36.9     	236   	30.6       	20.7       	6857      	-52.5
1448      	17:31:02  	442.3 	-13.5 	2     	37.0     	236   	30.7       	20.7       	6862      	-52.3
1450      	17:31:04  	442.0 	-13.5 	2     	37.1     	236   	30.8       	20.7       	6868      	-51.9
1452      	17:31:06  	441.7 	-13.5 	2     	37.2     	236   	30.9       	20.8       	6873      	-51.7
1454      	17:31:08  	441.4 	-13.6 	2     	37.5     	236   	31.1       	20.9       	6878      	-51.4
1456      	17:31:10  	441.1 	-13.6 	2     	37.6     	236   	31.2       	20.9       	6883      	-51.5
1458      	17:31:12  	440.8 	-13.7 	2     	37.7     	236   	31.3       	21.1       	6888      	-51.5
1460      	17:31:14  	440.5 	-13.7 	2     	37.9     	236   	31.4       	21.2       	6893      	-51.5
1462      	17:31:16  	440.2 	-13.8 	2     	37.9     	236   	31.4       	21.3       	6898      	-51.5
1464      	17:31:18  	439.9 	-13.8 	2     	38.1     	236   	31.5       	21.5       	6904      	-51.4
1466      	17:31:20  	439.6 	-13.9 	2     	38.3     	236   	31.6       	21.7       	6909      	-51.0
1468      	17:31:22  	439.3 	-13.9 	2     	38.5     	235   	31.7       	21.8       	6914      	-50.1
1470      	17:31:24  	439.0 	-14.0 	2     	38.7     	235   	31.8       	22.0       	6919      	-49.0
1472      	17:31:26  	438.8 	-14.0 	3     	38.7     	235   	31.8       	22.1       	6923      	-47.7
1474      	17:31:28  	438.5 	-14.0 	3     	38.8     	235   	31.8       	22.2       	6928      	-46.6
1476      	17:31:30  	438.3 	-14.1 	4     	38.9     	235   	31.9       	22.3       	6932      	-45.6
1478      	17:31:32  	438.0 	-14.1 	4     	39.0     	235   	31.9       	22.5       	6936      	-44.6
1480      	17:31:34  	437.7 	-14.1 	5     	39.2     	235   	32.0       	22.7       	6941      	-43.9
1482      	17:31:36  	437.5 	-14.2 	5     	39.3     	234   	32.0       	22.9       	6946      	-43.3
1484      	17:31:38  	437.2 	-14.2 	5     	39.5     	234   	32.1       	23.0       	6950      	-43.0
1486      	17:31:40  	436.9 	-14.2 	5     	39.5     	234   	32.1       	23.1       	6955      	-42.9
1488      	17:31:42  	436.6 	-14.2 	5     	39.6     	234   	32.1       	23.2       	6960      	-42.9
1490      	17:31:44  	436.4 	-14.3 	5     	39.7     	234   	32.2       	23.3       	6965      	-42.9
1492      	17:31:46  	436.1 	-14.3 	5     	39.9     	234   	32.2       	23.5       	6969      	-43.0
1494      	17:31:48  	435.9 	-14.3 	5     	40.0     	234   	32.3       	23.6       	6974      	-43.0
1496      	17:31:50  	435.6 	-14.3 	5     	40.1     	234   	32.3       	23.7       	6978      	-43.1
1498      	17:31:52  	435.4 	-14.4 	5     	40.1     	234   	32.3       	23.8       	6982      	-43.2
1500      	17:31:54  	435.2 	-14.4 	5     	40.1     	234   	32.3       	23.8       	6986      	-43.2
1502      	17:31:56  	434.9 	-14.4 	5     	40.1     	234   	32.3       	23.8       	6990      	-43.3
1504      	17:31:58  	434.7 	-14.5 	5     	40.2     	234   	32.3       	23.9       	6994      	-43.4
1506      	17:32:00  	434.4 	-14.5 	5     	40.2     	233   	32.3       	24.0       	6998      	-43.6
1508      	17:32:02  	434.2 	-14.5 	5     	40.2     	233   	32.3       	24.0       	7003      	-43.8
1510      	17:32:04  	433.9 	-14.6 	5     	40.2     	233   	32.3       	24.0       	7007      	-44.0
1512      	17:32:06  	433.7 	-14.6 	5     	40.2     	233   	32.3       	24.0       	7012      	-44.3
1514      	17:32:08  	433.4 	-14.7 	4     	40.2     	233   	32.3       	24.0       	7016      	-44.6
1516      	17:32:10  	433.1 	-14.7 	4     	40.2     	233   	32.2       	24.0       	7021      	-44.9
1518      	17:32:12  	432.9 	-14.7 	4     	40.1     	233   	32.1       	24.0       	7026      	-45.2
1520      	17:32:14  	432.6 	-14.8 	4     	40.0     	233   	32.0       	24.0       	7031      	-45.4
1522      	17:32:16  	432.3 	-14.8 	4     	39.8     	233   	31.8       	23.9       	7036      	-45.6
1524      	17:32:18  	432.0 	-14.8 	4     	39.7     	233   	31.7       	23.9       	7041      	-45.8
1526      	17:32:20  	431.8 	-14.8 	4     	39.6     	233   	31.6       	23.8       	7045      	-46.0
1528      	17:32:22  	431.5 	-14.9 	4     	39.2     	233   	31.2       	23.7       	7050      	-46.0
1530      	17:32:24  	431.2 	-14.9 	4     	38.9     	233   	30.9       	23.6       	7055      	-45.8
1532      	17:32:26  	430.9 	-14.9 	4     	38.5     	233   	30.6       	23.4       	7060      	-45.5
1534      	17:32:28  	430.7 	-14.9 	4     	38.2     	232   	30.3       	23.3       	7065      	-45.2
1536      	17:32:30  	430.4 	-14.9 	5     	37.9     	232   	30.0       	23.2       	7069      	-44.6
1538      	17:32:32  	430.1 	-15.0 	5     	37.7     	232   	29.8       	23.1       	7074      	-43.8
1540      	17:32:34  	429.8 	-15.0 	5     	37.5     	232   	29.6       	23.0       	7079      	-43.1
1542      	17:32:36  	429.5 	-15.0 	6     	37.1     	232   	29.2       	22.9       	7084      	-42.3
1544      	17:32:38  	429.2 	-15.0 	7     	36.8     	232   	28.9       	22.8       	7089      	-41.6
1546      	17:32:40  	428.9 	-15.1 	7     	36.5     	232   	28.6       	22.6       	7094      	-40.7
1548      	17:32:42  	428.6 	-15.1 	8     	36.4     	232   	28.5       	22.6       	7100      	-39.9
1550      	17:32:44  	428.3 	-15.1 	9     	36.2     	231   	28.3       	22.6       	7106      	-39.2
1552      	17:32:46  	428.0 	-15.2 	9     	36.1     	231   	28.2       	22.6       	7111      	-38.8
1554      	17:32:48  	427.7 	-15.2 	9     	36.1     	231   	28.1       	22.6       	7116      	-38.4
1556      	17:32:50  	427.4 	-15.3 	10    	36.0     	231   	28.0       	22.6       	7122      	-38.1
1558      	17:32:52  	427.1 	-15.3 	10    	35.8     	231   	27.8       	22.6       	7127      	-37.9
1560      	17:32:54  	426.8 	-15.3 	10    	35.7     	231   	27.7       	22.5       	7132      	-37.8
1562      	17:32:56  	426.5 	-15.4 	10    	35.7     	231   	27.7       	22.5       	7138      	-37.8
1564      	17:32:58  	426.2 	-15.4 	10    	35.7     	231   	27.7       	22.5       	7143      	-37.9
1566      	17:33:00  	425.9 	-15.5 	10    	35.7     	231   	27.7       	22.5       	7149      	-38.0
1568      	17:33:02  	425.6 	-15.5 	10    	35.7     	231   	27.7       	22.6       	7155      	-37.9
1570      	17:33:04  	425.3 	-15.6 	10    	35.7     	231   	27.6       	22.6       	7160      	-37.9
1572      	17:33:06  	425.0 	-15.6 	10    	35.7     	231   	27.6       	22.7       	7165      	-38.0
1574      	17:33:08  	424.6 	-15.7 	10    	35.7     	231   	27.6       	22.7       	7170      	-37.9
1576      	17:33:10  	424.3 	-15.7 	10    	35.8     	230   	27.6       	22.8       	7176      	-38.0
1578      	17:33:12  	424.0 	-15.8 	10    	35.7     	230   	27.5       	22.8       	7182      	-38.1
1580      	17:33:14  	423.7 	-15.8 	10    	35.9     	230   	27.6       	22.9       	7187      	-38.2
1582      	17:33:16  	423.4 	-15.8 	10    	35.9     	230   	27.6       	23.0       	7193      	-38.4
1584      	17:33:18  	423.1 	-15.9 	10    	36.0     	230   	27.6       	23.1       	7199      	-38.7
1586      	17:33:20  	422.8 	-15.9 	9     	36.1     	230   	27.7       	23.2       	7204      	-39.1
1588      	17:33:22  	422.5 	-15.9 	9     	36.3     	230   	27.8       	23.3       	7210      	-39.5
1590      	17:33:24  	422.2 	-16.0 	9     	36.3     	230   	27.8       	23.3       	7215      	-39.7
1592      	17:33:26  	421.8 	-16.0 	9     	36.4     	230   	27.9       	23.4       	7221      	-39.8
1594      	17:33:28  	421.5 	-16.0 	9     	36.5     	230   	28.0       	23.4       	7226      	-39.8
1596      	17:33:30  	421.2 	-16.1 	9     	36.6     	230   	28.1       	23.4       	7232      	-39.6
1598      	17:33:32  	420.9 	-16.1 	9     	36.6     	230   	28.1       	23.4       	7237      	-39.4
1600      	17:33:34  	420.6 	-16.2 	10    	36.6     	230   	28.2       	23.4       	7242      	-39.1
1602      	17:33:36  	420.3 	-16.2 	10    	36.6     	230   	28.2       	23.3       	7248      	-38.8
1604      	17:33:38  	420.0 	-16.3 	10    	36.6     	230   	28.2       	23.3       	7254      	-38.6
1606      	17:33:40  	419.7 	-16.3 	10    	36.6     	230   	28.2       	23.3       	7259      	-38.5
1608      	17:33:42  	419.3 	-16.4 	10    	36.7     	230   	28.3       	23.4       	7265      	-38.5
1610      	17:33:44  	419.0 	-16.4 	10    	36.7     	230   	28.3       	23.4       	7271      	-38.5
1612      	17:33:46  	418.7 	-16.5 	10    	36.7     	230   	28.3       	23.4       	7276      	-38.6
1614      	17:33:48  	418.4 	-16.5 	10    	36.8     	230   	28.3       	23.5       	7281      	-38.6
1616      	17:33:50  	418.1 	-16.6 	11    	36.8     	230   	28.3       	23.6       	7287      	-38.6
1618      	17:33:52  	417.9 	-16.6 	11    	36.9     	230   	28.3       	23.7       	7292      	-38.6
1620      	17:33:54  	417.6 	-16.7 	11    	37.0     	230   	28.3       	23.8       	7297      	-38.7
1622      	17:33:56  	417.2 	-16.7 	11    	37.0     	230   	28.3       	23.9       	7303      	-38.7
1624      	17:33:58  	416.9 	-16.8 	11    	37.2     	230   	28.3       	24.1       	7309      	-38.7
1626      	17:34:00  	416.6 	-16.8 	11    	37.2     	229   	28.3       	24.2       	7314      	-38.7
1628      	17:34:02  	416.3 	-16.9 	11    	37.2     	229   	28.3       	24.2       	7319      	-38.7
1630      	17:34:04  	416.0 	-16.9 	11    	37.3     	229   	28.3       	24.3       	7325      	-38.7
1632      	17:34:06  	415.7 	-17.0 	11    	37.3     	229   	28.2       	24.4       	7331      	-38.7
1634      	17:34:08  	415.3 	-17.1 	11    	37.2     	229   	28.1       	24.4       	7337      	-38.7
1636      	17:34:10  	415.0 	-17.1 	11    	37.3     	229   	28.1       	24.5       	7343      	-38.7
1638      	17:34:12  	414.7 	-17.2 	11    	37.2     	229   	28.0       	24.5       	7349      	-38.7
1640      	17:34:14  	414.4 	-17.2 	11    	37.1     	229   	27.9       	24.5       	7355      	-38.7
1642      	17:34:16  	414.0 	-17.3 	11    	37.1     	229   	27.9       	24.5       	7361      	-38.7
1644      	17:34:18  	413.7 	-17.3 	11    	37.1     	229   	27.8       	24.5       	7367      	-38.7
1646      	17:34:20  	413.4 	-17.4 	11    	37.1     	228   	27.8       	24.6       	7372      	-38.8
1648      	17:34:22  	413.0 	-17.5 	11    	37.1     	228   	27.7       	24.7       	7379      	-38.8
1650      	17:34:24  	412.7 	-17.5 	11    	37.1     	228   	27.7       	24.7       	7385      	-38.9
1652      	17:34:26  	412.4 	-17.6 	11    	37.2     	228   	27.7       	24.8       	7391      	-38.9
1654      	17:34:28  	412.0 	-17.6 	11    	37.2     	228   	27.7       	24.9       	7397      	-39.0
1656      	17:34:30  	411.7 	-17.7 	11    	37.3     	228   	27.7       	25.0       	7404      	-39.0
1658      	17:34:32  	411.3 	-17.8 	11    	37.4     	228   	27.7       	25.1       	7410      	-39.0
1660      	17:34:34  	411.0 	-17.8 	11    	37.4     	228   	27.7       	25.1       	7416      	-39.1
1662      	17:34:36  	410.6 	-17.9 	11    	37.4     	228   	27.7       	25.2       	7423      	-39.1
1664      	17:34:38  	410.3 	-17.9 	11    	37.4     	227   	27.6       	25.3       	7429      	-39.2
1666      	17:34:40  	409.9 	-18.0 	11    	37.4     	227   	27.6       	25.3       	7435      	-39.2
1668      	17:34:42  	409.6 	-18.0 	11    	37.4     	227   	27.6       	25.3       	7441      	-39.2
1670      	17:34:44  	409.2 	-18.1 	11    	37.4     	227   	27.5       	25.3       	7448      	-39.2
1672      	17:34:46  	408.9 	-18.2 	11    	37.3     	227   	27.4       	25.3       	7454      	-39.2
1674      	17:34:48  	408.5 	-18.2 	12    	37.2     	227   	27.3       	25.3       	7461      	-39.2
1676      	17:34:50  	408.2 	-18.3 	12    	37.1     	227   	27.2       	25.3       	7468      	-39.2
1678      	17:34:52  	407.8 	-18.3 	12    	37.1     	227   	27.2       	25.3       	7474      	-39.1
1680      	17:34:54  	407.4 	-18.4 	12    	37.1     	227   	27.1       	25.3       	7481      	-39.1
1682      	17:34:56  	407.1 	-18.4 	12    	37.0     	227   	27.0       	25.3       	7487      	-39.1
1684      	17:34:58  	406.8 	-18.5 	12    	37.0     	227   	27.0       	25.3       	7493      	-39.1
1686      	17:35:00  	406.4 	-18.6 	12    	36.9     	227   	26.9       	25.3       	7500      	-39.1
1688      	17:35:02  	406.1 	-18.6 	12    	36.9     	227   	26.8       	25.3       	7506      	-39.1
1690      	17:35:04  	405.7 	-18.7 	12    	36.9     	227   	26.8       	25.4       	7512      	-39.1
1692      	17:35:06  	405.4 	-18.8 	12    	36.9     	227   	26.8       	25.4       	7519      	-39.1
1694      	17:35:08  	405.0 	-18.8 	12    	37.0     	226   	26.8       	25.5       	7526      	-39.1
1696      	17:35:10  	404.6 	-18.9 	12    	37.0     	226   	26.8       	25.5       	7533      	-39.2
1698      	17:35:12  	404.2 	-18.9 	12    	37.0     	226   	26.8       	25.5       	7539      	-39.2
1700      	17:35:14  	403.9 	-19.0 	12    	36.9     	226   	26.7       	25.5       	7546      	-39.3
1702      	17:35:16  	403.5 	-19.1 	12    	36.9     	226   	26.7       	25.5       	7553      	-39.3
1704      	17:35:18  	403.1 	-19.1 	12    	36.8     	226   	26.6       	25.5       	7560      	-39.4
1706      	17:35:20  	402.8 	-19.2 	12    	36.8     	226   	26.6       	25.5       	7566      	-39.4
1708      	17:35:22  	402.4 	-19.2 	12    	36.8     	226   	26.6       	25.4       	7573      	-39.4
1710      	17:35:24  	402.1 	-19.3 	12    	36.6     	226   	26.5       	25.3       	7580      	-39.4
1712      	17:35:26  	401.7 	-19.4 	12    	36.5     	226   	26.4       	25.2       	7587      	-39.5
1714      	17:35:28  	401.3 	-19.4 	13    	36.4     	226   	26.3       	25.1       	7593      	-39.5
1716      	17:35:30  	401.0 	-19.5 	13    	36.4     	226   	26.3       	25.1       	7600      	-39.5
1718      	17:35:32  	400.6 	-19.6 	13    	36.2     	226   	26.2       	25.0       	7607      	-39.5
1720      	17:35:34  	400.2 	-19.6 	13    	36.1     	226   	26.2       	24.9       	7614      	-39.5
1722      	17:35:36  	399.8 	-19.7 	13    	36.0     	226   	26.1       	24.8       	7621      	-39.6
1724      	17:35:38  	399.5 	-19.8 	13    	35.9     	227   	26.1       	24.7       	7628      	-39.7
1726      	17:35:40  	399.1 	-19.8 	13    	35.9     	227   	26.1       	24.7       	7635      	-39.7
1728      	17:35:42  	398.7 	-19.9 	13    	35.9     	227   	26.1       	24.6       	7642      	-39.7
1730      	17:35:44  	398.3 	-20.0 	13    	35.9     	227   	26.2       	24.6       	7649      	-39.8
1732      	17:35:46  	397.9 	-20.1 	13    	36.0     	227   	26.2       	24.7       	7656      	-39.9
1734      	17:35:48  	397.5 	-20.2 	13    	35.9     	227   	26.2       	24.6       	7664      	-39.9
1736      	17:35:50  	397.2 	-20.2 	13    	35.8     	227   	26.1       	24.5       	7671      	-40.0
1738      	17:35:52  	396.8 	-20.3 	13    	35.7     	227   	26.1       	24.4       	7678      	-40.0
1740      	17:35:54  	396.4 	-20.3 	13    	35.7     	227   	26.0       	24.4       	7685      	-40.1
1742      	17:35:56  	396.0 	-20.4 	13    	35.4     	227   	25.9       	24.2       	7692      	-40.1
1744      	17:35:58  	395.6 	-20.5 	13    	35.3     	227   	25.8       	24.1       	7700      	-40.2
1746      	17:36:00  	395.2 	-20.5 	13    	35.2     	227   	25.7       	24.0       	7707      	-40.2
1748      	17:36:02  	394.8 	-20.6 	13    	35.0     	227   	25.6       	23.9       	7714      	-40.2
1750      	17:36:04  	394.5 	-20.7 	13    	34.8     	227   	25.5       	23.7       	7721      	-40.3
1752      	17:36:06  	394.1 	-20.7 	13    	34.7     	227   	25.4       	23.6       	7729      	-40.3
1754      	17:36:08  	393.7 	-20.8 	13    	34.5     	227   	25.4       	23.4       	7736      	-40.3
1756      	17:36:10  	393.3 	-20.9 	13    	34.5     	227   	25.3       	23.4       	7743      	-40.3
1758      	17:36:12  	392.9 	-20.9 	13    	34.4     	227   	25.3       	23.3       	7750      	-40.4
1760      	17:36:14  	392.5 	-21.0 	13    	34.4     	227   	25.3       	23.3       	7758      	-40.4
1762      	17:36:16  	392.1 	-21.1 	13    	34.3     	227   	25.3       	23.2       	7765      	-40.4
1764      	17:36:18  	391.7 	-21.1 	13    	34.3     	228   	25.3       	23.1       	7772      	-40.4
1766      	17:36:20  	391.4 	-21.2 	13    	34.3     	228   	25.3       	23.1       	7779      	-40.5
1768      	17:36:22  	391.0 	-21.3 	13    	34.2     	228   	25.3       	23.0       	7786      	-40.5
1770      	17:36:24  	390.6 	-21.3 	13    	34.3     	228   	25.4       	23.0       	7794      	-40.6
1772      	17:36:26  	390.2 	-21.4 	13    	34.3     	228   	25.4       	23.0       	7801      	-40.6
1774      	17:36:28  	389.8 	-21.5 	13    	34.2     	228   	25.4       	22.9       	7808      	-40.7
1776      	17:36:30  	389.4 	-21.5 	13    	34.2     	228   	25.5       	22.8       	7816      	-40.7
1778      	17:36:32  	389.0 	-21.6 	13    	34.1     	228   	25.5       	22.7       	7824      	-40.8
1780      	17:36:34  	388.6 	-21.7 	13    	34.1     	229   	25.6       	22.6       	7832      	-40.9
1782      	17:36:36  	388.2 	-21.8 	13    	34.1     	229   	25.6       	22.5       	7839      	-40.9
1784      	17:36:38  	387.8 	-21.8 	13    	34.0     	229   	25.6       	22.4       	7846      	-41.0
1786      	17:36:40  	387.4 	-21.9 	13    	34.0     	229   	25.7       	22.3       	7853      	-41.0
1788      	17:36:42  	387.0 	-22.0 	13    	34.0     	229   	25.7       	22.2       	7861      	-41.1
1790      	17:36:44  	386.7 	-22.0 	13    	34.0     	229   	25.8       	22.1       	7869      	-41.1
1792      	17:36:46  	386.3 	-22.1 	13    	33.9     	230   	25.9       	21.9       	7876      	-41.1
1794      	17:36:48  	385.9 	-22.2 	13    	33.9     	230   	25.9       	21.8       	7883      	-41.2
1796      	17:36:50  	385.5 	-22.2 	13    	33.9     	230   	25.9       	21.8       	7891      	-41.2
1798      	17:36:52  	385.1 	-22.3 	13    	33.8     	230   	25.9       	21.7       	7899      	-41.3
1800      	17:36:54  	384.6 	-22.4 	13    	33.8     	230   	26.0       	21.6       	7907      	-41.3
1802      	17:36:56  	384.2 	-22.4 	13    	33.8     	231   	26.1       	21.4       	7915      	-41.4
1804      	17:36:58  	383.8 	-22.5 	14    	33.7     	231   	26.1       	21.3       	7923      	-41.4
1806      	17:37:00  	383.4 	-22.6 	14    	33.6     	231   	26.2       	21.1       	7931      	-41.4
1808      	17:37:02  	383.0 	-22.6 	14    	33.7     	231   	26.3       	21.0       	7939      	-41.4
1810      	17:37:04  	382.6 	-22.7 	14    	33.6     	232   	26.3       	20.9       	7946      	-41.4
1812      	17:37:06  	382.2 	-22.8 	14    	33.6     	232   	26.4       	20.8       	7954      	-41.4
1814      	17:37:08  	381.8 	-22.8 	14    	33.6     	232   	26.5       	20.7       	7961      	-41.5
1816      	17:37:10  	381.4 	-22.9 	14    	33.6     	232   	26.6       	20.5       	7969      	-41.5
1818      	17:37:12  	381.0 	-23.0 	14    	33.6     	233   	26.7       	20.4       	7977      	-41.6
1820      	17:37:14  	380.5 	-23.1 	14    	33.6     	233   	26.8       	20.3       	7986      	-41.6
1822      	17:37:16  	380.1 	-23.1 	14    	33.6     	233   	26.8       	20.3       	7994      	-41.7
1824      	17:37:18  	379.7 	-23.2 	14    	33.6     	233   	26.9       	20.2       	8002      	-41.8
1826      	17:37:20  	379.3 	-23.3 	14    	33.7     	233   	27.0       	20.2       	8010      	-41.8
1828      	17:37:22  	378.9 	-23.3 	14    	33.7     	233   	27.1       	20.1       	8017      	-41.9
1830      	17:37:24  	378.5 	-23.4 	14    	33.8     	234   	27.2       	20.0       	8025      	-42.0
1832      	17:37:26  	378.1 	-23.4 	14    	33.8     	234   	27.3       	20.0       	8033      	-42.0
1834      	17:37:28  	377.7 	-23.5 	14    	33.9     	234   	27.4       	20.0       	8041      	-42.1
1836      	17:37:30  	377.2 	-23.5 	14    	33.9     	234   	27.4       	20.0       	8049      	-42.1
1838      	17:37:32  	376.8 	-23.6 	14    	34.0     	234   	27.6       	19.9       	8057      	-42.2
1840      	17:37:34  	376.4 	-23.6 	14    	34.1     	235   	27.8       	19.8       	8065      	-42.2
1842      	17:37:36  	376.0 	-23.7 	14    	34.3     	235   	28.0       	19.8       	8073      	-42.2
1844      	17:37:38  	375.6 	-23.8 	14    	34.3     	235   	28.1       	19.7       	8081      	-42.2
1846      	17:37:40  	375.2 	-23.8 	14    	34.5     	235   	28.3       	19.7       	8089      	-42.3
1848      	17:37:42  	374.8 	-23.9 	14    	34.5     	235   	28.4       	19.6       	8097      	-42.3
1850      	17:37:44  	374.4 	-23.9 	14    	34.6     	235   	28.5       	19.6       	8104      	-42.4
1852      	17:37:46  	374.0 	-24.0 	14    	34.8     	236   	28.8       	19.5       	8112      	-42.4
1854      	17:37:48  	373.6 	-24.1 	14    	34.8     	236   	29.0       	19.3       	8120      	-42.5
1856      	17:37:50  	373.2 	-24.1 	14    	34.9     	237   	29.2       	19.2       	8128      	-42.6
1858      	17:37:52  	372.8 	-24.2 	14    	35.0     	237   	29.3       	19.1       	8136      	-42.6
1860      	17:37:54  	372.3 	-24.2 	14    	35.1     	237   	29.5       	19.0       	8144      	-42.7
1862      	17:37:56  	371.9 	-24.3 	14    	35.3     	238   	29.9       	18.8       	8153      	-42.8
1864      	17:37:58  	371.5 	-24.3 	14    	35.6     	239   	30.4       	18.5       	8161      	-42.9
1866      	17:38:00  	371.1 	-24.4 	13    	35.8     	239   	30.8       	18.3       	8169      	-43.0
1868      	17:38:02  	370.7 	-24.4 	13    	36.1     	240   	31.2       	18.1       	8176      	-43.2
1870      	17:38:04  	370.3 	-24.4 	13    	36.3     	241   	31.6       	17.8       	8184      	-43.3
1872      	17:38:06  	369.9 	-24.4 	13    	36.5     	241   	31.9       	17.7       	8192      	-43.5
1874      	17:38:08  	369.5 	-24.5 	13    	36.7     	242   	32.3       	17.5       	8200      	-43.6
1876      	17:38:10  	369.1 	-24.5 	12    	36.9     	242   	32.6       	17.3       	8207      	-43.8
1878      	17:38:12  	368.7 	-24.5 	12    	37.1     	242   	32.9       	17.2       	8215      	-44.0
1880      	17:38:14  	368.4 	-24.5 	12    	37.3     	243   	33.2       	17.1       	8223      	-44.1
1882      	17:38:16  	368.0 	-24.5 	12    	37.3     	243   	33.2       	17.1       	8231      	-44.3
1884      	17:38:18  	367.6 	-24.5 	12    	37.3     	243   	33.2       	17.1       	8238      	-44.4
1886      	17:38:20  	367.2 	-24.5 	11    	37.3     	243   	33.2       	17.1       	8246      	-44.6
1888      	17:38:22  	366.8 	-24.5 	11    	37.7     	243   	33.6       	17.2       	8254      	-44.8
1890      	17:38:24  	366.4 	-24.6 	11    	38.3     	243   	34.1       	17.4       	8262      	-45.0
1892      	17:38:26  	366.0 	-24.6 	11    	38.7     	243   	34.5       	17.6       	8269      	-45.1
1894      	17:38:28  	365.6 	-24.7 	11    	39.3     	243   	35.0       	17.8       	8277      	-45.3
1896      	17:38:30  	365.2 	-24.7 	11    	39.8     	243   	35.5       	18.0       	8285      	-45.4
1898      	17:38:32  	364.8 	-24.7 	10    	40.3     	243   	36.0       	18.2       	8293      	-45.5
1900      	17:38:34  	364.5 	-24.8 	10    	40.9     	243   	36.5       	18.4       	8300      	-45.6
1902      	17:38:36  	364.1 	-24.8 	10    	41.4     	243   	37.0       	18.6       	8308      	-45.7
1904      	17:38:38  	363.7 	-24.9 	10    	41.8     	243   	37.4       	18.7       	8316      	-46.0
1906      	17:38:40  	363.3 	-24.9 	10    	42.4     	243   	37.9       	18.9       	8324      	-46.2
1908      	17:38:42  	362.9 	-25.0 	10    	42.5     	243   	38.0       	19.0       	8332      	-46.4
1910      	17:38:44  	362.5 	-25.0 	9     	42.6     	243   	38.1       	19.0       	8340      	-46.7
1912      	17:38:46  	362.0 	-25.1 	9     	42.7     	244   	38.2       	19.0       	8348      	-46.8
1914      	17:38:48  	361.6 	-25.1 	9     	42.8     	243   	38.3       	19.1       	8357      	-47.2
1916      	17:38:50  	361.2 	-25.1 	9     	42.9     	244   	38.4       	19.1       	8365      	-47.4
1918      	17:38:52  	360.8 	-25.1 	9     	43.1     	244   	38.6       	19.1       	8374      	-47.5
1920      	17:38:54  	360.4 	-25.2 	8     	43.2     	244   	38.7       	19.2       	8382      	-47.7
1922      	17:38:56  	359.9 	-25.2 	8     	43.3     	244   	38.8       	19.2       	8391      	-48.0
1924      	17:38:58  	359.5 	-25.3 	8     	43.5     	244   	39.0       	19.2       	8399      	-48.2
1926      	17:39:00  	359.1 	-25.3 	8     	43.6     	244   	39.1       	19.3       	8408      	-48.3
1928      	17:39:02  	358.7 	-25.4 	8     	43.7     	244   	39.2       	19.3       	8416      	-48.5
1930      	17:39:04  	358.3 	-25.4 	8     	43.8     	244   	39.3       	19.3       	8425      	-48.7
1932      	17:39:06  	357.8 	-25.5 	8     	43.8     	244   	39.3       	19.3       	8433      	-48.7
1934      	17:39:08  	357.4 	-25.6 	8     	43.8     	244   	39.3       	19.3       	8442      	-48.8
1936      	17:39:10  	357.0 	-25.6 	8     	43.8     	244   	39.3       	19.3       	8450      	-48.9
1938      	17:39:12  	356.6 	-25.7 	8     	43.8     	244   	39.3       	19.3       	8458      	-49.0
1940      	17:39:14  	356.2 	-25.7 	7     	43.8     	244   	39.3       	19.3       	8466      	-49.1
1942      	17:39:16  	355.8 	-25.8 	7     	43.8     	244   	39.3       	19.3       	8475      	-49.2
1944      	17:39:18  	355.4 	-25.8 	7     	43.8     	244   	39.3       	19.3       	8483      	-49.3
1946      	17:39:20  	355.0 	-25.9 	7     	43.8     	244   	39.3       	19.3       	8491      	-49.4
1948      	17:39:22  	354.6 	-25.9 	7     	43.8     	244   	39.3       	19.3       	8499      	-49.4
1950      	17:39:24  	354.2 	-26.0 	7     	43.8     	244   	39.3       	19.3       	8507      	-49.4
1952      	17:39:26  	353.8 	-26.0 	7     	43.8     	244   	39.3       	19.3       	8515      	-49.4
1954      	17:39:28  	353.4 	-26.1 	7     	43.8     	244   	39.3       	19.3       	8523      	-49.5
1956      	17:39:30  	353.0 	-26.1 	7     	43.8     	244   	39.3       	19.3       	8532      	-49.5
1958      	17:39:32  	352.6 	-26.1 	7     	44.1     	244   	39.6       	19.3       	8540      	-49.5
1960      	17:39:34  	352.2 	-26.2 	7     	44.3     	244   	39.9       	19.3       	8549      	-49.5
1962      	17:39:36  	351.8 	-26.2 	7     	44.6     	244   	40.2       	19.3       	8557      	-49.5
1964      	17:39:38  	351.4 	-26.2 	7     	44.9     	245   	40.5       	19.3       	8565      	-49.5
1966      	17:39:40  	351.0 	-26.2 	8     	45.1     	245   	40.8       	19.3       	8573      	-49.3
1968      	17:39:42  	350.6 	-26.2 	8     	45.5     	245   	41.2       	19.3       	8582      	-49.2
1970      	17:39:44  	350.2 	-26.2 	8     	45.8     	245   	41.5       	19.3       	8590      	-48.9
1972      	17:39:46  	349.8 	-26.2 	8     	46.0     	245   	41.8       	19.3       	8598      	-49.0
1974      	17:39:48  	349.4 	-26.3 	8     	46.3     	245   	42.1       	19.2       	8606      	-48.9
1976      	17:39:50  	349.0 	-26.3 	9     	46.5     	246   	42.4       	19.2       	8615      	-48.3
1978      	17:39:52  	348.6 	-26.3 	9     	46.5     	246   	42.4       	19.2       	8623      	-48.0
1980      	17:39:54  	348.2 	-26.3 	9     	46.5     	246   	42.4       	19.2       	8632      	-47.8
1982      	17:39:56  	347.8 	-26.4 	10    	46.5     	246   	42.4       	19.2       	8640      	-47.6
1984      	17:39:58  	347.3 	-26.4 	10    	46.7     	246   	42.5       	19.3       	8649      	-47.4
1986      	17:40:00  	346.9 	-26.5 	10    	47.3     	246   	43.1       	19.5       	8657      	-47.3
1988      	17:40:02  	346.5 	-26.5 	10    	47.9     	246   	43.6       	19.8       	8665      	-47.1
1990      	17:40:04  	346.1 	-26.6 	11    	48.4     	246   	44.1       	20.0       	8674      	-46.4
1992      	17:40:06  	345.7 	-26.6 	11    	49.0     	246   	44.6       	20.3       	8682      	-46.3
1994      	17:40:08  	345.3 	-26.7 	12    	49.5     	246   	45.1       	20.5       	8691      	-46.2
1996      	17:40:10  	344.9 	-26.8 	12    	50.2     	246   	45.7       	20.8       	8699      	-46.0
1998      	17:40:12  	344.5 	-26.8 	12    	50.7     	246   	46.2       	21.0       	8708      	-46.0
2000      	17:40:14  	344.1 	-26.9 	13    	51.3     	245   	46.7       	21.3       	8716      	-45.6
2002      	17:40:16  	343.7 	-27.0 	13    	51.9     	246   	47.2       	21.5       	8725      	-45.5
2004      	17:40:18  	343.3 	-27.0 	13    	52.3     	245   	47.6       	21.7       	8733      	-45.3
2006      	17:40:20  	342.9 	-27.1 	14    	52.3     	245   	47.6       	21.7       	8742      	-45.2
2008      	17:40:22  	342.5 	-27.1 	14    	52.3     	245   	47.6       	21.7       	8750      	-44.9
2010      	17:40:24  	342.1 	-27.1 	15    	52.3     	245   	47.6       	21.7       	8757      	-44.7
2012      	17:40:26  	341.8 	-27.2 	15    	52.3     	245   	47.6       	21.7       	8765      	-44.5
2014      	17:40:28  	341.4 	-27.2 	15    	52.3     	245   	47.6       	21.7       	8773      	-44.4
2016      	17:40:30  	341.0 	-27.3 	16    	52.3     	245   	47.6       	21.7       	8781      	-44.3
2018      	17:40:32  	340.6 	-27.3 	16    	52.3     	245   	47.6       	21.7       	8789      	-44.2
2020      	17:40:34  	340.3 	-27.4 	16    	52.3     	245   	47.6       	21.7       	8797      	-44.2
2022      	17:40:36  	339.9 	-27.4 	16    	52.3     	245   	47.6       	21.7       	8805      	-44.3
2024      	17:40:38  	339.5 	-27.5 	16    	52.3     	245   	47.6       	21.7       	8814      	-44.3
2026      	17:40:40  	339.1 	-27.5 	16    	52.3     	245   	47.6       	21.7       	8822      	-44.2
2028      	17:40:42  	338.7 	-27.6 	16    	52.4     	245   	47.7       	21.8       	8830      	-44.1
2030      	17:40:44  	338.3 	-27.6 	16    	52.6     	245   	47.8       	22.0       	8838      	-44.2
2032      	17:40:46  	338.0 	-27.7 	16    	52.8     	245   	47.9       	22.1       	8846      	-44.3
2034      	17:40:48  	337.6 	-27.8 	16    	52.9     	245   	48.0       	22.2       	8854      	-44.4
2036      	17:40:50  	337.2 	-27.9 	16    	53.1     	245   	48.1       	22.4       	8862      	-44.5
2038      	17:40:52  	336.8 	-28.0 	16    	53.1     	245   	48.1       	22.5       	8870      	-44.6
2040      	17:40:54  	336.4 	-28.1 	16    	53.3     	245   	48.2       	22.7       	8878      	-44.6
2042      	17:40:56  	336.1 	-28.2 	16    	53.4     	245   	48.3       	22.8       	8886      	-44.9
2044      	17:40:58  	335.7 	-28.2 	16    	53.5     	245   	48.4       	22.9       	8894      	-45.1
2046      	17:41:00  	335.3 	-28.3 	16    	53.7     	245   	48.5       	23.1       	8903      	-45.0
2048      	17:41:02  	334.9 	-28.4 	16    	53.7     	245   	48.5       	23.1       	8911      	-44.8
2050      	17:41:04  	334.5 	-28.4 	17    	53.7     	245   	48.5       	23.1       	8919      	-44.5
2052      	17:41:06  	334.2 	-28.5 	18    	53.7     	245   	48.5       	23.1       	8927      	-44.2
2054      	17:41:08  	333.8 	-28.6 	19    	53.7     	245   	48.5       	23.1       	8935      	-43.9
2056      	17:41:10  	333.4 	-28.7 	19    	53.7     	245   	48.5       	23.1       	8943      	-43.6
2058      	17:41:12  	333.0 	-28.7 	21    	53.7     	245   	48.5       	23.1       	8951      	-43.0
2060      	17:41:14  	332.7 	-28.8 	22    	53.7     	245   	48.5       	23.1       	8959      	-42.7
2062      	17:41:16  	332.3 	-28.9 	22    	53.7     	245   	48.5       	23.1       	8967      	-42.6
2064      	17:41:18  	331.9 	-28.9 	22    	53.7     	245   	48.5       	23.1       	8975      	-42.6
2066      	17:41:20  	331.6 	-29.0 	22    	53.7     	245   	48.5       	23.1       	8983      	-42.7
2068      	17:41:22  	331.2 	-29.1 	23    	53.7     	245   	48.5       	23.1       	8991      	-42.7
2070      	17:41:24  	330.8 	-29.1 	22    	53.8     	244   	48.5       	23.2       	8998      	-42.8
2072      	17:41:26  	330.5 	-29.2 	23    	53.8     	244   	48.5       	23.4       	9006      	-42.8
2074      	17:41:28  	330.1 	-29.2 	23    	53.9     	244   	48.5       	23.6       	9014      	-42.8
2076      	17:41:30  	329.8 	-29.3 	23    	54.1     	244   	48.6       	23.8       	9022      	-42.9
2078      	17:41:32  	329.4 	-29.4 	23    	54.2     	244   	48.6       	24.0       	9029      	-42.9
2080      	17:41:34  	329.1 	-29.5 	22    	54.3     	244   	48.6       	24.2       	9036      	-43.1
2082      	17:41:36  	328.8 	-29.5 	22    	54.4     	243   	48.6       	24.4       	9043      	-43.3
2084      	17:41:38  	328.4 	-29.5 	22    	54.5     	243   	48.6       	24.6       	9051      	-43.4
2086      	17:41:40  	328.1 	-29.5 	21    	54.6     	243   	48.6       	24.8       	9058      	-43.6
2088      	17:41:42  	327.8 	-29.6 	21    	54.7     	243   	48.6       	25.0       	9065      	-43.8
2090      	17:41:44  	327.4 	-29.6 	21    	54.7     	243   	48.6       	25.1       	9072      	-44.0
2092      	17:41:46  	327.1 	-29.7 	20    	54.7     	243   	48.6       	25.1       	9080      	-44.1
2094      	17:41:48  	326.8 	-29.7 	20    	54.7     	243   	48.6       	25.1       	9087      	-44.3
2096      	17:41:50  	326.4 	-29.7 	20    	54.7     	243   	48.6       	25.1       	9094      	-44.3
2098      	17:41:52  	326.1 	-29.7 	20    	54.7     	243   	48.6       	25.1       	9101      	-44.4
2100      	17:41:54  	325.8 	-29.8 	20    	54.7     	243   	48.6       	25.1       	9108      	-44.5
2102      	17:41:56  	325.4 	-29.8 	20    	54.7     	243   	48.6       	25.1       	9116      	-44.6
2104      	17:41:58  	325.1 	-29.8 	20    	54.7     	243   	48.6       	25.1       	9124      	-44.6
2106      	17:42:00  	324.7 	-29.8 	20    	54.7     	243   	48.6       	25.1       	9132      	-44.6
2108      	17:42:02  	324.3 	-29.9 	20    	54.7     	243   	48.6       	25.1       	9140      	-44.7
2110      	17:42:04  	324.0 	-30.0 	20    	54.7     	243   	48.6       	25.1       	9148      	-44.7
2112      	17:42:06  	323.6 	-30.1 	20    	54.7     	243   	48.6       	25.1       	9157      	-44.8
2114      	17:42:08  	323.3 	-30.2 	20    	54.7     	242   	48.5       	25.3       	9165      	-44.9
2116      	17:42:10  	322.9 	-30.2 	20    	54.8     	242   	48.4       	25.6       	9172      	-44.9
2118      	17:42:12  	322.6 	-30.4 	20    	54.7     	242   	48.2       	25.8       	9178      	-45.0
2120      	17:42:14  	322.3 	-30.5 	20    	54.7     	242   	48.1       	26.1       	9185      	-45.0
2122      	17:42:16  	322.0 	-30.6 	20    	54.7     	241   	47.9       	26.4       	9192      	-45.0
2124      	17:42:18  	321.7 	-30.7 	20    	54.8     	241   	47.8       	26.7       	9199      	-45.1
2126      	17:42:20  	321.3 	-30.7 	20    	54.7     	241   	47.6       	26.9       	9206      	-45.1
2128      	17:42:22  	321.0 	-30.8 	20    	54.7     	240   	47.5       	27.2       	9213      	-45.2
2130      	17:42:24  	320.7 	-30.9 	20    	54.7     	240   	47.3       	27.5       	9220      	-45.2
2132      	17:42:26  	320.4 	-31.0 	20    	54.8     	240   	47.2       	27.8       	9227      	-45.3
2134      	17:42:28  	320.0 	-31.0 	20    	54.7     	239   	47.1       	27.8       	9235      	-45.3
2136      	17:42:30  	319.7 	-31.1 	20    	54.7     	239   	47.1       	27.8       	9242      	-45.4
2138      	17:42:32  	319.4 	-31.2 	20    	54.7     	239   	47.1       	27.8       	9249      	-45.4
2140      	17:42:34  	319.1 	-31.2 	21    	54.7     	239   	47.1       	27.8       	9256      	-45.4
2142      	17:42:36  	318.7 	-31.3 	21    	54.7     	239   	47.1       	27.8       	9263      	-45.4
2144      	17:42:38  	318.4 	-31.3 	21    	54.7     	239   	47.1       	27.8       	9271      	-45.4
2146      	17:42:40  	318.1 	-31.4 	21    	54.7     	239   	47.1       	27.8       	9278      	-45.4
2148      	17:42:42  	317.8 	-31.4 	21    	54.7     	239   	47.1       	27.8       	9285      	-45.5
2150      	17:42:44  	317.5 	-31.5 	21    	54.7     	239   	47.1       	27.8       	9292      	-45.5
2152      	17:42:46  	317.1 	-31.5 	21    	54.7     	239   	47.1       	27.8       	9299      	-45.5
2154      	17:42:48  	316.8 	-31.6 	21    	54.7     	239   	47.1       	27.8       	9307      	-45.6
2156      	17:42:50  	316.5 	-31.6 	21    	54.7     	239   	47.1       	27.8       	9314      	-45.6
2158      	17:42:52  	316.2 	-31.6 	21    	54.7     	239   	47.1       	27.8       	9321      	-45.6
2160      	17:42:54  	315.8 	-31.7 	21    	54.7     	239   	47.1       	27.8       	9328      	-45.7
2162      	17:42:56  	315.5 	-31.7 	21    	54.7     	239   	47.1       	27.8       	9335      	-45.7
2164      	17:42:58  	315.2 	-31.8 	21    	54.7     	239   	47.1       	27.8       	9342      	-45.8
2166      	17:43:00  	314.9 	-31.8 	21    	54.7     	239   	47.1       	27.8       	9349      	-45.8
2168      	17:43:02  	314.6 	-31.9 	21    	54.7     	239   	47.1       	27.8       	9355      	-45.9
2170      	17:43:04  	314.3 	-32.0 	21    	54.7     	239   	47.1       	27.8       	9362      	-46.0
2172      	17:43:06  	314.0 	-32.1 	21    	54.7     	239   	47.1       	27.8       	9369      	-46.0
2174      	17:43:08  	313.7 	-32.1 	21    	54.7     	239   	47.1       	27.8       	9376      	-46.0
2176      	17:43:10  	313.4 	-32.1 	21    	54.7     	239   	47.1       	27.8       	9383      	-46.1
2178      	17:43:12  	313.1 	-32.2 	21    	54.7     	239   	47.1       	27.8       	9389      	-46.0
2180      	17:43:14  	312.8 	-32.3 	22    	54.7     	239   	47.1       	27.9       	9396      	-45.9
2182      	17:43:16  	312.5 	-32.3 	22    	54.7     	239   	47.0       	27.9       	9403      	-45.9
2184      	17:43:18  	312.2 	-32.4 	22    	54.6     	239   	46.9       	28.0       	9409      	-45.8
2186      	17:43:20  	312.0 	-32.5 	22    	54.6     	239   	46.8       	28.1       	9416      	-45.8
2188      	17:43:22  	311.7 	-32.6 	23    	54.5     	239   	46.7       	28.1       	9422      	-45.7
2190      	17:43:24  	311.4 	-32.6 	23    	54.5     	239   	46.6       	28.2       	9429      	-45.7
2192      	17:43:26  	311.1 	-32.7 	23    	54.4     	239   	46.5       	28.3       	9435      	-45.8
2194      	17:43:28  	310.8 	-32.8 	23    	54.3     	239   	46.4       	28.3       	9441      	-45.8
2196      	17:43:30  	310.5 	-32.8 	23    	54.3     	238   	46.3       	28.4       	9448      	-45.8
2198      	17:43:32  	310.2 	-32.9 	23    	54.3     	238   	46.2       	28.5       	9454      	-45.8
2200      	17:43:34  	310.0 	-33.0 	24    	54.3     	238   	46.2       	28.5       	9461      	-45.8
2202      	17:43:36  	309.7 	-33.0 	24    	54.3     	238   	46.2       	28.5       	9467      	-45.8
2204      	17:43:38  	309.4 	-33.1 	24    	54.3     	238   	46.2       	28.5       	9474      	-45.9
2206      	17:43:40  	309.1 	-33.2 	24    	54.3     	238   	46.2       	28.5       	9480      	-45.9
2208      	17:43:42  	308.8 	-33.2 	24    	54.3     	238   	46.2       	28.5       	9487      	-46.0
2210      	17:43:44  	308.5 	-33.3 	24    	54.3     	238   	46.2       	28.5       	9493      	-45.9
2212      	17:43:46  	308.3 	-33.4 	24    	54.3     	238   	46.2       	28.5       	9499      	-46.0
2214      	17:43:48  	308.0 	-33.4 	24    	54.3     	238   	46.2       	28.5       	9506      	-46.0
2216      	17:43:50  	307.7 	-33.5 	24    	54.3     	238   	46.2       	28.5       	9512      	-46.1
2218      	17:43:52  	307.4 	-33.6 	24    	54.3     	238   	46.2       	28.5       	9518      	-46.1
2220      	17:43:54  	307.2 	-33.6 	24    	54.3     	238   	46.2       	28.5       	9525      	-46.1
2222      	17:43:56  	306.9 	-33.7 	25    	54.1     	238   	46.0       	28.4       	9531      	-46.1
2224      	17:43:58  	306.6 	-33.7 	25    	53.8     	238   	45.8       	28.3       	9537      	-46.1
2226      	17:44:00  	306.3 	-33.8 	25    	53.6     	238   	45.6       	28.2       	9543      	-46.1
2228      	17:44:02  	306.1 	-33.8 	25    	53.3     	238   	45.4       	28.0       	9550      	-46.2
2230      	17:44:04  	305.8 	-33.9 	25    	53.0     	238   	45.1       	27.9       	9556      	-46.2
2232      	17:44:06  	305.5 	-34.0 	25    	52.8     	238   	44.9       	27.8       	9562      	-46.3
2234      	17:44:08  	305.3 	-34.0 	25    	52.6     	238   	44.7       	27.7       	9568      	-46.3
2236      	17:44:10  	305.0 	-34.1 	25    	52.3     	238   	44.5       	27.5       	9574      	-46.2
2238      	17:44:12  	304.7 	-34.1 	26    	52.1     	238   	44.3       	27.4       	9580      	-46.1
2240      	17:44:14  	304.5 	-34.2 	26    	51.8     	238   	44.0       	27.3       	9585      	-46.1
2242      	17:44:16  	304.2 	-34.2 	26    	51.7     	238   	44.0       	27.2       	9591      	-46.2
2244      	17:44:18  	304.0 	-34.3 	26    	51.9     	238   	44.1       	27.3       	9597      	-46.0
2246      	17:44:20  	303.7 	-34.4 	27    	52.1     	238   	44.3       	27.5       	9603      	-46.0
2248      	17:44:22  	303.5 	-34.4 	27    	52.4     	238   	44.5       	27.7       	9609      	-45.9
2250      	17:44:24  	303.2 	-34.5 	27    	52.7     	238   	44.7       	27.9       	9615      	-46.1
2252      	17:44:26  	303.0 	-34.6 	27    	53.0     	238   	44.9       	28.1       	9621      	-46.1
2254      	17:44:28  	302.7 	-34.6 	27    	53.2     	238   	45.1       	28.3       	9627      	-46.0
2256      	17:44:30  	302.4 	-34.7 	27    	53.5     	238   	45.3       	28.5       	9633      	-46.0
2258      	17:44:32  	302.2 	-34.7 	28    	53.8     	238   	45.5       	28.7       	9639      	-46.1
2260      	17:44:34  	301.9 	-34.8 	28    	54.1     	238   	45.7       	28.9       	9645      	-46.0
2262      	17:44:36  	301.7 	-34.9 	28    	54.3     	238   	45.9       	29.1       	9651      	-46.1
2264      	17:44:38  	301.4 	-35.0 	28    	54.5     	238   	46.0       	29.2       	9658      	-46.2
2266      	17:44:40  	301.0 	-35.0 	28    	54.5     	238   	46.0       	29.2       	9665      	-46.2
2268      	17:44:42  	300.7 	-35.1 	28    	54.5     	238   	46.0       	29.2       	9672      	-46.3
2270      	17:44:44  	300.5 	-35.2 	28    	54.5     	238   	46.0       	29.2       	9679      	-46.3
2272      	17:44:46  	300.2 	-35.3 	28    	54.5     	238   	46.0       	29.2       	9685      	-46.3
2274      	17:44:48  	299.9 	-35.3 	28    	54.5     	238   	46.0       	29.2       	9691      	-46.4
2276      	17:44:50  	299.7 	-35.4 	28    	54.5     	238   	46.0       	29.2       	9697      	-46.5
2278      	17:44:52  	299.4 	-35.5 	28    	54.4     	238   	46.0       	29.1       	9703      	-46.5
2280      	17:44:54  	299.2 	-35.6 	28    	54.2     	238   	45.9       	28.9       	9709      	-46.6
2282      	17:44:56  	298.9 	-35.6 	28    	54.2     	238   	45.9       	28.8       	9715      	-46.6
2284      	17:44:58  	298.6 	-35.7 	28    	54.0     	238   	45.8       	28.7       	9721      	-46.6
2286      	17:45:00  	298.4 	-35.7 	29    	53.9     	238   	45.8       	28.5       	9727      	-46.6
2288      	17:45:02  	298.1 	-35.7 	29    	53.8     	238   	45.7       	28.4       	9732      	-46.6
2290      	17:45:04  	297.9 	-35.8 	29    	53.8     	238   	45.7       	28.3       	9738      	-46.6
2292      	17:45:06  	297.6 	-35.8 	29    	53.6     	238   	45.6       	28.2       	9744      	-46.6
2294      	17:45:08  	297.4 	-35.9 	29    	53.5     	238   	45.6       	28.0       	9750      	-46.6
2296      	17:45:10  	297.1 	-35.9 	30    	53.4     	238   	45.5       	27.9       	9756      	-46.5
2298      	17:45:12  	296.9 	-35.9 	30    	53.4     	238   	45.5       	27.9       	9762      	-46.5
2300      	17:45:14  	296.6 	-35.9 	30    	53.4     	238   	45.5       	27.9       	9768      	-46.5
2302      	17:45:16  	296.3 	-36.0 	30    	53.4     	238   	45.5       	27.9       	9774      	-46.4
2304      	17:45:18  	296.1 	-36.0 	30    	53.4     	238   	45.5       	27.9       	9781      	-46.5
2306      	17:45:20  	295.8 	-36.1 	30    	53.4     	238   	45.5       	27.9       	9787      	-46.5
2308      	17:45:22  	295.5 	-36.2 	30    	53.4     	238   	45.5       	27.9       	9793      	-46.6
2310      	17:45:24  	295.3 	-36.2 	30    	53.4     	238   	45.5       	27.9       	9800      	-46.7
2312      	17:45:26  	295.0 	-36.3 	30    	53.4     	238   	45.5       	27.9       	9806      	-46.8
2314      	17:45:28  	294.7 	-36.3 	30    	53.4     	238   	45.5       	27.9       	9812      	-46.8
2316      	17:45:30  	294.5 	-36.3 	30    	53.4     	238   	45.5       	27.9       	9819      	-46.8
2318      	17:45:32  	294.2 	-36.4 	30    	53.4     	238   	45.5       	27.9       	9825      	-46.8
2320      	17:45:34  	293.9 	-36.5 	30    	53.3     	239   	45.5       	27.8       	9832      	-46.9
2322      	17:45:36  	293.6 	-36.5 	30    	53.0     	239   	45.5       	27.2       	9838      	-46.9
2324      	17:45:38  	293.4 	-36.6 	30    	52.8     	240   	45.6       	26.6       	9844      	-47.0
2326      	17:45:40  	293.1 	-36.6 	30    	52.5     	240   	45.6       	26.0       	9851      	-47.1
2328      	17:45:42  	292.8 	-36.6 	30    	52.3     	241   	45.7       	25.4       	9857      	-47.2
2330      	17:45:44  	292.6 	-36.7 	28    	52.0     	241   	45.7       	24.9       	9864      	-47.6
2332      	17:45:46  	292.3 	-36.7 	28    	51.8     	242   	45.7       	24.3       	9870      	-47.8
2334      	17:45:48  	292.0 	-36.7 	28    	51.6     	243   	45.8       	23.7       	9876      	-47.9
2336      	17:45:50  	291.8 	-36.7 	27    	51.3     	243   	45.8       	23.1       	9882      	-48.0
2338      	17:45:52  	291.5 	-36.8 	26    	51.0     	244   	45.8       	22.5       	9888      	-48.3
2340      	17:45:54  	291.3 	-36.8 	26    	50.9     	244   	45.9       	21.9       	9893      	-48.3
2342      	17:45:56  	291.0 	-36.8 	26    	50.9     	244   	45.9       	21.9       	9899      	-48.3
2344      	17:45:58  	290.8 	-36.9 	26    	50.9     	244   	45.9       	21.9       	9906      	-48.4
2346      	17:46:00  	290.5 	-36.8 	26    	50.9     	244   	45.9       	21.9       	9913      	-48.5
2348      	17:46:02  	290.2 	-36.9 	26    	50.9     	244   	45.9       	21.9       	9920      	-48.6
2350      	17:46:04  	289.9 	-36.9 	25    	50.9     	244   	45.9       	21.9       	9926      	-48.8
2352      	17:46:06  	289.6 	-36.9 	25    	50.9     	244   	45.9       	21.9       	9933      	-48.9
2354      	17:46:08  	289.4 	-36.9 	24    	50.9     	244   	45.9       	21.9       	9940      	-49.2
2356      	17:46:10  	289.1 	-36.9 	24    	50.9     	244   	45.9       	21.9       	9946      	-49.3
2358      	17:46:12  	288.8 	-36.9 	23    	50.9     	244   	45.9       	21.9       	9953      	-49.4
2360      	17:46:14  	288.5 	-37.0 	23    	50.9     	244   	45.9       	21.9       	9960      	-49.5
2362      	17:46:16  	288.2 	-37.0 	23    	50.9     	244   	45.9       	21.9       	9967      	-49.6
2364      	17:46:18  	288.0 	-37.0 	23    	50.9     	244   	45.9       	21.9       	9973      	-49.7
2366      	17:46:20  	287.7 	-37.0 	23    	50.9     	244   	45.9       	21.9       	9980      	-49.7
2368      	17:46:22  	287.4 	-37.0 	23    	50.9     	244   	45.9       	21.9       	9986      	-49.7
2370      	17:46:24  	287.2 	-37.1 	23    	50.9     	244   	45.9       	21.9       	9992      	-49.7
2372      	17:46:26  	286.9 	-37.1 	23    	50.9     	244   	45.9       	21.9       	9998      	-49.7
2374      	17:46:28  	286.7 	-37.1 	23    	50.9     	244   	45.9       	21.9       	10004     	-49.7
2376      	17:46:30  	286.4 	-37.1 	23    	51.0     	245   	46.1       	21.8       	10011     	-49.6
2378      	17:46:32  	286.1 	-37.1 	23    	51.2     	245   	46.5       	21.4       	10017     	-49.6
2380      	17:46:34  	285.9 	-37.1 	23    	51.4     	246   	46.9       	21.1       	10024     	-49.6
2382      	17:46:36  	285.6 	-37.2 	23    	51.6     	246   	47.3       	20.7       	10031     	-49.7
2384      	17:46:38  	285.3 	-37.2 	23    	51.9     	247   	47.7       	20.4       	10037     	-49.7
2386      	17:46:40  	285.0 	-37.3 	23    	52.1     	247   	48.1       	20.0       	10044     	-49.8
2388      	17:46:42  	284.7 	-37.3 	23    	52.3     	248   	48.5       	19.7       	10051     	-49.9
2390      	17:46:44  	284.5 	-37.3 	23    	52.6     	248   	48.9       	19.4       	10057     	-49.9
2392      	17:46:46  	284.2 	-37.0 	23    	52.8     	249   	49.3       	19.0       	10064     	-49.7
2394      	17:46:48  	283.9 	-37.0 	23    	53.1     	249   	49.7       	18.7       	10071     	-49.8
2396      	17:46:50  	283.6 	-37.0 	23    	53.3     	250   	50.0       	18.5       	10078     	-49.8
2398      	17:46:52  	283.4 	-36.7 	23    	53.3     	250   	50.0       	18.5       	10084     	-49.4
2400      	17:46:54  	283.1 	-36.6 	23    	53.3     	250   	50.0       	18.5       	10091     	-49.3
2402      	17:46:56  	282.8 	-36.7 	23    	53.3     	250   	50.0       	18.5       	10098     	-49.4
2404      	17:46:58  	282.5 	-36.9 	23    	53.3     	250   	50.0       	18.5       	10104     	-49.5
2406      	17:47:00  	282.3 	-37.0 	23    	53.3     	250   	50.0       	18.5       	10111     	-49.6
2408      	17:47:02  	282.0 	-37.0 	23    	53.3     	250   	50.0       	18.5       	10118     	-49.6
2410      	17:47:04  	281.7 	-37.1 	23    	53.3     	250   	50.0       	18.5       	10124     	-49.7
2412      	17:47:06  	281.5 	-37.2 	23    	53.3     	250   	50.0       	18.5       	10131     	-49.7
2414      	17:47:08  	281.2 	-37.2 	23    	53.3     	250   	50.0       	18.5       	10138     	-49.7
2416      	17:47:10  	280.9 	-37.3 	24    	53.3     	250   	50.0       	18.5       	10145     	-49.7
2418      	17:47:12  	280.6 	-37.6 	24    	53.3     	250   	50.0       	18.5       	10152     	-49.9
2420      	17:47:14  	280.3 	-37.6 	24    	53.3     	250   	50.0       	18.5       	10159     	-49.9
2422      	17:47:16  	280.0 	-38.0 	24    	53.3     	250   	50.0       	18.5       	10167     	-50.1
2424      	17:47:18  	279.7 	-38.4 	24    	53.3     	250   	50.0       	18.5       	10174     	-50.4
2426      	17:47:20  	279.4 	-38.4 	25    	53.9     	250   	50.5       	18.7       	10181     	-50.3
2428      	17:47:22  	279.1 	-38.5 	25    	54.4     	250   	51.0       	18.8       	10188     	-50.3
2430      	17:47:24  	278.9 	-38.5 	25    	54.9     	250   	51.5       	18.9       	10195     	-50.3
2432      	17:47:26  	278.6 	-38.6 	25    	55.3     	250   	51.9       	19.0       	10202     	-50.4
2434      	17:47:28  	278.3 	-38.6 	25    	55.8     	250   	52.4       	19.2       	10209     	-50.4
2436      	17:47:30  	278.0 	-38.6 	25    	56.3     	250   	52.9       	19.3       	10216     	-50.4
2438      	17:47:32  	277.7 	-38.7 	25    	56.8     	250   	53.4       	19.4       	10223     	-50.5
2440      	17:47:34  	277.4 	-38.8 	25    	57.3     	250   	53.9       	19.5       	10230     	-50.6
2442      	17:47:36  	277.1 	-38.8 	25    	57.9     	250   	54.4       	19.7       	10237     	-50.6
2444      	17:47:38  	276.9 	-38.9 	25    	58.3     	250   	54.8       	19.8       	10245     	-50.6
2446      	17:47:40  	276.6 	-39.0 	25    	58.3     	250   	54.8       	19.8       	10252     	-50.6
2448      	17:47:42  	276.3 	-39.0 	25    	58.3     	250   	54.8       	19.8       	10259     	-50.6
2450      	17:47:44  	276.0 	-39.1 	26    	58.3     	250   	54.8       	19.8       	10266     	-50.6
2452      	17:47:46  	275.7 	-39.1 	26    	58.3     	250   	54.8       	19.8       	10273     	-50.6
2454      	17:47:48  	275.4 	-39.2 	26    	58.3     	250   	54.8       	19.8       	10280     	-50.6
2456      	17:47:50  	275.1 	-39.2 	26    	58.3     	250   	54.8       	19.8       	10287     	-50.6
2458      	17:47:52  	274.8 	-39.3 	26    	58.3     	250   	54.8       	19.8       	10294     	-50.7
2460      	17:47:54  	274.6 	-39.3 	26    	58.3     	250   	54.8       	19.8       	10301     	-50.8
2462      	17:47:56  	274.3 	-39.4 	26    	58.3     	250   	54.8       	19.8       	10309     	-50.8
2464      	17:47:58  	274.0 	-39.5 	26    	58.3     	250   	54.8       	19.8       	10316     	-50.9
2466      	17:48:00  	273.7 	-39.5 	26    	58.3     	250   	54.8       	19.8       	10323     	-51.0
2468      	17:48:02  	273.4 	-39.6 	26    	58.3     	250   	54.8       	19.8       	10331     	-51.0
2470      	17:48:04  	273.1 	-39.7 	26    	58.3     	250   	54.8       	19.8       	10338     	-51.1
2472      	17:48:06  	272.8 	-39.7 	25    	58.3     	250   	54.8       	19.8       	10345     	-51.2
2474      	17:48:08  	272.5 	-39.8 	25    	58.3     	250   	54.8       	19.8       	10353     	-51.4
2476      	17:48:10  	272.2 	-39.8 	25    	58.3     	250   	54.8       	19.8       	10360     	-51.6
2478      	17:48:12  	271.9 	-39.9 	24    	58.6     	250   	55.1       	19.9       	10368     	-51.9
2480      	17:48:14  	271.6 	-39.9 	23    	58.9     	250   	55.4       	20.1       	10375     	-52.2
2482      	17:48:16  	271.3 	-39.9 	23    	59.2     	250   	55.7       	20.2       	10382     	-52.4
2484      	17:48:18  	271.0 	-40.0 	22    	59.6     	250   	56.0       	20.4       	10390     	-52.6
2486      	17:48:20  	270.8 	-40.0 	22    	59.9     	250   	56.3       	20.5       	10397     	-52.8
2488      	17:48:22  	270.5 	-40.1 	21    	60.3     	250   	56.6       	20.7       	10404     	-53.0
2490      	17:48:24  	270.2 	-40.2 	21    	60.6     	250   	56.9       	20.8       	10411     	-53.1
2492      	17:48:26  	269.9 	-40.2 	21    	61.0     	250   	57.3       	21.0       	10419     	-53.1
2494      	17:48:28  	269.6 	-40.3 	21    	61.3     	250   	57.6       	21.0       	10426     	-53.2
2496      	17:48:30  	269.3 	-40.3 	21    	61.7     	250   	58.0       	21.1       	10433     	-53.2
2498      	17:48:32  	269.0 	-40.4 	21    	61.7     	250   	58.0       	21.0       	10440     	-53.3
2500      	17:48:34  	268.7 	-40.4 	21    	61.7     	250   	58.1       	20.9       	10448     	-53.4
2502      	17:48:36  	268.5 	-40.5 	21    	61.7     	250   	58.1       	20.8       	10455     	-53.5
2504      	17:48:38  	268.2 	-40.5 	21    	61.7     	251   	58.2       	20.6       	10462     	-53.6
2506      	17:48:40  	267.9 	-40.6 	20    	61.8     	251   	58.3       	20.5       	10469     	-53.7
2508      	17:48:42  	267.6 	-40.7 	20    	61.9     	251   	58.4       	20.4       	10476     	-53.9
2510      	17:48:44  	267.3 	-40.7 	20    	62.0     	251   	58.6       	20.3       	10483     	-54.0
2512      	17:48:46  	267.1 	-40.8 	20    	62.1     	251   	58.7       	20.2       	10490     	-54.1
2514      	17:48:48  	266.8 	-40.8 	20    	62.2     	251   	58.8       	20.2       	10498     	-54.2
2516      	17:48:50  	266.5 	-40.9 	20    	62.2     	251   	58.9       	20.1       	10505     	-54.3
2518      	17:48:52  	266.2 	-40.9 	19    	62.2     	251   	58.9       	20.1       	10513     	-54.5
2520      	17:48:54  	265.9 	-41.0 	19    	62.4     	251   	59.0       	20.2       	10520     	-54.6
2522      	17:48:56  	265.6 	-41.0 	19    	62.5     	251   	59.1       	20.3       	10527     	-54.8
2524      	17:48:58  	265.3 	-41.1 	18    	62.5     	251   	59.1       	20.4       	10534     	-55.1
2526      	17:49:00  	265.1 	-41.2 	18    	62.6     	251   	59.1       	20.5       	10542     	-55.3
2528      	17:49:02  	264.8 	-41.2 	17    	62.6     	251   	59.1       	20.6       	10549     	-55.5
2530      	17:49:04  	264.5 	-41.3 	17    	62.6     	251   	59.1       	20.7       	10556     	-55.7
2532      	17:49:06  	264.2 	-41.4 	17    	62.6     	251   	59.0       	20.8       	10564     	-55.9
2534      	17:49:08  	263.9 	-41.4 	17    	62.6     	250   	59.0       	20.9       	10572     	-56.1
2536      	17:49:10  	263.6 	-41.5 	16    	62.5     	250   	58.9       	21.0       	10579     	-56.2
2538      	17:49:12  	263.3 	-41.6 	16    	62.6     	250   	58.9       	21.1       	10587     	-56.3
2540      	17:49:14  	263.0 	-41.6 	16    	62.6     	250   	58.9       	21.1       	10594     	-56.4
2542      	17:49:16  	262.7 	-41.7 	16    	62.5     	250   	58.8       	21.1       	10602     	-56.5
2544      	17:49:18  	262.4 	-41.8 	16    	62.5     	250   	58.8       	21.1       	10610     	-56.6
2546      	17:49:20  	262.1 	-41.8 	16    	62.5     	250   	58.8       	21.1       	10618     	-56.6
2548      	17:49:22  	261.8 	-41.9 	16    	62.5     	250   	58.8       	21.2       	10625     	-56.6
2550      	17:49:24  	261.5 	-42.0 	17    	62.5     	250   	58.8       	21.2       	10633     	-56.6
2552      	17:49:26  	261.2 	-42.1 	17    	62.5     	250   	58.8       	21.3       	10640     	-56.6
2554      	17:49:28  	260.9 	-42.1 	17    	62.6     	250   	58.8       	21.4       	10648     	-56.5
2556      	17:49:30  	260.6 	-42.2 	17    	62.7     	250   	58.9       	21.4       	10656     	-56.5
2558      	17:49:32  	260.3 	-42.3 	18    	62.7     	250   	58.9       	21.5       	10664     	-56.4
2560      	17:49:34  	260.0 	-42.3 	18    	62.8     	250   	59.0       	21.6       	10672     	-56.4
2562      	17:49:36  	259.7 	-42.4 	18    	62.9     	250   	59.0       	21.7       	10679     	-56.3
2564      	17:49:38  	259.4 	-42.5 	18    	63.0     	250   	59.1       	21.8       	10687     	-56.3
2566      	17:49:40  	259.1 	-42.5 	18    	63.0     	250   	59.1       	21.8       	10695     	-56.3
2568      	17:49:42  	258.8 	-42.6 	18    	63.0     	250   	59.1       	21.9       	10703     	-56.3
2570      	17:49:44  	258.5 	-42.7 	19    	63.0     	250   	59.1       	21.9       	10711     	-56.4
2572      	17:49:46  	258.2 	-42.7 	19    	63.2     	250   	59.2       	22.0       	10719     	-56.4
2574      	17:49:48  	257.9 	-42.8 	19    	63.2     	250   	59.2       	22.1       	10727     	-56.4
2576      	17:49:50  	257.6 	-42.9 	19    	63.2     	249   	59.2       	22.2       	10735     	-56.5
2578      	17:49:52  	257.3 	-42.9 	19    	63.3     	249   	59.3       	22.2       	10743     	-56.6
2580      	17:49:54  	257.0 	-43.0 	18    	63.4     	249   	59.3       	22.3       	10751     	-56.7
2582      	17:49:56  	256.7 	-43.1 	18    	63.4     	249   	59.3       	22.3       	10758     	-56.8
2584      	17:49:58  	256.4 	-43.1 	18    	63.5     	249   	59.4       	22.4       	10766     	-57.0
2586      	17:50:00  	256.1 	-43.2 	18    	63.5     	249   	59.4       	22.5       	10774     	-57.2
2588      	17:50:02  	255.8 	-43.3 	18    	63.6     	249   	59.5       	22.6       	10782     	-57.3
2590      	17:50:04  	255.5 	-43.4 	17    	63.7     	249   	59.6       	22.6       	10790     	-57.5
2592      	17:50:06  	255.2 	-43.4 	17    	63.8     	249   	59.6       	22.7       	10798     	-57.7
2594      	17:50:08  	254.9 	-43.5 	17    	63.8     	249   	59.6       	22.7       	10805     	-57.8
2596      	17:50:10  	254.6 	-43.6 	17    	63.9     	249   	59.7       	22.7       	10813     	-57.9
2598      	17:50:12  	254.3 	-43.6 	17    	63.9     	249   	59.7       	22.7       	10821     	-58.0
2600      	17:50:14  	254.0 	-43.7 	17    	64.0     	249   	59.8       	22.7       	10829     	-58.1
2602      	17:50:16  	253.7 	-43.8 	17    	64.0     	249   	59.8       	22.7       	10837     	-58.2
2604      	17:50:18  	253.4 	-43.8 	17    	63.9     	249   	59.8       	22.6       	10845     	-58.2
2606      	17:50:20  	253.1 	-43.9 	17    	63.9     	249   	59.8       	22.6       	10853     	-58.3
2608      	17:50:22  	252.8 	-44.0 	17    	63.9     	249   	59.8       	22.5       	10860     	-58.4
2610      	17:50:24  	252.5 	-44.1 	16    	64.0     	249   	59.9       	22.4       	10868     	-58.5
2612      	17:50:26  	252.3 	-44.1 	16    	64.0     	249   	59.9       	22.4       	10876     	-58.5
2614      	17:50:28  	252.0 	-44.2 	17    	64.0     	250   	60.0       	22.3       	10883     	-58.6
2616      	17:50:30  	251.7 	-44.3 	17    	64.0     	250   	60.0       	22.3       	10891     	-58.6
2618      	17:50:32  	251.4 	-44.3 	17    	64.0     	250   	60.0       	22.2       	10899     	-58.6
2620      	17:50:34  	251.1 	-44.4 	17    	64.1     	250   	60.1       	22.2       	10907     	-58.6
2622      	17:50:36  	250.8 	-44.5 	17    	64.0     	250   	60.1       	22.1       	10915     	-58.6
2624      	17:50:38  	250.5 	-44.5 	17    	64.1     	250   	60.2       	22.0       	10922     	-58.6
2626      	17:50:40  	250.2 	-44.6 	17    	64.0     	250   	60.2       	21.8       	10930     	-58.6
2628      	17:50:42  	249.9 	-44.7 	17    	64.1     	250   	60.3       	21.7       	10938     	-58.6
2630      	17:50:44  	249.6 	-44.8 	18    	64.0     	250   	60.3       	21.5       	10946     	-58.6
2632      	17:50:46  	249.3 	-44.8 	18    	64.0     	250   	60.3       	21.4       	10955     	-58.6
2634      	17:50:48  	249.0 	-44.9 	18    	64.0     	251   	60.4       	21.2       	10963     	-58.6
2636      	17:50:50  	248.7 	-45.0 	18    	64.0     	251   	60.4       	21.1       	10971     	-58.6
2638      	17:50:52  	248.4 	-45.1 	18    	63.9     	251   	60.4       	21.0       	10979     	-58.6
2640      	17:50:54  	248.1 	-45.2 	18    	64.0     	251   	60.5       	20.9       	10987     	-58.6
2642      	17:50:56  	247.8 	-45.2 	19    	64.0     	251   	60.5       	20.9       	10995     	-58.6
2644      	17:50:58  	247.5 	-45.3 	19    	64.1     	251   	60.6       	20.9       	11003     	-58.6
2646      	17:51:00  	247.2 	-45.4 	19    	64.1     	251   	60.6       	20.9       	11011     	-58.6
2648      	17:51:02  	246.9 	-45.5 	19    	64.2     	251   	60.7       	20.9       	11019     	-58.6
2650      	17:51:04  	246.6 	-45.5 	19    	64.3     	251   	60.8       	20.9       	11027     	-58.7
2652      	17:51:06  	246.3 	-45.6 	19    	64.3     	251   	60.8       	20.8       	11034     	-58.8
2654      	17:51:08  	246.0 	-45.7 	19    	64.4     	251   	60.9       	20.8       	11042     	-58.8
2656      	17:51:10  	245.8 	-45.8 	19    	64.4     	251   	61.0       	20.8       	11050     	-58.9
2658      	17:51:12  	245.5 	-45.8 	19    	64.4     	251   	61.0       	20.7       	11058     	-59.0
2660      	17:51:14  	245.2 	-45.9 	19    	64.5     	251   	61.1       	20.7       	11066     	-59.0
2662      	17:51:16  	244.9 	-46.0 	19    	64.6     	251   	61.2       	20.6       	11074     	-59.0
2664      	17:51:18  	244.6 	-46.0 	19    	64.7     	252   	61.4       	20.5       	11082     	-59.0
2666      	17:51:20  	244.3 	-46.1 	19    	64.8     	252   	61.5       	20.4       	11090     	-59.0
2668      	17:51:22  	244.0 	-46.2 	20    	64.9     	252   	61.6       	20.3       	11098     	-59.1
2670      	17:51:24  	243.7 	-46.2 	20    	65.0     	252   	61.7       	20.3       	11107     	-59.1
2672      	17:51:26  	243.4 	-46.3 	20    	64.9     	252   	61.7       	20.2       	11115     	-59.1
2674      	17:51:28  	243.1 	-46.3 	20    	65.1     	252   	61.9       	20.2       	11123     	-59.1
2676      	17:51:30  	242.8 	-46.4 	20    	65.2     	252   	62.0       	20.2       	11131     	-59.1
2678      	17:51:32  	242.5 	-46.5 	20    	65.4     	252   	62.2       	20.3       	11139     	-59.2
2680      	17:51:34  	242.2 	-46.5 	20    	65.5     	252   	62.3       	20.3       	11147     	-59.2
2682      	17:51:36  	241.9 	-46.6 	20    	65.6     	252   	62.4       	20.4       	11155     	-59.2
2684      	17:51:38  	241.6 	-46.7 	20    	65.8     	252   	62.5       	20.5       	11163     	-59.3
2686      	17:51:40  	241.3 	-46.7 	20    	65.9     	252   	62.6       	20.6       	11171     	-59.3
2688      	17:51:42  	241.0 	-46.8 	20    	66.0     	252   	62.7       	20.7       	11180     	-59.4
2690      	17:51:44  	240.7 	-46.8 	20    	66.2     	252   	62.8       	20.9       	11188     	-59.4
2692      	17:51:46  	240.4 	-46.9 	20    	66.3     	251   	62.9       	21.1       	11196     	-59.5
2694      	17:51:48  	240.1 	-46.9 	20    	66.5     	251   	63.0       	21.2       	11205     	-59.5
2696      	17:51:50  	239.8 	-47.0 	20    	66.5     	251   	63.0       	21.3       	11213     	-59.5
2698      	17:51:52  	239.5 	-47.0 	20    	66.5     	251   	63.0       	21.4       	11221     	-59.5
2700      	17:51:54  	239.2 	-47.1 	20    	66.8     	251   	63.2       	21.5       	11230     	-59.6
2702      	17:51:56  	238.9 	-47.2 	20    	66.9     	251   	63.3       	21.7       	11238     	-59.7
2704      	17:51:58  	238.6 	-47.2 	20    	67.0     	251   	63.4       	21.8       	11246     	-59.7
2706      	17:52:00  	238.3 	-47.3 	20    	67.3     	251   	63.6       	22.0       	11255     	-59.8
2708      	17:52:02  	238.0 	-47.3 	20    	67.4     	251   	63.7       	22.0       	11263     	-59.9
2710      	17:52:04  	237.7 	-47.4 	20    	67.5     	251   	63.8       	22.1       	11271     	-60.0
2712      	17:52:06  	237.4 	-47.5 	20    	67.7     	251   	64.0       	22.1       	11279     	-60.1
2714      	17:52:08  	237.1 	-47.5 	20    	67.9     	251   	64.2       	22.1       	11288     	-60.2
2716      	17:52:10  	236.8 	-47.6 	19    	68.2     	251   	64.5       	22.2       	11296     	-60.4
2718      	17:52:12  	236.5 	-47.6 	19    	68.5     	251   	64.8       	22.2       	11304     	-60.5
2720      	17:52:14  	236.2 	-47.7 	19    	68.7     	251   	65.0       	22.2       	11312     	-60.6
2722      	17:52:16  	235.9 	-47.8 	19    	68.8     	251   	65.1       	22.2       	11321     	-60.7
2724      	17:52:18  	235.6 	-47.8 	19    	69.0     	251   	65.3       	22.2       	11329     	-60.8
2726      	17:52:20  	235.3 	-47.9 	19    	69.1     	251   	65.5       	22.1       	11337     	-60.9
2728      	17:52:22  	235.0 	-47.9 	18    	69.3     	251   	65.7       	22.1       	11346     	-61.1
2730      	17:52:24  	234.7 	-48.0 	18    	69.6     	252   	66.0       	22.0       	11355     	-61.2
2732      	17:52:26  	234.4 	-48.1 	18    	69.8     	252   	66.2       	22.0       	11363     	-61.3
2734      	17:52:28  	234.1 	-48.1 	18    	69.8     	252   	66.2       	22.0       	11372     	-61.5
2736      	17:52:30  	233.8 	-48.2 	17    	69.8     	252   	66.3       	21.9       	11380     	-61.7
2738      	17:52:32  	233.5 	-48.2 	17    	69.9     	252   	66.4       	21.9       	11389     	-61.8
2740      	17:52:34  	233.2 	-48.3 	17    	69.9     	252   	66.4       	21.9       	11398     	-61.9
2742      	17:52:36  	232.9 	-48.4 	17    	69.9     	252   	66.4       	21.8       	11406     	-61.9
2744      	17:52:38  	232.6 	-48.4 	17    	70.0     	252   	66.5       	21.8       	11415     	-61.9
2746      	17:52:40  	232.3 	-48.5 	18    	69.9     	252   	66.4       	21.8       	11423     	-61.9
2748      	17:52:42  	232.0 	-48.5 	18    	69.9     	252   	66.4       	21.8       	11431     	-61.8
2750      	17:52:44  	231.7 	-48.6 	18    	69.8     	252   	66.3       	21.8       	11440     	-61.8
2752      	17:52:46  	231.4 	-48.7 	18    	69.8     	252   	66.3       	21.9       	11448     	-61.7
2754      	17:52:48  	231.1 	-48.7 	19    	69.9     	252   	66.4       	21.9       	11456     	-61.7
2756      	17:52:50  	230.8 	-48.8 	19    	69.9     	252   	66.4       	22.0       	11465     	-61.8
2758      	17:52:52  	230.5 	-48.9 	19    	70.1     	252   	66.5       	22.1       	11473     	-61.8
2760      	17:52:54  	230.2 	-49.0 	19    	70.1     	252   	66.5       	22.2       	11481     	-61.9
2762      	17:52:56  	230.0 	-49.0 	19    	70.2     	252   	66.6       	22.2       	11489     	-61.9
2764      	17:52:58  	229.7 	-49.1 	19    	70.3     	252   	66.7       	22.3       	11497     	-61.9
2766      	17:53:00  	229.4 	-49.2 	19    	70.4     	251   	66.7       	22.4       	11505     	-61.9
2768      	17:53:02  	229.1 	-49.2 	19    	70.5     	251   	66.8       	22.5       	11514     	-61.9
2770      	17:53:04  	228.8 	-49.3 	19    	70.5     	251   	66.8       	22.6       	11522     	-61.9
2772      	17:53:06  	228.5 	-49.4 	20    	70.5     	251   	66.8       	22.6       	11531     	-61.9
2774      	17:53:08  	228.2 	-49.4 	20    	70.4     	251   	66.7       	22.6       	11539     	-61.9
2776      	17:53:10  	227.9 	-49.5 	20    	70.5     	251   	66.7       	22.7       	11548     	-61.9
2778      	17:53:12  	227.6 	-49.6 	20    	70.4     	251   	66.6       	22.7       	11556     	-61.9
2780      	17:53:14  	227.3 	-49.7 	20    	70.3     	251   	66.5       	22.7       	11564     	-62.0
2782      	17:53:16  	227.0 	-49.8 	20    	70.2     	251   	66.4       	22.8       	11573     	-62.0
2784      	17:53:18  	226.7 	-49.9 	20    	70.1     	251   	66.3       	22.8       	11582     	-62.0
2786      	17:53:20  	226.4 	-49.9 	21    	70.1     	251   	66.3       	22.8       	11590     	-62.1
2788      	17:53:22  	226.1 	-50.0 	21    	70.1     	251   	66.3       	22.8       	11599     	-62.1
2790      	17:53:24  	225.8 	-50.1 	21    	70.1     	251   	66.3       	22.8       	11607     	-62.1
2792      	17:53:26  	225.6 	-50.2 	21    	70.0     	251   	66.2       	22.9       	11615     	-62.1
2794      	17:53:28  	225.3 	-50.3 	21    	70.0     	251   	66.2       	22.9       	11624     	-62.2
2796      	17:53:30  	225.0 	-50.4 	21    	70.1     	251   	66.2       	23.0       	11632     	-62.2
2798      	17:53:32  	224.7 	-50.4 	21    	70.2     	251   	66.3       	23.0       	11640     	-62.3
2800      	17:53:34  	224.4 	-50.5 	21    	70.2     	251   	66.3       	23.0       	11649     	-62.3
2802      	17:53:36  	224.1 	-50.6 	21    	70.2     	251   	66.3       	23.1       	11657     	-62.4
2804      	17:53:38  	223.8 	-50.7 	22    	70.2     	251   	66.3       	23.1       	11666     	-62.4
2806      	17:53:40  	223.5 	-50.8 	22    	70.1     	251   	66.2       	23.2       	11675     	-62.4
2808      	17:53:42  	223.2 	-50.9 	22    	70.2     	251   	66.2       	23.3       	11683     	-62.4
2810      	17:53:44  	222.9 	-50.9 	22    	70.2     	251   	66.2       	23.3       	11692     	-62.4
2812      	17:53:46  	222.6 	-51.0 	22    	70.1     	251   	66.1       	23.3       	11700     	-62.5
2814      	17:53:48  	222.4 	-51.1 	22    	70.0     	251   	66.0       	23.3       	11709     	-62.5
2816      	17:53:50  	222.1 	-51.2 	23    	69.9     	250   	65.9       	23.4       	11717     	-62.5
2818      	17:53:52  	221.8 	-51.2 	23    	69.8     	250   	65.8       	23.4       	11725     	-62.5
2820      	17:53:54  	221.5 	-51.3 	23    	69.8     	250   	65.7       	23.5       	11734     	-62.5
2822      	17:53:56  	221.2 	-51.4 	23    	69.8     	250   	65.7       	23.5       	11743     	-62.5
2824      	17:53:58  	220.9 	-51.4 	24    	69.7     	250   	65.6       	23.6       	11751     	-62.4
2826      	17:54:00  	220.6 	-51.5 	24    	69.7     	250   	65.6       	23.6       	11760     	-62.3
2828      	17:54:02  	220.3 	-51.6 	24    	69.6     	250   	65.5       	23.6       	11768     	-62.3
2830      	17:54:04  	220.0 	-51.7 	25    	69.6     	250   	65.5       	23.5       	11777     	-62.2
2832      	17:54:06  	219.7 	-51.7 	26    	69.5     	250   	65.4       	23.4       	11785     	-62.1
2834      	17:54:08  	219.5 	-51.8 	26    	69.4     	250   	65.3       	23.4       	11793     	-62.0
2836      	17:54:10  	219.2 	-51.9 	27    	69.3     	250   	65.3       	23.3       	11802     	-62.0
2838      	17:54:12  	218.9 	-51.9 	27    	69.3     	250   	65.3       	23.2       	11810     	-61.9
2840      	17:54:14  	218.6 	-52.0 	27    	69.2     	251   	65.3       	23.0       	11819     	-61.9
2842      	17:54:16  	218.3 	-52.1 	28    	69.1     	251   	65.2       	22.9       	11827     	-61.9
2844      	17:54:18  	218.0 	-52.2 	28    	69.0     	251   	65.2       	22.6       	11836     	-61.9
2846      	17:54:20  	217.7 	-52.2 	28    	68.9     	251   	65.2       	22.4       	11844     	-61.9
2848      	17:54:22  	217.5 	-52.3 	28    	68.9     	251   	65.2       	22.2       	11853     	-61.9
2850      	17:54:24  	217.2 	-52.4 	28    	68.8     	251   	65.2       	22.1       	11861     	-61.9
2852      	17:54:26  	216.9 	-52.4 	28    	68.8     	251   	65.2       	22.0       	11870     	-62.0
2854      	17:54:28  	216.6 	-52.5 	28    	68.7     	251   	65.1       	21.9       	11878     	-62.0
2856      	17:54:30  	216.3 	-52.6 	29    	68.7     	251   	65.1       	21.8       	11887     	-62.0
2858      	17:54:32  	216.0 	-52.6 	29    	68.6     	252   	65.1       	21.7       	11895     	-62.1
2860      	17:54:34  	215.8 	-52.7 	29    	68.6     	252   	65.1       	21.6       	11904     	-62.1
2862      	17:54:36  	215.5 	-52.7 	29    	68.6     	252   	65.1       	21.6       	11912     	-62.2
2864      	17:54:38  	215.2 	-52.8 	29    	68.6     	252   	65.1       	21.6       	11920     	-62.2
2866      	17:54:40  	214.9 	-52.9 	29    	68.5     	252   	65.0       	21.6       	11929     	-62.3
2868      	17:54:42  	214.7 	-52.9 	29    	68.5     	252   	65.0       	21.6       	11937     	-62.4
2870      	17:54:44  	214.4 	-52.9 	29    	68.5     	252   	65.0       	21.6       	11945     	-62.4
2872      	17:54:46  	214.1 	-53.0 	28    	68.4     	252   	64.9       	21.7       	11953     	-62.4
2874      	17:54:48  	213.8 	-53.0 	28    	68.4     	252   	64.9       	21.7       	11962     	-62.5
2876      	17:54:50  	213.5 	-53.1 	28    	68.4     	251   	64.8       	21.8       	11970     	-62.5
2878      	17:54:52  	213.3 	-53.1 	28    	68.4     	251   	64.8       	21.8       	11979     	-62.6
2880      	17:54:54  	213.0 	-53.2 	28    	68.3     	251   	64.7       	21.9       	11987     	-62.6
2882      	17:54:56  	212.7 	-53.2 	28    	68.1     	251   	64.5       	22.0       	11995     	-62.7
2884      	17:54:58  	212.4 	-53.3 	28    	68.0     	251   	64.3       	22.1       	12004     	-62.7
2886      	17:55:00  	212.1 	-53.3 	28    	67.9     	251   	64.2       	22.2       	12012     	-62.8
2888      	17:55:02  	211.9 	-53.3 	28    	67.8     	251   	64.0       	22.3       	12021     	-62.9
2890      	17:55:04  	211.6 	-53.4 	28    	67.7     	251   	63.9       	22.4       	12029     	-62.9
2892      	17:55:06  	211.3 	-53.4 	28    	67.7     	251   	63.8       	22.5       	12038     	-62.9
2894      	17:55:08  	211.0 	-53.5 	28    	67.6     	250   	63.7       	22.7       	12046     	-62.9
2896      	17:55:10  	210.8 	-53.5 	28    	67.6     	250   	63.6       	23.0       	12054     	-62.9
2898      	17:55:12  	210.5 	-53.5 	29    	67.6     	250   	63.5       	23.2       	12063     	-62.9
2900      	17:55:14  	210.2 	-53.6 	29    	67.7     	250   	63.5       	23.4       	12071     	-62.9
2902      	17:55:16  	210.0 	-53.6 	29    	67.7     	250   	63.5       	23.6       	12079     	-63.0
2904      	17:55:18  	209.7 	-53.6 	29    	67.9     	250   	63.6       	23.7       	12087     	-63.0
2906      	17:55:20  	209.4 	-53.7 	29    	67.9     	249   	63.6       	23.9       	12095     	-63.0
2908      	17:55:22  	209.2 	-53.7 	29    	68.0     	249   	63.5       	24.2       	12104     	-63.1
2910      	17:55:24  	208.9 	-53.8 	29    	67.9     	249   	63.4       	24.4       	12112     	-63.1
2912      	17:55:26  	208.6 	-53.8 	29    	68.0     	249   	63.4       	24.7       	12120     	-63.2
2914      	17:55:28  	208.4 	-53.9 	28    	68.0     	249   	63.3       	24.8       	12128     	-63.3
2916      	17:55:30  	208.1 	-53.9 	28    	67.9     	248   	63.2       	24.9       	12137     	-63.3
2918      	17:55:32  	207.8 	-53.9 	28    	67.9     	248   	63.1       	25.0       	12144     	-63.4
2920      	17:55:34  	207.6 	-54.0 	28    	67.9     	248   	63.1       	25.1       	12152     	-63.5
2922      	17:55:36  	207.3 	-54.0 	28    	67.9     	248   	63.1       	25.1       	12160     	-63.5
2924      	17:55:38  	207.1 	-54.1 	28    	67.9     	248   	63.1       	25.1       	12169     	-63.6
2926      	17:55:40  	206.8 	-54.1 	27    	68.0     	248   	63.2       	25.2       	12177     	-63.7
2928      	17:55:42  	206.5 	-54.1 	27    	68.1     	248   	63.3       	25.1       	12185     	-63.8
2930      	17:55:44  	206.3 	-54.2 	27    	68.2     	248   	63.4       	25.0       	12193     	-63.9
2932      	17:55:46  	206.0 	-54.3 	27    	68.3     	249   	63.6       	25.0       	12200     	-64.0
2934      	17:55:48  	205.8 	-54.3 	27    	68.7     	249   	64.0       	24.9       	12209     	-64.1
2936      	17:55:50  	205.5 	-54.4 	27    	68.9     	249   	64.3       	24.8       	12217     	-64.2
2938      	17:55:52  	205.2 	-54.4 	27    	69.2     	249   	64.6       	24.8       	12225     	-64.3
2940      	17:55:54  	205.0 	-54.5 	26    	69.4     	249   	64.9       	24.7       	12233     	-64.3
2942      	17:55:56  	204.7 	-54.5 	26    	69.6     	249   	65.1       	24.7       	12242     	-64.4
2944      	17:55:58  	204.4 	-54.5 	26    	69.8     	249   	65.3       	24.7       	12250     	-64.5
2946      	17:56:00  	204.2 	-54.6 	26    	70.1     	249   	65.6       	24.7       	12259     	-64.5
2948      	17:56:02  	203.9 	-54.6 	26    	70.4     	249   	65.9       	24.8       	12267     	-64.6
2950      	17:56:04  	203.6 	-54.6 	26    	70.7     	249   	66.2       	24.8       	12275     	-64.6
2952      	17:56:06  	203.4 	-54.7 	26    	70.9     	250   	66.4       	24.8       	12284     	-64.7
2954      	17:56:08  	203.1 	-54.7 	26    	71.1     	250   	66.6       	24.8       	12292     	-64.8
2956      	17:56:10  	202.8 	-54.7 	25    	71.2     	250   	66.7       	24.8       	12301     	-64.8
2958      	17:56:12  	202.5 	-54.8 	25    	71.3     	250   	66.8       	24.9       	12309     	-64.9
2960      	17:56:14  	202.3 	-54.8 	25    	71.4     	250   	66.9       	24.9       	12318     	-65.0
2962      	17:56:16  	202.0 	-54.8 	25    	71.5     	250   	67.0       	25.0       	12326     	-65.1
2964      	17:56:18  	201.7 	-54.8 	25    	71.6     	250   	67.1       	25.0       	12335     	-65.1
2966      	17:56:20  	201.5 	-54.9 	25    	71.6     	249   	67.1       	25.1       	12343     	-65.2
2968      	17:56:22  	201.2 	-54.9 	25    	71.6     	249   	67.1       	25.1       	12352     	-65.2
2970      	17:56:24  	200.9 	-54.9 	24    	71.7     	249   	67.1       	25.2       	12360     	-65.3
2972      	17:56:26  	200.7 	-54.9 	24    	71.6     	249   	67.0       	25.3       	12368     	-65.3
2974      	17:56:28  	200.5 	-54.9 	24    	71.7     	249   	67.0       	25.4       	12376     	-65.4
2976      	17:56:30  	200.2 	-55.0 	24    	71.6     	249   	66.9       	25.5       	12384     	-65.4
2978      	17:56:32  	200.0 	-55.0 	24    	71.5     	249   	66.8       	25.5       	12392     	-65.4
2980      	17:56:34  	199.7 	-55.0 	24    	71.5     	249   	66.8       	25.6       	12399     	-65.4
2982      	17:56:36  	199.5 	-55.0 	24    	71.5     	249   	66.7       	25.7       	12407     	-65.5
2984      	17:56:38  	199.2 	-55.1 	24    	71.6     	249   	66.7       	25.9       	12415     	-65.5
2986      	17:56:40  	199.0 	-55.1 	24    	71.6     	249   	66.7       	26.1       	12424     	-65.6
2988      	17:56:42  	198.7 	-55.1 	24    	71.7     	248   	66.7       	26.3       	12432     	-65.6
2990      	17:56:44  	198.4 	-55.2 	24    	71.8     	248   	66.7       	26.5       	12440     	-65.7
2992      	17:56:46  	198.2 	-55.2 	24    	71.9     	248   	66.8       	26.6       	12448     	-65.8
2994      	17:56:48  	197.9 	-55.3 	24    	72.0     	248   	66.9       	26.7       	12457     	-65.9
2996      	17:56:50  	197.7 	-55.3 	23    	72.1     	248   	66.9       	26.9       	12465     	-66.0
2998      	17:56:52  	197.4 	-55.4 	23    	72.3     	248   	66.9       	27.3       	12474     	-66.0
3000      	17:56:54  	197.1 	-55.4 	23    	72.4     	248   	66.9       	27.6       	12482     	-66.1
3002      	17:56:56  	196.9 	-55.5 	23    	72.5     	247   	66.9       	28.0       	12491     	-66.1
3004      	17:56:58  	196.6 	-55.5 	23    	72.5     	247   	66.8       	28.2       	12499     	-66.2
3006      	17:57:00  	196.4 	-55.6 	23    	72.5     	247   	66.7       	28.4       	12508     	-66.3
3008      	17:57:02  	196.1 	-55.6 	23    	72.6     	247   	66.7       	28.6       	12516     	-66.3
3010      	17:57:04  	195.8 	-55.7 	23    	72.6     	246   	66.6       	29.0       	12525     	-66.4
3012      	17:57:06  	195.6 	-55.8 	23    	72.7     	246   	66.5       	29.4       	12533     	-66.4
3014      	17:57:08  	195.3 	-55.8 	23    	72.7     	246   	66.4       	29.7       	12541     	-66.5
3016      	17:57:10  	195.1 	-55.9 	23    	72.9     	246   	66.4       	30.0       	12549     	-66.5
3018      	17:57:12  	194.8 	-55.9 	23    	72.9     	246   	66.4       	30.2       	12557     	-66.6
3020      	17:57:14  	194.6 	-56.0 	23    	73.0     	245   	66.4       	30.3       	12565     	-66.6
3022      	17:57:16  	194.3 	-56.0 	23    	73.1     	245   	66.4       	30.5       	12573     	-66.6
3024      	17:57:18  	194.1 	-56.1 	23    	73.2     	245   	66.4       	30.7       	12581     	-66.6
3026      	17:57:20  	193.8 	-56.1 	24    	73.3     	245   	66.5       	30.9       	12589     	-66.7
3028      	17:57:22  	193.6 	-56.2 	24    	73.4     	245   	66.5       	31.1       	12598     	-66.7
3030      	17:57:24  	193.4 	-56.2 	24    	73.5     	245   	66.6       	31.1       	12605     	-66.7
3032      	17:57:26  	193.1 	-56.3 	24    	73.5     	245   	66.6       	31.1       	12613     	-66.7
3034      	17:57:28  	192.9 	-56.3 	24    	73.6     	245   	66.7       	31.2       	12621     	-66.8
3036      	17:57:30  	192.6 	-56.4 	24    	73.7     	245   	66.7       	31.3       	12629     	-66.8
3038      	17:57:32  	192.4 	-56.5 	24    	73.8     	245   	66.8       	31.4       	12637     	-66.8
3040      	17:57:34  	192.1 	-56.5 	24    	73.9     	245   	66.8       	31.5       	12645     	-66.8
3042      	17:57:36  	191.9 	-56.6 	24    	74.0     	245   	66.9       	31.6       	12653     	-66.9
3044      	17:57:38  	191.7 	-56.6 	24    	74.0     	245   	66.9       	31.7       	12661     	-66.9
3046      	17:57:40  	191.4 	-56.7 	24    	74.1     	245   	66.9       	31.8       	12669     	-66.9
3048      	17:57:42  	191.2 	-56.7 	25    	74.2     	245   	67.0       	31.9       	12677     	-66.9
3050      	17:57:44  	190.9 	-56.8 	25    	74.3     	245   	67.1       	31.9       	12685     	-66.9
3052      	17:57:46  	190.7 	-56.9 	25    	74.3     	245   	67.1       	32.0       	12693     	-67.0
3054      	17:57:48  	190.5 	-56.9 	25    	74.5     	244   	67.2       	32.1       	12700     	-67.0
3056      	17:57:50  	190.3 	-57.0 	25    	74.6     	245   	67.3       	32.1       	12708     	-67.0
3058      	17:57:52  	190.0 	-57.0 	25    	74.7     	245   	67.4       	32.1       	12715     	-67.1
3060      	17:57:54  	189.8 	-57.0 	25    	74.7     	245   	67.5       	32.1       	12723     	-67.1
3062      	17:57:56  	189.6 	-57.1 	25    	74.8     	245   	67.6       	32.0       	12730     	-67.2
3064      	17:57:58  	189.4 	-57.1 	25    	74.9     	245   	67.8       	31.8       	12737     	-67.3
3066      	17:58:00  	189.1 	-57.1 	24    	75.0     	245   	68.0       	31.7       	12745     	-67.4
3068      	17:58:02  	188.9 	-57.2 	24    	75.2     	245   	68.2       	31.6       	12752     	-67.5
3070      	17:58:04  	188.7 	-57.2 	24    	75.2     	245   	68.3       	31.4       	12760     	-67.6
3072      	17:58:06  	188.5 	-57.2 	23    	75.2     	245   	68.4       	31.3       	12767     	-67.7
3074      	17:58:08  	188.3 	-57.3 	23    	75.3     	246   	68.6       	31.1       	12775     	-67.8
3076      	17:58:10  	188.0 	-57.3 	23    	75.5     	246   	68.9       	30.8       	12782     	-67.9
3078      	17:58:12  	187.8 	-57.3 	23    	75.6     	246   	69.2       	30.5       	12789     	-68.0
3080      	17:58:14  	187.6 	-57.3 	22    	75.9     	247   	69.6       	30.2       	12796     	-68.1
3082      	17:58:16  	187.4 	-57.3 	22    	76.0     	247   	69.8       	30.1       	12803     	-68.1
3084      	17:58:18  	187.2 	-57.3 	22    	76.1     	247   	70.0       	29.9       	12810     	-68.2
3086      	17:58:20  	187.0 	-57.3 	22    	76.3     	247   	70.2       	29.8       	12818     	-68.3
3088      	17:58:22  	186.8 	-57.3 	21    	76.5     	247   	70.5       	29.6       	12825     	-68.4
3090      	17:58:24  	186.5 	-57.3 	21    	76.7     	247   	70.8       	29.4       	12832     	-68.6
3092      	17:58:26  	186.3 	-57.4 	20    	76.8     	248   	71.1       	29.1       	12839     	-68.7
3094      	17:58:28  	186.1 	-57.4 	20    	77.1     	248   	71.4       	29.0       	12847     	-68.8
3096      	17:58:30  	185.9 	-57.4 	20    	77.1     	248   	71.5       	28.9       	12854     	-68.9
3098      	17:58:32  	185.7 	-57.4 	20    	77.2     	248   	71.6       	28.8       	12861     	-69.1
3100      	17:58:34  	185.5 	-57.4 	19    	77.2     	248   	71.7       	28.7       	12868     	-69.1
3102      	17:58:36  	185.3 	-57.4 	19    	77.4     	248   	71.9       	28.6       	12875     	-69.2
3104      	17:58:38  	185.1 	-57.4 	19    	77.5     	249   	72.1       	28.4       	12882     	-69.2
3106      	17:58:40  	184.9 	-57.5 	19    	77.5     	249   	72.2       	28.3       	12889     	-69.2
3108      	17:58:42  	184.7 	-57.5 	19    	77.6     	249   	72.3       	28.2       	12896     	-69.3
3110      	17:58:44  	184.5 	-57.5 	19    	77.6     	249   	72.3       	28.1       	12903     	-69.3
3112      	17:58:46  	184.3 	-57.5 	19    	77.7     	249   	72.4       	28.1       	12910     	-69.4
3114      	17:58:48  	184.0 	-57.5 	19    	77.6     	249   	72.4       	27.9       	12917     	-69.4
3116      	17:58:50  	183.8 	-57.5 	18    	77.6     	249   	72.5       	27.8       	12925     	-69.5
3118      	17:58:52  	183.6 	-57.5 	18    	77.6     	249   	72.5       	27.6       	12932     	-69.6
3120      	17:58:54  	183.4 	-57.5 	18    	77.6     	249   	72.6       	27.5       	12939     	-69.7
3122      	17:58:56  	183.2 	-57.5 	18    	77.6     	249   	72.6       	27.4       	12946     	-69.9
3124      	17:58:58  	183.0 	-57.5 	17    	77.6     	249   	72.6       	27.3       	12953     	-70.0
3126      	17:59:00  	182.8 	-57.5 	17    	77.4     	249   	72.5       	27.2       	12959     	-70.1
3128      	17:59:02  	182.6 	-57.5 	17    	77.2     	249   	72.3       	27.2       	12966     	-70.3
3130      	17:59:04  	182.4 	-57.5 	16    	77.1     	249   	72.1       	27.3       	12973     	-70.4
3132      	17:59:06  	182.2 	-57.5 	16    	76.8     	249   	71.8       	27.3       	12980     	-70.6
3134      	17:59:08  	182.0 	-57.5 	16    	76.7     	249   	71.6       	27.4       	12987     	-70.7
3136      	17:59:10  	181.8 	-57.5 	15    	76.5     	249   	71.4       	27.5       	12994     	-70.9
3138      	17:59:12  	181.6 	-57.5 	15    	76.3     	249   	71.1       	27.7       	13001     	-71.0
3140      	17:59:14  	181.4 	-57.5 	15    	75.9     	248   	70.6       	28.0       	13008     	-71.2
3142      	17:59:16  	181.2 	-57.5 	14    	75.5     	248   	70.0       	28.3       	13015     	-71.3
3144      	17:59:18  	181.0 	-57.5 	14    	75.2     	248   	69.5       	28.6       	13022     	-71.5
3146      	17:59:20  	180.8 	-57.6 	14    	74.9     	247   	69.1       	28.8       	13029     	-71.7
3148      	17:59:22  	180.6 	-57.6 	13    	74.7     	247   	68.8       	29.0       	13036     	-71.8
3150      	17:59:24  	180.4 	-57.6 	13    	74.5     	247   	68.6       	29.1       	13043     	-72.0
3152      	17:59:26  	180.2 	-57.6 	13    	74.4     	247   	68.3       	29.5       	13050     	-72.1
3154      	17:59:28  	180.0 	-57.6 	13    	74.3     	246   	68.0       	29.9       	13057     	-72.2
3156      	17:59:30  	179.8 	-57.6 	13    	74.3     	246   	67.8       	30.3       	13064     	-72.2
3158      	17:59:32  	179.6 	-57.6 	13    	74.2     	246   	67.6       	30.7       	13071     	-72.2
3160      	17:59:34  	179.4 	-57.6 	13    	74.5     	245   	67.7       	31.0       	13077     	-72.2
3162      	17:59:36  	179.3 	-57.6 	13    	74.5     	245   	67.7       	31.2       	13084     	-72.2
3164      	17:59:38  	179.1 	-57.6 	13    	74.7     	245   	67.7       	31.5       	13091     	-72.2
3166      	17:59:40  	178.9 	-57.6 	13    	74.9     	245   	67.7       	32.0       	13097     	-72.2
3168      	17:59:42  	178.7 	-57.6 	13    	75.1     	244   	67.7       	32.4       	13104     	-72.3
3170      	17:59:44  	178.5 	-57.6 	12    	75.2     	244   	67.6       	32.9       	13111     	-72.3
3172      	17:59:46  	178.3 	-57.6 	12    	75.3     	244   	67.6       	33.1       	13117     	-72.4
3174      	17:59:48  	178.1 	-57.6 	12    	75.3     	244   	67.5       	33.3       	13124     	-72.4
3176      	17:59:50  	177.9 	-57.6 	12    	75.4     	244   	67.5       	33.5       	13131     	-72.5
3178      	17:59:52  	177.7 	-57.5 	12    	75.2     	243   	67.2       	33.7       	13137     	-72.6
3180      	17:59:54  	177.6 	-57.5 	12    	74.9     	243   	66.8       	33.9       	13144     	-72.7
3182      	17:59:56  	177.4 	-57.5 	11    	74.7     	243   	66.5       	34.1       	13150     	-72.7
3184      	17:59:58  	177.2 	-57.5 	11    	74.5     	243   	66.1       	34.3       	13157     	-72.8
3186      	18:00:00  	177.0 	-57.4 	11    	74.3     	243   	65.9       	34.3       	13163     	-72.8
3188      	18:00:02  	176.8 	-57.4 	11    	74.0     	242   	65.6       	34.3       	13170     	-72.9
3190      	18:00:04  	176.6 	-57.4 	11    	73.8     	242   	65.3       	34.3       	13176     	-73.0
3192      	18:00:06  	176.5 	-57.4 	11    	73.6     	242   	65.1       	34.3       	13183     	-73.0
3194      	18:00:08  	176.3 	-57.4 	11    	73.3     	242   	64.8       	34.3       	13190     	-73.0
3196      	18:00:10  	176.1 	-57.4 	11    	73.1     	242   	64.6       	34.3       	13196     	-73.1
3198      	18:00:12  	175.9 	-57.3 	10    	73.2     	242   	64.6       	34.4       	13203     	-73.2
3200      	18:00:14  	175.7 	-57.3 	10    	73.3     	242   	64.7       	34.4       	13209     	-73.2
3202      	18:00:16  	175.5 	-57.3 	10    	73.3     	242   	64.7       	34.5       	13216     	-73.4
3204      	18:00:18  	175.4 	-57.3 	10    	73.5     	242   	64.9       	34.6       	13222     	-73.5
3206      	18:00:20  	175.2 	-57.3 	9     	73.9     	242   	65.1       	34.9       	13229     	-73.7
3208      	18:00:22  	175.0 	-57.2 	9     	74.0     	242   	65.2       	35.1       	13235     	-73.9
3210      	18:00:24  	174.8 	-57.2 	9     	74.3     	242   	65.4       	35.3       	13242     	-74.1
3212      	18:00:26  	174.7 	-57.2 	9     	74.5     	242   	65.5       	35.5       	13248     	-74.3
3214      	18:00:28  	174.5 	-57.2 	8     	74.7     	241   	65.6       	35.7       	13254     	-74.5
3216      	18:00:30  	174.3 	-57.2 	8     	74.9     	241   	65.7       	35.9       	13260     	-74.6
3218      	18:00:32  	174.1 	-57.2 	8     	74.9     	241   	65.6       	36.1       	13267     	-74.7
3220      	18:00:34  	174.0 	-57.2 	8     	75.0     	241   	65.6       	36.3       	13273     	-74.7
3222      	18:00:36  	173.8 	-57.3 	8     	75.0     	241   	65.5       	36.5       	13280     	-74.7
3224      	18:00:38  	173.6 	-57.3 	8     	74.9     	241   	65.4       	36.5       	13286     	-74.7
3226      	18:00:40  	173.4 	-57.2 	8     	74.7     	241   	65.2       	36.5       	13292     	-74.7
3228      	18:00:42  	173.3 	-57.2 	8     	74.6     	241   	65.0       	36.6       	13298     	-74.6
3230      	18:00:44  	173.1 	-57.2 	8     	74.4     	241   	64.8       	36.6       	13305     	-74.7
3232      	18:00:46  	172.9 	-57.2 	8     	74.2     	240   	64.6       	36.6       	13312     	-74.7
3234      	18:00:48  	172.7 	-57.3 	8     	74.1     	240   	64.4       	36.7       	13318     	-74.7
3236      	18:00:50  	172.5 	-57.3 	8     	74.0     	240   	64.3       	36.7       	13325     	-74.7
3238      	18:00:52  	172.4 	-57.3 	8     	74.1     	240   	64.3       	36.8       	13331     	-74.8
3240      	18:00:54  	172.2 	-57.3 	8     	74.1     	240   	64.3       	36.8       	13337     	-74.9
3242      	18:00:56  	172.0 	-57.3 	8     	74.0     	240   	64.2       	36.8       	13344     	-74.9
3244      	18:00:58  	171.8 	-57.3 	8     	73.8     	240   	64.1       	36.6       	13351     	-75.0
3246      	18:01:00  	171.7 	-57.4 	8     	73.7     	240   	64.0       	36.5       	13357     	-75.0
3248      	18:01:02  	171.5 	-57.4 	8     	73.5     	240   	63.9       	36.4       	13364     	-74.9
3250      	18:01:04  	171.3 	-57.5 	8     	73.4     	240   	63.8       	36.3       	13370     	-74.9
3252      	18:01:06  	171.1 	-57.5 	8     	73.2     	240   	63.7       	36.1       	13376     	-75.0
3254      	18:01:08  	171.0 	-57.5 	8     	73.2     	241   	63.7       	36.0       	13382     	-75.0
3256      	18:01:10  	170.8 	-57.6 	8     	73.3     	240   	63.8       	36.1       	13388     	-75.1
3258      	18:01:12  	170.6 	-57.6 	8     	73.5     	241   	64.0       	36.2       	13395     	-75.2
3260      	18:01:14  	170.5 	-57.6 	8     	73.8     	241   	64.2       	36.3       	13402     	-75.2
3262      	18:01:16  	170.3 	-57.7 	8     	74.0     	241   	64.4       	36.4       	13408     	-75.3
3264      	18:01:18  	170.1 	-57.7 	8     	74.3     	241   	64.7       	36.6       	13415     	-75.3
3266      	18:01:20  	169.9 	-57.7 	8     	74.7     	240   	65.0       	36.9       	13421     	-75.3
3268      	18:01:22  	169.8 	-57.7 	8     	75.1     	240   	65.3       	37.1       	13427     	-75.4
3270      	18:01:24  	169.6 	-57.7 	8     	75.9     	240   	65.9       	37.6       	13434     	-75.4
3272      	18:01:26  	169.4 	-57.7 	8     	76.7     	240   	66.6       	38.1       	13441     	-75.4
3274      	18:01:28  	169.2 	-57.7 	8     	77.5     	240   	67.2       	38.6       	13448     	-75.4
3276      	18:01:30  	169.0 	-57.7 	8     	78.0     	240   	67.6       	38.9       	13454     	-75.3
3278      	18:01:32  	168.9 	-57.7 	8     	78.5     	240   	68.0       	39.2       	13461     	-75.4
3280      	18:01:34  	168.7 	-57.7 	8     	79.0     	240   	68.4       	39.5       	13468     	-75.4
3282      	18:01:36  	168.5 	-57.7 	8     	79.3     	240   	68.7       	39.7       	13475     	-75.4
3284      	18:01:38  	168.3 	-57.7 	8     	79.7     	240   	69.0       	39.9       	13482     	-75.3
3286      	18:01:40  	168.1 	-57.7 	8     	80.1     	240   	69.3       	40.1       	13489     	-75.3
3288      	18:01:42  	167.9 	-57.8 	8     	80.4     	240   	69.6       	40.2       	13497     	-75.3
3290      	18:01:44  	167.7 	-57.8 	8     	80.3     	240   	69.5       	40.2       	13504     	-75.4
3292      	18:01:46  	167.6 	-57.8 	8     	80.2     	240   	69.5       	40.1       	13510     	-75.4
3294      	18:01:48  	167.4 	-57.8 	8     	80.1     	240   	69.4       	39.9       	13517     	-75.5
3296      	18:01:50  	167.2 	-57.8 	8     	79.9     	240   	69.3       	39.7       	13524     	-75.6
3298      	18:01:52  	167.0 	-57.8 	8     	79.7     	240   	69.2       	39.5       	13531     	-75.6
3300      	18:01:54  	166.8 	-57.8 	7     	79.5     	240   	69.1       	39.3       	13538     	-75.7
3302      	18:01:56  	166.6 	-57.8 	7     	79.4     	240   	69.1       	39.2       	13545     	-75.8
3304      	18:01:58  	166.4 	-57.9 	7     	79.4     	240   	69.1       	39.1       	13552     	-76.0
3306      	18:02:00  	166.3 	-57.9 	7     	79.3     	241   	69.0       	39.0       	13559     	-76.1
3308      	18:02:02  	166.1 	-58.0 	7     	79.2     	241   	69.1       	38.8       	13566     	-76.3
3310      	18:02:04  	165.9 	-58.0 	7     	79.2     	241   	69.1       	38.7       	13574     	-76.4
3312      	18:02:06  	165.7 	-58.1 	7     	79.1     	241   	69.1       	38.5       	13581     	-76.5
3314      	18:02:08  	165.5 	-58.1 	7     	79.1     	241   	69.1       	38.4       	13589     	-76.6
3316      	18:02:10  	165.3 	-58.2 	7     	79.0     	241   	69.1       	38.3       	13597     	-76.6
3318      	18:02:12  	165.0 	-58.2 	7     	79.0     	241   	69.1       	38.3       	13605     	-76.7
3320      	18:02:14  	164.8 	-58.2 	7     	78.9     	241   	69.2       	38.0       	13613     	-76.7
3322      	18:02:16  	164.6 	-58.3 	7     	78.9     	241   	69.3       	37.7       	13621     	-76.7
3324      	18:02:18  	164.4 	-58.3 	7     	78.9     	242   	69.4       	37.5       	13629     	-76.8
3326      	18:02:20  	164.2 	-58.3 	7     	78.8     	242   	69.5       	37.2       	13637     	-76.9
3328      	18:02:22  	164.0 	-58.4 	7     	78.8     	242   	69.6       	37.0       	13646     	-76.9
3330      	18:02:24  	163.8 	-58.4 	7     	78.7     	242   	69.6       	36.7       	13654     	-77.0
3332      	18:02:26  	163.6 	-58.4 	7     	78.7     	242   	69.7       	36.5       	13662     	-77.1
3334      	18:02:28  	163.4 	-58.4 	6     	78.6     	243   	69.9       	36.0       	13670     	-77.2
3336      	18:02:30  	163.2 	-58.5 	6     	78.6     	243   	70.1       	35.5       	13678     	-77.3
3338      	18:02:32  	162.9 	-58.5 	6     	78.6     	243   	70.3       	35.1       	13686     	-77.4
3340      	18:02:34  	162.7 	-58.5 	6     	78.5     	244   	70.4       	34.8       	13694     	-77.4
3342      	18:02:36  	162.5 	-58.5 	6     	78.5     	244   	70.5       	34.6       	13702     	-77.5
3344      	18:02:38  	162.3 	-58.6 	6     	78.5     	244   	70.6       	34.3       	13710     	-77.5
3346      	18:02:40  	162.1 	-58.6 	6     	78.4     	244   	70.6       	34.1       	13718     	-77.5
3348      	18:02:42  	161.9 	-58.6 	6     	78.4     	244   	70.7       	33.8       	13727     	-77.5
3350      	18:02:44  	161.7 	-58.6 	6     	78.3     	245   	70.7       	33.6       	13735     	-77.5
3352      	18:02:46  	161.5 	-58.6 	6     	78.2     	245   	70.7       	33.4       	13743     	-77.5
3354      	18:02:48  	161.3 	-58.7 	6     	78.1     	245   	70.6       	33.4       	13751     	-77.6
3356      	18:02:50  	161.0 	-58.7 	6     	78.1     	245   	70.6       	33.4       	13759     	-77.7
3358      	18:02:52  	160.8 	-58.7 	6     	78.0     	245   	70.5       	33.4       	13768     	-77.8
3360      	18:02:54  	160.6 	-58.7 	6     	77.7     	245   	70.2       	33.4       	13776     	-77.9
3362      	18:02:56  	160.4 	-58.8 	6     	77.6     	244   	70.0       	33.4       	13784     	-78.0
3364      	18:02:58  	160.2 	-58.8 	6     	77.4     	244   	69.8       	33.4       	13792     	-78.1
3366      	18:03:00  	160.0 	-58.9 	6     	77.2     	244   	69.6       	33.4       	13801     	-78.2
3368      	18:03:02  	159.8 	-58.9 	6     	77.1     	244   	69.4       	33.5       	13809     	-78.3
3370      	18:03:04  	159.5 	-59.0 	6     	77.0     	244   	69.3       	33.5       	13818     	-78.4
3372      	18:03:06  	159.3 	-59.0 	6     	76.7     	244   	69.0       	33.4       	13827     	-78.4
3374      	18:03:08  	159.1 	-59.0 	6     	76.3     	244   	68.7       	33.2       	13836     	-78.4
3376      	18:03:10  	158.9 	-59.1 	6     	75.9     	244   	68.4       	33.0       	13845     	-78.5
3378      	18:03:12  	158.6 	-59.1 	6     	75.6     	244   	68.1       	32.9       	13853     	-78.5
3380      	18:03:14  	158.4 	-59.2 	6     	75.4     	244   	67.9       	32.7       	13862     	-78.6
3382      	18:03:16  	158.2 	-59.2 	6     	75.2     	244   	67.8       	32.5       	13871     	-78.7
3384      	18:03:18  	158.0 	-59.3 	6     	74.9     	244   	67.6       	32.3       	13880     	-78.7
3386      	18:03:20  	157.8 	-59.3 	6     	74.6     	245   	67.4       	31.9       	13889     	-78.8
3388      	18:03:22  	157.5 	-59.4 	5     	74.1     	245   	67.1       	31.5       	13898     	-78.9
3390      	18:03:24  	157.3 	-59.4 	5     	73.8     	245   	66.9       	31.1       	13907     	-79.0
3392      	18:03:26  	157.1 	-59.4 	5     	73.6     	245   	66.8       	30.9       	13916     	-79.1
3394      	18:03:28  	156.9 	-59.5 	5     	73.4     	245   	66.7       	30.7       	13925     	-79.2
3396      	18:03:30  	156.6 	-59.5 	5     	73.3     	245   	66.6       	30.5       	13933     	-79.3
3398      	18:03:32  	156.4 	-59.5 	5     	72.7     	246   	66.2       	30.1       	13942     	-79.4
3400      	18:03:34  	156.2 	-59.6 	5     	72.2     	246   	65.8       	29.8       	13951     	-79.5
3402      	18:03:36  	156.0 	-59.6 	5     	71.7     	246   	65.4       	29.5       	13960     	-79.5
3404      	18:03:38  	155.7 	-59.6 	5     	71.3     	246   	65.0       	29.2       	13969     	-79.6
3406      	18:03:40  	155.5 	-59.6 	5     	70.9     	246   	64.7       	29.1       	13978     	-79.8
3408      	18:03:42  	155.3 	-59.7 	5     	70.6     	246   	64.4       	29.0       	13987     	-80.0
3410      	18:03:44  	155.1 	-59.7 	5     	70.2     	246   	64.0       	28.9       	13996     	-80.1
3412      	18:03:46  	154.8 	-59.7 	5     	69.6     	246   	63.4       	28.8       	14005     	-80.1
3414      	18:03:48  	154.6 	-59.7 	5     	69.0     	245   	62.8       	28.7       	14014     	-80.2
3416      	18:03:50  	154.4 	-59.7 	5     	68.5     	245   	62.2       	28.6       	14023     	-80.3
3418      	18:03:52  	154.2 	-59.7 	4     	68.2     	245   	61.9       	28.6       	14032     	-80.4
3420      	18:03:54  	154.0 	-59.7 	4     	67.9     	245   	61.6       	28.6       	14041     	-80.5
3422      	18:03:56  	153.7 	-59.7 	4     	67.6     	245   	61.3       	28.6       	14050     	-80.5
3424      	18:03:58  	153.5 	-59.7 	4     	67.2     	245   	60.8       	28.6       	14059     	-80.5
3426      	18:04:00  	153.3 	-59.8 	4     	66.7     	245   	60.2       	28.7       	14068     	-80.6
3428      	18:04:02  	153.1 	-59.8 	4     	66.2     	244   	59.7       	28.7       	14077     	-80.6
3430      	18:04:04  	152.9 	-59.8 	4     	65.8     	244   	59.2       	28.7       	14086     	-80.6
3432      	18:04:06  	152.6 	-59.7 	4     	65.6     	244   	59.0       	28.7       	14094     	-80.7
3434      	18:04:08  	152.4 	-59.7 	4     	65.3     	244   	58.7       	28.7       	14103     	-80.8
3436      	18:04:10  	152.2 	-59.7 	4     	65.0     	244   	58.3       	28.7       	14112     	-80.9
3438      	18:04:12  	152.0 	-59.7 	4     	64.4     	244   	57.7       	28.6       	14121     	-81.0
3440      	18:04:14  	151.8 	-59.7 	4     	63.9     	243   	57.1       	28.6       	14130     	-81.1
3442      	18:04:16  	151.5 	-59.8 	4     	63.4     	243   	56.6       	28.6       	14139     	-81.2
3444      	18:04:18  	151.3 	-59.7 	4     	63.1     	243   	56.2       	28.6       	14149     	-81.3
3446      	18:04:20  	151.1 	-59.7 	4     	62.8     	243   	55.9       	28.6       	14158     	-81.4
3448      	18:04:22  	150.9 	-59.7 	4     	62.5     	243   	55.6       	28.5       	14167     	-81.5
3450      	18:04:24  	150.7 	-59.7 	4     	62.1     	243   	55.1       	28.6       	14176     	-81.7
3452      	18:04:26  	150.5 	-59.7 	4     	61.5     	242   	54.5       	28.6       	14184     	-81.8
3454      	18:04:28  	150.3 	-59.8 	4     	61.2     	242   	54.0       	28.7       	14193     	-81.9
3456      	18:04:30  	150.0 	-59.8 	3     	60.8     	242   	53.5       	28.8       	14202     	-82.1
3458      	18:04:32  	149.8 	-59.8 	3     	60.6     	242   	53.3       	28.8       	14210     	-82.3
3460      	18:04:34  	149.6 	-59.8 	3     	60.5     	241   	53.1       	28.9       	14219     	-82.5
3462      	18:04:36  	149.4 	-59.8 	3     	60.2     	241   	52.7       	29.1       	14228     	-82.7
3464      	18:04:38  	149.2 	-59.8 	3     	60.0     	241   	52.3       	29.4       	14237     	-83.0
3466      	18:04:40  	149.0 	-59.8 	3     	59.8     	240   	51.9       	29.7       	14246     	-83.2
3468      	18:04:42  	148.8 	-59.9 	3     	59.6     	240   	51.5       	30.0       	14255     	-83.4
3470      	18:04:44  	148.6 	-59.9 	3     	59.6     	239   	51.3       	30.3       	14264     	-83.6
3472      	18:04:46  	148.3 	-59.9 	3     	59.6     	239   	51.2       	30.5       	14273     	-83.8
3474      	18:04:48  	148.1 	-59.9 	3     	59.5     	239   	51.0       	30.7       	14282     	-83.9
3476      	18:04:50  	147.9 	-59.9 	3     	59.4     	239   	50.7       	31.0       	14291     	-84.0
3478      	18:04:52  	147.7 	-59.9 	2     	59.4     	238   	50.5       	31.3       	14299     	-84.2
3480      	18:04:54  	147.5 	-60.0 	2     	59.3     	238   	50.2       	31.5       	14307     	-84.3
3482      	18:04:56  	147.3 	-60.0 	2     	59.3     	238   	50.1       	31.7       	14315     	-84.4
3484      	18:04:58  	147.1 	-60.0 	2     	59.2     	238   	50.0       	31.7       	14324     	-84.4
3486      	18:05:00  	146.9 	-60.0 	2     	59.2     	237   	49.9       	31.8       	14333     	-84.5
3488      	18:05:02  	146.7 	-60.0 	2     	59.2     	237   	49.8       	32.0       	14342     	-84.6
3490      	18:05:04  	146.5 	-60.0 	2     	59.2     	237   	49.7       	32.1       	14350     	-84.8
3492      	18:05:06  	146.3 	-60.1 	2     	59.3     	237   	49.7       	32.3       	14358     	-84.8
3494      	18:05:08  	146.1 	-60.1 	2     	59.3     	237   	49.6       	32.5       	14367     	-84.9
3496      	18:05:10  	145.9 	-60.1 	2     	59.4     	237   	49.6       	32.6       	14375     	-84.9
3498      	18:05:12  	145.7 	-60.1 	2     	59.4     	237   	49.6       	32.7       	14384     	-85.0
3500      	18:05:14  	145.5 	-60.1 	2     	59.5     	236   	49.6       	32.9       	14392     	-85.0
3502      	18:05:16  	145.3 	-60.1 	2     	59.7     	236   	49.8       	33.0       	14400     	-85.0
3504      	18:05:18  	145.2 	-60.2 	2     	60.0     	236   	50.0       	33.2       	14408     	-85.0
3506      	18:05:20  	145.0 	-60.2 	2     	60.2     	236   	50.2       	33.3       	14417     	-85.0
3508      	18:05:22  	144.8 	-60.2 	2     	60.5     	236   	50.4       	33.4       	14425     	-85.0
3510      	18:05:24  	144.6 	-60.2 	2     	60.6     	237   	50.6       	33.4       	14434     	-85.0
3512      	18:05:26  	144.4 	-60.3 	2     	60.9     	237   	50.8       	33.5       	14442     	-85.0
3514      	18:05:28  	144.2 	-60.3 	2     	61.0     	237   	51.1       	33.4       	14451     	-85.0
3516      	18:05:30  	144.0 	-60.3 	2     	61.2     	237   	51.4       	33.3       	14459     	-85.0
3518      	18:05:32  	143.8 	-60.4 	2     	61.4     	237   	51.7       	33.2       	14467     	-85.0
3520      	18:05:34  	143.6 	-60.4 	2     	61.6     	238   	52.0       	33.1       	14475     	-85.0
3522      	18:05:36  	143.4 	-60.4 	2     	61.6     	238   	52.1       	32.9       	14483     	-85.0
3524      	18:05:38  	143.2 	-60.5 	2     	61.6     	238   	52.2       	32.8       	14491     	-85.1
3526      	18:05:40  	143.1 	-60.5 	2     	61.7     	238   	52.4       	32.6       	14499     	-85.1
3528      	18:05:42  	142.9 	-60.6 	2     	61.7     	239   	52.6       	32.2       	14507     	-85.1
3530      	18:05:44  	142.7 	-60.7 	2     	61.7     	239   	52.8       	31.9       	14515     	-85.2
3532      	18:05:46  	142.5 	-60.7 	2     	61.7     	239   	53.0       	31.6       	14523     	-85.2
3534      	18:05:48  	142.3 	-60.7 	2     	61.7     	239   	53.1       	31.4       	14531     	-85.3
3536      	18:05:50  	142.1 	-60.8 	2     	61.7     	240   	53.2       	31.2       	14539     	-85.3
3538      	18:05:52  	142.0 	-60.8 	2     	61.7     	240   	53.3       	31.1       	14547     	-85.3
3540      	18:05:54  	141.8 	-60.9 	2     	61.7     	240   	53.5       	30.7       	14554     	-85.3
3542      	18:05:56  	141.6 	-60.9 	2     	61.6     	241   	53.6       	30.3       	14562     	-85.3
3544      	18:05:58  	141.5 	-61.0 	2     	61.5     	241   	53.8       	29.8       	14569     	-85.4
3546      	18:06:00  	141.3 	-61.0 	2     	61.4     	241   	53.9       	29.5       	14577     	-85.4
3548      	18:06:02  	141.1 	-61.0 	2     	61.4     	242   	54.0       	29.2       	14584     	-85.4
3550      	18:06:04  	140.9 	-61.0 	2     	61.3     	242   	54.1       	28.9       	14592     	-85.4
3552      	18:06:06  	140.8 	-61.1 	2     	61.3     	242   	54.2       	28.6       	14600     	-85.5
3554      	18:06:08  	140.6 	-61.1 	2     	61.1     	243   	54.3       	28.1       	14607     	-85.5
3556      	18:06:10  	140.4 	-61.1 	2     	61.0     	243   	54.5       	27.5       	14615     	-85.6
3558      	18:06:12  	140.2 	-61.2 	2     	60.9     	244   	54.6       	27.0       	14623     	-85.6
3560      	18:06:14  	140.1 	-61.2 	2     	60.9     	244   	54.7       	26.7       	14631     	-85.7
3562      	18:06:16  	139.9 	-61.2 	2     	60.8     	244   	54.8       	26.4       	14639     	-85.7
3564      	18:06:18  	139.7 	-61.2 	2     	60.8     	244   	54.9       	26.2       	14647     	-85.7
3566      	18:06:20  	139.5 	-61.3 	2     	60.7     	245   	55.0       	25.7       	14655     	-85.7
3568      	18:06:22  	139.3 	-61.3 	2     	60.7     	245   	55.2       	25.2       	14663     	-85.8
3570      	18:06:24  	139.2 	-61.3 	2     	60.6     	246   	55.3       	24.7       	14671     	-85.8
3572      	18:06:26  	139.0 	-61.3 	2     	60.5     	246   	55.4       	24.2       	14678     	-85.7
3574      	18:06:28  	138.8 	-61.3 	2     	60.5     	247   	55.5       	24.0       	14686     	-85.7
3576      	18:06:30  	138.7 	-61.2 	2     	60.5     	247   	55.6       	23.8       	14693     	-85.7
3578      	18:06:32  	138.5 	-61.2 	2     	60.3     	247   	55.6       	23.4       	14701     	-85.7
3580      	18:06:34  	138.3 	-61.2 	2     	60.1     	248   	55.7       	22.7       	14708     	-85.7
3582      	18:06:36  	138.1 	-61.2 	2     	59.9     	248   	55.7       	22.1       	14716     	-85.7
3584      	18:06:38  	138.0 	-61.2 	2     	59.8     	249   	55.8       	21.4       	14724     	-85.7
3586      	18:06:40  	137.8 	-61.1 	2     	59.6     	249   	55.8       	21.0       	14731     	-85.7
3588      	18:06:42  	137.6 	-61.1 	2     	59.4     	250   	55.7       	20.6       	14739     	-85.7
3590      	18:06:44  	137.5 	-61.1 	2     	59.2     	250   	55.7       	20.2       	14746     	-85.7
3592      	18:06:46  	137.3 	-61.1 	2     	58.7     	251   	55.4       	19.5       	14754     	-85.7
3594      	18:06:48  	137.1 	-61.1 	2     	58.0     	251   	54.9       	18.8       	14761     	-85.7
3596      	18:06:50  	137.0 	-61.1 	2     	57.3     	252   	54.4       	18.1       	14769     	-85.7
3598      	18:06:52  	136.8 	-61.0 	2     	56.8     	252   	54.0       	17.6       	14777     	-85.7
3600      	18:06:54  	136.6 	-61.0 	2     	56.2     	252   	53.5       	17.3       	14785     	-85.7
3602      	18:06:56  	136.5 	-61.0 	2     	55.8     	252   	53.1       	17.0       	14792     	-85.7
3604      	18:06:58  	136.3 	-61.0 	2     	55.1     	252   	52.5       	16.7       	14800     	-85.7
3606      	18:07:00  	136.1 	-61.0 	2     	54.2     	252   	51.7       	16.4       	14808     	-85.6
3608      	18:07:02  	136.0 	-61.0 	2     	53.3     	253   	50.8       	16.0       	14815     	-85.6
3610      	18:07:04  	135.8 	-61.0 	2     	52.4     	253   	50.0       	15.7       	14823     	-85.6
3612      	18:07:06  	135.6 	-61.0 	2     	51.9     	253   	49.5       	15.6       	14831     	-85.6
3614      	18:07:08  	135.5 	-61.0 	2     	51.5     	252   	49.1       	15.6       	14838     	-85.6
3616      	18:07:10  	135.3 	-61.0 	2     	51.1     	252   	48.7       	15.5       	14846     	-85.6
3618      	18:07:12  	135.1 	-61.0 	2     	50.3     	252   	47.9       	15.5       	14853     	-85.6
3620      	18:07:14  	135.0 	-61.0 	2     	49.4     	252   	46.9       	15.4       	14861     	-85.7
3622      	18:07:16  	134.8 	-61.1 	2     	48.4     	252   	45.9       	15.3       	14868     	-85.7
3624      	18:07:18  	134.6 	-61.1 	2     	47.6     	251   	45.1       	15.2       	14876     	-85.7
3626      	18:07:20  	134.5 	-61.1 	2     	47.0     	251   	44.5       	15.1       	14883     	-85.7
3628      	18:07:22  	134.3 	-61.2 	2     	46.4     	251   	43.9       	15.1       	14890     	-85.7
3630      	18:07:24  	134.2 	-61.2 	2     	46.0     	251   	43.4       	15.2       	14898     	-85.8
3632      	18:07:26  	134.0 	-61.3 	2     	45.7     	250   	43.0       	15.5       	14905     	-85.8
3634      	18:07:28  	133.8 	-61.3 	2     	45.4     	250   	42.6       	15.8       	14912     	-85.8
3636      	18:07:30  	133.7 	-61.3 	2     	45.1     	249   	42.1       	16.2       	14920     	-85.8
3638      	18:07:32  	133.5 	-61.3 	2     	45.3     	249   	42.2       	16.5       	14927     	-85.8
3640      	18:07:34  	133.4 	-61.4 	2     	45.6     	248   	42.3       	16.9       	14934     	-85.8
3642      	18:07:36  	133.2 	-61.4 	2     	45.8     	248   	42.4       	17.3       	14942     	-85.8
3644      	18:07:38  	133.1 	-61.5 	2     	45.7     	247   	42.1       	17.7       	14949     	-85.8
3646      	18:07:40  	132.9 	-61.5 	2     	45.5     	247   	41.7       	18.1       	14957     	-85.8
3648      	18:07:42  	132.7 	-61.6 	2     	45.3     	246   	41.4       	18.5       	14964     	-85.8
3650      	18:07:44  	132.6 	-61.6 	2     	45.1     	245   	41.0       	18.7       	14972     	-85.8
3652      	18:07:46  	132.4 	-61.6 	2     	44.7     	245   	40.6       	18.8       	14979     	-85.8
3654      	18:07:48  	132.2 	-61.7 	2     	44.3     	245   	40.1       	18.8       	14987     	-85.9
3656      	18:07:50  	132.1 	-61.7 	2     	43.8     	244   	39.5       	19.0       	14994     	-85.9
3658      	18:07:52  	131.9 	-61.8 	2     	43.4     	244   	38.9       	19.3       	15001     	-85.9
3660      	18:07:54  	131.8 	-61.8 	2     	43.0     	243   	38.3       	19.6       	15008     	-86.0
3662      	18:07:56  	131.6 	-61.8 	2     	42.7     	242   	37.8       	19.8       	15015     	-86.0
3664      	18:07:58  	131.5 	-61.9 	2     	42.7     	242   	37.7       	20.0       	15022     	-86.1
3666      	18:08:00  	131.3 	-61.9 	2     	42.7     	242   	37.6       	20.2       	15029     	-86.1
3668      	18:08:02  	131.2 	-61.9 	2     	42.7     	241   	37.5       	20.5       	15036     	-86.1
3670      	18:08:04  	131.0 	-61.9 	2     	42.9     	241   	37.5       	20.9       	15043     	-86.1
3672      	18:08:06  	130.9 	-62.0 	2     	43.1     	241   	37.5       	21.2       	15050     	-86.2
3674      	18:08:08  	130.8 	-62.0 	2     	43.3     	240   	37.5       	21.6       	15057     	-86.2
3676      	18:08:10  	130.6 	-62.0 	2     	43.5     	240   	37.6       	21.8       	15064     	-86.2
3678      	18:08:12  	130.5 	-62.0 	2     	43.7     	240   	37.8       	21.9       	15071     	-86.2
3680      	18:08:14  	130.3 	-62.0 	2     	43.8     	240   	37.9       	22.0       	15078     	-86.2
3682      	18:08:16  	130.2 	-62.0 	2     	44.1     	240   	38.2       	22.0       	15085     	-86.2
3684      	18:08:18  	130.0 	-62.0 	2     	44.4     	240   	38.6       	22.0       	15092     	-86.2
3686      	18:08:20  	129.9 	-62.0 	2     	44.8     	241   	39.0       	22.0       	15099     	-86.2
3688      	18:08:22  	129.7 	-62.0 	2     	45.1     	241   	39.4       	21.9       	15105     	-86.2
3690      	18:08:24  	129.6 	-62.0 	2     	45.2     	241   	39.6       	21.7       	15112     	-86.2
3692      	18:08:26  	129.5 	-62.0 	2     	45.3     	242   	39.9       	21.5       	15118     	-86.2
3694      	18:08:28  	129.3 	-62.0 	2     	45.5     	242   	40.2       	21.3       	15125     	-86.2
3696      	18:08:30  	129.2 	-62.0 	2     	45.6     	243   	40.6       	20.8       	15132     	-86.2
3698      	18:08:32  	129.0 	-62.0 	2     	45.9     	244   	41.1       	20.4       	15139     	-86.1
3700      	18:08:34  	128.9 	-61.9 	2     	46.1     	244   	41.5       	20.0       	15145     	-86.1
3702      	18:08:36  	128.7 	-61.9 	2     	46.1     	245   	41.7       	19.7       	15153     	-86.1
3704      	18:08:38  	128.6 	-61.9 	2     	46.2     	245   	41.9       	19.5       	15160     	-86.1
3706      	18:08:40  	128.5 	-61.9 	2     	46.3     	245   	42.1       	19.2       	15167     	-86.1
3708      	18:08:42  	128.3 	-61.9 	2     	46.2     	246   	42.2       	18.7       	15173     	-86.1
3710      	18:08:44  	128.2 	-61.9 	2     	46.0     	247   	42.3       	18.0       	15180     	-86.1
3712      	18:08:46  	128.0 	-61.9 	2     	45.9     	248   	42.5       	17.4       	15187     	-86.1
3714      	18:08:48  	127.9 	-61.9 	2     	45.7     	248   	42.5       	16.8       	15194     	-86.1
3716      	18:08:50  	127.7 	-61.8 	2     	45.6     	249   	42.5       	16.4       	15201     	-86.1
3718      	18:08:52  	127.6 	-61.8 	2     	45.3     	249   	42.4       	16.0       	15208     	-86.1
3720      	18:08:54  	127.5 	-61.8 	2     	45.1     	250   	42.3       	15.5       	15215     	-86.1
3722      	18:08:56  	127.3 	-61.8 	2     	44.6     	251   	42.1       	14.7       	15222     	-86.1
3724      	18:08:58  	127.1 	-61.8 	2     	44.2     	252   	42.0       	13.9       	15230     	-86.0
3726      	18:09:00  	127.0 	-61.8 	2     	43.8     	252   	41.8       	13.2       	15237     	-86.0
3728      	18:09:02  	126.8 	-61.8 	2     	43.5     	253   	41.6       	12.7       	15245     	-86.0
3730      	18:09:04  	126.7 	-61.7 	2     	43.3     	253   	41.5       	12.4       	15253     	-86.0
3732      	18:09:06  	126.5 	-61.7 	2     	43.1     	254   	41.4       	12.0       	15261     	-86.0
3734      	18:09:08  	126.4 	-61.7 	2     	42.7     	254   	41.1       	11.4       	15269     	-86.1
3736      	18:09:10  	126.2 	-61.7 	2     	42.1     	255   	40.7       	10.9       	15276     	-86.1
3738      	18:09:12  	126.0 	-61.6 	2     	41.6     	256   	40.3       	10.3       	15284     	-86.1
3740      	18:09:14  	125.9 	-61.6 	2     	41.2     	256   	40.0       	9.8        	15292     	-86.1
3742      	18:09:16  	125.7 	-61.6 	2     	40.8     	256   	39.7       	9.6        	15300     	-86.1
3744      	18:09:18  	125.6 	-61.6 	2     	40.5     	257   	39.4       	9.4        	15308     	-86.1
3746      	18:09:20  	125.4 	-61.6 	2     	40.0     	257   	39.0       	9.1        	15316     	-86.1
3748      	18:09:22  	125.2 	-61.6 	2     	39.5     	257   	38.5       	8.8        	15324     	-86.0
3750      	18:09:24  	125.1 	-61.6 	2     	38.8     	257   	37.9       	8.5        	15331     	-86.0
3752      	18:09:26  	124.9 	-61.6 	2     	38.2     	258   	37.3       	8.2        	15339     	-86.0
3754      	18:09:28  	124.8 	-61.5 	2     	37.8     	258   	36.9       	8.1        	15347     	-85.9
3756      	18:09:30  	124.6 	-61.5 	2     	37.5     	258   	36.6       	8.0        	15354     	-85.9
3758      	18:09:32  	124.5 	-61.5 	2     	37.1     	258   	36.3       	7.9        	15363     	-85.9
3760      	18:09:34  	124.3 	-61.5 	2     	36.6     	258   	35.7       	7.9        	15371     	-85.9
3762      	18:09:36  	124.1 	-61.5 	2     	35.9     	257   	35.0       	7.9        	15379     	-85.9
3764      	18:09:38  	123.9 	-61.5 	2     	35.2     	257   	34.3       	7.8        	15388     	-85.9
3766      	18:09:40  	123.8 	-61.6 	2     	34.6     	257   	33.7       	7.9        	15397     	-85.9
3768      	18:09:42  	123.6 	-61.6 	2     	34.2     	257   	33.3       	7.9        	15405     	-85.9
3770      	18:09:44  	123.4 	-61.6 	2     	34.0     	256   	33.0       	8.0        	15414     	-86.0
3772      	18:09:46  	123.3 	-61.6 	2     	33.5     	256   	32.5       	8.1        	15422     	-86.0
3774      	18:09:48  	123.1 	-61.6 	2     	32.9     	255   	31.8       	8.3        	15431     	-85.9
3776      	18:09:50  	122.9 	-61.6 	2     	32.2     	255   	31.1       	8.4        	15440     	-85.9
3778      	18:09:52  	122.7 	-61.7 	2     	31.6     	254   	30.4       	8.6        	15449     	-85.9
3780      	18:09:54  	122.6 	-61.7 	2     	31.1     	254   	29.9       	8.7        	15457     	-85.9
3782      	18:09:56  	122.4 	-61.7 	2     	30.9     	253   	29.6       	8.8        	15465     	-85.9
3784      	18:09:58  	122.3 	-61.7 	2     	30.6     	253   	29.2       	9.0        	15473     	-85.9
3786      	18:10:00  	122.1 	-61.7 	2     	30.1     	252   	28.6       	9.3        	15481     	-86.0
3788      	18:10:02  	121.9 	-61.8 	2     	29.6     	251   	28.0       	9.7        	15489     	-86.0
3790      	18:10:04  	121.8 	-61.8 	2     	29.1     	250   	27.3       	10.0       	15497     	-86.1
3792      	18:10:06  	121.6 	-61.8 	2     	28.7     	249   	26.7       	10.4       	15505     	-86.1
3794      	18:10:08  	121.5 	-61.9 	2     	28.5     	248   	26.4       	10.7       	15513     	-86.1
3796      	18:10:10  	121.3 	-61.9 	2     	28.3     	247   	26.1       	10.9       	15521     	-86.1
3798      	18:10:12  	121.2 	-61.9 	2     	28.1     	246   	25.7       	11.4       	15529     	-86.2
3800      	18:10:14  	121.0 	-62.0 	2     	28.0     	245   	25.3       	11.9       	15537     	-86.1
3802      	18:10:16  	120.8 	-62.0 	2     	27.9     	243   	24.9       	12.5       	15545     	-86.1
3804      	18:10:18  	120.7 	-62.0 	2     	27.7     	242   	24.4       	13.1       	15553     	-86.1
3806      	18:10:20  	120.5 	-62.1 	2     	27.7     	241   	24.3       	13.4       	15561     	-86.1
3808      	18:10:22  	120.4 	-62.1 	2     	27.8     	240   	24.2       	13.7       	15569     	-86.1
3810      	18:10:24  	120.2 	-62.2 	2     	27.9     	240   	24.1       	14.1       	15578     	-86.0
3812      	18:10:26  	120.0 	-62.2 	2     	28.0     	239   	24.0       	14.5       	15586     	-86.0
3814      	18:10:28  	119.9 	-62.2 	2     	28.2     	238   	23.9       	15.0       	15595     	-86.0
3816      	18:10:30  	119.7 	-62.2 	2     	28.4     	237   	23.8       	15.5       	15603     	-86.0
3818      	18:10:32  	119.6 	-62.3 	2     	28.5     	236   	23.7       	15.8       	15611     	-86.1
3820      	18:10:34  	119.4 	-62.3 	2     	28.6     	236   	23.7       	16.0       	15619     	-86.1
3822      	18:10:36  	119.2 	-62.3 	2     	28.7     	236   	23.7       	16.2       	15628     	-86.1
3824      	18:10:38  	119.1 	-62.3 	2     	29.0     	236   	23.9       	16.4       	15636     	-86.1
3826      	18:10:40  	118.9 	-62.3 	2     	29.3     	235   	24.1       	16.7       	15644     	-86.1
3828      	18:10:42  	118.8 	-62.3 	2     	29.5     	235   	24.2       	16.9       	15652     	-86.2
3830      	18:10:44  	118.6 	-62.3 	2     	29.8     	235   	24.4       	17.1       	15661     	-86.2
3832      	18:10:46  	118.4 	-62.3 	2     	30.0     	235   	24.6       	17.2       	15670     	-86.2
3834      	18:10:48  	118.2 	-62.3 	2     	30.2     	235   	24.8       	17.3       	15679     	-86.2
3836      	18:10:50  	118.1 	-62.3 	2     	30.4     	235   	25.0       	17.3       	15688     	-86.2
3838      	18:10:52  	117.9 	-62.3 	2     	30.8     	235   	25.4       	17.5       	15696     	-86.2
3840      	18:10:54  	117.7 	-62.3 	2     	31.2     	236   	25.8       	17.6       	15705     	-86.2
3842      	18:10:56  	117.6 	-62.3 	2     	31.7     	236   	26.2       	17.8       	15713     	-86.2
3844      	18:10:58  	117.4 	-62.3 	2     	32.0     	236   	26.5       	17.9       	15722     	-86.2
3846      	18:11:00  	117.3 	-62.3 	2     	32.1     	236   	26.7       	17.9       	15731     	-86.2
3848      	18:11:02  	117.1 	-62.3 	2     	32.4     	236   	27.0       	18.0       	15739     	-86.1
3850      	18:11:04  	116.9 	-62.3 	2     	32.5     	237   	27.1       	17.9       	15748     	-86.1
3852      	18:11:06  	116.8 	-62.3 	2     	32.5     	237   	27.2       	17.7       	15757     	-86.1
3854      	18:11:08  	116.6 	-62.3 	2     	32.6     	237   	27.4       	17.6       	15765     	-86.0
3856      	18:11:10  	116.4 	-62.3 	2     	32.5     	238   	27.4       	17.4       	15773     	-86.0
3858      	18:11:12  	116.3 	-62.3 	3     	32.3     	238   	27.3       	17.2       	15782     	-85.9
3860      	18:11:14  	116.1 	-62.3 	3     	32.0     	238   	27.2       	16.9       	15791     	-85.9
3862      	18:11:16  	116.0 	-62.3 	3     	31.8     	238   	27.1       	16.7       	15799     	-85.9
3864      	18:11:18  	115.8 	-62.3 	3     	31.5     	239   	26.9       	16.4       	15808     	-85.9
3866      	18:11:20  	115.6 	-62.4 	3     	31.2     	239   	26.7       	16.1       	15816     	-85.9
3868      	18:11:22  	115.5 	-62.4 	3     	30.8     	239   	26.5       	15.7       	15825     	-85.9
3870      	18:11:24  	115.3 	-62.5 	3     	30.7     	239   	26.4       	15.6       	15834     	-85.9
3872      	18:11:26  	115.2 	-62.5 	3     	30.6     	240   	26.4       	15.5       	15842     	-86.0
3874      	18:11:28  	115.0 	-62.6 	3     	30.5     	240   	26.3       	15.4       	15851     	-86.1
3876      	18:11:30  	114.8 	-62.6 	3     	30.4     	240   	26.2       	15.4       	15859     	-86.1
3878      	18:11:32  	114.7 	-62.7 	3     	30.3     	239   	26.1       	15.4       	15868     	-86.2
3880      	18:11:34  	114.5 	-62.7 	3     	30.3     	239   	26.1       	15.4       	15877     	-86.2
3882      	18:11:36  	114.4 	-62.7 	3     	30.2     	239   	26.0       	15.4       	15885     	-86.3
3884      	18:11:38  	114.2 	-62.8 	3     	30.3     	239   	26.0       	15.5       	15894     	-86.3
3886      	18:11:40  	114.0 	-62.9 	3     	30.3     	239   	26.0       	15.5       	15903     	-86.3
3888      	18:11:42  	113.9 	-62.9 	3     	30.3     	239   	26.0       	15.6       	15911     	-86.3
3890      	18:11:44  	113.7 	-63.0 	3     	30.4     	239   	26.0       	15.8       	15920     	-86.4
3892      	18:11:46  	113.6 	-63.0 	3     	30.5     	239   	26.0       	15.9       	15928     	-86.4
3894      	18:11:48  	113.4 	-63.1 	3     	30.6     	238   	26.0       	16.1       	15937     	-86.4
3896      	18:11:50  	113.2 	-63.1 	3     	30.5     	238   	25.9       	16.2       	15945     	-86.4
3898      	18:11:52  	113.1 	-63.2 	3     	30.6     	238   	25.9       	16.3       	15954     	-86.4
3900      	18:11:54  	112.9 	-63.2 	3     	30.7     	238   	25.9       	16.4       	15962     	-86.4
3902      	18:11:56  	112.8 	-63.2 	3     	30.7     	238   	25.9       	16.4       	15971     	-86.4
3904      	18:11:58  	112.6 	-63.3 	3     	30.7     	238   	25.9       	16.5       	15979     	-86.4
3906      	18:12:00  	112.5 	-63.3 	3     	30.7     	238   	25.9       	16.5       	15988     	-86.4
3908      	18:12:02  	112.3 	-63.3 	3     	30.8     	237   	25.9       	16.6       	15997     	-86.4
3910      	18:12:04  	112.2 	-63.4 	3     	30.8     	237   	26.0       	16.6       	16005     	-86.4
3912      	18:12:06  	112.0 	-63.4 	3     	30.8     	238   	26.0       	16.5       	16013     	-86.5
3914      	18:12:08  	111.8 	-63.5 	3     	30.7     	238   	26.0       	16.4       	16022     	-86.5
3916      	18:12:10  	111.7 	-63.5 	3     	30.6     	238   	26.0       	16.2       	16030     	-86.5
3918      	18:12:12  	111.5 	-63.6 	3     	30.6     	238   	26.0       	16.1       	16039     	-86.6
3920      	18:12:14  	111.4 	-63.6 	3     	30.5     	239   	26.0       	15.9       	16047     	-86.6
3922      	18:12:16  	111.2 	-63.6 	3     	30.4     	239   	26.0       	15.7       	16055     	-86.7
3924      	18:12:18  	111.1 	-63.7 	3     	30.3     	239   	26.0       	15.5       	16063     	-86.7
3926      	18:12:20  	110.9 	-63.8 	3     	30.2     	239   	26.0       	15.4       	16071     	-86.7
3928      	18:12:22  	110.8 	-63.8 	3     	30.0     	240   	25.9       	15.1       	16079     	-86.8
3930      	18:12:24  	110.7 	-63.8 	3     	29.7     	240   	25.8       	14.8       	16087     	-86.8
3932      	18:12:26  	110.5 	-63.8 	3     	29.4     	241   	25.6       	14.4       	16096     	-86.8
3934      	18:12:28  	110.4 	-63.9 	3     	29.2     	241   	25.5       	14.2       	16104     	-86.8
3936      	18:12:30  	110.2 	-63.9 	3     	29.0     	241   	25.4       	14.0       	16112     	-86.8
3938      	18:12:32  	110.1 	-63.9 	3     	28.9     	241   	25.3       	13.9       	16120     	-86.8
3940      	18:12:34  	109.9 	-63.9 	3     	28.7     	241   	25.2       	13.7       	16128     	-86.9
3942      	18:12:36  	109.8 	-63.9 	3     	28.3     	242   	25.0       	13.2       	16137     	-86.9
3944      	18:12:38  	109.6 	-64.0 	3     	27.9     	243   	24.8       	12.8       	16145     	-86.9
3946      	18:12:40  	109.5 	-63.9 	3     	27.5     	243   	24.6       	12.4       	16154     	-86.9
3948      	18:12:42  	109.3 	-63.9 	3     	27.3     	244   	24.5       	12.1       	16162     	-87.0
3950      	18:12:44  	109.2 	-63.9 	3     	27.2     	244   	24.5       	11.8       	16171     	-87.0
3952      	18:12:46  	109.0 	-63.9 	3     	27.0     	245   	24.4       	11.5       	16179     	-87.0
3954      	18:12:48  	108.9 	-63.9 	3     	26.6     	246   	24.2       	11.0       	16187     	-87.1
3956      	18:12:50  	108.7 	-63.9 	3     	26.1     	247   	24.0       	10.3       	16196     	-87.1
3958      	18:12:52  	108.6 	-63.9 	3     	25.8     	248   	23.9       	9.7        	16204     	-87.1
3960      	18:12:54  	108.4 	-63.9 	3     	25.4     	249   	23.7       	9.1        	16213     	-87.1
3962      	18:12:56  	108.3 	-63.8 	3     	25.2     	250   	23.6       	8.8        	16221     	-87.1
3964      	18:12:58  	108.1 	-63.8 	3     	25.0     	250   	23.5       	8.4        	16230     	-87.1
3966      	18:13:00  	108.0 	-63.8 	2     	24.6     	251   	23.3       	7.9        	16238     	-87.1
3968      	18:13:02  	107.8 	-63.7 	2     	24.1     	253   	23.0       	7.2        	16246     	-87.1
3970      	18:13:04  	107.7 	-63.6 	2     	23.7     	254   	22.8       	6.6        	16255     	-87.1
3972      	18:13:06  	107.5 	-63.6 	2     	23.4     	255   	22.6       	5.9        	16263     	-87.0
3974      	18:13:08  	107.4 	-63.5 	2     	23.1     	256   	22.4       	5.6        	16271     	-87.0
3976      	18:13:10  	107.2 	-63.5 	2     	22.9     	257   	22.3       	5.3        	16279     	-86.9
3978      	18:13:12  	107.1 	-63.4 	2     	22.5     	257   	22.0       	4.9        	16287     	-86.9
3980      	18:13:14  	107.0 	-63.4 	2     	21.9     	258   	21.4       	4.6        	16295     	-86.9
3982      	18:13:16  	106.8 	-63.4 	2     	21.2     	259   	20.8       	4.2        	16303     	-86.8
3984      	18:13:18  	106.7 	-63.3 	2     	20.6     	259   	20.2       	3.8        	16311     	-86.8
3986      	18:13:20  	106.5 	-63.3 	2     	19.9     	260   	19.6       	3.6        	16319     	-86.8
3988      	18:13:22  	106.4 	-63.2 	2     	19.4     	259   	19.1       	3.6        	16327     	-86.8
3990      	18:13:24  	106.3 	-63.2 	2     	18.9     	259   	18.6       	3.5        	16336     	-86.8
3992      	18:13:26  	106.1 	-63.2 	2     	18.1     	259   	17.7       	3.6        	16343     	-86.8
3994      	18:13:28  	106.0 	-63.2 	2     	17.0     	257   	16.6       	3.7        	16351     	-86.8
3996      	18:13:30  	105.9 	-63.2 	2     	16.1     	256   	15.6       	3.8        	16359     	-86.7
3998      	18:13:32  	105.7 	-63.2 	2     	15.2     	255   	14.7       	3.9        	16370     	-86.8
4000      	18:13:34  	105.5 	-63.2 	2     	14.8     	254   	14.2       	4.1        	16381     	-86.8
4002      	18:13:36  	105.3 	-63.2 	2     	14.3     	252   	13.6       	4.3        	16392     	-86.8
4004      	18:13:38  	105.1 	-63.2 	2     	13.8     	251   	13.0       	4.6        	16404     	-86.8
4006      	18:13:40  	104.9 	-63.2 	2     	13.2     	247   	12.2       	5.1        	16416     	-86.8
4008      	18:13:42  	104.7 	-63.2 	2     	12.8     	244   	11.5       	5.6        	16427     	-86.7
4010      	18:13:44  	104.5 	-63.2 	2     	12.4     	240   	10.7       	6.2        	16437     	-86.7
4012      	18:13:46  	104.4 	-63.2 	2     	12.3     	238   	10.4       	6.5        	16447     	-86.7
4014      	18:13:48  	104.2 	-63.3 	2     	12.3     	236   	10.2       	6.9        	16456     	-86.7
4016      	18:13:50  	104.0 	-63.3 	2     	12.3     	234   	9.9        	7.3        	16465     	-86.8
4018      	18:13:52  	103.9 	-63.3 	2     	12.3     	231   	9.5        	7.8        	16473     	-86.8
4020      	18:13:54  	103.7 	-63.4 	3     	12.2     	227   	9.0        	8.3        	16483     	-86.8
4022      	18:13:56  	103.6 	-63.4 	3     	12.2     	224   	8.4        	8.8        	16493     	-86.8
4024      	18:13:58  	103.4 	-63.5 	3     	12.3     	221   	8.0        	9.3        	16503     	-86.8
4026      	18:14:00  	103.2 	-63.5 	3     	12.2     	219   	7.7        	9.4        	16513     	-86.8
4028      	18:14:02  	103.1 	-63.6 	3     	12.1     	218   	7.4        	9.6        	16523     	-86.8
4030      	18:14:04  	102.9 	-63.6 	3     	12.2     	216   	7.1        	9.9        	16532     	-86.8
4032      	18:14:06  	102.8 	-63.7 	3     	12.3     	213   	6.7        	10.3       	16541     	-86.8
4034      	18:14:08  	102.6 	-63.7 	3     	12.4     	210   	6.3        	10.7       	16550     	-86.8
4036      	18:14:10  	102.5 	-63.8 	3     	12.7     	208   	5.9        	11.2       	16559     	-86.8
4038      	18:14:12  	102.3 	-63.8 	3     	12.8     	206   	5.7        	11.5       	16567     	-86.8
4040      	18:14:14  	102.2 	-63.9 	3     	13.1     	205   	5.6        	11.8       	16575     	-86.7
4042      	18:14:16  	102.1 	-63.9 	3     	13.2     	205   	5.6        	12.0       	16583     	-86.7
4044      	18:14:18  	101.9 	-64.0 	3     	13.5     	204   	5.5        	12.3       	16591     	-86.7
4046      	18:14:20  	101.8 	-64.0 	3     	13.6     	203   	5.4        	12.5       	16599     	-86.7
4048      	18:14:22  	101.7 	-64.1 	3     	13.9     	202   	5.3        	12.8       	16607     	-86.7
4050      	18:14:24  	101.5 	-64.1 	3     	13.9     	202   	5.2        	12.9       	16615     	-86.7
4052      	18:14:26  	101.4 	-64.2 	3     	13.9     	202   	5.2        	12.9       	16623     	-86.7
4054      	18:14:28  	101.3 	-64.3 	3     	13.9     	202   	5.2        	12.9       	16631     	-86.8
4056      	18:14:30  	101.1 	-64.4 	3     	13.8     	202   	5.2        	12.8       	16639     	-86.8
4058      	18:14:32  	101.0 	-64.4 	3     	13.8     	202   	5.2        	12.8       	16647     	-86.9
4060      	18:14:34  	100.9 	-64.5 	3     	13.8     	202   	5.1        	12.8       	16655     	-86.9
4062      	18:14:36  	100.7 	-64.6 	3     	13.7     	202   	5.1        	12.7       	16663     	-86.9
4064      	18:14:38  	100.6 	-64.7 	3     	13.7     	202   	5.1        	12.7       	16672     	-87.0
4066      	18:14:40  	100.5 	-64.7 	3     	13.6     	201   	5.0        	12.7       	16680     	-87.0
4068      	18:14:42  	100.3 	-64.8 	3     	13.6     	201   	5.0        	12.7       	16688     	-87.0
4070      	18:14:44  	100.2 	-64.9 	3     	13.6     	201   	4.9        	12.7       	16696     	-87.1
4072      	18:14:46  	100.1 	-65.0 	3     	13.6     	201   	4.8        	12.7       	16704     	-87.1
4074      	18:14:48  	99.9  	-65.1 	3     	13.5     	200   	4.7        	12.7       	16713     	-87.2
4076      	18:14:50  	99.8  	-65.1 	3     	13.5     	200   	4.6        	12.7       	16721     	-87.2
4078      	18:14:52  	99.7  	-65.2 	3     	13.5     	200   	4.5        	12.7       	16729     	-87.3
4080      	18:14:54  	99.5  	-65.3 	3     	13.5     	200   	4.5        	12.7       	16737     	-87.3
4082      	18:14:56  	99.4  	-65.4 	3     	13.5     	200   	4.5        	12.7       	16746     	-87.4
4084      	18:14:58  	99.2  	-65.4 	3     	13.5     	200   	4.6        	12.7       	16755     	-87.4
4086      	18:15:00  	99.1  	-65.5 	3     	13.5     	200   	4.7        	12.7       	16764     	-87.4
4088      	18:15:02  	99.0  	-65.6 	3     	13.6     	201   	4.8        	12.7       	16772     	-87.5
4090      	18:15:04  	98.8  	-65.6 	3     	13.6     	201   	4.9        	12.7       	16780     	-87.5
4092      	18:15:06  	98.7  	-65.7 	3     	13.7     	202   	5.1        	12.7       	16788     	-87.6
4094      	18:15:08  	98.6  	-65.8 	3     	13.7     	202   	5.2        	12.7       	16796     	-87.7
4096      	18:15:10  	98.4  	-65.9 	3     	13.7     	203   	5.4        	12.6       	16804     	-87.7
4098      	18:15:12  	98.3  	-65.9 	3     	13.6     	205   	5.7        	12.4       	16813     	-87.8
4100      	18:15:14  	98.2  	-66.0 	3     	13.6     	206   	5.9        	12.2       	16821     	-87.9
4102      	18:15:16  	98.0  	-66.1 	3     	13.5     	207   	6.1        	12.0       	16829     	-87.9
4104      	18:15:18  	97.9  	-66.2 	3     	13.3     	207   	6.1        	11.8       	16837     	-87.9
4106      	18:15:20  	97.8  	-66.2 	3     	13.2     	208   	6.2        	11.6       	16845     	-87.9
4108      	18:15:22  	97.6  	-66.3 	3     	13.0     	209   	6.3        	11.4       	16853     	-88.0
4110      	18:15:24  	97.5  	-66.4 	3     	12.9     	210   	6.5        	11.2       	16861     	-88.0
4112      	18:15:26  	97.4  	-66.5 	3     	12.9     	211   	6.7        	11.0       	16869     	-88.0
4114      	18:15:28  	97.3  	-66.5 	3     	12.7     	213   	6.9        	10.7       	16876     	-88.0
4116      	18:15:30  	97.1  	-66.6 	3     	12.8     	213   	7.0        	10.7       	16884     	-88.1
4118      	18:15:32  	97.0  	-66.7 	3     	12.8     	214   	7.1        	10.7       	16892     	-88.1
4120      	18:15:34  	96.9  	-66.7 	3     	12.9     	214   	7.2        	10.7       	16900     	-88.2
4122      	18:15:36  	96.8  	-66.8 	3     	13.1     	215   	7.5        	10.7       	16908     	-88.2
4124      	18:15:38  	96.6  	-66.8 	3     	13.3     	216   	7.8        	10.8       	16916     	-88.3
4126      	18:15:40  	96.5  	-66.9 	3     	13.5     	216   	8.0        	10.9       	16924     	-88.3
4128      	18:15:42  	96.4  	-67.0 	3     	13.7     	217   	8.3        	10.9       	16933     	-88.4
4130      	18:15:44  	96.2  	-67.0 	3     	13.9     	218   	8.5        	11.0       	16941     	-88.5
4132      	18:15:46  	96.1  	-67.1 	3     	14.0     	218   	8.6        	11.1       	16949     	-88.6
4134      	18:15:48  	96.0  	-67.1 	3     	14.2     	218   	8.8        	11.2       	16958     	-88.7
4136      	18:15:50  	95.8  	-67.2 	3     	14.3     	218   	8.9        	11.2       	16966     	-88.8
4138      	18:15:52  	95.7  	-67.2 	3     	14.4     	219   	9.1        	11.2       	16975     	-88.8
4140      	18:15:54  	95.6  	-67.3 	3     	14.5     	219   	9.2        	11.2       	16984     	-88.9
4142      	18:15:56  	95.4  	-67.3 	3     	14.5     	219   	9.2        	11.2       	16992     	-89.0
4144      	18:15:58  	95.3  	-67.4 	3     	14.5     	219   	9.2        	11.2       	17001     	-89.0
4146      	18:16:00  	95.1  	-67.5 	3     	14.7     	220   	9.4        	11.3       	17010     	-89.0
4148      	18:16:02  	95.0  	-67.5 	3     	15.4     	221   	10.0       	11.7       	17018     	-89.0
4150      	18:16:04  	94.9  	-67.5 	3     	16.2     	221   	10.6       	12.2       	17026     	-89.1
4152      	18:16:06  	94.7  	-67.5 	3     	16.9     	221   	11.2       	12.7       	17035     	-89.1
4154      	18:16:08  	94.6  	-67.6 	3     	17.8     	222   	11.9       	13.2       	17043     	-89.1
4156      	18:16:10  	94.5  	-67.6 	3     	18.5     	222   	12.5       	13.7       	17051     	-89.2
4158      	18:16:12  	94.4  	-67.6 	3     	19.4     	223   	13.2       	14.2       	17060     	-89.2
4160      	18:16:14  	94.2  	-67.7 	3     	20.1     	223   	13.8       	14.6       	17068     	-89.2
4162      	18:16:16  	94.1  	-67.7 	3     	20.7     	224   	14.4       	14.9       	17076     	-89.2
4164      	18:16:18  	94.0  	-67.7 	3     	21.4     	224   	15.0       	15.3       	17084     	-89.3
4166      	18:16:20  	93.8  	-67.7 	3     	21.8     	225   	15.4       	15.4       	17092     	-89.3
4168      	18:16:22  	93.7  	-67.8 	3     	21.6     	225   	15.3       	15.3       	17101     	-89.3
4170      	18:16:24  	93.6  	-67.8 	3     	21.5     	225   	15.3       	15.1       	17109     	-89.3
4172      	18:16:26  	93.5  	-67.8 	3     	21.4     	226   	15.3       	14.9       	17118     	-89.3
4174      	18:16:28  	93.3  	-67.8 	3     	21.2     	227   	15.4       	14.6       	17126     	-89.2
4176      	18:16:30  	93.2  	-67.8 	3     	21.1     	227   	15.5       	14.3       	17134     	-89.2
4178      	18:16:32  	93.1  	-67.8 	3     	21.0     	228   	15.6       	14.0       	17142     	-89.2
4180      	18:16:34  	92.9  	-67.8 	3     	21.0     	229   	15.8       	13.9       	17150     	-89.2
4182      	18:16:36  	92.8  	-67.8 	3     	21.1     	229   	16.0       	13.8       	17158     	-89.2
4184      	18:16:38  	92.7  	-67.8 	3     	21.1     	230   	16.1       	13.7       	17166     	-89.2
4186      	18:16:40  	92.6  	-67.8 	3     	21.3     	231   	16.5       	13.5       	17175     	-89.2
4188      	18:16:42  	92.4  	-67.8 	3     	21.5     	232   	16.9       	13.3       	17183     	-89.3
4190      	18:16:44  	92.3  	-67.8 	3     	21.7     	232   	17.2       	13.2       	17191     	-89.3
4192      	18:16:46  	92.2  	-67.8 	3     	21.9     	233   	17.6       	13.1       	17199     	-89.3
4194      	18:16:48  	92.1  	-67.8 	3     	22.0     	234   	17.7       	13.0       	17207     	-89.3
4196      	18:16:50  	91.9  	-67.8 	3     	22.1     	234   	17.9       	13.0       	17215     	-89.3
4198      	18:16:52  	91.8  	-67.7 	3     	22.3     	235   	18.2       	12.9       	17223     	-89.2
4200      	18:16:54  	91.7  	-67.7 	3     	22.5     	235   	18.5       	12.8       	17232     	-89.2
4202      	18:16:56  	91.6  	-67.7 	3     	22.7     	236   	18.8       	12.7       	17240     	-89.2
4204      	18:16:58  	91.4  	-67.7 	3     	22.8     	237   	19.1       	12.5       	17248     	-89.2
4206      	18:17:00  	91.3  	-67.6 	3     	22.9     	237   	19.2       	12.4       	17256     	-89.2
4208      	18:17:02  	91.2  	-67.6 	3     	22.9     	237   	19.3       	12.3       	17265     	-89.2
4210      	18:17:04  	91.1  	-67.5 	3     	23.0     	238   	19.4       	12.3       	17274     	-89.2
4212      	18:17:06  	90.9  	-67.5 	3     	23.0     	239   	19.7       	11.9       	17282     	-89.1
4214      	18:17:08  	90.8  	-67.4 	3     	23.1     	240   	20.0       	11.5       	17290     	-89.1
4216      	18:17:10  	90.7  	-67.4 	3     	23.2     	241   	20.4       	11.1       	17298     	-89.1
4218      	18:17:12  	90.6  	-67.3 	3     	23.3     	243   	20.7       	10.7       	17306     	-89.1
4220      	18:17:14  	90.4  	-67.3 	3     	23.3     	244   	20.9       	10.4       	17314     	-89.2
4222      	18:17:16  	90.3  	-67.2 	3     	23.4     	244   	21.1       	10.1       	17322     	-89.2
4224      	18:17:18  	90.2  	-67.2 	3     	23.4     	245   	21.3       	9.8        	17330     	-89.1
4226      	18:17:20  	90.1  	-67.1 	3     	23.3     	247   	21.4       	9.3        	17339     	-89.1
4228      	18:17:22  	90.0  	-67.1 	3     	23.3     	248   	21.5       	8.9        	17347     	-89.1
4230      	18:17:24  	89.8  	-67.0 	3     	23.3     	249   	21.7       	8.5        	17355     	-89.1
4232      	18:17:26  	89.7  	-66.9 	3     	23.1     	249   	21.6       	8.3        	17363     	-89.0
4234      	18:17:28  	89.6  	-66.8 	3     	23.0     	249   	21.5       	8.2        	17371     	-89.0
4236      	18:17:30  	89.5  	-66.8 	3     	22.8     	250   	21.4       	8.0        	17379     	-88.9
4238      	18:17:32  	89.4  	-66.7 	3     	22.3     	249   	20.9       	7.9        	17387     	-88.9
4240      	18:17:34  	89.2  	-66.6 	3     	21.8     	249   	20.3       	7.9        	17395     	-88.8
4242      	18:17:36  	89.1  	-66.5 	3     	21.2     	248   	19.7       	7.8        	17402     	-88.7
4244      	18:17:38  	89.0  	-66.3 	3     	20.7     	248   	19.2       	7.8        	17410     	-88.7
4246      	18:17:40  	88.9  	-66.2 	3     	20.3     	247   	18.7       	7.8        	17417     	-88.6
4248      	18:17:42  	88.8  	-66.0 	3     	19.8     	247   	18.2       	7.9        	17425     	-88.5
4250      	18:17:44  	88.7  	-65.8 	3     	19.3     	246   	17.6       	8.0        	17433     	-88.4
4252      	18:17:46  	88.6  	-65.7 	3     	18.6     	243   	16.6       	8.3        	17440     	-88.3
4254      	18:17:48  	88.5  	-65.5 	3     	17.9     	242   	15.7       	8.5        	17448     	-88.2
4256      	18:17:50  	88.4  	-65.3 	3     	17.1     	239   	14.7       	8.8        	17455     	-88.1
4258      	18:17:52  	88.3  	-65.1 	3     	16.7     	237   	14.1       	9.0        	17462     	-88.0
4260      	18:17:54  	88.1  	-65.0 	3     	16.5     	236   	13.7       	9.2        	17470     	-87.8
4262      	18:17:56  	88.0  	-64.8 	3     	16.2     	235   	13.2       	9.4        	17477     	-87.7
4264      	18:17:58  	87.9  	-64.7 	3     	15.8     	232   	12.5       	9.6        	17485     	-87.6
4266      	18:18:00  	87.8  	-64.5 	3     	15.4     	230   	11.8       	9.9        	17492     	-87.5
4268      	18:18:02  	87.7  	-64.4 	3     	15.0     	227   	11.0       	10.2       	17500     	-87.4
4270      	18:18:04  	87.6  	-64.2 	3     	14.8     	225   	10.5       	10.4       	17507     	-87.3
4272      	18:18:06  	87.5  	-64.1 	3     	14.6     	224   	10.2       	10.5       	17515     	-87.2
4274      	18:18:08  	87.4  	-64.0 	3     	14.5     	223   	9.9        	10.6       	17522     	-87.1
4276      	18:18:10  	87.3  	-63.8 	3     	14.4     	222   	9.7        	10.6       	17530     	-87.0
4278      	18:18:12  	87.2  	-63.7 	3     	14.1     	221   	9.3        	10.6       	17537     	-86.9
4280      	18:18:14  	87.1  	-63.6 	3     	13.8     	221   	9.0        	10.5       	17544     	-86.7
4282      	18:18:16  	87.0  	-63.5 	3     	13.6     	219   	8.6        	10.5       	17551     	-86.6
4284      	18:18:18  	86.9  	-63.4 	3     	13.4     	220   	8.5        	10.3       	17558     	-86.5
4286      	18:18:20  	86.8  	-63.3 	3     	13.2     	219   	8.4        	10.2       	17566     	-86.4
4288      	18:18:22  	86.7  	-63.3 	3     	13.1     	219   	8.3        	10.1       	17573     	-86.3
4290      	18:18:24  	86.6  	-63.2 	3     	12.9     	220   	8.2        	9.9        	17581     	-86.2
4292      	18:18:26  	86.5  	-63.1 	3     	12.6     	220   	8.0        	9.7        	17589     	-86.2
4294      	18:18:28  	86.3  	-63.1 	3     	12.3     	219   	7.8        	9.5        	17596     	-86.1
4296      	18:18:30  	86.2  	-63.1 	3     	12.1     	220   	7.7        	9.3        	17604     	-86.1
4298      	18:18:32  	86.1  	-63.2 	3     	11.9     	220   	7.6        	9.2        	17612     	-86.1
4300      	18:18:34  	86.0  	-63.2 	3     	11.9     	219   	7.5        	9.2        	17619     	-86.1
4302      	18:18:36  	85.9  	-63.2 	3     	11.7     	219   	7.4        	9.0        	17627     	-86.1
4304      	18:18:38  	85.8  	-63.2 	3     	11.6     	220   	7.4        	8.9        	17635     	-86.2
4306      	18:18:40  	85.7  	-63.3 	3     	11.4     	220   	7.3        	8.7        	17643     	-86.2
4308      	18:18:42  	85.6  	-63.3 	3     	11.3     	220   	7.3        	8.6        	17651     	-86.2
4310      	18:18:44  	85.5  	-63.4 	3     	11.2     	221   	7.3        	8.5        	17659     	-86.2
4312      	18:18:46  	85.3  	-63.4 	3     	11.2     	221   	7.4        	8.4        	17667     	-86.3
4314      	18:18:48  	85.2  	-63.4 	3     	11.2     	222   	7.5        	8.3        	17676     	-86.3
4316      	18:18:50  	85.1  	-63.5 	3     	11.2     	224   	7.8        	8.0        	17684     	-86.4
4318      	18:18:52  	85.0  	-63.5 	3     	11.2     	226   	8.1        	7.7        	17692     	-86.4
4320      	18:18:54  	84.9  	-63.5 	3     	11.2     	229   	8.4        	7.4        	17700     	-86.4
4322      	18:18:56  	84.8  	-63.5 	3     	11.2     	231   	8.7        	7.1        	17708     	-86.4
4324      	18:18:58  	84.7  	-63.5 	3     	11.3     	233   	9.0        	6.9        	17716     	-86.4
4326      	18:19:00  	84.6  	-63.5 	3     	11.4     	235   	9.3        	6.6        	17724     	-86.4
4328      	18:19:02  	84.4  	-63.4 	3     	11.5     	238   	9.8        	6.1        	17733     	-86.3
4330      	18:19:04  	84.3  	-63.4 	3     	11.7     	242   	10.3       	5.5        	17741     	-86.3
4332      	18:19:06  	84.2  	-63.4 	3     	12.0     	246   	10.9       	4.9        	17749     	-86.2
4334      	18:19:08  	84.1  	-63.4 	3     	12.1     	249   	11.3       	4.4        	17758     	-86.2
4336      	18:19:10  	84.0  	-63.3 	3     	12.3     	251   	11.6       	4.0        	17766     	-86.2
4338      	18:19:12  	83.9  	-63.3 	3     	12.5     	253   	11.9       	3.7        	17775     	-86.2
4340      	18:19:14  	83.8  	-63.3 	3     	12.5     	255   	12.1       	3.2        	17783     	-86.2
4342      	18:19:16  	83.6  	-63.2 	3     	12.4     	258   	12.1       	2.5        	17791     	-86.2
4344      	18:19:18  	83.5  	-63.2 	3     	12.3     	262   	12.2       	1.8        	17799     	-86.2
4346      	18:19:20  	83.4  	-63.2 	3     	12.3     	264   	12.2       	1.2        	17808     	-86.1
4348      	18:19:22  	83.3  	-63.1 	3     	12.0     	266   	12.0       	0.8        	17816     	-86.1
4350      	18:19:24  	83.2  	-63.1 	3     	11.8     	268   	11.8       	0.5        	17825     	-86.0
4352      	18:19:26  	83.1  	-63.0 	3     	11.5     	270   	11.5       	0.1        	17833     	-85.9
4354      	18:19:28  	83.0  	-63.0 	3     	11.0     	271   	11.0       	-0.1       	17842     	-85.9
4356      	18:19:30  	82.9  	-63.0 	3     	10.4     	272   	10.4       	-0.4       	17850     	-85.8
4358      	18:19:32  	82.7  	-63.0 	3     	9.7      	274   	9.7        	-0.6       	17858     	-85.8
4360      	18:19:34  	82.6  	-62.9 	3     	9.2      	275   	9.2        	-0.8       	17866     	-85.7
4362      	18:19:36  	82.5  	-62.9 	3     	8.8      	275   	8.8        	-0.8       	17874     	-85.7
4364      	18:19:38  	82.4  	-62.9 	3     	8.4      	275   	8.4        	-0.7       	17883     	-85.7
4366      	18:19:40  	82.3  	-62.9 	3     	7.9      	274   	7.9        	-0.6       	17891     	-85.7
4368      	18:19:42  	82.2  	-62.9 	3     	7.2      	273   	7.2        	-0.4       	17899     	-85.7
4370      	18:19:44  	82.1  	-62.9 	3     	6.4      	272   	6.4        	-0.2       	17907     	-85.7
4372      	18:19:46  	82.0  	-62.9 	3     	5.7      	270   	5.7        	0.0        	17915     	-85.7
4374      	18:19:48  	81.9  	-62.9 	3     	5.3      	269   	5.3        	0.1        	17923     	-85.7
4376      	18:19:50  	81.8  	-62.9 	3     	4.9      	266   	4.9        	0.3        	17931     	-85.7
4378      	18:19:52  	81.7  	-62.9 	3     	4.6      	265   	4.6        	0.4        	17940     	-85.8
4380      	18:19:54  	81.5  	-62.9 	3     	4.2      	260   	4.1        	0.7        	17948     	-85.8
4382      	18:19:56  	81.4  	-63.0 	3     	3.9      	253   	3.7        	1.1        	17956     	-85.9
4384      	18:19:58  	81.3  	-63.0 	3     	3.5      	246   	3.2        	1.4        	17964     	-85.9
4386      	18:20:00  	81.2  	-63.0 	3     	3.4      	240   	2.9        	1.7        	17972     	-85.9
4388      	18:20:02  	81.1  	-62.9 	3     	3.4      	236   	2.8        	1.9        	17980     	-85.9
4390      	18:20:04  	81.0  	-62.9 	3     	3.3      	231   	2.6        	2.1        	17988     	-85.9
4392      	18:20:06  	80.9  	-62.8 	3     	3.5      	226   	2.5        	2.4        	17997     	-85.9
4394      	18:20:08  	80.8  	-62.8 	3     	3.5      	220   	2.3        	2.7        	18006     	-85.9
4396      	18:20:10  	80.7  	-62.7 	3     	3.7      	214   	2.1        	3.1        	18014     	-85.9
4398      	18:20:12  	80.6  	-62.7 	3     	3.9      	209   	1.9        	3.4        	18022     	-85.8
4400      	18:20:14  	80.5  	-62.6 	3     	4.0      	207   	1.8        	3.6        	18031     	-85.8
4402      	18:20:16  	80.3  	-62.5 	3     	4.1      	205   	1.7        	3.7        	18039     	-85.8
4404      	18:20:18  	80.2  	-62.5 	3     	4.2      	202   	1.6        	3.9        	18047     	-85.7
4406      	18:20:20  	80.1  	-62.4 	3     	4.1      	196   	1.1        	3.9        	18055     	-85.7
4408      	18:20:22  	80.0  	-62.4 	3     	4.0      	187   	0.5        	4.0        	18063     	-85.7
4410      	18:20:24  	79.9  	-62.3 	3     	4.1      	179   	-0.1       	4.1        	18071     	-85.6
4412      	18:20:26  	79.8  	-62.2 	3     	4.2      	172   	-0.6       	4.2        	18080     	-85.5
4414      	18:20:28  	79.7  	-62.1 	3     	4.2      	165   	-1.1       	4.1        	18088     	-85.5
4416      	18:20:30  	79.6  	-62.1 	3     	4.4      	159   	-1.6       	4.1        	18096     	-85.4
4418      	18:20:32  	79.5  	-62.0 	3     	4.5      	152   	-2.1       	4.0        	18104     	-85.3
4420      	18:20:34  	79.4  	-61.9 	3     	5.0      	146   	-2.8       	4.1        	18112     	-85.2
4422      	18:20:36  	79.3  	-61.8 	3     	5.5      	140   	-3.5       	4.2        	18120     	-85.1
4424      	18:20:38  	79.2  	-61.7 	3     	6.0      	136   	-4.2       	4.3        	18128     	-85.0
4426      	18:20:40  	79.1  	-61.6 	3     	6.3      	134   	-4.5       	4.4        	18137     	-84.9
4428      	18:20:42  	79.0  	-61.5 	3     	6.6      	134   	-4.7       	4.6        	18145     	-84.9
4430      	18:20:44  	78.9  	-61.4 	3     	6.8      	134   	-4.9       	4.7        	18153     	-84.8
4432      	18:20:46  	78.8  	-61.3 	3     	6.9      	136   	-4.8       	4.9        	18162     	-84.8
4434      	18:20:48  	78.7  	-61.2 	3     	6.8      	137   	-4.6       	5.0        	18171     	-84.7
4436      	18:20:50  	78.6  	-61.2 	3     	6.7      	139   	-4.4       	5.1        	18179     	-84.6
4438      	18:20:52  	78.5  	-61.1 	3     	6.7      	141   	-4.2       	5.2        	18187     	-84.6
4440      	18:20:54  	78.4  	-61.0 	3     	6.4      	144   	-3.8       	5.2        	18194     	-84.5
4442      	18:20:56  	78.3  	-61.0 	3     	6.2      	147   	-3.4       	5.2        	18202     	-84.5
4444      	18:20:58  	78.2  	-61.0 	3     	5.9      	150   	-3.0       	5.1        	18210     	-84.4
4446      	18:21:00  	78.1  	-61.0 	3     	5.6      	153   	-2.5       	5.0        	18218     	-84.4
4448      	18:21:02  	78.0  	-61.0 	3     	5.3      	157   	-2.1       	4.9        	18226     	-84.3
4450      	18:21:04  	77.8  	-60.9 	3     	5.0      	161   	-1.6       	4.7        	18235     	-84.3
4452      	18:21:06  	77.7  	-60.9 	3     	4.8      	162   	-1.5       	4.6        	18243     	-84.3
4454      	18:21:08  	77.6  	-60.9 	3     	4.6      	161   	-1.5       	4.4        	18251     	-84.3
4456      	18:21:10  	77.5  	-60.9 	3     	4.5      	162   	-1.4       	4.3        	18259     	-84.3
4458      	18:21:12  	77.4  	-60.8 	3     	4.5      	171   	-0.7       	4.4        	18267     	-84.2
4460      	18:21:14  	77.3  	-60.8 	3     	4.4      	184   	0.3        	4.4        	18275     	-84.2
4462      	18:21:16  	77.2  	-60.7 	3     	4.7      	195   	1.2        	4.5        	18284     	-84.2
4464      	18:21:18  	77.1  	-60.7 	3     	5.1      	206   	2.2        	4.6        	18292     	-84.2
4466      	18:21:20  	77.0  	-60.6 	3     	5.7      	213   	3.1        	4.8        	18300     	-84.1
4468      	18:21:22  	76.9  	-60.6 	3     	6.4      	219   	4.0        	5.0        	18309     	-84.1
4470      	18:21:24  	76.8  	-60.5 	3     	7.0      	224   	4.9        	5.0        	18317     	-84.1
4472      	18:21:26  	76.7  	-60.5 	3     	7.6      	231   	5.9        	4.8        	18325     	-84.1
4474      	18:21:28  	76.6  	-60.4 	3     	8.2      	236   	6.8        	4.6        	18333     	-84.0
4476      	18:21:30  	76.5  	-60.4 	3     	8.9      	240   	7.7        	4.4        	18341     	-84.0
4478      	18:21:32  	76.4  	-60.3 	3     	8.9      	243   	7.9        	4.1        	18350     	-83.9
4480      	18:21:34  	76.3  	-60.2 	3     	8.8      	245   	8.0        	3.7        	18358     	-83.9
4482      	18:21:36  	76.2  	-60.2 	3     	8.6      	248   	8.0        	3.2        	18367     	-83.8
4484      	18:21:38  	76.1  	-60.1 	3     	8.4      	253   	8.0        	2.5        	18375     	-83.7
4486      	18:21:40  	76.0  	-60.1 	3     	8.2      	258   	8.0        	1.7        	18383     	-83.6
4488      	18:21:42  	75.9  	-60.0 	3     	8.1      	263   	8.0        	1.0        	18392     	-83.5
4490      	18:21:44  	75.8  	-59.9 	3     	8.0      	266   	8.0        	0.5        	18400     	-83.5
4492      	18:21:46  	75.7  	-59.9 	3     	8.0      	269   	8.0        	0.2        	18409     	-83.4
4494      	18:21:48  	75.6  	-59.9 	3     	8.0      	271   	8.0        	-0.1       	18417     	-83.4
4496      	18:21:50  	75.5  	-59.8 	3     	7.5      	274   	7.5        	-0.5       	18425     	-83.4
4498      	18:21:52  	75.4  	-59.7 	3     	6.8      	277   	6.8        	-0.8       	18433     	-83.4
4500      	18:21:54  	75.3  	-59.7 	3     	6.3      	281   	6.2        	-1.2       	18441     	-83.3
4502      	18:21:56  	75.2  	-59.6 	3     	5.8      	284   	5.6        	-1.4       	18449     	-83.3
4504      	18:21:58  	75.1  	-59.5 	3     	5.2      	286   	5.0        	-1.4       	18458     	-83.3
4506      	18:22:00  	75.0  	-59.5 	3     	4.6      	289   	4.4        	-1.5       	18466     	-83.2
4508      	18:22:02  	74.9  	-59.4 	3     	4.0      	292   	3.7        	-1.5       	18475     	-83.1
4510      	18:22:04  	74.8  	-59.4 	3     	3.1      	295   	2.8        	-1.3       	18483     	-83.1
4512      	18:22:06  	74.7  	-59.3 	3     	2.2      	304   	1.8        	-1.2       	18491     	-83.0
4514      	18:22:08  	74.6  	-59.3 	3     	1.4      	321   	0.9        	-1.1       	18499     	-83.0
4516      	18:22:10  	74.5  	-59.3 	3     	1.0      	336   	0.4        	-0.9       	18507     	-83.0
4518      	18:22:12  	74.4  	-59.3 	3     	0.8      	353   	0.1        	-0.8       	18515     	-83.0
4520      	18:22:14  	74.3  	-59.2 	3     	0.7      	027   	-0.3       	-0.6       	18524     	-83.0
4522      	18:22:16  	74.2  	-59.2 	3     	1.1      	056   	-0.9       	-0.6       	18532     	-83.0
4524      	18:22:18  	74.1  	-59.3 	3     	1.6      	068   	-1.5       	-0.6       	18540     	-83.0
4526      	18:22:20  	74.0  	-59.2 	3     	2.3      	075   	-2.2       	-0.6       	18548     	-83.0
4528      	18:22:22  	73.9  	-59.2 	3     	2.9      	078   	-2.8       	-0.6       	18556     	-82.9
4530      	18:22:24  	73.8  	-59.3 	3     	3.2      	076   	-3.1       	-0.8       	18564     	-82.9
4532      	18:22:26  	73.7  	-59.3 	3     	3.6      	076   	-3.5       	-0.9       	18573     	-82.9
4534      	18:22:28  	73.6  	-59.3 	3     	3.7      	074   	-3.6       	-1.0       	18581     	-82.9
4536      	18:22:30  	73.5  	-59.3 	3     	3.5      	075   	-3.4       	-0.9       	18590     	-82.8
4538      	18:22:32  	73.4  	-59.3 	3     	3.4      	076   	-3.3       	-0.8       	18598     	-82.8
4540      	18:22:34  	73.3  	-59.3 	3     	3.2      	077   	-3.1       	-0.7       	18606     	-82.7
4542      	18:22:36  	73.2  	-59.3 	3     	2.6      	079   	-2.6       	-0.5       	18614     	-82.7
4544      	18:22:38  	73.2  	-59.3 	3     	2.1      	082   	-2.1       	-0.3       	18623     	-82.7
4546      	18:22:40  	73.1  	-59.2 	3     	1.6      	090   	-1.6       	-0.0       	18631     	-82.7
4548      	18:22:42  	73.0  	-59.2 	3     	1.4      	098   	-1.4       	0.2        	18639     	-82.6
4550      	18:22:44  	72.9  	-59.2 	3     	1.4      	107   	-1.3       	0.4        	18648     	-82.6
4552      	18:22:46  	72.8  	-59.2 	3     	1.2      	114   	-1.1       	0.5        	18656     	-82.6
4554      	18:22:48  	72.7  	-59.2 	3     	1.4      	120   	-1.2       	0.7        	18664     	-82.6
4556      	18:22:50  	72.6  	-59.2 	3     	1.6      	112   	-1.5       	0.6        	18672     	-82.6
4558      	18:22:52  	72.5  	-59.2 	3     	2.0      	108   	-1.9       	0.6        	18680     	-82.5
4560      	18:22:54  	72.4  	-59.2 	3     	2.4      	102   	-2.3       	0.5        	18688     	-82.5
4562      	18:22:56  	72.3  	-59.2 	3     	2.7      	103   	-2.6       	0.6        	18697     	-82.5
4564      	18:22:58  	72.2  	-59.2 	3     	3.1      	103   	-3.0       	0.7        	18705     	-82.5
4566      	18:23:00  	72.1  	-59.2 	3     	3.4      	102   	-3.3       	0.7        	18713     	-82.5
4568      	18:23:02  	72.0  	-59.2 	3     	3.4      	104   	-3.3       	0.8        	18721     	-82.5
4570      	18:23:04  	71.9  	-59.2 	3     	3.4      	105   	-3.3       	0.9        	18729     	-82.5
4572      	18:23:06  	71.8  	-59.2 	3     	3.5      	108   	-3.3       	1.1        	18737     	-82.5
4574      	18:23:08  	71.7  	-59.1 	3     	3.4      	107   	-3.3       	1.0        	18746     	-82.5
4576      	18:23:10  	71.6  	-59.1 	3     	3.4      	107   	-3.3       	1.0        	18754     	-82.5
4578      	18:23:12  	71.5  	-59.1 	3     	3.4      	105   	-3.3       	0.9        	18762     	-82.5
4580      	18:23:14  	71.4  	-59.1 	3     	3.5      	105   	-3.4       	0.9        	18770     	-82.5
4582      	18:23:16  	71.4  	-59.1 	3     	3.5      	102   	-3.4       	0.7        	18779     	-82.5
4584      	18:23:18  	71.3  	-59.1 	3     	3.5      	098   	-3.5       	0.5        	18787     	-82.4
4586      	18:23:20  	71.2  	-59.1 	3     	3.6      	096   	-3.6       	0.4        	18795     	-82.4
4588      	18:23:22  	71.1  	-59.1 	3     	3.6      	096   	-3.6       	0.4        	18804     	-82.4
4590      	18:23:24  	71.0  	-59.1 	3     	3.6      	095   	-3.6       	0.3        	18812     	-82.4
4592      	18:23:26  	70.9  	-59.2 	3     	3.6      	095   	-3.6       	0.3        	18820     	-82.4
4594      	18:23:28  	70.8  	-59.2 	3     	3.6      	096   	-3.6       	0.4        	18829     	-82.4
4596      	18:23:30  	70.7  	-59.2 	3     	3.5      	098   	-3.5       	0.5        	18838     	-82.3
4598      	18:23:32  	70.6  	-59.2 	3     	3.6      	101   	-3.5       	0.7        	18847     	-82.3
4600      	18:23:34  	70.5  	-59.2 	3     	3.6      	108   	-3.4       	1.1        	18856     	-82.3
4602      	18:23:36  	70.4  	-59.3 	3     	3.6      	117   	-3.2       	1.6        	18865     	-82.3
4604      	18:23:38  	70.3  	-59.3 	3     	3.7      	123   	-3.1       	2.0        	18874     	-82.3
4606      	18:23:40  	70.2  	-59.3 	3     	3.9      	130   	-3.0       	2.5        	18882     	-82.4
4608      	18:23:42  	70.1  	-59.4 	3     	4.1      	133   	-3.0       	2.8        	18891     	-82.4
4610      	18:23:44  	70.0  	-59.4 	3     	4.2      	137   	-2.9       	3.1        	18899     	-82.4
4612      	18:23:46  	69.9  	-59.4 	3     	4.5      	141   	-2.8       	3.5        	18908     	-82.4
4614      	18:23:48  	69.8  	-59.4 	3     	4.8      	149   	-2.5       	4.1        	18916     	-82.4
4616      	18:23:50  	69.7  	-59.5 	3     	5.1      	153   	-2.3       	4.6        	18925     	-82.5
4618      	18:23:52  	69.6  	-59.5 	3     	5.6      	158   	-2.1       	5.2        	18934     	-82.5
4620      	18:23:54  	69.5  	-59.5 	3     	5.8      	161   	-1.9       	5.5        	18943     	-82.5
4622      	18:23:56  	69.4  	-59.5 	3     	5.9      	163   	-1.7       	5.7        	18951     	-82.5
4624      	18:23:58  	69.3  	-59.5 	3     	6.1      	166   	-1.5       	5.9        	18960     	-82.6
4626      	18:24:00  	69.2  	-59.5 	3     	6.4      	168   	-1.3       	6.3        	18968     	-82.6
4628      	18:24:02  	69.1  	-59.5 	3     	6.9      	172   	-1.0       	6.8        	18976     	-82.6
4630      	18:24:04  	69.0  	-59.5 	3     	7.3      	174   	-0.8       	7.3        	18984     	-82.6
4632      	18:24:06  	69.0  	-59.5 	3     	7.8      	176   	-0.6       	7.8        	18993     	-82.6
4634      	18:24:08  	68.9  	-59.5 	3     	8.1      	176   	-0.5       	8.1        	19001     	-82.7
4636      	18:24:10  	68.8  	-59.5 	3     	8.4      	177   	-0.5       	8.4        	19010     	-82.7
4638      	18:24:12  	68.7  	-59.5 	3     	8.8      	177   	-0.4       	8.8        	19018     	-82.7
4640      	18:24:14  	68.6  	-59.4 	3     	9.2      	178   	-0.4       	9.2        	19026     	-82.6
4642      	18:24:16  	68.5  	-59.4 	3     	9.7      	178   	-0.3       	9.7        	19034     	-82.6
4644      	18:24:18  	68.4  	-59.3 	3     	10.1     	178   	-0.3       	10.1       	19042     	-82.6
4646      	18:24:20  	68.3  	-59.3 	3     	10.4     	178   	-0.3       	10.4       	19050     	-82.6
4648      	18:24:22  	68.2  	-59.2 	3     	10.5     	178   	-0.3       	10.5       	19058     	-82.5
4650      	18:24:24  	68.1  	-59.1 	3     	10.7     	178   	-0.4       	10.7       	19067     	-82.5
4652      	18:24:26  	68.1  	-59.1 	3     	10.8     	178   	-0.4       	10.8       	19075     	-82.5
4654      	18:24:28  	68.0  	-59.0 	3     	11.0     	177   	-0.5       	11.0       	19083     	-82.4
4656      	18:24:30  	67.9  	-59.0 	3     	11.1     	177   	-0.6       	11.1       	19091     	-82.4
4658      	18:24:32  	67.8  	-58.9 	3     	11.2     	176   	-0.7       	11.2       	19099     	-82.3
4660      	18:24:34  	67.7  	-58.8 	3     	11.2     	176   	-0.8       	11.2       	19107     	-82.3
4662      	18:24:36  	67.6  	-58.8 	3     	11.2     	175   	-0.9       	11.2       	19116     	-82.2
4664      	18:24:38  	67.5  	-58.7 	3     	11.0     	173   	-1.3       	10.9       	19124     	-82.2
4666      	18:24:40  	67.4  	-58.6 	3     	10.7     	171   	-1.7       	10.6       	19132     	-82.2
4668      	18:24:42  	67.3  	-58.6 	3     	10.5     	168   	-2.2       	10.3       	19141     	-82.1
4670      	18:24:44  	67.3  	-58.5 	3     	10.3     	165   	-2.6       	10.0       	19149     	-82.1
4672      	18:24:46  	67.2  	-58.4 	3     	10.2     	163   	-3.0       	9.7        	19158     	-82.0
4674      	18:24:48  	67.1  	-58.3 	3     	10.0     	160   	-3.4       	9.4        	19166     	-82.0
4676      	18:24:50  	67.0  	-58.3 	3     	9.8      	157   	-3.9       	9.0        	19175     	-81.9
4678      	18:24:52  	66.9  	-58.2 	3     	9.7      	152   	-4.6       	8.5        	19183     	-81.9
4680      	18:24:54  	66.8  	-58.1 	3     	9.7      	146   	-5.4       	8.0        	19192     	-81.8
4682      	18:24:56  	66.7  	-58.1 	3     	9.6      	141   	-6.1       	7.4        	19200     	-81.8
4684      	18:24:58  	66.6  	-58.0 	3     	9.7      	137   	-6.6       	7.1        	19209     	-81.8
4686      	18:25:00  	66.5  	-58.0 	3     	9.8      	135   	-6.9       	6.9        	19218     	-81.7
4688      	18:25:02  	66.4  	-57.9 	3     	9.8      	132   	-7.3       	6.6        	19226     	-81.7
4690      	18:25:04  	66.3  	-57.9 	3     	10.2     	129   	-7.9       	6.5        	19235     	-81.7
4692      	18:25:06  	66.3  	-57.9 	3     	10.6     	127   	-8.5       	6.3        	19244     	-81.6
4694      	18:25:08  	66.2  	-57.8 	3     	11.0     	124   	-9.2       	6.1        	19252     	-81.6
4696      	18:25:10  	66.1  	-57.8 	3     	11.4     	122   	-9.7       	6.0        	19261     	-81.5
4698      	18:25:12  	66.0  	-57.8 	3     	11.7     	121   	-10.0      	6.1        	19269     	-81.5
4700      	18:25:14  	65.9  	-57.8 	3     	11.9     	121   	-10.2      	6.2        	19278     	-81.4
4702      	18:25:16  	65.8  	-57.8 	3     	12.2     	121   	-10.5      	6.3        	19286     	-81.4
4704      	18:25:18  	65.7  	-57.8 	3     	12.8     	122   	-10.9      	6.7        	19295     	-81.4
4706      	18:25:20  	65.6  	-57.9 	3     	13.3     	122   	-11.2      	7.1        	19303     	-81.3
4708      	18:25:22  	65.5  	-57.9 	3     	13.8     	123   	-11.6      	7.5        	19311     	-81.3
4710      	18:25:24  	65.5  	-57.9 	3     	14.1     	124   	-11.7      	7.9        	19320     	-81.3
4712      	18:25:26  	65.4  	-57.9 	3     	14.4     	125   	-11.8      	8.2        	19328     	-81.2
4714      	18:25:28  	65.3  	-57.9 	3     	14.5     	126   	-11.8      	8.5        	19337     	-81.2
4716      	18:25:30  	65.2  	-57.9 	3     	14.9     	127   	-11.9      	9.0        	19345     	-81.2
4718      	18:25:32  	65.1  	-58.0 	3     	15.3     	128   	-12.0      	9.5        	19354     	-81.2
4720      	18:25:34  	65.0  	-58.0 	3     	15.7     	129   	-12.2      	9.9        	19362     	-81.2
4722      	18:25:36  	64.9  	-58.0 	3     	16.0     	130   	-12.2      	10.3       	19370     	-81.2
4724      	18:25:38  	64.8  	-58.1 	3     	16.2     	130   	-12.3      	10.5       	19379     	-81.2
4726      	18:25:40  	64.8  	-58.1 	3     	16.2     	131   	-12.3      	10.6       	19387     	-81.2
4728      	18:25:42  	64.7  	-58.1 	3     	16.4     	131   	-12.4      	10.8       	19396     	-81.3
4730      	18:25:44  	64.6  	-58.2 	3     	16.7     	132   	-12.4      	11.2       	19405     	-81.3
4732      	18:25:46  	64.5  	-58.2 	3     	17.1     	133   	-12.5      	11.6       	19413     	-81.4
4734      	18:25:48  	64.4  	-58.3 	3     	17.3     	134   	-12.5      	12.0       	19422     	-81.4
4736      	18:25:50  	64.3  	-58.3 	3     	17.5     	135   	-12.5      	12.3       	19430     	-81.5
4738      	18:25:52  	64.2  	-58.4 	3     	17.7     	135   	-12.5      	12.5       	19439     	-81.5
4740      	18:25:54  	64.1  	-58.4 	3     	17.9     	136   	-12.5      	12.8       	19447     	-81.6
4742      	18:25:56  	64.1  	-58.5 	3     	18.2     	137   	-12.5      	13.2       	19456     	-81.7
4744      	18:25:58  	64.0  	-58.5 	3     	18.5     	138   	-12.5      	13.7       	19464     	-81.7
4746      	18:26:00  	63.9  	-58.6 	3     	18.9     	139   	-12.4      	14.2       	19473     	-81.8
4748      	18:26:02  	63.8  	-58.6 	3     	19.2     	140   	-12.4      	14.6       	19481     	-81.8
4750      	18:26:04  	63.7  	-58.7 	3     	19.3     	140   	-12.4      	14.8       	19489     	-81.8
4752      	18:26:06  	63.6  	-58.7 	3     	19.5     	141   	-12.3      	15.1       	19498     	-81.8
4754      	18:26:08  	63.5  	-58.8 	3     	19.7     	141   	-12.3      	15.4       	19506     	-81.8
4756      	18:26:10  	63.5  	-58.8 	3     	20.0     	142   	-12.3      	15.8       	19515     	-81.7
4758      	18:26:12  	63.4  	-58.9 	3     	20.3     	143   	-12.3      	16.2       	19523     	-81.7
4760      	18:26:14  	63.3  	-58.9 	3     	20.7     	144   	-12.3      	16.7       	19531     	-81.7
4762      	18:26:16  	63.2  	-59.0 	3     	20.9     	144   	-12.3      	16.9       	19540     	-81.7
4764      	18:26:18  	63.1  	-59.0 	3     	21.1     	144   	-12.4      	17.1       	19548     	-81.7
4766      	18:26:20  	63.0  	-59.0 	3     	21.3     	144   	-12.4      	17.3       	19557     	-81.7
4768      	18:26:22  	63.0  	-59.0 	3     	21.4     	145   	-12.4      	17.5       	19565     	-81.7
4770      	18:26:24  	62.9  	-59.0 	3     	21.8     	145   	-12.5      	17.8       	19573     	-81.7
4772      	18:26:26  	62.8  	-59.0 	3     	21.9     	145   	-12.5      	18.0       	19582     	-81.7
4774      	18:26:28  	62.7  	-59.1 	3     	22.1     	146   	-12.5      	18.2       	19590     	-81.7
4776      	18:26:30  	62.6  	-59.1 	3     	22.2     	146   	-12.5      	18.3       	19598     	-81.7
4778      	18:26:32  	62.5  	-59.1 	3     	22.2     	146   	-12.5      	18.4       	19606     	-81.7
4780      	18:26:34  	62.5  	-59.1 	3     	22.2     	146   	-12.4      	18.4       	19614     	-81.7
4782      	18:26:36  	62.4  	-59.1 	3     	22.1     	146   	-12.2      	18.4       	19622     	-81.7
4784      	18:26:38  	62.3  	-59.2 	3     	22.0     	147   	-12.0      	18.4       	19631     	-81.8
4786      	18:26:40  	62.2  	-59.2 	3     	21.8     	147   	-11.8      	18.3       	19639     	-81.8
4788      	18:26:42  	62.1  	-59.2 	3     	21.6     	147   	-11.6      	18.2       	19647     	-81.8
4790      	18:26:44  	62.1  	-59.2 	3     	21.4     	148   	-11.4      	18.1       	19655     	-81.8
4792      	18:26:46  	62.0  	-59.2 	3     	21.2     	148   	-11.2      	18.0       	19663     	-81.8
4794      	18:26:48  	61.9  	-59.3 	3     	20.9     	149   	-10.9      	17.8       	19671     	-81.8
4796      	18:26:50  	61.8  	-59.3 	3     	20.5     	149   	-10.5      	17.6       	19679     	-81.8
4798      	18:26:52  	61.7  	-59.3 	3     	20.2     	150   	-10.2      	17.4       	19687     	-81.8
4800      	18:26:54  	61.7  	-59.3 	3     	19.8     	150   	-9.9       	17.2       	19695     	-81.8
4802      	18:26:56  	61.6  	-59.3 	3     	19.6     	150   	-9.7       	17.0       	19704     	-81.8
4804      	18:26:58  	61.5  	-59.3 	3     	19.4     	150   	-9.6       	16.9       	19712     	-81.8
4806      	18:27:00  	61.4  	-59.3 	3     	19.1     	151   	-9.3       	16.7       	19720     	-81.8
4808      	18:27:02  	61.3  	-59.4 	3     	18.7     	151   	-9.0       	16.4       	19728     	-81.8
4810      	18:27:04  	61.2  	-59.4 	3     	18.3     	152   	-8.7       	16.1       	19737     	-81.8
4812      	18:27:06  	61.2  	-59.4 	3     	18.0     	152   	-8.4       	15.9       	19745     	-81.8
4814      	18:27:08  	61.1  	-59.4 	3     	17.7     	152   	-8.2       	15.7       	19754     	-81.8
4816      	18:27:10  	61.0  	-59.4 	3     	17.5     	152   	-8.1       	15.5       	19762     	-81.8
4818      	18:27:12  	60.9  	-59.4 	3     	17.2     	153   	-7.9       	15.3       	19771     	-81.9
4820      	18:27:14  	60.8  	-59.4 	3     	16.8     	153   	-7.7       	14.9       	19779     	-81.9
4822      	18:27:16  	60.8  	-59.4 	3     	16.4     	152   	-7.6       	14.5       	19787     	-81.9
4824      	18:27:18  	60.7  	-59.4 	3     	15.9     	152   	-7.4       	14.1       	19796     	-81.9
4826      	18:27:20  	60.6  	-59.4 	3     	15.6     	152   	-7.3       	13.8       	19804     	-82.0
4828      	18:27:22  	60.5  	-59.4 	3     	15.3     	152   	-7.2       	13.5       	19812     	-82.0
4830      	18:27:24  	60.4  	-59.4 	3     	15.0     	151   	-7.2       	13.2       	19821     	-82.0
4832      	18:27:26  	60.4  	-59.4 	3     	14.7     	151   	-7.1       	12.9       	19829     	-82.1
4834      	18:27:28  	60.3  	-59.4 	3     	14.3     	151   	-7.0       	12.5       	19837     	-82.1
4836      	18:27:30  	60.2  	-59.4 	3     	14.0     	151   	-6.8       	12.2       	19846     	-82.1
4838      	18:27:32  	60.1  	-59.5 	3     	13.6     	150   	-6.7       	11.8       	19854     	-82.1
4840      	18:27:34  	60.0  	-59.5 	3     	13.4     	151   	-6.6       	11.7       	19862     	-82.1
4842      	18:27:36  	59.9  	-59.5 	3     	13.3     	151   	-6.5       	11.6       	19871     	-82.0
4844      	18:27:38  	59.9  	-59.5 	3     	13.0     	151   	-6.3       	11.4       	19879     	-82.0
4846      	18:27:40  	59.8  	-59.5 	3     	12.7     	152   	-5.9       	11.2       	19888     	-82.0
4848      	18:27:42  	59.7  	-59.5 	3     	12.3     	154   	-5.4       	11.0       	19896     	-82.0
4850      	18:27:44  	59.6  	-59.5 	3     	11.8     	155   	-5.0       	10.7       	19904     	-82.0
4852      	18:27:46  	59.6  	-59.5 	3     	11.5     	156   	-4.6       	10.5       	19912     	-82.0
4854      	18:27:48  	59.5  	-59.5 	3     	11.3     	158   	-4.3       	10.4       	19921     	-82.0
4856      	18:27:50  	59.4  	-59.4 	3     	11.0     	159   	-4.0       	10.3       	19929     	-82.0
4858      	18:27:52  	59.3  	-59.4 	3     	10.7     	161   	-3.5       	10.1       	19937     	-82.0
4860      	18:27:54  	59.2  	-59.4 	3     	10.3     	163   	-3.0       	9.9        	19946     	-81.9
4862      	18:27:56  	59.2  	-59.4 	3     	9.9      	165   	-2.5       	9.6        	19954     	-81.9
4864      	18:27:58  	59.1  	-59.4 	3     	9.6      	167   	-2.1       	9.4        	19962     	-81.9
4866      	18:28:00  	59.0  	-59.4 	3     	9.5      	168   	-2.0       	9.3        	19970     	-82.0
4868      	18:28:02  	58.9  	-59.5 	3     	9.4      	169   	-1.8       	9.2        	19978     	-82.0
4870      	18:28:04  	58.9  	-59.4 	3     	9.2      	169   	-1.7       	9.0        	19986     	-82.0
4872      	18:28:06  	58.8  	-59.4 	3     	8.7      	169   	-1.6       	8.6        	19995     	-82.0
