Time [sec]	Time (UTC)	P [mB]	T [°F]	Hu [%]	Ws [mi/h]	Wd [°]	Ws U [mi/h]	Ws V [mi/h]	Geopot [m]	Dew [°F]
0         	17:00:28  	872.7 	26.1  	18    	7.8      	330   	3.9        	-6.8       	1288      	0.6
2         	17:00:30  	871.0 	25.0  	19    	5.5      	354   	0.6        	-5.5       	1306      	0.0
4         	17:00:32  	869.2 	24.7  	20    	5.5      	354   	0.6        	-5.5       	1324      	0.5
6         	17:00:34  	867.4 	24.6  	21    	6.4      	344   	1.8        	-6.1       	1341      	0.9
8         	17:00:36  	866.2 	24.4  	22    	9.8      	325   	5.6        	-8.1       	1356      	1.1
10        	17:00:38  	864.9 	24.2  	22    	9.8      	325   	5.6        	-8.1       	1368      	1.3
12        	17:00:40  	863.7 	24.1  	23    	9.8      	325   	5.6        	-8.1       	1379      	1.5
14        	17:00:42  	862.6 	24.1  	23    	9.8      	325   	5.6        	-8.1       	1391      	1.7
16        	17:00:44  	861.4 	24.0  	23    	9.8      	325   	5.6        	-8.1       	1402      	1.9
18        	17:00:46  	860.3 	23.8  	24    	9.8      	325   	5.6        	-8.1       	1413      	2.0
20        	17:00:48  	859.1 	23.6  	24    	10.0     	326   	5.5        	-8.3       	1425      	1.9
22        	17:00:50  	857.8 	23.5  	24    	10.0     	327   	5.4        	-8.4       	1438      	1.9
24        	17:00:52  	856.6 	23.4  	24    	10.0     	328   	5.3        	-8.5       	1451      	1.9
26        	17:00:54  	855.3 	23.3  	24    	10.0     	328   	5.3        	-8.5       	1465      	1.9
28        	17:00:56  	854.0 	23.2  	25    	10.0     	329   	5.2        	-8.5       	1478      	1.9
30        	17:00:58  	852.7 	23.1  	25    	10.1     	330   	5.1        	-8.7       	1490      	1.8
32        	17:01:00  	851.5 	22.9  	25    	10.0     	332   	4.7        	-8.8       	1503      	1.8
34        	17:01:02  	850.4 	22.8  	25    	9.9      	332   	4.6        	-8.8       	1515      	1.7
36        	17:01:04  	849.2 	22.7  	25    	9.9      	333   	4.5        	-8.8       	1527      	1.7
38        	17:01:06  	847.7 	22.5  	25    	9.8      	333   	4.4        	-8.8       	1540      	1.6
40        	17:01:08  	846.3 	22.4  	25    	9.8      	333   	4.4        	-8.8       	1555      	1.7
42        	17:01:10  	844.9 	22.2  	26    	9.8      	333   	4.4        	-8.8       	1571      	1.7
44        	17:01:12  	843.3 	22.1  	26    	9.9      	333   	4.5        	-8.8       	1586      	1.6
46        	17:01:14  	841.8 	21.9  	26    	9.9      	332   	4.7        	-8.7       	1602      	1.6
48        	17:01:16  	840.2 	21.8  	26    	9.9      	330   	4.9        	-8.6       	1619      	1.6
50        	17:01:18  	838.7 	21.6  	27    	9.9      	330   	5.0        	-8.5       	1635      	1.6
52        	17:01:20  	837.2 	21.5  	27    	9.9      	328   	5.2        	-8.4       	1650      	1.6
54        	17:01:22  	835.7 	21.3  	27    	9.9      	327   	5.4        	-8.3       	1666      	1.6
56        	17:01:24  	834.2 	21.2  	27    	9.9      	326   	5.6        	-8.2       	1681      	1.6
58        	17:01:26  	832.7 	21.0  	27    	10.0     	324   	5.8        	-8.1       	1697      	1.5
60        	17:01:28  	831.2 	21.0  	27    	9.9      	324   	5.9        	-8.0       	1712      	1.5
62        	17:01:30  	829.7 	20.8  	27    	9.9      	322   	6.1        	-7.8       	1727      	1.4
64        	17:01:32  	828.2 	20.6  	27    	10.0     	322   	6.2        	-7.8       	1743      	1.2
66        	17:01:34  	826.8 	20.3  	27    	10.0     	322   	6.2        	-7.8       	1758      	0.7
68        	17:01:36  	825.5 	20.2  	26    	10.0     	322   	6.2        	-7.8       	1773      	0.3
70        	17:01:38  	824.2 	20.2  	26    	9.9      	322   	6.1        	-7.8       	1786      	-0.1
72        	17:01:40  	822.9 	20.2  	25    	9.9      	323   	6.0        	-7.9       	1799      	-0.3
74        	17:01:42  	821.9 	20.2  	25    	9.9      	323   	5.9        	-7.9       	1810      	-0.3
76        	17:01:44  	821.0 	20.1  	25    	9.9      	324   	5.8        	-8.0       	1819      	-0.3
78        	17:01:46  	820.1 	19.9  	25    	10.0     	324   	5.8        	-8.1       	1828      	-0.4
80        	17:01:48  	819.0 	19.6  	26    	9.9      	325   	5.7        	-8.1       	1839      	-0.5
82        	17:01:50  	817.9 	19.4  	26    	9.9      	326   	5.6        	-8.2       	1850      	-0.4
84        	17:01:52  	816.9 	19.4  	26    	9.8      	326   	5.5        	-8.1       	1862      	-0.5
86        	17:01:54  	815.7 	19.2  	26    	9.6      	326   	5.4        	-7.9       	1874      	-0.6
88        	17:01:56  	814.6 	19.3  	26    	9.4      	326   	5.3        	-7.8       	1886      	-0.8
90        	17:01:58  	813.5 	19.6  	25    	9.3      	325   	5.3        	-7.6       	1897      	-0.9
92        	17:02:00  	812.6 	19.8  	24    	9.0      	324   	5.3        	-7.3       	1906      	-1.1
94        	17:02:02  	811.8 	19.7  	24    	8.9      	323   	5.3        	-7.1       	1915      	-1.6
96        	17:02:04  	810.9 	19.5  	23    	8.5      	322   	5.3        	-6.7       	1925      	-2.2
98        	17:02:06  	810.0 	19.4  	23    	8.2      	320   	5.3        	-6.3       	1935      	-2.5
100       	17:02:08  	809.0 	19.4  	23    	7.9      	317   	5.4        	-5.8       	1945      	-2.5
102       	17:02:10  	808.1 	19.3  	23    	7.6      	314   	5.4        	-5.3       	1954      	-2.5
104       	17:02:12  	807.3 	19.3  	23    	7.5      	313   	5.5        	-5.1       	1963      	-2.5
106       	17:02:14  	806.4 	19.2  	23    	7.4      	311   	5.6        	-4.8       	1972      	-2.6
108       	17:02:16  	805.6 	19.0  	23    	7.2      	309   	5.6        	-4.5       	1981      	-2.7
110       	17:02:18  	804.7 	19.0  	23    	6.6      	304   	5.5        	-3.7       	1990      	-2.8
112       	17:02:20  	803.8 	18.9  	23    	6.2      	299   	5.4        	-3.0       	1999      	-2.9
114       	17:02:22  	802.8 	18.9  	23    	5.8      	293   	5.3        	-2.3       	2010      	-2.9
116       	17:02:24  	801.8 	19.0  	23    	5.5      	288   	5.2        	-1.7       	2022      	-2.8
118       	17:02:26  	800.7 	19.0  	23    	5.2      	283   	5.1        	-1.2       	2034      	-2.8
120       	17:02:28  	799.6 	18.9  	23    	4.9      	278   	4.9        	-0.7       	2045      	-2.9
122       	17:02:30  	798.4 	18.7  	23    	4.7      	271   	4.7        	-0.1       	2057      	-3.0
124       	17:02:32  	797.3 	18.5  	23    	4.5      	262   	4.5        	0.6        	2069      	-3.1
126       	17:02:34  	796.2 	18.4  	23    	4.5      	253   	4.3        	1.3        	2082      	-3.2
128       	17:02:36  	795.0 	18.3  	23    	4.6      	246   	4.2        	1.9        	2094      	-3.2
130       	17:02:38  	793.9 	18.2  	23    	4.6      	243   	4.1        	2.1        	2107      	-3.3
132       	17:02:40  	792.7 	18.1  	23    	4.8      	240   	4.1        	2.4        	2119      	-3.3
134       	17:02:42  	791.6 	17.9  	23    	4.8      	237   	4.0        	2.6        	2132      	-3.5
136       	17:02:44  	790.5 	17.8  	23    	5.1      	231   	4.0        	3.2        	2144      	-3.6
138       	17:02:46  	789.4 	17.7  	23    	5.5      	226   	4.0        	3.8        	2155      	-3.7
140       	17:02:48  	788.4 	17.7  	23    	5.9      	222   	4.0        	4.4        	2167      	-3.9
142       	17:02:50  	787.4 	17.8  	23    	6.2      	220   	4.0        	4.8        	2177      	-3.8
144       	17:02:52  	786.5 	18.0  	22    	6.6      	218   	4.0        	5.2        	2187      	-3.8
146       	17:02:54  	785.6 	18.0  	22    	6.8      	216   	4.0        	5.5        	2196      	-4.0
148       	17:02:56  	784.8 	18.0  	22    	7.4      	213   	4.0        	6.2        	2205      	-4.2
150       	17:02:58  	783.9 	18.1  	21    	8.0      	209   	3.9        	7.0        	2214      	-4.3
152       	17:03:00  	783.0 	18.2  	21    	8.7      	207   	3.9        	7.8        	2224      	-4.4
154       	17:03:02  	782.1 	18.3  	21    	9.4      	204   	3.8        	8.6        	2234      	-4.5
156       	17:03:04  	781.2 	18.3  	21    	9.7      	202   	3.7        	9.0        	2244      	-4.7
158       	17:03:06  	780.4 	18.2  	20    	10.2     	201   	3.6        	9.5        	2253      	-4.8
160       	17:03:08  	779.6 	18.1  	20    	10.4     	200   	3.5        	9.8        	2262      	-4.9
162       	17:03:10  	778.8 	18.1  	20    	10.7     	199   	3.4        	10.1       	2271      	-5.0
164       	17:03:12  	777.8 	18.0  	20    	10.9     	198   	3.4        	10.4       	2282      	-5.1
166       	17:03:14  	776.8 	17.9  	20    	11.2     	197   	3.3        	10.7       	2293      	-5.2
168       	17:03:16  	775.8 	17.8  	20    	11.1     	197   	3.3        	10.6       	2304      	-5.3
170       	17:03:18  	774.8 	17.7  	20    	11.0     	197   	3.3        	10.5       	2314      	-5.3
172       	17:03:20  	773.9 	17.7  	20    	10.8     	198   	3.3        	10.3       	2324      	-5.3
174       	17:03:22  	773.0 	17.6  	20    	10.3     	200   	3.6        	9.7        	2334      	-5.4
176       	17:03:24  	772.1 	17.5  	20    	9.9      	203   	3.9        	9.1        	2343      	-5.4
178       	17:03:26  	771.3 	17.4  	20    	9.5      	206   	4.2        	8.5        	2353      	-5.5
180       	17:03:28  	770.4 	17.3  	20    	9.2      	209   	4.5        	8.0        	2363      	-5.6
182       	17:03:30  	769.3 	17.3  	20    	9.0      	212   	4.8        	7.6        	2376      	-5.6
184       	17:03:32  	768.2 	17.2  	21    	8.8      	215   	5.0        	7.2        	2388      	-5.5
186       	17:03:34  	767.0 	17.1  	21    	8.5      	219   	5.3        	6.6        	2400      	-5.6
188       	17:03:36  	766.0 	17.1  	21    	8.1      	224   	5.6        	5.9        	2412      	-5.6
190       	17:03:38  	764.9 	16.9  	21    	7.9      	229   	5.9        	5.2        	2424      	-5.6
192       	17:03:40  	763.8 	16.9  	21    	7.7      	233   	6.2        	4.6        	2436      	-5.6
194       	17:03:42  	762.8 	16.8  	21    	7.5      	235   	6.2        	4.3        	2448      	-5.7
196       	17:03:44  	761.7 	16.7  	21    	7.4      	237   	6.2        	4.0        	2459      	-5.7
198       	17:03:46  	760.6 	16.6  	21    	7.3      	238   	6.2        	3.8        	2472      	-5.8
200       	17:03:48  	759.5 	16.5  	21    	7.4      	242   	6.5        	3.5        	2484      	-5.8
202       	17:03:50  	758.5 	16.4  	21    	7.6      	244   	6.8        	3.3        	2496      	-5.8
204       	17:03:52  	757.4 	16.3  	21    	7.7      	247   	7.1        	3.0        	2508      	-5.8
206       	17:03:54  	756.4 	16.2  	21    	7.9      	248   	7.3        	2.9        	2520      	-5.8
208       	17:03:56  	755.4 	16.1  	21    	8.2      	248   	7.6        	3.0        	2531      	-5.9
210       	17:03:58  	754.4 	16.0  	22    	8.4      	249   	7.8        	3.0        	2542      	-5.9
212       	17:04:00  	753.5 	15.9  	22    	8.6      	250   	8.1        	3.0        	2552      	-5.9
214       	17:04:02  	752.6 	15.8  	22    	9.0      	250   	8.4        	3.1        	2562      	-5.9
216       	17:04:04  	751.7 	15.7  	22    	9.3      	250   	8.7        	3.2        	2572      	-6.0
218       	17:04:06  	750.8 	15.6  	22    	9.6      	250   	9.0        	3.3        	2581      	-6.0
220       	17:04:08  	749.9 	15.5  	22    	9.6      	250   	9.0        	3.3        	2592      	-6.1
222       	17:04:10  	749.0 	15.4  	22    	9.6      	249   	9.0        	3.4        	2602      	-6.1
224       	17:04:12  	748.0 	15.3  	22    	9.7      	249   	9.0        	3.5        	2613      	-6.2
226       	17:04:14  	747.1 	15.2  	22    	9.9      	249   	9.2        	3.6        	2624      	-6.2
228       	17:04:16  	746.2 	15.2  	22    	10.0     	248   	9.3        	3.8        	2634      	-6.3
230       	17:04:18  	745.3 	15.2  	22    	10.3     	248   	9.5        	3.9        	2645      	-6.3
232       	17:04:20  	744.4 	15.1  	22    	10.4     	247   	9.6        	4.1        	2654      	-6.3
234       	17:04:22  	743.6 	15.1  	22    	10.5     	247   	9.7        	4.1        	2664      	-6.3
236       	17:04:24  	742.9 	15.0  	22    	10.8     	247   	9.9        	4.2        	2672      	-6.3
238       	17:04:26  	742.2 	14.9  	22    	11.0     	246   	10.1       	4.4        	2680      	-6.4
240       	17:04:28  	741.5 	14.9  	22    	11.3     	246   	10.3       	4.6        	2688      	-6.4
242       	17:04:30  	740.8 	14.8  	22    	11.6     	246   	10.6       	4.7        	2695      	-6.4
244       	17:04:32  	740.1 	14.7  	23    	11.9     	246   	10.8       	4.9        	2703      	-6.4
246       	17:04:34  	739.5 	14.6  	23    	12.0     	245   	10.9       	5.0        	2711      	-6.5
248       	17:04:36  	738.6 	14.5  	23    	12.1     	245   	11.0       	5.1        	2720      	-6.5
250       	17:04:38  	737.8 	14.4  	23    	12.3     	245   	11.2       	5.2        	2730      	-6.6
252       	17:04:40  	736.9 	14.3  	23    	12.7     	245   	11.5       	5.3        	2739      	-6.6
254       	17:04:42  	736.0 	14.3  	23    	13.0     	245   	11.8       	5.4        	2750      	-6.7
256       	17:04:44  	735.0 	14.2  	23    	13.3     	246   	12.1       	5.5        	2761      	-6.7
258       	17:04:46  	734.1 	14.1  	23    	13.6     	246   	12.4       	5.5        	2772      	-6.7
260       	17:04:48  	733.2 	14.0  	23    	13.7     	246   	12.6       	5.5        	2782      	-6.8
262       	17:04:50  	732.3 	13.9  	23    	13.9     	247   	12.8       	5.5        	2793      	-6.8
264       	17:04:52  	731.5 	13.8  	23    	14.0     	247   	12.9       	5.5        	2802      	-6.8
266       	17:04:54  	730.7 	13.7  	23    	14.1     	247   	13.0       	5.4        	2811      	-6.8
268       	17:04:56  	730.0 	13.7  	23    	14.2     	248   	13.1       	5.4        	2819      	-6.8
270       	17:04:58  	729.2 	13.6  	23    	14.2     	248   	13.2       	5.3        	2828      	-6.8
272       	17:05:00  	728.5 	13.5  	23    	14.1     	248   	13.1       	5.2        	2836      	-6.9
274       	17:05:02  	727.8 	13.5  	24    	14.0     	249   	13.0       	5.1        	2845      	-6.9
276       	17:05:04  	727.1 	13.4  	24    	14.0     	249   	13.0       	5.1        	2853      	-6.9
278       	17:05:06  	726.3 	13.3  	24    	13.9     	249   	13.0       	5.0        	2860      	-7.0
280       	17:05:08  	725.5 	13.2  	24    	14.0     	249   	13.1       	5.0        	2869      	-7.1
282       	17:05:10  	724.8 	13.1  	24    	14.0     	249   	13.1       	4.9        	2880      	-7.2
284       	17:05:12  	723.9 	13.0  	24    	14.2     	250   	13.3       	4.9        	2890      	-7.3
286       	17:05:14  	723.0 	12.9  	24    	14.3     	250   	13.4       	4.9        	2900      	-7.4
288       	17:05:16  	722.1 	12.9  	24    	14.5     	250   	13.6       	4.9        	2910      	-7.4
290       	17:05:18  	721.3 	12.8  	24    	14.6     	250   	13.8       	4.9        	2920      	-7.5
292       	17:05:20  	720.5 	12.7  	24    	14.8     	251   	14.0       	4.8        	2930      	-7.5
294       	17:05:22  	719.7 	12.6  	24    	15.1     	252   	14.3       	4.7        	2939      	-7.6
296       	17:05:24  	718.9 	12.6  	24    	15.3     	253   	14.6       	4.6        	2947      	-7.6
298       	17:05:26  	718.2 	12.5  	24    	15.4     	253   	14.7       	4.5        	2956      	-7.7
300       	17:05:28  	717.5 	12.4  	24    	15.4     	253   	14.8       	4.4        	2964      	-7.7
302       	17:05:30  	716.7 	12.3  	24    	15.5     	254   	14.9       	4.4        	2973      	-7.8
304       	17:05:32  	716.0 	12.2  	24    	15.6     	254   	15.0       	4.4        	2981      	-7.8
306       	17:05:34  	715.3 	12.2  	24    	15.7     	254   	15.1       	4.3        	2990      	-7.8
308       	17:05:36  	714.6 	12.1  	24    	15.9     	254   	15.3       	4.3        	2999      	-7.8
310       	17:05:38  	713.8 	12.0  	24    	15.9     	254   	15.3       	4.4        	3007      	-7.9
312       	17:05:40  	713.1 	11.9  	24    	15.9     	254   	15.3       	4.4        	3015      	-7.9
314       	17:05:42  	712.4 	11.8  	24    	15.9     	254   	15.3       	4.5        	3023      	-7.9
316       	17:05:44  	711.7 	11.7  	24    	16.0     	253   	15.3       	4.6        	3031      	-7.9
318       	17:05:46  	711.1 	11.7  	24    	16.0     	253   	15.3       	4.7        	3039      	-7.9
320       	17:05:48  	710.3 	11.6  	24    	16.0     	253   	15.3       	4.8        	3048      	-7.9
322       	17:05:50  	709.6 	11.6  	25    	16.1     	253   	15.4       	4.8        	3056      	-8.0
324       	17:05:52  	708.8 	11.4  	25    	16.2     	253   	15.5       	4.8        	3065      	-8.0
326       	17:05:54  	707.9 	11.3  	25    	16.3     	253   	15.6       	4.8        	3076      	-8.1
328       	17:05:56  	707.1 	11.2  	25    	16.4     	253   	15.7       	4.7        	3086      	-8.1
330       	17:05:58  	706.2 	11.1  	25    	16.5     	253   	15.8       	4.7        	3097      	-8.2
332       	17:06:00  	705.5 	11.1  	25    	16.6     	254   	15.9       	4.7        	3106      	-8.2
334       	17:06:02  	704.8 	11.0  	25    	16.7     	254   	16.0       	4.7        	3113      	-8.2
336       	17:06:04  	704.1 	11.0  	25    	16.8     	254   	16.1       	4.7        	3121      	-8.3
338       	17:06:06  	703.4 	10.9  	25    	16.9     	254   	16.2       	4.7        	3129      	-8.4
340       	17:06:08  	702.8 	10.8  	25    	16.9     	254   	16.3       	4.6        	3137      	-8.5
342       	17:06:10  	702.1 	10.7  	25    	16.9     	254   	16.3       	4.6        	3145      	-8.5
344       	17:06:12  	701.4 	10.6  	25    	16.9     	254   	16.3       	4.6        	3154      	-8.5
346       	17:06:14  	700.7 	10.6  	25    	16.9     	254   	16.3       	4.6        	3162      	-8.5
348       	17:06:16  	700.0 	10.5  	25    	16.9     	254   	16.3       	4.6        	3170      	-8.5
350       	17:06:18  	699.4 	10.5  	25    	16.9     	254   	16.3       	4.6        	3177      	-8.5
352       	17:06:20  	698.8 	10.4  	25    	16.9     	254   	16.3       	4.6        	3184      	-8.5
354       	17:06:22  	698.2 	10.4  	25    	16.9     	254   	16.3       	4.6        	3191      	-8.5
356       	17:06:24  	697.6 	10.3  	26    	17.1     	254   	16.5       	4.6        	3199      	-8.5
358       	17:06:26  	697.0 	10.3  	26    	17.4     	255   	16.8       	4.6        	3206      	-8.5
360       	17:06:28  	696.4 	10.2  	26    	17.7     	255   	17.1       	4.5        	3213      	-8.5
362       	17:06:30  	695.7 	10.2  	26    	18.0     	255   	17.4       	4.5        	3221      	-8.3
364       	17:06:32  	695.1 	10.2  	26    	18.2     	256   	17.7       	4.4        	3229      	-8.2
366       	17:06:34  	694.4 	10.2  	27    	18.5     	256   	18.0       	4.4        	3237      	-8.1
368       	17:06:36  	693.8 	10.1  	27    	18.9     	257   	18.4       	4.3        	3244      	-8.1
370       	17:06:38  	693.1 	10.1  	27    	19.2     	257   	18.7       	4.3        	3252      	-8.0
372       	17:06:40  	692.5 	10.0  	27    	19.5     	258   	19.0       	4.2        	3260      	-8.0
374       	17:06:42  	691.8 	10.0  	27    	19.8     	258   	19.3       	4.2        	3268      	-7.9
376       	17:06:44  	691.1 	10.0  	27    	19.8     	258   	19.4       	4.2        	3277      	-7.9
378       	17:06:46  	690.4 	10.0  	27    	19.8     	258   	19.4       	4.2        	3285      	-7.9
380       	17:06:48  	689.6 	9.9   	27    	19.8     	258   	19.4       	4.2        	3294      	-7.9
382       	17:06:50  	688.9 	9.9   	28    	19.8     	258   	19.4       	4.2        	3302      	-7.9
384       	17:06:52  	688.2 	9.8   	28    	19.9     	258   	19.5       	4.0        	3311      	-7.9
386       	17:06:54  	687.5 	9.8   	28    	19.9     	259   	19.6       	3.7        	3320      	-7.9
388       	17:06:56  	686.8 	9.7   	28    	20.1     	260   	19.8       	3.5        	3329      	-7.9
390       	17:06:58  	686.0 	9.7   	28    	20.2     	261   	19.9       	3.2        	3337      	-8.0
392       	17:07:00  	685.2 	9.6   	28    	20.2     	262   	20.0       	2.9        	3346      	-8.0
394       	17:07:02  	684.4 	9.5   	28    	20.3     	262   	20.1       	2.7        	3356      	-8.0
396       	17:07:04  	683.6 	9.4   	28    	20.4     	263   	20.3       	2.4        	3366      	-7.9
398       	17:07:06  	682.8 	9.3   	28    	20.5     	264   	20.4       	2.1        	3377      	-8.0
400       	17:07:08  	682.0 	9.3   	29    	20.6     	265   	20.5       	1.9        	3387      	-8.0
402       	17:07:10  	681.2 	9.2   	29    	20.7     	266   	20.6       	1.6        	3396      	-7.9
404       	17:07:12  	680.4 	9.1   	29    	20.8     	266   	20.7       	1.5        	3406      	-8.0
406       	17:07:14  	679.6 	9.0   	29    	20.8     	266   	20.7       	1.6        	3415      	-8.0
408       	17:07:16  	678.9 	8.9   	29    	20.7     	265   	20.6       	1.7        	3424      	-8.1
410       	17:07:18  	678.1 	8.8   	29    	20.7     	265   	20.6       	1.7        	3434      	-8.1
412       	17:07:20  	677.4 	8.7   	29    	20.7     	265   	20.6       	1.8        	3443      	-8.1
414       	17:07:22  	676.6 	8.6   	30    	20.7     	265   	20.6       	1.9        	3451      	-8.1
416       	17:07:24  	676.0 	8.6   	30    	20.6     	264   	20.5       	2.0        	3459      	-8.1
418       	17:07:26  	675.3 	8.5   	30    	20.6     	264   	20.5       	2.1        	3467      	-8.1
420       	17:07:28  	674.7 	8.4   	30    	20.6     	264   	20.5       	2.2        	3475      	-8.1
422       	17:07:30  	673.9 	8.3   	30    	20.6     	264   	20.5       	2.2        	3485      	-8.1
424       	17:07:32  	673.1 	8.2   	30    	20.5     	264   	20.4       	2.3        	3495      	-8.1
426       	17:07:34  	672.3 	8.1   	31    	20.5     	263   	20.4       	2.4        	3505      	-8.0
428       	17:07:36  	671.5 	8.0   	31    	20.6     	263   	20.5       	2.4        	3515      	-8.0
430       	17:07:38  	670.7 	7.9   	31    	20.7     	263   	20.6       	2.4        	3525      	-7.9
432       	17:07:40  	669.8 	7.9   	32    	20.7     	263   	20.6       	2.4        	3535      	-7.8
434       	17:07:42  	669.1 	7.8   	32    	20.8     	263   	20.7       	2.4        	3544      	-7.7
436       	17:07:44  	668.4 	7.7   	33    	20.9     	263   	20.8       	2.5        	3553      	-7.7
438       	17:07:46  	667.6 	7.6   	33    	20.9     	263   	20.8       	2.5        	3562      	-7.6
440       	17:07:48  	666.9 	7.5   	33    	21.0     	263   	20.9       	2.5        	3571      	-7.5
442       	17:07:50  	666.2 	7.4   	33    	21.1     	263   	21.0       	2.5        	3580      	-7.6
444       	17:07:52  	665.5 	7.4   	34    	21.3     	263   	21.1       	2.7        	3589      	-7.5
446       	17:07:54  	664.7 	7.3   	34    	21.5     	263   	21.3       	2.8        	3598      	-7.5
448       	17:07:56  	663.9 	7.2   	34    	21.6     	262   	21.4       	2.9        	3608      	-7.5
450       	17:07:58  	663.1 	7.2   	34    	21.7     	262   	21.5       	3.1        	3617      	-7.5
452       	17:08:00  	662.4 	7.0   	34    	21.9     	262   	21.7       	3.2        	3627      	-7.5
454       	17:08:02  	661.6 	7.0   	35    	22.0     	261   	21.8       	3.3        	3637      	-7.6
456       	17:08:04  	660.8 	6.9   	35    	22.2     	261   	21.9       	3.5        	3647      	-7.6
458       	17:08:06  	660.1 	6.8   	35    	22.3     	261   	22.0       	3.6        	3655      	-7.6
460       	17:08:08  	659.4 	6.7   	35    	22.4     	260   	22.1       	3.7        	3664      	-7.6
462       	17:08:10  	658.7 	6.7   	35    	22.5     	260   	22.2       	3.8        	3673      	-7.6
464       	17:08:12  	658.0 	6.6   	35    	22.5     	260   	22.2       	3.9        	3682      	-7.6
466       	17:08:14  	657.2 	6.6   	35    	22.5     	260   	22.2       	3.9        	3691      	-7.6
468       	17:08:16  	656.5 	6.5   	36    	22.5     	260   	22.2       	3.9        	3700      	-7.6
470       	17:08:18  	655.8 	6.4   	36    	22.5     	260   	22.2       	3.9        	3709      	-7.7
472       	17:08:20  	655.1 	6.4   	36    	22.5     	260   	22.2       	3.9        	3717      	-7.7
474       	17:08:22  	654.4 	6.2   	35    	22.5     	260   	22.2       	3.9        	3726      	-7.9
476       	17:08:24  	653.7 	6.1   	35    	22.5     	260   	22.2       	3.9        	3735      	-8.1
478       	17:08:26  	653.0 	6.0   	35    	22.5     	260   	22.2       	3.9        	3744      	-8.2
480       	17:08:28  	652.3 	6.0   	35    	22.5     	260   	22.2       	3.9        	3753      	-8.3
482       	17:08:30  	651.6 	5.9   	35    	22.5     	260   	22.2       	3.9        	3762      	-8.5
484       	17:08:32  	650.9 	5.9   	34    	22.5     	260   	22.2       	3.9        	3771      	-8.6
486       	17:08:34  	650.2 	5.8   	34    	22.5     	260   	22.2       	3.9        	3779      	-8.7
488       	17:08:36  	649.5 	5.7   	34    	22.5     	260   	22.2       	3.9        	3788      	-8.7
490       	17:08:38  	648.8 	5.6   	34    	22.5     	260   	22.2       	3.9        	3797      	-8.8
492       	17:08:40  	648.1 	5.6   	35    	22.5     	260   	22.2       	3.9        	3806      	-8.7
494       	17:08:42  	647.4 	5.5   	35    	22.5     	260   	22.2       	3.9        	3815      	-8.7
496       	17:08:44  	646.7 	5.5   	35    	22.5     	260   	22.2       	3.9        	3824      	-8.6
498       	17:08:46  	646.0 	5.5   	36    	22.5     	260   	22.2       	3.9        	3833      	-8.4
500       	17:08:48  	645.3 	5.4   	36    	22.5     	260   	22.2       	3.9        	3842      	-8.3
502       	17:08:50  	644.6 	5.3   	37    	22.5     	260   	22.2       	3.9        	3850      	-8.2
504       	17:08:52  	643.9 	5.2   	38    	22.5     	260   	22.2       	3.9        	3859      	-8.0
506       	17:08:54  	643.2 	5.1   	38    	22.5     	260   	22.2       	3.9        	3868      	-7.9
508       	17:08:56  	642.4 	5.0   	38    	22.5     	260   	22.2       	3.9        	3877      	-7.9
510       	17:08:58  	641.7 	4.9   	39    	22.5     	260   	22.2       	3.9        	3886      	-7.9
512       	17:09:00  	641.0 	4.9   	39    	22.5     	260   	22.2       	3.9        	3895      	-8.0
514       	17:09:02  	640.3 	4.9   	38    	22.5     	260   	22.2       	3.9        	3904      	-8.3
516       	17:09:04  	639.6 	4.8   	37    	22.5     	260   	22.2       	3.9        	3913      	-8.5
518       	17:09:06  	638.9 	4.8   	36    	22.8     	260   	22.5       	3.9        	3922      	-8.9
520       	17:09:08  	638.2 	4.7   	35    	23.2     	261   	22.9       	3.8        	3931      	-9.3
522       	17:09:10  	637.5 	4.6   	34    	23.6     	261   	23.3       	3.8        	3941      	-9.7
524       	17:09:12  	636.8 	4.6   	34    	24.0     	261   	23.7       	3.8        	3950      	-10.0
526       	17:09:14  	636.1 	4.6   	33    	24.4     	261   	24.1       	3.8        	3959      	-10.2
528       	17:09:16  	635.3 	4.5   	33    	24.8     	261   	24.5       	3.7        	3968      	-10.3
530       	17:09:18  	634.7 	4.4   	33    	25.1     	262   	24.8       	3.7        	3977      	-10.4
532       	17:09:20  	634.0 	4.4   	34    	25.5     	262   	25.2       	3.7        	3986      	-10.2
534       	17:09:22  	633.3 	4.3   	34    	25.9     	262   	25.6       	3.6        	3995      	-10.2
536       	17:09:24  	632.6 	4.3   	34    	26.2     	262   	26.0       	3.6        	4003      	-10.0
538       	17:09:26  	631.9 	4.2   	35    	26.4     	262   	26.2       	3.6        	4012      	-9.7
540       	17:09:28  	631.2 	4.2   	36    	26.4     	262   	26.2       	3.6        	4021      	-9.4
542       	17:09:30  	630.5 	4.1   	37    	26.4     	262   	26.2       	3.6        	4030      	-9.1
544       	17:09:32  	629.8 	4.0   	38    	26.4     	262   	26.2       	3.6        	4039      	-8.8
546       	17:09:34  	629.1 	4.0   	39    	26.4     	262   	26.2       	3.6        	4048      	-8.6
548       	17:09:36  	628.4 	3.9   	40    	26.4     	262   	26.2       	3.6        	4057      	-8.3
550       	17:09:38  	627.7 	3.9   	40    	26.4     	262   	26.2       	3.6        	4066      	-8.3
552       	17:09:40  	627.0 	3.8   	41    	26.4     	262   	26.2       	3.6        	4075      	-8.1
554       	17:09:42  	626.3 	3.7   	42    	26.4     	262   	26.2       	3.6        	4084      	-8.1
556       	17:09:44  	625.6 	3.6   	42    	26.4     	262   	26.2       	3.6        	4093      	-8.1
558       	17:09:46  	624.9 	3.5   	42    	26.4     	262   	26.2       	3.6        	4102      	-8.2
560       	17:09:48  	624.2 	3.4   	42    	26.4     	262   	26.2       	3.6        	4112      	-8.2
562       	17:09:50  	623.5 	3.4   	42    	26.4     	262   	26.2       	3.6        	4121      	-8.2
564       	17:09:52  	622.8 	3.3   	42    	26.4     	262   	26.2       	3.6        	4130      	-8.2
566       	17:09:54  	622.1 	3.2   	42    	26.4     	262   	26.2       	3.6        	4139      	-8.3
568       	17:09:56  	621.4 	3.1   	42    	26.4     	262   	26.2       	3.6        	4148      	-8.4
570       	17:09:58  	620.7 	3.0   	42    	26.4     	262   	26.2       	3.6        	4157      	-8.5
572       	17:10:00  	620.0 	3.0   	42    	26.4     	262   	26.2       	3.6        	4166      	-8.6
574       	17:10:02  	619.3 	2.9   	42    	26.4     	262   	26.2       	3.6        	4175      	-8.6
576       	17:10:04  	618.6 	2.8   	42    	26.6     	262   	26.4       	3.6        	4184      	-8.7
578       	17:10:06  	618.0 	2.7   	42    	26.8     	262   	26.6       	3.6        	4192      	-8.7
580       	17:10:08  	617.4 	2.7   	43    	27.0     	262   	26.8       	3.6        	4201      	-8.7
582       	17:10:10  	616.7 	2.6   	43    	27.2     	262   	27.0       	3.6        	4209      	-8.8
584       	17:10:12  	616.1 	2.5   	43    	27.4     	262   	27.2       	3.6        	4217      	-8.8
586       	17:10:14  	615.5 	2.5   	43    	27.6     	263   	27.4       	3.6        	4226      	-8.8
588       	17:10:16  	614.8 	2.4   	43    	27.9     	262   	27.7       	3.7        	4234      	-8.9
590       	17:10:18  	614.2 	2.3   	43    	28.1     	262   	27.9       	3.7        	4243      	-8.9
592       	17:10:20  	613.6 	2.3   	43    	28.4     	263   	28.2       	3.7        	4251      	-9.0
594       	17:10:22  	613.0 	2.2   	43    	28.6     	262   	28.3       	3.8        	4259      	-9.0
596       	17:10:24  	612.4 	2.2   	43    	28.7     	262   	28.4       	3.8        	4266      	-9.1
598       	17:10:26  	611.7 	2.1   	43    	28.7     	262   	28.4       	3.9        	4274      	-9.2
600       	17:10:28  	611.1 	2.0   	43    	28.7     	262   	28.4       	4.0        	4283      	-9.3
602       	17:10:30  	610.5 	2.0   	43    	28.6     	262   	28.3       	4.2        	4291      	-9.4
604       	17:10:32  	609.9 	1.9   	42    	28.4     	261   	28.1       	4.4        	4299      	-9.5
606       	17:10:34  	609.2 	1.8   	42    	28.4     	261   	28.0       	4.5        	4308      	-9.5
608       	17:10:36  	608.5 	1.7   	42    	28.3     	261   	27.9       	4.6        	4317      	-9.6
610       	17:10:38  	607.9 	1.7   	42    	28.1     	260   	27.7       	4.8        	4326      	-9.7
612       	17:10:40  	607.2 	1.6   	42    	27.9     	260   	27.5       	4.9        	4335      	-9.8
614       	17:10:42  	606.5 	1.5   	42    	27.9     	259   	27.4       	5.3        	4344      	-9.8
616       	17:10:44  	605.8 	1.5   	42    	27.8     	258   	27.2       	5.6        	4353      	-9.9
618       	17:10:46  	605.1 	1.4   	42    	27.8     	258   	27.1       	6.0        	4363      	-10.0
620       	17:10:48  	604.4 	1.3   	42    	27.7     	257   	27.0       	6.3        	4372      	-10.1
622       	17:10:50  	603.7 	1.2   	42    	27.8     	256   	27.0       	6.6        	4381      	-10.1
624       	17:10:52  	603.1 	1.2   	42    	27.8     	256   	27.0       	6.8        	4390      	-10.2
626       	17:10:54  	602.4 	1.1   	42    	27.9     	255   	27.0       	7.0        	4398      	-10.3
628       	17:10:56  	601.8 	1.0   	42    	27.9     	255   	26.9       	7.3        	4407      	-10.3
630       	17:10:58  	601.1 	0.9   	43    	27.8     	254   	26.8       	7.5        	4415      	-10.3
632       	17:11:00  	600.6 	0.9   	43    	27.8     	254   	26.7       	7.7        	4424      	-10.3
634       	17:11:02  	600.0 	0.8   	43    	27.7     	254   	26.6       	7.7        	4432      	-10.3
636       	17:11:04  	599.4 	0.7   	43    	27.7     	254   	26.6       	7.7        	4439      	-10.3
638       	17:11:06  	598.7 	0.7   	43    	27.6     	254   	26.5       	7.6        	4447      	-10.4
640       	17:11:08  	598.1 	0.6   	43    	27.4     	254   	26.3       	7.7        	4456      	-10.4
642       	17:11:10  	597.5 	0.5   	44    	27.3     	254   	26.2       	7.7        	4465      	-10.4
644       	17:11:12  	596.7 	0.4   	44    	27.2     	253   	26.1       	7.8        	4474      	-10.5
646       	17:11:14  	596.0 	0.3   	44    	27.1     	253   	26.0       	7.8        	4484      	-10.5
648       	17:11:16  	595.3 	0.2   	44    	27.2     	253   	26.0       	7.9        	4494      	-10.5
650       	17:11:18  	594.6 	0.1   	44    	27.1     	253   	25.9       	7.9        	4504      	-10.6
652       	17:11:20  	593.9 	0.1   	44    	27.1     	253   	25.9       	8.0        	4513      	-10.6
654       	17:11:22  	593.3 	-0.0  	45    	27.1     	253   	25.9       	8.1        	4521      	-10.6
656       	17:11:24  	592.7 	-0.1  	45    	27.0     	253   	25.8       	8.1        	4530      	-10.6
658       	17:11:26  	592.0 	-0.2  	45    	27.1     	252   	25.8       	8.2        	4538      	-10.7
660       	17:11:28  	591.4 	-0.3  	45    	27.1     	252   	25.8       	8.2        	4546      	-10.7
662       	17:11:30  	590.8 	-0.4  	45    	27.1     	252   	25.8       	8.2        	4555      	-10.7
664       	17:11:32  	590.2 	-0.5  	45    	27.2     	252   	25.9       	8.2        	4563      	-10.8
666       	17:11:34  	589.5 	-0.5  	46    	27.3     	252   	26.0       	8.3        	4572      	-10.8
668       	17:11:36  	588.9 	-0.6  	46    	27.3     	252   	26.0       	8.3        	4581      	-10.8
670       	17:11:38  	588.2 	-0.7  	46    	27.4     	252   	26.1       	8.4        	4589      	-10.9
672       	17:11:40  	587.6 	-0.8  	46    	27.5     	252   	26.2       	8.4        	4598      	-10.9
674       	17:11:42  	586.9 	-0.8  	46    	27.5     	252   	26.2       	8.5        	4607      	-10.9
676       	17:11:44  	586.3 	-0.9  	46    	27.6     	252   	26.3       	8.5        	4616      	-10.9
678       	17:11:46  	585.6 	-1.0  	46    	27.7     	252   	26.4       	8.5        	4625      	-10.9
680       	17:11:48  	585.0 	-1.1  	47    	27.8     	252   	26.4       	8.6        	4633      	-11.0
682       	17:11:50  	584.5 	-1.1  	47    	27.9     	252   	26.5       	8.6        	4640      	-11.0
684       	17:11:52  	583.9 	-1.2  	47    	28.0     	252   	26.6       	8.6        	4648      	-11.1
686       	17:11:54  	583.4 	-1.3  	47    	28.0     	252   	26.6       	8.6        	4655      	-11.1
688       	17:11:56  	582.8 	-1.4  	47    	27.9     	252   	26.6       	8.5        	4663      	-11.2
690       	17:11:58  	582.3 	-1.4  	47    	28.0     	252   	26.7       	8.5        	4671      	-11.3
692       	17:12:00  	581.7 	-1.5  	47    	28.0     	252   	26.7       	8.5        	4679      	-11.3
694       	17:12:02  	581.1 	-1.6  	47    	28.0     	252   	26.7       	8.5        	4688      	-11.4
696       	17:12:04  	580.5 	-1.7  	47    	28.0     	253   	26.7       	8.4        	4695      	-11.5
698       	17:12:06  	579.9 	-1.7  	47    	28.0     	253   	26.7       	8.4        	4703      	-11.5
700       	17:12:08  	579.3 	-1.8  	47    	27.9     	252   	26.6       	8.4        	4711      	-11.5
702       	17:12:10  	578.8 	-1.8  	47    	27.9     	252   	26.6       	8.4        	4719      	-11.5
704       	17:12:12  	578.2 	-1.9  	48    	27.9     	252   	26.6       	8.4        	4727      	-11.5
706       	17:12:14  	577.6 	-2.0  	48    	28.0     	253   	26.7       	8.4        	4734      	-11.5
708       	17:12:16  	577.1 	-2.0  	48    	28.0     	253   	26.7       	8.4        	4742      	-11.5
710       	17:12:18  	576.5 	-2.1  	48    	28.1     	253   	26.8       	8.3        	4749      	-11.6
712       	17:12:20  	575.9 	-2.2  	48    	28.1     	253   	26.8       	8.4        	4757      	-11.6
714       	17:12:22  	575.3 	-2.2  	48    	28.2     	253   	26.9       	8.4        	4766      	-11.7
716       	17:12:24  	574.7 	-2.3  	48    	28.2     	253   	26.9       	8.4        	4774      	-11.8
718       	17:12:26  	574.1 	-2.4  	48    	28.3     	253   	27.0       	8.4        	4783      	-11.9
720       	17:12:28  	573.5 	-2.4  	47    	28.3     	253   	27.0       	8.4        	4791      	-12.1
722       	17:12:30  	572.9 	-2.5  	47    	28.3     	253   	27.0       	8.4        	4800      	-12.3
724       	17:12:32  	572.3 	-2.6  	47    	28.3     	253   	27.0       	8.5        	4809      	-12.4
726       	17:12:34  	571.6 	-2.7  	46    	28.3     	253   	27.0       	8.5        	4817      	-12.5
728       	17:12:36  	571.0 	-2.7  	46    	28.2     	252   	26.9       	8.5        	4826      	-12.7
730       	17:12:38  	570.4 	-2.8  	46    	28.1     	252   	26.8       	8.6        	4835      	-12.8
732       	17:12:40  	569.8 	-2.9  	46    	28.1     	252   	26.8       	8.6        	4843      	-12.9
734       	17:12:42  	569.2 	-2.9  	46    	28.1     	252   	26.7       	8.7        	4852      	-13.0
736       	17:12:44  	568.6 	-3.0  	46    	28.0     	252   	26.6       	8.7        	4860      	-13.0
738       	17:12:46  	568.0 	-3.1  	46    	27.9     	252   	26.5       	8.8        	4868      	-13.1
740       	17:12:48  	567.3 	-3.2  	46    	27.9     	252   	26.5       	8.8        	4876      	-13.2
742       	17:12:50  	566.7 	-3.2  	45    	27.9     	251   	26.4       	8.9        	4886      	-13.3
744       	17:12:52  	566.0 	-3.3  	45    	27.8     	251   	26.3       	9.1        	4895      	-13.4
746       	17:12:54  	565.4 	-3.4  	45    	27.7     	250   	26.1       	9.3        	4905      	-13.5
748       	17:12:56  	564.7 	-3.5  	45    	27.7     	250   	26.0       	9.5        	4914      	-13.6
750       	17:12:58  	564.0 	-3.5  	45    	27.7     	250   	26.0       	9.6        	4924      	-13.8
752       	17:13:00  	563.3 	-3.6  	44    	27.7     	249   	25.9       	9.8        	4933      	-13.9
754       	17:13:02  	562.7 	-3.6  	44    	27.7     	249   	25.8       	10.0       	4942      	-14.0
756       	17:13:04  	562.1 	-3.7  	44    	27.8     	249   	25.9       	10.0       	4950      	-14.2
758       	17:13:06  	561.6 	-3.7  	43    	27.8     	249   	25.9       	10.0       	4958      	-14.4
760       	17:13:08  	561.0 	-3.7  	42    	27.9     	249   	26.0       	10.0       	4966      	-14.5
762       	17:13:10  	560.5 	-3.7  	42    	28.0     	249   	26.1       	10.0       	4973      	-14.7
764       	17:13:12  	559.8 	-3.7  	41    	28.0     	249   	26.2       	9.9        	4982      	-15.0
766       	17:13:14  	559.2 	-3.6  	40    	28.0     	250   	26.3       	9.7        	4991      	-15.2
768       	17:13:16  	558.5 	-3.6  	39    	28.2     	250   	26.6       	9.5        	5000      	-15.5
770       	17:13:18  	557.9 	-3.6  	38    	28.6     	252   	27.1       	9.0        	5010      	-15.7
772       	17:13:20  	557.2 	-3.7  	37    	28.8     	253   	27.5       	8.6        	5020      	-16.0
774       	17:13:22  	556.5 	-3.7  	37    	29.2     	254   	28.0       	8.2        	5030      	-16.2
776       	17:13:24  	555.8 	-3.7  	36    	29.4     	254   	28.3       	8.0        	5040      	-16.4
778       	17:13:26  	555.2 	-3.7  	36    	29.7     	255   	28.7       	7.7        	5049      	-16.7
780       	17:13:28  	554.5 	-3.7  	35    	30.0     	256   	29.1       	7.4        	5058      	-16.9
782       	17:13:30  	553.9 	-3.8  	34    	30.4     	257   	29.6       	7.0        	5066      	-17.1
784       	17:13:32  	553.3 	-3.8  	34    	30.9     	258   	30.2       	6.6        	5075      	-17.4
786       	17:13:34  	552.8 	-3.8  	33    	31.3     	259   	30.7       	6.2        	5083      	-17.6
788       	17:13:36  	552.2 	-3.8  	33    	31.7     	259   	31.1       	6.0        	5090      	-17.8
790       	17:13:38  	551.7 	-3.8  	32    	31.8     	260   	31.3       	5.8        	5098      	-18.0
792       	17:13:40  	551.1 	-3.8  	31    	32.0     	260   	31.5       	5.7        	5106      	-18.3
794       	17:13:42  	550.5 	-3.9  	31    	32.2     	260   	31.7       	5.5        	5114      	-18.5
796       	17:13:44  	550.0 	-3.9  	30    	32.4     	261   	32.0       	5.2        	5122      	-18.8
798       	17:13:46  	549.4 	-3.9  	30    	32.6     	261   	32.2       	4.9        	5131      	-19.0
800       	17:13:48  	548.8 	-3.9  	29    	32.7     	262   	32.4       	4.6        	5140      	-19.2
802       	17:13:50  	548.2 	-3.9  	28    	32.6     	262   	32.3       	4.4        	5149      	-19.5
804       	17:13:52  	547.6 	-4.0  	28    	32.6     	263   	32.3       	4.2        	5157      	-19.8
806       	17:13:54  	547.0 	-4.0  	27    	32.5     	263   	32.3       	4.0        	5165      	-20.0
808       	17:13:56  	546.5 	-4.1  	27    	32.6     	263   	32.4       	3.8        	5173      	-20.2
810       	17:13:58  	545.9 	-4.1  	27    	32.6     	263   	32.4       	3.7        	5181      	-20.3
812       	17:14:00  	545.4 	-4.2  	27    	32.7     	264   	32.5       	3.5        	5189      	-20.3
814       	17:14:02  	544.8 	-4.2  	27    	32.7     	264   	32.5       	3.4        	5197      	-20.3
816       	17:14:04  	544.2 	-4.3  	27    	32.8     	264   	32.6       	3.4        	5205      	-20.3
818       	17:14:06  	543.7 	-4.3  	27    	32.8     	264   	32.6       	3.4        	5213      	-20.2
820       	17:14:08  	543.1 	-4.4  	28    	32.8     	264   	32.6       	3.4        	5222      	-20.2
822       	17:14:10  	542.5 	-4.4  	28    	32.7     	264   	32.5       	3.4        	5230      	-20.1
824       	17:14:12  	542.0 	-4.5  	28    	32.7     	264   	32.5       	3.4        	5238      	-20.0
826       	17:14:14  	541.5 	-4.5  	29    	32.6     	264   	32.4       	3.4        	5245      	-20.0
828       	17:14:16  	540.9 	-4.6  	29    	32.5     	264   	32.3       	3.4        	5253      	-19.9
830       	17:14:18  	540.4 	-4.6  	29    	32.4     	264   	32.2       	3.4        	5261      	-19.9
832       	17:14:20  	539.9 	-4.7  	29    	32.3     	264   	32.1       	3.4        	5269      	-19.9
834       	17:14:22  	539.3 	-4.7  	29    	32.1     	264   	31.9       	3.5        	5276      	-19.9
836       	17:14:24  	538.8 	-4.8  	29    	32.0     	263   	31.8       	3.7        	5284      	-20.0
838       	17:14:26  	538.3 	-4.8  	29    	31.8     	263   	31.6       	3.8        	5292      	-20.0
840       	17:14:28  	537.7 	-4.8  	29    	31.7     	263   	31.5       	3.9        	5300      	-20.1
842       	17:14:30  	537.2 	-4.9  	29    	31.8     	263   	31.5       	4.0        	5308      	-20.2
844       	17:14:32  	536.6 	-4.9  	28    	31.7     	263   	31.4       	4.1        	5316      	-20.3
846       	17:14:34  	536.1 	-5.0  	28    	31.6     	262   	31.3       	4.4        	5324      	-20.4
848       	17:14:36  	535.6 	-5.0  	28    	31.5     	261   	31.1       	4.7        	5331      	-20.5
850       	17:14:38  	535.0 	-5.1  	28    	31.4     	261   	31.0       	4.9        	5339      	-20.5
852       	17:14:40  	534.5 	-5.1  	28    	31.3     	261   	30.9       	5.1        	5347      	-20.5
854       	17:14:42  	534.0 	-5.2  	29    	31.3     	260   	30.8       	5.3        	5355      	-20.5
856       	17:14:44  	533.4 	-5.2  	29    	31.2     	260   	30.7       	5.4        	5363      	-20.6
858       	17:14:46  	532.9 	-5.3  	29    	31.0     	260   	30.5       	5.6        	5371      	-20.6
860       	17:14:48  	532.4 	-5.3  	29    	30.8     	259   	30.3       	5.7        	5378      	-20.6
862       	17:14:50  	531.9 	-5.4  	28    	30.7     	259   	30.1       	5.9        	5386      	-20.7
864       	17:14:52  	531.4 	-5.4  	28    	30.5     	259   	29.9       	6.0        	5393      	-21.0
866       	17:14:54  	530.8 	-5.4  	27    	30.4     	259   	29.8       	6.0        	5401      	-21.3
868       	17:14:56  	530.3 	-5.4  	26    	30.3     	258   	29.7       	6.1        	5409      	-21.6
870       	17:14:58  	529.8 	-5.4  	25    	30.2     	258   	29.6       	6.1        	5417      	-22.1
872       	17:15:00  	529.3 	-5.4  	24    	30.3     	259   	29.7       	6.0        	5424      	-22.6
874       	17:15:02  	528.7 	-5.3  	22    	30.3     	259   	29.7       	6.0        	5432      	-23.3
876       	17:15:04  	528.2 	-5.3  	21    	30.3     	259   	29.7       	6.0        	5440      	-23.9
878       	17:15:06  	527.7 	-5.2  	20    	30.4     	259   	29.8       	5.9        	5448      	-24.3
880       	17:15:08  	527.2 	-5.2  	20    	30.5     	259   	29.9       	5.9        	5456      	-24.5
882       	17:15:10  	526.6 	-5.2  	20    	30.7     	259   	30.1       	5.9        	5464      	-24.6
884       	17:15:12  	526.1 	-5.1  	19    	30.9     	259   	30.3       	5.8        	5471      	-24.7
886       	17:15:14  	525.6 	-5.1  	19    	31.2     	259   	30.7       	5.7        	5479      	-24.9
888       	17:15:16  	525.1 	-5.1  	19    	31.5     	260   	31.0       	5.6        	5486      	-25.0
890       	17:15:18  	524.6 	-5.1  	19    	31.8     	260   	31.3       	5.5        	5494      	-25.0
892       	17:15:20  	524.1 	-5.1  	19    	32.0     	260   	31.5       	5.4        	5501      	-25.2
894       	17:15:22  	523.6 	-5.1  	18    	32.1     	261   	31.7       	5.3        	5509      	-25.6
896       	17:15:24  	523.1 	-5.2  	17    	32.3     	261   	31.9       	5.2        	5516      	-26.0
898       	17:15:26  	522.6 	-5.2  	17    	32.6     	261   	32.2       	5.2        	5524      	-26.3
900       	17:15:28  	522.0 	-5.2  	17    	32.8     	261   	32.4       	5.1        	5532      	-26.4
902       	17:15:30  	521.5 	-5.3  	17    	33.1     	261   	32.7       	5.1        	5540      	-26.4
904       	17:15:32  	521.1 	-5.4  	17    	33.2     	261   	32.8       	5.1        	5547      	-26.3
906       	17:15:34  	520.6 	-5.4  	18    	33.3     	261   	32.9       	5.1        	5554      	-26.1
908       	17:15:36  	520.0 	-5.5  	18    	33.3     	261   	32.9       	5.1        	5562      	-26.0
910       	17:15:38  	519.5 	-5.6  	18    	33.3     	261   	32.9       	5.2        	5570      	-25.8
912       	17:15:40  	519.0 	-5.6  	18    	33.4     	261   	33.0       	5.3        	5578      	-25.8
914       	17:15:42  	518.5 	-5.7  	19    	33.4     	261   	33.0       	5.4        	5585      	-25.7
916       	17:15:44  	518.1 	-5.7  	19    	33.5     	261   	33.0       	5.5        	5592      	-25.7
918       	17:15:46  	517.6 	-5.8  	19    	33.5     	260   	33.0       	5.6        	5599      	-25.7
920       	17:15:48  	517.1 	-5.9  	19    	33.4     	260   	32.9       	5.7        	5607      	-25.8
922       	17:15:50  	516.6 	-5.9  	19    	33.4     	260   	32.9       	5.7        	5614      	-25.8
924       	17:15:52  	516.1 	-6.0  	19    	33.4     	260   	32.9       	5.8        	5622      	-25.8
926       	17:15:54  	515.6 	-6.1  	19    	33.4     	260   	32.9       	5.9        	5629      	-25.8
928       	17:15:56  	515.1 	-6.1  	19    	33.4     	260   	32.9       	6.0        	5637      	-25.8
930       	17:15:58  	514.6 	-6.2  	19    	33.5     	259   	32.9       	6.1        	5645      	-25.9
932       	17:16:00  	514.1 	-6.3  	19    	33.5     	259   	32.9       	6.1        	5652      	-25.9
934       	17:16:02  	513.6 	-6.3  	19    	33.6     	260   	33.0       	6.1        	5659      	-25.9
936       	17:16:04  	513.2 	-6.4  	19    	33.6     	260   	33.0       	6.1        	5666      	-26.0
938       	17:16:06  	512.7 	-6.4  	19    	33.6     	259   	33.0       	6.2        	5673      	-26.0
940       	17:16:08  	512.2 	-6.5  	19    	33.6     	259   	33.0       	6.3        	5680      	-26.1
942       	17:16:10  	511.8 	-6.5  	19    	33.6     	259   	33.0       	6.4        	5688      	-26.1
944       	17:16:12  	511.3 	-6.6  	19    	33.6     	259   	33.0       	6.5        	5695      	-26.2
946       	17:16:14  	510.8 	-6.6  	19    	33.7     	259   	33.0       	6.6        	5702      	-26.2
948       	17:16:16  	510.3 	-6.7  	19    	33.7     	259   	33.0       	6.7        	5710      	-26.1
950       	17:16:18  	509.9 	-6.7  	20    	33.7     	258   	33.0       	6.9        	5717      	-25.9
952       	17:16:20  	509.4 	-6.8  	20    	33.6     	258   	32.9       	7.0        	5724      	-25.8
954       	17:16:22  	509.0 	-6.9  	20    	33.7     	258   	32.9       	7.2        	5731      	-25.8
956       	17:16:24  	508.5 	-6.9  	20    	33.7     	257   	32.9       	7.3        	5738      	-25.7
958       	17:16:26  	508.1 	-6.9  	21    	33.7     	257   	32.9       	7.4        	5744      	-25.7
960       	17:16:28  	507.6 	-7.0  	21    	33.7     	257   	32.9       	7.5        	5751      	-25.7
962       	17:16:30  	507.1 	-7.0  	20    	33.9     	257   	33.0       	7.6        	5759      	-25.8
964       	17:16:32  	506.6 	-7.1  	20    	34.0     	257   	33.1       	7.8        	5766      	-26.0
966       	17:16:34  	506.2 	-7.1  	20    	34.1     	257   	33.2       	7.9        	5774      	-26.1
968       	17:16:36  	505.6 	-7.1  	20    	34.4     	256   	33.4       	8.1        	5782      	-26.3
970       	17:16:38  	505.1 	-7.2  	20    	34.5     	256   	33.5       	8.2        	5790      	-26.4
972       	17:16:40  	504.6 	-7.2  	20    	34.6     	256   	33.6       	8.3        	5798      	-26.5
974       	17:16:42  	504.1 	-7.3  	19    	34.7     	256   	33.7       	8.4        	5806      	-26.6
976       	17:16:44  	503.6 	-7.3  	19    	34.9     	256   	33.8       	8.6        	5814      	-26.6
978       	17:16:46  	503.0 	-7.4  	19    	34.9     	256   	33.8       	8.7        	5822      	-26.7
980       	17:16:48  	502.6 	-7.4  	20    	35.0     	255   	33.8       	8.9        	5830      	-26.7
982       	17:16:50  	502.1 	-7.5  	20    	35.0     	255   	33.8       	9.1        	5837      	-26.7
984       	17:16:52  	501.6 	-7.6  	20    	35.0     	255   	33.8       	9.2        	5844      	-26.7
986       	17:16:54  	501.1 	-7.6  	20    	35.0     	255   	33.7       	9.3        	5851      	-26.7
988       	17:16:56  	500.7 	-7.7  	20    	35.0     	254   	33.7       	9.5        	5859      	-26.7
990       	17:16:58  	500.2 	-7.7  	20    	35.0     	254   	33.7       	9.6        	5866      	-26.7
992       	17:17:00  	499.7 	-7.8  	20    	35.1     	254   	33.7       	9.8        	5873      	-26.8
994       	17:17:02  	499.3 	-7.8  	20    	35.1     	254   	33.7       	9.9        	5881      	-26.8
996       	17:17:04  	498.8 	-7.9  	20    	35.2     	253   	33.7       	10.0       	5888      	-26.9
998       	17:17:06  	498.3 	-7.9  	20    	35.2     	254   	33.8       	10.0       	5896      	-27.0
1000      	17:17:08  	497.8 	-8.0  	20    	35.4     	254   	34.0       	10.0       	5903      	-27.1
1002      	17:17:10  	497.3 	-8.0  	19    	35.7     	254   	34.2       	10.1       	5910      	-27.2
1004      	17:17:12  	496.9 	-8.1  	19    	35.8     	254   	34.3       	10.1       	5917      	-27.3
1006      	17:17:14  	496.4 	-8.1  	19    	35.9     	254   	34.5       	10.1       	5924      	-27.4
1008      	17:17:16  	496.0 	-8.1  	19    	36.1     	254   	34.7       	10.1       	5931      	-27.5
1010      	17:17:18  	495.6 	-8.2  	19    	36.2     	254   	34.8       	10.1       	5938      	-27.7
1012      	17:17:20  	495.1 	-8.2  	18    	36.3     	254   	34.9       	10.1       	5945      	-27.9
1014      	17:17:22  	494.7 	-8.2  	18    	36.5     	254   	35.1       	10.1       	5953      	-28.1
1016      	17:17:24  	494.2 	-8.3  	18    	36.8     	254   	35.4       	10.1       	5959      	-28.2
1018      	17:17:26  	493.8 	-8.3  	18    	37.0     	254   	35.6       	10.1       	5966      	-28.4
1020      	17:17:28  	493.3 	-8.3  	18    	37.1     	254   	35.7       	10.1       	5974      	-28.5
1022      	17:17:30  	492.8 	-8.4  	17    	37.2     	254   	35.8       	10.1       	5981      	-28.6
1024      	17:17:32  	492.4 	-8.4  	17    	37.3     	254   	35.9       	10.1       	5989      	-28.7
1026      	17:17:34  	491.9 	-8.5  	17    	37.4     	254   	36.0       	10.2       	5996      	-28.7
1028      	17:17:36  	491.4 	-8.6  	17    	37.5     	254   	36.1       	10.2       	6003      	-28.8
1030      	17:17:38  	491.0 	-8.6  	17    	37.7     	254   	36.3       	10.2       	6010      	-28.9
1032      	17:17:40  	490.5 	-8.7  	17    	37.8     	254   	36.4       	10.2       	6018      	-29.0
1034      	17:17:42  	490.1 	-8.7  	17    	37.8     	254   	36.4       	10.3       	6025      	-29.1
1036      	17:17:44  	489.6 	-8.8  	17    	37.9     	254   	36.5       	10.3       	6032      	-29.3
1038      	17:17:46  	489.1 	-8.8  	17    	38.0     	254   	36.6       	10.3       	6039      	-29.4
1040      	17:17:48  	488.7 	-8.9  	17    	38.0     	254   	36.6       	10.3       	6047      	-29.5
1042      	17:17:50  	488.2 	-9.0  	17    	38.1     	254   	36.7       	10.2       	6054      	-29.7
1044      	17:17:52  	487.8 	-9.0  	16    	38.2     	255   	36.8       	10.2       	6061      	-29.8
1046      	17:17:54  	487.3 	-9.1  	16    	38.3     	255   	36.9       	10.2       	6068      	-29.8
1048      	17:17:56  	486.9 	-9.1  	16    	38.4     	255   	37.0       	10.1       	6075      	-29.9
1050      	17:17:58  	486.5 	-9.2  	16    	38.4     	255   	37.0       	10.1       	6082      	-29.9
1052      	17:18:00  	486.0 	-9.3  	16    	38.5     	255   	37.1       	10.1       	6089      	-30.0
1054      	17:18:02  	485.5 	-9.3  	16    	38.5     	255   	37.2       	10.0       	6096      	-30.0
1056      	17:18:04  	485.1 	-9.4  	16    	38.5     	255   	37.2       	10.0       	6104      	-30.1
1058      	17:18:06  	484.6 	-9.4  	16    	38.6     	255   	37.3       	9.9        	6111      	-30.2
1060      	17:18:08  	484.1 	-9.5  	16    	38.7     	255   	37.4       	9.9        	6119      	-30.4
1062      	17:18:10  	483.7 	-9.5  	16    	38.7     	255   	37.4       	9.9        	6126      	-30.6
1064      	17:18:12  	483.2 	-9.6  	16    	38.7     	255   	37.4       	9.9        	6134      	-30.8
1066      	17:18:14  	482.8 	-9.6  	15    	38.8     	255   	37.5       	9.9        	6141      	-31.0
1068      	17:18:16  	482.3 	-9.6  	15    	38.9     	255   	37.6       	10.0       	6148      	-31.3
1070      	17:18:18  	481.8 	-9.7  	15    	38.9     	255   	37.6       	10.0       	6155      	-31.6
1072      	17:18:20  	481.4 	-9.7  	14    	38.9     	255   	37.6       	10.0       	6163      	-31.8
1074      	17:18:22  	480.9 	-9.7  	14    	39.0     	255   	37.7       	10.0       	6170      	-32.0
1076      	17:18:24  	480.4 	-9.7  	14    	39.0     	255   	37.7       	10.1       	6178      	-32.2
1078      	17:18:26  	480.0 	-9.8  	13    	39.0     	255   	37.7       	10.1       	6186      	-32.5
1080      	17:18:28  	479.5 	-9.8  	13    	39.1     	255   	37.7       	10.3       	6193      	-32.8
1082      	17:18:30  	479.0 	-9.8  	13    	39.1     	255   	37.7       	10.4       	6201      	-33.1
1084      	17:18:32  	478.6 	-9.8  	12    	39.1     	254   	37.7       	10.5       	6208      	-33.4
1086      	17:18:34  	478.1 	-9.9  	12    	39.2     	254   	37.7       	10.6       	6215      	-33.9
1088      	17:18:36  	477.7 	-9.9  	11    	39.2     	254   	37.7       	10.7       	6223      	-34.5
1090      	17:18:38  	477.2 	-9.9  	10    	39.2     	254   	37.7       	10.8       	6230      	-35.1
1092      	17:18:40  	476.7 	-9.9  	10    	39.2     	254   	37.7       	10.9       	6237      	-35.8
1094      	17:18:42  	476.3 	-9.9  	9     	39.2     	254   	37.7       	10.9       	6245      	-36.5
1096      	17:18:44  	475.8 	-10.0 	8     	39.4     	254   	37.8       	11.0       	6252      	-37.2
1098      	17:18:46  	475.4 	-10.0 	8     	39.3     	254   	37.8       	10.9       	6260      	-37.9
1100      	17:18:48  	474.9 	-10.0 	7     	39.3     	254   	37.8       	10.9       	6268      	-36.4
1102      	17:18:50  	474.3 	-10.1 	7     	39.4     	254   	37.9       	10.8       	6276      	-36.9
1104      	17:18:52  	473.8 	-10.1 	7     	39.4     	254   	37.9       	10.8       	6285      	-37.3
1106      	17:18:54  	473.4 	-10.2 	7     	39.4     	254   	37.9       	10.7       	6293      	-37.6
1108      	17:18:56  	472.9 	-10.2 	6     	39.4     	254   	37.9       	10.6       	6300      	-37.9
1110      	17:18:58  	472.4 	-10.3 	6     	39.4     	254   	37.9       	10.6       	6308      	-38.1
1112      	17:19:00  	472.0 	-10.3 	6     	39.4     	254   	37.9       	10.6       	6315      	-38.4
1114      	17:19:02  	471.5 	-10.4 	6     	39.3     	255   	37.9       	10.5       	6322      	-38.7
1116      	17:19:04  	471.1 	-10.4 	6     	39.2     	254   	37.8       	10.5       	6330      	-39.0
1118      	17:19:06  	470.6 	-10.5 	6     	39.1     	254   	37.7       	10.5       	6338      	-39.3
1120      	17:19:08  	470.1 	-10.5 	5     	38.9     	254   	37.5       	10.5       	6345      	-39.7
1122      	17:19:10  	469.6 	-10.6 	5     	38.8     	254   	37.4       	10.5       	6353      	-40.0
1124      	17:19:12  	469.1 	-10.6 	5     	38.7     	254   	37.3       	10.5       	6362      	-40.3
1126      	17:19:14  	468.6 	-10.7 	5     	38.7     	254   	37.2       	10.6       	6370      	-40.5
1128      	17:19:16  	468.1 	-10.7 	5     	38.6     	254   	37.1       	10.6       	6378      	-40.7
1130      	17:19:18  	467.7 	-10.8 	5     	38.4     	254   	36.9       	10.6       	6385      	-40.9
1132      	17:19:20  	467.2 	-10.8 	5     	38.4     	254   	36.8       	10.8       	6393      	-41.1
1134      	17:19:22  	466.7 	-10.9 	5     	38.2     	253   	36.6       	10.9       	6401      	-41.2
1136      	17:19:24  	466.3 	-10.9 	5     	38.1     	253   	36.5       	11.0       	6408      	-41.3
1138      	17:19:26  	465.8 	-11.0 	5     	38.1     	253   	36.4       	11.2       	6416      	-41.4
1140      	17:19:28  	465.4 	-11.1 	5     	38.1     	253   	36.4       	11.3       	6424      	-41.5
1142      	17:19:30  	464.9 	-11.1 	5     	38.0     	253   	36.3       	11.4       	6431      	-41.5
1144      	17:19:32  	464.4 	-11.2 	5     	38.0     	252   	36.2       	11.6       	6439      	-41.6
1146      	17:19:34  	464.0 	-11.2 	5     	38.1     	252   	36.2       	11.8       	6446      	-41.6
1148      	17:19:36  	463.5 	-11.3 	5     	38.0     	252   	36.1       	12.0       	6454      	-41.6
1150      	17:19:38  	463.0 	-11.3 	5     	38.0     	251   	36.0       	12.2       	6462      	-41.6
1152      	17:19:40  	462.6 	-11.4 	5     	38.0     	251   	36.0       	12.2       	6469      	-41.6
1154      	17:19:42  	462.1 	-11.4 	5     	38.0     	251   	36.0       	12.3       	6477      	-41.5
1156      	17:19:44  	461.6 	-11.5 	5     	38.1     	251   	36.0       	12.4       	6485      	-41.4
1158      	17:19:46  	461.2 	-11.5 	5     	38.1     	251   	36.0       	12.5       	6493      	-41.4
1160      	17:19:48  	460.7 	-11.6 	5     	38.1     	251   	36.0       	12.6       	6501      	-41.3
1162      	17:19:50  	460.2 	-11.6 	5     	38.2     	251   	36.0       	12.7       	6509      	-41.3
1164      	17:19:52  	459.7 	-11.7 	5     	38.2     	251   	36.0       	12.7       	6518      	-41.2
1166      	17:19:54  	459.2 	-11.8 	5     	38.2     	251   	36.0       	12.7       	6526      	-41.1
1168      	17:19:56  	458.7 	-11.9 	5     	38.2     	251   	36.0       	12.7       	6534      	-41.0
1170      	17:19:58  	458.2 	-11.9 	5     	38.3     	251   	36.1       	12.7       	6542      	-40.9
1172      	17:20:00  	457.7 	-12.0 	5     	38.4     	251   	36.2       	12.7       	6550      	-40.9
1174      	17:20:02  	457.3 	-12.1 	5     	38.4     	251   	36.2       	12.7       	6558      	-40.8
1176      	17:20:04  	456.8 	-12.1 	5     	38.5     	251   	36.3       	12.7       	6566      	-40.8
1178      	17:20:06  	456.3 	-12.2 	6     	38.5     	251   	36.3       	12.7       	6573      	-40.8
1180      	17:20:08  	455.9 	-12.3 	6     	38.6     	251   	36.4       	12.7       	6581      	-40.8
1182      	17:20:10  	455.4 	-12.3 	6     	38.6     	251   	36.5       	12.5       	6589      	-40.8
1184      	17:20:12  	454.9 	-12.4 	6     	38.5     	251   	36.5       	12.4       	6597      	-40.8
1186      	17:20:14  	454.5 	-12.5 	6     	38.6     	251   	36.6       	12.3       	6605      	-40.9
1188      	17:20:16  	454.0 	-12.6 	6     	38.7     	252   	36.7       	12.2       	6613      	-41.0
1190      	17:20:18  	453.5 	-12.6 	6     	38.7     	252   	36.8       	12.0       	6621      	-41.0
1192      	17:20:20  	453.0 	-12.7 	6     	38.7     	252   	36.8       	11.9       	6629      	-41.1
1194      	17:20:22  	452.5 	-12.7 	6     	38.6     	252   	36.8       	11.8       	6638      	-41.1
1196      	17:20:24  	452.0 	-12.8 	6     	38.7     	253   	36.9       	11.6       	6646      	-41.1
1198      	17:20:26  	451.6 	-12.9 	6     	38.7     	253   	36.9       	11.5       	6654      	-41.2
1200      	17:20:28  	451.1 	-12.9 	6     	38.6     	253   	36.9       	11.4       	6661      	-41.3
1202      	17:20:30  	450.6 	-13.0 	6     	38.6     	253   	36.9       	11.4       	6669      	-41.3
1204      	17:20:32  	450.2 	-13.0 	6     	38.6     	253   	36.9       	11.3       	6677      	-41.5
1206      	17:20:34  	449.7 	-13.1 	5     	38.5     	253   	36.8       	11.3       	6684      	-41.6
1208      	17:20:36  	449.3 	-13.2 	5     	38.6     	253   	36.9       	11.3       	6693      	-41.8
1210      	17:20:38  	448.8 	-13.2 	5     	38.6     	253   	36.9       	11.3       	6701      	-41.9
1212      	17:20:40  	448.3 	-13.3 	5     	38.6     	253   	36.9       	11.3       	6709      	-42.1
1214      	17:20:42  	447.8 	-13.4 	5     	38.7     	253   	37.0       	11.2       	6716      	-42.3
1216      	17:20:44  	447.4 	-13.4 	5     	38.7     	253   	37.0       	11.2       	6724      	-42.5
1218      	17:20:46  	446.9 	-13.5 	5     	38.8     	253   	37.1       	11.2       	6732      	-42.7
1220      	17:20:48  	446.4 	-13.5 	5     	38.8     	253   	37.2       	11.2       	6740      	-42.9
1222      	17:20:50  	445.9 	-13.6 	5     	38.8     	253   	37.2       	11.1       	6749      	-43.1
1224      	17:20:52  	445.5 	-13.6 	5     	38.9     	254   	37.3       	11.0       	6757      	-43.4
1226      	17:20:54  	445.0 	-13.7 	5     	38.9     	254   	37.3       	11.0       	6766      	-43.7
1228      	17:20:56  	444.4 	-13.7 	4     	39.0     	254   	37.4       	10.9       	6774      	-44.0
1230      	17:20:58  	443.9 	-13.8 	4     	38.9     	254   	37.4       	10.8       	6783      	-44.3
1232      	17:21:00  	443.5 	-13.8 	4     	38.9     	254   	37.4       	10.7       	6791      	-44.6
1234      	17:21:02  	443.0 	-13.8 	4     	38.9     	254   	37.4       	10.6       	6800      	-44.9
1236      	17:21:04  	442.5 	-13.8 	4     	38.8     	254   	37.4       	10.5       	6808      	-45.3
1238      	17:21:06  	442.0 	-13.9 	4     	38.8     	254   	37.4       	10.4       	6816      	-45.7
1240      	17:21:08  	441.5 	-13.9 	3     	38.8     	255   	37.4       	10.3       	6824      	-46.1
1242      	17:21:10  	441.1 	-13.9 	3     	38.8     	255   	37.4       	10.2       	6832      	-46.6
1244      	17:21:12  	440.6 	-14.0 	3     	38.8     	255   	37.4       	10.2       	6840      	-47.0
1246      	17:21:14  	440.1 	-14.0 	3     	38.7     	255   	37.4       	10.1       	6848      	-47.4
1248      	17:21:16  	439.7 	-14.1 	3     	38.8     	255   	37.5       	10.0       	6857      	-47.9
1250      	17:21:18  	439.2 	-14.2 	3     	38.8     	255   	37.5       	10.0       	6865      	-48.2
1252      	17:21:20  	438.7 	-14.2 	3     	38.9     	255   	37.6       	9.9        	6873      	-48.5
1254      	17:21:22  	438.2 	-14.3 	3     	38.9     	255   	37.6       	9.9        	6881      	-48.7
1256      	17:21:24  	437.7 	-14.4 	3     	39.0     	255   	37.7       	9.9        	6890      	-48.9
1258      	17:21:26  	437.2 	-14.4 	3     	39.0     	255   	37.7       	9.8        	6898      	-49.1
1260      	17:21:28  	436.7 	-14.5 	3     	39.1     	256   	37.9       	9.8        	6907      	-49.2
1262      	17:21:30  	436.3 	-14.6 	3     	39.2     	256   	38.0       	9.8        	6916      	-49.3
1264      	17:21:32  	435.8 	-14.7 	3     	39.3     	256   	38.1       	9.8        	6924      	-49.4
1266      	17:21:34  	435.3 	-14.7 	2     	39.4     	256   	38.2       	9.8        	6932      	-49.4
1268      	17:21:36  	434.8 	-14.8 	3     	39.4     	256   	38.2       	9.8        	6940      	-49.5
1270      	17:21:38  	434.3 	-14.9 	3     	39.5     	256   	38.3       	9.7        	6949      	-49.5
1272      	17:21:40  	433.8 	-14.9 	3     	39.5     	256   	38.3       	9.8        	6958      	-49.5
1274      	17:21:42  	433.3 	-15.0 	3     	39.6     	256   	38.4       	9.8        	6967      	-49.6
1276      	17:21:44  	432.8 	-15.1 	2     	39.6     	256   	38.4       	9.8        	6975      	-49.7
1278      	17:21:46  	432.3 	-15.1 	2     	39.6     	256   	38.4       	9.8        	6984      	-49.9
1280      	17:21:48  	431.8 	-15.2 	2     	39.7     	256   	38.4       	9.9        	6993      	-50.1
1282      	17:21:50  	431.3 	-15.2 	2     	39.7     	256   	38.4       	9.9        	7001      	-50.3
1284      	17:21:52  	430.9 	-15.3 	2     	39.7     	256   	38.4       	9.9        	7009      	-50.6
1286      	17:21:54  	430.4 	-15.4 	2     	39.5     	255   	38.2       	9.9        	7018      	-50.8
1288      	17:21:56  	429.9 	-15.4 	2     	39.3     	256   	38.1       	9.8        	7027      	-50.9
1290      	17:21:58  	429.4 	-15.5 	2     	39.2     	256   	38.0       	9.8        	7035      	-51.1
1292      	17:22:00  	428.9 	-15.6 	2     	39.2     	256   	38.0       	9.7        	7044      	-51.2
1294      	17:22:02  	428.4 	-15.6 	2     	39.1     	256   	37.9       	9.6        	7052      	-51.3
1296      	17:22:04  	427.9 	-15.7 	2     	39.0     	256   	37.8       	9.5        	7061      	-51.2
1298      	17:22:06  	427.5 	-15.8 	2     	38.9     	256   	37.7       	9.4        	7069      	-51.0
1300      	17:22:08  	427.0 	-15.9 	2     	38.7     	256   	37.6       	9.3        	7078      	-50.8
1302      	17:22:10  	426.5 	-15.9 	2     	38.6     	256   	37.5       	9.2        	7086      	-50.7
1304      	17:22:12  	426.0 	-16.0 	2     	38.5     	256   	37.4       	9.1        	7095      	-50.5
1306      	17:22:14  	425.5 	-16.1 	3     	38.4     	256   	37.3       	9.1        	7104      	-50.2
1308      	17:22:16  	425.0 	-16.2 	3     	38.4     	256   	37.3       	9.1        	7113      	-50.0
1310      	17:22:18  	424.5 	-16.2 	3     	38.3     	256   	37.2       	9.0        	7121      	-49.9
1312      	17:22:20  	424.0 	-16.3 	3     	38.3     	256   	37.2       	9.0        	7130      	-49.8
1314      	17:22:22  	423.5 	-16.4 	3     	38.2     	257   	37.2       	8.9        	7139      	-49.8
1316      	17:22:24  	423.0 	-16.5 	3     	38.2     	257   	37.2       	8.8        	7148      	-49.9
1318      	17:22:26  	422.5 	-16.6 	3     	38.2     	257   	37.2       	8.7        	7157      	-49.9
1320      	17:22:28  	422.0 	-16.6 	3     	38.2     	257   	37.2       	8.6        	7165      	-50.0
1322      	17:22:30  	421.5 	-16.7 	3     	38.2     	257   	37.2       	8.6        	7174      	-50.1
1324      	17:22:32  	421.1 	-16.8 	3     	38.3     	257   	37.3       	8.5        	7183      	-50.2
1326      	17:22:34  	420.6 	-16.9 	3     	38.3     	257   	37.4       	8.4        	7191      	-50.2
1328      	17:22:36  	420.1 	-16.9 	3     	38.3     	257   	37.4       	8.3        	7200      	-50.3
1330      	17:22:38  	419.6 	-17.0 	3     	38.4     	258   	37.5       	8.3        	7209      	-50.3
1332      	17:22:40  	419.1 	-17.1 	3     	38.4     	258   	37.5       	8.3        	7217      	-50.3
1334      	17:22:42  	418.6 	-17.2 	3     	38.4     	258   	37.5       	8.2        	7226      	-50.3
1336      	17:22:44  	418.2 	-17.2 	3     	38.5     	258   	37.6       	8.2        	7235      	-50.4
1338      	17:22:46  	417.7 	-17.3 	3     	38.5     	258   	37.6       	8.2        	7243      	-50.4
1340      	17:22:48  	417.2 	-17.4 	3     	38.6     	258   	37.7       	8.2        	7251      	-50.5
1342      	17:22:50  	416.8 	-17.4 	3     	38.6     	258   	37.7       	8.2        	7259      	-50.5
1344      	17:22:52  	416.3 	-17.5 	3     	38.7     	258   	37.8       	8.2        	7268      	-50.6
1346      	17:22:54  	415.8 	-17.5 	3     	38.7     	258   	37.8       	8.2        	7277      	-50.7
1348      	17:22:56  	415.3 	-17.6 	3     	38.7     	258   	37.8       	8.2        	7285      	-50.8
1350      	17:22:58  	414.8 	-17.6 	3     	38.8     	258   	37.9       	8.2        	7294      	-50.8
1352      	17:23:00  	414.3 	-17.7 	3     	38.9     	258   	38.0       	8.3        	7303      	-50.9
1354      	17:23:02  	413.8 	-17.7 	3     	39.0     	258   	38.1       	8.3        	7312      	-50.9
1356      	17:23:04  	413.4 	-17.8 	3     	39.1     	258   	38.2       	8.4        	7321      	-50.9
1358      	17:23:06  	412.9 	-17.9 	3     	39.2     	258   	38.3       	8.4        	7330      	-50.9
1360      	17:23:08  	412.4 	-17.9 	3     	39.3     	258   	38.4       	8.5        	7339      	-50.9
1362      	17:23:10  	411.9 	-18.0 	3     	39.4     	257   	38.5       	8.6        	7348      	-50.8
1364      	17:23:12  	411.4 	-18.0 	3     	39.5     	257   	38.5       	8.8        	7356      	-50.8
1366      	17:23:14  	410.9 	-18.1 	3     	39.6     	257   	38.6       	9.0        	7365      	-50.7
1368      	17:23:16  	410.4 	-18.1 	3     	39.8     	257   	38.7       	9.1        	7375      	-50.7
1370      	17:23:18  	409.9 	-18.2 	3     	39.8     	256   	38.7       	9.3        	7384      	-50.6
1372      	17:23:20  	409.4 	-18.2 	3     	39.8     	256   	38.7       	9.4        	7393      	-50.6
1374      	17:23:22  	408.9 	-18.3 	3     	39.8     	256   	38.7       	9.5        	7401      	-50.6
1376      	17:23:24  	408.5 	-18.3 	3     	40.0     	256   	38.8       	9.8        	7410      	-50.5
1378      	17:23:26  	408.0 	-18.4 	3     	40.1     	255   	38.8       	10.1       	7419      	-50.5
1380      	17:23:28  	407.5 	-18.4 	3     	40.2     	255   	38.9       	10.3       	7427      	-50.6
1382      	17:23:30  	407.1 	-18.5 	3     	40.4     	255   	39.0       	10.5       	7435      	-50.6
1384      	17:23:32  	406.6 	-18.5 	3     	40.5     	255   	39.1       	10.6       	7444      	-50.7
1386      	17:23:34  	406.1 	-18.6 	3     	40.6     	255   	39.2       	10.7       	7453      	-50.8
1388      	17:23:36  	405.6 	-18.6 	3     	40.7     	254   	39.2       	10.9       	7461      	-50.9
1390      	17:23:38  	405.2 	-18.7 	3     	40.8     	254   	39.3       	11.1       	7470      	-51.0
1392      	17:23:40  	404.7 	-18.7 	3     	40.9     	254   	39.3       	11.3       	7479      	-51.1
1394      	17:23:42  	404.2 	-18.8 	3     	41.0     	254   	39.4       	11.5       	7488      	-51.2
1396      	17:23:44  	403.7 	-18.8 	3     	41.0     	254   	39.3       	11.6       	7497      	-51.3
1398      	17:23:46  	403.2 	-18.9 	3     	41.0     	254   	39.3       	11.6       	7506      	-51.3
1400      	17:23:48  	402.7 	-18.9 	3     	40.9     	253   	39.2       	11.7       	7515      	-51.4
1402      	17:23:50  	402.3 	-19.0 	3     	41.0     	253   	39.3       	11.8       	7524      	-51.4
1404      	17:23:52  	401.8 	-19.1 	3     	41.1     	253   	39.3       	12.0       	7533      	-51.4
1406      	17:23:54  	401.3 	-19.1 	3     	41.1     	253   	39.3       	12.1       	7541      	-51.3
1408      	17:23:56  	400.9 	-19.2 	3     	41.2     	253   	39.4       	12.2       	7549      	-51.0
1410      	17:23:58  	400.4 	-19.3 	3     	41.2     	253   	39.4       	12.2       	7558      	-50.7
1412      	17:24:00  	400.0 	-19.4 	3     	41.4     	253   	39.5       	12.3       	7567      	-50.4
1414      	17:24:02  	399.5 	-19.4 	4     	41.5     	253   	39.6       	12.3       	7575      	-50.1
1416      	17:24:04  	399.0 	-19.5 	4     	41.5     	253   	39.6       	12.3       	7584      	-49.7
1418      	17:24:06  	398.5 	-19.6 	4     	41.6     	253   	39.7       	12.3       	7593      	-49.2
1420      	17:24:08  	398.1 	-19.7 	4     	41.7     	253   	39.8       	12.3       	7602      	-48.6
1422      	17:24:10  	397.6 	-19.7 	5     	41.7     	253   	39.8       	12.3       	7610      	-48.1
1424      	17:24:12  	397.1 	-19.8 	5     	41.6     	253   	39.8       	12.2       	7619      	-47.5
1426      	17:24:14  	396.7 	-19.9 	5     	41.6     	253   	39.8       	12.2       	7627      	-47.1
1428      	17:24:16  	396.2 	-20.0 	6     	41.6     	253   	39.8       	12.2       	7636      	-46.6
1430      	17:24:18  	395.8 	-20.0 	6     	41.8     	253   	39.9       	12.3       	7645      	-46.2
1432      	17:24:20  	395.3 	-20.1 	6     	41.8     	253   	40.0       	12.3       	7653      	-45.9
1434      	17:24:22  	394.8 	-20.2 	7     	41.8     	253   	40.0       	12.3       	7662      	-45.7
1436      	17:24:24  	394.3 	-20.3 	7     	42.0     	253   	40.1       	12.4       	7671      	-45.5
1438      	17:24:26  	393.8 	-20.3 	7     	42.1     	253   	40.2       	12.5       	7681      	-45.4
1440      	17:24:28  	393.3 	-20.4 	7     	42.1     	253   	40.2       	12.6       	7691      	-45.2
1442      	17:24:30  	392.8 	-20.5 	7     	42.3     	253   	40.3       	12.7       	7701      	-45.0
1444      	17:24:32  	392.3 	-20.6 	7     	42.4     	252   	40.4       	12.8       	7710      	-44.9
1446      	17:24:34  	391.8 	-20.6 	8     	42.4     	252   	40.4       	12.9       	7719      	-44.8
1448      	17:24:36  	391.4 	-20.7 	8     	42.4     	252   	40.4       	12.9       	7728      	-44.7
1450      	17:24:38  	390.9 	-20.8 	8     	42.4     	252   	40.4       	13.0       	7737      	-44.7
1452      	17:24:40  	390.4 	-20.9 	8     	42.4     	252   	40.4       	13.0       	7745      	-44.7
1454      	17:24:42  	389.9 	-20.9 	8     	42.6     	252   	40.5       	13.2       	7754      	-44.7
1456      	17:24:44  	389.5 	-21.0 	8     	42.6     	252   	40.5       	13.3       	7763      	-44.8
1458      	17:24:46  	389.0 	-21.1 	8     	42.7     	252   	40.5       	13.4       	7772      	-44.9
1460      	17:24:48  	388.5 	-21.1 	8     	42.7     	252   	40.5       	13.5       	7781      	-45.0
1462      	17:24:50  	388.1 	-21.2 	8     	42.8     	251   	40.6       	13.6       	7789      	-45.1
1464      	17:24:52  	387.7 	-21.3 	8     	42.8     	251   	40.6       	13.6       	7798      	-45.2
1466      	17:24:54  	387.2 	-21.4 	8     	42.8     	251   	40.5       	13.7       	7806      	-45.2
1468      	17:24:56  	386.7 	-21.4 	8     	42.8     	251   	40.5       	13.8       	7815      	-45.3
1470      	17:24:58  	386.3 	-21.5 	8     	42.7     	251   	40.4       	13.9       	7824      	-45.3
1472      	17:25:00  	385.8 	-21.6 	8     	42.7     	251   	40.3       	14.0       	7833      	-45.4
1474      	17:25:02  	385.3 	-21.7 	8     	42.6     	251   	40.2       	14.0       	7842      	-45.5
1476      	17:25:04  	384.9 	-21.7 	8     	42.6     	251   	40.2       	14.1       	7851      	-45.6
1478      	17:25:06  	384.4 	-21.8 	8     	42.5     	251   	40.1       	14.1       	7860      	-45.8
1480      	17:25:08  	383.9 	-21.9 	7     	42.3     	251   	39.9       	14.1       	7869      	-45.9
1482      	17:25:10  	383.5 	-22.0 	7     	42.2     	250   	39.8       	14.1       	7878      	-46.2
1484      	17:25:12  	383.0 	-22.0 	7     	42.1     	250   	39.7       	14.1       	7886      	-46.4
1486      	17:25:14  	382.5 	-22.1 	7     	42.1     	250   	39.6       	14.2       	7895      	-46.8
1488      	17:25:16  	382.1 	-22.2 	7     	42.1     	250   	39.6       	14.2       	7904      	-47.1
1490      	17:25:18  	381.6 	-22.3 	7     	42.0     	250   	39.5       	14.2       	7913      	-47.4
1492      	17:25:20  	381.2 	-22.3 	6     	41.9     	250   	39.5       	14.1       	7922      	-47.6
1494      	17:25:22  	380.7 	-22.4 	6     	41.9     	250   	39.5       	14.1       	7930      	-47.8
1496      	17:25:24  	380.3 	-22.5 	6     	41.8     	250   	39.4       	14.0       	7939      	-47.9
1498      	17:25:26  	379.8 	-22.6 	6     	41.8     	250   	39.4       	14.0       	7948      	-48.0
1500      	17:25:28  	379.3 	-22.6 	6     	41.8     	251   	39.4       	13.9       	7957      	-48.1
1502      	17:25:30  	378.9 	-22.7 	6     	41.7     	251   	39.4       	13.8       	7966      	-48.1
1504      	17:25:32  	378.4 	-22.8 	6     	41.7     	251   	39.4       	13.8       	7976      	-48.2
1506      	17:25:34  	377.9 	-22.9 	6     	41.6     	251   	39.3       	13.7       	7985      	-48.2
1508      	17:25:36  	377.4 	-23.0 	6     	41.6     	251   	39.3       	13.6       	7994      	-48.2
1510      	17:25:38  	377.0 	-23.1 	6     	41.5     	251   	39.2       	13.6       	8003      	-48.2
1512      	17:25:40  	376.5 	-23.1 	6     	41.4     	251   	39.1       	13.5       	8012      	-48.1
1514      	17:25:42  	376.0 	-23.2 	7     	41.4     	251   	39.1       	13.5       	8021      	-48.1
1516      	17:25:44  	375.6 	-23.3 	7     	41.3     	251   	39.0       	13.5       	8030      	-47.9
1518      	17:25:46  	375.1 	-23.4 	7     	41.3     	251   	39.0       	13.6       	8039      	-47.8
1520      	17:25:48  	374.6 	-23.5 	7     	41.2     	251   	38.9       	13.7       	8049      	-47.6
1522      	17:25:50  	374.2 	-23.5 	7     	41.3     	250   	38.9       	13.8       	8058      	-47.5
1524      	17:25:52  	373.7 	-23.6 	8     	41.2     	250   	38.8       	13.9       	8067      	-47.3
1526      	17:25:54  	373.2 	-23.7 	8     	41.2     	250   	38.8       	14.0       	8076      	-47.2
1528      	17:25:56  	372.8 	-23.8 	8     	41.4     	250   	38.9       	14.1       	8085      	-47.2
1530      	17:25:58  	372.3 	-23.8 	8     	41.4     	250   	38.9       	14.2       	8094      	-47.1
1532      	17:26:00  	371.8 	-23.9 	8     	41.4     	250   	38.8       	14.4       	8103      	-47.0
1534      	17:26:02  	371.4 	-24.0 	8     	41.5     	249   	38.8       	14.6       	8112      	-47.0
1536      	17:26:04  	370.9 	-24.1 	8     	41.5     	249   	38.8       	14.7       	8121      	-47.0
1538      	17:26:06  	370.5 	-24.2 	8     	41.5     	249   	38.8       	14.8       	8130      	-47.0
1540      	17:26:08  	370.0 	-24.2 	8     	41.6     	249   	38.8       	14.9       	8139      	-47.0
1542      	17:26:10  	369.6 	-24.3 	8     	41.6     	249   	38.8       	15.0       	8147      	-47.1
1544      	17:26:12  	369.2 	-24.4 	8     	41.6     	249   	38.8       	15.1       	8156      	-47.2
1546      	17:26:14  	368.7 	-24.4 	8     	41.5     	249   	38.7       	15.1       	8165      	-47.3
1548      	17:26:16  	368.3 	-24.5 	8     	41.6     	249   	38.7       	15.2       	8173      	-47.5
1550      	17:26:18  	367.9 	-24.6 	8     	41.6     	249   	38.7       	15.2       	8182      	-47.6
1552      	17:26:20  	367.4 	-24.6 	8     	41.6     	249   	38.7       	15.2       	8190      	-47.7
1554      	17:26:22  	367.0 	-24.7 	8     	41.6     	249   	38.7       	15.2       	8199      	-47.9
1556      	17:26:24  	366.5 	-24.8 	8     	41.5     	249   	38.7       	15.1       	8208      	-48.0
1558      	17:26:26  	366.1 	-24.8 	8     	41.6     	249   	38.8       	15.0       	8216      	-48.0
1560      	17:26:28  	365.7 	-24.9 	8     	41.6     	249   	38.8       	14.9       	8224      	-48.1
1562      	17:26:30  	365.2 	-25.0 	8     	41.6     	249   	38.9       	14.8       	8233      	-48.0
1564      	17:26:32  	364.8 	-25.0 	8     	41.7     	249   	39.0       	14.7       	8242      	-48.0
1566      	17:26:34  	364.4 	-25.1 	8     	41.6     	249   	39.0       	14.6       	8251      	-47.9
1568      	17:26:36  	363.9 	-25.2 	8     	41.7     	250   	39.1       	14.5       	8260      	-47.7
1570      	17:26:38  	363.5 	-25.3 	9     	41.8     	250   	39.2       	14.4       	8269      	-47.5
1572      	17:26:40  	363.0 	-25.3 	9     	41.8     	250   	39.3       	14.3       	8278      	-47.3
1574      	17:26:42  	362.6 	-25.4 	9     	41.9     	250   	39.4       	14.2       	8287      	-47.2
1576      	17:26:44  	362.1 	-25.5 	9     	41.8     	250   	39.4       	14.1       	8296      	-47.0
1578      	17:26:46  	361.7 	-25.5 	10    	41.9     	250   	39.5       	14.0       	8305      	-46.9
1580      	17:26:48  	361.2 	-25.6 	10    	41.9     	250   	39.5       	14.0       	8314      	-46.8
1582      	17:26:50  	360.8 	-25.6 	10    	41.8     	251   	39.5       	13.8       	8323      	-46.7
1584      	17:26:52  	360.3 	-25.7 	10    	41.9     	251   	39.6       	13.6       	8332      	-46.7
1586      	17:26:54  	359.9 	-25.7 	10    	41.8     	251   	39.6       	13.3       	8341      	-46.8
1588      	17:26:56  	359.5 	-25.8 	10    	41.8     	252   	39.7       	13.1       	8349      	-46.8
1590      	17:26:58  	359.0 	-25.8 	10    	41.7     	252   	39.7       	12.9       	8358      	-46.9
1592      	17:27:00  	358.6 	-25.9 	10    	41.7     	252   	39.7       	12.7       	8367      	-47.0
1594      	17:27:02  	358.2 	-26.0 	10    	41.7     	253   	39.8       	12.4       	8375      	-47.1
1596      	17:27:04  	357.7 	-26.0 	10    	41.7     	253   	39.9       	12.0       	8384      	-47.1
1598      	17:27:06  	357.3 	-26.1 	10    	41.6     	254   	40.0       	11.6       	8393      	-47.2
1600      	17:27:08  	356.8 	-26.1 	10    	41.6     	254   	40.1       	11.2       	8402      	-47.2
1602      	17:27:10  	356.4 	-26.2 	10    	41.7     	255   	40.2       	10.9       	8411      	-47.2
1604      	17:27:12  	356.0 	-26.3 	10    	41.7     	255   	40.3       	10.6       	8420      	-47.2
1606      	17:27:14  	355.5 	-26.3 	10    	41.7     	256   	40.4       	10.4       	8429      	-47.3
1608      	17:27:16  	355.1 	-26.4 	10    	41.7     	256   	40.5       	10.1       	8438      	-47.3
1610      	17:27:18  	354.6 	-26.5 	10    	41.8     	256   	40.6       	9.8        	8447      	-47.3
1612      	17:27:20  	354.2 	-26.5 	10    	41.9     	257   	40.8       	9.5        	8456      	-47.4
1614      	17:27:22  	353.8 	-26.6 	10    	41.9     	257   	40.9       	9.1        	8464      	-47.4
1616      	17:27:24  	353.4 	-26.7 	10    	41.9     	258   	40.9       	9.0        	8472      	-47.5
1618      	17:27:26  	353.0 	-26.7 	10    	41.9     	258   	40.9       	8.9        	8481      	-47.6
1620      	17:27:28  	352.5 	-26.8 	10    	41.9     	258   	41.0       	8.8        	8490      	-47.7
1622      	17:27:30  	352.1 	-26.9 	10    	42.0     	258   	41.1       	8.6        	8499      	-47.8
1624      	17:27:32  	351.7 	-26.9 	10    	42.0     	258   	41.1       	8.5        	8507      	-47.9
1626      	17:27:34  	351.3 	-27.0 	10    	42.0     	259   	41.2       	8.3        	8516      	-47.9
1628      	17:27:36  	350.9 	-27.1 	10    	42.1     	259   	41.3       	8.2        	8524      	-48.0
1630      	17:27:38  	350.5 	-27.2 	10    	42.1     	259   	41.3       	8.1        	8532      	-48.0
1632      	17:27:40  	350.0 	-27.2 	10    	42.2     	259   	41.4       	8.1        	8541      	-48.0
1634      	17:27:42  	349.6 	-27.3 	10    	42.2     	259   	41.4       	8.1        	8549      	-48.1
1636      	17:27:44  	349.2 	-27.4 	10    	42.2     	259   	41.4       	8.3        	8558      	-48.1
1638      	17:27:46  	348.8 	-27.5 	10    	42.3     	259   	41.5       	8.4        	8567      	-48.2
1640      	17:27:48  	348.4 	-27.5 	10    	42.4     	258   	41.5       	8.6        	8575      	-48.2
1642      	17:27:50  	347.9 	-27.6 	10    	42.3     	258   	41.4       	8.7        	8584      	-48.2
1644      	17:27:52  	347.5 	-27.7 	10    	42.3     	258   	41.4       	8.9        	8593      	-48.2
1646      	17:27:54  	347.1 	-27.7 	10    	42.4     	258   	41.4       	9.1        	8601      	-48.3
1648      	17:27:56  	346.7 	-27.8 	10    	42.3     	257   	41.3       	9.3        	8610      	-48.3
1650      	17:27:58  	346.3 	-27.9 	10    	42.3     	257   	41.2       	9.6        	8618      	-48.3
1652      	17:28:00  	345.9 	-27.9 	10    	42.3     	257   	41.2       	9.8        	8627      	-48.4
1654      	17:28:02  	345.5 	-28.0 	10    	42.3     	256   	41.1       	9.9        	8635      	-48.4
1656      	17:28:04  	345.1 	-28.1 	10    	42.3     	256   	41.1       	9.9        	8644      	-48.5
1658      	17:28:06  	344.7 	-28.1 	10    	42.2     	256   	41.0       	10.0       	8652      	-48.6
1660      	17:28:08  	344.3 	-28.2 	10    	42.2     	256   	41.0       	10.0       	8661      	-48.7
1662      	17:28:10  	343.8 	-28.3 	10    	42.2     	256   	41.0       	10.0       	8669      	-48.7
1664      	17:28:12  	343.4 	-28.3 	10    	42.1     	256   	40.9       	10.0       	8678      	-48.7
1666      	17:28:14  	343.0 	-28.4 	10    	42.1     	256   	40.9       	10.0       	8687      	-48.8
1668      	17:28:16  	342.6 	-28.5 	10    	42.1     	256   	40.9       	9.9        	8695      	-48.8
1670      	17:28:18  	342.2 	-28.6 	10    	42.1     	256   	40.9       	9.9        	8703      	-48.9
1672      	17:28:20  	341.8 	-28.6 	10    	42.2     	256   	41.0       	9.9        	8711      	-48.9
1674      	17:28:22  	341.4 	-28.7 	10    	42.3     	256   	41.1       	9.9        	8720      	-48.9
1676      	17:28:24  	341.0 	-28.8 	10    	42.3     	256   	41.1       	10.0       	8728      	-49.0
1678      	17:28:26  	340.6 	-28.9 	10    	42.4     	256   	41.2       	10.0       	8737      	-49.0
1680      	17:28:28  	340.2 	-28.9 	10    	42.5     	256   	41.3       	10.0       	8746      	-49.0
1682      	17:28:30  	339.8 	-29.0 	11    	42.6     	256   	41.4       	10.1       	8754      	-49.0
1684      	17:28:32  	339.4 	-29.1 	11    	42.6     	256   	41.4       	10.2       	8763      	-49.0
1686      	17:28:34  	338.9 	-29.2 	11    	42.7     	256   	41.5       	10.2       	8772      	-49.0
1688      	17:28:36  	338.5 	-29.3 	11    	42.9     	256   	41.6       	10.3       	8781      	-49.0
1690      	17:28:38  	338.1 	-29.4 	11    	43.0     	256   	41.7       	10.3       	8790      	-49.0
1692      	17:28:40  	337.7 	-29.4 	11    	43.0     	256   	41.7       	10.3       	8799      	-49.0
1694      	17:28:42  	337.2 	-29.5 	11    	43.0     	256   	41.7       	10.3       	8808      	-49.0
1696      	17:28:44  	336.8 	-29.6 	11    	43.0     	256   	41.7       	10.3       	8817      	-48.9
1698      	17:28:46  	336.4 	-29.7 	11    	42.9     	256   	41.7       	10.2       	8826      	-48.9
1700      	17:28:48  	336.0 	-29.7 	12    	43.0     	256   	41.8       	10.1       	8835      	-48.9
1702      	17:28:50  	335.6 	-29.8 	12    	43.0     	256   	41.8       	10.1       	8844      	-48.9
1704      	17:28:52  	335.1 	-29.9 	12    	43.0     	257   	41.8       	10.0       	8853      	-48.9
1706      	17:28:54  	334.7 	-30.0 	12    	43.0     	257   	41.8       	9.9        	8861      	-48.9
1708      	17:28:56  	334.3 	-30.1 	12    	43.0     	257   	41.8       	9.9        	8870      	-48.9
1710      	17:28:58  	333.9 	-30.1 	12    	42.9     	257   	41.8       	9.8        	8880      	-49.0
1712      	17:29:00  	333.5 	-30.2 	12    	42.9     	257   	41.8       	9.7        	8889      	-49.0
1714      	17:29:02  	333.0 	-30.3 	12    	43.0     	257   	41.9       	9.7        	8897      	-49.0
1716      	17:29:04  	332.6 	-30.4 	12    	43.0     	257   	41.9       	9.6        	8906      	-49.1
1718      	17:29:06  	332.2 	-30.4 	12    	43.1     	257   	42.0       	9.6        	8914      	-49.1
1720      	17:29:08  	331.8 	-30.5 	12    	43.1     	257   	42.0       	9.5        	8923      	-49.2
1722      	17:29:10  	331.4 	-30.6 	12    	43.2     	257   	42.1       	9.5        	8932      	-49.2
1724      	17:29:12  	331.0 	-30.7 	12    	43.2     	257   	42.1       	9.5        	8941      	-49.2
1726      	17:29:14  	330.6 	-30.7 	12    	43.2     	257   	42.2       	9.4        	8950      	-49.2
1728      	17:29:16  	330.1 	-30.8 	12    	43.3     	258   	42.3       	9.3        	8959      	-49.3
1730      	17:29:18  	329.7 	-30.9 	12    	43.3     	258   	42.3       	9.2        	8969      	-49.3
1732      	17:29:20  	329.3 	-31.0 	12    	43.3     	258   	42.3       	9.2        	8978      	-49.4
1734      	17:29:22  	328.9 	-31.0 	12    	43.4     	258   	42.4       	9.1        	8987      	-49.4
1736      	17:29:24  	328.4 	-31.1 	12    	43.3     	258   	42.4       	9.0        	8996      	-49.5
1738      	17:29:26  	328.0 	-31.2 	12    	43.3     	258   	42.4       	9.0        	9006      	-49.5
1740      	17:29:28  	327.6 	-31.3 	12    	43.3     	258   	42.4       	8.9        	9015      	-49.6
1742      	17:29:30  	327.1 	-31.3 	12    	43.4     	258   	42.5       	8.9        	9024      	-49.7
1744      	17:29:32  	326.7 	-31.4 	12    	43.4     	258   	42.5       	8.8        	9033      	-49.7
1746      	17:29:34  	326.3 	-31.5 	12    	43.4     	258   	42.5       	8.8        	9042      	-49.8
1748      	17:29:36  	325.8 	-31.6 	12    	43.4     	258   	42.5       	8.8        	9052      	-49.8
1750      	17:29:38  	325.4 	-31.6 	13    	43.4     	258   	42.5       	8.8        	9062      	-49.8
1752      	17:29:40  	325.0 	-31.7 	13    	43.4     	258   	42.5       	8.8        	9071      	-49.8
1754      	17:29:42  	324.5 	-31.8 	13    	43.5     	258   	42.6       	8.8        	9080      	-49.9
1756      	17:29:44  	324.1 	-31.9 	13    	43.5     	258   	42.6       	8.8        	9090      	-49.9
1758      	17:29:46  	323.7 	-32.0 	13    	43.5     	258   	42.6       	8.8        	9099      	-49.9
1760      	17:29:48  	323.3 	-32.1 	13    	43.5     	258   	42.6       	8.8        	9108      	-49.9
1762      	17:29:50  	322.8 	-32.2 	13    	43.5     	258   	42.6       	8.8        	9118      	-50.0
1764      	17:29:52  	322.4 	-32.3 	13    	43.5     	258   	42.6       	8.9        	9128      	-50.0
1766      	17:29:54  	321.9 	-32.4 	13    	43.5     	258   	42.6       	9.0        	9138      	-50.1
1768      	17:29:56  	321.5 	-32.5 	13    	43.7     	258   	42.7       	9.1        	9148      	-50.2
1770      	17:29:58  	321.0 	-32.6 	13    	43.7     	258   	42.7       	9.3        	9158      	-50.3
1772      	17:30:00  	320.5 	-32.6 	13    	43.7     	258   	42.7       	9.4        	9168      	-50.4
1774      	17:30:02  	320.0 	-32.7 	13    	43.7     	257   	42.7       	9.5        	9179      	-50.5
1776      	17:30:04  	319.6 	-32.8 	13    	43.8     	257   	42.7       	9.7        	9189      	-50.5
1778      	17:30:06  	319.1 	-32.9 	13    	43.8     	257   	42.6       	10.0       	9200      	-50.6
1780      	17:30:08  	318.6 	-33.0 	13    	43.7     	256   	42.5       	10.3       	9210      	-50.7
1782      	17:30:10  	318.2 	-33.0 	13    	43.7     	256   	42.4       	10.7       	9220      	-50.8
1784      	17:30:12  	317.7 	-33.1 	13    	43.8     	256   	42.4       	10.9       	9229      	-50.9
1786      	17:30:14  	317.3 	-33.2 	13    	43.7     	255   	42.3       	11.1       	9239      	-51.0
1788      	17:30:16  	316.8 	-33.2 	13    	43.7     	255   	42.2       	11.3       	9249      	-51.1
1790      	17:30:18  	316.4 	-33.3 	13    	43.6     	254   	42.0       	11.7       	9259      	-51.1
1792      	17:30:20  	315.9 	-33.4 	13    	43.5     	254   	41.8       	12.1       	9270      	-51.2
1794      	17:30:22  	315.4 	-33.5 	13    	43.4     	253   	41.6       	12.4       	9281      	-51.3
1796      	17:30:24  	314.9 	-33.6 	13    	43.4     	253   	41.5       	12.7       	9292      	-51.4
1798      	17:30:26  	314.5 	-33.6 	13    	43.4     	253   	41.4       	12.9       	9302      	-51.4
1800      	17:30:28  	314.0 	-33.7 	13    	43.3     	253   	41.3       	13.0       	9312      	-51.5
1802      	17:30:30  	313.6 	-33.8 	13    	43.3     	252   	41.2       	13.3       	9322      	-51.5
1804      	17:30:32  	313.1 	-33.9 	13    	43.3     	252   	41.1       	13.5       	9333      	-51.6
1806      	17:30:34  	312.6 	-34.0 	13    	43.2     	251   	40.9       	13.8       	9343      	-51.7
1808      	17:30:36  	312.2 	-34.1 	13    	43.2     	251   	40.8       	14.1       	9353      	-51.8
1810      	17:30:38  	311.7 	-34.2 	13    	43.2     	251   	40.8       	14.2       	9363      	-51.8
1812      	17:30:40  	311.3 	-34.3 	13    	43.2     	251   	40.8       	14.3       	9373      	-51.9
1814      	17:30:42  	310.9 	-34.4 	13    	43.3     	251   	40.8       	14.4       	9383      	-51.9
1816      	17:30:44  	310.4 	-34.5 	13    	43.3     	250   	40.8       	14.5       	9393      	-52.0
1818      	17:30:46  	309.9 	-34.6 	13    	43.4     	250   	40.8       	14.7       	9404      	-52.0
1820      	17:30:48  	309.5 	-34.7 	13    	43.4     	250   	40.8       	14.8       	9414      	-52.0
1822      	17:30:50  	309.1 	-34.7 	13    	43.4     	250   	40.8       	14.9       	9424      	-52.0
1824      	17:30:52  	308.6 	-34.8 	13    	43.4     	250   	40.8       	14.9       	9434      	-52.0
1826      	17:30:54  	308.2 	-34.9 	14    	43.4     	250   	40.8       	14.9       	9444      	-52.0
1828      	17:30:56  	307.7 	-35.0 	14    	43.5     	250   	40.8       	15.0       	9454      	-52.1
1830      	17:30:58  	307.3 	-35.1 	14    	43.4     	250   	40.8       	14.9       	9464      	-52.1
1832      	17:31:00  	306.8 	-35.2 	14    	43.4     	250   	40.8       	14.9       	9475      	-52.2
1834      	17:31:02  	306.3 	-35.2 	14    	43.4     	250   	40.8       	14.9       	9485      	-52.2
1836      	17:31:04  	305.9 	-35.3 	14    	43.4     	250   	40.8       	14.9       	9496      	-52.2
1838      	17:31:06  	305.4 	-35.4 	14    	43.4     	250   	40.8       	14.8       	9507      	-52.3
1840      	17:31:08  	304.9 	-35.5 	14    	43.4     	250   	40.8       	14.8       	9518      	-52.4
1842      	17:31:10  	304.5 	-35.6 	14    	43.4     	250   	40.8       	14.7       	9528      	-52.4
1844      	17:31:12  	304.0 	-35.7 	14    	43.3     	250   	40.8       	14.6       	9538      	-52.5
1846      	17:31:14  	303.6 	-35.7 	14    	43.3     	250   	40.8       	14.5       	9548      	-52.6
1848      	17:31:16  	303.1 	-35.8 	14    	43.2     	250   	40.7       	14.5       	9559      	-52.7
1850      	17:31:18  	302.6 	-35.9 	14    	43.2     	250   	40.7       	14.5       	9570      	-52.8
1852      	17:31:20  	302.2 	-36.0 	14    	43.2     	251   	40.7       	14.4       	9581      	-52.9
1854      	17:31:22  	301.7 	-36.1 	14    	43.2     	251   	40.7       	14.4       	9591      	-53.0
1856      	17:31:24  	301.2 	-36.2 	14    	43.3     	251   	40.8       	14.4       	9602      	-53.1
1858      	17:31:26  	300.8 	-36.3 	14    	43.4     	251   	40.9       	14.4       	9612      	-53.1
1860      	17:31:28  	300.3 	-36.3 	14    	43.3     	251   	40.9       	14.3       	9622      	-53.2
1862      	17:31:30  	299.9 	-36.5 	14    	43.4     	251   	41.0       	14.3       	9632      	-53.3
1864      	17:31:32  	299.5 	-36.5 	14    	43.5     	251   	41.1       	14.3       	9642      	-53.4
1866      	17:31:34  	299.0 	-36.6 	14    	43.6     	251   	41.2       	14.3       	9653      	-53.4
1868      	17:31:36  	298.6 	-36.7 	14    	43.8     	251   	41.4       	14.4       	9663      	-53.4
1870      	17:31:38  	298.1 	-36.8 	14    	44.0     	251   	41.5       	14.5       	9674      	-53.5
1872      	17:31:40  	297.7 	-36.9 	14    	44.1     	251   	41.6       	14.5       	9684      	-53.5
1874      	17:31:42  	297.2 	-37.0 	14    	44.2     	251   	41.7       	14.6       	9695      	-53.5
1876      	17:31:44  	296.7 	-37.1 	14    	44.2     	251   	41.7       	14.7       	9706      	-53.5
1878      	17:31:46  	296.3 	-37.2 	14    	44.3     	251   	41.8       	14.7       	9717      	-53.5
1880      	17:31:48  	295.8 	-37.3 	15    	44.4     	251   	41.9       	14.8       	9728      	-53.5
1882      	17:31:50  	295.4 	-37.4 	15    	44.5     	250   	41.9       	14.9       	9738      	-53.6
1884      	17:31:52  	294.9 	-37.5 	15    	44.6     	250   	42.0       	15.0       	9749      	-53.6
1886      	17:31:54  	294.5 	-37.6 	15    	44.7     	250   	42.1       	15.1       	9759      	-53.6
1888      	17:31:56  	294.0 	-37.7 	15    	44.7     	250   	42.1       	15.1       	9769      	-53.7
1890      	17:31:58  	293.6 	-37.8 	15    	44.8     	250   	42.2       	15.1       	9780      	-53.8
1892      	17:32:00  	293.1 	-37.9 	15    	44.9     	250   	42.2       	15.2       	9790      	-53.9
1894      	17:32:02  	292.7 	-38.0 	15    	45.1     	250   	42.4       	15.3       	9801      	-53.9
1896      	17:32:04  	292.3 	-38.1 	15    	45.2     	250   	42.5       	15.3       	9811      	-54.0
1898      	17:32:06  	291.8 	-38.2 	15    	45.3     	250   	42.6       	15.4       	9821      	-54.1
1900      	17:32:08  	291.4 	-38.3 	15    	45.4     	250   	42.7       	15.5       	9832      	-54.2
1902      	17:32:10  	290.9 	-38.4 	15    	45.5     	250   	42.8       	15.5       	9842      	-54.3
1904      	17:32:12  	290.5 	-38.5 	15    	45.6     	250   	42.8       	15.6       	9853      	-54.3
1906      	17:32:14  	290.0 	-38.6 	15    	45.7     	250   	42.9       	15.7       	9864      	-54.4
1908      	17:32:16  	289.6 	-38.7 	15    	45.8     	250   	43.0       	15.8       	9874      	-54.4
1910      	17:32:18  	289.1 	-38.8 	15    	45.9     	250   	43.1       	15.9       	9885      	-54.5
1912      	17:32:20  	288.7 	-38.9 	15    	46.0     	250   	43.1       	16.0       	9896      	-54.5
1914      	17:32:22  	288.2 	-39.0 	16    	46.0     	250   	43.1       	16.0       	9907      	-54.5
1916      	17:32:24  	287.7 	-39.1 	16    	46.0     	250   	43.1       	16.1       	9918      	-54.5
1918      	17:32:26  	287.3 	-39.2 	16    	46.0     	249   	43.1       	16.2       	9929      	-54.6
1920      	17:32:28  	286.8 	-39.2 	16    	46.1     	249   	43.1       	16.4       	9939      	-54.6
1922      	17:32:30  	286.4 	-39.3 	16    	46.3     	249   	43.2       	16.6       	9950      	-54.7
1924      	17:32:32  	286.0 	-39.4 	16    	46.4     	249   	43.3       	16.7       	9960      	-54.7
1926      	17:32:34  	285.5 	-39.5 	16    	46.5     	249   	43.3       	16.9       	9971      	-54.8
1928      	17:32:36  	285.1 	-39.5 	16    	46.6     	249   	43.4       	17.0       	9981      	-54.9
1930      	17:32:38  	284.7 	-39.6 	16    	46.6     	248   	43.4       	17.1       	9991      	-55.0
1932      	17:32:40  	284.2 	-39.7 	16    	46.8     	248   	43.5       	17.2       	10002     	-55.1
1934      	17:32:42  	283.8 	-39.8 	16    	46.9     	248   	43.6       	17.2       	10013     	-55.2
1936      	17:32:44  	283.3 	-39.9 	16    	47.0     	248   	43.7       	17.3       	10024     	-55.2
1938      	17:32:46  	282.9 	-39.9 	16    	47.1     	248   	43.8       	17.3       	10035     	-55.3
1940      	17:32:48  	282.4 	-40.0 	16    	47.1     	248   	43.8       	17.3       	10045     	-55.3
1942      	17:32:50  	282.0 	-40.1 	16    	47.2     	248   	43.9       	17.3       	10055     	-55.3
1944      	17:32:52  	281.6 	-40.2 	16    	47.2     	248   	43.9       	17.3       	10066     	-55.3
1946      	17:32:54  	281.1 	-40.3 	16    	47.2     	249   	44.0       	17.2       	10077     	-55.4
1948      	17:32:56  	280.7 	-40.4 	16    	47.3     	249   	44.1       	17.2       	10087     	-55.4
1950      	17:32:58  	280.3 	-40.5 	16    	47.3     	249   	44.1       	17.1       	10098     	-55.5
1952      	17:33:00  	279.8 	-40.6 	16    	47.4     	249   	44.2       	17.1       	10109     	-55.5
1954      	17:33:02  	279.4 	-40.6 	16    	47.4     	249   	44.2       	17.1       	10119     	-55.6
1956      	17:33:04  	278.9 	-40.7 	16    	47.4     	249   	44.2       	17.1       	10130     	-55.6
1958      	17:33:06  	278.5 	-40.8 	16    	47.4     	249   	44.3       	17.0       	10141     	-55.7
1960      	17:33:08  	278.1 	-40.9 	17    	47.4     	249   	44.3       	16.9       	10152     	-55.7
1962      	17:33:10  	277.6 	-41.0 	17    	47.4     	249   	44.3       	16.8       	10162     	-55.7
1964      	17:33:12  	277.2 	-41.1 	17    	47.4     	249   	44.4       	16.7       	10173     	-55.6
1966      	17:33:14  	276.8 	-41.2 	17    	47.4     	249   	44.4       	16.7       	10184     	-55.6
1968      	17:33:16  	276.3 	-41.3 	18    	47.4     	250   	44.4       	16.6       	10194     	-55.6
1970      	17:33:18  	275.9 	-41.4 	18    	47.4     	250   	44.4       	16.5       	10204     	-55.6
1972      	17:33:20  	275.5 	-41.5 	18    	47.4     	250   	44.4       	16.5       	10214     	-55.6
1974      	17:33:22  	275.1 	-41.6 	18    	47.4     	250   	44.4       	16.5       	10225     	-55.6
1976      	17:33:24  	274.6 	-41.7 	18    	47.3     	250   	44.4       	16.4       	10236     	-55.6
1978      	17:33:26  	274.2 	-41.8 	18    	47.4     	250   	44.4       	16.5       	10247     	-55.7
1980      	17:33:28  	273.8 	-41.8 	18    	47.3     	250   	44.3       	16.5       	10257     	-55.7
1982      	17:33:30  	273.4 	-41.9 	18    	47.3     	249   	44.3       	16.6       	10267     	-55.8
1984      	17:33:32  	272.9 	-42.0 	18    	47.5     	249   	44.4       	16.8       	10277     	-55.9
1986      	17:33:34  	272.5 	-42.0 	18    	47.6     	249   	44.4       	17.1       	10288     	-55.9
1988      	17:33:36  	272.1 	-42.1 	18    	47.7     	249   	44.5       	17.3       	10299     	-56.0
1990      	17:33:38  	271.7 	-42.1 	18    	47.8     	249   	44.5       	17.5       	10309     	-56.0
1992      	17:33:40  	271.2 	-42.2 	18    	48.0     	248   	44.6       	17.7       	10320     	-56.0
1994      	17:33:42  	270.8 	-42.2 	18    	48.1     	248   	44.6       	17.9       	10330     	-56.1
1996      	17:33:44  	270.4 	-42.3 	18    	48.2     	248   	44.6       	18.2       	10341     	-56.1
1998      	17:33:46  	270.0 	-42.3 	18    	48.4     	247   	44.7       	18.6       	10351     	-56.1
2000      	17:33:48  	269.6 	-42.3 	18    	48.6     	247   	44.7       	19.0       	10361     	-56.1
2002      	17:33:50  	269.2 	-42.4 	18    	48.8     	247   	44.8       	19.3       	10371     	-56.1
2004      	17:33:52  	268.8 	-42.4 	19    	48.9     	246   	44.8       	19.5       	10381     	-56.1
2006      	17:33:54  	268.4 	-42.5 	19    	48.9     	246   	44.8       	19.7       	10391     	-56.1
2008      	17:33:56  	268.0 	-42.5 	19    	49.1     	246   	44.8       	20.0       	10401     	-56.1
2010      	17:33:58  	267.6 	-42.6 	19    	49.1     	246   	44.8       	20.2       	10411     	-56.1
2012      	17:34:00  	267.2 	-42.7 	19    	49.2     	246   	44.8       	20.4       	10421     	-56.1
2014      	17:34:02  	266.8 	-42.8 	19    	49.3     	245   	44.8       	20.6       	10431     	-56.1
2016      	17:34:04  	266.4 	-42.8 	19    	49.4     	245   	44.8       	20.8       	10440     	-56.1
2018      	17:34:06  	266.0 	-42.9 	20    	49.4     	245   	44.8       	20.8       	10450     	-56.1
2020      	17:34:08  	265.6 	-43.0 	20    	49.5     	245   	44.9       	20.8       	10460     	-56.2
2022      	17:34:10  	265.3 	-43.0 	20    	49.6     	245   	45.0       	20.8       	10470     	-56.2
2024      	17:34:12  	264.9 	-43.1 	20    	49.8     	245   	45.2       	20.8       	10480     	-56.3
2026      	17:34:14  	264.5 	-43.2 	20    	49.8     	245   	45.3       	20.8       	10490     	-56.4
2028      	17:34:16  	264.1 	-43.3 	20    	49.9     	245   	45.4       	20.8       	10500     	-56.5
2030      	17:34:18  	263.7 	-43.3 	20    	50.1     	245   	45.6       	20.8       	10510     	-56.5
2032      	17:34:20  	263.3 	-43.4 	20    	50.2     	246   	45.7       	20.8       	10521     	-56.6
2034      	17:34:22  	262.9 	-43.5 	20    	50.4     	246   	45.9       	20.8       	10531     	-56.6
2036      	17:34:24  	262.5 	-43.6 	20    	50.4     	246   	46.0       	20.7       	10540     	-56.7
2038      	17:34:26  	262.1 	-43.6 	20    	50.6     	246   	46.2       	20.6       	10550     	-56.8
2040      	17:34:28  	261.7 	-43.7 	20    	50.6     	246   	46.3       	20.5       	10560     	-56.8
2042      	17:34:30  	261.4 	-43.8 	20    	50.7     	246   	46.4       	20.5       	10570     	-56.9
2044      	17:34:32  	261.0 	-43.9 	20    	50.7     	246   	46.4       	20.4       	10579     	-57.0
2046      	17:34:34  	260.6 	-43.9 	20    	50.7     	246   	46.4       	20.4       	10589     	-57.0
2048      	17:34:36  	260.2 	-44.0 	20    	50.7     	246   	46.4       	20.4       	10598     	-57.1
2050      	17:34:38  	259.9 	-44.1 	20    	50.7     	246   	46.4       	20.5       	10608     	-57.2
2052      	17:34:40  	259.5 	-44.1 	20    	50.8     	246   	46.5       	20.5       	10617     	-57.3
2054      	17:34:42  	259.2 	-44.2 	20    	50.9     	246   	46.5       	20.6       	10627     	-57.3
2056      	17:34:44  	258.8 	-44.3 	20    	50.8     	246   	46.4       	20.7       	10636     	-57.4
2058      	17:34:46  	258.4 	-44.4 	20    	50.8     	246   	46.4       	20.8       	10645     	-57.4
2060      	17:34:48  	258.1 	-44.4 	20    	50.8     	246   	46.3       	21.0       	10655     	-57.4
2062      	17:34:50  	257.8 	-44.5 	20    	50.8     	245   	46.2       	21.2       	10663     	-57.5
2064      	17:34:52  	257.4 	-44.6 	20    	50.8     	245   	46.1       	21.4       	10671     	-57.5
2066      	17:34:54  	257.1 	-44.7 	20    	50.8     	245   	46.0       	21.5       	10679     	-57.5
2068      	17:34:56  	256.7 	-44.7 	20    	50.6     	245   	45.8       	21.6       	10689     	-57.6
2070      	17:34:58  	256.3 	-44.8 	20    	50.6     	245   	45.7       	21.7       	10700     	-57.6
2072      	17:35:00  	255.9 	-44.9 	20    	50.5     	244   	45.6       	21.8       	10711     	-57.6
2074      	17:35:02  	255.6 	-45.0 	21    	50.6     	244   	45.6       	21.9       	10721     	-57.7
2076      	17:35:04  	255.2 	-45.1 	21    	50.8     	244   	45.7       	22.2       	10730     	-57.7
2078      	17:35:06  	254.8 	-45.2 	21    	51.1     	244   	45.9       	22.5       	10739     	-57.8
2080      	17:35:08  	254.5 	-45.3 	21    	51.4     	244   	46.1       	22.8       	10748     	-57.8
2082      	17:35:10  	254.2 	-45.4 	21    	51.7     	244   	46.3       	23.0       	10757     	-57.8
2084      	17:35:12  	253.8 	-45.4 	21    	52.1     	244   	46.6       	23.2       	10766     	-57.9
2086      	17:35:14  	253.5 	-45.5 	21    	52.5     	243   	46.9       	23.5       	10775     	-57.9
2088      	17:35:16  	253.1 	-45.6 	21    	52.6     	243   	47.0       	23.7       	10784     	-57.9
2090      	17:35:18  	252.8 	-45.7 	21    	52.9     	243   	47.2       	23.9       	10793     	-58.0
2092      	17:35:20  	252.4 	-45.8 	21    	53.1     	243   	47.3       	24.1       	10802     	-58.0
2094      	17:35:22  	252.1 	-45.8 	22    	53.2     	243   	47.3       	24.3       	10812     	-58.0
2096      	17:35:24  	251.7 	-45.9 	22    	53.1     	243   	47.2       	24.3       	10821     	-58.1
2098      	17:35:26  	251.4 	-46.0 	22    	52.9     	243   	47.0       	24.3       	10830     	-58.1
2100      	17:35:28  	251.0 	-46.1 	22    	52.8     	243   	46.9       	24.3       	10840     	-58.2
2102      	17:35:30  	250.7 	-46.2 	22    	52.7     	242   	46.7       	24.4       	10849     	-58.3
2104      	17:35:32  	250.3 	-46.2 	22    	52.7     	242   	46.6       	24.6       	10858     	-58.3
2106      	17:35:34  	250.0 	-46.3 	22    	52.6     	242   	46.4       	24.8       	10867     	-58.4
2108      	17:35:36  	249.7 	-46.4 	22    	52.7     	242   	46.4       	25.0       	10876     	-58.4
2110      	17:35:38  	249.3 	-46.4 	22    	52.8     	242   	46.4       	25.1       	10884     	-58.5
2112      	17:35:40  	249.0 	-46.5 	22    	52.8     	241   	46.3       	25.3       	10893     	-58.5
2114      	17:35:42  	248.7 	-46.6 	22    	52.9     	241   	46.3       	25.5       	10902     	-58.5
2116      	17:35:44  	248.4 	-47.0 	22    	52.9     	241   	46.3       	25.6       	10911     	-58.8
2118      	17:35:46  	248.0 	-47.0 	23    	53.0     	241   	46.3       	25.7       	10919     	-58.8
2120      	17:35:48  	247.7 	-47.1 	23    	53.1     	241   	46.3       	25.9       	10928     	-58.8
2122      	17:35:50  	247.4 	-47.2 	23    	53.0     	241   	46.3       	25.8       	10936     	-58.8
2124      	17:35:52  	247.1 	-47.3 	23    	53.0     	241   	46.3       	25.8       	10945     	-58.9
2126      	17:35:54  	246.7 	-47.3 	23    	53.0     	241   	46.3       	25.7       	10953     	-59.0
2128      	17:35:56  	246.4 	-47.4 	23    	52.9     	241   	46.3       	25.5       	10962     	-59.1
2130      	17:35:58  	246.1 	-47.5 	23    	52.8     	241   	46.3       	25.3       	10971     	-59.1
2132      	17:36:00  	245.7 	-47.6 	23    	52.8     	242   	46.4       	25.1       	10980     	-59.2
2134      	17:36:02  	245.4 	-47.6 	23    	52.7     	242   	46.4       	24.9       	10989     	-59.3
2136      	17:36:04  	245.1 	-47.7 	23    	52.6     	242   	46.4       	24.7       	10998     	-59.3
2138      	17:36:06  	244.7 	-47.8 	23    	52.5     	242   	46.4       	24.6       	11007     	-59.4
2140      	17:36:08  	244.4 	-47.9 	23    	52.5     	242   	46.5       	24.4       	11016     	-59.4
2142      	17:36:10  	244.1 	-48.0 	23    	52.4     	243   	46.5       	24.1       	11025     	-59.4
2144      	17:36:12  	243.8 	-48.0 	23    	52.3     	243   	46.6       	23.8       	11034     	-59.4
2146      	17:36:14  	243.4 	-47.8 	24    	52.3     	243   	46.7       	23.5       	11043     	-59.1
2148      	17:36:16  	243.1 	-47.9 	24    	52.2     	243   	46.7       	23.4       	11051     	-59.1
2150      	17:36:18  	242.8 	-47.9 	24    	52.3     	244   	46.8       	23.3       	11059     	-59.1
2152      	17:36:20  	242.5 	-48.0 	24    	52.2     	244   	46.8       	23.1       	11067     	-59.2
2154      	17:36:22  	242.2 	-48.1 	24    	52.1     	244   	46.8       	22.9       	11076     	-59.2
2156      	17:36:24  	241.9 	-48.1 	24    	52.0     	244   	46.8       	22.7       	11084     	-59.3
2158      	17:36:26  	241.6 	-48.2 	24    	51.9     	244   	46.8       	22.5       	11092     	-59.4
2160      	17:36:28  	241.3 	-48.3 	24    	51.9     	244   	46.8       	22.4       	11101     	-59.5
2162      	17:36:30  	241.0 	-48.4 	24    	51.8     	245   	46.8       	22.3       	11109     	-59.5
2164      	17:36:32  	240.7 	-48.5 	24    	51.8     	245   	46.8       	22.2       	11117     	-59.6
2166      	17:36:34  	240.4 	-48.5 	24    	51.8     	245   	46.8       	22.1       	11125     	-59.6
2168      	17:36:36  	240.1 	-48.6 	24    	51.7     	245   	46.7       	22.1       	11132     	-59.7
2170      	17:36:38  	239.8 	-48.7 	24    	51.6     	245   	46.7       	22.0       	11140     	-59.7
2172      	17:36:40  	239.6 	-48.7 	24    	51.6     	245   	46.7       	22.0       	11148     	-59.8
2174      	17:36:42  	239.3 	-48.8 	24    	51.6     	245   	46.7       	22.0       	11156     	-59.9
2176      	17:36:44  	238.9 	-48.9 	24    	51.6     	245   	46.7       	22.0       	11165     	-59.9
2178      	17:36:46  	238.6 	-49.0 	24    	51.6     	245   	46.7       	22.0       	11173     	-59.9
2180      	17:36:48  	238.3 	-49.0 	24    	51.6     	245   	46.7       	22.0       	11182     	-60.0
2182      	17:36:50  	238.0 	-49.1 	24    	51.5     	245   	46.6       	21.9       	11191     	-60.1
2184      	17:36:52  	237.7 	-49.2 	24    	51.4     	245   	46.5       	21.8       	11200     	-60.1
2186      	17:36:54  	237.4 	-49.2 	25    	51.3     	245   	46.4       	21.8       	11208     	-60.1
2188      	17:36:56  	237.1 	-49.3 	25    	51.2     	245   	46.4       	21.7       	11216     	-60.2
2190      	17:36:58  	236.8 	-49.4 	25    	51.1     	245   	46.3       	21.6       	11224     	-60.2
2192      	17:37:00  	236.5 	-49.4 	24    	51.0     	245   	46.2       	21.5       	11233     	-60.3
2194      	17:37:02  	236.2 	-49.5 	24    	50.7     	245   	46.0       	21.3       	11241     	-60.4
2196      	17:37:04  	235.9 	-49.6 	24    	50.6     	245   	45.9       	21.2       	11249     	-60.5
2198      	17:37:06  	235.6 	-49.6 	24    	50.3     	245   	45.7       	21.1       	11257     	-60.6
2200      	17:37:08  	235.3 	-49.7 	24    	50.3     	245   	45.7       	21.1       	11265     	-60.6
2202      	17:37:10  	235.0 	-49.7 	24    	50.2     	245   	45.6       	21.0       	11274     	-60.7
2204      	17:37:12  	234.7 	-49.8 	24    	50.1     	245   	45.5       	21.0       	11282     	-60.8
2206      	17:37:14  	234.4 	-49.8 	24    	50.0     	245   	45.4       	21.0       	11290     	-60.8
2208      	17:37:16  	234.2 	-49.9 	24    	49.9     	245   	45.3       	21.0       	11298     	-60.9
2210      	17:37:18  	233.9 	-50.0 	24    	49.7     	245   	45.1       	21.0       	11306     	-60.9
2212      	17:37:20  	233.6 	-50.0 	24    	49.7     	245   	45.1       	21.0       	11314     	-60.9
2214      	17:37:22  	233.3 	-50.1 	24    	49.7     	245   	45.0       	21.0       	11322     	-60.9
2216      	17:37:24  	233.0 	-50.1 	25    	49.6     	245   	44.9       	21.1       	11329     	-60.9
2218      	17:37:26  	232.7 	-50.2 	25    	49.6     	245   	44.9       	21.1       	11337     	-60.9
2220      	17:37:28  	232.4 	-50.2 	25    	49.6     	245   	44.8       	21.2       	11346     	-61.0
2222      	17:37:30  	232.1 	-50.3 	25    	49.6     	245   	44.8       	21.2       	11354     	-61.0
2224      	17:37:32  	231.9 	-50.4 	25    	49.5     	245   	44.7       	21.2       	11362     	-61.1
2226      	17:37:34  	231.6 	-50.4 	25    	49.5     	245   	44.7       	21.3       	11370     	-61.2
2228      	17:37:36  	231.3 	-50.5 	25    	49.5     	245   	44.7       	21.3       	11378     	-61.2
2230      	17:37:38  	231.0 	-50.5 	25    	49.6     	245   	44.8       	21.3       	11386     	-61.2
2232      	17:37:40  	230.7 	-50.6 	25    	49.6     	245   	44.8       	21.2       	11394     	-61.3
2234      	17:37:42  	230.4 	-50.7 	25    	49.6     	245   	44.9       	21.1       	11402     	-61.3
2236      	17:37:44  	230.2 	-50.7 	25    	49.7     	245   	45.0       	21.0       	11410     	-61.3
2238      	17:37:46  	229.9 	-50.8 	25    	49.7     	245   	45.0       	21.0       	11417     	-61.3
2240      	17:37:48  	229.6 	-50.9 	25    	49.7     	245   	45.1       	20.9       	11425     	-61.3
2242      	17:37:50  	229.3 	-50.9 	26    	49.7     	245   	45.1       	20.8       	11434     	-61.3
2244      	17:37:52  	229.0 	-51.0 	26    	49.7     	245   	45.2       	20.7       	11442     	-61.4
2246      	17:37:54  	228.8 	-51.1 	26    	49.8     	246   	45.3       	20.6       	11450     	-61.4
2248      	17:37:56  	228.5 	-51.1 	26    	49.8     	246   	45.4       	20.5       	11458     	-61.5
2250      	17:37:58  	228.2 	-51.2 	26    	49.8     	246   	45.4       	20.5       	11465     	-61.5
2252      	17:38:00  	227.9 	-51.2 	26    	49.9     	246   	45.5       	20.5       	11473     	-61.6
2254      	17:38:02  	227.7 	-51.3 	26    	49.9     	246   	45.5       	20.5       	11481     	-61.7
2256      	17:38:04  	227.4 	-51.4 	26    	49.9     	246   	45.5       	20.5       	11489     	-61.8
2258      	17:38:06  	227.1 	-51.4 	25    	49.9     	246   	45.5       	20.6       	11497     	-61.9
2260      	17:38:08  	226.8 	-51.5 	25    	49.9     	246   	45.5       	20.6       	11505     	-62.0
2262      	17:38:10  	226.5 	-51.5 	25    	49.9     	246   	45.5       	20.6       	11513     	-62.1
2264      	17:38:12  	226.2 	-51.6 	25    	49.9     	246   	45.5       	20.6       	11521     	-62.1
2266      	17:38:14  	226.0 	-51.6 	25    	49.9     	246   	45.5       	20.6       	11529     	-62.2
2268      	17:38:16  	225.7 	-51.7 	25    	49.9     	246   	45.5       	20.6       	11537     	-62.2
2270      	17:38:18  	225.4 	-51.8 	25    	49.9     	246   	45.5       	20.6       	11545     	-62.3
2272      	17:38:20  	225.2 	-51.8 	25    	50.0     	246   	45.6       	20.6       	11553     	-62.4
2274      	17:38:22  	224.9 	-51.9 	25    	50.0     	246   	45.6       	20.6       	11560     	-62.4
2276      	17:38:24  	224.6 	-52.0 	25    	50.1     	246   	45.7       	20.6       	11568     	-62.5
2278      	17:38:26  	224.3 	-52.0 	25    	50.2     	246   	45.8       	20.6       	11576     	-62.5
2280      	17:38:28  	224.1 	-52.1 	25    	50.2     	246   	45.8       	20.5       	11584     	-62.6
2282      	17:38:30  	223.8 	-52.1 	25    	50.3     	246   	45.9       	20.6       	11592     	-62.6
2284      	17:38:32  	223.5 	-52.2 	25    	50.3     	246   	45.9       	20.6       	11600     	-62.6
2286      	17:38:34  	223.3 	-52.3 	25    	50.4     	246   	46.0       	20.7       	11607     	-62.7
2288      	17:38:36  	223.0 	-52.3 	25    	50.4     	246   	46.0       	20.7       	11615     	-62.8
2290      	17:38:38  	222.7 	-52.4 	25    	50.5     	246   	46.0       	20.8       	11623     	-62.8
2292      	17:38:40  	222.4 	-52.5 	25    	50.5     	246   	46.0       	20.8       	11631     	-62.9
2294      	17:38:42  	222.2 	-52.5 	25    	50.4     	246   	45.9       	20.9       	11639     	-62.9
2296      	17:38:44  	221.9 	-52.6 	25    	50.5     	245   	45.9       	21.0       	11648     	-62.9
2298      	17:38:46  	221.6 	-52.7 	26    	50.5     	245   	45.9       	21.1       	11656     	-62.9
2300      	17:38:48  	221.3 	-52.7 	26    	50.4     	245   	45.8       	21.1       	11664     	-62.9
2302      	17:38:50  	221.1 	-52.8 	26    	50.5     	245   	45.8       	21.2       	11671     	-62.9
2304      	17:38:52  	220.8 	-52.9 	26    	50.5     	245   	45.8       	21.2       	11679     	-63.0
2306      	17:38:54  	220.5 	-52.9 	26    	50.5     	245   	45.8       	21.2       	11686     	-63.0
2308      	17:38:56  	220.3 	-53.0 	26    	50.4     	245   	45.7       	21.2       	11694     	-63.1
2310      	17:38:58  	220.0 	-53.1 	26    	50.4     	245   	45.7       	21.3       	11702     	-63.1
2312      	17:39:00  	219.7 	-53.2 	26    	50.4     	245   	45.6       	21.4       	11710     	-63.2
2314      	17:39:02  	219.5 	-53.3 	26    	50.3     	245   	45.5       	21.4       	11718     	-63.3
2316      	17:39:04  	219.2 	-53.3 	26    	50.3     	245   	45.5       	21.5       	11725     	-63.4
2318      	17:39:06  	218.9 	-53.4 	26    	50.2     	245   	45.4       	21.5       	11733     	-63.5
2320      	17:39:08  	218.7 	-53.4 	26    	50.2     	245   	45.3       	21.6       	11741     	-63.5
2322      	17:39:10  	218.4 	-53.5 	26    	50.2     	244   	45.2       	21.8       	11749     	-63.5
2324      	17:39:12  	218.1 	-53.6 	26    	50.1     	244   	45.1       	21.9       	11757     	-63.6
2326      	17:39:14  	217.9 	-53.6 	26    	50.0     	244   	44.9       	22.1       	11765     	-63.6
2328      	17:39:16  	217.6 	-53.7 	27    	50.0     	244   	44.8       	22.2       	11773     	-63.6
2330      	17:39:18  	217.3 	-53.8 	27    	50.0     	243   	44.7       	22.3       	11781     	-63.6
2332      	17:39:20  	217.0 	-53.8 	27    	50.0     	243   	44.7       	22.4       	11790     	-63.6
2334      	17:39:22  	216.8 	-53.9 	27    	50.0     	243   	44.6       	22.5       	11798     	-63.6
2336      	17:39:24  	216.5 	-54.0 	28    	49.8     	243   	44.4       	22.6       	11806     	-63.6
2338      	17:39:26  	216.2 	-54.0 	28    	49.8     	243   	44.3       	22.8       	11813     	-63.6
2340      	17:39:28  	216.0 	-54.1 	28    	49.8     	243   	44.2       	22.9       	11821     	-63.6
2342      	17:39:30  	215.7 	-54.1 	28    	49.8     	243   	44.2       	23.0       	11828     	-63.7
2344      	17:39:32  	215.5 	-54.2 	28    	49.8     	242   	44.1       	23.1       	11835     	-63.7
2346      	17:39:34  	215.2 	-54.2 	28    	49.8     	242   	44.1       	23.1       	11843     	-63.8
2348      	17:39:36  	215.0 	-54.3 	28    	50.0     	242   	44.2       	23.3       	11851     	-63.8
2350      	17:39:38  	214.7 	-54.3 	28    	50.1     	242   	44.3       	23.5       	11859     	-63.8
2352      	17:39:40  	214.4 	-54.4 	28    	50.2     	242   	44.3       	23.7       	11867     	-63.9
2354      	17:39:42  	214.2 	-54.5 	28    	50.4     	242   	44.4       	23.9       	11875     	-64.0
2356      	17:39:44  	213.9 	-54.5 	28    	50.6     	242   	44.6       	24.0       	11883     	-64.0
2358      	17:39:46  	213.6 	-54.6 	28    	50.8     	242   	44.7       	24.1       	11890     	-64.0
2360      	17:39:48  	213.4 	-54.6 	28    	51.0     	242   	44.8       	24.3       	11898     	-64.1
2362      	17:39:50  	213.1 	-54.7 	28    	51.2     	241   	45.0       	24.5       	11906     	-64.1
2364      	17:39:52  	212.9 	-54.8 	28    	51.4     	241   	45.1       	24.7       	11914     	-64.2
2366      	17:39:54  	212.6 	-54.8 	28    	51.7     	241   	45.3       	24.9       	11922     	-64.2
2368      	17:39:56  	212.3 	-54.9 	28    	51.7     	241   	45.3       	24.9       	11930     	-64.3
2370      	17:39:58  	212.1 	-54.9 	28    	51.8     	241   	45.4       	25.0       	11937     	-64.3
2372      	17:40:00  	211.8 	-55.0 	28    	51.8     	241   	45.4       	25.0       	11945     	-64.3
2374      	17:40:02  	211.6 	-55.0 	28    	51.9     	241   	45.4       	25.1       	11953     	-64.4
2376      	17:40:04  	211.3 	-55.1 	28    	52.0     	241   	45.5       	25.2       	11960     	-64.5
2378      	17:40:06  	211.1 	-55.2 	28    	52.0     	241   	45.5       	25.2       	11968     	-64.5
2380      	17:40:08  	210.8 	-55.2 	28    	52.1     	241   	45.5       	25.3       	11976     	-64.6
2382      	17:40:10  	210.6 	-55.3 	28    	52.1     	241   	45.5       	25.3       	11983     	-64.7
2384      	17:40:12  	210.3 	-55.3 	28    	52.1     	241   	45.5       	25.3       	11991     	-64.8
2386      	17:40:14  	210.1 	-55.4 	28    	52.1     	241   	45.5       	25.4       	11999     	-64.8
2388      	17:40:16  	209.8 	-55.4 	28    	52.2     	241   	45.6       	25.5       	12006     	-64.9
2390      	17:40:18  	209.6 	-55.5 	28    	52.3     	241   	45.6       	25.6       	12014     	-64.9
2392      	17:40:20  	209.3 	-55.5 	28    	52.3     	241   	45.6       	25.7       	12022     	-64.9
2394      	17:40:22  	209.0 	-55.6 	28    	52.5     	241   	45.7       	25.8       	12029     	-64.9
2396      	17:40:24  	208.8 	-55.6 	28    	52.5     	241   	45.7       	25.8       	12037     	-65.0
2398      	17:40:26  	208.5 	-55.7 	28    	52.6     	240   	45.7       	26.0       	12045     	-65.0
2400      	17:40:28  	208.3 	-55.7 	28    	52.8     	240   	45.8       	26.2       	12053     	-65.0
2402      	17:40:30  	208.0 	-55.8 	28    	52.8     	240   	45.8       	26.3       	12060     	-65.0
2404      	17:40:32  	207.8 	-55.8 	29    	52.9     	240   	45.8       	26.5       	12068     	-65.0
2406      	17:40:34  	207.5 	-55.9 	29    	53.0     	240   	45.8       	26.6       	12075     	-65.1
2408      	17:40:36  	207.3 	-55.9 	29    	53.0     	240   	45.8       	26.7       	12083     	-65.1
2410      	17:40:38  	207.0 	-56.0 	29    	53.2     	240   	45.9       	26.8       	12090     	-65.1
2412      	17:40:40  	206.8 	-56.1 	29    	53.2     	240   	45.9       	26.9       	12098     	-65.1
2414      	17:40:42  	206.6 	-56.1 	29    	53.4     	239   	46.0       	27.1       	12106     	-65.2
2416      	17:40:44  	206.3 	-56.2 	29    	53.4     	239   	46.0       	27.2       	12113     	-65.2
2418      	17:40:46  	206.1 	-56.2 	29    	53.5     	239   	46.1       	27.2       	12121     	-65.2
2420      	17:40:48  	205.8 	-56.3 	29    	53.6     	239   	46.1       	27.3       	12129     	-65.3
2422      	17:40:50  	205.6 	-56.3 	29    	53.7     	239   	46.2       	27.3       	12136     	-65.3
2424      	17:40:52  	205.3 	-56.4 	30    	53.7     	239   	46.3       	27.3       	12144     	-65.3
2426      	17:40:54  	205.0 	-56.5 	30    	53.9     	240   	46.5       	27.2       	12152     	-65.3
2428      	17:40:56  	204.8 	-56.5 	30    	54.0     	240   	46.6       	27.2       	12160     	-65.3
2430      	17:40:58  	204.5 	-56.6 	30    	54.1     	240   	46.8       	27.2       	12168     	-65.3
2432      	17:41:00  	204.3 	-56.6 	30    	54.2     	240   	46.9       	27.1       	12176     	-65.3
2434      	17:41:02  	204.0 	-56.7 	31    	54.3     	240   	47.0       	27.1       	12184     	-65.3
2436      	17:41:04  	203.7 	-56.8 	31    	54.4     	240   	47.2       	27.0       	12193     	-65.3
2438      	17:41:06  	203.5 	-56.8 	31    	54.5     	241   	47.4       	26.8       	12201     	-65.3
2440      	17:41:08  	203.2 	-56.9 	32    	54.6     	241   	47.7       	26.6       	12209     	-65.3
2442      	17:41:10  	203.0 	-56.9 	32    	54.7     	241   	47.9       	26.4       	12216     	-65.3
2444      	17:41:12  	202.7 	-57.0 	32    	54.8     	241   	48.1       	26.3       	12224     	-65.4
2446      	17:41:14  	202.5 	-57.0 	32    	54.9     	242   	48.3       	26.2       	12231     	-65.4
2448      	17:41:16  	202.3 	-57.1 	32    	54.9     	242   	48.4       	26.0       	12238     	-65.5
2450      	17:41:18  	202.0 	-57.2 	32    	54.9     	242   	48.5       	25.8       	12246     	-65.5
2452      	17:41:20  	201.8 	-57.2 	32    	54.9     	242   	48.6       	25.6       	12253     	-65.5
2454      	17:41:22  	201.6 	-57.3 	32    	55.0     	243   	48.8       	25.3       	12261     	-65.6
2456      	17:41:24  	201.3 	-57.3 	32    	54.9     	243   	48.9       	25.0       	12268     	-65.7
2458      	17:41:26  	201.1 	-57.4 	32    	54.8     	243   	48.8       	24.9       	12276     	-65.7
2460      	17:41:28  	200.8 	-57.4 	31    	54.7     	243   	48.8       	24.8       	12283     	-65.8
2462      	17:41:30  	200.6 	-57.5 	31    	54.6     	243   	48.8       	24.6       	12291     	-65.9
2464      	17:41:32  	200.4 	-57.5 	31    	54.6     	244   	48.9       	24.2       	12298     	-66.1
2466      	17:41:34  	200.1 	-57.6 	31    	54.4     	244   	48.9       	23.9       	12306     	-66.2
2468      	17:41:36  	199.9 	-57.6 	30    	54.3     	244   	49.0       	23.5       	12313     	-66.3
2470      	17:41:38  	199.7 	-57.7 	30    	54.3     	245   	49.1       	23.2       	12321     	-66.4
2472      	17:41:40  	199.4 	-57.8 	30    	54.3     	245   	49.2       	22.9       	12328     	-66.5
2474      	17:41:42  	199.2 	-57.8 	30    	54.2     	245   	49.2       	22.7       	12335     	-66.6
2476      	17:41:44  	199.0 	-57.9 	30    	54.2     	245   	49.3       	22.5       	12343     	-66.6
2478      	17:41:46  	198.7 	-57.9 	30    	54.1     	246   	49.3       	22.3       	12350     	-66.7
2480      	17:41:48  	198.5 	-58.0 	30    	54.1     	246   	49.4       	22.1       	12358     	-66.7
2482      	17:41:50  	198.2 	-58.0 	30    	54.0     	246   	49.4       	21.9       	12366     	-66.8
2484      	17:41:52  	198.0 	-58.1 	30    	54.0     	246   	49.3       	22.0       	12374     	-66.8
2486      	17:41:54  	197.7 	-58.1 	30    	54.0     	246   	49.3       	22.1       	12381     	-66.8
2488      	17:41:56  	197.5 	-58.2 	30    	53.9     	246   	49.2       	22.1       	12388     	-66.8
2490      	17:41:58  	197.3 	-58.2 	30    	54.0     	246   	49.2       	22.3       	12396     	-66.8
2492      	17:42:00  	197.0 	-58.3 	31    	54.0     	245   	49.1       	22.5       	12403     	-66.8
2494      	17:42:02  	196.8 	-58.3 	31    	54.1     	245   	49.1       	22.7       	12411     	-66.9
2496      	17:42:04  	196.6 	-58.4 	31    	54.1     	245   	49.1       	22.8       	12418     	-66.9
2498      	17:42:06  	196.3 	-58.4 	31    	54.2     	245   	49.1       	23.0       	12426     	-66.9
2500      	17:42:08  	196.1 	-58.5 	31    	54.4     	245   	49.2       	23.1       	12433     	-66.9
2502      	17:42:10  	195.9 	-58.5 	31    	54.4     	245   	49.2       	23.2       	12441     	-67.0
2504      	17:42:12  	195.6 	-58.6 	31    	54.5     	245   	49.2       	23.4       	12448     	-67.1
2506      	17:42:14  	195.4 	-58.6 	31    	54.5     	244   	49.2       	23.5       	12456     	-67.1
2508      	17:42:16  	195.2 	-58.7 	30    	54.6     	244   	49.2       	23.7       	12463     	-67.2
2510      	17:42:18  	194.9 	-58.7 	30    	54.6     	244   	49.2       	23.7       	12471     	-67.3
2512      	17:42:20  	194.7 	-58.7 	30    	54.6     	244   	49.1       	23.8       	12478     	-67.4
2514      	17:42:22  	194.5 	-58.8 	30    	54.6     	244   	49.1       	23.8       	12486     	-67.5
2516      	17:42:24  	194.3 	-58.8 	30    	54.6     	244   	49.1       	23.9       	12493     	-67.6
2518      	17:42:26  	194.0 	-58.9 	29    	54.5     	244   	49.0       	23.9       	12500     	-67.6
2520      	17:42:28  	193.8 	-58.9 	29    	54.6     	244   	49.0       	24.0       	12508     	-67.7
2522      	17:42:30  	193.6 	-58.9 	29    	54.6     	244   	49.0       	24.0       	12515     	-67.7
2524      	17:42:32  	193.3 	-58.9 	29    	54.6     	244   	49.0       	24.1       	12523     	-67.7
2526      	17:42:34  	193.1 	-58.9 	29    	54.6     	244   	49.0       	24.1       	12530     	-67.7
2528      	17:42:36  	192.9 	-58.9 	29    	54.7     	244   	49.1       	24.2       	12538     	-67.7
2530      	17:42:38  	192.7 	-58.9 	29    	54.8     	244   	49.1       	24.3       	12545     	-67.7
2532      	17:42:40  	192.4 	-58.9 	29    	55.0     	244   	49.2       	24.5       	12553     	-67.7
2534      	17:42:42  	192.2 	-58.9 	29    	55.1     	243   	49.3       	24.6       	12560     	-67.7
2536      	17:42:44  	192.0 	-58.9 	29    	55.2     	243   	49.3       	24.8       	12567     	-67.8
2538      	17:42:46  	191.7 	-58.9 	29    	55.3     	243   	49.4       	24.9       	12574     	-67.8
2540      	17:42:48  	191.5 	-58.9 	29    	55.4     	243   	49.4       	25.0       	12582     	-67.9
2542      	17:42:50  	191.3 	-58.9 	28    	55.5     	243   	49.6       	25.0       	12588     	-67.9
2544      	17:42:52  	191.1 	-58.9 	28    	55.6     	243   	49.7       	24.9       	12595     	-67.9
2546      	17:42:54  	190.9 	-58.9 	28    	55.7     	243   	49.8       	24.9       	12603     	-68.0
2548      	17:42:56  	190.7 	-58.9 	28    	55.7     	244   	49.9       	24.8       	12610     	-68.0
2550      	17:42:58  	190.4 	-58.9 	28    	55.8     	244   	50.0       	24.7       	12618     	-68.0
2552      	17:43:00  	190.2 	-58.8 	28    	55.8     	244   	50.1       	24.5       	12626     	-68.0
2554      	17:43:02  	189.9 	-58.8 	28    	55.8     	244   	50.3       	24.1       	12634     	-68.0
2556      	17:43:04  	189.7 	-58.8 	27    	55.8     	245   	50.5       	23.8       	12642     	-68.1
2558      	17:43:06  	189.5 	-58.8 	27    	55.9     	245   	50.8       	23.4       	12650     	-68.1
2560      	17:43:08  	189.2 	-58.8 	27    	56.0     	246   	51.0       	23.1       	12658     	-68.1
2562      	17:43:10  	189.0 	-58.8 	27    	56.0     	246   	51.1       	22.9       	12667     	-68.1
2564      	17:43:12  	188.7 	-58.8 	27    	56.1     	246   	51.3       	22.7       	12675     	-68.1
2566      	17:43:14  	188.5 	-58.9 	27    	56.3     	246   	51.6       	22.5       	12683     	-68.2
2568      	17:43:16  	188.2 	-58.9 	27    	56.5     	247   	52.0       	22.2       	12690     	-68.2
2570      	17:43:18  	188.0 	-58.9 	27    	56.8     	247   	52.4       	21.9       	12698     	-68.3
2572      	17:43:20  	187.8 	-58.9 	26    	57.0     	248   	52.8       	21.6       	12705     	-68.3
2574      	17:43:22  	187.6 	-58.9 	26    	57.3     	248   	53.1       	21.5       	12713     	-68.4
2576      	17:43:24  	187.3 	-58.9 	26    	57.5     	248   	53.4       	21.4       	12720     	-68.5
2578      	17:43:26  	187.1 	-58.9 	26    	57.7     	248   	53.6       	21.3       	12728     	-68.6
2580      	17:43:28  	186.9 	-58.9 	26    	57.9     	249   	53.9       	21.1       	12735     	-68.7
2582      	17:43:30  	186.7 	-59.0 	25    	58.0     	249   	54.1       	20.9       	12743     	-68.7
2584      	17:43:32  	186.5 	-59.0 	26    	58.2     	249   	54.4       	20.7       	12750     	-68.7
2586      	17:43:34  	186.2 	-59.0 	26    	58.3     	249   	54.5       	20.6       	12758     	-68.7
2588      	17:43:36  	186.0 	-59.0 	26    	58.3     	249   	54.5       	20.6       	12765     	-68.6
2590      	17:43:38  	185.8 	-59.1 	26    	58.2     	249   	54.5       	20.5       	12772     	-68.6
2592      	17:43:40  	185.6 	-59.1 	26    	58.1     	250   	54.4       	20.3       	12779     	-68.6
2594      	17:43:42  	185.4 	-59.1 	27    	57.9     	250   	54.3       	20.0       	12787     	-68.5
2596      	17:43:44  	185.1 	-59.1 	27    	57.7     	250   	54.2       	19.8       	12794     	-68.5
2598      	17:43:46  	184.9 	-59.2 	27    	57.4     	250   	54.0       	19.5       	12802     	-68.5
2600      	17:43:48  	184.7 	-59.2 	27    	57.3     	250   	53.9       	19.3       	12809     	-68.5
2602      	17:43:50  	184.5 	-59.2 	27    	57.1     	250   	53.8       	19.1       	12817     	-68.5
2604      	17:43:52  	184.3 	-59.3 	27    	56.9     	251   	53.7       	18.9       	12824     	-68.6
2606      	17:43:54  	184.0 	-59.3 	27    	56.7     	251   	53.6       	18.5       	12832     	-68.6
2608      	17:43:56  	183.8 	-59.3 	27    	56.4     	251   	53.4       	18.2       	12839     	-68.7
2610      	17:43:58  	183.6 	-59.4 	27    	56.1     	252   	53.2       	17.8       	12846     	-68.8
2612      	17:44:00  	183.4 	-59.4 	26    	56.0     	252   	53.2       	17.6       	12854     	-68.9
2614      	17:44:02  	183.2 	-59.5 	26    	55.9     	252   	53.1       	17.5       	12862     	-68.9
2616      	17:44:04  	182.9 	-59.5 	26    	55.8     	252   	53.1       	17.3       	12870     	-69.0
2618      	17:44:06  	182.7 	-59.5 	26    	55.7     	252   	53.0       	17.1       	12878     	-69.1
2620      	17:44:08  	182.5 	-59.6 	26    	55.4     	252   	52.8       	16.8       	12885     	-69.2
2622      	17:44:10  	182.3 	-59.6 	26    	55.2     	253   	52.7       	16.5       	12892     	-69.3
2624      	17:44:12  	182.1 	-59.6 	26    	54.9     	253   	52.5       	16.2       	12899     	-69.3
2626      	17:44:14  	181.9 	-59.7 	26    	54.8     	253   	52.4       	16.1       	12906     	-69.3
2628      	17:44:16  	181.7 	-59.7 	26    	54.7     	253   	52.3       	15.9       	12913     	-69.3
2630      	17:44:18  	181.4 	-59.7 	26    	54.5     	253   	52.2       	15.8       	12921     	-69.3
2632      	17:44:20  	181.2 	-59.7 	26    	54.4     	253   	52.1       	15.5       	12928     	-69.4
2634      	17:44:22  	181.0 	-59.7 	25    	54.1     	254   	51.9       	15.3       	12935     	-69.4
2636      	17:44:24  	180.8 	-59.7 	25    	53.9     	254   	51.8       	15.0       	12943     	-69.4
2638      	17:44:26  	180.6 	-59.7 	25    	53.8     	254   	51.7       	14.9       	12951     	-69.5
2640      	17:44:28  	180.4 	-59.8 	25    	53.8     	254   	51.7       	14.8       	12958     	-69.5
2642      	17:44:30  	180.1 	-59.8 	25    	53.7     	254   	51.7       	14.7       	12966     	-69.6
2644      	17:44:32  	179.9 	-59.8 	25    	53.6     	254   	51.6       	14.5       	12974     	-69.6
2646      	17:44:34  	179.7 	-59.8 	25    	53.4     	254   	51.5       	14.3       	12982     	-69.6
2648      	17:44:36  	179.4 	-59.7 	25    	53.4     	255   	51.5       	14.0       	12990     	-69.6
2650      	17:44:38  	179.2 	-59.7 	25    	53.2     	255   	51.4       	13.7       	12998     	-69.6
2652      	17:44:40  	179.0 	-59.7 	25    	53.2     	255   	51.4       	13.6       	13005     	-69.6
2654      	17:44:42  	178.8 	-59.7 	25    	53.0     	255   	51.3       	13.4       	13012     	-69.6
2656      	17:44:44  	178.6 	-59.7 	25    	53.0     	256   	51.3       	13.2       	13019     	-69.6
2658      	17:44:46  	178.4 	-59.6 	24    	52.9     	255   	51.2       	13.3       	13027     	-69.6
2660      	17:44:48  	178.2 	-59.6 	24    	52.8     	255   	51.1       	13.3       	13034     	-69.6
2662      	17:44:50  	178.0 	-59.6 	24    	52.7     	255   	51.0       	13.4       	13042     	-69.7
2664      	17:44:52  	177.7 	-59.6 	24    	52.7     	255   	50.9       	13.5       	13049     	-69.7
2666      	17:44:54  	177.5 	-59.6 	24    	52.6     	255   	50.8       	13.7       	13057     	-69.8
2668      	17:44:56  	177.3 	-59.6 	23    	52.7     	255   	50.8       	13.9       	13064     	-69.8
2670      	17:44:58  	177.1 	-59.6 	23    	52.7     	254   	50.7       	14.2       	13071     	-69.9
2672      	17:45:00  	176.9 	-59.6 	23    	52.6     	254   	50.5       	14.6       	13079     	-69.9
2674      	17:45:02  	176.7 	-59.6 	23    	52.6     	254   	50.4       	14.9       	13086     	-69.9
2676      	17:45:04  	176.5 	-59.6 	23    	52.5     	253   	50.2       	15.3       	13094     	-69.9
2678      	17:45:06  	176.3 	-59.6 	23    	52.5     	253   	50.2       	15.4       	13101     	-69.9
2680      	17:45:08  	176.1 	-59.6 	23    	52.5     	253   	50.1       	15.6       	13109     	-69.9
2682      	17:45:10  	175.9 	-59.6 	23    	52.4     	253   	50.0       	15.7       	13116     	-69.9
2684      	17:45:12  	175.6 	-59.6 	23    	52.4     	252   	49.9       	16.0       	13123     	-69.9
2686      	17:45:14  	175.4 	-59.6 	23    	52.4     	252   	49.8       	16.3       	13131     	-69.9
2688      	17:45:16  	175.2 	-59.6 	23    	52.4     	252   	49.7       	16.5       	13138     	-69.9
2690      	17:45:18  	175.0 	-59.6 	23    	52.3     	251   	49.6       	16.7       	13145     	-69.9
2692      	17:45:20  	174.8 	-59.6 	23    	52.3     	251   	49.5       	16.8       	13152     	-70.0
2694      	17:45:22  	174.7 	-59.6 	23    	52.3     	251   	49.5       	16.9       	13159     	-70.1
2696      	17:45:24  	174.5 	-59.6 	23    	52.3     	251   	49.4       	17.1       	13166     	-70.1
2698      	17:45:26  	174.3 	-59.6 	22    	52.3     	251   	49.4       	17.3       	13173     	-70.2
2700      	17:45:28  	174.0 	-59.6 	22    	52.4     	250   	49.4       	17.5       	13181     	-70.3
2702      	17:45:30  	173.8 	-59.6 	22    	52.4     	250   	49.3       	17.7       	13188     	-70.3
2704      	17:45:32  	173.6 	-59.5 	22    	52.4     	250   	49.3       	17.7       	13196     	-70.3
2706      	17:45:34  	173.4 	-59.4 	21    	52.4     	250   	49.3       	17.8       	13203     	-70.3
2708      	17:45:36  	173.2 	-59.3 	21    	52.4     	250   	49.3       	17.9       	13211     	-70.3
2710      	17:45:38  	173.0 	-59.2 	21    	52.1     	250   	49.0       	17.8       	13219     	-70.3
2712      	17:45:40  	172.8 	-59.2 	21    	51.9     	250   	48.8       	17.8       	13227     	-70.3
2714      	17:45:42  	172.5 	-59.1 	20    	51.7     	250   	48.5       	17.8       	13235     	-70.3
2716      	17:45:44  	172.3 	-59.0 	20    	51.3     	250   	48.2       	17.7       	13243     	-70.2
2718      	17:45:46  	172.1 	-58.9 	20    	51.0     	250   	47.9       	17.6       	13251     	-70.2
2720      	17:45:48  	171.9 	-58.8 	20    	50.8     	250   	47.7       	17.5       	13259     	-70.2
2722      	17:45:50  	171.7 	-58.8 	20    	50.3     	250   	47.4       	16.9       	13267     	-70.2
2724      	17:45:52  	171.4 	-58.7 	20    	49.8     	251   	47.1       	16.1       	13275     	-70.1
2726      	17:45:54  	171.2 	-58.6 	20    	49.2     	252   	46.7       	15.4       	13285     	-70.1
2728      	17:45:56  	170.9 	-58.6 	20    	48.7     	253   	46.5       	14.6       	13294     	-70.1
2730      	17:45:58  	170.7 	-58.5 	20    	48.5     	253   	46.4       	14.0       	13304     	-70.1
2732      	17:46:00  	170.4 	-58.5 	20    	48.3     	254   	46.4       	13.3       	13313     	-70.0
2734      	17:46:02  	170.2 	-58.4 	19    	48.0     	255   	46.3       	12.5       	13323     	-70.0
2736      	17:46:04  	169.9 	-58.4 	19    	47.7     	256   	46.3       	11.6       	13332     	-70.0
2738      	17:46:06  	169.7 	-58.4 	19    	47.4     	257   	46.2       	10.6       	13340     	-70.0
2740      	17:46:08  	169.4 	-58.4 	19    	47.1     	258   	46.1       	9.7        	13349     	-70.1
2742      	17:46:10  	169.2 	-58.4 	19    	47.0     	259   	46.1       	9.3        	13357     	-70.1
2744      	17:46:12  	169.0 	-58.4 	19    	47.0     	259   	46.1       	9.0        	13366     	-70.1
2746      	17:46:14  	168.8 	-58.5 	19    	46.8     	259   	46.0       	8.7        	13375     	-70.2
2748      	17:46:16  	168.5 	-58.6 	19    	46.6     	260   	45.9       	8.3        	13383     	-70.2
2750      	17:46:18  	168.3 	-58.6 	19    	46.4     	260   	45.7       	8.0        	13391     	-70.3
2752      	17:46:20  	168.1 	-58.6 	19    	46.2     	260   	45.6       	7.7        	13399     	-70.3
2754      	17:46:22  	167.9 	-58.7 	19    	46.1     	261   	45.5       	7.5        	13407     	-70.3
2756      	17:46:24  	167.7 	-58.7 	19    	45.9     	261   	45.3       	7.4        	13415     	-70.4
2758      	17:46:26  	167.4 	-58.7 	19    	45.8     	261   	45.2       	7.4        	13423     	-70.4
2760      	17:46:28  	167.2 	-58.7 	19    	45.6     	261   	45.0       	7.4        	13432     	-70.4
2762      	17:46:30  	167.0 	-58.7 	19    	45.4     	260   	44.8       	7.5        	13440     	-70.5
2764      	17:46:32  	166.8 	-58.7 	19    	45.2     	260   	44.6       	7.6        	13448     	-70.5
2766      	17:46:34  	166.5 	-58.7 	19    	45.0     	260   	44.4       	7.6        	13457     	-70.5
2768      	17:46:36  	166.3 	-58.7 	19    	45.0     	260   	44.3       	7.8        	13466     	-70.6
2770      	17:46:38  	166.1 	-58.7 	19    	44.9     	260   	44.2       	7.9        	13474     	-70.6
2772      	17:46:40  	165.9 	-58.7 	18    	44.9     	260   	44.2       	8.0        	13483     	-70.6
2774      	17:46:42  	165.6 	-58.7 	18    	45.0     	260   	44.3       	8.1        	13492     	-70.7
2776      	17:46:44  	165.4 	-58.7 	18    	45.1     	260   	44.3       	8.2        	13501     	-70.7
2778      	17:46:46  	165.2 	-58.6 	18    	45.2     	259   	44.4       	8.3        	13510     	-70.7
2780      	17:46:48  	164.9 	-58.6 	18    	45.4     	259   	44.6       	8.3        	13518     	-70.8
2782      	17:46:50  	164.7 	-58.6 	18    	45.6     	260   	44.8       	8.3        	13528     	-70.8
2784      	17:46:52  	164.4 	-58.5 	18    	45.7     	260   	44.9       	8.3        	13537     	-70.8
2786      	17:46:54  	164.2 	-58.5 	17    	45.9     	260   	45.2       	8.2        	13546     	-70.8
2788      	17:46:56  	164.0 	-58.4 	17    	46.3     	260   	45.6       	8.0        	13555     	-70.8
2790      	17:46:58  	163.7 	-58.4 	17    	46.5     	260   	45.9       	7.7        	13563     	-70.8
2792      	17:47:00  	163.5 	-58.3 	17    	46.8     	261   	46.2       	7.5        	13572     	-70.8
2794      	17:47:02  	163.3 	-58.3 	17    	47.0     	261   	46.4       	7.4        	13582     	-70.9
2796      	17:47:04  	163.0 	-58.2 	17    	47.1     	261   	46.5       	7.2        	13591     	-70.9
2798      	17:47:06  	162.8 	-58.2 	17    	47.2     	261   	46.7       	7.0        	13600     	-70.9
2800      	17:47:08  	162.6 	-58.1 	17    	47.2     	262   	46.7       	6.5        	13609     	-70.8
2802      	17:47:10  	162.3 	-58.1 	17    	47.1     	263   	46.7       	6.1        	13618     	-70.8
2804      	17:47:12  	162.1 	-58.1 	17    	47.0     	263   	46.7       	5.6        	13627     	-70.8
2806      	17:47:14  	161.9 	-58.0 	17    	47.0     	264   	46.7       	5.3        	13636     	-70.7
2808      	17:47:16  	161.7 	-58.0 	17    	46.8     	264   	46.5       	5.0        	13644     	-70.7
2810      	17:47:18  	161.4 	-57.9 	17    	46.6     	264   	46.4       	4.8        	13653     	-70.7
2812      	17:47:20  	161.2 	-57.9 	16    	46.4     	264   	46.2       	4.5        	13662     	-70.7
2814      	17:47:22  	161.0 	-57.9 	16    	46.0     	265   	45.8       	4.2        	13672     	-70.7
2816      	17:47:24  	160.7 	-57.8 	16    	45.7     	265   	45.5       	4.0        	13681     	-70.7
2818      	17:47:26  	160.5 	-57.8 	16    	45.3     	265   	45.1       	3.7        	13690     	-70.7
2820      	17:47:28  	160.3 	-57.8 	16    	45.1     	265   	44.9       	3.7        	13699     	-70.7
2822      	17:47:30  	160.0 	-57.8 	16    	44.9     	265   	44.7       	3.7        	13708     	-70.7
2824      	17:47:32  	159.8 	-57.8 	16    	44.7     	265   	44.5       	3.7        	13717     	-70.7
2826      	17:47:34  	159.6 	-57.8 	16    	44.5     	265   	44.3       	3.7        	13727     	-70.7
2828      	17:47:36  	159.3 	-57.8 	16    	44.2     	265   	44.0       	3.7        	13736     	-70.7
2830      	17:47:38  	159.1 	-57.8 	16    	44.0     	265   	43.8       	3.7        	13746     	-70.8
2832      	17:47:40  	158.8 	-57.9 	16    	43.8     	265   	43.6       	3.7        	13756     	-70.8
2834      	17:47:42  	158.6 	-57.9 	16    	43.8     	265   	43.6       	3.7        	13766     	-70.9
2836      	17:47:44  	158.3 	-58.0 	16    	43.8     	265   	43.6       	3.7        	13776     	-71.0
2838      	17:47:46  	158.1 	-58.0 	16    	43.8     	265   	43.6       	3.8        	13786     	-71.1
2840      	17:47:48  	157.8 	-58.0 	16    	43.7     	265   	43.5       	4.0        	13796     	-71.1
2842      	17:47:50  	157.6 	-58.1 	16    	43.7     	264   	43.5       	4.3        	13806     	-71.2
2844      	17:47:52  	157.3 	-58.1 	15    	43.7     	264   	43.5       	4.5        	13816     	-71.3
2846      	17:47:54  	157.1 	-58.1 	15    	43.8     	264   	43.5       	4.7        	13826     	-71.3
2848      	17:47:56  	156.8 	-58.2 	15    	43.8     	263   	43.5       	5.0        	13836     	-71.4
2850      	17:47:58  	156.6 	-58.2 	15    	43.8     	263   	43.5       	5.2        	13846     	-71.4
2852      	17:48:00  	156.3 	-58.3 	15    	43.8     	263   	43.5       	5.5        	13856     	-71.4
2854      	17:48:02  	156.1 	-58.3 	15    	43.9     	263   	43.5       	5.7        	13866     	-71.4
2856      	17:48:04  	155.8 	-58.3 	15    	44.0     	262   	43.6       	6.0        	13876     	-71.5
2858      	17:48:06  	155.6 	-58.4 	15    	44.0     	262   	43.6       	6.1        	13885     	-71.6
2860      	17:48:08  	155.3 	-58.4 	15    	44.0     	262   	43.6       	6.1        	13895     	-71.7
2862      	17:48:10  	155.1 	-58.5 	15    	44.0     	262   	43.6       	6.2        	13905     	-71.7
2864      	17:48:12  	154.8 	-58.5 	15    	44.0     	262   	43.6       	6.1        	13916     	-71.8
2866      	17:48:14  	154.6 	-58.5 	15    	43.9     	262   	43.5       	6.0        	13926     	-71.9
2868      	17:48:16  	154.3 	-58.6 	15    	43.9     	262   	43.5       	5.8        	13936     	-71.9
2870      	17:48:18  	154.1 	-58.6 	15    	43.8     	263   	43.4       	5.7        	13946     	-72.0
2872      	17:48:20  	153.8 	-58.6 	15    	43.7     	263   	43.4       	5.5        	13956     	-72.0
2874      	17:48:22  	153.6 	-58.7 	15    	43.6     	263   	43.3       	5.4        	13966     	-72.0
2876      	17:48:24  	153.4 	-58.7 	15    	43.6     	263   	43.3       	5.2        	13976     	-72.0
2878      	17:48:26  	153.1 	-58.8 	15    	43.6     	263   	43.3       	5.1        	13986     	-72.1
2880      	17:48:28  	152.9 	-58.8 	15    	43.7     	263   	43.4       	5.0        	13997     	-72.1
2882      	17:48:30  	152.6 	-58.9 	15    	43.7     	264   	43.4       	4.9        	14007     	-72.1
2884      	17:48:32  	152.3 	-58.9 	15    	43.8     	264   	43.5       	4.9        	14018     	-72.2
2886      	17:48:34  	152.1 	-59.0 	15    	43.9     	263   	43.6       	5.0        	14029     	-72.3
2888      	17:48:36  	151.8 	-59.1 	15    	44.0     	263   	43.7       	5.1        	14039     	-72.4
2890      	17:48:38  	151.6 	-59.1 	15    	44.1     	263   	43.8       	5.2        	14050     	-72.5
2892      	17:48:40  	151.3 	-59.2 	15    	44.3     	263   	44.0       	5.3        	14060     	-72.5
2894      	17:48:42  	151.1 	-59.3 	15    	44.4     	263   	44.1       	5.3        	14071     	-72.6
2896      	17:48:44  	150.8 	-59.3 	15    	44.5     	263   	44.2       	5.4        	14081     	-72.7
2898      	17:48:46  	150.5 	-59.4 	15    	44.5     	263   	44.2       	5.4        	14092     	-72.8
2900      	17:48:48  	150.3 	-59.4 	15    	44.6     	263   	44.3       	5.4        	14103     	-72.8
2902      	17:48:50  	150.0 	-59.5 	15    	44.7     	263   	44.4       	5.4        	14113     	-72.9
2904      	17:48:52  	149.8 	-59.5 	14    	44.8     	263   	44.5       	5.3        	14123     	-72.9
2906      	17:48:54  	149.6 	-59.6 	14    	45.0     	263   	44.7       	5.1        	14133     	-73.0
2908      	17:48:56  	149.3 	-59.6 	14    	45.1     	264   	44.8       	5.0        	14143     	-73.1
2910      	17:48:58  	149.1 	-59.6 	14    	45.2     	264   	44.9       	4.9        	14153     	-73.2
2912      	17:49:00  	148.8 	-59.7 	14    	45.3     	264   	45.0       	4.8        	14164     	-73.2
2914      	17:49:02  	148.6 	-59.7 	14    	45.3     	264   	45.1       	4.7        	14174     	-73.3
2916      	17:49:04  	148.3 	-59.7 	14    	45.3     	264   	45.1       	4.5        	14185     	-73.4
2918      	17:49:06  	148.1 	-59.8 	14    	45.4     	265   	45.2       	4.3        	14195     	-73.4
2920      	17:49:08  	147.8 	-59.8 	14    	45.4     	265   	45.2       	4.1        	14205     	-73.5
2922      	17:49:10  	147.6 	-59.8 	14    	45.4     	265   	45.2       	3.9        	14216     	-73.6
2924      	17:49:12  	147.3 	-59.8 	14    	45.4     	265   	45.2       	3.9        	14227     	-73.6
2926      	17:49:14  	147.1 	-59.8 	13    	45.4     	265   	45.2       	3.8        	14238     	-73.7
2928      	17:49:16  	146.8 	-59.8 	13    	45.3     	265   	45.1       	3.8        	14248     	-73.8
2930      	17:49:18  	146.6 	-59.8 	13    	45.1     	265   	44.9       	3.9        	14258     	-73.8
2932      	17:49:20  	146.4 	-59.9 	13    	45.0     	265   	44.8       	4.0        	14268     	-73.9
2934      	17:49:22  	146.1 	-59.9 	13    	44.9     	265   	44.7       	4.0        	14278     	-74.0
2936      	17:49:24  	145.9 	-59.9 	13    	44.7     	265   	44.5       	4.2        	14288     	-74.0
2938      	17:49:26  	145.7 	-59.9 	13    	44.6     	264   	44.4       	4.4        	14298     	-74.0
2940      	17:49:28  	145.4 	-59.8 	13    	44.5     	264   	44.3       	4.5        	14308     	-74.1
2942      	17:49:30  	145.2 	-59.8 	13    	44.4     	264   	44.1       	4.9        	14319     	-74.1
2944      	17:49:32  	144.9 	-59.9 	13    	44.3     	263   	44.0       	5.2        	14329     	-74.2
2946      	17:49:34  	144.7 	-59.9 	13    	44.2     	263   	43.8       	5.6        	14339     	-74.2
2948      	17:49:36  	144.5 	-59.9 	12    	44.1     	262   	43.7       	5.8        	14350     	-74.2
2950      	17:49:38  	144.2 	-59.9 	12    	44.1     	262   	43.7       	6.0        	14360     	-74.3
2952      	17:49:40  	144.0 	-59.9 	12    	44.0     	262   	43.6       	6.2        	14370     	-74.3
2954      	17:49:42  	143.7 	-59.9 	12    	44.0     	262   	43.5       	6.3        	14381     	-74.3
2956      	17:49:44  	143.5 	-59.8 	12    	43.8     	262   	43.3       	6.3        	14391     	-74.3
2958      	17:49:46  	143.3 	-59.8 	12    	43.5     	262   	43.0       	6.3        	14401     	-74.3
2960      	17:49:48  	143.0 	-59.8 	12    	43.3     	262   	42.8       	6.3        	14412     	-74.3
2962      	17:49:50  	142.8 	-59.8 	12    	43.0     	262   	42.6       	6.1        	14421     	-74.3
2964      	17:49:52  	142.6 	-59.8 	12    	42.8     	262   	42.4       	5.9        	14431     	-74.3
2966      	17:49:54  	142.4 	-59.8 	12    	42.7     	262   	42.3       	5.7        	14441     	-74.3
2968      	17:49:56  	142.1 	-59.8 	12    	42.4     	263   	42.1       	5.4        	14451     	-74.3
2970      	17:49:58  	141.9 	-59.7 	12    	42.3     	263   	42.0       	5.0        	14460     	-74.3
2972      	17:50:00  	141.7 	-59.7 	12    	42.1     	264   	41.8       	4.6        	14470     	-74.4
2974      	17:50:02  	141.5 	-59.7 	12    	41.9     	264   	41.7       	4.3        	14479     	-74.4
2976      	17:50:04  	141.3 	-59.7 	12    	42.0     	265   	41.8       	4.0        	14489     	-74.5
2978      	17:50:06  	141.1 	-59.7 	12    	42.0     	265   	41.8       	3.8        	14498     	-74.5
2980      	17:50:08  	140.9 	-59.7 	12    	41.9     	265   	41.8       	3.5        	14507     	-74.5
2982      	17:50:10  	140.7 	-59.7 	12    	42.0     	266   	41.9       	3.2        	14517     	-74.5
2984      	17:50:12  	140.4 	-59.7 	12    	42.0     	266   	41.9       	2.8        	14526     	-74.5
2986      	17:50:14  	140.2 	-59.7 	12    	42.1     	267   	42.0       	2.4        	14535     	-74.5
2988      	17:50:16  	140.0 	-59.7 	12    	42.1     	267   	42.0       	2.3        	14545     	-74.5
2990      	17:50:18  	139.8 	-59.7 	12    	42.1     	267   	42.0       	2.1        	14554     	-74.5
2992      	17:50:20  	139.6 	-59.7 	12    	42.0     	267   	42.0       	1.9        	14563     	-74.6
2994      	17:50:22  	139.4 	-59.7 	11    	42.1     	268   	42.1       	1.5        	14572     	-74.6
2996      	17:50:24  	139.2 	-59.7 	11    	42.3     	269   	42.3       	1.0        	14581     	-74.6
2998      	17:50:26  	139.0 	-59.8 	11    	42.4     	269   	42.4       	0.5        	14590     	-74.7
3000      	17:50:28  	138.8 	-59.8 	11    	42.5     	270   	42.5       	0.1        	14599     	-74.8
3002      	17:50:30  	138.6 	-59.8 	11    	42.5     	270   	42.5       	-0.2       	14608     	-74.8
3004      	17:50:32  	138.4 	-59.9 	11    	42.6     	271   	42.6       	-0.5       	14616     	-74.9
3006      	17:50:34  	138.2 	-59.9 	11    	42.7     	271   	42.7       	-0.9       	14624     	-74.9
3008      	17:50:36  	138.1 	-59.9 	11    	42.8     	272   	42.8       	-1.3       	14633     	-75.0
3010      	17:50:38  	137.9 	-59.9 	11    	42.9     	272   	42.9       	-1.7       	14641     	-75.0
3012      	17:50:40  	137.7 	-59.9 	11    	43.1     	273   	43.0       	-2.1       	14650     	-75.0
3014      	17:50:42  	137.5 	-59.9 	11    	43.2     	273   	43.1       	-2.2       	14659     	-75.1
3016      	17:50:44  	137.3 	-60.0 	11    	43.2     	273   	43.1       	-2.3       	14668     	-75.1
3018      	17:50:46  	137.1 	-60.0 	11    	43.2     	273   	43.1       	-2.4       	14677     	-75.1
3020      	17:50:48  	136.9 	-60.0 	11    	43.1     	273   	43.0       	-2.4       	14685     	-75.2
3022      	17:50:50  	136.7 	-60.0 	11    	43.0     	273   	42.9       	-2.4       	14694     	-75.2
3024      	17:50:52  	136.5 	-60.1 	11    	42.9     	273   	42.8       	-2.4       	14702     	-75.3
3026      	17:50:54  	136.3 	-60.1 	11    	42.8     	273   	42.7       	-2.3       	14711     	-75.3
3028      	17:50:56  	136.1 	-60.1 	11    	42.7     	273   	42.6       	-2.2       	14720     	-75.4
3030      	17:50:58  	136.0 	-60.2 	11    	42.5     	273   	42.4       	-2.1       	14728     	-75.4
3032      	17:51:00  	135.8 	-60.2 	11    	42.4     	273   	42.4       	-2.0       	14737     	-75.5
3034      	17:51:02  	135.6 	-60.2 	11    	42.3     	273   	42.3       	-1.9       	14745     	-75.5
3036      	17:51:04  	135.4 	-60.2 	11    	42.2     	272   	42.2       	-1.8       	14754     	-75.6
3038      	17:51:06  	135.2 	-60.2 	10    	42.2     	272   	42.2       	-1.7       	14762     	-75.6
3040      	17:51:08  	135.0 	-60.2 	10    	42.3     	272   	42.3       	-1.7       	14771     	-75.7
3042      	17:51:10  	134.9 	-60.1 	10    	42.3     	272   	42.3       	-1.7       	14779     	-75.7
3044      	17:51:12  	134.7 	-60.1 	10    	42.4     	272   	42.4       	-1.7       	14787     	-75.8
3046      	17:51:14  	134.5 	-60.1 	10    	42.5     	272   	42.5       	-1.7       	14795     	-75.8
3048      	17:51:16  	134.3 	-60.1 	10    	42.7     	272   	42.7       	-1.8       	14803     	-75.9
3050      	17:51:18  	134.2 	-60.1 	10    	42.8     	272   	42.8       	-1.8       	14812     	-75.9
3052      	17:51:20  	134.0 	-60.0 	10    	42.9     	273   	42.9       	-1.9       	14820     	-76.0
3054      	17:51:22  	133.8 	-60.0 	10    	43.0     	273   	43.0       	-2.0       	14829     	-76.0
3056      	17:51:24  	133.6 	-60.0 	10    	43.1     	273   	43.1       	-2.0       	14837     	-76.0
3058      	17:51:26  	133.4 	-59.9 	9     	42.9     	273   	42.9       	-1.9       	14845     	-76.0
3060      	17:51:28  	133.3 	-59.9 	9     	42.8     	272   	42.8       	-1.8       	14853     	-76.1
3062      	17:51:30  	133.1 	-59.8 	9     	42.6     	272   	42.6       	-1.7       	14861     	-76.1
3064      	17:51:32  	132.9 	-59.8 	9     	42.4     	272   	42.4       	-1.6       	14869     	-76.1
3066      	17:51:34  	132.7 	-59.7 	9     	42.1     	272   	42.1       	-1.5       	14878     	-76.1
3068      	17:51:36  	132.6 	-59.7 	9     	41.9     	272   	41.9       	-1.3       	14886     	-76.1
3070      	17:51:38  	132.4 	-59.7 	9     	41.5     	271   	41.5       	-1.0       	14895     	-76.1
3072      	17:51:40  	132.2 	-59.6 	9     	41.0     	271   	41.0       	-0.6       	14903     	-76.1
3074      	17:51:42  	132.0 	-59.6 	9     	40.5     	270   	40.5       	-0.2       	14912     	-76.1
3076      	17:51:44  	131.9 	-59.6 	9     	40.0     	270   	40.0       	0.3        	14920     	-76.1
3078      	17:51:46  	131.7 	-59.5 	9     	39.7     	269   	39.7       	0.5        	14928     	-76.0
3080      	17:51:48  	131.5 	-59.5 	9     	39.5     	269   	39.5       	0.8        	14936     	-76.0
3082      	17:51:50  	131.4 	-59.5 	9     	39.2     	269   	39.2       	1.0        	14943     	-76.1
3084      	17:51:52  	131.2 	-59.5 	9     	38.9     	268   	38.9       	1.6        	14951     	-76.1
3086      	17:51:54  	131.0 	-59.5 	9     	38.6     	267   	38.5       	2.1        	14959     	-76.1
3088      	17:51:56  	130.9 	-59.5 	9     	38.3     	266   	38.2       	2.6        	14967     	-76.1
3090      	17:51:58  	130.7 	-59.5 	9     	38.1     	265   	38.0       	3.0        	14974     	-76.1
3092      	17:52:00  	130.5 	-59.6 	9     	38.0     	265   	37.9       	3.3        	14982     	-76.1
3094      	17:52:02  	130.4 	-59.6 	9     	38.0     	265   	37.8       	3.5        	14990     	-76.2
3096      	17:52:04  	130.2 	-59.6 	9     	37.9     	264   	37.7       	3.9        	14998     	-76.2
3098      	17:52:06  	130.1 	-59.7 	9     	37.9     	263   	37.6       	4.4        	15005     	-76.2
3100      	17:52:08  	129.9 	-59.7 	9     	37.9     	263   	37.6       	4.9        	15012     	-76.2
3102      	17:52:10  	129.8 	-59.7 	9     	37.9     	262   	37.5       	5.4        	15020     	-76.3
3104      	17:52:12  	129.6 	-59.7 	9     	37.9     	262   	37.5       	5.6        	15027     	-76.3
3106      	17:52:14  	129.5 	-59.7 	9     	38.1     	261   	37.6       	5.9        	15035     	-76.3
3108      	17:52:16  	129.3 	-59.7 	9     	38.1     	261   	37.6       	6.1        	15042     	-76.4
3110      	17:52:18  	129.2 	-59.7 	9     	38.2     	260   	37.7       	6.4        	15049     	-76.4
3112      	17:52:20  	129.0 	-59.7 	9     	38.4     	260   	37.8       	6.8        	15055     	-76.4
3114      	17:52:22  	128.9 	-59.7 	9     	38.6     	259   	37.9       	7.1        	15062     	-76.5
3116      	17:52:24  	128.7 	-59.7 	9     	38.7     	259   	38.0       	7.3        	15069     	-76.5
3118      	17:52:26  	128.6 	-59.7 	8     	38.8     	259   	38.1       	7.4        	15076     	-76.6
3120      	17:52:28  	128.4 	-59.7 	8     	38.9     	259   	38.2       	7.5        	15083     	-76.6
3122      	17:52:30  	128.3 	-59.7 	8     	39.0     	259   	38.2       	7.7        	15090     	-76.6
3124      	17:52:32  	128.2 	-59.7 	8     	39.0     	258   	38.2       	7.9        	15097     	-76.7
3126      	17:52:34  	128.0 	-59.7 	8     	39.1     	258   	38.2       	8.2        	15104     	-76.7
3128      	17:52:36  	127.9 	-59.7 	8     	39.1     	258   	38.2       	8.4        	15111     	-76.7
3130      	17:52:38  	127.7 	-59.7 	8     	39.0     	257   	38.1       	8.5        	15118     	-76.7
3132      	17:52:40  	127.6 	-59.7 	8     	39.0     	257   	38.0       	8.6        	15125     	-76.8
3134      	17:52:42  	127.5 	-59.7 	8     	38.9     	257   	37.9       	8.8        	15131     	-76.8
3136      	17:52:44  	127.3 	-59.7 	8     	39.1     	257   	38.0       	9.0        	15139     	-76.8
3138      	17:52:46  	127.2 	-59.7 	8     	39.1     	256   	38.0       	9.3        	15146     	-76.8
3140      	17:52:48  	127.0 	-59.7 	8     	39.3     	256   	38.1       	9.6        	15153     	-76.8
3142      	17:52:50  	126.9 	-59.7 	8     	39.4     	256   	38.2       	9.8        	15160     	-76.8
3144      	17:52:52  	126.7 	-59.7 	8     	39.7     	256   	38.4       	9.9        	15166     	-76.9
3146      	17:52:54  	126.6 	-59.7 	8     	39.8     	255   	38.5       	10.1       	15173     	-76.9
3148      	17:52:56  	126.5 	-59.7 	8     	40.0     	255   	38.7       	10.3       	15180     	-77.0
3150      	17:52:58  	126.3 	-59.7 	8     	40.3     	255   	38.9       	10.6       	15187     	-77.0
3152      	17:53:00  	126.2 	-59.7 	8     	40.7     	254   	39.2       	11.0       	15194     	-77.0
3154      	17:53:02  	126.1 	-59.7 	8     	41.0     	254   	39.4       	11.3       	15200     	-77.0
3156      	17:53:04  	125.9 	-59.7 	8     	41.1     	254   	39.5       	11.4       	15207     	-77.1
3158      	17:53:06  	125.8 	-59.7 	8     	41.3     	254   	39.6       	11.6       	15213     	-77.2
3160      	17:53:08  	125.7 	-59.7 	8     	41.3     	254   	39.6       	11.7       	15220     	-77.2
3162      	17:53:10  	125.5 	-59.7 	8     	41.4     	254   	39.7       	11.6       	15226     	-77.2
3164      	17:53:12  	125.4 	-59.7 	8     	41.4     	254   	39.7       	11.6       	15233     	-77.3
3166      	17:53:14  	125.3 	-59.7 	7     	41.3     	254   	39.7       	11.5       	15239     	-77.3
3168      	17:53:16  	125.1 	-59.6 	7     	41.3     	254   	39.7       	11.3       	15246     	-77.3
3170      	17:53:18  	125.0 	-59.6 	7     	41.1     	254   	39.6       	11.0       	15253     	-77.3
3172      	17:53:20  	124.9 	-59.6 	7     	40.9     	255   	39.5       	10.8       	15261     	-77.3
3174      	17:53:22  	124.7 	-59.5 	7     	40.7     	255   	39.4       	10.4       	15268     	-77.3
3176      	17:53:24  	124.6 	-59.5 	7     	40.5     	256   	39.3       	9.8        	15275     	-77.3
3178      	17:53:26  	124.4 	-59.5 	7     	40.2     	257   	39.1       	9.2        	15282     	-77.3
3180      	17:53:28  	124.3 	-59.5 	7     	39.9     	258   	39.0       	8.6        	15289     	-77.4
3182      	17:53:30  	124.1 	-59.4 	7     	39.8     	258   	38.9       	8.3        	15296     	-77.4
3184      	17:53:32  	124.0 	-59.4 	7     	39.6     	258   	38.8       	8.0        	15303     	-77.4
3186      	17:53:34  	123.9 	-59.4 	7     	39.4     	259   	38.7       	7.6        	15311     	-77.4
3188      	17:53:36  	123.7 	-59.4 	7     	39.2     	260   	38.6       	7.1        	15318     	-77.5
3190      	17:53:38  	123.6 	-59.4 	7     	39.0     	260   	38.5       	6.5        	15326     	-77.5
3192      	17:53:40  	123.4 	-59.4 	7     	38.9     	261   	38.4       	6.0        	15334     	-77.5
3194      	17:53:42  	123.3 	-59.3 	7     	38.7     	262   	38.3       	5.7        	15341     	-77.5
3196      	17:53:44  	123.1 	-59.3 	7     	38.6     	262   	38.2       	5.5        	15349     	-77.5
3198      	17:53:46  	123.0 	-59.3 	7     	38.6     	262   	38.2       	5.3        	15356     	-77.5
3200      	17:53:48  	122.8 	-59.3 	7     	38.5     	263   	38.2       	5.0        	15364     	-77.5
3202      	17:53:50  	122.7 	-59.3 	7     	38.4     	263   	38.1       	4.6        	15372     	-77.5
3204      	17:53:52  	122.5 	-59.3 	7     	38.2     	264   	38.0       	4.2        	15379     	-77.5
3206      	17:53:54  	122.3 	-59.3 	7     	38.2     	264   	38.0       	3.9        	15387     	-77.5
3208      	17:53:56  	122.2 	-59.3 	7     	38.1     	264   	37.9       	3.7        	15395     	-77.5
3210      	17:53:58  	122.0 	-59.3 	7     	38.1     	265   	37.9       	3.6        	15403     	-77.5
3212      	17:54:00  	121.9 	-59.3 	7     	38.0     	265   	37.8       	3.4        	15411     	-77.5
3214      	17:54:02  	121.7 	-59.3 	7     	37.6     	265   	37.5       	3.3        	15420     	-77.5
3216      	17:54:04  	121.6 	-59.3 	7     	37.3     	265   	37.2       	3.1        	15428     	-77.6
3218      	17:54:06  	121.4 	-59.3 	7     	37.1     	265   	37.0       	3.0        	15436     	-77.6
3220      	17:54:08  	121.2 	-59.3 	7     	36.8     	265   	36.7       	2.9        	15445     	-77.6
3222      	17:54:10  	121.1 	-59.3 	7     	36.6     	265   	36.5       	2.9        	15454     	-77.6
3224      	17:54:12  	120.9 	-59.3 	7     	36.3     	265   	36.2       	3.0        	15462     	-77.6
3226      	17:54:14  	120.7 	-59.3 	7     	35.7     	265   	35.6       	3.2        	15471     	-77.7
3228      	17:54:16  	120.5 	-59.3 	7     	35.2     	264   	35.0       	3.5        	15480     	-77.7
3230      	17:54:18  	120.4 	-59.3 	7     	34.5     	264   	34.3       	3.8        	15489     	-77.8
3232      	17:54:20  	120.2 	-59.3 	7     	34.0     	263   	33.8       	4.0        	15498     	-77.8
3234      	17:54:22  	120.0 	-59.3 	6     	33.7     	263   	33.4       	4.3        	15507     	-77.9
3236      	17:54:24  	119.9 	-59.3 	6     	33.4     	262   	33.1       	4.5        	15515     	-77.9
3238      	17:54:26  	119.7 	-59.2 	6     	33.0     	262   	32.6       	4.8        	15524     	-78.0
3240      	17:54:28  	119.5 	-59.2 	6     	32.4     	261   	32.0       	5.0        	15533     	-78.1
3242      	17:54:30  	119.4 	-59.2 	6     	31.8     	261   	31.4       	5.2        	15542     	-78.1
3244      	17:54:32  	119.2 	-59.2 	6     	31.4     	260   	30.9       	5.5        	15551     	-78.1
3246      	17:54:34  	119.0 	-59.2 	6     	31.1     	260   	30.6       	5.5        	15560     	-78.1
3248      	17:54:36  	118.9 	-59.2 	6     	30.9     	260   	30.4       	5.4        	15569     	-78.1
3250      	17:54:38  	118.7 	-59.2 	6     	30.6     	260   	30.1       	5.5        	15578     	-78.1
3252      	17:54:40  	118.5 	-59.3 	6     	30.2     	259   	29.7       	5.7        	15587     	-78.1
3254      	17:54:42  	118.3 	-59.3 	6     	29.8     	258   	29.2       	6.0        	15598     	-78.2
3256      	17:54:44  	118.1 	-59.3 	6     	29.4     	258   	28.7       	6.2        	15608     	-78.2
3258      	17:54:46  	117.9 	-59.3 	6     	29.1     	257   	28.4       	6.4        	15618     	-78.3
3260      	17:54:48  	117.7 	-59.3 	6     	28.9     	257   	28.1       	6.7        	15628     	-78.4
3262      	17:54:50  	117.6 	-59.4 	6     	28.7     	256   	27.9       	6.9        	15638     	-78.4
3264      	17:54:52  	117.4 	-59.4 	6     	28.5     	255   	27.5       	7.3        	15648     	-78.4
3266      	17:54:54  	117.2 	-59.5 	6     	28.1     	254   	27.0       	7.9        	15658     	-78.5
3268      	17:54:56  	117.0 	-59.5 	6     	27.7     	252   	26.4       	8.5        	15668     	-78.5
3270      	17:54:58  	116.8 	-59.5 	6     	27.5     	251   	26.0       	9.0        	15678     	-78.6
3272      	17:55:00  	116.6 	-59.6 	6     	27.3     	250   	25.7       	9.3        	15688     	-78.6
3274      	17:55:02  	116.4 	-59.7 	6     	27.2     	249   	25.4       	9.7        	15699     	-78.6
3276      	17:55:04  	116.2 	-59.7 	6     	27.0     	248   	25.1       	10.0       	15709     	-78.7
3278      	17:55:06  	116.0 	-59.8 	6     	26.9     	247   	24.7       	10.6       	15721     	-78.7
3280      	17:55:08  	115.8 	-59.9 	6     	26.7     	245   	24.2       	11.2       	15732     	-78.8
3282      	17:55:10  	115.6 	-59.9 	6     	26.6     	244   	23.8       	11.8       	15743     	-78.9
3284      	17:55:12  	115.4 	-60.0 	6     	26.5     	243   	23.5       	12.2       	15754     	-78.9
3286      	17:55:14  	115.2 	-60.1 	6     	26.5     	242   	23.4       	12.5       	15764     	-79.0
3288      	17:55:16  	115.0 	-60.1 	6     	26.4     	241   	23.2       	12.7       	15775     	-79.0
3290      	17:55:18  	114.8 	-60.2 	6     	26.5     	240   	23.0       	13.1       	15786     	-79.1
3292      	17:55:20  	114.6 	-60.2 	6     	26.5     	239   	22.8       	13.5       	15796     	-79.2
3294      	17:55:22  	114.4 	-60.2 	6     	26.6     	239   	22.7       	13.9       	15807     	-79.2
3296      	17:55:24  	114.2 	-60.3 	6     	26.7     	237   	22.5       	14.4       	15818     	-79.3
3298      	17:55:26  	114.0 	-60.3 	6     	26.8     	237   	22.5       	14.6       	15828     	-79.3
3300      	17:55:28  	113.8 	-60.4 	6     	26.8     	237   	22.4       	14.8       	15839     	-79.4
3302      	17:55:30  	113.6 	-60.4 	6     	27.0     	236   	22.4       	15.0       	15850     	-79.5
3304      	17:55:32  	113.4 	-60.4 	6     	27.1     	236   	22.4       	15.2       	15861     	-79.6
3306      	17:55:34  	113.2 	-60.5 	6     	27.2     	235   	22.4       	15.5       	15871     	-79.6
3308      	17:55:36  	113.0 	-60.5 	6     	27.4     	235   	22.4       	15.8       	15882     	-79.7
3310      	17:55:38  	112.8 	-60.5 	6     	27.5     	234   	22.4       	16.0       	15893     	-79.7
3312      	17:55:40  	112.7 	-60.6 	6     	27.6     	234   	22.4       	16.1       	15903     	-79.8
3314      	17:55:42  	112.5 	-60.6 	6     	27.6     	234   	22.4       	16.2       	15914     	-79.8
3316      	17:55:44  	112.3 	-60.6 	6     	27.7     	234   	22.5       	16.2       	15925     	-79.9
3318      	17:55:46  	112.1 	-60.6 	6     	27.6     	235   	22.5       	16.0       	15936     	-79.9
3320      	17:55:48  	111.9 	-60.7 	6     	27.6     	235   	22.6       	15.8       	15946     	-79.9
3322      	17:55:50  	111.7 	-60.7 	6     	27.5     	235   	22.6       	15.7       	15958     	-79.9
3324      	17:55:52  	111.5 	-60.7 	6     	27.4     	236   	22.7       	15.4       	15969     	-80.0
3326      	17:55:54  	111.3 	-60.7 	6     	27.3     	236   	22.7       	15.2       	15980     	-80.0
3328      	17:55:56  	111.1 	-60.8 	5     	27.2     	237   	22.8       	14.9       	15992     	-80.1
3330      	17:55:58  	110.9 	-60.8 	5     	27.1     	238   	22.9       	14.4       	16003     	-80.1
3332      	17:56:00  	110.7 	-60.8 	5     	26.9     	239   	23.0       	13.9       	16015     	-80.2
3334      	17:56:02  	110.5 	-60.8 	5     	26.7     	240   	23.1       	13.3       	16026     	-80.3
3336      	17:56:04  	110.3 	-60.8 	5     	26.6     	241   	23.2       	13.0       	16037     	-80.4
3338      	17:56:06  	110.1 	-60.8 	5     	26.5     	241   	23.3       	12.7       	16048     	-80.4
3340      	17:56:08  	109.9 	-60.8 	5     	26.5     	242   	23.4       	12.4       	16059     	-80.5
3342      	17:56:10  	109.7 	-60.9 	5     	26.5     	243   	23.6       	12.0       	16070     	-80.6
3344      	17:56:12  	109.5 	-60.9 	5     	26.3     	244   	23.7       	11.4       	16081     	-80.6
3346      	17:56:14  	109.3 	-60.9 	5     	26.2     	246   	23.9       	10.8       	16093     	-80.6
3348      	17:56:16  	109.1 	-60.9 	5     	26.1     	247   	24.0       	10.2       	16104     	-80.6
3350      	17:56:18  	108.9 	-60.9 	5     	26.1     	248   	24.1       	9.9        	16115     	-80.7
3352      	17:56:20  	108.7 	-60.9 	5     	26.0     	248   	24.2       	9.6        	16125     	-80.7
3354      	17:56:22  	108.5 	-60.9 	5     	25.9     	249   	24.2       	9.3        	16136     	-80.7
3356      	17:56:24  	108.3 	-60.9 	5     	25.7     	250   	24.1       	8.8        	16147     	-80.7
3358      	17:56:26  	108.1 	-60.9 	5     	25.3     	251   	23.9       	8.4        	16157     	-80.8
3360      	17:56:28  	108.0 	-60.9 	5     	25.0     	251   	23.7       	8.0        	16168     	-80.8
3362      	17:56:30  	107.8 	-61.0 	5     	24.9     	252   	23.6       	7.8        	16179     	-80.8
3364      	17:56:32  	107.6 	-61.0 	5     	24.5     	252   	23.3       	7.7        	16189     	-80.9
3366      	17:56:34  	107.4 	-61.0 	5     	24.3     	252   	23.1       	7.6        	16200     	-80.9
3368      	17:56:36  	107.2 	-61.0 	5     	24.0     	252   	22.8       	7.6        	16210     	-81.0
3370      	17:56:38  	107.0 	-61.0 	5     	23.7     	251   	22.5       	7.6        	16221     	-81.0
3372      	17:56:40  	106.9 	-61.0 	5     	23.5     	251   	22.2       	7.6        	16231     	-81.0
3374      	17:56:42  	106.7 	-61.1 	5     	23.2     	251   	21.9       	7.6        	16242     	-81.1
3376      	17:56:44  	106.5 	-61.1 	5     	23.1     	251   	21.8       	7.7        	16253     	-81.1
3378      	17:56:46  	106.3 	-61.1 	5     	23.1     	250   	21.7       	7.8        	16264     	-81.2
3380      	17:56:48  	106.1 	-61.2 	5     	23.0     	250   	21.6       	7.9        	16274     	-81.3
3382      	17:56:50  	105.9 	-61.2 	5     	22.9     	249   	21.4       	8.1        	16285     	-81.3
3384      	17:56:52  	105.8 	-61.3 	5     	22.9     	249   	21.3       	8.3        	16295     	-81.4
3386      	17:56:54  	105.6 	-61.4 	5     	22.8     	248   	21.2       	8.5        	16306     	-81.4
3388      	17:56:56  	105.4 	-61.4 	5     	22.8     	248   	21.1       	8.7        	16316     	-81.5
3390      	17:56:58  	105.2 	-61.5 	5     	22.9     	247   	21.1       	8.8        	16327     	-81.5
3392      	17:57:00  	105.1 	-61.6 	5     	22.9     	247   	21.1       	8.9        	16337     	-81.6
3394      	17:57:02  	104.9 	-61.7 	5     	23.0     	247   	21.1       	9.1        	16347     	-81.7
3396      	17:57:04  	104.7 	-61.8 	5     	22.9     	246   	21.0       	9.2        	16357     	-81.7
3398      	17:57:06  	104.6 	-61.8 	5     	23.0     	246   	21.0       	9.4        	16367     	-81.8
3400      	17:57:08  	104.4 	-61.9 	5     	23.0     	246   	21.0       	9.5        	16377     	-81.8
3402      	17:57:10  	104.2 	-62.0 	5     	23.1     	245   	21.0       	9.6        	16387     	-81.9
3404      	17:57:12  	104.1 	-62.1 	5     	23.1     	245   	21.0       	9.7        	16397     	-82.0
3406      	17:57:14  	103.9 	-62.1 	5     	23.3     	245   	21.1       	9.8        	16406     	-82.1
3408      	17:57:16  	103.7 	-62.2 	5     	23.5     	245   	21.3       	10.0       	16416     	-82.1
3410      	17:57:18  	103.6 	-62.3 	5     	23.9     	245   	21.6       	10.2       	16425     	-82.1
3412      	17:57:20  	103.4 	-62.3 	5     	24.2     	244   	21.8       	10.4       	16435     	-82.2
3414      	17:57:22  	103.2 	-62.4 	5     	24.4     	244   	22.0       	10.5       	16444     	-82.3
3416      	17:57:24  	103.1 	-62.4 	5     	24.6     	244   	22.2       	10.6       	16454     	-82.4
3418      	17:57:26  	102.9 	-62.5 	5     	24.9     	244   	22.4       	10.8       	16463     	-82.4
3420      	17:57:28  	102.8 	-62.6 	5     	25.2     	244   	22.7       	11.0       	16473     	-82.5
3422      	17:57:30  	102.6 	-62.6 	5     	25.5     	244   	23.0       	11.1       	16482     	-82.6
3424      	17:57:32  	102.5 	-62.7 	5     	25.8     	244   	23.2       	11.3       	16491     	-82.7
3426      	17:57:34  	102.3 	-62.7 	5     	26.0     	244   	23.4       	11.4       	16500     	-82.7
3428      	17:57:36  	102.2 	-62.8 	5     	26.1     	244   	23.5       	11.4       	16508     	-82.8
3430      	17:57:38  	102.0 	-62.8 	5     	26.3     	244   	23.6       	11.5       	16517     	-82.9
3432      	17:57:40  	101.9 	-62.9 	5     	26.3     	244   	23.7       	11.5       	16526     	-83.0
3434      	17:57:42  	101.7 	-62.9 	4     	26.6     	244   	23.9       	11.6       	16534     	-83.0
3436      	17:57:44  	101.6 	-62.9 	4     	26.7     	244   	24.1       	11.6       	16543     	-83.1
3438      	17:57:46  	101.5 	-63.0 	4     	27.0     	244   	24.3       	11.7       	16552     	-83.1
3440      	17:57:48  	101.3 	-63.0 	4     	27.1     	244   	24.4       	11.7       	16560     	-83.2
3442      	17:57:50  	101.2 	-63.0 	4     	27.1     	244   	24.4       	11.7       	16569     	-83.3
3444      	17:57:52  	101.0 	-63.1 	4     	27.2     	244   	24.5       	11.7       	16577     	-83.3
3446      	17:57:54  	100.9 	-63.1 	4     	27.5     	245   	24.9       	11.7       	16586     	-83.4
3448      	17:57:56  	100.8 	-63.1 	4     	27.8     	245   	25.2       	11.7       	16594     	-83.4
3450      	17:57:58  	100.6 	-63.1 	4     	28.0     	246   	25.5       	11.6       	16602     	-83.4
3452      	17:58:00  	100.5 	-63.2 	4     	28.3     	246   	25.8       	11.6       	16610     	-83.5
3454      	17:58:02  	100.4 	-63.2 	4     	28.4     	246   	26.0       	11.5       	16618     	-83.5
3456      	17:58:04  	100.2 	-63.3 	4     	28.7     	246   	26.3       	11.5       	16626     	-83.6
3458      	17:58:06  	100.1 	-63.3 	4     	28.9     	247   	26.6       	11.3       	16634     	-83.6
3460      	17:58:08  	100.0 	-63.3 	4     	29.3     	248   	27.1       	11.1       	16642     	-83.6
3462      	17:58:10  	99.9  	-63.3 	4     	29.7     	248   	27.6       	10.9       	16650     	-83.7
3464      	17:58:12  	99.7  	-63.4 	4     	30.1     	249   	28.1       	10.7       	16658     	-83.7
3466      	17:58:14  	99.6  	-63.4 	4     	30.2     	249   	28.3       	10.6       	16666     	-83.7
3468      	17:58:16  	99.5  	-63.4 	4     	30.3     	250   	28.5       	10.4       	16673     	-83.8
3470      	17:58:18  	99.4  	-63.4 	4     	30.6     	250   	28.8       	10.3       	16681     	-83.8
3472      	17:58:20  	99.2  	-63.4 	4     	31.0     	251   	29.3       	10.1       	16688     	-83.8
3474      	17:58:22  	99.1  	-63.5 	4     	31.3     	252   	29.7       	9.8        	16695     	-83.9
3476      	17:58:24  	99.0  	-63.5 	4     	31.7     	252   	30.2       	9.6        	16702     	-83.9
3478      	17:58:26  	98.9  	-63.5 	4     	32.0     	253   	30.6       	9.5        	16709     	-83.9
3480      	17:58:28  	98.8  	-63.5 	4     	32.2     	253   	30.8       	9.4        	16716     	-84.0
3482      	17:58:30  	98.7  	-63.4 	4     	32.4     	253   	31.0       	9.3        	16722     	-84.0
3484      	17:58:32  	98.6  	-63.4 	4     	32.7     	254   	31.4       	9.1        	16729     	-84.1
3486      	17:58:34  	98.5  	-63.4 	4     	33.0     	255   	31.8       	8.8        	16736     	-84.1
3488      	17:58:36  	98.4  	-63.3 	4     	33.3     	255   	32.2       	8.5        	16743     	-84.1
3490      	17:58:38  	98.3  	-63.3 	4     	33.6     	256   	32.6       	8.3        	16750     	-84.1
3492      	17:58:40  	98.1  	-63.3 	4     	33.8     	256   	32.8       	8.1        	16756     	-84.2
3494      	17:58:42  	98.0  	-63.2 	4     	33.9     	257   	33.0       	7.9        	16762     	-84.2
3496      	17:58:44  	97.9  	-63.2 	4     	34.1     	257   	33.2       	7.6        	16769     	-84.2
3498      	17:58:46  	97.8  	-63.1 	4     	34.1     	258   	33.4       	6.9        	16775     	-84.2
3500      	17:58:48  	97.7  	-63.0 	4     	34.2     	260   	33.6       	6.2        	16782     	-84.2
3502      	17:58:50  	97.6  	-63.0 	4     	34.3     	261   	33.9       	5.4        	16788     	-84.2
3504      	17:58:52  	97.5  	-62.9 	4     	34.3     	262   	34.0       	4.8        	16794     	-84.2
3506      	17:58:54  	97.4  	-62.8 	4     	34.3     	263   	34.0       	4.3        	16800     	-84.2
3508      	17:58:56  	97.4  	-62.8 	4     	34.3     	264   	34.1       	3.7        	16806     	-84.2
3510      	17:58:58  	97.3  	-62.7 	4     	34.1     	265   	34.0       	2.9        	16812     	-84.2
3512      	17:59:00  	97.2  	-62.6 	4     	33.9     	267   	33.8       	2.0        	16818     	-84.3
3514      	17:59:02  	97.1  	-62.5 	3     	33.6     	268   	33.6       	1.0        	16824     	-84.3
3516      	17:59:04  	97.0  	-62.5 	3     	33.5     	270   	33.5       	0.0        	16830     	-84.3
3518      	17:59:06  	96.9  	-62.4 	3     	33.2     	271   	33.2       	-0.4       	16837     	-84.3
3520      	17:59:08  	96.8  	-62.3 	3     	33.0     	271   	33.0       	-0.8       	16843     	-84.2
3522      	17:59:10  	96.7  	-62.3 	3     	32.8     	272   	32.8       	-1.3       	16850     	-84.2
3524      	17:59:12  	96.6  	-62.2 	3     	32.4     	274   	32.3       	-2.0       	16856     	-84.2
3526      	17:59:14  	96.5  	-62.1 	3     	32.0     	275   	31.9       	-2.7       	16863     	-84.2
3528      	17:59:16  	96.4  	-62.1 	3     	31.6     	276   	31.4       	-3.4       	16869     	-84.2
3530      	17:59:18  	96.3  	-62.0 	3     	31.3     	277   	31.1       	-3.8       	16875     	-84.1
3532      	17:59:20  	96.2  	-62.0 	3     	31.2     	278   	30.9       	-4.1       	16882     	-84.1
3534      	17:59:22  	96.1  	-61.9 	3     	31.0     	278   	30.7       	-4.3       	16888     	-84.1
3536      	17:59:24  	96.0  	-61.9 	3     	30.6     	279   	30.2       	-4.7       	16895     	-84.1
3538      	17:59:26  	95.9  	-61.9 	3     	30.1     	280   	29.7       	-5.1       	16901     	-84.1
3540      	17:59:28  	95.8  	-61.8 	3     	29.6     	281   	29.1       	-5.6       	16908     	-84.1
3542      	17:59:30  	95.6  	-61.8 	3     	29.1     	282   	28.5       	-6.0       	16915     	-84.1
3544      	17:59:32  	95.5  	-61.8 	3     	28.9     	282   	28.2       	-6.2       	16922     	-84.2
3546      	17:59:34  	95.4  	-61.7 	3     	28.5     	283   	27.8       	-6.4       	16929     	-84.2
3548      	17:59:36  	95.3  	-61.7 	3     	28.2     	284   	27.4       	-6.6       	16936     	-84.2
3550      	17:59:38  	95.2  	-61.7 	3     	27.6     	284   	26.7       	-6.8       	16944     	-84.2
3552      	17:59:40  	95.1  	-61.7 	3     	26.9     	285   	25.9       	-7.1       	16951     	-84.3
3554      	17:59:42  	95.0  	-61.6 	3     	26.2     	286   	25.2       	-7.3       	16958     	-84.3
3556      	17:59:44  	94.9  	-61.6 	3     	25.8     	287   	24.7       	-7.4       	16965     	-84.3
3558      	17:59:46  	94.8  	-61.6 	3     	25.4     	287   	24.3       	-7.5       	16973     	-84.3
3560      	17:59:48  	94.6  	-61.5 	3     	25.0     	287   	23.9       	-7.5       	16980     	-84.3
3562      	17:59:50  	94.5  	-61.5 	3     	24.5     	288   	23.3       	-7.5       	16988     	-84.3
3564      	17:59:52  	94.4  	-61.5 	3     	23.8     	288   	22.6       	-7.4       	16996     	-84.3
3566      	17:59:54  	94.3  	-61.5 	3     	23.1     	288   	21.9       	-7.3       	17003     	-84.3
3568      	17:59:56  	94.2  	-61.5 	3     	22.5     	289   	21.3       	-7.2       	17011     	-84.3
3570      	17:59:58  	94.1  	-61.5 	3     	22.1     	288   	21.0       	-7.0       	17018     	-84.2
3572      	18:00:00  	93.9  	-61.4 	3     	21.8     	288   	20.7       	-6.9       	17026     	-84.2
3574      	18:00:02  	93.8  	-61.4 	3     	21.3     	288   	20.3       	-6.6       	17033     	-84.2
3576      	18:00:04  	93.7  	-61.4 	3     	20.9     	288   	19.9       	-6.3       	17042     	-84.2
3578      	18:00:06  	93.6  	-61.4 	3     	20.4     	287   	19.5       	-5.9       	17050     	-84.2
3580      	18:00:08  	93.5  	-61.4 	3     	19.9     	286   	19.1       	-5.5       	17058     	-84.2
3582      	18:00:10  	93.3  	-61.4 	3     	19.7     	286   	19.0       	-5.3       	17067     	-84.2
3584      	18:00:12  	93.2  	-61.4 	3     	19.6     	285   	18.9       	-5.1       	17075     	-84.2
3586      	18:00:14  	93.1  	-61.4 	3     	19.4     	285   	18.8       	-4.9       	17084     	-84.2
3588      	18:00:16  	92.9  	-61.4 	3     	18.9     	284   	18.4       	-4.5       	17092     	-84.2
3590      	18:00:18  	92.8  	-61.3 	3     	18.6     	283   	18.1       	-4.1       	17101     	-84.2
3592      	18:00:20  	92.7  	-61.3 	3     	18.1     	282   	17.7       	-3.8       	17109     	-84.2
3594      	18:00:22  	92.6  	-61.3 	3     	17.7     	281   	17.4       	-3.5       	17117     	-84.2
3596      	18:00:24  	92.4  	-61.3 	3     	17.5     	281   	17.2       	-3.4       	17126     	-84.2
3598      	18:00:26  	92.3  	-61.3 	3     	17.2     	281   	16.9       	-3.3       	17134     	-84.3
3600      	18:00:28  	92.2  	-61.3 	3     	16.9     	281   	16.6       	-3.1       	17143     	-84.3
3602      	18:00:30  	92.1  	-61.3 	3     	16.6     	280   	16.3       	-2.9       	17151     	-84.4
3604      	18:00:32  	92.0  	-61.3 	3     	16.3     	280   	16.1       	-2.8       	17159     	-84.4
3606      	18:00:34  	91.8  	-61.2 	3     	16.0     	279   	15.8       	-2.6       	17167     	-84.4
3608      	18:00:36  	91.7  	-61.2 	3     	16.0     	279   	15.8       	-2.6       	17175     	-84.4
3610      	18:00:38  	91.6  	-61.2 	3     	15.9     	279   	15.7       	-2.5       	17183     	-84.4
3612      	18:00:40  	91.5  	-61.2 	3     	15.9     	279   	15.7       	-2.4       	17191     	-84.5
3614      	18:00:42  	91.4  	-61.2 	3     	15.7     	278   	15.6       	-2.1       	17199     	-84.5
3616      	18:00:44  	91.3  	-61.1 	3     	15.6     	277   	15.5       	-1.8       	17207     	-84.5
3618      	18:00:46  	91.1  	-61.1 	3     	15.4     	275   	15.3       	-1.4       	17214     	-84.5
3620      	18:00:48  	91.0  	-61.1 	3     	15.2     	274   	15.2       	-1.1       	17223     	-84.5
3622      	18:00:50  	90.9  	-61.1 	3     	15.2     	273   	15.2       	-0.8       	17231     	-84.6
3624      	18:00:52  	90.8  	-61.1 	3     	15.1     	272   	15.1       	-0.5       	17239     	-84.6
3626      	18:00:54  	90.6  	-61.2 	3     	14.8     	271   	14.8       	-0.2       	17250     	-84.6
3628      	18:00:56  	90.5  	-61.2 	3     	14.4     	269   	14.4       	0.3        	17260     	-84.6
3630      	18:00:58  	90.3  	-61.2 	3     	14.1     	267   	14.1       	0.7        	17271     	-84.6
3632      	18:01:00  	90.1  	-61.2 	3     	13.8     	265   	13.7       	1.2        	17281     	-84.6
3634      	18:01:02  	90.0  	-61.2 	3     	13.5     	264   	13.4       	1.3        	17292     	-84.7
3636      	18:01:04  	89.8  	-61.2 	3     	13.2     	263   	13.1       	1.5        	17304     	-84.7
3638      	18:01:06  	89.6  	-61.3 	3     	12.9     	263   	12.8       	1.6        	17317     	-84.7
3640      	18:01:08  	89.4  	-61.3 	3     	12.3     	262   	12.2       	1.8        	17329     	-84.8
3642      	18:01:10  	89.3  	-61.4 	3     	11.7     	260   	11.5       	2.0        	17344     	-84.8
3644      	18:01:12  	89.0  	-61.4 	3     	11.1     	259   	10.9       	2.2        	17359     	-84.9
3646      	18:01:14  	88.8  	-61.4 	3     	10.7     	258   	10.4       	2.3        	17374     	-84.9
3648      	18:01:16  	88.6  	-61.5 	3     	10.4     	257   	10.1       	2.4        	17387     	-85.0
3650      	18:01:18  	88.5  	-61.5 	3     	10.0     	256   	9.7        	2.4        	17399     	-85.1
3652      	18:01:20  	88.3  	-61.5 	3     	9.5      	254   	9.1        	2.6        	17412     	-85.2
3654      	18:01:22  	88.1  	-61.6 	3     	8.8      	250   	8.3        	3.0        	17425     	-85.3
3656      	18:01:24  	87.9  	-61.6 	3     	8.1      	245   	7.4        	3.4        	17438     	-85.3
3658      	18:01:26  	87.7  	-61.6 	3     	7.7      	240   	6.7        	3.8        	17450     	-85.4
3660      	18:01:28  	87.6  	-61.7 	2     	7.4      	237   	6.2        	4.1        	17462     	-85.5
3662      	18:01:30  	87.4  	-61.7 	2     	7.2      	232   	5.7        	4.4        	17473     	-85.5
3664      	18:01:32  	87.3  	-61.7 	2     	7.2      	228   	5.3        	4.8        	17484     	-85.6
3666      	18:01:34  	87.1  	-61.7 	2     	7.2      	225   	5.1        	5.1        	17494     	-85.6
3668      	18:01:36  	87.0  	-61.7 	2     	7.4      	222   	4.9        	5.5        	17504     	-85.6
3670      	18:01:38  	86.8  	-61.7 	2     	7.5      	219   	4.7        	5.9        	17515     	-85.7
3672      	18:01:40  	86.7  	-61.6 	2     	7.8      	218   	4.8        	6.1        	17526     	-85.7
3674      	18:01:42  	86.5  	-61.6 	2     	8.0      	220   	5.1        	6.1        	17537     	-85.7
3676      	18:01:44  	86.4  	-61.6 	2     	8.2      	221   	5.3        	6.2        	17548     	-85.7
3678      	18:01:46  	86.2  	-61.6 	2     	8.6      	224   	6.0        	6.2        	17560     	-85.7
3680      	18:01:48  	86.0  	-61.6 	2     	9.2      	229   	6.9        	6.1        	17572     	-85.7
3682      	18:01:50  	85.9  	-61.5 	2     	9.9      	232   	7.8        	6.1        	17583     	-85.7
3684      	18:01:52  	85.7  	-61.5 	2     	10.6     	235   	8.7        	6.0        	17594     	-85.7
3686      	18:01:54  	85.6  	-61.5 	2     	11.0     	238   	9.3        	5.9        	17604     	-85.7
3688      	18:01:56  	85.5  	-61.5 	2     	11.6     	240   	10.0       	5.8        	17614     	-85.7
3690      	18:01:58  	85.3  	-61.5 	2     	12.0     	242   	10.6       	5.7        	17623     	-85.7
3692      	18:02:00  	85.2  	-61.4 	2     	12.6     	244   	11.3       	5.6        	17633     	-85.6
3694      	18:02:02  	85.0  	-61.4 	2     	13.2     	246   	12.0       	5.4        	17643     	-85.6
3696      	18:02:04  	84.9  	-61.4 	2     	13.7     	248   	12.7       	5.2        	17653     	-85.6
3698      	18:02:06  	84.8  	-61.4 	2     	14.0     	249   	13.0       	5.1        	17663     	-85.6
3700      	18:02:08  	84.6  	-61.4 	2     	13.9     	249   	13.0       	5.0        	17672     	-85.6
3702      	18:02:10  	84.5  	-61.3 	2     	14.0     	249   	13.1       	4.9        	17682     	-85.5
3704      	18:02:12  	84.4  	-61.3 	2     	14.0     	250   	13.2       	4.8        	17691     	-85.5
3706      	18:02:14  	84.3  	-61.4 	2     	14.1     	251   	13.3       	4.7        	17700     	-85.5
3708      	18:02:16  	84.1  	-61.4 	2     	14.2     	251   	13.4       	4.6        	17710     	-85.6
3710      	18:02:18  	84.0  	-61.4 	2     	14.1     	251   	13.4       	4.5        	17720     	-85.6
3712      	18:02:20  	83.9  	-61.4 	2     	14.2     	252   	13.5       	4.5        	17730     	-85.6
3714      	18:02:22  	83.7  	-61.5 	2     	14.2     	252   	13.5       	4.4        	17739     	-85.7
3716      	18:02:24  	83.6  	-61.5 	2     	14.3     	252   	13.6       	4.4        	17749     	-85.7
3718      	18:02:26  	83.5  	-61.5 	2     	14.4     	253   	13.8       	4.2        	17758     	-85.8
3720      	18:02:28  	83.3  	-61.6 	2     	14.5     	254   	13.9       	4.0        	17768     	-85.8
3722      	18:02:30  	83.2  	-61.7 	2     	14.5     	255   	14.0       	3.8        	17778     	-85.9
3724      	18:02:32  	83.1  	-61.7 	2     	14.6     	256   	14.1       	3.6        	17787     	-85.9
3726      	18:02:34  	83.0  	-61.8 	2     	14.6     	256   	14.2       	3.5        	17797     	-86.0
3728      	18:02:36  	82.8  	-61.8 	2     	14.7     	257   	14.3       	3.3        	17806     	-86.0
3730      	18:02:38  	82.7  	-61.8 	2     	14.7     	257   	14.3       	3.3        	17816     	-86.1
3732      	18:02:40  	82.6  	-61.9 	2     	14.7     	257   	14.3       	3.2        	17825     	-86.1
3734      	18:02:42  	82.4  	-61.9 	2     	14.6     	258   	14.3       	3.1        	17835     	-86.1
3736      	18:02:44  	82.3  	-61.9 	2     	14.5     	258   	14.2       	3.1        	17845     	-86.2
3738      	18:02:46  	82.2  	-61.9 	2     	14.5     	257   	14.1       	3.2        	17854     	-86.2
3740      	18:02:48  	82.1  	-62.0 	2     	14.4     	257   	14.0       	3.3        	17864     	-86.3
3742      	18:02:50  	81.9  	-62.0 	2     	14.3     	256   	13.9       	3.5        	17873     	-86.3
3744      	18:02:52  	81.8  	-62.0 	2     	14.1     	255   	13.6       	3.7        	17883     	-86.4
3746      	18:02:54  	81.7  	-62.0 	2     	14.0     	253   	13.4       	4.0        	17892     	-86.5
3748      	18:02:56  	81.6  	-62.1 	2     	13.9     	252   	13.2       	4.2        	17901     	-86.6
3750      	18:02:58  	81.4  	-62.1 	2     	13.8     	252   	13.1       	4.3        	17911     	-86.7
3752      	18:03:00  	81.3  	-62.1 	2     	13.8     	251   	13.0       	4.5        	17920     	-86.7
3754      	18:03:02  	81.2  	-62.1 	2     	13.7     	250   	12.9       	4.6        	17930     	-86.7
3756      	18:03:04  	81.1  	-61.9 	2     	13.8     	249   	12.9       	5.0        	17939     	-86.7
3758      	18:03:06  	80.9  	-61.9 	2     	14.0     	248   	13.0       	5.3        	17949     	-86.7
3760      	18:03:08  	80.8  	-61.9 	2     	14.2     	247   	13.0       	5.6        	17958     	-86.7
3762      	18:03:10  	80.7  	-61.9 	2     	14.3     	246   	13.1       	5.8        	17967     	-86.7
3764      	18:03:12  	80.6  	-61.8 	2     	14.5     	246   	13.2       	6.0        	17976     	-86.6
3766      	18:03:14  	80.5  	-61.8 	2     	14.7     	245   	13.3       	6.2        	17986     	-86.6
3768      	18:03:16  	80.3  	-61.7 	2     	14.8     	244   	13.4       	6.4        	17995     	-86.5
3770      	18:03:18  	80.2  	-61.7 	2     	15.1     	244   	13.6       	6.5        	18004     	-86.4
3772      	18:03:20  	80.1  	-61.6 	2     	15.2     	244   	13.7       	6.6        	18013     	-86.4
3774      	18:03:22  	80.0  	-61.6 	2     	15.5     	244   	13.9       	6.8        	18022     	-86.3
3776      	18:03:24  	79.9  	-61.5 	2     	15.4     	244   	13.9       	6.7        	18031     	-86.2
3778      	18:03:26  	79.8  	-61.4 	2     	15.5     	244   	14.0       	6.7        	18040     	-86.1
3780      	18:03:28  	79.6  	-61.4 	2     	15.5     	245   	14.0       	6.6        	18049     	-86.1
3782      	18:03:30  	79.5  	-61.3 	2     	15.3     	245   	13.9       	6.4        	18057     	-86.1
3784      	18:03:32  	79.4  	-61.2 	2     	15.2     	246   	13.9       	6.2        	18066     	-86.0
3786      	18:03:34  	79.3  	-61.1 	2     	15.1     	246   	13.8       	6.1        	18074     	-86.0
3788      	18:03:36  	79.2  	-61.0 	2     	14.9     	247   	13.7       	5.9        	18082     	-86.0
3790      	18:03:38  	79.1  	-60.8 	2     	14.8     	247   	13.6       	5.8        	18091     	-86.0
3792      	18:03:40  	79.0  	-60.7 	2     	14.7     	247   	13.6       	5.7        	18099     	-85.9
3794      	18:03:42  	78.9  	-60.6 	2     	14.4     	247   	13.3       	5.6        	18108     	-85.9
3796      	18:03:44  	78.8  	-60.5 	2     	14.0     	247   	12.9       	5.5        	18117     	-85.9
3798      	18:03:46  	78.7  	-60.4 	2     	13.7     	247   	12.6       	5.4        	18126     	-85.9
3800      	18:03:48  	78.6  	-60.3 	2     	13.3     	247   	12.2       	5.3        	18135     	-85.8
3802      	18:03:50  	78.4  	-60.1 	2     	13.1     	246   	11.9       	5.4        	18143     	-85.7
3804      	18:03:52  	78.3  	-60.0 	2     	12.8     	245   	11.6       	5.4        	18152     	-85.6
3806      	18:03:54  	78.2  	-59.9 	2     	12.6     	244   	11.3       	5.5        	18161     	-85.5
3808      	18:03:56  	78.1  	-59.7 	2     	12.3     	242   	10.9       	5.8        	18170     	-85.4
3810      	18:03:58  	78.0  	-59.5 	2     	12.1     	240   	10.5       	6.1        	18179     	-85.2
3812      	18:04:00  	77.9  	-59.4 	2     	12.0     	237   	10.1       	6.5        	18187     	-85.1
3814      	18:04:02  	77.8  	-59.2 	2     	11.9     	235   	9.8        	6.8        	18196     	-85.0
3816      	18:04:04  	77.7  	-59.1 	2     	12.0     	234   	9.7        	7.1        	18205     	-84.9
3818      	18:04:06  	77.6  	-58.9 	2     	12.1     	233   	9.6        	7.3        	18214     	-84.7
3820      	18:04:08  	77.5  	-58.7 	2     	12.1     	233   	9.6        	7.3        	18223     	-84.6
3822      	18:04:10  	77.3  	-58.6 	2     	12.2     	234   	9.9        	7.2        	18232     	-84.5
3824      	18:04:12  	77.2  	-58.4 	2     	12.3     	235   	10.1       	7.0        	18240     	-84.4
3826      	18:04:14  	77.1  	-58.3 	2     	12.3     	237   	10.3       	6.7        	18249     	-84.3
3828      	18:04:16  	77.0  	-58.1 	2     	12.4     	240   	10.7       	6.3        	18257     	-84.2
3830      	18:04:18  	76.9  	-58.0 	2     	12.5     	242   	11.1       	5.8        	18266     	-84.1
3832      	18:04:20  	76.8  	-57.9 	2     	12.6     	245   	11.4       	5.3        	18275     	-84.1
3834      	18:04:22  	76.7  	-57.8 	2     	12.6     	251   	11.9       	4.2        	18283     	-84.0
3836      	18:04:24  	76.6  	-57.7 	2     	12.7     	255   	12.3       	3.2        	18292     	-83.9
3838      	18:04:26  	76.5  	-57.6 	2     	12.9     	260   	12.7       	2.2        	18300     	-83.8
3840      	18:04:28  	76.4  	-57.5 	2     	13.0     	264   	12.9       	1.4        	18308     	-83.8
3842      	18:04:30  	76.3  	-57.4 	2     	13.0     	266   	13.0       	0.8        	18317     	-83.7
3844      	18:04:32  	76.2  	-57.3 	2     	13.0     	269   	13.0       	0.3        	18325     	-83.6
3846      	18:04:34  	76.1  	-57.3 	2     	12.9     	272   	12.9       	-0.4       	18333     	-83.6
3848      	18:04:36  	76.0  	-57.2 	2     	12.7     	275   	12.6       	-1.2       	18342     	-83.5
3850      	18:04:38  	75.9  	-57.1 	2     	12.6     	279   	12.4       	-2.0       	18350     	-83.4
3852      	18:04:40  	75.8  	-57.0 	2     	12.4     	283   	12.1       	-2.7       	18358     	-83.3
3854      	18:04:42  	75.7  	-57.0 	2     	12.2     	284   	11.8       	-3.0       	18366     	-83.2
3856      	18:04:44  	75.6  	-56.9 	2     	11.9     	286   	11.5       	-3.2       	18374     	-83.1
3858      	18:04:46  	75.5  	-56.9 	2     	11.7     	287   	11.2       	-3.4       	18382     	-83.0
3860      	18:04:48  	75.4  	-56.9 	2     	11.3     	290   	10.6       	-3.9       	18390     	-83.0
3862      	18:04:50  	75.3  	-56.9 	2     	11.0     	293   	10.1       	-4.3       	18399     	-82.9
3864      	18:04:52  	75.2  	-56.9 	2     	10.6     	296   	9.5        	-4.7       	18407     	-82.9
3866      	18:04:54  	75.1  	-56.9 	2     	10.4     	299   	9.1        	-5.0       	18416     	-82.9
3868      	18:04:56  	75.0  	-56.9 	2     	10.2     	301   	8.8        	-5.2       	18425     	-82.8
3870      	18:04:58  	74.9  	-56.9 	2     	10.1     	302   	8.5        	-5.4       	18433     	-82.8
3872      	18:05:00  	74.8  	-56.9 	2     	10.0     	306   	8.1        	-5.8       	18442     	-82.8
3874      	18:05:02  	74.7  	-57.0 	2     	9.8      	309   	7.6        	-6.2       	18451     	-82.8
3876      	18:05:04  	74.6  	-57.0 	2     	9.8      	313   	7.1        	-6.7       	18460     	-82.8
3878      	18:05:06  	74.5  	-57.0 	2     	9.7      	317   	6.6        	-7.1       	18469     	-82.9
3880      	18:05:08  	74.4  	-57.1 	2     	9.8      	319   	6.4        	-7.4       	18478     	-82.9
3882      	18:05:10  	74.3  	-57.1 	2     	9.7      	321   	6.1        	-7.6       	18488     	-83.0
3884      	18:05:12  	74.2  	-57.1 	2     	9.8      	324   	5.8        	-7.9       	18497     	-83.0
3886      	18:05:14  	74.1  	-57.1 	2     	9.9      	328   	5.2        	-8.4       	18506     	-83.0
3888      	18:05:16  	74.0  	-57.2 	2     	9.9      	332   	4.6        	-8.8       	18515     	-83.1
3890      	18:05:18  	73.8  	-57.2 	2     	10.0     	337   	4.0        	-9.2       	18524     	-83.1
3892      	18:05:20  	73.7  	-57.2 	2     	10.1     	340   	3.5        	-9.5       	18534     	-83.1
3894      	18:05:22  	73.6  	-57.3 	2     	10.2     	342   	3.1        	-9.7       	18543     	-83.1
3896      	18:05:24  	73.5  	-57.3 	2     	10.3     	344   	2.8        	-9.9       	18553     	-83.0
3898      	18:05:26  	73.4  	-57.3 	2     	10.2     	347   	2.3        	-9.9       	18562     	-83.0
3900      	18:05:28  	73.3  	-57.3 	2     	10.2     	350   	1.8        	-10.0      	18572     	-82.9
3902      	18:05:30  	73.2  	-57.4 	2     	10.2     	352   	1.4        	-10.1      	18581     	-82.9
3904      	18:05:32  	73.1  	-57.4 	2     	10.1     	354   	1.0        	-10.1      	18591     	-82.9
3906      	18:05:34  	73.0  	-57.4 	2     	9.9      	355   	0.9        	-9.9       	18600     	-82.9
3908      	18:05:36  	72.9  	-57.5 	2     	9.8      	355   	0.8        	-9.8       	18610     	-82.9
3910      	18:05:38  	72.7  	-57.5 	2     	9.6      	356   	0.6        	-9.6       	18619     	-83.0
3912      	18:05:40  	72.6  	-57.5 	2     	9.3      	358   	0.4        	-9.3       	18628     	-83.0
3914      	18:05:42  	72.5  	-57.6 	2     	9.0      	359   	0.2        	-9.0       	18638     	-83.0
3916      	18:05:44  	72.4  	-57.6 	2     	8.7      	360   	0.0        	-8.7       	18647     	-83.0
3918      	18:05:46  	72.3  	-57.7 	2     	8.6      	001   	-0.2       	-8.6       	18657     	-83.0
3920      	18:05:48  	72.2  	-57.7 	2     	8.4      	001   	-0.2       	-8.4       	18666     	-83.1
3922      	18:05:50  	72.1  	-57.7 	2     	8.2      	002   	-0.3       	-8.2       	18676     	-83.1
3924      	18:05:52  	72.0  	-57.7 	2     	7.9      	004   	-0.5       	-7.9       	18685     	-83.1
3926      	18:05:54  	71.9  	-57.7 	2     	7.5      	006   	-0.8       	-7.5       	18694     	-83.1
3928      	18:05:56  	71.8  	-57.7 	2     	7.3      	008   	-1.0       	-7.2       	18704     	-83.1
3930      	18:05:58  	71.7  	-57.7 	2     	7.1      	010   	-1.2       	-7.0       	18713     	-83.1
3932      	18:06:00  	71.6  	-57.8 	2     	6.9      	012   	-1.4       	-6.8       	18723     	-83.1
3934      	18:06:02  	71.5  	-57.8 	2     	6.8      	013   	-1.5       	-6.6       	18732     	-83.1
3936      	18:06:04  	71.3  	-57.8 	2     	6.6      	015   	-1.7       	-6.4       	18741     	-83.1
3938      	18:06:06  	71.2  	-57.8 	2     	6.5      	018   	-2.0       	-6.2       	18751     	-83.1
3940      	18:06:08  	71.1  	-57.8 	2     	6.4      	021   	-2.3       	-6.0       	18760     	-83.1
3942      	18:06:10  	71.0  	-57.8 	2     	6.4      	024   	-2.6       	-5.8       	18769     	-83.1
3944      	18:06:12  	70.9  	-57.8 	2     	6.4      	025   	-2.7       	-5.8       	18778     	-83.1
3946      	18:06:14  	70.8  	-57.8 	2     	6.4      	027   	-2.9       	-5.7       	18787     	-83.1
3948      	18:06:16  	70.7  	-57.8 	2     	6.4      	028   	-3.0       	-5.7       	18797     	-83.1
3950      	18:06:18  	70.6  	-57.8 	2     	6.8      	032   	-3.6       	-5.8       	18806     	-83.1
3952      	18:06:20  	70.5  	-57.8 	2     	7.1      	035   	-4.1       	-5.8       	18816     	-83.1
3954      	18:06:22  	70.4  	-57.8 	2     	7.5      	038   	-4.6       	-5.9       	18825     	-83.1
3956      	18:06:24  	70.3  	-57.8 	2     	7.9      	040   	-5.1       	-6.0       	18835     	-83.0
3958      	18:06:26  	70.2  	-57.8 	2     	8.1      	042   	-5.4       	-6.1       	18845     	-83.0
3960      	18:06:28  	70.1  	-57.8 	2     	8.6      	043   	-5.8       	-6.3       	18855     	-82.9
3962      	18:06:30  	70.0  	-57.8 	2     	9.1      	045   	-6.5       	-6.4       	18864     	-82.9
3964      	18:06:32  	69.9  	-57.8 	2     	9.8      	048   	-7.3       	-6.6       	18874     	-82.9
3966      	18:06:34  	69.8  	-57.9 	2     	10.7     	050   	-8.2       	-6.8       	18883     	-82.9
3968      	18:06:36  	69.7  	-57.9 	2     	11.4     	052   	-9.0       	-7.0       	18892     	-82.9
3970      	18:06:38  	69.6  	-57.9 	2     	11.9     	053   	-9.5       	-7.1       	18901     	-82.9
3972      	18:06:40  	69.5  	-57.9 	2     	12.3     	055   	-10.0      	-7.1       	18911     	-82.9
3974      	18:06:42  	69.4  	-57.9 	2     	12.7     	056   	-10.5      	-7.2       	18920     	-82.9
3976      	18:06:44  	69.2  	-57.9 	2     	13.4     	057   	-11.3      	-7.2       	18930     	-82.9
3978      	18:06:46  	69.1  	-57.9 	2     	14.1     	059   	-12.1      	-7.2       	18939     	-82.9
3980      	18:06:48  	69.0  	-58.0 	2     	14.8     	061   	-12.9      	-7.2       	18949     	-82.9
3982      	18:06:50  	68.9  	-58.0 	2     	15.2     	062   	-13.4      	-7.2       	18958     	-82.9
3984      	18:06:52  	68.8  	-58.0 	2     	15.4     	063   	-13.7      	-7.1       	18968     	-82.9
3986      	18:06:54  	68.7  	-58.1 	2     	15.7     	063   	-14.0      	-7.0       	18977     	-82.9
3988      	18:06:56  	68.6  	-58.1 	2     	15.8     	065   	-14.3      	-6.8       	18987     	-82.9
3990      	18:06:58  	68.5  	-58.2 	2     	16.0     	066   	-14.6      	-6.5       	18996     	-82.9
3992      	18:07:00  	68.4  	-58.2 	2     	16.1     	067   	-14.9      	-6.2       	19005     	-83.0
3994      	18:07:02  	68.3  	-58.3 	2     	16.3     	069   	-15.2      	-5.9       	19014     	-83.0
