time_local,Isoprene,Alphapinene,Betapinene
2024-07-14 18:00:00-06:00,0.39456,,
2024-07-14 18:15:00-06:00,,,
2024-07-14 18:30:00-06:00,,,
2024-07-14 18:45:00-06:00,,,
2024-07-14 19:00:00-06:00,0.61238,,
2024-07-14 19:15:00-06:00,,,
2024-07-14 19:30:00-06:00,,,
2024-07-14 19:45:00-06:00,,,
2024-07-14 20:00:00-06:00,2.18782,,
2024-07-14 20:15:00-06:00,,,
2024-07-14 20:30:00-06:00,,,
2024-07-14 20:45:00-06:00,,,
2024-07-14 21:00:00-06:00,3.2791200000000003,,
2024-07-14 21:15:00-06:00,,,
2024-07-14 21:30:00-06:00,,,
2024-07-14 21:45:00-06:00,,,
2024-07-14 22:00:00-06:00,1.52428,,
2024-07-14 22:15:00-06:00,,,
2024-07-14 22:30:00-06:00,,,
2024-07-14 22:45:00-06:00,,,
2024-07-14 23:00:00-06:00,0.64306,,
2024-07-14 23:15:00-06:00,,,
2024-07-14 23:30:00-06:00,,,
2024-07-14 23:45:00-06:00,,,
2024-07-15 00:00:00-06:00,,,
2024-07-15 00:15:00-06:00,,,
2024-07-15 00:30:00-06:00,,,
2024-07-15 00:45:00-06:00,,,
2024-07-15 01:00:00-06:00,,,
2024-07-15 01:15:00-06:00,,,
2024-07-15 01:30:00-06:00,,,
2024-07-15 01:45:00-06:00,,,
2024-07-15 02:00:00-06:00,0.0237,,
2024-07-15 02:15:00-06:00,,,
2024-07-15 02:30:00-06:00,,,
2024-07-15 02:45:00-06:00,,,
2024-07-15 03:00:00-06:00,0.08036,,
2024-07-15 03:15:00-06:00,,,
2024-07-15 03:30:00-06:00,,,
2024-07-15 03:45:00-06:00,,,
2024-07-15 04:00:00-06:00,0.0739,,
2024-07-15 04:15:00-06:00,,,
2024-07-15 04:30:00-06:00,,,
2024-07-15 04:45:00-06:00,,,
2024-07-15 05:00:00-06:00,0.05904,,
2024-07-15 05:15:00-06:00,,,
2024-07-15 05:30:00-06:00,,,
2024-07-15 05:45:00-06:00,,,
2024-07-15 06:00:00-06:00,0.07176,,
2024-07-15 06:15:00-06:00,,,
2024-07-15 06:30:00-06:00,,,
2024-07-15 06:45:00-06:00,,,
2024-07-15 07:00:00-06:00,0.19382,,
2024-07-15 07:15:00-06:00,,,
2024-07-15 07:30:00-06:00,,,
2024-07-15 07:45:00-06:00,,,
2024-07-15 08:00:00-06:00,0.45974000000000004,,
2024-07-15 08:15:00-06:00,,,
2024-07-15 08:30:00-06:00,,,
2024-07-15 08:45:00-06:00,,,
2024-07-15 09:00:00-06:00,0.26705999999999996,,
2024-07-15 09:15:00-06:00,,,
2024-07-15 09:30:00-06:00,,,
2024-07-15 09:45:00-06:00,,,
2024-07-15 10:00:00-06:00,0.1022,,
2024-07-15 10:15:00-06:00,,,
2024-07-15 10:30:00-06:00,,,
2024-07-15 10:45:00-06:00,,,
2024-07-15 11:00:00-06:00,0.06183999999999999,,
2024-07-15 11:15:00-06:00,,,
2024-07-15 11:30:00-06:00,,,
2024-07-15 11:45:00-06:00,,,
2024-07-15 12:00:00-06:00,0.1479,,
2024-07-15 12:15:00-06:00,,,
2024-07-15 12:30:00-06:00,,,
2024-07-15 12:45:00-06:00,,,
2024-07-15 13:00:00-06:00,0.16255999999999998,,
2024-07-15 13:15:00-06:00,,,
2024-07-15 13:30:00-06:00,,,
2024-07-15 13:45:00-06:00,,,
2024-07-15 14:00:00-06:00,0.18660000000000002,,
2024-07-15 14:15:00-06:00,,,
2024-07-15 14:30:00-06:00,,,
2024-07-15 14:45:00-06:00,,,
2024-07-15 15:00:00-06:00,0.17509999999999998,,
2024-07-15 15:15:00-06:00,,,
2024-07-15 15:30:00-06:00,,,
2024-07-15 15:45:00-06:00,,,
2024-07-15 16:00:00-06:00,0.14728000000000002,,
2024-07-15 16:15:00-06:00,,,
2024-07-15 16:30:00-06:00,,,
2024-07-15 16:45:00-06:00,,,
2024-07-15 17:00:00-06:00,0.22508,,
2024-07-15 17:15:00-06:00,,,
2024-07-15 17:30:00-06:00,,,
2024-07-15 17:45:00-06:00,,,
2024-07-15 18:00:00-06:00,0.24128,,
2024-07-15 18:15:00-06:00,,,
2024-07-15 18:30:00-06:00,,,
2024-07-15 18:45:00-06:00,,,
2024-07-15 19:00:00-06:00,0.26023999999999997,,
2024-07-15 19:15:00-06:00,,,
2024-07-15 19:30:00-06:00,,,
2024-07-15 19:45:00-06:00,,,
2024-07-15 20:00:00-06:00,0.16358,,
2024-07-15 20:15:00-06:00,,,
2024-07-15 20:30:00-06:00,,,
2024-07-15 20:45:00-06:00,,,
2024-07-15 21:00:00-06:00,1.31266,,
2024-07-15 21:15:00-06:00,,,
2024-07-15 21:30:00-06:00,,,
2024-07-15 21:45:00-06:00,,,
2024-07-15 22:00:00-06:00,0.5748,,
2024-07-15 22:15:00-06:00,,,
2024-07-15 22:30:00-06:00,,,
2024-07-15 22:45:00-06:00,,,
2024-07-15 23:00:00-06:00,0.31568,,
2024-07-15 23:15:00-06:00,,,
2024-07-15 23:30:00-06:00,,,
2024-07-15 23:45:00-06:00,,,
2024-07-16 00:00:00-06:00,0.0967,,
2024-07-16 00:15:00-06:00,,,
2024-07-16 00:30:00-06:00,,,
2024-07-16 00:45:00-06:00,,,
2024-07-16 01:00:00-06:00,0.08548,,
2024-07-16 01:15:00-06:00,,,
2024-07-16 01:30:00-06:00,,,
2024-07-16 01:45:00-06:00,,,
2024-07-16 02:00:00-06:00,,,
2024-07-16 02:15:00-06:00,,,
2024-07-16 02:30:00-06:00,,,
2024-07-16 02:45:00-06:00,,,
2024-07-16 03:00:00-06:00,,,
2024-07-16 03:15:00-06:00,,,
2024-07-16 03:30:00-06:00,,,
2024-07-16 03:45:00-06:00,,,
2024-07-16 04:00:00-06:00,0.0937,,
2024-07-16 04:15:00-06:00,,,
2024-07-16 04:30:00-06:00,,,
2024-07-16 04:45:00-06:00,,,
2024-07-16 05:00:00-06:00,0.05384,,
2024-07-16 05:15:00-06:00,,,
2024-07-16 05:30:00-06:00,,,
2024-07-16 05:45:00-06:00,,,
2024-07-16 06:00:00-06:00,0.06352,,
2024-07-16 06:15:00-06:00,,,
2024-07-16 06:30:00-06:00,,,
2024-07-16 06:45:00-06:00,,,
2024-07-16 07:00:00-06:00,0.20051999999999998,,
2024-07-16 07:15:00-06:00,,,
2024-07-16 07:30:00-06:00,,,
2024-07-16 07:45:00-06:00,,,
2024-07-16 08:00:00-06:00,0.38096,,
2024-07-16 08:15:00-06:00,,,
2024-07-16 08:30:00-06:00,,,
2024-07-16 08:45:00-06:00,,,
2024-07-16 09:00:00-06:00,0.47118000000000004,,
2024-07-16 09:15:00-06:00,,,
2024-07-16 09:30:00-06:00,,,
2024-07-16 09:45:00-06:00,,,
2024-07-16 10:00:00-06:00,0.08925999999999999,,
2024-07-16 10:15:00-06:00,,,
2024-07-16 10:30:00-06:00,,,
2024-07-16 10:45:00-06:00,,,
2024-07-16 11:00:00-06:00,0.06338,,
2024-07-16 11:15:00-06:00,,,
2024-07-16 11:30:00-06:00,,,
2024-07-16 11:45:00-06:00,,,
2024-07-16 12:00:00-06:00,0.05702,,
2024-07-16 12:15:00-06:00,,,
2024-07-16 12:30:00-06:00,,,
2024-07-16 12:45:00-06:00,,,
2024-07-16 13:00:00-06:00,0.12856,,
2024-07-16 13:15:00-06:00,,,
2024-07-16 13:30:00-06:00,,,
2024-07-16 13:45:00-06:00,,,
2024-07-16 14:00:00-06:00,0.17042,,
2024-07-16 14:15:00-06:00,,,
2024-07-16 14:30:00-06:00,,,
2024-07-16 14:45:00-06:00,,,
2024-07-16 15:00:00-06:00,0.19678,,
2024-07-16 15:15:00-06:00,,,
2024-07-16 15:30:00-06:00,,,
2024-07-16 15:45:00-06:00,,,
2024-07-16 16:00:00-06:00,0.21366000000000002,,
2024-07-16 16:15:00-06:00,,,
2024-07-16 16:30:00-06:00,,,
2024-07-16 16:45:00-06:00,,,
2024-07-16 17:00:00-06:00,0.18696,,
2024-07-16 17:15:00-06:00,,,
2024-07-16 17:30:00-06:00,,,
2024-07-16 17:45:00-06:00,,,
2024-07-16 18:00:00-06:00,0.25146,,
2024-07-16 18:15:00-06:00,,,
2024-07-16 18:30:00-06:00,,,
2024-07-16 18:45:00-06:00,,,
2024-07-16 19:00:00-06:00,0.24228,,
2024-07-16 19:15:00-06:00,,,
2024-07-16 19:30:00-06:00,,,
2024-07-16 19:45:00-06:00,,,
2024-07-16 20:00:00-06:00,0.29094000000000003,,
2024-07-16 20:15:00-06:00,,,
2024-07-16 20:30:00-06:00,,,
2024-07-16 20:45:00-06:00,,,
2024-07-16 21:00:00-06:00,2.0734000000000004,,
2024-07-16 21:15:00-06:00,,,
2024-07-16 21:30:00-06:00,,,
2024-07-16 21:45:00-06:00,,,
2024-07-16 22:00:00-06:00,0.49829999999999997,,
2024-07-16 22:15:00-06:00,,,
2024-07-16 22:30:00-06:00,,,
2024-07-16 22:45:00-06:00,,,
2024-07-16 23:00:00-06:00,0.28700000000000003,,
2024-07-16 23:15:00-06:00,,,
2024-07-16 23:30:00-06:00,,,
2024-07-16 23:45:00-06:00,,,
2024-07-17 00:00:00-06:00,,,
2024-07-17 00:15:00-06:00,,,
2024-07-17 00:30:00-06:00,,,
2024-07-17 00:45:00-06:00,,,
2024-07-17 01:00:00-06:00,,,
2024-07-17 01:15:00-06:00,,,
2024-07-17 01:30:00-06:00,,,
2024-07-17 01:45:00-06:00,,,
2024-07-17 02:00:00-06:00,0.30002,,
2024-07-17 02:15:00-06:00,,,
2024-07-17 02:30:00-06:00,,,
2024-07-17 02:45:00-06:00,,,
2024-07-17 03:00:00-06:00,0.03288,,
2024-07-17 03:15:00-06:00,,,
2024-07-17 03:30:00-06:00,,,
2024-07-17 03:45:00-06:00,,,
2024-07-17 04:00:00-06:00,0.0428,,
2024-07-17 04:15:00-06:00,,,
2024-07-17 04:30:00-06:00,,,
2024-07-17 04:45:00-06:00,,,
2024-07-17 05:00:00-06:00,0.056720000000000007,,
2024-07-17 05:15:00-06:00,,,
2024-07-17 05:30:00-06:00,,,
2024-07-17 05:45:00-06:00,,,
2024-07-17 06:00:00-06:00,0.051980000000000005,,
2024-07-17 06:15:00-06:00,,,
2024-07-17 06:30:00-06:00,,,
2024-07-17 06:45:00-06:00,,,
2024-07-17 07:00:00-06:00,0.20099999999999998,,
2024-07-17 07:15:00-06:00,,,
2024-07-17 07:30:00-06:00,,,
2024-07-17 07:45:00-06:00,,,
2024-07-17 08:00:00-06:00,0.60198,,
2024-07-17 08:15:00-06:00,,,
2024-07-17 08:30:00-06:00,,,
2024-07-17 08:45:00-06:00,,,
2024-07-17 09:00:00-06:00,0.9680799999999999,,
2024-07-17 09:15:00-06:00,,,
2024-07-17 09:30:00-06:00,,,
2024-07-17 09:45:00-06:00,,,
2024-07-17 10:00:00-06:00,1.3558999999999999,,
2024-07-17 10:15:00-06:00,,,
2024-07-17 10:30:00-06:00,,,
2024-07-17 10:45:00-06:00,,,
2024-07-17 11:00:00-06:00,0.84006,,
2024-07-17 11:15:00-06:00,,,
2024-07-17 11:30:00-06:00,,,
2024-07-17 11:45:00-06:00,,,
2024-07-17 12:00:00-06:00,0.10067999999999999,,
2024-07-17 12:15:00-06:00,,,
2024-07-17 12:30:00-06:00,,,
2024-07-17 12:45:00-06:00,,,
2024-07-17 13:00:00-06:00,0.0907,,
2024-07-17 13:15:00-06:00,,,
2024-07-17 13:30:00-06:00,,,
2024-07-17 13:45:00-06:00,,,
2024-07-17 14:00:00-06:00,0.10524,,
2024-07-17 14:15:00-06:00,,,
2024-07-17 14:30:00-06:00,,,
2024-07-17 14:45:00-06:00,,,
2024-07-17 15:00:00-06:00,0.0993,,
2024-07-17 15:15:00-06:00,,,
2024-07-17 15:30:00-06:00,,,
2024-07-17 15:45:00-06:00,,,
2024-07-17 16:00:00-06:00,0.12078,,
2024-07-17 16:15:00-06:00,,,
2024-07-17 16:30:00-06:00,,,
2024-07-17 16:45:00-06:00,,,
2024-07-17 17:00:00-06:00,0.11812,,
2024-07-17 17:15:00-06:00,,,
2024-07-17 17:30:00-06:00,,,
2024-07-17 17:45:00-06:00,,,
2024-07-17 18:00:00-06:00,0.6307400000000001,,
2024-07-17 18:15:00-06:00,,,
2024-07-17 18:30:00-06:00,,,
2024-07-17 18:45:00-06:00,,,
2024-07-17 19:00:00-06:00,0.9347799999999999,,
2024-07-17 19:15:00-06:00,,,
2024-07-17 19:30:00-06:00,,,
2024-07-17 19:45:00-06:00,,,
2024-07-17 20:00:00-06:00,1.68046,,
2024-07-17 20:15:00-06:00,,,
2024-07-17 20:30:00-06:00,,,
2024-07-17 20:45:00-06:00,,,
2024-07-17 21:00:00-06:00,2.65374,,
2024-07-17 21:15:00-06:00,,,
2024-07-17 21:30:00-06:00,,,
2024-07-17 21:45:00-06:00,,,
2024-07-17 22:00:00-06:00,0.13224,,
2024-07-17 22:15:00-06:00,,,
2024-07-17 22:30:00-06:00,,,
2024-07-17 22:45:00-06:00,,,
2024-07-17 23:00:00-06:00,0.23008,,
2024-07-17 23:15:00-06:00,,,
2024-07-17 23:30:00-06:00,,,
2024-07-17 23:45:00-06:00,,,
2024-07-18 00:00:00-06:00,0.25732,,
2024-07-18 00:15:00-06:00,,,
2024-07-18 00:30:00-06:00,,,
2024-07-18 00:45:00-06:00,,,
2024-07-18 01:00:00-06:00,0.21101999999999999,,
2024-07-18 01:15:00-06:00,,,
2024-07-18 01:30:00-06:00,,,
2024-07-18 01:45:00-06:00,,,
2024-07-18 02:00:00-06:00,,,
2024-07-18 02:15:00-06:00,,,
2024-07-18 02:30:00-06:00,,,
2024-07-18 02:45:00-06:00,,,
2024-07-18 03:00:00-06:00,,,
2024-07-18 03:15:00-06:00,,,
2024-07-18 03:30:00-06:00,,,
2024-07-18 03:45:00-06:00,,,
2024-07-18 04:00:00-06:00,0.18336,,
2024-07-18 04:15:00-06:00,,,
2024-07-18 04:30:00-06:00,,,
2024-07-18 04:45:00-06:00,,,
2024-07-18 05:00:00-06:00,0.10808,0.01644,
2024-07-18 05:15:00-06:00,,,
2024-07-18 05:30:00-06:00,,,
2024-07-18 05:45:00-06:00,,,
2024-07-18 06:00:00-06:00,0.11094,0.03261,
2024-07-18 06:15:00-06:00,,,
2024-07-18 06:30:00-06:00,,,
2024-07-18 06:45:00-06:00,,,
2024-07-18 07:00:00-06:00,0.19563999999999998,0.0264,
2024-07-18 07:15:00-06:00,,,
2024-07-18 07:30:00-06:00,,,
2024-07-18 07:45:00-06:00,,,
2024-07-18 08:00:00-06:00,0.49734,0.043969999999999995,
2024-07-18 08:15:00-06:00,,,
2024-07-18 08:30:00-06:00,,,
2024-07-18 08:45:00-06:00,,,
2024-07-18 09:00:00-06:00,0.4753,0.03242,
2024-07-18 09:15:00-06:00,,,
2024-07-18 09:30:00-06:00,,,
2024-07-18 09:45:00-06:00,,,
2024-07-18 10:00:00-06:00,0.29853999999999997,0.013989999999999999,
2024-07-18 10:15:00-06:00,,,
2024-07-18 10:30:00-06:00,,,
2024-07-18 10:45:00-06:00,,,
2024-07-18 11:00:00-06:00,0.16958,0.0,
2024-07-18 11:15:00-06:00,,,
2024-07-18 11:30:00-06:00,,,
2024-07-18 11:45:00-06:00,,,
2024-07-18 12:00:00-06:00,0.13269999999999998,0.0,
2024-07-18 12:15:00-06:00,,,
2024-07-18 12:30:00-06:00,,,
2024-07-18 12:45:00-06:00,,,
2024-07-18 13:00:00-06:00,0.09886,0.0,
2024-07-18 13:15:00-06:00,,,
2024-07-18 13:30:00-06:00,,,
2024-07-18 13:45:00-06:00,,,
2024-07-18 14:00:00-06:00,0.12969999999999998,0.0,
2024-07-18 14:15:00-06:00,,,
2024-07-18 14:30:00-06:00,,,
2024-07-18 14:45:00-06:00,,,
2024-07-18 15:00:00-06:00,0.18352,0.0,
2024-07-18 15:15:00-06:00,,,
2024-07-18 15:30:00-06:00,,,
2024-07-18 15:45:00-06:00,,,
2024-07-18 16:00:00-06:00,0.17384,0.0,
2024-07-18 16:15:00-06:00,,,
2024-07-18 16:30:00-06:00,,,
2024-07-18 16:45:00-06:00,,,
2024-07-18 17:00:00-06:00,0.46934,0.0,
2024-07-18 17:15:00-06:00,,,
2024-07-18 17:30:00-06:00,,,
2024-07-18 17:45:00-06:00,,,
2024-07-18 18:00:00-06:00,0.42774,0.0,
2024-07-18 18:15:00-06:00,,,
2024-07-18 18:30:00-06:00,,,
2024-07-18 18:45:00-06:00,,,
2024-07-18 19:00:00-06:00,0.06706,0.013250000000000001,
2024-07-18 19:15:00-06:00,,,
2024-07-18 19:30:00-06:00,,,
2024-07-18 19:45:00-06:00,,,
2024-07-18 20:00:00-06:00,0.04704,0.00831,
2024-07-18 20:15:00-06:00,,,
2024-07-18 20:30:00-06:00,,,
2024-07-18 20:45:00-06:00,,,
2024-07-18 21:00:00-06:00,0.05536,0.0,
2024-07-18 21:15:00-06:00,,,
2024-07-18 21:30:00-06:00,,,
2024-07-18 21:45:00-06:00,,,
2024-07-18 22:00:00-06:00,0.03216,0.0,
2024-07-18 22:15:00-06:00,,,
2024-07-18 22:30:00-06:00,,,
2024-07-18 22:45:00-06:00,,,
2024-07-18 23:00:00-06:00,0.08956,0.0,
2024-07-18 23:15:00-06:00,,,
2024-07-18 23:30:00-06:00,,,
2024-07-18 23:45:00-06:00,,,
2024-07-19 00:00:00-06:00,,,
2024-07-19 00:15:00-06:00,,,
2024-07-19 00:30:00-06:00,,,
2024-07-19 00:45:00-06:00,,,
2024-07-19 01:00:00-06:00,,,
2024-07-19 01:15:00-06:00,,,
2024-07-19 01:30:00-06:00,,,
2024-07-19 01:45:00-06:00,,,
2024-07-19 02:00:00-06:00,0.08598,0.0,
2024-07-19 02:15:00-06:00,,,
2024-07-19 02:30:00-06:00,,,
2024-07-19 02:45:00-06:00,,,
2024-07-19 03:00:00-06:00,0.0658,0.02002,
2024-07-19 03:15:00-06:00,,,
2024-07-19 03:30:00-06:00,,,
2024-07-19 03:45:00-06:00,,,
2024-07-19 04:00:00-06:00,0.08052000000000001,0.039279999999999995,
2024-07-19 04:15:00-06:00,,,
2024-07-19 04:30:00-06:00,,,
2024-07-19 04:45:00-06:00,,,
2024-07-19 05:00:00-06:00,0.09286,0.03876,
2024-07-19 05:15:00-06:00,,,
2024-07-19 05:30:00-06:00,,,
2024-07-19 05:45:00-06:00,,,
2024-07-19 06:00:00-06:00,0.07912,0.045689999999999995,
2024-07-19 06:15:00-06:00,,,
2024-07-19 06:30:00-06:00,,,
2024-07-19 06:45:00-06:00,,,
2024-07-19 07:00:00-06:00,0.22486,0.0373,
2024-07-19 07:15:00-06:00,,,
2024-07-19 07:30:00-06:00,,,
2024-07-19 07:45:00-06:00,,,
2024-07-19 08:00:00-06:00,0.65744,0.05556,
2024-07-19 08:15:00-06:00,,,
2024-07-19 08:30:00-06:00,,,
2024-07-19 08:45:00-06:00,,,
2024-07-19 09:00:00-06:00,0.38426,0.01911,
2024-07-19 09:15:00-06:00,,,
2024-07-19 09:30:00-06:00,,,
2024-07-19 09:45:00-06:00,,,
2024-07-19 10:00:00-06:00,0.15826,0.0,
2024-07-19 10:15:00-06:00,,,
2024-07-19 10:30:00-06:00,,,
2024-07-19 10:45:00-06:00,,,
2024-07-19 11:00:00-06:00,0.12458,0.0,
2024-07-19 11:15:00-06:00,,,
2024-07-19 11:30:00-06:00,,,
2024-07-19 11:45:00-06:00,,,
2024-07-19 12:00:00-06:00,0.05886,0.0,
2024-07-19 12:15:00-06:00,,,
2024-07-19 12:30:00-06:00,,,
2024-07-19 12:45:00-06:00,,,
2024-07-19 13:00:00-06:00,0.09122,0.0,
2024-07-19 13:15:00-06:00,,,
2024-07-19 13:30:00-06:00,,,
2024-07-19 13:45:00-06:00,,,
2024-07-19 14:00:00-06:00,0.1399,0.0,
2024-07-19 14:15:00-06:00,,,
2024-07-19 14:30:00-06:00,,,
2024-07-19 14:45:00-06:00,,,
2024-07-19 15:00:00-06:00,0.1442,0.0,
2024-07-19 15:15:00-06:00,,,
2024-07-19 15:30:00-06:00,,,
2024-07-19 15:45:00-06:00,,,
2024-07-19 16:00:00-06:00,0.17402,0.0,
2024-07-19 16:15:00-06:00,,,
2024-07-19 16:30:00-06:00,,,
2024-07-19 16:45:00-06:00,,,
2024-07-19 17:00:00-06:00,0.22908,0.0,
2024-07-19 17:15:00-06:00,,,
2024-07-19 17:30:00-06:00,,,
2024-07-19 17:45:00-06:00,,,
2024-07-19 18:00:00-06:00,0.39158,0.0,
2024-07-19 18:15:00-06:00,,,
2024-07-19 18:30:00-06:00,,,
2024-07-19 18:45:00-06:00,,,
2024-07-19 19:00:00-06:00,0.4708,0.01029,
2024-07-19 19:15:00-06:00,,,
2024-07-19 19:30:00-06:00,,,
2024-07-19 19:45:00-06:00,,,
2024-07-19 20:00:00-06:00,0.7127600000000001,0.029110000000000004,
2024-07-19 20:15:00-06:00,,,
2024-07-19 20:30:00-06:00,,,
2024-07-19 20:45:00-06:00,,,
2024-07-19 21:00:00-06:00,1.34414,0.08256,
2024-07-19 21:15:00-06:00,,,
2024-07-19 21:30:00-06:00,,,
2024-07-19 21:45:00-06:00,,,
2024-07-19 22:00:00-06:00,0.84602,0.0335,
2024-07-19 22:15:00-06:00,,,
2024-07-19 22:30:00-06:00,,,
2024-07-19 22:45:00-06:00,,,
2024-07-19 23:00:00-06:00,0.44474,0.02536,
2024-07-19 23:15:00-06:00,,,
2024-07-19 23:30:00-06:00,,,
2024-07-19 23:45:00-06:00,,,
2024-07-20 00:00:00-06:00,0.34784000000000004,0.020880000000000003,
2024-07-20 00:15:00-06:00,,,
2024-07-20 00:30:00-06:00,,,
2024-07-20 00:45:00-06:00,,,
2024-07-20 01:00:00-06:00,0.2863,0.017929999999999998,
2024-07-20 01:15:00-06:00,,,
2024-07-20 01:30:00-06:00,,,
2024-07-20 01:45:00-06:00,,,
2024-07-20 02:00:00-06:00,,,
2024-07-20 02:15:00-06:00,,,
2024-07-20 02:30:00-06:00,,,
2024-07-20 02:45:00-06:00,,,
2024-07-20 03:00:00-06:00,,,
2024-07-20 03:15:00-06:00,,,
2024-07-20 03:30:00-06:00,,,
2024-07-20 03:45:00-06:00,,,
2024-07-20 04:00:00-06:00,0.26696,0.03701,
2024-07-20 04:15:00-06:00,,,
2024-07-20 04:30:00-06:00,,,
2024-07-20 04:45:00-06:00,,,
2024-07-20 05:00:00-06:00,0.18766,0.05947,
2024-07-20 05:15:00-06:00,,,
2024-07-20 05:30:00-06:00,,,
2024-07-20 05:45:00-06:00,,,
2024-07-20 06:00:00-06:00,0.15436,0.0317,
2024-07-20 06:15:00-06:00,,,
2024-07-20 06:30:00-06:00,,,
2024-07-20 06:45:00-06:00,,,
2024-07-20 07:00:00-06:00,0.30884,0.05183,
2024-07-20 07:15:00-06:00,,,
2024-07-20 07:30:00-06:00,,,
2024-07-20 07:45:00-06:00,,,
2024-07-20 08:00:00-06:00,0.5971599999999999,0.03442,
2024-07-20 08:15:00-06:00,,,
2024-07-20 08:30:00-06:00,,,
2024-07-20 08:45:00-06:00,,,
2024-07-20 09:00:00-06:00,0.8472799999999999,0.03104,
2024-07-20 09:15:00-06:00,,,
2024-07-20 09:30:00-06:00,,,
2024-07-20 09:45:00-06:00,,,
2024-07-20 10:00:00-06:00,1.23104,0.03916,
2024-07-20 10:15:00-06:00,,,
2024-07-20 10:30:00-06:00,,,
2024-07-20 10:45:00-06:00,,,
2024-07-20 11:00:00-06:00,0.36758,0.00741,
2024-07-20 11:15:00-06:00,,,
2024-07-20 11:30:00-06:00,,,
2024-07-20 11:45:00-06:00,,,
2024-07-20 12:00:00-06:00,0.3296,0.012280000000000001,
2024-07-20 12:15:00-06:00,,,
2024-07-20 12:30:00-06:00,,,
2024-07-20 12:45:00-06:00,,,
2024-07-20 13:00:00-06:00,0.3019,0.0076300000000000005,
2024-07-20 13:15:00-06:00,,,
2024-07-20 13:30:00-06:00,,,
2024-07-20 13:45:00-06:00,,,
2024-07-20 14:00:00-06:00,0.35524,0.00722,
2024-07-20 14:15:00-06:00,,,
2024-07-20 14:30:00-06:00,,,
2024-07-20 14:45:00-06:00,,,
2024-07-20 15:00:00-06:00,0.33432,0.0,
2024-07-20 15:15:00-06:00,,,
2024-07-20 15:30:00-06:00,,,
2024-07-20 15:45:00-06:00,,,
2024-07-20 16:00:00-06:00,0.40568,0.0,
2024-07-20 16:15:00-06:00,,,
2024-07-20 16:30:00-06:00,,,
2024-07-20 16:45:00-06:00,,,
2024-07-20 17:00:00-06:00,0.42946,0.0,
2024-07-20 17:15:00-06:00,,,
2024-07-20 17:30:00-06:00,,,
2024-07-20 17:45:00-06:00,,,
2024-07-20 18:00:00-06:00,1.31852,0.02386,
2024-07-20 18:15:00-06:00,,,
2024-07-20 18:30:00-06:00,,,
2024-07-20 18:45:00-06:00,,,
2024-07-20 19:00:00-06:00,2.27284,0.05473,
2024-07-20 19:15:00-06:00,,,
2024-07-20 19:30:00-06:00,,,
2024-07-20 19:45:00-06:00,,,
2024-07-20 20:00:00-06:00,2.82574,0.09303,
2024-07-20 20:15:00-06:00,,,
2024-07-20 20:30:00-06:00,,,
2024-07-20 20:45:00-06:00,,,
2024-07-20 21:00:00-06:00,,,
2024-07-20 21:15:00-06:00,,,
2024-07-20 21:30:00-06:00,,,
2024-07-20 21:45:00-06:00,,,
2024-07-20 22:00:00-06:00,,,
2024-07-20 22:15:00-06:00,,,
2024-07-20 22:30:00-06:00,,,
2024-07-20 22:45:00-06:00,,,
2024-07-20 23:00:00-06:00,1.1789,0.032740000000000005,
2024-07-20 23:15:00-06:00,,,
2024-07-20 23:30:00-06:00,,,
2024-07-20 23:45:00-06:00,,,
2024-07-21 00:00:00-06:00,,,
2024-07-21 00:15:00-06:00,,,
2024-07-21 00:30:00-06:00,,,
2024-07-21 00:45:00-06:00,,,
2024-07-21 01:00:00-06:00,,,
2024-07-21 01:15:00-06:00,,,
2024-07-21 01:30:00-06:00,,,
2024-07-21 01:45:00-06:00,,,
2024-07-21 02:00:00-06:00,,,
2024-07-21 02:15:00-06:00,,,
2024-07-21 02:30:00-06:00,,,
2024-07-21 02:45:00-06:00,,,
2024-07-21 03:00:00-06:00,0.28268,0.01213,
2024-07-21 03:15:00-06:00,,,
2024-07-21 03:30:00-06:00,,,
2024-07-21 03:45:00-06:00,,,
2024-07-21 04:00:00-06:00,0.0189,0.0,
2024-07-21 04:15:00-06:00,,,
2024-07-21 04:30:00-06:00,,,
2024-07-21 04:45:00-06:00,,,
2024-07-21 05:00:00-06:00,0.01662,0.0,
2024-07-21 05:15:00-06:00,,,
2024-07-21 05:30:00-06:00,,,
2024-07-21 05:45:00-06:00,,,
2024-07-21 06:00:00-06:00,0.015279999999999998,0.0,
2024-07-21 06:15:00-06:00,,,
2024-07-21 06:30:00-06:00,,,
2024-07-21 06:45:00-06:00,,,
2024-07-21 07:00:00-06:00,0.10633999999999999,0.0,
2024-07-21 07:15:00-06:00,,,
2024-07-21 07:30:00-06:00,,,
2024-07-21 07:45:00-06:00,,,
2024-07-21 08:00:00-06:00,0.35581999999999997,0.00933,
2024-07-21 08:15:00-06:00,,,
2024-07-21 08:30:00-06:00,,,
2024-07-21 08:45:00-06:00,,,
2024-07-21 09:00:00-06:00,0.6355999999999999,0.02294,
2024-07-21 09:15:00-06:00,,,
2024-07-21 09:30:00-06:00,,,
2024-07-21 09:45:00-06:00,,,
2024-07-21 10:00:00-06:00,0.89336,0.028970000000000003,
2024-07-21 10:15:00-06:00,,,
2024-07-21 10:30:00-06:00,,,
2024-07-21 10:45:00-06:00,,,
2024-07-21 11:00:00-06:00,1.13744,0.033800000000000004,
2024-07-21 11:15:00-06:00,,,
2024-07-21 11:30:00-06:00,,,
2024-07-21 11:45:00-06:00,,,
2024-07-21 12:00:00-06:00,1.86416,0.06397,
2024-07-21 12:15:00-06:00,,,
2024-07-21 12:30:00-06:00,,,
2024-07-21 12:45:00-06:00,,,
2024-07-21 13:00:00-06:00,1.71454,0.0412,
2024-07-21 13:15:00-06:00,,,
2024-07-21 13:30:00-06:00,,,
2024-07-21 13:45:00-06:00,,,
2024-07-21 14:00:00-06:00,1.1318,0.02591,
2024-07-21 14:15:00-06:00,,,
2024-07-21 14:30:00-06:00,,,
2024-07-21 14:45:00-06:00,,,
2024-07-21 15:00:00-06:00,0.29666000000000003,0.0,
2024-07-21 15:15:00-06:00,,,
2024-07-21 15:30:00-06:00,,,
2024-07-21 15:45:00-06:00,,,
2024-07-21 16:00:00-06:00,0.39256,0.0,
2024-07-21 16:15:00-06:00,,,
2024-07-21 16:30:00-06:00,,,
2024-07-21 16:45:00-06:00,,,
2024-07-21 17:00:00-06:00,0.37229999999999996,0.0,
2024-07-21 17:15:00-06:00,,,
2024-07-21 17:30:00-06:00,,,
2024-07-21 17:45:00-06:00,,,
2024-07-21 18:00:00-06:00,0.44948,0.0078,
2024-07-21 18:15:00-06:00,,,
2024-07-21 18:30:00-06:00,,,
2024-07-21 18:45:00-06:00,,,
2024-07-21 19:00:00-06:00,1.37606,0.02522,
2024-07-21 19:15:00-06:00,,,
2024-07-21 19:30:00-06:00,,,
2024-07-21 19:45:00-06:00,,,
2024-07-21 20:00:00-06:00,1.94252,0.05735,
2024-07-21 20:15:00-06:00,,,
2024-07-21 20:30:00-06:00,,,
2024-07-21 20:45:00-06:00,,,
2024-07-21 21:00:00-06:00,0.97568,0.03397,
2024-07-21 21:15:00-06:00,,,
2024-07-21 21:30:00-06:00,,,
2024-07-21 21:45:00-06:00,,,
2024-07-21 22:00:00-06:00,0.60656,0.01293,
2024-07-21 22:15:00-06:00,,,
2024-07-21 22:30:00-06:00,,,
2024-07-21 22:45:00-06:00,,,
2024-07-21 23:00:00-06:00,0.37732,0.0,
2024-07-21 23:15:00-06:00,,,
2024-07-21 23:30:00-06:00,,,
2024-07-21 23:45:00-06:00,,,
2024-07-22 00:00:00-06:00,0.22193999999999997,0.0,
2024-07-22 00:15:00-06:00,,,
2024-07-22 00:30:00-06:00,,,
2024-07-22 00:45:00-06:00,,,
2024-07-22 01:00:00-06:00,0.16984,0.00645,
2024-07-22 01:15:00-06:00,,,
2024-07-22 01:30:00-06:00,,,
2024-07-22 01:45:00-06:00,,,
2024-07-22 02:00:00-06:00,,,
2024-07-22 02:15:00-06:00,,,
2024-07-22 02:30:00-06:00,,,
2024-07-22 02:45:00-06:00,,,
2024-07-22 03:00:00-06:00,,,
2024-07-22 03:15:00-06:00,,,
2024-07-22 03:30:00-06:00,,,
2024-07-22 03:45:00-06:00,,,
2024-07-22 04:00:00-06:00,0.14157999999999998,0.0,
2024-07-22 04:15:00-06:00,,,
2024-07-22 04:30:00-06:00,,,
2024-07-22 04:45:00-06:00,,,
2024-07-22 05:00:00-06:00,0.030080000000000003,0.0,
2024-07-22 05:15:00-06:00,,,
2024-07-22 05:30:00-06:00,,,
2024-07-22 05:45:00-06:00,,,
2024-07-22 06:00:00-06:00,0.01986,0.0,
2024-07-22 06:15:00-06:00,,,
2024-07-22 06:30:00-06:00,,,
2024-07-22 06:45:00-06:00,,,
2024-07-22 07:00:00-06:00,0.11422000000000002,0.0,
2024-07-22 07:15:00-06:00,,,
2024-07-22 07:30:00-06:00,,,
2024-07-22 07:45:00-06:00,,,
2024-07-22 08:00:00-06:00,0.37717999999999996,0.01202,
2024-07-22 08:15:00-06:00,,,
2024-07-22 08:30:00-06:00,,,
2024-07-22 08:45:00-06:00,,,
2024-07-22 09:00:00-06:00,0.54158,0.015870000000000002,
2024-07-22 09:15:00-06:00,,,
2024-07-22 09:30:00-06:00,,,
2024-07-22 09:45:00-06:00,,,
2024-07-22 10:00:00-06:00,0.8961399999999999,0.02676,
2024-07-22 10:15:00-06:00,,,
2024-07-22 10:30:00-06:00,,,
2024-07-22 10:45:00-06:00,,,
2024-07-22 11:00:00-06:00,1.26588,0.03159,
2024-07-22 11:15:00-06:00,,,
2024-07-22 11:30:00-06:00,,,
2024-07-22 11:45:00-06:00,,,
2024-07-22 12:00:00-06:00,1.08476,0.015,
2024-07-22 12:15:00-06:00,,,
2024-07-22 12:30:00-06:00,,,
2024-07-22 12:45:00-06:00,,,
2024-07-22 13:00:00-06:00,0.5608799999999999,0.0,
2024-07-22 13:15:00-06:00,,,
2024-07-22 13:30:00-06:00,,,
2024-07-22 13:45:00-06:00,,,
2024-07-22 14:00:00-06:00,0.36734,0.0,
2024-07-22 14:15:00-06:00,,,
2024-07-22 14:30:00-06:00,,,
2024-07-22 14:45:00-06:00,,,
2024-07-22 15:00:00-06:00,0.29046,0.0,
2024-07-22 15:15:00-06:00,,,
2024-07-22 15:30:00-06:00,,,
2024-07-22 15:45:00-06:00,,,
2024-07-22 16:00:00-06:00,0.28136,0.0,
2024-07-22 16:15:00-06:00,,,
2024-07-22 16:30:00-06:00,,,
2024-07-22 16:45:00-06:00,,,
2024-07-22 17:00:00-06:00,0.30852,0.0,
2024-07-22 17:15:00-06:00,,,
2024-07-22 17:30:00-06:00,,,
2024-07-22 17:45:00-06:00,,,
2024-07-22 18:00:00-06:00,0.51832,0.0,
2024-07-22 18:15:00-06:00,,,
2024-07-22 18:30:00-06:00,,,
2024-07-22 18:45:00-06:00,,,
2024-07-22 19:00:00-06:00,1.4692,0.02223,
2024-07-22 19:15:00-06:00,,,
2024-07-22 19:30:00-06:00,,,
2024-07-22 19:45:00-06:00,,,
2024-07-22 20:00:00-06:00,1.6759799999999998,0.05092,
2024-07-22 20:15:00-06:00,,,
2024-07-22 20:30:00-06:00,,,
2024-07-22 20:45:00-06:00,,,
2024-07-22 21:00:00-06:00,2.3066400000000002,0.10754,
2024-07-22 21:15:00-06:00,,,
2024-07-22 21:30:00-06:00,,,
2024-07-22 21:45:00-06:00,,,
2024-07-22 22:00:00-06:00,0.99716,0.03152,
2024-07-22 22:15:00-06:00,,,
2024-07-22 22:30:00-06:00,,,
2024-07-22 22:45:00-06:00,,,
2024-07-22 23:00:00-06:00,0.5441,0.0218,
2024-07-22 23:15:00-06:00,,,
2024-07-22 23:30:00-06:00,,,
2024-07-22 23:45:00-06:00,,,
2024-07-23 00:00:00-06:00,,,
2024-07-23 00:15:00-06:00,,,
2024-07-23 00:30:00-06:00,,,
2024-07-23 00:45:00-06:00,,,
2024-07-23 01:00:00-06:00,,,
2024-07-23 01:15:00-06:00,,,
2024-07-23 01:30:00-06:00,,,
2024-07-23 01:45:00-06:00,,,
2024-07-23 02:00:00-06:00,0.27862,0.0,
2024-07-23 02:15:00-06:00,,,
2024-07-23 02:30:00-06:00,,,
2024-07-23 02:45:00-06:00,,,
2024-07-23 03:00:00-06:00,,,
2024-07-23 03:15:00-06:00,,,
2024-07-23 03:30:00-06:00,,,
2024-07-23 03:45:00-06:00,,,
2024-07-23 04:00:00-06:00,,,
2024-07-23 04:15:00-06:00,,,
2024-07-23 04:30:00-06:00,,,
2024-07-23 04:45:00-06:00,,,
2024-07-23 05:00:00-06:00,,,
2024-07-23 05:15:00-06:00,,,
2024-07-23 05:30:00-06:00,,,
2024-07-23 05:45:00-06:00,,,
2024-07-23 06:00:00-06:00,,,
2024-07-23 06:15:00-06:00,,,
2024-07-23 06:30:00-06:00,,,
2024-07-23 06:45:00-06:00,,,
2024-07-23 07:00:00-06:00,,,
2024-07-23 07:15:00-06:00,,,
2024-07-23 07:30:00-06:00,,,
2024-07-23 07:45:00-06:00,,,
2024-07-23 08:00:00-06:00,,,
2024-07-23 08:15:00-06:00,,,
2024-07-23 08:30:00-06:00,,,
2024-07-23 08:45:00-06:00,,,
2024-07-23 09:00:00-06:00,,,
2024-07-23 09:15:00-06:00,,,
2024-07-23 09:30:00-06:00,,,
2024-07-23 09:45:00-06:00,,,
2024-07-23 10:00:00-06:00,,,
2024-07-23 10:15:00-06:00,,,
2024-07-23 10:30:00-06:00,,,
2024-07-23 10:45:00-06:00,,,
2024-07-23 11:00:00-06:00,,,
2024-07-23 11:15:00-06:00,,,
2024-07-23 11:30:00-06:00,,,
2024-07-23 11:45:00-06:00,,,
2024-07-23 12:00:00-06:00,,,
2024-07-23 12:15:00-06:00,,,
2024-07-23 12:30:00-06:00,,,
2024-07-23 12:45:00-06:00,,,
2024-07-23 13:00:00-06:00,,,
2024-07-23 13:15:00-06:00,,,
2024-07-23 13:30:00-06:00,,,
2024-07-23 13:45:00-06:00,,,
2024-07-23 14:00:00-06:00,,,
2024-07-23 14:15:00-06:00,,,
2024-07-23 14:30:00-06:00,,,
2024-07-23 14:45:00-06:00,,,
2024-07-23 15:00:00-06:00,,,
2024-07-23 15:15:00-06:00,,,
2024-07-23 15:30:00-06:00,,,
2024-07-23 15:45:00-06:00,,,
2024-07-23 16:00:00-06:00,,,
2024-07-23 16:15:00-06:00,,,
2024-07-23 16:30:00-06:00,,,
2024-07-23 16:45:00-06:00,,,
2024-07-23 17:00:00-06:00,,,
2024-07-23 17:15:00-06:00,,,
2024-07-23 17:30:00-06:00,,,
2024-07-23 17:45:00-06:00,,,
2024-07-23 18:00:00-06:00,,,
2024-07-23 18:15:00-06:00,,,
2024-07-23 18:30:00-06:00,,,
2024-07-23 18:45:00-06:00,,,
2024-07-23 19:00:00-06:00,,,
2024-07-23 19:15:00-06:00,,,
2024-07-23 19:30:00-06:00,,,
2024-07-23 19:45:00-06:00,,,
2024-07-23 20:00:00-06:00,,,
2024-07-23 20:15:00-06:00,,,
2024-07-23 20:30:00-06:00,,,
2024-07-23 20:45:00-06:00,,,
2024-07-23 21:00:00-06:00,,,
2024-07-23 21:15:00-06:00,,,
2024-07-23 21:30:00-06:00,,,
2024-07-23 21:45:00-06:00,,,
2024-07-23 22:00:00-06:00,,,
2024-07-23 22:15:00-06:00,,,
2024-07-23 22:30:00-06:00,,,
2024-07-23 22:45:00-06:00,,,
2024-07-23 23:00:00-06:00,,,
2024-07-23 23:15:00-06:00,,,
2024-07-23 23:30:00-06:00,,,
2024-07-23 23:45:00-06:00,,,
2024-07-24 00:00:00-06:00,,,
2024-07-24 00:15:00-06:00,,,
2024-07-24 00:30:00-06:00,,,
2024-07-24 00:45:00-06:00,,,
2024-07-24 01:00:00-06:00,,,
2024-07-24 01:15:00-06:00,,,
2024-07-24 01:30:00-06:00,,,
2024-07-24 01:45:00-06:00,,,
2024-07-24 02:00:00-06:00,,,
2024-07-24 02:15:00-06:00,,,
2024-07-24 02:30:00-06:00,,,
2024-07-24 02:45:00-06:00,,,
2024-07-24 03:00:00-06:00,,,
2024-07-24 03:15:00-06:00,,,
2024-07-24 03:30:00-06:00,,,
2024-07-24 03:45:00-06:00,,,
2024-07-24 04:00:00-06:00,,,
2024-07-24 04:15:00-06:00,,,
2024-07-24 04:30:00-06:00,,,
2024-07-24 04:45:00-06:00,,,
2024-07-24 05:00:00-06:00,0.1686,,
2024-07-24 05:15:00-06:00,,,
2024-07-24 05:30:00-06:00,,,
2024-07-24 05:45:00-06:00,,,
2024-07-24 06:00:00-06:00,0.09962,,
2024-07-24 06:15:00-06:00,,,
2024-07-24 06:30:00-06:00,,,
2024-07-24 06:45:00-06:00,,,
2024-07-24 07:00:00-06:00,0.13902,,
2024-07-24 07:15:00-06:00,,,
2024-07-24 07:30:00-06:00,,,
2024-07-24 07:45:00-06:00,,,
2024-07-24 08:00:00-06:00,0.54708,,
2024-07-24 08:15:00-06:00,,,
2024-07-24 08:30:00-06:00,,,
2024-07-24 08:45:00-06:00,,,
2024-07-24 09:00:00-06:00,0.7874,,
2024-07-24 09:15:00-06:00,,,
2024-07-24 09:30:00-06:00,,,
2024-07-24 09:45:00-06:00,,,
2024-07-24 10:00:00-06:00,0.49836,,
2024-07-24 10:15:00-06:00,,,
2024-07-24 10:30:00-06:00,,,
2024-07-24 10:45:00-06:00,,,
2024-07-24 11:00:00-06:00,0.18564,,
2024-07-24 11:15:00-06:00,,,
2024-07-24 11:30:00-06:00,,,
2024-07-24 11:45:00-06:00,,,
2024-07-24 12:00:00-06:00,0.10444,,
2024-07-24 12:15:00-06:00,,,
2024-07-24 12:30:00-06:00,,,
2024-07-24 12:45:00-06:00,,,
2024-07-24 13:00:00-06:00,0.08186,,
2024-07-24 13:15:00-06:00,,,
2024-07-24 13:30:00-06:00,,,
2024-07-24 13:45:00-06:00,,,
2024-07-24 14:00:00-06:00,0.13013999999999998,,
2024-07-24 14:15:00-06:00,,,
2024-07-24 14:30:00-06:00,,,
2024-07-24 14:45:00-06:00,,,
2024-07-24 15:00:00-06:00,0.23406,,
2024-07-24 15:15:00-06:00,,,
2024-07-24 15:30:00-06:00,,,
2024-07-24 15:45:00-06:00,,,
2024-07-24 16:00:00-06:00,0.23112,,
2024-07-24 16:15:00-06:00,,,
2024-07-24 16:30:00-06:00,,,
2024-07-24 16:45:00-06:00,,,
2024-07-24 17:00:00-06:00,0.29948,,
2024-07-24 17:15:00-06:00,,,
2024-07-24 17:30:00-06:00,,,
2024-07-24 17:45:00-06:00,,,
2024-07-24 18:00:00-06:00,0.42042,,
2024-07-24 18:15:00-06:00,,,
2024-07-24 18:30:00-06:00,,,
2024-07-24 18:45:00-06:00,,,
2024-07-24 19:00:00-06:00,0.66342,,
2024-07-24 19:15:00-06:00,,,
2024-07-24 19:30:00-06:00,,,
2024-07-24 19:45:00-06:00,,,
2024-07-24 20:00:00-06:00,2.45524,,
2024-07-24 20:15:00-06:00,,,
2024-07-24 20:30:00-06:00,,,
2024-07-24 20:45:00-06:00,,,
2024-07-24 21:00:00-06:00,3.03472,,
2024-07-24 21:15:00-06:00,,,
2024-07-24 21:30:00-06:00,,,
2024-07-24 21:45:00-06:00,,,
2024-07-24 22:00:00-06:00,0.84444,,
2024-07-24 22:15:00-06:00,,,
2024-07-24 22:30:00-06:00,,,
2024-07-24 22:45:00-06:00,,,
2024-07-24 23:00:00-06:00,0.37388,,
2024-07-24 23:15:00-06:00,,,
2024-07-24 23:30:00-06:00,,,
2024-07-24 23:45:00-06:00,,,
2024-07-25 00:00:00-06:00,,,
2024-07-25 00:15:00-06:00,,,
2024-07-25 00:30:00-06:00,,,
2024-07-25 00:45:00-06:00,,,
2024-07-25 01:00:00-06:00,,,
2024-07-25 01:15:00-06:00,,,
2024-07-25 01:30:00-06:00,,,
2024-07-25 01:45:00-06:00,,,
2024-07-25 02:00:00-06:00,0.24689999999999998,,
2024-07-25 02:15:00-06:00,,,
2024-07-25 02:30:00-06:00,,,
2024-07-25 02:45:00-06:00,,,
2024-07-25 03:00:00-06:00,0.02768,,
2024-07-25 03:15:00-06:00,,,
2024-07-25 03:30:00-06:00,,,
2024-07-25 03:45:00-06:00,,,
2024-07-25 04:00:00-06:00,0.01,,
2024-07-25 04:15:00-06:00,,,
2024-07-25 04:30:00-06:00,,,
2024-07-25 04:45:00-06:00,,,
2024-07-25 05:00:00-06:00,0.021679999999999998,,
2024-07-25 05:15:00-06:00,,,
2024-07-25 05:30:00-06:00,,,
2024-07-25 05:45:00-06:00,,,
2024-07-25 06:00:00-06:00,0.011940000000000001,,
2024-07-25 06:15:00-06:00,,,
2024-07-25 06:30:00-06:00,,,
2024-07-25 06:45:00-06:00,,,
2024-07-25 07:00:00-06:00,0.05588,,
2024-07-25 07:15:00-06:00,,,
2024-07-25 07:30:00-06:00,,,
2024-07-25 07:45:00-06:00,,,
2024-07-25 08:00:00-06:00,0.10506,,
2024-07-25 08:15:00-06:00,,,
2024-07-25 08:30:00-06:00,,,
2024-07-25 08:45:00-06:00,,,
2024-07-25 09:00:00-06:00,0.16746,,
2024-07-25 09:15:00-06:00,,,
2024-07-25 09:30:00-06:00,,,
2024-07-25 09:45:00-06:00,,,
2024-07-25 10:00:00-06:00,0.4847,,
2024-07-25 10:15:00-06:00,,,
2024-07-25 10:30:00-06:00,,,
2024-07-25 10:45:00-06:00,,,
2024-07-25 11:00:00-06:00,0.1971,,
2024-07-25 11:15:00-06:00,,,
2024-07-25 11:30:00-06:00,,,
2024-07-25 11:45:00-06:00,,,
2024-07-25 12:00:00-06:00,0.06826,,
2024-07-25 12:15:00-06:00,,,
2024-07-25 12:30:00-06:00,,,
2024-07-25 12:45:00-06:00,,,
2024-07-25 13:00:00-06:00,0.04404,,
2024-07-25 13:15:00-06:00,,,
2024-07-25 13:30:00-06:00,,,
2024-07-25 13:45:00-06:00,,,
2024-07-25 14:00:00-06:00,0.09528,,
2024-07-25 14:15:00-06:00,,,
2024-07-25 14:30:00-06:00,,,
2024-07-25 14:45:00-06:00,,,
2024-07-25 15:00:00-06:00,0.13956,,
2024-07-25 15:15:00-06:00,,,
2024-07-25 15:30:00-06:00,,,
2024-07-25 15:45:00-06:00,,,
2024-07-25 16:00:00-06:00,0.12486,,
2024-07-25 16:15:00-06:00,,,
2024-07-25 16:30:00-06:00,,,
2024-07-25 16:45:00-06:00,,,
2024-07-25 17:00:00-06:00,0.13938,,
2024-07-25 17:15:00-06:00,,,
2024-07-25 17:30:00-06:00,,,
2024-07-25 17:45:00-06:00,,,
2024-07-25 18:00:00-06:00,0.11914,,
2024-07-25 18:15:00-06:00,,,
2024-07-25 18:30:00-06:00,,,
2024-07-25 18:45:00-06:00,,,
2024-07-25 19:00:00-06:00,0.13935999999999998,,
2024-07-25 19:15:00-06:00,,,
2024-07-25 19:30:00-06:00,,,
2024-07-25 19:45:00-06:00,,,
2024-07-25 20:00:00-06:00,0.75152,,
2024-07-25 20:15:00-06:00,,,
2024-07-25 20:30:00-06:00,,,
2024-07-25 20:45:00-06:00,,,
2024-07-25 21:00:00-06:00,1.22922,,
2024-07-25 21:15:00-06:00,,,
2024-07-25 21:30:00-06:00,,,
2024-07-25 21:45:00-06:00,,,
2024-07-25 22:00:00-06:00,0.012379999999999999,,
2024-07-25 22:15:00-06:00,,,
2024-07-25 22:30:00-06:00,,,
2024-07-25 22:45:00-06:00,,,
2024-07-25 23:00:00-06:00,0.013139999999999999,,
2024-07-25 23:15:00-06:00,,,
2024-07-25 23:30:00-06:00,,,
2024-07-25 23:45:00-06:00,,,
2024-07-26 00:00:00-06:00,0.01102,,
2024-07-26 00:15:00-06:00,,,
2024-07-26 00:30:00-06:00,,,
2024-07-26 00:45:00-06:00,,,
2024-07-26 01:00:00-06:00,0.024460000000000003,,
2024-07-26 01:15:00-06:00,,,
2024-07-26 01:30:00-06:00,,,
2024-07-26 01:45:00-06:00,,,
2024-07-26 02:00:00-06:00,,,
2024-07-26 02:15:00-06:00,,,
2024-07-26 02:30:00-06:00,,,
2024-07-26 02:45:00-06:00,,,
2024-07-26 03:00:00-06:00,,,
2024-07-26 03:15:00-06:00,,,
2024-07-26 03:30:00-06:00,,,
2024-07-26 03:45:00-06:00,,,
2024-07-26 04:00:00-06:00,0.02086,,
2024-07-26 04:15:00-06:00,,,
2024-07-26 04:30:00-06:00,,,
2024-07-26 04:45:00-06:00,,,
2024-07-26 05:00:00-06:00,0.01042,,
2024-07-26 05:15:00-06:00,,,
2024-07-26 05:30:00-06:00,,,
2024-07-26 05:45:00-06:00,,,
2024-07-26 06:00:00-06:00,0.01694,,
2024-07-26 06:15:00-06:00,,,
2024-07-26 06:30:00-06:00,,,
2024-07-26 06:45:00-06:00,,,
2024-07-26 07:00:00-06:00,0.0772,,
2024-07-26 07:15:00-06:00,,,
2024-07-26 07:30:00-06:00,,,
2024-07-26 07:45:00-06:00,,,
2024-07-26 08:00:00-06:00,0.16202,,
2024-07-26 08:15:00-06:00,,,
2024-07-26 08:30:00-06:00,,,
2024-07-26 08:45:00-06:00,,,
2024-07-26 09:00:00-06:00,0.0862,,
2024-07-26 09:15:00-06:00,,,
2024-07-26 09:30:00-06:00,,,
2024-07-26 09:45:00-06:00,,,
2024-07-26 10:00:00-06:00,0.09034,,
2024-07-26 10:15:00-06:00,,,
2024-07-26 10:30:00-06:00,,,
2024-07-26 10:45:00-06:00,,,
2024-07-26 11:00:00-06:00,0.08254,,
2024-07-26 11:15:00-06:00,,,
2024-07-26 11:30:00-06:00,,,
2024-07-26 11:45:00-06:00,,,
2024-07-26 12:00:00-06:00,0.06788,,
2024-07-26 12:15:00-06:00,,,
2024-07-26 12:30:00-06:00,,,
2024-07-26 12:45:00-06:00,,,
2024-07-26 13:00:00-06:00,0.0498,,
2024-07-26 13:15:00-06:00,,,
2024-07-26 13:30:00-06:00,,,
2024-07-26 13:45:00-06:00,,,
2024-07-26 14:00:00-06:00,0.07732,,
2024-07-26 14:15:00-06:00,,,
2024-07-26 14:30:00-06:00,,,
2024-07-26 14:45:00-06:00,,,
2024-07-26 15:00:00-06:00,0.10933999999999999,,
2024-07-26 15:15:00-06:00,,,
2024-07-26 15:30:00-06:00,,,
2024-07-26 15:45:00-06:00,,,
2024-07-26 16:00:00-06:00,0.10291999999999998,,
2024-07-26 16:15:00-06:00,,,
2024-07-26 16:30:00-06:00,,,
2024-07-26 16:45:00-06:00,,,
2024-07-26 17:00:00-06:00,0.11112,,
2024-07-26 17:15:00-06:00,,,
2024-07-26 17:30:00-06:00,,,
2024-07-26 17:45:00-06:00,,,
2024-07-26 18:00:00-06:00,0.09956000000000001,,
2024-07-26 18:15:00-06:00,,,
2024-07-26 18:30:00-06:00,,,
2024-07-26 18:45:00-06:00,,,
2024-07-26 19:00:00-06:00,0.12327999999999999,,
2024-07-26 19:15:00-06:00,,,
2024-07-26 19:30:00-06:00,,,
2024-07-26 19:45:00-06:00,,,
2024-07-26 20:00:00-06:00,0.29538000000000003,,
2024-07-26 20:15:00-06:00,,,
2024-07-26 20:30:00-06:00,,,
2024-07-26 20:45:00-06:00,,,
2024-07-26 21:00:00-06:00,1.65992,,
2024-07-26 21:15:00-06:00,,,
2024-07-26 21:30:00-06:00,,,
2024-07-26 21:45:00-06:00,,,
2024-07-26 22:00:00-06:00,0.5219199999999999,,
2024-07-26 22:15:00-06:00,,,
2024-07-26 22:30:00-06:00,,,
2024-07-26 22:45:00-06:00,,,
2024-07-26 23:00:00-06:00,0.26648,,
2024-07-26 23:15:00-06:00,,,
2024-07-26 23:30:00-06:00,,,
2024-07-26 23:45:00-06:00,,,
2024-07-27 00:00:00-06:00,,,
2024-07-27 00:15:00-06:00,,,
2024-07-27 00:30:00-06:00,,,
2024-07-27 00:45:00-06:00,,,
2024-07-27 01:00:00-06:00,,,
2024-07-27 01:15:00-06:00,,,
2024-07-27 01:30:00-06:00,,,
2024-07-27 01:45:00-06:00,,,
2024-07-27 02:00:00-06:00,0.19676,,
2024-07-27 02:15:00-06:00,,,
2024-07-27 02:30:00-06:00,,,
2024-07-27 02:45:00-06:00,,,
2024-07-27 03:00:00-06:00,0.013420000000000001,,
2024-07-27 03:15:00-06:00,,,
2024-07-27 03:30:00-06:00,,,
2024-07-27 03:45:00-06:00,,,
2024-07-27 04:00:00-06:00,0.01854,,
2024-07-27 04:15:00-06:00,,,
2024-07-27 04:30:00-06:00,,,
2024-07-27 04:45:00-06:00,,,
2024-07-27 05:00:00-06:00,0.0252,,
2024-07-27 05:15:00-06:00,,,
2024-07-27 05:30:00-06:00,,,
2024-07-27 05:45:00-06:00,,,
2024-07-27 06:00:00-06:00,0.02306,,
2024-07-27 06:15:00-06:00,,,
2024-07-27 06:30:00-06:00,,,
2024-07-27 06:45:00-06:00,,,
2024-07-27 07:00:00-06:00,0.08766,,
2024-07-27 07:15:00-06:00,,,
2024-07-27 07:30:00-06:00,,,
2024-07-27 07:45:00-06:00,,,
2024-07-27 08:00:00-06:00,0.09192,,
2024-07-27 08:15:00-06:00,,,
2024-07-27 08:30:00-06:00,,,
2024-07-27 08:45:00-06:00,,,
2024-07-27 09:00:00-06:00,0.2004,,
2024-07-27 09:15:00-06:00,,,
2024-07-27 09:30:00-06:00,,,
2024-07-27 09:45:00-06:00,,,
2024-07-27 10:00:00-06:00,0.4272,,
2024-07-27 10:15:00-06:00,,,
2024-07-27 10:30:00-06:00,,,
2024-07-27 10:45:00-06:00,,,
2024-07-27 11:00:00-06:00,0.54008,,
2024-07-27 11:15:00-06:00,,,
2024-07-27 11:30:00-06:00,,,
2024-07-27 11:45:00-06:00,,,
2024-07-27 12:00:00-06:00,0.34022,,
2024-07-27 12:15:00-06:00,,,
2024-07-27 12:30:00-06:00,,,
2024-07-27 12:45:00-06:00,,,
2024-07-27 13:00:00-06:00,0.9057999999999999,,
2024-07-27 13:15:00-06:00,,,
2024-07-27 13:30:00-06:00,,,
2024-07-27 13:45:00-06:00,,,
2024-07-27 14:00:00-06:00,0.7923,,
2024-07-27 14:15:00-06:00,,,
2024-07-27 14:30:00-06:00,,,
2024-07-27 14:45:00-06:00,,,
2024-07-27 15:00:00-06:00,0.18282,,
2024-07-27 15:15:00-06:00,,,
2024-07-27 15:30:00-06:00,,,
2024-07-27 15:45:00-06:00,,,
2024-07-27 16:00:00-06:00,0.24764,,
2024-07-27 16:15:00-06:00,,,
2024-07-27 16:30:00-06:00,,,
2024-07-27 16:45:00-06:00,,,
2024-07-27 17:00:00-06:00,0.23115999999999998,,
2024-07-27 17:15:00-06:00,,,
2024-07-27 17:30:00-06:00,,,
2024-07-27 17:45:00-06:00,,,
2024-07-27 18:00:00-06:00,0.25556,,
2024-07-27 18:15:00-06:00,,,
2024-07-27 18:30:00-06:00,,,
2024-07-27 18:45:00-06:00,,,
2024-07-27 19:00:00-06:00,0.10102,,
2024-07-27 19:15:00-06:00,,,
2024-07-27 19:30:00-06:00,,,
2024-07-27 19:45:00-06:00,,,
2024-07-27 20:00:00-06:00,0.26528,,
2024-07-27 20:15:00-06:00,,,
2024-07-27 20:30:00-06:00,,,
2024-07-27 20:45:00-06:00,,,
2024-07-27 21:00:00-06:00,,,
2024-07-27 21:15:00-06:00,,,
2024-07-27 21:30:00-06:00,,,
2024-07-27 21:45:00-06:00,,,
2024-07-27 22:00:00-06:00,,,
2024-07-27 22:15:00-06:00,,,
2024-07-27 22:30:00-06:00,,,
2024-07-27 22:45:00-06:00,,,
2024-07-27 23:00:00-06:00,0.16474,,
2024-07-27 23:15:00-06:00,,,
2024-07-27 23:30:00-06:00,,,
2024-07-27 23:45:00-06:00,,,
2024-07-28 00:00:00-06:00,0.02016,,
2024-07-28 00:15:00-06:00,,,
2024-07-28 00:30:00-06:00,,,
2024-07-28 00:45:00-06:00,,,
2024-07-28 01:00:00-06:00,0.01138,,
2024-07-28 01:15:00-06:00,,,
2024-07-28 01:30:00-06:00,,,
2024-07-28 01:45:00-06:00,,,
2024-07-28 02:00:00-06:00,,,
2024-07-28 02:15:00-06:00,,,
2024-07-28 02:30:00-06:00,,,
2024-07-28 02:45:00-06:00,,,
2024-07-28 03:00:00-06:00,,,
2024-07-28 03:15:00-06:00,,,
2024-07-28 03:30:00-06:00,,,
2024-07-28 03:45:00-06:00,,,
2024-07-28 04:00:00-06:00,,,
2024-07-28 04:15:00-06:00,,,
2024-07-28 04:30:00-06:00,,,
2024-07-28 04:45:00-06:00,,,
2024-07-28 05:00:00-06:00,0.00972,,
2024-07-28 05:15:00-06:00,,,
2024-07-28 05:30:00-06:00,,,
2024-07-28 05:45:00-06:00,,,
2024-07-28 06:00:00-06:00,0.03464,,
2024-07-28 06:15:00-06:00,,,
2024-07-28 06:30:00-06:00,,,
2024-07-28 06:45:00-06:00,,,
2024-07-28 07:00:00-06:00,0.10868,,
2024-07-28 07:15:00-06:00,,,
2024-07-28 07:30:00-06:00,,,
2024-07-28 07:45:00-06:00,,,
2024-07-28 08:00:00-06:00,0.14026,,
2024-07-28 08:15:00-06:00,,,
2024-07-28 08:30:00-06:00,,,
2024-07-28 08:45:00-06:00,,,
2024-07-28 09:00:00-06:00,0.23325999999999997,,
2024-07-28 09:15:00-06:00,,,
2024-07-28 09:30:00-06:00,,,
2024-07-28 09:45:00-06:00,,,
2024-07-28 10:00:00-06:00,0.08306,,
2024-07-28 10:15:00-06:00,,,
2024-07-28 10:30:00-06:00,,,
2024-07-28 10:45:00-06:00,,,
2024-07-28 11:00:00-06:00,0.05739999999999999,,
2024-07-28 11:15:00-06:00,,,
2024-07-28 11:30:00-06:00,,,
2024-07-28 11:45:00-06:00,,,
2024-07-28 12:00:00-06:00,0.0708,,
2024-07-28 12:15:00-06:00,,,
2024-07-28 12:30:00-06:00,,,
2024-07-28 12:45:00-06:00,,,
2024-07-28 13:00:00-06:00,0.06536,,
2024-07-28 13:15:00-06:00,,,
2024-07-28 13:30:00-06:00,,,
2024-07-28 13:45:00-06:00,,,
2024-07-28 14:00:00-06:00,0.14412,,
2024-07-28 14:15:00-06:00,,,
2024-07-28 14:30:00-06:00,,,
2024-07-28 14:45:00-06:00,,,
2024-07-28 15:00:00-06:00,0.20638,,
2024-07-28 15:15:00-06:00,,,
2024-07-28 15:30:00-06:00,,,
2024-07-28 15:45:00-06:00,,,
2024-07-28 16:00:00-06:00,0.21600000000000003,,
2024-07-28 16:15:00-06:00,,,
2024-07-28 16:30:00-06:00,,,
2024-07-28 16:45:00-06:00,,,
2024-07-28 17:00:00-06:00,0.23772000000000001,,
2024-07-28 17:15:00-06:00,,,
2024-07-28 17:30:00-06:00,,,
2024-07-28 17:45:00-06:00,,,
2024-07-28 18:00:00-06:00,0.27908,,
2024-07-28 18:15:00-06:00,,,
2024-07-28 18:30:00-06:00,,,
2024-07-28 18:45:00-06:00,,,
2024-07-28 19:00:00-06:00,0.43983999999999995,,
2024-07-28 19:15:00-06:00,,,
2024-07-28 19:30:00-06:00,,,
2024-07-28 19:45:00-06:00,,,
2024-07-28 20:00:00-06:00,0.84184,,
2024-07-28 20:15:00-06:00,,,
2024-07-28 20:30:00-06:00,,,
2024-07-28 20:45:00-06:00,,,
2024-07-28 21:00:00-06:00,1.61618,,
2024-07-28 21:15:00-06:00,,,
2024-07-28 21:30:00-06:00,,,
2024-07-28 21:45:00-06:00,,,
2024-07-28 22:00:00-06:00,0.43710000000000004,,
2024-07-28 22:15:00-06:00,,,
2024-07-28 22:30:00-06:00,,,
2024-07-28 22:45:00-06:00,,,
2024-07-28 23:00:00-06:00,0.23242,,
2024-07-28 23:15:00-06:00,,,
2024-07-28 23:30:00-06:00,,,
2024-07-28 23:45:00-06:00,,,
2024-07-29 00:00:00-06:00,,,
2024-07-29 00:15:00-06:00,,,
2024-07-29 00:30:00-06:00,,,
2024-07-29 00:45:00-06:00,,,
2024-07-29 01:00:00-06:00,,,
2024-07-29 01:15:00-06:00,,,
2024-07-29 01:30:00-06:00,,,
2024-07-29 01:45:00-06:00,,,
2024-07-29 02:00:00-06:00,0.1696,,
2024-07-29 02:15:00-06:00,,,
2024-07-29 02:30:00-06:00,,,
2024-07-29 02:45:00-06:00,,,
2024-07-29 03:00:00-06:00,0.07148,,
2024-07-29 03:15:00-06:00,,,
2024-07-29 03:30:00-06:00,,,
2024-07-29 03:45:00-06:00,,,
2024-07-29 04:00:00-06:00,0.04974,,
2024-07-29 04:15:00-06:00,,,
2024-07-29 04:30:00-06:00,,,
2024-07-29 04:45:00-06:00,,,
2024-07-29 05:00:00-06:00,0.04976,,
2024-07-29 05:15:00-06:00,,,
2024-07-29 05:30:00-06:00,,,
2024-07-29 05:45:00-06:00,,,
2024-07-29 06:00:00-06:00,0.048159999999999994,,
2024-07-29 06:15:00-06:00,,,
2024-07-29 06:30:00-06:00,,,
2024-07-29 06:45:00-06:00,,,
2024-07-29 07:00:00-06:00,0.13184,,
2024-07-29 07:15:00-06:00,,,
2024-07-29 07:30:00-06:00,,,
2024-07-29 07:45:00-06:00,,,
2024-07-29 08:00:00-06:00,0.49413999999999997,,
2024-07-29 08:15:00-06:00,,,
2024-07-29 08:30:00-06:00,,,
2024-07-29 08:45:00-06:00,,,
2024-07-29 09:00:00-06:00,0.0,,
2024-07-29 09:15:00-06:00,,,
2024-07-29 09:30:00-06:00,,,
2024-07-29 09:45:00-06:00,,,
2024-07-29 10:00:00-06:00,0.38704,,
2024-07-29 10:15:00-06:00,,,
2024-07-29 10:30:00-06:00,,,
2024-07-29 10:45:00-06:00,,,
2024-07-29 11:00:00-06:00,0.30008,,
2024-07-29 11:15:00-06:00,,,
2024-07-29 11:30:00-06:00,,,
2024-07-29 11:45:00-06:00,,,
2024-07-29 12:00:00-06:00,0.3296,,
2024-07-29 12:15:00-06:00,,,
2024-07-29 12:30:00-06:00,,,
2024-07-29 12:45:00-06:00,,,
2024-07-29 13:00:00-06:00,0.3247,,
2024-07-29 13:15:00-06:00,,,
2024-07-29 13:30:00-06:00,,,
2024-07-29 13:45:00-06:00,,,
2024-07-29 14:00:00-06:00,0.35574,,
2024-07-29 14:15:00-06:00,,,
2024-07-29 14:30:00-06:00,,,
2024-07-29 14:45:00-06:00,,,
2024-07-29 15:00:00-06:00,0.31478,,
2024-07-29 15:15:00-06:00,,,
2024-07-29 15:30:00-06:00,,,
2024-07-29 15:45:00-06:00,,,
2024-07-29 16:00:00-06:00,0.24842,,
2024-07-29 16:15:00-06:00,,,
2024-07-29 16:30:00-06:00,,,
2024-07-29 16:45:00-06:00,,,
2024-07-29 17:00:00-06:00,0.29954000000000003,,
2024-07-29 17:15:00-06:00,,,
2024-07-29 17:30:00-06:00,,,
2024-07-29 17:45:00-06:00,,,
2024-07-29 18:00:00-06:00,0.37182,,
2024-07-29 18:15:00-06:00,,,
2024-07-29 18:30:00-06:00,,,
2024-07-29 18:45:00-06:00,,,
2024-07-29 19:00:00-06:00,0.31278,,
2024-07-29 19:15:00-06:00,,,
2024-07-29 19:30:00-06:00,,,
2024-07-29 19:45:00-06:00,,,
2024-07-29 20:00:00-06:00,0.96214,,
2024-07-29 20:15:00-06:00,,,
2024-07-29 20:30:00-06:00,,,
2024-07-29 20:45:00-06:00,,,
2024-07-29 21:00:00-06:00,1.23086,,
2024-07-29 21:15:00-06:00,,,
2024-07-29 21:30:00-06:00,,,
2024-07-29 21:45:00-06:00,,,
2024-07-29 22:00:00-06:00,0.4122,,
2024-07-29 22:15:00-06:00,,,
2024-07-29 22:30:00-06:00,,,
2024-07-29 22:45:00-06:00,,,
2024-07-29 23:00:00-06:00,0.23186,,
2024-07-29 23:15:00-06:00,,,
2024-07-29 23:30:00-06:00,,,
2024-07-29 23:45:00-06:00,,,
2024-07-30 00:00:00-06:00,,,
2024-07-30 00:15:00-06:00,,,
2024-07-30 00:30:00-06:00,,,
2024-07-30 00:45:00-06:00,,,
2024-07-30 01:00:00-06:00,,,
2024-07-30 01:15:00-06:00,,,
2024-07-30 01:30:00-06:00,,,
2024-07-30 01:45:00-06:00,,,
2024-07-30 02:00:00-06:00,0.13406,,
2024-07-30 02:15:00-06:00,,,
2024-07-30 02:30:00-06:00,,,
2024-07-30 02:45:00-06:00,,,
2024-07-30 03:00:00-06:00,0.05216,,
2024-07-30 03:15:00-06:00,,,
2024-07-30 03:30:00-06:00,,,
2024-07-30 03:45:00-06:00,,,
2024-07-30 04:00:00-06:00,0.04538,,
2024-07-30 04:15:00-06:00,,,
2024-07-30 04:30:00-06:00,,,
2024-07-30 04:45:00-06:00,,,
2024-07-30 05:00:00-06:00,0.0461,,
2024-07-30 05:15:00-06:00,,,
2024-07-30 05:30:00-06:00,,,
2024-07-30 05:45:00-06:00,,,
2024-07-30 06:00:00-06:00,0.05702,,
2024-07-30 06:15:00-06:00,,,
2024-07-30 06:30:00-06:00,,,
2024-07-30 06:45:00-06:00,,,
2024-07-30 07:00:00-06:00,0.1338,,
2024-07-30 07:15:00-06:00,,,
2024-07-30 07:30:00-06:00,,,
2024-07-30 07:45:00-06:00,,,
2024-07-30 08:00:00-06:00,0.7047399999999999,,
2024-07-30 08:15:00-06:00,,,
2024-07-30 08:30:00-06:00,,,
2024-07-30 08:45:00-06:00,,,
2024-07-30 09:00:00-06:00,0.54088,,
2024-07-30 09:15:00-06:00,,,
2024-07-30 09:30:00-06:00,,,
2024-07-30 09:45:00-06:00,,,
2024-07-30 10:00:00-06:00,0.20588,,
2024-07-30 10:15:00-06:00,,,
2024-07-30 10:30:00-06:00,,,
2024-07-30 10:45:00-06:00,,,
2024-07-30 11:00:00-06:00,0.27378,,
2024-07-30 11:15:00-06:00,,,
2024-07-30 11:30:00-06:00,,,
2024-07-30 11:45:00-06:00,,,
2024-07-30 12:00:00-06:00,0.1106,,
2024-07-30 12:15:00-06:00,,,
2024-07-30 12:30:00-06:00,,,
2024-07-30 12:45:00-06:00,,,
2024-07-30 13:00:00-06:00,0.14479999999999998,,
2024-07-30 13:15:00-06:00,,,
2024-07-30 13:30:00-06:00,,,
2024-07-30 13:45:00-06:00,,,
2024-07-30 14:00:00-06:00,0.16794,,
2024-07-30 14:15:00-06:00,,,
2024-07-30 14:30:00-06:00,,,
2024-07-30 14:45:00-06:00,,,
2024-07-30 15:00:00-06:00,0.24666000000000002,,
2024-07-30 15:15:00-06:00,,,
2024-07-30 15:30:00-06:00,,,
2024-07-30 15:45:00-06:00,,,
2024-07-30 16:00:00-06:00,0.31789999999999996,,
2024-07-30 16:15:00-06:00,,,
2024-07-30 16:30:00-06:00,,,
2024-07-30 16:45:00-06:00,,,
2024-07-30 17:00:00-06:00,0.21398,,
2024-07-30 17:15:00-06:00,,,
2024-07-30 17:30:00-06:00,,,
2024-07-30 17:45:00-06:00,,,
2024-07-30 18:00:00-06:00,0.26383999999999996,,
2024-07-30 18:15:00-06:00,,,
2024-07-30 18:30:00-06:00,,,
2024-07-30 18:45:00-06:00,,,
2024-07-30 19:00:00-06:00,0.6034200000000001,,
2024-07-30 19:15:00-06:00,,,
2024-07-30 19:30:00-06:00,,,
2024-07-30 19:45:00-06:00,,,
2024-07-30 20:00:00-06:00,1.17524,,
2024-07-30 20:15:00-06:00,,,
2024-07-30 20:30:00-06:00,,,
2024-07-30 20:45:00-06:00,,,
2024-07-30 21:00:00-06:00,1.4528,,
2024-07-30 21:15:00-06:00,,,
2024-07-30 21:30:00-06:00,,,
2024-07-30 21:45:00-06:00,,,
2024-07-30 22:00:00-06:00,0.47478,,
2024-07-30 22:15:00-06:00,,,
2024-07-30 22:30:00-06:00,,,
2024-07-30 22:45:00-06:00,,,
2024-07-30 23:00:00-06:00,0.31264,,
2024-07-30 23:15:00-06:00,,,
2024-07-30 23:30:00-06:00,,,
2024-07-30 23:45:00-06:00,,,
2024-07-31 00:00:00-06:00,0.0782,,
2024-07-31 00:15:00-06:00,,,
2024-07-31 00:30:00-06:00,,,
2024-07-31 00:45:00-06:00,,,
2024-07-31 01:00:00-06:00,0.07264000000000001,,
2024-07-31 01:15:00-06:00,,,
2024-07-31 01:30:00-06:00,,,
2024-07-31 01:45:00-06:00,,,
2024-07-31 02:00:00-06:00,,,
2024-07-31 02:15:00-06:00,,,
2024-07-31 02:30:00-06:00,,,
2024-07-31 02:45:00-06:00,,,
2024-07-31 03:00:00-06:00,,,
2024-07-31 03:15:00-06:00,,,
2024-07-31 03:30:00-06:00,,,
2024-07-31 03:45:00-06:00,,,
2024-07-31 04:00:00-06:00,0.036919999999999994,,
2024-07-31 04:15:00-06:00,,,
2024-07-31 04:30:00-06:00,,,
2024-07-31 04:45:00-06:00,,,
2024-07-31 05:00:00-06:00,0.025979999999999996,,
2024-07-31 05:15:00-06:00,,,
2024-07-31 05:30:00-06:00,,,
2024-07-31 05:45:00-06:00,,,
2024-07-31 06:00:00-06:00,0.03696,,
2024-07-31 06:15:00-06:00,,,
2024-07-31 06:30:00-06:00,,,
2024-07-31 06:45:00-06:00,,,
2024-07-31 07:00:00-06:00,0.11657999999999999,,
2024-07-31 07:15:00-06:00,,,
2024-07-31 07:30:00-06:00,,,
2024-07-31 07:45:00-06:00,,,
2024-07-31 08:00:00-06:00,0.36814,,
2024-07-31 08:15:00-06:00,,,
2024-07-31 08:30:00-06:00,,,
2024-07-31 08:45:00-06:00,,,
2024-07-31 09:00:00-06:00,0.45002000000000003,,
2024-07-31 09:15:00-06:00,,,
2024-07-31 09:30:00-06:00,,,
2024-07-31 09:45:00-06:00,,,
2024-07-31 10:00:00-06:00,0.1746,,
2024-07-31 10:15:00-06:00,,,
2024-07-31 10:30:00-06:00,,,
2024-07-31 10:45:00-06:00,,,
2024-07-31 11:00:00-06:00,0.07274,,
2024-07-31 11:15:00-06:00,,,
2024-07-31 11:30:00-06:00,,,
2024-07-31 11:45:00-06:00,,,
2024-07-31 12:00:00-06:00,0.063,,
2024-07-31 12:15:00-06:00,,,
2024-07-31 12:30:00-06:00,,,
2024-07-31 12:45:00-06:00,,,
2024-07-31 13:00:00-06:00,0.10228,,
2024-07-31 13:15:00-06:00,,,
2024-07-31 13:30:00-06:00,,,
2024-07-31 13:45:00-06:00,,,
2024-07-31 14:00:00-06:00,0.17074,,
2024-07-31 14:15:00-06:00,,,
2024-07-31 14:30:00-06:00,,,
2024-07-31 14:45:00-06:00,,,
2024-07-31 15:00:00-06:00,0.1911,,
2024-07-31 15:15:00-06:00,,,
2024-07-31 15:30:00-06:00,,,
2024-07-31 15:45:00-06:00,,,
2024-07-31 16:00:00-06:00,0.1732,,
2024-07-31 16:15:00-06:00,,,
2024-07-31 16:30:00-06:00,,,
2024-07-31 16:45:00-06:00,,,
2024-07-31 17:00:00-06:00,0.22719999999999999,,
2024-07-31 17:15:00-06:00,,,
2024-07-31 17:30:00-06:00,,,
2024-07-31 17:45:00-06:00,,,
2024-07-31 18:00:00-06:00,0.18924000000000002,,
2024-07-31 18:15:00-06:00,,,
2024-07-31 18:30:00-06:00,,,
2024-07-31 18:45:00-06:00,,,
2024-07-31 19:00:00-06:00,0.47046,,
2024-07-31 19:15:00-06:00,,,
2024-07-31 19:30:00-06:00,,,
2024-07-31 19:45:00-06:00,,,
2024-07-31 20:00:00-06:00,0.7646,,
2024-07-31 20:15:00-06:00,,,
2024-07-31 20:30:00-06:00,,,
2024-07-31 20:45:00-06:00,,,
2024-07-31 21:00:00-06:00,1.61696,,
2024-07-31 21:15:00-06:00,,,
2024-07-31 21:30:00-06:00,,,
2024-07-31 21:45:00-06:00,,,
2024-07-31 22:00:00-06:00,0.56376,,
2024-07-31 22:15:00-06:00,,,
2024-07-31 22:30:00-06:00,,,
2024-07-31 22:45:00-06:00,,,
2024-07-31 23:00:00-06:00,0.31256,,
2024-07-31 23:15:00-06:00,,,
2024-07-31 23:30:00-06:00,,,
2024-07-31 23:45:00-06:00,,,
2024-08-01 00:00:00-06:00,,,
2024-08-01 00:15:00-06:00,,,
2024-08-01 00:30:00-06:00,,,
2024-08-01 00:45:00-06:00,,,
2024-08-01 01:00:00-06:00,,,
2024-08-01 01:15:00-06:00,,,
2024-08-01 01:30:00-06:00,,,
2024-08-01 01:45:00-06:00,,,
2024-08-01 02:00:00-06:00,0.19834000000000002,,
2024-08-01 02:15:00-06:00,,,
2024-08-01 02:30:00-06:00,,,
2024-08-01 02:45:00-06:00,,,
2024-08-01 03:00:00-06:00,0.0969,,
2024-08-01 03:15:00-06:00,,,
2024-08-01 03:30:00-06:00,,,
2024-08-01 03:45:00-06:00,,,
2024-08-01 04:00:00-06:00,0.06301999999999999,,
2024-08-01 04:15:00-06:00,,,
2024-08-01 04:30:00-06:00,,,
2024-08-01 04:45:00-06:00,,,
2024-08-01 05:00:00-06:00,0.053720000000000004,,
2024-08-01 05:15:00-06:00,,,
2024-08-01 05:30:00-06:00,,,
2024-08-01 05:45:00-06:00,,,
2024-08-01 06:00:00-06:00,0.04134,,
2024-08-01 06:15:00-06:00,,,
2024-08-01 06:30:00-06:00,,,
2024-08-01 06:45:00-06:00,,,
2024-08-01 07:00:00-06:00,0.1332,,
2024-08-01 07:15:00-06:00,,,
2024-08-01 07:30:00-06:00,,,
2024-08-01 07:45:00-06:00,,,
2024-08-01 08:00:00-06:00,0.3156,,
2024-08-01 08:15:00-06:00,,,
2024-08-01 08:30:00-06:00,,,
2024-08-01 08:45:00-06:00,,,
2024-08-01 09:00:00-06:00,0.43854,,
2024-08-01 09:15:00-06:00,,,
2024-08-01 09:30:00-06:00,,,
2024-08-01 09:45:00-06:00,,,
2024-08-01 10:00:00-06:00,0.3146,,
2024-08-01 10:15:00-06:00,,,
2024-08-01 10:30:00-06:00,,,
2024-08-01 10:45:00-06:00,,,
2024-08-01 11:00:00-06:00,0.15644,,
2024-08-01 11:15:00-06:00,,,
2024-08-01 11:30:00-06:00,,,
2024-08-01 11:45:00-06:00,,,
2024-08-01 12:00:00-06:00,0.054000000000000006,,
2024-08-01 12:15:00-06:00,,,
2024-08-01 12:30:00-06:00,,,
2024-08-01 12:45:00-06:00,,,
2024-08-01 13:00:00-06:00,0.06222,,
2024-08-01 13:15:00-06:00,,,
2024-08-01 13:30:00-06:00,,,
2024-08-01 13:45:00-06:00,,,
2024-08-01 14:00:00-06:00,0.07846,,
2024-08-01 14:15:00-06:00,,,
2024-08-01 14:30:00-06:00,,,
2024-08-01 14:45:00-06:00,,,
2024-08-01 15:00:00-06:00,0.18444,,
2024-08-01 15:15:00-06:00,,,
2024-08-01 15:30:00-06:00,,,
2024-08-01 15:45:00-06:00,,,
2024-08-01 16:00:00-06:00,0.27224,,
2024-08-01 16:15:00-06:00,,,
2024-08-01 16:30:00-06:00,,,
2024-08-01 16:45:00-06:00,,,
2024-08-01 17:00:00-06:00,0.34614,,
2024-08-01 17:15:00-06:00,,,
2024-08-01 17:30:00-06:00,,,
2024-08-01 17:45:00-06:00,,,
2024-08-01 18:00:00-06:00,0.61878,,
2024-08-01 18:15:00-06:00,,,
2024-08-01 18:30:00-06:00,,,
2024-08-01 18:45:00-06:00,,,
2024-08-01 19:00:00-06:00,0.7712399999999999,,
2024-08-01 19:15:00-06:00,,,
2024-08-01 19:30:00-06:00,,,
2024-08-01 19:45:00-06:00,,,
2024-08-01 20:00:00-06:00,1.07808,,
2024-08-01 20:15:00-06:00,,,
2024-08-01 20:30:00-06:00,,,
2024-08-01 20:45:00-06:00,,,
2024-08-01 21:00:00-06:00,2.34998,,
2024-08-01 21:15:00-06:00,,,
2024-08-01 21:30:00-06:00,,,
2024-08-01 21:45:00-06:00,,,
2024-08-01 22:00:00-06:00,0.64394,,
2024-08-01 22:15:00-06:00,,,
2024-08-01 22:30:00-06:00,,,
2024-08-01 22:45:00-06:00,,,
2024-08-01 23:00:00-06:00,0.4083,,
2024-08-01 23:15:00-06:00,,,
2024-08-01 23:30:00-06:00,,,
2024-08-01 23:45:00-06:00,,,
2024-08-02 00:00:00-06:00,0.18848,,
2024-08-02 00:15:00-06:00,,,
2024-08-02 00:30:00-06:00,,,
2024-08-02 00:45:00-06:00,,,
2024-08-02 01:00:00-06:00,0.15752,,
2024-08-02 01:15:00-06:00,,,
2024-08-02 01:30:00-06:00,,,
2024-08-02 01:45:00-06:00,,,
2024-08-02 02:00:00-06:00,,,
2024-08-02 02:15:00-06:00,,,
2024-08-02 02:30:00-06:00,,,
2024-08-02 02:45:00-06:00,,,
2024-08-02 03:00:00-06:00,,,
2024-08-02 03:15:00-06:00,,,
2024-08-02 03:30:00-06:00,,,
2024-08-02 03:45:00-06:00,,,
2024-08-02 04:00:00-06:00,0.06876,,
2024-08-02 04:15:00-06:00,,,
2024-08-02 04:30:00-06:00,,,
2024-08-02 04:45:00-06:00,,,
2024-08-02 05:00:00-06:00,0.06582,,
2024-08-02 05:15:00-06:00,,,
2024-08-02 05:30:00-06:00,,,
2024-08-02 05:45:00-06:00,,,
2024-08-02 06:00:00-06:00,0.05652,,
2024-08-02 06:15:00-06:00,,,
2024-08-02 06:30:00-06:00,,,
2024-08-02 06:45:00-06:00,,,
2024-08-02 07:00:00-06:00,0.14350000000000002,,
2024-08-02 07:15:00-06:00,,,
2024-08-02 07:30:00-06:00,,,
2024-08-02 07:45:00-06:00,,,
2024-08-02 08:00:00-06:00,0.72306,,
2024-08-02 08:15:00-06:00,,,
2024-08-02 08:30:00-06:00,,,
2024-08-02 08:45:00-06:00,,,
2024-08-02 09:00:00-06:00,0.6593600000000001,,
2024-08-02 09:15:00-06:00,,,
2024-08-02 09:30:00-06:00,,,
2024-08-02 09:45:00-06:00,,,
2024-08-02 10:00:00-06:00,0.46174,,
2024-08-02 10:15:00-06:00,,,
2024-08-02 10:30:00-06:00,,,
2024-08-02 10:45:00-06:00,,,
2024-08-02 11:00:00-06:00,0.21989999999999998,,
2024-08-02 11:15:00-06:00,,,
2024-08-02 11:30:00-06:00,,,
2024-08-02 11:45:00-06:00,,,
2024-08-02 12:00:00-06:00,0.1256,,
2024-08-02 12:15:00-06:00,,,
2024-08-02 12:30:00-06:00,,,
2024-08-02 12:45:00-06:00,,,
2024-08-02 13:00:00-06:00,0.25352,,
2024-08-02 13:15:00-06:00,,,
2024-08-02 13:30:00-06:00,,,
2024-08-02 13:45:00-06:00,,,
2024-08-02 14:00:00-06:00,0.24830000000000002,,
2024-08-02 14:15:00-06:00,,,
2024-08-02 14:30:00-06:00,,,
2024-08-02 14:45:00-06:00,,,
2024-08-02 15:00:00-06:00,0.31094,,
2024-08-02 15:15:00-06:00,,,
2024-08-02 15:30:00-06:00,,,
2024-08-02 15:45:00-06:00,,,
2024-08-02 16:00:00-06:00,0.30676000000000003,,
2024-08-02 16:15:00-06:00,,,
2024-08-02 16:30:00-06:00,,,
2024-08-02 16:45:00-06:00,,,
2024-08-02 17:00:00-06:00,0.33168000000000003,,
2024-08-02 17:15:00-06:00,,,
2024-08-02 17:30:00-06:00,,,
2024-08-02 17:45:00-06:00,,,
2024-08-02 18:00:00-06:00,0.45024,,
2024-08-02 18:15:00-06:00,,,
2024-08-02 18:30:00-06:00,,,
2024-08-02 18:45:00-06:00,,,
2024-08-02 19:00:00-06:00,0.54218,,
2024-08-02 19:15:00-06:00,,,
2024-08-02 19:30:00-06:00,,,
2024-08-02 19:45:00-06:00,,,
2024-08-02 20:00:00-06:00,0.87704,,
2024-08-02 20:15:00-06:00,,,
2024-08-02 20:30:00-06:00,,,
2024-08-02 20:45:00-06:00,,,
2024-08-02 21:00:00-06:00,3.5156199999999997,,
2024-08-02 21:15:00-06:00,,,
2024-08-02 21:30:00-06:00,,,
2024-08-02 21:45:00-06:00,,,
2024-08-02 22:00:00-06:00,1.58932,,
2024-08-02 22:15:00-06:00,,,
2024-08-02 22:30:00-06:00,,,
2024-08-02 22:45:00-06:00,,,
2024-08-02 23:00:00-06:00,0.7039,,
2024-08-02 23:15:00-06:00,,,
2024-08-02 23:30:00-06:00,,,
2024-08-02 23:45:00-06:00,,,
2024-08-03 00:00:00-06:00,,,
2024-08-03 00:15:00-06:00,,,
2024-08-03 00:30:00-06:00,,,
2024-08-03 00:45:00-06:00,,,
2024-08-03 01:00:00-06:00,,,
2024-08-03 01:15:00-06:00,,,
2024-08-03 01:30:00-06:00,,,
2024-08-03 01:45:00-06:00,,,
2024-08-03 02:00:00-06:00,0.49968,,
2024-08-03 02:15:00-06:00,,,
2024-08-03 02:30:00-06:00,,,
2024-08-03 02:45:00-06:00,,,
2024-08-03 03:00:00-06:00,0.08256,,
2024-08-03 03:15:00-06:00,,,
2024-08-03 03:30:00-06:00,,,
2024-08-03 03:45:00-06:00,,,
2024-08-03 04:00:00-06:00,0.07258,,
2024-08-03 04:15:00-06:00,,,
2024-08-03 04:30:00-06:00,,,
2024-08-03 04:45:00-06:00,,,
2024-08-03 05:00:00-06:00,0.059660000000000005,,
2024-08-03 05:15:00-06:00,,,
2024-08-03 05:30:00-06:00,,,
2024-08-03 05:45:00-06:00,,,
2024-08-03 06:00:00-06:00,0.06914000000000001,,
2024-08-03 06:15:00-06:00,,,
2024-08-03 06:30:00-06:00,,,
2024-08-03 06:45:00-06:00,,,
2024-08-03 07:00:00-06:00,0.23216,,
2024-08-03 07:15:00-06:00,,,
2024-08-03 07:30:00-06:00,,,
2024-08-03 07:45:00-06:00,,,
2024-08-03 08:00:00-06:00,0.63376,,
2024-08-03 08:15:00-06:00,,,
2024-08-03 08:30:00-06:00,,,
2024-08-03 08:45:00-06:00,,,
2024-08-03 09:00:00-06:00,0.42969999999999997,,
2024-08-03 09:15:00-06:00,,,
2024-08-03 09:30:00-06:00,,,
2024-08-03 09:45:00-06:00,,,
2024-08-03 10:00:00-06:00,0.43338,,
2024-08-03 10:15:00-06:00,,,
2024-08-03 10:30:00-06:00,,,
2024-08-03 10:45:00-06:00,,,
2024-08-03 11:00:00-06:00,0.32688,,
2024-08-03 11:15:00-06:00,,,
2024-08-03 11:30:00-06:00,,,
2024-08-03 11:45:00-06:00,,,
2024-08-03 12:00:00-06:00,0.49135999999999996,,
2024-08-03 12:15:00-06:00,,,
2024-08-03 12:30:00-06:00,,,
2024-08-03 12:45:00-06:00,,,
2024-08-03 13:00:00-06:00,0.51246,,
2024-08-03 13:15:00-06:00,,,
2024-08-03 13:30:00-06:00,,,
2024-08-03 13:45:00-06:00,,,
2024-08-03 14:00:00-06:00,0.5466,,
2024-08-03 14:15:00-06:00,,,
2024-08-03 14:30:00-06:00,,,
2024-08-03 14:45:00-06:00,,,
2024-08-03 15:00:00-06:00,0.42535999999999996,,
2024-08-03 15:15:00-06:00,,,
2024-08-03 15:30:00-06:00,,,
2024-08-03 15:45:00-06:00,,,
2024-08-03 16:00:00-06:00,0.19614,,
2024-08-03 16:15:00-06:00,,,
2024-08-03 16:30:00-06:00,,,
2024-08-03 16:45:00-06:00,,,
2024-08-03 17:00:00-06:00,0.48072,,
2024-08-03 17:15:00-06:00,,,
2024-08-03 17:30:00-06:00,,,
2024-08-03 17:45:00-06:00,,,
2024-08-03 18:00:00-06:00,0.26778,,
2024-08-03 18:15:00-06:00,,,
2024-08-03 18:30:00-06:00,,,
2024-08-03 18:45:00-06:00,,,
2024-08-03 19:00:00-06:00,0.12179999999999999,,
2024-08-03 19:15:00-06:00,,,
2024-08-03 19:30:00-06:00,,,
2024-08-03 19:45:00-06:00,,,
2024-08-03 20:00:00-06:00,0.46642,,
2024-08-03 20:15:00-06:00,,,
2024-08-03 20:30:00-06:00,,,
2024-08-03 20:45:00-06:00,,,
2024-08-03 21:00:00-06:00,,,
2024-08-03 21:15:00-06:00,,,
2024-08-03 21:30:00-06:00,,,
2024-08-03 21:45:00-06:00,,,
2024-08-03 22:00:00-06:00,,,
2024-08-03 22:15:00-06:00,,,
2024-08-03 22:30:00-06:00,,,
2024-08-03 22:45:00-06:00,,,
2024-08-03 23:00:00-06:00,0.3973,,
2024-08-03 23:15:00-06:00,,,
2024-08-03 23:30:00-06:00,,,
2024-08-03 23:45:00-06:00,,,
2024-08-04 00:00:00-06:00,0.13242,,
2024-08-04 00:15:00-06:00,,,
2024-08-04 00:30:00-06:00,,,
2024-08-04 00:45:00-06:00,,,
2024-08-04 01:00:00-06:00,0.14328000000000002,,
2024-08-04 01:15:00-06:00,,,
2024-08-04 01:30:00-06:00,,,
2024-08-04 01:45:00-06:00,,,
2024-08-04 02:00:00-06:00,,,
2024-08-04 02:15:00-06:00,,,
2024-08-04 02:30:00-06:00,,,
2024-08-04 02:45:00-06:00,,,
2024-08-04 03:00:00-06:00,,,
2024-08-04 03:15:00-06:00,,,
2024-08-04 03:30:00-06:00,,,
2024-08-04 03:45:00-06:00,,,
2024-08-04 04:00:00-06:00,,,
2024-08-04 04:15:00-06:00,,,
2024-08-04 04:30:00-06:00,,,
2024-08-04 04:45:00-06:00,,,
2024-08-04 05:00:00-06:00,0.1206,,
2024-08-04 05:15:00-06:00,,,
2024-08-04 05:30:00-06:00,,,
2024-08-04 05:45:00-06:00,,,
2024-08-04 06:00:00-06:00,0.09290000000000001,,
2024-08-04 06:15:00-06:00,,,
2024-08-04 06:30:00-06:00,,,
2024-08-04 06:45:00-06:00,,,
2024-08-04 07:00:00-06:00,0.19246000000000002,,
2024-08-04 07:15:00-06:00,,,
2024-08-04 07:30:00-06:00,,,
2024-08-04 07:45:00-06:00,,,
2024-08-04 08:00:00-06:00,0.50984,,
2024-08-04 08:15:00-06:00,,,
2024-08-04 08:30:00-06:00,,,
2024-08-04 08:45:00-06:00,,,
2024-08-04 09:00:00-06:00,0.25156,,
2024-08-04 09:15:00-06:00,,,
2024-08-04 09:30:00-06:00,,,
2024-08-04 09:45:00-06:00,,,
2024-08-04 10:00:00-06:00,0.16168,,
2024-08-04 10:15:00-06:00,,,
2024-08-04 10:30:00-06:00,,,
2024-08-04 10:45:00-06:00,,,
2024-08-04 11:00:00-06:00,0.21308,,
2024-08-04 11:15:00-06:00,,,
2024-08-04 11:30:00-06:00,,,
2024-08-04 11:45:00-06:00,,,
2024-08-04 12:00:00-06:00,0.15826,,
2024-08-04 12:15:00-06:00,,,
2024-08-04 12:30:00-06:00,,,
2024-08-04 12:45:00-06:00,,,
2024-08-04 13:00:00-06:00,0.07868,,
2024-08-04 13:15:00-06:00,,,
2024-08-04 13:30:00-06:00,,,
2024-08-04 13:45:00-06:00,,,
2024-08-04 14:00:00-06:00,0.08462,,
2024-08-04 14:15:00-06:00,,,
2024-08-04 14:30:00-06:00,,,
2024-08-04 14:45:00-06:00,,,
2024-08-04 15:00:00-06:00,0.19404,,
2024-08-04 15:15:00-06:00,,,
2024-08-04 15:30:00-06:00,,,
2024-08-04 15:45:00-06:00,,,
2024-08-04 16:00:00-06:00,0.19862,,
2024-08-04 16:15:00-06:00,,,
2024-08-04 16:30:00-06:00,,,
2024-08-04 16:45:00-06:00,,,
2024-08-04 17:00:00-06:00,0.21696,,
2024-08-04 17:15:00-06:00,,,
2024-08-04 17:30:00-06:00,,,
2024-08-04 17:45:00-06:00,,,
2024-08-04 18:00:00-06:00,0.1694,,
2024-08-04 18:15:00-06:00,,,
2024-08-04 18:30:00-06:00,,,
2024-08-04 18:45:00-06:00,,,
2024-08-04 19:00:00-06:00,0.46574,,
2024-08-04 19:15:00-06:00,,,
2024-08-04 19:30:00-06:00,,,
2024-08-04 19:45:00-06:00,,,
2024-08-04 20:00:00-06:00,0.9739599999999999,,
2024-08-04 20:15:00-06:00,,,
2024-08-04 20:30:00-06:00,,,
2024-08-04 20:45:00-06:00,,,
2024-08-04 21:00:00-06:00,1.84646,,
2024-08-04 21:15:00-06:00,,,
2024-08-04 21:30:00-06:00,,,
2024-08-04 21:45:00-06:00,,,
2024-08-04 22:00:00-06:00,0.43116000000000004,,
2024-08-04 22:15:00-06:00,,,
2024-08-04 22:30:00-06:00,,,
2024-08-04 22:45:00-06:00,,,
2024-08-04 23:00:00-06:00,0.25228,,
2024-08-04 23:15:00-06:00,,,
2024-08-04 23:30:00-06:00,,,
2024-08-04 23:45:00-06:00,,,
2024-08-05 00:00:00-06:00,,,
2024-08-05 00:15:00-06:00,,,
2024-08-05 00:30:00-06:00,,,
2024-08-05 00:45:00-06:00,,,
2024-08-05 01:00:00-06:00,,,
2024-08-05 01:15:00-06:00,,,
2024-08-05 01:30:00-06:00,,,
2024-08-05 01:45:00-06:00,,,
2024-08-05 02:00:00-06:00,0.15694,,
2024-08-05 02:15:00-06:00,,,
2024-08-05 02:30:00-06:00,,,
2024-08-05 02:45:00-06:00,,,
2024-08-05 03:00:00-06:00,0.07686,,
2024-08-05 03:15:00-06:00,,,
2024-08-05 03:30:00-06:00,,,
2024-08-05 03:45:00-06:00,,,
2024-08-05 04:00:00-06:00,0.0943,,
2024-08-05 04:15:00-06:00,,,
2024-08-05 04:30:00-06:00,,,
2024-08-05 04:45:00-06:00,,,
2024-08-05 05:00:00-06:00,0.05064,,
2024-08-05 05:15:00-06:00,,,
2024-08-05 05:30:00-06:00,,,
2024-08-05 05:45:00-06:00,,,
2024-08-05 06:00:00-06:00,0.03608,,
2024-08-05 06:15:00-06:00,,,
2024-08-05 06:30:00-06:00,,,
2024-08-05 06:45:00-06:00,,,
2024-08-05 07:00:00-06:00,0.1301,,
2024-08-05 07:15:00-06:00,,,
2024-08-05 07:30:00-06:00,,,
2024-08-05 07:45:00-06:00,,,
2024-08-05 08:00:00-06:00,0.50126,,
2024-08-05 08:15:00-06:00,,,
2024-08-05 08:30:00-06:00,,,
2024-08-05 08:45:00-06:00,,,
2024-08-05 09:00:00-06:00,0.68426,,
2024-08-05 09:15:00-06:00,,,
2024-08-05 09:30:00-06:00,,,
2024-08-05 09:45:00-06:00,,,
2024-08-05 10:00:00-06:00,0.42813999999999997,,
2024-08-05 10:15:00-06:00,,,
2024-08-05 10:30:00-06:00,,,
2024-08-05 10:45:00-06:00,,,
2024-08-05 11:00:00-06:00,0.15972,,
2024-08-05 11:15:00-06:00,,,
2024-08-05 11:30:00-06:00,,,
2024-08-05 11:45:00-06:00,,,
2024-08-05 12:00:00-06:00,0.08662,,
2024-08-05 12:15:00-06:00,,,
2024-08-05 12:30:00-06:00,,,
2024-08-05 12:45:00-06:00,,,
2024-08-05 13:00:00-06:00,0.20532,,
2024-08-05 13:15:00-06:00,,,
2024-08-05 13:30:00-06:00,,,
2024-08-05 13:45:00-06:00,,,
2024-08-05 14:00:00-06:00,,,
2024-08-05 14:15:00-06:00,,,
2024-08-05 14:30:00-06:00,,,
2024-08-05 14:45:00-06:00,,,
2024-08-05 15:00:00-06:00,,,
2024-08-05 15:15:00-06:00,,,
2024-08-05 15:30:00-06:00,,,
2024-08-05 15:45:00-06:00,,,
2024-08-05 16:00:00-06:00,,,
2024-08-05 16:15:00-06:00,,,
2024-08-05 16:30:00-06:00,,,
2024-08-05 16:45:00-06:00,,,
2024-08-05 17:00:00-06:00,,,
2024-08-05 17:15:00-06:00,,,
2024-08-05 17:30:00-06:00,,,
2024-08-05 17:45:00-06:00,,,
2024-08-05 18:00:00-06:00,,,
2024-08-05 18:15:00-06:00,,,
2024-08-05 18:30:00-06:00,,,
2024-08-05 18:45:00-06:00,,,
2024-08-05 19:00:00-06:00,,,
2024-08-05 19:15:00-06:00,,,
2024-08-05 19:30:00-06:00,,,
2024-08-05 19:45:00-06:00,,,
2024-08-05 20:00:00-06:00,,,
2024-08-05 20:15:00-06:00,,,
2024-08-05 20:30:00-06:00,,,
2024-08-05 20:45:00-06:00,,,
2024-08-05 21:00:00-06:00,,,
2024-08-05 21:15:00-06:00,,,
2024-08-05 21:30:00-06:00,,,
2024-08-05 21:45:00-06:00,,,
2024-08-05 22:00:00-06:00,,,
2024-08-05 22:15:00-06:00,,,
2024-08-05 22:30:00-06:00,,,
2024-08-05 22:45:00-06:00,,,
2024-08-05 23:00:00-06:00,,,
2024-08-05 23:15:00-06:00,,,
2024-08-05 23:30:00-06:00,,,
2024-08-05 23:45:00-06:00,,,
2024-08-06 00:00:00-06:00,,,
2024-08-06 00:15:00-06:00,,,
2024-08-06 00:30:00-06:00,,,
2024-08-06 00:45:00-06:00,,,
2024-08-06 01:00:00-06:00,,,
2024-08-06 01:15:00-06:00,,,
2024-08-06 01:30:00-06:00,,,
2024-08-06 01:45:00-06:00,,,
2024-08-06 02:00:00-06:00,,,
2024-08-06 02:15:00-06:00,,,
2024-08-06 02:30:00-06:00,,,
2024-08-06 02:45:00-06:00,,,
2024-08-06 03:00:00-06:00,,,
2024-08-06 03:15:00-06:00,,,
2024-08-06 03:30:00-06:00,,,
2024-08-06 03:45:00-06:00,,,
2024-08-06 04:00:00-06:00,,,
2024-08-06 04:15:00-06:00,,,
2024-08-06 04:30:00-06:00,,,
2024-08-06 04:45:00-06:00,,,
2024-08-06 05:00:00-06:00,,,
2024-08-06 05:15:00-06:00,,,
2024-08-06 05:30:00-06:00,,,
2024-08-06 05:45:00-06:00,,,
2024-08-06 06:00:00-06:00,,,
2024-08-06 06:15:00-06:00,,,
2024-08-06 06:30:00-06:00,,,
2024-08-06 06:45:00-06:00,,,
2024-08-06 07:00:00-06:00,,,
2024-08-06 07:15:00-06:00,,,
2024-08-06 07:30:00-06:00,,,
2024-08-06 07:45:00-06:00,,,
2024-08-06 08:00:00-06:00,,,
2024-08-06 08:15:00-06:00,,,
2024-08-06 08:30:00-06:00,,,
2024-08-06 08:45:00-06:00,,,
2024-08-06 09:00:00-06:00,,,
2024-08-06 09:15:00-06:00,,,
2024-08-06 09:30:00-06:00,,,
2024-08-06 09:45:00-06:00,,,
2024-08-06 10:00:00-06:00,,,
2024-08-06 10:15:00-06:00,,,
2024-08-06 10:30:00-06:00,,,
2024-08-06 10:45:00-06:00,,,
2024-08-06 11:00:00-06:00,,,
2024-08-06 11:15:00-06:00,,,
2024-08-06 11:30:00-06:00,,,
2024-08-06 11:45:00-06:00,,,
2024-08-06 12:00:00-06:00,,,
2024-08-06 12:15:00-06:00,,,
2024-08-06 12:30:00-06:00,,,
2024-08-06 12:45:00-06:00,,,
2024-08-06 13:00:00-06:00,,,
2024-08-06 13:15:00-06:00,,,
2024-08-06 13:30:00-06:00,,,
2024-08-06 13:45:00-06:00,,,
2024-08-06 14:00:00-06:00,,,
2024-08-06 14:15:00-06:00,,,
2024-08-06 14:30:00-06:00,,,
2024-08-06 14:45:00-06:00,,,
2024-08-06 15:00:00-06:00,,,
2024-08-06 15:15:00-06:00,,,
2024-08-06 15:30:00-06:00,,,
2024-08-06 15:45:00-06:00,,,
2024-08-06 16:00:00-06:00,,,
2024-08-06 16:15:00-06:00,,,
2024-08-06 16:30:00-06:00,,,
2024-08-06 16:45:00-06:00,,,
2024-08-06 17:00:00-06:00,,,
2024-08-06 17:15:00-06:00,,,
2024-08-06 17:30:00-06:00,,,
2024-08-06 17:45:00-06:00,,,
2024-08-06 18:00:00-06:00,,,
2024-08-06 18:15:00-06:00,,,
2024-08-06 18:30:00-06:00,,,
2024-08-06 18:45:00-06:00,,,
2024-08-06 19:00:00-06:00,,,
2024-08-06 19:15:00-06:00,,,
2024-08-06 19:30:00-06:00,,,
2024-08-06 19:45:00-06:00,,,
2024-08-06 20:00:00-06:00,,,
2024-08-06 20:15:00-06:00,,,
2024-08-06 20:30:00-06:00,,,
2024-08-06 20:45:00-06:00,,,
2024-08-06 21:00:00-06:00,,,
2024-08-06 21:15:00-06:00,,,
2024-08-06 21:30:00-06:00,,,
2024-08-06 21:45:00-06:00,,,
2024-08-06 22:00:00-06:00,,,
2024-08-06 22:15:00-06:00,,,
2024-08-06 22:30:00-06:00,,,
2024-08-06 22:45:00-06:00,,,
2024-08-06 23:00:00-06:00,,,
2024-08-06 23:15:00-06:00,,,
2024-08-06 23:30:00-06:00,,,
2024-08-06 23:45:00-06:00,,,
2024-08-07 00:00:00-06:00,,,
2024-08-07 00:15:00-06:00,,,
2024-08-07 00:30:00-06:00,,,
2024-08-07 00:45:00-06:00,,,
2024-08-07 01:00:00-06:00,,,
2024-08-07 01:15:00-06:00,,,
2024-08-07 01:30:00-06:00,,,
2024-08-07 01:45:00-06:00,,,
2024-08-07 02:00:00-06:00,,,
2024-08-07 02:15:00-06:00,,,
2024-08-07 02:30:00-06:00,,,
2024-08-07 02:45:00-06:00,,,
2024-08-07 03:00:00-06:00,,,
2024-08-07 03:15:00-06:00,,,
2024-08-07 03:30:00-06:00,,,
2024-08-07 03:45:00-06:00,,,
2024-08-07 04:00:00-06:00,,,
2024-08-07 04:15:00-06:00,,,
2024-08-07 04:30:00-06:00,,,
2024-08-07 04:45:00-06:00,,,
2024-08-07 05:00:00-06:00,,,
2024-08-07 05:15:00-06:00,,,
2024-08-07 05:30:00-06:00,,,
2024-08-07 05:45:00-06:00,,,
2024-08-07 06:00:00-06:00,,,
2024-08-07 06:15:00-06:00,,,
2024-08-07 06:30:00-06:00,,,
2024-08-07 06:45:00-06:00,,,
2024-08-07 07:00:00-06:00,,,
2024-08-07 07:15:00-06:00,,,
2024-08-07 07:30:00-06:00,,,
2024-08-07 07:45:00-06:00,,,
2024-08-07 08:00:00-06:00,,,
2024-08-07 08:15:00-06:00,,,
2024-08-07 08:30:00-06:00,,,
2024-08-07 08:45:00-06:00,,,
2024-08-07 09:00:00-06:00,,,
2024-08-07 09:15:00-06:00,,,
2024-08-07 09:30:00-06:00,,,
2024-08-07 09:45:00-06:00,,,
2024-08-07 10:00:00-06:00,,,
2024-08-07 10:15:00-06:00,,,
2024-08-07 10:30:00-06:00,,,
2024-08-07 10:45:00-06:00,,,
2024-08-07 11:00:00-06:00,,,
2024-08-07 11:15:00-06:00,,,
2024-08-07 11:30:00-06:00,,,
2024-08-07 11:45:00-06:00,,,
2024-08-07 12:00:00-06:00,,,
2024-08-07 12:15:00-06:00,,,
2024-08-07 12:30:00-06:00,,,
2024-08-07 12:45:00-06:00,,,
2024-08-07 13:00:00-06:00,,,
2024-08-07 13:15:00-06:00,,,
2024-08-07 13:30:00-06:00,,,
2024-08-07 13:45:00-06:00,,,
2024-08-07 14:00:00-06:00,0.16354,,
2024-08-07 14:15:00-06:00,,,
2024-08-07 14:30:00-06:00,,,
2024-08-07 14:45:00-06:00,,,
2024-08-07 15:00:00-06:00,,,
2024-08-07 15:15:00-06:00,,,
2024-08-07 15:30:00-06:00,,,
2024-08-07 15:45:00-06:00,,,
2024-08-07 16:00:00-06:00,,,
2024-08-07 16:15:00-06:00,,,
2024-08-07 16:30:00-06:00,,,
2024-08-07 16:45:00-06:00,,,
2024-08-07 17:00:00-06:00,,,
2024-08-07 17:15:00-06:00,,,
2024-08-07 17:30:00-06:00,,,
2024-08-07 17:45:00-06:00,,,
2024-08-07 18:00:00-06:00,,,
2024-08-07 18:15:00-06:00,,,
2024-08-07 18:30:00-06:00,,,
2024-08-07 18:45:00-06:00,,,
2024-08-07 19:00:00-06:00,,,
2024-08-07 19:15:00-06:00,,,
2024-08-07 19:30:00-06:00,,,
2024-08-07 19:45:00-06:00,,,
2024-08-07 20:00:00-06:00,,,
2024-08-07 20:15:00-06:00,,,
2024-08-07 20:30:00-06:00,,,
2024-08-07 20:45:00-06:00,,,
2024-08-07 21:00:00-06:00,,,
2024-08-07 21:15:00-06:00,,,
2024-08-07 21:30:00-06:00,,,
2024-08-07 21:45:00-06:00,,,
2024-08-07 22:00:00-06:00,,,
2024-08-07 22:15:00-06:00,,,
2024-08-07 22:30:00-06:00,,,
2024-08-07 22:45:00-06:00,,,
2024-08-07 23:00:00-06:00,,,
2024-08-07 23:15:00-06:00,,,
2024-08-07 23:30:00-06:00,,,
2024-08-07 23:45:00-06:00,,,
2024-08-08 00:00:00-06:00,,,
2024-08-08 00:15:00-06:00,,,
2024-08-08 00:30:00-06:00,,,
2024-08-08 00:45:00-06:00,,,
2024-08-08 01:00:00-06:00,,,
2024-08-08 01:15:00-06:00,,,
2024-08-08 01:30:00-06:00,,,
2024-08-08 01:45:00-06:00,,,
2024-08-08 02:00:00-06:00,,,
2024-08-08 02:15:00-06:00,,,
2024-08-08 02:30:00-06:00,,,
2024-08-08 02:45:00-06:00,,,
2024-08-08 03:00:00-06:00,,,
2024-08-08 03:15:00-06:00,,,
2024-08-08 03:30:00-06:00,,,
2024-08-08 03:45:00-06:00,,,
2024-08-08 04:00:00-06:00,,,
2024-08-08 04:15:00-06:00,,,
2024-08-08 04:30:00-06:00,,,
2024-08-08 04:45:00-06:00,,,
2024-08-08 05:00:00-06:00,,,
2024-08-08 05:15:00-06:00,,,
2024-08-08 05:30:00-06:00,,,
2024-08-08 05:45:00-06:00,,,
2024-08-08 06:00:00-06:00,,,
2024-08-08 06:15:00-06:00,,,
2024-08-08 06:30:00-06:00,,,
2024-08-08 06:45:00-06:00,,,
2024-08-08 07:00:00-06:00,,,
2024-08-08 07:15:00-06:00,,,
2024-08-08 07:30:00-06:00,,,
2024-08-08 07:45:00-06:00,,,
2024-08-08 08:00:00-06:00,,,
2024-08-08 08:15:00-06:00,,,
2024-08-08 08:30:00-06:00,,,
2024-08-08 08:45:00-06:00,,,
2024-08-08 09:00:00-06:00,,,
2024-08-08 09:15:00-06:00,,,
2024-08-08 09:30:00-06:00,,,
2024-08-08 09:45:00-06:00,,,
2024-08-08 10:00:00-06:00,,,
2024-08-08 10:15:00-06:00,,,
2024-08-08 10:30:00-06:00,,,
2024-08-08 10:45:00-06:00,,,
2024-08-08 11:00:00-06:00,,,
2024-08-08 11:15:00-06:00,,,
2024-08-08 11:30:00-06:00,,,
2024-08-08 11:45:00-06:00,,,
2024-08-08 12:00:00-06:00,,,
2024-08-08 12:15:00-06:00,,,
2024-08-08 12:30:00-06:00,,,
2024-08-08 12:45:00-06:00,,,
2024-08-08 13:00:00-06:00,,,
2024-08-08 13:15:00-06:00,,,
2024-08-08 13:30:00-06:00,,,
2024-08-08 13:45:00-06:00,,,
2024-08-08 14:00:00-06:00,,,
2024-08-08 14:15:00-06:00,,,
2024-08-08 14:30:00-06:00,,,
2024-08-08 14:45:00-06:00,,,
2024-08-08 15:00:00-06:00,,,
2024-08-08 15:15:00-06:00,,,
2024-08-08 15:30:00-06:00,,,
2024-08-08 15:45:00-06:00,,,
2024-08-08 16:00:00-06:00,,,
2024-08-08 16:15:00-06:00,,,
2024-08-08 16:30:00-06:00,,,
2024-08-08 16:45:00-06:00,,,
2024-08-08 17:00:00-06:00,,,
2024-08-08 17:15:00-06:00,,,
2024-08-08 17:30:00-06:00,,,
2024-08-08 17:45:00-06:00,,,
2024-08-08 18:00:00-06:00,,,
2024-08-08 18:15:00-06:00,,,
2024-08-08 18:30:00-06:00,,,
2024-08-08 18:45:00-06:00,,,
2024-08-08 19:00:00-06:00,,,
2024-08-08 19:15:00-06:00,,,
2024-08-08 19:30:00-06:00,,,
2024-08-08 19:45:00-06:00,,,
2024-08-08 20:00:00-06:00,,,
2024-08-08 20:15:00-06:00,,,
2024-08-08 20:30:00-06:00,,,
2024-08-08 20:45:00-06:00,,,
2024-08-08 21:00:00-06:00,,,
2024-08-08 21:15:00-06:00,,,
2024-08-08 21:30:00-06:00,,,
2024-08-08 21:45:00-06:00,,,
2024-08-08 22:00:00-06:00,,,
2024-08-08 22:15:00-06:00,,,
2024-08-08 22:30:00-06:00,,,
2024-08-08 22:45:00-06:00,,,
2024-08-08 23:00:00-06:00,,,
2024-08-08 23:15:00-06:00,,,
2024-08-08 23:30:00-06:00,,,
2024-08-08 23:45:00-06:00,,,
2024-08-09 00:00:00-06:00,,,
2024-08-09 00:15:00-06:00,,,
2024-08-09 00:30:00-06:00,,,
2024-08-09 00:45:00-06:00,,,
2024-08-09 01:00:00-06:00,,,
2024-08-09 01:15:00-06:00,,,
2024-08-09 01:30:00-06:00,,,
2024-08-09 01:45:00-06:00,,,
2024-08-09 02:00:00-06:00,0.16821999999999998,,
2024-08-09 02:15:00-06:00,,,
2024-08-09 02:30:00-06:00,,,
2024-08-09 02:45:00-06:00,,,
2024-08-09 03:00:00-06:00,0.11016,,
2024-08-09 03:15:00-06:00,,,
2024-08-09 03:30:00-06:00,,,
2024-08-09 03:45:00-06:00,,,
2024-08-09 04:00:00-06:00,0.09234,,
2024-08-09 04:15:00-06:00,,,
2024-08-09 04:30:00-06:00,,,
2024-08-09 04:45:00-06:00,,,
2024-08-09 05:00:00-06:00,0.06967999999999999,,
2024-08-09 05:15:00-06:00,,,
2024-08-09 05:30:00-06:00,,,
2024-08-09 05:45:00-06:00,,,
2024-08-09 06:00:00-06:00,0.07046,,
2024-08-09 06:15:00-06:00,,,
2024-08-09 06:30:00-06:00,,,
2024-08-09 06:45:00-06:00,,,
2024-08-09 07:00:00-06:00,,,
2024-08-09 07:15:00-06:00,,,
2024-08-09 07:30:00-06:00,,,
2024-08-09 07:45:00-06:00,,,
2024-08-09 08:00:00-06:00,,,
2024-08-09 08:15:00-06:00,,,
2024-08-09 08:30:00-06:00,,,
2024-08-09 08:45:00-06:00,,,
2024-08-09 09:00:00-06:00,0.14754,,
2024-08-09 09:15:00-06:00,,,
2024-08-09 09:30:00-06:00,,,
2024-08-09 09:45:00-06:00,,,
2024-08-09 10:00:00-06:00,,,
2024-08-09 10:15:00-06:00,,,
2024-08-09 10:30:00-06:00,,,
2024-08-09 10:45:00-06:00,,,
2024-08-09 11:00:00-06:00,,,
2024-08-09 11:15:00-06:00,,,
2024-08-09 11:30:00-06:00,,,
2024-08-09 11:45:00-06:00,,,
2024-08-09 12:00:00-06:00,0.28765999999999997,,
2024-08-09 12:15:00-06:00,,,
2024-08-09 12:30:00-06:00,,,
2024-08-09 12:45:00-06:00,,,
2024-08-09 13:00:00-06:00,0.25892,,
2024-08-09 13:15:00-06:00,,,
2024-08-09 13:30:00-06:00,,,
2024-08-09 13:45:00-06:00,,,
2024-08-09 14:00:00-06:00,0.13586,,
2024-08-09 14:15:00-06:00,,,
2024-08-09 14:30:00-06:00,,,
2024-08-09 14:45:00-06:00,,,
2024-08-09 15:00:00-06:00,0.3548,,
2024-08-09 15:15:00-06:00,,,
2024-08-09 15:30:00-06:00,,,
2024-08-09 15:45:00-06:00,,,
2024-08-09 16:00:00-06:00,0.34578000000000003,,
2024-08-09 16:15:00-06:00,,,
2024-08-09 16:30:00-06:00,,,
2024-08-09 16:45:00-06:00,,,
2024-08-09 17:00:00-06:00,0.3519,,
2024-08-09 17:15:00-06:00,,,
2024-08-09 17:30:00-06:00,,,
2024-08-09 17:45:00-06:00,,,
2024-08-09 18:00:00-06:00,0.08227999999999999,,
2024-08-09 18:15:00-06:00,,,
2024-08-09 18:30:00-06:00,,,
2024-08-09 18:45:00-06:00,,,
2024-08-09 19:00:00-06:00,0.69626,,
2024-08-09 19:15:00-06:00,,,
2024-08-09 19:30:00-06:00,,,
2024-08-09 19:45:00-06:00,,,
2024-08-09 20:00:00-06:00,0.35137999999999997,,
2024-08-09 20:15:00-06:00,,,
2024-08-09 20:30:00-06:00,,,
2024-08-09 20:45:00-06:00,,,
2024-08-09 21:00:00-06:00,0.12868,,
2024-08-09 21:15:00-06:00,,,
2024-08-09 21:30:00-06:00,,,
2024-08-09 21:45:00-06:00,,,
2024-08-09 22:00:00-06:00,0.14196,,
2024-08-09 22:15:00-06:00,,,
2024-08-09 22:30:00-06:00,,,
2024-08-09 22:45:00-06:00,,,
2024-08-09 23:00:00-06:00,0.1086,,
2024-08-09 23:15:00-06:00,,,
2024-08-09 23:30:00-06:00,,,
2024-08-09 23:45:00-06:00,,,
2024-08-10 00:00:00-06:00,,,
2024-08-10 00:15:00-06:00,,,
2024-08-10 00:30:00-06:00,,,
2024-08-10 00:45:00-06:00,,,
2024-08-10 01:00:00-06:00,,,
2024-08-10 01:15:00-06:00,,,
2024-08-10 01:30:00-06:00,,,
2024-08-10 01:45:00-06:00,,,
2024-08-10 02:00:00-06:00,0.10198,,
2024-08-10 02:15:00-06:00,,,
2024-08-10 02:30:00-06:00,,,
2024-08-10 02:45:00-06:00,,,
2024-08-10 03:00:00-06:00,0.0701,,
2024-08-10 03:15:00-06:00,,,
2024-08-10 03:30:00-06:00,,,
2024-08-10 03:45:00-06:00,,,
2024-08-10 04:00:00-06:00,0.05732,,
2024-08-10 04:15:00-06:00,,,
2024-08-10 04:30:00-06:00,,,
2024-08-10 04:45:00-06:00,,,
2024-08-10 05:00:00-06:00,0.045,,
2024-08-10 05:15:00-06:00,,,
2024-08-10 05:30:00-06:00,,,
2024-08-10 05:45:00-06:00,,,
2024-08-10 06:00:00-06:00,0.0318,,
2024-08-10 06:15:00-06:00,,,
2024-08-10 06:30:00-06:00,,,
2024-08-10 06:45:00-06:00,,,
2024-08-10 07:00:00-06:00,0.1137,,
2024-08-10 07:15:00-06:00,,,
2024-08-10 07:30:00-06:00,,,
2024-08-10 07:45:00-06:00,,,
2024-08-10 08:00:00-06:00,0.31920000000000004,,
2024-08-10 08:15:00-06:00,,,
2024-08-10 08:30:00-06:00,,,
2024-08-10 08:45:00-06:00,,,
2024-08-10 09:00:00-06:00,0.38034,,
2024-08-10 09:15:00-06:00,,,
2024-08-10 09:30:00-06:00,,,
2024-08-10 09:45:00-06:00,,,
2024-08-10 10:00:00-06:00,0.13924,,
2024-08-10 10:15:00-06:00,,,
2024-08-10 10:30:00-06:00,,,
2024-08-10 10:45:00-06:00,,,
2024-08-10 11:00:00-06:00,0.14304,,
2024-08-10 11:15:00-06:00,,,
2024-08-10 11:30:00-06:00,,,
2024-08-10 11:45:00-06:00,,,
2024-08-10 12:00:00-06:00,0.29716,,
2024-08-10 12:15:00-06:00,,,
2024-08-10 12:30:00-06:00,,,
2024-08-10 12:45:00-06:00,,,
2024-08-10 13:00:00-06:00,0.31901999999999997,,
2024-08-10 13:15:00-06:00,,,
2024-08-10 13:30:00-06:00,,,
2024-08-10 13:45:00-06:00,,,
2024-08-10 14:00:00-06:00,0.12472000000000001,,
2024-08-10 14:15:00-06:00,,,
2024-08-10 14:30:00-06:00,,,
2024-08-10 14:45:00-06:00,,,
2024-08-10 15:00:00-06:00,0.9418599999999999,,
2024-08-10 15:15:00-06:00,,,
2024-08-10 15:30:00-06:00,,,
2024-08-10 15:45:00-06:00,,,
2024-08-10 16:00:00-06:00,0.65526,,
2024-08-10 16:15:00-06:00,,,
2024-08-10 16:30:00-06:00,,,
2024-08-10 16:45:00-06:00,,,
2024-08-10 17:00:00-06:00,0.40632,,
2024-08-10 17:15:00-06:00,,,
2024-08-10 17:30:00-06:00,,,
2024-08-10 17:45:00-06:00,,,
2024-08-10 18:00:00-06:00,0.5105999999999999,,
2024-08-10 18:15:00-06:00,,,
2024-08-10 18:30:00-06:00,,,
2024-08-10 18:45:00-06:00,,,
2024-08-10 19:00:00-06:00,0.72776,,
2024-08-10 19:15:00-06:00,,,
2024-08-10 19:30:00-06:00,,,
2024-08-10 19:45:00-06:00,,,
2024-08-10 20:00:00-06:00,0.39338,,
2024-08-10 20:15:00-06:00,,,
2024-08-10 20:30:00-06:00,,,
2024-08-10 20:45:00-06:00,,,
2024-08-10 21:00:00-06:00,,,
2024-08-10 21:15:00-06:00,,,
2024-08-10 21:30:00-06:00,,,
2024-08-10 21:45:00-06:00,,,
2024-08-10 22:00:00-06:00,,,
2024-08-10 22:15:00-06:00,,,
2024-08-10 22:30:00-06:00,,,
2024-08-10 22:45:00-06:00,,,
2024-08-10 23:00:00-06:00,0.78756,,
2024-08-10 23:15:00-06:00,,,
2024-08-10 23:30:00-06:00,,,
2024-08-10 23:45:00-06:00,,,
2024-08-11 00:00:00-06:00,0.34571999999999997,,
2024-08-11 00:15:00-06:00,,,
2024-08-11 00:30:00-06:00,,,
2024-08-11 00:45:00-06:00,,,
2024-08-11 01:00:00-06:00,0.33826,,
2024-08-11 01:15:00-06:00,,,
2024-08-11 01:30:00-06:00,,,
2024-08-11 01:45:00-06:00,,,
2024-08-11 02:00:00-06:00,,,
2024-08-11 02:15:00-06:00,,,
2024-08-11 02:30:00-06:00,,,
2024-08-11 02:45:00-06:00,,,
2024-08-11 03:00:00-06:00,,,
2024-08-11 03:15:00-06:00,,,
2024-08-11 03:30:00-06:00,,,
2024-08-11 03:45:00-06:00,,,
2024-08-11 04:00:00-06:00,,,
2024-08-11 04:15:00-06:00,,,
2024-08-11 04:30:00-06:00,,,
2024-08-11 04:45:00-06:00,,,
2024-08-11 05:00:00-06:00,,,
2024-08-11 05:15:00-06:00,,,
2024-08-11 05:30:00-06:00,,,
2024-08-11 05:45:00-06:00,,,
2024-08-11 06:00:00-06:00,,,
2024-08-11 06:15:00-06:00,,,
2024-08-11 06:30:00-06:00,,,
2024-08-11 06:45:00-06:00,,,
2024-08-11 07:00:00-06:00,,,
2024-08-11 07:15:00-06:00,,,
2024-08-11 07:30:00-06:00,,,
2024-08-11 07:45:00-06:00,,,
2024-08-11 08:00:00-06:00,,,
2024-08-11 08:15:00-06:00,,,
2024-08-11 08:30:00-06:00,,,
2024-08-11 08:45:00-06:00,,,
2024-08-11 09:00:00-06:00,0.24488,,
2024-08-11 09:15:00-06:00,,,
2024-08-11 09:30:00-06:00,,,
2024-08-11 09:45:00-06:00,,,
2024-08-11 10:00:00-06:00,,,
2024-08-11 10:15:00-06:00,,,
2024-08-11 10:30:00-06:00,,,
2024-08-11 10:45:00-06:00,,,
2024-08-11 11:00:00-06:00,,,
2024-08-11 11:15:00-06:00,,,
2024-08-11 11:30:00-06:00,,,
2024-08-11 11:45:00-06:00,,,
2024-08-11 12:00:00-06:00,0.17224,,
2024-08-11 12:15:00-06:00,,,
2024-08-11 12:30:00-06:00,,,
2024-08-11 12:45:00-06:00,,,
2024-08-11 13:00:00-06:00,0.14842,,
2024-08-11 13:15:00-06:00,,,
2024-08-11 13:30:00-06:00,,,
2024-08-11 13:45:00-06:00,,,
2024-08-11 14:00:00-06:00,0.10676000000000001,,
2024-08-11 14:15:00-06:00,,,
2024-08-11 14:30:00-06:00,,,
2024-08-11 14:45:00-06:00,,,
2024-08-11 15:00:00-06:00,0.13452,,
2024-08-11 15:15:00-06:00,,,
2024-08-11 15:30:00-06:00,,,
2024-08-11 15:45:00-06:00,,,
2024-08-11 16:00:00-06:00,0.15596000000000002,,
2024-08-11 16:15:00-06:00,,,
2024-08-11 16:30:00-06:00,,,
2024-08-11 16:45:00-06:00,,,
2024-08-11 17:00:00-06:00,0.08724,,
2024-08-11 17:15:00-06:00,,,
2024-08-11 17:30:00-06:00,,,
2024-08-11 17:45:00-06:00,,,
2024-08-11 18:00:00-06:00,0.11682,,
2024-08-11 18:15:00-06:00,,,
2024-08-11 18:30:00-06:00,,,
2024-08-11 18:45:00-06:00,,,
2024-08-11 19:00:00-06:00,0.21588,,
2024-08-11 19:15:00-06:00,,,
2024-08-11 19:30:00-06:00,,,
2024-08-11 19:45:00-06:00,,,
2024-08-11 20:00:00-06:00,0.41214000000000006,,
2024-08-11 20:15:00-06:00,,,
2024-08-11 20:30:00-06:00,,,
2024-08-11 20:45:00-06:00,,,
2024-08-11 21:00:00-06:00,0.028199999999999996,,
2024-08-11 21:15:00-06:00,,,
2024-08-11 21:30:00-06:00,,,
2024-08-11 21:45:00-06:00,,,
2024-08-11 22:00:00-06:00,0.04406,,
2024-08-11 22:15:00-06:00,,,
2024-08-11 22:30:00-06:00,,,
2024-08-11 22:45:00-06:00,,,
2024-08-11 23:00:00-06:00,0.01908,,
2024-08-11 23:15:00-06:00,,,
2024-08-11 23:30:00-06:00,,,
2024-08-11 23:45:00-06:00,,,
2024-08-12 00:00:00-06:00,,,
2024-08-12 00:15:00-06:00,,,
2024-08-12 00:30:00-06:00,,,
2024-08-12 00:45:00-06:00,,,
2024-08-12 01:00:00-06:00,,,
2024-08-12 01:15:00-06:00,,,
2024-08-12 01:30:00-06:00,,,
2024-08-12 01:45:00-06:00,,,
2024-08-12 02:00:00-06:00,0.014660000000000001,,
2024-08-12 02:15:00-06:00,,,
2024-08-12 02:30:00-06:00,,,
2024-08-12 02:45:00-06:00,,,
2024-08-12 03:00:00-06:00,0.00808,,
2024-08-12 03:15:00-06:00,,,
2024-08-12 03:30:00-06:00,,,
2024-08-12 03:45:00-06:00,,,
2024-08-12 04:00:00-06:00,0.0,,
2024-08-12 04:15:00-06:00,,,
2024-08-12 04:30:00-06:00,,,
2024-08-12 04:45:00-06:00,,,
2024-08-12 05:00:00-06:00,0.0,,
2024-08-12 05:15:00-06:00,,,
2024-08-12 05:30:00-06:00,,,
2024-08-12 05:45:00-06:00,,,
2024-08-12 06:00:00-06:00,0.01012,,
2024-08-12 06:15:00-06:00,,,
2024-08-12 06:30:00-06:00,,,
2024-08-12 06:45:00-06:00,,,
2024-08-12 07:00:00-06:00,0.04804,,
2024-08-12 07:15:00-06:00,,,
2024-08-12 07:30:00-06:00,,,
2024-08-12 07:45:00-06:00,,,
2024-08-12 08:00:00-06:00,0.16142,,
2024-08-12 08:15:00-06:00,,,
2024-08-12 08:30:00-06:00,,,
2024-08-12 08:45:00-06:00,,,
2024-08-12 09:00:00-06:00,0.37126000000000003,,
2024-08-12 09:15:00-06:00,,,
2024-08-12 09:30:00-06:00,,,
2024-08-12 09:45:00-06:00,,,
2024-08-12 10:00:00-06:00,0.26004,,
2024-08-12 10:15:00-06:00,,,
2024-08-12 10:30:00-06:00,,,
2024-08-12 10:45:00-06:00,,,
2024-08-12 11:00:00-06:00,0.227,,
2024-08-12 11:15:00-06:00,,,
2024-08-12 11:30:00-06:00,,,
2024-08-12 11:45:00-06:00,,,
2024-08-12 12:00:00-06:00,0.19322,,
2024-08-12 12:15:00-06:00,,,
2024-08-12 12:30:00-06:00,,,
2024-08-12 12:45:00-06:00,,,
2024-08-12 13:00:00-06:00,0.25783999999999996,,
2024-08-12 13:15:00-06:00,,,
2024-08-12 13:30:00-06:00,,,
2024-08-12 13:45:00-06:00,,,
2024-08-12 14:00:00-06:00,0.15122,,
2024-08-12 14:15:00-06:00,,,
2024-08-12 14:30:00-06:00,,,
2024-08-12 14:45:00-06:00,,,
2024-08-12 15:00:00-06:00,0.03074,,
2024-08-12 15:15:00-06:00,,,
2024-08-12 15:30:00-06:00,,,
2024-08-12 15:45:00-06:00,,,
2024-08-12 16:00:00-06:00,0.06208,,
2024-08-12 16:15:00-06:00,,,
2024-08-12 16:30:00-06:00,,,
2024-08-12 16:45:00-06:00,,,
2024-08-12 17:00:00-06:00,0.10207999999999999,,
2024-08-12 17:15:00-06:00,,,
2024-08-12 17:30:00-06:00,,,
2024-08-12 17:45:00-06:00,,,
2024-08-12 18:00:00-06:00,0.13266,,
2024-08-12 18:15:00-06:00,,,
2024-08-12 18:30:00-06:00,,,
2024-08-12 18:45:00-06:00,,,
2024-08-12 19:00:00-06:00,0.15833999999999998,,
2024-08-12 19:15:00-06:00,,,
2024-08-12 19:30:00-06:00,,,
2024-08-12 19:45:00-06:00,,,
2024-08-12 20:00:00-06:00,0.2284,,
2024-08-12 20:15:00-06:00,,,
2024-08-12 20:30:00-06:00,,,
2024-08-12 20:45:00-06:00,,,
2024-08-12 21:00:00-06:00,0.12718000000000002,,
2024-08-12 21:15:00-06:00,,,
2024-08-12 21:30:00-06:00,,,
2024-08-12 21:45:00-06:00,,,
2024-08-12 22:00:00-06:00,0.137,,
2024-08-12 22:15:00-06:00,,,
2024-08-12 22:30:00-06:00,,,
2024-08-12 22:45:00-06:00,,,
2024-08-12 23:00:00-06:00,0.04202,,
2024-08-12 23:15:00-06:00,,,
2024-08-12 23:30:00-06:00,,,
2024-08-12 23:45:00-06:00,,,
2024-08-13 00:00:00-06:00,0.01338,,
2024-08-13 00:15:00-06:00,,,
2024-08-13 00:30:00-06:00,,,
2024-08-13 00:45:00-06:00,,,
2024-08-13 01:00:00-06:00,0.00664,,
2024-08-13 01:15:00-06:00,,,
2024-08-13 01:30:00-06:00,,,
2024-08-13 01:45:00-06:00,,,
2024-08-13 02:00:00-06:00,,,
2024-08-13 02:15:00-06:00,,,
2024-08-13 02:30:00-06:00,,,
2024-08-13 02:45:00-06:00,,,
2024-08-13 03:00:00-06:00,,,
2024-08-13 03:15:00-06:00,,,
2024-08-13 03:30:00-06:00,,,
2024-08-13 03:45:00-06:00,,,
2024-08-13 04:00:00-06:00,0.0,,
2024-08-13 04:15:00-06:00,,,
2024-08-13 04:30:00-06:00,,,
2024-08-13 04:45:00-06:00,,,
2024-08-13 05:00:00-06:00,,,
2024-08-13 05:15:00-06:00,,,
2024-08-13 05:30:00-06:00,,,
2024-08-13 05:45:00-06:00,,,
2024-08-13 06:00:00-06:00,,,
2024-08-13 06:15:00-06:00,,,
2024-08-13 06:30:00-06:00,,,
2024-08-13 06:45:00-06:00,,,
2024-08-13 07:00:00-06:00,,,
2024-08-13 07:15:00-06:00,,,
2024-08-13 07:30:00-06:00,,,
2024-08-13 07:45:00-06:00,,,
2024-08-13 08:00:00-06:00,,,
2024-08-13 08:15:00-06:00,,,
2024-08-13 08:30:00-06:00,,,
2024-08-13 08:45:00-06:00,,,
2024-08-13 09:00:00-06:00,,,
2024-08-13 09:15:00-06:00,,,
2024-08-13 09:30:00-06:00,,,
2024-08-13 09:45:00-06:00,,,
2024-08-13 10:00:00-06:00,,,
2024-08-13 10:15:00-06:00,,,
2024-08-13 10:30:00-06:00,,,
2024-08-13 10:45:00-06:00,,,
2024-08-13 11:00:00-06:00,,,
2024-08-13 11:15:00-06:00,,,
2024-08-13 11:30:00-06:00,,,
2024-08-13 11:45:00-06:00,,,
2024-08-13 12:00:00-06:00,,,
2024-08-13 12:15:00-06:00,,,
2024-08-13 12:30:00-06:00,,,
2024-08-13 12:45:00-06:00,,,
2024-08-13 13:00:00-06:00,,,
2024-08-13 13:15:00-06:00,,,
2024-08-13 13:30:00-06:00,,,
2024-08-13 13:45:00-06:00,,,
2024-08-13 14:00:00-06:00,,,
2024-08-13 14:15:00-06:00,,,
2024-08-13 14:30:00-06:00,,,
2024-08-13 14:45:00-06:00,,,
2024-08-13 15:00:00-06:00,,,
2024-08-13 15:15:00-06:00,,,
2024-08-13 15:30:00-06:00,,,
2024-08-13 15:45:00-06:00,,,
2024-08-13 16:00:00-06:00,,,
2024-08-13 16:15:00-06:00,,,
2024-08-13 16:30:00-06:00,,,
2024-08-13 16:45:00-06:00,,,
2024-08-13 17:00:00-06:00,,,
2024-08-13 17:15:00-06:00,,,
2024-08-13 17:30:00-06:00,,,
2024-08-13 17:45:00-06:00,,,
2024-08-13 18:00:00-06:00,,,
2024-08-13 18:15:00-06:00,,,
2024-08-13 18:30:00-06:00,,,
2024-08-13 18:45:00-06:00,,,
2024-08-13 19:00:00-06:00,,,
2024-08-13 19:15:00-06:00,,,
2024-08-13 19:30:00-06:00,,,
2024-08-13 19:45:00-06:00,,,
2024-08-13 20:00:00-06:00,,,
2024-08-13 20:15:00-06:00,,,
2024-08-13 20:30:00-06:00,,,
2024-08-13 20:45:00-06:00,,,
2024-08-13 21:00:00-06:00,,,
2024-08-13 21:15:00-06:00,,,
2024-08-13 21:30:00-06:00,,,
2024-08-13 21:45:00-06:00,,,
2024-08-13 22:00:00-06:00,,,
2024-08-13 22:15:00-06:00,,,
2024-08-13 22:30:00-06:00,,,
2024-08-13 22:45:00-06:00,,,
2024-08-13 23:00:00-06:00,,,
2024-08-13 23:15:00-06:00,,,
2024-08-13 23:30:00-06:00,,,
2024-08-13 23:45:00-06:00,,,
2024-08-14 00:00:00-06:00,,,
2024-08-14 00:15:00-06:00,,,
2024-08-14 00:30:00-06:00,,,
2024-08-14 00:45:00-06:00,,,
2024-08-14 01:00:00-06:00,,,
2024-08-14 01:15:00-06:00,,,
2024-08-14 01:30:00-06:00,,,
2024-08-14 01:45:00-06:00,,,
2024-08-14 02:00:00-06:00,,,
2024-08-14 02:15:00-06:00,,,
2024-08-14 02:30:00-06:00,,,
2024-08-14 02:45:00-06:00,,,
2024-08-14 03:00:00-06:00,,,
2024-08-14 03:15:00-06:00,,,
2024-08-14 03:30:00-06:00,,,
2024-08-14 03:45:00-06:00,,,
2024-08-14 04:00:00-06:00,,,
2024-08-14 04:15:00-06:00,,,
2024-08-14 04:30:00-06:00,,,
2024-08-14 04:45:00-06:00,,,
2024-08-14 05:00:00-06:00,,,
2024-08-14 05:15:00-06:00,,,
2024-08-14 05:30:00-06:00,,,
2024-08-14 05:45:00-06:00,,,
2024-08-14 06:00:00-06:00,,,
2024-08-14 06:15:00-06:00,,,
2024-08-14 06:30:00-06:00,,,
2024-08-14 06:45:00-06:00,,,
2024-08-14 07:00:00-06:00,,,
2024-08-14 07:15:00-06:00,,,
2024-08-14 07:30:00-06:00,,,
2024-08-14 07:45:00-06:00,,,
2024-08-14 08:00:00-06:00,,,
2024-08-14 08:15:00-06:00,,,
2024-08-14 08:30:00-06:00,,,
2024-08-14 08:45:00-06:00,,,
2024-08-14 09:00:00-06:00,,,
2024-08-14 09:15:00-06:00,,,
2024-08-14 09:30:00-06:00,,,
2024-08-14 09:45:00-06:00,,,
2024-08-14 10:00:00-06:00,,,
2024-08-14 10:15:00-06:00,,,
2024-08-14 10:30:00-06:00,,,
2024-08-14 10:45:00-06:00,,,
2024-08-14 11:00:00-06:00,,,
2024-08-14 11:15:00-06:00,,,
2024-08-14 11:30:00-06:00,,,
2024-08-14 11:45:00-06:00,,,
2024-08-14 12:00:00-06:00,,,
2024-08-14 12:15:00-06:00,,,
2024-08-14 12:30:00-06:00,,,
2024-08-14 12:45:00-06:00,,,
2024-08-14 13:00:00-06:00,,,
2024-08-14 13:15:00-06:00,,,
2024-08-14 13:30:00-06:00,,,
2024-08-14 13:45:00-06:00,,,
2024-08-14 14:00:00-06:00,,,
2024-08-14 14:15:00-06:00,,,
2024-08-14 14:30:00-06:00,,,
2024-08-14 14:45:00-06:00,,,
2024-08-14 15:00:00-06:00,,,
2024-08-14 15:15:00-06:00,,,
2024-08-14 15:30:00-06:00,,,
2024-08-14 15:45:00-06:00,,,
2024-08-14 16:00:00-06:00,,,
2024-08-14 16:15:00-06:00,,,
2024-08-14 16:30:00-06:00,,,
2024-08-14 16:45:00-06:00,,,
2024-08-14 17:00:00-06:00,,,
2024-08-14 17:15:00-06:00,,,
2024-08-14 17:30:00-06:00,,,
2024-08-14 17:45:00-06:00,,,
2024-08-14 18:00:00-06:00,,,
2024-08-14 18:15:00-06:00,,,
2024-08-14 18:30:00-06:00,,,
2024-08-14 18:45:00-06:00,,,
2024-08-14 19:00:00-06:00,,,
2024-08-14 19:15:00-06:00,,,
2024-08-14 19:30:00-06:00,,,
2024-08-14 19:45:00-06:00,,,
2024-08-14 20:00:00-06:00,,,
2024-08-14 20:15:00-06:00,,,
2024-08-14 20:30:00-06:00,,,
2024-08-14 20:45:00-06:00,,,
2024-08-14 21:00:00-06:00,,,
2024-08-14 21:15:00-06:00,,,
2024-08-14 21:30:00-06:00,,,
2024-08-14 21:45:00-06:00,,,
2024-08-14 22:00:00-06:00,,,
2024-08-14 22:15:00-06:00,,,
2024-08-14 22:30:00-06:00,,,
2024-08-14 22:45:00-06:00,,,
2024-08-14 23:00:00-06:00,,,
2024-08-14 23:15:00-06:00,,,
2024-08-14 23:30:00-06:00,,,
2024-08-14 23:45:00-06:00,,,
2024-08-15 00:00:00-06:00,,,
2024-08-15 00:15:00-06:00,,,
2024-08-15 00:30:00-06:00,,,
2024-08-15 00:45:00-06:00,,,
2024-08-15 01:00:00-06:00,,,
2024-08-15 01:15:00-06:00,,,
2024-08-15 01:30:00-06:00,,,
2024-08-15 01:45:00-06:00,,,
2024-08-15 02:00:00-06:00,,,
2024-08-15 02:15:00-06:00,,,
2024-08-15 02:30:00-06:00,,,
2024-08-15 02:45:00-06:00,,,
2024-08-15 03:00:00-06:00,,,
2024-08-15 03:15:00-06:00,,,
2024-08-15 03:30:00-06:00,,,
2024-08-15 03:45:00-06:00,,,
2024-08-15 04:00:00-06:00,,,
2024-08-15 04:15:00-06:00,,,
2024-08-15 04:30:00-06:00,,,
2024-08-15 04:45:00-06:00,,,
2024-08-15 05:00:00-06:00,,,
2024-08-15 05:15:00-06:00,,,
2024-08-15 05:30:00-06:00,,,
2024-08-15 05:45:00-06:00,,,
2024-08-15 06:00:00-06:00,,,
2024-08-15 06:15:00-06:00,,,
2024-08-15 06:30:00-06:00,,,
2024-08-15 06:45:00-06:00,,,
2024-08-15 07:00:00-06:00,,,
2024-08-15 07:15:00-06:00,,,
2024-08-15 07:30:00-06:00,,,
2024-08-15 07:45:00-06:00,,,
2024-08-15 08:00:00-06:00,,,
2024-08-15 08:15:00-06:00,,,
2024-08-15 08:30:00-06:00,,,
2024-08-15 08:45:00-06:00,,,
2024-08-15 09:00:00-06:00,,,
2024-08-15 09:15:00-06:00,,,
2024-08-15 09:30:00-06:00,,,
2024-08-15 09:45:00-06:00,,,
2024-08-15 10:00:00-06:00,,,
2024-08-15 10:15:00-06:00,,,
2024-08-15 10:30:00-06:00,,,
2024-08-15 10:45:00-06:00,,,
2024-08-15 11:00:00-06:00,,,
2024-08-15 11:15:00-06:00,,,
2024-08-15 11:30:00-06:00,,,
2024-08-15 11:45:00-06:00,,,
2024-08-15 12:00:00-06:00,,,
2024-08-15 12:15:00-06:00,,,
2024-08-15 12:30:00-06:00,,,
2024-08-15 12:45:00-06:00,,,
2024-08-15 13:00:00-06:00,,,
2024-08-15 13:15:00-06:00,,,
2024-08-15 13:30:00-06:00,,,
2024-08-15 13:45:00-06:00,,,
2024-08-15 14:00:00-06:00,,,
2024-08-15 14:15:00-06:00,,,
2024-08-15 14:30:00-06:00,,,
2024-08-15 14:45:00-06:00,,,
2024-08-15 15:00:00-06:00,,,
2024-08-15 15:15:00-06:00,,,
2024-08-15 15:30:00-06:00,,,
2024-08-15 15:45:00-06:00,,,
2024-08-15 16:00:00-06:00,,,
2024-08-15 16:15:00-06:00,,,
2024-08-15 16:30:00-06:00,,,
2024-08-15 16:45:00-06:00,,,
2024-08-15 17:00:00-06:00,,,
2024-08-15 17:15:00-06:00,,,
2024-08-15 17:30:00-06:00,,,
2024-08-15 17:45:00-06:00,,,
2024-08-15 18:00:00-06:00,,,
2024-08-15 18:15:00-06:00,,,
2024-08-15 18:30:00-06:00,,,
2024-08-15 18:45:00-06:00,,,
2024-08-15 19:00:00-06:00,,,
2024-08-15 19:15:00-06:00,,,
2024-08-15 19:30:00-06:00,,,
2024-08-15 19:45:00-06:00,,,
2024-08-15 20:00:00-06:00,,,
2024-08-15 20:15:00-06:00,,,
2024-08-15 20:30:00-06:00,,,
2024-08-15 20:45:00-06:00,,,
2024-08-15 21:00:00-06:00,,,
2024-08-15 21:15:00-06:00,,,
2024-08-15 21:30:00-06:00,,,
2024-08-15 21:45:00-06:00,,,
2024-08-15 22:00:00-06:00,,,
2024-08-15 22:15:00-06:00,,,
2024-08-15 22:30:00-06:00,,,
2024-08-15 22:45:00-06:00,,,
2024-08-15 23:00:00-06:00,,,
2024-08-15 23:15:00-06:00,,,
2024-08-15 23:30:00-06:00,,,
2024-08-15 23:45:00-06:00,,,
2024-08-16 00:00:00-06:00,,,
2024-08-16 00:15:00-06:00,,,
2024-08-16 00:30:00-06:00,,,
2024-08-16 00:45:00-06:00,,,
2024-08-16 01:00:00-06:00,,,
2024-08-16 01:15:00-06:00,,,
2024-08-16 01:30:00-06:00,,,
2024-08-16 01:45:00-06:00,,,
2024-08-16 02:00:00-06:00,,,
2024-08-16 02:15:00-06:00,,,
2024-08-16 02:30:00-06:00,,,
2024-08-16 02:45:00-06:00,,,
2024-08-16 03:00:00-06:00,,,
2024-08-16 03:15:00-06:00,,,
2024-08-16 03:30:00-06:00,,,
2024-08-16 03:45:00-06:00,,,
2024-08-16 04:00:00-06:00,,,
2024-08-16 04:15:00-06:00,,,
2024-08-16 04:30:00-06:00,,,
2024-08-16 04:45:00-06:00,,,
2024-08-16 05:00:00-06:00,,,
2024-08-16 05:15:00-06:00,,,
2024-08-16 05:30:00-06:00,,,
2024-08-16 05:45:00-06:00,,,
2024-08-16 06:00:00-06:00,,,
2024-08-16 06:15:00-06:00,,,
2024-08-16 06:30:00-06:00,,,
2024-08-16 06:45:00-06:00,,,
2024-08-16 07:00:00-06:00,,,
2024-08-16 07:15:00-06:00,,,
2024-08-16 07:30:00-06:00,,,
2024-08-16 07:45:00-06:00,,,
2024-08-16 08:00:00-06:00,,,
2024-08-16 08:15:00-06:00,,,
2024-08-16 08:30:00-06:00,,,
2024-08-16 08:45:00-06:00,,,
2024-08-16 09:00:00-06:00,,,
2024-08-16 09:15:00-06:00,,,
2024-08-16 09:30:00-06:00,,,
2024-08-16 09:45:00-06:00,,,
2024-08-16 10:00:00-06:00,,,
2024-08-16 10:15:00-06:00,,,
2024-08-16 10:30:00-06:00,,,
2024-08-16 10:45:00-06:00,,,
2024-08-16 11:00:00-06:00,,,
2024-08-16 11:15:00-06:00,,,
2024-08-16 11:30:00-06:00,,,
2024-08-16 11:45:00-06:00,,,
2024-08-16 12:00:00-06:00,,,
2024-08-16 12:15:00-06:00,,,
2024-08-16 12:30:00-06:00,,,
2024-08-16 12:45:00-06:00,,,
2024-08-16 13:00:00-06:00,,,
2024-08-16 13:15:00-06:00,,,
2024-08-16 13:30:00-06:00,,,
2024-08-16 13:45:00-06:00,,,
2024-08-16 14:00:00-06:00,,,
2024-08-16 14:15:00-06:00,,,
2024-08-16 14:30:00-06:00,,,
2024-08-16 14:45:00-06:00,,,
2024-08-16 15:00:00-06:00,,,
2024-08-16 15:15:00-06:00,,,
2024-08-16 15:30:00-06:00,,,
2024-08-16 15:45:00-06:00,,,
2024-08-16 16:00:00-06:00,,,
2024-08-16 16:15:00-06:00,,,
2024-08-16 16:30:00-06:00,,,
2024-08-16 16:45:00-06:00,,,
2024-08-16 17:00:00-06:00,,,
2024-08-16 17:15:00-06:00,,,
2024-08-16 17:30:00-06:00,,,
2024-08-16 17:45:00-06:00,,,
2024-08-16 18:00:00-06:00,,,
2024-08-16 18:15:00-06:00,,,
2024-08-16 18:30:00-06:00,,,
2024-08-16 18:45:00-06:00,,,
2024-08-16 19:00:00-06:00,,,
2024-08-16 19:15:00-06:00,,,
2024-08-16 19:30:00-06:00,,,
2024-08-16 19:45:00-06:00,,,
2024-08-16 20:00:00-06:00,,,
2024-08-16 20:15:00-06:00,,,
2024-08-16 20:30:00-06:00,,,
2024-08-16 20:45:00-06:00,,,
2024-08-16 21:00:00-06:00,,,
2024-08-16 21:15:00-06:00,,,
2024-08-16 21:30:00-06:00,,,
2024-08-16 21:45:00-06:00,,,
2024-08-16 22:00:00-06:00,,,
2024-08-16 22:15:00-06:00,,,
2024-08-16 22:30:00-06:00,,,
2024-08-16 22:45:00-06:00,,,
2024-08-16 23:00:00-06:00,,,
2024-08-16 23:15:00-06:00,,,
2024-08-16 23:30:00-06:00,,,
2024-08-16 23:45:00-06:00,,,
2024-08-17 00:00:00-06:00,,,
2024-08-17 00:15:00-06:00,,,
2024-08-17 00:30:00-06:00,,,
2024-08-17 00:45:00-06:00,,,
2024-08-17 01:00:00-06:00,,,
2024-08-17 01:15:00-06:00,,,
2024-08-17 01:30:00-06:00,,,
2024-08-17 01:45:00-06:00,,,
2024-08-17 02:00:00-06:00,,,
2024-08-17 02:15:00-06:00,,,
2024-08-17 02:30:00-06:00,,,
2024-08-17 02:45:00-06:00,,,
2024-08-17 03:00:00-06:00,,,
2024-08-17 03:15:00-06:00,,,
2024-08-17 03:30:00-06:00,,,
2024-08-17 03:45:00-06:00,,,
2024-08-17 04:00:00-06:00,,,
2024-08-17 04:15:00-06:00,,,
2024-08-17 04:30:00-06:00,,,
2024-08-17 04:45:00-06:00,,,
2024-08-17 05:00:00-06:00,,,
2024-08-17 05:15:00-06:00,,,
2024-08-17 05:30:00-06:00,,,
2024-08-17 05:45:00-06:00,,,
2024-08-17 06:00:00-06:00,,,
2024-08-17 06:15:00-06:00,,,
2024-08-17 06:30:00-06:00,,,
2024-08-17 06:45:00-06:00,,,
2024-08-17 07:00:00-06:00,,,
2024-08-17 07:15:00-06:00,,,
2024-08-17 07:30:00-06:00,,,
2024-08-17 07:45:00-06:00,,,
2024-08-17 08:00:00-06:00,,,
2024-08-17 08:15:00-06:00,,,
2024-08-17 08:30:00-06:00,,,
2024-08-17 08:45:00-06:00,,,
2024-08-17 09:00:00-06:00,,,
2024-08-17 09:15:00-06:00,,,
2024-08-17 09:30:00-06:00,,,
2024-08-17 09:45:00-06:00,,,
2024-08-17 10:00:00-06:00,,,
2024-08-17 10:15:00-06:00,,,
2024-08-17 10:30:00-06:00,,,
2024-08-17 10:45:00-06:00,,,
2024-08-17 11:00:00-06:00,,,
2024-08-17 11:15:00-06:00,,,
2024-08-17 11:30:00-06:00,,,
2024-08-17 11:45:00-06:00,,,
2024-08-17 12:00:00-06:00,,,
2024-08-17 12:15:00-06:00,,,
2024-08-17 12:30:00-06:00,,,
2024-08-17 12:45:00-06:00,,,
2024-08-17 13:00:00-06:00,,,
2024-08-17 13:15:00-06:00,,,
2024-08-17 13:30:00-06:00,,,
2024-08-17 13:45:00-06:00,,,
2024-08-17 14:00:00-06:00,,,
2024-08-17 14:15:00-06:00,,,
2024-08-17 14:30:00-06:00,,,
2024-08-17 14:45:00-06:00,,,
2024-08-17 15:00:00-06:00,,,
2024-08-17 15:15:00-06:00,,,
2024-08-17 15:30:00-06:00,,,
2024-08-17 15:45:00-06:00,,,
2024-08-17 16:00:00-06:00,,,
2024-08-17 16:15:00-06:00,,,
2024-08-17 16:30:00-06:00,,,
2024-08-17 16:45:00-06:00,,,
2024-08-17 17:00:00-06:00,,,
2024-08-17 17:15:00-06:00,,,
2024-08-17 17:30:00-06:00,,,
2024-08-17 17:45:00-06:00,,,
2024-08-17 18:00:00-06:00,,,
2024-08-17 18:15:00-06:00,,,
2024-08-17 18:30:00-06:00,,,
2024-08-17 18:45:00-06:00,,,
2024-08-17 19:00:00-06:00,,,
2024-08-17 19:15:00-06:00,,,
2024-08-17 19:30:00-06:00,,,
2024-08-17 19:45:00-06:00,,,
2024-08-17 20:00:00-06:00,,,
2024-08-17 20:15:00-06:00,,,
2024-08-17 20:30:00-06:00,,,
2024-08-17 20:45:00-06:00,,,
2024-08-17 21:00:00-06:00,,,
2024-08-17 21:15:00-06:00,,,
2024-08-17 21:30:00-06:00,,,
2024-08-17 21:45:00-06:00,,,
2024-08-17 22:00:00-06:00,,,
2024-08-17 22:15:00-06:00,,,
2024-08-17 22:30:00-06:00,,,
2024-08-17 22:45:00-06:00,,,
2024-08-17 23:00:00-06:00,,,
2024-08-17 23:15:00-06:00,,,
2024-08-17 23:30:00-06:00,,,
2024-08-17 23:45:00-06:00,,,
2024-08-18 00:00:00-06:00,,,
2024-08-18 00:15:00-06:00,,,
2024-08-18 00:30:00-06:00,,,
2024-08-18 00:45:00-06:00,,,
2024-08-18 01:00:00-06:00,,,
2024-08-18 01:15:00-06:00,,,
2024-08-18 01:30:00-06:00,,,
2024-08-18 01:45:00-06:00,,,
2024-08-18 02:00:00-06:00,,,
2024-08-18 02:15:00-06:00,,,
2024-08-18 02:30:00-06:00,,,
2024-08-18 02:45:00-06:00,,,
2024-08-18 03:00:00-06:00,,,
2024-08-18 03:15:00-06:00,,,
2024-08-18 03:30:00-06:00,,,
2024-08-18 03:45:00-06:00,,,
2024-08-18 04:00:00-06:00,,,
2024-08-18 04:15:00-06:00,,,
2024-08-18 04:30:00-06:00,,,
2024-08-18 04:45:00-06:00,,,
2024-08-18 05:00:00-06:00,,,
2024-08-18 05:15:00-06:00,,,
2024-08-18 05:30:00-06:00,,,
2024-08-18 05:45:00-06:00,,,
2024-08-18 06:00:00-06:00,,,
2024-08-18 06:15:00-06:00,,,
2024-08-18 06:30:00-06:00,,,
2024-08-18 06:45:00-06:00,,,
2024-08-18 07:00:00-06:00,,,
2024-08-18 07:15:00-06:00,,,
2024-08-18 07:30:00-06:00,,,
2024-08-18 07:45:00-06:00,,,
2024-08-18 08:00:00-06:00,,,
2024-08-18 08:15:00-06:00,,,
2024-08-18 08:30:00-06:00,,,
2024-08-18 08:45:00-06:00,,,
2024-08-18 09:00:00-06:00,,,
2024-08-18 09:15:00-06:00,,,
2024-08-18 09:30:00-06:00,,,
2024-08-18 09:45:00-06:00,,,
2024-08-18 10:00:00-06:00,,,
2024-08-18 10:15:00-06:00,,,
2024-08-18 10:30:00-06:00,,,
2024-08-18 10:45:00-06:00,,,
2024-08-18 11:00:00-06:00,,,
2024-08-18 11:15:00-06:00,,,
2024-08-18 11:30:00-06:00,,,
2024-08-18 11:45:00-06:00,,,
2024-08-18 12:00:00-06:00,,,
2024-08-18 12:15:00-06:00,,,
2024-08-18 12:30:00-06:00,,,
2024-08-18 12:45:00-06:00,,,
2024-08-18 13:00:00-06:00,,,
2024-08-18 13:15:00-06:00,,,
2024-08-18 13:30:00-06:00,,,
2024-08-18 13:45:00-06:00,,,
2024-08-18 14:00:00-06:00,,,
2024-08-18 14:15:00-06:00,,,
2024-08-18 14:30:00-06:00,,,
2024-08-18 14:45:00-06:00,,,
2024-08-18 15:00:00-06:00,,,
2024-08-18 15:15:00-06:00,,,
2024-08-18 15:30:00-06:00,,,
2024-08-18 15:45:00-06:00,,,
2024-08-18 16:00:00-06:00,,,
2024-08-18 16:15:00-06:00,,,
2024-08-18 16:30:00-06:00,,,
2024-08-18 16:45:00-06:00,,,
2024-08-18 17:00:00-06:00,,,
2024-08-18 17:15:00-06:00,,,
2024-08-18 17:30:00-06:00,,,
2024-08-18 17:45:00-06:00,,,
