time_local,O3_ppbv,File_Index,HONO_CIMS,PAN_CIMS,APAN_CIMS,PPN_CIMS,HCOOH_CIMS,jNO2_meas,jBrCl,jBr2,jCCl4,jCH2Oa,jCH2Ob,jClNO2,jClOa,jClOb,jCl2,jHNO2,jHNO3,jI2,jNO2,jNO3a,jNO3b,jN2O5,jO3,AOD,Altitude_m,Course_deg,GndSpd_ms,Heading_deg,Lat,Lon,Temp_K,RH_percent,Pressure_mb,WindDir_deg,WindSpd_ms,CO2_Piccaro,CH4_Piccaro,CO_Piccaro,H2O_Piccaro,Br2_CIMS,BrO_CIMS,Cl2_CIMS,ClNO2_CIMS,BrCl_CIMS,NCl3_CIMS,N2O5_CIMS,NO_LIF,NO2_LIF,NOy_LIF,Methanol_PTR,Acetonitrile_PTR,Acetaldehyde_PTR,Ethanol_PTR,Methanethiol_PTR,Acrolein_PTR,Acetone_Propanal_PTR,DMS_PTR,Isoprene_PTR,MVK_MACR_PTR,Benzene_PTR,Toluene_PTR,Styrene_PTR,Benzaldehyde_PTR,C8Aromatics_PTR,C9Aromatics_PTR,Naphthalene_PTR,Octanal_PTR,Monoterpenes_PTR,Nonanal_PTR,C7H4ClF3_PTR,D5_siloxane_PTR,Acetone_WAS,Acrolein_WAS,Benzene_WAS,C2Cl4_WAS,C2HCl3_WAS,CCl4_WAS,CF2Cl2_WAS,CFCl3_WAS,CH2Cl2_WAS,CH3Br_WAS,CycloPentane_WAS,Ethyl_WAS,Ethane_WAS,Ethene_WAS,Ethyne_WAS,Furan_WAS,Isoprene_WAS,Limonene_WAS,MACR_WAS,MethylCycloHexane_WAS,MethylCycloPentane_WAS,Propane_WAS,Propene_WAS,Toluene_WAS,Alpha_Pinene_WAS,Beta_Pinene_WAS,c2Butene_WAS,c2Pentene_WAS,iButane_WAS,iPentane_WAS,iPropylBenzene_WAS,iPropylONO2_WAS,m_p_Xylene_WAS,nButane_WAS,nDecane_WAS,nHeptane_WAS,nHexane_WAS,nNonane_WAS,nOctane_WAS,nPentane_WAS,nPropylBenzene_WAS,nPropylONO2_WAS,o_Xylene_WAS,t2Butene_WAS,t2Pentene_WAS,x123_TriMethylBenzene_WAS,x124_TriMethylBenzene_WAS,x135_TriMethylBenzene_WAS,x13_Butadiene_WAS,x1_Butene_WAS,x1_Pentene_WAS,x224_TriMethylPentane_WAS,x22_DiMethylButane_WAS,x2_EthylToluene_WAS,x2_MethylPentane_WAS,x3_MethylPentane_WAS,x3_x4_EthylToluene_WAS,C4H7NO5_CIMS,ISOPN_CIMS,C5H10O3_CIMS,C5H9NO5_CIMS,C10H17NO4_CIMS,HNO3_CIMS,Time_Start_POPS,Time_Stop_POPS,Press_mb_POPS,Temp_C_POPS,Aerosol_conc_POPS,Surface_area_conc_POPS,Volume_density_POPS,Effective_radius_POPS,Extinction_POPS,Particle_conc_bin01_POPS,Particle_conc_bin02_POPS,Particle_conc_bin03_POPS,Particle_conc_bin04_POPS,Particle_conc_bin05_POPS,Particle_conc_bin06_POPS,Particle_conc_bin07_POPS,Particle_conc_bin08_POPS,Particle_conc_bin09_POPS,Particle_conc_bin10_POPS,Particle_conc_bin11_POPS,Particle_conc_bin12_POPS,Particle_conc_bin13_POPS,Particle_conc_bin14_POPS,Particle_conc_bin15_POPS,Particle_conc_bin16_POPS,Particle_conc_bin17_POPS,Particle_conc_bin18_POPS,Particle_conc_bin19_POPS,Particle_conc_bin20_POPS,Particle_conc_bin21_POPS,Particle_conc_bin22_POPS,Particle_conc_bin23_POPS,Particle_conc_bin24_POPS,Particle_conc_bin25_POPS,Particle_conc_bin26_POPS,Particle_conc_bin27_POPS,Particle_conc_bin28_POPS,Particle_conc_bin29_POPS,Particle_conc_bin30_POPS,Particle_conc_bin31_POPS,Particle_conc_bin32_POPS,Particle_conc_bin33_POPS,Particle_conc_bin34_POPS,Particle_conc_bin35_POPS,Particle_conc_bin36_POPS,HCHO_CRDS,H2O_CRDS,CH4_CRDS,Ethylene,Acetylene,nDecane,Ethylbenzene,Ethane,mpEthyltoluene,oXylene,buta13diene,Styrene,mpXylene,x135_Trimethylbenzene,nPropylbenzene,oEthyltoluene,x224_Trimethylpentane,Toluene,x124_Trimethylbenzene,Isopropylbenzene,Formaldehyde,Benzene,x123_Trimethylbenzene,nHeptane,nNonane,Methylcyclopentane,Propylene,x3_Methylpentane,nHexane,x2_Methylpentane,But1ene,Cyclopentane,nOctane,Isobutane,x22_Dimethylbutane,Propane,Pent1ene,Methylcyclohexane,nButane,nPentane,cis2Pentene,trans2Pentene,Isopentane,cis2Butene,trans2Butene,Isoprene,x23_Dimethylpentane,x3_Methylhexane,x2_Methylhexane,x234_Trimethylpentane,x24_Dimethylpentane,x23_Dimethylbutane,Cyclohexane,Hex1ene,x3_Methylheptane,nUndecane,pDiethylbenzene,mDiethylbenzene,nDodecane,x2_Methylheptane,Alphapinene,Betapinene,NO,NO2,NOy,O3,BLH_Nell_m,BLH_Nell_m_smoothed,jNO2_ratio,time_UTC
2024-07-21 00:00:00,51.44711111111111,1.0,0.0131827111111111,0.20492219690246177,0.0026057541870948366,0.0124833858354635,1.7072724711111111,3.465665187301587e-06,0.0,0.0,0.0,0.0,0.0,0.0,0.0,0.0,0.0,0.0,0.0,0.0,0.0,0.0,0.0,0.0,0.0,0.163,1308.5368888888888,282.4412888888889,0.04746666666666667,282.4412888888889,40.73434,-111.87211,301.282,21.782666666666668,877.803111111111,116.5456,2.7022222222222223,430742.08888888895,1962.2506666666663,151.75822222222223,10830077.823111111,0.0007941244444444,7.964e-05,0.0003485733333333,3.94e-05,7.621777777777778e-05,0.0009129688888888,0.0009141111111111,0.197665,1.3347367111111113,2.306367555555556,7.687707466666667,0.2628563555555556,0.8974904,1.5639847999999998,0.0029331111111111,0.1586512,4.0255132,0.0029266666666666,0.6404534666666667,0.2987196,0.0752875111111111,0.1361489777777778,0.0125340888888888,0.0070976,0.0614269777777777,0.0252604444444444,7.213333333333337e-05,0.0184238222222222,0.1103472,0.027816,0.0027461333333333,0.0014888888888888,3.874,0.187,0.062,0.002,0.0,0.073,0.439,0.183,0.071,0.009,0.004,0.007,1.401,0.125,0.118,0.007,0.235,0.002,0.127,0.013,0.014,0.363,0.03,0.058,0.043,0.02,0.003,0.002,0.062,0.066,0.001,0.007,0.025,0.123,0.005,0.001,0.031,0.006,0.006,0.049,0.001,0.0034494317613767626,0.008,0.00304202687254836,0.003,0.001,0.005,0.004,0.002,0.005,0.003,0.014,0.002,0.001,0.014,0.012,0.004,0.0018816577777777,0.00533108,0.0667925244444444,0.0062489555555555,0.0006014933333333,0.1827982088888889,21600.0,21659.0,873.9818622222223,33.48175555555556,446.8233822222222,86.41496000000001,4.638968888888889,0.16046666666666667,0.028968888888888888,23.172262582222224,22.912181453333332,22.75554341777778,23.118655084444445,23.145190995555556,22.774137746666668,22.330849479999998,22.22781964888889,21.87695131111111,21.755653182222222,21.820752075555557,22.54715036,22.900065435555558,22.271293537777776,19.718911955555555,78.52750693777779,24.937709222222225,5.4580220666666674,1.6792040133333332,0.27924363999999996,0.19690656444444443,0.09574677777777778,0.06547923555555556,0.04962074666666667,0.03383264888888889,0.02932069333333333,0.02000060888888889,0.017296537777777777,0.015683355555555556,0.01537084,0.02183147111111111,0.013749026666666667,0.011235435555555555,0.008802128888888889,0.007861368888888888,0.011464479999999999,1.6210361325227474,10679759.493158983,1911.1269313061991,0.24005,0.0887,0.0,0.0187875,1.6508,0.0274666666666666,0.02475,0.0526,0.0125340888888888,0.1120125,0.0,0.0,0.0,0.0,0.1725571428571428,0.0208444444444444,0.0,1.7391241079241728,0.0743833333333333,0.0,0.0,0.0,0.0,0.0918333333333333,0.0325,0.0562666666666666,0.0556333333333333,0.0188,0.0,0.0,0.064325,0.0,0.4483999999999999,0.02492,0.0,0.1374,0.1376,0.0,0.02078,0.15472,0.0,0.0,0.28268,0.0,0.0,0.0,0.0,0.0,0.0155,0.0,0.01375,0.0,0.0,0.0118999999999999,,,,0.009915499569712643,0.02,0.3,1.8,0.4,49.0,90.0,355.23688,1.0,2024-07-21 06:00:00
2024-07-21 00:15:00,50.653777777777776,1.0,0.0164398571428571,0.20607167620718278,0.0026168394763399286,0.0126619459076071,1.735289857142857,2.695366461660562e-06,0.0,0.0,0.0,0.0,0.0,0.0,0.0,0.0,0.0,0.0,0.0,0.0,0.0,0.0,0.0,0.0,0.0,0.163,1308.992,305.3395111111111,0.04511111111111111,305.3395111111111,40.73434,-111.87211,300.90155555555555,22.32133333333333,877.9355555555555,121.66137777777777,2.6493333333333333,432040.4444444445,1962.9688888888888,149.192,10932629.63422222,0.0006656142857142,0.0001018142857142,0.0003723666666666,6.125238095238096e-05,4.904761904761905e-05,0.001346838095238,0.0009365952380952,0.1425238942790543,1.44700367983128,2.3403176757686754,8.065455199999999,0.2666845333333333,0.962845422222222,1.743955511111111,0.0027282222222222,0.1540908,4.028164577777778,0.0036781777777777,0.6286740888888889,0.3057676888888888,0.0594297777777777,0.1212845777777777,0.0094975555555555,0.0059903111111111,0.0608490666666666,0.0249089777777777,0.0005337287943537751,0.0193768444444444,0.1210906666666666,0.0260349333333333,0.0024395111111111,0.0021948444444444,3.908375,0.194,0.08268045845026645,0.002,0.0,0.073,0.438875,0.18425,0.071,0.009,0.003875,0.014404151631178162,1.4035,0.12875,0.11875,0.007125,0.209,0.0018556065583318338,0.07752907805865221,0.0135,0.014,0.365,0.032125,0.07762115449198463,0.04395535708965807,0.016591193730029177,0.003025,0.002,0.062375,0.065375,0.000875,0.00675,0.05083214603698468,0.12225,0.005,0.002125,0.03075,0.006,0.006,0.0485,0.0012336761160553396,0.003432226503919786,0.01681711849173655,0.0030621087379060323,0.003,0.001,0.004943104520681532,0.005264171049349335,0.002,0.005625,0.0032500000000000003,0.0135,0.002,0.001,0.013875,0.01175,0.0047871861888780865,0.0018568571428571,0.0053427238095238,0.0663561333333333,0.0060987476190476,0.000634419047619,0.1675035142857142,22500.0,22559.0,874.1109866666667,33.47792444444445,443.9954888888889,85.71185333333332,4.6042177777777775,0.16047555555555557,0.02870666666666667,23.378766786666667,22.873612297777775,22.533310364444446,22.930077320000002,23.173973982222222,22.77020642222222,22.184773484444445,22.254068906666664,21.659941973333332,21.562698115555555,21.795031506666664,22.415848391111112,22.672429533333332,22.056540413333334,19.499755626666666,77.58910298222222,24.672366755555558,5.399929751111111,1.68689596,0.2820220177777778,0.1950364311111111,0.0966962711111111,0.06872813777777778,0.04557008444444444,0.026869315555555554,0.025405702222222222,0.01817443111111111,0.018910137777777777,0.015481804444444445,0.020224955555555552,0.019872706666666667,0.012841120000000001,0.011038186666666666,0.007714493333333333,0.00839224,0.01307028,1.5752143731536006,10780887.914961949,1911.8414796076283,0.2480450933837403,0.09132822434311251,0.0,0.017613281249999998,1.6581327291354522,0.02574999999999994,0.023951562500000002,0.0520828125,0.0094975555555555,0.10798984375,0.0,0.00104930555555555,0.0,0.00125,0.1666589285714285,0.019541666666666627,0.0,1.695339635217778,0.07551784417744048,0.0,0.0020743558603570815,0.0,0.00175,0.09623817871953202,0.03372847839587979,0.05693639210025245,0.056275577649367484,0.020357527478482823,0.0008775271940839394,0.0004587071305598639,0.07028994277690406,0.00019763062841394888,0.4700724609489211,0.025762510209435555,0.0008147334392504633,0.15813341871544975,0.15134817626293423,0.0,0.01948125,0.18201445822081486,0.0,0.0,0.2527522841269689,0.0,0.0,0.0,0.0,0.0,0.015325,0.0,0.01361875,0.0,0.0,0.011156249999999906,,,,0.0113796740575902,0.018125000000000002,0.3056097497023171,2.7339168658640514,1.3778892849714341,47.94189010387197,90.0,355.23688,1.0,2024-07-21 06:15:00
2024-07-21 00:30:00,51.641333333333336,1.0,0.0144508088888888,0.20722115551190382,0.0026279247655850205,0.0128405059797507,1.72319148,2.3130051206734006e-06,0.0,0.0,0.0,0.0,0.0,0.0,0.0,0.0,0.0,0.0,0.0,0.0,0.0,0.0,0.0,0.0,0.0,0.163,1308.645777777778,322.90475555555554,0.04217777777777778,322.90475555555554,40.73434,-111.87211,300.61355555555554,22.354666666666667,878.0,117.59191111111112,3.171111111111111,430472.1777777778,1962.0933333333332,146.65155555555555,10829216.08622222,0.0006972888888888,4.813333333333338e-06,0.0003456666666666,5.656888888888889e-05,4.876000000000001e-05,0.0012943644444444,0.0009712222222222,0.0590307255387205,0.9414053579124578,1.6870498855218856,7.70679,0.2579832,0.8984960888888889,1.6466071999999998,0.0017834222222222,0.1490438222222222,3.937613422222222,0.0058913333333333,0.5710441777777777,0.2907796444444444,0.0369810222222222,0.1103956,0.0019781777777777,0.005143445130332601,0.0525800444444444,0.0207233777777777,0.0009953242553742167,0.0153871999999999,0.1018948888888888,0.0259962222222222,0.0012507111111111,0.0022420888888888,3.94275,0.201,0.07276826231980585,0.002,0.0,0.073,0.43875,0.1855,0.071,0.009,0.00375,0.013104829574782581,1.4060000000000001,0.1325,0.1195,0.00725,0.183,0.0017112131166636675,0.07325645628022692,0.014,0.014,0.367,0.03425,0.06941322500700463,0.03408366907182512,0.013126802509380968,0.00305,0.002,0.06275,0.06475,0.00075,0.006500000000000001,0.04704211130128755,0.1215,0.005,0.0032500000000000003,0.0305,0.006,0.006,0.048,0.0007300818601248926,0.00341502124646281,0.01508400839097777,0.003082190603263705,0.003,0.001,0.002879816742649112,0.004363514107052152,0.002,0.00625,0.0035,0.013000000000000001,0.002,0.001,0.01375,0.0115,0.003065531947140018,0.0018305733333333,0.0047982222222222,0.0666901688888888,0.0062836711111111,0.0006926533333333,0.1702198222222222,23400.0,23459.0,874.1766044444445,33.53946666666666,440.0263155555556,84.84359111111111,4.5493644444444445,0.16024,0.028386666666666668,23.09156059111111,22.535350377777778,22.43639796,22.701464595555553,22.89052032,22.50542470222222,22.054550742222222,22.16821781333333,21.51077484,21.24153311111111,21.436450635555556,22.507682159999998,22.497377155555558,21.93364558222222,19.38067834222222,77.03355041777778,24.25240459111111,5.317793,1.6647945466666667,0.27393588888888887,0.20210986222222221,0.09453323555555555,0.05873232444444444,0.04387470222222222,0.03255116,0.023177031111111114,0.014992142222222223,0.01932588,0.014854773333333333,0.01627392888888889,0.017903982222222222,0.013830986666666666,0.0118824,0.005989693333333334,0.009525986666666668,0.012725137777777777,1.5226877712122486,10678909.71692745,1910.9704027797727,0.2560401867674806,0.09395644868622502,0.0,0.016439062499999997,1.6654654582709043,0.024033333333333275,0.023153125,0.051565625000000004,0.0019781777777777,0.1039671875,0.0,0.0020986111111111,0.0,0.0025,0.16076071428571423,0.018238888888888853,0.0,1.6451484247377777,0.07665235502154766,0.0,0.004148711720714163,0.0,0.0035,0.10064302410573077,0.03495695679175958,0.0576061175338383,0.05691782196540166,0.021915054956965645,0.0017550543881678787,0.0009174142611197278,0.07625488555380813,0.00039526125682789776,0.4917449218978423,0.02660502041887111,0.0016294668785009265,0.1788668374308995,0.16509635252586846,0.0,0.0181825,0.20930891644162972,0.0,0.0,0.22282456825393782,0.0,0.0,0.0,0.0,0.0,0.01515,0.0,0.0134875,0.0,0.0,0.010412499999999913,,,,0.007830274117944583,0.01625,0.2562203979157331,2.22980081810001,0.88840647639982,48.85395935999272,90.0,355.23688,1.0,2024-07-21 06:30:00
2024-07-21 00:45:00,52.148,1.0,0.0132540577777777,0.20837063481662485,0.002639010054830112,0.0130190660518943,1.7267929155555557,2.48942358021978e-06,0.0,0.0,0.0,0.0,0.0,0.0,0.0,0.0,0.0,0.0,0.0,0.0,0.0,0.0,0.0,0.0,0.0,0.163,1308.053777777778,265.34035555555556,0.04346666666666667,265.34035555555556,40.73434,-111.87211,300.3673333333333,22.335111111111114,878.0,117.72693333333333,3.6813333333333333,430275.6444444445,1964.6364444444444,145.06088888888888,10731710.743555555,0.0007358533333333,3.18915343915344e-05,0.0003596533333333,5.098222222222223e-05,5.725333333333333e-05,0.0011119377777777,0.0013888711111111,0.0662592926984127,0.8171732654456654,1.5598906422466423,7.036606133333334,0.2569456444444444,0.820764088888889,1.5395094666666664,0.0016262666666666,0.1448970222222222,3.9100442666666666,0.0049033777777777,0.43179724444444445,0.2475893777777777,0.0352583999999999,0.1054073777777777,0.0022850222222222,0.0042965791495541,0.0456332888888888,0.0168614666666666,0.0014569197163946583,0.0131164444444444,0.0914879111111111,0.0261361777777777,0.0020261333333333,0.0025961333333333,3.977125,0.208,0.07200764245902556,0.002,0.0,0.073,0.438625,0.18675,0.071,0.009,0.003625,0.012013276973863785,1.4085,0.13625,0.12025,0.0073750000000000005,0.15699999999999997,0.0015668196749955014,0.06094426474249785,0.0145,0.014,0.369,0.036375,0.06565318645325098,0.02873174017266513,0.011248585181372919,0.003075,0.002,0.063125,0.064125,0.000625,0.00625,0.04385812604300663,0.12075,0.005,0.004375,0.03025,0.006,0.006,0.0475,0.00026543252610598876,0.003397815989005834,0.013628033077659517,0.003102272468621377,0.003,0.001,0.0009760911130134208,0.003532508503851453,0.002,0.006875,0.00375,0.0125,0.002,0.001,0.013625,0.01125,0.0014770199905125795,0.0017322666666666,0.0035193955555555,0.0556614355555555,0.0061658133333333,0.0006677866666666,0.1679933866666666,24300.0,24359.0,874.18848,33.531879999999994,421.7283688888889,81.57438222222223,4.39804,0.16097777777777778,0.027422222222222223,22.38759923111111,21.72699556888889,21.457716960000003,21.717361453333336,21.92776808,21.598313164444445,21.157796835555555,21.153858306666667,20.480712106666665,20.342499293333333,20.361033964444445,21.398439302222222,21.304641275555557,21.00096576,18.5428794,74.04842553777777,23.474278577777778,5.195346648888889,1.6023154266666666,0.2511277022222222,0.20111598666666666,0.09303639555555555,0.058741315555555555,0.04311150666666667,0.03402962666666667,0.027485648888888888,0.018019737777777777,0.01791058666666667,0.015506613333333334,0.01603661777777778,0.02044815111111111,0.011292693333333333,0.012006386666666667,0.007868884444444444,0.009277777777777777,0.01248508,1.5422576011306341,10582757.720054828,1913.5005051193614,0.26403528015122085,0.09658467302933753,0.0,0.01526484375,1.6727981874063564,0.022316666666666613,0.0223546875,0.0510484375,0.0022850222222222,0.09994453125,0.0,0.0031479166666666504,0.0,0.00375,0.15486249999999993,0.016936111111111075,0.0,1.6638481581335949,0.07778686586565484,0.0,0.006223067581071245,0.0,0.00525,0.10504786949192951,0.036185435187639364,0.05827584296742415,0.05756006628143585,0.023472582435448468,0.002632581582251818,0.0013761213916795917,0.0822198283307122,0.0005928918852418466,0.5134173828467635,0.027447530628306665,0.00244420031775139,0.1996002561463493,0.17884452878880272,0.0,0.01688375,0.23660337466244458,0.0,0.0,0.1928968523809067,0.0,0.0,0.0,0.0,0.0,0.014975,0.0,0.01335625,0.0,0.0,0.009668749999999919,,,,0.0059059693711424124,0.014375,0.2604963674561072,2.1059329396977717,0.793128147262096,49.32189768221489,90.0,355.11633,1.0,2024-07-21 06:45:00
2024-07-21 01:00:00,51.42355555555556,1.0,0.0121191955555555,0.20952011412134589,0.002650095344075204,0.0131976261240379,1.751370288888889,2.035069315151515e-06,0.0,0.0,0.0,0.0,0.0,0.0,0.0,0.0,0.0,0.0,0.0,0.0,0.0,0.0,0.0,0.0,0.0,0.163,1307.816,286.0524888888889,0.04657777777777778,286.0524888888889,40.73434,-111.87211,299.9415555555555,22.87377777777778,878.0079999999999,126.18706666666667,2.640444444444445,431110.8888888888,1968.275111111111,144.41333333333333,10774922.96711111,0.0007232355555555,5.896973544973545e-05,0.0003580444444444,6.827999999999999e-05,7.110222222222222e-05,0.0011546622222222,0.0024459822222222,0.0441155911111111,1.1093574666666668,1.8596924444444445,6.839185445034594,0.25758156997447,0.8323460712380212,1.5885558967976467,0.0013328992840492,0.1512812543234543,3.904643827246827,0.0057346918747918,0.3090432923187923,0.2268697639212639,0.0335908342694342,0.1016679375938875,0.0042738786694786,0.0034497131687756,0.0533626732397232,0.019924081039331,0.0019185151774151,0.0163063941151441,0.0845057497206497,0.0265454574980574,0.0018356676490176,0.0020117685814185,4.0115,0.215,0.07127133266488593,0.002,0.0,0.073,0.4385,0.188,0.071,0.009,0.0035,0.013227805040121547,1.411,0.14,0.121,0.0075,0.131,0.0014224262333273352,0.05503775213960005,0.015,0.014,0.371,0.0385,0.06283445893180171,0.02514106936293184,0.009988467518921858,0.0031,0.002,0.0635,0.0635,0.0005,0.006,0.04740082243297275,0.12,0.005,0.0055000000000000005,0.03,0.006,0.006,0.047,0.0006339137489184464,0.003380610731548858,0.015248040102804257,0.003122354333979049,0.003,0.001,0.002485804130010959,0.004191521523805421,0.002,0.0075,0.004,0.012,0.002,0.001,0.0135,0.011,0.0027367588631964585,0.0016926755555555,0.0027178622222222,0.0478761866666666,0.0063148933333333,0.0005763022222222,0.15609056,25200.0,25259.0,874.1903955555555,33.57801777777778,400.7198266666666,77.9240711111111,4.307804444444445,0.16485777777777777,0.026217777777777777,21.380041857777776,20.80929646222222,20.47205768,20.583221795555556,20.841118862222224,20.37933413777778,20.042391315555555,20.049891591111113,19.460527773333332,19.25170596888889,19.38663983111111,20.095204995555555,20.28927542222222,19.99964236888889,17.588159075555556,70.19260179111112,22.524746582222225,5.003540773333333,1.5193901333333335,0.24646056888888887,0.18588423111111113,0.08988041777777776,0.05439883555555556,0.048707617777777774,0.03377562666666667,0.02392741333333333,0.02022365777777778,0.02141218222222222,0.016783759999999998,0.0188132,0.022580693333333336,0.017336457777777776,0.01648736888888889,0.011633057777777778,0.009344275555555556,0.013428177777777777,1.5395592266056355,10625370.170516921,1917.1205589212166,0.2720303735349612,0.09921289737245004,0.0,0.014090624999999999,1.6801309165418084,0.02059999999999995,0.02155625,0.05053125,0.0042738786694786,0.095921875,0.0,0.0041972222222222,0.0,0.005,0.14896428571428566,0.0156333333333333,0.0,1.661269756357495,0.07892137670976201,0.0,0.008297423441428326,0.0,0.007,0.10945271487812824,0.03741391358351916,0.05894556840101,0.058202310597470025,0.025030109913931287,0.0035101087763357575,0.0018348285222394556,0.08818477110761627,0.0007905225136557955,0.5350898437956847,0.02829004083774222,0.003258933757001853,0.22033367486179906,0.19259270505173695,0.0,0.015585,0.26389783288325946,0.0,0.0,0.16296913650787562,0.0,0.0,0.0,0.0,0.0,0.0148,0.0,0.013225,0.0,0.0,0.008924999999999926,,,,0.004614931128003895,0.0125,0.2473975345329767,2.2,0.5,48.0,90.0,354.63882,1.0,2024-07-21 07:00:00
2024-07-21 01:15:00,51.05288888888889,1.0,0.0107307323809523,0.21066959342606692,0.002661180633320296,0.0133761861961815,1.7561869231746032,1.0879429027657527e-06,0.0,0.0,0.0,0.0,0.0,0.0,0.0,0.0,0.0,0.0,0.0,0.0,0.0,0.0,0.0,0.0,0.0,0.163,1307.9288888888889,346.3164888888889,0.046177777777777776,346.3164888888889,40.73434,-111.87211,299.794,23.019555555555556,878.0453333333334,117.39391111111111,1.6840000000000002,430657.2444444445,1969.2257777777777,143.27866666666665,10776595.974666666,0.0006828307936507,8.604793650793652e-05,0.0003161234920634,8.843111111111111e-05,8.813809523809524e-05,0.0011096619047619,0.0037927444444444,0.0222969848888889,1.224481777777778,1.9908555555555556,6.934815413438414,0.2697177339382839,0.8968540408868909,1.6658255325914824,0.0013434489787989,0.1548343094479594,3.950615727132127,0.0032630935212935,0.19026717807562807,0.2090054364468864,0.050353073052873,0.1312175728308728,0.0030615149720649,0.0026028471879971,0.0631801076035076,0.0300272893957893,0.0027527723591223,0.0177681807932807,0.0690496921541421,0.0283597717338217,0.0013390756891256,0.0025502768472268,4.045875,0.222,0.0786726604576838,0.002,0.0,0.073,0.438375,0.18925,0.071,0.009,0.003375,0.014770431080211328,1.4135,0.14375,0.12175,0.007625,0.10499999999999998,0.001278032791659169,0.0499451922057897,0.0155,0.014,0.373,0.040625,0.08510848017436828,0.017192582979699042,0.00719900877652955,0.003125,0.002,0.063875,0.062875,0.000375,0.00575,0.05190055846635473,0.11925000000000001,0.005,0.006625000000000001,0.029750000000000002,0.006,0.006,0.0465,0.0018494904152938521,0.0033634054740918815,0.017305682977881525,0.003142436199336722,0.003,0.001,0.0074661716569594085,0.0063655287738338725,0.002,0.008125,0.00425,0.0115,0.002,0.001,0.013375,0.010750000000000001,0.0068924907826488505,0.0017172174603174,0.0025105273015873,0.0444753196825396,0.0066290838095238,0.000517299047619,0.1619438879365079,26100.0,26159.0,874.2280800000001,33.617182222222226,393.78116000000006,76.85725777777778,4.298835555555556,0.16684000000000002,0.026,20.936056800000003,20.388546453333333,20.047516608888888,20.170472177777775,20.477842057777778,20.01511008,19.620915835555554,19.54709495111111,19.15990948,19.058360644444445,19.03994198666667,19.73897315111111,20.142772284444444,19.58367505333333,17.335876724444446,69.01824604444444,22.23387522222222,4.8909595066666665,1.4816409555555556,0.25185973333333334,0.18614477333333335,0.09773129777777778,0.06343486222222222,0.049243231111111105,0.03539995555555556,0.029609733333333332,0.02473239111111111,0.02096658222222222,0.017492933333333335,0.01725447111111111,0.02979988888888889,0.018310426666666667,0.0127632,0.012770813333333334,0.009906466666666666,0.015903266666666666,1.4351074621133069,10627019.957214247,1918.0663626444566,0.28002546691870145,0.10184112171556256,0.0,0.012916406249999998,1.6874636456772605,0.018883333333333287,0.0207578125,0.050014062500000005,0.0030615149720649,0.09189921875,0.0,0.00524652777777775,0.0,0.00625,0.14306607142857136,0.014330555555555527,0.0,1.56146203412,0.0800558875538692,0.0,0.010371779301785407,0.0,0.00875,0.11385756026432697,0.03864239197939895,0.05961529383459585,0.05884455491350421,0.026587637392414112,0.004387635970419697,0.0022935356527993196,0.09414971388452034,0.0009881531420697443,0.5567623047446059,0.029132551047177775,0.004073667196252316,0.24106709357724881,0.20634088131467118,0.0,0.01428625,0.2911922911040743,0.0,0.0,0.13304142063484453,0.0,0.0,0.0,0.0,0.0,0.014624999999999999,0.0,0.01309375,0.0,0.0,0.008181249999999932,,,,0.0017570250598668603,0.010625,0.23449100775407733,2.5120473363560807,1.116043067164357,48.31049415067505,90.0,354.16293,1.0,2024-07-21 07:15:00
2024-07-21 01:30:00,50.36711111111111,1.0,0.0103519158730158,0.21181907273078796,0.002672265922565388,0.013554746268325101,1.781068005079365,1.9303077587301584e-06,0.0,0.0,0.0,0.0,0.0,0.0,0.0,0.0,0.0,0.0,0.0,0.0,0.0,0.0,0.0,0.0,0.0,0.163,1309.2057777777777,347.89964444444445,0.04404444444444445,347.89964444444445,40.73434,-111.87211,299.4882222222222,23.392888888888887,877.972,110.98688888888888,1.6364444444444444,430706.84444444446,1969.6293333333333,142.524,10877691.505333332,0.0007392015873015,8.890603174603175e-05,0.0003010422222222,8.804634920634921e-05,8.585968253968253e-05,0.0013174066666666,0.0041545711111111,0.0203025106666666,1.1266336,1.887976888888889,7.465364888888889,0.2612648888888889,0.8824399111111112,1.4816789777777777,0.0012769777777777,0.1510347111111111,3.965148533333333,0.0044669777777777,0.1819887111111111,0.1964546666666666,0.0523297777777777,0.1023855111111111,0.0020463111111111,0.0033212444444444,0.0518895111111111,0.0197359555555555,0.0009805777777777,0.0152054666666666,0.0675651111111111,0.0348000888888888,0.0002317777777777,0.0016644,4.08025,0.22899999999999998,0.0795454698602707,0.002,0.0,0.073,0.43825000000000003,0.1905,0.071,0.009,0.0032500000000000003,0.012996325187375674,1.416,0.1475,0.1225,0.00775,0.07899999999999999,0.0011336393499910028,0.04636736105525251,0.016,0.014,0.375,0.042749999999999996,0.06337535385783237,0.01642911712467352,0.0069310764431092615,0.00315,0.002,0.06425,0.06225,0.00025,0.0055,0.04672561132714833,0.11850000000000001,0.005,0.007750000000000001,0.029500000000000002,0.006,0.006,0.046,0.0006112792609063386,0.0033462002166349055,0.014939279030873458,0.003162518064694394,0.003,0.001,0.0023930678409698593,0.004151040703138033,0.002,0.00875,0.0045000000000000005,0.011,0.002,0.001,0.01325,0.0105,0.0026593775947711144,0.0017007863492063,0.0023576663492063,0.0430980673015873,0.0066443914285714,0.0005894707936507,0.1627206815873015,27000.0,27059.0,874.1661911111112,33.53179111111111,396.20624444444445,77.51429333333334,4.344902222222222,0.16713777777777777,0.02628,20.761431777777776,20.425841595555553,20.11508452,20.28078300888889,20.471865293333334,20.076477991111112,19.74141204444444,19.625868506666666,19.085962577777778,19.24023290222222,19.14402440888889,20.02396632,20.18774074666667,19.833227911111113,17.484056631111113,69.8532088,22.477855484444444,4.953041413333334,1.5457061822222222,0.2561687111111111,0.1855215822222222,0.08407906222222222,0.059167057777777775,0.043428306666666666,0.041003884444444444,0.02496464,0.025838453333333334,0.023312537777777774,0.018486493333333336,0.01900010666666667,0.024455795555555555,0.02113770222222222,0.013864364444444444,0.010738728888888889,0.01105852888888889,0.016166386666666668,1.4501909179424346,10726712.311321737,1918.4678538930318,0.2880205603024417,0.10446934605867507,0.0,0.0117421875,1.6947963748127126,0.017166666666666625,0.019959375,0.049496875,0.0020463111111111,0.0878765625,0.0,0.006295833333333301,0.0,0.0075,0.13716785714285706,0.013027777777777751,0.0,1.5758748626355554,0.08119039839797638,0.0,0.01244613516214249,0.0,0.0105,0.11826240565052572,0.039870870375278734,0.0602850192681817,0.059486799229538395,0.02814516487089693,0.005265163164503636,0.0027522427833591833,0.10011465666142441,0.0011857837704836933,0.5784347656935271,0.02997506125661333,0.00488840063550278,0.2618005122926986,0.22008905757760544,0.0,0.012987499999999999,0.3184867493248892,0.0,0.0,0.10311370476181342,0.0,0.0,0.0,0.0,0.0,0.01445,0.0,0.0129625,0.0,0.0,0.007437499999999937,,,,0.0014825182425065673,0.00875,0.23331120118454868,2.414486022317213,1.0389577746488956,47.67713552682522,90.0,353.68701,1.0,2024-07-21 07:30:00
2024-07-21 01:45:00,49.60888888888889,1.0,0.0094033492063492,0.212968552035509,0.0026833512118104794,0.0137333063404687,1.780716292063492,1.0256370000000001e-06,0.0,0.0,0.0,0.0,0.0,0.0,0.0,0.0,0.0,0.0,0.0,0.0,0.0,0.0,0.0,0.0,0.0,0.163,1309.651111111111,359.00555555555553,0.049911111111111114,359.00555555555553,40.73434,-111.87211,299.21311111111106,23.80177777777778,877.9035555555555,112.65395555555556,1.9373333333333336,430976.26666666666,1968.1413333333333,142.37644444444445,10937948.998222224,0.0008175044444444,6.270507936507937e-05,0.0002918825396825,8.02273015873016e-05,8.018031746031747e-05,0.0012788203174603,0.0041861371428571,0.0709790422222222,1.2040921777777778,2.0271791111111117,7.247525333333333,0.2704683555555556,0.8689593333333333,1.4965884888888887,0.0007231555555555,0.1474096444444444,3.993787111111111,0.0014325777777777,0.18392635555555556,0.1896004444444444,0.0445697333333333,0.0869211555555555,0.0036636888888888,0.0038189777777777,0.0425242222222222,0.0159116888888888,0.0012560888888888,0.0122621777777777,0.0666989333333333,0.0285444444444444,0.0003536666666666,0.0016268888888888,4.114625,0.236,0.07611904017137025,0.002,0.0,0.073,0.438125,0.19175,0.071,0.009,0.003125,0.011524745345063954,1.4185,0.15125,0.12325,0.007875,0.05299999999999999,0.0009892459083228366,0.04441343709610063,0.0165,0.014,0.377,0.044875,0.0517185810623456,0.01598367350216498,0.006774751509387227,0.003175,0.002,0.064625,0.061625,0.000125,0.00525,0.042433112257144794,0.11775000000000001,0.005,0.008875000000000001,0.02925,0.006,0.006,0.0455,0.00015115915232462285,0.0033289949591779294,0.012976401639367861,0.003182599930052066,0.003,0.001,0.0005078990065685322,0.0033281354273044426,0.002,0.009375000000000001,0.00475,0.0105,0.002,0.001,0.013125,0.01025,0.0010863498500740029,0.0016323041269841,0.0021317034920634,0.0411452098412698,0.0064106273015873,0.0006105606349206,0.1654385422222222,27900.0,27959.0,874.0838533333333,33.55420888888889,409.78836000000007,80.46784000000001,4.506555555555555,0.1670888888888889,0.02733333333333333,21.050735551111114,20.608783515555555,20.57963951111111,20.84907998222222,21.086524057777776,20.602230159999998,20.472972817777777,20.409826626666664,19.869556595555554,19.784385493333332,19.905107840000003,20.87946464,21.050161511111114,20.52428364888889,18.256902124444444,72.90853194666667,23.288409044444446,5.140977631111111,1.5812953022222223,0.27240606222222224,0.20556952888888888,0.09580488444444443,0.05684889777777778,0.048403555555555554,0.038521933333333334,0.03204148444444445,0.024481844444444446,0.02273115111111111,0.019918813333333334,0.023627017777777776,0.025471164444444448,0.018670111111111113,0.016420613333333334,0.009741564444444444,0.013013813333333334,0.015784044444444444,1.4944888012889428,10786133.447736919,1916.9874654566559,0.29601565368618205,0.10709757040178758,0.0,0.01056796875,1.7021291039481647,0.015449999999999964,0.019160937500000003,0.0489796875,0.0036636888888888,0.08385390625,0.0,0.007345138888888851,0.0,0.00875,0.1312696428571428,0.011724999999999975,0.0,1.6182032125513863,0.08232490924208356,0.0,0.014520491022499572,0.0,0.01225,0.12266725103672446,0.04109934877115852,0.06095474470176755,0.06012904354557257,0.029702692349379754,0.0061426903585875756,0.0032109499139190475,0.10607959943832848,0.0013834143988976423,0.6001072266424483,0.030817571466048882,0.005703134074753243,0.28253393100814833,0.23383723384053967,0.0,0.01168875,0.3457812075457041,0.0,0.0,0.07318598888878233,0.0,0.0,0.0,0.0,0.0,0.014275,0.0,0.01283125,0.0,0.0,0.006693749999999944,,,,0.0013223574306989797,0.006875000000000001,0.26328827693915674,2.4917175130123628,1.1432597097971184,46.97686993234188,90.0,353.21109,1.0,2024-07-21 07:45:00
2024-07-21 02:00:00,49.028888888888886,1.0,0.0117272339682539,0.21411803134023003,0.0026944365010555713,0.0139118664126123,1.7737945314285717,5.09613e-07,0.0,0.0,0.0,0.0,0.0,0.0,0.0,0.0,0.0,0.0,0.0,0.0,0.0,0.0,0.0,0.0,0.0,0.163,1309.0844444444444,359.30595555555556,0.047288888888888894,359.30595555555556,40.73434,-111.87211,298.89088888888887,24.30622222222222,877.8439999999999,113.12386666666666,2.924,431287.5111111111,1966.4164444444443,145.308,11024213.839111112,0.0007720377777777,1.1006349206349209e-05,0.0002907438095238,9.82873015873016e-05,6.318412698412699e-05,0.0010443469841269,0.0048439752380952,0.0681454488888889,1.3057377777777777,2.1522217777777777,7.443997066666666,0.2681602222222222,0.8623394666666666,1.4547783555555551,0.0007001333333333,0.1507506666666666,4.024711244444444,0.0012023111111111,0.18009822222222222,0.1885658222222222,0.0348234222222222,0.0792133777777777,0.0033940444444444,0.0007319555555555,0.0361306222222222,0.0148969333333333,0.0021790666666666,0.0140361777777777,0.0703774666666666,0.0256545777777777,0.0004755555555555,0.0013614222222222,4.149,0.243,0.064,0.002,0.0,0.073,0.438,0.193,0.071,0.009,0.003,0.006,1.421,0.155,0.124,0.008,0.027,0.0008448524666546702,0.097,0.017,0.014,0.379,0.047,0.055,0.012,0.005,0.0032,0.002,0.065,0.061,0.0,0.005,0.023,0.117,0.005,0.01,0.029,0.006,0.006,0.045,0.001,0.003311789701720953,0.006,0.0032026817954097383,0.003,0.001,0.004,0.003,0.002,0.01,0.005,0.01,0.002,0.001,0.013,0.01,0.003,0.0016261882539682,0.0021679368253968,0.039230318095238,0.0062755098412698,0.0006958879365079,0.1720457155555555,28800.0,28859.0,874.0320311111111,33.56516888888889,418.3457377777778,82.38299555555555,4.622773333333333,0.1674711111111111,0.028040000000000002,21.272602155555553,20.75991730222222,20.726136017777776,21.118343493333334,21.422155884444447,21.10772175111111,20.769569462222226,20.884674524444446,20.43881253777778,20.260276284444444,20.382405093333333,21.36323756,21.464549902222224,21.07326238222222,18.72566424444444,74.85292785333333,23.95193369777778,5.2380235511111115,1.577938208888889,0.26388950222222224,0.21245456444444447,0.09754463111111113,0.056142884444444444,0.052247928888888885,0.04223186222222222,0.033271435555555555,0.02363098666666667,0.023674884444444443,0.021842022222222222,0.020384084444444447,0.032648946666666664,0.015264924444444444,0.015461302222222223,0.015402471111111113,0.010906844444444444,0.018476768888888887,1.4531041760818382,10871200.957726823,1915.2713998886823,0.3040107470699223,0.10972579474490009,0.0,0.00939375,1.7094618330836169,0.0137333333333333,0.0183625,0.048462500000000006,0.0033940444444444,0.07983124999999999,0.0,0.0083944444444444,0.0,0.01,0.1253714285714285,0.0104222222222222,0.0,1.5786585940602655,0.08345942008619074,0.0,0.016594846882856652,0.0,0.014,0.1270720964229232,0.04232782716703831,0.0616244701353534,0.06077128786160676,0.031260219827862576,0.007020217552671515,0.0036696570444789112,0.11204454221523255,0.001581045027311591,0.6217796875913695,0.03166008167548444,0.006517867514003706,0.3032673497235981,0.2475854101034739,0.0,0.01039,0.3730756657665189,0.0,0.0,0.04325827301575125,0.0,0.0,0.0,0.0,0.0,0.0141,0.0,0.0127,0.0,0.0,0.00594999999999995,,,,0.002002537527721811,0.005,0.26161209983303485,1.9,0.6,46.0,90.0,352.7352,1.0,2024-07-21 08:00:00
2024-07-21 02:15:00,48.75244444444444,1.0,0.014990599047619,0.21526751064495106,0.0027055217903006632,0.0140904264847559,1.7705726371428574,4.9072e-07,0.0,0.0,0.0,0.0,0.0,0.0,0.0,0.0,0.0,0.0,0.0,0.0,0.0,0.0,0.0,0.0,0.0,0.163,1308.72,359.1693777777778,0.048488888888888894,359.1693777777778,40.73434,-111.87211,298.638,24.791999999999998,877.8235555555555,114.29164444444444,2.868888888888889,431478.08888888895,1965.384,144.82666666666665,11092013.179111112,0.0007347139682539,1.238619047619048e-05,0.0003224987301587,0.0001149898412698,6.215333333333333e-05,0.0011234542857142,0.004424173015873,0.0460011111111111,1.1844835555555555,1.9987422222222224,7.380950444444445,0.2661519555555555,0.8725947555555555,1.512772977777778,0.0010334222222222,0.1486817333333333,4.044165911111111,0.0023042222222222,0.19682475555555554,0.1946968444444444,0.0288187111111111,0.0786848888888888,0.0038134222222222,0.0026990666666666,0.0377391111111111,0.0138492888888888,0.0013248,0.0157406222222222,0.0722961333333333,0.0237971111111111,0.0013491555555555,0.0010099111111111,4.11475,0.234625,0.06916421271398489,0.002,0.0,0.072875,0.437875,0.19237500000000002,0.070875,0.008875,0.003,0.010772854705290177,1.414125,0.155625,0.124125,0.007625,0.02575,0.000838404236540265,0.045866261026018845,0.016625,0.01425,0.37875000000000003,0.04625,0.04551022088390391,0.018862109208863977,0.007784915867648358,0.003225,0.002,0.065125,0.062625,0.0,0.00525,0.040239898012715346,0.11812500000000001,0.005,0.009875,0.029375000000000002,0.006,0.006125,0.045875,0.0007732727894216487,0.003294584444263977,0.011973486883904665,0.003222763660767411,0.002875,0.001,0.0030674968176602757,0.0028843484247734526,0.002,0.009375,0.00475,0.01375,0.002,0.001,0.013375,0.010375,0.00023802709869771496,0.0016380133333333,0.0023157822222222,0.0386723279365079,0.0061856555555555,0.0007275574603174,0.1689509149206349,29700.0,29759.0,874.0171555555555,33.636453333333336,423.9665244444444,83.43968444444445,4.645497777777778,0.16620444444444443,0.028262222222222223,21.37312067111111,20.896292751111112,20.85309273777778,21.328704493333337,21.531444386666667,21.293872711111113,21.075910262222223,21.104184253333333,20.648240204444445,20.649812266666668,20.66691496,21.724849204444446,21.806327191111112,21.561043924444444,19.161652288888888,76.19401956,24.259227408888886,5.293642382222222,1.6236384400000001,0.25564787111111115,0.19380348888888888,0.09033111111111111,0.06512704888888889,0.05196552,0.04078170222222222,0.03473512,0.02510124888888889,0.019399417777777775,0.019359928888888888,0.01935297777777778,0.032618688888888886,0.01781747111111111,0.019591,0.009878737777777778,0.0076742488888888885,0.01726411111111111,1.4872196042365555,10938059.262608968,1914.2442367053784,0.290384403686182,0.10691632040178757,0.0,0.008219531249999999,1.6934978539481649,0.012016666666666637,0.017564062499999998,0.047945312500000004,0.0038134222222222,0.07580859375,0.0,0.00944374999999995,0.0,0.00875,0.11947321428571422,0.009119444444444427,0.0,1.611257212128889,0.07940407590875022,0.0,0.014520491022499572,0.0,0.01225,0.11887975103672446,0.03899726543782518,0.05696307803510089,0.056837376878905915,0.029143317349379753,0.0061426903585875756,0.0032109499139190475,0.10704834943832849,0.0013834143988976423,0.6032155599757816,0.030120071466048885,0.005703134074753243,0.2833964310081483,0.22855473384053965,0.0,0.00909125,0.338856207545704,0.0,0.0,0.040213488888782345,0.0,0.0,0.0,0.0,0.0,0.013925,0.0,0.01256875,0.0,0.0,0.005206249999999957,,,,0.002357309052465688,0.004875,0.24851289057929302,2.4721663778360243,1.1219524167571322,46.18588997890143,90.0,352.25928,1.0,2024-07-21 08:15:00
2024-07-21 02:30:00,48.116,1.0,0.0183247384126984,0.2164169899496721,0.002716607079545755,0.0142689865568995,1.7967969653968252,2.3684869230769233e-06,0.0,0.0,0.0,0.0,0.0,0.0,0.0,0.0,0.0,0.0,0.0,0.0,0.0,0.0,0.0,0.0,0.0,0.163,1308.0866666666666,359.49044444444445,0.05031111111111111,359.49044444444445,40.73434,-111.87211,298.34644444444444,25.22711111111111,877.852,113.26906666666667,2.7306666666666666,432004.84444444446,1964.2684444444444,143.15822222222224,11182862.565333337,0.0007584765079365,1.376603174603175e-05,0.0003310911111111,0.0001312888888888,7.645746031746033e-05,0.0011906015873015,0.0040887736507936,0.151663995006845,1.4185066917711917,2.409584352018352,7.441830488888889,0.2632083555555555,0.8986748444444445,1.443934977777778,0.0007792444444444,0.1513052444444444,4.075396488888889,0.0028593333333333,0.18793044444444446,0.1948987999999999,0.0292966222222222,0.0775196444444444,0.0031163555555555,0.0019045777777777,0.0370488888888888,0.0132719555555555,0.0015933333333333,0.0153517333333333,0.0759177333333333,0.0259769333333333,0.0002594222222222,0.0018893777777777,4.0805,0.22625,0.06937523326051524,0.002,0.0,0.07275,0.43775,0.19175,0.07075,0.008749999999999999,0.003,0.010664399203170749,1.4072500000000001,0.15625,0.12425,0.00725,0.0245,0.0008319560064258599,0.04592383222606024,0.01625,0.0145,0.3785,0.0455,0.04463187909388913,0.020724565929256505,0.00843853039631957,0.0032500000000000003,0.002,0.06525,0.06425,0.0,0.0055,0.03992354063366001,0.11925000000000001,0.005,0.00975,0.029750000000000002,0.006,0.00625,0.04675,0.0005465455788432975,0.003277379186807001,0.01182882272979381,0.003242845526125083,0.00275,0.001,0.0021349936353205513,0.0027601179023426874,0.002,0.00875,0.0045000000000000005,0.0175,0.002,0.001,0.01375,0.01075,5.537657872464741e-07,0.0016217212698412,0.0021360206349206,0.0383539558730158,0.0059531787301587,0.0007020152380952,0.1646667536507936,30600.0,30659.0,874.0204088888889,33.66437333333333,427.10365333333334,84.08479111111112,4.681546666666666,0.16606222222222222,0.028480000000000002,21.248033653333334,21.028456017777778,20.924898466666665,21.44176803111111,21.69119917777778,21.668968191111112,21.212676453333334,21.192133542222223,20.697715235555556,20.765220924444446,20.793087364444442,21.775850555555557,22.130006528888888,21.78876302666667,19.30572032888889,76.99829402222221,24.55508647555556,5.373730964444444,1.6187631644444445,0.2509782755555555,0.19452103555555553,0.08976075555555554,0.05951102666666667,0.04649217777777778,0.03935697777777778,0.029822106666666667,0.021069715555555556,0.01920514666666667,0.019594368888888887,0.017461124444444445,0.03115471111111111,0.020132844444444447,0.015923093333333332,0.010067822222222222,0.009844760000000001,0.018272151111111114,1.4791069391362501,11027647.685776526,1913.134387549075,0.27675806030244177,0.10410684605867507,0.0,0.0070453124999999995,1.6775338748127127,0.010299999999999976,0.016765625,0.047428125,0.0031163555555555,0.07178593750000001,0.0,0.0104930555555555,0.0,0.0075,0.11357499999999993,0.00781666666666665,0.0,1.6035052451911112,0.07534873173130971,0.0,0.01244613516214249,0.0,0.0105,0.11068740565052572,0.03566670370861206,0.05230168593484838,0.052903465896205065,0.02702641487089693,0.005265163164503636,0.0027522427833591833,0.10205215666142442,0.0011857837704836933,0.5846514323601938,0.028580061256613328,0.00488840063550278,0.26352551229269855,0.20952405757760542,0.0,0.007792500000000001,0.30463674932488916,0.0,0.0,0.037168704761813436,0.0,0.0,0.0,0.0,0.0,0.01375,0.0,0.0124375,0.0,0.0,0.004462499999999963,,,,0.0030269618776980027,0.00475,0.31101646329362426,2.705503423075099,1.4297896660055334,45.59809377063639,90.0,351.78339,1.0,2024-07-21 08:30:00
2024-07-21 02:45:00,48.266666666666666,1.0,0.0161808,0.2175664692543931,0.0027276923687908467,0.014447546629043101,1.8079290622222224,1.9195934615384615e-06,0.0,0.0,0.0,0.0,0.0,0.0,0.0,0.0,0.0,0.0,0.0,0.0,0.0,0.0,0.0,0.0,0.0,0.163,1308.2262222222223,359.0614222222222,0.05084444444444445,359.0614222222222,40.73434,-111.87211,298.1068888888889,25.55777777777778,877.7866666666666,112.49035555555557,2.7608888888888887,431987.8222222222,1963.8928888888888,142.34977777777777,11202172.941777777,0.0007618488888888,7.450222222222222e-05,0.0003380666666666,0.00013524,9.880444444444443e-05,0.0012683733333333,0.0040599466666666,0.0700552777008177,1.1384562012376511,2.046815551837052,7.525432533333333,0.2623256,0.8878430666666667,1.4630028444444445,0.0006372444444444,0.1546664444444444,4.057711111111112,0.0029336,0.19079053333333332,0.1936154222222222,0.0225764888888888,0.0734615111111111,0.0009536888888888,0.0025913777777777,0.035258,0.0118846222222222,0.0007025777777777,0.0177953333333333,0.0742644444444444,0.0250697333333333,0.0009802666666666,0.0017715111111111,4.04625,0.21787499999999999,0.06640797391921238,0.002,0.0,0.072625,0.437625,0.191125,0.070625,0.008624999999999999,0.003,0.010382994537497754,1.4003750000000001,0.156875,0.124375,0.006875,0.02325,0.0008255077763114546,0.04555798143988162,0.015875,0.014750000000000001,0.37825,0.04475,0.04157292600201824,0.019874339785601366,0.008140150222399625,0.003275,0.002,0.065375,0.065875,0.0,0.00575,0.0391027022183971,0.12037500000000001,0.005,0.009625,0.030125000000000002,0.006,0.0063750000000000005,0.047625,0.00031981836826494624,0.0032601739293500248,0.011453469085885504,0.003262927391482755,0.002625,0.001,0.001202490452980827,0.00246159167003503,0.002,0.008125,0.00425,0.021249999999999998,0.002,0.001,0.014125,0.011125,0.0004441923266116088,0.0016271155555555,0.0020793422222222,0.0399682177777777,0.0059890088888888,0.0007046488888888,0.1642451777777778,31500.0,31559.0,873.9492533333333,33.66423555555556,429.58048444444444,84.52017777777777,4.70316,0.1660177777777778,0.02866222222222222,21.303698213333334,21.039548644444444,21.107805946666666,21.446165382222222,21.845438493333333,21.785983195555556,21.51373499111111,21.346770373333335,20.983816435555557,20.820816946666664,20.968870111111112,21.90906537777778,22.41214664888889,21.89590643111111,19.385616186666667,77.26847896444444,24.644178635555555,5.363501608888888,1.6423608044444444,0.2500592177777778,0.1900682711111111,0.09302543555555555,0.06269467555555555,0.04783944444444444,0.0365194,0.028452426666666666,0.025370204444444443,0.01968014666666667,0.019710448888888888,0.021383160000000002,0.02732008888888889,0.02054250666666667,0.015619671111111112,0.010456035555555555,0.009778182222222221,0.01798192,1.4666748058726657,11046690.039812883,1912.760753072152,0.26313171691870146,0.10129737171556255,0.0,0.0058710937500000004,1.6615698956772604,0.008583333333333314,0.0159671875,0.0469109375,0.0009536888888888,0.06776328125,0.0,0.01154236111111105,0.0,0.00625,0.10767678571428564,0.006513888888888875,0.0,1.5916258584749348,0.07129338755386919,0.0,0.010371779301785407,0.0,0.00875,0.10249506026432698,0.032336141979398936,0.047640293834595865,0.04896955491350422,0.02490951239241411,0.004387635970419697,0.0022935356527993196,0.09705596388452034,0.0009881531420697443,0.5660873047446059,0.027040051047177775,0.004073667196252316,0.2436545935772488,0.1904933813146712,0.0,0.0064937499999999995,0.2704172911040743,0.0,0.0,0.034123920634844526,0.0,0.0,0.0,0.0,0.0,0.013575,0.0,0.012306250000000001,0.0,0.0,0.0037187499999999686,,,,0.0027212600952345473,0.004625,0.2627418354565307,2.4262739629646344,1.157972971801437,45.737243850665614,90.0,351.30746,1.0,2024-07-21 08:45:00
2024-07-21 03:00:00,48.00755555555556,1.0,0.0183178,0.21871594855911414,0.0027387776580359386,0.0146261067011867,1.8291069288888888,1.4707e-06,0.0,0.0,0.0,0.0,0.0,0.0,0.0,0.0,0.0,0.0,0.0,0.0,0.0,0.0,0.0,0.0,0.0,0.163,1309.0862222222224,358.95551111111115,0.04822222222222223,358.95551111111115,40.73434,-111.87211,297.8473333333333,25.92577777777778,877.7982222222222,110.24653333333332,2.810666666666667,431880.6666666667,1963.617333333333,142.61155555555555,11261697.264,0.0008044266666666,8.394666666666667e-05,0.0003414622222222,0.0001553288888888,8.595555555555555e-05,0.0012130355555555,0.0044417822222222,0.0799502973333333,1.0472198666666666,1.9260822222222225,7.421263285198135,0.2702180371757871,0.905836008023458,1.4034342310004808,0.0005968982091982,0.1588304091834092,4.0769094481462975,0.0050342985921485,0.17438941498871496,0.1985920133551633,0.027796399082399,0.0804952822270322,0.0016325025770525,0.0040113971565471,0.0365089059514559,0.0154290594794094,0.0004947039109039,0.0176576078403078,0.0765604911884412,0.0245346162744662,0.0007685595700595,0.001813143097643,4.0120000000000005,0.2095,0.06871281320054436,0.002,0.0,0.0725,0.4375,0.1905,0.07050000000000001,0.0085,0.003,0.01057955099236315,1.3935,0.1575,0.1245,0.006500000000000001,0.022,0.0008190595461970494,0.04697665161635043,0.0155,0.015,0.378,0.044,0.0468748651290124,0.0485609830123225,0.008554533232777509,0.0033,0.002,0.0655,0.0675,0.0,0.006,0.03967604412989508,0.1215,0.005,0.0095,0.0305,0.006,0.006500000000000001,0.0485,9.309115768659491e-05,0.0032429686718930483,0.011715647331548132,0.0032830092568404278,0.0025,0.001,0.0002699872706411026,0.003224283284671508,0.002,0.0075,0.004,0.025,0.002,0.001,0.014499999999999999,0.0115,0.0008878308874359711,0.0015957333333333,0.0019330177777777,0.0385319644444444,0.0057723377777777,0.0006893066666666,0.1657842844444444,32400.0,32459.0,873.9555288888889,33.641395555555555,432.2854888888889,85.15844,4.747773333333333,0.1662,0.028986666666666668,21.337490635555557,21.05779254666667,21.10955501333333,21.59543716888889,22.02577522222222,21.822326004444445,21.45583966222222,21.513511786666665,21.07509363111111,20.99569320888889,21.24265311555556,22.200590164444446,22.482183546666665,22.05005704888889,19.564882586666666,78.04255885777778,24.77533780888889,5.3802009688888885,1.6337957688888889,0.26124561777777777,0.20090145777777776,0.09170680888888888,0.05939407555555556,0.05224651111111111,0.04032955555555555,0.02920488,0.0234054,0.018971591111111113,0.01990322222222222,0.023768066666666667,0.026104733333333335,0.02137272,0.01707847111111111,0.010907577777777778,0.011841760000000002,0.016234706666666668,1.476080188663882,11105388.181756984,1912.4866070654155,0.24950537353496116,0.09848789737245003,0.0,0.004696875,1.6456059165418084,0.006866666666666649,0.01516875,0.046393750000000004,0.0016325025770525,0.063740625,0.0,0.012591666666666602,0.0,0.005,0.10177857142857136,0.0052111111111111,0.0,1.6006130674294754,0.06723804337642866,0.0,0.008297423441428326,0.0,0.007,0.09430271487812825,0.029005580250185806,0.04297890173434335,0.04503564393080338,0.022792609913931287,0.0035101087763357575,0.0018348285222394556,0.09205977110761628,0.0007905225136557955,0.5475231771290181,0.025500040837742217,0.003258933757001853,0.22378367486179906,0.17146270505173694,0.0,0.005195,0.2361978328832594,0.0,0.0,0.031079136507875624,0.0,0.0,0.0,0.0,0.0,0.013399999999999999,0.0,0.012175,0.0,0.0,0.002974999999999974,,,,0.01213,0.0045000000000000005,0.2,2.1,1.0675094740591962,44.0,90.0,350.71259,1.0,2024-07-21 09:00:00
2024-07-21 03:15:00,47.74444444444444,1.0,0.0204931111111111,0.21986542786383517,0.0027498629472810306,0.0148046667733303,1.8396906444444443,2.9098153846153846e-07,0.0,0.0,0.0,0.0,0.0,0.0,0.0,0.0,0.0,0.0,0.0,0.0,0.0,0.0,0.0,0.0,0.0,0.163,1308.8737777777778,345.0350222222222,0.04844444444444444,345.0350222222222,40.73434,-111.87211,297.70466666666664,26.26977777777778,877.8,108.96942222222222,2.955111111111111,431800.0444444444,1963.0871111111112,142.3488888888889,11331452.364888888,0.0008020266666666,6.236444444444445e-05,0.0003445155555555,0.0001763866666666,6.828444444444444e-05,0.0010889777777777,0.0049382044444444,0.0368851115555555,0.9670726222222222,1.7829862222222224,7.676464013673364,0.2676471012783513,0.8885689108428608,1.3673078716616716,0.0003475831094831,0.1581502452417952,4.1049916171976175,0.0027058479557479,0.1622623106023606,0.2044005833129833,0.032554551015651,0.0790768181096681,0.0017758021774521,0.0031963049191549,0.0371389652921152,0.0213232762940762,0.0005820084193584,0.0160920819328819,0.0822576714785214,0.0262094431975431,0.0011020749250749,0.0012869804547304,3.97775,0.201125,0.0708137641893065,0.002,0.0,0.072375,0.437375,0.18987500000000002,0.07037500000000001,0.008375,0.003,0.010678553023819377,1.386625,0.15812500000000002,0.124625,0.006125,0.02075,0.0008126113160826443,0.04863249288338695,0.015125000000000001,0.01525,0.37775000000000003,0.043250000000000004,0.04580565058106288,0.02398496475998837,0.00958274170694795,0.0033250000000000003,0.002,0.065625,0.06912499999999999,0.0,0.00625,0.039964826373124734,0.122625,0.005,0.009375,0.030875,0.006,0.006625,0.049374999999999995,0.0008022591935894186,0.0032257634144360722,0.011847701905599164,0.0033030911221981,0.002375,0.001,0.0031755361799432813,0.004492600203042697,0.002,0.006875,0.00375,0.028749999999999998,0.002,0.001,0.014875,0.011875,0.003312286970361942,0.0015758977777777,0.0020073955555555,0.0371305955555555,0.0056293733333333,0.0006932266666666,0.16785508,33300.0,33359.0,873.9630666666667,33.607573333333335,433.4682711111111,85.43534222222223,4.760875555555556,0.16635111111111112,0.029062222222222225,21.135844440000003,20.98480428,21.02153611111111,21.62686593333333,21.924999684444444,21.912308488888886,21.54447535111111,21.609961466666668,21.227804062222223,21.038786324444445,21.366492377777778,22.368958759999998,22.60556899111111,22.372448444444444,19.701464097777777,78.26113309777777,24.889048217777777,5.351204053333333,1.6131670133333336,0.2533255688888889,0.19377116,0.09377704444444444,0.060089515555555556,0.04876696444444444,0.034048124444444446,0.028960346666666668,0.028251164444444442,0.02467169777777778,0.016994782222222223,0.02230521777777778,0.0282084,0.018941235555555557,0.018072182222222222,0.012091871111111112,0.012690564444444444,0.016344253333333333,1.4493518436313624,11174175.102135768,1911.9590970879378,0.23587903015122086,0.09567842302933753,0.0,0.003522656249999999,1.6296419374063564,0.005149999999999988,0.0143703125,0.0458765625,0.0017758021774521,0.059717968749999996,0.0,0.013640972222222152,0.0,0.00375,0.09588035714285707,0.003908333333333326,0.0,1.5750730945066669,0.06318269919898815,0.0,0.0062230675810712455,0.0,0.0052499999999999995,0.08611036949192952,0.02567501852097268,0.038317509634090835,0.041101732948102536,0.020675707435448464,0.002632581582251818,0.0013761213916795917,0.08706357833071221,0.0005928918852418467,0.5289590495134302,0.023960030628306664,0.00244420031775139,0.2039127561463493,0.1524320287888027,0.0,0.0038962500000000004,0.20197837466244453,0.0,0.0,0.028034352380906718,0.0,0.0,0.0,0.0,0.0,0.013225,0.0,0.01204375,0.0,0.0,0.0022312499999999815,,,,0.004199249676108461,0.004375,0.2431204337384715,2.2553928331044246,0.9602899952771441,45.2549390010068,90.0,350.11771,1.0,2024-07-21 09:15:00
2024-07-21 03:30:00,47.19555555555556,1.0,0.0193985866666666,0.2210149071685562,0.0027609482365261225,0.014983226845473901,1.8502551111111112,2.1010484615384616e-06,0.0,0.0,0.0,0.0,0.0,0.0,0.0,0.0,0.0,0.0,0.0,0.0,0.0,0.0,0.0,0.0,0.0,0.163,1308.6626666666666,349.23679999999996,0.04608888888888889,349.23679999999996,40.73434,-111.87211,297.4993333333333,26.595111111111112,877.8,107.62693333333333,3.140444444444445,431670.9333333334,1963.3933333333332,142.04755555555553,11373990.412444446,0.0008007644444444,5.149777777777778e-05,0.0003238888888888,0.0001824933333333,6.512888888888889e-05,0.0010569111111111,0.0054455288888888,0.0239034666666666,0.9599357333333334,1.781354222222222,7.492641555555555,0.2671861777777778,0.9187904444444444,1.2819788888888888,0.0004884888888888,0.1480058666666666,4.130076355555556,0.0031795555555555,0.14355675555555555,0.1898685333333333,0.0311911111111111,0.0698560888888888,0.0007063555555555,0.0035914666666666,0.0291795555555555,0.0107668888888888,0.0006787555555555,0.0164644888888888,0.0812752,0.0237064888888888,0.0003083555555555,0.0015614666666666,3.9435000000000002,0.19274999999999998,0.07021174045073221,0.002,0.0,0.07225,0.43725,0.18925,0.07025,0.00825,0.003,0.009427880773984433,1.37975,0.15875,0.12475,0.00575,0.0195,0.0008061630859682391,0.044489860837000676,0.014750000000000001,0.0155,0.3775,0.0425,0.03885521898052223,0.023479715530982916,0.009405428466290049,0.00335,0.002,0.06575,0.07075,0.0,0.006500000000000001,0.03631669983935659,0.12375,0.005,0.00925,0.03125,0.006,0.00675,0.050249999999999996,0.0008681727957262791,0.003208558156979096,0.010179483700375585,0.003323172987555772,0.0022500000000000003,0.001,0.0031170241199621877,0.0022210779357308206,0.002,0.00625,0.0035,0.0325,0.002,0.001,0.01525,0.01225,0.003208191313574628,0.0015669822222222,0.0017496533333333,0.0355684266666666,0.0053222577777777,0.0006326488888888,0.1712364488888888,34200.0,34259.0,873.9672844444444,33.64817333333333,433.5220044444444,85.89565777777779,4.92216,0.17084000000000002,0.02928888888888889,21.103019408888887,20.92629396,20.946945986666666,21.603323808888888,21.91757618666667,21.96072506222222,21.47151049333333,21.76411797333333,21.26846596,21.088930435555554,21.275446146666663,22.296628408888886,22.59601115111111,22.345045724444443,19.73332612888889,78.41201413333333,24.91624484,5.308533862222222,1.63066928,0.2695978044444444,0.1921163511111111,0.08119321777777778,0.06234172,0.04894557333333334,0.04076073777777778,0.03248818666666667,0.02535045777777778,0.025215519999999998,0.021401551111111115,0.024162506666666663,0.03779346222222222,0.024176697777777777,0.015007768888888889,0.01359732,0.017032826666666667,0.025897951111111112,1.4083412470415233,11216122.733964643,1912.2637528921978,0.22225268676748058,0.09286894868622501,0.0,0.0023484375000000016,1.6136779582709042,0.0034333333333333264,0.013571875,0.045359375,0.0007063555555555,0.0556953125,0.0,0.014690277777777701,0.0,0.0025000000000000005,0.08998214285714277,0.0026055555555555485,0.0,1.5358858749022224,0.05912735502154763,0.0,0.004148711720714163,0.0,0.0034999999999999996,0.07791802410573077,0.022344456791759552,0.03365611753383832,0.03716782196540169,0.018558804956965644,0.0017550543881678787,0.0009174142611197279,0.08206738555380813,0.00039526125682789776,0.5103949218978423,0.02242002041887111,0.001629466878500926,0.18404183743089952,0.13340135252586846,0.0,0.002597499999999999,0.16775891644162966,0.0,0.0,0.024989568253937812,0.0,0.0,0.0,0.0,0.0,0.013049999999999999,0.0,0.011912500000000001,0.0,0.0,0.001487499999999987,,,,0.004017585549395953,0.00425,0.23544130218963957,2.2482768675957905,0.959067164524556,44.74800581859946,90.0,349.64178,1.0,2024-07-21 09:30:00
2024-07-21 03:45:00,46.81733333333333,1.0,0.0178041644444444,0.22216438647327724,0.002772033525771214,0.015161786917617501,1.8469524844444445,1.8880620512820512e-06,0.0,0.0,0.0,0.0,0.0,0.0,0.0,0.0,0.0,0.0,0.0,0.0,0.0,0.0,0.0,0.0,0.0,0.163,1308.9622222222222,358.86306666666667,0.048799999999999996,358.86306666666667,40.73434,-111.87211,297.27888888888884,26.884444444444444,877.8404444444444,107.33177777777777,3.567555555555556,431732.1777777778,1963.8035555555557,142.10844444444444,11379372.549777776,0.0007770977777777,4.137333333333334e-05,0.0003173511111111,0.0001720844444444,7.546222222222224e-05,0.0010197244444444,0.0059474355555555,0.02381592,0.902379288888889,1.7303817777777777,7.536784177777777,0.2647232888888889,0.9220034666666668,1.1965276444444444,0.0008885333333333,0.1511298666666666,4.172463022222222,0.0024131111111111,0.1387655111111111,0.1910415111111111,0.0267618222222222,0.0675232888888888,0.0021498666666666,0.0024948888888888,0.0271975555555555,0.0111170666666666,0.0014573333333333,0.0166194222222222,0.0793602666666666,0.0250123111111111,0.0002816444444444,0.0009892888888888,3.90925,0.18437499999999998,0.06825599817911789,0.002,0.0,0.072125,0.437125,0.188625,0.070125,0.008125,0.003,0.00911644657456297,1.372875,0.159375,0.124875,0.005375,0.018250000000000002,0.000799714855853834,0.04482424004287499,0.014375,0.01575,0.37725,0.04175,0.037096793323557656,0.022494935197492058,0.00905982755837545,0.003375,0.002,0.065875,0.072375,0.0,0.00675,0.03540826730110988,0.124875,0.005,0.009125,0.031625,0.006,0.006875,0.051125,0.0009340863978631396,0.0031913528995221197,0.009764074946185445,0.0033432548529134442,0.002125,0.001,0.0030585120599810937,0.002296429150991184,0.002,0.005625,0.0032500000000000003,0.03625,0.002,0.001,0.015625,0.012624999999999999,0.003104095656787314,0.0015754222222222,0.0016173733333333,0.0355054266666666,0.0053071866666666,0.0005669111111111,0.1733475644444444,35100.0,35159.0,874.0180488888889,33.73287111111111,436.71547111111107,86.56941333333333,4.974373333333333,0.17116,0.02936888888888889,21.107792675555558,21.07425152,20.97864396888889,21.716893484444444,22.158600657777775,22.036494982222223,21.73795845333333,21.855076084444445,21.530028613333332,21.333900284444443,21.38553180888889,22.49701757777778,22.777463617777777,22.416764533333332,19.886799995555556,79.28378025777778,25.016259933333334,5.353271075555556,1.5914867866666667,0.2724405555555556,0.19134687111111112,0.09369394666666667,0.06130137777777778,0.04952692,0.03729497777777778,0.033165106666666666,0.027788768888888888,0.023782582222222223,0.02521487111111111,0.026533373333333336,0.03452653333333333,0.027302582222222222,0.021028022222222224,0.011378644444444445,0.01462671111111111,0.02642360888888889,1.420507696771767,11221430.16879733,1912.6718767054524,0.2086263433837403,0.09005947434311251,0.0,0.0011742187500000008,1.597713979135452,0.0017166666666666615,0.0127734375,0.044842187500000005,0.0021498666666666,0.05167265625,0.0,0.01573958333333325,0.0,0.0012499999999999994,0.08408392857142849,0.0013027777777777742,0.0,1.5475113906720568,0.055072010844107115,0.0,0.0020743558603570807,0.0,0.0017499999999999998,0.06972567871953203,0.019013895062546426,0.028994725433585812,0.03323391098270084,0.01644190247848282,0.0008775271940839394,0.00045870713055986374,0.07707119277690407,0.00019763062841394877,0.49183079428225446,0.020880010209435557,0.000814733439250463,0.16417091871544978,0.11437067626293423,0.0,0.0012987500000000013,0.13353945822081478,0.0,0.0,0.021944784126968906,0.0,0.0,0.0,0.0,0.0,0.012875,0.0,0.01178125,0.0,0.0,0.0007437499999999944,,,,0.0036635043375563663,0.004125,0.23538951504126596,2.190889162694858,0.9208743504306579,44.39869396578273,90.0,349.16589,1.0,2024-07-21 09:45:00
2024-07-21 04:00:00,46.347111111111104,1.0,0.0169100933333333,0.22331386577799828,0.002783118815016306,0.0153403469897611,1.8422587866666664,1.675075641025641e-06,0.0,0.0,0.0,0.0,0.0,0.0,0.0,0.0,0.0,0.0,0.0,0.0,0.0,0.0,0.0,0.0,0.0,0.163,1309.2573333333335,210.87195555555556,0.04964444444444445,210.87195555555556,40.73433933333334,-111.87211,297.10555555555555,27.06711111111111,877.9795555555555,108.72426666666667,3.472,431899.2,1964.6297777777777,143.14933333333337,11344309.198222222,0.0008177555555555,7.444444444444446e-05,0.0003058088888888,0.0001481022222222,6.968888888888889e-05,0.0009755466666666,0.0052496888888888,0.0157037115555555,0.7986507111111112,1.5804888888888888,7.648509511111111,0.2627256444444444,0.9307191555555556,1.1854964,0.0004404444444444,0.1528172,4.178632311111111,0.0042808,0.16006466666666666,0.1961275111111111,0.0221417333333333,0.0690320888888888,0.0028438666666666,0.0013746666666666,0.0288444,0.0111425333333333,0.0012146666666666,0.0186457777777777,0.0803513333333333,0.0241210666666666,0.00033695555555550004,0.0008997777777777,3.875,0.176,0.083,0.002,0.0,0.072,0.437,0.188,0.07,0.008,0.003,0.005,1.366,0.16,0.125,0.005,0.017,0.0007932666257394287,0.101,0.014,0.016,0.377,0.041,0.047,0.011,0.004,0.0034000000000000002,0.002,0.066,0.074,0.0,0.007,0.019,0.126,0.005,0.009,0.032,0.006,0.007,0.052,0.001,0.0031741476420651437,0.006,0.003363336718271117,0.002,0.001,0.003,0.002,0.002,0.005,0.003,0.04,0.002,0.001,0.016,0.013,0.003,0.0015548311111111,0.0016227066666666,0.0350043555555555,0.0055158088888888,0.0005635466666666,0.1672616044444444,36000.0,36059.0,874.1593511111112,33.72739111111111,443.9633333333333,87.80300000000001,4.998866666666667,0.1696711111111111,0.029804444444444446,21.3787186,21.447943328888886,21.502220462222223,22.044695586666666,22.423156182222222,22.387311315555557,22.075546213333332,22.203770044444447,21.838136577777778,21.750479924444445,21.845519808888888,22.92439970222222,23.266780382222223,22.84226046222222,20.34360268,80.39156446666668,25.343740271111113,5.382709004444445,1.5883099688888889,0.26492558666666666,0.19783061333333332,0.09544105777777778,0.06456286666666668,0.0556744,0.03718770666666667,0.02915056,0.027036537777777776,0.024267115555555555,0.026177862222222223,0.02644260888888889,0.03831291111111111,0.024713884444444445,0.02388940888888889,0.011193848888888889,0.01400572888888889,0.02163718222222222,1.4029040825235115,11186853.486362206,1913.4938725546824,0.195,0.08725,0.0,0.0,1.58175,0.0,0.011975,0.044325,0.0028438666666666,0.04765,0.0,0.0167888888888888,0.0,0.0,0.0781857142857142,0.0,0.0,1.5306904527989114,0.0510166666666666,0.0,0.0,0.0,0.0,0.0615333333333333,0.0156833333333333,0.0243333333333333,0.0293,0.014325,0.0,0.0,0.072075,0.0,0.4732666666666666,0.01934,0.0,0.1443,0.09534,0.0,0.0,0.0993199999999999,0.0,0.0,0.0189,0.0,0.0,0.0,0.0,0.0,0.0127,0.0,0.01165,0.0,0.0,0.0,,,,0.0,0.004,0.2305908384228851,1.5,0.2,43.0,90.0,348.68997,1.0,2024-07-21 10:00:00
2024-07-21 04:15:00,46.39155555555556,1.0,0.015832112063492,0.2244633450827193,0.002794204104261398,0.0155189070619047,1.82466375015873,1.462089230769231e-06,0.0,0.0,0.0,0.0,0.0,0.0,0.0,0.0,0.0,0.0,0.0,0.0,0.0,0.0,0.0,0.0,0.0,0.163,1309.6573333333333,220.62191111111113,0.04657777777777779,220.62191111111113,40.734332,-111.87211,296.99355555555553,27.061777777777777,878.0368888888889,109.88422222222222,3.712,431723.68888888886,1965.207555555556,146.12577777777778,11264051.430222224,0.0008726942857142,0.0001203165079365,0.0003025231746031,0.0001393987301587,5.551047619047619e-05,0.0009264606349206,0.0049105917460317,0.0473345635555555,0.7891303555555556,1.5979182222222224,7.574606133333333,0.2627458666666666,0.9163088444444444,1.195381822222222,0.0002999111111111,0.1517035111111111,4.187369555555556,0.0020522222222222,0.168806,0.1983716,0.0210134666666666,0.0711920444444444,0.0016288444444444,0.0026828,0.0316570222222222,0.010578,0.0004031111111111,0.0166973777777777,0.0755536444444444,0.0232011555555555,0.0003922666666666,0.0008804888888888,4.046125,0.216,0.06571782506955373,0.002,0.0,0.072125,0.43725,0.18875,0.07,0.008125,0.0022500000000000003,0.009817168285551892,1.3857237172421681,0.13210282685118466,0.1199875,0.007625,0.013854834247897293,0.0008686874616307145,0.046913818676068114,0.012186235502019062,0.013145259498280135,0.4177666666666667,0.042375,0.039862239953367434,0.020537328300050797,0.008372820823891486,0.003425,0.002,0.0683875,0.073125,0.0,0.006875,0.03745222523412028,0.128125,0.004875,0.006749999999999999,0.025115043934944674,0.006125,0.00725,0.052375,0.0009058012320420346,0.0031569423846081676,0.010698737656756822,0.003383418583628789,0.002125,0.001,0.0028111969600304845,0.0021804328456360915,0.001875,0.00575,0.003125,0.032233986563034826,0.0015,0.001,0.015625,0.012875,0.0037976661941523625,0.0015511644444444,0.0016619771428571,0.0355966399999999,0.0057286584126984,0.0005952419047619,0.1608710012698412,36900.0,36959.0,874.2260888888889,33.70985777777778,449.9893911111111,88.50497777777778,4.938680000000001,0.16645333333333331,0.029813333333333334,21.77993684,21.594189626666665,21.760118582222223,22.365024524444443,22.837547893333333,22.683805226666667,22.449613315555556,22.738653231111112,22.060229724444447,22.10217905777778,22.14850618222222,23.23955940888889,23.572792302222222,23.237050204444447,20.545918924444443,81.41136377777778,25.46478175111111,5.431207048888889,1.6477633288888889,0.26073318666666667,0.1919678488888889,0.0857702888888889,0.06517484888888889,0.050203604444444445,0.03151424,0.02543432888888889,0.025817017777777777,0.019681413333333335,0.021988844444444443,0.02344998222222222,0.03487414666666666,0.02115355111111111,0.02065612,0.009009333333333334,0.011131648888888889,0.020602333333333334,1.3483118541441026,11107709.67283682,1914.068694826872,0.1984375,0.09167499999999999,0.0,0.0,1.6195125,0.0,0.012978125,0.0451125,0.0016288444444444,0.0494,0.0,0.012591666666666602,0.0,0.0,0.08145714285714278,0.00210555555555555,0.0,1.4785254559422225,0.05271249999999995,0.0,0.0,0.0,0.0,0.06389999999999997,0.016541666666666625,0.027791666666666624,0.02997916666666665,0.014987499999999999,0.0,0.0,0.07294375,0.0,0.48996666666666666,0.01942,0.0,0.14790625000000002,0.09766999999999999,0.0,0.0,0.1014149999999999,0.0,0.0,0.01833,0.0,0.0,0.0,0.0,0.0,0.0124125,0.0,0.011437499999999975,0.0,0.0,0.0,,,,0.0029596399335075473,0.004125,0.24930167788803878,2.0779722438474497,0.8216215873605229,44.005461586231135,90.0,348.21405,1.0,2024-07-21 10:15:00
2024-07-21 04:30:00,46.19288888888889,1.0,0.0175332511111111,0.22561282438744035,0.00280528939350649,0.0156974671340483,1.8212995441269844,1.2491028205128205e-06,0.0,0.0,0.0,0.0,0.0,0.0,0.0,0.0,0.0,0.0,0.0,0.0,0.0,0.0,0.0,0.0,0.0,0.163,1309.6853333333333,359.2639111111111,0.04884444444444445,359.2639111111111,40.73433,-111.87211,296.86911111111107,27.152444444444445,877.9995555555556,108.45164444444444,3.856,431809.0666666667,1965.0928888888889,143.74755555555555,11237659.432888888,0.0007969511111111,8.671142857142858e-05,0.0003162568253968,0.0001427568253968,6.738761904761904e-05,0.0008211898412698,0.004726598095238,0.0382278071111111,0.7904683555555555,1.5924653333333334,7.617598355555556,0.2648137777777777,0.922418088888889,1.2075699555555557,0.0005560444444444,0.1554703555555555,4.2080888000000005,0.0022700888888888,0.1646044,0.1875384444444444,0.0272118666666666,0.0681015555555555,0.0026100888888888,0.0018282222222222,0.0290906666666666,0.0097095555555555,0.0010904444444444,0.0177411555555555,0.0764540444444444,0.0205747111111111,0.0017283555555555,0.0009636,4.21725,0.256,0.0684547142633889,0.002,0.0,0.07225,0.4375,0.1895,0.07,0.00825,0.0015,0.009413913548985152,1.4054474344843362,0.1042056537023693,0.114975,0.010249999999999999,0.010709668495794585,0.0009441082975220001,0.043825625514691914,0.010372471004038125,0.010290518996560272,0.45853333333333335,0.04375,0.03753268107357227,0.02100037116260918,0.00853532207240473,0.00345,0.002,0.070775,0.07225,0.0,0.00675,0.036275958386806,0.13025,0.00475,0.0045,0.018230087869889344,0.00625,0.0075,0.05275,0.0008116024640840692,0.0031397371271511916,0.010160853416523575,0.003403500448986461,0.0022500000000000003,0.001,0.002622393920060969,0.001993561066706342,0.00175,0.0065,0.0032500000000000003,0.02446797312606965,0.001,0.001,0.01525,0.01275,0.004595332388304725,0.0015012193650793,0.0014640482539682,0.0335672895238095,0.0053462063492063,0.0005675412698412,0.1610728473015873,37800.0,37859.0,874.1738266666667,33.715653333333336,457.05075555555555,89.87707999999999,5.0002,0.16599555555555556,0.030284444444444444,21.80332341333333,21.65555552,22.017227613333333,22.769326,23.282445924444445,23.17082512,22.819018973333336,23.059425533333336,22.549957173333333,22.506835146666667,22.777567280000003,23.671703942222223,23.975512582222223,23.640528333333332,20.943062653333335,82.32197114666668,25.92535815111111,5.575238724444445,1.66856756,0.25785825777777777,0.18993753777777778,0.09181333777777777,0.06353573333333333,0.04852370666666667,0.03564539111111111,0.02846831111111111,0.024811471111111108,0.023820795555555555,0.017189911111111112,0.020970524444444447,0.028859244444444446,0.01952688888888889,0.019710035555555557,0.014555528888888888,0.01173204888888889,0.020105324444444444,1.4382295914808214,11081683.988749616,1913.9546147143908,0.201875,0.09609999999999999,0.0,0.0,1.6572749999999998,0.0,0.01398125,0.0459,0.0026100888888888,0.05115,0.0,0.0083944444444444,0.0,0.0,0.08472857142857135,0.0042111111111111,0.0,1.5644453501244444,0.054408333333333295,0.0,0.0,0.0,0.0,0.06626666666666664,0.01739999999999995,0.03124999999999995,0.0306583333333333,0.01565,0.0,0.0,0.0738125,0.0,0.5066666666666666,0.0195,0.0,0.1515125,0.1,0.0,0.0,0.10350999999999991,0.0,0.0,0.017759999999999998,0.0,0.0,0.0,0.0,0.0,0.012125,0.0,0.01122499999999995,0.0,0.0,0.0,,,,0.0031261286136045133,0.00425,0.24391468869532743,2.0793063212022727,0.8175358274194825,43.821980507254544,90.0,347.73816,1.0,2024-07-21 10:30:00
2024-07-21 04:45:00,45.78533333333333,1.0,0.021258033015873,0.22676230369216138,0.0028163746827515814,0.0158760272061919,1.8129908673015875,1.0361164102564102e-06,0.0,0.0,0.0,0.0,0.0,0.0,0.0,0.0,0.0,0.0,0.0,0.0,0.0,0.0,0.0,0.0,0.0,0.163,1310.103111111111,358.72284444444443,0.05466666666666667,358.72284444444443,40.73433,-111.87211,296.59444444444443,27.55111111111111,877.9426666666666,107.68062222222223,3.542222222222222,432246.8,1965.8448888888888,144.21822222222224,11264589.059555557,0.000663239047619,2.391428571428572e-05,0.0003553746031746,0.000147046031746,8.844634920634921e-05,0.0009368269841269,0.004343119047619,0.0432747451252451,0.8037474154160655,1.5940517065342066,7.578490444444443,0.2648246222222222,0.9468986666666668,1.2446003555555554,0.0010188,0.1539622222222222,4.2316048,0.0024867111111111,0.16638786666666666,0.1904605777777777,0.0324039111111111,0.0706263111111111,0.0020221333333333,0.0040125777777777,0.0295273777777777,0.0102862222222222,0.0007856444444444,0.0142314666666666,0.0833876444444444,0.0231501333333333,0.0009563555555555,0.0005213777777777,4.388375,0.296,0.07074724948762613,0.002,0.0,0.072375,0.43775,0.19025,0.07,0.008375,0.0007499999999999998,0.009482534525406615,1.425171151726504,0.07630848055355394,0.1099625,0.012875000000000001,0.0075645027436918744,0.001019529133413286,0.044658634154727685,0.008558706506057188,0.007435778494840409,0.4993,0.045125,0.03943579962057708,0.02456606862133285,0.00978667553385677,0.0034750000000000002,0.002,0.0731625,0.071375,0.0,0.006625,0.036476121143187025,0.132375,0.004625,0.0022500000000000003,0.011345131804834013,0.0063750000000000005,0.00775,0.053125,0.0007174036961261037,0.003122531869694215,0.010252384001088487,0.0034235823143441337,0.002375,0.001,0.002433590880091454,0.0021176481358779636,0.0016250000000000001,0.0072499999999999995,0.003375,0.01670195968910447,0.0005,0.001,0.014875,0.012624999999999999,0.005392998582457087,0.0014933304761904,0.0015536838095238,0.0334163923809523,0.0051761746031746,0.0005461577777777,0.147937952063492,38700.0,38759.0,874.1303955555555,33.735435555555554,460.67965333333336,90.67650222222223,5.0711466666666665,0.16694222222222221,0.030524444444444444,21.91209868888889,21.903840377777776,22.256910044444446,22.77312940888889,23.465009324444445,23.1574178,23.137684084444444,23.206322115555558,22.863402039999997,22.71216204,22.808229924444444,23.866241177777777,24.155330515555555,23.87508345777778,21.262225222222224,83.08416469333334,26.053910284444445,5.533237848888889,1.7054539244444444,0.2595541822222222,0.20269244444444443,0.09321429777777777,0.06888580000000001,0.04481997333333333,0.035735635555555555,0.02919085777777778,0.02578371111111111,0.022100280000000003,0.019338577777777775,0.021687520000000002,0.039275040000000004,0.022302746666666665,0.016589084444444444,0.012064973333333333,0.015127395555555556,0.01935702222222222,1.46548407597811,11108239.840031391,1914.7027680101937,0.2053125,0.100525,0.0,0.0,1.6950375,0.0,0.014984375000000001,0.04668750000000001,0.0020221333333333,0.052899999999999996,0.0,0.004197222222222199,0.0,0.0,0.08799999999999993,0.006316666666666651,0.0,1.5904880697630512,0.05610416666666665,0.0,0.0,0.0,0.0,0.06863333333333332,0.018258333333333276,0.03470833333333327,0.03133749999999995,0.0163125,0.0,0.0,0.07468125,0.0,0.5233666666666666,0.01958,0.0,0.15511875,0.10233,0.0,0.0,0.10560499999999991,0.0,0.0,0.01719,0.0,0.0,0.0,0.0,0.0,0.011837499999999999,0.0,0.011012499999999925,0.0,0.0,0.0,,,,0.004408187601077114,0.004375,0.2469001424849706,2.092546450539524,0.8187244707620739,43.44557748841443,90.0,347.26224,1.0,2024-07-21 10:45:00
2024-07-21 05:00:00,45.65244444444444,1.0,0.0243059577777777,0.22791178299688242,0.0028274599719966733,0.016054587278335503,1.8103664257142855,8.2313e-07,1.493198841604711e-11,6.700675699164443e-11,0.0,4.527548455594881e-16,5.107991293725635e-15,9.868226209427558e-14,0.0,1.574270516942004e-17,9.88690135174391e-13,6.640010184946489e-13,7.15466195206708e-18,2.9045598904933334e-10,5.951797155751132e-12,5.239965756977778e-11,4.061219506444444e-10,7.081958195342254e-15,7.125258269582486e-17,0.163,1309.6422222222222,359.03386666666665,0.05297777777777778,359.03386666666665,40.7343316,-111.87211,296.3468888888889,27.916888888888888,878.0355555555557,109.76684444444444,3.5657777777777775,432440.5333333333,1966.0853333333328,145.13288888888889,11260132.379555557,0.0005703457142857,2.064428571428572e-05,0.0003552003174603,0.0001513549206349,7.82111111111111e-05,0.0008869676190476,0.004157626031746,0.0448901410668036,0.7956205903873904,1.5962651650386652,7.747508756798757,0.2657356903466903,0.9803819610093608,1.2890621397047397,0.0008389817515817,0.1604671564028564,4.249309232195582,0.0037351958652458,0.15681195425685426,0.2008362128778628,0.0311812913290413,0.0732127128778628,0.0034334035742035,0.0041289109039109,0.0302731592296592,0.0131171785362785,0.0005597076349576,0.0155596065268065,0.0895349526159026,0.0199134273115773,0.0003105805527805,0.0008552042476042,4.5595,0.33599999999999997,0.038978525635974114,0.002,0.0,0.0725,0.438,0.191,0.07,0.0085,0.0,0.009599720120467205,1.444894868968672,0.04841130740473859,0.10495,0.0155,0.004419336991589166,0.0010949499693045715,0.047616402571944355,0.00674494200807625,0.004581037993120545,0.5400666666666667,0.0465,0.04138538605142185,0.018100269741070603,0.010896121616550701,0.0035,0.002,0.07555,0.07050000000000001,0.0,0.006500000000000001,0.03681794361408007,0.1345,0.0045000000000000005,0.0,0.0044601757397786865,0.006500000000000001,0.008,0.0535,0.0006232049281681383,0.003105326612237239,0.010408692852664776,0.003443664179701806,0.0025,0.001,0.0022447878401219384,0.0027268130005556326,0.0015,0.008,0.0035,0.008935946252139296,0.0,0.001,0.014499999999999999,0.0125,0.00619066477660945,0.0014866771428571,0.0015161688888888,0.0331912777777777,0.0051540869841269,0.000552026031746,0.1433882428571428,39600.0,39659.0,874.2187155555555,33.76943555555555,462.00784,90.94983111111111,5.1110622222222215,0.16769333333333333,0.030582222222222222,22.012774235555558,21.900478706666664,22.316331053333332,22.885417413333336,23.56918717333333,23.2894442,23.34322449333333,23.18925889333333,22.774178844444446,22.755572422222222,22.89090573777778,24.00041261333333,24.211940893333335,23.989463897777778,21.182486933333333,83.43938696000001,26.10207668,5.519717102222222,1.6988546266666666,0.24950790222222222,0.19548193333333333,0.08687600888888888,0.07028759555555555,0.049535253333333334,0.036879053333333335,0.02981361777777778,0.03077684888888889,0.018455742222222224,0.019936955555555556,0.02426183111111111,0.028226453333333335,0.024303213333333334,0.020906444444444443,0.01775478222222222,0.013312768888888889,0.02043595111111111,1.5700643862837946,11103845.01745344,1914.9419825096195,0.20875,0.10495,0.0,0.0,1.7328,0.0,0.0159875,0.047475,0.0034334035742035,0.05465,0.0,0.0,0.0,0.0,0.0912714285714285,0.0084222222222222,0.0,1.690418622523291,0.0578,0.0,0.0,0.0,0.0,0.071,0.0191166666666666,0.0381666666666666,0.0320166666666666,0.016975,0.0,0.0,0.07555,0.0,0.5400666666666667,0.01966,0.0,0.158725,0.10466,0.0,0.0,0.1076999999999999,0.0,0.0,0.01662,0.0,0.0,0.0,0.0,0.0,0.01155,0.0,0.0107999999999999,0.0,0.0,0.0,,,,0.0,0.0045000000000000005,0.24785570998391632,1.5,0.2,43.0,91.166664,346.78635,1.0,2024-07-21 11:00:00
2024-07-21 05:15:00,45.74888888888889,1.0,0.0245976965079365,0.22906126230160345,0.0028385452612417652,0.0162331473504791,1.789362336190476,8.2313e-07,5.729498630692179e-09,2.0318089937253688e-08,1.615008056038089e-32,3.7030853008194426e-12,1.0460954580271877e-11,1.1771829136199164e-10,6.268457016099689e-33,1.7107724936357538e-12,7.617222382349311e-10,5.57133378265205e-10,4.5005982308927125e-14,7.621322657047732e-08,3.825001142514893e-09,1.3441145497639109e-08,1.1141891835968888e-07,9.04741725697259e-12,1.165682557864041e-12,0.163,1308.2782222222222,359.2046222222222,0.04822222222222223,359.2046222222222,40.734339066666664,-111.87211,296.20111111111106,28.06577777777778,878.1,107.38431111111112,3.344,432215.4666666667,1966.508,145.68444444444444,11247066.223111112,0.0005679063492063,1.737428571428572e-05,0.0003435517460317,0.0001666752380952,5.882730158730159e-05,0.0009188457142857,0.0040940136507936,0.0912876355555555,0.8251563555555554,1.6961506666666668,7.396302484117735,0.2732689342564842,0.930276088045288,1.2478101056092057,0.0013505327468827,0.1702334088041588,4.224930807449957,0.002665577089577,0.16435259976689978,0.2050838053502053,0.0236860321678321,0.0746755338420838,0.001749437027787,0.0012841896436896,0.0332500479150479,0.0190521465441965,0.0018923611314611,0.0179977598179598,0.0858635597273097,0.0276334604044104,0.0013408919672919,0.0011954467421467,4.730625,0.376,0.0668978901895777,0.002,0.0,0.072625,0.43825000000000003,0.19175,0.07,0.008624999999999999,0.00125,0.010067482453716872,1.485671151726504,0.08180848055355394,0.1107125,0.018125,0.006314502743691875,0.0011703708051958573,0.048827258075507585,0.010308706506057188,0.007685778494840409,0.5325500000000001,0.047875,0.04248803604929215,0.02583934150008673,0.010233520630123574,0.0035250000000000004,0.002,0.07741250000000001,0.069625,0.0,0.0063750000000000005,0.03818237476672667,0.136625,0.004375,0.0035,0.012095131804834016,0.006625,0.00825,0.053875,0.0005290061602101729,0.003088121354780263,0.011032621016216765,0.003463746045059478,0.002625,0.001,0.002055984800152423,0.00400389875615651,0.001375,0.008749999999999999,0.003625,0.008451959689104472,0.0005,0.001,0.014125,0.012375,0.0023781078401493303,0.0014755892063492,0.0014112634920634,0.0332639971428571,0.0050941355555555,0.0006069215873015,0.1428558539682539,40500.0,40559.0,874.2904444444445,33.71024,463.1227422222222,91.07364444444444,5.087488888888888,0.16661333333333334,0.03060444444444444,22.0152982,22.122624182222225,22.329335782222223,22.93015826222222,23.494733964444446,23.456677875555556,23.289043897777777,23.33489208888889,22.789645884444443,22.883533355555553,22.93075937777778,24.208982284444446,24.263688195555556,23.945568928888886,21.14192381333333,83.67858166666666,26.173264773333333,5.5253235555555555,1.6675938622222222,0.26213447111111116,0.19314529333333333,0.09428112444444443,0.06605497333333334,0.047509253333333334,0.03785941777777778,0.028363977777777778,0.024415311111111112,0.02032177777777778,0.021355728888888887,0.02413515111111111,0.03288732444444444,0.020042400000000002,0.019982293333333335,0.014537337777777777,0.01210876888888889,0.022011564444444447,1.4561465105985665,11090960.215459784,1915.3624871102754,0.211675,0.1031375,0.0,0.00233125,1.7753875,0.0,0.011990625000000001,0.04874375,0.001749437027787,0.0540125,0.0,0.0,0.0,0.0,0.09248928571428565,0.006316666666666651,0.0,1.581565662982222,0.0595,0.0,0.0,0.0,0.0,0.070975,0.01926249999999995,0.0353416666666666,0.03192499999999995,0.0166875,0.0,0.0,0.0793375,0.0,0.5533666666666667,0.02067,0.0,0.16185625,0.10422499999999998,0.0,0.0,0.1091699999999999,0.0,0.0,0.016284999999999973,0.0,0.0,0.0,0.0,0.0,0.01155,0.0,0.01115833333333325,0.0,0.0,0.0,,,,0.004865997316177241,0.004625,0.2753015742611223,2.1138926255999495,0.8952255419981104,43.41191876699144,93.666664,346.31042,1.0,2024-07-21 11:15:00
2024-07-21 05:30:00,45.70577777777778,1.0,0.0254136155555555,0.2302107416063245,0.002849630550486857,0.016411707422622702,1.7703930393650795,9.301042361111111e-07,1.497178088888889e-07,4.223864888888889e-07,5.287241467546199e-30,1.4626163066666667e-10,4.310445822222222e-10,4.552663955555556e-09,2.0927457497168645e-30,6.366160120000001e-11,2.726142088888889e-08,2.0463749333333336e-08,1.7527237022222223e-12,1.1120201777777778e-06,1.2805393333333334e-07,1.2946496000000002e-07,1.4020943555555556e-06,3.4998303555555553e-10,4.451879075555555e-11,0.163,1308.6924444444444,358.7091111111111,0.04435555555555556,358.7091111111111,40.73434,-111.87211,296.03444444444443,28.258666666666667,878.1675555555556,105.6236,3.1328888888888886,431977.6,1967.657333333333,144.20844444444444,11258874.628,0.0005795831746031,1.410428571428572e-05,0.000316073015873,0.0001757479365079,6.688603174603174e-05,0.0008515917460317,0.0042885031746031,0.1073338844444444,0.8664573333333334,1.7606555555555556,7.490529111111112,0.2687161333333333,0.9209992,1.2246179999999998,0.0008388888888888,0.1624172,4.2147088,0.0023503111111111,0.15349004444444442,0.1958859555555555,0.0313349777777777,0.0750439555555555,0.0018393333333333,0.0001360444444444,0.0322006222222222,0.0134811111111111,0.0011374222222222,0.0180773333333333,0.0797156888888888,0.0237126666666666,0.0002392,0.00082,4.90175,0.416,0.07027526444488438,0.002,0.0,0.07275,0.4385,0.1925,0.07,0.008749999999999999,0.0025,0.009902584850034993,1.5264474344843362,0.11520565370236929,0.116475,0.02075,0.008209668495794582,0.001245791641087143,0.04620523933964294,0.013872471004038125,0.010790518996560274,0.5250333333333334,0.04925,0.042765746180272735,0.022677715876295516,0.009123972999135622,0.00355,0.002,0.07927500000000001,0.06875,0.0,0.00625,0.03770137958719339,0.13874999999999998,0.00425,0.007,0.019730087869889345,0.00675,0.008499999999999999,0.05425,0.0006860041068067819,0.0030709160973232865,0.010812671157653773,0.0034838279104171506,0.00275,0.001,0.002703989866768282,0.0028051239715158466,0.00125,0.0095,0.00375,0.007967973126069647,0.001,0.001,0.01375,0.01225,8.658529039671289e-05,0.0014688047619047,0.0014119196825396,0.0321500342857142,0.0049615314285714,0.000617505079365,0.1423883780952381,41400.0,41459.0,874.3724088888889,33.75967555555555,466.8968355555555,92.10222222222222,5.211422222222223,0.1685288888888889,0.030959999999999998,22.021590933333336,22.252198893333333,22.268710075555553,23.091657213333335,23.55124690222222,23.637390306666664,23.314944399999998,23.62866176888889,23.195755595555557,22.998067755555553,23.06424078222222,24.388994533333335,24.59382693777778,24.306898755555554,21.416204346666667,84.59885827555556,26.39142478666667,5.544389217777778,1.6522297022222223,0.27038660000000003,0.1924151422222222,0.09697962666666667,0.06825909333333334,0.05155651111111111,0.040064706666666665,0.0290576,0.02587959111111111,0.020178884444444444,0.024329017777777778,0.027261337777777776,0.03523827111111111,0.02316187111111111,0.017964933333333332,0.01619972,0.013498982222222223,0.02708271111111111,1.3911746258718067,11102604.723123623,1916.5059412609526,0.2146,0.101325,0.0,0.0046625,1.817975,0.0,0.00799375,0.0500125,0.0018393333333333,0.053375,0.0,0.0,0.0,0.0,0.0937071428571428,0.0042111111111111,0.0,1.5194825009066666,0.061200000000000004,0.0,0.0,0.0,0.0,0.07095,0.0194083333333333,0.0325166666666666,0.0318333333333333,0.016399999999999998,0.0,0.0,0.083125,0.0,0.5666666666666667,0.021679999999999998,0.0,0.1649875,0.10378999999999995,0.0,0.0,0.1106399999999999,0.0,0.0,0.01594999999999995,0.0,0.0,0.0,0.0,0.0,0.01155,0.0,0.011516666666666599,0.0,0.0,0.0,,,,0.0037292237696475543,0.00475,0.28479353442008043,2.155072520357327,0.9435579940971267,43.372102962381305,96.166664,345.83453,7.263378889658819,2024-07-21 11:30:00
2024-07-21 05:45:00,46.16444444444445,1.0,0.0224388,0.23136022091104552,0.0028607158397319487,0.016590267494766303,1.7513028622222224,1.0370784722222223e-06,3.4765443555555555e-06,9.910928444444445e-06,2.3590580444444446e-28,3.434651911111111e-09,9.984749777777777e-09,1.0515595555555556e-07,9.394021333333333e-29,1.5427524e-09,6.289086666666666e-07,4.701734222222222e-07,4.1440917333333334e-11,2.6326216000000003e-05,2.9430487111111106e-06,3.086443377777778e-06,3.2758428444444447e-05,8.103092444444445e-09,1.0721429333333334e-09,0.163,1308.932,358.65382222222223,0.04888888888888889,358.65382222222223,40.73434,-111.87211,295.92377777777773,28.462666666666667,878.2644444444445,105.9828888888889,2.8040000000000003,431521.15555555554,1967.4324444444444,145.3382222222222,11269996.107555555,0.0006620444444444,1.083428571428572e-05,0.0003107288888888,0.0001637155555555,9.778222222222222e-05,0.0008428044444444,0.0040180177777777,0.0305398813333333,0.759684,1.5152826666666666,7.439901777777777,0.2732963999999999,0.9070885777777776,1.2062148444444445,0.0004088,0.1564577333333333,4.229981866666667,0.0038002666666666,0.14269773333333333,0.1941233333333333,0.0373307999999999,0.0848427111111111,0.0023934222222222,0.0023477777777777,0.0381614222222222,0.0136303555555555,0.0009572888888888,0.0175263555555555,0.0837814222222222,0.0240296444444444,0.0004208,0.0011499999999999,5.072875,0.456,0.07292270588915334,0.002,0.0,0.072875,0.43875,0.19325,0.07,0.008875,0.00375,0.010839212991261758,1.5672237172421681,0.14860282685118464,0.1222375,0.023375,0.010104834247897291,0.0013212124769784285,0.04570277098083083,0.017436235502019063,0.013895259498280136,0.5175166666666666,0.050624999999999996,0.050151884372665156,0.0247685741626857,0.009857743259895933,0.003575,0.002,0.0811375,0.067875,0.0,0.006125,0.04043346065378318,0.140875,0.004125,0.0105,0.027365043934944676,0.006875,0.008749999999999999,0.054625,0.0008430020534033909,0.0030537108398663105,0.01206199936248555,0.0035039097757748228,0.002875,0.001,0.0033519949333841413,0.0028372383744659935,0.0011250000000000001,0.010249999999999999,0.003875,0.007483986563034824,0.0015,0.001,0.013375,0.012125,0.0001479737008596195,0.0014857644444444,0.0014562355555555,0.0326951555555555,0.0047657822222222,0.00060776,0.1399531911111111,42300.0,42359.0,874.4478622222222,33.75975555555556,470.8502088888889,92.62312888888889,5.205017777777778,0.16761777777777778,0.03111111111111111,22.107234662222222,22.138434715555555,22.30754056888889,23.313808875555555,23.825767106666667,23.993947675555553,23.742491284444444,23.85473083111111,23.428114195555555,23.300335902222223,23.59675015111111,24.583987435555557,24.936248262222225,24.448870057777775,21.676100346666665,84.98583140000001,26.376046888888887,5.6078117644444445,1.66996352,0.26733808444444446,0.19910254222222223,0.09104907555555555,0.06621200444444444,0.04774385777777778,0.036910302222222226,0.02559080888888889,0.022943546666666665,0.023111879999999998,0.021198564444444446,0.024801191111111114,0.03361809777777778,0.02460213333333333,0.02218812,0.011608417777777777,0.012926266666666667,0.025246826666666666,1.4263117161602945,11113571.83977794,1916.2822027457778,0.217525,0.0995125,0.0,0.00699375,1.8605625,0.0,0.003996875,0.05128125,0.0023934222222222,0.0527375,0.0,0.0,0.0,0.0,0.09492499999999995,0.0021055555555555498,0.0,1.553057356868097,0.0629,0.0,0.0,0.0,0.0,0.070925,0.01955416666666665,0.029691666666666602,0.03174166666666665,0.0161125,0.0,0.0,0.0869125,0.0,0.5799666666666667,0.02269,0.0,0.16811875,0.10335499999999992,0.0,0.0,0.1121099999999999,0.0,0.0,0.015614999999999924,0.0,0.0,0.0,0.0,0.0,0.01155,0.0,0.01187499999999995,0.0,0.0,0.0,,,,0.00448099917645888,0.004875,0.23936699124323169,2.048612216845412,0.7597041249888844,43.79571028565611,98.666664,345.69687,0.3523823674093,2024-07-21 11:45:00
2024-07-21 06:00:00,45.83866666666667,1.0,0.0218696444444444,0.23250970021576656,0.0028718011289770406,0.0167688275669099,1.75381348,1.3927716240365192e-05,3.819018666666667e-05,0.00012056080000000001,2.1314848888888887e-27,2.929528888888889e-08,9.065529777777778e-08,9.800206666666665e-07,8.497722222222222e-28,1.1727257777777777e-08,6.085359111111111e-06,4.541610222222222e-06,3.456160444444444e-10,0.0003863896444444445,2.9318253333333335e-05,5.9097622222222226e-05,0.0005269062222222222,7.483584444444445e-08,8.394438666666666e-09,0.163,1308.5057777777777,282.6370666666666,0.052977777777777776,282.6370666666666,40.73434,-111.87211,295.7802222222222,28.699555555555555,878.3466666666666,106.61782222222223,2.6204444444444444,431412.0444444445,1967.3395555555555,146.1448888888889,11281781.093333334,0.0006819155555555,7.5642857142857205e-06,0.0003166977777777,0.0001623822222222,9.999555555555556e-05,0.0009534133333333,0.0035809822222222,0.0811384764444444,0.8166438666666667,1.6092013333333337,7.430886222222222,0.2687913333333333,0.9040911555555556,1.2282034666666666,0.0006188,0.1580131555555555,4.2554892888888896,0.0018108444444444,0.1444696,0.1924396,0.0349701333333333,0.0879859111111111,0.0011848888888888,0.0031815111111111,0.0393908444444444,0.0155979999999999,0.0002049777777777,0.0163168888888888,0.0866950666666666,0.0240089777777777,0.0001208,0.0013173777777777,5.244,0.496,0.074,0.002,0.0,0.073,0.439,0.194,0.07,0.009,0.005,0.006,1.608,0.182,0.128,0.026,0.012,0.0013966333128697145,0.123,0.021,0.017,0.51,0.052,0.061,0.013,0.005,0.0036,0.002,0.083,0.067,0.0,0.006,0.027,0.143,0.004,0.014,0.035,0.007,0.009,0.055,0.001,0.0030365055824093344,0.007,0.003523991641132495,0.003,0.001,0.004,0.003,0.001,0.011,0.004,0.007,0.002,0.001,0.013,0.012,0.003,0.00147748,0.0014486844444444,0.0321568888888888,0.0045643955555555,0.0006005022222222,0.1366384666666666,43200.0,43259.0,874.517471111111,33.809760000000004,469.9700755555556,92.47664888888889,5.193471111111111,0.16745333333333334,0.03103111111111111,21.984483906666664,21.931266284444447,22.417194168888887,23.43613068888889,23.80162376,23.873183448888888,23.66918112,23.742132973333334,23.35122007111111,23.297123635555558,23.47404917777778,24.60577624888889,24.87489530222222,24.37071457777778,21.665470853333332,84.99638241333334,26.307977226666665,5.529460364444445,1.6595528266666666,0.2695845511111111,0.21227997333333332,0.09567814666666667,0.06687601333333333,0.05097586666666667,0.03185023111111111,0.02978544444444444,0.023611182222222225,0.02457499111111111,0.024440964444444446,0.029539346666666667,0.030149573333333336,0.02342920888888889,0.019454333333333334,0.009232137777777778,0.017524577777777776,0.023303719999999997,1.4455136030438476,11125193.253381118,1916.1897890112489,0.22045,0.0977,0.0,0.009325,1.90315,0.0,0.0,0.05255,0.0011848888888888,0.0521,0.0,0.0,0.0,0.0,0.0961428571428571,0.0,0.0,1.571405506387871,0.0646,0.0,0.0,0.0,0.0,0.0709,0.0197,0.0268666666666666,0.03165,0.015825,0.0,0.0,0.0907,0.0,0.5932666666666667,0.0237,0.0,0.17125,0.1029199999999999,0.0,0.0,0.1135799999999999,0.0,0.0,0.0152799999999999,0.0,0.0,0.0,0.0,0.0,0.01155,0.0,0.0122333333333333,0.0,0.0,0.0,,,,0.0,0.005,0.2692979646576155,2.0,0.2,43.0,100.0,346.27344,0.47505272848332,2024-07-21 12:00:00
2024-07-21 06:15:00,45.85511111111111,1.0,0.0217232584126984,0.2336591795204876,0.0028828864182221326,0.0169473876390535,1.7754086403174605,8.8294016e-05,0.00018587511111111112,0.0006218515555555555,7.38896e-27,1.3088195555555556e-07,4.0647595555555553e-07,4.405270222222222e-06,2.7948755555555558e-27,4.349844444444445e-08,2.777184888888889e-05,2.0530426666666667e-05,1.4736893333333334e-09,0.0022342497777777777,0.00013491315555555554,0.0004010579111111111,0.0032630048888888886,3.356436888888889e-07,3.210677333333334e-08,0.163,1308.8808888888889,141.04533333333333,0.04831111111111111,141.04533333333333,40.73434,-111.87211,295.57399999999996,28.961333333333336,878.4093333333333,104.34551111111111,2.8657777777777778,431395.4666666667,1967.3653333333332,145.99911111111112,11287661.94222222,0.0007084101587301,4.29428571428572e-06,0.0003390539682539,0.0001666561904761,6.499714285714285e-05,0.0009180695238095,0.0032857895238095,0.0366374,0.7609602666666667,1.514863111111111,7.618294222222222,0.2704041777777777,0.9235703555555556,1.2489462666666666,0.00054,0.1549780888888889,4.266065022222223,0.0024298222222222,0.14188773333333332,0.1930628444444444,0.0349048444444444,0.0878296,0.0009737333333333,0.0009618666666666,0.0401675111111111,0.0149980888888888,0.0002164444444444,0.0166127555555555,0.0907903111111111,0.0232627111111111,0.0009224444444444,0.0011867999999999,5.082375,0.45625,0.07185153082063175,0.002,0.0,0.073,0.4395,0.193625,0.070125,0.008875,0.00375,0.008877019738978498,1.522154195960951,0.19551911086423046,0.1197125,0.02375,0.029120939019463346,0.001472054148761,0.041029664125858956,0.017436235502019063,0.013895259498280136,0.5402833333333333,0.050124999999999996,0.052403351303702814,0.01427506743526765,0.005875,0.003625,0.001875,0.08809375,0.067375,0.000125,0.006,0.02442671537650956,0.1455,0.004,0.0105,0.027399796193465435,0.007,0.009125,0.0555,0.00032981595753371964,0.0030365055824093344,0.009999111219376078,0.0035440735064901675,0.002875,0.001,0.003719734901736087,0.003,0.0011250000000000001,0.009322073232988618,0.003875,0.007483986563034824,0.0015,0.0009449540229427084,0.012269450917296879,0.011036969374503346,0.0037976661941523625,0.0014937831746031,0.001452173015873,0.0330985422222222,0.0045542812698412,0.000585892063492,0.1347018374603174,44100.0,44159.0,874.5879955555555,33.83806222222223,467.4443333333333,91.81321777777778,5.117155555555556,0.16627555555555554,0.03076,21.8847488,21.950195488888887,22.216073684444446,23.211487622222226,23.760220253333333,23.68206096888889,23.50643042222222,23.665646026666664,23.163453048888886,23.213042488888888,23.32917188888889,24.51267192,24.796331053333333,24.301342755555556,21.556309515555554,84.52350991555555,26.094443902222224,5.506282817777778,1.6154341644444445,0.26256421333333335,0.2101523911111111,0.08062574222222223,0.06686029333333333,0.05705374666666666,0.030170386666666667,0.030764693333333332,0.02426213777777778,0.02669547111111111,0.02539069777777778,0.024181724444444445,0.03171226666666667,0.02110197777777778,0.014384471111111111,0.013043053333333334,0.01571824888888889,0.020885168888888885,1.4027763542214557,11130992.477798037,1916.2154349280079,0.2220375,0.10188685650488188,0.0,0.00699375,1.7506765037402303,0.0,0.0,0.05070625,0.0009737333333333,0.05435,0.0,0.0,0.0,0.0,0.09641071428571425,0.0,0.0,1.53056840344,0.07117428091939913,0.0,0.0,0.0,0.0,0.07221666666666665,0.020266666666666648,0.02831249999999995,0.0325125,0.01616875,0.0,0.0,0.09386875,0.0,0.6027333333333333,0.022389999999999972,0.0,0.17410625000000002,0.10552499999999992,0.0,0.0,0.11451499999999992,0.0,0.0,0.0380449999999999,0.0,0.0,0.0,0.0,0.0,0.0086625,0.0,0.012266666666666624,0.0,0.0,0.0,,,,0.0,0.005875,0.2429739030301092,2.049884741851926,0.7593897589130557,43.5100216257731,100.0,348.39389,0.6544507511992901,2024-07-21 12:15:00
2024-07-21 06:30:00,45.534666666666666,1.0,0.0211648425396825,0.23480865882520863,0.0028939717074672245,0.017125947711197104,1.7906062911111111,0.00025686276888888887,0.0005062146666666666,0.0017919404444444445,1.4056555555555555e-26,3.7296133333333334e-07,1.089193777777778e-06,1.1642288888888888e-05,5.34076e-27,1.1364026666666667e-07,7.311204444444445e-05,5.3179333333333334e-05,4.077413333333333e-09,0.007390551111111112,0.0003517168888888889,0.0016634613333333334,0.011834297777777779,8.921808888888889e-07,8.336408888888889e-08,0.163,1308.4302222222223,306.96244444444443,0.04751111111111111,306.96244444444443,40.73434,-111.87211,295.4042222222222,29.269333333333332,878.4942222222222,105.5987111111111,2.972,431584.4444444445,1967.228,145.6462222222222,11328958.836,0.0007038276190476,4.78317460317461e-06,0.0003452888888888,0.0001670495238095,4.253492063492064e-05,0.0007954187301587,0.0028746282539682,0.0281903911111111,0.7563090222222222,1.5024862222222224,7.783731111111111,0.2693519111111111,0.9371634222222222,1.1750352888888889,0.0002954666666666,0.1572557333333333,4.273718799999999,0.0033654222222222,0.14317400000000002,0.1978766222222222,0.0331085777777777,0.0834921333333333,0.0015524888888888,0.0025873777777777,0.0363154222222222,0.0137183555555555,0.0012786222222222,0.0180096,0.0916161333333333,0.0223930222222222,0.0003327111111111,0.00091,4.92075,0.4165,0.07105839342561909,0.002,0.0,0.073,0.44,0.19325,0.07025,0.008749999999999999,0.0025,0.008035598277256606,1.5194409674558216,0.19389013750024298,0.111425,0.0215,0.046241878038926695,0.0015474749846522858,0.04240118165452118,0.013872471004038125,0.010790518996560272,0.5705666666666667,0.04825,0.04913384141305839,0.0155501348705353,0.00675,0.00365,0.00175,0.0931875,0.06775,0.00025,0.006,0.02213788970268783,0.148,0.004,0.007,0.019799592386930867,0.007,0.00925,0.056,0.00015583971406506517,0.0030365055824093344,0.00901387101355575,0.0035641553718478397,0.00275,0.001,0.003439469803472174,0.003,0.00125,0.007644146465977238,0.00375,0.007967973126069647,0.001,0.0008899080458854168,0.01153890183459376,0.01007393874900669,0.004595332388304725,0.0015051653968253,0.0014016498412698,0.0331479726984127,0.0046049346031746,0.0005247736507936,0.1358139419047619,45000.0,45059.0,874.68096,33.804,465.66185333333334,91.42228,5.06504,0.1654,0.03063111111111111,21.863002533333333,21.913975760000003,22.223818862222224,23.007020693333335,23.6472654,23.533489862222222,23.413315835555558,23.640494484444446,23.152769324444442,22.980824591111112,23.290386395555554,24.32482520888889,24.69535244888889,24.05550205333333,21.45634988,84.14755646222221,26.227566635555554,5.502989817777777,1.6572836444444445,0.2503923288888889,0.20387324888888889,0.09625163555555556,0.06010212444444444,0.05125902222222222,0.037922208888888885,0.030564204444444444,0.02309302222222222,0.018096724444444445,0.021128377777777776,0.022547137777777778,0.03036676888888889,0.022005795555555555,0.01825199111111111,0.010440573333333333,0.012655177777777778,0.019178408888888887,1.4293990717753466,11171716.182702543,1916.0788040956186,0.22362500000000002,0.10131996763032217,0.0,0.0046625,1.7683891712362083,0.0,0.0,0.0488625,0.0015524888888888,0.0566,0.0,0.0,0.0,0.0,0.09667857142857139,0.0,0.0,1.5560074452,0.07073070621450082,0.0,0.0,0.0,0.0,0.07353333333333331,0.0208333333333333,0.0297583333333333,0.033375,0.0165125,0.0,0.0,0.0970375,0.0,0.6122000000000001,0.02107999999999995,0.0,0.17696250000000002,0.10812999999999995,0.0,0.0,0.11544999999999994,0.0,0.0,0.0608099999999999,0.0,0.0,0.0,0.0,0.0,0.005775,0.0,0.01229999999999995,0.0,0.0,0.0,,,,0.0,0.00675,0.2379771793477776,2.0452471335671136,0.7501159596761099,43.2140711605782,100.0,352.17871,0.7303111593541775,2024-07-21 12:30:00
2024-07-21 06:45:00,45.32844444444444,1.0,0.0216084241269841,0.23595813812992963,0.0029050569967123165,0.0173045077833407,1.8007222850793652,0.000511301511111111,0.001045791111111111,0.0039002399999999997,2.122266666666667e-26,7.99712e-07,2.161888888888889e-06,2.2911333333333335e-05,8.057702222222222e-27,2.4968355555555554e-07,0.00014377337777777776,0.00010246475555555555,8.71832e-09,0.01740635111111111,0.0006864866666666667,0.004113524444444444,0.028726133333333334,1.7710964444444446e-06,1.7599017777777777e-07,0.163,1308.6013333333333,309.77017777777775,0.044000000000000004,309.77017777777775,40.73434,-111.87211,295.28866666666664,29.612000000000002,878.5871111111112,107.21115555555555,3.172888888888889,431651.9111111111,1967.3653333333332,149.37422222222222,11421291.608,0.0007322215873015,1.1355428571428578e-05,0.000357945079365,0.0001653971428571,4.683111111111112e-05,0.0006561987301587,0.002574925079365,0.0604146577777778,0.8312082222222221,1.612109777777778,7.963812844444445,0.2664743111111111,0.9459677777777776,1.2689610666666664,0.0006169777777777,0.1634270666666666,4.306475155555556,0.0027764888888888,0.15431866666666666,0.1984582222222222,0.0306430222222222,0.0856601333333333,0.0004504,0.0017564,0.0342772888888888,0.0132694666666666,0.0017626222222222,0.0179282222222222,0.0960467555555555,0.0237253777777777,0.0009966666666666,0.0009178666666666,4.759125,0.37675000000000003,0.06996973306862374,0.002,0.0,0.073,0.4405,0.19287500000000002,0.07037500000000001,0.008624999999999999,0.0012500000000000002,0.007590403688558483,1.522154195960951,0.2110989896124924,0.10313750000000001,0.01925,0.06336281705839003,0.0016228958205435715,0.04256688822252114,0.010308706506057188,0.007685778494840409,0.60085,0.046375,0.05076804358396854,0.016825202305802953,0.007625,0.0036750000000000003,0.0016250000000000001,0.09828125,0.068125,0.000375,0.006,0.02092687613717509,0.1505,0.004,0.0034999999999999996,0.012199388580396302,0.007,0.009375,0.0565,9.481449842869971e-05,0.0030365055824093344,0.008492582184885477,0.003584237237205512,0.002625,0.001,0.0031592047052082612,0.003,0.001375,0.0059662196989658575,0.003625,0.008451959689104472,0.0005,0.0008348620688281253,0.01080835275189064,0.009110908123510033,0.005392998582457087,0.0015463768253968,0.001299439047619,0.033616319047619,0.0047168219047619,0.0004485704761904,0.1330533304761905,45900.0,45959.0,874.7854844444445,33.75072,464.7877511111111,91.52607555555555,5.136551111111111,0.16743111111111111,0.03077333333333333,21.72654248,22.009801182222223,22.099360484444443,23.064954755555558,23.565597164444444,23.633934160000003,23.406369386666668,23.55974205777778,22.93414572888889,22.88244693777778,23.187009315555557,24.200442297777776,24.605187644444445,24.122961813333333,21.38117996888889,84.07052044888889,26.229502164444444,5.462480075555556,1.6777962977777778,0.2721362133333333,0.19649143111111111,0.09700832,0.06474740888888889,0.04695355555555556,0.03956845777777778,0.029258053333333332,0.028117466666666667,0.019673893333333334,0.021650866666666668,0.02916508,0.03180588888888889,0.022840702222222224,0.019186079999999998,0.011943506666666666,0.014651102222222222,0.022506106666666668,1.4656435044584135,11262767.402684767,1916.2154349280079,0.2252125,0.1073087130708848,0.0,0.00233125,1.7747127434984122,0.0,0.0,0.04701875,0.0004504,0.05885,0.0,0.0,0.0,0.0,0.09694642857142854,0.0,0.0,1.590640409874836,0.07541673219017674,0.0,0.0,0.0,0.0,0.07484999999999996,0.02139999999999995,0.03120416666666665,0.0342375,0.01685625,0.0,0.0,0.10020625,0.0,0.6216666666666667,0.019769999999999927,0.0,0.17981875,0.11073499999999997,0.0,0.0,0.11638499999999997,0.0,0.0,0.0835749999999999,0.0,0.0,0.0,0.0,0.0,0.0028874999999999994,0.0,0.012333333333333276,0.0,0.0,0.0,,,,0.0,0.007625,0.2570390459229272,2.1199267498708063,0.8322550864784103,43.02361205398953,100.0,358.53589,0.7448090923510693,2024-07-21 12:45:00
2024-07-21 07:00:00,44.92533333333333,1.0,0.0237398653968253,0.23710761743465067,0.002916142285957408,0.0174830678554843,1.8724611657142856,0.0008930554666666667,0.0017946,0.006744946666666667,2.911364444444445e-26,1.4482964444444445e-06,3.660573333333333e-06,3.877266666666667e-05,1.0964955555555556e-26,4.931928888888889e-07,0.00024237466666666668,0.00017103022222222223,1.6039715555555558e-08,0.029963022222222226,0.0011597275555555555,0.006868577777777778,0.04916128888888889,3.0209911111111112e-06,3.3107955555555557e-07,0.163,1309.3257777777778,301.7867111111111,0.043333333333333335,301.7867111111111,40.734339777777784,-111.87211,295.2882222222222,29.92488888888889,878.6373333333335,106.90115555555556,3.1697777777777776,431371.68888888886,1968.063555555556,149.9537777777778,11530457.008,0.0006835701587301,1.7927682539682545e-05,0.0004045977777777,0.000154499047619,4.858571428571428e-05,0.0005273555555555,0.0025731362458969,0.0799982107407407,0.8874416895178895,1.6996456375661373,7.991064959753209,0.2690069766770267,0.9310207612239612,1.1671602860676356,0.000336458023458,0.1609350686461686,4.316716683851335,0.0021506391515891,0.17637980986050986,0.201557313099863,0.0321557223424723,0.0872005656103156,0.0007003763791763,0.0053242099104599,0.0372489727550227,0.0153211826173826,0.0004532852869352,0.017175218085618,0.0993103969567469,0.0205125097051097,0.00134568722111215,0.000953665010915,4.5975,0.33699999999999997,0.04606476009705122,0.002,0.0,0.073,0.441,0.1925,0.07050000000000001,0.0085,0.0,0.00823951606746285,1.6630956352300992,0.0686079180743274,0.09485,0.017,0.08048375607785338,0.0016983166564348573,0.0434498657212381,0.00674494200807625,0.004581037993120545,0.6311333333333333,0.0445,0.051929195692448485,0.018100269741070603,0.0085,0.0037,0.0015,0.103375,0.0685,0.0005,0.006,0.022692584697771412,0.153,0.004,0.0,0.0045991847738617335,0.007,0.0095,0.056999999999999995,0.000373739665471546,0.0030365055824093344,0.009252643156569653,0.003604319102563184,0.0025,0.001,0.002878939606944348,0.003,0.0015,0.004288292931954476,0.0035,0.008935946252139296,0.0,0.0007798160917708337,0.01007780366918752,0.008147877498013378,0.00619066477660945,0.0016380085714285,0.0014489679365079,0.0350758101587301,0.0048926926984126,0.0005304047619047,0.1615884142857143,46800.0,46859.0,874.8301422222223,33.70604888888889,462.5635022222222,90.83025777777779,5.064475555555556,0.16620888888888888,0.030364444444444447,21.786665204444443,21.810412657777775,22.118776804444444,22.939759764444442,23.6290012,23.539122648888892,23.187472862222226,23.36663758666667,22.880302635555555,22.921433813333334,23.08512296888889,24.158990239999998,24.428657244444445,23.99086305777778,21.29540729333333,83.45968646666667,25.981933360000003,5.3871518088888894,1.6577648933333333,0.2592243777777778,0.19700739555555555,0.09585595555555555,0.06357726666666667,0.05034344,0.038210039999999994,0.025846942222222224,0.026069933333333337,0.02030162222222222,0.022713382222222224,0.024148715555555554,0.0303454,0.02064028888888889,0.016930608888888886,0.008716119999999999,0.012639684444444443,0.02578932,1.528779627353279,11370417.618686592,1916.9100855354,0.2268,0.09485,0.0,0.0,1.94595,0.0,0.0,0.045175,0.0007003763791763,0.0611,0.0,0.0,0.0,0.0,0.0972142857142857,0.0,0.0,1.6509694301424245,0.0650666666666666,0.0,0.0,0.0,0.0,0.0761666666666666,0.0219666666666666,0.03265,0.0351,0.0172,0.0,0.0,0.103375,0.0,0.6311333333333333,0.0184599999999999,0.0,0.182675,0.11334,0.0,0.0,0.11732,0.0,0.0,0.1063399999999999,0.0,0.0,0.0,0.0,0.0,0.0,0.0,0.0123666666666666,0.0,0.0,0.0,,,,0.0,0.0085,0.3,2.1,0.3,42.0,97.666664,368.1604,0.7700562622562311,2024-07-21 13:00:00
2024-07-21 07:15:00,44.54,1.0,0.019109399047619,0.2382570967393717,0.0029272275752025,0.0176616279276279,1.6785045015873017,0.0013749332444444446,0.0026538755555555555,0.009792151111111112,3.7995022222222224e-26,2.359697777777778e-06,5.632906666666667e-06,5.9499599999999995e-05,1.4186888888888888e-26,8.995075555555555e-07,0.0003667924444444444,0.00025832888888888887,2.6806444444444445e-08,0.04221057777777778,0.001751911111111111,0.009342804444444443,0.0685224,4.6712e-06,5.796946666666667e-07,0.163,1309.404888888889,296.9185777777778,0.0428,296.9185777777778,40.73433422222222,-111.87211,295.7077777777778,29.984444444444442,878.7080000000001,106.89244444444444,3.0773333333333337,430847.4666666667,1968.8577777777775,150.23999999999998,11668885.413333334,0.0006993384126984,2.449993650793651e-05,0.0003986892063492,0.0001426304761904,2.229206349206349e-05,0.0004762514285714,0.002623457951866667,0.0841713466017316,0.894470695989196,1.7259853662633662,8.12762998018278,0.2703607987105487,1.0071443426573423,1.2992387026418024,0.0009315972989972,0.1711925263532763,4.358042773421023,0.0037222199319199,0.23803190502830504,0.219275018993969,0.0448552964109964,0.1056168834757834,0.0020781186720686,0.0025433249694749,0.0465852845284345,0.0229831295833795,0.0026530597754097,0.0174173656769156,0.1189328403929404,0.0241994377640877,0.0016947077755577,0.0007851953120953,4.435875,0.29725,0.07624512988829954,0.002,0.0,0.073,0.4415,0.192125,0.070625,0.008375,0.00125,0.010278870123423224,1.5516397018516699,0.21509551368434043,0.1063875,0.01475,0.11136281705839003,0.001773737492326143,0.048497906017910535,0.011558706506057188,0.007685778494840409,0.6086,0.042624999999999996,0.06581110834739257,0.024075202305802953,0.009375000000000001,0.003725,0.001375,0.10253124999999999,0.068875,0.000625,0.006,0.028240013820559066,0.1555,0.004,0.004,0.0124493885803963,0.007,0.009625,0.057499999999999996,0.0014153603813500332,0.0030365055824093344,0.011640570849456357,0.003624400967920856,0.002375,0.001,0.002598674508680435,0.003,0.0016250000000000001,0.004966219698965857,0.003375,0.008951959689104472,0.00075,0.0007247701147135421,0.01105835275189064,0.009360908123510033,0.003449730143378518,0.0016739,0.0014869082539682,0.0336861269841269,0.0047095406349206,0.000518065079365,0.1776745225396825,47700.0,47759.0,874.90392,33.806955555555554,461.20908,90.45304,5.0273377777777775,0.16577777777777777,0.03023111111111111,21.8088498,21.767506728888886,22.05669065333333,22.86569049777778,23.34392623111111,23.507680382222222,23.171479182222225,23.2903968,22.949343235555556,22.925265604444448,22.894299906666667,24.08756092,24.48328503111111,23.961299324444443,21.262396053333337,83.06800940888888,25.86585744888889,5.3631215022222225,1.6292794800000001,0.2490579066666667,0.18590783111111112,0.0944418088888889,0.06586827111111111,0.04664003555555555,0.02974695111111111,0.02858608,0.024178484444444443,0.022328466666666665,0.02087181777777778,0.02096395111111111,0.03461813777777777,0.017625902222222222,0.01888656444444444,0.01036668888888889,0.012993617777777777,0.024065346666666668,1.4908560484855096,11506924.678019695,1917.70024507417,0.2390375,0.10869951852131587,0.0,0.0,1.699313100582792,0.0042,0.00489375,0.04525625,0.0020781186720686,0.0594875,0.0,0.0038,0.0,0.0,0.10646071428571427,0.0,0.0,1.614731976,0.07650499859463743,0.0047722222222222,0.0,0.0,0.0,0.08129999999999996,0.023208333333333275,0.03499166666666665,0.03813749999999998,0.01839375,0.0,0.0,0.10685,0.0,0.6419083333333333,0.019644999999999926,0.00505,0.18915625,0.11823499999999998,0.0,0.0,0.12468,0.0,0.0,0.16870999999999992,0.0,0.0,0.0,0.0,0.0,0.0037375,0.0,0.0120541666666666,0.0,0.0,0.0,,,,0.0023325,0.009375000000000001,0.27109202150539363,2.1830037555977038,0.9175801916066054,42.29543434905785,92.666664,381.70557,0.784819067431123,2024-07-21 13:15:00
2024-07-21 07:30:00,44.472,1.0,0.0148748758730158,0.2491281681074481,0.0031927503052503,0.0185689995360195,1.5594218806349207,0.0019271324444444444,0.0035315466666666667,0.0127012,4.833542222222223e-26,3.5575111111111112e-06,8.057742222222223e-06,8.44476888888889e-05,1.7891955555555555e-26,1.5338648888888888e-06,0.0005098524444444444,0.0003586382222222222,4.168168888888889e-08,0.053041200000000004,0.0024117822222222223,0.011414013333333334,0.08531648888888889,6.687333333333333e-06,9.610884444444445e-07,0.163,1309.6044444444444,241.36786666666666,0.04702222222222222,241.36786666666666,40.73433,-111.87211,295.8513333333333,29.901333333333334,878.7977777777777,106.71057777777779,3.1497777777777776,430131.8222222222,1969.2888888888888,150.2506666666667,11799157.713333333,0.0006908819047619,3.107219047619048e-05,0.0003544873015873,0.0001287911111111,1.8675238095238092e-05,0.0003771453968253,0.002673779657836434,0.1259716622222222,0.8905930666666666,1.7626582222222222,8.13857631111111,0.2686468444444444,0.9888275555555556,1.3055949777777776,0.0002797777777777,0.1718042222222222,4.386881777777778,0.0019693333333333,0.28465853333333335,0.2127104,0.0518465333333333,0.0968036,0.0009838222222222,0.0045506222222222,0.0402731111111111,0.0156553333333333,0.0011636444444444,0.0162603555555555,0.1232278222222222,0.0241928888888888,0.0007293333333333,0.0014722666666666,4.27425,0.2575,0.07933209439273378,0.002,0.0,0.073,0.442,0.19175,0.07075,0.00825,0.0025,0.00890008621249995,1.5601569563823432,0.21514475217393225,0.117925,0.0125,0.14224187803892668,0.0018491583282174285,0.0466275475520958,0.016372471004038124,0.010790518996560274,0.5860666666666667,0.040749999999999995,0.05916780254067129,0.030050134870535303,0.01025,0.00375,0.00125,0.1016875,0.06925,0.00075,0.006,0.024489460551433417,0.158,0.004,0.008,0.020299592386930868,0.007,0.00975,0.057999999999999996,0.0004191665405862562,0.0030365055824093344,0.01002612029646013,0.0036444828332785287,0.0022500000000000003,0.001,0.0030657830057869567,0.003,0.00175,0.005644146465977239,0.0032500000000000003,0.008967973126069648,0.0015,0.000816513409809028,0.01203890183459376,0.010573938749006688,7.035692744093193e-05,0.0016801736507936,0.0015091295238095,0.0311740676190476,0.0045086926984126,0.0004535492063492,0.1612785631746032,48600.0,48659.0,874.9935466666667,33.59204444444445,459.53408888888885,90.03228444444444,4.99448,0.16543555555555559,0.030142222222222223,21.55497708,21.770058319999997,21.96091978666667,22.86196415111111,23.474046848888886,23.48194682222222,23.124843768888887,23.317895933333332,22.758723297777774,22.71803920888889,22.896361000000002,24.022642075555556,24.34874032888889,23.77985889777778,21.11963096,82.74729933333333,25.76971176,5.310523453333333,1.6109544266666667,0.24882476444444446,0.17905683555555557,0.10106292888888889,0.06846178222222221,0.04228993777777778,0.03426131555555555,0.027850875555555557,0.02511550666666667,0.019288684444444443,0.01880544,0.026842497777777776,0.02750010666666667,0.02023272,0.020537875555555554,0.012819653333333332,0.012504528888888889,0.019476439999999998,1.5005677000731434,11635388.836389055,1918.1291509234188,0.251275,0.10871665370140338,0.0,0.0,1.6322365784707813,0.0084,0.0097875,0.0453375,0.0009838222222222,0.057874999999999996,0.0,0.0076,0.0,0.0,0.11570714285714286,0.0,0.0,1.6240118366977778,0.07651840639428177,0.0095444444444444,0.0,0.0,0.0,0.0864333333333333,0.02444999999999995,0.0373333333333333,0.04117499999999995,0.0195875,0.0,0.0,0.110325,0.0,0.6526833333333333,0.02082999999999995,0.0101,0.19563750000000002,0.12312999999999995,0.0,0.0,0.13204,0.0,0.0,0.2310799999999999,0.0,0.0,0.0,0.0,0.0,0.007475,0.0,0.0117416666666666,0.0,0.0,0.0,,,,0.004665,0.01025,0.29581848145556366,2.1791374944096744,0.9450585592853512,42.23263210054908,87.666664,399.74765,0.799049112597231,2024-07-21 13:30:00
2024-07-21 07:45:00,44.66222222222223,1.0,0.0130779066666666,0.2633209466666666,0.0031719555555555,0.01994688,1.5456941688888888,0.0025307853333333334,0.004372737777777778,0.0153348,6.072684444444445e-26,5.02368e-06,1.0830137777777776e-05,0.00011235479999999999,2.22832e-26,2.454902222222222e-06,0.000662924,0.0004648013333333333,6.089786666666666e-08,0.06230288888888889,0.0030901155555555556,0.013120044444444446,0.09947622222222223,8.982782222222222e-06,1.513648888888889e-06,0.163,1309.9004444444445,348.0396888888889,0.04742222222222223,348.0396888888889,40.73433,-111.87211,296.19044444444444,29.839111111111112,878.8022222222222,106.18075555555555,3.9102222222222225,429275.7536352536,1970.4792713952716,151.99762715062715,11878244.363953268,0.0006316844444444,3.764444444444445e-05,0.00031932,0.0001092266666666,4.539111111111112e-05,0.0003065466666666,0.0027241013638062014,0.16989732,0.8837214666666666,1.857853777777778,8.291394844444445,0.2711525333333333,1.0016706222222225,1.2722615111111109,0.0008028888888888,0.1688968444444444,4.426841555555556,0.0037528888888888,0.3525324,0.2202348444444444,0.0541394222222222,0.1027452,0.0031302222222222,0.0048305777777777,0.0452288888888888,0.0172582666666666,0.0005794666666666,0.0160921777777777,0.1360078666666666,0.0265875555555555,0.0001353333333333,0.0018190666666666,4.1126249999999995,0.21775,0.08034451418214149,0.002,0.0,0.073,0.4425,0.19137500000000002,0.070875,0.008125,0.00375,0.009982589213345642,1.5836747700837606,0.22320891113702745,0.12946249999999998,0.010249999999999999,0.17312093901946335,0.0019245791641087143,0.04877137469273392,0.021186235502019063,0.013895259498280136,0.5635333333333333,0.038875,0.06364648133157522,0.03602506743526765,0.011125,0.003775,0.0011250000000000001,0.10084375000000001,0.069625,0.000875,0.006,0.02743407365323662,0.1605,0.004,0.012,0.028149796193465432,0.007,0.009875,0.058499999999999996,0.000637080939313093,0.0030365055824093344,0.011293648554144197,0.003664564698636201,0.002125,0.001,0.0035328915028934784,0.003,0.001875,0.006322073232988619,0.003125,0.008983986563034823,0.0022500000000000003,0.0009082567049045141,0.01301945091729688,0.011786969374503345,0.000809584628206488,0.0017234622222222,0.0018826933333333,0.0319423288888888,0.0044955466666666,0.0004322666666666,0.1544674888888889,49500.0,49559.0,875.0578311111111,31.842724444444446,461.0620444444445,90.84320000000001,5.098697777777778,0.1672888888888889,0.03056888888888889,21.683828577777778,21.922437542222223,22.042844644444447,22.744082604444444,23.403655928888888,23.431691502222222,23.133506142222224,23.353232644444446,22.828218484444445,22.654530853333334,22.91377643111111,23.984346879999997,24.029160075555556,23.73037949333333,21.10470663111111,83.94456868444445,26.098011675555554,5.491592915555556,1.6271771955555556,0.25061692444444444,0.19421167555555557,0.09926039111111111,0.05788506222222222,0.05157823555555555,0.03848116888888889,0.029631524444444442,0.022163079999999998,0.02730593333333333,0.018296555555555552,0.02645843111111111,0.031250537777777775,0.022638515555555558,0.020380208888888886,0.015399044444444445,0.014498315555555556,0.020270964444444442,1.4560110424874764,11713377.787302962,1919.3134442683875,0.2635125,0.11152301143562046,0.0,0.0,1.5519982646698907,0.0126,0.01468125,0.04541875,0.0031302222222222,0.0562625,0.0,0.0114,0.0,0.0,0.12495357142857144,0.0,0.0,1.5814362179348411,0.07871430290885205,0.0143166666666666,0.0,0.0,0.0,0.09156666666666664,0.025691666666666623,0.039674999999999946,0.044212499999999925,0.02078125,0.0,0.0,0.1138,0.0,0.6634583333333334,0.022014999999999972,0.01515,0.20211875,0.12802499999999992,0.0,0.0,0.1394,0.0,0.0,0.2934499999999999,0.0,0.0,0.0,0.0,0.0,0.0112125,0.0,0.0114291666666666,0.0,0.0,0.0,,,,0.0069975,0.011125,0.32180216128439915,2.1722860400364308,1.0163870230372,42.408314207488644,82.666664,422.75458,0.8189937521214596,2024-07-21 13:45:00
2024-07-21 08:00:00,44.67377777777778,1.0,0.01403716,0.2743485066666666,0.0029709244444444,0.0204836577777777,1.5726200355555555,0.003167521333333333,0.005149755555555555,0.017656799999999997,7.596582222222222e-26,6.706893333333333e-06,1.3811422222222222e-05,0.00014183955555555555,2.764466666666667e-26,3.7021244444444444e-06,0.0008182951111111111,0.0005709137777777778,8.424542222222222e-08,0.07012004444444445,0.00375188,0.014521866666666666,0.111316,1.14562e-05,2.267777777777778e-06,0.163,1309.7297777777778,335.2637777777778,0.04977777777777778,335.2637777777778,40.73433244444445,-111.87211,297.0433333333333,29.483999999999998,878.9328888888889,109.66844444444445,3.439111111111111,428176.921966922,1972.23547996448,157.42258474858474,12105438.751824733,0.0005978577777777,7.791555555555555e-05,0.0003212799999999,9.543555555555556e-05,5.320888888888889e-05,0.0002388844444444,0.0027744230697759682,0.2084609244444444,0.9395428,1.9296995555555556,8.021326533333333,0.2758317777777777,0.9869807111111112,1.3007873777777776,0.0007709333333333,0.1659388888888888,4.492194355555555,0.0030509777777777,0.43625555555555556,0.2348008444444444,0.0420807555555555,0.1068997333333333,0.0020379555555555,0.0033351555555555,0.0486413333333333,0.0170685333333333,0.0011522666666666,0.0171659111111111,0.1476288888888889,0.0278744888888888,0.0010786666666666,0.0012765777777777,3.951,0.178,0.07,0.002,0.0,0.073,0.443,0.191,0.071,0.008,0.005,0.006,1.872,0.157,0.141,0.008,0.204,0.002,0.106,0.026,0.017,0.541,0.037,0.064,0.042,0.012,0.0038,0.001,0.1,0.07,0.001,0.006,0.029,0.163,0.004,0.016,0.036,0.007,0.01,0.059,0.001,0.0030365055824093344,0.008,0.003684646563993873,0.002,0.001,0.004,0.003,0.002,0.007,0.003,0.009,0.003,0.001,0.014,0.013,0.004,0.0017730177777777,0.0025479111111111,0.0328961911111111,0.0044292177777777,0.0004220622222222,0.1596742088888889,50400.0,50459.0,875.1569022222222,31.12056,463.2153333333334,91.46154222222223,5.203991111111111,0.16955111111111112,0.03082222222222222,21.881632217777778,22.08927696,22.277401320000003,22.90803365777778,23.576097235555554,23.509978666666665,23.200009444444444,23.364820084444442,22.968749515555555,22.793617737777776,23.04321429333333,23.98736266666667,24.184026115555557,23.73718939111111,21.004216164444447,84.17138202222222,26.357472284444444,5.553393342222222,1.62811232,0.26356660444444446,0.20146032,0.10089181777777778,0.06632854666666667,0.04981828,0.033761311111111116,0.03175652888888889,0.026132773333333335,0.023221275555555553,0.01706861777777778,0.02892334666666667,0.029777817777777778,0.02799178222222222,0.02052362666666667,0.01898509333333333,0.014487644444444444,0.02462066222222222,1.6200878362356885,11937418.783156646,1921.0606693071782,0.27575,0.1112,0.0,0.0,2.1613,0.0168,0.019575,0.0455,0.0020379555555555,0.05465,0.0,0.0152,0.0,0.0,0.1342,0.0,0.0,1.73821797395049,0.07945,0.0190888888888888,0.0,0.0,0.0,0.0967,0.0269333333333333,0.0420166666666666,0.0472499999999999,0.021975,0.0,0.0,0.117275,0.0,0.6742333333333334,0.0232,0.0202,0.2086,0.1329199999999999,0.0,0.0,0.14676,0.0,0.0,0.3558199999999999,0.0,0.0,0.0,0.0,0.0,0.01495,0.0,0.0111166666666666,0.0,0.0,0.0,,,,0.00933,0.012,0.4,1.7,0.4,42.0,78.833336,451.05981,0.844249105337413,2024-07-21 14:00:00
2024-07-21 08:15:00,45.32533333333333,1.0,0.0137189688888888,0.2866532577777778,0.0029381555555555,0.0206080488888888,1.6121718888888892,0.003788548888888889,0.005855186666666666,0.019686933333333333,9.520515555555555e-26,8.548537777777778e-06,1.6884711111111113e-05,0.00017187377777777777,3.4368755555555555e-26,5.294435555555555e-06,0.0009711315555555555,0.0006735035555555555,1.1127417777777779e-07,0.07671942222222222,0.004379466666666667,0.015679822222222223,0.12123511111111111,1.4024266666666665e-05,3.243368888888889e-06,0.163,1308.956,279.74906666666664,0.048711111111111115,279.74906666666664,40.73433955555556,-111.87211,297.8251111111111,28.771555555555555,879.0275555555556,112.84582222222222,3.3684444444444446,427210.4888888889,1972.8395555555555,154.4671111111111,12225248.54311111,0.0006360711111111,3.520444444444445e-05,0.0003360044444444,7.270666666666667e-05,1.749333333333333e-05,0.0001474222222222,0.0028247447757457356,0.2484778222222222,0.9560226666666668,1.9905364444444444,7.948346088888889,0.2806449777777777,1.002124977777778,1.371865422222222,0.000952,0.1718924444444444,4.55751288888889,0.0044280888888888,0.5196332444444445,0.2459441333333333,0.0508054666666666,0.1185953777777777,0.001752,0.0024959111111111,0.0541028444444444,0.0181774222222222,0.0006416444444444,0.0177874222222222,0.1592393333333333,0.0262021777777777,0.0007072,0.0018279111111111,3.976625,0.177125,0.07887241381225138,0.002,0.0,0.073,0.442625,0.191625,0.070875,0.008125,0.00375,0.011920949638087661,1.6303057671509436,0.2346083167887283,0.1336875,0.007875,0.2852973056199879,0.0024647168623939827,0.05609633691332688,0.027468510695757266,0.013895259498280136,0.5873166666666667,0.02960008179650926,0.07559408047076159,0.05042673195386861,0.012375,0.0038250000000000003,0.0011250000000000001,0.10785625,0.07300000000000001,0.0009668426148239243,0.00625,0.03270678097899284,0.1655,0.004125,0.012,0.0297278745553604,0.007,0.010125,0.061,0.0007620376209542513,0.0031221737778006457,0.013563320425739524,0.0037047284293515457,0.002125,0.001,0.00010683576360812422,0.003,0.002,0.007432524292439888,0.003125,0.008983986563034823,0.0022500000000000003,0.00011392366554271484,0.01211844399197768,0.013381142560784778,0.0012334732790004075,0.0018426444444444,0.0034682888888888,0.0345954488888888,0.0044993911111111,0.0003884222222222,0.1637313866666666,51300.0,51359.0,875.2383866666667,30.842777777777776,461.96451999999994,90.65738666666667,4.99876,0.16464,0.030440000000000002,21.59835692444444,22.055277031111114,22.23869562222222,22.82722556888889,23.634694906666667,23.624517635555556,23.30286388888889,23.298492533333334,22.776366013333337,22.92813832888889,22.945127546666665,23.79366168,24.183697137777777,23.65072084888889,20.951930017777777,83.87563144444445,26.179645391111112,5.530269871111112,1.660043008888889,0.24647827555555557,0.20192644444444446,0.10571662666666667,0.05873312,0.04216084,0.03234136888888889,0.028933484444444442,0.02108376888888889,0.025553804444444442,0.018981004444444446,0.023763422222222223,0.025866088888888892,0.022045573333333335,0.017551226666666666,0.01055124,0.008817435555555557,0.018577088888888888,1.649096953352292,12055565.649390016,1921.6616548715097,0.2702875,0.11549004759680362,0.0,0.002740625,1.3584234000816267,0.021363888888888873,0.01899375,0.0452625,0.001752,0.059846875,0.0,0.015725,0.0,0.0,0.13358571428571428,0.0035861111111111,0.0,1.7659373132799998,0.08181839786200194,0.0167888888888888,0.0,0.0,0.0,0.097075,0.027537499999999975,0.04259583333333328,0.048266666666666576,0.0217375,0.0,0.0,0.1208125,0.0,0.6872416666666666,0.02216,0.019142857142857125,0.21298125,0.13534499999999994,0.0,0.00343,0.152815,0.0,0.0,0.42576499999999995,0.0,0.0,0.0,0.0,0.0,0.0112125,0.0,0.01124999999999995,0.0,0.0,0.00294,,,,0.012732499999999999,0.012375,0.3682854859248847,2.2443752729560957,1.115803962458377,43.020738748502204,76.333336,484.84283,0.8650708356167164,2024-07-21 14:15:00
2024-07-21 08:30:00,45.19866666666667,1.0,0.0141242,0.3008268755555555,0.0033217511111111,0.0210819955555555,1.6468375644444446,0.004403901777777777,0.006487768888888888,0.02144946666666667,1.2020364444444444e-25,1.0488315555555554e-05,1.9950133333333334e-05,0.0002016031111111111,4.30496e-26,7.229195555555555e-06,0.0011176248888888887,0.0007702093333333334,1.4139155555555554e-07,0.0823072,0.004962102222222223,0.01664511111111111,0.12957822222222223,1.6614444444444444e-05,4.446177777777777e-06,0.163,1308.6666666666667,295.1303111111111,0.05,295.1303111111111,40.73433706666667,-111.87211,298.4833333333333,28.162666666666667,879.1271111111112,110.79222222222224,2.8577777777777778,426879.15555555554,1974.0297777777776,157.036,12376160.942666668,0.0005990711111111,1.0502222222222229e-05,0.0003375822222222,7.618222222222223e-05,2.8257777777777775e-05,0.0001122933333333,0.0028750664817155025,0.2435126666666666,0.9798121777777778,2.014723111111111,8.298826755555556,0.2804993777777778,1.0391490222222222,1.362874088888889,0.0018542222222222,0.1794180888888888,4.580541955555556,0.0036322222222222,0.6216146666666666,0.2678437333333333,0.0500639999999999,0.1208026222222222,0.0027175555555555,0.0015681333333333,0.0525743111111111,0.0201071111111111,0.0011281333333333,0.0198448888888888,0.1715504888888888,0.0264146222222222,0.0015980444444444,0.0015435111111111,4.00225,0.17625,0.07854502091931304,0.002,0.0,0.073,0.44225000000000003,0.19225,0.07075,0.00825,0.0025,0.011587068258731714,1.6538204141954154,0.24646658636536167,0.126375,0.00775,0.36659461123997583,0.0029294337247879653,0.062335861597940995,0.028937021391514536,0.010790518996560272,0.6336333333333333,0.02220016359301853,0.07725786444808658,0.058853463907737213,0.012750000000000001,0.00385,0.00125,0.1157125,0.07600000000000001,0.0009336852296478486,0.006500000000000001,0.03179856041671119,0.168,0.00425,0.008,0.023455749110720805,0.007,0.01025,0.063,0.0010243735429839198,0.003207841973191957,0.013172370855421868,0.003724810294709218,0.0022500000000000003,0.001,0.0011074113663037764,0.003,0.002,0.007865048584879776,0.0032500000000000003,0.008967973126069648,0.0015,0.00035920360399870977,0.010236887983955362,0.013762285121569556,0.002123391437704995,0.0019459911111111,0.0049127066666666,0.0354747644444444,0.0046027555555555,0.0003926044444444,0.1686185822222222,52200.0,52259.0,875.3366088888889,30.684026666666668,460.4697288888889,90.18620444444444,4.938266666666666,0.16346222222222226,0.03023111111111111,21.672370222222224,21.816325319999997,22.228675195555557,22.870131080000004,23.460842293333332,23.45492220888889,23.138615453333333,23.337064915555555,22.676914791111113,22.894706031111113,22.813435044444443,23.883477586666668,24.122688995555556,23.44104828,21.01056032,83.50875693777779,26.172423648888888,5.469113857777777,1.6255342977777778,0.25033407999999996,0.18204817333333334,0.09973176444444444,0.057853640000000005,0.039698946666666665,0.03595061333333334,0.02888044,0.01749050222222222,0.02021224,0.01908328888888889,0.020317653333333335,0.029887693333333333,0.020076315555555554,0.013704973333333334,0.008780395555555555,0.009201146666666667,0.018715893333333334,1.7105581268891747,12204383.428736858,1922.8457887522188,0.264825,0.11961677013453034,0.0,0.00548125,1.3273679117978645,0.02592777777777775,0.0184125,0.045024999999999996,0.0027175555555555,0.06504375,0.0,0.01625,0.0,0.0,0.13297142857142857,0.0071722222222222,0.0,1.824665854311111,0.08504744294299939,0.014488888888888801,0.0,0.0,0.0,0.09745,0.028141666666666648,0.04317499999999995,0.04928333333333325,0.0215,0.0,0.0,0.12434999999999999,0.0,0.70025,0.02112,0.01808571428571425,0.21736250000000001,0.13776999999999995,0.0,0.00686,0.15887,0.0,0.0,0.49570999999999993,0.0,0.0,0.0,0.0,0.0,0.007475,0.0,0.011383333333333301,0.0,0.0,0.00588,,,,0.016135,0.012750000000000001,0.3653484095375804,2.2680950398138218,1.133926633906043,42.903754167946666,73.833336,524.11664,0.8875072661855681,2024-07-21 14:30:00
2024-07-21 08:45:00,45.53777777777778,1.0,0.0108756933333333,0.3240349822222222,0.0035088266666666,0.0246342399999999,1.6534644933333331,0.0049688706666666665,0.0070514577777777785,0.022980577777777778,1.537697777777778e-25,1.2474666666666668e-05,2.2940533333333332e-05,0.00023045777777777778,5.465408888888889e-26,9.485786666666666e-06,0.0012559111111111112,0.0008599951111111111,1.7389955555555556e-07,0.0870496,0.005496600000000001,0.017451111111111108,0.13660933333333333,1.9176222222222222e-05,5.869217777777778e-06,0.163,1308.951111111111,358.2000444444445,0.053200000000000004,358.2000444444445,40.73433382222222,-111.87211,298.65799999999996,27.577333333333335,879.0986666666666,105.57902222222222,3.409777777777778,426119.6,1974.8506666666667,155.8937777777778,12414930.14088889,0.00065548,7.592e-05,0.00031628,8.110666666666667e-05,3.902222222222222e-05,0.0001675244444444,0.00292538818768527,0.2528441777777778,0.9024016888888888,1.9816111111111112,8.606800844444445,0.2808532444444444,1.051048311111111,1.260395511111111,0.0019639111111111,0.1890078666666666,4.608281777777778,0.0032690666666666,0.6788828888888889,0.3007176888888889,0.0500606666666666,0.1195087555555555,0.0013666222222222,0.0017334222222222,0.0592484444444444,0.0212516888888888,0.0007497777777777,0.0188403111111111,0.1843496888888889,0.0228485777777777,0.0009518222222222,0.0012448888888888,4.027875,0.175375,0.07854354909368394,0.002,0.0,0.073,0.441875,0.19287500000000002,0.070625,0.008375,0.0012500000000000002,0.013044915984223825,1.6700383205027904,0.24119396477159927,0.1190625,0.007625,0.4478919168599637,0.003394150587181948,0.07170214487114218,0.030405532087271803,0.007685778494840409,0.6799499999999999,0.014800245389527796,0.07628256937634534,0.06728019586160583,0.013125,0.003875,0.001375,0.12356874999999999,0.079,0.0009005278444717728,0.00675,0.035764182229827995,0.1705,0.004375,0.004,0.01718362366608121,0.007,0.010375,0.065,0.0011799757586555206,0.003293510168583268,0.014879399090926134,0.00374489216006689,0.002375,0.001,0.0017008938734717535,0.003,0.002,0.008297572877319663,0.003375,0.008951959689104472,0.0007499999999999998,0.0005046892149217549,0.008355331975933042,0.014143427682354335,0.002651238467534044,0.0021030533333333,0.0067721422222222,0.0371012533333333,0.0048030888888888,0.0005830577777777,0.1718463999999999,53100.0,53159.0,875.3347288888889,30.63468,459.3579555555555,89.93538666666667,4.931315555555556,0.16375111111111113,0.030173333333333333,21.84364748888889,21.85787504888889,22.19342763111111,22.969503351111108,23.437606044444447,23.428938284444442,23.03787608,23.166916160000003,22.7943192,22.619088017777777,22.86507432,23.74151904,24.018993688888887,23.28578216,20.955073746666667,83.01213193333334,26.18941296888889,5.432046164444444,1.6173651866666667,0.2551819822222222,0.19418364,0.09179738666666666,0.06024483111111111,0.04647444888888889,0.03628140888888889,0.03259282222222223,0.022011035555555555,0.01709136,0.01918257777777778,0.018802266666666668,0.021266675555555555,0.02015829777777778,0.017279204444444442,0.010101555555555556,0.011355062222222222,0.017267306666666666,1.7358601473366957,12242614.521764865,1923.662478549706,0.2593625,0.11778187793349967,0.0,0.008221875,1.2561756522714589,0.030491666666666625,0.01783125,0.0447875,0.0013666222222222,0.070240625,0.0,0.016774999999999998,0.0,0.0,0.13235714285714284,0.0107583333333333,0.0,1.8488429186349888,0.08361169106442444,0.0121888888888888,0.0,0.0,0.0,0.097825,0.028745833333333325,0.04375416666666662,0.05029999999999993,0.0212625,0.0,0.0,0.1278875,0.0,0.7132583333333333,0.02008,0.017028571428571376,0.22174375,0.14019499999999996,0.0,0.01029,0.164925,0.0,0.0,0.5656549999999999,0.0,0.0,0.0,0.0,0.0,0.0037374999999999995,0.0,0.01151666666666665,0.0,0.0,0.00882,,,,0.0195375,0.013125,0.3708683495748358,2.190911497024266,1.109116357018979,43.216944466065534,71.333336,568.72235,0.9039898603985492,2024-07-21 14:45:00
2024-07-21 09:00:00,45.281333333333336,1.0,0.0142464533333333,0.334757953968254,0.0041158869841269,0.0262033787301587,1.6680893473015872,0.00545861911111111,0.007551462222222222,0.024309288888888888,2.0071555555555557e-25,1.4463777777777777e-05,2.5807333333333336e-05,0.000258048,7.083502222222223e-26,1.2029142222222222e-05,0.001384857777777778,0.0009424644444444445,2.0812355555555556e-07,0.09108244444444445,0.005982382222222222,0.018130444444444446,0.1425808888888889,2.1669288888888887e-05,7.494666666666666e-06,0.163,1310.260888888889,239.64755555555556,0.0564,239.64755555555556,40.734339777777784,-111.87211,299.3033333333333,27.356444444444442,879.0964444444445,109.92626666666666,2.7479999999999998,425395.4666666667,1975.4893333333332,158.54044444444443,12721253.40222222,0.0011699168253968,0.000121359047619,0.000372299047619,8.670380952380953e-05,7.216412698412699e-05,0.0002220076190476,0.002975709893655037,0.2617795555555555,0.9594294666666666,2.0722684444444446,8.761075056959706,0.2847091684204683,1.1236552175121173,1.4212426396732891,0.001413932091982,0.194042693027343,4.662476861081511,0.0048423968253968,0.7614419933344434,0.3506635195304695,0.0545016515410515,0.1450917585562585,0.0025668425981425,0.0008707632996633,0.0675345816831316,0.0259463869223369,0.0009564465071965,0.0206682324434824,0.2118690735338735,0.0228387069208569,0.0008349185277685,0.0017482635716135,4.0535,0.1745,0.050810586846213014,0.002,0.0,0.073,0.4415,0.1935,0.07050000000000001,0.0085,0.0,0.014854877775997389,1.9292565511483306,0.09893080722368233,0.11175,0.0075,0.5291892224799516,0.0038588674495759305,0.08593246155188969,0.03187404278302907,0.004581037993120545,0.7262666666666666,0.007400327186037059,0.09556660952493833,0.07570692781547443,0.0135,0.0039000000000000003,0.0015,0.131425,0.082,0.0008673704592956971,0.007,0.04068762096547669,0.173,0.0045000000000000005,0.0,0.010911498221441614,0.007,0.010499999999999999,0.067,0.0018182071048310267,0.0033791783639745793,0.016998725979266563,0.0037649740254245626,0.0025,0.001,0.004135172446219384,0.003,0.002,0.008730097169759551,0.0035,0.008935946252139296,0.0,0.0011014254304557852,0.006473775967910721,0.014524570243139114,0.016729463526176394,0.0023009895238095,0.0099534619047619,0.0388257907936507,0.0050663936507936,0.0008944457142857,0.1705397933333333,54000.0,54059.0,875.3453911111112,30.642395555555556,461.03880444444445,90.50919111111111,4.994782222222223,0.16476,0.030377777777777778,21.996832493333333,21.909468488888887,22.20879346222222,22.982844791111113,23.496595746666667,23.372176635555554,23.17776161777778,23.162390159999998,22.715528764444446,22.75953894222222,22.900966444444446,23.795075382222226,24.093265111111112,23.36141866222222,20.882091191111112,83.79801699111111,26.399001533333333,5.482268457777778,1.6334888933333334,0.25917999555555554,0.20182986666666664,0.09104158666666667,0.0674985288888889,0.04485742666666667,0.031692653333333334,0.029491115555555555,0.025303693333333332,0.017880213333333332,0.01567256,0.022579591111111113,0.02412950666666667,0.02065804,0.018257515555555555,0.010177351111111113,0.010328137777777777,0.020666577777777775,1.930594970361939,12544686.105333623,1924.297878245964,0.2539,0.11175,0.0,0.0109625,2.20595,0.0350555555555555,0.01725,0.04455,0.0025668425981425,0.0754375,0.0,0.0173,0.0,0.0,0.1317428571428571,0.0143444444444444,0.0,2.03491961366199,0.0699333333333333,0.0098888888888888,0.0,0.0,0.0,0.0982,0.02935,0.0443333333333333,0.0513166666666666,0.021025,0.0,0.0,0.131425,0.0,0.7262666666666666,0.01904,0.0159714285714285,0.226125,0.14262,0.0,0.01372,0.17098,0.0,0.0,0.6355999999999999,0.0,0.0,0.0,0.0,0.0,0.0,0.0,0.01165,0.0,0.0,0.01176,,,,0.02294,0.0135,0.376153961835944,2.3,0.5,43.0,70.0,631.68988,0.9124490726845343,2024-07-21 15:00:00
2024-07-21 09:15:00,45.31066666666666,1.0,0.0164278031746031,0.3492609638095238,0.0041677057142857,0.0281359092063492,1.6633790819047618,0.005901615555555556,0.007993506666666667,0.025459244444444442,2.6941822222222226e-25,1.642062222222222e-05,2.851808888888889e-05,0.00028413733333333333,9.459382222222223e-26,1.4814844444444445e-05,0.0015040444444444445,0.0010175626666666666,2.4342844444444446e-07,0.09451631111111111,0.006421115555555555,0.01870191111111111,0.14763777777777778,2.4062933333333333e-05,9.296026666666668e-06,0.163,1309.1333333333334,226.99200000000002,0.05542222222222223,226.99200000000002,40.73434,-111.87211,299.76155555555556,26.884444444444444,879.1080000000001,110.49822222222222,3.2079999999999997,424607.5555555555,1975.7386666666664,155.34444444444446,12860188.336888889,0.0012516676190476,0.0001268885714285,0.0003733692063492,8.601873015873015e-05,7.328730158730159e-05,0.0002148292063492,0.003026031599624804,0.2015924971565471,0.8170185248473749,1.9021350702815705,8.669805698046398,0.2850950796314796,1.1087189072538572,1.5230845735523737,0.0012548297258297,0.2020173053076553,4.733093863129463,0.0069402542087542,0.9086120896251896,0.4254906216413216,0.0315825329022828,0.1308386398582898,0.0032269227124727,0.0034190074740074,0.0567016503515003,0.0242521661745661,0.0005247755207755,0.0176593914899914,0.204602168081918,0.0216268369167869,0.0018020386132386,0.0014550387815887,4.0791249999999994,0.173625,0.07038457183794333,0.002,0.0,0.073,0.441125,0.194125,0.07037500000000001,0.008624999999999999,0.0015,0.012488613346823416,1.6875821087010152,0.23865818255763394,0.1188125,0.0073750000000000005,0.5361419168599637,0.0043235843119699136,0.10725182586442522,0.030405532087271803,0.00868577849484041,0.7121999999999999,0.015550245389527794,0.08482284683192153,0.07453019586160582,0.013875,0.003925,0.0016250000000000001,0.12756874999999998,0.085,0.0008342130741196213,0.00725,0.034250933736865684,0.1755,0.004625,0.00525,0.019183623666081208,0.007,0.010624999999999999,0.06899999999999999,0.0015878824320055742,0.0034648465593658906,0.014228011231328223,0.0037850558907822347,0.002625,0.001,0.0032566909689402505,0.003,0.002,0.008547572877319663,0.003625,0.011701959689104473,0.001,0.000886075503772336,0.010105331975933041,0.015143427682354335,0.0040349740721072535,0.0025152631746031,0.0127762041269841,0.041596839047619,0.005081998095238,0.0008606126984126,0.1748395187301587,54900.0,54959.0,875.3978666666666,30.462382222222224,460.8728222222222,90.62707555555556,5.003111111111111,0.16490666666666667,0.03051111111111111,22.01540345777778,21.860549155555553,22.181565675555554,23.008337413333333,23.468132448888888,23.30965206666667,23.00436909333333,22.966495577777778,22.751365319999998,22.615990084444444,22.804874564444447,23.830750164444446,24.093222337777778,23.66433016888889,20.762770808888888,83.88159205777778,26.50457026666667,5.598959244444444,1.6370236666666667,0.2692325244444444,0.20299829333333333,0.08443854666666667,0.06581558222222222,0.04454436888888889,0.03178004888888889,0.028703266666666668,0.02147059111111111,0.015479577777777778,0.019177817777777776,0.02655371111111111,0.022835373333333336,0.0208158,0.01704624888888889,0.012155902222222221,0.011231471111111111,0.018605586666666667,2.018810622989319,12681692.66352025,1924.5459361649625,0.27075,0.11689941615899613,0.0,0.0126875,1.1144534836729818,0.03434999999999995,0.020081250000000002,0.0440625,0.0032269227124727,0.083621875,0.0,0.012975,0.0,0.0,0.1401142857142857,0.0154833333333333,0.0,2.1192130997244445,0.082921189382744,0.009702777777777699,0.0,0.0,0.00445,0.10033333333333333,0.03154583333333333,0.0491708333333333,0.05502499999999995,0.022131249999999998,0.0,0.0,0.1316375,0.0,0.747525,0.01975,0.016539285714285652,0.23001875,0.15078999999999998,0.0,0.014304999999999974,0.1789,0.0,0.0,0.70004,0.0,0.0,0.0,0.0,0.0,0.00282916666666665,0.0,0.012400000000000001,0.0,0.0,0.00882,,,,0.024447499999999997,0.013875,0.3405510515006904,2.1057786527560296,1.049566267055567,43.007193165490506,70.0,701.01666,0.9190950551340682,2024-07-21 15:15:00
2024-07-21 09:30:00,46.00577777777778,1.0,0.018524819047619,0.3579243790476191,0.0040588555555555,0.0288769771428571,1.685870572698413,0.006393660444444445,0.008382768888888888,0.026454888888888885,3.7539644444444446e-25,1.83184e-05,3.105755555555556e-05,0.00030855911111111106,1.316419111111111e-25,1.77936e-05,0.0016133022222222222,0.0010855111111111111,2.791951111111111e-07,0.09744364444444445,0.00681511111111111,0.019184888888888887,0.1519351111111111,2.63412e-05,1.1241e-05,0.163,1309.040888888889,278.26644444444446,0.054533333333333336,278.26644444444446,40.73434,-111.87211,300.18333333333334,26.207555555555555,879.1,109.72582222222222,2.949777777777778,424531.5111111111,1977.794666666667,158.64666666666665,12839502.56711111,0.0007512399999999,8.963015873015873e-05,0.000343506031746,7.70279365079365e-05,4.252793650793651e-05,0.0001620615873015,0.0030763533055945713,0.2942088708476709,0.9370777250564252,2.158872052947053,8.440677555555556,0.2835898666666666,1.1305971555555556,1.4740068,0.001526,0.1955180888888889,4.722080977777778,0.0063748444444444,0.9144269333333334,0.4243252444444444,0.0507186222222222,0.1230334222222222,0.0010849333333333,0.0042467555555555,0.0560644444444444,0.0193354666666666,0.0002936,0.0151237333333333,0.2113393777777777,0.0256806666666666,0.0015887555555555,0.0019028888888888,4.10475,0.17275000000000001,0.07883406784852777,0.002,0.0,0.073,0.44075,0.19475,0.07025,0.008749999999999999,0.003,0.012349426858349768,1.7282015102050394,0.25390159829368686,0.12587500000000001,0.00725,0.5430946112399758,0.004788301174363896,0.10691979241236209,0.028937021391514536,0.012790518996560273,0.6981333333333333,0.02370016359301853,0.0789394042095563,0.07335346390773721,0.014249999999999999,0.00395,0.00175,0.1237125,0.088,0.0008010556889435455,0.0075,0.033872320137426894,0.178,0.00475,0.0105,0.027455749110720806,0.007,0.01075,0.071,0.0009194705930949472,0.0035505147547572015,0.014065034493997854,0.003805137756139907,0.00275,0.001,0.0007073009601587885,0.003,0.002,0.008365048584879776,0.00375,0.014467973126069648,0.002,0.00026112100481235235,0.013736887983955361,0.015762285121569557,0.0017675307561574793,0.0026140447619047,0.0138252796825396,0.0428476926984127,0.004731972063492,0.0005483968253968,0.1759076799999999,55800.0,55859.0,875.3626755555556,30.486013333333332,459.62451555555555,90.33864,5.002435555555555,0.1654888888888889,0.030364444444444447,22.051383613333332,21.968038435555556,22.22141400888889,22.847453071111108,23.474519022222225,23.355111555555556,22.9684708,23.018626226666665,22.7166674,22.679999093333333,22.734011395555555,23.71238632888889,23.960617653333333,23.390021848888885,20.732966471111112,83.35301153333333,26.34603494666667,5.516965728888889,1.6552337333333333,0.25082236888888887,0.20786500888888887,0.0925919911111111,0.06586756444444444,0.04119781777777778,0.035136275555555554,0.03117864888888889,0.022405555555555557,0.022711306666666667,0.018891337777777777,0.023351604444444445,0.02818936888888889,0.019894377777777774,0.019210346666666666,0.012910017777777777,0.012597506666666668,0.01676148,2.1013111582215784,12661294.006209949,1926.5914191119987,0.28759999999999997,0.1222041823277348,0.0,0.0144125,1.1073259262680892,0.0336444444444444,0.022912500000000002,0.043575,0.0010849333333333,0.09180625,0.0,0.00865,0.0,0.0,0.14848571428571425,0.016622222222222198,0.0,2.1980455689022222,0.08707202068928564,0.0095166666666666,0.0,0.0,0.0089,0.10246666666666665,0.03374166666666665,0.0540083333333333,0.058733333333333304,0.0232375,0.0,0.0,0.13185,0.0,0.7687833333333334,0.02046,0.0171071428571428,0.2339125,0.15895999999999993,0.0,0.01488999999999995,0.18681999999999999,0.0,0.0,0.76448,0.0,0.0,0.0,0.0,0.0,0.0056583333333333,0.0,0.01315,0.0,0.0,0.00588,,,,0.025955,0.014249999999999999,0.3953371223905704,2.2254858726641205,1.2419350646842204,43.649171705802324,70.0,760.68237,0.9381593843745926,2024-07-21 15:30:00
2024-07-21 09:45:00,46.61644444444445,1.0,0.0186339114285714,0.3658000955555555,0.0042395784126984,0.0294798403174603,1.6899349885714288,0.006814713777777777,0.008724706666666667,0.027313377777777776,5.479875555555555e-25,2.013751111111111e-05,3.3411822222222215e-05,0.00033123555555555553,1.93376e-25,2.0909377777777776e-05,0.00171268,0.001146528888888889,3.148848888888889e-07,0.0999368888888889,0.007167315555555555,0.019591511111111112,0.15556444444444445,2.848848888888889e-05,1.3294266666666667e-05,0.163,1309.1551111111112,278.1876444444444,0.05306666666666667,278.1876444444444,40.73434,-111.87211,300.62555555555554,25.539111111111115,879.0786666666667,110.08493333333332,2.887111111111111,424767.7333333333,1979.2217777777776,155.95644444444446,12833457.913333334,0.0006416247619047,6.296666666666667e-05,0.0003580847619047,6.179428571428571e-05,4.062825396825397e-05,0.000126679047619,0.0031266750115643382,0.2713043555555555,0.8668505333333334,2.030932,8.18018431111111,0.2906913777777777,1.1188671555555556,1.381590622222222,0.0017403111111111,0.1988196444444444,4.752154622222222,0.0062777333333333,0.9093086666666667,0.4534186666666667,0.0465359111111111,0.1249989777777777,0.0003455999999999,0.0028561333333333,0.0529869333333333,0.0187065777777777,6.431111111111121e-05,0.0188328444444444,0.1973009777777777,0.0316198666666666,0.0012143111111111,0.0015663111111111,4.130375,0.171875,0.07698720142478385,0.002,0.0,0.073,0.440375,0.19537500000000002,0.070125,0.008875,0.0045000000000000005,0.011677198368232194,1.7563962569039901,0.2414832408979496,0.13293750000000001,0.007125,0.5500473056199879,0.005253018036757878,0.11520894500489606,0.027468510695757266,0.01689525949828014,0.6840666666666667,0.031850081796509264,0.08042100714125984,0.0721767319538686,0.014624999999999999,0.003975,0.001875,0.11985625,0.091,0.0007678983037674698,0.00775,0.03204373137798773,0.1805,0.004875,0.01575,0.0357278745553604,0.007,0.010875,0.073,0.0008339748701984557,0.0036361829501485128,0.013277906323287332,0.0038252196214975795,0.002875,0.001,0.00038121167050602506,0.003,0.002,0.008182524292439888,0.003875,0.017233986563034823,0.003,0.00018118385595352953,0.01736844399197768,0.01638114256078478,0.0014775049155920416,0.0027403015873015,0.0152471812698412,0.0449282177777777,0.0047245965079365,0.0004734914285714,0.1826387053968254,56700.0,56759.0,875.3511244444445,30.404635555555554,458.2860933333333,89.91965777777779,4.929031111111112,0.16364,0.030124444444444443,22.13641435111111,21.971517964444445,22.258495853333333,22.823181524444447,23.333102666666665,23.264057822222224,22.928181533333333,22.90870207111111,22.622222844444444,22.426958964444445,22.682821115555555,23.600565097777782,23.760111839999997,23.398357515555556,20.667199986666667,83.08494070666666,26.302226266666665,5.561710408888889,1.6691833600000001,0.24579846666666666,0.19782877777777777,0.09676141333333334,0.052816244444444445,0.04585718666666667,0.03387496444444445,0.02970891111111111,0.025172813333333332,0.02244784888888889,0.020425515555555555,0.02068989333333333,0.024182182222222223,0.017366884444444446,0.01632376888888889,0.008093124444444443,0.01036792,0.018417662222222225,2.1339732948046892,12655333.250468351,1928.011230124305,0.30445,0.11788254711651339,0.0,0.0161375,1.12946676063806,0.03293888888888885,0.02574375,0.0430875,0.0003455999999999,0.099990625,0.0,0.004324999999999999,0.0,0.0,0.1568571428571428,0.0177611111111111,0.0,2.2292555103676888,0.08369046188733457,0.0093305555555555,0.0,0.0,0.01335,0.10459999999999997,0.03593749999999997,0.0588458333333333,0.06244166666666665,0.02434375,0.0,0.0,0.1320625,0.0,0.7900416666666666,0.02117,0.017674999999999948,0.23780625,0.16712999999999992,0.0,0.015474999999999926,0.19474,0.0,0.0,0.82892,0.0,0.0,0.0,0.0,0.0,0.00848749999999995,0.0,0.0139,0.0,0.0,0.00294,,,,0.0274625,0.014624999999999999,0.3817882395258936,2.1554645676039015,1.1460716877042127,44.213160525743774,70.0,823.05164,0.9508042062548134,2024-07-21 15:45:00
2024-07-21 10:00:00,47.35377777777777,1.0,0.0193236088888888,0.3579616473015873,0.0041515136507936,0.0287125365079365,1.715259387936508,0.007164013777777778,0.00902404888888889,0.02805222222222222,8.454586666666666e-25,2.186048888888889e-05,3.5577244444444444e-05,0.0003521284444444444,3.038631111111111e-25,2.4107111111111114e-05,0.0018026755555555557,0.001201271111111111,3.5004577777777776e-07,0.10204533333333334,0.00748088,0.019934133333333333,0.15863644444444444,3.0495955555555555e-05,1.5416133333333333e-05,0.163,1309.7262222222223,319.41013333333336,0.045866666666666674,319.41013333333336,40.73434,-111.87211,301.27311111111106,24.956444444444443,879.0182222222222,109.79422222222223,2.7097777777777776,424209.15555555554,1977.316,163.39777777777778,12939175.746666668,0.0008441126984126,7.70847619047619e-05,0.0004351136507936,4.999238095238095e-05,6.514920634920634e-05,0.0001099146031746,0.0031769967175341056,0.3212641777777778,0.9507246222222224,2.1556644444444446,8.277138933333333,0.2886159111111111,1.1455275555555555,1.4546230666666666,0.0013583111111111,0.2106872888888888,4.784200044444445,0.0066184888888888,1.0406947111111111,0.4996603555555555,0.0583101333333333,0.1453667111111111,0.0052215111111111,0.0020404444444444,0.0680252888888888,0.0282347999999999,0.0006188888888888,0.0187657777777777,0.2066423555555555,0.0265888,0.0006276444444444,0.0020641333333333,4.156,0.171,0.074,0.002,0.0,0.073,0.44,0.196,0.07,0.009,0.006,0.008,1.911,0.17,0.14,0.007,0.557,0.005717734899151861,0.164,0.026,0.021,0.67,0.04,0.072,0.071,0.015,0.004,0.002,0.116,0.094,0.000734740918591394,0.008,0.029,0.183,0.005,0.021,0.044,0.007,0.011,0.075,0.001,0.003721851145539824,0.008,0.0038453014868552516,0.003,0.001,0.004,0.003,0.002,0.008,0.004,0.02,0.004,0.001,0.021,0.017,0.005,0.0029168714285714,0.0177500222222222,0.0512486,0.0049295723809523,0.0006513307936507,0.1914029473015873,57600.0,57659.0,875.3177199999999,30.349048888888888,458.9298311111111,89.76111555555556,4.845231111111111,0.16134666666666667,0.03008,22.259154924444445,22.036277466666668,22.365251475555556,23.008731386666668,23.359653493333333,23.19354414222222,23.04414985777778,23.01843726222222,22.482688235555557,22.38917172,22.61527853333333,23.59595897333333,23.806871893333334,23.463757035555556,20.601575933333333,83.26829963111112,26.36816169777778,5.557172813333334,1.623959888888889,0.2650698577777778,0.1996651911111111,0.08237083555555555,0.05911603555555556,0.044968888888888885,0.03324284,0.02566368,0.02059296888888889,0.019983622222222223,0.016818164444444447,0.01829788,0.026620253333333333,0.013625093333333334,0.015187333333333332,0.008310453333333334,0.007552755555555555,0.014607511111111112,2.322794738214562,12759583.751026023,1926.1152009680388,0.3213,0.13175,0.0,0.0178625,2.16025,0.0322333333333333,0.028575,0.0426,0.0052215111111111,0.108175,0.0,0.0,0.0,0.0,0.1652285714285714,0.0189,0.0,2.409681741249787,0.0907333333333333,0.0091444444444444,0.0,0.0,0.0178,0.1067333333333333,0.0381333333333333,0.0636833333333333,0.06615,0.02545,0.0,0.0,0.132275,0.0,0.8113,0.02188,0.0182428571428571,0.2417,0.1752999999999999,0.0,0.0160599999999999,0.20266,0.0,0.0,0.89336,0.0,0.0,0.0,0.0,0.0,0.0113166666666666,0.0,0.01465,0.0,0.0,0.0,,,,0.02897,0.015,0.4,1.6,0.5,45.0,66.5,887.22876,0.9576431887395305,2024-07-21 16:00:00
2024-07-21 10:15:00,47.516888888888886,1.0,0.0195369107936507,0.3647812168253968,0.0039751501587301,0.0291584425396825,1.748034699047619,0.007469621777777778,0.009285142222222221,0.028687733333333333,1.393184e-24,2.3476622222222223e-05,3.7556266666666665e-05,0.0003712688888888889,5.175937777777778e-25,2.73336e-05,0.0018836933333333332,0.0012498088888888887,3.842071111111111e-07,0.10383955555555556,0.007758395555555556,0.02021968888888889,0.16123022222222222,3.2357244444444445e-05,1.7571244444444444e-05,0.163,1309.3004444444443,359.1244,0.04506666666666667,359.1244,40.73434,-111.87211,302.0508888888889,24.156444444444446,879.0364444444443,109.53608888888888,2.627111111111111,423460.8888888889,1977.115555555556,165.38177777777776,13074354.067999998,0.0007792625396825,8.968984126984128e-05,0.0004713847619047,5.153619047619048e-05,6.765492063492063e-05,8.864095238095237e-05,0.0032273184235038724,0.3427742222222222,0.962506088888889,2.247159555555556,8.678556755555555,0.2844646666666666,1.1698776,1.394867733333333,0.0018112,0.2081954222222222,4.827953866666666,0.0084104444444444,1.1808504888888889,0.5646258666666667,0.0515666222222222,0.1317710222222222,0.0038125777777777,0.0009406222222222,0.0586710666666666,0.0273726666666666,0.0015968444444444,0.0177483555555555,0.2190950666666666,0.0289726666666666,0.0006348888888888,0.0020736,4.1816249999999995,0.17225000000000001,0.07920850028857233,0.002,0.0,0.073,0.439875,0.19575,0.070125,0.008875,0.0045000000000000005,0.0129187979044607,1.714784639150544,0.2849916012632895,0.13617500000000002,0.007125,0.6564120182655823,0.007253594668401161,0.14689354515772166,0.021186235502019063,0.016895259498280135,0.6794833333333334,0.0343252887759441,0.08552566107696612,0.0789946080075742,0.017625,0.0038845386755688703,0.0022500000000000003,0.1179,0.09675,0.0007015835334153183,0.008,0.035421117176193374,0.14923059480312667,0.0053750000000000004,0.01575,0.03979046411813729,0.007,0.011125,0.05855881811616273,0.002012105931712086,0.003721851145539824,0.014731724461128594,0.0037396388009983453,0.003375,0.0008950221805440286,0.004874722081921025,0.003375,0.002125,0.006246969747066771,0.0033711547576806625,0.017233986563034823,0.003,0.0012827177672280897,0.02094670883989221,0.0150880770674769,0.005474060998583681,0.0031671212698412,0.0209949123809523,0.0588837803174603,0.0050264939682539,0.000680759047619,0.2085396088888889,58500.0,58559.0,875.3194888888888,30.317386666666668,459.95115111111113,90.19650666666666,4.932293333333334,0.16336,0.03036444444444444,22.43498976888889,22.14537581333333,22.32020867111111,22.95842821333333,23.45210359111111,23.225282155555554,22.994008866666668,22.979895173333333,22.526175257777776,22.519727222222222,22.669961555555556,23.622112902222224,23.940193026666666,23.40033824888889,20.71885327111111,83.40149379555555,26.514861506666666,5.571719946666667,1.6550742577777777,0.2709206622222222,0.19811168444444446,0.08439531555555554,0.05893955555555555,0.05331475555555556,0.039678684444444445,0.028013484444444445,0.01902495111111111,0.018486244444444445,0.014282555555555555,0.02107767111111111,0.022751995555555557,0.017466702222222224,0.015419586666666667,0.0109048,0.008930355555555554,0.018575986666666666,2.285945185835971,12892885.836579662,1925.9157818566875,0.312,0.1330236206212834,0.0,0.018459375,1.0069777495722647,0.030583333333333303,0.027,0.04289375,0.0038125777777777,0.10608124999999999,0.0,0.0,0.0,0.0,0.1676035714285714,0.016758333333333326,0.0,2.374470561177778,0.09553792884801147,0.0100055555555555,0.0,0.0,0.01335,0.10309999999999998,0.039033333333333295,0.06272916666666663,0.067625,0.02545,0.0,0.0,0.13010625,0.0,0.7854583333333334,0.022939999999999974,0.013682142857142823,0.2461625,0.17990999999999993,0.0,0.018239999999999926,0.216675,0.0,0.0,0.95438,0.0,0.0,0.0,0.0,0.0,0.011912499999999925,0.0,0.0144,0.0,0.0,0.0,,,,0.0301775,0.017625,0.4240653556085062,2.2508396875812235,1.308087438004598,45.0447772282193,59.0,952.26447,0.9627791885951219,2024-07-21 16:15:00
2024-07-21 10:30:00,48.01733333333333,1.0,0.0199658622222222,0.3601697511111111,0.0036781155555555,0.02810996,1.7631492622222222,0.007731248888888889,0.009511444444444444,0.029229555555555557,2.4872622222222226e-24,2.4977866666666667e-05,3.9348488888888896e-05,0.0003886328888888889,9.701053333333334e-25,3.052995555555556e-05,0.0019561155555555556,0.0012929022222222222,4.1693999999999997e-07,0.1053488888888889,0.008002635555555556,0.020457555555555555,0.16339688888888887,3.406791111111111e-05,1.9718666666666665e-05,0.163,1308.5702222222221,325.9936,0.043777777777777784,325.9936,40.73434,-111.87211,302.51044444444443,23.701777777777775,878.98,109.88915555555556,2.7617777777777777,423582.2222222223,1976.7804444444444,159.51244444444444,13116592.761333331,0.0007000266666666,6.722666666666668e-05,0.0004888622222222,5.694222222222222e-05,7.580888888888889e-05,7.754666666666667e-05,0.0032776401294736398,0.371412,1.0133549333333334,2.2558275555555563,8.681024755555557,0.2929306666666667,1.2426403555555556,1.3397796444444443,0.0014481333333333,0.2140644444444444,4.838942,0.0063323111111111,1.2328764888888888,0.5942862222222222,0.0620333777777777,0.1190098666666666,0.0017718222222222,0.0021523111111111,0.0491532888888888,0.0223447555555555,0.0016207555555555,0.0213401777777777,0.2272932888888889,0.0295861777777777,0.0001736888888888,0.0022024888888888,4.20725,0.17350000000000002,0.08383007201264854,0.002,0.0,0.073,0.43975,0.1955,0.07025,0.008749999999999999,0.003,0.010839805772887144,1.7081640103710143,0.257898122365535,0.13235000000000002,0.00725,0.7558240365311644,0.008789454437650461,0.1553442255648213,0.016372471004038124,0.012790518996560273,0.6889666666666667,0.028650577551888202,0.0759065152687507,0.08698921601514842,0.020249999999999997,0.0037690773511377404,0.0025,0.1198,0.0995,0.0006684261482392426,0.008,0.029765864983456118,0.11546118960625332,0.00575,0.0105,0.03558092823627459,0.007,0.01125,0.04211763623232547,0.0013285751797803493,0.003721851145539824,0.012297383611991354,0.0036339761151414386,0.00375,0.0007900443610880572,0.0022676670176215875,0.00375,0.0022500000000000003,0.004493939494133542,0.002742309515361325,0.014467973126069648,0.002,0.0006436273236874023,0.020893417679784417,0.013176154134953797,0.0031553300239203627,0.0033816133333333,0.0220591866666666,0.0667506577777777,0.0051970577777777,0.0005985155555555,0.2148156844444444,59400.0,59459.0,875.2678355555556,30.366115555555556,469.5454755555556,91.41694666666668,4.985444444444444,0.16296888888888889,0.03069777777777778,23.873029053333333,23.34422997777778,23.29074121777778,23.75662396888889,24.26963419111111,23.968527426666665,23.405388702222222,23.488515191111112,22.882002355555553,22.878509151111114,23.074369604444442,23.829936253333337,23.96572026666667,23.713619391111113,20.934604831111113,83.91716136444444,26.70013416,5.663224453333333,1.6865613511111113,0.2713877511111111,0.19400887555555554,0.09345009777777777,0.05947663111111111,0.04835186666666667,0.04236800888888889,0.02506937777777778,0.020364835555555554,0.01605908,0.01348107111111111,0.02091724888888889,0.027166497777777777,0.020556631111111112,0.01424867111111111,0.009450982222222222,0.01132435111111111,0.015176662222222222,2.323627198637194,12934538.26913584,1925.5823849388173,0.30269999999999997,0.12359498777816588,0.0,0.01905625,1.018350181901539,0.0289333333333333,0.025425,0.043187500000000004,0.0017718222222222,0.1039875,0.0,0.0,0.0,0.0,0.1699785714285714,0.01461666666666665,0.0,2.410477189551111,0.08816028709374642,0.010866666666666601,0.0,0.0,0.0089,0.09946666666666665,0.0399333333333333,0.061774999999999955,0.0691,0.02545,0.0,0.0,0.1279375,0.0,0.7596166666666667,0.023999999999999952,0.00912142857142855,0.250625,0.18451999999999996,0.0,0.020419999999999952,0.23069,0.0,0.0,1.0154,0.0,0.0,0.0,0.0,0.0,0.01250833333333325,0.0,0.01415,0.0,0.0,0.0,,,,0.031384999999999996,0.020249999999999997,0.44100567901929344,2.3015394573063643,1.314582227810622,45.50696893946681,51.5,1017.1874,0.96608783883976,2024-07-21 16:30:00
2024-07-21 10:45:00,48.696000000000005,1.0,0.0183221377777777,0.3443718266666666,0.0037585733333333,0.0261945733333333,1.7828240844444443,0.007897723555555555,0.009703711111111112,0.02968253333333333,4.874973333333333e-24,2.634151111111111e-05,4.093826666666667e-05,0.0004040484444444444,2.015544888888889e-24,3.361471111111111e-05,0.002019511111111111,0.0013303777777777777,4.47588e-07,0.10657866666666665,0.008213315555555555,0.020650533333333332,0.16516622222222221,3.5606311111111114e-05,2.1798844444444444e-05,0.163,1308.756,296.88835555555556,0.04515555555555555,296.88835555555556,40.73433755555556,-111.87211,303.1211111111111,23.011111111111113,878.9066666666666,107.29315555555556,2.3377777777777777,423329.3777777778,1975.2906666666668,157.464,13165931.642666666,0.0005438266666666,2.044444444444445e-05,0.0004855377777777,5.9688888888888895e-05,6.250222222222222e-05,0.0001660755555555,0.003327961835443407,0.2676592,0.8529529333333333,1.9963751111111112,8.722136177777777,0.2962858666666667,1.220159422222222,1.4908977777777777,0.0016516444444444,0.2129375111111111,4.829134666666667,0.0042713333333333,1.3040242222222223,0.6396556888888888,0.0635751111111111,0.1277463111111111,0.0038184444444444,0.0053266666666666,0.0543137777777777,0.0235224,0.0035945777777777,0.0207046666666666,0.2361283111111111,0.0314850222222222,0.0005772444444444,0.0019795999999999,4.232875,0.17475000000000002,0.08451082080262268,0.002,0.0,0.073,0.439625,0.19525,0.07037500000000001,0.008624999999999999,0.0014999999999999996,0.011967024336460047,1.6787311885289427,0.248442280760223,0.128525,0.0073750000000000005,0.8552360547967466,0.010325314206899763,0.16827066747218236,0.011558706506057186,0.008685778494840408,0.69845,0.0229758663278323,0.08249190109769307,0.09498382402272262,0.022875,0.0036536160267066106,0.00275,0.1217,0.10225000000000001,0.0006352687630631667,0.008,0.03283211288142911,0.08169178440937998,0.006125,0.005250000000000001,0.03137139235441189,0.007,0.011375,0.025676454348488212,0.0014886727182671618,0.003721851145539824,0.01361727037516751,0.0035283134292845323,0.004125,0.0006850665416320858,0.002878295138323321,0.004125,0.002375,0.002740909241200313,0.0021134642730419873,0.011701959689104473,0.001,0.0007933159903525818,0.020840126519676625,0.011264231202430695,0.003698426468970722,0.0034787155555555,0.0226180577777777,0.0758171155555555,0.0052228977777777,0.0005626311111111,0.2176514444444444,60300.0,60359.0,875.2038133333333,30.25432,466.32036,90.71960444444444,4.873022222222222,0.16047111111111112,0.03038222222222222,23.555500653333333,23.101903506666666,23.09267685777778,23.54524111555555,23.93386344888889,23.49458846222222,23.340096977777776,23.247267599999997,22.77062588,22.744998755555557,22.904538222222225,23.77625428,23.893045995555553,23.54903085777778,20.962760724444443,83.61631133333334,26.658280528888888,5.594755204444444,1.6846422844444444,0.25911432,0.18691406222222223,0.09227346222222223,0.058386057777777785,0.04299030222222222,0.03476350222222222,0.025995297777777777,0.01990668888888889,0.018279577777777778,0.014563648888888888,0.017872764444444446,0.02613876,0.010599595555555556,0.01281262222222222,0.007468106666666667,0.01005003111111111,0.015827142222222222,2.2710833182203887,12983192.34114787,1924.1002278185272,0.2934,0.12030431923553916,0.0,0.019653125,0.9946513659597116,0.0272833333333333,0.02385,0.04348125,0.0038184444444444,0.10189375,0.0,0.0,0.0,0.0,0.17235357142857138,0.012474999999999976,0.0,2.360269468815998,0.08558543090372613,0.0117277777777777,0.0,0.0,0.004449999999999999,0.09583333333333333,0.040833333333333305,0.060820833333333275,0.070575,0.02545,0.0,0.0,0.12576875,0.0,0.7337750000000001,0.025059999999999926,0.004560714285714276,0.2550875,0.18912999999999996,0.0,0.022599999999999974,0.244705,0.0,0.0,1.07642,0.0,0.0,0.0,0.0,0.0,0.013104166666666575,0.0,0.013900000000000001,0.0,0.0,0.0,,,,0.032592499999999996,0.022875,0.3796319928201295,2.1416077115154226,1.1201787793420226,46.13376000791703,44.0,1081.0366,0.9615755661808791,2024-07-21 16:45:00
2024-07-21 11:00:00,49.81955555555555,1.0,0.0160352307936507,0.3349968222222222,0.0038510717460317,0.0254488431746031,1.78467644984127,0.008020185333333334,0.00987072888888889,0.03006928888888889,1.0650422222222222e-23,2.7592488888888888e-05,4.23728e-05,0.00041799066666666667,4.660502222222222e-24,3.658906666666667e-05,0.0020760711111111113,0.0013634222222222224,4.764444444444444e-07,0.10761777777777778,0.00839896,0.020809333333333332,0.16665555555555553,3.70108e-05,2.3814e-05,0.163,1308.4355555555555,308.09937777777776,0.042666666666666665,308.09937777777776,40.734332888888886,-111.87211,303.44199999999995,22.43911111111111,878.9044444444444,111.05497777777778,2.7275555555555555,422900.2222222223,1973.9031111111112,157.1888888888889,13021635.598222222,0.0003818482539682,2.2799100529100537e-05,0.0004528034920634,5.133174603174604e-05,3.5114603174603176e-05,9.691650793650794e-05,0.003378283541413174,0.2751665777777777,0.8547138222222223,2.018619111111111,8.71589884150479,0.2933101328097828,1.1781929717541717,1.3894991527102527,0.0014634264069264,0.2130986358234358,4.815031097831797,0.0042838453324453,1.2550427707681207,0.6425951732489732,0.0597085714341214,0.1294129047045547,0.0040031473748473,0.002983332090132,0.0577763105801605,0.0248403755614755,0.0007615742054242,0.0163517567025567,0.2282939134032634,0.0338772842268842,9.616543641543672e-05,0.0021360663466163,4.2585,0.176,0.06308147450243604,0.002,0.0,0.073,0.4395,0.195,0.07050000000000001,0.0085,0.0,0.012723354082703597,1.792490788199578,0.13272236634953175,0.1247,0.0075,0.9546480730623288,0.011861173976149064,0.16910817067885206,0.00674494200807625,0.004581037993120545,0.7079333333333334,0.017301155103776403,0.08374815149826062,0.10297843203029683,0.0255,0.0035381547022754808,0.003,0.1236,0.10500000000000001,0.000602111377887091,0.008,0.03488947297958344,0.04792237921250664,0.006500000000000001,0.0,0.02716185647254918,0.007,0.0115,0.009235272464650945,0.0016678478879658004,0.003721851145539824,0.014502874687341953,0.003422650743427626,0.0045000000000000005,0.0005800887221761144,0.00356168726404614,0.0045000000000000005,0.0025,0.0009878789882670838,0.0014846190307226496,0.008935946252139296,0.0,0.0009608419405026884,0.020786835359568833,0.009352308269907593,0.013896848204581223,0.0036002384126984,0.0226984774603174,0.0827100657142857,0.0052168234920634,0.0005100003174603,0.2139821793650793,61200.0,61259.0,875.21088,30.165360000000003,464.20047555555556,90.69357333333333,4.930564444444444,0.16238666666666665,0.030444444444444444,23.272948066666668,22.75660036,22.72867428444444,23.298721777777775,23.685576519999998,23.37099284,23.17499725777778,23.25333210222222,22.64575800888889,22.59181927111111,22.785245266666667,23.825481755555554,24.099836568888886,23.31818150666667,20.930633475555556,83.53644376444444,26.754627622222223,5.608289471111111,1.6694045555555557,0.26132787555555553,0.2058294711111111,0.09336348444444444,0.05673622222222222,0.04597705333333334,0.03569438222222222,0.028852244444444446,0.024337417777777776,0.016213995555555555,0.018347293333333334,0.01655372888888889,0.023682568888888887,0.018580257777777776,0.012697844444444443,0.008634724444444445,0.010040955555555555,0.016023715555555554,2.257208534664271,12840899.083827753,1922.7197700233162,0.2841,0.1247,0.0,0.02025,2.07235,0.0256333333333333,0.022275,0.043775,0.0040031473748473,0.0998,0.0,0.0,0.0,0.0,0.1747285714285714,0.0103333333333333,0.0,2.34701157365257,0.0825166666666666,0.0125888888888888,0.0,0.0,0.0,0.0922,0.0417333333333333,0.0598666666666666,0.07205,0.02545,0.0,0.0,0.1236,0.0,0.7079333333333334,0.0261199999999999,0.0,0.25955,0.19374,0.0,0.02478,0.25872,0.0,0.0,1.13744,0.0,0.0,0.0,0.0,0.0,0.0136999999999999,0.0,0.01365,0.0,0.0,0.0,,,,0.0338,0.0255,0.3840728893348443,1.7,0.6,47.0,40.0,1142.8933,0.9549021942399218,2024-07-21 17:00:00
2024-07-21 11:15:00,49.79955555555556,1.0,0.0159195622222222,0.3456826098412698,0.0038300168253968,0.0267374457142857,1.834174933968254,0.008364030222222223,0.010014982222222222,0.030398577777777776,2.5291688888888885e-23,2.8735422222222224e-05,4.365733333333333e-05,0.000430516,1.1564111111111111e-23,3.945622222222222e-05,0.0021260044444444447,0.0013922044444444443,5.035688888888889e-07,0.10847911111111112,0.008561302222222223,0.020942933333333334,0.16789333333333334,3.8285911111111114e-05,2.5765777777777775e-05,0.163,1308.110222222222,75.84093333333334,0.04426666666666667,75.84093333333334,40.73433911111112,-111.87211,303.9522222222222,22.38088888888889,878.8582222222223,112.97217777777777,2.713777777777778,422152.0888888889,1975.2586666666664,159.43377777777778,13317884.603555556,0.0005418657142857,2.515375661375662e-05,0.0004426847619047,4.05304761904762e-05,4.7733015873015865e-05,8.532444444444445e-05,0.0034286052473829413,0.3912572888888889,1.063992888888889,2.4220626666666667,8.94051489945055,0.3080335107725608,1.3037489334276835,1.4963835531579528,0.0019521386983386,0.2484295809172309,4.914236881363081,0.0022122464239464,1.5606373022089024,0.8029123884078884,0.0630958127076627,0.151118921091871,0.0058636466736966,0.0042042785788285,0.0723324086987087,0.0351662143504643,0.0023660826876826,0.0193444516169016,0.2625575510970511,0.0274172387149887,0.0010600331908831,0.0017131138491138,4.2841249999999995,0.17725,0.08429918770036719,0.002,0.0,0.073,0.439375,0.19475,0.070625,0.008375,0.00175,0.015902879194702995,1.6780989799452186,0.2575349885047973,0.14427500000000001,0.007625,1.0507360547967466,0.013397033745398364,0.21478495113843324,0.010558706506057187,0.008935778494840408,0.67895,0.024725866327832302,0.10010978392536556,0.12073382402272262,0.028124999999999997,0.0034226933778443505,0.0032500000000000003,0.12195,0.10775,0.0005689539927110153,0.008,0.04353838323201822,0.08269178440937998,0.006875,0.00525,0.03312139235441188,0.007,0.011625,0.02692645434848821,0.0030716174049260302,0.003721851145539824,0.018225855521877134,0.0033169880575707193,0.004875,0.00047511090272014294,0.008915805448133099,0.004875,0.002625,0.003240909241200313,0.0023634642730419875,0.012951959689104472,0.001,0.0022733442393204103,0.021340126519676626,0.011764231202430694,0.00906822565614936,0.004198072063492,0.0277631606349206,0.0986685019047619,0.0054214161904761,0.0006122825396825,0.2312483384126984,62100.0,62159.0,875.1483333333333,30.094275555555555,465.7251066666667,91.04012888888889,4.929315555555556,0.16174666666666668,0.030559999999999997,23.37280268444444,22.904742515555554,22.774101920000003,23.28178012,23.731191097777774,23.39067340888889,23.1609862,23.18546846222222,22.652586066666668,22.629492688888888,22.794518844444443,23.780355213333333,24.02758082222222,23.41604798222222,21.013585688888888,84.34467502222222,27.081292,5.655655773333334,1.664750817777778,0.25700066666666666,0.20199142222222222,0.08212416444444444,0.059311977777777775,0.0437896,0.03126495555555556,0.02435268,0.02115256888888889,0.018095404444444445,0.01973556,0.017587906666666667,0.023075186666666667,0.020418853333333334,0.013749728888888889,0.007543222222222223,0.006865457777777778,0.014716933333333333,2.4729331627299107,13133036.239139413,1924.068391508067,0.2862,0.12346861582502097,0.0,0.019590625,0.8843054465568372,0.026261111111111075,0.022596875,0.04371875,0.0058636466736966,0.09556875000000001,0.0,0.0,0.0,0.0,0.17428214285714283,0.011130555555555526,0.0,2.553144843515556,0.08806140457136984,0.011530555555555475,0.003342857142857125,0.0,0.0,0.09517500000000001,0.0418708333333333,0.0607166666666666,0.07227916666666664,0.02550625,0.0,0.0,0.1285875,0.0,0.7307833333333333,0.026114999999999926,0.0,0.260575,0.19401,0.0,0.024115,0.257175,0.0,0.0,1.31912,0.0,0.0,0.0,0.0,0.0,0.013379166666666574,0.0,0.013095833333333326,0.0,0.0,0.0,,,,0.0413425,0.028124999999999997,0.452744914324735,2.352028956410391,1.4391394618955005,47.152962511493904,40.0,1201.9095,0.976957711002428,2024-07-21 17:15:00
2024-07-21 11:30:00,50.44444444444445,1.0,0.0148692098412698,0.3427318253968253,0.003794193015873,0.026554892063492,1.9104635888888888,0.00856537511111111,0.010139377777777776,0.030678844444444447,6.142115555555555e-23,2.9776355555555556e-05,4.480715555555555e-05,0.000441744,2.880426666666667e-23,4.2150844444444445e-05,0.0021704711111111114,0.0014177600000000001,5.28704e-07,0.10921555555555557,0.008703835555555556,0.021053377777777778,0.16892088888888887,3.94392e-05,2.7602044444444443e-05,0.163,1307.8884444444445,287.50879999999995,0.045955555555555555,287.50879999999995,40.73433244444445,-111.87211,304.47711111111107,22.172444444444444,878.744,111.45573333333333,2.848888888888889,421654.00000000006,1975.6444444444448,163.5217777777778,13559806.898666663,0.0006171784126984,2.7508412698412704e-05,0.0005412349206349,2.707047619047619e-05,4.8495873015873015e-05,0.0001411596825396,0.0034789269533527086,0.3499310705831205,0.980932834896585,2.2720076045251045,9.038326355555556,0.2965454222222222,1.3167867555555557,1.6390066666666667,0.0024573333333333,0.2469867111111111,5.0000896,0.0052351111111111,1.6100204444444444,0.8734953333333333,0.0667063999999999,0.1480472888888888,0.0029540444444444,0.0023917777777777,0.0646108,0.0276518222222222,0.0015552888888888,0.0198272888888888,0.2798392888888888,0.0291039555555555,0.0014842222222222,0.0017136444444444,4.309749999999999,0.1785,0.08589343417426307,0.002,0.0,0.073,0.43925000000000003,0.1945,0.07075,0.00825,0.0035,0.01421622879137183,1.6857206056489673,0.2764056396407618,0.16385,0.00775,1.1468240365311644,0.014932893514647664,0.23489509137729933,0.014372471004038125,0.013290518996560273,0.6499666666666667,0.0321505775518882,0.0977944389002959,0.1384892160151484,0.03075,0.0033072320534132207,0.0035,0.1203,0.1105,0.0005357966075349395,0.008,0.038950374818248874,0.11746118960625332,0.00725,0.0105,0.039080928236274584,0.007,0.01175,0.044617636232325474,0.00205005636531724,0.003721851145539824,0.01625091684236651,0.003211325371713813,0.00525,0.0003701330832641715,0.005019468854239702,0.00525,0.00275,0.005493939494133542,0.003242309515361325,0.01696797312606965,0.002,0.0013182008224918592,0.021893417679784415,0.014176154134953796,0.005602799677353416,0.0048244361904761,0.0320802403174603,0.1193043311111111,0.0055521161904761,0.0006863352380952,0.2383537050793651,63000.0,63059.0,875.0299955555555,29.813942222222224,466.57495555555556,91.35652,4.955724444444444,0.16216,0.03084,23.452487440000002,22.94377775555556,22.762999075555555,23.28876048,23.80785168,23.42406612888889,23.229031182222222,23.19138468,22.63063533777778,22.675785995555554,22.974730617777777,23.8135516,23.994780128888888,23.61955642666667,20.972918391111115,84.46613840444444,26.921778879999998,5.812302671111111,1.6878109466666666,0.27630165333333334,0.20967253777777778,0.08875044888888889,0.059658977777777775,0.04093389777777778,0.032220453333333336,0.02999828888888889,0.02339344,0.017548346666666666,0.01696364888888889,0.020350577777777778,0.026965213333333335,0.015131253333333334,0.011585173333333334,0.009858684444444443,0.011000986666666667,0.014306626666666666,2.696501097850745,13371600.723164279,1924.4521959174986,0.2883,0.13003567359353493,0.0,0.01893125,0.8376201538410797,0.02688888888888885,0.02291875,0.0436625,0.0029540444444444,0.0913375,0.0,0.0,0.0,0.0,0.17383571428571426,0.011927777777777749,0.0,2.7667726982311107,0.09319994378504019,0.01047222222222215,0.00668571428571425,0.0,0.0,0.09815,0.0420083333333333,0.0615666666666666,0.0725083333333333,0.025562500000000002,0.0,0.0,0.133575,0.0,0.7536333333333334,0.026109999999999953,0.0,0.2616,0.19428,0.0,0.02345,0.25563,0.0,0.0,1.5008,0.0,0.0,0.0,0.0,0.0,0.01305833333333325,0.0,0.01254166666666665,0.0,0.0,0.0,,,,0.048885,0.03075,0.42829890078007526,2.2692124114765435,1.3267056723316641,47.74855769179598,40.0,1257.3346,0.984092019712382,2024-07-21 17:30:00
2024-07-21 11:45:00,51.150666666666666,1.0,0.0129210393650793,0.3469300196825397,0.0037387774603174,0.0268027365079365,1.93360312984127,0.008838646222222222,0.010241511111111112,0.03090408888888889,1.3853657777777777e-22,3.0668666666666667e-05,4.5779777777777774e-05,0.0004512613333333334,6.602831111111111e-23,4.456497777777778e-05,0.002207671111111111,0.0014389644444444444,5.507524444444444e-07,0.10979111111111112,0.008821639999999999,0.021137155555555558,0.16971911111111113,4.042551111111111e-05,2.925271111111111e-05,0.163,1308.2262222222223,358.9201777777778,0.04942222222222223,358.9201777777778,40.73433124444444,-111.87211,304.60555555555555,22.194222222222223,878.6688888888889,112.9339111111111,3.7448888888888887,421540.3555555556,1975.563111111111,161.1688888888889,13625808.621333333,0.0004683107936507,2.986306878306879e-05,0.0005293565079365,1.2757460317460315e-05,4.11631746031746e-05,9.862444444444445e-05,0.0035292486593224755,0.3160022730158729,0.9534288962259962,2.173414974599474,9.08973311111111,0.2932829777777777,1.2800949333333334,1.4708260888888889,0.0026998222222222,0.2479128444444444,4.998449333333334,0.0068527111111111,1.6974079555555555,0.9775077333333332,0.049298711111111,0.1285321777777777,0.0024703999999999,0.0024217333333333,0.0471459111111111,0.0218955111111111,0.0011634888888888,0.0180679999999999,0.2906906222222222,0.0250065333333333,0.0018181777777777,0.0017168,4.335375,0.17975,0.07820710937921202,0.002,0.0,0.073,0.439125,0.19425,0.070875,0.008125,0.00525,0.01040132919752106,1.6841137421653372,0.2655444494783573,0.183425,0.007875,1.2429120182655822,0.016468753283896964,0.2645297850386428,0.01818623550201906,0.017645259498280136,0.6209833333333333,0.0395752887759441,0.08308427425853832,0.1562446080075742,0.033375,0.003191770728982091,0.00375,0.11865,0.11325,0.0005026392223588638,0.008,0.028573125686061022,0.15223059480312667,0.007625,0.01575,0.045040464118137294,0.007,0.011875,0.062308818116162734,0.0012675016273395274,0.003721851145539824,0.011783961063347281,0.0031056626858569063,0.005625,0.0002651552638082001,0.002034726343430087,0.005625,0.002875,0.007746969747066771,0.004121154757680662,0.020983986563034823,0.003,0.0005865245179867036,0.022446708839892207,0.0165880770674769,0.0029481511407800738,0.0055281717460317,0.0371149996825396,0.1411799628571428,0.0056966866666666,0.0006736419047619,0.2536595463492063,63900.0,63959.0,874.9529155555556,29.76835111111111,467.17190222222223,91.57171111111111,4.96316,0.16186666666666666,0.030897777777777777,23.428941595555557,22.913561435555554,22.64955176,23.209164035555556,23.821263031111112,23.46038669777778,23.158867026666666,23.28034772,22.581139302222223,22.701980164444443,22.952516328888887,23.866427804444445,24.188360168888888,23.66379681333333,20.941856066666666,84.73995441777778,27.253712626666665,5.792558564444445,1.6606980133333333,0.27395143555555557,0.21742302666666669,0.08587140888888888,0.05920801333333334,0.04707552,0.03738964,0.02832424888888889,0.018556142222222224,0.017421124444444443,0.016895422222222223,0.017201666666666667,0.025378684444444445,0.014714613333333333,0.011791342222222223,0.007923528888888889,0.012541253333333332,0.01515970222222222,2.835924210713591,13436686.361118793,1924.371278628413,0.2904,0.12625593845257896,0.0,0.018271875,0.8269683921319526,0.027516666666666623,0.023240625,0.04360625,0.0024703999999999,0.08710625,0.0,0.0,0.0,0.0,0.17338928571428566,0.012724999999999974,0.0,2.899996903583083,0.0902424066468394,0.009413888888888826,0.010028571428571375,0.0,0.0,0.10112499999999999,0.0421458333333333,0.0624166666666666,0.07273749999999995,0.02561875,0.0,0.0,0.1385625,0.0,0.7764833333333334,0.026104999999999975,0.0,0.262625,0.19455,0.0,0.022785,0.254085,0.0,0.0,1.68248,0.0,0.0,0.0,0.0,0.0,0.012737499999999926,0.0,0.011987499999999976,0.0,0.0,0.0,,,,0.0564275,0.033375,0.4082287400228985,2.2417891067315012,1.2528318366382987,48.400798037419676,40.0,1308.5366,1.001927784654806,2024-07-21 17:45:00
2024-07-21 12:00:00,50.71333333333334,1.0,0.0138469444444444,0.3705105196825397,0.0039261647619047,0.0285359187301587,2.0119273784126985,0.007983438666666667,0.010326088888888888,0.031086755555555557,2.853008888888889e-22,3.1436e-05,4.660377777777778e-05,0.00045932533333333333,1.373773777777778e-22,4.6711644444444444e-05,0.00223892,0.00145664,5.700497777777777e-07,0.11023999999999999,0.008919724444444445,0.021203644444444444,0.1703631111111111,4.1269022222222225e-05,3.072284444444444e-05,0.163,1308.7813333333331,341.87488888888885,0.04817777777777778,341.87488888888885,40.734338755555555,-111.87211,304.8015555555555,22.60088888888889,878.5577777777779,108.69946666666667,3.2075555555555555,420612.8888888889,1977.8502222222223,160.628,14193749.073777778,0.0005025193650793,3.221772486772488e-05,0.0005797682539682,1.971968253968254e-05,4.088761904761905e-05,5.934952380952381e-05,0.0035795703652922424,0.2622106666666666,0.9267105777777778,2.172793333333333,9.71490982222222,0.2947406222222222,1.4051982666666667,1.7882193777777775,0.0022606666666666,0.2841805777777778,5.176259555555556,0.0101656,2.2221703555555554,1.216924311111111,0.0627335111111111,0.1796605777777777,0.0015728444444444,0.0033120444444444,0.0807579555555555,0.0323909777777777,0.0007716888888888,0.0227549333333333,0.3509161333333333,0.0311002666666666,0.0022537777777777,0.0018541333333333,4.361,0.181,0.079,0.002,0.0,0.073,0.439,0.194,0.071,0.008,0.007,0.009,1.869,0.189,0.203,0.008,1.339,0.018004613053146264,0.377,0.022,0.022,0.592,0.047,0.081,0.174,0.036,0.003076309404550961,0.004,0.117,0.116,0.0004694818371827881,0.008,0.034,0.187,0.008,0.021,0.051,0.007,0.012,0.08,0.002,0.003721851145539824,0.011,0.003,0.006,0.00016017744435222869,0.006,0.006,0.003,0.01,0.005,0.025,0.004,0.001,0.023,0.019,0.008,0.006573839047619,0.0460807111111111,0.1736906787301587,0.0059599288888888,0.0007295453968253,0.2653658126984127,64800.0,64859.0,874.8625911111111,29.813262222222225,474.2291822222222,92.97243555555556,4.983688888888889,0.1602,0.031373333333333336,23.74407932,23.187489466666666,22.943282631111114,23.32958028888889,24.000022942222223,23.759690626666668,23.429757173333332,23.481816142222222,22.92762476888889,22.975467946666665,23.220742835555555,24.392742119999998,24.54607542666667,23.975278702222223,21.54290684444445,86.43520777333333,27.811885213333333,5.917856111111111,1.711714848888889,0.2744760888888889,0.2101768311111111,0.09060144,0.05865414666666667,0.04797397333333333,0.036769497777777785,0.030407004444444444,0.021917053333333332,0.016270386666666668,0.01625498666666667,0.016172239999999997,0.023368177777777777,0.01576883111111111,0.010256382222222223,0.006901133333333333,0.008775337777777777,0.01121200888888889,3.230489019117974,13996743.96528476,1926.6466904843244,0.2925,0.118,0.0,0.0176125,2.28585,0.0281444444444444,0.0235625,0.04355,0.0015728444444444,0.082875,0.0,0.0,0.0,0.0,0.1729428571428571,0.0135222222222222,0.0,3.277018919374949,0.0844833333333333,0.0083555555555555,0.0133714285714285,0.0,0.0,0.1041,0.0422833333333333,0.0632666666666666,0.0729666666666666,0.025675,0.0,0.0,0.14355,0.0,0.7993333333333333,0.0261,0.0,0.26365,0.19482,0.0,0.02212,0.25254,0.0,0.0,1.86416,0.0,0.0,0.0,0.0,0.0,0.0124166666666666,0.0,0.0114333333333333,0.0,0.0,0.0,,,,0.06397,0.036,0.3764089802841238,1.9,0.9,48.0,115.83334,1365.5914,0.8950319840473397,2024-07-21 18:00:00
2024-07-21 12:15:00,51.088,1.0,0.0189642698412698,0.4186801384126984,0.0043661869841269,0.0334642298412698,2.072324506349206,0.007887155555555556,0.010392844444444445,0.031231866666666667,5.283764444444444e-22,3.208217777777778e-05,4.729031111111111e-05,0.0004660804444444445,2.5610355555555553e-22,4.8570266666666665e-05,0.0022647866666666663,0.0014711955555555556,5.865497777777778e-07,0.11059422222222223,0.009000275555555555,0.021254444444444447,0.17085377777777777,4.1976311111111116e-05,3.199875555555556e-05,0.163,1309.2364444444443,352.8608444444444,0.04822222222222223,352.8608444444444,40.73434,-111.87211,304.78288888888886,23.108,878.459111111111,108.37871111111112,2.8524444444444446,419962.97777777776,1981.9,163.11288888888888,14648113.172444446,0.0007027955555555,3.457238095238096e-05,0.0006258301587301,3.3221904761904766e-05,6.420603174603175e-05,0.0001155095238095,0.0036298920712620098,0.3421917333333333,1.1325923111111111,2.5195475555555555,10.438498,0.3010936888888889,1.5088774222222223,1.714113688888889,0.0022203111111111,0.2891399555555555,5.357362755555555,0.0099686666666666,2.379159955555556,1.3612734222222225,0.0506215111111111,0.1605034222222222,0.0008815999999999,0.0019835111111111,0.0651071555555555,0.0292147555555555,0.0019781777777777,0.0242856,0.3720069333333333,0.0304338222222222,0.0005891555555555,0.0019073777777777,4.37725,0.18275,0.07879118866186649,0.002,0.0,0.073,0.438375,0.19337500000000002,0.071,0.008125,0.0076,0.014324648983412042,1.809308603091452,0.2745181642064186,0.1831,0.007875,1.3652280466167945,0.016916091080765694,0.37387038892776253,0.01818623550201906,0.02246120915089979,0.6004499999999999,0.03966037230020651,0.10718366405457619,0.16089030623938094,0.033874999999999995,0.003691770728982091,0.0045000000000000005,0.1155,0.14600000000000002,0.0004694818371827881,0.00825,0.03924529826671249,0.14477377766818345,0.008,0.01575,0.048126637305311165,0.00725,0.0125,0.10425000000000001,0.0022625328735418264,0.0038075193409311354,0.0163778685986269,0.003625,0.006625,0.0002651552638082001,0.005829875635860101,0.006125,0.003375,0.007620942497423256,0.004027086708526417,0.020983986563034823,0.003,0.0015168629975285553,0.023913682370789637,0.01808810904461237,0.00632358050486746,0.0077183085714285,0.0530163263492063,0.1891494847619047,0.00628054,0.000809786031746,0.2650391146031746,65700.0,65759.0,874.7646977777779,29.859311111111115,478.02489333333335,93.83048000000001,5.008515555555556,0.15964444444444445,0.03170222222222222,23.663817653333336,23.109807933333332,22.971530155555556,23.491655831111114,24.085191679999998,23.78369592,23.610201195555554,23.666891239999998,23.232638440000002,23.060348306666665,23.431687742222223,24.67138270666667,24.85596686222222,24.42893194222222,21.749088924444443,87.57487227111112,28.092958173333333,5.8942559688888885,1.7312540488888888,0.28388406222222223,0.22699801333333333,0.09834341333333334,0.05658472444444444,0.04160711555555555,0.03552826666666666,0.02951764,0.01946204,0.01946795555555556,0.01691116888888889,0.01645144,0.023540635555555557,0.01391450222222222,0.011261631111111111,0.008870204444444444,0.0074589466666666665,0.008947444444444445,3.473195557556186,14444801.622426508,1930.6757524413908,0.2912375,0.12937882502351614,0.0,0.018384375,0.6791226061254036,0.0277083333333333,0.02563125,0.0432875,0.0008815999999999,0.086234375,0.0,0.0,0.0,0.0,0.17815357142857136,0.0141333333333333,0.0,3.5089344537022225,0.09268597813200942,0.01247499999999995,0.010028571428571375,0.0,0.005470833333333325,0.10449166666666665,0.0435208333333333,0.0653666666666666,0.07486249999999994,0.0255375,0.00235,0.0,0.13541250000000002,0.0,0.75595,0.026430000000000002,0.0,0.25790625,0.19868999999999998,0.002935,0.02258,0.25521,0.0,0.0,1.826755,0.0,0.0,0.0,0.004071875,0.0,0.013658333333333276,0.0,0.011616666666666626,0.0,0.0,0.0,,,,0.058277499999999996,0.033874999999999995,0.42372079150728514,2.4204272641387856,1.5121832854530628,48.34292145546062,278.33334,1415.1764,0.8763237866297429,2024-07-21 18:15:00
2024-07-21 12:30:00,52.43688888888889,1.0,0.0207531539682539,0.4169487298412698,0.0042924834920634,0.0330167253968254,2.137686904761905,0.008905728888888888,0.010446177777777779,0.03134502222222222,8.746413333333332e-22,3.261031111111111e-05,4.784497777777778e-05,0.00047151333333333333,4.258786666666666e-22,5.011986666666667e-05,0.0022855377777777778,0.0014827644444444445,6.001675555555556e-07,0.11086622222222223,0.009064191111111113,0.02129208888888889,0.17122800000000002,4.2553555555555556e-05,3.306457777777778e-05,0.163,1309.398666666667,331.74808888888884,0.048133333333333334,331.74808888888884,40.73434,-111.87211,305.5424444444444,22.635111111111108,878.3462222222222,107.62875555555554,2.6822222222222223,419457.6444444445,1982.1266666666668,165.02533333333335,14821016.959555555,0.0007644009523809,0.0001231952380952,0.0006575574603174,4.91352380952381e-05,0.0001096409523809,0.0001175215873015,0.003680213777231777,0.3652218666666667,1.2047850666666666,2.7705764444444445,10.535983600000002,0.3073441777777778,1.5678287555555557,1.7692151111111112,0.0024049777777777,0.3079040444444444,5.432622222222222,0.0102547111111111,2.4879380444444448,1.4517883111111112,0.0434658666666666,0.1601336,0.0071631642767797515,0.0010523555555555,0.0659148888888889,0.028678,0.0008395555555555,0.0231298222222222,0.3864883555555555,0.0344639555555555,0.0017524888888888,0.0014922666666666,4.3934999999999995,0.1845,0.0756316303960355,0.002,0.0,0.073,0.43775,0.19275,0.071,0.00825,0.0082,0.014501084206382952,1.813786747226132,0.28334621506943847,0.1632,0.00775,1.391456093233589,0.01582756910838512,0.39965943911805485,0.014372471004038125,0.02292241830179958,0.6089,0.03232074460041303,0.10690489824350315,0.14778061247876192,0.03175,0.004307232053413221,0.005,0.114,0.176,0.0004694818371827881,0.0085,0.03972523547591545,0.10254755533636692,0.008,0.0105,0.04525327461062233,0.0075,0.013000000000000001,0.1285,0.0021895624251021943,0.0038931875363224463,0.01658446075642388,0.00425,0.0072499999999999995,0.0003701330832641715,0.005551559003270987,0.00625,0.00375,0.005241884994846512,0.003054173417052835,0.01696797312606965,0.002,0.0014486367822092701,0.024827364741579275,0.01717621808922474,0.006076043962358036,0.0084768504761904,0.0568671425396825,0.2085791815873016,0.0066416571428571,0.0008831507936507,0.2859875231746032,66600.0,66659.0,874.6545777777777,29.88924888888889,478.32359999999994,93.92324444444445,5.042164444444444,0.16046222222222223,0.03180444444444445,23.619895862222222,23.21759079111111,23.168086995555555,23.588070631111112,24.053365,23.820034604444444,23.557983448888887,23.62639087111111,23.26362234666667,23.138775728888888,23.434608804444444,24.61996914666667,24.863656088888888,24.394720235555557,21.671700453333333,87.60335254222223,28.154082964444445,5.907543684444445,1.7186552044444445,0.2723651822222222,0.20891961333333334,0.10174604888888888,0.061559013333333336,0.04564619111111111,0.03249693333333333,0.0298924,0.019357422222222222,0.01805605777777778,0.014278724444444444,0.015346648888888889,0.025728008888888886,0.01417448,0.012682675555555556,0.008160444444444444,0.008151404444444444,0.012992662222222222,3.745641168193473,14615305.555266444,1930.9012596404802,0.289975,0.13245102002002798,0.0,0.01915625,0.6317583000507909,0.027272222222222198,0.0277,0.043025,0.0016586888888888,0.08959375,0.0,0.0,0.0,0.0,0.18336428571428565,0.0147444444444444,0.0,3.7692668278222223,0.09508988487656518,0.016594444444444398,0.00668571428571425,0.0,0.01094166666666665,0.1048833333333333,0.0447583333333333,0.06746666666666659,0.07675833333333329,0.0254,0.0047,0.0,0.127275,0.0,0.7125666666666667,0.02676,0.0,0.2521625,0.20256,0.00587,0.023039999999999998,0.25788,0.0,0.0,1.78935,0.0,0.0,0.0,0.00814375,0.0,0.01489999999999995,0.0,0.01179999999999995,0.0,0.0,0.0,,,,0.052585,0.03175,0.4373439821712952,2.4924083705430617,1.7002751023165974,49.58870462032401,440.83334,1448.6709,0.9825177756867927,2024-07-21 18:30:00
2024-07-21 12:45:00,53.81688888888889,1.0,0.0197326809523809,0.3891566520634921,0.0041405882539682,0.0295131355555555,2.1163045371428573,0.009015570222222222,0.010487022222222222,0.03143008888888889,1.2929564444444444e-21,3.301928888888889e-05,4.827191111111112e-05,0.0004757097777777778,6.31507111111111e-22,5.134426666666667e-05,0.0023014533333333333,0.001491591111111111,6.108564444444445e-07,0.11106222222222221,0.0091128,0.021319333333333332,0.171496,4.299942222222222e-05,3.390835555555555e-05,0.163,1308.8684444444443,338.41546666666665,0.046177777777777776,338.41546666666665,40.73434,-111.87211,306.73488888888886,21.17866666666667,878.2511111111111,107.11195555555555,2.3217777777777777,419971.2444444445,1979.904888888889,162.76266666666666,14548528.374222225,0.0007678298412698,0.0001656501587301,0.0006660031746031,4.75736507936508e-05,0.0001051482539682,0.0001127101587301,0.003730535483201544,0.3646237333333333,1.2106518666666666,2.8154324444444443,10.371798222222225,0.3023484888888889,1.5802143555555554,1.6946397333333332,0.0022496888888888,0.3073359555555555,5.380800622222223,0.0111406222222222,2.4654673333333337,1.4548467555555555,0.0571336444444444,0.1580230666666666,0.0024357777777777,0.0007609333333333,0.0628369333333333,0.0307504888888888,0.0016261333333333,0.0220522666666666,0.3877316444444444,0.0356248444444444,0.0025116888888888,0.0013496,4.40975,0.18625,0.08166660608391309,0.002,0.0,0.073,0.437125,0.192125,0.071,0.008375,0.0088,0.013828758635147853,1.76989215403146,0.2729015004648292,0.14329999999999998,0.007625,1.4176841398503839,0.01473904713600455,0.4005308358379781,0.010558706506057187,0.023383627452699365,0.6173500000000001,0.024981116900619545,0.10531401348561033,0.1346709187181429,0.029625,0.00492269337784435,0.0055,0.1125,0.20600000000000002,0.0004694818371827881,0.00875,0.03789638263745722,0.06032133300455039,0.008,0.005250000000000001,0.042379911915933495,0.00775,0.0135,0.15275,0.0024713116162248827,0.003978855731713757,0.015797218911146493,0.004875,0.007875,0.00047511090272014294,0.006626178767638272,0.0063750000000000005,0.004125,0.0028628274922697684,0.0020812601255792524,0.012951959689104472,0.001,0.001712067820261252,0.025741047112368916,0.01626432713383711,0.007031817458570475,0.0086427803174603,0.055193065079365,0.2171746606349206,0.0067203349206349,0.0008192158730158,0.3196812387301587,67500.0,67559.0,874.567008888889,30.058431111111112,478.61196,94.06956444444444,5.086004444444444,0.16157333333333332,0.031786666666666664,23.77903468888889,23.18125042666667,23.211458333333333,23.646022875555555,24.15720967111111,23.788143444444447,23.642725217777777,23.480917675555553,23.294363324444443,23.154891062222223,23.511241177777777,24.42321488,24.781923102222223,24.548993186666667,21.7147506,87.45401112888888,28.19971921333333,6.032782911111111,1.7361050399999998,0.26426392444444446,0.19773708,0.09053090222222222,0.05489646666666667,0.04210216,0.03521224888888889,0.03126173333333333,0.018776764444444444,0.016135164444444444,0.01824364888888889,0.018119866666666665,0.021746217777777778,0.017125235555555555,0.015350195555555555,0.008326395555555555,0.008362093333333332,0.015063831111111111,3.667164920308051,14346599.032236572,1928.6908469184243,0.2887125,0.12881621994397827,0.0,0.019928124999999998,0.6798974311852035,0.0268361111111111,0.029768749999999997,0.0427625,0.0024357777777777,0.092953125,0.0,0.0,0.0,0.0,0.18857499999999994,0.0153555555555555,0.0,3.694279721675593,0.09224575537702225,0.02071388888888885,0.003342857142857125,0.0,0.016412499999999976,0.10527499999999995,0.0459958333333333,0.0695666666666666,0.07865416666666665,0.0252625,0.007050000000000001,0.0,0.11913750000000001,0.0,0.6691833333333334,0.02709,0.0,0.24641875,0.20643,0.008805,0.0235,0.26055,0.0,0.0,1.751945,0.0,0.0,0.0,0.012215625,0.0,0.016141666666666624,0.0,0.011983333333333275,0.0,0.0,0.0,,,,0.046892500000000004,0.029625,0.43699016379236705,2.4982579707114283,1.7338849652075776,50.8632208400607,603.33331,1476.8901,0.989330416800788,2024-07-21 18:45:00
2024-07-21 13:00:00,54.30755555555556,1.0,0.0150705676190476,0.347450193015873,0.0042104726984126,0.0254470555555555,2.073527632063492,0.009053618666666667,0.010515066666666666,0.03148795555555555,1.70804e-21,3.3310666666666666e-05,4.85736e-05,0.00047868044444444445,8.360448888888888e-22,5.22312e-05,0.0023126355555555555,0.00149784,6.185355555555556e-07,0.11119644444444443,0.009147066666666667,0.021338044444444444,0.17168044444444444,4.331613333333334e-05,3.451742222222222e-05,0.163,1309.3795555555555,359.13297777777774,0.04404444444444445,359.13297777777774,40.73434,-111.87211,307.082,20.46933333333333,878.1097777777778,108.50057777777778,2.5840000000000005,420545.2,1977.6444444444448,173.32622222222224,14229473.252888888,0.0006493984126984,7.188761904761905e-05,0.0006221485714285,2.957873015873016e-05,4.0033333333333335e-05,5.796857142857143e-05,0.0037808571891713113,0.3038492888888888,1.093772488888889,2.6139057777777777,9.86417736218596,0.2988989993191993,1.5278995773356272,1.660078022240722,0.0021348828708328,0.3030756915103415,5.2615770973026965,0.0083794883930883,2.5234349042272535,1.4374361781903284,0.0559053087153586,0.1470030417489917,0.0005811918470418,0.0013008546527546,0.0526365413234913,0.0260190738687238,0.0002844316997817,0.0195772347171347,0.3730625678617678,0.0319718254837754,0.0016833601990601,0.0022152949605949,4.426,0.188,0.07049276559016812,0.002,0.0,0.073,0.4365,0.1915,0.071,0.0085,0.0094,0.011600661360494044,1.6145724528665446,0.1364707677757435,0.1234,0.0075,1.4439121864671784,0.013650525163623976,0.3955703010682235,0.00674494200807625,0.023844836603599154,0.6258,0.01764148920082606,0.09700730285648292,0.12156122495752386,0.027499999999999997,0.005538154702275481,0.006,0.111,0.236,0.0004694818371827881,0.009000000000000001,0.0318355362269512,0.01809511067273384,0.008,0.0,0.03950654922124466,0.008,0.014,0.177,0.0018280886962158995,0.0040645239271050685,0.01318828733840609,0.0055,0.0085,0.0005800887221761144,0.00417286183004076,0.006500000000000001,0.0045000000000000005,0.00048376998969302393,0.0011083468341056696,0.008935946252139296,0.0,0.0011106645621308392,0.026654729483158553,0.015352436178449481,0.014127332234286503,0.008381533015873,0.053233459047619,0.233598605079365,0.0066100628571428,0.0006457438095238,0.3211210965079365,68400.0,68459.0,874.4347733333333,30.283595555555557,481.68815555555557,94.50289777777776,5.0835244444444445,0.16073333333333334,0.031893333333333336,24.00110427555556,23.64671268444444,23.287459000000002,23.869845386666665,24.270025346666667,24.037298857777778,23.815367044444443,23.768765693333332,23.249888702222222,23.36711832,23.685176066666667,24.681455457777776,24.963459133333334,24.506118337777778,21.791327137777778,87.83520824888889,28.231036413333335,6.031209857777778,1.7338022444444443,0.2612933333333333,0.22066445777777777,0.09975488,0.06652300444444445,0.05079572,0.036276395555555556,0.028501706666666664,0.021460893333333335,0.016795133333333333,0.018055759999999997,0.018072564444444446,0.02008304,0.017503946666666666,0.011675955555555555,0.007570382222222222,0.007558133333333333,0.013169199999999999,3.679756016535427,14031972.30318119,1926.4419653212296,0.28745,0.1234,0.0,0.0207,1.89855,0.0264,0.0318375,0.0425,0.0005811918470418,0.0963125,0.0,0.0,0.0,0.0,0.1937857142857142,0.0159666666666666,0.0,3.706311003684427,0.0901166666666666,0.0248333333333333,0.0,0.0,0.0218833333333333,0.1056666666666666,0.0472333333333333,0.0716666666666666,0.08055,0.025125,0.0094,0.0,0.111,0.0,0.6258,0.02742,0.0,0.240675,0.2103,0.01174,0.02396,0.26322,0.0,0.0,1.71454,0.0,0.0,0.0,0.0162875,0.0,0.0173833333333333,0.0,0.0121666666666666,0.0,0.0,0.0,,,,0.0412,0.027499999999999997,0.4010397925034779,2.6,0.9,52.0,765.83331,1500.0022,0.9897838286955382,2024-07-21 19:00:00
2024-07-21 13:15:00,56.08533333333333,1.0,0.011934245079365,0.28489922,0.0035029209523809,0.0197460479365079,1.965345113968254,0.009082116888888887,0.010532000000000001,0.03152164444444445,2.0194666666666666e-21,3.348653333333333e-05,4.875604444444445e-05,0.00048048133333333337,9.89675111111111e-22,5.2768888888888887e-05,0.0023193688888888887,0.0015015866666666666,6.231711111111111e-07,0.11128755555555554,0.009167604444444444,0.021348755555555557,0.17178755555555555,4.3507644444444446e-05,3.488893333333333e-05,0.163,1309.9062222222224,324.13182222222224,0.044755555555555555,324.13182222222224,40.73434,-111.87211,307.6153333333333,19.191111111111113,877.8986666666666,110.36533333333334,2.6133333333333337,421250.53333333327,1971.8173333333332,175.74977777777778,13387359.265333332,0.0008557803174603,6.179746031746033e-05,0.0006867736507936,2.1133333333333333e-05,2.4608253968253968e-05,8.472666666666667e-05,0.0038311788951410786,0.2305877333333333,0.8895807555555555,2.179934222222222,10.48428,0.31508,3.099242684178356,1.57743,0.002334246272070033,0.35425,5.3121,0.008189072238299533,2.4361717634282143,1.43646,0.08529,0.16646,0.006417536329176037,0.00499,0.05937,0.02209,0.0004862483142078333,0.01894,0.39428,0.04154,0.0110392151596639,0.00093,4.44225,0.18975,0.09409897980257931,0.002,0.0,0.073,0.435875,0.19087500000000002,0.071,0.008624999999999999,0.0118,0.013071467669864056,1.610110215170998,0.33285141314628375,0.14755,0.0073750000000000005,1.2676841398503838,0.012562003191243405,0.3952921732524124,0.011058706506057187,0.028633627452699366,0.59735,0.034731116900619544,0.11167363284407786,0.11642091871814289,0.025374999999999998,0.00615361602670661,0.006500000000000001,0.12275,0.266,0.0004694818371827881,0.00925,0.035836407841535405,0.11582133300455037,0.008,0.00725,0.0561299119159335,0.00825,0.0145,0.20124999999999998,0.0012939418593815814,0.00415019212249638,0.014910489084960187,0.006125,0.009125,0.0006850665416320858,0.0021355720488378995,0.006625,0.004875,0.003362827492269768,0.003081260125579252,0.018701959689104472,0.0025,0.0006112457168139982,0.03524104711236892,0.02401432713383711,0.0030378439378340944,0.0074161266666666,0.0431877269841269,0.2011046066666666,0.0062626904761904,0.0005386295238095,0.3219257104761904,69300.0,69359.0,874.2389955555556,30.54666222222222,484.36855111111106,94.84831555555554,5.112008888888889,0.16117777777777778,0.03197777777777778,24.32800214222222,23.86088219111111,23.57213665777778,24.19250524,24.529474124444445,24.22663778222222,23.921660222222222,23.95587909777778,23.429770364444444,23.380507244444445,23.66900015111111,24.863726075555558,25.06258647111111,24.835134297777778,21.94441263111111,87.67338680444443,28.136239506666666,6.100037586666667,1.7726160888888889,0.27652656444444446,0.2059774888888889,0.10837662222222222,0.06004305777777778,0.04736146222222223,0.03284379111111111,0.025798146666666667,0.02185903111111111,0.016388177777777777,0.018386195555555554,0.018224524444444445,0.02072398666666667,0.019132026666666666,0.012307795555555556,0.008442000000000002,0.00981412,0.011781773333333334,3.2799831278216547,13201546.612820372,1920.6446616207136,0.28704999999999997,0.14967901566628164,0.0,0.020321875,0.7998036920516753,0.0280972222222222,0.032,0.04339375,0.0025594600374492663,0.089653125,0.0,0.00249166666666665,0.0,0.0,0.20113214285714276,0.017344444444444378,0.0,3.324312464657778,0.10857031010225172,0.018624999999999975,0.005467857142857125,0.0,0.028916666666666625,0.1075666666666666,0.0604458333333333,0.09335833333333327,0.10513333333333333,0.025575,0.015375000000000002,0.0,0.13885625000000001,0.002795833333333325,0.6380916666666667,0.028874999999999998,0.0,0.34114374999999997,0.308895,0.012235,0.024794999999999998,0.38099500000000003,0.0,0.0,1.5688549999999999,0.003810714285714275,0.00885,0.0,0.012215625,0.0,0.0222583333333333,0.0,0.0129791666666666,0.0,0.0,0.0,,,,0.0373775,0.025374999999999998,0.3577028250083425,2.178128151114182,1.257716601636357,52.95827101253607,928.33331,1518.2994,0.9906750388202709,2024-07-21 19:15:00
2024-07-21 13:30:00,55.678666666666665,1.0,0.0110798933333333,0.2549132133333333,0.0032638177777777,0.0165997111111111,1.9819221955555557,0.009072703111111111,0.010539600000000001,0.03153306666666667,2.1392355555555558e-21,3.3548222222222216e-05,4.881875555555556e-05,0.0004810973333333333,1.0487955555555556e-21,5.295613333333333e-05,0.002321688888888889,0.001502888888888889,6.247733333333334e-07,0.1113,0.009174533333333335,0.02135,0.1718,4.357253333333333e-05,3.5018800000000004e-05,0.163,1310.0955555555556,250.76951111111111,0.04791111111111111,250.76951111111111,40.734341066666666,-111.87211,307.9593333333333,19.287111111111113,877.7373333333333,111.45871111111111,2.5115555555555553,420604.3555555555,1972.2328888888887,168.79866666666666,13690938.947111111,0.0009329822222222,0.00013256,0.0007851288888888,2.4351111111111117e-05,4.78e-05,0.0001503022222222,0.0038815006011108455,0.3224669111111111,1.0466668444444445,2.384675904761905,9.86830475499996,0.31368571767015035,2.356323691343556,2.0665870830419584,0.0025336096733072667,0.33462409025002776,5.209115892384402,0.007998656083510768,2.348908622629175,1.4709422743982208,0.09725564653600366,0.24541266888072244,0.006466766373720118,0.0035409185185184995,0.1204390868476761,0.048046620404397146,0.0006880649286339665,0.02270358589426445,0.35005250802273125,0.0383588445562374,0.0203950701202677,0.00134490301860835,4.4585,0.1915,0.09263249459472275,0.002,0.0,0.073,0.43525,0.19025,0.071,0.008749999999999999,0.0142,0.026410941862582984,1.618320146084585,0.3007643307624519,0.1717,0.00725,1.0914560932335893,0.011473481218862833,0.40511669069973266,0.015372471004038124,0.033422418301799574,0.5689,0.05182074460041303,0.17118683528135945,0.11128061247876193,0.02325,0.0067690773511377405,0.007,0.1345,0.296,0.0004694818371827881,0.0095,0.0721223030754139,0.2135475553363669,0.008,0.0145,0.07275327461062234,0.008499999999999999,0.015,0.22550000000000003,0.004822673348571226,0.004235860317887691,0.03052999357474849,0.00675,0.00975,0.0007900443610880572,0.015594509007337045,0.00675,0.00525,0.006241884994846512,0.0050541734170528345,0.02846797312606965,0.005,0.003910553855019641,0.04382736474157928,0.032676218089224746,0.015008306103771869,0.0075985066666666,0.0481380222222222,0.2527320533333333,0.0061386488888888,0.0007121688888888,0.3256959155555556,70200.0,70259.0,874.0590133333334,30.73640888888889,502.7144577777778,98.57994666666667,5.283502222222222,0.16035555555555556,0.03322222222222222,24.76296281777778,24.394964084444446,24.132456391111113,24.889469137777777,25.185336875555556,25.211024093333332,24.628022844444445,24.83019084,24.545585182222222,24.42363652,24.786589622222223,25.90087949333333,26.27880633777778,26.11314837777778,23.19150093777778,90.98080937333334,29.376275186666664,6.289558026666667,1.8581474844444446,0.2839449377777778,0.22147566222222223,0.09705309777777778,0.06753817333333333,0.048743204444444445,0.037018039999999995,0.025767355555555555,0.022871839999999997,0.018042946666666667,0.01504104,0.019404964444444443,0.018179146666666667,0.017114733333333333,0.012496231111111112,0.009212937777777779,0.009381631111111111,0.011870182222222221,3.6003578207625893,13500912.696919762,1921.0580914857112,0.28664999999999996,0.1385125899759622,0.0,0.01994375,0.739238199877633,0.0297944444444444,0.0321625,0.0442875,0.004537728227856733,0.08299375,0.0,0.0049833333333333,0.0,0.0,0.20847857142857135,0.01872222222222215,0.0,3.630442940484445,0.09983289400072921,0.01241666666666665,0.01093571428571425,0.0,0.03594999999999995,0.1094666666666666,0.0736583333333333,0.11504999999999994,0.12971666666666665,0.026025,0.02135,0.0,0.1667125,0.00559166666666665,0.6503833333333333,0.03033,0.0,0.44161249999999996,0.40749,0.01273,0.02563,0.49877000000000005,0.0,0.0,1.4231699999999998,0.00762142857142855,0.0177,0.0,0.00814375,0.0,0.0271333333333333,0.0,0.0137916666666666,0.0,0.0,0.0,,,,0.033555,0.02325,0.4120528167692447,2.3347537071263957,1.4111261762356833,52.58268893812092,1090.8334,1532.1776,0.9889007736391071,2024-07-21 19:30:00
2024-07-21 13:45:00,56.309777777777775,1.0,0.0174064755555555,0.2205495866666666,0.0030637733333333,0.0135224222222222,2.0308238533333336,0.009072054222222221,0.0105328,0.03152231111111111,2.030688888888889e-21,3.349324444444444e-05,4.876164444444444e-05,0.00048053911111111113,9.952648888888889e-22,5.2788044444444446e-05,0.0023195644444444444,0.0015017466666666667,6.233391111111112e-07,0.11129066666666666,0.009168195555555555,0.021348755555555557,0.17179066666666667,4.3514755555555557e-05,3.490275555555556e-05,0.163,1309.9022222222222,358.70675555555556,0.0492,358.70675555555556,40.734348266666665,-111.87211,309.0162222222222,18.386222222222223,877.5640000000001,109.09724444444444,2.187111111111111,420687.5555555556,1970.5844444444444,172.04088888888887,13515997.359111112,0.0007915466666666,0.0001545111111111,0.0008480311111111,1.7764444444444448e-05,5.408444444444445e-05,0.0001147911111111,0.003931822307080612,0.4059355232193732,1.3064675368427867,2.708785368686869,9.25232950999992,0.3122914353403007,1.613404698508756,2.555744166083916,0.0027329730745445,0.3149981805000555,5.106131784768803,0.007808239928722,2.261645481830136,1.5054245487964415,0.1092212930720073,0.3243653377614449,0.0065159964182642,0.002091837037037,0.1815081736953522,0.0740032408087943,0.0008898815430601,0.0264671717885289,0.3058250160454624,0.0351776891124748,0.0297509250808715,0.0017598060372167,4.474749999999999,0.19325,0.10466578694688737,0.002,0.0,0.073,0.434625,0.189625,0.071,0.008875,0.0166,0.03975041605530191,1.5857526233482275,0.31573077999455246,0.19585,0.007125,0.9152280466167946,0.01038495924648226,0.414941208147053,0.01968623550201906,0.03821120915089979,0.54045,0.06891037230020651,0.23070003771864103,0.10614030623938098,0.021124999999999998,0.0073845386755688695,0.0075,0.14625,0.326,0.0004694818371827881,0.00975,0.10840819830929238,0.3112737776681834,0.008,0.021750000000000002,0.08937663730531116,0.008749999999999999,0.0155,0.24975000000000003,0.00835140483776087,0.004321528513279002,0.04614949806453679,0.0073750000000000005,0.010374999999999999,0.0008950221805440286,0.02905344596583619,0.006875,0.005625,0.009120942497423255,0.0070270867085264165,0.038233986563034825,0.0075,0.007209861993225285,0.05241368237078964,0.041338109044612374,0.026978768269709644,0.0073679422222222,0.0490231911111111,0.2945998577777778,0.0060122222222222,0.0007659244444444,0.3347227422222222,71100.0,71159.0,873.9024933333333,31.031906666666664,519.3510355555555,101.80062222222223,5.441613333333334,0.15979555555555558,0.03428888888888889,25.297235453333332,25.063743235555553,24.947826137777778,25.636832364444444,26.05154076,26.00195324,25.614741786666666,25.65763487111111,25.430635071111112,25.203620693333335,25.606668333333335,27.004931835555556,27.319643462222224,26.993376115555556,23.890316555555557,94.18936236888888,30.112752262222223,6.421546697777777,1.92833576,0.3048154,0.22977903111111112,0.09974382666666666,0.07553404444444443,0.05572405333333333,0.03313627555555555,0.02699401777777778,0.02004496888888889,0.01676632,0.015859644444444446,0.01829448888888889,0.023462546666666664,0.01248600888888889,0.012315653333333334,0.008475724444444444,0.009674426666666668,0.01520844,3.8474942254688522,13328399.247274524,1919.4180793260582,0.28625,0.143720970756709,0.0,0.019565625,0.747036439189138,0.0314916666666666,0.032325,0.04518125,0.0065159964182642,0.076334375,0.0,0.00747499999999995,0.0,0.0,0.21582499999999993,0.020099999999999923,0.0,3.866591384271695,0.10390830643427183,0.006208333333333326,0.016403571428571375,0.0,0.042983333333333276,0.1113666666666666,0.0868708333333333,0.13674166666666662,0.1543,0.026475000000000002,0.027325000000000002,0.0,0.19456875,0.008387499999999975,0.662675,0.031785,0.0,0.54208125,0.506085,0.013225,0.026465000000000002,0.6165450000000001,0.0,0.0,1.277485,0.011432142857142825,0.02655,0.0,0.004071874999999999,0.0,0.032008333333333305,0.0,0.014604166666666599,0.0,0.0,0.0,,,,0.0297325,0.021124999999999998,0.4614276423837073,2.5937927358976225,1.653976065752965,53.16555947983625,1253.3334,1542.1113,0.9895136035492746,2024-07-21 19:45:00
2024-07-21 14:00:00,60.17955555555556,1.0,0.0108904374603174,0.222463865079365,0.0029303428571428,0.0142193815873015,1.944384958095238,0.009059169333333334,0.010516577777777779,0.031489866666666665,1.7271244444444447e-21,3.3322666666666665e-05,4.858582222222222e-05,0.00047880666666666666,8.454902222222222e-22,5.226697777777778e-05,0.002313097777777778,0.0014981688888888887,6.188444444444444e-07,0.11120355555555556,0.009148555555555556,0.02133866666666667,0.17169022222222222,4.333035555555555e-05,3.4542044444444445e-05,0.163,1309.9506666666668,359.44728888888886,0.04751111111111111,359.44728888888886,40.73434933333333,-111.87211,309.3273333333333,17.413777777777778,877.348,118.35617777777777,2.6742222222222223,421009.2444444444,1968.6653333333331,175.21822222222224,12641613.388444444,0.0008216768253968,0.0001701482539682,0.0008587873015873,2.41384126984127e-05,7.744793650793651e-05,0.0001072476190476,0.00398214401305038,0.3077084205283605,1.032329962803863,2.453491027639028,8.646451022222221,0.2938549555555555,1.4047967396825396,1.4832064444444444,0.0021251111111111,0.2743770222222222,5.006392533333334,0.0068188,1.8150349365079363,1.4852843555555555,0.0651028888888888,0.1818494222222222,0.0023479555555555,0.0006427555555555,0.0870476,0.0405556,0.0009673240348220334,0.0196122666666666,0.2480108888888889,0.0231982666666666,0.0136587111111111,0.0011637333333333,4.491,0.195,0.116,0.002,0.0,0.073,0.434,0.189,0.071,0.009,0.019,0.017,1.556,0.25,0.22,0.007,0.739,0.009296437274101689,0.46,0.024,0.043,0.512,0.086,0.181,0.101,0.019,0.008,0.008,0.158,0.356,0.0004694818371827881,0.01,0.055,0.409,0.008,0.029,0.106,0.009,0.016,0.274,0.002,0.004407196708670313,0.019,0.008,0.011,0.001,0.01,0.007,0.006,0.012,0.009,0.048,0.01,0.002,0.061,0.05,0.01,0.0084493704761904,0.0499140736507936,0.3609122568253968,0.0064114834920634,0.0007250834920634,0.413745273015873,72000.0,72059.0,873.6932933333334,31.364386666666668,539.71444,105.81068888888889,5.604644444444444,0.1584488888888889,0.03566222222222223,26.29039252,25.800865764444445,25.84148006666667,26.525969773333333,27.04544704888889,26.840990288888893,26.58420616888889,26.632459946666668,26.167675879999997,26.278098222222223,26.588736648888887,28.02234604,28.53114663111111,28.16392775111111,24.90492452888889,98.28080424888888,31.464916675555557,6.787313777777778,1.9840735155555556,0.30744432,0.23200548000000001,0.10454315555555556,0.06952604888888889,0.05578715555555556,0.033114088888888886,0.029289404444444445,0.02215104,0.017534484444444446,0.016446115555555554,0.01656376,0.02178626666666667,0.013332284444444445,0.014115746666666668,0.005017137777777778,0.007605004444444444,0.012378822222222223,3.7302870214319532,12466151.471781544,1917.5087850404332,0.28585,0.12945,0.0,0.0191875,1.8165,0.0331888888888888,0.0324875,0.046075,0.0023479555555555,0.069675,0.0,0.0099666666666666,0.0,0.0,0.2231714285714285,0.0214777777777777,0.0,3.754595343595835,0.1154166666666666,0.0,0.0218714285714285,0.0,0.0500166666666666,0.1132666666666666,0.1000833333333333,0.1584333333333333,0.1788833333333333,0.026925,0.0333,0.0,0.222425,0.0111833333333333,0.6749666666666667,0.03324,0.0,0.64255,0.60468,0.01372,0.0273,0.7343200000000001,0.0,0.0,1.1318,0.0152428571428571,0.0354,0.0,0.0,0.0,0.0368833333333333,0.0,0.0154166666666666,0.0,0.0,0.0,,,,0.02591,0.019,0.4033226141164098,3.2,1.6,62.0,1341.1666,1548.6271,0.9902294715619953,2024-07-21 20:00:00
2024-07-21 14:15:00,61.03288888888889,1.0,0.0115294507936507,0.2136749542857142,0.0028068146031746,0.0139847301587301,1.941251748571429,0.009009890666666666,0.010488977777777778,0.031433555555555555,1.3147342222222223e-21,3.303644444444444e-05,4.828933333333333e-05,0.0004758991111111111,6.42267111111111e-22,5.139737777777778e-05,0.002302142222222222,0.0014920355555555556,6.113066666666667e-07,0.11107333333333333,0.009115057777777777,0.021320799999999997,0.1715102222222222,4.301848888888889e-05,3.394382222222222e-05,0.163,1309.3595555555555,354.57284444444446,0.049466666666666666,354.57284444444446,40.734342,-111.87211,309.62333333333333,17.351555555555553,877.1622222222223,116.82266666666668,2.459111111111111,421319.3333333333,1968.109333333333,174.112,12473132.134222222,0.0006361162696562,0.0001422606349206,0.000870206031746,2.186e-05,5.5382857142857145e-05,9.86061587301435e-05,0.004032465719020147,0.2936468,1.0954342222222222,2.570347555555556,8.314774844444445,0.2926038222222222,1.4900776,1.4536904444444445,0.0016308444444444,0.2800408,5.121387333333333,0.0054508444444444,1.7993934222222223,1.4954487555555551,0.0502509333333333,0.1350718222222222,0.0009545777777777,0.0046616888888888,0.0541448,0.0284686222222222,0.0004311111111111,0.0216038222222222,0.2606176444444444,0.0296464,0.0137404,0.0017678222222222,4.495875,0.201625,0.07862756090059334,0.00275,0.0,0.073125,0.436,0.194375,0.071125,0.009125,0.04341,0.011930114095581042,1.536853045532439,0.32529125339024656,0.1955875,0.007125,0.6147091585928522,0.008384382614838978,0.41209895494721754,0.04200011277781022,0.07400989049862856,1.0416333333333334,0.09199870630676227,0.08801374895784259,0.08027506743526766,0.018,0.020350646968982027,0.013250000000000001,0.30745625,1.3775621995766336,0.0006607966075349396,0.0105,0.032731710038390226,1.0462097732249955,0.009625,0.04587857142857143,0.2085778971590635,0.01125,0.026202832204297716,0.86432447200614,0.0021610980893731905,0.004481297120086524,0.01357405130485037,0.012,0.0175,0.00125,0.005442993162737116,0.007,0.006875,0.024748321453219126,0.026063441568122597,0.05821829563017515,0.018716666666666652,0.0014220230784443271,0.15234334401178495,0.1266126541690411,0.005979484829149283,0.0082529384126984,0.0473601165079365,0.3600723393650794,0.0064475387301587,0.0005649739682539,0.3906741396825397,72900.0,72959.0,873.5141644444444,31.764342222222222,566.33676,111.33341333333333,5.870457777777777,0.1576977777777778,0.03761777777777778,26.933934933333333,26.486109617777778,26.85668606222222,27.507161084444444,28.157991013333334,28.00897954666667,27.801864159999997,27.931653377777778,27.557530404444446,27.741734906666668,28.10702366666667,29.62494856888889,30.069927631111113,29.77316508888889,26.439630235555555,103.827885,33.204985586666666,7.171404786666667,2.130812973333333,0.3188593911111111,0.25674263555555554,0.10396103999999999,0.07159112888888888,0.04774528,0.039883826666666664,0.02538977333333333,0.02065084,0.018281804444444445,0.01258499111111111,0.016123835555555556,0.019813164444444444,0.012204564444444446,0.010931875555555555,0.007647982222222223,0.007406351111111111,0.013465662222222223,3.8395451500968893,12300008.688360417,1916.9556291461959,0.3020125,0.14704805155702158,0.00294,0.02185625,0.8062522360977198,0.030430555555555478,0.035034375,0.04718125,0.0009545777777777,0.09213125,0.0,0.010783333333333275,0.0,0.02426875,0.2756678571428571,0.021719444444444375,0.0,3.85899573368,0.10651165419853621,0.0,0.0405321428571428,0.005433333333333325,0.08364999999999995,0.12819999999999995,0.16503749999999998,0.25068333333333326,0.2990541666666666,0.03655,0.054135,0.008128125,0.355775,0.019604166666666624,1.1638583333333334,0.047825,0.01418214285714285,1.00715625,0.956305,0.017499999999999974,0.032185,1.346565,0.006475,0.005275,0.9230149999999999,0.03588928571428568,0.055603571428571426,0.021075,0.008775,0.01897142857142855,0.06781666666666664,0.02114166666666665,0.017345833333333276,0.002028125,0.0,0.0,,,,0.0194325,0.018,0.39500463632921445,2.383378112468264,1.550246889761557,57.52764768181427,1343.6666,1552.2733,0.988462266101318,2024-07-21 20:15:00
2024-07-21 14:30:00,67.14177777777778,1.0,0.0150212266666666,0.3606407466666667,0.0033658977777777,0.0328946311111111,2.118370533333333,0.008925016000000001,0.01044888888888889,0.03135062222222222,8.945275555555555e-22,3.2632800000000004e-05,4.786968888888889e-05,0.00047176933333333335,4.356279999999999e-22,5.019004444444444e-05,0.002286488888888889,0.0014832844444444444,6.007826666666666e-07,0.11088133333333333,0.009067173333333334,0.0212936,0.1712471111111111,4.257955555555556e-05,3.3112711111111115e-05,0.163,1308.8480000000002,316.09973333333335,0.051555555555555556,316.09973333333335,40.73434,-111.87211,311.00333333333333,17.096444444444444,876.9408888888888,100.95604444444444,1.2551111111111113,422049.7777777778,1974.6328888888888,178.04266666666666,13136609.289777778,0.0004659227248677,3.925777777777779e-05,0.0009310933333333,8.59111111111111e-06,5.054920634920635e-05,8.996469841268699e-05,0.004082787424989914,0.2713579555555556,1.2807325333333333,3.3672995555555554,9.405697244444443,0.3024609333333333,2.0251211555555555,1.9134869777777777,0.0018649333333333,0.3296599999999999,5.712450088888889,0.0043300888888888,1.1965042222222224,1.5825623111111111,0.0915186666666666,0.1689080888888888,0.0009219555555555,0.0039861777777777,0.0631245333333333,0.0310253777777777,0.000628,0.0309656888888888,0.2370216444444444,0.0498149333333333,0.0082888444444444,0.0025647555555555,4.50075,0.20825,0.09684923317312673,0.0035,0.0,0.07325,0.438,0.19975,0.07125,0.00925,0.06781999999999999,0.013891579826291502,1.6657357898635823,0.34343563680473554,0.171175,0.00725,0.4904183171857046,0.0074723279555762665,0.4369189142274507,0.060000225555620436,0.10501978099725714,1.5712666666666668,0.09799741261352453,0.11351896133891323,0.0595501348705353,0.017,0.03270129393796406,0.018500000000000003,0.45691249999999994,2.399124399153267,0.0008521113778870911,0.011,0.03806726817067787,1.683419546449991,0.01125,0.06275714285714286,0.31115579431812695,0.0135,0.03640566440859543,1.45464894401228,0.002508682008176459,0.004555397531502735,0.01587077772335647,0.016,0.024,0.0015,0.006768713202726779,0.007,0.00775,0.037496642906438254,0.043126883136245193,0.06843659126035032,0.027433333333333303,0.0017470085457518404,0.24368668802356994,0.20322530833808222,0.007158588470860035,0.0135586622222222,0.0519596088888888,0.3907225822222222,0.0078959866666666,0.0004906355555555,0.5442374,73800.0,73859.0,873.3297866666667,31.993640000000003,573.0867511111112,112.75960444444445,6.026542222222222,0.15980888888888892,0.03824444444444444,28.8217218,27.981304466666664,27.456735555555557,28.01288984,28.386940017777775,27.927833093333334,27.7302348,27.797827493333333,27.47307892,27.52574836888889,28.00773521777778,29.599062804444443,30.38986671111111,30.164072093333335,26.882497715555555,104.66447384,33.71798615555556,7.2894266311111116,2.21432684,0.3343913333333333,0.24558555555555556,0.11691994666666666,0.07121260888888889,0.048604902222222225,0.03524232,0.02514332888888889,0.023131315555555552,0.017022684444444443,0.01679673333333333,0.019312457777777778,0.025128635555555556,0.01737691111111111,0.014312222222222223,0.009296791111111112,0.00825891111111111,0.015129702222222223,4.982037268805173,12954276.97398785,1923.4458147701887,0.318175,0.15336236541924567,0.00588,0.024524999999999998,0.8747159450103368,0.027672222222222154,0.03758125,0.0482875,0.0009219555555555,0.11458750000000001,0.0,0.01159999999999995,0.0,0.0485375,0.32816428571428563,0.02196111111111105,0.0,4.950691375173333,0.11145242836745341,0.0,0.0591928571428571,0.01086666666666665,0.1172833333333333,0.14313333333333328,0.22999166666666665,0.3429333333333333,0.41922499999999996,0.046174999999999994,0.07497000000000001,0.01625625,0.48912500000000003,0.028024999999999953,1.6527500000000002,0.06240999999999999,0.0283642857142857,1.3717625,1.3079299999999998,0.02127999999999995,0.03707,1.95881,0.01295,0.01055,0.7142299999999999,0.05653571428571425,0.07580714285714285,0.04215,0.01755,0.0379428571428571,0.09874999999999995,0.0422833333333333,0.019274999999999952,0.00405625,0.0,0.0,,,,0.012955,0.017,0.3818199459432653,2.568133180286078,2.147389913006888,63.16958824229116,1346.1666,1553.59,0.9843217584899667,2024-07-21 20:30:00
2024-07-21 14:45:00,73.51866666666666,1.0,0.0182068488888888,0.4736344355555555,0.0033356933333333,0.0492196888888888,2.1015450844444445,0.008913378666666666,0.010396577777777777,0.031239022222222225,5.434137777777777e-22,3.211235555555556e-05,4.7321200000000004e-05,0.0004663893333333333,2.6345466666666664e-22,4.865648888888889e-05,0.002265911111111111,0.0014718799999999998,5.873115555555556e-07,0.11061333333333333,0.009003973333333333,0.021256666666666667,0.17087288888888888,4.201013333333333e-05,3.205853333333333e-05,0.163,1309.0497777777778,359.0587555555556,0.0508,359.0587555555556,40.73434,-111.87211,312.82111111111107,14.984444444444446,876.7728888888888,104.01320000000001,0.49377777777777776,422721.8222222222,1977.0302222222224,176.49866666666668,12213536.974222222,0.0005286936940836,0.0001298311111111,0.0011822977777777,4.2186666666666674e-05,4.571555555555555e-05,8.132323809523048e-05,0.004133109130959682,0.4970242666666666,1.6139538666666668,4.894020888888889,9.164908355555555,0.3061821777777778,2.119047511111112,1.8609525777777776,0.0012582222222222,0.3146264888888889,5.824706933333333,0.0011373333333333,0.5326309777777778,1.2225700444444445,0.0918467111111111,0.1755420444444444,0.0001039555555555,0.0037592444444444002,0.0620021777777777,0.0262406666666666,0.0009947111111111,0.0287641777777777,0.1674629333333333,0.0425331555555555,0.0101966666666666,0.0018589777777777,4.505625,0.214875,0.09699408043937251,0.00425,0.0,0.073375,0.44,0.205125,0.071375,0.009375,0.09222999999999999,0.013646420880232062,1.7130987495939465,0.33630836543635767,0.14676250000000002,0.0073750000000000005,0.36612747577855687,0.0065602732963135554,0.33435171509427686,0.07800033833343065,0.1360296714958857,2.1009,0.10399611892028679,0.11851952617775566,0.03882520230580295,0.016,0.045051940906946086,0.02375,0.60636875,3.4206865987299,0.0010434261482392426,0.0115,0.037400389423896646,2.3206293196749863,0.012875000000000001,0.07963571428571428,0.4137336914771904,0.01575,0.04660849661289315,2.0449734160184203,0.0018582136304984044,0.004629497942918946,0.01558371533968491,0.02,0.030500000000000003,0.00175,0.004287761360546063,0.007,0.008625,0.050244964359657376,0.06019032470436779,0.07865488689052547,0.03614999999999995,0.0011388308992822112,0.3350300320353549,0.27983796250712334,0.004952014485565907,0.0166388622222222,0.0406661066666666,0.3068386266666666,0.0091518577777777,0.0006456,0.8084313155555556,74700.0,74759.0,873.1684177777777,32.001933333333334,596.5116711111111,117.35541777777777,6.257328888888889,0.15948444444444443,0.039808888888888894,30.800280986666667,29.55588831111111,28.804690497777777,29.271250066666667,29.297665382222224,28.962809173333333,28.46413501333333,28.60136432888889,28.19165578666667,28.34133106666667,28.860896328888888,30.608698524444442,31.54045537777778,31.52530272,28.276835653333332,109.06336278222221,35.407372262222225,7.571278995555556,2.3023522933333336,0.35281378222222226,0.24423585333333334,0.10954942666666666,0.07404562666666667,0.05370624888888889,0.03368329777777778,0.02991039555555556,0.016996813333333336,0.01945011111111111,0.01763863111111111,0.019856226666666664,0.025919248888888892,0.017311919999999998,0.01704976,0.009225679999999998,0.009921031111111112,0.012668208888888888,5.196238664213623,12044016.633670665,1925.8308850287947,0.33433749999999995,0.1508820481015878,0.00882,0.02719375,0.9377058897908341,0.024913888888888826,0.040128125,0.04939375,0.0001039555555555,0.13704375000000002,0.0,0.012416666666666624,0.0,0.07280624999999999,0.38066071428571424,0.022202777777777724,0.0,5.155369137006457,0.1095116493689439,0.0,0.07785357142857141,0.016299999999999974,0.15091666666666664,0.15806666666666663,0.29494583333333335,0.43518333333333326,0.5393958333333333,0.055799999999999995,0.095805,0.024384375,0.622475,0.036445833333333275,2.1416416666666667,0.076995,0.04254642857142855,1.73636875,1.6595550000000001,0.025059999999999926,0.041955,2.571055,0.019424999999999998,0.015825,0.5054449999999999,0.07718214285714282,0.09601071428571428,0.063225,0.026325,0.056914285714285646,0.1296833333333333,0.06342499999999995,0.021204166666666625,0.0060843749999999995,0.0,0.0,,,,0.006477500000000001,0.016,0.5153100624881318,2.9003776010213898,3.2913370925607506,69.05904354689083,1348.6666,1553.0787,0.9899383679501493,2024-07-21 20:45:00
2024-07-21 15:00:00,74.92711111111112,1.0,0.016861919047619,0.5074705161904762,0.0035866406349206,0.064636072063492,2.05523415936508,0.008813513333333333,0.010330177777777779,0.031096222222222223,2.950208888888889e-22,3.147164444444445e-05,4.664102222222223e-05,0.00045969866666666667,1.4210253333333334e-22,4.6813022222222225e-05,0.002240328888888889,0.00145756,5.709431111111111e-07,0.11025822222222222,0.008924502222222222,0.021207066666666666,0.17038888888888887,4.130888888888889e-05,3.079231111111111e-05,0.163,1309.0746666666666,358.93364444444444,0.049466666666666666,358.93364444444444,40.73434,-111.87211,313.33666666666664,14.735555555555555,876.588,105.32031111111111,0.8177777777777777,423423.02222222224,1986.0582222222224,180.436,12354724.705333332,0.000535773015873,0.0001285263492063,0.0010716774603174,3.557238095238095e-05,6.738698412698412e-05,7.268177777777397e-05,0.004183430836929449,0.4823416888888889,1.7356305333333335,4.885949777777777,9.247287466666666,0.3030579111111111,2.8934039555555557,2.124523111111111,0.0019697777777777,0.3491346666666667,6.169170577777778,0.0014307555555555,0.4908743111111111,1.0326321777777778,0.1559126666666666,0.2950316,0.0046254666666666,0.0035323111111111,0.1165819555555555,0.0476917777777777,0.0005424,0.0310547555555555,0.1500898222222222,0.0556654222222222,0.0063585333333333,0.002906,4.5105,0.2215,0.17818402600094174,0.005,0.0,0.0735,0.442,0.21050000000000002,0.0715,0.0095,0.11664,0.02556841897604454,2.060084878280446,0.20701903939444563,0.12235,0.0075,0.24183663437140918,0.005648218637050844,0.28023556650664916,0.09600045111124086,0.16703956199451428,2.6305333333333336,0.10999482522704906,0.2085887563853098,0.018100269741070603,0.015,0.05740258787592811,0.029,0.755825,4.442248798306534,0.0012347409185913942,0.012,0.06983048131756935,2.957839092899982,0.0145,0.0965142857142857,0.5163115886362539,0.018000000000000002,0.056811328817190865,2.63529788802456,0.00477443346484404,0.0047035983543351565,0.029543463684670836,0.024,0.037000000000000005,0.002,0.01541051723693498,0.007,0.0095,0.0629932858128765,0.07725376627249038,0.08887318252070062,0.0448666666666666,0.0038654503266115493,0.4263733760471399,0.35645061667616446,0.012851319200266016,0.0159369133333333,0.0327915047619047,0.261510633015873,0.009284578095238,0.0006816892063492,0.8962291860317461,75600.0,75659.0,873.0187244444444,32.03232,606.4619200000001,119.15597333333334,6.344875555555556,0.1593511111111111,0.04035555555555556,31.146382893333335,30.023652902222224,29.247463933333332,29.68351352,29.99314640444445,29.45659125777778,28.98078391111111,29.004271515555555,28.727052373333333,28.717882733333333,29.298956835555554,31.305273213333333,32.253331044444444,32.34482279111111,28.994554115555555,110.51385083111111,35.741500835555556,7.623148684444445,2.3360033155555557,0.3434161333333333,0.24328509777777776,0.11045441333333333,0.08116847555555555,0.055132280000000006,0.035437271111111106,0.03217612,0.019525720000000003,0.019892484444444445,0.01724701333333333,0.02312328888888889,0.023354342222222223,0.01772508444444444,0.01708928888888889,0.007801928888888889,0.008104973333333333,0.01475720888888889,5.53911831571342,12183244.720142374,1934.8127041172374,0.3505,0.12235,0.01176,0.0298625,2.33375,0.0221555555555555,0.042675,0.0505,0.0046254666666666,0.1595,0.0,0.0132333333333333,0.0,0.097075,0.4331571428571428,0.0224444444444444,0.0,5.483003975767789,0.20055,0.0,0.0965142857142857,0.0217333333333333,0.18455,0.173,0.3599,0.5274333333333333,0.6595666666666666,0.065425,0.11664,0.0325125,0.755825,0.0448666666666666,2.6305333333333336,0.09158,0.0567285714285714,2.100975,2.01118,0.0288399999999999,0.04684,3.1833,0.0259,0.0211,0.29666,0.0978285714285714,0.1162142857142857,0.0843,0.0351,0.0758857142857142,0.1606166666666666,0.0845666666666666,0.0231333333333333,0.0081125,0.0,0.0,,,,0.0,0.015,0.4,3.7,2.5,68.0,1417.6666,1550.4738,0.98756357653063,2024-07-21 21:00:00
2024-07-21 15:15:00,74.57555555555555,1.0,0.0155784758730158,0.4889930628571429,0.004082805079365,0.0690389238095238,2.0805077492063493,0.008751589333333334,0.0102468,0.030916177777777776,1.4395364444444445e-22,3.07104e-05,4.5825199999999996e-05,0.00045168355555555553,6.864924444444444e-23,4.467982222222222e-05,0.0022093777777777777,0.0014399822222222222,5.517786666666667e-07,0.10982,0.008827342222222222,0.02114182222222222,0.16976311111111111,4.047048888888889e-05,2.9329955555555556e-05,0.163,1309.1115555555555,358.9816,0.047155555555555555,358.9816,40.73434,-111.87211,313.3171111111111,14.55511111111111,876.4404444444444,105.9204,0.7408888888888889,423146.4888888889,1991.1622222222225,176.02622222222223,12221904.653333332,0.0007267123809523,0.0001184333333333,0.0010807666666666,5.339650793650794e-05,0.0001111288888888,6.404031746031746e-05,0.0042337525428992155,0.2144834666666666,1.1375201333333331,3.6933671111111113,9.358774756166056,0.3100021147741147,3.3106074297036296,1.9395735695970693,0.0028903748473748,0.3692356645909646,6.307757236019537,0.0033344245421245,0.547919457120657,1.0125912007326008,0.1636826593406593,0.2827024567765567,0.0005923218559218,0.0032119222222222,0.0874985897435897,0.0366914792429792,0.0004819726495726,0.0304582975579975,0.2024276498168498,0.0628963814407814,0.00683143003663,0.0035924985347985,4.515375,0.228125,0.12871307734798643,0.00575,0.0,0.073625,0.444,0.215875,0.071625,0.009625,0.10998,0.019215666254298464,1.9922978653792995,0.33412751066819824,0.1452625,0.007625,0.3088774757785569,0.004736163977788133,0.2745255913939911,0.08800033833343066,0.1632796714958857,2.3989000000000003,0.1167461189202868,0.1992952542537539,0.021575202305802954,0.013999999999999999,0.05655194090694608,0.03425,0.70236875,3.9469365987299003,0.0014260556889435455,0.0125,0.052549791211070514,2.5846293196749865,0.016125,0.09163571428571428,0.46748369147719043,0.02025,0.05185849661289315,2.35222341601842,0.0032789729917365932,0.004777698765751367,0.022104875909300457,0.028,0.0435,0.0022500000000000003,0.009706680520216539,0.007,0.010374999999999999,0.06499496435965738,0.07944032470436778,0.08440488689052546,0.04339999999999995,0.0024672184338184453,0.3892800320353549,0.33133796250712333,0.009771634859829424,0.0142451212698412,0.0300149771428571,0.2489516885714285,0.0088252431746031,0.0007289638095238,0.692288926984127,76500.0,76559.0,872.8652488888889,32.43958666666666,602.3581422222221,118.10533333333333,6.2688,0.15888888888888889,0.03964444444444445,29.984064564444445,29.140742013333334,28.655802324444444,29.262411084444448,29.855313915555556,29.427592675555555,28.839283066666667,29.019041044444446,28.64656529777778,28.906416288888888,29.555207062222223,31.412407675555553,32.75554010222222,32.995765382222224,29.20076232888889,109.1745962488889,34.84848011555555,7.348207266666666,2.2671429644444445,0.34397681333333335,0.23947902666666668,0.11867990666666667,0.07033290666666667,0.05200837333333333,0.04091660888888889,0.03176924444444444,0.023128075555555558,0.019456737777777778,0.01835611111111111,0.01928003111111111,0.023068986666666666,0.015517964444444445,0.01271296,0.0077139466666666665,0.00948864888888889,0.01689492888888889,5.236051884907919,12052268.17182969,1939.8905956355595,0.3411375,0.1501231024168813,0.0109725,0.02694375,0.9775094029432552,0.016616666666666627,0.039959375,0.0497875,0.0005923218559218,0.1500125,0.0,0.009924999999999976,0.0,0.08123125,0.39497499999999997,0.02146388888888885,0.0,5.193412217386666,0.10891779557636598,0.0,0.08836071428571428,0.018955555555555524,0.17619583333333333,0.17505833333333332,0.3385583333333333,0.4891041666666666,0.6181625,0.0662875,0.10710499999999999,0.028874999999999998,0.713325,0.0425541666666666,2.419216666666667,0.092755,0.0520035714285714,1.97105625,1.867365,0.03175499999999992,0.0519,2.993925,0.03060625,0.0259625,0.320635,0.08687142857142856,0.1058285714285714,0.07824642857142855,0.026325,0.06814285714285707,0.15053749999999996,0.07653749999999995,0.0258833333333333,0.0060843749999999995,0.0,0.0,,,,0.0,0.013999999999999999,0.3481765451501829,2.425340639351983,2.39170696837115,70.03514646815776,1562.6666,1546.4313,0.991418380869138,2024-07-21 21:15:00
2024-07-21 15:30:00,75.05624173974174,1.0,0.0113771688888888,0.4636227777777778,0.00373124,0.0680272266666666,1.980087293333333,0.008657204888888888,0.01014648888888889,0.030692755555555555,6.406208888888889e-23,2.982431111111111e-05,4.48612e-05,0.00044226,3.0069288888888886e-23,4.227893333333333e-05,0.002172542222222222,0.0014189733333333334,5.298622222222222e-07,0.1092488888888889,0.008710426666666667,0.021058755555555555,0.16897644444444446,3.949297777777778e-05,2.7688799999999998e-05,0.163,1308.8337777777779,355.90355555555556,0.044577777777777786,355.90355555555556,40.73434,-111.87211,313.81666666666666,14.312888888888889,876.3124444444444,100.4256,1.0106666666666666,423404.4444444445,1992.8875555555555,176.1977777777778,12004431.20622222,0.0007252533333333,6.950222222222222e-05,0.0010410844444444,4.919111111111111e-05,0.0001071911111111,7.682666666666667e-05,0.004284074248868982,0.2336905333333333,1.2130426222222224,3.5861871111111108,8.703167099110148,0.3100609493506494,3.304942939417989,1.9370971246993745,0.0025223387445887,0.3543699917508417,6.197706376142377,0.0026014883116883,0.5794550328042328,0.912114515055315,0.1601161672919673,0.3185984581289081,0.0005986398508898,0.00315863016428015,0.1066850271043771,0.0434279348244348,0.0006296706552706,0.0321878139730639,0.1915746953823953,0.0725798101010101,0.0053513675805675,0.0032509757094757,4.52025,0.23475000000000001,0.12713830102700616,0.006500000000000001,0.0,0.07375,0.446,0.22125,0.07175,0.00975,0.10332,0.023406608009540725,2.02638444485153,0.33491942970912914,0.168175,0.00775,0.37591831718570456,0.003824109318525422,0.24589827580322055,0.08000022555562043,0.15951978099725714,2.167266666666667,0.12349741261352454,0.22635306022100765,0.025050134870535302,0.013,0.05570129393796405,0.0395,0.6489125,3.4516243991532667,0.001617370459295697,0.013000000000000001,0.0639499462145573,2.211419546449991,0.017750000000000002,0.08675714285714285,0.41865579431812694,0.0225,0.046905664408595435,2.06914894401228,0.004194775687367293,0.004851799177167578,0.02701214831125,0.032,0.05,0.0025,0.013199644148839836,0.007,0.01125,0.06699664290643825,0.08162688313624519,0.0799365912603503,0.0419333333333333,0.0033234794715147164,0.35218668802356995,0.30622530833808226,0.012878298416718139,0.01341256,0.0264310577777777,0.2372670044444444,0.0085993466666666,0.0006247466666666,0.7215227111111111,77400.0,77459.0,872.7277777777778,32.52023555555556,607.9717733333333,118.63863555555555,6.288511111111111,0.15864444444444445,0.03957777777777778,30.429200697777777,29.54138463111111,29.07925036,29.548175235555554,30.154321191111112,29.74760490222222,29.176097444444444,29.49173235111111,29.14040567111111,29.254701497777777,29.964131306666665,32.04125748888889,33.32754028888889,33.55283099555556,29.768094342222224,108.70027042666668,34.45021496444444,7.268238013333333,2.293500088888889,0.3434573644444444,0.22083134666666665,0.1066037511111111,0.06970020444444444,0.051265835555555556,0.04018426666666666,0.03327150222222222,0.024047342222222223,0.01834375111111111,0.021127964444444442,0.02502264,0.02524824888888889,0.015817933333333332,0.015902586666666666,0.007433400000000001,0.010118244444444445,0.014435871111111111,5.093193284657076,11837813.19290621,1941.6071033745113,0.331775,0.1503986932299544,0.010185,0.024024999999999998,1.0016872773897916,0.01107777777777775,0.03724375,0.049075,0.0005986398508898,0.140525,0.0,0.00661666666666665,0.0,0.0653875,0.35679285714285713,0.020483333333333298,0.0,5.0569052702577775,0.1091334376873115,0.0,0.08020714285714285,0.01617777777777775,0.16784166666666664,0.17711666666666664,0.31721666666666665,0.4507749999999999,0.5767583333333333,0.06715,0.09756999999999999,0.0252375,0.670825,0.040241666666666606,2.2079000000000004,0.09393,0.0472785714285714,1.8411374999999999,1.72355,0.03466999999999995,0.05696,2.80455,0.0353125,0.030825,0.34460999999999997,0.0759142857142857,0.09544285714285711,0.0721928571428571,0.01755,0.06039999999999995,0.1404583333333333,0.0685083333333333,0.028633333333333302,0.00405625,0.0,0.0,,,,0.0,0.013,0.35953824799007184,2.500641717234286,2.311398757548623,70.4790901915988,1707.6666,1542.3027,0.993889877061769,2024-07-21 21:30:00
2024-07-21 15:45:00,73.5190476190476,1.0,0.0144118711111111,0.4023234755555556,0.0032743511111111,0.0580539866666666,1.976765044444445,0.008545602666666667,0.010022186666666665,0.030414888888888887,2.638333333333333e-23,2.8789466666666666e-05,4.3716933333333335e-05,0.00043110577777777777,1.2083831111111109e-23,3.959435555555556e-05,0.0021284444444444445,0.0013936133333333335,5.048711111111111e-07,0.10852622222222223,0.00856909777777778,0.020950266666666665,0.16795022222222222,3.834591111111111e-05,2.586031111111111e-05,0.163,1308.535111111111,314.9045777777778,0.04297777777777778,314.9045777777778,40.73434,-111.87211,313.5948888888889,14.284444444444444,876.1715555555555,103.74328888888888,0.712,423163.7333333334,1989.8111111111111,176.89022222222223,12017286.20577778,0.0009438444444444,7.708444444444446e-05,0.0011855688888888,5.74e-05,0.0001216666666666,0.0001111511111111,0.004334395954838749,0.4939147111111111,1.7020259555555557,4.474286222222222,8.64813221126651,0.2999544965108965,3.241535897990898,1.986586153146853,0.0020035458134458,0.3527615487290487,6.057431628079328,0.0027979069301069,0.5573891345395345,0.8365368858548858,0.1327267728604728,0.3046913154993155,0.0014665703592703,0.0031053381063381,0.1030976667073667,0.0422567229474229,0.0007773686609686,0.0318765756724756,0.2028093254005254,0.0751294568357568,0.0026486615865615,0.0037367989713989,4.525125,0.241375,0.11504457722001624,0.00725,0.0,0.073875,0.448,0.22662500000000002,0.071875,0.009875,0.09666,0.022623011857935204,1.9656046140666703,0.33811582832511444,0.1910875,0.007875,0.4429591585928523,0.002912054659262711,0.22436507505979641,0.07200011277781021,0.15575989049862857,1.9356333333333333,0.13024870630676227,0.21587008850678385,0.02852506743526765,0.012,0.05485064696898203,0.044750000000000005,0.59545625,2.9563121995766335,0.0018086852296478485,0.0135,0.06181841633174167,1.8382097732249956,0.019375000000000003,0.08187857142857143,0.3698278971590635,0.02475,0.04195283220429771,1.78607447200614,0.00403555263881415,0.004925899588583789,0.02609461712288698,0.036000000000000004,0.05650000000000001,0.00275,0.01259235142073575,0.007,0.012125,0.06899832145321912,0.08381344156812259,0.07546829563017515,0.04046666666666665,0.0031746084391081303,0.315093344011785,0.28111265416904113,0.012338168490570556,0.0119424488888888,0.0238485822222222,0.2170779822222222,0.0078365155555555,0.00054672,0.6481223377777777,78300.0,78359.0,872.5586488888889,32.81676888888889,629.6359244444444,121.44178222222222,6.385871111111111,0.1574177777777778,0.03992888888888889,31.940442751111114,31.18285385777778,30.73268790222222,31.18416008888889,31.507315551111112,31.338855524444444,30.748365200000002,30.781153933333332,30.298881444444444,30.58579527111111,31.16818563111111,33.305449466666666,34.65397387555556,34.53381332,30.60673811111111,110.22171396888889,34.206226666666666,7.299748191111111,2.27619964,0.35018350666666664,0.22914174222222222,0.1108210711111111,0.07452706222222223,0.05099640888888889,0.041335284444444446,0.03194390222222222,0.023074542222222223,0.020110124444444443,0.01654108888888889,0.02679648888888889,0.02383131111111111,0.014350408888888888,0.015599915555555557,0.010213431111111112,0.009740568888888888,0.014134462222222222,4.934548134787149,11850489.768807178,1938.5463958605942,0.3224125,0.1515110520039645,0.0093975,0.02110625,0.9791257046808965,0.0055388888888888745,0.034528125,0.0483625,0.0014665703592703,0.1310375,0.0,0.0033083333333333246,0.0,0.049543750000000004,0.31861071428571425,0.01950277777777775,0.0,4.905313661159529,0.11000382734755267,0.0,0.07205357142857143,0.013399999999999974,0.15948749999999995,0.17917499999999997,0.295875,0.4124458333333333,0.5353541666666666,0.0680125,0.088035,0.0216,0.628325,0.037929166666666604,1.9965833333333336,0.095105,0.0425535714285714,1.71121875,1.5797350000000001,0.03758499999999998,0.06202,2.6151750000000002,0.04001875,0.035687500000000004,0.368585,0.06495714285714285,0.0850571428571428,0.06613928571428565,0.008774999999999998,0.05265714285714282,0.13037916666666666,0.060479166666666646,0.031383333333333305,0.0020281250000000004,0.0,0.0,,,,0.0,0.012,0.513470643341029,2.988191486954576,2.9768368117230026,69.05939538021579,1852.6666,1537.4646,0.9972581581258132,2024-07-21 21:45:00
2024-07-21 16:00:00,68.0026972173126,1.0,0.0184318355555555,0.3114306666666667,0.0030623911111111,0.04062892,1.889568808888889,0.008372374222222223,0.009878626666666666,0.030088755555555558,1.109668e-23,2.765071111111111e-05,4.244093333333333e-05,0.00041864844444444444,4.86792e-24,3.672817777777778e-05,0.0020786755555555554,0.0013647688888888889,4.778182222222222e-07,0.10766888888888888,0.008407768888888889,0.020818666666666666,0.16673466666666667,3.7077600000000006e-05,2.3909199999999998e-05,0.163,1308.9555555555555,327.5427555555555,0.042711111111111116,327.5427555555555,40.73434,-111.87211,314.14688888888884,13.266666666666667,876.0128888888888,130.00506666666666,0.5475555555555556,423506.2222222223,1983.234222222222,178.712,11022019.385777775,0.0008658666666666,8.483555555555555e-05,0.0011896888888888,4.259555555555556e-05,8.280000000000001e-05,6.90311111111111e-05,0.004384717660808517,1.118443466666667,2.789632711111111,6.04240888888889,8.248290888888889,0.3004533777777778,2.919967866666666,1.8318652444444443,0.0021505333333333,0.3189613333333333,5.789452844444444,0.005014,0.5412168888888889,0.6997849333333334,0.1217230666666666,0.2688064444444444,0.0034340888888888,0.0006641333333333,0.0937882666666666,0.0410707555555555,0.0009250666666666,0.0264270222222222,0.1671466666666666,0.042192,0.0044612888888888,0.0029080444444444,4.53,0.248,0.171,0.008,0.0,0.074,0.45,0.232,0.072,0.01,0.09,0.021,1.682,0.324,0.214,0.008,0.51,0.002,0.205,0.064,0.152,1.704,0.137,0.216,0.032,0.011,0.054,0.05,0.542,2.461,0.002,0.014,0.066,1.465,0.021,0.077,0.321,0.027,0.037,1.503,0.004,0.005,0.025,0.04,0.063,0.003,0.012,0.007,0.013,0.071,0.086,0.071,0.039,0.003,0.278,0.256,0.012,0.0096804577777777,0.0198343333333333,0.2108464088888889,0.0071154799999999,0.0005313422222222,0.6191176355555555,79200.0,79259.0,872.3730577777777,33.216835555555555,647.8944577777778,125.33234222222222,6.585924444444444,0.1572711111111111,0.04112444444444444,31.190699128888888,30.63220298222222,30.84756624,31.559540942222224,32.213339302222224,32.156557453333335,31.802804515555557,31.795695173333336,31.515257293333335,31.789021373333338,32.740164551111114,34.96706506666667,36.53654486666667,36.59585063555555,31.939309733333335,113.79908797777779,34.90174408888889,7.485612808888889,2.3395135377777776,0.3681658088888889,0.23930003555555557,0.10384412888888889,0.07524269333333332,0.055110853333333334,0.03851068888888889,0.03292068,0.023286671111111112,0.01798167111111111,0.01482752,0.021622124444444446,0.02859011111111111,0.016571733333333335,0.018242195555555556,0.008391275555555555,0.008382893333333334,0.01588476,4.330046456676265,10869036.962767435,1932.0031497191683,0.31305,0.1244,0.00861,0.0181875,1.8611,0.0,0.0318125,0.04765,0.0034340888888888,0.12155,0.0,0.0,0.0,0.0337,0.2804285714285714,0.0185222222222222,0.0,4.327688803654879,0.1538,0.0,0.0639,0.0106222222222222,0.1511333333333333,0.1812333333333333,0.2745333333333333,0.3741166666666666,0.4939499999999999,0.068875,0.0785,0.0179625,0.585825,0.0356166666666666,1.7852666666666668,0.09628,0.0378285714285714,1.5813,1.43592,0.0405,0.06708,2.4258,0.044725,0.04055,0.39256,0.054,0.0746714285714285,0.0600857142857142,0.0,0.0449142857142857,0.1203,0.05245,0.0341333333333333,0.0,0.0,0.0,,,,0.0,0.011,0.1,3.1,2.2,62.0,1886.8334,1531.817,0.9957902426750287,2024-07-21 22:00:00
2024-07-21 16:15:00,67.1623492063492,1.0,0.013357826031746,0.230685685079365,0.0026268685714285,0.0248621142857142,1.798172385714286,0.008139658666666666,0.009712608888888889,0.02970288888888889,5.051542222222222e-24,2.6405066666666666e-05,4.101377777777777e-05,0.0004047902222222222,2.0945955555555556e-24,3.376151111111111e-05,0.002022462222222222,0.0013320933333333333,4.4904844444444447e-07,0.10663377777777777,0.008223173333333333,0.02065991111111111,0.16526088888888887,3.5680355555555556e-05,2.1898444444444443e-05,0.163,1308.3955555555556,204.77662222222222,0.044577777777777786,204.77662222222222,40.73434,-111.87211,313.7411111111111,13.02888888888889,875.8586666666666,107.74777777777778,0.6284444444444444,422496.1777777778,1979.9431111111112,174.54577777777777,10576714.691111112,0.0008140495238095,0.0001157977777777,0.0011263546031746,3.87415873015873e-05,5.315873015873017e-05,3.566444444444444e-05,0.004435039366778284,0.9595172,2.0950154666666667,5.172688888888889,8.198645555555554,0.3034651111111111,2.3472663111111114,1.7991893333333333,0.0025428888888888,0.2873167111111111,5.518261155555555,0.0072492,0.5142048888888888,0.5965167555555555,0.1376953333333333,0.2354838666666666,0.0035074666666666,0.0045593333333333,0.0959326222222222,0.0416444,0.0025214222222222,0.0273308888888888,0.1702644,0.0556776,0.0032877777777777,0.0025535555555555,4.5992500000000005,0.249,0.11723843361313196,0.0075,0.0,0.074,0.448375,0.22675,0.072125,0.009875,0.072635,0.0210579331752022,1.7706472920620158,0.3272936186336366,0.19546249999999998,0.008125,0.4589910150899684,0.0020941910725648253,0.15597973798482842,0.04968623550201906,0.12228665627943053,1.4249083333333332,0.11137799371031497,0.16370267009097775,0.02852506743526765,0.011,0.05170348129631512,0.046,0.472125,2.047743964707353,0.001875,0.0135,0.05756110601396138,1.250296532463898,0.020125,0.06287499999999997,0.2597456688131752,0.024625,0.03047113255364515,1.2161371077400671,0.003952309010311629,0.004977175913313211,0.02426202963415648,0.03675,0.058499999999999996,0.002875,0.012274851845705897,0.007,0.01175,0.05965291617196154,0.06989219454096068,0.0588061270479277,0.03165833333333332,0.0030967769628925204,0.22923512259265283,0.20761108728940292,0.012055782395568,0.0072746793650793,0.0160789368253968,0.1832046580952381,0.0064104482539682,0.0004399726984126,0.4811830707936507,80100.0,80159.0,872.21388,33.22367555555556,665.2382799999999,129.21447555555557,6.7565511111111105,0.15652444444444444,0.04237777777777777,30.024927044444443,30.092182795555555,30.645313155555552,31.860075697777777,32.83480355555555,32.95319495111111,32.58052612444445,32.87789164888889,32.69871780444444,33.23274151555555,34.105200768888885,36.460863280000005,38.34832506222222,38.25204695555556,33.432253280000005,117.67001295555556,36.12259033333333,7.53541684,2.4191895288888885,0.37084847555555556,0.24774501333333332,0.10799309777777778,0.07360928888888889,0.05148241333333334,0.04459171111111111,0.032239533333333334,0.021699915555555557,0.019077511111111112,0.01616428,0.017491746666666665,0.022876911111111113,0.013718546666666666,0.01521188888888889,0.009493764444444445,0.011583315555555555,0.016103506666666666,3.6434245037507376,10429912.967733353,1928.7288736225844,0.29335,0.14774488221391105,0.0064575,0.015828125,0.9165564982393093,0.0,0.023859375000000002,0.0470625,0.0035074666666666,0.0994,0.0,0.0,0.0,0.029309375,0.24381428571428568,0.01389166666666665,0.0,3.6715948305866655,0.1070569047174036,0.0,0.05304999999999997,0.00796666666666665,0.12146249999999997,0.16541666666666663,0.22849999999999998,0.3072208333333333,0.41098333333333326,0.0619875,0.06401,0.013471875,0.50499375,0.029120833333333276,1.4858583333333333,0.08356000000000001,0.028371428571428547,1.33918125,1.1916950000000002,0.034755,0.058185,2.0324,0.0386,0.0362625,0.387495,0.0405,0.056003571428571375,0.045064285714285654,0.0,0.03612499999999998,0.10057916666666665,0.0393375,0.029104166666666625,0.0,0.0,0.0,,,,0.0,0.011,0.788892039646636,3.3800288617349947,3.500138440699321,63.18858724184003,1794.3334,1525.124,0.9898439856146368,2024-07-21 22:15:00
2024-07-21 16:30:00,66.50888888888889,1.0,0.0103595923809523,0.2041169799999999,0.0025793539682539,0.0201740038095238,1.844282667619048,0.007902091111111112,0.009521759999999999,0.02925417777777778,2.5634444444444442e-24,2.50488e-05,3.943222222222222e-05,0.00038942622222222224,1.0025182222222222e-24,3.068213333333333e-05,0.0019593777777777775,0.0012949422222222223,4.184791111111111e-07,0.10541422222222223,0.008013746666666667,0.020467955555555552,0.16349555555555556,3.414711111111111e-05,1.982035555555556e-05,0.163,1308.0444444444443,214.32413333333335,0.04751111111111111,214.32413333333335,40.7343384,-111.87211,313.29355555555554,13.391555555555556,875.7057777777777,123.70004444444444,0.7848888888888889,422406.5333333334,1979.7097777777776,176.2391111111111,10829701.463111112,0.000831539047619,8.778857142857142e-05,0.0011889892063492,5.35015873015873e-05,6.113111111111111e-05,2.2977777777777783e-06,0.004485361072748051,0.5281239555555556,1.5812668,3.771976444444445,8.47458728888889,0.3001519555555555,2.161405022222222,1.7794653777777778,0.0033636444444444,0.2791548444444444,5.432712711111111,0.0045113777777777,0.5658278666666666,0.6186048,0.1376185777777777,0.2259293333333333,0.0064190222222222,0.0046656444444444,0.0861873777777777,0.0397077777777777,0.0018189333333333,0.0245134222222222,0.2237764888888888,0.0579309777777777,0.0021759111111111,0.0023476888888888,4.6685,0.25,0.11720454237497906,0.007,0.0,0.074,0.44675,0.2215,0.07225,0.00975,0.05527,0.018929254927684706,1.7660374378057213,0.3351102288562964,0.176925,0.00825,0.4079820301799368,0.00218838214512965,0.16227295331962746,0.03537247100403813,0.09257331255886107,1.1458166666666667,0.08575598742062993,0.15650062252853925,0.025050134870535302,0.011,0.04940696259263024,0.042,0.40225,1.6344879294147068,0.00175,0.013000000000000001,0.05177069817927954,1.0355930649277958,0.01925,0.048749999999999946,0.1984913376263504,0.02225,0.023942265107290295,0.9292742154801342,0.0036890305205948943,0.004954351826626423,0.02176951014170434,0.0335,0.054,0.00275,0.011270681195011213,0.007,0.010499999999999999,0.04830583234392309,0.053784389081921374,0.04661225409585542,0.02431666666666665,0.0028506157385551054,0.18047024518530566,0.15922217457880583,0.011162666778833121,0.0068898025396825,0.0166420396825396,0.2102881409523809,0.0061732765079365,0.0004237838095238,0.4342388853968253,81000.0,81059.0,872.05896,33.26328888888889,674.1155777777778,130.89063555555555,6.836217777777778,0.15630666666666668,0.042951111111111114,29.520758973333333,30.20674537777778,30.732890031111115,32.121733666666664,33.344532368888885,33.49748003111111,33.180328404444445,33.50425612,33.29712802666667,33.92097344444444,34.83219977333333,37.28591445777777,39.0725662,39.155772204444446,34.14645518222222,118.84899630666668,36.29008508444444,7.594146808888889,2.4522287244444447,0.3830473022222222,0.24897517333333333,0.10948853333333333,0.07582847999999999,0.051850693333333336,0.03980194666666667,0.027439737777777775,0.025702906666666667,0.017331377777777778,0.01866264888888889,0.02194495111111111,0.027669879999999997,0.016951386666666665,0.011584506666666666,0.010023804444444446,0.009830337777777778,0.01420636,3.599279488918487,10679388.356926309,1928.4967338588156,0.27365,0.1504650920527932,0.004305,0.01346875,0.908154228639269,0.0,0.01590625,0.046475,0.0064190222222222,0.07725,0.0,0.0,0.0,0.02491875,0.20719999999999994,0.0092611111111111,0.0,3.62941255248,0.10918539291093306,0.0,0.042199999999999946,0.0053111111111111,0.09179166666666665,0.14959999999999996,0.18246666666666664,0.24032499999999996,0.3280166666666666,0.0551,0.04952,0.00898125,0.4241625,0.02262499999999995,1.18645,0.07084,0.0189142857142857,1.0970624999999998,0.94747,0.02901,0.04929,1.6390000000000002,0.032475000000000004,0.031975,0.38242999999999994,0.027,0.03733571428571425,0.0300428571428571,0.0,0.027335714285714248,0.08085833333333331,0.026225,0.02407499999999995,0.0,0.0,0.0,,,,0.0,0.011,0.5337066989813956,2.867786363775065,2.4506076486655304,62.585075811725936,1701.8334,1517.0234,0.986066997098874,2024-07-21 22:30:00
2024-07-21 16:45:00,66.31466666666667,1.0,0.0064011034920634,0.1830229088888889,0.0022032952380952,0.0168151171428571,1.8100859907936508,0.007735607111111111,0.009296933333333333,0.028716088888888887,1.4292355555555555e-24,2.3553866666666665e-05,3.7647422222222226e-05,0.0003721475555555555,5.32056e-25,2.74872e-05,0.001887328888888889,0.0012522622222222223,3.8579733333333334e-07,0.10392666666666667,0.007770951111111111,0.02023222222222222,0.1613413333333333,3.244408888888889e-05,1.7674133333333334e-05,0.163,1308.9835555555555,324.3258222222222,0.051555555555555556,324.3258222222222,40.7343312,-111.87211,312.9091111111111,13.052888888888889,875.5662222222222,99.17822222222222,0.7226666666666667,422809.06666666665,1974.0031111111116,175.20844444444444,10269987.584,0.0009236742857142,0.0001089507936507,0.0012657742857142,6.17e-05,5.909174603174604e-05,6.594126984126984e-05,0.004535682778717819,0.2774848321012321,1.2567444387464388,2.729207508121508,7.7458505777777775,0.3022519111111111,1.8121459555555557,1.784939022222222,0.0028584888888888,0.2448640888888889,5.2316760888888885,0.0073724888888888,0.5054802666666667,0.4643320888888889,0.1153008888888888,0.1949373777777777,0.0040015999999999,0.0043064888888888,0.0673089333333333,0.0320063111111111,0.0015006666666666,0.0257715111111111,0.2209573333333333,0.0636012888888888,0.0032376888888888,0.0022938222222222,4.73775,0.251,0.10735021842825489,0.006500000000000001,0.0,0.074,0.445125,0.21625,0.072375,0.009625,0.037905,0.014805588839579003,1.6532935737089929,0.33035255979951206,0.15838750000000001,0.008375,0.35697304526990514,0.002282573217694475,0.11831834277239736,0.021058706506057193,0.06285996883829162,0.8667250000000001,0.06013398113094488,0.133139404332211,0.021575202305802954,0.011,0.047110443888945364,0.038000000000000006,0.33237500000000003,1.2212318941220603,0.0016250000000000001,0.0125,0.04055354572703566,0.8208895973916936,0.018375000000000002,0.03462499999999993,0.1372370064395256,0.019875,0.017413397660935442,0.6424113232202013,0.0026420372095933187,0.004931527739939634,0.016941012402812095,0.03025,0.0495,0.002625,0.007277343359046673,0.007,0.00925,0.03695874851588464,0.037676583622882065,0.034418381143783136,0.016974999999999976,0.0018716935501661993,0.1317053677779585,0.11083326186820874,0.007610967292564635,0.0054842282539682,0.0119196307936507,0.1393364746031746,0.0056821117460317,0.0003390879365079,0.391886253015873,81900.0,81959.0,871.89628,33.57797333333333,690.9009066666666,134.5633511111111,7.022577777777778,0.1562666666666667,0.04403111111111111,29.096001320000003,30.20024491111111,31.08849133333333,32.51035589333333,33.99293395111111,34.27913093777777,33.97778076,34.49466394666667,34.23982794222222,34.85225717777778,35.95076048888889,38.46633010222222,40.331326035555556,40.45968184444444,35.309394106666666,122.98644980888889,37.28099686666667,7.7304391866666675,2.5311795200000002,0.4042529866666667,0.24292110666666666,0.10833360888888889,0.07445197777777778,0.057289959999999994,0.033461533333333335,0.021831515555555556,0.024749484444444445,0.019408395555555555,0.023042786666666665,0.01952969777777778,0.02660178222222222,0.016763391111111112,0.017148164444444444,0.009239982222222222,0.009218991111111111,0.014336222222222222,3.05776490162612,10127443.14364874,1922.8192584935032,0.25395,0.1488094052768437,0.0021525,0.011109375000000001,0.9458832101799715,0.0,0.007953124999999998,0.0458875,0.0040015999999999,0.055099999999999996,0.0,0.0,0.0,0.020528125,0.17058571428571423,0.004630555555555551,0.0,3.1119743092993626,0.10788986427030449,0.0,0.03134999999999993,0.00265555555555555,0.06212083333333332,0.13378333333333325,0.1364333333333333,0.17342916666666663,0.24504999999999993,0.048212500000000005,0.035030000000000006,0.004490625,0.34333125000000003,0.016129166666666625,0.8870416666666666,0.058120000000000005,0.009457142857142851,0.8549437499999999,0.703245,0.023265,0.040395,1.2456,0.02635,0.0276875,0.37736499999999995,0.013499999999999998,0.018667857142857125,0.015021428571428547,0.0,0.018546428571428523,0.061137499999999956,0.0131125,0.019045833333333276,0.0,0.0,0.0,,,,0.0,0.011,0.38544422402053513,2.5442154121442826,1.6692780388744803,62.4056994548741,1609.3334,1507.0443,0.9954517793903678,2024-07-21 22:45:00
2024-07-21 17:00:00,66.19022222222222,1.0,0.0083251815873015,0.1601865012698412,0.0023415393650793,0.0112236384126984,1.7526092533333333,0.007592744444444444,0.009037555555555556,0.028084933333333333,8.64096e-25,2.194017777777778e-05,3.567564444444444e-05,0.0003530871111111111,3.109417777777778e-25,2.42592e-05,0.0018067600000000001,0.0012037333333333332,3.5168266666666667e-07,0.10213688888888889,0.007494853333333333,0.01994693333333333,0.158776,3.0587555555555556e-05,1.5517555555555556e-05,0.163,1308.9911111111112,343.1960888888889,0.0516,343.1960888888889,40.73433706666667,-111.87211,312.8602222222222,12.822222222222223,875.5004444444444,132.12342222222222,0.4986666666666667,422715.6,1970.7653333333333,172.91866666666664,10074337.589333331,0.0010036666666666,0.0001740923809523,0.0013098495238095,5.906793650793651e-05,0.0001013647619047,6.509047619047619e-05,0.0045860044846875855,0.3344167275687276,1.3299723161468162,2.952432202871204,7.494298133333333,0.298162,1.465206977777778,1.5843177777777775,0.0020214666666666,0.2134435555555555,5.088603244444444,0.0051911111111111,0.48787177777777774,0.4034746666666666,0.0827464444444444,0.1467206222222222,0.0041052444444444,0.0016328888888888,0.0584676,0.0263291999999999,0.0009611111111111,0.0212649777777777,0.2004897333333333,0.0483049333333333,0.0019745333333333,0.0018759111111111,4.807,0.252,0.0730769657720747,0.006,0.0,0.074,0.4435,0.21100000000000002,0.0725,0.0095,0.02054,0.012874354168862566,1.1881519546906243,0.07694391527590286,0.13985,0.0085,0.30596406035987356,0.0023767642902593,0.10097914990140704,0.00674494200807625,0.03314662511772216,0.5876333333333333,0.03451197484125984,0.09679441973667013,0.018100269741070603,0.011,0.044813925185260485,0.034,0.2625,0.8079758588294138,0.0015,0.012,0.035300221801277,0.6061861298555915,0.0175,0.0204999999999999,0.07598267525270082,0.0175,0.010884530214580593,0.35554843096026856,0.0018702494948100471,0.0049087036532528446,0.014679684244423731,0.027,0.045,0.0025,0.004333667358071719,0.007,0.008,0.02561166468784619,0.021568778163842756,0.022224508191710846,0.0096333333333333,0.0011500842420756187,0.08294049037061131,0.06244434915761165,0.00619066477660945,0.0050524406349206,0.0105520965079365,0.1277331768253968,0.0056167146031746,0.0003215377777777,0.410399853968254,82800.0,82859.0,871.7952133333333,35.289226666666664,686.8657377777778,133.2166488888889,6.908044444444444,0.15532,0.04336444444444444,29.30105756888889,30.05094672,30.969309057777778,32.60248656,33.80697965777778,33.9500256,33.995690466666666,34.399951182222225,34.18927229777778,34.65890784,35.67818484,38.25928110666667,40.30060853777778,40.449597106666666,35.20647686666667,121.20985843555556,36.618393573333336,7.647176684444444,2.4978250577777774,0.38112335555555554,0.23887031555555555,0.10818464888888889,0.07092324,0.05248812,0.033168920000000005,0.02498366222222222,0.023802506666666667,0.02178479111111111,0.01636684,0.019057755555555556,0.023324915555555555,0.01608248888888889,0.011714164444444446,0.007500422222222222,0.009093915555555556,0.01515072,2.937317326096232,9934508.713997742,1919.598042914351,0.23425,0.13985,0.0,0.00875,1.482,0.0,0.0,0.0453,0.0041052444444444,0.03295,0.0,0.0,0.0,0.0161375,0.1339714285714285,0.0,0.0,2.996881967670709,0.0927666666666666,0.0,0.0204999999999999,0.0,0.03245,0.1179666666666666,0.0904,0.1065333333333333,0.1620833333333333,0.041325,0.02054,0.0,0.2625,0.0096333333333333,0.5876333333333333,0.0454,0.0,0.612825,0.45902,0.01752,0.0315,0.8522000000000001,0.020225,0.0234,0.3722999999999999,0.0,0.0,0.0,0.0,0.0097571428571428,0.0414166666666666,0.0,0.0140166666666666,0.0,0.0,0.0,,,,0.0,0.011,0.41912158296550506,2.7,1.1,62.0,1607.8334,1494.6311,1.0130611109727445,2024-07-21 23:00:00
2024-07-21 17:15:00,66.41688888888889,1.0,0.0108018828571428,0.1590804092063492,0.002324145079365,0.0090585692063492,1.7372135453968256,0.007209676444444444,0.008739928888888889,0.027350622222222225,5.583822222222222e-25,2.0220044444444445e-05,3.3517200000000005e-05,0.00033224488888888886,1.9716933333333333e-25,2.1056666666666668e-05,0.0017170666666666665,0.001149231111111111,3.165577777777778e-07,0.1000456888888889,0.007182973333333333,0.019608755555555555,0.155724,2.858688888888889e-05,1.33916e-05,0.163,1309.0617777777777,358.49115555555557,0.05164444444444445,358.49115555555557,40.73434,-111.87211,312.69488888888884,12.77688888888889,875.4848888888888,133.21773333333334,0.5399999999999999,422286.93333333335,1967.926222222222,172.81155555555557,9889908.46311111,0.0010371238095238,0.0001794977777777,0.0012396307936507,4.867428571428572e-05,0.0001310841269841,8.480984126984127e-05,0.004636326190657352,0.2200797777777778,1.064532088888889,2.563164,7.634193876923077,0.2941602542124542,1.2931404186258186,1.7967298098901097,0.0013964282051282,0.2019451247863248,4.9880360147741145,0.0046273467643467,0.46663526385836385,0.3726298778998779,0.1207278313797313,0.1780240594627594,0.0058130594627594,0.0100316865689865,0.0877616544566544,0.0368333699633699,0.0010625748473748,0.0219688064713064,0.2003901317460317,0.055409583028083,0.0011399981684981,0.0020611672771672,4.87625,0.253,0.10974647234196677,0.0055,0.0,0.074,0.441875,0.20575000000000002,0.072625,0.009375,0.019905,0.01927312814102512,1.533235407525595,0.3192882608675426,0.1511375,0.008624999999999999,0.3289730452699052,0.0024709553628241253,0.09219100669778293,0.010808706506057187,0.036609968838291616,0.621475,0.04413398113094488,0.12039042762201854,0.02582520230580295,0.011,0.03786044388894536,0.030000000000000002,0.253375,0.7074818941220604,0.001375,0.0115,0.05270609842165326,0.5681395973916936,0.016625,0.023124999999999923,0.08398700643952561,0.015125,0.011413397660935444,0.3306613232202014,0.0032982626467558443,0.0048858795665660554,0.02217215938575177,0.02375,0.040499999999999994,0.002375,0.009780253205372846,0.007,0.006750000000000001,0.024208748515884643,0.020926583622882067,0.025668381143783135,0.010224999999999974,0.002485253956210321,0.07820536777795849,0.05908326186820874,0.009837070863194748,0.0046898514285714,0.0096259101587301,0.1097126698412698,0.005589579047619,0.0002788603174603,0.3971744314285714,83700.0,83759.0,871.7472666666667,36.092755555555556,691.7691377777778,133.80846666666667,6.905195555555555,0.15449333333333332,0.04352444444444444,29.44215816,30.33026265333333,31.319674226666667,32.88861380888889,34.04042480444444,34.26946926666666,34.15841158222222,34.48949045333333,34.468540884444444,35.13254604,36.0421368,38.933379546666664,40.904524853333335,41.140064235555556,35.62728362222222,120.95452482666666,36.40787596888889,7.573923271111111,2.5563524488888887,0.3813169733333333,0.25163150222222225,0.10124224444444445,0.07252142666666667,0.05528679111111111,0.03940898222222222,0.031329013333333336,0.026169204444444445,0.018752715555555556,0.014699084444444444,0.01688797333333333,0.023507413333333334,0.013285035555555555,0.014830804444444444,0.007554817777777778,0.007473386666666667,0.013517346666666668,2.7238277720556674,9752639.410401087,1916.7734547030097,0.24095,0.14495898751802708,0.0,0.010621875,0.8969442596289952,0.0,0.004721875,0.0458125,0.0058130594627594,0.045690625,0.0,0.00424166666666665,0.0,0.012103125,0.14598928571428565,0.004169444444444425,0.0,2.792884397942222,0.10487701995857109,0.0,0.015374999999999925,0.0,0.024337499999999998,0.11486666666666659,0.085475,0.10436666666666662,0.15204999999999996,0.038475,0.019565,0.0,0.2474,0.009620833333333299,0.6461416666666666,0.04292,0.0,0.57161875,0.43520499999999995,0.015870000000000002,0.03058,0.7798400000000001,0.01516875,0.02035,0.3915949999999999,0.0,0.00292142857142855,0.0,0.003309375,0.0073178571428571,0.038445833333333276,0.0,0.0133541666666666,0.0,0.0,0.0,,,,0.00195,0.011,0.3514869738037348,2.3525665756254286,1.5448643697577231,62.50010806374349,1710.3334,1479.1754,1.0037175567654126,2024-07-21 23:15:00
2024-07-21 17:30:00,67.52044444444445,1.0,0.0112328482539682,0.1615419755555555,0.0024990425396825,0.0089407457142857,1.7287531374603176,0.006822824888888889,0.00839972888888889,0.026497466666666667,3.8151644444444445e-25,1.840391111111111e-05,3.116871111111111e-05,0.0003096346666666667,1.337844e-25,1.7932800000000002e-05,0.001618,0.0010884266666666665,2.8083022222222224e-07,0.0975703111111111,0.006832457777777777,0.019204755555555557,0.15211244444444447,2.644351111111111e-05,1.1332897777777778e-05,0.163,1310.5564444444447,358.67848888888886,0.05346666666666667,358.67848888888886,40.73434,-111.87211,312.28511111111106,12.827111111111112,875.3515555555555,119.64604444444446,0.5688888888888889,422541.1111111111,1967.6426666666664,175.90622222222223,9852091.82,0.0009677241269841,0.0001815146031746,0.0011562965079365,3.273238095238095e-05,9.780984126984128e-05,0.00011432,0.00468664789662712,0.2415776888888889,1.242604,2.632351555555556,7.454978947787397,0.2964883261423761,1.1953649132275137,1.5915415977392977,0.0015789381914381,0.1812231069745069,4.8735861156084646,0.0028612213564213,0.43777086349206346,0.376294655988456,0.0909186169552669,0.1432189303270803,0.0021825529341029,0.0063500355218855,0.0691108164983165,0.0312065932659932,0.0003375931457431,0.0243458311207311,0.2009984157287157,0.0469211247715247,0.002091398051948,0.0019603514670514,4.9455,0.254,0.09658428260993401,0.005,0.0,0.074,0.44025000000000003,0.2005,0.07275,0.00925,0.01927,0.015199178709975152,1.5276333370198572,0.33357357766029316,0.16242499999999999,0.008749999999999999,0.3519820301799368,0.00256514643538895,0.09323515697209463,0.014872471004038124,0.04007331255886108,0.6553166666666667,0.05375598742062992,0.09415490290230695,0.033550134870535306,0.011,0.030906962592630243,0.026000000000000002,0.24425000000000002,0.6069879294147069,0.00125,0.011,0.0416241846889601,0.5300930649277957,0.01575,0.02574999999999995,0.09199133762635041,0.012750000000000001,0.011942265107290295,0.3057742154801343,0.002533317757732152,0.004863055479879267,0.017401876051481503,0.020499999999999997,0.036,0.0022500000000000003,0.006862676430365724,0.007,0.0055000000000000005,0.022805832343923096,0.02028438908192138,0.02911225409585542,0.01081666666666665,0.0017700425819908972,0.07347024518530565,0.05572217457880582,0.007242159949418088,0.0049801193650793,0.0103071107936507,0.1025121139682539,0.0056527717460317,0.0003157149206349,0.4280161476190476,84600.0,84659.0,871.6460533333334,36.19078666666667,696.0378977777777,134.21507555555556,6.882488888888888,0.15359555555555554,0.04342666666666666,29.68519752888889,30.415368697777776,31.585683791111112,33.06197661333333,34.26493302666667,34.60628563555556,34.33763700888889,34.82126089333334,34.53754687111111,35.29758889777778,36.42718371555556,39.369515577777776,41.386204346666666,41.72120656888889,36.029769253333335,121.14936066222224,36.04116830666667,7.649615253333334,2.5927937599999997,0.4065038266666667,0.22839582666666666,0.0962033911111111,0.06816968444444443,0.05462488,0.03476117777777778,0.02763615111111111,0.020898702222222225,0.014494640000000001,0.018986404444444445,0.01384127111111111,0.02166903111111111,0.01383143111111111,0.010248582222222222,0.005976835555555556,0.007846284444444445,0.013445342222222222,2.7468396898639,9715347.651296327,1916.4913496186587,0.24765,0.1499303316408975,0.0,0.01249375,0.920768047354656,0.0,0.00944375,0.046325000000000005,0.0021825529341029,0.058431250000000004,0.0,0.0084833333333333,0.0,0.00806875,0.1580071428571428,0.00833888888888885,0.0,2.814873180151112,0.10876695783036784,0.0,0.01024999999999995,0.0,0.016225,0.1117666666666666,0.08055,0.10219999999999996,0.14201666666666665,0.035625000000000004,0.01859,0.0,0.2323,0.009608333333333299,0.70465,0.040440000000000004,0.0,0.5304125,0.41139,0.01422,0.02966,0.7074800000000001,0.0101125,0.0173,0.41089,0.0,0.0058428571428571,0.0,0.00661875,0.0048785714285714,0.03547499999999995,0.0,0.0126916666666666,0.0,0.0,0.0,,,,0.0039,0.011,0.36420379735423997,2.530116429245268,1.5967054669573022,63.51931056732037,1812.8334,1460.0524,0.9985901282961135,2024-07-21 23:30:00
2024-07-21 17:45:00,68.87644444444445,1.0,0.0118725511111111,0.1825929044444444,0.0025390282539682,0.0107919828571428,1.9060737488888888,0.006352367111111112,0.008012337777777778,0.02550782222222222,2.7320844444444446e-25,1.6507333333333334e-05,2.86364e-05,0.0002852671111111111,9.590248888888889e-26,1.4944533333333334e-05,0.001509231111111111,0.0010207742222222223,2.450191111111111e-07,0.09466422222222223,0.006440048888888888,0.018726355555555557,0.14785244444444443,2.4169911111111113e-05,9.380413333333333e-06,0.163,1310.2693333333334,351.1956,0.04955555555555556,351.1956,40.73434,-111.87211,311.614,13.656888888888888,875.2253333333334,87.0228,0.6773333333333333,422064.1777777777,1974.036,179.06577777777778,10500904.712888887,0.0010668349206349,0.0002130123809523,0.0012209174603174,4.4207936507936506e-05,8.625206349206351e-05,9.276952380952382e-05,0.004736969602596887,0.2255260444444444,1.159637466666667,2.6827528888888894,7.858201008354609,0.2958691953934954,1.3166024446516444,1.6883049063307063,0.001451997088097,0.2013842848928848,5.049817297187998,0.0049563062234062,0.5194884397269397,0.5132759718725719,0.0871233458985458,0.1405377833721833,0.0003334223554223,0.0033734431346431,0.0601241309579309,0.0286828011729011,0.0003363994893994,0.0254524257705257,0.2108706069893069,0.0541210656898656,0.0036173215488215,0.0025196472712472,5.014749999999999,0.255,0.09490848944672813,0.0045000000000000005,0.0,0.074,0.438625,0.19525,0.072875,0.009125,0.018635,0.013236194391197576,1.6539433436422541,0.34815842859805923,0.1737125,0.008875,0.3749910150899684,0.002659337507953775,0.13226318952930413,0.01893623550201906,0.04353665627943054,0.6891583333333333,0.06337799371031495,0.09213389913190945,0.041275067435267654,0.011,0.023953481296315124,0.022000000000000002,0.235125,0.5064939647073534,0.0011250000000000001,0.0105,0.03628449570963075,0.4920465324638979,0.014875,0.028374999999999977,0.0999956688131752,0.010374999999999999,0.012471132553645148,0.28088710774006714,0.002190215131415158,0.004840231393192478,0.015103371482443397,0.017249999999999998,0.0315,0.002125,0.005554048490823528,0.007,0.00425,0.021402916171961547,0.019642194540960688,0.03255612704792771,0.011408333333333326,0.0014492470522898412,0.06873512259265283,0.05236108728940291,0.006078258128057168,0.006823979047619,0.0143893755555555,0.1777733746031746,0.0059770209523809,0.000409185079365,0.4441348193650793,85500.0,85559.0,871.5100622222221,35.555773333333335,698.8815244444445,134.82642222222222,6.9592,0.15451111111111113,0.04358222222222222,29.847548622222224,30.619315008888886,31.623517577777776,33.05605886666667,34.33058448,34.54370046222222,34.451237946666666,35.00466011555556,34.82077260888889,35.47432759111111,36.49658347111111,39.806526115555556,41.84950427111111,42.184046551111116,36.5136855511111,120.92413893333332,36.07179618666667,7.608055017777778,2.565246982222222,0.39619612444444446,0.23008501333333334,0.11107951111111111,0.07063486666666667,0.05403465777777778,0.041605462222222216,0.02713890222222222,0.02206811111111111,0.01928571555555556,0.019354164444444443,0.017298884444444444,0.022877480000000002,0.013361679999999999,0.009442520000000001,0.010601728888888889,0.010591293333333333,0.014519693333333333,3.15152260738519,10355155.20995739,1922.8519791459196,0.25435,0.15500591477596662,0.0,0.014365625,0.876065640275776,0.0,0.014165625000000001,0.046837500000000004,0.0003334223554223,0.071171875,0.0,0.012724999999999948,0.0,0.004034375,0.17002499999999993,0.012508333333333276,0.0,3.201563442613748,0.11273845981666729,0.0,0.005124999999999975,0.0,0.008112500000000002,0.1086666666666666,0.075625,0.10003333333333328,0.13198333333333334,0.032775,0.017615,0.0,0.2172,0.0095958333333333,0.7631583333333334,0.03796,0.0,0.48920625,0.387575,0.01257,0.02874,0.63512,0.00505625,0.01425,0.430185,0.0,0.00876428571428565,0.0,0.009928125,0.0024392857142856994,0.032504166666666626,0.0,0.0120291666666666,0.0,0.0,0.0,,,,0.005849999999999999,0.011,0.3547086455210953,2.4473931307937375,1.6344703568907768,64.77166128758337,1915.3334,1436.6621,0.9863849204733438,2024-07-21 23:45:00
2024-07-21 18:00:00,68.6630187960188,1.0,0.012573588324114144,0.18404841581531411,0.0025535717618697627,0.010945258930578477,1.9093369745432054,0.005708619136160136,0.006760866691826692,0.022105002786102786,1.627575942020942e-25,1.2494982574832574e-05,2.2438594015244014e-05,0.00022479740067340068,5.752769420764421e-26,1.0200215871720871e-05,0.0012138217014467012,0.0008258798864098864,1.7857076756576755e-07,0.0845570579032079,0.005267853197728198,0.017165253857253857,0.1333615403855404,1.8837930874680875e-05,6.345220544085544e-06,0.337,1309.900232082732,260.5708121230621,0.049406084656084655,260.5708121230621,40.73434,-111.87211,311.58308654308655,13.991785288785287,875.2402638842639,62.05220576645577,0.6394766529766529,421848.0643005143,1970.682173104673,179.31975226625227,10798328.44082462,0.0010581726957627185,0.00020607429635857027,0.0012113635931626074,4.693681646713886e-05,8.716191660876486e-05,0.00041857982352181187,0.004787291308566654,0.1374621325970326,1.0083861450160951,2.434227573648573,8.029181915225514,0.2939370071946571,1.1813628457856955,1.6524605123691125,0.0014204527454027,0.1980335305324305,4.958896712396863,0.0088724091741591,0.6223729849058349,0.5812148093277093,0.0614155954693454,0.1356436129463129,0.0005987836996336,0.0040496771228771,0.0552620792503792,0.0265270347023347,0.0002680212676212,0.0207948102915602,0.2023473646150146,0.0455872312224812,0.0013266772523772,0.0021452941391941,5.084,0.256,0.111,0.004,0.0,0.074,0.437,0.19,0.073,0.009,0.018,0.017,1.504,0.206,0.185,0.009,0.398,0.0027535285805186,0.17,0.023,0.047,0.723,0.073,0.137,0.049,0.011,0.017,0.018,0.226,0.406,0.001,0.01,0.061,0.454,0.014,0.031,0.108,0.008,0.013,0.256,0.003,0.004817407306505689,0.02,0.014,0.027,0.002,0.011,0.007,0.003,0.02,0.019,0.036,0.012,0.002,0.064,0.049,0.01,0.006636296086459789,0.014292044068529828,0.09168794779812772,0.006025715348992519,0.00041173881281947403,0.4335369442919717,210.0,269.0,871.5132235945536,35.04197612720613,711.5903027862878,137.04731646816148,7.056511413216413,0.15419633810633812,0.04431472638472638,30.603967243796387,31.320171392274393,32.03346105067303,33.7787325769708,34.813874891808744,35.394739585951456,35.156713555622154,35.33673087395346,35.372981529399866,36.041192279444076,37.087122587688604,40.5547960555785,42.75146827582066,43.20143638434343,37.30282367318737,122.81086347211621,36.7181390271682,7.6958027775507825,2.532769064999815,0.40179587175694675,0.2319773884119584,0.10159546828985828,0.07173752267362268,0.05308968296906797,0.033991141674621674,0.023113883763643765,0.020832284276094275,0.02316418308802309,0.019392402646057644,0.017355233054723054,0.02521127982924483,0.015341279604654605,0.013647836764161763,0.00862265203130203,0.006748579365449365,0.014736005358345359,3.1978865997175916,10648450.783063428,1919.5153080750533,0.26105,0.13735,0.0,0.0162375,1.60725,0.0,0.0188875,0.04735,0.0005987836996336,0.0839125,0.0,0.0169666666666666,0.0,0.0,0.1820428571428571,0.0166777777777777,0.0,3.245866039999487,0.0929499999999999,0.0,0.0,0.0,0.0,0.1055666666666666,0.0707,0.0978666666666666,0.12195,0.029925,0.01664,0.0,0.2021,0.0095833333333333,0.8216666666666667,0.03548,0.0,0.448,0.36376,0.01092,0.02782,0.56276,0.0,0.0112,0.44948,0.0,0.0116857142857142,0.0,0.0132375,0.0,0.0295333333333333,0.0,0.0113666666666666,0.0,0.0,0.0,,,,0.0078,0.011,0.3,2.1,1.3,65.0,1924.5,1400.3453,1.0836708848724224,2024-07-22 00:00:00
2024-07-21 18:15:00,70.19644444444445,1.0,0.01327462553711719,0.18550392718618386,0.0025681152697713257,0.011098535004014152,1.912600200197522,0.005278628444444444,0.006308302222222222,0.0208104,1.3295066666666666e-25,1.1035782222222222e-05,2.0247333333333335e-05,0.0002034231111111111,4.725297777777778e-26,8.439764444444444e-06,0.0011101631111111111,0.000758304,1.5411244444444443e-07,0.08028755555555556,0.004858848888888889,0.016405155555555554,0.12690533333333334,1.693871111111111e-05,5.22496888888889e-06,0.337,1310.0279999999998,354.68715555555553,0.05142222222222222,354.68715555555553,40.73434,-111.87211,311.426,14.296,875.2062222222223,76.21417777777778,0.6986666666666667,421828.4444444445,1974.0386666666668,180.17422222222223,11023511.787555557,0.0010495104708905369,0.0001991362117648405,0.001201809726007815,4.966569642634121e-05,8.807176972546622e-05,0.0007443901232340998,0.004837613014536422,0.19336984,1.230780088888889,2.898972444444444,8.160316933333332,0.2903137777777778,1.2653388444444444,1.8329552,0.0016526666666666,0.2140896888888889,5.081327244444444,0.0083184888888888,0.5676675555555556,0.6213768,0.0779326222222222,0.1459139555555555,0.0017371111111111,0.0047259111111111,0.0620694222222222,0.0296303111111111,0.0026106666666666,0.0201462666666666,0.2080154666666666,0.0522183555555555,0.0037382222222222,0.0036834222222222,5.0177499999999995,0.2489375,0.09085034664967485,0.0039375,2.0833333333333333e-05,0.074,0.43725,0.1903125,0.073,0.0090625,0.015444999999999999,0.014595907663193297,1.4715009831774204,0.17454720002315588,0.1739625,0.0088125,0.5877373963372619,0.0027689330442361875,0.16749934513392883,0.01893623550201906,0.03639525949828014,0.684625,0.06776609172731461,0.09618636788341017,0.08865760966552969,0.032279097469216096,0.0161875,0.017187499999999998,0.19260625,0.38593750000000004,0.001,0.0098125,0.0513914854390517,0.4326875,0.0136875,0.02325,0.08867970046020435,0.008,0.01275,0.19202716923347657,0.001801727613331633,0.004794583219818901,0.017072893658740772,0.0134375,0.0256875,0.002,0.007270481566429781,0.00628010703070585,0.0029375,0.017502304825799238,0.014662138220286919,0.029233986563034824,0.009000000000000001,0.002,0.0553338879251016,0.041251759555708666,0.006729202521062907,0.006448613125300578,0.01416173494328336,0.09071511621162284,0.006074409745604138,0.00041429254627394814,0.4229390692188641,900.0,959.0,871.4660755555556,34.83152888888889,714.1867333333333,137.3789911111111,7.107151111111111,0.15484,0.044333333333333336,31.661673995555557,32.11080634222222,32.647267902222225,34.13921429333333,35.060808342222224,35.23143090666667,35.062719462222226,35.489762435555555,35.28944722666667,35.88441089333333,37.03082636,40.1731058,42.64739858222222,43.222172764444444,37.34463011555555,122.99875374222223,36.86299827555556,7.692324973333333,2.5577845955555554,0.38028191555555557,0.23707641777777777,0.10732857777777777,0.07035457333333334,0.051832871111111116,0.040182946666666663,0.028796613333333332,0.019308164444444446,0.016589208888888887,0.017518839999999997,0.017518915555555556,0.025253435555555554,0.018651946666666665,0.015485955555555557,0.00851812888888889,0.008998235555555557,0.015425311111111112,3.39447589010228,10870508.650442647,1922.8546321717913,0.255075,0.138225,0.0,0.01670625,1.6213250000000001,0.0,0.0197875,0.046825000000000006,0.0017371111111111,0.085984375,0.0,0.012724999999999948,0.0,0.0,0.17892857142857138,0.017719444444444378,0.0,3.433714750693333,0.09466666666666657,0.0019222222222222,0.0,0.0,0.0,0.10209166666666661,0.06544166666666665,0.0892166666666666,0.11257083333333333,0.02779375,0.014424999999999999,0.0,0.17468125,0.007187499999999975,0.758625,0.03383,0.0,0.3907125,0.327075,0.011139999999999999,0.02782,0.5047050000000001,0.0,0.0084,0.681125,0.0,0.00876428571428565,0.0,0.009928125,0.0,0.026933333333333302,0.0,0.01223749999999995,0.0,0.0,0.0,,,,0.027452525256715946,0.012125,0.3356870403120842,2.5183271825645726,1.7964801129227657,65.99076375863585,1827.0,1356.3077,1.0863948571266535,2024-07-22 00:15:00
2024-07-21 18:30:00,71.10622222222221,1.0,0.013975662750120233,0.18695943855705358,0.0025826587776728886,0.011251811077449828,1.9158634258518386,0.004693262666666667,0.005673817777777778,0.0189596,1.0317026666666667e-25,9.175604444444444e-06,1.7360622222222222e-05,0.00017516133333333333,3.6956711111111116e-26,6.390071111111111e-06,0.0009704386666666666,0.0006663275555555556,1.2407933333333332e-07,0.07408382222222222,0.0042972,0.015286711111111111,0.11750577777777778,1.4458933333333331e-05,3.93272e-06,0.337,1309.3671111111112,359.4490666666667,0.044755555555555555,359.4490666666667,40.73433746666667,-111.87211,311.2704444444444,14.701333333333334,875.2404444444444,88.36977777777777,0.892,422198.7111111112,1975.219111111111,183.7693333333333,11312225.816,0.0010408482460183555,0.00019219812717111078,0.0011922558588530223,5.239457638554356e-05,8.898162284216757e-05,0.0010702004229463879,0.004887934720506189,0.1509869466666666,1.308668711111111,2.7780662222222223,7.956139911111111,0.2899363555555556,1.2035012,1.895568177777778,0.0014646666666666,0.2107291999999999,4.996224444444445,0.0104190666666666,0.5220739111111111,0.5570269333333333,0.086088,0.1221951555555555,0.0015643111111111,0.0106452444444444,0.0464487555555555,0.0243090222222222,0.0011998222222222,0.0246217777777777,0.1848507555555555,0.0607797777777777,0.0036444888888888,0.0034224444444444,4.951499999999999,0.241875,0.09445133485818728,0.003875,4.1666666666666665e-05,0.074,0.4375,0.190625,0.073,0.009125,0.012889999999999999,0.012141412296007192,1.4390019663548408,0.14309440004631174,0.162925,0.008624999999999999,0.7774747926745236,0.002784337507953775,0.14915521473200202,0.014872471004038126,0.025790518996560274,0.64625,0.06253218345462924,0.07830753280435873,0.07674484406887616,0.028098406135359886,0.015375000000000002,0.016375,0.1592125,0.365875,0.001,0.009625,0.044231888128705724,0.411375,0.013375,0.0155,0.06935940092040868,0.008,0.012499999999999999,0.12805433846695313,0.0011614919198609326,0.004771759133132112,0.013798947301717842,0.012875000000000001,0.024375,0.002,0.004647356965936616,0.005135072679657815,0.002875,0.015004609651598472,0.010324276440573836,0.022467973126069647,0.006,0.002,0.046667775850203194,0.03350351911141733,0.004540407703815862,0.006260930164141367,0.014031425818036892,0.08974228462511795,0.0061231041422157555,0.0004168462797284222,0.41234119414575643,1800.0,1859.0,871.5075066666667,34.52291111111111,710.9042000000001,136.73215555555555,7.092822222222223,0.15516,0.044075555555555555,31.53765376,32.009871555555556,32.659617133333334,34.028861875555556,35.13886791111111,35.31459929333334,34.98308516,35.30147295555556,35.13940426222222,35.69998527555556,37.02152550222222,39.93376862666667,42.203413151111114,42.72970958222222,36.861537866666666,122.42065801777777,36.58318120888889,7.678860813333333,2.574965071111111,0.3950727377777778,0.23337771111111114,0.10662440444444445,0.06874153777777778,0.050859728888888886,0.03368243555555555,0.026883093333333333,0.019654155555555556,0.01550664888888889,0.019345964444444443,0.018650160000000002,0.023395568888888888,0.014241880000000002,0.015700715555555557,0.011181373333333333,0.011478186666666668,0.01869380888888889,3.4272359720980576,11155215.412152875,1924.0290382909711,0.2491,0.1391,0.0,0.017175,1.6354000000000002,0.0,0.0206875,0.0463,0.0015643111111111,0.08805625,0.0,0.0084833333333333,0.0,0.0,0.17581428571428565,0.01876111111111105,0.0,3.4650182828088893,0.09638333333333324,0.0038444444444444,0.0,0.0,0.0,0.0986166666666666,0.0601833333333333,0.08056666666666659,0.10319166666666665,0.025662499999999998,0.012209999999999999,0.0,0.1472625,0.00479166666666665,0.6955833333333333,0.03218,0.0,0.33342499999999997,0.29039,0.011359999999999999,0.02782,0.44665,0.0,0.0056,0.9127700000000001,0.0,0.0058428571428571,0.0,0.00661875,0.0,0.0243333333333333,0.0,0.0131083333333333,0.0,0.0,0.0,,,,0.023169248737706136,0.01325,0.3106159637179812,2.595987456933041,1.7058870695939965,66.83100037757336,1729.5,1314.6217,1.0921676130193305,2024-07-22 00:30:00
2024-07-21 18:45:00,70.59511111111111,1.0,0.014676699963123277,0.1884149499279233,0.0025972022855744515,0.011405087150885503,1.919126651506155,0.0039637004444444445,0.004986862222222222,0.016906355555555554,8.120764444444446e-26,7.403493333333333e-06,1.44892e-05,0.00014693288888888888,2.932924444444445e-26,4.661675555555556e-06,0.0008270631111111111,0.0005707893333333333,9.683391111111112e-08,0.06702648888888889,0.0037067066666666665,0.013992222222222222,0.10673982222222222,1.2019773333333334e-05,2.857062222222222e-06,0.337,1308.8253333333334,359.27000000000004,0.04933333333333334,359.27000000000004,40.73433253333334,-111.87211,310.8891111111111,14.572888888888889,875.2964444444444,94.95635555555555,0.94,422635.1111111111,1972.151111111111,183.2333333333333,10946809.480888888,0.001032186021146174,0.00018526004257738105,0.0011827019916982296,5.5123456344745914e-05,8.989147595886891e-05,0.001396010722658676,0.0049382564264759555,0.1705923215873016,1.278860288888889,2.671428857142857,7.754639111111111,0.2926208444444445,1.1146140444444443,1.8728963555555556,0.0024034222222222,0.2012517777777777,4.899004844444445,0.0108351555555555,0.6701438666666667,0.5702920444444445,0.1010057777777777,0.1171807555555555,0.0001122222222222,0.0149080444444444,0.0462543111111111,0.0226776444444444,0.0014515555555555,0.0251553333333333,0.1981073777777778,0.0721944888888888,0.0041156888888888,0.0034574666666666,4.88525,0.2348125,0.10103824515697957,0.0038125,6.25e-05,0.074,0.43775,0.1909375,0.073,0.0091875,0.010334999999999999,0.012110858991321272,1.4065029495322612,0.11164160006946762,0.1518875,0.008437499999999999,0.9672121890117854,0.0027997419716713624,0.15293668221007406,0.010808706506057189,0.015185778494840409,0.6078749999999999,0.05729827518194386,0.07452776187916876,0.08356224111644708,0.030490917976963083,0.0145625,0.0155625,0.12581875,0.3458125,0.001,0.0094375,0.04414276620125134,0.3900625,0.0130625,0.00775,0.05003910138061302,0.008,0.012249999999999999,0.0640815077004297,0.000965211224586306,0.0047489350464453225,0.013758193555791585,0.0123125,0.0230625,0.002,0.0038431707488488344,0.004784032990947732,0.0028125,0.012506914477397709,0.005986414660860754,0.01570195968910447,0.002999999999999999,0.002,0.03800166377530479,0.025755278667125986,0.00386937643685572,0.006073247202982156,0.013901116692790424,0.08876945303861306,0.006171798538827374,0.0004194000131828963,0.4017433190726488,2700.0,2759.0,871.5647066666667,34.166777777777774,714.6117866666667,138.0026488888889,7.151395555555555,0.1551911111111111,0.04475111111111111,30.971427217777777,31.5105354,32.44969444444445,33.973604244444445,35.240089857777775,35.475201973333334,35.33113040888888,35.703803004444445,35.260062364444444,35.95711722666667,37.29433836,40.2229916,42.58962774222222,42.902513777777784,37.00815844888889,123.77685573333333,37.28619517777778,7.926062653333333,2.6100693155555557,0.40553544444444445,0.25421527555555556,0.11859783111111111,0.06630532,0.05033373333333333,0.036396,0.029879422222222222,0.018937568888888888,0.018114822222222222,0.014467164444444446,0.018469115555555558,0.025135368888888888,0.015564937777777777,0.01367916,0.008864968888888889,0.010732395555555555,0.016959173333333334,3.2242945363125357,10794870.94948149,1920.9767320256476,0.243125,0.13997500000000002,0.0,0.01764375,1.649475,0.0,0.021587500000000003,0.045774999999999996,0.0001122222222222,0.090128125,0.0,0.0042416666666666505,0.0,0.0,0.1726999999999999,0.019802777777777725,0.0,3.2710998502021584,0.09809999999999992,0.0057666666666666,0.0,0.0,0.0,0.0951416666666666,0.05492499999999995,0.0719166666666666,0.09381249999999998,0.02353125,0.009994999999999999,0.0,0.11984375,0.0023958333333333245,0.6325416666666667,0.030529999999999998,0.0,0.2761375,0.25370499999999996,0.01158,0.02782,0.388595,0.0,0.0028000000000000004,1.144415,0.0,0.0029214285714285505,0.0,0.003309375,0.0,0.0217333333333333,0.0,0.01397916666666665,0.0,0.0,0.0,,,,0.025620467680755793,0.014374999999999999,0.3222132808814314,2.566266424743458,1.6259854461908199,66.35895733322644,1632.0,1267.4098,1.0693321055288374,2024-07-22 00:45:00
2024-07-21 19:00:00,66.22266666666667,1.0,0.015377737176126323,0.189870461298793,0.0026117457934760144,0.01155836322432118,1.9223898771604715,0.0033913240000000002,0.004254022222222222,0.014647866666666667,6.444995555555556e-26,5.766857777777777e-06,1.1709297777777777e-05,0.00011936297777777777,2.3473600000000002e-26,3.2612133333333335e-06,0.0006831915555555555,0.0004736933333333333,7.290342222222221e-08,0.059048133333333336,0.003098186666666667,0.01249871111111111,0.09447844444444445,9.67804e-06,1.997071111111111e-06,0.337,1308.775111111111,343.31266666666664,0.04711111111111111,343.31266666666664,40.73433933333333,-111.87211,309.8864444444444,14.79288888888889,875.2164444444445,105.6532888888889,1.6586666666666665,422304.0444444444,1965.9164444444443,191.38933333333333,10723440.224444443,0.0010235237962739926,0.00017832195798365128,0.0011731481245434371,5.7852336303948266e-05,9.080132907557026e-05,0.0017218210223709641,0.004988578132445723,0.1912952433838383,1.439921569450919,2.4656202052577054,8.150211822222222,0.2897136888888889,0.8949448444444444,1.6700080888888889,0.0018500444444444,0.1945065333333333,4.644422088888889,0.0040651555555555,1.1553309777777776,0.5318011555555555,0.0875351555555555,0.1167626222222222,0.0014016444444444,0.0034233777777777,0.0404304888888888,0.0211259555555555,0.0005205333333333,0.0150496444444444,0.2317676888888889,0.0438306666666666,0.0019568,0.0021264444444444,4.819,0.22775,0.07995191342582617,0.00375,8.333333333333333e-05,0.074,0.438,0.19125,0.073,0.00925,0.00778,0.011195754343818386,1.3740039327096816,0.0801888000926235,0.14085,0.00825,1.1569495853490472,0.00281514643538895,0.1419641360085198,0.00674494200807625,0.004581037993120545,0.5695,0.05206436690925848,0.07421257995985918,0.0814324369876471,0.03656582088778019,0.013750000000000002,0.01475,0.092425,0.32575000000000004,0.001,0.00925,0.04147346771304197,0.36875,0.012750000000000001,0.0,0.030718801840817364,0.008,0.012,0.00010867693390625988,0.0007785183701722318,0.0047261109597585334,0.012537574618375735,0.01175,0.02175,0.002,0.0030782670982961837,0.004450140748482328,0.00275,0.010009219303196945,0.0016485528811476732,0.008935946252139296,0.0,0.002,0.029335551700406384,0.01800703822283465,0.00619066477660945,0.005885564241822945,0.013770807567543956,0.08779662145210818,0.006220492935438993,0.00042195374663737034,0.3911454439995412,3600.0,3659.0,871.5001688888889,33.564479999999996,673.9246133333334,129.4182,6.638831111111112,0.15352888888888888,0.04158666666666667,29.117552306666667,29.847355395555557,30.694076786666663,32.27837823111111,33.36657193777778,33.72659780888889,33.61946901333333,33.9427958,33.638455577777776,34.14398734666667,35.149537933333335,37.88686732888889,39.9123052,40.10079973333333,34.75799738222222,116.29545090666667,34.82960338666667,7.258517017777778,2.342984644444444,0.3622202977777778,0.23486407555555555,0.09948918222222222,0.07033707555555556,0.046124773333333334,0.032347457777777776,0.027640515555555557,0.019913977777777776,0.01775188,0.014155817777777777,0.01764890222222222,0.021114533333333334,0.014030435555555556,0.00898887111111111,0.006326324444444444,0.008500026666666667,0.013796093333333334,2.507539634143146,10574601.993343264,1914.7739575377493,0.23715,0.14085,0.0,0.0181125,1.66355,0.0,0.0224875,0.04525,0.0014016444444444,0.0922,0.0,0.0,0.0,0.0,0.1695857142857142,0.0208444444444444,0.0,2.586212672510304,0.0998166666666666,0.0076888888888888,0.0,0.0,0.0,0.0916666666666666,0.0496666666666666,0.0632666666666666,0.0844333333333333,0.0214,0.00778,0.0,0.092425,0.0,0.5695,0.02888,0.0,0.21885,0.21702,0.0118,0.02782,0.33054,0.0,0.0,1.37606,0.0,0.0,0.0,0.0,0.0,0.0191333333333333,0.0,0.01485,0.0,0.0,0.0,,,,0.02522,0.0155,0.3344598383309313,2.0,0.8,58.0,1529.0555,1214.9299,1.094615775249178,2024-07-22 01:00:00
2024-07-21 19:15:00,63.408,1.0,0.016078774389129365,0.19132597266966275,0.002626289301377578,0.011711639297756855,1.925653102814788,0.0027560657777777773,0.00348868,0.012207444444444444,5.128457777777778e-26,4.311048888888889e-06,9.109040000000001e-06,9.331777777777779e-05,1.8838666666666668e-26,2.1778044444444443e-06,0.0005430342222222223,0.00037802444444444443,5.2680799999999996e-08,0.050116888888888884,0.0024883155555555556,0.010779751111111112,0.08061475555555556,7.500217777777778e-06,1.3401004444444443e-06,0.337,1309.5115555555556,233.4376,0.04831111111111111,233.4376,40.73434,-111.87211,308.24333333333334,15.733333333333333,875.1884444444445,108.23422222222221,2.043111111111111,422554.0888888889,1964.4582222222225,179.42444444444445,10686413.536444444,0.001014861571401811,0.00017138387338992155,0.0011635942573886445,6.058121626315061e-05,9.171118219227162e-05,0.002047631322083252,0.005038899838415489,0.1342072717238317,1.0625185174714176,2.032233509046509,8.011197722255522,0.2889453572427572,0.8862587326229326,1.7308239685869686,0.0012363525141525,0.1963165541458541,4.592993235753136,0.0050643193695193,1.483691378066378,0.5038443088578088,0.0763990795315795,0.125969122033522,0.0027031294594294,2.174952824952817e-05,0.046542406027306,0.0230534816849816,0.0009976947163947,0.0125843831057831,0.2634741598512599,0.0287969557553557,0.0011812134754134,0.0020110763347763,4.75275,0.2206875,0.09017321441905002,0.0036875000000000002,0.00010416666666666666,0.074,0.43825000000000003,0.1915625,0.073,0.0093125,0.005835,0.012156127714622256,1.4223863568965485,0.11030189065469045,0.163425,0.0080625,1.2770104715383175,0.0028305508991065377,0.1339945151217092,0.00674494200807625,0.010148906669949671,0.5769333333333333,0.046830458636573105,0.08115228566931951,0.11717799176897378,0.04228810111582789,0.012937500000000001,0.013937499999999999,0.09132499999999999,0.3056875,0.001,0.009062500000000001,0.044274812011531314,0.3474375,0.0124375,0.0040642857142857,0.035143188542768614,0.008,0.01175,0.02286680243106803,0.0010104304226700416,0.004703286873071745,0.013818575569023186,0.0111875,0.0204375,0.002,0.004028439380569457,0.004864905606549712,0.0026875000000000002,0.00751152412899618,0.003427144424245448,0.01317418434556965,0.0,0.002,0.03142958450529526,0.020288905048658924,0.004023968796224508,0.005697881280663734,0.013640498442297488,0.0868237898656033,0.006269187332050612,0.00042450748009184445,0.3805475689264336,4500.0,4559.0,871.47328,32.99284,646.5852622222222,123.8215111111111,6.318208888888889,0.1528088888888889,0.03982666666666667,28.05043560444444,28.807719786666667,29.605486546666665,31.25647039111111,32.438893013333335,32.56978524,32.39190132888889,32.83377364888889,32.42990315555555,32.78736464,33.873591706666666,36.20694320888889,37.833820026666665,37.93215784888889,32.896196688888885,111.11388181333334,33.42968765777778,6.9094804355555555,2.235016857777778,0.3629233866666667,0.21445758666666667,0.09517212888888889,0.07160098666666667,0.04272938222222222,0.03563976888888889,0.027464577777777777,0.018966946666666665,0.017358111111111112,0.015479533333333332,0.018027066666666664,0.01987364,0.012122026666666667,0.008705382222222223,0.004690875555555555,0.0072494000000000005,0.010153119999999998,2.403344316882018,10538089.225002453,1913.3231945569405,0.2640625,0.163425,0.0,0.021275000000000002,1.7108125,0.0071861111111111,0.0270875,0.0458625,0.0027031294594294,0.10600000000000001,0.0,0.0,0.0,0.005146875,0.19947857142857134,0.021236111111111077,0.0,2.486649995573333,0.0894291666666666,0.011019444444444373,0.0040642857142857,0.0,0.006325,0.09762499999999993,0.051758333333333274,0.06749583333333327,0.08746666666666664,0.022256249999999998,0.005835,0.0,0.09132499999999999,0.0,0.5769333333333333,0.030355,0.0,0.21713749999999998,0.21611499999999997,0.013734999999999999,0.02964,0.32251,0.0,0.0,1.517675,0.005378571428571425,0.00684642857142855,0.0,0.002303125,0.0,0.019916666666666624,0.0,0.01472916666666665,0.0,0.0,0.0,,,,0.037707128353345866,0.016625,0.3006901544437687,2.350558907441298,1.1470468870221309,59.72121118528379,1419.8889,1157.6835,1.1076030014056808,2024-07-22 01:15:00
2024-07-21 19:30:00,62.89155555555556,1.0,0.016779811602132412,0.19278148404053247,0.0026408328092791407,0.011864915371192532,1.9289163284691047,0.0020665857777777776,0.0027136622222222223,0.00963444888888889,4.062906666666667e-26,3.070475555555556e-06,6.774293333333334e-06,6.965839999999999e-05,1.5058400000000003e-26,1.3809555555555556e-06,0.0004114964444444445,0.00028747244444444445,3.630453333333333e-08,0.040290933333333334,0.00190004,0.008826471111111112,0.06517746666666667,5.5521066666666674e-06,8.608817777777779e-07,0.337,1309.484888888889,357.5452888888889,0.0496,357.5452888888889,40.73434,-111.87211,306.96955555555553,16.6,875.1875555555556,110.09946666666666,2.672888888888889,422936.8,1964.3755555555556,178.20266666666666,10689104.493777778,0.0010061993465296296,0.00016444578879619182,0.0011540403902338518,6.331009622235296e-05,9.262103530897297e-05,0.00237344162179554,0.005089221544385257,0.1564397422222222,1.1388207555555556,2.139059111111111,7.689497415079364,0.2983511079365079,0.9021085648148148,1.429400958994709,0.001108733068783,0.1918271637566137,4.592520226455027,0.0045185507936507,1.692988456878307,0.4827938010582011,0.0737761571428571,0.1198555611111111,0.0020155716931216,0.0006225645502645,0.0412856867724867,0.0231445164021164,0.0009197895548895,0.0115583164021164,0.2695137354497354,0.0227867544973544,0.0010068724867724,0.0018855714285714,4.6865,0.213625,0.08901506910058676,0.003625,0.000125,0.074,0.4385,0.19187500000000002,0.073,0.009375,0.00389,0.011330132682983492,1.4707687810834154,0.1404149812167574,0.186,0.007875,1.3970713577275875,0.002845955362824125,0.1279936750251312,0.00674494200807625,0.0157167753467788,0.5843666666666667,0.04159655036388772,0.07654398560871281,0.12028392510277636,0.04337810397593716,0.012125,0.013125,0.090225,0.285625,0.001,0.008875000000000001,0.041865440257996586,0.326125,0.012125,0.0081285714285714,0.03956757524471986,0.008,0.0115,0.0456249279282298,0.0010213833471347151,0.004680462786384956,0.012716816135737717,0.010624999999999999,0.019125,0.002,0.004073314862995124,0.004884494446853973,0.002625,0.005013828954795418,0.005205735967343222,0.017412422439000003,0.0,0.002,0.03352361731018414,0.022570771874483198,0.0040614139192416505,0.005510198319504523,0.01351018931705102,0.0858509582790984,0.00631788172866223,0.0004270612135463185,0.369949693853326,5400.0,5459.0,871.4687333333334,32.245782222222225,650.1300666666667,124.9682,6.432004444444445,0.15416444444444444,0.04036,28.261900991111112,28.98556393777778,30.024668493333333,31.375132484444446,32.518548097777774,32.83617811111111,32.53444302222222,33.00655213333333,32.54043777333333,33.03180141777778,33.75929253777778,36.09274309333333,37.54801254666666,37.736917373333334,32.724335133333334,112.74664454222221,34.11264895555556,7.0164474711111104,2.2655544,0.35177297333333335,0.22813781333333333,0.10487391111111112,0.07412111555555555,0.044724186666666665,0.03923189333333333,0.026140253333333332,0.018828888888888888,0.01928249333333333,0.014721719999999999,0.017018853333333337,0.0217408,0.01218332,0.012022764444444445,0.005759040000000001,0.00889799111111111,0.01282151111111111,2.3557026779568635,10540742.83263074,1913.2409507549194,0.290975,0.186,0.0,0.0244375,1.758075,0.0143722222222222,0.0316875,0.046475,0.0020155716931216,0.1198,0.0,0.0,0.0,0.01029375,0.2293714285714285,0.021627777777777753,0.0,2.441126557191111,0.0790416666666666,0.01434999999999995,0.0081285714285714,0.0,0.01265,0.10358333333333325,0.05384999999999995,0.07172499999999996,0.09049999999999996,0.0231125,0.00389,0.0,0.090225,0.0,0.5843666666666667,0.03183,0.0,0.21542499999999998,0.21520999999999996,0.01567,0.03146,0.31448,0.0,0.0,1.65929,0.01075714285714285,0.0136928571428571,0.0,0.00460625,0.0,0.02069999999999995,0.0,0.0146083333333333,0.0,0.0,0.0,,,,0.038823877542301925,0.017750000000000002,0.3138414975188509,2.4266374485103137,1.22708955330173,59.244242474387164,1310.7222,1096.4154,1.08765382717089,2024-07-22 01:30:00
2024-07-21 19:45:00,61.55822222222222,1.0,0.017480848815135456,0.19423699541140219,0.0026553763171807037,0.012018191444628207,1.9321795541234212,0.001418572,0.0019691066666666667,0.007050977777777777,3.183062222222222e-26,2.0664933333333336e-06,4.782631111111111e-06,4.926333333333333e-05,1.190324e-26,8.273377777777778e-07,0.0002944871111111111,0.00020657777777777778,2.3694755555555552e-08,0.029898977777777776,0.0013650573333333334,0.006668711111111111,0.04859426666666666,3.895466666666667e-06,5.282884444444444e-07,0.337,1309.4124444444446,230.0588,0.050888888888888886,230.0588,40.73433466666666,-111.87211,306.01399999999995,17.48933333333333,875.2706666666667,110.5780888888889,2.531111111111111,423423.5111111111,1965.2124444444448,173.86444444444444,10805993.956,0.0009975371216574482,0.00015750770420246206,0.0011444865230790593,6.603897618155532e-05,9.353088842567432e-05,0.002699251921507828,0.005139543250355024,0.1538337555555555,1.287836711111111,2.322791111111111,7.843328557501758,0.2881089737262737,0.964208951098901,1.5148881896066897,0.0014271613497613,0.1952007354386354,4.671726842531543,0.0023949432086432,1.946298797189847,0.4794241867872867,0.06370684008584,0.1286654432715432,0.0029548335627335,0.0008945326969326,0.0395755289081289,0.0246059212898212,0.0008418843933843,0.0140936191808191,0.281140033988234,0.0248232904058904,0.0005978635771635,0.0017513328634328,4.6202499999999995,0.20656249999999998,0.08456898542695324,0.0035625,0.00014583333333333332,0.074,0.43875,0.1921875,0.073,0.0094375,0.0019449999999999997,0.011061413386631025,1.5191512052702825,0.17052807177882437,0.208575,0.0076875,1.5171322439168577,0.0028613598265417126,0.12703310359286954,0.00674494200807625,0.021284644023607927,0.5918000000000001,0.036362642091202345,0.08318472756076109,0.12626290617366123,0.04547638032877336,0.0113125,0.0123125,0.08912500000000001,0.26556250000000003,0.001,0.0086875,0.0410816042087932,0.30481250000000004,0.0118125,0.012192857142857099,0.04399196194667111,0.008,0.01125,0.06838305342539157,0.001197213600153833,0.004657638699698167,0.012358382963234516,0.0100625,0.017812500000000002,0.002,0.004793713095878858,0.005198959387989859,0.0025625,0.0025161337805946517,0.006984327510440997,0.02165066053243036,0.0,0.002,0.035617650115073014,0.02485263870030747,0.00466253058681947,0.005322515358345312,0.013379880191804552,0.08487812669259351,0.006366576125273848,0.0004296149470007926,0.3593518187802184,6300.0,6359.0,871.5588311111111,31.465764444444446,650.7201644444444,124.54618666666667,6.415257777777778,0.15419111111111108,0.040244444444444444,30.07042498666667,30.374653875555556,30.867988528888887,31.80948826666667,33.01214057333333,32.926386737777776,32.53075516444444,32.897234160000004,32.39582445333333,32.770993706666665,33.307566,35.51687715111111,36.70051612888889,36.66361621777777,32.038028062222224,112.17912684,34.31553708,7.042033626666667,2.2934042,0.3475450222222222,0.23388824444444445,0.09953647111111111,0.07171376,0.04835845777777778,0.03847049777777778,0.023971711111111113,0.022062457777777777,0.016770475555555553,0.01832141777777778,0.014051222222222222,0.01863248888888889,0.014438906666666668,0.010502884444444445,0.009213857777777777,0.009191431111111112,0.010919053333333335,2.3508610708160704,10656009.903117904,1914.0735587076365,0.3178875,0.208575,0.0,0.0276,1.8053375,0.021558333333333297,0.0362875,0.0470875,0.0029548335627335,0.1336,0.0,0.0,0.0,0.015440625000000001,0.2592642857142856,0.022019444444444425,0.0,2.4365002133180327,0.0686541666666666,0.017680555555555522,0.012192857142857099,0.0,0.018975,0.10954166666666657,0.055941666666666626,0.07595416666666663,0.09353333333333327,0.02396875,0.0019449999999999997,0.0,0.08912500000000001,0.0,0.5918000000000001,0.033305,0.0,0.2137125,0.2143049999999999,0.017605,0.03328,0.30645,0.0,0.0,1.800905,0.016135714285714274,0.02053928571428565,0.0,0.006909375000000001,0.0,0.021483333333333278,0.0,0.01448749999999995,0.0,0.0,0.0,,,,0.04097364108971189,0.018875,0.31229995832261515,2.5752165305835137,1.3647569183963797,58.01282583696041,1201.5555,1032.098,1.0392032373731799,2024-07-22 01:45:00
2024-07-21 20:00:00,60.52044444444444,1.0,0.0181818860281385,0.1956925067822719,0.0026699198250822666,0.012171467518063884,1.9354427797777378,0.0009510410666666667,0.0013065195555555555,0.004652484444444444,2.4310000000000002e-26,1.2921813333333333e-06,3.162773333333333e-06,3.26084e-05,9.173342222222223e-27,4.636795555555556e-07,0.00019646888888888886,0.00013887755555555556,1.443688e-08,0.019676755555555554,0.0009123044444444444,0.00442352,0.03195808888888889,2.557484444444444e-06,3.070448888888889e-07,0.337,1309.6417777777779,249.53484444444445,0.051777777777777784,249.53484444444445,40.73433,-111.87211,305.4193333333333,18.10533333333333,875.3226666666667,112.77413333333334,2.149777777777778,423839.77777777787,1966.615555555556,176.90355555555556,10914345.508,0.0009888748967852665,0.0001505696196087323,0.0011349326559242667,6.876785614075767e-05,9.444074154237568e-05,0.0030250622212201162,0.005189864956324791,0.0940958888888888,1.3686288,2.262553333333333,8.025187688888888,0.2887737777777778,0.9696336444444444,1.729941111111111,0.0019031111111111,0.2024893777777777,4.660893466666667,0.0045512444444444,2.0317788,0.4848144444444445,0.0666665777777777,0.1543340888888888,0.0034058222222222,0.00045339968179963335,0.0617858222222222,0.0314934666666666,0.0020456444444444,0.014676,0.3021954222222222,0.0308249777777777,0.0014452444444444,0.0014873777777777,4.554,0.1995,0.03943360491329093,0.0035,0.00016666666666666666,0.074,0.439,0.1925,0.073,0.0095,0.0,0.014551345231833091,1.5675336294571494,0.20064116234089133,0.23115,0.0075,1.637193130106128,0.0028767642902593,0.12856969713198416,0.00674494200807625,0.026852512700437054,0.5992333333333334,0.031128733818516968,0.10253332368261966,0.16211691492708016,0.04927638796532835,0.0105,0.0115,0.088025,0.24550000000000002,0.001,0.0085,0.051261499834689056,0.2835,0.0115,0.0162571428571428,0.04841634864862236,0.008,0.011,0.09114117892255334,0.002025894861917894,0.004634814613011379,0.017013453738110945,0.0095,0.0165,0.002,0.008188922431861471,0.006681020635849828,0.0025,1.8438606393889057e-05,0.008762919053538772,0.02588889862586071,0.0,0.002,0.037711682919961895,0.027134505526131746,0.014832145716428685,0.005134832397186101,0.013249571066558084,0.08390529510608863,0.006415270521885467,0.00043216868045526665,0.34875394370711077,7200.0,7259.0,871.6101511111111,30.74669777777778,649.4280044444444,124.84218666666668,6.481302222222222,0.15526222222222225,0.04067555555555556,30.041700164444443,30.39014109777778,30.92734994222222,31.918990964444447,32.92329564,32.85548349333333,32.41377955555556,32.82306813777778,32.37678442222222,32.31097160444445,33.05139253777778,35.09340912444444,36.15771874666667,35.925691817777775,31.743910808888888,113.16076494222222,34.75016393777778,7.247509604444445,2.258623,0.3695262311111111,0.24607012,0.11093937777777778,0.06693597777777778,0.05111874666666667,0.03347853333333333,0.02695988,0.02047389777777778,0.016147502222222224,0.014938004444444443,0.018661195555555555,0.02284648,0.013848746666666667,0.013419586666666667,0.00818252,0.009683893333333334,0.0140338,2.404251992872623,10762857.56709324,1915.4694924870987,0.3448,0.23115,0.0,0.0307625,1.8526,0.0287444444444444,0.0408875,0.0477,0.0034058222222222,0.1474,0.0,0.0,0.0,0.0205875,0.2891571428571428,0.0224111111111111,0.0,2.487517315274367,0.0582666666666666,0.0210111111111111,0.0162571428571428,0.0,0.0253,0.1154999999999999,0.0580333333333333,0.0801833333333333,0.0965666666666666,0.024825,0.0,0.0,0.088025,0.0,0.5992333333333334,0.03478,0.0,0.212,0.2133999999999999,0.01954,0.0351,0.29842,0.0,0.0,1.94252,0.0215142857142857,0.0273857142857142,0.0,0.0092125,0.0,0.0222666666666666,0.0,0.0143666666666666,0.0,0.0,0.0,,,,0.05735,0.02,0.2,2.9,1.1,53.0,1092.3889,965.89923,1.0424601923821726,2024-07-22 02:00:00
2024-07-21 20:15:00,59.050222222222224,1.0,0.018882923241141547,0.19714801815314165,0.0026844633329838295,0.012324743591499559,1.9387060054320542,0.0006204926666666667,0.0007755862222222222,0.0026918355555555556,1.7647733333333334e-26,7.233764444444445e-07,1.8938208888888888e-06,1.9620355555555557e-05,6.714031111111112e-27,2.380711111111111e-07,0.00011903742222222222,8.524368888888888e-05,7.947853333333333e-09,0.0109424,0.000555784,0.0023827955555555556,0.017457062222222222,1.5249386666666667e-06,1.6487786666666664e-07,0.337,1309.533777777778,338.81595555555555,0.05426666666666667,338.81595555555555,40.73433,-111.87211,304.8771111111111,18.829333333333334,875.3173333333333,114.60351111111112,1.760888888888889,425089.4666666666,1968.4493333333332,184.9288888888889,11131825.890222222,0.0009802126719130851,0.00014363153501500256,0.001125378788769474,7.149673609996002e-05,9.535059465907703e-05,0.0033508725209324044,0.005240186662294559,0.0991148311111111,1.589882577777778,2.477727555555555,8.3639552,0.2912434222222222,1.0307453777777775,2.2217168444444444,0.0017494222222222,0.2125381777777777,4.777117644444444,0.0050325333333333,2.1931511111111113,0.5155176444444444,0.0853913777777777,0.2098004888888889,0.0044201333333333,1.2266666666666664e-05,0.0806138666666666,0.0371304444444444,0.0019432,0.0185734666666666,0.3347761333333333,0.0340956444444444,0.0020893777777777,0.0020553777777777,4.48775,0.19243749999999998,0.09414374292604583,0.0034375,0.0001875,0.074,0.43925000000000003,0.1928125,0.073,0.0095625,0.0,0.01750981997866823,1.618116999679494,0.19935439767219176,0.223075,0.0073124999999999996,1.4322719226012133,0.0028921687539768875,0.1373222172805331,0.00674494200807625,0.021284644023607927,0.6264750000000001,0.030260063826191126,0.14434296911277217,0.15384599477563868,0.055156448197452766,0.009687500000000002,0.010687499999999999,0.08786250000000001,0.2254375,0.001,0.0083125,0.05989117097741782,0.2621875,0.0111875,0.012192857142857099,0.04510350737425492,0.008,0.01075,0.08565777681457584,0.002704112950052565,0.00461199052632459,0.02095963662736585,0.0089375,0.015187500000000001,0.002,0.010967665587903446,0.007893984886884454,0.0024375,0.0011411337805946528,0.006984327510440997,0.02542827651370283,0.0,0.002,0.034421059940850804,0.024784455428619498,0.009814216943591185,0.00494714943602689,0.013119261941311616,0.08293246351958375,0.006463964918497086,0.0004347224139097407,0.33815606863400316,8100.0,8159.0,871.574791111111,30.576724444444444,646.7361422222223,125.62626666666667,6.533848888888889,0.15560000000000002,0.04150666666666667,29.426377586666668,29.475123817777778,30.112218906666666,31.425094871111114,32.521368173333336,32.29515225777778,32.06148036,32.519450391111114,32.127350057777775,32.13771804444444,32.907526035555556,34.84070936888889,35.71024868,35.53772232444444,31.442777675555554,115.16538917333334,36.01010211111111,7.63635480888889,2.3126824755555555,0.37530648888888885,0.2622941422222222,0.10874800000000001,0.07210778222222222,0.04962143555555556,0.03514905333333333,0.02782803111111111,0.01910901333333333,0.01549784,0.013099293333333335,0.016990715555555553,0.020363395555555556,0.014314266666666667,0.010944395555555554,0.007154497777777778,0.008841173333333334,0.013989186666666665,2.47332906395441,10977319.384870501,1917.2938899448304,0.34365,0.223075,0.0,0.028550000000000002,1.9020125,0.03139166666666662,0.03839375,0.0486375,0.0044201333333333,0.132084375,0.0,0.0,0.0,0.020028125,0.2730178571428571,0.02197777777777775,0.0,2.553523142528889,0.0698166666666666,0.018555555555555523,0.012192857142857099,0.0,0.018975,0.11486666666666658,0.055879166666666626,0.07701666666666662,0.09179999999999995,0.0236625,0.0,0.0,0.08786250000000001,0.0,0.6264750000000001,0.033305,0.0,0.20848125,0.20720999999999992,0.018209999999999997,0.033545,0.2893,0.0,0.0,1.70081,0.016135714285714274,0.026849999999999926,0.0,0.006909375000000001,0.0,0.020133333333333277,0.0,0.0140541666666666,0.0,0.0,0.0016875,,,,0.05089123703097728,0.021125,0.2799316550285441,2.876376882480236,1.480848247417999,55.6965311419607,983.22223,899.1319,1.1164277249195131,2024-07-22 02:15:00
2024-07-21 20:30:00,57.32311111111111,1.0,0.019583960454144587,0.19860352952401136,0.0026990068408853925,0.012478019664935235,1.9419692310863708,0.00034943324444444446,0.00039301466666666666,0.0013194626666666667,1.1621146666666668e-26,3.38196e-07,9.529475555555555e-07,9.987546666666668e-06,4.42328e-27,1.0837635555555555e-07,6.121164444444444e-05,4.4494355555555556e-05,3.7191555555555555e-09,0.004977311111111111,0.0002889208888888889,0.0009721542222222223,0.007577875555555556,7.695564444444445e-07,7.792773333333333e-08,0.337,1308.7088888888889,355.94377777777777,0.055288888888888894,355.94377777777777,40.73433,-111.87211,304.11844444444444,19.682222222222222,875.3004444444445,113.93097777777778,1.7297777777777776,426230.57777777774,1971.176,194.35022222222224,11350200.268444443,0.0009715504470409037,0.00013669345042127283,0.0011158249216146816,7.422561605916237e-05,9.626044777577837e-05,0.003676682820644692,0.0052905083682643255,0.1293273688888888,2.024090666666667,3.040513777777778,9.223186711111111,0.2879692444444444,1.1097150666666666,2.4247984444444444,0.0015894222222222,0.2339940444444444,5.049285022222222,0.0056215111111111,2.5142013333333333,0.5638134222222223,0.0863256444444444,0.2375374666666666,0.0025438222222222,0.0003224444444444,0.0829718666666666,0.0423928888888888,0.0036281333333333,0.0179109333333333,0.3892869333333333,0.0325357777777777,0.0007805333333333,0.0025651999999999,4.4215,0.185375,0.09455626621337167,0.003375,0.00020833333333333332,0.074,0.4395,0.193125,0.073,0.009625,0.0,0.01788033553983665,1.6687003699018388,0.1980676330034922,0.215,0.007124999999999999,1.2273507150962986,0.002907573217694475,0.1510898300404358,0.00674494200807625,0.0157167753467788,0.6537166666666667,0.029391393833865284,0.1652506394536074,0.18187891000481174,0.06499437918085534,0.008875000000000001,0.009875,0.0877,0.20537500000000003,0.001,0.008125,0.0609719398599535,0.240875,0.010875,0.0081285714285714,0.041790666099887484,0.008,0.010499999999999999,0.08017437470659834,0.0033372687208799963,0.0045891664396378005,0.02145385148224998,0.008375,0.013875000000000002,0.002,0.013561782872115204,0.009026357096924136,0.002375,0.0022638289547954166,0.005205735967343222,0.024967654401544945,0.0,0.002,0.031130436961739713,0.022434405331107247,0.011978807396498446,0.0047594664748676786,0.012988952816065146,0.08195963193307886,0.006512659315108704,0.0004372761473642148,0.3275581935608955,9000.0,9059.0,871.5640444444444,30.71694222222222,646.9061866666667,126.69142666666667,6.642386666666667,0.15695555555555557,0.04230222222222223,28.758260093333334,29.18085148,29.83815344888889,31.172905595555555,32.26600460444444,32.225750106666666,32.042570768888886,32.472733275555555,32.027727293333335,32.196487097777776,32.832175013333334,34.764947613333334,35.414574915555555,35.292314337777775,31.232175599999998,116.94474419555556,36.95158388444444,7.765469942222222,2.4042912044444447,0.3844427733333333,0.2669192177777778,0.11658461333333332,0.07665853777777777,0.05435296888888889,0.03975544444444445,0.029962533333333333,0.020646964444444447,0.020488524444444444,0.014588746666666668,0.015072400000000001,0.02470880888888889,0.013482715555555556,0.011504373333333333,0.00920011111111111,0.009413782222222222,0.014594004444444444,2.5693838371644913,11192662.790243326,1920.0066088985839,0.3425,0.215,0.0,0.0263375,1.951425,0.03403888888888885,0.0359,0.049575,0.0025438222222222,0.11676875,0.0,0.0,0.0,0.01946875,0.2568785714285714,0.0215444444444444,0.0,2.645307213106667,0.0813666666666666,0.016099999999999948,0.0081285714285714,0.0,0.01265,0.11423333333333324,0.05372499999999995,0.07384999999999994,0.0870333333333333,0.0225,0.0,0.0,0.0877,0.0,0.6537166666666667,0.03183,0.0,0.2049625,0.20101999999999995,0.01688,0.03199,0.28018,0.0,0.0,1.4591,0.01075714285714285,0.02631428571428565,0.0,0.00460625,0.0,0.01799999999999995,0.0,0.0137416666666666,0.0,0.0,0.003375,,,,0.060970569708709114,0.02225,0.29780350824940865,3.3093119935919955,1.9025347055467159,54.101436124280575,874.05554,833.18719,1.2094426463530195,2024-07-22 02:30:00
2024-07-21 20:45:00,55.910222222222224,1.0,0.020284997667147635,0.20005904089488108,0.0027135503487869554,0.01263129573837091,1.9452324567406873,0.00015266961333333334,0.00014298053333333332,0.0004643540444444445,5.983044444444444e-27,1.1709013333333333e-07,3.4823795555555556e-07,3.689282666666667e-06,2.283404888888889e-27,4.069582222222222e-08,2.271830666666667e-05,1.6722684444444443e-05,1.3220053333333333e-09,0.0016189479999999998,0.00010786013333333333,0.00027720031111111106,0.0023318924444444443,2.828369777777778e-07,2.948701777777778e-08,0.337,1308.6955555555555,358.7941777777778,0.05524444444444444,358.7941777777778,40.73433,-111.87211,303.37888888888887,20.344444444444445,875.3595555555555,115.30235555555555,1.6657777777777778,427072.6666666667,1972.284,200.4635555555556,11366540.721333332,0.0009628882221687222,0.00012975536582754307,0.0011062710544598889,7.695449601836472e-05,9.717030089247973e-05,0.00400249312035698,0.005340830074234092,0.0775925288888889,2.183892,3.1269226666666663,9.471520755555556,0.2871589333333333,1.2457660444444445,2.923366888888889,0.0025221777777777,0.2524306666666666,5.274446266666667,0.0049560444444444,2.457168711111111,0.5809776444444446,0.0970534222222222,0.2662873777777778,0.0070648888888888,0.0003999111111111,0.0983434222222222,0.0504512444444444,0.0045076,0.0193220888888888,0.3869630666666666,0.0411006666666666,0.0009524888888888,0.0036763111111111,4.35525,0.17831249999999998,0.09929309169637776,0.0033125000000000003,0.00022916666666666666,0.074,0.43975,0.1934375,0.073,0.0096875,0.0,0.020295687758962268,1.7192837401241834,0.19678086833479264,0.206925,0.0069375,1.0224295075913838,0.0029229776814120624,0.15598281190663127,0.00674494200807625,0.010148906669949671,0.6809583333333333,0.028522723841539442,0.1869218420141478,0.1806838301808031,0.06457497532177975,0.0080625,0.009062500000000001,0.08753749999999999,0.18531250000000002,0.001,0.0079375,0.06801735924952647,0.2195625,0.010562499999999999,0.004064285714285701,0.03847782482552005,0.008,0.010249999999999999,0.07469097259862084,0.004306817069987175,0.0045663423529510114,0.024675586468777662,0.0078125,0.0125625,0.002,0.01753414203897719,0.010760353148771,0.0023125000000000003,0.00338652412899618,0.003427144424245448,0.02450703228938706,0.0,0.002,0.027839813982628626,0.020084355233594996,0.015293434217899401,0.004571783513708467,0.012858643690818678,0.08098680034657396,0.006561353711720322,0.00043982988081868885,0.3169603184877879,9900.0,9959.0,871.6416577777778,30.896857777777775,655.5112622222223,128.16115555555555,6.7456933333333335,0.15752444444444444,0.042728888888888886,29.841837431111113,29.917970337777778,30.71666070222222,31.823040919999997,32.91272757777778,32.797271253333335,32.64450982666667,32.896988604444445,32.40051015555556,32.55372087111111,33.042166084444446,34.82614396888889,35.39192882222222,35.35390808888889,31.26157896888889,118.34252536000001,37.362132933333335,7.895533515555556,2.398355422222222,0.38063127555555554,0.26593106666666666,0.11562633333333333,0.07663990666666667,0.05772945777777778,0.04238957333333333,0.029157466666666666,0.018782995555555557,0.019239875555555556,0.01872494666666667,0.01959247111111111,0.023885955555555557,0.012557142222222224,0.013306084444444446,0.006807604444444445,0.014233226666666664,0.01637304888888889,2.5733878774034564,11208776.442399198,1921.1089411482512,0.34135,0.206925,0.0,0.024125,2.0008375000000003,0.03668611111111107,0.03340625,0.0505125,0.0070648888888888,0.101453125,0.0,0.0,0.0,0.018909375000000003,0.24073928571428568,0.021111111111111053,0.0,2.649133229239001,0.09291666666666659,0.013644444444444376,0.004064285714285701,0.0,0.006325000000000001,0.11359999999999992,0.051570833333333274,0.07068333333333328,0.08226666666666665,0.0213375,0.0,0.0,0.08753749999999999,0.0,0.6809583333333333,0.030355,0.0,0.20144374999999998,0.19482999999999998,0.01555,0.030435,0.27106,0.0,0.0,1.21739,0.005378571428571427,0.025778571428571376,0.0,0.0023031249999999996,0.0,0.015866666666666626,0.0,0.0134291666666666,0.0,0.0,0.0050625,,,,0.06054087457981675,0.023375,0.26720040321779553,3.468644833704464,1.9672794645113472,52.7965449608207,764.88892,769.45337,1.4154406138319875,2024-07-22 02:45:00
2024-07-21 21:00:00,55.01066666666667,1.0,0.02098603488015068,0.20151455226575082,0.0027280938566885183,0.012784571811806587,1.948495682395004,4.405180888888888e-05,2.7317377777777776e-05,8.267771999999999e-05,1.6939773333333332e-27,2.5238195555555556e-08,7.408250222222223e-08,7.793256444444445e-07,6.768385333333334e-28,1.0567260444444444e-08,4.705305777777778e-06,3.4905195555555555e-06,2.983993777777778e-10,0.0002529434888888889,2.2037204444444443e-05,3.6491184e-05,0.0003393708888888889,5.997303111111112e-08,7.446868888888889e-09,0.337,1308.988,280.8135111111111,0.05333333333333334,280.8135111111111,40.734330444444446,-111.87211,302.7291111111111,20.54088888888889,875.3755555555556,116.2491111111111,1.6742222222222223,427968.2222222222,1970.0302222222224,192.46488888888888,11073320.541333333,0.0009542259972965407,0.00012281728123381334,0.0010967171873050964,7.968337597756708e-05,9.808015400918108e-05,0.004328303420069268,0.00539115178020386,0.1252824204884005,2.523446660561661,3.4932884444444445,10.3444408,0.288025111111111,1.241695511111111,3.388672888888889,0.0019209333333333,0.2399513777777777,4.996352,0.0065888888888888,2.008624888888889,0.5187468,0.0831418222222222,0.2231750222222222,0.0053288444444444,0.0007884,0.0919963555555555,0.0471167555555555,0.0035530666666666,0.0197369777777777,0.3364076,0.0483683111111111,0.0017671555555555,0.0041168444444444,4.289,0.17124999999999999,0.08448645336766225,0.0032500000000000003,0.00025,0.074,0.44,0.19375,0.073,0.00975,0.0,0.019298365041501123,1.769867110346528,0.19549410366609307,0.19885,0.00675,0.8175083000864692,0.0029383821451296503,0.13824274833471634,0.00674494200807625,0.004581037993120545,0.7082,0.0276540538492136,0.1544244688398217,0.10340533402997637,0.055450889968044814,0.0072499999999999995,0.00825,0.087375,0.16525,0.001,0.00775,0.06510823620087809,0.19824999999999998,0.010249999999999999,0.0,0.03516498355115261,0.008,0.009999999999999998,0.06920757049064334,0.00390562501845135,0.004543518266264223,0.023345300365466976,0.0072499999999999995,0.01125,0.002,0.01589040872226528,0.010042838200665444,0.0022500000000000003,0.004509219303196944,0.0016485528811476732,0.02404641017722918,0.0,0.002,0.024549191003517535,0.017734305136082748,0.018015497604966662,0.004384100552549256,0.01272833456557221,0.08001396876006908,0.006610048108331941,0.00044238361427316296,0.3063624434146803,10800.0,10859.0,871.6783022222222,31.31315111111111,648.6791377777778,127.59582666666667,6.72096,0.1577911111111111,0.042777777777777776,28.38922838222222,28.99475507111111,29.384190173333334,30.901914644444446,32.20779102666667,32.34830222222222,32.21380138222222,32.68500372888889,32.19589181333333,32.34727993777778,32.93238939555555,34.73057612444445,35.44538130222222,35.144363346666665,31.175937826666665,118.60648656,37.562747542222226,7.9303616888888895,2.3832161377777776,0.36413549333333334,0.2598200222222222,0.11643908444444445,0.07320522222222221,0.05405003111111111,0.03486276888888889,0.029997942222222223,0.019284377777777775,0.023499239999999998,0.018443293333333333,0.023139137777777777,0.02140971111111111,0.015473008888888888,0.012094666666666667,0.007085844444444445,0.011656844444444444,0.014900604444444444,2.416122453422992,10919626.073206265,1918.8666921157355,0.3402,0.19885,0.0,0.0219125,2.05025,0.0393333333333333,0.0309125,0.05145,0.0053288444444444,0.0861375,0.0,0.0,0.0,0.01835,0.2246,0.0206777777777777,0.0,2.4988600018742604,0.1044666666666666,0.0111888888888888,0.0,0.0,0.0,0.1129666666666666,0.0494166666666666,0.0675166666666666,0.0775,0.020175,0.0,0.0,0.087375,0.0,0.7082,0.02888,0.0,0.197925,0.18864,0.01422,0.02888,0.26194,0.0,0.0,0.97568,0.0,0.0252428571428571,0.0,0.0,0.0,0.0137333333333333,0.0,0.0131166666666666,0.0,0.0,0.00675,,,,0.03397,0.0245,0.29541076902865143,2.7,1.2,52.0,655.72223,695.10101,1.9989744615721574,2024-07-22 03:00:00
2024-07-21 21:15:00,55.49155555555556,1.0,0.021687072093153723,0.20297006363662054,0.0027426373645900812,0.012937847885242262,1.9517589080493205,1.0216910034188035e-05,2.2784284888888887e-06,6.172098666666667e-06,1.7787599466666667e-28,2.800902044444444e-09,7.662268e-09,7.817606666666668e-08,7.097372355555555e-29,1.3196070222222223e-09,4.5261830222222224e-07,3.344989644444444e-07,3.3912546222222225e-11,1.5626365777777776e-05,2.037764533333333e-06,1.6865447555555557e-06,1.9195699555555558e-05,6.086252266666667e-09,9.035972444444444e-10,0.337,1308.9004444444445,97.88671111111111,0.05328888888888889,97.88671111111111,40.73433755555556,-111.87211,302.2104444444444,20.35244444444444,875.3626666666665,115.97728888888888,1.6026666666666667,429235.8222222222,1970.9475555555557,194.884,10650387.282222224,0.0009455637724243592,0.0001158791966400836,0.0010871633201503038,8.241225593676943e-05,9.899000712588243e-05,0.004654113719781556,0.005441473486173627,0.0698129436363636,1.831084622895623,2.75396885016835,9.59742615019425,0.2951511608613609,1.1618636161949163,2.8484548390387388,0.0015077777333777,0.2150429651570651,4.919386267610168,0.0069845384726384,1.388630255977356,0.4333629192363192,0.0707062982572982,0.1827984127206127,0.0047011206682206,0.0009119294372294,0.0752893445998446,0.0354676111333111,0.0037918585192585,0.0165625104895104,0.2575163559995559,0.049901201043401,0.0019910052725052,0.0042298625596625,4.22275,0.1641875,0.08765958000493547,0.0031875000000000002,0.0002708333333333333,0.074,0.44025000000000003,0.1940625,0.073,0.0098125,0.001,0.016673171004307676,1.710400332759896,0.1896205777495698,0.1998875,0.0065625,0.726131225064852,0.0029537866088472377,0.11390247967394418,0.007058706506057187,0.006935778494840408,0.6161500000000001,0.031240540386910202,0.12398925532435978,0.11411411066051713,0.04121285615325693,0.0064375000000000005,0.0074375,0.07928125,0.14518750000000002,0.001,0.0075625,0.057450722392093034,0.17693749999999997,0.009937499999999998,0.003,0.034123737663364455,0.008,0.009749999999999998,0.0656556778679825,0.002504047653785235,0.004520694179577434,0.019843666355702665,0.006687499999999999,0.009937500000000002,0.002,0.010147973393769622,0.007536176600006772,0.0021875,0.005631914477397708,0.002736414660860755,0.023784807632921887,0.00075,0.002,0.02291189325263815,0.01655072885206206,0.009130247136773524,0.004196417591390045,0.012598025440325742,0.0790411371735642,0.00665874250494356,0.000444937347727637,0.29576456834157266,11700.0,11759.0,871.7181288888889,33.13652,647.6129733333333,127.1236,6.6590444444444445,0.1568888888888889,0.04235111111111111,27.861010102222224,28.447894164444445,29.126608088888887,30.74747636888889,32.052250746666665,32.311512119999996,32.25144541777778,32.74768412,32.502669884444444,32.57577899555556,33.03616336,35.043864577777775,35.61575636888889,35.44910086222222,31.45352666666667,118.22128998222223,36.944042751111105,7.800356875555555,2.33553568,0.37673356888888887,0.25053721777777777,0.11138789777777779,0.07148443555555556,0.05327470222222222,0.03566707555555556,0.030959622222222222,0.01897035111111111,0.019233853333333332,0.019761977777777776,0.020700693333333336,0.02295222222222222,0.013460004444444446,0.013114284444444445,0.007482164444444444,0.008704146666666666,0.01460128,2.206373250664032,10502563.004709588,1919.7793330155803,0.3163375,0.1814625,0.0,0.020496875,1.9456250000000002,0.035677777777777746,0.029853125,0.051250000000000004,0.0047011206682206,0.06460312500000001,0.0,0.0018222222222222,0.0,0.0137625,0.2043357142857143,0.02018611111111105,0.0,2.298436483226667,0.09943749999999994,0.0083916666666666,0.0,0.0,0.0,0.10677499999999995,0.0442791666666666,0.059541666666666604,0.07055416666666665,0.021275,0.0,0.0,0.07904375,0.0,0.6395916666666667,0.027804999999999976,0.0,0.1806875,0.171145,0.010665000000000001,0.026305,0.232025,0.0,0.0,0.8834,0.0,0.018932142857142828,0.0,0.0,0.0,0.0143958333333333,0.0,0.01286249999999995,0.0,0.0,0.0050625,,,,0.03660549918903354,0.025625000000000002,0.26259848573655037,3.116871790050232,1.6878313051307456,52.4098801366687,546.55554,627.77783,5.013783421519966,2024-07-22 03:15:00
2024-07-21 21:30:00,56.18666666666666,1.0,0.02238810930615677,0.20442557500749026,0.002757180872491644,0.013091123958677939,1.955022133703637,4.689083874725275e-06,9.305180888888889e-08,2.537779244444444e-07,3.655306524835252e-30,1.1155501022222222e-10,3.084928311111111e-10,3.1591452e-09,1.4496823467985672e-30,5.146597497777778e-11,1.8353401777777778e-08,1.3605318666666665e-08,1.3442007111111111e-12,6.706015111111111e-07,8.306499466666668e-08,8.403307555555556e-08,8.696945777777778e-07,2.4547279111111113e-10,3.539873217777778e-11,0.337,1308.6013333333333,180.9281777777778,0.05244444444444444,180.9281777777778,40.734338,-111.87211,301.8042222222222,20.474666666666668,875.4711111111111,116.1268,1.8715555555555556,429852.4444444445,1972.6431111111112,193.95911111111116,10415368.031111112,0.0009369015475521777,0.00010894111204635386,0.001077609452995511,8.514113589597178e-05,9.989986024258379e-05,0.004979924019493844,0.005491795192143394,0.0978622011355311,1.668098921855922,2.5341527997558,9.406100275132276,0.3038380037037037,1.147697615079365,2.8787753367724864,0.0017871015873015,0.1959353854497354,4.867590840740742,0.0066588809523809,0.9600253523809523,0.3618207642857143,0.085287397089947,0.1599024806878307,0.0047093338624338,0.0018975547619047,0.0734703224867724,0.0375510838624338,0.0026541574074074,0.0188219515873015,0.1897164986772486,0.0437999428571428,0.0019275206349206,0.0044217798941798,4.1565,0.157125,0.09409783049366144,0.003125,0.00029166666666666664,0.074,0.4405,0.19437500000000002,0.073,0.009875,0.002,0.01638734572907328,1.650933555173264,0.18374705183304652,0.20092500000000002,0.0063750000000000005,0.6347541500432347,0.002969191072564825,0.09350805327292468,0.007372471004038125,0.009290518996560273,0.5241,0.034827026924606805,0.10673068436818658,0.07924711819542274,0.028976559547421028,0.005625,0.006625000000000001,0.0711875,0.12512500000000004,0.001,0.007375,0.05661698935712581,0.155625,0.009625,0.006,0.0330824917755763,0.008,0.0095,0.062103785245321674,0.0027547225627048456,0.004497870092890645,0.01946241624983201,0.006125,0.008625,0.002,0.01117501941294554,0.007984498030045768,0.002125,0.006754609651598471,0.0038242764405738367,0.02352320508861459,0.0015,0.002,0.021274595501758767,0.015367152568041373,0.009987237690490956,0.004008734630230834,0.012467716315079274,0.07806830558705931,0.006707436901555178,0.0004474910811821111,0.285166693268465,12600.0,12659.0,871.8349066666667,34.56000888888889,636.4486933333334,124.71167111111112,6.544728888888889,0.15698222222222222,0.04136444444444445,26.64647665333333,27.641940808888886,28.5557002,29.975601297777775,31.443948613333337,31.806561635555557,31.754653351111113,32.30408317777778,32.04455853333333,32.05699032888889,32.84250718222222,34.83837832,35.74925493777778,35.604986319999995,31.325243902222223,115.29170168888889,35.73859563111111,7.470213835555556,2.304908808888889,0.3572767866666667,0.24005037777777777,0.10027804444444445,0.07417846222222221,0.05039422666666667,0.043846226666666675,0.027075604444444443,0.019786822222222222,0.018598133333333332,0.019252275555555556,0.018652044444444446,0.020963346666666667,0.017914115555555554,0.011693364444444444,0.008661204444444444,0.01061134222222222,0.01320052888888889,2.0183610643215544,10270805.75244194,1921.4662152989656,0.292475,0.164075,0.0,0.01908125,1.8410000000000002,0.0320222222222222,0.02879375,0.05105,0.0047093338624338,0.04306875,0.0,0.0036444444444444,0.0,0.009175,0.18407142857142855,0.0196944444444444,0.0,2.1187835289377777,0.09440833333333329,0.0055944444444444,0.0,0.0,0.0,0.1005833333333333,0.0391416666666666,0.0515666666666666,0.0636083333333333,0.022375,0.0,0.0,0.0707125,0.0,0.5709833333333333,0.026729999999999948,0.0,0.16344999999999998,0.15365,0.00711,0.02373,0.20211,0.0,0.0,0.79112,0.0,0.01262142857142855,0.0,0.0,0.0,0.015058333333333299,0.0,0.0126083333333333,0.0,0.0,0.003375,,,,0.024068950148214335,0.02675,0.27919067725208974,2.9543639179149723,1.5231267546669804,53.0518586769805,437.38889,580.47052,1.0,2024-07-22 03:30:00
2024-07-21 21:45:00,56.12577777777778,1.0,0.02308914651915981,0.20588108637836,0.002771724380393207,0.013244400032113614,1.9582853593579537,4.321484228571428e-06,3.755804393219588e-09,1.3116034163609692e-08,9.027738702503663e-33,2.763736013781103e-12,7.536406566334832e-12,8.292285694101164e-11,3.4809270873565816e-33,1.2841561033978667e-12,5.245932498097618e-10,3.825510707574554e-10,3.3467621696448855e-14,4.937897831896152e-08,2.5829046163385534e-09,8.958572726131835e-09,7.312431842323382e-08,6.408309900288517e-12,8.683960985354989e-13,0.337,1308.696,322.80693333333335,0.05146666666666667,322.80693333333335,40.73433248888889,-111.87211,300.9953333333333,22.11022222222222,875.6546666666667,113.45577777777777,1.9924444444444445,430255.7333333333,1968.78,194.144,10585326.305333331,0.0009282393226799962,0.00010200302745262411,0.0010680555858407186,8.787001585517413e-05,0.00010080971335928514,0.005305734319206132,0.005542116898113162,0.10977596,1.7089924444444444,2.6445622222222225,9.490037498971398,0.2992946737632737,1.1551484612998115,3.123391823750324,0.0031203285455285,0.192949248037148,4.868965779220779,0.0049811348096348,0.8005371520165021,0.3446606827394827,0.1016588509453509,0.2011061268916269,0.0086883392385392,0.0027501821844821,0.1095025281163281,0.0538555874273874,0.0030955253894253,0.0204663037444037,0.1677408189033188,0.0317401985976985,0.0017494792725792,0.0041078589891589,4.09025,0.1500625,0.10132660810469427,0.0030625,0.0003125,0.074,0.44075,0.1946875,0.073,0.0099375,0.003,0.022049132365617258,1.591466777586632,0.17787352591652325,0.20196250000000002,0.0061875,0.5433770750216174,0.0029845955362824126,0.08861625178369438,0.007686235502019063,0.011645259498280136,0.43205000000000005,0.0384135134623034,0.13778930432928313,0.06794582802529081,0.025010460702251318,0.004812500000000001,0.005812500000000002,0.06309375,0.1050625,0.001,0.0071875,0.07313203881155794,0.1343125,0.0093125,0.009000000000000001,0.03204124588778815,0.008,0.00925,0.058551892622660834,0.004716413680133205,0.004475046006203857,0.027014431210122952,0.0055625,0.007312500000000003,0.002,0.01921230986890282,0.011492899293062932,0.0020625,0.007877304825799236,0.004912138220286919,0.023261602544307293,0.0022500000000000003,0.002,0.019637297750879384,0.014183576284020687,0.016693735617200587,0.0038210516690716225,0.012337407189832806,0.07709547400055441,0.006756131298166797,0.00045004481463658516,0.2745688181953574,13500.0,13559.0,871.97956,32.711622222222225,637.0900755555556,124.84977333333333,6.624475555555555,0.15872444444444442,0.0414,26.910401222222223,27.689957897777777,28.666848031111112,30.138811066666666,31.564079195555557,31.78938542222222,31.71311224,32.341478493333334,32.02422419111111,32.37343910222222,33.00062432,34.85388573777778,35.93036488888889,35.74185588444445,31.577868662222222,114.40503411555555,35.450298942222226,7.4707987511111105,2.361161666666667,0.38779890666666667,0.2229402,0.10273861777777778,0.06955301777777777,0.0561824,0.040570253333333334,0.026413262222222223,0.020618573333333334,0.019773946666666667,0.018467746666666666,0.02080036,0.024792964444444444,0.020826653333333334,0.01598382222222222,0.01188072888888889,0.010068222222222223,0.017087755555555553,2.0708778317125707,10438405.055255098,1917.622865152914,0.26861250000000003,0.1466875,0.0,0.017665625,1.736375,0.02836666666666665,0.027734375,0.05085,0.0086883392385392,0.021534374999999994,0.0,0.0054666666666666,0.0,0.004587500000000001,0.16380714285714282,0.01920277777777775,0.0,2.168965342122548,0.08937916666666665,0.002797222222222201,0.0,0.0,0.0,0.09439166666666665,0.0340041666666666,0.0435916666666666,0.05666249999999995,0.023475,0.0,0.0,0.06238125,0.0,0.502375,0.025654999999999924,0.0,0.1462125,0.136155,0.003554999999999999,0.021155,0.172195,0.0,0.0,0.69884,0.0,0.006310714285714274,0.0,0.0,0.0,0.0157208333333333,0.0,0.012354166666666649,0.0,0.0,0.0016874999999999998,,,,0.020005531756615954,0.027875,0.2862381140248845,2.995137552028784,1.6058547186175955,52.995623983871354,328.22223,539.09833,1.0,2024-07-22 03:45:00
2024-07-21 22:00:00,56.35111111111111,1.0,0.023790183732162858,0.20733659774922972,0.0027862678882947705,0.01339767610554929,1.96154858501227,3.129396833071373e-06,2.2146579449255113e-12,1.0104287769805867e-11,0.0,4.816377970721308e-17,6.300997363397951e-16,1.3159764659771911e-14,0.0,1.464410951160033e-18,1.3853513129162618e-13,9.067976830399619e-14,8.3676986222294445e-19,4.4318406876657774e-11,8.404691369118667e-13,7.997252055431111e-12,6.192800369578667e-11,9.454788783742667e-16,8.044160593973888e-18,0.337,1308.0862222222224,330.85373333333337,0.050133333333333335,330.85373333333337,40.73433617777778,-111.87211,300.0971111111111,22.94088888888889,875.744,112.88484444444445,2.2026666666666666,429241.9555555555,1965.8204444444443,180.1248888888889,10543322.35111111,0.0009195770978078148,9.506494285889436e-05,0.001058501718685926,9.059889581437648e-05,0.00010171956647598649,0.0056315446189184205,0.005592438604082929,0.1732296711111111,1.584441777777778,2.559485333333333,9.0853132,0.2902381333333333,1.0572815111111111,2.477265333333333,0.0017114666666666,0.1919284,4.834803955555556,0.0050203111111111,0.8249078222222223,0.3435217777777778,0.0722070222222222,0.1409515111111111,0.0044728888888888,0.0018798222222222,0.0642455111111111,0.0303885777777777,0.0009176888888888,0.0156865333333333,0.1488935111111111,0.0296636444444444,0.0014324,0.0025475555555555,4.024,0.143,0.087,0.003,0.0003333333333333333,0.074,0.441,0.195,0.073,0.01,0.004,0.01,1.532,0.172,0.203,0.006,0.452,0.003,0.144,0.008,0.014,0.34,0.042,0.072,0.07,0.029,0.004,0.005,0.055,0.085,0.001,0.007,0.033,0.113,0.009,0.012,0.031,0.008,0.009,0.055,0.003,0.004452221919517068,0.011,0.005,0.006,0.002,0.008,0.007,0.002,0.009,0.006,0.023,0.003,0.002,0.018,0.013,0.008,0.0036333687079124115,0.012207098064586338,0.07612264241404954,0.006804825694778415,0.00045259854809105927,0.2639709431222498,14400.0,14459.0,872.0579155555555,30.693080000000002,635.2473466666667,125.73862222222222,6.690097777777778,0.15932444444444446,0.04213777777777778,26.424563626666668,27.237248351111113,28.075851946666667,29.712568715555555,31.323254777777777,31.317476217777777,31.678113946666667,32.14939930222222,31.690761955555555,31.944190333333335,32.56544500444444,34.53621208888889,35.38638748444444,35.128275333333335,31.01080474666667,116.95696932000001,36.92503365333334,7.767936288888889,2.3252167155555554,0.35926215111111115,0.24453543555555554,0.10938867999999999,0.06592586222222223,0.05808493333333333,0.04507702666666667,0.025992337777777777,0.022823053333333336,0.02033854222222222,0.018875564444444444,0.0221902,0.028237582222222224,0.01756114666666667,0.014267133333333333,0.011499795555555555,0.01055432,0.0169822,2.051190623418594,10396984.10369945,1914.6784486063702,0.24475,0.1293,0.0,0.01625,1.63175,0.0247111111111111,0.026675,0.05065,0.0044728888888888,0.0,0.0,0.0072888888888888,0.0,0.0,0.1435428571428571,0.0187111111111111,0.0,2.15015344912498,0.08435,0.0,0.0,0.0,0.0,0.0882,0.0288666666666666,0.0356166666666666,0.0497166666666666,0.024575,0.0,0.0,0.05405,0.0,0.4337666666666666,0.0245799999999999,0.0,0.128975,0.11866,0.0,0.01858,0.14228,0.0,0.0,0.60656,0.0,0.0,0.0,0.0,0.0,0.0163833333333333,0.0,0.0121,0.0,0.0,0.0,,,,0.01293,0.029,0.32377337238808757,2.0,0.6,53.0,249.0,503.48309,1.0,2024-07-22 04:00:00
2024-07-21 22:15:00,57.01422222222222,1.0,0.0244912209451659,0.20879210912009943,0.0028008113961963334,0.013550952178984966,1.9648118106665866,2.4464375735198133e-06,0.0,0.0,0.0,0.0,0.0,0.0,0.0,0.0,0.0,0.0,0.0,0.0,0.0,0.0,0.0,0.0,0.0,0.337,1308.1684444444443,305.31946666666664,0.04884444444444445,305.31946666666664,40.734339555555565,-111.87211,300.1228888888889,22.423555555555556,875.7991111111111,110.94857777777777,2.388,428298.93333333335,1964.9813333333332,174.02977777777778,10248390.951555556,0.0009109148729356333,8.812685826516462e-05,0.0010489478515311333,9.332777577357884e-05,0.00010262941959268783,0.005957354918630709,0.0056427603100526955,0.1828914844444444,1.4174437333333334,2.32228,8.692939644444444,0.2904815555555556,0.9629060444444444,2.1992660444444443,0.0018550222222222,0.1737171111111111,4.723453733333333,0.0052647111111111,0.8481861333333334,0.3364467555555555,0.0512196444444444,0.1156489777777777,0.0041751555555555,0.0005214222222222,0.0459516444444444,0.0188783111111111,0.0006234666666666,0.0124649333333333,0.1317503555555555,0.0305457777777777,0.0009691111111111,0.0024419111111111,3.982875,0.14306249999999998,0.07905529305275324,0.0029375,0.00035416666666666664,0.07393749999999999,0.44075,0.195,0.073,0.0099375,0.003,0.012063300590198715,1.4775806164485425,0.13385778230350667,0.178325,0.006,0.41655500133554646,0.0029375,0.08627471855015399,0.007686235502019063,0.011645259498280137,0.39263333333333333,0.0405625,0.07337313338756526,0.049437246091316105,0.018515019533235737,0.0039375,0.0049375,0.0551125,0.08098964825804207,0.0009702635583421366,0.0069375,0.04400404155531658,0.11231250000000001,0.0088125,0.009000000000000001,0.026422492726393926,0.00775,0.008687499999999999,0.05372159513714997,0.0005080909925928689,0.0044293978328302785,0.013694757439275491,0.004906717811023794,0.006,0.0019375,0.001970292778823564,0.003966492867006663,0.00196875,0.008687499999999999,0.0054560691101434595,0.019483986563034822,0.0022500000000000003,0.0019375,0.015135702504105885,0.013100868585856915,0.0023066044688917218,0.0034456857467532005,0.011486964474157044,0.07355519755455896,0.006853520091390034,0.0004551522815455333,0.25337306804914217,15300.0,15359.0,872.1061511111111,30.10408,626.5458533333333,124.71455111111112,6.605044444444444,0.1586311111111111,0.04215111111111111,25.992127795555557,26.761161608888887,27.63839954666667,29.27554916888889,30.595669017777777,30.884913293333334,30.987649764444445,31.425837017777777,31.264635297777776,31.40342014666667,31.897775408888887,33.640549693333334,34.31799002666666,33.868997004444445,30.151651484444447,117.47132456444446,37.60191255555556,7.956600351111111,2.3787807111111112,0.3389909466666667,0.23784830222222222,0.10728239555555555,0.06743764888888888,0.05351062222222223,0.04107563111111111,0.024621897777777776,0.022265288888888887,0.018757822222222224,0.014073951111111113,0.01887792,0.022599835555555555,0.015377733333333334,0.01364211111111111,0.008556204444444444,0.00930815111111111,0.016691835555555555,1.9129408495417253,10106146.266180636,1913.8436297987603,0.229275,0.12304999999999999,0.0,0.015918750000000002,1.6251250000000002,0.018533333333333325,0.02510625,0.050368750000000004,0.0041751555555555,0.013803125,0.0,0.0054666666666666,0.0,0.0,0.14424285714285712,0.01797777777777775,0.0,2.018050414795556,0.08345,0.0,0.0,0.0,0.0,0.08609166666666665,0.029445833333333275,0.03822083333333327,0.0501416666666666,0.02375,0.0,0.0,0.054400000000000004,0.0,0.46295833333333325,0.024229999999999925,0.0,0.1274625,0.12079,0.0,0.018924999999999997,0.14191499999999999,0.0,0.0,0.54925,0.0,0.0,0.0,0.0,0.0,0.015687499999999972,0.0,0.012245833333333324,0.0,0.0,0.0,,,,0.013350706413604654,0.0280625,0.3294886986215473,2.704443580936785,1.3643739512489192,53.81615793661005,204.0,473.05637,1.0,2024-07-22 04:15:00
2024-07-21 22:30:00,57.876,1.0,0.025192258158168945,0.21024762049096915,0.0028153549040978963,0.013704228252420642,1.9680750363209032,2.637755707847708e-06,0.0,0.0,0.0,0.0,0.0,0.0,0.0,0.0,0.0,0.0,0.0,0.0,0.0,0.0,0.0,0.0,0.0,0.337,1308.8106666666667,285.9993777777778,0.048622222222222226,285.9993777777778,40.73433244444445,-111.87211,300.5762222222222,21.42,875.839111111111,110.66515555555556,2.3217777777777777,428127.4222222222,1965.657333333333,169.68977777777778,10024436.900444444,0.0009022526480634518,8.118877367143488e-05,0.0010393939843763409,9.605665573278119e-05,0.0001035392727093892,0.006283165218342997,0.005693082016022463,0.0708062444444444,1.1000193333333337,1.8719684444444444,8.270539066666666,0.2882863555555556,0.9486378666666668,2.016132133333333,0.0018741777777777,0.1643399555555555,4.607006844444444,0.0036979555555555,0.7999500444444444,0.3253577777777778,0.0493174666666666,0.1072243111111111,0.0057711555555555,0.0025104,0.0466918222222222,0.0202423555555555,0.0003781333333333,0.0155239555555555,0.1232750666666666,0.0265931111111111,0.0009244,0.0021264,3.94175,0.143125,0.07821539085141847,0.002875,0.000375,0.073875,0.4405,0.195,0.073,0.009875,0.002,0.01217960567276773,1.4231612328970853,0.09571556460701335,0.15365,0.006,0.3811100026710929,0.002875,0.08311359849013383,0.007372471004038125,0.009290518996560273,0.4452666666666667,0.039125,0.06702276043744491,0.04507871429642455,0.01698542710103354,0.003875,0.004875,0.055224999999999996,0.07697929651608415,0.0009405271166842732,0.006875,0.044343295630705326,0.111625,0.008624999999999999,0.006,0.021844985452787853,0.0075,0.008374999999999999,0.05244319027429993,0.0006722072356777403,0.0044065737461434894,0.013849891812911163,0.004813435622047588,0.006,0.001875,0.002642697268243277,0.004260007798794401,0.0019375,0.008374999999999999,0.004912138220286919,0.015967973126069648,0.0015,0.001875,0.01227140500821177,0.01320173717171383,0.0028676740655318557,0.0032580027855939895,0.01076683088372775,0.07098775269506839,0.006902214488001652,0.0004577060150000074,0.24277519297603456,16200.0,16259.0,872.1481066666668,30.133946666666667,607.2226266666668,120.90960444444445,6.360737777777778,0.15744444444444444,0.040986666666666664,25.448073608888887,26.007126137777778,26.998758413333334,28.411471000000002,29.654452497777775,30.004508053333332,30.07748556,30.318675306666666,30.208615533333333,30.316689919999998,30.723415222222222,32.36909053777778,32.87077352888889,32.38802332444445,28.881791106666665,114.47511344444443,36.93875212444445,7.8852875511111105,2.256528768888889,0.3252114488888889,0.24589800444444443,0.099821,0.06379320444444445,0.049524622222222224,0.03717064444444444,0.025852377777777776,0.021792244444444445,0.015250648888888888,0.01605061777777778,0.016323102222222222,0.019096551111111113,0.015562088888888888,0.008979808888888888,0.006297079999999999,0.009066017777777777,0.012323346666666667,1.8716922938229086,9885300.632155614,1914.5161718572215,0.2138,0.1168,0.0,0.0155875,1.6185,0.01235555555555555,0.023537500000000003,0.0500875,0.0057711555555555,0.02760625,0.0,0.0036444444444444,0.0,0.0,0.1449428571428571,0.0172444444444444,0.0,1.978635815991111,0.08255,0.0,0.0,0.0,0.0,0.0839833333333333,0.030024999999999948,0.04082499999999995,0.05056666666666659,0.022925,0.0,0.0,0.05475,0.0,0.49215,0.02387999999999995,0.0,0.12595,0.12292,0.0,0.01927,0.14155,0.0,0.0,0.49194,0.0,0.0,0.0,0.0,0.0,0.01499166666666665,0.0,0.01239166666666665,0.0,0.0,0.0,,,,0.011783581068700612,0.027125,0.26318606054991955,2.3879497813043478,1.026962910575513,54.6120635566002,159.0,446.97687,1.0,2024-07-22 04:30:00
2024-07-21 22:45:00,57.650666666666666,1.0,0.025893295371171993,0.2117031318618389,0.0028298984119994593,0.013857504325856317,1.9713382619752198,2.762870709401709e-06,0.0,0.0,0.0,0.0,0.0,0.0,0.0,0.0,0.0,0.0,0.0,0.0,0.0,0.0,0.0,0.0,0.0,0.337,1308.2635555555555,329.0119555555556,0.052577777777777786,329.0119555555556,40.734330711111106,-111.87211,300.5931111111111,21.214222222222222,875.8844444444444,111.81817777777778,2.399111111111111,428481.4666666667,1965.8555555555556,165.48177777777775,10008501.116444444,0.0008935904231912703,7.425068907770512e-05,0.0010298401172215482,9.878553569198354e-05,0.00010444912582609054,0.006608975518055285,0.005743403721992229,0.1221430497777777,1.1427015111111112,2.0132631111111112,8.456398266666667,0.2832412444444444,0.9330840888888888,2.07068,0.0011361777777777,0.1601124444444444,4.547519555555556,0.0046413333333333,0.7035918666666666,0.3149832,0.0480281777777777,0.1029635111111111,0.0043819555555555,0.0019205777777777,0.0444815111111111,0.0193974222222222,0.0008621333333333,0.01114,0.1182208888888888,0.0251896888888888,0.0016963555555555,0.0018160444444444,3.9006250000000002,0.1431875,0.077646108322422,0.0028125,0.0003958333333333333,0.0738125,0.44025000000000003,0.195,0.073,0.0098125,0.001,0.011832296655935617,1.368741849345628,0.05757334691052002,0.128975,0.006,0.34566500400663935,0.0028125,0.0801561314823728,0.007058706506057187,0.006935778494840409,0.4979,0.0376875,0.06381104059896985,0.04247953510262047,0.01607326561825169,0.0038125,0.0048125,0.0553375,0.07296894477412622,0.0009107906750264097,0.0068125,0.043330218671582446,0.1109375,0.008437499999999999,0.002999999999999999,0.01726747817918178,0.00725,0.0080625,0.0511647854114499,0.0005705483162131914,0.004383749659456701,0.013386631174647145,0.004720153433071382,0.006,0.0018125,0.002226188136955339,0.00407819513813764,0.00190625,0.0080625,0.004368207330430377,0.012451959689104472,0.0007499999999999998,0.0018125,0.009407107512317657,0.013302605757570746,0.0025201293748497175,0.0030703198244347784,0.010046697293298455,0.06842030783557781,0.006950908884613271,0.00046025974845448147,0.23217731790292695,17100.0,17159.0,872.1937111111112,30.20235111111111,589.1114533333333,117.54885333333333,6.2189733333333335,0.1583022222222222,0.03996444444444445,24.69358260888889,25.33897862222222,26.169078622222223,27.46356523111111,28.817157097777777,29.050907675555557,29.17442425333333,29.49881087111111,29.198592795555555,29.425939853333333,29.753109022222226,31.32578843555556,31.880793337777778,31.278411946666665,27.992500066666665,111.21710681777778,35.885372582222224,7.719338226666666,2.240829137777778,0.3276135733333333,0.23646592888888887,0.10097314666666667,0.06861818222222223,0.04651969333333333,0.034546035555555556,0.02699894222222222,0.01838366666666667,0.016284577777777778,0.01920361333333333,0.01781620444444444,0.01966036888888889,0.015131733333333335,0.010106271111111112,0.005374662222222223,0.009100155555555555,0.014289488888888889,1.8915869898738196,9869586.032202164,1914.7133801136804,0.198325,0.11055000000000001,0.0,0.01525625,1.611875,0.006177777777777775,0.021968750000000002,0.049806249999999996,0.0043819555555555,0.041409375,0.0,0.0018222222222222,0.0,0.0,0.1456428571428571,0.01651111111111105,0.0,1.997645971607913,0.08165,0.0,0.0,0.0,0.0,0.08187499999999995,0.030604166666666623,0.04342916666666663,0.050991666666666595,0.022099999999999998,0.0,0.0,0.055099999999999996,0.0,0.5213416666666666,0.023529999999999975,0.0,0.1244375,0.12505,0.0,0.019615,0.141185,0.0,0.0,0.43462999999999996,0.0,0.0,0.0,0.0,0.0,0.014295833333333324,0.0,0.012537499999999976,0.0,0.0,0.0,,,,0.010849037102465996,0.026187500000000002,0.2935537130951575,2.4305068267661207,1.1328326799239488,54.40395414487508,114.0,424.36435,1.0,2024-07-22 04:45:00
2024-07-21 23:00:00,58.38133333333334,1.0,0.026594332584175033,0.2131586432327086,0.002844441919901022,0.014010780399291994,1.9746014876295364,3.055206e-06,0.0,0.0,0.0,0.0,0.0,0.0,0.0,0.0,0.0,0.0,0.0,0.0,0.0,0.0,0.0,0.0,0.0,0.337,1308.672888888889,349.63724444444443,0.056711111111111115,349.63724444444443,40.734337288888895,-111.87211,300.46733333333333,21.32888888888889,875.9817777777777,114.30582222222223,2.393777777777778,428085.77777777775,1966.8386666666668,166.9857777777778,9974351.939111112,0.0008849281983190889,6.731260448397539e-05,0.0010202862500667555,0.00010151441565118589,0.00010535897894279189,0.006934785817767572,0.005793725427961997,0.1396769857777777,1.2104001333333334,2.1292226666666667,8.216930088888889,0.2819996444444444,0.9195524444444444,2.071070222222222,0.0016479111111111,0.1556459999999999,4.435142844444444,0.003734,0.6248315111111111,0.3047182222222222,0.0511466666666666,0.1086357333333333,0.0038758666666666,0.0006208888888888,0.0494476444444444,0.0217177333333333,0.0013482222222222,0.0125392,0.1077332444444444,0.0268368444444444,0.0016313777777777,0.0019653777777777,3.8595,0.14325,0.06135867438116507,0.00275,0.00041666666666666664,0.07375,0.44,0.195,0.073,0.00975,0.0,0.012612631549420427,1.3143224657941706,0.019431129214026704,0.1043,0.006,0.3102200053421858,0.00275,0.07722990799998634,0.00674494200807625,0.004581037993120545,0.5505333333333333,0.036250000000000004,0.06808666692251242,0.018100269741070603,0.01418048983395006,0.00375,0.00475,0.05545,0.0689585930321683,0.0008810542333685463,0.00675,0.04560640288413115,0.11025,0.00825,0.0,0.012689970905575707,0.007,0.00775,0.04988638054859987,0.0008497186496246843,0.004360925572769912,0.01442748650317495,0.004626871244095176,0.006,0.00175,0.0033699834247965946,0.004577479424861528,0.001875,0.00775,0.0038242764405738367,0.008935946252139296,0.0,0.00175,0.006542810016423543,0.01340347434342766,0.00619066477660945,0.0028826368632755674,0.009326563702869162,0.06585286297608724,0.006999603281224889,0.0004628134819089555,0.2215794428298193,18000.0,18059.0,872.2734,30.225244444444446,562.0448844444444,111.96001333333334,5.911422222222223,0.1580711111111111,0.038151111111111115,24.00054287111111,24.60947333333333,25.307872635555555,26.442356968888888,27.57961966222222,27.774227160000002,27.839974742222225,28.082503142222222,27.81660658666667,28.017292097777776,28.23517679111111,29.617887573333334,30.139678457777777,29.582837355555558,26.41670152444444,105.79897905777779,34.32050768,7.375839897777778,2.1355293022222224,0.3182346666666667,0.22207017777777777,0.10393896444444443,0.06925334222222222,0.04027492,0.03343306666666667,0.024391577777777777,0.018730124444444444,0.016359133333333335,0.016929546666666666,0.017029644444444443,0.020768804444444445,0.013950382222222222,0.012150217777777778,0.0052506666666666665,0.007605702222222221,0.010872693333333332,1.854140728634619,9835910.835516969,1915.691462318359,0.18285,0.1043,0.0,0.014925,1.60525,0.0,0.0204,0.049525,0.0038758666666666,0.0552125,0.0,0.0,0.0,0.0,0.1463428571428571,0.0157777777777777,0.0,1.96186461301852,0.08075,0.0,0.0,0.0,0.0,0.0797666666666666,0.0311833333333333,0.0460333333333333,0.0514166666666666,0.021275,0.0,0.0,0.05545,0.0,0.5505333333333333,0.02318,0.0,0.122925,0.12718,0.0,0.01996,0.14082,0.0,0.0,0.37732,0.0,0.0,0.0,0.0,0.0,0.0136,0.0,0.0126833333333333,0.0,0.0,0.0,,,,0.0,0.02525,0.3039256961732067,1.6,0.2,56.0,86.5,404.68707,1.0,2024-07-22 05:00:00
2024-07-21 23:15:00,59.83022222222222,1.0,0.02729536979717808,0.21461415460357833,0.002858985427802585,0.014164056472727669,1.977864713283853,2.869544622710622e-06,0.0,0.0,0.0,0.0,0.0,0.0,0.0,0.0,0.0,0.0,0.0,0.0,0.0,0.0,0.0,0.0,0.0,0.337,1309.1022222222223,297.03186666666664,0.05026666666666667,297.03186666666664,40.734339511111116,-111.87211,300.6224444444444,20.971999999999998,876.0817777777778,112.74013333333332,2.380888888888889,427197.4666666666,1967.0697777777775,159.608,9807018.857777778,0.0008762659734469074,6.0374519890245656e-05,0.001010732382911963,0.00010424329561038824,0.00010626883205949324,0.00726059611747986,0.005844047133931765,0.1158587807188367,1.142943109035409,1.9896478769008767,7.6531257760128755,0.2732841353313353,0.8367846535020536,1.916415028882229,0.0019145293928293,0.1443999338106338,4.310473647163947,0.002716561005661,0.5616461921855921,0.2872132085248085,0.0565309737817737,0.1273959845265845,0.0047397815073815,0.0020046002886002,0.0676969014097014,0.0247704239427239,0.0034647052614052,0.0102326647019647,0.0886602848595848,0.0269627752136752,0.0021860037518037,0.0019804989010989,3.818375,0.14331249999999998,0.08140049824574438,0.0026875000000000002,0.0004375,0.07368749999999999,0.43975,0.195,0.073,0.0096875,0.0,0.015480160678084075,1.3722252612042665,0.03622900276955035,0.11196249999999999,0.006,0.277287299597581,0.0026875000000000002,0.07223977716387678,0.00674494200807625,0.008127895048781773,0.551525,0.0348125,0.0822278307725266,0.027277595177383075,0.010738264439256257,0.0036875000000000002,0.0046875,0.06341875,0.06494824129021036,0.0008513177917106829,0.0066875,0.0539707917973828,0.10956250000000001,0.0080625,0.0,0.01709692160081975,0.00675,0.0074375,0.04860797568574983,0.001217005885868454,0.004338101486083123,0.018252360923373304,0.0045335890551189695,0.006,0.0016875,0.004874804531560253,0.005234357050538387,0.0018437500000000001,0.0074375,0.003280345550717296,0.008935946252139296,0.0,0.0016875,0.01086319088585089,0.013504342929284575,0.004730195124794215,0.0026949539021163564,0.008606430112439868,0.06328541811659666,0.007048297677836508,0.0004653672153634296,0.2109815677567117,18900.0,18959.0,872.3489911111112,30.226862222222223,536.3217333333333,106.5602,5.631297777777777,0.15811999999999998,0.03629333333333333,23.47381009777778,23.945231364444446,24.43443909777778,25.485551653333335,26.41885380888889,26.496345528888888,26.538062617777776,26.900109742222224,26.654891111111112,26.64338189777778,26.82468968,28.03106493333333,28.389991777777777,28.244518093333333,25.068073177777777,100.09336986666668,32.685807159999996,7.084378697777778,2.0132914844444447,0.27552872,0.21958184,0.09474934666666666,0.06666477333333334,0.048809679999999994,0.03317287555555556,0.021054528888888886,0.01646272,0.016623053333333335,0.015551964444444445,0.019964648888888888,0.019701071111111114,0.013138875555555556,0.009992919999999999,0.007544875555555555,0.007945653333333334,0.009366395555555554,1.757472723416281,9670900.288679011,1915.9213912272342,0.1978625,0.11196249999999999,0.0,0.015803125,1.6618125,0.0022861111111111,0.0222625,0.05104375,0.0047397815073815,0.0574625,0.0,0.0,0.0,0.0,0.16035,0.0166277777777777,0.0,1.8694945754133327,0.08082083333333333,0.0,0.0,0.0,0.00402916666666665,0.08062499999999995,0.034841666666666625,0.0502458333333333,0.05767499999999995,0.021225,0.0,0.0,0.06341875,0.0,0.551525,0.024605,0.0,0.13531875,0.1402,0.002085,0.020769999999999997,0.16094,0.0,0.0,0.33847499999999997,0.0,0.0,0.0,0.0,0.0,0.014124999999999999,0.0,0.012649999999999976,0.0,0.0,0.0,,,,0.005383126454189785,0.0243125,0.28983633142242615,2.4307477163922626,1.115138173415469,56.416909874855335,79.0,388.34653,1.0,2024-07-22 05:15:00
2024-07-21 23:30:00,60.00444444444444,1.0,0.02799640701018112,0.21606966597444804,0.002873528935704148,0.014317332546163346,1.9811279389381695,3.061379839393939e-06,0.0,0.0,0.0,0.0,0.0,0.0,0.0,0.0,0.0,0.0,0.0,0.0,0.0,0.0,0.0,0.0,0.0,0.337,1308.5017777777778,358.29,0.044222222222222225,358.29,40.73433915555555,-111.87211,300.6033333333333,20.805333333333333,876.0257777777778,112.18382222222223,2.2186666666666666,427788.0888888889,1967.324444444444,157.42,9766311.344444444,0.0008676037485747259,5.3436435296515895e-05,0.0010011785157571704,0.0001069721755695906,0.0001071786851761946,0.007586406417192148,0.005894368839901531,0.0274824136790986,0.7390217901838901,1.4372281114996115,7.686680755555556,0.2796160923280423,0.7886492481481482,1.5000424804232806,0.0020215013227513,0.1460321425925926,4.253568624338625,0.0060655097883597,0.5135100642857142,0.2779335378306878,0.0332310116402116,0.0794236539682539,0.0039061595238095,0.0004300637566137,0.0383725854497354,0.0167049357142857,0.003097115079365,0.0085499793650793,0.0825754843915344,0.026033787037037,0.0014201957671957,0.0022743089947089,3.77725,0.14337499999999997,0.0711124538145993,0.002625,0.0004583333333333333,0.073625,0.4395,0.195,0.073,0.009625,0.0,0.010872393339752085,1.4301280566143624,0.053026876325073996,0.119625,0.006,0.2443545938529763,0.002625,0.06959443385366185,0.00674494200807625,0.011674752104443,0.5525166666666667,0.033375,0.04606708965534813,0.02414840434350632,0.009640099542530187,0.003625,0.004625,0.07138749999999999,0.06093788954825243,0.0008215813500528195,0.006625,0.04053024549069245,0.108875,0.007875,0.0,0.021503872296063792,0.006500000000000001,0.007124999999999999,0.0473295708228998,0.00024659936276158327,0.004315277399396335,0.012106257209746918,0.004440306866142764,0.006,0.0016250000000000001,0.0008989293199774687,0.0034988261909342498,0.0018125,0.007124999999999999,0.002736414660860755,0.008935946252139296,0.0,0.0016250000000000001,0.015183571755278236,0.013605211515141491,0.0014126344357223769,0.0025072709409571453,0.007886296522010575,0.060717973257106095,0.007096992074448126,0.0004679209488179037,0.2003836926836041,19800.0,19859.0,872.3278444444444,30.22611111111111,522.838528888889,103.82270222222222,5.5019511111111115,0.15845777777777775,0.03532444444444445,23.22618860888889,23.62521802222222,23.896989235555555,24.887059373333333,25.889655253333334,25.95806342222222,25.821127035555556,26.248521653333334,25.82617061777778,25.86079919111111,26.040937359999997,27.23619882666667,27.68621188,27.169774822222223,24.365823893333335,97.37600852888889,31.942158582222223,6.92719664,1.9900889555555556,0.2761606933333333,0.20893773333333335,0.09415724,0.06137828,0.039986355555555554,0.030211026666666665,0.019833964444444446,0.019183417777777777,0.0113244,0.014422617777777778,0.018326986666666666,0.020099333333333334,0.013685337777777778,0.011128604444444443,0.006333093333333333,0.007179684444444444,0.012057302222222222,1.7607287440596475,9630757.78378982,1916.1747551979759,0.212875,0.119625,0.0,0.01668125,1.718375,0.0045722222222222,0.024125,0.0525625,0.0039061595238095,0.0597125,0.0,0.0,0.0,0.0,0.17435714285714285,0.0174777777777777,0.0,1.872605829737778,0.08089166666666665,0.0,0.0,0.0,0.0080583333333333,0.0814833333333333,0.03849999999999995,0.0544583333333333,0.0639333333333333,0.021175,0.0,0.0,0.07138749999999999,0.0,0.5525166666666667,0.026029999999999998,0.0,0.1477125,0.15322,0.00417,0.02158,0.18106,0.0,0.0,0.29962999999999995,0.0,0.0,0.0,0.0,0.0,0.01465,0.0,0.012616666666666651,0.0,0.0,0.0,,,,0.00425801494977051,0.023375,0.2375583840502201,2.028010582902013,0.7012191308480519,56.57781498214577,71.5,376.22375,1.0,2024-07-22 05:30:00
2024-07-21 23:45:00,59.61911111111111,1.0,0.028697444223184168,0.2175251773453178,0.002888072443605711,0.01447060861959902,1.9843911645924859,2.5618225788766792e-06,0.0,0.0,0.0,0.0,0.0,0.0,0.0,0.0,0.0,0.0,0.0,0.0,0.0,0.0,0.0,0.0,0.0,0.337,1308.7155555555555,353.4168444444444,0.04844444444444444,353.4168444444444,40.73434,-111.87211,300.298,20.761777777777777,875.9573333333334,113.64164444444444,2.235111111111111,428328.3111111112,1967.4706666666668,158.9728888888889,9685967.82,0.0008589415237025444,4.649835070278616e-05,0.000991624648602378,0.00010970105552879293,0.00010808853829289595,0.007912216716904435,0.0059446905458712986,0.0594628035555555,0.8342379079365079,1.5635615238095235,7.3353108426499425,0.2677399787471787,0.7988106661098161,1.5462819388130389,0.0016852922595922,0.1401711758685758,4.19981857003737,0.0046771534761534,0.4668551844451844,0.2628356952824953,0.0318804964516964,0.089160292059792,0.0028134116624116,0.0005009375830958602,0.0414847462611462,0.0177714272283272,0.0002919376697376,0.011792628075628,0.0834105784474784,0.0282137147741147,0.0013082779442779,0.0015945963776963,3.736125,0.1434375,0.07051613695451323,0.0025625,0.00047916666666666664,0.0735625,0.43925000000000003,0.195,0.073,0.0095625,0.0,0.011361411155479919,1.4880308520244585,0.06982474988059764,0.1272875,0.006,0.21142188810837154,0.0025625,0.06529051207669154,0.00674494200807625,0.015221609160104229,0.5535083333333333,0.0319375,0.05340640474139885,0.02457786274218446,0.009790814587751075,0.0035625,0.0045625,0.07935625,0.056927537806294504,0.0007918449083949561,0.0065625,0.041956677451006195,0.10818749999999999,0.0076875,0.0,0.025910822991307834,0.00625,0.006812499999999999,0.04605116596004977,0.00037491525545793884,0.004292453312709546,0.012758537151980788,0.004347024677166558,0.006,0.0015625,0.0014246553583703208,0.0037283137162645516,0.00178125,0.006812499999999999,0.002192483771004214,0.008935946252139296,0.0,0.0015625,0.019503952624705584,0.013706080100998407,0.0018513121973162232,0.0023195879797979334,0.007166162931581281,0.05815052839761552,0.007145686471059745,0.0004704746822723778,0.18978581761049645,20700.0,20759.0,872.2460177777778,30.129715555555556,509.22809333333333,101.14638222222221,5.354733333333333,0.1583911111111111,0.03464444444444445,22.73682953777778,22.952564706666667,23.476115555555555,24.411813915555555,25.113700324444444,25.39383788,25.110888404444445,25.425193644444445,25.049815457777775,25.05075017333333,25.418453822222222,26.43056982222222,26.805816657777775,26.576583631111113,23.63275447111111,94.89675274666666,31.235157964444443,6.730996511111111,1.9210519244444444,0.2785746711111111,0.2124493111111111,0.07769354666666667,0.05786456888888889,0.04280427111111111,0.03677031555555555,0.019695097777777778,0.021331346666666664,0.010777857777777778,0.012736044444444445,0.017072168888888888,0.02252952,0.011756786666666666,0.011804831111111112,0.008415111111111111,0.007336337777777777,0.00877828888888889,1.6882572488504595,9551529.40409449,1916.320229449938,0.22788750000000002,0.1272875,0.0,0.017559375,1.7749375,0.0068583333333333,0.0259875,0.05408125,0.0028134116624116,0.061962500000000004,0.0,0.0,0.0,0.0,0.1883642857142857,0.0183277777777777,0.0,1.803356498248449,0.08096249999999998,0.0,0.0,0.0,0.012087499999999949,0.08234166666666665,0.04215833333333328,0.058670833333333304,0.07019166666666665,0.021124999999999998,0.0,0.0,0.07935625,0.0,0.5535083333333333,0.027455,0.0,0.16010625,0.16624,0.006255,0.02239,0.20118,0.0,0.0,0.26078499999999993,0.0,0.0,0.0,0.0,0.0,0.015175,0.0,0.012583333333333325,0.0,0.0,0.0,,,,0.0044124282184632435,0.0224375,0.2564759883250405,2.1229475533862465,0.7958786784288846,56.221935573929436,64.0,364.23126,1.0,2024-07-22 05:45:00
