time_local,O3_ppbv,File_Index,HONO_CIMS,PAN_CIMS,APAN_CIMS,PPN_CIMS,HCOOH_CIMS,jNO2_meas,jBrCl,jBr2,jCCl4,jCH2Oa,jCH2Ob,jClNO2,jClOa,jClOb,jCl2,jHNO2,jHNO3,jI2,jNO2,jNO3a,jNO3b,jN2O5,jO3,AOD,Altitude_m,Course_deg,GndSpd_ms,Heading_deg,Lat,Lon,Temp_K,RH_percent,Pressure_mb,WindDir_deg,WindSpd_ms,CO2_Piccaro,CH4_Piccaro,CO_Piccaro,H2O_Piccaro,Br2_CIMS,BrO_CIMS,Cl2_CIMS,ClNO2_CIMS,BrCl_CIMS,NCl3_CIMS,N2O5_CIMS,NO_LIF,NO2_LIF,NOy_LIF,Methanol_PTR,Acetonitrile_PTR,Acetaldehyde_PTR,Ethanol_PTR,Methanethiol_PTR,Acrolein_PTR,Acetone_Propanal_PTR,DMS_PTR,Isoprene_PTR,MVK_MACR_PTR,Benzene_PTR,Toluene_PTR,Styrene_PTR,Benzaldehyde_PTR,C8Aromatics_PTR,C9Aromatics_PTR,Naphthalene_PTR,Octanal_PTR,Monoterpenes_PTR,Nonanal_PTR,C7H4ClF3_PTR,D5_siloxane_PTR,Acetone_WAS,Acrolein_WAS,Benzene_WAS,C2Cl4_WAS,C2HCl3_WAS,CCl4_WAS,CF2Cl2_WAS,CFCl3_WAS,CH2Cl2_WAS,CH3Br_WAS,CycloPentane_WAS,Ethyl_WAS,Ethane_WAS,Ethene_WAS,Ethyne_WAS,Furan_WAS,Isoprene_WAS,Limonene_WAS,MACR_WAS,MethylCycloHexane_WAS,MethylCycloPentane_WAS,Propane_WAS,Propene_WAS,Toluene_WAS,Alpha_Pinene_WAS,Beta_Pinene_WAS,c2Butene_WAS,c2Pentene_WAS,iButane_WAS,iPentane_WAS,iPropylBenzene_WAS,iPropylONO2_WAS,m_p_Xylene_WAS,nButane_WAS,nDecane_WAS,nHeptane_WAS,nHexane_WAS,nNonane_WAS,nOctane_WAS,nPentane_WAS,nPropylBenzene_WAS,nPropylONO2_WAS,o_Xylene_WAS,t2Butene_WAS,t2Pentene_WAS,x123_TriMethylBenzene_WAS,x124_TriMethylBenzene_WAS,x135_TriMethylBenzene_WAS,x13_Butadiene_WAS,x1_Butene_WAS,x1_Pentene_WAS,x224_TriMethylPentane_WAS,x22_DiMethylButane_WAS,x2_EthylToluene_WAS,x2_MethylPentane_WAS,x3_MethylPentane_WAS,x3_x4_EthylToluene_WAS,C4H7NO5_CIMS,ISOPN_CIMS,C5H10O3_CIMS,C5H9NO5_CIMS,C10H17NO4_CIMS,HNO3_CIMS,Time_Start_POPS,Time_Stop_POPS,Press_mb_POPS,Temp_C_POPS,Aerosol_conc_POPS,Surface_area_conc_POPS,Volume_density_POPS,Effective_radius_POPS,Extinction_POPS,Particle_conc_bin01_POPS,Particle_conc_bin02_POPS,Particle_conc_bin03_POPS,Particle_conc_bin04_POPS,Particle_conc_bin05_POPS,Particle_conc_bin06_POPS,Particle_conc_bin07_POPS,Particle_conc_bin08_POPS,Particle_conc_bin09_POPS,Particle_conc_bin10_POPS,Particle_conc_bin11_POPS,Particle_conc_bin12_POPS,Particle_conc_bin13_POPS,Particle_conc_bin14_POPS,Particle_conc_bin15_POPS,Particle_conc_bin16_POPS,Particle_conc_bin17_POPS,Particle_conc_bin18_POPS,Particle_conc_bin19_POPS,Particle_conc_bin20_POPS,Particle_conc_bin21_POPS,Particle_conc_bin22_POPS,Particle_conc_bin23_POPS,Particle_conc_bin24_POPS,Particle_conc_bin25_POPS,Particle_conc_bin26_POPS,Particle_conc_bin27_POPS,Particle_conc_bin28_POPS,Particle_conc_bin29_POPS,Particle_conc_bin30_POPS,Particle_conc_bin31_POPS,Particle_conc_bin32_POPS,Particle_conc_bin33_POPS,Particle_conc_bin34_POPS,Particle_conc_bin35_POPS,Particle_conc_bin36_POPS,HCHO_CRDS,H2O_CRDS,CH4_CRDS,Ethylene,Acetylene,nDecane,Ethylbenzene,Ethane,mpEthyltoluene,oXylene,buta13diene,Styrene,mpXylene,x135_Trimethylbenzene,nPropylbenzene,oEthyltoluene,x224_Trimethylpentane,Toluene,x124_Trimethylbenzene,Isopropylbenzene,Formaldehyde,Benzene,x123_Trimethylbenzene,nHeptane,nNonane,Methylcyclopentane,Propylene,x3_Methylpentane,nHexane,x2_Methylpentane,But1ene,Cyclopentane,nOctane,Isobutane,x22_Dimethylbutane,Propane,Pent1ene,Methylcyclohexane,nButane,nPentane,cis2Pentene,trans2Pentene,Isopentane,cis2Butene,trans2Butene,Isoprene,x23_Dimethylpentane,x3_Methylhexane,x2_Methylhexane,x234_Trimethylpentane,x24_Dimethylpentane,x23_Dimethylbutane,Cyclohexane,Hex1ene,x3_Methylheptane,nUndecane,pDiethylbenzene,mDiethylbenzene,nDodecane,x2_Methylheptane,Alphapinene,Betapinene,NO,NO2,NOy,O3,BLH_Nell_m,BLH_Nell_m_smoothed,jNO2_ratio,time_UTC
2024-08-08 00:00:00,47.004,1.0,0.1075739257142857,0.26511263236755683,0.003723630731551102,0.03746467346077955,1.925076822222222,4.433080497777778e-06,0.0,0.0,0.0,0.0,0.0,0.0,0.0,0.0,0.0,0.0,0.0,0.0,0.0,0.0,0.0,0.0,0.0,0.276,1308.2653333333333,2.140622222222222,0.04711111111111111,2.140622222222222,40.73433986666667,-111.87211,297.41488888888887,21.180444444444444,876.4031111111111,128.5548,0.6662222222222223,451012.97777777776,1986.878222222222,239.79777777777775,8464840.801333334,0.0010397558730158,0.0001006561904761,0.0012734768253968,0.0002724812698412,0.0004362574603174,0.0103023736507936,0.0059617952380952,0.0437990706666666,4.708049777777778,5.991984,12.153051466666666,0.5455678666666668,2.187306177777778,7.832545377777778,0.0044591111111111,0.2363937333333333,3.871523555555556,0.0098049777777777,0.3491101777777778,0.2458721333333333,0.3082919555555555,0.6433484888888888,0.0403602666666666,0.0022015605935126704,0.4064390666666667,0.1755332444444444,0.0087950222222222,0.0434978222222222,0.1871949333333333,0.0705451999999999,0.0061987111111111,0.0159346222222222,3.368,0.226,0.301,0.015,0.0,0.072,0.423,0.195,0.104,0.009,0.049,0.134,2.641,0.448,0.28,0.005,0.191,0.007,0.059,0.099,0.176,0.608,0.1,0.683,0.119,0.047,0.023,0.053,0.264,0.614,0.013,0.008,0.378,0.505,0.073,0.184,0.328,0.064,0.123,0.478,0.034,0.003562878683468125,0.178,0.02,0.075,0.026,0.132,0.062,0.01,0.019,0.034,0.218,0.041,0.029,0.213,0.196,0.11,0.0016310692063492,0.0042475161904761,0.0216188549206349,0.0055679984126984,0.001096026031746,0.1268400526984127,21600.0,21659.0,870.8801511111111,31.913493333333335,894.2747555555555,188.08715555555554,10.172164444444444,0.16198222222222222,0.07032888888888889,36.677292235555555,37.520002417777775,38.00686102666667,39.83213473333333,41.24213531555555,41.63496549333333,41.773457959999995,42.551888577777774,42.65812275555556,43.67417217333333,45.06630182666667,48.35872953333333,50.61903437777778,50.10699230666667,43.195259808888885,163.72059384888888,59.19132224444444,20.53472878222222,6.21628052,0.6522501555555554,0.3812769733333333,0.17770613333333332,0.11841272444444444,0.08364423111111112,0.05468106666666666,0.04376610222222222,0.03694629333333333,0.02587391111111111,0.022070497777777774,0.02014575111111111,0.02680303111111111,0.015363924444444446,0.011950515555555557,0.005293555555555555,0.007096862222222222,0.011232186666666668,2.4412476,8408513.422222223,1946.1997777777776,0.565867860096799,0.21313408602254533,0.0,0.05867444415033528,2.9012147414388125,0.0282444444444444,0.07040145125513146,0.07415833333333333,0.0403602666666666,0.23482667960239761,0.0,0.0,0.0076444444444444,0.218,0.47055136054421776,0.0315888888888888,0.0,2.613162245636734,0.32649065484683537,0.0,0.1651980675300165,0.0,0.176,0.16571315271817263,0.21282190292666506,0.3474292361022623,0.35048059407569254,0.0370624710208315,0.04373614557247361,0.07008411058780624,0.27266274624770687,0.032945117349223764,0.813528373225819,0.05570844234247616,0.05863501852740864,0.5487925641981014,0.5423902015414878,0.00923857142857143,0.021664285714285615,0.7277794817110593,0.01039118190280312,0.005705117108929071,0.2366990947104273,0.0518806122448979,0.0984877750621219,0.07819542092022466,0.04030565476190476,0.04145102040816319,0.09503745373298562,0.052357506032003336,0.013784126984126939,0.14336190476190475,0.0,0.0,,,,0.040180079691716816,0.047,0.24721030077703993,5.98540248044069,4.114022789542172,38.0,301.66666,282.12521,1.0,2024-08-08 06:00:00
2024-08-08 00:15:00,44.49466666666667,1.0,0.1378549793650793,0.2725515139859347,0.0038292122681286575,0.03841055713381853,2.063457404126984,2.693622365201465e-06,0.0,0.0,0.0,0.0,0.0,0.0,0.0,0.0,0.0,0.0,0.0,0.0,0.0,0.0,0.0,0.0,0.0,0.276,1309.534222222222,2.092088888888889,0.04493333333333334,2.092088888888889,40.73433751111111,-111.87211,296.94866666666667,22.504444444444445,876.4506666666665,124.00017777777778,0.8182222222222222,456433.6444444445,1999.6955555555555,250.3275555555556,8846903.509777777,0.0010133784126984,0.0001164215873015,0.0014292885714285,0.0004116222222222,0.0004486869841269,0.0122362657142857,0.0109092374603174,0.0216936222222222,5.066471111111111,6.2197848888888885,13.431827111111112,0.5513486666666666,2.5720229333333333,9.698748222222225,0.0065024888888888,0.2593370666666666,4.597715155555556,0.0080403555555555,0.35000173333333334,0.258284,0.2990739555555555,0.608148,0.0335338666666666,0.001994644628479313,0.3562017777777778,0.1495272,0.0095657777777777,0.0490286222222222,0.1767621777777777,0.0796047555555555,0.0097351555555555,0.0187298666666666,3.400375,0.2245,0.18849479126607577,0.01725,0.000125,0.072125,0.422125,0.19587500000000002,0.10124999999999999,0.009125,0.046875,0.0608133015463382,2.0979127516576526,0.467375,0.29450000000000004,0.0053750000000000004,0.18325,0.006625,0.06399296639187382,0.092625,0.164875,0.6525,0.10187500000000001,0.444610666268875,0.07258518368654793,0.026638606060298397,0.022125,0.049,0.268,0.627375,0.012,0.008125,0.18620450377296474,0.5407500000000001,0.070375,0.172,0.306375,0.06025,0.1135,0.472875,0.01622723042018741,0.003598058601184883,0.07872029799191153,0.01925,0.06924999999999999,0.024,0.06637354575520933,0.03207950624171786,0.01,0.01975,0.0325,0.21275,0.03825,0.026750000000000003,0.201625,0.18375,0.056046143300581615,0.0016409431746031,0.0040886558730158,0.0203287498412698,0.005828066031746,0.0015193806349206,0.1281481279365079,22500.0,22559.0,870.9369111111112,31.837466666666668,915.2107111111111,193.38682222222224,10.528680000000001,0.16316444444444445,0.07251555555555554,36.68871259111111,37.67793611111111,38.49211144444444,40.46075144444445,41.882101657777774,42.47277972444444,42.46416368888889,43.34366080444444,43.549437186666665,44.79550488888889,46.17665200444445,49.752753928888886,52.05101233333333,51.811010044444444,44.84763592,168.5437044711111,60.93164250666667,21.046952915555554,6.443759951111111,0.6646216088888888,0.39667790222222227,0.19741771111111112,0.12380624444444445,0.08812704888888888,0.06305530666666666,0.04789810666666667,0.035244333333333336,0.029071142222222224,0.020690164444444444,0.023878244444444443,0.024977355555555556,0.018688728888888888,0.014343306666666666,0.007565951111111111,0.008617719999999999,0.013848337777777778,2.6324064,8785260.844444444,1957.8130666666664,0.5831834968370575,0.22274575412207004,0.0,0.05882605303228046,3.0509164899678565,0.0282444444444444,0.07057087736447595,0.07420729166666666,0.0335338666666666,0.2353672431200089,0.0,0.0,0.0076444444444444,0.21275,0.47154468537414973,0.0315888888888888,0.0,2.79780453733431,0.3203379653592241,0.0,0.1549495695543503,0.0,0.164875,0.1670801712191838,0.2015931264317434,0.3267585736807425,0.3340033772847664,0.03754599195357891,0.042040029332428404,0.06469148401804889,0.27589125286142496,0.03073354814703765,0.8507895806962688,0.054464561618321417,0.054583227823622585,0.5714150549647599,0.5389008838599177,0.009278392857142858,0.021702321428571328,0.7363584392847632,0.009996737406771455,0.005687876550079269,0.22755783636814841,0.05195854591836729,0.09992537736292789,0.07936432666505913,0.040390215773809524,0.041498469387755026,0.09598821745210406,0.053489801459579045,0.013778670634920588,0.14334880952380952,0.0,0.0,,,,0.02167362830447215,0.046,0.23413409602766327,6.342773021760107,4.284710248120712,42.25356618338534,326.66666,282.12521,1.0,2024-08-08 06:15:00
2024-08-08 00:30:00,41.084,1.0,0.1502301955555555,0.2799903956043125,0.003934793804706212,0.039356440806857504,2.1208972622222224,2.208335457057757e-06,0.0,0.0,0.0,0.0,0.0,0.0,0.0,0.0,0.0,0.0,0.0,0.0,0.0,0.0,0.0,0.0,0.0,0.276,1309.5013333333334,1.671822222222222,0.049466666666666666,1.671822222222222,40.73433995555556,-111.87211,296.4233333333333,23.854666666666667,876.4871111111112,127.88617777777777,1.0577777777777777,463782.5333333333,2012.2475555555557,287.73555555555555,9106655.161333332,0.0008592311111111,9.549273134273136e-05,0.0013673644444444,0.0004789244444444,0.0004329066666666,0.0111368177777777,0.01161804,0.0876714888888888,6.395798222222222,7.710785777777779,15.228447955555556,0.5366367111111111,3.025880222222222,10.874294933333331,0.0074479555555555,0.2909794222222222,7.879186844444445,0.0130674666666666,0.3533050222222222,0.2852682222222222,0.3466884444444444,0.6670787111111112,0.0490963111111111,0.0017877286634459567,0.4074811111111111,0.1737480888888889,0.0091871555555555,0.0522328888888888,0.2084266222222222,0.0929470222222222,0.0109075111111111,0.0362638222222222,3.43275,0.223,0.20951885878511042,0.0195,0.00025,0.07225,0.42125,0.19675,0.0985,0.00925,0.04475,0.06887088889423575,2.2760392335100086,0.48675,0.30900000000000005,0.00575,0.1755,0.00625,0.07168532252064616,0.08625000000000001,0.15375,0.697,0.10375000000000001,0.48903165152305234,0.08886905196384293,0.03235330147977911,0.021249999999999998,0.045,0.272,0.6407499999999999,0.011,0.00825,0.20970794218850403,0.5765,0.06774999999999999,0.16,0.28475,0.0565,0.104,0.46775,0.019141388609688094,0.003633238518901641,0.08946796901900582,0.0185,0.0635,0.022,0.07831321127927415,0.037291354417937884,0.01,0.0205,0.031,0.2075,0.035500000000000004,0.0245,0.19025,0.1715,0.06600887172523329,0.0017280488888888,0.0042508266666666,0.0207889244444444,0.0063545911111111,0.0015995333333333,0.1108208622222222,23400.0,23459.0,870.9835422222222,31.854960000000002,897.26744,189.72948,10.316066666666666,0.16292888888888887,0.07129333333333333,36.38992393777778,37.08721686666667,37.82814306666667,39.697461124444445,40.87430532444444,41.46954145777777,41.74258921333333,42.318681520000005,42.6023934,43.70400036,45.35923192,48.55069521777777,50.773019231111114,50.63755757777778,44.010255533333336,165.4760659688889,59.83454221333333,20.816718204444445,6.3232889199999995,0.650553911111111,0.4143084577777778,0.18820693777777778,0.13973761333333332,0.09001768888888888,0.059566671111111115,0.04352220444444444,0.03228162222222222,0.024321888888888886,0.023872653333333334,0.02355713333333333,0.02281552,0.01576826222222222,0.015501391111111111,0.007971066666666667,0.008042693333333333,0.011759435555555555,2.734430177777777,9041724.844444444,1969.3251111111117,0.600499133577316,0.23235742222159475,0.0,0.05897766191422564,3.200618238496901,0.0282444444444444,0.07074030347382045,0.07425625,0.0490963111111111,0.23590780663762018,0.0,0.0,0.0076444444444444,0.2075,0.4725380102040817,0.0315888888888888,0.0,2.9887530349777776,0.3141852758716129,0.0,0.14470107157868412,0.0,0.15375,0.168447189720195,0.19036434993682175,0.3060879112592228,0.3175261604938403,0.038029512886326326,0.04034391309238319,0.059298857448291546,0.279119759475143,0.028521978944851534,0.8880507881667186,0.05322068089416668,0.05053143711983653,0.5940375457314184,0.5354115661783477,0.009318214285714286,0.021740357142857044,0.744937396858467,0.009602292910739793,0.0056706359912294686,0.2184165780258695,0.052036479591836673,0.1013629796637339,0.08053323240989362,0.04047477678571428,0.04154591836734686,0.09693898117122252,0.054622096887154754,0.01377321428571424,0.1433357142857143,0.0,0.0,,,,0.027528550074306997,0.045,0.27316248740495885,7.668202914200532,5.4018926862758185,39.103602424847715,351.66666,282.12521,1.0,2024-08-08 06:30:00
2024-08-08 00:45:00,39.08844444444445,1.0,0.1685723155555555,0.2874292772226904,0.0040403753412837674,0.040302324479896484,2.2087114844444447,1.399586207936508e-06,0.0,0.0,0.0,0.0,0.0,0.0,0.0,0.0,0.0,0.0,0.0,0.0,0.0,0.0,0.0,0.0,0.0,0.276,1308.6275555555555,2.2603111111111116,0.048266666666666666,2.2603111111111116,40.73434,-111.87211,295.95888888888885,25.157777777777778,876.4137777777778,134.3284888888889,1.0844444444444443,466711.3777777778,2027.6,287.19377777777777,9315032.264,0.0008935555555555,5.661111111111113e-05,0.0014630311111111,0.0007891155555555,0.0004563066666666,0.0163481955555555,0.0155091466666666,0.1087457466666666,7.370349777777777,8.863968,15.06437587936508,0.5142242031746032,3.373071563614164,11.640447926984129,0.0064986063492063,0.3055040952380952,5.647594587301587,0.0132313365079365,0.35919030183150186,0.3155233396825397,0.3397826317460317,0.6516864761904763,0.0526813015873015,0.0015808126984126,0.4047143777777778,0.1717596222222222,0.0115997206349206,0.0618564126984126,0.2174343746031746,0.1021706126984127,0.0132324222222222,0.0329505904761904,3.465125,0.2215,0.2064696131493116,0.02175,0.000375,0.072375,0.420375,0.197625,0.09575,0.009375,0.042625,0.06843614854071439,2.5043981245759,0.506125,0.3235,0.006125,0.16775,0.005875,0.08031010837906302,0.079875,0.142625,0.7415,0.10562500000000001,0.4774292420569728,0.0935014103020185,0.03397899118235897,0.020375,0.040999999999999995,0.276,0.654125,0.009999999999999998,0.008375,0.20843983392177762,0.61225,0.06512499999999999,0.148,0.263125,0.052750000000000005,0.0945,0.462625,0.018902144441243305,0.0036684184366183987,0.0888880874613992,0.017750000000000002,0.057749999999999996,0.019999999999999997,0.07733299841364957,0.036863476381847504,0.01,0.02125,0.029500000000000002,0.20224999999999999,0.03275,0.02225,0.178875,0.15925,0.06519095981983826,0.0018481466666666,0.0045915555555555,0.0202457111111111,0.0070594311111111,0.0017334222222222,0.1117167999999999,24300.0,24359.0,870.9383777777779,31.810084444444445,908.6686933333333,192.61969777777776,10.50628,0.1634711111111111,0.07277777777777777,36.98414092888889,37.70578285777778,38.16099737333333,40.039123924444446,41.301966226666664,41.71486725333333,42.11602369333333,42.81962547111111,42.97449022666667,44.0529478,45.48357559555556,49.30343982666667,51.623608142222224,51.29805017333333,44.48272987111111,168.06873116444447,61.050880742222226,21.181143711111112,6.500114648888888,0.6700094622222221,0.41011858222222225,0.20183952888888887,0.13405986666666667,0.08847071999999999,0.05959628444444444,0.04762680444444445,0.03181165777777777,0.028334404444444444,0.02481806666666667,0.023138044444444446,0.023568324444444445,0.016852564444444443,0.01572776888888889,0.01014411111111111,0.005830297777777777,0.01447086222222222,2.8376301333333336,9244994.266666666,1984.0836,0.6178147703175745,0.24196909032111946,0.0,0.05912927079617082,3.350319987025945,0.0282444444444444,0.07090972958316494,0.07430520833333333,0.0526813015873015,0.23644837015523146,0.0,0.0,0.0076444444444444,0.20224999999999999,0.4735313350340137,0.0315888888888888,0.0,3.145409763920672,0.3080325863840016,0.0,0.1344525736030179,0.0,0.142625,0.1698142082212062,0.1791355734419001,0.28541724883770303,0.30104894370291413,0.038513033819073735,0.03864779685233799,0.053906230878534196,0.2823482660888611,0.02631040974266542,0.9253119956371683,0.05197680017001193,0.04647964641605048,0.6166600364980769,0.5319222484967777,0.009358035714285715,0.021778392857142757,0.7535163544321709,0.00920784841470813,0.005653395432379668,0.2092753196835906,0.05211441326530606,0.1028005819645399,0.0817021381547281,0.04055933779761904,0.0415933673469387,0.09788974489034094,0.055754392314730464,0.01376775793650789,0.14332261904761903,0.0,0.0,,,,0.029194130710185583,0.044,0.2856287040635322,8.63989735468929,6.265953154824171,37.260582190832345,376.66666,282.02948,1.0,2024-08-08 06:45:00
2024-08-08 01:00:00,37.10844444444445,1.0,0.206754579047619,0.2948681588410682,0.004145956877861323,0.041248208152935464,2.2519042311111117,1.0344588461538462e-06,0.0,0.0,0.0,0.0,0.0,0.0,0.0,0.0,0.0,0.0,0.0,0.0,0.0,0.0,0.0,0.0,0.0,0.276,1308.1422222222222,2.2332444444444444,0.045422222222222225,2.2332444444444444,40.73434,-111.87211,295.8882222222222,25.47111111111111,876.4653333333333,140.74293333333333,1.0435555555555556,469198.93333333335,2029.271111111111,294.22933333333333,9408272.231555557,0.0010046206349206,5.916820987654322e-05,0.0014533028571428,0.0013785955555555,0.000429046031746,0.0153303247619047,0.0296114466666666,0.0581589262222222,9.168725777777778,10.56852622222222,15.615923789329193,0.4707334407203907,3.5473732813612315,13.293068142982944,0.0077968894198394,0.3395223695693196,4.772167537608687,0.0103602355163355,0.407336274939875,0.3583369737077737,0.3984350596311096,0.7901571777130276,0.0826212502090502,0.0256479672568172,0.4715292358178858,0.2017125139527139,0.0171719743663743,0.0746801398379398,0.1684069802197802,0.1066268302697302,0.0131844229141229,0.0210406273485773,3.4974999999999996,0.22,0.23236745712047605,0.024,0.0005,0.0725,0.4195,0.1985,0.093,0.0095,0.0405,0.07893485279055276,2.5273670131751587,0.5255,0.338,0.006500000000000001,0.16,0.0055,0.09251493375356674,0.07350000000000001,0.1315,0.786,0.10750000000000001,0.5818061429036536,0.06828841048075499,0.025130687318906365,0.0195,0.037,0.28,0.6675,0.009,0.0085,0.23906384556757407,0.648,0.0625,0.136,0.2415,0.049,0.08499999999999999,0.4575,0.0225059537455204,0.0037035983543351565,0.10289185988311074,0.017,0.052,0.018,0.09209824961401555,0.043308736291763225,0.01,0.022,0.028,0.197,0.03,0.02,0.16749999999999998,0.14700000000000002,0.0775114211874133,0.0020403701587301,0.0057289107936507,0.0218593517460317,0.0082912298412698,0.0017582866666666,0.1306575984126984,25200.0,25259.0,870.9617466666666,31.926995555555557,892.0009333333334,188.5351511111111,10.313431111111111,0.16393333333333338,0.07115111111111111,37.57407838666666,38.003014480000004,38.22516630222222,39.86140965333333,41.040116768888886,41.19048214222222,41.354894084444446,42.00936456888889,42.040197022222216,43.08747141777778,44.33711220888889,47.849978746666665,50.22888634666666,49.791514742222226,43.25560502222222,163.4535378266667,59.79817022666666,20.725807653333334,6.376431155555555,0.6528609288888888,0.40525619555555553,0.1902288888888889,0.13055858222222222,0.09010755555555555,0.06795657777777778,0.04668592444444444,0.036177640000000004,0.03565627111111111,0.02749396888888889,0.02459296888888889,0.028052244444444444,0.01786438222222222,0.01502788888888889,0.008788924444444445,0.0064793555555555556,0.013855302222222221,2.950342088888889,9322227.02222222,1985.5680444444445,0.635130407057833,0.2515807584206442,0.0,0.059280879678116,3.5000217355549887,0.0282444444444444,0.07107915569250943,0.07435416666666667,0.0826212502090502,0.23698893367284268,0.0,0.0,0.0076444444444444,0.197,0.47452465986394565,0.0315888888888888,0.0,3.274386803220067,0.3018798968963904,0.0,0.12420407562735172,0.0,0.1315,0.17118122672221736,0.16790679694697844,0.2647465864161833,0.284571726911988,0.03899655475182115,0.03695168061229279,0.04851360430877685,0.2855767727025792,0.024098840540479304,0.9625732031076181,0.050732919445857186,0.04242785571226442,0.6392825272647353,0.5284329308152076,0.009397857142857144,0.021816428571428473,0.7620953120058747,0.008813403918676466,0.005636154873529867,0.2001340613413117,0.05219234693877545,0.1042381842653459,0.08287104389956257,0.04064389880952381,0.041640816326530536,0.0988405086094594,0.05688668774230617,0.01376230158730154,0.1433095238095238,0.0,0.0,,,,0.02012870847619538,0.043,0.25570469580765104,10.433001014671902,7.54315058969536,29.0,414.5,281.65027,1.0,2024-08-08 07:00:00
2024-08-08 01:15:00,32.99288888888889,1.0,0.2535939596825396,0.30230704045944606,0.004251538414438877,0.04219409182597444,2.299228745079365,1.0067556410256411e-06,0.0,0.0,0.0,0.0,0.0,0.0,0.0,0.0,0.0,0.0,0.0,0.0,0.0,0.0,0.0,0.0,0.0,0.276,1308.0528888888887,2.079511111111111,0.04888888888888889,2.079511111111111,40.73434,-111.87211,295.56555555555553,26.796444444444443,876.5004444444444,132.1530222222222,1.0804444444444445,474794.8444444445,2041.7057777777777,329.2204444444444,9763557.511111112,0.0009752726984126,6.172530864197532e-05,0.0015207104761904,0.0021954758730158,0.0004330834920634,0.0196548546031746,0.0546743,0.09402388,12.628506666666668,13.687812444444448,15.693051225091576,0.4286769160728161,3.643061847224997,12.741440871062272,0.0083840849243349,0.358964942009842,4.8143583206534215,0.0129142055111555,0.4146323978817479,0.3928767742331742,0.4248867367632368,0.8700112297942798,0.1050226407037407,0.0190876193103193,0.5704129084693085,0.2439985860824361,0.0174422457468457,0.0672735225718725,0.1621208232138232,0.1025809489269989,0.0263521457394457,0.0224545741166241,3.5298749999999997,0.2185,0.2440471340212465,0.026250000000000002,0.000625,0.072625,0.41862499999999997,0.19937500000000002,0.09025,0.009625,0.038375,0.09447257096817623,2.70748436126987,0.544875,0.35250000000000004,0.006875,0.15225,0.005125,0.10236114848119873,0.067125,0.120375,0.8305,0.109375,0.6419987929346288,0.06505566932734566,0.02399618225247114,0.018625,0.033,0.284,0.680875,0.008,0.008624999999999999,0.28438632071282544,0.6837500000000001,0.059875,0.124,0.219875,0.04525,0.0755,0.45237499999999997,0.027593640822734827,0.0037387782720519143,0.12361695739364204,0.01625,0.04625,0.016,0.11294313106619762,0.05240784858775753,0.01,0.02275,0.0265,0.19175,0.02725,0.017750000000000002,0.156125,0.13475,0.09490486428961566,0.0021406288888888,0.0063744123809523,0.0220244196825396,0.008963438095238,0.001907085079365,0.1357076911111111,26100.0,26159.0,871.0134,32.00621777777778,870.1098000000001,183.56474222222224,10.140955555555555,0.16546666666666668,0.06922222222222223,37.94426254222222,38.02058145777778,37.98532468,39.37423396444444,40.181306075555554,40.51198718666667,40.27412945333333,41.150884497777774,40.80862579555556,41.7784822,43.03433642222222,46.442051320000004,48.427187186666664,48.185207284444445,41.831459351111114,158.0627411288889,58.07666908,19.911694146666665,6.251561266666667,0.6606539244444445,0.40867462666666665,0.18769049333333332,0.13882575555555557,0.09175703555555555,0.07548893777777778,0.05221075555555556,0.038340782222222224,0.03623298666666667,0.029806693333333335,0.033153635555555554,0.03307265777777778,0.021821622222222222,0.014258204444444445,0.00871096,0.010348315555555555,0.015949906666666666,3.0772199555555555,9683210.222222222,1997.208755555556,0.6524460437980915,0.2611924265201689,0.0,0.059432488560061184,3.649723484084033,0.0282444444444444,0.07124858180185392,0.074403125,0.1050226407037407,0.23752949719045396,0.0,0.0,0.0076444444444444,0.19175,0.4755179846938776,0.0315888888888888,0.0,3.346408264695287,0.2957272074087791,0.0,0.11395557765168551,0.0,0.120375,0.17254824522322856,0.15667802045205678,0.24407592399466355,0.2680945101210619,0.03948007568456856,0.03525556437224758,0.0431209777390195,0.28880527931629724,0.02188727133829319,0.9998344105780679,0.04948903872170244,0.038376065008478365,0.6619050180313938,0.5249436131336376,0.009437678571428573,0.021854464285714185,0.7706742695795785,0.008418959422644801,0.005618914314680066,0.19099280299903282,0.052270280612244834,0.10567578656615188,0.08403994964439705,0.04072845982142857,0.04168826530612237,0.09979127232857785,0.05801898316988188,0.013756845238095191,0.14329642857142857,0.0,0.0,,,,0.01896636509236144,0.042,0.27692016583549467,13.88263878486265,9.880380441813543,31.63095579672972,467.0,281.27231,1.0,2024-08-08 07:15:00
2024-08-08 01:30:00,31.98755555555556,1.0,0.2548109742857143,0.3097459220778239,0.004357119951016433,0.04313997549901342,2.354065123492064,9.790524358974359e-07,0.0,0.0,0.0,0.0,0.0,0.0,0.0,0.0,0.0,0.0,0.0,0.0,0.0,0.0,0.0,0.0,0.0,0.276,1308.1902222222222,1.7488,0.0492,1.7488,40.73434,-111.87211,295.1228888888889,26.378222222222224,876.5191111111111,111.76155555555556,0.7106666666666667,475130.4444444445,2045.2226666666668,332.89733333333334,9787138.32311111,0.0009736263492063,6.428240740740742e-05,0.0013689355555555,0.0020887085714285,0.000435626031746,0.0170906355555555,0.0389696999999999,0.1034280021626521,12.794348464868465,14.585586375106375,16.636939555555553,0.4500318222222222,3.7691276888888887,12.813649466666668,0.0079436444444444,0.3601658222222222,5.147826355555555,0.0122580444444444,0.3724319555555555,0.3838624444444444,0.4159493333333333,0.8280980444444445,0.0903485777777777,0.0125512888888888,0.5490116,0.2311343555555555,0.0161448,0.0695326222222222,0.1839124444444444,0.1157212444444444,0.0190539555555555,0.0271060888888888,3.5622499999999997,0.217,0.240100844193509,0.0285,0.00075,0.07275,0.41774999999999995,0.20025,0.0875,0.00975,0.036250000000000004,0.0911097559481405,2.751839073152336,0.56425,0.367,0.00725,0.14450000000000002,0.00475,0.0997914455479044,0.06075,0.10924999999999999,0.875,0.11125,0.6104053342222394,0.07626230490532751,0.027929062813448067,0.017750000000000002,0.028999999999999998,0.288,0.69425,0.006999999999999999,0.008749999999999999,0.2745772162856939,0.7195,0.057249999999999995,0.11199999999999999,0.19825,0.0415,0.066,0.44725,0.02604586927258618,0.003773958189768672,0.11913144231328165,0.0155,0.040499999999999994,0.013999999999999999,0.10660172012872048,0.049639724894297486,0.01,0.0235,0.025,0.1865,0.0245,0.0155,0.14475,0.1225,0.08961344679790591,0.0021173092063492,0.0058963434920634,0.0213110209523809,0.0082271082539682,0.0019591276190476,0.1070316787301587,27000.0,27059.0,871.0440355555555,32.07183555555556,882.0531288888889,186.99136444444446,10.387013333333334,0.16642222222222222,0.07082222222222222,38.06535691111112,38.14496063111111,38.090750075555555,39.61405316888889,40.474856097777774,40.689080417777774,40.81741815555555,41.28042302666667,41.426649839999996,42.12646650222222,43.741166,47.16950739111111,49.15701800888889,49.004122244444446,42.79901556,161.30170186222222,59.316469048888884,20.582001382222224,6.361273057777778,0.6624069288888889,0.4099902044444444,0.1959080311111111,0.14322387111111112,0.09424060444444445,0.0705902488888889,0.05246290666666666,0.04004018222222223,0.03436555111111111,0.03409057777777778,0.03597668888888889,0.039041391111111115,0.024886404444444447,0.017562791111111108,0.009539604444444443,0.01042928,0.016119755555555556,3.1160991555555557,9701110.755555555,2000.0753333333328,0.66976168053835,0.2708040946196936,0.0,0.059584097442006365,3.799425232613077,0.0282444444444444,0.07141800791119841,0.07445208333333334,0.0903485777777777,0.23807006070806525,0.0,0.0,0.0076444444444444,0.1865,0.4765113095238096,0.0315888888888888,0.0,3.439628974311112,0.28957451792116784,0.0,0.10370707967601932,0.0,0.10924999999999999,0.17391526372423974,0.14544924395713513,0.22340526157314378,0.2516172933301357,0.039963596617315966,0.03355944813220237,0.03772835116926215,0.29203378593001533,0.019675702136107073,1.0370956180485176,0.048245157997547694,0.034324274304692315,0.6845275087980522,0.5214542954520676,0.0094775,0.021892499999999898,0.7792532271532824,0.008024514926613139,0.005601673755830265,0.1818515446567539,0.05234821428571422,0.10711338886695787,0.08520885538923154,0.04081302083333333,0.04173571428571421,0.10074203604769627,0.05915127859745759,0.01375138888888884,0.14328333333333332,0.0,0.0,,,,0.02299575009442626,0.041,0.2824830580426372,14.047994380874686,10.553067679120566,30.702467652109952,519.5,280.89435,1.0,2024-08-08 07:30:00
2024-08-08 01:45:00,37.400888888888886,1.0,0.2059647844444444,0.3171848036962017,0.004462701487593988,0.04408585917205239,2.336922661269841,9.513492307692308e-07,0.0,0.0,0.0,0.0,0.0,0.0,0.0,0.0,0.0,0.0,0.0,0.0,0.0,0.0,0.0,0.0,0.0,0.276,1308.6075555555556,1.6586666666666665,0.0484,1.6586666666666665,40.73434,-111.87211,294.78377777777774,27.22533333333333,876.5004444444444,124.2512888888889,0.8711111111111111,470039.5111111111,2042.2062222222223,309.5,9775170.206666663,0.0009016793650793,6.683950617283951e-05,0.0013839317460317,0.0013377358730158,0.0004523406349206,0.0165118784126984,0.0151906133333333,0.110725568981463,7.861126431605431,9.370299917545418,16.615321022222222,0.4859670222222222,3.5593562666666667,12.748949777777778,0.0084051555555555,0.3383540444444444,5.030623377777777,0.0093963111111111,0.35034062222222223,0.3537403111111111,0.3952634666666667,0.7294098222222222,0.0656371111111111,0.0027474222222222,0.4721640444444445,0.2003454222222222,0.0128946222222222,0.0696536,0.2342920888888889,0.1130752,0.0104756,0.0266734666666666,3.5946249999999997,0.2155,0.23096704757742825,0.03075,0.000875,0.072875,0.416875,0.201125,0.08475,0.009875,0.034125,0.07903460108338735,2.7230550671280724,0.583625,0.3815,0.007625,0.13675,0.004375,0.09120456929665767,0.054375,0.09812499999999999,0.9195,0.113125,0.5360158014737069,0.10217071758661253,0.03702141634729465,0.016875,0.024999999999999998,0.292,0.707625,0.005999999999999999,0.008875,0.23935480460487255,0.75525,0.05462499999999999,0.09999999999999999,0.176625,0.037750000000000006,0.056499999999999995,0.442125,0.02234147086545407,0.00380913810748543,0.10302490986328627,0.01475,0.034749999999999996,0.011999999999999999,0.09142434296766314,0.043014565645302885,0.01,0.02425,0.0235,0.18125,0.02175,0.013250000000000001,0.133375,0.11025,0.07694909815686905,0.0019992473015873,0.0050598457142857,0.0190260428571428,0.0069092149206349,0.0017442355555555,0.0971873622222222,27900.0,27959.0,871.0189777777778,31.981186666666666,943.7945822222223,201.0187688888889,11.089488888888889,0.1653822222222222,0.07636,38.769081066666665,38.93009424,39.781561715555554,41.677643053333334,42.688267564444445,43.42975698666667,43.61007041777778,44.22388502222223,44.29708020888889,45.35525030666667,47.240573133333335,51.264558826666665,53.34588976444444,53.18937415111111,46.49198563111111,174.3491006222222,63.99275695111111,22.29122017777778,6.8646779377777785,0.7341999022222222,0.43971598222222225,0.21348596,0.14905328888888889,0.09665476444444444,0.07213393777777778,0.05126922222222222,0.04129724888888889,0.032294986666666664,0.031373106666666664,0.029774591111111113,0.03616182222222222,0.022492048888888887,0.01813080888888889,0.008865968888888888,0.009040755555555556,0.01584939111111111,3.1416088444444443,9714687.822222222,1998.2150666666664,0.6870773172786084,0.2804157627192183,0.0,0.059735706323951546,3.949126981142121,0.0282444444444444,0.0715874340205429,0.07450104166666667,0.0656371111111111,0.23861062422567653,0.0,0.0,0.0076444444444444,0.18125,0.4775046343537416,0.0315888888888888,0.0,3.3379061778631134,0.2834218284335566,0.0,0.09345858170035312,0.0,0.09812499999999999,0.17528228222525094,0.13422046746221347,0.20273459915162403,0.2351400765392096,0.04044711755006338,0.03186333189215717,0.03233572459950481,0.2952622925437334,0.017464132933920958,1.0743568255189673,0.047001277273392955,0.030272483600906258,0.7071499995647108,0.5179649777704975,0.009517321428571429,0.021930535714285614,0.7878321847269862,0.007630070430581475,0.005584433196980465,0.172710286314475,0.052426147959183614,0.10855099116776387,0.086377761134066,0.04089758184523809,0.041783163265306046,0.10169279976681472,0.0602835740250333,0.013745932539682492,0.1432702380952381,0.0,0.0,,,,0.03231121045350006,0.04,0.2867998434783568,9.129235187385225,6.645339331166883,35.70201920006255,572.0,280.51639,1.0,2024-08-08 07:45:00
2024-08-08 02:00:00,44.63422222222222,1.0,0.1495791339682539,0.3246236853145796,0.004568283024171543,0.04503174284509137,2.2161183504761905,9.236460256410257e-07,0.0,0.0,0.0,0.0,0.0,0.0,0.0,0.0,0.0,0.0,0.0,0.0,0.0,0.0,0.0,0.0,0.0,0.276,1308.5862222222224,2.366044444444445,0.048133333333333334,2.366044444444445,40.73434,-111.87211,294.95044444444443,25.660444444444447,876.4831111111112,120.92395555555555,1.1866666666666668,457275.6,2020.9844444444443,276.9644444444445,9175887.38888889,0.0008583438095238,6.93966049382716e-05,0.0013446053968253,0.0007833139682539,0.0004056838095238,0.0138943269841269,0.0131473406349206,0.155277497047619,5.534977746031745,7.668822920634921,14.028182088888888,0.4909757777777778,2.855197111111111,8.979229555555555,0.0059153333333333,0.3025810222222222,4.458006088888889,0.0108038666666666,0.27951004444444444,0.3337676888888889,0.3035657777777777,0.4864889777777778,0.0368740444444444,0.00401757777777775,0.2970489333333333,0.1268060888888889,0.0097687111111111,0.0529375555555555,0.1798501333333333,0.0857231111111111,0.0086267111111111,0.0170810666666666,3.627,0.214,0.253,0.033,0.001,0.073,0.416,0.202,0.082,0.01,0.032,0.06,3.867,0.603,0.396,0.008,0.129,0.004,0.077,0.048,0.087,0.964,0.115,0.355,0.113,0.039,0.016,0.021,0.296,0.721,0.005,0.009,0.183,0.791,0.052,0.088,0.155,0.034,0.047,0.437,0.013,0.0038443180252021878,0.075,0.014,0.029,0.01,0.051,0.027,0.01,0.025,0.022,0.176,0.019,0.011,0.122,0.098,0.044,0.0024819911111111,0.0061725596825396,0.0253364904761904,0.0090983158730158,0.0015241092063492,0.0961342492063492,28800.0,28859.0,870.9928577777778,32.05053777777778,1031.8601866666666,219.27849333333333,12.059733333333332,0.16480444444444445,0.08364444444444444,42.430968048888886,43.13576630222222,43.93420046222222,45.91322516,47.59387152888889,48.183569973333334,48.21575640444444,49.46951590222223,49.124982564444444,50.22603844444445,52.04879148444444,55.87085818222222,58.03836317333333,57.33655185333334,49.60263978222223,185.84920563111112,69.45788611555555,25.314135915555553,7.885826431111112,0.8515077155555556,0.4889714711111111,0.24756164,0.15560856,0.10861968000000001,0.07429667555555555,0.05371634222222222,0.04721712888888888,0.0365822,0.028763875555555554,0.027324599999999998,0.034090635555555554,0.018055302222222225,0.020590657777777778,0.009041328888888889,0.011813408888888887,0.014265084444444444,3.0372013333333334,9124722.888888888,1978.8972888888889,0.7043929540188669,0.29002743081874305,0.0,0.05988731520589673,4.098828729671165,0.0282444444444444,0.0717568601298874,0.07455,0.0368740444444444,0.23915118774328775,0.0,0.0,0.0076444444444444,0.176,0.47849795918367355,0.0315888888888888,0.0,3.34005853175899,0.27726913894594535,0.0,0.08321008372468693,0.0,0.087,0.17664930072626212,0.12299169096729182,0.1820639367301043,0.21866285974828348,0.04093063848281079,0.030167215652111962,0.02694309802974746,0.29849079915745147,0.015252563731734845,1.1116180329894172,0.04575739654923821,0.0262206928971202,0.7297724903313693,0.5144756600889275,0.009557142857142858,0.02196857142857133,0.7964111423006901,0.0072356259345498115,0.005567192638130663,0.1635690279721961,0.052504081632652994,0.10998859346856987,0.08754666687890049,0.040982142857142856,0.04183061224489788,0.10264356348593316,0.06141586945260901,0.013740476190476143,0.14325714285714286,0.0,0.0,,,,0.03779077073471649,0.039,0.31315398575403497,6.809906125072387,5.370450607733701,31.0,622.75,280.13843,1.0,2024-08-08 08:00:00
2024-08-08 02:15:00,41.00533333333333,1.0,0.1932346784126984,0.33206256693295744,0.004673864560749098,0.04597762651813035,2.378898267936508,8.959428205128205e-07,0.0,0.0,0.0,0.0,0.0,0.0,0.0,0.0,0.0,0.0,0.0,0.0,0.0,0.0,0.0,0.0,0.0,0.276,1308.5724444444445,1.696488888888889,0.047599999999999996,1.696488888888889,40.73434,-111.87211,295.1046666666666,25.951555555555554,876.5044444444445,106.44662222222223,0.7395555555555556,464427.9111111111,2046.130666666667,288.3417777777778,9629926.139555557,0.0008367358730158,7.195370370370371e-05,0.0017739657142857,0.0012823603174603,0.0004287136507936,0.0263584177777777,0.0310981263492063,0.06211048,6.330374666666667,8.036646222222222,16.897256533333334,0.5421685777777777,3.2982114222222223,12.0812268,0.0055501777777777,0.3417596444444444,4.918872755555555,0.0099680888888888,0.23756631111111112,0.3249859555555555,0.3448957333333334,0.5918786222222222,0.0495082222222222,0.0052877333333333,0.3976948,0.1686106666666666,0.016782,0.0750272,0.1543139111111111,0.1059019111111111,0.0132772888888888,0.0222912,3.9608749999999997,0.226375,0.20872729133743553,0.042375,0.001875,0.073125,0.41874999999999996,0.209625,0.08850000000000001,0.009875,0.05025,0.06733315329071494,2.7490477342653854,0.652,0.4175,0.00775,0.11837500000000001,0.00375,0.08300760362667728,0.056625,0.102375,1.138625,0.123625,0.43234708117487053,0.06104085932314588,0.022587216277655652,0.017375,0.025500000000000002,0.35862499999999997,0.873,0.006625,0.009125,0.20522247122849466,0.891,0.061,0.1035,0.185125,0.043125000000000004,0.057625,0.51675,0.018523275000790783,0.0038794979429189456,0.0874168492880352,0.015125,0.035250000000000004,0.014,0.07578072358773569,0.036185884475765595,0.0105,0.0275,0.028874999999999998,0.193375,0.02175,0.01475,0.14175,0.11575,0.063895706405927,0.0023545587301587,0.0051938349206349,0.0223141914285714,0.0086804361904761,0.0017599206349206,0.1246070412698412,29700.0,29759.0,871.0159822222223,32.040484444444445,1059.3965822222222,227.05106222222224,12.533466666666667,0.16546222222222223,0.08702666666666667,41.33246764,42.62393178222222,43.599964937777784,46.10216306222222,48.06893109333334,48.86508588444444,49.12728626222222,50.36457935111112,50.63697772888889,51.89723157777778,53.89868774222222,57.965620386666664,60.423087111111116,59.87543866222222,51.83127036,193.69291344444446,72.16957329777779,26.324435293333334,8.3000454,0.8612182755555556,0.5071914177777778,0.25058425333333334,0.17234266222222225,0.11401521333333334,0.07216035999999999,0.05831656888888889,0.04456579555555555,0.03630962222222222,0.029565666666666667,0.03581015111111111,0.040161688888888894,0.02205491111111111,0.017819391111111114,0.008966888888888889,0.012287017777777777,0.013485813333333334,3.1723406666666665,9530877.244444445,1999.8949333333333,0.7481847579039077,0.30427921455252105,0.0,0.06003892408784192,4.501777971225689,0.0282444444444444,0.07192628623923189,0.07459895833333333,0.0495082222222222,0.23969175126089903,0.0,0.0,0.0076444444444444,0.193375,0.4794912840136055,0.0315888888888888,0.0,3.464958009915336,0.3000853624625038,0.0,0.09644772694325576,0.0,0.102375,0.18293758583091355,0.13926195894972931,0.21085948380285724,0.24727165373692445,0.042542374925302155,0.044733861007794314,0.03297432511434449,0.34903710582847514,0.01746413293392096,1.2578368724169968,0.05145851653494745,0.0317025273787131,0.7930521847835609,0.5687728474265294,0.009596964285714287,0.022006607142857043,0.8939065853812871,0.007855467285456712,0.005549952079280863,0.1510366576642331,0.05258201530612239,0.11142619576937587,0.08871557262373497,0.04106670386904762,0.04187806122448972,0.1035943272050516,0.06254816488018472,0.013735019841269794,0.1432440476190476,0.0,0.0,,,,0.017522826119001182,0.036625,0.2580421885939321,7.60297116237792,5.646054556691631,39.030948843239536,671.5,279.76047,1.0,2024-08-08 08:15:00
2024-08-08 02:30:00,35.30755555555556,1.0,0.2374477688888888,0.33950144855133524,0.004779446097326653,0.04692351019116933,2.495054506666667,8.682396153846154e-07,0.0,0.0,0.0,0.0,0.0,0.0,0.0,0.0,0.0,0.0,0.0,0.0,0.0,0.0,0.0,0.0,0.0,0.276,1308.972888888889,1.6247111111111112,0.0492,1.6247111111111112,40.734341244444444,-111.87211,294.69,27.34311111111111,876.5964444444445,99.99746666666667,0.6297777777777778,472293.3333333333,2082.913777777778,311.4937777777778,10107143.338222222,0.0008833866666666,7.451080246913581e-05,0.0018568311111111,0.0020187688888888,0.0004521111111111,0.0242995733333333,0.0487222711111111,0.0314661933333333,8.185903111111111,9.684169333333331,18.76555782222222,0.5700265333333333,3.793201688888888,14.5152684,0.0058243555555555,0.3842488444444444,5.30084671111111,0.0105307555555555,0.16912697777777777,0.3235716444444445,0.3771740444444444,0.70472,0.0762140444444444,0.0103879555555555,0.5007904444444444,0.2276346666666666,0.0217424888888888,0.0951455555555555,0.1489188,0.1209501777777777,0.0172967111111111,0.0275041777777777,4.29475,0.23875,0.22297970500471245,0.051750000000000004,0.00275,0.07325,0.4215,0.21725,0.095,0.00975,0.0685,0.08353270399273069,3.2976823322707425,0.701,0.439,0.0075,0.10775,0.0035,0.08260442785033098,0.06525,0.11775,1.31325,0.13225,0.5174050260701363,0.058266350557364656,0.02161352426141485,0.01875,0.030000000000000002,0.42125,1.025,0.00825,0.00925,0.25247546717443126,0.991,0.07,0.119,0.21525,0.052250000000000005,0.06825,0.5965,0.025624801033387958,0.003914677860635703,0.10902473688697374,0.01625,0.0415,0.018000000000000002,0.10487655161969898,0.048886662228572596,0.011,0.03,0.03575,0.21075,0.0245,0.0185,0.1615,0.1335,0.0881739269631584,0.0023114266666666,0.0044653911111111,0.0186727911111111,0.0084118888888888,0.0021701422222222,0.1200205466666666,30600.0,30659.0,871.1082044444445,32.08931555555555,1033.6325422222224,222.30055555555555,12.32156,0.16609333333333334,0.08486666666666667,40.18056844,41.35253851111111,41.97852947111111,44.212768546666666,45.947721111111115,46.67504280444444,46.95001720888889,48.216614964444446,48.55278198222222,49.93397957777778,51.980307759999995,56.50863917777778,59.358939586666665,59.560430017777776,52.06858962666667,194.39675683555555,71.14395934222222,24.630071502222222,7.761451155555556,0.8042699955555556,0.50497788,0.23071895111111113,0.15906401777777776,0.10261521333333333,0.07986619111111111,0.06561195555555556,0.04683385777777778,0.03754577333333333,0.03164096,0.034046297777777776,0.040350826666666666,0.02832313333333333,0.019581124444444445,0.008356991111111111,0.01231827111111111,0.016821484444444444,3.3025095555555555,10008160.133333333,2035.3523555555555,0.7919765617889485,0.3185309982862991,0.0,0.0601905329697871,4.9047272127802115,0.0282444444444444,0.07209571234857638,0.07464791666666666,0.0762140444444444,0.24023231477851031,0.0,0.0,0.0076444444444444,0.21075,0.4804846088435375,0.0315888888888888,0.0,3.54247349368,0.32290158597906216,0.0,0.1096853701618246,0.0,0.11775,0.18922587093556498,0.1555322269321668,0.2396550308756102,0.2758804477255654,0.04415411136779353,0.05930050636347666,0.03900555219894153,0.39958341249949875,0.019675702136107073,1.4040557118445764,0.0571596365206567,0.03718436186030599,0.8563318792357524,0.6230700347641313,0.009636785714285714,0.022044642857142756,0.9914020284618841,0.008475308636363612,0.005532711520431062,0.1385042873562701,0.052659948979591774,0.11286379807018186,0.08988447836856944,0.04115126488095237,0.041925510204081556,0.10454509092417005,0.06368046030776042,0.013729563492063444,0.14323095238095238,0.0,0.0,,,,0.016525241792184914,0.03425,0.23991493965532773,9.453059711677493,6.880516521070215,33.76869507930256,720.25,279.38251,1.0,2024-08-08 08:30:00
2024-08-08 02:45:00,33.970666666666666,1.0,0.2661722177777778,0.34694033016971315,0.004885027633904209,0.047869393864208305,2.595832511111112,8.405364102564102e-07,0.0,0.0,0.0,0.0,0.0,0.0,0.0,0.0,0.0,0.0,0.0,0.0,0.0,0.0,0.0,0.0,0.0,0.276,1309.2466666666667,2.524977777777778,0.048666666666666664,2.524977777777778,40.73434342222222,-111.87211,294.6402222222222,27.982666666666667,876.6928888888889,116.92071111111112,0.7835555555555556,471684.9777777778,2129.646222222222,297.39777777777783,10400599.07377778,0.0009301822222222,7.70679012345679e-05,0.0020715644444444,0.0028644355555555,0.0004385244444444,0.0253007155555555,0.0702923466666666,0.0343329946666666,9.412568,11.095355555555557,18.89975807301587,0.5715293746031747,4.108305164835165,15.606827907936507,0.0058303111111111,0.404117380952381,5.702091800000001,0.0076852317460317,0.12720659047619046,0.3352975873015873,0.4377022476190476,0.8483096253968253,0.0904733587301587,0.0239674222222222,0.5887468253968253,0.2717219777777778,0.0247393079365079,0.0955304984126984,0.1376992793650793,0.1331049301587301,0.0209923301587301,0.0285583174603174,4.6286249999999995,0.251125,0.249705793219547,0.061125,0.003625,0.073375,0.42425,0.22487500000000002,0.1015,0.009625,0.08675,0.09735340282517967,3.963285651622172,0.75,0.4605,0.00725,0.097125,0.0032500000000000003,0.08594712669337916,0.073875,0.133125,1.487875,0.140875,0.6256404861917536,0.05249656051813043,0.019588661854823667,0.020125,0.0345,0.48387500000000006,1.177,0.009874999999999998,0.009375,0.29278951278672466,1.091,0.079,0.1345,0.245375,0.061375,0.078875,0.67625,0.03092920581047468,0.003949857778352462,0.12745957575402814,0.017375,0.04775,0.022,0.1266093522174314,0.05837336492817075,0.0115,0.0325,0.042624999999999996,0.228125,0.02725,0.02225,0.18125000000000002,0.15125,0.10630826999194053,0.0025057288888888,0.0047170266666666,0.0207551333333333,0.0091731866666666,0.0022844222222222,0.1158931733333333,31500.0,31559.0,871.2327911111112,32.219568888888894,1059.1963822222222,228.0964888888889,12.730062222222221,0.16722222222222222,0.08749777777777777,42.31299281333334,42.79854366222222,43.39060196888889,45.783727920000004,47.25607303555555,47.952738715555554,48.42138465777778,49.36448971111111,49.68700249777778,50.90230274666667,53.03313187111111,57.41254260888889,60.485526102222224,60.534314551111116,52.544398155555555,198.43152076444446,72.93048364888888,25.491513964444444,8.026006986666667,0.8713319244444444,0.538285231111111,0.2514505022222222,0.17883688,0.12347704444444445,0.08259855111111111,0.07033767555555556,0.05418862222222222,0.047866328888888886,0.037664715555555554,0.042598986666666665,0.04592114222222222,0.028994159999999998,0.022387644444444445,0.013987711111111112,0.009712702222222223,0.017527137777777778,3.460011333333333,10304134.177777778,2078.3692888888886,0.8357683656739894,0.3327827820200771,0.0,0.060342141851732284,5.307676454334735,0.0282444444444444,0.07226513845792087,0.074696875,0.0904733587301587,0.2407728782961216,0.0,0.0,0.0076444444444444,0.228125,0.48147793367346947,0.0315888888888888,0.0,3.674222930921636,0.3457178094956206,0.0,0.12292301338039344,0.0,0.133125,0.19551415604021644,0.1718024949146043,0.26845057794836313,0.30448924171420644,0.04576584781028489,0.07386715171915902,0.04503677928353856,0.45012971917052236,0.021887271338293192,1.5502745512721563,0.06286075650636594,0.042666196341898895,0.919611573687944,0.6773672221017332,0.009676607142857143,0.022082678571428472,1.0888974715424813,0.00909514998727051,0.0055154709615812605,0.12597191704830707,0.05273788265306116,0.11430140037098785,0.09105338411340393,0.04123582589285714,0.04197295918367339,0.10549585464328849,0.06481275573533614,0.013724107142857095,0.14321785714285715,0.0,0.0,,,,0.014450693611566715,0.031875,0.24161076054331673,10.67612835907872,7.937895142492756,32.533994664176,769.0,279.00455,1.0,2024-08-08 08:45:00
2024-08-08 03:00:00,33.47777777777778,1.0,0.2792046533333333,0.35437921178809095,0.004990609170481763,0.04881527753724728,2.602131915555556,8.128332051282051e-07,0.0,0.0,0.0,0.0,0.0,0.0,0.0,0.0,0.0,0.0,0.0,0.0,0.0,0.0,0.0,0.0,0.0,0.276,1309.1533333333332,2.401777777777778,0.04755555555555556,2.401777777777778,40.73434,-111.87211,295.07533333333333,28.211111111111112,876.7413333333334,111.75875555555555,0.6573333333333333,468516.3111111112,2215.4346666666665,305.68888888888887,10805996.19111111,0.0009935866666666,7.9625e-05,0.0036587422222222,0.0036852533333333,0.0004638044444444,0.0224672222222222,0.1181341644444444,0.0285498995555555,10.223203111111111,11.923168888888888,18.448972425224778,0.5596379849372849,4.452444092592592,14.947915754750804,0.0047993379416879,0.4289631273485773,6.199685674482924,0.0065106567007067,0.11803577421837423,0.3462977551744551,0.490463091040441,0.8971656884319384,0.0948725174566174,0.0511361983257483,0.6233010942612942,0.2856464279442779,0.0311656866540866,0.0879787014356014,0.1086268333740333,0.1252429534225034,0.0250582006641506,0.0248816478077478,4.9625,0.2635,0.2730022216878034,0.07050000000000001,0.0045000000000000005,0.0735,0.427,0.2325,0.10800000000000001,0.0095,0.105,0.10278295936423103,5.221605267425112,0.7989999999999999,0.482,0.007,0.0865,0.003,0.08908292983261859,0.0825,0.1485,1.6625,0.1495,0.6624673700820234,0.03754566245808169,0.014341761842741496,0.0215,0.03900000000000001,0.5465,1.3290000000000002,0.0115,0.0095,0.3086271627220469,1.191,0.088,0.15,0.2755,0.07050000000000001,0.0895,0.756,0.032604538647066625,0.003985037696069219,0.13470182892301913,0.0185,0.054000000000000006,0.026000000000000002,0.13347339747841216,0.06136962656572081,0.012,0.035,0.0495,0.2455,0.03,0.026000000000000002,0.201,0.16899999999999998,0.11203578544803411,0.0027002755555555,0.0050027244444444,0.0233954266666666,0.0101085822222222,0.0022306533333333,0.11623568,32400.0,32459.0,871.2765555555557,32.19076,1117.39384,240.82530666666665,13.526146666666667,0.16829777777777777,0.09291111111111111,45.26255645333333,45.77935089333334,46.47675947111111,48.96960674666666,50.57390449777778,51.33129440444444,51.64243323111111,52.89871605333334,52.993221382222224,53.954646919999995,55.975353124444446,60.43730159555556,62.84845744888889,62.59065070666667,54.022659795555555,205.0040141911111,77.06633135555556,28.045162782222224,8.864082777777778,0.9262489644444444,0.5990500933333334,0.28702343111111106,0.19717975555555556,0.13650804,0.09376333333333334,0.07640395999999999,0.053339657777777785,0.05153781333333333,0.0422076,0.039695257777777784,0.050045915555555556,0.028152933333333335,0.02325370222222222,0.016274284444444443,0.016552235555555555,0.020054133333333335,3.645778844444445,10680821.777777778,2159.692577777778,0.8795601695590302,0.34703456575385516,0.0,0.060493750733677465,5.710625695889258,0.0282444444444444,0.07243456456726537,0.07474583333333333,0.0948725174566174,0.24131344181373282,0.0,0.0,0.0076444444444444,0.2455,0.48247125850340145,0.0315888888888888,0.0,3.872667164311717,0.368534033012179,0.0,0.1361606565989623,0.0,0.1485,0.20180244114486787,0.18807276289704178,0.2972461250211161,0.3330980357028474,0.04737758425277626,0.08843379707484136,0.05106800636813559,0.500676025841546,0.024098840540479304,1.696493390699736,0.06856187649207518,0.04814803082349179,0.9828912681401356,0.731664409439335,0.009716428571428572,0.022120714285714188,1.1863929146230783,0.00971499133817741,0.00549823040273146,0.11343954674034408,0.05281581632653055,0.11573900267179385,0.09222228985823841,0.041320386904761905,0.04202040816326523,0.10644661836240693,0.06594505116291186,0.013718650793650745,0.1432047619047619,0.0,0.0,,,,0.009075045943597364,0.0295,0.23818984212367647,11.484386912709187,8.55816205511668,25.0,817.75,278.53207,1.0,2024-08-08 09:00:00
2024-08-08 03:15:00,32.153777777777776,1.0,0.3137057111111111,0.36181809340646875,0.005096190707059319,0.04976116121028626,2.7161406444444443,7.8513e-07,0.0,0.0,0.0,0.0,0.0,0.0,0.0,0.0,0.0,0.0,0.0,0.0,0.0,0.0,0.0,0.0,0.0,0.276,1309.145777777778,2.0885333333333334,0.04808888888888889,2.0885333333333334,40.734339555555565,-111.87211,295.3002222222222,28.84622222222222,876.8248888888888,110.86004444444444,0.6848888888888889,466070.5777777778,2341.203111111111,313.2871111111111,11409227.846666666,0.0010317733333333,8.637500000000001e-05,0.00601068,0.0045465911111111,0.0004593288888888,0.0181106888888888,0.1450540977777777,0.0233802368888889,11.43588,13.288586666666667,19.93029457290857,0.5540233402486403,5.2141922474210975,15.612027184965036,0.0037314823232323,0.4772392834702335,7.260086615005365,0.0071077172956672,0.14173012282532282,0.3674092208421208,0.5001572787268287,0.9969521062437562,0.0991771545288045,0.0561493926166426,0.6543906691919192,0.2977093253302253,0.0358027615625115,0.0915151864154364,0.0983470424667924,0.1238379884189884,0.0313172627206127,0.0238959496910496,5.296374999999999,0.275875,0.2772826678548601,0.079875,0.0053750000000000004,0.073625,0.42974999999999997,0.240125,0.1145,0.009375,0.12325,0.10766810410634645,7.1003400088711786,0.848,0.5035,0.00675,0.075875,0.00275,0.09510114710709305,0.09112500000000001,0.163875,1.8371250000000001,0.15812500000000002,0.7376847043142278,0.032259141125129176,0.01248649878534287,0.022875,0.043500000000000004,0.6091250000000001,1.481,0.013124999999999998,0.009625,0.322876800192904,1.291,0.097,0.16549999999999998,0.30562500000000004,0.079625,0.100125,0.83575,0.034055897074398794,0.0040202176137859764,0.1412179144882219,0.019625,0.06025,0.03,0.139419791960466,0.06396531948307366,0.0125,0.0375,0.056375,0.26287499999999997,0.03275,0.029750000000000002,0.22075,0.18675,0.1169975922265527,0.0027634622222222,0.0052213022222222,0.0239787911111111,0.0096503822222222,0.0022545022222222,0.1209268311111111,33300.0,33359.0,871.3528622222221,32.20756444444444,1192.7153555555556,257.0606577777778,14.49799111111111,0.16899555555555557,0.09996000000000001,49.27864933777778,49.82953979111111,50.28570675111111,52.76177681777778,54.690510097777775,55.415280159999995,55.40200030222222,56.68261886222222,56.92522199555556,58.030729675555556,59.788865315555555,64.1759117511111,66.39663834666666,65.48554977333333,56.281397115555556,215.11568002222222,82.60055883555556,30.86091944,9.815354822222222,1.0397163955555555,0.6494839377777778,0.3017009511111111,0.21046028444444442,0.1437981822222222,0.09979544,0.07969944444444445,0.057329955555555555,0.05879833333333333,0.043781053333333333,0.04339506666666667,0.04966412,0.034075879999999996,0.023816675555555555,0.015837044444444445,0.017445311111111108,0.023631106666666665,3.884364444444445,11272518.222222222,2281.1123555555555,0.9233519734440709,0.36128634948763316,0.0,0.060645359615622646,6.113574937443781,0.0282444444444444,0.07260399067660986,0.07479479166666667,0.0991771545288045,0.2418540053313441,0.0,0.0,0.0076444444444444,0.26287499999999997,0.4834645833333334,0.0315888888888888,0.0,4.146300262405129,0.3913502565287374,0.0,0.1493982998175311,0.0,0.163875,0.2080907262495193,0.2043430308794793,0.32604167209386903,0.3617068296914884,0.04898932069526763,0.10300044243052371,0.05709923345273263,0.5512223325125697,0.026310409742665422,1.8427122301273156,0.07426299647778442,0.053629865305084685,1.0461709625923272,0.7859615967769369,0.009756250000000001,0.0221587499999999,1.2838883577036753,0.01033483268908431,0.005480989843881659,0.10090717643238108,0.052893749999999934,0.11717660497259985,0.09339119560307288,0.041404947916666664,0.04206785714285707,0.10739738208152538,0.06707734659048756,0.013713194444444396,0.14319166666666666,0.0,0.0,,,,0.0071742587158992975,0.027125,0.2351317920830074,12.69350856904968,9.581247134036294,30.855984259575816,866.5,278.05963,1.0,2024-08-08 09:15:00
2024-08-08 03:30:00,30.46311111111111,1.0,0.3505848755555555,0.36925697502484667,0.005201772243636874,0.05070704488332524,2.880799715555556,3.738907142857143e-07,0.0,0.0,0.0,0.0,0.0,0.0,0.0,0.0,0.0,0.0,0.0,0.0,0.0,0.0,0.0,0.0,0.0,0.276,1310.0231111111111,1.4150222222222224,0.05368888888888889,1.4150222222222224,40.73433311111111,-111.87211,295.5544444444444,29.753333333333334,876.9515555555555,125.22795555555555,0.9182222222222223,467073.2888888889,2416.6137777777776,325.52311111111106,11953529.954222225,0.0010427644444444,8.593981481481483e-05,0.0060481688888888,0.0051588266666666,0.0004386622222222,0.0163766488888888,0.1352780666666666,0.0432587466666666,12.048502222222222,14.023164444444443,21.46962208888889,0.5572946666666667,5.588270755555556,16.93855222222222,0.0031978222222222,0.5043541333333333,7.618996133333334,0.0054734666666666,0.18257857777777778,0.3799778222222222,0.5228352888888889,1.0234821333333337,0.1088495111111111,0.0528489333333333,0.6629210666666666,0.3022786666666667,0.0394695555555555,0.0985044888888888,0.1039520888888888,0.1291072888888889,0.0357711111111111,0.0273236,5.63025,0.28825,0.28729609082695395,0.08925,0.00625,0.07375,0.4325,0.24775000000000003,0.12100000000000001,0.00925,0.1415,0.10900849639105624,8.245418190040837,0.897,0.5249999999999999,0.006500000000000001,0.06525,0.0025,0.09868406148795296,0.09975,0.17925,2.01175,0.16675,0.7576825953954514,0.03514161196038031,0.01349807924021331,0.02425,0.048,0.6717500000000001,1.633,0.01475,0.00975,0.32678663401239844,1.391,0.10600000000000001,0.181,0.33575,0.08875,0.11075,0.9155,0.034605661516872374,0.004055397531502735,0.14300580640937807,0.020749999999999998,0.0665,0.034,0.14167224468722867,0.06494854984345004,0.013000000000000001,0.04,0.06325,0.28025,0.035500000000000004,0.0335,0.24050000000000002,0.2045,0.11887709000317574,0.00284288,0.0053114666666666,0.0254136177777777,0.0093028,0.0023582577777777,0.1222043333333333,34200.0,34259.0,871.4698000000001,32.06411555555555,1242.5720177777778,267.9136311111111,15.125542222222224,0.16920444444444446,0.10468888888888889,51.900273080000005,52.39748877777778,52.906614031111104,55.38360717333333,57.056040502222224,57.74383608444444,58.17328581777778,59.34320480444444,58.98314679111111,60.37209917777778,62.214186964444444,66.63351306666667,68.95759419111111,67.54673787555556,58.30526055111111,222.27574108444443,86.1336815111111,32.750376924444446,10.431361706666667,1.117076288888889,0.69274812,0.32233290666666664,0.21956795555555556,0.14774245777777778,0.10005559555555554,0.08493652,0.06438452444444444,0.05382857777777778,0.041038724444444445,0.05044364444444445,0.05051883555555556,0.03341950666666667,0.02658366666666667,0.01628248,0.01977822222222222,0.023174315555555554,4.055434933333333,11798666.222222224,2355.117022222222,0.9671437773291118,0.37553813322141116,0.0,0.06079696849756783,6.516524178998305,0.0282444444444444,0.07277341678595435,0.07484375,0.1088495111111111,0.24239456884895538,0.0,0.0,0.0076444444444444,0.28025,0.4844579081632654,0.0315888888888888,0.0,4.2389511189733335,0.4141664800452958,0.0,0.16263594303609996,0.0,0.17925,0.21437901135417076,0.22061329886191677,0.354837219166622,0.3903156236801294,0.050601057137759,0.11756708778620606,0.06313046053732965,0.6017686391835932,0.028521978944851534,1.9889310695548952,0.07996411646349366,0.05911169978667759,1.1094506570445186,0.8402587841145388,0.009796071428571428,0.022196785714285613,1.3813838007842723,0.01095467403999121,0.005463749285031858,0.08837480612441806,0.05297168367346933,0.11861420727340585,0.09456010134790738,0.04148950892857142,0.0421153061224489,0.10834814580064382,0.06820964201806326,0.013707738095238047,0.14317857142857143,0.0,0.0,,,,0.008210661182244318,0.02475,0.24689067879457896,13.304334752702792,10.131654178665153,29.294547963318696,915.25,277.68167,1.0,2024-08-08 09:30:00
2024-08-08 03:45:00,28.912444444444443,1.0,0.3761837066666667,0.37669585664322447,0.0053073537802144286,0.05165292855636421,3.0326479600000003,4.393284444444444e-07,0.0,0.0,0.0,0.0,0.0,0.0,0.0,0.0,0.0,0.0,0.0,0.0,0.0,0.0,0.0,0.0,0.0,0.276,1309.760888888889,1.8679555555555554,0.05444444444444444,1.8679555555555554,40.734338,-111.87211,295.5611111111111,30.59422222222222,877.0635555555557,127.44697777777778,0.7355555555555555,469075.4666666666,2450.767555555556,332.9875555555556,12324891.18177778,0.0009466,8.550462962962964e-05,0.0052136444444444,0.0053784444444444,0.0004022044444444,0.0159834799999999,0.0977572266666666,0.0610433399052799,12.52227018981019,14.543127560957563,22.28235986666667,0.5545962666666667,6.004744400000001,17.787341244444445,0.0039618666666666,0.5292181333333333,7.915184933333333,0.0043238666666666,0.1986063111111111,0.4012349333333333,0.5267366666666666,1.0148945777777778,0.1091184888888888,0.0591544,0.6709934222222222,0.3057714222222222,0.0432162666666666,0.1051624,0.1227867555555555,0.1458330666666666,0.0372831555555555,0.0286975555555555,5.964125,0.30062500000000003,0.28901873516760135,0.098625,0.007125,0.073875,0.43525,0.255375,0.1275,0.009125,0.15975,0.11027691596214093,8.765449644827363,0.946,0.5465,0.00625,0.05462499999999999,0.0022500000000000003,0.10474379771414255,0.108375,0.194625,2.186375,0.175375,0.7512094395228955,0.044827593711453485,0.01689729830803216,0.025625000000000002,0.052500000000000005,0.734375,1.7850000000000001,0.016374999999999997,0.009875,0.33048652828432745,1.491,0.11499999999999999,0.1965,0.365875,0.097875,0.12137500000000001,0.99525,0.035025895565789354,0.004090577449219493,0.14469769700711432,0.021875,0.07275000000000001,0.038,0.14339399541578193,0.06570012059527967,0.0135,0.042499999999999996,0.07012499999999999,0.29762500000000003,0.038250000000000006,0.037250000000000005,0.26025000000000004,0.22225,0.12031375796417927,0.0029109066666666,0.0052571511111111,0.0257333066666666,0.0090532444444444,0.0023358444444444,0.1299248533333333,35100.0,35159.0,871.57152,31.963448888888887,1275.212342222222,274.96732888888886,15.566093333333333,0.16963999999999999,0.10763555555555555,53.65839307555555,54.23087471555555,54.80078611555555,57.05380315111111,58.71328518666667,59.48968055555555,59.82044613777778,60.90466179555555,61.061051946666666,62.01832687111111,63.80996479555556,68.03999954666666,70.26739654666667,69.03980463111111,59.548499973333335,226.40936212,88.28989206222222,33.906104217777774,10.95494736,1.1628786711111112,0.6990037733333333,0.3489320266666667,0.22942786222222222,0.15372352000000003,0.11303424444444445,0.08770764888888889,0.06924980888888889,0.058674875555555554,0.05304517777777777,0.04877708888888889,0.04726830222222222,0.041180084444444445,0.02548655111111111,0.015507995555555555,0.01752349333333333,0.023584400000000002,4.093457688888889,12173534.666666666,2388.7258666666667,1.0109355812141527,0.38978991695518916,0.0,0.06094857737951301,6.919473420552828,0.0282444444444444,0.07294284289529884,0.07489270833333334,0.1091184888888888,0.24293513236656666,0.0,0.0,0.0076444444444444,0.29762500000000003,0.48545123299319737,0.0315888888888888,0.0,4.385987344762845,0.4369827035618542,0.0,0.1758735862546688,0.0,0.194625,0.2206672964588222,0.23688356684435427,0.3836327662393749,0.41892441766877037,0.05221279358025037,0.13213373314188842,0.0691616876219267,0.6523149458546169,0.030733548147037652,2.135149908982475,0.08566523644920292,0.06459353426827048,1.1727303514967102,0.8945559714521407,0.009835892857142857,0.02223482142857133,1.4788792438648692,0.01157451539089811,0.005446508726182057,0.07584243581645506,0.05304961734693871,0.12005180957421185,0.09572900709274185,0.04157406994047619,0.04216275510204074,0.10929890951976226,0.06934193744563898,0.013702281746031697,0.14316547619047618,0.0,0.0,,,,0.01169328978442077,0.022375,0.25741093506338736,13.776713763913188,10.521253988152687,27.862410413991384,964.0,277.30371,1.0,2024-08-08 09:45:00
2024-08-08 04:00:00,27.386222222222223,1.0,0.3996406752380952,0.38413473826160227,0.005412935316791984,0.05259881222940319,3.2411909269841277,7.1201e-07,0.0,0.0,0.0,0.0,0.0,0.0,0.0,0.0,0.0,0.0,0.0,0.0,0.0,0.0,0.0,0.0,0.0,0.276,1308.8248888888888,1.6301777777777777,0.050711111111111117,1.6301777777777777,40.73434,-111.87211,295.4308888888889,30.892444444444443,877.0417777777778,96.23493333333334,0.5266666666666667,473642.4,2450.888,324.8906666666666,12523036.44177778,0.0008485466666666,8.506944444444446e-05,0.004157572063492,0.0054731523809523,0.0003794168253968,0.0170146266666666,0.0866260904761904,0.036364882016872,11.901758375883375,14.033875983460984,23.73090848888889,0.5491038222222222,6.102839111111111,19.21581231111111,0.0055180888888888,0.5567612888888889,8.104427422222223,0.0082315555555555,0.20385915555555556,0.4156284,0.5528449333333333,1.0661224444444446,0.1107124888888888,0.0632190666666666,0.7066829333333333,0.3108286222222222,0.0441025777777777,0.1154007111111111,0.1344427555555555,0.1542052444444444,0.0395563555555555,0.0327775111111111,6.298,0.313,0.431,0.108,0.008,0.074,0.438,0.263,0.134,0.009,0.178,0.167,7.167,0.995,0.568,0.006,0.044,0.002,0.063,0.117,0.21,2.361,0.184,0.854,0.052,0.02,0.027,0.057,0.797,1.937,0.018,0.01,0.422,1.591,0.124,0.212,0.396,0.107,0.132,1.075,0.043,0.00412575736693625,0.192,0.023,0.079,0.042,0.16,0.076,0.014,0.045,0.077,0.315,0.041,0.041,0.28,0.24,0.139,0.0029606911111111,0.0051238247619047,0.0260539926984127,0.0090871565079365,0.0024447136507936,0.141157586031746,36000.0,36059.0,871.5779111111111,31.904786666666666,1253.69432,270.2387733333333,15.265644444444444,0.1693822222222222,0.10575111111111112,53.04470023555555,53.37135013333333,53.87815832444445,56.10328168444445,57.806210506666666,58.51377050222222,58.80173083111111,59.751372191111116,60.08900151111111,61.17198810222222,62.550102573333334,66.72153042222222,69.07510840444444,67.76051023555554,58.29725211555556,222.57812184888888,87.01931659111112,33.25347307111111,10.767162875555556,1.1267567022222222,0.6973579866666667,0.3472960311111111,0.22975917777777777,0.15911317777777778,0.10275752888888888,0.08603220888888889,0.07077110222222222,0.050311275555555555,0.04942424888888889,0.05209364444444445,0.05657173777777778,0.03701370222222222,0.025588164444444443,0.013812484444444445,0.01475236888888889,0.020609244444444445,4.265294888888889,12369568.0,2388.430088888889,1.0547273850991934,0.4040417006889672,0.0,0.06110018626145819,7.322422662107351,0.0282444444444444,0.07311226900464333,0.07494166666666667,0.1107124888888888,0.2434756958841779,0.0,0.0,0.0076444444444444,0.315,0.48644455782312934,0.0315888888888888,0.0,4.478070239883502,0.45979892707841263,0.0,0.18911122947323764,0.0,0.21,0.22695558156347362,0.25315383482679177,0.41242831331212787,0.44753321165741133,0.053824530022741734,0.14670037849757075,0.07519291470652373,0.7028612525256406,0.032945117349223764,2.2813687484100544,0.09136635643491216,0.07007536874986338,1.2360100459489018,0.9488531587897425,0.009875714285714286,0.022272857142857046,1.5763746869454662,0.01219435674180501,0.005429268167332257,0.06331006550849205,0.0531275510204081,0.12148941187501783,0.09689791283757633,0.041658630952380954,0.04221020408163258,0.11024967323888071,0.07047423287321468,0.013696825396825348,0.14315238095238095,0.0,0.0,,,,0.013499463005213135,0.02,0.24281269838618513,13.158021118651787,10.139680158638788,20.0,896.66669,276.92575,1.0,2024-08-08 10:00:00
2024-08-08 04:15:00,26.773333333333333,1.0,0.4040389273015873,0.3915736198799802,0.0055185168533695384,0.05354469590244217,3.3056962984126983,7.179611458333333e-07,0.0,0.0,0.0,0.0,0.0,0.0,0.0,0.0,0.0,0.0,0.0,0.0,0.0,0.0,0.0,0.0,0.0,0.276,1308.935111111111,1.5209777777777778,0.04671111111111111,1.5209777777777778,40.73434,-111.87211,295.3033333333333,31.477777777777778,877.0488888888889,111.4627111111111,0.412,479211.0222222222,2431.907111111111,331.9146666666667,12807568.171555554,0.0007514819047619,8.463425925925927e-05,0.003192499047619,0.0050013053968253,0.0003824088888888,0.0208691276190476,0.063809839047619,0.0391711466666666,11.084144,13.317382222222223,24.0979424,0.544069688888889,5.945989155555555,19.85865831111111,0.0066644444444444,0.5636089777777777,7.815375822222222,0.0151963111111111,0.24204773333333335,0.4306357333333333,0.5652771111111111,1.1270053777777778,0.0950255111111111,0.0591076,0.746534088888889,0.3170051555555556,0.0431833333333333,0.1131624888888889,0.1699072888888889,0.1517773333333333,0.0367083555555555,0.0328023999999999,6.1805,0.3135,0.306036179334742,0.102125,0.0075,0.074,0.438875,0.261375,0.135,0.009,0.170375,0.12214671770134217,8.495547323812929,1.023375,0.594375,0.006125,0.041874999999999996,0.002375,0.11312504443707237,0.115375,0.20825,2.3228750000000002,0.18712499999999999,0.835716687097837,0.06905996447993895,0.025401458122866167,0.024875,0.054375,0.76975,1.9445000000000001,0.01775,0.01,0.36510993875902387,1.553375,0.12125,0.207625,0.39337500000000003,0.105,0.1295,1.100875,0.036377492368952845,0.004160937284653008,0.16053031770877557,0.021374999999999998,0.0755,0.040375,0.1489316542193805,0.0681173940840464,0.014125,0.044375,0.075625,0.307,0.04125,0.03975,0.28,0.239875,0.12493450639782981,0.0030618015873015,0.0051754625396825,0.0261547742857142,0.009841925079365,0.0026113609523809,0.1390114019047619,36900.0,36959.0,871.5921999999999,31.95530666666667,1224.380853333333,263.21201333333335,14.939106666666667,0.17011555555555555,0.10262666666666667,52.65054111555556,52.89392992,52.95079885333333,55.31634108444444,56.676804644444445,57.37518336888889,57.527496217777774,58.51838215111111,58.475500204444444,59.412780804444445,60.77961203555556,65.42784319555555,67.35932415555556,65.96346877777778,56.812576595555555,216.47596294666667,84.15111823111111,32.20981336444444,10.339301644444445,1.0739333022222222,0.6857346844444444,0.3323713244444445,0.21894204888888888,0.1502446311111111,0.11469979111111112,0.08755684444444443,0.06663678666666667,0.04751729777777778,0.05513922222222222,0.050487328888888884,0.05400645777777778,0.03768363111111111,0.029249302222222225,0.016269644444444443,0.017697444444444443,0.025940235555555555,4.242825066666667,12647845.333333332,2371.282488888889,1.0800864143897655,0.42152499352517164,0.0,0.06125179514340337,7.282860372936543,0.0282444444444444,0.07328169511398783,0.074990625,0.0950255111111111,0.24401625940178917,0.0,0.0,0.0076444444444444,0.307,0.4874378826530613,0.0315888888888888,0.0,4.417165151611135,0.4574916685205584,0.0,0.18537479791960934,0.0,0.20825,0.2292339457318256,0.25303925547480277,0.40991915775807053,0.44753321165741133,0.0534215959121189,0.14061431434211444,0.07377380245132442,0.6808670512196862,0.03314616909487705,2.249445522908686,0.0902261324377703,0.06904255935478065,1.2122010609112648,0.9664699578162058,0.009915535714285715,0.02231089285714276,1.5811853173606272,0.011236420108585256,0.005412027608482455,0.06080359144689945,0.05320548469387748,0.12292701417582383,0.09806681858241081,0.04174319196428571,0.042257653061224414,0.11120043695799915,0.0716065283007904,0.013691369047618997,0.14313928571428572,0.0,0.0,,,,0.020406123414065155,0.019625,0.24447270954740968,12.342803761519086,9.602823170109325,25.886807655346406,696.66669,276.54779,1.0,2024-08-08 10:15:00
2024-08-08 04:30:00,26.760444444444445,1.0,0.4166595441269841,0.399012501498358,0.005624098389947094,0.054490579575481146,3.3103256374603176,7.239122916666667e-07,0.0,0.0,0.0,0.0,0.0,0.0,0.0,0.0,0.0,0.0,0.0,0.0,0.0,0.0,0.0,0.0,0.0,0.276,1309.4524444444444,1.2783111111111112,0.048,1.2783111111111112,40.73434,-111.87211,295.24955555555556,31.307111111111112,877.0537777777778,100.91906666666667,0.5382222222222222,481910.2666666667,2385.7635555555557,336.8671111111111,12753129.757777778,0.0008110057142857,8.419907407407408e-05,0.0025077301587301,0.0043871126984126,0.0003795787301587,0.0216549428571428,0.0630447787301587,0.1765814888888889,10.61087377777778,13.417911111111112,23.665786977777778,0.5365436,5.682332533333334,19.5510444,0.0064658222222222,0.5588338222222222,7.515776577777777,0.0110833333333333,0.24515,0.4414220888888889,0.5806532888888889,1.1826833333333333,0.0997836444444444,0.0483218666666666,0.7619812888888888,0.3117725777777778,0.0395325333333333,0.1198991555555555,0.1599486666666666,0.1561292444444444,0.0370056,0.0360052,6.063,0.314,0.31282549509404894,0.09625,0.007,0.074,0.43975,0.25975000000000004,0.136,0.009,0.16275,0.12457395602894214,7.755115629091009,1.05175,0.6207499999999999,0.00625,0.03975,0.00275,0.11619989638505869,0.11375,0.2065,2.2847500000000003,0.19025,0.8776857995704973,0.06393860848158786,0.02360415853981103,0.02275,0.051750000000000004,0.7425,1.952,0.017499999999999998,0.01,0.3721900291247173,1.51575,0.1185,0.20325,0.39075000000000004,0.103,0.127,1.12675,0.035747930033183016,0.004196117202369766,0.16376790706686126,0.01975,0.072,0.03875,0.14635225968180093,0.06699144858001697,0.01425,0.04375,0.07425,0.299,0.0415,0.0385,0.28,0.23975,0.12278220093951188,0.0032723069841269,0.0054921431746031,0.0266522453968253,0.0112157961904761,0.002677313015873,0.1309756019047619,37800.0,37859.0,871.5942711111111,32.01405333333334,1192.489568888889,255.18531555555555,14.531226666666667,0.17056888888888888,0.09945333333333334,53.20874158666666,53.181941439999996,52.759069644444445,54.74170629333333,56.162120879999996,56.6428338,56.37042637777778,57.17147231111111,57.05723170222222,57.74132017333333,59.17444409777777,62.954246186666666,64.62850823111111,63.079686208888894,54.39078434666667,207.4877567022222,81.14690924888889,31.438698115555553,10.064769422222222,1.0891210844444443,0.6785625777777777,0.32164276888888893,0.22674592444444444,0.16754696444444445,0.11765541333333333,0.08080071555555554,0.06847029777777779,0.050134168888888886,0.051065097777777776,0.044194151111111114,0.06360510222222222,0.03992626666666667,0.02629735111111111,0.018798035555555554,0.017878035555555557,0.024485395555555556,4.142538977777778,12584700.0,2323.4295111111105,1.1054454436803376,0.4390082863613761,0.0,0.06140340402534855,7.243298083765735,0.0282444444444444,0.07345112122333232,0.07503958333333333,0.0997836444444444,0.24455682291940045,0.0,0.0,0.0076444444444444,0.299,0.4884312074829933,0.0315888888888888,0.0,4.356443665497778,0.4551844099627042,0.0,0.18163836636598102,0.0,0.2065,0.23151230990017757,0.2529246761228138,0.40741000220401324,0.44753321165741133,0.05301866180149605,0.13452825018665812,0.07235469019612513,0.6588728499137317,0.03334722084053033,2.217522297407317,0.08908590844062846,0.06800974995969794,1.1883920758736277,0.9840867568426691,0.009955357142857143,0.02234892857142847,1.5859959477757883,0.010278483475365502,0.005394787049632655,0.05829711738530685,0.053283418367346874,0.12436461647662983,0.09923572432724528,0.04182775297619047,0.04230510204081625,0.11215120067711759,0.0727388237283661,0.013685912698412649,0.14312619047619046,0.0,0.0,,,,0.018564721959864673,0.01925,0.32575609875778666,11.870921036422972,9.678147812791199,25.874903961184614,496.66666,276.16983,1.0,2024-08-08 10:30:00
2024-08-08 04:45:00,24.64133333333333,1.0,0.4600715238095238,0.4064513831167359,0.005729679926524649,0.055436463248520126,3.5058744777777777,7.298634375e-07,0.0,0.0,0.0,0.0,0.0,0.0,0.0,0.0,0.0,0.0,0.0,0.0,0.0,0.0,0.0,0.0,0.0,0.276,1309.3013333333333,2.054711111111111,0.05062222222222223,2.054711111111111,40.73434,-111.87211,295.2557777777778,32.55288888888889,877.0328888888889,126.92875555555557,0.588,484410.3555555556,2446.523111111111,342.5542222222222,13275192.944444444,0.0008525606349206,8.376388888888889e-05,0.0024822168253968,0.0048951006349206,0.0003436304761904,0.0250268317460317,0.0472569057142857,0.0819159111111111,11.365457777777776,13.775742222222222,25.16290713015873,0.536487819047619,6.207029404639804,21.161871434920634,0.0066526412698412,0.5968781555555556,8.026055146031746,0.0089686666666666,0.27588962026862024,0.4580130031746031,0.6399191555555556,1.31427293015873,0.1026352317460317,0.0657924984126984,0.8316863777777778,0.3490279079365079,0.0417057111111111,0.1245494412698412,0.1710474444444444,0.1741312317460317,0.0421584063492063,0.0348206698412698,5.9455,0.3145,0.33899420154140236,0.090375,0.006500000000000001,0.074,0.440625,0.258125,0.137,0.009,0.155125,0.13552680595513436,8.630286675407312,1.080125,0.647125,0.0063750000000000005,0.037625,0.003125,0.12092944612477839,0.112125,0.20475,2.2466250000000003,0.193375,0.9768758386854668,0.06964630487554788,0.025607229670264076,0.020624999999999998,0.049125,0.71525,1.9595,0.017249999999999998,0.01,0.40413875305410457,1.478125,0.11574999999999999,0.198875,0.388125,0.10099999999999999,0.1245,1.152625,0.04023033883257351,0.004231297120086524,0.17837744497606725,0.018125,0.0685,0.037125000000000005,0.16471724137691526,0.07500804637842913,0.014375,0.043125,0.072875,0.291,0.04175,0.03725,0.28,0.23962499999999998,0.13810635929079484,0.0033329466666666,0.0053795898412698,0.0266710317460317,0.0102929615873015,0.0026055825396825,0.1293630358730159,38700.0,38759.0,871.5618577777778,31.974604444444445,1221.5213111111111,262.76325777777777,15.14332,0.17277333333333333,0.1028,53.83408012444444,53.692581351111116,53.75720376444444,55.65490846666667,57.092366186666666,57.89434343111111,57.66101691111111,58.44302204444445,58.26929293777778,59.087167764444445,60.87575712444445,64.67582690222223,66.34200283111112,64.96854197777778,55.94450815555556,213.80157149333334,83.60565998222222,32.25239629777778,10.442502177777778,1.1100312,0.6982601733333333,0.3425078844444444,0.24128241777777779,0.15706588000000002,0.11766509777777777,0.08489541777777779,0.08172166222222223,0.052046720000000005,0.055478400000000004,0.05494984,0.07197772444444445,0.04263687111111111,0.03343839111111111,0.027389617777777778,0.02206822666666667,0.033066835555555556,4.356394133333334,13095968.888888888,2379.9904888888886,1.1308044729709097,0.45649157919758054,0.0,0.06155501290729373,7.203735794594928,0.0282444444444444,0.07362054733267681,0.07508854166666666,0.1026352317460317,0.24509738643701173,0.0,0.0,0.0076444444444444,0.291,0.48942453231292526,0.0315888888888888,0.0,4.653631229170427,0.45287715140484996,0.0,0.17790193481235272,0.0,0.20475,0.23379067406852952,0.2528100967708248,0.40490084664995596,0.44753321165741133,0.05261572769087321,0.12844218603120178,0.07093557794092582,0.6368786486077773,0.03354827258618361,2.185599071905949,0.0879456844434866,0.06697694056461521,1.1645830908359907,1.0017035558691325,0.009995178571428572,0.022386964285714184,1.5908065781909495,0.009320546842145746,0.005377546490782854,0.05579064332371425,0.05336135204081626,0.12580221877743583,0.10040463007207977,0.04191231398809524,0.04235255102040809,0.11310196439623604,0.0738711191559418,0.0136804563492063,0.14311309523809523,0.0,0.0,,,,0.020616944153236255,0.018875,0.2697578465236698,12.6232928052657,9.94626477780305,23.917772452101026,296.66666,275.79187,1.0,2024-08-08 10:45:00
2024-08-08 05:00:00,24.62622222222222,1.0,0.4544668933333333,0.4138902647351137,0.005835261463102205,0.0563823469215591,3.5484322222222224,7.358145833333334e-07,0.0,0.0,0.0,0.0,0.0,0.0,0.0,0.0,0.0,0.0,0.0,0.0,0.0,0.0,0.0,0.0,0.0,0.276,1309.403111111111,2.942133333333333,0.04911111111111111,2.942133333333333,40.73434,-111.87211,295.2393333333333,33.06622222222222,877.2115555555556,127.13182222222221,1.1400000000000001,483952.4,2429.561333333333,349.7555555555556,13176863.932444444,0.0008273333333333,8.33287037037037e-05,0.0023718711111111,0.0049231244444444,0.00035284,0.0258839822222222,0.0520429288888888,0.4777664088888889,11.737591111111112,15.198195555555554,24.49923952772228,0.5270860487937988,6.019990042616642,20.929795695752397,0.0067001505624005,0.5988599643190143,7.896044523596773,0.0067300773781773,0.28346252138047134,0.4549145385558886,0.6671360358123357,1.3159588052096052,0.1016498232230732,0.0835049268065268,0.840027474913975,0.3476832043808044,0.0419651433584933,0.1336283484145484,0.1838935237466237,0.1703030610907611,0.0348565569356569,0.0320345124264624,5.827999999999999,0.315,0.3510117521132737,0.08449999999999999,0.006,0.074,0.4415,0.2565,0.138,0.009,0.1475,0.13683745323510824,8.438502644825,1.1085,0.6735,0.006500000000000001,0.0355,0.0035,0.1200461709611191,0.1105,0.203,2.2085,0.1965,0.9781466231264371,0.07625257468089336,0.027925648067758813,0.0185,0.0465,0.688,1.967,0.017,0.01,0.40796182270253945,1.4405000000000001,0.11299999999999999,0.1945,0.3855,0.099,0.122,1.1785,0.04006854960603931,0.004266477037803282,0.18012566130801813,0.0165,0.065,0.035500000000000004,0.16405437096130945,0.07471869321692874,0.014499999999999999,0.042499999999999996,0.07150000000000001,0.28300000000000003,0.041999999999999996,0.036000000000000004,0.28,0.2395,0.13755324514215256,0.0034417244444444,0.0053744888888888,0.0268002088888888,0.0107733644444444,0.0025146044444444,0.1274259111111111,39600.0,39659.0,871.7194977777777,31.966040000000003,1222.6775377777778,263.20372000000003,15.211964444444444,0.17307555555555557,0.10308888888888887,54.06028993333334,53.97271283111111,53.9861858,55.843321115555554,57.249491951111104,57.866501551111114,57.58242564,58.51506399555556,58.52530085777778,59.163917355555554,60.850990537777776,64.57687768444444,65.99529994222222,64.97853957777778,55.66614896,213.8382715777778,83.81685327555556,32.44238385777778,10.483367782222222,1.1079711066666666,0.693659031111111,0.3694068177777778,0.23527897333333334,0.1586978888888889,0.11807803555555554,0.0948978711111111,0.08046226666666666,0.05773413333333333,0.05795258666666667,0.06078045333333334,0.06546574666666666,0.04698554666666667,0.03779228444444445,0.022578217777777777,0.019757399999999998,0.03613675555555555,4.358948133333333,13021944.0,2367.595777777778,1.1561635022614816,0.47397487203378497,0.0,0.061706621789238914,7.16417350542412,0.0282444444444444,0.0737899734420213,0.0751375,0.1016498232230732,0.24563794995462296,0.0,0.0,0.0076444444444444,0.28300000000000003,0.49041785714285724,0.0315888888888888,0.0,4.5439861511225255,0.4505698928469958,0.0,0.17416550325872443,0.0,0.203,0.2360690382368815,0.2526955174188358,0.4023916910958986,0.44753321165741133,0.05221279358025037,0.12235612187574546,0.06951646568572653,0.6148844473018229,0.03374932433183689,2.1536758464045804,0.08680546044634477,0.06594413116953249,1.1407741057983536,1.0193203548955958,0.010035,0.0224249999999999,1.5956172086061104,0.008362610208925992,0.0053603059319330525,0.05328416926212165,0.05343928571428565,0.12723982107824183,0.10157353581691425,0.041996874999999996,0.042399999999999924,0.11405272811535448,0.07500341458351752,0.013674999999999951,0.1431,0.0,0.0,,,,0.02299225155821271,0.018500000000000003,0.5039183147943688,12.99433514680136,11.012085660230177,22.0,188.83333,275.41391,1.0,2024-08-08 11:00:00
2024-08-08 05:15:00,26.886222222222223,1.0,0.3979824476190476,0.4213291463534915,0.005940842999679759,0.05732823059459808,3.266404580952381,7.417657291666667e-07,1.8622222222222222e-18,2.8719999999999995e-17,0.0,1.4004444444442426e-33,2.083111111111111e-30,2.1093333333333333e-25,0.0,4.1839999999051e-36,9.688888888888889e-21,5.431111111111111e-25,5.26666666666666e-34,5.764444444444444e-16,1.373777777777778e-22,8.844444444444444e-16,2.039111111111111e-15,1.4746666666666666e-25,6.040000000000198e-34,0.276,1309.188888888889,2.915288888888889,0.04933333333333333,2.915288888888889,40.73434,-111.87211,294.8633333333333,33.14311111111111,877.4346666666667,123.66693333333333,1.5773333333333333,479991.15555555554,2388.5151111111118,360.11777777777775,12713928.183111109,0.0009424666666666,8.289351851851852e-05,0.0024447476190476,0.0047550761904761,0.0003882904761904,0.0238228666666666,0.0715946714285714,0.3510744933333333,10.975693333333332,13.517933333333334,21.445638151191403,0.5151098538406038,5.440249932306583,18.5689442466774,0.0034807275761275,0.5513591297332298,7.171585771559921,0.0035647568931068,0.21946735408665408,0.4325877415769416,0.6000145703870204,1.1858989846542347,0.0789198513264513,0.0515555211603211,0.7657287284548784,0.3131591014134015,0.0298110326469826,0.111120216061716,0.1569658665075665,0.1385345809190809,0.0364076408850408,0.0305988503034003,5.7105,0.3155,0.3213744241904346,0.078625,0.0055,0.074,0.442375,0.254875,0.13899999999999998,0.009,0.139875,0.1251627960093227,7.813477924562662,1.1368749999999999,0.699875,0.006625,0.033375,0.003875,0.11368150081563601,0.108875,0.20125,2.170375,0.199625,0.8801097037999748,0.06240466320825457,0.02306583251813259,0.016375,0.043875,0.66075,1.9745000000000001,0.01675,0.01,0.3739076356014368,1.402875,0.11025,0.190125,0.382875,0.097,0.11950000000000001,1.204375,0.03591475088051957,0.004301656955520039,0.16455333552372836,0.014875,0.0615,0.033875,0.14703574526841587,0.06728980058166158,0.014624999999999999,0.041875,0.070125,0.275,0.042249999999999996,0.03475,0.28,0.239375,0.12335251685563901,0.0036196428571428,0.0054972857142857,0.0264508,0.0119715238095238,0.0023476333333333,0.1161060761904761,40500.0,40559.0,871.9223644444445,32.029133333333334,1213.1082533333333,261.14816444444443,15.02796888888889,0.1724088888888889,0.10290222222222221,54.172588551111104,53.97719552444445,53.94201798666666,55.858598013333335,57.342138648888884,57.63296466222222,57.326895444444446,58.22943941333333,58.10794964,58.46687915111111,60.13414095555556,63.741258791111115,65.12126005777777,63.82203861777778,54.494424622222226,210.36719936,83.35370726666666,33.03495773777777,10.740836688888889,1.1386022133333333,0.6941204311111111,0.3644952888888889,0.23163966222222224,0.15996203111111112,0.11577158222222222,0.09866534222222222,0.07331481333333333,0.051837942222222225,0.05456047555555556,0.05227945777777778,0.06030190222222222,0.04364856888888889,0.03415228888888889,0.017265657777777776,0.01761797777777778,0.033715444444444444,4.191487822222222,12569696.0,2327.201377777777,1.1815225315520537,0.49145816486998944,0.0,0.06185823067118411,7.124611216253312,0.0282444444444444,0.0739593995513658,0.07518645833333333,0.0789198513264513,0.24617851347223424,0.0,0.0,0.0076444444444444,0.275,0.4914111819727892,0.0315888888888888,0.0,4.324610334578389,0.44826263428914154,0.0,0.17042907170509614,0.0,0.20125,0.23834740240523347,0.25258093806684684,0.3998825355418413,0.44753321165741133,0.05180985946962753,0.11627005772028914,0.06809735343052722,0.5928902459958686,0.03395037607749017,2.121752620903212,0.08566523644920292,0.06491132177444978,1.1169651207607165,1.036937153922059,0.01007482142857143,0.022463035714285616,1.6004278390212714,0.007404673575706238,0.005343065373083252,0.05077769520052905,0.053517219387755034,0.1286774233790478,0.10274244156174872,0.042081436011904755,0.04244744897959176,0.11500349183447292,0.07613571001109323,0.0136695436507936,0.14308690476190475,0.0,0.0,,,,0.018013186573945527,0.018125000000000002,0.42897527837243465,12.234671042150302,9.753092818474721,25.991067597315205,186.33333,275.03595,1.0,2024-08-08 11:15:00
2024-08-08 05:30:00,28.290666666666667,1.0,0.3670398355555556,0.4287680279718694,0.0060464245362573145,0.05827411426763706,3.0258577555555557,7.47716875e-07,1.0991578360711113e-09,3.9831148465244445e-09,6.800066138822223e-35,5.19110295410428e-13,1.7223846891056935e-12,2.0120431778440285e-11,2.092086847302222e-35,1.4797260418277648e-13,1.3620194703786667e-10,1.0070142947937871e-10,5.78867202586709e-15,1.5051113759111112e-08,7.053168789561455e-10,2.6178884488888887e-09,2.178568285866667e-08,1.51425956211762e-12,1.1087081505622813e-13,0.276,1308.6973333333333,2.8070666666666666,0.0432,2.8070666666666666,40.73433955555556,-111.87211,295.14466666666664,32.05777777777778,877.5391111111111,125.1408,1.6013333333333333,474397.9555555555,2398.3222222222225,359.336,12376070.47111111,0.0010403466666666,8.245833333333334e-05,0.0031487111111111,0.00550308,0.0004390622222222,0.0259354444444444,0.0931969555555555,0.55614936,11.393293333333334,13.956648888888887,20.029628088888888,0.5114160888888889,5.217867422222223,18.850082844444444,0.0018143555555555,0.5259104444444445,6.876810755555556,0.0051467555555555,0.18692893333333332,0.4068308,0.5335661777777777,1.0260293333333332,0.0787373333333333,0.0428395111111111,0.648406711111111,0.2665029333333333,0.0286254222222222,0.1001383555555555,0.1109465333333333,0.1220617333333333,0.0380676888888888,0.0272195555555555,5.593,0.316,0.29203429001388054,0.07275,0.005,0.074,0.44325000000000003,0.25325,0.13999999999999999,0.009,0.13225,0.10672783710621118,7.975620398100276,1.16525,0.7262500000000001,0.00675,0.03125,0.00425,0.10633900393852938,0.10725,0.1995,2.13225,0.20274999999999999,0.7596026321896125,0.038738599496543305,0.014760413708092859,0.014249999999999999,0.041249999999999995,0.6335,1.9820000000000002,0.0165,0.01,0.3201341048204971,1.36525,0.1075,0.18575,0.38025,0.095,0.117,1.23025,0.03030127174996533,0.004336836873236797,0.13996373256517725,0.01325,0.057999999999999996,0.03225,0.12403662892441955,0.057250331525302234,0.01475,0.04125,0.06875,0.267,0.042499999999999996,0.0335,0.28,0.23925,0.1041615311717959,0.0038370888888888,0.0054056755555555,0.0274761288888888,0.0121604266666666,0.0020682977777777,0.1149072888888888,41400.0,41459.0,872.0580311111112,32.04008888888889,1222.7079111111111,263.7504133333333,15.195915555555555,0.17276,0.10409777777777778,54.10275184444445,53.973182013333336,54.05461544888889,56.04847884444444,57.54841660444445,58.028679404444446,57.91135038666666,59.18825586222223,58.562627675555554,59.153527062222224,60.66669560444445,64.54999556888889,66.04599126222222,64.32948101333334,54.933539360000005,211.16302891111113,84.43401932,33.87441153333334,10.917400835555556,1.1104170533333333,0.7019458355555556,0.34391444888888884,0.23341486666666666,0.16299197333333335,0.12589194666666667,0.09756262222222221,0.06891030222222222,0.05969572,0.05156892444444445,0.06042991111111111,0.05943185777777778,0.04425481333333334,0.03091160888888889,0.017458555555555554,0.01851388,0.0343236,4.073077511111111,12251387.555555556,2337.6804000000006,1.2068815608426258,0.5089414577061939,0.0,0.06200983955312929,7.0850489270825046,0.0282444444444444,0.07412882566071029,0.07523541666666667,0.0787373333333333,0.24671907698984552,0.0,0.0,0.0076444444444444,0.267,0.4924045068027212,0.0315888888888888,0.0,4.221360997146666,0.4459553757312873,0.0,0.16669264015146784,0.0,0.1995,0.24062576657358542,0.25246635871485784,0.397373379987784,0.44753321165741133,0.051406925359004686,0.11018399356483283,0.06667824117532792,0.5708960446899142,0.034151427823143454,2.0898293954018436,0.08452501245206107,0.06387851237936705,1.0931561357230795,1.0545539529485224,0.010114642857142857,0.02250107142857133,1.6052384694364326,0.006446736942486484,0.005325824814233451,0.04827122113893645,0.05359515306122442,0.1301150256798538,0.1039113473065832,0.04216599702380952,0.0424948979591836,0.11595425555359137,0.07726800543866894,0.013664087301587252,0.14307380952380952,0.0,0.0,,,,0.009503970626454812,0.017750000000000002,0.5502847805172962,12.651046754686913,10.081815167109518,27.288159788738046,183.83333,274.65799,1.0,2024-08-08 11:30:00
2024-08-08 05:45:00,30.167555555555555,1.0,0.33886172,0.4362069095902472,0.00615200607283487,0.059219997940676034,2.8417243777777776,7.536680208333334e-07,3.727585298133333e-08,1.0929836719555555e-07,9.365260640952211e-31,3.8762526171940426e-11,1.0777489410082496e-10,1.1281346198346222e-09,3.714621248881461e-31,1.865895128239953e-11,6.700107210195555e-09,4.970593243908889e-09,4.734926897730381e-13,3.2509719275555556e-07,3.114645480075111e-08,4.786703422222222e-08,4.4528786626666665e-07,8.744862170465334e-11,1.279245410052743e-11,0.276,1309.2746666666667,2.573111111111111,0.04551111111111112,2.573111111111111,40.73433244444445,-111.87211,295.3922222222222,31.13555555555556,877.5746666666668,125.89933333333333,1.1702222222222223,471311.2888888889,2385.985777777778,361.63022222222224,12160102.861333337,0.0011164133333333,0.0001194401167351,0.00348792,0.0064354177777777,0.00048288,0.0257753511111111,0.12020972,0.2886020533333333,11.029574666666663,13.252515555555556,18.45051377777778,0.5098314666666667,4.791000933333334,16.83617977777778,0.0016318222222222,0.4870443111111111,6.5930885777777775,0.0029020888888888,0.16315244444444446,0.3841769333333333,0.5088446222222223,0.965303777777778,0.0705787555555555,0.0424316444444444,0.6146683555555555,0.2428592444444444,0.0239765777777777,0.0864350666666666,0.0899600888888888,0.1068607555555555,0.0359616888888888,0.0220178666666666,5.475499999999999,0.3165,0.2811185442964704,0.06687499999999999,0.0045000000000000005,0.074,0.444125,0.251625,0.141,0.009,0.12462500000000001,0.1014264860707717,7.809027186628107,1.193625,0.752625,0.006875,0.029124999999999998,0.004625000000000001,0.09988109647472944,0.105625,0.19775,2.094125,0.205875,0.7138287231865623,0.02794603695714079,0.0109728488212914,0.012124999999999999,0.038625,0.60625,1.9895,0.01625,0.01,0.30467042168548036,1.327625,0.10475,0.18137499999999998,0.377625,0.093,0.1145,1.256125,0.027456559901377076,0.0043720167909535555,0.13289248723230274,0.011625,0.05449999999999999,0.030625,0.11238149362433224,0.05216268518086115,0.014875,0.040625,0.067375,0.259,0.042749999999999996,0.03225,0.28,0.23912499999999998,0.09443622123632886,0.0040196666666666,0.0053778844444444,0.0283133377777777,0.0124394711111111,0.0018045422222222,0.1240295066666666,42300.0,42359.0,872.0821911111111,32.041693333333335,1240.4530266666666,268.0327066666667,15.411448888888888,0.17227555555555557,0.10602666666666667,54.45166819555555,54.64438069333333,54.719412822222225,56.75601496444445,58.10413570222222,58.67841624888889,58.64476048444444,59.865760235555555,59.32872975111111,60.41125827555555,61.78130401777778,65.46032728888889,67.01116236888889,65.27676692888889,55.70075724444444,214.53721337777776,85.92021769777777,34.638183457777785,11.198773053333333,1.15794352,0.7303953111111111,0.35862563555555554,0.24134576444444444,0.16984630222222222,0.12621965777777777,0.10145434222222223,0.06892164444444444,0.06523620444444445,0.051304528888888895,0.0562514,0.054407595555555556,0.04331247555555555,0.03282704444444444,0.016791404444444442,0.02007832888888889,0.029104786666666667,3.851657244444445,12017620.888888888,2326.9137333333333,1.2322405901331979,0.5264247505423983,0.0,0.06216144843507447,7.045486637911696,0.0282444444444444,0.07429825177005478,0.075284375,0.0705787555555555,0.2472596405074568,0.0,0.0,0.0076444444444444,0.259,0.49339783163265316,0.0315888888888888,0.0,4.187244045145518,0.4436481171734331,0.0,0.16295620859783952,0.0,0.19775,0.2429041307419374,0.25235177936286884,0.3948642244337267,0.44753321165741133,0.05100399124838184,0.10409792940937651,0.06525912892012863,0.5489018433839598,0.03435247956879674,2.057906169900475,0.08338478845491921,0.06284570298428434,1.0693471506854424,1.0721707519749857,0.010154464285714286,0.02253910714285704,1.6100490998515937,0.005488800309266729,0.00530858425538365,0.04576474707734385,0.053673086734693815,0.1315526279806598,0.10508025305141769,0.042250558035714286,0.042542346938775434,0.11690501927270981,0.07840030086624464,0.013658630952380901,0.14306071428571426,0.0,0.0,,,,0.005623467033069776,0.017375,0.3920204788040751,12.288394410347353,9.554219643872887,29.021583942022435,181.33333,274.54868,1.0,2024-08-08 11:45:00
2024-08-08 06:00:00,28.22,1.0,0.3722218088888888,0.443645791208625,0.006257587609412424,0.060165881613715014,3.017009608888889,7.596191666666667e-07,1.2777035555555555e-06,3.447517555555556e-06,9.134457511111111e-29,1.5285466666666666e-09,4.2370608000000005e-09,4.343448844444445e-08,3.6372029911111114e-29,7.062045777777779e-10,2.5248853333333333e-07,1.8730529333333333e-07,1.8444596444444444e-11,8.563021777777778e-06,1.1437726222222222e-06,8.917460444444445e-07,1.0412637333333334e-05,3.3737947555555556e-09,4.853129733333333e-10,0.276,1309.7355555555555,1.938977777777778,0.043555555555555556,1.938977777777778,40.73433,-111.87211,295.38955555555555,31.45288888888889,877.6066666666667,133.12444444444446,0.7342222222222222,477001.6,2387.9075555555555,379.2,12476292.87511111,0.0009708977777777,0.0001135022222222,0.0030941066666666,0.0065591777777777,0.0004582533333333,0.0290176755555555,0.0738306,0.2544700797628298,11.489634672993672,13.77885082140082,20.2593804,0.5094464888888889,5.0418606666666665,17.89466831111111,0.0027081777777777,0.512372311111111,6.833858444444444,0.0080883555555555,0.1882048,0.4025976444444444,0.5365947555555556,0.9814649777777776,0.0656029333333333,0.0435479111111111,0.6399172888888889,0.2554223111111111,0.0272614666666666,0.0941514666666666,0.1230223999999999,0.1216366222222222,0.0341809333333333,0.0274506666666666,5.358,0.317,0.413,0.061,0.004,0.074,0.445,0.25,0.142,0.009,0.117,0.15,6.843,1.222,0.779,0.007,0.027,0.005,0.072,0.104,0.196,2.056,0.209,0.772,0.062,0.017,0.01,0.036,0.579,1.997,0.016,0.01,0.38,1.29,0.102,0.177,0.375,0.091,0.112,1.282,0.034,0.004407196708670313,0.174,0.01,0.051,0.029,0.128,0.061,0.015,0.04,0.066,0.251,0.043,0.031,0.28,0.239,0.112,0.0039223333333333,0.0051926888888888,0.0281229422222222,0.0117978533333333,0.0018177866666666,0.1243051333333333,43200.0,43259.0,872.1155111111111,32.061497777777774,1236.96512,267.6277511111111,15.421226666666666,0.17271111111111112,0.10600000000000001,53.71764827111111,53.92513785333333,54.27570333777778,56.331347466666664,58.089526066666664,58.37954064888889,58.464665768888885,59.39487098222222,59.43707122666667,60.04284100444444,61.67211796,65.4722117911111,67.22639615111112,65.33406263555555,55.72086624,214.64583730222222,85.89434088444445,34.55173512444444,11.09303828,1.1488195822222222,0.7125623155555555,0.36534402666666665,0.24638250222222222,0.15999037333333332,0.12752131555555554,0.08466521777777777,0.07144164888888889,0.062322022222222224,0.050309075555555555,0.061828506666666665,0.057601271111111116,0.046084,0.032203857777777775,0.017488248888888887,0.020474946666666667,0.031167871111111113,4.039736666666667,12306724.444444444,2327.028488888889,1.25759961942377,0.5439080433786028,0.0,0.06231305731701965,7.005924348740889,0.0282444444444444,0.07446767787939927,0.07533333333333334,0.0656029333333333,0.24780020402506803,0.0,0.0,0.0076444444444444,0.251,0.49439115646258514,0.0315888888888888,0.0,4.310454898753233,0.44134085861557887,0.0,0.15921977704421122,0.0,0.196,0.24518249491028937,0.25223720001087985,0.39235506887966937,0.44753321165741133,0.050601057137759003,0.09801186525392018,0.06384001666492932,0.5269076420780053,0.03455353131445002,2.0259829443991064,0.08224456445777736,0.06181289358920161,1.0455381656478053,1.089787551001449,0.010194285714285715,0.022577142857142758,1.6148597302667547,0.004530863676046975,0.005291343696533849,0.04325827301575125,0.053751020408163194,0.1329902302814658,0.10624915879625216,0.042335119047619045,0.04258979591836727,0.11785578299182825,0.07953259629382035,0.013653174603174553,0.14304761904761903,0.0,0.0,,,,0.017481644600213685,0.017,0.37183013179392943,12.747105648240085,9.948594000029189,18.0,182.33333,275.00656,0.6641347693659704,2024-08-08 12:00:00
2024-08-08 06:15:00,25.110666666666667,1.0,0.419714726984127,0.45108467282700293,0.00636316914598998,0.06111176528675399,3.1567120571428573,5.6877156648113e-06,2.0180887555555554e-05,6.076918666666666e-05,1.3065157777777778e-27,1.8429631555555555e-08,5.4368502222222226e-08,5.7423e-07,5.218322666666667e-28,7.866694666666667e-09,3.4731795555555555e-06,2.582975111111111e-06,2.1931782222222222e-10,0.00018263307555555557,1.632182177777778e-05,2.5761901333333334e-05,0.00024243862222222222,4.416748888888889e-08,5.532907111111111e-09,0.276,1309.5746666666666,2.1198222222222225,0.04608888888888889,2.1198222222222225,40.734331422222226,-111.87211,294.96644444444445,32.57644444444444,877.52,131.40311111111112,0.964,482830.8888888889,2384.075111111111,406.2528888888889,12710146.350222224,0.000834045079365,0.0001049707157657,0.0028167507936507,0.0065372857142857,0.0004353834920634,0.0309757755555555,0.0385902479365079,0.4639763682254782,14.384182789247792,16.260536022496023,21.754060266666663,0.5152784888888889,5.355603822222222,19.549852444444447,0.0043638222222222,0.5260129333333333,6.927937866666666,0.0059933777777777,0.18642511111111112,0.4097252888888888,0.5821041777777778,1.0393263555555554,0.0794588888888889,0.0430917333333333,0.6903509333333333,0.2765853777777777,0.0332332,0.1035800888888889,0.1456278222222222,0.1333087111111111,0.0336787111111111,0.0315633777777777,5.4725,0.324125,0.3134661317295445,0.065375,0.004,0.07425,0.445,0.24525,0.144,0.009125,0.11837500000000001,0.15089821948116935,9.754888521935044,1.396878760389981,0.807125,0.0075,0.05,0.007124999999999999,0.10276004597484004,0.110125,0.206125,2.138375,0.23975,0.769625705336382,0.086,0.02475,0.014624999999999999,0.040874999999999995,0.617375,2.0688750000000002,0.01725,0.0105,0.41075126613336965,1.3875,0.107375,0.18662499999999999,0.3935,0.09425,0.11775000000000001,1.33625,0.035891891801490626,0.0045785330994529356,0.17629507873427888,0.014249999999999999,0.057124999999999995,0.031625,0.1340956343518751,0.06475,0.02,0.046375,0.068375,0.2725,0.045625,0.03295978177259807,0.29200000000000004,0.24975,0.12040394336188903,0.0038059793650793,0.0050801447619047,0.0265009698412698,0.0110332546031746,0.0017726066666666,0.1132516939682539,44100.0,44159.0,872.06516,32.16113333333333,1240.3702666666666,267.8441377777778,15.4686,0.1730177777777778,0.10583999999999999,54.84862612444444,54.86642604888889,54.74037980888889,56.79509528444444,58.094525942222226,58.576337564444444,58.58591865777778,59.45415080888889,59.23435773333333,60.048811515555556,61.51397546222223,65.433332,67.14810410666668,65.53706093777778,56.039514177777775,214.98032944444446,85.96472576444445,34.24555147555555,10.96010649777778,1.1352093066666666,0.7240546844444444,0.3754088755555555,0.24429216888888888,0.16961345777777778,0.12460630222222221,0.0770567911111111,0.06655726666666667,0.05489473333333333,0.052757844444444445,0.05641677333333333,0.06130842222222222,0.04545549777777778,0.037306146666666665,0.018245177777777778,0.023372062222222222,0.03647396,4.086103333333333,12559221.333333332,2323.5824444444443,1.3603763020111106,0.5199645456293087,0.0,0.06246466619896483,10.79322585047857,0.0282444444444444,0.07463710398874376,0.07538229166666667,0.0794588888888889,0.2483407675426793,0.0,0.0,0.0076444444444444,0.2725,0.4953844812925171,0.0315888888888888,0.0,4.299405633534506,0.39830839114859556,0.0,0.1674399264621935,0.0,0.206125,0.2676015983268728,0.26209102428193354,0.4100386413558828,0.46491577003025647,0.054710985066111995,0.09910935223277295,0.06710397485188771,0.5578811274033632,0.0366645746438095,2.0949580447446863,0.08421404227102237,0.06570579053989802,1.1072358677386922,1.1267232552405073,0.010234107142857144,0.022615178571428474,1.6609616050787146,0.006615784583642911,0.007523996067583064,0.07038716874122411,0.05382895408163259,0.1391399734571359,0.11124947781582187,0.042419680059523804,0.04263724489795911,0.12229268034771432,0.08437630451178312,0.013647718253968204,0.1430345238095238,0.0,0.0,,,,0.027038880428215006,0.02475,0.4957609867188867,15.633167751632831,11.808079895949128,24.351231108475247,187.33333,276.69061,0.3484730897230569,2024-08-08 12:15:00
2024-08-08 06:30:00,25.00177777777777,1.0,0.4181513238095238,0.45852355444538073,0.006468750682567535,0.06205764895979297,3.1957280215873016,5.015174558730158e-05,0.00012778964444444443,0.0004163024444444444,5.5611022222222226e-27,1.0015675555555556e-07,3.028115555555556e-07,3.2320782222222224e-06,2.133087111111111e-27,3.512561333333334e-08,2.0032662222222223e-05,1.4787075555555555e-05,1.1366137777777778e-09,0.0014444946666666667,9.576622222222222e-05,0.00024422146666666666,0.002067420888888889,2.4731e-07,2.5530515555555556e-08,0.276,1310.0444444444445,1.8797333333333333,0.04648888888888889,1.8797333333333333,40.73433124444444,-111.87211,295.12333333333333,32.50088888888889,877.375111111111,129.9596888888889,0.6404444444444445,483712.8,2346.656444444445,411.8106666666666,12540295.665333332,0.0007178038095238,8.708510680676296e-05,0.0025671111111111,0.0061092549206349,0.0003308644444444,0.0298197028571428,0.0297755707936507,0.5699354488888889,14.97152888888889,16.848013333333334,25.6995088,0.5317885333333333,5.363031333333334,19.046554355555557,0.0047350222222222,0.5198195111111111,6.963656,0.0073028,0.21234826666666665,0.4223333333333333,0.5957304000000001,1.1208706666666666,0.0871783555555555,0.0441022222222222,0.7369385333333334,0.2990037333333333,0.0283256888888888,0.0944336888888888,0.1572236444444444,0.1361160444444444,0.0342478222222222,0.0298459999999999,5.587,0.33125,0.3194827586579126,0.06975,0.004,0.0745,0.445,0.2405,0.146,0.00925,0.11975000000000001,0.16107446608938866,9.015625951371788,1.4225340650709153,0.83525,0.008,0.073,0.00925,0.10635226704444053,0.11624999999999999,0.21625,2.22075,0.2705,0.8310924443784253,0.11,0.0325,0.01925,0.04575,0.6557499999999999,2.14075,0.0185,0.011,0.43843258347506114,1.4849999999999999,0.11274999999999999,0.19624999999999998,0.41200000000000003,0.0975,0.1235,1.3905,0.03893960587028124,0.004749869490235557,0.18821068554830403,0.0185,0.06325,0.03425,0.14571992246930382,0.0685,0.025,0.05275,0.07075000000000001,0.294,0.04825,0.03580934622965282,0.30400000000000005,0.2605,0.13074265744790536,0.003916106031746,0.0054483593650793,0.028881753015873,0.0112446758730158,0.001835785079365,0.1119591225396825,45000.0,45059.0,871.9251511111111,32.08764444444444,1254.8271377777778,272.8811377777778,15.815986666666667,0.17364444444444443,0.10821333333333333,53.12212620444445,53.492225035555556,53.78960576888889,56.403998004444446,58.14307513333333,58.599494182222216,59.114482826666666,60.18560502222223,60.169254244444446,61.32582362222222,63.11933742666667,66.95599049333333,68.77831203999999,67.16718193333332,57.659324742222225,219.79462316888888,87.26554877333334,34.98339444444444,11.328961702222221,1.182234062222222,0.7546179022222222,0.3580849066666667,0.24472052444444445,0.17280618222222222,0.1338431288888889,0.09130901777777778,0.07654997777777778,0.06056409777777778,0.057435537777777775,0.05864976444444445,0.07434326666666666,0.04737288,0.04217703111111111,0.01993122222222222,0.024305506666666664,0.0300038,4.166305822222222,12389288.88888889,2288.144977777778,1.4631529845984512,0.5288926884207052,0.0,0.06261627508091001,10.013596294355423,0.0282444444444444,0.07480653009808826,0.07543125,0.0871783555555555,0.2488813310602906,0.0,0.0,0.0076444444444444,0.294,0.4963778061224491,0.0315888888888888,0.0,4.347101493346667,0.40529441342158384,0.0,0.17566007588017574,0.0,0.21625,0.2900207017434562,0.27194484855298723,0.4277222138320962,0.4822983284031016,0.058820912994464986,0.10020683921162574,0.07036793303884611,0.588854612728721,0.03877561797316897,2.163933145090266,0.08618352008426738,0.06959868749059442,1.1689335698295789,1.1636589594795657,0.010273928571428573,0.022653214285714186,1.7070634798906745,0.008700705491238848,0.00975664843863228,0.09751606446669697,0.05390688775510197,0.145289716632806,0.11624979683539159,0.04250424107142857,0.042684693877550944,0.12672957770360038,0.08922001272974586,0.013642261904761853,0.14302142857142855,0.0,0.0,,,,0.036596116256216324,0.0325,0.5584397709694137,16.218791915291025,12.248266980593408,24.250665416418723,192.33333,279.69647,0.523689296951969,2024-08-08 12:30:00
2024-08-08 06:45:00,21.622666666666664,1.0,0.4665621777777778,0.46596243606375864,0.00657433221914509,0.06300353263283195,3.298829355238095,0.00017026399555555553,0.0003890271111111111,0.0013172631111111111,1.1787266666666668e-26,3.175068e-07,9.113146666666667e-07,9.623373333333333e-06,4.4772755555555554e-27,1.0055973333333334e-07,5.945302222222222e-05,4.33184e-05,3.491386666666667e-09,0.005011088888888889,0.0002827397333333333,0.0009925537777777777,0.007655888888888889,7.396088888888889e-07,7.291888888888889e-08,0.276,1309.6844444444444,2.002266666666667,0.04897777777777778,2.002266666666667,40.73433244444445,-111.87211,294.7126666666666,33.154666666666664,877.3106666666666,109.12608888888889,0.6213333333333334,493344.53333333327,2344.6600000000003,447.0582222222222,12747595.470666666,0.0006248444444444,6.919949784782591e-05,0.0021108628571428,0.0054918492063492,0.0002453526984126,0.0280639771428571,0.0155500796825396,1.1615331111111111,18.17457777777778,20.47588,37.80548910793651,0.535947311111111,6.077617283272284,20.208017936507936,0.0069743555555555,0.5504579174603175,7.189193679365079,0.0088456285714285,0.2333968148962149,0.4368023301587301,0.6892451746031746,1.2870199428571427,0.1013572857142857,0.0531480857142857,0.8420294825396826,0.3500825111111111,0.0329452095238095,0.1030589492063492,0.2009711936507936,0.1428677174603174,0.0324506952380952,0.0362839269841269,5.701499999999999,0.338375,0.3607739912462191,0.074125,0.004,0.07475,0.445,0.23575,0.148,0.009375,0.12112500000000001,0.1840297463660214,8.976183160287476,1.5852406023224848,0.863375,0.0085,0.096,0.011375,0.11047470137445874,0.122375,0.22637500000000002,2.303125,0.30125,0.9563329922776991,0.134,0.04025,0.023875,0.050624999999999996,0.694125,2.212625,0.01975,0.0115,0.5008752917219021,1.5825,0.118125,0.205875,0.4305,0.10075,0.12925,1.44475,0.04588362588388944,0.00492120588101818,0.21508956384329117,0.02275,0.06937499999999999,0.036875000000000005,0.17220511350410586,0.07225,0.03,0.059125,0.07312500000000001,0.3155,0.050875,0.04230189512801677,0.316,0.27125,0.15429875093562506,0.0038410034920634,0.0054076269841269,0.0284239631746031,0.0104405241269841,0.001887245079365,0.103469325079365,45900.0,45959.0,871.8522266666666,31.880355555555557,1258.27116,274.4725066666667,16.02823111111111,0.17498666666666668,0.10900888888888889,52.99114910666667,53.138253337777776,53.72514794666667,56.04349143555555,58.04226123111111,58.623941897777776,59.09530227555556,60.34902092888889,60.28635557333333,61.48709711111111,63.315402311111114,67.58538494222222,69.55017999555555,67.93091324,57.925118573333336,220.49783340444444,87.66797740444444,35.05006641333333,11.425084826666668,1.1923852444444445,0.7600211466666666,0.37798328444444446,0.25732281333333334,0.18463306666666668,0.1347239111111111,0.1026836,0.0842422488888889,0.062272053333333334,0.05824376,0.06630803555555556,0.08190147555555556,0.05034176,0.04517293333333334,0.023386577777777775,0.026031724444444446,0.03353498222222222,4.355364,12578132.888888888,2283.838622222222,1.565929667185792,0.5855151770538359,0.0,0.0627678839628552,9.918855829359245,0.0282444444444444,0.07497595620743275,0.07548020833333333,0.1013572857142857,0.24942189457790181,0.0,0.0,0.0076444444444444,0.3155,0.49737113095238106,0.0315888888888888,0.0,4.420495833747851,0.4495999286877888,0.0,0.183880225298158,0.0,0.22637500000000002,0.31243980516003955,0.2817986728240409,0.4454057863083096,0.49968088677594674,0.06293084092281798,0.10130432619047852,0.0736318912258045,0.6198280980540788,0.04088666130252844,2.2329082454358455,0.0881529978975124,0.07349158444129082,1.2306312719204655,1.200594663718624,0.01031375,0.0226912499999999,1.7531653547026345,0.010785626398834782,0.011989300809681493,0.12464496019216983,0.05398482142857136,0.1514394598084761,0.12125011585496132,0.042588802083333335,0.04273214285714278,0.13116647505948645,0.09406372094770862,0.013636805555555504,0.14300833333333332,0.0,0.0,,,,0.04615335208421764,0.04025,0.9083920544488537,19.412450352553254,14.966567793270077,21.129845184966864,197.33333,284.74527,0.6021933795729532,2024-08-08 12:45:00
2024-08-08 07:00:00,19.02355555555556,1.0,0.5246803434920635,0.47340131768213645,0.006679913755722645,0.06394941630587092,3.505095554920635,0.00033320506666666665,0.0008129373333333333,0.002869266666666667,1.8410044444444448e-26,7.149328888888889e-07,1.8996102222222223e-06,1.9817764444444442e-05,7.002208888888889e-27,2.3061777777777778e-07,0.00012138613333333333,8.697942222222223e-05,7.831617777777779e-09,0.011923213333333332,0.0005709484444444445,0.0026561293333333333,0.01918132,1.5367075555555556e-06,1.6105128888888888e-07,0.276,1308.815111111111,2.522,0.05053333333333333,2.522,40.734339555555565,-111.87211,294.69533333333334,34.13911111111111,877.4599999999999,120.30933333333333,0.9706666666666667,499285.7777777778,2351.843555555556,482.26844444444447,13076713.95422222,0.0005184288888888,5.131388888888888e-05,0.0019634647619047,0.0046330746031746,0.0002363682539682,0.0237662523809523,0.0116367672942137,2.4486758666666666,19.62832888888889,23.15857333333333,38.050028547323045,0.5350891034650535,6.105337155555556,23.429748401524403,0.0091557919543419,0.5918071772838274,7.435321967179117,0.0117018165704665,0.28654783932178934,0.4568905696396196,0.755911932909683,1.4094131076664076,0.1133831826414326,0.07507776006956,0.9035617822566324,0.3801285698190698,0.0343832867206867,0.1128251081159581,0.2618193263310763,0.1599445772042772,0.0305513428219928,0.0415865221019721,5.816,0.34550000000000003,0.3902105442916991,0.0785,0.004,0.075,0.445,0.23099999999999998,0.15,0.0095,0.1225,0.1974704013104818,9.118105206657852,1.747774804860484,0.8915,0.009,0.119,0.013499999999999998,0.11619814226431288,0.1285,0.23650000000000002,2.3855,0.332,1.0485909146189647,0.158,0.048,0.028499999999999998,0.055499999999999994,0.7324999999999999,2.2845,0.020999999999999998,0.012,0.5374364177560605,1.68,0.1235,0.2155,0.449,0.10400000000000001,0.135,1.499,0.04996830531584097,0.005092542271800803,0.2308275432581982,0.026999999999999996,0.0755,0.0395,0.1877844918554291,0.076,0.035,0.0655,0.07550000000000001,0.33699999999999997,0.0535,0.046121005800813734,0.328,0.28200000000000003,0.16815514685295474,0.0039891253968253,0.0056617898412698,0.0289714485714285,0.0106421523809523,0.0021292882539682,0.144632146984127,46800.0,46859.0,871.9837066666666,31.961724444444442,1243.1125377777778,269.50008,15.769373333333334,0.17529777777777777,0.10655555555555556,54.611179533333335,54.211668791111116,54.221882817777775,56.312839297777785,58.012455115555554,58.274155533333335,58.20396612444444,59.33591525333334,59.49896408888889,60.639824542222215,61.97627832,66.29566982222222,68.05905623111111,66.64944362222222,56.728383462222226,216.00914573333333,85.6270668088889,33.89272689333333,11.006560982222222,1.1649358577777778,0.7582965866666667,0.38774509333333335,0.26429290666666666,0.17937927555555555,0.14215014222222225,0.10477823555555556,0.08847722222222223,0.0691712488888889,0.057379839999999994,0.06650899111111111,0.07818395555555555,0.05539785333333334,0.04186944888888889,0.02645731555555555,0.025238382222222223,0.03497483111111111,4.489999022222222,12905327.111111112,2290.8299555555554,1.6687063497731327,0.6420776925566606,0.0,0.06291949284480038,10.07266620623087,0.0282444444444444,0.07514538231677724,0.07552916666666666,0.1133831826414326,0.2499624580955131,0.0,0.0,0.0076444444444444,0.33699999999999997,0.49836445578231303,0.0315888888888888,0.0,4.563743014459562,0.4938585166552389,0.0,0.19210037471614028,0.0,0.23650000000000002,0.334858908576623,0.29165249709509466,0.46308935878452306,0.5170634451487919,0.06704076885117097,0.1024018131693313,0.0768958494127629,0.6508015833794365,0.042997704631887915,2.3018833457814254,0.0901224757107574,0.07738448139198723,1.2923289740113524,1.2375303679576821,0.010353571428571429,0.022729285714285615,1.7992672295145944,0.012870547306430719,0.01422195318073071,0.1517738559176427,0.05406275510204075,0.1575892029841462,0.12625043487453103,0.042673363095238094,0.04277959183673462,0.13560337241537251,0.09890742916567138,0.013631349206349154,0.1429952380952381,0.0,0.0,,,,0.05571058791221896,0.048,1.6697854392345544,20.861939468309426,16.976665775967604,11.0,190.66667,292.38895,0.58359921969993,2024-08-08 13:00:00
2024-08-08 07:15:00,17.143111111111114,1.0,0.4774705895238095,0.4808401993005143,0.0067854952923002,0.0648952999789099,3.0947772736507937,0.0005633736888888889,0.0014173893333333334,0.0051330222222222225,2.5711155555555555e-26,1.3174017777777777e-06,3.2626622222222226e-06,3.389871111111112e-05,9.698355555555556e-27,4.635653333333333e-07,0.00020646577777777778,0.00014594795555555556,1.4664653333333334e-08,0.02207311111111111,0.0009673746666666667,0.005008457777777778,0.035997777777777774,2.652511111111111e-06,3.086893333333333e-07,0.276,1308.3284444444444,1.9979555555555557,0.052977777777777776,1.9979555555555557,40.734339733333336,-111.87211,294.2726666666666,34.76577777777778,877.5391111111111,111.64817777777778,1.214222222222222,501388.4888888889,2316.438222222222,530.9417777777778,13054809.490666669,0.0003864022222222,7.395737873237872e-05,0.0016520546031746,0.0038298857142857,0.0001806285714285,0.0184991961904761,0.011629457148885832,7.905304444444444,23.289831111111116,36.11585777777778,37.810897381794135,0.5452390228937729,5.836638383834684,22.76475191421356,0.008990541053391,0.5912076030136529,7.591742988683539,0.0150725755670255,0.3085142886465386,0.4717275767565768,0.7437228043345543,1.2958057308524809,0.1137437328190328,0.0633321927812927,0.845925255979206,0.3934752438468938,0.0342816497946497,0.1147061729770229,0.3212954634106634,0.1489132325174825,0.0291292445350945,0.0394495634236134,5.9305,0.352625,0.38482846274169635,0.082875,0.004,0.07525,0.445,0.22625,0.152,0.009625,0.123875,0.18488070995397915,8.418619092820279,1.9724561876779607,0.919625,0.0095,0.142,0.015625,0.120425428249082,0.134625,0.246625,2.467875,0.36275,0.9629555724507332,0.182,0.05575,0.033125,0.060375,0.770875,2.356375,0.02225,0.0125,0.5031900737856011,1.7774999999999999,0.128875,0.225125,0.4675,0.10725000000000001,0.14075,1.55325,0.05178274911415432,0.005263878662583424,0.21608597714944738,0.03125,0.081625,0.042125,0.19470496307038324,0.07975,0.04,0.071875,0.077875,0.3585,0.056125,0.0478174820581973,0.34,0.29275,0.1743102569559675,0.0039801907936507,0.0055142873015873,0.0279553034920634,0.0102051587301587,0.0018979946031746,0.1741467380952381,47700.0,47759.0,872.0736355555556,32.11331111111111,1280.5828844444445,276.9509644444444,16.218564444444446,0.17544444444444443,0.10936,58.45205595555556,57.39997306666667,56.53503884444444,58.46791229777777,59.54765000444444,59.77986638222222,59.75205480444445,60.91070168888889,60.842236297777774,61.922189493333335,63.85710429777778,67.9580079688889,70.10236078666667,68.40101228444445,58.27776007111111,220.98600195111112,87.43092740888889,34.90404155111111,11.366619835555555,1.2176385111111112,0.7833373288888889,0.3955038355555555,0.27469879111111106,0.1985984488888889,0.1392984177777778,0.11356402222222223,0.08695355111111111,0.07694197777777778,0.0604738,0.07256426666666667,0.08083092888888889,0.04807984444444444,0.04566454666666667,0.024403435555555558,0.029482915555555555,0.041391564444444445,4.510307733333334,12888696.0,2258.451511111112,1.7714830323604733,0.7202676611931907,0.0,0.06307110172674556,9.360335595591472,0.0282444444444444,0.07531480842612173,0.075578125,0.1137437328190328,0.2505030216131244,0.0,0.0,0.0076444444444444,0.3585,0.499357780612245,0.0315888888888888,0.0,4.617580716355873,0.5550399824070442,0.0,0.20032052413412255,0.0,0.246625,0.3572780119932064,0.30150632136614836,0.48077293126073645,0.534446003521637,0.07115069677952396,0.10349930014818406,0.08015980759972129,0.6817750687047943,0.04510874796124739,2.3708584461270052,0.09209195352400243,0.08127737834268364,1.3540266761022393,1.2744660721967405,0.010393392857142858,0.02276732142857133,1.8453691043265543,0.014955468214026655,0.016454605551779924,0.17890275164311556,0.054140688775510135,0.1637389461598163,0.13125075389410074,0.04275792410714285,0.042827040816326455,0.14004026977125858,0.10375113738363415,0.013625892857142805,0.14298214285714284,0.0,0.0,,,,0.06526782374022028,0.05575,4.89758661701408,24.51270718079065,26.685345854824625,16.99269575542547,170.66667,303.14636,0.5823738291908501,2024-08-08 13:15:00
2024-08-08 07:30:00,17.113777777777777,1.0,0.4179218796825397,0.4877467022222221,0.0069896701587301,0.0674972469841269,2.896793175555556,0.0008009624444444444,0.0021639422222222223,0.007833515555555556,3.392537777777778e-26,2.1520755555555554e-06,5.030164444444444e-06,5.2211466666666666e-05,1.2681004444444447e-26,8.478857777777778e-07,0.0003151982222222222,0.00022137733333333333,2.4597866666666668e-08,0.033452977777777775,0.0014750840000000002,0.007456631111111112,0.05438866666666666,4.118973333333333e-06,5.430768888888888e-07,0.276,1308.2284444444444,1.2959555555555555,0.053200000000000004,1.2959555555555555,40.73433453333334,-111.87211,295.2162222222222,33.516444444444446,877.6924444444445,116.47622222222223,0.7284444444444446,498715.6444444445,2292.5448888888886,546.2657777777778,13058768.812444445,0.0004534574603174,7.49568253968254e-05,0.0017365482539682,0.0031450723809523,0.0001929476190476,0.0143538644444444,0.011622147003557964,5.019644444444445,23.287586666666662,30.225293333333337,27.937385422222224,0.5311595111111111,5.923285288888889,22.614498088888887,0.0090408,0.5828369777777778,7.698106266666667,0.0130131111111111,0.31741804444444444,0.4634672444444445,0.7492596888888889,1.4840387555555556,0.1316205333333333,0.0509459111111111,0.9436950666666668,0.4121778666666666,0.0371849333333333,0.1116642666666666,0.3267961777777778,0.1443681333333333,0.0501489333333333,0.0422236444444444,6.045,0.35975,0.38727326131943757,0.08725,0.004,0.0755,0.445,0.2215,0.154,0.00975,0.12525,0.2062368155356042,7.946570016976004,2.043193432787432,0.94775,0.009999999999999998,0.165,0.01775,0.11807193561156054,0.14075,0.25675000000000003,2.55025,0.3935,1.1048424809409305,0.20600000000000002,0.0635,0.03775,0.06525,0.80925,2.4282500000000002,0.0235,0.013000000000000001,0.5612827241062164,1.875,0.13424999999999998,0.23475000000000001,0.486,0.1105,0.14650000000000002,1.6075,0.05432531948912459,0.005435215053366047,0.24109234413193745,0.0355,0.08775,0.04475,0.20440258231234232,0.08349999999999999,0.045,0.07825,0.08025,0.38,0.05875,0.05019474514999079,0.352,0.3035,0.18293537977164687,0.0042091971428571,0.0053084546031746,0.0252176276190476,0.0100057634920634,0.0018685174603174,0.1489884146031745,48600.0,48659.0,872.2177955555555,32.09914666666666,1247.4590133333334,270.91416,15.927484444444445,0.17620444444444444,0.10724,55.24121711555555,54.596917151111114,54.31861982666666,56.27506523555555,57.94284018222222,58.21428684,58.402458484444445,59.64609928,59.487334319999995,60.49127048444445,62.45296367555556,66.58566496444445,68.46060949333334,67.11671883555556,57.137660697777775,216.71129566666664,85.3615269688889,34.160820604444446,11.16428836,1.2357456577777777,0.7620446888888889,0.3938648622222222,0.2687075511111111,0.18920521333333334,0.14646943555555553,0.11269342666666667,0.10192291555555556,0.07411947555555556,0.06344028444444444,0.07409778666666668,0.08371440000000001,0.05340346666666666,0.04087428888888889,0.02410343111111111,0.027069017777777777,0.039952093333333334,4.5054204,12904503.555555556,2233.5117777777778,1.8742597149478142,0.7448844892863188,0.0,0.06322271060869074,8.811657739711151,0.0282444444444444,0.07548423453546622,0.07562708333333333,0.1316205333333333,0.25104358513073566,0.0,0.0,0.0076444444444444,0.38,0.500351105442177,0.0315888888888888,0.0,4.64824174204,0.574301962571008,0.0,0.20854067355210482,0.0,0.25675000000000003,0.3796971154097898,0.31136014563720205,0.4984565037369499,0.5518285618944822,0.07526062470787695,0.10459678712703685,0.08342376578667968,0.7127485540301521,0.04721979129060686,2.4398335464725847,0.09406143133724744,0.08517027529338005,1.415724378193126,1.3114017764357988,0.010433214285714287,0.022805357142857044,1.8914709791385143,0.01704038912162259,0.01868725792282914,0.20603164736858842,0.05421862244897952,0.1698886893354864,0.13625107291367045,0.04284248511904762,0.04287448979591829,0.14447716712714465,0.1085948456015969,0.013620436507936456,0.1429690476190476,0.0,0.0,,,,0.07482505956822161,0.0635,3.1906101178981108,24.510469316435266,22.27164282004084,16.965604589402076,150.66667,317.47519,0.5429944629895276,2024-08-08 13:30:00
2024-08-08 07:45:00,15.826222222222222,1.0,0.4120573466666666,0.5223777155555556,0.0071360088888888,0.0743570577777777,2.732127315555556,0.001084919022222222,0.0029800933333333337,0.010634253333333335,4.350555555555556e-26,3.2444488888888888e-06,7.213266666666667e-06,7.463217777777778e-05,1.6117688888888892e-26,1.4425626666666667e-06,0.0004441008888888889,0.0003108728888888889,3.826893333333334e-08,0.04449342222222222,0.0020672266666666664,0.00969508,0.0718596888888889,5.936893333333334e-06,9.004835555555555e-07,0.276,1309.9875555555554,2.7057777777777776,0.05284444444444445,2.7057777777777776,40.734339066666664,-111.87211,296.25177777777776,32.712,877.8013333333333,123.28622222222224,0.9928888888888889,503748.0444444445,2291.568,614.8506666666667,13256919.840444444,0.0005643422222222,9.242666666666668e-05,0.0018651022222222,0.00240784,0.0002027422222222,0.0099659511111111,0.011614836858230096,6.795300444444444,24.569524444444443,33.193244444444446,27.73897902222222,0.5145135111111111,6.261308844444444,22.325082044444443,0.0089640888888888,0.5992612,7.938592266666666,0.0149438222222222,0.3776219555555555,0.4564024444444444,0.8378125777777777,1.7129705333333334,0.1837975555555555,0.0612519111111111,1.0334496,0.4205770222222222,0.0400486222222222,0.114916,0.3299035555555555,0.1378131555555555,0.0777225333333333,0.0430314666666666,6.1594999999999995,0.366875,0.42637358473884995,0.091625,0.004,0.07575,0.445,0.21675,0.156,0.009875,0.12662500000000002,0.22584212393109215,7.9272700938230045,2.359788714446216,0.975875,0.010499999999999999,0.188,0.019874999999999997,0.11605906807097247,0.146875,0.26687500000000003,2.632625,0.42425,1.2774074293886994,0.23,0.07125000000000001,0.042375,0.07012499999999999,0.8476250000000001,2.500125,0.02475,0.0135,0.6146128746195594,1.9725,0.139625,0.244375,0.5045,0.11375,0.15225,1.66175,0.055467161694686545,0.005606551444148669,0.26404866145621064,0.039749999999999994,0.09387500000000001,0.047375,0.2087576833757959,0.08725,0.05,0.084625,0.082625,0.40149999999999997,0.061375,0.051262349554831,0.364,0.31425000000000003,0.18680883372047344,0.0046221466666666,0.0057049555555555,0.0231634399999999,0.0101851688888888,0.0022849155555555,0.1511014355555555,49500.0,49559.0,872.3196844444445,32.081315555555555,1172.2227777777778,252.9371377777778,15.295919999999999,0.1812,0.09968444444444445,56.15402022222222,54.65079862222222,53.62008013333333,55.061771577777776,55.60187015555555,55.44836307111111,55.05307354222223,55.879737266666666,55.25728359111111,56.193224022222225,57.678869471111106,61.39000071555555,62.88785977333334,61.52982761777778,52.451466800000006,199.73565745333335,78.76741999555556,31.030062364444444,10.172457311111112,1.1383061866666668,0.7464668133333333,0.37094116000000005,0.2675517333333334,0.18341161333333333,0.14483957777777778,0.10741009777777778,0.10479196888888889,0.08473465333333333,0.07478217777777778,0.08629954222222222,0.10322362222222223,0.06654222222222222,0.05607136,0.031057453333333332,0.040090680000000004,0.05235314222222222,4.551940355555556,13061944.0,2230.9730666666665,1.9770363975351548,0.8550608413852532,0.0,0.06337431949063592,8.755805716334365,0.0282444444444444,0.07565366064481072,0.07567604166666667,0.1837975555555555,0.2515841486483469,0.0,0.0,0.0076444444444444,0.40149999999999997,0.501344430272109,0.0315888888888888,0.0,4.673236642537626,0.6605118796504548,0.0,0.21676082297008706,0.0,0.26687500000000003,0.40211621882637316,0.32121396990825574,0.5161400762131633,0.5692111202673273,0.07937055263622994,0.10569427410588964,0.08668772397363808,0.74372203935551,0.04933083461996633,2.5088086468181645,0.09603090915049245,0.08906317224407645,1.4774220802840126,1.3483374806748571,0.010473035714285714,0.022843392857142757,1.9375728539504742,0.019125310029218526,0.020919910293878356,0.23316054309406128,0.05429655612244891,0.17603843251115647,0.14125139193324018,0.04292704613095238,0.04292193877551012,0.1489140644830307,0.11343855381955965,0.013614980158730108,0.14295595238095238,0.0,0.0,,,,0.08438229539622293,0.07125000000000001,4.240977473204787,25.788648807933882,24.495479762959896,15.776466589860313,130.66667,335.74704,0.5248186082910867,2024-08-08 13:45:00
2024-08-08 08:00:00,17.145333333333333,1.0,0.3859916622222222,0.5181626044444445,0.0070189466666666,0.0751413466666666,2.7751762311111112,0.0014115417777777778,0.0038043066666666667,0.013325377777777779,5.508137777777778e-26,4.5928844444444445e-06,9.754137777777777e-06,0.00010035977777777776,2.0219244444444447e-26,2.304733333333333e-06,0.0005866213333333333,0.0004092484444444445,5.604377777777778e-08,0.05452919999999999,0.0027036622222222223,0.011644204444444445,0.08749631111111111,8.054426666666668e-06,1.4187048888888889e-06,0.276,1310.7226666666668,2.820177777777778,0.05600000000000001,2.820177777777778,40.73434,-111.87211,296.0651111111111,32.537333333333336,877.8946666666667,127.5867111111111,0.9600000000000001,501526.71111111104,2302.509777777778,575.3435555555556,13330657.678222222,0.0005144755555555,5.828e-05,0.0015468711111111,0.0022776933333333,0.0002295155555555,0.0061521599999999,0.011607526712902229,7.211896,22.93732444444445,31.926613333333336,29.98028555555556,0.5089250222222222,6.021932266666666,20.274431288888888,0.0086283111111111,0.5816336444444444,8.116291333333333,0.0159280888888888,0.4449434666666667,0.4676950666666666,0.8122314666666667,1.5821352444444443,0.1771699111111111,0.0673384888888888,0.998516311111111,0.4067412888888889,0.0341753777777777,0.1106021777777777,0.3461081777777777,0.1392366222222222,0.0626735111111111,0.044668,6.274,0.374,0.617,0.096,0.004,0.076,0.445,0.212,0.158,0.01,0.128,0.226,8.206,2.142,1.004,0.011,0.211,0.022,0.096,0.153,0.277,2.715,0.455,1.283,0.254,0.079,0.047,0.075,0.886,2.572,0.026,0.014,0.565,2.07,0.145,0.254,0.523,0.117,0.158,1.716,0.059,0.005777887834931291,0.244,0.044,0.1,0.05,0.197,0.091,0.055,0.091,0.085,0.423,0.064,0.053,0.376,0.325,0.181,0.0046920177777777,0.0064285111111111,0.0237422577777777,0.0101769777777777,0.0021729688888888,0.1545984444444444,50400.0,50459.0,872.3986755555557,32.115320000000004,1186.0417111111112,254.57767111111113,15.160395555555557,0.17839555555555553,0.09986666666666667,56.59063160444444,55.26256822222222,54.61250128,55.788230559999995,56.33699756,56.230519764444445,55.938134106666666,56.34398175555555,56.10294635111111,57.19772974222222,58.522591213333335,62.24664552888889,63.768300177777775,62.42781173333333,52.98556736444445,201.41352412,79.35844742222223,31.134699333333334,10.222211266666667,1.1253344088888888,0.7482485200000001,0.37511508,0.2616257733333333,0.18736948444444446,0.14196963555555556,0.10034402222222223,0.08865928888888888,0.07506836,0.06965814666666666,0.07612070222222221,0.08881411111111112,0.058008573333333334,0.05153078666666667,0.028292395555555554,0.029289946666666667,0.05217208888888889,4.565097066666667,13175867.555555556,2241.1144,2.0798130801224954,0.6930546173367449,0.0,0.0635259283725811,8.337366327501652,0.0282444444444444,0.07582308675415521,0.075725,0.1771699111111111,0.25212471216595816,0.0,0.0,0.0076444444444444,0.423,0.5023377551020409,0.0315888888888888,0.0,4.654808438001297,0.6505323011943617,0.0,0.22498097238806933,0.0,0.277,0.4245353222429566,0.3310677941793094,0.5338236486893767,0.5865936786401724,0.08348048056458293,0.1067917610847424,0.08995168216059647,0.7746955246808678,0.05144187794932581,2.5777837471637444,0.09800038696373746,0.09295606919477285,1.5391197823748994,1.3852731849139155,0.010512857142857143,0.02288142857142847,1.9836747287624341,0.021210230936814463,0.02315256266492757,0.26028943881953415,0.0543744897959183,0.18218817568682658,0.1462517109528099,0.043011607142857136,0.042969387755101965,0.15335096183891678,0.11828226203752241,0.013609523809523757,0.14294285714285712,0.0,0.0,,,,0.09393953122422424,0.079,4.4874094239437845,24.161233965974464,23.54641390827168,13.0,299.66666,358.22675,0.5220851059632696,2024-08-08 14:00:00
2024-08-08 08:15:00,17.724444444444444,1.0,0.3458055599999999,0.5024972933333333,0.0074094444444444,0.07430596,2.6141795733333333,0.001995122666666667,0.004596542222222222,0.01580208888888889,6.936426666666668e-26,6.16244e-06,1.2546924444444444e-05,0.00012823422222222222,2.5244177777777778e-26,3.4768266666666665e-06,0.0007356368888888889,0.0005109924444444444,7.787275555555557e-08,0.06336911111111111,0.003348,0.013307733333333332,0.10111328888888889,1.0388293333333332e-05,2.1290844444444445e-06,0.276,1309.7297777777778,2.594044444444444,0.05577777777777778,2.594044444444444,40.734338533333336,-111.87211,297.35266666666666,31.35377777777778,878.152,135.40342222222222,0.9844444444444445,499450.79999999993,2317.6493333333333,554.5413333333333,13265688.013777778,0.0005101022222222,4.500888888888889e-05,0.0011851111111111,0.0020708044444444,0.0002944666666666,0.0025948755555555,0.01160021656757436,8.8182463954749,21.917112374292376,32.752998554963554,25.171311244444443,0.4853831111111111,5.7736796,17.816799644444448,0.0082785777777777,0.5592901777777778,7.812632,0.0106464,0.4448046666666666,0.4485036444444444,0.8402196,1.5687527555555554,0.1593748,0.0830599555555555,1.0051565777777778,0.3845011555555555,0.0355040888888888,0.1130367111111111,0.3205366666666666,0.1259643555555555,0.0642887555555555,0.0444852444444444,5.973125,0.352375,0.42743639983779824,0.08625000000000001,0.003625,0.07575,0.44375,0.21025,0.149125,0.009875,0.114875,0.21966200794689977,8.442546431579132,2.0813942942955492,0.934125,0.010124999999999999,0.213,0.019625,0.11380858141464861,0.137375,0.248875,2.497125,0.410125,1.1686984784992707,0.227625,0.070375,0.041625,0.06625,1.08225,2.30375,0.023375,0.013875,0.5978017891227994,1.8944999999999999,0.130625,0.229125,0.47087500000000004,0.10512500000000001,0.141625,1.534,0.05056274637700873,0.005735053737235636,0.2568122181026042,0.039125,0.08837500000000001,0.044750000000000005,0.19005174987500642,0.082,0.048875,0.081875,0.075625,0.3825,0.0575,0.04667679879237535,0.338625,0.29175,0.17017166022451272,0.0048167466666666,0.0064414755555555,0.0231762933333333,0.01023688,0.0022053155555555,0.1678664,51300.0,51359.0,872.638871111111,32.154360000000004,1131.7993866666666,238.2970711111111,14.063386666666668,0.17673777777777777,0.09212888888888889,58.39103836444444,56.13091798666667,54.77542056888889,55.305720604444446,55.47676315555555,55.05943127111111,54.07727556444444,54.24674054222223,53.58164514222222,54.04067511111111,54.95226651111111,58.316125893333336,59.30450557777778,57.89847222666667,49.37706854666666,186.88535046666667,73.08115576888889,28.35044984,9.24803669777778,1.0213613422222223,0.6951327733333332,0.35114543555555555,0.24316028,0.1723737422222222,0.13937782222222223,0.10437854222222223,0.09125100888888889,0.06586122222222222,0.06926942666666666,0.0663930888888889,0.08347348,0.046384902222222225,0.04792068,0.023977839999999997,0.02854460888888889,0.05029396444444444,4.466771466666667,13067878.222222224,2256.538888888889,1.9199506531850123,0.7581785331708295,0.0,0.06367753725452628,9.31825762122132,0.0282444444444444,0.0759925128634997,0.07577395833333334,0.1593748,0.25266527568356945,0.0,0.0,0.0076444444444444,0.3825,0.5033310799319729,0.0315888888888888,0.0,4.610986212964395,0.5847041804616953,0.0,0.20373669012601128,0.0,0.248875,0.3918180127854223,0.3005896865502364,0.4839989884016673,0.5324542520414152,0.07759764254948943,0.09631574901387496,0.08065649688904104,0.9330941304164109,0.04621453256234045,2.3953503633969073,0.0902261324377703,0.08302520962666977,1.4280639186113033,1.2613598545635263,0.010552678571428572,0.022919464285714185,1.811614514246841,0.018787214746905673,0.020557858558032535,0.2626484732304448,0.05445242346938768,0.16629468358347138,0.13332880855158427,0.0430961681547619,0.043016836734693795,0.1395318752825633,0.10576410703265762,0.013604067460317408,0.1429297619047619,0.0,0.0,,,,0.0834365272674103,0.070375,5.437626141929028,23.144012874863307,24.165610760289784,17.529593409343526,684.66669,385.05685,0.595914774990044,2024-08-08 14:15:00
2024-08-08 08:30:00,18.89911111111111,1.0,0.4134319911111111,0.5254252533333333,0.0078879644444444,0.0777460133333333,2.682085511111111,0.0025163644444444445,0.00533744,0.018038666666666665,8.750142222222223e-26,7.903986666666667e-06,1.5484622222222222e-05,0.00015722622222222223,3.157995555555556e-26,4.981768888888889e-06,0.0008856942222222222,0.0006121048888888889,1.0342826666666665e-07,0.07106973333333334,0.003976822222222222,0.01471968888888889,0.11286177777777778,1.2857422222222223e-05,3.053288888888889e-06,0.276,1309.6866666666667,2.522622222222222,0.05613333333333334,2.522622222222222,40.73433946666667,-111.87211,298.38955555555555,30.502666666666666,878.4275555555556,115.23511111111111,1.4213333333333333,498506.8444444444,2301.319555555556,571.0528888888889,13845609.96888889,0.0005284622222222,6.935111111111111e-05,0.0008105155555555,0.0018948577777777,0.0002698577777777,0.0012372622222222,0.011592906422246491,23.689505507104005,24.84279703666704,53.25570991452992,26.55050191111111,0.5032403555555556,5.681439901587301,17.766370577777778,0.0084413333333333,0.6830807111111111,8.033483244444446,0.0184238666666666,0.7089747555555556,0.4860770222222222,0.9374570666666668,1.503722311111111,0.1535755555555555,0.0746773333333333,0.9596459111111112,0.4481625777777778,0.0361196888888888,0.142588,0.3774187555555555,0.1226565777777777,0.0531751555555555,0.0464927111111111,5.67225,0.33075,0.4703713785026,0.0765,0.0032500000000000003,0.0755,0.4425,0.2085,0.14024999999999999,0.00975,0.10175000000000001,0.20972099859452994,8.119926879036903,2.157613424579547,0.86425,0.00925,0.215,0.017249999999999998,0.12451380060261444,0.12175,0.22075,2.2792499999999998,0.36525,1.1196796161900628,0.20124999999999998,0.06175,0.036250000000000004,0.057499999999999996,1.2785,2.0355,0.020749999999999998,0.01375,0.5707603616521433,1.7189999999999999,0.11624999999999999,0.20425,0.41875,0.09325,0.12525,1.3519999999999999,0.05921734245855784,0.00569221963953998,0.24517205613151838,0.034249999999999996,0.07675000000000001,0.0395,0.22306125015001677,0.073,0.042749999999999996,0.07275,0.06625,0.34199999999999997,0.051000000000000004,0.05476870926281326,0.30125,0.2585,0.19953051489312001,0.0050770755555555,0.0090988755555555,0.0252548888888888,0.0103881822222222,0.0023177022222222,0.2145525733333333,52200.0,52259.0,872.9337244444445,32.15521777777778,1186.2612444444444,254.14872,15.476608888888888,0.18153777777777777,0.10089777777777778,63.491657942222226,59.49050045333333,57.13098282222222,57.43097125333334,57.47439130666667,57.05012528888889,55.920483293333334,56.52627927555556,55.77171146222222,56.281786733333334,57.28574950666666,60.60150856888889,61.89222558666667,60.35637347555556,51.594005413333335,194.92880906666667,76.91564737333333,30.27001563111111,11.133557457777778,1.4962175288888888,1.0200323422222222,0.53838912,0.3619624,0.24871848888888887,0.1853861066666667,0.13486644444444446,0.11219107111111111,0.09690192444444444,0.09039237777777777,0.08993596000000001,0.11660456444444445,0.07113279111111111,0.05005884,0.028989964444444447,0.027031644444444447,0.04559883555555556,4.716930577777777,13645481.777777778,2240.380311111111,1.7600882262475293,0.7847030779803601,0.0,0.06382914613647148,8.962766498253437,0.0282444444444444,0.07616193897284419,0.07582291666666667,0.1535755555555555,0.2532058392011807,0.0,0.0,0.0076444444444444,0.34199999999999997,0.5043244047619049,0.0315888888888888,0.0,4.819441954506667,0.6054588956527223,0.0,0.1824924078639532,0.0,0.22075,0.35910070332788796,0.27011157892116333,0.43417432811395784,0.47831482544265785,0.07171480453439594,0.08583973694300752,0.07136131161748561,1.091492736151954,0.040987187175355086,2.2129169796300703,0.08245187791180315,0.07309435005856671,1.317008054847707,1.137446524213137,0.010592500000000001,0.0229574999999999,1.639554299731248,0.016364198556996883,0.0179631544511375,0.2650075076413555,0.054530357142857075,0.15040119148011621,0.12040590615035862,0.04318072916666667,0.04306428571428564,0.12571278872620983,0.09324595202779284,0.013598611111111058,0.14291666666666666,0.0,0.0,,,,0.07293352331059634,0.06175,14.234535623924526,26.061120240652773,39.52795509969524,18.614471466916495,1069.6666,416.24765,0.6327575898120777,2024-08-08 14:30:00
2024-08-08 08:45:00,23.194222222222223,1.0,0.3322764666666666,0.5474812133333332,0.0083134177777777,0.0815144844444444,2.5453236,0.003211537777777778,0.006017711111111112,0.020029866666666667,1.1120373333333334e-25,9.764493333333333e-06,1.8470444444444444e-05,0.000186452,3.98108e-26,6.822324444444444e-06,0.0010325053333333333,0.0007096382222222222,1.3219911111111112e-07,0.07773999999999999,0.004574626666666666,0.015919644444444443,0.12295600000000001,1.5390977777777778e-05,4.199306666666667e-06,0.276,1310.0684444444444,2.3877333333333337,0.051866666666666665,2.3877333333333337,40.73434,-111.87211,298.77444444444444,29.17866666666667,878.596,115.58315555555555,1.7635555555555555,491045.5111111112,2291.421777777778,556.3364444444445,13378054.38,0.00071316,9.085333333333333e-05,0.0006531955555555,0.0017160977777777,0.0002868311111111,0.0007085288888888,0.011585596276918624,18.711882666666664,22.370724444444445,50.881124444444445,28.272275151140523,0.5016575421265242,5.545650762536608,17.558827744933634,0.0095975546497153,0.6334323110223111,8.21223161292279,0.0177158833150976,0.716181791740311,0.5019778303660625,0.9028383534144429,1.631727923691388,0.2075271880599559,0.0825472531833246,0.9902180269115805,0.8755302629176379,0.0344200145330859,0.1693389830189651,0.3748046764901764,0.1117570751688787,0.0491520716585002,0.0418899482382696,5.3713750000000005,0.309125,0.4550855656792117,0.06675,0.002875,0.07525,0.44125000000000003,0.20675,0.131375,0.009625,0.088625,0.21639894271958926,7.924381251822396,2.0896807217730613,0.794375,0.008375,0.217,0.014875,0.1290441794642742,0.106125,0.19262500000000002,2.061375,0.320375,1.2161681078724298,0.174875,0.053125,0.030875,0.04875,1.4747499999999998,1.7672500000000002,0.018125,0.013625,0.5889256339409009,1.5434999999999999,0.101875,0.179375,0.366625,0.081375,0.108875,1.17,0.11731680935832564,0.0056493855418443244,0.2529914181796006,0.029375,0.065125,0.03425,0.44465846283733157,0.064,0.036625,0.063625,0.056875,0.3015,0.0445,0.10909079201551188,0.26387499999999997,0.22525,0.3966204528822917,0.0054119777777777,0.0112893955555555,0.02572636,0.0106004311111111,0.0023021733333333,0.2464823377777777,53100.0,53159.0,873.0854266666666,32.09686222222222,1201.4530844444446,256.1577066666667,15.529622222222223,0.18062666666666666,0.10162222222222222,65.99270995555555,61.666288093333335,58.612323982222215,58.85678487111111,58.64753086222222,58.05140251555555,56.68954395111111,57.337495800000006,56.31682336888889,56.99901810666667,57.77024148444445,61.22388494222222,62.113872297777775,60.224656244444446,51.392268488888895,195.27883384,77.66942483555555,30.645227737777777,11.194608626666668,1.5381462355555555,1.061142911111111,0.5353867866666667,0.36848588888888895,0.2606200311111111,0.17580496444444446,0.13415270222222223,0.11085802666666668,0.08564628444444446,0.08188232444444445,0.08886762222222222,0.10350929777777779,0.06787857333333333,0.05525066222222222,0.02763784888888889,0.0314756,0.04321657333333333,4.646140311111111,13225486.222222222,2232.674711111111,1.600225799310046,0.7610622411863796,0.0,0.06398075501841666,8.793242148102486,0.0282444444444444,0.07633136508218868,0.075871875,0.2075271880599559,0.25374640271879195,0.0,0.0,0.0076444444444444,0.3015,0.5053177295918369,0.0315888888888888,0.0,4.677109568285739,0.5869606014101639,0.0,0.16124812560189516,0.0,0.19262500000000002,0.32638339387035364,0.23963347129209023,0.38434966782624835,0.4241753988439006,0.06583196651930244,0.07536372487214008,0.062066126345930187,1.2498913418874973,0.035759841788369724,2.0304835958632337,0.074677623385836,0.06316349049046363,1.205952191084111,1.0135331938627479,0.010632321428571428,0.022995535714285614,1.4674940852156548,0.01394118236708809,0.015368450344242468,0.2673665420522662,0.05460829081632646,0.13450769937676105,0.107483003749133,0.043265290178571426,0.04311173469387747,0.11189370216985633,0.08072779702292807,0.013593154761904709,0.1429035714285714,0.0,0.0,,,,0.062430519353782396,0.053125,11.290084368374867,23.59629508014294,37.74871727036389,22.581274928280532,1454.6666,451.67307,0.7020327584716082,2024-08-08 14:45:00
2024-08-08 09:00:00,32.26577777777778,1.0,0.1756049288888888,0.5972050266666666,0.0089008844444444,0.0855438044444444,2.2695638,0.0031250106666666664,0.0066350444444444445,0.021790133333333333,1.4324888888888889e-25,1.1691284444444444e-05,2.142511111111111e-05,0.00021524044444444444,5.0884e-26,8.980831111111112e-06,0.0011732533333333333,0.0008018928888888888,1.6354044444444445e-07,0.08350471111111112,0.005133404444444445,0.016941555555555553,0.1316488888888889,1.7929244444444443e-05,5.561902222222222e-06,0.276,1309.452,1.7060888888888888,0.0484,1.7060888888888888,40.734339733333336,-111.87211,299.8171111111111,26.185333333333332,878.7795555555555,116.75764444444444,1.2782222222222224,467056.1333333333,2269.536,435.7853333333333,12476980.193777775,0.0007770044444444,6.763111111111112e-05,0.0005147466666666,0.0013787377777777,0.0002949866666666,0.0001571066666666,0.011578286131590756,4.708676888888889,14.637213333333335,20.376311111111114,18.101240300227552,0.4892395505370697,3.933789175621387,10.72165878770802,0.0043060670782209,0.4592537438373592,7.0739445696483,0.0156818994018801,0.5686528793919755,0.413718965598504,0.6443566165223665,1.2412013134941982,0.1909726617805271,0.0460784774712467,0.7892010331997062,1.4123311491841493,0.0092901110790918,0.071869216524928,0.2108058517422748,0.0667487717517525,0.0349640392214623,0.0203974764999957,5.0705,0.2875,0.34095355217513534,0.057,0.0025,0.075,0.44,0.20500000000000002,0.1225,0.0095,0.0755,0.17249029534443158,7.491994483931769,1.5332037252391404,0.7245,0.0075,0.219,0.012499999999999999,0.1038979044020265,0.0905,0.1645,1.8435,0.2755,0.9217956751314577,0.1485,0.0445,0.025500000000000002,0.04,1.6709999999999998,1.499,0.0155,0.0135,0.46948580029393944,1.3679999999999999,0.0875,0.1545,0.3145,0.0695,0.0925,0.988,0.19029342038402985,0.005606551444148669,0.20157774887686655,0.024499999999999997,0.053500000000000006,0.029,0.7229986001497971,0.055,0.0305,0.0545,0.0475,0.261,0.038,0.1773227692553176,0.2265,0.192,0.6441779006387259,0.0055064666666666,0.0116724133333333,0.0257260844444444,0.0105838222222222,0.0017486844444444,0.2908062266666666,54000.0,54059.0,873.2967288888889,32.68602222222222,1175.928368888889,246.35308,14.273173333333334,0.17358222222222222,0.09498666666666668,58.523350448888884,57.53409302222222,56.362895155555556,57.645401959999994,58.255965573333334,57.92153274222222,57.21429890666666,57.554582288888895,56.66560498666667,57.11218350666666,57.89865154666666,61.01456496,61.83810264444445,59.484593142222224,50.70675882666667,191.59637719111112,75.73300683555557,30.100979995555555,9.524161666666666,1.07046308,0.6736830577777778,0.3486613644444444,0.2513756888888889,0.16866556888888887,0.1347562488888889,0.09041990666666666,0.08077160444444444,0.06450149333333334,0.05725542666666667,0.0642791911111111,0.06535632888888888,0.046013995555555555,0.03896417333333333,0.021444084444444445,0.027639524444444445,0.036940346666666665,4.134516533333334,12356022.666666666,2213.1528000000003,1.4403633723725628,0.5674061475647527,0.0,0.06413236390036184,8.36375718978443,0.0282444444444444,0.07650079119153318,0.07592083333333333,0.1909726617805271,0.25428696623640323,0.0,0.0,0.0076444444444444,0.261,0.5063110544217688,0.0315888888888888,0.0,4.282733014328787,0.4354301190970589,0.0,0.14000384333983712,0.0,0.1645,0.2936660844128194,0.20915536366301718,0.3345250075385389,0.3700359722451433,0.05994912850420894,0.06488771280127263,0.05277094107437476,1.4082899476230404,0.030532496401384362,1.8480502120963964,0.06690336885986886,0.05323263092236056,1.0948963273205146,0.8896198635123587,0.010672142857142857,0.023033571428571327,1.2954338707000619,0.0115181661771793,0.012773746237347434,0.26972557646317685,0.05468622448979585,0.11861420727340585,0.09456010134790736,0.043349851190476185,0.04315918367346931,0.09807461561350286,0.06820964201806327,0.01358769841269836,0.14289047619047618,0.0,0.0,,,,0.051927515396968445,0.0445,3.006661104736174,15.885456480289786,14.89196246279561,34.0,1622.6666,501.68115,0.6087598786510315,2024-08-08 15:00:00
2024-08-08 09:15:00,37.970666666666666,1.0,0.1298569931033781,0.6190602581979132,0.0093576102445702,0.0861699259233359,2.073430307025752,0.0034436835555555555,0.007190702222222223,0.02333995555555556,1.883008888888889e-25,1.3639200000000001e-05,2.4290622222222222e-05,0.00024308400000000002,6.641328888888889e-26,1.1423697777777777e-05,0.0013062666666666667,0.0008878791111111111,1.9674844444444444e-07,0.0884768888888889,0.005648768888888889,0.017809066666666665,0.13909155555555555,2.0423555555555553e-05,7.123622222222222e-06,0.276,1308.7813333333334,2.493777777777778,0.04733333333333333,2.493777777777778,40.734332933333334,-111.87211,300.05844444444443,24.560000000000002,878.6684444444444,119.56475555555556,1.2546666666666666,454902.3364228364,2255.574034058534,393.3751233026233,11909161.939486424,0.0007428818081918,4.2748734968734966e-05,0.0004550261986161,0.0010822419635919,0.0003419404541754,5.806260350760351e-05,0.011570975986262888,3.024396444444444,11.518402666666663,15.262235555555556,17.725653850793652,0.4922185904761905,3.5219072380952383,9.052251961904762,0.0043624603174603,0.4125182349206349,6.32698507936508,0.0096630603174603,0.5516048698412699,0.3944709587301587,0.555596853968254,0.937370146031746,0.1298777809523809,0.0273046952380952,0.5893506539682539,1.0139985587301588,0.0123579079365079,0.0555364698412698,0.1757974317460317,0.0643914412698412,0.027417765079365,0.0189078031746031,4.769625,0.265875,0.30176188416698396,0.04725,0.002125,0.07475,0.43875,0.20325000000000001,0.113625,0.009375,0.062375,0.12883647450357685,7.216154649125478,1.3374335985041819,0.654625,0.006625,0.221,0.010124999999999999,0.09841385839275404,0.074875,0.136375,1.6256249999999999,0.23062500000000002,0.6927728183707089,0.12212499999999998,0.035875,0.020125000000000004,0.03125,1.8672499999999999,1.23075,0.012875000000000001,0.013375,0.35073914306404963,1.1925,0.073125,0.129625,0.262375,0.05762500000000001,0.076125,0.806,0.13614119512486772,0.005563717346453013,0.15046246196455945,0.019624999999999997,0.04187500000000001,0.02375,0.5164565642487088,0.046,0.024375,0.045375,0.038125,0.22050000000000003,0.0315,0.126691295013981,0.18912500000000002,0.15875,0.460478130437451,0.0053935611662411,0.011030397006142,0.0260248648225848,0.0102068482256632,0.0013209531531431,0.3085826072749472,54900.0,54959.0,873.2619244444445,33.034906666666664,1221.6994444444447,254.39383555555554,14.425333333333333,0.16995555555555555,0.09757333333333333,58.74277073333334,58.54169572444445,58.188486204444445,59.95267369333333,60.787364564444445,60.850846275555554,59.91102887555555,60.27608461777778,59.71993465777778,60.15649444,61.197405097777775,64.43149298666667,64.88708617333333,62.33384477333333,52.542013142222224,197.0834265377778,77.61094227111111,31.40436664888889,9.962155,1.0739954266666667,0.6752274177777778,0.3453748977777778,0.23775804,0.15098942666666665,0.12609473333333335,0.09019367555555555,0.06791660000000001,0.053876782222222225,0.051606973333333334,0.046500080000000006,0.06343505333333334,0.03956892444444445,0.03179353333333333,0.018243137777777776,0.019938475555555557,0.026805284444444445,4.069881155555556,11778738.666666666,2197.3612444444448,1.2805009454350798,0.49927740508762897,0.0,0.06428397278230702,8.016340610487788,0.0282444444444444,0.07667021730087767,0.07596979166666666,0.1298777809523809,0.2548275297540145,0.0,0.0,0.0076444444444444,0.22050000000000003,0.5073043792517008,0.0315888888888888,0.0,4.2275866754141145,0.38212128169422177,0.0,0.11875956107777907,0.0,0.136375,0.260948774955285,0.17867725603394413,0.2847003472508295,0.31589654564638603,0.054066290489115446,0.05441170073040519,0.04347575580281933,1.5666885533585835,0.025305151014399,1.6656168283295594,0.05912911433390171,0.04330177135425749,0.9838404635569185,0.7657065331619695,0.010711964285714286,0.023071607142857043,1.1233736561844687,0.00909514998727051,0.0101790421304524,0.2720846108740876,0.054764158163265235,0.10272071517005067,0.08163719894668173,0.04343441220238095,0.04320663265306114,0.08425552905714939,0.055691487013198496,0.01358224206349201,0.14287738095238095,0.0,0.0,,,,0.04142451144015449,0.035875,2.0103458296908574,12.775789302128592,11.060069778732462,36.22824457645625,1542.6666,556.73969,0.6096343510050961,2024-08-08 15:15:00
2024-08-08 09:30:00,40.41866666666667,1.0,0.1281987020833333,0.6403914395833333,0.0100586541666666,0.08832883125,2.509150116666666,0.00444348,0.007687422222222223,0.02469897777777778,2.5436577777777777e-25,1.557128888888889e-05,2.7028977777777777e-05,0.0002696448888888889,8.929084444444445e-26,1.4108133333333335e-05,0.0014303288888888887,0.0009671026666666667,2.3116888888888888e-07,0.09275897777777778,0.006119644444444444,0.018547377777777777,0.14548533333333333,2.2839466666666667e-05,8.858386666666666e-06,0.276,1308.5186666666666,1.751511111111111,0.04413333333333334,1.751511111111111,40.73433,-111.87211,301.1291111111111,23.595555555555556,878.5795555555557,114.34635555555556,1.1280000000000001,450388.3713249713,2152.8293665963665,417.73746055796056,11920298.095652442,0.000858175,5.222916666666664e-05,0.0004216895833333,0.000760725,0.0004553208333333,9.12625e-05,0.01156366584093502,2.90510128998779,10.681557025715026,14.532090828800827,18.361444355555555,0.5034907555555556,3.361136177777778,7.863206222222222,0.0043998222222222,0.4096339111111111,5.894467111111111,0.0079568,0.7437146222222223,0.526503288888889,0.4576954222222222,0.7001041333333333,0.0658282222222222,0.0209119111111111,0.4200184888888889,0.4182221333333333,0.0184369333333333,0.0574753777777777,0.1929878666666666,0.0664569333333333,0.0199389333333333,0.0201336888888888,4.46875,0.24425000000000002,0.25853373325599,0.037500000000000006,0.0017499999999999998,0.0745,0.4375,0.2015,0.10475,0.00925,0.04924999999999999,0.09184882391519464,5.186277752217954,1.4498927881328951,0.5847500000000001,0.00575,0.223,0.00775,0.13603185064797874,0.05925,0.10825000000000001,1.40775,0.18575000000000003,0.5139256629117883,0.09575,0.027249999999999996,0.01475,0.022500000000000006,2.0635,0.9625000000000001,0.010249999999999999,0.01325,0.2501257309604515,1.017,0.05875,0.10475000000000001,0.21025,0.04575,0.05975,0.6239999999999999,0.05514702099661795,0.0055208832487573575,0.10715275079563662,0.01475,0.03025,0.018500000000000003,0.2075366345410078,0.037000000000000005,0.018249999999999995,0.036250000000000004,0.028749999999999998,0.18000000000000002,0.024999999999999994,0.05096302306491689,0.15175,0.1255,0.18572282529910528,0.0082803541666666,0.02981978125,0.0434881229166666,0.0129300479166666,0.0019911208333333,0.4171071416666667,55800.0,55859.0,873.1734,32.293035555555555,1225.8280177777779,259.00960000000003,14.756551111111111,0.17083111111111113,0.10052,55.4853396,55.67470470222222,56.107598466666666,58.11109268,59.42752838666667,59.818407902222226,59.32234405333334,60.2783188,59.969831804444446,60.78685534666667,62.02879586222222,65.98076732,66.91263085777777,64.56069954666667,54.144379840000006,200.9637904311111,79.70466388,32.88851672,10.472417791111111,1.1071524844444445,0.6994153466666667,0.3416417511111111,0.2445458,0.17519451555555554,0.12640508,0.08312269333333333,0.06499234222222222,0.05004072444444444,0.04590565333333333,0.04668911111111111,0.06652834666666667,0.03837218666666666,0.032048155555555555,0.01798331111111111,0.019233924444444443,0.030036200000000002,4.2221888,11949837.777777776,2122.699022222222,1.1206385184975964,0.5384136272333773,0.0,0.0644355816642522,6.373760577388737,0.0282444444444444,0.07683964341022216,0.07601875,0.0658282222222222,0.2553680932716258,0.0,0.0,0.0076444444444444,0.18000000000000002,0.5082977040816328,0.0315888888888888,0.0,4.433865776124445,0.41274428201790375,0.0,0.097515278815721,0.0,0.10825000000000001,0.22823146549775075,0.14819914840487106,0.23487568696312,0.2617571190476288,0.04818345247402195,0.043935688659537744,0.0341805705312639,1.7250871590941266,0.02007780562741364,1.4831834445627226,0.051354859807934555,0.03337091178615441,0.8727845997933223,0.6417932028115803,0.010751785714285715,0.02310964285714276,0.9513134416688755,0.0066721337973617185,0.007584338023557367,0.27444364528499826,0.05484209183673462,0.08682722306669549,0.0687142965454561,0.04351897321428572,0.043254081632652985,0.0704364425007959,0.043173332008333704,0.013576785714285661,0.1428642857142857,0.0,0.0,,,,0.03092150748334055,0.027249999999999996,1.9397782558547438,11.94139706066692,10.512984346308734,38.489125522771765,1462.6666,604.12561,0.7261010080469453,2024-08-08 15:30:00
2024-08-08 09:45:00,43.55244444444444,1.0,0.1384617759745809,0.6734811190074741,0.0110466987075887,0.091009120049395,2.567492686068191,0.005104498222222222,0.008128968888888888,0.02588528888888889,3.559733333333333e-25,1.7454666666666667e-05,2.96132e-05,0.0002946813333333333,1.2491893333333334e-25,1.698071111111111e-05,0.0015450177777777778,0.0010395013333333333,2.6616444444444446e-07,0.0964380888888889,0.006546466666666666,0.019174755555555555,0.15094044444444446,2.5150177777777777e-05,1.073284888888889e-05,0.276,1308.044,2.253333333333333,0.04511111111111111,2.253333333333333,40.73433466666666,-111.87211,302.45044444444443,22.17288888888889,878.3395555555555,123.30546666666666,1.6884444444444442,448548.22857142857,2105.7315873015878,425.1701904761905,11845681.893809523,0.0008546682815332,6.49090909090909e-05,0.0004433535335035,0.0005567289878639,0.0003816799578199,7.691863858363859e-05,0.011556355695607153,4.063268864209864,11.180234334369334,17.05859003977504,17.460388977777775,0.5011187111111111,3.2238497777777777,6.437561111111111,0.004382,0.4034189333333333,5.362771555555556,0.0071378222222222,0.8443611555555556,0.6689963555555555,0.4070638222222222,0.5821173777777777,0.0288645777777777,0.0110746666666666,0.3315685777777777,0.1667679555555555,0.0171075111111111,0.0446466222222222,0.1841297777777777,0.0543050222222222,0.0160383111111111,0.0130112888888888,4.167875,0.22262500000000002,0.23617746729919722,0.027749999999999997,0.001375,0.07425,0.43625,0.19975,0.09587499999999999,0.009125,0.03612499999999999,0.07252848743205875,4.255789616458266,1.4842030751374848,0.5148750000000001,0.004875,0.225,0.005374999999999998,0.1766302637173056,0.043625,0.080125,1.189875,0.14087500000000003,0.4249892182311917,0.06937499999999999,0.018624999999999996,0.009375000000000001,0.013750000000000005,2.25975,0.6942500000000003,0.007625,0.013125,0.19757075799959778,0.8414999999999999,0.044375,0.079875,0.15812499999999996,0.033875,0.043375,0.44199999999999995,0.020962513869394985,0.005478049151061702,0.08453011379490095,0.009874999999999995,0.018625000000000003,0.013249999999999998,0.07715348473430052,0.027999999999999997,0.012124999999999997,0.027124999999999996,0.01937499999999999,0.1395,0.018499999999999996,0.019001049502769735,0.114375,0.09225,0.06975924164836271,0.009715623045288,0.0387592907394457,0.0445276844560994,0.0136452036694786,0.0021838821543271,0.4992231071952122,56700.0,56759.0,872.95504,32.3138,1231.1864355555556,265.34356,15.293804444444445,0.17275111111111113,0.10497777777777778,53.38600665333333,53.41995724888889,53.73869083111111,56.34233185777778,57.56735985333333,58.44778095111111,58.30279536888889,59.685309035555555,59.649298546666664,60.83086710222222,62.609031088888884,67.00552594666667,68.62976885333335,66.51126693333333,55.66281491555556,207.10830180444447,82.61105812,35.01447793333333,11.312115675555555,1.157955857777778,0.7525038888888889,0.36244430666666666,0.25019187555555555,0.1835034888888889,0.12449816444444445,0.08445890666666665,0.06263868444444444,0.05472568888888889,0.05215320444444445,0.05236756,0.06683152444444444,0.04433012888888889,0.03398942666666667,0.01785982222222222,0.020030626666666666,0.031421613333333334,4.490350133333333,11710993.333333334,2055.061955555556,0.9607760915601133,0.5503537365168357,0.0,0.06458719054619738,4.885735015098575,0.0282444444444444,0.07700906951956665,0.07606770833333333,0.0288645777777777,0.255908656789237,0.0,0.0,0.0076444444444444,0.1395,0.5092910289115647,0.0315888888888888,0.0,4.706734146114764,0.4220870839135606,0.0,0.07627099655366296,0.0,0.080125,0.19551415604021644,0.11772104077579798,0.18505102667541057,0.20761769244887146,0.04230061445892845,0.0334596765886703,0.024885385259708473,1.8834857648296697,0.014850460240428277,1.3007500607958855,0.04358060528196741,0.023440052218051344,0.7617287360297261,0.517879872461191,0.010791607142857143,0.023147678571428472,0.7792532271532826,0.004249117607452928,0.004989633916662333,0.27680267969590894,0.054920025510204015,0.07093373096334031,0.05579139414423047,0.04360353422619047,0.043301530612244815,0.05661735594444242,0.03065517700346891,0.01357132936507931,0.14285119047619046,0.0,0.0,,,,0.02041850352652659,0.018624999999999996,2.6248779665743824,12.438612385659201,12.40604864261276,41.3833650929371,1382.6666,653.65857,0.779733325186445,2024-08-08 15:45:00
2024-08-08 10:00:00,49.89022222222222,1.0,0.1056461501587301,0.7172517974603174,0.0099981088888888,0.0964747361904762,2.288522102539683,0.004762352888888889,0.00851972,0.026916755555555557,5.195146666666666e-25,1.9265822222222222e-05,3.2021866666666666e-05,0.000318028,1.836657777777778e-25,1.9986222222222223e-05,0.0016501866666666666,0.001105137777777778,3.0113955555555555e-07,0.0995924,0.006930782222222222,0.019706622222222223,0.15560355555555555,2.7334888888888886e-05,1.2710755555555555e-05,0.276,1308.336,3.2884,0.04688888888888889,3.2884,40.7343392,-111.87211,302.6411111111111,20.829333333333334,878.0151111111112,126.77675555555555,2.201777777777778,443740.5333333334,2107.175111111111,359.91155555555554,10890722.924,0.00084398,8.043939393936059e-05,0.0004491111111111,0.0004194276190476,0.0003570974603174,9.842e-05,0.011549045550279285,2.729032444444444,8.546288444444444,12.62569911111111,14.228683955555557,0.4766361333333334,2.7015384,5.5726152,0.0034113777777777,0.3350148,5.153988355555556,0.0061132,0.5647376000000001,0.5046754222222222,0.3227318222222222,0.4307762222222221,0.0261145333333333,0.0021307999999999,0.2336030222222222,0.1269354666666666,0.0141060444444444,0.0344072444444444,0.1290734666666666,0.0427529777777777,0.0145717777777777,0.0085735111111111,3.867,0.201,0.268,0.018,0.001,0.074,0.435,0.198,0.087,0.009,0.023,0.053,2.452,0.711,0.445,0.004,0.227,0.003,0.106,0.028,0.052,0.972,0.096,0.262,0.043,0.01,0.004,0.005,2.456,0.426,0.005,0.013,0.122,0.666,0.03,0.055,0.106,0.022,0.027,0.26,0.013,0.005435215053366046,0.053,0.005,0.007,0.008,0.036,0.019,0.006,0.018,0.01,0.099,0.012,0.01,0.077,0.059,0.036,0.0093332038095238,0.0273701177777777,0.0361761971428571,0.0135145485714285,0.0017367177777777,0.5150809342857143,57600.0,57659.0,872.6132533333333,32.39499555555555,1209.5236622222221,258.2996533333333,14.638786666666668,0.16976000000000002,0.10114666666666668,52.38109856444444,52.791521315555556,53.247257195555555,55.677059435555556,57.19920720888889,57.87336793777777,58.049224164444446,58.82808841333333,58.68221442666666,60.157994253333335,61.964287302222225,65.82076279111111,67.38476140888889,65.11280781777778,54.564540164444445,202.01485366666668,80.29360707555556,33.62758922222222,10.760769786666666,1.1230787288888888,0.6758572266666666,0.3485475377777778,0.22522564444444446,0.15360828444444447,0.11806233777777778,0.0784988,0.06486793777777779,0.04453077777777778,0.04724725777777778,0.04027250222222222,0.05651940444444444,0.034673324444444445,0.02904333777777778,0.012430786666666667,0.012767968888888889,0.02750216,4.207475022222222,10812871.555555556,2058.7552,0.8009136646226303,0.3225082402585162,0.0,0.06473879942814256,2.7165907253083765,0.0282444444444444,0.07717849562891115,0.07611666666666667,0.0261145333333333,0.2564492203068483,0.0,0.0,0.0076444444444444,0.099,0.5102843537414967,0.0315888888888888,0.0,4.425332082283654,0.2926508626649735,0.0,0.0550267142916049,0.0,0.052,0.16279684658268212,0.08724293314672493,0.13522636638770116,0.1534782658501142,0.036417776443834954,0.022983664517802857,0.015590199988153046,2.0418843705652128,0.009623114853442917,1.1183166770290485,0.035806350756000256,0.01350919264994827,0.6506728722661299,0.39396654211080184,0.010831428571428572,0.023185714285714185,0.6071930126376894,0.0018261014175441394,0.0023949298097673,0.2791617141068196,0.054997959183673395,0.055040238859985144,0.04286849174300483,0.043688095238095234,0.04334897959183666,0.04279826938808895,0.018137021998604126,0.013565873015872962,0.14283809523809524,0.0,0.0,,,,0.009915499569712643,0.01,1.8356269069193283,9.812388495093227,9.084556393569928,51.0,1226.8334,704.62732,0.6871306493543137,2024-08-08 16:00:00
2024-08-08 10:15:00,53.72044444444444,1.0,0.1036051111111111,0.7657598266666666,0.0104949965079365,0.1024133015873015,2.259989386031746,0.005099301333333333,0.008863422222222223,0.027812266666666665,7.949328888888889e-25,2.0984933333333336e-05,3.424733333333333e-05,0.00033963200000000003,2.86384e-25,2.306782222222222e-05,0.0017454755555555556,0.0011640622222222224,3.3556444444444443e-07,0.10227835555555556,0.0072745200000000005,0.02015502222222222,0.15956222222222222,2.938111111111111e-05,1.4751244444444444e-05,0.276,1308.7484444444444,2.6432,0.05137777777777778,2.6432,40.7343344,-111.87211,303.3602222222222,19.645777777777777,877.98,138.6504,1.2115555555555555,437760.7555555556,2097.22,331.45422222222226,10606271.055555554,0.0008348552380952,9.596969696963029e-05,0.0004791885714285,0.0003323304761904,0.0003646796825396,9.585079365079366e-05,0.011541735404951417,1.9605336444444448,7.497188444444444,10.554615555555555,13.746444755555556,0.4726259555555555,2.552531333333333,4.598390533333333,0.00248,0.3254604,5.069293955555556,0.0044127111111111,0.5572936,0.5625235555555556,0.3386654666666667,0.4687066666666666,0.0387542666666666,0.0030785165519664668,0.2370381777777777,0.2402902222222222,0.0131900444444444,0.0326464,0.1118705333333333,0.0395356,0.0121018222222222,0.0075278222222222,4.0440000000000005,0.20350000000000001,0.2059763314905861,0.022125,0.00175,0.074,0.435,0.19825,0.09325,0.009,0.024625,0.05187997447209491,4.08763028667245,1.051600006940382,0.467,0.003875,0.234625,0.0028995108956273797,0.14629456517304082,0.031,0.058875,1.040875,0.096625,0.3395021193832945,0.040499999999999994,0.009375,0.004375,0.005125,2.202,0.461875,0.00525,0.01375,0.1414028935713587,0.692875,0.031875,0.061375,0.122875,0.024624999999999998,0.030875,0.322875,0.030957664759659376,0.00600581317169529,0.06035228367760534,0.005125,0.007,0.007625,0.11527599593552762,0.018875,0.005875,0.01825,0.010750000000000001,0.110875,0.01375,0.02834635751950855,0.08587499999999999,0.06875,0.10366564000745841,0.0102681558730158,0.0318810892063492,0.036202205079365,0.0138970631746031,0.0017003161904761,0.5339913552380953,58500.0,58559.0,872.5261555555555,32.13772,1206.946928888889,257.31989333333337,14.51692,0.16910222222222224,0.10056,51.82680102222222,52.78882858666667,53.02899867555555,55.39956315999999,57.53032598666667,57.63302861333333,57.98358902222222,58.900335177777784,58.74315204888889,60.04173776444444,61.83149351111111,65.84985412,67.58976987555555,65.10333082666666,54.48452841333334,200.80410202666664,80.06487307555555,33.679731177777775,10.675588537777777,1.086199697777778,0.6776522577777778,0.32266761777777775,0.2107007777777778,0.15601948444444444,0.11010342222222222,0.07938766666666666,0.06186660888888889,0.04164229333333334,0.04444426222222222,0.04040732444444444,0.047430004444444444,0.03459152888888888,0.021048004444444445,0.014064364444444444,0.014688613333333333,0.024463355555555556,4.281471644444445,10514716.222222224,2049.149244444445,0.8142076050877319,0.39980623716359986,0.0,0.06489040831008774,4.755654488112825,0.0282444444444444,0.07734792173825564,0.076165625,0.0387542666666666,0.2569897838244596,0.0,0.0,0.0076444444444444,0.110875,0.5112776785714287,0.0315888888888888,0.0,4.58335172013707,0.30428787211803726,0.0,0.06047122884117756,0.0,0.058875,0.16325251941635252,0.09618012260186666,0.1513566520923553,0.16633411631336426,0.036578950088084095,0.02428069458371978,0.017789823983711962,1.836874200594115,0.0110304770730159,1.1759878155577503,0.036428291118077626,0.01541591768702406,0.6676792901501564,0.4367745126920146,0.01087125,0.0232237499999999,0.6302038614568763,0.0019951490587005664,0.0025759556776902095,0.2881555327984166,0.05507589285714279,0.05911344537893547,0.04618039135336919,0.04377265625,0.04339642857142849,0.04607972472421302,0.0213451923767353,0.013560416666666613,0.14282499999999998,0.0,0.0,,,,0.008919954170962505,0.009375,1.3810309423223823,8.766364165538254,7.532727556001122,50.774148369953494,984.33331,756.27795,0.7009811414819579,2024-08-08 16:15:00
2024-08-08 10:30:00,57.87555555555556,1.0,0.0914677288888888,0.8415133066666666,0.0107625288888888,0.1143661644444444,2.3707360533333333,0.0046615182222222214,0.009164186666666666,0.028582666666666666,1.2832164444444447e-24,2.259982222222222e-05,3.6284e-05,0.0003594191111111111,4.774137777777778e-25,2.6164133333333332e-05,0.0018316355555555556,0.00121676,3.689515555555555e-07,0.10456711111111111,0.00757984,0.02053226666666667,0.16291111111111112,3.12804e-05,1.681408888888889e-05,0.276,1308.1,1.9518222222222221,0.05164444444444445,1.9518222222222221,40.73433133333333,-111.87211,304.846,18.79511111111111,878.0048888888889,175.35622222222221,1.4577777777777778,435146.3555555556,2109.799555555556,318.74666666666667,10609650.812,0.0008915644444444,0.0001114999999999,0.0005965333333333,0.0003125155555555,0.00041324,2.2653333333333336e-05,0.01153442525962355,0.9740474666666666,4.821541777777778,7.478054222222222,12.571457555555556,0.4742249333333334,2.6388211111111115,4.509327066666667,0.0020320888888888,0.3318127999999999,5.031787688888889,0.0050266666666666,0.5396811555555556,0.6394045333333334,0.3285224,0.4730847999999999,0.0187736444444444,0.004026233103933034,0.2197493777777777,0.0998624888888888,0.0077687111111111,0.0350234222222222,0.1088281333333333,0.0375755555555555,0.0117108444444444,0.0075214666666666,4.221,0.20600000000000002,0.2014976838472669,0.02625,0.0025,0.074,0.435,0.1985,0.0995,0.009,0.02625,0.04810353841700339,4.336158505472611,0.9929405530069728,0.489,0.00375,0.24225,0.0027990217912547593,0.16819910948534395,0.034,0.06575,1.10975,0.09725,0.3428022831276982,0.038,0.00875,0.00475,0.00525,1.948,0.49774999999999997,0.0055,0.014499999999999999,0.13113027254651444,0.71975,0.03375,0.06775,0.13974999999999999,0.027249999999999996,0.03475,0.38575000000000004,0.01186689882601283,0.006576411290024535,0.055930365761972904,0.00525,0.007,0.00725,0.04246189376381003,0.01875,0.00575,0.0185,0.0115,0.12275,0.0155,0.010496793277395135,0.09475,0.0785,0.03890432506253202,0.01149404,0.0393609422222222,0.0383872355555555,0.0142269733333333,0.0021380977777777,0.6542890266666667,59400.0,59459.0,872.5654844444445,31.92552444444444,1209.869208888889,255.69402222222223,14.200542222222222,0.16644444444444445,0.09922222222222223,52.228897573333334,53.134778786666665,53.66744459555556,56.33771020444444,58.071370262222224,58.86602520444444,58.742299044444444,59.717357737777775,59.1227266,60.309649835555554,62.24154916888889,66.03311277777779,67.58137983555555,64.63582210666667,54.064068804444446,199.42406530666668,79.25201842666667,33.132802884444445,10.442143724444444,1.04780692,0.678641128888889,0.3070862933333333,0.20568323555555557,0.1463753822222222,0.10746531555555557,0.07630317777777779,0.05541243555555555,0.04206592,0.04118726222222222,0.033471782222222225,0.044411497777777774,0.024642137777777778,0.016244044444444446,0.008651111111111111,0.009790053333333333,0.018806502222222223,4.664098444444445,10521656.97777778,2061.4466222222222,0.8275015455528336,0.37939252595275497,0.0,0.06504201719203292,5.026198634751431,0.0282444444444444,0.07751734784760013,0.07621458333333334,0.0187736444444444,0.25753034734207086,0.0,0.0,0.0076444444444444,0.12275,0.5122710034013607,0.0315888888888888,0.0,4.844993104293334,0.2883147134751516,0.0,0.06591574339075024,0.0,0.06575,0.16370819225002292,0.10511731205700839,0.16748693779700943,0.1791899667766143,0.03674012373233323,0.0255777246496367,0.01998944797927088,1.631864030623017,0.012437839292588881,1.233658954086452,0.037050231480155,0.01732264272409985,0.6846857080341828,0.4795824832732274,0.01091107142857143,0.023261785714285617,0.6532147102760633,0.0021641966998569937,0.002756981545613119,0.29714935149001354,0.05515382653061217,0.06318665189788579,0.049492290963733546,0.04385721726190476,0.043443877551020325,0.04936118006033709,0.02455336275486648,0.013554960317460264,0.14281190476190475,0.0,0.0,,,,0.007924408772212368,0.00875,0.7974872392633228,6.098561753350663,5.227510760276469,54.611653084387726,741.83331,807.83905,0.6149890000609803,2024-08-08 16:30:00
2024-08-08 10:45:00,58.888444444444445,1.0,0.0978366266666666,0.871931768888889,0.0104384844444444,0.1207805333333333,2.429666097777778,0.004574590666666667,0.00942583111111111,0.029242444444444446,2.203542222222222e-24,2.4097244444444446e-05,3.8131377777777774e-05,0.00037737066666666667,8.578471111111111e-25,2.9217422222222224e-05,0.001908631111111111,0.00126344,4.0085999999999995e-07,0.10649377777777777,0.007849226666666665,0.020846,0.16572488888888887,3.3023733333333334e-05,1.8860533333333334e-05,0.276,1308.3319999999999,2.004177777777778,0.051111111111111114,2.004177777777778,40.7343384,-111.87211,304.6068888888889,18.910666666666664,878.1644444444445,173.37244444444443,1.1324444444444446,435898.3555555555,2120.024,319.9395555555556,10629556.580444446,0.0008927155555555,6.564756354756354e-05,0.0006869244444444,0.0002985911111111,0.0004340488888888,6.879111111111112e-05,0.011527115114295682,0.9365196,5.140855555555555,7.878128444444445,12.40174603043993,0.4789322511137011,2.651991397646797,4.85650528068228,0.0019936659174159,0.3277771415103415,5.155520214964665,0.0070468504643504,0.3878775729511229,0.5819743666962667,0.3498073614071114,0.662047492061642,0.0196861098420098,0.0049739496558996,0.2563103055611055,0.0861859506105006,0.0090529562807562,0.0375878116994117,0.1030984257039257,0.0404134513967514,0.0145063841935841,0.0071195602656602,4.398,0.20850000000000002,0.2108960093613224,0.030375,0.0032500000000000003,0.074,0.435,0.19875,0.10575,0.009,0.027874999999999997,0.056089633801793326,4.538157928645923,0.9984470574262956,0.511,0.003625,0.24987499999999999,0.002698532686882139,0.15183639316296912,0.037,0.072625,1.178625,0.097875,0.48523920267943293,0.0355,0.008125,0.005125,0.0053750000000000004,1.694,0.533625,0.00575,0.01525,0.15285396392097805,0.746625,0.035625,0.074125,0.15662500000000001,0.029875,0.038625,0.448625,0.010007610885820108,0.007147009408353779,0.06528147292830261,0.0053750000000000004,0.007,0.006875,0.03537038247953882,0.018625,0.005625,0.01875,0.01225,0.134625,0.01725,0.008758388456530122,0.103625,0.08825,0.03259709085901022,0.0117831244444444,0.0340231822222222,0.0349349111111111,0.0140578,0.0016807911111111,0.5775300666666666,60300.0,60359.0,872.6812355555555,31.9126,1210.0122888888889,256.0773955555556,14.264177777777778,0.1670222222222222,0.09926666666666667,51.141550097777774,52.46335300444444,53.57655974222222,56.26692422666667,58.123858364444445,58.629744599999995,58.66351356444444,59.967946564444446,59.73495084444445,60.70091745333333,62.31597896444444,66.17099131555555,67.70728361333333,64.69975620888889,54.216699911111114,200.16448634666668,79.2577485288889,32.912275306666665,10.384944426666666,1.044541351111111,0.6838450888888888,0.3191346755555556,0.21650733777777778,0.14744704444444443,0.10872982666666667,0.08022687999999999,0.05850472888888889,0.04147833333333333,0.04117641777777778,0.03879988888888889,0.046459928888888884,0.021357888888888888,0.02114826666666667,0.011429155555555555,0.011772813333333333,0.02033608,4.728303244444445,10525720.133333333,2070.179688888889,0.8407954860179353,0.38130881025920116,0.0,0.0651936260739781,5.21832740493047,0.0282444444444444,0.07768677395694462,0.07626354166666667,0.0196861098420098,0.2580709108596821,0.0,0.0,0.0076444444444444,0.134625,0.5132643282312926,0.0315888888888888,0.0,4.902663908706667,0.28981415240203695,0.0,0.0713602579403229,0.0,0.072625,0.1641638650836933,0.1140545015121501,0.1836172235016636,0.19204581723986436,0.03690129737658236,0.02687475471555362,0.022189071974829798,1.4268538606519192,0.013845201512161863,1.2913300926151536,0.03767217184223237,0.01922936776117564,0.7016921259182093,0.5223904538544402,0.010950892857142857,0.02329982142857133,0.6762255590952503,0.002333244341013421,0.002938007413536028,0.3061431701816105,0.05523176020408156,0.06725985841683611,0.05280419057409791,0.04394177827380952,0.04349132653061216,0.05264263539646116,0.02776153313299766,0.013549503968253914,0.14279880952380952,0.0,0.0,,,,0.00692886337346223,0.008125,0.7752880936737669,6.416939391628868,5.527279793518499,55.54711925661958,499.33334,858.54742,0.5828078180100971,2024-08-08 16:45:00
2024-08-08 11:00:00,58.40533333333333,1.0,0.1281478666666666,0.8889043111111111,0.0104917822222222,0.1303570444444444,2.5198104622222224,0.0056907488888888885,0.009648195555555555,0.029796355555555556,4.042955555555556e-24,2.5451155555555552e-05,3.9763999999999994e-05,0.0003932777777777778,1.6605920000000002e-24,3.214168888888889e-05,0.0019759244444444444,0.0013037911111111113,4.3056133333333333e-07,0.10809022222222223,0.00808164,0.021104355555555555,0.16803866666666664,3.4585244444444444e-05,2.0829155555555555e-05,0.276,1309.0995555555555,2.325777777777778,0.051333333333333335,2.325777777777778,40.73434,-111.87211,305.7451111111111,17.92088888888889,878.2973333333333,168.15151111111112,0.8053333333333333,440845.1111111111,2149.134666666667,358.91644444444444,10559945.83111111,0.0009269866666666,5.308888888888889e-05,0.0007150444444444,0.0003262355555555,0.0004175555555555,0.0001134977777777,0.011519804968967812,2.0975268444444444,8.725810222222222,12.78191377777778,13.83677509000074,0.4969583854201354,3.6474840060902056,8.773787351250602,0.0070473404706404,0.393684917967218,6.601748942797943,0.0064656413123913,0.3056164627243127,0.5371941066526066,0.4384201393939394,0.8990820472601473,0.0366295659766159,0.0335948122026122,0.414836668958819,0.132104827059977,0.0173371928034928,0.0499610265549265,0.1127416477984978,0.0522823116550116,0.0490391624320124,0.0099487025844525,4.575,0.21100000000000002,0.25002277667351,0.0345,0.004,0.074,0.435,0.199,0.112,0.009,0.0295,0.09071694595866164,5.113283345660889,1.178368601601313,0.533,0.0035,0.2575,0.0025980435825095185,0.13907782506465424,0.04,0.0795,1.2475,0.0985,0.6639118893427713,0.033,0.0075,0.0055,0.0055,1.44,0.5695,0.006,0.016,0.24704680863151063,0.7735000000000001,0.0375,0.0805,0.1735,0.0325,0.0425,0.5115000000000001,0.016250156438785343,0.007717607526683023,0.10582740823951027,0.0055,0.007,0.006500000000000001,0.05918007933953215,0.0185,0.0055,0.019,0.013000000000000001,0.14650000000000002,0.019,0.014595069827474398,0.11249999999999999,0.098,0.05377358320189289,0.0124983911111111,0.0302188444444444,0.03290812,0.0145375688888888,0.0018106399999999,0.6983487511111112,61200.0,61259.0,872.8265244444444,31.935222222222226,1223.0354444444445,257.67376,14.520382222222223,0.16884000000000002,0.09965777777777779,53.877353991111114,54.78823456888889,55.192198751111114,57.658125657777774,59.39734632,59.590252173333326,59.66827094666667,60.593426595555556,60.194889564444445,61.36212645777778,62.590798755555554,66.49946872888889,67.66317253777778,64.92261622222222,54.13666728444444,199.81311187555556,78.82413484,32.899841800000004,10.305225488888889,1.0879786133333333,0.6912174,0.32613649333333333,0.23021402666666668,0.15744107555555556,0.10930234666666667,0.08110186222222222,0.06560113333333334,0.04480339111111111,0.04759774666666667,0.042295226666666665,0.05873904,0.03531584,0.02703155111111111,0.013575728888888888,0.014891391111111112,0.024977786666666668,5.208900933333334,10483407.466666665,2099.0493333333334,0.854089426483037,0.44392218623040525,0.0,0.06534523495592329,5.853463891840434,0.0282444444444444,0.07785620006628911,0.0763125,0.0366295659766159,0.25861147437729337,0.0,0.0,0.0076444444444444,0.14650000000000002,0.5142576530612246,0.0315888888888888,0.0,5.255131790861239,0.3388073696188732,0.0,0.07680477248989556,0.0,0.0795,0.1646195379173637,0.12299169096729183,0.19974750920631773,0.2049016677031144,0.0370624710208315,0.028171784781470543,0.024388695970388716,1.2218436906808212,0.015252563731734847,1.3490012311438555,0.03829411220430974,0.02113609279825143,0.7186985438022357,0.5651984244356529,0.010990714285714286,0.023337857142857042,0.6992364079144372,0.0025022919821698483,0.0031190332814589375,0.3151369888732075,0.05530969387755095,0.07133306493578642,0.056116090184462265,0.04402633928571428,0.043538775510204,0.05592409073258523,0.030969703511128835,0.013544047619047565,0.14278571428571427,0.0,0.0,,,,0.005933317974712093,0.0075,1.4620675762081115,9.991383964772492,9.20160547347511,54.0,461.0,907.67334,0.7041576819666415,2024-08-08 17:00:00
2024-08-08 11:15:00,57.296,1.0,0.1432349022222222,0.8662514,0.0099286088888888,0.1347543422222222,2.491867355555556,0.005621190666666666,0.009840617777777777,0.03026777777777778,8.025982222222221e-24,2.66868e-05,4.123151111111111e-05,0.00040756755555555556,3.4754755555555555e-24,3.493466666666667e-05,0.002035533333333333,0.0013394400000000001,4.5828355555555555e-07,0.10943422222222222,0.008285466666666666,0.021316933333333333,0.16997066666666666,3.599937777777778e-05,2.2714355555555555e-05,0.276,1308.8808888888889,2.026577777777778,0.051911111111111116,2.026577777777778,40.73434,-111.87211,306.5491111111111,17.524,878.2706666666667,147.1964888888889,1.0951111111111111,444361.37777777785,2157.9888888888886,381.0657777777778,10515364.614666669,0.0009077155555555,6.48311111111111e-05,0.0005307777777777,0.0003018711111111,0.0004193422222222,9.710222222222222e-05,0.011512494823639944,3.1431266666666664,12.651984888888888,17.86017777777778,14.30698733015873,0.4856772,3.789325377777778,9.011067126984129,0.0071980285714285,0.3926819650793651,6.820511123809524,0.0078356825396825,0.25394751111111113,0.507080038095238,0.4393697111111111,0.8759693650793651,0.0386820603174603,0.0142863936507936,0.4361800761904762,0.1310330857142857,0.0106229111111111,0.0475926571428571,0.1075009619047619,0.0448040349206349,0.0824586984126984,0.0099713587301587,4.752000000000001,0.2135,0.25044205787051227,0.038625,0.00475,0.074,0.435,0.19925,0.11825000000000001,0.009,0.031125,0.0953790400662996,5.2882119485063015,1.2806123252381825,0.5549999999999999,0.003375,0.265125,0.002497554478136898,0.13049787501452262,0.043,0.08637500000000001,1.3163749999999999,0.099125,0.6464899357471116,0.0305,0.006875,0.005875,0.005625,1.186,0.605375,0.00625,0.01675,0.25972858723209225,0.8003750000000001,0.039375,0.08687500000000001,0.19037500000000002,0.035124999999999997,0.046375,0.5743750000000001,0.016104456136670255,0.008288205645012267,0.11128636402697405,0.005625,0.007,0.006125,0.05862436372699298,0.018375,0.0053750000000000004,0.01925,0.01375,0.158375,0.020749999999999998,0.01445884234913551,0.121375,0.10775000000000001,0.0532793262828336,0.0126140755555555,0.0278077333333333,0.0305952355555555,0.0145006888888888,0.0022748222222222,0.7990803555555556,62100.0,62159.0,872.81668,31.89216888888889,1242.9438933333333,260.95589333333334,14.989431111111111,0.17206222222222223,0.10067111111111111,57.667815626666666,57.57522556888889,57.436571386666664,59.504581431111106,60.82804826666667,61.035733764444444,60.69146871111111,61.201113373333335,61.168802497777776,62.06750945333333,63.09233874666666,67.23151231555556,68.19933142222222,65.32070356888889,54.222668893333335,200.4195286222222,78.89734876888888,32.76386212888889,10.361821359999999,1.1051911155555556,0.7135173199999999,0.3410240711111111,0.24269352,0.17819547111111111,0.11265305777777777,0.0894800488888889,0.07540040444444444,0.05920416888888889,0.05416768888888889,0.05696611555555556,0.0648435688888889,0.048196373333333334,0.03207444,0.021946715555555555,0.025267431111111113,0.037228604444444445,5.477149733333333,10412104.933333332,2109.119288888889,0.8673833669481387,0.4795033876819883,0.0,0.06549684383786847,6.075004417121335,0.0282444444444444,0.0780256261756336,0.07636145833333333,0.0386820603174603,0.25915203789490465,0.0,0.0,0.0076444444444444,0.158375,0.5152509778911566,0.0315888888888888,0.0,5.534273907332826,0.36664866558022075,0.0,0.08224928703946822,0.0,0.08637500000000001,0.1650752107510341,0.13192888042243356,0.21587779491097187,0.21775751816636446,0.037223644665080644,0.029468814847387465,0.026588319965947634,1.0168335207097234,0.016659925951307827,1.4066723696725574,0.03891605256638712,0.023042817835327217,0.7357049616862623,0.6080063950168657,0.011030535714285715,0.02337589285714276,0.7222472567336241,0.0026713396233262756,0.003300059149381847,0.3241308075648045,0.055387627551020335,0.07540627145473675,0.05942798979482662,0.04411090029761905,0.043586224489795836,0.0592055460687093,0.03417787388926001,0.013538591269841214,0.14277261904761904,0.0,0.0,,,,0.004937772575961955,0.006875,2.0805792248476496,13.906048175444235,13.006665148082776,54.07639731931957,656.0,954.54333,0.6784398384319531,2024-08-08 17:15:00
2024-08-08 11:30:00,59.17822222222223,1.0,0.1414997955555555,0.8426938266666667,0.0093365555555555,0.1347501377777777,2.5171330666666667,0.006665771555555556,0.010006600000000001,0.03066711111111111,1.6880026666666665e-23,2.7799866666666664e-05,4.252862222222222e-05,0.00042024755555555556,7.641275555555556e-24,3.7574977777777774e-05,0.0020878355555555557,0.0013705022222222222,4.838471111111112e-07,0.11054533333333333,0.008462253333333334,0.021489244444444444,0.1715813333333333,3.72664e-05,2.4505822222222223e-05,0.276,1308.6075555555556,1.988711111111111,0.04937777777777778,1.988711111111111,40.73433595555556,-111.87211,306.6308888888889,17.12488888888889,878.1560000000001,117.84373333333333,0.8733333333333333,441760.2222222222,2132.383555555556,365.912,10704815.190666668,0.0009506177777777,8.502222222222223e-05,0.0005590177777777,0.0002636488888888,0.0003404355555555,5.890666666666667e-05,0.011505184678312077,2.965267555555556,11.680066666666669,16.6376,13.17023728888889,0.4790901333333333,3.592932488888889,8.385638177777777,0.0041762666666666,0.3762524444444444,6.830606488888889,0.0079519111111111,0.21694182222222222,0.4965056,0.4100932444444444,0.7437920888888889,0.0334660444444444,0.0082981777777777,0.3548441333333333,0.1071267111111111,0.0106425777777777,0.0494586666666666,0.0882112888888888,0.0470137333333333,0.0731699111111111,0.0106395555555555,4.929,0.216,0.23751510167961215,0.042749999999999996,0.0055000000000000005,0.074,0.435,0.1995,0.1245,0.009,0.03275,0.07761262555629443,4.782339713433018,1.2106608443584428,0.577,0.0032500000000000003,0.27275,0.002397065373764278,0.12748505891189235,0.046,0.09325,1.3852499999999999,0.09975,0.5468569137473579,0.027999999999999997,0.00625,0.00625,0.00575,0.9319999999999999,0.64125,0.006500000000000001,0.0175,0.21140057622671193,0.82725,0.041249999999999995,0.09325,0.20725,0.03775,0.05025,0.63725,0.012854449951724274,0.008858803763341512,0.09048325086094425,0.00575,0.007,0.00575,0.04622851312404294,0.01825,0.00525,0.0195,0.0145,0.17025,0.0225,0.011420137962570416,0.13024999999999998,0.11750000000000001,0.042254379727635724,0.01279748,0.0277567555555555,0.0304451511111111,0.0145214533333333,0.0017535155555555,1.126592951111111,63000.0,63059.0,872.7173466666667,31.836488888888887,1233.745968888889,257.29312,14.698839999999999,0.17124,0.09879555555555555,58.55030700888889,58.444617888888885,58.04239496,60.006570582222224,61.04195219555556,60.93752125333334,60.45028748444444,60.808988435555555,60.535373826666664,61.37089927111111,62.67751578222222,66.13980458222223,67.17190000000001,64.11065099555556,53.532961817777775,197.09957313777778,77.41859804,32.18446408888889,10.075827897777778,1.0647864177777777,0.68288184,0.3299234044444444,0.2400024311111111,0.16913966222222224,0.11404562222222223,0.09014498666666666,0.07349927111111111,0.05490650222222222,0.046457604444444446,0.05933192888888889,0.06405889333333332,0.04494784444444444,0.03380003111111111,0.0223198,0.019299013333333333,0.03614174666666667,5.343661688888889,10600309.822222222,2084.2168888888887,0.8806773074132404,0.4551600085044223,0.0,0.06564845271981366,5.527147900146787,0.0282444444444444,0.0781950522849781,0.07641041666666666,0.0334660444444444,0.25969260141251593,0.0,0.0,0.0076444444444444,0.17025,0.5162443027210886,0.0315888888888888,0.0,5.458421526302222,0.34760065155224684,0.0,0.08769380158904089,0.0,0.09325,0.16553088358470447,0.14086606987757527,0.232008080615626,0.2306133686296145,0.03738481830932978,0.030765844913304384,0.02878794396150655,0.8118233507386257,0.01806728817088081,1.464343508201259,0.03953799292846449,0.02494954287240301,0.7527113795702888,0.6508143655980784,0.011070357142857144,0.02341392857142847,0.7452581055528111,0.002840387264482703,0.0034810850173047562,0.3331246262564015,0.05546556122448972,0.07947947797368707,0.06273988940519099,0.04419546130952381,0.04363367346938767,0.062487001404833376,0.037386044267391186,0.013533134920634866,0.1427595238095238,0.0,0.0,,,,0.003942227177211818,0.00625,1.9753688664477267,12.936979348085298,12.090607731356572,55.81474713915367,851.0,998.56128,0.7877064527598899,2024-08-08 17:30:00
2024-08-08 11:45:00,62.41244444444444,1.0,0.1377065822222222,0.8942071422222222,0.0096372088888888,0.1430214666666666,2.5214932533333334,0.005923644444444444,0.010148844444444445,0.031009466666666666,3.6396355555555554e-23,2.88084e-05,4.368622222222222e-05,0.000431564,1.6952471111111113e-23,4.005613333333333e-05,0.002134186666666667,0.0013976844444444443,5.075115555555556e-07,0.11148444444444444,0.008616915555555556,0.021636977777777778,0.17292088888888887,3.8407333333333334e-05,2.619293333333333e-05,0.276,1308.9644444444446,1.9259999999999997,0.04591111111111112,1.9259999999999997,40.73433128888889,-111.87211,307.8673333333333,16.133333333333333,878.0466666666667,142.48062222222222,1.2906666666666666,441469.5555555555,2115.276,363.9337777777778,10445811.162666667,0.0009288844444444,9.276e-05,0.0006109955555555,0.0002265111111111,0.0003142044444444,2.5017777777777785e-05,0.011497874532984209,2.5700881534206537,10.579029847004849,15.702967194102191,12.603177955555555,0.4689075555555556,3.540627866666666,7.9068756,0.0034156444444444,0.3591902666666666,7.018909555555555,0.0087672444444444,0.2507348888888889,0.5146912,0.3775987111111111,0.6767354222222223,0.0228308444444444,0.0043251111111111,0.3602589777777777,0.0967937333333333,0.004568,0.0434719111111111,0.0817659111111111,0.0385157333333333,0.0702955555555555,0.0101942222222222,5.106,0.2185,0.22316721558986055,0.046875,0.00625,0.074,0.435,0.19975,0.13075,0.009,0.034374999999999996,0.07879540364342087,4.4443539800364675,1.201529156142942,0.599,0.003125,0.280375,0.0022965762693916577,0.1326664092609635,0.049,0.10012499999999999,1.454125,0.100375,0.49631071898690376,0.0255,0.005625,0.006625000000000001,0.005875,0.6779999999999999,0.677125,0.00675,0.01825,0.21461795654728139,0.854125,0.043125,0.09962499999999999,0.22412500000000002,0.040374999999999994,0.054125000000000006,0.700125,0.011449709908780758,0.009429401881670756,0.09186819357872983,0.005875,0.007,0.005375,0.04087069325620202,0.018125,0.005125,0.01975,0.01525,0.182125,0.02425,0.010106728237306448,0.139125,0.12725,0.03748910144320192,0.0133522311111111,0.0295936266666666,0.0291673999999999,0.0145233466666666,0.0017665822222222,1.3479403200000002,63900.0,63959.0,872.612431111111,31.791644444444444,1234.96256,257.77799111111113,14.620093333333333,0.16982222222222224,0.09904,58.15155816888888,58.007933595555556,57.696134684444445,59.79661757777777,60.92740735555556,61.04389410666667,60.42913095555556,61.02564711555556,60.52963664,61.434120471111115,62.629175191111116,66.44845953333333,67.03564795111112,64.21601709333333,53.66236576000001,198.12802879111112,78.18137531111111,32.48210871111111,10.037047604444444,1.0548457866666667,0.6950938266666667,0.3341428444444444,0.23576617777777778,0.16229805777777778,0.10919119555555555,0.08549026222222222,0.06263162222222222,0.05031694222222222,0.05327797333333333,0.058045764444444446,0.06128827111111111,0.03954389333333333,0.030331,0.01928740888888889,0.021178813333333334,0.027654608888888887,5.377527822222223,10358360.444444444,2068.242355555555,0.893971247878342,0.4519821465640379,0.0,0.06580006160175884,5.175705782427457,0.0282444444444444,0.07836447839432259,0.076459375,0.0228308444444444,0.26023316493012716,0.0,0.0,0.0076444444444444,0.182125,0.5172376275510205,0.0315888888888888,0.0,5.457850587426666,0.3451140633765515,0.0,0.09313831613861356,0.0,0.10012499999999999,0.16598655641837487,0.149803259332717,0.24813836632028013,0.24346921909286456,0.03754599195357891,0.032062874979221306,0.03098756795706547,0.6068131807675277,0.01947465039045379,1.5220146467299607,0.04015993329054186,0.026856267909478794,0.7697177974543152,0.6936223361792911,0.011110178571428571,0.023451964285714187,0.768268954371998,0.00300943490563913,0.0036621108852276656,0.3421184449479984,0.05554349489795911,0.08355268449263739,0.06605178901555533,0.04428002232142857,0.04368112244897951,0.06576845674095744,0.04059421464552237,0.013527678571428517,0.14274642857142855,0.0,0.0,,,,0.00294668177846168,0.005625,1.7416053765081712,11.839170463229616,11.390302745186661,58.801753429338476,1046.0,1039.2255,0.6874437153588342,2024-08-08 17:45:00
2024-08-08 12:00:00,65.6271111111111,1.0,0.1340184355555555,0.9041048526984128,0.009685993015873,0.1404541561904762,2.510390549206349,0.006511866666666667,0.010265333333333333,0.03128408888888889,7.377942222222221e-23,2.966871111111111e-05,4.466382222222222e-05,0.0004411213333333333,3.4979688888888885e-23,4.223782222222223e-05,0.002172897777777778,0.0014202977777777778,5.280044444444445e-07,0.11223377777777778,0.008745044444444443,0.021751955555555553,0.1739808888888889,3.9376266666666664e-05,2.7679333333333335e-05,0.276,1309.3493333333333,2.1385333333333336,0.048933333333333336,2.1385333333333336,40.734338755555555,-111.87211,308.2437777777777,16.035999999999998,877.9662222222221,132.52977777777778,1.2715555555555556,437429.9555555555,2082.468888888889,346.85911111111113,10288211.469777778,0.0007651333333333,8.47152380952381e-05,0.0006410019047619,0.0001869457142857,0.0003239428571428,5.177142857142865e-06,0.011490564387656341,1.9113289584674584,8.009155027676027,12.778291241499243,11.990829806349206,0.4716275936507936,3.1979453904761908,6.6408994,0.0034969619047619,0.3410854063492063,6.542172095238096,0.0076276063492063,0.26320114603174605,0.4594417015873016,0.3203886888888888,0.5555861968253968,0.013986892063492,0.0039527407407407,0.3204580063492063,0.0797411904761904,0.0048052952380952,0.0399315904761904,0.0863515682539682,0.0403475809523809,0.0585794095238095,0.0080424222222222,5.283,0.221,0.327,0.051,0.007,0.074,0.435,0.2,0.137,0.009,0.036,0.114,2.806,0.83,0.621,0.003,0.288,0.0021960871650190373,0.135,0.052,0.107,1.523,0.101,0.498,0.023,0.005,0.007,0.006,0.424,0.713,0.007,0.019,0.229,0.881,0.045,0.106,0.241,0.043,0.058,0.763,0.015,0.01,0.111,0.006,0.007,0.005,0.029,0.018,0.005,0.02,0.016,0.194,0.026,0.011,0.148,0.137,0.034,0.0124310434920634,0.0270211526984127,0.0295280012698412,0.0142780092063492,0.0013205863492063,1.4476285752380953,64800.0,64859.0,872.5216533333333,31.61092,1233.3998577777777,257.7387511111111,14.486017777777779,0.1684177777777778,0.09917333333333334,57.32492469333333,57.21709542222222,57.33307906666666,59.27183121777777,60.62648627111111,60.62848363111111,60.388288151111105,60.94159675555556,60.54843519111111,61.363044555555554,62.806972924444445,66.36801220444445,67.25029487555555,64.34341571555555,53.468194422222226,199.01865392888888,78.5573729288889,32.83121591111111,10.082575355555555,1.073183128888889,0.690716608888889,0.32784336000000003,0.21850017777777778,0.15649001777777777,0.11166247111111112,0.07818152444444444,0.06468056888888889,0.05249329777777778,0.046446737777777775,0.04306946222222222,0.050754631111111115,0.03155072444444444,0.020594737777777775,0.017158088888888888,0.01748110666666667,0.02919568,5.051636977777777,10239712.577777777,2037.5686222222223,0.9072651883434437,0.4391740047768852,0.0,0.06595167048370403,3.062394438060622,0.0282444444444444,0.07853390450366708,0.07650833333333333,0.013986892063492,0.26077372844773844,0.0,0.0,0.0076444444444444,0.194,0.5182309523809525,0.0315888888888888,0.0,5.105939717563591,0.3531523092931509,0.0,0.09858283068818623,0.0,0.107,0.16644222925204527,0.15874044878785873,0.26426865202493427,0.2563250695561146,0.03770716559782805,0.03335990504513823,0.03318719195262439,0.40180301079642994,0.020882012610026774,1.5796857852586625,0.04078187365261923,0.028762992946554586,0.7867242153383417,0.7364303067605039,0.01115,0.0234899999999999,0.791279803191185,0.0031784825467955575,0.003843136753150575,0.3511122636395954,0.0556214285714285,0.08762589101158771,0.0693636886259197,0.04436458333333333,0.043728571428571346,0.06904991207708151,0.043802385023653544,0.013522222222222166,0.14273333333333332,0.0,0.0,,,,0.0019511363797115435,0.005,1.3519245186241307,9.276829804637831,9.198891166634573,67.0,1144.1666,1084.5377,0.7446350568067758,2024-08-08 18:00:00
2024-08-08 12:15:00,71.12222222222223,1.0,0.1050261787301587,0.9199931526984128,0.009094899047619,0.1406997907936507,2.437155327301588,0.006939753777777778,0.010358977777777778,0.031500622222222226,1.3648577777777776e-22,3.0383777777777778e-05,4.5465777777777776e-05,0.00044898844444444445,6.546302222222221e-23,4.411488888888889e-05,0.0022044444444444446,0.0014386000000000002,5.453666666666667e-07,0.11281555555555554,0.008848448888888888,0.021839466666666665,0.17480711111111108,4.017871111111112e-05,2.896071111111111e-05,0.276,1309.3684444444445,2.3195111111111113,0.04857777777777778,2.3195111111111113,40.73434,-111.87211,308.33888888888885,14.377333333333333,877.9511111111111,126.47262222222223,1.0617777777777777,433493.1555555556,2043.8097777777775,306.84000000000003,9264750.189777778,0.0006835126984126,8.331650793650794e-05,0.000648458095238,0.0001365276190476,0.000288145079365,2.052412698412699e-05,0.011483254242328473,1.5025956444444444,6.199536888888889,9.45842888888889,10.388772736507937,0.4765836857142857,2.5742957746031743,4.770190663492063,0.0017585174603174,0.2903418539682539,5.459230126984127,0.0069419777777777,0.14315808253968257,0.3290474634920635,0.283338726984127,0.3933737206349206,0.0094139047619047,0.0035803703703703002,0.1993452317460317,0.0573849714285714,0.0001676063492063,0.0325342539682539,0.0469182698412698,0.0309351873015873,0.0393018,0.0048045682539682,5.243375,0.222,0.181546937458695,0.052125,0.006625,0.073875,0.43474999999999997,0.20025,0.13537500000000002,0.009,0.036625,0.04364660949494761,3.032430257069869,0.9379780890003968,0.626,0.003125,0.27749999999999997,0.002095598060646417,0.0797737227970432,0.05225,0.10575,1.4769999999999999,0.106625,0.28271740354098074,0.022125,0.005125,0.0075,0.006500000000000001,0.39975,0.694375,0.00675,0.019,0.11900658209259592,0.839125,0.044,0.10525,0.235375,0.041874999999999996,0.05725,0.722375,0.006092196607097122,0.00975,0.05071164272214607,0.006875,0.007625,0.005,0.02043659845398187,0.018,0.0063750000000000005,0.021750000000000002,0.01575,0.18875,0.02675,0.005097538025203052,0.14575,0.13387500000000002,0.019314890546798493,0.0108404996825396,0.0172636384126984,0.0295472025396825,0.0143476625396825,0.0009933028571428,1.4954050761904762,65700.0,65759.0,872.4868133333333,31.659373333333335,1224.8244755555556,261.6710311111111,14.679013333333334,0.1681688888888889,0.10282666666666666,51.78466478666667,52.83963144,53.57714826666667,56.32117955111111,58.32925648,58.80406467555555,59.01512086666666,59.92145579555555,60.181859395555556,61.237302320000005,63.07522330222222,67.07445054222222,67.95422268,65.300258,54.53316801777778,203.98110325777776,81.8555678488889,35.13563222222222,10.89229832,1.1178080044444445,0.6856743866666667,0.33606109777777776,0.22339100888888888,0.1494227333333333,0.09662180444444445,0.08420752888888888,0.05782116888888889,0.043111866666666665,0.04106671111111111,0.03403701333333333,0.045316675555555554,0.026925675555555553,0.023202622222222222,0.013475022222222221,0.014485417777777778,0.018427008888888888,4.471834488888889,9242776.666666666,2000.9713333333327,0.9013443577161295,0.3602653811801426,0.0,0.0661032793656492,3.695733252551477,0.0282444444444444,0.07870333061301157,0.07655729166666667,0.0094139047619047,0.2613142919653497,0.0,0.0,0.0076444444444444,0.18875,0.5192242772108845,0.0315888888888888,0.0,4.652383901174414,0.273348257122224,0.0,0.0979422995647071,0.0,0.10575,0.17054328475507882,0.15587596498813383,0.2588918901233829,0.2530658398612062,0.03883538110757201,0.03385876276279858,0.032761458276064595,0.3822301894507641,0.021485167846986623,1.5411685820307819,0.04057456019859344,0.028921886699644236,0.7602258432864865,0.7087710812358634,0.01118982142857143,0.023528035714285613,0.7793334043268684,0.0034038794016707937,0.004084504577047787,0.33872733298231433,0.05569936224489788,0.08714669024465238,0.06897405337764154,0.04444914434523809,0.04377602040816318,0.06821799382285287,0.04342495321446164,0.013516765873015818,0.1427202380952381,0.0,0.0,,,,0.0020755795545553107,0.005125,1.1101433796669864,7.472516964703281,6.711372919618309,66.8457773772225,1131.6666,1123.9175,0.7842904293081374,2024-08-08 18:15:00
2024-08-08 12:30:00,74.63555555555556,1.0,0.0912383022222222,1.012766617777778,0.0087261866666666,0.1610647244444444,2.449045817777778,0.006797482222222222,0.010432844444444445,0.031668577777777776,2.2776044444444444e-22,3.096742222222222e-05,4.611266666666667e-05,0.00045533644444444444,1.100411111111111e-22,4.5679244444444444e-05,0.0022298133333333334,0.0014532533333333334,5.596720000000001e-07,0.11325688888888889,0.008930995555555555,0.02190448888888889,0.17543022222222224,4.083142222222222e-05,3.0030533333333333e-05,0.276,1309.7924444444443,1.5282666666666667,0.04831111111111111,1.5282666666666667,40.73434,-111.87211,309.22999999999996,13.974666666666668,877.8982222222222,139.38528888888888,1.3866666666666667,433758.7111111112,2039.5857777777776,308.24044444444445,9170582.438222222,0.0007744222222222,9.72711111111111e-05,0.0006547777777777,0.0001113688888888,0.0002576133333333,3.587111111111112e-05,0.011475944097000606,1.200692888888889,5.497193333333333,8.962090222222223,10.052560133333332,0.4827001333333333,2.7964348,5.032680977777778,0.0010287555555555,0.2972104444444444,5.755017199999999,0.0055339555555555,0.1511323111111111,0.3432428888888889,0.2813663111111111,0.3877898666666666,0.0088906222222222,0.0032079999999999,0.1892299555555555,0.0539872,0.00148650958393455,0.0293004888888888,0.0449740444444444,0.0289421333333333,0.0540070666666666,0.0045824444444444,5.20375,0.223,0.1806760217887469,0.05325,0.00625,0.07375,0.4345,0.2005,0.13375,0.009,0.03725,0.04143710428273374,2.948978724018829,0.9444426923630216,0.631,0.0032500000000000003,0.26699999999999996,0.0019951089562737965,0.0838182125216085,0.0525,0.1045,1.431,0.11225,0.2785083877305721,0.021249999999999998,0.00525,0.008,0.007,0.3755,0.67575,0.006500000000000001,0.019,0.1129963096117764,0.79725,0.043,0.1045,0.22975,0.040749999999999995,0.0565,0.68175,0.005630278882590982,0.0095,0.04812448103317767,0.00775,0.00825,0.005,0.018674797774846263,0.018,0.00775,0.0235,0.0155,0.1835,0.0275,0.0046656522576649494,0.1435,0.13075,0.0177479340747869,0.0119206044444444,0.0187322844444444,0.0319411466666666,0.0152130488888888,0.00096516,1.8554926044444444,66600.0,66659.0,872.4253688888889,31.830435555555553,1220.740008888889,261.53294666666665,14.695177777777777,0.1683777777777778,0.10296888888888889,51.14403548888889,52.174552902222224,52.98369626222222,55.64181711555556,57.734996324444445,58.51031154666667,58.704543595555556,59.35731599555556,60.115862155555554,61.08063965777778,63.220150600000004,66.96473254222222,68.13542628444445,65.12796668888889,54.40903828,204.14650822666667,82.1254614311111,35.23597208,10.900378231111112,1.1257321288888888,0.6879912266666667,0.3328205822222222,0.2236694888888889,0.14812356000000002,0.10623135555555556,0.08292459999999999,0.054390075555555556,0.04836637333333334,0.038827662222222226,0.03812816888888889,0.04591090666666667,0.030687000000000002,0.017956053333333333,0.014629924444444444,0.010209324444444445,0.020218355555555557,4.7013368444444446,9106513.688888889,1996.461022222222,0.8954235270888153,0.36251508753245687,0.0,0.06625488824759439,3.596505734890343,0.0282444444444444,0.07887275672235607,0.07660625,0.0088906222222222,0.261854855482961,0.0,0.0,0.0076444444444444,0.1835,0.5202176020408164,0.0315888888888888,0.0,4.854748601275555,0.27510858948385425,0.0,0.09730176844122795,0.0,0.1045,0.17464434025811237,0.1530114811884089,0.25351512822183153,0.24980661016629768,0.039963596617315966,0.03435762048045894,0.0323357245995048,0.36265736810509824,0.022088323083946475,1.5026513788029012,0.04036724674456765,0.029080780452733886,0.7337274712346312,0.681111855711223,0.011229642857142858,0.02356607142857133,0.7673870054625518,0.00362927625654603,0.004325872400944999,0.32634240232503325,0.055777295918367276,0.08666748947771705,0.06858441812936338,0.04453370535714285,0.04382346938775502,0.06738607556862423,0.04304752140526974,0.013511309523809467,0.14270714285714284,0.0,0.0,,,,0.002200022729399078,0.00525,0.9315565368817359,6.772232485800167,6.339474521763872,70.09056021684198,1119.1666,1150.5186,0.7611113654618075,2024-08-08 18:30:00
2024-08-08 12:45:00,74.35688888888889,1.0,0.0817335952380952,0.9194718047619048,0.0077087666666666,0.1319030238095238,2.401179061904762,0.005415048,0.010488222222222222,0.03179693333333333,3.398884444444444e-22,3.14196e-05,4.660844444444444e-05,0.0004602115555555556,1.650071111111111e-22,4.691333333333334e-05,0.0022491644444444445,0.0014644311111111112,5.708666666666666e-07,0.11358622222222223,0.008993577777777779,0.021952711111111113,0.17589377777777776,4.1336e-05,3.0875822222222225e-05,0.276,1309.1337777777776,2.0349333333333335,0.04702222222222222,2.0349333333333335,40.73434,-111.87211,309.1331111111111,13.54,877.8177777777778,135.8268,0.6466666666666666,432718.2222222222,2019.9284444444445,288.49733333333336,8877938.25111111,0.0008190095238095,7.719999999999999e-05,0.0007267571428571,9.962857142857144e-05,0.0002352,8.5e-05,0.011468633951672738,0.6883055555555555,4.50071111111111,7.535622666666666,9.184986449987049,0.4634424821715321,2.3381605461408963,4.585713888502239,0.001088985042735,0.254608274991675,5.4368217862526365,0.0037480881969881,0.10877078224923227,0.2697740358493358,0.2462578637048137,0.327861927964628,0.01188177003737,0.0142068987253487,0.162051491062641,0.0462625825489325,0.0028054128186628,0.0262577231102231,0.0462841111222111,0.0282232826395826,0.0526396984182484,0.003692319005069,5.164125,0.224,0.1651739679815345,0.054375,0.005875,0.073625,0.43425,0.20075,0.132125,0.009,0.037875,0.03550044394580655,2.560618259444496,0.8533063513365142,0.636,0.003375,0.25649999999999995,0.0018946198519011763,0.06288583375256347,0.05275,0.10325,1.385,0.11787500000000001,0.23333570898285919,0.020375,0.0053750000000000004,0.0085,0.0075,0.35125,0.657125,0.00625,0.019,0.0968474695666086,0.755375,0.041999999999999996,0.10375,0.224125,0.039625,0.05575,0.641125,0.004580138285824074,0.00925,0.041173105630570285,0.008625,0.008875000000000001,0.005,0.014669455874294843,0.018,0.009125000000000001,0.02525,0.01525,0.17825,0.02825,0.003683787406857371,0.14125,0.12762500000000002,0.014185558098880502,0.0108826333333333,0.0137789428571428,0.0325071523809523,0.0144035666666666,0.000857919047619,1.6389420761904765,67500.0,67559.0,872.3526755555556,31.872897777777776,1175.1424177777778,252.21343555555555,14.191093333333333,0.16856444444444443,0.09935555555555556,48.76210791111111,49.87572739111111,50.75514170222222,53.32453840888889,55.37962400444444,56.042313057777775,56.228932737777775,57.30194968888889,57.477592746666666,58.925967435555556,60.78012133777778,64.51808136888889,66.00347950222222,63.03695763555556,52.66695354666667,197.33780156444445,79.29718980888889,34.02495484888889,10.555175897777778,1.0395028755555555,0.6638349777777778,0.30097869777777775,0.2211642311111111,0.14298874666666667,0.09961062666666667,0.06936967111111111,0.05079689777777777,0.04789932,0.03610209777777777,0.03577407111111111,0.04257551111111111,0.030429404444444443,0.020455235555555555,0.014065146666666667,0.012071648888888889,0.020307933333333337,4.258146533333333,8849390.044444444,1978.5144888888888,0.8895026964615012,0.3307992971222671,0.0,0.06640649712953957,3.201679322826955,0.0282444444444444,0.07904218283170056,0.07665520833333334,0.01188177003737,0.2623954190005722,0.0,0.0,0.0076444444444444,0.17825,0.5212109268707483,0.0315888888888888,0.0,4.388474995973334,0.2502918696589289,0.0,0.09666123731774881,0.0,0.10325,0.1787453957611459,0.15014699738868398,0.24813836632028013,0.24654738047138924,0.041091812127059923,0.034856478198119295,0.03190999092294502,0.3430845467594324,0.022691478320906323,1.4641341755750206,0.04015993329054186,0.029239674205823532,0.707229099182776,0.6534526301865825,0.011269464285714285,0.023604107142857045,0.7554406065982353,0.003854673111421266,0.004567240224842212,0.3139574716677522,0.055855229591836655,0.08618828871078171,0.06819478288108521,0.044618266369047616,0.043870918367346856,0.0665541573143956,0.042670089596077834,0.013505853174603118,0.1426940476190476,0.0,0.0,,,,0.002324465904242845,0.0053750000000000004,0.6284601442212349,5.778671673281388,5.270645848662076,69.83319413961978,1106.6666,1172.9299,0.6021016478425345,2024-08-08 18:45:00
2024-08-08 13:00:00,75.12088888888889,1.0,0.0920398755555555,0.9439286444444444,0.00735812,0.1316774488888889,2.372163595555555,0.006302095555555555,0.010526622222222223,0.0318844,4.5210844444444435e-22,3.174013333333333e-05,4.6959244444444445e-05,0.00046366533333333336,2.2015688888888884e-22,4.780128888888889e-05,0.002262648888888889,0.0014722799999999999,5.78872888888889e-07,0.113812,0.009037471111111112,0.021985288888888888,0.17620222222222223,4.169231111111111e-05,3.148568888888889e-05,0.276,1307.899111111111,2.075066666666667,0.04622222222222223,2.075066666666667,40.73434,-111.87211,309.3455555555555,13.434666666666665,877.7186666666668,122.51133333333333,1.019111111111111,432025.0666666667,2021.171111111111,288.236,9031149.45866667,0.0008241777777777,5.62004364154364e-05,0.0007276133333333,8.863111111111111e-05,0.0002563377777777,1.8395555555555565e-05,0.01146132380634487,1.1481444444444444,5.298263555555557,8.094636444444445,8.971965272381322,0.4605766875790876,2.180714384558035,4.474067115517816,0.0013458308284308,0.2614258864746365,5.377749668394569,0.003251331092981,0.12758035806600806,0.2641205888851888,0.2679682165038665,0.3026008557683057,0.0149250867484367,0.0234956653161653,0.1653268913882414,0.049075654025604,0.005931547006697,0.0309377344618344,0.0580880797757797,0.0314169072150072,0.031067731096681,0.0030740102434602,5.1245,0.225,0.17476012408150812,0.055499999999999994,0.0055,0.0735,0.434,0.201,0.1305,0.009,0.0385,0.03621589787461918,2.5851690261122897,0.8521000083415211,0.641,0.0035,0.246,0.0017941307475285559,0.061275081871892054,0.053,0.10200000000000001,1.339,0.1235,0.2142943348948759,0.0195,0.0055,0.009,0.008,0.327,0.6385,0.006,0.019,0.09879363970273976,0.7135,0.040999999999999995,0.10300000000000001,0.2185,0.0385,0.055,0.6005,0.0049625676524526485,0.009000000000000001,0.04201084748544978,0.0095,0.0095,0.005,0.016128079958417137,0.018,0.010499999999999999,0.027000000000000003,0.015,0.173,0.028999999999999998,0.004041352816827468,0.139,0.1245,0.01548286742332054,0.0107758444444444,0.0124427777777777,0.0312184399999999,0.0142604488888888,0.0008195022222222,1.7245550488888888,68400.0,68459.0,872.2357066666667,31.942071111111108,1150.9236977777778,246.30696,13.792555555555555,0.16789333333333334,0.09676888888888889,48.07732905777778,49.243361879999995,49.782744826666665,52.68692612888889,54.44838027555555,54.950358764444445,55.18432942222223,56.254974520000005,56.05610213777778,57.67872446666667,59.18951823555555,63.29378173333334,64.44248290222222,61.82750270222222,51.51396313333333,192.83795983555555,77.45377962666666,32.975878782222225,10.243519146666667,1.04984684,0.6382998444444444,0.3013155911111111,0.22233206666666666,0.12995285333333334,0.09520998222222223,0.06423644888888888,0.045281737777777775,0.03487217333333333,0.036285448888888884,0.038450080000000005,0.03752089333333333,0.02374098666666667,0.019497360000000002,0.013094093333333333,0.011747364444444445,0.020463595555555554,4.348194977777778,8928374.755555555,1978.6208888888889,0.883581865834187,0.3303794852101246,0.0,0.06655810601148475,3.204020138708401,0.0282444444444444,0.07921160894104505,0.07670416666666667,0.0149250867484367,0.2629359825181835,0.0,0.0,0.0076444444444444,0.173,0.5222042517006803,0.0315888888888888,0.0,4.780273756281198,0.249963378567644,0.0,0.09602070619426968,0.0,0.10200000000000001,0.18284645126417945,0.14728251358895908,0.24276160441872877,0.24328815077648078,0.04222002763680388,0.03535533591577965,0.031484257246385226,0.3235117254137666,0.023294633557866172,1.42561697234714,0.03995261983651607,0.029398567958913182,0.6807307271309209,0.625793404661942,0.011309285714285714,0.023642142857142757,0.7434942077339187,0.004080069966296502,0.004808608048739424,0.30157254101047104,0.05593316326530605,0.08570908794384638,0.06780514763280707,0.04470282738095238,0.04391836734693869,0.06572223906016697,0.04229265778688593,0.01350039682539677,0.14268095238095238,0.0,0.0,,,,0.0024489090790866122,0.0055,0.9004721541991717,6.5738859149980335,5.689505676227621,73.0,1126.8334,1191.2853,0.6973295381057926,2024-08-08 19:00:00
2024-08-08 13:15:00,74.8995794945795,1.0,0.1087370244444444,1.0176252034920636,0.0076250504761904,0.1478987234920635,2.369645527936508,0.005629171111111111,0.01054928888888889,0.03193502222222223,5.355946666666666e-22,3.192915555555556e-05,4.716804444444444e-05,0.00046569111111111115,2.6125288888888886e-22,4.833408888888889e-05,0.002270684444444444,0.0014767866666666666,5.836382222222222e-07,0.11394533333333333,0.00906324,0.022004666666666665,0.17638533333333334,4.190382222222222e-05,3.185071111111111e-05,0.276,1307.8146666666667,1.8029777777777778,0.04897777777777778,1.8029777777777778,40.73434,-111.87211,308.4535555555555,14.613333333333333,877.5626666666667,128.2832888888889,1.329777777777778,432964.9777777777,2030.9431111111112,302.09511111111107,9785458.73822222,0.0008565133333333,5.891599992599991e-05,0.0007557038095238,0.000115739047619,0.000312185079365,2.0155619047619057e-05,0.011454013661017002,1.5971267111111112,7.082364888888889,10.653426666666666,9.971337682539682,0.4449918095238095,2.3665410222222225,4.8198605174603175,0.0019488158730158,0.2864809746031745,5.492166142857143,0.0060464253968253,0.2265048253968254,0.3002600126984127,0.2628296317460317,0.3783464507936508,0.0151783555555555,0.0072664857142857,0.1967234761904762,0.056250638095238,0.0006063238095238,0.0343820349206349,0.0801201206349206,0.0356184,0.037398673015873,0.0042066698412698,5.084875,0.226,0.17249119385833372,0.056624999999999995,0.005125,0.073375,0.43374999999999997,0.20125,0.12887500000000002,0.009,0.039125,0.04307393283678531,2.7782297223657864,0.9160751675470851,0.646,0.003625,0.2355,0.0016936416431559355,0.07157174605618499,0.05325,0.10075,1.293,0.129125,0.27139009865285546,0.018625,0.005625,0.0095,0.0085,0.30275,0.619875,0.00575,0.019,0.11744879316323115,0.671625,0.04,0.10225000000000001,0.212875,0.037375,0.05425,0.559875,0.005937987095604133,0.00875,0.05004108213601403,0.010374999999999999,0.010125,0.005,0.019848427860684133,0.018,0.011875,0.02875,0.014750000000000001,0.16775,0.02975,0.004953354570662458,0.13675,0.12137500000000001,0.01879176796617435,0.0115944584126984,0.0145249155555555,0.0273907006349206,0.0143449092063492,0.0008468139682539,1.7736386114285716,69300.0,69359.0,872.1625155555555,32.19059111111111,1155.8734222222222,245.53586222222222,13.764084444444444,0.16804888888888891,0.09591555555555556,50.46612459999999,51.04015833777778,51.41351966222222,53.64516099555556,55.308360031111114,55.577364431111114,55.732059497777776,56.47552165333333,56.29001230666667,57.57407657333333,59.20853698222222,63.05238407111111,64.14592087999999,61.52238150666667,51.18076608,191.40326273333332,76.50684773777779,32.44229767555556,10.094327644444444,1.0579971733333333,0.6221270488888888,0.30809759555555555,0.20765594222222222,0.13216141333333334,0.0928832,0.06911168,0.05501437333333333,0.040105720000000004,0.032983075555555554,0.033754026666666666,0.04617020888888889,0.02562072,0.022473493333333334,0.013558039999999999,0.011752773333333333,0.02270690666666667,4.709899555555555,9692517.333333334,1986.7738222222224,0.8776610352068728,0.3526430819045766,0.0,0.06670971489342993,3.3833858889624224,0.0282444444444444,0.07938103505038954,0.076753125,0.0151783555555555,0.2634765460357948,0.0,0.0,0.0076444444444444,0.16775,0.5231975765306123,0.0315888888888888,0.0,5.070541612608807,0.2673840209137933,0.0,0.09538017507079055,0.0,0.10075,0.186947506767213,0.14441802978923418,0.2373848425171774,0.2400289210815723,0.043348243146547845,0.03585419363344,0.031058523569825434,0.30393890406810076,0.02389778879482602,1.3870997691192593,0.03974530638249028,0.029557461712002832,0.6542323550790656,0.5981341791373016,0.011349107142857143,0.02368017857142847,0.7315478088696021,0.004305466821171739,0.0050499758726366365,0.28918761035318996,0.056011096938775436,0.08522988717691106,0.0674155123845289,0.04478738839285714,0.04396581632653053,0.06489032080593833,0.04191522597769403,0.01349494047619042,0.14266785714285712,0.0,0.0,,,,0.0025733522539303794,0.005625,1.166062063516215,8.35275675768046,7.606765096052618,70.33440282023675,1184.3334,1205.8168,0.6210991997465709,2024-08-08 19:15:00
2024-08-08 13:30:00,79.46110250860251,1.0,0.1053187057142857,1.095646221904762,0.0072290504761904,0.1639015571428571,2.4126404825396826,0.007602375555555555,0.010558399999999999,0.03194928888888889,5.651048888888889e-22,3.198968888888889e-05,4.723217777777778e-05,0.0004663346666666667,2.7580355555555556e-22,4.850253333333333e-05,0.0022732800000000004,0.0014783200000000002,5.851475555555555e-07,0.11399955555555556,0.009071466666666667,0.02201,0.17645555555555556,4.1969822222222224e-05,3.196715555555555e-05,0.276,1308.3622222222223,2.0263555555555555,0.04942222222222223,2.0263555555555555,40.73434,-111.87211,309.1117777777778,13.835111111111111,877.316,128.61333333333332,1.2057777777777778,434340.2222222223,2025.3666666666663,293.0848888888889,9361916.541777778,0.0009320161904761,6.163156343656342e-05,0.0008304587301587,8.043015873015872e-05,0.0003222555555555,2.1915682539682548e-05,0.011446703515689135,1.293233511111111,5.877020444444445,10.187647555555555,9.872644222222222,0.4348719555555556,2.4385754222222222,5.102564266666667,0.0014912,0.2820757333333333,5.9908824,0.0048329333333333,0.13222119999999998,0.3002702666666667,0.2684182666666667,0.4231457777777778,0.0155664444444444,0.0136159555555555,0.2114930666666666,0.0526016888888888,0.0020631111111111,0.0328139111111111,0.0533979111111111,0.0344385777777777,0.0481006666666666,0.0037870666666666,5.04525,0.227,0.1749588426907059,0.057749999999999996,0.00475,0.07325,0.4335,0.2015,0.12725,0.009,0.03975,0.04630009162127132,2.668058595977797,0.8744830050683499,0.651,0.00375,0.22499999999999998,0.0015931525387833153,0.0715746675656206,0.0535,0.0995,1.2469999999999999,0.13474999999999998,0.30515908269933784,0.017750000000000002,0.00575,0.009999999999999998,0.009000000000000001,0.27849999999999997,0.60125,0.0055,0.019,0.12622455583351785,0.62975,0.039,0.1015,0.20725,0.036250000000000004,0.0535,0.51925,0.005441922439794139,0.0085,0.05381866743593192,0.01125,0.01075,0.005,0.017956387349713,0.018,0.013250000000000001,0.030500000000000003,0.0145,0.1625,0.0305,0.0044895419623628245,0.1345,0.11825000000000001,0.017108975378406173,0.0127000495238095,0.014721312063492,0.0261063133333333,0.0148725333333333,0.000958219047619,2.1573720193650794,70200.0,70259.0,872.0726400000001,32.06746666666667,1097.1692666666668,231.04840444444443,13.009764444444444,0.16871111111111112,0.08940888888888888,49.764686257777775,50.121783968888884,49.863246466666666,52.05465111555556,53.384344875555556,53.353076208888886,53.22892756,53.576570724444444,53.447148506666665,54.30588051555556,55.67978552444445,59.2827118,60.80989037777778,57.92331169333333,48.302934199999996,179.28105775999998,70.99755450666666,29.969407044444445,9.194099586666669,0.94373708,0.5843399111111112,0.2798988488888889,0.1938853111111111,0.13375214666666668,0.08888672444444444,0.06904129777777777,0.05578747111111111,0.04602394222222222,0.03576579999999999,0.039304613333333335,0.05102430222222222,0.027837533333333334,0.024456964444444444,0.018754417777777775,0.012664497777777778,0.02294638222222222,4.784353733333333,9316129.822222222,1982.3590222222224,0.8717402045795586,0.33816885249154305,0.0,0.06686132377537511,3.2862596300018723,0.0282444444444444,0.07955046115973403,0.07680208333333333,0.0155664444444444,0.26401710955340607,0.0,0.0,0.0076444444444444,0.1625,0.5241909013605442,0.0315888888888888,0.0,5.1052052022,0.2560583408226063,0.0,0.09473964394731141,0.0,0.0995,0.19104856227024652,0.14155354598950926,0.232008080615626,0.23676969138666387,0.0444764586562918,0.036353051351100354,0.030632789893265643,0.2843660827224349,0.02450094403178587,1.3485825658913786,0.03953799292846449,0.02971635546509248,0.6277339830272104,0.5704749536126611,0.011388928571428572,0.023718214285714186,0.7196014100052857,0.004530863676046975,0.005291343696533848,0.2768026796959089,0.05608903061224482,0.08475068640997573,0.06702587713625074,0.0448719494047619,0.044013265306122366,0.06405840255170969,0.041537794168502125,0.01348948412698407,0.1426547619047619,0.0,0.0,,,,0.0026977954287741466,0.00575,0.9862977979266623,7.150946049089466,7.257764470452315,74.54725431884145,1241.8334,1216.8386,0.8380536284712015,2024-08-08 19:30:00
2024-08-08 13:45:00,81.29911111111112,1.0,0.1009182088888888,1.145889017777778,0.0077011777777777,0.1777577066666666,2.3548983422222225,0.0073035,0.010548222222222221,0.0319328,5.310435555555555e-22,3.191995555555556e-05,4.715782222222222e-05,0.00046559333333333336,2.5901911111111113e-22,4.8305777777777776e-05,0.0022702177777777777,0.0014765822222222223,5.834084444444445e-07,0.11393777777777778,0.009061928888888888,0.02200373333333333,0.17637733333333333,4.189288888888889e-05,3.1831244444444443e-05,0.276,1308.7102222222225,1.9294222222222221,0.05008888888888889,1.9294222222222221,40.73434,-111.87211,309.7251111111111,13.585777777777777,877.1493333333333,129.10968888888888,1.365777777777778,434038.3111111112,2024.8422222222223,298.68666666666667,9471157.493777778,0.0010047022222222,6.434712694712694e-05,0.0007961777777777,3.476e-05,0.0003020533333333,2.367574603174604e-05,0.011439393370361265,1.216354266666667,6.251356888888889,10.603920888888888,9.958717733333334,0.4377901333333333,2.4795346222222223,4.6352704,0.0014978222222222,0.2705983111111111,6.191624933333333,0.0026697333333333,0.1352816,0.3073385777777778,0.2501867555555555,0.3590732444444445,0.0135471111111111,0.0278932888888888,0.1750893333333333,0.0407420888888888,0.0005016888888888,0.0309035555555555,0.0531527555555555,0.0287394666666666,0.0492516888888888,0.0045299111111111,5.005625,0.228,0.1669087610975067,0.058875,0.004375,0.073125,0.43325,0.20175,0.125625,0.009,0.040375,0.03834833261544462,2.657697399744613,0.9003414185188496,0.656,0.003875,0.21449999999999997,0.001492663434410695,0.073588535474455,0.05375,0.09825,1.201,0.140375,0.2568622777781912,0.016875,0.005875,0.010499999999999999,0.0095,0.25425,0.582625,0.00525,0.019,0.10459426591039862,0.587875,0.038,0.10075,0.201625,0.035125,0.05275,0.478625,0.003829642284781968,0.00825,0.04450776554438525,0.012125,0.011375,0.005,0.011806988611887458,0.018,0.014624999999999999,0.03225,0.01425,0.15725,0.03125,0.00298208551440263,0.13225,0.115125,0.01163966192806553,0.0127041688888888,0.0153134888888888,0.02425136,0.0149051466666666,0.0009313777777777,2.73909832,71100.0,71159.0,871.9313244444444,32.31949777777778,1119.5603244444444,235.77594666666667,13.297924444444446,0.16904444444444444,0.09132444444444446,50.956385559999994,51.202063835555556,51.13843377333333,52.99656768,54.17680146222222,54.607665768888886,54.08586804444444,54.74495524444445,54.695511368888894,55.39628526666667,57.001405426666665,60.54616688888889,61.88453127111111,59.140178991111114,49.37793987111112,182.61936336444444,72.26401451111111,30.611769364444445,9.399170608888888,0.9605792311111112,0.60625596,0.2936118355555556,0.1958576,0.14017708888888888,0.09504460444444444,0.07792324,0.05497333333333333,0.048128493333333335,0.04095892444444445,0.04273486666666667,0.04902780444444444,0.03222227111111111,0.027860506666666666,0.012840746666666665,0.013635097777777778,0.023578782222222223,4.8516406666666665,9389415.866666667,1981.088177777778,0.8658193739522444,0.3471676779008005,0.0,0.06701293265732029,3.258300862535691,0.0282444444444444,0.07971988726907853,0.07685104166666666,0.0135471111111111,0.2645576730710173,0.0,0.0,0.0076444444444444,0.15725,0.5251842261904762,0.0315888888888888,0.0,5.174306344804445,0.2630996702691274,0.0,0.09409911282383226,0.0,0.09825,0.19514961777328008,0.13868906218978433,0.22663131871407463,0.2335104616917554,0.04560467416603576,0.036851909068760715,0.030207056216705854,0.26479326137676906,0.02510409926874572,1.310065362663498,0.0393306794744387,0.029875249218182128,0.6012356109753552,0.5428157280880206,0.01142875,0.023756249999999902,0.7076550111409691,0.004756260530922211,0.00553271152043106,0.2644177490386278,0.05616696428571421,0.08427148564304039,0.06663624188797258,0.044956510416666665,0.0440607142857142,0.06322648429748105,0.041160362359310226,0.013484027777777722,0.14264166666666667,0.0,0.0,,,,0.002822238603617914,0.005875,0.9408208312928737,7.524185042825042,7.569671231164476,76.2447700984884,1299.3334,1224.7279,0.8059542388326449,2024-08-08 19:45:00
2024-08-08 14:00:00,82.67555555555555,1.0,0.1172352222222222,1.2098453333333334,0.00715292,0.1903336133333333,2.3577241422222217,0.008124091111111112,0.010524533333333334,0.03187937777777778,4.444102222222222e-22,3.1721555555555556e-05,4.693924444444445e-05,0.00046346533333333336,2.1637866666666664e-22,4.77476e-05,0.00226184,0.0014718622222222222,5.784035555555556e-07,0.11380044444444444,0.009034915555555556,0.021984222222222224,0.17618533333333333,4.1670488888888885e-05,3.1448133333333335e-05,0.276,1308.876,2.152622222222222,0.046177777777777776,2.152622222222222,40.73434,-111.87211,309.5971111111111,13.905333333333335,877.02,124.75884444444445,1.779111111111111,436542.3555555556,2023.7573333333332,319.46577777777776,9815555.389333332,0.0009731866666666,6.706269045769046e-05,0.0008333199999999,2.1426666666666663e-05,0.0003381866666666,2.543580952380953e-05,0.011432083225033397,1.58429602982943,6.702422101509601,11.771665560957562,10.217320266666666,0.4258250666666666,2.658431288888889,4.813235422222222,0.0019516888888888,0.2925467111111111,6.258785555555556,0.0054496888888888,0.20196257777777776,0.3381506666666666,0.2644582666666666,0.4640559111111111,0.0143187555555555,0.0290007999999999,0.2160200444444444,0.0576262222222222,0.0007444888888888,0.0344068888888888,0.0717235111111111,0.0339809777777777,0.0551936888888888,0.0046340444444444,4.966,0.229,0.295,0.06,0.004,0.073,0.433,0.202,0.124,0.009,0.041,0.094,2.327,0.777,0.661,0.004,0.204,0.0013921743300380745,0.071,0.054,0.097,1.155,0.146,0.431,0.016,0.006,0.011,0.01,0.23,0.564,0.005,0.019,0.189,0.546,0.037,0.1,0.196,0.034,0.052,0.438,0.014,0.008,0.089,0.013,0.012,0.005,0.031,0.018,0.016,0.034,0.014,0.152,0.032,0.01,0.13,0.112,0.036,0.01378588,0.0172189066666666,0.0240434,0.0149976311111111,0.0009037288888888,2.7668959822222225,72000.0,72059.0,871.8225600000001,32.63598222222222,1094.0783733333335,229.06248888888888,12.925466666666667,0.16906666666666667,0.0881688888888889,51.697848013333335,51.518535973333336,51.13791280444445,52.623142253333334,53.40376930222222,53.03593526222222,52.74566519555556,53.33090828,53.12464629333333,53.94213549777778,55.265412302222224,58.81392466222222,60.022931164444444,57.56990469777778,48.041172324444446,177.26046509777777,69.67875168444445,29.12899793777778,9.056774155555555,0.9384016000000001,0.5860384799999999,0.2898561377777778,0.19981310666666668,0.12762815555555554,0.09839136,0.07989752888888887,0.060679768888888895,0.049957302222222215,0.04240546666666667,0.04429882222222223,0.051990586666666665,0.02721172888888889,0.02841825777777778,0.014431702222222223,0.015949253333333333,0.024240075555555556,5.128427422222222,9744977.111111112,1979.480888888889,0.8598985433249302,0.4656889512583327,0.0,0.06716454153926547,2.5944848945342787,0.0282444444444444,0.07988931337842302,0.0769,0.0143187555555555,0.2650982365886286,0.0,0.0,0.0076444444444444,0.152,0.5261775510204082,0.0315888888888888,0.0,5.29407316390785,0.32033796535922415,0.0,0.09345858170035314,0.0,0.097,0.19925067327631363,0.13582457839005943,0.22125455681252326,0.23025123199684694,0.04673288967577972,0.03735076678642107,0.029781322540146062,0.24522044003110322,0.02570725450570557,1.2715481594356173,0.03912336602041291,0.030034142971271778,0.5747372389234999,0.5151565025633802,0.011468571428571429,0.023794285714285615,0.6957086122766525,0.004981657385797447,0.005774079344328273,0.2520328183813467,0.056244897959183596,0.08379228487610506,0.06624660663969442,0.04504107142857143,0.04410816326530604,0.062394566043252414,0.04078293055011832,0.013478571428571371,0.1426285714285714,0.0,0.0,,,,0.002946681778461681,0.006,1.158472232622944,7.973927857253745,8.444643103821443,85.0,1330.0,1229.9026,0.8991883832401312,2024-08-08 20:00:00
2024-08-08 14:15:00,87.87555555555556,1.0,0.0999970993650793,1.327130687936508,0.0071807028571428,0.2127571015873016,2.322156007301587,0.007829141777777777,0.010485066666666666,0.03178937777777778,3.31244e-22,3.1390355555555555e-05,4.657831111111111e-05,0.00045991022222222224,1.6077733333333332e-22,4.6834000000000006e-05,0.002247893333333333,0.0014637866666666667,5.701542222222222e-07,0.11356800000000002,0.008989786666666666,0.021950044444444445,0.17587111111111112,4.130462222222222e-05,3.082182222222222e-05,0.276,1309.5066666666667,2.031822222222222,0.04284444444444445,2.031822222222222,40.73434533333333,-111.87211,310.58599999999996,13.395555555555555,876.9595555555555,155.63257777777778,1.6293333333333335,436040.5777777778,2024.6182222222224,311.1195555555556,9449228.255555555,0.0008833755555555,6.977825396825396e-05,0.0009787453968253,1.992944444444444e-05,0.0003558657142857,2.7195873015873022e-05,0.01142477307970553,1.216685866011766,6.012813577237578,11.541230571835571,9.999662311111113,0.4253036444444444,2.597740577777778,4.674684,0.0011223111111111,0.2812330222222222,6.403440533333334,0.0040412444444444,0.18710866666666667,0.3270592444444444,0.2336910222222222,0.3746696888888889,0.0103342666666666,0.0220079111111111,0.1628932444444444,0.0357435111111111,0.0016378025727358334,0.0288699111111111,0.0529441777777777,0.0269943111111111,0.0697279111111111,0.0042150666666666,4.7463750000000005,0.213375,0.15962510817023737,0.053375,0.003875,0.072875,0.432375,0.201125,0.117875,0.009,0.036875000000000005,0.03568431025350503,2.6532719396585733,0.9577329813452764,0.617125,0.003625,0.20537499999999997,0.001291685225665454,0.07920724935341686,0.048375,0.08700000000000001,1.0745,0.130375,0.26861861697080675,0.0175,0.006,0.010124999999999999,0.009375,0.214625,0.51725,0.0045000000000000005,0.018,0.09734762073312375,0.5185000000000001,0.0335,0.08950000000000001,0.1775,0.030875000000000003,0.04675,0.4,0.0031500993192185574,0.00775,0.041388399020484024,0.01175,0.01125,0.004625,0.009215143366045356,0.01625,0.01430721988966342,0.030500000000000003,0.012875000000000001,0.136875,0.02875,0.0023467235880525387,0.11787500000000001,0.101,0.009334458660453352,0.0146851098412698,0.0168951739682539,0.0225928317460317,0.0152298641269841,0.0008595974603174,3.284823030793651,72900.0,72959.0,871.7694444444444,32.86891555555555,1104.0274977777779,230.69704,13.042097777777776,0.16932444444444444,0.08851111111111111,52.41517776888889,52.13479228888889,51.69346446666667,52.95836404,53.89846601777778,53.766489102222216,53.20894158666667,53.715811315555555,53.15126377777778,54.365491622222216,55.894668848888884,59.579733293333334,60.84147710222223,58.43817370222222,48.520835022222215,178.76654607999998,69.93512445777779,29.107700693333335,8.974741782222223,0.9096709599999999,0.5693876711111111,0.3107034222222222,0.19607798222222222,0.14241833333333334,0.09469786666666667,0.07643969777777777,0.061456399999999994,0.04480804888888889,0.04149992444444444,0.041555808888888886,0.048500777777777775,0.03304778666666667,0.029832244444444444,0.014153902222222221,0.018347791111111112,0.027516195555555557,5.266561511111111,9393266.844444444,1981.2828444444444,0.7949928339953162,0.3671401582243937,0.0,0.06731615042121065,3.2625835582586333,0.0282444444444444,0.08005873948776751,0.07694895833333333,0.0103342666666666,0.26563880010623986,0.0,0.0,0.0076444444444444,0.136875,0.5271708758503402,0.0315888888888888,0.0,5.507375917091805,0.27872757807117293,0.0,0.08449114597164521,0.0,0.08700000000000001,0.18785885243455377,0.12574159541502775,0.20357098433630982,0.212687605307618,0.0444764586562918,0.034058305849862726,0.02680118680422753,0.23281086773462437,0.02309358181221289,1.204143053786826,0.038190455477296846,0.02645903352675467,0.5573353229491472,0.48928448853417805,0.011508392857142858,0.023832321428571328,0.665722349355482,0.004587212889765784,0.005351685652508152,0.25365465453884783,0.05632283163265299,0.07708347413901041,0.060791713163800186,0.04512563244047619,0.04415561224489788,0.05791145100657587,0.04033155005254641,0.013473115079365022,0.14261547619047618,0.0,0.0,,,,0.003071124953305448,0.006,0.9410169847860803,7.286341074051917,8.271981957270823,82.31852742648961,1330.0,1232.7985,0.8708929441904938,2024-08-08 20:15:00
2024-08-08 14:30:00,90.34266666666667,1.0,0.1119030038095238,1.4695889742857144,0.0074174161904761,0.2425523488888889,2.283609899047619,0.007197346222222223,0.010427955555555556,0.031658622222222224,2.200853333333333e-22,3.092902222222222e-05,4.6069555555555555e-05,0.00045493022222222227,1.0630155555555553e-22,4.557568888888889e-05,0.0022281644444444443,0.0014523866666666667,5.587253333333333e-07,0.11323066666666666,0.008925653333333334,0.021901244444444447,0.17539999999999997,4.078924444444445e-05,2.9960088888888892e-05,0.276,1309.2715555555556,2.164266666666667,0.044088888888888886,2.164266666666667,40.73435,-111.87211,310.54066666666665,13.837777777777777,876.8537777777777,148.38115555555558,1.9906666666666666,437485.1111111111,2028.8795555555555,320.0613333333333,9616462.505333332,0.0008793158730158,5.143145743145743e-05,0.0009735095238095,1.843222222222222e-05,0.000310306031746,6.831619047619047e-05,0.011417462934377662,2.352558177777778,8.414771555555555,14.709808888888888,10.135038622222222,0.4281722666666666,2.642271911111111,4.929315866666667,0.0009764444444444,0.2869930222222222,6.676998977777777,0.0053504,0.15930977777777777,0.3316835999999999,0.2398541333333333,0.3641564888888889,0.0069267111111111,0.0203697777777777,0.1573395555555555,0.0356078222222222,0.002531116256582867,0.0294675555555555,0.080824,0.0215582222222222,0.0692926666666666,0.0035793777777777,4.52675,0.19775,0.1623464156367457,0.04675,0.00375,0.07275,0.43174999999999997,0.20025,0.11175,0.009,0.03275,0.03447120402526704,2.7374610493906175,0.9990091968491324,0.57325,0.0032500000000000003,0.20675,0.0011911961212928337,0.08052479764833188,0.042749999999999996,0.077,0.994,0.11474999999999999,0.2606939424951552,0.019,0.006,0.00925,0.00875,0.19925,0.4705,0.004,0.017,0.09404774212700627,0.49100000000000005,0.03,0.079,0.159,0.027750000000000004,0.041499999999999995,0.362,0.003131652786214812,0.0075,0.03996794436801384,0.010499999999999999,0.0105,0.00425,0.009144786433090593,0.014499999999999999,0.012614439779326839,0.027000000000000003,0.01175,0.12175,0.025500000000000002,0.0023294763714118327,0.10575000000000001,0.09,0.009271882767079055,0.0157118466666666,0.0167145349206349,0.0221960139682539,0.0156748139682539,0.0008595812698412,3.645602846349206,73800.0,73859.0,871.65848,33.20868888888889,1131.6272666666666,235.66608,13.250555555555556,0.16854222222222223,0.09006222222222222,54.22674189777778,53.67122958666666,53.1127554,54.13157883555555,55.27999402666667,54.88274953333333,54.35035024444445,54.87996777777778,54.71192301777778,55.52860232,57.23654068444444,61.07766241333333,62.68691807555556,60.32388405777778,50.29821225777778,182.9495812488889,71.15172517777778,29.278516111111113,9.188323866666668,0.93012332,0.5669002266666666,0.30142488888888885,0.19587187111111112,0.13928718222222222,0.09720079555555557,0.07019814222222222,0.06005856,0.049671195555555554,0.04110434222222222,0.04445212,0.04554263111111111,0.03193124888888889,0.028194351111111113,0.014798977777777778,0.016555959999999998,0.026801266666666667,5.434974,9544111.288888888,1984.508755555556,0.7300871246657021,0.38150443689853275,0.0,0.06746775930315584,3.3335540842080604,0.0282444444444444,0.080228165597112,0.07699791666666667,0.0069267111111111,0.26617936362385114,0.0,0.0,0.0076444444444444,0.12175,0.5281642006802721,0.0315888888888888,0.0,5.750859332746667,0.2899672247813091,0.0,0.07552371024293729,0.0,0.077,0.17646703159279392,0.11565861243999606,0.1858874118600964,0.19512397861838904,0.04222002763680388,0.030765844913304388,0.023821051068308993,0.22040129543814552,0.02047990911872021,1.1367379481380349,0.03725754493418079,0.022883924082237567,0.5399334069747945,0.4634124745049759,0.011548214285714287,0.023870357142857044,0.6357360864343116,0.00419276839373412,0.00492929196068803,0.25527649069634895,0.05640076530612237,0.07037466340191577,0.05533681968790595,0.04521019345238095,0.04420306122448971,0.05342833596989932,0.0398801695549745,0.013467658730158674,0.14260238095238095,0.0,0.0,,,,0.0031955681281492154,0.006,1.6129282086243393,9.681257177273043,10.64614556516041,84.59705867794158,1330.0,1233.8441,0.8063663189050089,2024-08-08 20:30:00
2024-08-08 14:45:00,95.72711111111111,1.0,0.0932223704761904,1.5428717653968256,0.0068981215873015,0.2562727873015873,2.2678425130158733,0.007086588888888888,0.010353244444444444,0.031486711111111114,1.308145333333333e-22,3.0336311111111112e-05,4.5411688888888895e-05,0.00044846266666666664,6.270515555555555e-23,4.3986844444444446e-05,0.0022024266666666667,0.0014375022222222222,5.441755555555556e-07,0.11278133333333333,0.008841835555555556,0.02183448888888889,0.1747631111111111,4.012711111111111e-05,2.8873866666666668e-05,0.276,1308.9866666666667,2.566222222222222,0.042444444444444444,2.566222222222222,40.73434653333333,-111.87211,310.5371111111111,13.858666666666666,876.784,135.43013333333334,1.5093333333333334,435976.93333333335,2033.1924444444444,312.616,9566695.159555556,0.0009604717460317,7.203111111111112e-05,0.0010502473015873,1.6935e-05,0.0002848282539682,0.0001683876190476,0.011410152789049794,1.1785976888888887,6.352777777777779,11.81390088888889,10.000159195624748,0.4276168791097791,2.581235679146779,4.775586543743293,0.0009934205923705,0.287311346022496,6.751162593989344,0.0032284188367188,0.11349630222925224,0.3379494793835793,0.2594840081104081,0.3654291372257372,0.0108402845062345,0.0318604439523439,0.1379950099474599,0.0277836163373663,0.0034244299404299,0.0317583888259888,0.0440592743534243,0.0218773428978428,0.0636189486698486,0.0038627633033633,4.307125,0.182125,0.17101394147465768,0.040124999999999994,0.003625,0.072625,0.431125,0.19937500000000002,0.105625,0.009,0.028625,0.03024572628801665,2.8226687173964393,0.9646407311142249,0.529375,0.002875,0.208125,0.0010907070169202135,0.08231004071599789,0.037125,0.067,0.9135,0.09912499999999999,0.26165324354445535,0.0205,0.006,0.008375,0.008125,0.183875,0.42374999999999996,0.0035,0.016,0.08255364271410416,0.4635,0.0265,0.0685,0.1405,0.024625,0.03625,0.324,0.0020679734144921046,0.00725,0.035020232971375166,0.00925,0.00975,0.003875,0.005087806282594788,0.01275,0.01092165966899026,0.0235,0.010624999999999999,0.106625,0.02225,0.001334952980125943,0.093625,0.079,0.005663579410787376,0.0168055457142857,0.0174719298412698,0.0233989501587301,0.0162625006349206,0.0007861485714285,4.131425677777778,74700.0,74759.0,871.5503111111112,33.48220888888889,1142.7339777777777,238.24355111111112,13.391657777777777,0.16846666666666668,0.09102666666666666,53.60874561333333,53.39540240444445,52.95902775555555,54.52385799111111,55.59416472,55.57481550666667,55.028528915555555,55.35048216444444,55.48774074666667,56.26461123111111,58.05274217333333,62.20281080444445,63.839024862222224,61.36262079555556,51.16873351555556,184.87940563111113,72.05987350666666,29.408132048888888,9.260167693333333,0.9440550533333333,0.6113959644444444,0.2951469288888889,0.20515496444444445,0.13920036444444445,0.09558712,0.07388098666666668,0.05235411111111111,0.047376404444444443,0.034073884444444445,0.04343249777777778,0.05382297333333333,0.03603239111111111,0.02529532,0.015495706666666666,0.013748871111111111,0.02723910222222222,5.564741022222222,9481971.155555556,1989.015377777778,0.665181415336088,0.36954408119749493,0.0,0.06761936818510103,3.4327004457630323,0.0282444444444444,0.0803975917064565,0.077046875,0.0108402845062345,0.26671992714146237,0.0,0.0,0.0076444444444444,0.106625,0.5291575255102041,0.0315888888888888,0.0,5.8940255916933335,0.2806085806296016,0.0,0.06655627451422937,0.0,0.067,0.16507521075103407,0.10557562946496436,0.16820383938388297,0.1775603519291601,0.039963596617315966,0.02747338397674605,0.02084091533239046,0.20799172314166664,0.017866236425227527,1.0693328424892439,0.03632463439106473,0.01930881463772046,0.5225314910004419,0.4375404604757738,0.011588035714285716,0.02390839285714276,0.6057498235131411,0.003798323897702457,0.0045068982688679085,0.25689832685385,0.05647869897959176,0.06366585266482111,0.04988192621201171,0.045294754464285714,0.04425051020408155,0.048945220933222774,0.03942878905740259,0.013462202380952323,0.1425892857142857,0.0,0.0,,,,0.0033200113029929826,0.006,0.9184863944729741,7.62530859377621,8.47628934024305,89.56992953208326,1330.0,1233.4381,0.8014839050513894,2024-08-08 20:45:00
2024-08-08 15:00:00,95.17777777777778,1.0,0.0978417806349206,1.463253932380952,0.0066727374603174,0.2281688047619047,2.364690822222222,0.0071936004444444444,0.010258177777777776,0.031266044444444446,7.020653333333333e-23,2.9611333333333332e-05,4.459871111111111e-05,0.0004404795555555555,3.325097777777778e-23,4.208733333333334e-05,0.002170293333333333,0.0014188711111111111,5.266137777777778e-07,0.11219022222222222,0.008736728888888889,0.021745288888888888,0.17391777777777775,3.931133333333333e-05,2.7577199999999997e-05,0.276,1308.816888888889,2.7362666666666664,0.045200000000000004,2.7362666666666664,40.73434013333334,-111.87211,311.34999999999997,13.796444444444443,876.64,109.8888,1.216888888888889,433376.5777777778,2050.54,295.2511111111111,10374856.301333334,0.001062938095238,6.85968253968254e-05,0.0012792984126984,1.543777777777778e-05,0.0002908968253968,0.0002181038095238,0.011402842643721926,0.6357173777777778,4.754018666666667,9.32621111111111,10.616716974514372,0.4301001826932327,2.391134423778074,4.267587164820365,0.0018219312317312,0.3648817656491657,23.712323793277097,0.0096510277999778,0.10772083945128945,0.3203738828708328,0.4436020500592,0.3722288098919598,0.0540832565379065,0.0147389286972286,1.342649478978429,0.0654020061013061,0.0059679888315388,0.0607892115107115,0.0832992249084249,0.0453798091223591,0.0366514758574758,0.0034299124412624,4.0875,0.1665,0.2523108373509705,0.0335,0.0035,0.0725,0.4305,0.1985,0.0995,0.009,0.0245,0.293381430950901,3.1653960151708773,0.884482521662902,0.48550000000000004,0.0025,0.2095,0.0009902179125475929,0.07730248951469286,0.0315,0.057,0.833,0.08349999999999999,0.26677872317204726,0.022,0.006,0.0075,0.0075,0.1685,0.377,0.003,0.015,0.7983325762572159,0.43600000000000005,0.023,0.058,0.122,0.021500000000000002,0.031,0.28600000000000003,0.007182090524673994,0.007,0.3431320266617827,0.008,0.009000000000000001,0.0035,0.024593563520056472,0.011,0.009228879558653678,0.02,0.0095,0.0915,0.019,0.006116571602299612,0.0815,0.068,0.02301212110832124,0.0169746898412698,0.0162664692063492,0.0251746806349206,0.0154248022222222,0.0006465676190476,4.001741283809524,75600.0,75659.0,871.4224311111112,33.64507555555556,1119.2387777777776,233.41765333333333,13.102977777777777,0.16818666666666668,0.08862666666666666,50.00016535555555,50.42796757777777,50.47116865333333,52.71012124444444,53.8619289511111,54.36465748444445,53.95131259555556,54.61403003555555,54.82319267555555,55.91048189777778,57.852959426666665,61.98566296,63.80519287555556,61.28119428,50.95937981777777,182.7257603688889,69.96648243555555,28.154501675555554,8.778062386666667,0.9046281466666667,0.5661931333333333,0.2983777733333334,0.1907866666666667,0.1159937911111111,0.0921356,0.06647587555555555,0.057715102222222224,0.04501790666666667,0.03886640444444445,0.04326067555555556,0.05072102222222222,0.03294293777777778,0.03197519111111111,0.016599475555555555,0.01739347111111111,0.02546744,5.408246222222222,10258729.333333332,2004.7704,0.600275706006474,0.34164872198096863,0.0,0.06777097706704621,3.7793132862733074,0.0282444444444444,0.08056701781580099,0.07709583333333334,0.0540832565379065,0.26726049065907365,0.0,0.0,0.0076444444444444,0.0915,0.5301508503401361,0.0315888888888888,0.0,5.739846184763431,0.2587812414670322,0.0,0.05758883878552144,0.0,0.057,0.15368338990927422,0.09549264648993268,0.15052026690766956,0.15999672523993114,0.03770716559782805,0.024180923040187707,0.017860779596471928,0.1955821508451878,0.015252563731734847,1.0019277368404527,0.03539172384794867,0.015733705193203357,0.5051295750260892,0.41166844644657163,0.011627857142857143,0.023946428571428473,0.5757635605919706,0.0034038794016707933,0.004084504577047786,0.2585201630113511,0.05655663265306115,0.056957041927726465,0.04442703273611748,0.04537931547619047,0.04429795918367339,0.04446210589654623,0.03897740855983068,0.013456746031745974,0.14257619047619047,0.0,0.0,,,,0.0034444544778367498,0.006,0.5973522577765397,6.031236601287499,6.6123043137938655,82.0,1289.1666,1231.3693,0.8233745759918282,2024-08-08 21:00:00
2024-08-08 15:15:00,93.16977777777778,1.0,0.0782405657142857,1.2789466187301586,0.0057199212698412,0.1852911923809524,2.126353793333333,0.006785248444444445,0.010138666666666666,0.030986755555555558,3.4415422222222223e-23,2.87388e-05,4.3609333333333336e-05,0.00043079688888888887,1.6002346666666666e-23,3.98824e-05,0.002131088888888889,0.0013958133333333332,5.058648888888889e-07,0.11142666666666666,0.008606599999999999,0.021627955555555557,0.17283688888888887,3.8330488888888886e-05,2.6073822222222222e-05,0.276,1308.451111111111,2.7326222222222225,0.048,2.7326222222222225,40.73434,-111.87211,311.26377777777776,12.9,876.4848888888888,103.91857777777777,0.9359999999999999,431825.8666666667,2044.8373333333332,273.71200000000005,9637032.350222224,0.0009878704761904,6.259460317460316e-05,0.0010294177777777,2.3733333333333336e-06,0.0002051688888888,1.2753968253968265e-05,0.011395532498394059,0.5845953777777778,4.169576888888889,8.06837288888889,9.082725844444443,0.4227718253968254,1.828095565079365,3.0444312349206357,0.0011337047619047,0.296792946031746,20.400304726984128,0.0074209523809523,0.09766687936507937,0.256569692063492,0.3696479142857143,0.2406581206349206,0.0473731714285714,0.01003604212639205,1.1846493873015873,0.0467048825396825,0.0012388031746031,0.0422496,0.0680373936507936,0.035523292063492,0.0246944126984126,0.0028224095238095,3.867875,0.150875,0.21965655962803052,0.026874999999999996,0.003375,0.072375,0.429875,0.197625,0.093375,0.009,0.020375,0.2588690736492844,3.052731177147102,0.7850556499514165,0.44162500000000005,0.002125,0.21087499999999998,0.0008897288081749729,0.05912371805200714,0.025875000000000002,0.047,0.7525,0.067875,0.1676029362661443,0.0235,0.006,0.006625,0.006875,0.153125,0.33025,0.0025,0.013999999999999999,0.7044524305162249,0.40850000000000003,0.0195,0.0475,0.1035,0.018375000000000002,0.025750000000000002,0.248,0.004640267758795193,0.00675,0.3027206946978874,0.006750000000000001,0.00825,0.003125,0.014898795734396224,0.00925,0.007536099448317098,0.0165,0.008375,0.076375,0.01575,0.003740007513183793,0.069375,0.05700000000000001,0.014389534395593255,0.0155213184126984,0.0143520234920634,0.0258522993650793,0.0138724047619047,0.0005004104761904,3.646799970476191,76500.0,76559.0,871.2541733333333,33.87852888888889,1078.3213333333333,224.76472,12.601373333333333,0.1680088888888889,0.08492444444444444,46.86177258666667,47.903916871111115,48.235420360000006,50.486584640000004,51.88176364444444,52.25962756,52.27509019111111,52.80744371111111,53.31445550666667,54.14138483111112,56.099404817777774,60.45677220444444,62.111835928888894,59.75372707555555,49.45425797777777,175.57472338666668,66.87952858666667,26.988218497777776,8.325567582222222,0.8736975733333333,0.5520915022222223,0.2592734222222222,0.1822056088888889,0.12521511999999999,0.09411413333333332,0.07228583111111112,0.061559053333333336,0.04641735555555556,0.03421651111111111,0.04485866666666667,0.04933857333333334,0.030003955555555555,0.023436497777777777,0.01901892888888889,0.016997484444444443,0.025039977777777778,4.621736844444444,9613545.11111111,2001.3355555555556,0.5353699966768599,0.3070477956235551,0.0,0.06792258594899139,3.7037461958048112,0.0282444444444444,0.08073644392514548,0.07714479166666667,0.0473731714285714,0.2678010541766849,0.0,0.0,0.0076444444444444,0.076375,0.5311441751700681,0.0315888888888888,0.0,4.68098854100286,0.23170698337700124,0.0,0.04862140305681352,0.0,0.047,0.14229156906751436,0.085409663514901,0.13283669443145613,0.1424330985507022,0.03545073457834014,0.02088846210362937,0.014880643860553395,0.18317257854870894,0.012638891038242166,0.9345226311916615,0.034458813304832615,0.01215859574868625,0.48772765905173654,0.3857964324173695,0.011667678571428572,0.023984464285714185,0.5457772976708002,0.0030094349056391297,0.003662110885227665,0.2601419991688522,0.056634566326530536,0.05024823119063182,0.038972139260223235,0.04546387648809523,0.044345408163265224,0.03997899085986968,0.038526028062258764,0.013451289682539624,0.14256309523809524,0.0,0.0,,,,0.003568897652680517,0.006,0.5671116706707106,5.448508244825848,5.669826826101621,87.20807242149876,1201.6666,1228.1588,0.7883773434857487,2024-08-08 21:15:00
2024-08-08 15:30:00,84.71688888888889,1.0,0.0576570263492063,0.8625687177777778,0.004423166031746,0.1094508285714285,1.9052980606349208,0.005666776888888889,0.009995475555555555,0.030640666666666667,1.5946053333333333e-23,2.7720977777777777e-05,4.24392e-05,0.00041936355555555557,7.196675555555555e-24,3.7383111111111114e-05,0.002084311111111111,0.0013683644444444443,4.820275555555556e-07,0.11047688888888889,0.008450173333333333,0.021478755555555555,0.17147955555555555,3.7178088888888894e-05,2.4376355555555554e-05,0.276,1308.6493333333333,2.359111111111111,0.04964444444444445,2.359111111111111,40.73434,-111.87211,311.09088888888886,12.326222222222222,876.324,108.47186666666667,0.4888888888888889,427510.9333333333,2018.847111111111,235.94577777777775,8777106.130666666,0.0008481498412698,8.541650793650793e-05,0.000940165079365,2.113142857142857e-05,0.0001535234920634,3.46704761904762e-05,0.01138822235306619,0.3579166666666667,2.682994666666666,5.549041333333333,7.178650044444444,0.3936571555555555,1.2879902222222224,2.053740488888889,4.453333333333333e-05,0.1841077333333333,4.185237155555558,0.0044465333333333,0.16772071111111111,0.2041416444444444,0.1753459999999999,0.1897006666666666,0.0091888888888888,0.0053331555555555,0.1073047111111112,0.0289683555555555,0.0020844888888888,0.0266174666666666,0.0610744444444444,0.0242731111111111,0.0114251111111111,0.0017027111111111,3.64825,0.13525,0.13386299845900984,0.020249999999999997,0.0032500000000000003,0.07225,0.42925,0.19675,0.08725,0.009,0.01625,0.02354196714526988,2.539254877719621,0.6107226743450402,0.39775,0.0017499999999999998,0.21225,0.0007892397038023525,0.044186180504053214,0.020249999999999997,0.037000000000000005,0.672,0.052250000000000005,0.12919205900646974,0.025,0.006,0.00575,0.00625,0.13774999999999998,0.2835,0.002,0.013,0.06431814868993653,0.381,0.016,0.037000000000000005,0.08499999999999999,0.01525,0.020499999999999997,0.21000000000000002,0.0022290354680479653,0.006500000000000001,0.027170643511113982,0.0055000000000000005,0.0075,0.00275,0.0057021131608187645,0.0075,0.005843319337980518,0.012999999999999998,0.0072499999999999995,0.06125,0.012499999999999997,0.001485543453127615,0.057249999999999995,0.046,0.00620994776563815,0.0124031425396825,0.0120093285714285,0.0307723006349206,0.0106927926984126,0.0003629495238095,2.610563982222222,77400.0,77459.0,871.0951288888889,34.02560888888889,986.52296,203.23743555555558,11.154342222222223,0.16449777777777777,0.07612444444444444,42.86586741777778,43.859367382222224,44.75604998666667,46.59675668888888,48.36387516444445,48.75814981777778,48.70761844888889,49.03498686666667,49.147011760000005,50.09920064888889,51.854490515555554,55.208638377777774,56.48682957777778,54.38761580888889,44.71531948444444,157.72112148888888,60.023226377777775,24.37369365777778,7.465319671111112,0.7735266266666667,0.4635816755555556,0.2181481511111111,0.16323944444444444,0.10142833777777778,0.06925412,0.05715432888888889,0.04280925333333333,0.036063431111111106,0.026261453333333334,0.031453555555555554,0.040587359999999996,0.022666657777777776,0.013511884444444445,0.010050831111111111,0.012288017777777778,0.01581112888888889,3.5678845333333333,8733668.666666666,1978.531155555556,0.4704642873472458,0.24637926259227602,0.0,0.06807419483093657,3.202045991981329,0.0282444444444444,0.08090587003448997,0.07719375,0.0091888888888888,0.2683416176942962,0.0,0.0,0.0076444444444444,0.06125,0.5321375,0.0315888888888888,0.0,3.764834916875556,0.18423555141979064,0.0,0.0396539673281056,0.0,0.037000000000000005,0.1308997482257545,0.0753266805398693,0.11515312195524269,0.12486947186147324,0.03319430355885222,0.01759600116707103,0.011900508124634859,0.17076300625223007,0.010025218344749485,0.8671175255428702,0.033525902761716554,0.008583486304169143,0.47032574307738384,0.3599244183881674,0.011707500000000001,0.024022499999999898,0.5157910347496296,0.002614990409607466,0.0032397171934075435,0.2617638353263533,0.05671249999999992,0.043539420453537175,0.033517245784329,0.0455484375,0.04439285714285706,0.035495875823193135,0.038074647564686856,0.013445833333333275,0.14254999999999998,0.0,0.0,,,,0.003693340827524284,0.006,0.4330226814216082,3.9662842696772973,3.7821331360904185,79.40130141242564,1114.1666,1224.8799,0.6706107277746833,2024-08-08 21:30:00
2024-08-08 15:45:00,82.42711111111112,1.0,0.0615400755555555,0.7329896888888889,0.0041419555555555,0.0925829333333333,1.95599468,0.006261477777777778,0.009827653333333332,0.03023568888888889,7.599973333333333e-24,2.6598666666666667e-05,4.1128800000000005e-05,0.00040655644444444444,3.2782400000000002e-24,3.472995555555555e-05,0.0020314400000000002,0.0013369822222222224,4.562715555555556e-07,0.10934222222222223,0.008271364444444445,0.021304,0.169852,3.589831111111111e-05,2.2577422222222223e-05,0.276,1308.98,1.9727999999999999,0.04933333333333333,1.9727999999999999,40.734340933333335,-111.87211,311.1144444444444,12.451555555555556,876.096888888889,110.37075555555556,0.8288888888888889,427290.8888888889,2007.3204444444443,240.932,8841000.00088889,0.0007550177777777,9.730666666666667e-05,0.0010485911111111,4.386666666666667e-05,0.0002118222222222,0.00015604,0.011380912207738323,0.4619982222222222,3.202488888888889,5.916239111111112,7.668379288888889,0.3913581777777777,1.3179057333333333,2.073378933333333,0.0003900888888888,0.2041667111111111,4.183822666666669,0.0036065777777777,0.20901306666666666,0.2546792888888889,0.1830005777777777,0.2026994666666666,0.0093267555555555,0.0044771851851851336,0.1274133777777779,0.0347156888888888,0.0041647555555555,0.0305430222222222,0.0741192888888888,0.0303164888888888,0.0082164888888888,0.0010291111111111,3.4286250000000003,0.11962500000000001,0.1372428595850054,0.013624999999999998,0.003125,0.072125,0.428625,0.19587500000000002,0.081125,0.009,0.012125,0.027934353766655803,2.311528077458803,0.6337396166253606,0.353875,0.001375,0.213625,0.0006887505994297321,0.05858511381851389,0.014624999999999999,0.026999999999999996,0.5915,0.036625000000000005,0.1389903372256703,0.026500000000000003,0.006,0.004875,0.005625,0.122375,0.23675000000000002,0.0015,0.012,0.07626627186688262,0.35350000000000004,0.0125,0.026499999999999996,0.0665,0.012125,0.01525,0.172,0.0030103697017129474,0.00625,0.03231379245105279,0.00425,0.00675,0.002375,0.008682200545373255,0.00575,0.004150539227643937,0.009499999999999998,0.006125,0.046125,0.009249999999999998,0.002216078605401709,0.045125,0.035,0.008860456003992809,0.0121869911111111,0.01478176,0.0393112311111111,0.0104736,0.0004054844444444,2.3659189199999995,78300.0,78359.0,870.8825377777778,33.91717777777778,985.1824488888889,203.31167555555555,11.106644444444445,0.1636088888888889,0.07630666666666668,41.84363046222222,43.45048624444444,44.27216120888889,46.587488959999995,48.37070892444444,48.731833484444444,48.767126097777776,49.39479896444445,49.383897919999995,50.37037519111111,52.05852910666667,55.61177189777778,56.416057493333334,53.94224832,44.22073277333333,156.57116783555554,60.65857622222222,24.960319755555556,7.527944662222223,0.7477040088888889,0.46172523555555556,0.22334322666666667,0.15960223555555555,0.10529618222222223,0.06306491555555556,0.05226371111111112,0.03869532888888889,0.03253127555555556,0.024832431111111112,0.030908093333333334,0.03844838666666666,0.01866913333333333,0.012686844444444446,0.00956656,0.010406124444444444,0.012901093333333334,3.5100354222222223,8769786.622222222,1966.124,0.40555857801763173,0.25438924531732043,0.0,0.06822580371288176,2.9290867178459763,0.0282444444444444,0.08107529614383446,0.07724270833333333,0.0093267555555555,0.26888218121190743,0.0,0.0,0.0076444444444444,0.046125,0.533130824829932,0.0315888888888888,0.0,3.8298033965822222,0.19050313909517308,0.0,0.030686531599397673,0.0,0.026999999999999996,0.11950792738399466,0.06524369756483761,0.09746954947902926,0.10730584517224429,0.0309378725393643,0.014303540230512689,0.008920372388716326,0.15835343395575122,0.007411545651256804,0.799712419894079,0.0325929922186005,0.005008376859652039,0.45292382710303114,0.33405240435896527,0.01174732142857143,0.024060535714285614,0.48580477182845916,0.0022205459135758027,0.002817323501587422,0.2633856714838544,0.05679043367346931,0.036830609716442524,0.028062352308434763,0.04563299851190476,0.0444403061224489,0.03101276078651659,0.03762326706711495,0.013440376984126926,0.14253690476190475,0.0,0.0,,,,0.0038177840023680513,0.006,0.49459083890543043,4.484255478816258,4.057268390348128,77.28654857375143,1026.6666,1221.0375,0.7570066365511642,2024-08-08 21:45:00
2024-08-08 16:00:00,79.26222222222222,1.0,0.0625866266666666,0.5976011911111111,0.0034440355555555,0.0742641688888888,2.006276902222222,0.007697173777777778,0.009632986666666668,0.029759288888888888,3.848591111111111e-24,2.5354844444444442e-05,3.9648355555555556e-05,0.0003921382222222222,1.5742e-24,3.192591111111111e-05,0.0019711333333333335,0.0013008933333333334,4.2838577777777775e-07,0.107988,0.008065324444444445,0.02108813333333333,0.1678982222222222,3.447306666666667e-05,2.06836e-05,0.276,1309.6297777777777,1.376711111111111,0.04857777777777778,1.376711111111111,40.7343404,-111.87211,311.726,12.506222222222222,875.9186666666666,100.33902222222223,0.7653333333333333,425714.0888888888,1997.8306666666665,242.60355555555557,9138058.721333332,0.0008159333333333,8.204536907536907e-05,0.0009885555555555,6.024e-05,0.0002243733333333,0.0001397244444444,0.011373602062410455,0.5131570412698413,2.9840407936507938,5.461103365079365,7.394903733333334,0.3948810222222222,1.2448431111111111,1.9825538222222223,0.0004495555555555,0.2078383111111111,4.9795830666666685,0.0079464888888888,0.2412109777777778,0.2782334666666666,0.1774413333333333,0.1450483555555555,0.0101007555555555,0.003621214814814767,0.1801861333333334,0.0347002222222222,0.0033170666666666,0.0496452444444444,0.1056546666666666,0.0378180888888888,0.0075716888888888,0.0019072,3.209,0.104,0.145,0.007,0.003,0.072,0.428,0.195,0.075,0.009,0.008,0.019,1.553,0.196,0.31,0.001,0.215,0.0005882614950571117,0.063,0.009,0.017,0.511,0.021,0.087,0.028,0.006,0.004,0.005,0.107,0.19,0.001,0.011,0.055,0.326,0.009,0.016,0.048,0.009,0.01,0.134,0.002,0.006,0.02,0.003,0.006,0.002,0.008,0.004,0.0024577591173073564,0.006,0.005,0.031,0.006,0.002,0.033,0.024,0.006,0.0100730133333333,0.0156002044444444,0.0413790711111111,0.0097638888888888,0.0004074933333333,2.1327825866666665,79200.0,79259.0,870.7148622222222,33.888262222222224,974.3904044444445,201.37804444444447,10.981706666666666,0.16344,0.07590666666666666,40.82356633333334,42.45793281333333,43.42664187111111,46.24414846222223,47.74624444888889,48.407353879999995,48.25430299111111,48.90033672,49.05952096,49.965590222222225,51.78228551555556,54.97910412888889,56.014663866666666,53.550189555555555,43.72752807555556,154.41488193777778,59.97586603111111,25.08083677333333,7.545649808888888,0.76289416,0.44728406666666665,0.2313279377777778,0.1605438088888889,0.09855354666666667,0.06718112888888889,0.049028626666666665,0.03910015111111111,0.030286928888888887,0.027402706666666665,0.026248186666666666,0.033635462222222225,0.016105586666666668,0.01382319111111111,0.009879395555555556,0.008077084444444445,0.012458777777777779,3.391357466666667,9091566.8,1956.475288888889,0.3406528686880177,0.23302029588363093,0.0,0.06837741259482694,1.8384055903810643,0.0282444444444444,0.08124472225317896,0.07729166666666666,0.0101007555555555,0.2694227447295187,0.0,0.0,0.0076444444444444,0.031,0.534124149659864,0.0315888888888888,0.0,3.5913370605812966,0.1665207281689427,0.0,0.02171909587068975,0.0,0.017,0.1081161065422348,0.05516071458980592,0.07978597700281584,0.08974221848301533,0.028681441519876387,0.01101107929395435,0.005940236652797794,0.14594386165927237,0.004797872957764122,0.7323073142452879,0.03166008167548444,0.0014332674151349319,0.4355219111286785,0.30818039032976313,0.011787142857142857,0.02409857142857133,0.4558185089072887,0.0018261014175441394,0.0023949298097673,0.2650075076413555,0.0568683673469387,0.03012179897934788,0.022607458832540527,0.04571755952380952,0.044487755102040734,0.026529645749840042,0.03717188656954303,0.013434920634920577,0.14252380952380952,0.0,0.0,,,,0.0039422271772118185,0.006,0.5248532058637042,4.266447812851155,3.7162426631118364,71.0,1013.8333,1216.5522,0.9543538924934065,2024-08-08 22:00:00
2024-08-08 16:15:00,76.94933333333333,1.0,0.0412956266666666,0.4857704088888889,0.0029553155555555,0.0586493288888888,1.8709415688888889,0.006879215111111111,0.009407666666666667,0.02919857777777778,2.1087688888888886e-24,2.3988933333333333e-05,3.7999022222222224e-05,0.0003760773333333333,8.178320000000001e-25,2.898808888888889e-05,0.0019031200000000001,0.00126012,3.9850488888888884e-07,0.10637066666666667,0.00783039111111111,0.020826355555555558,0.16554133333333335,3.289568888888889e-05,1.8705244444444444e-05,0.276,1310.0106666666666,1.381111111111111,0.05142222222222222,1.381111111111111,40.73434,-111.87211,311.68955555555556,11.845777777777778,875.7315555555556,101.39813333333333,0.5804444444444444,424745.5111111111,1995.388888888889,229.43066666666667,8673237.165333334,0.0009310755555555,6.26765873015873e-05,0.0008192177777777,5.143111111111111e-05,0.0001968044444444,0.0001099511111111,0.011366291917082588,0.2975889596089096,1.788582451696452,3.771402626910127,6.743641555555556,0.3855538666666666,1.0869732888888888,1.924474088888889,0.0013937333333333,0.1708556,4.39977048888889,0.0074018666666666,0.14545733333333333,0.2298923555555555,0.1625626666666666,0.1060155111111111,0.0096286222222222,0.0027652444444444,0.1151340888888889,0.0212167111111111,0.0060223111111111,0.0505765777777777,0.1017746222222222,0.0311861777777777,0.0047197333333333,0.0017695999999999,3.19775,0.112125,0.12821854717138842,0.007,0.002875,0.072,0.427625,0.19487500000000002,0.07425,0.009,0.01125,0.025252157819517482,2.0758020824789796,0.5806482152232637,0.30674999999999997,0.0016250000000000001,0.215625,0.0007106105881084788,0.051522944537375506,0.013999999999999999,0.024875,0.586,0.038125000000000006,0.06611158719750203,0.02775,0.005875,0.00525,0.0072499999999999995,0.14100000000000001,0.265,0.0011250000000000001,0.011,0.06897019109724345,0.399,0.010875,0.021625,0.0635,0.0115,0.012875000000000001,0.18275000000000002,0.0011752206255163412,0.0059375,0.02917314604823684,0.00425,0.009000000000000001,0.0022500000000000003,0.0016827573172204357,0.00475,0.002900539227643937,0.0085,0.00775,0.036875,0.0075,0.0005002432406354118,0.0445,0.033375,0.0026351077017019242,0.0079294577777777,0.01152812,0.04125316,0.0087382933333333,0.0002287377777777,1.772150737777778,80100.0,80159.0,870.5377822222222,34.259768888888885,953.7315555555556,195.10735555555556,10.578808888888888,0.16236,0.07263555555555555,40.403873222222224,41.99992601333334,43.180987288888886,45.862711008888894,47.30293759111112,47.97194563111111,47.73191572888889,48.28497033777777,48.307036035555555,49.308954515555556,50.72382310666667,54.24257865333333,54.92174078666667,52.39042104888889,42.48651576888889,148.48017957777776,57.48353807555556,23.608907177777777,7.108753497777778,0.7206205155555555,0.42978049333333335,0.20717216444444445,0.14668513777777778,0.09932495999999999,0.06046903555555556,0.04949750666666666,0.038236146666666665,0.03340532888888889,0.028621235555555555,0.026510831111111112,0.030518773333333336,0.014854346666666665,0.01651992888888889,0.008082115555555556,0.007645564444444445,0.011810186666666667,2.9404092,8623460.799999999,1954.252355555556,0.3590856432824864,0.23591323738803102,0.0,0.06852902147677212,2.6679087680863844,0.0282444444444444,0.08141414836252345,0.077340625,0.0096286222222222,0.26996330824713,0.0,0.0,0.0076444444444444,0.036875,0.535117474489796,0.0315888888888888,0.0,3.133336961437064,0.1760461791287281,0.0,0.02652307929678328,0.0,0.024875,0.1206015421848036,0.06375416598898065,0.0946019431315352,0.10640050359032527,0.030293177962367756,0.013605139425788193,0.007572215746276991,0.17338616787587602,0.00600418343168382,0.7951071021168326,0.03394052966976814,0.004611142476927916,0.48171608807877836,0.3413714609593317,0.011826964285714286,0.024136607142857043,0.5039248130588991,0.0023895935547322304,0.0023350565645231178,0.26574470589476507,0.05694630102040808,0.03128982543343561,0.023388700933155582,0.04580212053571428,0.04453520408163257,0.027028071272760707,0.036720506071971123,0.013429464285714227,0.14251071428571427,0.0,0.0,,,,0.003842672637336805,0.005875,0.39733657211103657,3.0744942234376653,2.4501776966267204,72.22747855498986,1086.3334,1211.2368,0.8785276512369469,2024-08-08 22:15:00
2024-08-08 16:30:00,75.6,1.0,0.0335184222222222,0.4462517288888888,0.0033634755555555,0.0564641866666666,1.7847891155555555,0.005201850666666666,0.009143026666666667,0.02852888888888889,1.2339053333333333e-24,2.248044444444444e-05,3.613542222222222e-05,0.00035796488888888893,4.576822222222222e-25,2.592631111111111e-05,0.0018253955555555556,0.0012128888888888888,3.664391111111111e-07,0.10441777777777778,0.007557951111111111,0.020507155555555556,0.1626693333333333,3.1139599999999996e-05,1.6654711111111114e-05,0.276,1309.844,1.7607111111111111,0.049022222222222224,1.7607111111111111,40.73434,-111.87211,310.45533333333333,12.278666666666668,875.6613333333333,95.21697777777779,0.852,424990.5333333334,2000.5484444444448,229.23422222222223,8673946.76311111,0.0010058933333333,6.376186224489795e-05,0.0007157244444444,4.955555555555556e-05,0.00021608,6.315111111111112e-05,0.011358981771754718,0.224368836041736,1.7140036693306693,3.3248831583971583,6.662631911111111,0.3832896,1.0901534222222222,1.7532842666666668,0.0009968,0.1619991111111111,3.648163066666669,0.0056860888888888,0.10352813333333333,0.2326687555555555,0.1630496888888889,0.1302637777777777,0.0097292888888888,0.0067977333333333,0.067697688888889,0.0319485777777777,0.0052774222222222,0.0378391111111111,0.0769135555555555,0.0261400444444444,0.0053565333333333,0.0024072,3.1865,0.12025,0.1284335907079717,0.007,0.00275,0.072,0.42725,0.19475,0.0735,0.009,0.0145,0.014890505693068988,2.177736935929069,0.5797414063732858,0.3035,0.0022500000000000003,0.21625,0.000832959681159846,0.052313982562470135,0.019,0.03275,0.661,0.05525000000000001,0.08438952540205677,0.0275,0.00575,0.006500000000000001,0.0095,0.175,0.34,0.00125,0.011,0.04078453564498984,0.47200000000000003,0.01275,0.02725,0.079,0.014,0.01575,0.2315,0.0026341885209683947,0.005875,0.01704044354643764,0.0055,0.012,0.0025,0.007247407670901131,0.0055,0.0033433193379805172,0.011,0.010499999999999999,0.042749999999999996,0.009,0.0018643551504228966,0.056,0.04275,0.007584342305504922,0.0073560044444444,0.0117637333333333,0.0504359511111111,0.00856916,0.0002179377777777,1.3972458266666663,81000.0,81059.0,870.32404,34.57183111111111,957.7186488888889,192.70616,10.378355555555554,0.16130666666666665,0.07036,41.24436752444444,42.97465806666666,44.474417106666664,46.85616955555555,48.744212337777775,49.071839088888886,48.933267377777774,49.25264231555556,49.290423275555554,49.932506511111114,51.502586844444444,54.514286204444446,54.874007,52.246071693333334,42.23561592,145.36253187555556,55.32610141777778,22.327512644444443,6.700660568888889,0.6830590044444445,0.41422830666666666,0.2022689377777778,0.13423714222222222,0.09207415111111111,0.06774643111111112,0.04713521777777777,0.040452324444444444,0.030192088888888892,0.022662488888888888,0.026219613333333332,0.03366692444444444,0.01742469777777778,0.014293035555555555,0.00686004,0.006175404444444445,0.016094284444444447,2.8275248,8626835.333333332,1959.6985777777777,0.3775184178769551,0.23559766448808725,0.0,0.0686806303587173,2.7877264698876445,0.0282444444444444,0.08158357447186794,0.07738958333333333,0.0097292888888888,0.2705038717647413,0.0,0.0,0.0076444444444444,0.042749999999999996,0.5361107993197279,0.0315888888888888,0.0,3.098897740222222,0.17579925215194597,0.0,0.03132706272287681,0.0,0.03275,0.1330869778273724,0.07234761738815539,0.10941790926025455,0.1230587886976352,0.031904914404859125,0.016199199557622036,0.009204194839756187,0.20082847409247967,0.007210493905603519,0.857906889988377,0.036220977664051836,0.007789017538720899,0.5279102650288782,0.37456253158890024,0.011866785714285715,0.024174642857142756,0.5520311172105095,0.0029530856919203208,0.002275183319278935,0.2664819041481747,0.057024234693877476,0.03245785188752334,0.02416994303377064,0.045886681547619046,0.04458265306122441,0.02752649679568137,0.036269125574399215,0.013424007936507878,0.14249761904761904,0.0,0.0,,,,0.003743118097461791,0.00575,0.35402411319642685,3.000134085392489,2.115608004392141,70.98128491791398,1158.8334,1204.8033,0.6882620157491243,2024-08-08 22:30:00
2024-08-08 16:45:00,73.85377777777778,1.0,0.0360850888888888,0.4256640755555556,0.0035159866666666,0.05896816,1.7810334977777778,0.004788222666666666,0.008838808888888888,0.027748222222222223,7.675333333333334e-25,2.0856177777777777e-05,3.408115555555555e-05,0.000338028,2.7597733333333336e-25,2.2824399999999998e-05,0.001738408888888889,0.0011596355555555556,3.3292488888888886e-07,0.10209626666666667,0.00724944,0.02012448888888889,0.15928177777777777,2.92284e-05,1.4590844444444445e-05,0.276,1310.659111111111,2.268044444444444,0.047822222222222224,2.268044444444444,40.73434528888889,-111.87211,309.3255555555555,12.999555555555556,875.5657777777777,97.46520000000001,0.7884444444444445,425424.5777777778,1997.54,228.4755555555556,8844546.603999998,0.0010666044444444,6.484713718820861e-05,0.0007126844444444,4.5253333333333336e-05,0.0002360044444444,3.707111111111112e-05,0.01135167162642685,0.2778557777777777,2.2524204444444447,3.867071111111111,6.814738145091946,0.376020712032412,1.2265679963184963,2.344867915817516,0.0011923952158952,0.1699214985884486,3.625686171683874,0.0048627306267806,0.15367314796869797,0.2190642913308913,0.2039301900895401,0.2365473423835423,0.0135212798072298,0.009735941049691,0.1095244307784809,0.0469041656695156,0.0066247485643985,0.0380737284215784,0.0864153557609057,0.0322949107355607,0.0060268625023125,0.0018015328264328,3.17525,0.12837500000000002,0.14648428152731663,0.007,0.002625,0.072,0.426875,0.194625,0.07275,0.009,0.017750000000000002,0.024026826093493624,2.118300548384603,0.5762393188010864,0.30025,0.002875,0.21687499999999998,0.0009553087742112131,0.048437866544335476,0.024,0.040625,0.736,0.07237500000000001,0.16450430031479163,0.02725,0.005625,0.00775,0.01175,0.20900000000000002,0.41500000000000004,0.001375,0.011,0.06563705682261678,0.545,0.014624999999999999,0.032875,0.0945,0.0165,0.018625000000000003,0.28025,0.004667359754769647,0.0058125,0.02773837627248688,0.006749999999999999,0.015000000000000001,0.00275,0.01500212733302228,0.00625,0.003786099448317098,0.013499999999999998,0.013250000000000001,0.048625,0.010499999999999999,0.003765338100980733,0.0675,0.052125000000000005,0.014481438161523145,0.0069533422222222,0.0112762844444444,0.0449607555555555,0.0081450044444444,0.0002989688888888,1.2950077555555557,81900.0,81959.0,870.1525333333334,34.2078,949.5113911111112,189.91790666666665,10.230075555555555,0.16135555555555556,0.06893777777777778,41.32100119555556,43.20388993777778,44.48053409777778,46.95270497333333,48.93042373777778,48.92742886222222,48.77403872,49.080599480000004,48.93175120888889,49.72204337777778,50.885639537777784,53.976234204444445,54.28211260888889,51.52638885333333,41.73247163111111,142.84214357333335,53.95544408888889,21.703330644444446,6.464648537777777,0.66480976,0.4057011022222222,0.19418678666666667,0.13573837777777778,0.09703488,0.06693630222222223,0.04462747555555555,0.03382700444444444,0.030173608888888887,0.022964226666666664,0.022431177777777776,0.02976339111111111,0.02106201777777778,0.01331328,0.010292302222222223,0.012025271111111112,0.013662964444444446,2.777224622222222,8771843.288888888,1957.256755555556,0.39595119247142385,0.23437892480436764,0.0,0.06883223924066248,2.734006016528234,0.0282444444444444,0.08175300058121243,0.07743854166666667,0.0135212798072298,0.2710444352823525,0.0,0.0,0.0076444444444444,0.048625,0.5371041241496599,0.0315888888888888,0.0,3.039218372413333,0.17484562240224655,0.0,0.03613104614897034,0.0,0.040625,0.1455724134699412,0.08094106878733012,0.12423387538897389,0.13971707380494514,0.03351665084735049,0.01879325968945588,0.010836173933235386,0.22827078030908332,0.008416804379523218,0.9207066778599217,0.03850142565833553,0.010966892600513882,0.574104441978978,0.4077536022184688,0.011906607142857144,0.024212678571428472,0.6001374213621198,0.003516577829108412,0.0022153100740347526,0.26721910240158425,0.057102168367346856,0.03362587834161107,0.024951185134385698,0.045971242559523805,0.044630102040816244,0.028024922318602034,0.0358177450768273,0.013418551587301528,0.1424845238095238,0.0,0.0,,,,0.003643563557586777,0.005625,0.385663652349691,3.5369723717422543,2.5218605180326192,69.36853959509743,1231.3334,1196.8781,0.6604955233323768,2024-08-08 22:45:00
2024-08-08 17:00:00,70.30444444444446,1.0,0.0394475511111111,0.3572185244444444,0.0032369288888888,0.0474498622222222,1.7589524533333332,0.006101913333333334,0.008491284444444445,0.026844533333333333,5.033924444444445e-25,1.9127377777777778e-05,3.1840133333333334e-05,0.00031627066666666665,1.7779244444444446e-25,1.9746488888888893e-05,0.0016422933333333333,0.0011001066666666667,2.9841466666666667e-07,0.09936733333333334,0.006902506666666666,0.019670177777777777,0.15525466666666665,2.7168711111111112e-05,1.2552044444444445e-05,0.276,1311.2426666666665,2.126977777777778,0.04844444444444444,2.126977777777778,40.73434404444445,-111.87211,309.554,13.051555555555556,875.3417777777778,93.25817777777777,0.8191111111111111,425067.3777777778,1988.06,208.67955555555557,8929953.804,0.0011845333333333,6.593241213151928e-05,0.0007820444444444,4.444444444444444e-05,0.0002449066666666,6.524444444444445e-05,0.011344361481098983,0.3318577777777778,2.174382666666667,3.7902955555555553,6.288201141269841,0.3477271164261664,1.0778305623617124,2.85437810026455,0.0014420654641654,0.1617390902837902,3.4030090816979364,0.0063943142857142,0.18428484646464646,0.2198048545935546,0.1922619061087061,0.3293957598845599,0.0167465568783068,0.0078739899230399,0.1375890614237617,0.0546723524290524,0.0112091116642616,0.0447452262385762,0.0920572242424242,0.0378112664742664,0.0066213384319384,0.0011770941077441,3.164,0.1365,0.14133217770411313,0.007,0.0025,0.072,0.4265,0.1945,0.07200000000000001,0.009,0.021,0.03015705393126517,1.9310087554575475,0.48485883693035414,0.297,0.0035,0.2175,0.0010776578672625802,0.048648864131410396,0.028999999999999998,0.0485,0.8109999999999999,0.08950000000000001,0.234491885852492,0.027,0.0055,0.009000000000000001,0.013999999999999999,0.243,0.49000000000000005,0.0015,0.011,0.0823124371162867,0.6180000000000001,0.0165,0.0385,0.10999999999999999,0.019000000000000003,0.0215,0.329,0.0057234234797544255,0.00575,0.034916404420534994,0.008,0.018000000000000002,0.003,0.019030060640578068,0.007,0.0042288795586536785,0.016,0.016,0.0545,0.012,0.004752740983002282,0.079,0.061500000000000006,0.01806390707520427,0.0064076666666666,0.01162548,0.0468212444444444,0.0072233733333333,0.0003065422222222,1.2783694222222224,82800.0,82859.0,869.9758044444444,33.68760888888889,881.7210488888888,173.89335555555556,9.273093333333332,0.15976444444444446,0.062142222222222224,39.970792933333335,41.332386973333335,42.47182901333334,44.53728838666667,46.00626379111111,45.90556059111111,45.885650000000005,46.049975186666664,45.53161718222222,46.23551685333334,47.31666870666666,49.865576555555556,50.22152293333333,47.212276635555554,38.021026382222225,130.17569921777778,48.432120368888896,19.21588449333333,5.656755431111111,0.6079264355555555,0.38893737777777776,0.17382944,0.13120957333333333,0.08285012444444444,0.058682137777777775,0.04216897333333334,0.031967546666666666,0.02618052,0.025026746666666665,0.01988193777777778,0.03042676444444444,0.015075951111111112,0.014883031111111111,0.0068718,0.009203102222222223,0.011539760000000001,2.6187222666666665,8864125.51111111,1947.333955555556,0.41438396706589253,0.20257817245957746,0.0,0.06898384812260766,2.5157029354342413,0.0282444444444444,0.08192242669055692,0.0774875,0.0167465568783068,0.2715849987999638,0.0,0.0,0.0076444444444444,0.0545,0.5380974489795919,0.0315888888888888,0.0,2.854361414401084,0.1499624222374183,0.0,0.04093502957506387,0.0,0.0485,0.15805784911251,0.08953452018650485,0.13904984151769323,0.15637535891225507,0.035128387289841856,0.021387319821289726,0.012468153026714581,0.255713086525687,0.009623114853442916,0.9835064657314663,0.04078187365261923,0.014144767662306866,0.6202986189290779,0.4409446728480373,0.011946428571428571,0.024250714285714188,0.6482437255137302,0.004080069966296502,0.00215543682879057,0.2679563006549939,0.05718010204081625,0.0347939047956988,0.025732427235000754,0.046055803571428564,0.04467755102040808,0.028523347841522696,0.03536636457925539,0.013413095238095179,0.14247142857142855,0.0,0.0,,,,0.0035440090177117634,0.0055,0.4176078678516077,3.45916337910098,2.464333857260346,66.0,1271.1666,1187.0195,0.8840141166107772,2024-08-08 23:00:00
2024-08-08 17:15:00,67.464,1.0,0.033245553015873,0.3038260050793651,0.0025563806349206,0.0452203457142857,1.6567485584126984,0.006455354222222222,0.008096404444444445,0.025799777777777776,3.460302222222222e-25,1.7307511111111112e-05,2.941488888888889e-05,0.00029275822222222224,1.2140386666666667e-25,1.6748622222222222e-05,0.00153644,0.0010340311111111111,2.6337822222222225e-07,0.09617333333333335,0.0065145866666666665,0.019130222222222222,0.15054977777777775,2.4971244444444445e-05,1.057991111111111e-05,0.276,1310.1155555555556,2.612088888888889,0.044000000000000004,2.612088888888889,40.73433986666667,-111.87211,310.69977777777774,12.376000000000001,875.1417777777777,98.32346666666668,1.0302222222222222,424690.6666666666,1976.5026666666668,194.828,8663751.425333334,0.0013599434920634,6.701768707482993e-05,0.0007566955555555,3.3374603174603176e-05,0.0002277999999999,0.0001032292063492,0.011337051335771115,0.2298335555555555,1.3950107555555555,2.8053462222222225,5.773189017826618,0.3309028842490842,1.0286111128205129,1.602294530891331,0.0019979489621489,0.1508395008547008,3.363463746031748,0.0070865069597069,0.14028794627594626,0.1782822886446886,0.1402406024420024,0.1379839213675213,0.0088034664224664,0.0019630847374847,0.0763086107448108,0.0293148285714285,0.0072806156288156,0.0361618564102564,0.0898599636141636,0.0319313748473748,0.0073595838827838,0.0014672791208791,3.15275,0.144625,0.11836229130526524,0.007,0.002375,0.072,0.426125,0.19437500000000002,0.07125000000000001,0.009,0.02425,0.01677141100542604,1.7026760886373395,0.4209185549882506,0.29374999999999996,0.004125,0.218125,0.0012000069603139473,0.03681846196851851,0.034,0.056375,0.886,0.10662500000000001,0.0902088406299613,0.02675,0.0053750000000000004,0.01025,0.01625,0.277,0.5650000000000001,0.0016250000000000001,0.011,0.04590095418765523,0.6910000000000001,0.018375000000000002,0.044125,0.1255,0.021500000000000002,0.024375,0.37775000000000003,0.0022761375261055095,0.0056875,0.01924283987381788,0.009249999999999998,0.020999999999999998,0.0032500000000000003,0.005881765149629521,0.00775,0.004671659668990259,0.018499999999999996,0.01875,0.060375,0.013499999999999998,0.0015295831325284354,0.0905,0.07087500000000001,0.006369731360860103,0.0050319053968253,0.008598519047619,0.0334180565079365,0.0059359523809523,0.0002273755555555,1.2217346685714288,83700.0,83759.0,869.7970577777778,33.85850666666667,799.4102444444445,156.01255555555556,8.28679111111111,0.15899999999999997,0.054955555555555556,37.475109328888884,38.56225998222222,39.408900537777775,41.150589786666664,42.163299613333336,42.07957112888889,41.73897753333333,41.77913424444444,41.46511809333333,41.49376796888888,42.71585718666667,44.85469132888889,45.03926048,42.53449211111111,34.19635092888889,116.85215316888889,42.84421718666667,16.71779051111111,4.849069373333333,0.5403472711111111,0.32299741333333337,0.1553505777777778,0.11870899111111112,0.07406059111111112,0.05560550222222223,0.046026342222222225,0.031989604444444444,0.023489386666666667,0.022085191111111114,0.021426280000000002,0.02313363111111111,0.015563857777777777,0.013986404444444444,0.00876292888888889,0.005052235555555556,0.01101092,2.310501022222222,8635620.888888888,1936.3473777777776,0.4328167416603612,0.18032671318435398,0.0,0.06913545700455284,2.2739965844478505,0.0282444444444444,0.08209185279990142,0.07753645833333334,0.0088034664224664,0.27212556231757506,0.0,0.0,0.0076444444444444,0.060375,0.5390907738095239,0.0315888888888888,0.0,2.623837513851554,0.1325512770826836,0.0,0.0457390130011574,0.0,0.056375,0.1705432847550788,0.0981279715856796,0.1538658076464126,0.173033644019565,0.03674012373233323,0.023981379953123567,0.01410013212019378,0.2831553927422906,0.010829425327362616,1.0463062536030108,0.043062321646902935,0.01732264272409985,0.6664927958791778,0.4741357434776059,0.01198625,0.0242887499999999,0.6963500296653407,0.004643562103484594,0.002095563583546388,0.26869349890840344,0.057258035714285636,0.03596193124978653,0.02651366933561581,0.04614036458333333,0.04472499999999992,0.02902177336444336,0.03491498408168348,0.01340763888888883,0.14245833333333333,0.0,0.0,,,,0.0034444544778367498,0.0053750000000000004,0.35725670046739794,2.6820763704326174,1.7263275248210777,63.46718059633596,1273.6666,1174.7449,0.9909077202476221,2024-08-08 23:15:00
2024-08-08 17:30:00,71.59244444444444,1.0,0.0370974714285714,0.4223446691538091,0.0027337293515743,0.0733421318670218,1.7141877714285716,0.0058580164444444445,0.007650071111111111,0.024598533333333332,2.47972e-25,1.5417022222222223e-05,2.6816e-05,0.00026758,8.70660888888889e-26,1.3885333333333334e-05,0.0014208488888888889,0.0009610426666666667,2.2836977777777777e-07,0.09244444444444445,0.006083777777777777,0.01849346666666667,0.145024,2.2649333333333334e-05,8.71284e-06,0.276,1309.1533333333332,2.3429333333333333,0.046844444444444445,2.3429333333333333,40.73433546666667,-111.87211,311.11844444444444,11.905777777777779,875.0093333333333,96.8352,0.7395555555555556,426513.2,1986.991555555556,212.0786666666667,8488469.356888888,0.0015878771428571,6.853829374329373e-05,0.0008239882539682,5.04536507936508e-05,0.000342306031746,0.0006514476190476,0.011329741190443247,0.2823223555555555,1.9081585777777776,3.580431111111111,6.194376888888889,0.3505252888888889,1.4438457777777778,1.6630558666666666,0.0028802666666666,0.1738733333333333,3.518913822222224,0.0056043555555555,0.15858755555555556,0.2052317333333333,0.1871175111111111,0.2069915111111111,0.0109444,0.0011931111111111,0.0950273777777779,0.0378962666666666,0.0031916444444444,0.0450707555555555,0.0898458666666666,0.0270161333333333,0.0138179111111111,0.0014788888888888,3.1415,0.15275,0.13906068198300164,0.007,0.0022500000000000003,0.072,0.42574999999999996,0.19425,0.07050000000000001,0.009,0.027500000000000004,0.02086019835504865,1.909900013301133,0.5005495022801973,0.2905,0.00475,0.21875,0.0013223560533653146,0.04449676318732806,0.039,0.06425,0.961,0.12375000000000001,0.14222560860424688,0.0265,0.00525,0.0115,0.0185,0.311,0.6400000000000001,0.00175,0.011,0.05702322986798121,0.764,0.02025,0.04975,0.141,0.024,0.027250000000000003,0.4265,0.0034427605439490993,0.005625,0.024030497276392206,0.010499999999999999,0.024,0.0035,0.010331382724554913,0.0085,0.005114439779326839,0.020999999999999998,0.021500000000000002,0.06625,0.015,0.002620357204962407,0.10200000000000001,0.08025000000000002,0.01032724888232384,0.0066226688888888,0.0104306507936507,0.0371626647619047,0.0070586647619047,0.0002428107936507,1.1725747047619048,84600.0,84659.0,869.66288,33.99068,853.3637466666667,168.57298666666665,9.035955555555555,0.1606177777777778,0.06003111111111111,38.57927434222222,40.02192196,40.97790726222222,42.93171190666667,44.363017160000005,44.165072888888886,44.05357359111111,44.501280533333336,44.24403177777778,44.64637819111111,45.77687185777778,48.13213384888889,48.61656302222222,45.788253044444446,37.042595813333335,127.02178449777779,46.92622243555556,18.6116326,5.367504253333333,0.576765368888889,0.33711812888888887,0.16622440444444445,0.1274956488888889,0.08302193777777779,0.05549886222222222,0.044068666666666666,0.03713580888888889,0.027722831111111113,0.022687333333333334,0.026768168888888888,0.03051713333333333,0.017953471111111112,0.012383457777777778,0.007942155555555556,0.00844615111111111,0.014300533333333334,2.752312666666666,8455680.755555555,1945.8724,0.45124951625482995,0.20803858318077714,0.0,0.06928706588649802,2.4835484950577467,0.0282444444444444,0.08226127890924591,0.07758541666666667,0.0109444,0.27266612583518635,0.0,0.0,0.0076444444444444,0.06625,0.5400840986394558,0.0315888888888888,0.0,3.1911376277911114,0.15423504105739555,0.0,0.050542996427250936,0.0,0.06425,0.18302872039764762,0.10672142298485432,0.16868177377513194,0.18969192912687494,0.038351860174824594,0.02657544008495741,0.015732111213672975,0.3105976989588943,0.012035735801282314,1.1091060414745555,0.04534276964118663,0.020500517785892833,0.7126869728292775,0.5073268141071744,0.01202607142857143,0.024326785714285613,0.744456333816951,0.005207054240672684,0.002035690338302205,0.269430697161813,0.05733596938775502,0.03712995770387426,0.02729491143623087,0.046224925595238095,0.044772448979591754,0.029520198887364027,0.03446360358411157,0.01340218253968248,0.1424452380952381,0.0,0.0,,,,0.0033448999379617358,0.00525,0.3883058012162035,3.1937197854574917,2.3070858814383928,67.28005697802165,1276.1666,1159.5576,0.9628912590860943,2024-08-08 23:30:00
2024-08-08 17:45:00,70.86711111111111,1.0,0.0344952592537092,0.4275699999999999,0.002639,0.0743845,1.6901806690503942,0.005220728444444445,0.007148155555555555,0.023223644444444445,1.8396622222222224e-25,1.3480577777777778e-05,2.4063422222222225e-05,0.00024086977777777778,6.491902222222224e-26,1.121551111111111e-05,0.0012958044444444446,0.0008811697777777777,1.9398444444444446e-07,0.08810475555555557,0.005608622222222222,0.017744577777777777,0.13854222222222223,2.0221644444444442e-05,6.989222222222223e-06,0.276,1308.4555555555557,2.3090666666666664,0.04551111111111112,2.3090666666666664,40.73433933333333,-111.87211,311.01088888888887,11.879555555555555,875.0,83.22031111111112,0.5706666666666665,427404.0,1992.348,220.2782222222222,8475661.26311111,0.001555414029304,4.552911403411401e-05,0.0007296554182854,8.015491341991344e-05,0.00036808008769,0.0001253409372109,0.01132243104511538,0.3509845333333333,2.5340724444444445,4.222345333333334,6.561425688888889,0.3650516888888889,1.5345592444444445,1.8818074666666669,0.0032088444444444,0.1828794666666666,3.69143097777778,0.0048703555555555,0.2617899111111111,0.2308894222222222,0.1874583555555555,0.2244861777777777,0.0128084444444444,0.0023528338222435054,0.1255688444444445,0.0438376888888888,0.0037312888888888,0.0500156444444444,0.1157175111111111,0.0295059111111111,0.0055775111111111,0.0027817777777777,3.13025,0.16087500000000002,0.13921118105966315,0.007,0.002125,0.072,0.425375,0.194125,0.06975,0.009,0.030750000000000003,0.02753144771274701,2.0157247056760283,0.5383995395499741,0.28725,0.0053750000000000004,0.219375,0.0014447051464166816,0.05180702379356615,0.044000000000000004,0.072125,1.036,0.140875,0.15541279598709554,0.02625,0.005125,0.012750000000000001,0.02075,0.34500000000000003,0.7150000000000001,0.001875,0.011,0.07517029112206361,0.8370000000000002,0.022125,0.055375,0.15649999999999997,0.026500000000000003,0.030125,0.47525,0.004250480630751114,0.0055625,0.03184202026370329,0.01175,0.027000000000000003,0.00375,0.013412108407901892,0.009250000000000001,0.00555721988966342,0.0235,0.02425,0.072125,0.0165,0.0033755627126475607,0.1135,0.08962500000000001,0.013067265449000005,0.0067242041428941,0.012168038088208,0.0475915088354238,0.0070786967273467,0.0002988949735449,1.077945313794724,85500.0,85559.0,869.6265155555556,34.20630222222222,885.1772711111112,173.73734666666667,9.275933333333334,0.15996444444444446,0.06152,40.45993682222222,41.94140330222222,42.84816993777778,44.87921371555556,46.40482860888889,46.40501567111111,45.95156297777778,46.516638444444446,46.10108771555556,46.711838893333336,47.4570964,50.23604802666667,50.341454435555555,47.09727538222223,37.95953105777778,129.8472329911111,47.997288671111114,18.957658293333335,5.420263662222222,0.5754820177777779,0.3594585022222222,0.17243168888888888,0.12755625333333334,0.09080376,0.06460789777777778,0.04218077333333334,0.037750186666666664,0.029397862222222224,0.02254112888888889,0.03184457777777778,0.02898509777777778,0.01528352888888889,0.01209223111111111,0.008739853333333332,0.009834715555555556,0.014685235555555556,2.887902641269841,8435651.250793649,1952.0147015873013,0.4696822908492987,0.22121053890716477,0.0,0.06943867476844322,2.6186800467887466,0.0282444444444444,0.0824307050185904,0.077634375,0.0128084444444444,0.27320668935279757,0.0,0.0,0.0076444444444444,0.072125,0.5410774234693878,0.0315888888888888,0.0,3.146379413457778,0.1645417283756173,0.0,0.05534697985334446,0.0,0.072125,0.1955141560402164,0.11531487438402904,0.1834977399038513,0.20635021423418487,0.039963596617315966,0.029169500216791253,0.017364090307152174,0.3380400051754979,0.01324204627520201,1.1719058293461,0.047623217635470325,0.023678392847685817,0.7588811497793774,0.5405178847367429,0.012065892857142858,0.02436482142857133,0.7925626379685613,0.0057705463778607744,0.0019758170930580226,0.2701678954152226,0.05741390306122441,0.03829798415796199,0.028076153536845925,0.046309486607142854,0.04481989795918359,0.03001862441028469,0.03401222308653966,0.01339672619047613,0.14243214285714284,0.0,0.0,,,,0.0032453453980867217,0.005125,0.42892206364656243,3.817798646137276,2.7880616482624347,66.61016632726151,1278.6666,1140.9812,0.9308397388148407,2024-08-08 23:45:00
2024-08-08 18:00:00,68.42312169312169,1.0,0.036295075879840266,0.42514539869201556,0.0026632574043203997,0.07353408682473832,1.77072193243192,0.003951859807562808,0.006852484173419173,0.022450873184223185,1.4183833797683798e-25,1.1836098418248418e-05,2.1941270658970658e-05,0.00022073194581344582,5.051755864320864e-26,8.786417013172012e-06,0.0012084217523217523,0.0008284799837199837,1.636472543197543e-07,0.08551199865689865,0.005307662422022422,0.017220018751618753,0.13443721114071114,1.832403271173271e-05,5.4272620350020356e-06,0.186,1309.100234043734,2.465118266918267,0.04537259407259407,2.465118266918267,40.73434,-111.87211,309.7712738002738,11.982338143338144,875.0317257002257,95.05565711510711,0.4558016798016798,426631.6966866467,1989.4685482295483,220.2270064010064,8109547.059585248,0.0014947979290462334,4.50292104324247e-05,0.0007524845384758999,9.267936307518973e-05,0.00035137160351985557,0.00017968712055429998,0.011315120899787512,0.2967837297276798,2.566887163225663,4.024264324693824,7.5771938233636735,0.3649240066415066,1.3174495816868317,2.1278238603914605,0.0062410469456469,0.1805754794113294,3.2310541486161983,0.0066108631942131,0.27428047555407553,0.2204021673622674,0.1898629858437858,0.2803253912772412,0.0141207943241943,0.0035125565333759103,0.1309210521608021,0.0508281885133385,0.0011717421319421,0.039350667075517,0.1034178062215562,0.0324977869519369,0.0046763524512524,0.0022140805786805,3.119,0.169,0.182,0.007,0.002,0.072,0.425,0.194,0.069,0.009,0.034,0.025,1.684,0.361,0.284,0.006,0.22,0.0015670542394680487,0.054,0.049,0.08,1.111,0.158,0.185,0.026,0.005,0.014,0.023,0.379,0.79,0.002,0.011,0.085,0.91,0.024,0.061,0.172,0.029,0.033,0.524,0.005,0.0055,0.031,0.013,0.03,0.004,0.018,0.01,0.006,0.026,0.027,0.078,0.018,0.004,0.125,0.099,0.015,0.006503109211673056,0.004989977281705032,0.022242739161471254,0.007113820574219989,0.00028928008230445556,1.0319346820415183,210.0,269.0,869.6354337875088,34.12688041070041,918.2023361939912,179.7691899259999,9.590572694342693,0.16011328393828395,0.06349432086432087,41.901809122212974,43.59350432844692,44.41211159346209,46.48069465976634,47.853874628454506,48.45554215939968,47.921772573302995,48.414393854411145,47.802070499288675,48.6777799037605,49.84661251851315,52.320339430814926,52.701253371369184,48.61496759823232,39.213368529175455,133.69420752704167,49.31868155432901,19.748887771470752,5.567087926324601,0.5727141788254339,0.3632865378099678,0.19151159836108336,0.13109489265216265,0.08774160353905354,0.064519941989307,0.046176902411292416,0.028991129987419987,0.030775911508861508,0.024806849174159172,0.021071315177600178,0.02944520627113627,0.025652082434787435,0.01798677777925778,0.009437579361934362,0.009385876747511747,0.008793338363673363,2.628565118605468,8092278.429028378,1949.5798797813295,0.48811506544376737,0.21578558067069004,0.0,0.0695902836503884,1.966372501032319,0.0282444444444444,0.08260013112793489,0.07768333333333333,0.0141207943241943,0.27374725287040885,0.0,0.0,0.0076444444444444,0.078,0.5420707482993198,0.0315888888888888,0.0,3.123123374527512,0.20446231334254544,0.0,0.060150963279437995,0.0,0.08,0.2079995916827852,0.1239083257832038,0.19831370603257065,0.2230084993414948,0.04157533305980733,0.0317635603486251,0.01899606940063137,0.3654823113921016,0.014448356749121712,1.2347056172176445,0.04990366562975403,0.0268562679094788,0.8050753267294772,0.5737089553663115,0.012105714285714286,0.024402857142857046,0.8406689421201717,0.006334038515048866,0.0019159438478138402,0.2709050936686322,0.057491836734693796,0.039466010612049726,0.02885739563746098,0.04639404761904761,0.04486734693877543,0.030517049933205354,0.03356084258896775,0.01339126984126978,0.1424190476190476,0.0,0.0,,,,0.003145790858211708,0.005,0.396860248329425,3.850517161257531,2.6396428070442917,65.0,1247.3334,1112.1389,0.7445574894073611,2024-08-09 00:00:00
2024-08-08 18:15:00,69.81733333333334,1.0,0.03809489250597133,0.42272079738403123,0.0026875148086408,0.07268367364947663,1.8512631958134458,0.003430757777777778,0.006395137777777778,0.02118724444444444,1.1795346666666667e-25,1.0311177777777778e-05,1.961053333333333e-05,0.0001981911111111111,4.2252355555555554e-26,7.106942222222222e-06,0.0010992182222222223,0.000757227111111111,1.3899244444444443e-07,0.08152951111111112,0.004880951111111111,0.016533688888888887,0.12850177777777777,1.6336044444444443e-05,4.3711688888888895e-06,0.186,1308.7364444444445,1.8637777777777778,0.048044444444444445,1.8637777777777778,40.73434,-111.87211,309.1188888888889,12.617777777777778,875.0400000000001,92.3587111111111,0.567111111111111,426720.4888888889,1994.192,234.37022222222225,8369494.4182222225,0.0014341818287884665,4.452930683073538e-05,0.0007753136586664,0.00010520381273046602,0.0003346631193497111,0.0002340333038977,0.011307810754459644,0.2739538678876678,2.6459433943833943,4.102298343101344,7.118661866666667,0.3824056,1.3651066666666667,1.967350266666667,0.004838,0.1833048888888888,3.368859822222222,0.0073668,0.23097017777777779,0.2547359111111111,0.1899441333333333,0.2328728888888888,0.0113675555555555,0.004672279244508316,0.1237892888888888,0.0498844,0.0056982666666666,0.0458130222222222,0.1063590666666666,0.0312131555555555,0.0061394666666666,0.0025487555555555,3.118125,0.17550000000000002,0.1403087704921418,0.009250000000000001,0.001875,0.072,0.425625,0.19375,0.06975,0.009,0.036125000000000004,0.02429402939060635,2.0291257441418082,0.429625,0.298,0.00575,0.277875,0.0023711724595345427,0.06298151743903363,0.052500000000000005,0.088125,1.1105,0.16375,0.16173455867370715,0.03637943279593856,0.013932482720924688,0.017375,0.026875,0.37825,0.7947500000000001,0.002875,0.010875,0.07968025190537266,0.890125,0.026250000000000002,0.071125,0.188375,0.03125,0.040125,0.542125,0.004238616667123002,0.0054375,0.030008803305956448,0.015625,0.035124999999999997,0.0055,0.017254716576852836,0.010638379624284322,0.0073750000000000005,0.029875,0.0285,0.0935,0.01975,0.00575,0.133375,0.106875,0.015060275258088777,0.006282014280452011,0.006926285349666503,0.02507264735656512,0.007148944421093278,0.0002796651910640111,0.9859240502883126,900.0,959.0,869.6611822222222,33.93171111111111,965.6591333333332,189.2857688888889,10.056977777777778,0.15910666666666667,0.06689333333333333,43.38085530666667,45.202694324444444,46.42384859111111,48.85558458222222,50.524902600000004,50.90963108888889,50.67301823111111,51.02078875555556,50.64828983555556,51.49384606666667,52.28803652,55.241818773333335,54.984156742222225,51.09574856,41.13284968,141.00248264888887,52.314571888888885,20.813984182222224,5.9193107777777785,0.6280166266666666,0.3681962177777777,0.19724497777777777,0.14030445777777778,0.08841802222222223,0.05857636,0.04320071555555556,0.03714684888888889,0.025723844444444442,0.024208248888888888,0.025483426666666666,0.0339292,0.020629728888888886,0.011572982222222222,0.009148506666666667,0.008541244444444446,0.01238648,2.7443710666666665,8327111.777777778,1953.3674666666668,0.5494459336399087,0.22506581193919667,0.0,0.06974189253233358,2.055998180820507,0.0282444444444444,0.08276955723727938,0.07773229166666666,0.0113675555555555,0.27428781638802013,0.0,0.0,0.0076444444444444,0.0935,0.5430640731292518,0.0315888888888888,0.0,3.0953177322360497,0.22625308861116866,0.0,0.06879813344640634,0.0,0.088125,0.21219178175255282,0.13112682495851058,0.2139660573459758,0.23514007653920965,0.04407352454566896,0.0334596765886703,0.02304053932794938,0.36487696640202943,0.015855718968694695,1.2342869519651676,0.05114754635390877,0.02908078045273389,0.7924984874571042,0.5860492252157665,0.012145535714285715,0.02444089285714276,0.8437156747164404,0.007855467285456712,0.0018560706025696576,0.3391696519343601,0.05756977040816319,0.040634037066137454,0.029638637738076037,0.04647860863095238,0.044914795918367265,0.031015475456126016,0.033109462091395835,0.013385813492063432,0.14240595238095238,0.0,0.0,,,,0.008655723991268037,0.0105,0.38335552579143894,3.929341621455709,2.6981124133290466,65.64063096139418,1177.3334,1077.1647,0.7028871422145411,2024-08-09 00:15:00
2024-08-08 18:30:00,70.36133333333333,1.0,0.0398947091321024,0.42029619607604685,0.0027117722129611998,0.07183326047421494,1.9318044591949717,0.003601269333333333,0.00573988,0.01933546666666667,9.314546666666667e-26,8.365471111111113e-06,1.6519511111111112e-05,0.0001681431111111111,3.3632755555555556e-26,5.1793822222222225e-06,0.0009502,0.0006587057777777777,1.0887386666666665e-07,0.0755823111111111,0.004284742222222222,0.015496444444444445,0.11958622222222222,1.372128888888889e-05,3.1729466666666664e-06,0.186,1308.409777777778,1.994,0.050711111111111117,1.994,40.73434,-111.87211,308.61266666666666,12.898666666666665,874.956,88.3584,0.584,426001.0666666667,1995.8915555555557,233.9911111111111,8317429.705333333,0.0013735657285307,4.402940322904607e-05,0.0007981427788568999,0.00011772826238574229,0.00031795463517956667,0.00028837948724109996,0.011300500609131776,0.2614221144781145,2.676590973063973,4.115226759259259,7.098691644444444,0.3876249777777777,1.3598523111111112,1.8864784,0.0044678222222222,0.1871657777777778,3.334089511111111,0.0094678666666666,0.2785871555555556,0.2859584444444444,0.1740077333333333,0.1949960444444444,0.0075564,0.005832001955640721,0.1024619555555555,0.0397487111111111,0.0024730666666666,0.0487486666666666,0.1107566222222222,0.0300765777777777,0.0053678666666666,0.0028658222222222,3.1172500000000003,0.182,0.1332720899054364,0.0115,0.0017499999999999998,0.072,0.42625,0.1935,0.07050000000000001,0.009,0.03825,0.020942838178466434,2.0643245343832533,0.49824999999999997,0.312,0.0055,0.33575,0.003175290679601037,0.07188208324613979,0.056,0.09625,1.1099999999999999,0.16949999999999998,0.13318362628517538,0.03864093514234458,0.014726139171595647,0.02075,0.03075,0.3775,0.7995,0.00375,0.01075,0.06990505334127906,0.87025,0.0285,0.08124999999999999,0.20475,0.0335,0.04725,0.56025,0.003019132076062578,0.0053750000000000004,0.025538792725634647,0.018250000000000002,0.040249999999999994,0.007,0.012258337800480634,0.008457383216901338,0.00875,0.03375,0.03,0.109,0.0215,0.0075,0.14175,0.11475,0.010891183188016865,0.006060919349230967,0.008862593417627974,0.027902555551658992,0.0071840682679665665,0.00027005029982356667,0.9399134185351069,1800.0,1859.0,869.5842,33.56312888888889,988.60212,195.38021777777777,10.39679111111111,0.1594666666666667,0.06984444444444445,43.41578778222222,45.47876575111111,46.82882814222223,49.293533968888894,51.42465035111111,51.584825826666666,51.65326292444445,52.08983730222222,51.81688692,52.54129112444445,53.80860804,56.715304404444446,56.30239192444444,52.55011174222222,42.25620340888889,145.96387659111113,54.71975251111111,22.18986622222222,6.147386999999999,0.6634162977777778,0.40463834666666665,0.20279394222222222,0.13708138666666664,0.08644616444444445,0.06971371555555556,0.05052456888888889,0.035094124444444444,0.030251471111111112,0.025255084444444447,0.028527666666666666,0.026243564444444444,0.018253684444444442,0.012223835555555555,0.011705057777777778,0.008204466666666667,0.01067803111111111,2.848925422222222,8286128.266666667,1955.642311111111,0.6107768018360501,0.2343460432077033,0.0,0.06989350141427876,2.1456238606086946,0.0282444444444444,0.08293898334662388,0.07778125,0.0075564,0.2748283799056314,0.0,0.0,0.0076444444444444,0.109,0.5440573979591837,0.0315888888888888,0.0,3.103109478831111,0.24804386387979185,0.0,0.0774453036133747,0.0,0.09625,0.21638397182232044,0.13834532413381734,0.2296184086593809,0.2472716537369245,0.046571716031530576,0.035155792828715504,0.02708500925526739,0.3642716214119573,0.017263081188267675,1.2338682867126907,0.05239142707806351,0.03130529299598898,0.7799216481847311,0.5983894950652214,0.012185357142857144,0.02447892857142847,0.846762407312709,0.009376896055864557,0.001796197357325475,0.407434210200088,0.05764770408163257,0.04180206352022518,0.030419879838691093,0.046563169642857144,0.0449622448979591,0.03151390097904668,0.032658081593823926,0.013380357142857083,0.14239285714285713,0.0,0.0,,,,0.009468855066454104,0.016,0.37594252198543826,3.959899349929482,2.7077994628757085,66.14304894946429,1107.3334,1044.0581,0.8404868126385406,2024-08-09 00:30:00
2024-08-08 18:45:00,70.70222222222222,1.0,0.041694525758233465,0.4178715947680625,0.0027360296172816,0.07098284729895325,2.0123457225764976,0.0031240373333333337,0.00500944,0.017207155555555558,7.403195555555557e-26,6.521364444444445e-06,1.3426888888888888e-05,0.00013782311111111111,2.6951333333333335e-26,3.5956666666666663e-06,0.000795124,0.0005543728888888888,8.18779111111111e-08,0.06855431111111111,0.0036433999999999998,0.014248622222222222,0.10897373333333334,1.1132808888888889e-05,2.2029644444444442e-06,0.186,1308.6475555555555,2.3030666666666666,0.05031111111111111,2.3030666666666666,40.73433706666666,-111.87211,308.6535555555555,13.002222222222223,874.9,91.6108,0.6515555555555556,426445.8666666667,1998.1048888888888,245.51555555555555,8367676.324888889,0.0013129496282729333,4.3529499627356756e-05,0.0008209718990474,0.00013025271204101857,0.0003012461510094222,0.0003427256705845,0.011293190463803908,0.2409551708180708,2.8014699780219776,4.218953791208792,6.759328783337034,0.3993841075924075,1.3076924475746476,2.1211120452954453,0.005190218081918,0.1823802326913827,3.432438552316202,0.0100832789876789,0.28366323028823026,0.3175246797424797,0.1794764048710549,0.214101989014689,0.0101486171291671,0.006991724666773126,0.1146548459225959,0.0438642471935471,0.003499552049802,0.0435021769027269,0.1067437466255966,0.0305687572982573,0.0042330209087209,0.0024588495097495,3.116375,0.1885,0.13568676918335074,0.013750000000000002,0.0016250000000000001,0.072,0.426875,0.19325,0.07125000000000001,0.009,0.040375,0.02285872266388161,2.0934970859781394,0.566875,0.326,0.00525,0.393625,0.00397940889966753,0.08088062771251112,0.0595,0.104375,1.1095,0.17525,0.14758536802594227,0.03657725966105605,0.014001908502359769,0.024125,0.034625,0.37675000000000003,0.80425,0.004625,0.010624999999999999,0.07549355906514096,0.850375,0.03075,0.091375,0.221125,0.035750000000000004,0.054375,0.5783750000000001,0.0035142965282771383,0.0053125,0.028094309071421325,0.020875,0.045375,0.0085,0.014287087632987711,0.009342963813212627,0.010125,0.037625,0.0315,0.1245,0.02325,0.00925,0.150125,0.12262500000000001,0.012584018182605933,0.005839824418009922,0.010798901485589447,0.03073246374675286,0.007219192114839856,0.00026043540858312225,0.8939027867819013,2700.0,2759.0,869.5061244444445,33.23745777777778,1024.3661955555556,203.87126666666666,10.88148,0.1600888888888889,0.07350666666666666,44.7304298,46.56494347555555,47.95634464,50.824599600000006,52.97949067555555,53.11370839111111,53.224063844444444,53.64103829333333,53.58256504,54.412204844444446,55.76824438222222,58.39938249333333,58.180722457777776,54.088730444444444,43.79943173777778,152.90565597333335,58.12960961333333,23.545490955555557,6.5933872622222225,0.7062885644444444,0.44820232,0.20108655111111112,0.14897315555555554,0.09508757777777778,0.06718693777777777,0.04864352,0.03641574222222222,0.03027640888888889,0.029937973333333333,0.024751537777777777,0.028821693333333332,0.02141574222222222,0.011650444444444444,0.009448533333333333,0.006806746666666667,0.011205231111111111,2.9235059111111115,8327249.333333333,1957.5276888888889,0.6721076700321914,0.2436262744762099,0.0,0.07004511029622394,2.2352495403968824,0.0282444444444444,0.08310840945596837,0.07783020833333333,0.0101486171291671,0.27536894342324264,0.0,0.0,0.0076444444444444,0.1245,0.5450507227891157,0.0315888888888888,0.0,3.1910411995777777,0.26983463914841505,0.0,0.08609247378034304,0.0,0.104375,0.2205761618920881,0.14556382330912412,0.24527075997278602,0.25940323093463935,0.049069907517392194,0.036851909068760715,0.0311294791825854,0.36366627642188515,0.01867044340784066,1.2334496214602135,0.05363530780221826,0.03352980553924406,0.767344808912358,0.6107297649146763,0.012225178571428573,0.024516964285714184,0.8498091399089777,0.010898324826272402,0.0017363241120812926,0.47569876846581594,0.05772563775510196,0.04297008997431291,0.031201121939306152,0.0466477306547619,0.04500969387755094,0.03201232650196734,0.03220670109625201,0.013374900793650734,0.1423797619047619,0.0,0.0,,,,0.008726853332252055,0.021500000000000002,0.36383555448530824,4.084412244254798,2.7855204215414866,66.45788113643306,1037.3334,1006.5629,0.8574510987905072,2024-08-09 00:45:00
2024-08-08 19:00:00,69.66711111111111,1.0,0.04349434238436453,0.4154469934600782,0.002760287021602,0.07013243412369156,2.0928869859580232,0.0024369444444444443,0.004207057777777777,0.014776177777777778,5.88836e-26,4.8412844444444446e-06,1.0435635555555555e-05,0.00010815857777777777,2.1621244444444448e-26,2.36072e-06,0.0006378582222222221,0.00044686533333333333,5.864155555555556e-08,0.06023377777777778,0.0029694488888888887,0.012738888888888888,0.09632066666666667,8.647977777777778e-06,1.4561266666666665e-06,0.186,1308.716,2.6719999999999997,0.05266666666666667,2.6719999999999997,40.73433168888889,-111.87211,308.2006666666666,13.430666666666667,874.9,96.22968888888889,0.6991111111111111,427144.6222222222,2004.671555555556,255.0164444444445,8625041.473333335,0.0012523335280151665,4.302959602566744e-05,0.0008438010192378999,0.00014277716169629488,0.00028453766683927777,0.0003970718539279,0.011285880318476039,0.2467818666666666,3.599347555555556,5.027098666666667,8.445583662361713,0.4182463003348503,1.4850851273652277,2.985166755292856,0.0065266038868538,0.2083254814833314,3.717689435447885,0.0138547889184889,0.35302720297110296,0.3788522876382876,0.2328046887519887,0.2734746641136641,0.015967198044548,0.00815144737790553,0.1564178204980205,0.0607067097476597,0.0072653742942242,0.0539137094516594,0.1332395252876753,0.0375731254763754,0.0036288813038813,0.0026253074185074,3.1155,0.195,0.15923374967501014,0.016,0.0015,0.072,0.4275,0.193,0.07200000000000001,0.009,0.042499999999999996,0.029420992367391312,2.181667359783173,0.6355,0.33999999999999997,0.005,0.4515,0.004783527119734024,0.09836320684987691,0.063,0.11249999999999999,1.109,0.181,0.19233949834858427,0.05020307174168933,0.018783780018261944,0.027500000000000004,0.0385,0.376,0.8089999999999999,0.0055,0.010499999999999999,0.09463525684429613,0.8305,0.033,0.10149999999999999,0.2375,0.038,0.0615,0.5965,0.005540712668848326,0.00525,0.03684743986842011,0.0235,0.050499999999999996,0.01,0.022589564491710297,0.012967123031662043,0.0115,0.0415,0.033,0.14,0.025,0.011,0.1585,0.1305,0.01951179367419676,0.005618729486788878,0.012735209553550918,0.033562371941846726,0.007254315961713145,0.00025082051734267777,0.8478921550286956,3600.0,3659.0,869.5274755555555,32.94074222222222,1050.7584977777778,209.9223111111111,11.212475555555555,0.16015555555555555,0.07621333333333333,45.98605635111111,47.64026832888889,49.17300506666667,52.306675275555556,54.037753493333334,54.28942243555556,54.47562078222222,54.97792031111111,54.96425081333334,55.82193982666667,56.84187475111111,59.397484311111114,59.19300299555555,55.23424670666667,44.563939946666665,158.07479021777777,60.27447525777778,24.63229847111111,6.852160688888889,0.7403210933333334,0.44549684444444443,0.23021111555555557,0.15964939555555555,0.10760378666666666,0.06974753333333332,0.05453904444444445,0.03444824,0.03420678666666667,0.029828337777777776,0.032913297777777774,0.027310915555555555,0.017607515555555554,0.012783808888888889,0.007098568888888889,0.005164173333333333,0.012489582222222222,3.0849389777777776,8549255.555555556,1963.226,0.7334385382283328,0.2529065057447165,0.0,0.07019671917816912,2.3248752201850706,0.0282444444444444,0.08327783556531286,0.07787916666666667,0.015967198044548,0.2759095069408539,0.0,0.0,0.0076444444444444,0.14,0.5460440476190477,0.0315888888888888,0.0,3.32765676215836,0.29162541441703826,0.0,0.09473964394731141,0.0,0.11249999999999999,0.2247683519618557,0.1527823224844309,0.26092311128619117,0.2715348081323542,0.05156809900325382,0.03854802530880592,0.035173949109903416,0.363060931431813,0.02007780562741364,1.2330309562077366,0.054879188526372996,0.035754318082499154,0.7547679696399849,0.6230700347641314,0.012265,0.0245549999999999,0.8528558725052463,0.012419753596680249,0.00167645086683711,0.5439633267315438,0.05780357142857134,0.044138116428400646,0.031982364039921204,0.04673229166666666,0.04505714285714277,0.03251075202488801,0.0317553205986801,0.013369444444444383,0.14236666666666664,0.0,0.0,,,,0.013626061703632397,0.027000000000000003,0.3672822643821948,4.879950665860468,3.3910500822376606,61.0,1000.0,964.88403,0.8206722983389361,2024-08-09 01:00:00
2024-08-08 19:15:00,67.98977777777777,1.0,0.0452941590104956,0.41302239215209385,0.0027845444259223997,0.06928202094842988,2.1734282493395494,0.0018523675555555557,0.00334304,0.012031591111111111,4.654102222222223e-26,3.3868888888888887e-06,7.672484444444445e-06,8.024688888888889e-05,1.7235955555555557e-26,1.4552426666666666e-06,0.0004838951111111111,0.00034005822222222225,3.963457777777778e-08,0.05040502222222222,0.00228344,0.010901217777777777,0.08120906666666666,6.3560799999999995e-06,9.126644444444445e-07,0.186,1307.988,2.515822222222222,0.051333333333333335,2.515822222222222,40.73433426666667,-111.87211,307.56333333333333,14.062666666666667,874.9,100.52399999999999,0.8017777777777778,427615.7333333333,2008.7657777777777,249.87155555555557,8926232.979555555,0.0011917174277574,4.2529692423978125e-05,0.0008666301394284,0.00015530161135157114,0.0002678291826691333,0.00045141803727129996,0.011278570173148171,0.1803768444444444,3.5564448888888887,4.825934222222222,10.036119323809524,0.4024011301587301,1.5591642317460317,3.543367196825397,0.0062705936507936,0.2135865238095237,3.998209580952381,0.0138570857142857,0.5106155365079366,0.4020981809523809,0.2217639238095237,0.2970705111111111,0.0148388603174603,0.009311170089037936,0.1835999238095238,0.0674534571428571,0.0067943936507936,0.0511064031746031,0.1595048031746032,0.0426084666666666,0.0056850317460317,0.0039473968253968,3.114625,0.2015,0.15435872543283366,0.018250000000000002,0.001375,0.072,0.428125,0.19275,0.07275,0.009,0.044625,0.03369215108757774,2.2398481047581065,0.704125,0.354,0.00475,0.509375,0.005587645339800518,0.10498988255803182,0.0665,0.120625,1.1085,0.18675,0.21012565350895857,0.0637103456851083,0.0235240515077922,0.030875,0.042374999999999996,0.37525,0.81375,0.006375,0.010375,0.10709393853256713,0.810625,0.035250000000000004,0.11162499999999999,0.25387499999999996,0.04025,0.06862499999999999,0.614625,0.0063524536938949425,0.0051875,0.04254455574778401,0.026125000000000002,0.055624999999999994,0.0115,0.02591536758851431,0.014418887385496614,0.012875000000000001,0.045375,0.0345,0.15550000000000003,0.02675,0.01275,0.166875,0.138375,0.02228691940787338,0.005397634555567833,0.014671517621512389,0.0363922801369406,0.007289439808586434,0.00024120562610223335,0.8018815232754899,4500.0,4559.0,869.5359688888889,32.55344888888889,1049.0220044444445,211.62562666666665,11.365328888888888,0.16090666666666667,0.07758222222222222,44.46176115555556,46.756718066666664,48.23143980444444,51.19398644,53.297329999999995,53.81983283111111,54.07241921777778,54.76730668444444,54.60493648888889,55.58143260888889,56.535271711111115,59.40841449333333,59.07048476,55.459181235555555,44.9509542,160.7840966311111,61.62275156,25.394653857777776,7.001581062222223,0.7198432177777777,0.4449367911111111,0.2255552488888889,0.16428117333333334,0.10528561777777777,0.06889003111111111,0.05104388444444444,0.039591831111111114,0.03549851555555556,0.025394964444444446,0.03477352444444445,0.036016782222222224,0.01969736444444444,0.014749297777777778,0.005243533333333333,0.005228448888888889,0.011348564444444443,3.089913288888889,8875123.688888889,1966.986133333333,0.7947694064244741,0.26218673701322315,0.0,0.0703483280601143,2.4145008999732585,0.0282444444444444,0.08344726167465735,0.077928125,0.0148388603174603,0.2764500704584652,0.0,0.0,0.0076444444444444,0.15550000000000003,0.5470373724489797,0.0315888888888888,0.0,3.224305257310888,0.3134161896856615,0.0,0.10338681411427975,0.0,0.120625,0.22896054203162333,0.1600008216597377,0.2765754625995963,0.283666385330069,0.054066290489115446,0.04024414154885112,0.039218419037221425,0.36245558644174086,0.021485167846986623,1.2326122909552597,0.05612306925052774,0.037978830625754245,0.7421911303676119,0.6354103046135864,0.012304821428571429,0.024593035714285616,0.855902605101515,0.013941182367088092,0.0016165776215929274,0.6122278849972718,0.05788150510204074,0.045306142882488375,0.032763606140536264,0.04681685267857143,0.04510459183673461,0.033009177547808674,0.031303940101108194,0.013363988095238035,0.1423535714285714,0.0,0.0,,,,0.01848264927335105,0.0325,0.32800119441670783,4.83717377792212,3.240320873295311,63.952769223694574,1000.0,919.41956,0.8112179674331517,2024-08-09 01:15:00
2024-08-08 19:30:00,65.02088888888889,1.0,0.047093975636626664,0.4105977908441095,0.0028088018302428,0.06843160777316819,2.253969512721075,0.0013138306666666667,0.002452768888888889,0.009035924444444446,3.6253644444444447e-26,2.21008e-06,5.2808622222222226e-06,5.558497777777778e-05,1.355097777777778e-26,8.382795555555555e-07,0.00034167555555555555,0.0002405151111111111,2.50668e-08,0.03901382222222222,0.0016254133333333332,0.00868132,0.06343159999999999,4.3650755555555565e-06,5.414760000000001e-07,0.186,1308.611111111111,1.8437333333333332,0.0512,1.8437333333333332,40.73433364444445,-111.87211,307.20244444444444,14.024888888888889,874.8986666666666,107.63204444444445,0.8426666666666667,430490.0444444445,1999.4586666666669,260.124,8735299.488,0.0011311013274996331,4.202978882228881e-05,0.0008894592596188999,0.00016782606100684743,0.00025112069849898887,0.0005057642206146999,0.011271260027820303,0.1670567111111111,4.283163555555556,5.429975555555556,8.47667671111111,0.3778716444444444,1.4927481333333332,3.527016533333333,0.0028202222222222,0.2110819111111111,3.507101111111111,0.0128294666666666,0.8387866222222223,0.4169214222222222,0.2030461333333333,0.2741651555555556,0.0083623999999999,0.01047089280017034,0.1533470666666666,0.0640725777777777,0.0051375555555555,0.0463099555555555,0.1607973333333333,0.0471290222222222,0.0145542222222222,0.0053721777777777,3.11375,0.20800000000000002,0.14609392830990578,0.0205,0.0012500000000000002,0.072,0.42874999999999996,0.1925,0.0735,0.009,0.04675,0.028938480883492174,2.109824939930597,0.77275,0.368,0.0045000000000000005,0.56725,0.006391763559867012,0.10921552411595051,0.07,0.12874999999999998,1.108,0.1925,0.19285997925879364,0.06437504677866832,0.023757323125445092,0.03425,0.04625,0.3745,0.8185,0.0072499999999999995,0.01025,0.09322780341475646,0.7907500000000001,0.037500000000000006,0.12175,0.27025,0.042499999999999996,0.07575,0.63275,0.0059456801301889595,0.005125,0.036203838443845275,0.028750000000000005,0.06075,0.013000000000000001,0.02424876612803783,0.013691390139885934,0.01425,0.04925,0.036000000000000004,0.171,0.0285,0.014499999999999999,0.17525000000000002,0.14625,0.020896269250263083,0.005176539624346789,0.01660782568947386,0.03922218833203446,0.007324563655459722,0.0002315907348617889,0.7558708915222843,5400.0,5459.0,869.5298444444445,32.06583555555555,1010.7501333333333,209.45777333333334,11.386115555555556,0.1628888888888889,0.07894666666666668,41.47563261777778,43.286195142222226,44.44320281333333,47.33075946666666,49.221533235555555,50.054660231111114,50.312396217777774,51.130971448888886,51.19648513777778,52.417359893333334,53.74392621333333,57.33074838222222,57.49670375111111,54.34015259111111,44.688974653333325,163.12178379555556,63.274280875555554,26.452531955555557,7.395600666666667,0.7457783866666666,0.44540633333333335,0.23593446222222222,0.15701950222222222,0.10964105333333334,0.07029426666666666,0.055747408888888884,0.041086666666666674,0.03162833777777778,0.026105986666666667,0.029035057777777776,0.03193790666666666,0.018096493333333335,0.015686662222222224,0.005275546666666667,0.006805466666666666,0.010745973333333332,2.9161929333333334,8673317.333333332,1958.5829333333331,0.8561002746206154,0.2714669682817298,0.0,0.07049993694205949,2.5041265797614463,0.0282444444444444,0.08361668778400184,0.07797708333333334,0.0083623999999999,0.2769906339760765,0.0,0.0,0.0076444444444444,0.171,0.5480306972789116,0.0315888888888888,0.0,3.136697723,0.3352069649542847,0.0,0.11203398428124811,0.0,0.12874999999999998,0.23315273210139098,0.16721932083504448,0.29222781391300146,0.29579796252778384,0.056564481974977064,0.04194025778889633,0.043262888964539434,0.3618502414516687,0.022892530066559606,1.2321936257027826,0.05736694997468249,0.04020334316900933,0.7296142910952388,0.6477505744630413,0.012344642857142858,0.02463107142857133,0.8589493376977836,0.01546261113749594,0.001556704376348745,0.6804924432629997,0.05795943877551012,0.04647416933657611,0.03354484824115132,0.046901413690476186,0.04515204081632644,0.033507603070729336,0.03085255960353628,0.013358531746031684,0.14234047619047618,0.0,0.0,,,,0.01872164487543068,0.038,0.3201218342131179,5.561761906866058,3.6929191075074193,61.210814844357685,1000.0,870.76105,0.8083055797089562,2024-08-09 01:30:00
2024-08-08 19:45:00,63.34488888888889,1.0,0.04889379226275773,0.40817318953612514,0.0028330592345631998,0.0675811945979065,2.3345107761026007,0.0008721013333333334,0.0016007297777777777,0.005970506666666667,2.738746666666667e-26,1.3232622222222221e-06,3.3559466666666666e-06,3.538484444444444e-05,1.032996888888889e-26,4.480048888888889e-07,0.00022005999999999998,0.0001554932888888889,1.4630137777777778e-08,0.026405866666666666,0.0010474817777777778,0.006071653333333333,0.043328799999999994,2.7570355555555557e-06,3.0201511111111114e-07,0.186,1308.6106666666667,1.6764000000000001,0.052844444444444444,1.6764000000000001,40.73433026666667,-111.87211,306.2868888888889,14.753333333333334,874.8684444444444,103.56955555555555,0.6471111111111111,432988.7555555555,1998.192,283.8777777777778,8846827.463555556,0.0010704852272418665,4.1529885220599495e-05,0.0009122883798093999,0.00018035051066212372,0.00023441221432884444,0.0005601104039581,0.011263949882492436,0.1735156533333333,5.519192,7.304244888888888,9.249894133333331,0.3921765333333333,1.7165300444444445,4.134533333333334,0.0029697333333333,0.2219248888888888,3.564059511111111,0.0106401333333333,0.9005144444444445,0.4496481333333333,0.2553743111111111,0.3823242666666667,0.0204443999999999,0.011630615511302745,0.2099660444444444,0.1049136888888888,0.0047065777777777,0.0784719555555555,0.2340524888888888,0.0526756,0.0107873777777777,0.0069634666666666,3.1128750000000003,0.2145,0.16919931426323007,0.02275,0.0011250000000000001,0.072,0.429375,0.19225,0.07425,0.009,0.048875,0.03783509340432152,2.0845942347264597,0.841375,0.382,0.00425,0.625125,0.007195881779933506,0.11854488386984395,0.0735,0.136875,1.1075,0.19824999999999998,0.27438850978531093,0.1020475000501076,0.036978174122568104,0.037625000000000006,0.050125,0.37375,0.8232499999999999,0.008125,0.010125,0.11917862162646205,0.770875,0.03975,0.131875,0.286625,0.04475,0.082875,0.6508750000000001,0.010859515413391543,0.0050625,0.04807064925221352,0.031375,0.06587499999999999,0.0145,0.04438135533790491,0.02247957588466634,0.015625,0.053125000000000006,0.0375,0.1865,0.03025,0.01625,0.183625,0.154125,0.03769535950775071,0.004955444693125744,0.01854413375743533,0.04205209652712834,0.007359687502333011,0.00022197584362134445,0.7098602597690786,6300.0,6359.0,869.5362044444445,31.526262222222222,1029.7814888888888,215.81868444444444,11.820671111111112,0.16415555555555555,0.08243555555555555,42.646657293333334,43.804804168888886,44.88473667111111,47.50660662222222,49.33780850666667,50.10223845777777,50.315182084444444,51.466104933333334,51.50868458222222,52.86888604444445,54.17275455111111,57.720600080000004,58.245243617777774,55.45967369777778,45.776582186666666,169.45283248444446,66.5731576488889,27.98541393777778,7.870855111111111,0.7613881511111111,0.4757768711111111,0.22459805333333333,0.15289711555555555,0.10545340444444444,0.07798808444444445,0.05534613333333333,0.04023704888888889,0.03298576444444444,0.03351706222222222,0.02918005777777778,0.03228301333333333,0.020781853333333333,0.013620231111111112,0.007674413333333333,0.006076431111111111,0.012944737777777778,3.0219188444444445,8781998.0,1956.952311111111,0.9174311428167568,0.2807471995502364,0.0,0.07065154582400467,2.593752259549634,0.0282444444444444,0.08378611389334634,0.07802604166666667,0.0204443999999999,0.2775311974936877,0.0,0.0,0.0076444444444444,0.1865,0.5490240221088436,0.0315888888888888,0.0,3.1225061158977776,0.35699774022290787,0.0,0.12068115444821645,0.0,0.136875,0.2373449221711586,0.17443782001035124,0.30788016522640654,0.3079295397254987,0.05906267346083868,0.043636374028941535,0.04730735889185744,0.3612448964615966,0.024299892286132586,1.2317749604503057,0.05861083069883723,0.042427855712264415,0.7170374518228657,0.6600908443124962,0.012384464285714287,0.02466910714285704,0.8619960702940522,0.016984039907903786,0.0014968311311045627,0.7487570015287276,0.05803737244897951,0.04764219579066384,0.03432609034176638,0.046985974702380945,0.045199489795918285,0.03400602859365,0.03040117910596437,0.013353075396825335,0.14232738095238093,0.0,0.0,,,,0.032266907157463574,0.043500000000000004,0.3239425416361966,6.794166658473034,5.0972782860811305,59.662924131112256,1000.0,819.68091,0.832569455464407,2024-08-09 01:45:00
2024-08-08 20:00:00,63.92177777777777,1.0,0.0506936088888888,0.4057485882281408,0.0028573166388836,0.06673078142264481,2.415052039484127,0.0005222904,0.0008893164444444444,0.00325212,1.9461066666666667e-26,6.996733333333334e-07,1.9068324444444444e-06,2.014804e-05,7.398617777777778e-27,2.180959111111111e-07,0.00012567675555555556,8.999373333333334e-05,7.628124444444445e-09,0.014170844444444443,0.0005984431111111111,0.003304253333333333,0.023212622222222222,1.5564120000000002e-06,1.5455862222222222e-07,0.186,1308.060888888889,2.8093333333333335,0.05164444444444445,2.8093333333333335,40.73433706666666,-111.87211,305.01755555555553,15.322222222222223,874.8702222222222,101.57684444444445,0.5519999999999999,433705.5182965184,2003.601264975765,279.56661773411776,8792496.732153958,0.0010098691269841,4.102998161891018e-05,0.0009351174999999,0.0001928749603174,0.0002177037301587,0.0006144565873015,0.011256639737164568,0.1029897822222222,5.096,6.482592,9.21899737777778,0.4085651555555555,1.8748641777777777,4.019433511111111,0.0032296444444444,0.230506,3.844217155555556,0.008656,0.9170879555555556,0.4450720888888889,0.2691147111111111,0.3969490666666667,0.0226022222222222,0.01279033822243515,0.2146064,0.0975093333333333,0.00215,0.0812116,0.2825268888888889,0.0524190222222222,0.0120569777777777,0.0070723111111111,3.112,0.221,0.352,0.025,0.001,0.072,0.43,0.192,0.075,0.009,0.051,0.096,2.418,0.91,0.396,0.004,0.683,0.008,0.136,0.077,0.145,1.107,0.204,0.571,0.197,0.049,0.041,0.054,0.373,0.828,0.009,0.01,0.262,0.751,0.042,0.142,0.303,0.047,0.09,0.669,0.02,0.005,0.12,0.034,0.071,0.016,0.08,0.041,0.017,0.057,0.039,0.202,0.032,0.018,0.192,0.162,0.07,0.0047343497619047,0.0204804418253968,0.0448820047222222,0.0073948113492063,0.0002123609523809,0.663849628015873,7200.0,7259.0,869.5172577777778,31.755777777777777,1063.1452044444443,223.55224888888887,12.244582222222222,0.16412444444444446,0.08556444444444443,42.364754697777784,44.20109769333333,45.77707701333334,48.611676106666664,50.96218921333333,51.78315490666667,52.12405344,53.461500551111115,53.68174955111111,55.04089601333333,56.477831306666666,59.92629202666667,60.412409368888895,56.88426956,47.25048737777778,175.5063986622222,69.07846012444445,29.29633194222222,8.07477916888889,0.8006000311111111,0.5294307422222222,0.24943435111111112,0.18314484888888888,0.11061860444444443,0.07367908444444445,0.05640936888888889,0.04400556888888889,0.03129999555555556,0.027412199999999998,0.02961510666666667,0.03346916444444445,0.019596119999999998,0.011859875555555557,0.00907823111111111,0.008125044444444444,0.01195752888888889,3.0577691555555555,8715299.422222223,1962.4650666666664,0.9787620110128982,0.29002743081874305,0.0,0.07080315470594985,2.683377939337822,0.0282444444444444,0.08395554000269083,0.078075,0.0226022222222222,0.278071761011299,0.0,0.0,0.0076444444444444,0.202,0.5500173469387756,0.0315888888888888,0.0,3.21265313745986,0.3787885154915311,0.0,0.12932832461518481,0.0,0.145,0.24153711224092622,0.18165631918565803,0.3235325165398117,0.32006111692321354,0.06156086494670031,0.04533249026898674,0.05135182881917545,0.36063955147152443,0.02570725450570557,1.2313562951978287,0.05985471142299197,0.044652368255519506,0.7044606125504926,0.6724311141619512,0.012424285714285714,0.024707142857142757,0.8650428028903209,0.01850546867831163,0.00143695788586038,0.8170215597944556,0.0581153061224489,0.04881022224475157,0.035107332442381435,0.04707053571428571,0.045246938775510115,0.03450445411657067,0.02994979860839246,0.013347619047618987,0.1423142857142857,0.0,0.0,,,,0.07124109613272112,0.049,0.28222383445435656,6.372215340130618,4.481627293136298,52.0,933.5,767.10657,0.8727486210515137,2024-08-09 02:00:00
2024-08-08 20:15:00,62.788,1.0,0.088356737049617,0.4033239869201565,0.002881574043204,0.06588036824738311,2.6778326055833053,0.00027420680000000004,0.0004024462222222222,0.001391113777777778,1.2257400000000001e-26,3.0064226666666664e-07,8.870653333333333e-07,9.482639999999999e-06,4.642155555555555e-27,9.314826666666666e-08,5.938342222222222e-05,4.338017777777777e-05,3.303290666666667e-09,0.005464257777777777,0.0002856955111111111,0.0011483124444444444,0.008508640000000001,7.261133333333333e-07,6.843795555555556e-08,0.186,1308.788,2.9556,0.04933333333333333,2.9556,40.73434,-111.87211,303.95799999999997,15.723999999999998,874.8271111111111,111.36262222222221,0.6368888888888888,437460.12284937286,2006.7603864653863,307.5321850926851,8557087.82658697,0.0009294771983571,4.0530078017220864e-05,0.0011259089466089,0.0002063238905538,0.0002422454323454,0.0012882268709068,0.0112493295918367,0.0687486799999999,6.466435111111112,7.479529333333334,10.191037911111112,0.4178374666666666,2.085381688888889,5.124993466666667,0.0025734666666666,0.2558049333333333,4.012195333333334,0.0092564888888888,1.0515540444444444,0.4854805333333333,0.2922957333333333,0.4110227555555555,0.0254029333333333,0.013950060933567555,0.2402926666666666,0.1106697333333333,0.0048518222222222,0.0895836444444444,0.2477453777777777,0.0523256,0.0161126222222222,0.0081478222222222,3.082625,0.213,0.18550188291014305,0.022625,0.00096875,0.072125,0.4315,0.19275,0.076,0.009,0.046,0.042600354409838614,2.2167739993937126,0.83675,0.379875,0.0045000000000000005,0.724875,0.0075,0.12875957820043055,0.06925,0.13024999999999998,1.05325,0.187625,0.29602095113404836,0.10908925312408024,0.039449421945977205,0.036625000000000005,0.04825,0.36675,0.75025,0.00807309800788012,0.00975,0.13307856632968215,0.691375,0.038875,0.128375,0.273375,0.042624999999999996,0.08025,0.603,0.011552059115394269,0.004985179917716758,0.05442682703028028,0.030500000000000003,0.063375,0.014375,0.047218792300833465,0.02371816088778658,0.015625,0.051375000000000004,0.035125,0.183,0.029,0.016125,0.17375000000000002,0.14650000000000002,0.04006298143373759,0.0050923016983016,0.0238134894061494,0.0528687721367521,0.0089614427960927,0.0005575806093906,0.658897085143745,8100.0,8159.0,869.5255422222222,32.086928888888885,1085.60888,228.00323555555553,12.48267111111111,0.16408444444444445,0.08701333333333333,42.92081722666667,44.94038218222222,46.71883536,49.59736854222222,52.344547840000004,53.025939262222224,53.31550143111111,54.65277165777778,55.22878492444444,56.394836662222225,57.835942617777775,61.39443703111111,61.824561995555555,58.107876502222226,47.94533383555555,178.98435507555556,70.03309908888887,29.84475664888889,8.230727226666666,0.8359026088888888,0.5189854044444444,0.2505844088888889,0.17582980888888888,0.11111004000000001,0.08163338666666668,0.05936694666666666,0.04455491111111111,0.03315557777777778,0.0252186,0.035006173333333335,0.034587511111111115,0.020096097777777776,0.013328777777777778,0.009535928888888889,0.006028253333333333,0.012851484444444445,3.217074622222222,8527321.866666667,1965.494888888889,0.913297732756179,0.2793385930184095,0.0,0.07095476358789503,2.6038870435038843,0.0282444444444444,0.08412496611203532,0.07812395833333333,0.0254029333333333,0.27861232452891027,0.0,0.0,0.0076444444444444,0.183,0.5510106717687075,0.0315888888888888,0.0,3.490526100133039,0.35225504207620756,0.0,0.11769200920531382,0.0,0.13024999999999998,0.2295984839987619,0.16744847953902248,0.29521490385830773,0.29362514273117823,0.057934457951094726,0.0413416285277039,0.04581729102389817,0.35559500988758996,0.023294633557866172,1.186349780556555,0.05664135288559222,0.039726661909740384,0.6667300947333734,0.6274955108480738,0.012464107142857143,0.024745178571428474,0.8151726009198181,0.01653324619815331,0.0013770846406161974,0.866413842772898,0.05819323979591828,0.049978248698839295,0.03588857454299649,0.047155096726190476,0.04529438775510196,0.03500287963949133,0.02949841811082055,0.013342162698412636,0.14230119047619047,0.0,0.0,,,,0.034798794094186736,0.048625,0.2619689337393863,7.738632715308006,5.228616036765532,59.14860244888035,791.0,714.08069,0.9597868686615698,2024-08-09 02:15:00
2024-08-08 20:30:00,54.227555555555554,1.0,0.1276524444444444,0.40089938561217214,0.0029058314475243997,0.06502995507212142,3.054941671111111,0.00010823425777777778,0.00012498013333333335,0.00041142795555555554,5.4942e-27,9.044982222222223e-08,2.807417777777778e-07,3.035976888888889e-06,2.1050839999999997e-27,3.160160888888889e-08,1.9044773333333334e-05,1.4109844444444444e-05,1.0304684444444445e-09,0.0014314506666666667,9.216884444444444e-05,0.00024168995555555556,0.002043207111111111,2.314832888888889e-07,2.3132328888888885e-08,0.186,1309.007111111111,2.560888888888889,0.04857777777777778,2.560888888888889,40.73434,-111.87211,302.97266666666667,17.385777777777776,874.8915555555556,119.1044888888889,0.8986666666666667,443379.2,2003.5822222222223,333.3648888888889,9417070.187555555,0.0007113955555555,4.003017441553155e-05,0.0014774266666666,0.00021244,0.0002692933333333,0.0028988,0.0062885055973655,0.1294046695826395,9.694238966033968,11.605355627150628,11.406762755555556,0.4159920444444445,2.287858222222222,6.264506355555556,0.0026996888888888,0.3084922666666667,4.045681155555555,0.0101518222222222,2.1028357333333334,0.6339112,0.3580919111111111,0.6325504444444444,0.0454631111111111,0.015109783644699962,0.3938241777777778,0.1769574222222222,0.0070158222222222,0.0593992444444444,0.3660370666666666,0.0594911111111111,0.0205043555555555,0.0085348444444444,3.0532500000000002,0.20500000000000002,0.21455403313530716,0.02025,0.0009375,0.07225,0.433,0.1935,0.077,0.009,0.040999999999999995,0.06672495746173376,2.1551211011691507,0.7635000000000001,0.36375,0.005,0.76675,0.007,0.17107250977311866,0.0615,0.11549999999999999,0.9995,0.17124999999999999,0.4630048211058793,0.16992235201343672,0.060798319250713426,0.03225,0.042499999999999996,0.3605,0.6725,0.00714619601576024,0.0095,0.20344840504790562,0.63175,0.035750000000000004,0.11474999999999999,0.24375,0.03825,0.0705,0.537,0.019527522457172986,0.0049703598354335155,0.08660560289284144,0.027000000000000003,0.055749999999999994,0.012750000000000001,0.07989524927676522,0.037981938407524174,0.01425,0.04575,0.03125,0.164,0.026000000000000002,0.014249999999999999,0.1555,0.131,0.06732896020633149,0.0051287866666666,0.0284061155555555,0.0771492666666666,0.0101654488888888,0.0010832311111111,0.4846275733333333,9000.0,9059.0,869.5592222222222,32.18774666666666,1046.1195733333332,220.4148311111111,12.183173333333334,0.16563555555555556,0.08454222222222221,41.76981041333333,43.75697884,45.06458043111111,48.00631182666667,50.19749104444444,50.92372567555556,51.15435596444444,52.35815921333333,52.900952822222216,53.80638216,55.29737274666666,58.671556519999996,59.36013186666666,56.20476851111111,46.44578842222222,173.11359385777777,68.03346284444444,28.787958408888887,8.061751373333333,0.7930415511111111,0.48568779111111116,0.25491501777777775,0.16126325777777778,0.11036932,0.08666548444444443,0.057329653333333334,0.04571787555555555,0.03585163555555556,0.02883390222222222,0.029770515555555554,0.03837977333333333,0.02394990666666667,0.01785948,0.008936306666666666,0.007419675555555556,0.018465151111111112,3.5814943555555554,9323139.555555556,1961.510355555556,0.8478334544994598,0.268649755218076,0.0,0.07110637246984021,2.5243961476699464,0.0282444444444444,0.08429439222137981,0.07817291666666666,0.0454631111111111,0.27915288804652155,0.0,0.0,0.0076444444444444,0.164,0.5520039965986395,0.0315888888888888,0.0,3.7602601021022224,0.325721568660884,0.0,0.10605569379544283,0.0,0.11549999999999999,0.21765985575659758,0.1532406398923869,0.26689729117680383,0.2671891685391429,0.05430805095548915,0.03735076678642107,0.0402827532286209,0.35055046830365544,0.020882012610026774,1.1413432659152816,0.05342799434819246,0.03480095556396126,0.6289995769162542,0.5825599075341964,0.012503928571428572,0.024783214285714186,0.7653023989493154,0.014561023717994993,0.001317211395372015,0.9158061257513405,0.05827117346938768,0.05114627515292702,0.03666981664361155,0.047239657738095235,0.04534183673469379,0.03550130516241199,0.029047037613248637,0.013336706349206287,0.1422880952380952,0.0,0.0,,,,0.05667154748107272,0.04825,0.2978492345191694,10.956973543904557,8.320029806321465,51.24249716438814,648.5,661.70813,1.174304163518258,2024-08-09 02:30:00
2024-08-08 20:45:00,52.63955555555556,1.0,0.0935679377777777,0.3984747843041878,0.0029300888518448,0.06417954189685973,2.9767415733333333,2.7133005777777778e-05,1.8339161777777777e-05,5.587664e-05,1.1595321333333333e-27,1.557747422222222e-08,4.694007555555556e-08,5.019152e-07,4.626483288888889e-28,6.621177777777778e-09,3.068905333333333e-06,2.2910928e-06,1.859688311111111e-10,0.0001689395822222222,1.4603607555555555e-05,2.418490933333333e-05,0.00022439842222222222,3.8470284444444445e-08,4.674970222222222e-09,0.186,1308.0653333333332,2.602,0.04702222222222222,2.602,40.73434,-111.87211,301.87488888888885,18.690222222222225,874.8839999999999,119.76951111111111,1.424,436947.2,1988.8111111111111,264.0751111111111,9698151.52311111,0.0006714711111111,3.953027081384224e-05,0.0013908533333333,0.0001191155555555,0.00032748,0.0048299911111111,0.00169016,0.0645329849287749,4.669487866485366,5.953239315980316,10.32800407096237,0.4711598518592518,1.7442599045528546,4.2865847848965855,0.0023741051152551,0.3096405023088023,3.7611663472527472,0.0112431592389092,3.6493368515003515,0.7654639997872498,0.2308059767787768,0.4010366793206793,0.0227718801069301,0.016269506355832367,0.204117102001702,0.0921441005161505,0.0018089874865874,0.0283642606652606,0.5146352348799348,0.0446325469456469,0.0099971986938986,0.007694958012358,3.023875,0.197,0.15835122302279783,0.017875000000000002,0.00090625,0.072375,0.4345,0.19425,0.078,0.009,0.036,0.03691604158438323,1.9099027707948721,0.69025,0.347625,0.0055,0.808625,0.006500000000000001,0.20857409041409203,0.05375,0.10074999999999999,0.94575,0.15487499999999998,0.288493613743869,0.24634096727376945,0.08761683086936838,0.027875,0.03675,0.35425,0.5947499999999999,0.006219294023640361,0.00925,0.11649780950268841,0.572125,0.032625,0.10112499999999999,0.214125,0.033875,0.06075,0.47100000000000003,0.009323130819759272,0.004955539753150273,0.04684476535036213,0.0235,0.048125,0.011125,0.0380865981657012,0.019731817279404453,0.012875000000000001,0.040125,0.027375,0.14500000000000002,0.023,0.012374999999999999,0.13724999999999998,0.1155,0.03244287097870493,0.0046546755555555,0.0294672844444444,0.1092698533333333,0.0106958844444444,0.00139828,0.4840364044444444,9900.0,9959.0,869.5485955555556,31.76619111111111,914.4808044444445,194.46043555555556,10.752382222222222,0.16561777777777778,0.0749911111111111,36.280369004444445,37.60653143111111,38.63055429333333,41.24339946222222,42.88270715555555,43.62636776888889,44.01120192444444,45.077920662222226,45.323778804444444,46.36012718222222,47.75719125333333,51.00460674222222,51.78638724444444,49.68015336,41.69998470222222,156.2213398577778,60.88828524444445,25.341296346666663,7.1176416,0.6952135733333333,0.44267576000000003,0.2208158977777778,0.14160195111111112,0.09858965333333333,0.07241566666666667,0.049975391111111114,0.03761047111111111,0.03216101777777778,0.02866032888888889,0.02565037333333333,0.03286777777777778,0.01952968444444445,0.013574004444444445,0.00821812888888889,0.009298586666666667,0.012140057777777777,3.3425124,9622311.244444445,1945.6622666666665,0.7823691762427406,0.25796091741774246,0.0,0.07125798135178539,2.4449052518360084,0.0282444444444444,0.0844638183307243,0.078221875,0.0227718801069301,0.2796934515641328,0.0,0.0,0.0076444444444444,0.14500000000000002,0.5529973214285715,0.0315888888888888,0.0,3.4583248245866667,0.29918809524556045,0.0,0.09441937838557184,0.0,0.10074999999999999,0.20572122751443322,0.13903280024575132,0.2385796784952999,0.24075319434710757,0.050681643959883574,0.033359905045138236,0.034748215433343624,0.34550592671972097,0.018469391662187376,1.0963367512740079,0.050214635810792704,0.02987524921818213,0.591269059099135,0.537624304220319,0.012543750000000001,0.0248212499999999,0.7154321969788127,0.012588801237836676,0.0012573381501278325,0.9651984087297829,0.05834910714285706,0.05231430160701476,0.037451058744226606,0.047324218749999994,0.04538928571428563,0.03599973068533266,0.02859565711567673,0.013331249999999939,0.14227499999999998,0.0,0.0,,,,0.08414812776833847,0.047875,0.2594751914364053,5.946953621984867,4.084992035180305,49.775879949212886,506.0,611.09143,1.8579659631743353,2024-08-09 02:45:00
2024-08-08 21:00:00,51.58177777777778,1.0,0.0773575015873015,0.3960501829962034,0.0029543462561652,0.06332912872159804,2.9122953307936505,7.308836603174603e-06,1.076425911111111e-06,2.964176577777778e-06,6.748115546666667e-29,1.1575677333333333e-09,3.3145649777777777e-09,3.451638266666667e-08,2.682044352e-29,5.174407688888889e-10,2.0382377333333336e-07,1.5221231555555556e-07,1.3913837333333332e-11,7.440495555555556e-06,9.415808e-07,7.790416e-07,9.02986088888889e-06,2.666174933333333e-09,3.5860204444444445e-10,0.186,1308.0484444444446,2.4412444444444446,0.046400000000000004,2.4412444444444446,40.73434,-111.87211,300.93755555555555,19.616444444444443,874.9404444444444,116.00066666666666,0.9626666666666667,435093.68888888886,1985.2484444444444,239.90044444444445,9717367.982666668,0.0006410339682539,3.903036721215292e-05,0.0013101482539682,9.382920634920636e-05,0.0003483793650793,0.0044382069841269,0.0008339111111111,0.0313647862222222,3.052035555555556,3.8758141269841273,10.316310445521143,0.4210030251803751,1.8600705065860064,4.82626924942835,0.0026514743922743,0.3160430124986125,3.6999892495042,0.0078850028305028,3.8410392084156584,0.8095218618104117,0.2405252448588448,0.4437535595108595,0.0235835175158175,0.01742922906696477,0.1938828004939505,0.0903547871646871,0.0046454031376031,0.0347078686480186,0.4947706733377733,0.0500525405464905,0.0082670731564731,0.0068425216172716,2.9945,0.189,0.1626427433797166,0.0155,0.000875,0.0725,0.436,0.195,0.079,0.009,0.031,0.03530791267585425,1.8504154123966288,0.617,0.3315,0.006,0.8505,0.006,0.22113360619940808,0.046,0.086,0.892,0.13849999999999998,0.3206928841964986,0.23612534817120437,0.08403173974123712,0.0235,0.031,0.348,0.5169999999999999,0.005292392031520481,0.009000000000000001,0.1118070060234408,0.5125,0.029500000000000002,0.0875,0.1845,0.0295,0.051,0.405,0.00910784796285545,0.004940719670867032,0.04469975100155219,0.02,0.040499999999999994,0.0095,0.03720455774876106,0.019346793031521103,0.0115,0.0345,0.0235,0.126,0.02,0.010499999999999999,0.119,0.1,0.031706876396961445,0.0044985422222222,0.0273057593650793,0.1118263793650793,0.0099959685714285,0.0011542533333333,0.4886432761904762,10800.0,10859.0,869.6293066666666,31.85202222222222,836.4537244444443,177.53198222222224,9.814808888888889,0.16571555555555556,0.06825333333333333,33.88349992,35.04129330222222,35.64822053333333,37.82726484,39.19023874222223,39.814263275555554,40.210779351111114,40.88316003111111,41.04439232888889,42.07399467111111,43.51669872,46.42928600888889,47.03907083111111,45.46740945777778,38.04876757333333,143.90535207555556,55.46127574222223,22.79392240888889,6.362081071111111,0.64130812,0.42170379555555554,0.21161594222222221,0.13457498666666667,0.08928046666666667,0.060425528888888885,0.04918795555555555,0.03242152444444445,0.028065053333333333,0.030040066666666667,0.026429475555555557,0.027400657777777778,0.018797275555555555,0.014407355555555555,0.009494822222222223,0.00812260888888889,0.009411195555555555,3.2463804,9650943.911111107,1941.817688888889,0.7169048979860214,0.24727207961740896,0.0,0.07140959023373059,2.365414356002071,0.0282444444444444,0.0846332444400688,0.07827083333333333,0.0235835175158175,0.28023401508174406,0.0,0.0,0.0076444444444444,0.126,0.5539906462585035,0.0315888888888888,0.0,3.480165033344608,0.2726546218302369,0.0,0.08278306297570084,0.0,0.086,0.1937825992722689,0.12482496059911577,0.21026206581379597,0.2143172201550722,0.04705523696427799,0.029369043303855397,0.029213677638066343,0.3404613851357865,0.016056770714347978,1.0513302366327344,0.047001277273392955,0.02494954287240301,0.5535385412820157,0.49268870090644157,0.012583571428571428,0.024859285714285615,0.6655619950083099,0.010616578757678357,0.00119746490488365,1.0145906917082252,0.05842704081632645,0.05348232806110249,0.038232300844841666,0.04740877976190476,0.04543673469387746,0.03649815620825332,0.028144276618104817,0.013325793650793588,0.14226190476190476,0.0,0.0,,,,0.08047506620474515,0.0475,0.2398549535323923,4.33424323295856,2.5284115159982368,47.0,442.83334,552.04163,7.762304204986553,2024-08-09 03:00:00
2024-08-08 21:15:00,51.16888888888889,1.0,0.0752948507936508,0.3936255816882191,0.0029786036604856,0.06247871554633636,2.775698844761905,4.283655340659341e-06,2.9094068667377776e-08,8.951446344755555e-08,5.415947955945498e-31,2.6114828396189786e-11,7.409223707253408e-11,7.937993288363178e-10,2.1477265576134756e-31,1.2653188948483707e-11,4.828090253566445e-09,3.5910825690278105e-09,3.2081240746328877e-13,2.807051686222222e-07,2.304813382134623e-08,4.2982923675555555e-08,3.894975607911111e-07,6.126704618337419e-11,8.688458307035093e-12,0.186,1308.5635555555557,2.8374222222222225,0.04937777777777778,2.8374222222222225,40.73434,-111.87211,300.4104444444444,19.832,875.0195555555555,121.51626666666668,0.9542222222222222,436645.68888888886,1982.4053333333327,240.0186666666667,9488868.588444443,0.0006032263492063,3.853046361046361e-05,0.001278705079365,9.869777777777778e-05,0.000322719047619,0.0034185025396825,0.001274926031746,0.0460796626666666,3.6172942222222217,4.439722222222222,10.32001335873016,0.4129275777777777,1.6925134888888889,4.2759706,0.0023518793650793,0.2999782063492063,3.634607892063492,0.0058239015873015,3.0911012761904764,0.7640293904761905,0.1926060412698412,0.3542255206349206,0.0177755587301587,0.018588951778097176,0.1678668412698412,0.0787470031746031,0.00240363490213485,0.0252591047619047,0.411877073015873,0.0470305523809523,0.0100878317460317,0.0059883206349206,2.965125,0.181,0.1414841297891237,0.013125,0.00084375,0.072625,0.4375,0.19575,0.08,0.009,0.026000000000000002,0.031219991670232716,1.8186378862504284,0.54375,0.315375,0.006500000000000001,0.892375,0.0055,0.20816512825704186,0.03825,0.07125,0.83825,0.12212499999999998,0.25320814458008384,0.19349619448304015,0.06907137374160749,0.019125,0.02525,0.34175,0.43925,0.004365490039400601,0.00875,0.09988281638021154,0.452875,0.026375000000000003,0.073875,0.15487499999999998,0.025124999999999998,0.041249999999999995,0.339,0.007711246916055061,0.004925899588583789,0.03924704806999381,0.0165,0.032875,0.007875,0.03148251100832224,0.016849031364052816,0.010125,0.028875000000000005,0.019625,0.107,0.017,0.008624999999999999,0.10074999999999999,0.0845,0.02693227047577754,0.0044875631746031,0.0266157333333333,0.0970441755555555,0.0098435492063492,0.0012372003174603,0.3753726238095238,11700.0,11759.0,869.7130266666667,31.890604444444442,833.2953600000001,175.7853688888889,9.768973333333333,0.16655555555555557,0.06732444444444445,35.06113875555556,35.95493608444444,36.446854773333335,38.414380475555554,39.56951723555555,40.19737596,40.096661355555554,40.993140115555555,40.807353142222226,41.88372218222222,43.08118400888888,45.73454028888889,46.38651053333333,44.57937705333333,37.68392531111111,141.70396774666668,54.27917892,22.358379239999998,6.22009996,0.6372745022222223,0.4269732533333333,0.19165677333333334,0.12884124444444445,0.10631613777777778,0.07728544444444445,0.053674462222222226,0.038929026666666665,0.0295346,0.020334608888888887,0.034085111111111115,0.026235026666666668,0.021549195555555557,0.01891638222222222,0.010525382222222221,0.008502493333333333,0.012484173333333333,3.149661111111111,9438053.777777778,1939.7639555555556,0.6514406197293022,0.23658324181707543,0.0,0.07156119911567577,2.2859234601681333,0.0282444444444444,0.08480267054941329,0.07831979166666667,0.0177755587301587,0.28077457859935534,0.0,0.0,0.0076444444444444,0.107,0.5549839710884354,0.0315888888888888,0.0,3.3568743121679754,0.24612114841491334,0.0,0.07114674756582985,0.0,0.07125,0.18184397103010458,0.1106171209524802,0.18194445313229204,0.1878812459630369,0.04342882996867241,0.02537818156257256,0.023679139842789066,0.335416843551852,0.01364414976650858,1.0063237219914607,0.04378791873599319,0.020023836526623887,0.5158080234648965,0.44775309759256415,0.012623392857142857,0.02489732142857133,0.6156917930378072,0.008644356277520039,0.0011375916596394675,1.0639829746866678,0.05850497448979584,0.05465035451519022,0.03901354294545672,0.047493340773809525,0.045484183673469306,0.03699658173117398,0.027692896120532905,0.01332033730158724,0.1422488095238095,0.0,0.0,,,,0.06514760495854491,0.047125,0.24855935678089064,4.897844717874333,2.950938575122239,48.417627398131174,470.33334,498.57425,1.0,2024-08-09 03:15:00
2024-08-08 21:30:00,52.01333333333333,1.0,0.0546663955555555,0.39120098038023476,0.003002861064806,0.06162830237107467,2.5491545777777778,3.097828355311355e-06,7.359015966995556e-10,2.7412254229593333e-09,6.764208597050311e-37,2.4595395538150654e-13,9.494504568269698e-13,1.1701589618471236e-11,1.5102367022222221e-37,4.9319503112607855e-14,8.332026237488247e-11,6.187409192578943e-11,2.6705309887241124e-15,1.0382191644453334e-08,4.4655372362501347e-10,1.7430028973777779e-09,1.4740275704266667e-08,8.679208342475647e-13,4.2625336318198915e-14,0.186,1308.2057777777777,2.6231999999999998,0.05448888888888889,2.6231999999999998,40.734335244444445,-111.87211,299.89311111111107,19.898666666666667,875.1471111111111,120.95435555555557,1.1640000000000001,435709.15555555554,1975.9911111111112,229.36311111111112,9234396.969777778,0.0006136222222222,4.407111111111111e-05,0.0008957511111111,7.878222222222222e-05,0.0002400222222222,0.0021902888888888,0.0011771422222222,0.0715734217777777,3.2416444444444443,4.124968444444445,9.5393064,0.3454594666666667,1.454076266666667,3.507695155555556,0.0016305777777777,0.2569776,3.494467511111111,0.0068730222222222,2.289763688888889,0.7100158666666666,0.1735520888888889,0.3133065333333333,0.0146294222222222,0.01974867448922958,0.1396532444444444,0.0659440888888888,0.0001618666666666,0.0173547111111111,0.3361324,0.0401296,0.0066263111111111,0.0053026222222222,2.9357499999999996,0.173,0.1330709011541085,0.01075,0.0008125000000000001,0.07275,0.439,0.1965,0.081,0.009,0.021,0.02678675305261549,1.7290544068743898,0.4705,0.29925,0.007,0.93425,0.005,0.1927675652852022,0.0305,0.056499999999999995,0.7845,0.10574999999999998,0.22236409574258445,0.15454347322935466,0.05540122277169781,0.01475,0.019499999999999997,0.3355,0.36149999999999993,0.003438588047280722,0.0085,0.0869513585713496,0.39325,0.02325,0.06025,0.12525,0.020749999999999998,0.0315,0.273,0.00617085268501158,0.004911079506300547,0.03333374074988233,0.012999999999999998,0.02525,0.006249999999999999,0.025171325857110696,0.0140941016925447,0.00875,0.02325,0.01575,0.088,0.013999999999999999,0.006749999999999999,0.08249999999999999,0.069,0.021666074067470734,0.0045691733333333,0.0257260622222222,0.0937241822222222,0.0090474222222222,0.0010848888888888,0.4005381955555555,12600.0,12659.0,869.8292488888889,31.88392888888889,807.6052088888889,169.48835555555556,9.33016,0.16493333333333335,0.06458666666666667,34.07165514222223,34.79908974666667,35.39634963111111,37.36730794222222,38.45479474222223,39.21958580888889,39.133115653333334,39.67249098222222,39.71465970222222,40.59121741777778,41.752517168888886,44.59169387555555,44.89856904,43.45910574222223,36.47531281333333,136.81425131555554,52.30718592,21.22143023111111,5.958063048888889,0.6234228311111111,0.3893141066666666,0.17950551555555555,0.12493124,0.08886196888888889,0.06521658666666667,0.04350248444444445,0.03499757777777778,0.029240977777777778,0.019074333333333335,0.023855173333333334,0.024532782222222223,0.01472000888888889,0.012646995555555556,0.009198413333333332,0.010342373333333332,0.013288284444444444,2.903865911111111,9185633.466666669,1933.9743111111109,0.585976341472583,0.22589440401674193,0.0,0.07171280799762095,2.2064325643341953,0.0282444444444444,0.08497209665875778,0.07836875,0.0146294222222222,0.2813151421169666,0.0,0.0,0.0076444444444444,0.088,0.5559772959183674,0.0315888888888888,0.0,3.0924382078977777,0.2195876749995898,0.0,0.05951043215595886,0.0,0.056499999999999995,0.16990534278794023,0.09640928130584464,0.15362684045078812,0.16144527177100157,0.03980242297306683,0.021387319821289726,0.01814460204751179,0.3303723019679175,0.011231528818669182,0.9613172073501871,0.04057456019859344,0.01509813018084476,0.4780775056477773,0.40281749427868674,0.012663214285714286,0.024935357142857044,0.5658215910673043,0.006672133797361722,0.001077718414395285,1.1133752576651101,0.058582908163265224,0.05581838096927795,0.03979478504607178,0.04757790178571428,0.045531632653061135,0.037495007254094645,0.027241515622960996,0.01331488095238089,0.14223571428571427,0.0,0.0,,,,0.051142017847495336,0.04675,0.2636398748172464,4.523296241134771,2.715098747328205,49.19752460183478,497.83334,461.00333,1.0,2024-08-09 03:30:00
2024-08-08 21:45:00,50.904,1.0,0.0596628799999999,0.38877637907225043,0.0030271184691263997,0.06077788919581298,2.452290253333333,2.1081586444444444e-06,0.0,0.0,0.0,0.0,0.0,0.0,0.0,0.0,0.0,0.0,0.0,0.0,0.0,0.0,0.0,0.0,0.0,0.186,1307.908888888889,2.0876888888888887,0.05266666666666667,2.0876888888888887,40.73433422222222,-111.87211,299.65799999999996,20.098666666666666,875.2737777777778,133.55493333333334,1.288,439038.57777777774,1974.1004444444443,235.8062222222222,9108643.77777778,0.0007208088888888,5.2066666666666674e-05,0.0008316533333333,9.133777777777778e-05,0.0002218577777777,0.0021185066666666,0.0022080755555555,0.151554176,4.310317333333334,5.007984888888889,9.302509777777775,0.3563469777777778,1.5254000444444444,4.3063556,0.0025929333333333,0.2435262222222222,3.546907422222222,0.0071699111111111,1.8645753777777778,0.6975599111111112,0.1714173777777778,0.2874891111111111,0.0122925777777777,0.020908397200361986,0.1402321333333333,0.0629207555555555,0.0020885492757242168,0.0246572444444444,0.2655347999999999,0.0415687111111111,0.0063569333333333,0.0042632444444444,2.9063749999999997,0.165,0.13212832439688732,0.008375,0.00078125,0.072875,0.4405,0.19725,0.082,0.009,0.016,0.026877714605423302,1.711003886276984,0.39725,0.283125,0.0075,0.976125,0.0045000000000000005,0.1892167626988454,0.02275,0.041749999999999995,0.73075,0.08937499999999998,0.20290335430215115,0.1182377038004879,0.042659998713458686,0.010374999999999999,0.013749999999999998,0.32925,0.28374999999999995,0.002511686055160842,0.00825,0.08721668728108528,0.333625,0.020125,0.046625,0.09562500000000002,0.016374999999999997,0.02174999999999999,0.20700000000000002,0.005807097596032771,0.004896259424017305,0.03345507047346853,0.009499999999999998,0.017625000000000002,0.004624999999999999,0.023680976393333796,0.01344354116226347,0.007375,0.017625000000000002,0.011875,0.069,0.011,0.004874999999999999,0.06424999999999997,0.053500000000000006,0.02042249258392683,0.0046250266666666,0.0260902711111111,0.0907683199999999,0.0095779333333333,0.0011060533333333,0.3483405511111112,13500.0,13559.0,869.9637911111112,31.87252,791.3473555555555,166.09455111111112,9.093484444444444,0.1640888888888889,0.06313777777777778,32.99747371555556,33.86658408,34.55216313333333,36.18824762222222,37.578367128888885,38.17472841777778,38.26143884,38.97402317777778,38.95124022666667,39.88369566666667,41.03305416,43.95831423111111,44.28259902222223,42.809725857777785,35.913948168888886,134.31729877777778,51.46311244444444,20.6909948,5.817491213333333,0.5792412577777778,0.3681964711111111,0.1786672622222222,0.1337607822222222,0.09108749333333334,0.05682585777777778,0.04200934222222222,0.03214621333333333,0.03131412888888889,0.023098542222222223,0.019145644444444443,0.029550355555555557,0.012774906666666667,0.011738462222222221,0.006050248888888889,0.006627382222222223,0.010564386666666667,2.8912797777777777,9057750.666666666,1932.807733333333,0.5205120632158639,0.2152055662164084,0.0,0.07186441687956613,2.1269416685002573,0.0282444444444444,0.08514152276810227,0.07841770833333334,0.0122925777777777,0.28185570563457785,0.0,0.0,0.0076444444444444,0.069,0.5569706207482994,0.0315888888888888,0.0,3.059289586946667,0.19305420158426626,0.0,0.047874116746087866,0.0,0.041749999999999995,0.1579667145457759,0.08220144165920908,0.1253092277692842,0.13500929757896624,0.03617601597746126,0.01739645808000689,0.012610064252234515,0.325327760383983,0.008818907870829784,0.9163106927089135,0.03736120166119369,0.010172423835065635,0.44034698783065807,0.3578818909648093,0.012703035714285715,0.024973392857142757,0.5159513890968017,0.0046999113172034035,0.0010178451691511025,1.1627675406435527,0.05866084183673461,0.05698640742336568,0.04057602714668683,0.04766246279761904,0.04557908163265297,0.037993432777015314,0.026790135125389084,0.01330942460317454,0.14222261904761904,0.0,0.0,,,,0.03808815151918166,0.046375,0.3109515012177592,5.5888360772929815,3.3767284429822704,48.172985959495726,525.33331,460.54266,1.0,2024-08-09 03:45:00
2024-08-08 22:00:00,51.24977777777778,1.0,0.0587360482539682,0.3863517777642661,0.0030513758734468,0.05992747602055129,2.354886085079365,1.8202863298682797e-06,0.0,0.0,0.0,0.0,0.0,0.0,0.0,0.0,0.0,0.0,0.0,0.0,0.0,0.0,0.0,0.0,0.0,0.186,1307.8675555555556,2.259244444444444,0.05146666666666667,2.259244444444444,40.73433986666667,-111.87211,299.3891111111111,20.288,875.384,124.49986666666668,1.6862222222222223,439642.13333333336,1973.580888888889,241.444,8965203.304444443,0.0007944085714285,3.665904761904762e-05,0.0007840479365079,0.0001102298412698,0.0002119447619047,0.002305612063492,0.0018310847619047,0.28312036,4.646833333333333,6.185864444444445,9.087533511111111,0.3462494222222222,1.5203357777777775,3.974281244444444,0.0030594222222222,0.2293248,3.5531765333333336,0.0068870666666666,1.6257041777777779,0.6958388,0.1646057777777777,0.2445571111111111,0.0119436,0.02206811991149439,0.1291732444444444,0.0580740888888888,0.004015231884781833,0.0237276,0.2224803111111111,0.0381304,0.0050828888888888,0.0038359111111111,2.877,0.157,0.145,0.006,0.00075,0.073,0.442,0.198,0.083,0.009,0.011,0.021,1.767,0.324,0.267,0.008,1.018,0.004,0.22,0.015,0.027,0.677,0.073,0.138,0.124,0.046,0.006,0.008,0.323,0.206,0.0015847840630409625,0.008,0.065,0.274,0.017,0.033,0.066,0.012,0.012,0.141,0.004,0.0048814393417340625,0.022,0.006,0.01,0.003,0.015,0.011,0.006,0.012,0.008,0.05,0.008,0.003,0.046,0.038,0.013,0.0048645292063492,0.0273282942857142,0.0917743885714285,0.0105219012698412,0.0011916266666666,0.3145158698412698,14400.0,14459.0,870.0731022222222,31.919586666666664,794.3777955555556,166.39884444444445,9.139102222222222,0.16451555555555558,0.06315111111111112,33.554842853333334,34.43277219111111,35.12193257777778,36.680135279999995,37.939543711111114,38.54245572,38.64670196888889,39.250802639999996,39.05542204,39.99752043555556,40.9861732,43.70987552,44.281224235555555,42.56336947111111,36.01897507111111,134.15314725333334,51.140090057777776,20.828036364444447,5.812774444444444,0.5842887644444444,0.37821687555555555,0.18116164,0.12476833333333334,0.08742902666666666,0.06321433333333333,0.04674839111111111,0.033332386666666665,0.031199013333333334,0.02719544,0.022871262222222223,0.028376497777777777,0.013873466666666667,0.01303484888888889,0.008365173333333333,0.007345706666666666,0.010531893333333332,2.848698711111111,8919297.822222224,1932.1956444444445,0.45504778495914466,0.20451672841607488,0.0,0.07201602576151131,2.04745077266632,0.0282444444444444,0.08531094887744677,0.07846666666666667,0.0119436,0.2823962691521891,0.0,0.0,0.0076444444444444,0.05,0.5579639455782314,0.0315888888888888,0.0,3.0350244201950085,0.1665207281689427,0.0,0.03623780133621687,0.0,0.027,0.14602808630361158,0.06799360201257351,0.09699161508778026,0.1085733233869309,0.032549608981855674,0.013405596338724051,0.0070755264569572355,0.3202832188000485,0.006406286922990387,0.8713041780676399,0.03414784312379393,0.005246717489286512,0.40261647001353884,0.3129462876509319,0.012742857142857143,0.025011428571428473,0.4660811871262989,0.002727688837045085,0.0009579719239069199,1.212159823621995,0.058738775510204,0.05815443387745341,0.04135726924730189,0.04774702380952381,0.04562653061224481,0.038491858299935976,0.026338754627817172,0.013303968253968191,0.14220952380952379,0.0,0.0,,,,0.04217117048921709,0.046,0.38877785088000893,5.924365505645399,4.259294217110839,46.0,516.66669,460.08203,1.0,2024-08-09 04:00:00
2024-08-08 22:15:00,52.19288888888889,1.0,0.0538678517460317,0.3839271764562817,0.0030756332777672,0.0590770628452896,2.315652571746032,2.054287758818959e-06,0.0,0.0,0.0,0.0,0.0,0.0,0.0,0.0,0.0,0.0,0.0,0.0,0.0,0.0,0.0,0.0,0.0,0.186,1307.0346666666667,1.3042222222222222,0.04382222222222222,1.3042222222222222,40.73434,-111.87211,299.13,20.325333333333333,875.4288888888889,118.75315555555555,1.8164444444444443,439716.4,1974.286222222222,284.4915555555555,8895934.039111111,0.0008504349206349,2.6261587301587305e-05,0.0008152498412698,9.134095238095238e-05,0.00022524,0.0020533244444444,0.0016206384126984,0.2805668222222222,3.9232613333333335,5.3086720000000005,10.469693155555555,0.3431450222222222,1.5542792888888888,3.787338177777778,0.0027562666666666,0.2202256444444444,3.480747688888889,0.0064848,1.4262000444444445,0.6940555111111111,0.17028,0.2620338222222222,0.0157210666666666,0.023227842622626796,0.1431645777777777,0.0636427111111111,0.00594191449383945,0.0202087111111111,0.1956465333333333,0.0354564444444444,0.0060184444444444,0.0048511111111111,2.89925,0.169625,0.1316261178678946,0.006500000000000001,0.00071875,0.073,0.441375,0.19775,0.083875,0.009,0.015875,0.027338493358149567,1.7215991457574908,0.333,0.26825,0.00775,0.942625,0.004,0.18821776807911275,0.026625,0.045625,0.7313750000000001,0.07575,0.18371558291683424,0.08229671861992724,0.030046792816346566,0.009000000000000001,0.013375,0.313,0.281875,0.002761686055160842,0.00825,0.08856074780072912,0.302375,0.02125,0.052250000000000005,0.09325,0.017,0.02475,0.19887499999999997,0.005893960332752686,0.00486661925945082,0.034069683537746254,0.008875000000000001,0.016625,0.00575,0.02403686373900956,0.013598891478380913,0.006500000000000001,0.013375,0.01125,0.065,0.0155,0.005875,0.06912499999999999,0.05875,0.020719453078137617,0.0049982301587301,0.0272949663492063,0.0881527082539682,0.0109512603174603,0.0012126104761904,0.3190901755555555,15300.0,15359.0,870.1252933333333,31.990515555555554,795.8691111111111,166.11484000000002,9.112897777777778,0.16434222222222225,0.06294222222222222,34.24494747111111,34.91588014222222,35.329125964444444,37.12359870666667,38.34354263555556,38.84336561333334,38.58790316444445,39.27193030666667,39.390177871111106,40.06124276888889,41.111230133333336,43.73333274666666,44.20217014222222,42.60575213777778,35.55618346666667,133.39210312444445,50.99253848,20.6782296,5.831009164444445,0.5939799866666667,0.38153231555555556,0.17224209777777777,0.13124876444444444,0.08089129777777777,0.06021019111111112,0.04155257333333333,0.029111559999999998,0.02767250222222222,0.021345284444444446,0.03140340444444444,0.03075484888888889,0.017317071111111113,0.013299657777777777,0.006482142222222222,0.007445391111111112,0.008299933333333334,2.856043377777778,8844757.733333334,1933.4924888888888,0.4630911775094583,0.20534532049362011,0.0,0.07216763464345649,2.130360631761932,0.0282444444444444,0.08548037498679126,0.078515625,0.0157210666666666,0.2829368326698004,0.0,0.0,0.0076444444444444,0.065,0.5589572704081633,0.0315888888888888,0.0,3.0463058264318645,0.18190245188797086,0.0,0.052678100172181386,0.0,0.045625,0.14803304677176132,0.08701377444274692,0.12303903941085138,0.14207096191793456,0.03343606402522593,0.017296686536474818,0.014312998958473676,0.3122119522657533,0.012437839292588881,0.9168340242745098,0.03684291802612921,0.012635277007955198,0.4205720833143482,0.3523500458598812,0.012782678571428572,0.025049464285714185,0.5147487314930114,0.004080069966296503,0.0008980986786627375,1.1232537142607986,0.058816709183673384,0.05932246033154114,0.04213851134791695,0.04783158482142857,0.045673979591836646,0.038990283822856645,0.025887374130245264,0.01329851190476184,0.14219642857142856,0.0,0.0,,,,0.02516544464268436,0.045375,0.38726733717559764,5.202914818213551,3.6020283488483624,49.363355375674914,466.66666,459.62137,1.0,2024-08-09 04:15:00
2024-08-08 22:30:00,51.85111111111111,1.0,0.0596183371428571,0.3815025751482974,0.0030998906820876,0.058226649670027913,2.3252237850793653,2.4295368383838383e-06,0.0,0.0,0.0,0.0,0.0,0.0,0.0,0.0,0.0,0.0,0.0,0.0,0.0,0.0,0.0,0.0,0.0,0.186,1307.3013333333333,80.4608,0.04568888888888889,80.4608,40.73434,-111.87211,299.0588888888889,20.297777777777778,875.4862222222223,131.00044444444444,1.4422222222222223,440888.7555555556,1975.9311111111112,261.4244444444445,8905560.010666667,0.001052866031746,4.710380952380953e-05,0.0009330707936507,0.000100293015873,0.0002677552380952,0.0026382669841269,0.0025866346031746,0.14939236,4.071498666666667,4.949372444444444,9.396146533333331,0.3471567555555556,1.6031343999999998,4.142970044444445,0.0022100444444444,0.2235809777777778,3.618274444444444,0.0049313777777777,1.2526081333333332,0.6877287111111111,0.1670800444444444,0.2907653777777777,0.0175375111111111,0.0243875653337592,0.1406916,0.0614069777777777,0.007868597102897067,0.0229087111111111,0.1817048888888889,0.0403336444444444,0.0066618222222222,0.0068093333333333,2.9215,0.18225,0.1302131848882946,0.007,0.0006875,0.073,0.44075,0.1975,0.08475,0.009,0.02075,0.026949911191444593,1.7440508905176273,0.342,0.2695,0.0075,0.8672500000000001,0.004,0.18641419566725212,0.03825,0.06425,0.7857500000000001,0.0785,0.20537294936633343,0.07512703964133252,0.027530650403474594,0.012,0.01875,0.303,0.35775,0.003938588047280722,0.0085,0.08742727984931929,0.33075,0.025500000000000002,0.07150000000000001,0.1205,0.022,0.037500000000000006,0.25675,0.005624966051297474,0.004851799177167578,0.03355137041069957,0.01175,0.02325,0.0085,0.022934760991110456,0.013117806628468844,0.007,0.01475,0.0145,0.08,0.023,0.00875,0.09225,0.07949999999999999,0.019799833483162308,0.0050771304761904,0.0272393507936507,0.0863880469841269,0.0116132038095238,0.001280378095238,0.3304142739682539,16200.0,16259.0,870.1548577777778,31.93702222222222,797.1477422222222,165.96556444444442,9.090906666666665,0.16418222222222223,0.06280444444444445,34.907505320000006,35.44736656,35.732662715555556,37.57900468444445,38.52450622666667,38.86740148888889,38.59410459111111,39.35538452888889,39.08875936888889,40.08435098666667,40.84890667111111,43.486537688888895,44.08509910666667,42.420758955555556,35.65884056888889,133.42014240444445,50.99202828,20.669057751111108,5.7754727911111114,0.5812060844444444,0.36171427111111115,0.1814417911111111,0.12051830666666667,0.08102491555555555,0.055747408888888884,0.04343817333333333,0.029730444444444445,0.026220164444444447,0.026192533333333334,0.021967084444444444,0.02493539111111111,0.017894173333333332,0.01251116888888889,0.007117662222222222,0.007800742222222223,0.01026068888888889,2.8401977777777776,8850185.066666665,1934.943511111111,0.4711345700597719,0.20617391257116535,0.0,0.07231924352540167,2.213270490857545,0.0282444444444444,0.08564980109613574,0.07856458333333333,0.0175375111111111,0.28347739618741163,0.0,0.0,0.0076444444444444,0.08,0.5599505952380953,0.0315888888888888,0.0,3.0768368422044445,0.197284175606999,0.0,0.06911839900814591,0.0,0.06425,0.15003800723991106,0.10603394687292034,0.1490864637339225,0.17556860044893824,0.03432251906859618,0.02118777673422558,0.021550471459990117,0.30414068573145814,0.018469391662187376,0.9623638704813796,0.03953799292846449,0.020023836526623883,0.43852769661515756,0.39175380406883054,0.0128225,0.0250874999999999,0.5634162758597239,0.005432451095547921,0.0008382254334185549,1.0343476048996023,0.05889464285714277,0.06049048678562887,0.042919753448532,0.047916145833333326,0.04572142857142848,0.039488709345777306,0.02543599363267335,0.013293055555555492,0.14218333333333333,0.0,0.0,,,,0.02258756149970706,0.04475,0.3096727056883438,5.350717560769091,3.3328111025711102,49.04770224428119,416.66666,459.16074,1.0,2024-08-09 04:30:00
2024-08-08 22:45:00,47.89644444444445,1.0,0.0961501066666666,0.37907797384031305,0.003124148086408,0.057376236494766225,2.459610167936508,1.4712124775132277e-06,0.0,0.0,0.0,0.0,0.0,0.0,0.0,0.0,0.0,0.0,0.0,0.0,0.0,0.0,0.0,0.0,0.0,0.186,1308.5057777777777,17.735955555555556,0.04608888888888889,17.735955555555556,40.73434,-111.87211,299.1548888888889,20.859111111111112,875.5404444444445,144.02444444444444,1.328888888888889,448087.3777777778,1983.3466666666668,246.5413333333333,9192195.010666668,0.0012279949206349,3.419587301587302e-05,0.0012050419047619,0.0001632653968253,0.0003144504761904,0.0041336215873015,0.0072035025396825,0.0445749739704739,5.965673724109224,6.617960828134829,9.946927883176082,0.3317380574111074,1.9696713758260256,5.411652194022644,0.0036222369537869,0.2428596124986125,3.769659181407482,0.0057194435582935,1.194840454902505,0.7201641825193325,0.2214790439893439,0.4869634336145336,0.029315266035816,0.025547288044891606,0.1979684288822288,0.0863909121138121,0.009795279711954683,0.0286801909257409,0.2114928242479742,0.056318708084508,0.0067797827061827,0.0067155934898434,2.94375,0.19487500000000002,0.15423293740666694,0.0075,0.00065625,0.073,0.440125,0.19725,0.085625,0.009,0.025625000000000002,0.03594989269918273,1.8384915333719931,0.35100000000000003,0.27075000000000005,0.00725,0.791875,0.004,0.19566053210867002,0.049875,0.08287499999999999,0.840125,0.08125,0.3532637652227801,0.09044588777369023,0.03290667959770285,0.015000000000000001,0.024125,0.293,0.433625,0.005115490039400602,0.00875,0.11367961841854496,0.359125,0.02975,0.09075,0.14775,0.026999999999999996,0.05025,0.31462499999999993,0.008630930745049961,0.004836979094884336,0.04555606068816094,0.014625,0.029875,0.01125,0.03525056908617552,0.01849384683910683,0.0075,0.016125,0.017750000000000002,0.095,0.030500000000000003,0.011625,0.11537499999999999,0.10024999999999999,0.030076423822645065,0.0051206244444444,0.0269504631746031,0.0821095422222222,0.0124114031746031,0.0015318939682539,0.2817776314285714,17100.0,17159.0,870.2135733333332,31.895462222222225,775.8414755555556,162.48029777777776,8.957515555555554,0.16508444444444445,0.061622222222222224,32.79054078666667,33.43455882666667,33.951671293333334,35.72226272444444,37.13900065333334,37.643837373333334,37.746495853333336,38.298422102222226,38.33117969333333,39.10726003111111,40.23889612888889,42.731391466666665,43.30589481333333,41.52113749333333,35.30733612444445,131.32847524444443,49.78441731555555,20.122079213333333,5.718976826666666,0.5710680444444445,0.36632453333333337,0.1773455688888889,0.11870924000000001,0.0890604488888889,0.06038047111111111,0.04677835111111111,0.028286626666666665,0.02614071111111111,0.024178795555555556,0.02048502666666667,0.025653164444444446,0.022267128888888887,0.014720835555555556,0.008833031111111111,0.007609533333333334,0.00964712,3.021549511111111,9130803.422222223,1941.0470666666663,0.47917796261008555,0.2070025046487106,0.0,0.07247085240734685,2.2961803499531577,0.0282444444444444,0.08581922720548024,0.07861354166666666,0.029315266035816,0.2840179597050229,0.0,0.0,0.0076444444444444,0.095,0.5609439200680273,0.0315888888888888,0.0,3.2212449222933333,0.21266589932602714,0.0,0.08555869784411044,0.0,0.08287499999999999,0.1520429677080608,0.12505411930309374,0.17513388805699365,0.20906623897994192,0.03520897411196643,0.02507886693197635,0.02878794396150656,0.29606941919716295,0.02450094403178587,1.0078937166882493,0.04223306783079977,0.027412396045292567,0.4564833099159669,0.43115756227777985,0.01286232142857143,0.025125535714285614,0.6120838202264364,0.006784832224799338,0.0007783521881743725,0.9454414955384058,0.058972576530612164,0.0616585132397166,0.04370099554914706,0.04800070684523809,0.04576887755102032,0.03998713486869797,0.02498461313510144,0.013287599206349143,0.14217023809523807,0.0,0.0,,,,0.028095506902581203,0.044125,0.24766927678432613,7.239339421908264,4.583056929156547,45.39532049767346,366.66666,458.70007,1.0,2024-08-09 04:45:00
2024-08-08 23:00:00,47.38622222222222,1.0,0.096415285079365,0.3766533725323287,0.0031484054907283997,0.05652582331950454,2.417517266984127,1.788261548941799e-06,0.0,0.0,0.0,0.0,0.0,0.0,0.0,0.0,0.0,0.0,0.0,0.0,0.0,0.0,0.0,0.0,0.0,0.186,1308.7142222222221,2.3017777777777777,0.043333333333333335,2.3017777777777777,40.73434,-111.87211,299.0708888888889,20.653333333333332,875.7346666666667,151.52675555555555,1.6657777777777778,448181.4666666667,1985.232,263.6075555555556,9083218.013333334,0.0011164571428571,2.665079365079365e-05,0.0011470539682539,0.0001990161904761,0.0003227736507936,0.0051388012698412,0.0058358161904761,0.0460797005155955,5.364862512691013,6.895276920579421,10.0230388500518,0.3463353384041884,2.022017139003589,5.9902345779498285,0.0026173327191327,0.2447149165094164,3.7234047895844897,0.0052266526732526,1.004859547898398,0.7021987484182485,0.2878053396029896,0.509930217034817,0.0339274631146631,0.02670701075602401,0.222214809040959,0.1016225006660006,0.0117219623210123,0.0360518005254005,0.2005703503311503,0.0501701526103526,0.0057764382987382,0.0070556043845043,2.966,0.20750000000000002,0.18351915993701404,0.008,0.000625,0.073,0.4395,0.197,0.0865,0.009,0.030500000000000003,0.039759757479002386,1.868780207906898,0.36,0.272,0.007,0.7165,0.004,0.1905391498440472,0.0615,0.10149999999999999,0.8945000000000001,0.08399999999999999,0.370575742770866,0.08482885802172957,0.03093542721172195,0.018000000000000002,0.0295,0.28300000000000003,0.5095,0.0062923920315204815,0.009000000000000001,0.12479273681959936,0.3875,0.034,0.11,0.175,0.032,0.063,0.37249999999999994,0.010463533120713688,0.004822159012601094,0.050637876316495266,0.0175,0.0365,0.014000000000000002,0.04275896704578683,0.02177137836905305,0.008,0.0175,0.021,0.11000000000000001,0.038000000000000006,0.014499999999999999,0.1385,0.121,0.03634160182323861,0.0051435974603174,0.0265941603174603,0.0806622193650793,0.0122888057142857,0.0014399663492063,0.2617022552380952,18000.0,18059.0,870.3999244444444,31.944200000000002,771.2260266666667,161.2702311111111,8.901035555555556,0.16530666666666666,0.061186666666666674,32.93043288888889,33.565171817777774,33.88413944444444,35.72597556,37.072720857777774,37.25299002666667,37.524229191111104,37.962171186666666,38.27917432444444,38.79746812444444,40.08990805333334,42.36285070666667,43.13916428,41.46340098222222,34.84426651111111,129.83189192444445,49.35513477333333,19.883735657777777,5.624177164444444,0.58596944,0.37120887555555554,0.1796849511111111,0.11697440888888888,0.0799224,0.059175457777777773,0.04287401333333333,0.03396888,0.024888404444444446,0.025554262222222224,0.0260298,0.02915288,0.018592177777777778,0.011963413333333334,0.010686573333333334,0.008958448888888889,0.011520622222222223,3.036582355555556,9038329.155555556,1943.0045777777775,0.48722135516039916,0.20783109672625583,0.0,0.07262246128929203,2.37909020904877,0.0282444444444444,0.08598865331482472,0.0786625,0.0339274631146631,0.2845585232226342,0.0,0.0,0.0076444444444444,0.11000000000000001,0.5619372448979593,0.0315888888888888,0.0,3.1421477305663386,0.2280476230450553,0.0,0.10199899668007495,0.0,0.10149999999999999,0.15404792817621055,0.14407429173326716,0.20118131238006476,0.24256387751094557,0.036095429155336686,0.028969957129727116,0.036025416463023,0.28799815266286777,0.030532496401384362,1.0534235628951192,0.04492814273313504,0.034800955563961254,0.4744389232167763,0.47056132048672916,0.012902142857142859,0.025163571428571327,0.6607513645931489,0.008137213354050757,0.0007184789429301899,0.8565353861772094,0.059050510204081544,0.06282653969380433,0.04448223764976211,0.04808526785714286,0.045816326530612156,0.04048556039161863,0.02453323263752953,0.013282142857142793,0.14215714285714284,0.0,0.0,,,,0.026075884217324034,0.0435,0.24855937916995663,6.640289622448873,4.790845315203567,43.0,344.66666,458.23941,1.0,2024-08-09 05:00:00
2024-08-08 23:15:00,46.06933333333333,1.0,0.1169971161904761,0.3742287712243444,0.0031726628950488,0.05567541014424285,2.4105444765079365,2.2605931393939396e-06,0.0,0.0,0.0,0.0,0.0,0.0,0.0,0.0,0.0,0.0,0.0,0.0,0.0,0.0,0.0,0.0,0.0,0.186,1308.151111111111,2.4232,0.04075555555555556,2.4232,40.73434,-111.87211,298.98377777777773,20.912,875.9942222222222,144.6961777777778,2.089777777777778,450410.0,1989.247111111111,296.7457777777778,9196833.047555557,0.0008939168253968,1.7937460317460318e-05,0.0012210965079365,0.0005019831746031,0.0002840025396825,0.0074897571428571,0.0126159273015873,0.3802064888888889,7.953298666666667,9.108423555555555,10.564882028571429,0.347549580952381,2.145119914285714,6.356746831746032,0.0030641587301587,0.2655253174603175,3.823925463492063,0.0054922,0.9298982920634921,0.7267145079365079,0.2475741301587301,0.4028676222222222,0.0319708984126984,0.027866733467156415,0.2228773873015873,0.1771328666666666,0.0111102888888888,0.0333716063492063,0.1664559492063492,0.0525013365079365,0.0097437523809523,0.0075608222222222,2.98825,0.22012500000000002,0.16575516239201646,0.0085,0.00059375,0.073,0.438875,0.19675,0.087375,0.009,0.035375000000000004,0.03986386925001794,1.924613174867531,0.369,0.27325,0.00675,0.6411250000000001,0.004,0.1975278246121674,0.073125,0.120125,0.9488750000000001,0.08675,0.28987374790646764,0.0672850664276683,0.024778571619694243,0.020999999999999998,0.034874999999999996,0.273,0.585375,0.007469294023640361,0.00925,0.12509642382822178,0.415875,0.03825,0.12925,0.20224999999999999,0.03699999999999999,0.07575,0.43037499999999995,0.01954863121444963,0.004807338930317852,0.0507767465535291,0.020374999999999997,0.043125000000000004,0.01675,0.07998173445880505,0.03801969052355923,0.0085,0.018875,0.02425,0.125,0.045500000000000006,0.017374999999999998,0.16162500000000002,0.14175,0.06740112540892303,0.0055160088888888,0.029313806031746,0.0798731628571428,0.0184355857142857,0.0019702136507936,0.2932865939682539,18900.0,18959.0,870.67224,31.855617777777777,790.3709644444444,163.9313822222222,9.071026666666667,0.1658,0.06183555555555555,35.31837233333333,35.88751343111111,35.98329524444444,37.48592866222222,38.49781469777778,38.62504153333334,38.58184092,39.06283117333333,39.16580139111111,39.68935811555556,40.714818853333334,43.03514070222222,43.830240880000005,41.89296796888889,35.15176413333334,130.5144420888889,49.563844115555554,19.919024013333335,5.718267679999999,0.6041520444444444,0.3879633822222222,0.18873944888888888,0.12718314666666666,0.08981011111111112,0.06134021333333333,0.04559325333333333,0.041982399999999996,0.02903230222222222,0.02940594666666667,0.02787889333333333,0.03316028,0.01772853777777778,0.014561706666666667,0.009555600000000001,0.009857822222222224,0.014666093333333333,3.108557955555556,9137622.711111112,1946.6129777777776,0.49526474771071277,0.20865968880380106,0.0,0.07277407017123722,2.4620000681443823,0.0282444444444444,0.08615807942416923,0.07871145833333333,0.0319708984126984,0.2850990867402455,0.0,0.0,0.0076444444444444,0.125,0.5629305697278912,0.0315888888888888,0.0,3.216247663504892,0.24342934676408345,0.0,0.11843929551603949,0.0,0.120125,0.15605288864436026,0.1630944641634406,0.22722873670313587,0.2760615160419493,0.03698188419870693,0.03286104732747788,0.04326288896453944,0.2799268861285725,0.036564048770982856,1.098953409101989,0.047623217635470325,0.04218951508262994,0.49239453651758563,0.5099650786956784,0.012941964285714286,0.025201607142857043,0.7094189089598614,0.009489594483302175,0.0006586056976860075,0.767629276816013,0.05912844387755094,0.06399456614789206,0.04526347975037717,0.048169828869047616,0.04586377551020399,0.04098398591453929,0.02408185213995762,0.013276686507936444,0.14214404761904761,0.0,0.0,,,,0.019767952614073686,0.042875,0.4462079501999141,9.221137198998525,6.449119681156449,43.70786923218633,354.66666,457.77878,1.0,2024-08-09 05:15:00
2024-08-08 23:30:00,47.13155555555556,1.0,0.0937783511111111,0.37180416991636,0.0031969202993692,0.05482499696898116,2.329811391111112,1.5016245859259259e-06,0.0,0.0,0.0,0.0,0.0,0.0,0.0,0.0,0.0,0.0,0.0,0.0,0.0,0.0,0.0,0.0,0.0,0.186,1307.8875555555555,2.324222222222222,0.04444444444444444,2.324222222222222,40.73434,-111.87211,298.54777777777775,21.29511111111111,876.1173333333334,126.1344,1.6857777777777776,448979.9555555556,1986.8008888888887,291.444,9155683.347555554,0.00094252,3.452e-05,0.0010825155555555,0.0004534533333333,0.0002761511111111,0.0047227688888888,0.0104137422222222,0.1930996044444444,6.552849777777777,8.214648888888888,10.246641911111112,0.3366960444444444,2.0146930666666667,5.5683449777777785,0.0030333333333333,0.2390901333333333,3.715477422222222,0.0055231555555555,0.7901285777777777,0.7115160888888888,0.2080568444444444,0.3300060444444445,0.0218027555555555,0.029026456178288824,0.1957268888888889,0.1331892888888889,0.0029981333333333,0.0286845777777777,0.1505960888888889,0.0474241777777777,0.0088875555555555,0.0072941333333333,3.0105,0.23275,0.14830639621991962,0.009000000000000001,0.0005625000000000001,0.073,0.43825000000000003,0.1965,0.08825,0.009,0.04025000000000001,0.035597676648074256,1.9092308964187765,0.378,0.2745,0.006500000000000001,0.56575,0.004,0.1931952316270591,0.08475,0.13874999999999998,1.00325,0.0895,0.23495190815536857,0.059128919025210606,0.021916235876876685,0.024,0.04025,0.263,0.66125,0.00864619601576024,0.0095,0.11265222797165733,0.44425000000000003,0.042499999999999996,0.1485,0.22949999999999998,0.041999999999999996,0.08850000000000001,0.48824999999999996,0.014261519843577661,0.0047925188480346095,0.04508625476681851,0.02325,0.04975,0.0195,0.058319787079240376,0.028563916346635552,0.009000000000000001,0.02025,0.027500000000000004,0.14,0.053000000000000005,0.02025,0.18474999999999997,0.16249999999999998,0.04932590391660227,0.0055919511111111,0.0286071377777777,0.0774894311111111,0.0184576977777777,0.0024466622222222,0.2961920088888889,19800.0,19859.0,870.8242933333333,31.877613333333333,770.26456,159.71542666666667,8.871302222222223,0.1664,0.060017777777777774,33.923187204444446,34.596221004444445,34.682944742222226,36.43722516888889,37.32581199111111,37.66572130666667,37.900646471111116,38.20670402666667,38.32724104,38.88283770666667,39.903678875555556,42.161215222222225,42.752494991111114,41.213059,34.42340016888889,127.74969852,47.78556559111111,19.172314222222223,5.476551902222222,0.5453132888888889,0.38124180888888887,0.1825975377777778,0.12987791555555556,0.09044416888888888,0.059070666666666674,0.048581702222222224,0.04274279555555556,0.035244097777777775,0.027776488888888888,0.027119031111111115,0.03565012888888889,0.019455271111111113,0.017382631111111112,0.009257742222222223,0.012232742222222223,0.014014026666666667,2.956095555555556,9103234.977777775,1945.618844444444,0.5033081402610264,0.2094882808813463,0.0,0.0729256790531824,2.544909927239995,0.0282444444444444,0.0863275055335137,0.07876041666666667,0.0218027555555555,0.2856396502578567,0.0,0.0,0.0076444444444444,0.14,0.5639238945578232,0.0315888888888888,0.0,3.1175950307155555,0.2588110704831116,0.0,0.134879594352004,0.0,0.13874999999999998,0.15805784911251,0.182114636593614,0.253276161026207,0.3095591545729529,0.037868339242077186,0.03675213752522864,0.05050036146605588,0.27185561959427734,0.042595601140581356,1.1444832553088589,0.050318292537805606,0.04957807460129862,0.510350149818395,0.5493688369046278,0.012981785714285715,0.02523964285714276,0.7580864533265739,0.010841975612553591,0.0005987324524418249,0.6787231674548166,0.059206377551020324,0.06516259260197979,0.04604472185099223,0.048254389880952375,0.04591122448979583,0.04148241143745996,0.023630471642385707,0.013271230158730095,0.14213095238095236,0.0,0.0,,,,0.016835381300461704,0.04225,0.3355271858099741,7.824794038121574,5.7794290265707,44.68889782000298,364.66666,457.31812,1.0,2024-08-09 05:30:00
2024-08-08 23:45:00,46.412888888888894,1.0,0.0976205955555555,0.3693795686083757,0.0032211777036896,0.05397458379371947,2.3773998533333334,1.3082307095238096e-06,0.0,0.0,0.0,0.0,0.0,0.0,0.0,0.0,0.0,0.0,0.0,0.0,0.0,0.0,0.0,0.0,0.0,0.186,1308.192,2.3879555555555556,0.047377777777777776,2.3879555555555556,40.73434,-111.87211,298.1273333333333,21.698666666666664,876.2395555555556,117.63640000000001,1.0097777777777777,449784.8000000001,1986.9293333333333,272.9,9320678.637777776,0.0009640666666666,4.5786666666666666e-05,0.0012074577777777,0.0004522844444444,0.0003030177777777,0.0048086133333333,0.0122730311111111,0.0365515577777777,5.959021777777778,7.251392000000001,10.710557466666668,0.3377145777777777,1.984145155555556,5.833057333333333,0.0024852444444444,0.2494848,3.784987422222222,0.0064564444444444,0.6975924,0.7053807555555556,0.2095747555555555,0.3870709777777777,0.0236961333333333,0.03018617888942123,0.2153479111111111,0.1186930666666666,0.0007113333333333,0.0316859111111111,0.1391396888888889,0.0520262666666666,0.0101258666666666,0.0086466222222222,3.03275,0.245375,0.14897662636273104,0.0095,0.00053125,0.073,0.437625,0.19625,0.089125,0.009,0.045125,0.038680753009127974,1.9046907586184183,0.387,0.27575000000000005,0.00625,0.490375,0.004,0.19144624036171662,0.096375,0.157375,1.057625,0.09225,0.2779665012993612,0.05323731057272966,0.019848622256855457,0.027000000000000003,0.045625,0.253,0.7371249999999999,0.009823098007880119,0.00975,0.12164535361258988,0.472625,0.04675,0.16775,0.25675,0.047,0.10125,0.546125,0.012517393734106506,0.004777698765751367,0.049198638418317175,0.026125000000000002,0.056375,0.022250000000000002,0.051173887294561175,0.025444620861752327,0.0095,0.021625,0.030750000000000003,0.15500000000000003,0.060500000000000005,0.023125,0.20787499999999998,0.18325,0.04336320263648313,0.0054542177777777,0.0269430488888888,0.0716904311111111,0.01793304,0.0023217066666666,0.2957095155555555,20700.0,20759.0,870.9231955555555,31.975995555555553,765.2846222222222,158.5951511111111,8.719093333333332,0.16479111111111114,0.059435555555555554,33.24081901333333,33.90272413333333,34.11752967111111,35.72489856000001,36.97573446666667,37.277948977777775,37.52966751555555,38.14280466666666,38.02816601333333,38.73089384,39.76466588,42.11645012888889,43.03258236,41.131647728888886,34.51310153333334,127.4560173911111,47.519800484444445,19.101184306666664,5.373748715555555,0.545280151111111,0.3548143644444445,0.18023511111111112,0.12361826222222222,0.08856703111111111,0.05481029777777778,0.04579436,0.03695225333333333,0.03441176888888889,0.02142432,0.026363115555555556,0.030808004444444443,0.01701324,0.018978044444444446,0.006433057777777778,0.006845875555555556,0.01175567111111111,3.000251377777778,9255049.555555558,1945.3254222222224,0.51135153281134,0.21031687295889154,0.0,0.07307728793512758,2.627819786335608,0.0282444444444444,0.08649693164285821,0.078809375,0.0236961333333333,0.286180213775468,0.0,0.0,0.0076444444444444,0.15500000000000003,0.5649172193877552,0.0315888888888888,0.0,3.184050777551111,0.2741927942021397,0.0,0.1513198931879685,0.0,0.157375,0.16006280958065974,0.20113480902378741,0.27932358534927815,0.34305679310395654,0.03875479428544744,0.04064322772297941,0.05773783396757232,0.26378435305998216,0.04862715351017985,1.1900131015157287,0.05301336744014089,0.05696663411996731,0.5283057631192043,0.5887725951135772,0.013021607142857144,0.025277678571428472,0.8067539976932864,0.01219435674180501,0.0005388592071976425,0.5898170580936202,0.05928431122448971,0.06633061905606752,0.04682596395160729,0.04833895089285714,0.045958673469387666,0.04198083696038062,0.0231790911448138,0.013265773809523745,0.14211785714285713,0.0,0.0,,,,0.014717032883466045,0.041625,0.24292312412477549,7.232706977239895,5.057676485899489,44.02516425242996,374.66666,456.85748,1.0,2024-08-09 05:45:00
