time_local,time_UTC,O3_ppbv,File_Index,HONO_CIMS,PAN_CIMS,APAN_CIMS,PPN_CIMS,HCOOH_CIMS,jNO2_meas,jBrCl,jBr2,jCCl4,jCH2Oa,jCH2Ob,jClNO2,jClOa,jClOb,jCl2,jHNO2,jHNO3,jI2,jNO2,jNO3a,jNO3b,jN2O5,jO3,AOD,Altitude_m,Course_deg,GndSpd_ms,Heading_deg,Lat,Lon,Temp_K,RH_percent,Pressure_mb,WindDir_deg,WindSpd_ms,CO2_Piccaro,CH4_Piccaro,CO_Piccaro,H2O_Piccaro,Br2_CIMS,BrO_CIMS,Cl2_CIMS,ClNO2_CIMS,BrCl_CIMS,NCl3_CIMS,N2O5_CIMS,NO_LIF,NO2_LIF,NOy_LIF,Methanol_PTR,Acetonitrile_PTR,Acetaldehyde_PTR,Ethanol_PTR,Methanethiol_PTR,Acrolein_PTR,Acetone_Propanal_PTR,DMS_PTR,Isoprene_PTR,MVK_MACR_PTR,Benzene_PTR,Toluene_PTR,Styrene_PTR,Benzaldehyde_PTR,C8Aromatics_PTR,C9Aromatics_PTR,Naphthalene_PTR,Octanal_PTR,Monoterpenes_PTR,Nonanal_PTR,C7H4ClF3_PTR,D5_siloxane_PTR,C4H7NO5_CIMS,ISOPN_CIMS,C5H10O3_CIMS,C5H9NO5_CIMS,C10H17NO4_CIMS,HNO3_CIMS,Time_Start_POPS,Time_Stop_POPS,Press_mb_POPS,Temp_C_POPS,Aerosol_conc_POPS,Surface_area_conc_POPS,Volume_density_POPS,Effective_radius_POPS,Extinction_POPS,Particle_conc_bin01_POPS,Particle_conc_bin02_POPS,Particle_conc_bin03_POPS,Particle_conc_bin04_POPS,Particle_conc_bin05_POPS,Particle_conc_bin06_POPS,Particle_conc_bin07_POPS,Particle_conc_bin08_POPS,Particle_conc_bin09_POPS,Particle_conc_bin10_POPS,Particle_conc_bin11_POPS,Particle_conc_bin12_POPS,Particle_conc_bin13_POPS,Particle_conc_bin14_POPS,Particle_conc_bin15_POPS,Particle_conc_bin16_POPS,Particle_conc_bin17_POPS,Particle_conc_bin18_POPS,Particle_conc_bin19_POPS,Particle_conc_bin20_POPS,Particle_conc_bin21_POPS,Particle_conc_bin22_POPS,Particle_conc_bin23_POPS,Particle_conc_bin24_POPS,Particle_conc_bin25_POPS,Particle_conc_bin26_POPS,Particle_conc_bin27_POPS,Particle_conc_bin28_POPS,Particle_conc_bin29_POPS,Particle_conc_bin30_POPS,Particle_conc_bin31_POPS,Particle_conc_bin32_POPS,Particle_conc_bin33_POPS,Particle_conc_bin34_POPS,Particle_conc_bin35_POPS,Particle_conc_bin36_POPS,H2O_CRDS,CH4_CRDS,Acetone_WAS,Acrolein_WAS,Benzene_WAS,C2Cl4_WAS,C2HCl3_WAS,CCl4_WAS,CF2Cl2_WAS,CFCl3_WAS,CH2Cl2_WAS,CH3Br_WAS,CycloPentane_WAS,Ethyl_WAS,Ethane_WAS,Ethene_WAS,Ethyne_WAS,Furan_WAS,Isoprene_WAS,Limonene_WAS,MACR_WAS,MethylCycloHexane_WAS,MethylCycloPentane_WAS,Propane_WAS,Propene_WAS,Toluene_WAS,Alpha_Pinene_WAS,Beta_Pinene_WAS,c2Butene_WAS,c2Pentene_WAS,iButane_WAS,iPentane_WAS,iPropylBenzene_WAS,iPropylONO2_WAS,m_p_Xylene_WAS,nButane_WAS,nDecane_WAS,nHeptane_WAS,nHexane_WAS,nNonane_WAS,nOctane_WAS,nPentane_WAS,nPropylBenzene_WAS,nPropylONO2_WAS,o_Xylene_WAS,t2Butene_WAS,t2Pentene_WAS,x123_TriMethylBenzene_WAS,x124_TriMethylBenzene_WAS,x135_TriMethylBenzene_WAS,x13_Butadiene_WAS,x1_Butene_WAS,x1_Pentene_WAS,x224_TriMethylPentane_WAS,x22_DiMethylButane_WAS,x2_EthylToluene_WAS,x2_MethylPentane_WAS,x3_MethylPentane_WAS,x3_x4_EthylToluene_WAS,HCHO_CRDS,BLH_Nell_m,BLH_Nell_m_smoothed,jNO2_ratio
2024-08-02 00:00:00,2024-08-02 06:00:00,54.13466666666667,1.0,0.07447424000000001,,,,1.8979923066666669,1.625360485905206e-06,0.0,0.0,0.0,0.0,0.0,0.0,0.0,0.0,0.0,0.0,0.0,0.0,0.0,0.0,0.0,0.0,0.0,0.174,1307.5577777777776,2.819777777777778,0.04657777777777778,2.819777777777778,40.73434,-111.87211,298.2202222222222,19.87288888888889,881.3813333333333,138.4799111111111,1.7448888888888887,442584.0888888889,1995.4244444444446,248.5791111111111,8012444.7453333335,0.0006410000000000001,2.796888888888889e-05,0.001036257777777778,0.0001975688888888889,0.00018584000000000005,0.004848848888888889,0.005253777777777779,0.13722589333333332,4.771503555555555,6.295011555555556,9.340404266666667,0.3683454222222222,1.6048865777777777,4.185566266666666,0.0032996444444444444,0.17761662222222221,3.648537911111111,0.003869644444444444,0.30605435555555555,0.47964586666666664,0.18216782222222222,0.3377216888888889,0.021895733333333334,0.0,0.2140622666666667,0.08701635555555556,0.005909955555555555,0.026417822222222224,0.16306226666666665,0.043902755555555555,0.012910044444444444,0.005878133333333333,0.003245928888888889,0.013513604444444445,0.05003807555555556,0.0072455244444444445,0.0009666044444444445,0.14723458222222224,21600.0,21659.0,876.2976577777778,30.551835555555556,665.4241822222223,144.23124888888887,8.208782222222222,0.17042222222222222,0.055279999999999996,28.910235573333335,28.601866475555553,28.55861857777778,29.162522395555552,29.520920506666666,29.73863469333333,29.276650875555557,29.738331235555556,29.720519142222223,30.297449986666667,31.543806933333332,34.12008046222222,35.683410684444446,35.84598446222222,32.16248861333334,133.03947150666667,48.80427786222222,14.600978471111112,4.482516262222222,0.5771941066666667,0.3572286666666667,0.15695771111111112,0.10442695111111111,0.07567770222222223,0.056470964444444445,0.04167496444444444,0.033806937777777775,0.028520124444444447,0.02421528888888889,0.032729,0.035791564444444444,0.02085349777777778,0.021851795555555557,0.015973448888888887,0.013288933333333334,0.018772595555555556,8004777.777777777,1956.9375555555555,2.917,0.176,0.19,0.017,,0.072,0.437,0.199,0.083,0.008,0.017,0.059,2.356,0.776,0.416,0.008,0.19,0.005,0.131,0.026,0.054,0.607,0.263,0.284,0.127,0.039,0.015,0.018,0.197,0.289,0.005,0.008,0.17,0.302,0.028,0.053,0.101,0.021,0.032,0.193,0.012,,0.072,0.018,0.025,0.01,0.054,0.027,0.037,0.045,0.019,0.089,0.011,0.012,0.08,0.063,0.046,2.7371504444444446,388.33334,394.19189,1.0
2024-08-02 00:15:00,2024-08-02 06:15:00,54.452444444444446,1.0,0.08376412095238096,,,,1.8883612266666667,3.1197771982905982e-06,0.0,0.0,0.0,0.0,0.0,0.0,0.0,0.0,0.0,0.0,0.0,0.0,0.0,0.0,0.0,0.0,0.0,0.174,1307.972888888889,2.7656,0.047822222222222224,2.7656,40.73434,-111.87211,298.43666666666667,19.428,881.3973333333332,126.98662222222222,1.504888888888889,442959.73333333334,1995.3577777777778,224.8431111111111,7972867.020888889,0.0006532285714285714,9.248e-05,0.0010405749206349206,0.0002531946031746032,0.00018191809523809523,0.004944580317460318,0.0034453673015873015,0.24516664888888892,3.374204888888889,4.781448,8.478977837271987,0.36158494902319904,1.1917906523421025,3.1048309834961336,0.0026009221722721725,0.15345939557109556,3.4589350864912864,0.005567234106634107,0.23386038418063418,0.3922002776260776,0.1411426164002664,0.19716127092537095,0.018192456450956452,0.0006362229788729795,0.10996314105709105,0.04715018474488474,0.00442808056943057,0.019939692324342326,0.13531875311355313,0.04131588833758834,0.00832475468975469,0.0038936218966218964,0.0027681450793650797,0.011025969841269842,0.04087535238095238,0.005427517460317461,0.0006954288888888889,0.17678703492063494,22500.0,22559.0,876.3714355555555,30.667559999999998,645.9792711111111,140.69357777777776,7.9623511111111105,0.1694577777777778,0.05388444444444444,26.236684351111112,26.507783266666667,26.74188105777778,27.828846591111112,28.599114684444444,28.584572631111108,28.310503924444443,28.83189191111111,28.96209536,29.649227671111113,31.08809664888889,33.54932489777778,35.09597783555556,35.32153907555555,31.810561102222223,130.9067697111111,47.84452892,14.285780017777777,4.327090973333333,0.5414418977777778,0.31690531555555557,0.1507462711111111,0.09276244888888889,0.0770371688888889,0.050980946666666666,0.04379431555555556,0.031202795555555555,0.02966694222222222,0.023594417777777776,0.02916484,0.02997088,0.020921773333333334,0.017553759999999998,0.009822457777777778,0.013785617777777778,0.017555266666666666,7924477.911111111,1955.8051555555555,,,,0.0165,,,,,,,,0.0615,2.54825,0.738,,0.00875,0.173375,,,,,0.654625,0.24375000000000002,,0.11812500000000001,,0.014249999999999999,0.018,0.21275,0.315625,,0.008125,0.17650000000000002,0.3345,0.0335,,0.108625,0.023875,0.0345,0.213125,,,0.07575,0.016749999999999998,0.02475,,,,,0.042374999999999996,0.0195,,,,0.08475,,,2.5331420444444444,363.33334,394.19189,1.0
2024-08-02 00:30:00,2024-08-02 06:30:00,47.54622222222223,1.0,0.14301646857142855,,,,2.2226346063492066,3.6080551147741147e-06,0.0,0.0,0.0,0.0,0.0,0.0,0.0,0.0,0.0,0.0,0.0,0.0,0.0,0.0,0.0,0.0,0.0,0.174,1308.4697777777776,2.7739555555555553,0.04373333333333333,2.7739555555555553,40.73434,-111.87211,297.9953333333333,21.265333333333334,881.4244444444445,132.5797777777778,0.5466666666666666,454369.0666666667,2030.3640000000003,254.61555555555555,8737270.136,0.0006973104761904762,0.00014833301587301588,0.0015537498412698412,0.0006454657142857144,0.0002394825396825397,0.01071295619047619,0.007708798412698413,0.17140163555555554,5.2996533333333335,7.003399111111112,12.033425537222037,0.3810195413068413,1.8498370624116625,7.488739826680726,0.0039054137843637844,0.22695839319199315,4.200069164063715,0.007687732813482813,0.26805543459133463,0.4450310451696452,0.2533666244163244,0.6075665146316646,0.03479207062382062,0.0038884468124468136,0.30368003172383173,0.12706027705812706,0.014472152047952047,0.04621356236356236,0.17783865399970403,0.07317394168609169,0.014247130993080993,0.012319020836570835,0.0027330015873015872,0.010274361904761905,0.03515708666666667,0.005806122857142856,0.001160431746031746,0.13105325809523807,23400.0,23459.0,876.3857866666666,30.65091111111111,650.0474488888889,141.02126666666666,8.112946666666666,0.17210666666666666,0.05399555555555556,27.79990312888889,27.856714253333333,27.84635256888889,28.563409973333332,29.123994644444444,29.011445902222224,28.771867933333333,29.059165328888888,28.97465234666667,29.594192342222225,30.904112644444446,33.330616639999995,34.73949912888889,35.27575836888889,31.751516920000004,130.0536743511111,47.36875689333333,14.073320093333333,4.3341936755555555,0.55051472,0.34831931555555556,0.15614044444444444,0.10875984888888889,0.07300148000000001,0.06401035555555555,0.04813885777777778,0.03581383555555555,0.03224954666666666,0.029034746666666666,0.031937653333333337,0.03507653777777778,0.02601375111111111,0.02037349777777778,0.015178862222222223,0.016457542222222222,0.023221417777777774,8699194.933333334,1988.9353333333336,,,,0.016,,,,,,,,0.064,2.7405,0.7,,0.0095,0.15675,,,,,0.70225,0.2245,,0.10925,,0.0135,0.018,0.2285,0.34225,,0.00825,0.183,0.367,0.039,,0.11625,0.02675,0.037,0.23325,,,0.07949999999999999,0.0155,0.0245,,,,,0.03975,0.02,,,,0.0895,,,3.0175516,338.33334,394.19189,1.0
2024-08-02 00:45:00,2024-08-02 06:45:00,56.18977777777777,1.0,0.055202655555555556,,,,1.81172784,2.4931081678321675e-06,0.0,0.0,0.0,0.0,0.0,0.0,0.0,0.0,0.0,0.0,0.0,0.0,0.0,0.0,0.0,0.0,0.0,0.174,1309.2937777777777,2.662977777777778,0.04711111111111111,2.662977777777778,40.73434,-111.87211,298.16555555555556,19.612000000000002,881.5035555555555,131.27813333333333,1.3808888888888888,438731.06666666665,1991.4399999999998,219.60133333333334,7817588.675111111,0.0007289600000000001,0.00017259619047619047,0.0009466606349206349,0.0002654495238095238,0.00021715047619047618,0.0058514533333333335,0.003449323174603174,0.03741556755555556,2.4424545777777777,3.5945235555555555,9.41416857777778,0.3805645777777778,1.3857274634920635,4.3057886666666665,0.0027986666666666668,0.1742469777777778,3.702700711111111,0.003461022222222222,0.29813699047619047,0.42042666666666667,0.15349106666666668,0.3327994666666667,0.015737288888888888,0.0,0.1681296,0.06790453333333334,0.004150488888888889,0.026288177777777776,0.13743186666666668,0.046479733333333335,0.009754044444444445,0.006474133333333334,0.0027919790476190476,0.011039734285714286,0.04259713841269842,0.006374982857142856,0.0007887406349206349,0.14983687714285718,24300.0,24359.0,876.45724,30.547453333333333,643.3050977777777,139.80098222222222,7.9111022222222225,0.16936444444444446,0.05357777777777777,26.52190319111111,26.497161026666667,26.870852737777778,27.800741133333336,28.44789448,28.657039768888886,28.36416075111111,28.710658439999996,28.72003888888889,29.60476110222222,30.799291244444444,33.40080152444445,34.86575157777778,35.33587135111111,31.716327924444446,129.79238500888889,47.25865272,14.149235066666668,4.26330716,0.5447759511111111,0.33666954666666665,0.15943843555555554,0.0992546311111111,0.06938826222222222,0.05787146666666666,0.043794502222222226,0.031378706666666666,0.022655408888888888,0.024459488888888888,0.028040262222222223,0.03074695111111111,0.020432711111111113,0.017460422222222223,0.01200612888888889,0.009537684444444444,0.020252764444444446,7819204.844444445,1953.8094666666666,,,,0.0155,,,,,,,,0.0665,2.93275,0.662,,0.01025,0.140125,,,,,0.749875,0.20525,,0.10037499999999999,,0.01275,0.018,0.24425000000000002,0.36887499999999995,,0.008375,0.1895,0.3995,0.0445,,0.12387500000000001,0.029625,0.0395,0.253375,,,0.08324999999999999,0.014249999999999999,0.02425,,,,,0.037125,0.0205,,,,0.09425,,,2.4820858666666665,313.33334,394.05814,1.0
2024-08-02 01:00:00,2024-08-02 07:00:00,55.00311111111112,1.0,0.06812358222222223,,,,1.8750530974603177,3.935309401709402e-06,0.0,0.0,0.0,0.0,0.0,0.0,0.0,0.0,0.0,0.0,0.0,0.0,0.0,0.0,0.0,0.0,0.0,0.174,1309.3386666666668,2.5073777777777777,0.05017777777777778,2.5073777777777777,40.73434,-111.87211,298.38599999999997,19.62088888888889,881.5186666666667,122.64560000000002,1.1808888888888887,442097.77777777775,2008.0195555555556,218.06444444444443,8058407.713333333,0.0007392809523809524,0.0001566120634920635,0.0011872819047619048,0.00029575079365079364,0.00019242857142857145,0.005958248571428571,0.003457019365079365,0.02037677897119547,2.5819050668461165,3.8550808764568765,10.122768533333334,0.3773472,1.6146407999999999,5.131659511111112,0.0034735555555555557,0.18962235555555557,3.8652739555555558,0.0028066222222222223,0.31333675555555557,0.43232,0.14774057777777777,0.28616759999999997,0.017797244444444447,0.0,0.17255315555555556,0.07816351111111111,0.0015643999999999996,0.034884177777777775,0.16072720000000001,0.050970133333333334,0.011033422222222223,0.009177822222222222,0.0029021634920634925,0.01099531746031746,0.04621170825396825,0.00665430634920635,0.0007905850793650794,0.17306443777777775,25200.0,25259.0,876.4788711111111,30.54959555555556,641.5479511111112,139.83184888888889,7.929453333333333,0.1696888888888889,0.05359111111111111,26.164731333333336,26.21668365777778,26.55811562222222,27.401614622222223,28.17461196,28.41041808,28.285429546666666,28.716129457777775,28.719339933333334,29.46797033777778,30.720088853333333,33.46381622666667,35.16694588,35.377385733333334,31.605847404444443,129.60062638666668,47.44068520888889,14.20802983111111,4.28772764,0.5555702222222222,0.3486864311111111,0.15865675111111113,0.11377496444444443,0.07488623555555556,0.04845368444444444,0.04580079555555556,0.029038546666666665,0.02534084,0.02158104888888889,0.02650432,0.032043102222222224,0.02162456,0.014752968888888888,0.015702266666666666,0.012224911111111113,0.017184551111111113,7997768.311111111,1965.9033333333334,,,,0.015,,,,,,,,0.069,3.125,0.624,,0.011,0.1235,,,,,0.7975,0.186,,0.0915,,0.012,0.018,0.26,0.39549999999999996,,0.0085,0.196,0.43200000000000005,0.05,,0.1315,0.0325,0.041999999999999996,0.27349999999999997,,,0.087,0.013,0.024,,,,,0.0345,0.020999999999999998,,,,0.099,,,2.5788452444444445,288.33334,393.52826,1.0
2024-08-02 01:15:00,2024-08-02 07:15:00,41.90888888888889,1.0,0.1991664177777778,,,,2.428589013333333,2.725310989010989e-06,0.0,0.0,0.0,0.0,0.0,0.0,0.0,0.0,0.0,0.0,0.0,0.0,0.0,0.0,0.0,0.0,0.0,0.174,1309.0986666666665,2.7997333333333336,0.049244444444444445,2.7997333333333336,40.73434,-111.87211,297.35711111111107,22.588888888888892,881.4871111111111,95.48075555555556,0.3764444444444444,463454.26666666666,2085.6604444444442,271.51022222222224,9383915.630222222,0.0007376844444444444,0.00016525758130758132,0.0025397200000000005,0.0010525422222222222,0.00022950666666666668,0.016488208888888887,0.01531488888888889,0.032639726045436045,7.433560211751213,9.055499881858882,15.83756288888889,0.38848173333333336,3.1100975111111113,12.514923555555555,0.005405466666666667,0.30820084444444446,5.0093827555555555,0.007698177777777778,0.25092995555555553,0.4933407111111111,0.29901884444444443,0.6950007111111112,0.05433386666666666,0.0,0.44003831111111114,0.2510496,0.015951422222222223,0.11451022222222222,0.25967822222222225,0.10831093333333333,0.04420657777777778,0.023897422222222225,0.0029450933333333333,0.00933351111111111,0.03409012444444444,0.006966968888888888,0.0016249422222222223,0.13459661777777776,26100.0,26159.0,876.4294222222222,30.715964444444445,654.3322222222222,142.43912,8.41635111111111,0.1767911111111111,0.055151111111111116,30.16623748888889,29.40814499111111,28.94401791111111,29.34899352888889,29.546607075555553,29.300276675555555,28.858069706666665,29.034027564444447,28.82239095111111,29.25775608,30.42003757777778,33.065303666666665,34.56401544888889,34.89270915111111,31.465968182222223,128.97380160444445,47.65861558666667,14.131641537777776,4.508854448888888,0.6052028444444445,0.43537826222222226,0.1985910888888889,0.14422418666666664,0.1058660311111111,0.08484617333333334,0.05321145333333333,0.043797760000000005,0.03665484888888889,0.04222964,0.03999373777777778,0.05313067111111111,0.03347946222222222,0.028939524444444444,0.013718746666666667,0.01975502222222222,0.025647120000000002,9294459.6,2039.7061777777776,,,,0.014499999999999999,,,,,,,,0.0715,3.31725,0.586,,0.01175,0.106875,,,,,0.845125,0.16675,,0.082625,,0.01125,0.018,0.27575,0.422125,,0.008624999999999999,0.2025,0.4645,0.055499999999999994,,0.139125,0.035375,0.0445,0.293625,,,0.09075,0.01175,0.02375,,,,,0.031875,0.0215,,,,0.10375,,,3.2447127555555553,263.33334,393.00018,1.0
2024-08-02 01:30:00,2024-08-02 07:30:00,37.21111111111111,1.0,0.24414700444444445,,,,2.600423195555556,1.6286057148653201e-06,0.0,0.0,0.0,0.0,0.0,0.0,0.0,0.0,0.0,0.0,0.0,0.0,0.0,0.0,0.0,0.0,0.0,0.174,1308.6142222222222,2.4435999999999996,0.04466666666666667,2.4435999999999996,40.73434,-111.87210840000002,296.44111111111107,24.142222222222223,881.5053333333333,112.46786666666667,0.5368888888888889,469743.55555555556,2093.2528888888887,282.71866666666665,9755064.224,0.0006730844444444445,0.00011251428571428573,0.0024519555555555556,0.0015162,0.0002544133333333333,0.016903568888888887,0.02520008,0.02911578266666667,9.046172444444444,10.675368888888888,17.296910222222223,0.3910780444444445,3.6413086666666667,15.811643822222221,0.006007688888888889,0.3537321777777778,5.47917511111111,0.009714933333333333,0.1963924,0.5146794222222222,0.37645937777777777,1.0936995111111112,0.08092244444444445,0.010220311111111111,0.5992008000000001,0.35256195555555553,0.020490177777777778,0.1603204,0.25120591111111107,0.13205764444444446,0.06096164444444444,0.025888355555555555,0.003019515555555556,0.00884319111111111,0.02942559111111111,0.007670146666666666,0.001980853333333333,0.11482487555555555,27000.0,27059.0,876.4490222222223,30.809724444444445,664.2357777777778,142.89129777777777,8.536542222222222,0.17856444444444444,0.05480444444444445,33.749459773333335,32.1570402,31.185122448888887,30.928512044444446,30.80469819111111,30.241378906666668,29.253542862222222,29.21255691111111,28.914152795555555,29.121884826666665,30.177909893333332,32.72868039111111,34.369965604444445,34.75718600888889,31.35739224,127.66056132444444,47.18728277333333,13.92772720888889,4.478559835555556,0.6289489244444444,0.4243058933333333,0.19797586222222222,0.14340656444444447,0.10466445333333334,0.08464117333333333,0.06309046222222221,0.043476155555555555,0.05142646666666666,0.039714240000000005,0.043599724444444446,0.0558823511111111,0.03786691111111111,0.030791497777777777,0.016227773333333334,0.02404780888888889,0.031997915555555555,9687349.822222222,2048.311066666666,,,,0.014,,,,,,,,0.074,3.5095,0.548,,0.0125,0.09025,,,,,0.8927499999999999,0.1475,,0.07375,,0.010499999999999999,0.018,0.2915,0.44875,,0.008749999999999999,0.20900000000000002,0.49700000000000005,0.061,,0.14675,0.03825,0.047,0.31375,,,0.0945,0.010499999999999999,0.0235,,,,,0.029249999999999998,0.022,,,,0.1085,,,3.476042,238.33333,392.47208,1.0
2024-08-02 01:45:00,2024-08-02 07:45:00,40.62177777777778,1.0,0.1996154203174603,,,,2.3527728377777777,1.4496128551587304e-06,0.0,0.0,0.0,0.0,0.0,0.0,0.0,0.0,0.0,0.0,0.0,0.0,0.0,0.0,0.0,0.0,0.0,0.174,1307.9199999999998,2.504088888888889,0.04822222222222223,2.504088888888889,40.734339777777784,-111.87210186666668,295.8673333333333,24.28311111111111,881.5382222222222,112.55924444444445,0.7484444444444445,461512.93333333335,2051.448888888889,263.1168888888889,9228774.844444444,0.000565308888888889,,0.0019146409523809525,0.0013599269841269843,0.00024573365079365084,0.013740677142857143,0.03386208476190476,0.04026776177777778,7.290014222222222,8.86020711111111,15.201115600000001,0.38025884444444447,3.185146311111111,14.513288933333333,0.003210266666666667,0.3081844444444445,5.2211875999999995,0.006399111111111111,0.14195524444444446,0.4591019555555556,0.2997267111111111,0.719028,0.05998671111111111,0.004287600000000001,0.46062017777777775,0.2604444,0.015782222222222222,0.10663577777777777,0.1579205777777778,0.1027604,0.057407066666666666,0.021783155555555555,0.00308492,0.00882852634920635,0.028417804444444448,0.00869102253968254,0.0017680819047619046,0.11506104476190476,27900.0,27959.0,876.4889111111112,30.773039999999998,643.183951111111,139.00730222222222,8.196977777777779,0.17634666666666668,0.053119999999999994,30.166381417777774,29.486631746666667,28.84984428888889,29.360973488888888,29.393590666666668,28.996648502222225,28.527996475555554,28.431710066666668,28.174753506666665,28.621265942222223,29.662378915555557,32.19456450222222,33.82430745333333,34.327202897777774,30.882637937777776,126.37036648888889,46.24069446666667,13.611804288888889,4.263998844444445,0.5878739511111112,0.3633208977777778,0.17841750222222222,0.11845507555555555,0.09384027111111111,0.06738783111111112,0.052385164444444444,0.04225469777777778,0.036833208888888885,0.04189676888888889,0.03953932,0.047701013333333334,0.03314144888888889,0.029354453333333332,0.016157044444444445,0.01863716888888889,0.029001613333333336,9191311.866666665,2009.4393333333333,,,,0.0135,,,,,,,,0.0765,3.70175,0.51,,0.013250000000000001,0.073625,,,,,0.940375,0.12824999999999998,,0.06487499999999999,,0.009749999999999998,0.018,0.30725,0.475375,,0.008875,0.2155,0.5295000000000001,0.0665,,0.154375,0.041124999999999995,0.0495,0.333875,,,0.09824999999999999,0.00925,0.02325,,,,,0.026625,0.0225,,,,0.11324999999999999,,,3.268593866666667,213.33333,391.94397,1.0
2024-08-02 02:00:00,2024-08-02 08:00:00,42.465333333333334,1.0,0.1787463073015873,,,,2.2248916076190475,1.540655e-06,0.0,0.0,0.0,0.0,0.0,0.0,0.0,0.0,0.0,0.0,0.0,0.0,0.0,0.0,0.0,0.0,0.0,0.174,1308.4648888888887,2.317822222222222,0.05093333333333334,2.317822222222222,40.73433955555556,-111.87210840000002,295.75977777777774,23.791999999999998,881.4577777777777,108.58964444444445,0.5568888888888889,456636.26666666666,2044.1813333333334,241.6848888888889,8913691.60311111,0.0005572761904761905,,0.0018494276190476192,0.001430476507936508,0.00025305079365079363,0.013094812063492065,0.03491787650793651,0.026087659555555556,6.47874,7.961351555555555,14.340725466666667,0.37825004444444443,2.866789155555556,12.516298888888889,0.002821288888888889,0.29165142222222223,5.245118977777778,0.005948933333333333,0.11991608888888888,0.4276744444444444,0.2631432888888889,0.6496942222222223,0.0498704,0.0024864444444444456,0.4057213333333333,0.19984786666666665,0.016705866666666666,0.07914991111111111,0.12391822222222222,0.10263315555555555,0.0568608,0.021207555555555556,0.003135017777777778,0.008530826984126983,0.028350131746031747,0.009217623492063492,0.001472799047619048,0.13080964666666667,28800.0,28859.0,876.3948,30.794973333333335,634.0924711111111,137.68208444444446,8.124435555555555,0.1764711111111111,0.05271555555555555,28.88774418222222,28.328236488888887,27.990437684444444,28.494530573333336,28.764536622222224,28.353314844444448,28.020656204444442,28.16439364,27.95604564,28.45644335111111,29.483038933333333,31.84250843111111,33.595571813333336,34.031218404444445,30.694343466666666,125.4511938888889,45.96231177333333,13.613414062222223,4.258685986666666,0.5620449733333334,0.34812465333333337,0.1685628,0.12103868888888888,0.09196952444444445,0.06462722222222222,0.05205776888888889,0.04756453777777778,0.033424062222222224,0.03950892888888889,0.040027711111111114,0.05336165777777778,0.03357008888888889,0.02618746222222222,0.014874928888888889,0.02041272,0.02646518222222222,8860098.977777777,2001.4187555555557,4.387,0.43,0.195,0.013,0.001,0.073,0.443,0.206,0.106,0.009,0.03,0.079,3.894,0.472,0.377,0.014,0.057,0.002,0.128,0.049,0.077,0.988,0.109,0.392,0.056,0.02,0.009,0.018,0.323,0.502,0.007,0.009,0.222,0.562,0.072,0.086,0.162,0.044,0.052,0.354,0.022,0.005,0.102,0.008,0.023,0.018,0.084,0.039,0.009,0.024,0.023,0.152,0.018,0.019,0.118,0.097,0.071,3.141118177777778,188.33333,391.41589,1.0
2024-08-02 02:15:00,2024-08-02 08:15:00,38.32933333333334,1.0,0.21300322666666668,,,,2.4737670533333334,2.1154e-06,0.0,0.0,0.0,0.0,0.0,0.0,0.0,0.0,0.0,0.0,0.0,0.0,0.0,0.0,0.0,0.0,0.0,0.174,1308.6973333333333,2.844133333333333,0.04951111111111111,2.844133333333333,40.73434,-111.87211,295.6864444444444,24.787111111111113,881.4955555555555,156.52275555555556,0.4186666666666667,464965.86666666664,2072.1186666666667,254.76444444444445,9494574.208888888,0.00048679555555555554,9.109293563579278e-05,0.0016986088888888888,0.0018985822222222224,0.00025068444444444445,0.01379388,0.029318546666666667,0.04137206044444444,6.838452,8.234773777777779,16.442702702072,0.37826338147223143,3.3690707969104974,16.51080348215673,0.0050787604876604865,0.3253623165445666,5.811532142466793,0.006991858804158804,0.07538540033855033,0.4516802629574129,0.33346775927220923,0.8770614392866392,0.04367460205350206,0.006869863675213677,0.4887036703833204,0.2338533182761683,0.016849550149850148,0.09237315237725238,0.15614434355459356,0.12194084716579717,0.057516142126392125,0.02699123621748622,0.002999675555555556,0.00785695111111111,0.026584435555555556,0.008361106666666666,0.0015254755555555554,0.11633912888888888,29700.0,29759.0,876.4130622222222,30.86392,633.55696,137.27696,8.166422222222222,0.17781777777777777,0.05257777777777777,29.40275709333333,28.671554835555558,28.37732308444445,28.612649533333336,28.9921066,28.60794108,28.039336217777777,28.30393838222222,27.81909328,28.351552093333332,29.17430588888889,31.660687786666664,33.48502467555556,34.05451116444445,30.50845815111111,124.35753974666666,45.81845180444444,13.370592328888888,4.194880671111111,0.5403054977777778,0.3534908844444445,0.1665826,0.12395626666666668,0.10030757333333334,0.06744632,0.054054142222222226,0.045435262222222224,0.03530209777777778,0.037290359999999995,0.041186999999999994,0.05110802666666667,0.03337242666666666,0.03150673777777778,0.015559937777777777,0.028326320000000002,0.02897591111111111,9416395.244444447,2026.9815111111109,,,,0.0155,,,,,,,,0.093125,4.337125,0.506,,0.01425,0.057375,,,,,1.16375,0.116375,,0.0625,,0.013,0.025875,0.39425,0.678125,,0.0095,0.256375,0.7103750000000001,0.08025,,0.19237500000000002,0.051625,0.063,0.46225,,,0.117875,0.011125,0.0345,,,,,0.029,0.032875,,,,0.144625,,,3.361895511111111,163.33333,390.88779,1.0
2024-08-02 02:30:00,2024-08-02 08:30:00,37.51733333333333,1.0,0.22945360444444443,,,,2.5583050355555557,1.215545e-06,0.0,0.0,0.0,0.0,0.0,0.0,0.0,0.0,0.0,0.0,0.0,0.0,0.0,0.0,0.0,0.0,0.0,0.174,1308.636,2.8647555555555555,0.04875555555555556,2.8647555555555555,40.73434,-111.87211,295.5233333333333,25.469333333333335,881.4826666666667,126.62857777777778,0.672,467366.35555555555,2083.757777777778,266.22444444444443,9647760.90977778,0.0005606444444444444,0.00011049777777777778,0.0017116044444444446,0.0022358,0.0002518266666666667,0.014601528888888889,0.04451976444444445,0.016534253333333332,7.159275555555555,8.686011111111112,17.45735173386983,0.37662168344618346,3.650754525746476,16.572863820792172,0.004330996523846524,0.34990312602027607,5.597492888443039,0.0032332108354608357,0.14956624637584637,0.49190881026751027,0.39200483045103046,0.9769579305768306,0.06884347705812706,0.018479379572279575,0.5561704561771562,0.2628788423039923,0.025442495017945013,0.09722608635808636,0.13262952662892663,0.12025938791208791,0.057605137900987896,0.026454921626521626,0.00324252,0.008545617777777776,0.028954715555555555,0.009448835555555556,0.0018369955555555557,0.12047196444444444,30600.0,30659.0,876.4292044444444,30.75812,656.4713422222223,141.30900444444444,8.389333333333333,0.17753777777777777,0.05399555555555556,31.77884100444445,30.949148057777776,30.181878333333334,30.293176053333337,30.52477687111111,30.006546284444443,29.100877711111114,29.32342016888889,28.763153773333332,29.12083860888889,29.89726044,32.44652304444444,34.25705687111111,34.68798716,31.258604626666667,127.17932176000001,46.730776417777776,13.7389298,4.340673231111111,0.59140712,0.39632452,0.18023159111111112,0.12878497333333333,0.10373207111111112,0.07286558222222222,0.06034172888888889,0.04776757777777778,0.038662293333333334,0.03541280888888889,0.045016822222222225,0.05407060444444445,0.03329855111111111,0.03188003111111111,0.018093586666666665,0.021795044444444446,0.03177934222222222,9582694.799999999,2038.9979555555558,,,,0.018000000000000002,,,,,,,,0.10725,4.7802500000000006,0.54,,0.0145,0.05775,,,,,1.3395000000000001,0.12375,,0.069,,0.017,0.03375,0.4655,0.85425,,0.009999999999999998,0.29075,0.8587500000000001,0.0885,,0.22275,0.05925,0.07400000000000001,0.5705,,,0.13374999999999998,0.01425,0.046,,,,,0.034,0.042749999999999996,,,,0.17125,,,3.5074451555555557,138.33333,390.35968,1.0
2024-08-02 02:45:00,2024-08-02 08:45:00,34.763555555555556,1.0,0.25458774793650796,,,,2.707199151746032,3.1569e-07,0.0,0.0,0.0,0.0,0.0,0.0,0.0,0.0,0.0,0.0,0.0,0.0,0.0,0.0,0.0,0.0,0.0,0.174,1308.440888888889,1.9809777777777777,0.04653333333333333,1.9809777777777777,40.73434,-111.87211,295.0806666666666,26.296888888888887,881.4146666666667,131.572,0.5559999999999999,472253.1111111111,2097.2253333333333,270.76444444444445,9957595.064888889,0.0006673771428571429,0.0001216,0.0017648828571428573,0.002535626031746032,0.00023928095238095237,0.014804956507936508,0.03811414126984127,0.022262482666666663,7.647004888888889,9.179228888888892,18.64439952063492,0.37712072063492064,3.918950231746032,17.7038348,0.004539714285714286,0.3757024253968254,5.909727273015873,0.00608080634920635,0.11646903809523809,0.4902665587301588,0.36569420317460316,0.9079105936507936,0.06847192698412699,0.01420228253968254,0.573997546031746,0.2662609650793651,0.019629815873015873,0.10560753968253969,0.15164632380952384,0.13715554603174604,0.0627163746031746,0.03103347619047619,0.003153466666666667,0.008222502857142858,0.027746952380952383,0.009107400634920633,0.0018924584126984128,0.12394506857142856,31500.0,31559.0,876.3333644444444,30.798586666666665,655.4751955555555,141.50816444444445,8.438066666666666,0.17836,0.05407555555555555,31.76527070222222,30.645125942222226,30.048127715555555,30.269492733333333,30.274896084444443,29.903814880000002,29.08934271111111,29.08788392,28.627854897777777,28.888699266666666,29.832363995555557,32.423227697777776,34.174562377777775,34.77422532444445,31.280776306666667,127.44331194222222,46.92634144,13.689494106666666,4.402602648888889,0.59908332,0.3951005155555556,0.18660209777777778,0.13414237333333334,0.1057732311111111,0.07418887111111111,0.06283987111111111,0.04953272444444445,0.04211467555555556,0.03954333333333333,0.04431449333333334,0.05605137777777778,0.03494942222222222,0.027844813333333333,0.02250249777777778,0.020313115555555556,0.03292502666666666,9868962.311111111,2050.1406666666667,,,,0.0205,,,,,,,,0.12137500000000001,5.223375,0.574,,0.014750000000000001,0.058125,,,,,1.51525,0.131125,,0.0755,,0.020999999999999998,0.041624999999999995,0.5367500000000001,1.030375,,0.010499999999999999,0.325125,1.007125,0.09675,,0.25312500000000004,0.06687499999999999,0.085,0.67875,,,0.149625,0.017375,0.0575,,,,,0.039,0.05262499999999999,,,,0.197875,,,3.6415531555555556,113.33334,389.8316,1.0
2024-08-02 03:00:00,2024-08-02 09:00:00,33.61511111111111,1.0,0.2702330876190476,,,,2.704106871428572,3.1569e-07,0.0,0.0,0.0,0.0,0.0,0.0,0.0,0.0,0.0,0.0,0.0,0.0,0.0,0.0,0.0,0.0,0.0,0.174,1308.7857777777779,2.3626666666666667,0.04808888888888889,2.3626666666666667,40.73434,-111.87211,294.5713333333333,27.621333333333332,881.5377777777778,134.27955555555553,0.7915555555555556,474938.7555555556,2115.4302222222223,278.31155555555557,10177405.02977778,0.0005921171428571429,0.00012499809523809524,0.001956066031746032,0.0027550961904761902,0.00026452126984126986,0.019958633333333337,0.04142935968253968,0.022108529174603174,7.845094239316238,9.37787175091575,18.913247565079363,0.3844720190476191,4.115314761904761,19.130547707936508,0.004424587301587302,0.3877737492063492,5.992686482539683,0.006197225396825397,0.08640510158730158,0.48804981904761907,0.38081662539682537,0.9416356476190476,0.07237072063492063,0.012055574603174605,0.6122714857142858,0.29450745714285714,0.02665488571428571,0.12505076190476191,0.17999504761904764,0.14033634920634921,0.06133182539682539,0.030188273015873016,0.003141370158730159,0.007678145714285715,0.024403938412698414,0.008709965396825396,0.0019974844444444447,0.1176660511111111,32400.0,32459.0,876.4527822222223,30.86988888888889,654.1526311111112,141.47855111111113,8.594142222222223,0.18166666666666667,0.054142222222222224,31.75432580444444,30.898803120000004,30.274508942222223,30.248386968888887,30.213605684444442,29.74691294222222,29.11686691111111,28.985599982222222,28.654991208888887,28.734416511111114,29.69545081777778,32.233673493333335,34.009121613333335,34.668643715555554,31.245497399999998,127.28008168,46.66726943555555,13.37544184,4.361874671111111,0.590961,0.3846114133333333,0.19832026666666666,0.13893829333333332,0.10320358222222221,0.08314501333333334,0.06190660888888889,0.058504377777777776,0.04917806222222222,0.044596133333333336,0.04977653333333333,0.06512766666666667,0.04411268888888889,0.026847226666666668,0.023793826666666667,0.023775475555555554,0.040358368888888885,10097363.511111112,2068.226533333333,,,,0.023,,,,,,,,0.1355,5.6665,0.608,,0.015,0.058499999999999996,,,,,1.691,0.1385,,0.082,,0.025,0.0495,0.6080000000000001,1.2065000000000001,,0.011,0.35950000000000004,1.1555,0.10500000000000001,,0.28350000000000003,0.0745,0.096,0.7869999999999999,,,0.16549999999999998,0.0205,0.069,,,,,0.044,0.06249999999999999,,,,0.2245,,,3.6673739111111114,112.83334,389.17148,1.0
2024-08-02 03:15:00,2024-08-02 09:15:00,32.30266666666667,1.0,0.2797272222222222,,,,2.6841765377777778,5.4399125e-07,0.0,0.0,0.0,0.0,0.0,0.0,0.0,0.0,0.0,0.0,0.0,0.0,0.0,0.0,0.0,0.0,0.0,0.174,1309.2635555555557,2.9148,0.04866666666666667,2.9148,40.73434,-111.87211506666667,294.30199999999996,28.185333333333332,881.640888888889,128.0443111111111,0.8648888888888889,474353.9111111111,2111.908,292.1008888888889,10130173.169333333,0.0005246844444444444,0.00010554666666666666,0.0018368355555555555,0.0029144933333333334,0.0002833022222222222,0.019017844444444442,0.045474813333333336,0.01742274053030303,8.490981552188552,10.082389752525252,18.190532755555555,0.3830693333333333,4.374373511111111,20.671181555555556,0.0037633777777777776,0.41152968888888886,5.998608622222222,0.002631911111111112,0.10931937777777777,0.5247870222222223,0.42611066666666664,1.0961011999999999,0.0810116,0.009838355555555556,0.6848894666666666,0.3231505333333333,0.026180577777777776,0.11746737777777777,0.16728684444444444,0.13426146666666666,0.06197115555555556,0.029808488888888887,0.003446128888888889,0.008377595555555555,0.0266686,0.009655573333333334,0.002007182222222222,0.11309803555555556,33300.0,33359.0,876.5651866666667,30.945635555555555,666.3014044444444,144.42364,8.83692,0.18285777777777776,0.055560000000000005,32.52076781777778,31.497461546666667,30.64097920888889,30.85302527111111,30.874109737777776,30.379815422222222,29.58843356,29.571845853333336,29.019833613333333,29.293499826666668,30.27226959111111,32.73820673777778,34.38456915555556,35.21785936444444,31.816912222222225,129.72424923555556,47.54986190666667,13.87767996888889,4.438339533333333,0.6127450755555555,0.38946784,0.19176980444444444,0.14249495555555555,0.10307593777777777,0.09029382222222222,0.06542869333333333,0.05762484444444445,0.04729464444444444,0.048590546666666665,0.04569097777777778,0.07026813333333333,0.048512577777777774,0.03820794222222222,0.022532942222222224,0.026371942222222226,0.04123241777777777,10046551.466666667,2065.4979555555556,,,,0.025500000000000002,,,,,,,,0.149625,6.109625,0.642,,0.01525,0.058875,,,,,1.8667500000000001,0.145875,,0.0885,,0.028999999999999998,0.057374999999999995,0.6792500000000001,1.382625,,0.0115,0.393875,1.3038750000000001,0.11325,,0.313875,0.082125,0.10700000000000001,0.89525,,,0.181375,0.023625,0.08049999999999999,,,,,0.049,0.072375,,,,0.25112500000000004,,,3.804324133333333,140.33333,388.51135,1.0
2024-08-02 03:30:00,2024-08-02 09:30:00,32.97555555555555,1.0,0.27570488,,,,2.727181675555556,7.722925000000001e-07,0.0,0.0,0.0,0.0,0.0,0.0,0.0,0.0,0.0,0.0,0.0,0.0,0.0,0.0,0.0,0.0,0.0,0.174,1309.1773333333333,2.807377777777778,0.04786666666666666,2.807377777777778,40.73434,-111.87211426666667,294.0953333333333,28.30311111111111,881.6115555555556,119.23155555555556,0.5431111111111111,474276.93333333335,2108.7644444444445,283.6164444444445,10196806.471555555,0.0005382355555555556,8.579111111111111e-05,0.0018478622222222224,0.0035429466666666667,0.0002969733333333334,0.018409213333333334,0.05246831999999999,0.024736240134865136,8.684940085026085,10.495896855033855,18.707786755555556,0.3890042222222222,4.3205384888888885,20.869404533333334,0.003209511111111111,0.39223386666666665,6.007331288888889,0.004050222222222222,0.10932902222222222,0.5360412,0.3779124,0.9207490666666668,0.07442995555555557,0.010606666666666669,0.6048070666666666,0.28816853333333337,0.023465555555555555,0.10954813333333333,0.14193253333333333,0.1399473333333333,0.061492933333333326,0.032121644444444444,0.003640022222222222,0.008867813333333334,0.02873296,0.0101638,0.0019668311111111112,0.1169663822222222,34200.0,34259.0,876.5463377777778,30.90409777777778,671.2510622222222,146.1416888888889,9.016097777777778,0.1845688888888889,0.05645777777777778,32.57547759111111,31.453837631111114,30.588072977777777,31.15797864888889,31.002009724444445,30.462101453333332,29.79121864888889,29.72942788,29.237267555555555,29.55724231555556,30.651063044444445,32.9158832,34.881091724444445,35.39006197777778,32.05362402222222,130.74660760444445,48.19990400444444,14.163473884444445,4.564683564444445,0.6356614222222222,0.4052333244444445,0.20607238666666666,0.1546204711111111,0.10500870222222222,0.09166594222222221,0.06016446222222222,0.05813056444444444,0.050783013333333335,0.05331304444444444,0.04653289333333333,0.0741342888888889,0.054783208888888886,0.04299224888888889,0.025309079999999998,0.022554982222222224,0.04306810666666667,10115271.955555556,2061.9244,,,,0.028000000000000004,,,,,,,,0.16375,6.55275,0.6759999999999999,,0.0155,0.05925,,,,,2.0425,0.15325,,0.095,,0.033,0.06525,0.7505000000000001,1.55875,,0.012,0.42825,1.45225,0.12150000000000001,,0.34425000000000006,0.08975,0.11800000000000002,1.0034999999999998,,,0.19724999999999998,0.026750000000000003,0.092,,,,,0.054,0.08224999999999999,,,,0.27775,,,3.801696,167.83333,387.98325,1.0
2024-08-02 03:45:00,2024-08-02 09:45:00,31.386222222222223,1.0,0.29435246825396827,,,,2.8613970666666666,1.00059375e-06,0.0,0.0,0.0,0.0,0.0,0.0,0.0,0.0,0.0,0.0,0.0,0.0,0.0,0.0,0.0,0.0,0.0,0.174,1309.5466666666666,2.762088888888889,0.05173333333333333,2.762088888888889,40.7343384,-111.87211,293.8424444444444,29.205333333333332,881.7382222222222,128.37893333333332,0.712,479317.9555555556,2109.228,278.9488888888889,10405579.113333333,0.0005230171428571429,5.702825396825397e-05,0.0018124742857142855,0.003749886984126984,0.0002844006349206349,0.01845388634920635,0.042134108888888896,0.03897246755555556,9.009121777777777,10.832304,19.565758888888887,0.3793774666666667,4.582719022222222,23.912236133333334,0.0033691111111111114,0.41195617777777777,6.232196844444444,0.004549200000000001,0.11615964444444445,0.5354152888888889,0.42148462222222227,1.116936977777778,0.08373315555555556,0.015885066666666666,0.6518922222222223,0.3043779555555555,0.020373422222222222,0.1180344,0.16664742222222223,0.14200386666666667,0.06001448888888889,0.03408368888888889,0.0035150263492063493,0.008385913015873016,0.027148500952380954,0.009269909841269842,0.001924637777777778,0.11106933777777778,35100.0,35159.0,876.6607733333333,30.93656888888889,660.6580533333333,143.60767555555555,8.851097777777778,0.18416444444444444,0.05536888888888889,32.10081829333333,31.16884994666667,30.26493858222222,30.538537546666664,30.41936777777778,30.159157253333333,29.461977564444446,29.25059643111111,28.792416573333334,29.250575555555553,30.171733800000002,32.4052788,34.344395955555555,34.840309884444444,31.607803586666666,128.24242034222223,47.30380712888889,13.79731867111111,4.420741217777778,0.6291800355555555,0.41209256,0.19671212888888887,0.14140047555555554,0.10737263999999999,0.08019648888888889,0.07357107111111111,0.06286436444444445,0.0569546,0.05213813777777778,0.052309226666666674,0.07132396444444443,0.05198284888888889,0.03651679555555555,0.02516076444444444,0.030594342222222223,0.036595022222222225,10313263.91111111,2061.647911111111,,,,0.0305,,,,,,,,0.177875,6.995875,0.71,,0.01575,0.059625,,,,,2.2182500000000003,0.16062500000000002,,0.1015,,0.037,0.073125,0.82175,1.734875,,0.012499999999999999,0.46262500000000006,1.6006250000000002,0.12975,,0.374625,0.09737499999999999,0.129,1.11175,,,0.213125,0.029875000000000002,0.10350000000000001,,,,,0.059000000000000004,0.09212499999999998,,,,0.304375,,,3.8393612,195.33333,387.45517,1.0
2024-08-02 04:00:00,2024-08-02 10:00:00,29.815555555555555,1.0,0.30814299015873015,,,,3.0525393742857143,1.228895e-06,0.0,0.0,0.0,0.0,0.0,0.0,0.0,0.0,0.0,0.0,0.0,0.0,0.0,0.0,0.0,0.0,0.0,0.174,1310.0248888888889,1.8560444444444444,0.05297777777777778,1.8560444444444444,40.7343344,-111.87211,293.5371111111111,30.023555555555557,881.7964444444444,113.9028,0.5346666666666667,481421.11111111107,2135.7795555555554,271.93466666666666,10615023.932444444,0.0005354168253968255,6.929174603174602e-05,0.0018234714285714285,0.0035601612698412696,0.0002746787301587302,0.020365642857142856,0.03240163174603175,0.03648122133333334,8.628864444444446,10.53890711111111,20.90632177777778,0.38081062222222223,4.828988088888889,23.06569013333333,0.004300311111111111,0.4372401333333333,6.60505471111111,0.008592266666666666,0.12153168888888889,0.5305174222222222,0.4621741333333333,1.209964933333333,0.08565368888888888,0.019818000000000002,0.6967028000000001,0.32672266666666666,0.027072133333333335,0.13658244444444445,0.18591648888888893,0.16407711111111112,0.06152306666666666,0.0367492,0.0033276346031746035,0.00766603746031746,0.025531399682539684,0.008264272698412699,0.0018742549206349206,0.11438602698412699,36000.0,36059.0,876.7369155555556,30.970377777777777,649.1182177777778,141.30934222222223,8.813017777777779,0.18619999999999998,0.05436888888888889,31.316654000000003,30.496685857777777,29.662130324444444,29.93800715111111,29.969327915555553,29.633829737777777,29.033255417777777,28.896602635555556,28.32693726666667,28.774676697777775,29.774388475555554,31.91202609333333,33.703019435555554,34.35729932888889,31.216560475555557,126.10403553777778,46.26192697333333,13.345743484444444,4.296730284444445,0.6016560844444444,0.38382250222222225,0.20075968444444445,0.14369408888888888,0.10499125777777779,0.09063131555555556,0.07295572,0.07033026222222222,0.049965991111111115,0.05497857777777778,0.0559364,0.07457630222222221,0.049242022222222216,0.042377773333333334,0.023428355555555554,0.02910913777777778,0.050003177777777776,10515172.444444444,2086.335777777778,6.156,0.389,0.415,0.033,0.002,0.074,0.456,0.221,0.116,0.007,0.099,0.192,7.439,0.744,0.53,0.016,0.06,0.008,0.115,0.112,0.224,2.394,0.168,1.714,0.108,0.038,0.041,0.081,0.893,1.911,0.02,0.013,0.497,1.749,0.138,0.198,0.405,0.105,0.14,1.22,0.056,0.006,0.229,0.033,0.115,0.052,0.204,0.087,0.015,0.064,0.102,0.321,0.059,0.051,0.331,0.279,0.177,3.9350194666666667,222.83333,386.92706,1.0
2024-08-02 04:15:00,2024-08-02 10:15:00,29.61866666666667,1.0,0.2995542577777778,,,,2.9757651200000006,1.4571962500000002e-06,0.0,0.0,0.0,0.0,0.0,0.0,0.0,0.0,0.0,0.0,0.0,0.0,0.0,0.0,0.0,0.0,0.0,0.174,1308.9146666666668,2.5220444444444445,0.053200000000000004,2.5220444444444445,40.73434186666667,-111.87210840000002,293.1344444444444,30.77466666666667,881.767111111111,120.12955555555556,0.660888888888889,479973.06666666665,2137.7826666666665,259.2026666666667,10671833.996888889,0.0005566400000000001,0.00011459111111111112,0.0019222177777777779,0.0030995333333333334,0.00027640444444444447,0.022009471111111113,0.02855024,0.04495491111111111,8.277472,10.113481777777778,20.421613004728602,0.3806056715321715,5.002115227735228,22.48135658470049,0.005862663704813705,0.44195182070152067,6.649219059000259,0.005179372801272802,0.11566084677174678,0.5183944604469605,0.4499457067876568,0.9847831221482222,0.08529758336108337,0.02492408046768047,0.6427592183982683,0.3096988428867429,0.024626684397084396,0.13428573144633144,0.19311298059533058,0.17629423453768453,0.0501571326044326,0.038650049654049654,0.003266746666666667,0.007158911111111111,0.024039102222222223,0.00767740888888889,0.001987124444444444,0.10589948,36900.0,36959.0,876.7243022222223,31.041822222222223,638.1165066666667,139.13483555555555,8.76123111111111,0.18800444444444445,0.05355111111111111,30.602206417777776,29.92922992,29.125067355555554,29.240577613333336,29.444584026666668,29.06824568,28.424235297777777,28.525154737777775,27.966001657777777,28.29361728,29.203674986666666,31.47632477777778,33.22768829777778,34.06120013333334,30.760039711111112,124.20439707555556,45.41039941333334,12.88825772,4.177720364444444,0.5712847511111111,0.3768862755555556,0.19971071555555556,0.14497090666666665,0.10641103555555556,0.08337088888888888,0.07539042222222223,0.06991935111111111,0.05759746222222222,0.05396942666666667,0.06385720444444445,0.07778312,0.053118519999999995,0.045496355555555555,0.032058088888888885,0.029622515555555555,0.046587768888888895,10578477.333333334,2089.9021333333335,,,,0.034125,,,,,,,,0.179625,7.06125,0.716,,0.015625,0.058124999999999996,,,,,2.2811250000000003,0.16212500000000002,,0.098375,,0.037125000000000005,0.072875,0.845125,1.797,,0.012875,0.466625,1.651,0.13,,0.38312500000000005,0.09762499999999999,0.13037500000000002,1.15,,,0.214875,0.030125000000000002,0.10350000000000001,,,,,0.059375,0.09325,,,,0.31275000000000003,,,3.951169822222222,250.33333,386.39896,1.0
2024-08-02 04:30:00,2024-08-02 10:30:00,30.210666666666665,1.0,0.30486608444444446,,,,2.96811184,1.6854975e-06,0.0,0.0,0.0,0.0,0.0,0.0,0.0,0.0,0.0,0.0,0.0,0.0,0.0,0.0,0.0,0.0,0.0,0.174,1308.156,2.2619555555555553,0.04933333333333333,2.2619555555555553,40.73434568888889,-111.87210506666666,292.99577777777773,31.350666666666665,881.6897777777779,131.94435555555555,0.8271111111111112,480207.73333333334,2114.3066666666664,262.57022222222224,10681137.095555555,0.0006155333333333334,0.00012616444444444444,0.0019078222222222224,0.0028932844444444447,0.0002859688888888889,0.02304172888888889,0.023759151111111113,0.07605562222222222,8.596147111111112,10.413840444444444,18.331500547306398,0.3823432271395272,4.822649406369556,20.516807035590336,0.0045552303862803865,0.43174189405039404,6.365846982016133,0.005386392858992861,0.12986741577681576,0.5257518042069041,0.4629876214193214,1.1547746482535983,0.08633033619713619,0.028171691810041814,0.6300895668794169,0.30322272807562806,0.01988422828467828,0.14236043351648353,0.20945474995004995,0.15767704744884745,0.04058748156843157,0.03274715444185445,0.0034182577777777776,0.0076525644444444445,0.026326826666666667,0.008260244444444445,0.0019056444444444445,0.09773314222222222,37800.0,37859.0,876.6526799999999,31.109657777777777,642.8433111111111,140.7181111111111,8.925306666666668,0.18945777777777778,0.05424444444444444,30.44909905333333,29.845757635555557,29.243981786666666,29.467427915555557,29.65308996,29.181242328888892,28.600294466666664,28.68041312,28.36466896888889,28.723309844444444,29.453419902222223,31.88062369777778,33.741307471111114,34.24480968444445,30.805246595555555,125.14138201333334,45.737732933333334,13.140573106666666,4.2786778044444445,0.5999756488888889,0.41015627555555556,0.2053947111111111,0.15262714222222223,0.1166604,0.09392795111111112,0.07629110222222221,0.07238972,0.06157588888888889,0.057830391111111115,0.06995191555555555,0.08279018222222222,0.05631331111111111,0.04482250222222222,0.02950634222222222,0.03124779111111111,0.04886144888888889,10586901.333333334,2066.1967999999997,,,,0.035250000000000004,,,,,,,,0.16725,6.6835,0.688,,0.01525,0.056249999999999994,,,,,2.16825,0.15625,,0.08875,,0.03325,0.06475,0.79725,1.683,,0.01275,0.43625,1.5530000000000002,0.12200000000000001,,0.36125,0.09025,0.12075000000000001,1.08,,,0.20075,0.027250000000000003,0.092,,,,,0.05475,0.08449999999999999,,,,0.2945,,,3.8754155111111115,277.83334,385.87088,1.0
2024-08-02 04:45:00,2024-08-02 10:45:00,28.373333333333335,1.0,0.313239553968254,,,,3.120578877142857,1.91379875e-06,0.0,0.0,0.0,0.0,0.0,0.0,0.0,0.0,0.0,0.0,0.0,0.0,0.0,0.0,0.0,0.0,0.0,0.174,1308.772888888889,1.9561333333333333,0.04808888888888889,1.9561333333333333,40.73434031111112,-111.87210986666668,292.80555555555554,32.13333333333333,881.6102222222222,114.87395555555555,0.7213333333333334,483223.60000000003,2127.659111111111,273.30977777777775,10930333.364444444,0.0006591409523809524,0.00012165301587301587,0.0018086771428571429,0.002851696507936508,0.0002885165079365079,0.02301752984126984,0.019141757142857145,0.09179983111111112,9.152252,10.97907111111111,19.723446711111112,0.37861317460317456,5.0157043650793645,21.60747008888889,0.005745911111111111,0.4457395111111111,6.679837555555555,0.009254000000000002,0.1541389619047619,0.5376284952380953,0.45118755555555556,1.0364864,0.08489586666666667,0.024013422222222226,0.6517593333333332,0.3193831555555556,0.022791688888888887,0.14387293333333334,0.22416235555555555,0.15771053333333335,0.04586066666666667,0.03656706666666667,0.003350743492063492,0.007142673333333334,0.02684415619047619,0.00775085873015873,0.0017863520634920636,0.09064381301587303,38700.0,38759.0,876.5741422222222,31.15503111111111,635.7736977777778,139.90507555555556,9.122737777777779,0.1946977777777778,0.05389777777777778,29.943225715555556,29.285067786666666,28.766304764444445,29.10609427111111,29.309540159999997,29.03231188888889,28.429904906666664,28.427264400000002,28.06635663111111,28.415535186666666,29.32176656,31.56572398222222,33.474510835555556,34.05163874222222,30.688265706666666,123.55810832,44.92377367555556,12.873500991111111,4.258006644444444,0.5861641066666666,0.3995845111111111,0.2206688,0.1498382977777778,0.11813774222222223,0.10159562666666667,0.08457126666666667,0.07301934666666667,0.06591747555555555,0.062221986666666666,0.07324915555555554,0.08709288888888889,0.06495177333333334,0.058062444444444444,0.03291082222222222,0.039491733333333334,0.05931153333333334,10814457.777777778,2077.6643555555556,,,,0.036375000000000005,,,,,,,,0.15487499999999998,6.30575,0.66,,0.014875,0.054375,,,,,2.055375,0.150375,,0.079125,,0.029375000000000002,0.056625,0.749375,1.569,,0.012624999999999999,0.405875,1.455,0.114,,0.33937500000000004,0.082875,0.111125,1.01,,,0.186625,0.024375,0.0805,,,,,0.050125,0.07575,,,,0.27625,,,3.9705961333333333,305.33334,385.34277,1.0
2024-08-02 05:00:00,2024-08-02 11:00:00,33.05288888888889,1.0,0.26427578666666673,,,,2.894793038095238,2.1421e-06,0.0,0.0,0.0,0.0,0.0,0.0,0.0,0.0,0.0,0.0,0.0,0.0,0.0,0.0,0.0,0.0,0.0,0.174,1308.9413333333332,2.398577777777778,0.04973333333333333,2.398577777777778,40.73434,-111.87211,292.8762222222222,31.849333333333334,881.6128888888888,145.70048888888886,1.2755555555555556,473943.2888888889,2104.224888888889,262.09555555555556,10604150.944888888,0.0005908644444444444,0.00010893777777777779,0.00149766,0.002432596190476191,0.0002699806349206349,0.020043663174603175,0.017378714603174604,0.08541407022222221,7.6236004444444445,9.434504888888888,18.169029911111114,0.38720839999999995,4.305928933333333,18.217246222222222,0.005676488888888889,0.40956262222222223,6.235810844444444,0.0066398222222222225,0.16256013333333333,0.5383926666666666,0.4075837777777778,0.9471187555555556,0.07564582222222223,0.014698666666666667,0.5969562222222222,0.28200044444444444,0.018713999999999998,0.12481422222222222,0.1982004,0.14891431111111111,0.04147177777777778,0.03169528888888889,0.003422088888888889,0.0076985971428571425,0.02941397841269841,0.00821108761904762,0.0016282384126984127,0.08912338285714286,39600.0,39659.0,876.5728177777778,31.126062222222224,630.73736,138.6707688888889,9.029599999999999,0.19408,0.053546666666666666,29.65035600888889,29.00761128,28.488380737777778,28.81134044,28.990430804444443,28.781700493333332,28.24143664,28.150225733333333,27.947922986666665,28.260680382222223,29.20921683111111,31.441377684444443,33.35719687555555,34.11191335111111,30.718783506666668,122.10019739555555,44.28180278666667,12.633694133333334,4.273166413333333,0.6044340133333334,0.40337886222222225,0.20909148444444445,0.15189854222222224,0.11558223999999999,0.09797586222222222,0.07559512,0.07257307555555556,0.06372263111111111,0.06747877777777776,0.07424084444444444,0.10057783555555555,0.06279096888888888,0.05355147111111112,0.030549453333333334,0.03905415111111111,0.05729873777777778,10548680.577777779,2058.2473333333332,,,,0.037500000000000006,,,,,,,,0.14250000000000002,5.928,0.632,,0.014499999999999999,0.0525,,,,,1.9425000000000001,0.14450000000000002,,0.0695,,0.025500000000000002,0.0485,0.7015,1.455,,0.0125,0.3755,1.357,0.10600000000000001,,0.3175,0.0755,0.1015,0.94,,,0.17250000000000001,0.021500000000000002,0.069,,,,,0.0455,0.067,,,,0.258,,,3.758451911111111,321.16666,384.81467,1.0
2024-08-02 05:15:00,2024-08-02 11:15:00,42.95333333333333,1.0,0.1604791307936508,,,,2.257477286031746,1.434588363756614e-06,2.2705891799453332e-11,9.796316582644445e-11,0.0,1.0221824382399864e-15,9.94822013614348e-15,1.7698585865724454e-13,0.0,4.1005348713869535e-17,1.6571869749416757e-12,1.1586003057665779e-12,1.478211779617718e-17,4.0537864192844446e-10,9.94102121239122e-12,6.885055090222221e-11,5.581451417066667e-10,1.2676901519804604e-14,1.5251934475686842e-16,0.174,1309.080888888889,3.1512444444444445,0.05182222222222223,3.1512444444444445,40.73434,-111.87210813333334,293.95044444444443,28.217333333333332,881.6328888888889,139.7904888888889,2.078222222222222,457090.22222222225,2054.6986666666667,258.7026666666667,9680917.29288889,0.000474355873015873,6.75752380952381e-05,0.001618168253968254,0.001873050158730159,0.00020518285714285717,0.016328500317460318,0.02498301650793651,0.1441516955173715,5.888938971028971,7.356750606837607,12.917745955555555,0.4033512888888888,2.5894944444444445,8.838815777777777,0.0026923999999999997,0.2704777333333333,4.920914222222223,0.0014633777777777782,0.1682768,0.5239882666666666,0.23365764444444445,0.5866652888888889,0.03876102222222222,0.0,0.3725924,0.14520084444444445,0.010107022222222222,0.060987377777777775,0.11838088888888888,0.08251746666666666,0.028062,0.016549377777777777,0.004168834285714285,0.009912009206349208,0.04498941015873016,0.010862762857142858,0.001711263492063492,0.10494285523809524,40500.0,40559.0,876.5847200000001,31.06601777777778,632.3530755555555,136.52992444444445,8.242013333333334,0.18036,0.052088888888888886,29.44700035111111,28.851865662222224,28.459968795555554,28.861916982222223,29.08954868888889,28.849885115555555,28.381590328888887,28.381280973333332,28.08361517777778,28.414258702222224,29.29023076,31.73002991111111,33.505019248888885,34.17481586666667,30.759271195555552,122.44200211555555,44.846313844444445,12.752358946666668,4.16513504,0.5934009288888888,0.36628064,0.18546976,0.11810945777777777,0.08680324888888888,0.07025788,0.05711993333333333,0.047406986666666664,0.03973223111111111,0.03789220888888889,0.04347358222222222,0.06604768888888889,0.042429577777777776,0.032226088888888886,0.02096459555555556,0.022036906666666668,0.03725739555555555,9606671.91111111,2010.0006222222223,,,,0.038625,,,,,,,,0.130125,5.55025,0.604,,0.014125,0.050624999999999996,,,,,1.829625,0.138625,,0.059875,,0.021625000000000002,0.040375,0.653625,1.341,,0.012375,0.345125,1.259,0.098,,0.295625,0.06812499999999999,0.09187500000000001,0.87,,,0.158375,0.018625000000000003,0.05750000000000001,,,,,0.040874999999999995,0.058249999999999996,,,,0.23975000000000002,,,3.1341011555555554,323.66666,384.28659,1.0
2024-08-02 05:30:00,2024-08-02 11:30:00,35.048,1.0,0.24243648698412695,,,,2.581188051428571,3.169150564309764e-06,6.829318018088524e-09,2.381051280314356e-08,3.073749375753831e-32,4.796810305168432e-12,1.3277137692418766e-11,1.4768479443429452e-10,1.2070850936918632e-32,2.346467161948515e-12,9.415924737391464e-10,6.890976555810597e-10,5.904368076113468e-14,8.8142563331656e-08,4.676733458472787e-09,1.553364379689778e-08,1.289451464944711e-07,1.1391925349459551e-11,1.590022401936011e-12,0.174,1309.0600000000002,3.5619555555555555,0.0496,3.5619555555555555,40.73434,-111.87210577777778,294.08244444444443,29.144000000000002,881.768,155.45159999999998,1.052,472060.13333333336,2103.9813333333336,277.77777777777777,10360825.924444444,0.00040223809523809526,7.49295238095238e-05,0.0019110314285714287,0.0029181673015873017,0.00024882190476190475,0.02105961904761905,0.03862522222222222,0.1527072321717172,8.443484267676768,10.247102587542088,15.9545388,0.4116227111111111,3.4693948000000003,12.6367692,0.004518177777777777,0.33911586666666665,5.6697036,0.004477422222222222,0.19041542222222224,0.5573302666666666,0.32288164444444445,0.8192633777777778,0.056661111111111113,0.0074286222222222234,0.5199331555555555,0.20543440000000002,0.016244844444444444,0.08097124444444444,0.13940564444444445,0.10620342222222222,0.038337022222222225,0.02515271111111111,0.003962265079365079,0.00854987111111111,0.035584583809523805,0.009518947936507937,0.0021261460317460314,0.12387895523809524,41400.0,41459.0,876.7263733333333,31.123551111111112,645.2486177777778,139.05884444444442,8.625302222222222,0.18533777777777777,0.05297333333333333,31.94434696,30.80748850666667,30.10935054666667,30.19762368,30.233322382222223,29.70760884,28.99860004,28.932555755555555,28.308555964444444,28.497974906666666,29.424047471111113,31.88941771111111,33.61246854666667,34.29877302666667,30.97699389777778,123.19108133777777,45.130932466666664,12.758411577777776,4.187625062222223,0.5864777244444445,0.3920805866666667,0.18338524888888888,0.14792995111111112,0.1060390088888889,0.08415712888888889,0.07072705777777778,0.06154099111111111,0.04831169777777778,0.03884262222222222,0.05314026222222222,0.07693004444444444,0.04872874666666667,0.04161225777777778,0.02293811555555556,0.029475964444444443,0.049176111111111115,10259070.08888889,2055.586311111111,,,,0.03975,,,,,,,,0.11775,5.172499999999999,0.5760000000000001,,0.01375,0.04875,,,,,1.7167500000000002,0.13275,,0.05025,,0.017750000000000002,0.03225,0.60575,1.2269999999999999,,0.01225,0.31475,1.161,0.09,,0.27375000000000005,0.06075,0.08225,0.8,,,0.14425,0.01575,0.046,,,,,0.03625,0.0495,,,,0.2215,,,3.549568933333333,326.16666,383.75848,1.0
2024-08-02 05:45:00,2024-08-02 11:45:00,34.31022222222222,1.0,0.23734480984126988,,,,2.451555939047619,3.0775394561660563e-06,2.2368362222222223e-07,6.205794666666666e-07,9.358358544113774e-30,2.2858498666666668e-10,6.68297911111111e-10,7.009475333333333e-09,3.7056798329447295e-30,9.904673866666667e-11,4.1689956444444445e-08,3.1254404e-08,2.7326413333333333e-12,1.585239022222222e-06,1.9428314666666667e-07,1.7417315555555556e-07,1.962983955555556e-06,5.396458266666667e-10,6.917544622222222e-11,0.174,1308.459111111111,3.3284000000000002,0.04777777777777778,3.3284000000000002,40.73434,-111.8721080888889,293.8833333333333,29.045333333333335,881.8893333333333,151.88346666666666,1.5262222222222221,470190.35555555555,2105.788,285.53066666666666,10073223.582222221,0.0005558206349206348,0.00012748444444444444,0.0021774603174603176,0.0043568498412698406,0.0003000780952380952,0.020246883174603172,0.07882327238095238,0.24822333018315018,9.24642663003663,11.327400376068375,15.4441364,0.4196992888888889,3.331899288888889,11.774993066666667,0.0034030222222222223,0.3326652888888889,5.508165777777778,0.002375644444444445,0.16458248888888888,0.5306359555555555,0.3132358666666667,0.6961240444444444,0.048868355555555555,0.0034874222222222233,0.4868981777777778,0.19188373333333333,0.014638533333333332,0.07247542222222221,0.11825866666666666,0.0946028,0.05041968888888889,0.02440942222222222,0.004138240634920635,0.008477155873015873,0.03247183238095239,0.009730837142857144,0.0021417904761904766,0.10643932571428572,42300.0,42359.0,876.8378177777778,31.09806222222222,653.8093333333334,140.65996444444446,8.778555555555556,0.18647999999999998,0.053697777777777775,33.48322060444445,32.00612878222223,31.15319152,31.06996376888889,30.697755968888888,30.11561869777778,29.386553742222222,29.261238777777773,28.53001826222222,28.879272906666664,29.60521400888889,31.947860124444446,33.827466755555555,34.47248103555556,31.002712426666665,123.55853167111111,45.345599808888885,13.062571648888888,4.2982998977777775,0.5891180088888889,0.3931150622222222,0.1926690488888889,0.14713711555555556,0.11067341333333333,0.08776657333333332,0.07358057777777778,0.07034846222222221,0.05314047111111111,0.056059017777777775,0.05011012444444444,0.08600454666666665,0.05160260888888889,0.04230477333333334,0.025299595555555554,0.025533662222222222,0.05120017777777777,10009003.911111113,2059.6936444444445,,,,0.040875,,,,,,,,0.105375,4.79475,0.548,,0.013375,0.046875,,,,,1.6038750000000002,0.12687500000000002,,0.040624999999999994,,0.013875000000000002,0.024125,0.557875,1.113,,0.012125,0.284375,1.063,0.08199999999999999,,0.251875,0.053375,0.072625,0.73,,,0.130125,0.012875000000000001,0.0345,,,,,0.031625,0.04075,,,,0.20325,,,3.519474711111111,328.66666,383.60574,1.0
2024-08-02 06:00:00,2024-08-02 12:00:00,32.218666666666664,1.0,0.24288235587301588,,,,2.51622978031746,5.505181288888888e-06,5.2906920444444445e-06,1.5299136e-05,3.656410355555556e-28,5.08972368888889e-09,1.4870749777777777e-08,1.5702798666666665e-07,1.4573766888888888e-28,2.2823302666666665e-09,9.427696444444444e-07,7.043968444444444e-07,6.141312e-11,4.187978888888889e-05,4.423877911111111e-06,5.1925159999999994e-06,5.2963213333333333e-05,1.2091773777777779e-08,1.5889847111111113e-09,0.174,1308.592,3.321511111111111,0.043777777777777784,3.321511111111111,40.73434,-111.87211,293.80911111111106,29.196,882.0928888888889,121.20746666666668,0.9066666666666666,473482.57777777774,2098.372888888889,306.0937777777778,10217909.01911111,0.0005782253968253969,0.00013612285714285712,0.0020538663492063493,0.00469109365079365,0.00027380285714285714,0.017943462857142854,0.04703131365079365,0.6242991822222222,10.675052444444443,12.953822666666667,16.613459600000002,0.41132244444444443,3.410919333333333,12.645137644444445,0.004149155555555555,0.3461396888888889,5.495398311111112,0.005905066666666668,0.16776884444444443,0.5212233777777777,0.3264320444444444,0.7388795555555556,0.05374528888888889,0.005887466666666668,0.49770644444444445,0.19601484444444445,0.013263066666666665,0.07113693333333333,0.1261147111111111,0.10103208888888889,0.042716444444444446,0.023988533333333333,0.003913168888888889,0.007848934285714287,0.029015854603174605,0.008907368571428572,0.0018785638095238093,0.09934585238095239,43200.0,43259.0,877.0311555555556,31.04949333333333,650.4382133333334,140.26842222222223,8.836751111111111,0.18806222222222224,0.05375111111111111,33.454634866666666,31.93984418222222,30.90957035111111,31.057376920000003,30.595266786666667,29.969632982222222,29.072528648888888,29.064799017777776,28.51162411111111,28.757272564444445,29.60968239555556,31.866364275555558,33.51110585333333,33.99961398222222,30.77678795555556,122.56249294666667,45.215506893333334,13.09527952,4.304545168888889,0.60245252,0.39823807555555557,0.20887407555555554,0.14518743111111113,0.11446360444444445,0.09462222666666667,0.07340626222222223,0.06990410666666666,0.05743694666666667,0.05685472444444444,0.054867542222222225,0.07655622666666667,0.05532410222222222,0.050407924444444446,0.023054586666666665,0.02814672,0.054449755555555555,10132276.311111111,2052.4991555555557,4.666,0.392,0.239,0.042,0.001,0.076,0.448,0.213,0.104,0.008,0.053,0.093,4.417,0.52,0.388,0.013,0.045,0.001,0.14,0.066,0.127,1.491,0.121,0.486,0.031,0.016,0.01,0.016,0.51,0.999,0.007,0.012,0.254,0.965,0.074,0.123,0.23,0.046,0.063,0.66,0.021,0.006,0.116,0.01,0.023,0.018,0.08,0.038,0.009,0.027,0.032,0.21,0.033,0.018,0.185,0.156,0.071,3.440184488888889,316.0,384.24554,1.2444243262369314
2024-08-02 06:15:00,2024-08-02 12:15:00,39.86711111111111,1.0,0.17126015555555557,,,,2.263330328888889,3.3732874222222223e-05,5.442847111111111e-05,0.00017411223111111113,2.8484528888888887e-27,4.0830782222222224e-08,1.2683337777777779e-07,1.3720222222222222e-06,1.126487688888889e-27,1.5740071111111112e-08,8.549893777777779e-06,6.3680142222222225e-06,4.771486222222223e-10,0.0005724996,4.125515111111111e-05,8.985462666666666e-05,0.0007906452888888888,1.0469143555555555e-07,1.1344928888888889e-08,0.174,1308.4395555555557,2.9263555555555554,0.043244444444444446,2.9263555555555554,40.73434,-111.8721092888889,293.75755555555554,28.32622222222222,882.2862222222222,118.33853333333333,1.4102222222222223,460152.0,2055.5884444444446,273.3071111111111,9639034.747555558,0.0005908711111111112,5.981777777777778e-05,0.001456711111111111,0.002509977777777778,0.0002274888888888889,0.012550968888888889,0.021001084444444443,0.48757497777777775,8.796556,11.716692888888888,14.952349916914567,0.40019760734820736,2.6408870757464755,8.832186457721908,0.00336182074037074,0.267818773966774,4.843660275657675,0.003834889997039998,0.15651231642801644,0.46974069255929257,0.24537915177785177,0.4999803350260851,0.026298389001739,0.003928967563917566,0.3314491593758094,0.1337815185425685,0.015392374843674842,0.0562096993025493,0.11575148329078329,0.08260738052688052,0.022032096501646503,0.016024377034077036,0.003919440000000001,0.008641613333333334,0.03737239111111111,0.009620151111111112,0.0014924666666666666,0.09155669333333334,44100.0,44159.0,877.2175333333333,31.06488888888889,627.4285111111111,135.09472444444447,8.190764444444444,0.1810266666666667,0.051533333333333334,30.079265666666668,29.433387582222224,28.76265216888889,28.982048066666668,29.088075995555553,28.728267875555556,28.156748871111112,28.264508546666665,27.79985614222222,28.215656777777777,28.95749074222222,31.34015315111111,33.05144865333333,33.60478959555556,30.11102985777778,120.12159382666667,44.00599924,12.58688272,4.199415186666667,0.5995648444444445,0.3726783288888889,0.19521697777777777,0.13870884444444445,0.09288700888888889,0.07320000888888889,0.0646173111111111,0.0572332,0.042049866666666665,0.03876491555555555,0.045263804444444444,0.06013529333333333,0.04469887555555555,0.03603419111111111,0.019849706666666668,0.026318857777777777,0.03202260888888889,9586678.48888889,2012.3728444444441,,,,0.041,,,,,,,,0.103125,4.7052499999999995,0.72575,,0.013125,0.08837500000000001,,,,,1.523875,0.18562499999999998,,0.053625,,0.014875,0.020125,0.529875,1.048125,,0.01225,0.276125,1.014125,0.079375,,0.252375,0.053125,0.07475,0.706875,,,0.12662500000000002,0.014499999999999999,0.028375,,,,,0.037375,0.035125,,,,0.198625,,,3.0892204444444444,286.0,386.59851,0.8176645416076798
2024-08-02 06:30:00,2024-08-02 12:30:00,36.20044444444444,1.0,0.2005917866666667,,,,2.3628056488888887,0.00014267258222222222,0.0002386735111111111,0.0008050666666666666,8.770173333333334e-27,1.7106404444444444e-07,5.240026666666667e-07,5.654671111111111e-06,3.310951111111111e-27,5.530346666666667e-08,3.557585333333333e-05,2.6211826666666666e-05,1.9089955555555557e-09,0.002964326222222222,0.00017233737777777776,0.0005580728,0.004411744444444444,4.3137728888888887e-07,4.08536e-08,0.174,1308.4724444444444,2.6489333333333334,0.04328888888888889,2.6489333333333334,40.7343376,-111.87210871111112,293.76466666666664,28.677333333333333,882.4382222222223,119.93915555555556,0.9817777777777777,465680.8888888889,2063.071111111111,294.52844444444446,9915621.313777778,0.0006013422222222222,5.5422222222222224e-05,0.0015970133333333334,0.0025725155555555556,0.0002548355555555555,0.014285124444444446,0.020883053333333332,0.4849853244444445,11.082080888888889,13.567062222222221,13.941054336025086,0.4005747547711548,2.861330874092574,10.696817034075185,0.00395742733007733,0.2856646357975358,4.997183108844859,0.0038820316868316885,0.15739884439079438,0.4803917431142931,0.3300436963795464,0.9298445636104636,0.05415113931068931,0.0027156313001813026,0.4491929633089133,0.17871885454545453,0.013745668466718463,0.05919341194361195,0.14775704551189553,0.08828032451807452,0.02349398114663115,0.018278137432937432,0.003939773333333334,0.00816436888888889,0.03486976888888889,0.009204093333333333,0.0015876,0.09826752888888889,45000.0,45059.0,877.3640711111111,31.091084444444444,628.6911777777779,136.18477333333334,8.414742222222221,0.18441333333333335,0.052128888888888884,29.91973086666667,29.27146334222222,28.723194986666666,28.98920284888889,29.115617666666665,28.68539551111111,28.274346755555555,28.27638574222222,27.82562258222222,28.052135777777778,29.06376410222222,31.470132084444447,33.19197237777777,33.77372566222222,30.16130951111111,120.70113704444445,44.32411297333333,12.611933022222221,4.235178995555556,0.6002573511111111,0.3843779466666667,0.1966471422222222,0.1348544177777778,0.10020085777777778,0.08312407999999999,0.07067434222222223,0.06536363555555555,0.04867656888888889,0.040248839999999994,0.05694606666666666,0.06752288888888888,0.04671204888888889,0.032745244444444446,0.022452684444444444,0.02996206222222222,0.04402944444444444,9824113.422222223,2017.1726666666668,,,,0.04,,,,,,,,0.11324999999999999,4.9935,0.9315,,0.01325,0.13175,,,,,1.55675,0.25025,,0.07625,,0.01975,0.02425,0.54975,1.09725,,0.0125,0.29825,1.06325,0.08474999999999999,,0.27475,0.06025,0.0865,0.75375,,,0.13725,0.019,0.03375,,,,,0.04775,0.03825,,,,0.21225,,,3.185308844444444,256.0,390.79837,0.8278678952989112
2024-08-02 06:45:00,2024-08-02 12:45:00,33.44133333333333,1.0,0.22843019492063493,,,,2.5252892238095237,0.0003558932888888889,0.0006107368888888889,0.0021845906666666665,1.567078666666667e-26,4.6184622222222225e-07,1.3181822222222223e-06,1.4021106666666666e-05,5.965431111111111e-27,1.4097226666666666e-07,8.778773333333333e-05,6.352857777777778e-05,5.03616e-09,0.009197831111111112,0.0004204924444444444,0.002104424888888889,0.014868297777777779,1.0772733333333333e-06,1.0240044444444445e-07,0.174,1309.248,2.8064444444444443,0.04875555555555556,2.8064444444444443,40.7343364,-111.87211,293.3171111111111,29.967111111111112,882.5480000000001,106.22151111111111,0.5417777777777778,472374.26666666666,2072.932,325.46222222222224,10376664.014222221,0.0005086104761904762,7.85952380952381e-05,0.0017285780952380953,0.002882819365079365,0.00024546158730158734,0.016415133015873017,0.014246306666666668,0.4673366222222222,11.304512444444443,12.892155555555558,16.098880984126986,0.40111975555555557,3.1809487555555553,11.785652495238095,0.0040322000000000005,0.3245501142857143,5.29009546984127,0.008161542857142857,0.1721895492063492,0.5055792476190476,0.3256809746031746,0.8310280920634922,0.05195370476190476,0.0,0.48175853015873016,0.19733155238095237,0.014239307936507935,0.06259967619047618,0.1450444476190476,0.09155099365079365,0.030718790476190475,0.023271603174603174,0.0038859574603174606,0.0075764717460317455,0.03201714095238096,0.00869122888888889,0.0016448365079365077,0.09439349777777778,45900.0,45959.0,877.4735244444444,31.09663111111111,632.68304,136.7009111111111,8.485493333333332,0.1854,0.05218222222222222,31.210053422222224,30.035593786666666,29.08165657777778,29.374364275555553,29.409717364444443,28.75809556,28.426592262222222,28.372021800000002,27.894728302222223,28.126461497777775,29.06507543111111,31.54662353333333,33.23724665333334,34.10419524444445,30.521317066666665,120.67634950222221,44.12395991111111,12.481169871111112,4.152111777777778,0.5961961022222222,0.38911728444444443,0.1852203688888889,0.1493895111111111,0.10708346666666667,0.0911834,0.07096940888888889,0.06688919111111111,0.056952484444444444,0.05419502666666667,0.05875530666666666,0.07850620888888889,0.045324231111111106,0.039141204444444445,0.02712271111111111,0.030947226666666668,0.038717800000000004,10279323.733333332,2025.7751555555553,,,,0.039,,,,,,,,0.123375,5.28175,1.1372499999999999,,0.013375,0.17512500000000003,,,,,1.589625,0.314875,,0.09887499999999999,,0.024625,0.028375,0.569625,1.146375,,0.012750000000000001,0.32037499999999997,1.1123750000000001,0.090125,,0.297125,0.06737499999999999,0.09825,0.8006249999999999,,,0.147875,0.0235,0.039125,,,,,0.058124999999999996,0.041375,,,,0.225875,,,3.414032711111111,226.0,397.85269,0.8463726128518099
2024-08-02 07:00:00,2024-08-02 13:00:00,28.83688888888889,1.0,0.28252586158730164,,,,2.8371074571428574,0.0006691011999999999,0.0012127866666666667,0.004525804444444444,2.31676e-26,9.54731111111111e-07,2.5222044444444447e-06,2.6659688888888886e-05,8.778440000000001e-27,3.055902222222222e-07,0.00016672257777777778,0.00011842724444444445,1.0446097777777777e-08,0.02015455111111111,0.0007946991111111111,0.004718017777777778,0.0332032,2.0667733333333333e-06,2.1208533333333333e-07,0.174,1309.827111111111,2.3872,0.04555555555555556,2.3872,40.73433951111111,-111.87211,293.0184444444444,31.284,882.6582222222222,130.07693333333333,0.4408888888888889,477157.42222222226,2088.501333333333,396.9626666666667,10923845.585777776,0.0004315571428571429,8.21247619047619e-05,0.001730975238095238,0.0025895615873015873,0.00023133746031746033,0.015274714285714286,0.009882206381515312,0.9634561333333334,13.877282222222222,15.623057777777777,20.243756949206347,0.4012119396825397,3.5924126666666667,13.188951650793651,0.004658501587301587,0.3675314603174603,5.946128193650794,0.010159146031746032,0.18050216825396825,0.5254934571428572,0.4356049777777778,1.0144269269841268,0.07875146666666666,0.008651755555555557,0.6335617206349207,0.27242330476190474,0.02253994603174603,0.08043389523809523,0.18503220634920634,0.11287346666666666,0.03367153015873016,0.030429790476190478,0.003912475238095238,0.0072422415873015875,0.029595850158730157,0.00855978126984127,0.0016872584126984128,0.14319624825396826,46800.0,46859.0,877.5677422222223,31.11004888888889,629.1736711111112,136.32264444444445,8.606493333333333,0.18833333333333335,0.05198222222222222,31.128996355555557,29.82840136,28.93186100888889,29.133889075555555,29.308871479999997,28.801803408888887,28.187926946666668,28.109625333333334,27.64473492,28.099656755555554,28.965589915555555,31.422675066666667,33.20362112888889,33.76227564444444,30.487480893333334,119.92132941777778,43.54674931111111,12.377746182222221,4.167101462222222,0.6029251911111111,0.3969701066666667,0.18830267555555555,0.1428967511111111,0.10926796444444445,0.09223336444444444,0.07901195555555555,0.06447201777777778,0.057138742222222226,0.06219569333333333,0.06117154222222222,0.08163056444444444,0.05293802666666667,0.04580699111111111,0.029424711111111113,0.03142116,0.0454604,10799080.0,2039.3485333333335,,,,0.038000000000000006,,,,,,,,0.1335,5.57,1.343,,0.0135,0.21850000000000003,,,,,1.6225,0.3795,,0.1215,,0.0295,0.0325,0.5895,1.1955,,0.013000000000000001,0.3425,1.1615,0.0955,,0.3195,0.0745,0.11,0.8474999999999999,,,0.1585,0.027999999999999997,0.0445,,,,,0.0685,0.0445,,,,0.2395,,,3.7198718222222222,196.0,408.53262,0.8419553899645036
2024-08-02 07:15:00,2024-08-02 13:15:00,25.593777777777778,1.0,0.2896657288888889,0.34709979284049286,0.004841198318348319,0.031936856410896795,2.7347168222222225,0.0011654461333333334,0.0020081022222222223,0.007493066666666667,3.1438000000000004e-26,1.6878595555555557e-06,4.1775244444444445e-06,4.4136222222222224e-05,1.1809666666666667e-26,5.965235555555556e-07,0.00027422755555555554,0.00019331022222222224,1.8838355555555556e-08,0.032939333333333334,0.0013093604444444444,0.007466808888888889,0.053860533333333335,3.448706666666667e-06,3.94544e-07,0.174,1309.3444444444444,2.6222222222222222,0.04844444444444444,2.6222222222222222,40.734339822222225,-111.87211,293.71,32.74133333333334,882.795111111111,129.06044444444444,0.3813333333333333,481847.2888888889,2104.016888888889,417.87244444444445,11569250.413333334,0.0003223777777777778,0.00012916,0.0015186311111111113,0.00224984,0.00019912444444444448,0.011240911111111111,,1.6577208444444445,15.112271111111111,17.116422222222223,22.465540400000002,0.4140063111111111,3.993301777777778,15.131516444444445,0.006364355555555556,0.4148286222222222,6.378520133333334,0.009318311111111113,0.22434626666666665,0.5431934666666667,0.5112024444444444,1.0858340888888889,0.089682,0.016608933333333332,0.7052223111111111,0.29570515555555554,0.022558755555555553,0.09728382222222223,0.2409865777777778,0.12842648888888888,0.03222026666666667,0.03636751111111111,0.003964586666666667,0.006537568888888888,0.028351493333333335,0.00798017777777778,0.0015585822222222222,0.15971839555555556,47700.0,47759.0,877.7012844444445,31.16412,631.3626933333333,137.47737777777778,8.914804444444444,0.19348444444444446,0.05276444444444444,31.39738788888889,30.34487095111111,29.242878035555556,29.375243093333335,29.49302545777778,29.087270946666667,28.122593226666666,28.284854791111112,27.77226076,28.053844982222223,29.008579026666666,31.30339992888889,33.29246960444445,33.82621566666667,30.43996574222222,119.9652748,43.53812322666667,12.25891564,4.239303324444444,0.6324656311111111,0.4285217866666667,0.19879912444444445,0.15724139555555555,0.12249838666666667,0.09021502666666666,0.08415419555555556,0.07035809333333333,0.058926733333333335,0.061414675555555555,0.07635773777777777,0.09311123555555555,0.05944640444444445,0.05280614222222222,0.03747837777777777,0.03654953777777778,0.05584199555555556,11420745.777777778,2053.092,,,,0.037000000000000005,,,,,,,,0.143625,5.85825,1.54875,,0.013625,0.261875,,,,,1.655375,0.444125,,0.144125,,0.034375,0.036625000000000005,0.609375,1.2446249999999999,,0.01325,0.364625,1.210625,0.100875,,0.341875,0.081625,0.12175,0.8943749999999999,,,0.16912500000000003,0.0325,0.049875,,,,,0.078875,0.047625,,,,0.253125,,,3.9246325777777775,166.0,423.56311,0.8900880871102127
2024-08-02 07:30:00,2024-08-02 13:30:00,27.068888888888885,1.0,0.26525750222222216,0.3551236114285714,0.005043350793650794,0.031934682222222226,2.6585284000000002,0.001801944,0.00288852,0.01055708,4.0820800000000004e-26,2.6980844444444445e-06,6.314555555555556e-06,6.644497777777777e-05,1.5202533333333333e-26,1.0738826666666666e-06,0.00040623466666666664,0.0002859048888888889,3.0970844444444444e-08,0.04501822222222222,0.001931768888888889,0.009877013333333332,0.07287173333333333,5.233288888888889e-06,6.844004444444444e-07,0.174,1308.7013333333334,2.9947555555555554,0.05053333333333333,2.9947555555555554,40.73434,-111.87211,295.07666666666665,32.45155555555555,882.887111111111,119.8260888888889,0.40844444444444444,476991.5111111111,2122.7346666666667,397.65377777777775,12077097.416000001,0.0002992888888888889,0.00018521777777777778,0.0017683822222222224,0.0019999022222222224,0.0001932,0.009646871111111113,,2.014419540811041,13.55085218984719,15.994357445147445,22.4894508,0.4105632,4.076809466666666,16.86028115555556,0.006613733333333333,0.42466768888888884,6.569200222222222,0.01445577777777778,0.28411844444444445,0.5347546222222223,0.47520533333333337,1.0093788888888888,0.08500982222222221,0.015780488888888892,0.6468630222222223,0.2976106222222222,0.019354133333333332,0.10675555555555555,0.27740102222222224,0.13528475555555552,0.032043466666666666,0.038448666666666666,0.00411963111111111,0.00647464,0.02686721777777778,0.007843511111111113,0.0013785511111111112,0.1395239822222222,48600.0,48659.0,877.7954933333333,31.15911111111111,623.5691511111111,135.91243555555556,8.899017777777777,0.19537333333333334,0.05209333333333333,30.74329678666667,29.68084694666667,28.809917044444443,29.03130306222222,29.15599287111111,28.60974441777778,27.991842351111114,27.99630416888889,27.53736308,27.974118253333337,28.934152035555552,30.968781888888888,32.898627644444446,33.68232103555555,30.101109440000002,118.21394321777778,42.83427888000001,11.946970826666666,4.1466550799999995,0.6148583155555555,0.41288702666666666,0.21252354222222222,0.14826175555555557,0.13008154666666666,0.10214488444444444,0.07013164,0.07002034666666666,0.06942605777777779,0.06151823555555556,0.07506071111111111,0.08851939111111111,0.06069575555555555,0.05382951111111111,0.037371640000000005,0.04400913333333333,0.06025919111111111,11923996.888888888,2070.5569777777782,,,,0.036000000000000004,,,,,,,,0.15375,6.1465,1.7545,,0.01375,0.30525,,,,,1.68825,0.50875,,0.16674999999999998,,0.03925,0.04075,0.6292500000000001,1.29375,,0.0135,0.38675,1.25975,0.10625000000000001,,0.36424999999999996,0.08875,0.1335,0.9412499999999999,,,0.17975000000000002,0.037,0.05525,,,,,0.08925,0.05075,,,,0.26675,,,3.9061044444444444,136.0,443.58371,0.9327948132741896
2024-08-02 07:45:00,2024-08-02 13:45:00,26.22222222222222,1.0,0.27155686,0.36713904317460316,0.0056371631746031745,0.03211042984126984,2.658779638095238,0.002477712,0.0037711422222222223,0.013437466666666667,5.189733333333334e-26,4.000097777777778e-06,8.888795555555557e-06,9.27371111111111e-05,1.915217777777778e-26,1.8060222222222224e-06,0.0005548862222222223,0.00038975644444444446,4.743751111111111e-08,0.0555952,0.0026090044444444446,0.011885244444444444,0.08922964444444445,7.370657777777778e-06,1.1236822222222223e-06,0.174,1308.692,2.1185333333333336,0.051911111111111116,2.1185333333333336,40.73434,-111.87211,296.16288888888886,31.354222222222223,882.9346666666667,137.9324,0.4048888888888889,476806.0444444445,2103.7457777777777,456.5946666666667,12411291.832444444,0.00036277333333333337,0.00018189301587301588,0.001706593650793651,0.0015880257142857144,0.000174324126984127,0.006071917777777778,,3.4904566205461207,16.531598515373517,21.13200022810523,26.938180933333335,0.4251138222222222,4.222348666666667,16.722994355555556,0.006036666666666667,0.45281075555555556,6.5434187999999995,0.008801155555555556,0.46913515555555557,0.5586341777777778,0.6162060444444445,1.5554784,0.0951179111111111,0.02343897777777778,0.7838734222222221,0.3351060444444444,0.023826755555555558,0.09953328888888889,0.3115306666666667,0.1378621777777778,0.03702311111111111,0.03976417777777778,0.004383356507936508,0.008139148888888888,0.02722793523809524,0.00803638253968254,0.001391275873015873,0.15022774285714285,49500.0,49559.0,877.8848533333334,31.095311111111112,643.0736044444444,137.53802666666667,9.027826666666668,0.19600888888888893,0.052137777777777776,35.25821512,33.43915833333333,31.8418452,31.437544284444446,30.915503128888886,30.318528333333333,29.27355504888889,28.85840292,28.268082240000002,28.504980471111114,28.976691955555555,31.373360639999998,32.873181271111115,33.55991920444445,30.039041502222222,117.43179804888888,42.25566747111111,11.886866973333333,4.179255355555556,0.6154455288888889,0.41645943999999996,0.21931191111111112,0.15832309777777778,0.1406631111111111,0.10190974666666668,0.08068192,0.07501589777777778,0.07007782666666666,0.06848495555555556,0.07156346666666667,0.09780067555555556,0.06330597333333333,0.05751684888888889,0.039113164444444445,0.040937315555555555,0.0654700488888889,12254653.777777778,2052.0157777777777,,,,0.035,,,,,,,,0.163875,6.434749999999999,1.9602499999999998,,0.013875,0.348625,,,,,1.721125,0.573375,,0.189375,,0.044125000000000004,0.044875,0.6491250000000001,1.3428749999999998,,0.01375,0.408875,1.308875,0.111625,,0.386625,0.09587499999999999,0.14525,0.9881249999999999,,,0.19037500000000002,0.0415,0.060625000000000005,,,,,0.099625,0.053875000000000006,,,,0.280375,,,4.070987422222222,106.0,469.11356,0.9496771863597182
2024-08-02 08:00:00,2024-08-02 14:00:00,27.334666666666667,1.0,0.2725688492063492,0.4055881301587302,0.005630377777777779,0.03578146,2.8194523958730158,0.0031718364444444443,0.004604844444444445,0.016016711111111113,6.529271111111112e-26,5.558302222222222e-06,1.1768608888888889e-05,0.00012154284444444443,2.3887022222222222e-26,2.8448977777777778e-06,0.000710884888888889,0.0004973751111111111,6.827057777777778e-08,0.0645836,0.0032915466666666665,0.013533866666666667,0.10295733333333333,9.756293333333332e-06,1.74832e-06,0.174,1309.012888888889,2.297911111111111,0.05328888888888889,2.297911111111111,40.73434,-111.87211,298.99977777777775,29.675555555555555,882.9408888888888,140.98128888888888,0.5546666666666666,471278.8,2107.3057777777776,437.28222222222223,12926926.40711111,0.0004261285714285714,0.00018850444444444445,0.0013427761904761903,0.001341791746031746,0.00018887142857142855,0.0029464749206349204,,4.446632444444445,17.101093333333335,23.28042222222222,27.939248755555557,0.42636080000000004,4.200534977777777,14.809047999999999,0.006865733333333333,0.4760808444444445,6.6181589333333335,0.01351857777777778,0.6230098666666667,0.592876311111111,0.5771327555555555,1.3830996000000002,0.08391391111111111,0.012949777777777779,0.7424300444444445,0.3099275111111111,0.025686577777777775,0.09984982222222222,0.3726051555555555,0.1365100888888889,0.03378693333333334,0.04275693333333333,0.004772221587301587,0.010731273333333333,0.02756781396825397,0.008324240952380952,0.0020073873015873014,0.18801849206349205,50400.0,50459.0,877.9441511111111,31.060675555555555,643.5981244444445,137.8499422222222,9.148986666666667,0.19790666666666665,0.052373333333333334,35.72736104444444,33.76108148,32.00643011111111,31.647857208888887,30.94700932,30.149819297777775,29.112850266666666,28.690459853333333,28.148537297777782,28.3517124,29.046803604444445,31.431843773333334,32.867807479999996,33.64443008,30.072371813333334,117.4850517911111,42.14172704,11.718780057777776,4.155808893333333,0.6520470577777778,0.44546140444444443,0.21948792444444445,0.16010573777777778,0.12568172444444445,0.10365696888888888,0.09744488444444444,0.08152802222222223,0.0763846,0.0674145911111111,0.07288617777777778,0.11023290222222222,0.06987940444444443,0.059393817777777774,0.037364751111111115,0.04374818666666667,0.06763379111111112,12744251.555555556,2053.709066666667,4.855,0.289,0.472,0.034,0.001,0.074,0.506,0.365,0.128,0.007,0.089,0.174,6.723,2.166,0.958,0.014,0.392,0.021,0.158,0.184,0.217,1.754,0.638,1.076,0.212,0.06,0.049,0.049,0.669,1.392,0.017,0.014,0.431,1.358,0.117,0.23,0.409,0.103,0.157,1.035,0.04,0.006,0.201,0.046,0.066,0.037,0.154,0.073,0.066,0.11,0.057,0.335,0.046,0.04,0.294,0.26,0.139,4.310828266666666,101.66666,500.52271,0.9636310116959538
2024-08-02 08:15:00,2024-08-02 14:15:00,28.173333333333332,1.0,0.25164824888888887,0.44852058666666667,0.005624284444444444,0.03965593777777778,2.7566278044444448,0.0038402706666666665,0.005370204444444445,0.01828488888888889,8.191862222222222e-26,7.3154844444444445e-06,1.4815644444444445e-05,0.00015158400000000002,2.972186666666667e-26,4.2232888888888884e-06,0.0008674235555555555,0.0006036675555555556,9.314933333333334e-08,0.07216693333333332,0.0039508266666666665,0.014888977777777777,0.11442533333333334,1.2292595555555557e-05,2.5857022222222224e-06,0.174,1310.2573333333335,3.706355555555555,0.057600000000000005,3.706355555555555,40.73434,-111.87211186666667,300.93888888888887,27.34888888888889,882.9488888888889,153.57551111111113,0.7631111111111112,467516.97777777776,2110.597777777778,418.8008888888889,12830401.695555555,0.0005206044444444445,0.00015656888888888887,0.00089488,0.0012340977777777777,0.000198,0.001258537777777778,,6.868339555555556,19.388431111111114,28.39372,26.851126098871497,0.4215250043475044,4.144134956375106,14.04026518208273,0.006453989691789691,0.485314847001147,6.505002217156917,0.014582140714840715,0.8034418179801681,0.6390143849113848,0.5151779170625671,1.0019320880711882,0.0705383002053502,0.0239008137991638,0.6294404855551856,0.267811160968661,0.021738050085100085,0.10032844268879268,0.4386198046268547,0.13409914781884782,0.02926803362748363,0.039004172346172344,0.005576182222222221,0.014486835555555555,0.030551075555555557,0.008924026666666666,0.0027244666666666664,0.24418076000000002,51300.0,51359.0,877.9442355555556,30.922933333333333,653.0940088888889,139.68328888888888,9.328297777777777,0.19911111111111113,0.053204444444444436,38.63304208888889,35.38360239555555,33.105522542222225,32.36067492,31.30049464888889,30.281460395555555,29.233536906666664,28.84966159111111,28.25015852888889,28.508252995555555,29.007358115555558,31.342288213333333,33.06415865333334,33.722093773333334,30.266438497777777,118.40472467111111,42.571107653333335,11.954779933333333,4.273463573333333,0.6712741733333334,0.44045932444444447,0.24843672444444445,0.16506742666666666,0.13050646222222223,0.10977892444444445,0.09540182222222222,0.09237737777777778,0.07779616888888888,0.07043652444444445,0.08832113777777777,0.09898684444444444,0.06967822222222222,0.06447621777777778,0.04388665333333333,0.04332954222222222,0.07089708,12683694.222222222,2057.5489333333335,,,,0.036125000000000004,,,,,,,,0.172875,6.458125,2.061625,,0.014375,0.397,,,,,1.90175,0.613625,,0.19974999999999998,,0.04525,0.045875,0.723875,1.514875,,0.015625,0.42675,1.4700000000000002,0.116125,,0.439625,0.107375,0.16625,1.1276249999999999,,,0.19875,0.041999999999999996,0.0615,,,,,0.1055,0.056,,,,0.306625,,,4.4655387555555555,126.66666,538.01031,0.9720169955992333
2024-08-02 08:30:00,2024-08-02 14:30:00,28.528000000000002,1.0,0.22605416,0.50515632,0.005699511111111111,0.046711351111111105,2.6826019155555554,0.004466377333333333,0.0060609999999999995,0.020260088888888892,1.0312751111111111e-25,9.209377777777777e-06,1.7917333333333332e-05,0.000181816,3.711582222222222e-26,5.951048888888889e-06,0.0010196191111111112,0.0007053488888888889,1.2153017777777777e-07,0.07856626666666666,0.004570462222222222,0.0160108,0.12403600000000001,1.4895333333333333e-05,3.649928888888889e-06,0.174,1310.7795555555556,3.1920888888888888,0.05893333333333333,3.1920888888888888,40.734339777777784,-111.87211013333334,302.5682222222222,25.883111111111113,882.9893333333333,159.6767111111111,0.5857777777777778,470976.0,2101.271111111111,512.0768888888889,12993510.651555555,0.00053828,0.0001371111111111111,0.0006953600000000001,0.0013314044444444444,0.00018859111111111114,0.000579288888888889,,7.725386222222222,20.56554666666667,29.963733333333334,30.538971897282348,0.4242693783013283,4.994661333516484,15.215109544579494,0.007003396660746661,0.516984083938284,6.480147996305546,0.014021171563621565,1.0570721607244606,0.7514919981518482,0.661473032091982,1.5701220504939504,0.09180213474488474,0.03498956092056092,0.7854874696636697,0.32964381629111633,0.024744487288637283,0.10773117590742591,0.3939112064380064,0.13249292832722834,0.034373871038221045,0.038032800797350795,0.006764084444444445,0.019668742222222226,0.03348288,0.009799382222222222,0.0023171422222222223,0.2680951111111111,52200.0,52259.0,877.9643555555556,30.71522666666667,663.9462355555555,144.84351555555557,10.412968888888889,0.2133377777777778,0.05602666666666667,40.20245598222222,36.71787306666667,33.83017486666667,32.795855546666665,31.773263995555556,30.627733346666666,29.409781986666665,29.135760573333332,28.41624426666667,28.810314035555557,29.529943791111112,31.574844884444442,33.27333932444444,33.946383177777776,30.489914146666667,120.08362159111111,43.42206504888889,12.417183644444444,4.497478995555555,0.6785993644444445,0.4704236133333334,0.27701312,0.20177462222222223,0.15754455555555555,0.12624038222222222,0.11622921777777777,0.11018924000000001,0.09369412,0.08820391555555557,0.12200467555555555,0.14536592,0.10311633333333334,0.08727589333333333,0.05584408444444444,0.05911526222222222,0.09943654666666667,12806083.555555554,2048.4391111111113,,,,0.03825,,,,,,,,0.17174999999999999,6.19325,1.95725,,0.014750000000000001,0.402,,,,,2.0495,0.58925,,0.1875,,0.0415,0.04275,0.77875,1.63775,,0.01725,0.4225,1.582,0.11525,,0.47025,0.11175,0.1755,1.22025,,,0.1965,0.038,0.057,,,,,0.101,0.055,,,,0.31925,,,4.770954355555556,151.66667,581.59088,0.9772266165153244
2024-08-02 08:45:00,2024-08-02 14:45:00,27.983555555555554,1.0,0.22506923999999998,0.5393641911111111,0.007082422222222222,0.052471062222222226,2.698905408888889,0.005026802666666667,0.00667832,0.02197328888888889,1.3101155555555555e-25,1.1180306666666666e-05,2.0980044444444445e-05,0.0002114928888888889,4.678044444444445e-26,8.015848888888889e-06,0.0011646577777777779,0.0008005653333333333,1.5273955555555557e-07,0.08398151111111112,0.005142351111111111,0.016943688888888888,0.1321128888888889,1.7497733333333334e-05,4.940822222222222e-06,0.174,1309.651111111111,3.0325777777777776,0.05444444444444444,3.0325777777777776,40.73433888888889,-111.87211,303.16999999999996,24.55911111111111,883.0546666666667,138.65671111111112,0.41600000000000004,473924.4888888889,2094.0822222222223,571.8475555555556,13437624.155555556,0.0005403822222222222,0.0001348563736263736,0.0005077733333333333,0.0012633733333333333,0.00019836000000000002,0.0008145022222222222,,8.570153333333334,21.59816,31.64532888888889,31.374785866666667,0.4142663555555555,5.617488219047619,15.562216844444444,0.007657911111111111,0.5256852444444444,6.553167511111111,0.0127988,0.9918953936507936,0.8292098666666666,0.6764310666666666,1.6428734222222223,0.10412524444444445,0.021428444444444448,0.8776521777777778,0.3735386666666667,0.02346822222222222,0.1053276888888889,0.3503906666666667,0.1255447111111111,0.03879813333333333,0.040076222222222214,0.007811511111111112,0.024564075555555558,0.033928106666666666,0.010196991111111112,0.0022495822222222224,0.2828266622222222,53100.0,53159.0,878.011848888889,30.491453333333332,663.4283422222221,143.5701288888889,9.95024888888889,0.20645777777777777,0.05532,39.534302275555554,36.5710396,33.93013182666667,32.97589548,31.969786502222224,30.609398444444444,29.51569862222222,29.08535596888889,28.424447604444442,28.578378893333333,29.18947059111111,31.506322964444443,32.98196427111111,33.73593660444445,30.397686,120.67314992,43.98923702222222,12.577677671111111,4.399043835555556,0.6870345911111111,0.4531892444444444,0.26454208,0.18370681777777778,0.13443091999999998,0.12797477333333332,0.11064896444444444,0.09826627555555555,0.0772962,0.07493091555555556,0.09966238222222222,0.12486755555555556,0.08894193777777779,0.06790889333333333,0.04658251111111111,0.05647313777777778,0.08700869777777778,13268727.555555556,2040.2632888888888,,,,0.040375,,,,,,,,0.170625,5.928375,1.852875,,0.015125000000000001,0.40700000000000003,,,,,2.19725,0.564875,,0.17525,,0.03775,0.039625,0.8336250000000001,1.7606249999999999,,0.018875,0.41825,1.694,0.114375,,0.500875,0.116125,0.18475,1.312875,,,0.19425,0.034,0.052500000000000005,,,,,0.0965,0.054,,,,0.331875,,,4.974890977777777,176.66667,631.08807,0.9775300359800836
2024-08-02 09:00:00,2024-08-02 15:00:00,32.65555555555556,1.0,0.19093354666666668,0.537855328888889,0.007853404444444444,0.05261109333333333,2.5447566533333332,0.005547866222222223,0.007226808888888889,0.023459288888888888,1.689697777777778e-25,1.3178933333333334e-05,2.3943777777777778e-05,0.0002400982222222222,5.988426666666667e-26,1.0388831111111112e-05,0.001300808888888889,0.0008884857777777778,1.8605066666666669e-07,0.08857444444444446,0.005664573333333334,0.017726355555555556,0.13892177777777776,2.005177777777778e-05,6.4449955555555556e-06,0.174,1309.416888888889,2.949377777777778,0.05337777777777778,2.949377777777778,40.73434,-111.87211,304.50955555555555,22.47377777777778,883.0995555555556,149.9306222222222,0.9124444444444445,468767.8222222222,2073.0693333333334,513.4048888888889,12623455.071111111,0.0004265955555555555,0.00013648617845117846,0.00043276,0.0010388666666666666,0.00016789777777777775,0.0004241688888888889,,8.191002216154216,20.307931392311396,29.951364952824953,27.670572355555556,0.4120742666666667,5.5503104,12.665431111111111,0.006081822222222222,0.4670928,6.347780133333333,0.007770755555555555,0.9936443555555556,0.8799805777777777,0.5451062666666666,1.2207693333333334,0.08213742222222223,0.010828933333333336,0.7035845777777777,0.29031266666666666,0.013859822222222222,0.08593106666666667,0.30589066666666664,0.10423733333333333,0.03358528888888889,0.033317066666666666,0.008810617777777778,0.02922421777777778,0.03660249777777778,0.010271968888888889,0.0020832755555555554,0.3369316044444444,54000.0,54059.0,878.0467511111111,30.59421777777778,672.636,143.28381777777776,9.518306666666666,0.19823555555555558,0.05487111111111111,41.50226409333333,38.095651795555554,35.095907644444445,34.13520864888889,33.038331893333336,31.255775351111115,29.93670976888889,29.431057635555554,28.701746733333334,28.756086271111112,29.321021826666666,31.475148657777776,32.991460026666665,33.64114036,30.11258187111111,120.94319972,44.40283723111111,12.677136084444443,4.477454519999999,0.6866428177777777,0.4756807377777778,0.24662656000000002,0.18123040444444444,0.14593451555555556,0.11132696444444444,0.09587103555555557,0.0835592311111111,0.07379484444444445,0.07137813777777778,0.08118023555555556,0.1096009288888889,0.07679617333333333,0.056760613333333335,0.03625948444444445,0.04056602222222223,0.07200352444444444,12512666.666666666,2021.594888888889,,,,0.042499999999999996,,,,,,,,0.16949999999999998,5.6635,1.7485,,0.0155,0.41200000000000003,,,,,2.3449999999999998,0.5405,,0.163,,0.034,0.036500000000000005,0.8885000000000001,1.8835,,0.0205,0.41400000000000003,1.806,0.1135,,0.5315,0.1205,0.194,1.4055,,,0.192,0.03,0.048,,,,,0.092,0.053000000000000005,,,,0.34450000000000003,,,4.949037777777778,207.5,700.96051,0.979397016466475
2024-08-02 09:15:00,2024-08-02 15:15:00,35.425777777777775,1.0,0.15452097777777776,0.5052449866666666,0.007265573333333333,0.049903457777777785,2.246945111111111,0.006029928888888888,0.007711724444444444,0.024743866666666666,2.228764444444444e-25,1.5163288888888889e-05,2.6765911111111113e-05,0.00026727911111111113,7.846995555555557e-26,1.3027955555555556e-05,0.001427,0.0009688333333333334,2.2077955555555554e-07,0.09247897777777778,0.0061373688888888885,0.0183832,0.14470444444444444,2.25196e-05,8.139306666666666e-06,0.174,1309.4364444444445,2.986977777777778,0.04742222222222223,2.986977777777778,40.73434,-111.87211,305.4593333333333,22.083555555555556,883.0768888888889,163.91786666666667,1.256,468503.1555555555,2071.1884444444445,478.9306666666667,12262450.464444444,0.0005282977777777778,0.00011516374236874237,0.0003592488888888889,0.0013108177777777779,0.00011444000000000001,0.0001957511111111111,,6.734943333333333,17.640341666666668,25.993230555555556,22.777498666666666,0.40914626666666665,5.400016444444445,11.0528032,0.0051928,0.4310698222222222,6.326873911111111,0.006935288888888889,0.9904610666666667,0.8945285777777777,0.4945713333333333,1.0506981777777777,0.0701524,0.005414311111111112,0.6220399555555556,0.24937657777777777,0.01400502222222222,0.07727182222222222,0.29074435555555556,0.0881148,0.05686177777777778,0.02875848888888889,0.009808088888888887,0.0301026,0.04131321777777778,0.010787902222222222,0.002116386666666667,0.4273397155555556,54900.0,54959.0,878.1206977777778,31.429906666666668,680.6509288888889,144.02684444444446,9.590195555555557,0.19859555555555555,0.055080000000000004,43.852746924444446,40.056078813333336,36.88044937777777,35.36705656444444,33.99834484888889,31.998881484444446,30.54944200888889,29.856019266666667,28.92380985777778,28.781671955555556,29.294208675555556,31.184567324444444,32.563397164444446,33.09232002666667,29.47215570222222,120.13714657333334,44.56712039111111,12.955997875555557,4.452141435555556,0.6709787466666667,0.4738467822222222,0.24480122666666668,0.18154423111111112,0.14980490222222223,0.12596349333333332,0.09148428888888889,0.09223739111111111,0.08018662222222223,0.07754187555555554,0.08400909777777779,0.10408559555555555,0.06914780444444445,0.061674577777777774,0.04233827111111111,0.04363419111111111,0.07412822666666667,12112237.777777778,2019.8089777777777,,,,0.044625,,,,,,,,0.168375,5.398625,1.6441249999999998,,0.015875,0.417,,,,,2.49275,0.516125,,0.15075,,0.03025,0.033375,0.9433750000000001,2.0063750000000002,,0.022125,0.40975,1.9180000000000001,0.112625,,0.562125,0.12487500000000001,0.20325000000000001,1.498125,,,0.18975,0.026,0.0435,,,,,0.0875,0.052000000000000005,,,,0.357125,,,4.906327955555556,245.0,777.88965,0.9824941270526348
2024-08-02 09:30:00,2024-08-02 15:30:00,37.85688888888889,1.0,0.15577274666666666,0.5517226701659451,0.00760176084933585,0.05872318031857032,2.3926898444444444,0.006471815111111111,0.008139195555555555,0.025855200000000002,3.0301333333333334e-25,1.7098933333333333e-05,2.9418000000000002e-05,0.00029282577777777776,1.0627831111111112e-25,1.5882755555555554e-05,0.0015428844444444444,0.0010416968888888889,2.56248e-07,0.09579955555555555,0.006562617777777778,0.01893662222222222,0.1495822222222222,2.4876844444444444e-05,9.99264888888889e-06,0.174,1308.9688888888888,13.694755555555556,0.045422222222222225,2.6593333333333335,40.73434066666667,-111.87211,305.8757777777778,21.57777777777778,883.2062222222222,153.99133333333333,1.051111111111111,472281.60000000003,2083.680888888889,473.65999999999997,12256484.631555557,0.00046087111111111116,8.682222222222222e-05,0.0003529244444444444,0.0011834933333333335,0.0001617066666666667,0.00016516444444444442,,6.261662222222222,17.33906111111111,,21.988836133333333,0.3973053777777778,5.4045400444444445,11.710398844444445,0.007572,0.49698848888888886,6.845025333333334,0.007760711111111112,0.8004246222222222,0.9445039111111111,0.6430944444444445,1.4534402222222222,0.08730675555555556,0.015587333333333335,0.7617409333333334,0.2994840888888889,0.012194755555555555,0.08614680000000001,0.2825426666666667,0.09158,0.08158817777777778,0.02942271111111111,0.011227177777777778,0.03303372,0.04021949777777777,0.011785244444444447,0.0023348933333333334,0.5425788444444445,55800.0,55859.0,878.1846044444445,31.981124444444447,685.32952,144.73797333333334,9.737853333333334,0.20065333333333335,0.05532444444444444,46.033259906666665,41.38214163111111,37.722827555555554,35.84010736888889,34.297388955555554,32.09956997333333,30.5805142,29.90970131111111,28.764640831111112,28.569601671111112,29.081745004444443,30.97868938222222,32.453899604444445,32.517330164444445,29.482380555555554,120.78290993333333,44.81058576,12.958945026666667,4.399913248888889,0.6626496311111112,0.45802231555555556,0.2454535422222222,0.16660089333333333,0.13833289777777777,0.12733892,0.09913446222222223,0.08846326666666667,0.08064986222222223,0.07346955999999999,0.09056131555555556,0.11939407111111112,0.07709458666666666,0.07035589777777779,0.04591575111111111,0.049175666666666666,0.07072459111111111,12136788.88888889,2031.6155999999999,,,,0.04675,,,,,,,,0.16725,5.13375,1.53975,,0.01625,0.422,,,,,2.6405,0.49175,,0.1385,,0.0265,0.03025,0.9982500000000001,2.12925,,0.02375,0.4055,2.0300000000000002,0.11175,,0.59275,0.12925,0.21250000000000002,1.5907499999999999,,,0.1875,0.022,0.039,,,,,0.08299999999999999,0.051000000000000004,,,,0.36975,,,5.5100796,282.5,844.09827,0.9861636514967943
2024-08-02 09:45:00,2024-08-02 15:45:00,43.224444444444444,1.0,0.14614054033522036,0.5755817168367346,0.007038736564625851,0.06823083384353741,2.523654535866356,0.006839567111111111,0.008514657777777778,0.026812533333333333,4.285488888888889e-25,1.896262222222222e-05,3.188853333333333e-05,0.0003166151111111111,1.5048000000000002e-25,1.889986666666667e-05,0.001648897777777778,0.0011073333333333332,2.918782222222222e-07,0.0986211111111111,0.006943222222222222,0.01940182222222222,0.15372133333333332,2.7105333333333333e-05,1.1969066666666667e-05,0.174,1308.3533333333332,15.468177777777777,0.0456,2.856266666666667,40.73434266666666,-111.87211,305.91666666666663,19.703111111111113,883.4857777777778,109.65075555555556,0.6377777777777778,470687.8666666667,2088.018666666667,432.03866666666664,11781464.263555555,0.00045406907573907574,0.0001648570337070337,0.0005164398453398454,0.0008846487974987976,0.00022100713582713584,0.0001149279701779702,,5.788381111111111,17.037780555555557,,20.665547644444448,0.3936260444444445,5.321297422222222,12.094306399999999,0.008074133333333334,0.5379625333333333,7.3106967111111105,0.008075422222222222,0.5372553333333333,0.9339659555555555,0.7045909333333333,1.659661111111111,0.09454893333333333,0.01681008888888889,0.7983460444444445,0.2909385777777777,0.017839644444444445,0.08800168888888889,0.2249828888888889,0.10036644444444445,0.10167520000000001,0.027113688888888886,0.012932887879157879,0.03457405671772672,0.042310711204721206,0.013641488746068747,0.002317774341214341,0.812378596911237,56700.0,56759.0,878.18052,32.76357333333333,693.1805422222222,145.95261333333335,9.624062222222221,0.19673333333333334,0.055773333333333334,46.38695883555555,41.63764329777778,38.17928690666667,36.37165331111111,34.62462057777778,32.58083364888889,30.905171306666666,29.970553666666664,29.188561764444444,28.93458840888889,29.24344636888889,31.392766106666667,32.76479038666666,32.85873805333333,29.850491639999998,122.27107589333333,45.55369282666666,13.329354026666666,4.546788671111111,0.6654385822222222,0.45923129777777777,0.2412669688888889,0.17259683555555555,0.1379544311111111,0.11470956444444444,0.09549402222222222,0.07589655111111111,0.08085273333333333,0.06983376888888888,0.07745061777777779,0.10976510666666667,0.07210490666666666,0.06686488,0.04462184888888889,0.04214971111111111,0.06328443555555556,11661337.777777776,2038.2749777777778,,,,0.048875,,,,,,,,0.166125,4.868875,1.435375,,0.016625,0.427,,,,,2.7882499999999997,0.467375,,0.12625,,0.02275,0.027125,1.053125,2.252125,,0.025375,0.40125,2.142,0.110875,,0.623375,0.133625,0.22175,1.683375,,,0.18525,0.018,0.0345,,,,,0.0785,0.05,,,,0.382375,,,5.944239777777778,320.0,913.30688,0.9850710365024244
2024-08-02 10:00:00,2024-08-02 16:00:00,45.72933333333334,1.0,0.12961265738076738,0.5617957069264069,0.007586548754208754,0.06770707505531506,2.2836222232511934,0.0071438280000000005,0.008843426666666666,0.027639511111111112,6.3522755555555555e-25,2.0737244444444444e-05,3.416577777777778e-05,0.00033857866666666666,2.2536444444444447e-25,2.2021377777777778e-05,0.00174484,0.001166111111111111,3.2714e-07,0.10101239999999999,0.007281982222222222,0.0197932,0.15722044444444444,2.9193777777777777e-05,1.4031911111111111e-05,0.174,1308.3928888888888,2.5050666666666666,0.044088888888888886,2.5050666666666666,40.73434,-111.87210653333335,306.68955555555556,19.072888888888887,883.3408888888888,135.60013333333333,0.888,465157.3333333333,2077.496888888889,430.1933333333333,12147793.829333333,0.0005058599637399638,0.0002598422187072187,0.0005909854576904577,0.0007102955514855515,0.0002554958226958227,0.00012231605172605175,,5.3151,16.7365,24.9105,19.501418666666666,0.3886624444444445,4.891526444444444,11.316322311111112,0.006540577777777778,0.5213349333333334,7.074655022222222,0.009162711111111112,0.6489000888888888,1.018189822222222,0.6066887111111111,1.590853911111111,0.07999826666666668,0.025128133333333337,0.6943039555555556,0.2458216,0.016357599999999996,0.08554057777777778,0.2164449777777778,0.0981892,0.07967035555555556,0.025225022222222223,0.014045559747104749,0.03591631727809228,0.04144546617771118,0.01340966939079439,0.0018933701095201095,0.9021321204375254,57600.0,57659.0,878.1104222222222,32.804497777777776,679.6116577777777,142.94613777777778,9.299786666666668,0.19412,0.05424444444444444,44.142916,40.05197477777778,36.82175297333333,35.31416588444445,33.62041721777778,31.86849798222222,30.381285724444446,29.664203262222223,28.656294768888888,28.492489884444446,28.977303942222225,31.328041866666663,32.61831540888889,32.856685320000004,29.62412959111111,120.60616328444443,44.76807356888889,13.020630955555555,4.381198466666667,0.6274254533333333,0.4350931333333333,0.2302639688888889,0.16357104,0.13098651555555554,0.10693011111111111,0.08256076,0.07030734222222222,0.06431390222222223,0.06137919555555556,0.08030089777777778,0.09522269777777777,0.06239834222222222,0.06300936888888889,0.037142631111111116,0.04271611111111111,0.06342072444444445,11990890.222222222,2026.9606222222221,5.517,0.445,0.475,0.051,0.003,0.075,0.451,0.223,0.107,0.008,0.126,0.165,4.604,1.331,0.808,0.017,0.432,0.008,0.306,0.418,0.315,2.936,0.443,1.109,0.114,0.031,0.019,0.024,1.108,2.375,0.014,0.027,0.397,2.254,0.11,0.392,0.654,0.138,0.231,1.776,0.035,0.01,0.183,0.014,0.03,0.022,0.106,0.047,0.022,0.074,0.049,0.329,0.07,0.03,0.395,0.36,0.108,6.009831111111112,378.5,984.52167,0.9810279374480454
2024-08-02 10:15:00,2024-08-02 16:15:00,47.97866666666666,1.0,0.13186684722222222,0.5603649194444443,0.008300727777777779,0.06569963611111111,2.207022041666667,0.007419042666666667,0.009130057777777778,0.02834764444444444,9.945777777777776e-25,2.2407155555555552e-05,3.625226666666667e-05,0.00035871199999999996,3.6106222222222226e-25,2.51912e-05,0.001831257777777778,0.0012185866666666668,3.6155377777777773e-07,0.10304266666666667,0.0075822711111111106,0.020121066666666666,0.16017733333333334,3.1133911111111106e-05,1.61392e-05,0.174,1308.184,3.1315999999999997,0.04368888888888889,3.1315999999999997,40.73434,-111.87210013333333,307.27177777777774,18.848000000000003,883.3102222222223,114.98724444444444,0.7924444444444444,463768.9333333334,2073.5582222222224,436.26800000000003,12327654.76577778,0.000562725,0.00020666944444444447,0.0005732111111111113,0.0007470972222222225,0.00027645277777777784,9.413611111111112e-05,,5.387832843619344,17.86882322954823,26.514819894549895,18.590740524518072,0.3853400962888963,4.80122842059422,10.132066733042883,0.004964656351056351,0.5063418898730899,7.1550576348114845,0.006882301953601954,0.5917508156288157,1.0906687883653383,0.5843314332778333,1.252287701141451,0.07380636350131349,0.042684336581936586,0.6156302465404965,0.21637854471639473,0.014993724886224883,0.08697917476782477,0.1994795690864691,0.10439498025123026,0.07897394082029081,0.022675210807710806,0.014450513888888893,0.03861892222222222,0.03927587500000001,0.012984941666666664,0.001874238888888889,0.8002631416666667,58500.0,58559.0,877.9989555555555,32.25684,684.6022133333333,143.17369333333332,9.335782222222223,0.19449777777777777,0.05418222222222222,45.27127866222222,41.07806694222222,37.56509484444444,36.01948105333334,34.14889206666667,32.31636983111111,30.601849786666666,29.868183666666667,28.82430716888889,28.67930534222222,29.221815591111113,31.236698093333334,32.73790679555555,32.91933728,29.621338937777775,120.35904434222222,44.48185326666667,12.932271777777776,4.318674826666666,0.6297104488888888,0.4330135022222222,0.2112128488888889,0.15955399111111113,0.12793987111111113,0.10059398222222223,0.08011945333333334,0.07869494222222223,0.06903350666666667,0.05786842222222222,0.08499713777777779,0.09391822222222222,0.06475642666666666,0.06201412444444444,0.035275999999999995,0.040058342222222224,0.07171940444444444,12177078.222222222,2021.997466666667,,,,0.055874999999999994,,,,,,,,0.172375,4.87025,1.33575,,0.0165,0.394375,,,,,4.364,0.45075,,0.10225000000000001,,0.018375,0.022125,1.2672500000000002,2.633,,0.03425,0.40975,2.456125,0.112875,,0.68975,0.153875,0.2595,1.924125,,,0.18725,0.013125,0.027375,,,,,0.07575,0.0495,,,,0.41625,,,6.188128444444444,461.0,1056.6891,0.9784723545158854
2024-08-02 10:30:00,2024-08-02 16:30:00,50.25066666666667,1.0,0.15570412116402116,,,,2.3303770404761903,0.007627876444444444,0.009379053333333333,0.028953333333333334,1.6607555555555554e-24,2.396151111111111e-05,3.8145244444444444e-05,0.0003770386666666667,6.260262222222222e-25,2.8351777777777777e-05,0.0019086622222222222,0.0012649599999999999,3.946915555555556e-07,0.10476355555555555,0.007847142222222221,0.020394266666666667,0.16264533333333334,3.292102222222222e-05,1.8255644444444444e-05,0.174,1308.100888888889,3.239822222222222,0.046844444444444445,3.239822222222222,40.73434,-111.87210306666667,307.97088888888885,18.133333333333333,883.2271111111112,125.5732,0.8511111111111112,461869.4222222222,2075.1639999999998,446.2457777777778,12419959.69377778,0.0005759214285714286,,0.0006572669312169314,,,,,5.729390222222222,18.54517777777778,27.774844444444447,18.770528172383173,0.4081371044677545,5.191070037525437,11.961613618977319,0.0038946358012358013,0.5303984906482406,8.816233365750916,0.0082994104007104,0.5269234501036001,1.1478247556110557,0.6449871814944316,1.6958217740722241,0.09516804494764494,0.06909314368409368,0.7715735596107596,0.2412234453971954,0.01649225003145003,0.09078807845302844,0.19657030603470602,0.11353349756909757,0.0727882656954157,0.02050559965959966,,0.037018691798941794,,,,,59400.0,59459.0,877.8945555555555,32.04947555555555,700.5489288888889,145.4215911111111,9.512164444444444,0.1950977777777778,0.05474222222222223,47.78991704,43.16703184888889,39.64838839111111,37.53059355111111,35.51419218666667,33.234683671111114,31.375273240000002,30.520431542222223,29.331844564444445,29.231768195555556,29.60860938222222,31.50725932888889,33.085220586666665,33.17039053777778,29.88937222666667,121.36219985333332,44.762405466666664,13.00239812,4.3416378799999995,0.6586471111111112,0.4408665511111111,0.21402256888888888,0.1662696711111111,0.12294387555555557,0.10700664444444444,0.08821208,0.07241631555555555,0.07443628444444444,0.06545820444444445,0.07726666666666666,0.10152923111111112,0.06865218666666667,0.06084376444444444,0.04166620888888888,0.04265493333333333,0.07243777333333333,12268949.777777778,2023.0306666666665,,,,0.06075,,,,,,,,0.17975000000000002,5.1365,1.3405,,0.016,0.35675,,,,,5.792,0.4585,,0.0905,,0.01775,0.02025,1.4265,2.891,,0.0415,0.4225,2.65825,0.11575,,0.7255,0.16975,0.28800000000000003,2.07225,,,0.1915,0.01225,0.02475,,,,,0.0775,0.05,,,,0.4375,,,6.492961288888889,543.5,1128.7314,0.9720578815104381
2024-08-02 10:45:00,2024-08-02 16:45:00,52.577777777777776,1.0,0.17954139510582012,,,,2.4537320392857143,0.007774606666666667,0.009593084444444445,0.029465822222222222,2.9891466666666665e-24,2.5389555555555556e-05,3.9842444444444446e-05,0.000393484,1.1857457777777777e-24,3.1439244444444444e-05,0.001977266666666667,0.0013056444444444445,4.2608e-07,0.10618,0.00807804,0.020619466666666666,0.16469822222222225,3.454511111111111e-05,2.0332666666666666e-05,0.174,1308.1213333333333,2.5432888888888887,0.04568888888888889,2.5432888888888887,40.734338,-111.87210093333333,308.8384444444444,17.580444444444442,883.1,141.17497777777777,1.088,462080.22222222225,2079.818222222222,485.44177777777776,12199038.989777777,0.0005891178571428571,,0.0007413227513227515,,,,,6.366981333333333,20.62357777777778,30.471217777777778,19.196449244444445,0.40978791111111107,5.687883215873016,14.562997066666666,0.005757466666666667,0.5731287111111112,10.974372933333335,0.006385111111111111,0.4573221047619047,1.119483511111111,0.6527515111111111,1.6226844,0.10540395555555555,0.056574622222222225,0.9271834222222223,0.258318,0.01722591111111111,0.0878387111111111,0.18077537777777777,0.10300577777777778,0.10647377777777778,0.022958444444444445,,0.035418461375661375,,,,,60300.0,60359.0,877.8315244444444,32.20090666666667,741.8158044444444,151.51861333333332,9.930702222222221,0.19555555555555557,0.056724444444444445,55.160623693333335,49.026400528888885,44.33274635111111,41.146596635555554,38.35387340444445,35.58378124,33.211582835555554,32.02183956444444,30.514241551111112,30.080057711111113,30.41218844,32.38077735111111,33.859025253333336,33.89788763111111,30.657737648888887,124.56866405333334,46.096318151111106,13.41242168,4.518807813333334,0.6666162666666666,0.4576098355555556,0.2253774222222222,0.1685406,0.1400063511111111,0.1059221111111111,0.0935638,0.08470771555555556,0.07543258222222221,0.06417452888888889,0.08525956,0.10635734222222222,0.07509394222222222,0.06502726666666667,0.040079991111111116,0.05014124,0.07634733777777777,12065791.555555556,2028.2366666666665,,,,0.06562499999999999,,,,,,,,0.187125,5.40275,1.34525,,0.0155,0.319125,,,,,7.22,0.46625,,0.07875,,0.017125,0.018375,1.58575,3.149,,0.04875,0.43525,2.860375,0.11862500000000001,,0.76125,0.185625,0.3165,2.2203749999999998,,,0.19575,0.011375,0.022125,,,,,0.07925,0.0505,,,,0.45875,,,6.975205377777778,626.0,1199.5824,0.9624372578826877
2024-08-02 11:00:00,2024-08-02 17:00:00,58.35333333333333,1.0,0.20337866904761906,1.0222314000000001,0.007563121428571429,0.15188053095238097,2.5770870380952378,0.007877815111111111,0.009774568888888889,0.02989422222222222,5.864426666666667e-24,2.6677066666666666e-05,4.1339777777777776e-05,0.00040804000000000003,2.4612577777777777e-24,3.4385600000000005e-05,0.002036888888888889,0.001340751111111111,4.5519333333333336e-07,0.10734444444444445,0.008276746666666666,0.020803466666666666,0.16638133333333333,3.6000444444444444e-05,2.2322222222222222e-05,0.174,1307.877777777778,2.3223555555555557,0.04742222222222223,2.3223555555555557,40.73433471111112,-111.87210004444445,309.27577777777776,17.268444444444444,883.0026666666668,142.2994666666667,1.2995555555555556,470976.35555555555,2102.7671111111113,458.76222222222225,11658408.09022222,0.0006023142857142857,0.0002856666666666667,0.0008253785714285715,0.00031935952380952377,0.00037528571428571434,-1.5085714285714286e-05,,7.206792888888889,25.349693333333338,36.86670222222222,19.5490758984127,0.41472009206349203,7.318593536507937,17.41089030793651,0.008458869841269841,0.665862053968254,11.962995247619046,0.005936790476190477,0.31672266984126984,1.072998926984127,0.7731830190476191,1.9703339809523812,0.10200011746031747,0.05151414603174604,1.066859777777778,0.2805990507936508,0.012055679365079364,0.08677641587301586,0.1637523619047619,0.08369412380952382,0.11412702222222221,0.022391304761904762,0.018964521428571426,0.03381823095238095,0.04548505476190476,0.017203038095238096,0.001796740476190476,2.7656957333333336,61200.0,61259.0,877.7581688888889,32.25975555555555,765.4701022222222,155.68059555555556,10.365617777777777,0.19850666666666666,0.05831111111111111,59.78359413333333,52.69579450222222,46.99066725777778,43.28619292,40.13582726222223,36.85154894222223,34.390476417777776,32.83110471111112,31.218004231111113,30.56574316888889,30.81352368,32.821719782222225,34.050564200000004,34.19214292,30.684596782222222,125.84239092000001,47.11137179111111,13.720393666666666,4.7041520355555555,0.6846259733333333,0.4816147911111111,0.24402572444444445,0.19967381333333334,0.14802068000000002,0.12015107555555556,0.10788979111111112,0.09261011555555555,0.08052382222222222,0.07618559111111112,0.0953611288888889,0.11159386666666667,0.08408951555555556,0.07277954222222222,0.045332844444444444,0.05050597333333333,0.08528071111111112,11565118.666666668,2051.568311111111,,,,0.0705,,,,,,,,0.1945,5.6690000000000005,1.35,,0.015,0.2815,,,,,8.648,0.474,,0.067,,0.0165,0.0165,1.745,3.407,,0.05600000000000001,0.448,3.0625,0.1215,,0.7969999999999999,0.2015,0.34500000000000003,2.3685,,,0.2,0.0105,0.0195,,,,,0.08099999999999999,0.051000000000000004,,,,0.48,,,8.172603777777777,708.5,1268.2222,0.9518009223162296
2024-08-02 11:15:00,2024-08-02 17:15:00,66.48488888888889,1.0,0.19406926631128132,1.0709564557092905,0.00997519083953084,0.16355390866411368,2.676099337709513,0.007963939111111111,0.009932066666666666,0.030258622222222222,1.2565742222222223e-23,2.7851911111111112e-05,4.2684844444444444e-05,0.00042113955555555556,5.556951111111111e-24,3.719808888888889e-05,0.002090026666666667,0.00137168,4.823737777777778e-07,0.108324,0.008451257777777778,0.02095488888888889,0.1677848888888889,3.731955555555555e-05,2.4227422222222222e-05,0.174,1308.255111111111,2.4226666666666667,0.04755555555555556,2.4226666666666667,40.73433995555556,-111.8721036,309.9762222222222,15.861333333333334,882.9955555555556,124.75275555555555,0.7875555555555555,474813.06666666665,2121.1866666666665,429.98400000000004,11096631.759555556,0.0006210307533207533,0.0002918673432123432,0.0009953733775483775,0.0003307326867576868,0.0003744265033115033,-3.726934176934179e-07,,6.815971555555556,28.38482666666667,40.21892888888889,19.858754679365077,0.42146562857142855,8.846148276190474,17.843404793650794,0.009295380952380953,0.7470699396825397,11.796450396825398,0.003117857142857143,0.1338721587301587,1.0282410317460318,0.8885191746031746,2.2237516539682542,0.101536,0.05249047301587302,1.1447549746031744,0.28443599365079364,0.01879222222222222,0.0976644634920635,0.16177823174603176,0.08791519365079364,0.11640386666666666,0.020117815873015872,0.019723274018759018,0.03504883637547638,0.0446908045983646,0.017161585756465755,0.0017681532206682206,2.6105572978697227,62100.0,62159.0,877.7189022222223,32.39605777777778,806.2968400000001,162.26304,10.851097777777776,0.19959111111111114,0.06060444444444444,65.05334901777778,57.55659444444445,51.254013577777776,47.00834107111111,43.336505035555554,39.71426664,36.67469076444444,34.706864182222226,32.81018485333333,32.05437980888889,32.02860897777778,33.81506190222222,35.00942669777778,35.00935605777777,31.34470920444444,128.29224750666668,48.246157413333336,14.416361213333333,4.9166064533333325,0.7495885999999999,0.5362940888888889,0.28135681333333334,0.20890346666666665,0.17815400888888888,0.13180414666666668,0.11942831111111112,0.09379402222222222,0.0849628,0.08395992000000001,0.10295606222222223,0.1259818088888889,0.09320565777777778,0.06785522222222222,0.047753866666666665,0.053392444444444444,0.08962084444444444,10992198.222222222,2071.993288888889,,,,0.075375,,,,,,,,0.201875,5.93525,1.35475,,0.014499999999999999,0.243875,,,,,10.076,0.48175,,0.05525000000000001,,0.015875,0.014624999999999999,1.9042500000000002,3.665,,0.06325,0.46075,3.264625,0.124375,,0.83275,0.217375,0.37350000000000005,2.516625,,,0.20425,0.009625,0.016875,,,,,0.08274999999999999,0.0515,,,,0.50125,,,9.282916222222221,791.0,1333.7101,0.9423377348697077
2024-08-02 11:30:00,2024-08-02 17:30:00,72.04044444444445,1.0,0.1646359288888889,1.1458446355555556,0.010680275555555558,0.17939085333333332,2.583864008888889,0.008098008,0.010066986666666666,0.030567066666666667,2.842382222222222e-23,2.8914222222222223e-05,4.3881333333333336e-05,0.0004327986666666667,1.3047439999999999e-23,3.9881333333333334e-05,0.00213664,0.0013988222222222223,5.076813333333334e-07,0.10914266666666667,0.008602773333333332,0.02107866666666667,0.1689408888888889,3.850711111111111e-05,2.605457777777778e-05,0.174,1308.4897777777778,2.8431555555555557,0.04875555555555556,2.8431555555555557,40.73434,-111.87210497777778,310.56911111111106,14.860444444444445,882.9582222222222,108.0796,0.5835555555555556,465207.8222222223,2115.1111111111113,414.03111111111116,10984611.249333333,0.0007667199999999999,0.0003542488888888889,0.001102222222222222,0.00029916444444444445,0.0003938488888888889,5.114666666666667e-05,,5.424330666666667,24.212333333333333,34.65535111111111,18.2930928,0.41970022222222225,8.0658524,15.72058382222222,0.007913377777777777,0.6820866222222223,11.362919555555555,0.004936266666666667,0.14221897777777776,1.0760247555555555,0.7563971111111111,1.8202554222222223,0.08336582222222222,0.07055244444444445,0.9171041777777778,0.23175222222222222,0.016032355555555555,0.0865868888888889,0.14655973333333333,0.07683542222222223,0.12940924444444446,0.018656933333333334,0.022012577777777778,0.03793395555555556,0.05108241777777778,0.01721820888888889,0.0016906977777777778,3.1813352088888887,63000.0,63059.0,877.6601911111112,32.787822222222225,798.2713866666667,160.35257777777778,10.583977777777779,0.19699555555555556,0.0596,62.99494366222222,56.02153851111111,50.06784702666667,46.36253307111111,42.92553107111111,39.468205715555555,36.31266912444445,34.70207894222222,32.80363369777778,31.932980564444446,31.917281786666663,33.91965037777778,34.92898598666667,35.134875417777785,31.503473448888887,127.59144454666666,47.77901779555555,14.20247156,4.843541404444445,0.7168158666666666,0.49905413333333326,0.25306776444444445,0.19416379555555557,0.15352048444444444,0.13232369333333333,0.10493268000000001,0.08916873333333333,0.0843072311111111,0.08465709333333332,0.08667395555555556,0.12559177333333332,0.08840872444444445,0.06956239111111112,0.04892413777777778,0.04626490222222222,0.08118102666666666,10876981.333333334,2066.2688,,,,0.08024999999999999,,,,,,,,0.20925,6.2015,1.3595,,0.014,0.20625,,,,,11.504,0.4895,,0.0435,,0.01525,0.01275,2.0635000000000003,3.923,,0.07050000000000001,0.47350000000000003,3.46675,0.12725,,0.8684999999999999,0.23325,0.402,2.6647499999999997,,,0.2085,0.00875,0.014249999999999999,,,,,0.08449999999999999,0.052,,,,0.5225,,,8.974000177777778,873.5,1395.213,0.9413252780498693
2024-08-02 11:45:00,2024-08-02 17:45:00,83.87244444444444,1.0,0.14476689333333334,1.5326536311111112,0.012270662222222223,0.26655108,2.502961608888889,0.008218913777777778,0.010181911111111112,0.03082902222222222,6.386017777777777e-23,2.9866622222222224e-05,4.493386666666667e-05,0.0004430751111111111,2.9985333333333327e-23,4.234093333333333e-05,0.0021772533333333332,0.0014222177777777777,5.306177777777778e-07,0.10983111111111112,0.008733951111111112,0.02118151111111111,0.1699048888888889,3.956257777777778e-05,2.7730844444444445e-05,0.174,1308.4231111111112,2.8245333333333336,0.04711111111111111,2.8245333333333336,40.73433804444445,-111.87210004444445,310.8491111111111,14.806222222222223,882.9897777777777,134.10755555555554,1.1737777777777778,459639.8222222222,2164.550222222222,387.9928888888889,11128095.69511111,0.0007673422222222222,0.00032984,0.0011923111111111111,0.0002604355555555556,0.0003988977777777778,5.777333333333334e-05,,3.973114222222222,20.378435555555555,29.611400000000003,17.758460755555557,0.4163485333333333,8.433130977777777,13.13106751111111,0.010136222222222222,0.6911909777777777,11.282675600000001,0.0050502666666666675,0.09966804444444444,1.0756922666666666,0.7416746222222221,1.6920207111111112,0.07786355555555556,0.11203977777777778,0.8025252,0.1877876,0.014372488888888889,0.08500093333333333,0.13476702222222223,0.06962951111111111,0.1553968,0.01694431111111111,0.024859262222222223,0.03615546666666667,0.048922288888888894,0.018983337777777776,0.0014890844444444445,3.7292130355555555,63900.0,63959.0,877.5792711111111,33.140968888888885,804.0174088888889,162.00483555555556,10.574617777777778,0.19487555555555555,0.060226666666666664,61.382391257777776,55.04959415555556,49.75160248888889,46.25534150222222,43.04499434666666,39.75992319555555,36.682446231111115,35.07868654666667,33.26347059555556,32.40464848,32.49301913777778,34.35429982222222,35.71625255111111,36.007844444444444,32.08982168888889,129.93205072,48.632550959999996,14.392184462222222,4.91068524,0.7296723866666667,0.48350748,0.25465531555555554,0.19117644,0.14964460444444447,0.12760604,0.09854283555555556,0.08028500444444445,0.09001576444444444,0.07850977777777778,0.08800010222222224,0.12661960888888887,0.0812029688888889,0.06831772,0.044002257777777776,0.048412173333333336,0.07548572444444444,11015660.88888889,2112.1488888888885,,,,0.085125,,,,,,,,0.216625,6.4677500000000006,1.36425,,0.0135,0.16862500000000002,,,,,12.931999999999999,0.49725,,0.03175,,0.014624999999999999,0.010875,2.22275,4.181,,0.07775000000000001,0.48625,3.668875,0.130125,,0.90425,0.249125,0.4305,2.812875,,,0.21275,0.007875,0.011625,,,,,0.08625,0.0525,,,,0.54375,,,9.806125644444444,956.0,1452.0299,0.94103043092626
2024-08-02 12:00:00,2024-08-02 18:00:00,94.84622222222222,1.0,0.12008117777777778,1.8694611644444445,0.011232653333333334,0.3379141555555556,2.370309231111111,0.008414270666666666,0.010274622222222222,0.03103462222222222,1.3145759999999998e-22,3.066733333333334e-05,4.580697777777778e-05,0.0004516306666666667,6.263746666666666e-23,4.4495822222222226e-05,0.00221072,0.0014412533333333334,5.503395555555555e-07,0.11035511111111111,0.00884047111111111,0.021259733333333333,0.17064266666666666,4.044582222222222e-05,2.920382222222222e-05,0.174,1308.3684444444443,2.8940888888888887,0.04528888888888889,2.8940888888888887,40.73433528888889,-111.8721,311.066,14.575555555555555,882.8968888888888,138.39111111111112,1.364,454005.64444444445,2206.4777777777776,352.4293333333333,10786494.190222224,0.0008087911111111111,0.00040669777777777776,0.0012477155555555555,0.00024252444444444445,0.00041754666666666667,8.426666666666668e-05,,2.772467111111111,15.246848444444446,24.202364444444445,16.132742266666664,0.42433017777777776,7.961967466666667,10.455215555555556,0.006462711111111112,0.6689249333333334,10.928708222222221,0.0054568444444444445,0.029146088888888887,0.9792961777777778,0.6802228888888888,1.7209165333333334,0.06879382222222222,0.09827017777777777,0.7466682222222222,0.16041128888888886,0.009762444444444443,0.07781875555555556,0.10655719999999999,0.06510542222222222,0.14834533333333333,0.013501688888888889,0.02603172888888889,0.03164761777777778,0.049841213333333335,0.019997653333333337,0.00135436,4.1522396977777785,64800.0,64859.0,877.5613911111111,33.53076444444444,795.24688,161.30233333333334,10.237937777777777,0.18958666666666665,0.05997333333333333,56.74683228888889,51.60497741777778,47.08326004,44.41374244888889,42.02839059555556,38.79411927555556,36.365874311111114,34.86004043111111,33.04177519555556,32.69207992444444,32.60668747111111,34.71648532,36.29805356888889,36.91304697333333,33.09486391555556,132.71513480888888,49.26268060888889,14.572523422222222,4.864216746666667,0.7083121955555556,0.45249073333333334,0.23830682666666667,0.17225320444444445,0.1293100311111111,0.11075817333333333,0.08821406222222222,0.08284310222222221,0.06706547111111111,0.06724838666666666,0.07657506222222223,0.10020195555555556,0.07019644444444445,0.06402338222222222,0.034969337777777776,0.040180204444444444,0.06917690666666668,10698383.111111112,2155.4278222222224,9.175,0.488,0.507,0.09,0.019,0.075,0.452,0.218,0.142,0.007,0.185,0.224,6.734,1.369,1.155,0.013,0.131,,0.228,0.652,0.37,14.36,0.505,1.403,0.02,0.006,0.014,0.009,2.382,4.439,0.022,0.085,0.499,3.871,0.133,0.648,0.94,0.265,0.459,2.961,0.041,0.03,0.217,0.007,0.009,0.013,0.067,0.029,,0.088,0.053,0.46,0.105,0.027,0.565,0.501,0.107,10.08631328888889,1000.0,1515.3412,0.9517898493091871
2024-08-02 12:15:00,2024-08-02 18:15:00,93.00844444444444,1.0,0.08928169777777778,1.5312159066666668,0.008967977777777778,0.2669574666666667,2.1354482666666668,0.008581719111111111,0.010349822222222223,0.031198355555555553,2.4569066666666663e-22,3.133937777777778e-05,4.653297777777778e-05,0.0004587337777777778,1.1813693333333332e-22,4.6362888888888894e-05,0.0022384755555555557,0.0014568622222222224,5.6718e-07,0.11075733333333333,0.008927582222222223,0.02131897777777778,0.17122355555555557,4.118702222222223e-05,3.0482488888888886e-05,0.174,1308.7093333333332,2.6855555555555553,0.04577777777777778,2.6855555555555553,40.734338666666666,-111.87210337777779,311.93755555555555,13.81777777777778,882.8062222222221,135.61217777777776,1.029777777777778,442703.73333333334,2221.2293333333337,295.8404444444444,10302951.97688889,0.0007581022222222223,0.00036721777777777776,0.0011463333333333334,0.00019898666666666668,0.00035631555555555556,8.205777777777779e-05,,1.4324918176064676,8.909530642154142,15.57382501905502,13.110800651677952,0.4211563162855663,5.8133723469197465,7.003254452984053,0.0035170817645317643,0.5207788258056758,9.036956993430643,0.0018282530340030347,0.05597583165908167,0.7756463935878936,0.48665757998298,1.0621813466570467,0.04476806944906945,0.05340506923816924,0.4559748261238761,0.10327641869611871,0.012477412352462351,0.07045264445739446,0.08794941402301401,0.06059279315129316,0.11564304832389832,0.008070366731416732,0.021209813333333334,0.02299964,0.051618684444444445,0.01689671111111111,0.000995271111111111,3.3744818622222224,65700.0,65759.0,877.5356577777778,33.59052444444445,731.4227111111111,150.30508444444442,9.20236888888889,0.1826711111111111,0.056071111111111106,46.35905785777778,43.000736395555556,39.95589975111111,38.57556054222222,37.02144347555556,35.01975378666667,33.39265188444445,32.41754651555556,31.058701026666665,30.973797106666666,31.316284817777778,33.73782303111111,35.39093870222222,36.10994069777778,32.26425715111111,127.60741580444444,46.791544546666664,13.768976839999999,4.49394632,0.6617367955555555,0.3958378888888889,0.2025538,0.13910865333333333,0.10603372888888889,0.08069257333333332,0.06858672888888889,0.06000038666666667,0.051367284444444446,0.05288759111111111,0.06616304444444444,0.0716546488888889,0.05120331555555556,0.04845566666666667,0.02809969333333333,0.03211171555555556,0.04990353777777778,10223671.777777778,2171.060577777778,,,,0.086625,,,,,,,,0.21570833333333334,6.515083333333333,1.32375,,0.013999999999999999,0.14433333333333334,,,,,13.79025,0.4884583333333333,,0.020958333333333332,,0.014083333333333333,0.009416666666666665,2.295916666666667,4.283625,,0.08204166666666668,0.48154166666666665,3.7372083333333332,0.1285,,0.9064583333333333,0.255125,0.4411666666666667,2.8565416666666668,,,0.20920833333333333,0.007291666666666667,0.009666666666666665,,,,,0.08541666666666667,0.051791666666666666,,,,0.5462083333333333,,,8.237390577777779,1000.0,1570.3636,0.9612590394014853
2024-08-02 12:30:00,2024-08-02 18:30:00,87.09422222222223,1.0,0.07969218222222223,1.1692860933333333,0.0077788622222222225,0.18427895555555557,2.0754060933333336,0.008642320888888888,0.010408977777777778,0.0313264,4.1164088888888887e-22,3.188675555555556e-05,4.71184e-05,0.00046447288888888893,1.9910888888888889e-22,4.791995555555556e-05,0.0022606044444444446,0.0014696400000000001,5.810728888888889e-07,0.11107466666666667,0.008996862222222223,0.02136457777777778,0.17166,4.178964444444444e-05,3.155e-05,0.174,1308.9808888888888,3.0314666666666668,0.04884444444444445,3.0314666666666668,40.73434,-111.87210662222222,312.64155555555556,13.549777777777779,882.2537777777778,113.80422222222222,0.9804444444444445,435780.26666666666,2207.4622222222224,262.3022222222222,10679774.742666667,0.0008856977777777778,0.0003024355555555556,0.0011262266666666667,0.00013433777777777778,0.00029492,7.550666666666667e-05,,0.726705821928072,4.70075438970289,9.132664142542643,11.576747327555777,0.40238446054686056,4.118699752911903,5.553521857229807,0.004969713873163873,0.42275477583342586,7.2649991477133975,0.00928534845894846,0.08545637913197913,0.6238298381710882,0.31505101232841237,0.7817522163151663,0.03290557763162763,0.038454265071965074,0.30692298986383987,0.07831497639952639,0.02591638257298257,0.0686852483997484,0.11567750655825655,0.06345627555037556,0.0656268525030525,0.0062247293835793836,0.017880395555555557,0.017921906666666664,0.05394319555555556,0.014313137777777778,0.0007833911111111111,2.5456656577777776,66600.0,66659.0,877.4492444444444,33.96393333333334,680.0317200000001,140.60971111111112,8.286262222222224,0.1762711111111111,0.05220444444444445,39.05591408888889,36.81389008,34.76094579555556,34.23340446666666,33.409713017777776,32.222203577777776,30.802982222222223,30.070299093333333,29.435963444444443,29.553887546666665,30.23601064,32.73615222222222,34.50866895555556,35.04322403555556,31.301132151111112,122.50132256444445,44.55118123111111,12.840467306666666,4.144549875555556,0.5793676533333333,0.3528478577777778,0.16888825333333332,0.12321649777777778,0.09149306222222223,0.06487273777777777,0.053293973333333335,0.04730238666666667,0.04028048888888889,0.040446546666666666,0.04731648888888888,0.05275919111111112,0.03975458666666667,0.03143270222222223,0.021618084444444446,0.023401515555555554,0.03149519111111111,10490474.415214416,2159.0547929089425,,,,0.08324999999999999,,,,,,,,0.20741666666666667,6.296166666666666,1.2785,,0.015,0.15766666666666668,,,,,13.2205,0.47191666666666665,,0.021916666666666668,,0.014166666666666668,0.009833333333333333,2.2098333333333335,4.12825,,0.07908333333333334,0.46408333333333335,3.6034166666666665,0.124,,0.8729166666666666,0.24525000000000002,0.42333333333333334,2.752083333333333,,,0.20141666666666666,0.007583333333333333,0.010333333333333333,,,,,0.08283333333333333,0.050583333333333334,,,,0.5274166666666666,,,6.889929703663003,1000.0,1607.5311,0.9605927795073244
2024-08-02 12:45:00,2024-08-02 18:45:00,85.94177777777779,1.0,0.07610490222222221,1.0191470711111112,0.007399022222222222,0.1412726088888889,1.9913663866666669,0.008660803111111112,0.010453111111111111,0.03142084444444444,6.153502222222221e-22,3.231302222222222e-05,4.756995555555556e-05,0.00046890177777777776,2.9883155555555552e-22,4.914924444444444e-05,0.0022776533333333333,0.0014791022222222223,5.919688888888889e-07,0.11130888888888889,0.009049755555555556,0.0213968,0.171984,4.2254933333333334e-05,3.2394355555555554e-05,0.174,1309.648888888889,2.921422222222222,0.04808888888888889,2.921422222222222,40.73434133333333,-111.87210471111112,313.0651111111111,13.220444444444444,881.3884444444444,121.18546666666666,0.904888888888889,433203.1111111111,2152.6684444444445,255.31911111111108,10670220.358222222,0.0010532088888888888,0.0003158533333333333,0.0010705555555555555,7.909777777777776e-05,0.0003403377777777778,8.004888888888888e-05,,0.6446763111111111,4.171109777777778,8.139776,11.878151155555555,0.39428911111111115,3.4638008793650794,5.416595822222222,0.004524,0.3883329777777778,6.791365288888889,0.007819244444444444,0.1100467492063492,0.6062909777777779,0.3012224,0.9421140444444445,0.027378044444444447,0.020460311111111115,0.3094683555555556,0.09276475555555555,0.012915199999999998,0.0598896,0.11327124444444443,0.06887057777777779,0.06776173333333334,0.005922844444444445,0.01699889333333333,0.018210982222222224,0.049805386666666666,0.013558106666666667,0.0006756355555555556,2.3985286399999994,67500.0,67559.0,877.3658044444444,34.471515555555555,672.9247066666667,138.98980444444445,8.1976,0.17622666666666664,0.05135111111111111,38.044245871111116,36.248121866666665,34.24420897333333,33.77352293333333,33.08026784444444,31.64453386222222,30.591048666666666,29.720690293333334,29.33501719111111,29.252962413333332,29.904116097777777,32.73323641333334,34.769037884444444,35.4416122,31.536578946666666,120.61906158666667,43.535263004444445,12.563393453333333,4.126445831111111,0.5570006133333333,0.35773923999999996,0.1681418222222222,0.11075153777777777,0.08338254666666667,0.06631252888888889,0.04613519111111111,0.04163410666666667,0.041580671111111106,0.03789245333333333,0.043242977777777775,0.05750056888888889,0.037050217777777776,0.03207352,0.02040764888888889,0.026087875555555553,0.03446482666666666,11202496.8707483,2150.0122074829933,,,,0.079875,,,,,,,,0.199125,6.07725,1.23325,,0.016,0.171,,,,,12.650749999999999,0.455375,,0.022875,,0.01425,0.010249999999999999,2.1237500000000002,3.972875,,0.076125,0.446625,3.4696249999999997,0.11950000000000001,,0.839375,0.235375,0.4055,2.6476249999999997,,,0.193625,0.007875,0.011,,,,,0.08024999999999999,0.049375,,,,0.508625,,,6.798732795918366,1000.0,1638.8448,0.9570206684526776
2024-08-02 13:00:00,2024-08-02 19:00:00,82.00844444444444,1.0,0.057524560952380954,0.6741568295238096,0.005738489523809524,0.07358586952380954,1.716308953015873,0.008712716444444444,0.01048448888888889,0.031487377777777784,8.198586666666666e-22,3.2615999999999994e-05,4.78892e-05,0.0004720275555555556,3.9918266666666664e-22,5.003924444444445e-05,0.002289586666666667,0.0014858266666666665,5.997835555555555e-07,0.11146666666666667,0.009086844444444443,0.021419066666666667,0.17219733333333334,4.258671111111111e-05,3.3006444444444445e-05,0.174,1309.9448888888887,2.2669333333333332,0.04911111111111111,2.2669333333333332,40.73434533333333,-111.87210991111111,314.094,11.916,881.315111111111,140.9303111111111,0.6884444444444444,427875.42222222226,2060.331111111111,233.124,9506827.908444444,0.001219491343101343,0.0004025615873015873,0.0009655380952380952,8.801746031746033e-05,0.00038095333333333333,2.5011111111111114e-05,,0.49191191111111116,2.9100853333333334,5.873159555555556,10.79392848888889,0.38378253333333334,2.2463973333333334,2.9004914222222222,0.0017463111111111112,0.30121502222222224,5.637324222222222,0.006727911111111111,0.1924914222222222,0.5163376444444444,0.14080346666666665,0.29041813333333333,0.0150788,0.0,0.1221592,0.04629982222222222,0.04173413333333333,0.04553555555555555,0.09125173333333333,0.0516432,0.03897386666666667,0.003696622222222222,0.012794241587301589,0.014572702222222223,0.053691423174603174,0.010700701904761906,0.0005274736507936508,2.11002538,68400.0,68459.0,877.2967066666666,34.53712888888889,624.8536,129.00444444444443,7.372697777777778,0.17084444444444444,0.04736888888888889,33.00308451111111,31.850815413333336,30.48420765777778,30.657403804444446,30.18716522222222,29.26272464,28.374312319999998,28.104840164444443,27.710305960000003,27.745660022222225,28.700436346666667,31.3068266,33.17103001777778,33.85236036,30.045349488888892,112.96502857777777,40.34568696444445,11.7203084,3.835829782222222,0.5169920888888889,0.32719797333333334,0.15152333333333334,0.09616417333333334,0.06996107555555556,0.058193,0.03972315111111111,0.03653416444444445,0.0307234,0.02828647111111111,0.030775924444444443,0.043281742222222225,0.027446262222222222,0.018408328888888888,0.012975715555555555,0.0149522,0.027006595555555558,8903968.958333334,1969.4858333333332,,,,0.0765,,,,,,,,0.19083333333333333,5.858333333333333,1.188,,0.017,0.18433333333333335,,,,,12.081,0.43883333333333335,,0.02383333333333333,,0.014333333333333333,0.010666666666666666,2.0376666666666665,3.8175,,0.07316666666666667,0.4291666666666667,3.3358333333333334,0.115,,0.8058333333333333,0.2255,0.38766666666666666,2.5431666666666666,,,0.18583333333333332,0.008166666666666668,0.011666666666666665,,,,,0.07766666666666666,0.04816666666666666,,,,0.4898333333333333,,,3.9598345833333335,1051.3334,1664.4915,0.9588275113228404
2024-08-02 13:15:00,2024-08-02 19:15:00,74.70977777777777,1.0,0.05010751301587302,0.40357163460317463,0.004913775555555556,0.03205074063492064,1.5923190777777778,0.008795063555555557,0.010502533333333335,0.031526311111111115,9.738671111111112e-22,3.279671111111111e-05,4.807964444444445e-05,0.00047390222222222224,4.748662222222222e-22,5.0578044444444445e-05,0.002296644444444445,0.0014898266666666666,6.045035555555554e-07,0.11157066666666668,0.009108866666666667,0.021432000000000003,0.1723248888888889,4.278595555555555e-05,3.337711111111111e-05,0.174,1309.3213333333333,2.465511111111111,0.04764444444444445,2.465511111111111,40.734348,-111.87210404444446,314.28599999999994,11.694666666666667,881.1933333333334,147.33582222222222,0.5422222222222222,421869.3333333333,2015.3319999999999,214.24755555555555,9368150.605333332,0.001040496853146853,0.0003160565079365079,0.000826616507936508,7.615460317460318e-05,0.00022532539682539683,-3.405301587301588e-05,,0.3871967111111111,1.9621853333333334,4.001963555555555,8.820747822222222,0.3731141333333333,1.6904685333333334,2.163048444444444,0.003282977777777778,0.2460738666666667,4.7738186222222225,0.013379111111111112,0.29577413333333336,0.5536475555555556,0.09115133333333333,0.16960204444444446,0.010213288888888889,0.0,0.08421506666666666,0.03483853333333333,0.0011556444444444428,0.03556208888888889,0.13702835555555556,0.04260937777777778,0.014166266666666667,0.0027383111111111114,0.0100876873015873,0.014007775873015873,0.12457185650793651,0.007677617777777778,0.0004959704761904762,1.2204435009523809,69300.0,69359.0,877.1547511111111,34.72794222222222,563.8714222222222,114.07572,6.36412,0.16672444444444443,0.04092888888888889,30.006409808888886,28.808072297777777,27.954926213333334,27.99350374222222,27.776713617777776,27.03334726222222,25.993837031111113,25.74556706666667,25.37463658222222,25.660988879999998,26.375471977777774,28.787980626666663,30.355144688888892,30.65596994222222,27.00752668888889,99.44413769333333,34.58972060888889,9.77967630222222,3.3035069733333335,0.42866624,0.26478428,0.11047239111111111,0.08147489333333334,0.052554479999999994,0.045110279999999996,0.03820371555555556,0.027881839999999998,0.019905964444444445,0.022014133333333335,0.0197178,0.03307132888888889,0.022442346666666668,0.015390128888888889,0.011173195555555555,0.013346982222222222,0.018080164444444446,9266051.364450365,1967.665458833759,,,,0.073125,,,,,,,,0.18254166666666666,5.6394166666666665,1.14275,,0.018,0.19766666666666666,,,,,11.51125,0.4222916666666667,,0.024791666666666667,,0.014416666666666666,0.011083333333333332,1.9515833333333334,3.662125,,0.07020833333333334,0.41170833333333334,3.2020416666666667,0.1105,,0.7722916666666666,0.215625,0.36983333333333335,2.4387083333333335,,,0.17804166666666665,0.008458333333333333,0.012333333333333332,,,,,0.07508333333333334,0.04695833333333333,,,,0.47104166666666664,,,4.015054144559144,1161.3334,1684.7952,0.9655497085867496
2024-08-02 13:30:00,2024-08-02 19:30:00,74.72133333333333,1.0,0.05513599111111111,0.41047530222222217,0.004646635555555556,0.028583462222222224,1.5891152222222222,0.008717591111111112,0.010509822222222222,0.03153911111111111,1.0320977777777777e-21,3.285893333333333e-05,4.814262222222222e-05,0.00047454444444444444,5.034502222222222e-22,5.076057777777777e-05,0.0022988622222222224,0.0014909733333333332,6.061026666666666e-07,0.1116,0.009116111111111111,0.021439111111111114,0.17239466666666664,4.2851644444444444e-05,3.350271111111111e-05,0.174,1308.501777777778,2.578577777777778,0.047822222222222224,2.578577777777778,40.73434066666667,-111.87210186666668,314.17133333333334,11.957333333333333,881.0,102.35808888888889,0.6422222222222221,421466.7111111111,2013.3555555555554,214.73155555555556,9772080.218666667,0.001086871111111111,0.00038526666666666663,0.0009921333333333332,0.00010586222222222223,0.0002683111111111111,7.368444444444444e-05,,0.44457555555555556,2.1059271111111113,4.156387555555555,9.635524888888888,0.3683530222222222,1.9997352444444445,3.3111815111111107,0.005159066666666667,0.2820954222222223,4.835726888888888,0.014677733333333333,0.3178853333333333,0.6238169333333333,0.14173355555555556,0.5858798222222222,0.008200933333333334,0.0,0.16183382222222226,0.05739408888888889,-0.0027530222222222245,0.046541688888888884,0.19837653333333333,0.06021031111111111,0.01153368888888889,0.004458711111111111,0.010981595555555555,0.015978382222222223,0.15185025333333335,0.007379342222222222,0.0005005555555555555,0.9823349688888888,70200.0,70259.0,876.9516533333334,35.022511111111115,554.7216666666666,109.92370666666666,6.156293333333333,0.16759555555555558,0.038906666666666666,32.15728994222222,30.69809658222222,29.232875986666667,28.896899053333335,28.164199311111112,27.143824937777776,25.901339466666666,25.436636426666666,24.72175013777778,24.88574948,25.669950684444448,27.793273128888888,29.27723857333333,29.54097006222222,25.81949722222222,93.68173409333333,32.24566624444444,9.097745928888889,3.1374553777777776,0.4104073244444445,0.2619496577777778,0.11114931555555556,0.07859501333333332,0.06188559555555555,0.04680961777777778,0.034894466666666665,0.02420927111111111,0.026210955555555557,0.020862422222222222,0.022685444444444442,0.034732995555555556,0.027176404444444444,0.015312133333333333,0.009470448888888889,0.009940257777777777,0.02320072888888889,9674682.311111111,1969.849866666667,,,,0.06974999999999999,,,,,,,,0.17425000000000002,5.4205000000000005,1.0975,,0.019,0.21100000000000002,,,,,10.9415,0.40575,,0.02575,,0.0145,0.0115,1.8655,3.5067500000000003,,0.06725,0.39425,3.06825,0.10600000000000001,,0.73875,0.20575000000000002,0.352,2.33425,,,0.17025,0.00875,0.013,,,,,0.0725,0.04575,,,,0.45224999999999993,,,4.3660556,1271.3334,1700.1951,0.9562839904930222
2024-08-02 13:45:00,2024-08-02 19:45:00,78.45333333333333,1.0,0.0515195380952381,0.5320856333333334,0.004804223809523809,0.04339007142857143,1.631958419047619,0.008757494222222223,0.01050311111111111,0.03152688888888889,9.75916888888889e-22,3.279888888888889e-05,4.8081600000000004e-05,0.00047394577777777776,4.7583422222222215e-22,5.058488888888889e-05,0.0022968088888888887,0.0014898844444444445,6.045533333333333e-07,0.11157066666666668,0.009109035555555556,0.021432000000000003,0.17232666666666668,4.2787866666666664e-05,3.338248888888889e-05,0.174,1308.3475555555556,2.5535555555555556,0.04937777777777778,2.5535555555555556,40.73434,-111.8721088,313.95444444444445,12.332444444444445,880.7955555555556,85.98457777777777,0.8057777777777777,422435.9555555555,2016.5142222222223,216.75022222222225,10373971.280888889,0.0010979619047619049,0.00035750952380952385,0.0011081285714285715,0.00010985238095238097,0.0003252714285714286,0.00012857142857142858,,0.27151400000000003,1.8067875555555555,3.8140075555555555,9.894014755555556,0.36586115555555554,2.208259244444444,3.015961511111111,0.003331511111111111,0.3218847111111111,5.067535377777777,0.014450711111111113,0.2711099111111111,0.7039429777777778,0.13611133333333333,0.42203924444444446,0.008972133333333333,0.0,0.13454697777777777,0.05358115555555556,-0.0031818222222222245,0.053689244444444444,0.25029995555555556,0.06742773333333334,0.014417999999999999,0.004468933333333333,0.013905652380952382,0.019215423809523808,0.15222108571428572,0.008309471428571429,0.0005074190476190476,1.050877123809524,71100.0,71159.0,876.7510888888888,35.313475555555556,545.57916,110.44313777777778,6.2296088888888885,0.16848888888888888,0.039724444444444444,29.120660657777776,28.053232466666667,26.883970551111112,27.050467755555555,26.715515133333334,26.04232880888889,25.130780599999998,24.89160823111111,24.58736819111111,24.79304185777778,25.800760813333333,27.973118955555556,29.913950653333334,30.193236524444444,26.31488568888889,95.23827694666667,33.04817432888889,9.366930004444445,3.1891753822222224,0.4444086755555556,0.26127254222222224,0.1281653911111111,0.07768874666666667,0.06068841333333333,0.04351062666666667,0.033834164444444446,0.027103937777777778,0.02609814222222222,0.020068106666666665,0.02541679111111111,0.036787742222222225,0.02267911111111111,0.01705209777777778,0.012142426666666668,0.013976524444444444,0.020775266666666667,10277240.844444443,1971.2536,,,,0.06637499999999999,,,,,,,,0.16595833333333332,5.201583333333334,1.05225,,0.02,0.22433333333333333,,,,,10.371749999999999,0.3892083333333333,,0.026708333333333334,,0.014583333333333334,0.011916666666666666,1.7794166666666666,3.351375,,0.06429166666666666,0.37679166666666664,2.934458333333333,0.1015,,0.7052083333333333,0.19587500000000002,0.33416666666666667,2.2297916666666664,,,0.16245833333333334,0.009041666666666667,0.013666666666666666,,,,,0.06991666666666665,0.04454166666666667,,,,0.4334583333333333,,,4.928390977777778,1381.3334,1711.2181,0.9614074035402211
2024-08-02 14:00:00,2024-08-02 20:00:00,82.03111111111112,1.0,0.045032960000000004,0.6073933733333334,0.004711204444444445,0.05345460444444445,1.5524484444444446,0.008772377333333333,0.01048448888888889,0.03148822222222222,8.231733333333333e-22,3.261955555555555e-05,4.789333333333333e-05,0.00047209733333333336,4.008035555555555e-22,5.005195555555555e-05,0.0022897733333333333,0.0014859555555555557,5.998986666666666e-07,0.111472,0.00908748,0.021419733333333336,0.17220222222222223,4.259217777777778e-05,3.3016e-05,0.174,1308.9942222222223,2.441333333333333,0.0508,2.441333333333333,40.73434,-111.87211,314.0971111111111,12.002222222222223,880.6213333333334,96.65324444444445,0.7346666666666667,423124.71111111116,2020.4288888888889,218.62800000000001,10070249.758666666,0.001242711111111111,0.00041305777777777777,0.0011062577777777778,6.482222222222222e-05,0.0003187377777777778,0.00017871555555555558,,0.30899288888888893,1.9924595555555558,4.191830222222222,9.567192844444444,0.36567622222222224,2.078557288888889,2.4871412888888886,0.002186222222222222,0.2952385777777778,5.064615022222222,0.012034222222222222,0.27687097777777775,0.6566746222222223,0.12917951111111112,0.2728793333333333,0.007805244444444444,0.0,0.10940151111111111,0.042619644444444445,-0.004270311111111114,0.04965017777777778,0.2114028,0.05071497777777778,0.016379066666666667,0.003752888888888889,0.015049555555555556,0.01881618666666667,0.14146888444444447,0.007958351111111112,0.0005178266666666666,1.0552912755555557,72000.0,72059.0,876.597,35.481475555555555,545.5456933333334,111.10582666666667,6.414546666666666,0.17241333333333334,0.04004888888888889,28.695753075555555,27.894772355555556,26.816202404444443,26.998740924444444,26.64849986222222,26.038100097777775,25.320331057777775,24.994287693333334,24.57604767111111,24.738416013333335,25.734080591111113,27.895664617777776,29.962684177777778,30.258837235555557,26.59972734222222,95.55052485777779,32.94967718666667,9.29838768,3.2125559866666666,0.44234869777777774,0.2691484711111111,0.13309476888888888,0.08834191555555555,0.06684972888888889,0.04840592444444445,0.04321335111111111,0.03082809777777778,0.028762755555555557,0.02927284,0.03102403111111111,0.04488749777777778,0.02480624888888889,0.02109260888888889,0.01578702222222222,0.017826257777777778,0.026648022222222224,9978003.866666665,1975.7079111111111,,,,0.063,,,,,,,,0.15766666666666668,4.982666666666667,1.007,,0.020999999999999998,0.2376666666666667,,,,,9.802,0.3726666666666667,,0.027666666666666666,,0.014666666666666666,0.012333333333333333,1.6933333333333334,3.1959999999999997,,0.06133333333333334,0.35933333333333334,2.8006666666666664,0.097,,0.6716666666666666,0.186,0.31633333333333336,2.1253333333333333,,,0.15466666666666667,0.009333333333333334,0.014333333333333333,,,,,0.06733333333333333,0.043333333333333335,,,,0.41466666666666663,,,5.037096355555556,1480.8334,1718.4484,0.965325627493357
2024-08-02 14:15:00,2024-08-02 20:15:00,85.64844444444445,1.0,0.04417086253968254,0.6575459222222222,0.005319615555555556,0.052311215555555554,1.5344296114285714,0.008751357777777777,0.010453111111111111,0.031423422222222226,6.190764444444444e-22,3.231804444444445e-05,4.757640000000001e-05,0.0004689791111111111,3.006786666666666e-22,4.9169155555555554e-05,0.002277751111111111,0.0014793377777777778,5.921404444444444e-07,0.11131466666666666,0.009050671111111111,0.021397466666666663,0.17198533333333332,4.22632e-05,3.240835555555556e-05,0.174,1309.5368888888888,2.4682222222222223,0.04986666666666666,2.4682222222222223,40.73433915555555,-111.87211,314.46244444444443,12.28711111111111,880.4493333333334,114.77573333333333,0.664,424114.5333333333,2034.5413333333333,225.5568888888889,10514076.806666669,0.0015642977777777778,0.00041168412698412704,0.001226407619047619,4.0842222222222225e-05,0.00038804603174603177,0.0001709088888888889,,0.3855325333333333,2.5239244444444444,5.0293017777777775,9.76548593009583,0.36339328396788395,2.01866851997262,2.8907886674640175,0.0016123557831057833,0.28922447136752133,5.128435306293706,0.017922124549524552,0.28681398209568204,0.6546111982702482,0.12802801923816923,0.3290405166259666,0.008354675868575868,0.0,0.11394152429607428,0.04129239895474896,-0.004832789961889965,0.043860421406371405,0.14398423056573056,0.050199685414585415,0.014183848986198984,0.0038212072705072703,0.016647800634920634,0.020292915555555558,0.11350772253968255,0.008046275873015875,0.00048178412698412706,1.250901132063492,72900.0,72959.0,876.44348,35.696288888888894,549.5539511111111,110.52991555555556,6.242328888888889,0.16876444444444444,0.03938666666666667,29.853925475555556,28.83716888,27.529324751111112,27.591707173333337,27.1732842,26.312071666666668,25.50189797333333,25.01290735111111,24.65748413777778,24.917662493333335,25.744597404444445,28.165050386666667,30.08620737777778,30.48177776,26.60494097777778,95.07529224888889,32.53138753333334,9.018854213333332,3.1765532177777778,0.4280648177777778,0.27248728,0.12261093333333334,0.07799199555555555,0.060288666666666664,0.05162874666666666,0.03133297333333333,0.03219205333333333,0.02749314222222222,0.021855306666666668,0.028251213333333337,0.03750453333333333,0.020198524444444442,0.018818733333333334,0.012770066666666666,0.014941702222222223,0.023356853333333333,10414544.044444446,1988.5838222222224,,,,0.059625,,,,,,,,0.14937499999999998,4.76375,0.9617499999999999,,0.022,0.251,,,,,9.23225,0.356125,,0.028624999999999998,,0.014750000000000001,0.01275,1.60725,3.040625,,0.058375,0.34187500000000004,2.666875,0.0925,,0.6381249999999999,0.17612500000000003,0.2985,2.020875,,,0.146875,0.009625,0.015,,,,,0.06475,0.042124999999999996,,,,0.395875,,,5.485183822222222,1568.3334,1722.4945,0.966929155898077
2024-08-02 14:30:00,2024-08-02 20:30:00,84.38888888888889,1.0,0.04102294476190477,0.5729969628571429,0.00512940507936508,0.04303174507936508,1.4226295314285715,0.008746133333333333,0.010409466666666667,0.031328666666666664,4.149364444444444e-22,3.189608888888889e-05,4.712742222222222e-05,0.000464576,2.0072977777777775e-22,4.7945688888888895e-05,0.002260942222222222,0.0014697822222222222,5.813128888888889e-07,0.11108755555555555,0.008998128888888889,0.02136528888888889,0.17167155555555555,4.179942222222223e-05,3.1567377777777774e-05,0.174,1309.9062222222224,2.728622222222222,0.044755555555555555,2.728622222222222,40.73433951111111,-111.87211,314.2771111111111,12.044,880.2537777777778,104.04457777777777,0.8577777777777779,423059.3777777778,2024.6248888888888,220.89111111111112,9992109.332888888,0.0015217774603174603,0.00029149333333333336,0.0011459974603174603,6.437936507936508e-05,0.0003674431746031746,6.643460317460318e-05,,0.3083497464183964,2.0701255804380803,4.3367400048285045,9.086889259090908,0.37083596512746514,1.9245338028138528,2.510965611784512,0.0020381922799422797,0.28524816142376147,4.825219937566137,0.016630726767676768,0.30571165517075516,0.6770173828042327,0.14435666729196728,0.23182095064935063,0.013151763059163058,0.008661215247715256,0.09946038354978354,0.04289881885521885,0.0010305039923039878,0.04562505788840789,0.21759280776815776,0.05557004485329486,0.009359102934102933,0.003049154954304954,0.014942996507936509,0.02064070380952381,0.1302568374603175,0.007217856507936508,0.0004501171428571429,1.2237686460317458,73800.0,73859.0,876.2685066666667,35.84838222222222,527.3091777777778,105.5166,5.960053333333334,0.16865333333333335,0.03731111111111111,28.575168346666665,27.589555311111113,26.395339715555558,26.501988391111112,26.101291395555556,25.310582813333333,24.624629360000004,24.160309626666667,23.881246906666668,24.142604724444443,24.789505724444446,27.185794386666664,28.96517268888889,29.55880312,25.74273272,90.54948022666667,30.596566724444447,8.522309386666667,2.9405242266666667,0.3971604222222222,0.23561506666666665,0.11006251111111111,0.07948558666666666,0.04686530222222222,0.04717676888888889,0.034877644444444446,0.027018035555555556,0.02735762666666667,0.020271204444444448,0.02511378222222222,0.027703960000000003,0.024468511111111108,0.0227496,0.014515795555555554,0.012727480000000001,0.022321968888888887,9924129.955555554,1980.5147555555557,,,,0.056249999999999994,,,,,,,,0.14108333333333334,4.544833333333333,0.9164999999999999,,0.023,0.2643333333333333,,,,,8.6625,0.33958333333333335,,0.029583333333333333,,0.014833333333333334,0.013166666666666667,1.5211666666666668,2.88525,,0.05541666666666667,0.3244166666666667,2.5330833333333334,0.088,,0.6045833333333333,0.16625,0.2806666666666666,1.9164166666666667,,,0.13908333333333334,0.009916666666666667,0.015666666666666666,,,,,0.06216666666666666,0.04091666666666667,,,,0.3770833333333333,,,5.078776622222223,1655.8334,1723.9556,0.9719946714847877
2024-08-02 14:45:00,2024-08-02 20:45:00,81.63644444444444,1.0,0.04110542666666667,0.45728040444444445,0.00462099111111111,0.027412306666666667,1.3716334933333336,0.008723207555555555,0.010350666666666668,0.031200088888888887,2.4811777777777777e-22,3.135022222222222e-05,4.654546666666666e-05,0.00045885466666666666,1.1930764444444443e-22,4.639355555555556e-05,0.0022389333333333334,0.001457471111111111,5.674453333333334e-07,0.11077733333333332,0.00892916,0.021320755555555557,0.17122800000000002,4.120093333333333e-05,3.0502844444444444e-05,0.174,1309.4377777777777,2.5139555555555555,0.044088888888888886,2.5139555555555555,40.73434,-111.87211,315.0833333333333,11.304888888888888,880.112,102.10075555555555,0.7551111111111111,422448.88888888893,2013.04,214.0991111111111,9287949.522666667,0.0013406355555555555,0.00015570222222222223,0.00119632,0.00011098222222222223,0.00042931111111111107,7.066666666666675e-07,,0.2980624697191697,1.9023737665482665,3.877671402541903,8.77451016910867,0.35970621245421247,1.7101961107781107,2.6245860476190472,0.0014874114774114774,0.25486463553113553,4.491610084859585,0.014099288156288158,0.3725639882894883,0.615112768009768,0.1294152619047619,0.3389387588522588,0.01231768376068376,0.0,0.11538750854700855,0.04349750915750916,-0.0007258833943833966,0.04158902442002442,0.18492736996336995,0.05308834615384616,0.008569285103785103,0.003782421855921856,0.012152764444444445,0.017932626666666666,0.13006204,0.006338146666666666,0.0004447377777777778,1.0808197422222223,74700.0,74759.0,876.0963244444445,36.13946222222223,496.9698266666667,99.44698222222223,5.625088888888889,0.16889333333333337,0.035071111111111115,26.288145817777778,25.492077297777776,24.739713102222222,24.841525093333335,24.496030586666667,23.92215579111111,23.30554812888889,22.812177626666667,22.69387235111111,22.88121460888889,23.762540871111113,26.034098546666666,27.629335755555555,28.19404765777778,24.299121484444445,85.13730486666667,28.659878995555555,7.872261248888889,2.782019271111111,0.39880430666666666,0.21199058666666665,0.10598050666666667,0.07791513777777778,0.0470906,0.038929955555555555,0.03497569333333333,0.021337431111111107,0.02247644,0.021050835555555553,0.026083115555555553,0.0295446,0.026506897777777778,0.019833800000000002,0.01093571111111111,0.01148492888888889,0.02184859111111111,9253000.044444444,1971.1706666666666,,,,0.052875,,,,,,,,0.13279166666666664,4.325916666666667,0.8712499999999999,,0.024,0.2776666666666667,,,,,8.092749999999999,0.32304166666666667,,0.030541666666666665,,0.014916666666666667,0.013583333333333333,1.4350833333333333,2.729875,,0.052458333333333336,0.30695833333333333,2.3992916666666666,0.0835,,0.5710416666666667,0.15637500000000001,0.2628333333333333,1.8119583333333333,,,0.13129166666666667,0.010208333333333333,0.01633333333333333,,,,,0.05958333333333333,0.03970833333333333,,,,0.3582916666666666,,,4.611604088888888,1743.3334,1723.3883,0.9769348466771292
2024-08-02 15:00:00,2024-08-02 21:00:00,81.29911111111112,1.0,0.03750568,0.43547013333333334,0.005355671111111111,0.021332084444444444,1.284423288888889,0.00867384311111111,0.010275333333333333,0.031037955555555555,1.329877777777778e-22,3.067942222222222e-05,4.5822044444444445e-05,0.00045176755555555555,6.337275555555555e-23,4.453222222222222e-05,0.002211488888888889,0.0014417733333333333,5.506697777777778e-07,0.11035777777777778,0.008842288888888888,0.021260666666666664,0.17066533333333334,4.046155555555556e-05,2.9227777777777777e-05,0.174,1309.096888888889,2.671377777777778,0.04382222222222222,2.671377777777778,40.73434,-111.87211,315.43488888888885,11.137333333333334,879.9328888888888,89.84537777777777,0.7688888888888888,422157.4666666667,2007.889777777778,212.28444444444443,9134509.193333333,0.0011319733333333335,0.0002016,0.0011236933333333332,0.00011151111111111111,0.00033608,-3.9853333333333333e-05,,0.3512670222222222,2.167993777777778,4.225297333333333,8.088444088888888,0.34655302222222223,1.493225822222222,2.640823466666667,0.002137422222222222,0.24968915555555557,4.347169688888888,0.012204533333333333,0.3882668,0.6366384,0.10333471111111112,0.2160659111111111,0.007058044444444444,0.0,0.09348328888888889,0.03758684444444445,-0.005247111111111114,0.039061733333333334,0.21066293333333333,0.04835715555555555,0.012689733333333333,0.0028616888888888885,0.011941253333333332,0.01861293777777778,0.14584271555555556,0.006062542222222222,0.00040828,1.127696911111111,75600.0,75659.0,875.9220977777778,36.458644444444445,489.7283244444444,97.27717333333334,5.366511111111111,0.16497777777777778,0.03396444444444445,25.953734266666668,25.127817391111112,24.433416244444444,24.491661786666665,24.259819684444444,23.644639480000002,22.78894036888889,22.686891706666664,22.28922648888889,22.736159431111112,23.51838519111111,25.78816036888889,27.510414822222224,27.82264749333333,24.142694871111114,83.29754784888888,27.842373511111113,7.642930613333333,2.7031648533333335,0.37211938222222224,0.2124326311111111,0.10554108888888888,0.06673586222222222,0.04558754222222223,0.03923501333333334,0.028696671111111113,0.02146088,0.019317773333333333,0.019688324444444443,0.02214257777777778,0.027167284444444443,0.016559093333333334,0.014863702222222221,0.00859752888888889,0.011736555555555556,0.015856453333333333,9067471.955555554,1966.3646222222221,,,,0.049499999999999995,,,,,,,,0.1245,4.107,0.826,,0.025,0.29100000000000004,,,,,7.523,0.3065,,0.0315,,0.015,0.013999999999999999,1.349,2.5745,,0.0495,0.2895,2.2655,0.079,,0.5375,0.14650000000000002,0.245,1.7075,,,0.1235,0.0105,0.017,,,,,0.056999999999999995,0.0385,,,,0.33949999999999997,,,4.4679116,1787.0834,1720.4977,0.9809499802715738
2024-08-02 15:15:00,2024-08-02 21:15:00,79.70177777777778,1.0,0.03589953587301588,0.41035683650793653,0.005092165714285715,0.023304176190476193,1.247162171746032,0.008336128,0.010184355555555556,0.030833733333333332,6.469559999999999e-23,2.98816e-05,4.495168888888888e-05,0.0004432608888888889,3.03892e-23,4.238075555555556e-05,0.0021780666666666665,0.00142264,5.309991111111112e-07,0.10984311111111111,0.00873610222222222,0.02118377777777778,0.16993288888888888,3.958026666666667e-05,2.7756444444444446e-05,0.174,1309.3235555555555,2.7629333333333337,0.044533333333333334,2.7629333333333337,40.73434,-111.87210720000002,314.90866666666665,11.316888888888888,879.732888888889,79.94151111111111,0.8759999999999999,421509.2,2006.6382222222223,213.60177777777778,9327440.436444445,0.0009448768253968254,0.00025319174603174603,0.001101456507936508,9.457650793650794e-05,0.00012522984126984128,-2.6906984126984128e-05,,0.3567502222222222,2.146332888888889,4.162800888888889,8.65984008888889,0.3484272,1.6256137777777775,3.397426622222222,0.0018936444444444445,0.2675486222222222,4.371079777777778,0.013595511111111113,0.49069995555555557,0.7007020888888889,0.13132026666666669,0.3581572,0.008351333333333332,0.0,0.12089573333333332,0.050149377777777775,-0.004674133333333335,0.04224568888888889,0.2875202222222223,0.061911377777777776,0.024864622222222223,0.003537377777777778,0.011306329523809524,0.018912210476190478,0.15369008,0.005710159682539683,0.0004944450793650793,1.0013403780952381,76500.0,76559.0,875.7449866666667,36.72466222222222,482.2316844444444,95.14788,5.231906666666666,0.16437333333333334,0.03304888888888889,26.043193462222224,25.128603039999998,24.246687893333334,24.308052915555557,24.078445288888886,23.478345448888888,22.627034404444444,22.361962746666666,22.032458986666665,22.396271004444444,23.30785576888889,25.344894306666667,27.016614053333335,27.493894773333334,23.599217773333333,80.84437082222222,26.947944133333333,7.310492537777778,2.6441536177777776,0.3614599733333333,0.20964057333333333,0.09391808,0.06745143111111111,0.04740767111111111,0.04242747555555556,0.02837238666666667,0.019749542222222218,0.017812480000000002,0.019872395555555554,0.020421360000000003,0.025871346666666666,0.014847404444444445,0.01610195111111111,0.009261097777777777,0.00980212888888889,0.01671193777777778,9263495.777777778,1964.6594666666667,,,,0.046125,,,,,,,,0.11620833333333333,3.8880833333333333,0.7807499999999999,,0.026000000000000002,0.30433333333333334,,,,,6.95325,0.2899583333333333,,0.03245833333333333,,0.015083333333333334,0.014416666666666666,1.2629166666666667,2.4191249999999997,,0.04654166666666667,0.2720416666666667,2.131708333333333,0.0745,,0.5039583333333333,0.13662500000000002,0.22716666666666666,1.6030416666666667,,,0.11570833333333333,0.010791666666666668,0.017666666666666664,,,,,0.05441666666666666,0.03729166666666667,,,,0.3207083333333333,,,4.368758133333333,1780.8334,1716.0118,0.9542159406966648
2024-08-02 15:30:00,2024-08-02 21:30:00,80.59022222222224,1.0,0.029427353333333333,0.4495888184126985,0.00507325873015873,0.03329995142857143,1.186918503174603,0.007243490222222222,0.010069262222222224,0.03057422222222222,2.880155555555555e-23,2.8932844444444444e-05,4.390053333333334e-05,0.0004329951111111111,1.3236795555555555e-23,3.9923066666666664e-05,0.0021373733333333333,0.00139928,5.080813333333333e-07,0.10916933333333333,0.008605502222222223,0.02108168888888889,0.16897022222222222,3.852626666666667e-05,2.6083111111111113e-05,0.174,1308.8742222222222,3.298088888888889,0.047200000000000006,3.298088888888889,40.73433706666667,-111.87210426666667,314.3771111111111,11.302222222222222,879.6204444444445,86.89382222222223,0.9164444444444444,421674.6666666667,2006.3764444444446,213.26133333333334,9082920.78,0.0011601498412698412,0.0003344260317460318,0.0010960120634920635,8.871492063492065e-05,0.00015179968253968256,5.6812063492063485e-05,,0.2309117777777778,1.8243031111111112,3.588143555555556,8.19350991111111,0.3509451111111111,1.6828208444444444,2.9552290666666665,0.002485866666666667,0.25768386666666665,4.403785333333333,0.010171422222222223,0.32966968888888887,0.6436723111111111,0.1579076888888889,0.522911688888889,0.012926577777777778,0.0,0.1522779111111111,0.058321288888888885,-0.0035392888888888907,0.039179066666666665,0.23000484444444444,0.056445866666666664,0.0127292,0.0027248,0.011211206666666668,0.017687094285714286,0.1573730161904762,0.005669450476190477,0.0005864749206349206,0.9048860869841269,77400.0,77459.0,875.6210622222222,36.731297777777776,481.35319999999996,94.47270222222222,5.223302222222221,0.16510666666666665,0.03270222222222222,26.68305196,25.72020692888889,24.644810364444442,24.620042764444445,24.23323328,23.36777890666667,22.678231933333333,22.34880194222222,21.987140977777777,22.167436324444445,23.026258164444446,25.190660657777777,26.949311506666668,27.435275035555556,23.481492084444444,79.61630405333334,26.43406035111111,7.099626177777778,2.6093431600000003,0.3747016222222222,0.21894451111111113,0.09555102666666666,0.07365119555555556,0.045859920000000005,0.03525263555555556,0.032518622222222224,0.025088826666666668,0.019224266666666667,0.02101164888888889,0.019449742222222222,0.028945213333333334,0.01834533333333333,0.014138848888888889,0.00818207111111111,0.011902257777777777,0.01739796,9036923.733333332,1964.3638666666668,,,,0.042749999999999996,,,,,,,,0.10791666666666666,3.669166666666667,0.7354999999999999,,0.027,0.31766666666666665,,,,,6.3835,0.27341666666666664,,0.033416666666666664,,0.015166666666666667,0.014833333333333334,1.1768333333333332,2.26375,,0.043583333333333335,0.25458333333333333,1.9979166666666666,0.07,,0.47041666666666665,0.12675,0.20933333333333332,1.4985833333333334,,,0.10791666666666667,0.011083333333333334,0.018333333333333333,,,,,0.05183333333333333,0.036083333333333335,,,,0.3019166666666666,,,4.301280977777778,1774.5834,1711.4305,0.8417277731353273
2024-08-02 15:45:00,2024-08-02 21:45:00,80.73022222222222,1.0,0.02400826126984127,0.4383194317460318,0.005377764126984127,0.030491622222222223,1.1483164933333332,0.008098047555555555,0.009934577777777778,0.03026608888888889,1.2728475555555555e-23,2.787008888888889e-05,4.270786666666667e-05,0.0004213515555555556,5.6330977777777775e-24,3.72412e-05,0.0020908,0.0013724,4.828124444444444e-07,0.10834844444444444,0.008454204444444445,0.020956844444444445,0.16780533333333333,3.73404e-05,2.425871111111111e-05,0.174,1308.6453333333334,3.0387555555555554,0.04857777777777778,3.0387555555555554,40.73433026666667,-111.87210986666668,314.6695555555555,10.868888888888888,879.4951111111111,97.56542222222222,0.8386666666666667,421201.73333333334,2004.5168888888888,207.34711111111113,8519857.112444444,0.001347023492063492,0.0003538704761904762,0.0010406863492063493,9.677142857142856e-05,0.00022301269841269841,0.00021793682539682541,,0.24177333333333334,1.6350462222222222,3.3057537777777775,7.6867312,0.3513728,1.4918302666666667,2.1624930222222223,0.0018012888888888888,0.23302577777777778,4.252947911111111,0.009507866666666667,0.37878884444444444,0.6233448444444444,0.11542519999999999,0.3309070222222222,0.010228,0.0,0.10975528888888889,0.041193155555555555,-0.00463448888888889,0.034036711111111104,0.16801897777777777,0.04235711111111111,0.0074616,0.001762088888888889,0.011062510793650795,0.017815294285714284,0.16921461936507937,0.005661169206349206,0.0006167660317460317,0.8579971269841269,78300.0,78359.0,875.49276,36.71439555555556,473.649,92.70421333333334,5.095404444444444,0.16404888888888888,0.03181777777777778,26.095732511111112,25.231810160000002,24.191376964444444,24.220176911111114,23.847916044444446,23.030185004444444,22.28107914666667,21.968263195555554,21.73571650222222,21.89371044888889,22.628317306666666,24.771429386666668,26.631545315555556,27.029510053333336,23.398694582222223,78.33152035111111,25.968494226666667,6.912489768888888,2.5067875111111113,0.3527785422222222,0.19995330666666666,0.08409256444444443,0.06698094666666667,0.040345191111111116,0.030031377777777778,0.02407031111111111,0.025760346666666666,0.017784453333333332,0.018926995555555555,0.019230115555555555,0.023943422222222222,0.018952115555555555,0.015686533333333332,0.009094413333333334,0.011428240000000001,0.01513415111111111,8499605.155555556,1964.4404,,,,0.039375,,,,,,,,0.09962499999999999,3.4502500000000005,0.6902499999999999,,0.027999999999999997,0.331,,,,,5.813749999999999,0.256875,,0.034374999999999996,,0.01525,0.01525,1.0907499999999999,2.1083749999999997,,0.040625,0.23712500000000003,1.864125,0.0655,,0.436875,0.116875,0.19149999999999995,1.394125,,,0.100125,0.011375,0.019,,,,,0.049249999999999995,0.034875,,,,0.28312499999999996,,,4.114871244444444,1768.3334,1706.0619,0.9578722171637413
2024-08-02 16:00:00,2024-08-02 22:00:00,79.47244444444443,1.0,0.022346040952380953,0.41026147269841273,0.005177256825396825,0.029946468888888887,1.1107508377777777,0.008126026222222223,0.00977763111111111,0.029901644444444445,5.930431111111111e-24,2.6697022222222223e-05,4.1364533333333334e-05,0.00040828222222222217,2.4909288888888887e-24,3.443133333333333e-05,0.002037817777777778,0.00134136,4.556626666666667e-07,0.10737200000000001,0.008280017777777779,0.02080608888888889,0.16639466666666666,3.6022088888888886e-05,2.2353422222222223e-05,0.174,1308.6884444444445,2.600177777777778,0.04857777777777778,2.600177777777778,40.73433124444444,-111.87211,315.1095555555555,10.724,879.396,83.5235111111111,0.7524444444444445,420723.86666666664,2002.3484444444443,198.70577777777777,8542060.596444445,0.0010411942857142858,0.00027718634920634923,0.001004435238095238,8.611269841269841e-05,0.00027714761904761904,0.00014328603174603176,,0.22774275555555556,1.5136111111111108,3.0963915555555555,8.102971555555555,0.34454368888888887,1.4316795555555555,4.5761800444444445,0.0012678666666666666,0.2293908,4.1633063111111115,0.010868355555555558,0.3743629333333333,0.6052851555555556,0.11295804444444445,0.36601177777777777,0.010956755555555557,0.0,0.10174284444444444,0.03810906666666667,-0.004763377777777781,0.032467022222222225,0.17462244444444444,0.039020622222222225,0.006322444444444445,0.002251466666666667,0.010201813333333332,0.01693472126984127,0.1788665619047619,0.005085364444444445,0.00047945047619047624,0.821582660952381,79200.0,79259.0,875.3536355555556,36.89179111111111,463.67245777777777,90.38426666666666,4.896875555555555,0.16198222222222222,0.03092,25.645743106666668,24.656891560000002,23.654522164444447,23.601300746666666,23.299244373333334,22.522384324444445,21.87955451111111,21.689475675555556,21.298595942222224,21.497516808888886,22.30154787111111,24.396204151111114,26.195956128888888,26.514073106666668,22.81261579111111,76.32823834222222,25.31653715111111,6.696325097777778,2.4492681199999997,0.33312501777777775,0.1841047822222222,0.08943748444444445,0.061176528888888894,0.04552803111111111,0.03273799111111111,0.02353851111111111,0.020470671111111113,0.01809001777777778,0.015623275555555555,0.016172155555555557,0.016720000000000002,0.015313386666666666,0.013288524444444444,0.009348337777777778,0.008278764444444444,0.013418586666666666,8501848.533333333,1962.055911111111,,,,0.036,,,,,,,,0.09133333333333332,3.2313333333333336,0.6449999999999999,,0.028999999999999998,0.3443333333333334,,,,,5.244,0.24033333333333334,,0.03533333333333333,,0.015333333333333334,0.015666666666666666,1.0046666666666666,1.9529999999999998,,0.03766666666666667,0.21966666666666668,1.7303333333333333,0.061,,0.4033333333333333,0.10700000000000001,0.17366666666666664,1.2896666666666667,,,0.09233333333333334,0.011666666666666667,0.019666666666666666,,,,,0.04666666666666666,0.033666666666666664,,,,0.2643333333333333,,,4.038266088888888,1762.0834,1699.795,0.9814020259752528
2024-08-02 16:15:00,2024-08-02 22:15:00,78.86977777777777,1.0,0.023867323492063497,0.4039405288888889,0.005465734920634921,0.029495880634920636,1.0672943066666667,0.007912884,0.009596573333333334,0.029475244444444444,3.0175422222222222e-24,2.541111111111111e-05,3.9867911111111114e-05,0.00039374755555555556,1.1978986666666667e-24,3.1486355555555555e-05,0.001978266666666667,0.0013062977777777778,4.265524444444444e-07,0.10620533333333333,0.00808176,0.02062408888888889,0.16473333333333334,3.457053333333334e-05,2.036311111111111e-05,0.174,1308.5977777777778,2.1796444444444445,0.05137777777777778,2.1796444444444445,40.734338755555555,-111.87211,314.68955555555556,11.169333333333332,879.2608888888889,86.07528888888889,0.8097777777777778,420542.5777777778,2003.7351111111113,200.924,8935570.696444444,0.0006971107936507937,0.00019400190476190476,0.000996439365079365,0.00010549809523809524,0.00018963699633699633,5.457142857142857e-05,,0.208758,1.498883111111111,3.0310546666666665,8.445929244444445,0.33796044444444445,1.5711919555555556,2.5462890222222225,0.0019169777777777778,0.24146008888888887,4.260513022222223,0.010906533333333334,0.3605380888888889,0.60753,0.15127053333333335,0.49802586666666665,0.008092355555555555,0.0,0.13838724444444445,0.048833244444444444,-0.0021036444444444465,0.04152857777777778,0.23087537777777778,0.04127186666666667,0.00477088888888889,0.0024951111111111107,0.009899312063492063,0.01580354380952381,0.17935294126984128,0.004734033968253969,0.00034833873015873015,0.7444210838095238,80100.0,80159.0,875.1570133333333,37.556439999999995,461.5322622222222,89.64410222222223,4.903546666666667,0.16342222222222222,0.030497777777777776,25.78225084,24.755554204444444,23.762531626666668,23.554827248888888,23.286541302222222,22.51043210222222,21.881648373333334,21.602685608888887,21.21385132444444,21.39406864,22.25048592888889,24.50910766666667,26.08444838222222,26.53394708,22.851457395555556,75.10356931999999,24.72785236,6.409235342222222,2.3993901333333336,0.3307659955555556,0.17827162222222223,0.08427852444444445,0.06102031111111111,0.04419857333333333,0.03254405777777778,0.022191733333333335,0.018747359999999998,0.021562773333333334,0.013056173333333334,0.017613186666666666,0.02302645777777778,0.013382008888888889,0.01853372888888889,0.011466684444444446,0.01216108888888889,0.015548093333333334,8859235.288888888,1962.5251555555556,,,,0.032624999999999994,,,,,,,,0.08304166666666665,3.0124166666666667,0.5997499999999999,,0.03,0.3576666666666667,,,,,4.674250000000001,0.22379166666666667,,0.036291666666666667,,0.015416666666666667,0.01608333333333333,0.9185833333333333,1.797625,,0.034708333333333334,0.20220833333333332,1.5965416666666665,0.056499999999999995,,0.36979166666666663,0.09712500000000002,0.15583333333333332,1.1852083333333334,,,0.08454166666666668,0.011958333333333335,0.02033333333333333,,,,,0.04408333333333333,0.03245833333333334,,,,0.24554166666666666,,,4.015195822222222,1755.8334,1692.368,0.9791040565421393
2024-08-02 16:30:00,2024-08-02 22:30:00,80.05866666666667,1.0,0.024189093968253972,0.4132235711111111,0.005501620634920636,0.030418929841269843,1.0389434695238098,0.007556235999999999,0.009382893333333333,0.028963155555555557,1.6739333333333332e-24,2.3984044444444445e-05,3.817164444444445e-05,0.00037728888888888886,6.313697777777778e-25,2.839871111111111e-05,0.0019098133333333334,0.0012656177777777779,3.9517911111111116e-07,0.10478222222222223,0.007851128888888888,0.02039897777777778,0.16269199999999998,3.294568888888889e-05,1.8285955555555555e-05,0.174,1309.9217777777778,1.9445777777777777,0.05288888888888889,1.9445777777777777,40.73434,-111.87211,314.438,11.247111111111112,879.0466666666667,88.75057777777778,0.6053333333333334,420706.3555555556,2004.2111111111112,203.45600000000002,8976122.145777777,0.0006242041269841269,0.00024923492063492065,0.0010303904761904763,0.00010701047619047619,4.259408924408925e-05,1.5020000000000002e-05,,0.22249702222222223,1.6390955555555557,3.2209017777777778,8.716649120374068,0.3388992995874496,1.673971251104451,2.0705979683871685,0.001972677439227439,0.2415019726014726,4.382931857836608,0.011370004277204278,0.4172814102323602,0.6057516162023161,0.13262553591223594,0.4350411882820883,0.009222518494468495,0.0,0.12890985741110741,0.046211642992192985,-0.003935073088023091,0.04074893495023495,0.21608396109076108,0.04602067426462427,0.0065150581067081065,0.0026475596496096493,0.01042706126984127,0.015188443492063494,0.17861263142857145,0.004731511428571428,0.0004012050793650793,0.7442218907936509,81000.0,81059.0,874.9318088888889,38.30796,466.32315555555556,90.22755555555554,4.938408888888889,0.16333777777777778,0.03064,26.42278393333333,25.53881646222222,24.410505688888886,24.157481644444445,23.55248922222222,22.817421613333334,22.09992254222222,21.671821524444447,21.322408399999997,21.612393555555556,22.416931995555554,24.484016897777778,26.238324657777778,26.754167244444442,22.96658767111111,75.50837199555555,24.561896737777776,6.405535595555556,2.4316472577777777,0.3592782666666666,0.17634732,0.08370006666666667,0.060419297777777776,0.04511606666666667,0.03389193777777778,0.021855866666666664,0.021333937777777777,0.018027542222222224,0.015541404444444443,0.020036435555555555,0.02352560888888889,0.014531644444444445,0.016796977777777777,0.009890404444444445,0.0116998,0.017514973333333336,8929039.733333332,1962.7578666666668,,,,0.029249999999999998,,,,,,,,0.07474999999999998,2.7935000000000003,0.5544999999999999,,0.031,0.371,,,,,4.1045,0.20725,,0.03725,,0.0155,0.0165,0.8325,1.6422499999999998,,0.03175,0.18475000000000003,1.4627499999999998,0.05199999999999999,,0.33624999999999994,0.08725000000000002,0.13799999999999996,1.08075,,,0.07675000000000001,0.01225,0.020999999999999998,,,,,0.041499999999999995,0.03125,,,,0.22675,,,4.170013244444444,1749.5834,1683.3792,0.9624394283851041
2024-08-02 16:45:00,2024-08-02 22:45:00,80.24355555555556,1.0,0.023398928888888886,0.4005338355555556,0.004611844444444444,0.024656257777777777,1.0302587733333335,0.007226076888888889,0.00913420888888889,0.028357911111111113,1.0011333333333334e-24,2.2429955555555555e-05,3.628128888888889e-05,0.0003589848888888889,3.635853333333333e-25,2.5235733333333333e-05,0.0018325155555555556,0.0012192577777777778,3.620231111111111e-07,0.10307688888888888,0.0075866311111111116,0.020126444444444443,0.16022044444444444,3.116062222222222e-05,1.6168533333333333e-05,0.174,1310.2666666666667,1.9978222222222222,0.05084444444444445,1.9978222222222222,40.73434,-111.87211,314.40866666666665,11.484,878.8946666666667,82.75826666666667,0.6426666666666667,420472.71111111116,2008.042222222222,202.73466666666667,9266432.26,0.000705292268842269,0.0003085644444444444,0.0010447333333333333,8.712888888888888e-05,,-1.888888888888889e-06,,0.2132064325896326,1.6408885814000815,3.231089820346321,8.526310946216746,0.3394808016465017,1.5271068329096829,1.9287014872664372,0.0025577104229104228,0.2239818512117512,4.287764861168461,0.01313783291893292,0.4110103329355829,0.5918029685980686,0.12168600155215155,0.2971080303770304,0.011432746823546825,0.0,0.09192977656787657,0.03731226232841233,0.0013499481758981714,0.034713758474858476,0.20804217183742182,0.043023923602323606,0.003851725924075924,0.002998450608650609,0.010584902222222222,0.015435546666666666,0.17775251111111112,0.004661897777777778,0.0004702577777777778,0.74013212,81900.0,81959.0,874.7628266666667,38.75982222222222,472.41434666666663,90.58703555555556,4.865115555555556,0.1604311111111111,0.03056,27.29209127111111,26.183946684444443,24.982325613333334,24.713826217777775,24.141814417777777,23.23939933333333,22.471273853333333,21.991385404444443,21.556193253333333,21.608085084444443,22.595967533333333,24.66697106666667,26.61803276,27.147666155555555,23.109917408888887,75.82956098666666,24.626829724444445,6.3377264844444445,2.4095107600000003,0.3334139155555556,0.17594350666666667,0.08489807555555555,0.05948931555555556,0.03770724,0.03337900444444444,0.02038174222222222,0.019488448888888888,0.012626159999999999,0.01806579111111111,0.017280426666666668,0.023254897777777776,0.01559128,0.009559777777777778,0.00912348,0.0076768355555555555,0.013830066666666667,9202687.466666667,1965.8988000000002,,,,0.025874999999999995,,,,,,,,0.06645833333333331,2.574583333333334,0.5092499999999999,,0.032,0.38433333333333336,,,,,3.534749999999999,0.19070833333333337,,0.03820833333333333,,0.015583333333333334,0.016916666666666667,0.7464166666666665,1.486875,,0.028791666666666667,0.16729166666666667,1.3289583333333335,0.0475,,0.30270833333333336,0.077375,0.12016666666666664,0.9762916666666668,,,0.06895833333333334,0.012541666666666666,0.021666666666666667,,,,,0.03891666666666666,0.030041666666666668,,,,0.2079583333333333,,,4.1868244,1743.3334,1672.3057,0.9524750555362884
2024-08-02 17:00:00,2024-08-02 23:00:00,78.38711111111111,1.0,0.02213608,0.3308244222222222,0.005092244444444445,0.013869884444444446,0.9643394755555557,0.006697304444444444,0.00884784888888889,0.027650888888888888,6.386942222222222e-25,2.0760444444444444e-05,3.4196044444444445e-05,0.00033887244444444445,2.2662444444444445e-25,2.2062088888888888e-05,0.001746168888888889,0.001166977777777778,3.276155555555555e-07,0.10105115555555555,0.007286608888888889,0.019799288888888888,0.15726933333333334,2.9221511111111114e-05,1.4060177777777777e-05,0.174,1309.4906666666668,2.380088888888889,0.048622222222222226,2.380088888888889,40.73434,-111.87211,314.0228888888889,11.66311111111111,878.7919999999999,71.94004444444445,0.5266666666666667,420395.2124542124,2012.763076923077,203.5818315018315,9403665.013919413,0.0006946935538667681,0.00018410361971361972,0.0009921466666666667,9.719555555555555e-05,,-0.00012631111111111113,,0.27633413190883194,2.0539009382469384,3.602137936840937,8.091425244444444,0.33683497777777777,1.246220888888889,1.6793916444444443,0.0018652,0.20249044444444445,4.107419511111111,0.012080800000000001,0.40959053333333334,0.5720391555555556,0.09540906666666667,0.16444342222222222,0.008642044444444445,0.0,0.07211728888888888,0.02944311111111111,-0.0031107555555555575,0.0261968,0.1711482222222222,0.031058844444444445,0.004758844444444444,0.0019527555555555558,0.009898844444444445,0.015510337777777779,0.1757602977777778,0.0045451599999999995,0.00041857777777777784,0.7256621555555556,82800.0,82859.0,874.6031555555556,38.06531555555556,471.62566222222216,90.13019111111112,4.786035555555555,0.15870666666666666,0.03015111111111111,27.100333644444444,25.924616675555555,24.666732622222224,24.570688684444445,24.138437044444444,23.236715293333337,22.561833342222222,22.121490951111113,21.766421266666665,21.79916831111111,22.70850636,24.976988666666667,26.72933936,27.20808624888889,23.181564911111114,75.13230186222222,24.24485227111111,6.25783616,2.410812448888889,0.3376494666666667,0.19107282666666667,0.0866123288888889,0.05499945333333333,0.03803160444444444,0.026475488888888888,0.01902189777777778,0.019173622222222225,0.016012493333333336,0.015190137777777777,0.013877542222222223,0.022460951111111113,0.011563928888888889,0.009936720000000001,0.007900017777777777,0.00686844,0.012148724444444444,9314350.977777777,1969.9194666666667,,,,0.022499999999999992,,,,,,,,0.058166666666666644,2.355666666666667,0.46399999999999986,,0.033,0.39766666666666667,,,,,2.965,0.1741666666666667,,0.03916666666666667,,0.015666666666666666,0.017333333333333333,0.6603333333333332,1.3314999999999997,,0.025833333333333333,0.14983333333333337,1.1951666666666667,0.043,,0.26916666666666667,0.0675,0.10233333333333328,0.8718333333333335,,,0.061166666666666675,0.012833333333333334,0.02233333333333333,,,,,0.03633333333333333,0.028833333333333336,,,,0.18916666666666665,,,4.023412488888889,1757.5,1658.5312,0.9191250067856591
2024-08-02 17:15:00,2024-08-02 23:15:00,77.68222222222222,1.0,0.024442684444444446,0.3597434711111111,0.005667408888888889,0.016178857777777774,0.9929127777777779,0.006461649777777778,0.008519422222222222,0.026826044444444443,4.304786666666667e-25,1.8986044444444447e-05,3.191964444444445e-05,0.00031691511111111106,1.5115688888888889e-25,1.8937511111111112e-05,0.00165028,0.0011082577777777778,2.923368888888889e-07,0.09866013333333333,0.006947964444444444,0.019409333333333334,0.15378,2.7133111111111112e-05,1.1996266666666667e-05,0.174,1309.5728888888889,2.945822222222222,0.04835555555555556,2.945822222222222,40.73434,-111.87211,313.7388888888889,12.214222222222222,878.5817777777778,87.30257777777777,0.7248888888888889,420900.4793650794,2015.4095555555555,206.34511111111112,9821864.104825398,0.00073672,0.00010064825396825397,0.000992711111111111,0.00012167111111111111,0.0001397208633958634,-0.00020956000000000002,,0.2760688,2.216115555555555,3.7830044444444444,8.1344016,0.3367379555555556,1.2362389333333332,1.867335377777778,0.0013857333333333333,0.20171911111111113,4.080130488888889,0.016876088888888887,0.3407669777777778,0.5826353333333334,0.0836516888888889,0.1972519111111111,0.006414133333333333,0.0,0.08745124444444445,0.03264377777777778,-0.0037987555555555577,0.026904177777777778,0.17142288888888887,0.03308026666666666,0.0059814222222222225,0.0025221333333333333,0.009987426666666667,0.016044093333333332,0.17111263555555556,0.00497976,0.0003495066666666667,0.744045768888889,83700.0,83759.0,874.3840977777778,36.946217777777775,477.61376,91.2890888888889,4.8409377777777785,0.15852888888888889,0.03055111111111111,27.249146297777777,26.31245692,24.909777893333334,24.981683653333334,24.413032551111108,23.434987635555554,22.779333422222223,22.255103284444445,21.97847973777778,22.061106404444445,22.900053373333332,25.217167933333332,27.308505297777778,27.806172986666663,23.618716511111113,76.2203422088889,24.46079794222222,6.349948960000001,2.4610940044444445,0.33873528444444445,0.19419857777777777,0.08371894222222222,0.06018348444444444,0.040140124444444446,0.029420453333333332,0.018257826666666664,0.017808591111111112,0.015829057777777777,0.014348551111111111,0.013977991111111112,0.020076226666666665,0.015178284444444443,0.011385973333333332,0.004999773333333333,0.007941088888888889,0.009644257777777778,9724068.933333334,1972.0701333333332,,,,0.019125000000000003,,,,,,,,0.049874999999999975,2.13675,0.41874999999999984,,0.034,0.41100000000000003,,,,,2.3952500000000008,0.15762500000000002,,0.040124999999999994,,0.01575,0.017750000000000002,0.5742499999999999,1.1761249999999999,,0.022875,0.13237500000000002,1.061375,0.03849999999999999,,0.23562499999999997,0.05762500000000001,0.08449999999999996,0.7673749999999999,,,0.053375000000000006,0.013125000000000001,0.023,,,,,0.033749999999999995,0.027625,,,,0.170375,,,4.001994666666667,1795.0,1641.3807,0.9300061664743375
2024-08-02 17:30:00,2024-08-02 23:30:00,77.92266666666666,1.0,0.023351791111111117,0.3684519066666666,0.005727155555555555,0.01870637777777778,1.0268169377777778,0.005906288444444445,0.008144351111111111,0.025867066666666667,3.041337777777778e-25,1.7122e-05,2.9449066666666666e-05,0.00029312177777777776,1.0666111111111112e-25,1.5916444444444445e-05,0.0015444044444444444,0.0010424875555555555,2.5665555555555556e-07,0.09584106666666667,0.00656764,0.018944044444444443,0.149648,2.4903644444444442e-05,1.0014724444444443e-05,0.174,1309.3519999999999,2.9191111111111114,0.04800000000000001,2.9191111111111114,40.73434,-111.87210995555556,313.26599999999996,12.445777777777778,878.3706666666666,88.84608888888889,0.7591111111111111,420936.8,2015.2333333333333,207.996,10037077.363111112,0.0009553511111111112,0.0001638625768675769,0.0008616622222222222,0.00011794222222222224,0.00017027372405372407,-1.7733333333333345e-06,,0.23449715555555556,2.1010582222222225,3.629462666666667,8.467829244444443,0.33170577777777777,1.3466123111111112,2.0245400888888887,0.0023017333333333334,0.21383866666666668,4.1893771555555555,0.01937328888888889,0.3694070666666667,0.5726207555555555,0.09101844444444444,0.2050407111111111,0.007295466666666667,0.0,0.08014524444444444,0.03553928888888889,-0.004389200000000001,0.02969742222222222,0.2482563111111111,0.03925737777777778,0.006625377777777777,0.0029340444444444446,0.00990496888888889,0.01554732888888889,0.16427018222222223,0.005038071111111111,0.0003085333333333333,0.7391057200000001,84600.0,84659.0,874.2037644444445,35.36910222222222,487.0185288888889,93.41991555555555,5.01932,0.16062666666666667,0.03134222222222222,28.331281960000002,27.12693605333333,25.83248257777778,25.415963755555556,24.779977226666666,23.87337856,23.10514973777778,22.66461584888889,22.18634032,22.382034626666666,23.305225675555555,25.46743701777778,27.419827524444443,27.911409182222222,23.90224712888889,77.90563704888889,25.436254795555556,6.516414515555556,2.5004536666666666,0.35706791555555556,0.19832873333333334,0.08696364,0.05800835111111111,0.03968300888888889,0.034195302222222224,0.026165551111111112,0.021783813333333332,0.01917348,0.018965697777777776,0.016866253333333334,0.019049164444444443,0.015308035555555556,0.012004542222222222,0.01164048,0.007271715555555556,0.012894711111111111,9964576.444444444,1971.0777333333333,,,,0.01575,,,,,,,,0.041583333333333306,1.9178333333333342,0.37349999999999983,,0.034999999999999996,0.42433333333333334,,,,,1.8255,0.14108333333333334,,0.04108333333333333,,0.015833333333333335,0.018166666666666664,0.4881666666666664,1.0207499999999996,,0.019916666666666666,0.11491666666666667,0.9275833333333332,0.034,,0.2020833333333334,0.047750000000000015,0.0666666666666666,0.6629166666666668,,,0.04558333333333334,0.013416666666666667,0.023666666666666666,,,,,0.031166666666666662,0.026416666666666668,,,,0.1515833333333333,,,4.006425377777777,1832.5,1620.1608,0.8993014910141915
2024-08-02 17:45:00,2024-08-02 23:45:00,76.76044444444445,1.0,0.015702244444444444,0.32422683555555554,0.005525609523809524,0.013481810476190476,1.0125723733333334,0.004464425333333333,0.007717128888888888,0.024757333333333336,2.2354044444444446e-25,1.5183377777777778e-05,2.6796e-05,0.00026757022222222225,7.870053333333334e-26,1.3057244444444445e-05,0.0014282577777777778,0.0009696671111111111,2.2113377777777777e-07,0.09252297777777778,0.006142413333333333,0.01839151111111111,0.14476311111111112,2.254471111111111e-05,8.157964444444446e-06,0.174,1308.7497777777778,3.3280000000000003,0.048133333333333334,3.3280000000000003,40.73434,-111.87210871111112,312.47444444444443,12.747555555555556,878.24,98.60795555555555,0.7351111111111112,421281.3333333334,2015.6942222222222,208.96222222222224,9993926.439555556,0.0008982755555555555,0.00024250222222222222,0.0008824888888888889,0.00012062222222222222,0.00022843555555555556,2.2782222222222225e-05,,0.2054967111111111,2.29424,3.6688773333333335,8.455289288888888,0.33200915555555555,1.3192328888888887,2.1125746666666667,0.0027355555555555553,0.20546546666666668,4.108664355555556,0.01910368888888889,0.4160479111111111,0.5344036888888889,0.08538413333333333,0.21164506666666666,0.007224355555555556,0.0,0.07735942222222222,0.036464755555555554,0.000551511111111109,0.02423711111111111,0.21239164444444442,0.03666133333333333,0.007131866666666667,0.0030377333333333335,0.00916680888888889,0.014479844444444443,0.1564989066666667,0.004614253333333334,0.00025896888888888886,0.6840487022222222,85500.0,85559.0,874.0545688888889,35.38635555555556,486.0200711111111,94.0608888888889,5.11752,0.16251111111111113,0.03191555555555556,27.686127062222223,26.695484386666667,25.54953136,25.114794075555555,24.781101875555557,23.742959693333333,22.961533435555555,22.73767536,22.045115622222223,22.38292270222222,23.10341993333333,25.359801524444443,27.06212218222222,27.69804503111111,23.84328580888889,78.94366898222223,26.141157555555555,6.636504942222222,2.549062888888889,0.36142714666666664,0.20638070666666666,0.09011714666666666,0.05899129333333333,0.04478847111111111,0.03784536444444444,0.023474053333333335,0.02009057333333333,0.01690523111111111,0.02052072888888889,0.01766795111111111,0.021694688888888886,0.017053906666666667,0.013680915555555557,0.008282711111111112,0.009634911111111111,0.01715354222222222,9896943.41904762,1971.5851396825396,,,,0.012374999999999997,,,,,,,,0.033291666666666636,1.6989166666666673,0.32824999999999993,,0.036,0.4376666666666667,,,,,1.255749999999999,0.12454166666666666,,0.042041666666666665,,0.015916666666666666,0.018583333333333334,0.4020833333333331,0.8653749999999998,,0.01695833333333334,0.09745833333333337,0.7937916666666665,0.0295,,0.1685416666666667,0.03787500000000002,0.048833333333333284,0.5584583333333337,,,0.03779166666666667,0.013708333333333333,0.024333333333333332,,,,,0.02858333333333333,0.025208333333333336,,,,0.13279166666666664,,,3.877724273015873,1870.0,1594.2054,0.7268194260236476
2024-08-02 18:00:00,2024-08-03 00:00:00,75.49380315980315,1.0,0.018919379285714286,0.361928260026455,0.0066283545502645504,0.017883162195767195,1.0838561265343916,0.003646168891682392,0.006741584116809116,0.022093584606134604,1.4736037519887523e-25,1.196301541051541e-05,2.1876477466977467e-05,0.00021969304092204093,5.232712361712362e-26,9.241221395086395e-06,0.0011961598146298146,0.0008172787536352537,1.6767076756576758e-07,0.08445331825581825,0.005228039403004403,0.01709173739038739,0.1330157093832094,1.8311062691012688e-05,5.7249648288748285e-06,0.261,1308.085385151885,2.71364731009731,0.04585751470751471,2.71364731009731,40.73434,-111.87210927357827,311.35054939504937,13.585311706811707,878.1,81.05909033559034,0.7165908720908721,422431.7104969105,2016.8748381618382,214.89395521145522,10238140.084330078,0.0009310221693121693,0.0002930154232804233,0.0008662519841269842,9.674923280423279e-05,0.00020734068783068784,0.00013402420634920633,,0.37187242590927594,3.2065281759536757,4.9114346196211205,8.641044091523293,0.33494411953971953,1.4848573063122064,2.7071323645650645,0.00265520162985163,0.22913237595922595,4.221005853315203,0.015432296795796796,0.46284721251156247,0.5736549544677545,0.12270957942427942,0.34269882331742335,0.012258445243645244,0.0,0.11270243601028601,0.04306438107078107,-0.005917381196581196,0.03258278071373071,0.2902738068727569,0.049235769510119515,0.008466825343175341,0.004137035951085951,0.009773637169312168,0.016428728597883597,0.17966723058201062,0.005028469973544973,0.0002662398148148148,0.6660570878306878,210.0,269.0,873.9188992686943,34.7293507997558,493.1078505673956,96.0122566992267,5.2790762145262145,0.16435852998852998,0.032851297961297966,28.048773856921965,27.247314259959857,26.008959496148297,25.470917399605394,24.824824473850036,24.18196917126984,23.241838150825103,23.00699030298387,22.32141919308432,22.714940267630517,23.40671557880268,25.41759211795316,27.055686253131316,27.551016906118143,24.258524329049468,80.86293166768472,26.888956222513045,6.90607439451641,2.6114551766801717,0.386564967976653,0.19940394266529765,0.09922208213009213,0.08342392276094276,0.05908906163891663,0.035075253758648756,0.03294781319014319,0.02165022896103896,0.02324158648592149,0.025884465401820402,0.02020311872830873,0.025294225492470495,0.022585822003737002,0.01835587392181892,0.004624091366966367,0.0077585434787434794,0.01562985605172605,10183249.3000259,1972.3549279997778,5.922,0.457,0.131,0.009,0.001,0.075,0.45,0.213,0.082,0.01,0.029,0.025,1.48,0.283,0.236,0.037,0.451,,0.197,0.038,0.059,0.686,0.108,0.211,0.043,0.009,0.016,0.019,0.316,0.71,0.002,0.014,0.08,0.66,0.025,0.044,0.135,0.028,0.031,0.454,0.005,,0.03,0.014,0.025,0.002,0.015,0.008,0.006,0.026,0.024,0.073,0.021,0.003,0.114,0.089,0.015,4.044179211420062,1859.6666,1553.9061,0.6974256715791094
2024-08-02 18:15:00,2024-08-03 00:15:00,76.41244444444445,1.0,0.01566329226190476,0.3537682242559524,0.006236183333333334,0.019482504464285715,1.0753797375,0.004516197333333333,0.0062790933333333335,0.020788355555555558,1.2171933333333334e-25,1.047180888888889e-05,1.96092e-05,0.0001976502222222222,4.34632e-26,7.542240000000001e-06,0.0010888604444444444,0.0007472564444444444,1.4325555555555557e-07,0.08021333333333333,0.004805439999999999,0.01634591111111111,0.12666533333333332,1.636182222222222e-05,4.650586666666667e-06,0.261,1307.8964444444443,3.1448888888888886,0.04582222222222222,3.1448888888888886,40.73434075555556,-111.87210924444445,311.04466666666667,13.891555555555556,878.08,74.33848888888889,0.7324444444444445,421838.6222222222,2017.6053333333334,214.56133333333335,10338085.065333335,0.0010096424107142858,0.0002711495535714286,0.0008741778273809524,0.00010098363095238096,0.00024867886904761903,0.00022477604166666666,,0.2635128888888889,2.9439524444444447,4.358923111111111,8.409167377777779,0.3360780888888889,1.5268466222222223,2.6492666666666667,0.005425288888888889,0.2800728888888889,4.1853528,0.018978355555555555,0.5436519555555556,0.5442501777777778,0.10727866666666667,0.2307828,0.006003155555555555,0.0,0.08464702222222222,0.03673991111111111,-0.0028817777777777774,0.03904986666666667,0.22813551111111113,0.06576706666666667,0.006363733333333333,0.003640844444444444,0.009848504017857144,0.016131397023809526,0.1864522784226191,0.0048952864583333335,0.0002763379464285714,0.655014417857143,900.0,959.0,873.8857733333333,34.21577333333333,652.7499688888889,117.16836888888889,6.0662488888888895,0.15932000000000002,0.037671111111111114,47.80596054222222,44.04831784444445,40.65870865777777,39.10181838222222,36.97890889777778,34.435965440000004,32.4457654,30.92058871111111,29.571092164444444,29.000166528888887,29.169620288888886,31.19888652,33.07675744,32.768862355555555,27.934117053333335,91.76475353777778,29.89706889333333,7.7958343377777775,3.0166377866666667,0.4393499688888889,0.24406568444444446,0.10984016888888888,0.08290296888888889,0.05330331555555556,0.03818767555555556,0.03292082222222222,0.022100644444444442,0.019053866666666665,0.01897529777777778,0.015319844444444444,0.026993155555555554,0.014381604444444444,0.014712164444444445,0.007537911111111111,0.0076704,0.012919835555555556,10248481.51111111,1972.9716444444446,,,,0.008875,,,,,,,,0.0246875,1.48125,0.2771875,,0.035375,0.5234375,,,,,0.709125,0.105875,,0.049749999999999996,,0.0153125,0.018375,0.3056875,0.6846875,,0.0138125,0.079125,0.6385625,0.0249375,,0.1304375,0.027375,0.029875,0.4373125,,,0.0296875,0.0134375,0.024125,,,,,0.025062499999999998,0.023125,,,,0.1105,,,4.349040888888889,1794.6666,1505.0394,0.9398093272069432
2024-08-02 18:30:00,2024-08-03 00:30:00,75.43022222222223,1.0,0.012803030555555555,,,,0.9625112237528345,0.003940106222222222,0.0056243111111111115,0.018897422222222224,9.54808e-26,8.57372e-06,1.661626666666667e-05,0.0001684151111111111,3.43664e-26,5.582328888888889e-06,0.0009437266666666667,0.0006513417777777778,1.1339217777777778e-07,0.07397515555555555,0.004221257777777778,0.015234666666666667,0.11724044444444444,1.3812666666666667e-05,3.4249511111111113e-06,0.261,1308.515111111111,2.9436444444444443,0.047377777777777776,2.9436444444444443,40.73434057777778,-111.87211,311.45177777777775,13.72711111111111,878.0053333333333,94.37924444444444,0.6182222222222222,420810.0,2019.172888888889,212.1568888888889,10339955.916000001,0.0009671554846938776,,0.0009478882794784581,,,,,0.18529635111111112,2.131186222222222,3.340161333333333,7.852631736550487,0.33357828350723356,1.35527420006105,2.2023977503940504,0.003021495591445591,0.2086513777833278,4.08218051952492,0.01661047751877752,0.5760990945350944,0.5245680261405262,0.09135687947607948,0.15034505394235392,0.00501475592000592,0.0,0.07306785914085913,0.03209998036038036,-0.001256521025271025,0.03352558655788655,0.19378511556776556,0.05061571957301957,0.005058067388167388,0.003159770024420025,,0.014641439172335603,,,,,1800.0,1859.0,873.82992,34.84261777777778,577.0312133333334,107.99448888888888,5.71516,0.16045777777777778,0.036026666666666665,37.394223804444444,35.13097622222222,33.03450864888889,32.370297613333335,31.057624111111114,29.29630168,28.063495284444446,27.14788604888889,26.296105417777778,26.006784737777778,26.5901796,28.47018717777778,30.39947642222222,30.65095820888889,26.22407348888889,88.04802305777778,29.180441644444446,7.598413693333333,2.92765564,0.4346023955555556,0.2404860488888889,0.11209676888888889,0.07891278666666666,0.051075902222222226,0.04109826222222222,0.028981582222222226,0.021076324444444447,0.020234946666666663,0.018142044444444446,0.016861955555555554,0.024089653333333336,0.016277853333333335,0.011842693333333333,0.007959195555555555,0.008236808888888888,0.011610942222222224,10256519.6,1974.6381333333334,,,,0.008749999999999999,,,,,,,,0.024375,1.4825,0.271375,,0.033749999999999995,0.595875,,,,,0.7322500000000001,0.10375,,0.056499999999999995,,0.014625,0.01775,0.295375,0.6593749999999999,,0.013625,0.07825,0.617125,0.024875,,0.12587500000000001,0.02675,0.028749999999999998,0.420625,,,0.029375,0.012875000000000001,0.02325,,,,,0.024125,0.02225,,,,0.107,,,3.824814755555556,1729.6666,1458.7821,0.9333962599878076
2024-08-02 18:45:00,2024-08-03 00:45:00,73.77600000000001,1.0,0.009942768849206349,,,,0.8496427100056689,0.0032024408888888887,0.004906844444444444,0.016767288888888888,7.561386666666667e-26,6.776648888888889e-06,1.3637911111111111e-05,0.00013915288888888887,2.744173333333333e-26,3.956817777777778e-06,0.0007940866666666667,0.000551024,8.655746666666667e-08,0.06674986666666666,0.003601666666666667,0.013925066666666668,0.10625982222222222,1.1303724444444446e-05,2.4227022222222224e-06,0.261,1308.4315555555554,2.3279555555555556,0.048622222222222226,2.3279555555555556,40.73434,-111.87211066666667,310.9895555555555,13.861777777777778,877.9102222222223,93.07631111111111,0.5920000000000001,421246.1777777778,2020.1497777777777,208.19511111111112,10256665.684,0.0009246685586734694,,0.0010215987315759637,,,,,0.17551621120879118,2.2993702564102563,3.4573786593406597,7.763391775798277,0.34187006503866507,1.2147248359233358,1.9943885322973323,0.003058837532837533,0.20092673525363525,4.002362248912199,0.015271496388796388,0.47529178958263957,0.4972619878991379,0.10376827228142228,0.16565970027935026,0.011269898403448404,0.0,0.08918180725940726,0.04093152745957746,0.0002885377529877531,0.03079955764235764,0.17862138577903577,0.04338636175121176,0.003594337442187442,0.004090558097458097,,0.013151481320861679,,,,,2700.0,2759.0,873.7270133333334,36.40220444444444,508.68304,99.40496,5.323324444444444,0.1602577777777778,0.034146666666666665,28.0443644,27.19480307111111,25.96498994222222,25.851607528888888,25.621629764444442,24.846762102222222,24.008712746666667,23.63966364,23.328971222222222,23.428683697777778,24.217372577777777,26.33486921777778,28.132327102222224,28.65895779555556,25.002592684444444,84.77596559111112,28.468850857777777,7.299033844444446,2.816886551111111,0.3947255422222222,0.23426994222222222,0.10378962222222222,0.06854269777777779,0.05123955555555556,0.035207902222222226,0.020783879999999998,0.020410764444444444,0.016355902222222222,0.016195844444444444,0.015030226666666667,0.018680711111111113,0.0146436,0.011359448888888889,0.008056017777777778,0.005673844444444445,0.01101896888888889,10159520.97777778,1975.9427999999998,,,,0.008624999999999999,,,,,,,,0.0240625,1.48375,0.2655625,,0.032125,0.6683125000000001,,,,,0.755375,0.101625,,0.06325,,0.0139375,0.017125,0.2850625,0.6340625,,0.0134375,0.077375,0.5956875,0.0248125,,0.1213125,0.026125,0.027625,0.4039375,,,0.029062499999999998,0.0123125,0.022375,,,,,0.0231875,0.021375,,,,0.10350000000000001,,,3.6471172,1664.6666,1406.3931,0.8891552676230139
2024-08-02 19:00:00,2024-08-03 01:00:00,71.10444444444444,1.0,0.007082507142857144,,,,0.7367741962585034,0.0029299706666666664,0.004132302222222222,0.014388266666666667,6.011177777777779e-26,5.134186666666667e-06,1.0768248888888888e-05,0.00011065666666666667,2.2001777777777783e-26,2.670142222222222e-06,0.0006436328888888889,0.0004487115555555556,6.331395555555555e-08,0.058413733333333336,0.0029587155555555553,0.01237928888888889,0.09349142222222222,8.904204444444445e-06,1.6396755555555557e-06,0.261,1308.439111111111,2.482088888888889,0.05168888888888889,2.482088888888889,40.73434,-111.87211440000002,310.87,14.430222222222222,877.7844444444444,87.7440888888889,0.7653333333333333,422073.6,2023.388,217.14977777777779,10725292.787111111,0.0008821816326530612,4.0400340136054426e-05,0.0010953091836734695,0.00012852755102040817,0.0004442054421768708,9.697108843537415e-05,,0.21022337979797978,3.145583375420875,4.450539782828283,8.899349155555557,0.3387224,1.4137885333333335,3.040485377777778,0.0029551555555555557,0.22309786666666664,4.158451866666667,0.017661777777777776,0.6987569777777778,0.5575084,0.09637533333333333,0.20416915555555554,0.0089872,0.0,0.09904844444444444,0.043926,-0.004250444444444445,0.03298195555555556,0.24681955555555557,0.054965688888888885,0.006076488888888888,0.005058844444444445,0.006478898299319728,0.011661523469387756,0.09191026700680273,0.004195359523809524,0.00012430238095238096,0.5815031789115646,3600.0,3659.0,873.58368,36.676275555555556,513.4673955555555,100.01657333333333,5.370146666666667,0.16048444444444446,0.03437777777777778,29.12956887111111,27.875698053333334,26.644719626666664,26.44297604888889,26.013026275555553,25.126840435555557,24.29568362666667,23.811378244444445,23.432913791111112,23.663286368888887,24.28314172888889,26.714853057777777,28.17130804888889,28.715558088888887,25.052235884444443,84.4097081511111,28.383290644444447,7.310962106666667,2.8593303733333335,0.4514893511111111,0.23232337333333333,0.10417723555555555,0.08290132444444445,0.047617431111111115,0.03634034666666666,0.02876663111111111,0.023588257777777778,0.01799672,0.017254737777777775,0.017433662222222222,0.020246813333333332,0.011110866666666667,0.01205656888888889,0.007508493333333334,0.007471133333333334,0.012595715555555557,10607694.88888889,1977.2999555555555,,,,0.008499999999999999,,,,,,,,0.02375,1.4849999999999999,0.25975,,0.0305,0.74075,,,,,0.7785000000000001,0.0995,,0.06999999999999999,,0.013250000000000001,0.0165,0.27475,0.60875,,0.01325,0.0765,0.57425,0.02475,,0.11675,0.025500000000000002,0.0265,0.38725,,,0.028749999999999998,0.01175,0.021500000000000002,,,,,0.02225,0.0205,,,,0.1,,,3.817086222222222,1627.6666,1348.1583,0.9902846730788585
2024-08-02 19:15:00,2024-08-03 01:15:00,70.66177777777779,1.0,0.010042455421245421,,,,0.8161885324566175,0.0018031355555555553,0.003315142222222222,0.011770924444444445,4.7666088888888895e-26,3.6977066666666666e-06,8.112871111111111e-06,8.392368888888889e-05,1.7603244444444447e-26,1.7050755555555555e-06,0.0004974186666666667,0.0003480591111111111,4.406035555555556e-08,0.04886924444444444,0.0023132177777777777,0.010557328888888889,0.07871182222222223,6.691342222222222e-06,1.0585413333333333e-06,0.261,1309.388,2.925511111111111,0.05284444444444445,2.925511111111111,40.73434,-111.87210933333334,310.08377777777775,14.34888888888889,877.7177777777778,91.52337777777778,0.6475555555555556,423056.26666666666,2021.724888888889,215.51955555555557,10322046.341777777,0.0008962672177822178,4.51179526029526e-05,0.0010224314024864026,0.00013882607226107228,0.0005069611878861878,0.0002564929028379029,,0.1587659470829171,2.82136770984571,4.023693199134199,8.71827822222222,0.3367375111111111,1.3261476444444444,4.0157153333333335,0.003001911111111111,0.21283337777777778,4.120909955555556,0.02095488888888889,0.6158147555555556,0.4562216,0.10033844444444444,0.17625168888888887,0.01044911111111111,0.0,0.10830746666666666,0.042081999999999994,-0.0024835555555555557,0.033026622222222225,0.22144186666666668,0.04853413333333333,0.005301244444444445,0.005327999999999999,0.00599785775058275,0.010077468956043957,0.0953531761223961,0.003986220542420542,9.01956265956266e-05,0.5197751069645169,4500.0,4559.0,873.5266977777777,36.55932444444444,517.0714488888889,100.72266222222223,5.403235555555556,0.16051555555555558,0.03470222222222222,29.097652933333332,27.956783106666666,26.543459213333335,26.600526444444444,26.30901460888889,25.37269779111111,24.416273293333333,24.088198115555553,23.766376515555557,23.96830850222222,24.727125937777778,26.959000266666667,28.395249564444445,28.838423044444443,25.021619826666665,84.98460497333332,28.670341773333334,7.34546828,2.8776571155555555,0.43237358666666664,0.24419532000000002,0.11231342666666667,0.07440413333333333,0.05413148444444445,0.036780711111111114,0.028587977777777777,0.025482031111111112,0.02114455111111111,0.015462737777777779,0.017122284444444448,0.022016426666666665,0.014879773333333334,0.009852435555555556,0.007320195555555556,0.006445608888888889,0.010104551111111111,10261496.044444444,1976.6375111111113,,,,0.008375,,,,,,,,0.0234375,1.48625,0.2539375,,0.028874999999999998,0.8131875,,,,,0.801625,0.097375,,0.07675,,0.0125625,0.015875,0.2644375,0.5834374999999999,,0.0130625,0.075625,0.5528125,0.0246875,,0.11218750000000001,0.024875,0.025374999999999998,0.3705625,,,0.0284375,0.0111875,0.020625,,,,,0.021312499999999998,0.019625,,,,0.0965,,,3.429085377777778,1622.6666,1284.6343,0.7794923473602907
2024-08-02 19:30:00,2024-08-03 01:30:00,69.60088888888889,1.0,0.01299201365079365,,,,0.9911999546031747,0.0015475888888888888,0.0024853866666666663,0.00898172,3.7419288888888894e-26,2.5091333333333332e-06,5.7788888888888884e-06,6.005791111111111e-05,1.3946044444444445e-26,1.0245648888888889e-06,0.00036189022222222225,0.0002539715555555556,2.894448888888889e-08,0.03815888888888889,0.0016956800000000002,0.008433431111111112,0.06189426666666667,4.748048888888889e-06,6.500982222222222e-07,0.261,1309.4475555555555,3.392977777777778,0.056488888888888894,3.392977777777778,40.73434,-111.87210160000001,309.3402222222222,14.570222222222222,877.7226666666667,98.30635555555556,0.6155555555555555,424216.08888888895,2021.3693333333333,213.76711111111112,10053713.58488889,0.0008414374603174603,6.741396825396825e-05,0.0010113955555555556,0.00013071015873015874,0.0004921749206349207,0.0003494225396825397,0.0016997209435626103,0.15153620444444446,2.8795582222222227,3.964897777777778,9.547652222222222,0.3400433333333333,1.4359988888888888,5.195062488888889,0.004084133333333333,0.22085480000000002,4.1703468,0.024459866666666667,0.5593097333333333,0.40100933333333333,0.10396537777777777,0.20039559999999998,0.010636666666666666,0.0,0.15331764444444446,0.05113235555555556,-0.004259511111111111,0.03373795555555556,0.18317724444444444,0.04806844444444445,0.0056932,0.005565555555555556,0.005631546349206349,0.009518024761904761,0.10314479619047619,0.004002835873015873,0.0001221006349206349,0.4405929012698413,5400.0,5459.0,873.51652,36.307840000000006,518.099608888889,101.08638666666667,5.478124444444444,0.16216,0.03492,29.229801644444443,28.02769271111111,26.84609459111111,26.657675115555556,26.258262684444443,25.49946055111111,24.626815391111112,24.171340053333335,23.718069435555556,24.052127493333334,24.716044835555557,26.741562742222225,28.436894604444444,28.870695853333334,25.18900064888889,84.94545801777778,28.692713235555555,7.364173262222222,2.8865042044444444,0.4411186444444445,0.23641404444444444,0.11072716444444444,0.07979217333333334,0.06075698222222222,0.03836073777777778,0.03352864444444445,0.026106782222222222,0.02317835111111111,0.021680244444444444,0.01839928,0.025412657777777778,0.014903946666666668,0.008228026666666667,0.009116515555555557,0.007704546666666668,0.013781275555555556,9966645.91111111,1976.6635111111113,,,,0.00825,,,,,,,,0.023125,1.4875,0.24812499999999998,,0.027249999999999996,0.8856250000000001,,,,,0.8247500000000001,0.09525,,0.08349999999999999,,0.011875,0.01525,0.254125,0.558125,,0.012875,0.07475,0.531375,0.024625,,0.107625,0.02425,0.02425,0.353875,,,0.028125,0.010624999999999999,0.01975,,,,,0.020374999999999997,0.01875,,,,0.093,,,3.280026311111111,1617.6666,1216.6475,0.9126656497032982
2024-08-02 19:45:00,2024-08-03 01:45:00,64.288,1.0,0.02012799555555556,,,,1.0867183244444445,0.0011142371555555555,0.001698568888888889,0.006189697777777778,2.877133333333334e-26,1.5854417777777778e-06,3.855968888888889e-06,4.013822222222222e-05,1.0818297777777778e-26,5.762364444444445e-07,0.00024460888888888887,0.00017242,1.777991111111111e-08,0.02672071111111111,0.0011486497777777778,0.006042337777777778,0.043596355555555556,3.1478266666666667e-06,3.785524444444444e-07,0.261,1308.6804444444444,3.1724444444444444,0.055600000000000004,3.1724444444444444,40.734337333333336,-111.87210466666667,309.05844444444443,14.862222222222222,877.7595555555556,99.4512888888889,0.616,427742.31111111114,2024.1902222222222,217.92844444444444,10150061.888,0.0008338311111111111,0.00013393333333333333,0.0009400933333333334,0.00014492444444444443,0.00047952,0.0005922666666666667,0.003872966708846709,0.1953793511111111,6.488719111111112,7.404579555555555,8.675747644444444,0.3384776,1.505247688888889,4.2320748888888895,0.003338311111111111,0.21176186666666666,4.244002577777778,0.020721066666666666,0.6675280888888888,0.4000899555555556,0.1142108,0.2383878222222222,0.011906044444444446,0.0,0.1465603111111111,0.0596972,-0.0023445333333333334,0.03101866666666667,0.1790979111111111,0.04523337777777778,0.006434088888888889,0.0045770666666666675,0.004987933333333333,0.009689600000000001,0.0979315111111111,0.0038135244444444448,0.00016935555555555557,0.46055292444444446,6300.0,6359.0,873.5211066666667,36.07487111111111,503.6461066666667,99.30675555555555,5.479666666666666,0.16509777777777776,0.034568888888888885,27.603353040000002,26.64289345777778,25.602485559999998,25.636322115555558,25.366018857777778,24.5129354,23.937857542222222,23.511467564444445,23.147262422222223,23.456415893333332,24.14458008,26.133349524444444,27.76612288,28.193039564444447,24.46145274222222,83.74030116,28.368686875555557,7.352686062222222,2.8893143244444444,0.4320632711111111,0.23862701333333333,0.10894747555555555,0.07916324,0.055557537777777784,0.045050804444444446,0.031045160000000002,0.027800742222222223,0.021480786666666665,0.021369062222222224,0.02333044,0.027821417777777777,0.0160192,0.015078942222222223,0.009420804444444443,0.010702537777777778,0.01612279111111111,10059086.933333334,1979.1452000000002,,,,0.008125,,,,,,,,0.0228125,1.48875,0.2423125,,0.025625,0.9580625,,,,,0.847875,0.093125,,0.09025,,0.0111875,0.014624999999999999,0.2438125,0.5328124999999999,,0.0126875,0.073875,0.5099375,0.0245625,,0.1030625,0.023625,0.023125,0.3371875,,,0.0278125,0.0100625,0.018875,,,,,0.0194375,0.017875000000000002,,,,0.0895,,,3.263448311111111,1612.6666,1145.2771,0.9700408053977965
2024-08-02 20:00:00,2024-08-03 02:00:00,59.968888888888884,1.0,0.034686720000000004,,,,1.2281441866666667,0.0007068047111111111,0.0010258328888888889,0.003685048888888889,2.116017777777778e-26,9.053728888888888e-07,2.3508400000000003e-06,2.451608888888889e-05,8.025826666666666e-27,2.981382222222222e-07,0.00015027124444444442,0.00010706435555555556,9.950306666666666e-09,0.015708177777777776,0.0007066671111111111,0.0035690933333333333,0.025536133333333332,1.906431111111111e-06,2.0506888888888888e-07,0.261,1309.207111111111,2.1145777777777774,0.052000000000000005,2.1145777777777774,40.73433933333333,-111.87211,307.6691111111111,15.800888888888888,877.8404444444444,99.56644444444444,0.6795555555555556,430585.3777777777,2032.9942222222223,239.5773333333333,10453114.918222222,0.0008180622222222222,0.00016900444444444446,0.0011622533333333334,0.00019643555555555556,0.0004533466666666667,0.0006436266666666665,0.006641688888888889,0.17395004444444445,8.90575688888889,10.108398666666668,9.297882133333333,0.34166173333333333,1.9770929333333336,5.379327333333333,0.0039017777777777774,0.24719746666666667,4.673130133333333,0.025572133333333334,0.6993268,0.4421796,0.1482780888888889,0.30284124444444444,0.018516177777777778,0.0,0.18459142222222222,0.09034906666666667,0.006874577777777778,0.0375204,0.15197124444444443,0.05673808888888889,0.010187422222222221,0.006494666666666667,0.004579826666666667,0.010648386666666666,0.08616524,0.003915373333333334,0.00023415555555555558,0.44296323111111113,7200.0,7259.0,873.6159822222222,35.70776,501.5046888888889,99.04128888888889,5.482595555555556,0.16555111111111112,0.034568888888888885,27.75183320888889,26.547674906666664,25.549538306666665,25.55953376888889,25.19375545333333,24.525547675555558,23.80578708888889,23.418397591111113,23.088219044444443,23.188148955555555,23.816945853333333,26.13438172,27.630184013333334,27.767428573333333,24.260351528888886,83.42285124444444,28.325133164444445,7.412770124444445,2.872124568888889,0.4562567511111111,0.24924430666666667,0.12235014222222222,0.07793627111111112,0.05830340444444444,0.04686984,0.032909600000000004,0.02505092888888889,0.01935983111111111,0.02507772,0.02018921777777778,0.03054976,0.016300386666666666,0.016792764444444445,0.012284808888888889,0.011441484444444445,0.013054302222222224,10359575.555555556,1986.9443555555554,,,,0.008,,,,,,,,0.0225,1.49,0.2365,,0.024,1.0305,,,,,0.871,0.091,,0.097,,0.0105,0.013999999999999999,0.23349999999999999,0.5075,,0.0125,0.07300000000000001,0.48850000000000005,0.0245,,0.0985,0.023,0.022,0.3205,,,0.0275,0.0095,0.018000000000000002,,,,,0.0185,0.017,,,,0.08600000000000001,,,3.441286666666667,1607.6666,1071.8191,1.0001947168586687
2024-08-02 20:15:00,2024-08-03 02:15:00,57.73511111111111,1.0,0.05673671460317461,,,,1.416928156190476,0.00040431262222222225,0.0005301395555555556,0.0018289382222222222,1.4275937777777778e-26,4.397084444444444e-07,1.2321026666666666e-06,1.2965902222222224e-05,5.440066666666667e-27,1.3795297777777777e-07,7.999506666666666e-05,5.7959688888888884e-05,4.811297777777778e-09,0.007252551111111111,0.0003794542222222222,0.0015327426666666667,0.011376524444444444,9.990937777777777e-07,9.91628888888889e-08,0.261,1309.1955555555555,2.637822222222222,0.05248888888888889,2.637822222222222,40.73434,-111.87211,306.90511111111107,16.505777777777777,877.9462222222222,101.56155555555556,0.6342222222222221,435080.6222222222,2040.2351111111109,276.21555555555557,10659675.510666667,0.0008667907936507936,0.0002314879365079365,0.001260834603174603,0.0002640053968253968,0.0004554180952380953,0.000826115873015873,0.00837341015873016,0.1299822088888889,9.363105333333333,10.648771555555555,11.188557555555555,0.35424075555555556,2.9296411555555557,7.648012444444444,0.0070175555555555555,0.3192583111111111,5.189277111111111,0.022977333333333336,0.7066027111111112,0.47630337777777776,0.22813564444444445,0.4767554666666667,0.03633631111111111,0.0,0.2975949333333333,0.13405333333333333,0.007683955555555555,0.048803377777777775,0.25253733333333334,0.07570795555555555,0.017828444444444442,0.009754177777777779,0.004368915873015873,0.010537550793650792,0.07855536317460317,0.004162800952380953,0.0003354568253968254,0.4073225342857143,8100.0,8159.0,873.7077244444445,35.262884444444445,510.6283377777778,100.54437777777777,5.605813333333333,0.16648000000000002,0.035084444444444446,29.30902864,27.672117391111108,26.562124835555554,26.37424814222222,25.715746666666668,24.998075328888888,24.12884300888889,23.95264161777778,23.301365493333332,23.38082644888889,24.303167244444445,26.029516026666666,27.593690475555555,27.714562493333332,24.38086784,84.6918854088889,28.882791551111108,7.523450653333333,2.8818122844444445,0.4392405111111111,0.2600956977777778,0.11942800888888888,0.08159775555555555,0.052808586666666664,0.044794,0.03477567555555556,0.025888555555555557,0.023076893333333334,0.02197082666666667,0.020309564444444445,0.02813316,0.019033515555555554,0.014959142222222221,0.014085662222222222,0.012122257777777779,0.019197679999999998,10525011.11111111,1993.6982666666665,,,,0.007875,,,,,,,,0.0221875,1.49125,0.2306875,,0.022375,1.1029375000000001,,,,,0.8941250000000001,0.088875,,0.10375,,0.009812500000000002,0.013375,0.22318749999999998,0.4821875,,0.0123125,0.072125,0.46706250000000005,0.0244375,,0.09393750000000001,0.022375,0.020874999999999998,0.30381250000000004,,,0.0271875,0.0089375,0.017125,,,,,0.017562499999999998,0.016125,,,,0.0825,,,3.6894365333333337,1602.6666,997.73004,1.065510932661179
2024-08-02 20:30:00,2024-08-03 02:30:00,49.39066666666667,1.0,0.1140507942857143,,,,2.018576141269841,0.00018734084888888888,0.0002094803111111111,0.000694872888888889,7.957342222222221e-27,1.6222906666666667e-07,4.860262222222223e-07,5.184395555555555e-06,3.0047199999999997e-27,5.375733333333333e-08,3.2228573333333334e-05,2.369544888888889e-05,1.813464e-09,0.0024992275555555553,0.00015434275555555556,0.00044710284444444444,0.0036624057777777776,3.967755111111111e-07,3.9300444444444445e-08,0.261,1308.4759999999999,3.7208444444444444,0.0524,3.7208444444444444,40.73434,-111.87211,305.7362222222222,18.87333333333333,878.0124444444444,112.01551111111111,0.8893333333333333,449736.3111111111,2058.0124444444446,373.1955555555556,12262592.621777778,0.0007231920634920636,0.00021846920634920636,0.0016363622222222223,0.0003714415873015873,0.0005677044444444445,0.002275465079365079,0.010610929523809525,0.14194209777777778,13.592232000000001,15.11338088888889,16.949382315573317,0.3740503012691013,4.332092006106856,14.690219333568283,0.007891774984274983,0.4030897857272357,6.91882712927258,0.021759062892662894,1.263029192078292,0.6840804699670701,0.3695103390627891,0.7550106074499574,0.05309573061383061,0.001119468586968587,0.4497845453453953,0.20202411142746143,0.012207958889258888,0.06968725136345137,0.28595982342842347,0.125296598009398,0.019628697865097865,0.016120873881673884,0.005148990476190477,0.013800293650793652,0.0897261819047619,0.005889585396825397,0.000574311746031746,0.2991661517460317,9000.0,9059.0,873.7611244444445,34.797315555555556,576.3908533333334,110.82445333333334,6.384271111111111,0.1717288888888889,0.03829777777777778,38.09168233777778,35.38426175111111,33.03851749777778,32.14392004444444,30.792855804444446,29.33353913777778,27.835808586666666,26.893085946666666,25.930588857777778,25.697856093333332,26.15660672888889,27.789789120000002,29.281346755555553,29.54411596,25.74093406222222,89.34500881333334,30.672517435555555,8.068297253333334,3.138536551111111,0.4968009555555556,0.3003239022222222,0.1431258977777778,0.10316891111111111,0.07391916888888889,0.053759808888888885,0.04825414222222223,0.03622715111111111,0.03211423555555556,0.029390906666666668,0.03074128,0.04061412,0.026480359999999998,0.02558348,0.014946751111111111,0.020901462222222222,0.03528978666666667,12078730.666666666,2007.0974666666666,,,,0.00775,,,,,,,,0.021875000000000002,1.4925,0.224875,,0.020749999999999998,1.175375,,,,,0.9172500000000001,0.08675,,0.1105,,0.009125000000000001,0.01275,0.21287499999999998,0.456875,,0.012125,0.07125000000000001,0.44562500000000005,0.024375,,0.08937500000000001,0.02175,0.019749999999999997,0.287125,,,0.026875,0.008375,0.01625,,,,,0.016625,0.01525,,,,0.079,,,4.841829511111111,1597.6666,924.55389,1.2137974873816197
2024-08-02 20:45:00,2024-08-03 02:45:00,54.71288888888889,1.0,0.08011735587301588,,,,2.1431892317460317,6.246452444444445e-05,4.612516888888889e-05,0.00014454541333333335,2.5547893333333333e-27,3.808705777777778e-08,1.1513261333333333e-07,1.2277541333333334e-06,1.0109095555555557e-27,1.5034733333333332e-08,7.540777777777778e-06,5.600749777777778e-06,4.4546119999999995e-10,0.00046542657777777773,3.5862231111111114e-05,7.163382666666668e-05,0.000638932888888889,9.40565111111111e-08,1.0741444444444444e-08,0.261,1308.5768888888888,3.7418222222222224,0.0528,3.7418222222222224,40.734336666666664,-111.87210631111111,304.46866666666665,20.66711111111111,878.1222222222223,118.63422222222222,1.3706666666666665,441963.9555555556,2049.3488888888887,335.70577777777777,12596696.74088889,0.00063528,0.00018893714285714286,0.0014491507936507937,0.0002702774603174604,0.000563012380952381,0.0032182184126984125,0.003808290158730159,0.12950528,7.693822222222223,9.226140444444443,14.772954393915343,0.5595557798941798,3.1963948198412697,9.470003278042329,0.005589627777777778,0.41043676349206343,6.080924511111111,0.023512211904761902,3.1963990730158733,1.0738433235449736,0.3019319886243386,0.6671374817460317,0.03962026851851852,0.01939271931216931,0.3281201224867725,0.14639073412698414,0.007295765873015872,0.062018427248677246,0.5085220253968255,0.09637178677248678,0.012330131216931217,0.009359371693121694,0.0065761955555555555,0.01879503873015873,0.1313614311111111,0.00828023746031746,0.0008625225396825397,0.31951624476190477,9900.0,9959.0,873.8603022222221,34.327426666666675,575.9478311111111,112.44110666666667,6.415946666666667,0.17028000000000001,0.039351111111111114,36.05406164,33.94426299111111,31.83712432888889,31.232698888888887,30.30526071111111,28.892985768888888,27.612847293333335,26.89582771555556,25.832164031111112,25.62329524,26.06685367111111,27.768127173333333,29.215962666666666,29.718117942222225,26.248363684444445,93.26212404444443,32.333727088888885,8.358799608888889,3.253560955555556,0.5014692044444444,0.3106895688888889,0.1382067111111111,0.09965273333333333,0.06873668,0.05537453333333333,0.04318648,0.03606783111111111,0.03517766666666667,0.026571266666666666,0.03037289777777778,0.04061913777777778,0.024171031111111112,0.018654546666666667,0.01240424,0.020803075555555554,0.0294816,12455301.333333332,1998.4283111111113,,,,0.007625,,,,,,,,0.021562500000000002,1.49375,0.2190625,,0.019125,1.2478125,,,,,0.9403750000000001,0.084625,,0.11725,,0.0084375,0.012125,0.20256249999999998,0.43156249999999996,,0.0119375,0.07037500000000001,0.42418750000000005,0.0243125,,0.0848125,0.021124999999999998,0.018625,0.2704375,,,0.0265625,0.0078125,0.015375,,,,,0.0156875,0.014375,,,,0.07550000000000001,,,5.161893155555556,1592.6666,853.83112,1.7417913640373368
2024-08-02 21:00:00,2024-08-03 03:00:00,56.51244444444445,1.0,0.05167228317460317,,,,2.2713617146031746,1.6471277396825398e-05,4.289433822222222e-06,1.2065698666666666e-05,3.2111922666666664e-28,4.631667733333333e-09,1.3105321333333334e-08,1.360682711111111e-07,1.2813538711111112e-28,2.1310704444444444e-09,8.030113333333333e-07,5.9682692e-07,5.5978660888888886e-11,3.2035358666666666e-05,3.6952057333333335e-06,3.744141688888889e-06,4.002980977777778e-05,1.0533690222222221e-08,1.4718667555555555e-09,0.261,1308.1191111111111,3.2416444444444443,0.0496,3.2416444444444443,40.734336666666664,-111.8721076888889,303.44688888888885,21.592,878.2013333333333,118.7571111111111,1.6764444444444446,435543.9111111111,2040.2444444444445,277.6422222222222,12489195.510222223,0.0005785307936507937,0.00014765841269841272,0.0012474384126984126,0.00016556349206349206,0.0005369746031746031,0.0032434450793650794,0.0017320780952380951,0.14008838752913752,4.95045015062715,6.220075506937507,15.541879485925186,0.5222522734820735,2.781851893943094,6.402783179032079,0.004395796470196471,0.45203081300921294,5.801373087823288,0.01718401361971362,4.982506100647501,1.4139250476856478,0.2114717283050283,0.5360108244533245,0.024945785037185038,0.0,0.23516750510600512,0.11295031728271729,0.004361066466866468,0.04506147871017871,0.6126100183150184,0.07352652866022867,0.01234384146964147,0.008206281107781108,0.00722208253968254,0.022119280952380953,0.162027186984127,0.009449049841269841,0.0008203025396825397,0.3415157580952381,10800.0,10859.0,873.9393688888889,33.83612,542.8772177777778,108.71303555555555,6.134333333333333,0.16860444444444447,0.03871555555555555,30.6977902,29.405431964444446,28.088154724444443,27.73106851111111,27.37598509777778,26.472600053333334,25.36882048,25.02009039111111,24.189888746666668,24.189834324444444,24.69134221777778,26.69507252888889,28.206787604444443,28.752787124444446,25.95163492444444,94.32119928,32.788243924444444,8.426441373333333,3.178538951111111,0.4650430933333333,0.27784258666666667,0.12604695999999999,0.08429655555555556,0.06170635555555556,0.04767827111111111,0.03699380888888889,0.02742088888888889,0.02704964,0.023380986666666666,0.029393977777777778,0.032755653333333336,0.027223853333333332,0.015368017777777777,0.009454822222222221,0.014456728888888888,0.019320853333333336,12333330.666666666,1989.5097333333333,,,,0.0075,,,,,,,,0.02125,1.495,0.21325,,0.017499999999999998,1.3202500000000001,,,,,0.9635,0.08249999999999999,,0.124,,0.00775,0.0115,0.19225,0.40625,,0.01175,0.0695,0.40275,0.02425,,0.08025,0.020499999999999997,0.017499999999999998,0.25375000000000003,,,0.026250000000000002,0.0072499999999999995,0.014499999999999999,,,,,0.01475,0.0135,,,,0.07200000000000001,,,5.330084622222222,1521.1666,771.32532,4.457472353499289
2024-08-02 21:15:00,2024-08-03 03:15:00,55.87866666666667,1.0,0.04504288380952381,,,,2.477545282539683,2.0900575897435896e-05,1.7447823555555556e-07,4.7331075555555555e-07,7.864772245758722e-30,1.9998261022222224e-10,5.653321244444445e-10,5.828591777777777e-09,3.1176182651763966e-30,8.927683688888888e-11,3.408369911111111e-08,2.5388402222222225e-08,2.396551626666667e-12,1.2007247111111112e-06,1.55579e-07,1.3536122666666667e-07,1.5033379555555556e-06,4.5125376e-10,6.179797293333334e-11,0.261,1307.2133333333334,3.143466666666667,0.04724444444444444,3.143466666666667,40.73434,-111.87211,302.5593333333333,22.46488888888889,878.2706666666667,116.89968888888889,1.424,434259.4222222222,2031.808,254.8208888888889,12427356.452,0.0006165596825396826,0.00010007460317460318,0.0012778136507936508,0.00015461714285714288,0.0005462174603174604,0.003870246349206349,0.0014713244444444446,0.1682264974987975,4.476396752284752,5.550787411014912,15.704223155555555,0.3956038666666667,2.558287644444445,5.771051022222222,0.0043702222222222215,0.45867395555555557,5.853493022222223,0.017208622222222223,4.967644488888889,1.5283813777777777,0.18152595555555556,0.4803025777777778,0.022292977777777778,0.0,0.19369755555555557,0.09964217777777779,-0.0006290666666666668,0.035594933333333335,0.6084666222222223,0.07107284444444445,0.01009297777777778,0.007151777777777777,0.007439958730158731,0.024350759365079362,0.17790004031746035,0.009520639047619048,0.0009025,0.3288814034920635,11700.0,11759.0,874.0015333333333,33.347275555555555,545.1441866666667,109.89060888888889,6.213848888888889,0.16909333333333335,0.039479999999999994,30.393608324444447,29.24680117333333,27.917480888888893,27.74327752,27.463840026666666,26.43502213777778,25.18855347111111,24.972518413333333,24.25316123111111,24.211208671111113,24.70029807111111,26.713479875555556,28.14950880888889,28.810704324444444,25.805538893333335,96.07530538666667,33.98986417333333,8.571595928888888,3.150553431111111,0.48013312444444445,0.2839466888888889,0.12912789333333333,0.08957806222222223,0.06388003555555556,0.04872520444444444,0.035890733333333334,0.026486955555555556,0.022378964444444444,0.026240533333333333,0.024467422222222222,0.029696364444444446,0.02462960888888889,0.020998146666666665,0.010882524444444446,0.012954755555555555,0.021793982222222223,12296553.333333334,1981.4070666666667,,,,0.007375,,,,,,,,0.0209375,1.49625,0.2074375,,0.015875,1.3926875,,,,,0.9866250000000001,0.080375,,0.13074999999999998,,0.007062500000000001,0.010875,0.1819375,0.3809375,,0.0115625,0.068625,0.3813125,0.0241875,,0.0756875,0.019874999999999997,0.016374999999999997,0.2370625,,,0.025937500000000002,0.006687499999999999,0.013625,,,,,0.013812499999999998,0.012625,,,,0.0685,,,5.3462301777777785,1373.6666,696.61951,1.0
2024-08-02 21:30:00,2024-08-03 03:30:00,58.01555555555556,1.0,0.03757657396825397,,,,2.491749549206349,3.737658888888889e-05,5.4886363459382225e-09,1.9003620251079998e-08,2.3735060030935133e-32,4.161552355560883e-12,1.1244427667567754e-11,1.234691721662263e-10,9.3094152506469e-33,2.062402292160877e-12,7.771561285013733e-10,5.670609699403505e-10,5.1246650763251015e-14,7.070538116622221e-08,3.814502227108672e-09,1.2697347324177779e-08,1.0431512745955554e-07,9.560878386635536e-12,1.3901013538870407e-12,0.261,1307.7137777777778,2.957866666666667,0.04764444444444445,2.957866666666667,40.73434,-111.8721096,301.90777777777777,22.540444444444447,878.3199999999999,116.55488888888888,1.1057777777777777,433550.71111111104,2022.3986666666667,245.16755555555557,11997679.427555555,0.0006616539682539683,8.217619047619048e-05,0.0011158838095238096,0.0001263152380952381,0.00048352507936507934,0.003738437142857143,0.001572253650793651,0.07846477550671552,3.7885402197802196,4.636798615384615,14.711591377777777,0.37592435555555553,2.298599688888889,5.090247377777778,0.003925155555555555,0.40058728888888884,5.602011866666667,0.015426266666666667,3.696339022222222,1.4257081333333335,0.15636826666666667,0.3996668444444444,0.0200228,0.0,0.17388986666666667,0.08783439999999999,0.0015337333333333332,0.035095466666666665,0.47801906666666666,0.06666977777777779,0.009199466666666666,0.005591111111111112,0.007445493968253968,0.0250468653968254,0.1769156415873016,0.009610013968253969,0.0009593352380952381,0.29990911428571426,12600.0,12659.0,874.0518311111111,32.81543555555556,537.2307644444444,108.80114222222223,6.092453333333333,0.16726666666666665,0.03917333333333333,29.40729415111111,28.327230426666667,27.326944408888888,27.20152693777778,26.772577235555556,25.840501319999998,24.82641506222222,24.63072295111111,23.829948586666667,23.802346222222223,24.364024697777776,26.13816989777778,27.664281217777777,28.227950724444444,25.496615306666666,96.01127628,34.210184022222215,8.684166906666666,3.1810058399999996,0.4753329511111111,0.27888529777777776,0.11962432444444444,0.08399167555555556,0.05843540888888889,0.04182281777777778,0.032608964444444444,0.02482185333333333,0.02201008888888889,0.024257053333333334,0.0213584,0.027106039999999998,0.019054599999999998,0.015609417777777777,0.009318413333333333,0.012357813333333334,0.021002635555555555,11873340.88888889,1972.6554222222221,,,,0.0072499999999999995,,,,,,,,0.020625,1.4975,0.201625,,0.014249999999999999,1.465125,,,,,1.00975,0.07825,,0.1375,,0.0063750000000000005,0.010249999999999999,0.171625,0.35562499999999997,,0.011375,0.06775,0.359875,0.024125,,0.071125,0.01925,0.01525,0.220375,,,0.025625000000000002,0.006125,0.01275,,,,,0.012875,0.01175,,,,0.065,,,5.0790372,1226.1666,644.12451,1.0
2024-08-02 21:45:00,2024-08-03 03:45:00,60.011111111111106,1.0,0.03367013333333333,,,,2.5381025111111106,2.3873075555555556e-05,9.975157637333335e-12,4.305717329777778e-11,0.0,4.085926697737396e-16,4.212448497034276e-15,7.645371909804751e-14,0.0,1.5238694221627573e-17,7.216552239822222e-13,5.041945163068427e-13,6.112722989569748e-18,1.7774709155555555e-10,4.351865017342933e-12,2.992730382222222e-11,2.4413875377777776e-10,5.469819656965084e-15,6.22015503234311e-17,0.261,1308.5266666666669,3.3457333333333334,0.054533333333333336,3.3457333333333334,40.73434,-111.87210542222222,301.41977777777777,22.77111111111111,878.3893333333333,117.45244444444444,0.8951111111111112,433629.4222222222,2019.3124444444445,237.25333333333336,11711087.497333333,0.0006123555555555555,5.1506666666666666e-05,0.0011395422222222223,0.00012419111111111112,0.00045973777777777783,0.0045991999999999995,0.00151428,0.020983933333333333,2.708355111111111,3.6219231111111108,14.139415377777777,0.3716943111111111,2.264851911111111,5.5591952000000004,0.003346266666666667,0.38207128888888886,5.469326177777778,0.018698977777777778,2.8699038666666667,1.3664968888888889,0.16752622222222222,0.6407755111111111,0.012544888888888888,0.0,0.19898364444444444,0.08915626666666666,-4.728888888888887e-05,0.0341288,0.37457724444444446,0.06545737777777778,0.007939733333333334,0.006842888888888889,0.007698097777777777,0.026284155555555556,0.1878928222222222,0.010724128888888889,0.0010362577777777778,0.2769629733333333,13500.0,13559.0,874.09772,32.42776,538.4326266666667,109.44267555555555,6.191462222222222,0.169,0.039586666666666666,29.706512484444442,28.379929231111113,27.473016488888888,27.331351622222222,26.888021435555558,25.958996217777777,24.914681453333333,24.525064586666666,23.824876813333333,23.81237036,24.390478915555555,25.935293475555557,27.44437931111111,27.855156088888887,25.177581795555557,96.85344781333333,34.58974976,8.888543017777778,3.141954857777778,0.5035800177777777,0.28056766666666666,0.12430919555555556,0.07708912,0.061034431111111107,0.04515377777777778,0.031096226666666667,0.03539848444444445,0.021739782222222222,0.021960093333333333,0.02305016,0.029336026666666667,0.021540515555555553,0.015517982222222223,0.013436368888888888,0.015259337777777778,0.021090039999999997,11594268.000000002,1970.456,,,,0.007125,,,,,,,,0.0203125,1.49875,0.1958125,,0.012625,1.5375625000000002,,,,,1.032875,0.076125,,0.14425,,0.005687500000000002,0.009625,0.1613125,0.3303125,,0.0111875,0.066875,0.3384375,0.0240625,,0.0665625,0.018625,0.014124999999999999,0.20368750000000002,,,0.0253125,0.0055625,0.011875,,,,,0.0119375,0.010875000000000001,,,,0.061500000000000006,,,4.969353333333333,1078.6666,598.21545,1.0
2024-08-02 22:00:00,2024-08-03 04:00:00,60.49733333333334,1.0,0.031882035555555556,,,,2.5913872311111112,1.7201844444444444e-05,0.0,0.0,0.0,0.0,0.0,0.0,0.0,0.0,0.0,0.0,0.0,0.0,0.0,0.0,0.0,0.0,0.0,0.261,1308.2137777777778,2.7120888888888888,0.05271111111111112,2.7120888888888888,40.73434,-111.87210524444444,301.23577777777774,22.865333333333336,878.3639999999999,122.09484444444443,0.9764444444444446,433251.2,2018.207111111111,229.23066666666668,11576983.616000002,0.0006122533333333334,6.445777777777778e-05,0.0011972711111111112,0.00011793777777777778,0.00044415111111111114,0.006183671111111111,0.0017016400000000001,0.016713957777777774,2.560877777777778,3.476207555555556,14.1722708,0.37606524444444445,2.3230089333333335,5.784096133333334,0.003335022222222222,0.3711904888888889,5.482500977777778,0.018134044444444445,2.5737091555555556,1.3683757333333333,0.17492999999999997,0.7575580888888889,0.013813955555555556,0.0,0.2117892,0.09028004444444444,0.0005880888888888889,0.03184106666666667,0.31398546666666666,0.0641044888888889,0.0077228,0.006144977777777778,0.007991968888888888,0.027559395555555557,0.19233668444444446,0.01171632888888889,0.0010471822222222222,0.27358252,14400.0,14459.0,874.08924,32.499266666666664,537.47728,109.45070222222222,6.174368888888889,0.1685377777777778,0.039635555555555556,29.520280075555554,28.2561546,27.28001418222222,27.180139884444444,26.846869915555555,25.86318998666667,24.957466062222224,24.47517957777778,23.88072426222222,23.866959497777778,24.161826440000002,25.861767364444447,27.28927034222222,27.677632804444446,24.945916253333333,97.12045514222223,34.77838627555556,9.016525964444444,3.200751546666667,0.4646072488888889,0.2741751066666666,0.12360850666666666,0.08304087555555556,0.06309725333333333,0.04261768888888889,0.03423067111111111,0.02947507111111111,0.022632328888888886,0.02276362222222222,0.023989004444444444,0.03028873333333333,0.02027908888888889,0.018060906666666664,0.01380656888888889,0.012059844444444443,0.01899224888888889,11453976.888888888,1969.8228444444444,4.122,0.219,0.105,0.007,,0.074,0.441,0.207,0.125,0.008,0.015,0.02,1.5,0.19,0.189,0.011,1.61,0.005,0.381,0.016,0.027,1.056,0.074,0.138,0.151,0.069,0.005,0.009,0.151,0.305,,0.011,0.066,0.317,0.024,0.029,0.062,0.018,0.013,0.187,0.004,,0.025,0.005,0.011,0.003,0.018,0.013,0.004,0.011,0.01,0.061,0.011,0.003,0.058,0.042,0.015,4.956540222222222,931.16669,558.6947,1.0
2024-08-02 22:15:00,2024-08-03 04:15:00,60.84088888888889,1.0,0.0302156,,,,2.566450853333334,1.29505e-05,0.0,0.0,0.0,0.0,0.0,0.0,0.0,0.0,0.0,0.0,0.0,0.0,0.0,0.0,0.0,0.0,0.0,0.261,1307.8026666666667,2.6274666666666664,0.0528,2.6274666666666664,40.73434,-111.87210973333335,300.9873333333333,22.968000000000004,878.3933333333333,119.66088888888889,1.0057777777777777,433347.06666666665,2017.952888888889,228.13733333333332,11405511.507111112,0.0005636177777777778,0.00015244,0.0011967555555555556,0.00013490666666666668,0.00044539111111111115,0.012019226666666667,0.0021686711111111113,0.031062061777777778,2.9092053333333334,3.7872826666666666,14.416441555555556,0.3755482666666667,2.1709025333333334,4.427672666666667,0.0034916444444444443,0.3469898666666667,5.486665511111111,0.016390933333333333,2.347744,1.3846285333333335,0.11722071111111111,0.3335346666666667,0.011002577777777777,0.0,0.1416592888888889,0.06603737777777778,0.0030962222222222224,0.03172457777777778,0.2678976888888889,0.05784311111111111,0.006675866666666667,0.006385377777777778,0.008371884444444444,0.029098315555555556,0.20124120444444446,0.01346768,0.001138488888888889,0.2768906,15300.0,15359.0,874.1448844444444,32.602848888888886,536.0119466666666,109.58236444444445,6.193386666666667,0.16882666666666665,0.03991555555555556,29.098915515555557,28.100187137777777,26.970167306666667,26.948653755555554,26.612111644444443,25.643481004444443,24.778114555555554,24.352193813333333,23.800317515555555,23.647106075555556,24.057138555555557,25.79435969333333,27.276047173333332,27.73227244,25.130064862222223,97.33442060444445,35.175077386666665,9.026728017777778,3.2156008888888885,0.4710169066666667,0.2888329866666667,0.11873206222222223,0.09148906222222222,0.06956610666666667,0.04084041333333333,0.03032321777777778,0.024750973333333332,0.02252821333333333,0.023476964444444446,0.022743457777777778,0.030312088888888887,0.021164097777777776,0.018393768888888887,0.013347444444444445,0.012423155555555556,0.018941675555555555,11292764.0,1970.114488888889,,,,0.0080625,,,,,,,,0.022375,1.5581875,0.20175,,0.0118125,1.5206250000000001,,,,,1.0465625,0.07668749999999999,,0.144125,,0.0053125,0.009375,0.1573125,0.3215625,,0.0109375,0.0728125,0.331625,0.025375,,0.067,0.01875,0.014499999999999999,0.2014375,,,0.0280625,0.005125,0.0115625,,,,,0.011875,0.0106875,,,,0.061937500000000006,,,4.9813436,783.66669,524.9314,1.0
2024-08-02 22:30:00,2024-08-03 04:30:00,59.56933333333333,1.0,0.03859760444444444,,,,2.5778354266666668,1.2018609333333333e-05,0.0,0.0,0.0,0.0,0.0,0.0,0.0,0.0,0.0,0.0,0.0,0.0,0.0,0.0,0.0,0.0,0.0,0.261,1307.7888888888888,2.5776,0.04853333333333334,2.5776,40.73434,-111.87211,300.6971111111111,23.15111111111111,878.3995555555556,123.04462222222222,1.1608888888888889,436726.88888888893,2019.9035555555556,241.10622222222221,11311338.910666667,0.0006007822222222222,0.00017148,0.001116942222222222,0.00016436444444444442,0.0004099511111111111,0.008935920000000002,0.0037048888888888886,0.03517834755555555,4.050589333333334,5.014864444444445,14.449097214896216,0.3879578173382173,2.244661968986569,4.589063585592186,0.003624252747252747,0.3560786146520146,5.544782935042735,0.017941726984126983,2.0474536543345545,1.3772233582417581,0.13136859926739927,0.30826274627594624,0.0161726315018315,0.0,0.15315527545787547,0.06955485885225884,0.0009624666666666668,0.03440286984126984,0.24811722075702078,0.06634530012210013,0.00966369304029304,0.005963309890109889,0.008482502222222221,0.029345004444444447,0.19191602666666668,0.01490104,0.001215128888888889,0.2588069688888889,16200.0,16259.0,874.1525911111111,32.624493333333334,536.6317155555556,109.64246222222224,6.197137777777778,0.16893333333333335,0.03993333333333334,29.179251422222226,28.148271715555556,27.26546431111111,27.036196182222223,26.640615244444447,25.75189690222222,24.79823748888889,24.41116196888889,23.622698306666667,23.56904379111111,24.12672041777778,25.673422879999997,27.20421385777778,27.807775573333334,25.300121297777775,97.40098133333335,35.1609978,9.01455607111111,3.2117427955555558,0.47875814222222224,0.27895521333333334,0.1126094488888889,0.08382977333333333,0.06755163555555556,0.04084446666666666,0.03343396,0.022122324444444445,0.022887644444444445,0.027478933333333334,0.025904013333333333,0.03070384888888889,0.019617951111111108,0.018688946666666664,0.012303355555555555,0.012178586666666666,0.020415715555555554,11193114.666666666,1971.779733333333,,,,0.009125000000000001,,,,,,,,0.02475,1.6163750000000001,0.2135,,0.012624999999999999,1.4312500000000001,,,,,1.037125,0.079375,,0.13724999999999998,,0.005625,0.00975,0.163625,0.338125,,0.010875,0.079625,0.34625,0.02675,,0.072,0.0195,0.016,0.21587499999999998,,,0.031125,0.00525,0.012125,,,,,0.01275,0.011375,,,,0.065875,,,5.022822177777778,636.16669,519.46558,1.0
2024-08-02 22:45:00,2024-08-03 04:45:00,57.67288888888889,1.0,0.051229928888888894,,,,2.5589314533333334,7.282363555555555e-06,0.0,0.0,0.0,0.0,0.0,0.0,0.0,0.0,0.0,0.0,0.0,0.0,0.0,0.0,0.0,0.0,0.0,0.261,1307.656,1.7643555555555557,0.04506666666666667,1.7643555555555557,40.73434,-111.87211,300.3615555555555,24.049333333333333,878.3471111111111,128.19755555555557,1.244,443811.9555555556,2024.044,268.864,11378070.952444445,0.0006801822222222222,0.00014387555555555557,0.00112484,0.00018382222222222222,0.00040968,0.007487715555555555,0.005704871111111111,0.04908590177777778,5.2684764444444445,6.471496444444445,14.864280008417508,0.3982440593314093,2.42940981012506,5.445966967291968,0.004358522703222703,0.36077455045695045,5.605990674290524,0.014542306589706589,1.747517764357864,1.3333295064454063,0.22851935909090906,0.555113908032708,0.030831946825396823,0.010773593001443003,0.24063396411736412,0.11422125634920635,0.00450406366041366,0.039431625685425686,0.291485523953824,0.0702483148869649,0.008491844107744109,0.005665980423280424,0.008379782222222222,0.0289636,0.19389780444444443,0.015158604444444444,0.0013371244444444444,0.2191572222222222,17100.0,17159.0,874.1039777777777,32.70375111111111,541.8548444444444,110.92194666666667,6.407808888888889,0.17259555555555556,0.04048,30.166170804444445,28.804242826666666,27.67138850222222,27.542961106666667,26.99125729777778,26.146201275555555,24.926702084444447,24.58135544,23.797390693333334,23.72391387111111,24.296508982222225,25.934928644444444,27.240679351111112,27.927916653333334,25.41201521777778,97.53599404888888,35.39922510222222,9.06495436,3.2929827066666673,0.46923970666666664,0.3090957955555556,0.12644995555555555,0.09500402222222222,0.06704179555555555,0.04354445777777778,0.032887311111111116,0.028766835555555554,0.026812506666666666,0.023660702222222222,0.03374163111111111,0.03903476444444444,0.026718386666666663,0.019941004444444445,0.01204504,0.019441915555555557,0.024566444444444443,11257804.444444446,1976.149422222222,,,,0.0101875,,,,,,,,0.027125000000000003,1.6745625,0.22525,,0.0134375,1.341875,,,,,1.0276875,0.0820625,,0.130375,,0.0059375,0.010124999999999999,0.1699375,0.3546875,,0.0108125,0.0864375,0.360875,0.028125,,0.077,0.020249999999999997,0.0175,0.2303125,,,0.0341875,0.0053750000000000004,0.012687499999999999,,,,,0.013625,0.0120625,,,,0.0698125,,,4.937916933333333,488.66666,513.99976,1.0
2024-08-02 23:00:00,2024-08-03 05:00:00,55.17866666666667,1.0,0.057606795555555555,,,,2.523850942222222,5.01571463003663e-06,0.0,0.0,0.0,0.0,0.0,0.0,0.0,0.0,0.0,0.0,0.0,0.0,0.0,0.0,0.0,0.0,0.0,0.261,1308.2613333333331,1.5858222222222222,0.04835555555555556,1.5858222222222222,40.73434,-111.87211,300.1393333333333,23.956444444444447,878.304,127.42066666666666,1.1693333333333333,443609.5111111111,2025.5653333333332,274.8271111111111,11095979.945333332,0.00069648,9.208888888888889e-05,0.0012016844444444445,0.00021676444444444442,0.0003481777777777778,0.009670119999999999,0.00592152,0.09773764977777778,6.463796,7.686980444444445,14.462165941852591,0.3965297162097162,2.4668998697247195,6.285971487464388,0.004751806092056093,0.34702283825063823,5.650215278860029,0.013035630428830429,1.3224099475376476,1.1889309934898435,0.22872640955895956,0.5582286776075776,0.023465211323861323,0.0,0.2570599171254671,0.12143984266474267,0.0054691835997335994,0.04174516102786103,0.2538306011026011,0.0727585314925815,0.008870353557553558,0.007690556765456766,0.007381631111111111,0.024997035555555557,0.17702674666666665,0.012961502222222221,0.001222977777777778,0.20671132888888888,18000.0,18059.0,874.0824222222221,32.75756888888889,542.7672844444445,111.19171555555555,6.460506666666666,0.1734088888888889,0.04080444444444444,30.09422283111111,28.882175844444443,27.598614466666668,27.545345653333335,27.191056328888887,26.046538608888888,25.189117755555557,24.809677955555557,23.994153324444444,23.84953158222222,24.29832928888889,26.172412777777776,27.386860235555556,27.960457453333333,25.325106564444447,97.18487517777777,35.33003283111111,9.149797262222222,3.339217671111111,0.4777998088888889,0.3044902,0.1347876577777778,0.08782168888888889,0.06321599555555556,0.04444303555555555,0.040196119999999995,0.032432946666666664,0.028336377777777776,0.025361271111111115,0.031127231111111108,0.04056462666666667,0.02833494222222222,0.021717173333333332,0.01615312888888889,0.015025648888888889,0.027873933333333333,10988514.666666666,1978.1394222222225,,,,0.01125,,,,,,,,0.029500000000000002,1.73275,0.237,,0.014249999999999999,1.2525,,,,,1.01825,0.08474999999999999,,0.1235,,0.00625,0.010499999999999999,0.17625,0.37124999999999997,,0.01075,0.09325,0.3755,0.0295,,0.08199999999999999,0.020999999999999998,0.019,0.24475,,,0.03725,0.0055,0.01325,,,,,0.014499999999999999,0.012750000000000001,,,,0.07375000000000001,,,4.624806666666667,422.83334,508.53394,1.0
2024-08-02 23:15:00,2024-08-03 05:15:00,55.132444444444445,1.0,0.052154137777777776,,,,2.4312099288888884,4.374551794871795e-06,0.0,0.0,0.0,0.0,0.0,0.0,0.0,0.0,0.0,0.0,0.0,0.0,0.0,0.0,0.0,0.0,0.0,0.261,1309.0568888888888,2.5192888888888887,0.04435555555555556,2.5192888888888887,40.73434,-111.87210946666667,300.01533333333333,23.42888888888889,878.1995555555555,123.48951111111111,1.1506666666666665,441725.77777777775,2018.8728888888888,262.0697777777778,10841627.162222223,0.0006526444444444445,9.141333333333333e-05,0.0011680400000000002,0.00021135555555555556,0.00034543111111111114,0.009134244444444444,0.005676591111111111,0.047385508430532436,5.2208758611758626,6.426400544048544,14.146191422222222,0.38309893333333334,2.293175066666667,5.756768622222222,0.0034976888888888892,0.31443991111111114,5.455388311111111,0.012527377777777777,1.0693945333333335,1.0573776444444445,0.15599591111111114,0.3462229333333333,0.0176716,0.0,0.19734537777777778,0.09345977777777777,0.002695244444444444,0.03848786666666667,0.2269519111111111,0.06574951111111112,0.007282888888888889,0.008653822222222222,0.0063257688888888886,0.02104074666666667,0.1674867866666667,0.0113926,0.0010380222222222222,0.20889550666666667,18900.0,18959.0,873.9690088888889,32.74492444444444,533.58428,109.34867111111112,6.259213333333333,0.17096,0.04006222222222222,29.187556097777776,28.042167617777782,26.88778183111111,26.952191653333333,26.372934937777778,25.65990820888889,24.552749,24.415496675555556,23.54059145333333,23.61577269777778,24.06336936888889,25.697493608888887,27.149179902222222,27.84774328,25.044663542222224,95.99279313333334,34.91409266222222,8.929084666666666,3.3065833066666666,0.49235048444444446,0.30798091555555557,0.13704710666666667,0.09011076888888889,0.06806530222222222,0.04118586666666667,0.03668568444444444,0.03066917777777778,0.03182524,0.027624231111111112,0.02651141777777778,0.03428353333333333,0.020583626666666667,0.01621499111111111,0.010669666666666666,0.014811231111111111,0.025446333333333335,10744283.555555556,1972.8168444444445,,,,0.0123125,,,,,,,,0.031875,1.7909375,0.24875,,0.0150625,1.163125,,,,,1.0088125000000001,0.0874375,,0.116625,,0.006562500000000001,0.010875,0.1825625,0.3878125,,0.010687499999999999,0.1000625,0.390125,0.030875,,0.087,0.02175,0.020499999999999997,0.2591875,,,0.0403125,0.005625,0.0138125,,,,,0.015375,0.013437500000000002,,,,0.0776875,,,4.2620246222222224,450.33334,503.06808,1.0
2024-08-02 23:30:00,2024-08-03 05:30:00,54.385777777777776,1.0,0.05954805714285714,,,,2.5721936000000003,4.483832087912088e-06,0.0,0.0,0.0,0.0,0.0,0.0,0.0,0.0,0.0,0.0,0.0,0.0,0.0,0.0,0.0,0.0,0.0,0.261,1308.5777777777778,2.9838666666666662,0.04248888888888889,2.9838666666666662,40.73434,-111.87210377777778,300.094,23.269333333333336,878.1066666666667,124.69319999999999,0.8457777777777777,442423.64444444445,2026.2235555555555,231.46977777777778,10965729.567555556,0.0005981619047619048,7.583809523809524e-05,0.0012905476190476191,0.00019091428571428574,0.0003435857142857143,0.00901984761904762,0.0034522428571428575,0.024598901640026642,3.5283286282976283,4.530692698468198,15.532599822222222,0.3890710222222223,2.4910564444444447,8.738117022222221,0.005054177777777778,0.3306677333333334,5.961312133333333,0.01175008888888889,0.9791313333333334,1.024117377777778,0.1589753777777778,0.5130558666666667,0.02294777777777778,0.0,0.23813591111111113,0.10689333333333333,0.005972933333333333,0.044868,0.24851271111111112,0.08672742222222223,0.0086568,0.011821111111111112,0.005793171428571428,0.018747261904761905,0.1522925619047619,0.011041085714285715,0.0010261190476190476,0.2156077476190476,19800.0,19859.0,873.88596,32.762595555555556,547.3634666666666,110.31200888888888,6.163435555555555,0.16711555555555557,0.03994666666666667,30.505894542222222,29.48097334222222,28.431027728888886,28.30614048888889,27.70631092888889,27.031468484444442,25.976722502222223,25.464335759999997,24.388114675555553,24.43143324,24.608736946666667,26.34705224888889,27.39361856,28.00024076,25.090654906666668,95.7821496,34.72946210666667,8.964640893333332,3.3656479022222223,0.4991853066666667,0.2957321333333333,0.13694603111111112,0.08753236444444444,0.05804781333333333,0.04303188444444444,0.037634093333333334,0.030065262222222222,0.023552706666666666,0.020074977777777777,0.02500772,0.028846377777777776,0.01808615111111111,0.016841639999999998,0.008179506666666666,0.012587644444444443,0.017452386666666667,10842568.444444446,1978.8048444444444,,,,0.013375000000000001,,,,,,,,0.03425,1.849125,0.2605,,0.015875,1.07375,,,,,0.999375,0.090125,,0.10975,,0.006875,0.01125,0.18887500000000002,0.404375,,0.010624999999999999,0.106875,0.40475000000000005,0.03225,,0.092,0.0225,0.022,0.273625,,,0.043375,0.00575,0.014374999999999999,,,,,0.01625,0.014125,,,,0.081625,,,4.304473644444444,477.83334,497.60226,1.0
2024-08-02 23:45:00,2024-08-03 05:45:00,55.32044444444444,1.0,0.059134968888888896,,,,2.3489870933333337,2.931240486935287e-06,0.0,0.0,0.0,0.0,0.0,0.0,0.0,0.0,0.0,0.0,0.0,0.0,0.0,0.0,0.0,0.0,0.0,0.261,1307.9653333333333,2.820177777777778,0.04151111111111112,2.820177777777778,40.73434,-111.8721032888889,299.78999999999996,23.440444444444445,878.1226666666666,121.03653333333334,1.641777777777778,439016.0888888889,2018.6275555555555,235.90311111111112,10575713.345333334,0.0005297644444444445,8.517777777777779e-05,0.0010911200000000001,0.00017234666666666667,0.00031367111111111105,0.009134119999999999,0.003363488888888889,0.09319901644444444,3.8107533333333334,5.270746222222222,14.20932511111111,0.3900522222222222,2.3502163555555553,7.915901644444444,0.004596444444444445,0.33167840000000004,5.508157644444444,0.011995555555555556,0.9626934222222222,1.032123288888889,0.21587040000000002,0.8018565777777779,0.03250084444444444,0.0,0.3659926666666667,0.15062697777777778,0.009845244444444444,0.03520573333333333,0.23044324444444444,0.07460377777777778,0.0068944,0.009237511111111112,0.005932400000000001,0.020216857777777777,0.16972024444444445,0.013134911111111112,0.0011361555555555554,0.19480907111111112,20700.0,20759.0,873.8906311111111,32.82728,560.7595066666667,111.38949777777778,6.268844444444444,0.1683377777777778,0.03991111111111111,33.69436761777778,31.849808377777777,30.573568066666667,30.06510538222222,29.12502199111111,28.131274488888888,26.797584964444447,26.171528844444445,25.02509884,24.72187847111111,24.889229377777777,26.311222657777776,27.413792675555555,27.691728577777777,24.97671727111111,95.22776596888889,34.45849862222222,8.916984115555556,3.335990008888889,0.48265104444444445,0.3121134444444444,0.1263483111111111,0.08268977333333334,0.07003664000000001,0.04714356,0.03639437777777778,0.029604604444444446,0.02630141777777778,0.025411168888888887,0.023931964444444443,0.03193115111111111,0.02239699555555556,0.023376715555555552,0.008315004444444446,0.012718622222222222,0.020839897777777776,10503577.466666667,1973.4262222222223,,,,0.0144375,,,,,,,,0.036625000000000005,1.9073125,0.27225,,0.0166875,0.984375,,,,,0.9899375,0.09281249999999999,,0.102875,,0.0071875,0.011625,0.1951875,0.42093749999999996,,0.010562499999999999,0.1136875,0.41937500000000005,0.033625,,0.097,0.02325,0.0235,0.2880625,,,0.0464375,0.005875,0.0149375,,,,,0.017125,0.014812500000000001,,,,0.0855625,,,4.235672355555555,505.33334,492.13644,1.0
2024-08-03 00:00:00,2024-08-03 06:00:00,57.81688888888889,1.0,0.03544461777777778,,,,2.1125289866666668,2.422598588215488e-06,0.0,0.0,0.0,0.0,0.0,0.0,0.0,0.0,0.0,0.0,0.0,0.0,0.0,0.0,0.0,0.0,0.0,0.261,1307.9057777777778,2.8711555555555557,0.04528888888888889,2.8711555555555557,40.73434,-111.8721048,299.9668888888889,22.324,878.0973333333334,117.89595555555555,1.6235555555555554,433029.9555555555,2005.968,215.60933333333332,10039530.052,0.0005469822222222223,4.346222222222222e-05,0.0008173555555555556,9.535555555555555e-05,0.0001990622222222222,0.004313257777777777,0.0021957822222222222,0.05592276044444444,2.379495111111111,3.7904400000000003,12.005506,0.379758,1.7865302666666667,4.710921644444444,0.002016266666666667,0.2780653777777778,4.993939511111111,0.0069106222222222215,0.9123852888888888,0.9892980888888889,0.12636164444444445,0.3546512888888888,0.013795466666666667,0.0,0.1708898222222222,0.07317142222222221,-0.0015905777777777783,0.02286137777777778,0.18602359999999998,0.05222333333333333,0.004855955555555556,0.005607733333333333,0.005712755555555556,0.020135475555555556,0.18671893333333336,0.014104555555555556,0.0010487822222222222,0.23752511555555558,21600.0,21659.0,873.8434177777779,32.79161333333333,503.3949911111111,102.63387555555555,5.7333155555555555,0.16696444444444444,0.037377777777777774,27.287810155555555,26.240706217777777,25.42747410666667,25.275406271111112,24.865718519999998,24.14769268888889,23.230765826666666,22.980496764444446,22.30899128,22.424273351111115,22.818883146666668,24.327424600000004,25.863258373333334,26.16593579111111,23.652320022222224,90.71378312444445,32.92294202222222,8.366210213333334,3.1086958577777777,0.4856429911111111,0.28779377777777776,0.1136325511111111,0.07513765777777778,0.057822240000000004,0.04308463111111111,0.02848686666666667,0.02448843111111111,0.018454346666666666,0.020970871111111112,0.022331062222222222,0.02297446222222222,0.018584955555555557,0.012814955555555556,0.007885048888888888,0.009954573333333333,0.016179977777777778,9961027.6,1961.6874666666665,,,,0.0155,,,,,,,,0.03900000000000001,1.9655,0.28400000000000003,,0.0175,0.895,,,,,0.9805,0.0955,,0.096,,0.0075,0.012,0.2015,0.4375,,0.010499999999999999,0.1205,0.43400000000000005,0.035,,0.102,0.024,0.025,0.3025,,,0.0495,0.006,0.0155,,,,,0.018000000000000002,0.0155,,,,0.0895,,,3.8134652000000004,475.66666,486.67062,1.0
2024-08-03 00:15:00,2024-08-03 06:15:00,57.63288888888889,1.0,0.02776737777777778,,,,2.0500104755555557,1.7049808767676766e-06,0.0,0.0,0.0,0.0,0.0,0.0,0.0,0.0,0.0,0.0,0.0,0.0,0.0,0.0,0.0,0.0,0.0,0.261,1308.2959999999998,2.7959555555555555,0.04484444444444445,2.7959555555555555,40.73434,-111.87211,300.1553333333333,21.354222222222223,878.0786666666667,117.51684444444444,1.4364444444444444,431751.42222222226,2001.3524444444445,207.82844444444444,9732815.863555556,0.0005746533333333333,1.862666666666667e-05,0.0007901733333333334,8.834222222222223e-05,0.0001698888888888889,0.0029734266666666667,0.0017890133333333335,0.06545377066666667,1.928197777777778,3.064578222222222,11.711375066666667,0.37758284444444445,1.6589730666666667,4.197526311111111,0.002291022222222222,0.25762444444444443,4.8864428,0.008993244444444444,0.8163812,0.9155777777777777,0.10392004444444444,0.25023617777777774,0.013707333333333334,0.0,0.13563648888888888,0.06319937777777777,0.0011964444444444438,0.02625702222222222,0.17656022222222223,0.05244528888888889,0.0047368,0.005325911111111111,0.005269004444444445,0.018167555555555555,0.17930848000000002,0.013533857777777778,0.0010677022222222224,0.24709564444444446,22500.0,22559.0,873.8368844444444,32.74604,482.91309333333334,98.69251111111112,5.492764444444445,0.1664,0.035826666666666666,25.659729480000003,24.628351759999997,24.178099257777777,23.865796742222223,23.77000187111111,23.10914155111111,22.32028743111111,22.01263755111111,21.462067937777775,21.581295795555555,22.073852244444442,23.59738839555556,24.96274072888889,25.425955693333332,22.955394275555555,87.29787487111112,31.764880844444445,8.059276946666667,2.9912096266666666,0.4484859422222222,0.2790000622222222,0.11891649333333333,0.0688679688888889,0.054131359999999996,0.040733311111111115,0.028748822222222224,0.021026004444444447,0.016322204444444446,0.02017633777777778,0.01789269333333333,0.023840311111111113,0.015667426666666668,0.011593333333333334,0.007230422222222223,0.00855260888888889,0.01592741333333333,9671032.08888889,1957.8133777777778,,,,0.0165625,,,,,,,,0.04137500000000001,2.0236875000000003,0.29575,,0.0183125,0.805625,,,,,0.9710625,0.09818750000000001,,0.08912500000000001,,0.0078125,0.012374999999999999,0.2078125,0.4540625,,0.0104375,0.1273125,0.44862500000000005,0.036375,,0.10699999999999998,0.024749999999999998,0.0265,0.3169375,,,0.0525625,0.006125,0.0160625,,,,,0.018875000000000003,0.0161875,,,,0.0934375,,,3.6001504888888887,380.66666,486.67062,1.0
2024-08-03 00:30:00,2024-08-03 06:30:00,59.36844444444444,1.0,0.016491184761904764,,,,1.887948977142857,2.2164414731157734e-06,0.0,0.0,0.0,0.0,0.0,0.0,0.0,0.0,0.0,0.0,0.0,0.0,0.0,0.0,0.0,0.0,0.0,0.261,1308.9262222222221,2.7331111111111115,0.04697777777777778,2.7331111111111115,40.73434,-111.87211,300.53666666666663,20.251555555555555,877.9737777777777,117.25902222222223,1.7062222222222223,428950.5333333333,1995.8791111111111,211.45333333333335,9293869.942222223,0.0007175596825396825,1.1850158730158732e-05,0.0007033,8.239142857142858e-05,0.00018940000000000002,0.00212665873015873,0.0016526479365079364,0.06744889866666666,1.5714445777777777,2.6424964444444443,10.351103715262516,0.37052285885225883,1.4432197924297925,3.260373434920635,0.0018886918192918194,0.2341267523809524,4.671242498656898,0.00493862442002442,0.7053121173382173,0.8445826373626374,0.10392782442002442,0.22145311623931618,0.012113011721611722,0.0,0.11891309792429793,0.05610480195360195,0.0021034959706959706,0.023947962637362638,0.1592722617826618,0.04126093626373627,0.0030144417582417585,0.003191696214896215,0.00509862126984127,0.017495768253968254,0.17936311333333332,0.013630375873015873,0.0010251225396825396,0.23870729269841273,23400.0,23459.0,873.7466222222223,32.79524444444444,465.47827555555557,94.91360888888887,5.266231111111111,0.16596444444444444,0.034466666666666666,24.989237102222223,23.94024039111111,23.171918431111113,23.134652306666666,22.8416988,22.216599111111112,21.591517515555555,21.38864132,20.705452413333333,20.79214280888889,21.28442769777778,22.748140551111113,23.87456352,24.440584653333335,22.221826973333336,83.87838774222223,30.532481324444447,7.724425946666667,2.8653304622222224,0.4386911866666666,0.25627087555555556,0.11616840888888888,0.07009963555555557,0.04606301777777778,0.03642061333333334,0.025967840000000002,0.018742311111111114,0.014783760000000002,0.015554288888888887,0.017473453333333333,0.02334732,0.012982813333333334,0.011060222222222223,0.007037648888888888,0.010592782222222224,0.014728764444444443,9248901.77777778,1953.761911111111,,,,0.017625000000000002,,,,,,,,0.043750000000000004,2.081875,0.3075,,0.019125,0.71625,,,,,0.9616250000000001,0.100875,,0.08225,,0.008125,0.01275,0.214125,0.47062499999999996,,0.010375,0.134125,0.46325000000000005,0.03775,,0.11199999999999999,0.0255,0.027999999999999997,0.331375,,,0.055624999999999994,0.00625,0.016625,,,,,0.01975,0.016875,,,,0.097375,,,3.3681589777777776,285.66666,486.67062,1.0
2024-08-03 00:45:00,2024-08-03 06:45:00,60.699111111111115,1.0,0.008851524126984126,,,,1.7789256479365079,1.61582492014652e-06,0.0,0.0,0.0,0.0,0.0,0.0,0.0,0.0,0.0,0.0,0.0,0.0,0.0,0.0,0.0,0.0,0.0,0.261,1309.5986666666665,2.5479555555555553,0.04835555555555556,2.5479555555555553,40.73434,-111.87211,301.12288888888884,19.19511111111111,877.839111111111,118.26564444444445,1.5942222222222222,427486.4888888889,1993.2657777777779,230.49377777777778,8988446.908,0.0006898641269841269,1.6824444444444443e-05,0.0006609819047619047,8.596444444444446e-05,0.0001673584126984127,0.002065526984126984,0.0017215892063492065,0.023741003555555557,1.1295094666666667,1.8869204444444445,9.44492338143338,0.3751357967051467,1.327480217051467,2.5126578723665225,0.0016250450697450696,0.2257927852092352,4.530268242496392,0.007119613395863395,0.6357735461760462,0.7965804767195767,0.1141760733044733,0.18514721168831155,0.012760084776334776,0.0,0.10995961962481962,0.050720538961038966,0.0014098013227513218,0.02306664547859548,0.13466066866281867,0.037869064622414635,0.0026993470177970177,0.00261367000962001,0.005065326984126984,0.01737959650793651,0.18564566730158732,0.014580875873015873,0.0009553219047619047,0.24643548603174606,24300.0,24359.0,873.6125377777778,32.731,447.41068,91.57635111111111,5.085568888888889,0.16599111111111112,0.03340888888888889,23.488921635555553,22.79845806666667,22.082283608888886,22.178336622222222,21.80607959111111,21.36270708,20.74720936888889,20.432046995555552,19.899864942222223,20.118970226666665,20.461093053333336,21.998850604444446,23.07204065333333,23.66126717777778,21.367661164444442,81.00089241333333,29.571139324444445,7.4267291066666665,2.818980191111111,0.42818092,0.2641503377777778,0.10609198222222221,0.06931842666666667,0.040480791111111115,0.036291706666666666,0.027853737777777776,0.020099457777777777,0.01525396888888889,0.014837768888888889,0.02036923111111111,0.021602697777777777,0.011331857777777779,0.012275968888888888,0.0060053599999999995,0.007915577777777778,0.015112697777777778,8946291.111111112,1951.9295555555557,,,,0.0186875,,,,,,,,0.046125,2.1400625,0.31925000000000003,,0.0199375,0.626875,,,,,0.9521875000000001,0.1035625,,0.075375,,0.0084375,0.013125,0.2204375,0.4871875,,0.0103125,0.1409375,0.47787500000000005,0.039125,,0.11699999999999999,0.02625,0.0295,0.34581249999999997,,,0.0586875,0.0063750000000000005,0.0171875,,,,,0.020625,0.0175625,,,,0.1013125,,,3.248741155555556,190.66667,486.50546,1.0
2024-08-03 01:00:00,2024-08-03 07:00:00,60.53333333333333,1.0,0.009794017777777778,,,,1.7242100666666669,1.4313575723387725e-06,0.0,0.0,0.0,0.0,0.0,0.0,0.0,0.0,0.0,0.0,0.0,0.0,0.0,0.0,0.0,0.0,0.0,0.261,1309.3253333333334,2.7821777777777776,0.053422222222222225,2.7821777777777776,40.73434,-111.87211,301.44688888888885,18.76488888888889,877.8337777777778,126.77635555555555,2.059111111111111,427591.5111111111,1991.7035555555556,199.99733333333333,8842732.162666665,0.0006766933333333333,4.128e-05,0.0006722933333333334,8.865777777777777e-05,0.0001578177777777778,0.003203831111111111,0.001931,0.11750191555555556,1.6124784444444444,2.914427111111111,9.275249422553372,0.36842547382987384,1.2473488747881747,2.0610742697635698,0.0010826881692381693,0.21217981375106376,4.42215747024642,0.003497723106523106,0.5548918204665705,0.7525421538979539,0.09751169351574353,0.1495547316442816,0.011210293147593147,0.0,0.08116023546083545,0.040587916762866764,0.001045261281311281,0.01953668763088763,0.11660113483738484,0.03505916857216858,0.0024083328967328967,0.0015589038757538758,0.005102973333333334,0.01691008888888889,0.18648322666666667,0.015394937777777779,0.0009075511111111111,0.25492211555555555,25200.0,25259.0,873.5898355555556,32.71259555555555,442.61204444444445,90.26086222222222,5.026079999999999,0.16648888888888888,0.032782222222222226,23.76861508888889,22.895207986666666,22.152422515555553,22.0931064,21.777929737777775,21.085846697777775,20.35920152,20.18854771111111,19.72891695111111,19.859989675555553,20.195228937777777,21.552030422222224,22.762540084444442,23.289780271111113,20.98476200888889,79.78456879111111,29.002210124444446,7.298513751111112,2.727557488888889,0.4371585733333333,0.24594718222222223,0.09969216444444444,0.06820917333333334,0.04581564888888889,0.035393466666666665,0.026127026666666667,0.021181044444444446,0.013417226666666667,0.015009955555555557,0.016023906666666667,0.02486108888888889,0.016181124444444445,0.010512808888888888,0.008573475555555553,0.00820603111111111,0.012681586666666666,8798608.311111111,1950.4584888888887,,,,0.01975,,,,,,,,0.0485,2.19825,0.331,,0.02075,0.5374999999999999,,,,,0.94275,0.10625000000000001,,0.0685,,0.00875,0.0135,0.22675,0.5037499999999999,,0.01025,0.14775,0.49250000000000005,0.0405,,0.122,0.027,0.031,0.36024999999999996,,,0.06175,0.006500000000000001,0.017750000000000002,,,,,0.021500000000000002,0.018250000000000002,,,,0.10525000000000001,,,3.079149644444444,169.16667,485.85129,1.0
2024-08-03 01:15:00,2024-08-03 07:15:00,59.908,1.0,0.015058986666666666,,,,1.663539151111111,2.274562271885522e-06,0.0,0.0,0.0,0.0,0.0,0.0,0.0,0.0,0.0,0.0,0.0,0.0,0.0,0.0,0.0,0.0,0.0,0.261,1309.0995555555555,2.9272444444444448,0.04906666666666667,2.9272444444444448,40.73434,-111.87210986666668,301.19044444444444,18.887999999999998,877.8351111111111,134.30893333333333,2.4680000000000004,428669.02222222224,1991.3742222222222,194.32755555555556,8645114.014222223,0.0006605733333333334,4.096444444444445e-05,0.0006458577777777777,8.38e-05,0.00015639555555555556,0.0033034933333333334,0.0018656266666666668,0.12975137511111112,1.6363463111111112,3.0991982222222223,9.493530533333335,0.3531053777777778,1.2232566222222223,2.3843018666666667,0.0017653333333333334,0.21287173333333334,4.3567495111111105,0.004055155555555556,0.4615543555555555,0.682675511111111,0.1528564888888889,0.3969210222222222,0.020951022222222223,0.0,0.2077996,0.09862924444444446,0.000860222222222222,0.02110768888888889,0.12628973333333335,0.03412528888888889,0.002333822222222222,0.001667511111111111,0.004590186666666667,0.014283404444444444,0.1657705777777778,0.013997017777777778,0.0008834311111111111,0.24305181777777776,26100.0,26159.0,873.5788844444445,32.779337777777776,431.61508888888886,87.22747555555556,4.857528888888889,0.16649333333333333,0.03146666666666667,24.17852910222222,23.076807724444446,22.177700893333334,21.898065977777776,21.703301622222224,20.721522760000003,19.99808403111111,19.798438542222225,19.358299742222222,19.005371653333334,19.471566057777782,20.852252764444447,22.004002706666665,22.406671853333332,20.235786835555555,76.30540498666667,27.794055622222224,6.959668875555555,2.5977388444444443,0.4143311333333333,0.22981090222222222,0.10632184444444445,0.06656939555555556,0.04555093777777777,0.03240604444444444,0.026414902222222224,0.021537613333333334,0.01668711111111111,0.015479208888888889,0.018031884444444445,0.022475520000000002,0.015447164444444444,0.012439671111111111,0.006533742222222222,0.008307231111111112,0.013422373333333333,8615077.51111111,1950.7201333333335,,,,0.0208125,,,,,,,,0.050875000000000004,2.2564375,0.34275,,0.0215625,0.4481249999999999,,,,,0.9333125,0.1089375,,0.06162500000000001,,0.009062500000000001,0.013874999999999998,0.2330625,0.5203125,,0.0101875,0.1545625,0.507125,0.041874999999999996,,0.127,0.027749999999999997,0.0325,0.37468749999999995,,,0.0648125,0.006625000000000001,0.018312500000000002,,,,,0.022375,0.018937500000000003,,,,0.10918749999999999,,,2.9087453777777776,231.66667,485.19931,1.0
2024-08-03 01:30:00,2024-08-03 07:30:00,58.87511111111111,1.0,0.023590308253968253,,,,1.615414714920635,2.358078145863396e-06,0.0,0.0,0.0,0.0,0.0,0.0,0.0,0.0,0.0,0.0,0.0,0.0,0.0,0.0,0.0,0.0,0.0,0.261,1308.600888888889,2.5358666666666663,0.04671111111111111,2.5358666666666663,40.73434,-111.87210346666667,300.99355555555553,18.396,877.724,131.54395555555556,2.2964444444444445,430082.84444444446,1995.5133333333333,190.88844444444445,8477357.413333334,0.0006303133333333335,1.6315238095238097e-05,0.0006774161904761905,0.00011123650793650792,0.00013788698412698413,0.002411705396825397,0.0032952742857142855,0.13203352534073332,1.5356676536537537,2.4767226034891037,9.687330533333332,0.3497502666666667,1.264443022222222,2.654312577777778,0.0014511111111111111,0.20184586666666665,4.3170027555555555,0.0040936,0.3772324444444444,0.59492,0.13066057777777776,0.3357752888888888,0.018316266666666668,0.0,0.18059879999999998,0.0831032,0.0013084888888888887,0.0223128,0.1281900888888889,0.030883600000000004,0.003444711111111111,0.002969022222222222,0.004077695873015873,0.011621917777777779,0.13835889904761906,0.01225540253968254,0.0008607063492063493,0.22528633333333334,27000.0,27059.0,873.4713022222222,32.709466666666664,403.16803999999996,81.93717333333333,4.591586666666667,0.16731555555555555,0.02965777777777778,22.071820782222222,21.107921315555554,20.31250590666667,20.314388093333335,20.018587097777775,19.273340435555557,18.744661524444442,18.628371453333333,18.047363337777778,17.919905764444444,18.322786991111112,19.644818866666665,20.75766133333333,21.055732262222225,19.08020242222222,71.78730011555555,25.921258235555555,6.63184124,2.5215954177777773,0.35278984,0.23894813333333334,0.10283130222222223,0.06699321777777777,0.04478581777777778,0.03236507111111111,0.025395106666666667,0.016393955555555555,0.01561596,0.014472995555555555,0.018579924444444444,0.02019284888888889,0.015478986666666666,0.01254576888888889,0.007061995555555556,0.008064471111111112,0.01339752,8437236.355555555,1954.678711111111,,,,0.021875000000000002,,,,,,,,0.053250000000000006,2.314625,0.35450000000000004,,0.022375,0.3587499999999999,,,,,0.923875,0.111625,,0.05475000000000001,,0.009375000000000001,0.014249999999999999,0.239375,0.536875,,0.010125,0.161375,0.52175,0.04325,,0.132,0.028499999999999998,0.034,0.389125,,,0.06787499999999999,0.00675,0.018875,,,,,0.02325,0.019625000000000004,,,,0.113125,,,2.7704676444444445,294.16666,484.5473,1.0
2024-08-03 01:45:00,2024-08-03 07:45:00,51.62577777777778,1.0,0.08999243142857144,,,,2.046033618095238,5.050191471509971e-06,0.0,0.0,0.0,0.0,0.0,0.0,0.0,0.0,0.0,0.0,0.0,0.0,0.0,0.0,0.0,0.0,0.0,0.261,1308.3088888888888,2.4929333333333332,0.047377777777777776,2.4929333333333332,40.73434,-111.8721016,300.69888888888886,20.227555555555558,877.680888888889,155.8752,2.2817777777777777,443477.9111111111,2022.7444444444445,240.328,9542871.87288889,0.0006906523809523809,8.702222222222224e-05,0.0012489209523809525,0.000527180634920635,0.00020476507936507938,0.0062657473015873015,0.017286214285714283,0.04647625931120731,5.004790664280165,6.4462695716135725,13.045549466666667,0.3768844,2.339004533333333,6.974005466666667,0.003513911111111111,0.2905804888888889,5.2765716,0.005990177777777778,0.39696613333333336,0.7325898666666667,0.17908706666666668,0.46435831111111103,0.029180266666666666,0.0,0.2767379111111111,0.11804382222222222,0.003612622222222222,0.04448933333333334,0.1422688,0.06571395555555555,0.012674088888888888,0.011126355555555556,0.004674371746031747,0.012755784444444446,0.11808103555555555,0.013958551746031746,0.001794584761904762,0.1990798631746032,27900.0,27959.0,873.4251911111111,32.73380888888889,449.41652,89.8868088888889,5.109857777777778,0.1696888888888889,0.032302222222222225,27.40645596,25.63297076888889,24.19632352888889,23.696917546666665,23.004073204444445,22.045953240000003,20.977028493333332,20.59410012888889,19.876529866666665,19.630240519999997,19.789438035555555,21.08898855111111,22.013338346666668,22.59203388888889,20.45193134222222,77.50275538666666,27.962263684444444,7.131825573333333,2.647920617777778,0.40447136888888896,0.2527279911111111,0.11155325333333334,0.07281147555555556,0.06458235111111112,0.04325976,0.03679279111111111,0.023440613333333336,0.021011995555555555,0.023749497777777778,0.022803844444444443,0.023299,0.022948315555555553,0.01639253777777778,0.007440991111111111,0.011191715555555556,0.016800942222222223,9442649.822222222,1978.2041777777777,,,,0.0229375,,,,,,,,0.05562500000000001,2.3728125,0.36624999999999996,,0.0231875,0.2693749999999999,,,,,0.9144375,0.11431250000000001,,0.047875,,0.0096875,0.014624999999999999,0.2456875,0.5534374999999999,,0.0100625,0.1681875,0.536375,0.044625,,0.13699999999999998,0.029249999999999998,0.0355,0.4035625,,,0.07093749999999999,0.006875,0.0194375,,,,,0.024125,0.0203125,,,,0.11706250000000001,,,3.4256819111111114,356.66666,483.89532,1.0
2024-08-03 02:00:00,2024-08-03 08:00:00,48.54666666666667,1.0,0.11795048126984127,,,,2.233458453015873,3.351878010989011e-06,0.0,0.0,0.0,0.0,0.0,0.0,0.0,0.0,0.0,0.0,0.0,0.0,0.0,0.0,0.0,0.0,0.0,0.261,1308.448,2.3931999999999998,0.04795555555555556,2.3931999999999998,40.73434,-111.87210906666668,299.93355555555553,21.688444444444443,877.6759999999999,162.6220888888889,1.7226666666666666,449445.9111111111,2041.1493333333335,257.69022222222225,9972201.553333335,0.0006881736507936508,0.00020327968253968257,0.001468436507936508,0.0007225869841269842,0.00024012857142857144,0.008047993333333333,0.022488365079365077,0.01701372311111111,5.369156,6.813351555555555,14.4610892,0.3969640888888889,2.870469911111111,8.640565022222223,0.0028891555555555556,0.33356502222222223,5.727917644444445,0.006724088888888888,0.3715909333333334,0.7748020444444444,0.21771657777777778,0.5210443555555555,0.03829782222222222,0.0,0.3525899111111111,0.14581733333333335,0.007187511111111111,0.04971311111111111,0.15379248888888888,0.07761075555555556,0.017827911111111112,0.015225644444444445,0.005160953968253968,0.013156325396825397,0.11102433301587301,0.015402904126984128,0.002237388888888889,0.19080781111111114,28800.0,28859.0,873.4690844444444,32.761542222222225,487.0708177777778,96.24559111111111,5.558515555555556,0.17232,0.03436444444444444,32.12583543555556,29.491256986666667,27.532400573333334,26.68750940888889,25.64731429777778,24.147994666666666,22.809409653333333,22.231965422222224,21.24799096,20.898336453333332,20.90078352,22.248316151111112,23.203909937777777,23.835130502222224,21.478557493333334,81.53304751555557,29.454064124444447,7.483961715555555,2.815059302222222,0.44487460444444443,0.26803808444444444,0.12713727555555557,0.0717217688888889,0.06558071111111112,0.047116493333333336,0.037728653333333334,0.02946464888888889,0.024722653333333334,0.023489933333333334,0.02595668,0.029527586666666664,0.023794866666666668,0.02350752,0.017165893333333335,0.016152,0.02188632,9902734.844444443,1996.0474222222222,4.839,0.368,0.163,0.024,0.001,0.075,0.448,0.216,0.093,0.009,0.029,0.058,2.431,0.378,0.245,0.024,0.18,,0.229,0.043,0.074,0.905,0.117,0.316,0.041,0.026,0.01,0.015,0.252,0.57,0.005,0.01,0.175,0.551,0.046,0.067,0.142,0.03,0.037,0.418,0.013,,0.074,0.007,0.02,0.01,0.053,0.026,0.009,0.025,0.021,0.135,0.021,0.011,0.121,0.099,0.045,3.8011588444444446,353.83334,483.24335,1.0
2024-08-03 02:15:00,2024-08-03 08:15:00,50.60977777777778,1.0,0.09439574571428573,,,,2.0656559853968255,1.7090982543438046e-06,0.0,0.0,0.0,0.0,0.0,0.0,0.0,0.0,0.0,0.0,0.0,0.0,0.0,0.0,0.0,0.0,0.0,0.261,1308.6053333333334,3.1324444444444444,0.049022222222222224,3.1324444444444444,40.73434,-111.87211,299.65888888888884,21.42,877.7417777777778,145.78893333333332,1.5315555555555556,446780.93333333335,2039.7155555555555,245.00844444444445,9522280.065777777,0.0006508107936507937,0.0001771622222222222,0.0012773380952380952,0.0005955009523809523,0.00024309492063492063,0.006137253968253968,0.021313943174603174,0.016025264,4.693245777777777,6.115731555555556,13.051058888888889,0.3773464,2.4413715111111114,6.951251466666666,0.002757911111111111,0.29464253333333335,5.342800577777778,0.004212888888888889,0.2847655111111111,0.6834185777777777,0.1776872888888889,0.4023477333333333,0.028908399999999997,0.0,0.2747156444444444,0.11711942222222223,0.001965822222222222,0.04279804444444445,0.14226475555555554,0.06668840000000001,0.016275066666666668,0.012191200000000001,0.0050070403174603175,0.011569358730158732,0.10678023936507935,0.014231109206349207,0.0018928104761904761,0.19987939365079366,29700.0,29759.0,873.574831111111,32.824035555555554,459.87523111111113,91.50023111111112,5.307128888888888,0.17300888888888888,0.03295111111111111,29.652904835555557,27.441177831111112,25.650092413333333,24.753144306666666,23.978534622222224,22.73558502222222,21.567564413333333,21.09128187111111,20.122433755555555,19.80976549777778,19.84511384,21.079025542222222,22.19957485333333,22.686752342222224,20.35245952,77.57880907111112,28.126385924444445,7.225644693333334,2.724266546666667,0.4245735777777778,0.2665840222222222,0.11297109777777778,0.08001496,0.06029458222222222,0.03927483111111111,0.035355755555555556,0.02705572888888889,0.025783875555555558,0.02674352,0.028966808888888886,0.03480766666666667,0.022893493333333334,0.02028328,0.01304764888888889,0.013001724444444444,0.022958755555555554,9466157.466666665,1995.7153777777776,,,,0.023714285714285716,,,,,,,,0.05726785714285715,2.406357142857143,0.3753392857142857,,0.023946428571428573,0.18275,,,,,0.8947142857142858,0.11596428571428571,,0.04064285714285715,,0.009946428571428571,0.014857142857142857,0.24925,0.5649642857142857,,0.01,0.1728392857142857,0.5460535714285715,0.04542857142857143,,0.1406785714285714,0.029607142857142856,0.03657142857142857,0.4138928571428571,,,0.07305357142857143,0.006982142857142857,0.019803571428571427,,,,,0.02480357142857143,0.020803571428571428,,,,0.11982142857142856,,,3.4755807555555553,276.33334,482.59134,1.0
2024-08-03 02:30:00,2024-08-03 08:30:00,48.60133333333333,1.0,0.09726134634920636,,,,2.1183070222222224,8.061496025641025e-07,0.0,0.0,0.0,0.0,0.0,0.0,0.0,0.0,0.0,0.0,0.0,0.0,0.0,0.0,0.0,0.0,0.0,0.261,1308.528,2.661822222222222,0.04697777777777778,2.661822222222222,40.73434,-111.87211,299.1073333333333,21.938222222222223,877.9044444444444,129.62044444444444,1.289777777777778,449168.6666666666,2075.4391111111113,275.00977777777774,9715218.205333335,0.0006407396825396826,0.0001345657142857143,0.0014446901587301586,0.0007570428571428571,0.0003467260317460318,0.0069463177777777775,0.028987793333333338,0.03798376977777778,5.392123555555556,6.890950222222222,13.819802047130647,0.37692419120879117,2.697697608058608,8.158352744810745,0.0031791435897435896,0.308623366056166,5.447261358974359,0.002464663492063492,0.23990578034188034,0.6614904986568987,0.21326143907203907,0.4528693702075701,0.03173131257631258,0.0,0.29818869352869354,0.13275609352869353,0.008293505982905984,0.046459645665445665,0.1521617391941392,0.08082579658119658,0.017275537240537243,0.013403107936507936,0.005691985714285715,0.011045515873015875,0.10110501523809524,0.014473742222222223,0.0018913746031746033,0.2145385777777778,30600.0,30659.0,873.731808888889,32.75772,465.7643688888889,93.42762666666665,5.528737777777778,0.17643555555555554,0.03377777777777778,29.624598213333332,27.491695919999998,25.802989262222223,25.040073720000002,24.156121102222222,22.945505435555557,21.775228573333333,21.347493386666667,20.349736706666665,20.07749255111111,20.13255278666667,21.47178428,22.47869015111111,22.94426068,20.639136337777778,79.33727719111111,28.570829555555555,7.442608133333334,2.7841007244444445,0.42837019111111113,0.2835885777777778,0.12986744888888888,0.08446136,0.06281447111111112,0.05213401777777778,0.04150566222222222,0.033022444444444445,0.028153880000000003,0.026231546666666668,0.02994731111111111,0.04532877777777778,0.02836999111111111,0.02265658222222222,0.015383995555555556,0.014665497777777778,0.02570688,9647641.688888889,2028.284222222222,,,,0.02342857142857143,,,,,,,,0.056535714285714286,2.3817142857142857,0.3726785714285714,,0.023892857142857143,0.1855,,,,,0.8844285714285715,0.11492857142857144,,0.040285714285714286,,0.009892857142857142,0.014714285714285714,0.2465,0.5599285714285713,,0.01,0.17067857142857143,0.5411071428571429,0.04485714285714286,,0.13935714285714285,0.029214285714285713,0.03614285714285714,0.40978571428571425,,,0.07210714285714286,0.0069642857142857145,0.019607142857142858,,,,,0.02460714285714286,0.02060714285714286,,,,0.11864285714285713,,,3.6367983555555554,198.83333,481.93936,1.0
2024-08-03 02:45:00,2024-08-03 08:45:00,47.663111111111114,1.0,0.12266698412698414,,,,2.132845440952381,8.901469523809523e-07,0.0,0.0,0.0,0.0,0.0,0.0,0.0,0.0,0.0,0.0,0.0,0.0,0.0,0.0,0.0,0.0,0.0,0.261,1308.4933333333333,2.0477777777777777,0.04644444444444444,2.0477777777777777,40.73434,-111.87211,298.842,21.968444444444444,877.9822222222223,116.2556888888889,1.1053333333333335,449052.57777777774,2104.570222222222,274.6057777777778,9673571.199111111,0.0007320612698412699,0.0001090952380952381,0.0017770009523809525,0.0013403288888888887,0.0004578803174603175,0.008440514603174604,0.043294855873015875,0.5548047035555556,6.8546791111111105,11.164322222222223,14.55819888999519,0.376797932010582,2.840281312121212,8.726540011904763,0.002886600529100529,0.3143087953102453,5.556460116209717,0.002329413949013949,0.17442331022126026,0.616418718157768,0.25771690286195287,0.528730146103896,0.04637375153920154,0.012541050793650794,0.3376578348965849,0.1438546168109668,0.008825095526695527,0.046041214261664264,0.142708694011544,0.08905489321789323,0.01743101815776816,0.013283558561808562,0.007478669523809525,0.01145154761904762,0.10717404634920635,0.015385207936507935,0.0017076168253968254,0.3257374323809524,31500.0,31559.0,873.8293333333334,32.80515111111111,497.16915555555556,99.51596444444445,5.924222222222222,0.17736888888888888,0.03604888888888889,32.63939300888889,30.12543155111111,28.03004740888889,26.937000804444445,25.665901755555556,24.481296915555557,23.169273377777778,22.533129777777777,21.562184844444445,21.27855097777778,21.33987534222222,22.69432052,23.80206482222222,24.126390711111114,21.69503267111111,84.14899525777778,30.47588666222222,8.130032386666667,2.917208671111111,0.43755728,0.2768842755555555,0.13768316,0.09049278666666667,0.07904896888888889,0.05519915111111111,0.04209308888888889,0.0394776,0.029702697777777776,0.02930656,0.03741148888888889,0.04252850222222222,0.035216217777777774,0.021598417777777778,0.017293622222222225,0.01887283111111111,0.026682253333333333,9593222.844444444,2059.252444444445,,,,0.023142857142857142,,,,,,,,0.05580357142857143,2.3570714285714285,0.3700178571428571,,0.023839285714285716,0.18825,,,,,0.8741428571428571,0.11389285714285714,,0.03992857142857143,,0.009839285714285714,0.01457142857142857,0.24375,0.5548928571428571,,0.01,0.16851785714285714,0.5361607142857143,0.04428571428571428,,0.13803571428571426,0.02882142857142857,0.03571428571428571,0.4056785714285714,,,0.07116071428571429,0.006946428571428571,0.019410714285714285,,,,,0.024410714285714286,0.020410714285714286,,,,0.11746428571428572,,,3.8476324444444443,121.33334,481.28735,1.0
2024-08-03 03:00:00,2024-08-03 09:00:00,44.31377777777778,1.0,0.14950334222222222,,,,2.3568336044444447,9.741443021978022e-07,0.0,0.0,0.0,0.0,0.0,0.0,0.0,0.0,0.0,0.0,0.0,0.0,0.0,0.0,0.0,0.0,0.0,0.261,1308.852888888889,2.5294666666666665,0.04955555555555556,2.5294666666666665,40.73434035555556,-111.872112,298.2988888888889,22.89466666666667,878.0666666666667,115.6447111111111,0.5737777777777778,454583.64444444445,2088.5764444444444,318.16488888888887,10033311.79511111,0.0006144577777777777,2.8751111111111112e-05,0.0016673155555555555,0.0012757155555555557,0.00040276,0.010125079999999998,0.02149455111111111,0.600031844,6.768937777777778,10.599106222222222,16.364401213160914,0.36741426949531947,3.1283037465663965,10.952747014590964,0.004822531028231028,0.33522170892995895,5.693019322590373,0.005530934750434751,0.21654195047915048,0.6214851467476967,0.2805224040848041,0.9316683379472379,0.04833380083805084,0.0,0.4208550078606578,0.15737047763717762,0.0053868140415140415,0.060655781873681876,0.15620828413623414,0.10007807824767825,0.020387399992599992,0.015757449346949347,0.005402897777777778,0.009549537777777778,0.08913007555555555,0.012038751111111112,0.0016984888888888889,0.2785156044444445,32400.0,32459.0,873.896208888889,32.763915555555556,453.0951866666667,92.44211555555556,5.74288,0.18484888888888887,0.03389777777777778,28.450509608888886,26.376820319999997,24.79150627111111,24.129359395555557,23.288427662222222,22.106528493333332,21.269771764444446,20.531203084444442,19.724952355555555,19.50901117777778,19.711080293333332,21.099739386666666,22.06086852,22.480392031111112,20.286084640000002,77.54418554222222,28.18712279111111,7.278680866666667,2.7572154222222225,0.42359708444444444,0.28296765333333335,0.14369585777777777,0.10332966222222222,0.08766199999999999,0.06217581777777778,0.05637984,0.041822271111111115,0.037862911111111106,0.03480768888888889,0.04323023555555556,0.055752533333333326,0.03345767111111111,0.027988097777777776,0.022591986666666668,0.020365657777777775,0.033950435555555554,9947712.933333332,2042.0853333333334,,,,0.022857142857142857,,,,,,,,0.05507142857142858,2.3324285714285713,0.3673571428571429,,0.023785714285714285,0.191,,,,,0.8638571428571429,0.11285714285714286,,0.03957142857142857,,0.009785714285714286,0.014428571428571428,0.241,0.5498571428571428,,0.01,0.16635714285714284,0.5312142857142857,0.04371428571428571,,0.1367142857142857,0.028428571428571428,0.03528571428571428,0.4015714285714286,,,0.07021428571428572,0.006928571428571429,0.019214285714285715,,,,,0.024214285714285716,0.020214285714285716,,,,0.11628571428571428,,,3.8448976000000004,91.666664,480.47238,1.0
2024-08-03 03:15:00,2024-08-03 09:15:00,41.83644444444444,1.0,0.15585446222222224,,,,2.4812744355555556,1.058141652014652e-06,0.0,0.0,0.0,0.0,0.0,0.0,0.0,0.0,0.0,0.0,0.0,0.0,0.0,0.0,0.0,0.0,0.0,0.261,1309.271111111111,2.9261777777777778,0.048266666666666666,2.9261777777777778,40.73434026666667,-111.87211586666668,297.8255555555555,24.205777777777776,878.132,123.40213333333332,0.8408888888888889,460651.15555555554,2105.0808888888887,281.8986666666667,10390223.095999999,0.0006417066666666667,4.281333333333334e-05,0.00167572,0.001748297777777778,0.00042070222222222224,0.008963235555555555,0.034814613333333334,0.011670243555555555,6.841592888888889,8.128330666666667,17.128237555555554,0.3752709333333334,3.4247727111111113,12.725094844444444,0.005326755555555556,0.3601998666666667,5.888550177777778,0.010758044444444444,0.19899635555555553,0.6244419111111111,0.31512337777777777,1.2434007555555555,0.04702653333333333,0.0,0.5005236888888889,0.1853936888888889,0.007554666666666667,0.06510231111111112,0.15398062222222222,0.11318111111111112,0.021861466666666666,0.019084888888888887,0.00551276,0.009228893333333333,0.08071751555555555,0.01189504888888889,0.0016667244444444444,0.1934621466666667,33300.0,33359.0,873.98144,32.86364888888889,464.2063511111111,94.25718666666667,5.847355555555556,0.18476444444444443,0.03450666666666667,29.590519253333333,27.509163782222224,25.873669942222218,25.044256191111113,23.87816367555556,22.85540294222222,21.76145514222222,21.113277760000003,20.139988702222222,19.872830386666667,20.060296222222224,21.482185462222223,22.435004226666667,22.928183213333334,20.584625306666666,78.69047456444444,28.60982972,7.431007284444444,2.820500848888889,0.4431852133333333,0.28040212,0.13432054666666668,0.10370677333333332,0.07889410666666666,0.06818085777777778,0.05105615555555555,0.044042795555555556,0.043900577777777776,0.03804743555555556,0.03906767111111111,0.058234751111111115,0.033857724444444445,0.03486136888888889,0.01871226222222222,0.01889662666666667,0.03615217777777778,10282657.733333332,2055.537466666666,,,,0.022571428571428572,,,,,,,,0.054339285714285715,2.307785714285714,0.3646964285714286,,0.023732142857142858,0.19375,,,,,0.8535714285714286,0.11182142857142857,,0.039214285714285715,,0.009732142857142858,0.014285714285714285,0.23825000000000002,0.5448214285714286,,0.01,0.16419642857142855,0.5262678571428572,0.04314285714285714,,0.13539285714285712,0.028035714285714285,0.03485714285714286,0.3974642857142857,,,0.06926785714285714,0.006910714285714286,0.019017857142857142,,,,,0.024017857142857143,0.020017857142857143,,,,0.11510714285714285,,,4.025258444444445,116.66666,479.65738,1.0
2024-08-03 03:30:00,2024-08-03 09:30:00,39.04977777777778,1.0,0.17647976666666668,,,,2.6187785755555555,1.1421390018315017e-06,0.0,0.0,0.0,0.0,0.0,0.0,0.0,0.0,0.0,0.0,0.0,0.0,0.0,0.0,0.0,0.0,0.0,0.261,1309.6493333333335,2.9747555555555554,0.04822222222222223,2.9747555555555554,40.734334044444445,-111.87211013333334,297.2344444444444,25.60666666666667,878.1982222222222,117.02968888888888,0.8613333333333333,466244.0444444445,2121.7586666666666,287.6924444444445,10823145.567555556,0.0006816507936507937,0.0001418057142857143,0.0019427504761904762,0.0025144698412698416,0.0004470228571428571,0.00911205619047619,0.049461393968253976,0.022040102222222226,7.549459111111111,9.160088444444444,18.581359466666665,0.3831194666666667,3.9950527555555557,14.073867955555555,0.0053467555555555555,0.3946848,6.290435066666666,0.010259155555555555,0.21832746666666666,0.6533177777777778,0.3205281333333333,0.9865308444444444,0.058170844444444446,0.0,0.532062,0.20328364444444444,0.01514191111111111,0.07741582222222222,0.18984422222222222,0.12380008888888888,0.026356355555555554,0.023878533333333334,0.0060303765079365084,0.009012649523809523,0.07690282920634921,0.012278532063492064,0.0016894628571428572,0.16897557873015873,34200.0,34259.0,874.0618222222222,32.883475555555556,496.18991555555556,99.34464444444444,6.10804,0.18329777777777778,0.03599111111111111,33.14210457777778,30.552878444444445,28.51201410222222,27.289993133333333,26.18903644888889,24.71010470222222,23.297415991111112,22.667002857777778,21.423665191111112,21.129730751111115,21.220474448888886,22.53276920888889,23.515512364444444,24.031288328888888,21.422075133333333,82.48080552,29.80104759111111,7.785826248888889,2.942580671111111,0.4526800888888889,0.27047132444444444,0.1451482,0.10178667111111112,0.08013315555555556,0.061627275555555555,0.052032182222222216,0.04544465777777778,0.04495657777777778,0.03925534666666666,0.04425694222222222,0.05614811111111111,0.03706020888888888,0.03552727555555556,0.021182839999999998,0.02652709333333333,0.02928925777777778,10712875.111111112,2072.9497333333334,,,,0.022285714285714287,,,,,,,,0.05360714285714286,2.2831428571428574,0.3620357142857143,,0.02367857142857143,0.1965,,,,,0.8432857142857143,0.11078571428571429,,0.03885714285714286,,0.009678571428571429,0.014142857142857143,0.2355,0.5397857142857142,,0.01,0.16203571428571428,0.5213214285714286,0.04257142857142857,,0.13407142857142856,0.027642857142857143,0.034428571428571426,0.39335714285714285,,,0.06832142857142857,0.006892857142857143,0.018821428571428572,,,,,0.023821428571428573,0.019821428571428573,,,,0.11392857142857142,,,4.207495244444444,141.66667,479.0054,1.0
2024-08-03 03:45:00,2024-08-03 09:45:00,42.38844444444444,1.0,0.1414109288888889,,,,2.412070453015873,1.2261363516483517e-06,0.0,0.0,0.0,0.0,0.0,0.0,0.0,0.0,0.0,0.0,0.0,0.0,0.0,0.0,0.0,0.0,0.0,0.261,1310.115111111111,2.4748,0.050444444444444445,2.4748,40.73433004444444,-111.87211,296.91666666666663,25.752444444444446,878.1671111111112,126.63257777777777,1.1871111111111112,458730.71111111116,2102.186222222222,249.1457777777778,10448364.237333333,0.0006895984126984127,0.00012221428571428572,0.0018178777777777778,0.0021089403174603177,0.0004344206349206349,0.009389814603174606,0.03370917682539683,0.017140009070707073,6.205799707052207,7.971552155307656,17.093311822222223,0.38228680000000004,3.3717523555555555,11.801858666666668,0.004063377777777778,0.34727688888888886,5.9978104000000005,0.006787022222222222,0.17446693333333335,0.5986030666666667,0.23201728888888887,0.5815259555555554,0.03918555555555556,0.0,0.39330186666666667,0.15785600000000002,0.0069232,0.06500013333333333,0.17772337777777777,0.11533253333333333,0.0221916,0.01939151111111111,0.005583269523809524,0.00835595746031746,0.07421390698412698,0.011530886666666667,0.0018558342857142856,0.16988592825396828,35100.0,35159.0,874.0434533333333,32.885200000000005,474.78050666666667,95.50797333333334,5.921462222222222,0.18450666666666665,0.03463555555555555,30.87328013777778,28.785687942222225,26.771456404444447,25.955221511111112,24.81300676,23.559060715555557,22.23675194222222,21.69707740888889,20.661236560000003,20.28271134222222,20.51812772888889,21.89568314222222,22.797773857777777,23.261453604444444,20.88881000888889,79.39551468888888,28.68486698666667,7.406415248888889,2.7802493866666667,0.4284158177777778,0.2817508444444445,0.1451294488888889,0.10319725777777777,0.08018786222222223,0.05522442222222222,0.05600919555555555,0.0462318,0.044509155555555555,0.03147168888888889,0.04157628,0.05161965777777778,0.04199078666666667,0.030086568888888887,0.022289435555555556,0.02267976,0.033774439999999996,10389008.977777777,2056.201466666667,,,,0.022,,,,,,,,0.052875000000000005,2.2585,0.359375,,0.023625,0.19924999999999998,,,,,0.833,0.10975,,0.0385,,0.009625,0.013999999999999999,0.23275,0.53475,,0.01,0.159875,0.516375,0.041999999999999996,,0.13274999999999998,0.02725,0.033999999999999996,0.38925,,,0.06737499999999999,0.006875,0.018625,,,,,0.023625,0.019625,,,,0.11274999999999999,,,3.9043996888888888,166.66667,478.35342,1.0
2024-08-03 04:00:00,2024-08-03 10:00:00,51.891555555555556,1.0,0.06090436444444445,,,,1.8114363288888888,1.3101337014652014e-06,0.0,0.0,0.0,0.0,0.0,0.0,0.0,0.0,0.0,0.0,0.0,0.0,0.0,0.0,0.0,0.0,0.0,0.261,1309.9693333333335,1.9805777777777778,0.05195555555555555,1.9805777777777778,40.73433595555556,-111.87211,297.37755555555555,22.559555555555555,878.1462222222223,126.96604444444445,1.216,441870.2222222222,2027.8724444444445,191.06,9007618.78,0.0007168044444444444,2.708888888888889e-05,0.001055471111111111,0.0004720711111111111,0.00023440444444444445,0.00663,0.005579608888888889,0.01858647981166981,1.9566247459207458,2.890724591094091,12.601902266666666,0.45350466666666667,1.8527505333333332,5.560938311111111,0.003237466666666667,0.23064902222222225,4.7208686222222225,0.006741066666666667,0.164282,0.44579168888888887,0.10794897777777779,0.29335346666666656,0.01815942222222222,0.0,0.18148306666666666,0.06809302222222223,0.0003759111111111112,0.03770182222222222,0.14439013333333334,0.06577271111111112,0.010227866666666667,0.007325777777777777,0.003905271111111111,0.007096355555555556,0.08711397333333333,0.00805220888888889,0.0010252444444444444,0.20845554222222226,36000.0,36059.0,874.0087911111111,32.90208444444445,394.29452444444445,79.50717333333334,4.642057777777778,0.17367555555555556,0.02877333333333333,23.11669960444444,21.95686717777778,20.653529235555556,20.59102661777778,20.06720181777778,19.158849235555557,18.525047893333333,18.254104697777777,17.583841080000003,17.506497684444444,17.831837475555556,18.97456942666667,20.06962296,20.191796813333333,18.04927858222222,67.66486380888888,24.421648462222223,6.208218555555556,2.3523738266666663,0.3561851644444445,0.23386165333333334,0.11858426666666667,0.07348613333333334,0.05559183555555556,0.03660906666666667,0.03405994222222222,0.022143288888888887,0.025269111111111114,0.021194871111111114,0.02522364,0.03557791111111111,0.02395402666666667,0.01284431111111111,0.011135564444444444,0.011207782222222221,0.01968246666666667,8982354.844444444,1986.8719111111113,,,,0.021714285714285714,,,,,,,,0.052142857142857144,2.233857142857143,0.3567142857142857,,0.023571428571428573,0.20199999999999999,,,,,0.8227142857142857,0.10871428571428572,,0.038142857142857145,,0.009571428571428571,0.013857142857142856,0.23,0.5297142857142857,,0.01,0.1577142857142857,0.5114285714285715,0.041428571428571426,,0.13142857142857142,0.026857142857142857,0.03357142857142857,0.3851428571428571,,,0.06642857142857142,0.006857142857142858,0.01842857142857143,,,,,0.02342857142857143,0.01942857142857143,,,,0.11157142857142857,,,2.8721743555555554,191.66667,477.70142,1.0
2024-08-03 04:15:00,2024-08-03 10:15:00,51.75644444444445,1.0,0.06288196888888889,,,,1.804192057777778,1.3941310512820514e-06,0.0,0.0,0.0,0.0,0.0,0.0,0.0,0.0,0.0,0.0,0.0,0.0,0.0,0.0,0.0,0.0,0.0,0.261,1308.847111111111,2.555111111111111,0.05035555555555556,2.555111111111111,40.73434066666667,-111.87210751111112,297.8708888888889,21.809777777777775,878.2706666666667,144.19782222222224,1.0413333333333332,442048.3555555556,2026.1,191.68222222222224,8984753.261777777,0.00066612,2.0817777777777775e-05,0.0010124711111111112,0.0003063155555555556,0.00021912444444444442,0.0056406177777777785,0.004210457777777778,0.013800133777777779,1.9681164444444443,2.8164555555555557,11.757076622222224,0.45903751111111113,1.7322961333333333,5.1469094222222225,0.0024268444444444444,0.2250566222222222,4.590916044444445,0.009794266666666666,0.16486457777777777,0.42690755555555554,0.10596884444444445,0.3088498666666666,0.015465733333333334,0.0,0.18389106666666669,0.06748924444444444,-0.0011748444444444443,0.0339572,0.13486613333333333,0.060504711111111116,0.025967955555555554,0.006561377777777778,0.0038083333333333333,0.0068081911111111115,0.08603601333333333,0.007526568888888889,0.0008694311111111111,0.2093500488888889,36900.0,36959.0,874.0959466666667,32.90855555555556,381.2666933333333,77.00701777777778,4.436977777777778,0.17184444444444444,0.02796,21.644852004444445,20.697941702222224,19.824097848888886,19.68324464,19.16343277777778,18.55426825333333,17.81156768,17.733550093333335,17.271901626666665,17.037401062222223,17.34020812,18.564857720000003,19.603154364444443,19.863859004444446,17.660016106666667,65.6568177288889,23.657644644444442,6.084042826666666,2.3581362755555557,0.3592434666666667,0.22041667111111113,0.10682952888888889,0.07257246222222222,0.05249297333333333,0.04027757333333334,0.022399506666666666,0.023154364444444447,0.023046955555555557,0.01696059555555556,0.01826348888888889,0.02974447111111111,0.01943242666666667,0.01411708,0.009155444444444443,0.011014973333333334,0.01651792,8926824.222222224,1983.2562222222223,,,,0.02142857142857143,,,,,,,,0.05141071428571429,2.209214285714286,0.3540535714285714,,0.023517857142857142,0.20475,,,,,0.8124285714285715,0.10767857142857143,,0.03778571428571429,,0.009517857142857144,0.013714285714285714,0.22725,0.5246785714285714,,0.01,0.1555535714285714,0.5064821428571429,0.040857142857142856,,0.13010714285714284,0.026464285714285714,0.03314285714285714,0.38103571428571426,,,0.06548214285714285,0.006839285714285714,0.018232142857142856,,,,,0.023232142857142857,0.019232142857142857,,,,0.11039285714285714,,,2.841146577777778,216.66667,477.04944,1.0
2024-08-03 04:30:00,2024-08-03 10:30:00,48.20711111111111,1.0,0.0840800165079365,,,,1.9361561895238095,1.4781284010989011e-06,0.0,0.0,0.0,0.0,0.0,0.0,0.0,0.0,0.0,0.0,0.0,0.0,0.0,0.0,0.0,0.0,0.0,0.261,1308.3457777777778,2.2617333333333334,0.047377777777777776,2.2617333333333334,40.73434066666667,-111.87210782222223,297.55977777777775,22.897333333333336,878.3799999999999,130.87946666666667,1.1008888888888888,448363.55555555556,2046.9164444444443,205.432,9419272.973333335,0.0005867603174603174,0.00013871238095238098,0.0011562114285714284,0.0004925215873015872,0.00023043428571428574,0.006710825714285715,0.008283762857142857,0.011183504888888888,3.0897208888888885,3.8350595555555556,13.7146182007326,0.37829354945054944,2.208525877411477,6.599222531868133,0.003413359706959707,0.2587968573870574,4.922380982173382,0.01074467619047619,0.15018621575091576,0.4486677133089133,0.16920822930402932,0.41156341953601944,0.021028515995115994,0.0,0.2636547221001221,0.11103708791208791,0.008430192185592185,0.04620071697191697,0.17268301318681317,0.078244273992674,0.03259159951159951,0.00997876678876679,0.003914474285714286,0.0066589326984126986,0.07905496857142857,0.007702867619047619,0.0010861057142857143,0.17781978380952382,37800.0,37859.0,874.2364666666667,32.91021333333333,388.28116444444447,78.76931555555555,4.709386666666666,0.17795555555555556,0.028653333333333333,22.939444644444443,21.663116048888888,20.428325915555554,20.134481875555554,19.663403004444444,18.923030097777776,18.31864628888889,17.963164684444443,17.260455453333336,17.081358253333335,17.47823362222222,18.814603733333335,19.605610671111112,20.03364486666667,18.005056177777778,66.22177395555556,23.89697695111111,6.269312231111112,2.3968008444444444,0.37287843111111113,0.23883355555555555,0.11044168000000001,0.08601627555555555,0.05813256,0.04203592444444445,0.034464928888888885,0.028704217777777777,0.027306577777777778,0.024765306666666667,0.027292666666666666,0.03584755111111112,0.02962212,0.02308101777777778,0.011911466666666667,0.011756853333333334,0.020507186666666666,9348501.955555556,2002.8435111111112,,,,0.021142857142857144,,,,,,,,0.050678571428571434,2.1845714285714286,0.3513928571428572,,0.023464285714285715,0.2075,,,,,0.8021428571428572,0.10664285714285715,,0.03742857142857143,,0.009464285714285715,0.013571428571428571,0.2245,0.5196428571428571,,0.01,0.15339285714285714,0.5015357142857143,0.040285714285714286,,0.12878571428571428,0.026071428571428572,0.03271428571428571,0.3769285714285714,,,0.06453571428571428,0.006821428571428571,0.018035714285714287,,,,,0.023035714285714288,0.019035714285714288,,,,0.10921428571428571,,,3.0352106666666665,241.66667,476.39743,1.0
2024-08-03 04:45:00,2024-08-03 10:45:00,47.98800000000001,1.0,0.07869333015873015,,,,1.859508826984127,1.5621257509157509e-06,0.0,0.0,0.0,0.0,0.0,0.0,0.0,0.0,0.0,0.0,0.0,0.0,0.0,0.0,0.0,0.0,0.0,0.261,1308.8897777777777,2.0149333333333335,0.04711111111111111,2.0149333333333335,40.73434,-111.87211,297.1957777777778,23.253333333333334,878.2844444444444,128.35613333333333,1.1373333333333333,447745.55555555556,2037.692,201.68355555555553,9372818.269333333,0.0005822577777777779,0.00017848920634920638,0.0011862165079365079,0.0005701066666666667,0.0002553190476190476,0.00792260634920635,0.011180156825396827,0.07742799333333332,4.285049333333333,5.231924888888889,14.005227482347282,0.350842322919673,2.2143082800384803,6.530432227753729,0.0025019606301106305,0.25685478869648876,4.936002746320346,0.0076028961760461755,0.13818399362674363,0.46263384696969695,0.18695194793169792,0.4032354340307838,0.020956341366041364,0.0013949852813852778,0.24798439716209716,0.10477029006734008,0.015507445382395383,0.04931785173160173,0.15138527967772966,0.07688446404521405,0.013935558321308321,0.010174004256854255,0.003951111111111111,0.006866750476190476,0.07937363873015874,0.008365286349206351,0.0012239980952380952,0.17208703873015874,38700.0,38759.0,874.1563022222222,32.83853333333334,391.5790177777778,79.58094222222222,4.872395555555555,0.1822888888888889,0.028991111111111113,23.639383088888888,22.163122315555555,20.92140207111111,20.614053275555552,19.988545755555556,19.266068684444445,18.355876462222223,17.95434735111111,17.283108159999998,17.236522986666667,17.416691284444443,18.705245564444446,19.680895257777777,20.042871591111112,17.89337076,66.54148712444444,24.043742844444445,6.184026568888888,2.4149309822222222,0.3789454755555556,0.23841264888888888,0.10782822666666667,0.08588140444444445,0.05992955111111111,0.04087957777777777,0.03457336444444445,0.029589902222222225,0.02945254222222222,0.032862515555555555,0.035903866666666666,0.04672282666666667,0.029551439999999998,0.022969884444444442,0.01605889777777778,0.018664311111111113,0.025088395555555552,9310829.51111111,1994.9780444444445,,,,0.02085714285714286,,,,,,,,0.04994642857142857,2.1599285714285714,0.3487321428571429,,0.023410714285714285,0.21025,,,,,0.7918571428571428,0.10560714285714286,,0.037071428571428575,,0.009410714285714286,0.013428571428571429,0.22175,0.5146071428571428,,0.01,0.15123214285714284,0.49658928571428573,0.039714285714285716,,0.1274642857142857,0.02567857142857143,0.032285714285714286,0.3728214285714285,,,0.06358928571428571,0.006803571428571429,0.017839285714285714,,,,,0.022839285714285715,0.018839285714285715,,,,0.10803571428571428,,,3.0068434666666666,266.66666,475.74545,1.0
2024-08-03 05:00:00,2024-08-03 11:00:00,46.35377777777777,1.0,0.08436752,,,,1.912001408888889,1.6461231007326009e-06,0.0,0.0,0.0,0.0,0.0,0.0,0.0,0.0,0.0,0.0,0.0,0.0,0.0,0.0,0.0,0.0,0.0,0.261,1308.84,2.642888888888889,0.04986666666666666,2.642888888888889,40.73434,-111.87211,297.04066666666665,23.583111111111112,878.2226666666667,118.97928888888889,0.7884444444444444,450835.2888888889,2039.1671111111111,214.1271111111111,9572198.439555556,0.0006523911111111112,0.00016095111111111114,0.001360093333333333,0.0008893644444444444,0.0003073511111111111,0.010114799999999998,0.017462377777777777,0.01681675022222222,4.6167039999999995,5.707156444444444,13.27217584208569,0.34818821785806786,2.2618117150386654,6.914760938023089,0.003211273937173937,0.260161477983128,4.955701465621416,0.007808233845783846,0.16375937084952083,0.46210692050727054,0.1768838980778481,0.444197591095941,0.032700322459022456,0.0,0.2640489571872572,0.10883351626336626,0.008057074270174271,0.04437903194028194,0.1306478050930551,0.07621375150960151,0.013035573482073482,0.009882856301106302,0.003986373333333334,0.006446773333333333,0.07794066222222223,0.008775786666666667,0.0014271733333333333,0.1716400711111111,39600.0,39659.0,874.0897377777778,32.89034222222222,395.01423555555556,79.90497777777777,4.828684444444445,0.1800311111111111,0.029071111111111114,24.296474999999997,22.59121951111111,21.318622524444443,20.816026937777778,20.28997307111111,19.400388293333332,18.50743615111111,18.11847400888889,17.341582404444445,17.33377832,17.567904222222225,18.59693786222222,19.726269115555557,20.09431977777778,17.910577120000003,67.07135449777778,24.16493254222222,6.222962288888889,2.397124088888889,0.39991796888888886,0.23477893777777775,0.12140030222222223,0.07807206666666668,0.06405498666666667,0.048280493333333334,0.03621293333333333,0.032837622222222224,0.027995204444444442,0.030209173333333332,0.030952395555555557,0.04012101333333333,0.028055439999999997,0.020122235555555555,0.013872497777777777,0.01645980888888889,0.02451008,9500037.77777778,1995.221377777778,,,,0.02057142857142857,,,,,,,,0.04921428571428572,2.1352857142857142,0.3460714285714286,,0.023357142857142858,0.213,,,,,0.7815714285714286,0.10457142857142858,,0.03671428571428571,,0.009357142857142857,0.013285714285714284,0.219,0.5095714285714286,,0.01,0.14907142857142855,0.49164285714285716,0.03914285714285714,,0.12614285714285714,0.025285714285714286,0.031857142857142855,0.3687142857142857,,,0.06264285714285714,0.0067857142857142855,0.017642857142857144,,,,,0.022642857142857145,0.018642857142857145,,,,0.10685714285714286,,,3.045264622222222,259.0,475.09348,1.0
2024-08-03 05:15:00,2024-08-03 11:15:00,44.04488888888889,1.0,0.09943835555555555,,,,2.0586109111111113,1.7301204505494506e-06,3.954915129333333e-12,1.7985760933333333e-11,0.0,9.30528198926962e-17,1.1765942744378797e-15,2.4082662156673112e-14,0.0,2.9085807462791918e-18,2.5054621057333334e-13,1.6499998726949555e-13,1.580834982649834e-18,7.8776764e-11,1.5158557800898666e-12,1.4278294222222224e-11,1.1017638622222224e-10,1.729422822572e-15,1.5323067589463826e-17,0.261,1309.104,3.365111111111111,0.04995555555555556,3.365111111111111,40.73434,-111.87210840000002,296.906,24.067555555555554,878.1577777777778,150.38253333333333,0.8057777777777777,454791.02222222224,2044.7057777777777,218.05777777777777,9814217.607555557,0.0006205911111111111,0.00013172444444444446,0.00139016,0.0012808622222222222,0.0003246444444444444,0.010235546666666666,0.025393208888888887,0.014456155999999998,5.050532000000001,5.950105777777778,13.955621422222224,0.3439004888888889,2.5151471111111112,7.742222844444444,0.0035261333333333335,0.27323386666666666,5.185459022222222,0.009050844444444445,0.16159124444444442,0.47475613333333333,0.1921347111111111,0.5076803999999998,0.030022355555555554,0.0,0.3017740888888889,0.11197537777777779,0.002825822222222223,0.048286755555555554,0.120816,0.08212995555555555,0.088236,0.0122464,0.003954044444444444,0.006082226666666668,0.07149897777777778,0.008838484444444445,0.001565906666666667,0.15852479111111112,40500.0,40559.0,874.01564,32.899115555555554,396.27845777777776,80.21484888888888,4.846546666666667,0.17984,0.029124444444444446,24.272789573333334,22.56659448,21.267263084444444,20.747246635555555,20.43186253777778,19.510636524444447,18.605544697777777,18.15425896,17.39117730222222,17.31158287111111,17.57200768888889,18.693631986666666,19.782687235555557,20.163712524444446,18.17807678666667,67.48611282666667,24.24171939111111,6.291069968888889,2.37497248,0.3868291022222222,0.24538384000000002,0.11702396000000001,0.07596837333333334,0.06339094666666666,0.041236791111111115,0.038332946666666666,0.034036017777777774,0.028919515555555556,0.02810532,0.03371886222222222,0.036805080000000004,0.027333835555555557,0.0234454,0.01388324888888889,0.015346035555555556,0.025712928888888886,9734570.977777777,1999.940888888889,,,,0.020285714285714285,,,,,,,,0.04848214285714286,2.110642857142857,0.3434107142857143,,0.02330357142857143,0.21575,,,,,0.7712857142857144,0.10353571428571429,,0.03635714285714286,,0.009303571428571428,0.013142857142857142,0.21625,0.5045357142857143,,0.01,0.14691071428571428,0.4866964285714286,0.03857142857142857,,0.12482142857142856,0.02489285714285714,0.031428571428571424,0.36460714285714285,,,0.06169642857142857,0.006767857142857143,0.01744642857142857,,,,,0.022446428571428572,0.018446428571428572,,,,0.10567857142857143,,,3.1908518666666668,214.0,474.44147,1.0
2024-08-03 05:30:00,2024-08-03 11:30:00,40.04533333333333,1.0,0.13105516190476188,,,,2.1808900831746034,1.8141178003663004e-06,4.654487936401778e-09,1.6251044861066667e-08,1.5577953957073788e-32,3.3942162060255623e-12,9.257337502015324e-12,1.0217930970990115e-10,6.0699933232193215e-33,1.6320332784508482e-12,6.475470084670044e-10,4.724512059875695e-10,4.1495402038014085e-14,6.087519219377778e-08,3.1956249724920075e-09,1.0943172612444445e-08,8.981219894933333e-08,7.897842897766811e-12,1.1024259243227342e-12,0.261,1309.0666666666666,3.5865333333333336,0.047866666666666675,3.5865333333333336,40.73434,-111.87210866666668,296.5708888888889,25.572444444444443,878.2808888888889,139.2547111111111,1.0297777777777777,461502.31111111114,2061.0808888888887,231.7368888888889,10196489.241333332,0.0005372492063492063,0.00013259333333333332,0.0013942257142857141,0.0016470403174603174,0.00031447746031746033,0.010385122222222223,0.02658388,0.16275269555555555,6.719156888888889,7.2944906666666665,20.05398173333333,0.34141293333333333,2.9227812,9.567358577777778,0.0041288888888888885,0.3024899555555555,5.464737377777778,0.010708266666666666,0.15639164444444445,0.49094804444444445,0.2321724888888889,0.5600842666666666,0.0395648,0.0,0.36018120000000003,0.13801755555555553,0.007355422222222223,0.06255275555555556,0.16093844444444447,0.09434706666666666,0.1246912,0.016440133333333332,0.0039493641269841276,0.005891610476190476,0.06623757777777778,0.00883381396825397,0.0018274653968253967,0.14912278476190477,41400.0,41459.0,874.1266222222223,32.95230222222222,405.5736622222222,82.30641333333332,5.046515555555556,0.18242666666666665,0.03006666666666667,25.06390227111111,23.44873491111111,22.11710306222222,21.594761786666666,20.719358582222224,19.907091466666664,19.05246462666667,18.548753044444442,17.694457244444443,17.598867199999997,17.736407026666665,19.156525506666664,20.164642484444446,20.54560694222222,18.435385906666667,68.80907129777778,24.73867669777778,6.4243252844444445,2.4913762044444443,0.3885473022222222,0.2558548488888889,0.12568888,0.08861418222222221,0.06702912,0.05105541777777778,0.04689523555555555,0.03457036888888889,0.034529253333333336,0.03046792,0.04016362222222222,0.04956599111111111,0.03263248,0.025009351111111112,0.015780471111111114,0.01474256,0.02500529777777778,10099331.511111112,2013.1931555555557,,,,0.02,,,,,,,,0.04775,2.086,0.34075,,0.02325,0.2185,,,,,0.761,0.10250000000000001,,0.036000000000000004,,0.00925,0.013,0.2135,0.49949999999999994,,0.01,0.14475,0.48175,0.038,,0.1235,0.0245,0.031,0.3605,,,0.06075,0.00675,0.01725,,,,,0.022250000000000002,0.018250000000000002,,,,0.1045,,,3.381672088888889,169.0,473.78949,1.0
2024-08-03 05:45:00,2024-08-03 11:45:00,33.309777777777775,1.0,0.16583938761904762,,,,2.342500985714286,1.8981151501831503e-06,1.4455946222222222e-07,3.9449999111111115e-07,6.1128330387340666e-30,1.6370794488888888e-10,4.634959066666667e-10,4.787055377777778e-09,2.422305156261607e-30,7.323689133333333e-11,2.8043007555555553e-08,2.0894020444444442e-08,1.96324252e-12,1.0139026222222222e-06,1.2827335555555556e-07,1.1751513333333332e-07,1.280564311111111e-06,3.704816e-10,5.0705011022222214e-11,0.261,1308.7782222222222,3.3228444444444443,0.04306666666666667,3.3228444444444443,40.73434,-111.87210893333334,295.53799999999995,27.52311111111111,878.3799999999999,125.16506666666668,1.1031111111111112,470229.99999999994,2084.4244444444444,264.728,10639784.928000001,0.00044558634920634915,9.945365079365079e-05,0.0012877707936507937,0.001738993650793651,0.0002846834920634921,0.009697106984126984,0.015211503174603173,1.435171059111111,10.937930222222223,11.816658666666667,35.32166373333333,0.35108697777777775,3.4926032444444446,11.453879866666666,0.0057835111111111115,0.3462484,5.722958044444444,0.009620844444444445,0.18173542222222222,0.5049071111111111,0.28727146666666664,0.6650335555555554,0.04901564444444444,0.0,0.45237062222222224,0.1886150666666667,0.015468711111111111,0.07804862222222222,0.20577777777777778,0.11614768888888889,0.05387151111111111,0.018695733333333336,0.003741049523809524,0.005610466031746032,0.06041362952380953,0.008139413968253968,0.001746183492063492,0.11899083619047619,42300.0,42359.0,874.2313688888888,32.92759111111111,406.76465777777776,83.37086222222221,5.3511822222222225,0.19072000000000003,0.030706666666666667,25.69901852,23.760748666666665,22.337900053333332,21.585609004444443,20.945583706666664,19.973236382222222,19.04157776888889,18.489016177777778,17.756963835555556,17.50495822222222,17.82139132,19.109180648888888,20.15689723111111,20.47018349333333,18.486663213333333,68.58531912888888,24.55751292888889,6.411565417777778,2.5386783244444446,0.4310073022222222,0.2804614711111111,0.1372124088888889,0.10202262222222222,0.08115353333333333,0.06042308444444444,0.05466795111111111,0.045299320000000004,0.04281404,0.04468307111111111,0.04509629777777778,0.05930671111111111,0.036251271111111115,0.035018560000000004,0.022122542222222222,0.021623911111111112,0.03349606222222222,10535487.111111112,2035.8748888888888,,,,0.019714285714285715,,,,,,,,0.047017857142857146,2.061357142857143,0.3380892857142857,,0.023196428571428573,0.22125,,,,,0.7507142857142857,0.10146428571428572,,0.03564285714285714,,0.00919642857142857,0.012857142857142857,0.21075,0.4944642857142857,,0.01,0.1425892857142857,0.47680357142857144,0.03742857142857143,,0.12217857142857141,0.024107142857142855,0.03057142857142857,0.3563928571428571,,,0.05980357142857143,0.0067321428571428575,0.01705357142857143,,,,,0.02205357142857143,0.01805357142857143,,,,0.10332142857142856,,,3.488294888888889,124.0,473.60092,1.0
2024-08-03 06:00:00,2024-08-03 12:00:00,30.47822222222222,1.0,0.1813145511111111,,,,2.445075577777778,1.9821125e-06,3.6825662222222223e-06,1.0295800444444444e-05,2.7632368000000003e-28,4.039470977777778e-09,1.1387850222222223e-08,1.1801910666666666e-07,1.1023744977777778e-28,1.863266311111111e-09,6.948797333333334e-07,5.163129244444443e-07,4.8832776e-11,2.7059750222222226e-05,3.1903349777777777e-06,3.107323911111111e-06,3.365673866666666e-05,9.141476444444444e-09,1.2855526222222222e-09,0.261,1308.9235555555556,3.335688888888889,0.0436,3.335688888888889,40.73434,-111.87210937777779,294.7726666666666,29.088888888888892,878.4,121.40604444444445,1.0875555555555556,473182.22222222225,2100.3426666666664,255.39422222222223,10974215.583999999,0.00043306222222222224,6.757333333333333e-05,0.0013185333333333334,0.0018688622222222222,0.0002728444444444444,0.010745555555555557,0.013853582222222223,1.0107518905339106,12.88784452144152,13.953995306064307,18.16074835555555,0.3517131111111111,3.835360888888889,15.317699733333333,0.0074572,0.3972969333333333,6.013591022222223,0.013271466666666667,0.19336435555555556,0.542317111111111,0.2813,0.6281251999999998,0.044026311111111105,0.0,0.4547476888888889,0.1743472,0.009318933333333333,0.07880164444444444,0.23632533333333333,0.12843671111111113,0.02499431111111111,0.022515022222222222,0.003721031111111111,0.005597315555555556,0.059633955555555555,0.007858706666666666,0.0016855155555555554,0.11937600444444443,43200.0,43259.0,874.2797066666666,32.96731111111111,407.50160444444447,84.28674222222223,5.564128888888889,0.19608444444444445,0.031351111111111114,25.67035038222222,23.67006003111111,22.328182062222222,21.753888942222222,20.92059472,20.074831080000003,19.190595177777777,18.537108942222222,17.98921302666667,17.71009174222222,17.75870016,19.031284662222223,20.03816840888889,20.618622662222222,18.534659297777775,68.32277937333333,24.491318182222223,6.465895528888889,2.6823761200000003,0.46614969333333334,0.3054991555555555,0.15197273777777778,0.12078301333333334,0.09120705333333333,0.07501764444444445,0.06396632444444444,0.060215413333333336,0.04780208444444445,0.047863151111111106,0.052814217777777776,0.06638306222222222,0.042587648888888885,0.03578403111111111,0.02102546222222222,0.02413853333333333,0.039594835555555555,10854495.111111112,2050.5938666666666,,,,0.019428571428571427,,,,,,,,0.04628571428571429,2.036714285714286,0.3354285714285714,,0.023142857142857142,0.224,,,,,0.7404285714285714,0.10042857142857144,,0.03528571428571429,,0.009142857142857144,0.012714285714285713,0.20800000000000002,0.4894285714285714,,0.01,0.1404285714285714,0.47185714285714286,0.03685714285714285,,0.12085714285714286,0.023714285714285716,0.03014285714285714,0.35228571428571426,,,0.05885714285714286,0.006714285714285714,0.01685714285714286,,,,,0.02185714285714286,0.01785714285714286,,,,0.10214285714285715,,,3.6489932888888887,99.416664,474.39081,0.6212866403704845
2024-08-03 06:15:00,2024-08-03 12:15:00,32.321777777777775,1.0,0.19487417777777777,,,,2.4829304177777782,1.8455983754967257e-05,4.166947555555556e-05,0.00012998287999999998,2.351856e-27,3.474389333333333e-08,1.0481632444444445e-07,1.1169802666666667e-06,9.343813333333334e-28,1.3864306666666667e-08,6.848815111111111e-06,5.089657333333334e-06,4.074152444444445e-10,0.0004151391111111111,3.254259111111111e-05,6.326657333333332e-05,0.0005675303555555556,8.559348e-08,9.885852444444443e-09,0.261,1308.5466666666666,2.9441333333333333,0.04315555555555555,2.9441333333333333,40.73434,-111.87210395555556,294.3442222222222,30.32133333333333,878.4159999999999,120.28146666666666,1.1573333333333333,473301.5111111111,2120.566222222222,260.48844444444444,11146700.725333333,0.0004838133333333333,3.8626666666666674e-05,0.00165096,0.0020119066666666667,0.00029536888888888883,0.016378226666666666,0.017772737777777776,0.5913718000358901,10.422426687904688,11.909635865689864,18.49129204444444,0.3581674666666667,3.9752432,17.497218444444446,0.007389066666666667,0.42145066666666664,6.194760844444445,0.014385555555555556,0.1955103111111111,0.5612480000000001,0.31791555555555556,0.6933767999999998,0.06143813333333333,0.0,0.5146760444444445,0.2020752888888889,0.01170968888888889,0.08191684444444446,0.2457240888888889,0.13601595555555557,0.022139333333333334,0.02622751111111111,0.00398288,0.00587996,0.05874932000000001,0.008097400000000001,0.0016957511111111113,0.12178609333333335,44100.0,44159.0,874.3036177777777,33.06157777777778,415.4262488888889,85.96616888888889,5.746488888888889,0.19835555555555556,0.03206666666666667,26.69999764888889,24.572600066666666,22.91430831111111,22.336004071111113,21.44425804,20.56138256888889,19.478609733333332,18.957256831111113,18.103453542222223,18.053702528888888,18.056498017777777,19.262323235555552,20.357280737777778,20.71570953333333,18.689232448888887,69.2533073288889,24.84971744,6.598350933333333,2.7469476266666666,0.45735959111111113,0.3213902444444444,0.16748566222222222,0.12495471555555555,0.09270856444444445,0.07511453333333334,0.06658384444444446,0.05656569777777778,0.05191314666666667,0.055055879999999995,0.06095964444444445,0.06680099111111111,0.04526606222222222,0.04045105777777778,0.02381791111111111,0.02702942222222222,0.04182924,11037933.333333332,2070.2940444444444,,,,0.019142857142857142,,,,,,,,0.04555357142857143,2.0120714285714287,0.33276785714285717,,0.023089285714285715,0.22675,,,,,0.7301428571428572,0.09939285714285714,,0.034928571428571434,,0.009089285714285715,0.01257142857142857,0.20525,0.4843928571428571,,0.01,0.13826785714285714,0.4669107142857143,0.03628571428571428,,0.11953571428571427,0.02332142857142857,0.029714285714285714,0.34817857142857145,,,0.05791071428571429,0.006696428571428572,0.016660714285714286,,,,,0.021660714285714287,0.017660714285714287,,,,0.10096428571428571,,,3.7659048,98.166664,477.29581,0.5671331975979558
2024-08-03 06:30:00,2024-08-03 12:30:00,34.72488888888889,1.0,0.1741909196825397,,,,2.34837733968254,0.0001086572,0.00019694644444444444,0.00065198,7.617964444444445e-27,1.5227533333333332e-07,4.5732582222222223e-07,4.881247555555555e-06,2.882352888888889e-27,5.079102222222222e-08,3.034437777777778e-05,2.2326155555555554e-05,1.7056715555555556e-09,0.0023338826666666665,0.00014534346666666666,0.0004139944,0.0034081777777777776,3.734764e-07,3.712279111111111e-08,0.261,1308.964,2.578711111111111,0.04608888888888889,2.578711111111111,40.734338,-111.87210484444445,294.3544444444444,29.670666666666666,878.4862222222222,117.41262222222221,0.8684444444444445,467084.84444444446,2096.083111111111,271.0688888888889,10692888.367111113,0.0005081406349206349,-2.1612380952380954e-05,0.001694908888888889,0.0016340273015873017,0.00027485269841269846,0.01608911523809524,0.01140712253968254,0.9665415822222223,11.242101777777778,11.225276000000001,17.28538206275946,0.3534980385836386,3.446145665811966,14.479144367032967,0.005948146275946277,0.38568225006105006,5.779252076923077,0.012999920634920635,0.18001852673992674,0.5314956083028083,0.37618659120879117,0.7834905726495726,0.04723402857142857,0.0,0.4704544666666667,0.17083282881562883,0.005292110622710623,0.07023568131868131,0.22131166544566544,0.11715021929181929,0.017897744566544565,0.020802841025641023,0.00416850507936508,0.006061116507936508,0.06295699841269842,0.008138007936507936,0.0015749317460317463,0.11980700253968254,45000.0,45059.0,874.3539466666666,33.027448888888884,409.4439333333333,84.22346222222222,5.50988,0.1943777777777778,0.031173333333333334,25.959118195555558,24.144325560000002,22.622838039999998,21.959026017777777,21.177228253333332,20.215359573333334,19.190848653333333,18.681260173333335,17.86701168888889,17.795100657777777,17.90453491111111,19.092796804444443,20.187350693333332,20.592436897777777,18.382705884444444,68.4266616,24.480500324444446,6.4640807688888895,2.676635066666667,0.43864197777777775,0.2947679777777778,0.14487845777777777,0.11251944888888889,0.08537361333333333,0.060320066666666665,0.05778192888888889,0.049606182222222225,0.05096054666666667,0.04913859111111111,0.05408173333333333,0.06361392,0.037776413333333335,0.03981771111111111,0.025660302222222223,0.021011804444444445,0.038180746666666675,10620218.222222224,2049.314711111111,,,,0.018857142857142857,,,,,,,,0.044821428571428575,1.9874285714285715,0.3301071428571429,,0.023035714285714288,0.22949999999999998,,,,,0.7198571428571429,0.09835714285714287,,0.03457142857142857,,0.009035714285714286,0.012428571428571428,0.2025,0.4793571428571428,,0.01,0.13610714285714284,0.4619642857142857,0.03571428571428571,,0.11821428571428572,0.02292857142857143,0.029285714285714283,0.3440714285714286,,,0.05696428571428572,0.006678571428571429,0.016464285714285716,,,,,0.021464285714285717,0.017464285714285717,,,,0.09978571428571428,,,3.5230236,96.916664,482.48096,0.7475891589210294
2024-08-03 06:45:00,2024-08-03 12:45:00,45.87866666666666,1.0,0.10090587015873015,,,,2.0525481088888893,0.00029996515555555554,0.0005090328888888889,0.0017520497777777778,1.393121777777778e-26,4.204711111111111e-07,1.1831524444444444e-06,1.2460093333333334e-05,5.30736e-27,1.318952e-07,7.69092e-05,5.57712e-05,4.602848888888889e-09,0.006910555555555556,0.00036502888888888886,0.0014497995555555554,0.010805848888888888,9.595431111111111e-07,9.497835555555557e-08,0.261,1309.6515555555557,2.9517777777777776,0.04582222222222222,2.9517777777777776,40.734338666666666,-111.87210982222223,294.8304444444444,27.648000000000003,878.4244444444445,117.66968888888889,0.5195555555555555,453239.7333333334,2047.4351111111112,217.19333333333333,9849515.073777778,0.0005146184126984127,-4.9954285714285716e-05,0.001364155873015873,0.0007623879365079366,0.0002378136507936508,0.009296184761904762,0.0063856320634920645,0.11763014666666666,4.859519111111111,7.337077333333334,15.644318359812399,0.3654567873496874,2.4932937218133717,8.475495531144782,0.00398934874939875,0.29715103078403077,5.095104948917749,0.010349607744107746,0.1687618339105339,0.4665587606301107,0.22153942087542086,0.4399399617364114,0.02550782005772005,0.0,0.29297892809042814,0.11288003992303992,0.0021617976671476674,0.047960497835497835,0.17605085562770562,0.08277817101972103,0.011019596127946127,0.012891567340067338,0.004466970158730159,0.006428274285714285,0.07060051111111111,0.00805536888888889,0.0010804930158730159,0.10173051047619047,45900.0,45959.0,874.30412,32.98776,397.6823866666667,81.21768888888889,5.07156,0.1857688888888889,0.029693333333333335,23.914307880000003,22.528629613333333,21.15506396,20.892047333333334,20.40138372888889,19.58541929777778,18.637440168888887,18.32468115111111,17.56844273333333,17.50238395111111,17.69130618666667,18.975618662222224,20.05650972,20.373496155555554,18.253360639999997,67.53611280888889,24.23978704888889,6.235984248888888,2.4556213555555555,0.3835539733333333,0.27344132444444447,0.11749449777777779,0.08628036444444445,0.07064973333333334,0.04967272,0.04523128444444444,0.03990628888888889,0.03489962222222222,0.037462848888888886,0.03993496444444444,0.04693583111111111,0.033271013333333335,0.029677488888888888,0.02005359111111111,0.018522377777777776,0.027779066666666668,9781309.066666666,2003.700622222222,,,,0.018571428571428572,,,,,,,,0.04408928571428572,1.9627857142857144,0.3274464285714286,,0.022982142857142857,0.23225,,,,,0.7095714285714285,0.09732142857142857,,0.03421428571428572,,0.008982142857142857,0.012285714285714285,0.19975,0.47432142857142856,,0.01,0.13394642857142855,0.45701785714285714,0.03514285714285714,,0.11689285714285713,0.022535714285714284,0.028857142857142856,0.3399642857142857,,,0.05601785714285715,0.0066607142857142854,0.016267857142857143,,,,,0.021267857142857144,0.017267857142857144,,,,0.09860714285714285,,,3.1582249333333334,95.666664,491.19025,0.8217573038359217
2024-08-03 07:00:00,2024-08-03 13:00:00,46.736888888888885,1.0,0.08734131523809524,,,,2.05585725015873,0.0006093411111111111,0.0009945826666666667,0.00356712,2.0777066666666667e-26,8.754617777777777e-07,2.2816844444444445e-06,2.3800755555555555e-05,7.883977777777779e-27,2.870186666666666e-07,0.00014593462222222225,0.00010404684444444445,9.61244888888889e-09,0.015171400000000002,0.0006864035555555555,0.0034434488888888887,0.024643599999999998,1.8497053333333333e-06,1.979315111111111e-07,0.261,1309.7955555555557,2.312266666666667,0.04466666666666667,2.312266666666667,40.73434,-111.87211,295.27444444444444,26.529333333333334,878.3986666666666,157.3641777777778,0.49822222222222223,449262.97777777776,2033.088,223.97555555555556,9802027.380444447,0.00044633015873015873,9.30222222222222e-06,0.001261810158730159,0.0004017079365079365,0.00015976698412698413,0.006328792698412698,0.004739329468943756,0.2051702711111111,4.903762666666666,6.3964186666666665,15.57116099999998,0.3805751666666667,1.8810500000000003,6.0187946666666665,0.0048855,0.2682748333333334,4.786633,0.009489499999999998,0.15728,0.45458550000000003,0.13589483333333335,0.33254599999999945,0.009587833333333327,0.0,0.2174676666666667,0.09666533333333331,-0.0034426666666666677,0.03570316666666666,0.152899,0.07110150000000001,0.0083635,0.010963333333333334,0.00462941238095238,0.00661214380952381,0.07691710285714287,0.008370344444444445,0.0010196292063492066,0.12096796539682539,46800.0,46859.0,874.2818444444443,33.062022222222225,391.10263111111107,79.78221777777777,4.936195555555556,0.18409777777777778,0.029133333333333337,23.04870255111111,21.674598337777777,20.73880159111111,20.387229657777777,19.954741573333333,19.090811746666667,18.421576768888887,18.004985653333332,17.401376817777777,17.295785564444444,17.584102675555553,18.867959742222222,19.87874868,20.1495806,18.09583856888889,66.85494182666666,23.76519348,6.230322871111111,2.4197674577777777,0.34346168444444447,0.24811307999999999,0.11569373333333334,0.08025341333333333,0.06443913333333333,0.04859211555555555,0.04470232444444444,0.03716237333333334,0.03163981777777778,0.02526448,0.035656204444444436,0.04141461333333333,0.033512679999999996,0.025961013333333335,0.011796915555555556,0.016665906666666667,0.03325535555555555,9706956.0,1987.9935555555555,,,,0.018285714285714287,,,,,,,,0.04335714285714286,1.9381428571428572,0.3247857142857143,,0.02292857142857143,0.235,,,,,0.6992857142857143,0.0962857142857143,,0.033857142857142856,,0.008928571428571428,0.012142857142857143,0.197,0.46928571428571425,,0.01,0.13178571428571428,0.45207142857142857,0.03457142857142857,,0.11557142857142857,0.022142857142857145,0.028428571428571428,0.33585714285714285,,,0.05507142857142857,0.006642857142857143,0.01607142857142857,,,,,0.021071428571428574,0.01707142857142857,,,,0.09742857142857142,,,3.131527288888889,94.416664,504.3757,0.8877301205380962
2024-08-03 07:15:00,2024-08-03 13:15:00,46.03178033078033,1.0,0.0966499019047619,0.21637140191594123,0.005248606125422197,0.0172583189471243,1.921845228571429,0.0011308191555555556,0.0016588622222222223,0.006044337777777778,2.8338266666666667e-26,1.5430484444444444e-06,3.7643955555555558e-06,3.918764444444444e-05,1.06604e-26,5.574351111111111e-07,0.0002388991111111111,0.00016846711111111111,1.7278671111111108e-08,0.026101955555555556,0.001122023111111111,0.005908457777777778,0.042594622222222225,3.071897777777778e-06,3.670244444444444e-07,0.261,1309.0448888888889,2.9004444444444446,0.045733333333333334,2.9004444444444446,40.73434,-111.87211,296.6166666666666,26.169333333333334,878.388,155.71786666666668,0.9711111111111111,449974.7555555556,2037.8284444444444,228.94533333333337,10025950.372444443,0.00027973809523809527,2.406984126984127e-05,0.0011443888888888892,0.00030827968253968255,4.2703174603174605e-05,0.003440320952380952,,0.33087039999999995,5.406067111111112,6.603993333333333,15.349398820512802,,1.8650491239316243,5.931376538461539,,0.2666113205128206,,,,0.4539956602564103,0.14197176923076926,0.333325961538461,0.009494128205128198,0.0,,,,,,,,,0.004801811111111111,0.0064345504761904775,0.0698688034920635,0.008013961904761904,0.0009008047619047619,0.1651132238095238,47700.0,47759.0,874.2439955555557,33.06247111111111,396.74019111111113,80.25893777777779,4.838831111111111,0.17949777777777776,0.02911111111111111,23.722264675555554,22.277671657777777,21.05752935111111,20.84030915111111,20.290985546666665,19.535383222222222,18.75238003111111,18.267214746666664,17.669627,17.602741506666668,17.739138315555557,19.059971697777776,20.025090048888888,20.338957973333333,18.25893519555556,67.46512790222222,23.955304791111114,6.274859426666667,2.3847808844444445,0.37192672000000004,0.2422627288888889,0.11806238222222222,0.07511689333333332,0.05795137777777778,0.05412132,0.03978168888888889,0.031040595555555554,0.02759846666666667,0.028385559999999997,0.033451360000000006,0.039659466666666664,0.026537133333333334,0.02270636888888889,0.012595466666666666,0.013282351111111111,0.02748512,9941353.155555556,1992.5042666666668,,,,0.018000000000000002,,,,,,,,0.042625,1.9135,0.322125,,0.022875,0.23775,,,,,0.6890000000000001,0.09525,,0.0335,,0.008875000000000001,0.012,0.19425,0.46424999999999994,,0.01,0.129625,0.44712500000000005,0.034,,0.11424999999999999,0.02175,0.027999999999999997,0.33175,,,0.054125,0.006625,0.015875,,,,,0.020875,0.016875,,,,0.09625,,,3.3000026222222223,93.166664,522.93243,1.0078394503262362
2024-08-03 07:30:00,2024-08-03 13:30:00,48.7013605442177,1.0,0.10081720507936508,0.22841245587301587,0.004828313333333333,0.01728393238095238,1.8502978374603176,0.0016218728888888888,0.002441253333333333,0.008829213333333334,3.693026666666667e-26,2.452333333333333e-06,5.663755555555556e-06,5.887342222222222e-05,1.3772400000000002e-26,9.94775111111111e-07,0.000355028,0.00024918311111111113,2.8241777777777777e-08,0.03755324444444444,0.0016639022222222223,0.008310444444444445,0.060935244444444446,4.652257777777778e-06,6.322115555555556e-07,0.261,1308.6942222222222,2.7784444444444447,0.04853333333333333,2.7784444444444447,40.73434,-111.87211,298.6731111111111,25.317333333333334,878.3764444444444,147.9412,1.4426666666666668,447437.3553113553,2034.2195238095237,257.876043956044,10294622.426446885,0.0003094809523809524,7.163460317460317e-05,0.0011131996825396826,0.0003453149206349206,2.2394920634920636e-05,0.0017862692063492064,,2.0066514484774483,11.933620923483923,14.147042038406038,15.127636641025623,,1.8490482478632482,5.84395841025641,,0.26494780769230775,,,,0.4534058205128205,0.14804870512820514,0.33410592307692255,0.00940042307692307,0.0,,,,,,,,,0.0052316946031746026,0.007514246349206349,0.0700374746031746,0.008509254603174605,0.0009021930158730158,0.17311771523809524,48600.0,48659.0,874.2211911111111,33.82015555555555,413.89032000000003,81.94250222222222,4.952764444444444,0.18010222222222222,0.029284444444444446,27.63533571555556,25.22784943555556,23.44230628888889,22.878220444444445,21.833575195555557,20.672972057777777,19.623067506666665,19.097368133333337,18.13840288,18.029723795555558,18.16010721777778,19.227115395555554,20.312637382222224,20.519749773333334,18.308416048888887,67.00376211111112,23.836677484444444,6.237813306666667,2.4140016133333333,0.3866144933333333,0.25025760888888887,0.11709144888888888,0.09138097333333332,0.06282879111111112,0.05470747555555556,0.04027294666666667,0.03512228888888889,0.033812680000000005,0.031650786666666667,0.03494136444444444,0.042535208888888884,0.028240644444444445,0.02403598222222222,0.015489013333333333,0.014301844444444444,0.027928217777777778,10239730.666666668,1988.8129777777776,,,,0.017714285714285714,,,,,,,,0.04189285714285715,1.8888571428571428,0.3194642857142857,,0.022821428571428572,0.2405,,,,,0.6787142857142857,0.09421428571428572,,0.03314285714285714,,0.008821428571428572,0.011857142857142856,0.1915,0.4592142857142857,,0.01,0.1274642857142857,0.4421785714285715,0.033428571428571426,,0.11292857142857142,0.02135714285714286,0.02757142857142857,0.3276428571428571,,,0.05317857142857143,0.0066071428571428574,0.01567857142857143,,,,,0.020678571428571428,0.01667857142857143,,,,0.09507142857142857,,,3.355044222222222,91.916664,547.6499,0.9747405029141669
2024-08-03 07:45:00,2024-08-03 13:45:00,44.54660566706021,1.0,0.07885530132478631,0.2427429207083657,0.0052213275605875594,0.01605105962426463,1.6902995244679393,0.0017536853333333334,0.003269817777777778,0.011622577777777778,4.706577777777778e-26,3.626008888888889e-06,7.975817777777777e-06,8.253346666666667e-05,1.7390222222222224e-26,1.6608399999999999e-06,0.0004896662222222222,0.00034269822222222224,4.312733333333333e-08,0.04831417777777778,0.0022784222222222224,0.010450328888888888,0.07784742222222223,6.57731111111111e-06,1.0320795555555557e-06,0.261,1308.944,2.047911111111111,0.051333333333333335,2.047911111111111,40.73434,-111.87211,299.1042222222222,24.332444444444445,878.3857777777778,139.83488888888888,1.4146666666666665,447828.33015873015,2028.1954603174604,272.9711111111111,10552456.402507937,0.0003705859061309062,0.00010626507474007471,0.0009214987129537129,0.0002823784931734931,1.832720298220298e-05,0.0012565939767639769,,1.241240347979798,8.842939351851852,10.711911759259259,14.905874461538442,,1.833047371794872,5.756540282051282,,0.26328429487179494,,,,0.4528159807692308,0.15412564102564105,0.3348858846153841,0.009306717948717942,0.0,,,,,,,,,0.005831254399304399,0.009285287141932143,0.07485322236282235,0.00925090761035261,0.0008594964139564141,0.21435029798423796,49500.0,49559.0,874.2187288888889,34.80909333333333,413.5150977777778,82.51227555555556,5.011284444444444,0.18083999999999997,0.029573333333333333,26.33330796888889,24.438399995555553,22.810357106666668,22.221536506666666,21.329558404444445,20.429382617777776,19.41786147111111,19.013819062222222,18.351900884444444,18.113041804444443,18.29245888,19.746336457777776,20.929767835555555,21.417590408888888,18.89790522222222,67.84211597777777,24.006291826666665,6.1850302133333335,2.4792525555555556,0.3824871111111111,0.24763922222222223,0.10398956444444445,0.08848537333333333,0.06551857333333333,0.04927531555555555,0.04188720444444445,0.03291029777777778,0.02969417777777778,0.027089644444444446,0.03086237777777778,0.037711164444444445,0.028083648888888885,0.025367737777777778,0.02019625777777778,0.01684726666666667,0.031136475555555553,10503426.933333334,1981.7870666666665,,,,0.01742857142857143,,,,,,,,0.04116071428571429,1.8642142857142856,0.3168035714285714,,0.022767857142857145,0.24325,,,,,0.6684285714285714,0.09317857142857143,,0.032785714285714286,,0.008767857142857143,0.011714285714285714,0.18875,0.45417857142857143,,0.01,0.1253035714285714,0.4372321428571429,0.032857142857142856,,0.11160714285714285,0.020964285714285713,0.027142857142857142,0.32353571428571426,,,0.05223214285714286,0.006589285714285714,0.015482142857142858,,,,,0.02048214285714286,0.01648214285714286,,,,0.09389285714285714,,,3.4896368444444446,90.666664,579.16913,0.7696928673838621
2024-08-03 08:00:00,2024-08-03 14:00:00,42.394302808302804,1.0,0.07582808170196952,,,,1.6647451927555115,0.002670620080475081,0.0040882666666666664,0.014250755555555555,5.935613333333335e-26,5.0483377777777776e-06,1.0615906666666667e-05,0.00010913235555555555,2.1735555555555558e-26,2.6083333333333335e-06,0.0006353853333333334,0.0004430773333333333,6.213755555555555e-08,0.057922266666666666,0.0029231022222222223,0.012286311111111111,0.09273297777777777,8.77564888888889e-06,1.6024044444444445e-06,0.261,1310.4109206349206,2.415128083028083,0.05212893772893774,2.415128083028083,40.73434,-111.87211,299.8775311355311,24.550849816849816,878.4723003663004,156.5204778998779,1.1525970695970698,449290.5443223443,2032.1965335775337,326.45339438339437,11115569.99252259,0.0003853543221345454,,0.0009008283739474811,,,,,1.2648666203703705,9.337802224867724,11.52673380952381,14.684112282051263,,1.817046495726496,5.669122153846153,,0.2616207820512821,,,,0.45222614102564107,0.16020257692307693,0.33566584615384565,0.009213012820512814,0.0,,,,,,,,,,0.009700273516638786,,,,,50400.0,50459.0,874.2898787789987,35.43736035409035,423.36623796092795,83.72775686202687,5.103992051282051,0.18150415140415138,0.02967065934065934,27.635642746373623,25.34421239689866,23.604399626068375,22.858793565873018,22.17857094910867,21.168218916434675,19.928143858485956,19.44290801578755,18.565497574334554,18.496335713968257,18.71721576241758,20.37824977592186,21.648699104835163,22.257680293626375,19.565812616080585,68.12992221007326,23.598897652698415,6.124979044652014,2.453405755934066,0.3660417523443223,0.24824036659340662,0.11136853120879121,0.08544892263736265,0.0658833992063492,0.04790216561660562,0.040604378424908424,0.03742731288156288,0.03302907496947497,0.030842540500610503,0.035659871575091574,0.03613570506715506,0.029609851831501832,0.02763740280830281,0.01944754586080586,0.020040133992673993,0.033287795531135526,10991641.655522255,1984.4949457986456,,,,0.017142857142857144,,,,,,,,0.04042857142857143,1.8395714285714286,0.31414285714285717,,0.022714285714285715,0.246,,,,,0.6581428571428571,0.09214285714285714,,0.03242857142857143,,0.008714285714285714,0.011571428571428571,0.186,0.4491428571428571,,0.01,0.12314285714285714,0.43228571428571433,0.032285714285714286,,0.11028571428571428,0.02057142857142857,0.02671428571428571,0.3194285714285714,,,0.05128571428571428,0.006571428571428572,0.015285714285714286,,,,,0.02028571428571429,0.016285714285714285,,,,0.09271428571428571,,,3.6822982505050503,93.5,617.94696,0.9136252780256184
2024-08-03 08:15:00,2024-08-03 14:15:00,41.70739046307228,1.0,0.07280086207915272,,,,1.6391908610430836,0.003320158726190477,0.0048652,0.01664231111111111,7.464555555555557e-26,6.67972e-06,1.347568888888889e-05,0.00013754666666666667,2.710475555555556e-26,3.875506666666666e-06,0.0007856702222222222,0.000545332,8.515213333333333e-08,0.06631817777777778,0.0035662044444444443,0.013846355555555556,0.105604,1.1165462222222222e-05,2.372848888888889e-06,0.261,1311.4162442607897,3.8524871441689617,0.05434208972845336,3.8524871441689617,40.73434,-111.87211,301.3059986225895,24.141013380558835,878.5781073724255,172.20429253574704,0.9359031877213695,449103.303292667,2032.1978791158335,370.2977584284402,11200674.565770367,0.0004001227381381846,,0.0008801580349412491,,,,,1.6158736435786436,9.97930477994228,12.85250155122655,14.462350102564084,,1.80104561965812,5.5817040256410255,,0.2599572692307693,,,,0.4516363012820513,0.16627951282051284,0.3364458076923072,0.009119307692307685,0.0,,,,,,,,,,0.010115259891345428,,,,,51300.0,51359.0,874.3585985307623,36.111284261445626,426.33286823429097,83.56661018955793,5.115758635051818,0.18230532598714422,0.029141315754952123,28.302175498760334,25.940890409694347,24.119249127931923,23.336316533077532,22.501944833005375,21.19654274996393,20.173681930903186,19.797927070474223,18.631603735133805,18.615151458913815,18.909518174242425,20.457433663560938,22.011597612672176,22.68316025553916,19.858508896940183,67.45029926979863,22.771461313452708,5.996706660806113,2.3509804577561333,0.36391753319887177,0.20585911101600418,0.10074940604420833,0.08160807724321134,0.05779548442214352,0.04079584792732519,0.03839390183326775,0.04290267165486029,0.032420757493768854,0.03930437507542962,0.03841957960776597,0.05036477046438412,0.029836418467138925,0.03290196396431851,0.0162223665879575,0.027620389505444053,0.028649033431719793,11045517.658730157,1983.7050067460314,,,,0.016857142857142855,,,,,,,,0.03969642857142858,1.8149285714285714,0.3114821428571429,,0.022660714285714288,0.24875,,,,,0.6478571428571429,0.09110714285714286,,0.03207142857142857,,0.008660714285714285,0.011428571428571427,0.18325000000000002,0.4441071428571428,,0.01,0.12098214285714284,0.42733928571428575,0.03171428571428571,,0.10896428571428571,0.020178571428571428,0.026285714285714284,0.31532142857142853,,,0.05033928571428571,0.006553571428571429,0.015089285714285715,,,,,0.020089285714285716,0.016089285714285716,,,,0.09153571428571428,,,3.8950916992063482,101.0,664.22931,0.9310062779386454
2024-08-03 08:30:00,2024-08-03 14:30:00,42.26640361562439,1.0,0.06977364245633592,,,,1.613636529330656,0.0033105034791059288,0.00558572,0.018785555555555555,9.420182222222224e-26,8.46884e-06,1.6447466666666668e-05,0.00016677066666666667,3.392471111111111e-26,5.480746666666667e-06,0.0009354164444444445,0.0006457875555555555,1.1178524444444445e-07,0.07359902222222223,0.0041872,0.015166755555555555,0.11666444444444445,1.3668844444444444e-05,3.3619333333333334e-06,0.261,,,,,,,301.54501191569375,24.006256129632753,878.5409355927862,,0.9911247290468069,,,365.5662017426674,11325762.75383864,0.00041489115414182384,,0.0008594876959350172,,,,,1.5489339462653748,9.588537885659315,,14.240587923076905,,1.7850447435897439,5.494285897435898,,0.2582937564102565,,,,0.45104646153846156,0.17235644871794872,0.33722576923076875,0.009025602564102557,0.0,,,,,,,,,,0.010530246266052071,,,,,52200.0,52259.0,,,,,,,,,,,,,,,,,,,,,,,,,,,,,,,,,,,,,,,,,,,,,,,,,0.01657142857142857,,,,,,,,0.038964285714285715,1.7902857142857145,0.3088214285714286,,0.022607142857142857,0.2515,,,,,0.6375714285714286,0.09007142857142858,,0.031714285714285716,,0.008607142857142857,0.011285714285714284,0.1805,0.43907142857142856,,0.01,0.11882142857142855,0.4223928571428572,0.03114285714285714,,0.10764285714285714,0.019785714285714285,0.025857142857142856,0.3112142857142857,,,0.04939285714285714,0.006535714285714286,0.014892857142857143,,,,,0.019892857142857143,0.015892857142857146,,,,0.09035714285714286,,,4.06567843011271,108.5,718.034,0.7906246367753937
2024-08-03 08:45:00,2024-08-03 14:45:00,42.82541676817651,1.0,0.06674642283351913,,,,1.5880821976182282,0.0033008482320213807,0.006243591111111111,0.020687333333333335,1.1997884444444444e-25,1.0361026666666667e-05,1.9439200000000002e-05,0.00019597955555555557,4.286275555555556e-26,7.4202444444444445e-06,0.001080800888888889,0.0007419333333333333,1.4146755555555558e-07,0.0798875111111111,0.00477328,0.016288755555555555,0.126172,1.6215333333333334e-05,4.57376e-06,0.261,,,,,,,301.7840252087979,23.87149887870667,878.5037638131469,,1.0463462703722444,,,360.83464505689454,11450850.941906912,0.00042965957014546306,,0.0008388173569287854,,,,,1.481994248952106,9.197770991376348,,14.018825743589726,,1.7690438675213678,5.406867769230769,,0.2566302435897436,,,,0.45045662179487184,0.17843338461538463,0.33800573076923024,0.008931897435897429,0.0,,,,,,,,,,0.010945232640758713,,,,,53100.0,53159.0,,,,,,,,,,,,,,,,,,,,,,,,,,,,,,,,,,,,,,,,,,,,,,,,,0.016285714285714285,,,,,,,,0.03823214285714285,1.7656428571428573,0.3061607142857143,,0.02255357142857143,0.25425,,,,,0.6272857142857142,0.08903571428571429,,0.03135714285714286,,0.008553571428571428,0.011142857142857142,0.17775000000000002,0.43403571428571425,,0.01,0.11666071428571427,0.4174464285714286,0.03057142857142857,,0.10632142857142857,0.019392857142857142,0.025428571428571425,0.30710714285714286,,,0.04844642857142857,0.006517857142857143,0.014696428571428572,,,,,0.019696428571428573,0.015696428571428573,,,,0.08917857142857143,,,4.3135807545425795,116.0,779.14343,0.6915262109118636
2024-08-03 09:00:00,2024-08-03 15:00:00,43.38442992072862,1.0,0.06371920321070233,,,,1.5625278659058004,0.0032911929849368323,0.0068382711111111116,0.0223636,1.551888888888889e-25,1.2305422222222222e-05,2.23804e-05,0.00022459155555555556,5.50156e-26,9.672515555555556e-06,0.0012193733333333333,0.000832348,1.7351777777777778e-07,0.08530924444444445,0.0053180622222222225,0.017241555555555555,0.13430933333333334,1.874951111111111e-05,6.000368888888889e-06,0.261,,,,,,,302.02303850190214,23.73674162778059,878.4665920335076,,1.1015678116976817,,,356.1030883711217,11575939.129975183,0.00044442798614910227,,0.0008181470179225536,,,,,1.4150545516388373,8.807004097093383,,13.797063564102547,,1.7530429914529917,5.319449641025641,,0.2549667307692308,,,,0.44986678205128205,0.1845103205128205,0.3387856923076918,0.0088381923076923,0.0,,,,,,,,,,0.011360219015465356,,,,,54000.0,54059.0,,,,,,,,,,,,,,,,,,,,,,,,,,,,,,,,,,,,,,,,,,,,,,,,,0.016,,,,,,,,0.037500000000000006,1.741,0.3035,,0.0225,0.257,,,,,0.617,0.088,,0.031,,0.0085,0.011,0.175,0.42899999999999994,,0.01,0.11449999999999999,0.41250000000000003,0.03,,0.105,0.019,0.024999999999999998,0.303,,,0.0475,0.006500000000000001,0.014499999999999999,,,,,0.0195,0.0155,,,,0.088,,,4.620860293874577,130.5,865.40814,0.6188707178310455
2024-08-03 09:15:00,2024-08-03 15:15:00,43.94344307328073,1.0,0.06069198358788554,,,,1.5369735341933726,0.003281537737852284,0.007372008888888889,0.023835822222222223,2.0528711111111112e-25,1.4260622222222221e-05,2.5219422222222222e-05,0.0002521311111111111,7.22892888888889e-26,1.2201648888888889e-05,0.0013497688888888888,0.0009162537777777778,2.0730311111111113e-07,0.08998231111111112,0.005818875555555556,0.01805146666666667,0.14129244444444444,2.1229377777777776e-05,7.622164444444444e-06,0.261,,,,,,,302.2620517950063,23.601984376854507,878.4294202538682,,1.1567893530231192,,,351.3715316853489,11701027.318043455,0.0004591964021527415,,0.0007974766789163217,,,,,1.3481148543255688,8.416237202810418,,13.575301384615367,,1.7370421153846156,5.232031512820512,,0.253303217948718,,,,0.44927694230769233,0.19058725641025642,0.33956565384615334,0.008744487179487174,0.0,,,,,,,,,,0.011775205390172,,,,,54900.0,54959.0,,,,,,,,,,,,,,,,,,,,,,,,,,,,,,,,,,,,,,,,,,,,,,,,,0.015714285714285715,,,,,,,,0.036767857142857144,1.716357142857143,0.3008392857142857,,0.022446428571428572,0.25975,,,,,0.6067142857142858,0.08696428571428572,,0.030642857142857145,,0.008446428571428572,0.010857142857142857,0.17225000000000001,0.4239642857142857,,0.01,0.1123392857142857,0.40755357142857146,0.029428571428571425,,0.10367857142857143,0.018607142857142857,0.02457142857142857,0.2988928571428571,,,0.04655357142857143,0.006482142857142857,0.01430357142857143,,,,,0.01930357142857143,0.01530357142857143,,,,0.08682142857142858,,,4.74350256040169,153.0,960.38507,0.5639470558395504
2024-08-03 09:30:00,2024-08-03 15:30:00,44.502456225832844,1.0,0.05766476396506874,,,,1.511419202480945,0.003271882490767736,0.00784800888888889,0.025124977777777776,2.798208888888889e-25,1.61884e-05,2.7922533333333332e-05,0.00027831155555555555,9.815311111111111e-26,1.4963200000000001e-05,0.001471071111111111,0.0009933502222222222,2.421542222222222e-07,0.09400057777777777,0.006275084444444444,0.018738266666666666,0.14726799999999998,2.3622266666666666e-05,9.411555555555556e-06,0.261,,,,,,,302.5010650881105,23.467227125928424,878.392248474229,,1.2120108943485566,,,346.6399749995761,11826115.506111728,0.0004739648181563807,,0.0007768063399100898,,,,,1.2811751570122998,8.025470308527453,,13.353539205128188,,1.7210412393162395,5.1446133846153845,,0.25163970512820516,,,,0.4486871025641026,0.1966641923076923,0.3403456153846149,0.008650782051282046,0.0,,,,,,,,,,0.01219019176487864,,,,,55800.0,55859.0,,,,,,,,,,,,,,,,,,,,,,,,,,,,,,,,,,,,,,,,,,,,,,,,,0.015428571428571429,,,,,,,,0.03603571428571428,1.6917142857142857,0.2981785714285714,,0.022392857142857145,0.2625,,,,,0.5964285714285714,0.08592857142857144,,0.030285714285714287,,0.008392857142857143,0.010714285714285714,0.1695,0.41892857142857143,,0.01,0.11017857142857142,0.4026071428571429,0.028857142857142856,,0.10235714285714285,0.018214285714285714,0.02414285714285714,0.29478571428571426,,,0.04560714285714286,0.006464285714285714,0.014107142857142856,,,,,0.019107142857142857,0.015107142857142857,,,,0.08564285714285713,,,4.66074282840862,175.5,1042.1265,0.5214085196358513
2024-08-03 09:45:00,2024-08-03 15:45:00,45.06146937838496,1.0,0.054637544342251945,,,,1.4858648707685171,0.003262227243683188,0.008270462222222223,0.02624782222222222,3.9636844444444446e-25,1.8063955555555556e-05,3.0461866666666667e-05,0.0003029088888888889,1.3921204444444447e-25,1.7902755555555555e-05,0.0015829288888888889,0.001063635111111111,2.7741555555555554e-07,0.09745128888888889,0.006687524444444444,0.019322666666666665,0.1523657777777778,2.5904933333333333e-05,1.1334395555555557e-05,0.261,,,,,,,302.74007838121474,23.332469875002342,878.3550766945897,,1.2672324356739941,,,341.9084183138033,11951203.69418,0.0004887332341600199,,0.000756136000903858,,,,,1.2142354596990312,7.634703414244486,,13.131777025641009,,1.7050403632478635,5.057195256410257,,0.24997619230769236,,,,0.4480972628205128,0.2027411282051282,0.34112557692307643,0.008557076923076917,0.0,,,,,,,,,,0.012605178139585282,,,,,56700.0,56759.0,,,,,,,,,,,,,,,,,,,,,,,,,,,,,,,,,,,,,,,,,,,,,,,,,0.015142857142857142,,,,,,,,0.035303571428571434,1.6670714285714285,0.29551785714285717,,0.022339285714285714,0.26525,,,,,0.5861428571428571,0.08489285714285714,,0.02992857142857143,,0.008339285714285714,0.01057142857142857,0.16675,0.4138928571428571,,0.01,0.10801785714285712,0.3976607142857143,0.028285714285714282,,0.10103571428571428,0.01782142857142857,0.023714285714285712,0.29067857142857145,,,0.04466071428571429,0.006446428571428572,0.013910714285714287,,,,,0.018910714285714288,0.014910714285714288,,,,0.08446428571428571,,,5.083419217385072,198.0,1127.5717,0.48780789824151327
2024-08-03 10:00:00,2024-08-03 16:00:00,45.620482530937075,1.0,0.05161032471943515,,,,1.4603105390560893,0.00325257199659864,0.008643573333333331,0.02722293333333333,5.873711111111111e-25,1.98624e-05,3.282657777777778e-05,0.00032580133333333334,2.0846e-25,2.096426666666667e-05,0.001685071111111111,0.00112696,3.125488888888889e-07,0.10040711111111111,0.007058248888888888,0.019816044444444444,0.15672444444444444,2.8057466666666667e-05,1.3353111111111112e-05,0.261,,,,,,,302.9790916743189,23.19771262407626,878.3179049149503,,1.3224539769994315,,,337.17686162803045,12076291.882248271,0.0005035016501636592,,0.0007354656618976262,,,,,1.1472957623857625,7.243936519961521,,12.91001484615383,,1.6890394871794874,4.969777128205128,,0.24831267948717953,,,,0.4475074230769231,0.2088180641025641,0.341905538461538,0.008463371794871789,0.0,,,,,,,,,,0.013020164514291926,,,,,57600.0,57659.0,,,,,,,,,,,,,,,,,,,,,,,,,,,,,,,,,,,,,,,,,,,,,,,,,0.014857142857142857,,,,,,,,0.03457142857142857,1.6424285714285713,0.29285714285714287,,0.022285714285714287,0.268,,,,,0.5758571428571428,0.08385714285714285,,0.029571428571428575,,0.008285714285714285,0.010428571428571428,0.164,0.4088571428571428,,0.01,0.10585714285714284,0.39271428571428574,0.027714285714285712,,0.09971428571428571,0.01742857142857143,0.023285714285714285,0.2865714285714286,,,0.04371428571428572,0.0064285714285714285,0.013714285714285714,,,,,0.018714285714285715,0.014714285714285714,,,,0.08328571428571428,,,5.466254095926501,339.5,1215.4937,0.460818546894662
2024-08-03 10:15:00,2024-08-03 16:15:00,46.179495683489186,1.0,0.048583105096618354,,,,1.4347562073436615,0.0032429167495140916,0.008971417777777777,0.028066844444444447,9.163715555555557e-25,2.1564222222222224e-05,3.500431111111111e-05,0.00034693466666666666,3.327097777777778e-25,2.408942222222222e-05,0.00177772,0.0011839733333333334,3.47036e-07,0.10291822222222223,0.007389182222222222,0.020234533333333336,0.1604168888888889,3.007208888888889e-05,1.542822222222222e-05,0.261,,,,,,,303.21810496742313,23.062955373150178,878.280733135311,,1.3776755183248688,,,332.4453049422576,12201380.070316544,0.0005182700661672983,,0.0007147953228913942,,,,,1.0803560650724937,6.8531696256785555,,12.68825266666665,,1.6730386111111113,4.882359,,0.2466491666666667,,,,0.4469175833333333,0.214895,0.34268549999999953,0.00836966666666666,0.0,,,,,,,,,,0.013435150888998569,,,,,58500.0,58559.0,,,,,,,,,,,,,,,,,,,,,,,,,,,,,,,,,,,,,,,,,,,,,,,,,0.014571428571428572,,,,,,,,0.03383928571428571,1.6177857142857142,0.2901964285714286,,0.022232142857142857,0.27075,,,,,0.5655714285714286,0.08282142857142857,,0.029214285714285713,,0.008232142857142858,0.010285714285714285,0.16125,0.40382142857142855,,0.01,0.10369642857142856,0.38776785714285716,0.027142857142857142,,0.09839285714285714,0.017035714285714286,0.022857142857142854,0.2824642857142857,,,0.04276785714285715,0.006410714285714286,0.013517857142857144,,,,,0.018517857142857145,0.014517857142857145,,,,0.08210714285714285,,,5.165981341440441,617.0,1304.5918,0.4388735657054641
2024-08-03 10:30:00,2024-08-03 16:30:00,46.738508836041305,1.0,0.04555588547380156,,,,1.4092018756312337,0.0032332615024295436,0.009257995555555556,0.028794399999999998,1.5171471111111112e-24,2.3158977777777775e-05,3.6996444444444446e-05,0.00036628133333333336,5.7150400000000005e-25,2.7222488888888887e-05,0.0018612400000000001,0.0012349111111111112,3.8043866666666667e-07,0.10504755555555555,0.007683102222222222,0.02058408888888889,0.16353777777777775,3.193835555555556e-05,1.7520666666666666e-05,0.261,,,,,,,303.45711826052735,22.928198122224096,878.2435613556718,,1.4328970596503063,,,327.7137482564848,12326468.258384816,0.0005330384821709375,,0.0006941249838851623,,,,,1.013416367759225,6.462402731395589,,12.46649048717947,,1.657037735042735,4.794940871794871,,0.24498565384615387,,,,0.4463277435897436,0.2209719358974359,0.3434654615384611,0.008275961538461532,0.0,,,,,,,,,,0.01385013726370521,,,,,59400.0,59459.0,,,,,,,,,,,,,,,,,,,,,,,,,,,,,,,,,,,,,,,,,,,,,,,,,0.014285714285714285,,,,,,,,0.03310714285714286,1.5931428571428572,0.2875357142857143,,0.02217857142857143,0.2735,,,,,0.5552857142857143,0.0817857142857143,,0.02885714285714286,,0.00817857142857143,0.010142857142857141,0.1585,0.3987857142857143,,0.01,0.10153571428571427,0.3828214285714286,0.02657142857142857,,0.09707142857142857,0.016642857142857143,0.022428571428571426,0.27835714285714286,,,0.04182142857142857,0.006392857142857143,0.013321428571428571,,,,,0.018321428571428572,0.014321428571428572,,,,0.08092857142857143,,,5.595579790911292,894.5,1393.5355,0.4208276043858715
2024-08-03 10:45:00,2024-08-03 16:45:00,47.29752198859342,1.0,0.04252866585098476,,,,1.3836475439188058,0.0032236062553449955,0.00950604888888889,0.029413599999999998,2.6906000000000003e-24,2.463257777777778e-05,3.879453333333333e-05,0.00038376044444444443,1.0651662222222223e-24,3.0300533333333332e-05,0.00193556,0.001279688888888889,4.1221777777777774e-07,0.10685422222222223,0.007941204444444443,0.02087497777777778,0.16614266666666666,3.364368888888888e-05,1.9587377777777777e-05,0.261,,,,,,,303.6961315536315,22.793440871298017,878.2063895760324,,1.4881186009757439,,,322.98219157071196,12451556.446453089,0.0005478068981745768,,0.0006734546448789305,,,,,0.9464766704459562,6.071635837112623,,12.244728307692291,,1.641036858974359,4.7075227435897435,,0.24332214102564104,,,,0.44573790384615386,0.2270488717948718,0.34424542307692263,0.008182256410256404,0.0,,,,,,,,,,0.014265123638411854,,,,,60300.0,60359.0,,,,,,,,,,,,,,,,,,,,,,,,,,,,,,,,,,,,,,,,,,,,,,,,,0.014,,,,,,,,0.032375,1.5685,0.284875,,0.022125000000000002,0.27625,,,,,0.5449999999999999,0.08075,,0.0285,,0.008125,0.009999999999999998,0.15575,0.39375,,0.01,0.09937499999999999,0.377875,0.026,,0.09575,0.01625,0.022,0.27425,,,0.040875,0.0063750000000000005,0.013125000000000001,,,,,0.018125000000000002,0.014125000000000002,,,,0.07974999999999999,,,5.626737230411835,1172.0,1481.0083,0.40593417256751096
2024-08-03 11:00:00,2024-08-03 17:00:00,47.85653514114553,1.0,0.039501446228167966,,,,1.3580932122063782,0.0032139510082604475,0.009717075555555555,0.029933288888888892,5.162208888888889e-24,2.5964844444444445e-05,4.0386711111111106e-05,0.0003992631111111111,2.160808888888889e-24,3.3245066666666664e-05,0.00200052,0.001318551111111111,4.4178044444444443e-07,0.10832666666666667,0.008163911111111111,0.021110844444444443,0.16827777777777778,3.5172222222222226e-05,2.1572311111111112e-05,0.261,,,,,,,303.93514484673574,22.65868362037193,878.1692177963931,,1.5433401423011812,,,318.25063488493913,12576644.63452136,0.000562575314178216,,0.0006527843058726987,,,,,0.8795369731326875,5.680868942829658,,12.022966128205113,,1.6250359829059828,4.620104615384616,,0.24165862820512823,,,,0.4451480641025641,0.23312580769230767,0.3450253846153842,0.008088551282051276,0.0,,,,,,,,,,0.014680110013118496,,,,,61200.0,61259.0,,,,,,,,,,,,,,,,,,,,,,,,,,,,,,,,,,,,,,,,,,,,,,,,,0.013714285714285714,,,,,,,,0.03164285714285714,1.543857142857143,0.2822142857142857,,0.02207142857142857,0.279,,,,,0.5347142857142857,0.07971428571428571,,0.028142857142857143,,0.008071428571428571,0.009857142857142856,0.15300000000000002,0.3887142857142857,,0.01,0.0972142857142857,0.37292857142857144,0.025428571428571425,,0.09442857142857143,0.015857142857142858,0.021571428571428568,0.27014285714285713,,,0.03992857142857143,0.006357142857142857,0.012928571428571428,,,,,0.01792857142857143,0.013928571428571429,,,,0.07857142857142857,,,5.028266166697394,1369.0,1565.7512,0.3936778542194377
2024-08-03 11:15:00,2024-08-03 17:15:00,48.41554829369764,1.0,0.03647422660535117,,,,1.3325388804939504,0.0032042957611758995,0.009900817777777777,0.030378399999999996,1.0783848888888888e-23,2.718582222222222e-05,4.182182222222222e-05,0.00041325777777777783,4.756928888888888e-24,3.606111111111111e-05,0.0020585866666666666,0.0013531377777777776,4.694675555555556e-07,0.10957466666666665,0.008360368888888888,0.02130813333333333,0.17006844444444444,3.6564666666666666e-05,2.34768e-05,0.261,,,,,,,304.1741581398399,22.523926369445853,878.1320460167537,,1.5985616836266185,,,313.5190781991663,12701732.822589632,0.0005773437301818552,,0.0006321139668664668,,,,,0.8125972758194188,5.290102048546692,,11.801203948717934,,1.6090351068376068,4.532686487179487,,0.2399951153846154,,,,0.44455822435897435,0.23920274358974358,0.3458053461538457,0.007994846153846148,0.0,,,,,,,,,,0.015095096387825139,,,,,62100.0,62159.0,,,,,,,,,,,,,,,,,,,,,,,,,,,,,,,,,,,,,,,,,,,,,,,,,0.013428571428571429,,,,,,,,0.030910714285714288,1.5192142857142859,0.2795535714285714,,0.022017857142857145,0.28175,,,,,0.5244285714285715,0.07867857142857143,,0.02778571428571429,,0.008017857142857143,0.009714285714285713,0.15025,0.3836785714285714,,0.01,0.09505357142857142,0.36798214285714287,0.024857142857142855,,0.09310714285714286,0.015464285714285715,0.02114285714285714,0.26603571428571426,,,0.03898214285714286,0.006339285714285714,0.012732142857142859,,,,,0.01773214285714286,0.01373214285714286,,,,0.07739285714285714,,,4.703447200512535,1474.0,1646.6028,0.38327205459013636
2024-08-03 11:30:00,2024-08-03 17:30:00,48.97456144624976,1.0,0.033447006982534375,,,,1.3069845487815226,0.0031946405140913514,0.010059262222222223,0.030754266666666665,2.381622222222222e-23,2.82916e-05,4.309626666666667e-05,0.0004257093333333333,1.0939546666666665e-23,3.8750222222222225e-05,0.002109715555555556,0.0013831822222222223,4.952208888888889e-07,0.110612,0.008531062222222222,0.0214696,0.1715591111111111,3.781653333333333e-05,2.53052e-05,0.261,,,,,,,304.4131714329441,22.38916911851977,878.0948742371145,,1.6537832249520559,,,308.7875215133935,12826821.010657905,0.0005921121461854944,,0.0006114436278602349,,,,,0.74565757850615,4.899335154263727,,11.579441769230755,,1.5930342307692307,4.445268358974359,,0.23833160256410257,,,,0.4439683846153846,0.2452796794871795,0.3465853076923073,0.00790114102564102,0.0,,,,,,,,,,0.015510082762531782,,,,,63000.0,63059.0,,,,,,,,,,,,,,,,,,,,,,,,,,,,,,,,,,,,,,,,,,,,,,,,,0.013142857142857142,,,,,,,,0.03017857142857143,1.4945714285714287,0.27689285714285716,,0.021964285714285714,0.2845,,,,,0.5141428571428571,0.07764285714285715,,0.02742857142857143,,0.007964285714285715,0.009571428571428571,0.14750000000000002,0.3786428571428571,,0.01,0.09289285714285712,0.3630357142857143,0.024285714285714282,,0.09178571428571429,0.015071428571428572,0.020714285714285713,0.2619285714285714,,,0.03803571428571429,0.006321428571428572,0.012535714285714285,,,,,0.017535714285714286,0.013535714285714286,,,,0.0762142857142857,,,4.69545526778037,1579.0,1722.5345,0.3744715993009359
2024-08-03 11:45:00,2024-08-03 17:45:00,49.53357459880187,1.0,0.03041978735971758,,,,1.281430217069095,0.003184985267006803,0.010194266666666667,0.031074755555555555,5.281248888888888e-23,2.92872e-05,4.4227555555555554e-05,0.0004367604444444444,2.4823377777777778e-23,4.123484444444444e-05,0.00215456,0.0014093688888888887,5.187337777777778e-07,0.11147599999999999,0.008679715555555556,0.021604088888888887,0.1728071111111111,3.893693333333333e-05,2.6994311111111112e-05,0.261,,,,,,,304.65218472604835,22.25441186759369,878.0577024574752,,1.7090047662774934,,,304.05596482762064,12951909.198726177,0.0006068805621891336,,0.0005907732888540031,,,,,0.6787178811928813,4.508568259980761,,11.357679589743576,,1.5770333547008546,4.35785023076923,,0.23666808974358977,,,,0.44337854487179484,0.2513566153846154,0.3473652692307688,0.007807435897435891,0.0,,,,,,,,,,0.015925069137238422,,,,,63900.0,63959.0,,,,,,,,,,,,,,,,,,,,,,,,,,,,,,,,,,,,,,,,,,,,,,,,,0.012857142857142857,,,,,,,,0.02944642857142857,1.4699285714285715,0.27423214285714287,,0.021910714285714287,0.28725,,,,,0.5038571428571428,0.07660714285714286,,0.027071428571428573,,0.007910714285714285,0.009428571428571429,0.14475,0.3736071428571428,,0.01,0.09073214285714284,0.3580892857142857,0.023714285714285712,,0.09046428571428572,0.01467857142857143,0.020285714285714282,0.25782142857142853,,,0.03708928571428572,0.006303571428571428,0.012339285714285714,,,,,0.017339285714285717,0.013339285714285715,,,,0.07503571428571429,,,4.627893440408775,1684.0,1792.6808,0.3669458113714585
2024-08-03 12:00:00,2024-08-03 18:00:00,50.09258775135398,1.0,0.027392567736900783,,,,1.2558758853566672,0.003175330019922255,0.010303555555555557,0.03132946666666667,1.0792871111111111e-22,3.0124888888888888e-05,4.51692e-05,0.0004459835555555555,5.151373333333333e-23,4.341177777777778e-05,0.0021915688888888892,0.0014309244444444444,5.38968e-07,0.11216444444444444,0.008800915555555556,0.021706355555555557,0.17378177777777776,3.987622222222222e-05,2.847991111111111e-05,0.261,,,,,,,304.8911980191525,22.119654616667606,878.0205306778358,,1.764226307602931,,,299.3244081418478,13076997.386794448,0.0006216489781927729,,0.0005701029498477712,,,,,0.6117781838796126,4.117801365697796,,11.135917410256395,,1.5610324786324785,4.2704321025641025,,0.23500457692307694,,,,0.4427887051282051,0.25743355128205125,0.3481452307692303,0.007713730769230763,0.0,,,,,,,,,,0.016340055511945065,,,,,64800.0,64859.0,,,,,,,,,,,,,,,,,,,,,,,,,,,,,,,,,,,,,,,,,,,,,,,,,0.01257142857142857,,,,,,,,0.028714285714285713,1.4452857142857143,0.2715714285714286,,0.02185714285714286,0.29000000000000004,,,,,0.49357142857142855,0.07557142857142857,,0.026714285714285718,,0.007857142857142858,0.009285714285714284,0.14200000000000002,0.36857142857142855,,0.01,0.08857142857142855,0.35314285714285715,0.02314285714285714,,0.08914285714285715,0.014285714285714287,0.019857142857142854,0.25371428571428567,,,0.03614285714285714,0.006285714285714286,0.012142857142857143,,,,,0.017142857142857144,0.013142857142857144,,,,0.07385714285714286,,,4.511993241595145,1819.3334,1870.8452,0.3607954195081256
2024-08-03 12:15:00,2024-08-03 18:15:00,50.6516009039061,1.0,0.024365348114083987,,,,1.2303215536442393,0.003165674772837707,0.010391422222222222,0.03153262222222222,2.0084977777777777e-22,3.0830044444444444e-05,4.595048888888889e-05,0.00045365244444444444,9.681404444444444e-23,4.529746666666667e-05,0.0022220933333333337,0.0014485955555555556,5.562555555555556e-07,0.11269333333333333,0.008900204444444445,0.021785555555555555,0.17452844444444443,4.06648e-05,2.976977777777778e-05,0.261,,,,,,,305.13021131225673,21.984897365741524,877.9833588981966,,1.8194478489283683,,,294.592851456075,13202085.57486272,0.0006364173941964121,,0.0005494326108415393,,,,,0.5448384865663438,3.7270344714148296,,10.914155230769216,,1.5450316025641024,4.183013974358975,,0.2333410641025641,,,,0.4421988653846154,0.26351048717948716,0.34892519230769187,0.007620025641025634,0.0,,,,,,,,,,0.01675504188665171,,,,,65700.0,65759.0,,,,,,,,,,,,,,,,,,,,,,,,,,,,,,,,,,,,,,,,,,,,,,,,,0.012285714285714285,,,,,,,,0.027982142857142858,1.420642857142857,0.2689107142857143,,0.02180357142857143,0.29275,,,,,0.48328571428571426,0.07453571428571429,,0.026357142857142857,,0.007803571428571429,0.009142857142857142,0.13925,0.3635357142857143,,0.01,0.08641071428571427,0.34819642857142863,0.02257142857142857,,0.08782142857142858,0.013892857142857144,0.019428571428571427,0.24960714285714286,,,0.03519642857142857,0.006267857142857143,0.011946428571428571,,,,,0.01694642857142857,0.012946428571428572,,,,0.07267857142857143,,,3.9204191526900303,1989.3334,1938.776,0.3556856241447058
2024-08-03 12:30:00,2024-08-03 18:30:00,51.21061405645821,1.0,0.02133812849126719,,,,1.2047672219318115,0.003156019525753159,0.010462311111111112,0.03169106666666667,3.3586799999999995e-22,3.140573333333334e-05,4.658208888888889e-05,0.00045984222222222225,1.629135111111111e-22,4.6872844444444445e-05,0.0022465733333333336,0.001462657777777778,5.705235555555556e-07,0.11310355555555555,0.008979382222222223,0.021845644444444444,0.17509466666666668,4.130564444444445e-05,3.08484e-05,0.261,,,,,,,305.36922460536096,21.850140114815442,877.9461871185573,,1.8746693902538056,,,289.86129477030215,13327173.762930993,0.0006511858102000512,,0.0005287622718353074,,,,,0.47789878925307505,3.3362675771318635,,10.692393051282037,,1.5290307264957264,4.095595846153847,,0.23167755128205128,,,,0.4416090256410256,0.26958742307692307,0.3497051538461534,0.007526320512820506,0.0,,,,,,,,,,0.017170028261358352,,,,,66600.0,66659.0,,,,,,,,,,,,,,,,,,,,,,,,,,,,,,,,,,,,,,,,,,,,,,,,,0.012,,,,,,,,0.02725,1.3960000000000001,0.26625,,0.021750000000000002,0.2955,,,,,0.473,0.07350000000000001,,0.026000000000000002,,0.00775,0.009,0.1365,0.3585,,0.01,0.08424999999999999,0.34325000000000006,0.022,,0.0865,0.013500000000000002,0.018999999999999996,0.2455,,,0.03425,0.00625,0.01175,,,,,0.01675,0.012750000000000001,,,,0.0715,,,2.9051873203204273,2159.3333,1984.6632,0.3514740154331135
2024-08-03 12:45:00,2024-08-03 18:45:00,51.769627209010324,1.0,0.018310908868450396,,,,1.1792128902193837,0.0031463642786686108,0.0105148,0.031808888888888893,5.016613333333333e-22,3.1851777777777774e-05,4.706746666666667e-05,0.000464624,2.443564444444444e-22,4.8117955555555553e-05,0.002265368888888889,0.001473391111111111,5.817071111111111e-07,0.11340222222222222,0.009039524444444445,0.021888933333333336,0.17552444444444446,4.180066666666667e-05,3.1701022222222225e-05,0.261,,,,,,,305.6082378984651,21.71538286388936,877.9090153389179,,1.9298909315792432,,,285.1297380845294,13452261.950999266,0.0006659542262036905,,0.0005080919328290756,,,,,0.4109590919398063,2.9455006828488983,,10.470630871794857,,1.5130298504273503,4.008177717948718,,0.23001403846153845,,,,0.4410191858974359,0.2756643589743589,0.35048511538461496,0.007432615384615378,0.0,,,,,,,,,,0.017585014636064995,,,,,67500.0,67559.0,,,,,,,,,,,,,,,,,,,,,,,,,,,,,,,,,,,,,,,,,,,,,,,,,0.011714285714285714,,,,,,,,0.02651785714285714,1.371357142857143,0.26358928571428575,,0.02169642857142857,0.29825,,,,,0.4627142857142857,0.07246428571428572,,0.025642857142857144,,0.007696428571428571,0.008857142857142855,0.13375,0.3534642857142857,,0.01,0.0820892857142857,0.3383035714285715,0.021428571428571425,,0.08517857142857144,0.013107142857142859,0.01857142857142857,0.24139285714285713,,,0.03330357142857143,0.006232142857142857,0.011553571428571429,,,,,0.01655357142857143,0.01255357142857143,,,,0.07032142857142856,,,2.6821919208135525,2329.3333,2023.3231,0.3480674562036633
2024-08-03 13:00:00,2024-08-03 19:00:00,52.328640361562435,1.0,0.0152836892456336,,,,1.1536585585069559,0.0031367090315840623,0.010551155555555556,0.031890800000000004,6.681022222222222e-22,3.216991111111111e-05,4.7413333333333336e-05,0.00046800266666666666,3.2629688888888886e-22,4.901866666666667e-05,0.002278564444444444,0.0014809600000000001,5.897351111111112e-07,0.113608,0.009081897777777776,0.021918444444444445,0.17580622222222222,4.215346666666666e-05,3.2318666666666666e-05,0.261,,,,,,,305.84725119156934,21.580625612963278,877.8718435592787,,1.9851124729046805,,,280.39818139875655,13577350.139067538,0.0006807226422073298,,0.00048742159382284374,,,,,0.3440193946265375,2.5547337885659323,,10.248868692307678,,1.4970289743589742,3.92075958974359,,0.22835052564102565,,,,0.44042934615384616,0.2817412948717949,0.3512650769230765,0.0073389102564102495,0.0,,,,,,,,,,0.018000001010771635,,,,,68400.0,68459.0,,,,,,,,,,,,,,,,,,,,,,,,,,,,,,,,,,,,,,,,,,,,,,,,,0.011428571428571429,,,,,,,,0.025785714285714287,1.3467142857142858,0.2609285714285714,,0.021642857142857144,0.301,,,,,0.4524285714285714,0.07142857142857142,,0.025285714285714286,,0.007642857142857143,0.008714285714285713,0.131,0.3484285714285714,,0.01,0.07992857142857142,0.3333571428571429,0.020857142857142855,,0.08385714285714285,0.012714285714285716,0.01814285714285714,0.23728571428571427,,,0.03235714285714286,0.006214285714285715,0.011357142857142857,,,,,0.01635714285714286,0.012357142857142858,,,,0.06914285714285714,,,2.4716632088688413,2442.1667,2054.9866,0.3453803498272334
2024-08-03 13:15:00,2024-08-03 19:15:00,52.88765351411455,1.0,0.012256469622816804,,,,1.1281042267945283,0.0031270537844995143,0.010573377777777778,0.03193911111111111,7.93295111111111e-22,3.235964444444444e-05,4.761844444444445e-05,0.00047002888888888887,3.8801066666666665e-22,4.956253333333333e-05,0.0022863555555555555,0.0014854577777777779,5.945737777777778e-07,0.113732,0.009106848888888889,0.02193568888888889,0.1759693333333333,4.236564444444445e-05,3.269266666666667e-05,0.261,,,,,,,306.0862644846735,21.445868362037196,877.8346717796393,,2.040334014230118,,,275.6666247129837,13702438.327135809,0.0006954910582109689,,0.0004667512548166119,,,,,0.27707969731326876,2.163966894282967,,10.027106512820499,,1.4810280982905981,3.8333414615384616,,0.22668701282051282,,,,0.4398395064102564,0.28781823076923074,0.35204503846153806,0.007245205128205121,0.0,,,,,,,,,,0.01841498738547828,,,,,69300.0,69359.0,,,,,,,,,,,,,,,,,,,,,,,,,,,,,,,,,,,,,,,,,,,,,,,,,0.011142857142857142,,,,,,,,0.025053571428571432,1.3220714285714286,0.25826785714285716,,0.021589285714285714,0.30375,,,,,0.4421428571428571,0.07039285714285715,,0.024928571428571432,,0.007589285714285714,0.00857142857142857,0.12825,0.34339285714285717,,0.01,0.07776785714285712,0.32841071428571433,0.020285714285714282,,0.0825357142857143,0.012321428571428573,0.01771428571428571,0.23317857142857143,,,0.03141071428571429,0.0061964285714285715,0.011160714285714286,,,,,0.016160714285714285,0.012160714285714287,,,,0.06796428571428571,,,2.247597782178887,2489.6667,2080.0535,0.34337385221300637
2024-08-03 13:30:00,2024-08-03 19:30:00,53.446666666666665,1.0,0.009229250000000001,,,,1.1025498950821004,0.0031173985374149662,0.01058,0.03195671111111111,8.401924444444444e-22,3.242262222222222e-05,4.768768888888889e-05,0.00047070399999999996,4.1116e-22,4.974484444444445e-05,0.0022888488888888887,0.001486911111111111,5.962066666666666e-07,0.11379733333333333,0.00911536,0.02194,0.176,4.2436311111111115e-05,3.281822222222222e-05,0.261,1309.9144444444444,1.6758333333333333,0.05027777777777778,1.6758333333333333,40.73434,-111.87211,306.3252777777777,21.311111111111114,877.7975,173.64625,2.0955555555555554,430215.08843537414,1961.777380952381,270.9350680272109,13827526.515204081,0.0007102594742146081,,0.00044608091581038,,,-0.00011549999999999999,,0.21014000000000002,1.7732,2.6821,9.80534433333332,0.24180483333333336,1.465027222222222,3.7459233333333337,0.0010201666666666666,0.2250235,4.119975833333333,0.003979333333333333,0.6810998148148149,0.43924966666666665,0.29389516666666665,0.3528249999999996,0.007151499999999994,0.0,0.170774,0.05540766666666667,-0.006496333333333335,0.04417683333333333,0.16308566666666666,0.054418666666666685,0.0116535,0.005367833333333334,,0.018829973760184922,0.02611425,,,1.29591775,70200.0,70259.0,873.2914901360544,31.67283843537415,235.19094591836733,38.32679183673469,2.5611527210884355,0.19264455782312925,0.011726190476190475,25.41487288163265,22.6877989,19.63095743129252,18.220902038435373,16.051434652040818,14.46394214489796,12.753865852040816,11.27064680680272,10.125789817006803,9.326262509183675,8.815073012585033,8.855007776190476,8.943775270068027,8.240295365306123,6.77684473707483,22.698507647959183,7.501487111904763,1.8965065965986394,0.8135311023809525,0.14745282278911565,0.11591375646258503,0.054812264285714285,0.037457280952380954,0.03447564047619048,0.032830427551020405,0.02054740238095238,0.018161427551020407,0.022952939795918368,0.024952737414965984,0.033815621768707484,0.04700775748299319,0.033881442176870745,0.019248292857142857,0.018424687074829933,0.012024996598639455,0.02953150612244898,13514312.767857144,-54716.68337499999,,,,0.010857142857142857,,,,,,,,0.02432142857142857,1.2974285714285714,0.25560714285714287,,0.021535714285714287,0.3065,,,,,0.43185714285714283,0.06935714285714287,,0.024571428571428574,,0.007535714285714286,0.008428571428571428,0.1255,0.33835714285714286,,0.01,0.07560714285714284,0.32346428571428576,0.019714285714285712,,0.08121428571428571,0.01192857142857143,0.017285714285714283,0.22907142857142856,,,0.03046428571428572,0.006178571428571429,0.010964285714285715,,,,,0.015964285714285716,0.011964285714285715,,,,0.06678571428571428,,,2.2507390909975156,2537.1667,2099.0664,0.34199401202091484
2024-08-03 13:45:00,2024-08-03 19:45:00,53.05749887149887,1.0,0.008950166666666667,,,,1.0769955633696726,0.0031824314505494505,0.010573377777777778,0.03193964444444444,7.938239999999999e-22,3.235995555555555e-05,4.7619377777777776e-05,0.0004700475555555556,3.882871111111111e-22,4.95644e-05,0.0022864755555555556,0.00148552,5.946066666666667e-07,0.11373333333333333,0.009107057777777778,0.021936266666666666,0.1759742222222222,4.236604444444445e-05,3.2694755555555555e-05,0.261,1309.3027360972362,1.5439818995818997,0.05115659710659711,1.5439818995818997,40.73434367184297,-111.87211,306.8519632034632,21.19273237873238,878.0012193547193,166.66833450623452,2.1341179931179934,430828.12770007766,1963.6344273319273,194.82351759351758,13961841.59734092,0.0007250278902182474,,0.00042541057680414815,,,-0.00011428888888888889,,0.3044145678062678,2.591682080234581,3.445435621896622,11.497804555820094,0.25287103730158733,3.5889100658730158,44.61553156428571,0.001922666402116402,0.42110073148148147,5.073681197354498,0.012213451322751322,1.0158962142857144,0.4923358560846561,1.8316165753968254,6.533060481216931,0.12779003253968255,0.0,1.7100848074074075,0.4282045338624338,0.010581627513227514,0.08284558783068784,0.18899511375661374,0.21585860555555555,0.01600279021164021,0.009951083597883598,,0.019244960134891565,0.02491513333333334,,,1.2763519666666667,71100.0,71159.0,873.3045984482184,33.952468283198286,238.85878715451216,38.63823618973619,2.5244116415066413,0.18819472342472343,0.011606704591704592,26.041103623476708,23.19509475434251,20.07560448921486,18.399381911686092,16.4576938676418,14.478479229975395,12.784290569643321,11.540796562384283,10.329281839917675,9.550208183610094,8.993785831589522,9.035227032180227,8.94780803971843,8.432919561157176,6.95744266453195,22.68823178148666,7.513545632652163,1.947549796069116,0.8150058257011508,0.14093299100233103,0.09604067943759943,0.05380866035631036,0.04152614618640619,0.034845989163614165,0.0345298205033855,0.024271871967846966,0.0240147588999889,0.025406589213379214,0.023256710006290003,0.029015567737817737,0.03935295288840789,0.026545750629370632,0.02150157759092759,0.016037310846560845,0.014607700016095015,0.029576088196063197,13729714.804639805,-4759.0557274059265,,,,0.01057142857142857,,,,,,,,0.023589285714285715,1.2727857142857144,0.25294642857142857,,0.02148214285714286,0.30925,,,,,0.42157142857142854,0.06832142857142857,,0.024214285714285716,,0.007482142857142857,0.008285714285714285,0.12275,0.33332142857142855,,0.01,0.07344642857142855,0.3185178571428572,0.01914285714285714,,0.07989285714285715,0.011535714285714288,0.016857142857142855,0.2249642857142857,,,0.029517857142857144,0.006160714285714286,0.010767857142857143,,,,,0.015767857142857146,0.011767857142857144,,,,0.06560714285714286,,,2.5885041608157073,2584.6667,2112.6755,0.3494467179416532
2024-08-03 14:00:00,2024-08-03 20:00:00,52.489568452380965,1.0,0.010154327316317942,,,,1.051441231657245,0.0031663902222222222,0.010551155555555556,0.03189191111111111,6.689613333333333e-22,3.217053333333333e-05,4.741502222222222e-05,0.0004680382222222222,3.267262222222222e-22,4.9021777777777774e-05,0.0022786044444444444,0.0014810133333333334,5.897799999999999e-07,0.11361333333333334,0.009082217777777778,0.021919155555555556,0.175808,4.2156133333333335e-05,3.232204444444444e-05,0.261,1309.4035555555556,1.2044,0.051866666666666665,1.2044,40.734347822222226,-111.87211,307.7393333333333,21.01022222222222,878.144,155.98742222222225,1.8817777777777778,430208.26666666666,1965.2226666666668,176.21733333333336,14324426.901777778,0.0007397963062218866,,0.00040474023779791624,,,,,0.30881528888888893,2.398880888888889,3.682106666666667,10.805251735053831,0.24575151545121543,2.561215168035668,18.846385046664448,0.0009797690087690086,0.3098035642468642,4.830657536951937,0.010403832378732379,0.7207563748066748,0.5420844401598401,0.6695346481185481,2.638365866799867,0.05002511956931957,0.0,0.7266669252858252,0.19529128943278942,0.00043994805194805264,0.054293082217782215,0.17100052856032855,0.10841285746475747,0.023406308935508935,0.006558409512709513,,0.01965994650959821,,,,,72000.0,72059.0,873.25548,36.46036,249.86383555555554,39.61375555555556,2.449448888888889,0.18102222222222222,0.011551111111111111,27.599806333333333,24.39622244,21.33776922222222,19.291587657777775,17.176382826666668,15.09477519111111,13.286189511111111,11.956991422222222,10.670911613333335,9.89379987111111,9.427913946666667,9.498674853333334,9.507538435555555,9.124790746666667,7.436530071111111,23.234496306666664,7.53583332,1.9550362488888888,0.8122787022222222,0.13178109777777777,0.09785771111111112,0.04542776444444444,0.037786591111111115,0.030788026666666666,0.029874475555555554,0.02865632,0.025881022222222223,0.022132275555555556,0.02128847111111111,0.026292124444444443,0.03625800444444445,0.02526974222222222,0.018740635555555555,0.014399826666666667,0.01297604,0.020899773333333333,14111427.555555556,1912.5177777777778,,,,0.010285714285714285,,,,,,,,0.02285714285714286,1.2481428571428572,0.2502857142857143,,0.02142857142857143,0.312,,,,,0.41128571428571425,0.06728571428571428,,0.023857142857142858,,0.0074285714285714285,0.008142857142857143,0.12,0.3282857142857143,,0.01,0.07128571428571427,0.3135714285714286,0.01857142857142857,,0.07857142857142857,0.011142857142857142,0.016428571428571424,0.22085714285714286,,,0.028571428571428574,0.006142857142857143,0.010571428571428572,,,,,0.015571428571428573,0.011571428571428573,,,,0.06442857142857142,,,3.4615307555555557,2610.0,2121.6021,0.34863623618117745
2024-08-03 14:15:00,2024-08-03 20:15:00,55.23578869047619,1.0,0.011358487965969217,,,,1.0258868999448172,0.004492549333333333,0.0105148,0.03181071111111111,5.0263422222222215e-22,3.1853288888888886e-05,4.707133333333334e-05,0.0004646475555555556,2.448333333333333e-22,4.812475555555556e-05,0.0022654888888888887,0.0014734533333333332,5.817635555555556e-07,0.11340222222222222,0.00903995111111111,0.021890044444444444,0.1755248888888889,4.180466666666666e-05,3.170573333333333e-05,0.261,1309.1719725459727,1.2949740592740595,0.051779531579531586,1.2949740592740595,40.73434066666667,-111.87211,308.0631585081585,20.679386835386836,877.6481792651792,162.57583925333927,1.9459958559958561,430136.7555555555,1965.6257777777778,180.9466666666667,14300108.874666668,0.0007545647222255258,,0.00038406989879168443,,,,,0.34164684444444443,2.2381342222222225,3.5236773333333336,10.051260755555552,0.2409872,1.8221217777777778,3.0015207555555556,0.0005840444444444444,0.23730586666666667,4.337407333333333,0.007487688888888889,0.6390859111111111,0.5179067555555555,0.05815364444444456,0.2781423111111111,0.007344311111111111,0.0,0.14419586666666667,0.05467408888888889,-0.004757866666666667,0.031328888888888885,0.13722013333333333,0.03876346666666668,0.028684044444444442,0.004867288888888889,,0.02007493288430485,,,,,72900.0,72959.0,873.0394222222222,37.938342222222225,246.51981777777777,38.47980444444444,2.3361511111111115,0.17752444444444443,0.010915555555555555,27.668564884444443,24.243765297777777,21.195022217777776,19.140785862222224,17.104899555555555,14.964675515555557,13.05160303111111,11.738244875555555,10.531750208888889,9.843363151111111,9.413949622222223,9.505826062222221,9.576690715555555,9.175880635555556,7.2557262711111115,22.003677004444445,6.918907595555556,1.8176021377777778,0.7736306711111111,0.12356432888888888,0.08973184,0.05165664444444444,0.037329857777777774,0.03207113777777778,0.02847785777777778,0.030143244444444443,0.021952435555555556,0.023845524444444443,0.01912705777777778,0.018099875555555554,0.03309329777777778,0.021100031111111115,0.01757544,0.011997800000000001,0.012741653333333332,0.022705195555555557,14092902.222222222,1912.6272,,,,0.01,,,,,,,,0.022125,1.2235,0.247625,,0.021375,0.31475,,,,,0.401,0.06625,,0.0235,,0.007375,0.008,0.11725000000000002,0.32325,,0.01,0.06912499999999999,0.30862500000000004,0.018,,0.07725,0.01075,0.015999999999999997,0.21675,,,0.027625000000000004,0.006125,0.010375,,,,,0.015375000000000002,0.011375000000000001,,,,0.06325,,,3.381418755555556,2610.0,2126.5974,0.49696610945290265
2024-08-03 14:30:00,2024-08-03 20:30:00,56.17918681318681,1.0,0.012562648615620491,,,,1.0003325682323894,0.006923588,0.010462311111111112,0.03169337777777778,3.367102222222222e-22,3.14076e-05,4.658533333333333e-05,0.00045988488888888885,1.6332466666666666e-22,4.688137777777778e-05,0.002246688888888889,0.0014627288888888889,5.705964444444443e-07,0.11310355555555555,0.008979835555555557,0.02184608888888889,0.1751088888888889,4.130862222222222e-05,3.085328888888889e-05,0.261,1309.3507886904763,1.2314851190476193,0.051875,1.2314851190476193,40.73434,-111.87211,308.4986607142857,20.34931547619048,876.7121874999999,166.9173199404762,1.829717261904762,431000.0444444444,1966.0497777777778,192.85955555555557,14563281.876444444,0.000769333138229165,,0.0003633995597854526,,,,,0.5974257777777778,2.490300888888889,4.095089777777778,10.575656177777773,0.24053031111111112,1.9449314666666666,3.374292888888889,0.0009516,0.2456340888888889,4.342213644444445,0.004607022222222223,0.7380909333333334,0.6363963555555556,0.07333675555555567,0.3227648444444445,0.011285377777777777,0.0,0.1737512,0.06319422222222222,-0.00847951111111111,0.03559453333333333,0.19670902222222222,0.042929200000000015,0.019343377777777778,0.004293688888888889,,0.02048991925901149,,,,,73800.0,73859.0,872.85792,38.84071111111111,249.12972,38.59654666666667,2.3488222222222226,0.1778711111111111,0.010884444444444445,28.144580564444443,24.785305724444445,21.59512044888889,19.47006888,17.24413648,15.2674966,13.229963462222223,11.880537017777778,10.589036253333335,9.862657408888888,9.552938897777777,9.746455333333333,9.771649626666667,9.424777706666667,7.27680644,21.523151057777778,6.609175182222222,1.766425391111111,0.7802442666666667,0.13312921333333333,0.09444121333333334,0.04795336888888889,0.039158995555555555,0.032226151111111115,0.023955097777777778,0.026844377777777775,0.023462466666666668,0.02601821777777778,0.023459031111111108,0.020877333333333335,0.029874266666666666,0.019449724444444445,0.015366573333333333,0.012147497777777778,0.016935475555555555,0.023831995555555555,14340116.888888888,1912.8338222222221,,,,0.009714285714285713,,,,,,,,0.021392857142857144,1.1988571428571428,0.24496428571428572,,0.021321428571428575,0.3175,,,,,0.3907142857142857,0.06521428571428571,,0.023142857142857146,,0.007321428571428572,0.007857142857142856,0.11450000000000002,0.3182142857142857,,0.01,0.0669642857142857,0.30367857142857146,0.017428571428571425,,0.07592857142857143,0.010357142857142856,0.01557142857142857,0.21264285714285713,,,0.026678571428571433,0.006107142857142857,0.01017857142857143,,,,,0.01517857142857143,0.01117857142857143,,,,0.06207142857142857,,,3.7482891555555553,2610.0,2128.4011,0.7710150099259426
2024-08-03 14:45:00,2024-08-03 20:45:00,57.01422222222222,1.0,0.013766809265271766,0.31858257294372294,0.006781288386844636,0.030611749149230403,0.9747782365199615,0.006831438222222223,0.010391911111111112,0.03153497777777778,2.0143466666666665e-22,3.083386666666667e-05,4.5954844444444445e-05,0.00045368933333333333,9.710071111111111e-23,4.530786666666667e-05,0.0022221688888888888,0.001448728888888889,5.56344e-07,0.11269333333333333,0.008901062222222223,0.021786088888888888,0.17454044444444444,4.066933333333333e-05,2.9774844444444444e-05,0.261,1309.5724856439856,1.2015357327857328,0.04098993043993045,1.2015357327857328,40.73435,-111.87211,309.8173534058534,19.503324009324007,877.6297584267584,142.131561007511,2.2245389610389608,431382.80000000005,1964.3537777777779,204.34044444444447,14702081.042666666,0.0007841015542328042,5.956676887926887e-05,0.00034272922077922076,7.822392075517074e-05,5.7289820827320833e-05,0.00017677193362193363,,0.8098725333333333,2.869584,4.562908444444444,10.236476666666663,0.22834004444444445,2.0809667555555555,3.4923152,0.0014048,0.2542453333333333,4.354069288888889,0.005762177777777778,0.6795698666666666,0.8217285333333334,0.09706888888888901,0.40848053333333334,0.016168444444444444,0.0,0.22441368888888888,0.07949017777777777,-0.009241066666666665,0.03511368888888889,0.18711160000000002,0.043704755555555565,0.014177466666666668,0.003800577777777778,0.007182628715728716,0.020904905633718135,0.071475894997595,0.005708073493867244,0.00037273838985088986,0.628208185503848,74700.0,74759.0,872.7280088888889,39.49596888888889,250.01067111111112,38.54689777777778,2.3707822222222226,0.1796222222222222,0.010773333333333333,28.311134275555556,24.88870111111111,21.837697013333333,19.63982904,17.38800292,15.325300515555556,13.15271069777778,11.881783484444444,10.721842088888888,9.939337155555556,9.602430306666665,9.83356104,10.013273444444446,9.541805364444444,7.38194412,21.144984528888887,6.352129715555555,1.684868391111111,0.7648141822222222,0.12685657777777778,0.09372922222222221,0.04780093777777778,0.043916057777777774,0.03341894222222222,0.02529788,0.022882088888888888,0.024517684444444448,0.016918768888888887,0.022203875555555554,0.020625253333333333,0.02850468888888889,0.020681413333333336,0.019963559999999998,0.015328924444444446,0.013517168888888887,0.028304853333333335,14489700.444444442,1910.4923999999999,,,,0.009428571428571429,,,,,,,,0.020660714285714282,1.1742142857142857,0.24230357142857142,,0.021267857142857144,0.32025000000000003,,,,,0.38042857142857134,0.06417857142857142,,0.022785714285714288,,0.007267857142857143,0.0077142857142857135,0.11175000000000002,0.3131785714285714,,0.01,0.06480357142857142,0.2987321428571429,0.016857142857142855,,0.07460714285714286,0.009964285714285714,0.015142857142857138,0.20853571428571427,,,0.025732142857142863,0.006089285714285715,0.009982142857142858,,,,,0.014982142857142859,0.010982142857142859,,,,0.06089285714285714,,,4.079091688888889,2610.0,2127.7009,0.7674857282950999
2024-08-03 15:00:00,2024-08-03 21:00:00,57.604,1.0,0.009632149548229548,0.2677683182417583,0.006684187057387057,0.022441356105006104,0.9157910273260074,0.007575338222222222,0.010305066666666666,0.031332088888888894,1.082931111111111e-22,3.0129511111111112e-05,4.517351111111111e-05,0.00044603777777777777,5.169093333333333e-23,4.342306666666667e-05,0.0021917288888888887,0.0014310266666666667,5.390688888888889e-07,0.11216577777777778,0.008801902222222222,0.02170786666666667,0.1737857777777778,3.98832e-05,2.848608888888889e-05,0.261,1309.7746666666667,1.6465333333333334,0.041466666666666666,1.6465333333333334,40.734344666666665,-111.87210755555557,309.95177777777775,19.142222222222223,877.6151111111111,137.44666666666666,2.4693333333333336,428978.8,1960.5933333333335,170.07955555555557,14172855.499111112,0.0007555744444444444,0.00011789249084249083,0.00032319934065934067,5.956989010989011e-05,6.0244212454212454e-05,0.00015743347985347985,,0.5302496,1.9858775555555557,3.385664888888889,8.56420644444444,0.21738293333333333,1.4583222666666666,2.5338112,0.0009278666666666667,0.20599671111111112,3.9267092,0.0027879111111111113,0.5342552,0.7609517333333333,0.07113551111111122,0.3544591111111111,0.011805155555555556,0.0,0.14133400000000002,0.04979613333333333,-0.0022164,0.028192977777777777,0.14008173333333335,0.03112924444444446,0.008749822222222222,0.0018614222222222221,0.00615296855921856,0.017941523003663005,0.0811238392918193,0.005308428608058608,0.00038520702075702076,0.6106366684126985,75600.0,75659.0,872.50192,39.92550222222222,232.09295555555553,35.37934222222222,2.0937822222222224,0.1728,0.009519999999999999,26.17653454222222,23.00067354666667,20.197131057777778,18.260023484444446,16.246557915555556,14.142576253333335,12.279102457777778,11.13738608,9.95978238222222,9.33102216888889,9.159608395555555,9.279605244444443,9.428185093333333,8.936857115555556,6.832379804444445,19.280481084444443,5.700087346666667,1.5358900666666666,0.6912598133333333,0.11404312,0.07247323111111112,0.03715536444444444,0.03678868,0.03361957333333333,0.024225284444444443,0.017585008888888885,0.021899537777777776,0.019233275555555554,0.02024266222222222,0.01971117333333333,0.022643062222222222,0.017619808888888887,0.01807014222222222,0.012755662222222222,0.010907062222222224,0.018823346666666668,13984083.555555554,1908.486577777778,,,,0.009142857142857142,,,,,,,,0.019928571428571427,1.1495714285714287,0.23964285714285713,,0.021214285714285717,0.323,,,,,0.3701428571428571,0.06314285714285714,,0.02242857142857143,,0.007214285714285715,0.00757142857142857,0.10900000000000001,0.30814285714285716,,0.01,0.06264285714285713,0.2937857142857143,0.016285714285714282,,0.07328571428571429,0.009571428571428571,0.014714285714285711,0.20442857142857143,,,0.024785714285714293,0.006071428571428571,0.009785714285714286,,,,,0.014785714285714287,0.010785714285714287,,,,0.05971428571428571,,,3.6837262666666666,2419.8333,2124.1321,0.8606478498587175
2024-08-03 15:15:00,2024-08-03 21:15:00,58.78,1.0,0.00847800634920635,0.2562083396825397,0.00651487492063492,0.02074060888888889,0.8897271590476191,0.007599088444444444,0.010195599999999999,0.0310784,5.301911111111111e-23,2.929093333333333e-05,4.4233555555555554e-05,0.0004368453333333333,2.4919644444444444e-23,4.124604444444445e-05,0.0021547155555555553,0.0014095866666666667,5.188657777777778e-07,0.11149288888888889,0.008680715555555555,0.021606,0.17282888888888887,3.894373333333333e-05,2.7002755555555556e-05,0.261,1309.5368888888888,1.9987555555555556,0.04591111111111111,1.9987555555555556,40.73434,-111.87210044444444,310.5544444444444,18.42222222222222,877.4480000000001,134.37231111111112,2.3204444444444445,427726.08888888883,1959.0284444444444,159.71733333333336,13889169.830222223,0.0007955453968253968,0.00016804984126984128,0.0003626463492063492,3.7452063492063495e-05,0.00010480031746031746,0.0001426536507936508,,0.4416675111111111,1.6402610666666668,2.9915542222222222,7.534024933333329,0.20846795555555558,1.2623301777777778,2.0153713777777775,0.0011794222222222222,0.18154973333333332,3.6720738222222225,0.0036067111111111115,0.47784275555555555,0.6672197333333333,0.05237564444444456,0.2131392,0.008068755555555555,0.0,0.09395048888888889,0.03431217777777777,0.00026848888888888925,0.027753022222222222,0.137674,0.029475422222222238,0.006735466666666666,0.0020553777777777777,0.0062108368253968255,0.016034424761904763,0.08296176634920635,0.005076159047619048,0.00035227460317460317,0.6302098987301586,76500.0,76559.0,872.2138933333333,40.01777333333334,228.18609777777777,34.48388,2.013031111111111,0.17079555555555553,0.00908888888888889,25.870369413333332,22.81575729777778,19.931586146666668,18.098283560000002,15.862090422222222,13.959336342222223,12.014848333333333,10.909687457777778,9.789788235555557,9.112972022222221,8.934977622222222,9.225910151111112,9.356376013333334,8.853188448888888,6.68346888,18.706719640000003,5.484502986666667,1.4434794222222223,0.6356164577777778,0.10773236,0.07376088888888889,0.04051639555555556,0.03446227555555556,0.03453140444444444,0.024856751111111113,0.018563995555555556,0.01965316,0.01553876,0.018046911111111112,0.017228928888888887,0.01889701777777778,0.018743862222222223,0.014706675555555555,0.009370848888888889,0.013708524444444444,0.01682643111111111,13686951.555555558,1907.1428444444446,,,,0.008857142857142857,,,,,,,,0.019196428571428573,1.1249285714285715,0.23698214285714286,,0.021160714285714286,0.32575,,,,,0.3598571428571429,0.062107142857142854,,0.02207142857142857,,0.007160714285714286,0.007428571428571428,0.10625000000000001,0.30310714285714285,,0.01,0.060482142857142845,0.28883928571428574,0.015714285714285712,,0.07196428571428572,0.009178571428571428,0.014285714285714284,0.20032142857142857,,,0.023839285714285723,0.006053571428571429,0.009589285714285715,,,,,0.014589285714285716,0.010589285714285716,,,,0.05853571428571428,,,3.5450138222222223,2012.3334,2118.594,0.8753988534483332
2024-08-03 15:30:00,2024-08-03 21:30:00,57.626666666666665,1.0,0.010190581587301586,0.21128459555555554,0.005873822539682539,0.016966942539682537,0.824007500952381,0.006435433333333334,0.010059502222222221,0.030757777777777776,2.3936266666666663e-23,2.8297111111111113e-05,4.310462222222222e-05,0.0004257822222222222,1.0987253333333333e-23,3.876222222222222e-05,0.002109848888888889,0.0013833422222222223,4.953466666666666e-07,0.11061377777777778,0.008532097777777777,0.021470266666666668,0.17156666666666667,3.7824e-05,2.5313733333333335e-05,0.261,1308.9071111111111,2.1840888888888887,0.046400000000000004,2.1840888888888887,40.73434,-111.8721,310.80066666666664,17.73288888888889,877.044,142.3284,2.6048888888888886,428841.86666666664,1956.4333333333334,166.27422222222225,13419956.784,0.0007491241269841269,0.0001009326984126984,0.0003724,2.2635238095238095e-05,0.00011792825396825398,0.00010517777777777777,,0.6582449777777779,2.3440507111111115,3.8285835555555554,6.946883043345539,0.19976019521589522,1.027474560872461,1.6100535853701854,0.0007877942057942059,0.15919057724497726,3.3451803258297255,0.0035865165723165723,0.5181355106671106,0.5553676164946165,0.04370176178266191,0.15326510791430792,0.0061611635697635695,0.0,0.07333825503385503,0.029109238339438338,0.0023696057720057726,0.0250983468975469,0.1684093212898213,0.02350873780663782,0.006249003940503941,0.0015203326007326007,0.005172860317460318,0.01332545746031746,0.07504351269841271,0.004607029206349207,0.00028232761904761907,0.6219263158730158,77400.0,77459.0,871.9585511111111,40.18980888888889,220.98084444444444,33.44484888888889,1.9482622222222223,0.17017333333333334,0.00903111111111111,24.84360051111111,21.948178831111115,19.24012352888889,17.341796133333332,15.462611537777777,13.518172377777779,11.73263266222222,10.544004444444445,9.516434191111111,8.91405984,8.698767222222221,8.986758422222222,9.121216622222223,8.64155752,6.545351071111111,18.15991185333333,5.245632053333334,1.409192417777778,0.6414011422222222,0.09988842222222223,0.06427258222222222,0.03809759555555556,0.030084795555555554,0.03086077333333333,0.021629600000000002,0.019910586666666667,0.02000933777777778,0.017294253333333336,0.014966751111111112,0.021028964444444444,0.02342512,0.017837786666666668,0.015378688888888888,0.007866248888888889,0.011666746666666667,0.015230995555555555,13237011.11111111,1905.6912,,,,0.00857142857142857,,,,,,,,0.01846428571428571,1.1002857142857143,0.23432142857142857,,0.02110714285714286,0.3285,,,,,0.34957142857142853,0.06107142857142857,,0.021714285714285717,,0.007107142857142857,0.007285714285714284,0.10350000000000001,0.29807142857142854,,0.01,0.05832142857142855,0.28389285714285717,0.015142857142857138,,0.07064285714285715,0.008785714285714286,0.013857142857142853,0.1962142857142857,,,0.022892857142857145,0.006035714285714286,0.009392857142857142,,,,,0.014392857142857143,0.010392857142857143,,,,0.05735714285714286,,,3.1589333777777777,1604.8334,2112.9377,0.7542615545375843
2024-08-03 15:45:00,2024-08-03 21:45:00,57.208,1.0,0.012989075555555557,0.22289168,0.0060714666666666665,0.016179022222222224,0.8564730755555555,0.005859034666666666,0.009901933333333333,0.030381022222222224,1.0820408888888889e-23,2.7192355555555555e-05,4.1828844444444444e-05,0.00041332844444444443,4.774324444444445e-24,3.607288888888889e-05,0.002059,0.00135324,4.6957644444444445e-07,0.10957466666666667,0.008361573333333334,0.021309911111111114,0.17007555555555556,3.657048888888889e-05,2.3484266666666668e-05,0.261,1308.6195555555557,1.7656,0.050133333333333335,1.7656,40.73433653333334,-111.87210457777778,310.55044444444445,18.03955555555556,876.8568888888889,139.44306666666665,2.139111111111111,430418.1777777778,1957.3391111111112,182.22755555555557,13434198.79688889,0.0007321866666666668,-2.5955555555555554e-06,0.0004261777777777777,3.8391111111111115e-05,0.00010263555555555556,5.4235555555555564e-05,,0.7339668241055242,3.076956934028934,4.703513839345838,7.105149011904754,0.2018496251322751,1.075870503968254,1.757395699206349,0.0012162949735449735,0.16513531534391535,3.350503378835979,0.0036338738095238092,0.43253109947089946,0.5747686216931218,0.0625534402116405,0.19774366640211644,0.00899526798941799,0.0,0.09473002592592593,0.03657076507936508,0.0017001145502645507,0.02811095925925926,0.1433842492063492,0.0251246584656085,0.006005147883597884,0.0017975074074074073,0.005508866666666667,0.015013382222222224,0.08464198222222223,0.00475072,0.0002653955555555556,0.5664520266666666,78300.0,78359.0,871.7468577777778,39.83521333333333,226.01186666666666,34.188248888888886,1.9748577777777778,0.16884888888888888,0.00915111111111111,25.597393488888887,22.394268911111112,19.657774155555558,17.744478066666666,15.797264542222221,13.745256186666666,12.083334955555555,10.83561108,9.681625608888888,9.133637591111112,8.84029423111111,9.110955022222223,9.321380924444444,8.821613000000001,6.7598042666666665,18.5198458,5.359010844444445,1.4591856044444447,0.667656711111111,0.10386848444444445,0.06660735111111112,0.03622986222222222,0.03349957777777778,0.028797226666666665,0.023128773333333335,0.017919053333333334,0.023030742222222223,0.01882288,0.019530364444444444,0.023010622222222225,0.020656542222222223,0.015401115555555556,0.016958826666666666,0.009440164444444446,0.00878336888888889,0.015884226666666668,13249892.88888889,1906.5286666666666,,,,0.008285714285714285,,,,,,,,0.017732142857142856,1.0756428571428571,0.23166071428571428,,0.02105357142857143,0.33125000000000004,,,,,0.3392857142857142,0.06003571428571428,,0.02135714285714286,,0.007053571428571428,0.007142857142857142,0.10075,0.2930357142857143,,0.01,0.05616071428571427,0.2789464285714286,0.014571428571428569,,0.06932142857142858,0.008392857142857143,0.013428571428571425,0.19210714285714284,,,0.021946428571428575,0.0060178571428571425,0.00919642857142857,,,,,0.014196428571428572,0.010196428571428572,,,,0.056178571428571425,,,3.2801997777777774,1197.3334,2106.3096,0.7007095953233681
2024-08-03 16:00:00,2024-08-03 22:00:00,60.717777777777776,1.0,0.0097732,0.2743928755555555,0.006220853333333333,0.020394226666666668,0.8491209333333334,0.00833330488888889,0.009718266666666666,0.02993728888888889,5.1746444444444445e-24,2.5971866666666668e-05,4.0393911111111115e-05,0.00039933644444444444,2.166488888888889e-24,3.325604444444445e-05,0.0020010355555555555,0.0013188311111111113,4.418911111111111e-07,0.10833955555555555,0.008165084444444444,0.021113244444444446,0.16830044444444442,3.51784e-05,2.157942222222222e-05,0.261,1308.9697777777776,1.3501333333333332,0.04973333333333333,1.3501333333333332,40.7343336,-111.87210782222223,310.90555555555557,17.65822222222222,876.644,123.99311111111112,2.1653333333333338,428950.3111111111,1957.8413333333333,175.63733333333337,13324957.040000001,0.0007711955555555557,6.0586666666666674e-05,0.0003782044444444444,4.724888888888889e-05,0.00010381333333333332,3.0995555555555556e-05,,0.4757934348225848,2.016546876678877,3.6643786865911867,6.775439298734595,0.19922856764346764,1.0529534320346319,1.5765438664557663,0.0014991585525585525,0.15744041603951603,3.4000909901209906,0.0061960332001332,0.34045444891404897,0.5238812195138195,0.031011371040071168,0.1258964943056943,0.0076088476301476304,0.0,0.07397949583749583,0.026742632223332223,-0.00590123894993895,0.02449970200910201,0.10058555397935397,0.0228786066822067,0.006672924553224552,0.002331947596847597,0.006974413333333333,0.014571879999999999,0.08234541333333333,0.0050826088888888885,0.00024690222222222225,0.6687629022222222,79200.0,79259.0,871.5067022222222,39.307786666666665,238.2596133333333,36.460884444444446,2.09668,0.16846222222222224,0.009968888888888888,26.450359382222224,23.165849084444446,20.46068408,18.438930675555557,16.48931678222222,14.345060595555557,12.62159956,11.355382951111112,10.253448377777778,9.677319728888888,9.354385564444444,9.739067315555555,9.939703346666667,9.4254192,7.291936808888889,20.42660972,5.977787333333334,1.6280539644444443,0.7180288311111112,0.10670453333333334,0.07483289777777777,0.04374485333333333,0.038169173333333334,0.03018048,0.024640431111111114,0.023551173333333335,0.020497395555555558,0.012302942222222222,0.01829603111111111,0.01635812888888889,0.022340266666666667,0.01231887111111111,0.014241871111111111,0.011559102222222223,0.009500675555555555,0.021416804444444444,13138165.333333332,1906.972577777778,5.831,0.384,0.066,0.008,,0.072,0.43,0.199,0.062,0.008,0.013,0.017,1.051,0.229,0.109,0.021,0.334,0.002,0.141,0.011,0.03,0.329,0.059,0.115,0.021,0.006,0.007,0.007,0.098,0.288,0.002,0.01,0.054,0.274,0.014,0.023,0.068,0.008,0.013,0.188,0.003,0.006,0.021,0.006,0.009,0.002,0.009,0.006,0.003,0.014,0.01,0.053,0.01,0.003,0.055,0.041,0.009,3.473082,1241.3334,2098.5725,1.020602413311096
2024-08-03 16:15:00,2024-08-03 22:15:00,64.42088888888888,1.0,0.005382420634920635,0.3315901060317461,0.0063283085714285715,0.024678046984126983,0.8408647304761905,0.008191434222222222,0.009507186666666667,0.029417422222222222,2.695391111111111e-24,2.4638933333333332e-05,3.880173333333334e-05,0.0003838142222222222,1.0672582222222224e-24,3.031088888888889e-05,0.0019359422222222224,0.0012799066666666667,4.1232844444444444e-07,0.10686,0.00794227111111111,0.020876,0.16615511111111111,3.364911111111111e-05,1.9593244444444443e-05,0.261,1308.7506666666668,47.14337777777778,0.05115555555555555,47.14337777777778,40.73433986666667,-111.87210320000001,311.5064444444444,16.743111111111112,876.3875555555554,118.3764,2.375111111111111,428069.6,1957.9844444444445,166.54799999999997,13083817.488444446,0.0008477831746031745,0.0001985790476190476,0.0003992476190476191,5.0496190476190477e-05,0.00011719523809523811,-4.493968253968255e-06,,0.4193154222222222,1.646056888888889,3.131877333333333,6.311550222222219,0.2001280888888889,0.9539308888888889,1.4013682222222221,0.00037533333333333337,0.15123942222222223,3.3210136444444442,0.0029980444444444444,0.3325588,0.43681631111111113,0.04181808888888901,0.10791702222222223,0.005128488888888888,0.0,0.05707684444444445,0.02101071111111111,-0.003930133333333333,0.020351555555555557,0.07696862222222221,0.023103511111111127,0.007932177777777778,0.0019579111111111113,0.008299531111111112,0.013155883174603174,0.07607234603174604,0.0052066126984126986,0.00027053428571428574,0.8323577711111112,80100.0,80159.0,871.2492488888889,39.39317777777777,249.81003111111113,38.79682666666667,2.3110355555555557,0.17433777777777779,0.010813333333333335,27.106900426666666,23.87825583111111,21.104018013333334,19.19074836888889,17.241132928888888,14.97219960888889,13.236006311111112,11.888463711111111,10.781961222222224,10.091109244444445,9.801245902222222,10.300357657777777,10.494106057777778,10.117653088888888,7.785628288888889,22.252707875555554,6.542586351111111,1.747387542222222,0.7391994666666667,0.11533225777777778,0.07649297333333333,0.04355734222222222,0.03656736,0.030519697777777778,0.026777977777777778,0.02232788,0.018221822222222222,0.018804471111111113,0.019275280000000002,0.02031688,0.0245004,0.021465368888888888,0.01523891111111111,0.013192586666666667,0.011583968888888888,0.024200933333333334,12888607.111111112,1908.0892000000001,,,,0.008,,,,,,,,0.021500000000000002,1.188375,0.254875,,0.0205,0.33225000000000005,,,,,0.520625,0.073125,,0.028375,,0.009625,0.010624999999999999,0.154125,0.41062499999999996,,0.0105,0.06937499999999999,0.38025000000000003,0.0195,,0.098375,0.01425,0.020749999999999998,0.28600000000000003,,,0.02725,0.008125,0.013874999999999998,,,,,0.017375,0.013875,,,,0.07625,,,3.5476505333333335,1801.3334,2089.4031,1.0313717710747166
2024-08-03 16:30:00,2024-08-03 22:30:00,66.09511111111111,1.0,0.00561569873015873,0.3785781012698413,0.006523226984126984,0.02963423111111111,0.8286631422222221,0.003712078222222222,0.009259106666666666,0.028797244444444443,1.5191084444444446e-24,2.3164977777777778e-05,3.700426666666667e-05,0.0003663386666666667,5.72256e-25,2.7232088888888887e-05,0.0018615555555555557,0.0012349155555555556,3.8053644444444444e-07,0.10506266666666668,0.007684204444444444,0.0205852,0.16355066666666665,3.194311111111111e-05,1.7526888888888888e-05,0.261,1309.8533333333332,2.2605777777777742,0.05031111111111111,2.2605777777777742,40.73434,-111.87210906666668,310.9891111111111,16.458222222222222,876.22,108.51506666666667,1.4328888888888889,427593.4666666666,1958.1835555555556,164.0546666666667,12655122.179111112,0.0008082600000000001,0.0002165326984126984,0.00043263174603174604,5.970793650793651e-05,0.00012030920634920636,2.3364444444444445e-05,,0.18118609333333333,1.6651062222222222,2.9858826666666665,6.196162755555552,0.19753853333333332,0.9371921777777777,1.6772748888888889,0.0003021333333333334,0.1364676,3.2808941333333332,0.0023121333333333337,0.12473626666666666,0.34039075555555554,0.04965088888888901,0.2126747111111111,0.005560088888888888,0.0,0.07532026666666666,0.026163244444444445,-0.0038092,0.017730977777777778,0.08071382222222222,0.02222364444444446,0.009947822222222224,0.0019412000000000001,0.008542859682539683,0.010864491428571429,0.05974810666666667,0.005158373333333334,0.0002408793650793651,0.9068750952380953,81000.0,81059.0,871.0747466666667,39.51130666666667,265.7404666666667,41.16600444444444,2.3802888888888893,0.16982222222222224,0.011342222222222222,28.469614724444444,25.339922293333334,22.37589492,20.217784431111113,18.013294435555558,15.94053168,13.99639816888889,12.586943004444445,11.394769955555555,10.868891222222222,10.622848320000001,11.029786915555555,11.382809604444445,10.934641195555555,8.429254897777778,23.910031497777776,7.069673688888889,1.8486332266666667,0.7750749022222222,0.11158042666666666,0.08279116,0.04043995555555556,0.039569773333333336,0.03033604888888889,0.025164564444444443,0.022855613333333333,0.020617395555555553,0.01686801777777778,0.017046151111111112,0.018934475555555556,0.025737208888888887,0.023323893333333335,0.017990048888888888,0.011698631111111111,0.01033431111111111,0.01840068888888889,12483437.777777778,1908.8329333333334,,,,0.008,,,,,,,,0.026000000000000002,1.32575,0.28075,,0.02,0.3305,,,,,0.71225,0.08725,,0.035750000000000004,,0.01225,0.014249999999999999,0.21025000000000002,0.53325,,0.011,0.08474999999999999,0.48650000000000004,0.025,,0.12875,0.0205,0.028499999999999998,0.384,,,0.0335,0.01025,0.01875,,,,,0.02075,0.017750000000000002,,,,0.0975,,,3.4566210666666666,2361.3333,2078.3054,0.483079055100622
2024-08-03 16:45:00,2024-08-03 22:45:00,64.41822222222223,1.0,0.006548262731342732,0.3112412317402968,0.005520426439116439,0.02437470043549043,0.8405148895012395,0.002386008444444444,0.008972488888888889,0.028070444444444446,9.171457777777777e-25,2.156822222222222e-05,3.5011333333333335e-05,0.0003470053333333333,3.3297777777777777e-25,2.4095066666666666e-05,0.0017779955555555554,0.0011841199999999999,3.471128888888889e-07,0.10293688888888888,0.0073902666666666676,0.020236666666666667,0.16042222222222222,3.0076933333333333e-05,1.5431733333333333e-05,0.261,1309.8995555555555,0.7534666666666628,0.049022222222222224,0.7534666666666628,40.73434,-111.87211,309.5384444444444,16.708000000000002,876.0293333333334,102.80946666666667,1.0582222222222222,427631.11111111107,1957.9315555555556,164.13955555555555,12344039.469333334,0.0007034036715136716,0.00013571210197210198,0.00037732869167869166,6.405582824582824e-05,0.00011279959965959967,0.00011536640914640914,,0.10977815555555556,1.5555196444444446,2.6746684444444444,5.8326598666666625,0.2002521777777778,0.8918836,1.5107531555555556,0.0005184444444444444,0.12402253333333334,3.1259934222222223,0.003163288888888889,0.12937471111111112,0.33290026666666667,0.02881053333333345,0.10202502222222223,0.003764222222222222,0.0,0.05271537777777778,0.020303555555555557,-0.005468044444444445,0.015722355555555557,0.049729466666666666,0.019559200000000013,0.009131733333333334,0.0022029777777777776,0.007005663174973176,0.010235027623487623,0.05884636333000333,0.0047933418507418515,0.000178142636992637,0.7679690201468902,81900.0,81959.0,870.97816,38.90095111111111,264.7891466666667,41.51699555555556,2.329493333333333,0.16510666666666665,0.011564444444444443,27.366145453333335,24.44630633777778,21.462597355555555,19.765393706666668,17.684753173333334,15.717544582222223,13.828022346666668,12.668332004444444,11.44101707111111,11.046282088888889,10.784738484444444,11.30415293777778,11.679569528888889,11.1822536,8.719524391111111,25.011840600000003,7.4410514,1.9146250755555556,0.8071225111111111,0.12385802666666668,0.07845443555555556,0.039273355555555556,0.03699104888888889,0.02911596,0.028344431111111113,0.018458182222222223,0.017949680000000003,0.01862832888888889,0.0148778,0.01917545333333333,0.028415964444444445,0.015504124444444444,0.013020551111111112,0.008467022222222223,0.010094493333333334,0.0173288,12190806.666666668,1909.3854222222221,,,,0.008,,,,,,,,0.0305,1.4631249999999998,0.30662500000000004,,0.0195,0.32875,,,,,0.903875,0.10137499999999999,,0.043125,,0.014875,0.017875,0.26637500000000003,0.655875,,0.0115,0.10012499999999999,0.5927500000000001,0.0305,,0.15912500000000002,0.026750000000000003,0.03625,0.48200000000000004,,,0.039749999999999994,0.012375,0.023625,,,,,0.024125,0.021625,,,,0.11875,,,3.1679702666666665,2921.3333,2064.634,0.322858233953368
2024-08-03 17:00:00,2024-08-03 23:00:00,63.11822222222222,1.0,0.00655603955026455,0.2837265555555556,0.005573888888888889,0.022023166666666667,0.8573625447089949,0.002873391111111111,0.008644488888888888,0.02722782222222222,5.875831111111111e-25,1.9863155555555554e-05,3.28304e-05,0.0003258488888888889,2.085417777777778e-25,2.0965866666666665e-05,0.0016852222222222223,0.0011272088888888891,3.125977777777778e-07,0.10041071111111112,0.007059008888888888,0.01982057777777778,0.15673777777777778,2.806253333333333e-05,1.3354222222222221e-05,0.261,1309.1502222222223,1.607466666666663,0.048,1.607466666666663,40.73434,-111.87211,309.1091111111111,17.15288888888889,875.8137777777778,92.40182222222224,0.8475555555555555,426900.6222222222,1959.992,167.18666666666667,12668008.116444446,0.0006609400793650794,6.794431216931215e-05,0.0003371060846560846,6.831732804232805e-05,0.0001137055555555556,0.00016070462962962961,,0.12113466222222222,1.5440625777777777,2.62312,6.128822311111107,0.20494373333333332,0.9529988888888888,1.9870734222222224,0.0013236444444444445,0.13850448888888886,3.1805721777777776,0.0035296,0.21056044444444444,0.3488200444444445,0.032311422222222344,0.1138184,0.0026432444444444442,0.0,0.05535933333333333,0.021317244444444446,-0.006565955555555556,0.019588933333333333,0.10350391111111111,0.028539822222222237,0.011180933333333334,0.0026275555555555557,0.006196707407407409,0.009737275529100527,0.05715089246031745,0.004580940873015872,0.00011370224867724864,0.6657353201058199,82800.0,82859.0,870.8702488888889,38.33005777777778,265.38392444444446,42.00127555555556,2.337951111111111,0.16395555555555555,0.011871111111111112,26.82576053333333,24.001872413333334,21.22977468,19.428489413333335,17.716635826666668,15.628930244444444,13.896005386666667,12.715651973333333,11.569561791111111,11.05728316,10.850049191111111,11.409199542222222,11.799980031111112,11.377681533333334,8.877939906666667,25.87663358222222,7.748815151111112,1.9952141911111112,0.8611268577777778,0.13517821777777778,0.07587422666666667,0.04029132888888889,0.03756221333333333,0.025189173333333332,0.024208177777777777,0.017130951111111112,0.02008028888888889,0.018850657777777776,0.01620492888888889,0.019290795555555556,0.025794257777777777,0.015854973333333335,0.014244724444444445,0.008034888888888888,0.009374662222222222,0.014198386666666667,12468024.888888888,1910.2123555555554,,,,0.008,,,,,,,,0.035,1.6004999999999998,0.3325,,0.019000000000000003,0.327,,,,,1.0955000000000001,0.11549999999999999,,0.0505,,0.0175,0.0215,0.3225,0.7785,,0.012,0.11549999999999999,0.6990000000000001,0.036000000000000004,,0.1895,0.033,0.044,0.5800000000000001,,,0.046,0.0145,0.028499999999999998,,,,,0.027500000000000004,0.025500000000000002,,,,0.14,,,3.2137904,3221.1667,2047.6281,0.40705305182912055
2024-08-03 17:15:00,2024-08-03 23:15:00,62.53377777777778,1.0,0.012780046074263036,,,,1.0688662979875285,0.003111340888888889,0.008271111111111111,0.026250266666666668,3.9638933333333333e-25,1.8064577777777775e-05,3.0463555555555555e-05,0.00030292622222222225,1.3921511111111113e-25,1.790382222222222e-05,0.0015830044444444444,0.001063652888888889,2.774257777777778e-07,0.0974571111111111,0.006688133333333333,0.019324666666666667,0.1523871111111111,2.5907288888888886e-05,1.133436e-05,0.261,1309.0471111111112,1.6287111111111074,0.04675555555555556,1.6287111111111074,40.734339066666664,-111.87211,309.1482222222222,18.651555555555554,875.8368888888889,87.92835555555556,0.8084444444444444,428136.4444444444,1975.3155555555556,177.44088888888888,14121731.434222223,0.0006955282738095239,,0.0005646984410430838,,,,,0.1927709333333333,2.372877333333333,3.6519346666666666,7.8771485333333295,0.20907044444444445,1.4634159999999998,5.135675822222223,0.0025497333333333334,0.19574026666666666,3.6242569333333337,0.009341466666666666,0.5380891111111111,0.3870066222222222,0.0659405777777779,0.24637204444444447,0.006353555555555556,0.0,0.11020262222222223,0.044437599999999994,-0.00855128888888889,0.03332168888888889,0.19813346666666667,0.050313511111111126,0.010886577777777778,0.0037089333333333334,,0.010218308432539682,,,,,83700.0,83759.0,870.7809244444445,38.37856888888889,288.10880444444444,45.73918666666667,2.62452,0.16889777777777776,0.01308888888888889,29.70165731111111,26.376876515555555,23.338583786666668,21.32697619111111,19.268301124444445,17.06832222222222,15.14082948,13.590918506666666,12.425329342222224,11.878749782222222,11.557761075555556,11.944745235555555,12.470642742222223,11.99821236,9.497257364444444,28.24524629777778,8.559736413333333,2.220123848888889,0.9318396488888889,0.1313362177777778,0.08248941777777778,0.04738656888888889,0.03668109333333334,0.032206519999999995,0.023408035555555554,0.0215308,0.020467093333333335,0.016296728888888886,0.01958389777777778,0.021165822222222224,0.03346099111111111,0.022950035555555557,0.017818155555555555,0.010513626666666666,0.012402537777777778,0.016934155555555556,13873671.999999998,1921.6384,,,,0.008,,,,,,,,0.0395,1.7378749999999998,0.358375,,0.018500000000000003,0.32525000000000004,,,,,1.287125,0.129625,,0.057874999999999996,,0.020125,0.025124999999999998,0.378625,0.901125,,0.0125,0.130875,0.80525,0.0415,,0.219875,0.03925,0.05175,0.6779999999999999,,,0.05224999999999999,0.016625,0.033375,,,,,0.030875,0.029375,,,,0.16125,,,3.8748584,3223.6667,2026.454,0.46520317909664216
2024-08-03 17:30:00,2024-08-03 23:30:00,66.27022222222223,1.0,0.019004052598261524,,,,1.280370051266062,0.002274128,0.007848293333333332,0.02512671111111111,2.7974533333333335e-25,1.6188044444444444e-05,2.7921244444444442e-05,0.00027830755555555554,9.813520000000001e-26,1.4961511111111111e-05,0.0014710355555555556,0.0009933897777777779,2.4211955555555554e-07,0.09400631111111112,0.006275177777777778,0.018739600000000002,0.14727288888888887,2.3622e-05,9.410484444444444e-06,0.261,1309.02,2.0608444444444407,0.04502222222222222,2.0608444444444407,40.734331600000004,-111.87210897777778,309.12555555555554,19.104,875.8684444444444,85.94617777777778,0.7355555555555555,430915.0222222222,2004.1519999999998,196.55911111111112,14616723.835555555,0.0007301164682539684,,0.0007922907974300831,,,,,0.19822560000000003,3.341819555555556,4.859686222222223,8.871480030891327,0.2182122993117993,1.8486146892662891,5.081818418747918,0.004163576023976024,0.22407502973692975,4.183819666988567,0.011204679365079366,0.5948574156177155,0.41890864491064495,0.10913532034632048,0.30464705912975915,0.009851169297369296,0.0,0.15294388036408038,0.06140867100677101,-0.006134803441003441,0.03685376737706738,0.1946478516261516,0.05090401042291044,0.00869858182928183,0.005168077056277057,,0.010699341335978836,,,,,84600.0,84659.0,870.7541466666667,38.71996,335.9486311111111,53.9928,3.151257777777778,0.17230666666666666,0.015533333333333333,34.85543800888889,30.82957639111111,27.165799826666667,24.710537711111108,22.28553256,19.674174484444446,17.513952293333332,15.83340704,14.301822231111112,13.602586973333333,13.28287655111111,13.796101835555556,14.211375995555555,13.874653777777779,11.219279404444444,33.84051390222222,10.380321266666666,2.720253844444444,1.1133514133333333,0.17890052888888888,0.10449418666666667,0.06192512888888889,0.0504704,0.04274319111111111,0.032372160000000004,0.02771862222222222,0.02962456888888889,0.02263142222222222,0.01826104888888889,0.029699395555555556,0.03972850666666667,0.023451200000000002,0.02247202222222222,0.01351324888888889,0.014448671111111111,0.024579208888888888,14383371.111111112,1948.8754666666669,,,,0.008,,,,,,,,0.044,1.8752499999999999,0.38425,,0.018000000000000002,0.3235,,,,,1.47875,0.14375,,0.06525,,0.02275,0.028749999999999998,0.4347500000000001,1.02375,,0.013000000000000001,0.14625,0.9115000000000001,0.047,,0.25025,0.045500000000000006,0.0595,0.776,,,0.058499999999999996,0.018750000000000003,0.03825,,,,,0.03425,0.03325,,,,0.1825,,,4.4921601777777775,3226.1667,2000.2557,0.36240056943937843
2024-08-03 17:45:00,2024-08-03 23:45:00,66.1288888888889,1.0,0.025228059122260012,,,,1.4918738045445958,0.0013846628444444443,0.007371666666666666,0.023835822222222223,2.0517511111111111e-25,1.4258355555555555e-05,2.521653333333333e-05,0.00025209422222222225,7.22532888888889e-26,1.2197426666666667e-05,0.0013495777777777778,0.000916156,2.072542222222222e-07,0.08998284444444443,0.005818373333333333,0.018051555555555557,0.14129244444444444,2.1226133333333333e-05,7.6194088888888886e-06,0.261,1308.7568888888889,2.1439111111111075,0.04555555555555556,2.1439111111111075,40.73433235555556,-111.8721044888889,308.3473333333333,19.586666666666666,875.92,88.67684444444444,0.7555555555555556,431491.4666666667,2022.364,194.76177777777778,14448844.615555555,0.0007647046626984128,,0.0010198831538170822,,,,,0.1226971111111111,3.095776888888889,4.462379555555556,9.676163756084646,0.225132908994709,1.819375796031746,3.685964959523809,0.0020083140211640212,0.22655545767195767,4.141330653703704,0.010045506349206349,0.5872342187830687,0.44431844761904765,0.12824231746031775,0.29953244470899476,0.013288506349206352,0.0,0.1603050171957672,0.07411689894179893,-0.004218941269841269,0.03626946216931217,0.19043683333333333,0.05113420317460322,0.009675633333333333,0.005037184126984127,,0.011180374239417989,,,,,85500.0,85559.0,870.7569422222223,38.11755111111111,354.3586222222222,56.90945777777778,3.3141422222222223,0.17240888888888892,0.016577777777777778,37.687942004444444,33.13877779111111,28.99886249777778,26.2210338,23.42200068888889,20.629815791111113,18.175359133333334,16.4104208,14.89597531111111,14.009213906666668,13.746963546666667,14.33814812,14.710728195555555,14.314726142222222,11.699228159999999,35.76121194222222,11.293106182222223,2.948503648888889,1.1823830622222222,0.18921717777777777,0.12154904888888889,0.05729122666666667,0.05275135555555556,0.04408892888888889,0.03194425333333333,0.031920955555555554,0.02194996,0.022346742222222223,0.025841,0.03299565777777778,0.041792404444444445,0.026916217777777775,0.022803226666666666,0.013859395555555555,0.01257992888888889,0.024342799999999998,14245764.0,1966.697568253968,,,,0.008,,,,,,,,0.0485,2.012625,0.41012499999999996,,0.0175,0.32175,,,,,1.6703750000000002,0.157875,,0.072625,,0.025375,0.032375,0.49087500000000006,1.146375,,0.0135,0.161625,1.0177500000000002,0.052500000000000005,,0.280625,0.051750000000000004,0.06725,0.8740000000000001,,,0.06474999999999999,0.020875,0.043125000000000004,,,,,0.037625000000000006,0.037125,,,,0.20375000000000001,,,4.402271765079365,3228.6667,1968.2112,0.23798109284458274
2024-08-03 18:00:00,2024-08-04 00:00:00,65.61098174048173,1.0,0.0314520656462585,0.4295259326530612,0.008720239455782314,0.04352809931972789,1.7033775578231294,0.0008083400113738113,0.007463242721167721,0.024103139473489472,1.6821600810300812e-25,1.3501942174492174e-05,2.475207444037444e-05,0.00024821208822658824,5.976467696932697e-26,1.0334172430717431e-05,0.0013473711906611908,0.0009226693648388648,1.8867640659340657e-07,0.0902826296055796,0.00587689930920931,0.017929459375809375,0.14116792398342395,2.0673436433936435e-05,6.395131629111629e-06,0.084,1307.887906944907,1.4351955988455989,0.046962019462019465,1.4351955988455989,40.73434,-111.87210321701447,307.4355335590335,19.904673215673213,875.6303308358308,74.1836075998076,0.593551985051985,435383.78095238097,2030.718704110704,200.51992786842786,14196497.32513342,0.0007992928571428573,8.579659863945579e-05,0.0012474755102040815,0.0002063482993197279,0.00023335238095238095,0.0009817942176870748,,0.10602585142857145,3.9958581349206352,5.3494252936507936,9.182846074989824,0.21651028643763642,1.9261891846930845,5.477256784003034,0.0028069933233433237,0.23310947013727015,4.076919764905465,0.018356182765382763,0.4512173538202538,0.37950565065305064,0.14502705072890074,0.3637475839049839,0.01691598478003478,0.0,0.2059203108151108,0.09225011549561549,0.006644272699522699,0.03975055194250195,0.1395876568931069,0.05373649066119066,0.011455972194472195,0.0051517450327450325,0.007864521768707484,0.011661407142857143,0.06194441972789116,0.006688607823129252,0.0006815068027210884,0.5871164340136055,210.0,269.0,870.5980283977134,37.2318075920376,388.09872295389795,59.93492371535872,3.3805088306138305,0.16699009805009804,0.016903333333333333,45.07886580523958,39.29440499133552,33.759319929905466,30.305312781403597,26.598338307854366,22.952991902417768,19.932612521179745,17.690991372149703,15.848445426162355,14.775577238055094,14.128335021261515,14.330570322081993,14.694993819662189,14.232029498688535,11.578224005807526,36.30956596332316,11.630391670659526,2.994932105038295,1.1928189233671884,0.18270620820031822,0.1417951140722241,0.058595534033004035,0.05017022781847782,0.04127236514189515,0.03265674723091723,0.027348199877899878,0.026931356683316685,0.024678364255004255,0.024468137693602694,0.02244470449402449,0.04555073296906797,0.02067057588189588,0.016959654809079808,0.0076271003600103604,0.016114578533503534,0.03025393846190846,14088846.46031746,1972.481922222222,6.393,0.368,0.178,0.008,0.001,0.071,0.433,0.203,0.073,0.008,0.066,0.053,2.15,0.436,0.358,0.017,0.32,0.006,0.111,0.11,0.148,1.862,0.172,0.321,0.08,0.017,0.028,0.036,0.547,1.269,0.005,0.014,0.177,1.124,0.058,0.138,0.311,0.058,0.075,0.972,0.012,0.005,0.071,0.023,0.048,0.011,0.055,0.029,0.012,0.041,0.041,0.175,0.043,0.012,0.225,0.18,0.046,4.534165168253968,2934.8333,1918.4576,0.1375453226001531
2024-08-03 18:15:00,2024-08-04 00:15:00,65.84755555555556,1.0,0.028124918735338737,0.365454644988715,0.005691534692529692,0.03553400642246642,1.6876879645589595,0.0008173014222222222,0.007078915555555555,0.023117288888888886,1.39824e-25,1.193351111111111e-05,2.245742222222222e-05,0.000226264,4.994808888888889e-26,8.480262222222223e-06,0.00124488,0.00085698,1.6255955555555556e-07,0.08742724444444444,0.0054931822222222225,0.01746528888888889,0.13699733333333336,1.8706355555555555e-05,5.223217777777778e-06,0.084,1308.6084444444446,1.9361777777777778,0.048666666666666664,1.9361777777777778,40.73434,-111.87210955555557,307.3553333333333,19.488,875.4564444444444,80.2127111111111,0.4884444444444444,433876.35555555555,2037.9262222222221,196.53022222222222,13528194.741333334,0.0007466835586635587,0.00016005505716505715,0.0009990703368853368,0.00015706564805564806,0.0002781880839530839,0.0010936586184186184,,0.12343699260961262,3.9681131564731564,5.270386754264255,8.213715333333333,0.2170183111111111,1.6752869333333333,4.9319332,0.006578533333333333,0.21202231111111114,3.941967333333333,0.0188716,0.3144148,0.3171739111111111,0.1194607111111111,0.27589755555555556,0.011782222222222223,0.0,0.15334395555555555,0.06281551111111111,0.003966355555555556,0.03769742222222223,0.09398675555555557,0.043140399999999995,0.010527733333333334,0.004648666666666666,0.007461347871572872,0.010672223135938136,0.06021000516224516,0.006508702363747364,0.0004246457240907241,0.5824515116481667,900.0,959.0,870.5622488888889,36.82033777777778,351.9451688888889,57.74807111111111,3.3987377777777774,0.17396,0.017235555555555556,35.632399742222226,31.502600382222223,27.80011294222222,25.596414324444446,23.120534720000002,20.424349773333333,18.338672671111112,16.616120742222222,15.155325435555556,14.276929933333333,13.802794644444445,14.26218833777778,14.68227852,14.341078217777778,11.745753795555554,37.441443791111105,12.070338902222224,3.0809697155555553,1.2422524088888889,0.2049840311111111,0.1416815511111111,0.06481264,0.050769324444444444,0.04094503555555555,0.03404845333333333,0.030159733333333334,0.024339235555555557,0.02592531111111111,0.02246246222222222,0.025028400000000003,0.04072005333333333,0.023743582222222222,0.023501075555555553,0.016333848888888888,0.015472502222222222,0.027654533333333335,13336113.526788026,1984.2539895086395,,,,0.008,,,,,,,,0.04925,2.078125,0.421625,,0.018875000000000003,0.292875,,,,,1.6880000000000002,0.162125,,0.078875,,0.025375,0.032625,0.49412500000000004,1.14,,0.0135,0.164875,1.01475,0.053875000000000006,,0.281,0.052750000000000005,0.06837499999999999,0.871625,,,0.06549999999999999,0.020999999999999998,0.043375,,,,,0.03875,0.037875,,,,0.203625,,,4.054412894644245,2302.3333,1858.1267,0.1487846914882772
2024-08-03 18:30:00,2024-08-04 00:30:00,64.78488888888889,1.0,0.028352734603174605,0.3012517482539682,0.004515390793650794,0.024161676825396827,1.7961709057142858,0.0006164202222222223,0.006518582222222223,0.021649066666666668,1.1046644444444444e-25,9.892813333333333e-06,1.934168888888889e-05,0.00019641555555555555,3.976924444444445e-26,6.3108355555555555e-06,0.0011020280000000001,0.0007641395555555555,1.3003422222222221e-07,0.08309648888888889,0.004946035555555556,0.016754177777777778,0.13065377777777779,1.6070355555555556e-05,3.868142222222222e-06,0.084,1308.5662222222222,1.4379555555555554,0.048400000000000006,1.4379555555555554,40.73434,-111.87211,307.2424444444444,19.401333333333334,875.6231111111113,95.17426666666667,0.6031111111111112,432253.68888888886,2036.3804444444443,194.5,13313636.208000002,0.0007262253968253969,0.00016743492063492067,0.0009526469841269841,0.0001209504761904762,0.00029262539682539684,0.0008310234920634921,,0.08478141333333333,3.7805133333333334,4.943857333333334,8.806518488888889,0.21623035555555556,1.4013396,4.846905866666666,0.005121955555555556,0.19720493333333333,3.8013282666666663,0.014004533333333334,0.2688327111111111,0.27913146666666666,0.11083164444444445,0.4183758666666667,0.011649466666666667,0.0,0.1693520888888889,0.06471968888888889,0.0033963555555555558,0.0361456,0.07842017777777778,0.04613595555555556,0.008224755555555555,0.0047276888888888886,0.007089103809523809,0.009650155873015874,0.06317997015873016,0.0064634666666666665,0.0003315031746031746,0.5929152901587301,1800.0,1859.0,870.6772044444444,36.332213333333335,360.85267555555555,60.49689333333333,3.6737866666666665,0.17936444444444444,0.01873333333333333,35.539546844444445,31.698220373333335,28.177621884444445,26.006672608888888,23.47457414666667,20.954989146666666,18.75419437777778,17.110236022222225,15.638031684444446,14.792552004444444,14.287971262222221,14.792425795555555,15.038717706666667,14.669794004444444,12.170629364444444,39.08589380888888,12.797051164444444,3.3862641244444447,1.45729524,0.27893098666666666,0.17954894666666668,0.08649787555555556,0.06990159555555556,0.05068350222222222,0.043320026666666664,0.033101137777777775,0.028351755555555556,0.028331288888888886,0.029168648888888888,0.029299515555555555,0.04218684888888889,0.026315524444444446,0.025618284444444448,0.018726684444444443,0.01792264888888889,0.03208604888888889,13143759.11111111,1984.0015555555556,,,,0.008,,,,,,,,0.0455,2.00625,0.40725,,0.02075,0.26575,,,,,1.514,0.15225,,0.07775,,0.02275,0.029249999999999998,0.44125000000000003,1.011,,0.013000000000000001,0.15275,0.9055000000000001,0.04975,,0.251,0.0475,0.06175,0.77125,,,0.06,0.019,0.03875,,,,,0.036500000000000005,0.03475,,,,0.18225,,,3.747245022222222,1669.8334,1801.0172,0.12462915304558174
2024-08-03 18:45:00,2024-08-04 00:45:00,57.99377777777777,1.0,0.029066746349206352,0.3021011936507937,0.004396650158730159,0.021401974285714286,1.6968189330158732,0.0005949176,0.00587643111111111,0.019914844444444448,8.798680000000001e-26,7.898408888888888e-06,1.6126355555555556e-05,0.00016540622222222223,3.192844444444445e-26,4.478444444444444e-06,0.000948996,0.0006625986666666667,1.0005004444444445e-07,0.0778559111111111,0.004339124444444444,0.015880977777777777,0.12291866666666666,1.3384711111111113e-05,2.7415466666666666e-06,0.084,1308.575111111111,1.0901333333333334,0.05053333333333333,1.0901333333333334,40.73433995555556,-111.87211,307.5491111111111,19.281333333333333,875.9537777777779,141.24235555555555,1.252888888888889,431375.64444444445,1990.9617777777778,178.45777777777778,13216877.601333333,0.0006988704761904761,0.0001653577777777778,0.0009381685714285714,0.00010765682539682539,0.00019452095238095242,0.00043955492063492066,,0.17935144,4.15773288888889,5.395327999999999,7.797727422222223,0.19904964444444442,1.3435119555555557,3.0680248000000003,0.0038556444444444444,0.17949213333333333,3.336405422222222,0.011277111111111111,0.21038924444444443,0.22829622222222223,0.10240408888888888,0.2796205777777778,0.017378222222222222,0.0,0.12486040000000001,0.051428800000000004,0.003961555555555556,0.03565337777777778,0.08114866666666667,0.04488497777777778,0.008168177777777778,0.0035849333333333334,0.004846880634920635,0.006691966666666667,0.06251822698412698,0.004827688888888889,0.0002827203174603175,0.6339259171428571,2700.0,2759.0,870.9398844444445,35.781684444444444,326.11251111111113,53.71303555555555,3.31016,0.18194222222222223,0.016164444444444443,31.705191631111113,28.378708635555554,25.65638248,23.80851692,21.69470999111111,19.629790528888886,17.73622075111111,16.22508901777778,14.844521382222222,14.019031751111111,13.392251640000001,13.651772342222221,13.678687102222222,13.01784516888889,10.62339512,32.96431561333333,10.049617168888888,2.7307548400000003,1.3159847822222224,0.2634742577777778,0.18561121777777778,0.08603249333333333,0.0696428,0.05036629333333333,0.03996131555555556,0.03446914222222222,0.023562924444444446,0.022604613333333336,0.025235866666666665,0.028806866666666667,0.04114873333333333,0.029468853333333333,0.026238595555555556,0.01580374222222222,0.015475391111111113,0.03188120444444444,13039904.444444446,1941.0917333333332,,,,0.008,,,,,,,,0.041749999999999995,1.934375,0.392875,,0.022625,0.238625,,,,,1.34,0.142375,,0.076625,,0.020125,0.025875,0.388375,0.8819999999999999,,0.0125,0.140625,0.7962500000000001,0.045625,,0.221,0.04225,0.05512499999999999,0.670875,,,0.05449999999999999,0.017,0.034125,,,,,0.03425,0.031625,,,,0.160875,,,2.8104221333333332,1037.3334,1736.3374,0.13710544779643208
2024-08-03 19:00:00,2024-08-04 01:00:00,52.77511111111111,1.0,0.0280168273015873,0.2682936588754499,0.004531233544629973,0.0194959904135547,1.5053043536507937,0.0005125640444444444,0.00514372888888889,0.0178608,7.025573333333334e-26,6.014924444444445e-06,1.2891555555555556e-05,0.0001338711111111111,2.570368888888889e-26,3.004111111111111e-06,0.0007876342222222222,0.000553372,7.341035555555555e-08,0.07145386666666666,0.0036739288888888886,0.0147968,0.11341777777777778,1.0714395555555556e-05,1.8485022222222222e-06,0.084,1309.1364444444444,1.782311111111111,0.049822222222222226,1.782311111111111,40.734338711111114,-111.87211,306.7122222222222,20.833333333333332,876.2213333333333,152.20542222222224,2.7706666666666666,433677.6888888889,1964.1662222222221,195.71822222222224,13717978.115555556,0.0006766114285714286,0.00014181492063492066,0.00103654,9.819079365079365e-05,0.0001268784126984127,0.0003476171428571429,,0.24101366666666668,4.2928177777777785,5.392796444444445,7.002642533333333,0.20050333333333334,1.5147762666666666,3.6669144444444446,0.0034936888888888887,0.18657097777777779,3.2293995555555552,0.011386844444444443,0.2109916,0.1904331111111111,0.08664564444444443,0.1921833777777778,0.012223955555555555,0.0,0.11764266666666666,0.052389955555555555,0.0027182666666666663,0.04421648888888889,0.08478253333333334,0.04699791111111111,0.007881911111111112,0.0038585777777777777,0.002545350158730159,0.0033224193650793652,0.04168447047619047,0.003447588888888889,0.00020387142857142856,0.4818898415873016,3600.0,3659.0,871.2225822222223,35.343182222222225,278.91384888888894,44.17932888888889,2.7495555555555553,0.18197777777777777,0.012177777777777779,28.074537324444446,25.284810782222223,22.384469746666664,20.704874013333335,18.889574262222222,17.155924360000004,15.52521952888889,14.351026377777778,13.074318266666666,12.247720337777777,11.716147137777776,11.697260937777777,11.427496591111112,10.736703782222223,8.819503408888888,26.11661456,7.477809555555555,1.8361660222222222,0.7390317911111112,0.13189924,0.09633274222222223,0.048101724444444445,0.04066780444444444,0.03222562222222222,0.03354989333333333,0.02713993333333333,0.021895857777777774,0.02197612888888889,0.019864040000000003,0.025727177777777777,0.03437943111111111,0.02709176,0.027184848888888887,0.018436288888888888,0.020002435555555555,0.028180875555555554,13514636.88888889,1912.749911111111,,,,0.008,,,,,,,,0.038,1.8624999999999998,0.3785,,0.0245,0.2115,,,,,1.166,0.1325,,0.0755,,0.0175,0.0225,0.3355,0.7529999999999999,,0.012,0.1285,0.687,0.0415,,0.191,0.037000000000000005,0.0485,0.5705,,,0.048999999999999995,0.015,0.0295,,,,,0.032,0.0285,,,,0.1395,,,2.1265335555555556,660.33331,1664.4407,0.13951387191913228
2024-08-03 19:15:00,2024-08-04 01:15:00,51.28666666666667,1.0,0.03923049873015873,,,,1.923423033015873,0.00026552373333333333,0.004315253333333334,0.015426844444444445,5.588711111111112e-26,4.316742222222222e-06,9.763315555555554e-06,0.00010283284444444444,2.0621822222222223e-26,1.8874666666666665e-06,0.0006220840000000001,0.00043899955555555553,5.081662222222222e-08,0.06354711111111111,0.0029602622222222224,0.013428622222222221,0.10158124444444444,8.140822222222223e-06,1.1788017777777777e-06,0.084,1309.6888888888889,2.146977777777778,0.05284444444444445,2.146977777777778,40.73433915555555,-111.87210653333335,305.078,22.994666666666667,876.4604444444444,139.2708888888889,3.475111111111111,437329.9555555556,1969.7537777777777,202.06444444444443,14317283.60488889,0.0005689466666666667,0.0001313326984126984,0.0009541615873015873,0.00011792888888888889,0.00013071936507936507,0.000993568253968254,,0.4021097866666667,4.791901333333334,6.115942222222222,8.927392133333335,0.20551462222222222,1.6245591555555556,2.8085598666666667,0.0028106222222222224,0.22285195555555556,3.4177081777777776,0.0121776,0.2422993777777778,0.2311564,0.09393831111111112,0.19324137777777778,0.011320711111111112,0.006247600000000001,0.12280737777777778,0.057564533333333334,0.0017651555555555558,0.060794,0.08936431111111111,0.05686986666666667,0.006656266666666666,0.0042446666666666666,0.0027989920634920637,0.003697744126984127,0.05435496444444445,0.0040487907936507935,0.00015025047619047618,0.3314649152380953,4500.0,4559.0,871.4590622222222,34.923559999999995,279.63223999999997,44.5964,2.8788355555555554,0.1884088888888889,0.012622222222222222,29.10089364888889,25.902749359999998,22.78511706666667,20.941968373333335,18.93350098222222,17.09925603111111,15.274987040000001,14.19602163111111,12.866814222222223,12.07461808,11.497776324444443,11.476015906666667,11.241035635555557,10.527554728888889,8.585397982222222,26.18725816,7.533899991111111,1.8856076266666666,0.7804144266666667,0.14580015555555556,0.10640415111111111,0.05504932,0.04801068,0.045292893333333334,0.04185077777777778,0.030008573333333333,0.022104235555555556,0.028845524444444444,0.023385088888888888,0.025144813333333335,0.03735699555555556,0.030414075555555555,0.025533835555555554,0.01831336888888889,0.020950755555555554,0.036918519999999996,14092140.88888889,1915.9831555555556,,,,0.008,,,,,,,,0.03425,1.790625,0.36412500000000003,,0.026375000000000003,0.18437499999999998,,,,,0.992,0.122625,,0.074375,,0.014875,0.019125,0.282625,0.6239999999999999,,0.0115,0.116375,0.57775,0.037375000000000005,,0.161,0.03175,0.041874999999999996,0.470125,,,0.0435,0.013,0.024874999999999998,,,,,0.02975,0.025375,,,,0.118125,,,2.2647727555555557,575.33331,1586.0137,0.08969601792033438
2024-08-03 19:30:00,2024-08-04 01:30:00,52.42355555555556,1.0,0.06547804539682539,,,,4.124566682857143,0.00016309034666666666,0.0033952355555555555,0.012560026666666666,4.395546666666667e-26,2.8797244444444444e-06,6.898315555555555e-06,7.372008888888889e-05,1.636168888888889e-26,1.102064888888889e-06,0.0004589035555555556,0.0003241782222222222,3.27992e-08,0.053716177777777784,0.0022207466666666668,0.011676257777777779,0.08670311111111112,5.777462222222222e-06,7.078217777777778e-07,0.084,1309.648888888889,2.052088888888889,0.05595555555555556,2.052088888888889,40.73433924444445,-111.87210013333333,303.56466666666665,27.493333333333332,876.9808888888889,151.34373333333332,4.131555555555556,432626.4888888889,1962.0888888888887,175.71644444444445,16005828.346666668,0.0005515946031746032,0.00010930698412698413,0.0007876142857142857,0.00011568666666666667,0.00017699142857142858,0.0009684628571428572,0.0007513646321932036,0.2665886666666667,3.2662568888888885,4.386694666666666,8.0960765999112,0.2108813324120324,1.8724513025197027,2.420416115662116,0.0020674377511377515,0.3057479180930181,3.7294220262293263,0.012310386624486625,0.25282960112110114,0.3524533674769675,0.0724375114996115,0.1470324127872128,0.01375172483072483,0.01990651657231657,0.09262632012432012,0.042154928704628704,-0.002911791808191808,0.08443781234321235,0.0859483327894328,0.07321844430014429,0.0045746116772116775,0.0045391830058830055,0.004376570158730159,0.0055170968253968255,0.1262980361904762,0.006023546666666667,0.0001818809523809524,0.3284958765079365,5400.0,5459.0,871.9513911111111,34.39384888888889,290.9677911111111,46.77176444444444,3.006222222222222,0.18835999999999997,0.013297777777777776,29.453593404444447,26.225087159999998,23.396731497777775,21.689725773333333,19.785895635555555,17.844661613333336,16.012568,14.815929337777778,13.501078346666667,12.66607252,12.017015702222222,12.036572217777778,11.70563791111111,11.050555706666666,9.100827568888889,27.928392737777777,8.157026564444445,1.9987765644444444,0.8312469155555555,0.14053196,0.1066692,0.05586215555555555,0.04621263111111111,0.04222295555555555,0.0396804,0.02550589333333333,0.026493702222222224,0.02676744,0.026956568888888886,0.03499756444444445,0.04484279111111111,0.031790964444444444,0.030527333333333333,0.019867782222222224,0.01676248,0.034741226666666666,15640819.11111111,1905.381466666667,,,,0.008,,,,,,,,0.0305,1.71875,0.34975,,0.02825,0.15725,,,,,0.8180000000000001,0.11274999999999999,,0.07325,,0.01225,0.01575,0.22975,0.4949999999999999,,0.011,0.10425,0.4685,0.03325,,0.131,0.026500000000000003,0.03525,0.36975,,,0.03799999999999999,0.011,0.020249999999999997,,,,,0.0275,0.02225,,,,0.09675,,,2.5370976444444446,490.33334,1502.0769,0.07343941977473041
2024-08-03 19:45:00,2024-08-04 01:45:00,50.548,1.0,0.1473288222222222,,,,5.615246302222222,9.795789777777778e-05,0.002418613333333333,0.009276831111111111,3.378857777777778e-26,1.7640795555555556e-06,4.487186666666666e-06,4.8405244444444444e-05,1.2689555555555556e-26,5.970088888888889e-07,0.0003088751111111111,0.00021766444444444444,1.9547288888888887e-08,0.04156008888888889,0.0015064902222222223,0.009409524444444445,0.06801262222222222,3.7625377777777775e-06,3.9979955555555556e-07,0.084,1308.7737777777777,1.2841333333333333,0.05248888888888889,1.2841333333333333,40.73433608888889,-111.87210533333334,301.0784444444444,37.690666666666665,877.5337777777778,152.5952888888889,3.128444444444445,434147.6888888889,1964.9515555555556,176.4488888888889,19491883.89555556,0.0007028088888888889,0.00010025333333333334,0.0008274399999999999,0.0001472488888888889,0.00035258222222222217,0.0011950133333333334,0.0013173199999999999,0.2603377688888889,3.439228888888889,4.566998666666667,9.699724941005291,0.2328184068783069,2.8829744007936506,2.9746177283068787,0.004823437566137566,0.4616257370370371,4.516162927777777,0.021366605555555553,0.3847236902116402,0.5421579142857144,0.1327677386243386,0.21668346613756614,0.026029196825396825,0.07182161455026455,0.1533000558201058,0.06847620873015872,0.0004288981481481485,0.15412864444444446,0.11465613015873016,0.12085674074074075,0.003965764814814815,0.00552738253968254,0.006580071111111111,0.007144035555555556,0.15578310666666667,0.009174297777777778,0.0004221688888888889,0.24932361777777778,6300.0,6359.0,872.5628044444444,33.927191111111114,305.9332444444444,49.77269777777778,3.275853333333333,0.19262666666666667,0.014408888888888888,30.73656908888889,27.660925431111114,24.675296533333334,22.821144697777775,20.84040930666667,18.63248452,16.997817533333333,15.453771422222221,14.034649377777779,13.16287456,12.50939316888889,12.497096031111111,12.337274182222222,11.601164333333335,9.592741235555556,29.533026195555557,8.845041355555555,2.1928551644444445,0.9054883644444445,0.17706592,0.12959148888888888,0.0781830311111111,0.058384684444444446,0.05282096,0.04125441333333334,0.03568476888888889,0.035568435555555555,0.027792377777777776,0.028589546666666667,0.039018351111111106,0.05019300888888889,0.03587628888888889,0.03158746666666667,0.023232804444444446,0.021555586666666668,0.03683841777777778,19080129.777777776,1899.2688000000003,,,,0.008,,,,,,,,0.02675,1.646875,0.335375,,0.030125,0.130125,,,,,0.6439999999999999,0.102875,,0.072125,,0.009624999999999998,0.012375,0.176875,0.3659999999999999,,0.0105,0.092125,0.35925000000000007,0.029125,,0.101,0.021249999999999998,0.028624999999999998,0.26937500000000003,,,0.032499999999999994,0.009,0.015625,,,,,0.02525,0.019125,,,,0.075375,,,3.0870557333333335,405.33334,1413.9629,0.06502391873030558
2024-08-03 20:00:00,2024-08-04 02:00:00,49.471111111111114,1.0,0.1716410088888889,,,,6.753509080000001,5.480551555555556e-05,0.0014682795555555556,0.005771204444444444,2.4782000000000004e-26,9.708888888888889e-07,2.638244444444445e-06,2.847137777777778e-05,9.385866666666667e-27,2.9798533333333335e-07,0.00018382275555555553,0.0001296568,1.0562e-08,0.027115288888888887,0.0008921031111111111,0.0065157466666666665,0.045230266666666664,2.1976266666666665e-06,2.1012311111111112e-07,0.084,1309.0791111111112,0.8392,0.051333333333333335,0.8392,40.734338844444444,-111.87211,299.80688888888886,38.547111111111114,877.8502222222222,112.11204444444444,2.123555555555556,437147.64444444445,1974.1955555555555,188.85066666666668,19589325.703111112,0.0017939777777777777,0.0001214,0.0007785288888888889,0.00022281333333333333,0.00035920888888888884,0.001966297777777778,0.00183376,0.2876180266666667,4.303098666666667,5.662974666666666,11.471428079509378,0.23644597807747808,3.1383712334184333,4.036994020956821,0.006144700743700744,0.48100525443445447,5.111114573826174,0.026558419447219445,0.505648301121101,0.6274934842379842,0.12374132156732157,0.24732312155622158,0.017285461305361304,0.062330895770895775,0.1651278358197358,0.0774126120990121,0.002778679575979576,0.13775812474192473,0.14662133483183484,0.10732743583083583,0.0058175479076479075,0.006126097746697747,0.007683715555555555,0.009204062222222224,0.17314726222222224,0.008361555555555556,0.0006026444444444444,0.15471632,7200.0,7259.0,872.8834177777777,34.129,328.7807911111111,53.25031555555555,3.4594755555555556,0.19087555555555555,0.015546666666666669,33.80639107555556,30.20923733777778,26.78440971111111,24.755013586666667,22.361763671111113,20.16359612,18.031972146666664,16.435429755555553,14.868991004444444,13.834461582222222,13.173603537777778,13.19106228888889,12.92423139111111,12.31010032888889,10.18320932888889,31.746469026666666,9.648648537777778,2.426270568888889,0.9876511644444445,0.17802457777777778,0.13406528,0.08180335111111112,0.06824201333333332,0.05285978222222222,0.044364728888888885,0.03700879555555556,0.03662608888888889,0.03307036,0.02736362222222222,0.040438039999999995,0.057222404444444444,0.037083057777777775,0.029813111111111113,0.018930026666666665,0.022119622222222225,0.03936205777777778,19227363.555555556,1907.983911111111,6.406,0.364,0.081,0.008,,0.072,0.427,0.202,0.067,0.008,0.013,0.023,1.575,0.321,0.138,0.032,0.103,0.003,0.097,0.016,0.03,0.47,0.093,0.15,0.071,0.021,0.007,0.009,0.124,0.237,0.002,0.01,0.08,0.25,0.025,0.035,0.071,0.016,0.022,0.169,0.004,0.004,0.027,0.007,0.011,0.004,0.018,0.012,0.006,0.023,0.016,0.058,0.008,0.004,0.054,0.041,0.016,3.4692990666666663,330.83334,1323.2714,0.061434059441061124
2024-08-03 20:15:00,2024-08-04 02:15:00,52.11244444444445,1.0,0.14552688825396826,,,,5.494545571111111,3.5741586666666665e-05,0.0007046239999999999,0.002695008,1.659339555555556e-26,4.5607555555555553e-07,1.3404497777777778e-06,1.4483208888888888e-05,6.306871111111111e-27,1.345034222222222e-07,9.29704888888889e-05,6.68856e-05,4.958075555555556e-09,0.01259988,0.000450052,0.0032110168888888893,0.02129009777777778,1.1086173333333335e-06,9.93316e-08,0.084,1309.1542222222222,1.825422222222222,0.05324444444444444,1.825422222222222,40.73434,-111.87211,299.72555555555556,36.684444444444445,878.0951111111111,105.98506666666667,1.8733333333333335,433719.06666666665,1983.8395555555555,173.0168888888889,18809080.30533333,0.0011451596825396825,0.00015250444444444444,0.0006549901587301587,0.00025436634920634923,0.000302388253968254,0.0009976400000000002,0.001298685396825397,0.10180637614385614,3.268119387871388,4.419442364820365,12.718827866666667,0.23965897777777778,2.6482385333333336,3.6047968000000004,0.0045551111111111105,0.42402297777777775,5.464897911111111,0.021276533333333333,0.7158083111111111,0.7881589777777778,0.09058675555555555,0.1953297777777778,0.009691022222222224,0.04894297777777778,0.1125736,0.05015555555555555,0.004659422222222222,0.09867035555555555,0.156902,0.09445946666666667,0.007096488888888889,0.0058184,0.008248072063492064,0.014265706349206347,0.19531207714285714,0.010430227301587302,0.0007528387301587302,0.16396001111111114,8100.0,8159.0,873.1007644444445,34.117755555555554,285.3822666666666,70.31389777777778,10.135773333333333,0.20816444444444443,0.029724444444444442,28.13345240888889,25.054712751111108,22.297621702222223,20.576493573333334,18.634009493333334,16.676280657777777,14.727413613333335,13.547969635555555,12.391663942222221,11.557155733333333,11.11111668888889,11.373789315555557,11.40403525777778,10.93429984,8.900926355555555,28.69946725777778,9.887635235555555,3.593495546666667,1.9359980666666667,0.40407436,0.3622239422222222,0.2514914222222222,0.24399263999999998,0.22090364444444444,0.19643302666666665,0.1877881866666667,0.18312584444444446,0.17579564,0.18701222666666664,0.23031496444444446,0.32532452,0.22801353777777777,0.21105024444444445,0.13468321777777778,0.15380823555555556,0.24089569777777778,18473009.777777776,1919.6739111111112,,,,0.0075,,,,,,,,0.021124999999999998,1.518375,0.29862500000000003,,0.029625,0.11699999999999999,,,,,0.458375,0.0865,,0.06849999999999999,,0.007,0.008125,0.11574999999999999,0.22025,,0.009625,0.07375,0.235875,0.02275,,0.06549999999999999,0.015,0.020249999999999997,0.15737500000000001,,,0.024875,0.006500000000000001,0.009999999999999998,,,,,0.021124999999999998,0.014625,,,,0.05,,,3.7654436444444443,268.33334,1231.8008,0.07941657112215181
2024-08-03 20:30:00,2024-08-04 02:30:00,52.04711111111111,1.0,0.10363016888888889,,,,3.772456688888889,1.749556577777778e-05,0.00025244822222222224,0.0008778280000000001,9.027493333333333e-27,1.6305057777777778e-07,5.157617777777778e-07,5.650502222222223e-06,3.4000755555555555e-27,5.166382222222222e-08,3.609345777777778e-05,2.6669880000000002e-05,1.8223155555555555e-09,0.0034553742222222226,0.000177088,0.0007632652,0.0054197031111111104,4.2928924444444445e-07,3.8641057777777777e-08,0.084,1308.908888888889,2.614133333333333,0.05222222222222222,2.614133333333333,40.73434,-111.87211,299.16644444444444,36.550222222222224,878.4413333333334,111.34902222222222,2.507111111111111,430827.42222222226,1976.7866666666666,167.17111111111112,18349096.303555556,0.0006042726984126984,0.00015919809523809523,0.0005483552380952381,0.0002940733333333334,0.00027302095238095243,0.0006035396825396826,0.0008168339682539683,0.14082767531376034,1.9768679406704408,2.9951442121952123,11.170987777777778,0.23685720000000002,2.110320933333333,2.6943487999999998,0.003857911111111111,0.3654154666666667,5.401271866666666,0.019710533333333332,0.9846437333333333,0.966678,0.08994528888888889,0.19175484444444446,0.011425244444444446,0.043073200000000006,0.10768284444444444,0.04859062222222222,-0.0006583555555555553,0.0893352,0.1721979555555556,0.07876648888888889,0.005416000000000001,0.002784266666666667,0.006192184761904761,0.01574968634920635,0.1799728403174603,0.009832009523809523,0.0008299050793650794,0.18072214793650795,9000.0,9059.0,873.4214568742369,33.36817719169719,240.4939985836386,73.17270542124541,7.916413846153846,0.196418778998779,0.04174161172161173,20.508542143467643,17.34549926029304,15.509388727521367,13.791357156800977,12.820504367619048,11.56657881074481,10.17313985943834,9.345008615531135,8.426261265934066,8.312288486398046,8.059951454481075,8.431404753943834,8.539292872918193,8.350827554456654,6.635283694432235,20.945804601855922,19.58318647699634,22.378204305421246,7.225077608205129,0.41421913990231995,0.32399236097680095,0.17971212517704516,0.16162566454212451,0.14002689199023197,0.11460035384615384,0.10780091589743593,0.10273661474969474,0.09317426964590965,0.11153115775335776,0.11917717536019536,0.17032652026862027,0.11873489267399268,0.10553154012210013,0.0682212986080586,0.07599336581196581,0.11653466007326006,17940626.22222222,1913.785688888889,,,,0.007,,,,,,,,0.01925,1.4617499999999999,0.27625,,0.02725,0.131,,,,,0.44675,0.08,,0.06599999999999999,,0.007,0.0072499999999999995,0.1075,0.2035,,0.00925,0.0675,0.22175,0.0205,,0.06,0.014,0.0185,0.14575000000000002,,,0.02275,0.006,0.009,,,,,0.01925,0.013250000000000001,,,,0.046,,,3.4478181777777777,205.83333,1141.4573,0.09879588553587922
2024-08-03 20:45:00,2024-08-04 02:45:00,51.15111111111111,1.0,0.08549560253968254,,,,3.310287343809524,4.511761236166796e-06,5.497480444444445e-05,0.00017861132888888888,2.7235008888888887e-27,3.7077e-08,1.1895503555555555e-07,1.3104618666666667e-06,1.0790847111111111e-27,1.4123977777777779e-08,8.300056444444445e-06,6.2090186666666665e-06,4.3494706666666666e-10,0.0005913717777777778,4.073787555555556e-05,9.277530666666666e-05,0.0008158253333333333,9.95478e-08,1.0258428888888889e-08,0.084,1308.9275555555553,2.087111111111111,0.051777777777777784,2.087111111111111,40.73434,-111.87210720000002,298.6357777777778,37.50888888888889,878.6151111111111,110.0564,1.978222222222222,430113.1555555556,1970.6053333333334,167.23022222222224,18133201.00488889,0.0008273803174603175,0.00016753333333333333,0.0005011869841269842,0.0002888777777777778,0.00024047015873015874,0.0007341539682539683,0.0006705492063492064,0.09806121777777778,1.6051680000000002,2.557071555555556,10.83950808888889,0.22991355555555557,1.9289021333333334,2.7202528444444445,0.004684311111111112,0.3432664,5.0935444,0.02192071111111111,0.9689140444444444,0.9477243111111111,0.08456057777777778,0.2537341777777778,0.010170888888888889,0.02829968888888889,0.12329604444444445,0.05428368888888888,-0.0032167999999999997,0.07976711111111111,0.17451128888888887,0.07014066666666667,0.005363733333333333,0.002862622222222222,0.00540074,0.015112925079365081,0.1748903273015873,0.008792113333333334,0.0009327038095238095,0.18663038158730158,9900.0,9959.0,873.7395631990232,32.456505201465205,282.4119670573871,46.38053462759463,2.8130695970695974,0.17788581196581196,0.013963882783882784,28.10020753992674,25.236999709938953,22.710307396874235,20.547680912869353,19.046529432820513,16.939545968595848,15.148113268400488,13.75248832034188,12.303386612429792,11.721269115995115,11.19260076959707,11.107038634847376,10.993673794017095,10.879151875360197,9.078612686959707,29.80182386065934,9.842741398168497,2.3774067242979244,0.9566897413675213,0.1397715406837607,0.12102350688644689,0.05322616725274725,0.0388002168253968,0.0332008778266178,0.035943592283272284,0.024928010549450583,0.02080025504273504,0.021174189474969473,0.030949955970695973,0.020460562271062268,0.038014825689865694,0.02645514913308913,0.019351001196581195,0.017802716532356534,0.011686889352869352,0.022053744126984128,17906923.555555556,1908.211288888889,,,,0.006500000000000001,,,,,,,,0.017375,1.405125,0.253875,,0.024875,0.145,,,,,0.435125,0.0735,,0.0635,,0.007,0.006375,0.09925,0.18674999999999997,,0.008875000000000001,0.06125,0.207625,0.018250000000000002,,0.05449999999999999,0.013000000000000001,0.01675,0.134125,,,0.020624999999999998,0.0055,0.008,,,,,0.017375,0.011875,,,,0.041999999999999996,,,3.1935100000000003,143.33333,1054.1427,0.11075101915940513
2024-08-03 21:00:00,2024-08-04 03:00:00,52.08311111111111,1.0,0.05937857111111111,,,,2.440055511746032,1.6286317292328042e-06,5.1292108e-06,1.5293214666666666e-05,3.081894266666667e-28,4.294518666666666e-09,1.302198888888889e-08,1.4048955555555555e-07,1.2266737555555557e-28,1.8672746666666667e-09,8.615120444444444e-07,6.471901022222222e-07,5.174467644444444e-11,4.302686977777777e-05,4.137403244444445e-06,5.545072888888889e-06,5.4815050666666666e-05,1.075366e-08,1.311709288888889e-09,0.084,1308.1902222222222,1.9893333333333334,0.05155555555555556,1.9893333333333334,40.73434,-111.87210813333334,298.91577777777775,34.09155555555556,878.6746666666667,106.84973333333332,1.7937777777777777,429031.86666666664,1961.9715555555556,152.75511111111112,16554668.94,0.000683864126984127,7.702698412698413e-05,0.0003926066666666667,0.00016166539682539683,0.00013400285714285716,0.0003978977777777778,0.0004429228571428572,0.08260328444444444,1.294556533333333,2.0998146666666666,8.882280133333333,0.22458333333333333,1.3787205777777778,2.161123111111111,0.0027133333333333332,0.24602453333333335,4.0486240888888885,0.016314933333333333,0.7413128444444443,0.7558567555555555,0.05596333333333334,0.15632675555555556,0.009787955555555556,0.0011836888888888887,0.07091364444444445,0.0325276,-0.0027118666666666666,0.04685648888888889,0.13706142222222223,0.0499388,0.004407866666666666,0.0027859555555555552,0.003710058095238095,0.011440427619047618,0.12478426126984127,0.005892224126984128,0.0005610222222222222,0.18946971174603175,10800.0,10859.0,873.7654,31.90636,200.73136000000002,32.110866666666666,1.8421466666666666,0.16784444444444444,0.00916,20.121139826666667,18.088578044444443,16.205883093333334,14.889115404444444,13.60579468,12.148398146666667,10.84853708,9.885383684444443,8.889568004444444,8.267006693333334,8.031115675555556,7.98969128,7.833220093333334,7.573372533333333,6.378081808888889,20.879414573333335,6.638208902222222,1.5012315777777776,0.5606819022222223,0.09049254222222222,0.06143327111111111,0.030768355555555557,0.02565511111111108,0.02235262222222219,0.019701466666666667,0.014667195555555587,0.013866475555555556,0.01314115111111111,0.010647773333333332,0.01955403111111111,0.018988764444444448,0.013516022222222222,0.011141106666666668,0.008073137777777777,0.008897062222222222,0.013938066666666667,16359600.888888888,1902.9761777777778,,,,0.006,,,,,,,,0.0155,1.3485,0.23149999999999998,,0.0225,0.159,,,,,0.4235,0.067,,0.061,,0.007,0.0055,0.091,0.16999999999999998,,0.0085,0.055,0.1935,0.016,,0.048999999999999995,0.012,0.015,0.1225,,,0.0185,0.005,0.006999999999999999,,,,,0.0155,0.0105,,,,0.038,,,2.6449577333333334,115.83334,952.28076,0.39363620923816695
2024-08-03 21:15:00,2024-08-04 03:15:00,52.790222222222226,1.0,0.042041822222222226,,,,1.9561672082539683,1.6673823399470899e-06,1.9750428888888887e-07,5.743932888888889e-07,6.334887355319575e-30,1.6722276844444444e-10,5.127615511111111e-10,5.533966711111111e-09,2.5047230507127764e-30,7.011940039999999e-11,3.385911688888889e-08,2.555822977777778e-08,1.9988999955555556e-12,1.5355435111111112e-06,1.6287109777777777e-07,1.7459334222222222e-07,1.9130804e-06,4.228118088888889e-10,4.957041613333333e-11,0.084,1307.7311111111112,1.9448,0.04831111111111111,1.9448,40.73434,-111.87211,298.8455555555555,33.70444444444444,878.7728888888889,104.29071111111111,2.9613333333333336,428012.311111111,1956.5617777777777,142.37333333333333,16406619.381333334,0.00018566190476190474,-2.5453650793650796e-05,0.00027239047619047617,8.219174603174604e-05,3.504222222222222e-05,2.86584126984127e-05,0.00026436,0.11819467555555555,1.0138692444444444,1.7749235555555556,7.2375172,0.21689995555555558,1.0424440444444445,1.6161089777777777,0.002702088888888889,0.1861667111111111,3.6136923111111106,0.012890800000000001,0.5497774222222223,0.5865185333333333,0.05091217777777778,0.14200755555555553,0.0074492000000000004,0.005709066666666666,0.06381826666666666,0.02444373333333333,-0.0013751555555555554,0.03673608888888889,0.12257493333333333,0.03731804444444444,0.002006488888888889,0.0019976444444444446,0.0028585676190476194,0.008528560000000001,0.08902179968253968,0.0043964504761904765,0.0002628463492063492,0.24030082,11700.0,11759.0,873.8581155555555,31.519191111111112,152.80930222222224,24.417164444444445,1.4727777777777777,0.17438666666666666,0.006946666666666667,15.294067933333334,13.736491004444444,12.249857808888889,11.36239704,10.407982924444443,9.344073671111111,8.310599173333333,7.70004836,6.942388626666666,6.445479675555556,6.145826831111111,6.205915733333333,6.084689284444445,5.778341568888889,4.857096035555555,15.500687471111112,4.684418328888889,1.0219248133333332,0.3918392222222222,0.07362429333333333,0.051975848888888884,0.02688114222222222,0.023783551111111082,0.020368964444444415,0.016589115555555554,0.01410080000000003,0.009808017777777778,0.010952626666666666,0.00973843111111111,0.015424942222222222,0.016699164444444446,0.01545936,0.009711302222222221,0.008249666666666666,0.008184426666666666,0.013577808888888888,16141997.333333332,1898.2631555555556,,,,0.0055,,,,,,,,0.013625,1.291875,0.209125,,0.020124999999999997,0.173,,,,,0.411875,0.0605,,0.058499999999999996,,0.007,0.004625,0.08274999999999999,0.15325,,0.008125,0.04875,0.179375,0.01375,,0.0435,0.011,0.01325,0.110875,,,0.016375,0.0045000000000000005,0.005999999999999999,,,,,0.013625,0.009125000000000001,,,,0.034,,,2.1765936,128.33333,860.04871,1.0
2024-08-03 21:30:00,2024-08-04 03:30:00,52.001333333333335,1.0,0.041489778412698415,,,,1.9833324003174604,1.8399635258056758e-06,5.796179449564444e-09,2.0905836768177776e-08,1.3940450760484722e-32,3.3116118261919254e-12,9.671822098312239e-12,1.110861440951726e-10,5.392502513997778e-33,1.4796619340087516e-12,7.345720555405512e-10,5.376756591840241e-10,4.009706834730069e-14,7.863203164622222e-08,3.750648548428069e-09,1.3609164448e-08,1.1382407903999999e-07,8.494760467852316e-12,1.0165143495658317e-12,0.084,1308.5977777777778,2.008577777777778,0.049688888888888894,2.008577777777778,40.73434,-111.87210937777779,298.54066666666665,35.12844444444444,879.2062222222223,108.69808888888889,2.82,428458.80000000005,1956.3915555555554,142.416,16863457.594666667,0.0006447949206349206,4.503809523809524e-05,0.0002834193650793651,0.00010788603174603175,0.00012492190476190475,0.0002152730158730159,0.00031827396825396826,0.1053164,0.9204021777777778,1.6249391111111111,7.640782477711178,0.2173473391164391,1.0225615898434899,1.4452883944721944,0.002774582495282495,0.1984612638694639,3.705656721667222,0.015296059484959485,0.5434894123987123,0.5777168458541458,0.053577939216339215,0.10719057622377622,0.011284787246087247,0.01671578665778666,0.05618138258408258,0.024997772138972134,0.0005843425241425244,0.038831062015762016,0.13768959933399932,0.04120225041625041,0.002190229292929293,0.0009352077256077256,0.0029973806349206356,0.008993880634920634,0.09283254031746033,0.004699690793650794,0.0004930828571428572,0.27258587206349205,12600.0,12659.0,874.2606844444446,31.3982,171.02468888888887,27.228626666666667,1.610057777777778,0.17188444444444442,0.007662222222222222,16.895269004444444,15.258494093333333,13.748466942222223,12.707144084444444,11.636277426666668,10.461196097777778,9.418395524444444,8.63044112,7.7788964,7.2932183466666665,6.9586844,6.935998177777777,6.781272017777778,6.530334111111111,5.466900164444445,17.365467102222222,5.191104786666667,1.16098092,0.4414925733333333,0.08028386666666668,0.05131138666666667,0.031467888888888886,0.020434693333333306,0.02320480888888886,0.018489079999999998,0.01247851111111114,0.013105493333333332,0.01225908,0.015666066666666666,0.011970893333333335,0.01603844,0.016359386666666666,0.01164165777777778,0.007968177777777778,0.008464062222222223,0.013375515555555556,16573956.88888889,1897.1401333333333,,,,0.005,,,,,,,,0.01175,1.2352500000000002,0.18675,,0.01775,0.187,,,,,0.40025,0.054,,0.055999999999999994,,0.007,0.00375,0.0745,0.13649999999999998,,0.00775,0.042499999999999996,0.16525,0.0115,,0.03799999999999999,0.01,0.0115,0.09925,,,0.014249999999999999,0.004,0.004999999999999999,,,,,0.01175,0.00775,,,,0.03,,,2.2478176444444444,140.83333,795.23822,1.0
2024-08-03 21:45:00,2024-08-04 03:45:00,51.175555555555555,1.0,0.04471836888888889,,,,2.041279057777778,1.2598933632275132e-06,7.235763368888889e-12,3.693515271111111e-11,0.0,6.758075907412187e-17,1.081351222900179e-15,2.730871618935102e-14,0.0,1.8091454313597343e-18,3.5406330076e-13,1.9596162120164856e-13,1.3394517392750313e-18,1.9083782933333333e-10,2.0384557670606665e-12,4.380966977777778e-11,2.890419377777778e-10,2.0055527166099112e-15,1.2220691382536354e-17,0.084,1308.4453333333333,1.9322222222222223,0.05324444444444444,1.9322222222222223,40.7343372,-111.87210884444445,297.94777777777773,37.36622222222222,879.6582222222222,109.15582222222223,2.963111111111111,428781.60000000003,1956.4333333333334,149.612,17433191.884,0.0010015866666666666,0.00011433777777777778,0.0003257822222222222,0.00010563555555555555,0.00018719999999999997,0.0005414177777777778,0.0004886177777777778,0.1281536711111111,0.9912645777777778,1.707808,7.818843038888889,0.2237815240740741,1.1008287613756615,1.476017546031746,0.0023240738095238094,0.20930850634920634,3.751045804232804,0.018563804232804234,0.5037380825396824,0.5380219767195767,0.05648985899470899,0.1076646955026455,0.013067846296296296,0.02385110925925926,0.056377511375661375,0.026678592857142847,0.0022531341269841276,0.04414276534391534,0.1348342158730159,0.04314725158730159,0.0019286920634920635,0.0011309873015873015,0.0030184177777777777,0.009202511111111112,0.09711132000000001,0.0047601288888888885,0.0007517066666666667,0.27299337777777777,13500.0,13559.0,874.7595288888889,31.390866666666668,199.41855555555557,31.474742222222222,1.8305733333333334,0.16983111111111113,0.00868,19.79067398666667,17.858867853333333,16.113306644444446,14.989659084444444,13.618711537777779,12.229290053333333,11.037908582222222,10.03591268,9.146799275555557,8.533320031111112,8.115656173333333,8.09186008,7.888360493333334,7.5551372755555555,6.314427346666666,19.89495589777778,5.994036302222223,1.3193566666666667,0.4979922933333334,0.08189995555555556,0.05530050222222222,0.03565588,0.02881576888888886,0.02037519111111108,0.015453204444444445,0.016060191111111143,0.011283671111111112,0.014749808888888888,0.012960333333333332,0.014589213333333332,0.021198431111111114,0.017374013333333334,0.013251746666666666,0.010654533333333334,0.009088835555555556,0.013547275555555556,17112037.77777778,1896.269111111111,,,,0.0045000000000000005,,,,,,,,0.009875,1.178625,0.164375,,0.015375,0.201,,,,,0.388625,0.0475,,0.05349999999999999,,0.007,0.002875,0.06625,0.11974999999999998,,0.007375,0.03625,0.151125,0.009250000000000001,,0.032499999999999994,0.009000000000000001,0.00975,0.087625,,,0.012124999999999999,0.0035,0.003999999999999999,,,,,0.009875,0.0063750000000000005,,,,0.026,,,2.155534711111111,153.33333,738.55878,1.0
2024-08-03 22:00:00,2024-08-04 04:00:00,49.14266666666666,1.0,0.07367127555555557,,,,2.6781901022222225,1.3983724999999998e-06,0.0,0.0,0.0,0.0,0.0,0.0,0.0,0.0,0.0,0.0,0.0,0.0,0.0,0.0,0.0,0.0,0.0,0.084,1307.8857777777778,1.3156444444444444,0.053733333333333334,1.3156444444444444,40.73433213333333,-111.87210773333335,297.5362222222222,38.93777777777778,879.5662222222222,109.15733333333333,2.558222222222222,431018.39999999997,1958.8751111111112,156.2422222222222,17824733.054222222,0.0008928133333333334,0.00011724888888888889,0.00041132444444444443,0.00010782666666666668,0.0001830711111111111,0.0009634044444444445,0.0008614177777777778,0.16365527555555553,1.4542774666666667,2.387485777777778,9.006953257065158,0.22520343508713508,1.3399743923594924,1.9705664992673992,0.0034813618714618715,0.2276674910866911,3.943833237984238,0.02194968313908314,0.4807787992340992,0.5352745246198246,0.04444006203796204,0.11776082029082029,0.011839681063381064,0.0025710972582972573,0.06960849998889998,0.03177054583194583,-0.0020905165612165612,0.04034771033411033,0.14727659631479634,0.04762683247863248,0.005106689466089467,0.0022922061494061495,0.0036942399999999997,0.009331671111111111,0.11430063111111112,0.006212373333333333,0.0009320755555555556,0.22219320444444443,14400.0,14459.0,874.7512044444445,31.429942222222223,227.39837777777777,35.841951111111115,2.0650133333333334,0.16899555555555557,0.009968888888888888,22.948430071111108,20.635205626666668,18.462288440000002,16.978245253333334,15.580234124444445,13.94914352,12.483595035555556,11.500582759999999,10.409398204444445,9.641679337777779,9.119783293333334,9.260681173333333,8.875267079999999,8.600504684444445,7.123992302222222,22.419300386666666,6.785012604444445,1.5544565466666667,0.6047582044444444,0.09159388444444444,0.07852338222222223,0.03678267111111111,0.03694095111111108,0.023341186666666635,0.02152705777777778,0.019905146666666696,0.013873453333333334,0.017806804444444442,0.015957413333333333,0.01732219111111111,0.025114288888888888,0.01545271111111111,0.017287066666666667,0.010522031111111111,0.008440857777777777,0.015472262222222222,17508090.22222222,1897.5306666666668,5.053,0.237,0.041,0.004,,0.071,0.429,0.197,0.063,0.008,0.006,0.008,1.122,0.142,0.078,0.013,0.215,0.003,0.13,0.006,0.012,0.377,0.041,0.059,0.051,0.031,0.007,0.002,0.058,0.103,,0.007,0.03,0.137,0.007,0.013,0.027,0.008,0.008,0.076,0.001,,0.01,0.003,0.003,0.001,0.006,0.005,0.002,0.008,0.005,0.023,0.004,0.001,0.022,0.017,0.005,2.3103122666666667,160.0,689.7663,1.0
2024-08-03 22:15:00,2024-08-04 04:15:00,49.08622222222222,1.0,0.06939465333333333,,,,2.8521775466666663,7.522771428571429e-07,0.0,0.0,0.0,0.0,0.0,0.0,0.0,0.0,0.0,0.0,0.0,0.0,0.0,0.0,0.0,0.0,0.0,0.084,1308.0026666666668,1.5057777777777777,0.052577777777777786,1.5057777777777777,40.734338,-111.87210657777777,297.80777777777774,38.63288888888889,879.336,108.59462222222221,2.8124444444444445,431114.9777777778,1960.796888888889,151.8751111111111,17909868.396,0.0006856799999999999,9.46096459096459e-05,0.0004774888888888889,0.00012683999999999997,0.00015199111111111112,0.00108456,0.0012835244444444444,0.11060752,1.4376924444444443,2.2474137777777776,9.5999976,0.22395759999999998,1.3973975111111112,2.2594716444444445,0.0034381333333333335,0.24026311111111112,4.065530177777777,0.022937688888888887,0.44510044444444447,0.5357914222222223,0.04160097777777778,0.1225384888888889,0.009094088888888888,0.0003943555555555551,0.07455511111111111,0.033212266666666664,-0.0025919555555555555,0.04325377777777777,0.14070551111111113,0.047313244444444444,0.005037688888888889,0.0023152444444444445,0.004007977777777777,0.009465226666666667,0.12468017333333335,0.007673795555555555,0.00098204,0.16208831555555558,15300.0,15359.0,874.5314355555555,31.449542222222224,246.09894222222223,38.669644444444444,2.251497777777778,0.17102666666666666,0.01079111111111111,25.10716012,22.60333509777778,20.18632843111111,18.652864742222224,17.008231506666668,15.140385248888888,13.518753306666667,12.44239944,11.171382128888888,10.322763444444444,9.855152062222222,9.771711040000001,9.589386786666667,9.188495662222222,7.582993457777778,23.83531270222222,7.283668555555556,1.665159902222222,0.6503813288888889,0.10875451555555556,0.08374481777777777,0.04422315555555555,0.033127382222222196,0.028789879999999973,0.02651152,0.025949200000000026,0.01607345777777778,0.018379475555555556,0.01732791111111111,0.017551515555555557,0.026148804444444444,0.018158813333333336,0.016258666666666664,0.012347364444444444,0.012616462222222223,0.017071004444444444,17583014.666666664,1899.0596000000003,,,,0.004,,,,,,,,0.008,1.122,0.142,,0.013,0.215,,,,,0.377,0.041,,0.051,,0.007,0.002,0.058,0.103,,0.007,0.03,0.137,0.007,,0.027,0.008,0.008,0.076,,,0.01,0.003,0.003,,,,,0.008,0.005,,,,0.022,,,2.4039206222222225,160.0,648.08203,1.0
2024-08-03 22:30:00,2024-08-04 04:30:00,48.18711111111111,1.0,0.06268406222222223,,,,3.0391833066666667,1.2978846666666666e-06,0.0,0.0,0.0,0.0,0.0,0.0,0.0,0.0,0.0,0.0,0.0,0.0,0.0,0.0,0.0,0.0,0.0,0.084,1307.6733333333332,1.0420444444444443,0.04493333333333334,1.0420444444444443,40.73434,-111.8721088,297.554,39.864000000000004,878.8146666666667,104.42924444444445,2.3395555555555556,430436.22222222225,1957.3533333333332,145.09822222222223,18483272.552444443,0.0004945733333333334,4.533630050505049e-05,0.00040709777777777777,7.57688888888889e-05,0.00011473333333333335,0.0009725822222222222,0.0007609155555555556,0.09171958588060088,1.1104651267621266,1.8945322740592743,9.533422088888889,0.22194537777777779,1.3592350666666666,2.105786355555556,0.0027766222222222223,0.24896746666666666,4.0951112,0.021275733333333335,0.46249697777777776,0.5287750222222222,0.028622133333333334,0.1395076888888889,0.005937911111111111,0.0,0.06890657777777778,0.029890266666666665,-0.0043655111111111115,0.045763955555555555,0.1438999111111111,0.0543404,0.003364711111111111,0.002515466666666667,0.004071831111111111,0.009144813333333333,0.12841453777777778,0.007686373333333334,0.0007621466666666666,0.18318698666666666,16200.0,16259.0,874.0231733333334,31.523946666666667,249.12679111111112,39.25790222222222,2.2787066666666664,0.17047555555555555,0.010964444444444443,25.09070785777778,22.511763097777777,20.230257751111115,18.73171627555556,17.06877783111111,15.396574791111112,13.719381191111113,12.574545542222221,11.41801324,10.58650992,10.191968942222221,9.992818626666667,9.838041071111112,9.403508951111112,7.807645271111111,24.26074978222222,7.39121724,1.7337549244444443,0.652368991111111,0.11386465333333334,0.07959337777777778,0.05150621777777778,0.030267284444444414,0.029981475555555526,0.02208085333333333,0.024050577777777808,0.016508577777777776,0.01777775111111111,0.018834622222222222,0.019714159999999998,0.02667864888888889,0.020469564444444442,0.016621257777777777,0.011224604444444444,0.011103484444444445,0.016136693333333334,18157446.222222224,1894.6251555555555,,,,0.004,,,,,,,,0.008,1.122,0.142,,0.013,0.215,,,,,0.377,0.041,,0.051,,0.007,0.002,0.058,0.103,,0.007,0.03,0.137,0.007,,0.027,0.008,0.008,0.076,,,0.01,0.003,0.003,,,,,0.008,0.005,,,,0.022,,,2.3787758666666665,160.0,612.35339,1.0
2024-08-03 22:45:00,2024-08-04 04:45:00,47.61377777777778,1.0,0.06061791111111112,,,,2.7907009377777783,1.6541405555555556e-06,0.0,0.0,0.0,0.0,0.0,0.0,0.0,0.0,0.0,0.0,0.0,0.0,0.0,0.0,0.0,0.0,0.0,0.084,1307.8617777777777,164.85457777777776,0.04373333333333333,164.85457777777776,40.73434,-111.87211,297.1935555555555,40.20666666666667,878.2355555555555,103.71902222222222,2.6133333333333337,430179.02222222224,1954.9524444444444,144.27733333333333,18264046.612888888,0.00039866666666666664,,0.00032597333333333334,6.278666666666667e-05,0.00011526222222222223,0.0009247377777777779,0.00042502666666666665,0.10914676287360789,0.8337068436489438,1.529778083657084,9.539160577777778,0.2190424888888889,1.258741111111111,1.7047904444444444,0.0033813777777777776,0.2334848888888889,4.134330088888889,0.0222944,0.49710920000000003,0.5172641333333333,0.033240177777777775,0.13117315555555556,0.009585022222222222,0.005992355555555554,0.06466088888888889,0.03236088888888889,-0.004140844444444445,0.05333,0.1508536,0.05552533333333333,0.0033607555555555555,0.0018164,0.003643022222222222,0.008345817777777776,0.12431284,0.006555564444444445,0.0006715422222222223,0.18374492,17100.0,17159.0,873.4516000000001,31.494151111111112,243.49214222222224,38.29068888888889,2.1726,0.16661333333333334,0.010697777777777777,24.25323225777778,21.8906184,19.67909493777778,18.12542275111111,16.681656613333335,14.976121946666666,13.441381648888889,12.306170515555555,11.190124973333333,10.477111293333333,9.94444124,9.867125102222221,9.753917826666667,9.225362866666666,7.6539026311111105,24.07056354222222,7.183417537777777,1.669555271111111,0.6118966222222222,0.10774968444444445,0.08037087555555557,0.04303019555555555,0.03437763555555553,0.025364639999999973,0.022371333333333333,0.021483155555555584,0.01905976,0.012576262222222221,0.015019893333333334,0.018761391111111112,0.025039173333333335,0.013103657777777777,0.015908884444444445,0.009532102222222222,0.00825234222222222,0.019015204444444444,17968224.444444444,1892.5733777777778,,,,0.004,,,,,,,,0.008,1.122,0.142,,0.013,0.215,,,,,0.377,0.041,,0.051,,0.007,0.002,0.058,0.103,,0.007,0.03,0.137,0.007,,0.027,0.008,0.008,0.076,,,0.01,0.003,0.003,,,,,0.008,0.005,,,,0.022,,,2.224074266666667,160.0,581.37451,1.0
2024-08-03 23:00:00,2024-08-04 05:00:00,47.160888888888884,1.0,0.05957560444444445,,,,2.4508990533333335,1.169202342857143e-06,0.0,0.0,0.0,0.0,0.0,0.0,0.0,0.0,0.0,0.0,0.0,0.0,0.0,0.0,0.0,0.0,0.0,0.084,1308.8617777777777,147.62404444444442,0.0484,147.62404444444442,40.73434,-111.87211,296.9402222222222,40.38488888888889,877.7653333333333,104.62097777777778,3.350222222222222,430443.51111111115,1954.0315555555558,137.8728888888889,18068961.913333334,0.00020565333333333332,,0.00023905777777777777,7.085777777777777e-05,0.00010868000000000001,0.0007829244444444445,0.0003800222222222222,0.08606440888888889,0.7311728444444445,1.3713280000000003,10.230598088888888,0.22355591111111112,1.2082736888888888,1.6729297777777778,0.004201022222222223,0.2322374222222222,4.158704311111111,0.024475555555555552,0.5248369777777778,0.5106212,0.04558595555555556,0.1260777777777778,0.010991599999999999,0.012286488888888888,0.0625252,0.026042177777777776,-0.0021355111111111113,0.048183288888888884,0.17035591111111112,0.0532804,0.0026184888888888887,0.0014184444444444444,0.0031926755555555554,0.007534293333333333,0.1074078888888889,0.005612080000000001,0.0006444088888888888,0.19204978222222224,18000.0,18059.0,872.9609688888888,31.494715555555555,228.9290888888889,35.73832888888889,1.9699733333333331,0.1615822222222222,0.009715555555555555,22.855626324444447,20.540097044444444,18.474709706666665,17.12554218222222,15.670537177777778,14.180677897777777,12.69700192,11.574092151111111,10.578710377777778,9.803423355555555,9.368474204444444,9.369968902222222,9.099645017777778,8.71215988,7.25891664,22.356824653333334,6.680599826666667,1.5704684622222223,0.57362328,0.09807259555555554,0.07035180888888888,0.039825257777777776,0.030459275555555523,0.02697355999999997,0.019426515555555558,0.020322600000000027,0.016790542222222222,0.01277068,0.013522222222222222,0.01641899111111111,0.02135214222222222,0.010685195555555556,0.011397244444444446,0.007916537777777777,0.008073928888888889,0.013624688888888887,17766409.333333332,1891.9594666666667,,,,0.004,,,,,,,,0.008,1.122,0.142,,0.013,0.215,,,,,0.377,0.041,,0.051,,0.007,0.002,0.058,0.103,,0.007,0.03,0.137,0.007,,0.027,0.008,0.008,0.076,,,0.01,0.003,0.003,,,,,0.008,0.005,,,,0.022,,,2.101733688888889,189.16667,554.41681,1.0
2024-08-03 23:15:00,2024-08-04 05:15:00,47.00533333333333,1.0,0.055949057777777776,,,,2.1659293911111113,9.788536031746033e-07,0.0,0.0,0.0,0.0,0.0,0.0,0.0,0.0,0.0,0.0,0.0,0.0,0.0,0.0,0.0,0.0,0.0,0.084,1309.5933333333335,1.656711111111111,0.046844444444444445,1.656711111111111,40.73434,-111.87210853333335,296.9251111111111,40.02444444444445,877.5546666666667,105.04048888888889,2.785777777777778,430719.3333333333,1953.369333333333,150.7191111111111,17777599.63511111,0.0004987155555555555,,0.00029802666666666665,6.579111111111111e-05,0.00014621777777777778,0.0010301466666666665,0.0003846355555555556,0.11418041333333334,0.8325004888888888,1.4977355555555556,12.703397022222221,0.22333764444444446,1.1463916,1.5248552888888889,0.003586577777777778,0.2175084,4.083458266666667,0.02157066666666667,0.4863356888888889,0.48356946666666667,0.05294382222222223,0.12119177777777779,0.012602355555555556,0.012222977777777777,0.05731715555555556,0.024162,-0.0031884,0.0443768,0.19411182222222223,0.0491492,0.002578266666666667,0.0006991555555555556,0.00277516,0.006858057777777778,0.09240240444444445,0.004977191111111111,0.0008176933333333332,0.1972757377777778,18900.0,18959.0,872.7104222222222,31.485182222222225,222.30921333333333,34.75239555555556,1.9239866666666667,0.16240888888888888,0.00951111111111111,22.06904378666667,19.84570953777778,17.869955697777776,16.618011084444444,15.253771528888889,13.674888382222223,12.331604875555554,11.31575156,10.257997404444444,9.57520452888889,9.161485066666668,9.041510835555556,8.927787684444445,8.38208664,7.0654074977777785,21.904000862222222,6.538425022222222,1.5007835511111112,0.5574197333333333,0.09393588,0.06295715555555555,0.03750903111111111,0.03347863999999997,0.025774413333333305,0.016964284444444443,0.015589408888888918,0.014249035555555557,0.011057586666666668,0.01495623111111111,0.014893217777777778,0.025008391111111115,0.014180164444444445,0.012347933333333333,0.008319648888888889,0.005176915555555555,0.011928662222222223,17503620.44444444,1892.1528888888888,,,,0.004,,,,,,,,0.008,1.122,0.142,,0.013,0.215,,,,,0.377,0.041,,0.051,,0.007,0.002,0.058,0.103,,0.007,0.03,0.137,0.007,,0.027,0.008,0.008,0.076,,,0.01,0.003,0.003,,,,,0.008,0.005,,,,0.022,,,2.0248211555555558,251.66667,532.03046,1.0
2024-08-03 23:30:00,2024-08-04 05:30:00,49.00666666666667,1.0,0.04825810698412699,,,,1.919547787936508,1.7329925322751322e-06,0.0,0.0,0.0,0.0,0.0,0.0,0.0,0.0,0.0,0.0,0.0,0.0,0.0,0.0,0.0,0.0,0.0,0.084,1309.0328888888887,1.822888888888889,0.043244444444444446,1.822888888888889,40.73434,-111.87210213333334,297.21577777777776,38.53777777777778,877.4617777777778,109.62093333333334,2.921777777777778,430340.97777777776,1952.496888888889,134.676,17236145.120444443,0.0007579415873015874,0.00016226839613378078,0.00033461015873015873,6.710444444444444e-05,0.00016219904761904764,0.001046895873015873,0.00041103873015873015,0.17504460444444445,0.8474116888888888,1.5607253333333333,9.20079758911089,0.21783945103785105,1.0198503044733045,1.5268479206127206,0.0033702918969918966,0.1887806385059385,3.8408605089244086,0.02096042972582973,0.4148258611499612,0.4474778833943834,0.03958277402597402,0.104254,0.009963281396381396,0.009033382772782771,0.04767643883893884,0.021993519069819063,-0.002033546398046398,0.0387892575979576,0.1430910819291819,0.04467523053613054,0.0028702546564546563,0.0007912853923853924,0.0024771812698412697,0.0060785876190476195,0.07603189174603175,0.004639034920634921,0.0006644549206349206,0.19450461142857142,19800.0,19859.0,872.5978311111111,31.606684444444443,196.39452,30.384040000000002,1.6383777777777777,0.15808,0.00819111111111111,19.537561742222223,17.56228504,15.811786462222223,14.746995746666666,13.446169093333333,12.00766476888889,10.95550978222222,10.055687937777778,9.173605866666666,8.467141066666667,8.16582528888889,8.063430613333333,7.9001824888888885,7.442200057777778,6.165644128888888,19.191153742222223,5.656664613333334,1.2519052222222224,0.4672247911111111,0.07368424444444445,0.05659269777777778,0.02426612888888889,0.020164577777777748,0.01714647999999997,0.01667004888888889,0.01052099111111114,0.012405173333333333,0.013031386666666667,0.011717662222222223,0.015537364444444444,0.013370600000000002,0.009166133333333333,0.0077304355555555555,0.006659288888888889,0.00585776888888889,0.011275893333333334,16968824.888888888,1892.759288888889,,,,0.004,,,,,,,,0.008,1.122,0.142,,0.013,0.215,,,,,0.377,0.041,,0.051,,0.007,0.002,0.058,0.103,,0.007,0.03,0.137,0.007,,0.027,0.008,0.008,0.076,,,0.01,0.003,0.003,,,,,0.008,0.005,,,,0.022,,,1.8916601777777775,314.16666,529.66608,1.0
2024-08-03 23:45:00,2024-08-04 05:45:00,48.791555555555554,1.0,0.055143599682539686,,,,1.8633836215873016,1.3995452511784512e-06,0.0,0.0,0.0,0.0,0.0,0.0,0.0,0.0,0.0,0.0,0.0,0.0,0.0,0.0,0.0,0.0,0.0,0.084,1308.5222222222221,1.8869333333333331,0.042711111111111116,1.8869333333333331,40.73434,-111.87210048888889,297.69533333333334,37.300888888888885,877.4262222222222,132.58693333333332,2.4213333333333336,431079.9555555556,1953.3524444444445,136.2648888888889,16945126.772,0.0006989933333333333,0.00018792571428571432,0.00039756412698412703,7.921523809523808e-05,0.00011575015873015875,0.001389608888888889,0.0006062339682539683,0.14703491822222223,1.0543844888888891,1.767032,9.640074298677247,0.22644330105820107,1.0819889917989418,1.9846634537037036,0.003874242328042328,0.18641770582010583,3.8028958962962958,0.022260380687830688,0.37525206243386244,0.41035406507936506,0.06785897301587301,0.1399668706349206,0.013966762962962962,0.004335805291005289,0.07839228624338625,0.037748232275132264,-0.0022793560846560844,0.04277046878306878,0.14415318544973543,0.048013221693121694,0.0036497484126984123,0.0017142537037037038,0.002249093968253968,0.005037348571428571,0.06281267555555556,0.004088885079365079,0.00045580539682539686,0.19260182507936507,20700.0,20759.0,872.5611422222222,31.602195555555557,195.55280444444443,29.970142222222226,1.6228444444444443,0.15820444444444443,0.007826666666666668,19.722922266666668,17.72780391555556,15.882788457777776,14.72453872888889,13.543997462222222,12.062229248888888,10.995822515555554,10.070451026666666,9.219971666666668,8.439449337777777,7.994919951111111,8.033532022222222,7.75475908,7.343522897777778,5.974115955555556,18.754299337777777,5.3743894800000005,1.1653028711111113,0.44985691111111115,0.07086762666666666,0.048853862222222225,0.027505475555555554,0.021640115555555523,0.016998795555555526,0.017339724444444444,0.011061386666666697,0.01058724,0.010809386666666667,0.009963848888888889,0.013303262222222223,0.01495316,0.01017755111111111,0.00945992,0.005229213333333333,0.008447022222222222,0.010927546666666666,16672536.444444446,1893.8676888888888,,,,0.004,,,,,,,,0.008,1.122,0.142,,0.013,0.215,,,,,0.377,0.041,,0.051,,0.007,0.002,0.058,0.103,,0.007,0.03,0.137,0.007,,0.027,0.008,0.008,0.076,,,0.01,0.003,0.003,,,,,0.008,0.005,,,,0.022,,,1.8545682666666667,376.66666,527.30176,1.0
