time_local,O3_ppbv,File_Index,HONO_CIMS,PAN_CIMS,APAN_CIMS,PPN_CIMS,HCOOH_CIMS,jNO2_meas,jBrCl,jBr2,jCCl4,jCH2Oa,jCH2Ob,jClNO2,jClOa,jClOb,jCl2,jHNO2,jHNO3,jI2,jNO2,jNO3a,jNO3b,jN2O5,jO3,AOD,Altitude_m,Course_deg,GndSpd_ms,Heading_deg,Lat,Lon,Temp_K,RH_percent,Pressure_mb,WindDir_deg,WindSpd_ms,CO2_Piccaro,CH4_Piccaro,CO_Piccaro,H2O_Piccaro,Br2_CIMS,BrO_CIMS,Cl2_CIMS,ClNO2_CIMS,BrCl_CIMS,NCl3_CIMS,N2O5_CIMS,NO_LIF,NO2_LIF,NOy_LIF,Methanol_PTR,Acetonitrile_PTR,Acetaldehyde_PTR,Ethanol_PTR,Methanethiol_PTR,Acrolein_PTR,Acetone_Propanal_PTR,DMS_PTR,Isoprene_PTR,MVK_MACR_PTR,Benzene_PTR,Toluene_PTR,Styrene_PTR,Benzaldehyde_PTR,C8Aromatics_PTR,C9Aromatics_PTR,Naphthalene_PTR,Octanal_PTR,Monoterpenes_PTR,Nonanal_PTR,C7H4ClF3_PTR,D5_siloxane_PTR,Acetone_WAS,Acrolein_WAS,Benzene_WAS,C2Cl4_WAS,C2HCl3_WAS,CCl4_WAS,CF2Cl2_WAS,CFCl3_WAS,CH2Cl2_WAS,CH3Br_WAS,CycloPentane_WAS,Ethyl_WAS,Ethane_WAS,Ethene_WAS,Ethyne_WAS,Furan_WAS,Isoprene_WAS,Limonene_WAS,MACR_WAS,MethylCycloHexane_WAS,MethylCycloPentane_WAS,Propane_WAS,Propene_WAS,Toluene_WAS,Alpha_Pinene_WAS,Beta_Pinene_WAS,c2Butene_WAS,c2Pentene_WAS,iButane_WAS,iPentane_WAS,iPropylBenzene_WAS,iPropylONO2_WAS,m_p_Xylene_WAS,nButane_WAS,nDecane_WAS,nHeptane_WAS,nHexane_WAS,nNonane_WAS,nOctane_WAS,nPentane_WAS,nPropylBenzene_WAS,nPropylONO2_WAS,o_Xylene_WAS,t2Butene_WAS,t2Pentene_WAS,x123_TriMethylBenzene_WAS,x124_TriMethylBenzene_WAS,x135_TriMethylBenzene_WAS,x13_Butadiene_WAS,x1_Butene_WAS,x1_Pentene_WAS,x224_TriMethylPentane_WAS,x22_DiMethylButane_WAS,x2_EthylToluene_WAS,x2_MethylPentane_WAS,x3_MethylPentane_WAS,x3_x4_EthylToluene_WAS,C4H7NO5_CIMS,ISOPN_CIMS,C5H10O3_CIMS,C5H9NO5_CIMS,C10H17NO4_CIMS,HNO3_CIMS,Time_Start_POPS,Time_Stop_POPS,Press_mb_POPS,Temp_C_POPS,Aerosol_conc_POPS,Surface_area_conc_POPS,Volume_density_POPS,Effective_radius_POPS,Extinction_POPS,Particle_conc_bin01_POPS,Particle_conc_bin02_POPS,Particle_conc_bin03_POPS,Particle_conc_bin04_POPS,Particle_conc_bin05_POPS,Particle_conc_bin06_POPS,Particle_conc_bin07_POPS,Particle_conc_bin08_POPS,Particle_conc_bin09_POPS,Particle_conc_bin10_POPS,Particle_conc_bin11_POPS,Particle_conc_bin12_POPS,Particle_conc_bin13_POPS,Particle_conc_bin14_POPS,Particle_conc_bin15_POPS,Particle_conc_bin16_POPS,Particle_conc_bin17_POPS,Particle_conc_bin18_POPS,Particle_conc_bin19_POPS,Particle_conc_bin20_POPS,Particle_conc_bin21_POPS,Particle_conc_bin22_POPS,Particle_conc_bin23_POPS,Particle_conc_bin24_POPS,Particle_conc_bin25_POPS,Particle_conc_bin26_POPS,Particle_conc_bin27_POPS,Particle_conc_bin28_POPS,Particle_conc_bin29_POPS,Particle_conc_bin30_POPS,Particle_conc_bin31_POPS,Particle_conc_bin32_POPS,Particle_conc_bin33_POPS,Particle_conc_bin34_POPS,Particle_conc_bin35_POPS,Particle_conc_bin36_POPS,HCHO_CRDS,H2O_CRDS,CH4_CRDS,Ethylene,Acetylene,nDecane,Ethylbenzene,Ethane,mpEthyltoluene,oXylene,buta13diene,Styrene,mpXylene,x135_Trimethylbenzene,nPropylbenzene,oEthyltoluene,x224_Trimethylpentane,Toluene,x124_Trimethylbenzene,Isopropylbenzene,Formaldehyde,Benzene,x123_Trimethylbenzene,nHeptane,nNonane,Methylcyclopentane,Propylene,x3_Methylpentane,nHexane,x2_Methylpentane,But1ene,Cyclopentane,nOctane,Isobutane,x22_Dimethylbutane,Propane,Pent1ene,Methylcyclohexane,nButane,nPentane,cis2Pentene,trans2Pentene,Isopentane,cis2Butene,trans2Butene,Isoprene,x23_Dimethylpentane,x3_Methylhexane,x2_Methylhexane,x234_Trimethylpentane,x24_Dimethylpentane,x23_Dimethylbutane,Cyclohexane,Hex1ene,x3_Methylheptane,nUndecane,pDiethylbenzene,mDiethylbenzene,nDodecane,x2_Methylheptane,Alphapinene,Betapinene,NO,NO2,NOy,O3,BLH_Nell_m,BLH_Nell_m_smoothed,jNO2_ratio,time_UTC
2024-07-17 00:00:00,57.75333333333333,1.0,0.0131885955555555,0.0963045054591662,0.002019832106892592,0.007393266827368718,2.432926964249084,2.9482527777777775e-07,0.0,0.0,0.0,0.0,0.0,0.0,0.0,0.0,0.0,0.0,0.0,0.0,0.0,0.0,0.0,0.0,0.0,0.18,1307.608,358.18475555555557,0.04751111111111111,358.18475555555557,40.73435,-111.87211,297.40155555555555,25.94977777777778,875.8964444444445,124.11124444444445,2.5244444444444443,441621.68888888886,1971.04,188.4311111111111,10755954.109333334,0.00100348,2.726617283950618e-05,0.0027155499585599,0.0001783688888888,0.0002567111111111,0.0033679022222222,0.0026789644444444,0.1038511186666666,1.881670755555556,3.162848,8.84307337777778,0.3193023111111111,1.394650711111111,2.5611996444444443,0.0024664888888888,0.1904312,4.513585422222223,0.0065067999999999,0.4115241777777778,0.3890958666666667,0.0770488888888888,0.1575515555555555,0.0105612,0.0162058666666666,0.0977203111111111,0.0356409777777777,0.0050628444444444,0.0262632,0.1132927555555555,0.0366226222222222,0.0038624888888888,0.0026409777777777,3.745,0.164,0.094,0.005,0.001,0.074,0.445,0.192,0.083,0.01,0.012,0.017,1.862,0.174,0.211,0.004,0.261,0.004,0.102,0.018,0.027,0.571,0.041,0.104,0.065,0.024,0.003,0.005,0.142,0.208,0.001,0.007,0.064,0.267,0.017,0.024,0.06,0.012,0.012,0.134,0.003,0.003,0.02,0.004,0.007,0.002,0.013,0.008,0.002,0.008,0.007,0.04,0.006,0.002,0.04,0.032,0.011,0.0030543391275391,0.0111570157020757,0.0457651919524919,0.0094813775195175,0.0008233516983016,0.1962344073792873,21600.0,21659.0,,,,,,,,,,,,,,,,,,,,,,,,,,,,,,,,,,,,,,,,,,,,2.26892668508215,10606664.594967475,1919.8713045791303,0.2683,0.11105,,0.012768463401485575,1.71575,,0.028025386318612223,0.0598,0.0105612,0.08802676043694521,,,,0.0,0.1774142857142857,,,2.3582087219987886,0.09365,,0.0119142857142857,,0.0,0.1106333333333333,0.0444166666666666,0.05765,0.0725333333333333,0.02965,0.0,0.0,0.1209,0.0,0.5424666666666667,0.03222,0.0,0.253075,0.1909799999999999,0.0,0.01858,0.2832,0.0,0.0,0.30002,0.0,0.0,0.0,0.0,0.0,0.0154166666666666,0.0,0.0155,0.0,,,,,,0.018676299078713852,0.024,0.2,1.8,1.0,54.0,521.375,350.48999,1.0,2024-07-17 06:00:00
2024-07-17 00:15:00,58.766666666666666,1.0,0.0042528844444444,0.09788311100964864,0.0020251486496255175,0.007546999713996453,2.3988685946520145,7.151373076923076e-07,0.0,0.0,0.0,0.0,0.0,0.0,0.0,0.0,0.0,0.0,0.0,0.0,0.0,0.0,0.0,0.0,0.0,0.18,1308.4857777777777,349.0736,0.04577777777777778,349.0736,40.73435,-111.87211,297.5424444444444,25.791555555555554,875.9084444444445,121.2807111111111,2.3133333333333335,438787.2,1969.2977777777776,182.90666666666667,10819736.561777778,0.0009572844444444,3.0047407407407417e-05,0.0027714241195841,0.0001154977777777,0.0002414,0.0031032,0.0020527466666666,0.0624298748490213,1.385838856976357,2.18436326984127,8.380535111111111,0.3075198222222222,1.297756311111111,2.0288804444444444,0.0018866666666666,0.1960955111111111,4.460084888888889,0.0063202222222222,0.4340227555555556,0.4182940888888888,0.0514433777777777,0.1306529333333333,0.0103360888888888,0.0207059555555555,0.07689,0.0290599555555555,0.0049054666666666,0.0210946222222222,0.1058967111111111,0.0336444444444444,0.0033668,0.0022816888888888,3.7738750000000003,0.167375,0.07915408198897883,0.0053750000000000004,0.001,0.074,0.44525000000000003,0.19337500000000002,0.083,0.01,0.012625,0.016924684038160873,1.91775,0.190875,0.21037499999999998,0.004375,0.2435,0.0036442959390182647,0.10960682836623194,0.019125,0.03,0.6004999999999999,0.044625000000000005,0.08468286435672037,0.03614166020601831,0.013849038301738989,0.003375,0.005875,0.14762499999999998,0.221375,0.00125,0.007125,0.05818436893498985,0.276125,0.017875000000000002,0.026125000000000002,0.065,0.012750000000000001,0.013375,0.14475000000000002,0.001733104767953236,0.003,0.02017914883081178,0.004125,0.00825,0.002375,0.006989325305222127,0.006157377985720922,0.002625,0.009000000000000001,0.007875,0.043500000000000004,0.006500000000000001,0.0025,0.043875,0.035,0.006494599343138316,0.0033173385947385,0.0117164194017094,0.0598373362604062,0.0094324844233544,0.0007769522671772,0.1879937865290265,22500.0,22559.0,,,,,,,,,,,,,,,,,,,,,,,,,,,,,,,,,,,,,,,,,,,,2.2632066423095725,10669561.76552491,1918.1379943429909,0.28996776633857774,0.11767892937898343,,0.011972711984160049,1.8232718510320771,,0.026963146344383033,0.05893958333333333,0.0103360888888888,0.08443230371051356,,,,0.0085,0.17039523809523807,,,2.3527429987244446,0.10032340143227171,,0.01580876666499928,,0.006375,0.11478427375441586,0.0494262119207069,0.06663014421158912,0.08156503999962808,0.030334798411230234,0.002274328803532932,0.0016649525474792704,0.13210174924170423,0.0010018376110270814,0.5971779762972896,0.03308292075255161,0.0016092022046987088,0.27698825854399817,0.2129491053915867,0.0,0.017031666666666667,0.3147994603116633,0.0003409611046306356,0.0,0.2817841112910692,0.0,0.0,0.0,0.0,0.0,0.015220833333333267,0.0,0.015134722222222216,0.0,,,,,,0.008570232025275216,0.022625,0.2582311226683615,2.6729313613180885,1.2610352141567294,55.43464987040127,508.25,350.48999,1.0,2024-07-17 06:15:00
2024-07-17 00:30:00,59.24666666666667,1.0,0.0021168311111111,0.09946171656013106,0.002030465192358443,0.007700732600624188,2.4051953662807564,1.0190530555555555e-06,0.0,0.0,0.0,0.0,0.0,0.0,0.0,0.0,0.0,0.0,0.0,0.0,0.0,0.0,0.0,0.0,0.0,0.18,1309.536,335.4601333333333,0.044222222222222225,335.4601333333333,40.73435,-111.87211,297.71311111111106,25.885333333333335,875.9062222222221,121.15648888888889,2.2831111111111113,436535.3777777778,1967.232,171.624,10983128.689777777,0.0009666488888888,3.282864197530865e-05,0.0028235729925629,9.30711111111111e-05,0.0002284177777777,0.0023186088888888,0.0017717422222222,0.0970365377392977,1.3722506173234177,2.3379897313797318,8.603823162026861,0.3006058521367521,1.2376640432789434,2.040482477899878,0.0011888323565323,0.1919448781440781,4.510450982051282,0.0090287827838827,0.4248071422022422,0.4370042981684982,0.063392494017094,0.1275865831501831,0.0086643417582417,0.0244923263736263,0.0677069594627594,0.0271280382173382,0.0032811985347985,0.0212290781440781,0.0960867525030525,0.0341981010989011,0.0019542228327228,0.0020451921855921,3.80275,0.17075,0.0844301866468365,0.00575,0.001,0.074,0.4455,0.19475,0.083,0.01,0.013250000000000001,0.015481741112847877,1.9735,0.20775,0.20975,0.00475,0.226,0.0032885918780365293,0.11494052269461949,0.020249999999999997,0.033,0.63,0.04825,0.08237150082993311,0.031096756479391606,0.012078569041773693,0.00375,0.00675,0.15325,0.23475,0.0015,0.00725,0.05397540181891121,0.28525,0.018750000000000003,0.02825,0.07,0.0135,0.01475,0.1555,0.0015006643831915118,0.003,0.018254468997687328,0.00425,0.009500000000000001,0.00275,0.006036988380501015,0.0057416682278344285,0.0032500000000000003,0.01,0.00875,0.047,0.007,0.003,0.04775,0.038,0.005699947756739917,0.0036645547430347,0.0120365338716838,0.0794338535053835,0.0092337971750471,0.0007315955555555,0.2004997609701409,23400.0,23459.0,,,,,,,,,,,,,,,,,,,,,,,,,,,,,,,,,,,,,,,,,,,,2.253102639717527,10830686.058315463,1916.082783634426,0.3116355326771555,0.12430785875796686,,0.011176960566834523,1.930793702064154,,0.025900906370153846,0.05807916666666667,0.0086643417582417,0.08083784698408192,,,,0.017,0.16337619047619045,,,2.3430882313866666,0.10699680286454342,,0.01970324761571286,,0.01275,0.1189352141754984,0.054435757174747204,0.07561028842317825,0.09059674666592288,0.031019596822460464,0.004548657607065864,0.003329905094958541,0.14330349848340848,0.0020036752220541627,0.6518892859279126,0.03394584150510323,0.0032184044093974177,0.30090151708799634,0.2349182107831735,0.0,0.015483333333333333,0.3463989206233265,0.0006819222092612712,0.0,0.26354822258213834,0.0,0.0,0.0,0.0,0.0,0.015024999999999933,0.0,0.014769444444444432,0.0,,,,,,0.006756319252661319,0.02125,0.2787022662772865,2.659382958617871,1.3761449945369275,55.877959859874906,495.125,350.48999,1.0,2024-07-17 06:30:00
2024-07-17 00:45:00,59.41777777777778,1.0,0.0006201866666666,0.10104032211061349,0.002035781735091368,0.007854465487251924,2.4195062942690644,1.5283316401154403e-06,0.0,0.0,0.0,0.0,0.0,0.0,0.0,0.0,0.0,0.0,0.0,0.0,0.0,0.0,0.0,0.0,0.0,0.18,1309.4084444444445,230.10684444444445,0.044000000000000004,230.10684444444445,40.73435,-111.87211,298.1171111111111,25.720000000000002,875.972,118.43648888888889,1.9946666666666668,434528.2222222222,1966.6208888888889,164.6,11163661.475555556,0.0010067022222222,3.560987654320989e-05,0.0027689628660228,7.956444444444445e-05,0.00020908,0.0015686088888888,0.0019526444444444,0.0310897271111111,0.8790620444444445,1.694236888888889,8.858658737614237,0.2935428263828764,1.1991128370370372,1.7076804011063011,0.0022438527417027,0.1886205749398749,4.526331555291005,0.0087386931697931,0.3374051423280423,0.405923984054834,0.0619544389850889,0.1093639507215007,0.0083811082732082,0.0302006762145262,0.0619276604858104,0.0325967691919191,0.0049769397306397,0.0184528097883597,0.0898492575517075,0.0288353109187109,0.0016780782347282,0.0015312825637325,3.831625,0.174125,0.08379521677118552,0.006125,0.001,0.074,0.44575,0.196125,0.083,0.01,0.013875,0.014573632459919831,2.02925,0.224625,0.209125,0.005125,0.20850000000000002,0.0029328878170547944,0.10608049913020025,0.021374999999999998,0.036,0.6595,0.051875000000000004,0.06863558502059253,0.02788904044489112,0.010952846343874303,0.004125,0.007625,0.158875,0.24812499999999998,0.00175,0.0073750000000000005,0.05132651017465471,0.294375,0.019625,0.030375,0.075,0.014249999999999999,0.016125,0.16625,0.002158639704776915,0.003,0.01704318171811784,0.004375,0.010750000000000001,0.003125,0.008732794425321377,0.006918429150476806,0.003875,0.011,0.009625,0.0505,0.0075,0.0035,0.051625,0.041,0.007949389623930183,0.003898242041292,0.0108354943711843,0.0803426516183816,0.0088351549794649,0.0007151644444444,0.2119385756643356,24300.0,24359.0,,,,,,,,,,,,,,,,,,,,,,,,,,,,,,,,,,,,,,,,,,,,2.183431148904775,11008713.101539684,1915.4747985388415,0.33330329901573325,0.13093678813695028,,0.010381209149508998,2.038315553096231,,0.024838666395924656,0.05721875,0.0083811082732082,0.07724339025765027,,,,0.025500000000000002,0.1563571428571428,,,2.276514412967141,0.11367020429681515,,0.02359772856642644,,0.019125,0.12308615459658095,0.059445302428787504,0.08459043263476738,0.09962845333221766,0.031704395233690695,0.006822986410598796,0.004994857642437811,0.1545052477251127,0.003005512833081244,0.7066005955585357,0.03480876225765484,0.004827606614096126,0.32481477563199446,0.2568873161747603,0.0,0.013935,0.3779983809349897,0.0010228833138919069,0.0,0.2453123338732075,0.0,0.0,0.0,0.0,0.0,0.0148291666666666,0.0,0.01440416666666665,0.0,,,,,,0.005602973737822443,0.019875,0.23969224571562442,2.167640277948819,0.8937915797920529,56.035991661678004,482.0,350.37103,1.0,2024-07-17 06:45:00
2024-07-17 01:00:00,57.932,1.0,0.0076870444444444,0.10261892766109593,0.0020410982778242934,0.008008198373879657,2.4550798765179267,1.8270861939393939e-06,0.0,0.0,0.0,0.0,0.0,0.0,0.0,0.0,0.0,0.0,0.0,0.0,0.0,0.0,0.0,0.0,0.0,0.18,1308.6088888888887,327.3833777777778,0.0444,327.3833777777778,40.73435,-111.87211,298.42288888888885,25.715111111111113,876.0613333333333,116.18431111111111,2.1844444444444444,434338.5777777778,1966.1906666666664,163.3368888888889,11372178.352888888,0.0009501866666666,3.839111111111112e-05,0.0027265466666666,0.0001061022222222,0.0001953555555555,0.0012424888888888,0.0026879911111111,0.0815035333333333,1.0889048444444445,1.898827555555556,9.242065408121508,0.2864789696303696,1.1808833292355794,1.7500829655048655,0.0012685077441077,0.1927035735967736,4.550792172664372,0.0037929493210493,0.24240888695378696,0.344226976064676,0.1941934008103008,0.1410729585599585,0.0129482129278129,0.099675025037925,0.0825798688422688,0.0359136542642542,0.0054437425907425,0.0226501499241499,0.0883923465201465,0.0349871509712509,0.0025278388648388,0.0009791385540385,3.8605,0.1775,0.14218502472539998,0.006500000000000001,0.001,0.074,0.446,0.1975,0.083,0.01,0.0145,0.017818740419444982,2.085,0.2415,0.2085,0.0055,0.191,0.002577183756073059,0.08849261560213005,0.0225,0.039,0.6890000000000001,0.05550000000000001,0.09253730524523024,0.02713980426702918,0.010689907803668419,0.0045000000000000005,0.0085,0.16449999999999998,0.2615,0.002,0.0075,0.060792271051373845,0.3035,0.0205,0.0325,0.08,0.015,0.0175,0.177,0.00255771373717595,0.003,0.0213716923864486,0.0045000000000000005,0.012,0.0035,0.010367849956401075,0.007632156111294968,0.0045000000000000005,0.012,0.0105,0.054000000000000006,0.008,0.004,0.055499999999999994,0.044,0.00931371714068845,0.0038648441192141,0.0078569778144078,0.0641907702652902,0.0077810016017316,0.0007989145310245,0.2141614711111111,25200.0,25259.0,,,,,,,,,,,,,,,,,,,,,,,,,,,,,,,,,,,,,,,,,,,,2.145565590044,11214335.825268626,1915.0467770315497,0.354971065354311,0.13756571751593372,,0.009585457732183472,2.145837404128308,,0.023776426421695467,0.05635833333333333,0.0129482129278129,0.07364893353121862,,,,0.034,0.1493380952380952,,,2.240332399197318,0.12034360572908687,,0.027492209517140015,,0.0255,0.1272370950176635,0.0644548476828278,0.0935705768463565,0.10866015999851245,0.03238919364492093,0.009097315214131728,0.006659810189917082,0.16570699696681696,0.0040073504441083254,0.7613119051891586,0.035671683010206456,0.006436808818794835,0.34872803417599263,0.2788564215663471,0.0,0.012386666666666667,0.409597841246653,0.0013638444185225425,0.0,0.22707644516427666,0.0,0.0,0.0,0.0,0.0,0.014633333333333266,0.0,0.014038888888888866,0.0,,,,,,0.0053335832506353036,0.0185,0.2695139095472331,2.1,0.9,53.0,468.875,349.89993,1.0,2024-07-17 07:00:00
2024-07-17 01:15:00,57.77644444444445,1.0,0.0077189155555555,0.10419753321157836,0.0020464148205572184,0.008161931260507394,2.438591895664336,2.542702648251748e-06,0.0,0.0,0.0,0.0,0.0,0.0,0.0,0.0,0.0,0.0,0.0,0.0,0.0,0.0,0.0,0.0,0.0,0.18,1308.1817777777776,287.5736444444445,0.04742222222222223,287.5736444444445,40.73434955555555,-111.87211,298.47488888888887,25.706222222222223,876.079111111111,117.58431111111112,1.9906666666666666,433921.4666666667,1964.843111111111,160.89600000000002,11402440.547555557,0.0009089066666666,6.815111111111111e-05,0.0028058666666666,0.0001088577777777,0.0001777999999999,0.0014839244444444,0.0036287422222222,0.04152936,0.9218461777777778,1.6757764444444443,9.272824266666667,0.2801440888888888,1.1580393777777778,1.4854199555555556,0.0003636,0.1846344888888889,4.5306712000000005,0.0037963999999999,0.20984217777777778,0.3121877333333333,0.0952497333333333,0.0796098666666666,0.0031993333333333,0.0448674666666666,0.0416030222222222,0.0169105777777777,0.0002572888888888,0.0238903111111111,0.0749124444444444,0.0303322666666666,0.0043810222222222,0.0003255111111111,3.8893750000000002,0.180875,0.09849667703629765,0.006875,0.001,0.074,0.44625000000000004,0.19887500000000002,0.083,0.01,0.015125000000000001,0.01137999600878391,2.1407499999999997,0.258375,0.20787499999999998,0.005875,0.1735,0.0022214796950913236,0.07935923153954606,0.023625,0.041999999999999996,0.7185,0.059125000000000004,0.04620745367564197,0.02020758253875312,0.00825709914403066,0.004875,0.009375000000000001,0.170125,0.274875,0.0022500000000000003,0.007625,0.04201088821363679,0.31262500000000004,0.021375,0.034625,0.085,0.01575,0.018875,0.18775,0.0002713413739313692,0.003,0.01278332669266758,0.004625,0.013250000000000001,0.003875,0.0010003003913298227,0.003543076227276085,0.005125,0.013000000000000001,0.011375,0.0575,0.0085,0.0045000000000000005,0.059375,0.047,0.0014972207628656227,0.0039732394993894,0.0060369729015429,0.0625472312554112,0.0072842487434787,0.0009192533666333,0.2124844488888889,26100.0,26159.0,,,,,,,,,,,,,,,,,,,,,,,,,,,,,,,,,,,,,,,,,,,,2.051442744626689,11244177.989475932,1913.7061146244137,0.37663883169288875,0.14419464689491715,,0.008789706314857947,2.253359255160385,,0.02271418644746628,0.05549791666666667,0.0031993333333333,0.07005447680478699,,,,0.0425,0.14231904761904757,,,2.1503943607422227,0.12701700716135858,,0.0313866904678536,,0.031875,0.13138803543874605,0.06946439293686811,0.10255072105794563,0.11769186666480724,0.033073992056151164,0.01137164401766466,0.008324762737396352,0.17690874620852118,0.005009188055135407,0.8160232148197817,0.036534603762758064,0.008046011023493544,0.3726412927199908,0.30082552695793385,0.0,0.010838333333333333,0.44119730155831627,0.001704805523153178,0.0,0.20884055645534583,0.0,0.0,0.0,0.0,0.0,0.014437499999999933,0.0,0.013673611111111083,0.0,,,,,,0.002841078692194604,0.017125,0.24586768149140242,2.2102989800607156,0.8799594724555907,54.52011778100568,455.75,349.43036,1.0,2024-07-17 07:15:00
2024-07-17 01:30:00,57.0,1.0,0.0114055111111111,0.1057761387620608,0.002051731363290144,0.008315664147135127,2.464299545764236,2.6588105437118436e-06,0.0,0.0,0.0,0.0,0.0,0.0,0.0,0.0,0.0,0.0,0.0,0.0,0.0,0.0,0.0,0.0,0.0,0.18,1308.3542222222225,338.22395555555556,0.04382222222222222,338.22395555555556,40.73434977777777,-111.87211,298.2895555555555,25.972888888888892,876.0515555555555,127.05097777777777,1.8044444444444445,435330.26666666666,1965.732888888889,156.112,11419436.730666667,0.0008236844444444,0.0001329066666666,0.0029676133333333,0.0001206888888888,0.0001800133333333,0.0023049866666666,0.0041655733333333,0.0162039068462093,0.907948427935028,1.678444058608059,9.46441071111111,0.2770670222222222,1.1923324444444443,1.8913998222222224,0.0011733777777777,0.1803296888888889,4.515240666666667,0.0007203555555555,0.1952068888888889,0.3066689333333333,0.1431557333333333,0.1460448,0.0028121777777777,0.0336422666666666,0.0813724444444444,0.0264879555555555,0.00034531672454521427,0.0230306666666666,0.0797152,0.0271304,0.00668,0.0010247111111111,3.91825,0.18425,0.11964946061268306,0.00725,0.001,0.074,0.4465,0.20025,0.083,0.01,0.01575,0.017629016276812095,2.1965,0.27525,0.20725,0.00625,0.156,0.0018657756341095887,0.07778599460672433,0.02475,0.045,0.748,0.06275,0.09628499623911255,0.022677464458580564,0.009123884766067191,0.00525,0.01025,0.17575,0.28825,0.0025,0.00775,0.06023885853348453,0.32175000000000004,0.02225,0.036750000000000005,0.09,0.0165,0.02025,0.1985,0.0014236522578583608,0.003,0.021118627469758885,0.00475,0.014500000000000002,0.00425,0.0057214602046154325,0.005603935311889606,0.00575,0.014,0.01225,0.061000000000000006,0.009000000000000001,0.005,0.06325,0.05,0.005436663871580997,0.0040588074847374,0.0054735048717948,0.0630351146642246,0.0071417949938949,0.0010147614774114,0.2055893733333333,27000.0,27059.0,,,,,,,,,,,,,,,,,,,,,,,,,,,,,,,,,,,,,,,,,,,,2.027418575099505,11260938.270509278,1914.591340923585,0.3983065980314665,0.15082357627390058,,0.007993954897532421,2.360881106192462,,0.02165194647323709,0.0546375,0.0028121777777777,0.06646002007835534,,,,0.051000000000000004,0.13529999999999995,,,2.127438332657778,0.1336904085936303,,0.035281171418567174,,0.03825,0.1355389758598286,0.07447393819090842,0.11153086526953476,0.126723573331102,0.033758790467381394,0.013645972821197592,0.009989715284875623,0.18811049545022543,0.006011025666162488,0.8707345244504047,0.03739752451530968,0.009655213228192253,0.396554551263989,0.32279463234952066,0.0,0.00929,0.4727967618699795,0.0020457666277838137,0.0,0.19060466774641502,0.0,0.0,0.0,0.0,0.0,0.0142416666666666,0.0,0.0133083333333333,0.0,,,,,,0.0037291333715291503,0.01575,0.2308867227634223,2.196441974568784,0.8819582718644797,53.80302282581083,442.625,348.96082,1.0,2024-07-17 07:30:00
2024-07-17 01:45:00,56.22044444444444,1.0,0.0219329866666666,0.10735474431254322,0.0020570479060230693,0.008469397033762864,2.4848651415884118,1.815061164814815e-06,0.0,0.0,0.0,0.0,0.0,0.0,0.0,0.0,0.0,0.0,0.0,0.0,0.0,0.0,0.0,0.0,0.0,0.18,1309.3822222222223,358.8523111111111,0.044088888888888886,358.8523111111111,40.73434533333333,-111.87211,298.15,25.951999999999998,876.1973333333334,128.6679111111111,1.5951111111111111,436616.1777777778,1969.0435555555557,158.53866666666667,11312624.890222222,0.0007509511111111,0.0001816977777777,0.0030634177777777,0.0001930622222222,0.00019232,0.0026853422222222,0.0105407155555555,0.0104267253355718,1.3611873948144448,2.246023741147741,9.61414457777778,0.2778027555555555,1.2604312,2.4826724,0.0007156,0.1900771555555555,4.524657955555555,0.0008733333333333,0.196706,0.3163299111111111,0.2237146666666666,0.1823108,0.0076984888888888,0.0649403111111111,0.1036519111111111,0.0362084,0.0004333445602016286,0.0246587111111111,0.0808181333333333,0.0331768888888888,0.0072556888888888,0.0018737333333333,3.9471249999999998,0.18762500000000001,0.15522007143271516,0.007625,0.001,0.074,0.44675,0.201625,0.083,0.01,0.016375,0.021129817419531814,2.25225,0.29212499999999997,0.206625,0.006625000000000001,0.1385,0.0015100715731278533,0.08054003661715596,0.025875,0.048,0.7775000000000001,0.066375,0.12362170100397754,0.023244662823615786,0.009322938568481157,0.005625,0.011125,0.181375,0.30162500000000003,0.00275,0.007875,0.07045045916657378,0.33087500000000003,0.023125,0.038875,0.095,0.017249999999999998,0.021625,0.20925,0.0025931763373961284,0.003,0.02578819633556148,0.004875,0.01575,0.004625000000000001,0.010513144603331383,0.007695579465918426,0.0063750000000000005,0.015,0.013125000000000001,0.0645,0.0095,0.0055,0.06712499999999999,0.053000000000000005,0.009434954298128476,0.0040363555433455,0.0059598353601953,0.0625905478144078,0.0079480975579975,0.0011157203785103,0.2077322311111111,27900.0,27959.0,,,,,,,,,,,,,,,,,,,,,,,,,,,,,,,,,,,,,,,,,,,,2.192403926086786,11155608.947340975,1917.885072543228,0.41997436437004426,0.15745250565288402,,0.0071982034802068945,2.4684029572245385,,0.020589706499007904,0.05377708333333333,0.0076984888888888,0.0628655633519237,,,,0.059500000000000004,0.12828095238095233,,,2.2850882504416328,0.140363810025902,,0.03917565236928075,,0.044625,0.13968991628091115,0.07948348344494871,0.12051100948112389,0.13575527999739684,0.03444358887861163,0.015920301624730522,0.011654667832354892,0.19931224469192965,0.007012863277189569,0.9254458340810277,0.03826044526786129,0.011264415432890963,0.42046780980798715,0.34476373774110747,0.0,0.0077416666666666675,0.5043962221816427,0.0023867277324144493,0.0,0.17236877903748418,0.0,0.0,0.0,0.0,0.0,0.014045833333333266,0.0,0.012943055555555517,0.0,,,,,,0.003933071526684205,0.014374999999999999,0.22746930246103547,2.6483521704111554,1.3072363909536735,53.08305456512865,429.5,348.49127,1.0,2024-07-17 07:45:00
2024-07-17 02:00:00,51.136,1.0,0.0716666133333333,0.10893334986302566,0.0020623644487559943,0.008623129920390597,2.6101291672893776,1.4830135542328043e-06,0.0,0.0,0.0,0.0,0.0,0.0,0.0,0.0,0.0,0.0,0.0,0.0,0.0,0.0,0.0,0.0,0.0,0.18,1309.9604444444444,359.0829333333333,0.048,359.0829333333333,40.734342,-111.87211,298.08466666666664,26.13688888888889,876.3173333333333,159.0496,1.6235555555555554,445803.2444444444,1984.8502222222223,196.3391111111111,11326788.379555557,0.0008897244444444,0.0001838,0.0032503911111111,0.0006147555555555,0.0002345777777777,0.0064696266666666,0.0316696755555555,0.0116337097777777,3.7716202222222224,5.265014222222222,12.051846888888887,0.3068293777777777,1.85455,3.892458355555555,0.0019734666666666,0.2435395555555555,4.8996385333333325,0.0010263111111111,0.2357956,0.3759072444444444,0.1072372888888888,0.2330113333333333,0.0418443111111111,0.0098367555555555,0.1398181333333333,0.0559439111111111,0.0005213723958580428,0.0298213333333333,0.0811301777777777,0.04679,0.0132939555555555,0.0061984888888888,3.976,0.191,0.126,0.008,0.001,0.074,0.447,0.203,0.083,0.01,0.017,0.035,2.308,0.309,0.206,0.007,0.121,0.0011543675121461182,0.096,0.027,0.051,0.807,0.07,0.218,0.018,0.013,0.006,0.012,0.187,0.315,0.003,0.008,0.122,0.34,0.024,0.041,0.1,0.018,0.023,0.22,0.007,0.003,0.045,0.005,0.017,0.005,0.028,0.015,0.007,0.016,0.014,0.068,0.01,0.006,0.071,0.056,0.024,0.003664812015762,0.0079778756676656,0.04947727003996,0.0103282576978576,0.0015356353879453,0.2076753422222222,28800.0,28859.0,,,,,,,,,,,,,,,,,,,,,,,,,,,,,,,,,,,,,,,,,,,,2.634430438144497,11169575.851562211,1933.6108833973835,0.441642130708622,0.16408143503186745,,0.006402452062881369,2.5759248082566155,,0.019527466524778714,0.05291666666666667,0.0418443111111111,0.05927110662549205,,,,0.068,0.12126190476190471,,,2.707461769467296,0.14703721145817372,,0.04307013331999433,,0.051,0.1438408567019937,0.08449302869898902,0.12949115369271302,0.1447869866636916,0.03512838728984186,0.018194630428263456,0.013319620379834163,0.2105139939336339,0.008014700888216651,0.9801571437116506,0.03912336602041291,0.01287361763758967,0.4443810683519853,0.3667328431326943,0.0,0.006193333333333334,0.535995682493306,0.002727688837045085,0.0,0.15413289032855335,0.0,0.0,0.0,0.0,0.0,0.013849999999999934,0.0,0.012577777777777733,0.0,,,,,,0.0039907701802683205,0.013,0.2,2.4,2.2,50.0,416.375,348.02173,1.0,2024-07-17 08:00:00
2024-07-17 02:15:00,51.852,1.0,0.0603748222222222,0.11051195541350808,0.0020676809914889197,0.008776862807018334,2.586160832796093,1.3711812955555557e-06,0.0,0.0,0.0,0.0,0.0,0.0,0.0,0.0,0.0,0.0,0.0,0.0,0.0,0.0,0.0,0.0,0.0,0.18,1308.9453333333333,314.60915555555556,0.04951111111111111,314.60915555555556,40.73434933333333,-111.87211,297.58733333333333,27.075555555555557,876.3835555555556,140.41506666666666,2.092888888888889,444290.5777777778,1982.486666666667,187.62844444444443,11393830.878222223,0.0009080577777777,0.0001476266666666,0.0032423422222222,0.0004583377777777,0.00019356,0.0049633688888888,0.0129066755555555,0.0331716751111111,3.0828173333333333,4.561752888888889,12.084771911111112,0.3041647555555555,1.7739145333333333,3.690169066666667,0.0021311555555555,0.2520956888888889,4.864637422222222,0.0002985333333333,0.25474275555555553,0.3801684888888889,0.0736841777777777,0.2029514666666666,0.0606421333333333,0.0003836,0.1130987111111111,0.0495551111111111,0.0006094002315144571,0.0342183111111111,0.1045304444444444,0.0470289333333333,0.0069564888888888,0.0056139111111111,3.920125,0.18275,0.08897445582452496,0.00725,0.001,0.073875,0.446,0.20225,0.082625,0.01,0.012750000000000001,0.02261420520716787,2.0639185275300944,0.24105551235401168,0.1761375,0.0068125,0.09530113232620385,0.0010100715731278533,0.09873841457954136,0.021936235502019064,0.039395259498280134,0.7285166666666667,0.06375,0.13918029061453993,0.03543903911722284,0.013602458960184829,0.00575,0.010750000000000001,0.1587375,0.284625,0.002625,0.00775,0.07478031814856619,0.31612500000000004,0.021500000000000002,0.03075,0.08162023924235988,0.016499999999999997,0.020999999999999998,0.199875,0.004198997976138157,0.003,0.027768157697359366,0.00475,0.015250000000000001,0.0045000000000000005,0.017092393913462556,0.010567523277810908,0.0061434828426952855,0.014625,0.0125,0.053233986563034824,0.0075,0.0053750000000000004,0.064,0.050375,0.014924829536492639,0.0036479843460243,0.0073210005180005,0.0496646895053095,0.0093666148329448,0.0013670841103341,0.1816935955555555,29700.0,29759.0,,,,,,,,,,,,,,,,,,,,,,,,,,,,,,,,,,,,,,,,,,,,2.4815616767198176,11235687.81984858,1931.2594181331522,0.3809190980314665,0.1446985762739006,,0.005606700645555843,2.337493606192462,,0.018465226550549524,0.05205625,0.0606421333333333,0.055676649899060404,,,,0.051000000000000004,0.11424285714285708,,,2.5613897241244445,0.12264040859363029,,0.03230259998999575,,0.03825,0.13019730919316191,0.06741560485757508,0.10315586526953477,0.1150152399977687,0.031090040467381397,0.013645972821197592,0.009989715284875623,0.17637299545022544,0.006011025666162488,0.8583845244504047,0.03487752451530968,0.009655213228192253,0.370348301263989,0.2979646323495207,0.0,0.004645,0.42759676186997947,0.0020457666277838137,0.0,0.12381966774641501,0.0,0.0,0.0,0.0,0.0,0.0136541666666666,0.0,0.012212499999999949,0.0,,,,,,0.008317602156334945,0.011875,0.24092379631700556,4.364934767094971,3.0423741461754226,49.04852318870614,403.25,347.55219,1.0,2024-07-17 08:15:00
2024-07-17 02:30:00,55.106222222222215,1.0,0.0268432711111111,0.11209056096399052,0.002072997534221845,0.008930595693646069,2.375853089597069,1.1667870097248677e-06,0.0,0.0,0.0,0.0,0.0,0.0,0.0,0.0,0.0,0.0,0.0,0.0,0.0,0.0,0.0,0.0,0.0,0.18,1308.3746666666666,284.2977777777778,0.0496,284.2977777777778,40.73434755555556,-111.87211,297.4451111111111,26.965777777777777,876.3951111111111,123.15026666666667,2.6262222222222222,436776.48888888885,1969.5635555555557,155.70444444444445,11288123.974222222,0.0009119288888888,0.0001419644444444,0.0030774222222222,0.0001980311111111,0.0001684666666666,0.0021687066666666,0.0062663555555555,0.0261681817777777,1.3394538222222223,2.304654222222222,9.737958320757022,0.2780646147741147,1.2769783315573315,2.0452649886446888,0.0013311799755799,0.2089617019536019,4.484938034310134,0.0007076396825396,0.19002535975135976,0.3045120512820513,0.0390392658119658,0.1211822178266178,0.0113864293040293,0.0015650919413919,0.0663757683760683,0.0274992542124542,0.0006974280671708713,0.0254283446886446,0.0886095051282051,0.0352064457875457,0.0045889233211233,0.0023325017094017,3.86425,0.1745,0.07367707501970416,0.006500000000000001,0.001,0.07375,0.445,0.2015,0.08225,0.01,0.0085,0.015272569351818296,1.819837055060189,0.17311102470802336,0.146275,0.006625,0.0696022646524077,0.0008657756341095887,0.07717113512589206,0.016872471004038124,0.027790518996560272,0.6500333333333334,0.05750000000000001,0.07754399727132054,0.027251481014590982,0.010729099879340256,0.0055,0.0095,0.130475,0.25425,0.0022500000000000003,0.0075,0.05336526191085158,0.29225,0.019,0.0205,0.06324047848471975,0.015,0.019,0.17975,0.0015453275719457943,0.003,0.017975463734866255,0.0045000000000000005,0.013500000000000002,0.004,0.006219978973422697,0.005821546444360848,0.005286965685390572,0.013250000000000001,0.011,0.03846797312606965,0.005,0.00475,0.056999999999999995,0.04475,0.005852639268731623,0.0038471506715506,0.005522259072039,0.0574250902442002,0.0078907501221001,0.0010653952869352,0.2088034044444444,30600.0,30659.0,,,,,,,,,,,,,,,,,,,,,,,,,,,,,,,,,,,,,,,,,,,,2.0153974524409977,11131448.096928274,1918.402412588198,0.320196065354311,0.12531571751593373,,0.004810949228230317,2.0990624041283077,,0.017402986576320337,0.05119583333333333,0.0113864293040293,0.05208219317262876,,,,0.034,0.10722380952380946,,,2.1159516825555555,0.09824360572908686,,0.021535066659997167,,0.0255,0.11655376168433015,0.05033818101616116,0.07682057684635651,0.0852434933318458,0.02705169364492093,0.009097315214131728,0.006659810189917082,0.14223199696681696,0.0040073504441083254,0.7366119051891586,0.030631683010206454,0.006436808818794835,0.29631553417599266,0.2291964215663471,0.0,0.0030966666666666677,0.31919784124665296,0.0013638444185225425,0.0,0.09350644516427667,0.0,0.0,0.0,0.0,0.0,0.013458333333333267,0.0,0.011847222222222165,0.0,,,,,,0.00537373701565904,0.01075,0.23678096641614563,2.6266823146303775,1.351167245915006,52.05400072845236,390.125,347.08264,1.0,2024-07-17 08:30:00
2024-07-17 02:45:00,55.09733333333334,1.0,0.0161270177777777,0.11366916651447295,0.00207831407695477,0.009084328580273804,2.3121544066544573,2.0315216422222224e-06,0.0,0.0,0.0,0.0,0.0,0.0,0.0,0.0,0.0,0.0,0.0,0.0,0.0,0.0,0.0,0.0,0.0,0.18,1307.4284444444445,344.8923111111111,0.0476,344.8923111111111,40.73434511111111,-111.87211,297.69666666666666,26.83422222222222,876.3346666666665,118.41311111111112,2.7622222222222224,434240.8888888888,1965.310222222222,147.51422222222223,11471211.302666666,0.0009544844444444,0.00012696,0.0030413066666666,0.0001667688888888,0.0001492711111111,0.0013090711111111,0.0064591288888888,0.0138377196893106,0.8394537401357902,1.573779172161172,8.99708419954305,0.2759986338143338,1.1175789865079366,1.49131272999038,0.0006218129629629,0.1856044442039442,4.414589896248196,0.0013224311688311,0.17873598915343916,0.2811141713323713,0.0181417581529581,0.0844287816738817,0.0007405087542087,0.0004649203944203,0.0431182121212121,0.0259650834295334,0.0007854559028272856,0.0255302055796055,0.076668797017797,0.0302789101731601,0.0034585045454545,0.0008822716690716,3.808375,0.16625,0.06444982881261432,0.00575,0.001,0.073625,0.444,0.20075,0.081875,0.01,0.00425,0.011618079738936988,1.5757555825902838,0.10516653706203505,0.1164125,0.0064375000000000005,0.043903396978611536,0.0007214796950913238,0.07050113279086172,0.011808706506057186,0.01618577849484041,0.57155,0.051250000000000004,0.04983987127998808,0.021110810574322826,0.008574079914798364,0.00525,0.00825,0.1022125,0.223875,0.001875,0.00725,0.04270536238410357,0.26837500000000003,0.0165,0.010250000000000002,0.04486071772707964,0.013499999999999998,0.017,0.15962500000000002,0.0013607424243217419,0.003,0.013100896394131192,0.00425,0.01175,0.0035,0.0054637108575456604,0.005491423745988541,0.004430448528085858,0.011875,0.0095,0.023701959689104476,0.0025000000000000005,0.004125,0.049999999999999996,0.039125,0.005221591955092906,0.003720683084693,0.00458142009324,0.05698590009324,0.0073224936985236,0.0011866352136752,0.2153505777777777,31500.0,31559.0,,,,,,,,,,,,,,,,,,,,,,,,,,,,,,,,,,,,,,,,,,,,1.8876081944773082,11311994.226510007,1914.1708363229293,0.2594730326771555,0.10593285875796686,,0.004015197810904791,1.860631202064154,,0.016340746602091148,0.05033541666666666,0.0007405087542087,0.04848773644619712,,,,0.017,0.10020476190476184,,,1.993844077904107,0.07384680286454343,,0.01076753332999858,,0.012749999999999997,0.10291021417549838,0.03326075717474723,0.05048528842317826,0.0554717466659229,0.023013346822460465,0.004548657607065864,0.0033299050949585404,0.10809099848340849,0.002003675222054163,0.6148392859279127,0.026385841505103227,0.003218404409397418,0.22228276708799632,0.16042821078317349,0.0,0.0015483333333333356,0.2107989206233265,0.0006819222092612712,0.0,0.06319322258213833,0.0,0.0,0.0,0.0,0.0,0.013262499999999932,0.0,0.011481944444444383,0.0,,,,,,0.0031658374901981402,0.009625,0.22948703400267567,2.128148094211073,0.8035345942521225,52.04579128420286,377.0,346.61307,1.0,2024-07-17 08:45:00
2024-07-17 03:00:00,53.81155555555555,1.0,0.0183941911111111,0.11524777206495537,0.0020836306196876956,0.009238061466901539,2.3080266360195365,2.7014829174603176e-06,0.0,0.0,0.0,0.0,0.0,0.0,0.0,0.0,0.0,0.0,0.0,0.0,0.0,0.0,0.0,0.0,0.0,0.18,1307.7257777777777,349.4532,0.050666666666666665,349.4532,40.73434671111111,-111.87211,297.558,27.273333333333333,876.2595555555556,113.24955555555556,2.9155555555555557,434145.8666666667,1966.8177777777776,147.55511111111113,11656049.537777778,0.0011159288888888,0.0001234888888888,0.0030160888888888,0.0001653466666666,9.997333333333332e-05,0.0010131866666666,0.0071672888888888,0.013661832028083,0.8465672815647316,1.585924244200244,9.172763053831352,0.2710700704961705,1.1445332810522808,1.243963252099752,0.0004415243682243,0.1991564106671106,4.485131668723868,0.0009427911495911,0.17627015826765827,0.2844348326451326,0.0212584668997668,0.0848474461908461,0.0012414195397195,0.0026658801420801,0.0372011976023976,0.0228228371850371,0.0008734837384837,0.0215606161838161,0.0791202165501165,0.0266454685536685,0.0035881828245828,0.0008659881932881,3.7525,0.158,0.03083585713826848,0.005,0.001,0.0735,0.443,0.2,0.0815,0.01,0.0,0.010688331666468695,1.3316741101203784,0.03722204941604676,0.08655,0.00625,0.018204529304815396,0.0005771837560730591,0.07144774926883307,0.00674494200807625,0.004581037993120545,0.4930666666666667,0.045000000000000005,0.050155453596642266,0.022371486182471152,0.009016504098085423,0.005,0.007,0.07395,0.1935,0.0015,0.007,0.039993350013685175,0.2445,0.014,0.0,0.02648095696943951,0.012,0.015,0.1395,0.0009826802207075988,0.003,0.011860745218659095,0.004,0.01,0.003,0.003914743380520267,0.004815275548713875,0.0035739313707811434,0.0105,0.008,0.008935946252139296,0.0,0.0035,0.043,0.0335,0.003929098268304257,0.0034662839804639,0.0041938836385836,0.0528869196825396,0.0072542422222222,0.0011255756043956,0.2072800755555555,32400.0,32459.0,,,,,,,,,,,,,,,,,,,,,,,,,,,,,,,,,,,,,,,,,,,,1.8917780528056305,11494266.960683174,1915.6706802823642,0.19875,0.08655,,0.0032194463935792655,1.6222,,0.01527850662786196,0.049475,0.0012414195397195,0.04489327971976547,,,,0.0,0.0931857142857142,,,1.997828539668115,0.04945,,0.0,,0.0,0.0892666666666666,0.0161833333333333,0.02415,0.0257,0.018975,0.0,0.0,0.07395,0.0,0.4930666666666667,0.02214,0.0,0.14825,0.0916599999999999,0.0,0.0,0.1024,0.0,0.0,0.03288,0.0,0.0,0.0,0.0,0.0,0.0130666666666666,0.0,0.0111166666666666,0.0,,,,,,0.003619117812610177,0.0085,0.22938298983108232,1.6,0.8126346969370316,49.0,370.0,346.02615,1.0,2024-07-17 09:00:00
2024-07-17 03:15:00,52.56311111111111,1.0,0.0202697511111111,0.11682637761543782,0.002088947162420621,0.009391794353529274,2.25983065994561,3.0162868444444445e-06,0.0,0.0,0.0,0.0,0.0,0.0,0.0,0.0,0.0,0.0,0.0,0.0,0.0,0.0,0.0,0.0,0.0,0.18,1308.4284444444445,358.7856888888889,0.048711111111111115,358.7856888888889,40.734342488888885,-111.87211,297.4353333333333,27.49288888888889,876.2040000000001,113.35262222222222,2.814222222222222,434162.26666666666,1968.6382222222223,146.2951111111111,11686685.412444444,0.0011993555555555,0.0001090844444444,0.00299384,0.0001594044444444,5.759111111111112e-05,0.0010204444444444,0.0072691155555555,0.0205882515555555,0.8630077777777777,1.5816311111111112,9.040707022222222,0.2666724888888889,1.1515704444444443,1.1964021777777778,0.0004078666666666,0.1905283111111111,4.483468177777778,0.0005631511303511,0.17241017777777776,0.2739862666666666,0.012578311111111,0.0795903111111111,0.0001769777777777,0.0016591111111111,0.0311411555555555,0.0160107555555555,0.0003374666666666,0.0220754666666666,0.0771962222222222,0.0277852,0.0033039111111111,0.0009688,3.696625,0.14975,0.061993301629905,0.00425,0.001,0.073375,0.442,0.19925,0.081125,0.01,0.00125,0.00973610949526856,1.3512555825902837,0.05091653706203507,0.09241250000000001,0.0060625,0.021903396978611548,0.00043288781705479434,0.06846919054368497,0.007808706506057188,0.005935778494840408,0.47805000000000003,0.03875000000000001,0.0461927130246539,0.02138204611013189,0.008669267891493661,0.00475,0.00575,0.0752125,0.16312500000000002,0.0011250000000000001,0.00675,0.03721578221424293,0.22062500000000002,0.0115,0.0025,0.026110717727079635,0.010499999999999999,0.013,0.119375,0.00016307844807374509,0.003,0.01059061680442169,0.00375,0.00825,0.0025,0.0005567338313353072,0.003349452581615319,0.0027174142134764297,0.009125000000000001,0.006500000000000001,0.008451959689104472,0.0005,0.002875,0.036,0.027875000000000004,0.001127098738377132,0.0032643374747474,0.0039029029292929,0.0478370085858585,0.0072434036363636,0.0009633722222222,0.2046308088888889,33300.0,33359.0,,,,,,,,,,,,,,,,,,,,,,,,,,,,,,,,,,,,,,,,,,,,1.8153843025359628,11524477.618320772,1917.4818126107384,0.2048125,0.0892375,,0.00242369497625374,1.6274000000000002,,0.01536876819962058,0.049693749999999995,0.0001769777777777,0.045198710998588784,,,,0.0,0.09378214285714279,,,1.9248313409644444,0.051558333333333324,,0.0,,0.0,0.0897916666666666,0.0168958333333333,0.025108333333333326,0.02730416666666665,0.020493749999999998,0.0,0.0,0.0764375,0.0,0.49778333333333336,0.023620000000000002,0.0,0.1586125,0.09693999999999989,0.0,0.002055,0.10826000000000001,0.0,0.0,0.03536,0.0,0.0,0.0,0.0,0.0,0.012495833333333276,0.0,0.01174999999999995,0.0,,,,,,0.003263361175376532,0.007375,0.23348022767490784,2.151633077942626,0.8094179229380464,49.70527872866708,370.0,345.43921,1.0,2024-07-17 09:15:00
2024-07-17 03:30:00,52.42488888888889,1.0,0.0245215066666666,0.11840498316592024,0.002094263705153546,0.009545527240157009,2.2224616984126984,2.836861711111111e-06,0.0,0.0,0.0,0.0,0.0,0.0,0.0,0.0,0.0,0.0,0.0,0.0,0.0,0.0,0.0,0.0,0.0,0.18,1308.5822222222223,359.1738666666667,0.05048888888888889,359.1738666666667,40.734348133333334,-111.87211,297.3771111111111,27.468,876.223111111111,113.46026666666667,3.08,434054.2222222223,1969.2266666666667,146.19866666666667,11628797.821777778,0.0012575422222222,0.000108,0.0031684044444444,0.0001762622222222,0.0001197111111111,0.0011412,0.0074752488888888,0.0159290115555555,0.8434099111111111,1.581229777777778,8.961195644444444,0.2621690222222222,1.1179504444444446,1.2449120444444444,0.000724,0.1843052444444444,4.4471876,0.0001835111111111,0.17381386666666668,0.2644027111111111,0.0222246222222222,0.0830156444444444,0.0002511555555555,0.0008765333333333,0.0302584444444444,0.0155910666666666,0.0008423333333333,0.0203191111111111,0.0756185777777777,0.0248499111111111,0.0028197333333333,0.0009855555555555,3.6407499999999997,0.14150000000000001,0.06625260800580399,0.0034999999999999996,0.001,0.07325,0.441,0.1985,0.08075,0.01,0.0025,0.009597407967413204,1.3708370550601892,0.06461102470802338,0.098275,0.005875,0.025602264652407697,0.0002885918780365295,0.06573721918256502,0.008872471004038124,0.007290518996560273,0.46303333333333335,0.0325,0.048774672051141055,0.02057072114383368,0.008384539779618703,0.0045000000000000005,0.0045000000000000005,0.076475,0.13275,0.0007499999999999998,0.006500000000000001,0.03681119921968934,0.19675,0.009000000000000001,0.005,0.025740478484719755,0.009,0.011,0.09925,0.00011258319919131912,0.003,0.01040560877062933,0.0035,0.006499999999999999,0.002,0.0003498485687635196,0.0032591439732000908,0.001860897056171715,0.00775,0.004999999999999999,0.007967973126069647,0.001,0.0022500000000000003,0.028999999999999998,0.02225,0.0009544689706578293,0.0031693074725274,0.0040481133821733,0.0457020392918193,0.0075901768742368,0.0009760396825396,0.2093252577777777,34200.0,34259.0,,,,,,,,,,,,,,,,,,,,,,,,,,,,,,,,,,,,,,,,,,,,1.8263956472768221,11467393.490574326,1918.067246986414,0.210875,0.091925,,0.0016279435589282142,1.6326,,0.0154590297713792,0.0499125,0.0002511555555555,0.045504142277412105,,,,0.0,0.09437857142857135,,,1.9353531090044445,0.053666666666666654,,0.0,,0.0,0.0903166666666666,0.017608333333333302,0.02606666666666665,0.0289083333333333,0.022012499999999997,0.0,0.0,0.078925,0.0,0.5025000000000001,0.0251,0.0,0.168975,0.1022199999999999,0.0,0.00411,0.11412,0.0,0.0,0.03784,0.0,0.0,0.0,0.0,0.0,0.01192499999999995,0.0,0.0123833333333333,0.0,,,,,,0.0029716464472358435,0.00625,0.2307241118526207,2.1320926667895352,0.8091172104735621,49.57762187058717,370.0,344.96967,1.0,2024-07-17 09:30:00
2024-07-17 03:45:00,52.02222222222223,1.0,0.0300031377777777,0.11998358871640268,0.0020995802478864715,0.009699260126784744,2.2443663606837605,2.9894347081807084e-06,0.0,0.0,0.0,0.0,0.0,0.0,0.0,0.0,0.0,0.0,0.0,0.0,0.0,0.0,0.0,0.0,0.0,0.18,1308.4475555555555,358.8595555555556,0.04844444444444444,358.8595555555556,40.73435,-111.87211,297.2793333333333,27.54,876.2915555555555,114.42697777777776,2.7391111111111113,434484.4888888889,1969.644,145.72355555555558,11635998.905333336,0.0012503022222222,8.6e-05,0.0032940044444444,0.0001894222222222,0.0001841244444444,0.0013304666666666,0.0073938844444444,0.0151379262222222,0.8645721333333334,1.5990471111111113,9.158597955555557,0.2669334222222222,1.1212381333333332,1.478985822222222,0.0008790666666666,0.1913257777777777,4.457172444444444,0.0003378666666666,0.1700216,0.2733694666666666,0.0197393333333333,0.0871058666666666,0.0027143912412492905,0.0038691111111111,0.0334733777777777,0.0149196,0.0013472,0.0238497333333333,0.0767584444444444,0.0269103555555555,0.0029485777777777,0.0007638222222222,3.584875,0.13325,0.06515523444108429,0.00275,0.001,0.073125,0.44,0.19775,0.080375,0.01,0.00375,0.010102574561187185,1.3904185275300947,0.07830551235401169,0.1041375,0.0056875,0.02930113232620385,0.00014429593901826485,0.06829336019285429,0.009936235502019062,0.008645259498280137,0.4480166666666667,0.026250000000000002,0.05185781321122428,0.021156912974429225,0.008590259189294368,0.00425,0.0032499999999999994,0.0777375,0.102375,0.0003749999999999999,0.00625,0.03828473607553894,0.172875,0.006499999999999999,0.0075,0.025370239242359878,0.0075,0.009,0.079125,3.1795078878326007e-05,0.003,0.011079428876988734,0.0032500000000000003,0.004749999999999999,0.0015,1.8849675728026087e-05,0.003114657850576232,0.0010043798988670005,0.0063750000000000005,0.0034999999999999996,0.007483986563034824,0.0015,0.0016249999999999997,0.022,0.016625,0.000678275967300539,0.003135223038073,0.0043283888888888,0.0450354681041181,0.0079643527972027,0.0011294279331779,0.2085541288888889,35100.0,35159.0,,,,,,,,,,,,,,,,,,,,,,,,,,,,,,,,,,,,,,,,,,,,1.8315904633144533,11474494.62518477,1918.482445535326,0.2169375,0.0946125,,0.0008321921416026886,1.6378,,0.01554929134313782,0.05013125,0.00041553333333330003,0.04580957355623542,,,,0.0,0.09497499999999992,,,1.940316957711824,0.05577499999999998,,0.0,,0.0,0.0908416666666666,0.0183208333333333,0.027024999999999976,0.03051249999999995,0.02353125,0.0,0.0,0.0814125,0.0,0.5072166666666666,0.02658,0.0,0.1793375,0.1074999999999999,0.0,0.006165,0.11998,0.0,0.0,0.040319999999999995,0.0,0.0,0.0,0.0,0.0,0.011354166666666624,0.0,0.01301666666666665,0.0,,,,,,0.0031824137693369833,0.005124999999999999,0.23025615510345576,2.1531928472412494,0.8224674452340451,49.2057340460843,370.0,344.50009,1.0,2024-07-17 09:45:00
2024-07-17 04:00:00,51.36888888888889,1.0,0.0302019111111111,0.12156219426688511,0.0021048967906193965,0.009852993013412479,2.262880058168498,3.117855384615385e-06,0.0,0.0,0.0,0.0,0.0,0.0,0.0,0.0,0.0,0.0,0.0,0.0,0.0,0.0,0.0,0.0,0.0,0.18,1308.889777777778,359.04062222222217,0.048666666666666664,359.04062222222217,40.73435,-111.87211,296.99844444444443,28.012888888888888,876.3617777777778,115.80768888888888,2.864,434935.06666666665,1970.122222222222,148.36,11707159.576444443,0.0011658,6.666666666666645e-07,0.0032211066666666,0.00020652,0.0002132266666666,0.0013726977777777,0.0067865111111111,0.0392836593781403,0.9336863462444962,1.6692567008547008,9.123860711111112,0.2629488,1.1297721333333333,1.281964,0.0009091555555555,0.1909211555555555,4.451429244444444,0.0008292,0.18694964444444442,0.2722073777777777,0.0189482666666666,0.0883625777777777,0.0005799111111111,0.0037780444444444,0.0349332888888888,0.0141167555555555,0.0001799555555555,0.0248953333333333,0.0752297333333333,0.0291529777777777,0.0026727555555555,0.0008781777777777,3.529,0.125,0.056,0.002,0.001,0.073,0.439,0.197,0.08,0.01,0.005,0.005,1.41,0.092,0.11,0.0055,0.033,0.0,0.088,0.011,0.01,0.433,0.02,0.044,0.01,0.004,0.004,0.002,0.079,0.072,0.0,0.006,0.019,0.149,0.004,0.01,0.025,0.006,0.007,0.059,0.001,0.003,0.006,0.003,0.003,0.001,0.003,0.002,0.00014786274156228674,0.005,0.002,0.007,0.002,0.001,0.015,0.011,0.003,0.0030292401709401,0.0040656633455433,0.0430117412454212,0.0078382831013431,0.0011670893772893,0.192224031111111,36000.0,36059.0,,,,,,,,,,,,,,,,,,,,,,,,,,,,,,,,,,,,,,,,,,,,1.8032701241540456,11544667.606879938,1918.9582215083067,0.223,0.0973,,3.644072427716298e-05,1.643,,0.01563955291489644,0.05035,0.0005799111111111,0.04611500483505873,,,,0.0,0.0955714285714285,,,1.9132557725003363,0.0578833333333333,,0.0,,0.0,0.0913666666666666,0.0190333333333333,0.0279833333333333,0.0321166666666666,0.02505,0.0,0.0,0.0839,0.0,0.5119333333333334,0.02806,0.0,0.1897,0.1127799999999999,0.0,0.00822,0.12584,0.0,0.0,0.0428,0.0,0.0,0.0,0.0,0.0,0.0107833333333333,0.0,0.01365,0.0,,,,,,0.002899747071049053,0.004,0.2,1.6,0.7,49.0,408.5,344.03055,1.0,2024-07-17 10:00:00
2024-07-17 04:15:00,51.949333333333335,1.0,0.0271688314285714,0.12314079981736754,0.002110213333352322,0.010006725900040214,2.222506528864469,2.793387175213675e-06,0.0,0.0,0.0,0.0,0.0,0.0,0.0,0.0,0.0,0.0,0.0,0.0,0.0,0.0,0.0,0.0,0.0,0.18,1309.356,253.75799999999998,0.051777777777777784,253.75799999999998,40.73435,-111.87211,296.858,28.118666666666666,876.4288888888889,117.75564444444444,2.6902222222222223,435008.8888888889,1969.956888888889,150.20533333333333,11622959.234666664,0.00106676,3.452592592591111e-05,0.0031788406349206,0.0001884803174603,0.0002044358730158,0.0014561253968253,0.0058441847619047,0.0528996484913234,0.9288209756095755,1.6902244224664222,8.937883511111112,0.2644403111111111,1.1282824,1.2600421777777775,0.0010506666666666,0.1890473777777777,4.417976888888889,0.0007706222222222,0.1929908,0.2813923111111111,0.0158461333333333,0.0876526666666666,0.0018341333333333,0.0012409777777777,0.0390428444444444,0.0147005333333333,2.4666666666666936e-05,0.0227704,0.0801330666666666,0.0278686222222222,0.0024039111111111,0.0010382666666666,3.54,0.13025,0.06343620097931366,0.002,0.001,0.073125,0.439875,0.1965,0.079875,0.01,0.00375,0.01097771199435462,1.4310080672076246,0.0915787696430974,0.1119,0.0053125,0.034354007245442984,0.000125,0.07058042172548525,0.009936235502019062,0.008645259498280137,0.4720916666666667,0.021,0.05226998191373981,0.022892358036435995,0.009199299976024311,0.00375,0.002,0.084975,0.076875,0.000125,0.00625,0.040837452897274786,0.11596760371959638,0.00425,0.0075,0.022811729068460976,0.00625,0.0075,0.04636731803527357,5.4378744156014045e-06,0.003,0.012246737257162053,0.00275,0.002875,0.001,0.0036366783599892363,0.0030675191096169274,0.0002543798988670009,0.004268413053991263,0.0017433227517895029,0.007483986563034824,0.0015,0.001,0.011493515859097355,0.012125,0.0005881677257365721,0.0030447249306249,0.0043212807104007,0.0424863108491508,0.0078892671017871,0.0010845232323232,0.1849349314285714,36900.0,36959.0,,,,,,,,,,,,,,,,,,,,,,,,,,,,,,,,,,,,,,,,,,,,1.8389063043704117,11461635.941353997,1918.793733904265,0.2288,0.102375,,0.000883723608844401,1.6774499999999999,,0.0164637978067042,0.051193749999999996,0.0018341333333333,0.04890412280036144,,,,0.0,0.10101785714285708,,,1.9473075282933328,0.0588333333333333,,0.0,,0.0,0.09099999999999994,0.0203708333333333,0.033345833333333304,0.03492499999999995,0.025325,0.0,0.0,0.08865,0.0,0.5312916666666667,0.028125,0.0,0.20225,0.11962499999999993,0.0,0.009264999999999999,0.13461,0.0,0.0,0.04628,0.0,0.0,0.0,0.0,0.0,0.012999999999999975,0.0,0.014570833333333326,0.0,,,,,,0.003806399108745768,0.00425,0.25259363508359894,2.2172533297183152,0.8907851047092598,49.1384166032383,491.0,343.561,1.0,2024-07-17 10:15:00
2024-07-17 04:30:00,52.864,1.0,0.0269645777777777,0.12471940536784998,0.0021155298760852474,0.01016045878666795,2.177960504713065,3.6921204793650797e-06,0.0,0.0,0.0,0.0,0.0,0.0,0.0,0.0,0.0,0.0,0.0,0.0,0.0,0.0,0.0,0.0,0.0,0.18,1309.8284444444444,201.27564444444445,0.047288888888888894,201.27564444444445,40.73434986666666,-111.87211,296.8784444444444,27.967111111111112,876.4484444444444,116.5435111111111,2.558666666666667,434672.7111111112,1969.1342222222224,147.8168888888889,11558573.687111111,0.0011476238095238,6.838518518515556e-05,0.0032808158730158,0.0001591492063492,0.000169646031746,0.0013011685714285,0.0053044326984126,0.0200169911111111,0.7871262666666666,1.5139724444444445,8.705020723199024,0.2713284041514041,1.1257273476412477,1.523547249084249,0.0007577598290598,0.1854591824175824,4.352285303174602,0.0002095763125763,0.18473785454545455,0.2845233652014652,0.037929373015873,0.1315283518925518,0.0014112203907203,0.0019618274725274,0.0692823105006105,0.0235503227106227,0.0007388470779220335,0.0224568344322344,0.0776361938949938,0.0264902587301587,0.0024715188034188,0.0010703788766788,3.551,0.1355,0.07318700442084933,0.002,0.001,0.07325,0.44075,0.196,0.07975,0.01,0.0025,0.01572927803983119,1.4520161344152496,0.0911575392861948,0.1138,0.005125,0.03570801449088597,0.00025,0.0714729871262259,0.008872471004038124,0.007290518996560273,0.5111833333333333,0.022,0.08534274023768436,0.02160830748597014,0.008748672540689402,0.0035,0.002,0.09095,0.08174999999999999,0.00025,0.006500000000000001,0.05469745032645139,0.08293520743919276,0.0045000000000000005,0.005,0.020623458136921947,0.006500000000000001,0.008,0.03373463607054715,0.001070208300781531,0.003,0.018584647913956684,0.0025,0.00275,0.001,0.0042733567199784725,0.004971815803167093,0.00036089705617171506,0.003536826107982527,0.0014866455035790057,0.007967973126069647,0.001,0.001,0.00798703171819471,0.01325,0.004228333393716981,0.0030713739504939,0.0046948258974358,0.0434973855333555,0.0078526214541014,0.0010959956854256,0.1927938168253968,37800.0,37859.0,,,,,,,,,,,,,,,,,,,,,,,,,,,,,,,,,,,,,,,,,,,,1.791375455899409,11398144.046470169,1917.975275422864,0.2346,0.10744999999999999,,0.001731006493411639,1.7119,,0.017288042698511953,0.0520375,0.0014112203907203,0.051693240765664145,,,,0.0,0.10646428571428565,,,1.9018899544977776,0.0597833333333333,,0.0,,0.0,0.09063333333333329,0.0217083333333333,0.0387083333333333,0.0377333333333333,0.025599999999999998,0.0,0.0,0.09340000000000001,0.0,0.5506500000000001,0.02819,0.0,0.2148,0.12646999999999994,0.0,0.01031,0.14338,0.0,0.0,0.04976,0.0,0.0,0.0,0.0,0.0,0.01521666666666665,0.0,0.01549166666666665,0.0,,,,,,0.0033447142441013194,0.0045000000000000005,0.23314230562118662,2.0759740303917558,0.7587223970317415,49.983168416513045,573.5,343.09146,1.0,2024-07-17 10:30:00
2024-07-17 04:45:00,53.02355555555555,1.0,0.0279621022222222,0.1262980109183324,0.0021208464188181724,0.010314191673295683,2.166417046739926,3.249617193650794e-06,0.0,0.0,0.0,0.0,0.0,0.0,0.0,0.0,0.0,0.0,0.0,0.0,0.0,0.0,0.0,0.0,0.0,0.18,1309.8933333333332,358.9360888888889,0.0492,358.9360888888889,40.73434635555555,-111.87211,296.8882222222222,27.84177777777778,876.5079999999999,117.19582222222222,2.299111111111111,434963.0222222222,1968.9551111111111,149.3613333333333,11496373.684,0.0011986133333333,0.0001022444444444,0.0032992133333333,0.0001518844444444,0.0001429955555555,0.0013296133333333,0.00488544,0.0402702817777777,0.8622260888888889,1.610303111111111,8.791093539129388,0.2740708985329485,1.1258493021164022,1.446350591871092,0.0015373416065416,0.178120799062049,4.324309549134199,9.00482202982208e-05,0.1949466119047619,0.2912665144059644,0.0243095466570466,0.0972035851851852,0.0024164445887445,0.0039956271043771,0.0502487846801346,0.0239894456469456,0.0014530274891774,0.022517826022126,0.0778265172919672,0.0248841724386724,0.0035909297258297,0.0013001253006253,3.562,0.14075000000000001,0.06717320157118115,0.002,0.001,0.073375,0.441625,0.1955,0.079625,0.01,0.0012500000000000002,0.012738515741108871,1.4730242016228745,0.0907363089292922,0.1157,0.0049375,0.03706202173632896,0.000375,0.07339524764881154,0.007808706506057188,0.005935778494840408,0.5502750000000001,0.023,0.059469304689177535,0.021706183863742685,0.008783021485191247,0.0032500000000000003,0.002,0.09692500000000001,0.086625,0.000375,0.00675,0.04597359857424195,0.04990281115878914,0.00475,0.0025000000000000005,0.018435187205382918,0.00675,0.0085,0.021101954105820726,0.0011230417746871896,0.003,0.014595398040631893,0.0022500000000000003,0.002625,0.001,0.00448982197885862,0.0050663062277468765,0.0004674142134764292,0.0028052391619737905,0.0012299682553685086,0.008451959689104472,0.0005,0.001,0.004480547577292066,0.014374999999999999,0.004408956928207805,0.0031299082905982,0.0050233598290598,0.0444693378754578,0.0079317653968253,0.0011391491575091,0.1928801777777777,38700.0,38759.0,,,,,,,,,,,,,,,,,,,,,,,,,,,,,,,,,,,,,,,,,,,,1.7960028673070614,11336807.36130962,1917.7970805184852,0.2404,0.112525,,0.002578289377978877,1.74635,,0.01811228759031971,0.052881250000000005,0.0024164445887445,0.05448235873096686,,,,0.0,0.11191071428571422,,,1.90631162601954,0.0607333333333333,,0.0,,0.0,0.09026666666666665,0.0230458333333333,0.0440708333333333,0.04054166666666665,0.025875,0.0,0.0,0.09815,0.0,0.5700083333333333,0.028255000000000002,0.0,0.22735,0.133315,0.0,0.011355,0.15215,0.0,0.0,0.053239999999999996,0.0,0.0,0.0,0.0,0.0,0.017433333333333325,0.0,0.016412499999999976,0.0,,,,,,0.00337990603791926,0.00475,0.24512288933436308,2.150853680748917,0.830901380865864,50.13052794079177,656.0,342.62192,1.0,2024-07-17 10:45:00
2024-07-17 05:00:00,52.86977777777778,1.0,0.0252930711111111,0.12787661646881485,0.002126162961551098,0.01046792455992342,2.1895758842857145,2.492122111111111e-06,1.3060162984572447e-10,5.195797687118223e-10,0.0,1.6091919687071913e-14,1.0074241142755915e-13,1.472002583055547e-12,0.0,1.1536973685534013e-15,1.1934433481466205e-11,8.810560638176408e-12,1.873815001853522e-16,2.0087794840177775e-09,6.876575019632915e-11,3.2284761957333334e-10,2.758272307448889e-09,1.0623905563510704e-13,2.187429038291562e-15,0.18,1310.3337777777779,358.63208888888886,0.05164444444444445,358.63208888888886,40.73434048888889,-111.87211,296.79488888888886,27.92222222222222,876.5555555555555,114.71564444444445,2.1182222222222222,435456.8888888889,1969.075555555556,148.1608888888889,11465241.615111113,0.0010780444444444,0.00010576,0.0033450133333333,0.0001383822222222,0.0001671244444444,0.0014253911111111,0.0048214888888888,0.0408827471111111,0.9283807555555555,1.7724053333333334,8.844268221104821,0.270566151019351,1.1318492327579828,1.4639885866651867,0.0011625096311096,0.1794695917082917,4.3116447246568255,0.0004340572538572,0.20690916816701818,0.298412824061124,0.035892706108706,0.0932690323343323,0.0007999872238872,0.0092870911125911,0.0450504887038887,0.0224120743034743,0.001104888034188,0.0247017873126873,0.0809850877788877,0.0234603772856772,0.0041081809412809,0.0011345303289303,3.573,0.14600000000000002,0.04276543533650385,0.002,0.001,0.0735,0.4425,0.195,0.0795,0.01,0.0,0.0119217008340867,1.4940322688304992,0.0903150785723896,0.1176,0.00475,0.03841602898177194,0.0005,0.07543243658170956,0.00674494200807625,0.004581037993120545,0.5893666666666667,0.024,0.05650350449986734,0.023330521402454472,0.009353069961026056,0.003,0.002,0.1029,0.0915,0.0005,0.007,0.04359100462456551,0.01687041487838553,0.005,0.0,0.016246916273843892,0.007,0.009,0.008469272141094303,0.000933258912483099,0.003,0.01350588358280953,0.002,0.0025,0.001,0.003712258185279941,0.0047268876375619415,0.0005739313707811434,0.0020736522159650536,0.0009732910071580114,0.008935946252139296,0.0,0.001,0.0009740634363894218,0.0155,0.0037601400168251016,0.0031847712942612,0.0053998194871794,0.0458898751892551,0.0081367862637362,0.001171869047619,0.1857806044444444,39600.0,39659.0,,,,,,,,,,,,,,,,,,,,,,,,,,,,,,,,,,,,,,,,,,,,1.9108562863879603,11306107.396481274,1917.9169088536883,0.2462,0.1176,,0.003425572262546115,1.7808,,0.01893653248212747,0.053725,0.0007999872238872,0.057271476696269565,,,,0.0,0.1173571428571428,,,2.016058533650716,0.0616833333333333,,0.0,,0.0,0.0899,0.0243833333333333,0.0494333333333333,0.04335,0.02615,0.0,0.0,0.1029,0.0,0.5893666666666667,0.02832,0.0,0.2399,0.14016,0.0,0.0124,0.16092,0.0,0.0,0.05672,0.0,0.0,0.0,0.0,0.0,0.01965,0.0,0.0173333333333333,0.0,,,,,,0.00396394227887953,0.005,0.2,1.9,0.8,49.988504555275235,675.5,342.15237,1.0,2024-07-17 11:00:00
2024-07-17 05:15:00,52.78044444444445,1.0,0.0185476311111111,0.12945522201929727,0.0021314795042840233,0.010621657446551153,2.202212095948496,2.1348448864468864e-06,9.902973259728099e-09,3.383431663884462e-08,6.465797149371743e-32,7.489779095646186e-12,2.0508333249764445e-11,2.256969240112612e-10,2.554268080105058e-32,3.779339449933257e-12,1.4196311743689778e-09,1.0406892412070217e-09,9.283854779182623e-14,1.2293134875433779e-07,6.97705473250816e-09,2.1533099016004446e-08,1.7958522367686222e-07,1.745186217742772e-11,2.5561081883736726e-12,0.18,1310.158222222222,358.93982222222223,0.05595555555555556,358.93982222222223,40.734345999999995,-111.87211,296.6162222222222,28.149333333333335,876.5951111111111,116.70955555555557,2.2786666666666666,435812.0,1969.0377777777776,150.13022222222222,11464479.972,0.0008956311111111,0.0001175244444444,0.0033455422222222,0.0001166444444444,0.0001688088888888,0.0014081155555555,0.0047776755555555,0.0476898058539608,0.984339579072779,1.7418556825396825,8.8403452,0.2666996888888889,1.1393166222222222,1.3884333333333332,0.0015648444444444,0.1820477777777777,4.337704888888889,0.0013850222222222,0.21068422222222222,0.3163528888888889,0.0393641333333333,0.0921341777777777,0.0015334222222222,0.0114091555555555,0.0373825333333333,0.0169004444444444,0.0011296,0.0218753333333333,0.0861980888888888,0.0268004888888888,0.0033736888888888,0.0013160444444444,3.584,0.15125,0.07382051952290802,0.002,0.001,0.073625,0.443375,0.1945,0.079375,0.01,0.00175,0.010716825182205559,1.5175242016228745,0.1002363089292922,0.1202,0.004562500000000001,0.04106202173632895,0.000625,0.08054658686152688,0.008808706506057187,0.007435778494840409,0.5765250000000001,0.025,0.05564807009950351,0.02601137764023205,0.010293895359600132,0.00275,0.002,0.103175,0.096375,0.000625,0.00725,0.04007646367580866,0.06540281115878915,0.00525,0.00525,0.02343518720538292,0.00725,0.0095,0.030601954105820728,0.00027012217275111335,0.003,0.011898751500232332,0.0017499999999999998,0.002375,0.001,0.0009953051737224715,0.0035408957377368916,0.0006804485280858575,0.0030552391619737902,0.0017299682553685086,0.009701959689104471,0.001,0.001,0.006480547577292066,0.016625,0.0014930526397013873,0.0032334398279498,0.0058388407792207,0.0475633461993562,0.0084801585980685,0.001170062024642,0.1747833688888889,40500.0,40559.0,,,,,,,,,,,,,,,,,,,,,,,,,,,,,,,,,,,,,,,,,,,,1.9028480093491078,11305356.324754996,1917.879324320506,0.2553625,0.1131625,,0.004583545863835268,1.8250625,,0.0167468397760259,0.052131250000000004,0.0015334222222222,0.05426907651185381,,,,0.0,0.11686071428571422,,,2.0084063135644445,0.0616083333333333,,0.0,,0.0,0.09407499999999996,0.0265708333333333,0.054524999999999976,0.04635,0.02535625,0.0,0.0024375,0.10718125,0.0,0.6171416666666667,0.027700000000000002,0.0,0.25428125,0.14903499999999997,0.0,0.011435,0.16835,0.0,0.0,0.055535,0.0,0.0,0.0,0.0,0.0,0.017120833333333325,0.0,0.016570833333333302,0.0,,,,,,0.00492785351182945,0.00525,0.24951181707798833,2.272609168022982,0.9294715585159038,49.90599964056764,623.0,341.6828,1.0,2024-07-17 11:15:00
2024-07-17 05:30:00,52.30311111111112,1.0,0.0187673377777777,0.13103382756977972,0.0021367960470169483,0.01077539033317889,2.196157162281052,3.2299423070818073e-06,2.731863111111111e-07,7.531185777777777e-07,1.2050339527750662e-29,2.8412108444444443e-10,8.279072444444445e-10,8.660509333333334e-09,4.772473915654805e-30,1.2310782444444444e-10,5.1369831111111114e-08,3.8495807555555554e-08,3.3945622666666664e-12,1.9024977777777777e-06,2.3867383555555556e-07,2.0452813333333335e-07,2.340552e-06,6.671562222222223e-10,8.591435333333333e-11,0.18,1309.2275555555557,359.1067555555556,0.05031111111111111,359.1067555555556,40.73435528888889,-111.87211,296.2664444444444,28.64311111111111,876.6706666666668,117.96119999999999,2.6866666666666665,436491.6888888889,1969.5013333333332,155.5413333333333,11495398.387555556,0.0009341911111111,0.0001297733333333,0.0034511688888888,0.0001420933333333,0.0001442533333333,0.0015242444444444,0.0046076711111111,0.0691445759810559,0.9264473391941392,1.6581676507936507,9.0493172,0.2633308888888889,1.1523608444444444,1.4192956,0.0011278666666666,0.1850333333333333,4.345032533333334,0.0020338666666666,0.20870764444444445,0.3271086222222222,0.0218877777777777,0.0937393333333333,0.0015109333333333,0.0006552888888888,0.0427455111111111,0.0175711111111111,0.0004136444444444,0.0245943111111111,0.0867815111111111,0.0273995111111111,0.0031650666666666,0.0017772444444444,3.5949999999999998,0.1565,0.06610387511989738,0.002,0.001,0.07375,0.44425000000000003,0.194,0.07925,0.01,0.0035,0.011559516751699667,1.5410161344152495,0.1101575392861948,0.12279999999999999,0.004375,0.043708014490885974,0.00075,0.0836127093735914,0.010872471004038126,0.010290518996560274,0.5636833333333333,0.026000000000000002,0.056858009533792,0.026311410398848198,0.010399189495008277,0.0025,0.002,0.10345,0.10125,0.00075,0.0075,0.04253453810326949,0.11393520743919276,0.0055,0.0105,0.030623458136921945,0.0075,0.009999999999999998,0.05273463607054715,0.00035081404033936105,0.003,0.013022781731017436,0.0015,0.0022500000000000003,0.001,0.0013259097074732233,0.0036852097164497824,0.0007869656853905717,0.004036826107982527,0.0024866455035790058,0.010467973126069648,0.002,0.001,0.01198703171819471,0.017750000000000002,0.0017689165807036463,0.0032932223332223,0.0060951985137085,0.0474149771728271,0.0087850993029193,0.001191874088134,0.1660499377777778,41400.0,41459.0,,,,,,,,,,,,,,,,,,,,,,,,,,,,,,,,,,,,,,,,,,,,1.914967677722522,11335845.601696134,1918.340508651193,0.264525,0.10872499999999999,,0.00574151946512442,1.869325,,0.014557147069924331,0.0505375,0.0015109333333333,0.05126667632743806,,,,0.0,0.11636428571428564,,,2.019987127928889,0.0615333333333333,,0.0,,0.0,0.09824999999999995,0.0287583333333333,0.05961666666666665,0.049350000000000005,0.0245625,0.0,0.004875,0.1114625,0.0,0.6449166666666667,0.02708,0.0,0.2686625,0.15790999999999994,0.0,0.01047,0.17578,0.0,0.0,0.054349999999999996,0.0,0.0,0.0,0.0,0.0,0.01459166666666665,0.0,0.0158083333333333,0.0,,,,,,0.00503573133914734,0.0055,0.2622031211127279,2.2148866521470025,0.8667654930486276,49.46515248436887,570.5,341.21326,1.0,2024-07-17 11:30:00
2024-07-17 05:45:00,52.41066666666666,1.0,0.0209563911111111,0.13261243312026214,0.0021421125897498738,0.010929123219806623,2.1680259886013986,7.087303682539682e-06,5.421705777777777e-06,1.5630758666666668e-05,3.7917496e-28,5.277314666666667e-09,1.536515511111111e-08,1.6199679555555556e-07,1.5116314666666667e-28,2.3750434222222224e-09,9.708281333333333e-07,7.251548e-07,6.369949777777778e-11,4.261230666666667e-05,4.5476697777777775e-06,5.2436999999999994e-06,5.378427111111111e-05,1.2480619999999999e-08,1.6517463555555556e-09,0.18,1309.128,358.9254222222222,0.04528888888888889,358.9254222222222,40.734351999999994,-111.87211,296.1731111111111,28.513333333333332,876.7124444444445,115.28306666666666,2.1413333333333333,437119.2,1969.7835555555555,161.25244444444442,11369835.348888887,0.0009994311111111,0.0001488133333333,0.0035297777777777,0.0001595955555555,0.0001036622222222,0.0016521511111111,0.0043901155555555,0.1350043288888888,1.4064816444444446,2.334754222222222,9.086368933333334,0.2678021333333333,1.1393403111111111,1.5256837333333333,0.0007210222222222,0.1833828444444444,4.301639777777778,0.0002552,0.20915164444444442,0.3381196888888889,0.0179122666666666,0.0970459111111111,0.0009721333333333,0.001384,0.0410277777777777,0.0173538222222222,8.413333333333354e-05,0.0256962666666666,0.0832016888888888,0.0291318222222222,0.0024622222222222,0.0016464,3.606,0.16175,0.06434849737725869,0.002,0.001,0.073875,0.445125,0.1935,0.079125,0.01,0.00525,0.011289607112201054,1.5645080672076248,0.12007876964309741,0.1254,0.0041875,0.04635400724544299,0.000875,0.08675161941739844,0.012936235502019063,0.013145259498280135,0.5508416666666667,0.027,0.05935045260700589,0.02447043846501,0.009753114883095156,0.0022500000000000003,0.002,0.103725,0.106125,0.000875,0.00775,0.04174722990345564,0.16246760371959637,0.00575,0.01575,0.037811729068460975,0.00775,0.010499999999999999,0.07486731803527358,0.0003246707308205445,0.003,0.012662760810719301,0.0012500000000000002,0.002125,0.001,0.0012187973439538443,0.0036384535175149036,0.0008934828426952859,0.005018413053991264,0.003243322751789503,0.011233986563034825,0.003,0.001,0.017493515859097357,0.018875,0.0016795395888176265,0.0034534087634587,0.0065964372627372,0.0481816253934953,0.0094452937962037,0.0011409183305583,0.1676606488888889,42300.0,42359.0,,,,,,,,,,,,,,,,,,,,,,,,,,,,,,,,,,,,,,,,,,,,1.9278904822940781,11212025.341482617,1918.6212872226083,0.2736875,0.10428749999999999,,0.006899493066413573,1.9135875,,0.012367454363822764,0.04894375,0.0009721333333333,0.04826427614302231,,,,0.0,0.11586785714285708,,,2.03233537015798,0.061458333333333295,,0.0,,0.0,0.10242499999999993,0.030945833333333297,0.06470833333333333,0.05235,0.023768749999999998,0.0,0.0073124999999999996,0.11574375,0.0,0.6726916666666667,0.026459999999999997,0.0,0.28304375,0.16678499999999993,0.0,0.009505,0.18321,0.0,0.0,0.053165,0.0,0.0,0.0,0.0,0.0,0.012062499999999976,0.0,0.0150458333333333,0.0,,,,,,0.0043738034440345235,0.00575,0.3011616437561632,2.6935136298544076,1.373720680751338,49.56448675978795,518.0,341.07745,1.5584472991358882,2024-07-17 11:45:00
2024-07-17 06:00:00,53.14,1.0,0.0182672,0.13419103867074456,0.002147429132482799,0.01108285610643436,2.1093879846708847,3.162431288888889e-05,5.117292444444444e-05,0.00016301942222222225,2.724895111111111e-27,3.887853333333333e-08,1.2040235555555556e-07,1.3005555555555555e-06,1.081855111111111e-27,1.5132155555555555e-08,8.088545333333333e-06,6.025350666666667e-06,4.5521555555555555e-10,0.000532666,3.8964755555555554e-05,8.30919288888889e-05,0.0007336036,9.929701333333334e-08,1.0883600000000002e-08,0.18,1308.9284444444445,358.5695555555556,0.048133333333333334,358.5695555555556,40.73435,-111.87211,296.2584444444444,28.337333333333333,876.7875555555555,116.37995555555557,2.323111111111111,437099.9555555555,1969.6577777777777,154.21422222222222,11317170.032,0.0009381911111111,0.0001137333333333,0.0037567511111111,0.0001620977777777,0.0001055911111111,0.0016394666666666,0.00428012,0.0877456311111111,1.1847929333333334,2.030034666666667,8.876451822222224,0.2655784888888889,1.1254824,1.5338215555555554,0.0006370666666666,0.1770659111111111,4.262136755555556,0.0014289777777777,0.20256639999999998,0.3386143555555555,0.0154070666666666,0.0917972,9.484444444444452e-05,0.0014235555555555,0.0407061333333333,0.0182690666666666,0.0005553997577992676,0.0204696888888888,0.0801820444444444,0.0275768,0.0021165777777777,0.0019004888888888,3.617,0.167,0.061,0.002,0.001,0.074,0.446,0.193,0.079,0.01,0.007,0.006,1.588,0.13,0.128,0.004,0.049,0.001,0.1,0.015,0.016,0.538,0.028,0.052,0.015,0.006,0.002,0.002,0.104,0.111,0.001,0.008,0.023,0.211,0.006,0.021,0.045,0.008,0.011,0.097,0.001,0.003,0.007,0.001,0.002,0.001,0.004,0.003,0.001,0.006,0.004,0.012,0.004,0.001,0.023,0.02,0.004,0.0035389386435786,0.0070654404895104,0.0494696145843045,0.0097994953724053,0.0011428517549117,0.1742378755555555,43200.0,43259.0,,,,,,,,,,,,,,,,,,,,,,,,,,,,,,,,,,,,,,,,,,,,1.9850623973796155,11160091.003872959,1918.4961528356625,0.28285,0.09985,,0.008057466667702726,1.95785,,0.010177761657721194,0.04735,9.484444444444452e-05,0.045261875958606555,,,,0.0,0.1153714285714285,,,2.086965357965051,0.0613833333333333,,0.0,,0.0,0.1065999999999999,0.0331333333333333,0.0698,0.05535,0.022975,0.0,0.00975,0.120025,0.0,0.7004666666666667,0.02584,0.0,0.297425,0.1756599999999999,0.0,0.00854,0.19064,0.0,0.0,0.05198,0.0,0.0,0.0,0.0,0.0,0.0095333333333333,0.0,0.0142833333333333,0.0,,,,,,0.006361187785165615,0.006,0.4,2.3,1.2,48.0,455.0,341.6463,0.8116132755869407,2024-07-17 12:00:00
2024-07-17 06:15:00,52.35733333333334,1.0,0.0211166266666666,0.135769644221227,0.0021527456752157242,0.011236588993062095,2.1040022242612944,0.00012567705333333334,0.0002199074222222222,0.0007383928888888889,8.295746666666667e-27,1.5801982222222221e-07,4.850813333333334e-07,5.235142222222223e-06,3.1371333333333334e-27,5.1602666666666666e-08,3.291799555555556e-05,2.4273328888888887e-05,1.768180888888889e-09,0.002687556888888889,0.0001594163111111111,0.0004937225333333333,0.003964804,3.993464e-07,3.807955555555555e-08,0.18,1308.4666666666667,359.3392,0.0504,359.3392,40.73435,-111.87211,296.12288888888884,28.70266666666667,876.8124444444444,117.25057777777778,2.6959999999999997,437577.3777777778,1969.608888888889,154.50755555555554,11428152.188444445,0.0007932177777777,5.306666666666667e-05,0.0038785377777777,0.0001631866666666,0.0001177422222222,0.00179176,0.0038447422222222,0.1570472967765568,1.223817464957265,2.115117777777778,9.081191555555556,0.2631240444444444,1.1330832888888889,1.4263262666666667,0.0011770222222222,0.1802710222222222,4.264152488888889,0.0014952888888888,0.20053577777777776,0.3391973333333333,0.0149121333333333,0.0971687111111111,0.004198986852779891,0.0009739999999999,0.0398962666666666,0.0179394666666666,0.0008669844320897541,0.0198661333333333,0.0826902222222222,0.0300488,0.0017025777777777,0.0019968444444444,3.622375,0.168375,0.06302379543803815,0.002125,0.001,0.073875,0.445,0.1935,0.079,0.009875,0.00525,0.008817771132959371,1.566479042219548,0.2347950127284295,0.129475,0.004,0.07693407408050262,0.00125,0.08266557303267415,0.012936235502019063,0.013145259498280135,0.6073000000000001,0.0339027644620238,0.059443017194915376,0.022375,0.00775,0.0025,0.0025,0.11579375,0.1106934106920109,0.000993513284826463,0.007875,0.02426554795118954,0.21018135680424616,0.006500000000000001,0.022417857142857125,0.04857846321015513,0.0085,0.013628049882979977,0.07567796887893966,0.0007296882145664146,0.0030473972954968226,0.00992973563122624,0.0016250000000000001,0.00275,0.001375,0.0030149316520360807,0.00375,0.001375,0.006424101607707395,0.003110682026541532,0.011233986563034825,0.003,8.367748215118084e-05,0.022558889168725543,0.01751080802241976,0.0011237348796797287,0.0034707663314463,0.0069630438106338,0.049007577020757,0.0095146853002553,0.0011847803840603,0.1634032,44100.0,44159.0,,,,,,,,,,,,,,,,,,,,,,,,,,,,,,,,,,,,,,,,,,,,1.9473086906104649,11269532.760268236,1918.447514028016,0.2990125,0.11555501848796851,,0.010378623174910308,2.3300998480530737,,0.01332151530485735,0.048456250000000006,0.0007067379120878723,0.05490409049908938,,,,0.0,0.13411785714285707,,,2.050890223217778,0.08186923576898648,,0.006667857142857125,,0.0,0.11255833333333325,0.03544166666666662,0.075,0.059687500000000004,0.024675,0.0,0.01043125,0.1278125,0.0,0.72915,0.02635,0.0,0.3132375,0.18797499999999992,0.002369999999999975,0.01171,0.20508,0.0,0.0,0.08923499999999998,0.00313214285714285,0.0,0.002878571428571425,0.0,0.0,0.010904166666666625,0.0,0.014937499999999975,0.0,,,,,,0.008348572126296706,0.00775,0.3142008889045928,2.5113849711166454,1.2091507060848454,49.515230094290885,380.0,343.73843,0.7883575554934154,2024-07-17 12:15:00
2024-07-17 06:30:00,52.06133333333333,1.0,0.02264704,0.13734824977170942,0.0021580622179486497,0.01139032187968983,2.0884896136840934,0.0003080646666666666,0.0005578497777777777,0.0019764995555555556,1.4867026666666668e-26,4.2298577777777777e-07,1.2155075555555556e-06,1.293472e-05,5.658311111111111e-27,1.2929697777777778e-07,8.091604444444446e-05,5.868982222222222e-05,4.6176577777777784e-09,0.008182355555555555,0.00038775466666666667,0.0018404453333333334,0.01312372,9.930906666666667e-07,9.421306666666666e-08,0.18,1308.677777777778,268.63284444444446,0.04822222222222223,268.63284444444446,40.73435,-111.87211,296.0446666666666,28.922666666666665,876.8968888888888,118.12791111111112,2.572888888888889,438004.4444444445,1970.0991111111111,168.85422222222223,11459143.397333331,0.0011254133333333,8.183111111111113e-05,0.0038952444444444,0.00015068,0.0001511688888888,0.0017236622222222,0.0036109244444444,0.2063499424579124,1.3917878927609426,2.681080151404152,9.264599087912089,0.2612284894993895,1.1289725839271838,1.5998438133089132,0.0009024951159951,0.1809359644688644,4.264711244688645,0.0011963788766788,0.2076555205350205,0.341415724053724,0.0262316593406593,0.1202394343101343,0.0013186313797313,0.0039113407814407,0.0534193953601953,0.0218861323565323,0.0011785691063802405,0.0214676614163614,0.0849476064713064,0.0303485815628815,0.0016909982905982,0.0022173201465201,3.62775,0.16975,0.0680219059841124,0.0022500000000000003,0.001,0.07375,0.444,0.194,0.079,0.00975,0.0035,0.011771662136145503,1.5761641264951436,0.3010207812290747,0.13095,0.004,0.10486814816100526,0.0015,0.0832976258400312,0.010872471004038126,0.010290518996560272,0.6766000000000001,0.03980552892404761,0.07683334281129488,0.02975,0.0095,0.003,0.003,0.1275875,0.11038682138402178,0.0009870265696529262,0.00775,0.032300690710595506,0.20936271360849235,0.007,0.023835714285714252,0.05215692642031026,0.009000000000000001,0.016256099765959955,0.05435593775787932,0.0012662266113283526,0.003094794590993645,0.013388516173850227,0.0022500000000000003,0.0035,0.00175,0.0020298633040721614,0.0045,0.00175,0.006848203215414788,0.002221364053083064,0.010467973126069648,0.002,0.0005853323981796573,0.022117778337451086,0.01502161604483952,0.00294382592335577,0.0035428836252636,0.0070093385248085,0.0487247446475746,0.0094248782461982,0.001309732030192,0.1590043555555556,45000.0,45059.0,,,,,,,,,,,,,,,,,,,,,,,,,,,,,,,,,,,,,,,,,,,,1.9481417942685164,11300093.82019241,1918.9352286174194,0.315175,0.13860183570558435,,0.012699779682117891,2.370128310416405,,0.016465268951993503,0.0495625,0.0013186313797313,0.06454630503957219,,,,0.0,0.15286428571428565,,,2.051686286155556,0.09990272629054318,,0.01333571428571425,,0.0,0.1185166666666666,0.03774999999999995,0.0802,0.064025,0.026375,0.0,0.0111125,0.1356,0.0,0.7578333333333334,0.02686,0.0,0.32905,0.20028999999999997,0.00473999999999995,0.01488,0.21952,0.0,0.0,0.12648999999999994,0.0062642857142857,0.0,0.00575714285714285,0.0,0.0,0.01227499999999995,0.0,0.01559166666666665,0.0,,,,,,0.010335956467427798,0.0095,0.34336525945494023,2.6788629561785116,1.633217002211032,49.241855600782145,305.0,347.47269,0.7944834534551055,2024-07-17 12:30:00
2024-07-17 06:45:00,51.48755555555555,1.0,0.0280822222222222,0.13892685532219184,0.0021633787606815747,0.011544054766317565,2.116028112928183,0.0005698609777777777,0.0011056457777777779,0.0041020844444444446,2.1979644444444447e-26,8.733079999999999e-07,2.3259466666666667e-06,2.4565688888888892e-05,8.337622222222222e-27,2.771657777777778e-07,0.00015342684444444443,0.00010920053333333333,9.542706666666667e-09,0.01817484,0.000730428,0.00425648888888889,0.029911688888888892,1.902648888888889e-06,1.9353728888888888e-07,0.18,1308.7457777777777,279.70484444444446,0.05062222222222223,279.70484444444446,40.73435,-111.87211,296.07533333333333,29.120444444444445,876.9968888888889,117.4175111111111,2.3400000000000003,438361.77777777775,1970.851111111111,174.3488888888889,11596142.00711111,0.0013474533333333,0.0001175644444444,0.0037066311111111,9.811111111111113e-05,0.0001542622222222,0.0017360755555555,0.0034912888888888,0.2666282349683649,1.7730867143967144,2.92809716971917,9.171289329201104,0.2598251615833661,1.1453496126984126,1.856885828774761,0.0006730572609208,0.1832970493572084,4.268765081168831,0.0029968927915518,0.21215213849206344,0.3424509576282303,0.0512385959923913,0.1449064780270234,0.0051174250951069,0.0013548752131706,0.0678001163911845,0.0292616834579561,0.001490153780670727,0.0214997289452971,0.0833445256788666,0.036357195362718,0.0020533643250688,0.0032729808146399,3.633125,0.171125,0.07906366106494708,0.002375,0.001,0.073625,0.443,0.1945,0.079,0.009625,0.0017499999999999998,0.01491287918993989,1.591021028212566,0.32638475817992585,0.132425,0.004,0.1328022222415079,0.00175,0.08359257942103146,0.008808706506057187,0.007435778494840409,0.7459,0.045708293386071415,0.09542694815819322,0.037125,0.01125,0.0035,0.0035,0.13938125,0.11008023207603268,0.0009805398544793893,0.007625,0.04084539579222985,0.2085440704127385,0.0075,0.025253571428571375,0.055735389630465385,0.0095,0.018884149648939932,0.03303390663681899,0.0022689125934106957,0.0031421918864904673,0.0170666412008413,0.002875,0.00425,0.002125,0.005854208529363343,0.0052499999999999995,0.002125,0.007272304823122182,0.001332046079624596,0.009701959689104471,0.001,0.0015228279347155628,0.021676667506176625,0.012532424067259282,0.00634522233155604,0.0036038432696932,0.0070301168620268,0.0495051875387575,0.0093547378917378,0.0014156313752913,0.1551226266666666,45900.0,45959.0,,,,,,,,,,,,,,,,,,,,,,,,,,,,,,,,,,,,,,,,,,,,1.988710581238049,11435190.92911637,1919.6833819132223,0.33133749999999995,0.14742859534813027,,0.015020936189325474,2.4036207484849967,,0.01960902259912966,0.05066875,0.0051174250951069,0.07418851958005501,,,,0.0,0.17161071428571423,,,2.090451339489476,0.10680941908230294,,0.020003571428571374,,0.0,0.12447499999999995,0.04005833333333328,0.0854,0.0683625,0.028075,0.0,0.01179375,0.1433875,0.0,0.7865166666666668,0.02737,0.0,0.3448625,0.212605,0.007109999999999925,0.01805,0.23396,0.0,0.0,0.16374499999999992,0.009396428571428549,0.0,0.008635714285714274,0.0,0.0,0.013645833333333275,0.0,0.016245833333333324,0.0,,,,,,0.012323340808558889,0.01125,0.3790221382009396,3.059043915345092,1.818302790451324,48.71193597447616,230.0,353.74493,0.7801740592882225,2024-07-17 12:45:00
2024-07-17 07:00:00,50.92711111111111,1.0,0.03520492,0.1405054608726743,0.0021686953034145,0.0116977876529453,2.150769299867725,0.0009425858222222222,0.0018467822222222221,0.006893035555555555,2.981897777777778e-26,1.5440395555555555e-06,3.85312e-06,4.0669733333333335e-05,1.1219097777777779e-26,5.372751111111111e-07,0.0002527484444444444,0.000178268,1.7173515555555556e-08,0.03038488888888889,0.0012052133333333333,0.0069252666666666665,0.04975631111111111,3.174791111111111e-06,3.576955555555555e-07,0.18,1308.8466666666668,231.82337777777778,0.045377777777777774,231.82337777777778,40.73435,-111.87211,296.1611111111111,29.420444444444446,877.1488888888889,118.34484444444443,2.2448888888888887,437749.9111111111,1970.8208888888887,161.83377777777778,11780790.101333331,0.0014153066666666,0.0001547911111111,0.0038610622222222,0.0001196488888888,0.0001751155555555,0.0019992488888888,0.0033843111111111,0.3232550222222222,1.827964888888889,2.935612888888889,10.01488096732164,0.2740031505195742,1.2534110702380952,2.8191303497615303,0.0014470932563107,0.19571105188948856,4.519629350108225,0.0023982304093813,0.3193868748015873,0.3455770927596934,0.055432529288712604,0.1375578852720151,0.00466586390809765,0.00183666379706145,0.07473198506634054,0.05200954070856985,0.0018017384549612134,0.0206243916835329,0.1091025808666442,0.033954271150746757,0.00248995767273845,0.00347264686990495,3.6385,0.1725,0.0031735382099351214,0.0025,0.001,0.0735,0.442,0.195,0.079,0.0095,0.0,0.016427024694198065,1.8135277375154226,0.20366226199783807,0.1339,0.004,0.1607362963220105,0.002,0.08448326223351221,0.00674494200807625,0.004581037993120545,0.8152,0.05161105784809522,0.08988770174058754,0.0445,0.013000000000000001,0.004,0.004,0.151175,0.10977364276804358,0.0009740531393058522,0.0075,0.04496415822188764,0.20772542721698467,0.008,0.0266714285714285,0.05931385284062052,0.01,0.02151219953191991,0.01171187551575864,0.0053614215156521094,0.00318958918198729,0.018839589831369956,0.0035,0.005,0.0025,0.017649348725083246,0.006,0.0025,0.007696406430829576,0.00044272810616612784,0.008935946252139296,0.0,0.004414274871350506,0.021235556674902168,0.010043232089679041,0.01683589331769475,0.0039153626525326,0.0072355963025863,0.0542905039364339,0.0098261147041847,0.0016413216934916,0.2009468844444444,46800.0,46859.0,,,,,,,,,,,,,,,,,,,,,,,,,,,,,,,,,,,,,,,,,,,,1.9921884302418897,11617276.161500877,1919.653314286677,0.3475,0.1339,,0.017342092696533057,2.0929,,0.022752776246265816,0.051775,0.00466586390809765,0.08383073412053783,,,,0.0,0.1903571428571428,,,2.093774559437424,0.0210833333333333,,0.0266714285714285,,0.0,0.1304333333333333,0.0423666666666666,0.0906,0.0727,0.029775,0.0,0.012475,0.151175,0.0,0.8152,0.02788,0.0,0.360675,0.22492,0.0094799999999999,0.02122,0.2484,0.0,0.0,0.2009999999999999,0.0125285714285714,0.0,0.0115142857142857,0.0,0.0,0.0150166666666666,0.0,0.0169,0.0,,,,,,0.014310725149689979,0.013000000000000001,0.4125190141540228,3.1,1.9,46.0,409.33334,363.24081,0.7820904367322705,2024-07-17 13:00:00
2024-07-17 07:15:00,50.580444444444446,1.0,0.0288400984126984,0.1389003577777777,0.0014187838095238,0.0114233866666666,2.07212626475025,0.0015405333777777778,0.0026895066666666667,0.009865160000000001,3.869444444444445e-26,2.4730577777777775e-06,5.8379600000000004e-06,6.144084444444445e-05,1.4433955555555557e-26,9.642155555555556e-07,0.00037654888888888886,0.00026501955555555557,2.824048888888889e-08,0.04229546666666666,0.0017911955555555555,0.009335293333333333,0.06859640000000002,4.833168888888889e-06,6.17816e-07,0.18,1308.9795555555554,274.86813333333333,0.04395555555555555,274.86813333333333,40.73435,-111.87211,296.6442222222222,29.470666666666666,877.2648888888889,119.49066666666666,1.5768888888888888,436498.4444444445,1970.5457777777776,161.3351111111111,12032532.852,0.0010864184126984,0.0001821438095238,0.00411194,0.0001474019047619,0.0001801209523809,0.0028840933333333,0.0026972438095238,0.2136499555555555,1.8006751111111112,2.9305702222222223,10.858472605442175,0.2881811394557823,1.361472527777778,3.7813748707482993,0.0022211292517006,0.2081250544217687,4.77049361904762,0.0017995680272108,0.42662161111111113,0.3487032278911565,0.0596264625850339,0.1302092925170068,0.0042143027210884,0.0023184523809523,0.0816638537414966,0.0747573979591836,0.0021133231292517,0.0197490544217687,0.1348606360544218,0.0315513469387755,0.0029265510204081,0.00367231292517,3.643875,0.173875,0.08276730417231908,0.002625,0.001,0.073375,0.441,0.1955,0.079,0.009375,0.0025,0.017941170198456244,1.584988704642896,0.2663117492744924,0.149425,0.004,0.22430222224150786,0.0022500000000000003,0.08537394504599297,0.011808706506057188,0.010935778494840408,0.76565,0.052958293386071414,0.08434845532298185,0.051875,0.014750000000000001,0.0045000000000000005,0.0045000000000000005,0.14613125,0.1255802320760327,0.0009675664241323153,0.0073750000000000005,0.04908292065154542,0.21779407041273852,0.0085,0.028253571428571374,0.06373538963046539,0.0105,0.021134149648939934,0.04478390663681898,0.008453930437893522,0.0032369864774841124,0.02061253846189861,0.004125,0.00575,0.002875,0.029444488920803143,0.006749999999999999,0.002875,0.008272304823122183,0.001832046079624596,0.01620195968910447,0.002,0.007305721807985449,0.027176667506176626,0.01703242406725928,0.027326564303833463,0.0039774276756576,0.0064481944377844,0.0538329211954711,0.0091885393151293,0.0013400324542124,0.2317261028571428,47700.0,47759.0,,,,,,,,,,,,,,,,,,,,,,,,,,,,,,,,,,,,,,,,,,,,1.973141898369315,11865524.79601475,1919.3796104509192,0.363275,0.12652296167560836,,0.016421412976966247,2.2289726805713315,,0.021505815855079408,0.05058125,0.0042143027210884,0.08000617883890605,,,,0.004865625,0.18292142857142854,,,2.075574857671111,0.09045134485796276,,0.025635714285714224,,0.0,0.13362499999999997,0.04302499999999995,0.08889166666666665,0.0722125,0.03068125,0.0,0.01183125,0.1511875,0.0,0.810725,0.02793,0.0,0.35269375000000003,0.21965500000000002,0.007109999999999925,0.01926,0.24580999999999997,0.0,0.0,0.30124499999999993,0.009396428571428549,0.0,0.008635714285714274,0.00346875,0.0,0.014462499999999925,0.0,0.016599999999999997,0.0,,,,,,0.01629810949082107,0.014750000000000001,0.34768349195666093,3.0865514305263657,1.8201558080086135,47.8741621888135,879.33331,376.60498,0.8600587317223257,2024-07-17 13:15:00
2024-07-17 07:30:00,49.92044444444444,1.0,0.0233497742857142,0.1440093352380952,0.0013354774603174,0.0114821288888888,1.97755416984127,0.0021576155555555554,0.003551128888888889,0.012715333333333334,4.907684444444445e-26,3.681902222222222e-06,8.25828e-06,8.627391111111111e-05,1.8146444444444448e-26,1.6225244444444444e-06,0.0005182151111111111,0.0003640986666666667,4.337902222222222e-08,0.052924844444444445,0.002441191111111111,0.011376457777777777,0.08509928888888889,6.845146666666666e-06,1.0132066666666665e-06,0.18,1308.8102222222224,351.3638666666667,0.04337777777777778,351.3638666666667,40.734345955555554,-111.87211,298.11977777777776,28.877333333333333,877.3373333333333,121.00915555555555,1.8084444444444443,436012.1777777778,1970.418222222222,174.2471111111111,12243247.289777778,0.00079398,0.0001333565079365,0.0040489939682539,0.0001671368253968,0.000155552063492,0.002079693015873,0.0024882012698412,0.3040418401598401,2.0068380791430798,3.335676888888889,11.15312324065009,0.2787093642635143,1.411651613751064,2.333501383943834,0.0014683237281237,0.2226895118640618,4.776443232097533,0.0026268503200503,0.46474935660265665,0.3481305434972435,0.0566430229381729,0.1499910065027565,0.0042862075850075,0.003291959018759,0.0870040843748843,0.056783863046213,0.0020936608169608,0.0261390546601546,0.1391772044659044,0.0333824431438931,0.0029228261793761,0.0031935152033152,3.6492500000000003,0.17525,0.08144997329177679,0.00275,0.001,0.07325,0.44,0.196,0.079,0.00925,0.005,0.019107650203224042,1.582468650982797,0.325914940925073,0.16494999999999999,0.004,0.28786814816100526,0.0025,0.08521077866796262,0.016872471004038124,0.017290518996560273,0.7161,0.05430552892404761,0.09925958075648543,0.05925,0.0165,0.005,0.005,0.1410875,0.14138682138402178,0.0009610797089587783,0.00725,0.05225596710254583,0.22786271360849233,0.009000000000000001,0.02983571428571425,0.06815692642031027,0.011,0.020756099765959955,0.07785593775787931,0.006010477568015879,0.0032843837729809346,0.021978397371214826,0.00475,0.006500000000000001,0.0032500000000000003,0.020124913816408,0.0075,0.0032500000000000003,0.008848203215414789,0.003221364053083064,0.023467973126069647,0.004,0.005021132015986123,0.03311777833745108,0.02402161604483952,0.019037676293303833,0.0040320509324009,0.0059500308025308,0.0496687936785436,0.0083551582339882,0.0009788586213786,0.2017716685714285,48600.0,48659.0,,,,,,,,,,,,,,,,,,,,,,,,,,,,,,,,,,,,,,,,,,,,1.9805843059415005,12073314.57868839,1919.252707380059,0.37905,0.14726509717146255,,0.01550073325739944,2.183395471005589,,0.020258855463892996,0.0493875,0.0042862075850075,0.07618162355727429,,,,0.00973125,0.17548571428571424,,,2.08268636748,0.10668148632736375,,0.02459999999999995,,0.0,0.13681666666666664,0.043683333333333296,0.08718333333333331,0.071725,0.0315875,0.0,0.0111875,0.1512,0.0,0.80625,0.027979999999999998,0.0,0.3447125,0.21439000000000002,0.00473999999999995,0.0173,0.24321999999999994,0.0,0.0,0.4014899999999999,0.0062642857142857,0.0,0.00575714285714285,0.0069375,0.0,0.01390833333333325,0.0,0.0163,0.0,,,,,,0.018285493831952163,0.0165,0.40115369382739985,3.292109985873523,2.123695569086034,47.26461095328726,1349.3334,394.40598,0.8838372160766693,2024-07-17 13:30:00
2024-07-17 07:45:00,48.90933333333333,1.0,0.0263067644444444,0.1541030755555555,0.0014505955555555,0.01224628,1.9848449123968623,0.0027720897777777777,0.004378946666666666,0.015310711111111113,6.156271111111113e-26,5.149706666666667e-06,1.1008302222222222e-05,0.00011393466666666667,2.256568888888889e-26,2.5675955555555556e-06,0.0006693613333333333,0.0004686951111111111,6.277488888888889e-08,0.062088755555555555,0.0031087555555555555,0.013072666666666668,0.09914048888888889,9.12552e-06,1.5807866666666667e-06,0.18,1308.8671111111112,335.3034222222222,0.047155555555555555,335.3034222222222,40.734340800000005,-111.87211,298.99755555555555,28.44088888888889,877.5106666666667,125.36613333333334,2.4853333333333336,437519.1111111111,1971.8671111111112,179.2591111111111,12460696.968,0.0007517644444444,0.0001078488888888,0.00388684,0.0001728977777777,0.0001268577777777,0.0006439911111111,0.0026021955555555,0.4232368869408369,2.069136921837422,4.289478224664225,12.191510666666666,0.2779483111111111,1.474671111111111,2.072609511111111,0.0016372444444444,0.2356426222222222,4.812067822222222,0.0029317333333333,0.5683587111111111,0.3639103111111111,0.0697716888888888,0.2039754666666667,0.0091231111111111,0.0023025777777777,0.1438897333333333,0.0559544444444444,0.0025189777777777,0.0302437777777777,0.1570001777777777,0.0355717333333333,0.0041955111111111,0.0033379111111111,3.6546250000000002,0.176625,0.08724690539844722,0.002875,0.001,0.073125,0.439,0.1965,0.079,0.009125,0.0075,0.031533325538930734,1.6110936507456728,0.3490508762219061,0.180475,0.004,0.3514340740805026,0.00275,0.08970667126619278,0.021936235502019064,0.023645259498280134,0.66655,0.05565276446202381,0.13995216470264515,0.06662499999999999,0.018250000000000002,0.0055,0.0055,0.13604375000000002,0.15719341069201087,0.0009545929937852414,0.007125,0.08605615644492205,0.23793135680424615,0.0095,0.03141785714285712,0.07257846321015513,0.0115,0.020378049882979976,0.11092796887893966,0.0058977203795922,0.003331781068477757,0.036527913258479594,0.0053750000000000004,0.00725,0.003625,0.01969484655420313,0.00825,0.003625,0.009424101607707394,0.0046106820265415325,0.030733986563034825,0.006,0.004915705827978583,0.03905888916872554,0.03101080802241976,0.01865517179782205,0.0041484297102897,0.0064540523909423,0.0513426316061716,0.0080351675246975,0.0009962083438783,0.1994893333333333,49500.0,49559.0,,,,,,,,,,,,,,,,,,,,,,,,,,,,,,,,,,,,,,,,,,,,2.1376600567105895,12287746.118628243,1920.6941847703179,0.394825,0.15531648991505156,,0.014580053537832632,2.32463858109935,,0.019011895072706585,0.04819375,0.0091231111111111,0.0723570682756425,,,,0.014596875,0.16804999999999998,,,2.2327783547164493,0.11298147618521985,,0.023564285714285677,,0.0,0.14000833333333332,0.04434166666666665,0.08547499999999995,0.0712375,0.03249375,0.0,0.010543750000000001,0.1512125,0.0,0.801775,0.02803,0.0,0.33673125,0.209125,0.0023699999999999746,0.01534,0.24062999999999993,0.0,0.0,0.5017349999999999,0.0031321428571428507,0.0,0.002878571428571425,0.01040625,0.0,0.013354166666666575,0.0,0.016,0.0,,,,,,0.020272878173083254,0.018250000000000002,0.47166205020555607,3.3542261856270263,2.838363219358973,46.3307866699053,1819.3334,417.10547,0.8917040044605201,2024-07-17 13:45:00
2024-07-17 08:00:00,48.309777777777775,1.0,0.0272504355555555,0.1628372444444444,0.0014753022222222,0.0127319866666666,2.036670056702557,0.0034084791111111115,0.005147382222222222,0.01761431111111111,7.698875555555556e-26,6.8280222222222225e-06,1.3961866666666668e-05,0.00014313866666666668,2.79872e-26,3.837395555555555e-06,0.000822987111111111,0.0005734048888888889,8.622831111111111e-08,0.06988666666666667,0.0037619022222222225,0.014478666666666666,0.11097733333333333,1.157944888888889e-05,2.3501155555555557e-06,0.18,1309.6075555555556,343.2933777777778,0.04511111111111111,343.2933777777778,40.73434515555555,-111.87211,299.20466666666664,28.676444444444442,877.6786666666667,127.48022222222222,3.3093333333333335,437506.0,1973.3284444444444,187.128,12704298.455999998,0.00075224,0.0001334666666666,0.0037690311111111,0.0001563022222222,0.0001040488888888,0.0003382622222222,0.0026450755555555,0.8460525355311356,2.913901357753357,5.113374498168499,12.616646222222222,0.2815354222222222,1.5010272444444444,2.3179324444444447,0.0014995111111111,0.2408326666666666,4.819527866666666,0.0028026222222222,0.7145197777777778,0.3921281777777778,0.0675404444444444,0.1882596,0.0070497777777777,0.0011167111111111,0.1740615555555555,0.0526259999999999,0.0011304,0.0310415555555555,0.1689146666666666,0.0361842666666666,0.0064009333333333,0.0036041777777777,3.66,0.178,0.091,0.003,0.001,0.073,0.438,0.197,0.079,0.009,0.01,0.029,1.859,0.245,0.196,0.004,0.415,0.003,0.109,0.027,0.03,0.617,0.057,0.112,0.074,0.02,0.006,0.006,0.131,0.173,0.0009481062786117044,0.007,0.1,0.248,0.01,0.033,0.077,0.012,0.02,0.144,0.003,0.0033791783639745797,0.032,0.006,0.008,0.004,0.014,0.009,0.004,0.01,0.006,0.038,0.008,0.003,0.045,0.038,0.013,0.0043330436174936,0.0085428381551781,0.0512491132844932,0.0078027677011877,0.0010315004462204,0.2070166755555555,50400.0,50459.0,,,,,,,,,,,,,,,,,,,,,,,,,,,,,,,,,,,,,,,,,,,,2.159083684974345,12527966.488833142,1922.1480429479773,0.4106,0.16265,,0.013659373818265822,2.17605,,0.017764934681520177,0.047,0.0070497777777777,0.06853251299401072,,,,0.0194625,0.1606142857142857,,,2.25324946451015,0.0823333333333333,,0.0225285714285714,,0.0,0.1432,0.045,0.0837666666666666,0.07075,0.0334,0.0,0.0099,0.151225,0.0,0.7973,0.02808,0.0,0.32875,0.20386,0.0,0.01338,0.2380399999999999,0.0,0.0,0.60198,0.0,0.0,0.0,0.013875,0.0,0.0127999999999999,0.0,0.0157,0.0,,,,,,0.022260262514214344,0.02,0.9,3.5,2.2,46.0,2070.0,445.03247,0.9060520209633897,2024-07-17 14:00:00
2024-07-17 08:15:00,48.70711111111111,1.0,0.02307196,0.16905816,0.00152064,0.0136012399999999,2.0506598883039184,0.004055788,0.005847973333333333,0.019639466666666668,9.655057777777778e-26,8.660342222222223e-06,1.70056e-05,0.00017289155555555557,3.481733333333334e-26,5.449897777777778e-06,0.000974216,0.0006748164444444445,1.1332026666666666e-07,0.07651857777777778,0.004382813333333333,0.015647555555555557,0.12096355555555555,1.4128755555555557e-05,3.339982222222222e-06,0.18,1309.6435555555556,359.24111111111114,0.04888888888888889,359.24111111111114,40.734349422222216,-111.87211,299.5184444444444,28.512444444444444,877.72,124.96688888888889,3.2373333333333334,434248.0888888888,1973.1346666666664,200.3351111111111,12891034.608888889,0.0007083511111111,0.0001704577777777,0.0038383733333333,0.0001262044444444,9.983555555555556e-05,0.0004326622222222,0.0025688755555555,0.9186321777777778,2.5404146666666665,5.635515111111111,14.053963911111111,0.2819748,1.5079393333333333,2.7493956444444447,0.0014744888888888,0.2494935555555555,4.864328133333333,0.0026715555555555,0.8128844444444444,0.4310676888888888,0.056237511111111,0.1692152444444444,0.0050212888888888,0.0012190222222222,0.1618133333333333,0.0448801777777777,0.0002212,0.029272,0.1849191111111111,0.0314497777777777,0.0080531555555555,0.0048327555555555,3.6513750000000003,0.174875,0.0812709204817842,0.003,0.001,0.073125,0.438875,0.19675,0.079125,0.00925,0.009665,0.035448422554168246,1.6361361352008004,0.44633997684362514,0.17927500000000002,0.0041875,0.5140162591916585,0.003,0.10884081601762201,0.021936235502019064,0.023645259498280134,0.6619,0.0597560871889315,0.11375049006386531,0.0755,0.02025,0.005625,0.00575,0.13499375,0.14603646907140228,0.0009513496361984729,0.00725,0.09670596153266088,0.22926959703292804,0.00975,0.03290714285714285,0.0727005152571055,0.01175,0.020074923638708133,0.11781645006234306,0.004392204141440871,0.0034648465593658906,0.041112192557946854,0.005625,0.007625,0.003625,0.013952656137802607,0.008374999999999999,0.003875,0.010723151719417474,0.005900914535771785,0.03516264944026229,0.006,0.003508071953893675,0.04150959789093064,0.03315176275342221,0.01354803195898607,0.004532988016983,0.0103372921787471,0.051535792004107,0.0077938616724016,0.0010669675121175,0.22103428,51300.0,51359.0,,,,,,,,,,,,,,,,,,,,,,,,,,,,,,,,,,,,,,,,,,,,2.1931787865314734,12712110.798237396,1921.9552564013045,0.39787500000000003,0.18917346387033526,,0.015555124998757134,2.0180494695355904,,0.020332523152709486,0.04656875,0.0050212888888888,0.0764075699067655,,,,0.019975,0.175925,,,2.2858286597244444,0.13947361230736172,,0.0250535714285714,,0.0,0.143,0.046304166666666646,0.0855916666666666,0.07478749999999997,0.03333125,0.002165,0.007425000000000001,0.1501625,0.0,0.7971250000000001,0.0291,0.0,0.33125,0.21381499999999998,0.002355,0.016794999999999977,0.2505549999999999,0.0,0.0,0.693505,0.0,0.0,0.004067857142857125,0.016221875,0.0,0.01469583333333325,0.0,0.01735416666666665,0.0,,,,,,0.022857589753464427,0.02025,0.7647070101909249,3.8241222747216703,3.8469265152320324,46.14402181322892,2070.0,478.36404,0.9253846083641862,2024-07-17 14:15:00
2024-07-17 08:30:00,49.948,1.0,0.0159947777777777,0.1680817155555555,0.00164916,0.0135123555555555,2.054974251358641,0.004641104888888889,0.006478906666666668,0.02140822222222222,1.2208982222222222e-25,1.0589795555555555e-05,2.0045422222222224e-05,0.00020238844444444442,4.368048888888889e-26,7.401746666666667e-06,0.0011196195555555554,0.000770684,1.43424e-07,0.08216231111111112,0.004961257777777778,0.016627866666666668,0.12939155555555557,1.6701644444444445e-05,4.555675555555556e-06,0.18,1308.9817777777778,344.6718222222222,0.049288888888888896,344.6718222222222,40.73435,-111.87211,300.22288888888886,27.607555555555557,877.8026666666666,120.0868,2.6364444444444444,431789.2888888889,1971.2746666666667,180.70577777777777,12977230.705333332,0.0007538622222222,0.00018696,0.0040043022222222,9.457333333333334e-05,0.0001257511111111,0.0007424755555555,0.00235264,0.49309,1.707333777777778,3.503356444444444,13.056860533333332,0.2784418222222222,1.4074947555555557,2.648979777777778,0.0011835555555555,0.2419852888888889,4.796821288888889,0.0025280888888888,0.9256457777777778,0.4566861333333333,0.0305757777777777,0.1610122222222222,0.0072957333333333,0.0014929777777777,0.1008509777777777,0.0451399555555555,0.0008937777777777,0.0262592444444444,0.1869925777777777,0.0327939555555555,0.0055516444444444,0.0037275555555555,3.6427500000000004,0.17174999999999999,0.06994004143959921,0.003,0.001,0.07325,0.43975,0.1965,0.07925,0.0095,0.00933,0.022132261945953177,1.5993890112720806,0.35572884637276114,0.16255,0.004375,0.6130325183833171,0.003,0.11613989529270133,0.016872471004038124,0.01729051899656027,0.7068000000000001,0.062512174377863,0.10756718899210344,0.077,0.0205,0.00525,0.0055,0.13898749999999999,0.11907293814280459,0.0009545929937852414,0.0075,0.06048348366236145,0.21053919406585606,0.0095,0.0328142857142857,0.06840103051421098,0.0115,0.020149847277416266,0.09163290012468615,0.0044275202192027106,0.0035505147547572015,0.02551998649331161,0.00525,0.00725,0.0032500000000000003,0.014087355211867662,0.00775,0.00375,0.011446303438834949,0.0058018290715435685,0.032325298880524586,0.004,0.0035410919281042663,0.03801919578186128,0.028303525506844417,0.013667834152491731,0.0048206474975024,0.0117161985525585,0.0557032131490731,0.0079386363745513,0.001025175068635,0.2400472533333333,52200.0,52259.0,,,,,,,,,,,,,,,,,,,,,,,,,,,,,,,,,,,,,,,,,,,,2.1909411136669217,12797110.51793575,1920.1047708558347,0.38515,0.15764044871441155,,0.017450876179248447,1.7875890029598551,,0.022900111623898795,0.0461375,0.0072957333333333,0.08428262681952027,,,,0.0204875,0.19123571428571426,,,2.2836904762977777,0.11479990901197533,,0.027578571428571404,,0.0,0.14279999999999998,0.047608333333333294,0.0874166666666666,0.07882499999999995,0.0332625,0.00433,0.00495,0.1491,0.0,0.79695,0.03012,0.0,0.33375,0.22376999999999997,0.00471,0.02020999999999995,0.2630699999999999,0.0,0.0,0.78503,0.0,0.0,0.00813571428571425,0.01856875,0.0,0.0165916666666666,0.0,0.0190083333333333,0.0,,,,,,0.02345491699271451,0.0205,0.5129827956787173,2.99348374811309,2.2493351016311274,47.290060230460746,2070.0,517.11304,0.9354694105347836,2024-07-17 14:30:00
2024-07-17 08:45:00,50.43155555555556,1.0,0.01510984,0.1653126622222222,0.00178292,0.0132887466666666,2.0475466027228326,0.0051850360000000005,0.007043093333333333,0.02294991111111111,1.5657244444444446e-25,1.2564755555555555e-05,2.3012266666666666e-05,0.00023106800000000002,5.559746666666667e-26,9.672386666666665e-06,0.0012570755555555556,0.0008599671111111111,1.7590399999999998e-07,0.08697333333333333,0.0054935244444444436,0.01745146666666667,0.13655066666666665,1.9250355555555556e-05,5.989995555555556e-06,0.18,1308.756,325.5840444444445,0.05222222222222222,325.5840444444445,40.73435,-111.87211,301.3682222222222,26.306666666666665,877.8906666666667,118.27582222222222,1.978222222222222,431710.8,1970.311111111111,183.32533333333333,13090362.093777778,0.0007595288888888,0.0001490488888888,0.0041204222222222,0.00010668,0.0001486399999999,0.0008155688888888,0.0021381244444444,0.4958128778406778,1.8160902011692013,3.4962122002442,11.579287644444443,0.2757590222222222,1.4314985333333332,2.036044888888889,0.0016666222222222,0.2488678222222222,4.772434888888889,0.0029635111111111,0.9550264444444444,0.4860295555555555,0.0667762666666666,0.1807156,0.0062692888888888,0.0083669777777777,0.0906689333333333,0.0451853333333333,0.0014404888888888,0.0263808444444444,0.1795702666666666,0.0365410222222222,0.0033994222222222,0.0038081333333333,3.634125,0.168625,0.08592428363944915,0.003,0.001,0.073375,0.440625,0.19625,0.079375,0.00975,0.008995,0.019908172376142428,1.5803525083622816,0.36782099877495456,0.14582499999999998,0.004562500000000001,0.7120487775749755,0.003,0.12450027663695462,0.011808706506057186,0.010935778494840408,0.7517,0.0652682615667945,0.12241926590110122,0.0785,0.02075,0.004875,0.00525,0.14298125,0.09210940721420689,0.0009578363513720098,0.00775,0.054433538967767356,0.19180879109878407,0.00925,0.032721428571428554,0.06410154577131646,0.01125,0.020224770916124398,0.06544935018702924,0.004433689203872489,0.0036361829501485128,0.022915747636557272,0.004875,0.006875,0.002875,0.014110884340117529,0.007124999999999999,0.003625,0.012169455158252422,0.005702743607315352,0.029487948320786876,0.002,0.003546859831212739,0.03452879367279192,0.023455288260266625,0.013688761105369287,0.0051368272490472,0.0129217661827061,0.061066664037444,0.0081867818403818,0.0010338992940392,0.2503753155555555,53100.0,53159.0,,,,,,,,,,,,,,,,,,,,,,,,,,,,,,,,,,,,,,,,,,,,2.219079731383101,12908671.675616032,1919.1461441742147,0.372425,0.16184856335755363,,0.019346627359739757,1.7802323306179204,,0.025467700095088103,0.045706250000000004,0.0062692888888888,0.09215768373227504,,,,0.021,0.20654642857142852,,,2.310578019603662,0.11809264114128311,,0.030103571428571403,,0.0,0.1426,0.04891249999999995,0.08924166666666661,0.08286249999999992,0.03319375,0.006494999999999999,0.0024749999999999998,0.1480375,0.0,0.796775,0.03114,0.0,0.33625,0.23372499999999993,0.007065,0.023624999999999924,0.2755849999999999,0.0,0.0,0.876555,0.0,0.0,0.012203571428571374,0.020915625,0.0,0.01848749999999995,0.0,0.02066249999999995,0.0,,,,,,0.024052244231964594,0.02075,0.5145934804038756,3.101921327812652,2.243982036979133,47.736653997634185,2070.0,561.12274,0.9438450765871417,2024-07-17 14:45:00
2024-07-17 09:00:00,50.83466666666666,1.0,0.0154678888888888,0.1637598266666666,0.00193852,0.0130664088888888,2.021321163980464,0.005680368,0.007545168888888888,0.02429111111111111,2.0514933333333335e-25,1.4544177777777778e-05,2.5860355555555555e-05,0.0002585288888888889,7.233746666666667e-26,1.2226693333333332e-05,0.0013855377777777778,0.0009421364444444445,2.10088e-07,0.09108302222222223,0.00597872888888889,0.01814688888888889,0.1426391111111111,2.1732222222222223e-05,7.625217777777778e-06,0.18,1309.008,355.69862222222224,0.05226666666666667,355.69862222222224,40.73435,-111.87211,302.39311111111107,25.07777777777778,877.9364444444443,119.94448888888888,2.2337777777777776,431143.5555555555,1969.94,182.40177777777777,13159919.425333334,0.0006582399999999,0.0001022533333333,0.0041005822222222,0.0001087288888888,0.0001480622222222,0.0002703688888888,0.0018569911111111,0.6759819412328413,2.153153063754764,4.178228009768009,12.231969312942612,0.2792480280830281,1.4864005395604396,2.2335787659340656,0.0020707697191697,0.2546880877899878,4.802814457631258,0.0041900097680097,1.094654965079365,0.5496546705738706,0.0839058394383394,0.1981143258852258,0.008676076068376,0.0058387755799755,0.1169417531135531,0.0525677079365079,0.0003942415140415,0.0269106442002442,0.1942030026862027,0.0375379465201465,0.0039534837606837,0.0041321493284493,3.6255,0.16549999999999998,0.015395667372159916,0.003,0.001,0.0735,0.4415,0.196,0.0795,0.009999999999999998,0.00866,0.0256470104613157,1.803495518376966,0.2173131567440422,0.1291,0.00475,0.8110650367666341,0.003,0.1426280267199785,0.00674494200807625,0.004581037993120545,0.7966000000000001,0.068024348755726,0.13553413472615036,0.07999999999999999,0.020999999999999998,0.0045000000000000005,0.005,0.146975,0.0651458762856092,0.0009610797089587783,0.008,0.07004426503644942,0.1730783881317121,0.009000000000000001,0.0326285714285714,0.05980206102842196,0.011,0.02029969455483253,0.03926580024937232,0.0054373028223389,0.0037218511455398237,0.029635488305680413,0.0045000000000000005,0.006500000000000001,0.0025,0.017938767663915736,0.0065,0.0035,0.012892606877669896,0.005603658143087137,0.026650597761049166,0.0,0.00448522269309789,0.031038391563722564,0.018607051013688834,0.017093304320367767,0.005535774048914,0.0161995667676767,0.0676364764054464,0.008237366088726,0.0010237229966329,0.2753739733333333,54000.0,54059.0,,,,,,,,,,,,,,,,,,,,,,,,,,,,,,,,,,,,,,,,,,,,2.3376923767919733,12977263.571642302,1918.776931407078,0.3597,0.1291,,0.02124237854023107,2.0831,,0.028035288566277412,0.045275,0.008676076068376,0.10003274064502982,,,,0.0215125,0.2218571428571428,,,2.423917014156431,0.0336166666666666,,0.0326285714285714,,0.0,0.1424,0.0502166666666666,0.0910666666666666,0.0868999999999999,0.033125,0.00866,0.0,0.146975,0.0,0.7966000000000001,0.03216,0.0,0.33875,0.2436799999999999,0.00942,0.0270399999999999,0.2880999999999999,0.0,0.0,0.96808,0.0,0.0,0.0162714285714285,0.0232625,0.0,0.0203833333333333,0.0,0.0223166666666666,0.0,,,,,,0.024649571471214674,0.020999999999999998,0.0,2.6,1.7,48.0,2018.6666,623.24884,0.9500962672110161,2024-07-17 15:00:00
2024-07-17 09:15:00,52.36539682539682,1.0,0.0174170088888888,0.1617020907936508,0.0019165241269841,0.0127841117460317,1.9846665304506603,0.006154845777777778,0.00799012,0.025456844444444446,2.767488888888889e-25,1.6491955555555555e-05,2.856062222222222e-05,0.0002845253333333333,9.7122e-26,1.5022711111111112e-05,0.0015044977777777778,0.0010171844444444445,2.4535022222222224e-07,0.09459253333333333,0.006417937777777777,0.01873417777777778,0.1478137777777778,2.412008888888889e-05,9.434631111111111e-06,0.18,1310.600888888889,242.74151111111112,0.0536,242.74151111111112,40.73435,-111.87211,302.7451111111111,24.62222222222222,877.9097777777777,121.29537777777777,2.643111111111111,430129.5111111112,1969.3977777777775,170.06577777777778,13181325.984,0.0007895155555555,3.531555555555556e-05,0.00422196,9.987555555555555e-05,0.0001263022222222,5.819111111111115e-05,0.0016801777777777,0.4924788487068487,1.612590724852925,3.192207177489178,11.470019770370373,0.2750157007215008,1.4434538865079365,1.9202256907166908,0.0018148597643097,0.2453605006974507,4.774419874891775,0.0028985771524771,1.1955514012987014,0.5962792422558922,0.0494670189033188,0.1584152239778739,0.0036548037037037,0.0018807665223665,0.0841636289562289,0.0389436057479557,0.0004304664021164,0.0263792167388167,0.2007883877585378,0.0385025678691678,0.0041916668831168,0.003669331072631,3.6168750000000003,0.162375,0.07828142529585692,0.003,0.001,0.073625,0.442375,0.19575,0.079625,0.010249999999999999,0.008244999999999999,0.018487202384064223,1.5623082217019402,0.3066134530051824,0.129825,0.0049375,0.8400487775749756,0.003,0.15591206688142137,0.009308706506057187,0.00793577849484041,0.7497,0.0602682615667945,0.10560961511352233,0.08149999999999999,0.021249999999999998,0.004125,0.00475,0.13873125,0.0808594072142069,0.0009643230665455469,0.00825,0.050568231571230055,0.1900587910987841,0.00875,0.02947142857142855,0.058601545771316474,0.010750000000000001,0.018974770916124397,0.056949350187029235,0.0035851434250185354,0.0038075193409311345,0.02125190040761368,0.004125,0.006125,0.002125,0.010874445359429153,0.005875,0.003375,0.011669455158252422,0.005452743607315353,0.024237948320786875,0.001,0.0027534829470860834,0.030028793672791924,0.018955288260266625,0.010810252164421202,0.0057542105546305,0.018016627058867,0.0737661843907944,0.0081384943475043,0.0010909292984792,0.2813317955555556,54900.0,54959.0,,,,,,,,,,,,,,,,,,,,,,,,,,,,,,,,,,,,,,,,,,,,2.4395917790791666,12998373.013501374,1918.2374828131774,0.3524625,0.1405481065771835,,0.021921169784003908,1.6320199607121353,,0.02895463736573521,0.0461625,0.0036548037037037,0.10285247760819254,,,,0.020428125,0.22733928571428566,,,2.5212858550666666,0.10142562886680599,,0.0319178571428571,,0.0,0.140125,0.05144999999999995,0.0908791666666666,0.08820416666666657,0.03195,0.009274999999999999,0.002346875,0.147425,0.0,0.7838916666666667,0.03257,0.0,0.34097500000000003,0.2462399999999999,0.010884999999999975,0.028319999999999925,0.29473999999999995,0.0,0.0,1.065035,0.0,0.007285714285714275,0.012203571428571374,0.017446875,0.0,0.020216666666666626,0.0,0.02087499999999995,0.002921875,,,,,,0.025246898710464757,0.021249999999999998,0.5126212766865929,2.899018455561655,2.0161960744999625,49.52267723300294,1908.6666,691.64923,0.9590067699143235,2024-07-17 15:15:00
2024-07-17 09:30:00,52.22819047619047,1.0,0.0233636666666666,0.1568177050793651,0.001957166031746,0.0118075498412698,1.9030460473237876,0.006575779111111111,0.008383026666666666,0.02646737777777778,3.881204444444445e-25,1.838391111111111e-05,3.109071111111111e-05,0.00030889111111111114,1.3614071111111113e-25,1.8008177777777777e-05,0.0016136355555555555,0.0010851555555555557,2.81092e-07,0.09759075555555556,0.006813306666666667,0.019231466666666665,0.15221022222222222,2.639288888888889e-05,1.1385075555555556e-05,0.18,1311.1657777777777,239.57293333333334,0.05471111111111111,239.57293333333334,40.73435,-111.87211,303.7988888888889,23.754666666666665,877.984,118.88062222222221,1.892888888888889,429046.8000000001,1968.995555555556,166.77955555555553,13466595.950666666,0.0007788488888888,3.5155555555555567e-06,0.0042232,9.436e-05,0.0001184533333333,8.24977777777778e-05,0.0014504177777777,0.6156379434343434,1.976002106060606,3.749159392255892,11.741331432909682,0.2797396934010434,1.470840224962075,2.076812217029267,0.0029517812372812,0.2604675577163577,4.854637442803493,0.0030028993154993,1.4263306125393127,0.6695528297683798,0.0763526346301846,0.1784552094405594,0.0036596391682391,0.0111330112258112,0.0944833248140748,0.0425887947644947,0.000491993088393,0.0294461427960927,0.22822237005402,0.0351287685055685,0.0023365651903651,0.0040690436988936,3.60825,0.15925,0.09015270678018573,0.003,0.001,0.07375,0.44325000000000003,0.1955,0.07975,0.010499999999999999,0.00783,0.020741359498216032,1.5543617110315822,0.29144389500351653,0.13055,0.005125,0.8690325183833171,0.003,0.1767888115714796,0.011872471004038126,0.011290518996560271,0.7028000000000001,0.052512174377863,0.12071542127040813,0.08299999999999999,0.0215,0.00375,0.0045000000000000005,0.1304875,0.0965729381428046,0.0009675664241323153,0.008499999999999999,0.05669996567882029,0.20703919406585605,0.0085,0.0263142857142857,0.057401030514210985,0.0105,0.017649847277416267,0.07463290012468615,0.004080696893317144,0.003893187536322446,0.023891346060156745,0.00375,0.00575,0.0017499999999999998,0.012764536149796491,0.0052499999999999995,0.0032500000000000003,0.010446303438834948,0.005301829071543569,0.021825298880524584,0.002,0.003216817603146609,0.02901919578186128,0.019303525506844416,0.012491310658568622,0.0058836462407962,0.0203144099330299,0.0774424796947497,0.0081016508732008,0.0011420908006808,0.2978526044444444,55800.0,55859.0,,,,,,,,,,,,,,,,,,,,,,,,,,,,,,,,,,,,,,,,,,,,2.569512556903591,13279683.516009498,1917.8373180775388,0.345225,0.13526904317857588,,0.022599961027776748,1.5305387065095175,,0.02987398616519301,0.04705,0.0036596391682391,0.10567221457135526,,,,0.01934375,0.2328214285714285,,,2.6454302098222224,0.09729490925973068,,0.0312071428571428,,0.0,0.13785,0.0526833333333333,0.0906916666666666,0.08950833333333325,0.030775,0.00989,0.00469375,0.14787499999999998,0.0,0.7711833333333333,0.032979999999999995,0.0,0.3432,0.24879999999999994,0.01234999999999995,0.029599999999999953,0.30138,0.0,0.0,1.16199,0.0,0.01457142857142855,0.00813571428571425,0.01163125,0.0,0.02004999999999995,0.0,0.0194333333333333,0.00584375,,,,,,0.02584422594971484,0.0215,0.5854745166220777,3.2613644153180283,2.4335112068153073,49.39595859712297,1798.6666,750.5177,0.9651376978644404,2024-07-17 15:30:00
2024-07-17 09:45:00,53.172419339919344,1.0,0.0192408,0.1545838533333333,0.0018442088888888,0.0116098,1.814024584048174,0.006937049333333333,0.008728666666666666,0.027343022222222225,5.7092533333333335e-25,2.0198755555555555e-05,3.344146666666666e-05,0.00033157022222222223,2.0184266666666667e-25,2.1129155555555555e-05,0.0017132,0.0011463822222222222,3.1676533333333336e-07,0.10014057777777777,0.007167262222222222,0.01965031111111111,0.15594755555555556,2.8538e-05,1.3443911111111112e-05,0.18,1310.1771604876603,307.8182740833241,0.055480465830465835,307.8182740833241,40.73435,-111.87211,304.22161144411143,23.0122903022903,878.0890618270619,120.00901376401377,2.5393906648906652,428238.2222222223,1968.6271111111112,168.89333333333337,13536028.93511111,0.0010034,8.378222222222222e-05,0.0044168844444444,8.996888888888889e-05,0.0001647777777777,0.0001934622222222,0.0013658044444444,0.4209918534798534,1.4824292288156289,2.894866708180708,10.962427288888888,0.2823343555555555,1.3819255555555554,1.7700273333333334,0.0020808,0.2538807111111111,4.826315688888888,0.0020526222222222,1.4769493777777778,0.7020016888888889,0.0576302666666666,0.1520277333333333,0.0031859555555555,0.0059990666666666,0.0709033777777777,0.0366754222222222,0.00047095209975205,0.0240071555555555,0.2356988888888889,0.0336578666666666,0.0026761333333333,0.0027899111111111,3.599625,0.15612499999999999,0.08188588847830815,0.003,0.001,0.073875,0.444125,0.19525,0.079875,0.01075,0.007415,0.015590732377477714,1.5470825316440227,0.30120132235757724,0.131275,0.0053125,0.8980162591916585,0.003,0.18603397849096592,0.014436235502019064,0.014645259498280137,0.6559,0.044756087188931495,0.10079483140596861,0.08449999999999999,0.02175,0.003375,0.00425,0.12224375,0.1122864690714023,0.0009708097817190838,0.008749999999999999,0.04268928479351998,0.224019597032928,0.00825,0.023157142857142852,0.05620051525710549,0.01025,0.016324923638708133,0.09231645006234308,0.00327679008371987,0.003978855731713756,0.01786035546222826,0.003375,0.005375,0.001375,0.00969835468939793,0.004625,0.003125,0.009223151719417474,0.005150914535771784,0.019412649440262292,0.003,0.002465177449343828,0.02800959789093064,0.01965176275342221,0.009764229814161893,0.0059566334720834,0.02128216002331,0.0838863033888333,0.0081383183671883,0.0011223043101343,0.2975142355555555,56700.0,56759.0,,,,,,,,,,,,,,,,,,,,,,,,,,,,,,,,,,,,,,,,,,,,2.5225015939181827,13348152.790826388,1917.4707583362733,0.3379875,0.13866466469923835,,0.023278752271549588,1.4547516510639937,,0.03079333496465081,0.0479375,0.0031859555555555,0.10849195153451796,,,,0.018259375,0.23830357142857134,,,2.6005094068221988,0.09995188822257224,,0.0304964285714285,,0.0,0.135575,0.05391666666666665,0.09050416666666661,0.09081249999999992,0.0296,0.010505,0.007040625,0.14832499999999998,0.0,0.758475,0.033389999999999996,0.0,0.345425,0.25136,0.013814999999999925,0.030879999999999977,0.30801999999999996,0.0,0.0,1.2589450000000002,0.0,0.021857142857142825,0.004067857142857125,0.005815624999999998,0.0,0.019883333333333274,0.0,0.01799166666666665,0.008765624999999999,,,,,,0.026441553188964923,0.02175,0.47033402841586924,2.7692385569568647,1.7934037522822561,50.26801294637369,1688.6666,812.05347,0.9678799405196715,2024-07-17 15:45:00
2024-07-17 10:00:00,53.71836474636474,1.0,0.0119937911111111,0.14751272,0.0026106088888888,0.0084954088888888,1.7559267061760464,0.007280968888888889,0.009031795555555555,0.0280972,8.88736e-25,2.191951111111111e-05,3.5606e-05,0.00035248888888888885,3.20636e-25,2.4332755555555556e-05,0.0018034666666666666,0.001201351111111111,3.5188311111111114e-07,0.10231288888888888,0.007482711111111111,0.020002666666666665,0.15912533333333334,3.054595555555555e-05,1.55716e-05,0.18,1309.483764124764,312.78937552262556,0.057250941650941654,312.78937552262556,40.73435,-111.87211,304.96478636178637,22.268161246161245,878.0755069375069,120.4965264957265,2.314684722684723,427540.6666666667,1967.6337777777776,166.38666666666668,13510031.50488889,0.000979348612895,7.808888888888889e-05,0.0043950222222222,4.602666666666667e-05,8.204888888888888e-05,8.471111111111115e-05,0.0011414622222222,0.3442178222222221,1.3260885777777778,2.819075111111111,10.847537644444444,0.2831793777777778,1.3474307111111112,1.819214088888889,0.0023439999999999,0.2515562666666666,4.859123288888889,0.0018216888888888,1.513847377777778,0.7427062666666667,0.0482186666666666,0.1461148888888889,0.0030498666666666,0.0055584,0.0764817777777777,0.0336705777777777,0.0004499111111111,0.0245854222222222,0.2246232,0.0341580444444444,0.0043570222222222,0.0022854666666666,3.591,0.153,0.062,0.003,0.001,0.074,0.445,0.195,0.08,0.011,0.007,0.008,1.607,0.143,0.132,0.0055,0.927,0.003,0.168,0.017,0.018,0.609,0.037,0.058,0.086,0.022,0.003,0.004,0.114,0.128,0.0009740531393058522,0.009,0.029,0.241,0.008,0.02,0.055,0.01,0.015,0.11,0.001,0.004064523927105068,0.009,0.003,0.005,0.001,0.005,0.004,0.003,0.008,0.005,0.017,0.004,0.001,0.027,0.02,0.006,0.0061038479553779,0.0217145229193029,0.092093182025752,0.0076764869830169,0.0005808772460872,0.3294751822222223,57600.0,57659.0,,,,,,,,,,,,,,,,,,,,,,,,,,,,,,,,,,,,,,,,,,,,2.7121796591369143,13322516.197373569,1916.4825061990866,0.33075,0.11445,,0.023957543515322425,1.902,,0.03171268376410861,0.048825,0.0030498666666666,0.11131168849768068,,,,0.017175,0.2437857142857142,,,2.7817541731495976,0.0853999999999999,,0.0297857142857142,,0.0,0.1333,0.05515,0.0903166666666666,0.0921166666666666,0.028425,0.01112,0.0093875,0.148775,0.0,0.7457666666666666,0.0338,0.0,0.34765,0.25392,0.0152799999999999,0.03216,0.31466,0.0,0.0,1.3559,0.0,0.0291428571428571,0.0,0.0,0.0,0.0197166666666666,0.0,0.01655,0.0116875,,,,,,0.027038880428215006,0.022,0.5,2.2,1.3,51.0,1630.0,875.37305,0.9730388866780312,2024-07-17 16:00:00
2024-07-17 10:15:00,54.23511111111111,1.0,0.0129500133333333,0.1440158533333333,0.0022183288888888,0.0096588844444444,1.782659457752248,0.007573753333333333,0.009296311111111111,0.028744444444444447,1.4802204444444445e-24,2.353422222222222e-05,3.758671111111111e-05,0.00037163733333333334,5.53267111111111e-25,2.7562977777777776e-05,0.0018849733333333334,0.0012503999999999998,3.8602622222222225e-07,0.10415022222222221,0.007762328888888889,0.020298533333333334,0.16178622222222222,3.240937777777778e-05,1.772968888888889e-05,0.18,1309.5186666666666,161.45457777777776,0.049822222222222226,161.45457777777776,40.73435,-111.87211,305.80199999999996,22.208000000000002,878.0377777777778,120.23608888888889,2.042222222222222,426688.53333333327,1967.6213333333333,169.60133333333334,13915048.68177778,0.001083051042661,7.239555555555555e-05,0.0045605911111111,4.250666666666667e-05,6.329333333333334e-05,3.6591111111111146e-05,0.0008962666666666,0.3451162222222221,1.4065420000000002,2.9185951111111117,11.289783466666668,0.2797146222222222,1.4392162666666666,1.9252549333333333,0.0022434666666666,0.2819445777777777,4.897413022222223,0.0042057333333333,1.7042738666666668,0.8585457333333333,0.1974008,0.1677114666666666,0.0043135111111111,0.0706049777777777,0.0827624888888888,0.0365620444444444,0.0007995999999999,0.0339807555555555,0.2462484444444444,0.0385721777777777,0.0043578222222222,0.0078229777777777,3.6907500000000004,0.1585,0.1436012444244519,0.003375,0.001,0.073875,0.44525000000000003,0.1975,0.079875,0.010875,0.00525,0.018181147836117777,1.5272118646307078,0.3044695271042167,0.12840000000000001,0.0056875,0.8708824904349055,0.0029375,0.23063572599048374,0.014436235502019064,0.014645259498280135,0.61865,0.032297530720047436,0.1126169675043584,0.0775,0.019625,0.003,0.00375,0.1095,0.131875,0.0009772964968926207,0.009125,0.04973570525855887,0.19828123219364066,0.007875,0.017867857142857126,0.04919995856416591,0.0095,0.012218958271242565,0.08889475910440559,0.0032613766851962663,0.004056458436216934,0.020893533929542234,0.002875,0.00475,0.001,0.009639566436542502,0.003875,0.00275,0.0074296870129520656,0.0046082933870300585,0.01865867022874129,0.003,0.0024507661654753553,0.024342164063687083,0.01666988100493473,0.009711943176756766,0.0065213465112665,0.0266784859740259,0.1023843644633144,0.0079406409967809,0.0007167857253857,0.3406667866666666,58500.0,58559.0,,,,,,,,,,,,,,,,,,,,,,,,,,,,,,,,,,,,,,,,,,,,2.893830919607854,13721911.853657877,1916.4701254116856,0.3235625,0.1398020122775426,,0.021816366184802496,1.30950111243515,,0.02881269230679612,0.04818125,0.0043135111111111,0.10241711756892896,,,,0.017343749999999998,0.22649285714285705,,,2.9553290154444443,0.1008418309239613,,0.025207142857142775,,0.0,0.12649166666666664,0.051183333333333324,0.08381249999999996,0.08549999999999995,0.02844375,0.00834,0.007040625,0.13558125,0.0,0.721225,0.03293999999999997,0.0,0.3291375,0.23878499999999997,0.011459999999999925,0.028185,0.298555,0.0,0.0,1.2269400000000001,0.0,0.021857142857142825,0.0,0.003440625,0.0,0.0183291666666666,0.0,0.015945833333333326,0.008765624999999999,,,,,,0.026176074415964888,0.019625,0.4254507367556023,2.6935738084642016,1.8111830542510634,51.24947519200022,1630.0,939.53967,0.975706317233545,2024-07-17 16:15:00
2024-07-17 10:30:00,55.65955555555556,1.0,0.0119960222222222,0.1394917955555555,0.0018413199999999,0.0102720666666666,1.750707257242757,0.007813518666666667,0.009525617777777776,0.029298222222222222,2.6755822222222222e-24,2.5030266666666666e-05,3.937871111111111e-05,0.00038901466666666667,1.0519853333333333e-24,3.075928888888889e-05,0.0019575022222222222,0.0012935333333333333,4.18728e-07,0.10568133333333334,0.008008395555555556,0.020543955555555556,0.16401955555555556,3.411937777777778e-05,1.9877511111111113e-05,0.18,1309.396,325.4776444444444,0.04808888888888889,325.4776444444444,40.73435,-111.87211,306.07977777777774,21.39466666666667,878.1186666666667,116.89782222222222,2.310666666666667,426840.6666666667,1966.5844444444444,172.27644444444442,13643310.730222223,0.0009803955555555,6.670222222222223e-05,0.0046339911111111,4.6942222222222224e-05,4.943111111111112e-05,3.5933333333333364e-05,0.0008488666666666,0.5364453632663632,1.649226104939505,3.2318030490620493,11.280450533333331,0.2753013777777778,1.477744711111111,1.650897466666667,0.0014914222222222,0.2826597333333333,4.869754622222222,0.0041014222222222,1.7561435111111112,0.9483701333333332,0.1275431999999999,0.1718871555555555,0.0031965333333333,0.0364153333333333,0.087324,0.0390688,0.0012151555555555,0.0274238222222222,0.2503363111111111,0.0341688444444444,0.0037024444444444,0.0065994666666666,3.7905,0.164,0.11275578260410157,0.00375,0.001,0.07375,0.4455,0.2,0.07975,0.01075,0.0035,0.01917753017761637,1.5067265503832274,0.3168181299730326,0.1248,0.005875,0.8147649808698109,0.002875,0.25622804553424944,0.011872471004038126,0.011290518996560271,0.6283000000000001,0.027595061440094878,0.11576453200955564,0.06899999999999999,0.017249999999999998,0.003,0.0035,0.10500000000000001,0.13575,0.0009805398544793893,0.00925,0.05244605386257196,0.15556246438728133,0.00775,0.01573571428571425,0.04339991712833183,0.009000000000000001,0.009437916542485129,0.06778951820881116,0.0036021632408717364,0.004048392945328801,0.022060221478971864,0.00275,0.0045000000000000005,0.001,0.010939360649616363,0.00375,0.0025,0.006859374025904131,0.004216586774060118,0.020317340457482576,0.002,0.0027693962057534706,0.02168432812737417,0.013339762009869463,0.010867988226903179,0.0067509313196063,0.0307901797733747,0.1187092278969179,0.0078495383385133,0.000841533070448,0.3609266666666666,59400.0,59459.0,,,,,,,,,,,,,,,,,,,,,,,,,,,,,,,,,,,,,,,,,,,,2.875846220372506,13453945.545827286,1915.4385405185958,0.31637499999999996,0.14409937265030678,,0.01967518885428257,1.3237603929710744,,0.025912700849483633,0.047537499999999996,0.0031965333333333,0.09352254664017726,,,,0.0175125,0.20919999999999994,,,2.938143936048889,0.104204395343083,,0.02062857142857135,,0.0,0.11968333333333331,0.04721666666666665,0.0773083333333333,0.0788833333333333,0.0284625,0.00556,0.00469375,0.1223875,0.0,0.6966833333333333,0.03207999999999995,0.0,0.31062500000000004,0.22365,0.00763999999999995,0.024210000000000002,0.28245,0.0,0.0,1.0979800000000002,0.0,0.01457142857142855,0.0,0.00688125,0.0,0.0169416666666666,0.0,0.01534166666666665,0.00584375,,,,,,0.02531326840371477,0.017249999999999998,0.5386291248395739,2.9355464308672086,2.0458646096928703,52.565038632984475,1630.0,1003.595,0.975665926147504,2024-07-17 16:30:00
2024-07-17 10:45:00,56.38222222222223,1.0,0.0082207377777777,0.1347582266666666,0.0013394622222222,0.01048568,1.9082650977777775,0.008027893777777777,0.00972083111111111,0.02976168888888889,5.330377777777778e-24,2.6390666666666668e-05,4.097164444444444e-05,0.00040447777777777777,2.2228577777777776e-24,3.384422222222222e-05,0.0020212533333333334,0.0013310888888888887,4.4935644444444445e-07,0.10697022222222222,0.008221057777777778,0.020743333333333336,0.165836,3.565995555555555e-05,2.1959555555555557e-05,0.18,1308.928,331.88191111111115,0.045511111111111106,331.88191111111115,40.73434973333333,-111.87211,306.6753333333333,21.075555555555557,878.188888888889,118.40337777777776,1.8662222222222222,426252.13333333336,1965.86,164.71644444444445,13808430.163111111,0.0007513644444444,6.100888888888889e-05,0.0047233511111111,3.6084444444444445e-05,9.789333333333335e-05,6.929777777777782e-05,0.0007525422222222,0.4114090702871202,1.4539041644170645,2.9099960504310505,9.968463955555556,0.2795260444444444,1.3874800444444444,1.5188301333333336,0.0017403555555555,0.2642071111111111,4.880679288888889,0.0018359111111111,1.7238878666666666,0.9638301777777778,0.2334246666666666,0.134798,0.0027855555555555,0.0720612,0.0925284888888888,0.0335803999999999,0.0007386666666666,0.0224217333333333,0.2383441777777777,0.0330379555555555,0.0044561777777777,0.0024358222222222,3.89025,0.1695,0.1595074994903009,0.004125,0.001,0.073625,0.44575,0.2025,0.079625,0.010624999999999999,0.0017499999999999998,0.02031435977182319,1.492414050501786,0.2819203504750163,0.1212,0.0060625,0.7586474713047162,0.0028125,0.26063284420346455,0.009308706506057187,0.007935778494840407,0.63795,0.02289259216014232,0.08780734634252942,0.0605,0.014875,0.003,0.0032500000000000003,0.1005,0.139625,0.0009837832120661576,0.009375,0.05553844558342983,0.112843696580922,0.007625,0.013603571428571375,0.03759987569249774,0.0085,0.006656874813727693,0.04668427731321674,0.002856030285057969,0.004040327454440667,0.02339136202426635,0.002625,0.00425,0.001,0.008093534480716712,0.003625,0.0022500000000000003,0.006289061038856196,0.003824880161090176,0.021976010686223863,0.001,0.002071773691589006,0.019026492191061256,0.010009643014804195,0.008336892748063238,0.0068166125729825,0.0323422735853035,0.1355993291974692,0.0079585849339549,0.0008354356288156,0.3725754933333333,60300.0,60359.0,,,,,,,,,,,,,,,,,,,,,,,,,,,,,,,,,,,,,,,,,,,,2.997197153549131,13616773.169017306,1914.7178018234663,0.3091875,0.131954813763329,,0.017534011523762643,1.2685978475849637,,0.02301270939217115,0.04689375,0.0027855555555555,0.08462797571142554,,,,0.017681250000000003,0.19190714285714283,,,3.0540994710331058,0.09470161734519954,,0.016049999999999925,,0.0,0.11287499999999995,0.043249999999999976,0.07080416666666664,0.07226666666666665,0.02848125,0.0027799999999999995,0.002346875,0.10919375,0.0,0.6721416666666666,0.031219999999999925,0.0,0.2921125,0.208515,0.0038199999999999745,0.020235,0.266345,0.0,0.0,0.96902,0.0,0.007285714285714274,0.0,0.010321875000000001,0.0,0.0155541666666666,0.0,0.014737499999999975,0.002921875000000001,,,,,,0.024450462391464648,0.014875,0.46466545148507377,2.7407971201414796,1.8047399195433749,53.23246645046978,1630.0,1066.5912,0.9765037535045503,2024-07-17 16:45:00
2024-07-17 11:00:00,57.932,1.0,0.0061595555555555,0.1303931288888889,0.0014830933333333,0.0107034577777777,1.9930325777777775,0.008209345777777778,0.00989092,0.03015728888888889,1.1844004444444445e-23,2.764417777777778e-05,4.241133333333334e-05,0.0004184768888888889,5.224266666666667e-24,3.682208888888889e-05,0.002078208888888889,0.0013645422222222222,4.782502222222223e-07,0.10805066666666667,0.00840903111111111,0.020908888888888887,0.1673711111111111,3.706991111111111e-05,2.39776e-05,0.18,1308.9244444444446,242.96035555555554,0.044577777777777786,242.96035555555554,40.73434622222222,-111.87211,307.2317777777778,20.30977777777778,878.1288888888889,126.00475555555555,2.4284444444444446,426970.8888888889,1965.053777777778,170.3093333333333,13340409.857777778,0.0007354533333333,0.0002275244444444,0.0047905555555555,2.12e-05,0.0001192755555555,0.0001247288888888,0.0007382844444444,0.4838847111111111,1.6854536,3.240830222222222,9.502253686324789,0.2815381923076923,1.3684915698412696,1.633108940781441,0.0012127709401709,0.2590511034188034,5.111190192429793,0.0014737107448107,1.6085187595848598,0.966145571916972,0.1889625474969474,0.1672530008547008,0.0064760102564102,0.0443025516483516,0.2028228518925519,0.0406224953601953,0.0001979031746031,0.024615973015873,0.2499289885225885,0.0265573172161172,0.0058763167277167,0.0026233612942612,3.99,0.175,0.05328101720879034,0.0045000000000000005,0.001,0.0735,0.446,0.20500000000000002,0.0795,0.010499999999999999,0.0,0.04440623480770682,1.3862882826751386,0.15275113814929017,0.1176,0.00625,0.7025299617396217,0.00275,0.2612925347405572,0.00674494200807625,0.004581037993120545,0.6476000000000001,0.018190122880189757,0.11227138363664504,0.052,0.012499999999999999,0.003,0.003,0.096,0.14350000000000002,0.0009870265696529262,0.0095,0.12107290675558961,0.07012492877456267,0.0075,0.0114714285714285,0.03179983425666365,0.008,0.0038758330849702587,0.025579036417622325,0.003813383871936643,0.004032261963552533,0.05160110589076749,0.0025,0.004,0.001,0.011744977389384178,0.0035,0.002,0.005718748051808262,0.0034331735481202344,0.02363468091496515,0.0,0.0029668841555066023,0.01636865625474834,0.006679524019738925,0.011584508761427782,0.0071204036374736,0.0344584072205572,0.1539170778443778,0.0083550791708291,0.0008708223809523,0.4201988488888889,61200.0,61259.0,,,,,,,,,,,,,,,,,,,,,,,,,,,,,,,,,,,,,,,,,,,,2.9591745288194344,13155248.849385135,1913.9157036682736,0.302,0.1176,,0.015392834193242715,1.67555,,0.02011271793485866,0.04625,0.0064760102564102,0.07573340478267382,,,,0.01785,0.1746142857142857,,,3.0177673747185354,0.0724666666666666,,0.0114714285714285,,0.0,0.1060666666666666,0.0392833333333333,0.0643,0.06565,0.0285,0.0,0.0,0.096,0.0,0.6476000000000001,0.0303599999999999,0.0,0.2736,0.19338,0.0,0.01626,0.25024,0.0,0.0,0.84006,0.0,0.0,0.0,0.0137625,0.0,0.0141666666666666,0.0,0.0141333333333333,0.0,,,,,,0.02358765637921453,0.012499999999999999,0.3,3.3,2.2,58.0,1577.5,1127.6212,0.9762534671718026,2024-07-17 17:00:00
2024-07-17 11:15:00,60.46711111111111,1.0,0.00688956,0.1271283022222222,0.0015967288888888,0.0109033022222222,2.108129657899878,0.008361940444444443,0.010038457777777779,0.03049688888888889,2.852568888888889e-23,2.8793244444444443e-05,4.3703066666666665e-05,0.00043108177777777777,1.3116013333333333e-23,3.9704177777777774e-05,0.002128853333333333,0.001393808888888889,5.054968888888889e-07,0.10893511111111112,0.008573755555555555,0.021046088888888887,0.16865288888888888,3.835191111111111e-05,2.594057777777778e-05,0.18,1308.6057777777778,250.8708,0.042133333333333335,250.8708,40.734349377777775,-111.87211,307.8037777777778,19.612000000000002,878.0577777777778,122.77288888888889,1.8684444444444446,426006.4,1963.7702222222224,165.7862222222222,12923323.25288889,0.0018432577777777,0.0003141822222222,0.0053017733333333,3.744e-05,0.0002012266666666,0.0002416666666666,0.0006749244444444,0.3112930133333333,1.2757170666666668,2.829337777777778,9.167666771212122,0.2840277780663781,1.225889741967292,1.448983958706109,0.0008724199134199,0.2359574479316979,4.8304499791726805,0.0011148494708994,1.2029863234247233,0.9233953436507936,0.0706702874218373,0.1569103083934583,0.0038554513468013,0.0025007464165464,0.115688529076479,0.0415913303992303,0.0006920365319865,0.0213888000962,0.2322664323713324,0.0260540762626262,0.0048906044011544,0.0018329148388648,4.08975,0.1805,0.08764367950376842,0.004875,0.001,0.073375,0.44625000000000004,0.2075,0.079375,0.010375,0.0015,0.025373265583781456,1.4511273177149633,0.2868585606603027,0.1267,0.0064375000000000005,0.5686474713047163,0.0026875000000000002,0.249112353160085,0.007808706506057188,0.007685778494840409,0.61345,0.03039259216014232,0.10447523489438558,0.0435,0.010124999999999999,0.003,0.00275,0.097,0.147375,0.0009902699272396945,0.009625,0.06929962714416726,0.107843696580922,0.0073750000000000005,0.012853571428571376,0.035849875692497736,0.0075,0.005156874813727693,0.04768427731321674,0.003945094343362035,0.0040241964726644005,0.029314953981618642,0.002375,0.00375,0.001,0.012247334380024923,0.003375,0.00175,0.006039061038856196,0.003824880161090176,0.024476010686223862,0.0015,0.003090031363389083,0.020776492191061254,0.011259643014804194,0.012031308190595325,0.007535032039072,0.0353344227350427,0.1748438231501831,0.0086697237118437,0.0011245591941391,0.482140191111111,62100.0,62159.0,,,,,,,,,,,,,,,,,,,,,,,,,,,,,,,,,,,,,,,,,,,,3.151870338591976,12743951.285250736,1912.638713882057,0.3069625,0.1336733295329324,,0.013862790086758007,1.2455655478236096,,0.018040439859207856,0.04933125,0.0038554513468013,0.06937751560186405,,,,0.0133875,0.16225714285714285,,,3.201895713302222,0.09604630791785708,,0.008603571428571375,,0.0,0.1109666666666666,0.039645833333333304,0.06338333333333332,0.06672916666666664,0.029575,0.0,0.0,0.10388125000000001,0.0,0.6438833333333334,0.030239999999999927,0.0,0.28366250000000004,0.2032,0.0,0.012195000000000001,0.268575,0.0,0.0,0.655215,0.0,0.0,0.0,0.010321875000000001,0.0,0.014795833333333275,0.0,0.0144583333333333,0.0,,,,,,0.02272485036696441,0.010124999999999999,0.4054430356757719,2.563132417577657,1.7443040027228869,57.005116555332854,1465.0,1185.8489,0.9752949440022393,2024-07-17 17:15:00
2024-07-17 11:30:00,62.94177777777778,1.0,0.0090006577777777,0.12927856,0.0018501866666666,0.0105868755555555,2.1362825244276094,0.008495632888888887,0.010164888888888888,0.030782844444444447,6.936413333333332e-23,2.9832488888888887e-05,4.485675555555555e-05,0.00044235377777777777,3.265644444444444e-23,4.2393377777777775e-05,0.0021734755555555554,0.0014194933333333333,5.305764444444444e-07,0.10968933333333333,0.008717404444444443,0.02115928888888889,0.16971511111111112,3.950755555555556e-05,2.7772622222222224e-05,0.18,1308.0720000000001,164.80422222222222,0.04195555555555555,164.80422222222222,40.73435,-111.87211,309.3051111111111,17.61288888888889,878.1577777777778,135.40048888888887,1.7568888888888887,426703.77777777775,1962.9266666666667,172.82488888888886,12097714.63111111,0.0025676311111111,0.0003479511111111,0.0057187866666666,4.753777777777778e-05,0.00023704,0.0003019866666666,0.0007693111111111,0.447247911111111,1.634180711111111,3.434127555555556,8.333199976873127,0.2951650432086432,1.2193218237484738,1.491872258857809,0.0005849475061975,0.2188857875420875,4.752607375448625,0.0025714637140637,0.6933330891441892,0.8125969046231546,0.0686958614977614,0.1790799756983757,0.0033447909386909,0.0023895488548488,0.109181683011433,0.0444915474580974,0.0016523287286787,0.0187895591704591,0.1444190223480223,0.0273819656232656,0.0037574767732267,0.0017661564343064,4.189500000000001,0.186,0.08677187630042056,0.00525,0.001,0.07325,0.4465,0.21,0.07925,0.01025,0.003,0.023951958836929733,1.434461596994126,0.3193498089795319,0.1358,0.006625000000000001,0.43476498086981086,0.002625,0.2175442151425109,0.008872471004038124,0.010790518996560274,0.5793,0.04259506144009488,0.12118635963518432,0.035,0.00775,0.003,0.0025,0.098,0.15125,0.000993513284826463,0.00975,0.06543340371089157,0.14556246438728132,0.00725,0.014235714285714251,0.039899917128331824,0.007,0.006437916542485129,0.06978951820881116,0.004339370913333971,0.004016130981776267,0.027650712438579833,0.0022500000000000003,0.0035,0.001,0.013751144889756907,0.0032500000000000003,0.0015,0.0063593740259041305,0.004216586774060118,0.025317340457482573,0.003,0.003458673721130775,0.025184328127374173,0.015839762009869463,0.013368806602765147,0.0080970746642246,0.0322474039682539,0.1767559507326007,0.008738527045177,0.0012644869352869,0.5485420622222223,63000.0,63059.0,,,,,,,,,,,,,,,,,,,,,,,,,,,,,,,,,,,,,,,,,,,,3.0400959125259583,11929801.87099175,1911.7994733646608,0.311925,0.1449804064931363,,0.0123327459802733,1.3109299564970343,,0.015968161783557047,0.0524125,0.0033447909386909,0.06302162642105427,,,,0.008925,0.14989999999999998,,,3.0950909032133334,0.1048937797081264,,0.00573571428571425,,0.0,0.11586666666666659,0.0400083333333333,0.06246666666666665,0.0678083333333333,0.030650000000000004,0.0,0.0,0.1117625,0.0,0.6401666666666668,0.030119999999999952,0.0,0.293725,0.21302,0.0,0.00813,0.28691,0.0,0.0,0.47036999999999995,0.0,0.0,0.0,0.00688125,0.0,0.01542499999999995,0.0,0.014783333333333301,0.0,,,,,,0.021862044354714293,0.00775,0.4858654747179253,2.920545145963733,2.1974630340448416,59.290625834396906,1352.5,1240.5332,0.9745599097794655,2024-07-17 17:30:00
2024-07-17 11:45:00,66.31511111111111,1.0,0.0249233244444444,0.2318750577777777,0.00238028,0.0178347377777777,2.299387929181929,0.008595482222222223,0.01026808888888889,0.031012622222222223,1.5610546666666666e-22,3.072475555555556e-05,4.5830533333333334e-05,0.0004518777777777778,7.461986666666667e-23,4.480444444444444e-05,0.002210804444444444,0.0014408177777777778,5.525853333333333e-07,0.11028133333333333,0.00883636,0.021246311111111114,0.17053955555555556,4.049422222222223e-05,2.942106666666667e-05,0.18,1307.9160000000002,281.23835555555553,0.04591111111111112,281.23835555555553,40.73434773333334,-111.87211,309.7775555555555,17.287111111111113,878.1995555555555,153.78284444444444,1.5613333333333335,427836.13333333336,1964.5328888888887,176.78311111111114,12200664.974666666,0.0024339822222222,0.0003695688888888,0.0061314888888888,5.361777777777778e-05,0.0002501644444444,0.0003321288888888,0.0007426088888888,0.6396266022603322,2.307904946475747,4.518687577940578,8.208373644444444,0.2924840888888889,1.425996088888889,1.5369051111111112,0.0003808,0.2282560888888888,5.009475066666667,0.0011515555555555,0.42058253333333334,0.9112461333333334,0.0349475555555555,0.1178555111111111,0.0035117333333333,0.0002632888888888,0.0583833777777777,0.0271067555555555,0.0014643555555555,0.0213506222222222,0.11158,0.0264653777777777,0.0090730222222222,0.0025532,4.28925,0.1915,0.07187038981302603,0.005625,0.001,0.073125,0.44675,0.2125,0.079125,0.010125,0.0045000000000000005,0.012855957297093545,1.4661949556269533,0.337621391825466,0.1449,0.0068125,0.30088249043490545,0.0025625,0.24565086081892984,0.009936235502019062,0.013895259498280136,0.54515,0.05479753072004744,0.07503638134121796,0.026500000000000003,0.005374999999999998,0.003,0.0022500000000000003,0.099,0.155125,0.0009967566424132315,0.009875,0.03525017882716891,0.18328123219364068,0.007125,0.015617857142857126,0.04394995856416591,0.006500000000000001,0.007718958271242565,0.09189475910440559,0.0019759560440732395,0.004008065490888134,0.01465814291400524,0.002125,0.0032500000000000003,0.001,0.004736842773087642,0.003125,0.00125,0.006679687012952066,0.0046082933870300585,0.026158670228741288,0.0045000000000000005,0.001248918193968563,0.029592164063687088,0.020419881004934734,0.005351430284512806,0.0149287155555555,0.0400482222222222,0.16281764,0.0098905111111111,0.00135348,0.6985661911111112,63900.0,63959.0,,,,,,,,,,,,,,,,,,,,,,,,,,,,,,,,,,,,,,,,,,,,4.114619572986984,12031323.293724759,1913.397479281346,0.3168875,0.1513389862372531,,0.010802701873788591,1.417064326784562,,0.01389588370790624,0.05549375,0.0035117333333333,0.056665737240244485,,,,0.004462500000000001,0.13754285714285713,,,4.12184004012032,0.10986919069279137,,0.002867857142857125,,0.0,0.12076666666666659,0.0403708333333333,0.06154999999999998,0.06888749999999995,0.031725,0.0,0.0,0.11964375,0.0,0.6364500000000001,0.029999999999999975,0.0,0.3037875,0.22284,0.0,0.004064999999999999,0.305245,0.0,0.0,0.2855249999999999,0.0,0.0,0.0,0.0034406249999999992,0.0,0.016054166666666626,0.0,0.0151083333333333,0.0,,,,,,0.02099923834246417,0.005374999999999998,0.5996647111915259,3.5922942085909666,3.0101060171329275,62.406109927086575,1240.0,1291.0511,0.9727401579634853,2024-07-17 17:45:00
2024-07-17 12:00:00,70.1288888888889,1.0,0.0285215777777777,0.3233407111111111,0.0027294222222222,0.0245911111111111,2.6078360622222223,0.008693228888888889,0.010352222222222223,0.03119751111111111,3.20204e-22,3.149293333333333e-05,4.665813333333333e-05,0.00045999733333333334,1.5453577777777777e-22,4.69508e-05,0.0022422933333333334,0.0014586355555555556,5.718848888888889e-07,0.11074755555555556,0.008935622222222222,0.021313866666666667,0.17118711111111112,4.1339377777777775e-05,3.0890666666666665e-05,0.18,1308.0382222222222,357.1669333333333,0.049911111111111114,357.1669333333333,40.734343377777776,-111.87211,310.6771111111111,17.04,878.0982222222223,154.8801333333333,1.568888888888889,428070.9777777777,1965.8697777777777,183.8222222222222,12425615.967555556,0.00214244,0.0003737466666666,0.0062186355555555,5.895555555555555e-05,0.0002638888888888,0.0003285377777777,0.00067892,0.5425733956191956,2.1876449565989566,4.820456575110075,8.984415866666666,0.2902235111111111,1.5475234222222225,1.875899955555556,4.213333333333334e-05,0.2370921777777777,5.301166355555555,0.0004210666666666,0.2753819111111111,0.9433964444444444,0.1007297333333333,0.1486719555555555,0.0043944444444444,0.0269647999999999,0.0774487555555555,0.0353535555555555,0.0007613618963106506,0.0255993777777777,0.0881142222222222,0.0290654222222222,0.0240731555555555,0.0025876444444444,4.389,0.197,0.07,0.006,0.001,0.073,0.447,0.215,0.079,0.01,0.006,0.009,1.477,0.158,0.154,0.007,0.167,0.0025,0.177,0.011,0.017,0.511,0.067,0.069,0.018,0.003,0.003,0.002,0.1,0.159,0.001,0.01,0.024,0.221,0.007,0.017,0.048,0.006,0.009,0.114,0.002,0.004,0.009,0.002,0.003,0.001,0.003,0.003,0.001,0.007,0.005,0.027,0.006,0.001,0.034,0.025,0.004,0.0214336044444444,0.0426045022222222,0.1458654444444444,0.0108558977777777,0.0013576488888888,0.9238190355555556,64800.0,64859.0,,,,,,,,,,,,,,,,,,,,,,,,,,,,,,,,,,,,,,,,,,,,4.644533056936731,12253152.032265672,1914.7275295849956,0.32185,0.1387,,0.009272657767303884,1.7132,,0.011823605632255433,0.058575,0.0043944444444444,0.05030984805943471,,,,0.0,0.1251857142857143,,,4.628192977986141,0.0678,,0.0,,0.0,0.1256666666666666,0.0407333333333333,0.0606333333333333,0.0699666666666666,0.0328,0.0,0.0,0.127525,0.0,0.6327333333333334,0.02988,0.0,0.31385,0.23266,0.0,0.0,0.32358,0.0,0.0,0.1006799999999999,0.0,0.0,0.0,0.0,0.0,0.0166833333333333,0.0,0.0154333333333333,0.0,,,,,,0.020136432330214053,0.003,0.6,3.7,3.4,69.0,1183.5,1347.3435,0.9728733682663396,2024-07-17 18:00:00
2024-07-17 12:15:00,72.95688888888888,1.0,0.0195797066666666,0.3558317777777777,0.0024840977777777,0.0273730355555555,2.5933174533333334,0.008752522666666667,0.010422311111111112,0.03134613333333333,5.901617777777777e-22,3.2140844444444445e-05,4.734728888888889e-05,0.00046676933333333334,2.8663999999999997e-22,4.8808622222222223e-05,0.0022682755555555553,0.0014733288888888888,5.883902222222223e-07,0.11111333333333334,0.009016920000000001,0.021365511111111114,0.1716928888888889,4.205035555555556e-05,3.21652e-05,0.18,1308.4448888888887,350.83413333333334,0.05022222222222222,350.83413333333334,40.73434955555555,-111.87211,310.8757777777778,16.992,878.0222222222222,107.28915555555555,0.9911111111111112,427836.8888888889,1966.0306666666663,187.89333333333332,12620878.742666664,0.0017244888888888,0.0002282755555555,0.0062431155555555,5.855111111111112e-05,0.0002440133333333,0.0002224311111111,0.0005793466666666,0.3208346666666666,1.755564,4.318524888888888,9.598214844444446,0.2993337333333333,1.6247128444444443,2.427266177777778,0.0005332444444444,0.2589416444444444,5.495282888888889,0.0010979111111111,0.13550457777777777,0.8848363555555555,0.3086003111111111,0.2105331111111111,0.0079718222222222,0.1045044444444444,0.1156801777777777,0.045656,0.0006284042271700337,0.0266332444444444,0.0943864,0.0354537777777777,0.0227314666666666,0.0029289777777777,4.471625,0.19637500000000002,0.19270113154366864,0.007125,0.001,0.073,0.446875,0.213,0.08375,0.010125,0.0045000000000000005,0.02537144138860756,1.4957858296149595,0.38890738194253904,0.144175,0.007,0.14205604960096924,0.0024375,0.23812631880174145,0.009936235502019062,0.013895259498280136,0.4952833333333333,0.05476324111508721,0.1448952075011543,0.016624999999999997,0.002875,0.003,0.0022500000000000003,0.09601875,0.173875,0.001,0.01025,0.06929466498793758,0.17666392427256525,0.007125,0.012750000000000001,0.045227146055468084,0.006125,0.009125,0.09453066382926832,0.004497675048782304,0.004125,0.029312817988527962,0.002125,0.0032500000000000003,0.001,0.0143549327908188,0.002875,0.0009944039582558508,0.008560401353786058,0.004294778945534887,0.025667168421913602,0.0045000000000000005,0.003606685584316272,0.032480088426473396,0.023638131428607205,0.013905819313962089,0.0229237111111111,0.0385723644444444,0.1534277333333333,0.0115324133333333,0.0011741422222222,0.9673045644444446,65700.0,65759.0,,,,,,,,,,,,,,,,,,,,,,,,,,,,,,,,,,,,,,,,,,,,4.807594386601086,12445704.616855906,1914.887595479251,0.31372500000000003,0.16918670423000268,,0.01184322030805406,1.4171351441287356,,0.015305152584208653,0.05713125,0.0079718222222222,0.060988109275633334,,,,0.003865625,0.14594642857142856,,,4.784004418586666,0.12383453133894602,,0.0,,0.0,0.1207416666666666,0.0433208333333333,0.0627708333333333,0.07307083333333327,0.0329375,0.0,0.0,0.1166625,0.0,0.5865833333333333,0.02974,0.0,0.29960000000000003,0.23488,0.003694999999999975,0.006525,0.32508499999999996,0.0,0.0,0.09818499999999993,0.004160714285714275,0.005960714285714275,0.0,0.0,0.0,0.0175333333333333,0.0,0.015224999999999975,0.0,,,,,,0.019273626317963935,0.002875,0.4110872827467059,3.0415725726906206,2.8601274070268716,68.5402066703217,1191.0,1396.2659,0.9706776445467705,2024-07-17 18:15:00
2024-07-17 12:30:00,74.4511111111111,1.0,0.0280786761904761,0.3486836238095238,0.0024871142857142,0.0287736904761904,2.553084819147519,0.008797674222222222,0.01047617777777778,0.0314616,9.723782222222222e-22,3.266737777777778e-05,4.790315555555556e-05,0.000472228,4.743337777777778e-22,5.0356044444444446e-05,0.002289142222222222,0.0014850755555555555,6.019897777777777e-07,0.11138755555555555,0.009081622222222223,0.021404044444444444,0.17207111111111112,4.262662222222222e-05,3.322982222222222e-05,0.18,1308.8315555555557,343.23111111111115,0.048933333333333336,343.23111111111115,40.73435,-111.87211,312.04777777777775,15.593777777777778,878.0,131.52328888888889,0.9355555555555557,428492.2222222222,1965.335555555556,189.9955555555556,12342547.252888888,0.0013736285714285,0.0001525,0.0061641,7.310476190476191e-05,0.0002284809523809,0.0001080809523809,0.000577119047619,0.6591811999999999,2.6094244444444445,5.638598666666667,9.266466444444443,0.3011202666666667,1.6651322666666666,2.5635284444444446,0.0007391111111111,0.2535381333333333,5.543235244444444,0.0005177777777777,0.13272324444444444,0.6814667111111111,0.0937436888888888,0.2330039111111111,0.0077542222222222,0.0071831555555555,0.1351466666666666,0.0527859555555555,0.0004954465580294168,0.0279766222222222,0.0721961333333333,0.0374974222222222,0.0218826222222222,0.0036201777777777,4.55425,0.19575,0.09783168659272583,0.00825,0.001,0.073,0.44675,0.211,0.0885,0.01025,0.003,0.029623555503296747,1.482052854268609,0.39861146759954214,0.13435,0.007,0.11711209920193848,0.002375,0.18018325515618142,0.008872471004038124,0.010790518996560272,0.47956666666666664,0.04252648223017441,0.16183332103532763,0.01525,0.00275,0.003,0.0025,0.0920375,0.18875,0.001,0.0105,0.08086122039027308,0.13232784854513052,0.00725,0.0085,0.042454292110936175,0.00625,0.00925,0.07506132765853663,0.005466972988707842,0.00425,0.03429171854682221,0.0022500000000000003,0.0035,0.001,0.018051932663840246,0.00275,0.0009888079165117016,0.010120802707572117,0.003589557891069775,0.024334336843827204,0.003,0.004512963829441887,0.03096017685294678,0.022276262857214405,0.01719395397451815,0.0214555523809523,0.0279444047619047,0.1066041619047619,0.0118982285714285,0.0009537714285714,1.055921019047619,66600.0,66659.0,,,,,,,,,,,,,,,,,,,,,,,,,,,,,,,,,,,,,,,,,,,,4.530897442538914,12171236.287195705,1914.1960400687108,0.3056,0.1725637626389037,,0.014413782848804235,1.4785587758851335,,0.018786699536161876,0.0556875,0.0077542222222222,0.07166637049183196,,,,0.00773125,0.16670714285714283,,,4.51960973008,0.12647698518550626,,0.0,,0.0,0.1158166666666666,0.0459083333333333,0.0649083333333333,0.07617499999999994,0.033075,0.0,0.0,0.1058,0.0,0.5404333333333333,0.0296,0.0,0.28535,0.2371,0.00738999999999995,0.01305,0.32659,0.0,0.0,0.09568999999999994,0.00832142857142855,0.01192142857142855,0.0,0.0,0.0,0.0183833333333333,0.0,0.01501666666666665,0.0,,,,,,0.018410820305713817,0.00275,0.6112319917413062,3.8929297349568603,3.8492369726834084,69.9202142486646,1198.5,1429.3129,0.9687337798190728,2024-07-17 18:30:00
2024-07-17 12:45:00,75.39911111111111,1.0,0.0203713466666666,0.3051748133333333,0.0022127555555555,0.0264347288888888,2.343885224053724,0.008884190222222222,0.010517066666666667,0.03154831111111111,1.4313786666666669e-21,3.307671111111111e-05,4.832991111111111e-05,0.0004764315555555556,7.003653333333333e-22,5.1578577777777777e-05,0.0023051644444444445,0.0014940355555555554,6.126591111111111e-07,0.111588,0.009130711111111111,0.021431822222222223,0.17235066666666665,4.30732e-05,3.407155555555555e-05,0.18,1308.5777777777778,358.5404,0.05102222222222222,358.5404,40.73435,-111.87211,312.4162222222222,15.371555555555554,877.9933333333333,140.90279999999998,1.572888888888889,428396.97777777776,1963.9813333333332,184.9328888888889,11907557.214666665,0.0011894844444444,6.874666666666666e-05,0.0062549866666666,5.900444444444444e-05,0.0002145333333333,9.43866666666667e-05,0.0005159066666666,0.5631939555555556,2.247126977777778,5.339144888888889,8.204262133333334,0.2987904888888888,1.5038384,1.7235904888888889,0.0007830222222222,0.2151894222222222,5.359636355555556,7.675555555555578e-05,0.18463026666666668,0.4875939999999999,0.0416078222222221,0.1231139111111111,0.0017638666666666,0.0006178666666666,0.0548041333333333,0.0221838666666666,0.0003624888888888,0.0251935111111111,0.0715093777777777,0.0222904444444444,0.0151264888888888,0.0035001333333333,4.636875,0.195125,0.07481121516603008,0.009375,0.001,0.073,0.446625,0.209,0.09325,0.010375,0.0014999999999999996,0.012074133933413833,1.455298138232557,0.3752416494771489,0.124525,0.007,0.09216814880290772,0.0023125000000000003,0.12494601033660296,0.007808706506057188,0.007685778494840409,0.46385,0.030289723345261615,0.07900007538896422,0.013874999999999998,0.002625,0.003,0.00275,0.08805625,0.203625,0.001,0.010750000000000001,0.033123471263135744,0.08799177281769577,0.0073750000000000005,0.00425,0.039681438166404265,0.0063750000000000005,0.009375,0.05559199148780494,0.0013067027757601864,0.004375,0.013742687524775421,0.002375,0.00375,0.001,0.0021842434679012306,0.002625,0.0009832118747675523,0.011681204061358176,0.0028843368366046626,0.023001505265740806,0.0014999999999999996,0.0006231769718238723,0.029440265279420175,0.020914394285821605,0.0030811326003976113,0.01752472,0.0199692666666666,0.0781000266666666,0.0113081511111111,0.0007188044444444,1.178275408888889,67500.0,67559.0,,,,,,,,,,,,,,,,,,,,,,,,,,,,,,,,,,,,,,,,,,,,3.7724674834238217,11742283.784174923,1912.8487450968948,0.297475,0.16443097778989926,,0.01698434538955441,1.4696316247929673,,0.022268246488115095,0.05424375,0.0017638666666666,0.08234463170803058,,,,0.011596875,0.18746785714285713,,,3.794900415078307,0.12011330827933982,,0.0,,0.0,0.1108916666666666,0.0484958333333333,0.0670458333333333,0.07927916666666662,0.0332125,0.0,0.0,0.0949375,0.0,0.4942833333333333,0.02946,0.0,0.2711,0.23932,0.011084999999999925,0.019575000000000002,0.328095,0.0,0.0,0.09319499999999997,0.012482142857142827,0.017882142857142826,0.0,0.0,0.0,0.0192333333333333,0.0,0.014808333333333326,0.0,,,,,,0.0175480142934637,0.002625,0.5544519239295868,3.5316944240527857,3.6248611831948847,70.79575147787503,1206.0,1457.1549,0.9730009102370023,2024-07-17 18:45:00
2024-07-17 13:00:00,75.79022222222221,1.0,0.0158883511111111,0.2561320222222222,0.0017764977777777,0.0236200577777777,2.238162021177711,0.008950885333333332,0.010545688888888889,0.03160768888888889,1.88448e-21,3.3368355555555555e-05,4.863302222222222e-05,0.0004794128888888889,9.23995111111111e-22,5.24624e-05,0.002316355555555556,0.0015002177777777778,6.203195555555556e-07,0.111728,0.009165333333333333,0.021450399999999998,0.17253733333333335,4.339102222222222e-05,3.467928888888888e-05,0.18,1308.3924444444444,359.00044444444444,0.05075555555555556,359.00044444444444,40.73435,-111.87211,311.48866666666663,15.858222222222222,877.8995555555555,133.38946666666666,1.6497777777777778,428081.8222222222,1963.1484444444443,181.81022222222225,11614957.018222224,0.0010987288888888,6.323111111111112e-05,0.0064085911111111,4.1240000000000005e-05,0.0001991555555555,0.00010608,0.0004390622222222,0.3858027535668035,1.7671097396455395,4.11932543919044,7.669388147252747,0.3078270439560439,1.3445528411477412,1.5848978477411475,0.000707201098901,0.1901397814407814,5.285037736996338,0.0008271373626373,0.14211467264957264,0.35656893003663,0.0417078658119657,0.1136000743589743,0.0022923919413919,0.0012841699633699,0.048196147008547,0.0177660704517704,0.00070150723905715,0.0201415964590964,0.0612358169719169,0.0184605064713064,0.0193418673992674,0.0026868272283272,4.7195,0.1945,0.07039524860217167,0.010499999999999999,0.001,0.073,0.4465,0.20700000000000002,0.098,0.010499999999999999,0.0,0.010630734865319189,1.0982202759851756,0.13859672679359494,0.1147,0.007,0.06722419840387694,0.0022500000000000003,0.08761500162686676,0.00674494200807625,0.004581037993120545,0.4481333333333333,0.01805296446034882,0.07182870422935782,0.012499999999999999,0.0025,0.003,0.003,0.084075,0.21850000000000003,0.001,0.011,0.02919715253356034,0.043655697090261014,0.0075,0.0,0.03690858422187235,0.006500000000000001,0.0095,0.03612265531707326,0.0007061154738136595,0.0045000000000000005,0.01205257756249772,0.0025,0.004,0.001,0.0014426185660163515,0.0025,0.0009776158330234031,0.013241605415144235,0.00217911578213955,0.02166867368765441,0.0,6.163734233220145e-05,0.027920353705893564,0.01955252571442881,0.0010437694297176772,0.0132817958485958,0.0145743115384615,0.0707245531746031,0.0105311677045177,0.0004947661782661,1.209536773333333,68400.0,68459.0,,,,,,,,,,,,,,,,,,,,,,,,,,,,,,,,,,,,,,,,,,,,3.1784069020911403,11453744.793346137,1912.0201166829854,0.28935,0.1147,,0.019554907930304587,1.39415,,0.025749793440068315,0.0528,0.0022923919413919,0.0930228929242292,,,,0.0154625,0.2082285714285714,,,3.2272524315131124,0.0900166666666666,,0.0,,0.0,0.1059666666666666,0.0510833333333333,0.0691833333333333,0.0823833333333333,0.03335,0.0,0.0,0.084075,0.0,0.4481333333333333,0.02932,0.0,0.25685,0.24154,0.0147799999999999,0.0261,0.3296,0.0,0.0,0.0907,0.0166428571428571,0.0238428571428571,0.0,0.0,0.0,0.0200833333333333,0.0,0.0146,0.0,,,,,,0.01668520828121358,0.0025,0.44951835138648255,3.4,3.5,69.0,1210.0,1479.9583,0.9766022694210066,2024-07-17 19:00:00
2024-07-17 13:15:00,73.528,1.0,0.0321057733333333,0.1860233111111111,0.0014807911111111,0.0178871377777777,2.3312268657409256,0.00898382488888889,0.01056311111111111,0.031642222222222224,2.2224577777777778e-21,3.3542577777777775e-05,4.8814800000000006e-05,0.00048119066666666663,1.0909515555555556e-21,5.299848888888889e-05,0.0023230355555555553,0.001503991111111111,6.24944e-07,0.11179866666666666,0.009185844444444445,0.021459733333333335,0.17265333333333333,4.358106666666667e-05,3.504937777777778e-05,0.18,1309.092,358.83079999999995,0.04497777777777778,358.83079999999995,40.73435,-111.87211,312.578,14.100444444444443,877.7124444444445,116.07355555555554,1.0546666666666666,427999.2,1961.1937777777775,177.55200000000002,10752521.901333334,0.0009096088888888,0.0001045155555555,0.0064050622222222,7.157777777777777e-05,0.00016128,6.942222222222252e-06,0.00032456,0.9707331824619824,3.5488167030192037,6.014983369093869,7.206021246248197,0.3530249153920154,1.2498872325396824,1.4045923963443967,0.0012203059163059,0.1791887697210197,5.068319962602213,0.0003709209475709,0.12243667481962482,0.2688413417989418,0.0396139859066858,0.1080591272727272,0.0029741113516113,0.0030503757816257,0.0471848455026455,0.0193233025493025,0.0010405255892255,0.0209009462000962,0.0551119597402597,0.0254604065175565,0.0237764902116402,0.0025074666666666,4.802125,0.19387500000000002,0.0739308413491955,0.011625,0.001,0.073,0.446375,0.20500000000000002,0.10275000000000001,0.010624999999999999,0.0025,0.01040983373456085,1.4002257460507224,0.341170666283524,0.126275,0.007,0.06091814880290771,0.0021875,0.06262009522078088,0.007308706506057187,0.010435778494840408,0.46959999999999996,0.020289723345261614,0.06765203090959618,0.011125,0.002375,0.003,0.0032500000000000003,0.09205625,0.233375,0.001,0.01125,0.028596259636888482,0.10149177281769577,0.007625,0.0045,0.04818143816640426,0.006625,0.009625,0.07384199148780494,0.0009178169146378846,0.004625,0.011793919226057256,0.002625,0.00425,0.001,0.0007009936641314725,0.002375,0.0009720197912792539,0.011681204061358176,0.0031343368366046624,0.025501505265740805,0.0025,0.00025957484160665746,0.03394026527942017,0.025664394285821606,0.0017619210078766772,0.0090254265934065,0.0090911819536019,0.0463986744810744,0.0088630058608058,0.0003713978998778,1.2559974444444444,69300.0,69359.0,,,,,,,,,,,,,,,,,,,,,,,,,,,,,,,,,,,,,,,,,,,,2.818504995921425,10603280.02501616,1910.075448719072,0.295275,0.1525741471352232,,0.02412514083218882,1.432348375947953,,0.03193967607355129,0.055981249999999996,0.0029741113516113,0.1120078971680642,,,,0.022265625,0.24513928571428567,,,2.88335216656,0.11083566958381656,,0.008503571428571425,,0.015225,0.10780833333333327,0.062491666666666626,0.08740833333333331,0.10091249999999997,0.03334375,0.00529,0.0,0.1041375,0.003395833333333325,0.5142833333333333,0.032244999999999996,0.0,0.3179875,0.29391,0.0161849999999999,0.03157,0.42485,0.0,0.0,0.094335,0.012482142857142827,0.029396428571428525,0.008085714285714274,0.0019375,0.0,0.02634999999999995,0.0,0.015624999999999976,0.003128125,,,,,,0.01582240226896346,0.002375,0.7955267154147795,4.829567955779276,4.131255838450323,69.06766346335283,1210.0,1498.011,0.9780075139768194,2024-07-17 19:15:00
2024-07-17 13:30:00,71.35244444444444,1.0,0.0186218933333333,0.1520165733333333,0.001166,0.0147317111111111,2.2857476926784326,0.009001598666666668,0.010569911111111111,0.031654133333333334,2.35012e-21,3.3601777777777776e-05,4.8876666666666666e-05,0.000481808,1.154031111111111e-21,5.318057777777777e-05,0.0023255022222222217,0.0015049911111111112,6.265146666666666e-07,0.1118,0.00919283111111111,0.021464044444444445,0.1727,4.364755555555555e-05,3.5176044444444446e-05,0.18,1309.4946666666667,285.74635555555557,0.04822222222222223,285.74635555555557,40.734349377777775,-111.87211,312.5468888888889,13.724444444444446,877.5079999999999,102.03693333333334,1.252888888888889,427068.6666666667,1959.0075555555557,174.3328888888889,10876209.208,0.0008836266666666,0.0001462355555555,0.0064277066666666,6.674666666666668e-05,0.0001342533333333,1.1931111111111141e-05,0.0002677511111111,0.2783632,1.3865862222222225,3.2357693333333333,7.237353417469567,0.3569163371998372,1.26942753015688,1.4677011166111669,0.0011979037832537,0.1725763238705738,4.897963266294817,0.0018158955322455,0.13653045633810634,0.2010609884041884,0.2325839485162985,0.1205119889832389,0.0030024842305842,0.0823787914474414,0.0630361455932956,0.0247001534021534,0.0006148711566211,0.0258465599530099,0.1060008544585044,0.0366547486809486,0.0195693301272801,0.0025255277167277,4.88475,0.19325,0.159136282334131,0.01275,0.001,0.073,0.44625000000000004,0.203,0.10750000000000001,0.01075,0.005,0.013872273069992253,1.357033606837966,0.32631090044553845,0.13785,0.007,0.05461209920193848,0.002125,0.043308455367156516,0.007872471004038125,0.016290518996560272,0.49106666666666665,0.022526482230174408,0.077038789969265,0.009749999999999998,0.0022500000000000003,0.003,0.0035,0.1000375,0.24825000000000003,0.001,0.0115,0.03801475013838819,0.15932784854513052,0.00775,0.009,0.059454292110936176,0.00675,0.00975,0.11156132765853663,0.0016487850692562338,0.00475,0.01584817098771288,0.00275,0.0045000000000000005,0.001,0.0034889797553990954,0.0022500000000000003,0.0009664237495351047,0.010120802707572117,0.004089557891069775,0.029334336843827205,0.005,0.0009430185064731255,0.03996017685294678,0.0317762628572144,0.004241573162247227,0.0065122933333333,0.0062322533333333,0.0316438444444444,0.0066775911111111,0.0003535555555555,1.0401022755555556,70200.0,70259.0,,,,,,,,,,,,,,,,,,,,,,,,,,,,,,,,,,,,,,,,,,,,2.666837057841694,10725250.587844225,1907.900409675305,0.3012,0.14740289257799913,,0.028695373734073056,1.3451305680073844,,0.03812955870703427,0.0591625,0.0030024842305842,0.13099290141189918,,,,0.029068749999999997,0.28204999999999997,,,2.738427554613333,0.10678930738283653,,0.01700714285714285,,0.03045,0.10964999999999994,0.07389999999999995,0.1056333333333333,0.11944166666666664,0.0333375,0.01058,0.0,0.1242,0.00679166666666665,0.5804333333333334,0.03517,0.0,0.379125,0.34628,0.0175899999999999,0.037040000000000003,0.5201,0.0,0.0,0.09797,0.00832142857142855,0.034949999999999946,0.01617142857142855,0.003875,0.0,0.0326166666666666,0.0,0.01664999999999995,0.00625625,,,,,,0.01495959625671334,0.0022500000000000003,0.38596381169225485,2.6736765354961833,2.0488364812495075,67.05840198328484,1210.0,1511.7036,0.9791976549842947,2024-07-17 19:30:00
2024-07-17 13:45:00,74.38444444444444,1.0,0.0328229066666666,0.2471890711111111,0.0015707555555555,0.0276027466666666,2.3268339693484297,0.008940963111111111,0.010563377777777777,0.031642222222222224,2.2290355555555555e-21,3.3546533333333335e-05,4.881831111111111e-05,0.00048123999999999997,1.0940973333333334e-21,5.3007155555555554e-05,0.0023232488888888887,0.0015040533333333334,6.250315555555555e-07,0.11179866666666666,0.00918616,0.02146,0.17265955555555557,4.3586088888888884e-05,3.5055555555555555e-05,0.18,1309.6902222222222,241.0262666666667,0.04822222222222223,241.0262666666667,40.73434995555555,-111.87211,312.8588888888889,13.655555555555555,877.2053333333334,98.7936,1.0826666666666669,428493.06666666665,1961.108,185.2462222222222,11196735.859555554,0.0008992888888888,9.693333333333334e-06,0.0067782799999999,5.607555555555555e-05,0.0001281866666666,1.692000000000003e-05,0.00024232,0.4186685333333333,2.289610933333333,5.3598217777777775,8.22938248888889,0.3310172888888888,1.6646955999999995,2.297640355555556,0.0017190666666666,0.2269144,5.4900945777777785,0.0008706222222222,0.1583748888888889,0.2518158666666666,0.4998150222222222,0.1945324444444444,0.0067826222222222,0.1891388444444444,0.0978393333333333,0.0366154666666666,0.0028867111111111,0.0357005333333333,0.1298875555555555,0.0536044444444444,0.0379285333333333,0.0034978222222222,4.967375,0.192625,0.2771315452862977,0.013875,0.001,0.073,0.446125,0.201,0.11225,0.010875,0.0075,0.021474420877451265,1.3985310758193634,0.37668803010890084,0.149425,0.007,0.048306049600969236,0.0020625,0.05776928185637628,0.008436235502019062,0.022145259498280136,0.5125333333333333,0.024763241115087205,0.1328341723523184,0.008374999999999999,0.002125,0.003,0.00375,0.10801875,0.26312500000000005,0.001,0.01175,0.05869403141354401,0.21716392427256526,0.007875,0.013499999999999998,0.0707271460554681,0.006875,0.009875,0.1492806638292683,0.0032686392900670475,0.004875,0.024749704893408577,0.002875,0.00475,0.001,0.009667266742278365,0.002125,0.0009608277077909554,0.008560401353786058,0.005044778945534888,0.0331671684219136,0.0075,0.0024575565861770002,0.04598008842647339,0.0378881314286072,0.009736580000810444,0.0086759111111111,0.0081802933333333,0.0360294444444444,0.0076286577777777,0.0005556044444444,1.318227448888889,71100.0,71159.0,,,,,,,,,,,,,,,,,,,,,,,,,,,,,,,,,,,,,,,,,,,,3.4959762454614673,11041328.422710376,1909.990109720201,0.307125,0.164934323704968,,0.03326560663595729,1.4786379246815642,,0.04431944134051725,0.06234375,0.0067826222222222,0.14997790565573416,,,,0.035871875,0.31896071428571426,,,3.530702286748225,0.12050716239389052,,0.025510714285714275,,0.045675,0.11149166666666663,0.08530833333333328,0.1238583333333333,0.13797083333333332,0.03333125,0.015870000000000002,0.0,0.14426250000000002,0.010187499999999974,0.6465833333333333,0.038095000000000004,0.0,0.4402625,0.39864999999999995,0.0189949999999999,0.042510000000000006,0.6153500000000001,0.0,0.0,0.101605,0.0041607142857142745,0.040503571428571375,0.024257142857142824,0.0058125,0.0,0.03888333333333325,0.0,0.017674999999999927,0.009384375,,,,,,0.01409679024446322,0.002125,0.46895969710516994,3.5740538284249546,3.6403540358916833,69.85864341679327,1210.0,1521.5046,0.9733080102143998,2024-07-17 19:45:00
2024-07-17 14:00:00,77.70044444444444,1.0,0.0387664044444444,0.3013670577777777,0.00187664,0.0360048933333333,2.2386047644444447,0.008885187111111111,0.01054657777777778,0.03160817777777778,1.895702222222222e-21,3.337337777777778e-05,4.8640088888888886e-05,0.00047947955555555555,9.29463111111111e-22,5.2480533333333333e-05,0.002316608888888889,0.00150044,6.204808888888889e-07,0.11173022222222222,0.009166106666666667,0.0214508,0.17254711111111112,4.3399288888888894e-05,3.4694000000000004e-05,0.18,1309.3462222222222,358.80355555555553,0.04964444444444445,358.80355555555553,40.73435,-111.87211,313.1886666666666,13.638222222222222,876.9888888888888,98.12893333333334,1.1853333333333333,429284.48888888885,1962.1386666666667,194.2555555555556,11283675.17422222,0.0011078666666666,5.3117777777777784e-05,0.0070406266666666,2.1177777777777775e-05,0.0001535155555555,0.0001240844444444,0.0002033022222222,0.5374758666666666,2.9309475555555555,6.438776444444445,8.52659,0.3177126666666667,1.7779307111111111,2.2958907555555554,0.0012761777777777,0.2272334222222222,5.823246444444445,0.000272,0.12228226666666667,0.2500936444444444,0.4554113777777777,0.2005944,0.0053558222222222,0.1702229333333333,0.0869978666666666,0.0318623555555555,0.0033488444444444,0.0300885777777777,0.1250704,0.0402726222222222,0.0512983555555555,0.0033093333333333,5.05,0.192,0.081,0.015,0.001,0.073,0.446,0.199,0.117,0.011,0.01,0.019,1.226,0.141,0.161,0.007,0.042,0.002,0.036,0.009,0.028,0.534,0.027,0.12,0.007,0.002,0.003,0.004,0.116,0.278,0.001,0.012,0.038,0.275,0.008,0.018,0.082,0.007,0.01,0.187,0.002,0.005,0.015,0.003,0.005,0.001,0.003,0.002,0.0009552316660468062,0.007,0.006,0.037,0.01,0.001,0.052,0.044,0.005,0.0094239288888888,0.0086847333333333,0.0330181333333333,0.0081498933333333,0.0006875511111111,1.5933470044444444,72000.0,72059.0,,,,,,,,,,,,,,,,,,,,,,,,,,,,,,,,,,,,,,,,,,,,3.7857892926027055,11127061.044978213,1911.0155042195906,0.31305,0.15045,,0.037835839537841524,1.5152,,0.05050932397400022,0.065525,0.0053558222222222,0.16896290989956916,,,,0.042675,0.3558714285714285,,,3.807629921723689,0.11775,,0.0340142857142857,,0.0609,0.1133333333333333,0.0967166666666666,0.1420833333333333,0.1565,0.033325,0.02116,0.0,0.164325,0.0135833333333333,0.7127333333333333,0.04102,0.0,0.5014,0.45102,0.0203999999999999,0.04798,0.7106,0.0,0.0,0.10524,0.0,0.0460571428571428,0.0323428571428571,0.00775,0.0,0.0451499999999999,0.0,0.0186999999999999,0.0125125,,,,,,0.013233984232213102,0.002,0.5392387063864564,4.2,4.3,75.0,1255.5,1527.9333,0.9693523580107196,2024-07-17 20:00:00
2024-07-17 14:15:00,80.83422222222222,1.0,0.0371269644444444,0.3463019555555555,0.00203924,0.0418922933333333,2.2838421422222224,0.008888351999999999,0.010517911111111111,0.03155008888888889,1.444088888888889e-21,3.308488888888889e-05,4.83412e-05,0.0004765288888888889,7.066444444444444e-22,5.16064e-05,0.0023054666666666667,0.0014941333333333335,6.129155555555556e-07,0.11159733333333334,0.009131986666666666,0.021432533333333333,0.172356,4.308355555555555e-05,3.409106666666666e-05,0.18,1308.8600000000001,358.8839111111111,0.05035555555555556,358.8839111111111,40.73434986666666,-111.87211,313.4473333333333,13.873777777777777,876.8199999999999,103.60159999999999,1.2835555555555556,429798.0444444445,1963.148888888889,204.66044444444444,11552224.399555556,0.0013378158730158,9.654222222222224e-05,0.0072938711111111,2.405777777777777e-05,0.0001826533333333,0.0001931288888888,0.00025576,0.4146535091667591,2.580842068117068,5.882582787897289,8.90004311111111,0.3107529777777778,1.9791393333333331,2.8499657333333337,0.0013491999999999,0.2385559111111111,5.995344,0.0013584,0.23739711111111111,0.256842,0.3920795111111111,0.2462965777777777,0.0052330222222222,0.1402739555555555,0.1079775999999999,0.0359438222222222,0.0037232888888888,0.0285855555555555,0.1529851111111111,0.0385026666666666,0.0518638666666666,0.0036813777777777,4.92675,0.18925,0.22956117936084794,0.01475,0.001,0.073,0.445625,0.1995,0.115625,0.010875,0.01219,0.023688947957186828,1.43885193438107,0.46630618437300175,0.1596625,0.006875,0.05012881488223839,0.0019130002462558846,0.059201302669610115,0.008436235502019062,0.032668457939533595,0.5553750000000001,0.027232092672223856,0.17185311103710413,0.010375,0.00275,0.0032500000000000003,0.004625,0.12078125,0.3220185714100575,0.001,0.012,0.06471796432476266,0.29143579825239685,0.008125,0.019985714285714273,0.08221747447551091,0.007,0.011277427492878364,0.20655493328487984,0.0031773310664337134,0.004875,0.027342746805327976,0.0032500000000000003,0.005875,0.001,0.009319007989965138,0.002125,0.0010132838630273276,0.007678210606281454,0.008384913572233761,0.03762413768592172,0.011058333333333325,0.002372184841049478,0.05557869758844343,0.04644285924972527,0.00942683650239175,0.0100453244444444,0.0090038133333333,0.0332109111111111,0.0089417111111111,0.0006603466666666,1.7085351555555557,72900.0,72959.0,,,,,,,,,,,,,,,,,,,,,,,,,,,,,,,,,,,,,,,,,,,,3.7490890039885416,11391882.885179017,1912.020558853964,0.3114375,0.19612177939579492,,0.03610812788349593,1.6009519752499912,,0.04816932673655291,0.06544375,0.0052330222222222,0.16178589861938886,,,,0.041284375,0.34191785714285705,,,3.772561368982223,0.14491047506311727,,0.03199642857142855,,0.05762916666666665,0.11329166666666662,0.09314999999999996,0.13484166666666664,0.15187499999999998,0.0327625,0.020560000000000002,0.0,0.157025,0.0137458333333333,0.689425,0.040865,0.0,0.4872625,0.43764499999999995,0.019299999999999925,0.04382,0.68925,0.0,0.0,0.103755,0.004478571428571425,0.04002499999999995,0.03241071428571425,0.009253125000000001,0.0,0.04310833333333325,0.0,0.018462499999999923,0.009384375,,,,,,0.012371178219962984,0.00275,0.46658465919504716,3.864431154235355,4.032050261031401,75.81541616423894,1353.0,1531.5309,0.973320737802216,2024-07-17 20:15:00
2024-07-17 14:30:00,80.81866666666666,1.0,0.0287709644444444,0.34820428,0.0021732444444444,0.0415703022222222,2.135091311111111,0.008828184444444444,0.010477644444444444,0.0314648,9.839093333333334e-22,3.2679955555555557e-05,4.7915866666666666e-05,0.0004723586666666666,4.800284444444444e-22,5.03936e-05,0.002289648888888889,0.0014853688888888889,6.023257777777778e-07,0.11139466666666667,0.009083146666666668,0.02140493333333333,0.17208844444444443,4.264075555555555e-05,3.325653333333333e-05,0.18,1307.851111111111,340.3035111111111,0.0492,340.3035111111111,40.734343466666665,-111.87211,313.3157777777777,13.956888888888889,876.552,106.05862222222223,1.3964444444444446,430375.77777777787,1962.2853333333333,199.40266666666668,11363269.483111111,0.0015769237083429,0.0002948888888888,0.0071031644444444,3.424444444444444e-05,0.0001468266666666,9.193333333333336e-05,0.00025864,0.4101656955100454,2.720739203463204,6.066962878547379,8.825130533333333,0.3073415555555555,1.8412948,2.8567216,0.0009424888888888,0.2339947555555555,5.826783555555555,0.0015295111111111,0.23995373333333334,0.2450542222222222,0.4729437777777777,0.2193598666666666,0.0035727555555555,0.1831316,0.0892787111111111,0.0289983111111111,0.0031767111111111,0.0279154222222222,0.1187741777777777,0.038818,0.0558615555555555,0.0043908444444444,4.8035,0.1865,0.26526660940850616,0.014499999999999999,0.001,0.073,0.44525000000000003,0.2,0.11425,0.01075,0.01438,0.019604502640557,1.4217910832953962,0.4420357122118299,0.158325,0.00675,0.05825762976447678,0.0018260004925117691,0.055842787882984316,0.007872471004038125,0.037336915879067185,0.5767500000000001,0.02746418534444771,0.15154866833647812,0.013750000000000002,0.0035,0.0035,0.0052499999999999995,0.1255625,0.36603714282011496,0.001,0.012,0.053607499796210885,0.3078715965047937,0.00825,0.02197142857142855,0.0824349489510218,0.007,0.01255485498575673,0.2261098665697597,0.002233107843824101,0.00475,0.022560173591443983,0.0035,0.00675,0.001,0.00571764561178882,0.0022500000000000003,0.001071336060007849,0.008356421212562908,0.01076982714446752,0.03824827537184344,0.01211666666666665,0.0014893510600767971,0.059157395176886854,0.048885718499450545,0.006223762424050968,0.009701311067821,0.0082544505183705,0.0389894732489732,0.008758241078921,0.0004733239338439,1.7287601866666666,73800.0,73859.0,,,,,,,,,,,,,,,,,,,,,,,,,,,,,,,,,,,,,,,,,,,,3.526104260318438,11205550.60801197,1911.1614206425309,0.309825,0.1876755635443577,,0.03438041622915034,1.6551022491870242,,0.04582932949910559,0.06536249999999999,0.0035727555555555,0.15460888733920858,,,,0.03989375,0.32796428571428565,,,3.559490776373333,0.13830154715512422,,0.0299785714285714,,0.0543583333333333,0.11324999999999995,0.08958333333333329,0.12759999999999996,0.14724999999999994,0.0322,0.01996,0.0,0.149725,0.0139083333333333,0.6661166666666667,0.040709999999999996,0.0,0.473125,0.42427,0.018199999999999952,0.03966,0.6678999999999999,0.0,0.0,0.10227,0.00895714285714285,0.0339928571428571,0.0324785714285714,0.01075625,0.0,0.0410666666666666,0.0,0.01822499999999995,0.00625625,,,,,,0.011508372207712864,0.0035,0.4639299485068781,4.003918149952735,4.17020322978867,75.80104963680228,1450.5,1532.83,0.9719301876784744,2024-07-17 20:30:00
2024-07-17 14:45:00,79.38177777777778,1.0,0.01273576,0.3052184888888889,0.0023072577777777,0.0349708088888888,1.8156451511111111,0.008737927555555556,0.0104244,0.0313508,5.989475555555555e-22,3.215724444444445e-05,4.73632e-05,0.00046691866666666667,2.9093155555555554e-22,4.88524e-05,0.002268888888888889,0.0014737822222222223,5.887853333333333e-07,0.11111466666666667,0.00901888,0.021366577777777777,0.17170888888888888,4.206737777777778e-05,3.219835555555556e-05,0.18,1307.6995555555554,354.5051555555556,0.04835555555555556,354.5051555555556,40.73434004444445,-111.87211,313.2153333333333,13.058222222222222,876.2484444444445,111.83680000000001,1.471111111111111,429886.5333333333,1959.868,187.3897777777778,10319864.548888888,0.001594257781257175,0.0001167555555555,0.00696312,3.1293333333333334e-05,4.1773333333333335e-05,8.56303703703704e-05,0.00014204,0.3372409777777777,2.006752,4.957651111111112,8.296839422222222,0.304694311111111,1.5168113333333333,2.1032912,0.0005801777777777,0.1986811555555555,5.274332666666666,0.0009768444444444,0.1644615111111111,0.2447379111111111,0.1408855555555555,0.1846935111111111,0.0023416888888888,0.0350862222222222,0.0689452444444444,0.0350147555555555,0.0020569777777777,0.0243907555555555,0.0722200444444444,0.0304309333333333,0.0446524,0.0026945777777777,4.68025,0.18375,0.11864706886189497,0.014249999999999999,0.001,0.073,0.444875,0.2005,0.112875,0.010624999999999999,0.01657,0.015163012389932225,1.3740329932002169,0.38658291491307106,0.1569875,0.006625,0.06638644464671517,0.001739000738767654,0.05575266610058667,0.007308706506057187,0.042005373818600776,0.598125,0.027696278016671565,0.12541774882244133,0.017125,0.00425,0.00375,0.005875,0.13034375,0.4100557142301724,0.001,0.012,0.041525805451434465,0.32430739475719045,0.008375,0.023957142857142826,0.0826524234265327,0.007,0.013832282478635095,0.24566479985463957,0.00305102699636811,0.004625,0.017359528055591385,0.00375,0.007625,0.001,0.00883727155809931,0.002375,0.00112938825698837,0.009034631818844362,0.013154740716701281,0.03887241305776516,0.013174999999999975,0.0022540925329403,0.06273609276533029,0.051328577749175826,0.008998377126336627,0.0088100909834609,0.0077872029548229,0.0633654151892551,0.007833207077367,0.0003008816317016,1.6633979733333333,74700.0,74759.0,872.8702733630953,32.953888392857145,666.0260032738095,134.8036537202381,8.193819047619048,0.18146800595238094,0.04827797619047619,34.977674342410715,34.229198377083335,34.06861681309524,34.897945217410715,34.6813435952381,34.64299088511905,34.13845705386905,34.259162549107145,33.011330858928574,32.54956226889881,31.230163760565475,31.947406675297618,29.587069616666668,27.96123834747024,24.20259570520833,123.13593934717262,40.6300496921131,11.647803930208333,2.5447841436011904,0.39513918229166667,0.33026670104166667,0.20738697663690475,0.11376896547619048,0.05376215505952381,0.06283050327380953,0.05196233601190476,0.04388085699404762,0.04176829717261905,0.029487026934523805,0.081447978125,0.06992356011904763,0.06246359910714286,0.032555025595238096,0.03249704761904762,0.028085078869047618,0.04521118913690476,3.147796582603012,10176627.830773087,1908.7564526898877,0.3082125,0.16837778093670783,,0.03265270457480475,1.609245935970705,,0.04348933226165828,0.06528125,0.0023416888888888,0.1474318760590283,,,,0.038503125,0.31401071428571425,,,3.1980030810600955,0.12320157146407233,,0.02796071428571425,,0.05108749999999995,0.11320833333333327,0.08601666666666664,0.12035833333333328,0.14262499999999992,0.0316375,0.01936,0.0,0.142425,0.0140708333333333,0.6428083333333334,0.040555,0.0,0.4589875,0.410895,0.017099999999999976,0.035500000000000004,0.64655,0.0,0.0,0.100785,0.013435714285714273,0.02796071428571425,0.032546428571428546,0.012259375,0.0,0.03902499999999995,0.0,0.017987499999999976,0.003128124999999999,,,,,,0.010645566195462745,0.00425,0.42079223326196125,3.2920241590906345,3.339014171315243,74.47399297386873,1548.0,1532.3256,0.9688484108398777,2024-07-17 20:45:00
2024-07-17 15:00:00,78.45155555555556,1.0,0.01375252,0.2897539555555555,0.0023125422222222,0.0342412488888888,1.7618418637636435,0.008726581333333334,0.010355911111111112,0.0312044,3.2588799999999997e-22,3.1512e-05,4.667871111111111e-05,0.00046019866666666663,1.5731039999999998e-22,4.70036e-05,0.002243088888888889,0.0014591866666666667,5.723626666666667e-07,0.11075600000000001,0.008938204444444446,0.021315288888888888,0.17120933333333335,4.1360755555555556e-05,3.0927511111111114e-05,0.18,1308.5604444444443,359.1928888888889,0.049911111111111114,359.1928888888889,40.734345955555554,-111.87211,313.1211111111111,13.292,876.064,104.42248888888889,1.3604444444444443,429310.8888888889,1959.5742222222225,187.6475555555556,10427795.662666667,0.00161159185417145,7.157777777777778e-05,0.0069379866666666,2.8342222222222222e-05,7.840444444444445e-05,7.932740740740745e-05,6.157333333333334e-05,0.4443874222222221,2.6623720000000004,5.516900888888889,8.44407284029304,0.3016255002442002,1.7117199526251523,2.2538252214896217,0.0011587173382173,0.2193916391941392,5.295060622344322,0.001374854090354,0.11507675811965812,0.2536282578754579,0.4255254647130647,0.1963217283272283,0.0062473814407814,0.14725734004884,0.078423054090354,0.0440893328449328,0.0010793759462759,0.0308965195360195,0.1165442008547008,0.0417743145299145,0.0425953771672771,0.0031847704517704,4.557,0.181,0.08151218523376977,0.013999999999999999,0.001,0.073,0.4445,0.201,0.1115,0.010499999999999999,0.01876,0.01723327418196563,1.1269861288209537,0.15789819682408837,0.15565,0.006500000000000001,0.07451525952895355,0.0016520009850235385,0.058285659310093746,0.00674494200807625,0.04667383175813437,0.6195,0.02792837068889542,0.13418290464273352,0.0205,0.005,0.004,0.0065,0.135125,0.4540742856402299,0.001,0.012,0.047157309467794346,0.3407431930095873,0.0085,0.0259428571428571,0.0828698979020436,0.007,0.015109709971513459,0.2652197331395194,0.004284690937714121,0.0045000000000000005,0.019783646344553114,0.004,0.0085,0.001,0.013542589960878246,0.0025,0.0011874404539688915,0.009712842425125816,0.015539654288935043,0.03949655074368688,0.0142333333333333,0.0034075488086481626,0.06631479035377372,0.0537714369989011,0.013183316553041322,0.0081818888888888,0.0066126488888888,0.0481848755555555,0.0072581066666666,0.0005168311111111,1.5592525422222223,75600.0,75659.0,872.7574021430422,34.27116625300626,623.0222294338995,123.85588245199246,7.079686331076331,0.17030281348281348,0.04337224368224368,32.21449463462279,31.852497695334666,31.694481981658342,32.543908791075594,32.82188704519962,32.460501028229174,31.959372245961447,31.79742241960965,30.829077838346098,30.43927400118141,29.917893316511638,30.05735603017464,28.806484153145377,26.928673158467458,23.198287866249306,115.00838475689015,36.765467197949086,10.052387458646908,2.3037933155688757,0.32152612516446516,0.294417277013727,0.1620805021759722,0.10443589198653198,0.0624313945991046,0.056383787545787545,0.05027405716727717,0.04500640012469013,0.034812256415436414,0.031783987171717175,0.03610307246827247,0.04793253757723758,0.03372996754060754,0.024999675888185892,0.019646063230473233,0.015393159161579162,0.029527841771191773,3.285312948884072,10283060.89208643,1908.4641776730289,0.3066,0.15565,,0.030924992920459155,1.42225,,0.04114933502421096,0.0652,0.0062473814407814,0.140254864778848,,,,0.0371125,0.3000571428571428,,,3.3294053159155697,0.1014166666666666,,0.0259428571428571,,0.0478166666666666,0.1131666666666666,0.08245,0.1131166666666666,0.1379999999999999,0.031075,0.01876,0.0,0.135125,0.0142333333333333,0.6195,0.0404,0.0,0.44485,0.39752,0.016,0.03134,0.6252,0.0,0.0,0.0993,0.0179142857142857,0.0219285714285714,0.0326142857142857,0.0137625,0.0,0.0369833333333333,0.0,0.01775,0.0,,,,,,0.009782760183212627,0.005,0.1,4.5,4.7,77.0,1601.1666,1529.7554,0.9763237558028058,2024-07-17 21:00:00
2024-07-17 15:15:00,81.47333333333333,1.0,0.0168651155555555,0.29479568,0.0025378622222222,0.0344301866666666,1.703953981886817,0.008612593333333333,0.01027057777777778,0.031019111111111112,1.5928368888888888e-22,3.074791111111111e-05,4.5853955555555556e-05,0.00045211599999999997,7.616537777777777e-23,4.486604444444444e-05,0.002211742222222222,0.0014413466666666666,5.531382222222222e-07,0.1102928888888889,0.00883940888888889,0.021247777777777775,0.17056533333333335,4.051848888888889e-05,2.9461955555555558e-05,0.18,1308.6431111111112,358.88,0.05075555555555556,358.88,40.73435,-111.87211,313.92777777777775,12.684888888888889,875.911111111111,105.88915555555556,1.0902222222222224,429696.3111111112,1959.7515555555556,186.17422222222223,9949869.768888889,0.001628925927085725,5.383111111111112e-05,0.00676704,2.539111111111111e-05,3.2453333333333337e-05,7.302444444444447e-05,7.862222222222223e-05,0.7533465777777777,3.3497071111111114,6.82760311111111,7.510187152020202,0.3020229973544974,1.4643565189754688,1.947581417436268,0.0011422658008658,0.1901089877344877,5.216186603318903,0.0021051714285714,0.054162605122655125,0.2349041212361712,0.1375817431697931,0.1346189591871091,0.0032432952380952,0.0381642007936507,0.0510944043530543,0.027860072005772,0.0015734353054353,0.0211166986050986,0.0655758146945647,0.0311094596681096,0.0425415362674362,0.0032838313612313,4.43375,0.17825000000000002,0.11718827813895812,0.01375,0.001,0.073,0.444125,0.2015,0.110125,0.010375,0.01757,0.011263808504480447,1.371732456409461,0.3809717787033664,0.1569875,0.0063750000000000005,0.08163644464671516,0.001565001231279423,0.052950871790736445,0.007808706506057188,0.04425537381860077,0.5836250000000001,0.029446278016671566,0.0876723883696937,0.023875,0.00575,0.00425,0.007124999999999999,0.13434374999999998,0.43680571423017245,0.001,0.012,0.03091923268560068,0.34005739475719043,0.008624999999999999,0.024707142857142827,0.0859024234265327,0.007,0.013832282478635095,0.26091479985463956,0.0020783673533187686,0.004375,0.012793858396088839,0.00425,0.009375000000000001,0.001,0.005127449811111233,0.002625,0.0012454926509494128,0.009534631818844362,0.014154740716701282,0.040622413057765164,0.014424999999999974,0.0013446711485566895,0.0664860927653303,0.05407857774917582,0.005698838611398365,0.0087569288888888,0.0069913777777777,0.0447531155555555,0.0076299777777777,0.0004306977777777,1.818570968888889,76500.0,76559.0,872.5418762382063,35.363359357309356,643.8980667199468,120.60615569097568,6.48506057054057,0.16084930957930957,0.039816884226884224,38.65716823252969,37.42844915558442,36.29649945535354,36.4162398361938,35.78709245466645,34.55731120125763,33.52324335096237,32.98530230153624,31.510812560366297,31.107560545164837,30.305588755113774,30.466379116085026,29.474238378769012,28.095415264151406,24.201599793604178,108.49048595178488,33.135187426689974,8.17338274983461,2.0948352574747475,0.3060280368509269,0.26983495691086695,0.12827100462759464,0.09278812716283717,0.05716332126651127,0.0506822214940615,0.033924993307803304,0.04635224068265068,0.02707843665001665,0.030597525902985902,0.02795767814407814,0.03827634533466533,0.024394848083028085,0.021480037894327897,0.013529971912531913,0.007477651476301477,0.015455074570984571,3.5181884365738174,9811768.470696103,1908.6406038934927,0.3015,0.1664250843725759,,0.026245092117300868,1.5914166281431577,,0.034810919164496364,0.06598749999999999,0.0032432952380952,0.1208142939116486,,,,0.031709375,0.26226071428571424,,,3.551926899004444,0.1216736409629429,,0.019457142857142826,,0.03586249999999995,0.1112166666666666,0.07645416666666664,0.10377083333333328,0.12848333333333326,0.030924999999999998,0.017495,0.0,0.13156874999999998,0.010674999999999974,0.5903333333333334,0.03856,0.0,0.4312,0.38366999999999996,0.012,0.02809,0.59932,0.0,0.0,0.10467,0.013435714285714273,0.01644642857142855,0.024460714285714273,0.010321875000000001,0.0,0.0328333333333333,0.0,0.017379166666666647,0.0,,,,,,0.008919954170962505,0.00575,0.6669343568491304,4.6310420980120215,4.740138443045099,76.40567520577882,1603.6666,1525.767,0.9743404159252478,2024-07-17 21:15:00
2024-07-17 15:30:00,81.54444444444445,1.0,0.0064986622222222,0.2812328088888889,0.0024082044444444,0.0327324666666666,1.620919306042846,0.008512678666666667,0.010167822222222223,0.030790133333333334,7.093435555555555e-23,2.985848888888889e-05,4.488439999999999e-05,0.0004426404444444444,3.3408666666666664e-23,4.246017777777778e-05,0.0021745244444444445,0.0014200488888888889,5.311906666666666e-07,0.10971288888888889,0.008721133333333332,0.021162711111111114,0.16974088888888889,3.953728888888889e-05,2.7817688888888887e-05,0.18,1308.589777777778,358.7662222222222,0.04822222222222223,358.7662222222222,40.73435,-111.87211,313.7557777777778,12.952,875.7564444444445,118.19306666666667,1.808,429864.4444444445,1959.5591111111112,192.84977777777777,10029251.058666669,0.00164626,0.0001734977777777,0.0062556755555555,2.2440000000000002e-05,4.297555555555555e-05,6.672148148148152e-05,0.0001173866666666,0.4562266519610019,2.5789426707551706,5.546695887482888,8.229120633287083,0.3084053239186739,1.5409479893791391,2.2635473580438084,0.0010849603914603,0.1946570104321604,5.191645690194989,0.0029343316701816,0.1712455745976246,0.2518993488492989,0.2678747714544714,0.1841625778906279,0.0057501941280941,0.0850898121952121,0.0871632476689976,0.045885833065083,0.00096316209716205,0.0247427031228031,0.0824382619140119,0.0306170011507011,0.0432546494135494,0.0029806755059755,4.3105,0.17550000000000002,0.1747188636359243,0.0135,0.001,0.073,0.44375,0.202,0.10875,0.01025,0.01638,0.01914241664175862,1.3679304242323624,0.41178686677274956,0.158325,0.00625,0.08875762976447676,0.0014780014775353078,0.05779306718301511,0.008872471004038124,0.04183691587906718,0.54775,0.03096418534444771,0.12501754023317843,0.027250000000000003,0.006500000000000001,0.0045000000000000005,0.00775,0.1335625,0.41953714282011495,0.001,0.012,0.052350538397343147,0.33937159650479365,0.008749999999999999,0.023471428571428553,0.0889349489510218,0.007,0.01255485498575673,0.2566098665697597,0.004528920224825253,0.00425,0.022019106212878257,0.0045000000000000005,0.01025,0.001,0.014474105036116448,0.00275,0.001303544847929934,0.009356421212562908,0.012769827144467522,0.04174827537184344,0.01461666666666665,0.0036358993297978923,0.06665739517688686,0.05438571849945055,0.014011811849476901,0.0083603246808746,0.0077427599500499,0.0413911263769563,0.0071682845909645,0.0003822279942279,1.6664119066666667,77400.0,77459.0,872.3973427417027,35.077042166722165,632.6604361593961,120.26294846597847,6.530597508047508,0.16223807747807747,0.03974950382950383,34.19900306967699,34.08919054493729,33.66833032831391,34.30845581229216,34.539837618024194,33.60182597242758,32.95766666554002,32.751292837006325,31.64353363024309,31.113018836136085,30.559986899507162,31.240311556351426,30.622127661642804,29.194790592713954,25.27067834761017,108.74480085183151,33.04364246911866,7.787034025133755,2.0895785193473193,0.3247874325863026,0.2607796097868798,0.13771814596958595,0.09205409276501277,0.06806767375735376,0.04759041052725053,0.041604965571095574,0.047611350051060056,0.025932970084360085,0.03204645774336774,0.0254232682994783,0.038874354103674104,0.017408071697191697,0.02456128634920635,0.018436902903762906,0.013073292765012765,0.019325694983904983,3.3401309293898813,9890047.971262047,1908.449143859756,0.2964,0.1771488512439696,,0.021565191314142584,1.6071755700851327,,0.028472503304781765,0.066775,0.0057501941280941,0.1013737230444492,,,,0.02630625,0.22446428571428564,,,3.3817860277066667,0.1300646889069882,,0.01297142857142855,,0.0239083333333333,0.1092666666666666,0.07045833333333329,0.09442499999999995,0.11896666666666661,0.030774999999999997,0.01623,0.0,0.1280125,0.00711666666666665,0.5611666666666667,0.03672,0.0,0.41755,0.36982,0.008,0.02484,0.57344,0.0,0.0,0.11004,0.00895714285714285,0.0109642857142857,0.01630714285714285,0.00688125,0.0,0.028683333333333297,0.0,0.0170083333333333,0.0,,,,,,0.008057148158712387,0.006500000000000001,0.49117673786826754,3.86253732538011,3.7803757320987184,76.47135075977492,1606.1666,1521.6935,0.9760977548789532,2024-07-17 21:30:00
2024-07-17 15:45:00,84.08021245421244,1.0,0.0055405244444444,0.2910287733333333,0.0024548355555555,0.0342383466666666,1.536522032997003,0.008437098222222222,0.010041213333333333,0.030503555555555558,2.920066666666667e-23,2.882208888888889e-05,4.373648888888889e-05,0.0004314142222222222,1.3431635555555554e-23,3.9780088888888887e-05,0.002130008888888889,0.00139456,5.061897777777777e-07,0.10896711111111111,0.008577893333333335,0.021050844444444442,0.16868266666666668,3.8385022222222224e-05,2.599053333333333e-05,0.18,1308.9761550671549,359.0247072039072,0.04386117216117216,359.0247072039072,40.7343526056166,-111.87211,313.38571428571424,12.973101343101343,875.6987777777778,117.64325372405372,1.741957264957265,430183.1111111111,1959.836,191.89555555555555,9674845.727999998,0.0019386798397898,0.0001995688888888,0.0062795777777777,1.948888888888889e-05,5.349777777777778e-05,6.041851851851856e-05,0.0001858311111111,0.3539099549154549,2.215368386465386,5.399347932807932,7.651445333333333,0.3019506222222222,1.6203703555555555,2.422421733333333,0.0009264888888888,0.1864759111111111,5.250735022222222,0.0008602222222222,0.19878573333333333,0.2291911111111111,0.1574966666666666,0.1790519555555555,0.0054354222222222,0.0382659555555555,0.0765558222222222,0.0334856888888888,0.0003528888888888,0.0239999555555555,0.0833959555555555,0.0249733333333333,0.0426651111111111,0.0035345333333333,4.18725,0.17275000000000001,0.12598166658027313,0.01325,0.001,0.073,0.443375,0.2025,0.107375,0.010125,0.01519,0.016825410030027448,1.3734007846165,0.4073820735580381,0.1596625,0.006125,0.09587881488223839,0.0013910017237911923,0.05132314947166382,0.009936235502019062,0.039418457939533594,0.511875,0.03248209267222386,0.12116523851976643,0.030625000000000003,0.00725,0.00475,0.008375,0.13278125000000002,0.40226857141005745,0.001,0.012,0.04604784175766814,0.33868579825239686,0.008875,0.022235714285714275,0.0919674744755109,0.007,0.011277427492878364,0.25230493328487985,0.0028431545687687535,0.004125,0.019306068603452988,0.00475,0.011125,0.001,0.008044425203243218,0.002875,0.0013615970449104553,0.009178210606281453,0.01138491357223376,0.042874137685921715,0.014808333333333324,0.0020597351004781844,0.06682869758844343,0.05469285924972528,0.008293214651508833,0.008673609048729,0.0082448439194139,0.0335148431979132,0.0073542483438783,0.0005497515662115,1.8174555377777777,78300.0,78359.0,872.3032755555556,35.45982666666667,598.0828222222223,112.92005333333333,6.048946666666667,0.16014222222222224,0.03675111111111111,31.63162186222222,31.629903546666664,31.543537106666665,31.94176924888889,32.33354263111111,31.907541644444446,31.345502364444442,31.091909648888887,30.174354853333334,29.55095269777778,29.44985319111111,30.131979275555558,29.971711866666666,28.783543284444445,24.832700217777777,101.38050579555555,30.461500968888892,6.857387186666667,1.945444902222222,0.3025967244444444,0.24197556888888888,0.1258123777777778,0.07577760000000001,0.06126958222222222,0.047035266666666666,0.03253592,0.03640534222222222,0.024000444444444442,0.030739337777777778,0.029235457777777776,0.034435355555555554,0.020854844444444447,0.016958591111111112,0.0149094,0.008434746666666666,0.014532462222222221,3.505262439124615,9540561.683496274,1908.724616379428,0.2913,0.17561596659198006,,0.016885290510984297,1.6370438264224205,,0.02213408744506717,0.0675625,0.0054354222222222,0.08193315217724981,,,,0.020903125,0.18666785714285705,,,3.539575605856617,0.12886524949714362,,0.006485714285714275,,0.011954166666666648,0.10731666666666659,0.06446249999999995,0.08507916666666662,0.10944999999999995,0.030625,0.014965,0.0,0.12445624999999999,0.003558333333333325,0.532,0.03488,0.0,0.4039,0.35597,0.004,0.021589999999999998,0.54756,0.0,0.0,0.11541,0.0044785714285714255,0.005482142857142852,0.008153571428571427,0.0034406249999999992,0.0,0.0245333333333333,0.0,0.01663749999999995,0.0,,,,,,0.007194342146462269,0.00725,0.4306525606180311,3.5000289401283213,3.6699703336260137,78.81329094668705,1608.6666,1516.92,0.9835862832935928,2024-07-17 21:45:00
2024-07-17 16:00:00,83.56472527472528,1.0,0.0082596,0.2827813777777777,0.0024507422222222,0.0297452177777777,1.5974751022222222,0.008326106222222221,0.00989512888888889,0.0301672,1.2108519999999999e-23,2.7676488888888886e-05,4.244755555555556e-05,0.0004188493333333333,5.345893333333333e-24,3.6899111111111116e-05,0.0020794666666666666,0.0013654399999999999,4.7898e-07,0.10807555555555555,0.008413653333333333,0.02091537777777778,0.16742222222222222,3.7105422222222217e-05,2.4029333333333334e-05,0.18,1308.965061050061,359.1444387057387,0.043318925518925515,359.1444387057387,40.734357191208794,-111.87211,313.6005665445665,12.925294261294262,875.6165238095239,84.05956227106228,0.9493675213675214,428613.7333333333,1959.5226666666667,178.98488888888886,9806709.77377778,0.0016576,0.0001880577777777,0.0061258666666666,2.6622222222222225e-05,8.476444444444445e-05,5.411555555555559e-05,0.0001708399999999,0.2789715999999999,2.0020306666666667,5.256001333333334,7.229181022222222,0.2892250666666667,1.5002844444444443,2.597877377777778,0.0009814666666666,0.1847203111111111,5.123170666666667,0.0012945333333333,0.10990168888888889,0.2035184888888888,0.2449391999999999,0.1634468444444444,0.0071871111111111,0.0741964,0.0662852,0.0258678222222222,0.0007680888888888,0.0275949333333333,0.1383365777777778,0.0337630666666666,0.0341386222222222,0.0033579111111111,4.064,0.17,0.084,0.013,0.001,0.073,0.443,0.203,0.106,0.01,0.014,0.018,1.195,0.158,0.161,0.006,0.103,0.001304001970047077,0.026,0.011,0.037,0.476,0.034,0.131,0.034,0.008,0.005,0.009,0.132,0.385,0.001,0.012,0.045,0.338,0.009,0.021,0.095,0.007,0.01,0.248,0.003,0.004,0.018,0.005,0.012,0.001,0.007,0.003,0.0014196492418909767,0.009,0.01,0.044,0.015,0.002,0.067,0.055,0.008,0.0085425111111111,0.0068503644444444,0.0285955644444444,0.00649384,0.0004969688888888,1.7636764444444446,79200.0,79259.0,872.2091022222223,36.807093333333334,577.6606666666667,106.88016888888889,5.679742222222222,0.1588711111111111,0.03402666666666666,31.754633679999998,31.55244540888889,31.463134804444447,31.676453688888888,32.100868760000004,31.495744222222225,30.569724782222224,30.338204524444443,29.323509604444446,28.69338276888889,28.426343982222225,29.210630724444446,29.07192723111111,27.944999697777778,24.007415595555553,93.78234390666667,27.39712831111111,5.997536724444444,1.7841684622222223,0.29137800444444445,0.2329314,0.11570976000000001,0.07109116888888889,0.056707893333333335,0.04480493333333334,0.034060195555555554,0.031135137777777776,0.026868168888888887,0.02963408888888889,0.03299773777777778,0.03174463111111111,0.01993064,0.01458868888888889,0.013243635555555555,0.010073986666666666,0.013186822222222222,3.4401672256652462,9670595.494675025,1908.4128858395102,0.2862,0.1229,,0.01220538970782601,1.2835,,0.015795671585352573,0.06835,0.0071871111111111,0.06249258131005041,,,,0.0155,0.1488714285714285,,,3.4773745983818194,0.0605666666666666,,0.0,,0.0,0.1053666666666666,0.0584666666666666,0.0757333333333333,0.0999333333333333,0.030475,0.0137,0.0,0.1209,0.0,0.5028333333333334,0.03304,0.0,0.39025,0.34212,0.0,0.01834,0.52168,0.0,0.0,0.12078,0.0,0.0,0.0,0.0,0.0,0.0203833333333333,0.0,0.0162666666666666,0.0,,,,,,0.00633153613421215,0.008,1.0,5.4,5.2,75.0,1596.0,1511.3479,0.9895946377105571,2024-07-17 22:00:00
2024-07-17 16:15:00,80.94444444444444,1.0,0.0126751866666666,0.2660568488888888,0.0023210444444444,0.0249236355555555,1.5771480666666664,0.008214714666666668,0.00972564,0.029772666666666666,5.4307777777777775e-24,2.6425333333333333e-05,4.101071111111111e-05,0.00040485644444444445,2.268053333333333e-24,3.3919733333333326e-05,0.0020226577777777777,0.0013320755555555554,4.501248888888889e-07,0.10699777777777777,0.008226106666666667,0.020749066666666666,0.16588977777777777,3.569853333333334e-05,2.201133333333333e-05,0.18,1309.0720000000001,274.9480888888889,0.04568888888888889,274.9480888888889,40.73435097777778,-111.87211,314.00555555555553,12.492444444444443,875.3866666666667,88.53733333333334,0.9297777777777778,428159.1111111111,1958.543111111111,171.00222222222223,9935487.981777778,0.00198992,0.0001643777777777,0.0062055955555555,5.3657777777777775e-05,0.0001038222222222,0.0001898044444444,0.0001614533333333,0.4067094222222222,2.3091311111111112,5.379640888888888,7.2720019111111105,0.2766429333333333,1.372347688888889,1.8937783555555556,0.0010908444444444,0.1915316444444444,4.8070132,0.0025387111111111,0.15838000000000002,0.2013453777777777,0.2882164444444444,0.1518311111111111,0.0054456444444444,0.1028204444444444,0.0637861333333333,0.0257646222222222,0.0013370666666666,0.0321712888888888,0.1558587111111111,0.0431070666666666,0.0274232888888888,0.0036112444444444,4.114375,0.18225000000000002,0.18370068232958486,0.01325,0.001,0.073125,0.443125,0.202125,0.104125,0.01025,0.015315,0.014036094777823622,1.3478578016992557,0.3109361820705746,0.14780000000000001,0.006500000000000001,0.09986770355589948,0.0013884693446399397,0.04338948216748859,0.009936235502019062,0.03398630147683008,0.4661666666666667,0.03645968684761069,0.100646620860579,0.034,0.00775,0.0072499999999999995,0.013,0.1340625,0.4128934137945698,0.0011250000000000001,0.0125,0.038460376198420514,0.34411791669507064,0.011125,0.01575,0.08777847386410684,0.010375,0.015125,0.24960241614682818,0.0017934966914210748,0.004125,0.016039993683572475,0.006500000000000001,0.01725,0.00125,0.004040924443127663,0.003625,0.0021171930866546044,0.009149127394825258,0.011095515626238159,0.04070226582747896,0.01125,0.001078321584693748,0.06436935961017423,0.05117005687917983,0.004732476197347106,0.0086383155555555,0.0068329422222222,0.0291902844444444,0.0056544133333333,0.0005490044444444,1.544787382222222,80100.0,80159.0,872.0434488888889,36.76953777777778,507.1976311111111,92.14428,4.8790088888888885,0.1571822222222222,0.028582222222222224,28.87285748,28.528664795555553,28.07030231555556,28.53013812888889,28.737602928888887,28.00820408888889,27.25068159111111,26.869083244444443,26.024387742222224,25.35321155111111,25.104286933333334,25.76895009777778,25.608959386666665,24.632910395555555,21.09249273777778,78.98924607111111,22.574647248888887,4.811067986666667,1.4771570533333334,0.23795886666666666,0.18736507555555557,0.09920536,0.06402182666666666,0.04711711111111112,0.03940710222222222,0.031752968888888886,0.023128351111111112,0.022287417777777777,0.01944648,0.02657639111111111,0.025465826666666667,0.018429564444444442,0.012749186666666667,0.01155727111111111,0.01112484,0.01525211111111111,3.3032835729110115,9797586.298606748,1907.4383410026605,0.2881625,0.14205243259569392,,0.013910990898205062,1.4473366585562673,,0.018105722607833837,0.06728124999999999,0.0054456444444444,0.06957774448068142,,,,0.018265625,0.1626464285714285,,,3.346576945902222,0.10260272194391008,,0.0,,0.005783333333333325,0.1102166666666666,0.06123333333333327,0.08107499999999998,0.10588749999999998,0.030606249999999998,0.01509,0.0,0.1257375,0.0,0.4862916666666667,0.034639999999999976,0.0,0.4073375,0.35413,0.00283,0.020534999999999998,0.5543750000000001,0.0,0.0037875,0.120115,0.004425,0.006978571428571425,0.0,0.0,0.0,0.0233458333333333,0.0,0.015870833333333275,0.0,,,,,,0.00633153613421215,0.00775,0.4618854327715397,3.5935167784514483,3.655204169810569,75.91721327293288,1566.0,1504.7444,0.9986151407389159,2024-07-17 22:15:00
2024-07-17 16:30:00,81.264,1.0,0.0145033422222222,0.26467804,0.00197556,0.02469672,1.3777998635298034,0.00793432,0.009530982222222222,0.029311022222222222,2.718186666666667e-24,2.506648888888889e-05,3.942364444444444e-05,0.00038941777777777776,1.0701831111111113e-24,3.083742222222222e-05,0.0019592044444444443,0.0012945733333333332,4.195262222222222e-07,0.10574533333333333,0.00801424888888889,0.020549644444444445,0.1640662222222222,3.4160311111111115e-05,1.9929555555555557e-05,0.18,1308.5275555555556,215.95075555555553,0.04666666666666667,215.95075555555553,40.73435,-111.87211,314.6002222222222,12.075111111111111,875.1297777777778,126.61168888888889,1.2453333333333334,428952.8888888889,1958.2902222222224,172.1462222222222,9619126.107111111,0.0014466977777777,0.00017347407407399999,0.0061504533333333,5.843555555555555e-05,4.387555555555556e-05,0.0001887066666666,0.0001227022222222,0.8009082122100122,3.2940310891330893,6.691706271062271,6.7442232,0.2702763111111111,1.2222656444444444,1.579690977777778,0.0014640444444444,0.1817557777777777,4.713521244444445,0.0003872444444444,0.13034595555555556,0.2063750222222222,0.1461324888888888,0.1167041333333333,0.0065224444444444,0.0373667999999999,0.0512087555555555,0.0212484444444444,0.0014351111111111,0.0206465777777777,0.0916759555555555,0.0312025333333333,0.0276504444444444,0.0028661777777777,4.16475,0.1945,0.12096384014815811,0.0135,0.001,0.07325,0.44325000000000003,0.20125,0.10225,0.0105,0.01663,0.011288786525168328,1.3428615977529148,0.31621701007926906,0.1346,0.007,0.09673540711179895,0.0014729367192328026,0.04482250334896879,0.008872471004038124,0.030972602953660163,0.45633333333333337,0.038919373695221374,0.07416849201281288,0.034,0.0075,0.0095,0.017,0.136125,0.4407868275891396,0.00125,0.013000000000000001,0.03098717763071139,0.3502358333901413,0.01325,0.0105,0.08055694772821367,0.013750000000000002,0.020249999999999997,0.25120483229365637,0.0011795346853147883,0.00425,0.01282310574876885,0.008,0.0225,0.0015,0.0016992115753696815,0.00425,0.0028147369314182324,0.009298254789650517,0.012191031252476319,0.037404531654957926,0.0075,0.0005042768183234074,0.06173871922034845,0.04734011375835967,0.0026497422211481077,0.0091814855455655,0.0075080267920967,0.0364981047863247,0.0061776864468864,0.0005151815118215,1.632792848888889,81000.0,81059.0,871.8655288888889,36.83291111111111,332.07525333333336,59.26292,2.95592,0.1489022222222222,0.017902222222222222,19.172439431111112,18.82212025777778,18.556453746666666,18.6986656,18.806198942222224,18.310827168888885,17.826045386666667,17.603915555555556,17.044105453333334,16.686146684444445,16.512637635555556,17.13041850222222,17.034385986666667,16.460466026666666,14.02251188,50.775135195555556,14.250369755555555,2.918007311111111,0.9418888533333333,0.14797374666666666,0.11167989333333334,0.06111015111111111,0.03713852888888889,0.026909782222222223,0.022604568888888888,0.01723292,0.015031182222222222,0.012627595555555557,0.006515311111111111,0.012366928888888889,0.013382195555555556,0.006152964444444445,0.004761160000000001,0.0021819688888888886,0.0018839955555555556,0.0029693288888888885,3.087135537383566,9485615.434737707,1907.1867457158332,0.29012499999999997,0.1438901806600725,,0.015616592088584114,1.5217365272011776,,0.020415773630315097,0.0662125,0.0065224444444444,0.07666290765131245,,,,0.02103125,0.1764214285714285,,,3.1400390937466667,0.10404070845575909,,0.0,,0.01156666666666665,0.1150666666666666,0.06399999999999995,0.08641666666666666,0.11184166666666664,0.0307375,0.01648,0.0,0.130575,0.0,0.46975,0.03623999999999995,0.0,0.424425,0.36614,0.00566,0.02273,0.58707,0.0,0.007575,0.11945,0.00885,0.01395714285714285,0.0,0.0,0.0,0.0263083333333333,0.0,0.01547499999999995,0.0,,,,,,0.00633153613421215,0.0075,0.6950688537182588,4.5755293026999935,4.638313176383806,76.21234279370282,1536.0,1496.7521,0.9900266525288846,2024-07-17 22:30:00
2024-07-17 16:45:00,78.43688888888889,1.0,0.0209148844444444,0.2395168755555555,0.0018282088888888,0.0189624844444444,1.2289742374066672,0.007484598222222222,0.009302617777777777,0.028760933333333336,1.499802222222222e-24,2.357128888888889e-05,3.763448888888889e-05,0.0003720893333333333,5.612044444444445e-25,2.7640844444444444e-05,0.0018869377777777777,0.0012515155555555555,3.868426666666667e-07,0.10420311111111111,0.007768946666666666,0.02030537777777778,0.16185066666666667,3.2452177777777776e-05,1.778271111111111e-05,0.18,1307.8248888888888,199.86746666666667,0.04626666666666667,199.86746666666667,40.73435,-111.87211,314.31266666666664,12.593333333333334,874.972,140.89515555555556,1.0702222222222224,429025.6444444445,1957.4542222222224,173.65866666666668,9779799.521777775,0.0006593733333333,0.0001825703703703,0.0053415244444444,7.521333333333333e-05,2.9548888888888892e-05,8.882666666666669e-05,0.0001073111111111,0.7671685191919191,3.0760820084175085,6.513595355218856,6.678069511111111,0.2570948888888889,1.1218069333333331,1.3942929777777775,0.0005911555555555,0.1766108888888889,4.464667288888889,0.0006103555555555,0.19059226666666665,0.2076316,0.0562101777777777,0.1064567999999999,0.0077312888888888,0.004317111111111,0.0490512444444444,0.0233409333333333,0.0004987555555555,0.0188721777777777,0.0829355111111111,0.0269114222222222,0.0211512,0.0026739111111111,4.215125,0.20675000000000002,0.08125885151162555,0.01375,0.001,0.073375,0.443375,0.20037500000000003,0.10037499999999999,0.010750000000000001,0.017945,0.010817515948305819,1.3263451485032292,0.3231986175826055,0.12140000000000001,0.0075,0.09360311066769844,0.0015574040938256656,0.04518052121516644,0.007808706506057188,0.027958904430490247,0.4465,0.04137906054283206,0.06644422338764068,0.034,0.00725,0.01175,0.020999999999999998,0.13818750000000002,0.46868024138370945,0.001375,0.0135,0.02970523244068461,0.356353750085212,0.015375,0.005250000000000001,0.07333542159232052,0.017125,0.025374999999999998,0.2528072484404845,0.0014640028216886159,0.004375,0.01227128393144213,0.009500000000000001,0.02775,0.00175,0.0027842016705033595,0.004875,0.00351228077618186,0.009447382184475776,0.013286546878714478,0.0341067974824369,0.00375,0.0007702500271871667,0.05910807883052267,0.04351017063753951,0.0036147391539863493,0.008434051084471,0.0065944154012654,0.0469176633022533,0.0057673398212898,0.0003142876501276,1.3477899555555557,81900.0,81959.0,871.7148488888889,37.20132888888889,301.28226666666666,52.271111111111104,2.6014488888888887,0.14853333333333332,0.015337777777777778,19.378844911111113,18.58735295111111,18.112221893333334,17.865420635555555,17.64338927111111,17.10230687111111,16.223555537777777,15.901854737777777,15.180236217777777,14.776670964444444,14.76899188,15.083884004444446,15.123163213333333,14.503672759999999,12.2755702,43.23720132888889,11.889293399999998,2.35523136,0.8169034622222223,0.14259291999999998,0.09777547111111111,0.05143144888888889,0.031602057777777776,0.024033204444444446,0.020440862222222224,0.01611372,0.012792844444444444,0.008014737777777777,0.008622262222222222,0.01069736,0.011133995555555555,0.005955688888888889,0.004774040000000001,0.0027344799999999996,0.0042508177777777776,0.0034957644444444445,2.8554946165561828,9644058.749145178,1906.3550221050737,0.2920875,0.14631980640330508,,0.017322193278963165,1.5285558208726187,,0.02272582465279636,0.06514375,0.0077312888888888,0.08374807082194347,,,,0.023796875,0.1901964285714285,,,2.918697187296872,0.10594182271365434,,0.0,,0.017349999999999977,0.11991666666666659,0.06676666666666661,0.09175833333333333,0.11779583333333332,0.03086875,0.01787,0.0,0.13541250000000002,0.0,0.4532083333333334,0.03783999999999992,0.0,0.4415125,0.37815,0.008490000000000001,0.024925,0.619765,0.0,0.011362500000000001,0.118785,0.013275,0.020935714285714276,0.0,0.0,0.0,0.0292708333333333,0.0,0.015079166666666624,0.0,,,,,,0.00633153613421215,0.00725,0.6751105554193351,4.3582191882851244,4.504857597177365,73.60132905014564,1506.0,1486.9062,0.9633993568697716,2024-07-17 22:45:00
2024-07-17 17:00:00,80.20622222222222,1.0,0.0204691822222222,0.2355937466666666,0.0018112311111111,0.0171244844444444,1.1770002133333333,0.0072526733333333334,0.009038804444444444,0.02811448888888889,8.986786666666667e-25,2.1958933333333334e-05,3.56556e-05,0.00035296888888888887,3.2443955555555554e-25,2.4409155555555558e-05,0.0018055644444444445,0.0012026844444444444,3.527115555555556e-07,0.102364,0.007489817777777778,0.020011733333333333,0.15917377777777778,3.0591777777777776e-05,1.5622444444444444e-05,0.18,1308.687111111111,335.38315555555556,0.04964444444444445,335.38315555555556,40.73435,-111.87211,314.3615555555555,12.750222222222222,874.8573333333333,123.73479999999999,1.1813333333333333,429279.1111111111,1956.596888888889,177.06666666666666,9835243.85511111,0.0006638444444444,0.0001916666666666,0.0050058133333333,8.270666666666667e-05,1.5222222222222224e-05,7.721333333333337e-05,0.0001551866666666,1.2154737888333886,3.909230928338328,8.951582986235987,6.832071746275946,0.2591435026862027,1.1838862236874237,1.5521728654456657,0.0010958229548229,0.1867800343101343,4.418471065445666,0.0013422118437118,0.14672696776556776,0.2104637169719169,0.0625793046398046,0.1440267957264957,0.0083353065934065,0.0014426163614163,0.0687613253968253,0.0281437376068376,0.0015315384615384,0.0197348365079365,0.0648909625152625,0.0290155551892551,0.0201217426129426,0.0027761146520146,4.265499999999999,0.21900000000000003,0.053492304016116064,0.013999999999999999,0.001,0.0735,0.4435,0.1995,0.0985,0.011,0.01926,0.015122838489913321,0.95971423012465,0.14385567804828012,0.1082,0.008,0.09047081422359793,0.0016418714684185284,0.04598743384169798,0.00674494200807625,0.024945205907320328,0.4366666666666667,0.043838747390442745,0.09476385834028106,0.034,0.007,0.013999999999999999,0.025,0.14025,0.4965736551782792,0.0015,0.014,0.041416524837659,0.3624716667802826,0.0175,0.0,0.06611389545642736,0.0205,0.0305,0.25440966458731273,0.0021169309152650117,0.0045000000000000005,0.017312487489925005,0.011,0.033,0.002,0.005274535116615407,0.0055,0.004209824620945489,0.009596509579301034,0.014382062504952636,0.03080906330991586,0.0,0.0013807274691232216,0.0564774384406969,0.03968022751671934,0.005829657196115137,0.0085114061815961,0.0061775866422466,0.0417579675746475,0.0055203014008214,0.0003459247974247,1.407136848888889,82800.0,82859.0,871.5865777777777,37.48875555555556,301.5186933333333,51.53331555555555,2.54304,0.14747111111111114,0.014999999999999998,20.480865564444446,19.49326100888889,18.72369516,18.413313364444445,17.916513124444446,17.23999472888889,16.30474452888889,15.793215204444444,15.213954102222223,14.537666946666667,14.47888351111111,14.929701662222222,14.851830408888889,14.420311248888888,12.016939662222223,41.65470527555556,11.48665168888889,2.328470768888889,0.7883973377777778,0.1430217111111111,0.0923922,0.05015367111111111,0.03250749333333333,0.024672204444444446,0.0193438,0.014868884444444445,0.012351502222222222,0.011652306666666667,0.0076683022222222225,0.007129368888888888,0.009992924444444445,0.006517244444444445,0.003703075555555556,0.003012671111111111,0.002056853333333333,0.004461608888888888,2.9481138498313952,9698733.53125939,1905.5020742873407,0.29405,0.1082,,0.01902779446934222,1.25885,,0.025035875675277625,0.064075,0.0083353065934065,0.09083323399257448,,,,0.0265625,0.2039714285714285,,,3.0071984658871544,0.0726833333333333,,0.0,,0.0231333333333333,0.1247666666666666,0.0695333333333333,0.0971,0.12375,0.031,0.01926,0.0,0.14025,0.0,0.4366666666666667,0.0394399999999999,0.0,0.4586,0.39016,0.01132,0.02712,0.65246,0.0,0.01515,0.11812,0.0177,0.0279142857142857,0.0,0.0,0.0,0.0322333333333333,0.0,0.0146833333333333,0.0,,,,,,0.00633153613421215,0.007,0.2,4.8,4.3,76.0,1488.8334,1474.6588,0.9683377551389768,2024-07-17 23:00:00
2024-07-17 17:15:00,81.37155555555555,1.0,0.0142563111111111,0.2231709244444444,0.0018946888888888,0.0160736933333333,1.1140407377777777,0.007076708888888889,0.008736462222222222,0.027362222222222222,5.763386666666667e-25,2.0239377777777777e-05,3.3494044444444444e-05,0.0003320702222222222,2.038391111111111e-25,2.12028e-05,0.001715528888888889,0.0011478844444444444,3.175737777777778e-07,0.10019511111111111,0.007175013333333333,0.01965968888888889,0.1560271111111111,2.8586622222222223e-05,1.349328888888889e-05,0.18,1308.7728888888887,340.07013333333333,0.052000000000000005,340.07013333333333,40.7343532,-111.87211,313.8851111111111,13.069777777777777,874.8106666666666,119.92431111111111,1.6177777777777778,429013.2444444445,1956.9435555555556,170.44844444444442,10009867.924888888,0.0007016888888888,0.0003492666666666,0.0046149733333333,7.256888888888889e-05,3.605777777777778e-05,8.409333333333337e-05,0.0001513866666666,0.5490020444444443,2.672838844444444,6.061427111111112,6.718601716041365,0.262211366979317,1.1623190214045214,1.560763433429534,0.0005518995430495,0.1759970804473304,4.405453737614238,0.0012864054399303998,0.15210596945646945,0.2000733787157287,0.0380954673400672,0.1078303151274651,0.0022946361471861,0.000668701106301,0.0458212891774891,0.0191324677489177,0.0001088453823953,0.017993002092352,0.0589450544733044,0.019149694059644,0.0198970729196729,0.0022259161135161,4.315875,0.23125,0.07326034298580875,0.014249999999999999,0.001,0.073625,0.443625,0.198625,0.096625,0.01125,0.032945,0.01011198869792044,1.3162561531880286,0.3083798838192794,0.1244,0.0085,0.15435311066769844,0.0017263388430113912,0.04302707054597675,0.027808706506057185,0.05945890443049025,0.625,0.05587906054283206,0.06747955613813957,0.034,0.00675,0.01625,0.028999999999999998,0.23668750000000002,0.8144302413837095,0.0016250000000000001,0.0145,0.027786064749194657,0.614103750085212,0.019625,0.02775,0.1360854215923205,0.023875,0.035625,0.47530724844048455,0.0008918734459251016,0.004625,0.011445165458115988,0.0125,0.03824999999999999,0.0022500000000000003,0.0006020426640455101,0.006125,0.004907368465709116,0.015197382184475776,0.024036546878714475,0.04510679748243689,0.01025,0.00023531810863629916,0.10610807883052267,0.0832601706375395,0.0016739133735097786,0.0082963046653346,0.0061225877478077,0.0473828068997669,0.0053167043611943,0.0003068042091242,1.3644291511111113,83700.0,83759.0,871.5452844444444,37.777008888888886,292.6765955555556,50.42848444444444,2.4866444444444444,0.1472222222222222,0.014835555555555555,18.813240328888888,18.092310786666665,17.751087928888886,17.46472116888889,17.12026859111111,16.68981498222222,15.845577817777778,15.39568668888889,14.878010364444444,14.42177188,14.417677035555556,14.78343416888889,14.942620591111112,14.429079084444446,11.943942946666668,41.062428337777774,11.174327177777778,2.2499648755555555,0.758912271111111,0.13547146666666665,0.09507619555555555,0.05169757333333334,0.03334410222222222,0.02965688444444444,0.0162914,0.012439435555555555,0.01130128888888889,0.01230711111111111,0.007436991111111111,0.007170235555555555,0.010855915555555555,0.003903417777777778,0.005069457777777778,0.003581168888888889,0.0020460266666666666,0.004055533333333333,2.8966582779201766,9870933.869742973,1905.846967650654,0.316175,0.14116283116282055,,0.02407343498800494,1.5273935832829224,,0.03221398495757272,0.06303125,0.0022946361471861,0.11189222252246822,,,,0.033971875,0.23982499999999995,,,2.9580306662444444,0.1019066336790445,,0.019503571428571426,,0.04829166666666662,0.13265833333333327,0.10682499999999998,0.15952083333333333,0.18927916666666664,0.036131250000000004,0.031364999999999976,0.006715625,0.24371250000000003,0.010558333333333326,0.6836333333333333,0.046314999999999926,0.011717857142857125,0.67283125,0.57487,0.014844999999999976,0.033075,0.94559,0.00369375,0.01641875,0.24627500000000002,0.02795714285714285,0.0414535714285714,0.015928571428571424,0.00674375,0.009242857142857126,0.0494958333333333,0.015775,0.018229166666666626,0.00286875,,,,,,0.00633153613421215,0.00675,0.5460568743588785,3.956158221511174,4.166055370315482,76.31167706912191,1486.3334,1459.4097,0.9862990575936986,2024-07-17 23:15:00
2024-07-17 17:30:00,83.87333333333332,1.0,0.0081780993650793,0.2287409466666666,0.0022377025396825,0.0205868695238095,1.1095709892063492,0.006628626222222223,0.008391342222222221,0.026489644444444446,3.912511111111111e-25,1.8425733333333332e-05,3.114577777777778e-05,0.0003094346666666666,1.372516888888889e-25,1.8075288888888887e-05,0.0016161911111111113,0.0010867022222222221,2.818973333333333e-07,0.09765333333333334,0.006821817777777778,0.01924231111111111,0.152308,2.6442533333333333e-05,1.143192e-05,0.18,1309.6622222222222,358.72666666666663,0.04973333333333333,358.72666666666663,40.734351466666666,-111.87211,313.25755555555554,13.448444444444444,874.8,101.16946666666666,1.424,429139.06666666665,1959.487111111111,174.91466666666668,10123733.544888888,0.0007782323809523,0.0004122698412698,0.0045714358730158,4.064730158730159e-05,6.026888888888889e-05,0.0001356565079365,7.460825396825398e-05,0.2287746666666666,1.7832342222222222,4.549136444444445,7.196741176369926,0.2570256167961668,1.3063889795667296,9.974355852194105,0.0009023199541199,0.1763587025937026,5.193722798458949,0.001230599036149,0.16016829523994522,0.2111131353646353,0.7625421157564657,0.1740802527398527,0.0060412359714359,0.3087352091593592,0.0814515198449698,0.0303492989750989,0.0008849981592481,0.0214448696340696,0.1136026093295593,0.0317256634772634,0.0194374838254338,0.0032029676564176,4.36625,0.24350000000000002,0.3931380862035652,0.014499999999999999,0.001,0.07375,0.44375,0.19775,0.09475,0.0115,0.04663,0.017894789571543918,1.366507954918994,0.32899644973201136,0.1406,0.009000000000000001,0.21823540711179895,0.0018108062176042542,0.04617246288752571,0.048872471004038125,0.09397260295366017,0.8133333333333332,0.06791937369522137,0.11741765201859411,0.034,0.006500000000000001,0.0185,0.033,0.333125,1.1322868275891396,0.00175,0.015,0.04895675656556211,0.8657358333901413,0.02175,0.0555,0.20605694772821365,0.027250000000000003,0.040749999999999995,0.6962048322936563,0.0024167709456799657,0.00475,0.02055823029353829,0.014000000000000002,0.0435,0.0025,0.006418155162332195,0.00675,0.005604912310472743,0.020798254789650517,0.033691031252476314,0.05940453165495793,0.0205,0.0016610731558206995,0.15573871922034843,0.12684011375835966,0.0068467999713338,0.0081358268142968,0.0066541746287046,0.0416654433777333,0.0052147643090243,0.0002261081141081,1.3957083507936507,84600.0,84659.0,871.5234666666668,37.91048444444445,280.64154666666667,49.406777777777776,2.449928888888889,0.14812444444444445,0.01455111111111111,15.992116564444444,15.857984266666667,15.709517826666666,15.961946866666667,16.045672533333335,15.743403964444445,15.145700475555556,14.945125617777778,14.569730742222221,14.256303737777777,14.226431693333332,14.825272386666667,14.973838795555556,14.580569577777776,12.093856155555557,41.18617820888889,11.097947382222223,2.2247427777777777,0.7818039333333334,0.13271908000000002,0.09499442666666667,0.041021697777777776,0.03356475111111111,0.028225502222222223,0.01555679111111111,0.013296671111111111,0.00933956,0.009074617777777776,0.009550502222222222,0.007093364444444444,0.011409546666666666,0.005485542222222223,0.004078057777777778,0.002252031111111111,0.003534462222222222,0.002183968888888889,3.3178085856607846,9983219.06805839,1908.3775121612216,0.3383,0.14833747385860194,,0.02911907550666766,1.5391867539510997,,0.0393920942398678,0.0619875,0.0060412359714359,0.13295121105236196,,,,0.04138125,0.2756785714285714,,,3.3604561603422223,0.1075205911217683,,0.03900714285714285,,0.07344999999999995,0.14054999999999995,0.14411666666666667,0.2219416666666667,0.2548083333333333,0.0412625,0.04346999999999995,0.01343125,0.347175,0.02111666666666665,0.9306000000000001,0.053189999999999946,0.02343571428571425,0.8870625000000001,0.7595799999999999,0.01836999999999995,0.039029999999999995,1.23872,0.0073875,0.017687500000000002,0.37443000000000004,0.0382142857142857,0.05499285714285711,0.03185714285714285,0.0134875,0.01848571428571425,0.06675833333333331,0.03155,0.02177499999999995,0.0057375,,,,,,0.00633153613421215,0.006500000000000001,0.3566303278356574,3.069161673490008,3.0329208519015363,78.62222515314696,1483.8334,1440.5422,0.971680340658632,2024-07-17 23:30:00
2024-07-17 17:45:00,86.46177777777778,1.0,0.008609046031746,0.2702661326984127,0.0025081838095238,0.0381257285714285,1.1013362885714284,0.005714636444444445,0.007999302222222223,0.025482222222222222,2.786537777777778e-25,1.6533466666666667e-05,2.861728888888889e-05,0.0002850715555555555,9.778168888888889e-26,1.5085066666666667e-05,0.0015070311111111112,0.0010186706666666667,2.46132e-07,0.09466622222222222,0.0064271288888888885,0.01874591111111111,0.14791466666666667,2.4170666666666665e-05,9.475182222222222e-06,0.18,1310.8062222222222,358.3903555555555,0.05213333333333334,358.3903555555555,40.73435,-111.87211,312.92288888888885,13.182222222222224,874.7973333333333,87.4319111111111,1.0799999999999998,429265.3777777777,1968.6911111111112,176.70755555555556,10160663.198666668,0.0009789641269841,0.0003630739682539,0.004400633015873,4.4282857142857146e-05,8.024476190476191e-05,0.0001494,0.0001252873015873,0.1609504982905982,1.787776085026085,4.790859492507492,7.713315333333333,0.2592305777777778,1.9505649333333333,15.806233377777778,0.0015477777777777,0.2243648,6.188993555555555,0.0013038666666666,0.27316653333333335,0.2944570222222222,0.4831739111111111,0.2254969333333333,0.0058657333333333,0.1708771999999999,0.0949328,0.0359192888888888,0.0037465777777777,0.0279393777777777,0.1885456444444444,0.0344292,0.0222539555555555,0.0037972,4.416625,0.25575000000000003,0.2697837011372576,0.01475,0.001,0.073875,0.443875,0.19687500000000002,0.092875,0.01175,0.060314999999999994,0.02083953949324153,1.5483469488114636,0.33727261919085894,0.1568,0.0095,0.2821177035558995,0.0018952735921971171,0.06991838698475121,0.06993623550201906,0.1284863014768301,1.0016666666666667,0.07995968684761068,0.15617468663430423,0.034,0.00625,0.02075,0.037,0.42956250000000007,1.45014341379457,0.001875,0.0155,0.05696703385272947,1.1173679166950707,0.023875,0.08325,0.27602847386410684,0.030625000000000003,0.045875,0.9171024161468281,0.0031739958269256575,0.004875,0.024006307328566054,0.0155,0.04875,0.00275,0.009306287050891725,0.0073750000000000005,0.006302456155236372,0.026399127394825257,0.04334551562623816,0.07370226582747896,0.03075,0.002369066444853705,0.20536935961017422,0.17042005687917983,0.009415522420130794,0.0082004121989121,0.0085483733699633,0.0332027060994561,0.0057717014363414,0.0002523994616494,1.4723559076190478,85500.0,85559.0,871.4997733333333,37.97492444444445,292.4281688888889,52.01102222222222,2.600737777777778,0.14934666666666666,0.015604444444444443,16.188297622222223,16.167614528888887,15.986098346666667,16.394164804444447,16.38311667111111,16.27737172,15.772839684444444,15.601288208888889,15.091182013333334,14.8660452,14.940307506666667,15.550069422222224,15.823743168888889,15.344660311111111,12.876599742222222,43.562165622222224,11.879897462222223,2.4226985466666666,0.8402282711111112,0.1368855111111111,0.10404953333333333,0.04969060888888889,0.03673484888888889,0.025269644444444447,0.01870456,0.01567876,0.013149728888888889,0.011955017777777776,0.01041704888888889,0.009863053333333333,0.008002533333333334,0.006211506666666667,0.004084386666666667,0.0020517022222222223,0.0033389288888888893,0.0036120577777777776,3.8437582804849826,10019636.148983762,1917.5344309571929,0.360425,0.15121761204496695,,0.03416471602533038,1.5510257476066869,,0.04657020352216289,0.06094375,0.0058657333333333,0.15401019958225573,,,,0.048790625000000004,0.3115321428571428,,,3.863021543579612,0.10977421877864436,,0.05851071428571428,,0.09860833333333327,0.1484416666666666,0.18140833333333334,0.2843625,0.32033749999999994,0.04639375,0.05557499999999993,0.020146875,0.4506375,0.03167499999999998,1.1775666666666667,0.06006499999999997,0.035153571428571374,1.10129375,0.9442900000000001,0.021894999999999925,0.044985,1.53185,0.01108125,0.01895625,0.5025850000000001,0.048471428571428554,0.0685321428571428,0.04778571428571427,0.02023125,0.027728571428571377,0.0840208333333333,0.047325000000000006,0.025320833333333275,0.008606250000000001,,,,,,0.00633153613421215,0.00625,0.3165097795070139,3.0736902208108936,3.214039955321121,81.01281531860478,1481.3334,1417.4645,0.8891429662043672,2024-07-17 23:45:00
2024-07-17 18:00:00,86.2474335109335,1.0,0.0096855105453805,0.2707968854428904,0.0026583719027269,0.0426959826895326,1.0702813316666666,0.004189376598050098,0.007615915540385541,0.024474761564361566,1.9912894577644577e-25,1.4567146756946757e-05,2.6052555407555407e-05,0.0002604625642320642,7.032440644540645e-26,1.200982826987827e-05,0.001398534592074592,0.0009524172203907203,2.0893769286269287e-07,0.09146904725274725,0.006043028986383986,0.018164750355200356,0.14303534891034891,2.185697106967107e-05,7.475204763939764e-06,0.13500000000000004,1311.1871336626334,359.05041764346765,0.051090178340178344,359.05041764346765,40.73435023540903,-111.87211,312.59797280497276,13.47920967920968,874.698634920635,86.52260896880897,0.6897070337070337,429847.63500758505,1980.8394792984795,178.58844202094204,10127837.899060735,0.0012709146011396,0.0001852452819402,0.0042905146037296,6.764642172642172e-05,0.0001217165897065,0.0001291205592555,0.0002735459283309,0.1788352635882636,2.275701400012025,5.06654357473545,8.055971834182484,0.2813339896843896,2.2654765655437155,2.367982341967292,0.0025374575091575,0.2555964482757982,5.076833150333,0.003058922044622,0.438564177011877,0.4128274666611167,0.1777622197691197,0.2629404315850815,0.0064776228919228,0.0184483492655492,0.1163245953638953,0.0478638521071521,0.0022925241203241,0.0305694733414733,0.1572990747733747,0.0376925035520035,0.0224891366300366,0.0029802546046546,4.467,0.268,0.175,0.015,0.001,0.074,0.444,0.196,0.091,0.012,0.074,0.031,1.835,0.25,0.173,0.01,0.346,0.00197974096678998,0.091,0.091,0.163,1.19,0.092,0.242,0.034,0.006,0.023,0.041,0.526,1.768,0.002,0.016,0.097,1.369,0.026,0.111,0.346,0.034,0.051,1.138,0.006,0.005,0.036,0.017,0.054,0.003,0.016,0.008,0.007,0.032,0.053,0.088,0.041,0.004,0.255,0.214,0.017,0.0086098508465608,0.0111617985329485,0.0406930311351611,0.0061132691486291,0.0003099519817219,1.439705548041958,210.0,269.0,871.3921066829466,37.945368258593255,325.317149073889,56.86673448181448,2.85904486032486,0.15018658156658157,0.016995555555555555,20.43297424542587,19.84448799354701,19.16732683522903,19.114488398725904,18.941255961705515,17.67099682842583,17.332102108719244,16.96386500506586,16.570197947953712,15.8144524975937,16.174321329785585,16.885772740087138,16.949151711739002,16.353381376608574,13.677775016765827,46.58547245409591,12.6771318739899,2.685302496959707,0.9448174919382469,0.18402848377862877,0.10848893549913051,0.05467672871295371,0.042924108436378436,0.016320761924741925,0.026953385238835236,0.01727762751285751,0.01775083001147001,0.008403642175232175,0.007441998722388723,0.01049066680948681,0.00883418962981463,0.006846460241055241,0.006391529234654234,0.002249591507936508,0.008592262892477892,0.004282313365523366,4.016773210481319,9987266.454988198,1929.6206566194362,0.38255,0.13775,,0.0392103565439931,1.9866,,0.05374831280445798,0.0599,0.0064776228919228,0.17506918811214947,,,,0.0562,0.3473857142857143,,,4.028344036310524,0.1551833333333333,,0.0780142857142857,,0.1237666666666666,0.1563333333333333,0.2187,0.3467833333333334,0.3858666666666666,0.051525,0.0676799999999999,0.0268625,0.5541,0.0422333333333333,1.4245333333333334,0.06694,0.0468714285714285,1.315525,1.129,0.0254199999999999,0.05094,1.82498,0.014775,0.020225,0.6307400000000001,0.0587285714285714,0.0820714285714285,0.0637142857142857,0.026975,0.0369714285714285,0.1012833333333333,0.0631,0.0288666666666666,0.011475,,,,,,0.00633153613421215,0.006,0.32708929131898057,3.3,4.0,74.0,1499.8334,1381.6331,0.6932577367226774,2024-07-18 00:00:00
2024-07-17 18:15:00,80.704,1.0,0.0109335244444444,0.2266038088888889,0.0026968666666666,0.0319779022222222,1.165271276812077,0.004783868,0.007245062222222222,0.023504888888888888,1.6340000000000002e-25,1.3033644444444444e-05,2.385648888888889e-05,0.0002393982222222222,5.801622222222223e-26,1.0042235555555557e-05,0.0013005555555555557,0.0008900271111111111,1.8252044444444445e-07,0.08857946666666666,0.005677511111111111,0.017684844444444445,0.13879777777777777,1.9948977777777777e-05,6.219324444444444e-06,0.13500000000000004,1310.3946666666668,359.29955555555557,0.04911111111111111,359.29955555555557,40.73435111111111,-111.87211,311.98644444444443,14.274666666666667,874.6591111111112,91.96239999999999,0.8817777777777778,429933.6444444445,1986.4488888888889,182.824,10920270.049777778,0.0012291911111111,7.431999999999999e-05,0.0038063333333333,0.0001203733333333,0.0001503866666666,0.0002066488888888,0.0002447555555555,0.1996471636141636,2.402949089133089,4.861385653235654,9.352166755555556,0.2673666666666667,2.255704177777778,2.8187158666666665,0.0018170222222222,0.2645126222222222,5.118208844444444,0.0055533333333333,0.8223961333333334,0.6187580888888888,0.7848143111111111,0.3163132,0.0177667111111111,0.2686301777777778,0.1374376,0.0820516444444444,0.0017018222222222,0.0515651111111111,0.3087128444444444,0.0619709333333333,0.0273500444444444,0.0039489777777777,4.36625,0.2555,0.40297232258539195,0.01375,0.000875,0.074,0.444125,0.19575,0.092875,0.01175,0.065745,0.026438606002283423,1.9285721363923058,0.23749245171539246,0.16435,0.00975,0.45520834246302333,0.0026503568986881174,0.1667528326608567,0.07892696923187698,0.14107085841372122,1.1771,0.0849088198302041,0.22463047083200782,0.1404425964029186,0.050452631021968807,0.025001303972552742,0.039,0.47450000000000003,1.635817016697503,0.0018597174137495555,0.015125,0.08593583712507369,1.2505042014355134,0.024624999999999998,0.09494285714285713,0.30710379681800865,0.031000000000000003,0.045362177413369925,1.0416238308011876,0.008108847824264822,0.00475,0.032869362294587194,0.016125,0.051375,0.002875,0.033111530967908705,0.01756012370481265,0.00675,0.029452864597725815,0.047330766507552184,0.0776986129793292,0.038825,0.00375,0.2266778692511314,0.18972501386976878,0.028291561774431245,0.0083258673504273,0.0171711099267399,0.055863711050061,0.0056338611599511,0.0004513973748473,1.0445271377777778,900.0,959.0,871.3561288888889,37.850386666666665,303.1260977777778,54.36919555555556,2.715733333333333,0.14922222222222223,0.016453333333333334,16.275683066666666,16.362342244444445,16.47116608,16.742958422222223,16.913157746666666,16.524959973333335,16.27506588888889,16.027332542222222,15.552082622222223,15.550992897777776,15.58344310222222,16.226169671111112,16.432766075555556,16.05637144,13.46511155111111,45.99547691555555,12.622876271111112,2.628524111111111,0.9382810888888888,0.15026251111111114,0.11162952888888888,0.05696787555555556,0.03787985333333333,0.023271004444444444,0.020952488888888888,0.015623871111111111,0.012090835555555556,0.009092555555555555,0.007039275555555556,0.009657368888888889,0.008377853333333333,0.006240551111111111,0.0035176044444444445,0.0014762533333333334,0.0033294133333333334,0.0038190711111111115,4.064872053905943,10768699.87795446,1935.2013724074327,0.3729625,0.1379125,,0.03746412040878338,2.109825,,0.05204955759465353,0.0598,0.0177667111111111,0.16932086170890592,,,,0.053643750000000004,0.3361607142857143,,,4.074304351368889,0.14476666666666663,,0.0702035714285714,,0.1129041666666666,0.15204999999999996,0.19910416666666664,0.3140666666666667,0.3512041666666666,0.0483625,0.061004999999999934,0.02425,0.49557500000000004,0.03974999999999998,1.3530000000000002,0.06337,0.040867857142857074,1.1855437500000001,1.02907,0.026254999999999924,0.050955,1.650945,0.01458125,0.019674999999999998,0.7067500000000001,0.04404642857142855,0.07580357142857137,0.0594142857142857,0.024784374999999997,0.033996428571428504,0.09252916666666662,0.047325000000000006,0.02631249999999995,0.008606250000000001,,,,,,0.046071998285867284,0.009125000000000001,0.3394003134928203,3.6870597081632415,3.2668840473556484,75.69514780598358,1542.3334,1338.1838,0.8425994958667334,2024-07-18 00:15:00
2024-07-17 18:30:00,80.4448888888889,1.0,0.00938056,0.2221268755555555,0.0025053466666666,0.02964296,1.1866511304144003,0.004617954666666666,0.006709657777777778,0.022080533333333333,1.2757955555555554e-25,1.102984e-05,2.0881733333333334e-05,0.0002107902222222222,4.5638888888888894e-26,7.708373333333333e-06,0.00116496,0.0008024595555555555,1.4938933333333333e-07,0.08426182222222223,0.0051600844444444445,0.016959600000000002,0.1324168888888889,1.7396044444444446e-05,4.744071111111111e-06,0.13500000000000004,1309.9328888888888,303.36702222222215,0.04697777777777778,303.36702222222215,40.73435,-111.87211,311.68911111111106,14.605777777777778,874.6955555555556,86.32755555555555,0.8804444444444445,429795.9111111111,1986.1466666666668,182.38888888888889,11124425.356,0.0011485733333333,9.945333333333336e-05,0.0036887377777777,0.0001270888888888,0.0001825155555555,0.0002082977777777,0.0002806355555555,0.1930149777777778,2.400815111111112,4.885559111111111,9.69336391111111,0.2623679555555555,2.1797335555555555,2.966025155555556,0.0021208444444444,0.2687600444444444,5.217898533333334,0.0050243111111111,0.8534192444444444,0.6329049333333333,0.5896067111111111,0.2851067555555555,0.0206351111111111,0.1938051555555555,0.1314155111111111,0.1229851111111111,0.0039589777777777,0.0870937333333333,0.3327480444444444,0.0543004444444444,0.0163615111111111,0.0040601333333333,4.265499999999999,0.24300000000000002,0.31677885798251104,0.0125,0.00075,0.074,0.44425000000000003,0.1955,0.09475,0.0115,0.05749,0.025492347459419654,2.0221442727846117,0.22498490343078492,0.1557,0.0095,0.5644166849260467,0.003320972830586255,0.17078565468065882,0.06685393846375395,0.11914171682744241,1.1642000000000001,0.07781763966040818,0.20110757449552347,0.1528030226692038,0.05479042534478698,0.027002607945105485,0.037000000000000005,0.42300000000000004,1.5036340333950058,0.001719434827499111,0.01425,0.08317566482695027,1.1320084028710267,0.02325,0.07888571428571425,0.2682075936360173,0.028000000000000004,0.03972435482673985,0.9452476616023753,0.013033794949803286,0.0045000000000000005,0.03160718850903946,0.015250000000000001,0.04875,0.00275,0.053289646766320135,0.026368182507761743,0.006500000000000001,0.026905729195451634,0.04166153301510438,0.06739722595865841,0.03665,0.0035,0.1983557385022628,0.16545002773953754,0.04512864045268778,0.0086035593506493,0.01787921006549,0.0587273633555333,0.0056255766655566,0.0005557611088911,1.010808231111111,1800.0,1859.0,871.3866711111111,37.609159999999996,293.58917777777776,53.08716444444444,2.6655422222222223,0.15003555555555556,0.016066666666666667,15.201771937777778,15.264018817777778,15.551696355555555,15.958005582222222,16.067521671111113,15.994413417777777,15.748466608888888,15.674291817777776,15.178545968888889,15.05429996888889,15.30021515111111,15.884849617777778,16.115442768888887,15.735524879999998,13.239059964444445,45.225063577777775,12.470536435555555,2.544775182222222,0.9079646444444445,0.1374991511111111,0.11365107999999999,0.05427432,0.036580720000000004,0.02269535111111111,0.021386568888888888,0.016311853333333334,0.010588035555555557,0.011697924444444445,0.008886426666666667,0.010128937777777779,0.010717248888888888,0.005302684444444444,0.005798702222222222,0.000796728888888889,0.003004706666666667,0.0034072622222222223,3.8615496852943862,10970021.56791063,1934.90069614198,0.363375,0.138075,,0.035717884273573655,2.23305,,0.05035080238484908,0.0597,0.0206351111111111,0.16357253530566238,,,,0.0510875,0.3249357142857143,,,3.880021922635556,0.13434999999999997,,0.0623928571428571,,0.1020416666666666,0.14776666666666666,0.1795083333333333,0.28135,0.3165416666666666,0.045200000000000004,0.054329999999999955,0.0216375,0.43705000000000005,0.037266666666666656,1.2814666666666668,0.0598,0.03486428571428565,1.0555625,0.92914,0.02708999999999995,0.05097,1.47691,0.014387500000000001,0.019125,0.7827600000000001,0.0293642857142857,0.06953571428571426,0.0551142857142857,0.02259375,0.031021428571428502,0.08377499999999995,0.03155,0.023758333333333298,0.0057375,,,,,,0.050516232763728915,0.01225,0.33547712595150203,3.6849319863733996,3.2849968216733543,75.45584250611033,1584.8334,1297.0548,0.8949378089419724,2024-07-18 00:30:00
2024-07-17 18:45:00,79.68177777777778,1.0,0.0110617911111111,0.1888431111111111,0.0021435955555555,0.0220133688888888,1.1820111282867136,0.0035250964444444445,0.006105097777777777,0.020429422222222222,1.0101622222222224e-25,9.059048888888888e-06,1.7807377777777777e-05,0.0001811088888888889,3.641746666666667e-26,5.689968888888889e-06,0.001020316888888889,0.000707436,1.1846151111111111e-07,0.07914906666666667,0.0045919022222222225,0.016090044444444444,0.1248328888888889,1.4796e-05,3.4866488888888888e-06,0.13500000000000004,1309.48,263.8096444444444,0.046622222222222225,263.8096444444444,40.73435,-111.87211,311.04999999999995,14.707555555555556,874.6955555555556,84.08546666666666,0.8582222222222222,430584.5333333333,1989.5893333333331,180.1475555555556,10885998.512,0.0010119377777777,0.0001548266666666,0.0036469466666666,0.0001324444444444,0.0001874311111111,0.0004214311111111,0.0002714444444444,0.1758160888888889,2.373535111111111,4.749189333333333,8.509348266666667,0.2596842666666666,1.8448832888888889,2.8436752000000003,0.0022142222222222,0.2389395555555555,4.715517644444445,0.0066528888888888,1.0182132888888888,0.5837074222222223,0.54382,0.2648538666666666,0.0138620888888888,0.1762468,0.1312582666666666,0.0902262222222222,0.0013414666666666,0.0562634222222222,0.2708765333333333,0.0419926222222222,0.0194171111111111,0.0040445333333333,4.16475,0.2305,0.2965618415167695,0.01125,0.000625,0.074,0.444375,0.19525,0.096625,0.01125,0.049235,0.025467639438395917,2.1157164091769176,0.21247735514617735,0.14705,0.00925,0.67362502738907,0.003991588762484392,0.15676098600578253,0.05478090769563093,0.09721257524116361,1.1513,0.07072645949061226,0.18584128529375957,0.12098476232302255,0.04362405728286282,0.029003911917658224,0.035,0.3715,1.3714510500925088,0.0015791522412486668,0.013375,0.08310359319738826,1.01351260430654,0.021875,0.06282857142857137,0.22931139045402604,0.025,0.034086532240109775,0.848871492403563,0.009092379555329802,0.00425,0.031574231536905244,0.014375,0.046125,0.002625,0.037141181775311304,0.019319128441506038,0.00625,0.024358593793177452,0.03599229952265656,0.05709583893798761,0.034475000000000006,0.0032500000000000003,0.1700336077533942,0.14117504160930633,0.0316539940435274,0.0080313021689421,0.0163353437706737,0.0568110895271395,0.005389638000888,0.0004839362148962,1.0213546355555556,2700.0,2759.0,871.3861733333334,37.34505333333333,286.1484755555556,51.50272,2.5664177777777777,0.14875555555555556,0.015471111111111109,14.889832933333334,15.080493551111111,15.084511631111111,15.549601911111113,15.83755823111111,15.744024244444445,15.41086191111111,15.410314995555556,14.809393537777778,14.737893533333333,14.81346516,15.438768337777779,15.660927715555555,15.264068124444444,12.745835444444445,43.89656176444444,11.979326164444444,2.49520732,0.8476377422222222,0.14526648,0.10695724000000001,0.045751679999999996,0.03053752,0.024739222222222225,0.01958538222222222,0.014597173333333333,0.014387622222222222,0.009671897777777778,0.0077708755555555556,0.00845016,0.007957782222222222,0.004997688888888889,0.004854622222222222,0.0018499777777777778,0.0014212711111111112,0.003416995555555556,3.555917768712143,10734904.0191522,1938.3257525422691,0.35378750000000003,0.1382375,,0.03397164813836394,2.3562749999999997,,0.04865204717504464,0.0596,0.0138620888888888,0.15782420890241883,,,,0.04853125,0.3137107142857143,,,3.587978742844236,0.12393333333333328,,0.0545821428571428,,0.0911791666666666,0.14348333333333332,0.15991249999999996,0.2486333333333333,0.28187916666666657,0.0420375,0.047654999999999975,0.019025,0.378525,0.034783333333333326,1.2099333333333333,0.05623,0.028860714285714226,0.92558125,0.82921,0.027924999999999978,0.050984999999999996,1.3028749999999998,0.01419375,0.018575,0.85877,0.014682142857142852,0.06326785714285713,0.0508142857142857,0.020403125,0.0280464285714285,0.07502083333333327,0.015774999999999997,0.02120416666666665,0.0028687499999999998,,,,,,0.03907586601506864,0.015375000000000002,0.3253033358500209,3.657731963772827,3.1828171905518854,74.75106171728976,1627.3334,1250.4739,0.7676767217265563,2024-07-18 00:45:00
2024-07-17 19:00:00,78.31244444444445,1.0,0.0101386,0.1600770838110038,0.0028475566415066,0.0156094199840899,1.2198392682605277,0.003093956888888889,0.005425377777777778,0.01851577777777778,8.062688888888889e-26,7.168751111111111e-06,1.4695377777777779e-05,0.00015083288888888887,2.9300222222222224e-26,4.012408888888889e-06,0.0008680084444444445,0.0006056488888888888,9.043826666666667e-08,0.07307204444444444,0.003974462222222222,0.015042,0.1157568888888889,1.2195755555555557e-05,2.4571955555555554e-06,0.13500000000000004,1308.4413333333332,343.5065777777778,0.049466666666666666,343.5065777777778,40.73434791111111,-111.87211,310.22288888888886,14.84488888888889,874.6488888888889,81.94897777777778,0.8688888888888889,430262.6666666667,1991.5857777777776,176.29422222222223,10690327.560444444,0.0009250355555555,0.0001932,0.0032863955555555,0.0001121466666666,0.0001650888888888,0.0003084755555555,0.0002023111111111,0.163357675087135,2.2121940832870832,4.461743971879972,8.052051990964591,0.2592400837606837,1.5380595336996337,3.1549847533577533,0.0019896042735042,0.2141186437118437,4.429145065079365,0.0067994785103785,0.892950518070818,0.4794007064713064,0.4319423322344322,0.1952139468864469,0.0083517368742368,0.1404109468864468,0.0915276907203907,0.0515483737484737,0.0009556568986568,0.0369165916971917,0.2484894565323565,0.037478845054945,0.015458815018315,0.0033149358974358,4.064,0.21800000000000003,0.09331174078134322,0.01,0.0005,0.074,0.4445,0.195,0.0985,0.011,0.04098,0.01922472313547865,2.2092885455692235,0.19996980686156982,0.1384,0.009000000000000001,0.7828333698520934,0.00466220469438253,0.12702641009060553,0.04270787692750791,0.07528343365488482,1.1384,0.06363527932081636,0.13334787750462515,0.10947190567460116,0.03958371084714472,0.031005215890210967,0.033,0.32,1.2392680667900118,0.0014388696549982223,0.0125,0.06489342773175814,0.8950168057420536,0.020499999999999997,0.0467714285714285,0.1904151872720347,0.022000000000000002,0.028448709653479703,0.7524953232047507,0.0044388191761421175,0.004,0.023247072577723016,0.013500000000000002,0.0435,0.0025,0.018074970948554044,0.010996433310342021,0.006,0.021811458390903267,0.030323066030208748,0.046794451917316814,0.0323,0.003,0.1417114770045256,0.11690005547907512,0.015744714158652744,0.0069268957597957,0.0120013044921744,0.0464553556265956,0.0048596814696414,0.0003230902786102,0.92885628,3600.0,3659.0,871.3720400000001,37.135782222222225,280.0849511111111,50.34869777777778,2.5135733333333334,0.14910666666666664,0.01508,14.721057226666666,14.87265655111111,14.89683460888889,15.326325808888889,15.554668355555554,15.330271128888889,15.058397342222223,14.94784176,14.564225684444445,14.495137844444445,14.382750524444445,15.12369316,15.280388982222222,14.832337244444444,12.469953951111112,42.904520777777776,11.645247893333334,2.408581351111111,0.8233568533333333,0.13385732444444445,0.10971401333333333,0.04408278222222222,0.03257736888888889,0.026814137777777778,0.019926595555555555,0.016575120000000002,0.01310024888888889,0.010846502222222222,0.006241591111111111,0.006565506666666667,0.010575204444444443,0.003124071111111111,0.0026856133333333335,0.0030895199999999997,0.0020437644444444444,0.00484252,3.102002394428604,10541948.923487836,1940.3119845781714,0.3442,0.1384,,0.032225412003154215,2.4795,,0.046953291965240194,0.0595,0.0083517368742368,0.15207588249917528,,,,0.045975,0.3024857142857143,,,3.1542449537022894,0.1135166666666666,,0.0467714285714285,,0.0803166666666666,0.1392,0.1403166666666666,0.2159166666666666,0.2472166666666666,0.038875,0.04098,0.0164125,0.32,0.0323,1.1384,0.05266,0.0228571428571428,0.7956,0.7292799999999999,0.02876,0.051,1.1288399999999998,0.014,0.018025,0.93478,0.0,0.057,0.0465142857142857,0.0182125,0.0250714285714285,0.0662666666666666,0.0,0.01865,0.0,,,,,,0.0349363781565346,0.018500000000000003,0.3179337151823553,4.3,3.6,67.0,1645.3334,1198.6953,0.7784592520693225,2024-07-18 01:00:00
2024-07-17 19:15:00,76.48,1.0,0.0115512977777777,0.1418305,0.0036602499999999,0.00967225,1.1730706560405644,0.0021618080000000003,0.004668524444444444,0.016301466666666667,6.452466666666668e-26,5.419920000000001e-06,1.1638737777777777e-05,0.00012074862222222222,2.3642044444444444e-26,2.6836755555555555e-06,0.0007112355555555556,0.0004989644444444444,6.59623111111111e-08,0.06581168888888889,0.0033148755555555557,0.013764666666666666,0.10483257777777778,9.661506666666667e-06,1.6528177777777777e-06,0.13500000000000004,1308.4555555555557,347.80693333333335,0.04631111111111111,347.80693333333335,40.734346888888886,-111.87211,309.67355555555554,15.266666666666667,874.6955555555556,81.69391111111112,0.8386666666666667,430756.3111111112,2002.609333333333,180.50088888888888,10879228.568888888,0.0008054533333333,0.000212,0.0029850133333333,0.0001750088888888,0.0001552533333333,0.0001810533333333,0.0003593555555555,0.1604065817238317,2.643089581992082,4.827015123302624,8.218154266305916,0.2577952246753247,1.4471908164502163,2.7282758604377104,0.0022439866762866,0.2040524824915825,4.406721032347282,0.0112657368446368,0.9149251153920155,0.4338815487012987,0.551208641895142,0.2117301619288119,0.0144412558922558,0.1862008617364117,0.1064284242424242,0.0596979124579124,0.0029656839586339,0.0361226605820105,0.2832932953823954,0.0445502741221741,0.0148409057479557,0.0035466456950456,3.96325,0.20550000000000002,0.29982427926843636,0.00875,0.000375,0.074,0.444625,0.19475,0.10037499999999999,0.010750000000000001,0.035735,0.021566094485240023,1.9977164091769177,0.19622735514617737,0.14205,0.00875,0.85512502738907,0.005332820626280667,0.11405032468169139,0.03553090769563093,0.06896257524116362,0.9558,0.06222645949061227,0.1457975244038187,0.12737024993175644,0.04586499390599081,0.026253911917658225,0.031,0.27575,1.0372010500925088,0.0012985870687477778,0.011625,0.07172304991902285,0.7500126043065402,0.019125,0.041578571428571375,0.16931139045402605,0.019000000000000003,0.024336532240109777,0.634371492403563,0.005419338309015819,0.00375,0.026370127647807363,0.012625,0.040875,0.002375,0.022092278769604068,0.01275005014309613,0.00575,0.01960859379317745,0.027742299522656562,0.04609583893798761,0.028475,0.00275,0.1272836077533942,0.10517504160930634,0.01909684715925331,0.0062110500333,0.0106515303318903,0.0419141403219003,0.0045673677611277,0.0002345409312909,0.7824686355555556,4500.0,4559.0,871.4001911111111,36.78722666666667,276.37094666666667,49.67928888888889,2.4762755555555556,0.14894666666666667,0.014999999999999998,14.515188795555556,14.652431617777777,14.652311244444444,15.0861154,15.456456328888889,15.31209222222222,14.861848479999999,14.810589782222221,14.361346328888889,14.253631573333333,14.276174133333333,14.797925871111111,14.954647146666666,14.519856595555556,12.23363,42.36780888444444,11.645359555555556,2.37526528,0.7987309644444445,0.14066693333333333,0.10136404444444444,0.047239111111111114,0.030307528888888886,0.024711257777777777,0.01617922222222222,0.017612964444444445,0.012925217777777777,0.009542435555555557,0.007709933333333334,0.006002288888888888,0.009470142222222222,0.0035096711111111114,0.0037288844444444444,0.0027018044444444443,0.0019898933333333335,0.003919844444444444,2.9853219376066082,10728228.040882241,1951.2791513605591,0.36785,0.15234999999999999,,0.04751595119408861,2.3071875,,0.06182807469798858,0.0641375,0.0144412558922558,0.20240985989136928,,,,0.054946875000000006,0.40077500000000005,,,3.042752240471111,0.13525833333333326,,0.051817857142857075,,0.08937499999999995,0.14651666666666663,0.1408291666666666,0.2170541666666666,0.24442499999999995,0.038968749999999996,0.039865,0.018578125,0.2934375,0.027979166666666652,1.0223083333333334,0.056455,0.022674999999999952,0.73928125,0.684315,0.035765,0.065495,1.06548,0.014575,0.0188875,1.1212,0.022017857142857124,0.06361785714285713,0.05193571428571428,0.0256375,0.03481428571428565,0.06834583333333327,0.0,0.019795833333333325,0.0,,,,,,0.04137179040936725,0.021625,0.3161880323860952,3.926496175651402,3.2411307746933633,71.79401989861564,1635.3334,1142.2139,0.6521535918224516,2024-07-18 01:15:00
2024-07-17 19:30:00,72.32,1.0,0.0262550622222222,0.14173877745908847,0.003647263573246985,0.009719036290777779,1.3198279594849591,0.0017559306666666667,0.0038370222222222222,0.013757022222222222,5.148386666666667e-26,3.8763600000000004e-06,8.752702222222222e-06,9.187511111111111e-05,1.9025644444444447e-26,1.6906977777777777e-06,0.0005545551111111112,0.000390468,4.557337777777778e-08,0.05710671111111111,0.00262772,0.012196044444444444,0.09162217777777777,7.277564444444445e-06,1.0569222222222222e-06,0.13500000000000004,1308.851111111111,209.48524444444448,0.04777777777777778,209.48524444444448,40.73435106666667,-111.87211,309.48644444444443,16.160444444444444,874.7244444444444,95.49533333333333,0.9435555555555556,433453.5555555556,2006.6324444444444,189.1431111111111,11603183.304444443,0.0008425511111111,0.0001792844444444,0.0030085022222222,0.0002347866666666,0.0002138666666666,0.0002192,0.0007136266666666,0.2804784444444445,3.7326017777777776,6.132942666666667,8.70320625049025,0.2572655790931291,1.6665232800958305,3.503627079004329,0.0021511731879231,0.2371660555814556,4.611264839133089,0.0094214991008991,1.4118308893273395,0.4972097107577607,0.7875259456857956,0.302078204055204,0.0186211092555592,0.2837486898231398,0.1593832517112517,0.0842445635827135,0.0034448654086654,0.0407044987031487,0.3102229899304399,0.0548041949087949,0.0171852999740999,0.0060354373052873,3.8625,0.193,0.4041696385645291,0.007500000000000001,0.00025,0.074,0.44475,0.1945,0.10225,0.0105,0.030490000000000003,0.029886954373361075,1.7861442727846117,0.1924849034307849,0.1457,0.0085,0.9274166849260468,0.006003436558178804,0.13210319911724727,0.028353938463753954,0.0626417168274424,0.7732,0.06081763966040818,0.21390036876748628,0.14121920911806182,0.05072517714248291,0.021502607945105483,0.029,0.23149999999999998,0.8351340333950059,0.0011583044824973335,0.01075,0.09599443656378738,0.6050084028710268,0.01775,0.03638571428571425,0.14820759363601735,0.016,0.02022435482673985,0.5162476616023753,0.008372690877053494,0.0035,0.03746896665243874,0.01175,0.03825,0.0022500000000000003,0.03419252849662717,0.01803199580099442,0.0055,0.017405729195451632,0.025161533015104376,0.0453972259586584,0.024650000000000002,0.0025,0.1128557385022628,0.09345002773953756,0.02919357069458357,0.0061194115773115,0.0129014096281496,0.048919492066822,0.0046707647319347,0.0003107895371295,0.7669858711111112,5400.0,5459.0,871.4282622222222,36.28302222222222,278.2181911111111,50.00138666666667,2.49212,0.14900888888888889,0.01504,14.594248328888888,14.74836283111111,14.827924853333334,15.275722728888889,15.601867488888889,15.34488760888889,15.068117622222221,14.888157835555555,14.55262052888889,14.43477885777778,14.38729324,14.74656248888889,14.891049262222221,14.49065048,12.179087017777778,42.798001373333335,11.729990857777779,2.3946658177777778,0.8163940622222222,0.14498775111111112,0.10547383111111111,0.045035035555555554,0.033492013333333334,0.02396087111111111,0.01968855111111111,0.01578590666666667,0.010302182222222223,0.007039733333333334,0.007628026666666666,0.009123444444444443,0.009414715555555555,0.005150008888888889,0.0038207777777777775,0.002509337777777778,0.00237872,0.002014088888888889,3.2360676325850695,11442134.495290875,1955.2816830589093,0.3915,0.1663,,0.062806490385023,2.134875,,0.07670285743073696,0.068775,0.0186211092555592,0.25274383728356326,,,,0.06391875,0.49906428571428574,,,3.282349501448889,0.15699999999999995,,0.056864285714285645,,0.0984333333333333,0.1538333333333333,0.1413416666666666,0.2181916666666666,0.24163333333333326,0.0390625,0.03875,0.02074375,0.266875,0.023658333333333302,0.9062166666666667,0.06025,0.0224928571428571,0.6829624999999999,0.63935,0.04277,0.07998999999999999,1.00212,0.01515,0.01975,1.30762,0.04403571428571425,0.07023571428571425,0.05735714285714285,0.033062499999999995,0.044557142857142795,0.07042499999999995,0.0,0.02094166666666665,0.0,,,,,,0.0463512321027462,0.02475,0.38721505839372083,5.012814223634149,4.219640799618016,67.95199998984418,1625.3334,1081.7644,0.6682335510125381,2024-07-18 01:30:00
2024-07-17 19:45:00,70.47911111111111,1.0,0.0279729288888888,0.14164705491817692,0.0036342771464940703,0.009765822581555558,1.493839208888889,0.001403662622222222,0.0029496311111111115,0.010884906666666666,4.0619022222222225e-26,2.595635555555556e-06,6.181817777777777e-06,6.554475555555555e-05,1.5140755555555558e-26,9.984293333333333e-07,0.00040506799999999996,0.0002855417777777777,2.95676e-08,0.0467188,0.0019430666666666668,0.010258155555555556,0.0756571111111111,5.145462222222222e-06,6.412591111111112e-07,0.13500000000000004,1308.9826666666665,328.8925777777778,0.04666666666666667,328.8925777777778,40.73435453333334,-111.87211,309.2762222222222,16.361777777777778,874.7955555555556,94.27844444444445,0.9128888888888889,433771.4222222222,1988.4284444444445,190.2608888888889,11602785.388444442,0.0008919733333333,0.0001830755555555,0.0029847333333333,0.0001700577777777,0.0002419422222222,0.0003108933333333,0.0008259644444444,0.2649336488888889,3.6721222222222223,5.996852,8.972742622222222,0.2542083555555555,1.6533448888888889,3.2579834222222224,0.0025492888888888,0.2320822222222222,4.477480622222222,0.0072588888888888,1.8290926222222224,0.4988906222222222,0.7512854666666667,0.2612400444444444,0.0126947111111111,0.2835576,0.1315004888888889,0.0547709777777777,0.0037748444444444,0.0270452444444444,0.2747772,0.0488507555555555,0.0139618666666666,0.0054980444444444,3.76175,0.1805,0.38816773881509964,0.00625,0.000125,0.074,0.444875,0.19425,0.104125,0.01025,0.025245,0.025505700126518968,1.5745721363923058,0.18874245171539245,0.14934999999999998,0.00825,0.9997083424630234,0.006674052490076942,0.13258237429965908,0.021176969231876976,0.05632085841372121,0.5906,0.059408819830204095,0.1831172464926346,0.12299073284636708,0.04432803685124057,0.016751303972552742,0.027000000000000003,0.18725,0.633067016697503,0.001018021896246889,0.009874999999999998,0.08321461365558865,0.46000420143551335,0.016375,0.031192857142857123,0.12710379681800868,0.013000000000000001,0.016112177413369927,0.3981238308011877,0.004826549699435269,0.0032500000000000003,0.03162499906040198,0.010875,0.035625000000000004,0.002125,0.019663550723759745,0.011689872886810754,0.00525,0.015202864597725817,0.022580766507552186,0.0446986129793292,0.020825000000000003,0.0022500000000000003,0.09842786925113141,0.08172501386976878,0.017070261247837906,0.0056043976978576,0.0125838713764013,0.0541516679476079,0.0046948482950382,0.0003237618592518,0.7530670533333333,6300.0,6359.0,871.4550088888889,35.78995555555556,280.89589777777775,50.66403111111111,2.547457777777778,0.1502222222222222,0.01536,14.772920644444444,14.892956493333333,15.102781946666665,15.351988844444444,15.630716617777777,15.339927035555554,15.198708053333332,15.16906348888889,14.82360528,14.486497968888889,14.42918588,14.828896897777778,15.017469213333333,14.360258835555555,12.177125764444444,43.56608469777778,11.997541875555555,2.4508125066666664,0.8352216577777778,0.14616004,0.10809689333333333,0.04632093777777778,0.03594161333333333,0.02533156,0.018616666666666667,0.014995360000000001,0.013793582222222222,0.008677942222222224,0.010424751111111111,0.008998688888888889,0.008863173333333333,0.006010813333333333,0.0039007244444444447,0.0023228000000000003,0.002396742222222222,0.0034155955555555556,3.1320085555330177,11441742.10224921,1937.170801946148,0.41515,0.18025000000000002,,0.0780970295759574,1.9625624999999998,,0.09157764016348535,0.07341249999999999,0.0126947111111111,0.30307781467575723,,,,0.072890625,0.5973535714285715,,,3.182917007328945,0.17874166666666663,,0.06191071428571422,,0.10749166666666665,0.16114999999999996,0.14185416666666661,0.21932916666666658,0.23884166666666656,0.039156250000000004,0.037635,0.022909375,0.24031249999999998,0.019337499999999952,0.7901250000000001,0.06404499999999999,0.02231071428571425,0.6266437499999999,0.5943849999999999,0.049775,0.09448499999999999,0.9387599999999999,0.015725,0.0206125,1.49404,0.06605357142857138,0.07685357142857138,0.06277857142857142,0.040487499999999996,0.054299999999999946,0.07250416666666662,0.0,0.022087499999999975,0.0,,,,,,0.03979711972989714,0.027875000000000004,0.3780197267548944,4.952511977373752,4.117670301860553,66.25182408577032,1615.3334,1018.3065,0.7223955030993389,2024-07-18 01:45:00
2024-07-17 20:00:00,69.36266666666667,1.0,0.0223110488888888,0.1415553323772654,0.0036212907197411552,0.009812608872333336,1.6342945046198247,0.0009541505777777778,0.002053471111111111,0.00777168,3.131088888888889e-26,1.610335111111111e-06,4.058933333333334e-06,4.3249200000000006e-05,1.1772146666666669e-26,5.516435555555555e-07,0.00027205377777777775,0.00019179377777777778,1.7865022222222222e-08,0.03459924444444444,0.0013102053333333334,0.00788335111111111,0.05669582222222223,3.3691244444444443e-06,3.6869244444444446e-07,0.13500000000000004,1309.2688888888888,333.5838222222222,0.04746666666666667,333.5838222222222,40.73435026666667,-111.87211,308.97177777777773,16.59777777777778,874.8044444444444,97.31937777777779,0.9475555555555556,433536.6222222222,1981.6426666666664,191.3733333333333,11584011.963555556,0.0011529777777777,0.0002579199999999,0.0030599422222222,0.0001325111111111,0.0002217066666666,0.0005590977777777,0.0007778888888888,0.1048569777777777,3.218947555555556,5.166839555555557,11.480737199999998,0.2794365777777778,1.6738535111111112,3.9024652888888887,0.0028632,0.231038,4.484820311111111,0.0065105333333333,1.6416133777777777,0.4596267111111111,0.9035384444444444,0.3326140444444444,0.0195839111111111,0.338192,0.1729092444444444,0.0667868,0.0021432444444444,0.0302545333333333,0.2696424888888888,0.0565013333333333,0.0096701333333333,0.0057336,3.661,0.168,0.088,0.005,0.0,0.074,0.445,0.194,0.106,0.01,0.02,0.015,1.363,0.185,0.153,0.008,1.072,0.007344668421975079,0.095,0.014,0.05,0.408,0.058,0.105,0.138,0.031,0.012,0.025,0.143,0.431,0.0008777393099964444,0.009,0.053,0.315,0.015,0.026,0.106,0.01,0.012,0.28,0.002,0.003,0.017,0.01,0.033,0.002,0.011,0.008,0.005,0.013,0.02,0.044,0.017,0.002,0.084,0.07,0.011,0.0053516766156066,0.0109193822514522,0.054057716003626,0.0047526252517852,0.0002488962396862,0.7537756311111111,7200.0,7259.0,871.4703555555556,35.39575111111112,282.74300444444447,51.15375111111111,2.5782844444444444,0.15044444444444444,0.01564888888888889,14.89629267111111,14.869864555555555,15.102649222222222,15.384365808888889,15.663262804444445,15.477593133333333,15.255727475555554,15.243511533333333,14.761142631111111,14.519186613333334,14.61657728,14.91240817777778,15.006769328888888,14.337626604444445,12.275319555555557,44.36739935111111,12.251208404444444,2.5356561066666665,0.8180749377777778,0.13743090222222223,0.10560168444444444,0.05052882222222222,0.03046195111111111,0.02399052,0.017764355555555552,0.011876844444444446,0.012866742222222222,0.010425462222222221,0.008160933333333334,0.008543546666666667,0.011230462222222222,0.006104013333333334,0.0034893599999999995,0.003505088888888889,0.0035096000000000003,0.0029309911111111116,3.122980939496501,11423229.247037003,1930.419735444777,0.4388,0.1942,,0.09338756876689179,1.79025,,0.10645242289623373,0.07805,0.0195839111111111,0.35341179206795126,,,,0.0818625,0.6956428571428572,,,3.174290769196744,0.2004833333333333,,0.0669571428571428,,0.11655,0.1684666666666666,0.1423666666666666,0.2204666666666666,0.2360499999999999,0.03925,0.03652,0.025075,0.21375,0.0150166666666666,0.6740333333333334,0.06784,0.0221285714285714,0.570325,0.54942,0.05678,0.10898,0.8754,0.0163,0.021475,1.68046,0.0880714285714285,0.0834714285714285,0.0682,0.0479125,0.0640428571428571,0.0745833333333333,0.0,0.0232333333333333,0.0,,,,,,0.047746224722217866,0.031,0.2,4.5,4.1,59.0,1477.0,952.99231,0.7282450723584633,2024-07-18 02:00:00
2024-07-17 20:15:00,67.14044444444444,1.0,0.0215512622222222,0.14146360983635387,0.0036083042929882406,0.009859395163111115,1.7150075189010991,0.0005829064444444445,0.001234295111111111,0.004697675555555556,2.3093288888888891e-26,9.046271111111111e-07,2.4333155555555556e-06,2.5923866666666668e-05,8.754391111111111e-27,2.825017777777778e-07,0.00016409773333333333,0.00011642684444444444,9.862022222222223e-09,0.021403466666666666,0.0007875613333333334,0.005091502222222222,0.03548857777777778,2.004591111111111e-06,1.9827706666666665e-07,0.13500000000000004,1309.3595555555555,336.93337777777776,0.050755555555555554,336.93337777777776,40.73434911111111,-111.87211,308.6046666666666,17.032,874.9159999999999,110.53613333333332,1.1715555555555557,435099.5555555556,1980.279555555556,209.86711111111111,11736499.345777778,0.0012549733333333,0.0002644044444444,0.0028988622222222,0.0001249333333333,0.00020344,0.0008821288888888,0.00084596,0.0714352807701557,3.5865491134606136,5.454537725977726,11.849570533333331,0.2841696888888889,1.5934147555555556,3.767156222222222,0.0026917777777777,0.2397303111111111,4.565781777777778,0.0080225777777777,1.7246656888888887,0.4634052,0.5362138666666667,0.3183112444444445,0.0182531555555555,0.1909032888888888,0.1654748444444444,0.0688934666666666,0.0020976888888888,0.0332021333333333,0.3033007555555555,0.0537363555555555,0.0098392888888888,0.0065315555555555,3.5955,0.16762500000000002,0.29320337092325033,0.004875,0.0,0.073875,0.444625,0.194125,0.103,0.01,0.02571,0.030844134144331542,1.5020560830024685,0.2438215741647281,0.1645,0.007875,1.3640409712874908,0.006801584869228194,0.12246659245998869,0.0184516530700138,0.055609286263981525,0.5593916666666667,0.08002830227962318,0.22613656334523943,0.13765935658558015,0.04947587491189651,0.017929758079057972,0.022500000000000003,0.17678125,0.695740334945103,0.0008930218962468889,0.008749999999999999,0.09878646534712715,0.4591350624846856,0.014124999999999999,0.035071428571428545,0.12163760871530241,0.00975,0.01951437047299211,0.4073770144803864,0.006525709744323939,0.003,0.03874570779690357,0.009375,0.029625000000000002,0.002,0.02662521899589352,0.014728748474610023,0.005,0.016608553151441947,0.029538375459195687,0.05122194847832492,0.01699166666666665,0.002,0.09531846064936647,0.07901586520803322,0.022879235564412428,0.0050474696742146,0.010455668035668,0.0530103741676841,0.0049272002003552,0.0003144443134643,0.6812520088888889,8100.0,8159.0,871.5807333333333,35.20384,279.85845777777774,50.65186666666667,2.552853333333333,0.15046666666666664,0.015444444444444445,14.765902964444445,14.745710133333334,14.928238235555556,15.43672276,15.578416391111112,15.376676844444443,15.061928266666666,15.07126596888889,14.597504035555554,14.407989106666667,14.343134693333333,14.783330644444446,14.705411604444445,14.001349328888889,11.930724248888888,44.19714447111111,12.137748231111111,2.5357885155555553,0.8007117688888888,0.13744900444444444,0.10331075555555555,0.057417786666666665,0.031282875555555555,0.023316311111111113,0.01614507111111111,0.014641088888888888,0.010372684444444445,0.011163546666666666,0.008985146666666666,0.008966702222222223,0.011493817777777778,0.00527288,0.004375137777777777,0.0017723244444444446,0.003487231111111111,0.003348426666666667,2.9925787921224085,11573600.148749223,1929.0635970533904,0.46437500000000004,0.19540000000000002,,0.09033401681044487,1.8917249999999999,,0.10348189835500393,0.08180625,0.0182531555555555,0.34335999381398163,,,,0.08081250000000001,0.6760142857142858,,,3.0496864471200005,0.1903541666666666,,0.06578928571428565,,0.10668333333333332,0.17618333333333328,0.13937083333333328,0.2141041666666666,0.23433749999999992,0.0400625,0.038099999999999995,0.024840624999999998,0.22984375,0.0155041666666666,0.7589166666666667,0.069815,0.0205785714285714,0.62609375,0.600685,0.05916,0.11216,0.9789599999999999,0.01625625,0.0212375,1.92378,0.08444285714285707,0.0800071428571428,0.06581785714285712,0.046528125,0.061174999999999945,0.07339999999999997,0.00540416666666665,0.025712499999999975,0.00425625,,,,,,0.045071274678938615,0.0295,0.2635581592119516,4.867189745250697,3.711323137741814,63.16835682565373,1192.0,887.11713,0.7401410147668217,2024-07-18 02:15:00
2024-07-17 20:30:00,64.31244444444445,1.0,0.0226959866666666,0.14137188729544234,0.0035953178662353254,0.009906181453888893,1.7766056927846228,0.0002981414222222222,0.0006122031111111111,0.0022318697777777776,1.5630742222222225e-26,4.364271111111111e-07,1.2671404444444444e-06,1.3571871111111112e-05,5.945057777777778e-27,1.3128346666666665e-07,8.57396e-05,6.205777777777778e-05,4.755102222222223e-09,0.009693666666666666,0.0004128995555555556,0.0023080404444444443,0.01590584,1.0405324444444443e-06,9.623928888888889e-08,0.13500000000000004,1310.0684444444444,359.47720000000004,0.05431111111111111,359.47720000000004,40.734346888888886,-111.87211,307.7064444444444,17.749777777777776,875.0088888888889,116.60893333333334,1.2164444444444444,436479.4222222223,1978.1177777777775,228.98222222222225,11822272.458222222,0.0010352666666666,0.00020644,0.0027290044444444,0.0001355777777777,0.0002017777777777,0.0018492888888888,0.0011563288888888,0.0559492508665408,4.041710106005106,5.679447577829578,12.569606133333334,0.2756650222222222,1.534754888888889,3.796886977777778,0.0027688888888888,0.2563498666666666,4.572240444444445,0.0072998666666666,2.349779288888889,0.5654453333333332,0.3458985333333333,0.3592025333333333,0.0178581333333333,0.1057430222222222,0.1720813777777778,0.07707,0.0033216888888888,0.0264358222222222,0.3743094222222222,0.0497777333333333,0.0100645333333333,0.0059201333333333,3.5300000000000002,0.16725,0.20917007535969576,0.00475,0.0,0.07375,0.44425000000000003,0.19425,0.1,0.01,0.031420000000000003,0.031882227191565596,1.6411121660049368,0.30264314832945627,0.176,0.00775,1.6560819425749815,0.0062585013164813096,0.1515550367576718,0.0229033061400276,0.06121857252796304,0.7107833333333333,0.10205660455924634,0.25695973358211033,0.17417652260044827,0.062291286938322546,0.02385951615811594,0.02,0.21056249999999999,0.960480669890206,0.0009083044824973333,0.008499999999999999,0.1018145126957707,0.6032701249693713,0.01325,0.044142857142857095,0.1372752174306048,0.0095,0.027028740945984224,0.5347540289607727,0.007509476759827221,0.003,0.04013037569877827,0.00875,0.026250000000000002,0.002,0.030655833792658974,0.016488174007530287,0.005,0.020217106302883897,0.03907675091839137,0.05844389695664984,0.0169833333333333,0.002,0.10663692129873292,0.08803173041606642,0.026242472208154347,0.0049637508491508,0.0120767961904761,0.0611197266289266,0.005312416043956,0.0005489754900654,0.6282826444444444,9000.0,9059.0,871.674848888889,34.956591111111116,271.7234266666667,49.258022222222216,2.489417777777778,0.15088444444444443,0.01504,14.48135952888889,14.467556351111112,14.477756746666667,14.939200373333334,15.114101364444444,14.94361248,14.573052524444446,14.577205591111111,14.123201648888887,13.87764432888889,13.788394164444444,14.323544755555556,14.18057804,13.585842955555556,11.596968866666666,42.93850711111111,12.00979648888889,2.5008843733333332,0.7904908355555555,0.1311895422222222,0.09964184444444445,0.05356921333333333,0.03415945333333334,0.02363888888888889,0.014463982222222222,0.014345288888888889,0.009601866666666669,0.0063731733333333325,0.008253493333333332,0.008521235555555557,0.011810995555555556,0.00687235111111111,0.0024337288888888887,0.0020032355555555555,0.003222702222222222,0.00367512,3.135905889017983,11658182.75534246,1926.9128774134454,0.48995,0.1966,,0.08728046485399796,1.9931999999999999,,0.10051137381377413,0.0855625,0.0178581333333333,0.33330819556001196,,,,0.0797625,0.6563857142857144,,,3.186641061008889,0.18022499999999994,,0.0646214285714285,,0.09681666666666665,0.18389999999999995,0.13637499999999997,0.2077416666666666,0.23262499999999994,0.040875,0.03968,0.02460625,0.2459375,0.0159916666666666,0.8438000000000001,0.07178999999999999,0.0190285714285714,0.6818625,0.65195,0.06154,0.11534,1.08252,0.016212499999999998,0.021,2.1671,0.08081428571428564,0.07654285714285711,0.06343571428571425,0.045143749999999996,0.058307142857142794,0.07221666666666665,0.0108083333333333,0.02819166666666665,0.0085125,,,,,,0.058201149388821795,0.028,0.25439758966804216,5.321016331911578,3.879844389827855,60.55652213767161,907.0,822.05359,0.7220676753237806,2024-07-18 02:30:00
2024-07-17 20:45:00,60.99377777777777,1.0,0.0299994266666666,0.14128016475453078,0.0035823314394824108,0.009952967744666672,2.081123061135161,0.00010807578666666667,0.00023722484444444443,0.0008059453333333333,8.724662222222224e-27,1.6290253333333334e-07,5.066235555555555e-07,5.504417777777778e-06,3.2979911111111114e-27,5.241142222222222e-08,3.484977777777778e-05,2.5727075555555555e-05,1.8209755555555556e-09,0.0030013293333333332,0.00016982399999999998,0.0005840699555555556,0.004508723555555556,4.1911324444444445e-07,3.891382222222222e-08,0.13500000000000004,1309.704888888889,359.1017777777778,0.055200000000000006,359.1017777777778,40.73435,-111.87211,306.8108888888889,18.62977777777778,875.1271111111112,110.67151111111112,0.9239999999999999,436750.6222222222,1981.3773333333331,208.51244444444447,12231391.663555557,0.0008706133333333,0.0001883644444444,0.0026600844444444,0.0001482888888888,0.0002214977777777,0.00352312,0.00133652,0.0379252746666666,4.121404,5.886386666666668,11.52506102222222,0.2911441777777777,1.6555802222222222,3.5240853333333333,0.0027916888888888,0.2967815111111111,4.7430540444444445,0.0086555555555555,3.0949279555555553,0.6991036,0.5192588444444445,0.3437910666666666,0.0103500444444444,0.1792357333333333,0.1517928888888889,0.0672130222222222,0.0034979555555555,0.0274739555555555,0.4155799555555555,0.0576571111111111,0.0113727999999999,0.0060915555555555,3.4645,0.166875,0.28571692004863186,0.004625,0.0,0.073625,0.443875,0.19437500000000002,0.097,0.01,0.03713,0.02869427093799226,1.7801682490074051,0.3614647224941844,0.1875,0.007625,1.9481229138624723,0.005715417763734425,0.18965682002521828,0.0273549592100414,0.06682785879194456,0.8621750000000001,0.12408490683886952,0.24534282754725048,0.1954004518474249,0.06973965787732082,0.029789274237173913,0.0175,0.24434375,1.225221004835309,0.0009235870687477778,0.00825,0.09251545948763577,0.7474051874540568,0.012375,0.053214285714285645,0.15291282614590723,0.00925,0.034543111418976334,0.6621310434411591,0.0063235255485975354,0.003,0.035878097245834864,0.008125,0.022875,0.002,0.025796845409338513,0.01436715062602593,0.005,0.023825659454325847,0.04861512637758706,0.06566584543497475,0.01697499999999995,0.002,0.11795538194809939,0.09704759562409962,0.022188021806341215,0.0050748434395234,0.0134909433203833,0.0734976978295778,0.0066442126366226,0.0008865967262367,0.5565494977777778,9900.0,9959.0,871.7888177777778,34.44191555555555,271.80229333333335,48.72542222222223,2.424897777777778,0.14869333333333332,0.014928888888888887,15.0735426,15.06194195111111,14.92072631111111,15.233083697777777,15.347711951111112,15.135100893333334,14.642405617777777,14.507146791111113,14.018666146666668,13.874848977777779,13.71439648888889,13.996788142222222,13.935225004444444,13.236317786666666,11.274280986666668,42.44410796,11.789056577777778,2.4186476977777778,0.7499296666666666,0.14312897333333333,0.10182755555555555,0.046119360000000005,0.032610879999999995,0.02349449333333333,0.015845995555555555,0.008574777777777777,0.010729204444444444,0.00647088,0.007873044444444444,0.007974511111111112,0.008609031111111111,0.003946506666666667,0.0036991155555555558,0.0024308488888888885,0.0021793777777777776,0.0029599066666666667,3.4555959594193677,12061623.505109593,1930.1557593705488,0.515525,0.1978,,0.08422691289755105,2.0946749999999996,,0.09754084927254433,0.08931875,0.0103500444444444,0.3232563973060423,,,,0.07871249999999999,0.6367571428571428,,,3.4921173533797085,0.17009583333333328,,0.06345357142857135,,0.08694999999999997,0.19161666666666663,0.13337916666666663,0.20137916666666658,0.23091249999999997,0.0416875,0.041260000000000005,0.024371875,0.26203125,0.0164791666666666,0.9286833333333334,0.073765,0.0174785714285714,0.73763125,0.703215,0.06392,0.11852,1.18608,0.01616875,0.020762500000000003,2.4104200000000002,0.07718571428571422,0.0730785714285714,0.061053571428571374,0.043759375,0.05543928571428565,0.07103333333333332,0.01621249999999995,0.030670833333333324,0.012768749999999999,,,,,,0.06583228735146565,0.0265,0.24373572936786442,5.400476585496207,4.034900444817132,57.491526127116416,622.0,759.17145,0.6363987814835753,2024-07-18 02:45:00
2024-07-17 21:00:00,58.99333333333333,1.0,0.0383895199999999,0.14118844221361926,0.0035693450127294957,0.00999975403544445,2.352562112258852,3.0278555555555556e-05,5.597215111111111e-05,0.0001803397777777778,2.8660679999999996e-27,4.016442666666667e-08,1.2642964444444444e-07,1.3778284444444443e-06,1.1372444444444445e-27,1.5412693333333334e-08,8.6451e-06,6.4500826666666665e-06,4.701043111111111e-10,0.0005955801777777777,4.200152e-05,9.361808888888888e-05,0.0008225204,1.0494726222222222e-07,1.1144417777777778e-08,0.13500000000000004,1309.465777777778,359.02813333333336,0.05355555555555556,359.02813333333336,40.73435,-111.87211,305.9215555555555,19.423555555555556,875.4355555555555,105.366,0.8195555555555555,439076.84444444446,1985.4271111111111,205.08177777777777,12477662.834222224,0.0010279777777777,0.0002079333333333,0.00263008,0.0001670933333333,0.0002503022222222,0.0033681333333333,0.0013220888888888,0.0246976231111111,3.932465333333333,5.737493777777779,12.437260466544569,0.2955150126984127,1.8727394280830283,4.028454301831501,0.0031155581196581,0.3375022272283272,4.963800598290598,0.0089660266178266,3.543486372893773,0.8500819770451771,1.2170841504273504,0.3439775003663003,0.0138606389499389,0.4630676478632479,0.1453352054945055,0.0662279709401709,0.0021177554334554,0.0319777511599511,0.3992276223443223,0.0631572517704517,0.0142225021978021,0.0060048655677655,3.399,0.1665,0.1386083817057057,0.0045000000000000005,0.0,0.0735,0.4435,0.1945,0.094,0.01,0.04284,0.027679566872378204,1.9192243320098736,0.4202862966589125,0.199,0.0075,2.240163885149963,0.00517233421098754,0.23269602398712244,0.0318066122800552,0.07243714505592608,1.0135666666666667,0.14611320911849268,0.2454833581545716,0.1869910436070452,0.06678844223657232,0.035719032316231886,0.015000000000000001,0.278125,1.489961339780412,0.0009388696549982223,0.008,0.08955563621964722,0.8915402499387424,0.0115,0.0622857142857142,0.16855043486120963,0.009000000000000001,0.042057481891968444,0.7895080579215454,0.006205008211193588,0.003,0.034524626905867585,0.0075,0.0195,0.002,0.025311265260496867,0.014155187400753987,0.005,0.027434212605767797,0.05815350183678275,0.07288779391329968,0.0169666666666666,0.002,0.12927384259746585,0.10606346083213283,0.021782842687917775,0.0052883317460317,0.0153368828571428,0.0870210726984127,0.0079420876190476,0.0009964669841269,0.4918899911111111,10800.0,10859.0,872.0887777777778,34.09462222222223,260.44589333333334,47.17369333333333,2.3709511111111112,0.1499511111111111,0.014444444444444446,13.908561142222222,13.947758364444445,14.089476533333334,14.246925733333335,14.502210235555555,14.352568995555554,14.03218064,13.941918991111113,13.555806524444444,13.35726759111111,13.22006196,13.477815831111112,13.336098044444444,12.780687071111112,10.94568743111111,41.67107081333334,11.567978946666667,2.3664603066666667,0.7391956755555555,0.1320662088888889,0.09211790666666667,0.04242413333333333,0.028112342222222222,0.02308826222222222,0.017465515555555554,0.01136432,0.01134656,0.005836533333333334,0.010170053333333335,0.006977871111111112,0.007632813333333334,0.004437937777777778,0.003762857777777778,0.0034267288888888887,0.003054671111111111,0.0029133822222222228,3.8037485906421264,12304476.5035623,1934.1848213276153,0.5411,0.199,,0.08117336094110413,2.19615,,0.09457032473131453,0.093075,0.0138606389499389,0.31320459905207265,,,,0.0776625,0.6171285714285714,,,3.824790729288893,0.1599666666666666,,0.0622857142857142,,0.0770833333333333,0.1993333333333333,0.1303833333333333,0.1950166666666666,0.2292,0.0425,0.04284,0.0241375,0.278125,0.0169666666666666,1.0135666666666667,0.07574,0.0159285714285714,0.7934,0.75448,0.0663,0.1217,1.28964,0.016125,0.020525,2.65374,0.0735571428571428,0.0696142857142857,0.0586714285714285,0.042375,0.0525714285714285,0.06985,0.0216166666666666,0.03315,0.017025,,,,,,0.06280865521814269,0.025,0.2359110756166158,5.2,3.9,54.0,426.83334,685.81262,0.7208918999968467,2024-07-18 03:00:00
2024-07-17 21:15:00,57.54,1.0,0.0474100977777777,0.14109671967270773,0.003556358585976581,0.01004654032622223,2.558152802253302,1.3089194222222221e-05,6.025580888888889e-06,1.7683605777777777e-05,3.977002222222222e-28,5.457708888888889e-09,1.6200304888888892e-08,1.7262493333333332e-07,1.5847615111111113e-28,2.4183299555555558e-09,1.0458851111111111e-06,7.832527555555556e-07,6.582354222222223e-11,4.922485777777778e-05,4.956680444444444e-06,6.285751555555555e-06,6.266898666666667e-05,1.3258567555555555e-08,1.6900488888888888e-09,0.13500000000000004,1309.8333333333333,336.45342222222223,0.05271111111111111,336.45342222222223,40.73435,-111.87211,305.29577777777774,20.133777777777777,875.6964444444444,113.08355555555555,1.0973333333333335,442867.2888888889,1982.6453333333332,211.3493333333333,12560910.957333334,0.0011158311111111,0.0002124488888888,0.0026501822222222,0.00016324,0.0002574311111111,0.0042868977777777,0.0013430088888888,0.0294585777777777,4.211570666666667,6.146316444444444,12.751281059860508,0.2748754562049062,2.0005973342712844,4.353569726310727,0.0046381215728715,0.3530477453342953,5.044127378595478,0.008000388047138,3.3201556149110147,0.9179206522607024,0.4919839092352091,0.3862190792929293,0.0161214125300625,0.1773988983886484,0.1610951596440596,0.0754336212602212,0.0004638394660894,0.035144878090428,0.3848729618566618,0.0646729158970658,0.0116629579605579,0.0055711007696007,3.3335,0.16612500000000002,0.27367373544668455,0.004375,0.0,0.073375,0.443125,0.194625,0.091,0.01,0.03438,0.030155948660211367,1.7311682490074052,0.3634647224941844,0.17650000000000002,0.0073750000000000005,1.7128729138624723,0.004629250658240654,0.2520347043746637,0.0268549592100414,0.06107785879194456,0.8494250000000001,0.12458490683886951,0.27732435445741727,0.17960896554922642,0.06419776003840647,0.028039274237173915,0.0125,0.23259375000000002,1.168721004835309,0.0009541522412486667,0.00775,0.09677907474171137,0.7204051874540568,0.010624999999999999,0.05146428571428565,0.14041282614590722,0.00875,0.034293111418976334,0.623881043441159,0.007312594369278839,0.003,0.03782776662300178,0.006875,0.016125,0.002,0.029849182355823706,0.01613605821237325,0.005,0.023325659454325846,0.045115126377587064,0.06341584543497476,0.01447499999999995,0.002,0.10720538194809939,0.08754759562409963,0.025569383905777107,0.0054211066666666,0.0165487733333333,0.0959867333333333,0.0081119066666666,0.0009254488888888,0.4477296622222222,11700.0,11759.0,872.3318,33.801502222222226,260.4458222222222,47.38829333333334,2.3827644444444447,0.1500711111111111,0.01471111111111111,13.933155577777777,13.920564595555556,13.962432159999999,14.214431911111111,14.490409711111111,14.334686004444444,13.90886599111111,13.961812826666666,13.419939782222222,13.265069271111111,13.144697182222222,13.387538226666667,13.227382493333332,12.717038288888888,11.035550062222223,42.153819804444446,11.772971355555557,2.4271152977777777,0.7375874177777778,0.13641841333333332,0.10000649333333334,0.04646609333333333,0.03858845777777778,0.01694616888888889,0.01874015111111111,0.013034577777777778,0.012581013333333333,0.007967586666666667,0.010349222222222223,0.006799195555555556,0.00736164888888889,0.005794133333333334,0.0036512444444444445,0.00202196,0.0025682933333333333,0.0014137200000000003,3.927380068940933,12386569.166939685,1931.4172731725143,0.50395,0.180825,,0.07095874072289517,2.0984125,,0.08463344451106167,0.0846375,0.0161214125300625,0.2795797244343085,,,,0.0711,0.5514678571428571,,,3.9429254138088887,0.14509583333333326,,0.05653928571428565,,0.06995416666666662,0.18677499999999997,0.11769999999999997,0.1760041666666666,0.2054125,0.040350000000000004,0.036715000000000005,0.022253125,0.24995625000000002,0.012724999999999948,0.89605,0.067065,0.011946428571428549,0.697475,0.64786,0.05472,0.10142000000000001,1.09643,0.01209375,0.015393750000000001,2.023365,0.06519642857142852,0.06294999999999998,0.05349285714285708,0.0394125,0.0445714285714285,0.06187083333333332,0.01621249999999995,0.0295625,0.012768749999999999,,,,,,0.06015440324365281,0.0235,0.2387273594925251,5.490378908485633,4.229661551299966,54.30174656396866,334.33334,619.38904,2.6407177886347055,2024-07-18 03:15:00
2024-07-17 21:30:00,56.54711111111112,1.0,0.0517882666666666,0.1410049971317962,0.003543372159223666,0.010093326617000008,2.779656463492064,7.59105692063492e-06,3.026752133333333e-07,8.488741777777777e-07,1.2506332294354748e-29,2.919132177777778e-10,8.683120888888889e-10,9.187379555555554e-09,4.9509339054698764e-30,1.2433911333333335e-10,5.5109760000000005e-08,4.143690888888889e-08,3.484645111111111e-12,2.169735111111111e-06,2.5940453333333334e-07,2.3302515555555556e-07,2.662006222222222e-06,7.053449333333333e-10,8.724770222222221e-11,0.13500000000000004,1309.3226666666667,187.2225333333333,0.051866666666666665,187.2225333333333,40.73435,-111.87211,304.46022222222217,21.217777777777776,875.9448888888888,118.0912,1.3426666666666667,443649.3777777778,1982.3284444444444,209.11911111111112,12612283.890222223,0.0010135022222222,0.00022472,0.0026531911111111,0.0001454888888888,0.0002778844444444,0.0070177244444444,0.0016134977777777,0.0308442019251119,3.497171219206719,5.274826259222259,15.200541588953635,0.2713918884559884,2.147041244374144,4.834614128937729,0.0053306987493987,0.364782580933881,5.302208791007142,0.0103947249953749,3.0336327340733344,0.921313627812928,0.8842706976116476,0.4169592070577571,0.0219051342490842,0.3231229619269619,0.1973328372035372,0.0785141994597994,0.0034448464942464,0.0411164051763051,0.3784276068339068,0.0736837198005698,0.0122917121008621,0.0065427394734894,3.268,0.16575,0.44688706017431995,0.00425,0.0,0.07325,0.44275,0.19475,0.088,0.01,0.025920000000000002,0.03585002136436322,1.5431121660049367,0.30664314832945627,0.154,0.00725,1.1855819425749816,0.00408616710549377,0.25300193537613547,0.021903306140027598,0.04971857252796304,0.6852833333333334,0.10305660455924634,0.30049574907334753,0.17629435466523985,0.06303452343433184,0.020359516158115945,0.010000000000000002,0.18706250000000002,0.847480669890206,0.0009694348274991111,0.0075,0.11338830047608164,0.5492701249693712,0.00975,0.0406428571428571,0.11227521743060481,0.0085,0.026528740945984224,0.4582540289607727,0.007683236926200699,0.003,0.04542284658754596,0.00625,0.012749999999999997,0.002,0.03136775062523856,0.01679893668660382,0.005,0.019217106302883896,0.03207675091839138,0.05394389695664984,0.011983333333333299,0.002,0.08513692129873293,0.06903173041606642,0.026836511802448944,0.0053555022222222,0.0166922222222222,0.100536,0.00820648,0.0010291688888888,0.3803338311111111,12600.0,12659.0,872.558128888889,33.44717777777778,262.83361333333335,48.105444444444444,2.444391111111111,0.15168444444444443,0.014986666666666667,13.848653262222223,13.922749844444445,14.011191666666667,14.298180995555555,14.486315542222222,14.36865064,14.054893071111112,14.080086577777779,13.551018426666667,13.28002244,13.243461111111111,13.551310742222222,13.475777444444445,12.819043986666667,11.139026653333334,42.934821955555556,12.008803213333332,2.5472228488888886,0.7935651244444445,0.12418624444444444,0.10696856,0.03851977333333333,0.0354246,0.017750413333333333,0.01669806222222222,0.01280456,0.010272417777777777,0.009048391111111111,0.008971719999999999,0.009493759999999999,0.009623253333333333,0.007322395555555556,0.005010568888888889,0.002309191111111111,0.0016427866666666668,0.00273308,3.8000888673311493,12437229.05846334,1931.1020052647677,0.4668,0.16265000000000002,,0.0607441205046862,2.0006749999999998,,0.07469656429080881,0.0762,0.0219051342490842,0.24595484981654442,,,,0.0645375,0.48580714285714277,,,3.821293721368889,0.13022499999999995,,0.0507928571428571,,0.06282499999999995,0.1742166666666666,0.10501666666666665,0.15699166666666658,0.18162499999999998,0.0382,0.03059,0.020368749999999998,0.22178750000000003,0.0084833333333333,0.7785333333333333,0.05839,0.0079642857142857,0.60155,0.5412399999999999,0.04314,0.08114,0.9032199999999999,0.0080625,0.0102625,1.39299,0.056835714285714246,0.056285714285714245,0.04831428571428565,0.03645,0.0365714285714285,0.05389166666666664,0.0108083333333333,0.025974999999999998,0.0085125,,,,,,0.058962623311961525,0.022,0.23954700832714426,4.7780738822119355,3.5766682920670276,53.384751641298216,241.83333,572.71393,1.0,2024-07-18 03:30:00
2024-07-17 21:45:00,61.62044444444444,1.0,0.0482299022222222,0.14091327459088465,0.003530385732470751,0.010140112907777787,2.07520232,5.409434666666666e-06,1.0621156367733334e-08,3.6564086989333334e-08,6.548429886270666e-32,7.5678188493022e-12,2.107682038432017e-11,2.3421119288600223e-10,2.585339097656067e-32,3.76053890776542e-12,1.4883475911013334e-09,1.0927922521239486e-09,9.362879560140569e-14,1.3274824778666667e-07,7.382860513437494e-09,2.298033751111111e-08,1.9285738648888888e-07,1.8060264433907023e-11,2.55236114230834e-12,0.13500000000000004,1308.8764444444446,217.4708888888889,0.04888888888888889,217.4708888888889,40.73435,-111.87211,303.846,20.12222222222222,876.4835555555557,139.5778222222222,3.644,437820.0444444445,1972.488888888889,191.98622222222224,11191116.01288889,0.0009032311111111,0.0002312088888888,0.0025671111111111,0.0001942933333333,0.0001764266666666,0.0060471555555555,0.0030154088888888,0.1198073231015281,2.891845928737929,4.602936409016909,9.392916622222224,0.2523183111111111,1.4937891555555554,3.4913374666666668,0.0040120444444444,0.2203409777777777,4.324571555555555,0.0054674222222222,0.9660148444444445,0.4699140888888889,0.1239163111111111,0.2287949777777777,0.0170152,0.0150495111111111,0.1528137333333333,0.0537607555555555,0.0033115555555555,0.0354748,0.1625034222222222,0.0464049777777777,0.0115516,0.0047344,3.2025,0.165375,0.1111543381979257,0.004125,0.0,0.073125,0.442375,0.19487500000000002,0.085,0.01,0.017460000000000003,0.0288546775334965,1.3550560830024685,0.2498215741647281,0.1315,0.007125,0.6582909712874909,0.003543083552746885,0.12432207270780217,0.0169516530700138,0.03835928626398152,0.5211416666666666,0.08152830227962317,0.15866069742345054,0.06525242603554321,0.024065232470757193,0.012679758079057971,0.0075,0.14153125,0.526240334945103,0.0009847174137495556,0.0072499999999999995,0.09298335469945297,0.37813506248468554,0.008875000000000001,0.029821428571428547,0.0841376087153024,0.00825,0.01876437047299211,0.29262701448038636,0.00470500389756113,0.003,0.03609205674073324,0.005625,0.009374999999999998,0.002,0.019165562582463914,0.011472493381433432,0.005,0.01510855315144195,0.019038375459195685,0.04447194847832492,0.009491666666666648,0.002,0.06306846064936647,0.05051586520803321,0.01665472861834944,0.0048102177777777,0.0108981155555555,0.05676608,0.00635376,0.0005906888888888,0.4327541511111111,13500.0,13559.0,873.0830755555556,33.14836,233.5088,42.92030222222222,2.233973333333333,0.15537333333333334,0.013479999999999999,12.534033217777779,12.551718079999999,12.510124075555556,12.78735267111111,12.955771266666666,12.740264982222222,12.536563844444442,12.43674484,11.981240906666667,11.771354511111111,11.622000146666666,11.947390004444445,11.87011707111111,11.222621844444443,9.702440013333332,38.10790059111111,10.81457196,2.3146991333333333,0.7064497866666667,0.11157583555555556,0.09252522666666667,0.04105892888888889,0.03406520444444445,0.01945711111111111,0.014319799999999999,0.010867546666666667,0.010131240000000001,0.005513955555555556,0.008387195555555555,0.012283066666666667,0.01063139111111111,0.007366226666666667,0.004531657777777778,0.00509964,0.003171493333333333,0.004453951111111112,2.2754577963504414,11035786.577880755,1921.312781969389,0.42965000000000003,0.144475,,0.050529500286477236,1.9029375,,0.06475968407055595,0.0677625,0.0170152,0.21232997519878027,,,,0.057975,0.4201464285714285,,,2.3644494527565314,0.11535416666666662,,0.04504642857142855,,0.05569583333333327,0.16165833333333324,0.09233333333333332,0.1379791666666666,0.1578375,0.03605,0.024465,0.018484375,0.19361875,0.0042416666666666505,0.6610166666666667,0.049715,0.003982142857142851,0.505625,0.43461999999999995,0.03156,0.060860000000000004,0.71001,0.00403125,0.00513125,0.7626149999999998,0.048474999999999976,0.049621428571428525,0.04313571428571422,0.0334875,0.028571428571428498,0.045912499999999974,0.005404166666666651,0.0223875,0.00425625,,,,,,0.01903710965468347,0.020499999999999997,0.29217204285517206,4.1745232377306785,3.0732322803129,58.07029194670699,149.33333,531.89453,1.0,2024-07-18 03:45:00
2024-07-17 22:00:00,63.09333333333333,1.0,0.0358050266666666,0.14082155204997313,0.003517399305717836,0.010186899198555567,1.8545833555555555,6.024871555555556e-06,1.4397811404444445e-10,5.819150595555556e-10,0.0,1.5496817553315958e-14,1.0151912459545296e-13,1.5234190907393954e-12,0.0,1.0594622879081537e-15,1.2631339912000002e-11,9.242261820092046e-12,1.8395273377716555e-16,2.27852708e-09,7.328289411477333e-11,3.689408222222222e-10,3.1256950666666663e-09,1.0981952238764443e-13,2.1198507114047615e-15,0.13500000000000004,1308.5871111111112,312.98782222222223,0.05026666666666667,312.98782222222223,40.734348,-111.87211,302.7557777777778,21.442666666666664,876.6231111111111,129.82382222222222,3.598666666666667,434506.5777777778,1959.8324444444445,166.01244444444444,11213894.024444446,0.0008798177777777,0.0001587288888888,0.0027991422222222,0.0002534977777777,0.0001147777777777,0.0136060488888888,0.0020387733333333,0.1430891999999999,2.415569777777778,3.9319617777777776,6.494666533333333,0.2336902666666666,1.064809688888889,2.0991747111111114,0.0021495111111111,0.1530584888888889,3.7357828,0.0027397777777777,0.22392879999999998,0.2543044888888889,0.0557911555555555,0.1403260444444444,0.0046300444444444,0.0061983555555555,0.0887401777777777,0.0347462222222222,0.0031371999999999,0.0315080888888888,0.0951709333333333,0.0365474666666666,0.0095526222222222,0.0032805333333333,3.137,0.165,0.063,0.004,0.0,0.073,0.442,0.195,0.082,0.01,0.009,0.014,1.167,0.193,0.109,0.007,0.131,0.003,0.054,0.012,0.027,0.357,0.06,0.102,0.052,0.019,0.005,0.005,0.096,0.205,0.001,0.007,0.054,0.207,0.008,0.019,0.056,0.008,0.011,0.127,0.002,0.003,0.018,0.005,0.006,0.002,0.012,0.007,0.005,0.011,0.006,0.035,0.007,0.002,0.041,0.032,0.009,0.0043532222222222,0.0074500346520146,0.0343014329670329,0.0049068829059829,0.0004309743101343,0.3878120577777778,14400.0,14459.0,873.2220222222222,32.758137777777776,172.36083555555555,31.604564444444446,1.7318177777777777,0.16230222222222224,0.00992,9.880094302222222,9.628362373333333,9.606233444444445,9.668302311111113,9.7487524,9.558302835555557,9.31155476888889,9.240254115555556,8.898843502222222,8.664802111111111,8.533733911111112,8.633501111111112,8.520666493333334,8.091978453333333,6.909701564444445,27.206231884444446,7.730278093333334,1.6397808444444444,0.5287139511111111,0.08555581333333334,0.07928951111111111,0.04136163555555556,0.026297671111111108,0.015050328888888888,0.015012622222222221,0.015398613333333333,0.00953584,0.010330279999999999,0.009821453333333334,0.01164072,0.011799911111111111,0.009304244444444444,0.005673093333333334,0.00587788,0.00245724,0.006410266666666667,1.9401948876226562,11058248.437261546,1908.7210790115992,0.3925,0.1263,,0.04031488006826828,1.8052,,0.05482280385030309,0.059325,0.0046300444444444,0.17870510058101616,,,,0.0514125,0.3544857142857142,,,2.044092707865975,0.1004833333333333,,0.0393,,0.0485666666666666,0.1490999999999999,0.07965,0.1189666666666666,0.13405,0.0339,0.01834,0.0166,0.16545,0.0,0.5435,0.04104,0.0,0.4097,0.3279999999999999,0.01998,0.04058,0.5168,0.0,0.0,0.13224,0.0401142857142857,0.0429571428571428,0.0379571428571428,0.030525,0.0205714285714285,0.0379333333333333,0.0,0.0188,0.0,,,,,,0.013499463005213135,0.019,0.6,6.8,5.3,53.0,100.0,496.75525,1.0,2024-07-18 04:00:00
2024-07-17 22:15:00,60.60133333333333,1.0,0.0496276533333333,0.1407298295090616,0.0035044128789649214,0.010233685489333344,2.0594221822222227,4.872277777777778e-06,0.0,0.0,0.0,0.0,0.0,0.0,0.0,0.0,0.0,0.0,0.0,0.0,0.0,0.0,0.0,0.0,0.0,0.13500000000000004,1308.7382222222222,343.4288888888889,0.05022222222222223,343.4288888888889,40.73434471111111,-111.87211,302.3513333333333,22.134666666666664,876.6,128.71155555555555,1.7635555555555555,439173.4666666667,1966.8044444444445,184.5515555555556,11410879.286666667,0.0009373955555555,8.870222222222222e-05,0.0029315955555555,0.0003296133333333,0.0001645733333333,0.0169104711111111,0.0054348044444444,0.1330084275555555,4.918699555555556,6.498329333333333,7.852928533333332,0.2434352888888889,1.3185774666666668,2.8269674666666664,0.0026798666666666,0.165462,4.072028577777778,0.0023693777777777,0.24566119999999997,0.2967844444444444,0.0734137777777777,0.1868735555555555,0.0071331555555555,0.0071575111111111,0.1176780444444444,0.0501342222222222,0.0037447555555555,0.0332916,0.0996986666666666,0.0444056444444444,0.0104954222222222,0.0043027111111111,3.15175,0.163875,0.08885506132949186,0.004,0.0,0.073,0.4425,0.19475,0.081375,0.009875,0.01005,0.023333761721068307,1.1858775508219428,0.168923238906486,0.100525,0.00725,0.1445975641246081,0.003,0.07496823658286662,0.010686235502019062,0.023739046115206233,0.416875,0.05207353161878449,0.12706102989430093,0.03295423212758689,0.012730435502357827,0.004625,0.005125,0.10813125,0.181443542317262,0.001,0.007,0.07687921593034101,0.1996060207214628,0.008,0.021371428571428548,0.053424082900574904,0.008,0.013600524049164262,0.12151655438091853,0.00426867425411528,0.003,0.028727943345705158,0.004625,0.0063750000000000005,0.001875,0.01737786621795374,0.0106921363422661,0.00475,0.009912352704601633,0.007504661486497234,0.0351488539959338,0.00689166666666665,0.002,0.04074169879284518,0.03105635946828484,0.015163034119081053,0.0047086154208754,0.0086322841750841,0.0421046947474747,0.0061835979124579,0.0008461856565656,0.33077052,15300.0,15359.0,873.2103733333333,32.36848888888889,171.5388311111111,31.403035555555554,1.758471111111111,0.16543999999999998,0.009848888888888888,10.130793066666666,9.951046942222224,9.667485333333333,9.80734180888889,9.786137266666666,9.64491408888889,9.289961506666666,9.147291853333334,8.83128339111111,8.559802897777779,8.318093422222223,8.48371068888889,8.30098124888889,7.8637373111111115,6.773292053333334,26.863687786666667,7.589639471111111,1.6383114444444444,0.5083007644444445,0.08780062666666667,0.07587550222222222,0.04438520888888889,0.027069226666666668,0.01949464888888889,0.017196751111111113,0.013675293333333333,0.015425484444444445,0.013154502222222222,0.011311120000000001,0.011037253333333333,0.01207416,0.012085364444444444,0.005413431111111111,0.004998577777777778,0.004920497777777778,0.007050017777777778,2.0925514894919424,11252499.601342825,1915.6574151530062,0.35735,0.11349999999999999,,0.03684185363454382,1.7376749999999999,,0.051444210526571756,0.05946875,0.0071331555555555,0.16727246031799503,,,,0.046653125000000004,0.3321607142857142,,,2.18967536484,0.09199999999999997,,0.03659642857142855,,0.03908749999999995,0.14018333333333324,0.07449583333333332,0.10862083333333328,0.12549583333333333,0.0327,0.017055,0.015553125000000001,0.16021875000000002,0.00164166666666665,0.55675,0.04015,0.0,0.39265,0.3181199999999999,0.018095,0.037954999999999996,0.48885,0.0,0.0,0.1567,0.03820714285714283,0.03947857142857138,0.0284678571428571,0.02859375,0.015428571428571375,0.035166666666666624,0.0,0.01889166666666665,0.0,,,,,,0.007424181115970572,0.02,0.29998099299669945,6.195434691450989,4.4934190181140705,57.12907916350048,100.0,466.73511,1.0,2024-07-18 04:15:00
2024-07-17 22:30:00,58.35777777777778,1.0,0.05657116,0.14063810696815005,0.0034914264522120063,0.010280471780111124,2.351186340830281,3.6095586343101346e-06,0.0,0.0,0.0,0.0,0.0,0.0,0.0,0.0,0.0,0.0,0.0,0.0,0.0,0.0,0.0,0.0,0.0,0.13500000000000004,1308.5337777777777,255.61679999999998,0.04831111111111111,255.61679999999998,40.73434995555556,-111.87211,302.34511111111107,21.74711111111111,876.6266666666667,123.85622222222221,1.2937777777777777,442962.57777777774,1971.9986666666664,181.43244444444449,11182343.996,0.0008891688888888,7.112888888888889e-05,0.0027168711111111,0.00030748,0.0001650933333333,0.0086393111111111,0.0064016755555555,0.051229836,4.644030666666668,6.077921333333333,9.167,0.2385456444444444,1.5449772888888886,4.002252311111111,0.0031184,0.185024,4.116939244444445,0.0024034666666666,0.24650346666666667,0.3137807555555555,0.6654776000000001,0.2302160444444444,0.0153395555555555,0.2426309777777778,0.1438951555555555,0.0621325777777777,0.0041729333333333,0.0354915555555555,0.1163238666666666,0.0584755555555555,0.0108417777777777,0.0061170222222222,3.1665,0.16275,0.3502794736134269,0.004,0.0,0.073,0.443,0.1945,0.08075,0.00975,0.011099999999999999,0.027453289980418658,1.2047551016438853,0.144846477812972,0.09204999999999999,0.0075,0.15819512824921622,0.003,0.07981335225325299,0.009372471004038124,0.020478092230412463,0.47675,0.04414706323756898,0.1597318737295736,0.04150396579996095,0.015730897249117446,0.00425,0.00525,0.1202625,0.157887084634524,0.001,0.007,0.0888956017992424,0.19221204144292564,0.008,0.0237428571428571,0.050848165801149814,0.008,0.01620104809832853,0.11603310876183706,0.005712267272652389,0.003,0.03422280584072591,0.00425,0.00675,0.00175,0.023292444862416918,0.013273941155736341,0.0045000000000000005,0.008824705409203265,0.009009322972994466,0.035297707991867606,0.0067833333333333,0.002,0.04048339758569035,0.030112718936569683,0.02009829303921285,0.0046545463369963,0.0087507283516483,0.0442146765201465,0.0057670673382173,0.0010212652991452,0.3209655333333333,16200.0,16259.0,873.2573511111111,32.09212888888889,165.38340444444444,30.235680000000002,1.6716888888888888,0.1633777777777778,0.00936,9.95153443111111,9.64512351111111,9.447391662222223,9.497925795555554,9.473525279999999,9.250025191111112,8.98942576,8.724158244444444,8.447337688888888,8.203256742222221,8.074482284444445,8.132136231111112,7.874609777777778,7.495504853333333,6.492637253333333,25.77903996888889,7.423072742222222,1.6090979777777779,0.48987050222222217,0.09518190666666666,0.08304796888888889,0.04449211111111111,0.027973555555555554,0.021697684444444445,0.01435818222222222,0.012978902222222222,0.011011026666666666,0.01078372,0.009391857777777778,0.00975187111111111,0.012580528888888888,0.008679182222222222,0.006706728888888889,0.0041581422222222225,0.0039905777777777774,0.006469351111111111,2.1992863088712387,11027136.314034695,1920.825067379985,0.32220000000000004,0.1007,,0.033368827200819365,1.67015,,0.04806561720284042,0.0596125,0.0153395555555555,0.15583982005497393,,,,0.04189375,0.3098357142857142,,,2.291664634791111,0.08351666666666666,,0.0338928571428571,,0.0296083333333333,0.1312666666666666,0.06934166666666665,0.09827499999999995,0.11694166666666665,0.0315,0.01577,0.01450625,0.1549875,0.0032833333333333,0.5700000000000001,0.03926,0.0,0.37560000000000004,0.3082399999999999,0.016210000000000002,0.03533,0.4609,0.0,0.0,0.18116,0.03629999999999995,0.03599999999999995,0.0189785714285714,0.0266625,0.01028571428571425,0.03239999999999995,0.0,0.0189833333333333,0.0,,,,,,0.0104982677489649,0.020999999999999998,0.25160587814736274,5.92157105562065,4.178414219686408,55.057015434923734,100.0,441.00409,1.0,2024-07-18 04:30:00
2024-07-17 22:45:00,53.32755555555556,1.0,0.1072762488888888,0.14054638442723852,0.0034784400254590916,0.010327258070888903,2.9008516201010104,2.3482841546416545e-06,0.0,0.0,0.0,0.0,0.0,0.0,0.0,0.0,0.0,0.0,0.0,0.0,0.0,0.0,0.0,0.0,0.0,0.13500000000000004,1308.5991111111111,322.63822222222217,0.052000000000000005,322.63822222222217,40.73434893333333,-111.87211,301.98155555555553,22.421777777777777,876.7404444444444,130.5039111111111,0.9075555555555556,447955.6888888889,1975.732,191.99911111111112,11579572.267111111,0.0008184355555555,6.383111111111111e-05,0.0027115911111111,0.00037072,0.0001910088888888,0.0086757111111111,0.0077340044444444,0.1660859579126984,5.990146598327598,7.442967288341289,10.568844844444444,0.2494171111111111,2.1558913333333334,6.096042488888889,0.0039587555555555,0.2486921777777778,4.628755022222222,0.0056113333333333,0.26794653333333335,0.3639699111111111,0.7139830222222223,0.3704340888888888,0.0294151111111111,0.2527871555555555,0.2400860888888888,0.0957426222222222,0.0086530222222222,0.0493170222222222,0.1364874666666666,0.0794476444444444,0.01416,0.0116554666666666,3.18125,0.16162500000000002,0.371696930686609,0.004,0.0,0.073,0.4435,0.19425,0.080125,0.009625,0.01215,0.04256789457894029,1.2236326524658279,0.12076971671945796,0.083575,0.00775,0.1717926923738243,0.003,0.09412070768326221,0.008058706506057188,0.017217138345618693,0.536625,0.03622059485635347,0.26542589247121856,0.051873369468866094,0.019369957860536392,0.003875,0.0053750000000000004,0.13239374999999998,0.13433062695178602,0.001,0.007,0.1329838831939546,0.18481806216438845,0.008,0.026114285714285652,0.04827224870172472,0.008,0.01880157214749279,0.11054966314275559,0.0097560902188941,0.003,0.05438353025060821,0.003875,0.007124999999999999,0.0016250000000000001,0.039860486223595434,0.020506146779734294,0.00425,0.0077370581138048984,0.0105139844594917,0.03544656198780141,0.00667499999999995,0.002,0.040225096378535524,0.029169078404854526,0.03392304351292818,0.0046158892087542,0.0086319121596921,0.0446020421572871,0.0057895908778258,0.0012244334920634,0.2822199422222222,17100.0,17159.0,873.3711244444444,32.20176888888889,158.20418222222222,28.72074222222222,1.5456666666666665,0.15921777777777776,0.008919999999999999,9.662138884444444,9.395270488888888,9.29096344888889,9.264784471111112,9.042592306666668,8.79896036,8.502264342222222,8.369224653333333,8.016199337777778,7.747753324444445,7.6723710800000005,7.690735342222222,7.494656062222222,7.038053062222222,6.17131864,24.61488903111111,7.087834137777778,1.524423151111111,0.4706669288888889,0.08379261333333334,0.07696303111111111,0.04163700888888889,0.030694244444444446,0.01974356888888889,0.017996675555555557,0.009172902222222223,0.009539666666666667,0.007762884444444445,0.009877373333333333,0.009132977777777777,0.011626048888888888,0.005482022222222222,0.004443666666666667,0.004356608888888889,0.0029860311111111113,0.0038623822222222225,2.6041046337419673,11418851.172287796,1924.5393036002836,0.28705,0.0879,,0.02989580076709491,1.602625,,0.04468702387910909,0.059756250000000004,0.0294151111111111,0.14440717979195283,,,,0.037134375,0.2875107142857143,,,2.678484284241007,0.07503333333333333,,0.031189285714285652,,0.02012916666666665,0.12234999999999996,0.06418749999999998,0.08792916666666661,0.10838749999999997,0.0303,0.014485,0.013459374999999999,0.14975624999999998,0.00492499999999995,0.58325,0.03837,0.0,0.35855000000000004,0.2983599999999999,0.014325000000000001,0.032705,0.43294999999999995,0.0,0.0,0.20562,0.03439285714285707,0.03252142857142852,0.0094892857142857,0.02473125,0.005142857142857126,0.029633333333333275,0.0,0.01907499999999995,0.0,,,,,,0.014226623091038646,0.022,0.3195475971595038,7.263740548442015,5.2012206979213085,50.41129093412509,100.0,418.69373,1.0,2024-07-18 04:45:00
2024-07-17 23:00:00,55.78755555555555,1.0,0.0965249466666666,0.140454661886327,0.0034654535987061765,0.010374044361666682,2.8970003097191697,1.8630397095959596e-06,0.0,0.0,0.0,0.0,0.0,0.0,0.0,0.0,0.0,0.0,0.0,0.0,0.0,0.0,0.0,0.0,0.0,0.13500000000000004,1308.1035555555557,332.4642666666667,0.053200000000000004,332.4642666666667,40.734347333333325,-111.87211,301.85577777777775,22.805333333333333,876.8928888888889,137.57084444444445,1.4977777777777779,441886.6666666666,1966.6271111111112,165.67733333333334,11778447.860444443,0.0008541511111111,9.799111111111112e-05,0.0026630577777777,0.0003484266666666,0.0001888444444444,0.01004336,0.0044703422222222,0.3475540778737929,4.520931817571317,6.557826950364451,10.856927775335777,0.2449336131868132,1.970832349084249,4.513858111843712,0.0047715901098901,0.2677340859584859,5.017112413186813,0.0106416566544566,0.35583997362637365,0.4241081631257631,0.2085164769230769,0.2806646063492063,0.0206266841269841,0.0710593727716727,0.185278173015873,0.0717226,0.0062776008547008,0.0652457336996337,0.1286010278388278,0.0756182553113553,0.0145557255189255,0.0080699976800976,3.1959999999999997,0.1605,0.04751126208566565,0.004,0.0,0.073,0.444,0.194,0.0795,0.0095,0.0132,0.0339558565356146,1.2425102032877706,0.09669295562594396,0.0751,0.008,0.1853902564984324,0.003,0.11126423873073471,0.00674494200807625,0.013956184460824927,0.5965,0.02829412647513796,0.19775915665579902,0.04781766177202685,0.017946639162349894,0.0035,0.0055,0.144525,0.11077416926904804,0.001,0.007,0.10786314952466315,0.17742408288585126,0.008,0.0284857142857142,0.04569633160229962,0.008,0.021402096196657054,0.10506621752367412,0.006866099484367913,0.003,0.04289630116253179,0.0035,0.0075,0.0015,0.02801983774328718,0.01533752107049857,0.004,0.0066494108184065315,0.012018645945988934,0.03559541598373521,0.0065666666666666,0.002,0.0399667951713807,0.028225437873139365,0.024042937161262583,0.0054484836186036,0.0107047645843045,0.0596631683971583,0.0060934636297036,0.0010052748651348,0.3440012533333333,18000.0,18059.0,873.5450488888889,32.39908,166.95144,29.386871111111112,1.5350444444444444,0.15488444444444444,0.009,11.55894815111111,10.938327764444443,10.59622691111111,10.127401951111112,9.925602826666667,9.452869542222224,8.983303048888889,8.703141066666667,8.272271857777778,8.01539211111111,7.7135668088888885,7.7597077599999995,7.572207164444444,7.101039817777777,6.098331453333333,24.68456238222222,7.075757226666667,1.5505069822222224,0.5095338711111111,0.08180496888888888,0.06858449777777778,0.03656698666666667,0.024652644444444444,0.016565231111111113,0.011497111111111109,0.012699595555555556,0.010069404444444445,0.0063291822222222216,0.007325288888888889,0.00792123111111111,0.011497915555555554,0.004778,0.004011968888888889,0.00230432,0.0031077422222222225,0.0031099511111111113,2.36836681528016,11614966.43023422,1915.480988932542,0.2519,0.0751,,0.026422774333370452,1.5351,,0.04130843055537776,0.0599,0.0206266841269841,0.1329745395289317,,,,0.032375,0.2651857142857143,,,2.453227632807061,0.06655,,0.0284857142857142,,0.01065,0.1134333333333333,0.0590333333333333,0.0775833333333333,0.0998333333333333,0.0291,0.0132,0.0124125,0.144525,0.0065666666666666,0.5965,0.03748,0.0,0.3415,0.2884799999999999,0.01244,0.03008,0.4049999999999999,0.0,0.0,0.23008,0.0324857142857142,0.0290428571428571,0.0,0.0228,0.0,0.0268666666666666,0.0,0.0191666666666666,0.0,,,,,,0.012768379209305687,0.023,0.3,2.9,2.3,55.0,100.0,399.27939,1.0,2024-07-18 05:00:00
2024-07-17 23:15:00,57.88044444444445,1.0,0.0763076222222222,0.14036293934541547,0.003452467171953262,0.01042083065244446,3.1176177154789664,1.6805913166666667e-06,0.0,0.0,0.0,0.0,0.0,0.0,0.0,0.0,0.0,0.0,0.0,0.0,0.0,0.0,0.0,0.0,0.0,0.13500000000000004,1308.3275555555556,341.55933333333337,0.05524444444444444,341.55933333333337,40.73434306666666,-111.87211,301.1384444444444,24.207555555555555,876.9177777777778,126.56439999999999,1.1533333333333333,439415.9555555555,1959.372,149.58933333333334,12176418.300444445,0.0009042533333333,0.0001425688888888,0.0025821644444444,0.0002745066666666,0.0002062311111111,0.0103204622222222,0.00159916,0.028762308,2.126977777777778,3.538060888888889,11.04808458104858,0.2513523107744107,1.8189866296296295,3.712248607383357,0.0047329067580567,0.2814278771524771,5.280723112073113,0.0226678757816257,0.5049803849927851,0.4837781525733525,0.3073366398749398,0.2621739206830206,0.0095400521164021,0.1467077495911496,0.1599177363155363,0.0565536038239538,0.0021150071909571,0.0757792968494468,0.1247756756613756,0.066526405050505,0.0084757021164021,0.0045200949975949,3.21075,0.159375,0.19214316043002036,0.004,0.0,0.073,0.4445,0.19375,0.078875,0.009375,0.0119,0.029970938624036388,1.197382652465828,0.09251971671945797,0.079325,0.00825,0.2155426923738243,0.003,0.12827428279466718,0.007058706506057187,0.014967138345618695,0.538625,0.02772059485635347,0.1838211867954218,0.04585042274210525,0.01725625210677589,0.003125,0.005625,0.12764375,0.127580626951786,0.001,0.007,0.09623941295416277,0.17956806216438845,0.008,0.025864285714285652,0.045772248701724715,0.008,0.01855157214749279,0.10729966314275559,0.0050410279671451045,0.003,0.03758098965122768,0.003125,0.007875,0.001375,0.02054229463953703,0.012073458161086433,0.00375,0.006237058113804899,0.0105139844594917,0.03194656198780141,0.00617499999999995,0.002,0.03847509637853552,0.027419078404854524,0.017803505154047734,0.0059456625748325,0.0119320627683427,0.0728007226517926,0.006111892031672,0.000735006082251,0.3023185466666666,18900.0,18959.0,873.5697422222222,32.51365333333333,158.1202088888889,28.52941333333333,1.4631377777777779,0.15250666666666668,0.008968888888888887,9.28705332,9.074767626666667,9.055004133333334,9.09294819111111,9.131558644444445,8.879515595555555,8.530541942222222,8.434513377777778,8.099687622222222,7.865972453333333,7.754836737777778,7.747164742222222,7.58569971111111,7.214747648888888,6.21047684,24.745286288888888,7.134791528888888,1.5197067422222221,0.4644870711111111,0.07869706222222222,0.07358059555555556,0.03456778666666667,0.020962302222222222,0.015840684444444444,0.011169253333333332,0.009550395555555556,0.00807371111111111,0.008197733333333334,0.005023591111111112,0.005695462222222222,0.00796156,0.0022403066666666664,0.004139293333333334,0.0012672755555555556,0.0018478311111111108,0.002687671111111111,2.2222223854165537,12007413.156287914,1908.2629898777625,0.2336875,0.073325,,0.020484571402055937,1.4664249999999999,,0.03553168996282608,0.05886875,0.0095400521164021,0.11342693768423967,,,,0.02428125,0.22701428571428572,,,2.3135809477244447,0.05912916666666665,,0.02136428571428565,,0.0079875,0.10749166666666662,0.0521083333333333,0.06753749999999994,0.08862499999999998,0.0289375,0.009899999999999999,0.009309375,0.126325,0.00492499999999995,0.5472416666666666,0.036045,0.0,0.30920625,0.2590799999999999,0.00933,0.02256,0.36461999999999994,0.0,0.0,0.23689,0.02436428571428565,0.021782142857142826,0.0,0.0171,0.0,0.020149999999999953,0.0,0.017862499999999924,0.0,,,,,,0.012061051538348255,0.024,0.23831548971309466,3.4118974682081884,2.2753385709437155,54.61616827872496,100.0,383.1572,1.0,2024-07-18 05:15:00
2024-07-17 23:30:00,59.00533333333333,1.0,0.066406,0.1402712168045039,0.0034394807452003467,0.010467616943222239,3.0380576997924296,1.4714848888888887e-06,0.0,0.0,0.0,0.0,0.0,0.0,0.0,0.0,0.0,0.0,0.0,0.0,0.0,0.0,0.0,0.0,0.0,0.13500000000000004,1308.369777777778,344.9998222222222,0.05173333333333333,344.9998222222222,40.734348,-111.87211,300.71933333333334,24.097777777777775,876.9155555555556,125.99822222222222,0.9333333333333333,437596.8888888889,1958.772888888889,150.9813333333333,11815109.288888888,0.0010437955555555,9.756e-05,0.0024608755555555,0.0002337422222222,0.0002202755555555,0.0068943555555555,0.0016441377777777,0.090565028,2.366658666666667,3.3801924444444444,10.538285744178044,0.2600077412513412,1.70986754016909,2.860476933429533,0.0036744021589521,0.269449337079587,4.990816284607985,0.013579629037629,0.5378704423502423,0.525087761044511,0.4094884881525881,0.1664872412901913,0.0066644463443963,0.1757430935009435,0.0838117019906019,0.0360387909978909,0.0020143448458948,0.0602619595145595,0.1288801285288785,0.0576268027953527,0.010984382016132,0.0040020298516298,3.2255,0.15825,0.237248072936697,0.004,0.0,0.073,0.445,0.1935,0.07825,0.00925,0.0106,0.018012299940318815,1.1522551016438853,0.08834647781297197,0.08355,0.008499999999999999,0.2456951282492162,0.003,0.1400503576165908,0.007372471004038125,0.015978092230412463,0.48075,0.027147063237568977,0.11169416687339936,0.04796119307196365,0.017997010342485555,0.00275,0.00575,0.11076249999999999,0.14438708463452402,0.001,0.007,0.06135687110870819,0.18171204144292563,0.008,0.0232428571428571,0.04584816580114981,0.008,0.015701048098328528,0.10953310876183706,0.002572769676650659,0.003,0.021629873150080872,0.00275,0.00825,0.00125,0.01042953599737382,0.007659083019715814,0.0035,0.005824705409203266,0.009009322972994466,0.028297707991867607,0.0057833333333333,0.002,0.03698339758569035,0.026612718936569683,0.00936518937603413,0.0060462256310356,0.01280471501369,0.079381984044659,0.0067411067817367,0.0007657481821881,0.2939038222222222,19800.0,19859.0,873.5484533333333,32.53098666666667,162.38503555555556,29.437297777777776,1.5086977777777777,0.15234222222222224,0.00911111111111111,9.274579591111111,9.07423112888889,9.060253817777777,9.18816522222222,9.263331422222222,8.976221026666668,8.796528395555555,8.670658475555554,8.347848133333333,8.149295928888888,7.97225656888889,8.055214262222222,7.869764746666666,7.551463653333333,6.48418612,25.95464259111111,7.366055200000001,1.5774826177777779,0.47687768,0.07683180444444444,0.06899584444444445,0.0345638,0.019973426666666665,0.014391986666666667,0.011418919999999999,0.008312355555555555,0.007174333333333334,0.004976137777777778,0.004510431111111111,0.004229493333333333,0.00594428,0.003330351111111111,0.003753964444444444,0.0020928711111111113,0.0019346355555555556,0.0035366622222222223,2.2807018870554185,11651119.008715864,1907.6669433986003,0.215475,0.07155,,0.014546368470741422,1.3977499999999998,,0.029754949370274404,0.0578375,0.0066644463443963,0.09387933583954763,,,,0.0161875,0.18884285714285715,,,2.3694603853244445,0.0517083333333333,,0.0142428571428571,,0.005325,0.10154999999999995,0.0451833333333333,0.057491666666666594,0.07741666666666665,0.028775000000000002,0.0066,0.00620625,0.108125,0.0032833333333333,0.49798333333333333,0.03461,0.0,0.2769125,0.22967999999999994,0.00622,0.01504,0.32424,0.0,0.0,0.2437,0.0162428571428571,0.01452142857142855,0.0,0.0114,0.0,0.0134333333333333,0.0,0.01655833333333325,0.0,,,,,,0.01281998639000393,0.025,0.2748741246948474,3.650875679157707,2.1570503425553142,55.65507344850066,100.0,371.19641,1.0,2024-07-18 05:30:00
2024-07-17 23:45:00,59.62977777777778,1.0,0.0552085377777777,0.14017949426359239,0.003426494318447432,0.010514403234000018,2.8263430653479853,2.2546893333333332e-06,0.0,0.0,0.0,0.0,0.0,0.0,0.0,0.0,0.0,0.0,0.0,0.0,0.0,0.0,0.0,0.0,0.0,0.13500000000000004,1307.3204444444445,358.7694666666667,0.042577777777777784,358.7694666666667,40.73435,-111.87211,300.5722222222222,24.018666666666668,876.8751111111111,120.31666666666666,0.9875555555555555,436904.97777777776,1959.4635555555556,159.84444444444443,11694339.47511111,0.0011409022222222,6.237333333333333e-05,0.0023611288888888,0.0001932577777777,0.0002152933333333,0.0057672933333333,0.0013760222222222,0.0456867817777777,1.8625649777777773,3.109564444444445,10.17158911111111,0.2678200444444444,1.6180696,3.2175674666666665,0.0030882222222222,0.2511670666666666,4.777395644444444,0.0087288,0.5681387555555555,0.5678894666666666,0.5818808888888889,0.1948580444444444,0.0070874222222222,0.2341994666666666,0.1078988,0.0427968888888888,0.0023701558502985066,0.0451194222222222,0.1331859555555555,0.0603674222222222,0.0111799111111111,0.0055764888888888,3.24025,0.15712500000000001,0.3133675390367361,0.004,0.0,0.073,0.4455,0.19325,0.077625,0.009125,0.0093,0.02179713651193495,1.1071275508219427,0.084173238906486,0.08777499999999999,0.008749999999999999,0.2758475641246081,0.003,0.15225178257718702,0.007686235502019063,0.01698904611520623,0.422875,0.02657353161878449,0.13307960419127057,0.05017552278332945,0.01877411192813313,0.002375,0.005875,0.09388125,0.16119354231726202,0.001,0.007,0.07239698391580943,0.18385602072146282,0.008,0.020621428571428548,0.045924082900574904,0.008,0.012850524049164263,0.11176655438091854,0.003385876346882457,0.003,0.026678304722300775,0.002375,0.008624999999999999,0.0011250000000000001,0.013760934310935231,0.009113289771973846,0.0032500000000000003,0.005412352704601633,0.007504661486497234,0.024648853995933803,0.0053916666666666505,0.002,0.03549169879284518,0.025806359468284842,0.01214498388580994,0.0060875532160432,0.0141357146338846,0.091789884058534,0.0072157194923594,0.0008289313804713,0.2813867911111111,20700.0,20759.0,873.51964,32.56152,171.20192,31.231422222222225,1.593471111111111,0.15181333333333333,0.009724444444444445,9.575232226666666,9.418853839999999,9.42054215111111,9.587757013333334,9.636215751111111,9.38847283111111,9.206414537777778,9.102589533333333,8.813654773333333,8.580182862222221,8.40125799111111,8.584325062222224,8.36040235111111,8.042293875555554,6.952507751111111,27.638136,7.9843364177777785,1.7146220044444442,0.5065087377777778,0.08800607555555556,0.06212490222222222,0.03374100444444445,0.021543435555555556,0.01563292,0.014704813333333334,0.007334311111111111,0.00884696,0.005342306666666667,0.00670352,0.0065609288888888884,0.004833297777777777,0.0031270844444444444,0.002863471111111111,0.0012005555555555556,0.002282097777777778,0.0028109733333333336,2.2763198886315354,11532025.444824025,1908.3540770993554,0.1972625,0.069775,,0.008608165539426907,1.329075,,0.02397820877772273,0.05680625,0.0070874222222222,0.07433173399485561,,,,0.00809375,0.15067142857142857,,,2.365273215450754,0.04428749999999995,,0.007121428571428549,,0.0026625,0.09560833333333328,0.038258333333333304,0.04744583333333325,0.06620833333333333,0.0286125,0.003300000000000001,0.003103125,0.08992499999999999,0.0016416666666666498,0.44872499999999993,0.033174999999999996,0.0,0.24461875000000002,0.20027999999999999,0.00311,0.007519999999999999,0.28386,0.0,0.0,0.25051,0.00812142857142855,0.007260714285714273,0.0,0.0057,0.0,0.006716666666666649,0.0,0.015254166666666576,0.0,,,,,,0.013616156379339005,0.026,0.24832695294804646,3.148259853256559,1.9542732341537579,56.231786907028855,100.0,359.36417,1.0,2024-07-18 05:45:00
