time_local,O3_ppbv,File_Index,HONO_CIMS,PAN_CIMS,APAN_CIMS,PPN_CIMS,HCOOH_CIMS,jNO2_meas,jBrCl,jBr2,jCCl4,jCH2Oa,jCH2Ob,jClNO2,jClOa,jClOb,jCl2,jHNO2,jHNO3,jI2,jNO2,jNO3a,jNO3b,jN2O5,jO3,AOD,Altitude_m,Course_deg,GndSpd_ms,Heading_deg,Lat,Lon,Temp_K,RH_percent,Pressure_mb,WindDir_deg,WindSpd_ms,CO2_Piccaro,CH4_Piccaro,CO_Piccaro,H2O_Piccaro,Br2_CIMS,BrO_CIMS,Cl2_CIMS,ClNO2_CIMS,BrCl_CIMS,NCl3_CIMS,N2O5_CIMS,NO_LIF,NO2_LIF,NOy_LIF,Methanol_PTR,Acetonitrile_PTR,Acetaldehyde_PTR,Ethanol_PTR,Methanethiol_PTR,Acrolein_PTR,Acetone_Propanal_PTR,DMS_PTR,Isoprene_PTR,MVK_MACR_PTR,Benzene_PTR,Toluene_PTR,Styrene_PTR,Benzaldehyde_PTR,C8Aromatics_PTR,C9Aromatics_PTR,Naphthalene_PTR,Octanal_PTR,Monoterpenes_PTR,Nonanal_PTR,C7H4ClF3_PTR,D5_siloxane_PTR,Acetone_WAS,Acrolein_WAS,Benzene_WAS,C2Cl4_WAS,C2HCl3_WAS,CCl4_WAS,CF2Cl2_WAS,CFCl3_WAS,CH2Cl2_WAS,CH3Br_WAS,CycloPentane_WAS,Ethyl_WAS,Ethane_WAS,Ethene_WAS,Ethyne_WAS,Furan_WAS,Isoprene_WAS,Limonene_WAS,MACR_WAS,MethylCycloHexane_WAS,MethylCycloPentane_WAS,Propane_WAS,Propene_WAS,Toluene_WAS,Alpha_Pinene_WAS,Beta_Pinene_WAS,c2Butene_WAS,c2Pentene_WAS,iButane_WAS,iPentane_WAS,iPropylBenzene_WAS,iPropylONO2_WAS,m_p_Xylene_WAS,nButane_WAS,nDecane_WAS,nHeptane_WAS,nHexane_WAS,nNonane_WAS,nOctane_WAS,nPentane_WAS,nPropylBenzene_WAS,nPropylONO2_WAS,o_Xylene_WAS,t2Butene_WAS,t2Pentene_WAS,x123_TriMethylBenzene_WAS,x124_TriMethylBenzene_WAS,x135_TriMethylBenzene_WAS,x13_Butadiene_WAS,x1_Butene_WAS,x1_Pentene_WAS,x224_TriMethylPentane_WAS,x22_DiMethylButane_WAS,x2_EthylToluene_WAS,x2_MethylPentane_WAS,x3_MethylPentane_WAS,x3_x4_EthylToluene_WAS,C4H7NO5_CIMS,ISOPN_CIMS,C5H10O3_CIMS,C5H9NO5_CIMS,C10H17NO4_CIMS,HNO3_CIMS,Time_Start_POPS,Time_Stop_POPS,Press_mb_POPS,Temp_C_POPS,Aerosol_conc_POPS,Surface_area_conc_POPS,Volume_density_POPS,Effective_radius_POPS,Extinction_POPS,Particle_conc_bin01_POPS,Particle_conc_bin02_POPS,Particle_conc_bin03_POPS,Particle_conc_bin04_POPS,Particle_conc_bin05_POPS,Particle_conc_bin06_POPS,Particle_conc_bin07_POPS,Particle_conc_bin08_POPS,Particle_conc_bin09_POPS,Particle_conc_bin10_POPS,Particle_conc_bin11_POPS,Particle_conc_bin12_POPS,Particle_conc_bin13_POPS,Particle_conc_bin14_POPS,Particle_conc_bin15_POPS,Particle_conc_bin16_POPS,Particle_conc_bin17_POPS,Particle_conc_bin18_POPS,Particle_conc_bin19_POPS,Particle_conc_bin20_POPS,Particle_conc_bin21_POPS,Particle_conc_bin22_POPS,Particle_conc_bin23_POPS,Particle_conc_bin24_POPS,Particle_conc_bin25_POPS,Particle_conc_bin26_POPS,Particle_conc_bin27_POPS,Particle_conc_bin28_POPS,Particle_conc_bin29_POPS,Particle_conc_bin30_POPS,Particle_conc_bin31_POPS,Particle_conc_bin32_POPS,Particle_conc_bin33_POPS,Particle_conc_bin34_POPS,Particle_conc_bin35_POPS,Particle_conc_bin36_POPS,HCHO_CRDS,H2O_CRDS,CH4_CRDS,Ethylene,Acetylene,nDecane,Ethylbenzene,Ethane,mpEthyltoluene,oXylene,buta13diene,Styrene,mpXylene,x135_Trimethylbenzene,nPropylbenzene,oEthyltoluene,x224_Trimethylpentane,Toluene,x124_Trimethylbenzene,Isopropylbenzene,Formaldehyde,Benzene,x123_Trimethylbenzene,nHeptane,nNonane,Methylcyclopentane,Propylene,x3_Methylpentane,nHexane,x2_Methylpentane,But1ene,Cyclopentane,nOctane,Isobutane,x22_Dimethylbutane,Propane,Pent1ene,Methylcyclohexane,nButane,nPentane,cis2Pentene,trans2Pentene,Isopentane,cis2Butene,trans2Butene,Isoprene,x23_Dimethylpentane,x3_Methylhexane,x2_Methylhexane,x234_Trimethylpentane,x24_Dimethylpentane,x23_Dimethylbutane,Cyclohexane,Hex1ene,x3_Methylheptane,nUndecane,pDiethylbenzene,mDiethylbenzene,nDodecane,x2_Methylheptane,Alphapinene,Betapinene,NO,NO2,NOy,O3,BLH_Nell_m,BLH_Nell_m_smoothed,jNO2_ratio,time_UTC
2024-07-19 00:00:00,54.126666666666665,1.0,0.0328481799722103,0.27516045876320916,0.0026076378698107108,0.02920979397439092,2.006793296684665,1.6876224515343918e-06,0.0,0.0,0.0,0.0,0.0,0.0,0.0,0.0,0.0,0.0,0.0,0.0,0.0,0.0,0.0,0.0,0.0,0.138,1308.152888888889,342.4871111111111,0.048488888888888894,342.4871111111111,40.734339066666664,-111.87211,299.45577777777777,27.868,879.483111111111,107.40653333333333,2.161777777777778,431342.0444444445,1955.192,124.34222222222223,13412733.254222224,0.0010289447566322,0.0001072837261944,0.002103109241552,0.0001354679170036,0.0001046899703471,0.0009068799353424,0.0025876043248418,0.0458639805990305,1.0456914307747809,1.963220450937951,5.708406755555556,0.1969862222222222,0.9133093333333332,1.2532526222222222,0.0007423111111111,0.1335302666666666,3.0770052000000003,0.0052515111111111,0.1904525333333333,0.3078232444444444,0.0293753777777777,0.0773752,0.0037057777777777,0.023617286580086504,0.0488842666666666,0.0200360888888888,0.0015568000172666257,0.0298984444444444,0.0783389777777777,0.0532844888888888,0.0045385333333333,0.0010949777777777,5.5765,0.3325,0.06941000759404556,0.004,0.0,0.073,0.438,0.182,0.069,0.010499999999999999,0.0,0.012524107277374982,0.821412923430215,0.008409710095165196,0.0561,0.0155,0.06322259276313721,0.0015,0.0781150525309047,0.00674494200807625,0.004581037993120545,0.3254666666666667,0.06,0.044522999285454196,0.021969723590861467,0.008875508678391944,0.006,0.006,0.0422,0.15100000000000002,0.0015,0.0075,0.04534818355786552,0.16999999999999998,0.011,0.0,0.0009381023849249562,0.0095,0.011,0.0985,0.0006473900748111331,0.004526315789473684,0.01430940776412092,0.0055,0.008,0.002,0.002541018299314356,0.004215623360410928,0.003,0.012,0.0075,0.008935946252139296,0.0,0.0025,0.0006403988685774117,0.023,0.011815811240720623,0.0031435431538699,0.0083719040445665,0.0615962522842237,0.0059109064833975,0.0011485490911865,0.2432919214022088,21600.0,21659.0,875.5922666666667,31.475720000000003,254.33264,41.72948888888889,2.620684444444444,0.1832488888888889,0.011417777777777777,20.151139795555554,19.052627324444448,18.129201271111114,17.64232538222222,17.085187493333333,16.107500822222224,15.19631616888889,14.317772168888888,13.33852791111111,12.481444631111112,11.870213808888888,11.601846991111112,11.005598191111112,9.923565564444443,8.272538191111112,29.151753279999998,6.778471604444444,1.2125655955555557,0.41028048,0.08367070222222223,0.08339416000000001,0.05654693333333334,0.03615386666666666,0.039588977777777784,0.029981053333333334,0.025509773333333333,0.02502595111111111,0.02293500888888889,0.016431786666666667,0.03013988888888889,0.04069332888888889,0.023001324444444447,0.025977471111111112,0.016303017777777776,0.017749906666666666,0.030620031111111112,1.195097381630493,13226568.418124225,1904.1043718239641,0.173,0.0561,0.0,0.0190375,1.12375,0.0187111111111111,0.0339125,0.063775,0.0037057777777777,0.1076125,0.0,0.0,0.0,0.0,0.1579857142857143,0.0178777777777777,0.0,1.332123070212054,0.0,0.0,0.0,0.0,0.0,0.0848333333333333,0.0237666666666666,0.0348,0.0428666666666666,0.0225,0.0,0.0,0.0422,0.0,0.3254666666666667,0.02718,0.0,0.121125,0.1268,0.0,0.02142,0.1412,0.0,0.0,0.08598,0.0,0.0,0.0,0.0,0.0,0.0072166666666666,0.0,0.0132833333333333,0.0,0.0,0.0,,,,0.003474662668177411,0.013000000000000001,0.24843177272014352,1.8,0.6,51.0,815.08331,335.1644,1.0,2024-07-19 06:00:00
2024-07-19 00:15:00,53.67377777777778,1.0,0.0387685762629962,0.2687350196628801,0.0025746272865985534,0.028451267032461133,2.163602242987013,1.878402227873978e-06,0.0,0.0,0.0,0.0,0.0,0.0,0.0,0.0,0.0,0.0,0.0,0.0,0.0,0.0,0.0,0.0,0.0,0.138,1309.0666666666666,212.47773333333333,0.04568888888888889,212.47773333333333,40.73434,-111.87211,299.2433333333333,28.148444444444443,879.4471111111111,108.73262222222223,2.064,431974.0444444444,1955.6497777777777,122.93733333333331,13456054.628888888,0.0008441125324675,0.0001185032576682,0.0022008666694416,7.882941872941873e-05,0.0001119643493543,0.0015162048503348,0.0019313696984496,0.0401252716189366,0.9763645107448108,1.861446015854516,5.7673872444444445,0.1977356444444444,0.9178868888888888,1.434709911111111,0.0009147555555555,0.1381930222222222,3.088611066666666,0.0049906222222222,0.19512173333333335,0.3104019555555555,0.0282916,0.0882788888888888,0.0019969777777777,0.027394771178451106,0.0558901777777777,0.0235572444444444,0.0014860698577142467,0.0316868444444444,0.0786279111111111,0.0498513777777777,0.0032465777777777,0.0010087555555555,5.4731250000000005,0.32787499999999997,0.06893146802116894,0.00375,0.0,0.073,0.43725,0.18125,0.06675,0.010624999999999999,0.001,0.013624955066530789,0.8675596925726612,0.0345572825713739,0.059075,0.015125000000000001,0.06141694457235291,0.001375,0.07885016225748977,0.006308706506057187,0.005935778494840408,0.30335,0.05525,0.05274201776015479,0.022118311460425255,0.008927654421843487,0.0055,0.005,0.0424,0.1305,0.001375,0.0073750000000000005,0.04855928225281883,0.14925,0.00975,0.002,0.007453576788693717,0.008625,0.00975,0.08562499999999999,0.0010710410954570106,0.0045000000000000005,0.015777781531342676,0.004625,0.006750000000000001,0.00175,0.00427676878247778,0.004973305221080712,0.00275,0.011,0.006625,0.010451959689104472,0.0005,0.002125,0.0032302991514330586,0.0195,0.0042311804962576706,0.0031895805864505,0.008924174040959,0.0601671259372109,0.0059795584300884,0.0012963905624005,0.2345581619077219,22500.0,22559.0,875.5750800000001,31.183226666666666,253.37935555555552,41.67431555555556,2.6480222222222225,0.18538666666666667,0.011542222222222223,20.005194177777774,18.997057391111113,18.068672306666667,17.534371613333334,17.095486875555554,16.012118906666664,15.007993324444445,14.294822644444444,13.239030177777778,12.477415208888889,11.862343911111111,11.561251653333333,10.911000293333332,9.910341319999999,8.242693813333334,29.14933873777778,6.751797182222222,1.2161081733333332,0.4307647511111111,0.09420145777777776,0.08448721333333334,0.04854331555555556,0.037909844444444445,0.04240943111111111,0.03253175111111111,0.02573088,0.021491382222222223,0.021856848888888888,0.020162417777777778,0.02643005333333333,0.03840904888888889,0.026565448888888888,0.02485781777777778,0.012577506666666667,0.01674008888888889,0.03666510666666667,1.217328170879641,13269288.504711756,1904.5598079319293,0.1963687287921147,0.0602262174177184,0.0,0.02164375,1.168830118728403,0.02066666666666665,0.036878125,0.06644791666666666,0.0019969777777777,0.11878854166666666,0.0010657407407407332,0.0,0.0,0.00375,0.18242261904761908,0.020807407407407334,0.0,1.353365453711111,0.012917631100049811,0.0006111111111111084,0.003721690971728072,0.0,0.0025,0.09429940930492184,0.028177798087781536,0.04102818314258934,0.046618548699866424,0.02436770766846737,0.0019545974752320206,0.0009174142611197278,0.05522193895994579,0.00039526125682789776,0.3698196889719779,0.02809270696484532,0.0009107142857142834,0.16191461034698515,0.15733677376309482,0.001955,0.024050000000000002,0.200451751219006,0.00045652535438603484,0.0,0.08385106799348904,0.004251190476190475,0.004371428571428567,0.0038345238095238085,0.0027875,0.0020940476190476165,0.009937499999999932,0.0,0.014766666666666633,0.0,0.0006219696969696917,0.0007074999999999999,,,,0.0035280879561635243,0.01225,0.2450371103675843,2.2646574803850847,1.0190786279335557,50.731048787643566,718.83331,335.1644,1.0,2024-07-19 06:15:00
2024-07-19 00:30:00,53.54222222222222,1.0,0.0385760177777777,0.262309580562551,0.002541616703386396,0.027692740090531347,2.189906693123544,1.9432789853775853e-06,0.0,0.0,0.0,0.0,0.0,0.0,0.0,0.0,0.0,0.0,0.0,0.0,0.0,0.0,0.0,0.0,0.0,0.138,1308.9435555555553,300.4899555555556,0.04328888888888889,300.4899555555556,40.73434,-111.87211,298.8291111111111,28.69422222222222,879.4519999999999,109.35711111111111,2.6604444444444444,432165.2,1954.1964444444443,121.91377777777778,13474493.560444444,0.0008511244444444,0.0001061955555555,0.0021674933333333,9.581777777777778e-05,0.00011752,0.0015136044444444,0.0020677777777777,0.0598696355555555,0.9494828444444444,1.858835555555556,5.836620732249233,0.1954621550708551,0.9185175031801532,1.2188962590853591,0.0012049792263292,0.1395113264254264,3.0703404543253043,0.0055087487826987,0.20817432436452435,0.3142893247141747,0.0331027144855144,0.0801418241795241,0.0052144608539608,0.031172255776815705,0.0454323504680504,0.0202306371073371,0.0014153396981618676,0.0332826313945313,0.0808505185980685,0.0476946622285122,0.0035987547212047,0.0006939876530876,5.36975,0.32325,0.07105580450247188,0.0035,0.0,0.073,0.4365,0.1805,0.0645,0.01075,0.002,0.011981703262346722,0.9137064617151075,0.0607048550475826,0.06205,0.014750000000000001,0.059611296381568604,0.00125,0.07995832938292498,0.005872471004038125,0.007290518996560273,0.28123333333333334,0.0505,0.046608434359379836,0.023261317383464396,0.009328783355190287,0.005,0.004,0.0426,0.11000000000000001,0.00125,0.00725,0.043766027657702135,0.1285,0.0085,0.004,0.013969051192462478,0.00775,0.0085,0.07275,0.000670797319964054,0.0044736842105263155,0.013585918254718339,0.00375,0.0055000000000000005,0.0015,0.002636920669670425,0.0042574862244105964,0.0025,0.01,0.00575,0.011967973126069648,0.001,0.0017499999999999998,0.0058201994342887056,0.016,0.002862853940321183,0.0031451037684537,0.0088581416472416,0.0596497862082362,0.0060263754467754,0.0013607762237762,0.2223111155555555,23400.0,23459.0,875.5690577777779,30.903000000000002,254.22664444444445,41.861555555555555,2.6925733333333333,0.18774666666666667,0.011591111111111111,20.19657125333333,19.08218200888889,18.104941919999998,17.719642293333333,17.08565361777778,16.028957533333333,15.078819373333333,14.360080826666666,13.2816876,12.51854959111111,11.8942422,11.54450580888889,10.978576595555555,9.980015213333333,8.194645053333334,29.16278724444445,6.758025808888889,1.2249267955555554,0.4091961822222222,0.08988946222222222,0.08909844888888889,0.05323305333333334,0.04230684,0.03867929777777778,0.026522888888888888,0.026854866666666664,0.020998933333333334,0.022699431111111112,0.020661355555555556,0.029869426666666667,0.03697645333333333,0.028557666666666665,0.024718768888888888,0.01492278222222222,0.02093146222222222,0.03568986666666666,1.2746407646590427,13287471.509260802,1903.1139088318846,0.21973745758422938,0.06435243483543679,0.0,0.02425,1.213910237456806,0.0226222222222222,0.03984375,0.06912083333333333,0.0052144608539608,0.12996458333333333,0.0021314814814814664,0.0,0.0,0.0075,0.20685952380952383,0.023737037037036966,0.0,1.40812986548,0.025835262200099622,0.0012222222222222168,0.007443381943456144,0.0,0.005,0.10376548527651036,0.03258892950889647,0.04725636628517867,0.050370430733066254,0.026235415336934742,0.003909194950464041,0.0018348285222394556,0.06824387791989156,0.0007905225136557955,0.4141727112772892,0.029005413929690638,0.0018214285714285667,0.20270422069397032,0.18787354752618962,0.00391,0.026680000000000002,0.259703502438012,0.0009130507087720697,0.0,0.08172213598697808,0.00850238095238095,0.008742857142857134,0.007669047619047617,0.005575,0.004188095238095233,0.012658333333333266,0.0,0.016249999999999966,0.0,0.0012439393939393834,0.0014149999999999998,,,,0.003939059731904497,0.0115,0.25671664476519224,2.2378546236801364,1.0171226529752357,50.60954901275079,622.58331,335.1644,1.0,2024-07-19 06:30:00
2024-07-19 00:45:00,52.88755555555555,1.0,0.0412616933333333,0.25588414146222194,0.002508606120174238,0.02693421314860156,2.269973014139194,1.4170088690476192e-06,0.0,0.0,0.0,0.0,0.0,0.0,0.0,0.0,0.0,0.0,0.0,0.0,0.0,0.0,0.0,0.0,0.0,0.138,1308.428,333.8988888888889,0.040622222222222226,333.8988888888889,40.73434,-111.87211,298.47355555555555,29.401333333333337,879.4071111111111,116.23,3.120888888888889,432939.9111111112,1953.9222222222224,126.98044444444444,13495833.596,0.0008224355555555,7.7e-05,0.0022249155555555,0.0001142622222222,0.0001286666666666,0.0017184844444444,0.0020973822222222,0.1844306577777777,1.3666272888888888,2.5013004444444444,5.912058499494949,0.2001121559644059,0.977662861038961,1.3086891958393458,0.001541035064935,0.1454450649831649,3.1022647375901875,0.0021635037518037,0.20446988554593556,0.3128711571188071,0.0303489707792207,0.0977533927609427,0.0087361542328042,0.0349497403751803,0.0642225569023569,0.0262848133718133,0.0013446095386094887,0.0301492406685906,0.0864554365560365,0.0397712338624338,0.0038333058441558,0.0007748974506974,5.266375,0.318625,0.06983989533359818,0.0032500000000000003,0.0,0.073,0.43574999999999997,0.17975,0.06225,0.010875,0.003,0.014934232474169248,0.9598532308575538,0.0868524275237913,0.065025,0.014375,0.057805648190784306,0.0011250000000000001,0.07955405424377095,0.005436235502019063,0.008645259498280137,0.25911666666666666,0.04575,0.05988374045203998,0.026143722154302232,0.0103403406252748,0.0045000000000000005,0.003,0.0428,0.0895,0.0011250000000000001,0.007125,0.05237835607611617,0.10774999999999998,0.0072499999999999995,0.006,0.020484525596231238,0.006875,0.0072499999999999995,0.059875,0.0013992110219854294,0.004447368421052632,0.017524170649194024,0.002875,0.00425,0.00125,0.005621321446750823,0.005560223199394187,0.0022500000000000003,0.009000000000000001,0.004875,0.013483986563034824,0.0015,0.001375,0.008410099717144352,0.0125,0.005353105814835084,0.0031172712576312,0.0086493118681318,0.0603491605128205,0.0061646683028083,0.0013501788522588,0.2169361955555555,24300.0,24359.0,875.5696222222222,30.61964888888889,265.26623555555557,42.68631111111111,2.609555555555555,0.17968,0.011653333333333333,22.212481293333333,20.906673986666664,19.724175071111112,18.948594866666667,18.130731493333332,16.808489884444445,15.673843360000001,14.676974022222222,13.637348893333332,12.772186724444445,12.106136951111113,11.782928817777778,11.003721,9.991811062222222,8.156241311111112,29.613377635555555,6.844133866666667,1.2596515377777777,0.4005674488888889,0.09099525333333333,0.09697770666666666,0.05872584888888889,0.04507688888888888,0.033271102222222224,0.02911604888888889,0.026779253333333333,0.023757715555555555,0.02317183111111111,0.020627204444444443,0.026178568888888885,0.03199626666666667,0.025602546666666667,0.02494104,0.015709435555555554,0.018906511111111114,0.024361346666666665,1.311783682098019,13308515.351330196,1902.8410893380844,0.24310618637634407,0.06847865225315519,0.0,0.026856249999999998,1.258990356185209,0.024577777777777747,0.042809375,0.07179375,0.0087361542328042,0.141140625,0.0031972222222221994,0.0,0.0,0.01125,0.2312964285714286,0.026666666666666602,0.0,1.4436213672737472,0.03875289330014943,0.0018333333333333253,0.011165072915184215,0.0,0.0075,0.11323156124809888,0.0370000609300114,0.05348454942776801,0.05412231276626608,0.02810312300540211,0.005863792425696061,0.0027522427833591833,0.08126581687983735,0.0011857837704836933,0.4585257335826005,0.02991812089453596,0.00273214285714285,0.24349383104095546,0.21841032128928445,0.005865,0.029310000000000003,0.318955253657018,0.0013695760631581046,0.0,0.07959320398046711,0.012753571428571427,0.0131142857142857,0.011503571428571426,0.0083625,0.006282142857142849,0.0153791666666666,0.0,0.0177333333333333,0.0,0.0018659090909090752,0.0021225,,,,0.004975438444558739,0.01075,0.33039917757889703,2.6537761162238236,1.4985110252738019,50.00492344377425,526.33331,335.05066,1.0,2024-07-19 06:45:00
2024-07-19 01:00:00,52.656,1.0,0.0381439733333333,0.24945870236189283,0.002475595536962081,0.026175686206671774,2.3406284750505053,1.5106078809523807e-06,0.0,0.0,0.0,0.0,0.0,0.0,0.0,0.0,0.0,0.0,0.0,0.0,0.0,0.0,0.0,0.0,0.0,0.138,1308.208888888889,267.02097777777783,0.0456,267.02097777777783,40.73433986666667,-111.87211,298.2651111111111,29.742666666666665,879.4235555555555,121.44782222222221,2.9408888888888884,433571.4666666667,1954.1137777777776,124.84311111111111,13433756.435555557,0.0008260844444444,6.55911111111111e-05,0.0022702977777777,0.0001328044444444,0.0001574177777777,0.0020699377777777,0.0022757822222222,0.0883246373333333,1.2298944444444446,2.247804888888889,5.858387713797314,0.2009283887667887,0.9730805974358976,1.351708463247863,0.0019881968253968,0.1554475338217338,3.163824576068376,0.0060547169719169,0.21156836288156286,0.3000363772893772,0.0062833137973137,0.0934005658119658,0.0045998786324786,0.03872722497354491,0.057797926007326,0.0224561711843711,0.0012738793790571096,0.029265093040293,0.0916927221001221,0.0406018695970695,0.0041640078144078,0.0006085597069597,5.163,0.314,0.033,0.003,0.0,0.073,0.435,0.179,0.06,0.011,0.004,0.006,1.006,0.113,0.068,0.014,0.056,0.001,0.095,0.005,0.01,0.237,0.041,0.05,0.022,0.01,0.004,0.002,0.043,0.069,0.001,0.007,0.025,0.087,0.006,0.008,0.027,0.006,0.006,0.047,0.001,0.004421052631578947,0.008,0.002,0.003,0.001,0.004,0.003,0.002,0.008,0.004,0.015,0.002,0.001,0.011,0.009,0.004,0.0031236333366633,0.0084037855699855,0.0612889599000999,0.0064348909268509,0.0013318623321123,0.2256304622222222,25200.0,25259.0,875.5862933333334,30.533288888888887,263.9965377777778,42.78336,2.6081866666666667,0.17851999999999998,0.011795555555555556,21.331529204444443,20.299394151111112,19.135647284444442,18.554710217777778,17.823059346666664,16.808838204444445,15.642492542222222,14.741035564444445,13.877772599999998,12.892079284444444,12.165464382222222,12.049264804444444,11.028206657777778,10.123156795555555,8.292882471111112,29.960853702222224,6.946797595555555,1.2984939644444442,0.4102943511111111,0.10178062222222221,0.08795592444444443,0.06531389333333333,0.04186160888888889,0.03396910222222223,0.030310697777777777,0.026435608888888892,0.02254223111111111,0.020752093333333332,0.021389577777777776,0.02282112888888889,0.034036706666666666,0.02640922222222222,0.01945124888888889,0.01651482222222222,0.017480404444444445,0.025619386666666667,1.2876368689368753,13247299.803815834,1903.0316650298637,0.2664749151684588,0.0726048696708736,0.0,0.029462500000000003,1.3040704749136118,0.026533333333333298,0.045775,0.07446666666666667,0.0045998786324786,0.15231666666666666,0.004262962962962933,0.0,0.0,0.015,0.25573333333333337,0.02959629629629623,0.0,1.420548148428458,0.051670524400199244,0.0024444444444444336,0.014886763886912287,0.0,0.01,0.12269763721968742,0.04141119235112634,0.05971273257035735,0.0578741947994659,0.02997083067386948,0.007818389900928082,0.0036696570444789112,0.09428775583978313,0.001581045027311591,0.5028787558879118,0.03083082785938128,0.0036428571428571335,0.2842834413879406,0.24894709505237927,0.00782,0.03194,0.378207004876024,0.0018261014175441394,0.0,0.07746427197395615,0.0170047619047619,0.017485714285714268,0.015338095238095234,0.01115,0.008376190476190466,0.018099999999999932,0.0,0.019216666666666632,0.0,0.002487878787878767,0.0028299999999999996,,,,0.0015529182202114892,0.01,0.2735488492927422,2.0,0.9,49.0,430.08334,334.60016,1.0,2024-07-19 07:00:00
2024-07-19 01:15:00,52.51244444444445,1.0,0.03742336,0.24303326326156371,0.002442584953749923,0.025417159264741987,2.360943926814297,1.359208137830688e-06,0.0,0.0,0.0,0.0,0.0,0.0,0.0,0.0,0.0,0.0,0.0,0.0,0.0,0.0,0.0,0.0,0.0,0.138,1308.2746666666667,340.10622222222224,0.046000000000000006,340.10622222222224,40.734339466666675,-111.87211,298.22555555555556,29.759555555555554,879.3115555555555,120.28826666666667,2.8626666666666667,434149.3333333334,1954.6857777777775,123.35066666666668,13367399.80088889,0.0007803466666666,2.422666666666666e-05,0.0023143422222222,0.0001450711111111,0.0001504844444444,0.0025104711111111,0.0022034577777777,0.0314586306071706,1.030342652214452,1.9725705148185149,6.159723555555556,0.2018275111111111,1.0233560888888888,1.385167911111111,0.0014508,0.1544100444444444,3.2689792888888887,0.0036097333333333,0.22017119999999998,0.3022342222222222,0.0037413777777777,0.0939280444444444,0.0039323555555555,0.04250470957190951,0.0508410222222222,0.0226110222222222,0.0012031492195047305,0.0318379555555555,0.0946766666666666,0.0390924,0.0051550666666666,0.0013349333333333,5.1965,0.31525000000000003,0.058091374141094713,0.0035,0.000125,0.073,0.435625,0.17975,0.061125,0.010875,0.005375,0.012831574784896656,1.207375,0.12975,0.07525000000000001,0.014,0.055625,0.0011250000000000001,0.07652179744313899,0.007625,0.014374999999999999,0.30674999999999997,0.043625000000000004,0.057000256815827335,0.03037160079066087,0.011824081359717332,0.00425,0.00275,0.059125,0.09125,0.0011250000000000001,0.007125,0.04624504552358788,0.110625,0.008875000000000001,0.013125000000000001,0.035375000000000004,0.0073750000000000005,0.008125,0.063,0.0009571955115634607,0.004394736842105263,0.0147195255176971,0.002375,0.004125,0.0015,0.0038103293839653234,0.004769697228582554,0.002,0.0085,0.004875,0.021625,0.00275,0.0015,0.016125,0.012875,0.0038419728551749898,0.0031309551348651,0.0081688275158175,0.0600396677655677,0.006629078089688,0.0013255895271395,0.2345149422222222,26100.0,26159.0,875.4297111111111,30.922253333333334,269.4371333333333,43.376395555555554,2.572084444444444,0.1740977777777778,0.01176,21.86508099111111,20.803576315555556,19.669449888888888,19.08646097333333,18.391465573333335,17.160072711111113,15.905823257777778,15.13716704,14.050536324444444,13.179192853333335,12.352782915555556,12.186153466666667,11.29541643111111,10.263664013333333,8.416165062222223,30.3365766,6.977745986666666,1.3137254133333334,0.4380323066666667,0.09195896444444444,0.09675832888888888,0.05556437333333333,0.0417912,0.03835663555555556,0.03331317333333333,0.025544337777777777,0.02199197777777778,0.01850649777777778,0.026033924444444446,0.02779055111111111,0.04222735111111111,0.021172955555555557,0.01828439111111111,0.010859066666666667,0.015393813333333334,0.022458684444444443,1.310477733158457,13181864.179936647,1903.6007390793307,0.27448430077240143,0.0749480109620144,0.0,0.03206875,1.5020116655494102,0.02848888888888885,0.048740625,0.07713958333333333,0.0039323555555555,0.16349270833333332,0.005328703703703666,0.0,0.0,0.019960937499999998,0.2801702380952381,0.03252592592592587,0.0,1.4423734822844445,0.060784625516841,0.003055555555555542,0.018966989829619675,0.0,0.017870833333333325,0.12263959923389316,0.04755145997390221,0.06990280766572934,0.06966700378286599,0.029683851839635796,0.01020109116331206,0.005103137413919047,0.10501116135981024,0.0013834143988976423,0.5596064114019228,0.03264197437695862,0.004553571428571417,0.29301363621444804,0.2644237081708319,0.009775,0.034570000000000004,0.391638629266521,0.0015978387403511219,0.0,0.07600623797721164,0.021255952380952375,0.021857142857142835,0.019172619047619043,0.0139375,0.010470238095238083,0.020820833333333268,0.0,0.020699999999999965,0.0,0.0031098484848484584,0.0035374999999999994,,,,0.006495586989530136,0.01125,0.23991046601816018,2.3184773729038195,1.1023423869403528,49.65848489644487,333.83334,334.15112,1.0,2024-07-19 07:15:00
2024-07-19 01:30:00,52.068,1.0,0.0421384844444444,0.23660782416123466,0.0024095743705377657,0.0246586323228122,2.4232411285714286,2.189336287977393e-06,0.0,0.0,0.0,0.0,0.0,0.0,0.0,0.0,0.0,0.0,0.0,0.0,0.0,0.0,0.0,0.0,0.0,0.138,1308.7368888888889,359.2088,0.04511111111111111,359.2088,40.73434,-111.87211,298.19044444444444,29.593777777777778,879.1640000000001,114.12066666666666,1.9133333333333333,435108.4,1954.908,125.79244444444446,13327649.500444444,0.00072192,1.6844444444444436e-05,0.00233016,0.0001560799999999,0.0001255244444444,0.0029292577777777,0.0020625511111111,0.0242197922946682,1.042184751063751,1.9323196363636368,6.3104404,0.2026616444444444,1.0538316888888888,1.534774977777778,0.0020112,0.1543106666666666,3.256496488888889,0.0043648444444444,0.21276582222222223,0.3136062222222222,0.0040823555555555,0.1025237777777777,0.0031678666666666,0.046282194170274106,0.0557999555555555,0.0237351555555555,0.0011324190599523516,0.0270725777777777,0.0985864888888888,0.0445246222222222,0.0051295555555555,0.0021592444444444,5.23,0.3165,0.058241932090781406,0.004,0.00025,0.073,0.43625,0.1805,0.06225,0.01075,0.00675,0.013610778333156524,1.40875,0.14650000000000002,0.0825,0.014,0.05525,0.00125,0.07976359826941438,0.010249999999999999,0.01875,0.3765,0.04625,0.06347957696061422,0.032382279682122594,0.01252971329283142,0.0045000000000000005,0.0035,0.07525,0.1135,0.00125,0.00725,0.048517929678479996,0.13425,0.01175,0.018250000000000002,0.04375,0.00875,0.01025,0.079,0.0010924466319683238,0.004368421052631579,0.015758871793232893,0.00275,0.00525,0.002,0.004364469905645713,0.005011588114174657,0.002,0.009000000000000001,0.00575,0.02825,0.0035,0.002,0.021249999999999998,0.01675,0.004304360307777346,0.0031286839397639,0.0081320426850926,0.0597150647426647,0.006552864017094,0.0013519821300921,0.2144267866666667,27000.0,27059.0,875.2608977777778,30.866853333333335,272.44572,44.06164444444445,2.6734933333333335,0.178,0.011982222222222222,22.113797902222224,20.954447573333333,19.981329742222222,19.20092508,18.52798826222222,17.346514275555556,16.146693164444443,15.406379177777778,14.144079159999999,13.354318017777778,12.55659947111111,12.269889497777777,11.38468832,10.348188595555557,8.501481662222222,30.745006,7.038625337777777,1.3528759422222223,0.4431774488888889,0.09224632444444444,0.09697366666666667,0.052395968888888894,0.04602211999999999,0.036453106666666665,0.03373941777777777,0.03080544888888889,0.022155795555555555,0.020182835555555556,0.02344688,0.032621422222222224,0.03852159111111111,0.024433128888888888,0.022857457777777777,0.01333772888888889,0.018518573333333333,0.024004293333333333,1.3418269438796264,13142665.602099879,1903.8218245686344,0.2824936863763441,0.0772911522531552,0.0,0.034675,1.6999528561852089,0.0304444444444444,0.05170625,0.07981250000000001,0.0031678666666666,0.17466874999999998,0.006394444444444399,0.0,0.0,0.024921875,0.30460714285714285,0.035455555555555504,0.0,1.4723288720399998,0.06989872663348276,0.0036666666666666506,0.023047215772327066,0.0,0.02574166666666665,0.1225815612480989,0.053691727596678084,0.08009288276110134,0.08145981276626607,0.029396873005402113,0.012583792425696037,0.006536617783359183,0.11573456687983735,0.0011857837704836933,0.6163340669159338,0.03445312089453596,0.0054642857142857,0.3017438310409555,0.27990032128928444,0.01173,0.0372,0.405070253657018,0.0013695760631581046,0.0,0.07454820398046712,0.025507142857142853,0.0262285714285714,0.02300714285714285,0.016725,0.012564285714285698,0.0235416666666666,0.0,0.022183333333333298,0.0,0.0037318181818181504,0.004245,,,,0.007218533614576299,0.0125,0.23562842070431797,2.3302847540012954,1.0721830658660267,49.24801268396928,237.58333,333.70212,1.0,2024-07-19 07:30:00
2024-07-19 01:45:00,51.41866666666667,1.0,0.0437017111111111,0.23018238506090555,0.0023765637873256083,0.023900105380882414,2.4812362299511603,1.5518156372053873e-06,0.0,0.0,0.0,0.0,0.0,0.0,0.0,0.0,0.0,0.0,0.0,0.0,0.0,0.0,0.0,0.0,0.0,0.138,1309.9417777777778,358.91293333333334,0.046844444444444445,358.91293333333334,40.73433986666667,-111.87211,298.23133333333334,29.508444444444443,879.1164444444445,125.17399999999999,2.031111111111111,435476.3555555556,1955.8173333333332,123.84844444444444,13273000.168444443,0.0009365644444444,9.462222222222212e-06,0.0023197555555555,0.0001582311111111,0.00014768,0.00300528,0.0022538488888888,0.0550507431111111,1.1368646222222225,2.139680444444444,6.560256666666667,0.2024201333333333,1.105930711111111,1.8593145333333332,0.0013255111111111,0.1588190222222222,3.3048671111111108,0.0037795111111111,0.2245923111111111,0.3153663555555555,0.0047851999999999,0.1161324444444444,0.0031463555555555,0.05005967876863871,0.0689171555555555,0.0238621777777777,0.0010616889003999725,0.0311745333333333,0.1012171111111111,0.0423768888888888,0.0056389333333333,0.0017332888888888,5.2635000000000005,0.31775,0.058552271430763816,0.0045000000000000005,0.000375,0.073,0.436875,0.18125,0.063375,0.010624999999999999,0.008125,0.01567190077546288,1.610125,0.16325,0.08975,0.014,0.054875,0.001375,0.08026535712400062,0.012875000000000001,0.023125,0.44625000000000004,0.048875,0.07373756248176702,0.033735112694214454,0.013004479391762792,0.00475,0.00425,0.091375,0.13575,0.001375,0.0073750000000000005,0.05453008471919123,0.157875,0.014625,0.023375,0.052125000000000005,0.010125,0.012375,0.095,0.0011077294257103496,0.0043421052631578945,0.018508114835847876,0.003125,0.0063750000000000005,0.0025,0.004427085396531032,0.005038920741819545,0.002,0.0095,0.006625,0.034875,0.00425,0.0025,0.026374999999999996,0.020624999999999998,0.004356608097266034,0.003176882064602,0.0079264872005772,0.0605009714763014,0.0068435524475524,0.0012927068931068,0.20642,27900.0,27959.0,875.2045155555555,30.976164444444446,271.35767555555555,44.10282666666667,2.69656,0.17949777777777778,0.01204,21.896064159999998,20.654680088888888,19.504359693333335,19.080274386666666,18.307855324444446,17.23851609777778,16.080061524444446,15.321984551111111,14.069027466666666,13.407333226666667,12.757882537777778,12.294082684444444,11.404171560000002,10.3460976,8.653327133333333,30.846620706666666,7.084417284444444,1.321882968888889,0.4515484,0.08924274222222221,0.09890280444444445,0.060216773333333334,0.04772274222222221,0.03916634222222223,0.030436248888888892,0.027483453333333335,0.02395265777777778,0.023358484444444445,0.02174380888888889,0.028728755555555555,0.04280420888888889,0.02386956,0.021021977777777777,0.0120896,0.01816924,0.02868856,1.3606916024807538,13088774.786931742,1904.726506390864,0.29050307198028674,0.07963429354429599,0.0,0.03728125,1.8978940468210075,0.03239999999999995,0.05467187500000001,0.08248541666666667,0.0031463555555555,0.18584479166666668,0.007460185185185132,0.0,0.0,0.0298828125,0.3290440476190476,0.03838518518518513,0.0,1.4903547868238978,0.07901282775012451,0.004277777777777759,0.027127441715034457,0.0,0.033612499999999976,0.12252352326230463,0.059831995219453954,0.09028295785647333,0.09325262174966617,0.029109894171168427,0.014966493688080014,0.00797009815279932,0.12645797239986445,0.0009881531420697443,0.6730617224299449,0.0362642674121133,0.006374999999999983,0.31047402586746287,0.29537693440773705,0.013685000000000001,0.039830000000000004,0.418501878047515,0.001141313385965087,0.0,0.0730901699837226,0.029758333333333328,0.030599999999999968,0.02684166666666666,0.019512500000000002,0.014658333333333315,0.026262499999999935,0.0,0.023666666666666634,0.0,0.0043537878787878416,0.0049524999999999994,,,,0.0077049494537717,0.01375,0.2538660885130925,2.4246870500177775,1.2275551081470777,48.64831278154245,141.33333,333.25308,1.0,2024-07-19 07:45:00
2024-07-19 02:00:00,49.68,1.0,0.0620777866666666,0.2237569459605765,0.002343553204113451,0.023141578438952627,2.81004203970696,1.8031474855218855e-06,0.0,0.0,0.0,0.0,0.0,0.0,0.0,0.0,0.0,0.0,0.0,0.0,0.0,0.0,0.0,0.0,0.0,0.138,1309.883111111111,322.57315555555556,0.049466666666666666,322.57315555555556,40.73433622222222,-111.87211,298.6873333333333,29.208000000000002,879.184,154.5099111111111,1.4653333333333334,437286.6222222222,1959.82,130.24622222222223,13348566.334222222,0.0011858222222222,5.4822222222222216e-05,0.0023665333333333,0.0002370311111111,0.0001906044444444,0.0027488933333333,0.0059066044444444,0.0186487475555555,1.76084,2.893873333333333,7.188547377777778,0.2105178666666666,1.422085911111111,2.600912755555556,0.0017720444444444,0.1806017777777778,3.458811377777778,0.0045990222222222,0.21469675555555554,0.3192807555555556,0.0057161777777777,0.1553452,0.0038570666666666,0.05383716336700331,0.1002702666666666,0.0383886666666666,0.0009909587408475935,0.0406042666666666,0.1024829777777777,0.0530551111111111,0.0080226666666666,0.0027872888888888,5.297000000000001,0.319,0.05896334251680226,0.005,0.0005,0.073,0.4375,0.182,0.0645,0.010499999999999999,0.0095,0.02059845529527167,1.8115,0.18,0.097,0.014,0.0545,0.0015,0.08138122989522581,0.0155,0.027499999999999997,0.516,0.051500000000000004,0.10329548234166452,0.018100269741070603,0.013232938869533358,0.005,0.005,0.1075,0.158,0.0015,0.0075,0.06890051171646551,0.1815,0.0175,0.0285,0.0605,0.0115,0.0145,0.111,0.0028554970966014814,0.00431578947368421,0.02507943513183762,0.0035,0.007500000000000001,0.003,0.011587905107484833,0.008164729004668525,0.002,0.01,0.0075,0.0415,0.005,0.003,0.0315,0.0245,0.01033175890315205,0.0032431132489732,0.0074986446597846,0.057711711030081,0.0073025444610944,0.0016230653124653,0.2008877244444444,28800.0,28859.0,875.2857777777778,31.06470222222222,274.8552577777778,44.737186666666666,2.755777777777778,0.1806177777777778,0.012275555555555555,22.222493888888888,21.200003013333333,19.878443395555557,19.289166884444445,18.526423982222223,17.457905817777778,16.219129937777776,15.499879164444444,14.316905191111111,13.574811017777778,12.726771533333332,12.408768182222222,11.559419573333335,10.367345804444446,8.657954644444443,31.31764314222222,7.144269266666667,1.3590608266666666,0.4594952622222222,0.10188617777777778,0.09129245333333333,0.06343028,0.053267484444444436,0.039909417777777775,0.03569887111111111,0.03461246222222222,0.023500666666666666,0.024071293333333334,0.02563007555555556,0.026678817777777777,0.04056001333333334,0.024423173333333333,0.019438226666666666,0.016607315555555554,0.019305213333333335,0.02912883111111111,1.5361635211163258,13163292.11630907,1908.708698224198,0.2985124575842294,0.08197743483543679,0.0,0.039887500000000006,2.095835237456806,0.0343555555555555,0.05763750000000001,0.08515833333333334,0.0038570666666666,0.1970208333333333,0.008525925925925866,0.0,0.0,0.03484375,0.3534809523809524,0.04131481481481476,0.0,1.658025027731563,0.08812692886676626,0.004888888888888867,0.031207667657741845,0.0,0.0414833333333333,0.12246548527651036,0.06597226284222982,0.10047303295184531,0.10504543073306626,0.02882291533693474,0.01734919495046399,0.009403578522239456,0.13718137791989157,0.0007905225136557955,0.7297893779439559,0.03807541392969064,0.007285714285714267,0.3192042206939703,0.31085354752618966,0.01564,0.04246,0.431933502438012,0.0009130507087720697,0.0,0.07163213598697807,0.0340095238095238,0.034971428571428535,0.030676190476190468,0.0223,0.016752380952380932,0.028983333333333267,0.0,0.025149999999999964,0.0,0.004975757575757534,0.005659999999999999,,,,0.0,0.015,0.23233293806076707,3.4,1.9,44.0,128.5,332.80408,1.0,2024-07-19 08:00:00
2024-07-19 02:15:00,47.09688888888889,1.0,0.0937766933333333,0.21733150686024738,0.002310542620901293,0.022383051497022848,3.169584634615385,2.2580346002645504e-06,0.0,0.0,0.0,0.0,0.0,0.0,0.0,0.0,0.0,0.0,0.0,0.0,0.0,0.0,0.0,0.0,0.0,0.138,1309.3635555555556,335.47564444444447,0.044444444444444446,335.47564444444447,40.73433622222222,-111.87211,298.5473333333333,29.929777777777776,879.1133333333333,136.87182222222222,1.752,441804.0444444444,1973.524,144.424,13583717.166222222,0.0011180444444444,9.431111111111104e-06,0.0024639733333333,0.00037192,0.0002068044444444,0.0033127733333333,0.0090321377777777,0.0249116221904761,2.6076919047619045,3.977161238095238,8.172786755555556,0.2167422222222222,1.646608088888889,3.688496977777778,0.0025018666666666,0.2039771111111111,3.7130697777777777,0.0050836444444444,0.19332284444444445,0.3185924888888889,0.0150059999999999,0.2093003555555555,0.0073324444444444,0.05761464796536791,0.1425812888888889,0.0534245333333333,0.0009202285812952146,0.0454661777777777,0.1365044444444444,0.0616489333333333,0.0082561777777777,0.0046576,5.3305,0.32025000000000003,0.06306524204775375,0.0055,0.000625,0.073,0.438125,0.18275,0.065625,0.010375,0.010875,0.027246840427704304,2.012875,0.19675,0.10425000000000001,0.014,0.054125,0.0016250000000000001,0.0811850266373382,0.018125,0.031875,0.58575,0.054125,0.14396597696375096,0.051882100520423295,0.019373021954367877,0.00525,0.00575,0.123625,0.18025,0.0016250000000000001,0.007625,0.08829340238909222,0.205125,0.020374999999999997,0.033625,0.068875,0.012875000000000001,0.016625,0.127,0.0046645510162950585,0.004289473684210526,0.0339474316151094,0.003875,0.008625,0.0035,0.018999822138605457,0.011400145121064785,0.002,0.0105,0.008375,0.048125,0.00575,0.0035,0.03662499999999999,0.028374999999999997,0.016516431023009363,0.0032278722577422,0.0069447162282162,0.0516019197058497,0.0076345777233877,0.0020928253335553,0.1701875377777778,29700.0,29759.0,875.2100888888889,31.04764,284.93652444444444,46.65423111111111,3.010924444444444,0.18894666666666668,0.012862222222222221,23.25585808888889,22.110719155555554,20.830872315555556,20.1548972,19.304603022222224,18.198733764444444,16.8202782,15.951566764444443,14.755762613333333,13.977573253333333,13.144838026666667,12.71303408,11.906767253333333,10.720358248888889,8.882733253333333,32.325942893333334,7.261354502222222,1.3852523644444446,0.49583061333333334,0.11297815111111112,0.10003403111111112,0.05946074666666667,0.05471844888888889,0.041757640000000006,0.039225826666666665,0.03265581333333333,0.027804226666666664,0.028653759999999997,0.026921377777777776,0.034632826666666665,0.04672475555555555,0.03369402222222222,0.022466208888888888,0.018721191111111108,0.020270626666666666,0.03878357777777777,1.7995117297046945,13395179.12316114,1922.3425981785642,0.30652184318817205,0.0843205761265776,0.0,0.042493750000000004,2.2937764280926043,0.03631111111111105,0.06060312500000001,0.08783125,0.0073324444444444,0.208196875,0.009591666666666599,0.0,0.0,0.0398046875,0.3779178571428572,0.0442444444444444,0.0,1.9096644804711111,0.09724102998340803,0.005499999999999975,0.03528789360044923,0.0,0.04935416666666663,0.12240744729071609,0.0721125304650057,0.11066310804721732,0.11683823971646634,0.028535936502701056,0.019731896212847967,0.010837058891679591,0.1479047834399187,0.0005928918852418467,0.786517033457967,0.03988656044726798,0.00819642857142855,0.32793441552047775,0.3263301606446422,0.017595,0.045090000000000005,0.445365126828509,0.0006847880315790523,0.0,0.07017410199023355,0.03826071428571428,0.0393428571428571,0.034510714285714277,0.0250875,0.01884642857142855,0.031704166666666596,0.0,0.0266333333333333,0.0,0.005597727272727226,0.006367499999999999,,,,0.014229762371151044,0.01625,0.23603766412645708,3.8912022746005013,2.6043492391309586,44.65688098742988,211.0,332.35507,1.0,2024-07-19 08:15:00
2024-07-19 02:30:00,48.07688888888889,1.0,0.0716647733333333,0.21090606775991827,0.0022775320376891353,0.02162452455509306,2.9274460133333333,2.098971877777778e-06,0.0,0.0,0.0,0.0,0.0,0.0,0.0,0.0,0.0,0.0,0.0,0.0,0.0,0.0,0.0,0.0,0.0,0.138,1308.4004444444445,314.75404444444445,0.04457777777777778,314.75404444444445,40.73433102222222,-111.87211,297.9842222222222,30.20888888888889,879.0444444444444,127.63337777777778,1.7862222222222222,440912.5777777778,1968.0662222222225,131.872,13411511.776888888,0.0009441466666666,1.31095238095238e-05,0.0025223244444444,0.0002637022222222,0.00016784,0.0038761466666666,0.0038591466666666,0.0490450254428904,2.45511463947164,3.7563230235690233,8.034219734191733,0.2117712103193103,1.406318278190328,2.911080424090724,0.0021670321178821,0.1896899596033596,3.5908542385799382,0.0042638816960816,0.21263311045806046,0.3275095593998594,0.0147141277185777,0.1680807743589743,0.0007055537888037,0.061392132563732514,0.101622775036075,0.0406356255133755,0.0008494984217428355,0.0402518958356458,0.1283249064065564,0.0572587289081289,0.007458912999963,0.0041469163947163,5.364,0.3215,0.0629363665164869,0.006,0.00075,0.073,0.43875,0.1835,0.06675,0.01025,0.01225,0.020810976668247216,2.21425,0.21350000000000002,0.1115,0.014,0.05375,0.00175,0.08372700399843741,0.02075,0.03625,0.6555,0.05675,0.11289534547138011,0.04767566259564671,0.01789680566891879,0.0055,0.006500000000000001,0.13974999999999999,0.2025,0.00175,0.00775,0.0695204222164764,0.22875,0.02325,0.03875,0.07725,0.01425,0.018750000000000003,0.14300000000000002,0.003125841985868183,0.004263157894736842,0.02536290829872343,0.00425,0.009750000000000002,0.004,0.01269554146216667,0.00864822935929975,0.002,0.011,0.00925,0.05475000000000001,0.006500000000000001,0.004,0.041749999999999995,0.03225,0.011255995865462654,0.0032017596581196,0.0072857184981684,0.0566146668742368,0.0071715533699633,0.0018179999755799,0.2066787022222222,30600.0,30659.0,875.1538977777778,31.218777777777778,282.1564177777778,45.78527999999999,2.7967244444444446,0.17909333333333333,0.01244888888888889,22.786178164444443,21.67075146666667,20.344125537777774,19.919776075555557,19.096914746666666,18.006708226666667,16.791297942222222,15.859609142222222,14.725358088888889,13.828211604444444,13.0050592,12.725882408888888,11.867667088888888,10.872561426666666,8.854341808888888,32.02517798666666,7.278835302222222,1.3382851733333332,0.4740105955555556,0.10349868888888888,0.10065204888888889,0.0640800088888889,0.04506911111111111,0.037410488888888885,0.04253920888888888,0.034078399999999995,0.024446066666666665,0.02579458222222222,0.026156835555555553,0.031107595555555555,0.04287868444444444,0.028691777777777778,0.021894146666666666,0.01690415111111111,0.017820097777777776,0.02263512888888889,1.745631626113054,13225363.894540975,1916.9127385612715,0.3145312287921147,0.0866637174177184,0.0,0.0451,2.491717618728403,0.0382666666666666,0.06356875000000001,0.09050416666666666,0.0007055537888037,0.21937291666666664,0.010657407407407333,0.0,0.0,0.044765625,0.40235476190476194,0.047174074074074035,0.0,1.8581799465377773,0.10635513110004978,0.006111111111111084,0.039368119543156624,0.0,0.05722499999999995,0.12234940930492183,0.07825279808778156,0.1208531831425893,0.12863104869986644,0.02824895766846737,0.022114597475231947,0.012270539261119729,0.1586281889599458,0.00039526125682789776,0.8432446889719779,0.041697706964845316,0.009107142857142835,0.33666461034698514,0.3418067737630948,0.01955,0.04772,0.458796751219006,0.0004565253543860348,0.0,0.06871606799348903,0.04251190476190475,0.04371428571428567,0.038345238095238085,0.027875,0.020940476190476166,0.034424999999999935,0.0,0.02811666666666663,0.0,0.006219696969696917,0.007074999999999999,,,,0.012717322908988773,0.0175,0.25031348047195867,3.739072323565729,2.4388787979120585,45.56197221593854,293.5,331.90604,1.0,2024-07-19 08:30:00
2024-07-19 02:45:00,46.14088888888889,1.0,0.0948298755555555,0.20448062865958921,0.002244521454476978,0.020865997613163274,3.26082204,1.794375011111111e-06,0.0,0.0,0.0,0.0,0.0,0.0,0.0,0.0,0.0,0.0,0.0,0.0,0.0,0.0,0.0,0.0,0.0,0.138,1307.8528888888889,250.90204444444444,0.04768888888888889,250.90204444444444,40.73433115555555,-111.87211,297.7202222222222,31.13111111111111,879.0946666666666,128.2564,1.8231111111111111,445104.5777777778,1977.7026666666668,135.18177777777777,13697319.692888888,0.0008507288888888,1.67879365079365e-05,0.0026658044444444,0.0003553022222222,0.0001818577777777,0.0054071422222222,0.0049057155555555,0.022380853010878,2.271436894771895,3.496695154623155,8.820890353607503,0.2186080445646945,1.7125723142616642,3.763649433982684,0.0032316108465608,0.2217479373977874,3.7640469027176526,0.0079158825877825,0.22508687152477153,0.3406518661616162,0.0289168898508898,0.2130773792207792,0.0065716095478595,0.06516961716209711,0.1373285434343434,0.0572104304713804,0.0007787682621904564,0.0484236208273208,0.1473498018999519,0.0657558610870611,0.0082584500481,0.0063268071428571,5.3975,0.32275,0.06920756330961678,0.006500000000000001,0.000875,0.073,0.439375,0.18425,0.067875,0.010125,0.013625,0.026421469804393957,2.415625,0.23025,0.11875,0.014,0.053375,0.001875,0.0874734638049295,0.023375,0.040624999999999994,0.7252500000000001,0.059375,0.14681303428537806,0.057459472090466694,0.021330356613510893,0.00575,0.00725,0.15587499999999999,0.22475,0.001875,0.007875,0.08588585199250462,0.252375,0.026125000000000002,0.043875000000000004,0.085625,0.015625,0.020875,0.159,0.005120054660280159,0.004236842105263158,0.03284650505337849,0.004625000000000001,0.010875,0.0045000000000000005,0.020866076748176487,0.012214794045999122,0.002,0.0115,0.010124999999999999,0.061375000000000006,0.00725,0.0045000000000000005,0.046875,0.036125,0.01807367630839325,0.0031625027838827,0.0071031326862026,0.0549985243589743,0.0068729812942612,0.0017801229059829,0.1909996311111111,31500.0,31559.0,875.2052977777778,31.138191111111112,286.7888266666667,46.78404444444445,2.936471111111111,0.18376,0.012902222222222223,23.559980115555557,22.038408035555555,20.909494617777778,20.21025363111111,19.478731817777778,18.19771328888889,16.995321604444445,16.021677271111113,15.022527551111112,14.13490231111111,13.196146204444444,12.826756857777777,11.994380684444444,10.880712035555556,8.970546253333334,32.36774096888889,7.384236306666667,1.3728871333333332,0.4920164533333333,0.09640367555555555,0.11304157333333334,0.07387156888888889,0.048954186666666656,0.03769225777777777,0.036300844444444445,0.03622746222222222,0.02868839555555556,0.028303275555555556,0.029246284444444444,0.03460860444444445,0.04734521777777778,0.027294373333333333,0.027973462222222224,0.021546075555555554,0.020131053333333333,0.026781879999999997,1.9397668962439685,13507204.879802162,1926.4998897194268,0.32254061439605736,0.0890068587088592,0.0,0.047706250000000006,2.6896588093642015,0.04022222222222215,0.066534375,0.09317708333333334,0.0065716095478595,0.23054895833333333,0.011723148148148066,0.0,0.0,0.0497265625,0.4267916666666667,0.050103703703703664,0.0,2.043683745462595,0.11546923221669154,0.006722222222222192,0.043448345485864015,0.0,0.06509583333333327,0.12229137131912757,0.08439306571055744,0.1310432582379613,0.14042385768326654,0.027961978834233688,0.024497298737615927,0.013704019630559864,0.1693515944799729,0.00019763062841394877,0.899972344485989,0.04350885348242266,0.010017857142857117,0.3453948051734926,0.35728338688154737,0.021505000000000003,0.050350000000000006,0.472228375609503,0.0002282626771930175,0.0,0.06725803399674452,0.04676309523809523,0.04808571428571424,0.042179761904761894,0.030662500000000002,0.023034523809523783,0.03714583333333327,0.0,0.029599999999999967,0.0,0.006841666666666609,0.007782499999999999,,,,0.01623512581844918,0.018750000000000003,0.23454061890482286,3.555933071107697,2.2443439067503848,43.7739552583949,376.0,331.45703,1.0,2024-07-19 08:45:00
2024-07-19 03:00:00,42.35644444444445,1.0,0.1310018968253968,0.1980551895592601,0.0022115108712648206,0.020107470671233488,3.5216941764590968,2.179249323232323e-06,0.0,0.0,0.0,0.0,0.0,0.0,0.0,0.0,0.0,0.0,0.0,0.0,0.0,0.0,0.0,0.0,0.0,0.138,1308.8480000000002,357.1984888888889,0.04897777777777778,357.1984888888889,40.734336,-111.87211,297.3877777777777,32.28622222222222,879.080888888889,121.50431111111111,1.4724444444444444,450954.57777777774,1990.8977777777775,144.89822222222222,14113158.650222223,0.0009244803174603,2.0466349206349198e-05,0.0029077269841269,0.0006467676190476,0.000217378095238,0.0110116679365079,0.0123336993650793,0.0146915173333333,3.677014222222222,5.068455555555556,9.822756772649573,0.22222902002442,2.020693461050061,4.7394777860805855,0.0038269257631257,0.2461530818070817,4.027161401465202,0.0102557697191697,0.22181306874236875,0.3596857245421245,0.0355021477411477,0.2572767296703296,0.0165591335775335,0.0689471017604617,0.1644525365079365,0.0711725799755799,0.0007080381026380775,0.0561457838827838,0.1467866266178266,0.0818483369963369,0.0090421633699633,0.0096634515262515,5.431,0.324,0.079,0.007,0.001,0.073,0.44,0.185,0.069,0.01,0.015,0.028,2.617,0.247,0.126,0.014,0.053,0.002,0.089,0.026,0.045,0.795,0.062,0.19,0.054,0.02,0.006,0.008,0.172,0.247,0.002,0.008,0.105,0.276,0.029,0.049,0.094,0.017,0.023,0.175,0.006,0.004210526315789474,0.038,0.005,0.012,0.005,0.026,0.015,0.002,0.012,0.011,0.068,0.008,0.005,0.052,0.04,0.023,0.0031442787523587,0.0069301604972804,0.0503513047685647,0.0072931057697857,0.0024102736052836,0.1826249841269841,32400.0,32459.0,875.1768,31.320315555555556,296.88651555555555,48.81849333333333,3.2024311111111112,0.1916488888888889,0.013622222222222223,24.743495777777778,23.17621819111111,21.885249857777776,21.068363573333333,20.13087617777778,18.77351323555555,17.520987057777777,16.645665346666664,15.239279004444446,14.356719017777777,13.492220991111111,13.080558724444444,12.367879724444444,11.115419106666668,9.26088808,33.54876722666667,7.6708728088888884,1.4511780844444444,0.5321968044444445,0.10953283999999999,0.12362390666666667,0.07337316,0.057027333333333326,0.04730307111111111,0.045941,0.03904425333333333,0.03032960888888889,0.03196180888888889,0.03293927555555556,0.034208635555555554,0.05071201777777778,0.039366902222222215,0.030174702222222224,0.022543435555555557,0.02353727111111111,0.03450352,2.0865184741363474,13917272.113366164,1939.6275039032878,0.33055,0.09135,0.0,0.0503125,2.8876,0.0421777777777777,0.0695,0.09585,0.0165591335775335,0.241725,0.0127888888888888,0.0,0.0,0.0546875,0.4512285714285714,0.0530333333333333,0.0,2.183910584093668,0.1245833333333333,0.0073333333333333,0.0475285714285714,0.0,0.0729666666666666,0.1222333333333333,0.0905333333333333,0.1412333333333333,0.1522166666666666,0.027675,0.0268799999999999,0.0151375,0.180075,0.0,0.9567,0.04532,0.0109285714285714,0.354125,0.37276,0.02346,0.05298,0.48566,0.0,0.0,0.0658,0.0510142857142857,0.0524571428571428,0.0460142857142857,0.03345,0.0251285714285714,0.0398666666666666,0.0,0.0310833333333333,0.0,0.0074636363636363,0.00849,,,,0.02002,0.02,0.2,4.5,3.4220381187356335,38.0,380.33334,330.89575,1.0,2024-07-19 09:00:00
2024-07-19 03:15:00,41.998666666666665,1.0,0.1252434088888888,0.19162975045893105,0.002178500288052663,0.0193489437293037,3.5773187594927296,1.6816925885281385e-06,0.0,0.0,0.0,0.0,0.0,0.0,0.0,0.0,0.0,0.0,0.0,0.0,0.0,0.0,0.0,0.0,0.0,0.138,1309.1746666666666,357.67564444444446,0.04808888888888889,357.67564444444446,40.73433244444445,-111.87211,297.05844444444443,32.848444444444446,879.0133333333334,124.05013333333333,1.6635555555555555,451224.1777777778,1983.156888888889,141.916,14183898.326666668,0.0009838879365079,2.4144761904761895e-05,0.0027359088888888,0.0007201269841269,0.0002221504761904,0.0111536796825396,0.0159789993650793,0.0154395124444444,3.689059555555556,5.206306222222223,9.842570222222225,0.2149776,1.964186,4.405912444444444,0.0031558222222222,0.2471400444444444,4.0157752,0.0101942222222222,0.2187549777777778,0.3729625333333333,0.0305929333333333,0.2368024444444444,0.0103068444444444,0.07272458635882631,0.1620544444444444,0.0643545333333333,0.0006373079430856984,0.0518721777777777,0.1234479111111111,0.0776432444444444,0.0081157333333333,0.0073971555555555,5.40225,0.318375,0.06994761643550369,0.007,0.001,0.073,0.439625,0.1855,0.070125,0.00975,0.01627,0.030306682309971716,2.7307776440669995,0.2405433626875352,0.1225375,0.01425,0.0543984041866297,0.002375,0.09668422246961311,0.02615361588776556,0.04637577923377101,0.9006583333333333,0.05755112579417132,0.16469659198533124,0.045167601886754276,0.017016621501323197,0.00625,0.00875,0.18318125,0.24705528866695076,0.002125,0.00825,0.09721875462370684,0.28997344455938057,0.029375000000000002,0.04676071428571428,0.09668366257821716,0.017750000000000002,0.02492370442321048,0.18847800072338022,0.005979603868292332,0.004184210526315789,0.03802882378942024,0.0055,0.013000000000000001,0.005125,0.02438775586707792,0.01375206130495914,0.0032500000000000003,0.01200987483540537,0.012647389101600914,0.06334708656739506,0.006,0.00525,0.057160727866862236,0.04488834460951037,0.021012245449184123,0.0032142466877566,0.0071672935531135,0.0498961386990787,0.0077034221067821,0.0027393762748362,0.1927514882539682,33300.0,33359.0,875.1198311111111,31.250084444444443,305.90787555555556,51.711395555555555,3.457631111111111,0.19613333333333335,0.015155555555555556,24.973154333333333,23.33839813333333,21.894874066666667,21.210217782222223,20.36228628,19.12117518222222,17.959449182222222,16.962332373333332,15.72446192888889,14.704962186666668,13.927817577777777,13.635890204444445,12.783603693333333,11.695869875555555,9.795995466666666,35.69083629777778,8.518359986666667,1.8357005422222223,0.7605751155555556,0.15982425333333333,0.16713639111111112,0.10681505333333334,0.07207096,0.053581977777777776,0.05409568888888889,0.04291924444444444,0.03537844444444445,0.03655288,0.03243249777777778,0.04067861333333333,0.052382311111111114,0.04093224888888889,0.03275792888888889,0.02247531111111111,0.022106248888888888,0.03967492444444444,2.0092800495288237,13987029.943678185,1931.9262119688913,0.3387,0.09655,0.0075675,0.050753125,2.9962875,0.0428777777777777,0.06999375000000001,0.0948625,0.0103068444444444,0.239725,0.012569444444444374,0.0017861111111111,0.005538888888888875,0.053296875,0.4379142857142857,0.055941666666666626,0.0,2.110106266217778,0.11743749999999994,0.008880555555555525,0.04565714285714283,0.005344444444444425,0.0677666666666666,0.12293333333333331,0.08983749999999997,0.1394291666666666,0.1509541666666666,0.028900000000000002,0.025179999999999925,0.015775,0.1892375,0.0,1.0219333333333334,0.044515,0.0113535714285714,0.37540625,0.37277,0.023565000000000003,0.052489999999999974,0.487375,0.0,0.0,0.06948,0.045107142857142825,0.051235714285714225,0.04553214285714283,0.032821875,0.023632142857142824,0.04021249999999995,0.0,0.028604166666666625,0.0,0.012631818181818124,0.0084625,,,,0.011815540912567403,0.021875000000000002,0.23043455470486082,4.969399655139885,3.5253273555400058,39.94835423812246,295.33334,330.33447,1.0,2024-07-19 09:15:00
2024-07-19 03:30:00,42.58088888888889,1.0,0.1256156844444444,0.18520431135860194,0.0021454897048405054,0.018590416787373915,3.6545263936807633,1.797717361904762e-06,0.0,0.0,0.0,0.0,0.0,0.0,0.0,0.0,0.0,0.0,0.0,0.0,0.0,0.0,0.0,0.0,0.0,0.138,1308.8386666666668,336.7526222222222,0.04751111111111111,336.7526222222222,40.7343384,-111.87211,297.00555555555553,32.66177777777778,879.0,116.37266666666667,0.7582222222222222,450726.4,1979.6955555555555,138.3297777777778,14088230.50088889,0.0010247288888888,0.0001314355555555,0.0026870177777777,0.0006892311111111,0.0002252711111111,0.0124644177777777,0.0108288977777777,0.0133487986617826,3.20232517948718,4.81169073015873,9.955503911111112,0.2163364888888889,1.9022665777777776,4.4965536888888895,0.0022261777777777,0.2463861777777777,4.006501511111111,0.0092755555555555,0.2155212,0.3651605333333333,0.0841495999999999,0.2356092444444444,0.0067314222222222,0.0765020709571909,0.1619382222222222,0.0599237333333333,0.0005665777835333194,0.0550777777777777,0.1193890666666666,0.0839714666666666,0.0086088444444444,0.0071135555555555,5.3735,0.31275000000000003,0.09359543881834953,0.007,0.001,0.073,0.43925000000000003,0.186,0.07125000000000001,0.0095,0.01754,0.030288420163285163,2.844555288133999,0.23408672537507041,0.119075,0.0145,0.055796808373259406,0.00275,0.09446011676730916,0.02630723177553112,0.04775155846754202,1.0063166666666665,0.05310225158834264,0.16379717776469932,0.04308028630452998,0.01628409452470917,0.006500000000000001,0.0095,0.1943625,0.24711057733390152,0.0022500000000000003,0.0085,0.09716548517449697,0.3039468891187611,0.029750000000000002,0.04452142857142855,0.09936732515643432,0.018500000000000003,0.02684740884642096,0.20195600144676043,0.005446508152223758,0.004157894736842105,0.03800446469328375,0.006,0.014,0.00525,0.022203596968256713,0.012798642253943669,0.0045000000000000005,0.012019749670810742,0.01429477820320183,0.0586941731347901,0.004,0.0055,0.06232145573372447,0.04977668921902073,0.019189733595616407,0.0032547938705738,0.0068798247985347,0.0493303905250305,0.0074460298656898,0.0023925827106227,0.18790204,34200.0,34259.0,875.1012711111111,31.26353777777778,333.6860533333333,57.991431111111105,3.8004666666666664,0.19309777777777778,0.017942222222222224,26.059875586666667,24.63729763555556,23.326607266666667,22.53929549777778,21.784788964444445,20.541715195555557,19.247725142222222,18.34665724888889,16.940675097777778,15.983016133333333,15.344495244444444,15.00750620888889,14.155422897777779,13.172719044444445,11.12325236,39.99560168,10.347943413333333,2.625218902222222,1.2346915555555555,0.25090963555555557,0.2707858444444444,0.13941647555555556,0.08510992444444444,0.07275572444444443,0.05312175111111111,0.04324319111111111,0.03799228444444445,0.04054935111111111,0.03157980444444444,0.04571111111111111,0.04913987555555555,0.03624682666666667,0.03182214666666667,0.021444986666666666,0.024035964444444446,0.0376898,2.0648765053301665,13892689.959494526,1928.4825843875003,0.34685,0.10175000000000001,0.015135,0.05119375,3.104975,0.0435777777777777,0.07048750000000001,0.093875,0.0067314222222222,0.237725,0.01234999999999995,0.0035722222222222,0.01107777777777775,0.05190625,0.4246,0.058849999999999944,0.0,2.163230841422222,0.1102916666666666,0.01042777777777775,0.04378571428571425,0.01068888888888885,0.0625666666666666,0.1236333333333333,0.08914166666666665,0.13762499999999994,0.1496916666666666,0.030125,0.023479999999999952,0.0164125,0.19840000000000002,0.0,1.0871666666666666,0.04371,0.0117785714285714,0.39668749999999997,0.37278,0.02367,0.05199999999999995,0.48909,0.0,0.0,0.07316,0.03919999999999995,0.05001428571428565,0.04504999999999995,0.03219375,0.02213571428571425,0.0405583333333333,0.0,0.02612499999999995,0.0,0.017799999999999948,0.008435,,,,0.011065039297424719,0.02375,0.2291978188131128,4.484092249365143,3.2296484590064147,40.48607283646548,210.33333,329.88547,1.0,2024-07-19 09:30:00
2024-07-19 03:45:00,39.95777777777778,1.0,0.1642724755555555,0.17877887225827283,0.002112479121628348,0.017831889845444128,4.166484653855034,1.7356549925925927e-06,0.0,0.0,0.0,0.0,0.0,0.0,0.0,0.0,0.0,0.0,0.0,0.0,0.0,0.0,0.0,0.0,0.0,0.138,1309.0795555555555,358.7047111111111,0.04568888888888889,358.7047111111111,40.73434,-111.87211,297.1308888888889,32.501777777777775,878.9711111111111,112.67053333333334,0.40311111111111114,454952.53333333327,1992.539111111111,144.73022222222224,14358385.932888888,0.0009382533333333,0.0001977422222222,0.0028294133333333,0.0008420755555555,0.0002527555555555,0.0215936533333333,0.0105191333333333,0.0146478953872053,3.851482308080808,5.440345936026937,11.342948,0.2167539111111111,2.269563555555556,6.207343866666666,0.0033232,0.2864882222222222,4.3702696,0.0064874666666666,0.23117186666666667,0.3832030666666666,0.2856401777777778,0.3217608,0.0139474666666666,0.0802795555555555,0.2232234666666666,0.0837605777777777,0.0004958476239809405,0.0636197777777777,0.1424334222222222,0.1246275111111111,0.0100394222222222,0.0100325333333333,5.3447499999999994,0.30712500000000004,0.18256313773736144,0.007,0.001,0.073,0.438875,0.1865,0.07237500000000001,0.00925,0.01881,0.039918249144064236,2.9583329322009986,0.2276300880626056,0.1156125,0.014750000000000001,0.05719521255988911,0.003125,0.09960347760692412,0.02646084766329668,0.049127337701313036,1.1119749999999997,0.04865337738251396,0.22873678067806416,0.05493115743098222,0.02044306448135162,0.00675,0.01025,0.20554375,0.24716586600085227,0.002375,0.00875,0.12525504630857184,0.3179203336781416,0.030125000000000002,0.042282142857142824,0.10205098773465146,0.01925,0.028771113269631443,0.21543400217014064,0.008314459686467308,0.004131578947368421,0.050849281567605036,0.0065,0.015,0.0053750000000000004,0.03395394812677214,0.017927851789338093,0.00575,0.012029624506216113,0.015942167304802746,0.05404125970218515,0.002,0.00575,0.0674821836005867,0.05466503382853109,0.02899449380859143,0.0031621289865689,0.0065181719413919,0.04782154007326,0.0071992863736263,0.0023842867643467,0.1670054577777777,35100.0,35159.0,875.0788977777778,31.398706666666666,334.14829333333336,58.35866222222223,3.928546666666667,0.19804888888888889,0.018199999999999997,26.535258839999997,25.094887337777777,23.69412888,22.63627401777778,21.951557804444445,20.42291309333333,19.284712688888888,18.273884502222224,16.941554293333333,15.966806666666665,15.030582466666665,14.863217462222222,14.206617173333335,12.99034076888889,11.03221084,39.617736217777775,10.304438431111112,2.6732119244444443,1.2779238044444445,0.26465147555555557,0.28340612444444446,0.14517932444444442,0.08687505333333333,0.06780352,0.06074915555555556,0.05123876,0.03659896,0.038529435555555554,0.04165750222222222,0.051424026666666664,0.05840339555555555,0.03935227111111111,0.035819968888888894,0.022987168888888892,0.022756173333333334,0.04257792444444444,2.2645720798941817,14159095.712680666,1941.2604413272834,0.355,0.10695,0.0227025,0.051634375,3.2136625,0.0442777777777777,0.07098125,0.0928875,0.0139474666666666,0.235725,0.012130555555555525,0.0053583333333333,0.016616666666666627,0.050515625,0.4112857142857143,0.06175833333333327,0.0,2.354047727427111,0.10314583333333326,0.011974999999999975,0.041914285714285675,0.016033333333333274,0.057366666666666594,0.1243333333333333,0.08844583333333332,0.13582083333333328,0.1484291666666666,0.03135,0.021779999999999976,0.01705,0.2075625,0.0,1.1523999999999999,0.042905,0.0122035714285714,0.41796875,0.37279,0.023774999999999998,0.051509999999999924,0.490805,0.0,0.0,0.07683999999999999,0.033292857142857075,0.048792857142857075,0.044567857142857076,0.031565625,0.020639285714285676,0.04090416666666665,0.0,0.023645833333333276,0.0,0.022968181818181773,0.0084075,,,,0.015326061443281733,0.025625000000000002,0.22996628342099285,5.13134622916972,3.700689462995434,38.06346583843458,125.33334,329.43643,1.0,2024-07-19 09:45:00
2024-07-19 04:00:00,40.21333333333334,1.0,0.1654796,0.17235343315794377,0.0020794685384161902,0.01707336290351434,4.16671499958708,2.0435327175047177e-06,0.0,0.0,0.0,0.0,0.0,0.0,0.0,0.0,0.0,0.0,0.0,0.0,0.0,0.0,0.0,0.0,0.0,0.138,1309.3177777777778,335.00986666666665,0.047377777777777776,335.00986666666665,40.73434,-111.87211,296.8517777777778,32.97377777777778,878.8857777777778,126.87488888888889,0.6595555555555556,454243.3777777778,2001.2004444444444,144.19244444444445,14365343.00977778,0.0008031644444444,0.0001852488888888,0.0029156711111111,0.0006773733333333,0.0002137866666666,0.0229599422222222,0.0083675822222222,0.0358304274590964,3.7414732661782666,5.4412360903540895,11.50739102222222,0.2225734666666666,2.350943466666666,6.5760760000000005,0.0045607555555555,0.2999782666666666,4.414211955555556,0.0098240888888888,0.18735466666666667,0.3689810222222222,0.2339084888888888,0.4092819111111111,0.0294375111111111,0.0307198222222222,0.2948805333333333,0.1380483111111111,0.0004251174644285614,0.0794903555555555,0.1850904444444444,0.1381422222222222,0.0168818666666666,0.0116818666666666,5.316,0.3015,0.07623001505062735,0.007,0.001,0.073,0.4385,0.187,0.07350000000000001,0.009000000000000001,0.02008,0.0511778158394344,3.072110576267998,0.2211734507501408,0.11215,0.015,0.05859361674651881,0.0035,0.09554921842372631,0.026614463551062242,0.050503116935084046,1.2176333333333331,0.044204503176685284,0.2947087316827901,0.11673974354937822,0.0281416644024625,0.007,0.011,0.216725,0.24722115466780303,0.0025,0.009000000000000001,0.15809844235060685,0.33189377823752214,0.0305,0.0400428571428571,0.10473465031286862,0.02,0.030694817692841922,0.22891200289352087,0.014846137504259402,0.004105263157894737,0.06586793585263015,0.006999999999999999,0.016,0.0055,0.06071503773967114,0.029609480207783468,0.007,0.012039499341621483,0.01758955640640366,0.0493883462695802,0.0,0.006,0.07264291146744895,0.05955337843804146,0.019712394519318478,0.0030783275679875,0.0060071393251193,0.047637648040848,0.0072094349217449,0.0024093385203685,0.1526038311111111,36000.0,36059.0,874.9997022222221,31.38504,316.82276444444443,53.889853333333335,3.640591111111111,0.19834222222222223,0.016124444444444445,26.040680208888887,24.336872075555554,22.947588373333335,22.055197933333332,21.177092524444447,19.812308466666664,18.509320035555557,17.515395115555556,16.26075371111111,15.317505186666667,14.257126648888889,13.98103788,13.10037708,12.083211431111112,10.102201031111113,36.34226676,8.860066128888889,2.0734574844444444,0.8905530488888889,0.2131861511111111,0.20043089333333336,0.11465718222222222,0.07780009333333333,0.06531074666666667,0.05799196888888889,0.04607452888888889,0.03753733333333333,0.03712253777777778,0.03444977333333333,0.047841288888888896,0.06801639111111112,0.04046213333333334,0.030530955555555555,0.024077453333333335,0.024095404444444447,0.04019946666666666,2.1534677176181254,14165956.227366002,1949.8774693583755,0.36315,0.11215,0.03027,0.052075,3.32235,0.0449777777777777,0.071475,0.0919,0.0294375111111111,0.233725,0.0119111111111111,0.0071444444444444,0.0221555555555555,0.049125,0.3979714285714286,0.0646666666666666,0.0,2.2478831893427684,0.0959999999999999,0.0135222222222222,0.0400428571428571,0.0213777777777777,0.0521666666666666,0.1250333333333333,0.08775,0.1340166666666666,0.1471666666666666,0.032575,0.02008,0.0176875,0.216725,0.0,1.2176333333333331,0.0421,0.0126285714285714,0.43925,0.3728,0.02388,0.0510199999999999,0.49252,0.0,0.0,0.08052,0.0273857142857142,0.0475714285714285,0.0440857142857142,0.0309375,0.0191428571428571,0.04125,0.0,0.0211666666666666,0.0,0.0281363636363636,0.00838,,,,0.0392799999999999,0.027500000000000004,0.2424965483997112,4.1,2.7,38.0,106.83334,328.98743,1.0,2024-07-19 10:00:00
2024-07-19 04:15:00,40.32311111111111,1.0,0.1545348177777778,0.16592799405761466,0.002046457955204033,0.016314835961584555,3.9138872922621823,2.236521337201687e-06,0.0,0.0,0.0,0.0,0.0,0.0,0.0,0.0,0.0,0.0,0.0,0.0,0.0,0.0,0.0,0.0,0.0,0.138,1309.5800000000002,116.99542222222223,0.049022222222222224,116.99542222222223,40.73433813333334,-111.87211,296.68688888888886,32.98755555555555,878.8164444444444,111.84715555555555,0.7871111111111111,453852.26666666666,1992.3564444444448,141.6431111111111,14123000.224444443,0.0007161066666666,0.0001820666666666,0.0027649244444444,0.0005675022222222,0.00016504,0.0186658311111111,0.0076100266666666,0.0349058471111111,4.145910222222222,6.236497333333334,10.862878666666669,0.2511751428571428,2.1684890952380957,5.498143380952381,0.0035215238095238,0.2695752857142857,4.16423119047619,0.0071218571428571,0.15625109523809524,0.3468717619047619,0.1503101428571428,0.2859687619047619,0.0282461428571428,0.0156651904761904,0.2227297142857142,0.1134189999999999,0.0003543873048761823,0.0750011428571428,0.1805469999999999,0.1166429047619047,0.0228703333333333,0.0096249523809523,5.28725,0.295875,0.12280847360216188,0.007,0.001,0.073,0.438125,0.1875,0.074625,0.00875,0.01931,0.03984066519982894,2.9760829322009985,0.2621300880626056,0.1276125,0.01525,0.06244521255988911,0.003875,0.08924656116330767,0.02696084766329668,0.05137733770131303,1.1807249999999998,0.06115337738251396,0.20175734047670957,0.07453157963951587,0.027321678402048483,0.00725,0.01175,0.20154375,0.24566586600085227,0.002625,0.00925,0.12502873918006835,0.3209203336781416,0.030875,0.04178214285714282,0.10655098773465146,0.02075,0.02977111326963144,0.21343400217014066,0.011882839625083286,0.004078947368421053,0.050745795663745374,0.0075,0.017,0.005625,0.04857404084629532,0.024309747783227975,0.00825,0.014029624506216112,0.016192167304802746,0.05404125970218515,0.002,0.00625,0.06823218360058671,0.055665033828531094,0.041193831638806314,0.002949867035187,0.005459501052281,0.0449565285425685,0.0070066667266067,0.0021948071262071,0.1598859733333333,36900.0,36959.0,874.9308088888889,31.373231111111114,306.86858666666666,51.151871111111106,3.5385199999999997,0.20262222222222223,0.014764444444444445,25.71952108,24.047483044444444,22.678790875555553,21.651998497777775,20.934001048888888,19.516276333333334,18.126221657777776,17.192669693333336,15.775358946666667,14.862944897777776,14.030019995555556,13.520362622222223,12.6558096,11.476390964444445,9.583175137777777,34.08262943555555,7.85126244,1.5692049733333335,0.6203309066666667,0.13771128444444444,0.13682550666666668,0.08867169777777778,0.0615354,0.05784449333333333,0.049549564444444444,0.03775473777777778,0.03664863555555555,0.03978725777777778,0.03802383555555556,0.047256995555555556,0.058103848888888886,0.04319986666666667,0.04278310666666667,0.025101604444444443,0.029400862222222223,0.04391116888888889,2.0249470139025894,13926977.08940088,1941.0787090550764,0.36385,0.1164,0.0253725,0.05453125,3.2573,0.0551527777777777,0.076275,0.09535625,0.0282461428571428,0.244465625,0.008933333333333324,0.0073111111111110755,0.02154999999999995,0.04156875,0.4293464285714286,0.0639166666666666,0.0,2.1250766598355555,0.10544583333333325,0.012486111111111075,0.0423178571428571,0.01957222222222215,0.055449999999999944,0.12559166666666663,0.09026666666666665,0.13958749999999995,0.15273749999999997,0.03209375,0.02293,0.017846874999999998,0.20595625,0.0,1.205158333333333,0.04246,0.012482142857142825,0.42335,0.38216,0.02633,0.05543999999999992,0.5018,0.0,0.0029625,0.083605,0.03568214285714277,0.04916428571428565,0.0457357142857142,0.032625,0.024346428571428526,0.04245833333333333,0.0,0.02104999999999995,0.006496875,0.02544999999999995,0.006285000000000001,,,,0.022373461774240523,0.029375000000000002,0.24194962432495692,5.424910962266701,4.29723260781286,38.40087399708951,164.33333,328.53842,1.0,2024-07-19 10:15:00
2024-07-19 04:30:00,42.00222222222222,1.0,0.1220832044444444,0.1595025549572856,0.002013447371991875,0.015556309019654768,3.711251,2.8968436914529917e-06,0.0,0.0,0.0,0.0,0.0,0.0,0.0,0.0,0.0,0.0,0.0,0.0,0.0,0.0,0.0,0.0,0.0,0.138,1309.8622222222223,306.5438666666667,0.04466666666666667,306.5438666666667,40.73433706666666,-111.87211,296.35088888888885,32.43244444444444,878.7595555555556,106.22053333333334,0.5306666666666666,453864.8888888889,1980.8742222222224,142.37555555555554,13691851.013333334,0.0006827466666666,0.0001550399999999,0.0026501911111111,0.0004412888888888,0.0001434666666666,0.0195191511111111,0.0030784044444444,0.0181784235555555,2.3773937777777774,3.759027555555556,10.803205408001258,0.2853057614274614,1.9532463833259333,4.751534564206164,0.0036371878121878,0.2532445606671106,3.9740767755374256,0.0097599237743737,0.23734701182336185,0.330639107013357,0.2293317309616309,0.2231066085784586,0.0109598786935286,0.0694870623543123,0.1711792869944869,0.0628060661597661,0.00028365714532380343,0.0622746785196285,0.1833682341769341,0.1287289216302216,0.0205676492118992,0.008375573025123,5.2585,0.29025,0.15770027318961455,0.007,0.001,0.073,0.43775,0.188,0.07575,0.0085,0.01854,0.03174048051099058,2.880055288133999,0.3030867253750704,0.143075,0.0155,0.06629680837325941,0.00425,0.08461913994983601,0.02730723177553112,0.05225155846754202,1.1438166666666665,0.07810225158834264,0.1543728997784018,0.0759824374240951,0.027830845523439018,0.0075,0.0125,0.1863625,0.2441105773339015,0.00275,0.0095,0.10140104719627831,0.30994688911876106,0.03125,0.04352142857142855,0.10836732515643431,0.0215,0.02884740884642096,0.19795600144676045,0.005793298637475891,0.0040526315789473685,0.03994130586605714,0.008,0.018000000000000002,0.00575,0.02362444035821286,0.013418862310838203,0.0095,0.01601974967081074,0.01479477820320183,0.0586941731347901,0.004,0.006500000000000001,0.06382145573372447,0.05177668921902073,0.020375317630576487,0.0027446318825618,0.0048916715917415,0.0416657341269841,0.0064495591086691,0.0017217538650238,0.1596192177777778,37800.0,37859.0,874.8704088888888,31.450586666666666,297.81260444444445,49.235662222222224,3.3427555555555557,0.1987777777777778,0.013955555555555556,24.61610157777778,23.234927715555557,21.98192636,21.184974715555555,20.29385617333333,19.10013419111111,17.682204506666665,16.570732231111112,15.443361466666666,14.489552360000001,13.629917653333333,13.352386804444444,12.449124737777776,11.270047942222222,9.282960844444444,32.904451853333335,7.43334328,1.4466387333333333,0.5475014444444444,0.12273337777777776,0.12423561777777777,0.08232534222222224,0.06484788444444443,0.05238398222222222,0.045022195555555554,0.03695797333333333,0.03453476444444445,0.03366634222222222,0.03568466222222222,0.040823524444444446,0.05289392888888889,0.04132068444444444,0.04006890222222222,0.02637675111111111,0.025746777777777778,0.038810857777777784,1.846583778314122,13501812.10392812,1929.6552218227662,0.36455,0.12065,0.020475,0.056987499999999996,3.19225,0.0653277777777777,0.08107500000000001,0.0988125,0.0109598786935286,0.25520624999999997,0.00595555555555555,0.00747777777777775,0.0209444444444444,0.0340125,0.4607214285714286,0.0631666666666666,0.0,1.95464365316,0.11489166666666661,0.01144999999999995,0.0445928571428571,0.0177666666666666,0.0587333333333333,0.12614999999999996,0.0927833333333333,0.14515833333333328,0.1583083333333333,0.0316125,0.02578,0.01800625,0.1951875,0.0,1.192683333333333,0.04282,0.01233571428571425,0.40745,0.39152,0.02878,0.05985999999999995,0.51108,0.0,0.005925,0.08668999999999999,0.04397857142857135,0.0507571428571428,0.0473857142857142,0.034312499999999996,0.02954999999999995,0.04366666666666665,0.0,0.0209333333333333,0.01299375,0.0227636363636363,0.00419,,,,0.0228951227630924,0.03125,0.23205472371293323,3.6615793178982443,2.440905259238339,39.95163801582227,221.83333,328.08939,1.0,2024-07-19 10:30:00
2024-07-19 04:45:00,40.588,1.0,0.1389011955555555,0.1530771158569565,0.0019804367887797177,0.014797782077724982,3.938637333333333,3.356834811965812e-06,0.0,0.0,0.0,0.0,0.0,0.0,0.0,0.0,0.0,0.0,0.0,0.0,0.0,0.0,0.0,0.0,0.0,0.138,1310.0777777777778,295.2976888888889,0.04942222222222223,295.2976888888889,40.734332622222226,-111.87211,296.3273333333333,32.55733333333333,878.7017777777778,108.8224888888889,0.4853333333333333,457218.7555555556,1984.7582222222225,145.22533333333334,13789122.359555556,0.0007216133333333,0.0001512577777777,0.0026527733333333,0.0004726044444444,0.0001884933333333,0.0231680355555555,0.0024988799999999,0.0215487788805638,2.3639917886557886,3.6176377300477305,12.293227082058682,0.29002511998557,2.2160465862433862,5.857223809451659,0.0051278801346801,0.2856096107022607,4.225555547258297,0.0100457179172679,0.2642954897787398,0.3533261323472823,0.2555999888167388,0.2700836753487253,0.0117407169071669,0.0788906058682058,0.1918807304232804,0.077428042015392,0.00021292698577142434,0.0589944798460798,0.1986986527657527,0.1208730754689754,0.0157225375901875,0.0123652466089466,5.229749999999999,0.284625,0.16929896173254827,0.007,0.001,0.073,0.437375,0.1885,0.076875,0.00825,0.01777,0.03499332484051378,2.7840276440669998,0.3440433626875352,0.1585375,0.01575,0.0701484041866297,0.004625000000000001,0.09108649991055091,0.027653615887765562,0.053125779233771014,1.1069083333333334,0.09505112579417133,0.18978342768382644,0.08386631226592628,0.030597629353862874,0.00775,0.013250000000000001,0.17118125,0.24255528866695075,0.002875,0.00975,0.1108893745420853,0.2989734445593805,0.031625,0.04526071428571428,0.11018366257821716,0.02225,0.02792370442321048,0.18247800072338022,0.007552554909276086,0.004026315789473684,0.04428013574733502,0.008499999999999999,0.019,0.005875,0.030832330284053376,0.016565217448565473,0.010750000000000001,0.018009874835405372,0.013397389101600914,0.06334708656739506,0.006,0.00675,0.05941072786686224,0.047888344609510365,0.026389744894153983,0.0026941569019869,0.0047281129304029,0.0405012913331113,0.0061224943101343,0.0017164853557553,0.13989632,38700.0,38759.0,874.7994266666667,31.52306666666667,303.17733777777784,50.09056,3.4413422222222225,0.20103555555555555,0.014124444444444445,25.524353048888887,24.130467315555556,22.579313586666668,21.73960525777778,20.719958595555557,19.526408417777777,17.95224353777778,16.896189582222224,15.662825382222222,14.69668211111111,13.82521792,13.421179146666667,12.500497244444443,11.271775253333333,9.385834013333332,32.900907511111114,7.481738782222222,1.4501650355555555,0.5538840888888888,0.12725039999999999,0.13537534666666667,0.08022095111111112,0.07045717333333332,0.05398043111111111,0.043625364444444446,0.045770946666666666,0.04034838222222222,0.041065826666666666,0.03980969777777778,0.04367307555555556,0.06362913333333334,0.039451160000000006,0.036721133333333336,0.025358382222222222,0.028579462222222223,0.04275446222222222,2.0019969671349767,13597733.352158884,1933.5193540048122,0.36524999999999996,0.12489999999999998,0.015577500000000001,0.05944375,3.1272,0.0755027777777777,0.085875,0.10226874999999999,0.0117407169071669,0.26594687499999997,0.0029777777777777754,0.007644444444444425,0.02033888888888885,0.02645625,0.4920964285714286,0.0624166666666666,0.0,2.1031469978116304,0.12433749999999996,0.010413888888888825,0.0468678571428571,0.01596111111111105,0.06201666666666665,0.12670833333333328,0.09529999999999994,0.15072916666666664,0.16387916666666663,0.03113125,0.028630000000000003,0.018165625,0.18441875,0.0,1.1802083333333333,0.04318,0.012189285714285675,0.39154999999999995,0.40088,0.03123,0.06427999999999998,0.52036,0.0,0.0088875,0.089775,0.052274999999999926,0.05234999999999995,0.0490357142857142,0.036,0.03475357142857138,0.04487499999999998,0.0,0.02081666666666665,0.019490625,0.02007727272727265,0.0020949999999999996,,,,0.025729797525627283,0.033125,0.23404841573952664,3.6482166196940398,2.3349641889356447,38.64551543572496,279.33334,327.64038,1.0,2024-07-19 10:45:00
2024-07-19 05:00:00,38.77111111111112,1.0,0.1486594666666666,0.14665167675662738,0.0019474262055675603,0.014039255135795195,3.945620519150849,2.8670563602693604e-06,4.1482018079022215e-11,1.7823699987555553e-10,0.0,2.1352792827704574e-15,1.933109949335235e-14,3.346340105326362e-13,0.0,9.393490419031255e-17,3.0856090068151112e-12,2.166096816929379e-12,2.963014359826626e-17,7.369101414222222e-10,1.840747022058742e-11,1.2558135608888888e-10,1.0166965617777778e-09,2.399366758042775e-14,3.1136409289155737e-16,0.138,1310.3422222222223,358.5396,0.052844444444444444,358.5396,40.734332844444445,-111.87211,295.8233333333333,33.492888888888885,878.772,113.79111111111112,0.7426666666666666,459630.0444444444,1985.7093333333328,149.99022222222223,13868249.397333331,0.00076696,0.0001197155555555,0.0024040977777777,0.0004538933333333,0.00019512,0.0192813866666666,0.0031233111111111,0.0462360230931105,3.471243597125097,4.881468016835017,14.053199546275946,0.277590567032967,2.2072663669108668,5.760714371672772,0.0038713536019536,0.2926444473748474,4.200802886935287,0.0148710068376068,0.2619546726495726,0.3485483054945055,0.1812452979242979,0.2931420102564103,0.0138614163614163,0.0361149543345543,0.1990167323565323,0.0771139462759462,0.00014219682621904525,0.062500682051282,0.2040644168498168,0.1131882945054945,0.0174096752136752,0.0120508913308913,5.201,0.279,0.094,0.007,0.001,0.073,0.437,0.189,0.078,0.008,0.017,0.04,2.688,0.385,0.174,0.016,0.074,0.005,0.08,0.028,0.054,1.07,0.112,0.226,0.099,0.035,0.008,0.014,0.156,0.241,0.003,0.01,0.137,0.288,0.032,0.047,0.112,0.023,0.027,0.167,0.008,0.004,0.051,0.009,0.02,0.006,0.032,0.019,0.012,0.02,0.012,0.068,0.008,0.007,0.055,0.044,0.029,0.0026431266200466,0.004600358088578,0.0393318216283716,0.0057756267854367,0.0016994431468531,0.1365273466666666,39600.0,39659.0,874.8799111111111,31.558373333333336,301.1737822222222,49.85389333333333,3.468591111111111,0.20320888888888888,0.014106666666666667,25.68639403111111,24.009563319999998,22.60773791111111,21.575241013333333,20.55768583111111,19.250363133333334,17.908079924444444,16.83753702222222,15.549804595555555,14.474782933333334,13.67645676,13.167608564444443,12.40279606222222,11.256859151111112,9.196965173333332,32.61853090666667,7.417885182222222,1.4581104177777777,0.5722449199999999,0.12834277333333333,0.12850775555555555,0.08146697777777777,0.06121954666666666,0.05421483111111111,0.044054364444444445,0.044703057777777784,0.03975066666666667,0.040209133333333334,0.037520373333333336,0.04372479111111111,0.06133766222222222,0.03771442666666667,0.03892312,0.032775684444444446,0.02944989333333333,0.045247088888888884,2.0371717433254064,13675762.129668629,1934.4655998990302,0.36595,0.12915,0.01068,0.0619,3.06215,0.0856777777777777,0.090675,0.105725,0.0138614163614163,0.2766875,0.0,0.0078111111111111,0.0197333333333333,0.0189,0.5234714285714286,0.0616666666666666,0.0,2.136757864117659,0.1337833333333333,0.0093777777777777,0.0491428571428571,0.0141555555555555,0.0653,0.1272666666666666,0.0978166666666666,0.1563,0.16945,0.03065,0.03148,0.018325,0.17365,0.0,1.1677333333333333,0.04354,0.0120428571428571,0.37565,0.41024,0.03368,0.0687,0.52964,0.0,0.01185,0.09286,0.0605714285714285,0.0539428571428571,0.0506857142857142,0.0376875,0.0399571428571428,0.0460833333333333,0.0,0.0207,0.0259875,0.017390909090909,0.0,,,,0.03876,0.035,0.4,5.4,3.2819314320333146,36.0,315.83334,327.19135,1.0,2024-07-19 11:00:00
2024-07-19 05:15:00,39.52444444444445,1.0,0.1368360177777777,0.14022623765629832,0.0019144156223554025,0.013280728193865408,3.8647837584570985,2.6714856807081804e-06,7.345163863106178e-09,2.588099960616e-08,2.774060212078756e-32,4.842493462205677e-12,1.3621136800588905e-11,1.5301406797694027e-10,1.0851792903788801e-32,2.3083724052555825e-12,9.86487111085852e-10,7.222723751452121e-10,5.932322375680738e-14,9.625711517515557e-08,4.944552434495947e-09,1.6860181206933334e-08,1.4035792276977777e-07,1.177097268943584e-11,1.5697861875686913e-12,0.138,1309.1013333333333,349.5912,0.0516,349.5912,40.73433933333333,-111.87211,295.49977777777775,33.92,878.9173333333332,115.94102222222222,0.6853333333333332,458610.97777777776,1984.5573333333332,147.8022222222222,13876491.736,0.0007741555555555,0.0001014711111111,0.0024486888888888,0.0004612355555555,0.0001951066666666,0.0182981911111111,0.0037187288888888,0.0470752742857142,3.236482476190476,4.7131947301587305,19.6687172,0.2734876888888889,2.1713102666666666,6.321363644444444,0.0043666666666666,0.2784788444444445,4.1679912,0.0129712444444444,0.25147755555555557,0.3358494222222222,0.2556659555555555,0.4354297333333333,0.0203846222222222,0.0384356,0.2715329333333333,0.0958982222222222,7.146666666666626e-05,0.0631321333333333,0.1932765333333333,0.1042293777777777,0.0209781777777777,0.0092196888888888,5.0184999999999995,0.26775000000000004,0.16932808919360595,0.00675,0.000875,0.073,0.437375,0.188625,0.076,0.008,0.023385000000000003,0.04750917753751083,2.7610584688711715,0.41646583501934326,0.1796375,0.015,0.06985167495479519,0.004875,0.08610443753594701,0.03227822455006121,0.06933788697526294,1.0752333333333333,0.12269997726043781,0.31441852312196356,0.08107791410608522,0.029619062964084928,0.012961046512896292,0.013125,0.183475,0.3202655261806726,0.002875,0.009625,0.14739727205294348,0.2845832689757882,0.02975,0.0561892857142857,0.14505567599261115,0.0215,0.03135892848341152,0.2533676690212413,0.009774811373859405,0.0039223972954968225,0.06097449618091991,0.008749999999999999,0.018625,0.00575,0.03993718910448751,0.02053962877042176,0.010875,0.020540114232094404,0.018660814244395352,0.06919878870732257,0.0082875,0.007021425708225219,0.07702016307500748,0.06356140599485312,0.033987046140989734,0.0026171884082584,0.0044533145587745,0.0377283193528693,0.005688851010101,0.0016991966933066,0.1361999822222222,40500.0,40559.0,875.016751111111,31.60352,292.0018666666667,48.53927111111111,3.3502755555555552,0.20183555555555557,0.01376,24.10427108888889,22.740963337777778,21.440892257777776,20.71920931111111,19.925337275555556,18.60980298666667,17.336738484444442,16.456272688888888,15.192163804444444,14.224853426666666,13.435514537777777,13.015565524444444,12.267987844444443,11.05690242222222,9.128293146666666,32.21126529777778,7.269021551111111,1.413148968888889,0.5444368977777778,0.1169328,0.12070005333333333,0.07685360000000001,0.057707897777777774,0.05177585333333333,0.04512397333333333,0.040417857777777774,0.03664466222222222,0.038764671111111114,0.038321982222222224,0.04355736444444445,0.06908997333333335,0.042436244444444444,0.04537356444444444,0.025315666666666667,0.02525510666666667,0.03501063555555555,2.019407655890879,13683890.06707212,1933.3194927224813,0.429975,0.146,0.0096325,0.069615625,3.1047625,0.0884166666666666,0.10071875,0.09729375,0.0203846222222222,0.31958125,0.00475555555555555,0.005858333333333325,0.020897222222222175,0.033562499999999995,0.6035285714285714,0.06658611111111105,0.0,2.119783587875556,0.163925,0.010780555555555476,0.057796428571428526,0.013758333333333275,0.08043333333333333,0.14686666666666662,0.10966666666666659,0.1840625,0.1893875,0.0327625,0.034245,0.020115625,0.1967125,0.0022875,1.1485333333333334,0.047545000000000004,0.015128571428571375,0.38244374999999997,0.449145,0.040605,0.080425,0.570205,0.00314375,0.012487499999999999,0.089425,0.06457499999999992,0.06233214285714282,0.05727499999999992,0.040109375,0.0350321428571428,0.049770833333333306,0.009825,0.023608333333333325,0.023543750000000002,0.016354545454545375,0.0,,,,0.024727219218617494,0.034,0.24914829852591988,4.518149406341099,3.1558470265267022,37.66325543127089,328.33334,326.74234,1.0,2024-07-19 11:15:00
2024-07-19 05:30:00,39.59555555555556,1.0,0.1297152355555555,0.1338007985559692,0.0018814050391432451,0.012522201251935622,3.777068454008214,2.7091704785103785e-06,1.987911111111111e-07,5.61924e-07,7.282166446285753e-30,1.886707822222222e-10,5.621756399999999e-10,5.963222488888888e-09,2.8817988280093916e-30,8.08491631111111e-11,3.585643511111111e-08,2.696833288888889e-08,2.2561784444444447e-12,1.464350311111111e-06,1.6925806666666667e-07,1.6447035555555555e-07,1.8230257777777776e-06,4.5764004444444444e-10,5.6732064444444444e-11,0.138,1308.7102222222222,323.97031111111113,0.0484,323.97031111111113,40.73434,-111.87211,295.4033333333333,34.22177777777778,879.0693333333334,117.49671111111111,0.7266666666666667,457829.15555555554,1980.8946666666664,154.54666666666665,13867489.989333332,0.0007405555555555,0.0001274088888888,0.0026229422222222,0.00049432,0.0001844311111111,0.0197252533333333,0.0044794888888888,0.0777391391111111,3.5416671111111118,4.971062222222222,15.805082844444446,0.2868578666666667,1.9972221777777777,5.365783511111112,0.0039451555555555,0.2686821777777777,4.076510266666667,0.0098242666666666,0.25451853333333335,0.3232197777777778,0.2469925777777777,0.3334521333333333,0.0116969333333333,0.0563988444444444,0.2114452888888889,0.0803697777777777,0.0003759852665557611,0.0573374222222222,0.1784318222222222,0.1112941777777777,0.0195491111111111,0.0096469333333333,4.835999999999999,0.2565,0.16549837928233047,0.006500000000000001,0.00075,0.073,0.43775,0.18825,0.074,0.008,0.02977,0.03806752897914706,2.8341169377423427,0.4479316700386865,0.185275,0.014,0.06570334990959038,0.00475,0.08250412169039967,0.03655644910012243,0.08467577395052589,1.0804666666666667,0.1333999545208756,0.2375495123727908,0.07344382089557755,0.02693993803141727,0.017922093025792583,0.01225,0.21095000000000003,0.39953105236134523,0.00275,0.00925,0.11985662050908266,0.28116653795157637,0.0275,0.0653785714285714,0.17811135198522232,0.02,0.035717856966823044,0.33973533804248257,0.007906492512583286,0.003844794590993645,0.04838068512093671,0.008499999999999999,0.01725,0.0055,0.032282456298180696,0.017198219822609002,0.00975,0.021080228464188812,0.0253216284887907,0.07039757741464514,0.008575,0.007042851416450439,0.09904032615001496,0.08312281198970622,0.027599763016617648,0.0026353055255855,0.0044524125385725,0.0377700732201132,0.0057730225208125,0.0017198167532467,0.1246324088888889,41400.0,41459.0,875.1456533333333,31.747244444444444,291.34064,48.184168888888884,3.3095688888888892,0.20096444444444445,0.013537777777777779,24.28796820888889,22.8033628,21.545374062222223,20.67704514222222,19.89507576888889,18.592971560000002,17.289644404444445,16.45458563111111,15.106623680000002,14.085109368888888,13.389497044444445,12.872244862222223,12.20394852888889,11.03063168,9.077319942222223,32.033968915555555,7.173363911111111,1.4119490088888889,0.5228445822222222,0.12744211555555557,0.11657401777777779,0.07218469777777779,0.056263306666666665,0.04783806222222222,0.04566562666666667,0.03722856888888889,0.039638973333333334,0.03139423555555555,0.03479993333333333,0.04804736,0.06026755555555555,0.044663911111111114,0.03898928,0.023342697777777775,0.02405840888888889,0.03873629333333333,1.8927083499023154,13675013.262030773,1929.6755616877815,0.494,0.16285,0.008585,0.07733124999999999,3.1473750000000003,0.09115555555555549,0.1107625,0.0888625,0.0116969333333333,0.362475,0.0095111111111111,0.00390555555555555,0.022061111111111052,0.048225,0.6835857142857142,0.0715055555555555,0.0,1.998717474715556,0.19406666666666667,0.012183333333333251,0.06644999999999995,0.01336111111111105,0.09556666666666665,0.1664666666666666,0.1215166666666666,0.21182499999999999,0.20932499999999998,0.034875,0.03701,0.021906250000000002,0.219775,0.004575,1.1293333333333333,0.05155,0.01821428571428565,0.3892375,0.48805,0.04753,0.09215,0.61077,0.0062875,0.013125,0.08599,0.06857857142857135,0.07072142857142855,0.06386428571428565,0.04253125,0.0301071428571428,0.0534583333333333,0.01965,0.026516666666666647,0.0211,0.015318181818181748,0.0,,,,0.02198235431489729,0.033,0.26728712868228666,4.82243932449317,3.3490628962497024,37.72893098526699,340.83334,326.29333,1.0,2024-07-19 11:30:00
2024-07-19 05:45:00,37.46622222222222,1.0,0.1658286888888888,0.12737535945564016,0.0018483944559310873,0.011763674310005835,3.717685555387945,6.808230666666667e-06,4.358055422222222e-06,1.2623681333333334e-05,2.8736561777777778e-28,4.079094888888888e-09,1.2017925777777776e-08,1.2754135555555555e-07,1.1442918933333334e-28,1.815252088888889e-09,7.689418222222221e-07,5.757717333333333e-07,4.919843955555555e-11,3.4293770666666664e-05,3.6289939999999997e-06,4.190004444444444e-06,4.310130222222222e-05,9.806808888888888e-09,1.2657185777777778e-09,0.138,1309.1373333333333,355.2941777777778,0.04622222222222223,355.2941777777778,40.73434,-111.87211,295.3122222222222,35.03911111111111,879.1435555555556,121.09004444444444,1.1626666666666667,461894.4,1984.395555555556,174.58088888888886,13963080.404888889,0.0007788933333333,6.337333333333333e-05,0.0025526577777777,0.0005144355555555,0.0001583555555555,0.0176134755555555,0.0047325111111111,0.7267831075555555,5.818372444444444,7.837466222222223,11.766895822222224,0.2973491111111111,2.053318977777778,5.345593022222222,0.0038273777777777,0.2766888444444444,3.968277244444444,0.0082202222222222,0.23957897777777776,0.3121796,0.1069569333333333,0.3302833777777778,0.0143596444444444,0.05123806913580242,0.2180897777777777,0.0847954666666666,0.0006805038664448559,0.0517887999999999,0.1797085777777777,0.0883892444444444,0.0149655555555555,0.0129255555555555,4.653499999999999,0.24525000000000002,0.10366596413781853,0.00625,0.000625,0.073,0.438125,0.18787500000000001,0.072,0.008,0.036155,0.03911158603145578,2.907175406613514,0.47939750505802975,0.19091249999999998,0.013000000000000001,0.06155502486438557,0.004625,0.07935691298109371,0.040834673650183645,0.10001366092578884,1.0857,0.14409993178131342,0.23516095738756368,0.07410040968637246,0.027170362700257775,0.02288313953868888,0.011375,0.23842500000000003,0.47879657854201785,0.002625,0.008875000000000001,0.12290206445796524,0.27774980692736456,0.02525,0.0745678571428571,0.2111670279778335,0.0185,0.04007678545023456,0.42610300706372384,0.008438973280688135,0.0037671918864904674,0.04977330815401619,0.00825,0.015875,0.00525,0.03446409567934907,0.018150539065304262,0.008625,0.021620342696283216,0.03198244273318605,0.0715963661219677,0.0088625,0.007064277124675659,0.12106048922502241,0.10268421798455935,0.02942017252736129,0.0026195928615828,0.0042062294627594,0.0358408101565101,0.0058030696481296,0.0017099583738483,0.1123796355555555,42300.0,42359.0,875.2260311111112,31.757404444444443,296.6928488888889,48.90777777777778,3.3597333333333332,0.20079111111111111,0.013893333333333334,25.742535173333334,23.876871675555556,22.19354858222222,21.20043419111111,20.20193072888889,18.870554604444447,17.589207964444444,16.585125666666666,15.242564964444446,14.223551488888889,13.369245422222223,13.01290764888889,12.157984213333332,11.09111956,9.21834304888889,31.930682875555554,7.190469733333333,1.4374991911111112,0.6044467155555556,0.13812994222222222,0.12549447555555554,0.08401685333333334,0.06728050666666666,0.06087569333333333,0.04853038666666667,0.04258188444444445,0.03622172444444445,0.03806105333333333,0.03768188888888889,0.049680902222222226,0.060454044444444445,0.04254349333333333,0.03368004444444444,0.022189208888888888,0.02240029777777778,0.043990395555555555,1.9809421804983849,13769276.910423579,1933.1585424862692,0.558025,0.1797,0.0075375,0.085046875,3.1899875,0.09389444444444439,0.12080625,0.08043125,0.0143596444444444,0.40536875,0.01426666666666665,0.0019527777777777755,0.023224999999999926,0.0628875,0.7636428571428572,0.07642499999999995,0.0,2.083028330533884,0.22420833333333334,0.013586111111111025,0.07510357142857137,0.012963888888888823,0.11069999999999997,0.1860666666666666,0.1333666666666666,0.23958749999999998,0.2292625,0.0369875,0.039775000000000005,0.023696875,0.2428375,0.0068625000000000005,1.1101333333333332,0.055555,0.021299999999999927,0.39603125,0.5269550000000001,0.054454999999999996,0.103875,0.651335,0.009431249999999999,0.0137625,0.08255499999999999,0.07258214285714278,0.07911071428571427,0.07045357142857137,0.044953125,0.0251821428571428,0.0571458333333333,0.029475,0.029424999999999972,0.01865625,0.014281818181818125,0.0,,,,0.022218433110155963,0.032,0.651221064429268,7.092469988771345,5.496812259326163,35.76235861529646,353.33334,326.16345,1.8760655616037578,2024-07-19 11:45:00
2024-07-19 06:00:00,39.25422222222223,1.0,0.1356939955555555,0.12094992035531105,0.00181538387271893,0.011005147368076049,3.570918388909979,2.9976237333333334e-05,4.4935466666666664e-05,0.00014347783555555555,2.3986604444444445e-27,3.298196888888889e-08,1.0328527555555556e-07,1.1234363555555555e-06,9.557977333333334e-28,1.2956457777777777e-08,7.023407111111112e-06,5.243799111111111e-06,3.8808924444444446e-10,0.00046664502222222223,3.404184e-05,7.231994666666667e-05,0.000639991288888889,8.563312e-08,9.323672888888888e-09,0.138,1308.9604444444444,349.3833777777778,0.049911111111111114,349.3833777777778,40.73434,-111.87211,295.1691111111111,35.425777777777775,879.2755555555556,121.59715555555555,1.5768888888888888,459624.5333333334,1982.8977777777775,176.18222222222224,13816948.558666669,0.0009723555555555,6.565444444444444e-05,0.0025329422222222,0.0004952933333333,0.0001552222222222,0.0171741777777777,0.0045672711111111,0.329817479009694,4.514855194046695,6.908525733821734,11.7880276,0.3069612444444444,1.9814612444444444,5.188538888888889,0.0032900444444444,0.2618980888888889,3.9309686666666663,0.0063240888888888,0.21573399999999998,0.3037750222222222,0.0719225777777777,0.2744054666666666,0.0080347111111111,0.04607729382716044,0.1921513777777778,0.0730264444444444,0.0009850224663339507,0.0518046666666666,0.1803246222222222,0.0811707111111111,0.0117308888888888,0.0101460444444444,4.471,0.234,0.23064816554304515,0.006,0.0005,0.073,0.4385,0.1875,0.07,0.008,0.04254,0.04207523788438024,2.9802338754846853,0.510863340077373,0.19655,0.012,0.05740669981918076,0.0045000000000000005,0.07257322501883559,0.04511289820024486,0.11535154790105177,1.0909333333333333,0.15479990904175123,0.19304112175854984,0.1328364601255303,0.02713629016020622,0.02784418605158517,0.0105,0.2659,0.5580621047226905,0.0025,0.0085,0.11473215381972883,0.27433307590315276,0.023,0.0837571428571428,0.24422270397044465,0.017,0.044435713933646086,0.5124706760849651,0.008218612045952598,0.00368958918198729,0.04887168669600977,0.008,0.014499999999999999,0.005,0.02854696089635275,0.01772043125224341,0.0075,0.02216045692837762,0.038643256977581406,0.07279515482929026,0.00915,0.007085702832900878,0.1430806523000299,0.12224562397941247,0.035241673564242994,0.0026762602797202,0.0042145293240093,0.0360166497213897,0.0059432319369519,0.0016324715673215,0.1129840711111111,43200.0,43259.0,875.3583288888889,31.734693333333333,296.13096,48.66837333333333,3.3148666666666666,0.19875111111111113,0.013720000000000001,25.494274564444442,23.915062164444446,22.18626844888889,21.131799982222223,20.20650416,18.866672404444444,17.592266155555553,16.551194315555556,15.310105795555556,14.30719959111111,13.336813897777777,12.999063817777778,12.173097431111112,11.023577577777779,9.17392484888889,31.67471031111111,7.180175266666667,1.4772294488888889,0.6006357333333334,0.12808571555555556,0.1292359422222222,0.08959563111111112,0.06182178222222222,0.056438595555555554,0.04486849333333333,0.04155983111111112,0.03736092,0.038614213333333335,0.03595992888888889,0.04477078222222222,0.06076133777777778,0.044937733333333334,0.03256579111111111,0.022712595555555555,0.022267995555555555,0.03883600888888889,1.919276425255175,13625173.331720367,1931.668426288363,0.62205,0.19655,0.00649,0.0927625,3.2326,0.0966333333333333,0.13085,0.072,0.0080347111111111,0.4482625,0.0190222222222222,0.0,0.0243888888888888,0.07755,0.8437,0.0813444444444444,0.0,2.024104303727887,0.25435,0.0149888888888888,0.0837571428571428,0.0125666666666666,0.1258333333333333,0.2056666666666666,0.1452166666666666,0.26735,0.2492,0.0391,0.04254,0.0254875,0.2659,0.00915,1.0909333333333333,0.05956,0.0243857142857142,0.402825,0.56586,0.06138,0.1156,0.6919,0.012575,0.0144,0.07912,0.0765857142857142,0.0875,0.0770428571428571,0.047375,0.0202571428571428,0.0608333333333333,0.0393,0.0323333333333333,0.0162125,0.0132454545454545,0.0,,,,0.0456899999999999,0.031,0.1,8.2,5.7,34.0,368.16666,326.70743,0.8805704196169577,2024-07-19 12:00:00
2024-07-19 06:15:00,40.116,1.0,0.1247524488888889,0.11452448125498194,0.0017823732895067726,0.010246620426146262,3.555865296814297,0.00011972815555555555,0.00020692884444444443,0.0006980928888888889,7.906657777777778e-27,1.4213626666666666e-07,4.4388915555555556e-07,4.827177777777778e-06,3.0035635555555555e-27,4.648871111111111e-08,3.0552013333333334e-05,2.2586346666666666e-05,1.5961551111111111e-09,0.0025520875555555553,0.0001489344888888889,0.0004779244444444444,0.003779590222222222,3.6745604444444447e-07,3.445914666666667e-08,0.138,1308.944,148.82288888888888,0.04986666666666666,148.82288888888888,40.73434,-111.87211,295.08866666666665,35.376444444444445,879.3875555555555,124.11804444444445,1.466222222222222,459154.9333333333,1986.7084444444445,184.2875555555556,13699719.179111108,0.0010264222222222,6.793555555555556e-05,0.0024906177777777,0.00048552,0.0001891866666666,0.0152688533333333,0.0045735333333333,0.2319694451844452,4.0428393458393455,5.559726334868835,34.49692955555555,0.2729773333333333,1.9481716888888887,5.2122132444444444,0.0044677777777777,0.2577086666666666,4.403242933333333,0.0081593777777777,0.2279642222222222,0.3055205777777778,0.0733266222222222,0.2698996888888889,0.0112148,0.04091651851851847,0.1872688444444444,0.0725144444444444,0.0012895410662230454,0.0513622222222222,0.1854820444444444,0.0733388,0.0126463111111111,0.0086003555555555,4.2885,0.22275,0.0888165779953762,0.00575,0.000375,0.073,0.438875,0.18712499999999999,0.068,0.008,0.034405000000000005,0.0410087338517009,1.9043067234701567,0.37226272085685985,0.1861625,0.011,0.06755502486438557,0.004375,0.07307055999195175,0.03783467365018364,0.09376366092578883,0.94945,0.1345999317813134,0.1896447417649691,0.11962734509414773,0.027102217620154665,0.022633139538688878,0.009625,0.24417500000000003,0.46354657854201786,0.002375,0.008125,0.1118310609402633,0.24924980692736456,0.020749999999999998,0.0700678571428571,0.1989170279778335,0.0155,0.036826785450234566,0.4126030070637238,0.008149007047523795,0.0036119864774841123,0.047622892006942884,0.00775,0.013125,0.00475,0.02828148042873439,0.017290323439182558,0.006375,0.019870342696283214,0.030732442733186052,0.06759636612196769,0.0086125,0.007020623260119704,0.11656048922502242,0.09868421798455934,0.026292177323947806,0.0026504069397269,0.0042466234842934,0.0348391437828837,0.0058327592096792,0.0014412963070263,0.1241925555555555,44100.0,44159.0,875.4633466666667,31.769244444444446,292.23554666666666,47.95661333333333,3.1905377777777777,0.19481333333333334,0.013324444444444444,24.318464426666665,22.919716186666665,21.54565971111111,20.767957235555556,19.910346786666665,18.707178617777778,17.399155937777778,16.4565406,15.33247896,14.216617462222223,13.368371115555556,13.048028791111111,12.248601542222222,11.107043195555555,9.115205346666666,31.730053235555555,7.194685502222223,1.415023311111111,0.5770041155555555,0.12394356888888888,0.11771309777777778,0.07201601777777779,0.062004479999999994,0.05232163555555556,0.04918724,0.03824137777777778,0.03475050666666667,0.034367013333333335,0.03208055555555556,0.03743208,0.048907248888888886,0.04017839111111111,0.03184619111111111,0.025015279999999997,0.02061976888888889,0.03680958222222222,1.833218352617,13509571.061853576,1935.4596002589392,0.615875,0.16339429939460878,0.0048675,0.0874125,4.352539054534816,0.09660555555555553,0.12350625,0.07168125,0.0112148,0.419253125,0.01672777777777775,0.0019861111111111,0.023080555555555476,0.08058125,0.7977928571428572,0.07756111111111108,0.0,1.941872469235556,0.11930213640086092,0.013961111111111025,0.08283571428571422,0.009424999999999949,0.12711249999999996,0.20408333333333328,0.15724583333333328,0.2638125,0.2637541666666667,0.03945625,0.042765,0.02566875,0.24188125000000002,0.0186625,0.9639249999999999,0.05847,0.021207142857142775,0.38687499999999997,0.54751,0.05708,0.10843,0.705465,0.009431249999999999,0.01436875,0.11555499999999999,0.07381785714285707,0.09123571428571427,0.0808321428571428,0.03946875,0.025128571428571375,0.06491666666666662,0.03820416666666665,0.030204166666666622,0.019840625,0.012652272727272675,0.0,,,,0.04359249999999992,0.03,0.35852015957249705,5.322142261127589,3.790139231966068,38.20959394607589,385.66666,328.70807,0.8038981195609941,2024-07-19 12:15:00
2024-07-19 06:30:00,35.86888888888889,1.0,0.1672944133333333,0.10809904215465288,0.0017493627062946148,0.009488093484216475,3.6026679422222223,0.0003086509333333333,0.0005552746666666667,0.002003721777777778,1.479835111111111e-26,3.9632666666666663e-07,1.1599844444444443e-06,1.2433524444444445e-05,5.624497777777778e-27,1.1952702222222223e-07,7.849248888888889e-05,5.697248888888889e-05,4.3250977777777775e-09,0.008557133333333333,0.0003783791111111111,0.0020091964444444443,0.013939648888888889,9.52488888888889e-07,8.787848888888888e-08,0.138,1308.984888888889,118.66773333333335,0.046799999999999994,118.66773333333335,40.73434,-111.87211,295.1842222222222,35.564,879.4026666666666,127.61955555555555,1.0502222222222222,464515.6,1990.592,205.3391111111111,13819888.496888887,0.0008224133333333,7.021666666666666e-05,0.0023876133333333,0.0005610622222222,0.0002086133333333,0.0144634444444444,0.0050639155555555,0.5776240533333333,7.7894471111111105,9.502980444444445,30.120373312670665,0.2522956090964591,2.10672191985977,5.811303175073076,0.0043404804750804,0.2705642284197284,4.055840576216377,0.0098876203999704,0.24410578581418582,0.3167594786028786,0.0959478383912384,0.3133609556018056,0.0184231766529766,0.03575574320987649,0.2104307765475265,0.0832276252210752,0.0015940596661121402,0.0544071959688459,0.2104588999777999,0.0800164413567913,0.0093057309264809,0.0100378863062863,4.106,0.21150000000000002,0.09880492371110763,0.0055,0.00025,0.073,0.43925000000000003,0.18675,0.066,0.008,0.02627,0.04606805291951711,1.981032259644401,0.4694389832732646,0.17577500000000001,0.01,0.07770334990959038,0.00425,0.0762726914978307,0.03055644910012243,0.07217577395052588,0.8079666666666667,0.11439995452087562,0.22240511833911733,0.10641823006276516,0.02706814508010311,0.017422093025792583,0.00875,0.22245,0.36903105236134526,0.0022500000000000003,0.00775,0.12559336663517195,0.22416653795157637,0.0185,0.056378571428571396,0.15361135198522233,0.013999999999999999,0.029217856966823042,0.31273533804248255,0.009605434647377056,0.003534383772980935,0.05354696785531182,0.0075,0.01175,0.0045000000000000005,0.03383644183939835,0.016860215626121704,0.0052499999999999995,0.01758022846418881,0.022821628488790702,0.06239757741464513,0.008075,0.008382360033695146,0.09004032615001495,0.07512281198970623,0.031232794521623752,0.0026187103585303,0.0042407567210567,0.034896146036186,0.0056215428882228,0.0014871562748362,0.1192683688888889,45000.0,45059.0,875.5333733333333,31.836413333333333,303.8877688888889,49.96192,3.5434844444444447,0.20624444444444442,0.014173333333333333,28.14900908888889,25.59538964888889,23.373675546666668,21.928719017777777,20.788432266666668,19.20830708,17.668737733333334,16.658058013333335,15.366480408888888,14.258681315555554,13.424486102222223,13.084357222222222,12.172322035555556,11.085420937777776,9.121832684444446,31.62630764,7.257905244444444,1.4605866799999998,0.6281833422222223,0.14277815111111108,0.12943288444444445,0.08761017777777778,0.07663152,0.06576444,0.059950635555555555,0.051286599999999995,0.044181488888888884,0.04045522666666666,0.034191186666666665,0.04921254666666666,0.05993554222222222,0.04664495111111111,0.038401373333333336,0.024472484444444446,0.029518302222222223,0.05037595555555555,1.9963647084342235,13628072.464455225,1939.3232902700065,0.6097,0.1972120052288587,0.003245,0.0820625,4.85498811145569,0.09657777777777775,0.1161625,0.0713625,0.0184231766529766,0.39024375,0.014433333333333302,0.0039722222222222,0.02177222222222215,0.0836125,0.7518857142857143,0.07377777777777775,0.0,2.097765155631111,0.14576354631548455,0.01293333333333325,0.08191428571428565,0.0062833333333333,0.1283916666666666,0.20249999999999996,0.16927499999999995,0.260275,0.2783083333333333,0.0398125,0.04299,0.025849999999999998,0.21786250000000001,0.028175,0.8369166666666666,0.05738,0.018028571428571352,0.370925,0.5291600000000001,0.052779999999999994,0.10125999999999999,0.71903,0.0062875,0.0143375,0.15199000000000001,0.07104999999999995,0.09497142857142854,0.08462142857142849,0.0315625,0.02999999999999995,0.06899999999999995,0.0371083333333333,0.028074999999999947,0.02346875,0.01205909090909085,0.0,,,,0.04149499999999995,0.029,0.562987869878386,9.057766010792882,6.744754667295368,34.28712148365922,403.16666,332.27902,0.8157187441637017,2024-07-19 12:30:00
2024-07-19 06:45:00,35.35333333333334,1.0,0.1740737422222222,0.10167360305432377,0.0017163521230824574,0.008729566542286689,3.5043532444444443,0.0006080061777777778,0.0011459124444444446,0.004344324444444445,2.2173422222222223e-26,8.408844444444444e-07,2.2781777777777776e-06,2.425697777777778e-05,8.41323111111111e-27,2.609151111111111e-07,0.00015338564444444442,0.00010903284444444445,9.159000000000001e-09,0.01974756888888889,0.0007355582222222223,0.004711413333333333,0.03274924444444444,1.874259111111111e-06,1.8404946666666666e-07,0.138,1308.4115555555554,292.3886222222222,0.0468,292.3886222222222,40.73434,-111.87211,295.1491111111111,35.955555555555556,879.483111111111,131.13680000000002,1.6119999999999999,463853.02222222224,1983.9,255.896,13729908.142666666,0.0006833422222222,7.249777777777778e-05,0.0022771955555555,0.0005366933333333,0.0002346577777777,0.01461852,0.0029756533333333,1.2184834222222225,8.608243111111111,12.092420888888888,21.3901980484127,0.2278354916065416,2.07344377936508,5.541533143795093,0.0035200529822029,0.2743909949735449,3.854936786700337,0.0113602254208754,0.2685118651755652,0.323830082010582,0.1734724172438672,0.501321315921116,0.0272513033189033,0.03059496790123451,0.3181006593795094,0.1444380239057239,0.001898578266001235,0.0493203395141895,0.2294782355940356,0.0723579554353054,0.0078270266714766,0.008779691029341,3.9234999999999998,0.20025,0.1330357223233917,0.00525,0.000125,0.073,0.439625,0.186375,0.064,0.008,0.018135000000000002,0.06958665615248753,1.8488216395739485,0.7028150627111172,0.1653875,0.009000000000000001,0.08785167495479519,0.004125,0.07828721251636445,0.023278224550061215,0.05058788697526294,0.6664833333333333,0.0941999772604378,0.3640864969732825,0.09320911503138257,0.027034072540051555,0.012211046512896291,0.007875,0.200725,0.2745155261806726,0.002125,0.007375,0.18956841997157164,0.19908326897578818,0.01625,0.042689285714285694,0.10830567599261115,0.012499999999999999,0.02160892848341152,0.21286766902124127,0.017926820788532083,0.0034567810684777572,0.08108545426667584,0.0072499999999999995,0.010374999999999999,0.00425,0.06557504587437228,0.016430107813060854,0.004125,0.015290114232094405,0.014910814244395353,0.05719878870732256,0.0075375,0.01616272447932467,0.06352016307500748,0.05156140599485312,0.05946130617687876,0.0025997329326229,0.0045018736174936,0.0334513835397935,0.0053623959007659,0.001454547016317,0.0748073777777777,45900.0,45959.0,875.6358622222222,31.900044444444447,305.97690666666665,50.78313333333334,3.771306666666667,0.2151688888888889,0.014666666666666666,28.51303192,25.833307093333335,23.655265555555555,22.195863168888888,20.97735125333333,19.39975420444444,17.789099062222224,16.64811356888889,15.387621768888888,14.298090737777779,13.502324364444444,13.126330555555557,12.204253573333334,11.08548896,9.19903396888889,31.71271252,7.222070093333333,1.5029483555555556,0.6247094844444444,0.15150542666666666,0.14201623555555554,0.09165195555555555,0.07912885777777777,0.06531575111111111,0.05554672888888889,0.05238702666666666,0.04168842222222222,0.04249466666666667,0.037499373333333336,0.04710313333333334,0.07375858666666665,0.05327649777777778,0.041706084444444444,0.029766235555555555,0.03234012888888889,0.06235252,2.078101257242092,13539341.011376292,1932.665521845122,0.6035250000000001,0.2784277610824971,0.0016224999999999998,0.07671249999999999,4.7928854663404366,0.09654999999999997,0.10881874999999999,0.07104374999999999,0.0272513033189033,0.361234375,0.01213888888888885,0.0059583333333333,0.020463888888888823,0.08664375,0.7059785714285713,0.06999444444444441,0.0,2.175867606075271,0.20931260602114243,0.011905555555555475,0.08099285714285707,0.0031416666666666503,0.12967083333333324,0.20091666666666663,0.18130416666666663,0.25673749999999995,0.29286249999999997,0.04016875,0.043215,0.02603125,0.19384375,0.0376875,0.7099083333333334,0.05629,0.014849999999999926,0.35497500000000004,0.51081,0.048479999999999995,0.09409,0.7325949999999999,0.0031437500000000007,0.01430625,0.188425,0.06828214285714283,0.09870714285714283,0.08841071428571419,0.02365625,0.034871428571428525,0.07308333333333328,0.036012499999999954,0.025945833333333276,0.027096875,0.011465909090909025,0.0,,,,0.039397499999999974,0.028,0.9420803069401418,9.87416152784778,8.68497979441631,33.810973717187544,420.66666,338.27701,0.8265915048042122,2024-07-19 12:45:00
2024-07-19 07:00:00,40.13066666666667,1.0,0.12067308,0.0952481639539947,0.0016833415398703,0.0079710396003569,3.117912457777777,0.0011254399555555557,0.0019452533333333335,0.007368884444444445,3.029e-26,1.5173128888888889e-06,3.8465911111111114e-06,4.096488888888889e-05,1.1400071111111111e-26,5.144586666666666e-07,0.000257796,0.00018179555555555553,1.679651555555556e-08,0.03290373333333333,0.0012404817777777778,0.007531431111111111,0.05398968888888889,3.1892355555555556e-06,3.454702222222222e-07,0.138,1308.676,254.0507111111111,0.042444444444444444,254.0507111111111,40.73434,-111.87211,295.20955555555554,35.144,879.6226666666666,124.68155555555556,1.9840000000000002,454547.6888888889,1967.7537777777775,191.2351111111111,13408304.574666666,0.0006642844444444,0.0001256088888888,0.0023005022222222,0.0002862088888888,0.0001718,0.00513996,0.0015323155555555,1.0740584444444443,5.767780888888889,8.643655111111112,14.105864484981684,0.2108228490842491,1.6736597437118437,3.3692876695970697,0.0027822774114774,0.2306110341880342,3.60485969035409,0.007604091086691,0.28542569072039076,0.2977323413919414,0.0949316717948718,0.3384068671550671,0.0175185709401709,0.025434192592592535,0.2045418539682539,0.1151126214896214,0.0022030968658903302,0.0410170754578754,0.1939753963369963,0.0632990263736263,0.0060968371184371,0.0056903118437118,3.741,0.189,0.066,0.005,0.0,0.073,0.44,0.186,0.062,0.008,0.01,0.019,1.774,0.27,0.155,0.008,0.098,0.004,0.064,0.016,0.029,0.525,0.074,0.141,0.08,0.027,0.007,0.007,0.179,0.18,0.002,0.007,0.07,0.174,0.014,0.029,0.063,0.011,0.014,0.113,0.007,0.0033791783639745797,0.025,0.007,0.009,0.004,0.029,0.016,0.003,0.013,0.007,0.052,0.007,0.006,0.037,0.028,0.026,0.002734998009768,0.0052155807015207,0.0355346821700521,0.0055678695337995,0.00161384005994,0.0929357267817367,46800.0,46859.0,875.7571911111112,31.871097777777777,284.79060888888887,46.26701777777778,3.020662222222222,0.19096444444444446,0.012804444444444445,24.20951610666667,22.569833764444446,21.24018457777778,20.41865248,19.594363435555557,18.14151748888889,16.868054737777776,15.969346675555554,14.765787262222222,13.585924044444445,12.991836564444444,12.700337671111111,11.894159097777779,10.771312106666667,8.956726377777779,30.60910116,6.893652191111111,1.3215709155555555,0.5034607866666667,0.10562497777777778,0.10512473777777777,0.07598227555555556,0.05696093333333333,0.05204766666666667,0.04138286666666667,0.03184808,0.03399233777777778,0.025445644444444446,0.027346915555555556,0.039761382222222225,0.04794650222222222,0.03299853333333334,0.033940239999999997,0.016324297777777778,0.022997373333333335,0.03556498222222222,1.7272813094358554,13222201.207352692,1916.6018923633103,0.59735,0.15675,0.0,0.0713625,2.24385,0.0965222222222222,0.101475,0.070725,0.0175185709401709,0.332225,0.0098444444444444,0.0079444444444444,0.0191555555555555,0.089675,0.6600714285714285,0.0662111111111111,0.0,1.840645505460696,0.2057666666666666,0.0108777777777777,0.0800714285714285,0.0,0.1309499999999999,0.1993333333333333,0.1933333333333333,0.2532,0.3074166666666666,0.040525,0.04344,0.0262125,0.169825,0.0472,0.5829,0.0552,0.0116714285714285,0.339025,0.49246,0.04418,0.08692,0.7461599999999999,0.0,0.014275,0.22486,0.0655142857142857,0.1024428571428571,0.0921999999999999,0.01575,0.0397428571428571,0.0771666666666666,0.0349166666666666,0.0238166666666666,0.030725,0.0108727272727272,0.0,,,,0.0373,0.027,2.2,14.6,12.1,30.0,391.5,347.3577,0.9072603690895724,2024-07-19 13:00:00
2024-07-19 07:15:00,38.91466666666667,1.0,0.1133533866666666,0.0975258819047619,0.0011051422222222,0.0080149517460317,2.6305242977777774,0.0017777337777777776,0.0028360844444444444,0.010491804444444445,3.942617777777778e-26,2.4690133333333333e-06,5.9110888888888895e-06,6.269262222222222e-05,1.4708e-26,9.383795555555556e-07,0.00038807733333333334,0.00027354177777777776,2.8042755555555556e-08,0.04520368888888889,0.0018623155555555556,0.009963097777777779,0.07329315555555556,4.918004444444445e-06,6.048124444444445e-07,0.138,1309.068,341.5736444444445,0.04231111111111111,341.5736444444445,40.73434,-111.87211,296.2482222222222,34.05733333333333,879.7648888888889,114.62404444444445,1.3768888888888888,447901.3333333334,1962.9297777777776,151.772,13584019.669777775,0.0006747466666666,0.0001896888888888,0.0022941777777777,0.0002703244444444,0.0001474444444444,0.0058686355555555,0.0008550444444444,1.944871941922892,5.491893803529804,8.280648559699559,14.410292177777778,0.2056886666666666,1.5459144444444446,4.141834,0.0027907555555555,0.2167422222222222,3.5317553333333334,0.0058488,0.3478972,0.2867440444444444,0.0376524,0.2031284444444444,0.0050990222222222,0.02027341728395056,0.1211070666666666,0.0587884,0.0017464645772601868,0.0360052888888888,0.1923636,0.0653816444444444,0.0066502222222222,0.0059750666666666,3.8581250000000002,0.20174999999999998,0.07306470762584953,0.0285,0.000125,0.073125,0.439375,0.185875,0.062625,0.008125,0.01573,0.026556850374018667,1.4345230617175346,0.222167391751928,0.226675,0.00825,0.21042628163660632,0.004602409619680213,0.06772084386814978,0.030785487214492598,0.05117475060391424,0.6153666666666667,0.14553151588590407,0.1393136935059824,0.09940547199731949,0.027625,0.011642615708582006,0.008,0.19738125,0.3271174604511706,0.002375,0.0075,0.07251920184992303,0.24811060706566634,0.016625,0.047475,0.10207666259646504,0.012624999999999999,0.026315846065898527,0.19817273208308522,0.006282988879576077,0.0035817810684777573,0.030700841287075255,0.008125,0.010249999999999999,0.004625,0.02116429937861435,0.017125,0.00575,0.022289473789218854,0.013077960586423406,0.07330254947762443,0.014904166666666649,0.0052759257827371675,0.07274771422622112,0.06297074012397447,0.019962112271165823,0.0027763708236208,0.0054930196725496,0.0345583772760572,0.0052880916905316,0.0014008658896658,0.2381987506737706,47700.0,47759.0,875.8619155555556,31.754564444444444,281.65232444444445,47.868791111111115,3.7620266666666664,0.2125288888888889,0.013871111111111112,24.389630182222223,22.748065955555553,21.13677924888889,20.17724945777778,19.269067937777777,17.857897204444445,16.615719502222223,15.684068635555555,14.558234635555555,13.517763173333332,12.770378284444444,12.389349671111113,11.68489252888889,10.593606915555556,8.702741204444443,29.967944146666664,6.738227031111111,1.2912431111111111,0.5069155111111111,0.12107922222222221,0.11661070666666666,0.08549697333333334,0.0675029111111111,0.05866104888888889,0.046226688888888895,0.04673279111111111,0.04840883555555555,0.050217835555555555,0.04359416,0.05085720444444444,0.07562110666666667,0.05352756888888889,0.04797614666666667,0.03442005333333333,0.03830733777777778,0.06734967555555556,1.584252608232411,13395477.428055335,1911.8025685615107,0.7486125,0.1111605587613754,0.0015925,0.075278125,3.2977522045849454,0.10167499999999997,0.10608125,0.060268749999999996,0.0050990222222222,0.344325,0.010727777777777725,0.00853888888888885,0.0197194444444444,0.1062,0.6731142857142857,0.06881388888888887,0.0,1.7039760202577776,0.07843069381854718,0.014483333333333275,0.08577857142857137,0.003619444444444425,0.13033749999999994,0.23834166666666662,0.19176249999999997,0.2507833333333333,0.30622916666666666,0.04468125,0.04081,0.028703125,0.1905,0.045054166666666645,0.6587916666666667,0.05477,0.019621428571428498,0.386,0.500805,0.039389999999999974,0.07742,0.766335,0.0028875,0.014031249999999999,0.333005,0.06936071428571428,0.10707499999999995,0.09447857142857134,0.027959375,0.04307499999999995,0.07904166666666661,0.03779583333333328,0.023945833333333277,0.031075,0.0116295454545454,0.0,,,,0.041865,0.027625,1.371766455813079,6.766948492749273,5.828881494173618,37.10008755575439,309.0,360.13748,0.9545824672271794,2024-07-19 13:15:00
2024-07-19 07:30:00,31.55288888888889,1.0,0.1470980888888889,0.1206318711111111,0.0011270666666666,0.0108654311111111,2.806890080582751,0.0025491146666666666,0.0037263022222222223,0.013398888888888889,5.007613333333333e-26,3.7158577777777777e-06,8.43232e-06,8.85828e-05,1.8519911111111114e-26,1.6002497777777778e-06,0.0005359177777777777,0.00037737955555555556,4.353888888888889e-08,0.05581088888888889,0.00254228,0.011955422222222224,0.08963493333333333,7.010875555555556e-06,1.002648888888889e-06,0.138,1309.4702222222222,188.66106666666667,0.04444444444444444,188.66106666666667,40.73433484444445,-111.87211,297.7784444444444,33.589777777777776,879.8799999999999,128.3025777777778,1.4524444444444444,457601.8666666667,1971.9751111111111,245.54666666666668,14257221.518666666,0.0005930577777777,0.0001320266666666,0.0020487688888888,0.0004406666666666,0.0001038311111111,0.00278864,0.0007165733333333,6.439404210323011,12.81736592881193,21.514612343841343,16.780622088888887,0.2116287111111111,2.102001288888889,5.060978,0.0038893777777777,0.2847733777777778,3.956645155555556,0.0109376444444444,0.4737881777777778,0.3400768444444444,0.2667529333333333,0.6809514666666667,0.0338360888888888,0.01511264197530858,0.3563434666666666,0.1274288,0.0012898322886300433,0.0478528888888888,0.2417495111111111,0.0674409333333333,0.0067067555555555,0.0090819111111111,3.97525,0.2145,0.17422351860640453,0.052,0.00025,0.07325,0.43875,0.18575,0.06325,0.00825,0.02146,0.07794012870622967,1.6132273547157325,0.6550414181849085,0.29835,0.0085,0.32285256327321266,0.005204819239360428,0.08291615894694519,0.045570974428985195,0.07334950120782849,0.7057333333333333,0.21706303177180813,0.4994887028355038,0.11881094399463898,0.02825,0.016285231417164012,0.009000000000000001,0.2157625,0.47423492090234126,0.00275,0.008,0.2122914467974427,0.3222212141313327,0.019250000000000003,0.06595000000000001,0.14115332519293008,0.014249999999999999,0.03863169213179705,0.28334546416617046,0.015614463360342496,0.003784383772980935,0.09086673201221972,0.009250000000000001,0.0115,0.0052499999999999995,0.05675548197531577,0.018250000000000002,0.0085,0.03157894757843771,0.01915592117284681,0.09460509895524885,0.0228083333333333,0.014000706852129641,0.10849542845244223,0.09794148024794892,0.051617131239492055,0.0029887334676434,0.0069420559218559,0.0304576202564102,0.0052256524175824,0.0014593883272283,0.2190728266666666,48600.0,48659.0,875.9631155555556,31.68434222222222,301.9867377777778,54.67899111111112,5.2957777777777775,0.2547288888888889,0.017257777777777778,28.702656493333333,25.92057661333333,23.404184724444445,21.898828013333333,20.498031595555556,18.776282902222224,17.399879666666667,16.329047199999998,15.085150213333332,14.008399084444445,13.191164244444446,12.715540506666667,11.96493395111111,10.92401928888889,8.960311417777778,31.28743756,7.188941044444444,1.4462015822222223,0.6276320311111111,0.17045752444444445,0.17956134666666668,0.1220076088888889,0.09194667555555555,0.09091938222222223,0.08108323111111111,0.07279006666666667,0.07235056444444445,0.08094589777777778,0.07415406666666667,0.07822682666666667,0.11599989777777778,0.09148381777777777,0.08345184444444445,0.061147773333333336,0.06718305777777779,0.12372810666666667,2.0375804341429684,14059335.431101335,1920.8016323181193,0.899875,0.26180235260265206,0.003185,0.07919375000000001,4.206971920720271,0.10682777777777774,0.1106875,0.049812499999999996,0.0338360888888888,0.356425,0.011611111111111051,0.009133333333333299,0.0202833333333333,0.122725,0.6861571428571428,0.07141666666666666,0.0,2.1371483840844445,0.19630368841627976,0.01808888888888885,0.09148571428571425,0.00723888888888885,0.12972499999999995,0.27735,0.19019166666666665,0.24836666666666662,0.30504166666666666,0.0488375,0.03818,0.03119375,0.211175,0.0429083333333333,0.7346833333333334,0.05434,0.0275714285714285,0.432975,0.50915,0.03459999999999995,0.06792,0.7865099999999999,0.005775,0.0137875,0.44115000000000004,0.07320714285714286,0.1117071428571428,0.09675714285714279,0.04016875,0.0464071428571428,0.08091666666666661,0.04067499999999995,0.02407499999999995,0.031425,0.0123863636363636,0.0,,,,0.04643,0.02825,4.030451455666629,14.070944363993089,15.744872850719117,30.30102582830883,226.5,377.16013,1.0026884004384515,2024-07-19 13:30:00
2024-07-19 07:45:00,23.590666666666667,1.0,0.2132302711111111,0.1291974,0.0010355511111111,0.0120634,3.1752346271495173,0.003303563111111111,0.004566004444444444,0.01598688888888889,6.285346666666666e-26,5.231675555555555e-06,1.1286693333333334e-05,0.0001172059111111111,2.3052400000000004e-26,2.5578444444444447e-06,0.0006920502222222222,0.0004856782222222222,6.344066666666666e-08,0.0647307111111111,0.0032304844444444444,0.013570977777777778,0.10320488888888889,9.369128888888889e-06,1.5769822222222223e-06,0.138,1310.0697777777777,295.57706666666667,0.047733333333333336,295.57706666666667,40.73433048888889,-111.87211,299.30288888888884,32.709777777777774,879.9159999999999,131.18262222222222,1.7075555555555555,468177.5555555556,1992.9226666666664,399.828,14693787.557777775,0.0005155022222222,0.0001024977777777,0.0016357777777777,0.0007152088888888,7.4e-05,0.0019347155555555,0.0007527288888888,11.206585777777777,21.61565022222222,36.93914666666666,17.658796133333333,0.2201238222222222,2.899858044444444,5.600993244444444,0.005136,0.3306094666666667,4.405593688888889,0.0104885333333333,0.4883217777777778,0.3872215555555555,0.3103016444444444,0.6608644888888889,0.0492002666666666,0.0099518666666666,0.4025084888888888,0.1759147555555555,0.0008331999999999,0.0623046222222222,0.2800141333333333,0.0846608,0.0076391555555555,0.0153048,4.092375,0.22725,0.19345235134476432,0.07550000000000001,0.000375,0.073375,0.438125,0.18562499999999998,0.063875,0.008375,0.02719,0.08802407058791613,2.027078118158663,1.3672207768259994,0.37002499999999994,0.00875,0.43527884490981894,0.005807228859040642,0.09634839463740433,0.06035646164347779,0.09552425181174272,0.7961,0.2885945476577122,0.48434747465678224,0.13821641599195847,0.028875,0.020927847125746017,0.01,0.23414374999999998,0.6213523813535119,0.003125,0.0085,0.23972167780783107,0.39633182119699906,0.021875000000000002,0.084425,0.18022998778939514,0.015875,0.05094753819769557,0.3685181962492557,0.022205996290544542,0.003986986477484113,0.10267425704808188,0.010375,0.01275,0.005875,0.08189625180697942,0.019375,0.01125,0.04086842136765657,0.025233881759270216,0.1159076484328733,0.030712499999999948,0.020163685901822173,0.14424314267866337,0.13291222037192338,0.07397748815478583,0.0033022958485958,0.0084079936630036,0.0312248146031746,0.005626675054945,0.0019057904029304,0.2112661866666666,49500.0,49559.0,876.029408888889,31.36664,339.24609777777783,61.148244444444444,6.156884444444445,0.2736844444444444,0.019626666666666667,36.83463192888889,32.174303324444445,27.834630515555556,25.21336837333333,23.13172724,20.829400728888892,18.917925653333334,17.537222004444445,16.01142439111111,14.696160435555555,13.854510968888889,13.270705351111111,12.50742936,11.27562788888889,9.347248013333333,33.47594636888889,7.8446485244444455,1.6962688888888888,0.8299516222222222,0.19593338666666668,0.20893796444444443,0.14663199555555556,0.11226932,0.11574029333333334,0.10194552444444445,0.09279329333333333,0.07914151111111112,0.08514757333333334,0.08450845777777777,0.09056954222222222,0.13724449333333333,0.10566064444444444,0.09568612444444445,0.07326035555555556,0.07846296,0.1590408311111111,2.3783879446862226,14489842.060577089,1941.642034881821,1.0511374999999998,0.5096434554899699,0.0047775,0.083109375,5.198218950040761,0.11198055555555553,0.11529375,0.039356249999999995,0.0492002666666666,0.368525,0.012494444444444376,0.00972777777777775,0.020847222222222198,0.13924999999999998,0.6991999999999999,0.07401944444444443,0.0,2.46280321159338,0.3902324264961908,0.021694444444444426,0.09719285714285714,0.010858333333333275,0.12911249999999996,0.3163583333333333,0.18862083333333332,0.24594999999999997,0.30385416666666665,0.05299375,0.03555,0.033684375,0.23185,0.04076249999999995,0.810575,0.05391,0.0355214285714285,0.47995,0.517495,0.029809999999999923,0.05842,0.8066849999999999,0.0086625,0.01354375,0.5492950000000001,0.07705357142857143,0.11633928571428565,0.09903571428571425,0.052378125000000005,0.04973928571428565,0.0827916666666666,0.04355416666666662,0.024204166666666624,0.031775,0.0131431818181818,0.0,,,,0.050995,0.028875,6.850418777757284,22.843434526273676,27.30222267565624,22.947416141808752,144.0,398.86707,1.0226215813520916,2024-07-19 13:45:00
2024-07-19 08:00:00,30.102666666666668,1.0,0.1658071857142857,0.1430784012698412,0.0014067873015873,0.0145165438095238,3.173549098095238,0.0033863244444444444,0.005332551111111111,0.018241955555555557,7.856071111111111e-26,6.958457777777778e-06,1.4326044444444444e-05,0.00014718711111111113,2.857626666666667e-26,3.847751111111111e-06,0.0008489315555555556,0.0005926582222222222,8.745977777777778e-08,0.07217528888888888,0.0038939866666666666,0.014884622222222223,0.11441822222222223,1.1887764444444443e-05,2.35684e-06,0.138,1310.0893333333333,359.15284444444444,0.04635555555555556,359.15284444444444,40.73433346666666,-111.87211,300.6886666666666,31.801777777777776,879.9933333333333,144.9472,1.7453333333333334,461601.3333333333,1986.036,386.8297777777778,14789049.940444443,0.000637426031746,9.390984126984126e-05,0.00186268,0.0005992336507936,8.56447619047619e-05,0.0005408088888888,0.0007376622222222,5.03580311111111,15.601315555555557,22.74004,17.4291712,0.2191902222222222,2.590255555555556,5.119900355555556,0.0051652888888888,0.3212708888888889,4.278462888888888,0.0123274222222222,0.6357050222222222,0.4226861777777778,0.3872495111111111,1.048746222222222,0.0590864,0.014193414665637328,0.6654018222222222,0.2391352888888888,0.001972220354925794,0.0583016888888888,0.2721888444444444,0.0700132444444444,0.0087055999999999,0.0146103111111111,4.2095,0.24,0.20700029595390002,0.099,0.0005,0.0735,0.4375,0.1855,0.0645,0.0085,0.03292,0.14544852240893275,2.610730865482048,1.1602319274511048,0.4417,0.009000000000000001,0.5477051265464252,0.006409638478720855,0.10645279772175611,0.07514194885797039,0.11769900241565696,0.8864666666666667,0.36012606354361626,0.7767262434158794,0.15762188798927795,0.0295,0.025570462834328022,0.011,0.252525,0.7684698418046826,0.0035,0.009,0.39592705836006115,0.4704424282626654,0.0245,0.1029,0.21930665038586017,0.0175,0.0632633842635941,0.4536909283323409,0.030800654734557727,0.00418958918198729,0.1699139000867541,0.0115,0.013999999999999999,0.0065,0.11467714390154055,0.0205,0.014000000000000002,0.05015789515687542,0.03131184234569362,0.1372101979104977,0.0386166666666666,0.028199555629031838,0.17999085690488448,0.16788296049589785,0.041404616097666457,0.0038988034188034,0.0130486987912087,0.0342779699511599,0.0058698749938949,0.0018817839194139,0.2612983406349206,50400.0,50459.0,876.0903111111111,31.65095555555556,344.0802266666667,54.68228888888889,3.9181066666666666,0.2095288888888889,0.015262222222222222,37.85051229333333,33.08058329333333,28.982455551111112,26.26589509777778,24.03647481333333,21.35289196,19.30311031111111,17.677990533333332,16.1398198,15.001104835555555,13.859759608888888,13.43875964,12.450953982222222,11.258714515555557,9.382975857777778,33.000529551111114,7.595264262222222,1.59263928,0.6693613022222222,0.14184501333333335,0.15464111555555557,0.09696103111111111,0.07693512444444445,0.07167744,0.06177228,0.056246715555555556,0.04550568,0.04261128444444444,0.04636837777777778,0.05559234222222222,0.07217024888888889,0.04896137333333333,0.045594142222222224,0.03147542666666667,0.03293182666666667,0.05917599111111112,2.5569065012563392,14583782.229082087,1934.7905955683068,1.2024,0.4417,0.00637,0.087025,2.87165,0.1171333333333333,0.1199,0.0289,0.0590864,0.380625,0.0133777777777777,0.0103222222222222,0.0214111111111111,0.155775,0.7122428571428571,0.0766222222222222,0.0,2.6333846335060493,0.2301,0.0253,0.1029,0.0144777777777777,0.1285,0.3553666666666666,0.18705,0.2435333333333333,0.3026666666666667,0.05715,0.03292,0.036175,0.252525,0.0386166666666666,0.8864666666666667,0.05348,0.0434714285714285,0.526925,0.52584,0.0250199999999999,0.04892,0.8268599999999999,0.01155,0.0133,0.65744,0.0809,0.1209714285714285,0.1013142857142857,0.0645875,0.0530714285714285,0.0846666666666666,0.0464333333333333,0.0243333333333333,0.032125,0.0139,0.0,,,,0.05556,0.0295,3.4,15.2,14.8,30.0,100.0,425.57291,0.8696291832306678,2024-07-19 14:00:00
2024-07-19 08:15:00,27.392444444444443,1.0,0.1868098028571428,0.1342436644444444,0.0017737301587301,0.0132812044444444,3.316711591329966,0.0029809413333333336,0.006022315555555556,0.020194533333333334,9.839297777777778e-26,8.83424e-06,1.7436533333333335e-05,0.000177472,3.550257777777778e-26,5.4861200000000004e-06,0.0010019333333333334,0.0006951511111111112,1.1511986666666667e-07,0.07840857777777778,0.004517213333333333,0.015964755555555554,0.12373288888888889,1.4484177777777778e-05,3.3607733333333335e-06,0.138,1309.7702222222222,305.0214666666667,0.04955555555555556,305.0214666666667,40.73433986666667,-111.87211,300.78777777777776,31.163999999999998,880.0840000000001,160.07520000000002,1.3226666666666667,461802.26666666666,1981.1413333333333,460.2817777777778,15070349.8,0.0005774717460317,7.36542857142857e-05,0.0017006082539682,0.0005329888888888,8.704444444444445e-05,0.0003291768253968,0.0006691844444444,5.21942,18.503435555555555,26.57657333333333,20.26269978046213,0.2257749958263958,2.863023927848078,5.882815613684463,0.0049890306138306,0.3287866412901913,4.388490817538017,0.0109787715099715,0.9073444021256521,0.4799850897084397,0.2653948073463573,0.6453337634347134,0.0487235589836089,0.018434962664608055,0.4153690268490769,0.1752002836885337,0.0031112407098516878,0.061633363064713,0.3099934498575499,0.0787829599160099,0.0077393018204018,0.014075655002405,4.326625,0.25275,0.1736238412158487,0.1225,0.000625,0.073625,0.436875,0.185375,0.065125,0.008624999999999999,0.03119,0.09083323023119544,1.794319991252415,1.6462819681898855,0.41827499999999995,0.00925,0.4830288449098189,0.0070120480984010684,0.12277811760855295,0.06660646164347779,0.11052425181174272,0.83135,0.3345945476577122,0.47264067334081217,0.14246641599195847,0.030125,0.023177847125746016,0.012,0.23764375,0.692352381353512,0.003875,0.0095,0.24736312386774478,0.455081821196999,0.027125000000000003,0.09767500000000001,0.20572998778939514,0.019125,0.057447538197695575,0.4162681962492557,0.02210886579604947,0.004392191886490468,0.10596356823282731,0.012625,0.01525,0.007124999999999999,0.0815257863277663,0.021625000000000002,0.01675,0.047118421367656566,0.028483881759270215,0.1431576484328733,0.03396249999999995,0.020072870425513683,0.15999314267866335,0.1466622203719234,0.07364799385546777,0.0041378909246309,0.0193875541103341,0.0347273464257964,0.0057825048640248,0.0019427501476301,0.2271776568253968,51300.0,51359.0,876.2108088888889,31.35752,339.9455022222222,54.259008888888886,3.9278488888888887,0.21103555555555556,0.015306666666666668,37.92092235555556,32.831172333333335,28.35514518222222,25.815573417777777,23.454596933333335,20.996227635555556,18.987151444444446,17.371898662222222,15.83225252,14.864348417777778,13.69976371111111,13.194044280000002,12.357817937777778,11.04263956888889,9.190089337777778,33.019443635555554,7.563778537777778,1.6198116222222223,0.6738371244444444,0.15891282666666667,0.15841428444444444,0.08908997333333332,0.07471592888888888,0.07535078222222222,0.05453660444444444,0.05539876444444444,0.046200160000000004,0.04531776444444445,0.04849588888888889,0.05581081777777778,0.06785642222222223,0.053733857777777776,0.0450908,0.03562696,0.035024306666666664,0.05537317333333334,2.614972491866397,14861177.728410987,1929.9209665809085,1.1128375,0.6067578026014111,0.0047775,0.080321875,4.600670531345266,0.11173888888888882,0.11064375000000001,0.0445875,0.0487235589836089,0.3470875,0.010033333333333276,0.011269444444444426,0.020599999999999972,0.146065625,0.6606285714285713,0.0695722222222222,0.0,2.6888689452400003,0.4662216896384666,0.02123055555555555,0.094275,0.013844444444444375,0.11969583333333333,0.32180833333333325,0.17304999999999998,0.22775833333333328,0.27960833333333335,0.053218749999999995,0.03191,0.03264375,0.24693125,0.033608333333333275,0.8881416666666667,0.05117,0.0386071428571428,0.52086875,0.513155,0.022854999999999924,0.04516,0.7967199999999999,0.0086625,0.009975,0.589145,0.07740357142857143,0.11007142857142849,0.09201071428571428,0.058490625000000004,0.051482142857142796,0.0786291666666666,0.04185416666666662,0.024587499999999977,0.027225,0.012420454545454524,0.0,,,,0.0464475,0.030125,3.3087848780677667,19.740344010468547,19.537716947747764,26.45859544732489,100.0,457.44705,0.6599071403903882,2024-07-19 14:15:00
2024-07-19 08:30:00,33.776444444444444,1.0,0.14721496,0.1504697422222222,0.0020335866666666,0.0150155822222222,3.2723980163614166,0.004237339555555555,0.006636622222222222,0.0218808,1.2414595555555557e-25,1.079852e-05,2.0517688888888886e-05,0.000207244,4.444657777777778e-26,7.466777777777778e-06,0.0011476933333333334,0.0007910266666666667,1.4573422222222223e-07,0.08365195555555556,0.005091591111111111,0.01685853333333333,0.13152622222222224,1.7086488888888888e-05,4.59276e-06,0.138,1309.4946666666665,250.99244444444443,0.04897777777777778,250.99244444444443,40.73434,-111.87211,301.4548888888889,30.327555555555556,880.151111111111,157.86377777777776,1.3511111111111112,452609.28243978246,1974.7291655011657,361.5448227328227,15177940.201688532,0.0005910711111111,0.0001122666666666,0.0030974266666666,0.0003672355555555,0.0001128088888888,0.0001100044444444,0.0006757111111111,3.149159666574167,12.501633776408775,17.912484174159175,23.062170000000005,0.2249725,2.912675000000001,5.668559999999999,0.0020225,0.3263175000000001,4.441944999999999,0.00377,0.9601949999999999,0.5003724999999999,0.1546599999999999,0.5021899999999999,0.054775,0.022676510663578783,0.2880800000000001,0.1314825,0.004250261064777582,0.0593724999999999,0.29019,0.112495,0.0034175,0.0123524999999999,4.44375,0.26549999999999996,0.12472914296990392,0.14600000000000002,0.00075,0.07375,0.43625,0.18525,0.06575,0.008749999999999999,0.02946,0.06302916804004478,1.6676378805102416,1.1905014806945933,0.39485,0.0095,0.4183525632732126,0.007614457718081283,0.12858679675198686,0.05807097442898519,0.10334950120782849,0.7762333333333333,0.30906303177180816,0.36474129651550913,0.127310943994639,0.03075,0.020785231417164013,0.013000000000000001,0.2227625,0.6162349209023413,0.00425,0.009999999999999998,0.17173081084186712,0.4397212141313327,0.029750000000000006,0.09245,0.1921533251929301,0.02075,0.05163169213179705,0.3788454641661705,0.016165552778566787,0.004594794590993645,0.07340713700062204,0.013750000000000002,0.0165,0.00775,0.05885739246669182,0.02275,0.0195,0.04407894757843771,0.02565592117284681,0.14910509895524887,0.029308333333333297,0.014515966743112159,0.13999542845244223,0.12544148024794893,0.053486583491983354,0.0046605714407814,0.0275641772771672,0.0344591582539682,0.0059263121611721,0.002026706007326,0.2608840044444444,52200.0,52259.0,876.3087422222221,32.16072444444445,323.7897155555556,52.12968,3.6714399999999996,0.2055111111111111,0.014733333333333333,33.11854924,29.12922014222222,26.17871842222222,24.172575417777775,22.41704886222222,20.275063355555556,18.423437999999997,17.154882848888892,15.687208942222222,14.62596520888889,13.531608893333333,13.209608782222222,12.293360995555556,10.99783356888889,9.24012912,32.68290972888889,7.432445448888888,1.5219123333333333,0.6444873866666666,0.1438812133333333,0.14987801333333334,0.08480156000000001,0.07188363555555556,0.06972003555555556,0.05474018666666667,0.04224618222222222,0.042812791111111116,0.041939119999999996,0.03645327111111111,0.04468646222222223,0.07097818222222223,0.046783715555555556,0.04124528,0.03123179111111111,0.027549746666666666,0.05194521333333334,2.7555313557836736,14967274.806619775,1923.5415988988902,1.023275,0.4481444739156517,0.003185,0.07361875000000001,3.739022803123703,0.10634444444444435,0.1013875,0.060274999999999995,0.054775,0.31355,0.00668888888888885,0.01221666666666665,0.01978888888888885,0.13635625,0.6090142857142857,0.0625222222222222,0.0,2.8231784048844446,0.34211119175761867,0.0171611111111111,0.08565,0.01321111111111105,0.11089166666666665,0.28824999999999995,0.15905,0.2119833333333333,0.25655,0.0492875,0.030899999999999997,0.0291125,0.24133749999999998,0.02859999999999995,0.8898166666666667,0.04886,0.0337428571428571,0.5148125,0.50047,0.02068999999999995,0.0414,0.7665799999999999,0.005775,0.00665,0.52085,0.07390714285714285,0.0991714285714285,0.08270714285714285,0.05239375,0.0498928571428571,0.0725916666666666,0.03727499999999995,0.02484166666666665,0.022325,0.01094090909090905,0.0,,,,0.037335,0.03075,2.084147971360154,13.756137850756545,13.045857470418696,32.35461830732417,100.0,494.50168,0.832223064084748,2024-07-19 14:30:00
2024-07-19 08:45:00,35.064,1.0,0.1342584488888889,0.1793121511111111,0.0020860044444444,0.0203557111111111,3.434425075909646,0.0055043946666666664,0.007181004444444444,0.023336044444444443,1.5874711111111112e-25,1.2798222222222222e-05,2.3505511111111113e-05,0.00023600266666666666,5.640586666666667e-26,9.766537777777778e-06,0.0012844622222222223,0.0008795337777777778,1.786311111111111e-07,0.08808257777777778,0.005615355555555556,0.017603377777777776,0.1380768888888889,1.9646933333333333e-05,6.044119999999999e-06,0.138,1309.376,353.7120888888889,0.053111111111111116,353.7120888888889,40.734336577777775,-111.87211,303.13399999999996,29.365333333333336,880.2755555555556,159.19337777777775,1.4693333333333334,457015.3248418248,1989.4009339549336,311.3797586857587,15508784.546516486,0.0007428488888888,0.0001497022222222,0.0027884666666666,0.0004460711111111,0.00015968,0.0002970177777777,0.0015241688888888,3.8828709023939023,11.470510728715729,17.78561583046583,19.9002660488419,0.2665992554390054,3.5015118815926134,7.087741726297776,0.0043949188422688,0.3761694894438894,5.114615454995005,0.0052605186794686,0.8848320128125843,0.6425287795241795,0.2249255043919044,0.5976454280497282,0.0412959037277537,0.02691805866254951,0.3791234784992784,0.1575603616642616,0.005389281419703476,0.0709550516243016,0.3051681056073556,0.088775080996781,0.0170989942668442,0.0177942806267806,4.560875,0.27825,0.1557547140317232,0.1695,0.000875,0.073875,0.435625,0.18512499999999998,0.066375,0.008875,0.027729999999999998,0.08291602396906379,1.9575009415985107,0.9589341072001072,0.371425,0.00975,0.3536762816366063,0.008216867337761497,0.16908925411029585,0.0495354872144926,0.09617475060391424,0.7211166666666667,0.2835315158859041,0.436694003039505,0.11215547199731948,0.031375,0.018392615708582007,0.014,0.20788125000000002,0.5401174604511707,0.004625000000000001,0.010499999999999999,0.2258268239490026,0.42436060706566636,0.032375,0.087225,0.17857666259646504,0.022375,0.04581584606589852,0.3414227320830852,0.019710766685143877,0.0047973972954968224,0.09669312496262374,0.014875,0.017750000000000002,0.008375,0.07237919502355708,0.023875,0.022250000000000002,0.04103947378921886,0.022827960586423404,0.15505254947762442,0.02465416666666665,0.017830685680918248,0.11999771422622113,0.10422074012397446,0.06551295871176045,0.0055164718570318,0.0283136078243978,0.034349946076146,0.0067039598523698,0.0026309763791763,0.3458524799999999,53100.0,53159.0,876.4396533333332,32.70744,349.02144888888887,55.77211555555555,3.8801600000000005,0.2035911111111111,0.01564888888888889,35.460294715555555,31.68785476,28.480243035555553,26.233308466666664,24.41804109777778,22.18344589333333,20.05787613777778,18.633837164444444,16.948189511111114,15.669050626666667,14.536378182222222,14.046556271111111,13.113334902222222,11.878136426666666,9.90075992,34.48601016,7.91135916,1.5888265288888888,0.6672214711111111,0.15161267111111112,0.1526776488888889,0.09508015111111111,0.07297154666666666,0.06520137333333334,0.06077198222222222,0.05146449333333333,0.04771850666666667,0.046991964444444444,0.04294340888888889,0.05448065333333333,0.07657246222222222,0.05026836,0.04879385333333333,0.025959720000000002,0.025396537777777776,0.051757599999999994,3.2006311975543746,15293527.128176898,1938.1383168828584,0.9337125,0.3675581545520825,0.0015925000000000002,0.066915625,4.151996037110685,0.10094999999999987,0.09213125,0.0759625,0.0412959037277537,0.2800125,0.003344444444444424,0.013163888888888874,0.018977777777777725,0.126646875,0.5574,0.0554722222222222,0.0,3.2484886099472394,0.27905464851835204,0.013091666666666649,0.07702500000000001,0.012577777777777726,0.10208749999999997,0.25469166666666665,0.14505,0.19620833333333332,0.23349166666666665,0.04535625,0.02989,0.02558125,0.23574375,0.023591666666666622,0.8914916666666667,0.04655,0.0288785714285714,0.50875625,0.487785,0.018524999999999976,0.03764,0.73644,0.0028874999999999994,0.003325,0.452555,0.07041071428571427,0.0882714285714285,0.07340357142857143,0.046296875,0.048303571428571404,0.06655416666666661,0.03269583333333327,0.025095833333333324,0.017425000000000003,0.009461363636363575,0.0,,,,0.0282225,0.031375,2.518165782426469,12.72803777006662,12.95079710755221,33.54375630686594,100.0,536.58704,0.980239739444618,2024-07-19 14:45:00
2024-07-19 09:00:00,40.09555555555556,1.0,0.0931123333333333,0.1777652044444444,0.0019325422222222,0.0196750133333333,2.923468564969475,0.006264136,0.007661928888888889,0.02459386666666667,2.0715644444444446e-25,1.4792933333333332e-05,2.6355466666666665e-05,0.0002633791111111111,7.309128888888889e-26,1.2347377777777777e-05,0.001411408888888889,0.0009604004444444445,2.1315066666666666e-07,0.0918348,0.0060894044444444444,0.0182288,0.14359733333333333,2.2127866666666665e-05,7.69541777777778e-06,0.138,1310.2155555555555,314.17675555555553,0.05488888888888889,314.17675555555553,40.734338755555555,-111.87211,303.5268888888889,27.891111111111112,880.3,145.5262666666667,2.096888888888889,452481.6444444445,1979.8924444444444,288.38,14744575.86088889,0.0008789066666666,6.857777777777777e-05,0.0017645555555555,0.0003358888888888,0.0001118222222222,0.00020370518518513333,0.0019378222222222,3.7073035555555554,10.040718222222225,15.65453777777778,16.078516,0.2307902666666666,2.8268766666666663,5.523475555555555,0.0036554222222222,0.3172875111111111,4.6826509777777785,0.0081056888888888,0.6668052444444444,0.6213839555555556,0.1949103111111111,0.5169498666666666,0.0267185777777777,0.031159606661520237,0.3387369333333333,0.1371448444444444,0.00652830177462937,0.0548039111111111,0.2688845777777777,0.0668690222222222,0.0132417333333333,0.0124289333333333,4.678,0.291,0.179,0.193,0.001,0.074,0.435,0.185,0.067,0.009,0.026,0.065,2.092,0.805,0.348,0.01,0.289,0.00881927695744171,0.177,0.041,0.089,0.666,0.258,0.337,0.097,0.032,0.016,0.015,0.193,0.464,0.005,0.011,0.185,0.409,0.035,0.082,0.165,0.024,0.04,0.304,0.013,0.005,0.08,0.016,0.019,0.009,0.05,0.025,0.025,0.038,0.02,0.161,0.02,0.012,0.1,0.083,0.049,0.006296829035409,0.0304318797313797,0.0342480152869352,0.0069339273504273,0.0026583202442002,0.437118130989011,54000.0,54059.0,876.4126311111111,32.60995555555556,350.2441066666667,55.214240000000004,3.66804,0.19503555555555555,0.01508888888888889,35.61533930666667,31.907830186666665,28.794645755555557,26.364614764444447,24.535776404444444,22.321396928888888,20.07067582666667,18.76986369777778,16.931957266666668,15.742448004444444,14.583317840000001,14.119511346666666,13.193594088888888,11.909708635555555,9.86586848,34.380552924444444,7.865985977777778,1.57229192,0.6569361377777778,0.14913854666666668,0.15040697777777778,0.08944981777777777,0.07241307555555555,0.06234791111111112,0.04877773777777778,0.056042817777777774,0.04279967111111111,0.037228524444444445,0.04111729777777778,0.049446333333333335,0.06902121777777778,0.042369208888888885,0.03782861333333333,0.024402959999999998,0.025124497777777775,0.04383968444444444,3.1331822941901493,14539925.43681423,1928.6784661310232,0.84415,0.3042,0.0,0.0602125,2.5435,0.0955555555555554,0.082875,0.09165,0.0267185777777777,0.246475,0.0,0.0141111111111111,0.0181666666666666,0.1169375,0.5057857142857143,0.0484222222222222,0.0,3.184038560252821,0.1633166666666666,0.0090222222222222,0.0684,0.0119444444444444,0.0932833333333333,0.2211333333333333,0.13105,0.1804333333333333,0.2104333333333333,0.041425,0.02888,0.02205,0.23015,0.0185833333333333,0.8931666666666667,0.04424,0.0240142857142857,0.5027,0.4751,0.01636,0.03388,0.7062999999999999,0.0,0.0,0.38426,0.0669142857142857,0.0773714285714285,0.0641,0.0402,0.0467142857142857,0.0605166666666666,0.0281166666666666,0.02535,0.012525,0.0079818181818181,0.0,,,,0.01911,0.032,2.6,11.5,10.7,41.0,125.66666,595.99658,1.0286943587258306,2024-07-19 15:00:00
2024-07-19 09:15:00,42.69866666666667,1.0,0.07769328,0.1906376711111111,0.0018559688888888,0.0218872577777777,2.9048132823565327,0.00670556,0.008085355555555555,0.025679644444444445,2.7807955555555555e-25,1.6748266666666667e-05,2.904088888888889e-05,0.00028916399999999996,9.761364444444445e-26,1.5166177777777776e-05,0.001528328888888889,0.0010336813333333334,2.486231111111111e-07,0.09502164444444444,0.006515737777777778,0.018753377777777778,0.14827644444444443,2.4503822222222222e-05,9.519284444444444e-06,0.138,1311.0773333333334,137.7308888888889,0.055066666666666673,137.7308888888889,40.73434,-111.87211,304.378,26.80088888888889,880.2653333333333,151.09946666666667,1.540888888888889,450739.6444444445,1983.043555555556,284.6773333333333,14872483.444444446,0.0009663688888888,2.7639999999999996e-05,0.00186296,0.0003133511111111,8.638666666666666e-05,0.00011039259259256666,0.0019015688888888,3.2582533333333337,9.237372,14.446435555555556,14.81755831111111,0.2332816444444444,2.717073777777778,5.6855108,0.0028314666666666,0.3163902666666666,4.694558088888889,0.0065893777777777,0.6157008888888889,0.6780069777777779,0.1653138666666666,0.4345390222222222,0.0158791555555555,0.035401154660490965,0.2800012888888889,0.1077926222222222,0.006296594368804064,0.0553799555555555,0.2182767555555555,0.0651729777777777,0.0133552,0.0113678666666666,4.670625,0.28475,0.1294333331726273,0.170625,0.001,0.073875,0.436125,0.18562499999999998,0.067625,0.009125,0.02217,0.06126451485887151,1.831901279284672,0.8356728172515375,0.291725,0.009625,0.24787535453149756,0.00861847375088164,0.1791975252097205,0.032436235502019066,0.07947848036878499,0.6414333333333333,0.21358072176703222,0.31374711997093424,0.07727506743526766,0.028625,0.014750000000000001,0.013999999999999999,0.176375,0.3860923242255081,0.004625,0.011125,0.1669306201048788,0.3367158451378704,0.033875,0.06998214285714285,0.1434431090814631,0.0235,0.034067820193352014,0.2571012598572445,0.012944978744385622,0.005,0.07134086303149512,0.014625,0.017625,0.008249999999999999,0.04657379904820316,0.023125,0.022250000000000002,0.03251809283255349,0.016847069702514924,0.13147847590511957,0.015,0.011504780952065235,0.08880870639186654,0.07363826999619424,0.04256147917422171,0.0075765293317793,0.0342160232323232,0.0346648874902874,0.007652129098679,0.0026083911810411,0.5643157224553226,54900.0,54959.0,876.3427777777778,32.55246222222222,356.6770577777778,56.72192,3.8837111111111113,0.20084,0.015653333333333335,36.19697738666667,32.251036911111115,29.090347977777775,26.88750324888889,24.95169392888889,22.594886826666666,20.364631191111112,19.139088493333336,17.315529079999997,16.07895170666667,14.920625986666666,14.450620697777776,13.484079351111111,12.141564333333333,10.106984435555555,35.29699008888888,8.045869075555556,1.597143017777778,0.6727866222222222,0.1437882488888889,0.14361015111111108,0.09925951555555555,0.07344326666666666,0.06110717777777778,0.05428526222222222,0.05233851111111111,0.050056373333333334,0.04552766666666666,0.04341581777777778,0.05948371111111111,0.06922901333333334,0.04747251111111111,0.039400715555555556,0.025298546666666664,0.03006034222222222,0.05204033777777777,3.4209062981377034,14666057.70031555,1931.8134583693468,0.7577875,0.32466276075345013,0.0016225,0.052878125,3.5637838065671232,0.07713333333333319,0.073521875,0.083925,0.0158791555555555,0.222603125,0.0,0.01537777777777775,0.01362499999999995,0.09801875,0.45007857142857144,0.04316388888888885,0.0,3.458970033231111,0.24549020141132105,0.008872222222222201,0.05978214285714285,0.0089583333333333,0.0831208333333333,0.2036916666666666,0.11701666666666666,0.162625,0.1883125,0.039862499999999995,0.024329999999999997,0.0189125,0.2042375,0.013937499999999974,0.8118083333333334,0.041589999999999974,0.018010714285714276,0.45329375000000005,0.430375,0.01424,0.029695,0.6376449999999999,0.0,0.0,0.32776,0.05018571428571428,0.0654071428571428,0.04807500000000001,0.034778125,0.035035714285714274,0.05257499999999993,0.02108749999999995,0.023408333333333326,0.00939375,0.007565909090909025,0.0,,,,0.014332499999999998,0.028625,2.1486809812643997,10.501445985195666,10.448804259148421,40.59484797277151,180.66667,661.40607,1.0291328823682284,2024-07-19 15:15:00
2024-07-19 09:30:00,45.38933333333333,1.0,0.0806260711111111,0.2021608088888888,0.0022307466666666,0.0235674133333333,2.94044324,0.006999603555555556,0.008457382222222223,0.026615999999999997,3.8765733333333336e-25,1.863911111111111e-05,3.154662222222222e-05,0.0003132302222222222,1.3593804444444443e-25,1.8170933333333333e-05,0.0016350755555555555,0.0010998622222222222,2.844702222222222e-07,0.09772955555555556,0.006897413333333334,0.019195022222222226,0.15222933333333336,2.6757422222222224e-05,1.148231111111111e-05,0.138,1309.248,214.23826666666668,0.05626666666666667,214.23826666666668,40.734338711111114,-111.87211,305.9571111111111,24.74222222222222,880.196888888889,154.59906666666666,1.1137777777777778,448428.4,1979.9506666666668,274.5066666666667,14737522.265333332,0.0011615911111111,0.0001584266666666,0.0023111555555555,0.0002637022222222,0.0001485866666666,1.708e-05,0.0015564133333333,2.825535111111111,8.429114666666667,13.491142222222225,14.3236124,0.2308848888888889,2.720059422222222,5.6052748,0.0026701333333333,0.3207572,4.739957733333333,0.0053963111111111,0.5540692444444445,0.7360611555555555,0.1625009333333333,0.4166416888888889,0.0208375111111111,0.039642702659461695,0.2715641333333333,0.1000930666666666,0.006064886962978758,0.0577214666666666,0.18073,0.0808572,0.0129618222222222,0.0114488888888888,4.66325,0.27849999999999997,0.1281912889607374,0.14825,0.001,0.07375,0.43725,0.18625,0.06825,0.00925,0.01834,0.05942156575642275,1.7707965635331746,0.7887239174259877,0.23545,0.00925,0.20675070906299517,0.008417670544321567,0.19573803167054263,0.023872471004038127,0.06995696073756999,0.6168666666666667,0.16916144353406443,0.3002564091836484,0.0575501348705353,0.02525,0.0135,0.013,0.15975,0.3081846484510161,0.00425,0.01125,0.16191744963903487,0.26443169027574087,0.03275,0.057964285714285704,0.12188621816292619,0.023,0.028135640386704033,0.21020251971448903,0.011898245243708028,0.005,0.06918291052420202,0.013250000000000001,0.01625,0.0075,0.042581452154956234,0.02125,0.0195,0.02703618566510698,0.013694139405029846,0.10195695181023917,0.01,0.01052610168222055,0.07761741278373308,0.0642765399923885,0.039010661038564085,0.0089492533333333,0.0370528682539682,0.0351239993650793,0.0080884809523809,0.0026508076190476,0.6968534863492063,55800.0,55859.0,876.2866933333333,32.73207111111111,383.4468577777778,60.36888444444445,4.007777777777778,0.19553777777777778,0.01675111111111111,38.582897262222225,34.67927604444444,31.374929986666665,29.179263719999998,27.257887257777778,24.72276441777778,22.391648248888888,20.807516426666666,18.876790635555555,17.342487244444445,16.139896644444445,15.539253764444444,14.235757071111111,12.809097088888889,10.589003497777778,36.41166217777778,8.582634346666667,1.9507635466666668,0.8171902977777777,0.17186874222222223,0.16712846666666667,0.10279191555555554,0.07976021777777778,0.07597158666666666,0.06239532444444444,0.05200646222222222,0.04586070666666667,0.043155257777777775,0.04312922222222223,0.05184562222222222,0.06989713333333333,0.05206901333333334,0.04043620888888889,0.02648019111111111,0.027411884444444444,0.04395862222222222,3.669990537673677,14532969.743113244,1928.736390529221,0.6714249999999999,0.3083243665400699,0.003245,0.04554375,3.347153550736124,0.058711111111111,0.06416875,0.07619999999999999,0.0208375111111111,0.19873125,0.0,0.0166444444444444,0.0090833333333333,0.0791,0.39437142857142854,0.0379055555555555,0.0,3.6969797089333336,0.23270586445050012,0.0087222222222222,0.051164285714285704,0.0059722222222222,0.0729583333333333,0.18624999999999994,0.1029833333333333,0.14481666666666665,0.16619166666666665,0.0383,0.01978,0.015775,0.178325,0.00929166666666665,0.73045,0.03893999999999995,0.01200714285714285,0.4038875,0.38565000000000005,0.012119999999999999,0.025509999999999998,0.5689899999999999,0.0,0.0,0.27126,0.03345714285714285,0.0534428571428571,0.03205,0.02935625,0.02335714285714285,0.04463333333333325,0.0140583333333333,0.02146666666666665,0.0062625,0.00714999999999995,0.0,,,,0.009555,0.02525,1.892711866374712,9.695558238357528,9.733018679649561,43.079846747098685,235.66667,717.70044,1.0148157312435322,2024-07-19 15:30:00
2024-07-19 09:45:00,46.34,1.0,0.1113009866666666,0.20839088,0.0025855777777777,0.0245361377777777,2.8874447866666664,0.006767847555555555,0.008783422222222222,0.027421777777777778,5.666088888888888e-25,2.0443733333333332e-05,3.386511111111111e-05,0.00033552888888888885,2.0000799999999998e-25,2.1306044444444445e-05,0.0017322044444444443,0.00115928,3.20164e-07,0.10002977777777779,0.007237733333333334,0.019566622222222222,0.15557066666666666,2.887617777777778e-05,1.3549111111111111e-05,0.138,1309.4635555555553,214.41484444444447,0.05302222222222222,214.41484444444447,40.73433795555556,-111.87211,307.06911111111106,23.464444444444446,880.0840000000001,151.39564444444443,1.0831111111111111,446804.1777777778,1976.863111111111,264.7986666666667,14738214.410666663,0.0012604711111111,0.0002362799999999,0.0025139911111111,0.0002374133333333,0.0001472622222222,4.476444444444445e-05,0.0013836666666666,3.6420189583564575,10.065289353202354,16.47736776186776,13.870759644444444,0.2330043111111111,2.705134088888889,5.530965777777777,0.003032,0.3289024444444444,4.762108977777777,0.0048390222222222,0.5400251555555556,0.7794693333333332,0.1606472,0.4073738666666667,0.0228418222222222,0.04388425065843242,0.2584672888888889,0.0995947555555555,0.005833179557153453,0.0542232,0.1708241777777777,0.0769368888888888,0.0214476,0.0100905777777777,4.655875,0.27225,0.12737277729187899,0.12587500000000001,0.001,0.073625,0.438375,0.186875,0.068875,0.009375,0.01451,0.056560789093616504,1.7097972158789574,0.743910737086471,0.179175,0.008875000000000001,0.16562606359449278,0.008216867337761497,0.20810567294063714,0.015308706506057188,0.06043544110635499,0.5923,0.12474216530109664,0.2932704796655834,0.03782520230580295,0.021875,0.01225,0.012,0.143125,0.2302769726765242,0.003875,0.011375,0.1541355955138721,0.1921475354136113,0.031625,0.04594642857142855,0.10032932724438928,0.0225,0.022203460580056046,0.16330377957173353,0.011830501212251106,0.005,0.0658331597556617,0.011875,0.014875,0.006749999999999999,0.04232306960261796,0.019375,0.01675,0.02155427849766047,0.010541209107544768,0.07243542771535876,0.005000000000000001,0.010462762084128318,0.06642611917559961,0.05491480998858274,0.03878085399090192,0.0098889882128982,0.0369576898834498,0.0340992036907536,0.0080597983760683,0.0024317133566433,0.8002666254778555,56700.0,56759.0,876.1939688888889,33.07506222222222,426.3956,62.92586222222222,3.871208888888889,0.18152444444444443,0.016106666666666665,49.65592490222222,43.87958898666667,38.51046872888889,34.54958797333334,31.228657764444446,27.430670448888886,24.215735195555556,21.96867392,19.62288281777778,17.697218168888888,16.34638061777778,15.606898626666666,14.20230156,12.83677108,10.41576883111111,36.26512640888889,8.294211946666668,1.842326648888889,0.7644622044444443,0.1643247911111111,0.15896166666666664,0.09341579111111112,0.07432304888888888,0.06766098222222222,0.05323418666666667,0.04630079111111111,0.04573891111111111,0.03774929333333333,0.04845976888888889,0.04629454222222222,0.059726053333333334,0.04054245333333333,0.03935705777777778,0.022862973333333335,0.02618176,0.03677572444444444,4.194300534466157,14533652.281670678,1925.6646287408382,0.5850625,0.2927292107629824,0.0048675,0.038209375000000004,3.194917089390742,0.040288888888888805,0.05481562500000001,0.068475,0.0228418222222222,0.17485937499999998,0.0,0.01791111111111105,0.004541666666666649,0.060181250000000006,0.33866428571428564,0.03264722222222215,0.0,4.197978296947124,0.22050309079924973,0.0085722222222222,0.04254642857142855,0.002986111111111099,0.0627958333333333,0.16880833333333328,0.08894999999999995,0.12700833333333333,0.14407083333333331,0.0367375,0.015229999999999999,0.0126375,0.1524125,0.004645833333333325,0.6490916666666666,0.036289999999999926,0.006003571428571424,0.35448124999999997,0.34092500000000003,0.01,0.021325,0.500335,0.0,0.0,0.21476,0.016728571428571426,0.0414785714285714,0.016024999999999998,0.023934375,0.011678571428571427,0.036691666666666574,0.007029166666666649,0.019524999999999976,0.0031312500000000004,0.006734090909090875,0.0,,,,0.0047775000000000005,0.021875,2.3756927924559554,11.326936114173286,11.97054835124378,43.95784680958396,290.66666,776.54553,0.935078324091643,2024-07-19 15:45:00
2024-07-19 10:00:00,49.63022222222222,1.0,0.0905025511111111,0.1921055377777777,0.0023294222222222,0.0220514577777777,2.46685816,0.005985764444444444,0.009068106666666666,0.028114666666666666,8.763213333333334e-25,2.2152e-05,3.599462222222223e-05,0.0003560431111111111,3.1516755555555555e-25,2.4515333333333336e-05,0.00181996,0.001212248888888889,3.5523644444444445e-07,0.10197600000000001,0.007539875555555556,0.019877422222222222,0.15840133333333334,3.085151111111111e-05,1.5682e-05,0.138,1309.7231111111112,246.26044444444446,0.05173333333333333,246.26044444444446,40.73434,-111.87211,307.42288888888885,21.976,880.0004444444444,144.93417777777776,1.1066666666666667,441325.5111111111,1965.0026666666668,219.112,14000736.694666669,0.0012006888888888,0.0001099377777777,0.0024382577777777,0.0001877555555555,8.56888888888889e-05,3.724e-05,0.0011541644444444,3.0370740893698893,8.25195187112887,13.230865817275316,11.812730133333334,0.2264879555555555,2.211691777777778,4.112442177777778,0.0025258666666666,0.2886616,4.312273733333333,0.0038484888888888,0.3812969333333333,0.6188938222222222,0.1075349333333333,0.3044815555555555,0.0177947111111111,0.04812579865740314,0.1873578666666666,0.074756,0.005601472151328147,0.0427816888888888,0.1279597333333333,0.0608235555555555,0.0178672888888888,0.0070803555555555,4.6485,0.266,0.07522233950799714,0.10350000000000001,0.001,0.0735,0.4395,0.1875,0.0695,0.0095,0.01068,0.04102817919953906,1.3934541534883216,0.3728438427868589,0.1229,0.0085,0.12450141812599036,0.008016064131201425,0.16235530008805968,0.00674494200807625,0.050913921475139984,0.5677333333333333,0.08032288706812885,0.21571197496644132,0.018100269741070603,0.018500000000000003,0.011,0.011,0.1265,0.15236929690203227,0.0035,0.0115,0.11188395596777696,0.11986338055148171,0.0305,0.0339285714285714,0.07877243632585237,0.022,0.016271280773408062,0.11640503942897806,0.008453740389169347,0.005,0.04764566102268335,0.0105,0.0135,0.006,0.029443764055846557,0.0175,0.014,0.016072371330213962,0.007388278810059691,0.04291390362047833,0.0,0.007305544115433821,0.055234825567466145,0.045553079984776985,0.012764470145594464,0.0091657998778998,0.0284903987667887,0.0316092013186813,0.00740063003663,0.0018209538095238,0.7940784363369964,57600.0,57659.0,876.12512,33.46668444444445,393.24768,57.64690666666666,3.4783911111111108,0.1780622222222222,0.014493333333333334,45.00852138222222,39.845992315555556,35.25008247555556,32.09503824888889,28.72103768,25.43949391111111,22.473153524444445,20.308455675555557,18.1039322,16.359983071111113,15.151715897777779,14.525262835555557,13.502171608888888,12.222917133333334,9.939907195555556,33.937315444444444,7.485427755555555,1.4184194577777778,0.5760382266666666,0.13789300444444444,0.12254828444444445,0.07631649777777778,0.06413875555555555,0.054197475555555555,0.04223575555555556,0.039647768888888886,0.03307046222222222,0.03290210222222222,0.03793333777777778,0.04053933333333334,0.052547319999999995,0.02977757333333333,0.03289394222222222,0.025756453333333332,0.022847457777777778,0.03753887555555556,3.6783060076832603,13806410.541852634,1913.8648540057338,0.4987,0.1229,0.00649,0.030875,1.68255,0.0218666666666666,0.0454625,0.06075,0.0177947111111111,0.1509875,0.0,0.0191777777777777,0.0,0.0412625,0.2829571428571428,0.0273888888888888,0.0,3.704925463847332,0.0949666666666666,0.0084222222222222,0.0339285714285714,0.0,0.0526333333333333,0.1513666666666666,0.0749166666666666,0.1092,0.12195,0.035175,0.01068,0.0095,0.1265,0.0,0.5677333333333333,0.0336399999999999,0.0,0.305075,0.2962,0.00788,0.01714,0.4316799999999999,0.0,0.0,0.15826,0.0,0.0295142857142857,0.0,0.0185125,0.0,0.0287499999999999,0.0,0.0175833333333333,0.0,0.0063181818181818,0.0,,,,0.0,0.018500000000000003,1.4,6.1,6.2,51.0,293.16666,837.09637,0.7938810661183915,2024-07-19 16:00:00
2024-07-19 10:15:00,53.25822222222222,1.0,0.0681432977777777,0.1898876488888889,0.0025890177777777,0.0209639066666666,2.1599498444444447,0.006330513777777778,0.009315982222222222,0.028707066666666666,1.4504431111111111e-24,2.3752533333333333e-05,3.793502222222222e-05,0.0003747675555555555,5.396111111111111e-25,2.7748444444444442e-05,0.0018985422222222222,0.0012592711111111112,3.8925022222222225e-07,0.10359822222222223,0.0078070311111111115,0.020139777777777777,0.1607808888888889,3.2683066666666665e-05,1.784271111111111e-05,0.138,1309.9764444444445,359.29555555555555,0.04733333333333334,359.29555555555555,40.73434,-111.87211,307.4691111111111,21.055999999999997,880.0,136.39097777777778,0.9288888888888889,437264.4,1958.200444444444,188.3071111111111,13522086.039555555,0.00111232,0.00011503562942623913,0.0024851822222222,0.0001587777777777,4.161333333333333e-05,9.111111111111116e-07,0.0009967555555555,2.372580355555556,6.325516,9.936479111111112,9.521542533333331,0.2209481333333333,1.8105976444444445,3.258037333333333,0.0009028444444444,0.2433984444444444,4.0527812,0.0026319555555555,0.22003702222222224,0.5641870222222223,0.0887356,0.2403459111111111,0.0145384,0.052367346656373874,0.1597012444444444,0.0590217777777777,0.005369764745502841,0.0367292888888888,0.0991718222222222,0.0594479555555555,0.0238071555555555,0.0057063999999999,4.641125,0.25975,0.09562037651887359,0.081125,0.001,0.073375,0.440625,0.188125,0.07012499999999999,0.009625,0.01251,0.03498707366751572,1.3410879014485744,0.3908174250179449,0.142675,0.008125,0.12487606359449277,0.007815260924641354,0.14676851178981462,0.011308706506057187,0.052185441106354986,0.6673,0.07624216530109663,0.16736759794437847,0.01857520230580295,0.015125,0.00975,0.009999999999999998,0.130625,0.1945269726765242,0.003125,0.011625,0.09545100521837994,0.1683975354136113,0.029375,0.035946428571428546,0.08857932724438927,0.021500000000000002,0.017953460580056046,0.14280377957173354,0.006314715949606418,0.005,0.0405719882813524,0.009125000000000001,0.012125,0.0052499999999999995,0.021285309616067782,0.015625,0.01125,0.015304278497660471,0.0077912091075447686,0.04943542771535875,0.00325,0.005305590091476216,0.05817611917559961,0.04791480998858274,0.020069739528325442,0.0090565606016206,0.0240563272050172,0.0347988647030747,0.0069276627627927,0.0015241883538683,0.75767253988789,58500.0,58559.0,876.1282044444445,33.886155555555554,371.59186666666665,54.50501333333333,3.2003733333333333,0.17333333333333334,0.013479999999999999,40.52301033333333,36.40441153333334,32.565463737777776,30.013317604444445,27.135771262222224,24.053158444444442,21.49063276,19.651518160000002,17.45792628,15.967401208888889,14.804646786666668,14.261969253333332,13.17211524888889,11.854914248888889,9.739519395555556,32.74865051111111,7.12909928888889,1.3518051111111111,0.5180268755555556,0.12260382222222223,0.10752826666666666,0.06050577333333333,0.05516203555555555,0.04572375111111111,0.03297114222222222,0.030063204444444443,0.03377335111111111,0.025335,0.02702440888888889,0.033700386666666665,0.044777431111111106,0.03052749777777778,0.02913355111111111,0.015698097777777777,0.017267102222222223,0.03664776444444444,3.342063479255815,13334403.418605462,1907.097427178154,0.5322375,0.16985140642422822,0.0593875,0.038109375,2.3007648046601616,0.03862499999999992,0.05609375,0.0720375,0.0145384,0.1746125,0.009408333333333326,0.01726111111111105,0.018,0.0485,0.34432499999999994,0.042272222222222156,0.0044,3.3836326542444444,0.1243546422334804,0.009933333333333301,0.039757142857142824,0.024813888888888875,0.0562333333333333,0.15350833333333327,0.08829583333333327,0.13135833333333333,0.14095,0.03554375,0.014754999999999975,0.011453125,0.14633125,0.004674999999999975,0.9353666666666666,0.0344599999999999,0.002410714285714275,0.3565875,0.353775,0.009565,0.01943,0.49184999999999995,0.0,0.0,0.14984,0.01262142857142855,0.040853571428571406,0.01433214285714285,0.020471875,0.00870714285714285,0.034312499999999926,0.006858333333333325,0.018254166666666627,0.0,0.033920454545454524,0.0,,,,0.0,0.015125,1.6247720803652197,7.598126739975355,7.069568086906779,50.34725726897889,235.66667,898.45728,0.8108733893436231,2024-07-19 16:15:00
2024-07-19 10:30:00,54.616,1.0,0.05328456,0.1992226533333333,0.002234,0.0223030622222222,2.1441435333333336,0.007214035555555555,0.009530782222222223,0.029213066666666666,2.6083244444444443e-24,2.5234088888888887e-05,3.9689688888888885e-05,0.0003917426666666667,1.0194133333333332e-24,3.0946711111111115e-05,0.001968888888888889,0.0013007155555555554,4.217991111111111e-07,0.105004,0.008041564444444444,0.02035688888888889,0.162768,3.436373333333333e-05,1.9992355555555556e-05,0.138,1309.4253333333334,359.3408888888889,0.0448,359.3408888888889,40.73434,-111.87211,307.93177777777777,20.71688888888889,880.0026666666668,114.62137777777777,0.6213333333333334,433627.4222222222,1958.6053333333332,178.08444444444442,14247123.396000002,0.0011896844444444,0.00012013348107477825,0.0026026577777777,0.0001384355555555,4.781333333333333e-05,9.337777777777778e-06,0.0007775955555555,1.0954748444444444,3.866484,6.579498222222222,10.282835622429422,0.2167251476985977,1.874170137049987,3.9764550683390687,0.0012360843674843,0.246954166988567,4.17275522931143,0.003584407004107,0.2116072505069005,0.5653981621008621,0.2759633446978947,0.3223215262848263,0.0138605092555592,0.0566088946553446,0.2038683527139527,0.0736920322621822,0.005138057339677536,0.0458535863839863,0.1221459039257039,0.1258824224053724,0.0203818299367299,0.0061633557461057,4.63375,0.2535,0.17829035445669567,0.058750000000000024,0.001,0.07325,0.44175,0.18875,0.07075,0.00975,0.014339999999999999,0.0446346061809407,1.3490870961675938,0.3436284875556357,0.16245,0.00775,0.12525070906299518,0.007614457718081283,0.14711358371666688,0.015872471004038123,0.05345696073756999,0.7668666666666666,0.07216144353406442,0.22915944678136188,0.0190501348705353,0.01175,0.0085,0.009,0.13474999999999998,0.23668464845101614,0.00275,0.01175,0.12169412012606147,0.21693169027574086,0.02825,0.0379642857142857,0.09838621816292618,0.021,0.019635640386704033,0.16920251971448902,0.008309096887764844,0.005,0.051868511310054,0.00775,0.01075,0.0045,0.028892079187552187,0.01375,0.0085,0.01453618566510698,0.008194139405029846,0.05595695181023917,0.0065,0.007170304729046837,0.061117412783733074,0.05027653999238849,0.02683524765435613,0.0091335772238872,0.0220806498878898,0.0408252412476412,0.0068440223898323,0.0015153779154179,0.7574029820512821,59400.0,59459.0,876.1360711111112,34.30883111111111,337.97235555555557,51.109675555555555,3.0203866666666666,0.1739911111111111,0.012991111111111111,32.98492064,30.272282466666663,27.664771817777776,25.95821084888889,24.214961142222226,21.930710555555557,19.813381,18.455164302222222,16.737172466666667,15.374915413333333,14.404665484444445,13.921784377777778,13.188432373333335,11.851044773333335,9.711676315555556,32.05670457777778,6.95437792,1.3006619555555554,0.4813322755555555,0.10211607111111111,0.10532907555555555,0.06013824444444445,0.05498067555555555,0.040286848888888886,0.03710378222222222,0.027685906666666666,0.028574515555555555,0.02724504,0.022103555555555557,0.029371186666666663,0.03734035555555556,0.03141848888888889,0.026607977777777778,0.01490340888888889,0.017964444444444446,0.031908813333333334,3.349191767942178,14049377.46743996,1907.5002449396654,0.565775,0.1534294782079215,0.112285,0.04534375,1.9598751041589892,0.05538333333333324,0.066725,0.083325,0.0138605092555592,0.1982375,0.01881666666666665,0.0153444444444444,0.036,0.055737499999999995,0.4056928571428571,0.0571555555555555,0.0088,3.3904440112444445,0.11150494224939349,0.0114444444444444,0.04558571428571425,0.04962777777777775,0.05983333333333331,0.15564999999999996,0.10167499999999995,0.15351666666666666,0.15994999999999998,0.0359125,0.01882999999999995,0.013406250000000001,0.1661625,0.00934999999999995,1.303,0.035279999999999895,0.00482142857142855,0.4081,0.41135,0.01125,0.02172,0.55202,0.0,0.0,0.14142,0.0252428571428571,0.0521928571428571,0.0286642857142857,0.02243125,0.0174142857142857,0.03987499999999995,0.01371666666666665,0.01892499999999995,0.0,0.06152272727272724,0.0,,,,0.0,0.01175,0.8693161034455007,5.14630394028588,4.554237531279952,51.6012498780918,178.16667,959.71173,0.8970935450923867,2024-07-19 16:30:00
2024-07-19 10:45:00,57.09111111111111,1.0,0.0357313525039775,0.1854603728234728,0.0025479393767343,0.0221422887264587,1.984045406780627,0.0075987937777777775,0.009713062222222223,0.029636577777777777,5.165591111111111e-24,2.6577422222222222e-05,4.124351111111111e-05,0.00040682355555555556,2.1411911111111114e-24,3.402795555555555e-05,0.002030391111111111,0.0013366577777777777,4.52248e-07,0.10614844444444445,0.008243871111111111,0.02053448888888889,0.16439422222222222,3.587448888888889e-05,2.207391111111111e-05,0.138,1308.9226666666666,297.16297777777777,0.04564444444444445,297.16297777777777,40.73433995555556,-111.87211,309.16866666666664,18.793333333333333,880.0506666666666,113.71675555555557,0.7222222222222221,433401.9555555555,1956.0222222222224,164.60977777777777,13638918.214222224,0.0013948798329448,0.00012523133272331738,0.0026792583758833,0.0001053828508528,2.648932308432309e-05,1.332598133449782e-05,0.0006268345848595,0.7184163206349207,2.9226339047619048,5.396000698412698,8.52205486052466,0.2211215223831723,1.6114487261590262,3.0762349924686423,0.0010898392311392,0.2197014355755356,4.245892472353573,0.0032279318792318,0.15125192217412217,0.3789858356032856,0.1670594218059718,0.2358996158896659,0.0111578675657675,0.0235599363950863,0.1420603338531838,0.0552800752617752,0.00490634993385223,0.0426532291930291,0.0878939535168535,0.1108300264050764,0.0343235778110778,0.0046399823472823,4.6263749999999995,0.24725,0.13020407900994144,0.03637500000000002,0.001,0.073125,0.442875,0.18937500000000002,0.071375,0.009875,0.016169999999999997,0.03113372521062558,1.2980538143817597,0.28142796557910055,0.18222500000000003,0.007375,0.1256253545314976,0.007413654511521211,0.09400191443056233,0.020436235502019062,0.054728480368785,0.8664333333333333,0.06808072176703221,0.16401605490775803,0.019525067435267652,0.008375,0.0072499999999999995,0.008,0.138875,0.2788423242255081,0.002375,0.011875,0.08496916789958503,0.2654658451378704,0.027125,0.039982142857142855,0.1081931090814631,0.0205,0.021317820193352016,0.19560125985724452,0.005806041735256022,0.005,0.036060011823092424,0.0063750000000000005,0.009375,0.00375,0.01934517498005776,0.011875,0.005749999999999998,0.01376809283255349,0.008597069702514922,0.06247847590511959,0.00975,0.004829987745351823,0.06405870639186653,0.05263826999619425,0.018344171726886446,0.0078491276364376,0.0148196485712435,0.0388246399395049,0.006392884056129,0.0013536578465978,0.7833991628379029,60300.0,60359.0,876.1768488888888,34.91894666666666,323.30389777777776,48.76430222222222,2.827128888888889,0.17077333333333333,0.012253333333333333,31.006536200000003,28.439820951111113,26.166500084444447,24.760917217777777,23.158770862222223,21.097502608888888,19.13554282666667,17.735180902222222,16.093111915555557,14.943395399999998,14.062568213333332,13.520929751111112,12.760633906666667,11.63704770222222,9.349487795555554,30.55930299111111,6.56677368,1.1972143155555555,0.44901232444444444,0.10408161333333334,0.10864571555555556,0.061873257777777774,0.049171662222222225,0.04207799555555556,0.029357315555555555,0.027319524444444444,0.027219022222222222,0.027403653333333333,0.022596853333333333,0.024483013333333335,0.032376697777777776,0.030157439999999997,0.018954373333333333,0.014888608888888887,0.014659048888888889,0.028377244444444446,3.214194038519774,13449613.99667168,1904.930347212002,0.5993125,0.13178346196245447,0.1651825,0.052578124999999996,1.9387423755119713,0.07214166666666658,0.07735625,0.09461249999999999,0.0111578675657675,0.2218625,0.02822499999999998,0.01342777777777775,0.05399999999999999,0.062975,0.4670607142857142,0.07203888888888886,0.0132,3.261448431836369,0.09456753934875671,0.0129555555555555,0.051414285714285676,0.07444166666666663,0.0634333333333333,0.1577916666666666,0.11505416666666662,0.17567499999999997,0.17895,0.03628125,0.022904999999999925,0.015359375000000001,0.18599375,0.014024999999999926,1.670633333333333,0.036099999999999896,0.007232142857142826,0.45961250000000003,0.468925,0.012934999999999999,0.02401,0.61219,0.0,0.0,0.133,0.037864285714285656,0.0635321428571428,0.042996428571428554,0.024390625,0.026121428571428552,0.04543749999999997,0.020574999999999975,0.019595833333333274,0.0,0.08912499999999997,0.0,,,,0.0,0.008375,0.6462717950605154,4.205220951941749,3.667462305957747,53.88716962936832,120.66666,1019.9532,0.9217506770012577,2024-07-19 16:45:00
2024-07-19 11:00:00,58.23288888888889,1.0,0.02369,0.171125,0.004594,0.024443,1.7334580000000002,0.007848678666666668,0.009871235555555555,0.029998622222222222,1.1427702222222222e-23,2.7810755555555556e-05,4.2645244444444445e-05,0.0004204377777777778,5.012888888888889e-24,3.699631111111111e-05,0.0020850400000000002,0.001368537777777778,4.808911111111111e-07,0.10710311111111111,0.008422124444444446,0.020680311111111113,0.16575688888888887,3.725111111111111e-05,2.4085466666666665e-05,0.138,1309.110222222222,347.74626666666666,0.0436,347.74626666666666,40.73433751111111,-111.87211,309.56466666666665,18.88977777777778,880.0946666666666,98.77008888888889,0.6368888888888888,432982.0888888889,1957.7626666666663,171.43466666666666,14311639.724444443,0.002208,0.0001303291843718565,0.002346,0.00010427880048294448,3.351011944536694e-05,1.731418489121786e-05,0.0005974832731050194,0.686669157977208,3.069971488733489,5.760013210178711,9.554745644444443,0.2170409333333333,1.9696064,3.685261288888889,0.0014665777777777,0.2376877333333333,4.681443466666667,0.0045741777777777,0.14914768888888888,0.3875613777777777,0.2912931111111111,0.2508698666666667,0.014973037275110497,0.0826056444444444,0.1344675111111111,0.0505236444444444,0.004674642528026924,0.04281,0.1105333777777777,0.1176356,0.0829069777777777,0.0061736888888888,4.619,0.241,0.092,0.014,0.001,0.073,0.444,0.19,0.072,0.01,0.018,0.036,1.527,0.334,0.202,0.007,0.126,0.00721285130496114,0.099,0.025,0.056,0.966,0.064,0.222,0.02,0.005,0.006,0.007,0.143,0.321,0.002,0.012,0.099,0.314,0.026,0.042,0.118,0.02,0.023,0.222,0.007,0.005,0.04,0.005,0.008,0.003,0.017,0.01,0.003,0.013,0.009,0.069,0.013,0.005,0.067,0.055,0.019,0.00746,0.01023,0.0356019999999999,0.0056289999999999,0.001238,0.831334,61200.0,61259.0,876.1981155555555,35.65814222222222,328.68167555555556,49.745866666666664,2.9798400000000003,0.17597333333333334,0.012631111111111112,31.99348232,29.117912955555553,26.974470399999998,25.286552093333334,23.629027057777776,21.54535784888889,19.530353022222222,17.97858954222222,16.26846014222222,14.973790475555555,14.053841662222222,13.693066537777778,12.945369915555554,11.78904031111111,9.556358742222221,30.37163196,6.546367715555556,1.2141374755555556,0.48372603999999997,0.12038856444444444,0.10657676,0.06137788,0.04670961333333333,0.04435336888888888,0.03659135555555556,0.03655423555555556,0.028908533333333333,0.02736459111111111,0.02502788,0.029242186666666666,0.04445243555555556,0.031129986666666665,0.022479906666666667,0.021637142222222225,0.01765355111111111,0.029617595555555556,3.4421267744884525,14112998.328011982,1906.6618887642264,0.63285,0.29505,0.21808,0.0598125,1.93695,0.0888999999999999,0.0879875,0.1059,0.008809822671772601,0.2454875,0.0376333333333333,0.0115111111111111,0.072,0.0702125,0.5284285714285714,0.0869222222222222,0.0176,3.479247023473037,0.1321833333333333,0.0144666666666666,0.0572428571428571,0.0992555555555555,0.0670333333333333,0.1599333333333333,0.1284333333333333,0.1978333333333333,0.19795,0.03665,0.0269799999999999,0.0173125,0.205825,0.0186999999999999,2.0382666666666664,0.0369199999999999,0.0096428571428571,0.511125,0.5265,0.01462,0.0263,0.6723600000000001,0.0,0.0,0.12458,0.0504857142857142,0.0748714285714285,0.0573285714285714,0.02635,0.0348285714285714,0.051,0.0274333333333333,0.0202666666666666,0.0,0.1167272727272727,0.0,,,,0.0,0.005,0.6274921534636787,7.8,8.3,55.0,213.66667,1078.3147,0.9319119799807701,2024-07-19 17:00:00
2024-07-19 11:15:00,60.24,1.0,0.06866433420047358,0.16967385001586358,0.0044858437626139,0.02426131630172571,1.6588315575590964,0.006700019555555556,0.010007519999999999,0.030305555555555554,2.736213333333333e-23,2.8937911111111112e-05,4.389777777777778e-05,0.00043265777777777776,1.2533546666666666e-23,3.986422222222222e-05,0.0021336222222222223,0.001396311111111111,5.078395555555556e-07,0.107904,0.008577804444444444,0.020800044444444443,0.16688444444444445,3.8501600000000004e-05,2.6038088888888892e-05,0.138,1308.8031111111113,212.91577777777778,0.04177777777777778,212.91577777777778,40.73433986666667,-111.87211,309.5793333333333,18.294666666666664,880.044888888889,103.40066666666667,0.5946666666666667,435634.5777777778,1962.4786666666664,185.27955555555556,14414077.542222222,0.0021507227376986473,0.00013542703602039565,0.0024104526140638475,0.00010317475011308896,4.053091580641078e-05,2.1302388447937902e-05,0.0005681319613505388,0.8053287603285603,4.050980335664336,7.445230265512266,10.514428622222225,0.2172428888888888,2.214518577777778,4.851997022222222,0.0016514222222222,0.2534884,5.131862311111111,0.0024731111111111,0.1356208888888889,0.3705694666666666,0.1241371111111111,0.3542550666666667,0.0064617777777777,0.0865247555555555,0.1675844,0.0870527999999999,0.003864362911310419,0.0390556888888888,0.0989672444444444,0.0926574666666666,0.0664554666666666,0.0070836888888888,4.726999999999999,0.241,0.11125183192759767,0.01675,0.0011250000000000001,0.073,0.442875,0.19025,0.075625,0.01,0.018029999999999997,0.03670901115698261,1.4256106768220391,0.37684190038887455,0.212425,0.007,0.10455757907124717,0.0070120480984010684,0.0916039646171021,0.024673118772214588,0.05380417015365921,1.0067416666666666,0.061577126692908365,0.25323041588507517,0.019525067435267652,0.004375,0.0063750000000000005,0.00625,0.15469375,0.3359264920771467,0.002,0.012625,0.10013500118699074,0.33071052592387673,0.024874999999999998,0.04297142857142855,0.1278391296387973,0.01925,0.022561987881822263,0.24004591670368136,0.010125456687371099,0.0055,0.0425882454410644,0.0053125,0.007125,0.00275,0.03581985822422429,0.009336210966334182,0.003239555050148532,0.013419094295079141,0.0076565263780293494,0.06535286081730035,0.01297916666666665,0.008868572417339177,0.07076651477236223,0.06144300314683491,0.03299685737941631,0.007276565301679873,0.010882191788481932,0.03446773682576972,0.005508084939655389,0.0011880571882086142,0.8291802954333566,62100.0,62159.0,876.1468133333333,36.416764444444446,346.70345777777777,52.32266666666667,3.215457777777778,0.18037777777777778,0.013195555555555554,35.02125599111112,31.807691044444443,29.183631422222224,27.042278702222223,25.12238230666667,22.759018728888886,20.48150804,18.73353324888889,16.86084100888889,15.588308684444446,14.556716093333334,14.152775995555555,13.33930944,12.072347897777778,9.8588032,30.707602324444444,6.710775826666667,1.3013775466666668,0.5669541688888889,0.13222219555555556,0.11873387111111113,0.07382324888888889,0.05869135111111111,0.050597493333333333,0.04195109777777777,0.040065871111111116,0.028898684444444444,0.033412555555555556,0.02958592,0.04098945777777777,0.05237631111111111,0.03108891111111111,0.02507137333333333,0.021101048888888887,0.019264395555555553,0.03850796444444445,3.85055658196485,14214014.338675926,1911.3537650182247,0.618825,0.1649878711427413,0.16715249999999998,0.057434374999999996,2.148003461822661,0.07027777777777769,0.0795625,0.10213749999999999,0.0064617777777777,0.229859375,0.02822499999999998,0.008633333333333326,0.05399999999999999,0.066465625,0.49580357142857134,0.07179166666666666,0.0132,3.869517584973333,0.12054906176777892,0.01084999999999995,0.05440357142857138,0.07683888888888882,0.062383333333333305,0.15304999999999996,0.12312499999999997,0.19445416666666662,0.18866666666666665,0.03605625,0.024764999999999926,0.016065625,0.2018125,0.017254166666666577,1.8109416666666664,0.03531999999999992,0.009924999999999951,0.5009,0.49918499999999993,0.010964999999999999,0.02289,0.6488050000000001,0.0,0.0,0.10815,0.04150357142857135,0.07144642857142851,0.05542142857142855,0.0197625,0.03083571428571425,0.048458333333333325,0.020574999999999975,0.0191666666666666,0.0,0.09105454545454542,0.0,,,,0.0,0.004375,0.6976837743088942,5.3302593838266645,5.202916309488144,56.79536525475783,478.66666,1133.9962,0.7810879344416547,2024-07-19 17:15:00
2024-07-19 11:30:00,56.99333333333333,1.0,0.0879780233006755,0.16822270003172715,0.0043776875252278,0.02407963260345142,1.5842051151181928,0.005552509333333333,0.01012657777777778,0.03056853333333333,6.689715555555555e-23,2.996208888888889e-05,4.501977777777778e-05,0.0004435991111111111,3.1387244444444445e-23,4.254528888888889e-05,0.002176546666666667,0.0014208888888888889,5.327231111111111e-07,0.10856755555555556,0.008714266666666666,0.02090151111111111,0.16783777777777778,3.9631644444444444e-05,2.7865866666666667e-05,0.138,1309.1115555555555,129.86244444444444,0.04502222222222222,129.86244444444444,40.73434,-111.87211,308.3842222222222,20.076444444444444,880.0004444444444,101.74071111111111,0.736,440010.7111111111,1976.0097777777776,245.41244444444447,15274464.247555556,0.0020934454753972946,0.00014052488766893477,0.0024749052281276946,0.00010207069974323344,4.7551712167454626e-05,2.5290592004657946e-05,0.0005387806495960581,1.552419288888889,8.191845777777777,13.182922222222224,13.441212577777778,0.2227915555555555,3.296861911111111,8.044037955555556,0.0030641777777777,0.3436608,6.336615244444444,0.0031454222222222,0.13141777777777777,0.5017654666666667,0.4295447111111111,0.7624159111111111,0.0439831555555555,0.0904438666666666,0.3792655111111111,0.4155003111111111,0.0030540832945939143,0.0469948888888888,0.1359304444444444,0.1027008444444444,0.0695061333333333,0.0098861777777777,4.835,0.241,0.2461038518287224,0.0195,0.00125,0.073,0.44175,0.1905,0.07925,0.01,0.01806,0.08294704850959429,1.6929383203130897,0.654421833857548,0.22285,0.007,0.08311515814249434,0.006811244891840998,0.12898367385940032,0.024346237544429175,0.05160834030731842,1.0474833333333335,0.05915425338581673,0.5608952397188524,0.0190501348705353,0.00375,0.00675,0.0055,0.1663875,0.35085298415429345,0.002,0.013250000000000001,0.2259112165728126,0.34742105184775346,0.02375,0.0439428571428571,0.13767825927759458,0.0185,0.022123975763644527,0.2580918334073627,0.054776996716342057,0.006,0.09672945232778889,0.005625,0.00625,0.0025,0.20612532470442654,0.008672421932668364,0.0034791101002970637,0.013838188590158281,0.0063130527560587004,0.06170572163460068,0.012958333333333301,0.050617056214509605,0.07453302954472446,0.06788600629366981,0.18446759756044326,0.007093130603359747,0.015747818112300707,0.03333347365153955,0.005387169879310878,0.0011381143764172285,0.8270265908667132,63000.0,63059.0,876.1129955555556,36.99909777777778,393.6403555555555,59.17766666666667,3.9150622222222227,0.1935822222222222,0.015364444444444446,43.75772339111111,38.90548436444444,35.00250325333333,32.04375244,29.178065666666665,25.658606466666665,23.006715093333334,20.70465825333333,18.522641080000003,16.757585804444446,15.64631032,15.001008208888889,14.195021506666668,12.731542426666667,10.312692497777778,31.64720663111111,7.080882257777778,1.5303378844444446,0.7831421511111111,0.18704798666666667,0.15461319111111113,0.09999458222222221,0.08421873333333332,0.07312758666666667,0.05788616444444445,0.05404245333333333,0.04593221777777778,0.04901955111111111,0.04874016888888889,0.056718208888888885,0.0739422888888889,0.036334048888888894,0.03931059555555556,0.030249395555555555,0.030843280000000004,0.052363306666666665,4.638855560347699,15062459.126806898,1924.8156604619128,0.6048,0.26158673491988504,0.11622499999999995,0.05505625,2.558173353557507,0.051655555555555496,0.07113749999999999,0.09837499999999999,0.0439831555555555,0.21423124999999998,0.01881666666666665,0.00575555555555555,0.036,0.06271875,0.4631785714285714,0.05666111111111111,0.0088,4.622767909244445,0.19613497360408927,0.0072333333333333,0.05156428571428565,0.05442222222222215,0.0577333333333333,0.14616666666666664,0.11781666666666665,0.19107499999999994,0.17938333333333328,0.0354625,0.022549999999999952,0.01481875,0.1978,0.01580833333333325,1.5836166666666667,0.033719999999999944,0.0102071428571428,0.49067500000000003,0.4718699999999999,0.00731,0.01948,0.6252500000000001,0.0,0.0,0.09172,0.0325214285714285,0.06802142857142851,0.0535142857142857,0.013175,0.026842857142857102,0.04591666666666665,0.01371666666666665,0.0180666666666666,0.0,0.06538181818181815,0.0,,,,0.0,0.00375,1.1396159405948079,9.458984956092486,9.502074504059717,53.796865742623694,743.66669,1186.2896,0.6371745949171473,2024-07-19 17:30:00
2024-07-19 11:45:00,57.51511111111111,1.0,0.09793743191481141,0.16677155004759073,0.0042695312878417,0.02389794890517713,1.509578672677289,0.008183297333333334,0.010222844444444443,0.030778311111111113,1.5118146666666665e-22,3.083991111111111e-05,4.596666666666667e-05,0.0004528662222222222,7.204248888888887e-23,4.494666666666667e-05,0.0022125822222222222,0.0014412444444444445,5.545386666666666e-07,0.10909333333333333,0.008827173333333334,0.020978933333333335,0.16857155555555553,4.059577777777778e-05,2.9508933333333335e-05,0.138,1309.3822222222223,354.25564444444444,0.04897777777777778,354.25564444444444,40.734338977777774,-111.87211,308.64155555555556,20.092444444444443,879.9799999999999,91.2816,0.8017777777777778,442267.3333333333,1979.4937777777775,254.864,15418900.82088889,0.002036168213095942,0.00014562273931747392,0.002539357842191542,0.00010096664937337793,5.457250852849848e-05,2.9278795561377985e-05,0.0005094293378415776,2.778063111111112,9.613966666666668,16.377373333333335,30.78721195555556,0.2260791555555555,3.472736933333333,8.6744316,0.0029393777777777,0.3532329777777778,6.9150632000000005,0.0037999111111111,0.1564084,0.5938139555555556,0.4071287999999999,0.7065568444444444,0.0327269333333333,0.0997836444444444,0.3960152444444444,0.1770240888888889,0.0022438036778774095,0.0577139111111111,0.1300037777777777,0.1045771111111111,0.0766436444444444,0.0109184,4.943,0.241,0.23620615808679388,0.02225,0.001375,0.073,0.440625,0.19075,0.082875,0.01,0.018090000000000002,0.08660573487725244,1.761770029865609,0.6980512388431339,0.233275,0.007,0.061672737213741516,0.006610441685280926,0.15520966970424,0.024019356316643762,0.04941251046097764,1.0882250000000002,0.056731380078725094,0.5187896087171544,0.01857520230580295,0.003125,0.007125,0.00475,0.17808125,0.36577947623144014,0.002,0.013875,0.2358635361554635,0.3641315777716302,0.022625,0.04491428571428566,0.14751738891639188,0.017750000000000002,0.021685963645466794,0.2761377501110441,0.022356807120473627,0.0065,0.10101349436128641,0.0059375,0.005375,0.0022500000000000003,0.08247145948681922,0.008008632899002544,0.003718665150445595,0.014257282885237423,0.0049695791340880514,0.05805858245190102,0.01293749999999995,0.020304691642848063,0.07829954431708668,0.07432900944050472,0.07448908143962778,0.006909695905039621,0.019161592546014527,0.03219921047730938,0.005266254818966368,0.0010881715646258428,0.8248728863000697,63900.0,63959.0,876.0828444444445,37.48108,412.71654222222224,61.91253777777778,4.312471111111111,0.20398222222222223,0.016244444444444443,47.46126263555555,42.086908137777776,37.441647715555554,34.22731252444444,30.98268282222222,27.157934235555555,23.88574023111111,21.59202176888889,19.07519101777778,17.28588743111111,16.048151897777778,15.299681942222223,14.365070444444445,13.010012466666666,10.468503786666666,31.57019689777778,7.070453133333333,1.5593608177777776,0.8209394844444444,0.19080209333333334,0.17586032444444444,0.10892614666666667,0.09619287555555554,0.07429412,0.06633613333333334,0.05928014222222222,0.05395644,0.041073231111111115,0.049692622222222226,0.06221406222222223,0.08754322222222223,0.052763977777777776,0.056511026666666665,0.03611012,0.03623674666666667,0.059731813333333335,4.976435254343747,15204890.962515803,1928.2818387632124,0.590775,0.2767699324090367,0.06529749999999993,0.052678125,2.7696839319772764,0.033033333333333297,0.0627125,0.0946125,0.0327269333333333,0.198603125,0.009408333333333324,0.0028777777777777742,0.018000000000000002,0.058971875,0.4305535714285714,0.04153055555555555,0.004400000000000001,4.945338432539439,0.20801540140555835,0.00361666666666665,0.04872499999999993,0.03200555555555547,0.0530833333333333,0.13928333333333331,0.11250833333333332,0.18769583333333328,0.17009999999999995,0.034868750000000004,0.020334999999999975,0.013571875,0.1937875,0.014362499999999926,1.356291666666667,0.032119999999999975,0.010489285714285649,0.48045000000000004,0.4445549999999999,0.0036550000000000003,0.01607,0.601695,0.0,0.0,0.07529,0.023539285714285648,0.0645964285714285,0.05160714285714285,0.0065875,0.022849999999999954,0.04337499999999997,0.006858333333333324,0.0169666666666666,0.0,0.039709090909090874,0.0,,,,0.0,0.003125,1.8646303916458695,10.876936580671769,11.8956241709133,54.278760120070025,1008.6667,1234.5985,0.9270575102939711,2024-07-19 17:45:00
2024-07-19 12:00:00,59.86044444444444,1.0,0.08276862530220774,0.1653204000634543,0.0041613750504556,0.023716265206902842,1.4349522302363855,0.009290464,0.010301555555555557,0.030948044444444444,3.1133644444444444e-22,3.15948e-05,4.676986666666667e-05,0.0004607426666666667,1.4984253333333332e-22,4.708217777777778e-05,0.002242786666666667,0.0014582444444444444,5.736475555555555e-07,0.10951155555555556,0.008921057777777778,0.021038444444444446,0.16915422222222223,4.1420533333333334e-05,3.097302222222223e-05,0.138,1309.0644444444445,359.0867555555556,0.04768888888888889,359.0867555555556,40.734339688888895,-111.87211,309.78066666666666,18.552000000000003,879.8728888888888,114.86475555555556,1.1186666666666667,438830.3555555556,1971.6493333333333,215.72977777777777,14429474.37511111,0.0019788909507945894,0.00015072059096601304,0.0026038104562553896,9.98625990035224e-05,6.159330488954232e-05,3.3266999118098025e-05,0.000480078026087097,3.001375334554335,8.488037879120881,15.39586141880342,13.776899688888893,0.2197744444444444,2.663645733333333,6.052848088888889,0.0026217333333333,0.296822311111111,5.810631377777778,0.0021790222222222,0.1325036,0.4670788444444444,0.1679308888888888,0.4473805777777778,0.0134349333333333,0.0144808,0.2321980888888889,0.0698082222222222,0.0014335240611609047,0.0474268444444444,0.0863272888888888,0.0661533777777777,0.0621332888888888,0.0077827111111111,5.051,0.241,0.07598622258063625,0.025,0.0015,0.073,0.4395,0.191,0.0865,0.01,0.01812,0.05082274168613825,1.412034232811075,0.4601760013885988,0.2437,0.007,0.04023031628498868,0.006409638478720855,0.11910093465039923,0.02369247508885835,0.047216680614636845,1.128966666666667,0.05430850677163346,0.3234268699555985,0.018100269741070603,0.0025,0.0075,0.004,0.189775,0.38070596830858683,0.002,0.0145,0.1385270202382116,0.3808421036955069,0.0215,0.0458857142857142,0.15735651855518917,0.017,0.021247951527289057,0.2941836668147254,0.007781103544543781,0.006999999999999999,0.05911434490967287,0.00625,0.0045000000000000005,0.002,0.026878259450150915,0.007344843865336727,0.0039582202005941265,0.014676377180316565,0.0036261055121174016,0.05441144326920136,0.0129166666666666,0.006676639302945599,0.0820660590894489,0.08077201258733963,0.010523096465417164,0.006726261206719495,0.01446140585759171,0.031064947303079203,0.005145339758621858,0.001038228752834457,0.8227191817334263,64800.0,64859.0,876.003911111111,38.10185777777778,412.2860711111111,60.19556444444444,4.049675555555556,0.19732,0.015284444444444444,49.02307506666667,43.29263225333333,38.51899263111111,34.75974927111111,31.160583902222225,27.305376626666668,23.692508102222224,21.529225404444446,18.785525555555555,17.04715184888889,15.780473862222221,15.017978444444445,13.972051324444443,12.665012217777777,10.154414933333333,29.641261284444443,6.5593453777777775,1.4188462577777776,0.7566991333333333,0.18522512444444444,0.1567482888888889,0.09571140888888889,0.08711617777777778,0.07414476444444444,0.06012755555555556,0.05341087111111111,0.05081311555555556,0.04576517333333333,0.05121539555555556,0.05848668,0.0684823688888889,0.05420113333333333,0.04844452444444444,0.030764044444444447,0.03285287555555556,0.05166,3.8987169417355827,14229197.468002917,1920.4775209908003,0.57675,0.2437,0.0143699999999999,0.0503,1.7007,0.0144111111111111,0.0542875,0.09085,0.0134349333333333,0.182975,0.0,0.0,0.0,0.055225,0.3979285714285714,0.0264,0.0,3.9155366812922674,0.09575,0.0,0.0458857142857142,0.0095888888888888,0.0484333333333333,0.1324,0.1072,0.1843166666666666,0.1608166666666666,0.034275,0.01812,0.012325,0.189775,0.0129166666666666,1.128966666666667,0.03052,0.0107714285714285,0.470225,0.4172399999999999,0.0,0.01266,0.57814,0.0,0.0,0.05886,0.0145571428571428,0.0611714285714285,0.0497,0.0,0.0188571428571428,0.0408333333333333,0.0,0.0158666666666666,0.0,0.0140363636363636,0.0,,,,0.0,0.0025,0.9,9.6,9.9,63.0,1150.0,1288.4294,1.0414083432059378,2024-07-19 18:00:00
2024-07-19 12:15:00,61.96888888888888,1.0,0.06736600581159413,0.1638692500793179,0.0040532188130695,0.02353458150862855,1.3603257877954817,0.009090503111111111,0.010366177777777779,0.031083644444444444,5.760799999999999e-22,3.222933333333333e-05,4.7439155555555556e-05,0.0004673071111111111,2.7905777777777774e-22,4.893062222222222e-05,0.002267777777777778,0.0014721600000000001,5.89976888888889e-07,0.10984222222222222,0.008998017777777778,0.021084977777777777,0.16960444444444445,4.2115777777777776e-05,3.22424e-05,0.138,1309.2004444444444,359.46115555555554,0.049244444444444445,359.46115555555554,40.73434,-111.87211,311.3713333333333,17.401777777777777,879.7146666666666,123.29524444444445,0.7213333333333334,435340.4,1964.391111111111,187.08,13842800.632444443,0.0019216136884932368,0.00015581844261455216,0.002668263070319237,9.875854863366689e-05,6.861410125058617e-05,3.725520267481807e-05,0.0004507267143326164,1.8244601432659933,5.34690142929293,10.401003973063975,10.396207244444444,0.2124945333333333,2.0806670222222223,3.857304355555556,0.0021515111111111,0.2634037333333333,4.976545333333333,0.0007308888888888,0.05963955555555556,0.3482092888888888,0.1062143555555555,0.3163910222222222,0.0132258222222222,0.01192425777777776,0.1407986222222222,0.0467510666666666,0.0006232444444444,0.0426310666666666,0.0765468888888888,0.0924237777777777,0.0454004,0.0051197333333333,5.159,0.241,0.10333808063633715,0.027749999999999997,0.0016250000000000001,0.073,0.438375,0.19125,0.09012500000000001,0.01,0.01759,0.03085812636661722,1.463393920374088,0.38515294711118286,0.244775,0.007,0.03242273721374151,0.006208835272160784,0.0852332144117648,0.02276935631664376,0.047412510460977636,1.0407250000000001,0.050731380078725095,0.2246891319226446,0.014075202305802953,0.001875,0.007875,0.0032500000000000003,0.18408125,0.36827947623144014,0.002,0.015125000000000001,0.08421948686750028,0.3711315777716302,0.020375,0.04591428571428565,0.15451738891639188,0.01625,0.019935963645466792,0.27788775011104405,0.004646546364432232,0.0075,0.0357373066460234,0.006562500000000001,0.0036249999999999998,0.00175,0.014922742968045213,0.006681054831670909,0.004197775250742658,0.012757282885237423,0.003719579134088051,0.05755858245190102,0.01268749999999995,0.0037458779101630824,0.07704954431708667,0.07532900944050472,0.014410833214010935,0.0065428265083993685,0.01005292664624571,0.029930684128849028,0.005024424698277347,0.0009882859410430714,0.8205654771667829,65700.0,65759.0,875.8866888888889,38.83064888888889,410.5608311111111,58.44474222222222,3.838537777777778,0.19349333333333335,0.014213333333333333,50.21901863111111,44.38078939555555,39.0643108,35.40060195555556,31.482960848888887,27.31366992888889,23.653189835555555,21.101732342222224,18.646723266666665,16.719950124444445,15.261737653333334,14.523386177777779,13.736362897777779,12.31399328,9.76384576,27.94318088444444,6.032806404444444,1.2796357377777778,0.6656755466666666,0.14878989333333334,0.14027645333333333,0.07896026222222223,0.07001117333333333,0.06118123555555555,0.04707647555555556,0.047790408888888886,0.048757635555555554,0.0441582,0.04374746222222222,0.060738528888888886,0.06600901333333332,0.05528686666666667,0.03905290666666667,0.026233546666666666,0.027510240000000002,0.05168039555555556,4.059174920620225,13650666.586233908,1913.2564267391706,0.53165,0.16788014674833493,0.013187499999999925,0.04800625,2.1204305205818557,0.010808333333333326,0.048731250000000004,0.087675,0.0132258222222222,0.1673875,0.0,0.0,0.0,0.049425000000000004,0.36106428571428567,0.0247722222222222,0.0,4.068860519,0.1228121866160697,0.0,0.039549999999999925,0.0071916666666666,0.047895833333333304,0.12789999999999999,0.10024166666666665,0.1686666666666666,0.1505416666666666,0.0332125,0.017145,0.009243749999999998,0.178425,0.011845833333333276,1.0340166666666668,0.029589999999999998,0.008078571428571374,0.43893125,0.3900149999999999,0.0,0.009495,0.55213,0.0,0.0,0.06695,0.0109178571428571,0.056492857142857074,0.045078571428571426,0.0,0.014142857142857101,0.0376083333333333,0.0,0.015587499999999949,0.0,0.010527272727272701,0.0,,,,0.0,0.001875,1.3005383449047914,6.622381195969452,7.417628924245983,58.39210216128784,1150.0,1335.2125,1.0102784119366537,2024-07-19 18:15:00
2024-07-19 12:30:00,69.16088888888888,1.0,0.08114546962642888,0.16241810009518148,0.0039450625756834,0.023352897810354264,1.285699345354578,0.009010524444444445,0.010416577777777778,0.031188888888888888,9.525226666666666e-22,3.2748222222222224e-05,4.7978133333333334e-05,0.0004726031111111111,4.634306666666666e-22,5.047124444444445e-05,0.0022878133333333332,0.0014833555555555556,6.034591111111112e-07,0.11009466666666667,0.00905931111111111,0.021119422222222222,0.1699488888888889,4.26796e-05,3.330204444444444e-05,0.138,1309.5475555555556,357.29555555555555,0.04817777777777778,357.29555555555555,40.73434,-111.87211,311.34288888888887,17.53511111111111,879.6204444444445,101.52600000000001,0.516,438462.57777777774,1972.2724444444443,215.29422222222223,15003469.596,0.0018643364261918842,0.0001609162942630913,0.002732715684383084,9.765449826381137e-05,7.563489761163002e-05,4.124340623153811e-05,0.00042137540257813585,1.2059883814407812,5.357806299145299,11.440924315018316,13.066362017066266,0.211623283980834,2.580224651561401,5.28501580910571,0.0024730651626151,0.3062426663466163,5.787114647922448,0.0034441122544122,0.1040005373866874,0.4325508103174603,0.1336233359177859,0.4369056419228919,0.0030498495282495,0.00936771555555552,0.1871500444758944,0.0497215338883338,0.009795269014319,0.05313050006105,0.0922338526214526,0.106814569043919,0.0663490303659303,0.0068622128334628,5.2669999999999995,0.241,0.11544045256577516,0.0305,0.00175,0.073,0.43725,0.1915,0.09375,0.01,0.01706,0.04098278407585897,1.6191016261394608,0.5153928552883189,0.24585,0.007,0.02461515814249434,0.006008032065600712,0.1092633795696436,0.021846237544429173,0.04760834030731842,0.9524833333333335,0.04715425338581673,0.3155310383531082,0.010050134870535302,0.0012500000000000002,0.00825,0.0024999999999999996,0.1783875,0.35585298415429345,0.002,0.01575,0.11176047263716085,0.36142105184775347,0.01925,0.045942857142857105,0.1516782592775946,0.0155,0.01862397576364453,0.2615918334073627,0.005050373251730975,0.008,0.04759250680326722,0.006875,0.00275,0.0015,0.01646297934900852,0.00601726579800509,0.00443733030089119,0.010838188590158282,0.003813052756058701,0.06070572163460068,0.0124583333333333,0.004123449663574381,0.07203302954472446,0.06988600629366981,0.015780729022407545,0.006359391810079242,0.013180875111547873,0.028796420954618856,0.004903509637932836,0.0009383431292516856,0.8184117726001394,66600.0,66659.0,875.8021066666666,39.60635111111112,417.66489333333334,61.083688888888894,4.051826666666667,0.19501777777777776,0.015213333333333334,46.81400151555555,42.375065751111116,38.051358791111106,34.761895106666664,31.725139075555557,27.881905302222222,24.58894732888889,22.14788296888889,19.728214053333332,17.885610777777778,16.399758226666666,15.824826159999999,15.127355648888889,13.626381511111111,10.764130022222222,30.286982266666666,6.47838475111111,1.3580302000000002,0.7171835911111111,0.16428236,0.14490039555555556,0.08909694222222223,0.07246768888888888,0.06506612444444444,0.05231122666666667,0.05230001333333334,0.05198334666666667,0.04298879111111111,0.04519420888888889,0.05631941333333333,0.06782462222222223,0.05195668888888889,0.046059355555555556,0.03238967555555556,0.032567231111111115,0.054259022222222224,5.1037911938674725,14795225.80218852,1921.0974447028073,0.48655,0.21320412601130537,0.01200499999999995,0.0457125,2.4130686153431498,0.00720555555555555,0.043175000000000005,0.08449999999999999,0.0030498495282495,0.1518,0.0,0.0,0.0,0.043625,0.32419999999999993,0.023144444444444398,0.0,5.067031984573333,0.15827693399182746,0.0,0.033214285714285655,0.0047944444444444,0.0473583333333333,0.1234,0.0932833333333333,0.1530166666666666,0.1402666666666666,0.03215,0.01617,0.0061625,0.167075,0.010774999999999951,0.9390666666666667,0.028659999999999998,0.00538571428571425,0.4076375,0.36278999999999995,0.0,0.00633,0.5261199999999999,0.0,0.0,0.07504,0.0072785714285714,0.051814285714285646,0.04045714285714285,0.0,0.0094285714285714,0.0343833333333333,0.0,0.015308333333333299,0.0,0.0070181818181818,0.0,,,,0.0,0.0012500000000000002,0.9346890200354421,6.6332540957656665,8.196824129137788,65.03436350356773,1150.0,1366.8146,0.9946147487299748,2024-07-19 18:30:00
2024-07-19 12:45:00,73.68577777777777,1.0,0.0844290498092124,0.16096695011104506,0.0038369063382973,0.023171214112079973,1.2110729029136742,0.008951738222222222,0.01045471111111111,0.03126728888888889,1.4062391111111112e-21,3.314831111111111e-05,4.839288888888889e-05,0.0004766928888888889,6.8631200000000005e-22,5.168782222222222e-05,0.00230316,0.0014919066666666668,6.140164444444443e-07,0.11027511111111112,0.009105871111111111,0.021144533333333333,0.17019466666666666,4.31144e-05,3.4140444444444445e-05,0.138,1309.2422222222222,312.85653333333335,0.048266666666666666,312.85653333333335,40.73434,-111.87211,310.84288888888887,17.714222222222222,879.5408888888888,103.12582222222223,0.9742222222222222,439206.5777777778,1972.908,223.6795555555556,15366939.712888887,0.0018070591638905315,0.00016601414591163043,0.0027971682984469317,9.655044789395585e-05,8.265569397267386e-05,4.523160978825815e-05,0.0003920240908236553,1.148971111111111,5.469140444444445,11.879708,12.706908655451956,0.2145584608817108,2.6598045864450364,5.158264421898472,0.0020672453324453,0.3163472749158249,5.933027614520665,0.0094560815758315,0.20444568794168794,0.4315529701557701,0.1322594745328745,0.3696183970714471,0.018191675333440755,0.0068111733333332805,0.1627197091852592,0.0447056289691789,0.006308126147871739,0.0502884437821437,0.0753232178543678,0.0931169679431679,0.0716249189236689,0.0057410438265438,5.375,0.241,0.11483824272351699,0.03325,0.001875,0.073,0.436125,0.19175,0.097375,0.01,0.01653,0.03564640451050282,1.6316579910661204,0.5541004629184823,0.246925,0.007,0.01680757907124717,0.005807228859040642,0.10897907993311301,0.02092311877221459,0.04780417015365921,0.8642416666666668,0.04357712669290836,0.26481103761012226,0.006025067435267652,0.0006249999999999997,0.008625,0.0017499999999999998,0.17269375,0.3434264920771467,0.002,0.016375,0.09724450993584126,0.35171052592387675,0.018125000000000002,0.04597142857142855,0.14883912963879728,0.01475,0.017311987881822265,0.24529591670368137,0.004368474708729409,0.008499999999999999,0.04134401429328578,0.0071875,0.001875,0.00125,0.013862149693800584,0.005353476764339272,0.004676885351039722,0.00891909429507914,0.0039065263780293505,0.06385286081730035,0.01222916666666665,0.0034858853095712677,0.06701651477236223,0.0644430031468349,0.01346753496527546,0.006175957111759115,0.01314386851563273,0.027662157780388684,0.004782594577588326,0.0008884003174602999,0.816258068033496,67500.0,67559.0,875.6597288888889,40.342639999999996,440.87130666666667,64.06274222222223,4.248862222222223,0.1947688888888889,0.015746666666666666,49.76384103111111,44.92875137333333,40.63085866666667,37.01761458222222,33.552753555555554,29.60701924,26.12131888888889,23.481633084444447,20.682784697777777,18.749685577777775,17.27644119111111,16.672830893333334,15.853199635555557,14.402982448888888,11.214705568888888,31.082280915555554,6.5531233066666665,1.3899965555555556,0.7113248044444445,0.1670608222222222,0.1493689111111111,0.08580959111111112,0.08010301333333333,0.06143136888888889,0.06749901333333333,0.05961772444444444,0.05254604888888889,0.04836452888888889,0.04940948888888889,0.05448068,0.07484838666666667,0.05383021777777777,0.04655585777777778,0.030013377777777777,0.04322647111111111,0.05400396888888889,5.456476694705626,15153651.059580492,1921.729749202215,0.44145,0.22667451945754943,0.010822499999999975,0.04341875,2.4828028707247825,0.003602777777777774,0.03761875,0.081325,0.0023352182040181665,0.13621250000000001,0.0,0.0,0.0,0.037825,0.28733571428571425,0.0215166666666666,0.0,5.404036693645829,0.16881714048718716,0.0,0.026878571428571377,0.0023972222222222,0.0468208333333333,0.1189,0.08632499999999996,0.13736666666666658,0.1299916666666666,0.0310875,0.015195,0.0030812500000000007,0.155725,0.009704166666666625,0.8441166666666667,0.02773,0.0026928571428571253,0.37634375000000003,0.335565,0.0,0.0031649999999999994,0.5001099999999999,0.0,0.0,0.08313,0.003639285714285699,0.047135714285714225,0.035835714285714276,0.0,0.0047142857142857,0.0311583333333333,0.0,0.015029166666666649,0.0,0.003509090909090899,0.0,,,,0.0,0.0006249999999999997,0.9009611586461967,6.744261840206726,8.525597526030813,69.21338109878165,1150.0,1393.4392,0.983073240658896,2024-07-19 18:45:00
2024-07-19 13:00:00,77.24888888888889,1.0,0.07997385526371947,0.15951580012690864,0.0037287501009112,0.022989530413805685,1.1364464604727706,0.008943036444444444,0.0104816,0.03132106666666667,1.8558e-21,3.343435555555555e-05,4.868795555555555e-05,0.00047959644444444446,9.075822222222222e-22,5.256711111111111e-05,0.0023138755555555555,0.0014978044444444445,6.216088888888888e-07,0.11039688888888889,0.009138551111111112,0.021161333333333334,0.1703671111111111,4.3425066666666665e-05,3.4746888888888896e-05,0.138,1308.7920000000001,359.0947555555556,0.04524444444444445,359.0947555555556,40.73434,-111.87211,310.5135555555555,17.95911111111111,879.3955555555555,131.6652888888889,1.5328888888888887,438197.1111111112,1968.764888888889,211.35733333333332,14640570.060444444,0.001749781901589179,0.00017111199756016956,0.0028616209125107792,9.544639752410033e-05,8.967649033371771e-05,4.921981334497819e-05,0.00036267277906917465,0.9075492,4.259123555555556,10.262821333333331,10.849089777777776,0.2094710222222222,2.349038311111111,4.422864488888889,0.0021163999999999,0.2771528444444444,5.617136088888889,0.0037583111111111,0.10620982222222224,0.3403806666666666,0.0597135111111111,0.2791668444444444,0.013036237541647995,0.0042546311111110405,0.1174668888888888,0.0303032888888888,0.0028209832814244788,0.0323514222222222,0.0649282666666666,0.0376542222222222,0.0657118666666666,0.0043889777777777,5.483,0.241,0.091,0.036,0.002,0.073,0.435,0.192,0.101,0.01,0.016,0.04,1.393,0.286,0.248,0.007,0.009,0.0056064256524805695,0.05,0.02,0.048,0.776,0.04,0.225,0.002,0.0,0.009000000000000001,0.001,0.167,0.331,0.002,0.017,0.07,0.342,0.017,0.046,0.146,0.014,0.016,0.229,0.005,0.009,0.028,0.0075,0.001,0.001,0.005,0.004689687730673454,0.004916440401188254,0.007,0.004,0.067,0.012,0.003,0.062,0.059,0.009,0.00599252241343899,0.009762588904518244,0.02652789460615851,0.004661679517243816,0.0008384575056689142,0.8141043634668526,68400.0,68459.0,875.4947466666666,40.95809777777777,435.45567555555556,63.334942222222224,4.189542222222222,0.19434666666666667,0.015551111111111111,48.27827183555555,43.68974437333333,39.42325616,36.428195106666664,33.15356759555555,29.30612767111111,25.897949337777778,23.41504400888889,20.47662536888889,18.806839844444443,17.435126195555554,16.919999968888888,16.10376760888889,14.64047036,11.36535592888889,30.617936524444442,6.348539933333333,1.323576182222222,0.675713888888889,0.1670918977777778,0.1319839777777778,0.08549222222222223,0.07912488444444445,0.06777205333333333,0.05837133777777778,0.05811795555555556,0.053855320000000005,0.04872148444444445,0.04776255555555555,0.051116720000000004,0.08027884,0.05745027111111111,0.04565274666666667,0.02682836888888889,0.03080364888888889,0.05915369777777778,4.910948656543441,14437363.20662694,1917.6078313396413,0.39635,0.2203,0.00964,0.041125,1.45955,0.0,0.0320625,0.07815,0.0016205868797868333,0.120625,0.0,0.0,0.0,0.032025,0.2504714285714285,0.0198888888888888,0.0,4.8827634421091775,0.0682166666666666,0.0,0.0205428571428571,0.0,0.0462833333333333,0.1144,0.0793666666666666,0.1217166666666666,0.1197166666666666,0.030025,0.01422,0.0,0.144375,0.0086333333333333,0.7491666666666666,0.0268,0.0,0.34505,0.30834,0.0,0.0,0.4740999999999999,0.0,0.0,0.09122,0.0,0.0424571428571428,0.0312142857142857,0.0,0.0,0.0279333333333333,0.0,0.01475,0.0,0.0,0.0,,,,0.0,0.0,1.1,5.1,6.4,70.0,1183.8334,1415.2454,0.978605507121479,2024-07-19 19:00:00
2024-07-19 13:15:00,76.98977777777777,1.0,0.06527953971814959,0.1580646501427722,0.0036205938635251,0.022807846715531394,1.061820018031867,0.009032381777777777,0.010497511111111111,0.03135333333333333,2.1922444444444443e-21,3.3607466666666666e-05,4.8865111111111116e-05,0.00048133599999999996,1.0734604444444443e-21,5.3101733333333334e-05,0.0023204000000000002,0.0015013866666666667,6.262026666666666e-07,0.110484,0.009158066666666666,0.021169733333333333,0.17047555555555555,4.361053333333333e-05,3.511631111111111e-05,0.138,1309.2866666666666,351.10257777777775,0.04591111111111111,351.10257777777775,40.73434,-111.87211,311.2633333333333,17.691555555555556,879.1773333333333,133.40493333333333,0.9208888888888889,434867.6444444445,1965.307111111111,187.6511111111111,14122634.126222225,0.0016925046392878263,0.0001762098492087087,0.0029260735265746263,9.43423471542448e-05,9.669728669476154e-05,5.320801690169824e-05,0.0003333214673146941,1.0652097725940726,4.038712453990454,10.027477417360418,9.08884,0.2002016,1.944137688888889,3.4207268444444443,0.0013992,0.2366746222222222,5.203728755555556,0.0022919999999999,0.1152447111111111,0.2752360444444444,0.0363840444444444,0.2281187111111111,0.0009059555555555,0.0016980888888888,0.0995092888888889,0.0262097333333333,0.0027180022121687875,0.0366838666666666,0.0634726222222222,0.0407572,0.0558143111111111,0.0031985333333333,5.2204999999999995,0.229875,0.07250466816180381,0.03275,0.00175,0.072875,0.43525,0.191,0.096625,0.010125,0.0215,0.02183919346840035,1.4814908910830695,0.3877892579080642,0.2145125,0.006500000000000001,0.03398396260543926,0.005405622445920499,0.0644420419690037,0.02360348126542848,0.05385253342644658,0.8526166666666668,0.037382138063426565,0.1581509389110978,0.00602506743526765,0.000875,0.009375,0.00375,0.2060625,0.5177580952225851,0.002,0.016625,0.05968628191968416,0.50031353335746,0.0165,0.04545,0.16095279529862241,0.01375,0.01793407172605739,0.3498201732957726,0.0018540083285100025,0.008624999999999999,0.02517682571089858,0.0078125,0.00525,0.001375,0.004271721915627471,0.005353476764339272,0.004426885351039722,0.008773678237798161,0.006673894236611991,0.060412348169506545,0.013395833333333326,0.0011348990084266864,0.0792930697328921,0.07114769152948588,0.0049377489035847535,0.005809087715118863,0.007346590026963486,0.025393631431928333,0.004540764456899305,0.0007885146938775285,0.8119506589002091,69300.0,69359.0,875.2893377777779,41.47179555555556,422.87616,60.67608888888889,3.936986666666667,0.19080444444444444,0.014488888888888888,47.76341591111111,43.27245864888889,38.80076885333334,35.56234144,32.31156323555555,28.352707640000002,24.964000662222222,22.44757195111111,19.866106328888886,18.075637035555555,16.785190311111112,16.419636204444444,15.68256715111111,14.067656604444444,10.966788079999999,28.814555737777777,5.858112422222222,1.2035322844444445,0.6254398311111111,0.13813822222222222,0.12598528444444443,0.08249562666666667,0.06989839555555556,0.05610224,0.05061457777777778,0.04651114222222222,0.05100885333333334,0.04184412,0.042619168888888885,0.05479794222222222,0.07177573777777778,0.05001176444444445,0.042114679999999995,0.026526884444444447,0.03191728888888889,0.05377143555555555,4.333728381531162,13926616.072515495,1914.1677411260794,0.3803125,0.16879759284885024,0.01065,0.03844375,2.0761196917590183,0.0,0.03445625,0.0743375,0.0009059555555555,0.1243625,0.0,0.00451666666666665,0.0,0.033646875,0.26777857142857137,0.0207416666666666,0.0,4.331207026013333,0.12353006255535719,0.0,0.026357142857142822,0.00241666666666665,0.053691666666666624,0.11438333333333332,0.09247083333333328,0.14894583333333328,0.14777499999999993,0.03099375,0.020165,0.003434375,0.18909375,0.0108708333333333,0.8324916666666667,0.030025,0.00439642857142855,0.47038125000000003,0.40673,0.00362,0.008055,0.6119299999999999,0.0,0.0,0.10339,0.0,0.04586071428571423,0.0338392857142857,0.0,0.0,0.0336833333333333,0.0,0.018125,0.0,0.0,0.0,,,,0.0,0.000875,0.8514131743434439,5.318027468181843,7.137751620800809,72.26483152632514,1256.3334,1432.5088,0.9862760456476743,2024-07-19 19:15:00
2024-07-19 13:30:00,74.2848255078255,1.0,0.04863782966513197,0.1566135001586358,0.0035124376261390002,0.022626163017257107,0.9871935755909633,0.009115501777777778,0.0105,0.031365555555555556,2.3208977777777777e-21,3.36668e-05,4.892377777777778e-05,0.0004819248888888889,1.1369333333333334e-21,5.328604444444445e-05,0.002322733333333333,0.0015027822222222222,6.277737777777777e-07,0.1105,0.009164915555555557,0.021170666666666667,0.1705,4.3676533333333334e-05,3.524266666666667e-05,0.138,1309.7533333333333,281.27475555555554,0.04511111111111111,281.27475555555554,40.73434,-111.87211,311.7291111111111,16.522666666666666,878.9404444444444,160.50795555555558,0.5902222222222222,431096.93333333335,1961.2915555555555,162.55777777777777,13618931.762666669,0.0016352273769864737,0.00018130770085724782,0.002990526140638474,9.323829678438929e-05,0.0001037180830558054,5.719622045841828e-05,0.0003039701555602135,0.8540409841491841,2.854543733177933,7.491639024216524,7.664751377777778,0.1932801333333333,1.4879519555555556,2.423321822222222,0.0008633777777777,0.2036048,4.598931377777777,0.0010544444444444,0.09351226666666666,0.1989349777777777,0.0502314222222222,0.1483322666666667,0.0053418222222222,0.0329372888888888,0.0694452444444444,0.0193702222222222,0.0026150211429130958,0.0432439555555555,0.0795025333333333,0.1040294222222222,0.0354853333333333,0.0022735111111111,4.958,0.21875,0.07861894581457764,0.0295,0.0015,0.07275,0.4355,0.19,0.09225,0.01025,0.027,0.015272228647136066,1.4021574945009831,0.2719557111439247,0.181025,0.006,0.05896792521087853,0.005204819239360428,0.04270272303491111,0.027206962530856957,0.05970506685289315,0.9292333333333335,0.034764276126853136,0.09800925038696832,0.0100501348705353,0.00175,0.00975,0.0065,0.24512499999999998,0.7045161904451702,0.002,0.01625,0.04182289434785424,0.6586270667149199,0.016,0.044899999999999995,0.17590559059724487,0.0135,0.01986814345211478,0.4706403465915452,0.0009241955157313526,0.00825,0.01748741194329997,0.008125,0.009500000000000001,0.00175,0.0007253222905127654,0.00601726579800509,0.003937330300891191,0.010547356475596324,0.009347788473223982,0.05382469633901309,0.014791666666666651,0.0002655387327563578,0.0965861394657842,0.08329538305897176,0.001783559039360478,0.005625653016798737,0.004516835472641824,0.02425936825769816,0.004419849396554794,0.0007385718820861428,0.8097969543335657,70200.0,70259.0,875.0569333333333,41.62181777777778,385.5390311111111,56.127031111111116,3.711911111111111,0.19384444444444443,0.013524444444444445,42.097201017777785,38.19547176444444,34.55234457777778,31.96347377777778,28.991049359999998,25.785179702222226,22.781382248888892,20.55190341777778,18.494892484444446,16.82442867111111,15.889491688888889,15.632029133333333,15.009041453333333,13.574480035555554,10.423029795555555,26.787710915555557,5.337632786666666,1.0846967955555555,0.5731893733333333,0.1298467111111111,0.11963321777777777,0.07652053333333333,0.06895513333333332,0.05101383111111111,0.05077516,0.04823484,0.04227131111111111,0.041616151111111103,0.040190986666666664,0.05228906666666667,0.06725523111111112,0.047795653333333334,0.045098751111111106,0.02874645333333333,0.02956807111111111,0.0506124,3.4135522978523545,13429904.951250095,1910.1727263343657,0.364275,0.12848708169313192,0.01166,0.0357625,1.7226953213388896,0.0,0.03685,0.070525,0.0053418222222222,0.1281,0.0,0.0090333333333333,0.0,0.03526875,0.2850857142857143,0.021594444444444402,0.0,3.4519430000222227,0.09198821389218835,0.0,0.032171428571428545,0.0048333333333333,0.06109999999999995,0.11436666666666664,0.10557499999999995,0.17617499999999994,0.17583333333333329,0.0319625,0.02611,0.00686875,0.23381249999999998,0.013108333333333302,0.9158166666666667,0.03325,0.0087928571428571,0.5957125000000001,0.50512,0.00724,0.01611,0.74976,0.0,0.0,0.11556,0.0,0.04926428571428565,0.0364642857142857,0.0,0.0,0.0394333333333333,0.0,0.0215,0.0,0.0,0.0,,,,0.0,0.00175,0.726498888106598,4.137330401869871,5.237689628932381,69.76663910482678,1328.8334,1445.6027,0.9946083760970579,2024-07-19 19:30:00
2024-07-19 13:45:00,73.32667460317461,1.0,0.04979728261975769,0.15516235017449936,0.0034042813887529,0.022444479318982816,0.9125671331500596,0.009234330666666667,0.010497511111111111,0.03135413333333333,2.202831111111111e-21,3.36128e-05,4.886973333333333e-05,0.00048137644444444446,1.0787911111111111e-21,5.311795555555555e-05,0.002320657777777778,0.001501551111111111,6.263404444444444e-07,0.11048755555555556,0.009158804444444444,0.021169866666666665,0.17047555555555555,4.3618e-05,3.5126e-05,0.138,1309.503111111111,325.5723555555556,0.04568888888888889,325.5723555555556,40.73434,-111.87211,311.8904444444444,16.19511111111111,878.7466666666667,123.37053333333333,1.6239999999999999,431359.6444444445,1960.6293333333333,163.82844444444444,13130645.910222225,0.001577950114685121,0.00018640555250578695,0.0030549787547023213,9.213424641453378e-05,0.00011073887941684925,6.118442401513831e-05,0.0002746188438057329,0.6228436507936508,2.231983828571429,5.828754,7.011655200000001,0.1916669333333333,1.2623271111111112,1.8315928888888888,0.0010685333333333,0.1667960444444444,4.075771688888889,0.0014195555555555,0.09622862222222223,0.1551355555555555,0.0406607555555555,0.1070782222222222,0.0035138222222222,0.0150284444444444,0.0450470222222222,0.0136904,0.0025120400736574045,0.0341468,0.0473579111111111,0.0593318666666666,0.0233781333333333,0.0016991555555555,4.6955,0.207625,0.07439304006828852,0.02625,0.00125,0.072625,0.43574999999999997,0.189,0.08787500000000001,0.010375,0.0325,0.009942863620058712,1.3890742890878869,0.27782124621651905,0.1475375,0.0055,0.08395188781631778,0.005004016032800356,0.030223610351236906,0.030810443796285437,0.06555760027933973,1.0058500000000001,0.0321464141902797,0.06691264107426775,0.014075202305802951,0.002625,0.010125,0.009250000000000001,0.2841875,0.8912742856677554,0.002,0.015875,0.027326012518645575,0.8169406000723798,0.0155,0.04435,0.1908583858958673,0.01325,0.021802215178172168,0.5914605198873177,0.00015203923281405566,0.007875,0.011247132921388344,0.0084375,0.013750000000000002,0.002125,0.002779995925248126,0.006681054831670909,0.0034477752507426586,0.012321034713394486,0.012021682709835974,0.04723704450851963,0.016187499999999976,0.0007692190356912855,0.1138792091986763,0.09544307458845763,0.003987111907984964,0.00544221831847861,0.002892459563829838,0.02312510508346799,0.004298934336210284,0.0006886290702947571,0.8076432497669224,71100.0,71159.0,874.8407555555556,41.10486222222222,361.09685333333334,53.60566222222222,3.589853333333333,0.19579111111111114,0.013204444444444444,36.82203037777778,33.81092359111111,31.022738457777777,29.125776186666666,26.773203173333336,24.076988857777778,21.644057355555557,19.690026835555553,17.76424311111111,16.50564102666667,15.741319568888889,15.576809520000001,15.049883115555556,13.585609386666667,10.373872195555554,25.93069856888889,5.08281696,1.0184052,0.5395114844444445,0.12964564888888888,0.10482908,0.06913186222222222,0.065686,0.05224459555555556,0.051240831111111114,0.050046066666666666,0.04332697777777778,0.04096301777777778,0.041027226666666666,0.053916893333333334,0.06469410666666667,0.04700280444444445,0.04261300888888889,0.02925832888888889,0.027456519999999998,0.04927151111111112,2.995103409491987,12948396.36440591,1909.5138915762413,0.3482375,0.130528310021049,0.012669999999999999,0.03308125,1.7473189284811141,0.0,0.03924375,0.0667125,0.0035138222222222,0.1318375,0.0,0.01354999999999995,0.0,0.036890624999999996,0.30239285714285713,0.022447222222222202,0.0,3.0520988171781176,0.09358541802481322,0.0,0.037985714285714275,0.007249999999999949,0.06850833333333328,0.11434999999999998,0.11867916666666663,0.2034041666666666,0.20389166666666664,0.03293125,0.032055,0.010303125,0.27853125,0.015345833333333302,0.9991416666666668,0.036475,0.01318928571428565,0.72104375,0.60351,0.01086,0.024165,0.8875899999999999,0.0,0.0,0.12773,0.0,0.05266785714285707,0.0390892857142857,0.0,0.0,0.0451833333333333,0.0,0.024875,0.0,0.0,0.0,,,,0.0,0.002625,0.5897369637301378,3.5165956703630297,3.991717235776908,68.88172688096232,1401.3334,1454.9751,1.0082462970664294,2024-07-19 19:45:00
2024-07-19 14:00:00,79.30145027195027,1.0,0.055081218280678135,0.15371120019036294,0.0032961251513667997,0.022262795620708528,0.8379406907091559,0.009095600444444444,0.010482222222222223,0.03132373333333333,1.8737022222222222e-21,3.3444933333333336e-05,4.8698844444444444e-05,0.00047968577777777777,9.164879999999998e-22,5.259897777777778e-05,0.002314382222222222,0.00149808,6.218764444444445e-07,0.1104031111111111,0.009139915555555555,0.021162222222222225,0.1703737777777778,4.343688888888889e-05,3.476893333333334e-05,0.138,1309.2533333333333,359.08737777777776,0.04937777777777778,359.08737777777776,40.73434,-111.87211,311.66999999999996,17.205333333333332,878.5026666666668,111.27435555555556,1.3755555555555554,432556.8888888889,1968.2293333333328,173.58622222222223,13751739.052444443,0.0015206728523837684,0.0001915034041543261,0.0031194313687661684,9.103019604467825e-05,0.00011775967577789309,6.517262757185836e-05,0.0002452675320512523,0.5883949777777778,2.7502502222222223,7.241811111111112,7.677452266666666,0.1910043555555555,1.7179644444444444,2.415562088888889,0.0015524444444444,0.2026657333333333,4.491451288888888,0.0017320444444444,0.13715195555555554,0.1976571111111111,0.0938685777777777,0.1628448888888889,0.0027093777777777,0.0127890222222222,0.0701591555555555,0.0272954222222222,0.0024090590044017132,0.0417291111111111,0.0861263999999999,0.0711916888888888,0.0232648,0.0023152888888888,4.433,0.1965,0.09036997831011628,0.023,0.001,0.0725,0.436,0.188,0.0835,0.010499999999999999,0.038,0.015428170046199646,1.4722275476418136,0.18654269727513959,0.11405,0.005,0.10893585042175705,0.004803212826240285,0.04233863964478928,0.03441392506171392,0.0714101337057863,1.082466666666667,0.029528552253706264,0.10894862250004689,0.018100269741070603,0.0035,0.0105,0.012,0.32325,1.0780323808903405,0.002,0.0155,0.042247084476137856,0.9752541334298397,0.015,0.0438,0.2058111811944897,0.013000000000000001,0.023736286904229558,0.7122806931830903,0.002001604760942191,0.0075,0.017670007400034462,0.00875,0.018000000000000002,0.0025,0.0048346695599834864,0.007344843865336727,0.002958220200594127,0.014094712951192648,0.014695576946447964,0.04064939267802617,0.0175833333333333,0.001272899338626213,0.1311722789315684,0.10759076611794352,0.00619066477660945,0.005258783620158484,0.004469443618532983,0.021990841909237814,0.004178019275865774,0.0006386862585033713,0.8054895452002789,72000.0,72059.0,874.5929822222222,40.93594666666667,382.7199466666667,56.84068,3.8782533333333333,0.19986222222222225,0.014022222222222222,39.438171422222226,36.218933595555555,33.200936657777774,31.149838715555557,28.432547515555555,25.497820137777776,22.738767048888885,20.753227946666666,18.78461819111111,17.37175900888889,16.543174324444443,16.438500306666665,15.932993146666666,14.291813275555556,10.859317337777778,27.010872644444444,5.319004813333334,1.1167763333333334,0.5852951688888889,0.13489616444444444,0.11783458666666666,0.07465240444444446,0.06350415111111112,0.06048507555555556,0.05609605333333333,0.04676667111111111,0.04461307111111111,0.041182897777777776,0.042401022222222216,0.05993014666666666,0.07321284,0.054092737777777775,0.04769388,0.03283287111111111,0.029278511111111113,0.056123440000000004,3.8017021187165114,13560868.914476488,1917.0750153104195,0.3322,0.11405,0.01368,0.0304,1.7595,0.0,0.0416375,0.0629,0.0027093777777777,0.135575,0.0,0.0180666666666666,0.0,0.0385125,0.3197,0.0233,0.0,3.822835245793604,0.1105,0.0,0.0438,0.0096666666666666,0.0759166666666666,0.1143333333333333,0.1317833333333333,0.2306333333333333,0.23195,0.0339,0.038,0.0137375,0.32325,0.0175833333333333,1.082466666666667,0.0397,0.0175857142857142,0.846375,0.7019,0.01448,0.03222,1.02542,0.0,0.0,0.1399,0.0,0.0560714285714285,0.0417142857142857,0.0,0.0,0.0509333333333333,0.0,0.02825,0.0,0.0,0.0,,,,0.0,0.0035,0.5,2.7,4.3,71.0,1440.7778,1461.1227,0.9951514747765722,2024-07-19 20:00:00
2024-07-19 14:15:00,78.16799999999999,1.0,0.046879133134735795,0.15226005020622652,0.0031879689139807,0.022081111922434237,0.7633142482682522,0.009041256,0.010456844444444445,0.0312696,1.4267115555555557e-21,3.3164311111111106e-05,4.8409911111111114e-05,0.0004768386666666667,6.964222222222222e-22,5.173382222222223e-05,0.002303711111111111,0.0014921333333333332,6.144244444444445e-07,0.11028400000000001,0.009107733333333335,0.021145288888888888,0.17020844444444444,4.313226666666667e-05,3.417204444444444e-05,0.138,1308.8546666666666,326.09835555555554,0.04697777777777778,326.09835555555554,40.73434,-111.87211,311.9491111111111,16.14888888888889,878.3208888888889,86.31848888888888,1.0093333333333334,430698.4444444445,1970.0293333333327,161.69111111111113,13402008.677333333,0.0014633955900824158,0.00019660125580286522,0.003183883982830016,8.992614567482273e-05,0.00012478047213893695,6.91608311285784e-05,0.00021591622029677173,0.3148926666666667,1.8319693333333336,5.3798026666666665,7.324165955555555,0.1881952888888888,1.7034701333333333,1.9556304,0.0015340888888888,0.2128884888888889,4.266585066666667,0.0022560444444444,0.20533777777777779,0.1912593777777777,0.1239759111111111,0.1493525333333333,0.0031831111111111,0.0129150666666666,0.0670863555555555,0.0299923555555555,0.0023060779351460215,0.047496,0.1143049333333333,0.1245229333333333,0.0137329333333333,0.0025990666666666,4.1705,0.185375,0.11118065444017411,0.01975,0.00075,0.072375,0.43625,0.187,0.079125,0.010624999999999999,0.0335,0.014756970615927723,1.5747855605556325,0.26795508386461075,0.1105375,0.0045000000000000005,0.1464518878163178,0.004602409619680213,0.0405158294081223,0.030810443796285437,0.06805760027933973,0.9553500000000001,0.0313964141902797,0.09877831035079386,0.023075202305802952,0.004375,0.010875,0.01475,0.2826875,0.9020242856677554,0.002,0.015125000000000001,0.04042129495430051,0.8269406000723798,0.014499999999999999,0.04185,0.18585838589586728,0.012750000000000001,0.02280221517817217,0.6012105198873177,0.002368245464905571,0.007124999999999999,0.01688408417973257,0.009062500000000001,0.022250000000000002,0.002875,0.006233074096055481,0.008008632899002544,0.0024686651504455953,0.013321034713394485,0.015021682709835973,0.04048704450851963,0.016687499999999977,0.0016157025986899645,0.11437920919867631,0.09419307458845765,0.006682187720876844,0.005075348921838358,0.0042321728197324115,0.02085657873500764,0.004057104215521263,0.0005887434467119856,0.8033358406336355,72900.0,72959.0,874.4008266666666,41.24648444444445,365.3773777777778,55.480328888888884,3.8801733333333335,0.2044577777777778,0.013826666666666666,35.33888448888889,32.892884679999995,30.19922844888889,28.567259693333334,26.60048812,24.245891524444446,21.883576488888888,20.226678835555557,18.28919970666667,17.369193142222223,16.608297342222222,16.641610164444444,16.320652097777778,14.556497088888888,10.981491657777777,26.753339831111113,5.256976048888889,1.076989728888889,0.5669190622222222,0.11768917777777778,0.10478150222222223,0.06553405777777778,0.062122373333333335,0.058953582222222224,0.05644872,0.04735812888888889,0.04177172444444444,0.040243982222222224,0.05129974666666667,0.05020880888888889,0.07142311111111112,0.05539292444444444,0.05262657333333333,0.03795298666666667,0.02857900888888889,0.05888667555555556,3.5522199938815993,13215992.695243007,1918.8658077737775,0.3270625,0.12709484831102694,0.0123775,0.027678124999999998,1.6853454208758265,0.0,0.03699375,0.06084375,0.0031831111111111,0.129525,0.0,0.01354999999999995,0.0,0.03690625,0.2943071428571428,0.022063888888888876,0.0,3.5844453752177774,0.09089883017109064,0.0021611111111111,0.039385714285714274,0.007249999999999949,0.07722083333333328,0.12607499999999996,0.13214166666666663,0.2205958333333333,0.23362083333333333,0.03615625,0.03711,0.010303125,0.3157625,0.017124999999999977,1.030641666666667,0.04227999999999997,0.01318928571428565,0.844425,0.698375,0.014604999999999976,0.031595,1.059885,0.0,0.0,0.140975,0.010635714285714274,0.05352499999999993,0.03997142857142855,0.0,0.00712142857142855,0.05281666666666662,0.0,0.0255875,0.0,0.0,0.0,,,,0.0,0.004375,0.4075723661045003,3.117753906762134,3.6553253872381135,73.35299336159791,1442.4445,1464.5629,0.9927010013468406,2024-07-19 20:15:00
2024-07-19 14:30:00,80.46977777777778,1.0,0.045409368122214744,0.1508089002220901,0.0030798126765946,0.02189942822415995,0.6886878058273485,0.008849692888888889,0.010418533333333334,0.031192844444444444,9.71092e-22,3.276871111111111e-05,4.799995555555555e-05,0.0004728088888888889,4.726013333333333e-22,5.0531022222222226e-05,0.002288555555555556,0.0014838266666666667,6.039817777777778e-07,0.11009822222222222,0.009061808888888889,0.02112097777777778,0.1699577777777778,4.27012e-05,3.3344977777777776e-05,0.138,1308.4524444444444,344.94124444444446,0.049822222222222226,344.94124444444446,40.73433986666667,-111.87211,312.1131111111111,16.18088888888889,878.1475555555555,88.31493333333333,0.9733333333333333,430365.4222222222,1978.0715555555555,158.62,13808738.872,0.0014061183277810632,0.00020169910745140434,0.0032483365968938634,8.882209530496722e-05,0.0001318012684999808,7.314903468529844e-05,0.0001865649085422911,0.3642370566378066,2.0322648445813445,5.885306219780221,7.929407661716061,0.1834549198579198,1.6657210723776223,2.2518588315554813,0.0014299703148703,0.2433282502553002,4.35203575953306,0.0029972668350168,0.22353289083509081,0.2100781074000073,0.156989247045547,0.1694641482868983,0.0034545694879194,0.0222137666241166,0.0846058857975358,0.02924827005957,0.0022030968658903302,0.0398017946534946,0.1151153835719835,0.1113276883579383,0.0140230451030451,0.0021699542180042,3.908,0.17425,0.12575761661935062,0.0165,0.0005,0.07225,0.4365,0.186,0.07475000000000001,0.01075,0.028999999999999998,0.018583805657924887,1.7336718705891627,0.2537785020697081,0.10702500000000001,0.004,0.1839679252108785,0.004401606413120142,0.04587756788786533,0.027206962530856957,0.06470506685289315,0.8282333333333334,0.033264276126853135,0.11393810962091605,0.0280501348705353,0.00525,0.01125,0.0175,0.24212499999999998,0.7260161904451703,0.002,0.014750000000000001,0.050831010765065965,0.6786270667149199,0.014,0.0399,0.16590559059724486,0.0125,0.02186814345211478,0.49014034659154515,0.0022670890786185287,0.00675,0.021365015456077767,0.009375000000000001,0.026500000000000003,0.0032500000000000003,0.005847253460465114,0.008672421932668364,0.0019791101002970633,0.012547356475596324,0.015347788473223982,0.04032469633901309,0.015791666666666652,0.0015211229772223774,0.0975861394657842,0.08079538305897176,0.0063390364500585305,0.0048919142235182315,0.00493009734662918,0.019722315560777467,0.003936189155176752,0.0005388006349205999,0.8011821360669921,73800.0,73859.0,874.2253955555556,41.67976,368.2219777777778,55.21993333333333,3.7891911111111107,0.20068,0.013626666666666667,36.47594466666667,33.53716272,30.931548808888888,29.06298347111111,27.05101068,24.46964714222222,22.05747984,20.22401772,18.364485964444444,17.347245382222223,16.55783502222222,16.681440502222223,16.293784,14.572575608888888,10.797477906666668,26.1147278,5.06776168,1.0480918666666665,0.5711296888888888,0.1205778488888889,0.11274354666666667,0.06771417777777779,0.07069945777777778,0.058685791111111114,0.05062894222222222,0.04916532,0.03803983111111111,0.04090112,0.04446196444444444,0.05320418666666667,0.06964210666666666,0.05574534666666667,0.04666698222222222,0.03159504444444444,0.031866262222222226,0.05320884,3.880467018445455,13617077.593116613,1926.8668916316706,0.321925,0.12216134437751622,0.011075,0.02495625,1.654131634999203,0.0,0.032350000000000004,0.0587875,0.0034545694879194,0.123475,0.0,0.0090333333333333,0.0,0.0353,0.26891428571428566,0.02082777777777775,0.0,3.89809817,0.08703850119017499,0.0043222222222222,0.03497142857142855,0.0048333333333333,0.07852499999999996,0.13781666666666664,0.13249999999999995,0.2105583333333333,0.23529166666666665,0.0384125,0.03622,0.00686875,0.30827499999999997,0.01666666666666665,0.9788166666666669,0.04485999999999995,0.0087928571428571,0.842475,0.69485,0.01472999999999995,0.030969999999999998,1.09435,0.0,0.0,0.14205,0.02127142857142855,0.05097857142857135,0.0382285714285714,0.0,0.0142428571428571,0.05469999999999995,0.0,0.022925,0.0,0.0,0.0,,,,0.0,0.00525,0.4367614299734071,3.3174622070824764,4.034090883739138,75.47882895000896,1444.1111,1465.8052,0.9765923114688408,2024-07-19 20:30:00
2024-07-19 14:45:00,74.648,1.0,0.036884417206806575,0.14935775023795367,0.0029716564392085,0.02171774452588566,0.6140613633864449,0.008815059555555557,0.010368222222222221,0.031088844444444444,5.902533333333333e-22,3.225608888888889e-05,4.7466044444444445e-05,0.00046757466666666665,2.859871111111111e-22,4.9003377777777775e-05,0.00226876,0.0014727733333333333,5.906404444444444e-07,0.109856,0.009001168888888888,0.02108697777777778,0.16962533333333335,4.214253333333333e-05,3.229395555555556e-05,0.138,1308.8244444444442,359.2723555555556,0.04937777777777778,359.2723555555556,40.7343388,-111.87211,312.78155555555554,15.250666666666666,878.0933333333334,72.47271111111111,0.6075555555555555,428433.8222222223,1973.0946666666664,142.632,13056745.930666666,0.0013488410654797106,0.00020679695909994348,0.0033127892109577105,8.771804493511169e-05,0.00013882206486102463,7.713723824201848e-05,0.00015721359678781054,0.2082277767861768,1.1959721989898993,3.7590009997225,6.202934224828875,0.1860507624782624,1.356443501424501,1.6082879414566913,0.0022688496133496,0.1879411993265993,3.511067431792282,0.0016350634587634,0.1999707551226551,0.1568334727124726,0.0633981407943908,0.1034169988696489,0.0020350061438561,0.021568238867613852,0.0485244371443371,0.0214471482295482,0.002100115796634639,0.0358470611018611,0.1352887127779627,0.0850314332870832,0.0075791798460798,0.0016455483368483,3.6455,0.163125,0.08443267996830069,0.013250000000000001,0.00025,0.072125,0.43674999999999997,0.185,0.07037500000000001,0.010875,0.0245,0.01070244410513506,1.6353458744711489,0.17997616098316205,0.10351250000000001,0.0035,0.22148396260543926,0.0042008032065600715,0.03070737242967734,0.02360348126542848,0.06135253342644658,0.7011166666666667,0.03513213806342656,0.06415287209319663,0.03302506743526765,0.006125,0.011625,0.02025,0.2015625,0.5500080952225851,0.002,0.014375,0.029392215241855098,0.5303135333574599,0.0135,0.03795,0.14595279529862243,0.01225,0.02093407172605739,0.3790701732957726,0.0012065479209592165,0.0063750000000000005,0.012136543600220158,0.0096875,0.030750000000000003,0.003625,0.0018022427741722098,0.009336210966334182,0.0014895550501485316,0.011773678237798162,0.01567389423661199,0.04016234816950654,0.014895833333333325,0.0005295337664573091,0.0807930697328921,0.06739769152948588,0.0027413788096082416,0.004708479525198105,0.0029554297032728044,0.018588052386547295,0.003815274094832242,0.0004888578231292142,0.7990284315003486,74700.0,74759.0,874.1589466666667,42.042786666666665,348.81837333333334,52.73209777777778,3.4934711111111114,0.19353777777777778,0.012911111111111111,31.751250471111113,29.7682236,27.856552528888887,26.494604248888887,25.146784013333335,23.018832546666665,21.10768423111111,19.712540142222224,18.193624133333334,17.286225208888887,16.668814844444444,16.75522778666667,16.460857271111113,14.721645364444445,10.871711297777777,25.79632313777778,4.814478062222222,0.980188328888889,0.5184617777777778,0.12545782666666666,0.09066369777777777,0.06380639111111111,0.06020512,0.05428412444444444,0.04103499555555556,0.04426047111111111,0.03838757777777778,0.041126173333333335,0.03752855555555556,0.04706272444444445,0.06172290666666667,0.05148976444444444,0.041426826666666666,0.023526995555555555,0.029217657777777777,0.04298362666666666,3.1051596900160767,12875522.095070696,1921.9154610132298,0.3167875,0.09647785132394454,0.0097725,0.022234375,1.4730850117530352,0.0,0.02770625,0.05673125,0.0020350061438561,0.117425,0.0,0.00451666666666665,0.0,0.033693749999999995,0.24352142857142856,0.019591666666666625,0.0,3.157261872397227,0.06694188549835471,0.006483333333333301,0.030557142857142824,0.0024166666666666503,0.07982916666666662,0.14955833333333332,0.13285833333333327,0.20052083333333331,0.23696249999999996,0.04066875,0.03533,0.003434375,0.3007875,0.016208333333333325,0.9269916666666668,0.04743999999999993,0.004396428571428551,0.840525,0.691325,0.014854999999999924,0.030345,1.1288150000000001,0.0,0.0,0.143125,0.03190714285714282,0.04843214285714278,0.03648571428571425,0.0,0.02136428571428565,0.05658333333333328,0.0,0.020262500000000003,0.0,0.0,0.0,,,,0.0,0.006125,0.3444760691371552,2.4836213397518625,2.44088536138949,70.10205343879129,1445.7778,1465.3229,0.979323870529408,2024-07-19 20:45:00
2024-07-19 15:00:00,73.81288888888889,1.0,0.03580283649426952,0.14790660025381727,0.0028635002018223997,0.02153606082761137,0.5394349209455411,0.00879892,0.010305466666666667,0.03095582222222222,3.2051866666666663e-22,3.1625555555555555e-05,4.6802e-05,0.00046106711111111115,1.5431315555555555e-22,4.7168622222222226e-05,0.002244017777777778,0.0014588799999999999,5.744306666666667e-07,0.10953155555555556,0.00892488,0.021041377777777776,0.16917733333333332,4.145471111111111e-05,3.103426666666667e-05,0.138,1309.1346666666666,358.82373333333334,0.051111111111111114,358.82373333333334,40.73434,-111.87211,312.45266666666663,15.326666666666666,878.004,80.32124444444443,0.8724444444444444,428188.7555555556,1978.547555555556,142.132,13026006.910222225,0.001291563803178358,0.0002118948107484826,0.003377241825021558,8.661399456525618e-05,0.0001458428612220685,8.112544179873852e-05,0.0001278622850333299,0.2279241777777778,1.1776809333333331,3.703939555555555,5.734925022222223,0.1780848,1.1340513333333333,1.3723785777777775,0.0013329777777777,0.1520851555555555,3.423968933333333,0.0035329777777777,0.14779853333333334,0.1455032888888888,0.1253556888888889,0.1026288,0.0028919111111111,0.0209227111111111,0.0484334666666666,0.0198258222222222,0.0019971347273789472,0.0348759111111111,0.085594,0.0688879555555555,0.0061427111111111,0.0016128888888888,3.383,0.152,0.1,0.01,0.0,0.072,0.437,0.184,0.066,0.011,0.02,0.028,1.263,0.114,0.1,0.003,0.259,0.004,0.036,0.02,0.058,0.574,0.037,0.202,0.038,0.007,0.012,0.023,0.161,0.374,0.002,0.014,0.1,0.382,0.013,0.036,0.126,0.012,0.02,0.268,0.005,0.006,0.036,0.01,0.035,0.004,0.019,0.01,0.001,0.011,0.016,0.04,0.014,0.004,0.064,0.054,0.018,0.004525044826877979,0.002535230606762736,0.01745378921231712,0.0036943590344877316,0.00043891501133782847,0.7968747269337052,75600.0,75659.0,874.0678355555556,42.29855555555556,353.3172266666667,53.17480444444445,3.41028,0.18769333333333332,0.012897777777777779,31.374374120000002,29.66642344,27.917056142222222,26.855092755555557,25.415845893333334,23.46289066222222,21.36547330222222,20.107022346666668,18.521052253333334,17.574305164444446,17.167021502222223,17.246699604444448,16.92164504,15.21510812888889,11.162560097777778,26.198348186666667,4.82919588,0.9825171422222223,0.49431024888888886,0.12080594222222223,0.0888087911111111,0.05982804888888889,0.05590093333333333,0.05030611555555555,0.041695706666666665,0.03773375111111111,0.03370324888888889,0.03492428888888889,0.032296168888888886,0.045341631111111114,0.06566186222222223,0.03877585333333333,0.03691049777777777,0.026907435555555557,0.026337404444444445,0.044145706666666666,3.299193017302708,12845209.723288715,1927.3404567497591,0.31165,0.07885,0.00847,0.0195125,1.52855,0.0,0.0230625,0.054675,0.0028919111111111,0.111375,0.0,0.0,0.0,0.0320875,0.2181285714285714,0.0183555555555555,0.0,3.342668260970618,0.0210333333333333,0.0086444444444444,0.0261428571428571,0.0,0.0811333333333333,0.1613,0.1332166666666666,0.1904833333333333,0.2386333333333333,0.042925,0.03444,0.0,0.2933,0.01575,0.8751666666666668,0.0500199999999999,0.0,0.838575,0.6878,0.0149799999999999,0.02972,1.16328,0.0,0.0,0.1442,0.0425428571428571,0.0458857142857142,0.0347428571428571,0.0,0.0284857142857142,0.0584666666666666,0.0,0.0176,0.0,0.0,0.0,,,,0.0,0.007,0.35612723164757826,3.5,3.1,68.0,1447.4445,1462.8651,0.9858866449744983,2024-07-19 21:00:00
2024-07-19 15:15:00,75.93377777777778,1.0,0.04058226987143154,0.14645545026968085,0.0027553439644363,0.02135437712933708,0.46480847850463736,0.008733199111111112,0.010226533333333334,0.030786266666666666,1.5627222222222222e-22,3.087604444444444e-05,4.6006e-05,0.0004532457777777778,7.452039999999999e-23,4.504457777777778e-05,0.0022139155555555554,0.0014420933333333331,5.554288888888888e-07,0.10911955555555555,0.008831662222222224,0.020980755555555557,0.16859644444444444,4.0635288888888885e-05,2.957688888888889e-05,0.138,1309.26,358.8956888888889,0.05031111111111111,358.8956888888889,40.73434,-111.87211,312.8793333333333,15.374222222222222,877.8746666666666,107.88195555555556,0.7577777777777778,429271.68888888886,1983.9742222222224,145.31866666666664,12962079.174222223,0.0012342865408770053,0.00021699266239702173,0.0034416944390854055,8.550994419540065e-05,0.00015286365758311233,8.511364535545856e-05,9.851097327884934e-05,0.7387612444444445,2.153338222222222,5.9039337777777785,5.817898622222222,0.1808270222222222,1.4395264888888888,1.4731139555555557,0.001038,0.1751576,3.579316533333333,0.0021961333333333,0.1648096,0.1678336888888888,0.0708152444444444,0.157934,0.0090465777777777,0.019104668057251365,0.0790378222222222,0.0285377777777777,0.001688191519611873,0.0319456444444444,0.0784422666666666,0.0544548,0.0058269333333333,0.0010819111111111,3.4115,0.15475,0.08770768494206602,0.00925,0.0,0.07225,0.4375,0.192,0.06575,0.01075,0.0175,0.017367559530787318,1.8502880122611884,0.19237810554903556,0.12525,0.0035,0.20450000000000002,0.00375,0.03384149909723475,0.01725,0.04925,0.50125,0.03575,0.10524687652065538,0.03,0.00575,0.01,0.0185,0.1405,0.332,0.00175,0.013000000000000001,0.04752259103949589,0.336,0.0115,0.03125,0.108,0.010750000000000001,0.01725,0.23125,0.0021704995978415174,0.0055,0.019940884222038418,0.0085,0.028250000000000004,0.0032500000000000003,0.0054788514620091495,0.00825,0.00125,0.010499999999999999,0.014,0.036250000000000004,0.01175,0.001430813340184555,0.05575,0.047,0.006011377423348536,0.004341610128557853,0.0033633913895716842,0.016319526038086944,0.003573443974143221,0.00038897219954644275,0.7947210223670618,76500.0,76559.0,873.9137733333333,42.51650222222222,372.4015911111111,55.27303555555555,3.6465822222222224,0.19335555555555556,0.013351111111111112,35.88061346222222,33.49198746222223,30.843766804444446,29.35276576,27.324716164444446,24.826633413333333,22.44421564,20.675027795555554,18.85852749777778,17.92610140888889,17.223347493333332,17.348635515555557,17.021305480000002,15.086841928888889,11.09686364888889,25.77581043111111,4.759665688888889,0.9853078666666666,0.5456803511111111,0.1327614311111111,0.09660844444444444,0.06130814666666667,0.05780572444444444,0.05401062222222222,0.04524480888888889,0.03659563111111111,0.045002791111111114,0.04158794666666667,0.03905920444444445,0.05331123555555555,0.07762016,0.046533502222222224,0.040636719999999994,0.02808502222222222,0.028569284444444443,0.04895409777777778,3.462623363989859,12782169.285669213,1932.7393643985495,0.29846249999999996,0.10079377480847015,0.0063525000000000005,0.020309374999999998,1.5516172807168545,0.0,0.025265625,0.0527,0.0090465777777777,0.107396875,0.0,0.0023361111111111,0.0,0.031424999999999995,0.22501428571428567,0.01881111111111105,0.0,3.4988323116844446,0.07031897503375774,0.006483333333333301,0.024207142857142823,0.0,0.0653708333333333,0.15614166666666665,0.12124583333333327,0.1746333333333333,0.2161083333333333,0.039625,0.030504999999999997,0.0,0.25784375,0.014145833333333325,0.7752333333333334,0.04757999999999992,0.0,0.7614375,0.628015,0.014679999999999926,0.02928,1.0512100000000002,0.0,0.0,0.15165499999999998,0.03190714285714282,0.0418857142857142,0.0325428571428571,0.0,0.02136428571428565,0.05292083333333327,0.0,0.01746666666666665,0.0,0.0,0.0,,,,0.0,0.00575,0.658306583226537,3.438180631135241,4.048048206511826,71.28954954948316,1449.1111,1459.051,0.9888511235333074,2024-07-19 21:15:00
2024-07-19 15:30:00,75.10977777777778,1.0,0.04012955164790344,0.14500430028554442,0.0026471877270502,0.021172693431062792,0.3901820360637338,0.008643600888888889,0.010131155555555556,0.030578400000000002,6.936453333333333e-23,3.0003955555555554e-05,4.506488888888889e-05,0.00044405555555555556,3.257288888888889e-23,4.265311111111111e-05,0.0021782266666666664,0.001421911111111111,5.33724e-07,0.10860399999999999,0.008719902222222221,0.020904888888888886,0.16786355555555554,3.9675555555555554e-05,2.794111111111111e-05,0.138,1308.8088888888888,358.9843555555555,0.04733333333333333,358.9843555555555,40.73434,-111.87211,313.11844444444444,15.22711111111111,877.7479999999999,88.4244,0.8804444444444445,429169.1111111111,1979.5817777777777,145.74488888888888,12803885.123555556,0.0011770092785756527,0.00022209051404556087,0.0035061470531492526,8.440589382554514e-05,0.00015988445394415617,8.91018489121786e-05,6.915966152436876e-05,0.4504115616587116,1.719139241147741,4.797580241240241,5.631977866666667,0.1762591555555555,1.4256761333333334,1.4220502666666666,0.0012816888888888,0.1666291111111111,3.524976622222222,0.0022750222222222,0.15097320000000003,0.1586279999999999,0.0495716444444444,0.1163151111111111,0.0011465333333333,0.017286625003391634,0.0516557333333333,0.0195951999999999,0.001379248311844799,0.0318152888888888,0.0867434666666666,0.0595434222222222,0.0071272444444444,0.0013732,3.44,0.1575,0.07832762246172326,0.0085,0.0,0.0725,0.438,0.2,0.0655,0.010499999999999999,0.015,0.01138642100505269,1.7635086034708394,0.19434559352896486,0.15050000000000002,0.004,0.15000000000000002,0.0035,0.031218660184145007,0.014499999999999999,0.0405,0.4285,0.0345,0.0738752535625879,0.022,0.0045000000000000005,0.008,0.014,0.12,0.29,0.0015,0.012,0.03125276190015973,0.29000000000000004,0.01,0.0265,0.09,0.0095,0.014499999999999999,0.1945,0.0009547806287562208,0.005,0.01293742826065199,0.007,0.021500000000000002,0.0025,0.0008419769890443338,0.006500000000000001,0.0015,0.009999999999999998,0.012,0.0325,0.0095,0.0002941353297544647,0.0475,0.04,0.0018873124531372772,0.004158175430237727,0.0030219827933746666,0.015185262863856772,0.00345252891379871,0.00033902938775505704,0.7925673178004183,77400.0,77459.0,873.7815022222222,42.72362666666666,358.21252444444445,53.72734666666667,3.5809111111111114,0.1952488888888889,0.013035555555555555,33.36254024888889,31.110435204444446,28.836847986666665,27.611935768888888,26.04695637777778,23.73749036,21.67401088,20.196176728888886,18.45026012888889,17.630733191111112,17.012723884444444,17.241387155555557,16.89205194222222,15.02578039111111,10.997581213333332,25.27165209777778,4.693683946666667,0.9891282311111111,0.5286666088888888,0.11900664888888889,0.09120901333333334,0.06258849777777778,0.054388577777777766,0.04988015999999999,0.053462800000000005,0.04034770666666666,0.03787672888888889,0.04205361777777778,0.03761484444444444,0.04865914222222222,0.06871541333333334,0.05458932888888889,0.03918745333333333,0.03054881333333333,0.027578044444444446,0.044663800000000003,3.114824459007146,12626170.922410611,1928.369388616977,0.285275,0.10147846804613106,0.004235,0.02110625,1.542002784813583,0.0,0.02746875,0.050725,0.0011465333333333,0.10341875,0.0,0.0046722222222222,0.0,0.030762499999999998,0.23189999999999994,0.0192666666666666,0.0,3.166496934951111,0.07085472836121044,0.0043222222222222,0.02227142857142855,0.0,0.049608333333333296,0.1509833333333333,0.10927499999999996,0.1587833333333333,0.1935833333333333,0.036324999999999996,0.02657,0.0,0.22238750000000002,0.012541666666666649,0.6753,0.045139999999999944,0.0,0.6842999999999999,0.56823,0.01437999999999995,0.028839999999999998,0.9391400000000001,0.0,0.0,0.15911,0.02127142857142855,0.0378857142857142,0.030342857142857102,0.0,0.0142428571428571,0.047374999999999945,0.0,0.0173333333333333,0.0,0.0,0.0,,,,0.0,0.0045000000000000005,0.48773689308882473,3.005254601136302,3.219075701786085,70.52853406755342,1450.7778,1455.1556,0.9912497489778174,2024-07-19 21:30:00
2024-07-19 15:45:00,71.624,1.0,0.03911100467039064,0.143553150301408,0.0025390314896641,0.0209910097327885,0.3155555936228301,0.008594786222222223,0.01001364888888889,0.030318355555555555,2.841773333333333e-23,2.8985111111111114e-05,4.3949644444444446e-05,0.00043316222222222224,1.3036333333333333e-23,3.998248888888889e-05,0.0021356488888888887,0.00139752,5.089577777777778e-07,0.10792399999999999,0.008584244444444444,0.020805733333333333,0.16693244444444444,3.8552844444444444e-05,2.61212e-05,0.138,1308.636,325.75275555555555,0.04733333333333334,325.75275555555555,40.73434,-111.87211,312.9264444444444,15.233777777777778,877.5533333333334,98.20702222222222,0.9466666666666667,428938.32675102673,1971.9844973914971,151.44222311022313,12767011.849172495,0.0011197320162743,0.0002271883656941,0.0035705996672131,8.330184345568962e-05,0.0001669052503052,9.309005246889864e-05,3.980834976988823e-05,0.2245194722222222,1.3071172222222225,3.9047425,5.633528444444445,0.1767158222222222,1.2586637777777778,1.506364133333333,0.0015107111111111,0.1635202222222222,3.286041733333333,0.0026018222222222,0.19880102222222223,0.1553478666666666,0.0311076444444444,0.1204488444444444,0.006740364977032319,0.0154685819495319,0.0622036888888888,0.0270483111111111,0.0010703051040777249,0.0268805777777777,0.0901740888888888,0.0657696444444444,0.0080766222222222,0.0010298222222222,3.4684999999999997,0.16025,0.07017488593697938,0.00775,0.0,0.07275,0.4385,0.208,0.06525,0.01025,0.0125,0.013690437458913145,1.6134127949353925,0.22064510588116415,0.17575000000000002,0.0045000000000000005,0.0955,0.0032500000000000003,0.030284100972919295,0.01175,0.03175,0.35574999999999996,0.03325,0.07699119267111967,0.013999999999999999,0.0032500000000000003,0.006,0.009500000000000001,0.0995,0.248,0.00125,0.011,0.03752012285112929,0.244,0.0085,0.02175,0.072,0.00825,0.01175,0.15775,0.0019680106818394023,0.0045000000000000005,0.01563525538829564,0.0055,0.01475,0.0017499999999999998,0.004706538362070467,0.00475,0.00175,0.0095,0.01,0.02875,0.0072499999999999995,0.0012414894059297452,0.03925,0.033,0.005324477353039785,0.0039747407319176,0.0031739456675802,0.0140509996896266,0.0033316138534542,0.0002890865759636713,0.7904136132337749,78300.0,78359.0,873.6170711111112,42.810399999999994,350.65828,52.50527555555555,3.447906666666667,0.19202666666666665,0.012617777777777778,32.27569221333333,30.170927595555554,28.19117152,26.835918168888888,25.17510579111111,23.19523928,21.173939826666665,19.783046542222223,18.129093991111112,17.53092668,16.852566795555557,17.217716786666667,17.041935435555555,14.878527017777778,10.806617093333333,24.559289657777775,4.503533791111111,0.9538574222222223,0.5082631555555556,0.11845983555555555,0.0922949422222222,0.06072299111111111,0.052995737777777774,0.05151084888888889,0.04287648,0.04538006666666667,0.04373421777777778,0.0371368,0.03929109777777778,0.04587715555555556,0.06043608,0.04948837777777778,0.037365284444444445,0.02688376,0.02705756888888889,0.04330439111111111,2.784267922995746,12589809.438350359,1920.8109705848829,0.27208750000000004,0.11063079753684371,0.0021174999999999996,0.021903125000000002,1.520371634942336,0.0,0.029671875,0.04875,0.00286251111111105,0.099440625,0.0,0.0070083333333333005,0.0,0.0301,0.23878571428571424,0.01972222222222215,0.0,2.850637312182964,0.07801617046241198,0.0021611111111110998,0.020335714285714276,0.0,0.0338458333333333,0.14582499999999995,0.09730416666666662,0.1429333333333333,0.1710583333333333,0.033025,0.022635000000000002,0.0,0.18693125,0.010937499999999975,0.5753666666666667,0.042699999999999974,0.0,0.6071624999999999,0.508445,0.014079999999999974,0.028399999999999998,0.8270700000000001,0.0,0.0,0.16656500000000002,0.010635714285714276,0.0338857142857142,0.0281428571428571,0.0,0.007121428571428549,0.041829166666666626,0.0,0.01719999999999995,0.0,0.0,0.0,,,,0.0,0.0032500000000000003,0.3541132201667583,2.594440516579584,2.5500870700093525,67.30920050510741,1452.4445,1450.5909,1.0012280379299545,2024-07-19 21:45:00
2024-07-19 16:00:00,70.24311111111112,1.0,0.0012277466666666,0.1451673398984349,0.0031117296120546,0.0210168163895363,0.3270132942857143,0.00844366088888889,0.00987784888888889,0.03001342222222222,1.1837395555555555e-23,2.7861511111111113e-05,4.270102222222222e-05,0.00042098355555555554,5.203124444444444e-24,3.711871111111111e-05,0.002087231111111111,0.0013697466666666668,4.820737777777778e-07,0.10713955555555557,0.008429226666666668,0.020685022222222224,0.16581022222222222,3.730853333333334e-05,2.416888888888889e-05,0.138,1308.7617777777778,321.2783111111111,0.043333333333333335,321.2783111111111,40.73434,-111.87211,313.46866666666665,14.443999999999999,877.4515555555555,106.42502222222222,0.6973333333333334,428029.8598623598,1964.755871794872,137.6854277944278,11987824.34349806,0.0011772746031746,0.0002524263492063,0.0031823298412698,6.57815873015873e-05,0.0001530022222222,8.699777777777778e-05,2.8226031746031744e-05,0.2,1.4129989566982597,4.371741076552213,5.047712888888889,0.1723613333333333,0.9203620444444444,1.7189389333333334,0.0007187111111111,0.1463348444444444,2.979945555555555,0.0017583555555555,0.12515951111111112,0.1310040444444444,0.0674104444444444,0.1955931111111111,0.0045784888888888,0.013650538895672165,0.1131481333333333,0.0414085777777777,0.0007613618963106506,0.0260239555555555,0.0650403111111111,0.0570896888888888,0.0068204888888888,0.0010158222222222,3.497,0.163,0.049,0.007,0.0,0.073,0.439,0.216,0.065,0.01,0.01,0.011,0.989,0.116,0.201,0.005,0.041,0.003,0.029,0.009,0.023,0.283,0.032,0.081,0.006,0.002,0.004,0.005,0.079,0.206,0.001,0.01,0.037,0.198,0.007,0.017,0.054,0.007,0.009,0.121,0.002,0.004,0.013,0.004,0.008,0.001,0.007,0.003,0.002,0.009,0.008,0.025,0.005,0.002,0.031,0.026,0.006,0.003921706031746,0.0032692542857142,0.013568959047619,0.003218785079365,0.0002391437641722856,0.7627417955555555,79200.0,79259.0,873.5031422222222,42.96490222222222,349.1418977777778,52.038155555555555,3.394008888888889,0.19083111111111112,0.012351111111111111,32.09233793777778,30.27315207111111,28.102964284444447,26.797570066666665,25.217848933333336,23.128845471111113,21.13347824,19.74058414222222,18.181539417777778,17.418034168888887,16.851206844444444,17.239553320000002,16.851965897777777,14.736393728888888,10.567179102222221,24.151555924444445,4.370807737777778,0.9291166266666667,0.5011409244444445,0.12500440444444444,0.09074164444444445,0.06435988444444445,0.055233715555555556,0.043884342222222227,0.04064696444444445,0.041184719999999994,0.035229515555555556,0.03462925777777778,0.03877626666666666,0.048489382222222224,0.06050804444444444,0.04414675111111111,0.034668208888888885,0.023838079999999998,0.02727384888888889,0.04781659111111111,2.624129617117339,11821436.82860609,1913.6193215632863,0.2589,0.07715,0.0,0.0227,1.28505,0.0,0.031875,0.046775,0.0045784888888888,0.0954625,0.0,0.0093444444444444,0.0,0.0294375,0.2456714285714285,0.0201777777777777,0.0,2.697618934462127,0.0621166666666666,0.0,0.0184,0.0,0.0180833333333333,0.1406666666666666,0.0853333333333333,0.1270833333333333,0.1485333333333333,0.029725,0.0187,0.0,0.151475,0.0093333333333333,0.4754333333333333,0.04026,0.0,0.530025,0.44866,0.01378,0.02796,0.7150000000000001,0.0,0.0,0.17402,0.0,0.0298857142857142,0.0259428571428571,0.0,0.0,0.0362833333333333,0.0,0.0170666666666666,0.0,0.0,0.0,,,,0.0,0.002,0.2,2.7,2.9,62.0,1454.1111,1445.2626,1.0017124017176215,2024-07-19 22:00:00
2024-07-19 16:15:00,67.9648888888889,1.0,0.0032626342857142,0.1318525381564731,0.0039390074092574,0.0174260823889073,0.404144476996337,0.008268234222222223,0.009720186666666667,0.029653866666666664,5.328288888888889e-24,2.6632666666666667e-05,4.1306444444444444e-05,0.00040741733333333335,2.2141288888888887e-24,3.41544e-05,0.0020326311111111112,0.0013381244444444446,4.5349599999999997e-07,0.10618711111111111,0.008252044444444445,0.02053857777777778,0.16447555555555557,3.5934222222222223e-05,2.215808888888889e-05,0.138,1309.136,257.3453777777778,0.04591111111111111,257.3453777777778,40.73434,-111.87211,313.378,14.68222222222222,877.4315555555555,98.71542222222223,0.7671111111111111,427738.2222222223,1964.2302222222224,138.92000000000002,12304066.223555556,0.0018804841269841,0.0002586758730158,0.0031357688888888,5.897492063492064e-05,0.0001333482539682,0.0001368063492063,1.839142857142857e-05,0.2115164583333333,1.0947627083333331,2.8152020833333338,5.200276088888889,0.1705153777777777,0.9803508444444444,1.4075254666666666,0.0006132888888888,0.1501001333333333,2.9008152888888885,0.0041659111111111,0.19966404444444444,0.1592115555555555,0.0564638222222222,0.1635116888888889,0.0026311111111111,0.011832495841812432,0.0666612444444444,0.0276487111111111,0.0017562013152390894,0.0240021333333333,0.0934546666666666,0.0736475555555555,0.0069223111111111,0.0009175111111111,3.441,0.161875,0.08137084762982968,0.00675,0.0,0.072875,0.439125,0.212875,0.06475,0.010125,0.014205,0.014664112527025083,1.4602153161059448,0.16284116660530001,0.1680875,0.005,0.07688561467329774,0.00275,0.031384923919269524,0.008436235502019062,0.027678708524007747,0.32934166666666664,0.0427434271735832,0.10945124519726224,0.009025067435267651,0.002,0.004625,0.0055,0.10896875,0.3033151864629347,0.000875,0.009875,0.04016870337258895,0.28039214028040527,0.006875,0.01838214285714285,0.07040625001020373,0.006875,0.009864817281653337,0.20090474260908256,0.002049633418278178,0.004001152212984019,0.01677535445653856,0.004375,0.0085,0.0008895634550341043,0.005017855691676055,0.003,0.002125,0.01126250742730882,0.014304261372541113,0.020983986563034823,0.0069,0.0013178053736989195,0.04410593217755027,0.03626111180520676,0.00560136492054497,0.0039605603174603,0.003989138095238,0.0169294431746031,0.0031831425396825,0.0001892009523809,0.7156771447619048,80100.0,80159.0,873.3976311111112,43.052373333333335,349.17231999999996,51.367888888888885,3.24412,0.1848488888888889,0.012106666666666665,32.719595115555556,30.63681182222222,28.266008324444446,27.034883955555554,25.21649183111111,23.21754160888889,21.30239483111111,19.655723168888887,18.210969715555557,17.281598462222224,16.742669506666665,16.996005853333333,16.676689395555556,14.595694115555554,10.468092364444443,23.665019986666668,4.269707626666667,0.913642368888889,0.4991669955555556,0.12095789777777778,0.08768143555555555,0.05217287111111111,0.060001377777777774,0.04419662222222222,0.03578249333333334,0.033230466666666666,0.039879653333333334,0.033801986666666665,0.03448204,0.04240777777777778,0.058115466666666664,0.04444074666666666,0.030667128888888888,0.023615137777777778,0.021669293333333332,0.04032800444444444,2.6007350170316488,12133289.36335623,1913.0963608449151,0.26245,0.09051480865351313,0.0,0.021759375,1.4078872321247289,0.0,0.0307625,0.047981249999999996,0.0026311111111111,0.10238125000000001,0.0,0.0070083333333333005,0.0,0.022078124999999997,0.22879642857142854,0.020488888888888827,0.0,2.6752644844577778,0.062275971222145274,0.0,0.01943214285714285,0.0,0.0241083333333333,0.1423666666666666,0.08765416666666663,0.13237499999999996,0.1520958333333333,0.031406250000000004,0.020730000000000002,0.0,0.163325,0.010149999999999975,0.4736666666666666,0.04396,0.0,0.5382875,0.46573000000000003,0.014519999999999976,0.02903,0.7151900000000001,0.0,0.0031375,0.187785,0.0,0.028582142857142775,0.019457142857142826,0.0,0.0,0.03679999999999997,0.0,0.01843749999999995,0.0,0.0,0.0,,,,0.0,0.002,0.34642144805014996,2.382708567271989,1.7337123594166055,63.92978277979595,1455.7778,1438.9478,1.0019619111223617,2024-07-19 22:15:00
2024-07-19 16:30:00,67.81911111111111,1.0,0.0020379484977984,0.1199767288568838,0.0033279129006179,0.0117316345369445,0.5064061485329486,0.0080749,0.009539120000000002,0.029233066666666665,2.6770133333333333e-24,2.5293288888888892e-05,3.9758888888888894e-05,0.00039241155555555556,1.0489031111111111e-24,3.107711111111111e-05,0.0019714888888888887,0.001302431111111111,4.2312577777777777e-07,0.10506088888888888,0.008050848888888889,0.020365333333333336,0.16284844444444443,3.442995555555556e-05,2.0081022222222224e-05,0.138,1308.6271111111112,184.04666666666665,0.04484444444444445,184.04666666666665,40.73434,-111.87211,312.6357777777778,14.867555555555555,877.3791111111111,80.78546666666666,0.824,427030.4888888889,1962.419111111111,137.04844444444444,12384253.687111111,0.0014733565343915,7.740087634587636e-05,0.0031564702036852,1.582900358900359e-05,5.3486975801975805e-05,5.045431697931699e-05,1.6330123580123595e-06,0.1953226418673918,1.0531579364653865,2.8363870541310545,7.129388514034114,0.1703012686979686,0.9564906346708848,1.5932873294816294,0.0011235193325193,0.1381239764772264,2.769298098612498,0.0048855157694157,0.17075839010434013,0.1634405938006437,0.1046180213619713,0.1785484872164872,0.0073349927868427,0.0100144527879527,0.0753016803585303,0.0299120017889517,0.002751040734167528,0.027045391055241,0.1140036198172198,0.0934436392847892,0.0042298795556295,0.0012179039238539,3.385,0.16075,0.10263322296271651,0.006500000000000001,0.0,0.07275,0.43925000000000003,0.20975,0.0645,0.01025,0.018410000000000003,0.016551464669317294,1.4244340664023412,0.1542018632857146,0.135175,0.005,0.11277122934659548,0.0025,0.032589840379953966,0.007872471004038125,0.032357417048015494,0.37568333333333326,0.05348685434716639,0.120785732499153,0.0120501348705353,0.002,0.0052499999999999995,0.006,0.1389375,0.40063037292586945,0.00075,0.00975,0.04530265851319202,0.36278428056081047,0.00675,0.0197642857142857,0.08681250002040747,0.00675,0.010729634563306677,0.2808094852181651,0.0023573215902997,0.0040023044259680386,0.018985299528918965,0.00475,0.009000000000000001,0.0007791269100682086,0.006191409339155338,0.003,0.0022500000000000003,0.013525014854617642,0.020608522745082226,0.01696797312606965,0.0088,0.0016054889486861882,0.05721186435510053,0.04652222361041351,0.006645130827181297,0.0039846826939726,0.0033473601443001,0.0233955521256521,0.002936552096237,0.0001930499870499,0.7364199811220261,81000.0,81059.0,873.3060399999999,43.09910222222222,323.65974666666665,48.95554222222222,3.170866666666667,0.1888577777777778,0.011893333333333334,27.397203244444444,26.205047457777777,24.601455675555556,24.227802884444444,23.072095964444443,21.468411084444444,19.806888946666668,18.795783413333332,17.488661519999997,16.916593013333333,16.476515502222224,16.76245093777778,16.480743911111112,14.413820728888888,10.274970426666666,23.002091453333332,4.111288711111111,0.8825921644444444,0.4841585244444444,0.10212430222222223,0.08264261333333334,0.055948524444444446,0.05684596444444444,0.05323542666666667,0.033645911111111114,0.03641888,0.029822946666666666,0.040282835555555556,0.035663528888888886,0.04210823111111111,0.060773933333333335,0.040007013333333334,0.0313886,0.0241156,0.02787541777777778,0.03824502222222222,2.521154774779873,12212363.848242413,1911.2945141070916,0.266,0.08750829851400319,0.0,0.02081875,1.3415522092634902,0.0,0.029650000000000003,0.049187499999999995,0.0073349927868427,0.10930000000000001,0.0,0.0046722222222222,0.0,0.01471875,0.21192142857142854,0.02079999999999995,0.0,2.5992224687688887,0.05992346104289263,0.0,0.0204642857142857,0.0,0.0301333333333333,0.14406666666666662,0.08997499999999994,0.13766666666666666,0.1556583333333333,0.033087500000000006,0.022760000000000002,0.0,0.175175,0.010966666666666649,0.4719,0.047659999999999994,0.0,0.54655,0.4828,0.01525999999999995,0.0301,0.7153800000000001,0.0,0.006275,0.20155,0.0,0.02727857142857135,0.01297142857142855,0.0,0.0,0.03731666666666665,0.0,0.019808333333333303,0.0,0.0,0.0,,,,0.0,0.002,0.33684219611528604,2.3412257690645193,1.7495859095294293,63.795147894103955,1457.4445,1431.3048,1.0029874006384971,2024-07-19 22:30:00
2024-07-19 16:45:00,67.4768888888889,1.0,0.0014882611111111,0.1124618694444444,0.0033895638888888,0.0110093999999999,0.4759708333333335,0.007888595111111112,0.00932596888888889,0.028731555555555555,1.4831204444444444e-24,2.3816266666666668e-05,3.801186666666666e-05,0.00037551733333333334,5.526991111111111e-25,2.788066666666667e-05,0.0019015955555555556,0.001261208888888889,3.90616e-07,0.10369111111111111,0.00781748,0.02015,0.1608751111111111,3.275733333333334e-05,1.7932666666666665e-05,0.138,1309.2715555555556,254.14586666666668,0.04688888888888889,254.14586666666668,40.73433466666667,-111.87211,312.6113333333333,14.915555555555557,877.1466666666668,82.29111111111112,0.7826666666666667,426979.77777777775,1961.1982222222225,134.93066666666667,12276745.417777777,0.00202385,9.500000000000002e-05,0.0031152277777777,1.7583333333333342e-05,5.76638888888889e-05,5.403055555555556e-05,2.34444444444445e-06,0.2023750222222222,1.067067422222222,3.1561644444444448,5.734651006854256,0.1663878745791245,0.8244458825396825,1.1226451225589225,0.0010255244107744,0.1393257638287638,2.590022498220298,0.0038334723184223,0.18140758412698416,0.1552287724867724,0.1183998729677729,0.0934960901875902,0.0039282112073112,0.0210761728234728,0.0452004825396825,0.0218178563011063,0.003745880153095967,0.0310422097883597,0.0827883792207792,0.057969717027417,0.0039776995911495,0.0015032878066378,3.3289999999999997,0.15962500000000002,0.10871856768570279,0.00625,0.0,0.072625,0.439375,0.206625,0.06425,0.010375,0.022615000000000003,0.009976384343063367,1.4003135527984725,0.14442597149805736,0.1022625,0.005,0.1486568440198932,0.0022500000000000003,0.03025016925383566,0.007308706506057187,0.03703612557202324,0.42202499999999993,0.06423028152074958,0.056674656915326874,0.015075202305802952,0.002,0.005875,0.0065,0.16890624999999998,0.49794555938880414,0.000625,0.009625,0.027417195231362594,0.4451764208412157,0.006625,0.021146428571428552,0.10321875003061119,0.006625,0.011594451844960016,0.3607142278272477,0.0012569446684950487,0.004003456638952057,0.011286383125399979,0.005125,0.0095,0.000668690365102313,0.001994461040162725,0.003,0.002375,0.015787522281926463,0.026912784117623337,0.012951959689104472,0.010700000000000001,0.0005766539284173373,0.07031779653265079,0.05678333541562028,0.002912338929841856,0.0038864722222222,0.0037991972222222,0.0232627777777777,0.0026670305555555,0.0002474611111111,0.6800867333333334,81900.0,81959.0,873.0907822222222,43.74200888888889,320.6924577777778,48.21322222222223,3.0695333333333332,0.18597777777777777,0.011640000000000001,27.426187453333334,26.169758777777776,24.565219435555555,24.178210955555553,23.022899466666665,21.282999155555558,19.70403000888889,18.544819986666667,17.215301902222222,16.663827226666665,16.086361604444445,16.547941653333332,16.074707475555556,14.16535791111111,10.159511839999999,22.73698276,4.036376551111111,0.8691603733333333,0.4816024266666667,0.09977735555555554,0.08616463555555556,0.05932841333333334,0.05024905333333333,0.04671680444444445,0.036709702222222224,0.03836662222222222,0.030812333333333334,0.03069491111111111,0.03499995111111111,0.039503817777777776,0.05316059111111111,0.034389871111111116,0.03300205777777778,0.024033768888888887,0.02428741777777778,0.039065244444444445,2.5205888401167718,12106347.762415623,1910.0798704288586,0.26955,0.08410625130080804,0.0,0.019878125,1.3367991157515107,0.0,0.0285375,0.05039375,0.0039282112073112,0.11621875,0.0,0.0023361111111110996,0.0,0.007359375000000001,0.19504642857142857,0.021111111111111074,0.0,2.598681696193778,0.05726145415518451,0.0,0.021496428571428552,0.0,0.0361583333333333,0.1457666666666666,0.09229583333333327,0.14295833333333333,0.1592208333333333,0.03476875,0.02479,0.0,0.187025,0.011783333333333324,0.4701333333333333,0.051359999999999996,0.0,0.5548124999999999,0.49987000000000004,0.015999999999999924,0.031169999999999996,0.71557,0.0,0.0094125,0.215315,0.0,0.025974999999999925,0.006485714285714275,0.0,0.0,0.03783333333333333,0.0,0.02117916666666665,0.0,0.0,0.0,,,,0.0,0.002,0.34101394452934825,2.355094476064089,1.9891898475548562,63.47908429049776,1459.1111,1421.8895,1.0090969354716752,2024-07-19 22:45:00
2024-07-19 17:00:00,65.86622222222222,1.0,0.02885592635368095,0.068697015026455,0.0048878266666666,0.0068311644444444,0.1638475178351278,0.007611133333333334,0.009079231111111112,0.028140577777777776,8.930595555555556e-25,2.2220088888888892e-05,3.607644444444445e-05,0.00035682977777777775,3.2151777777777777e-25,2.464742222222222e-05,0.0018232133333333333,0.0012142222222222222,3.5663644444444445e-07,0.102056,0.007551502222222222,0.019891866666666664,0.15850711111111113,3.093048888888889e-05,1.5769644444444445e-05,0.138,1310.3751111111112,313.1614666666667,0.05022222222222222,313.1614666666667,40.73433124444444,-111.87211,312.3771111111111,14.772444444444444,876.9844444444444,97.34844444444444,0.86,426614.7111111111,1959.963555555556,130.56266666666667,12149737.782222224,0.0023586897132497,0.0003016499444999,0.0020949466041366,2.0510826395826395e-05,0.0001638072462722,0.0001960873174973,4.105707681207682e-05,0.1921046222222222,0.9348588444444444,2.795823111111111,4.829652338492064,0.1632816611111111,0.7508973223104056,1.085294399206349,0.0010347861111111,0.136471067063492,2.5190725357142854,0.0027724781746031,0.15323235582010583,0.1523155099206348,0.381324609920635,0.0512081777777778,0.0030667833333333,0.1224524793650793,0.0206613468253968,0.0078892035714285,0.004740719572024406,0.0392939083333333,0.0637579543650793,0.0503945912698412,0.0016161892857142,9.601785714285702e-05,3.2729999999999997,0.1585,0.03948236340728917,0.006,0.0,0.0725,0.4395,0.20350000000000001,0.064,0.010499999999999999,0.02682,0.0046162392276006175,1.0144307722624555,0.1204141825619707,0.06935,0.005,0.18454245869319094,0.002,0.02942013702976866,0.00674494200807625,0.04171483409603099,0.4683666666666666,0.07497370869433279,0.02479873520712877,0.018100269741070603,0.002,0.0065,0.006999999999999999,0.198875,0.5952607458517388,0.0005,0.0095,0.012836585734458335,0.527568561121621,0.006500000000000001,0.0225285714285714,0.11962500004081493,0.006500000000000001,0.012459269126613354,0.44061897043633025,0.001205555734796039,0.004004608851936076,0.005010062973097007,0.0055,0.01,0.0005582538201364172,0.00239556883213018,0.003,0.0025,0.018050029709235284,0.03321704549016445,0.008935946252139296,0.0126,0.0006613231427338698,0.08342372871020105,0.06704444722082703,0.00619066477660945,0.0027650033953083,0.0030528911444111,0.0128922151202501,0.0021388709773559,0.0002734941140341,0.4184998299169349,82800.0,82859.0,872.8946444444445,44.6808,312.7302711111111,46.67824888888889,2.9193111111111114,0.1825688888888889,0.010946666666666665,26.68813976888889,25.677508693333333,24.018197386666667,23.462728875555555,22.422831204444446,20.842380719999998,19.222056613333333,18.19150245777778,16.838185186666667,16.187044853333333,15.823106271111111,16.067242528888887,15.80967620888889,13.760958826666666,9.822035031111112,21.98385536888889,3.9259119644444445,0.8234968177777778,0.46114661333333334,0.10836319555555556,0.08131395555555555,0.047749128888888895,0.04793084,0.037765257777777776,0.03299284888888889,0.03361268,0.02740285333333333,0.028330782222222222,0.03041,0.031539373333333336,0.05068974222222222,0.035376924444444444,0.02939429333333333,0.019275137777777777,0.02339068888888889,0.03664184888888889,2.4057796340481343,11981102.95589784,1908.8515194502886,0.2731,0.06935,0.0,0.0189375,1.3123,0.0,0.027425,0.0516,0.0030667833333333,0.1231375,0.0,0.0,0.0,0.0,0.1781714285714286,0.0214222222222222,0.0,2.488977035814896,0.0583166666666666,0.0,0.0225285714285714,0.0,0.0421833333333333,0.1474666666666666,0.0946166666666666,0.14825,0.1627833333333333,0.03645,0.02682,0.0,0.198875,0.0126,0.4683666666666666,0.05506,0.0,0.563075,0.5169400000000001,0.0167399999999999,0.03224,0.7157600000000001,0.0,0.01255,0.22908,0.0,0.0246714285714285,0.0,0.0,0.0,0.03835,0.0,0.02255,0.0,0.0,0.0,,,,0.0,0.002,0.5,2.7,1.6,58.0,1460.7778,1410.1777,1.0078965892290452,2024-07-19 23:00:00
2024-07-19 17:15:00,65.36711111111111,1.0,0.030206038802790713,0.062961873076923,0.0119345256410256,0.0138939743589743,0.1325285344532452,0.007383236888888889,0.008795804444444444,0.027451733333333336,5.758364444444445e-25,2.0513288888888887e-05,3.395475555555555e-05,0.00033637022222222224,2.0336533333333333e-25,2.143271111111111e-05,0.0017359288888888888,0.00116144,3.215711111111111e-07,0.10011546666666667,0.00725064,0.019581244444444444,0.15568666666666667,2.8958444444444446e-05,1.3633066666666667e-05,0.138,1310.0688888888888,357.13635555555555,0.05142222222222222,357.13635555555555,40.734338755555555,-111.87211,312.1242222222222,15.04488888888889,876.8986666666666,83.24168888888889,0.8084444444444444,426920.6222222222,1961.3035555555557,134.60577777777775,12409063.801333334,0.0022243816804227,0.0002980470182595,0.0018519478059638,9.11913959056816e-06,0.0001996861099218,0.0002342352181548,9.138575789290076e-05,0.2471542666666666,1.1740111111111111,2.7488822222222224,4.851797943015874,0.16756891777777774,0.7337847467372134,1.1352535193650792,0.00126870666666664,0.13171222587301581,2.5547360619047614,0.00525539920634914,0.21311510687830687,0.18056784724084574,0.3638777546031747,0.06487319080782863,0.004366843333333301,0.11892373349206345,0.03288201634920632,0.011058038581164864,0.005735558990952844,0.0373026933333333,0.08216609682539677,0.05222358412698406,0.0023104569841269,0.0005565976190476056,3.217,0.157375,0.047805643158686906,0.00575,0.0,0.072375,0.439625,0.200375,0.06375,0.010624999999999999,0.024614999999999998,0.004962179420700463,1.402394572719885,0.14292624916924768,0.0755125,0.005,0.15890684401989322,0.0017499999999999998,0.0385651027723265,0.010058706506057188,0.04228612557202324,0.513025,0.0804802815207496,0.03509905140534658,0.015575202305802952,0.002,0.007124999999999999,0.0075,0.20590625,0.5399455593888041,0.000375,0.009375,0.015877439300843753,0.5259264208412158,0.0063750000000000005,0.02264642857142855,0.11746875003061119,0.0063750000000000005,0.011594451844960016,0.39846422782724766,0.0011541668010970293,0.004005761064920095,0.005757547229822755,0.005875,0.0105,0.00044781727517052144,0.0027966766240976352,0.003,0.002625,0.01778752228192646,0.028162784117623338,0.011451959689104473,0.01145,0.0007459923570504024,0.07531779653265079,0.06103333541562027,0.005392998582457087,0.0025856669021454,0.0029620317553478,0.0096562394298162,0.0021683837254015,0.0002462840318411,0.3830279775674722,83700.0,83759.0,872.7680355555556,45.48692444444444,315.9847466666667,46.92485333333333,2.906355555555556,0.18072,0.010955555555555555,26.912531142222225,25.87801990666667,24.363366146666667,23.727279208888888,22.670006235555554,21.118393977777778,19.603705622222222,18.43768543111111,17.16468284888889,16.410826195555554,16.08641204888889,16.375669826666666,15.972864164444445,13.829765257777778,9.802416217777777,21.810205911111108,3.828855155555556,0.8378449377777778,0.47003254666666666,0.09209604,0.08649340888888889,0.05163155111111111,0.045482284444444444,0.04004771555555556,0.03156142666666666,0.026969404444444445,0.03140471111111111,0.030195813333333335,0.024486933333333336,0.031206751111111108,0.04871069777777778,0.03494899111111111,0.0307102,0.020342391111111115,0.02319609777777778,0.034693284444444444,2.4388653294356475,12236829.60529595,1910.1846649507884,0.30155,0.08358434227397785,0.001535,0.020118749999999998,1.3312545342752315,0.0,0.030625,0.05249375,0.004366843333333301,0.11940624999999999,0.0,0.0,0.0,0.005246875,0.19514285714285715,0.023124999999999975,0.0,2.520591704186667,0.056853074924352445,0.0,0.029989285714285677,0.0018861111111111,0.05117916666666663,0.17696666666666663,0.09876249999999995,0.15607083333333333,0.1714875,0.03905625,0.02776,0.003478125,0.2188125,0.012995833333333325,0.6538666666666666,0.05415999999999997,0.006585714285714275,0.6048875,0.53154,0.018449999999999925,0.03483,0.773215,0.003925,0.01511875,0.269705,0.00635,0.029024999999999926,0.00933214285714285,0.003003125,0.0056142857142857,0.04155833333333333,0.0,0.022808333333333326,0.0,0.0,0.0,,,,0.0,0.002,0.3675025529984111,2.461724635696284,1.6840199784888967,61.53057269787616,1462.4445,1395.5953,1.0182876116989519,2024-07-19 23:15:00
2024-07-19 17:30:00,63.90133333333333,1.0,0.03002910993033714,0.0579966865384615,0.006752983557271702,0.0071591121794871496,0.1551588922266226,0.007088011111111111,0.008471284444444446,0.026649199999999998,3.930724444444445e-25,1.8710222222222224e-05,3.164266666666667e-05,0.00031413377777777775,1.3784546666666666e-25,1.82904e-05,0.001639168888888889,0.0011022977777777779,2.85872e-07,0.09782995555555556,0.006911653333333333,0.019211333333333334,0.152372,2.68412e-05,1.1560817777777776e-05,0.138,1310.6235555555554,358.47977777777777,0.0528,358.47977777777777,40.73433920000001,-111.87211,312.43488888888885,14.912444444444445,876.904,76.21502222222222,0.768,426880.5333333333,1957.5604444444443,138.42444444444445,12340671.847111112,0.00138319084021135,0.00016389850912975,0.0018165989029819002,1.6505307073878497e-05,0.00010809305496089999,0.0001216176090774,6.506787894645038e-05,0.2173310666666666,1.1044201333333332,2.6721782222222226,4.873943547539683,0.1718561744444444,0.7166721711640212,1.1852126395238094,0.00150262722222218,0.12695338468253964,2.5903995880952375,0.007738320238095181,0.27299785793650794,0.2088201845610567,0.3464308992857143,0.07853820383787948,0.0056669033333333,0.11539498761904758,0.04510268587301584,0.014226873590901228,0.006730398409881284,0.0353114783333333,0.10057423928571423,0.05405257698412692,0.0030047246825395998,0.0010171773809523543,3.161,0.15625,0.05281191226647311,0.0055,0.0,0.07225,0.43975,0.19725,0.0635,0.01075,0.02241,0.005308119613800309,1.328443729774179,0.16055362844302556,0.081675,0.005,0.13327122934659547,0.0015,0.04771006851488433,0.013372471004038124,0.04285741704801549,0.5576833333333333,0.0859868543471664,0.04539936760356439,0.013050134870535302,0.002,0.00775,0.008,0.2129375,0.4846303729258694,0.00025,0.00925,0.018918292867229167,0.5242842805608106,0.00625,0.022764285714285702,0.11531250002040747,0.00625,0.010729634563306677,0.35630948521816513,0.0011027778673980194,0.004006913277904115,0.006505031486548503,0.00625,0.011,0.0003373807302046258,0.00319778441606509,0.003,0.00275,0.017525014854617642,0.023108522745082224,0.013967973126069648,0.0103,0.0008306615713669349,0.06721186435510053,0.05502222361041351,0.004595332388304725,0.0027930834510727,0.0033275158776739,0.0230647447149081,0.00234369186270075,0.00020474632623103332,0.3741284887837361,84600.0,84659.0,872.6258755555556,45.79416444444444,300.7517511111111,44.36812888888889,2.758995555555556,0.18136444444444447,0.01032,25.93705805777778,24.860685231111113,23.45012012,22.90076812888889,21.757182782222223,20.277647502222223,18.631712008888886,17.58437454222222,16.472871155555556,15.741876822222222,15.324090128888889,15.727985066666667,15.133352488888887,13.03553876888889,9.088828266666667,19.661146195555553,3.2754841066666667,0.7509450177777778,0.4411248266666667,0.08996129333333333,0.09042856888888888,0.05443883555555555,0.0500567111111111,0.03889411111111111,0.03540469777777778,0.031002911111111107,0.031262302222222225,0.03047275111111111,0.027850182222222224,0.03395161333333333,0.05387925333333333,0.03160135555555556,0.030219755555555557,0.016122493333333335,0.018095066666666666,0.035286422222222225,2.1973370992913472,12169386.91150461,1906.4607009689605,0.33,0.0897187367452838,0.00307,0.0213,1.32749704930783,0.0,0.033825,0.053387500000000004,0.0056669033333333,0.115675,0.0,0.0,0.0,0.01049375,0.2121142857142857,0.02482777777777775,0.0,2.2898020892488886,0.06165306719700474,0.0,0.03744999999999995,0.0037722222222222,0.06017499999999995,0.20646666666666663,0.1029083333333333,0.16389166666666666,0.18019166666666664,0.041662500000000005,0.0287,0.00695625,0.23875000000000002,0.013391666666666649,0.8393666666666666,0.053259999999999946,0.01317142857142855,0.6467,0.5461400000000001,0.02015999999999995,0.037419999999999995,0.83067,0.00785,0.017687500000000002,0.31033,0.0127,0.03337857142857135,0.0186642857142857,0.00600625,0.0112285714285714,0.04476666666666665,0.0,0.023066666666666652,0.0,0.0,0.0,,,,0.0,0.002,0.3498610077268145,2.392337679378416,1.6265469331172682,60.176835341131685,1464.1111,1377.553,1.0255160045321203,2024-07-19 23:30:00
2024-07-19 17:45:00,63.72266666666667,1.0,0.029136227194851427,0.0530315,0.0015714414735178027,0.00042425,0.17778925,0.006851821777777778,0.008100857777777777,0.0257184,2.814151111111111e-25,1.6821555555555553e-05,2.9141733333333333e-05,0.0002901306666666667,9.877355555555556e-26,1.527808888888889e-05,0.0015327244444444446,0.0010364719999999999,2.4999466666666667e-07,0.09513715555555556,0.006531448888888889,0.01877208888888889,0.1484328888888889,2.459248888888889e-05,9.591635555555556e-06,0.138,1310.368,358.8171555555556,0.052311111111111114,358.8171555555556,40.73433813333334,-111.87211,312.2317777777778,14.945777777777778,876.6373333333333,95.15951111111112,0.8071111111111111,426678.2222222222,1954.4835555555555,150.43066666666667,12297185.28888889,0.000542,2.974999999999997e-05,0.00178125,2.389147455718884e-05,1.65e-05,9e-06,3.875000000000001e-05,0.3255578222222222,1.3573180444444446,3.185294666666667,4.896089152063492,0.17614343111111108,0.6995595955908289,1.2351717596825398,0.00173654777777772,0.12219454349206346,2.626063114285714,0.01022124126984122,0.33288060899470895,0.23707252188126765,0.328984043968254,0.09220321686793032,0.0069669633333333,0.11186624174603173,0.05732335539682536,0.01739570860063759,0.007725237828809722,0.0333202633333333,0.11898238174603168,0.05588156984126978,0.0036989923809523,0.001477757142857103,3.105,0.155125,0.06855206050643295,0.00525,0.0,0.072125,0.439875,0.194125,0.06325,0.010875,0.020205,0.005654059806900155,1.2676551183145506,0.21597565168578958,0.0878375,0.005,0.10763561467329774,0.0012500000000000002,0.056855034257442164,0.016686235502019062,0.04342870852400774,0.6023416666666667,0.09149342717358319,0.055699683801782196,0.01052506743526765,0.002,0.008375,0.008499999999999999,0.21996875,0.4293151864629347,0.000125,0.009125,0.021959146433614584,0.5226421402804052,0.006125,0.02288214285714285,0.11315625001020374,0.006125,0.009864817281653337,0.3141547426090826,0.0010513889336990097,0.004008065490888134,0.007252515743274252,0.006625000000000001,0.0115,0.00022694418523873014,0.003598892208032545,0.003,0.002875,0.017262507427308824,0.01805426137254111,0.016483986563034823,0.00915,0.0009153307856834675,0.05910593217755026,0.04901111180520676,0.0037976661941523625,0.0030005,0.003693,0.03647325,0.002519,0.00016320862062096665,0.365229,85500.0,85559.0,872.5444311111112,44.42657777777778,302.13753333333335,44.80927555555556,2.9207288888888887,0.19025333333333333,0.010551111111111112,26.73247768,25.508005093333335,23.84001064,23.276695293333333,22.02430823111111,20.240374457777776,18.661265791111113,17.546818884444445,16.46812472,15.598639995555555,15.219416022222221,15.493167457777778,14.898262684444443,12.867963524444443,8.937905924444443,19.463686306666666,3.391006577777778,0.7577821155555555,0.4520222888888889,0.09894510666666666,0.08616651111111112,0.05390810222222222,0.050925471111111106,0.04514248,0.04822496444444444,0.03158022666666667,0.037956635555555555,0.031740159999999996,0.027729942222222224,0.03774687555555555,0.055339582222222225,0.043716128888888886,0.03189910666666666,0.01772864,0.02444476,0.03630364,2.145276901136387,12126503.934061226,1903.3995512840647,0.35845000000000005,0.109005809865379,0.004605,0.02248125,1.308534663973468,0.0,0.037025,0.05428125,0.0069669633333333,0.11194375000000001,0.0,0.0,0.0,0.015740625,0.22908571428571425,0.026530555555555526,0.0,2.2400565457213704,0.07674466301327897,0.0,0.04491071428571422,0.0056583333333333,0.06917083333333328,0.23596666666666666,0.10705416666666664,0.17171249999999996,0.18889583333333332,0.04426875,0.02964,0.010434375,0.2586875,0.013787499999999975,1.0248666666666666,0.05235999999999993,0.019757142857142824,0.6885125,0.56074,0.021869999999999976,0.04001,0.888125,0.011774999999999999,0.020256250000000003,0.350955,0.019049999999999997,0.03773214285714277,0.027996428571428547,0.009009375,0.0168428571428571,0.047974999999999976,0.0,0.023324999999999974,0.0,0.0,0.0,,,,0.0,0.002,0.41388120702572784,2.644494163904061,2.0110166438557453,60.0118255117165,1465.7778,1355.4843,1.0490508146567445,2024-07-19 23:45:00
2024-07-19 18:00:00,66.73821447071447,1.0,0.015859518835520912,0.0146385099071299,0.001321930089355,0.0022226164021164,0.0922114424828874,0.006340356245883747,0.007330717685647686,0.02372229736004736,1.8532030689680689e-25,1.3790493153143152e-05,2.4721701115551113e-05,0.00024749256981906984,6.546961706256706e-26,1.130492405927406e-05,0.0013324674242424241,0.0009075673346838346,1.9740977912827915e-07,0.08941628302068302,0.005772951357531358,0.017888218303918305,0.1402599211899212,2.0751477466977466e-05,7.035702636807637e-06,0.202,1309.8328887408888,297.71924815924814,0.046892923742923746,297.71924815924814,40.73434,-111.87211,312.0158416028416,15.585750397750397,876.4306627816627,115.33875321345322,0.6527665852665853,426481.2904169904,1959.9734064454065,149.6422224627225,12839473.013573725,0.0017505991595441,0.0001421884796684,0.0013065789560439,3.1277642040499175e-05,0.0001640228477078,0.0002988659307359,0.00026113711892162856,0.6609194444444445,2.0147605248254106,1.600342882191882,4.918234756587301,0.18043068777777774,0.6824470200176367,1.28513087984127,0.00197046833333326,0.11743570230158727,2.66172664047619,0.01270416230158726,0.39276336005291,0.2653248592014786,0.3115371886507936,0.10586822989798114,0.0082670233333333,0.10833749587301586,0.06954402492063487,0.020564543610373957,0.008720077247738161,0.031329048333333304,0.13739052420634915,0.05771056269841264,0.004393260079365,0.0019383369047618515,3.049,0.154,0.048,0.005,0.0,0.072,0.44,0.191,0.063,0.011,0.018,0.006,1.259,0.129,0.094,0.005,0.082,0.001,0.066,0.02,0.044,0.647,0.097,0.066,0.008,0.002,0.009,0.009,0.227,0.374,0.0,0.009,0.025,0.521,0.006,0.023,0.111,0.006,0.009,0.272,0.001,0.004009217703872152,0.008,0.007,0.012,0.00011650764027283439,0.004,0.003,0.003,0.017,0.013,0.019,0.008,0.001,0.051,0.043,0.003,0.0023701779078329,0.0032687771571021,0.0179878197805897,0.0016923311669811,0.0001216709150109,0.23772309005143,210.0,269.0,872.4552872061272,43.72062907351907,328.5242173855774,48.54172967199467,3.23209138010138,0.1937515985865986,0.011591998186998187,30.806357505638065,28.803443291186404,26.617865856504423,25.620234295717246,23.92787417888815,21.94569342932179,20.16529298431735,18.49128495264754,17.23763176446202,16.482723439903985,16.128251739112923,16.263472332830872,15.78922106407389,13.804858715814555,9.505187398562178,21.134389616550855,3.692059746409147,0.7784866842851593,0.5130504083494283,0.10895140813149813,0.09944361503182003,0.06456446146464646,0.04746144952362452,0.04414513006012506,0.03921833774854775,0.027781961226736224,0.02976361662948163,0.02699795196784697,0.03469884535890036,0.0485616212992563,0.0535806100936101,0.04995860362840863,0.04635647902245902,0.030739920274540273,0.025911672150997152,0.03869626208772709,2.314734609921527,12661264.862867067,1908.8613199499007,0.3869,0.08595,0.00614,0.0236625,1.4608,0.0,0.040225,0.055175,0.0082670233333333,0.1082125,0.0,0.0,0.0,0.0209875,0.2460571428571428,0.0282333333333333,0.0,2.401979975274078,0.0748166666666666,0.0,0.0523714285714285,0.0075444444444444,0.0781666666666666,0.2654666666666667,0.1112,0.1795333333333333,0.1976,0.046875,0.03058,0.0139125,0.278625,0.0141833333333333,1.2103666666666666,0.0514599999999999,0.0263428571428571,0.730325,0.57534,0.02358,0.0426,0.94558,0.0157,0.022825,0.39158,0.0254,0.0420857142857142,0.0373285714285714,0.0120125,0.0224571428571428,0.0511833333333333,0.0,0.0235833333333333,0.0,0.0,0.0,,,,0.0,0.002,0.6122602287534233,3.3,2.0,58.0,1467.4445,1321.2195,1.0982867952996271,2024-07-20 00:00:00
2024-07-19 18:15:00,64.11644444444444,1.0,0.0025828104761904,0.0163552317460317,0.0011014574603174,0.0018306838095238,0.1567767111111111,0.005840363111111111,0.006924613333333333,0.022619288888888887,1.5187866666666668e-25,1.2273377777777777e-05,2.2509244444444444e-05,0.00022608933333333333,5.394497777777777e-26,9.411306666666667e-06,0.0012313733333333334,0.0008424893333333334,1.7158177777777778e-07,0.08598693333333333,0.005386595555555556,0.017302266666666666,0.13514133333333334,1.8829066666666666e-05,5.827013333333334e-06,0.202,1309.8702222222223,292.4405777777778,0.050488888888888896,292.4405777777778,40.73434,-111.87211,311.6935555555555,15.71288888888889,876.3315555555556,90.42888888888889,0.7635555555555555,427551.6888888889,1960.2657777777777,147.2648888888889,12649295.04,0.001552152063492,0.0002113085714285,0.0013185295238095,3.866380952380952e-05,0.0001835009523809,0.0003168822222222,0.0004835242378432571,0.9962810666666668,3.051560444444444,7.422121333333334,4.940380361111111,0.1847179444444444,0.6653344444444445,1.33509,0.0022043888888888,0.1126768611111111,2.697390166666666,0.0151870833333333,0.4526461111111111,0.2454076666666666,0.2940903333333333,0.1725838055555555,0.0095670833333333,0.10480875,0.0817646944444444,0.0393027222222222,0.0097149166666666,0.0293378333333333,0.1557986666666666,0.0595395555555555,0.0050875277777777,0.0023989166666666,3.24375,0.19474999999999998,0.18629428439234114,0.005,0.0,0.072375,0.440875,0.19125,0.063625,0.01125,0.020354999999999998,0.017690651021879233,1.2803163922087428,0.1541693217053867,0.097725,0.006875,0.15886803604403948,0.002125,0.060322327274796986,0.02623327088141193,0.05000158116490221,0.7229,0.11430744434045711,0.11628965513795259,0.061804414923594446,0.022855180106525874,0.00975,0.00975,0.24236875,0.43929302817399535,0.000375,0.009,0.06041864292456792,0.5669978565095839,0.009375000000000001,0.02782142857142855,0.11548395690561451,0.009125000000000001,0.012,0.3122233241109641,0.0029654725188537536,0.0040103699168561715,0.021200839419219568,0.00775,0.013000000000000001,0.0007269441852387302,0.012038487976421305,0.008361415377412328,0.0032500000000000003,0.02006419013092235,0.014774417984591318,0.02261617926287971,0.009320833333333325,0.0016250000000000001,0.060078161694105806,0.04961112459606094,0.01070773549537456,0.0020212901587301,0.002892846031746,0.014724973015873,0.001583566031746,8.727968253968253e-05,0.2694679622222222,900.0,959.0,872.5274888888889,41.50909333333333,355.7135822222222,51.00073333333333,3.2189422222222226,0.18536444444444447,0.011648888888888887,36.41291450666667,33.49192664444444,30.38568067111111,28.548391715555557,26.30984985777778,23.72956997777778,21.604476675555556,19.78548128,18.045077671111112,16.92677249777778,16.388127577777777,16.385692066666667,15.864027337777777,13.922629160000001,9.800816884444446,21.992820426666665,3.9615245422222225,0.8784167733333333,0.4896220755555556,0.10079532,0.08700168444444446,0.06285153777777777,0.05153984,0.04150876,0.04140111555555556,0.037235755555555555,0.03403703555555556,0.03280576444444445,0.03619228888888889,0.04072964,0.05623625333333334,0.04151316,0.037284,0.02258878222222222,0.025783817777777777,0.04019727111111111,2.2186804778172027,12473726.504247934,1909.1521957157408,0.3828625,0.0916875,0.0072499999999999995,0.0242625,1.5042250000000001,0.0,0.039731249999999996,0.0547375,0.0095670833333333,0.11536875,0.0,0.0,0.0,0.0231875,0.24722499999999997,0.026799999999999977,0.0,2.3101965172977774,0.07527083333333327,0.00183055555555555,0.04984999999999992,0.0056583333333333,0.07663749999999996,0.2526,0.10760416666666664,0.17393749999999994,0.19030416666666666,0.046075,0.02979,0.010434375,0.2810875,0.0139583333333333,1.145425,0.04963999999999993,0.02582499999999995,0.71658125,0.559425,0.02273,0.041665,0.894525,0.011774999999999999,0.021900000000000003,0.411385,0.019049999999999997,0.04316428571428565,0.0376035714285714,0.009009375,0.0168428571428571,0.048883333333333306,0.0,0.022391666666666626,0.0,0.0,0.0,,,,0.017797365204642094,0.005125,0.8106392504811187,4.33376951474155,5.185601166762736,60.37550389196986,1469.1111,1279.6703,1.0842401384836764,2024-07-20 00:15:00
2024-07-19 18:30:00,64.74488888888888,1.0,0.0023833571428571,0.0218368803174603,0.0012284412698412,0.0018224942857142,0.2654458952380952,0.005385632444444444,0.006344128888888889,0.02101448888888889,1.1836355555555557e-25,1.0309035555555556e-05,1.953742222222222e-05,0.000197312,4.236142222222223e-26,7.177751111111111e-06,0.0010926742222222223,0.0007520964444444444,1.3941822222222221e-07,0.08091017777777779,0.0048452577777777775,0.016425155555555557,0.12755777777777777,1.6279644444444445e-05,4.4172e-06,0.202,1309.3817777777776,338.72222222222223,0.04697777777777778,338.72222222222223,40.734335333333334,-111.87211,311.03444444444443,15.874666666666666,876.2986666666667,73.34213333333334,0.7382222222222222,428543.68888888886,1965.8866666666663,131.4431111111111,12483126.012,0.0011541888888888,0.0002134247619047,0.0012838482539682,6.44168253968254e-05,0.000196453015873,0.000257592063492,0.0007059113567648858,0.258690320971621,1.6212203466348467,3.1993606449476446,5.806390797250898,0.1847504483664483,0.837219915053465,1.9809202134791133,0.0020907312409812,0.1285272319162319,2.718505284311985,0.0165492855348355,0.4828868701280201,0.247779127030377,0.1595852702945203,0.2376734289691789,0.0111172539571539,0.012520056023606,0.1279115607892108,0.0536517943278943,0.0014377677008177,0.024366192015392,0.1528496614922115,0.0680070154308654,0.0071008295260295,0.0021165007178007,3.4385,0.2355,0.12690388468482877,0.005,0.0,0.07275,0.44175,0.1915,0.06425,0.0115,0.02271,0.02494176725593146,1.3016327844174858,0.17933864341077338,0.10145,0.00875,0.235736072088079,0.0032500000000000003,0.060998356308085394,0.03246654176282386,0.05600316232980443,0.7988,0.1316148886809142,0.16535312556519757,0.060287849177615795,0.022322953293197386,0.010499999999999999,0.010499999999999999,0.2577375,0.5045860563479907,0.00075,0.009,0.08156965953693299,0.6129957130191679,0.012750000000000001,0.0326428571428571,0.11996791381122901,0.01225,0.015,0.3524466482219281,0.0046918941287420095,0.004011522129840191,0.030872793131660678,0.0085,0.014,0.001337380730204626,0.019111850242700734,0.011449047116588658,0.0035,0.023128380261844696,0.016548835969182635,0.026232358525759426,0.01064166666666665,0.0022500000000000003,0.06915632338821162,0.0562222491921219,0.016609909820617243,0.002009626031746,0.0035051101587301,0.0142998558730158,0.0016938834920634,3.412539682539683e-05,0.3528355431746032,1800.0,1859.0,872.6268974514372,39.949393178673176,328.9635935960336,49.78054974081475,3.112224033559033,0.18340710511710512,0.012166588041588043,28.125302833743103,26.565674848228443,25.20976824752396,24.49647951202335,23.46684908825008,21.747761557943907,20.1189494709768,19.00333379536075,17.75392561990657,16.817287107375954,16.425566735387388,16.642604815656934,16.125272953065267,14.36707960890147,10.412055816300182,24.671336805226993,4.750648125352796,0.967265682962038,0.5257145308941059,0.10206290357716358,0.09125240274447775,0.06442463233118732,0.05362939233266733,0.04606452350353352,0.04529670544011544,0.03481226701853702,0.034510580823620816,0.02949912337699338,0.026665564563214565,0.04118590547341547,0.05487720696063196,0.032189563951418955,0.030028473220298217,0.01889151527380028,0.030050417230362232,0.03515801771376772,2.1442452649800794,12309863.85402164,1914.7443320821826,0.378825,0.097425,0.00836,0.0248625,1.54765,0.0,0.039237499999999995,0.0543,0.0111172539571539,0.122525,0.0,0.0,0.0,0.0253875,0.2483928571428571,0.02536666666666665,0.0,2.239070777262222,0.07572499999999996,0.0036611111111111,0.047328571428571345,0.0037722222222222,0.0751083333333333,0.23973333333333335,0.1040083333333333,0.1683416666666666,0.1830083333333333,0.045274999999999996,0.028999999999999998,0.00695625,0.28354999999999997,0.013733333333333299,1.0804833333333332,0.047819999999999946,0.0253071428571428,0.7028375,0.5435099999999999,0.02188,0.04073,0.8434699999999999,0.00785,0.020975,0.43118999999999996,0.0127,0.0442428571428571,0.0378785714285714,0.00600625,0.0112285714285714,0.0465833333333333,0.0,0.021199999999999948,0.0,0.0,0.0,,,,0.017252078688544628,0.00825,0.3743265633083862,2.9076227776841863,2.0215560499876153,60.95591160041033,1470.7778,1240.3397,1.1115265051830747,2024-07-20 00:30:00
2024-07-19 18:45:00,63.88444444444444,1.0,0.00314412,0.0301028488888888,0.0013622933333333,0.0023133155555555,0.3758636222222222,0.004859293333333333,0.005697937777777777,0.019180533333333336,9.353151111111112e-26,8.399377777777778e-06,1.6508666666666667e-05,0.00016784844444444445,3.3742000000000003e-26,5.265862222222222e-06,0.0009465973333333334,0.0006554942222222222,1.0975364444444444e-07,0.07497737777777778,0.004259808888888888,0.015384977777777777,0.11864933333333333,1.37144e-05,3.2268311111111113e-06,0.202,1308.6951111111111,345.0368888888889,0.047377777777777776,345.0368888888889,40.73433,-111.87211,310.66377777777774,16.200888888888887,876.3,69.96457777777778,0.6431111111111111,428845.1111111111,1969.8373333333332,135.484,12530265.823555555,0.0012038533333333,0.0002095511111111,0.0013794311111111,7.056444444444445e-05,0.0002286311111111,0.0002251288888888,0.0009282984756865143,0.229226200984201,1.822146125966626,3.3741568145743144,5.941704,0.1823826222222222,0.9737910825396824,1.8581603111111111,0.0025363111111111,0.1387896444444444,2.849693822222222,0.0180296,0.41022846984126987,0.2437438222222222,0.1198638222222222,0.1631286666666666,0.0061298222222222,0.0062442666666666,0.0818016444444444,0.0349905777777777,0.0014257305391002738,0.0237335555555555,0.1494665777777777,0.0795485333333333,0.0055527555555555,0.0018237333333333,3.6332500000000003,0.27625,0.1093649710954255,0.005,0.0,0.073125,0.442625,0.19175,0.064875,0.01175,0.025065,0.017696457022721122,1.3229491766262287,0.20450796511616004,0.10517499999999999,0.010624999999999999,0.3126041081321185,0.004375,0.0598480173649488,0.03869981264423579,0.062004743494706645,0.8747,0.1489223330213713,0.10916252944677214,0.0585480526789418,0.021712385404014455,0.01125,0.01125,0.27310625,0.5698790845219861,0.0011250000000000001,0.009,0.06043557863712504,0.6589935695287518,0.016125,0.037464285714285644,0.12445187071684352,0.015375000000000002,0.018000000000000002,0.39266997233289214,0.0024466529534474465,0.00401267434282421,0.021208583795338305,0.00925,0.015,0.0019478172751705217,0.009912820227631944,0.007433528615639303,0.00375,0.026192570392767043,0.018323253953773953,0.029848537788639138,0.011962499999999975,0.002875,0.07823448508231742,0.06283337378818285,0.008934029987498718,0.0023371733333333,0.0040625555555555,0.0249257555555555,0.0019285822222222,5.4635555555555553e-05,0.4167353733333333,2700.0,2759.0,872.626,39.913,336.205,51.626,3.342,0.191,0.013,28.619625,27.571507,25.694908,25.272497,23.413239,21.744923,20.58065,19.351061,18.338909,17.349739,16.751158,16.916,16.114912,14.460503,10.389698,26.150393,4.979246,1.013404,0.590748,0.091767,0.12018,0.054601,0.055856,0.091148,0.08327,0.036898,0.036315,0.037353,0.009416,0.07345,0.064422,0.036771,0.018612,0.0,0.055052,0.036477,2.182992283211039,12356349.378704743,1918.6747899110198,0.37478750000000005,0.10316249999999999,0.009470000000000001,0.0254625,1.591075,0.0,0.03874375,0.0538625,0.0061298222222222,0.12968125,0.0,0.0,0.0,0.0275875,0.24956071428571425,0.023933333333333324,0.0,2.27609505973292,0.07617916666666663,0.00549166666666665,0.044807142857142775,0.0018861111111110997,0.07357916666666665,0.22686666666666666,0.10041249999999996,0.16274583333333326,0.17571249999999994,0.044475,0.02821,0.0034781250000000003,0.2860125,0.0135083333333333,1.0155416666666666,0.04599999999999997,0.02478928571428565,0.6890937500000001,0.5275949999999999,0.02103,0.039795,0.792415,0.003925,0.02005,0.450995,0.0063500000000000015,0.04532142857142855,0.0381535714285714,0.0030031250000000006,0.0056142857142857,0.0442833333333333,0.0,0.020008333333333274,0.0,0.0,0.0,,,,0.0166265287748689,0.011375000000000001,0.35689742737911556,3.1079594983169523,2.1525279443834804,60.16123739705761,1472.4445,1195.7954,1.140730361403798,2024-07-20 00:45:00
2024-07-19 19:00:00,62.49822222222223,1.0,0.0024043822222222,0.0289230332415732,0.0014435529920079,0.0023538163651163,0.3951197377777778,0.004231434222222222,0.0049842666666666665,0.017090755555555556,7.450711111111112e-26,6.5958533333333336e-06,1.3494355555555555e-05,0.000138284,2.709986666666667e-26,3.6941155555555555e-06,0.0007954542222222223,0.0005539453333333333,8.319515555555556e-08,0.06804124444444445,0.00363504,0.014148577777777779,0.10817106666666666,1.1188013333333332e-05,2.2625022222222222e-06,0.202,1308.3719999999998,359.21853333333337,0.04844444444444444,359.21853333333337,40.73433471111111,-111.87211,310.2628888888889,16.79688888888889,876.3026666666666,88.71057777777779,0.6822222222222222,428832.4,1974.847111111111,144.27288888888887,12822158.328444444,0.0012427288888888,0.0002202711111111,0.0014307022222222,8.395555555555554e-05,0.0002105333333333,0.00031196,0.0011506855946081427,0.2214050222222222,1.96594,3.528619111111112,6.022346088888889,0.1814024444444444,0.9347799111111113,2.0321567555555555,0.0029365333333333,0.1513024444444444,2.8594323111111115,0.0229130222222222,0.43964040000000004,0.2826713777777777,0.0918265333333333,0.1436288444444444,0.0040540888888888,0.0060307999999999334,0.0784929333333333,0.0318404888888888,0.0014136933773828473,0.0243287555555555,0.1520952444444444,0.0711796888888889,0.0057939555555555,0.0024604,3.8280000000000003,0.31699999999999995,0.057344225041976817,0.005,0.0,0.0735,0.4435,0.192,0.0655,0.012,0.02742,0.017176555006572898,1.3442655688349716,0.22967728682154673,0.1089,0.0125,0.389472144176158,0.0055000000000000005,0.07094504354898691,0.04493308352564772,0.06800632465960886,0.9506,0.16622977736182842,0.09446388931396892,0.04394039666284983,0.02218679857067203,0.012,0.012,0.288475,0.6351721126959814,0.0015,0.009,0.05891905954883456,0.7049914260383356,0.019500000000000003,0.0422857142857142,0.12893582762245803,0.018500000000000003,0.020999999999999998,0.4328932964438562,0.00206764715496819,0.004013826555808229,0.02051510873951503,0.01,0.016,0.0025582538201364175,0.008359986726064621,0.006755692839016834,0.004,0.02925676052368939,0.020097671938365272,0.03346471705151885,0.0132833333333333,0.0035,0.08731264677642324,0.0694444983842438,0.00619066477660945,0.0026032844444444,0.0048277377777777,0.0316342933333333,0.0021488311111111,9.559555555555556e-05,0.3913760266666667,3600.0,3659.0,872.6888285714285,39.64834285714285,339.90851428571426,52.45657142857143,3.3848285714285713,0.19062857142857143,0.013314285714285714,28.832713114285713,27.738311485714288,25.82807477142857,25.405624600000003,23.6451044,21.94838025714286,20.67939377142857,19.537046285714286,18.482725857142857,17.500235285714286,16.825803114285716,17.088978714285716,16.207662542857143,14.594013799999999,10.530325857142856,27.164287685714285,5.288269085714285,1.0910007428571429,0.6081938,0.09711908571428572,0.12116705714285714,0.05567325714285714,0.05868711428571429,0.09026814285714287,0.08089085714285714,0.03764128571428572,0.037074942857142856,0.0389334,0.009146971428571429,0.07403542857142857,0.0652044857142857,0.0357204,0.018957742857142856,0.0,0.05526122857142857,0.0363064,2.3295345066622315,12644190.500530917,1923.658941181877,0.37075,0.1089,0.01058,0.0260625,1.6345,0.0,0.03825,0.053425,0.0040540888888888,0.1368375,0.0,0.0,0.0,0.0297875,0.2507285714285714,0.0225,0.0,2.4161218520553773,0.0766333333333333,0.0073222222222222,0.0422857142857142,0.0,0.07205,0.214,0.0968166666666666,0.1571499999999999,0.1684166666666666,0.043675,0.02742,0.0,0.288475,0.0132833333333333,0.9506,0.04418,0.0242714285714285,0.67535,0.5116799999999999,0.02018,0.03886,0.74136,0.0,0.019125,0.4708,0.0,0.0464,0.0384285714285714,0.0,0.0,0.0419833333333333,0.0,0.0188166666666666,0.0,0.0,0.0,,,,0.01029,0.0145,0.35227090577155173,3.1,2.0,57.0,1474.1111,1146.281,1.1640681319111266,2024-07-20 01:00:00
2024-07-19 19:15:00,64.42,1.0,0.0028340577777777,0.03346496986243506,0.0014744580129555306,0.0027477894134209815,0.4578523333333333,0.0034903013333333335,0.004207186666666667,0.014731644444444443,5.95024e-26,4.952666666666667e-06,1.0588088888888889e-05,0.00010946635555555556,2.1825066666666668e-26,2.4626666666666667e-06,0.0006430177777777777,0.000449936,6.031235555555555e-08,0.0599316,0.0029831777777777776,0.01266888888888889,0.09582622222222222,8.769684444444445e-06,1.5165364444444444e-06,0.202,1308.6906666666666,287.5370666666667,0.04733333333333334,287.5370666666667,40.73433995555556,-111.87211,309.6477777777778,17.496,876.3706666666666,87.16057777777777,0.7031111111111111,429157.5555555556,1986.1164444444444,146.60888888888888,13235467.54,0.00121456,0.0002119022222222,0.0014332444444444,0.0001520444444444,0.0002077555555555,0.00033664,0.0013730727135297714,0.2355492888888889,2.136848444444445,3.879150222222222,5.956293333333334,0.1875916,1.0282788,2.156369911111111,0.0032628,0.1593487111111111,3.0383119111111108,0.0198596888888888,0.44081702222222224,0.3496088444444444,0.0956572,0.1427148,0.00512,0.005817333333333266,0.0796928444444444,0.0332028444444444,0.001401656215665421,0.0269144,0.1432814222222222,0.0765975999999999,0.012082,0.0022564888888888,4.02275,0.35775,0.09867659300119958,0.005,0.0,0.073875,0.444375,0.19225,0.066125,0.012249999999999999,0.026565,0.017365098576838184,1.3784491766262288,0.25950796511616003,0.120675,0.014374999999999999,0.39435410813211846,0.006625000000000001,0.09002681762116264,0.04444981264423579,0.06550474349470664,0.8772,0.15592233302137132,0.09377489788619245,0.05536725288572402,0.020596108749165072,0.01275,0.01275,0.26160625,0.5811290845219861,0.001875,0.009,0.05946902841681492,0.6449935695287518,0.022875,0.047464285714285646,0.13245187071684353,0.021625,0.024,0.4024199723328922,0.002231560197856362,0.0040149787687922475,0.020766598941233276,0.01075,0.017,0.0031686903651023134,0.009031558679216484,0.00704884435588139,0.00425,0.028942570392767042,0.019323253953773954,0.04284853778863913,0.012712499999999974,0.004125,0.08248448508231743,0.06558337378818285,0.008198685311363921,0.0039930888888888,0.0069297688888888,0.0414808177777777,0.0028349955555555,9.962222222222223e-05,0.3936660177777777,4500.0,4559.0,872.7516571428571,39.38368571428571,343.61202857142854,53.287142857142854,3.427657142857143,0.19025714285714285,0.013628571428571427,29.045801228571428,27.90511597142857,25.961241542857145,25.5387522,23.8769698,22.151837514285713,20.77813754285714,19.723031571428574,18.626542714285716,17.650731571428572,16.900448228571427,17.261957428571428,16.300413085714286,14.727524599999999,10.670953714285714,28.178182371428573,5.597292171428571,1.1685974857142858,0.6256396000000001,0.10247117142857143,0.12215411428571428,0.05674551428571428,0.06151822857142857,0.08938828571428573,0.07851171428571428,0.03838457142857143,0.03783488571428571,0.040513799999999996,0.008877942857142858,0.07462085714285714,0.06598697142857142,0.0346698,0.019303485714285716,0.0,0.05547045714285714,0.0361358,2.6217495462285982,13051763.100452688,1934.8706285154346,0.40573750000000003,0.1194125,0.0199825,0.029925,1.7061625,0.004819444444444425,0.042778125,0.05323125,0.00512,0.14803125,0.0,0.006183333333333325,0.005569444444444425,0.0389875,0.28246428571428567,0.02811666666666665,0.0,2.695344684186667,0.0886583333333333,0.00549166666666665,0.046299999999999925,0.010883333333333325,0.07530416666666664,0.20429166666666665,0.10204583333333328,0.1661249999999999,0.17551249999999996,0.04233125,0.028925,0.006140625,0.624525,0.013454166666666625,1.0211583333333334,0.04417,0.025499999999999926,0.6767125,0.5256099999999999,0.020574999999999975,0.03912999999999997,0.752595,0.00304375,0.01869375,0.53129,0.0134642857142857,0.0483142857142857,0.039974999999999976,0.006246875,0.00664642857142855,0.04498749999999998,0.00525,0.018708333333333275,0.0,0.0,0.001735,,,,0.015482861088686253,0.017625000000000002,0.3606377718601517,3.421739196815815,2.5309111972793055,60.655856413090696,1475.7778,1092.2692,1.1699944131165128,2024-07-20 01:15:00
2024-07-19 19:30:00,61.74577777777778,1.0,0.0112440238095238,0.03800690648329692,0.001505363033903161,0.003141762461725663,0.7858249095238096,0.0026416164444444446,0.003377831111111111,0.012100226666666667,4.733724444444445e-26,3.525613333333333e-06,7.90371111111111e-06,8.241186666666668e-05,1.75184e-26,1.5509355555555555e-06,0.0004943324444444445,0.0003470364444444444,4.150751111111111e-08,0.05048982222222222,0.0023235155555555555,0.010898795555555556,0.08129760000000001,6.5407955555555556e-06,9.690262222222223e-07,0.202,1309.0546666666667,311.5827111111111,0.04911111111111111,311.5827111111111,40.73434,-111.87211,308.9402222222222,18.192888888888888,876.4266666666666,81.81244444444445,0.74,429564.9777777778,1988.5857777777776,148.084,13294553.15511111,0.0012197666666666,0.000199238095238,0.0016014523809523,0.0001286809523809,0.0002244095238095,0.0006118619047619,0.0015954598324514,0.2430006222222222,2.342975555555556,3.909600888888889,6.260592222222223,0.1951538666666666,1.1104710666666666,2.6308453333333333,0.0059188,0.1624402222222222,3.096968755555556,0.022906,0.5741804444444444,0.3877711111111111,0.1351701333333333,0.1911968888888889,0.0091898222222222,0.0056038666666666,0.1049976,0.0449672444444444,0.0013896190539479949,0.028536,0.1655200888888889,0.0941849777777777,0.0152693777777777,0.0028370222222222,4.2175,0.39849999999999997,0.11612343738954642,0.005,0.0,0.07425,0.44525000000000003,0.1925,0.06675,0.012499999999999999,0.02571,0.021341267238795925,1.412632784417486,0.28933864341077337,0.13245,0.01625,0.399236072088079,0.007750000000000001,0.10090568392546641,0.04396654176282386,0.06300316232980444,0.8038000000000001,0.1456148886809142,0.1303198863144585,0.06680378761785974,0.02460967060900866,0.0135,0.0135,0.2347375,0.5270860563479907,0.0022500000000000003,0.009,0.07106724401673711,0.5849957130191679,0.026250000000000002,0.0526428571428571,0.13596791381122902,0.02475,0.027000000000000003,0.37194664822192813,0.0036470046417755517,0.004016130981776267,0.026070240202797024,0.0115,0.018000000000000002,0.003779126910068209,0.014830809141727144,0.00958030663893782,0.0045000000000000005,0.028628380261844694,0.018548835969182637,0.05223235852575942,0.01214166666666665,0.00475,0.07765632338821163,0.061722249192121895,0.013037711773879055,0.0037961238095238,0.0088427142857142,0.0547460571428571,0.0029479142857142,0.0001123904761904,0.4501575999999999,5400.0,5459.0,872.8144857142858,39.119028571428565,347.3155428571428,54.117714285714285,3.470485714285714,0.1898857142857143,0.013942857142857142,29.25888934285714,28.07192045714286,26.094408314285715,25.671879800000003,24.1088352,22.35529477142857,20.87688131428571,19.90901685714286,18.77035957142857,17.801227857142855,16.975093342857143,17.434936142857143,16.39316362857143,14.861035399999999,10.81158157142857,29.192077057142857,5.906315257142857,1.2461942285714285,0.6430854,0.10782325714285715,0.12314117142857142,0.057817771428571425,0.06434934285714286,0.08850842857142857,0.07613257142857142,0.039127857142857145,0.03859482857142857,0.0420942,0.008608914285714286,0.07520628571428571,0.06676945714285713,0.0336192,0.019649228571428572,0.0,0.055679685714285714,0.0359652,2.5137867798410234,13110028.624412768,1937.3273304725747,0.44072500000000003,0.129925,0.029385,0.0337875,1.777825,0.00963888888888885,0.04730625,0.0530375,0.0091898222222222,0.159225,0.0,0.01236666666666665,0.01113888888888885,0.048187499999999994,0.3141999999999999,0.033733333333333296,0.0,2.5921820631244445,0.10068333333333329,0.0036611111111111,0.050314285714285645,0.02176666666666665,0.0785583333333333,0.1945833333333333,0.10727499999999995,0.17509999999999995,0.18260833333333332,0.040987499999999996,0.03043,0.01228125,0.960575,0.01362499999999995,1.0917166666666667,0.04416,0.02672857142857135,0.678075,0.5395399999999999,0.02096999999999995,0.03939999999999995,0.76383,0.0060875,0.0182625,0.59178,0.0269285714285714,0.0502285714285714,0.04152142857142855,0.01249375,0.0132928571428571,0.047991666666666655,0.0105,0.01859999999999995,0.0,0.0,0.00347,,,,0.01959490713538744,0.020750000000000005,0.3650455159766032,3.627262000364669,2.5537273808802867,58.18604511062511,1477.4445,1034.463,1.136904996451737,2024-07-20 01:30:00
2024-07-19 19:45:00,60.82622222222222,1.0,0.0114559955555555,0.04254884310415878,0.0015362680548507918,0.003535735510030345,1.02045452,0.0017145177777777778,0.002527066666666667,0.009251804444444445,3.7235955555555555e-26,2.3589866666666665e-06,5.562813333333334e-06,5.8358933333333335e-05,1.390311111111111e-26,9.1898e-07,0.0003565791111111111,0.0002508222222222222,2.691951111111111e-08,0.039689022222222224,0.0016898666666666667,0.008793035555555556,0.06443933333333333,4.592919999999999e-06,5.892937777777777e-07,0.202,1308.820888888889,338.3865333333333,0.048044444444444445,338.3865333333333,40.734338755555555,-111.87211,307.92466666666667,18.38711111111111,876.6231111111111,69.4884,0.6755555555555556,429309.0222222223,1986.5124444444443,146.0448888888889,12902169.86,0.0012126666666666,0.0001908177777777,0.0015460222222222,9.190222222222223e-05,0.0002467244444444,0.0006307511111111,0.0018011305527805,0.2045418222222222,2.051808,3.450979111111111,5.816818044444445,0.2031733777777778,0.9913809777777778,2.225976755555556,0.0038007111111111,0.1467476,3.0213245333333334,0.0264119555555555,0.5065708444444444,0.3697487111111111,0.0997029777777777,0.1601569777777777,0.0028798666666666,0.0086463555555555,0.0916518666666666,0.0385403555555555,0.0013775818922305684,0.0239276444444444,0.1334323111111111,0.0842014666666666,0.0131386222222222,0.0028848444444444,4.41225,0.4392499999999999,0.10046299682809978,0.005,0.0,0.074625,0.446125,0.19275,0.067375,0.01275,0.024855000000000002,0.01924423506101641,1.446816392208743,0.3191693217053867,0.144225,0.018125,0.4041180360440395,0.008875000000000001,0.09576806246824991,0.04348327088141193,0.060501581164902216,0.7304,0.1353074443404571,0.10692252002172982,0.05030221445553249,0.01881857337344183,0.014249999999999999,0.014249999999999999,0.20786875,0.47304302817399535,0.002625,0.009,0.06495034270151828,0.5249978565095839,0.029625000000000005,0.05782142857142855,0.1394839569056145,0.027875000000000004,0.03,0.34147332411096404,0.0028737476826901955,0.004017283194760286,0.023273098700398516,0.01225,0.019,0.004389563455034105,0.011662680009651257,0.008197369402902265,0.00475,0.02831419013092235,0.01777441798459132,0.06161617926287971,0.011570833333333325,0.0053750000000000004,0.07282816169410582,0.05786112459606095,0.010394152781922145,0.0032936666666666,0.0097711288888888,0.0572295422222222,0.0029917422222222,9.223111111111112e-05,0.4421770711111111,6300.0,6359.0,872.8773142857143,38.854371428571426,351.01905714285715,54.94828571428571,3.513314285714286,0.18951428571428572,0.014257142857142857,29.471977457142856,28.238724942857143,26.227575085714285,25.8050074,24.3407006,22.55875202857143,20.975625085714285,20.095002142857144,18.91417642857143,17.95172414285714,17.04973845714286,17.60791485714286,16.485914171428572,14.994546199999998,10.952209428571429,30.205971742857145,6.215338342857143,1.3237909714285714,0.6605312000000001,0.11317534285714287,0.12412822857142856,0.05889002857142857,0.06718045714285714,0.08762857142857143,0.07375342857142857,0.039871142857142855,0.039354771428571425,0.043674599999999994,0.008339885714285716,0.07579171428571428,0.06755194285714285,0.032568599999999996,0.01999497142857143,0.0,0.05588891428571428,0.0357946,2.348080324216683,12723091.495302085,1935.2646028573733,0.47571250000000004,0.1404375,0.038787499999999996,0.03765,1.8494875,0.014458333333333274,0.051834375,0.05284375,0.0028798666666666,0.17041875,0.0,0.018549999999999976,0.016708333333333273,0.057387499999999994,0.34593571428571424,0.03934999999999995,0.0,2.4338431018220854,0.1127083333333333,0.0018305555555555497,0.05432857142857137,0.03264999999999997,0.08181249999999995,0.18487499999999996,0.11250416666666663,0.184075,0.18970416666666665,0.03964375,0.031935,0.018421875,1.2966250000000001,0.013795833333333275,1.1622750000000002,0.044149999999999995,0.027957142857142774,0.6794374999999999,0.55347,0.021364999999999926,0.03966999999999993,0.775065,0.00913125,0.01783125,0.65227,0.0403928571428571,0.052142857142857095,0.04306785714285712,0.018740625,0.01993928571428565,0.050995833333333324,0.01575,0.018491666666666625,0.0,0.0,0.0052049999999999996,,,,0.01366170881301182,0.023875,0.34229568828234913,3.336948067385772,2.210089627404079,57.336778103013124,1479.1111,973.77985,1.0145876071747935,2024-07-20 01:45:00
2024-07-19 20:00:00,60.20133333333333,1.0,0.0173488482539682,0.04709077972502064,0.0015671730757984225,0.003929708558335026,1.325604053015873,0.0010466061333333334,0.0017105777777777777,0.006343115555555555,2.859715555555556e-26,1.4656186666666668e-06,3.6548533333333333e-06,3.841871111111111e-05,1.0767502222222223e-26,5.100697777777778e-07,0.00023760577777777776,0.00016768444444444444,1.6293693333333334e-08,0.027843422222222223,0.0011278382222222223,0.006353435555555556,0.045585244444444444,3.000511111111111e-06,3.3994755555555556e-07,0.202,1309.3355555555556,177.67955555555554,0.0492,177.67955555555554,40.73433124444445,-111.87211,307.1046666666666,19.07111111111111,876.7835555555555,80.45075555555556,0.6831111111111111,431065.3333333333,1994.2106666666664,157.68622222222223,12919716.753777778,0.0011975311111111,0.0001937619047619,0.0017263834920634,0.0002443917460317,0.0002808238095238,0.0013062987301587,0.0018943215873015,0.1605181822222222,2.8050551111111117,4.358726222222223,6.615640355555556,0.2190723555555555,1.1613769333333333,2.6210980888888886,0.0027867111111111,0.1724453333333333,3.189614755555556,0.0273006222222222,0.6134078222222221,0.3980400888888889,0.1592891555555555,0.1985541777777777,0.0030426222222222,0.0116888444444444,0.1129833333333333,0.0476497333333333,0.0013655447305131422,0.0309241333333333,0.1616259555555555,0.10151,0.0193798222222222,0.0055292444444444,4.607,0.48,0.104,0.005,0.0,0.075,0.447,0.193,0.068,0.013,0.024,0.029,1.481,0.349,0.156,0.02,0.409,0.01,0.151,0.043,0.058,0.657,0.125,0.184,0.115,0.027,0.015,0.015,0.181,0.419,0.003,0.009,0.097,0.465,0.033,0.063,0.143,0.031,0.033,0.311,0.007,0.004018435407744305,0.035,0.013,0.02,0.005,0.023,0.015,0.005,0.028,0.017,0.071,0.011,0.006,0.068,0.054,0.025,0.0038699047619047,0.0116754692063492,0.0595245482539682,0.0034978022222222,0.0001274307936507,0.4406496949206349,7200.0,7259.0,872.9401428571429,38.58971428571428,354.7225714285714,55.77885714285714,3.556142857142857,0.18914285714285714,0.014571428571428572,29.68506557142857,28.40552942857143,26.36074185714286,25.938135000000003,24.572566000000002,22.762209285714285,21.074368857142854,20.28098742857143,19.057993285714286,18.102220428571428,17.12438357142857,17.78089357142857,16.578664714285715,15.128057,11.092837285714285,31.21986642857143,6.524361428571428,1.4013877142857143,0.677977,0.11852742857142858,0.1251152857142857,0.05996228571428571,0.07001157142857142,0.08674871428571429,0.07137428571428571,0.04061442857142857,0.04011471428571429,0.045255,0.008070857142857144,0.07637714285714285,0.06833442857142856,0.031518,0.020340714285714285,0.0,0.05609814285714285,0.035624,2.745052697967632,12740394.843298236,1942.923446377824,0.5107,0.15095,0.04819,0.0415125,1.92115,0.0192777777777777,0.0563625,0.05265,0.0030426222222222,0.1816125,0.0,0.0247333333333333,0.0222777777777777,0.0665875,0.3776714285714285,0.0449666666666666,0.0,2.813165639912896,0.1247333333333333,0.0,0.0583428571428571,0.0435333333333333,0.0850666666666666,0.1751666666666666,0.1177333333333333,0.19305,0.1968,0.0383,0.03344,0.0245625,1.632675,0.0139666666666666,1.2328333333333334,0.04414,0.0291857142857142,0.6808,0.5674,0.0217599999999999,0.0399399999999999,0.7863,0.012175,0.0174,0.7127600000000001,0.0538571428571428,0.0540571428571428,0.0446142857142857,0.0249875,0.0265857142857142,0.054,0.021,0.0183833333333333,0.0,0.0,0.00694,,,,0.02911,0.027,0.3,5.0,3.9,52.0,1480.0,911.32159,0.9279754070323718,2024-07-20 02:00:00
2024-07-19 20:15:00,58.908,1.0,0.0288235698412698,0.051632716345882505,0.001598078096746053,0.004323681606639708,1.657459693968254,0.0006514237777777778,0.0010105297777777778,0.0036999555555555555,2.0941244444444448e-26,8.214368888888889e-07,2.18936e-06,2.3043155555555558e-05,7.950208888888888e-27,2.6134266666666667e-07,0.00014311866666666666,0.00010210737777777777,8.978013333333334e-09,0.016142964444444446,0.0006792199999999999,0.003746577777777778,0.026443777777777778,1.7850728888888888e-06,1.8265942222222223e-07,0.202,1309.698222222222,302.12431111111107,0.051688888888888895,302.12431111111107,40.73433004444444,-111.87211,306.15577777777776,19.557333333333336,876.8,81.57942222222223,0.5942222222222221,434603.8222222222,2006.936888888889,176.55644444444445,12774157.26977778,0.00114182,0.0001463622222222,0.0023803165079365,0.0004332857142857,0.0003036165079365,0.0025328819047619,0.0024077441269841,0.1011842933333333,4.037413333333333,5.531311555555555,7.522252708478558,0.227145427024827,1.4543347930032933,3.686827785686536,0.002812465014615,0.1945196155252155,3.359512485471936,0.0262240976819476,0.7237973313112813,0.4231151403318903,0.1446687485033485,0.2415091943223443,0.0122870655048655,0.01058114819624815,0.14049701001776,0.0690070621619121,0.001353507568795716,0.0362527808006808,0.1824578712028711,0.0834637146298146,0.0105753401450401,0.0048916703944203,4.463375,0.4455,0.1203175289640194,0.004875,0.0,0.074875,0.4465,0.19287500000000002,0.068875,0.012499999999999999,0.023905,0.02691933501821838,1.515979841753841,0.3467088829300545,0.1554375,0.018625,0.5892219698514349,0.009375,0.11098115905137425,0.03393623550201906,0.059100444251497256,0.63695,0.115133726755521,0.1682444613895725,0.07551427096754548,0.027666546189936723,0.013999999999999999,0.014249999999999999,0.17695624999999998,0.40932515462226876,0.002778907710814838,0.008875,0.08733809121587646,0.3846417925298783,0.030875,0.056303571428571425,0.15002838196179188,0.028625,0.0299243587127437,0.3115400092884134,0.006539377089245863,0.0040195876207283245,0.03351058616140582,0.012249999999999999,0.019125,0.004625,0.0266812157937193,0.014753191940637964,0.005,0.025144120082197005,0.016942398889854056,0.06531659600747768,0.010499999999999999,0.005625,0.07173224617396479,0.06429307989196004,0.022925960565901286,0.0040916711111111,0.0140318263492063,0.0601890952380952,0.0040205558730158,0.0002077777777777,0.4287084387301587,8100.0,8159.0,873.0029714285714,38.32505714285714,358.4260857142857,56.609428571428566,3.5989714285714287,0.18877142857142856,0.014885714285714285,29.898153685714284,28.572333914285714,26.49390862857143,26.0712626,24.804431400000002,22.965666542857143,21.173112628571428,20.466972714285717,19.201810142857145,18.252716714285715,17.199028685714286,17.953872285714287,16.671415257142858,15.2615678,11.233465142857142,32.23376111428571,6.833384514285714,1.4789844571428572,0.6954228,0.1238795142857143,0.12610234285714286,0.061034542857142854,0.07284268571428572,0.08586885714285715,0.06899514285714285,0.04135771428571429,0.040874657142857145,0.0468354,0.007801828571428572,0.07696257142857144,0.06911691428571429,0.0304674,0.02068645714285714,0.0,0.05630737142857142,0.0354534,3.0438295588989344,12596855.68259609,1955.584570179255,0.500325,0.15165,0.1133375,0.04188125,1.91705,0.03019722222222215,0.05846875,0.05369375,0.0122870655048655,0.18963750000000001,0.00531666666666665,0.029855555555555524,0.0299027777777777,0.06188125,0.38582857142857135,0.0672305555555555,0.006583333333333325,3.0986585474933337,0.1211833333333333,0.0051972222222222,0.05281071428571425,0.058791666666666624,0.08022083333333327,0.1701666666666666,0.11839999999999998,0.19415416666666666,0.18811666666666665,0.0376,0.030985,0.021425,1.2657125,0.01272499999999995,1.0688250000000001,0.04346,0.02188928571428565,0.59061875,0.5330900000000001,0.023324999999999926,0.0430899999999999,0.734195,0.00913125,0.0173375,0.8706050000000001,0.05097857142857137,0.052632142857142794,0.04279642857142855,0.024496875,0.01993928571428565,0.049925,0.01575,0.01852499999999995,0.0,0.01375,0.009055,,,,0.022726791876863058,0.028875,0.2811558198224358,5.316732156186442,3.76884850526737,55.56518003396851,1480.0,848.3269,0.9590762606780981,2024-07-20 02:15:00
2024-07-19 20:30:00,57.04888888888889,1.0,0.0392631996825396,0.056174652966744364,0.0016289831176936837,0.00471765465494439,1.9128859155555555,0.00037682266666666666,0.0005045964444444444,0.0017616160000000001,1.39968e-26,3.904582222222222e-07,1.1231817777777776e-06,1.1930257777777777e-05,5.325106666666666e-27,1.2035217777777778e-07,7.437373333333332e-05,5.4049822222222217e-05,4.2701999999999996e-09,0.00709736,0.00035589155555555555,0.001540640888888889,0.011220906666666667,9.16108e-07,8.763564444444444e-08,0.202,1309.5057777777777,308.32751111111116,0.053955555555555555,308.32751111111116,40.73433164444444,-111.87211,305.35088888888885,20.502666666666666,876.7653333333333,100.10342222222222,0.772,436790.5333333334,2000.807111111111,188.0848888888889,12952599.188444445,0.0010875706034706,0.000118893015873,0.0020198825396825,0.0002036698412698,0.0002741844444444,0.002021585079365,0.0024751926984126,0.0930291777777777,4.531389777777777,6.094906222222223,8.35279994992415,0.2279408222444222,1.776486626022126,4.635332989701039,0.0030402298331298,0.2286420311891812,3.7962817501665,0.019242248016798,1.029238318037518,0.5636909968956968,0.1875110874847375,0.2954834997113996,0.0118962135031635,0.0094734519480519,0.161465759024309,0.0818056203407703,0.0013414704070782895,0.0337556366836866,0.1706377748418248,0.1042347374125874,0.0109859771487771,0.006214638065638,4.31975,0.411,0.13923446472111584,0.00475,0.0,0.07475,0.446,0.19275,0.06975,0.012,0.023809999999999998,0.030214181415657414,1.550959683507682,0.34441776586010897,0.15487499999999998,0.01725,0.7694439397028698,0.00875,0.15105493041638662,0.024872471004038124,0.06020088850299451,0.6169,0.105267453511042,0.20892939083614137,0.06943562674860415,0.025533293839629236,0.013,0.0135,0.1729125,0.3996503092445375,0.002557815421629676,0.008749999999999999,0.09694893575870059,0.30428358505975656,0.02875,0.04960714285714285,0.1570567639235838,0.02625,0.026848717425487396,0.31208001857682677,0.00807924721134655,0.004020739833712343,0.03790544080405781,0.0115,0.01825,0.00425,0.032990253605950516,0.017507184265557457,0.005,0.022288240164394013,0.016884797779708107,0.05963319201495536,0.009999999999999998,0.00525,0.07546449234792958,0.07458615978392007,0.028190365185731817,0.0044949003174603,0.0178919606349206,0.0799284615873016,0.0047760123809523,0.0003097961904761,0.4104535984126984,9000.0,9059.0,873.0658,38.060399999999994,362.1296,57.44,3.6418,0.1884,0.0152,30.1112418,28.7391384,26.627075400000003,26.204390200000002,25.036296800000002,23.1691238,21.271856399999997,20.652958,19.345627,18.403213,17.2736738,18.126851000000002,16.7641658,15.3950786,11.374093,33.247655800000004,7.1424076,1.5565812,0.7128686000000001,0.1292316,0.1270894,0.0621068,0.0756738,0.08498900000000001,0.066616,0.042101,0.0416346,0.048415799999999995,0.007532800000000001,0.077548,0.0698994,0.0294168,0.0210322,0.0,0.0565166,0.0352828,3.111517081383914,12772820.87933651,1949.486148042308,0.48995,0.15234999999999999,0.178485,0.042249999999999996,1.91295,0.0411166666666666,0.060575000000000004,0.0547375,0.0118962135031635,0.19766250000000002,0.0106333333333333,0.03497777777777775,0.0375277777777777,0.057175,0.3939857142857143,0.0894944444444444,0.01316666666666665,3.163336607035556,0.1176333333333333,0.0103944444444444,0.0472785714285714,0.07404999999999995,0.07537499999999994,0.1651666666666666,0.11906666666666665,0.1952583333333333,0.1794333333333333,0.0369,0.02853,0.0182875,0.89875,0.0114833333333333,0.9048166666666667,0.04278,0.0145928571428571,0.5004375,0.49878,0.02488999999999995,0.0462399999999999,0.6820900000000001,0.0060875,0.017275,1.0284499999999999,0.04809999999999995,0.0512071428571428,0.0409785714285714,0.02400625,0.0132928571428571,0.04585,0.0105,0.018666666666666602,0.0,0.0275,0.01117,,,,0.02054119409613276,0.03075,0.27633176203291504,5.80926039859989,4.191140717518896,53.84817476918314,1480.0,786.1084,1.0588131715528826,2024-07-20 02:30:00
2024-07-19 20:45:00,51.64,1.0,0.0362382526984127,0.06071658958760623,0.0016598881386413143,0.0051116277032490715,2.000213211746032,0.0001761081111111111,0.00019236235555555555,0.0006408453333333334,7.56728888888889e-27,1.4080804444444443e-07,4.312116e-07,4.6430951111111115e-06,2.8606573333333334e-27,4.681755555555556e-08,2.910316888888889e-05,2.146991111111111e-05,1.581535111111111e-09,0.0022979893333333334,0.0001405592,0.0004088052444444445,0.003352232888888889,3.543872e-07,3.4423888888888884e-08,0.202,1308.6622222222222,358.88666666666666,0.05524444444444444,358.88666666666666,40.73433124444445,-111.87211,304.5855555555555,22.37911111111111,876.7360000000001,113.13755555555555,1.3582222222222222,436092.5333333333,1975.5146666666667,222.2075555555556,13796160.329777775,0.0010205410714285,9.399095238094445e-05,0.0014532558730158,5.5153333333333326e-05,0.0001169304761904,0.0018592511111111,0.0014692,0.1487570005544455,4.571824690272691,6.135923978669479,9.013405126984129,0.2303557904761904,1.6450726752136753,3.715078507936508,0.0029670761904761,0.2468821809523809,3.775987526984127,0.0132860285714285,1.4398741755799758,0.724475926984127,0.1230753079365079,0.2749052539682539,0.0057832984126984,0.0144736494468494,0.157398765079365,0.0693418476190476,0.0013294332453608632,0.0345792634920634,0.218426946031746,0.0773256,0.0079915142857142,0.0045922761904761,4.176125,0.37649999999999995,0.11078299518996354,0.004625,0.0,0.074625,0.4455,0.192625,0.07062500000000001,0.0115,0.023715,0.02957512944628528,1.585939525261523,0.34212664879016347,0.1543125,0.015875,0.9496659095543047,0.008125,0.1968896753348975,0.015808706506057188,0.06130133275449176,0.59685,0.095401180266563,0.1934178530746233,0.09401185356676678,0.03415812722898427,0.012,0.01275,0.16886875,0.38997546386680626,0.002336723132444514,0.008624999999999999,0.09508486429934666,0.22392537758963482,0.026625000000000003,0.042910714285714274,0.1640851458853757,0.023875,0.023773076138231094,0.3126200278652402,0.0065796571048188975,0.004021892046696362,0.0370530367233474,0.01075,0.017375,0.003875,0.02684624798551275,0.014825231038055116,0.005,0.019432360246591018,0.01682719666956216,0.05394978802243303,0.0095,0.004875,0.07919673852189438,0.0848792396758801,0.023063667179612474,0.0053515911111111,0.0212094523809523,0.1537781507936508,0.0051821746031746,0.000336418095238,0.4509297892063492,9900.0,9959.0,873.1286285714285,37.795742857142855,365.83311428571426,58.27057142857143,3.6846285714285716,0.18802857142857143,0.015514285714285713,30.324329914285713,28.905942885714285,26.760242171428573,26.3375178,25.268162200000003,23.372581057142856,21.37060017142857,20.838943285714286,19.48944385714286,18.553709285714284,17.348318914285713,18.299829714285714,16.856916342857144,15.5285894,11.514720857142857,34.26155048571429,7.451430685714286,1.6341779428571428,0.7303144,0.13458368571428572,0.12807645714285715,0.06317905714285714,0.0785049142857143,0.08410914285714285,0.06423685714285714,0.04284428571428572,0.04239454285714286,0.0499962,0.007263771428571429,0.07813342857142858,0.07068188571428571,0.0283662,0.021377942857142857,0.0,0.05672582857142857,0.0351122,2.932766632268761,13604673.63740161,1924.3230819917449,0.47957500000000003,0.15305,0.24363249999999997,0.04261875,1.90885,0.05203611111111105,0.06268125,0.055781250000000004,0.0057832984126984,0.2056875,0.01594999999999995,0.040099999999999976,0.0451527777777777,0.052468749999999995,0.40214285714285714,0.1117583333333333,0.019749999999999976,2.9925336027797216,0.1140833333333333,0.015591666666666601,0.041746428571428545,0.08930833333333327,0.07052916666666663,0.1601666666666666,0.11973333333333332,0.19636249999999994,0.17074999999999996,0.036199999999999996,0.026074999999999997,0.01515,0.5317875000000001,0.010241666666666649,0.7408083333333333,0.0421,0.007296428571428551,0.41025625,0.46447,0.026454999999999975,0.0493899999999999,0.629985,0.0030437499999999996,0.0172125,1.1862949999999999,0.045221428571428524,0.0497821428571428,0.03916071428571425,0.023515625,0.00664642857142855,0.041775,0.005250000000000001,0.01880833333333325,0.0,0.04125,0.013285,,,,0.029377662370608522,0.032625,0.3092968666629379,5.849576767137786,4.221874647657292,48.85272794335529,1480.0,725.97583,1.2529105964683287,2024-07-20 02:45:00
2024-07-19 21:00:00,50.676,1.0,0.0372391911111111,0.06525852620846809,0.0016907931595889448,0.005505600751553753,2.181234275555556,5.78554e-05,4.127115111111111e-05,0.00012978452444444444,2.3110479999999997e-27,3.271586666666667e-08,1.0021870222222223e-07,1.0770081777777778e-06,9.200564e-28,1.304668888888889e-08,6.654976e-06,4.9568e-06,3.847482666666667e-10,0.00041624804444444447,3.187783111111111e-05,6.369000888888889e-05,0.0005686473777777777,8.235619555555556e-08,9.329583111111111e-09,0.202,1309.3671111111112,357.1621333333334,0.0552,357.1621333333334,40.73433106666666,-111.87211,303.65799999999996,23.68088888888889,876.8426666666667,114.45004444444446,1.331111111111111,434848.0,1963.476888888889,166.63644444444444,14055855.566666666,0.0011975902353202,6.90888888888889e-05,0.0016829688888888,7.018666666666666e-05,0.0001917377777777,0.0041853377777777,0.0007089111111111,0.0585410566655566,2.8694156085396085,4.203914893513894,9.524041866666666,0.2676064888888889,1.564142488888889,3.3649822222222223,0.0027846666666666,0.2596610222222222,3.835420133333333,0.0132226666666666,1.825860888888889,0.8044046222222222,0.0859732,0.2463898666666666,0.0021730222222222,0.019473846945646897,0.1248913333333333,0.0569083111111111,0.001317396083643437,0.0339256888888888,0.3215686666666666,0.0697142666666666,0.0078630666666666,0.0040845777777777,4.032500000000001,0.34199999999999997,0.09040248397278175,0.0045000000000000005,0.0,0.0745,0.445,0.1925,0.07150000000000001,0.011,0.02362,0.02446719504614744,1.6209193670153639,0.33983553172021796,0.15375,0.014499999999999999,1.1298878794057396,0.0075,0.21967484155596434,0.00674494200807625,0.06240177700598901,0.5768,0.085534907022084,0.17192343064261337,0.22542397029132255,0.05277280778982242,0.011,0.012,0.164825,0.38030061848907504,0.0021156308432593515,0.0085,0.08018536443409485,0.1435671701195131,0.0245,0.0362142857142857,0.1711135278471676,0.0215,0.02069743485097479,0.3131600371536536,0.005083704895745326,0.004023044259680381,0.030239781565153653,0.01,0.0165,0.0035,0.020717147279629415,0.01214978403567111,0.005,0.016576480328788022,0.016769595559416213,0.048266384029910715,0.009,0.0045000000000000005,0.08292898469585916,0.09517231956784014,0.025117077998494185,0.00566184,0.0202112622222222,0.1617215733333333,0.0051215377777777,0.00041824,0.3951351777777778,10800.0,10859.0,873.1914571428572,37.53108571428571,369.53662857142854,59.101142857142854,3.727457142857143,0.18765714285714286,0.015828571428571428,30.537418028571427,29.072747371428573,26.893408942857143,26.470645400000002,25.500027600000003,23.576038314285714,21.46934394285714,21.02492857142857,19.633260714285715,18.70420557142857,17.42296402857143,18.47280842857143,16.949666885714286,15.6621002,11.655348714285713,35.27544517142857,7.760453771428571,1.711774685714286,0.7477602000000001,0.13993577142857144,0.12906351428571428,0.06425131428571429,0.08133602857142858,0.08322928571428571,0.06185771428571428,0.04358757142857143,0.04315448571428571,0.0515766,0.006994742857142858,0.07871885714285715,0.07146437142857143,0.0273156,0.021723685714285713,0.0,0.05693505714285714,0.0349416,2.8134251912827577,13860764.379942145,1912.3468810361762,0.4692,0.15375,0.30878,0.0429875,1.90475,0.0629555555555555,0.0647875,0.056825,0.0021730222222222,0.2137125,0.0212666666666666,0.0452222222222222,0.0527777777777777,0.0477625,0.4103,0.1340222222222222,0.0263333333333333,2.8784982157161725,0.1105333333333333,0.0207888888888888,0.0362142857142857,0.1045666666666666,0.0656833333333333,0.1551666666666666,0.1204,0.1974666666666666,0.1620666666666666,0.0355,0.02362,0.0120125,0.164825,0.009,0.5768,0.04142,0.0,0.320075,0.43016,0.02802,0.0525399999999999,0.5778800000000001,0.0,0.01715,1.34414,0.0423428571428571,0.0483571428571428,0.0373428571428571,0.023025,0.0,0.0377,0.0,0.0189499999999999,0.0,0.055,0.0154,,,,0.08256,0.0345,0.25593074034732954,4.1,2.7,47.0,1478.8334,655.82471,1.814910173729929,2024-07-20 03:00:00
2024-07-19 21:15:00,50.31022222222222,1.0,0.0473286933333333,0.06980046282932995,0.0017216981805365755,0.005899573799858435,2.462634466666667,1.8162315555555552e-05,3.9530562666666665e-06,1.119904311111111e-05,2.8246920888888887e-28,4.062725911111111e-09,1.1669861333333332e-08,1.2214142222222222e-07,1.125894608888889e-28,1.8466285777777778e-09,7.261337333333333e-07,5.415715111111111e-07,4.9068149777777776e-11,2.9715263111111114e-05,3.3734436444444446e-06,3.4791333333333333e-06,3.703320977777777e-05,9.430714666666666e-09,1.279673688888889e-09,0.202,1309.1755555555553,188.58964444444442,0.05288888888888889,188.58964444444442,40.73433124444445,-111.87211,303.19488888888884,23.933333333333334,877.0608888888889,109.39666666666668,0.7799999999999999,435808.7555555556,1965.622222222222,168.96177777777777,13829280.994666666,0.0014123288888888,0.0001848577777777,0.0014935422222222,9.273333333333334e-05,0.0003179022222222,0.0025625644444444,0.0007529022222222,0.0344492888888888,2.7754906666666668,3.930177333333333,9.83521311111111,0.2639650666666667,1.8194119111111111,4.584848399999999,0.0027863555555555,0.2820512888888888,3.9882953777777774,0.0116022666666666,1.6105264444444445,0.7888601333333334,0.1964719111111111,0.3254503555555555,0.0093979555555555,0.0244740444444444,0.1673965333333333,0.0802429333333333,0.0013053589219260105,0.0425365333333333,0.3542759555555556,0.0920973333333333,0.0091693777777777,0.0052814222222222,3.888875,0.3075,0.14319109568247435,0.004375,0.0,0.074375,0.4445,0.19237500000000002,0.072375,0.010499999999999999,0.020215,0.03114609158159099,1.565939525261523,0.32362664879016345,0.1490625,0.013125,1.0101659095543047,0.006875,0.21524359490418554,0.008308706506057188,0.05380133275449176,0.5291,0.083151180266563,0.2315179060002885,0.16387404175604445,0.0586757123654863,0.009999999999999998,0.01125,0.15186875,0.3362254638668063,0.0018945385540741896,0.008375,0.09966725480981828,0.15717537758963482,0.022375,0.03216071428571427,0.14433514588537572,0.019125,0.018523076138231093,0.26687002786524017,0.007891231108335653,0.0040241964726644005,0.039148475903500124,0.00925,0.015625,0.003125,0.03221992844269201,0.017170925449166558,0.005,0.015432360246591018,0.01482719666956216,0.04594978802243303,0.009,0.004125,0.07144673852189437,0.0783792396758801,0.027547588352096763,0.0056480533333333,0.0188615333333333,0.1557588711111111,0.0049345911111111,0.0004948133333333,0.3310459688888889,11700.0,11759.0,873.2542857142857,37.26642857142857,373.2401428571428,59.931714285714285,3.7702857142857145,0.18728571428571428,0.016142857142857143,30.75050614285714,29.239551857142857,27.026575714285716,26.603773,25.731893,23.77949557142857,21.568087714285713,21.21091385714286,19.777077571428574,18.854701857142857,17.497609142857144,18.645787142857145,17.04241742857143,15.795611,11.795976571428572,36.289339857142856,8.069476857142856,1.7893714285714286,0.765206,0.14528785714285714,0.13005057142857143,0.06532357142857143,0.08416714285714286,0.08234942857142857,0.05947857142857142,0.044330857142857144,0.04391442857142857,0.053156999999999996,0.006725714285714286,0.07930428571428572,0.07224685714285714,0.026265,0.022069428571428573,0.0,0.05714428571428571,0.034771,2.930570639548071,13637334.59709592,1914.4812403499116,0.43975,0.1424875,0.24316749999999998,0.044531249999999994,1.84205,0.05972777777777773,0.06661875,0.0554,0.0093979555555555,0.22151875,0.01594999999999995,0.03391666666666665,0.04448333333333328,0.042778125,0.42072857142857145,0.11341666666666667,0.019749999999999976,2.9904352463511112,0.11604166666666663,0.019949999999999926,0.035532142857142825,0.08398888888888882,0.06645416666666662,0.15032499999999993,0.11120833333333333,0.18260833333333326,0.15753749999999994,0.03509375,0.023549999999999998,0.009009375,0.20723125,0.00851666666666665,0.5502499999999999,0.041749999999999995,0.0,0.30654375,0.40632999999999997,0.029865,0.05458999999999992,0.533035,0.0,0.012862499999999999,1.2196099999999999,0.031757142857142824,0.0471571428571428,0.03339642857142853,0.01726875,0.0,0.03588333333333332,0.0,0.018149999999999927,0.0,0.04404545454545453,0.011550000000000001,,,,0.05449685638226926,0.036375000000000005,0.24167955295278848,4.058509097040291,2.569144972207236,47.62459508362835,1476.3334,592.3056,5.383909580190012,2024-07-20 03:15:00
2024-07-19 21:30:00,48.83422222222222,1.0,0.0675313111111111,0.0743423994501918,0.0017526032014842062,0.006293546848163117,2.7176462977777778,9.896031999999999e-06,1.7834203555555556e-07,4.928327111111111e-07,7.21325741949641e-30,1.877396311111111e-10,5.4362076e-10,5.676529822222222e-09,2.8567684057980453e-30,8.226872133333334e-11,3.361359733333334e-08,2.5158102666666663e-08,2.2470084e-12,1.2666630222222223e-06,1.5582797333333332e-07,1.4318933333333332e-07,1.584451688888889e-06,4.377062977777778e-10,5.730516222222222e-11,0.202,1308.8862222222224,123.49066666666667,0.05235555555555556,123.49066666666667,40.73433813333334,-111.87211,303.0628888888889,24.16711111111111,877.2595555555556,109.71853333333334,0.5973333333333333,439774.97777777776,1969.3391111111112,171.84799999999998,13887894.261777775,0.0012968666666666,0.0001634577777777,0.0016413822222222,9.359555555555557e-05,0.0003580088888888,0.0046666044444444,0.0012456799999999,0.0546794711111111,3.5383262222222225,4.7161480000000005,10.756009733333334,0.2513536,2.095800711111111,5.109443911111112,0.0034847111111111,0.3046166222222222,4.175086755555555,0.0132417777777777,1.4691892,0.7986096888888888,0.1677566222222222,0.3280845333333333,0.0101190222222222,0.0073253777777777,0.1656437333333333,0.0835771555555555,0.0012933217602085843,0.0459411555555555,0.3777712444444444,0.1146221333333333,0.0124592888888888,0.0067876888888888,3.7452500000000004,0.27299999999999996,0.13051192624231966,0.00425,0.0,0.07425,0.444,0.19225,0.07325,0.009999999999999998,0.01681,0.030870671871830176,1.510959683507682,0.307417765860109,0.144375,0.01175,0.8904439397028698,0.00625,0.21802288766322683,0.009872471004038125,0.04520088850299451,0.4814,0.080767453511042,0.23350350518986773,0.1759568114403483,0.06291606529598802,0.009,0.010499999999999999,0.1389125,0.2921503092445375,0.0016734462648890277,0.00825,0.09886387410697327,0.17078358505975655,0.02025,0.02810714285714285,0.1175567639235838,0.01675,0.016348717425487394,0.2205800185768268,0.00829239107562989,0.00402534868564842,0.038781105336222386,0.0085,0.01475,0.00275,0.033863530306308974,0.017888383015968446,0.005,0.014288240164394011,0.012884797779708107,0.04363319201495536,0.009,0.00375,0.05996449234792958,0.06158615978392007,0.028919047123070144,0.0054965866666666,0.0184823822222222,0.1347912666666667,0.0048684355555555,0.0005240577777777,0.2904109688888889,12600.0,12659.0,873.3171142857143,37.00177142857142,376.9436571428571,60.76228571428571,3.8131142857142857,0.1869142857142857,0.016457142857142858,30.963594257142855,29.406356342857144,27.159742485714286,26.736900600000002,25.9637584,23.982952828571428,21.666831485714283,21.396899142857144,19.92089442857143,19.005198142857143,17.57225425714286,18.818765857142857,17.135167971428572,15.929121799999999,11.936604428571428,37.30323454285714,8.378499942857143,1.8669681714285715,0.7826518,0.15063994285714288,0.13103762857142856,0.06639582857142858,0.08699825714285714,0.08146957142857143,0.057099428571428565,0.045074142857142854,0.044674371428571426,0.0547374,0.006456685714285715,0.07988971428571429,0.07302934285714285,0.025214399999999998,0.02241517142857143,0.0,0.05735351428571429,0.0346004,2.9279091157201513,13695134.329108845,1918.1791162440015,0.4103,0.131225,0.17755499999999996,0.046075,1.77935,0.05649999999999995,0.06845,0.053974999999999995,0.0101190222222222,0.229325,0.0106333333333333,0.0226111111111111,0.036188888888888854,0.03779375,0.43115714285714285,0.09281111111111111,0.01316666666666665,2.987892056848889,0.12154999999999996,0.01911111111111105,0.03484999999999995,0.06341111111111106,0.06722499999999995,0.1454833333333333,0.10201666666666664,0.16774999999999995,0.1530083333333333,0.034687499999999996,0.02348,0.00600625,0.2496375,0.008033333333333299,0.5236999999999999,0.04208,0.0,0.2930125,0.38249999999999995,0.03171,0.056639999999999954,0.48819,0.0,0.008575,1.0950799999999998,0.02117142857142855,0.0459571428571428,0.02944999999999995,0.0115125,0.0,0.03406666666666665,0.0,0.01734999999999995,0.0,0.033090909090909046,0.0077,,,,0.058841258465352354,0.038250000000000006,0.2536464671513313,4.819108230164585,3.1580598630356453,46.261416865996935,1473.8334,547.67133,1.0,2024-07-20 03:30:00
2024-07-19 21:45:00,50.18533333333333,1.0,0.0566515644444444,0.07888433607105366,0.0017835082224318367,0.006687519896467798,2.6558630088888893,7.928437333333333e-06,6.691764478454073e-09,2.33188547966526e-08,2.7972080007865054e-32,4.797515941845611e-12,1.3183391941170926e-11,1.4608178319515228e-10,1.0963980017291734e-32,2.3409221407594734e-12,9.282760666527365e-10,6.785390733597002e-10,5.895434692695725e-14,8.666745051256445e-08,4.595487349005356e-09,1.5399147694717777e-08,1.2725649873582222e-07,1.1280300995448532e-11,1.5839822839144245e-12,0.202,1308.4977777777779,289.3995555555556,0.04977777777777778,289.3995555555556,40.73433333333333,-111.87211,302.3228888888889,24.262666666666668,877.388,112.60204444444443,1.1515555555555557,439288.3111111112,1964.619555555556,162.56044444444444,13495874.441333331,0.0011944577777777,0.0001379333333333,0.0014597555555555,9.05288888888889e-05,0.0002898311111111,0.00393,0.0012037377777777,0.0760107955555555,3.0772484444444443,4.394679999999999,10.004042444444444,0.2473736888888889,1.7386001333333332,4.008749822222222,0.0028414666666666,0.2706559111111111,4.044975422222223,0.013242,1.3004262666666666,0.7611567111111112,0.1375543555555555,0.2572506666666667,0.0077904444444444,0.0045796888888888,0.1373404,0.0671216444444444,0.0012812845984911578,0.0414682666666666,0.3061838666666666,0.0866726666666666,0.0099289777777777,0.0053412888888888,3.6016250000000003,0.23849999999999996,0.11717618520119163,0.004125,0.0,0.074125,0.4435,0.192125,0.074125,0.0095,0.013405,0.02642333284174671,1.455979841753841,0.29120888293005454,0.13968750000000002,0.010374999999999999,0.7707219698514349,0.005625,0.2073462173935756,0.011436235502019061,0.036600444251497256,0.4337,0.078383726755521,0.1801101201895788,0.1391420354193904,0.04999620938008615,0.008,0.009749999999999998,0.12595625,0.24807515462226876,0.0014523539757038656,0.008125,0.08589128634670962,0.18439179252987828,0.018125000000000002,0.024053571428571424,0.0907783819617919,0.014374999999999999,0.014174358712743699,0.1742900092884134,0.006312531348480806,0.004026500898632438,0.03284899007919503,0.00775,0.013874999999999998,0.002375,0.025751800815475588,0.01434748796597068,0.005,0.013144120082197005,0.010942398889854052,0.04131659600747768,0.009,0.003375,0.04848224617396479,0.04479307989196003,0.022150435572895175,0.00554212,0.0186349644444444,0.1311936444444444,0.0050343155555555,0.0005594755555555,0.29197296,13500.0,13559.0,873.3799428571429,36.737114285714284,380.6471714285714,61.59285714285714,3.8559428571428573,0.18654285714285715,0.016771428571428573,31.17668237142857,29.573160828571428,27.29290925714286,26.8700282,26.1956238,24.186410085714286,21.765575257142856,21.58288442857143,20.06471128571429,19.15569442857143,17.64689937142857,18.991744571428573,17.227918514285715,16.0626326,12.077232285714285,38.31712922857143,8.687523028571428,1.9445649142857144,0.8000976000000001,0.15599202857142858,0.13202468571428572,0.06746808571428571,0.08982937142857143,0.08058971428571429,0.054720285714285714,0.04581742857142857,0.04543431428571428,0.0563178,0.006187657142857144,0.08047514285714286,0.07381182857142857,0.0241638,0.022760914285714286,0.0,0.05756274285714286,0.0344298,2.643813118038712,13308555.62974218,1913.4837026221749,0.38085,0.1199625,0.11194249999999994,0.04761875,1.71665,0.05327222222222217,0.07028124999999999,0.05255,0.0077904444444444,0.23713125000000002,0.00531666666666665,0.011305555555555548,0.027894444444444423,0.032809375,0.44158571428571425,0.07220555555555555,0.006583333333333323,2.716427284921024,0.12705833333333327,0.018272222222222176,0.034167857142857076,0.04283333333333328,0.06799583333333328,0.14064166666666666,0.09282499999999996,0.15289166666666665,0.14847916666666666,0.03428125,0.02341,0.0030031250000000006,0.29204375000000005,0.007549999999999949,0.4971499999999999,0.04241,0.0,0.27948125,0.35866999999999993,0.033555,0.05868999999999998,0.44334499999999993,0.0,0.0042875,0.97055,0.010585714285714275,0.0447571428571428,0.025503571428571375,0.005756250000000001,0.0,0.03224999999999997,0.0,0.016549999999999974,0.0,0.022136363636363572,0.0038499999999999993,,,,0.045604377037292435,0.040125,0.2662647484185924,4.359382204644904,2.917189178983618,47.50925239192271,1471.3334,508.63687,1.0,2024-07-20 03:45:00
2024-07-19 22:00:00,51.63422222222222,1.0,0.0343857911111111,0.08342627269191552,0.0018144132433794674,0.00708149294477248,2.608295155555556,7.845122666666667e-06,3.2851092908146665e-11,1.378002861940889e-10,0.0,2.0181199093621343e-15,1.732805805407391e-14,2.8942612082176007e-13,0.0,9.284966203922481e-17,2.5808005635618224e-12,1.848267244139062e-12,2.719802608846607e-17,5.544356606844445e-10,1.5361064521366692e-11,9.124988276888888e-11,7.590683383111111e-10,2.074115110724048e-14,2.895906131796804e-16,0.202,1308.419111111111,340.3550222222222,0.04742222222222223,340.3550222222222,40.73433595555556,-111.87211,301.4611111111111,24.790222222222223,877.5342222222223,114.82102222222221,1.7924444444444445,437123.77777777775,1960.0706666666667,155.12577777777778,13160539.594222222,0.0010839111111111,8.408000000000001e-05,0.0011588266666666,8.385333333333333e-05,0.0002150355555555,0.0017730622222222,0.0006674222222222,0.1113955911111111,2.363311555555556,3.556988,9.581298488888889,0.2308312,1.5161241379731378,3.1621364888888888,0.0020296888888888,0.2378309777777777,3.921510711111112,0.0069129777777777,1.2414605846153846,0.742416088888889,0.0395897333333333,0.1918668888888889,0.0032464,0.008779088451671701,0.0902442666666666,0.0458824444444444,0.0012692474367737316,0.0306775555555555,0.2555646666666666,0.0646243555555555,0.0071997333333333,0.0040208444444444,3.458,0.204,0.079,0.004,0.0,0.074,0.443,0.192,0.075,0.009,0.01,0.014,1.401,0.275,0.135,0.009,0.651,0.005,0.22,0.013,0.028,0.386,0.076,0.106,0.106,0.042,0.007,0.009,0.113,0.204,0.0012312616865187034,0.008,0.055,0.198,0.016,0.02,0.064,0.012,0.012,0.128,0.003,0.004027653111616457,0.018,0.007,0.013,0.002,0.013,0.009,0.005,0.012,0.009,0.039,0.009,0.003,0.037,0.028,0.012,0.0055902888888888,0.0186684888888888,0.145564751111111,0.0051834577777777,0.0005173777777777,0.3004897066666666,14400.0,14459.0,873.4427714285714,36.47245714285714,384.3506857142857,62.42342857142857,3.8987714285714286,0.18617142857142857,0.017085714285714287,31.389770485714283,29.739965314285715,27.42607602857143,27.003155800000002,26.4274892,24.389867342857144,21.864319028571426,21.768869714285714,20.208528142857144,19.306190714285712,17.721544485714286,19.164723285714288,17.320669057142858,16.1961434,12.217860142857143,39.331023914285716,8.996546114285714,2.022161657142857,0.8175434,0.1613441142857143,0.13301174285714285,0.06854034285714286,0.09266048571428571,0.07970985714285714,0.05234114285714286,0.04656071428571429,0.046194257142857145,0.0578982,0.0059186285714285716,0.08106057142857143,0.07459431428571428,0.0231132,0.023106657142857142,0.0,0.05777197142857143,0.034259200000000004,2.494168069617344,12977875.132767405,1908.9580826561325,0.3514,0.1087,0.0463299999999999,0.0491625,1.65395,0.0500444444444444,0.0721125,0.051125,0.0032464,0.2449375,0.0,0.0,0.0196,0.027825,0.4520142857142857,0.0516,0.0,2.573435622696368,0.1325666666666666,0.0174333333333333,0.0334857142857142,0.0222555555555555,0.0687666666666666,0.1358,0.0836333333333333,0.1380333333333333,0.14395,0.033875,0.02334,0.0,0.33445,0.0070666666666666,0.4705999999999999,0.04274,0.0,0.26595,0.3348399999999999,0.0354,0.06074,0.3984999999999999,0.0,0.0,0.84602,0.0,0.0435571428571428,0.0215571428571428,0.0,0.0,0.0304333333333333,0.0,0.01575,0.0,0.0111818181818181,0.0,,,,0.0335,0.042,0.28719618678602193,3.5,2.1,48.0,1332.3334,475.03406,1.0,2024-07-20 04:00:00
2024-07-19 22:15:00,50.996,1.0,0.03816736,0.08796820931277739,0.0018453182643270978,0.007475465993077161,2.743736071111111,7.619601333333333e-06,0.0,0.0,0.0,0.0,0.0,0.0,0.0,0.0,0.0,0.0,0.0,0.0,0.0,0.0,0.0,0.0,0.0,0.202,1308.0826666666665,326.1209333333333,0.04751111111111111,326.1209333333333,40.73434,-111.87211,300.9402222222222,25.72088888888889,877.6235555555556,119.47342222222223,1.4986666666666666,438364.8888888889,1962.6666666666667,157.28711111111113,13273173.872444443,0.0010945688888888,9.044444444444444e-05,0.0011505288888888,8.239555555555555e-05,0.0002525466666666,0.0023897688888888,0.0008249466666666,0.0573692559999999,2.2037026666666666,3.3719720000000004,10.51775725996966,0.2233981861397861,1.621382185166685,3.7206215205664703,0.0026313187497687,0.2552839461316461,3.970649311666112,0.0088100138435638,1.2021267832334332,0.7388678366281866,0.0554563177211677,0.2302282491415991,0.0058809268194768,0.0129784880144546,0.1248070283105783,0.0596643904317904,0.0012572102750563053,0.0297078266141266,0.2427160665260665,0.0577488891127391,0.0063621246864246,0.0036892798664298,3.4167500000000004,0.19949999999999998,0.08092598634600218,0.004,0.0,0.073875,0.442875,0.191625,0.073625,0.008875,0.014805,0.02445394808990682,1.4889428474944835,0.2911249634951393,0.13466250000000002,0.008499999999999999,0.5800946333428914,0.00475,0.20099235776330002,0.011436235502019061,0.04174650469523326,0.4511833333333333,0.07806369044255886,0.15974107342633811,0.1065028618772017,0.038541748292528995,0.006875,0.008624999999999999,0.131075,0.21170280350991783,0.0012023539757038655,0.007875,0.08014672395689593,0.17739917460730903,0.015375,0.026760714285714277,0.08399577535269227,0.0115,0.016007579244870215,0.1562242697242636,0.005415305076073781,0.004028805324600477,0.0302221120169828,0.006875,0.012374999999999999,0.002,0.02207575411679625,0.012742836877244961,0.005,0.011932319604855517,0.011683981126467702,0.04317709761133326,0.006749999999999999,0.003,0.05155138491409725,0.04123845866129354,0.019083058613175184,0.0055324888888888,0.0190440533333333,0.1451838622222222,0.0057515866666666,0.0006639333333333,0.29410764,15300.0,15359.0,873.5056,36.2078,388.0542,63.254,3.9416,0.1858,0.0174,31.602858599999998,29.9067698,27.5592428,27.1362834,26.6593546,24.5933246,21.9630628,21.954855000000002,20.352345,19.456687,17.7961896,19.337702,17.4134196,16.3296542,12.358488,40.3449186,9.3055692,2.0997584,0.8349892000000001,0.16669620000000002,0.1339988,0.0696126,0.09549160000000001,0.07883,0.049962,0.047304,0.0469542,0.0594786,0.005649600000000001,0.081646,0.0753768,0.0220626,0.023452399999999998,0.0,0.0579812,0.034088600000000004,2.6707191311115994,13088946.07997075,1911.5408033421756,0.380775,0.1149375,0.04077249999999993,0.051296875,1.74885,0.05775833333333325,0.075725,0.056243749999999995,0.0058809268194768,0.2570875,0.0,0.002725,0.019027777777777775,0.03506875,0.47224642857142857,0.053172222222222204,0.0,2.7421370265644445,0.14190416666666664,0.015013888888888851,0.03687499999999993,0.021797222222222176,0.0738416666666666,0.14040833333333333,0.08956666666666663,0.1464083333333333,0.15292499999999998,0.0335,0.02481,0.00404375,0.2971625,0.00529999999999995,0.5146333333333333,0.043025,0.0,0.27505625,0.34636999999999996,0.035705,0.063755,0.4200149999999999,0.0,0.0,0.7457,0.012835714285714275,0.047971428571428526,0.0290428571428571,0.006340625,0.008553571428571424,0.033424999999999976,0.0,0.017775,0.0,0.011784090909090826,0.0,,,,0.0338688480789777,0.04025,0.25523757614996956,3.4883974209869315,2.1508908987645015,48.25795370747817,1037.3334,446.32657,1.0,2024-07-20 04:15:00
2024-07-19 22:30:00,50.67466666666667,1.0,0.0465594517460317,0.09251014593363927,0.0018762232852747285,0.007869439041381843,2.928396822857142,6.395647555555555e-06,0.0,0.0,0.0,0.0,0.0,0.0,0.0,0.0,0.0,0.0,0.0,0.0,0.0,0.0,0.0,0.0,0.0,0.202,1308.5604444444443,326.03200000000004,0.04791111111111111,326.03200000000004,40.73434,-111.87211,300.70688888888884,25.985333333333337,877.6897777777779,111.8168,0.8608888888888889,438448.8888888889,1963.5733333333333,159.344,13280904.67111111,0.0010250355555555,7.5175873015873e-05,0.0011881241269841,7.878952380952381e-05,0.0002936196825396,0.0029941222222222,0.0008979533333333,0.0177971382222222,1.9631866666666669,3.163393333333333,11.39449451032671,0.24045277001332,2.114895614814815,4.348118385446035,0.0032094434306434,0.3305437015133015,4.354863723495024,0.0102283854034854,1.0693847154160656,0.7570085767214267,0.1501720536038036,0.243738596015096,0.0050569015891515,0.0171778875772375,0.1238363038776038,0.0621896447459947,0.001245173113338879,0.034518081006031,0.2463145484811484,0.0678588558386058,0.0070958192529692,0.0046897233007733,3.3755,0.195,0.12274750061151127,0.004,0.0,0.07375,0.44275,0.19125,0.07225,0.008749999999999999,0.019610000000000002,0.024301416916020713,1.5768856949889671,0.3072499269902786,0.134325,0.008,0.5091892666857827,0.0045000000000000005,0.20616371427257837,0.009872471004038125,0.055493009390466516,0.5163666666666666,0.08012738088511773,0.16992494713040535,0.10835342983071769,0.039191190552028306,0.00675,0.00825,0.14915,0.21940560701983564,0.0011734462648890277,0.00775,0.07970180081835651,0.15679834921461808,0.01475,0.03352142857142855,0.10399155070538454,0.011,0.020015158489740427,0.18444853944852718,0.005719133336633048,0.004029957537584496,0.030018657210038373,0.00675,0.01175,0.002,0.023320575973381056,0.01328622081960783,0.005,0.011864639209711031,0.014367962252935407,0.047354195222666526,0.0045,0.003,0.06610276982819449,0.05447691732258707,0.02012176627791075,0.0054431717460317,0.0185922571428571,0.1404909895238095,0.0063753733333333,0.0008100488888888,0.2804945898412698,16200.0,16259.0,873.5684285714286,35.94314285714285,391.75771428571426,64.08457142857142,3.9844285714285714,0.18542857142857141,0.017714285714285714,31.815946714285715,30.073574285714287,27.692409571428573,27.269411,26.89122,24.796781857142857,22.06180657142857,22.140840285714287,20.49616185714286,19.607183285714285,17.870834714285714,19.510680714285716,17.506170142857144,16.463165,12.499115857142858,41.358813285714284,9.614592285714286,2.177355142857143,0.852435,0.1720482857142857,0.13498585714285716,0.07068485714285715,0.09832271428571429,0.07795014285714286,0.04758285714285714,0.048047285714285716,0.04771414285714286,0.061059,0.005380571428571429,0.08223142857142857,0.07615928571428571,0.021012,0.023798142857142858,0.0,0.05819042857142857,0.033918000000000004,2.816107779854342,13096569.577400643,1912.4428321385337,0.41015,0.121175,0.03521499999999995,0.05343125,1.84375,0.0654722222222221,0.0793375,0.0613625,0.0050569015891515,0.2692375,0.0,0.00545,0.01845555555555555,0.0423125,0.49247857142857143,0.0547444444444444,0.0,2.8810615334,0.15124166666666666,0.012594444444444401,0.040264285714285655,0.02133888888888885,0.07891666666666661,0.14501666666666665,0.09549999999999995,0.1547833333333333,0.16189999999999993,0.033125,0.026279999999999998,0.0080875,0.259875,0.0035333333333333,0.5586666666666666,0.04331,0.0,0.2841625,0.3579,0.03601,0.06677,0.44153,0.0,0.0,0.6453800000000001,0.02567142857142855,0.05238571428571425,0.036528571428571396,0.01268125,0.01710714285714285,0.03641666666666665,0.0,0.019799999999999998,0.0,0.01238636363636355,0.0,,,,0.03453422625651472,0.0385,0.23182917908762826,3.248586547240631,1.9946063350795948,47.96118229785833,742.33331,421.7207,1.0,2024-07-20 04:30:00
2024-07-19 22:45:00,50.24755555555556,1.0,0.0495854285714285,0.09705208255450112,0.0019071283062223592,0.008263412089686523,2.897002498730159,5.290747111111111e-06,0.0,0.0,0.0,0.0,0.0,0.0,0.0,0.0,0.0,0.0,0.0,0.0,0.0,0.0,0.0,0.0,0.0,0.202,1308.4111111111113,255.66151111111108,0.052088888888888886,255.66151111111108,40.73433995555556,-111.87211,300.45888888888885,25.80311111111111,877.7466666666667,114.73093333333333,1.1853333333333333,440381.5555555556,1966.6062222222224,175.26533333333333,12945721.103555556,0.0009044653968253,7.654730158730158e-05,0.0011528593650793,9.473746031746032e-05,0.0002815355555555,0.0028980653968253,0.0013696619047619,0.1789257845079365,3.221701015873016,4.773722583638583,10.798362784126985,0.2417073428571428,1.9393918771672771,3.934012838095238,0.0028387365079365,0.2771191047619047,4.172058447619047,0.0084933047619047,0.9456293597069597,0.712768311111111,0.096712892063492,0.2502093301587301,0.0095299142857142,0.015804695421862032,0.1399125619047619,0.0664480984126984,0.0012331359516214526,0.0326317809523809,0.2075565904761904,0.0682377333333333,0.0072012698412698,0.006732873015873,3.33425,0.1905,0.09914273139184698,0.004,0.0,0.073625,0.442625,0.19087500000000002,0.070875,0.008624999999999999,0.024415,0.026827499937403573,1.6648285424834506,0.3233748904854179,0.13398749999999998,0.0075,0.4382839000286741,0.00425,0.19355220094069614,0.008308706506057188,0.06923951408569977,0.58155,0.08219107132767658,0.17480247839650737,0.08842162638610057,0.03219628099446556,0.006625,0.007875,0.167225,0.22710841052975347,0.0011445385540741896,0.007625,0.08707021448390656,0.13619752382192712,0.014125,0.04028214285714282,0.12398732605807682,0.0105,0.024022737734610642,0.21267280917279077,0.006231493047474489,0.004031109750568515,0.03338809127618417,0.006625,0.011125,0.002,0.02541977690128317,0.01420255440580039,0.005,0.011796958814566546,0.01705194337940311,0.05153129283399979,0.0022500000000000003,0.003,0.08065415474229173,0.06771537598388061,0.02187338726857528,0.0051729771428571,0.0177212584126984,0.1271742780952381,0.0065704171428571,0.0008068244444444,0.270520606984127,17100.0,17159.0,873.6312571428572,35.67848571428571,395.46122857142853,64.91514285714285,4.027257142857143,0.18505714285714286,0.01802857142857143,32.029034828571426,30.24037877142857,27.825576342857143,27.4025386,27.1230854,25.000239114285712,22.160550342857142,22.32682557142857,20.639978714285714,19.75767957142857,17.94547982857143,19.68365942857143,17.598920685714287,16.5966758,12.639743714285714,42.37270797142857,9.923615371428571,2.254951885714286,0.8698808,0.17740037142857146,0.13597291428571429,0.07175711428571428,0.10115382857142857,0.07707028571428572,0.045203714285714285,0.048790571428571426,0.048474085714285714,0.0626394,0.005111542857142858,0.08281685714285714,0.07694177142857142,0.0199614,0.024143885714285714,0.0,0.05839965714285714,0.033747400000000004,2.8183740196881337,12766038.260265196,1915.4602068965478,0.439525,0.12741249999999998,0.029657499999999976,0.055565625,1.93865,0.07318611111111095,0.08295,0.06648124999999999,0.0095299142857142,0.2813875,0.0,0.008175,0.017883333333333324,0.04955625,0.5127107142857144,0.0563166666666666,0.0,2.883227013676508,0.16057916666666666,0.01017499999999995,0.043653571428571375,0.020880555555555524,0.0839916666666666,0.14962499999999998,0.10143333333333326,0.1631583333333333,0.17087499999999992,0.03275,0.02775,0.01213125,0.2225875,0.00176666666666665,0.6026999999999999,0.043595,0.0,0.29326875,0.36943,0.036315,0.069785,0.463045,0.0,0.0,0.54506,0.03850714285714282,0.056799999999999976,0.0440142857142857,0.019021875,0.025660714285714273,0.03940833333333332,0.0,0.021825,0.0,0.012988636363636275,0.0,,,,0.027367676643565896,0.036750000000000005,0.32714283784995096,4.503411281168652,3.2011995514184264,47.56671850166929,447.33334,400.38586,1.0,2024-07-20 04:45:00
2024-07-19 23:00:00,50.20177777777778,1.0,0.0535943244444444,0.10159401917536298,0.00193803332716999,0.008657385137991205,3.0182616044444446,4.5384284786324784e-06,0.0,0.0,0.0,0.0,0.0,0.0,0.0,0.0,0.0,0.0,0.0,0.0,0.0,0.0,0.0,0.0,0.0,0.202,1308.0911111111113,357.6601777777778,0.05426666666666667,357.6601777777778,40.73433684444444,-111.87211,300.2917777777778,25.455555555555556,877.8093333333333,119.41933333333333,0.7088888888888889,442169.7777777778,1968.6844444444444,166.08533333333335,12631781.353333334,0.0009061688888888,5.587555555555556e-05,0.0012398666666666,0.00013408,0.000256,0.0028115644444444,0.00185204,0.0663177222996632,3.056777430976431,4.4415010387205385,11.21825808888889,0.2830683111111111,1.9568648444444443,5.490176755555556,0.0030709777777777,0.2855608,4.333729688888889,0.0103072888888888,0.7896869333333334,0.6665320444444445,0.1899899111111111,0.3575552,0.0145648888888888,0.014431503266486567,0.2122952444444444,0.0881860444444444,0.0012210987899040264,0.0357944,0.2097421333333333,0.0859234666666666,0.0082146666666666,0.0092068888888888,3.293,0.186,0.14831132201135502,0.004,0.0,0.0735,0.4425,0.1905,0.0695,0.0085,0.02922,0.03820108358459017,1.752771389977934,0.33949985398055715,0.13365,0.006999999999999999,0.36737853337156545,0.004,0.18037169025797634,0.00674494200807625,0.08298601878093302,0.6467333333333333,0.08425476177023544,0.2557180012437589,0.08178400334032437,0.03259072062459097,0.006500000000000001,0.0075,0.1853,0.2348112140396713,0.0011156308432593517,0.0075,0.12024619027837134,0.11559669842923614,0.0135,0.0470428571428571,0.1439831014107691,0.01,0.028030316979480857,0.24089707889705436,0.008846913717704172,0.004032261963552533,0.0485588278951296,0.006500000000000001,0.010499999999999999,0.002,0.03613547796369475,0.01888012321428031,0.005,0.011729278419422062,0.019735924505870812,0.05570839044533305,0.0,0.003,0.09520553965638899,0.08095383464517414,0.03051174043290005,0.0046688533333333,0.0156283377777777,0.1092298888888888,0.0064356177777777,0.00081568,0.2566293244444444,18000.0,18059.0,873.6940857142857,35.41382857142857,399.1647428571428,65.74571428571429,4.070085714285715,0.1846857142857143,0.018342857142857143,32.242122942857144,30.407183257142858,27.958743114285713,27.5356662,27.3549508,25.20369637142857,22.259294114285712,22.512810857142856,20.783795571428573,19.908175857142858,18.020124942857144,19.856638142857143,17.69167122857143,16.7301866,12.78037157142857,43.38660265714286,10.232638457142857,2.3325486285714288,0.8873266000000001,0.18275245714285715,0.13695997142857141,0.07282937142857143,0.10398494285714285,0.07619042857142858,0.04282457142857143,0.04953385714285714,0.04923402857142857,0.0642198,0.0048425142857142865,0.0834022857142857,0.07772425714285713,0.018910800000000002,0.02448962857142857,0.0,0.05860888571428571,0.033576800000000004,2.90417402051437,12456455.902457854,1917.5277983925134,0.4689,0.13365,0.0241,0.0577,2.03355,0.0808999999999998,0.0865625,0.0716,0.0145648888888888,0.2935375,0.0,0.0109,0.0173111111111111,0.0568,0.5329428571428572,0.0578888888888888,0.0,2.965212250518254,0.1699166666666667,0.0077555555555555,0.0470428571428571,0.0204222222222222,0.0890666666666666,0.1542333333333333,0.1073666666666666,0.1715333333333333,0.1798499999999999,0.032375,0.02922,0.016175,0.1853,0.0,0.6467333333333333,0.04388,0.0,0.302375,0.38096,0.03662,0.0728,0.48456,0.0,0.0,0.44474,0.0513428571428571,0.0612142857142857,0.0515,0.0253625,0.0342142857142857,0.0424,0.0,0.02385,0.0,0.013590909090909,0.0,,,,0.02536,0.035,0.3,4.3,2.9,46.0,266.66666,381.82043,1.0,2024-07-20 05:00:00
2024-07-19 23:15:00,49.44666666666667,1.0,0.0549297955555555,0.10613595579622484,0.0019689383481176206,0.009051358186295887,2.875356808888889,4.335660958485959e-06,0.0,0.0,0.0,0.0,0.0,0.0,0.0,0.0,0.0,0.0,0.0,0.0,0.0,0.0,0.0,0.0,0.0,0.202,1308.5573333333334,316.29484444444444,0.05164444444444445,316.29484444444444,40.73433835555556,-111.87211,300.1046666666666,25.468,877.884,119.88568888888888,0.9013333333333333,444291.02222222224,1971.0306666666663,180.04533333333333,12478188.367111113,0.00087652,6.853333333333334e-05,0.0011505066666666,0.00012472,0.0002391288888888,0.0024422977777777,0.0026345422222222,0.1714079651981352,3.9648667994227993,5.689416565545566,13.238521688888888,0.2724625333333333,1.7602640444444444,4.487162533333334,0.0034780444444444,0.2559083555555556,4.149711822222222,0.0129802222222222,0.6903782222222222,0.6190641777777778,0.1979428444444444,0.2904328444444444,0.0141921333333333,0.0130583111111111,0.1876626222222222,0.0797663555555555,0.0012090616281866,0.0370958222222222,0.1794382222222222,0.0725010666666666,0.0079693777777777,0.0060829777777777,3.2517500000000004,0.1815,0.14384058289608623,0.004,0.0,0.073375,0.442375,0.190125,0.068125,0.008375,0.024165,0.034330528094464505,1.6435785424834506,0.30712489048541786,0.13448749999999998,0.0065,0.3452839000286741,0.00375,0.16684008901091946,0.008308706506057188,0.06773951408569977,0.6097999999999999,0.07894107132767658,0.20512229129657636,0.07396137568997865,0.02712156981340719,0.0063750000000000005,0.007124999999999999,0.190975,0.2118584105297535,0.0010867231324445138,0.0073750000000000005,0.10895604117191045,0.1329475238219271,0.012875,0.03978214285714283,0.12023732605807681,0.0095,0.024022737734610642,0.20317280917279076,0.00783389122124826,0.004033414176536553,0.043396059524912815,0.0063750000000000005,0.009875,0.002,0.03198499985320167,0.017068375495969852,0.005,0.011296958814566547,0.01630194337940311,0.05053129283399979,0.0015,0.003,0.07815415474229175,0.06646537598388061,0.02735155859468343,0.0044713066666666,0.0151851911111111,0.1011795955555555,0.0067581377777777,0.0009248133333333,0.24747604,18900.0,18959.0,873.7569142857143,35.14917142857143,402.86825714285715,66.57628571428572,4.112914285714286,0.1843142857142857,0.018657142857142858,32.455211057142854,30.573987742857142,28.091909885714287,27.6687938,27.5868162,25.40715362857143,22.358037885714285,22.698796142857145,20.92761242857143,20.05867214285714,18.094770057142856,20.02961685714286,17.78442177142857,16.8636974,12.92099942857143,44.40049734285714,10.541661542857142,2.4101453714285714,0.9047724000000001,0.18810454285714287,0.13794702857142857,0.07390162857142857,0.10681605714285713,0.07531057142857142,0.04044542857142857,0.050277142857142854,0.049993971428571427,0.0658002,0.004573485714285715,0.08398771428571428,0.07850674285714285,0.0178602,0.02483537142857143,0.0,0.05881811428571428,0.0334062,2.729423335285332,12304994.742207559,1919.8620189885792,0.4223625,0.1231625,0.018075,0.051009375,1.9335375,0.06970277777777763,0.0748875,0.0665375,0.0141921333333333,0.2473875,0.0,0.011738888888888875,0.012983333333333326,0.047971875000000004,0.4616392857142857,0.05053333333333325,0.0,2.798231176173333,0.14194583333333333,0.0058166666666666245,0.035282142857142824,0.015316666666666649,0.06679999999999994,0.14506666666666662,0.09259999999999995,0.14499999999999996,0.15466666666666656,0.030193750000000002,0.025245,0.01213125,0.16778125,0.0,0.623825,0.03955,0.0,0.2778875,0.33172,0.03003,0.06133,0.425915,0.0,0.0,0.420515,0.042782142857142824,0.04591071428571428,0.038625,0.019021875,0.025660714285714273,0.0362,0.0,0.02167916666666665,0.0,0.01019318181818175,0.0,,,,0.022168442950669824,0.03325,0.32269576477605066,5.244398308607274,3.887313988327415,46.827047574788295,216.66667,366.40323,1.0,2024-07-20 05:15:00
2024-07-19 23:30:00,48.86044444444444,1.0,0.0591600212698412,0.1106778924170867,0.001999843369065251,0.00944533123460057,2.8805069768253966,2.9864633113553114e-06,0.0,0.0,0.0,0.0,0.0,0.0,0.0,0.0,0.0,0.0,0.0,0.0,0.0,0.0,0.0,0.0,0.0,0.202,1307.8595555555555,330.27093333333335,0.04395555555555555,330.27093333333335,40.73433351111111,-111.87211,299.80555555555554,26.012888888888888,877.8466666666666,123.11991111111111,1.5066666666666668,445923.3333333334,1974.6604444444445,205.47777777777776,12538165.16088889,0.0008923603174603,0.0001038714285714,0.0011000993650793,0.0001048273015873,0.0002459676190476,0.0025439536507936,0.0025195679365079,0.1705423911111111,4.082863111111111,6.331752888888889,12.006263377777778,0.2514039555555555,1.9953889777777776,4.642420977777777,0.003926,0.2525692,4.190959333333334,0.0106926666666666,0.6617773777777778,0.6192067555555556,0.1380541777777778,0.2723499111111111,0.0138850666666666,0.01597565079365077,0.1776732444444444,0.0791119111111111,0.0011970244664691737,0.0313276888888888,0.1953622666666666,0.0655916888888888,0.0077868888888888,0.0058692888888888,3.2105,0.177,0.11739688054819067,0.004,0.0,0.07325,0.44225000000000003,0.18975,0.06675,0.00825,0.01911,0.032760884365432834,1.5343856949889672,0.27474992699027856,0.135325,0.006,0.32318926668578274,0.0035,0.16688073346728674,0.009872471004038125,0.052493009390466513,0.5728666666666666,0.07362738088511772,0.19149167833082145,0.08215053064673392,0.029995489297639285,0.00625,0.00675,0.19665,0.18890560701983566,0.0010578154216296758,0.00725,0.10437749636354925,0.15029834921461807,0.01225,0.03252142857142855,0.09649155070538454,0.009000000000000001,0.020015158489740427,0.16544853944852717,0.007755151145023157,0.004034566389520572,0.041302378910482274,0.00625,0.00925,0.002,0.03166239204939257,0.01692755221322982,0.005,0.010864639209711032,0.012867962252935405,0.045354195222666524,0.003,0.003,0.06110276982819449,0.051976917322587066,0.02708236730699239,0.0044300206349206,0.0151311022222222,0.1027932466666666,0.0070300825396825,0.0010821288888888,0.2437942517460317,19800.0,19859.0,873.8197428571428,34.88451428571428,406.5717714285714,67.40685714285715,4.155742857142857,0.18394285714285713,0.01897142857142857,32.66829917142857,30.74079222857143,28.225076657142857,27.8019214,27.8186816,25.610610885714287,22.456781657142855,22.88478142857143,21.071429285714288,20.209168428571427,18.16941517142857,20.202595571428574,17.877172314285716,16.9972082,13.061627285714286,45.41439202857143,10.850684628571429,2.487742114285714,0.9222182000000001,0.1934566285714286,0.13893408571428573,0.07497388571428572,0.10964717142857143,0.0744307142857143,0.03806628571428571,0.05102042857142857,0.05075391428571428,0.0673806,0.004304457142857143,0.08457314285714286,0.07928922857142857,0.0168096,0.025181114285714287,0.0,0.05902734285714285,0.033235600000000004,2.6919915499155325,12364139.075533636,1923.4732293708623,0.37582499999999996,0.112675,0.01205,0.044318750000000004,1.8335249999999998,0.05850555555555545,0.0632125,0.061475,0.0138850666666666,0.2012375,0.0,0.01257777777777775,0.00865555555555555,0.039143750000000005,0.3903357142857143,0.043177777777777704,0.0,2.76246364984,0.11397499999999999,0.00387777777777775,0.02352142857142855,0.0102111111111111,0.0445333333333333,0.13589999999999997,0.0778333333333333,0.11846666666666664,0.12948333333333326,0.028012500000000003,0.02127,0.0080875,0.1502625,0.0,0.6009166666666667,0.03522,0.0,0.2534,0.28248,0.02344,0.04986,0.36727,0.0,0.0,0.39629000000000003,0.03422142857142855,0.03060714285714285,0.02575,0.01268125,0.01710714285714285,0.03,0.0,0.0195083333333333,0.0,0.0067954545454545,0.0,,,,0.025112882245828624,0.0315,0.3221837451255049,5.362048687812047,4.368606028577671,46.28563472653299,166.66667,354.96542,1.0,2024-07-20 05:30:00
2024-07-19 23:45:00,49.88711111111112,1.0,0.0487539295238095,0.11521982903794856,0.0020307483900128816,0.009839304282905251,2.7218123196825394,4.015699e-06,0.0,0.0,0.0,0.0,0.0,0.0,0.0,0.0,0.0,0.0,0.0,0.0,0.0,0.0,0.0,0.0,0.0,0.202,1307.5035555555555,358.07399999999996,0.045644444444444446,358.07399999999996,40.734332933333334,-111.87211,299.3731111111111,26.605333333333338,877.831111111111,121.83,2.084888888888889,443696.84444444446,1966.688,179.63244444444445,12438120.882222222,0.0009571419047619,0.0001220504761904,0.0010744165079365,8.598444444444445e-05,0.0002400244444444,0.0028743238095238,0.0019987463492063,0.1973723555555555,3.249654666666667,5.0928466666666665,10.46780928888889,0.2415136888888888,1.707616488888889,3.991898622222222,0.0032958222222222,0.2486391555555555,4.091108711111111,0.0098968,0.6219358222222222,0.5999711111111111,0.0894555111111111,0.2986345333333333,0.0121659555555555,0.018892990476190443,0.188196,0.0820609333333333,0.0011849873047517475,0.0290579999999999,0.1815575111111111,0.0543586666666666,0.0083718222222222,0.004218,3.16925,0.17250000000000001,0.09593825160607702,0.004,0.0,0.073125,0.442125,0.18937500000000002,0.065375,0.008125,0.014054999999999998,0.03441433842807269,1.4251928474944835,0.2423749634951393,0.13616250000000002,0.0055,0.3010946333428914,0.0032500000000000003,0.16139725403939895,0.011436235502019061,0.03724650469523325,0.5359333333333334,0.06831369044255886,0.21130458732395266,0.07505124862833859,0.02750405214393217,0.006125,0.0063750000000000005,0.20232499999999998,0.1659528035099178,0.0010289077108148379,0.007125,0.10920051025794025,0.16764917460730905,0.011625,0.025260714285714275,0.07274577535269228,0.0085,0.016007579244870215,0.1277242697242636,0.008109965425346727,0.004035718602504591,0.0435078505431668,0.006125,0.008625,0.002,0.03311610991738212,0.01756212248689025,0.005,0.010432319604855515,0.009433981126467704,0.040177097611333264,0.0045000000000000005,0.003,0.04405138491409724,0.037488458661293536,0.028295382553998476,0.0042407152380952,0.0145110774603174,0.09933664,0.0071914323809523,0.0010824698412698,0.2538105053968253,20700.0,20759.0,873.8825714285714,34.61985714285714,410.2752857142857,68.23742857142857,4.198571428571428,0.18357142857142858,0.019285714285714288,32.88138728571428,30.907596714285713,28.358243428571427,27.935049,28.050547,25.814068142857142,22.55552542857143,23.070766714285714,21.215246142857143,20.359664714285714,18.244060285714287,20.375574285714286,17.969922857142855,17.130719,13.202255142857144,46.42828671428572,11.159707714285714,2.5653388571428573,0.939664,0.19880871428571428,0.13992114285714286,0.07604614285714285,0.11247828571428571,0.07355085714285714,0.035687142857142855,0.05176371428571429,0.05151385714285714,0.068961,0.004035428571428572,0.08515857142857143,0.08007171428571429,0.015759000000000002,0.025526857142857143,0.0,0.05923657142857143,0.033065,2.481639237529013,12265483.38235417,1915.5415663566114,0.3292875,0.1021875,0.006024999999999999,0.037628125,1.7335125,0.04730833333333328,0.0515375,0.0564125,0.0121659555555555,0.15508750000000002,0.0,0.013416666666666625,0.004327777777777774,0.030315625,0.3190321428571429,0.03582222222222215,0.0,2.5614638364933286,0.08600416666666665,0.0019388888888888754,0.011760714285714277,0.005105555555555551,0.022266666666666657,0.12673333333333328,0.06306666666666666,0.09193333333333333,0.10429999999999992,0.02583125,0.017295,0.004043749999999999,0.13274375,0.0,0.5780083333333333,0.03089,0.0,0.2289125,0.23324,0.016849999999999997,0.03839,0.30862500000000004,0.0,0.0,0.372065,0.025660714285714273,0.015303571428571423,0.012874999999999998,0.006340624999999999,0.008553571428571424,0.0238,0.0,0.01733749999999995,0.0,0.00339772727272725,0.0,,,,0.022560310576008873,0.02975,0.3380546789079961,4.5312829796054475,3.4403139770422833,47.2338255373516,116.66666,343.65054,1.0,2024-07-20 05:45:00
