time_local,O3_ppbv,File_Index,HONO_CIMS,PAN_CIMS,APAN_CIMS,PPN_CIMS,HCOOH_CIMS,jNO2_meas,jBrCl,jBr2,jCCl4,jCH2Oa,jCH2Ob,jClNO2,jClOa,jClOb,jCl2,jHNO2,jHNO3,jI2,jNO2,jNO3a,jNO3b,jN2O5,jO3,AOD,Altitude_m,Course_deg,GndSpd_ms,Heading_deg,Lat,Lon,Temp_K,RH_percent,Pressure_mb,WindDir_deg,WindSpd_ms,CO2_Piccaro,CH4_Piccaro,CO_Piccaro,H2O_Piccaro,Br2_CIMS,BrO_CIMS,Cl2_CIMS,ClNO2_CIMS,BrCl_CIMS,NCl3_CIMS,N2O5_CIMS,NO_LIF,NO2_LIF,NOy_LIF,Methanol_PTR,Acetonitrile_PTR,Acetaldehyde_PTR,Ethanol_PTR,Methanethiol_PTR,Acrolein_PTR,Acetone_Propanal_PTR,DMS_PTR,Isoprene_PTR,MVK_MACR_PTR,Benzene_PTR,Toluene_PTR,Styrene_PTR,Benzaldehyde_PTR,C8Aromatics_PTR,C9Aromatics_PTR,Naphthalene_PTR,Octanal_PTR,Monoterpenes_PTR,Nonanal_PTR,C7H4ClF3_PTR,D5_siloxane_PTR,Acetone_WAS,Acrolein_WAS,Benzene_WAS,C2Cl4_WAS,C2HCl3_WAS,CCl4_WAS,CF2Cl2_WAS,CFCl3_WAS,CH2Cl2_WAS,CH3Br_WAS,CycloPentane_WAS,Ethyl_WAS,Ethane_WAS,Ethene_WAS,Ethyne_WAS,Furan_WAS,Isoprene_WAS,Limonene_WAS,MACR_WAS,MethylCycloHexane_WAS,MethylCycloPentane_WAS,Propane_WAS,Propene_WAS,Toluene_WAS,Alpha_Pinene_WAS,Beta_Pinene_WAS,c2Butene_WAS,c2Pentene_WAS,iButane_WAS,iPentane_WAS,iPropylBenzene_WAS,iPropylONO2_WAS,m_p_Xylene_WAS,nButane_WAS,nDecane_WAS,nHeptane_WAS,nHexane_WAS,nNonane_WAS,nOctane_WAS,nPentane_WAS,nPropylBenzene_WAS,nPropylONO2_WAS,o_Xylene_WAS,t2Butene_WAS,t2Pentene_WAS,x123_TriMethylBenzene_WAS,x124_TriMethylBenzene_WAS,x135_TriMethylBenzene_WAS,x13_Butadiene_WAS,x1_Butene_WAS,x1_Pentene_WAS,x224_TriMethylPentane_WAS,x22_DiMethylButane_WAS,x2_EthylToluene_WAS,x2_MethylPentane_WAS,x3_MethylPentane_WAS,x3_x4_EthylToluene_WAS,C4H7NO5_CIMS,ISOPN_CIMS,C5H10O3_CIMS,C5H9NO5_CIMS,C10H17NO4_CIMS,HNO3_CIMS,Time_Start_POPS,Time_Stop_POPS,Press_mb_POPS,Temp_C_POPS,Aerosol_conc_POPS,Surface_area_conc_POPS,Volume_density_POPS,Effective_radius_POPS,Extinction_POPS,Particle_conc_bin01_POPS,Particle_conc_bin02_POPS,Particle_conc_bin03_POPS,Particle_conc_bin04_POPS,Particle_conc_bin05_POPS,Particle_conc_bin06_POPS,Particle_conc_bin07_POPS,Particle_conc_bin08_POPS,Particle_conc_bin09_POPS,Particle_conc_bin10_POPS,Particle_conc_bin11_POPS,Particle_conc_bin12_POPS,Particle_conc_bin13_POPS,Particle_conc_bin14_POPS,Particle_conc_bin15_POPS,Particle_conc_bin16_POPS,Particle_conc_bin17_POPS,Particle_conc_bin18_POPS,Particle_conc_bin19_POPS,Particle_conc_bin20_POPS,Particle_conc_bin21_POPS,Particle_conc_bin22_POPS,Particle_conc_bin23_POPS,Particle_conc_bin24_POPS,Particle_conc_bin25_POPS,Particle_conc_bin26_POPS,Particle_conc_bin27_POPS,Particle_conc_bin28_POPS,Particle_conc_bin29_POPS,Particle_conc_bin30_POPS,Particle_conc_bin31_POPS,Particle_conc_bin32_POPS,Particle_conc_bin33_POPS,Particle_conc_bin34_POPS,Particle_conc_bin35_POPS,Particle_conc_bin36_POPS,HCHO_CRDS,H2O_CRDS,CH4_CRDS,Ethylene,Acetylene,nDecane,Ethylbenzene,Ethane,mpEthyltoluene,oXylene,buta13diene,Styrene,mpXylene,x135_Trimethylbenzene,nPropylbenzene,oEthyltoluene,x224_Trimethylpentane,Toluene,x124_Trimethylbenzene,Isopropylbenzene,Formaldehyde,Benzene,x123_Trimethylbenzene,nHeptane,nNonane,Methylcyclopentane,Propylene,x3_Methylpentane,nHexane,x2_Methylpentane,But1ene,Cyclopentane,nOctane,Isobutane,x22_Dimethylbutane,Propane,Pent1ene,Methylcyclohexane,nButane,nPentane,cis2Pentene,trans2Pentene,Isopentane,cis2Butene,trans2Butene,Isoprene,x23_Dimethylpentane,x3_Methylhexane,x2_Methylhexane,x234_Trimethylpentane,x24_Dimethylpentane,x23_Dimethylbutane,Cyclohexane,Hex1ene,x3_Methylheptane,nUndecane,pDiethylbenzene,mDiethylbenzene,nDodecane,x2_Methylheptane,Alphapinene,Betapinene,NO,NO2,NOy,O3,BLH_Nell_m,BLH_Nell_m_smoothed,jNO2_ratio,time_UTC
2024-08-15 00:00:00,42.61244444444444,1.0,0.071961,0.506067608116524,0.004551248368682331,0.0727122408043345,0.640283,4.461873320634921e-06,0.0,0.0,0.0,0.0,0.0,0.0,0.0,0.0,0.0,0.0,0.0,0.0,0.0,0.0,0.0,0.0,0.0,0.04,1309.5248888888889,1.8157777777777777,0.04933333333333333,1.8157777777777777,40.734339555555565,-111.87211,297.17355555555554,28.774222222222225,877.0564444444445,145.59897777777778,1.8035555555555554,433793.68888888886,1956.5693333333331,127.21422222222222,11597212.896444444,0.000452,8.1e-05,0.000811,0.00026,5.800000000000001e-05,0.020281,0.002628,0.2353420844444444,2.639404,3.714195555555556,5.660568,0.1638668888888888,0.7256830222222223,1.483414488888889,0.0046972444444444,0.16044569267869135,1.9169657333333332,0.0084400444444444,0.0692392,0.39511785541535893,0.08354922629896223,0.14832051053496523,0.0103839111111111,0.0342108,0.09397452780476015,0.03515130179414152,0.0019971347273789472,0.0462536888888888,0.0588057777777777,0.0444796888888888,0.0032376,0.0022536444444444,2.196,0.116,0.036,0.008,0.00019999999999999998,0.071,0.44,0.203,0.067,0.008,0.006,0.013,0.811,0.204,0.092,0.006,0.084,0.001,0.103,0.009,0.014,0.166,0.069,0.098,0.027,0.012,0.006,0.006,0.054,0.103,0.001,0.008,0.045,0.094,0.009,0.015,0.032,0.006,0.01,0.063,0.003,0.005208375324724264,0.016,0.005,0.007,0.002,0.012,0.007,0.004,0.011,0.006,0.03,0.004,0.002,0.028,0.023,0.009,0.006388,0.017755,0.034354,0.005609,0.000955,0.133498,21600.0,21659.0,871.3345066666666,30.469071111111113,164.5221111111111,21.282693333333334,1.2117822222222223,0.16350666666666666,0.004871111111111112,24.678204204444445,20.930957697777778,17.61467568888889,15.22484972888889,13.119371742222222,10.923444342222222,9.071977831111111,7.767705328888889,6.561802573333334,5.702688702222222,5.035575462222223,4.710982924444445,4.376385448888889,3.9527544622222224,3.0693310888888887,8.288232524444444,2.307115013333333,0.5715706666666667,0.28437562666666666,0.05968097333333333,0.049369591111111104,0.024403697777777778,0.022766631111111112,0.020064151111111112,0.014863475555555556,0.0177542,0.015952142222222222,0.013297493333333332,0.01251428,0.013995266666666667,0.01619752888888889,0.015426857777777778,0.01024416,0.0069414977777777775,0.005752511111111111,0.010900422222222223,1.620816311111111,11477878.222222224,1910.022222222222,0.3478025509549631,0.08851383755974208,0.0,0.0003475741113969366,1.113585378906019,0.0282444444444444,0.01594222644893732,0.0516,0.0103839111111111,0.04713920553051415,0.0,0.0,0.0076444444444444,0.03,0.0975714285714285,0.0315888888888888,0.0,1.9405894902520109,0.05474686914400487,0.0,0.02086505437271757,0.0,0.014,0.1431117801681211,0.05424407977389395,0.06449207648284747,0.0824994858276632,0.031904914404859125,0.009414734597441216,0.005940236652797794,0.10316614902750784,0.003189458992537856,0.4434282900361829,0.032489335491587605,0.0014332674151349319,0.28871301999959403,0.25984057464362226,0.0,0.0,0.40001519609142067,0.002727688837045085,0.003614472498932163,0.11049075372670573,0.0,0.03800498906076292,0.02901723305773617,0.0081,0.0,0.03357556373401122,0.004719586978880697,0.0101166666666666,0.0951,0.0,0.0,,,,0.0035440090177117642,0.012,0.3605152026325992,3.922821398764273,2.407313379152544,43.0,504.43332,322.37735,1.0,2024-08-15 06:00:00
2024-08-15 00:15:00,43.89244444444444,1.0,0.06918265328652827,0.49845139163245433,0.004509170557633633,0.07149704231112633,0.6572422728948301,3.5443767142857143e-06,0.0,0.0,0.0,0.0,0.0,0.0,0.0,0.0,0.0,0.0,0.0,0.0,0.0,0.0,0.0,0.0,0.0,0.04,1308.6595555555555,2.426488888888889,0.04853333333333333,2.426488888888889,40.73434,-111.87211,296.9691111111111,28.723555555555556,877.0568888888888,115.08053333333334,1.8533333333333333,432689.3777777778,1955.5617777777777,119.06177777777778,11434258.294222225,0.0005072226484494334,7.26002270877271e-05,0.0006959528550153333,0.0002631224628546,7.9368433022e-05,0.014255217458071002,0.0033928442932067665,0.0872497533333333,1.4049031555555556,2.453866222222222,5.660568,0.1638668888888888,0.7256830222222223,1.483414488888889,0.0046972444444444,0.16026023845620174,1.9169657333333332,0.0084400444444444,0.0692392,0.39248691630291543,0.08355753993050567,0.1257677364465674,0.0103839111111111,0.0342108,0.093984967985348,0.030896830657209315,0.0019971347273789472,0.0462536888888888,0.0588057777777777,0.0444796888888888,0.0032376,0.0022536444444444,2.1585,0.10925,0.030339765180668415,0.00675,0.00014999999999999996,0.071,0.4385,0.20225,0.0665,0.00775,0.00525,0.01075,1.3484509827981128,0.16949999999999998,0.08175,0.006,0.089,0.001,0.10225,0.0075,0.0115,0.1625,0.05725,0.081,0.02525,0.012,0.005,0.005,0.04925,0.0915,0.0008810542333685463,0.0075,0.037,0.0895,0.008,0.014700549652747103,0.0275,0.0055,0.008181187764946448,0.056,0.0025,0.005174590684288254,0.013000000000000001,0.004300734515848083,0.00575,0.0019500000000000001,0.0095,0.006,0.003525841663459813,0.00925,0.00525,0.025,0.0035,0.00175,0.02375,0.0195,0.0072499999999999995,0.006227607390823433,0.017607964432260835,0.0355232909394177,0.0058802028569314,0.0009941228847210667,0.14444744909482055,22500.0,22559.0,871.4010177777778,30.448475555555554,156.83131999999998,20.363417777777777,1.1574177777777777,0.16300444444444442,0.004608888888888889,23.46562608888889,19.704290724444444,16.489260497777778,14.474245924444444,12.50859416,10.45506255111111,8.727213017777778,7.456504231111111,6.333573408888889,5.438129506666667,4.822471484444445,4.516939511111111,4.248645862222222,3.8253084355555553,3.012599493333333,8.04361448,2.1933871244444445,0.5326983377777778,0.2663469955555556,0.05370898222222222,0.04575071111111111,0.029768124444444443,0.021279995555555552,0.013806480000000001,0.019018333333333335,0.014323786666666668,0.016810622222222224,0.014778146666666665,0.009313688888888888,0.015041911111111111,0.016234253333333334,0.013599133333333334,0.011326342222222223,0.006134337777777778,0.006824426666666666,0.009021906666666666,1.5999881333333337,11320414.222222222,1909.3764888888888,0.3169695461787609,0.08171938252387116,0.0,0.0003475741113969366,1.0906294827204888,0.0282444444444444,0.01594222644893732,0.0516,0.0103839111111111,0.04713920553051415,0.0,0.0,0.0076444444444444,0.025,0.0975714285714285,0.0315888888888888,0.0,1.755468597411998,0.04936326584234502,0.0,0.021647925745858738,0.0,0.0115,0.1345451308951177,0.051035857918202046,0.06019066696160636,0.07634316307061387,0.030776698895115168,0.00881610533624879,0.0056564142017579335,0.09933229742371763,0.00278735550123129,0.44049763326884417,0.031867395129510236,0.0012743736620452828,0.28586543374924545,0.2550746773224534,0.0,0.0,0.3926388961215071,0.0022768951272946125,0.003652583207968565,0.11638833975398244,0.0,0.03794199553271508,0.02896601340068552,0.0081,0.0,0.03350786459595193,0.004669971529785048,0.0101166666666666,0.0951,0.0,0.0,,,,0.002847127238586668,0.012,0.272913014950763,2.691939768657467,1.4629693428850645,41.697376335480925,513.93335,322.37735,1.0,2024-08-15 06:15:00
2024-08-15 00:30:00,42.61244444444444,1.0,0.06640430657305653,0.4908351751483847,0.004467092746584934,0.07028184381791815,0.6742015457896602,4.1035641108891114e-06,0.0,0.0,0.0,0.0,0.0,0.0,0.0,0.0,0.0,0.0,0.0,0.0,0.0,0.0,0.0,0.0,0.0,0.04,1308.3457777777778,2.3398222222222222,0.04626666666666667,2.3398222222222222,40.7343392888889,-111.87211,296.81755555555554,28.704,877.0222222222222,108.92191111111111,1.8813333333333333,433733.68888888886,1957.5057777777777,125.23155555555556,11377679.510222225,0.0005624452968988667,6.420045417545418e-05,0.0005809057100306667,0.0002662449257092,0.000100736866044,0.008229434916142002,0.004157688586413533,0.119714312,2.0885552888888888,3.273716,5.660568,0.1638668888888888,0.7256830222222223,1.483414488888889,0.0046972444444444,0.1600747842337121,1.9169657333333332,0.0084400444444444,0.0692392,0.38985597719047194,0.08356585356204911,0.10321496235816963,0.0103839111111111,0.0342108,0.09399540816593586,0.026642359520277107,0.0019971347273789472,0.0462536888888888,0.0588057777777777,0.0444796888888888,0.0032376,0.0022536444444444,2.121,0.10250000000000001,0.03830755181841,0.0055,9.999999999999994e-05,0.071,0.437,0.2015,0.066,0.0075,0.0045000000000000005,0.0085,1.3773718393861927,0.135,0.0715,0.006,0.094,0.001,0.1015,0.006,0.009000000000000001,0.159,0.0455,0.064,0.0235,0.012,0.004,0.004,0.0445,0.08,0.0007621084667370926,0.007,0.028999999999999998,0.08499999999999999,0.006999999999999999,0.014401099305494207,0.023,0.005,0.006362375529892896,0.049,0.002,0.005140806043852244,0.01,0.003601469031696165,0.0045000000000000005,0.0019,0.007,0.005,0.003051683326919626,0.0075,0.0045000000000000005,0.02,0.003,0.0015,0.0195,0.016,0.0055,0.006067214781646867,0.017460928864521667,0.0366925818788354,0.0061514057138628,0.0010332457694421332,0.15539689818964106,23400.0,23459.0,871.3729866666666,30.219466666666666,157.94136444444445,20.562844444444448,1.1731244444444444,0.16306666666666667,0.004604444444444444,23.317898066666665,19.840490222222222,16.62527301777778,14.55184856,12.570806586666667,10.510402173333334,8.769071835555556,7.484943888888889,6.39276824,5.530994404444445,4.986663973333333,4.59127307111111,4.314194048888889,3.8703553200000003,3.0540109155555557,8.19641911111111,2.218851488888889,0.5172838488888889,0.2742012177777778,0.060104413333333336,0.04329788444444445,0.03262432,0.024619711111111112,0.01657708888888889,0.017365164444444445,0.010836137777777779,0.014868888888888888,0.010372657777777777,0.013508995555555554,0.01488255111111111,0.017386253333333334,0.014174639999999999,0.00958576888888889,0.004894075555555556,0.009945106666666667,0.008624564444444446,1.6155564,11255330.666666668,1911.2456,0.28613654140255873,0.07492492748800024,0.0,0.0003475741113969366,1.0676735865349583,0.0282444444444444,0.01594222644893732,0.0516,0.0103839111111111,0.04713920553051415,0.0,0.0,0.0076444444444444,0.02,0.0975714285714285,0.0315888888888888,0.0,1.7217067852488888,0.043979662540685166,0.0,0.022430797118999906,0.0,0.009000000000000001,0.12597848162211425,0.04782763606251014,0.055889257440365256,0.07018684031356455,0.029648483385371207,0.008217476075056365,0.005372591750718073,0.09549844581992742,0.0023852520099247234,0.4375669765015054,0.03124545476743286,0.0011154799089556336,0.2830178474988968,0.25030878000128465,0.0,0.0,0.38526259615159353,0.0018261014175441396,0.003690693917004967,0.12228592578125913,0.0,0.03787900200466724,0.02891479374363487,0.0081,0.0,0.033440165457892634,0.004620356080689399,0.0101166666666666,0.0951,0.0,0.0,,,,0.0021502454594615715,0.012,0.29211702328791006,3.373587623408042,2.0772692943366393,40.51521636355124,523.43335,322.37735,1.0,2024-08-15 06:30:00
2024-08-15 00:45:00,41.818666666666665,1.0,0.0636259598595848,0.4832189586643151,0.004425014935536236,0.06906664532470996,0.6911608186844902,3.082616983164983e-06,0.0,0.0,0.0,0.0,0.0,0.0,0.0,0.0,0.0,0.0,0.0,0.0,0.0,0.0,0.0,0.0,0.0,0.04,1308.3453333333334,2.1414222222222223,0.04893333333333334,2.1414222222222223,40.73433813333334,-111.87211,296.6837777777778,29.005333333333333,877.0844444444444,116.12386666666667,2.381333333333333,434942.4,1960.2186666666664,122.968,11474934.309777776,0.0006176679453483,5.580068126318127e-05,0.000465858565046,0.0002693673885638,0.000122105299066,0.002203652374213,0.0049225328796203,0.071648048,2.0339257777777777,3.0767973333333334,5.660568,0.1638668888888888,0.7256830222222223,1.483414488888889,0.0046972444444444,0.15988933001122246,1.9169657333333332,0.0084400444444444,0.0692392,0.3872250380780284,0.08357416719359256,0.08066218826977183,0.0103839111111111,0.0342108,0.09400584834652372,0.0223878883833449,0.0019971347273789472,0.0462536888888888,0.0588057777777777,0.0444796888888888,0.0032376,0.0022536444444444,2.0835,0.09575,0.035384346419618906,0.00425,5.000000000000002e-05,0.071,0.4355,0.20075,0.0655,0.00725,0.00375,0.00625,1.4194097193617665,0.1005,0.06125,0.006,0.099,0.001,0.10075,0.0045,0.006500000000000001,0.1555,0.03375,0.047,0.02175,0.012,0.003,0.003,0.03975,0.0685,0.000643162700105639,0.006500000000000001,0.020999999999999998,0.0805,0.006,0.014101648958241312,0.0185,0.0045000000000000005,0.004543563294839344,0.042,0.0015,0.005107021403416234,0.006999999999999999,0.0029022035475442477,0.0032500000000000003,0.00185,0.0045000000000000005,0.004,0.002577524990379439,0.00575,0.00375,0.015000000000000001,0.0025,0.00125,0.01525,0.012499999999999999,0.00375,0.0059068221724703,0.0173138932967825,0.0378618728182531,0.0064226085707942,0.0010723686541632,0.1663463472844616,24300.0,24359.0,871.3372355555556,30.149222222222225,163.65983111111112,21.22209777777778,1.1954355555555556,0.16164444444444442,0.004893333333333334,24.187048955555557,20.775219871111112,17.396080782222224,15.142387826666667,12.957677568888888,10.9193008,9.0609194,7.787764982222223,6.583306191111111,5.6546011599999995,5.06855704,4.71118903111111,4.366040617777778,3.9905699866666664,3.146489964444444,8.458203773333333,2.3118490533333333,0.52513068,0.27552492,0.06460450666666667,0.052683640000000004,0.03520022666666667,0.02364334222222222,0.019631137777777776,0.016901035555555555,0.014336586666666666,0.012046755555555556,0.012892031111111112,0.01045343111111111,0.016406324444444443,0.01814756888888889,0.013512275555555557,0.008527875555555555,0.00607652,0.006311226666666667,0.01074328888888889,1.5628504,11343521.777777778,1913.9624444444448,0.2553035366263565,0.06813047245212932,0.0,0.0003475741113969366,1.0447176903494277,0.0282444444444444,0.01594222644893732,0.0516,0.0103839111111111,0.04713920553051415,0.0,0.0,0.0076444444444444,0.015000000000000001,0.0975714285714285,0.0315888888888888,0.0,1.7299993919333334,0.038596059239025315,0.0,0.023213668492141074,0.0,0.006500000000000001,0.11741183234911085,0.044619414206818246,0.05158784791912416,0.06403051755651523,0.028520267875627246,0.00761884681386394,0.005088769299678213,0.0916645942161372,0.001983148518618157,0.4346363197341666,0.03062351440535549,0.0009565861558659844,0.28017026124854816,0.24554288268011581,0.0,0.0,0.3778862961816799,0.0013753077077936669,0.003728804626041369,0.12818351180853585,0.0,0.03781600847661941,0.02886357408658422,0.0081,0.0,0.033372466319833344,0.00457074063159375,0.0101166666666666,0.0951,0.0,0.0,,,,0.0014533636803364751,0.012,0.26368401903643757,3.3191182708831004,1.9297213768375014,39.78211299206985,532.93335,322.26794,1.0,2024-08-15 06:45:00
2024-08-15 01:00:00,41.99511111111112,1.0,0.0498648533333333,0.4756027421802454,0.004382937124487537,0.0678514468315018,0.6809851866666666,2.500432872405372e-06,0.0,0.0,0.0,0.0,0.0,0.0,0.0,0.0,0.0,0.0,0.0,0.0,0.0,0.0,0.0,0.0,0.0,0.04,1308.556,1.9636888888888888,0.05,1.9636888888888888,40.73433924444445,-111.87211,296.3695555555555,29.490666666666666,877.0706666666667,112.16791111111111,2.636888888888889,433721.9555555555,1956.2924444444443,114.1448888888889,11560277.438222224,0.0006356666666666,7.634666666666666e-05,0.0004181288888888,0.0001484844444444,0.0001144888888888,0.0016282311111111,0.0021738311111111,0.0455387866666666,1.3260430666666667,2.200891555555556,5.660568,0.1638668888888888,0.7256830222222223,1.483414488888889,0.0046972444444444,0.15970387578873282,1.9169657333333332,0.0084400444444444,0.0692392,0.3845940989655849,0.083582480825136,0.058109414181374025,0.0103839111111111,0.0342108,0.09401628852711157,0.018133417246412695,0.0019971347273789472,0.0462536888888888,0.0588057777777777,0.0444796888888888,0.0032376,0.0022536444444444,2.046,0.089,0.015,0.003,0.0,0.071,0.434,0.2,0.065,0.007,0.003,0.004,0.717,0.066,0.051,0.006,0.104,0.001,0.1,0.003,0.004,0.152,0.022,0.03,0.02,0.012,0.002,0.002,0.035,0.057,0.0005242169334741853,0.006,0.013,0.076,0.005,0.013802198610988416,0.014,0.004,0.002724751059785792,0.035,0.001,0.005073236762980224,0.004,0.0022029380633923302,0.002,0.0018,0.002,0.003,0.0021033666538392516,0.004,0.003,0.01,0.002,0.001,0.011,0.009,0.002,0.0057658755555555,0.0180112888888888,0.0387744488888888,0.0067527288888888,0.00099708,0.1785101111111111,25200.0,25259.0,871.3260311111111,30.190426666666667,160.86684888888888,20.918551111111114,1.1999422222222222,0.16407999999999998,0.00472,23.985161506666667,20.463699462222223,17.13735436888889,14.785074013333334,12.721890404444444,10.722455693333334,8.907508915555555,7.571364355555556,6.4255332888888885,5.561837457777778,4.982342711111111,4.667879604444445,4.295735257777778,3.9618312577777774,3.069675533333333,8.228035937777777,2.2581759333333333,0.529206968888889,0.2567320311111111,0.06300587555555555,0.043494200000000004,0.03070212,0.022802693333333332,0.018501537777777778,0.02004965333333333,0.013835702222222222,0.014309004444444445,0.013784324444444444,0.010711364444444446,0.015605453333333333,0.020918737777777776,0.010488391111111111,0.00989288,0.006781893333333333,0.00780864,0.012749004444444444,1.4975882222222223,11431568.888888888,1909.6480444444448,0.2244705318501543,0.061336017416258395,0.0,0.0003475741113969366,1.0217617941638975,0.0282444444444444,0.01594222644893732,0.0516,0.0103839111111111,0.04713920553051415,0.0,0.0,0.0076444444444444,0.01,0.0975714285714285,0.0315888888888888,0.0,1.5812264747979168,0.033212455937365465,0.0,0.023996539865282242,0.0,0.004,0.10884518307610742,0.04141119235112634,0.04728643839788305,0.0578741947994659,0.02739205236588329,0.007020217552671515,0.004804946848638352,0.08783074261234698,0.001581045027311591,0.4317056629668279,0.030001574043278117,0.0007976924027763353,0.27732267499819957,0.240776985358947,0.0,0.0,0.37050999621176633,0.0009245139980431941,0.003766915335077771,0.13408109783581254,0.0,0.03775301494857157,0.02881235442953357,0.0081,0.0,0.033304767181774046,0.004521125182498101,0.0101166666666666,0.0951,0.0,0.0,,,,0.0007564819012113788,0.012,0.24823940826965377,2.613310875693359,1.2734195867418934,41.0,542.43335,321.83463,1.0,2024-08-15 07:00:00
2024-08-15 01:15:00,41.43066666666667,1.0,0.0517191288888888,0.46798652569617577,0.004340859313438839,0.06663624833829361,0.6956973822222222,0.00019658120145700335,0.0,0.0,0.0,0.0,0.0,0.0,0.0,0.0,0.0,0.0,0.0,0.0,0.0,0.0,0.0,0.0,0.0,0.04,1308.940888888889,1.5689333333333333,0.04822222222222223,1.5689333333333333,40.73434,-111.87211,295.99177777777777,29.91822222222222,876.9382222222223,107.19008888888888,3.013777777777778,433904.1777777778,1956.0004444444448,110.144,11597902.68,0.0006758133333333,9.820444444444446e-05,0.0003938666666666,0.0001326755555555,0.0001244444444444,0.0010732133333333,0.0021734488888888,0.0451658444444444,1.1437569333333333,1.932468,5.660568,0.1638668888888888,0.7256830222222223,1.483414488888889,0.0046972444444444,0.1595184215662432,1.9169657333333332,0.0084400444444444,0.0692392,0.3740703425158108,0.08359079445667945,0.058109414181374025,0.0103839111111111,0.0342108,0.09402672870769943,0.018133417246412695,0.0019971347273789472,0.0462536888888888,0.0588057777777777,0.0444796888888888,0.0032376,0.0022536444444444,2.10825,0.095,0.01882315094019263,0.003,0.0,0.071,0.43425,0.19925,0.065,0.00725,0.003,0.004,1.3443550935616706,0.07300000000000001,0.0535,0.00575,0.1075,0.001,0.097,0.004,0.005,0.19675,0.0245,0.03,0.01975,0.016,0.0022,0.00175,0.04025,0.0575,0.0005242169334741853,0.006,0.01275,0.0875,0.005,0.01350274826373552,0.0165,0.00425,0.003543563294839344,0.0395,0.001,0.005039452122544214,0.004,0.002422864611807522,0.002,0.00175,0.002,0.003,0.0016292083172990647,0.00425,0.003,0.0095,0.002,0.001,0.0115,0.00925,0.002,0.0054571333333333,0.0174990977777777,0.0375876044444444,0.0072168,0.0012797155555555,0.1888002444444444,26100.0,26159.0,871.2498488888889,30.07836,170.0437822222222,21.70353777777778,1.1792133333333332,0.15674222222222223,0.004733333333333334,25.426934195555553,21.537721368888885,18.115076288888886,15.927648155555554,13.46298139111111,11.39185644888889,9.446356675555556,8.057417515555555,6.794485888888889,5.878944995555556,5.255710591111111,4.898441391111111,4.511375173333334,4.1487253866666665,3.1547978666666667,8.628498568888888,2.3251091866666664,0.5394997911111111,0.25677513333333335,0.052257057777777775,0.03788479111111111,0.027532928888888888,0.01917824888888889,0.013529124444444445,0.01729905777777778,0.012243284444444445,0.00869076888888889,0.011747333333333334,0.009904386666666666,0.01348727111111111,0.01647528888888889,0.0121966,0.010081795555555556,0.007073746666666667,0.006815866666666667,0.009010906666666667,1.517211511111111,11469373.333333332,1909.1117777777777,0.23072650383373156,0.06299320157134887,0.0,0.0003475741113969366,1.0757325713660486,0.0282444444444444,0.01594222644893732,0.0516,0.0103839111111111,0.04713920553051415,0.0,0.0,0.0076444444444444,0.0095,0.0975714285714285,0.0315888888888888,0.0,1.6121166660323267,0.03346881799934927,0.0,0.024779411238423407,0.0,0.005,0.110667874410789,0.04164035105510434,0.04967611035412811,0.058598468065001116,0.027553226010132426,0.007020217552671515,0.004521124397598492,0.09206815754285196,0.001581045027311591,0.46917620306351615,0.030001574043278117,0.0006387986496866862,0.2845998398602016,0.2438407764939841,0.0,0.0,0.3708307049061104,0.0010146727399932885,0.003805026044114173,0.13820940805490622,0.0,0.03769002142052373,0.02876113477248292,0.0081,0.0,0.03323706804371475,0.004471509733402451,0.0101166666666666,0.0951,0.0,0.0,,,,0.0006569273613363652,0.016,0.2480187989085851,2.431559154782894,1.0722942322980797,39.42377075057867,551.93335,321.40274,1.0,2024-08-15 07:15:00
2024-08-15 01:30:00,39.92088888888888,1.0,0.0563324126984126,0.46037030921210614,0.0042987815023901406,0.06542104984508543,0.7226339238095238,0.0003906619700416013,0.0,0.0,0.0,0.0,0.0,0.0,0.0,0.0,0.0,0.0,0.0,0.0,0.0,0.0,0.0,0.0,0.0,0.04,1308.8724444444445,2.396266666666667,0.04875555555555556,2.396266666666667,40.73434,-111.87211,295.75488888888884,30.476444444444443,876.804,106.67462222222223,3.225333333333333,434653.77777777775,1958.2431111111111,110.01511111111112,11702372.612444444,0.0007787536507936,0.0001110247619047,0.0004166336507936,0.0001585044444444,0.0001413546031746,0.0008566057142857,0.0024211873015873,0.04672612,1.2024204444444444,2.012713777777778,5.660568,0.1638668888888888,0.7256830222222223,1.483414488888889,0.0046972444444444,0.15933296734375357,1.9169657333333332,0.0084400444444444,0.0692392,0.36354658606603674,0.08359910808822289,0.058109414181374025,0.0103839111111111,0.0342108,0.09403716888828728,0.018133417246412695,0.0019971347273789472,0.0462536888888888,0.0588057777777777,0.0444796888888888,0.0032376,0.0022536444444444,2.1704999999999997,0.101,0.01865670099602429,0.003,0.0,0.071,0.4345,0.1985,0.065,0.0075,0.003,0.004,1.3778724786347034,0.08,0.055999999999999994,0.0055,0.11099999999999999,0.001,0.094,0.005,0.006,0.2415,0.027,0.03,0.0195,0.02,0.0024000000000000002,0.0015,0.0455,0.057999999999999996,0.0005242169334741853,0.006,0.0125,0.099,0.005,0.013203297916482625,0.019,0.0045000000000000005,0.004362375529892896,0.044,0.001,0.005005667482108204,0.004,0.002642791160222714,0.002,0.0017000000000000001,0.002,0.003,0.0011550499807588778,0.0045000000000000005,0.003,0.009000000000000001,0.002,0.001,0.012,0.0095,0.002,0.0050518438095238,0.0163673758730158,0.0372596346031746,0.0075143844444444,0.0015126355555555,0.1913082082539682,27000.0,27059.0,871.1484444444445,29.782737777777776,188.5859688888889,23.767466666666667,1.2216177777777777,0.14911555555555556,0.004973333333333333,28.068102533333334,23.957620560000002,20.21790565777778,17.62634321333333,15.129468306666666,12.646770084444444,10.481268524444443,8.991699231111111,7.529841373333334,6.567831782222223,5.7728057377777775,5.485538053333333,5.007845604444444,4.528218084444445,3.5084422755555553,9.381318226666668,2.5252443244444445,0.5899143911111112,0.28354417333333337,0.05894819111111111,0.03999903111111111,0.024928457777777777,0.018370102222222223,0.01906184,0.014311266666666666,0.01253248,0.01207132,0.009733084444444444,0.009683617777777776,0.011942577777777777,0.014888155555555555,0.010032342222222221,0.008978653333333333,0.006830986666666666,0.006141484444444444,0.007720933333333334,1.4830013333333334,11570024.888888888,1911.2779555555555,0.23698247581730883,0.06465038572643933,0.0,0.0003475741113969366,1.1297033485682,0.0282444444444444,0.01594222644893732,0.0516,0.0103839111111111,0.04713920553051415,0.0,0.0,0.0076444444444444,0.009000000000000001,0.0975714285714285,0.0315888888888888,0.0,1.6419361309600002,0.03372518006133307,0.0,0.025562282611564575,0.0,0.006,0.11249056574547059,0.041869509759082324,0.05206578231037317,0.05932274133053633,0.027714399654381563,0.007020217552671515,0.004237301946558632,0.09630557247335694,0.001581045027311591,0.5066467431602044,0.030001574043278117,0.00047990489659703703,0.2918770047222036,0.2469045676290212,0.0,0.0,0.37115141360045445,0.0011048314819433831,0.003843136753150575,0.14233771827399994,0.0,0.03762702789247589,0.028709915115432267,0.0081,0.0,0.03316936890565546,0.004421894284306802,0.0101166666666666,0.0951,0.0,0.0,,,,0.0005573728214613516,0.02,0.2489417606246149,2.4900506807378466,1.132421073494156,38.02939664479911,561.43335,320.97086,1.0,2024-08-15 07:30:00
2024-08-15 01:45:00,39.20088888888889,1.0,0.0590196288888888,0.4527540927280365,0.004256703691341442,0.06420585135187724,0.7179044082539682,0.0005847427386261992,0.0,0.0,0.0,0.0,0.0,0.0,0.0,0.0,0.0,0.0,0.0,0.0,0.0,0.0,0.0,0.0,0.0,0.04,1308.6448888888888,1.8568,0.04817777777777778,1.8568,40.73434,-111.87211,295.4775555555555,31.074666666666666,876.8262222222222,106.3775111111111,2.8586666666666667,435342.1333333333,1959.2444444444443,109.76,11799749.514666667,0.0008015146031746,9.542507936507936e-05,0.0004212117460317,0.000157599047619,0.0001429241269841,0.0007644704761904,0.0023859057142857,0.0393694976540126,1.1862595544455543,1.9882456926221928,5.660568,0.1638668888888888,0.7256830222222223,1.483414488888889,0.0046972444444444,0.15914751312126393,1.9169657333333332,0.0084400444444444,0.0692392,0.35302282961626263,0.08360742171976634,0.058109414181374025,0.0103839111111111,0.0342108,0.09404760906887513,0.018133417246412695,0.0019971347273789472,0.0462536888888888,0.0588057777777777,0.0444796888888888,0.0032376,0.0022536444444444,2.23275,0.107,0.018327244899635886,0.003,0.0,0.071,0.43474999999999997,0.19775,0.065,0.00775,0.003,0.004,1.3864906256983502,0.087,0.058499999999999996,0.00525,0.11449999999999999,0.001,0.091,0.006,0.007,0.28625,0.0295,0.03,0.01925,0.024,0.0026,0.00125,0.05075,0.058499999999999996,0.0005242169334741853,0.006,0.01225,0.1105,0.005,0.012903847569229729,0.0215,0.00475,0.0051811877649464485,0.0485,0.001,0.004971882841672194,0.004,0.002862717708637905,0.002,0.00165,0.002,0.003,0.0006808916442186904,0.00475,0.003,0.0085,0.002,0.001,0.012499999999999999,0.00975,0.002,0.0046849574603174,0.0151987504761904,0.0349416593650793,0.0071672828571428,0.0015742336507936,0.1995833441269841,27900.0,27959.0,871.1300577777778,29.763404444444447,196.33499555555554,24.719115555555558,1.263991111111111,0.14873333333333333,0.005017777777777777,29.29922986222222,24.993784453333333,21.173982582222223,18.270290964444445,15.753781888888888,13.147245737777778,10.962559657777778,9.366801266666668,7.815008902222222,6.748128897777778,6.001606311111112,5.679099973333333,5.151824475555555,4.665440862222222,3.674352808888889,9.78107288888889,2.647063288888889,0.6026653822222222,0.29241392000000005,0.06330702222222222,0.048266431111111105,0.023943835555555557,0.022593648888888887,0.019875377777777776,0.015305679999999999,0.01631636,0.009600884444444445,0.010175955555555555,0.01355756,0.012402044444444446,0.014783991111111111,0.0109628,0.007578946666666667,0.006544857777777777,0.005356893333333334,0.00797276,1.4024190666666667,11664992.0,1911.8349333333333,0.2432384478008861,0.0663075698815298,0.0,0.0003475741113969366,1.1836741257703514,0.0282444444444444,0.01594222644893732,0.0516,0.0103839111111111,0.04713920553051415,0.0,0.0,0.0076444444444444,0.0085,0.0975714285714285,0.0315888888888888,0.0,1.7016477412622222,0.033981542123316874,0.0,0.026345153984705744,0.0,0.007,0.11431325708015216,0.04209866846306032,0.05445545426661823,0.06004701459607154,0.0278755732986307,0.007020217552671515,0.003953479495518771,0.10054298740386192,0.001581045027311591,0.5441172832568927,0.030001574043278117,0.0003210111435073878,0.29915416958420565,0.2499683587640583,0.0,0.0,0.37147212229479853,0.0011949902238934775,0.003881247462186977,0.14646602849309365,0.0,0.03756403436442806,0.02865869545838162,0.0081,0.0,0.03310166976759616,0.004372278835211152,0.0101166666666666,0.0951,0.0,0.0,,,,0.00045781828158633804,0.024,0.24459004162186618,2.4739371699894903,1.1140875398022518,37.364431660588664,570.93335,320.53897,1.0,2024-08-15 07:45:00
2024-08-15 02:00:00,38.38711111111111,1.0,0.0605670082539682,0.4451378762439669,0.004214625880292744,0.06299065285866906,0.7037260898412698,0.0007788235072107972,0.0,0.0,0.0,0.0,0.0,0.0,0.0,0.0,0.0,0.0,0.0,0.0,0.0,0.0,0.0,0.0,0.0,0.04,1309.0800000000002,1.5289777777777778,0.04937777777777778,1.5289777777777778,40.73434,-111.87211,295.2366666666666,31.537777777777777,876.8248888888888,109.11884444444443,2.465777777777778,436181.2888888889,1960.5937777777776,109.37288888888888,11847543.54,0.0007136161904761,7.622571428571429e-05,0.0004034676190476,0.000144926031746,0.0001343787301587,0.0008057796825396,0.0021404133333333,0.0321851571970622,1.1804419638139636,1.9624793930698927,5.660568,0.1638668888888888,0.7256830222222223,1.483414488888889,0.0046972444444444,0.1589620588987743,1.9169657333333332,0.0084400444444444,0.0692392,0.34249907316648853,0.08361573535130978,0.058109414181374025,0.0103839111111111,0.0342108,0.094058049249463,0.018133417246412695,0.0019971347273789472,0.0462536888888888,0.0588057777777777,0.0444796888888888,0.0032376,0.0022536444444444,2.295,0.113,0.016,0.003,0.0,0.071,0.435,0.197,0.065,0.008,0.003,0.004,0.938,0.094,0.061,0.005,0.118,0.001,0.088,0.007,0.008,0.331,0.032,0.03,0.019,0.028,0.0028,0.001,0.056,0.059,0.0005242169334741853,0.006,0.012,0.122,0.005,0.012604397221976833,0.024,0.005,0.006,0.053,0.001,0.004938098201236184,0.004,0.003082644257053097,0.002,0.0016,0.002,0.003,0.0002067333076785035,0.005,0.003,0.008,0.002,0.001,0.013,0.01,0.002,0.0041725396825396,0.0135715996825396,0.0330769412698412,0.006479193015873,0.0016946739682539,0.1907689552380952,28800.0,28859.0,871.1668444444445,29.63839111111111,196.38398666666666,24.853471111111112,1.3243866666666666,0.15403555555555556,0.0052,29.48980316,25.075451475555557,21.0568158,18.293902835555556,15.824813404444445,13.138880653333333,11.042584244444445,9.332606764444444,7.8042348355555555,6.756330244444444,5.959419177777778,5.546030448888889,5.217988515555556,4.660055426666667,3.649040466666667,9.685141391111111,2.6106662666666667,0.6309868488888889,0.2808536888888889,0.06306696444444444,0.04983749333333333,0.02526573777777778,0.02319988,0.018742671111111112,0.017937768888888886,0.01621496,0.010162786666666668,0.01242295111111111,0.013912835555555557,0.014515666666666666,0.01610687111111111,0.013822644444444445,0.009648964444444444,0.007315671111111111,0.005274399999999999,0.010935204444444445,1.2887412355555556,11711487.111111112,1912.934355555556,0.24949441978446335,0.06796475403662028,0.0,0.0003475741113969366,1.2376449029725025,0.0282444444444444,0.01594222644893732,0.0516,0.0103839111111111,0.04713920553051415,0.0,0.0,0.0076444444444444,0.008,0.0975714285714285,0.0315888888888888,0.0,1.600222548196694,0.03423790418530068,0.0,0.027128025357846912,0.0,0.008,0.11613594841483374,0.04232782716703831,0.056845126222863286,0.06077128786160676,0.028036746942879838,0.007020217552671515,0.0036696570444789112,0.10478040233436689,0.001581045027311591,0.581587823353581,0.030001574043278117,0.00016211739041773875,0.3064313344462077,0.2530321498990954,0.0,0.0,0.3717928309891426,0.001285148965843572,0.003919358171223379,0.15059433871218733,0.0,0.03750104083638022,0.028607475801330967,0.0081,0.0,0.03303397062953687,0.004322663386115503,0.0101166666666666,0.0951,0.0,0.0,,,,0.00035826374171132446,0.028,0.24034023384074765,2.4681366349213034,1.0947812754193214,32.0,580.43335,320.10709,1.0,2024-08-15 08:00:00
2024-08-15 02:15:00,37.676,1.0,0.0634953603174603,0.43752165975989726,0.004172548069244045,0.061775454365460884,0.696366613968254,0.0009729042757953952,0.0,0.0,0.0,0.0,0.0,0.0,0.0,0.0,0.0,0.0,0.0,0.0,0.0,0.0,0.0,0.0,0.0,0.04,1309.540888888889,2.433022222222222,0.05,2.433022222222222,40.73434128888889,-111.87211,295.14244444444444,31.912444444444443,876.811111111111,108.66635555555555,1.8853333333333333,436534.1777777778,1962.388,109.13333333333334,11941668.702666668,0.0006346358730158,7.162984126984128e-05,0.0003869876190476,0.0001335342857142,0.0001235161904761,0.0008463095238095,0.002090665079365,0.0392162222222222,1.1825542222222225,1.9460253333333333,5.660568,0.1638668888888888,0.7256830222222223,1.483414488888889,0.0046972444444444,0.15877660467628468,1.9169657333333332,0.0084400444444444,0.0692392,0.31180478352131413,0.08362404898285324,0.06142599860613841,0.0103839111111111,0.0342108,0.09406848943005085,0.01874119883740301,0.0019971347273789472,0.0462536888888888,0.0588057777777777,0.0444796888888888,0.0032376,0.0022536444444444,2.16275,0.10625,0.017517953791782864,0.003,0.0,0.071,0.43574999999999997,0.199,0.06525,0.00775,0.00425,0.00425,1.4320453588564597,0.097,0.06425,0.00475,0.1055,0.001,0.07925,0.009250000000000001,0.00975,0.40375,0.03025,0.0325,0.01825,0.025,0.003,0.00125,0.0695,0.069,0.0005242169334741853,0.00625,0.013250000000000001,0.15175,0.0055,0.015953297916482624,0.0305,0.006,0.00775,0.06625,0.001,0.004904313560800174,0.00425,0.0033025708054682888,0.002,0.00155,0.0022500000000000003,0.003,0.0002950391568528289,0.005,0.003,0.0085,0.002,0.001,0.01575,0.01225,0.0022500000000000003,0.003655539047619,0.0116892987301587,0.0301861752380952,0.0055868053968253,0.0017852247619047,0.1783582771428571,29700.0,29759.0,871.1424977777777,29.466644444444444,195.39163555555558,24.556577777777775,1.2710088888888889,0.15020444444444445,0.005048888888888889,29.35659062222222,24.910893213333335,21.088255324444443,18.307602164444447,15.633234782222221,13.198502991111111,10.985736937777778,9.314137244444446,7.8133433777777785,6.792297933333333,5.895987320000001,5.547758573333334,5.094994111111111,4.584357582222222,3.6242060222222223,9.497642044444444,2.5668819066666666,0.5851194799999999,0.2771230088888889,0.057233742222222224,0.046318471111111106,0.028031875555555554,0.02275149777777778,0.018690066666666668,0.018831115555555555,0.01626824888888889,0.014427248888888888,0.01073680888888889,0.013047453333333335,0.015319866666666666,0.015353217777777779,0.011130155555555556,0.008095337777777777,0.005727648888888889,0.008404293333333333,0.00654612,1.2651407644444446,11800167.11111111,1914.779066666667,0.25217555063456787,0.07011909343823788,0.0,0.0003475741113969366,1.3809971483012935,0.0282444444444444,0.01594222644893732,0.0516,0.0103839111111111,0.04713920553051415,0.0,0.0,0.0076444444444444,0.0085,0.0975714285714285,0.0315888888888888,0.0,1.4604568498800268,0.03526335243323589,0.0,0.02791089673098808,0.0,0.00975,0.11486006448055663,0.044390255502840245,0.06305827330910044,0.06475479082205043,0.028036746942879838,0.008017932987992225,0.004663035623118423,0.1156766121556654,0.001581045027311591,0.6425036175889792,0.030001574043278117,0.001592161168224581,0.32525704354573465,0.2620533126855935,0.0,0.0,0.378207004876024,0.0013753077077936667,0.0039574688802597804,0.13585037364399558,0.0,0.03743804730833238,0.02855625614428032,0.0081,0.0,0.03296627149147757,0.004273047937019854,0.0101166666666666,0.0951,0.0,0.0,,,,0.0003803869727946609,0.025,0.24449937343505343,2.4702427007733156,1.0824525191382048,35.95610149958494,589.93335,319.6752,1.0,2024-08-15 08:15:00
2024-08-15 02:30:00,36.88977777777778,1.0,0.0658710453968254,0.42990544327582764,0.004130470258195347,0.06056025587225271,0.6742904825396826,0.0011669850443799931,0.0,0.0,0.0,0.0,0.0,0.0,0.0,0.0,0.0,0.0,0.0,0.0,0.0,0.0,0.0,0.0,0.0,0.04,1309.559111111111,2.5086222222222223,0.04688888888888889,2.5086222222222223,40.73434004444445,-111.87211,294.9464444444444,32.60355555555556,876.8008888888888,108.44973333333334,2.1693333333333333,436756.1333333333,1964.6657777777775,109.44311111111112,12141419.272888888,0.0006746253968253,8.236063492063493e-05,0.0003629285714285,0.0001496466666666,7.886761904761904e-05,0.0008582596825396,0.0023006977777777,0.04394292,1.2255662222222226,1.9748871111111117,5.660568,0.1638668888888888,0.7256830222222223,1.483414488888889,0.0046972444444444,0.15859115045379504,1.9169657333333332,0.0084400444444444,0.0692392,0.2811104938761397,0.08363236261439667,0.0647425830309028,0.0103839111111111,0.0342108,0.09407892961063871,0.019348980428393326,0.0019971347273789472,0.0462536888888888,0.0588057777777777,0.0444796888888888,0.0032376,0.0022536444444444,2.0305,0.0995,0.01791800762311163,0.003,0.0,0.071,0.4365,0.201,0.0655,0.0075,0.0055,0.0045000000000000005,1.4547522370797736,0.1,0.0675,0.0045000000000000005,0.093,0.001,0.0705,0.0115,0.0115,0.47650000000000003,0.0285,0.035,0.0175,0.022,0.0032,0.0015,0.083,0.079,0.0005242169334741853,0.006500000000000001,0.0145,0.1815,0.006,0.019302198610988416,0.037000000000000005,0.006999999999999999,0.0095,0.0795,0.001,0.004870528920364164,0.0045000000000000005,0.0035224973538834805,0.002,0.0015,0.0025,0.003,0.00038334500602715425,0.005,0.003,0.009000000000000001,0.002,0.001,0.0185,0.014499999999999999,0.0025,0.0032317488888888,0.009689772063492,0.028831566031746,0.0048935888888888,0.0018037136507936,0.1766372276190476,30600.0,30659.0,871.1337288888889,29.729591111111112,195.15439111111112,24.286115555555558,1.2395422222222223,0.1483377777777778,0.005,29.467814475555556,24.980552293333332,21.014641937777775,18.383707457777778,15.728679422222223,13.210980444444443,11.03444092888889,9.345624964444445,7.815556733333334,6.722136,6.016721355555556,5.539942942222223,5.049147613333333,4.496616706666667,3.49580528,9.261252782222222,2.4669338488888886,0.5542311333333333,0.2753836088888889,0.060098662222222224,0.040744866666666664,0.023906364444444446,0.01743236888888889,0.020994679999999998,0.016087884444444443,0.01114607111111111,0.01339755111111111,0.011950986666666667,0.013323368888888888,0.012711737777777779,0.015348266666666667,0.013315568888888888,0.0058941777777777775,0.00410328,0.006582608888888888,0.0072238488888888884,1.2173666533333332,11994549.777777778,1916.2465777777777,0.25485668148467244,0.07227343283985549,0.0,0.0003475741113969366,1.5243493936300845,0.0282444444444444,0.01594222644893732,0.0516,0.0103839111111111,0.04713920553051415,0.0,0.0,0.0076444444444444,0.009000000000000001,0.0975714285714285,0.0315888888888888,0.0,1.3997664601688888,0.036288800681171095,0.0,0.02869376810412925,0.0,0.0115,0.11358418054627953,0.046452683838642185,0.06927142039533758,0.06873829378249412,0.028036746942879838,0.009015648423312933,0.0056564142017579335,0.1265728219769639,0.001581045027311591,0.7034194118243775,0.030001574043278117,0.0030222049460314235,0.34408275264526167,0.2710744754720916,0.0,0.0,0.38462117876290536,0.0014654664497437612,0.003995579589296182,0.12110640857580379,0.0,0.037375053780284544,0.028505036487229667,0.0081,0.0,0.03289857235341828,0.004223432487924205,0.0101166666666666,0.0951,0.0,0.0,,,,0.00040251020387799724,0.022,0.24729539307184029,2.5131286015099645,1.1040781744329498,35.22997615571563,599.43335,319.24332,1.0,2024-08-15 08:30:00
2024-08-15 02:45:00,36.961777777777776,1.0,0.0634745758730158,0.422289226791758,0.004088392447146648,0.059345057379044525,0.6590199679365081,0.001361065812964591,0.0,0.0,0.0,0.0,0.0,0.0,0.0,0.0,0.0,0.0,0.0,0.0,0.0,0.0,0.0,0.0,0.0,0.04,1309.3377777777778,2.1097333333333332,0.048799999999999996,2.1097333333333332,40.73434,-111.87211,294.8073333333333,33.004888888888885,876.7520000000001,107.79915555555554,2.3617777777777778,436251.6,1965.6106666666667,109.67066666666666,12206037.734222222,0.0007116447619047,8.961714285714287e-05,0.0003459565079365,0.0001804307936507,4.957428571428571e-05,0.0008298736507936,0.0028871609523809,0.0335839999999999,1.2358644444444444,1.9657382222222224,5.660568,0.1638668888888888,0.7256830222222223,1.483414488888889,0.0046972444444444,0.1584056962313054,1.9169657333333332,0.0084400444444444,0.0692392,0.2504162042309652,0.08364067624594013,0.06805916745566717,0.0103839111111111,0.0342108,0.09408936979122656,0.019956762019383643,0.0019971347273789472,0.0462536888888888,0.0588057777777777,0.0444796888888888,0.0032376,0.0022536444444444,1.89825,0.09275,0.018211877869367454,0.003,0.0,0.071,0.43725,0.20299999999999999,0.06575,0.00725,0.00675,0.00475,1.469803048333766,0.103,0.07075,0.00425,0.0805,0.001,0.06175,0.013750000000000002,0.01325,0.54925,0.026750000000000003,0.0375,0.01675,0.019,0.0034000000000000002,0.00175,0.0965,0.089,0.0005242169334741853,0.00675,0.01575,0.21125,0.006500000000000001,0.022651099305494207,0.043500000000000004,0.008,0.01125,0.09275,0.001,0.004836744279928154,0.00475,0.0037424239022986723,0.002,0.00145,0.00275,0.003,0.0004716508552014796,0.005,0.003,0.0095,0.002,0.001,0.021249999999999998,0.01675,0.00275,0.0030452473015873,0.0083117612698412,0.0259989476190476,0.00482718,0.0017394476190476,0.1710370231746031,31500.0,31559.0,871.1142577777778,29.822186666666667,193.03256888888887,24.13097777777778,1.2668577777777776,0.15193777777777778,0.005,29.246778573333334,24.71084444,20.799442386666666,18.09225285777778,15.594069746666667,13.116729911111111,10.89292416888889,9.231875737777779,7.739965022222222,6.699349204444444,5.8613762933333335,5.437870942222222,5.083252613333333,4.436274351111111,3.4091512533333335,9.111327226666667,2.4134354533333333,0.5756416711111111,0.2778478577777778,0.053800546666666664,0.04352129777777778,0.024511937777777777,0.020904293333333334,0.020861719999999997,0.014435871111111111,0.012146408888888889,0.015962622222222222,0.009465453333333334,0.014849071111111112,0.013175333333333334,0.014573168888888887,0.014369999999999999,0.00844003111111111,0.005625191111111111,0.00733872888888889,0.00818384888888889,1.1697086133333334,12061999.11111111,1917.2192888888887,0.25753781233477696,0.07442777224147311,0.0,0.0003475741113969366,1.6677016389588755,0.0282444444444444,0.01594222644893732,0.0516,0.0103839111111111,0.04713920553051415,0.0,0.0,0.0076444444444444,0.0095,0.0975714285714285,0.0315888888888888,0.0,1.3526158396266663,0.0373142489291063,0.0,0.029476639477270417,0.0,0.01325,0.11230829661200242,0.048515112174444125,0.07548456748157473,0.07272179674293779,0.028036746942879838,0.01001336385863364,0.0066497927803974444,0.13746903179826242,0.001581045027311591,0.7643352060597757,0.030001574043278117,0.004452248723838266,0.36290846174478864,0.28009563825858974,0.0,0.0,0.3910353526497868,0.0015556251916938558,0.004033690298332585,0.10636244350761204,0.0,0.03731206025223671,0.02845381683017902,0.0081,0.0,0.032830873215358984,0.004173817038828556,0.0101166666666666,0.0951,0.0,0.0,,,,0.00042463343496133366,0.019,0.24116770200767385,2.523396632198753,1.0972230624934016,35.29647265413668,608.93335,318.81143,1.0,2024-08-15 08:45:00
2024-08-15 03:00:00,37.25377777777778,1.0,0.0630955822222222,0.4146730103076884,0.00404631463609795,0.05812985888583635,0.6508594799999999,0.001555146581549189,0.0,0.0,0.0,0.0,0.0,0.0,0.0,0.0,0.0,0.0,0.0,0.0,0.0,0.0,0.0,0.0,0.0,0.04,1310.2417777777778,1.4814222222222222,0.05293333333333334,1.4814222222222222,40.73433697777777,-111.87211,294.7571111111111,33.21066666666666,876.6155555555556,107.39284444444444,2.402222222222222,435487.6,1966.0004444444448,110.00133333333332,12233202.725333331,0.0006705866666666,6.115555555555556e-05,0.0003562577777777,0.0002168755555555,3.82311111111111e-05,0.0008839733333333,0.0033748977777777,0.0418415955555555,1.2395035555555556,1.989119555555556,5.660568,0.1638668888888888,0.7256830222222223,1.483414488888889,0.0046972444444444,0.15822024200881576,1.9169657333333332,0.0084400444444444,0.0692392,0.21972191458579082,0.08364898987748356,0.07137575188043156,0.0103839111111111,0.0342108,0.09409980997181441,0.020564543610373957,0.0019971347273789472,0.0462536888888888,0.0588057777777777,0.0444796888888888,0.0032376,0.0022536444444444,1.766,0.086,0.02,0.003,0.0,0.071,0.438,0.205,0.066,0.007,0.008,0.005,1.525,0.106,0.074,0.004,0.068,0.001,0.053,0.016,0.015,0.622,0.025,0.04,0.016,0.016,0.0036,0.002,0.11,0.099,0.0005242169334741853,0.007,0.017,0.241,0.007,0.026,0.05,0.009,0.013,0.106,0.001,0.004802959639492144,0.005,0.003962350450713864,0.002,0.0014,0.003,0.003,0.000559956704375805,0.005,0.003,0.01,0.002,0.001,0.024,0.019,0.003,0.0029627066666666,0.0077911244444444,0.0244209777777777,0.0050595777777777,0.0016544222222222,0.1680614444444444,32400.0,32459.0,870.9864977777778,29.830840000000002,188.83451555555556,23.625835555555557,1.2210711111111112,0.14984888888888886,0.005,28.494187,24.216031737777776,20.42867697333333,17.663573773333333,15.25257356,12.750741724444445,10.642013208888889,9.06379215111111,7.5590333422222225,6.567066186666667,5.709233626666667,5.338505377777778,4.944793484444444,4.403107773333334,3.3584415866666664,8.946216284444443,2.348751342222222,0.5623354755555555,0.27153178222222224,0.057288835555555556,0.04690570666666667,0.02659424888888889,0.028097675555555555,0.018434973333333333,0.015509951111111111,0.012820875555555555,0.017166986666666665,0.012046688888888888,0.010900075555555555,0.0154074,0.014919271111111111,0.0095972,0.008088151111111112,0.006910004444444445,0.004002377777777778,0.009195462222222223,1.1461370977777778,12084183.11111111,1918.1226222222224,0.2602189431848815,0.07658211164309071,0.0,0.0003475741113969366,1.8110538842876664,0.0282444444444444,0.01594222644893732,0.0516,0.0103839111111111,0.04713920553051415,0.0,0.0,0.0076444444444444,0.01,0.0975714285714285,0.0315888888888888,0.0,1.2691848751212231,0.03833969717704151,0.0,0.030259510850411585,0.0,0.015,0.11103241267772532,0.05057754051024606,0.08169771456781189,0.07670529970338147,0.028036746942879838,0.01101107929395435,0.007643171359036955,0.1483652416195609,0.001581045027311591,0.825251000295174,0.030001574043278117,0.005882292501645108,0.3817341708443156,0.28911680104508786,0.0,0.0,0.39744952653666815,0.0016457839336439502,0.004071801007368986,0.09161847843942027,0.0,0.03724906672418887,0.028402597173128367,0.0081,0.0,0.032763174077299693,0.004124201589732907,0.0101166666666666,0.0951,0.0,0.0,,,,0.0004467566660446701,0.016,0.24605238057428871,2.5270250744446554,1.114742310922634,37.0,618.43335,318.27155,1.0,2024-08-15 09:00:00
2024-08-15 03:15:00,37.24444444444444,1.0,0.0631297066666666,0.40705679382361876,0.004004236825049252,0.05691466039262817,0.6321964755555556,0.001749227350133787,0.0,0.0,0.0,0.0,0.0,0.0,0.0,0.0,0.0,0.0,0.0,0.0,0.0,0.0,0.0,0.0,0.0,0.04,1309.5933333333335,1.8629777777777778,0.05377777777777778,1.8629777777777778,40.73433804444445,-111.87211,294.72555555555556,33.465333333333334,876.5884444444445,107.88288888888889,2.3737777777777778,434622.5777777778,1966.4302222222225,108.39644444444444,12335980.404888889,0.0005873555555555,4.769333333333334e-05,0.0003545111111111,0.0002408488888888,2.619555555555555e-05,0.0009261244444444,0.00338344,0.0316004577777777,1.1682715555555556,1.8674151111111112,5.660568,0.1638668888888888,0.7256830222222223,1.483414488888889,0.0046972444444444,0.15803478778632615,1.9169657333333332,0.0084400444444444,0.0692392,0.20919815813601675,0.08365730350902702,0.07038077655300225,0.0103839111111111,0.0342108,0.09411025015240228,0.019956762019383643,0.0019971347273789472,0.0462536888888888,0.0588057777777777,0.0444796888888888,0.0032376,0.0022536444444444,1.8482500000000002,0.0925,0.01656631928339966,0.003,0.0,0.071,0.4375,0.20475,0.06575,0.007,0.008,0.00475,1.4779975775717524,0.11,0.075,0.00425,0.059000000000000004,0.001,0.05,0.017,0.01525,0.6425,0.026750000000000003,0.03925,0.0155,0.01425,0.0038000000000000004,0.002,0.11425,0.0995,0.0005242169334741853,0.0075,0.01675,0.24775,0.00725,0.02625,0.051000000000000004,0.00925,0.013,0.1085,0.001,0.004769174999056134,0.005,0.004182276999129056,0.002,0.00135,0.003,0.00275,0.0006776978366082387,0.005,0.003,0.0095,0.002,0.001,0.024,0.01875,0.00275,0.0026662266666666,0.0069219333333333,0.0227189866666666,0.0049392933333333,0.0015921955555555,0.1659707022222222,33300.0,33359.0,870.9490666666667,29.97753777777778,184.54941777777776,23.069755555555556,1.1921777777777778,0.14994222222222223,0.004942222222222222,27.877160222222223,23.709940977777777,19.88706493777778,17.273038875555553,14.924487666666666,12.415313693333333,10.426648657777777,8.806908786666666,7.362293537777777,6.468358728888889,5.648879857777778,5.228054364444445,4.827862235555556,4.290946315555556,3.2940525688888886,8.726050457777777,2.2626995466666666,0.5363686755555556,0.2701252933333334,0.06021381333333333,0.05104792444444444,0.02775257777777778,0.02193944,0.02096938222222222,0.017815577777777775,0.01280251111111111,0.013220604444444445,0.012054515555555556,0.009253195555555557,0.01247476,0.014813777777777778,0.010356724444444444,0.01105312,0.0048946933333333335,0.0035595288888888893,0.008906782222222222,1.049160991111111,12190332.0,1917.7488888888888,0.2637937843183542,0.0772449853051269,0.0,0.0003475741113969366,1.8586751582895646,0.0282444444444444,0.01594222644893732,0.0516,0.0103839111111111,0.04713920553051415,0.0,0.0,0.0076444444444444,0.0095,0.0975714285714285,0.0315888888888888,0.0,1.1937128513929094,0.03833969717704151,0.0,0.030473021224904633,0.0,0.01525,0.11230829661200242,0.050348381806268064,0.08265358335030991,0.07670529970338147,0.028036746942879838,0.01101107929395435,0.007643171359036955,0.15179552989663636,0.001581045027311591,0.8424162756467295,0.030001574043278117,0.006517867514003705,0.3860055502198385,0.29081890723121956,0.0,0.0,0.39777023523101224,0.0017359426755940446,0.004109911716405389,0.08100282359032218,0.0,0.037186073196141034,0.02835137751607772,0.0081,0.0,0.032695474939240396,0.004074586140637257,0.0101166666666666,0.0951,0.0,0.0,,,,0.0004688798971280065,0.01425,0.23999436212759873,2.4560019069269163,1.0235511728140034,35.557532981271144,627.93335,317.73169,1.0,2024-08-15 09:15:00
2024-08-15 03:30:00,36.93155555555556,1.0,0.0614646933333333,0.39944057733954913,0.003962159014000553,0.05569946189941999,0.6187772044444445,0.001943308118718385,0.0,0.0,0.0,0.0,0.0,0.0,0.0,0.0,0.0,0.0,0.0,0.0,0.0,0.0,0.0,0.0,0.0,0.04,1308.4977777777779,1.8122222222222222,0.05017777777777778,1.8122222222222222,40.73434653333333,-111.87211,294.6073333333333,33.74311111111111,876.5902222222223,108.33337777777778,2.32,434435.3333333333,1966.7915555555555,108.09466666666664,12396133.198666666,0.0005598844444444,1.4475555555555557e-05,0.00038676,0.0002624311111111,3.612888888888888e-05,0.0009367822222222,0.0032228488888888,0.0296300444444444,1.1606564444444445,1.8454768888888888,5.660568,0.1638668888888888,0.7256830222222223,1.483414488888889,0.0046972444444444,0.1578493335638365,1.9169657333333332,0.0084400444444444,0.0692392,0.19867440168624267,0.08366561714057046,0.06938580122557292,0.0103839111111111,0.0342108,0.09412069033299013,0.019348980428393326,0.0019971347273789472,0.0462536888888888,0.0588057777777777,0.0444796888888888,0.0032376,0.0022536444444444,1.9305,0.099,0.016176596827915807,0.003,0.0,0.071,0.437,0.2045,0.0655,0.007,0.008,0.0045000000000000005,1.4830885560837395,0.11399999999999999,0.076,0.0045000000000000005,0.05,0.001,0.047,0.018000000000000002,0.0155,0.663,0.0285,0.0385,0.015,0.0125,0.004,0.002,0.1185,0.1,0.0005242169334741853,0.008,0.0165,0.2545,0.0075,0.0265,0.052000000000000005,0.0095,0.013,0.111,0.001,0.004735390358620125,0.005,0.004402203547544247,0.002,0.0013,0.003,0.0025,0.0007954389688406725,0.005,0.003,0.009000000000000001,0.002,0.001,0.024,0.0185,0.0025,0.0025016844444444,0.0062893911111111,0.0217318266666666,0.0046564577777777,0.00150552,0.1657620088888889,34200.0,34259.0,870.9614977777778,29.969515555555557,182.3404933333333,22.856182222222223,1.2084088888888889,0.15290222222222222,0.004933333333333334,27.394539755555556,23.498463133333335,19.71561356888889,17.097651391111114,14.709445426666667,12.359160995555555,10.204736702222222,8.726697351111111,7.228967595555556,6.3814282222222225,5.6401314311111115,5.194306831111111,4.764170448888889,4.277964133333333,3.293334137777778,8.560877071111111,2.2033593244444445,0.5233381155555555,0.2551479288888889,0.05824983555555555,0.04184616888888889,0.02306692888888889,0.023348888888888884,0.020709715555555556,0.015192506666666666,0.013291946666666667,0.015721377777777778,0.012461004444444444,0.01293773777777778,0.014015835555555555,0.019241786666666667,0.012355013333333333,0.011332164444444444,0.004482657777777777,0.00595080888888889,0.006969533333333333,1.0028381822222223,12246628.888888888,1918.0779111111112,0.26736862545182694,0.0779078589671631,0.0,0.0003475741113969366,1.9062964322914628,0.0282444444444444,0.01594222644893732,0.0516,0.0103839111111111,0.04713920553051415,0.0,0.0,0.0076444444444444,0.009000000000000001,0.0975714285714285,0.0315888888888888,0.0,1.1462437479911112,0.03833969717704151,0.0,0.030686531599397677,0.0,0.0155,0.11358418054627953,0.05011922310229007,0.08360945213280793,0.07670529970338147,0.028036746942879838,0.01101107929395435,0.007643171359036955,0.15522581817371184,0.001581045027311591,0.8595815509982849,0.030001574043278117,0.007153442526362302,0.3902769295953615,0.29252101341735126,0.0,0.0,0.39809094392535627,0.0018261014175441391,0.004148022425441791,0.07038716874122411,0.0,0.037123079668093195,0.028300157859027068,0.0081,0.0,0.032627775801181105,0.004024970691541608,0.0101166666666666,0.0951,0.0,0.0,,,,0.0004910031282113429,0.0125,0.23882878847944033,2.4484091212110775,1.0071132238002538,35.268560543688345,637.43335,317.2998,1.0,2024-08-15 09:30:00
2024-08-15 03:45:00,36.58222222222222,1.0,0.0608992133333333,0.3918243608554795,0.003920081202951855,0.05448426340621181,0.6068779377777778,0.002137388887302983,0.0,0.0,0.0,0.0,0.0,0.0,0.0,0.0,0.0,0.0,0.0,0.0,0.0,0.0,0.0,0.0,0.0,0.04,1308.713777777778,1.7023555555555556,0.048266666666666666,1.7023555555555556,40.734342444444444,-111.87211,294.39311111111107,34.26844444444444,876.5848888888888,109.01675555555556,2.3364444444444445,434466.6666666666,1967.0053333333333,108.18933333333334,12480854.574666668,0.0005328488888888,1.783e-05,0.0003837422222222,0.0002831288888888,5.369777777777777e-05,0.0009060577777777,0.0029752311111111,0.0300399644444444,1.1644720000000002,1.8376511111111111,5.660568,0.1638668888888888,0.7256830222222223,1.483414488888889,0.0046972444444444,0.15766387934134687,1.9169657333333332,0.0084400444444444,0.0692392,0.1881506452364686,0.08367393077211391,0.0683908258981436,0.0103839111111111,0.0342108,0.09413113051357798,0.01874119883740301,0.0019971347273789472,0.0462536888888888,0.0588057777777777,0.0444796888888888,0.0032376,0.0022536444444444,2.01275,0.1055,0.016298851442080875,0.003,0.0,0.071,0.4365,0.20425,0.06525,0.007,0.008,0.00425,1.488728312233512,0.118,0.077,0.00475,0.041,0.001,0.044,0.019,0.01575,0.6835,0.03025,0.03775,0.0145,0.01075,0.004200000000000001,0.002,0.12275,0.1005,0.0005242169334741853,0.008499999999999999,0.01625,0.26125,0.00775,0.02675,0.053,0.00975,0.013,0.1135,0.001,0.004701605718184115,0.005,0.004622130095959439,0.002,0.00125,0.003,0.0022500000000000003,0.0009131801010731062,0.005,0.003,0.0085,0.002,0.001,0.024,0.01825,0.0022500000000000003,0.00237308,0.0056536177777777,0.0203855733333333,0.0043766044444444,0.0013938311111111,0.1610381777777778,35100.0,35159.0,870.9607955555555,29.93990666666667,180.09688,22.480373333333333,1.1712622222222222,0.15065777777777775,0.004724444444444445,27.026981755555553,23.145961573333334,19.502023617777777,16.920336266666666,14.575691453333333,12.23749023111111,10.171623542222221,8.626239555555555,7.244912262222223,6.362095137777778,5.526576764444445,5.097383404444444,4.703708262222222,4.2814196933333335,3.2083296755555555,8.258580608888888,2.1500765777777775,0.49853810666666665,0.24981405333333334,0.06485256888888889,0.04383830222222222,0.024752680000000003,0.022646653333333332,0.020096217777777776,0.01321615111111111,0.013415933333333333,0.012847391111111111,0.015574208888888889,0.011812773333333334,0.012340097777777777,0.014762453333333333,0.008655568888888888,0.008306506666666666,0.006444355555555556,0.007864226666666667,0.0075970222222222225,1.030838271111111,12326666.222222224,1918.4424,0.27094346658529966,0.07857073262919928,0.0,0.0003475741113969366,1.953917706293361,0.0282444444444444,0.01594222644893732,0.0516,0.0103839111111111,0.04713920553051415,0.0,0.0,0.0076444444444444,0.0085,0.0975714285714285,0.0315888888888888,0.0,1.143284202728889,0.03833969717704151,0.0,0.03090004197389072,0.0,0.01575,0.11486006448055663,0.049890064398312076,0.08456532091530596,0.07670529970338147,0.028036746942879838,0.01101107929395435,0.007643171359036955,0.1586561064507873,0.001581045027311591,0.8767468263498405,0.030001574043278117,0.007789017538720899,0.39454830897088444,0.294223119603483,0.0,0.0,0.39841165261970035,0.0019162601594942337,0.004186133134478192,0.05977151389212603,0.0,0.03706008614004536,0.028248938201976416,0.0081,0.0,0.03256007666312181,0.003975355242445959,0.0101166666666666,0.0951,0.0,0.0,,,,0.0005131263592946793,0.01075,0.2390712715878168,2.452213490615214,1.0012494972502628,34.94592938468253,646.93335,316.86792,1.0,2024-08-15 09:45:00
2024-08-15 04:00:00,36.89955555555556,1.0,0.0551133377777777,0.3842081443714099,0.0038780033919031563,0.05326906491300363,0.5966987333333333,0.002331469655887581,0.0,0.0,0.0,0.0,0.0,0.0,0.0,0.0,0.0,0.0,0.0,0.0,0.0,0.0,0.0,0.0,0.0,0.04,1309.1657777777777,1.3041777777777779,0.049155555555555557,1.3041777777777779,40.73434,-111.87211,294.3491111111111,34.41511111111111,876.5884444444445,112.08071111111111,2.439111111111111,434347.7333333333,1966.6031111111115,108.91955555555556,12430166.31111111,0.0005250488888888,2.1184444444444446e-05,0.0003546711111111,0.0002879866666666,5.005333333333333e-05,0.00104036,0.00295488,0.0303904605196655,1.1645890436230435,1.836909024031524,5.660568,0.1638668888888888,0.7256830222222223,1.483414488888889,0.0046972444444444,0.15747842511885723,1.9169657333333332,0.0084400444444444,0.0692392,0.17762688878669453,0.08368224440365735,0.06739585057071429,0.0103839111111111,0.0342108,0.09414157069416584,0.018133417246412695,0.0019971347273789472,0.0462536888888888,0.0588057777777777,0.0444796888888888,0.0032376,0.0022536444444444,2.095,0.112,0.02,0.003,0.0,0.071,0.436,0.204,0.065,0.007,0.008,0.004,1.72,0.122,0.078,0.005,0.032,0.001,0.041,0.02,0.016,0.704,0.032,0.037,0.014,0.009,0.0044,0.002,0.127,0.101,0.0005242169334741853,0.009,0.016,0.268,0.008,0.027,0.054,0.01,0.013,0.116,0.001,0.004667821077748105,0.005,0.004842056644374631,0.002,0.0012000000000000001,0.003,0.002,0.00103092123330554,0.005,0.003,0.008,0.002,0.001,0.024,0.018,0.002,0.0023825999999999,0.0053629911111111,0.02032948,0.0043125022222222,0.0013297644444444,0.1564148133333333,36000.0,36059.0,870.9610444444445,29.9482,177.28406666666666,22.06077777777778,1.1334177777777776,0.14862666666666666,0.004635555555555556,26.566092528888888,22.783397542222225,19.136949142222225,16.633966902222223,14.377015502222223,11.978921777777778,10.0698796,8.50191792888889,7.238371146666666,6.23151728,5.467155555555555,5.076033306666667,4.633012342222222,4.205721075555555,3.143073751111111,8.08557848888889,2.1116132133333334,0.5078956533333333,0.24522577333333334,0.060801520000000005,0.04586171111111111,0.023094022222222222,0.02012081333333333,0.01923846222222222,0.013673302222222222,0.013207408888888888,0.01178368,0.011713293333333335,0.01049072,0.010485013333333333,0.013500182222222221,0.008139728888888888,0.008668968888888889,0.005103186666666666,0.005581484444444445,0.009168328888888888,0.9791591511111112,12285699.111111112,1918.108711111111,0.2745183077187724,0.07923360629123546,0.0,0.0003475741113969366,2.0015389802952592,0.0282444444444444,0.01594222644893732,0.0516,0.0103839111111111,0.04713920553051415,0.0,0.0,0.0076444444444444,0.008,0.0975714285714285,0.0315888888888888,0.0,1.1727634059991334,0.03833969717704151,0.0,0.03111355234838377,0.0,0.016,0.11613594841483374,0.04966090569433408,0.08552118969780398,0.07670529970338147,0.028036746942879838,0.01101107929395435,0.007643171359036955,0.16208639472786274,0.001581045027311591,0.893912101701396,0.030001574043278117,0.008424592551079496,0.39881968834640735,0.2959252257896147,0.0,0.0,0.39873236131404444,0.0020064189014443283,0.004224243843514594,0.04915585904302795,0.0,0.036997092611997524,0.028197718544925768,0.0081,0.0,0.03249237752506251,0.00392573979335031,0.0101166666666666,0.0951,0.0,0.0,,,,0.0005352495903780157,0.009,0.23927860320811678,2.452330191098793,1.0006934636093212,37.0,656.43335,316.43604,1.0,2024-08-15 10:00:00
2024-08-15 04:15:00,37.324444444444445,1.0,0.0490852799999999,0.37659192788734025,0.003835925580854458,0.05205386641979545,0.5902664488888889,0.002525550424472179,0.0,0.0,0.0,0.0,0.0,0.0,0.0,0.0,0.0,0.0,0.0,0.0,0.0,0.0,0.0,0.0,0.0,0.04,1308.7848888888889,1.9783555555555556,0.05,1.9783555555555556,40.73434,-111.87211,294.39311111111107,34.13155555555556,876.6071111111111,117.6424,2.844,433895.2,1965.972,107.804,12298935.473333336,0.0006051422222222,2.4538888888888888e-05,0.0003194133333333,0.0003015822222222,7.62711111111111e-05,0.00109772,0.0033489066666666,0.0531827161220261,1.1818771676471675,1.8893849035594037,5.660568,0.1638668888888888,0.7256830222222223,1.483414488888889,0.0046972444444444,0.15729297089636762,1.9169657333333332,0.0084400444444444,0.0692392,0.18113480760328587,0.08369055803520078,0.0657375583583321,0.0103839111111111,0.0342108,0.0941520108747537,0.01874119883740301,0.0019971347273789472,0.0462536888888888,0.0588057777777777,0.0444796888888888,0.0032376,0.0022536444444444,2.1582500000000002,0.127,0.015801223505549966,0.003,0.0,0.07125,0.4385,0.20375,0.06475,0.00725,0.008,0.004,1.471495456562593,0.12575,0.078,0.006,0.02775,0.0009483166564348573,0.042,0.02075,0.0165,0.7142499999999999,0.03175,0.03575,0.01325,0.00775,0.0046,0.00175,0.129,0.1015,0.000643162700105639,0.008749999999999999,0.01525,0.2725,0.0075,0.027,0.0555,0.00975,0.01325,0.11875000000000001,0.001,0.004634036437312095,0.00475,0.005061983192789823,0.00175,0.00115,0.003,0.002,0.0011413035447734468,0.00525,0.003,0.0075,0.0022500000000000003,0.001,0.02425,0.018,0.0022500000000000003,0.0024651688888888,0.0052530133333333,0.0197702844444444,0.0043790977777777,0.0012814622222222,0.1544001822222222,36900.0,36959.0,870.9686088888889,29.98804888888889,175.58620000000002,21.90049777777778,1.1327377777777778,0.14928,0.004586666666666667,26.298257257777777,22.562612057777777,18.949286546666666,16.451809844444444,14.163698946666667,11.88629008888889,9.880718755555556,8.492106857777777,7.178459004444445,6.162101142222222,5.416612551111111,5.012471928888889,4.642587768888888,4.147323088888888,3.1177539866666666,8.069940213333334,2.1254706444444444,0.4965914711111111,0.23905199111111114,0.05945850666666667,0.03831612444444445,0.029151106666666666,0.022662564444444443,0.020847337777777777,0.01718423111111111,0.012158973333333333,0.01067636888888889,0.009078208888888889,0.011166657777777778,0.011761657777777778,0.012855626666666667,0.008884826666666668,0.008739284444444445,0.00547944,0.006570768888888889,0.008142648888888888,0.9925018044444444,12154874.666666666,1917.3286666666668,0.2778697212814031,0.07923360629123546,0.0,0.0003475741113969366,2.018389584942085,0.0282444444444444,0.01594222644893732,0.0516,0.0103839111111111,0.04713920553051415,0.0,0.0,0.0076444444444444,0.0075,0.0975714285714285,0.0315888888888888,0.0,1.2411001381140925,0.03987786954894433,0.0,0.03111355234838377,0.0,0.0165,0.11595367928136557,0.04966090569433408,0.086954992871551,0.07706743633614907,0.028197920587128975,0.01101107929395435,0.007785082584556886,0.16370064803472179,0.0017820967729648743,0.9024947393771737,0.030001574043278117,0.008901273810348444,0.401667274596756,0.29779754259435964,0.0,0.0,0.3990530700083885,0.002096577643394423,0.004262354552550997,0.04414291091984275,0.0,0.036934099083949685,0.028146498887875116,0.0081,0.0,0.03242467838700322,0.0038761243442546603,0.0101166666666666,0.0951,0.0,0.0,,,,0.0005573728214613521,0.00775,0.25276108024112615,2.4695676311346313,1.0400127768787977,35.631417979516755,665.93335,316.00415,1.0,2024-08-15 10:15:00
2024-08-15 04:30:00,36.95955555555555,1.0,0.05183268,0.3689757114032706,0.0037938477698057594,0.05083866792658727,0.5712878977777778,0.002719631193056777,0.0,0.0,0.0,0.0,0.0,0.0,0.0,0.0,0.0,0.0,0.0,0.0,0.0,0.0,0.0,0.0,0.0,0.04,1309.1733333333332,2.8481333333333336,0.04906666666666667,2.8481333333333336,40.73434,-111.87211,294.3424444444444,34.440000000000005,876.6813333333334,117.70657777777777,3.021333333333333,433809.0666666667,1966.1431111111112,107.6928888888889,12432071.249777775,0.0005898755555555,2.7893333333333333e-05,0.0003115555555555,0.0003345555555555,8.160444444444444e-05,0.0009076933333333,0.0035566088888888,0.051080396,1.192389777777778,1.8910844444444448,5.660568,0.1638668888888888,0.7256830222222223,1.483414488888889,0.0046972444444444,0.15710751667387798,1.9169657333333332,0.0084400444444444,0.0692392,0.18464272641987722,0.08369887166674424,0.06407926614594991,0.0103839111111111,0.0342108,0.09416245105534155,0.019348980428393326,0.0019971347273789472,0.0462536888888888,0.0588057777777777,0.0444796888888888,0.0032376,0.0022536444444444,2.2215,0.142,0.01565773217437036,0.003,0.0,0.0715,0.441,0.20350000000000001,0.0645,0.0075,0.008,0.004,1.4726775978650508,0.1295,0.078,0.006999999999999999,0.0235,0.0008966333128697144,0.043,0.0215,0.017,0.7244999999999999,0.0315,0.0345,0.0125,0.0065,0.0048000000000000004,0.0015,0.131,0.10200000000000001,0.0007621084667370926,0.0085,0.014499999999999999,0.277,0.007,0.027,0.056999999999999995,0.0095,0.0135,0.1215,0.001,0.004600251796876085,0.0045000000000000005,0.005281909741205014,0.0015,0.0010999999999999998,0.003,0.002,0.0012516858562413536,0.0055,0.003,0.007,0.0025,0.001,0.0245,0.018,0.0025,0.0023165066666666,0.0047453733333333,0.0195335288888888,0.0041634266666666,0.0012511511111111,0.1564969377777778,37800.0,37859.0,871.0442444444445,29.93659111111111,174.61496444444444,21.783097777777776,1.1464755555555555,0.15154666666666666,0.0044533333333333334,26.311773475555558,22.410448435555555,18.892207697777778,16.373227613333334,14.026226671111111,11.839209835555556,9.89383296,8.520531795555556,7.111291226666666,6.148156533333333,5.375998315555555,4.965906742222222,4.560769746666667,4.088657671111111,3.0714828533333334,7.900606746666667,2.0748122044444446,0.4934105733333333,0.25526747111111114,0.06012099555555555,0.043855297777777774,0.02792142666666667,0.02389732,0.01799463555555555,0.015591951111111111,0.014549257777777777,0.010405768888888889,0.009994595555555557,0.009181982222222222,0.01231424,0.015429,0.012547315555555556,0.008908204444444444,0.004643573333333333,0.005200302222222222,0.008561764444444444,0.90682164,12280627.555555554,1917.4050666666667,0.28122113484403377,0.07923360629123546,0.0,0.0003475741113969366,2.0352401895889103,0.0282444444444444,0.01594222644893732,0.0516,0.0103839111111111,0.04713920553051415,0.0,0.0,0.0076444444444444,0.007,0.0975714285714285,0.0315888888888888,0.0,1.1457094237155554,0.04141604192084714,0.0,0.03111355234838377,0.0,0.017,0.11577141014789742,0.04966090569433408,0.08838879604529805,0.07742957296891669,0.028359094231378112,0.01101107929395435,0.007926993810076817,0.16531490134158083,0.0019831485186181576,0.9110773770529514,0.030001574043278117,0.009377955069617392,0.4045148608471046,0.2996698593991045,0.0,0.0,0.39937377870273255,0.0021867363853445175,0.004300465261587398,0.03912996279665755,0.0,0.03687110555590185,0.028095279230824468,0.0081,0.0,0.03235697924894392,0.0038265088951590113,0.0101166666666666,0.0951,0.0,0.0,,,,0.0005794960525446885,0.0065,0.2515174787628102,2.4800494212058775,1.0412862149054574,35.294420293074296,675.43335,315.57227,1.0,2024-08-15 10:30:00
2024-08-15 04:45:00,36.76577777777778,1.0,0.0537841285714285,0.361359494919201,0.003751769958757061,0.04962346943337909,0.5669348095238095,0.002913711961641375,0.0,0.0,0.0,0.0,0.0,0.0,0.0,0.0,0.0,0.0,0.0,0.0,0.0,0.0,0.0,0.0,0.0,0.04,1309.5653333333332,2.945155555555556,0.049466666666666666,2.945155555555556,40.73434,-111.87211,294.2002222222222,34.74666666666667,876.6777777777778,116.48342222222223,2.790222222222222,434066.2222222223,1966.1484444444443,106.27066666666666,12450360.872444443,0.0005844952380952,6.89857142857143e-05,0.0003171238095238,0.0003642238095238,9.07904761904762e-05,0.0009084761904761,0.0036263857142857,0.0354646995555555,1.1292373333333334,1.814724888888889,5.660568,0.1638668888888888,0.7256830222222223,1.483414488888889,0.0046972444444444,0.15692206245138834,1.9169657333333332,0.0084400444444444,0.0692392,0.18815064523646857,0.08370718529828768,0.06242097393356772,0.0103839111111111,0.0342108,0.09417289123592941,0.019956762019383643,0.0019971347273789472,0.0462536888888888,0.0588057777777777,0.0444796888888888,0.0032376,0.0022536444444444,2.28475,0.15699999999999997,0.013821043135271271,0.003,0.0,0.07175,0.4435,0.20325000000000001,0.06425,0.00775,0.008,0.004,1.473815726925885,0.13325,0.078,0.008,0.01925,0.0008449499693045715,0.044,0.02225,0.017499999999999998,0.73475,0.03125,0.03325,0.01175,0.0052499999999999995,0.005,0.00125,0.133,0.1025,0.0008810542333685463,0.00825,0.01375,0.2815,0.006500000000000001,0.027,0.058499999999999996,0.00925,0.01375,0.12425,0.001,0.004566467156440075,0.00425,0.005501836289620206,0.00125,0.0010500000000000002,0.003,0.002,0.0013620681677092605,0.00575,0.003,0.006500000000000001,0.00275,0.001,0.02475,0.018,0.00275,0.0022298714285714,0.0045015904761904,0.0184584428571428,0.0040682095238095,0.0011654476190476,0.1565550142857142,38700.0,38759.0,871.0501688888888,29.971493333333335,173.95014222222224,21.724533333333333,1.1412444444444445,0.15162666666666666,0.0045022222222222226,26.122458475555554,22.306894399999997,18.831168502222223,16.29706291111111,14.007000844444445,11.884991364444444,9.926436568888887,8.468656786666667,7.040494617777778,6.1452691066666665,5.389230515555555,4.953955702222222,4.505853284444444,4.012911066666667,3.126100502222222,7.8422249822222225,2.052455222222222,0.47924655111111114,0.24328996,0.060501377777777775,0.05172881777777778,0.022688937777777776,0.028204102222222218,0.02049985333333333,0.016442942222222222,0.012632693333333334,0.01146271111111111,0.01068332,0.01066763111111111,0.013314422222222223,0.016916888888888888,0.009569622222222221,0.010295813333333332,0.005602373333333333,0.0048933200000000005,0.008295542222222223,0.9194040488888888,12303069.777777776,1917.4786222222224,0.2845725484066644,0.07923360629123546,0.0,0.0003475741113969366,2.0520907942357356,0.0282444444444444,0.01594222644893732,0.0516,0.0103839111111111,0.04713920553051415,0.0,0.0,0.0076444444444444,0.006500000000000001,0.0975714285714285,0.0315888888888888,0.0,1.1391519721333334,0.042954214292749954,0.0,0.03111355234838377,0.0,0.017499999999999998,0.11558914101442927,0.04966090569433408,0.08982259921904509,0.0777917096016843,0.02852026787562725,0.01101107929395435,0.008068905035596747,0.16692915464843985,0.0021842002642714405,0.9196600147287293,0.030001574043278117,0.009854636328886338,0.4073624470974532,0.3015421762038494,0.0,0.0,0.3996944873970766,0.0022768951272946116,0.004338575970623801,0.03411701467347234,0.0,0.036808112027854015,0.028044059573773816,0.0081,0.0,0.03228928011088463,0.003776893446063362,0.0101166666666666,0.0951,0.0,0.0,,,,0.0006016192836280249,0.0052499999999999995,0.24228020657967167,2.41708212222603,0.9840712560897263,35.11545440843494,684.93335,315.14038,1.0,2024-08-15 10:45:00
2024-08-15 05:00:00,36.55466666666666,1.0,0.0538784666666666,0.35374327843513137,0.0037096921477083626,0.04840827094017091,0.5640772755555555,0.003107792730225973,0.0,0.0,0.0,0.0,0.0,0.0,0.0,0.0,0.0,0.0,0.0,0.0,0.0,0.0,0.0,0.0,0.0,0.04,1308.8297777777777,2.7578666666666662,0.04528888888888889,2.7578666666666662,40.73433995555556,-111.87211,294.106,34.882666666666665,876.6928888888889,112.83711111111111,2.6528888888888886,434337.37777777785,1965.3537777777776,106.55333333333331,12451145.320444444,0.0005687822222222,6.468e-05,0.0003209377777777,0.0004445644444444,9.707111111111112e-05,0.0007882666666666,0.0040830933333333,0.0376047896492396,1.1450839469789469,1.8454044246124248,5.660568,0.1638668888888888,0.7256830222222223,1.483414488888889,0.0046972444444444,0.1567366082288987,1.9169657333333332,0.0084400444444444,0.0692392,0.19165856405305992,0.08371549892983113,0.060762681721185534,0.0103839111111111,0.0342108,0.09418333141651726,0.020564543610373957,0.0019971347273789472,0.0462536888888888,0.0588057777777777,0.0444796888888888,0.0032376,0.0022536444444444,2.348,0.172,0.026,0.003,0.0,0.072,0.446,0.203,0.064,0.008,0.008,0.004,1.789,0.137,0.078,0.009,0.015,0.0007932666257394287,0.045,0.023,0.018,0.745,0.031,0.032,0.011,0.004,0.0052,0.001,0.135,0.103,0.001,0.008,0.013,0.286,0.006,0.027,0.06,0.009,0.014,0.127,0.001,0.004532682516004065,0.004,0.005721762838035398,0.001,0.001,0.003,0.002,0.0014724504791771673,0.006,0.003,0.006,0.003,0.001,0.025,0.018,0.003,0.0022558755555555,0.0046810355555555,0.0185620222222222,0.0043223777777777,0.0011625866666666,0.1547052622222222,39600.0,39659.0,871.0793777777777,29.992977777777778,172.82987555555556,21.54352888888889,1.1372355555555556,0.1522711111111111,0.004333333333333333,26.071775573333333,22.11166664888889,18.79310815111111,16.29185660888889,13.868069257777778,11.787864404444443,9.90844536,8.335355835555555,7.061847968888888,6.020571133333333,5.362062173333333,4.998293355555556,4.514498346666667,3.9814867111111107,3.003813808888889,7.6913663422222225,1.999025648888889,0.47674693333333334,0.25073830666666663,0.057876515555555556,0.04716873333333334,0.023273302222222222,0.023610831111111112,0.01777543111111111,0.013839586666666666,0.013646182222222221,0.01350112,0.011323924444444444,0.011817595555555555,0.013296928888888889,0.015671742222222222,0.00925939111111111,0.008306057777777777,0.005275262222222222,0.005711044444444444,0.010065262222222223,0.9454436711111112,12301624.88888889,1916.165511111111,0.2879239619692951,0.07923360629123546,0.0,0.0003475741113969366,2.0689413988825613,0.0282444444444444,0.01594222644893732,0.0516,0.0103839111111111,0.04713920553051415,0.0,0.0,0.0076444444444444,0.006,0.0975714285714285,0.0315888888888888,0.0,1.0957855916890358,0.04449238666465277,0.0,0.03111355234838377,0.0,0.018,0.1154068718809611,0.04966090569433408,0.09125640239279212,0.0781538462344519,0.028681441519876387,0.01101107929395435,0.008210816261116678,0.1685434079552989,0.002385252009924724,0.928242652404507,0.030001574043278117,0.010331317588155286,0.4102100333478018,0.3034144930085943,0.0,0.0,0.40001519609142067,0.002367053869244706,0.0043766866796602025,0.02910406655028714,0.0,0.036745118499806176,0.027992839916723168,0.0081,0.0,0.032221580972825334,0.0037272779969677126,0.0101166666666666,0.0951,0.0,0.0,,,,0.0006237425147113613,0.004,0.24354615041779176,2.432882277992277,1.0070589275099815,36.0,655.0,314.7085,1.0,2024-08-15 11:00:00
2024-08-15 05:15:00,36.26902175602175,1.0,0.0580613523076923,0.34612706195106174,0.003667614336659664,0.04719307244696273,0.6763131633455434,0.003301873498810571,0.0,0.0,0.0,0.0,0.0,0.0,0.0,0.0,0.0,0.0,0.0,0.0,0.0,0.0,0.0,0.0,0.0,0.04,1309.028,2.6718222222222225,0.044977777777777776,2.6718222222222225,40.73433471111112,-111.87211,294.0806666666666,34.99066666666667,876.5946666666666,114.62662222222222,2.332444444444444,434815.7118825619,1965.0669426499428,108.74267689717688,12457855.943198835,0.0005688379242979,5.058993894993895e-05,0.0003398823199023,0.0005041095238095,8.271579975579975e-05,0.0009007625885225,0.0035270319169719,0.1173909166714766,1.33897698003848,2.0932760594035598,5.660568,0.1638668888888888,0.7256830222222223,1.483414488888889,0.0046972444444444,0.15655115400640907,1.9169657333333332,0.0084400444444444,0.0692392,0.19814741129053565,0.08372381256137457,0.06457675380966457,0.0103839111111111,0.0342108,0.09419377159710512,0.020946780974760004,0.0019971347273789472,0.0462536888888888,0.0588057777777777,0.0444796888888888,0.0032376,0.0022536444444444,2.364708333333333,0.17466666666666666,0.017013451483261083,0.003375,0.0,0.07208333333333333,0.44566666666666666,0.20270833333333335,0.064,0.008,0.008041666666666667,0.004416666666666667,1.4477157799496112,0.14288733241879675,0.07854166666666666,0.009083333333333332,0.02391666666666667,0.0008435471830002859,0.04666666666666666,0.022541666666666665,0.018375,0.727125,0.0325,0.034875,0.011416666666666665,0.004,0.0054,0.0014166666666666666,0.13341666666666668,0.10629166666666666,0.000997837761608821,0.008,0.014374999999999999,0.2818333333333333,0.006291666666666667,0.026875,0.06020833333333333,0.008958333333333332,0.013791666666666667,0.12637500000000002,0.0010833333333333333,0.004498897875568055,0.004583333333333333,0.005941689386450589,0.0015833333333333333,0.0010416666666666667,0.00325,0.002125,0.0015360983758781186,0.0063750000000000005,0.0033333333333333335,0.007666666666666667,0.0032083333333333334,0.0010416666666666667,0.025791666666666668,0.018791666666666665,0.0031666666666666666,0.0021715372649572,0.0047364312820512,0.0181716561172161,0.0043110384371184,0.0011183726007326,0.1526925244444444,40500.0,40559.0,871.0798266666667,30.023097777777778,174.00570222222223,21.757804444444446,1.1651955555555555,0.15430222222222223,0.0044,26.176193875555555,22.113617368888885,18.80109787111111,16.492258862222222,14.120385942222223,11.905531968888889,9.920521177777777,8.311438706666667,7.171834408888889,6.086246031111112,5.433076782222222,4.9865063377777785,4.531695733333334,4.048160066666666,3.0442204577777776,7.758339328888889,2.0570264266666665,0.4896675555555555,0.24928616888888888,0.05898716444444444,0.045881711111111105,0.025989759999999997,0.022515155555555555,0.020008506666666665,0.01400480888888889,0.014794528888888889,0.013682151111111112,0.011701986666666667,0.009323355555555555,0.012682448888888889,0.01724123111111111,0.012343075555555555,0.009201875555555555,0.004749057777777777,0.005140582222222222,0.010412,0.93155024,12349866.666666666,1915.7918222222224,0.2909402341756627,0.08139683912385255,0.0,0.0003475741113969366,2.0349690392048716,0.0282444444444444,0.01594222644893732,0.0516,0.0103839111111111,0.04713920553051415,0.0,0.0,0.0076444444444444,0.007666666666666667,0.0975714285714285,0.0315888888888888,0.0,1.1570573664585349,0.04663287385913385,0.0,0.031006797161137245,0.0,0.018375,0.11650048668177004,0.05038657492359773,0.0914555417224792,0.079300612238216,0.02892320198625009,0.011044336475131707,0.008092556906516736,0.16726545742070217,0.00255279513130246,0.9132753696284556,0.030277991981979172,0.010040012374157596,0.4075733794122938,0.30298896646206136,0.0,0.0,0.4021265283291858,0.002457212611194801,0.004414797388696604,0.0396214282989306,0.0,0.03668212497175834,0.027941620259672516,0.0081,0.0,0.03215388183476604,0.0036776625478720636,0.0101166666666666,0.0951,0.0,0.0,,,,0.0006458657457946977,0.004,0.2907426475042261,2.6262068704157624,1.192785065816857,34.65666918598572,580.0,314.27661,1.0,2024-08-15 11:15:00
2024-08-15 05:30:00,35.666074074074075,1.0,0.0644185831501831,0.3385108454669921,0.0036255365256109657,0.04597787395375455,0.5768290959706959,0.003495954267395169,4.4507161955555553e-11,2.0493537244444446e-10,0.0,1.314764507449054e-15,1.4176149793393271e-14,2.7492753952607997e-13,0.0,4.910412830005831e-17,2.8245092248888892e-12,1.849490192824889e-12,2.0193875343986052e-17,9.267525333333333e-10,1.6806587815786664e-11,1.793679111111111e-10,1.3265161777777777e-09,1.9809875660835555e-14,2.031899595822367e-16,0.04,1309.1791111111113,2.043022222222222,0.04342222222222223,2.043022222222222,40.7343364,-111.87211,293.94111111111107,35.37377777777778,876.3817777777779,116.52,2.9462222222222225,435546.8750000001,1965.872916666667,109.39791666666667,12487473.074999996,0.0006349967032967,1.814798534798535e-05,0.0002633183150183,0.0005887076923076,1.528278388278388e-05,0.000847523076923,0.0033266586080586,0.3162466964021165,1.32248087999038,2.016600513708513,5.660568,0.1638668888888888,0.7256830222222223,1.483414488888889,0.0046972444444444,0.15636569978391945,1.9169657333333332,0.0084400444444444,0.0692392,0.20463625852801137,0.08373212619291802,0.06839082589814362,0.0103839111111111,0.0342108,0.09420421177769298,0.02132901833914605,0.0019971347273789472,0.0462536888888888,0.0588057777777777,0.0444796888888888,0.0032376,0.0022536444444444,2.3814166666666665,0.17733333333333332,0.017859642524154312,0.0037500000000000003,0.0,0.07216666666666666,0.44533333333333336,0.2024166666666667,0.064,0.008,0.008083333333333333,0.004833333333333334,1.451919636716294,0.1487746648375935,0.07908333333333334,0.009166666666666667,0.03283333333333334,0.000893827740261143,0.04833333333333333,0.022083333333333333,0.01875,0.70925,0.034,0.03775,0.011833333333333333,0.004,0.005600000000000001,0.001833333333333333,0.13183333333333333,0.10958333333333332,0.000995675523217642,0.008,0.01575,0.2776666666666666,0.006583333333333333,0.02675,0.06041666666666667,0.008916666666666666,0.013583333333333333,0.12575,0.0011666666666666668,0.004465113235132045,0.005166666666666667,0.006161615934865781,0.0021666666666666666,0.0010833333333333333,0.0035,0.0022500000000000003,0.00159974627257907,0.00675,0.0036666666666666666,0.009333333333333334,0.003416666666666667,0.0010833333333333333,0.026583333333333334,0.01958333333333333,0.0033333333333333335,0.0019413582417582,0.0041076087912087,0.0162888849816849,0.0039143018315018,0.0009436051282051,0.1237817304029304,41400.0,41459.0,871.0805911111112,31.074333333333335,181.50582666666665,23.089551111111113,1.3434088888888889,0.1662888888888889,0.004955555555555556,27.264892164444447,23.127147222222224,19.581251648888887,17.224620448888892,14.800619217777777,12.485150662222223,10.324132382222222,8.76018787111111,7.46188736,6.286269764444444,5.607218711111112,5.158378177777777,4.728002088888888,4.162661551111111,3.1788480177777774,8.049991093333334,2.1408101644444444,0.5195015333333334,0.26445400888888887,0.06377196444444445,0.05359119555555556,0.034176844444444444,0.023055053333333336,0.023223817777777777,0.019748502222222224,0.01708427111111111,0.015264528888888887,0.01664592888888889,0.01350716888888889,0.01785989777777778,0.02112068888888889,0.015032902222222222,0.012995360000000001,0.01028862222222222,0.009556422222222222,0.01292536,0.8591944355555555,12496581.777777778,1916.0635111111112,0.2939565063820303,0.08356007195646964,0.0,0.0003475741113969366,2.000996679527182,0.0282444444444444,0.01594222644893732,0.0516,0.0103839111111111,0.04713920553051415,0.0,0.0,0.0076444444444444,0.009333333333333334,0.0975714285714285,0.0315888888888888,0.0,1.1009284999777778,0.04877336105361494,0.0,0.03090004197389072,0.0,0.01875,0.117594101482579,0.05111224415286137,0.09165468105216629,0.08044737824198007,0.0291649624526238,0.011077593656309065,0.007974297551916794,0.16598750688610542,0.002720338252680196,0.898308086852404,0.030554409920680224,0.009748707160159905,0.40493672547678583,0.3025634399155284,0.0,0.0,0.40423786056695094,0.0025473713531448954,0.004452908097733006,0.05013879004757407,0.0,0.0366191314437105,0.027890400602621865,0.0081,0.0,0.032086182696706746,0.0036280470987764143,0.0101166666666666,0.0951,0.0,0.0,,,,0.0006679889768780341,0.004,0.4083733256553542,2.609759132361158,1.1353333407878394,34.09980933069953,505.0,313.84473,1.0,2024-08-15 11:30:00
2024-08-15 05:45:00,35.85836507936508,1.0,0.0606221783579846,0.3308946289829225,0.0035834587145622673,0.044762675460546374,0.4865996902717652,0.003690035035979767,9.956277050044444e-09,3.532003214533333e-08,4.7096745288876447e-32,5.871862268338927e-12,1.7147014523570226e-11,1.965612154733631e-10,1.8540641281206154e-32,2.7919169779513388e-12,1.2910360257106665e-09,9.489821794868884e-10,7.229942871412328e-14,1.293456879111111e-07,6.576545003808258e-09,2.18131972e-08,1.852476536e-07,1.5041998017531008e-11,1.9139908624282527e-12,0.04,1309.5155250860253,2.06946334036334,0.04546076331076331,2.06946334036334,40.73433096764347,-111.87211,293.72765577015576,35.69997998297999,876.2202741517742,118.56729954674955,2.842879453879454,435528.0414186509,1968.4068406204008,112.14412863756614,12638340.653139247,0.0006240277777777,2.0107177045177044e-05,0.000223881511544,0.0005669616041366,1.620709998334998e-05,0.0008789682118807,0.0026049496482683,0.5288323301587302,1.5352494603174605,4.803319666666666,5.660568,0.1638668888888888,0.7256830222222223,1.483414488888889,0.0046972444444444,0.15618024556142981,1.9169657333333332,0.0084400444444444,0.0692392,0.2111251057654871,0.08374043982446146,0.07220489798662265,0.0103839111111111,0.0342108,0.09421465195828083,0.021711255703532096,0.0019971347273789472,0.0462536888888888,0.0588057777777777,0.0444796888888888,0.0032376,0.0022536444444444,2.398125,0.18,0.021287619549721512,0.004125,0.0,0.07225,0.445,0.202125,0.064,0.008,0.008125,0.00525,1.4703040614557246,0.15466199725639024,0.079625,0.00925,0.04175,0.0009441082975220001,0.05,0.021625,0.019125,0.691375,0.035500000000000004,0.040625,0.01225,0.004,0.0058,0.00225,0.13025,0.11287499999999999,0.000993513284826463,0.008,0.017125,0.27349999999999997,0.006875,0.026625,0.060625,0.008875,0.013375,0.12512500000000001,0.00125,0.004431328594696035,0.00575,0.006381542483280973,0.00275,0.0011250000000000001,0.00375,0.002375,0.0016633941692800213,0.007125,0.004,0.011,0.003625,0.0011250000000000001,0.027375,0.020374999999999997,0.0035,0.0018503243686868,0.0037661535864598,0.0157635726130351,0.0037135819234006,0.0009132286736411,0.1041597131703944,42300.0,42359.0,871.0201928808227,33.06374713656714,179.18083111943608,22.90580575702075,1.3729942464942464,0.17066830391830393,0.005121215266215267,26.99820426784697,23.1237767441934,19.1910764798187,17.042200570914087,14.496701170243828,12.284960385646576,10.249024276031008,8.644239182211306,7.299021305000926,6.1864066942637,5.5604887251627995,5.066914932510082,4.625559771792652,4.085149472897288,3.1841312452562254,7.86190374831946,2.14635024519277,0.4989568205148555,0.2569144023950124,0.05949437681781181,0.0551370995987346,0.029147694648684646,0.0204633612988863,0.020049243610093605,0.022401365326710332,0.016186402183557182,0.016804887036852036,0.011486219735634738,0.014441152884337886,0.022786046502016502,0.02576197766270766,0.01361996221815222,0.013715574886224886,0.00728303271931772,0.015486843293373295,0.014696445001480003,0.8797465796682947,12462924.166703667,1917.2516686073184,0.29697277858839793,0.08572330478908671,0.0,0.0003475741113969366,1.967024319849492,0.0282444444444444,0.01594222644893732,0.0516,0.0103839111111111,0.04713920553051415,0.0,0.0,0.0076444444444444,0.011,0.0975714285714285,0.0315888888888888,0.0,1.0980017100844444,0.05091384824809602,0.0,0.0307932867866442,0.0,0.019125,0.11868771628338795,0.05183791338212501,0.09185382038185338,0.08159414424574417,0.029406722918997503,0.01111085083748642,0.007856038197316853,0.1647095563515087,0.0028878813740579315,0.8833408040763526,0.03083082785938128,0.009457401946162215,0.4023000715412779,0.30213791336899554,0.0,0.0,0.40634919280471604,0.00263753009509499,0.004491018806769408,0.060656151796217535,0.0,0.036556137915662666,0.027839180945571217,0.0081,0.0,0.032018483558647455,0.003578431649680765,0.0101166666666666,0.0951,0.0,0.0,,,,0.0006901122079613705,0.004,0.534125729220644,2.8219039341789047,3.2233761588409973,34.27740208805667,430.0,313.71982,1.0,2024-08-15 11:45:00
2024-08-15 06:00:00,35.6,1.0,0.06098446777156161,0.32327841249885286,0.003541380903513569,0.04354747696733819,0.5066827507387938,0.003884115804564365,4.359601911111111e-07,1.2890136444444445e-06,1.568150696998333e-29,3.437167288888889e-10,1.0733756933333335e-09,1.1704193999999999e-08,6.202259424667857e-30,1.4085182177777776e-10,7.23997928888889e-08,5.4710253777777776e-08,4.100356e-12,3.45863e-06,3.5195603111111107e-07,3.8094666666666666e-07,4.2434257777777775e-06,8.918318933333333e-10,1.0008702088888888e-10,0.04,1310.1,1.67,0.05,1.67,40.73433,-111.87211,293.67499999999995,35.47500000000001,876.2,117.28249999999998,2.975,435509.2078373017,1972.0236791706805,114.89034060846562,12441382.768373244,0.0006191240306121666,2.2066368742368744e-05,0.0002351606081220238,0.0005459871834558667,1.713141608391608e-05,0.0008848488431365667,0.0025649644695966626,1.4926,1.641875,11.178,5.660568,0.1638668888888888,0.7256830222222223,1.483414488888889,0.0046972444444444,0.15599479133894018,1.9169657333333332,0.0084400444444444,0.0692392,0.21761395300296285,0.08374875345600491,0.0760189700751017,0.0103839111111111,0.0342108,0.09422509213886869,0.022093493067918142,0.0019971347273789472,0.0462536888888888,0.0588057777777777,0.0444796888888888,0.0032376,0.0022536444444444,2.414833333333333,0.18266666666666664,0.02471559657528871,0.0045000000000000005,0.0,0.07233333333333333,0.44466666666666665,0.20183333333333334,0.064,0.008,0.008166666666666666,0.005666666666666667,1.4659720698466179,0.160549329675187,0.08016666666666666,0.009333333333333332,0.05066666666666667,0.0009943888547828573,0.051666666666666666,0.021166666666666667,0.0195,0.6735,0.037,0.043500000000000004,0.012666666666666666,0.004,0.006,0.002666666666666666,0.12866666666666668,0.11616666666666667,0.0009913510464352841,0.008,0.0185,0.2693333333333333,0.007166666666666667,0.0265,0.06083333333333333,0.008833333333333332,0.013166666666666667,0.1245,0.0013333333333333333,0.004397543954260025,0.006333333333333333,0.006601469031696164,0.003333333333333333,0.0011666666666666668,0.004,0.0025,0.0017270420659809727,0.0075,0.004333333333333333,0.012666666666666666,0.0038333333333333336,0.0011666666666666668,0.028166666666666666,0.021166666666666667,0.0036666666666666666,0.001940592021576238,0.004314005108797691,0.01563729852601982,0.0036810448949242285,0.0008975178524473048,0.11635058389999768,43200.0,43259.0,871.0359999999998,33.4045,178.19899999999996,23.53249999999999,1.6372499999999999,0.19625000000000004,0.00575,26.812164250000002,22.9576695,19.049194,16.78935275,14.696719249999997,12.328767000000003,9.980507250000004,8.523219499999998,7.229084750000001,6.143585250000001,5.530943999999998,4.968605249999999,4.59837125,4.1325255,3.167544500000001,7.951130000000001,2.1313339999999994,0.4815339999999999,0.28332024999999994,0.05550599999999999,0.048720000000000006,0.03223974999999999,0.026507000000000003,0.020821749999999997,0.01797900000000001,0.022287500000000002,0.02527425,0.009746750000000002,0.009705250000000002,0.03197,0.0422,0.0266885,0.020826749999999998,0.006952750000000001,0.026529499999999998,0.019763,1.24151,12268700.0,1920.85,0.2999890507947655,0.0878865376217038,0.0,0.0003475741113969366,1.9330519601718024,0.0282444444444444,0.01594222644893732,0.0516,0.0103839111111111,0.04713920553051415,0.0,0.0,0.0076444444444444,0.012666666666666666,0.0975714285714285,0.0315888888888888,0.0,1.078355286267094,0.0530543354425771,0.0,0.030686531599397677,0.0,0.0195,0.11978133108419689,0.05256358261138866,0.09205295971154047,0.08274091024950826,0.029648483385371207,0.011144108018663779,0.00773777884271691,0.16343160581691196,0.0030554244954356675,0.8683735213003012,0.031107245798082335,0.009166096732164526,0.3996634176057699,0.3017123868224626,0.0,0.0,0.40846052504248115,0.0027276888370450845,0.00452912951580581,0.071173513544861,0.0,0.03649314438761483,0.027787961288520565,0.0081,0.0,0.03195078442058816,0.003528816200585116,0.0101166666666666,0.0951,0.0,0.0,,,,0.0007122354390447069,0.004,1.104230579766726,2.9282168773300494,7.999819265162612,25.0,355.0,314.24304,1.0,2024-08-15 12:00:00
2024-08-15 06:15:00,32.88259714725662,1.0,0.061346757185138615,0.31566219601478324,0.0034993030924648704,0.042332278474130014,0.5267658112058223,0.004078196573148962,1.0448316888888889e-05,3.2497779555555556e-05,5.7281172e-28,7.539706666666667e-09,2.374597955555556e-08,2.615968266666667e-07,2.280442444444445e-28,3.1734780444444444e-09,1.6408862222222223e-06,1.2349251555555557e-06,9.067178222222223e-11,9.725552888888888e-05,8.045674222222221e-06,1.3548578666666667e-05,0.00012725669333333333,1.991538488888889e-08,2.2546872888888887e-09,0.04,1310.059861111111,1.578638888888889,0.04990277777777778,1.578638888888889,40.734330666666665,-111.87211,294.1501388888888,34.76111111111112,876.23375,119.92329166666666,2.867638888888889,435490.3742559525,1971.3355306957271,117.63655257936509,12349397.57776193,0.0006142202834466333,2.402556043956044e-05,0.0002464397047000476,0.0005250127627751333,1.805573218448218e-05,0.0008907294743924334,0.002524979290925026,1.5388097333333333,1.8240244444444444,10.962050977777778,5.660568,0.1638668888888888,0.7256830222222223,1.483414488888889,0.0046972444444444,0.15580933711645054,1.9169657333333332,0.0084400444444444,0.0692392,0.22410280024043858,0.08375706708754835,0.07983304216358073,0.0103839111111111,0.0342108,0.09423553231945654,0.02247573043230419,0.0019971347273789472,0.0462536888888888,0.0588057777777777,0.0444796888888888,0.0032376,0.0022536444444444,2.4315416666666665,0.18533333333333332,0.028143573600855905,0.004875000000000001,0.0,0.07241666666666666,0.44433333333333336,0.20154166666666667,0.064,0.008,0.008208333333333333,0.006083333333333333,1.4616400782375112,0.16643666209398375,0.08070833333333333,0.009416666666666665,0.05958333333333334,0.0010446694120437145,0.05333333333333333,0.020708333333333332,0.019875,0.655625,0.0385,0.046375,0.013083333333333332,0.004,0.006200000000000001,0.003083333333333333,0.12708333333333335,0.11945833333333333,0.0009891888080441052,0.008,0.019875,0.26516666666666666,0.007458333333333333,0.026375,0.06104166666666667,0.008791666666666666,0.012958333333333334,0.123875,0.0014166666666666668,0.0043637593138240146,0.0069166666666666664,0.006821395580111357,0.003916666666666666,0.0012083333333333334,0.00425,0.002625,0.001790689962681924,0.007875,0.004666666666666666,0.014333333333333333,0.0040416666666666665,0.0012083333333333334,0.028958333333333336,0.02195833333333333,0.0038333333333333336,0.0020308596744656763,0.004861856631135581,0.015511024439004536,0.003648507866447857,0.0008818070312535095,0.12854145462960098,44100.0,44159.0,871.107370222222,33.29881311111111,176.92258666666663,23.42581777777777,1.6451575555555555,0.1978508888888889,0.0057562222222222225,26.775040795111114,22.86798041466667,18.956731510222223,16.670391423999998,14.553822683999998,12.199282898000002,9.887550415555559,8.440312145333332,7.144357712000001,6.068227615777778,5.453586527777776,4.904290094666665,4.539611661555555,4.082681160444444,3.129510946000001,7.887916939555557,2.1262171311111104,0.489967639111111,0.2911593113333333,0.05609246466666666,0.05099316955555556,0.035230071999999994,0.02751044466666667,0.021553422666666662,0.01807444400000001,0.02261358177777778,0.024966168222222224,0.01096079288888889,0.01018896288888889,0.03185927,0.04121489622222222,0.027096744444444446,0.02197393511111111,0.007799024444444445,0.025688201999999997,0.020412414,1.0872570324384878,12177991.537037037,1920.1653686057557,0.30300532300113314,0.09004977045432089,0.0,0.0003475741113969366,1.9439867556554207,0.0282444444444444,0.01594222644893732,0.0516,0.0103839111111111,0.04713920553051415,0.0,0.0,0.0076444444444444,0.014333333333333333,0.0975714285714285,0.0315888888888888,0.0,1.2290774235399902,0.05519482263705819,0.0,0.030579776412151153,0.0,0.019875,0.12087494588500583,0.05328925184065231,0.09225209904122755,0.08388767625327234,0.029890243851744915,0.011177365199841135,0.007619519488116969,0.1621536552823152,0.0032229676168134035,0.8534062385242497,0.03138366373678339,0.008874791518166836,0.3970267636702619,0.30128686027592966,0.0,0.0,0.41057185728024626,0.0028178475789951787,0.004567240224842213,0.08169087529350447,0.0,0.03643015085956699,0.027736741631469917,0.0081,0.0,0.03188308528252886,0.0034792007514894666,0.0101166666666666,0.0951,0.0,0.0,,,,0.0007343586701280433,0.004,1.1315653762536357,3.1098323100855647,7.838012215306848,24.75,280.0,316.16736,1.0,2024-08-15 12:15:00
2024-08-15 06:30:00,30.165194294513235,1.0,0.06170904659871563,0.3080459795307136,0.003457225281416172,0.04111707998092183,0.5468488716728509,0.00427227734173356,9.302474222222222e-05,0.0003099281333333333,4.0620577777777775e-27,5.759896888888889e-08,1.8932195555555554e-07,2.108692888888889e-06,1.5927782222222222e-27,2.049495111111111e-08,1.3534617777777777e-05,1.012611511111111e-05,6.673572444444444e-10,0.0010814731555555555,6.718458222222222e-05,0.00019422659999999997,0.0015604989777777778,1.5964453333333335e-07,1.5137115555555555e-08,0.04,1310.019722222222,1.4872777777777777,0.04980555555555556,1.4872777777777777,40.73433133333334,-111.87211,294.62527777777774,34.04722222222223,876.2675,122.56408333333331,2.760277777777778,435471.54067460325,1970.647382220774,120.38276455026455,12257412.387150615,0.0006093165362811,2.598475213675214e-05,0.00025771880127807144,0.0005040383420944,1.898004828504828e-05,0.0008966101056483,0.002484994112253389,1.5850194666666666,2.0061738888888887,10.746101955555556,5.660568,0.1638668888888888,0.7256830222222223,1.483414488888889,0.0046972444444444,0.15562388289396092,1.9169657333333332,0.0084400444444444,0.0692392,0.2305916474779143,0.0837653807190918,0.08364711425205977,0.0103839111111111,0.0342108,0.09424597250004439,0.022857967796690234,0.0019971347273789472,0.0462536888888888,0.0588057777777777,0.0444796888888888,0.0032376,0.0022536444444444,2.44825,0.188,0.031571550626423105,0.00525,0.0,0.0725,0.444,0.20125,0.064,0.008,0.00825,0.006500000000000001,1.4573080866284045,0.1723239945127805,0.08125,0.0095,0.0685,0.0010949499693045715,0.055,0.02025,0.020249999999999997,0.63775,0.04,0.04925,0.0135,0.004,0.0064,0.0034999999999999996,0.1255,0.12275,0.0009870265696529262,0.008,0.021249999999999998,0.261,0.00775,0.02625,0.06125,0.008749999999999999,0.012750000000000001,0.12325,0.0015,0.0043299746733880045,0.0075,0.007041322128526548,0.0045,0.00125,0.0045,0.00275,0.0018543378593828754,0.00825,0.005,0.016,0.00425,0.00125,0.02975,0.02275,0.004,0.0021211273273551144,0.005409708153473471,0.015384750351989256,0.0036159708379714856,0.0008660962100597143,0.14073232535920427,45000.0,45059.0,871.1787404444443,33.19312622222222,175.64617333333328,23.319135555555548,1.653065111111111,0.1994517777777778,0.005762444444444444,26.737917340222225,22.778291329333335,18.864269020444443,16.551430098,14.410926117999997,12.069798796000002,9.794593581111116,8.357404790666665,7.059630674000001,5.992869981555557,5.376229055555554,4.839974939333332,4.480852073111111,4.032836820888889,3.0914773920000007,7.824703879111111,2.121100262222222,0.49840127822222213,0.2989983726666666,0.05667892933333332,0.053266339111111116,0.03822039399999999,0.028513889333333334,0.02228509533333333,0.01816988800000001,0.022939663555555555,0.024658086444444446,0.012174835777777778,0.01067267577777778,0.03174854,0.04022979244444445,0.02750498888888889,0.023121120222222222,0.008645298888888889,0.024846904,0.021061827999999998,1.664652109691359,12087283.074074075,1919.4807372115117,0.3060215952075007,0.09221300328693798,0.0,0.0003475741113969366,1.954921551139039,0.0282444444444444,0.01594222644893732,0.0516,0.0103839111111111,0.04713920553051415,0.0,0.0,0.0076444444444444,0.016,0.0975714285714285,0.0315888888888888,0.0,1.780800869973333,0.05733530983153927,0.0,0.030473021224904633,0.0,0.020249999999999997,0.12196856068581478,0.05401492106991595,0.09245123837091465,0.08503444225703644,0.03013200431811862,0.011210622381018491,0.0075012601335170265,0.16087570474771848,0.0033905107381911395,0.8384389557481983,0.031660081675484446,0.008583486304169146,0.39439010973475397,0.3008613337293967,0.0,0.0,0.4126831895180114,0.0029080063209452737,0.0046053509338786144,0.09220823704214792,0.0,0.03636715733151915,0.027685521974419265,0.0081,0.0,0.03181538614446957,0.003429585302393817,0.0101166666666666,0.0951,0.0,0.0,,,,0.0007564819012113796,0.004,1.1589001727405455,3.29144774284108,7.6762051654510834,24.5,205.0,319.60205,1.0,2024-08-15 12:30:00
2024-08-15 06:45:00,27.447791441769855,1.0,0.06207133601229264,0.300429763046644,0.003415147470367473,0.039901881487713654,0.5669319321398795,0.004466358110318158,0.00038681524444444444,0.0014644422222222222,1.1492151111111112e-26,2.2902768888888888e-07,7.226333333333334e-07,7.941911111111112e-06,4.3401111111111115e-27,6.899693333333334e-08,5.1416800000000006e-05,3.7594360000000004e-05,2.5299915555555555e-09,0.006900357777777778,0.0002519742222222222,0.0019180942222222221,0.01193932,6.033466666666667e-07,5.205417777777778e-08,0.04,1309.9795833333333,1.3959166666666667,0.049708333333333334,1.3959166666666667,40.734332,-111.87211,295.1004166666666,33.33333333333334,876.30125,125.20487499999999,2.6529166666666666,435452.7070932541,1969.9592337458207,123.12897652116403,12165427.196539301,0.0006044127891155666,2.7943943833943835e-05,0.00026899789785609523,0.0004830639214136666,1.9904364385614382e-05,0.0009024907369041666,0.0024450089335817517,1.6312292,2.1883233333333334,10.530152933333333,5.660568,0.1638668888888888,0.7256830222222223,1.483414488888889,0.0046972444444444,0.15543842867147128,1.9169657333333332,0.0084400444444444,0.0692392,0.23708049471539003,0.08377369435063524,0.08746118634053882,0.0103839111111111,0.0342108,0.09425641268063226,0.02324020516107628,0.0019971347273789472,0.0462536888888888,0.0588057777777777,0.0444796888888888,0.0032376,0.0022536444444444,2.464958333333333,0.19066666666666665,0.034999527651990305,0.005625000000000001,0.0,0.07258333333333333,0.44366666666666665,0.20095833333333335,0.064,0.008,0.008291666666666666,0.0069166666666666664,1.4529760950192978,0.17821132693157724,0.08179166666666667,0.009583333333333333,0.07741666666666668,0.0011452305265654287,0.05666666666666667,0.019791666666666666,0.020624999999999998,0.619875,0.0415,0.052125000000000005,0.013916666666666667,0.004,0.0066,0.0039166666666666655,0.12391666666666667,0.12604166666666666,0.0009848643312617472,0.008,0.022625,0.2568333333333333,0.008041666666666666,0.026125,0.06145833333333333,0.008708333333333334,0.012541666666666666,0.122625,0.0015833333333333333,0.0042961900329519945,0.008083333333333333,0.007261248676941739,0.005083333333333333,0.0012916666666666667,0.00475,0.002875,0.0019179857560838267,0.008625,0.005333333333333333,0.017666666666666667,0.004458333333333333,0.0012916666666666667,0.03054166666666667,0.023541666666666666,0.004166666666666667,0.0022113949802445524,0.005957559675811361,0.015258476264973975,0.003583433809495114,0.000850385388865919,0.15292319608880756,45900.0,45959.0,871.2501106666665,33.08743933333333,174.36975999999996,23.212453333333325,1.6609726666666667,0.20105266666666669,0.005768666666666667,26.700793885333336,22.688602244000002,18.771806530666666,16.432468772,14.268029551999998,11.940314694000001,9.70163674666667,8.274497435999999,6.9749036360000005,5.917512347333334,5.298871583333332,4.775659783999999,4.422092484666666,3.982992481333333,3.0534438380000006,7.761490818666667,2.115983393333333,0.5068349173333333,0.30683743399999996,0.05726539399999999,0.05553950866666667,0.041210715999999994,0.029517334000000003,0.023016767999999996,0.01826533200000001,0.023265745333333334,0.024350004666666668,0.013388878666666668,0.011156388666666668,0.03163781,0.039244688666666666,0.027913233333333336,0.02426830533333333,0.009491573333333333,0.024005606,0.021711242,1.770403101303496,11996574.61111111,1918.7961058172675,0.30903786741386835,0.09437623611955506,0.0,0.0003475741113969366,1.9658563466226573,0.0282444444444444,0.01594222644893732,0.0516,0.0103839111111111,0.04713920553051415,0.0,0.0,0.0076444444444444,0.017666666666666667,0.0975714285714285,0.0315888888888888,0.0,1.88185005424,0.05947579702602035,0.0,0.03036626603765811,0.0,0.020624999999999998,0.12306217548662374,0.05474059029917959,0.09265037770060174,0.08618120826080053,0.030373764784492323,0.011243879562195849,0.007383000778917084,0.15959775421312172,0.0035580538595688755,0.8234716729721467,0.031936499614185494,0.008292181090171455,0.391753455799246,0.3004358071828638,0.0,0.0,0.4147945217557765,0.002998165062895368,0.004643461642915016,0.10272559879079138,0.0,0.03630416380347132,0.027634302317368617,0.0081,0.0,0.03174768700641027,0.0033799698532981683,0.0101166666666666,0.0951,0.0,0.0,,,,0.0007786051322947161,0.004,1.1862349692274552,3.4730631755965953,7.514398115595319,24.25,130.0,325.37122,1.0,2024-08-15 12:45:00
2024-08-15 07:00:00,24.73038858902647,1.0,0.062433625425869645,0.2928135465625743,0.0033730696593187747,0.03868668299450548,0.587014992606908,0.004660438878902756,0.0010489711111111113,0.004286506666666666,1.9804933333333334e-26,5.999920000000001e-07,1.7441920000000002e-06,1.9034506666666665e-05,7.526413333333334e-27,1.7397422222222222e-07,0.00012535382222222222,8.853217777777778e-05,6.493742222222222e-09,0.021530280000000002,0.000609904,0.005599817777777778,0.03693684444444444,1.4587675555555554e-06,1.2799035555555556e-07,0.04,1309.9394444444445,1.3045555555555555,0.04961111111111111,1.3045555555555555,40.73433266666667,-111.87211,295.5755555555555,32.61944444444445,876.335,127.84566666666666,2.5455555555555556,435433.87351190485,1969.2710852708674,125.8751884920635,12073442.005927986,0.0005995090419500333,2.990313553113553e-05,0.000280276994434119,0.00046208950073293325,2.082868048618048e-05,0.0009083713681600333,0.0024050237549101145,1.6774389333333333,2.3704727777777777,10.314203911111111,5.660568,0.1638668888888888,0.7256830222222223,1.483414488888889,0.0046972444444444,0.15525297444898165,1.9169657333333332,0.0084400444444444,0.0692392,0.24356934195286575,0.08378200798217869,0.09127525842901785,0.0103839111111111,0.0342108,0.09426685286122011,0.023622442525462327,0.0019971347273789472,0.0462536888888888,0.0588057777777777,0.0444796888888888,0.0032376,0.0022536444444444,2.4816666666666665,0.19333333333333333,0.0384275046775575,0.006,0.0,0.07266666666666666,0.44333333333333336,0.2006666666666667,0.064,0.008,0.008333333333333333,0.007333333333333334,1.4486441034101911,0.184098659350374,0.08233333333333333,0.009666666666666665,0.08633333333333335,0.0011955110838262858,0.058333333333333334,0.019333333333333334,0.020999999999999998,0.602,0.043000000000000003,0.05500000000000001,0.014333333333333333,0.004,0.0068000000000000005,0.004333333333333333,0.12233333333333334,0.12933333333333333,0.0009827020928705682,0.008,0.024,0.25266666666666665,0.008333333333333333,0.026,0.06166666666666667,0.008666666666666666,0.012333333333333333,0.122,0.0016666666666666666,0.0042624053925159845,0.008666666666666666,0.0074811752253569315,0.005666666666666666,0.0013333333333333333,0.004999999999999999,0.003,0.001981633652784778,0.009,0.005666666666666667,0.019333333333333334,0.004666666666666667,0.0013333333333333333,0.03133333333333333,0.024333333333333332,0.004333333333333333,0.0023016626331339904,0.006505411198149251,0.015132202177958694,0.0035508967810187427,0.0008346745676721238,0.16511406681841084,46800.0,46859.0,871.3214808888888,32.981752444444446,173.09334666666663,23.105771111111107,1.668880222222222,0.2026535555555556,0.005774888888888889,26.663670430444444,22.59891315866667,18.67934404088889,16.313507446,14.125132985999999,11.810830592000002,9.608679912222225,8.19159008133333,6.890176598000001,5.842154713111112,5.22151411111111,4.711344628666666,4.363332896222222,3.9331481417777776,3.0154102840000006,7.698277758222223,2.110866524444444,0.5152685564444444,0.3146764953333333,0.05785185866666666,0.057812678222222226,0.04420103799999999,0.030520778666666668,0.023748440666666665,0.018360776000000006,0.023591827111111113,0.02404192288888889,0.014602921555555556,0.011640101555555556,0.03152708,0.03825958488888889,0.028321477777777777,0.025415490444444442,0.010337847777777777,0.023164307999999998,0.022360656,1.4823245323585268,11905866.148148147,1918.1114744230235,0.3120541396202359,0.09653946895217214,0.0,0.0003475741113969366,1.9767911421062756,0.0282444444444444,0.01594222644893732,0.0516,0.0103839111111111,0.04713920553051415,0.0,0.0,0.0076444444444444,0.019333333333333334,0.0975714285714285,0.0315888888888888,0.0,1.6065797806205804,0.06161628422050143,0.0,0.030259510850411585,0.0,0.020999999999999998,0.12415579028743268,0.05546625952844324,0.09284951703028882,0.08732797426456462,0.03061552525086603,0.011277136743373205,0.007264741424317143,0.158319803678525,0.0037255969809466116,0.8085043901960953,0.03221291755288655,0.008000875876173765,0.389116801863738,0.30001028063633084,0.0,0.0,0.41690585399354163,0.0030883238048454624,0.004681572351951418,0.11324296053943486,0.0,0.03624117027542348,0.027583082660317965,0.0081,0.0,0.03167998786835098,0.003330354404202519,0.0101166666666666,0.0951,0.0,0.0,,,,0.0008007283633780525,0.004,1.213569765714365,3.6546786083521106,7.352591065739555,24.0,90.0,334.10544,7.6412662958477995,2024-08-15 13:00:00
2024-08-15 07:15:00,25.813151381106664,1.0,0.06279591483944666,0.2851973300785047,0.0033309918482700763,0.037471484501297295,0.6070980530739366,0.004854519647487354,0.0020248533333333337,0.008110506666666666,2.881777777777778e-26,1.2364377777777777e-06,3.3345333333333334e-06,3.653244444444444e-05,1.0883733333333335e-26,3.8159066666666665e-07,0.00024027777777777776,0.0001684763111111111,1.3475848888888887e-08,0.03827128888888889,0.0011839475555555554,0.00900944888888889,0.06351737777777777,2.819297777777778e-06,2.66472e-07,0.04,1309.8993055555554,1.2131944444444445,0.04951388888888889,1.2131944444444445,40.73433333333333,-111.87211,296.0506944444444,31.905555555555562,876.36875,130.48645833333333,2.4381944444444446,435415.0399305556,1968.5829367959143,128.62140046296298,11981456.815316672,0.0005946052947845,3.1862327228327227e-05,0.00029155609101214286,0.00044111508005219996,2.1752996586746583e-05,0.0009142519994159,0.002365038576238478,1.7236486666666666,2.5526222222222223,10.098254888888889,5.660568,0.1638668888888888,0.7256830222222223,1.483414488888889,0.0046972444444444,0.155067520226492,1.9169657333333332,0.0084400444444444,0.0692392,0.2500581891903415,0.08379032161372213,0.09508933051749689,0.0103839111111111,0.0342108,0.09427729304180797,0.024004679889848373,0.0019971347273789472,0.0462536888888888,0.0588057777777777,0.0444796888888888,0.0032376,0.0022536444444444,2.498375,0.19599999999999998,0.0418554817031247,0.0063750000000000005,0.0,0.07275,0.443,0.20037500000000003,0.064,0.008,0.008375,0.00775,1.4443121118010844,0.18998599176917075,0.082875,0.00975,0.09525000000000002,0.001245791641087143,0.06,0.018875,0.021374999999999998,0.584125,0.0445,0.057875,0.01475,0.004,0.007,0.004749999999999999,0.12075000000000001,0.132625,0.0009805398544793893,0.008,0.025375,0.2485,0.008625,0.025875,0.061875,0.008624999999999999,0.012125,0.121375,0.00175,0.0042286207520799745,0.00925,0.007701101773772123,0.0062499999999999995,0.001375,0.0052499999999999995,0.003125,0.0020452815494857294,0.009375,0.006,0.021,0.004875,0.001375,0.032125,0.025124999999999998,0.0045000000000000005,0.0023919302860234285,0.007053262720487142,0.015005928090943412,0.0035183597525423713,0.0008189637464783286,0.17730493754801413,47700.0,47759.0,871.392851111111,32.876065555555556,171.8169333333333,22.999088888888885,1.6767877777777778,0.20425444444444446,0.005781111111111111,26.626546975555556,22.509224073333336,18.586881551111112,16.19454612,13.982236419999998,11.681346490000001,9.51572307777778,8.108682726666665,6.8054495600000005,5.76679707888889,5.144156638888887,4.647029473333332,4.304573307777778,3.883303802222222,2.9773767300000005,7.6350646977777785,2.105749655555555,0.5237021955555555,0.32251555666666665,0.05843832333333333,0.06008584777777778,0.047191359999999995,0.03152422333333334,0.02448011333333333,0.018456220000000006,0.023917908888888888,0.023733841111111112,0.015816964444444442,0.012123814444444445,0.03141635,0.03727448111111111,0.028729722222222222,0.026562675555555554,0.011184122222222221,0.022323009999999997,0.023010069999999997,1.242973217457759,11815157.685185185,1917.4268430287793,0.31507041182660356,0.09870270178478922,0.0,0.0003475741113969366,1.987725937589894,0.0282444444444444,0.01594222644893732,0.0516,0.0103839111111111,0.04713920553051415,0.0,0.0,0.0076444444444444,0.021,0.0975714285714285,0.0315888888888888,0.0,1.377870292840223,0.06375677141498251,0.0,0.03015275566316506,0.0,0.021374999999999998,0.12524940508824162,0.056191928757706885,0.0930486563599759,0.0884747402683287,0.030857285717239735,0.011310393924550563,0.007146482069717201,0.15704185314392827,0.0038931401023243476,0.7935371074200439,0.032489335491587605,0.007709570662176075,0.38648014792823,0.2995847540897979,0.0,0.0,0.4190171862313068,0.003178482546795557,0.0047196830609878195,0.12376032228807832,0.0,0.03617817674737564,0.027531863003267314,0.0081,0.0,0.031612288730291684,0.0032807389551068695,0.0101166666666666,0.0951,0.0,0.0,,,,0.0008228515944613888,0.004,1.2409045622012747,3.836294041107626,7.190784015883791,25.0,90.0,346.39767,4.100282672748473,2024-08-15 13:15:00
2024-08-15 07:30:00,26.89591417318686,1.0,0.06315820425302367,0.27758111359443505,0.003288914037221378,0.03625628600808912,0.6271811135409651,0.005048600416071952,0.003086008888888889,0.011809097777777777,3.876373333333334e-26,2.207128888888889e-06,5.5743022222222224e-06,6.067422222222222e-05,1.4509644444444444e-26,7.612453333333333e-07,0.0003892755555555555,0.0002748155555555556,2.4586977777777776e-08,0.05222968888888889,0.0019175955555555554,0.011573871111111111,0.08488991111111112,4.715493333333333e-06,5.045866666666666e-07,0.04,1309.8591666666666,1.1218333333333335,0.04941666666666667,1.1218333333333335,40.734334000000004,-111.87211,296.5258333333333,31.19166666666667,876.4025,133.12725,2.3308333333333335,435396.20634920645,1967.894788320961,131.36761243386243,11889471.624705357,0.0005897015476189667,3.382151892551893e-05,0.00030283518759016665,0.0004201406593714666,2.267731268731268e-05,0.0009201326306717666,0.0023250533975668407,1.7698584,2.7347716666666666,9.882305866666666,5.660568,0.1638668888888888,0.7256830222222223,1.483414488888889,0.0046972444444444,0.1548820660040024,1.9169657333333332,0.0084400444444444,0.0692392,0.25654703642781723,0.08379863524526557,0.09890340260597594,0.0103839111111111,0.0342108,0.09428773322239582,0.02438691725423442,0.0019971347273789472,0.0462536888888888,0.0588057777777777,0.0444796888888888,0.0032376,0.0022536444444444,2.515083333333333,0.19866666666666666,0.0452834587286919,0.006750000000000001,0.0,0.07283333333333333,0.44266666666666665,0.20008333333333334,0.064,0.008,0.008416666666666666,0.008166666666666666,1.4399801201919777,0.1958733241879675,0.08341666666666667,0.009833333333333333,0.10416666666666669,0.001296072198348,0.06166666666666667,0.018416666666666665,0.02175,0.56625,0.046,0.060750000000000005,0.015166666666666667,0.004,0.007200000000000001,0.005166666666666666,0.11916666666666667,0.13591666666666666,0.0009783776160882103,0.008,0.026750000000000003,0.24433333333333332,0.008916666666666666,0.02575,0.06208333333333333,0.008583333333333333,0.011916666666666666,0.12075,0.0018333333333333333,0.0041948361116439644,0.009833333333333333,0.007921028322187315,0.006833333333333333,0.0014166666666666668,0.0055,0.0032500000000000003,0.0021089294461866808,0.00975,0.006333333333333333,0.02266666666666667,0.005083333333333334,0.0014166666666666668,0.032916666666666664,0.025916666666666664,0.004666666666666666,0.002482197938912867,0.0076011142428250335,0.014879654003928133,0.003485822724066,0.0008032529252845333,0.18949580827761742,48600.0,48659.0,871.4642213333332,32.770378666666666,170.54051999999996,22.892406666666663,1.6846953333333332,0.20585533333333336,0.0057873333333333336,26.589423520666667,22.419534988000002,18.494419061333332,16.075584794,13.839339853999999,11.551862388000002,9.422766243333337,8.025775371999998,6.720722522000001,5.691439444666667,5.066799166666666,4.582714317999999,4.245813719333333,3.8334594626666667,2.9393431760000004,7.571851637333333,2.1006327866666665,0.5321358346666666,0.330354618,0.05902478799999999,0.062359017333333336,0.05018168199999999,0.032527668,0.025211786,0.018551664000000006,0.024243990666666666,0.023425759333333334,0.017031007333333334,0.012607527333333333,0.03130562,0.03628937733333334,0.029137966666666668,0.027709860666666666,0.012030396666666667,0.021481712,0.023659483999999998,1.356629442020178,11724449.222222222,1916.7422116345351,0.31808668403297113,0.10086593461740631,0.0,0.0003475741113969366,1.9986607330735122,0.0282444444444444,0.01594222644893732,0.0516,0.0103839111111111,0.04713920553051415,0.0,0.0,0.0076444444444444,0.02266666666666667,0.0975714285714285,0.0315888888888888,0.0,1.4864732345600002,0.0658972586094636,0.0,0.030046000475918537,0.0,0.02175,0.12634301988905056,0.056917597986970526,0.09324779568966299,0.0896215062720928,0.03109904618361344,0.01134365110572792,0.007028222715117259,0.1557639026093315,0.004060683223702084,0.7785698246439924,0.03276575343028866,0.0074182654481783844,0.383843493992722,0.299159227543265,0.0,0.0,0.4211285184690719,0.0032686412887456516,0.004757793770024222,0.13427768403672177,0.0,0.0361151832193278,0.027480643346216665,0.0081,0.0,0.03154458959223239,0.0032311235060112206,0.0101166666666666,0.0951,0.0,0.0,,,,0.0008449748255447253,0.004,1.2682393586881844,4.017909473863141,7.028976966028027,26.0,90.0,362.77087,2.632776448321137,2024-08-15 13:30:00
2024-08-15 07:45:00,27.978676965267052,1.0,0.06352049366660067,0.2699648971103654,0.0032468362261726794,0.035041087514880935,0.6472641740079936,0.00524268118465655,0.0040856266666666665,0.014967511111111111,5.010684444444445e-26,3.5346577777777777e-06,8.379742222222221e-06,8.972782222222224e-05,1.858768888888889e-26,1.3930337777777777e-06,0.000556952,0.00039438533333333335,4.057671111111111e-08,0.0629976,0.0027014577777777775,0.013447777777777777,0.10106191111111111,7.039986666666667e-06,8.871537777777777e-07,0.04,1309.8190277777778,1.0304722222222222,0.04931944444444445,1.0304722222222222,40.73433466666667,-111.87211,297.0009722222222,30.47777777777778,876.43625,135.76804166666665,2.223472222222222,435377.3727678572,1967.2066398460076,134.1138244047619,11797486.434094043,0.0005847978004534333,3.578071062271062e-05,0.0003141142841681905,0.00039916623869073325,2.3601628787878783e-05,0.0009260132619276333,0.0022850682188952035,1.8160681333333333,2.916921111111111,9.666356844444445,5.660568,0.1638668888888888,0.7256830222222223,1.483414488888889,0.0046972444444444,0.15469661178151276,1.9169657333333332,0.0084400444444444,0.0692392,0.26303588366529296,0.08380694887680902,0.10271747469445497,0.0103839111111111,0.0342108,0.09429817340298367,0.024769154618620465,0.0019971347273789472,0.0462536888888888,0.0588057777777777,0.0444796888888888,0.0032376,0.0022536444444444,2.5317916666666664,0.2013333333333333,0.0487114357542591,0.007125000000000001,0.0,0.07291666666666666,0.44233333333333336,0.19979166666666667,0.064,0.008,0.008458333333333333,0.008583333333333333,1.435648128582871,0.20176065660676423,0.08395833333333333,0.009916666666666666,0.11308333333333336,0.0013463527556088573,0.06333333333333334,0.017958333333333333,0.022125,0.5483750000000001,0.0475,0.06362500000000001,0.015583333333333334,0.004,0.0074,0.0055833333333333325,0.11758333333333335,0.13920833333333332,0.0009762153776970312,0.008,0.028125,0.24016666666666664,0.009208333333333332,0.025625,0.06229166666666667,0.008541666666666666,0.011708333333333333,0.120125,0.0019166666666666668,0.004161051471207954,0.010416666666666666,0.008140954870602506,0.007416666666666666,0.0014583333333333334,0.00575,0.003375,0.002172577342887632,0.010124999999999999,0.006666666666666666,0.024333333333333332,0.005291666666666667,0.0014583333333333334,0.03370833333333333,0.026708333333333334,0.004833333333333334,0.0025724655918023046,0.008148965765162924,0.014753379916912852,0.0034532856955896284,0.0007875421040907381,0.2016866790072207,49500.0,49559.0,871.5355915555555,32.664691777777776,169.26410666666663,22.78572444444444,1.6926028888888889,0.20745622222222224,0.005793555555555556,26.55230006577778,22.32984590266667,18.401956571555555,15.956623468,13.696443288,11.422378286,9.329809408888892,7.942868017333332,6.635995484,5.616081810444445,4.9894416944444435,4.5183991626666655,4.187054130888889,3.7836151231111113,2.9013096220000003,7.508638576888889,2.0955159177777776,0.5405694737777778,0.33819367933333333,0.059611252666666656,0.06463218688888889,0.053172003999999995,0.03353111266666667,0.025943458666666665,0.018647108000000006,0.024570072444444445,0.023117677555555556,0.018245050222222222,0.013091240222222224,0.03119489,0.03530427355555556,0.029546211111111113,0.028857045777777778,0.012876671111111111,0.020640414,0.024308897999999995,1.7627536577930851,11633740.75925926,1916.0575802402911,0.32110295623933877,0.1030291674500234,0.0,0.0003475741113969366,2.0095955285571305,0.0282444444444444,0.01594222644893732,0.0516,0.0103839111111111,0.04713920553051415,0.0,0.0,0.0076444444444444,0.024333333333333332,0.0975714285714285,0.0315888888888888,0.0,1.874540713542222,0.06803774580394469,0.0,0.029939245288672017,0.0,0.022125,0.12743663468985952,0.05764326721623417,0.09344693501935009,0.09076827227585689,0.031340806649987146,0.011376908286905277,0.006909963360517317,0.15448595207473478,0.004228226345079819,0.763602541867941,0.033042171368989716,0.007126960234180694,0.38120684005721406,0.2987337009967321,0.0,0.0,0.423239850706837,0.003358800030695746,0.004795904479060624,0.14479504578536526,0.0,0.03605218969127997,0.027429423689166014,0.0081,0.0,0.031476890454173095,0.003181508056915571,0.0101166666666666,0.0951,0.0,0.0,,,,0.0008670980566280617,0.004,1.2955741551750939,4.199524906618656,6.867169916172262,27.0,90.0,383.64966,1.940685961403101,2024-08-15 13:45:00
2024-08-15 08:00:00,29.061439757347244,1.0,0.06388278308017768,0.2623486806262958,0.003204758415123981,0.03382588902167276,0.6673472344750222,0.005436761953241148,0.00497736,0.017583466666666665,6.350231111111111e-26,5.1795555555555555e-06,1.1558911111111111e-05,0.00012154395555555555,2.3353600000000002e-26,2.3480266666666668e-06,0.0007301951111111111,0.0005157724444444444,6.158528888888889e-08,0.0713155111111111,0.0034650844444444446,0.014848755555555556,0.11340044444444444,9.642795555555557e-06,1.4583146666666667e-06,0.04,1309.7788888888888,0.9391111111111111,0.04922222222222222,0.9391111111111111,40.734335333333334,-111.87211,297.4761111111111,29.763888888888893,876.47,138.40883333333332,2.116111111111111,435358.539186508,1966.5184913710546,136.8600363756614,11705501.24348273,0.0005798940532879,3.773990231990232e-05,0.0003253933807462143,0.00037819181800999996,2.4525944888444885e-05,0.0009318938931835,0.0022450830402235664,1.8622778666666666,3.0990705555555556,9.450407822222223,5.660568,0.1638668888888888,0.7256830222222223,1.483414488888889,0.0046972444444444,0.15451115755902312,1.9169657333333332,0.0084400444444444,0.0692392,0.2695247309027687,0.08381526250835246,0.106531546782934,0.0103839111111111,0.0342108,0.09430861358357154,0.02515139198300651,0.0019971347273789472,0.0462536888888888,0.0588057777777777,0.0444796888888888,0.0032376,0.0022536444444444,2.5484999999999998,0.204,0.0521394127798263,0.007500000000000001,0.0,0.073,0.442,0.1995,0.064,0.008,0.0085,0.009000000000000001,1.4313161369737646,0.20764798902556098,0.08449999999999999,0.009999999999999998,0.12200000000000001,0.0013966333128697145,0.065,0.0175,0.0225,0.5305,0.049,0.0665,0.016,0.004,0.0076,0.005999999999999999,0.116,0.1425,0.0009740531393058522,0.008,0.0295,0.236,0.0095,0.025500000000000002,0.0625,0.0085,0.0115,0.1195,0.002,0.004127266830771944,0.011,0.008360881419017698,0.008,0.0015,0.005999999999999999,0.0035,0.002236225239588584,0.010499999999999999,0.007,0.026000000000000002,0.0055,0.0015,0.0345,0.027499999999999997,0.005,0.002662733244691743,0.008696817287500814,0.01462710582989757,0.003420748667113257,0.0007718312828969428,0.213877549736824,50400.0,50459.0,871.6069617777777,32.559004888888886,167.9876933333333,22.67904222222222,1.7005104444444443,0.20905711111111114,0.005799777777777778,26.51517661088889,22.240156817333332,18.30949408177778,15.837662142,13.553546721999998,11.292894184000001,9.236852574444447,7.859960662666666,6.551268446000001,5.540724176222223,4.912084222222221,4.454084007333333,4.128294542444444,3.7337707835555554,2.8632760680000002,7.445425516444445,2.0903990488888886,0.5490031128888888,0.34603274066666667,0.060197717333333324,0.06690535644444444,0.056162326,0.034534557333333334,0.02667513133333333,0.018742552000000006,0.02489615422222222,0.022809595777777778,0.01945909311111111,0.01357495311111111,0.031084160000000003,0.03431916977777778,0.029954455555555558,0.030004230888888886,0.013722945555555555,0.019799116,0.024958311999999996,1.7243454650645036,11543032.296296295,1915.372948846047,0.3241192284457064,0.10519240028264049,0.0,0.0003475741113969366,2.020530324040749,0.0282444444444444,0.01594222644893732,0.0516,0.0103839111111111,0.04713920553051415,0.0,0.0,0.0076444444444444,0.026000000000000002,0.0975714285714285,0.0315888888888888,0.0,1.8378401920131675,0.07017823299842577,0.0,0.029832490101425493,0.0,0.0225,0.12853024949066846,0.058368936445497815,0.09364607434903717,0.09191503827962097,0.03158256711636085,0.011410165468082633,0.006791704005917375,0.15320800154013803,0.004395769466457556,0.7486352590918894,0.03331858930769077,0.006835655020183004,0.37857018612170606,0.29830817445019914,0.0,0.0,0.42535118294460217,0.0034489587726458408,0.004834015188097026,0.1553124075340087,0.0,0.03598919616323213,0.027378204032115366,0.0081,0.0,0.031409191316113805,0.003131892607819922,0.0101166666666666,0.0951,0.0,0.0,,,,0.000889221287711398,0.004,1.3229089516620038,4.381140339374172,6.705362866316498,28.0,387.5,409.33664,1.5690128308295304,2024-08-15 14:00:00
2024-08-15 08:15:00,30.685583945467535,1.0,0.06424507249375469,0.25473246414222617,0.0031626806040752826,0.032610690528464575,0.6874302949420508,0.005630842721825746,0.005749866666666667,0.019725955555555556,7.970684444444445e-26,7.04824e-06,1.4885200000000001e-05,0.00015404444444444443,2.9069200000000006e-26,3.6607555555555553e-06,0.0008988191111111112,0.0006311542222222222,8.700404444444444e-08,0.07780066666666666,0.004169524444444445,0.015914044444444445,0.12294444444444445,1.2366786666666666e-05,2.2467777777777774e-06,0.04,1309.73875,0.84775,0.049125,0.84775,40.734336,-111.87211,297.95124999999996,29.050000000000004,876.50375,141.049625,2.00875,435339.7056051588,1965.8303428961012,139.60624834656085,11613516.052871415,0.0005749903061223667,3.969909401709402e-05,0.00033667247732423807,0.0003572173973292666,2.5450260989010983e-05,0.0009377745244393667,0.0022050978615519297,1.9084876,3.2812200000000002,9.2344588,5.660568,0.1638668888888888,0.7256830222222223,1.483414488888889,0.0046972444444444,0.15432570333653348,1.9169657333333332,0.0084400444444444,0.0692392,0.2760135781402444,0.08382357613989591,0.11034561887141305,0.0103839111111111,0.0342108,0.09431905376415939,0.025533629347392558,0.0019971347273789472,0.0462536888888888,0.0588057777777777,0.0444796888888888,0.0032376,0.0022536444444444,2.5652083333333335,0.20666666666666667,0.05556738980539349,0.007875,0.0,0.07308333333333333,0.44166666666666665,0.19920833333333335,0.064,0.008,0.008541666666666666,0.009416666666666667,1.426984145364658,0.21353532144435772,0.08504166666666667,0.010083333333333333,0.13091666666666668,0.0014469138701305715,0.06666666666666667,0.017041666666666667,0.022875,0.512625,0.0505,0.069375,0.016416666666666666,0.004,0.0078000000000000005,0.006416666666666666,0.11441666666666667,0.14579166666666665,0.0009718909009146733,0.008,0.030875,0.23183333333333334,0.009791666666666667,0.025375,0.06270833333333334,0.008458333333333333,0.011291666666666667,0.11887500000000001,0.0020833333333333333,0.004093482190335934,0.011583333333333333,0.00858080796743289,0.008583333333333332,0.0015416666666666667,0.0062499999999999995,0.003625,0.0022998731362895352,0.010875,0.007333333333333333,0.027666666666666666,0.0057083333333333335,0.0015416666666666667,0.035291666666666666,0.028291666666666666,0.005166666666666667,0.002753000897581181,0.009244668809838704,0.01450083174288229,0.003388211638636886,0.0007561204617031476,0.22606842046642728,51300.0,51359.0,871.678332,32.453317999999996,166.71128,22.572359999999996,1.708418,0.210658,0.005806,26.478053156,22.150467732,18.217031592,15.718700816,13.410650155999999,11.163410082,9.143895740000001,7.777053307999999,6.466541408,5.465366542000001,4.834726749999999,4.3897688519999996,4.069534954,3.683926444,2.825242514,7.382212456,2.0852821799999997,0.557436752,0.353871802,0.06078418199999999,0.06917852599999999,0.059152647999999995,0.035538002,0.027406804,0.018837996000000006,0.025222236,0.022501514,0.020673135999999998,0.014058666000000001,0.030973430000000003,0.033334066,0.030362700000000003,0.031151416,0.014569219999999999,0.018957818,0.025607725999999997,1.4481363495687816,11452323.833333332,1914.6883174518027,0.327135500652074,0.10735563311525756,0.0,0.0003475741113969366,2.031465119524367,0.0282444444444444,0.01594222644893732,0.0516,0.0103839111111111,0.04713920553051415,0.0,0.0,0.0076444444444444,0.027666666666666666,0.0975714285714285,0.0315888888888888,0.0,1.5739116426693618,0.07231872019290685,0.0,0.02972573491417897,0.0,0.022875,0.1296238642914774,0.05909460567476146,0.09384521367872425,0.09306180428338506,0.031824327582734555,0.01144342264925999,0.006673444651317433,0.1519300510055413,0.004563312587835291,0.733667976315838,0.03359500724639183,0.006544349806185314,0.37593353218619807,0.2978826479036662,0.0,0.0,0.4274625151823673,0.003539117514595935,0.004872125897133428,0.16582976928265217,0.0,0.03592620263518429,0.027326984375064714,0.0081,0.0,0.03134149217805451,0.003082277158724273,0.0101166666666666,0.0951,0.0,0.0,,,,0.0009113445187947345,0.004,1.3502437481489133,4.5627557721296865,6.543555816460733,29.5,1025.0,439.99472,1.3504760067610084,2024-08-15 14:15:00
2024-08-15 08:30:00,32.309728133587825,1.0,0.0646073619073317,0.24711624765815654,0.003120602793026584,0.03139549203525639,0.7075133554090793,0.005824923490410344,0.0064171555555555555,0.02149346666666667,9.982826666666667e-26,9.053395555555556e-06,1.8216755555555556e-05,0.0001861311111111111,3.6114577777777785e-26,5.340528888888889e-06,0.0010587182222222223,0.000738172,1.1610115555555555e-07,0.08295302222222221,0.0048081466666666664,0.016746888888888888,0.13047377777777777,1.5117022222222222e-05,3.26856e-06,0.04,1309.6986111111112,0.7563888888888889,0.04902777777777778,0.7563888888888889,40.73433666666667,-111.87211,298.4263888888889,28.336111111111112,876.5375,143.69041666666666,1.901388888888889,435320.8720238096,1965.142194421148,142.35246031746033,11521530.862260101,0.0005700865589568333,4.165828571428571e-05,0.0003479515739022619,0.00033624297664853326,2.6374577089577082e-05,0.0009436551556952332,0.0021651126828802925,1.9546973333333333,3.4633694444444445,9.018509777777778,5.660568,0.1638668888888888,0.7256830222222223,1.483414488888889,0.0046972444444444,0.15414024911404386,1.9169657333333332,0.0084400444444444,0.0692392,0.28250242537772013,0.08383188977143935,0.11415969095989209,0.0103839111111111,0.0342108,0.09432949394474724,0.025915866711778604,0.0019971347273789472,0.0462536888888888,0.0588057777777777,0.0444796888888888,0.0032376,0.0022536444444444,2.581916666666667,0.20933333333333332,0.05899536683096069,0.00825,0.0,0.07316666666666666,0.44133333333333336,0.19891666666666669,0.064,0.008,0.008583333333333333,0.009833333333333333,1.4226521537555512,0.21942265386315446,0.08558333333333333,0.010166666666666666,0.13983333333333337,0.0014971944273914285,0.06833333333333333,0.016583333333333332,0.02325,0.49475,0.052000000000000005,0.07225000000000001,0.016833333333333332,0.004,0.008,0.006833333333333332,0.11283333333333334,0.14908333333333335,0.0009697286625234943,0.008,0.03225,0.22766666666666666,0.010083333333333333,0.02525,0.06291666666666666,0.008416666666666666,0.011083333333333334,0.11825,0.0021666666666666666,0.004059697549899924,0.012166666666666666,0.00880073451584808,0.009166666666666667,0.0015833333333333333,0.006499999999999999,0.00375,0.0023635210329904866,0.01125,0.007666666666666666,0.029333333333333336,0.005916666666666667,0.0015833333333333333,0.036083333333333335,0.029083333333333333,0.005333333333333333,0.002843268550470619,0.009792520332176594,0.01437455765586701,0.0033556746101605145,0.0007404096405093524,0.23825929119603056,52200.0,52259.0,871.7497022222221,32.347631111111106,165.43486666666664,22.465677777777774,1.7163255555555554,0.2122588888888889,0.005812222222222223,26.440929701111113,22.060778646666666,18.12456910222222,15.59973949,13.26775359,11.033925980000001,9.050938905555558,7.694145953333332,6.381814370000001,5.390008907777778,4.757369277777777,4.325453696666666,4.010775365555555,3.6340821044444445,2.7872089600000005,7.318999395555555,2.080165311111111,0.565870391111111,0.36171086333333335,0.06137064666666665,0.07145169555555556,0.06214296999999999,0.036541446666666665,0.028138476666666665,0.018933440000000006,0.025548317777777777,0.022193432222222222,0.021887178888888886,0.014542378888888888,0.030862700000000003,0.03234896222222222,0.030770944444444448,0.03229860111111111,0.015415494444444443,0.01811652,0.026257139999999998,1.4602118258798809,11361615.37037037,1914.0036860575588,0.33015177285844155,0.10951886594787466,0.0,0.0003475741113969366,2.0423999150079855,0.0282444444444444,0.01594222644893732,0.0516,0.0103839111111111,0.04713920553051415,0.0,0.0,0.0076444444444444,0.029333333333333336,0.0975714285714285,0.0315888888888888,0.0,1.5854502298,0.07445920738738793,0.0,0.02961897972693245,0.0,0.02325,0.13071747909228637,0.059820274904025104,0.09404435300841135,0.09420857028714916,0.03206608804910826,0.011476679830437347,0.006555185296717491,0.15065210047094457,0.004730855709213027,0.7187006935397866,0.033871425185092875,0.006253044592187624,0.37329687825069013,0.29745712135713326,0.0,0.0,0.4295738474201324,0.0036292762565460295,0.00491023660616983,0.17634713103129562,0.0,0.03586320910713646,0.027275764718014066,0.0081,0.0,0.03127379303999521,0.0030326617096286235,0.0101166666666666,0.0951,0.0,0.0,,,,0.0009334677498780709,0.004,1.3775785446358233,4.744371204885202,6.381748766604969,31.0,1662.5,475.63568,1.2114695940522497,2024-08-15 14:30:00
2024-08-15 08:45:00,33.933872321708115,1.0,0.0649696513209087,0.2395000311740869,0.0030785249819778857,0.030180293542048223,0.7275964158761079,0.006019004258994942,0.0069899555555555555,0.022959733333333333,1.2546355555555555e-25,1.1120182222222222e-05,2.1439244444444445e-05,0.00021691288888888889,4.50376e-26,7.369422222222222e-06,0.0012066355555555555,0.0008349942222222222,1.4799911111111111e-07,0.08711377777777778,0.005376488888888889,0.017410222222222223,0.13651955555555556,1.7813155555555555e-05,4.522697777777778e-06,0.04,1309.6584722222221,0.6650277777777778,0.04893055555555556,0.6650277777777778,40.734337333333336,-111.87211,298.90152777777774,27.622222222222224,876.57125,146.33120833333334,1.7940277777777778,435302.03844246035,1964.4540459461946,145.0986722883598,11429545.671648787,0.0005651828117913,4.3617477411477416e-05,0.00035923067048028575,0.00031526855596779996,2.7298893190143184e-05,0.0009495357869510999,0.0021251275042086554,2.0009070666666666,3.6455188888888888,8.802560755555556,5.660568,0.1638668888888888,0.7256830222222223,1.483414488888889,0.0046972444444444,0.15395479489155423,1.9169657333333332,0.0084400444444444,0.0692392,0.28899127261519586,0.0838402034029828,0.11797376304837112,0.0103839111111111,0.0342108,0.0943399341253351,0.02629810407616465,0.0019971347273789472,0.0462536888888888,0.0588057777777777,0.0444796888888888,0.0032376,0.0022536444444444,2.598625,0.212,0.06242334385652789,0.008625,0.0,0.07325,0.441,0.198625,0.064,0.008,0.008624999999999999,0.01025,1.4183201621464445,0.22530998628195123,0.086125,0.010249999999999999,0.14875000000000005,0.0015474749846522858,0.07,0.016125,0.023625,0.476875,0.053500000000000006,0.075125,0.01725,0.004,0.0082,0.007249999999999999,0.11125,0.15237499999999998,0.0009675664241323153,0.008,0.033625,0.22349999999999998,0.010374999999999999,0.025125,0.063125,0.008375,0.010875,0.11762500000000001,0.0022500000000000003,0.004025912909463914,0.01275,0.009020661064263275,0.009749999999999998,0.0016250000000000001,0.006749999999999999,0.003875,0.002427168929691438,0.011625,0.008,0.031,0.006125,0.0016250000000000001,0.036875,0.029875,0.0055,0.002933536203360057,0.010340371854514484,0.014248283568851728,0.003323137581684143,0.0007246988193155572,0.2504501619256339,53100.0,53159.0,871.8210724444443,32.241944222222216,164.1584533333333,22.358995555555552,1.724233111111111,0.2138597777777778,0.005818444444444445,26.403806246222224,21.971089561333333,18.032106612444444,15.480778164,13.124857023999999,10.904441878,8.957982071111113,7.611238598666666,6.297087332,5.314651273555556,4.680011805555555,4.261138541333333,3.9520157771111113,3.584237764888889,2.7491754060000004,7.255786335111111,2.075048442222222,0.5743040302222222,0.36954992466666664,0.06195711133333332,0.07372486511111111,0.065133292,0.03754489133333333,0.02887014933333333,0.019028884000000006,0.025874399555555552,0.021885350444444444,0.023101221777777778,0.015026091777777778,0.030751970000000003,0.03136385844444445,0.03117918888888889,0.03344578622222222,0.01626176888888889,0.017275222,0.026906553999999996,1.4768522824218526,11270906.907407407,1913.3190546633145,0.3331680450648092,0.11168209878049173,0.0,0.0003475741113969366,2.0533347104916038,0.0282444444444444,0.01594222644893732,0.0516,0.0103839111111111,0.04713920553051415,0.0,0.0,0.0076444444444444,0.031,0.0975714285714285,0.0315888888888888,0.0,1.6013508330355557,0.07659969458186902,0.0,0.029512224539685925,0.0,0.023625,0.1318110938930953,0.060545944133288745,0.09424349233809844,0.09535533629091325,0.03230784851548196,0.011509937011614704,0.006436925942117549,0.14937414993634782,0.004898398830590763,0.7037334107637352,0.03414784312379393,0.005961739378189933,0.37066022431518214,0.2970315948106004,0.0,0.0,0.4316851796578975,0.003719434998496124,0.004948347315206231,0.1868644927799391,0.0,0.03580021557908862,0.027224545060963414,0.0081,0.0,0.03120609390193592,0.002983046260532974,0.0101166666666666,0.0951,0.0,0.0,,,,0.0009555909809614072,0.004,1.4049133411227328,4.925986637640717,6.219941716749204,32.5,2300.0,516.11536,1.119504640181417,2024-08-15 14:45:00
2024-08-15 09:00:00,35.558016509828406,1.0,0.06533194073448573,0.2318838146900173,0.0030364471709291873,0.02896509504884004,0.7476794763431365,0.00621308502757954,0.007482866666666667,0.024185822222222222,1.5910933333333334e-25,1.3188355555555557e-05,2.44948e-05,0.00024597155555555555,5.668924444444444e-26,9.712177777777779e-06,0.0013421644444444444,0.0009218897777777778,1.8184711111111111e-07,0.09051711111111112,0.0058801155555555555,0.01794671111111111,0.14143733333333333,2.0413111111111108e-05,5.99404e-06,0.04,1309.6183333333333,0.5736666666666668,0.04883333333333334,0.5736666666666668,40.734338,-111.87211,299.37666666666667,26.90833333333333,876.605,148.97199999999998,1.6866666666666668,435283.2048611112,1963.7658974712415,147.8448842592593,11337560.481037471,0.0005602790646257667,4.5576669108669105e-05,0.00037050976705830954,0.0002942941352870666,2.8223209290709286e-05,0.0009554164182069666,0.0020851423255370182,2.0471168,3.8276683333333335,8.586611733333333,5.660568,0.1638668888888888,0.7256830222222223,1.483414488888889,0.0046972444444444,0.15376934066906459,1.9169657333333332,0.0084400444444444,0.0692392,0.2954801198526716,0.08384851703452624,0.12178783513685017,0.0103839111111111,0.0342108,0.09435037430592295,0.026680341440550696,0.0019971347273789472,0.0462536888888888,0.0588057777777777,0.0444796888888888,0.0032376,0.0022536444444444,2.6153333333333335,0.21466666666666664,0.06585132088209508,0.009000000000000001,0.0,0.07333333333333333,0.44066666666666665,0.19833333333333333,0.064,0.008,0.008666666666666666,0.010666666666666668,1.4139881705373378,0.23119731870074797,0.08666666666666667,0.010333333333333333,0.15766666666666668,0.001597755541913143,0.07166666666666667,0.015666666666666666,0.024,0.459,0.05500000000000001,0.07800000000000001,0.017666666666666667,0.004,0.008400000000000001,0.007666666666666665,0.10966666666666668,0.15566666666666668,0.0009654041857411363,0.008,0.035,0.21933333333333332,0.010666666666666666,0.025,0.06333333333333334,0.008333333333333333,0.010666666666666666,0.117,0.002333333333333333,0.003992128269027904,0.013333333333333332,0.009240587612678465,0.010333333333333333,0.0016666666666666666,0.006999999999999999,0.004,0.0024908168263923893,0.012,0.008333333333333333,0.03266666666666667,0.006333333333333333,0.0016666666666666666,0.03766666666666667,0.030666666666666665,0.005666666666666667,0.003023803856249495,0.010888223376852375,0.014122009481836447,0.0032906005532077716,0.0007089879981217619,0.2626410326552372,54000.0,54059.0,871.8924426666666,32.13625733333333,162.88204,22.252313333333333,1.7321406666666666,0.2154606666666667,0.005824666666666667,26.366682791333332,21.881400476,17.939644122666667,15.361816838,12.981960458,10.774957776,8.865025236666668,7.528331243999999,6.212360294,5.239293639333334,4.602654333333333,4.196823386,3.893256188666667,3.5343934253333336,2.7111418520000004,7.192573274666667,2.069931573333333,0.5827376693333333,0.377388986,0.06254357599999999,0.07599803466666666,0.068123614,0.038548336,0.029601822,0.019124328000000003,0.02620048133333333,0.021577268666666666,0.024315264666666662,0.015509804666666667,0.030641240000000004,0.030378754666666667,0.03158743333333334,0.03459297133333333,0.017108043333333333,0.016433924000000003,0.027555967999999997,1.3318623235881357,11180198.444444444,1912.6344232690703,0.3361843172711768,0.11384533161310882,0.0,0.0003475741113969366,2.064269505975222,0.0282444444444444,0.01594222644893732,0.0516,0.0103839111111111,0.04713920553051415,0.0,0.0,0.0076444444444444,0.03266666666666667,0.0975714285714285,0.0315888888888888,0.0,1.4628072899098268,0.07874018177635009,0.0,0.0294054693524394,0.0,0.024,0.13290470869390425,0.06127161336255239,0.09444263166778552,0.09650210229467733,0.032549608981855674,0.011543194192792062,0.006318666587517607,0.1480961994017511,0.005065941951968499,0.6887661279876837,0.034424261062494986,0.005670434164192243,0.36802357037967415,0.29660606826406744,0.0,0.0,0.43379651189566265,0.0038095937404462187,0.004986458024242633,0.19738185452858256,0.0,0.03573722205104078,0.027173325403912763,0.0081,0.0,0.031138394763876625,0.002933430811437325,0.0101166666666666,0.0951,0.0,0.0,,,,0.0009777142120447437,0.004,1.4322481376096425,5.107602070396233,6.058134666893441,34.0,2381.0,573.25836,1.0566263483902785,2024-08-15 15:00:00
2024-08-15 09:15:00,35.64076100655227,1.0,0.06569423014806273,0.22426759820594766,0.002994369359880489,0.027749896555631856,0.767762536810165,0.006407165796164138,0.00790764888888889,0.025217644444444447,2.0486355555555556e-25,1.5218044444444445e-05,2.735008888888889e-05,0.0002731093333333334,7.246924444444444e-26,1.2320844444444445e-05,0.0014653955555555555,0.0009994013333333334,2.169128888888889e-07,0.09332933333333333,0.006324791111111111,0.018384977777777776,0.14549111111111113,2.2886355555555556e-05,7.656835555555556e-06,0.04,1309.5781944444445,0.48230555555555554,0.04873611111111111,0.48230555555555554,40.734338666666666,-111.87211,299.85180555555553,26.194444444444443,876.63875,151.61279166666665,1.5793055555555555,435264.37127976195,1963.0777489962882,150.59109623015874,11245575.290426157,0.0005553753174602333,4.753586080586081e-05,0.00038178886363633333,0.00027331971460633326,2.9147525391275384e-05,0.0009612970494628333,0.0020451571468653815,2.0933265333333333,4.009817777777778,8.37066271111111,5.660568,0.1638668888888888,0.7256830222222223,1.483414488888889,0.0046972444444444,0.15358388644657495,1.9169657333333332,0.0084400444444444,0.0692392,0.3019689670901473,0.08385683066606969,0.1256019072253292,0.0103839111111111,0.0342108,0.0943608144865108,0.027062578804936743,0.0019971347273789472,0.0462536888888888,0.0588057777777777,0.0444796888888888,0.0032376,0.0022536444444444,2.632041666666667,0.21733333333333332,0.06927929790766228,0.009375000000000001,0.0,0.07341666666666666,0.44033333333333335,0.19804166666666667,0.064,0.008,0.008708333333333334,0.011083333333333334,1.4096561789282311,0.23708465111954471,0.08720833333333333,0.010416666666666666,0.16658333333333336,0.001648036099174,0.07333333333333333,0.015208333333333334,0.024375,0.44112500000000004,0.05650000000000001,0.080875,0.018083333333333333,0.004,0.0086,0.008083333333333331,0.10808333333333334,0.1589583333333333,0.0009632419473499574,0.008,0.036375000000000005,0.21516666666666667,0.010958333333333334,0.024875,0.06354166666666666,0.008291666666666666,0.010458333333333333,0.116375,0.002416666666666667,0.003958343628591894,0.013916666666666666,0.009460514161093656,0.010916666666666665,0.0017083333333333334,0.0072499999999999995,0.004125,0.0025544647230933406,0.012375,0.008666666666666666,0.034333333333333334,0.006541666666666667,0.0017083333333333334,0.03845833333333333,0.03145833333333333,0.005833333333333333,0.0031140715091389336,0.011436074899190267,0.013995735394821166,0.0032580635247314,0.0006932771769279667,0.2748319033848405,54900.0,54959.0,871.9638128888888,32.03057044444444,161.60562666666664,22.14563111111111,1.7400482222222222,0.21706155555555556,0.00583088888888889,26.329559336444444,21.791711390666666,17.84718163288889,15.242855512,12.839063892,10.645473674,8.772068402222224,7.445423889333332,6.127633256,5.163936005111111,4.52529686111111,4.132508230666667,3.8344966002222227,3.4845490857777777,2.6731082980000003,7.129360214222222,2.0648147044444443,0.5911713084444444,0.3852280473333333,0.06313004066666665,0.07827120422222221,0.07111393599999999,0.03955178066666666,0.03033349466666667,0.019219772000000003,0.02652656311111111,0.02126918688888889,0.025529307555555554,0.015993517555555555,0.030530510000000004,0.029393650888888893,0.03199567777777778,0.03574015644444444,0.017954317777777777,0.015592626,0.028205381999999994,1.5672626078274687,11089489.98148148,1911.9497918748264,0.3392005894775444,0.11600856444572591,0.0,0.0003475741113969366,2.0752043014588404,0.0282444444444444,0.01594222644893732,0.0516,0.0103839111111111,0.04713920553051415,0.0,0.0,0.0076444444444444,0.034333333333333334,0.0975714285714285,0.0315888888888888,0.0,1.6877414142702842,0.08088066897083118,0.0,0.029298714165192877,0.0,0.024375,0.1339983234947132,0.06199728259181604,0.0946417709974726,0.09764886829844142,0.03279136944822938,0.011576451373969418,0.006200407232917666,0.14681824886715436,0.005233485073346235,0.6737988452116321,0.03470067900119604,0.005379128950194554,0.36538691644416615,0.2961805417175345,0.0,0.0,0.43590784413342776,0.0038997524823963133,0.005024568733279036,0.20789921627722602,0.0,0.03567422852299294,0.027122105746862114,0.0081,0.0,0.03107069562581733,0.002883815362341676,0.0101166666666666,0.0951,0.0,0.0,,,,0.0009998374431280802,0.004,1.4595829340965523,5.289217503151748,5.8963276170376755,34.07642351873781,1826.0,636.17236,1.013024095753663,2024-08-15 15:15:00
2024-08-15 09:30:00,35.72350550327614,1.0,0.06605651956163974,0.21665138172187803,0.0029522915488317905,0.026534698062423673,0.7878455972771936,0.006601246564748736,0.008274097777777777,0.026089777777777778,2.6969244444444447e-25,1.717608888888889e-05,2.9991733333333333e-05,0.00029821599999999997,9.482373333333334e-26,1.5143288888888889e-05,0.0015766088888888889,0.0010681333333333333,2.5247511111111113e-07,0.09567186666666667,0.0067164,0.018747955555555553,0.14885911111111114,2.5218311111111114e-05,9.477342222222222e-06,0.04,1309.5380555555555,0.39094444444444454,0.04863888888888889,0.39094444444444454,40.73433933333334,-111.87211,300.32694444444445,25.480555555555554,876.6725,154.25358333333332,1.4719444444444445,435245.5376984127,1962.3896005213348,153.33730820105822,11153590.099814843,0.0005504715702947,4.94950525030525e-05,0.0003930679602143571,0.00025234529392559996,3.0071841491841483e-05,0.0009671776807187,0.0020051719681937444,2.1395362666666666,4.191967222222222,8.154713688888888,5.660568,0.1638668888888888,0.7256830222222223,1.483414488888889,0.0046972444444444,0.15339843222408533,1.9169657333333332,0.0084400444444444,0.0692392,0.3084578143276231,0.08386514429761313,0.12941597931380824,0.0103839111111111,0.0342108,0.09437125466709867,0.02744481616932279,0.0019971347273789472,0.0462536888888888,0.0588057777777777,0.0444796888888888,0.0032376,0.0022536444444444,2.64875,0.21999999999999997,0.07270727493322948,0.009750000000000002,0.0,0.0735,0.44,0.19775,0.064,0.008,0.008749999999999999,0.0115,1.4053241873191245,0.24297198353834148,0.08775,0.010499999999999999,0.17550000000000004,0.001698316656434857,0.07500000000000001,0.01475,0.02475,0.42325,0.058,0.08375,0.018500000000000003,0.004,0.0088,0.008499999999999999,0.10650000000000001,0.16225,0.0009610797089587783,0.008,0.03775,0.211,0.01125,0.02475,0.06375,0.00825,0.010249999999999999,0.11575,0.0025,0.003924558988155884,0.014499999999999999,0.00968044070950885,0.0115,0.00175,0.007499999999999999,0.00425,0.002618112619794292,0.01275,0.009000000000000001,0.036000000000000004,0.006750000000000001,0.00175,0.03925,0.03225,0.006,0.0032043391620283712,0.011983926421528157,0.013869461307805885,0.0032255264962550287,0.0006775663557341714,0.28702277411444377,55800.0,55859.0,872.0351831111111,31.924883555555553,160.3292133333333,22.03894888888889,1.7479557777777777,0.21866244444444444,0.0058371111111111115,26.292435881555555,21.702022305333333,17.75471914311111,15.123894186000001,12.696167326000001,10.515989571999999,8.67911156777778,7.362516534666666,6.042906218000001,5.088578370888889,4.447939388888889,4.068193075333333,3.775737011777778,3.434704746222222,2.635074744,7.066147153777777,2.0596978355555557,0.5996049475555556,0.39306710866666666,0.06371650533333333,0.08054437377777776,0.074104258,0.04055522533333333,0.03106516733333333,0.019315216000000003,0.026852644888888888,0.02096110511111111,0.026743350444444442,0.016477230444444442,0.030419780000000004,0.028408547111111113,0.03240392222222223,0.03688734155555555,0.01880059222222222,0.014751328000000001,0.028854795999999995,1.7967125999965714,10998781.518518517,1911.2651604805822,0.342216861683912,0.11817179727834298,0.0,0.0003475741113969366,2.0861390969424587,0.0282444444444444,0.01594222644893732,0.0516,0.0103839111111111,0.04713920553051415,0.0,0.0,0.0076444444444444,0.036000000000000004,0.0975714285714285,0.0315888888888888,0.0,1.9069898032,0.08302115616531226,0.0,0.029191958977946353,0.0,0.02475,0.13509193829552213,0.06272295182107968,0.09484091032715969,0.09879563430220552,0.03303312991460308,0.011609708555146776,0.006082147878317724,0.1455402983325576,0.005401028194723971,0.6588315624355807,0.0349770969398971,0.005087823736196863,0.36275026250865816,0.29575501517100156,0.0,0.0,0.43801917637119286,0.003989911224346407,0.005062679442315438,0.2184165780258695,0.0,0.035611234994945104,0.027070886089811466,0.0081,0.0,0.031002996487758037,0.0028341999132460265,0.0101166666666666,0.0951,0.0,0.0,,,,0.0010219606742114164,0.004,1.486917730583462,5.4708329359072625,5.734520567181912,34.152847037475624,1271.0,690.31903,0.9828548872534001,2024-08-15 15:30:00
2024-08-15 09:45:00,35.80625,1.0,0.06641880897521675,0.2090351652378084,0.002910213737783092,0.025319499569215503,0.8079286577442222,0.006795327333333334,0.008590839999999999,0.02683066666666667,3.659057777777778e-25,1.9042044444444444e-05,3.241542222222222e-05,0.00032126222222222223,1.2824715555555558e-25,1.8118800000000003e-05,0.0016765022222222222,0.0011291155555555555,2.8797822222222224e-07,0.09763368888888889,0.0070610222222222225,0.019049733333333332,0.15166222222222223,2.7394844444444446e-05,1.141952e-05,0.04,1309.4979166666667,0.2995833333333333,0.04854166666666667,0.2995833333333333,40.73434,-111.87211,300.8020833333333,24.766666666666666,876.70625,156.894375,1.3645833333333333,435226.70411706355,1961.7014520463817,156.08352017195767,11061604.90920353,0.0005455678231291667,5.14542442002442e-05,0.00040434705679238096,0.0002313708732448666,3.099615759240759e-05,0.0009730583119745666,0.0019651867895221073,2.185746,4.374116666666667,7.938764666666667,5.660568,0.1638668888888888,0.7256830222222223,1.483414488888889,0.0046972444444444,0.1532129780015957,1.9169657333333332,0.0084400444444444,0.0692392,0.31494666156509876,0.08387345792915658,0.13323005140228728,0.0103839111111111,0.0342108,0.09438169484768652,0.027827053533708835,0.0019971347273789472,0.0462536888888888,0.0588057777777777,0.0444796888888888,0.0032376,0.0022536444444444,2.6654583333333335,0.22266666666666665,0.07613525195879668,0.010125000000000002,0.0,0.07358333333333333,0.43966666666666665,0.19745833333333335,0.064,0.008,0.008791666666666666,0.011916666666666667,1.4009921957100178,0.24885931595713823,0.08829166666666666,0.010583333333333333,0.18441666666666667,0.0017485972136957143,0.07666666666666667,0.014291666666666666,0.025125,0.40537500000000004,0.059500000000000004,0.08662500000000001,0.01891666666666667,0.004,0.009000000000000001,0.008916666666666666,0.10491666666666667,0.16554166666666664,0.0009589174705675993,0.008,0.039125,0.2068333333333333,0.011541666666666665,0.024625,0.06395833333333334,0.008208333333333333,0.010041666666666666,0.115125,0.0025833333333333333,0.0038907743477198742,0.015083333333333332,0.00990036725792404,0.012083333333333331,0.0017916666666666667,0.007749999999999999,0.004375,0.0026817605164952433,0.013125,0.009333333333333332,0.03766666666666667,0.006958333333333334,0.0017916666666666667,0.04004166666666667,0.033041666666666664,0.006166666666666667,0.0032946068149178097,0.012531777943866047,0.013743187220790605,0.003192989467778657,0.0006618555345403762,0.29921364484404706,56700.0,56759.0,872.1065533333333,31.819196666666663,159.0528,21.932266666666667,1.7558633333333333,0.22026333333333334,0.005843333333333334,26.255312426666666,21.61233322,17.662256653333333,15.00493286,12.55327076,10.38650547,8.586154733333334,7.27960918,5.95817918,5.013220736666667,4.370581916666667,4.00387792,3.7169774233333337,3.3848604066666668,2.59704119,7.002934093333333,2.054580966666667,0.6080385866666667,0.40090617,0.06430296999999999,0.08281754333333333,0.07709458,0.04155867,0.03179684,0.019410660000000003,0.027178726666666663,0.020653023333333333,0.02795739333333333,0.016960943333333332,0.030309050000000004,0.027423443333333335,0.03281216666666667,0.038034526666666665,0.019646866666666665,0.01391003,0.029504209999999996,2.009057943327632,10908073.055555554,1910.5805290863382,0.3452331338902796,0.12033503011096008,0.0,0.0003475741113969366,2.097073892426077,0.0282444444444444,0.01594222644893732,0.0516,0.0103839111111111,0.04713920553051415,0.0,0.0,0.0076444444444444,0.03766666666666667,0.0975714285714285,0.0315888888888888,0.0,2.1098940351066666,0.08516164335979334,0.0,0.029085203790699832,0.0,0.025125,0.1361855530963311,0.06344862105034332,0.09504004965684679,0.0999424003059696,0.033274890380976786,0.011642965736324132,0.0059638885237177815,0.14426234779796088,0.005568571316101707,0.6438642796595293,0.03525351487859815,0.004796518522199172,0.3601136085731502,0.2953294886244686,0.0,0.0,0.44013050860895797,0.004080069966296502,0.00510079015135184,0.22893393977451296,0.0,0.03554824146689727,0.027019666432760815,0.0081,0.0,0.030935297349698743,0.0027845844641503775,0.0101166666666666,0.0951,0.0,0.0,,,,0.001044083905294753,0.004,1.5142525270703717,5.652448368662778,5.5727135173261475,34.229270556213436,716.0,746.91907,0.9623716112870029,2024-08-15 15:45:00
2024-08-15 10:00:00,35.69099687349687,1.0,0.06678109838879376,0.20141894875373878,0.0028681359267343936,0.02410430107600732,0.8280117182112507,0.00689886269032819,0.008864577777777776,0.02746008888888889,5.162288888888889e-25,2.0799288888888887e-05,3.462328888888888e-05,0.00034233066666666665,1.813448888888889e-25,2.1190977777777776e-05,0.0017660622222222223,0.0011829022222222224,3.228866666666667e-07,0.09928395555555555,0.007363693333333333,0.019300755555555556,0.15401377777777778,2.9414844444444447e-05,1.3442000000000001e-05,0.04,1308.8596791911793,48.846270403670395,0.04896057461057461,48.846270403670395,40.734338918022715,-111.87211,301.96842418692415,24.380514004514005,876.6455693935694,153.40816866836866,1.5466592296592296,435207.8705357143,1961.0133035714284,158.82973214285715,10908519.452604167,0.0005406640759636333,5.3413435897435895e-05,0.0004156261533704048,0.00021039645256413326,3.192047369297369e-05,0.0009789389432304334,0.0019252016108504703,2.248097777777778,4.616801441798942,8.305180661375662,5.660568,0.1638668888888888,0.7256830222222223,1.483414488888889,0.0046972444444444,0.15302752377910606,1.9169657333333332,0.0084400444444444,0.0692392,0.32143550880257454,0.08388177156070002,0.13704412349076633,0.0103839111111111,0.0342108,0.09439213502827438,0.02820929089809488,0.0019971347273789472,0.0462536888888888,0.0588057777777777,0.0444796888888888,0.0032376,0.0022536444444444,2.682166666666667,0.22533333333333333,0.07956322898436388,0.010500000000000002,0.0,0.07366666666666666,0.43933333333333335,0.19716666666666668,0.064,0.008,0.008833333333333332,0.012333333333333333,1.396660204100911,0.25474664837593497,0.08883333333333333,0.010666666666666666,0.19333333333333336,0.0017988777709565715,0.07833333333333334,0.013833333333333333,0.025500000000000002,0.3875,0.061000000000000006,0.08950000000000001,0.019333333333333334,0.004,0.0092,0.009333333333333332,0.10333333333333333,0.16883333333333334,0.0009567552321764203,0.008,0.0405,0.20266666666666666,0.011833333333333333,0.0245,0.06416666666666666,0.008166666666666666,0.009833333333333333,0.1145,0.0026666666666666666,0.003856989707283864,0.015666666666666666,0.01012029380633923,0.012666666666666666,0.0018333333333333333,0.008,0.0045000000000000005,0.0027454084131961947,0.013499999999999998,0.009666666666666667,0.03933333333333333,0.007166666666666667,0.0018333333333333333,0.04083333333333333,0.033833333333333326,0.006333333333333333,0.0033848744678072473,0.013079629466203937,0.013616913133775324,0.0031604524393022857,0.000646144713346581,0.31140451557365034,57600.0,57659.0,872.0542317961667,33.427083700928705,155.78846254967254,21.084986806341806,1.5408477085877086,0.2011998817848818,0.005423781218781219,25.838555558756244,21.276292937642545,17.347568177857145,14.742487224281643,12.297981363806379,10.007830694990934,8.312785302951308,6.935237598116143,5.777342896415621,4.984213108230288,4.338321704126429,3.9781233894601695,3.6658968692646243,3.2804664078521477,2.5405071132066084,6.8150233312104564,2.034366532009102,0.6262659330980132,0.3965956776020276,0.09394588721186221,0.07273455027121027,0.059919769955229955,0.04417028964516965,0.036445900411810415,0.028473567856032854,0.02968035931161431,0.02051961528323528,0.02239106394845895,0.01981240587930588,0.020074931723646723,0.03466825616883117,0.020287990376475377,0.020081648495023495,0.010284409736929737,0.015204924056869056,0.02573261681651682,2.252385623230546,11512052.193639692,1909.895897692094,0.34824940609664723,0.12249826294357716,0.0,0.0003475741113969366,2.1080086879096953,0.0282444444444444,0.01594222644893732,0.0516,0.0103839111111111,0.04713920553051415,0.0,0.0,0.0076444444444444,0.03933333333333333,0.0975714285714285,0.0315888888888888,0.0,2.3424030942545166,0.08730213055427442,0.0,0.02897844860345331,0.0,0.025500000000000002,0.13727916789714004,0.06417429027960697,0.09523918898653387,0.10108916630973369,0.03351665084735049,0.011676222917501488,0.005845629169117839,0.14298439726336415,0.005736114437479442,0.6288969968834779,0.0355299328172992,0.004505213308201483,0.35747695463764223,0.2949039620779357,0.0,0.0,0.44224184084672313,0.004170228708246597,0.005138900860388242,0.2394513015231564,0.0,0.03548524793884943,0.026968446775710163,0.0081,0.0,0.030867598211639445,0.002734969015054728,0.0101166666666666,0.0951,0.0,0.0,,,,0.0010662071363780894,0.004,1.551135950392859,5.894421659293736,5.847262994391234,39.0,420.0,805.15985,0.9368753393217792,2024-08-15 16:00:00
2024-08-15 10:15:00,36.5656115921116,1.0,0.0765884912195689,0.19380273226966915,0.002826058115685695,0.022889102582799137,0.8480947786782793,0.007143673333333334,0.009101111111111112,0.027995155555555554,7.6288488888888895e-25,2.243928888888889e-05,3.662186666666666e-05,0.00036145377777777775,2.7114444444444447e-25,2.429751111111111e-05,0.0018457733333333331,0.0012304,3.567631111111111e-07,0.1006736,0.007628884444444445,0.01951288888888889,0.15598266666666666,3.127622222222222e-05,1.5504311111111112e-05,0.04,1308.4973333333332,117.28297777777779,0.04875555555555556,117.28297777777779,40.734339600000006,-111.87211,303.50555555555553,22.618666666666666,876.764,140.3300888888889,1.897777777777778,437430.0487253487,1964.033468050468,182.8412379102379,11550119.902891738,0.0005357603287981,5.53726275946276e-05,0.0004269052499484286,0.00018942203188339996,3.2844789793539785e-05,0.0009848195744863,0.0018852164321788334,2.2749467724682724,4.224841706312207,8.290546249102748,5.660568,0.1638668888888888,0.7256830222222223,1.483414488888889,0.0046972444444444,0.15284206955661642,1.9169657333333332,0.0084400444444444,0.0692392,0.3279243560400502,0.08389008519224347,0.14085819557924537,0.0103839111111111,0.0342108,0.09440257520886224,0.028591528262480927,0.0019971347273789472,0.0462536888888888,0.0588057777777777,0.0444796888888888,0.0032376,0.0022536444444444,2.698875,0.22799999999999998,0.11104229485936404,0.010875000000000003,0.0,0.07375,0.439,0.19687500000000002,0.064,0.008,0.008875,0.012750000000000001,1.4563281387226326,0.3655863618263854,0.089375,0.01075,0.20225000000000004,0.0018491583282174285,0.08,0.013375,0.025875000000000002,0.36962500000000004,0.0625,0.09237500000000001,0.01975,0.004,0.0094,0.009749999999999998,0.10175000000000001,0.172125,0.0009545929937852414,0.008,0.041875,0.1985,0.012125,0.024375,0.064375,0.008125,0.009625,0.113875,0.00275,0.003823205066847854,0.01625,0.010340220354754424,0.013249999999999998,0.001875,0.008249999999999999,0.004625000000000001,0.002809056309897146,0.013874999999999998,0.01,0.041,0.0073750000000000005,0.001875,0.041624999999999995,0.034625,0.006500000000000001,0.003475142120696686,0.013627480988541827,0.013490639046760042,0.0031279154108259143,0.0006304338921527857,0.32359538630325363,58500.0,58559.0,871.9633036141637,34.908635787545784,179.86022004884003,43.072533528693526,3.6641423931623933,0.20007857142857144,0.02340898656898657,23.616941074652015,18.7804769598779,15.211141043699634,12.72313114882784,10.367082278498168,8.536591482527474,7.563464358339439,6.880276760280831,5.81571219030525,5.374507348522588,5.535717766105006,5.982170573064713,5.710333501916972,4.939770955042735,3.4666526877411474,12.341943139059829,9.230873957045178,5.8759932496459095,8.371950412344322,0.4144403868253968,0.32686259592185596,0.221711944969475,0.16739487102564105,0.13323413905982906,0.0916860105128205,0.07925696387057386,0.058072549499389496,0.05420535345543345,0.04889177222222222,0.051685871990231995,0.051625844798534805,0.03060504853479853,0.024156094957264958,0.010723306507936509,0.013302179023199023,0.017530932417582416,2.2630493777777776,11455300.444444446,1917.0523555555556,0.3512656783030148,0.16107090127121784,0.0,0.0003475741113969366,1.8495032155511595,0.0282444444444444,0.01594222644893732,0.0516,0.0103839111111111,0.04713920553051415,0.0,0.0,0.0076444444444444,0.041,0.0975714285714285,0.0315888888888888,0.0,2.5719857434129496,0.11748414228738531,0.0,0.028871693416206785,0.0,0.025875000000000002,0.13837278269794898,0.06489995950887062,0.09543832831622096,0.10223593231349778,0.0337584113137242,0.011709480098678846,0.005727369814517898,0.1417064467287674,0.005903657558857179,0.6139297141074264,0.035806350756000256,0.004213908094203793,0.35484030070213424,0.29447843553140274,0.0,0.0,0.44435317308448824,0.004260387450196691,0.005177011569424643,0.2499686632717999,0.0,0.035422254410801594,0.026917227118659515,0.0081,0.0,0.03079989907358015,0.0026853535659590788,0.0101166666666666,0.0951,0.0,0.0,,,,0.0010883303674614256,0.004,1.5670181412821402,5.503611041120962,5.836297670020298,34.93058842997526,420.0,864.17969,0.9363981569462028,2024-08-15 16:15:00
2024-08-15 10:30:00,37.82144566544567,1.0,0.07586938003524013,0.18618651578559953,0.0027839803046369968,0.021673904089590953,0.8681778391453079,0.007356673777777778,0.009305142222222222,0.028451288888888888,1.19004e-24,2.39552e-05,3.842026666666667e-05,0.0003787253333333333,4.332795555555555e-25,2.73912e-05,0.0019167288888888888,0.0012718444444444444,3.8923288888888886e-07,0.1018431111111111,0.00786060888888889,0.019687733333333336,0.15766266666666665,3.2981333333333336e-05,1.7569644444444448e-05,0.04,1308.7079999999999,9.056000000000001,0.049155555555555557,9.056000000000001,40.73434,-111.87211,304.38377777777777,21.43022222222222,877.116,150.5696888888889,2.1573333333333333,437267.1111111111,1963.964,186.81777777777776,11409367.415111111,0.0005308565816325667,5.7331819291819294e-05,0.0004381843465264524,0.0001684476112026666,3.3769105894105884e-05,0.0009907002057421665,0.0018452312535071963,2.428214666666667,4.378250666666666,8.77091688888889,5.660568,0.1638668888888888,0.7256830222222223,1.483414488888889,0.0046972444444444,0.15265661533412678,1.9169657333333332,0.0084400444444444,0.0692392,0.334413203277526,0.08389839882378691,0.1446722676677244,0.0103839111111111,0.0342108,0.09441301538945009,0.028973765626866974,0.0019971347273789472,0.0462536888888888,0.0588057777777777,0.0444796888888888,0.0032376,0.0022536444444444,2.7155833333333335,0.23066666666666666,0.11625553561392363,0.011250000000000003,0.0,0.07383333333333333,0.43866666666666665,0.19658333333333333,0.064,0.008,0.008916666666666666,0.013166666666666667,1.4549556919163749,0.3839425009087236,0.08991666666666666,0.010833333333333332,0.21116666666666672,0.0018994388854782858,0.08166666666666667,0.012916666666666667,0.026250000000000002,0.35175,0.064,0.09525000000000002,0.020166666666666666,0.004,0.009600000000000001,0.010166666666666664,0.10016666666666668,0.17541666666666667,0.0009524307553940624,0.008,0.043250000000000004,0.19433333333333333,0.012416666666666666,0.02425,0.06458333333333334,0.008083333333333333,0.009416666666666667,0.11325,0.0028333333333333335,0.003789420426411844,0.016833333333333332,0.010560146903169615,0.013833333333333333,0.0019166666666666668,0.008499999999999999,0.00475,0.0028727042065980974,0.014249999999999999,0.010333333333333333,0.042666666666666665,0.007583333333333333,0.0019166666666666668,0.042416666666666665,0.035416666666666666,0.006666666666666666,0.003565409773586124,0.014175332510879718,0.013364364959744763,0.003095378382349543,0.0006147230709589905,0.3357862570328569,59400.0,59459.0,871.9778864957265,34.32301013431014,149.86617384615383,19.28798010989011,1.1850290598290598,0.1736053846153846,0.004570671550671551,25.079440446996337,20.489408446825397,16.80700552847375,14.221793482307692,11.694122374175825,9.539622128583638,7.8725445560317455,6.635148353797314,5.4282997459829065,4.765112311916972,4.262340668510379,4.145390163394383,3.8402391551037853,3.349589576214896,2.4015416278388275,6.075327690866911,1.8281088207325995,0.5798376268986564,0.3630348057753358,0.07793377338217342,0.06843037087912092,0.036930945714285714,0.03776919046398046,0.028654442893772895,0.02204529177045177,0.01698308910866911,0.018353173882783885,0.017581654957264957,0.013809301782661784,0.020735748424908426,0.02228512004884005,0.015468902100122101,0.010154167448107449,0.007624485885225885,0.007764916227106227,0.009264227203907204,2.2678544444444446,11324932.08888889,1918.0322666666664,0.35428195050938244,0.16745890690451845,0.0,0.0003475741113969366,1.8710614062587965,0.0282444444444444,0.01594222644893732,0.0516,0.0103839111111111,0.04713920553051415,0.0,0.0,0.0076444444444444,0.042666666666666665,0.0975714285714285,0.0315888888888888,0.0,2.475100975231111,0.1224825782081478,0.0,0.028764938228960264,0.0,0.026250000000000002,0.13946639749875794,0.06562562873813427,0.09563746764590805,0.10338269831726188,0.034000171780097906,0.011742737279856202,0.005609110459917956,0.14042849619417067,0.006071200680234914,0.598962431331375,0.03608276869470131,0.003922602880206102,0.3522036467666263,0.29405290898486985,0.0,0.0,0.44646450532225335,0.004350546192146786,0.005215122278461045,0.2604860250204434,0.0,0.03535926088275376,0.026866007461608863,0.0081,0.0,0.030732199935520857,0.00263573811686343,0.0101166666666666,0.0951,0.0,0.0,,,,0.0011104535985447621,0.004,1.6576818693255175,5.656570248920504,6.196231488017104,36.090429658788494,420.0,923.09723,0.9358910844904862,2024-08-15 16:30:00
2024-08-15 10:45:00,40.43022222222223,1.0,0.05431818799925492,0.1785702993015299,0.0027419024935882983,0.020458705596382784,0.8882608996123365,0.007505514222222222,0.009480853333333334,0.02884088888888889,1.976644444444444e-24,2.53468e-05,4.0030844444444445e-05,0.000394228,7.4775200000000005e-25,3.0418666666666667e-05,0.0019794177777777778,0.00130824,4.1998044444444444e-07,0.10282844444444444,0.008062795555555556,0.019836355555555556,0.15904222222222222,3.4529688888888894e-05,1.96032e-05,0.04,1309.0240000000001,0.7808888888888889,0.05204444444444445,0.7808888888888889,40.73433995555556,-111.87211,305.07,18.84622222222222,877.1560000000001,165.41746666666666,2.252888888888889,432384.0,1955.2062222222223,155.14533333333333,9988527.497333333,0.0005259528344670333,5.929101098901099e-05,0.00044946344310447617,0.00014747319052193326,3.469342199467198e-05,0.0009965808369980333,0.0018052460748355591,1.393454355555556,2.8266888888888886,5.707905777777778,5.660568,0.1638668888888888,0.7256830222222223,1.483414488888889,0.0046972444444444,0.15247116111163717,1.9169657333333332,0.0084400444444444,0.0692392,0.3409020505150017,0.08390671245533037,0.14848633975620346,0.0103839111111111,0.0342108,0.09442345557003795,0.02935600299125302,0.0019971347273789472,0.0462536888888888,0.0588057777777777,0.0444796888888888,0.0032376,0.0022536444444444,2.732291666666667,0.2333333333333333,0.07473298493559907,0.011625,0.0,0.07391666666666666,0.43833333333333335,0.19629166666666667,0.064,0.008,0.008958333333333332,0.013583333333333334,1.2819324954968963,0.23773906408525813,0.09045833333333334,0.010916666666666667,0.22008333333333335,0.0019497194427391428,0.08333333333333334,0.012458333333333333,0.026625,0.33387500000000003,0.0655,0.098125,0.020583333333333335,0.004,0.0098,0.01058333333333333,0.09858333333333333,0.17870833333333333,0.0009502685170028834,0.008,0.044625,0.19016666666666665,0.012708333333333332,0.024125,0.06479166666666666,0.008041666666666667,0.009208333333333332,0.112625,0.0029166666666666664,0.003755635785975834,0.017416666666666664,0.010780073451584805,0.014416666666666664,0.001958333333333333,0.008749999999999999,0.004875,0.0029363521032990487,0.014624999999999999,0.010666666666666666,0.044333333333333336,0.007791666666666667,0.001958333333333333,0.043208333333333335,0.03620833333333333,0.006833333333333334,0.003655677426475562,0.014723184033217608,0.013238090872729482,0.0030628413538731714,0.0005990122497651952,0.3479771277624602,60300.0,60359.0,871.9167866666667,34.10492,114.92804,14.693497777777777,0.8925511111111111,0.17031555555555558,0.0034711111111111114,19.549901755555556,15.877612519999998,12.846497982222221,10.92025804,8.989619128888888,7.298724693333333,5.993361746666666,5.007646911111111,4.153109471111111,3.5919130622222224,3.1657570444444447,2.9762440444444445,2.754333537777778,2.4323880000000004,1.8720785999999998,5.078277488888888,1.4393653599999991,0.4268816133333329,0.24546383555555557,0.05548172000000003,0.04665173333333336,0.028318288888888887,0.021763519999999998,0.02363344,0.018474164444444444,0.01264780888888889,0.014542777777777778,0.013324222222222222,0.008262871111111111,0.009518080000000002,0.016600288888888887,0.012702924444444446,0.008787177777777776,0.004879462222222223,0.004420813333333333,0.008571866666666667,1.9659484,9942044.622222224,1912.708933333333,0.35729822271575007,0.11657955946403042,0.0,0.0003475741113969366,1.7539472783556889,0.0282444444444444,0.01594222644893732,0.0516,0.0103839111111111,0.04713920553051415,0.0,0.0,0.0076444444444444,0.044333333333333336,0.0975714285714285,0.0315888888888888,0.0,2.204199419568889,0.08267091045605075,0.0,0.02865818304171374,0.0,0.026625,0.14056001229956688,0.0663512979673979,0.09583660697559514,0.10452946432102596,0.03424193224647161,0.01177599446103356,0.0054908511053180144,0.1391505456595739,0.006238743801612651,0.5839951485553234,0.03635918663340237,0.0036312976662084117,0.3495669928311183,0.2936273824383369,0.0,0.0,0.4485758375600185,0.00444070493409688,0.005253232987497448,0.2710033867690868,0.0,0.035296267354705924,0.026814787804558215,0.0081,0.0,0.030664500797461563,0.0025861226677677805,0.0101166666666666,0.0951,0.0,0.0,,,,0.0011325768296280986,0.004,1.0455821994806307,4.109557220264394,3.9011676508940023,38.499797800296136,420.0,981.04041,0.9308823683431553,2024-08-15 16:45:00
2024-08-15 11:00:00,41.79777777777778,1.0,0.1390593727380952,0.1709540828174603,0.0026998246825396,0.0192435071031746,0.908343960079365,0.007749906666666667,0.009630635555555555,0.029166044444444445,3.5194133333333335e-24,2.6600933333333335e-05,4.145217777777777e-05,0.0004079408888888889,1.3992355555555556e-24,3.3314933333333335e-05,0.0020342044444444447,0.0013395733333333333,4.485622222222222e-07,0.10365200000000001,0.008236853333333332,0.019959644444444445,0.16020399999999999,3.591742222222222e-05,2.1558755555555555e-05,0.04,1308.8742222222222,1.0151999999999999,0.04884444444444445,1.0151999999999999,40.73433488888889,-111.87211,305.00866666666667,17.14622222222222,877.1017777777778,169.93995555555557,3.541333333333333,429720.3555555556,1949.495111111111,130.84044444444444,9009860.901777778,0.0005210490873015,6.125020268620269e-05,0.0004607425396825,0.0001264987698412,3.561773809523809e-05,0.0010024614682539,0.0017652608961639222,0.945356088888889,1.9988146666666664,4.028408,5.660568,0.1638668888888888,0.7256830222222223,1.483414488888889,0.0046972444444444,0.15228570688914753,1.9169657333333332,0.0084400444444444,0.0692392,0.34739089775247745,0.0839150260868738,0.1523004118446825,0.0103839111111111,0.0342108,0.0944338957506258,0.029738240355639066,0.0019971347273789472,0.0462536888888888,0.0588057777777777,0.0444796888888888,0.0032376,0.0022536444444444,2.749,0.236,0.041,0.012,0.0,0.074,0.438,0.196,0.064,0.008,0.009,0.014,0.831,0.218,0.091,0.011,0.229,0.002,0.085,0.012,0.027,0.316,0.067,0.101,0.021,0.004,0.01,0.011,0.097,0.182,0.0009481062786117044,0.008,0.046,0.186,0.013,0.024,0.065,0.008,0.009,0.112,0.003,0.003721851145539824,0.018,0.011,0.015,0.002,0.009,0.005,0.003,0.015,0.011,0.046,0.008,0.002,0.044,0.037,0.007,0.003745945079365,0.0152710355555555,0.0131118167857142,0.0030303043253968,0.0005833014285714,0.3601679984920635,61200.0,61259.0,871.8494666666667,34.012595555555556,93.78931111111112,12.288635555555555,0.7511688888888889,0.1691111111111111,0.003031111111111111,15.51844736,12.773024226666667,10.292909755555558,8.709263333333332,7.174719986666667,5.866412857777777,4.816899017777778,4.0746029111111115,3.4651572666666666,3.0016467955555557,2.6813365155555555,2.5399421199999996,2.42421144,2.1626913733333333,1.6299994755555554,4.478313826666667,1.3059719244444434,0.4009274399999995,0.21003630666666667,0.052800631111111135,0.03723032000000003,0.02693696,0.017536284444444446,0.01763284888888889,0.012533653333333334,0.01104664888888889,0.008844764444444446,0.012643902222222222,0.010111622222222222,0.009400226666666667,0.014133382222222221,0.008164684444444443,0.0074163599999999994,0.005062191111111111,0.003760528888888889,0.007479768888888889,1.5652112,8977281.377777778,1909.1166666666663,0.36031449492211765,0.0878509638977059,0.0,0.0003475741113969366,1.1331223118298748,0.0282444444444444,0.01594222644893732,0.0516,0.0103839111111111,0.04713920553051415,0.0,0.0,0.0076444444444444,0.046,0.0975714285714285,0.0315888888888888,0.0,1.8860003573473176,0.05987411038368092,0.0,0.028551427854467216,0.0,0.027,0.14165362710037582,0.06707696719666155,0.09603574630528222,0.10567623032479005,0.034483692712845314,0.011809251642210916,0.005372591750718072,0.13787259512497718,0.006406286922990387,0.569027865779272,0.03663560457210342,0.003339992452210722,0.3469303388956103,0.293201855891804,0.0,0.0,0.4506871697977836,0.004530863676046975,0.005291343696533849,0.2815207485177303,0.0,0.035233273826658085,0.026763568147507563,0.0081,0.0,0.03059680165940227,0.002536507218672131,0.0101166666666666,0.0951,0.0,0.0,,,,0.0011547000607114348,0.004,0.780515209435164,3.284110095818826,2.64274759478518,43.0,630.0,1037.1753,0.940881954921297,2024-08-15 17:00:00
2024-08-15 11:15:00,42.16177777777778,1.0,0.1212896143478743,0.162016244010434,0.0027263046897546,0.0168186011732711,0.7296713073581974,0.008131515555555555,0.009756902222222223,0.029439866666666665,6.742822222222223e-24,2.7716577777777777e-05,4.268906666666667e-05,0.00041993466666666665,2.826591111111111e-24,3.602631111111111e-05,0.002081368888888889,0.0013665244444444444,4.746791111111111e-07,0.10432933333333333,0.008385155555555555,0.020060666666666668,0.16115955555555556,3.7142666666666666e-05,2.3396444444444444e-05,0.04,1309.1937777777778,27.966044444444442,0.045955555555555555,27.966044444444442,40.73433124444444,-111.87211,304.44377777777777,16.816444444444446,877.0524444444444,167.81053333333332,4.090222222222222,428421.1555555556,1946.5684444444444,138.016,8568667.829333333,0.0004528526040626,6.320939438339437e-05,0.0004310293073593,0.0001058979464979,3.822370518370518e-05,0.0004045486857586,0.0017252757174922853,0.9012183555555556,1.7439206666666665,3.5281813333333334,5.660568,0.1638668888888888,0.7256830222222223,1.483414488888889,0.0046972444444444,0.15052223593422379,1.9169657333333332,0.0084400444444444,0.0692392,0.3324741790891002,0.08111125384884707,0.14599890143763017,0.0103839111111111,0.0342108,0.09091294484737145,0.028640748827460753,0.001868408390809333,0.0462536888888888,0.0588057777777777,0.0444796888888888,0.0032376,0.0022536444444444,2.62,0.21999999999999997,0.052276441909157506,0.011,1.6666666666666667e-05,0.07375,0.437,0.195125,0.06375,0.008,0.008499999999999999,0.013375,1.111280081266358,0.15866820461241538,0.087875,0.009999999999999998,0.218375,0.002,0.08075,0.011375,0.025,0.306375,0.061250000000000006,0.09625,0.020375,0.003875,0.00925,0.010124999999999999,0.092125,0.176875,0.0009545929937852414,0.007875,0.043875,0.1805,0.012374999999999999,0.02275,0.060875,0.007625,0.008749999999999999,0.106625,0.00275,0.0036790170478441684,0.016999999999999998,0.010124999999999999,0.013875,0.001875,0.008374999999999999,0.00475,0.0029375,0.01375,0.010249999999999999,0.043625,0.0075,0.001875,0.041749999999999995,0.034999999999999996,0.006500000000000001,0.0031752025674325,0.014200112092352,0.0127920423187923,0.0024869854012654,0.0005009248784548,0.3223085752092352,62100.0,62159.0,871.7635866666666,33.87079111111111,85.21458222222222,11.362217777777778,0.7321555555555556,0.17655555555555555,0.0029644444444444445,14.047589226666668,11.441179071111112,9.223968502222222,7.823152973333333,6.467913057777778,5.336333306666666,4.398903728888889,3.6907209377777774,3.1770349644444447,2.7297403644444445,2.4529028088888887,2.3709420666666667,2.2744916933333332,1.9753663377777777,1.538611071111111,4.189840146666667,1.2083774399999991,0.4013387155555551,0.21839485777777778,0.049092831111111145,0.036684582222222255,0.023663297777777776,0.020676533333333334,0.013856142222222223,0.010281426666666668,0.01060744,0.007174826666666666,0.009081884444444443,0.009180875555555556,0.00993268888888889,0.011735533333333333,0.011185613333333334,0.0067518,0.004610124444444445,0.004222995555555556,0.009054320000000001,1.4981538222222222,8537686.622222224,1907.3568444444445,0.3467971268861739,0.08906260214110198,0.0,0.0003475741113969366,1.6362005239382569,0.0282444444444444,0.01594222644893732,0.0516,0.0103839111111111,0.04713920553051415,0.0,0.0,0.0076444444444444,0.043625,0.0975714285714285,0.0315888888888888,0.0,1.7658548738829472,0.061139660202292515,0.0,0.027483875982001988,0.0,0.025,0.1374614370306082,0.06524369756483761,0.09209278757747788,0.10241700062988159,0.03367782449159963,0.011410165468082633,0.0052306805251981425,0.13393785268950828,0.00600418343168382,0.5609685596690904,0.03601366421002605,0.002942758069486599,0.3434499557007398,0.2895423275916208,0.0,0.0,0.44739990568075694,0.00419276839373412,0.004929291960688031,0.2689883782097673,0.0,0.03443460588176586,0.026114176067043963,0.0081,0.0,0.02976488340517363,0.0027086690965491397,0.0101166666666666,0.0951,0.0,0.0,,,,0.001294076416536454,0.003875,0.7544060789332172,3.029963374383705,2.2679359824907537,40.098997540101,1080.0,1090.7325,0.9697513065417193,2024-08-15 17:15:00
2024-08-15 11:30:00,42.78844444444445,1.0,0.1124049552380952,0.1667694365079365,0.0028927066666666,0.0162076406349206,0.7251738873015874,0.00822464,0.009865760000000001,0.02967257777777778,1.3749675555555556e-23,2.871697777777778e-05,4.3786311111111113e-05,0.0004305728888888889,6.045786666666666e-24,3.8559288888888886e-05,0.0021227066666666666,0.0013899733333333332,4.985737777777778e-07,0.10489688888888889,0.008514351111111111,0.0201456,0.16196133333333332,3.8238666666666664e-05,2.5116666666666666e-05,0.04,1309.5573333333334,21.65493333333333,0.04808888888888889,21.65493333333333,40.73433724444445,-111.87211,304.9962222222222,16.078222222222223,877.1115555555556,176.95693333333335,3.510666666666667,427280.5333333334,1945.4271111111111,114.86755555555555,8345890.451111111,0.0003476431746031,6.516858608058608e-05,0.0004330009523809,8.865396825396825e-05,3.901841269841269e-05,6.110984126984128e-05,0.0016852905388206481,0.6204246666666667,1.2033900444444443,2.5683631111111107,5.660568,0.1638668888888888,0.7256830222222223,1.483414488888889,0.0046972444444444,0.14875876497930005,1.9169657333333332,0.0084400444444444,0.0692392,0.31755746042572297,0.07830748161082032,0.13969739103057782,0.0103839111111111,0.0342108,0.0873919939441171,0.02754325729928244,0.0017396820542397188,0.0462536888888888,0.0588057777777777,0.0444796888888888,0.0032376,0.0022536444444444,2.491,0.204,0.02192884877485421,0.01,3.3333333333333335e-05,0.0735,0.436,0.19425,0.0635,0.008,0.008,0.012750000000000001,1.0887313084470094,0.051812475783803325,0.08474999999999999,0.009,0.20775,0.002,0.0765,0.010750000000000001,0.023,0.29675,0.05550000000000001,0.0915,0.01975,0.00375,0.0085,0.00925,0.08725000000000001,0.17174999999999999,0.0009610797089587783,0.00775,0.04175,0.175,0.01175,0.021500000000000002,0.05675,0.00725,0.008499999999999999,0.10125,0.0025,0.0036361829501485128,0.016,0.00925,0.01275,0.00175,0.00775,0.0045000000000000005,0.002875,0.0125,0.0095,0.04125,0.007,0.00175,0.0395,0.033,0.006,0.0028750663492063,0.0123207301587301,0.0125381726984126,0.0023077977777777,0.000388239047619,0.3165674107936508,63000.0,63059.0,871.7851866666666,33.82664888888889,75.92957333333334,10.113653333333334,0.6224577777777777,0.16826666666666668,0.0024044444444444443,12.452650075555557,10.051971124444444,8.132057742222223,6.899307515555555,5.7075278577777775,4.713080648888889,3.9174887244444445,3.287367093333333,2.8324920933333337,2.453382537777778,2.223359297777778,2.16915564,2.030274897777778,1.82921496,1.4013009333333335,3.9545942800000002,1.12563251111111,0.3480614577777773,0.18077056444444445,0.04336565333333336,0.038587404444444466,0.019695764444444444,0.017932884444444446,0.013238062222222223,0.010401186666666666,0.009987511111111113,0.009436888888888889,0.00587836,0.0065315377777777775,0.005969493333333333,0.011868275555555556,0.009656306666666666,0.005955488888888889,0.002955782222222222,0.0034778755555555556,0.005017186666666667,1.3734501777777777,8319344.8444444435,1906.2508888888888,0.3332797588502302,0.05187640548799477,0.0,0.0003475741113969366,1.6118693366392236,0.0282444444444444,0.01594222644893732,0.0516,0.0103839111111111,0.04713920553051415,0.0,0.0,0.0076444444444444,0.04125,0.0975714285714285,0.0315888888888888,0.0,1.651047673017778,0.03204250034093077,0.0,0.02641632410953676,0.0,0.023,0.13326924696084058,0.06341042793301366,0.08814982884967354,0.09915777093497312,0.03287195627035394,0.01101107929395435,0.005088769299678212,0.13000311025403938,0.005602079940377255,0.5529092535589089,0.035391723847948676,0.002545523686762476,0.33996957250586923,0.28588279929143756,0.0,0.0,0.4441126415637302,0.0038546731114212657,0.004567240224842212,0.2564560079018043,0.0,0.033635937936873646,0.025464783986580364,0.0081,0.0,0.028932965150944994,0.002880830974426148,0.0101166666666666,0.0951,0.0,0.0,,,,0.0014334527723614732,0.00375,0.5883060435744382,2.4910174381393686,1.548759978184676,40.67776335969158,1530.0,1141.0308,0.965973788568216,2024-08-15 17:30:00
2024-08-15 11:45:00,42.90622222222223,1.0,0.1090878361904761,0.1647744250793651,0.0025467285714285,0.0162644295238095,0.7512674501587302,0.007879538666666666,0.0099574,0.029866800000000002,2.8520177777777774e-23,2.9601644444444444e-05,4.473635555555556e-05,0.00043984266666666666,1.2998386666666667e-23,4.09248e-05,0.002158373333333333,0.0014099688888888887,5.203653333333334e-07,0.10537555555555556,0.00862456,0.020214133333333332,0.16262000000000001,3.920475555555555e-05,2.6734400000000003e-05,0.04,1309.5422222222223,1.5001333333333333,0.047866666666666675,1.5001333333333333,40.73434,-111.87211,305.23355555555554,15.734666666666667,877.1133333333333,175.21395555555554,3.383555555555555,427486.93333333335,1944.7893333333332,121.3831111111111,8242166.568888888,0.0005316057142857,6.712777777777778e-05,0.0004787746031746,9.046666666666668e-05,8.615079365079365e-05,7.989587301587302e-05,0.0016453053601490112,0.7204140888888889,1.3473130666666666,2.845974666666667,5.660568,0.1638668888888888,0.7256830222222223,1.483414488888889,0.0046972444444444,0.1469952940243763,1.9169657333333332,0.0084400444444444,0.0692392,0.30264074176234573,0.07550370937279359,0.1333958806235255,0.0103839111111111,0.0342108,0.08387104304086276,0.026445765771104128,0.0016109557176701046,0.0462536888888888,0.0588057777777777,0.0444796888888888,0.0032376,0.0022536444444444,2.362,0.188,0.030470737173381335,0.009000000000000001,5e-05,0.07325,0.435,0.19337500000000002,0.06325,0.008,0.0075,0.012125,1.0761310401464783,0.0818889865093132,0.081625,0.008,0.197125,0.002,0.07225000000000001,0.010125,0.020999999999999998,0.287125,0.04975,0.08675000000000001,0.019125,0.003625,0.00775,0.008375,0.082375,0.166625,0.0009675664241323153,0.007625,0.039625,0.16949999999999998,0.011125,0.02025,0.052625000000000005,0.006875,0.00825,0.095875,0.0022500000000000003,0.0035933488524528575,0.015,0.008375,0.011625,0.0016250000000000001,0.007124999999999999,0.00425,0.0028125,0.01125,0.008749999999999999,0.038875,0.006500000000000001,0.0016250000000000001,0.03725,0.031,0.0055,0.0027984365079365,0.0124517282539682,0.0138505838095238,0.0022705707936507,0.000422158095238,0.3123276946031746,63900.0,63959.0,871.80048,33.579386666666664,74.44346222222222,9.831422222222221,0.5892755555555556,0.16482666666666665,0.0022355555555555553,12.311464173333333,9.918482635555556,8.051884426666668,6.81538812,5.573392755555555,4.593418004444445,3.8118404399999997,3.1665343066666667,2.734866666666667,2.4156904355555553,2.159365382222222,2.090173453333333,1.9861149555555555,1.8062726222222223,1.3812360577777776,3.8052435644444444,1.1095748666666656,0.33792855111111064,0.17289898222222222,0.03992181333333336,0.03114056000000003,0.015516666666666666,0.015714284444444445,0.01960100888888889,0.012640328888888889,0.007347795555555555,0.005566648888888888,0.005489542222222222,0.008980871111111111,0.00840027111111111,0.007194955555555555,0.007616528888888889,0.005702026666666667,0.0024085777777777774,0.0032168666666666664,0.005275844444444444,1.419227911111111,8220894.88888889,1906.121155555556,0.3197623908142865,0.06234314465807678,0.0,0.0003475741113969366,1.6090151839416862,0.0282444444444444,0.01594222644893732,0.0516,0.0103839111111111,0.04713920553051415,0.0,0.0,0.0076444444444444,0.038875,0.0975714285714285,0.0315888888888888,0.0,1.6026138792622222,0.04023243129031183,0.0,0.02534877223707153,0.0,0.020999999999999998,0.12907705689107293,0.06157715830118972,0.08420687012186918,0.09589854124006465,0.03206608804910826,0.010611993119826066,0.004946858074158282,0.12606836781857045,0.005199976449070688,0.5448499474487274,0.0347697834858713,0.0021482893040383534,0.3364891893109987,0.2822232709912544,0.0,0.0,0.44082537744670347,0.0035165778291084116,0.004205188488996393,0.24392363759384125,0.0,0.03283726999198142,0.024815391906116764,0.0081,0.0,0.02810104689671636,0.0030529928523031565,0.0101166666666666,0.0951,0.0,0.0,,,,0.0015728291281864924,0.003625,0.647453550173801,2.634518517948277,1.756769749880191,40.78653849599761,1980.0,1187.4966,0.9136163081556238,2024-08-15 17:45:00
2024-08-15 12:00:00,42.70177777777778,1.0,0.1067563746031746,0.1636291752380952,0.0024202965079365,0.014947892063492,0.6441267136507938,0.00713936,0.010035822222222221,0.030033377777777776,5.855737777777777e-23,3.038577777777778e-05,4.55704e-05,0.0004479542222222222,2.7211377777777775e-23,4.304066666666667e-05,0.0021894133333333335,0.0014273288888888888,5.397515555555556e-07,0.10577733333333333,0.008719471111111111,0.02027262222222222,0.1631888888888889,4.0054933333333335e-05,2.817688888888889e-05,0.04,1309.2311111111112,46.948933333333336,0.047377777777777776,46.948933333333336,40.73434,-111.87211,305.20955555555554,15.624444444444444,877.004,168.18884444444444,3.2084444444444444,428215.15555555554,1945.6053333333332,126.83955555555556,8161548.915999999,0.0006340406349206,5.314113201613201e-05,0.0004610565079365,8.192285714285715e-05,0.0001124295238095,8.62615873015873e-05,0.001605320181477374,0.8714579555555556,1.8052697777777775,3.3886128888888885,5.660568,0.1638668888888888,0.7256830222222223,1.483414488888889,0.0046972444444444,0.14523182306945254,1.9169657333333332,0.0084400444444444,0.0692392,0.2877240230989685,0.07269993713476686,0.12709437021647318,0.0103839111111111,0.0342108,0.08035009213760841,0.025348274242925815,0.0014822293811004904,0.0462536888888888,0.0588057777777777,0.0444796888888888,0.0032376,0.0022536444444444,2.233,0.172,0.03762413170740028,0.008,6.666666666666667e-05,0.073,0.434,0.1925,0.063,0.008,0.006999999999999999,0.0115,1.0922523590313418,0.10707652553912794,0.0785,0.006999999999999999,0.1865,0.002,0.068,0.0095,0.019,0.27749999999999997,0.044000000000000004,0.082,0.018500000000000003,0.0035,0.007,0.0075,0.0775,0.16149999999999998,0.0009740531393058522,0.0075,0.0375,0.16399999999999998,0.010499999999999999,0.019,0.0485,0.006500000000000001,0.008,0.0905,0.002,0.003550514754757202,0.013999999999999999,0.0075,0.010499999999999999,0.0015,0.0065,0.004,0.00275,0.01,0.008,0.0365,0.006,0.0015,0.034999999999999996,0.028999999999999998,0.005,0.0024153952380952,0.0116558447619047,0.0136213571428571,0.0020473326984126,0.0004044822222222,0.2806313606349206,64800.0,64859.0,871.7056888888889,33.61527111111111,78.66830666666667,10.3102,0.6386844444444445,0.16928,0.0024444444444444444,13.50592811111111,10.75661143111111,8.67760544,7.212587702222222,5.916420462222222,4.873359715555555,3.983933284444445,3.3425171733333334,2.820763102222222,2.442196737777778,2.2283578533333337,2.075898533333333,2.0143768844444443,1.8044624533333333,1.3533151155555556,3.7817554577777774,1.1163515999999991,0.3520947155555551,0.1905136,0.046146280000000026,0.03317447555555559,0.01566323111111111,0.014504573333333333,0.01717212,0.012449635555555555,0.011519622222222222,0.007738617777777778,0.007130088888888888,0.009967257777777776,0.007932328888888888,0.008484404444444446,0.007779168888888888,0.003832462222222222,0.0032105733333333336,0.0035616177777777775,0.008990360000000001,1.3471078222222224,8132676.4,1906.8461777777777,0.30624502277834276,0.07110850323864276,0.0,0.0003475741113969366,1.6249657810486084,0.0282444444444444,0.01594222644893732,0.0516,0.0103839111111111,0.04713920553051415,0.0,0.0,0.0076444444444444,0.0365,0.0975714285714285,0.0315888888888888,0.0,1.5879985446815168,0.047091079466679606,0.0,0.024281220364606303,0.0,0.019,0.12488486682130531,0.05974388866936578,0.08026391139406484,0.0926393115451562,0.031260219827862576,0.010212906945697783,0.0048049468486383515,0.12213362538310155,0.004797872957764121,0.5367906413385458,0.03414784312379393,0.0017510549213142304,0.33300880611612815,0.2785637426910712,0.0,0.0,0.4375381133296768,0.003178482546795557,0.0038431367531505745,0.23139126728587825,0.0,0.03203860204708921,0.024165999825653164,0.0081,0.0,0.02726912864248772,0.003225154730180165,0.0101166666666666,0.0951,0.0,0.0,,,,0.0017122054840115115,0.0035,0.7368016822252575,3.0911326269037636,2.1633596430560025,45.0,2158.1667,1239.2738,0.8187836061412491,2024-08-15 18:00:00
2024-08-15 12:15:00,42.52711111111111,1.0,0.1155852888888889,0.1846987377777778,0.0024651511111111,0.0187030355555555,0.6713170533333335,0.007530238666666666,0.0100984,0.03016137777777778,1.0859764444444444e-22,3.1026355555555556e-05,4.6240888888888884e-05,0.0004545151111111111,5.1129466666666663e-23,4.483368888888888e-05,0.002214328888888889,0.0014410044444444446,5.558831111111111e-07,0.10608755555555556,0.008795022222222223,0.020318266666666664,0.16361777777777778,4.0747288888888886e-05,2.9402444444444444e-05,0.04,1308.8960000000002,2.3575999999999997,0.04746666666666667,2.3575999999999997,40.73434,-111.87211,304.9082222222222,16.08488888888889,876.8471111111111,160.8211111111111,3.5102222222222226,430074.8444444444,1947.2813333333331,131.43911111111112,8368091.002222221,0.0006758977777777,1.4808888888888888e-05,0.0005568799999999,8.311111111111111e-05,0.0001268577777777,7.873777777777779e-05,0.0015653350028057371,1.0655162293761795,2.228542524013024,4.178555522792023,5.660568,0.1638668888888888,0.7256830222222223,1.483414488888889,0.0046972444444444,0.1434683521145288,1.9169657333333332,0.0084400444444444,0.0692392,0.27280730443559126,0.06989616489674012,0.12079285980942087,0.0103839111111111,0.0342108,0.07682914123435405,0.024250782714747503,0.0013535030445308762,0.0462536888888888,0.0588057777777777,0.0444796888888888,0.0032376,0.0022536444444444,2.104,0.15599999999999997,0.04365414555708355,0.007,8.333333333333334e-05,0.07275,0.433,0.191625,0.06275,0.008,0.0065,0.010875,1.1253642836036732,0.1283085725717542,0.075375,0.005999999999999999,0.175875,0.002,0.06375,0.008875000000000001,0.017,0.267875,0.038250000000000006,0.07725,0.017875000000000002,0.003375,0.00625,0.006625,0.072625,0.156375,0.0009805398544793893,0.0073750000000000005,0.035375000000000004,0.1585,0.009875,0.017750000000000002,0.044375,0.006125,0.00775,0.085125,0.00175,0.0035076806570615462,0.013,0.006625,0.009375,0.001375,0.005875,0.00375,0.0026875000000000002,0.00875,0.0072499999999999995,0.034125,0.0055,0.001375,0.03275,0.027,0.0045000000000000005,0.0025955511111111,0.0126953422222222,0.0154412577777777,0.0021472666666666,0.0003668355555555,0.2566085422222222,65700.0,65759.0,871.5600222222222,33.63807555555555,80.56419555555554,10.650626666666666,0.6438533333333333,0.16563111111111112,0.0027511111111111113,13.603070168888888,10.818177377777777,8.666417497777779,7.360444724444444,6.040210346666667,4.963105702222222,4.0800157200000005,3.368613328888889,2.9122632666666664,2.567542897777778,2.3402068888888885,2.2352507733333336,2.150525488888889,1.9161220044444442,1.4711316933333334,4.103833373333333,1.1586530044444434,0.3653902977777773,0.21318274666666667,0.051044253333333366,0.03895199555555559,0.02178233777777778,0.01994984888888889,0.010998711111111111,0.010697137777777777,0.012909013333333334,0.009756608888888888,0.005400675555555555,0.006143266666666666,0.006843675555555556,0.008627613333333334,0.006287728888888889,0.004372528888888889,0.004691124444444444,0.003482457777777778,0.008109871111111111,1.440448888888889,8314079.022222222,1908.4368444444444,0.29272765474239903,0.07849733568551717,0.0,0.0003475741113969366,1.659960685140888,0.0282444444444444,0.01594222644893732,0.0516,0.0103839111111111,0.04713920553051415,0.0,0.0,0.0076444444444444,0.034125,0.0975714285714285,0.0315888888888888,0.0,1.684436552636883,0.05287263440495686,0.0,0.023213668492141074,0.0,0.017,0.12069267675153769,0.057910619037541834,0.0763209526662605,0.08938008185024773,0.030454351606616893,0.0098138207715695,0.004663035623118422,0.11819888294763264,0.004395769466457556,0.5287313352283642,0.03352590276171656,0.0013538205385901073,0.3295284229212576,0.27490421439088797,0.0,0.0,0.4342508492126501,0.0028403872644827024,0.003481085017304756,0.21885889697791525,0.0,0.031239934102196984,0.023516607745189565,0.0081,0.0,0.02643721038825908,0.0033973166080571732,0.0101166666666666,0.0951,0.0,0.0,,,,0.0018515818398365308,0.003375,0.8515944550643366,3.5131644547558434,2.755250663593372,40.436405698755934,2025.6666,1284.2721,0.8561932507276843,2024-08-15 18:15:00
2024-08-15 12:30:00,44.13155555555556,1.0,0.1285424711111111,0.2268466177777777,0.0031850488888888,0.0249642622222222,0.776415551111111,0.008353096444444446,0.010147288888888889,0.030261688888888885,1.8122755555555555e-22,3.154004444444444e-05,4.677666666666666e-05,0.0004597728888888889,8.60715111111111e-23,4.631448888888889e-05,0.0022340755555555554,0.001451951111111111,5.690715555555556e-07,0.10632444444444444,0.00885451111111111,0.02035342222222222,0.16395377777777778,4.1303288888888886e-05,3.0420622222222223e-05,0.04,1308.1377777777777,0.8250222222222222,0.04697777777777778,0.8250222222222222,40.73434,-111.87211,305.2633333333333,16.085333333333335,876.7013333333333,165.95871111111109,3.8275555555555556,429885.6,1949.1866666666667,129.82533333333333,8598393.526222222,0.0005313599999999,1.862179894179894e-05,0.0005536888888888,7.869777777777777e-05,9.70488888888889e-05,5.6168888888888895e-05,0.0015253498241341,1.1031898873330377,2.106750887094387,4.177176671384172,5.660568,0.1638668888888888,0.7256830222222223,1.483414488888889,0.0046972444444444,0.14170488115960506,1.9169657333333332,0.0084400444444444,0.0692392,0.257890585772214,0.06709239265871339,0.11449134940236853,0.0103839111111111,0.0342108,0.07330819033109971,0.02315329118656919,0.0012247767079612618,0.0462536888888888,0.0588057777777777,0.0444796888888888,0.0032376,0.0022536444444444,1.975,0.13999999999999999,0.04153848411267347,0.006,0.0001,0.0725,0.432,0.19075,0.0625,0.008,0.006,0.010249999999999999,1.163007036359339,0.12085919941729806,0.07225000000000001,0.004999999999999999,0.16525,0.002,0.0595,0.00825,0.015,0.25825,0.0325,0.07250000000000001,0.01725,0.0032500000000000003,0.0055,0.00575,0.06775,0.15125,0.0009870265696529262,0.00725,0.03325,0.153,0.00925,0.0165,0.04025,0.00575,0.0075,0.07975,0.0015,0.003464846559365891,0.012,0.00575,0.00825,0.00125,0.0052499999999999995,0.0035,0.002625,0.007500000000000001,0.0065,0.03175,0.005,0.00125,0.0305,0.025,0.004,0.0034088488888888,0.01424788,0.0168637822222222,0.0025705155555555,0.00031184,0.2790999777777778,66600.0,66659.0,871.4053466666667,33.37550222222222,85.70478666666666,11.326795555555554,0.7042266666666667,0.1708488888888889,0.003,14.446374724444444,11.685943031111112,9.354621257777778,7.89173224,6.513720106666667,5.245772124444445,4.324592928888889,3.6176041066666667,3.0544868,2.708826168888889,2.451508342222222,2.376571497777778,2.2216525022222218,2.0090773822222223,1.5048310755555554,4.242131502222223,1.2194621955555545,0.37610778222222174,0.21235776888888888,0.04301538222222225,0.03864391111111114,0.026862293333333336,0.02036312888888889,0.012649568888888888,0.012581204444444445,0.01575401777777778,0.008913182222222224,0.007792191111111111,0.008414333333333333,0.008833173333333333,0.012990155555555554,0.00826735111111111,0.006178902222222222,0.0037853022222222223,0.0057435422222222214,0.00669152,1.637783288888889,8561190.044444444,1909.7718666666667,0.2792102867064553,0.07590492573145385,0.0,0.0003475741113969366,1.6893313732974633,0.0282444444444444,0.01594222644893732,0.0516,0.0103839111111111,0.04713920553051415,0.0,0.0,0.0076444444444444,0.03175,0.0975714285714285,0.0315888888888888,0.0,1.884997928728889,0.05084414605044098,0.0,0.022146116619675846,0.0,0.015,0.11650048668177006,0.05607734940571789,0.07237799393845615,0.08612085215533927,0.029648483385371207,0.009414734597441216,0.004521124397598492,0.11426414051216374,0.003993665975150989,0.5206720291181828,0.032903962399639185,0.0009565861558659848,0.3260480397263871,0.2712446860907048,0.0,0.0,0.4309635850956234,0.0025022919821698483,0.0031190332814589375,0.20632652666995221,0.0,0.03044126615730476,0.022867215664725965,0.0081,0.0,0.025605292134030445,0.003569478485934182,0.0101166666666666,0.0951,0.0,0.0,,,,0.00199095819566155,0.0032500000000000003,0.8738798416892648,3.391729877162458,2.75421751291643,41.91821038579279,1893.1666,1314.6685,0.9433718405934955,2024-08-15 18:30:00
2024-08-15 12:45:00,45.77333333333333,1.0,0.1150716399999999,0.2643425555555556,0.0027499911111111,0.0289555688888888,0.7169874177777777,0.008280529777777778,0.01018342222222222,0.03033688888888889,2.702333333333333e-22,3.193595555555556e-05,4.718404444444444e-05,0.0004637626666666667,1.290503111111111e-22,4.7475022222222227e-05,0.002248986666666667,0.0014601022222222222,5.793133333333333e-07,0.10650399999999999,0.008899577777777778,0.020379466666666665,0.1641968888888889,4.172991111111111e-05,3.1217955555555556e-05,0.04,1308.1671111111111,0.8783111111111112,0.049688888888888894,0.8783111111111112,40.73434,-111.87211,305.6291111111111,15.799555555555555,876.6471111111111,172.63995555555556,3.6542222222222223,429589.2444444444,1953.7773333333328,129.5497777777778,8600780.381333334,0.0006108222222222,2.2434708994708994e-05,0.0004838444444444,7.760888888888888e-05,9.918666666666668e-05,2.107555555555556e-05,0.001485364645462463,0.8094349333333335,1.6803426666666668,3.366541333333333,5.660568,0.1638668888888888,0.7256830222222223,1.483414488888889,0.0046972444444444,0.13994141020468132,1.9169657333333332,0.0084400444444444,0.0692392,0.24297386710883676,0.06428862042068664,0.1081898389953162,0.0103839111111111,0.0342108,0.06978723942784537,0.022055799658390877,0.0010960503713916476,0.0462536888888888,0.0588057777777777,0.0444796888888888,0.0032376,0.0022536444444444,1.846,0.12399999999999999,0.04117723098804274,0.005,0.00011666666666666667,0.07225,0.431,0.18987500000000002,0.06225,0.008,0.0055,0.009625,1.2537026260988284,0.11958720510284959,0.069125,0.003999999999999999,0.15462499999999998,0.002,0.055249999999999994,0.007625,0.013,0.24862499999999998,0.026750000000000003,0.06775,0.016625,0.003125,0.00475,0.004875,0.062875,0.146125,0.000993513284826463,0.007125,0.031125,0.1475,0.008625,0.01525,0.036125000000000004,0.005375,0.0072499999999999995,0.074375,0.00125,0.0034220124616702353,0.011,0.004875,0.007124999999999999,0.0011250000000000001,0.004625,0.0032500000000000003,0.0025625,0.00625,0.00575,0.029375,0.0045000000000000005,0.0011250000000000001,0.028249999999999997,0.023,0.0035,0.0039072044444444,0.0137724933333333,0.01577956,0.0028113955555555,0.0003110088888888,0.3139290933333333,67500.0,67559.0,871.3294177777777,33.10428888888889,89.84622222222222,11.699546666666667,0.7184,0.1694088888888889,0.002946666666666667,15.318385475555555,12.419237057777776,9.973666271111112,8.327927973333333,6.839671511111111,5.526127302222222,4.552982075555556,3.8159841111111112,3.2121187866666667,2.80832956,2.5212758133333333,2.3989152,2.248672617777778,2.0152543333333335,1.5407799911111113,4.261424444444445,1.2404541644444436,0.36703677333333284,0.2170938222222222,0.045117013333333365,0.03333309333333336,0.022836573333333332,0.023052537777777778,0.011558128888888889,0.011995066666666667,0.012159537777777778,0.009529853333333333,0.006907235555555556,0.006863848888888888,0.010772235555555556,0.015461315555555554,0.00845172,0.007624222222222222,0.003030026666666666,0.005616626666666667,0.006508564444444445,1.6998543555555554,8559170.71111111,1914.0832444444443,0.2656929186705116,0.07546226691252819,0.0,0.0003475741113969366,1.7841823279321432,0.0282444444444444,0.01594222644893732,0.0516,0.0103839111111111,0.04713920553051415,0.0,0.0,0.0076444444444444,0.029375,0.0975714285714285,0.0315888888888888,0.0,1.922816641576508,0.050497777892963766,0.0,0.021078564747210617,0.0,0.013,0.11230829661200242,0.05424407977389395,0.0684350352106518,0.0828616224604308,0.02884261516412552,0.009015648423312933,0.004379213172078561,0.11032939807669484,0.0035915624838444224,0.5126127230080012,0.03228202203756181,0.0005593517731418618,0.32256765653151653,0.26758515779052156,0.0,0.0,0.42767632097859665,0.0021641966998569937,0.002756981545613119,0.1937941563619892,0.0,0.02964259821241254,0.022217823584262365,0.0081,0.0,0.02477337387980181,0.0037416403638111904,0.0101166666666666,0.0951,0.0,0.0,,,,0.0021303345514865693,0.003125,0.7001127301874288,2.96657176745925,2.1468217895690027,43.43449473867759,1760.6666,1340.2773,0.9304407450041324,2024-08-15 18:45:00
2024-08-15 13:00:00,46.86355555555556,1.0,0.1180378666666666,0.3007785238095238,0.0026644904761904,0.0314013,0.6769536095238096,0.008297634666666666,0.010209333333333332,0.030388444444444444,3.584471111111111e-22,3.221284444444445e-05,4.746906666666666e-05,0.00046656933333333333,1.7176088888888887e-22,4.830066666666667e-05,0.0022594,0.00146584,5.865462222222222e-07,0.10663022222222222,0.008930764444444444,0.020396533333333335,0.1643671111111111,4.202857777777778e-05,3.178435555555556e-05,0.04,1308.7040000000002,0.9397777777777778,0.05182222222222222,0.9397777777777778,40.73434,-111.87211,305.9722222222222,15.717777777777778,876.5942222222222,173.84675555555557,3.7253333333333334,429264.84444444446,1950.2773333333328,124.69333333333334,8722226.40311111,0.0005270952380952,2.6247619047619045e-05,0.0004956428571428,8.47e-05,7.137619047619047e-05,1.451566137566138e-05,0.001445379466790826,0.8573594222222223,1.740964888888889,3.676767555555556,5.660568,0.1638668888888888,0.7256830222222223,1.483414488888889,0.0046972444444444,0.13817793924975758,1.9169657333333332,0.0084400444444444,0.0692392,0.22805714844545952,0.06148484818265991,0.10188832858826388,0.0103839111111111,0.0342108,0.06626628852459102,0.020958308130212565,0.0009673240348220334,0.0462536888888888,0.0588057777777777,0.0444796888888888,0.0032376,0.0022536444444444,1.717,0.108,0.026,0.004,0.00013333333333333334,0.072,0.43,0.189,0.062,0.008,0.005,0.009,0.718,0.097,0.066,0.003,0.144,0.002,0.051,0.007,0.011,0.239,0.021,0.063,0.016,0.003,0.004,0.004,0.058,0.141,0.001,0.007,0.029,0.142,0.008,0.014,0.032,0.005,0.007,0.069,0.001,0.0033791783639745797,0.01,0.004,0.006,0.001,0.004,0.003,0.0025,0.005,0.005,0.027,0.004,0.001,0.026,0.021,0.003,0.0045202619047619,0.0151987428571428,0.015859719047619,0.0031242904761904,0.0002670809523809,0.3814692,68400.0,68459.0,871.2789422222221,33.08251111111111,96.51248000000001,12.46207111111111,0.7716666666666666,0.17099555555555554,0.0029866666666666665,16.710401515555557,13.526504657777776,10.752182177777776,9.042354786666667,7.412580315555556,5.960487382222222,4.928689875555556,4.109891822222222,3.4111878088888887,2.9591473955555556,2.6421695244444448,2.523863826666667,2.3444913955555555,2.103082973333333,1.5673193466666668,4.36737132,1.2652440933333324,0.41072746666666615,0.21297321777777778,0.044163724444444476,0.0415361466666667,0.024789142222222223,0.02118562222222222,0.01763101777777778,0.01416527111111111,0.009779817777777778,0.007703208888888888,0.009871235555555555,0.010371755555555556,0.012692546666666667,0.012786115555555555,0.009665724444444444,0.00825708,0.0036162044444444444,0.005836497777777778,0.007731506666666666,1.791017111111111,8680547.511111112,1910.3942222222224,0.25217555063456787,0.07127912234680121,0.0,0.0003475741113969366,1.0227386408100902,0.0282444444444444,0.01594222644893732,0.0516,0.0103839111111111,0.04713920553051415,0.0,0.0,0.0076444444444444,0.027,0.0975714285714285,0.0315888888888888,0.0,1.949084353715918,0.04449238666465277,0.0,0.02001101287474539,0.0,0.011,0.1081161065422348,0.052410810142070004,0.06449207648284747,0.07960239276552233,0.028036746942879838,0.00861656224918465,0.0042373019465586316,0.10639465564122592,0.003189458992537856,0.5045534168978196,0.03166008167548444,0.00016211739041773875,0.319087273336646,0.2639256294903384,0.0,0.0,0.42438905686156997,0.0018261014175441394,0.0023949298097673,0.1812617860540262,0.0,0.028843930267520322,0.021568431503798766,0.0081,0.0,0.02394145562557317,0.003913802241688199,0.0101166666666666,0.0951,0.0,0.0,,,,0.002269710907311588,0.003,0.728461869124614,3.0270162621271863,2.3792691944663567,49.0,1690.0,1361.2516,0.929106877500097,2024-08-15 19:00:00
2024-08-15 13:15:00,47.522666666666666,1.0,0.1192032266666666,0.3052748444444444,0.0025301288888888,0.0310867777777777,0.7155745155555555,0.008486121333333334,0.0102244,0.030418088888888885,4.223102222222222e-22,3.237382222222222e-05,4.763404444444444e-05,0.00046818977777777777,2.0273688888888887e-22,4.8783555555555556e-05,0.0022654222222222224,0.0014691955555555555,5.907537777777778e-07,0.10669866666666668,0.008948613333333333,0.02040706666666667,0.16447555555555557,4.2202488888888886e-05,3.211671111111111e-05,0.04,1309.1813333333334,0.6738666666666667,0.05302222222222222,0.6738666666666667,40.73434,-111.87211,306.1668888888889,15.542222222222222,876.5377777777778,174.02951111111113,3.5404444444444447,428591.2888888889,1949.655555555556,117.88755555555556,8686040.727555556,0.0005232222222222,9.49777777777778e-06,0.0005430933333333,8.981333333333334e-05,8.225777777777778e-05,7.955767195767197e-06,0.001405394288119189,0.7517392444444446,1.602236888888889,3.340329333333333,5.660568,0.1638668888888888,0.7256830222222223,1.483414488888889,0.0046972444444444,0.13888332763172706,1.9169657333333332,0.0084400444444444,0.0692392,0.2293733295039928,0.06222268298214063,0.10354662080064607,0.0103839111111111,0.0342108,0.06719285455176321,0.022055799658390877,0.001018814569449879,0.0462536888888888,0.0588057777777777,0.0444796888888888,0.0032376,0.0022536444444444,1.7312500000000002,0.11649999999999999,0.025888066487541245,0.005125,0.00015000000000000001,0.071875,0.430125,0.189,0.061875,0.007875,0.005125,0.009125,1.1722706482457994,0.06575312314941317,0.0665,0.0032500000000000003,0.144,0.001875,0.051375,0.006875,0.011625,0.22525,0.023875,0.06425,0.01575,0.003125,0.004375,0.0045000000000000005,0.064375,0.143125,0.0009336852296478486,0.007125,0.028875,0.14175,0.00825,0.0135,0.0325,0.005,0.006625,0.07050000000000001,0.0011250000000000001,0.0034220124616702353,0.01,0.004375,0.006500000000000001,0.001,0.004125,0.0032500000000000003,0.0024375,0.006,0.00525,0.02825,0.004125,0.001,0.026625,0.021375,0.0032500000000000003,0.0043188222222222,0.01362004,0.0154708622222222,0.0029103066666666,0.0002388666666666,0.3773121377777778,69300.0,69359.0,871.2332844444444,33.06158666666666,95.10079555555555,12.218213333333333,0.7365155555555556,0.1677422222222222,0.0029644444444444445,16.647429186666667,13.253761884444446,10.609662102222222,8.862894746666665,7.216214648888889,5.842583484444445,4.799853911111112,4.055910937777778,3.352237911111111,2.9271769155555556,2.6221154400000004,2.4707320711111107,2.3191436088888886,2.0897712222222222,1.5956607066666666,4.331361582222223,1.245948808888888,0.3960946666666662,0.20885075555555555,0.04974447111111114,0.03526098222222225,0.024377653333333336,0.017271817777777775,0.019620746666666668,0.012275666666666666,0.012140884444444444,0.008472902222222222,0.008355524444444444,0.01040887111111111,0.01243516,0.010788617777777778,0.009660893333333333,0.008887817777777777,0.004890568888888889,0.0030569644444444445,0.005804942222222222,1.7437309333333333,8644612.888888888,1910.2485777777777,0.25887837775982925,0.056727803350253125,0.0,0.0003475741113969366,1.6998190888966178,0.0282444444444444,0.01594222644893732,0.0516,0.0103839111111111,0.04713920553051415,0.0,0.0,0.0076444444444444,0.02825,0.0975714285714285,0.0315888888888888,0.0,1.907013832348528,0.035838583615217565,0.0,0.019583992125759297,0.0,0.011625,0.11021220157711861,0.052754548198036995,0.06497001087409648,0.08050773434744135,0.028681441519876387,0.00871633379271672,0.0040244351082787365,0.11154008805683911,0.0032899848653644976,0.49304012245470313,0.03186739512951023,0.0002150819747809551,0.3189290741005155,0.2649468932020174,0.0,0.0,0.42575206881253225,0.0019951490587005664,0.0025759556776902095,0.1812617860540262,0.0,0.028524463089563433,0.021308674671613327,0.0081,0.0,0.02417254402952557,0.004085964119565208,0.0101166666666666,0.0951,0.0,0.0,,,,0.002409087263136608,0.003125,0.6659835586864067,2.88869497417513,2.127181569172659,45.050113366981485,1690.0,1377.8563,0.9483169086905087,2024-08-15 19:15:00
2024-08-15 13:30:00,47.833333333333336,1.0,0.1378993415873015,0.3170145266666667,0.0027240196825396,0.0343195292063492,0.7588387428571428,0.008914538222222221,0.010229555555555554,0.03042733333333333,4.418497777777778e-22,3.2419199999999996e-05,4.767991111111111e-05,0.0004686191111111111,2.1221333333333333e-22,4.891826666666666e-05,0.0022668666666666665,0.0014699555555555556,5.919262222222222e-07,0.1067,0.008953657777777778,0.02041,0.1645,4.22496e-05,3.2209555555555555e-05,0.04,1309.3484444444443,0.8591111111111112,0.04853333333333333,0.8591111111111112,40.73434,-111.87211,306.8948888888889,15.49688888888889,876.387111111111,166.29124444444446,3.4013333333333335,429280.57777777774,1951.271555555556,125.96622222222224,8926549.742666665,0.0006793307936507,2.432031746031746e-05,0.0006601828571428,0.0001069828571428,0.000111033015873,1.3958730158730158e-06,0.0013654091094475519,1.134563022222222,2.034354222222222,4.181164,5.660568,0.1638668888888888,0.7256830222222223,1.483414488888889,0.0046972444444444,0.13958871601369657,1.9169657333333332,0.0084400444444444,0.0692392,0.2306895105625261,0.06296051778162134,0.10520491301302826,0.0103839111111111,0.0342108,0.06811942057893541,0.02315329118656919,0.0010703051040777246,0.0462536888888888,0.0588057777777777,0.0444796888888888,0.0032376,0.0022536444444444,1.7455,0.125,0.03647919236885283,0.00625,0.0001666666666666667,0.07175,0.43025,0.189,0.06175,0.00775,0.00525,0.00925,1.2041971817236643,0.10304512420381928,0.067,0.0035,0.144,0.00175,0.05175,0.00675,0.01225,0.2115,0.02675,0.0655,0.0155,0.0032500000000000003,0.00475,0.005,0.07075000000000001,0.14525,0.0008673704592956971,0.00725,0.02875,0.1415,0.0085,0.013000000000000001,0.033,0.005,0.00625,0.07200000000000001,0.00125,0.003464846559365891,0.01,0.00475,0.007,0.001,0.00425,0.0035,0.002375,0.007,0.0055,0.0295,0.00425,0.001,0.02725,0.021750000000000002,0.0035,0.00445748,0.015290933015873,0.0158870603174603,0.0030225136507936,0.0003061361904761,0.3727291101587301,70200.0,70259.0,871.1010088888889,33.175804444444445,99.43408444444444,12.758546666666666,0.8070222222222223,0.17465333333333335,0.0030044444444444446,17.672367977777775,14.162759693333333,11.285203235555555,9.268105533333333,7.6139504533333335,6.191348186666667,4.946425706666667,4.163572631111111,3.4216996266666664,3.0103766844444446,2.65538568,2.486192346666667,2.35014224,2.0969604755555555,1.608049551111111,4.348400448888889,1.26353075111111,0.39680977333333284,0.21870458666666667,0.04833388000000003,0.041758226666666697,0.023857262222222224,0.01830464888888889,0.016844111111111112,0.016401333333333334,0.01235651111111111,0.010119475555555556,0.009622440000000001,0.01000456888888889,0.010416582222222222,0.017678093333333332,0.01281052888888889,0.007881724444444444,0.005894835555555556,0.004128902222222222,0.007785626666666667,1.8556344444444444,8860877.2,1911.197022222222,0.26558120488509057,0.0697055603689831,0.0,0.0003475741113969366,1.720685008240821,0.0282444444444444,0.01594222644893732,0.0516,0.0103839111111111,0.04713920553051415,0.0,0.0,0.0076444444444444,0.0295,0.0975714285714285,0.0315888888888888,0.0,2.0645971495066666,0.04599331587080417,0.0,0.019156971376773205,0.0,0.01225,0.11230829661200242,0.05309828625400398,0.06544794526534549,0.08141307592936037,0.029326136096872932,0.00881610533624879,0.003811568269998841,0.1166855204724523,0.0033905107381911395,0.48152682801158664,0.03207470858353602,0.0002680465591441714,0.31877087486438505,0.26596815691369646,0.0,0.0,0.4271150807634946,0.0021641966998569937,0.002756981545613119,0.1812617860540262,0.0,0.028204995911606547,0.021048917839427885,0.0081,0.0,0.02440363243347797,0.004258125997442215,0.0101166666666666,0.0951,0.0,0.0,,,,0.0025484636189616267,0.0032500000000000003,0.8924382317835354,3.319545459247176,2.757205152654241,45.33703344350192,1690.0,1390.4507,0.9956308855524221,2024-08-15 19:30:00
2024-08-15 13:45:00,47.92177777777778,1.0,0.1361344022222222,0.3147936063492064,0.0029575584126984,0.0338743041269841,0.8102772526984128,0.008924688000000002,0.010221199999999998,0.030412622222222224,4.1048977777777774e-22,3.2346622222222224e-05,4.760671111111111e-05,0.0004679017777777778,1.969911111111111e-22,4.870035555555555e-05,0.002264391111111111,0.0014686311111111112,5.900368888888888e-07,0.10669066666666667,0.00894572888888889,0.02040528888888889,0.16445333333333334,4.21716e-05,3.206026666666667e-05,0.04,1309.177777777778,0.9566222222222223,0.04555555555555556,0.9566222222222223,40.73434,-111.87211,307.0593333333333,15.419999999999998,876.2351111111111,161.8328,3.877333333333333,429694.4,1951.4795555555556,133.96933333333334,8941476.770666666,0.0006919431746031,4.87936507936508e-06,0.0007231834920634,9.502412698412698e-05,8.125492063492063e-05,2.0176507936507936e-05,0.001325423930775915,1.529319288888889,2.5198079999999994,5.250753777777778,5.660568,0.1638668888888888,0.7256830222222223,1.483414488888889,0.0046972444444444,0.14029410439566609,1.9169657333333332,0.0084400444444444,0.0692392,0.23200569162105938,0.06369835258110207,0.10686320522541046,0.0103839111111111,0.0342108,0.06904598660610761,0.024250782714747503,0.0011217956387055703,0.0462536888888888,0.0588057777777777,0.0444796888888888,0.0032376,0.0022536444444444,1.75975,0.1335,0.04697126497405593,0.007375,0.00018333333333333334,0.071625,0.430375,0.189,0.061625,0.007625,0.0053750000000000004,0.009375,1.208306537517835,0.1399883526236183,0.0675,0.00375,0.144,0.0016250000000000001,0.052125,0.006625,0.012875,0.19774999999999998,0.029625,0.06675,0.01525,0.003375,0.005125,0.0055,0.077125,0.14737499999999998,0.0008010556889435455,0.0073750000000000005,0.028625,0.14125,0.00875,0.0125,0.0335,0.005,0.005875,0.07350000000000001,0.001375,0.0035076806570615462,0.01,0.005125,0.0075,0.001,0.004375,0.00375,0.0023125000000000003,0.008,0.00575,0.03075,0.004375,0.001,0.027875,0.022125000000000002,0.00375,0.0044585628571428,0.0163891533333333,0.0197840869841269,0.002929313015873,0.000331266031746,0.3869877015873016,71100.0,71159.0,870.9632666666668,33.25972,108.04002222222222,13.833844444444445,0.8931866666666667,0.17945333333333333,0.0031644444444444446,19.136798555555558,15.501321359999999,12.349720124444445,10.191676591111111,8.372975457777777,6.739305777777777,5.40373532,4.563368893333333,3.754759248888889,3.271012333333333,2.8650752755555553,2.644291591111111,2.4628103777777777,2.172664991111111,1.69646276,4.572369062222222,1.3898406933333325,0.4279408666666662,0.23914398222222222,0.05116212444444447,0.03787723555555558,0.021232035555555553,0.020139146666666666,0.01660090666666667,0.01446579111111111,0.014092097777777778,0.014310084444444445,0.009984564444444446,0.007182093333333334,0.012301617777777777,0.018241093333333333,0.013987924444444444,0.00976932,0.00718876,0.0068716133333333335,0.009308404444444444,1.898219511111111,8891969.555555556,1911.0284444444444,0.2722840320103519,0.08256194319542692,0.0,0.0003475741113969366,1.7169762719675106,0.0282444444444444,0.01594222644893732,0.0516,0.0103839111111111,0.04713920553051415,0.0,0.0,0.0076444444444444,0.03075,0.0975714285714285,0.0315888888888888,0.0,2.1026532724114286,0.0560530762122438,0.0,0.018729950627787113,0.0,0.012875,0.11440439164688625,0.05344202430997097,0.0659258796565945,0.08231841751127938,0.029970830673869478,0.008915876879780862,0.003598701431718946,0.12183095288806549,0.003491036611017781,0.4700135335684701,0.032282022037561815,0.0003210111435073878,0.31861267562825457,0.2669894206253755,0.0,0.0,0.42847809271445686,0.002333244341013421,0.002938007413536028,0.1812617860540262,0.0,0.027885528733649658,0.020789161007242443,0.0081,0.0,0.024634720837430367,0.004430287875319224,0.0101166666666666,0.0951,0.0,0.0,,,,0.002687839974786646,0.003375,1.1259514211678556,3.803576021090593,3.558631177727927,45.41871741378456,1690.0,1399.4655,0.9976479402460965,2024-08-15 19:45:00
2024-08-15 14:00:00,48.23422222222222,1.0,0.1174903711111111,0.3017509323809524,0.0028106847619047,0.031181458095238,0.8235409901587303,0.007799984444444445,0.01020471111111111,0.03037817777777778,3.3865066666666666e-22,3.215795555555556e-05,4.741337777777778e-05,0.0004660071111111111,1.6216488888888888e-22,4.813431111111111e-05,0.002257373333333333,0.00146484,5.851048888888888e-07,0.10660355555555556,0.008924711111111112,0.0203928,0.1643373333333333,4.196831111111111e-05,3.1672e-05,0.04,1309.0986666666665,0.7572444444444444,0.04471111111111112,0.7572444444444444,40.73434,-111.87211,306.7491111111111,15.418666666666667,876.0951111111111,158.64364444444445,3.7933333333333334,430129.1111111111,1952.664,135.9791111111111,8787066.71111111,0.0006896476190476,1.6296507936507936e-05,0.0006799514285714,7.53984126984127e-05,5.007587301587301e-05,4.983238095238096e-05,0.001285438752104278,1.116351866666667,2.103167555555556,4.316428444444445,5.660568,0.1638668888888888,0.7256830222222223,1.483414488888889,0.0046972444444444,0.14099949277763557,1.9169657333333332,0.0084400444444444,0.0692392,0.23332187267959265,0.0644361873805828,0.10852149743779264,0.0103839111111111,0.0342108,0.06997255263327981,0.025348274242925815,0.0011732861733334161,0.0462536888888888,0.0588057777777777,0.0444796888888888,0.0032376,0.0022536444444444,1.774,0.142,0.0496060821185402,0.0085,0.0002,0.0715,0.4305,0.189,0.0615,0.0075,0.0055,0.0095,1.2317070357902509,0.1492657047041609,0.068,0.004,0.144,0.0015,0.0525,0.006500000000000001,0.0135,0.184,0.0325,0.068,0.015,0.0035,0.0055,0.006,0.0835,0.1495,0.000734740918591394,0.0075,0.0285,0.14100000000000001,0.009000000000000001,0.012,0.034,0.005,0.0055,0.07500000000000001,0.0015,0.003550514754757202,0.01,0.0055,0.008,0.001,0.0045000000000000005,0.004,0.0022500000000000003,0.009000000000000001,0.006,0.032,0.0045000000000000005,0.001,0.028499999999999998,0.0225,0.004,0.0040231761904761,0.0136762044444444,0.0200598088888888,0.0028156765079365,0.0003210882539682,0.3702136971428571,72000.0,72059.0,870.8217066666667,33.41605777777777,108.18955555555554,13.507675555555556,0.8283422222222222,0.1727022222222222,0.0030800000000000003,19.99171356,15.922466702222222,12.55093016,10.265121288888889,8.260557,6.591651862222222,5.286318902222223,4.401806213333333,3.5994140266666665,3.1645402933333333,2.7545024488888887,2.5469050044444446,2.4004971022222223,2.131917408888889,1.6217290133333333,4.504495484444445,1.3171636933333324,0.39737345777777733,0.22019982666666665,0.0481305866666667,0.033496164444444476,0.023808075555555554,0.019680191111111113,0.01498915111111111,0.012296417777777778,0.01309972,0.009316053333333333,0.009007342222222221,0.00935639111111111,0.012551328888888888,0.01517843111111111,0.013210817777777778,0.005591155555555556,0.006354688888888889,0.008397706666666668,0.005780555555555555,1.7778191555555556,8741033.688888889,1912.8512888888888,0.2789868591356133,0.08579049671023664,0.0,0.0003475741113969366,1.7570791218261448,0.0282444444444444,0.01594222644893732,0.0516,0.0103839111111111,0.04713920553051415,0.0,0.0,0.0076444444444444,0.032,0.0975714285714285,0.0315888888888888,0.0,1.9980296319210693,0.058579329128553556,0.0,0.01830292987880102,0.0,0.0135,0.11650048668177006,0.05378576236593796,0.06640381404784351,0.0832237590931984,0.030615525250866027,0.009015648423312933,0.0033858345934390504,0.12697638530367866,0.0035915624838444224,0.4585002391253536,0.032489335491587605,0.0003739757278706041,0.3184544763921241,0.26801068433705455,0.0,0.0,0.42984110466541914,0.0025022919821698483,0.0031190332814589375,0.1812617860540262,0.0,0.027566061555692772,0.020529404175057005,0.0081,0.0,0.024865809241382767,0.004602449753196233,0.0101166666666666,0.0951,0.0,0.0,,,,0.0028272163306116652,0.0035,0.8816656478495039,3.388157050958589,2.858556575692462,50.0,1658.8889,1405.3785,0.8739761262113682,2024-08-15 20:00:00
2024-08-15 14:15:00,48.11333333333334,1.0,0.1138199784126984,0.2825414177777778,0.0026874914285714,0.0291524142857142,0.7305290460317461,0.008394452888888888,0.010177022222222222,0.030320577777777778,2.4821511111111107e-22,3.185271111111111e-05,4.709857777777777e-05,0.000462928,1.1840435555555554e-22,4.722915555555555e-05,0.0022457155555555557,0.0014585333333333333,5.771311111111112e-07,0.10647333333333334,0.008890284444444445,0.020374044444444444,0.164152,4.163915555555556e-05,3.104848888888889e-05,0.04,1309.108,1.1414666666666666,0.042577777777777784,1.1414666666666666,40.73434,-111.87211,306.68777777777774,15.670666666666667,875.9359999999999,156.85062222222223,3.8280000000000003,430179.02222222224,1951.0804444444443,132.27155555555555,8862848.140444443,0.0006199752380952,4.933047619047619e-05,0.000741952063492,7.631047619047619e-05,6.499396825396825e-05,8.399492063492063e-05,0.0012454535734326409,1.349149092063492,2.3023963809523806,4.505882825396825,5.660568,0.1638668888888888,0.7256830222222223,1.483414488888889,0.0046972444444444,0.14170488115960506,1.9169657333333332,0.0084400444444444,0.0692392,0.23463805373812593,0.0651740221800635,0.11017978965017483,0.0103839111111111,0.0342108,0.070899118660452,0.026445765771104128,0.0012247767079612616,0.0462536888888888,0.0588057777777777,0.0444796888888888,0.0032376,0.0022536444444444,1.7882500000000001,0.1505,0.04474547959326644,0.009625,0.00021666666666666668,0.071375,0.430625,0.189,0.061375,0.0073750000000000005,0.005625,0.009625,1.2004214915708786,0.13215122636362864,0.0685,0.00425,0.144,0.001375,0.052875,0.0063750000000000005,0.014125,0.17025,0.035375,0.06924999999999999,0.014750000000000001,0.003625,0.005875,0.006500000000000001,0.08987500000000001,0.151625,0.0006684261482392426,0.007625,0.028375,0.14075000000000001,0.00925,0.0115,0.034499999999999996,0.005,0.005125,0.0765,0.0016250000000000001,0.0035933488524528575,0.01,0.005875,0.0085,0.001,0.004625,0.00425,0.0021875,0.01,0.00625,0.03325,0.004625,0.001,0.029124999999999998,0.022875,0.00425,0.0034741228571428,0.0131879441269841,0.0191381228571428,0.0024754184126984,0.0003005958730158,0.3534188447619047,72900.0,72959.0,870.6703555555556,33.34004888888889,98.03136444444445,12.871955555555555,0.8041955555555556,0.17323111111111109,0.003155555555555556,16.648942880000003,13.492917253333333,10.861807524444446,8.984310608888888,7.380276657777778,6.0026258044444445,4.9198312133333335,4.230601164444445,3.48765516,3.122111235555556,2.753817448888889,2.668329542222222,2.5572100888888887,2.243624488888889,1.7155002311111112,4.719940666666667,1.3346611955555545,0.3938083377777773,0.23269817333333334,0.051625444444444474,0.043780573333333364,0.025398435555555553,0.02265756,0.014374679999999999,0.014272648888888888,0.011124915555555556,0.0111048,0.01029440888888889,0.011826688888888888,0.011380386666666666,0.016638115555555555,0.009323764444444443,0.008175022222222222,0.006965311111111111,0.004406004444444445,0.007310626666666667,1.701664888888889,8813062.888888888,1911.1505333333332,0.28568968626087465,0.07983459369817497,0.0,0.0003475741113969366,1.7196622457462567,0.0282444444444444,0.01594222644893732,0.0516,0.0103839111111111,0.04713920553051415,0.0,0.0,0.0076444444444444,0.03325,0.0975714285714285,0.0315888888888888,0.0,1.9243410174890283,0.053919001435529204,0.0,0.01787590912981493,0.0,0.014125,0.11859658171665387,0.05412950042190495,0.06688174843909253,0.08412910067511742,0.031260219827862576,0.009115419966845003,0.0031729677551591553,0.13212181771929185,0.0036920883566710643,0.4469869446822371,0.032696648945613395,0.00042694031223382045,0.3182962771559936,0.26903194804873354,0.0,0.0,0.4312041166163814,0.0026713396233262756,0.003300059149381847,0.1812617860540262,0.0,0.027246594377735883,0.020269647342871566,0.0081,0.0,0.025096897645335167,0.004774611631073241,0.0101166666666666,0.0951,0.0,0.0,,,,0.002966592686436684,0.003625,1.0193739685843735,3.5868017926550326,3.0005116266980143,45.59563093736154,1592.2222,1408.6875,0.9442277062501185,2024-08-15 20:15:00
2024-08-15 14:30:00,48.516888888888886,1.0,0.1105282755555555,0.27679148,0.0023326088888888,0.0284314888888888,0.7254117155555556,0.008548087555555556,0.010137244444444445,0.030240044444444444,1.6192808888888888e-22,3.142786666666667e-05,4.6661111111111115e-05,0.0004586386666666666,7.677199999999999e-23,4.599035555555556e-05,0.0022297066666666665,0.0014496088888888887,5.662048888888889e-07,0.10628177777777778,0.008842,0.02034711111111111,0.1638888888888889,4.118266666666667e-05,3.019737777777778e-05,0.04,1309.4617777777778,1.8166666666666667,0.04444444444444444,1.8166666666666667,40.73434,-111.87211,306.94377777777777,15.481777777777777,875.7853333333334,148.98791111111112,3.758666666666667,430612.7555555556,1949.3031111111115,129.49422222222222,8793429.234666666,0.0006335244444444,9.624e-05,0.00075724,8.042222222222223e-05,0.0001150977777777,9.547111111111112e-05,0.001205468394761004,1.3308907863710364,2.435592930828431,4.7900507989972985,5.660568,0.1638668888888888,0.7256830222222223,1.483414488888889,0.0046972444444444,0.14241026954157457,1.9169657333333332,0.0084400444444444,0.0692392,0.23595423479665922,0.06591185697954423,0.11183808186255703,0.0103839111111111,0.0342108,0.0718256846876242,0.02754325729928244,0.0012762672425891074,0.0462536888888888,0.0588057777777777,0.0444796888888888,0.0032376,0.0022536444444444,1.8025,0.15899999999999997,0.041104397696786504,0.01075,0.00023333333333333333,0.07125,0.43074999999999997,0.189,0.06125,0.00725,0.00575,0.00975,1.165307573150109,0.11933075463622678,0.069,0.0045000000000000005,0.144,0.00125,0.05325,0.00625,0.01475,0.1565,0.03825,0.0705,0.0145,0.00375,0.00625,0.007,0.09625,0.15375,0.000602111377887091,0.00775,0.02825,0.1405,0.0095,0.011,0.034999999999999996,0.005,0.00475,0.078,0.00175,0.0036361829501485128,0.01,0.00625,0.009000000000000001,0.001,0.00475,0.0045000000000000005,0.002125,0.011,0.006500000000000001,0.034499999999999996,0.00475,0.001,0.02975,0.02325,0.0045000000000000005,0.0032943911111111,0.0109321022222222,0.0171804488888888,0.0022519555555555,0.00027236,0.3830771333333333,73800.0,73859.0,870.5144755555556,33.28386666666667,92.33282666666666,12.210035555555555,0.8008311111111112,0.18008444444444444,0.0030444444444444447,15.971144035555556,12.87008352,10.250010644444444,8.495421777777777,6.982634395555555,5.660287822222222,4.645944777777777,3.8631352844444447,3.2322470666666665,2.882689502222222,2.489779542222222,2.423475871111111,2.3114223644444447,2.0719489244444445,1.6159098755555557,4.4137596711111104,1.2682550977777767,0.3800007644444439,0.2217647111111111,0.05298276888888893,0.04021024000000003,0.026135582222222224,0.02049817333333333,0.014693373333333334,0.014641488888888889,0.012325711111111111,0.011148133333333334,0.009348702222222222,0.00993387111111111,0.011551648888888889,0.019667866666666665,0.011314697777777778,0.00887120888888889,0.006825391111111111,0.0052630888888888895,0.007479595555555555,1.6057231555555556,8740994.844444444,1909.6873333333333,0.292392513386136,0.07537302118290604,0.0,0.0003475741113969366,1.6874716273465395,0.0282444444444444,0.01594222644893732,0.0516,0.0103839111111111,0.04713920553051415,0.0,0.0,0.0076444444444444,0.034499999999999996,0.0975714285714285,0.0315888888888888,0.0,1.8564817348844445,0.050427945603149796,0.0,0.017448888380828836,0.0,0.01475,0.12069267675153769,0.054473238477871944,0.06735968283034154,0.08503444225703644,0.031904914404859125,0.009215191510377075,0.0029601009168792602,0.13726725013490504,0.0037926142294977057,0.43547365023912055,0.03290396239963919,0.0004799048965970368,0.31813807791986315,0.2700532117604126,0.0,0.0,0.4325671285673437,0.002840387264482703,0.0034810850173047562,0.1812617860540262,0.0,0.026927127199778994,0.020009890510686124,0.0081,0.0,0.025327986049287564,0.00494677350895025,0.0101166666666666,0.0951,0.0,0.0,,,,0.0031059690422617038,0.00375,1.0085734935697503,3.7196078471618774,3.2134340145774427,45.96833970628936,1525.5555,1409.8824,0.9667595063962403,2024-08-15 20:30:00
2024-08-15 14:45:00,48.66311111111112,1.0,0.1061358933333333,0.2731029288888889,0.0023312888888888,0.0272871466666666,0.74241,0.008300181333333333,0.010085422222222222,0.030134133333333334,9.455208888888888e-23,3.088475555555556e-05,4.6095511111111115e-05,0.00045309644444444446,4.439608888888889e-23,4.443288888888889e-05,0.002208888888888889,0.00143808,5.523262222222222e-07,0.10602977777777776,0.008778933333333332,0.02031008888888889,0.16352933333333333,4.059555555555556e-05,2.913088888888889e-05,0.04,1309.0657777777778,1.6844,0.04657777777777778,1.6844,40.734338755555555,-111.87211,307.2148888888889,15.244444444444444,875.572,151.50102222222222,3.454222222222222,430027.1111111111,1947.8764444444448,133.0942222222222,8683329.076,0.0005729644444444,8.276444444444445e-05,0.0007885733333333,0.0001104577777777,0.0001294044444444,6.197333333333333e-05,0.0011654832160893668,1.2235139851222854,2.2721891187664194,4.44216449043549,5.660568,0.1638668888888888,0.7256830222222223,1.483414488888889,0.0046972444444444,0.14311565792354408,1.9169657333333332,0.0084400444444444,0.0692392,0.2372704158551925,0.06664969177902494,0.11349637407493922,0.0103839111111111,0.0342108,0.0727522507147964,0.028640748827460753,0.001327757777216953,0.0462536888888888,0.0588057777777777,0.0444796888888888,0.0032376,0.0022536444444444,1.8167499999999999,0.16749999999999998,0.045823994970188214,0.011875,0.00025,0.071125,0.430875,0.189,0.061125,0.007125,0.005875,0.009875,1.1371216071259198,0.13594874487337738,0.0695,0.00475,0.144,0.0011250000000000001,0.053625,0.006125,0.015375,0.14275,0.041124999999999995,0.07175,0.01425,0.003875,0.006625000000000001,0.0075,0.102625,0.15587499999999999,0.0005357966075349395,0.007875,0.028125,0.14025,0.00975,0.0105,0.0355,0.005,0.004375,0.0795,0.001875,0.0036790170478441684,0.01,0.006625000000000001,0.0095,0.001,0.004875,0.00475,0.0020625,0.012,0.00675,0.03575,0.004875,0.001,0.030375,0.023625,0.00475,0.0036433644444444,0.0131160444444444,0.0211502133333333,0.0022629911111111,0.0002722488888888,0.4003327377777778,74700.0,74759.0,870.3032933333333,33.37493777777778,98.81941333333334,12.950684444444445,0.8566355555555556,0.18332444444444446,0.0032133333333333332,17.62551574222222,14.057579404444445,11.165045697777778,9.100596502222222,7.4564965333333335,6.102839742222222,4.928627968888889,4.113468431111111,3.3831936,2.97373244,2.6174032266666667,2.460346351111111,2.3246932711111112,2.107471342222222,1.6391262,4.485155875555555,1.3163093599999989,0.41598176444444396,0.2511885377777778,0.04684452888888892,0.04187711111111114,0.02609787111111111,0.02096444888888889,0.018906502222222222,0.017335044444444444,0.012423435555555555,0.012744946666666668,0.009505595555555555,0.013571475555555554,0.012944128888888889,0.017819528888888887,0.011409222222222222,0.009289066666666668,0.006793822222222222,0.006949973333333333,0.009130426666666667,1.6776672,8650448.444444444,1908.4398666666664,0.2990953405113973,0.08115614446241923,0.0,0.0003475741113969366,1.6600271744808737,0.0282444444444444,0.01594222644893732,0.0516,0.0103839111111111,0.04713920553051415,0.0,0.0,0.0076444444444444,0.03575,0.0975714285714285,0.0315888888888888,0.0,1.8634723890546032,0.05495307798309425,0.0,0.017021867631842744,0.0,0.015375,0.1227887717864215,0.05481697653383893,0.06783761722159054,0.08593978383895545,0.03254960898185567,0.009314963053909145,0.002747234078599365,0.14241268255051823,0.0038931401023243476,0.42396035579600405,0.03311127585366498,0.0005328694809602531,0.3179798786837327,0.2710744754720916,0.0,0.0,0.43393014051830603,0.00300943490563913,0.0036621108852276656,0.1812617860540262,0.0,0.02660766002182211,0.019750133678500682,0.0081,0.0,0.025559074453239964,0.0051189353868272575,0.0101166666666666,0.0951,0.0,0.0,,,,0.0032453453980867226,0.003875,0.945056074233493,3.5566830897899466,2.9527685265176142,46.103385064193844,1458.8889,1409.4185,0.945465812095623,2024-08-15 20:45:00
2024-08-15 15:00:00,48.61555555555556,1.0,0.0976693244444444,0.2582017333333333,0.0022328044444444,0.0253707511111111,0.7110938311111112,0.008205686666666667,0.010019568888888889,0.02999617777777778,4.961955555555555e-23,3.0210355555555556e-05,4.5386311111111105e-05,0.0004461662222222222,2.2970355555555553e-23,4.256351111111111e-05,0.002182511111111111,0.0014235155555555555,5.354177777777778e-07,0.10569822222222222,0.008698684444444445,0.020261511111111113,0.16307022222222223,3.986533333333333e-05,2.7851155555555553e-05,0.04,1309.3208888888887,1.2496444444444446,0.050133333333333335,1.2496444444444446,40.734331377777785,-111.87211,307.39177777777775,14.947555555555557,875.4066666666666,153.41684444444445,3.6013333333333337,429805.06666666665,1946.496,141.06,8608374.121777777,0.0005686266666666,7.163111111111112e-05,0.0007580933333333,9.892444444444444e-05,0.0001168044444444,4.706666666666667e-05,0.0011254980374177299,1.3286350222222223,2.1699142222222223,4.215974222222222,5.660568,0.1638668888888888,0.7256830222222223,1.483414488888889,0.0046972444444444,0.14382104630551357,1.9169657333333332,0.0084400444444444,0.0692392,0.2385865969137258,0.06738752657850566,0.1151546662873214,0.0103839111111111,0.0342108,0.07367881674196859,0.029738240355639066,0.0013792483118447987,0.0462536888888888,0.0588057777777777,0.0444796888888888,0.0032376,0.0022536444444444,1.831,0.176,0.032,0.013,0.0002666666666666667,0.071,0.431,0.189,0.061,0.007,0.006,0.01,0.596,0.157,0.07,0.005,0.144,0.001,0.054,0.006,0.016,0.129,0.044,0.073,0.014,0.004,0.007,0.008,0.109,0.158,0.0004694818371827881,0.008,0.028,0.14,0.01,0.01,0.036,0.005,0.004,0.081,0.002,0.003721851145539824,0.01,0.007,0.01,0.001,0.005,0.005,0.002,0.013,0.007,0.037,0.005,0.001,0.031,0.024,0.005,0.0033735377777777,0.0121184844444444,0.0187139733333333,0.00223648,0.0002357955555555,0.41496276,75600.0,75659.0,870.1816799999999,33.50599555555556,92.96706222222222,12.47188888888889,0.8561155555555556,0.1891688888888889,0.003106666666666667,16.069569884444444,12.86531484,10.317182195555555,8.511115413333334,7.055020302222222,5.764893155555556,4.619831444444444,3.9658224933333335,3.3324952888888886,2.88094512,2.596481546666667,2.444461,2.293396608888889,2.082945551111111,1.5954806577777778,4.369695928888889,1.278856288888888,0.3915890799999995,0.22069456,0.0448717466666667,0.043419440000000024,0.024004102222222223,0.021228604444444445,0.02184456,0.019763902222222223,0.015854533333333334,0.017272866666666668,0.009989431111111112,0.01361459111111111,0.01528091111111111,0.02105969777777778,0.011629324444444445,0.011463297777777777,0.004346831111111111,0.005322657777777778,0.010315595555555557,1.5923776444444444,8548529.066666666,1907.2296444444448,0.3057981676366587,0.07393061699494596,0.0,0.0003475741113969366,0.9035633499745707,0.0282444444444444,0.01594222644893732,0.0516,0.0103839111111111,0.04713920553051415,0.0,0.0,0.0076444444444444,0.037,0.0975714285714285,0.0315888888888888,0.0,1.865720455974473,0.05064507615226403,0.0,0.016594846882856652,0.0,0.016,0.12488486682130531,0.05516071458980592,0.06831555161283956,0.08684512542087447,0.033194303558852216,0.009414734597441216,0.0025343672403194697,0.14755811496613142,0.003993665975150989,0.41244706135288756,0.03331858930769077,0.0005858340653234694,0.3178216794476022,0.27209573918377067,0.0,0.0,0.4352931524692683,0.0031784825467955575,0.003843136753150575,0.1812617860540262,0.0,0.02628819284386522,0.019490376846315244,0.0081,0.0,0.025790162857192364,0.005291097264704267,0.0101166666666666,0.0951,0.0,0.0,,,,0.003384721753911742,0.004,1.007239124174335,3.454708034897231,2.7832878795156075,48.0,1392.2222,1407.0544,0.943325018751239,2024-08-15 21:00:00
2024-08-15 15:15:00,47.80488888888889,1.0,0.1013132622222222,0.2368702222222222,0.0026220755555555,0.0228552444444444,0.7637003733333334,0.008137865777777777,0.009937453333333334,0.02982377777777778,2.3907644444444443e-23,2.94e-05,4.452066666666667e-05,0.00043772977777777777,1.081586222222222e-23,4.0377866666666665e-05,0.002150271111111111,0.0014054488888888888,5.153377777777777e-07,0.10528044444444444,0.00859988,0.02019928888888889,0.16247911111111113,3.898408888888889e-05,2.635888888888889e-05,0.04,1308.8066666666666,29.654,0.04853333333333333,29.654,40.734336533333334,-111.87211,307.2077777777778,15.149333333333335,875.2608888888889,148.27453333333332,3.7951111111111113,429943.77777777775,1944.663555555556,135.91511111111112,8628684.205777777,0.0004872177777777,2.491111111111111e-05,0.0006906666666666,8.66e-05,0.0001092088888888,2.684e-05,0.0010855128587460927,1.5865377333333337,2.405613111111111,4.977479111111111,5.660568,0.1638668888888888,0.7256830222222223,1.483414488888889,0.0046972444444444,0.14288052846288757,1.9169657333333332,0.0084400444444444,0.0692392,0.23507678075763705,0.06768266049829795,0.11581798317227429,0.0103839111111111,0.0342108,0.07404944315283747,0.029738240355639066,0.0012247767079612616,0.0462536888888888,0.0588057777777777,0.0444796888888888,0.0032376,0.0022536444444444,1.714,0.154,0.04952217816701307,0.010499999999999999,0.00028333333333333335,0.071,0.432,0.18875,0.061,0.00725,0.006,0.00975,1.073646109185482,0.14897027376661154,0.067,0.00425,0.16849999999999998,0.0008970653737642779,0.053,0.006500000000000001,0.016,0.1245,0.041499999999999995,0.0735,0.0175,0.00475,0.006500000000000001,0.0075,0.0925,0.1525,0.0006021113778870911,0.0075,0.02925,0.13475,0.00925,0.01075,0.034999999999999996,0.006,0.00475,0.07975,0.002,0.0035505147547572015,0.01025,0.006500000000000001,0.00975,0.00125,0.00575,0.005,0.0022500000000000003,0.012,0.00675,0.034749999999999996,0.005,0.00125,0.03025,0.0235,0.0055,0.00360448,0.0141484311111111,0.0248984933333333,0.0023146399999999,0.0002622711111111,0.4096640977777778,76500.0,76559.0,870.0628977777778,33.97448444444444,98.77670666666667,13.386035555555557,0.9783422222222222,0.20171555555555554,0.0032222222222222222,16.396839297777777,13.267572506666665,10.815028866666667,9.053596417777777,7.601430244444444,6.3616662844444445,5.1594218000000005,4.496849528888888,3.745635671111111,3.264190191111111,2.94076008,2.706716431111111,2.4674779244444447,2.1856196,1.6747847466666668,4.443036906666666,1.2451088622222213,0.383562284444444,0.2256660088888889,0.05031943555555559,0.046656880000000026,0.026404004444444445,0.022821431111111113,0.02149153333333333,0.019450315555555552,0.016735835555555557,0.014296986666666667,0.01286159111111111,0.011804324444444446,0.017087342222222225,0.024125844444444444,0.014725808888888888,0.01129751111111111,0.007863728888888888,0.007862666666666665,0.01582282222222222,1.652205288888889,8593867.77777778,1904.945422222222,0.29931876808223934,0.08568768562971199,0.0,0.0003475741113969366,1.583148875116386,0.0282444444444444,0.01594222644893732,0.0516,0.0103839111111111,0.04713920553051415,0.0,0.0,0.0076444444444444,0.034749999999999996,0.0975714285714285,0.0315888888888888,0.0,1.88702320546572,0.05849888233068788,0.0,0.01723537800633579,0.0,0.016,0.12306217548662374,0.05470239718184993,0.06735968283034154,0.08575871552257165,0.03254960898185567,0.009414734597441216,0.0029601009168792602,0.13424052518454435,0.003993665975150989,0.4086790740805949,0.03311127585366498,0.0006387986496866858,0.31449949548886214,0.2712446860907048,0.0,0.0,0.43176535683148354,0.002953085691920321,0.0036017689292533626,0.21015995758768208,0.0,0.02676739361080055,0.019880012094593405,0.0081,0.0,0.025512856772449487,0.005463259142581275,0.0101166666666666,0.0951,0.0,0.0,,,,0.003524098109736761,0.00475,1.1597982846176869,3.68971591996715,3.3538709655323453,45.310763221903485,1325.5555,1403.386,0.9462766663927609,2024-08-15 21:15:00
2024-08-15 15:30:00,47.07955555555556,1.0,0.0876934711111111,0.1973802755555555,0.0025157866666666,0.0182295377777777,0.6531540088888889,0.008131348888888888,0.00984172,0.029621866666666666,1.153428e-23,2.8489066666666668e-05,4.3538444444444445e-05,0.0004281653333333333,5.017546666666667e-24,3.796986666666667e-05,0.0021134533333333335,0.0013846755555555555,4.930755555555555e-07,0.104784,0.008485653333333334,0.02012671111111111,0.16178444444444443,3.798897777777778e-05,2.4716044444444444e-05,0.04,1308.780888888889,117.0924888888889,0.04995555555555556,117.0924888888889,40.73434,-111.87211,307.70955555555554,14.513333333333332,875.1200000000001,157.2008888888889,3.1168888888888886,428169.3333333333,1942.5124444444443,124.25022222222222,8341941.271555555,0.0003582177777777,2.220888888888889e-05,0.0007131688888888,8.126222222222223e-05,6.524444444444445e-05,3.580888888888889e-05,0.0010455276800744558,1.304612044444445,2.0443208888888886,3.960023111111111,5.660568,0.1638668888888888,0.7256830222222223,1.483414488888889,0.0046972444444444,0.14194001062026157,1.9169657333333332,0.0084400444444444,0.0692392,0.2315669646015483,0.06797779441809024,0.11648130005722716,0.0103839111111111,0.0342108,0.07442006956370635,0.029738240355639066,0.0010703051040777246,0.0462536888888888,0.0588057777777777,0.0444796888888888,0.0032376,0.0022536444444444,1.597,0.132,0.0342295176685313,0.008,0.00030000000000000003,0.071,0.433,0.1885,0.061,0.0075,0.006,0.0095,1.0311476432798443,0.09512388219077728,0.064,0.0035,0.193,0.0007941307475285559,0.052000000000000005,0.007,0.016,0.12,0.039,0.074,0.021,0.0055,0.006,0.007,0.076,0.14700000000000002,0.0007347409185913941,0.007,0.0305,0.1295,0.0085,0.0115,0.034,0.006999999999999999,0.0055,0.0785,0.002,0.0033791783639745793,0.010499999999999999,0.006,0.0095,0.0015,0.006500000000000001,0.005,0.0025,0.011,0.006500000000000001,0.0325,0.005,0.0015,0.0295,0.023,0.006,0.0030992933333333,0.0130426488888888,0.0234018311111111,0.0020043111111111,0.0002089066666666,0.4440316666666667,77400.0,77459.0,869.9507466666668,34.09038666666667,94.08793777777778,12.676791111111111,0.8806977777777778,0.19336444444444442,0.0031111111111111114,15.187099591111112,12.407714257777776,10.173230444444444,8.657634400000001,7.276178097777778,6.075411777777777,4.987427751111111,4.336652053333333,3.6817357022222224,3.2534557377777777,2.8542848044444447,2.634358026666667,2.4167514044444447,2.1465786799999997,1.544283582222222,4.359674564444445,1.2278066888888879,0.3562399688888884,0.2077266177777778,0.04817454666666669,0.03540270666666669,0.024200813333333335,0.02256902222222222,0.020357573333333333,0.01582708888888889,0.01619047111111111,0.01443705777777778,0.01440184888888889,0.011063044444444444,0.014789573333333333,0.017422155555555555,0.011077733333333334,0.01039336888888889,0.006460155555555556,0.008626973333333334,0.01218803111111111,1.4840848444444446,8309264.488888888,1903.3392,0.29283936852782005,0.06694893827241505,0.0,0.0003475741113969366,1.5478117464800363,0.0282444444444444,0.01594222644893732,0.0516,0.0103839111111111,0.04713920553051415,0.0,0.0,0.0076444444444444,0.0325,0.0975714285714285,0.0315888888888888,0.0,1.7732454055866669,0.0438363361030306,0.0,0.01787590912981493,0.0,0.016,0.12123948415194216,0.05424407977389395,0.06640381404784351,0.08467230562426883,0.031904914404859125,0.009414734597441216,0.0033858345934390504,0.12092293540295727,0.003993665975150989,0.40491108680830223,0.03290396239963919,0.0006917632340499022,0.31117731153012207,0.27039363299763897,0.0,0.0,0.4282375611936988,0.002727688837045085,0.00336040110535615,0.23905812912133795,0.0,0.027246594377735883,0.020269647342871566,0.0081,0.0,0.025235550687706606,0.005635421020458283,0.0101166666666666,0.0951,0.0,0.0,,,,0.0036634744655617804,0.0055,0.9930286286532234,3.3294829064094085,2.5915079225145705,44.64087257114333,1258.8889,1399.6392,0.9582466510795736,2024-08-15 21:30:00
2024-08-15 15:45:00,45.356,1.0,0.07790664,0.1558854533333333,0.0021212844444444,0.0137806444444444,0.5247931644444446,0.007986462666666666,0.009728724444444444,0.0293788,5.723191111111111e-24,2.7458577777777777e-05,4.2407511111111106e-05,0.00041719066666666665,2.3697466666666666e-24,3.539111111111111e-05,0.0020706044444444445,0.0013604844444444445,4.685906666666667e-07,0.10418,0.008351746666666666,0.02003911111111111,0.16094799999999998,3.686155555555556e-05,2.2964133333333336e-05,0.04,1310.6004444444445,118.59066666666668,0.0496,118.59066666666668,40.73434,-111.87211,307.7553333333333,14.400888888888888,874.9546666666666,149.51462222222224,3.826222222222222,429252.13333333336,1940.486666666667,136.79955555555554,8215170.074666667,0.0005180844444444,1.950666666666667e-05,0.0008177244444444,8.156888888888889e-05,8.124000000000002e-05,3.789333333333333e-05,0.0010055425014028187,1.7471574222222224,2.3214755555555557,4.861176,5.660568,0.1638668888888888,0.7256830222222223,1.483414488888889,0.0046972444444444,0.14099949277763557,1.9169657333333332,0.0084400444444444,0.0692392,0.22805714844545952,0.06827292833788252,0.11714461694218004,0.0103839111111111,0.0342108,0.07479069597457523,0.029738240355639066,0.0009158335001941876,0.0462536888888888,0.0588057777777777,0.0444796888888888,0.0032376,0.0022536444444444,1.48,0.10999999999999999,0.05068168416381175,0.0055000000000000005,0.0003166666666666667,0.071,0.434,0.18825,0.061,0.00775,0.006,0.00925,0.9911253276604626,0.1530529651952448,0.061000000000000006,0.00275,0.2175,0.0006911961212928338,0.051000000000000004,0.0075,0.016,0.1155,0.036500000000000005,0.0745,0.0245,0.00625,0.0055,0.006500000000000001,0.0595,0.14150000000000001,0.0008673704592956971,0.006500000000000001,0.03175,0.12425,0.00775,0.01225,0.033,0.008,0.00625,0.07725,0.002,0.003207841973191957,0.01075,0.0055,0.00925,0.00175,0.00725,0.005,0.00275,0.009999999999999998,0.00625,0.03025,0.005,0.00175,0.02875,0.0225,0.006500000000000001,0.00220036,0.01085632,0.0196302577777777,0.0015207733333333,0.0001646088888888,0.4241199866666666,78300.0,78359.0,869.7807555555555,34.20107111111111,79.64297777777777,11.318911111111111,0.8592888888888889,0.20302222222222222,0.003,12.498425319999999,10.324119568888888,8.455224253333332,7.190197111111112,6.095248168888888,4.958992466666667,4.108791768888889,3.5996479822222223,3.067085008888889,2.682343431111111,2.422674168888889,2.3140446844444447,2.2428351555555555,2.0209375022222225,1.5016308133333334,4.127788991111111,1.1619386355555545,0.35137415555555507,0.19873340444444446,0.053345840000000026,0.03929776888888892,0.02192593333333333,0.02837611111111111,0.02249228,0.01698336,0.013645337777777777,0.013423880000000001,0.009871062222222223,0.013293097777777778,0.017950155555555555,0.01871813333333333,0.012469262222222222,0.010445262222222222,0.007864617777777779,0.008351026666666667,0.012493426666666666,1.3051449333333334,8187089.955555555,1902.0494666666668,0.28635996897340077,0.08710847764529608,0.0,0.0003475741113969366,1.5194374206389227,0.0282444444444444,0.01594222644893732,0.0516,0.0103839111111111,0.04713920553051415,0.0,0.0,0.0076444444444444,0.03025,0.0975714285714285,0.0315888888888888,0.0,1.4951937029603175,0.05961061238452607,0.0,0.01851644025329407,0.0,0.016,0.11941679281726057,0.05378576236593796,0.06544794526534549,0.08358589572596602,0.031260219827862576,0.009414734597441216,0.003811568269998841,0.1076053456213702,0.003993665975150989,0.4011430995360095,0.032696648945613395,0.0007447278184131185,0.307855127571382,0.2695425799045731,0.0,0.0,0.42470976555591405,0.0025022919821698483,0.0031190332814589375,0.2679563006549938,0.0,0.027725795144671217,0.020659282591149724,0.0081,0.0,0.024958244602963725,0.005807582898335292,0.0101166666666666,0.0951,0.0,0.0,,,,0.0038028508213867993,0.00625,1.2548108759238876,3.605825032406008,3.266726957635099,43.049061331163024,1192.2222,1395.2487,0.956262562242469,2024-08-15 21:45:00
2024-08-15 16:00:00,44.48755555555555,1.0,0.060362859047619,0.1357261361904762,0.0021573507936507,0.0118949177777777,0.3775393777777778,0.007812329777777779,0.00959764,0.02909502222222222,3.0422444444444447e-24,2.6313155555555555e-05,4.112911111111111e-05,0.0004048377777777778,1.1942146666666666e-24,3.263368888888889e-05,0.0020218266666666663,0.0013326622222222223,4.419231111111111e-07,0.10346666666666667,0.008198,0.019933866666666668,0.15995022222222222,3.560173333333333e-05,2.1097955555555555e-05,0.04,1310.4888888888888,81.86071111111112,0.049911111111111114,81.86071111111112,40.73434,-111.87211,306.7868888888889,14.721777777777778,874.7657777777779,142.58413333333334,4.4959999999999996,429443.68888888886,1939.4764444444445,141.512,8149156.512444444,0.0005910479365079,3.384984126984127e-05,0.0007758504761904,8.08073015873016e-05,9.107555555555556e-05,1.0905714285714286e-05,0.0009655573227311818,1.8302999111111111,2.3565470222222222,5.060184888888889,5.660568,0.1638668888888888,0.7256830222222223,1.483414488888889,0.0046972444444444,0.14005897493500957,1.9169657333333332,0.0084400444444444,0.0692392,0.22454733228937077,0.06856806225767481,0.11780793382713292,0.0103839111111111,0.0342108,0.07516132238544411,0.029738240355639066,0.0007613618963106506,0.0462536888888888,0.0588057777777777,0.0444796888888888,0.0032376,0.0022536444444444,1.363,0.088,0.028,0.003,0.0003333333333333334,0.071,0.435,0.188,0.061,0.008,0.006,0.009,0.575,0.128,0.058,0.002,0.242,0.0005882614950571117,0.05,0.008,0.016,0.111,0.034,0.075,0.028,0.007,0.005,0.006,0.043,0.136,0.001,0.006,0.033,0.119,0.007,0.013,0.032,0.009,0.007,0.076,0.002,0.0030365055824093344,0.011,0.005,0.009,0.002,0.008,0.005,0.003,0.009,0.006,0.028,0.005,0.002,0.028,0.022,0.007,0.0017863777777777,0.0102318244444444,0.0188183101587301,0.0013009942857142,0.000107686031746,0.4149058574603175,79200.0,79259.0,869.6015155555556,34.29699111111111,76.36824,11.084017777777778,0.8674133333333334,0.20946222222222222,0.003128888888888889,11.62372622222222,9.660858133333333,7.978103475555556,6.780071875555556,5.768606848888889,4.813139955555555,4.1035765288888895,3.5187246666666665,3.025212968888889,2.6057415066666665,2.394605146666667,2.3103668177777776,2.213565911111111,2.0007682755555556,1.49850932,4.061997128888889,1.1358039244444433,0.34431367999999957,0.2068292177777778,0.05150752000000003,0.04140626222222225,0.025740444444444444,0.02325109333333333,0.01815065777777778,0.01655832888888889,0.01503423111111111,0.01291170222222222,0.01223248,0.01368612,0.0180684,0.01967588888888889,0.012200053333333332,0.014011471111111111,0.00771976,0.010273106666666667,0.011233768888888888,1.2012374666666663,8116429.644444445,1901.2508444444445,0.27988056941898143,0.06597613305051171,0.0,0.0003475741113969366,0.8830495704045221,0.0282444444444444,0.01594222644893732,0.0516,0.0103839111111111,0.04713920553051415,0.0,0.0,0.0076444444444444,0.028,0.0975714285714285,0.0315888888888888,0.0,1.468865571836708,0.0465432831605232,0.0,0.019156971376773205,0.0,0.016,0.117594101482579,0.05332744495798197,0.06449207648284747,0.0824994858276632,0.030615525250866027,0.009414734597441216,0.0042373019465586316,0.09428775583978313,0.003993665975150989,0.39737511226371686,0.032489335491587605,0.0007976924027763349,0.30453294361264194,0.2686915268115072,0.0,0.0,0.4211819699181293,0.002276895127294612,0.0028776654575617252,0.2968544721886497,0.0,0.028204995911606547,0.021048917839427885,0.0081,0.0,0.024680938518220848,0.0059797447762123005,0.0101166666666666,0.0951,0.0,0.0,,,,0.0039422271772118185,0.007,1.3039927873796182,3.6407936792523614,3.415841044259896,46.0,1125.5555,1390.1235,0.952955571819685,2024-08-15 22:00:00
2024-08-15 16:15:00,44.04844444444445,1.0,0.0691827488888889,0.1289047942857142,0.0022001771428571,0.0112255755555555,0.3959761942857143,0.007599434666666667,0.00944148,0.028754088888888887,1.737151111111111e-24,2.5022888888888892e-05,3.9661066666666665e-05,0.00039066755555555553,6.501968888888889e-25,2.969631111111111e-05,0.001965146666666667,0.0012999511111111111,4.1273599999999997e-07,0.10260844444444445,0.00801688888888889,0.01980657777777778,0.1587382222222222,3.417071111111111e-05,1.911755555555556e-05,0.04,1309.9653333333333,15.427466666666668,0.04875555555555556,15.427466666666668,40.73434,-111.87211,306.9202222222222,14.505333333333335,874.6586666666667,151.38884444444446,4.172444444444444,429376.6666666667,1940.376,145.12355555555555,7996976.67688889,0.0005762031746031,3.58784126984127e-05,0.0006634307936507,7.55873015873016e-05,8.521809523809525e-05,1.1704761904761905e-05,0.0009255721440595446,2.004619911111112,2.7375680888888887,5.553470666666667,5.660568,0.1638668888888888,0.7256830222222223,1.483414488888889,0.0046972444444444,0.14121782727681662,1.9169657333333332,0.0084400444444444,0.0692392,0.2204362362598319,0.0701912988165324,0.12228532280056484,0.0103839111111111,0.0342108,0.07719976764522295,0.03071876383094703,0.0008533092795746607,0.0462536888888888,0.0588057777777777,0.0444796888888888,0.0032376,0.0022536444444444,1.387375,0.09775,0.061594441859310706,0.0055,0.00035,0.071,0.434375,0.187375,0.06125,0.007875,0.0063750000000000005,0.00975,0.9889389396417627,0.19147745151025675,0.083375,0.0022500000000000003,0.2365,0.0007647288081749728,0.049375,0.00825,0.017375,0.110125,0.041875,0.078375,0.028625,0.007125,0.006,0.007,0.043375,0.15200000000000002,0.001,0.005875,0.035375000000000004,0.12275,0.00725,0.0135,0.034,0.008875,0.006875,0.08625,0.002125,0.0030426247392229995,0.012125,0.005875,0.010124999999999999,0.002,0.008625,0.0053750000000000004,0.004,0.01,0.006625,0.031625,0.006125,0.002125,0.0305,0.024,0.0073750000000000005,0.0017136803174603,0.0109851549206349,0.0164186444444444,0.0011190742857142,0.0001465546031746,0.3772798717460317,80100.0,80159.0,869.4822266666666,34.200853333333335,73.71727555555555,10.985204444444443,0.9209777777777777,0.22216444444444447,0.0031955555555555556,11.126305466666668,9.206644106666666,7.675833724444445,6.580942986666667,5.579310324444445,4.748362293333333,3.9279474666666667,3.4160088044444445,2.867030546666667,2.5606355644444445,2.326594302222222,2.2602398577777776,2.12465076,1.93050568,1.4714285155555555,3.9056677866666667,1.1099868666666657,0.3393906311111106,0.2072689288888889,0.056050471111111146,0.03971365777777781,0.025681279999999997,0.02180056888888889,0.021995293333333332,0.01642492,0.01877707111111111,0.017181453333333332,0.013923986666666666,0.015651715555555553,0.01984232,0.023467746666666667,0.014362724444444445,0.01400436,0.010662306666666668,0.009787586666666665,0.01317123111111111,1.2043185555555556,7975215.155555556,1902.1418666666668,0.30233504028860697,0.10048034380603729,0.0,0.0003475741113969366,1.5214702344307014,0.0282444444444444,0.01594222644893732,0.0516,0.0103839111111111,0.04713920553051415,0.0,0.0,0.0076444444444444,0.031625,0.0975714285714285,0.0315888888888888,0.0,1.5276061047507126,0.07007372403193114,0.0,0.019583992125759297,0.0,0.017375,0.12333557918682596,0.05516071458980591,0.06640381404784351,0.08612085215533927,0.031260219827862576,0.009714049228037428,0.004166346333798666,0.0945904283348192,0.004898398830590763,0.39664244807188215,0.03300761912665208,0.0009565861558659841,0.3069059321545991,0.27567016217464724,0.0,0.0,0.4314446481371395,0.0027276888370450845,0.002912146575261327,0.2903671275586453,0.0,0.028627148968192434,0.0213921679391015,0.0081,0.0,0.02497805218044536,0.006151906654089309,0.0101166666666666,0.0951,0.0,0.0,,,,0.004191113526899353,0.007125,1.4071096283539177,4.020697697750427,3.785451962691805,41.84145208205986,1058.8889,1384.0496,0.9479281516797871,2024-08-15 22:15:00
2024-08-15 16:30:00,45.36977777777778,1.0,0.0640534479365079,0.1314429568253968,0.0019746146031746,0.0109472098412698,0.459756253968254,0.007439672444444445,0.00925916888888889,0.028351511111111113,1.062568888888889e-24,2.360097777777778e-05,3.800533333333333e-05,0.000374728,3.8410266666666664e-25,2.6646044444444444e-05,0.0019003866666666665,0.001262351111111111,3.815213333333333e-07,0.10158533333333333,0.007807853333333333,0.019651333333333337,0.15728133333333333,3.25852e-05,1.7072177777777778e-05,0.04,1309.7355555555555,1.263688888888889,0.050577777777777784,1.263688888888889,40.734339600000006,-111.87211,307.1104444444444,13.901333333333334,874.5231111111111,154.83382222222224,3.957333333333333,428798.5777777778,1940.4475555555557,132.83777777777777,7638060.801777778,0.0005958053968253,5.1845714285714285e-05,0.0006901996825396,6.42336507936508e-05,0.0001038625396825,1.2503809523809525e-05,0.0008855869653879077,1.3721761407814408,2.208139728937729,4.229791568986569,5.660568,0.1638668888888888,0.7256830222222223,1.483414488888889,0.0046972444444444,0.14237667961862363,1.9169657333333332,0.0084400444444444,0.0692392,0.21632514023029306,0.07181453537538998,0.12676271177399676,0.0103839111111111,0.0342108,0.07923821290500177,0.031699287306255,0.0009452566628386709,0.0462536888888888,0.0588057777777777,0.0444796888888888,0.0032376,0.0022536444444444,1.41175,0.1075,0.045487796497749644,0.008,0.00036666666666666667,0.071,0.43374999999999997,0.18675,0.0615,0.00775,0.00675,0.010499999999999999,0.9903526282803625,0.13476496951944716,0.10875000000000001,0.0025,0.23099999999999998,0.0009411961212928338,0.04875,0.0085,0.01875,0.10925,0.04975,0.08174999999999999,0.02925,0.00725,0.007,0.008,0.04375,0.168,0.001,0.00575,0.03775,0.1265,0.0075,0.014,0.036000000000000004,0.008749999999999999,0.00675,0.0965,0.0022500000000000003,0.0030487438960366646,0.01325,0.00675,0.01125,0.002,0.00925,0.00575,0.005,0.011,0.0072499999999999995,0.035250000000000004,0.00725,0.0022500000000000003,0.033,0.026,0.00775,0.0016707034920634,0.0097652847619047,0.0138642885714285,0.000978859047619,0.0001652758730158,0.3574069831746032,81000.0,81059.0,869.3465600000001,34.04477777777778,82.00411555555554,11.93024,0.9432444444444444,0.21300444444444444,0.0031644444444444446,12.026997768888888,10.18643348888889,8.565754751111111,7.422742546666667,6.30152384,5.3429609199999994,4.485998324444444,3.85969772,3.3083162844444445,2.8951067644444444,2.625306804444444,2.5191098666666667,2.3415458533333333,2.085914768888889,1.61637572,4.279608697777777,1.188647328888888,0.3784617155555551,0.22781808,0.052454400000000026,0.04101124444444448,0.024118320000000002,0.022708964444444445,0.024737022222222224,0.016376457777777777,0.020029702222222223,0.014214742222222222,0.01307754222222222,0.014984337777777777,0.0164524,0.02567012,0.01521284,0.012654013333333332,0.010564422222222222,0.010423537777777778,0.011165413333333334,1.1915362,7628619.244444444,1903.523777777778,0.3247895111582325,0.08074418617448359,0.0,0.0003475741113969366,1.5518724851415442,0.0282444444444444,0.01594222644893732,0.0516,0.0103839111111111,0.04713920553051415,0.0,0.0,0.0076444444444444,0.035250000000000004,0.0975714285714285,0.0315888888888888,0.0,1.4350624474355556,0.054630732133313056,0.0,0.02001101287474539,0.0,0.01875,0.12907705689107293,0.05699398422162986,0.06831555161283956,0.08974221848301533,0.031904914404859125,0.01001336385863364,0.004095390721038702,0.09489310082985528,0.0058031316860305375,0.3959097838800475,0.03352590276171656,0.0011154799089556334,0.30927892069655627,0.2826487975377873,0.0,0.0,0.44170732635614973,0.003178482546795557,0.002946627692960929,0.2838797829286409,0.0,0.029049302024778324,0.021735418038775118,0.0081,0.0,0.025275165842669874,0.006324068531966317,0.0101166666666666,0.0951,0.0,0.0,,,,0.004439999876586888,0.00725,1.0329953345822862,3.4928214750211337,2.7936409901422086,43.061785969749764,992.22223,1376.6984,0.9528447995664765,2024-08-15 22:30:00
2024-08-15 16:45:00,45.44266666666667,1.0,0.0748551346031746,0.1361174050793651,0.0022262584126984,0.0118732422222222,0.5221414787301587,0.007228470222222222,0.00904755111111111,0.02787551111111111,6.904355555555556e-25,2.2051955555555556e-05,3.6156977777777775e-05,0.00035700799999999997,2.444386666666667e-25,2.354208888888889e-05,0.00182736,0.0012194488888888889,3.486475555555556e-07,0.10036528888888889,0.007567982222222222,0.019466622222222223,0.15554711111111114,3.08408e-05,1.5001955555555556e-05,0.04,1309.4875555555554,1.8119111111111112,0.0468,1.8119111111111112,40.734334399999995,-111.87211,306.77,14.075555555555555,874.3786666666667,143.78693333333334,4.2715555555555556,430591.9555555556,1941.4128888888888,141.76844444444444,7632014.419111111,0.0005334488888888,8.030539682539684e-05,0.0006395771428571,6.820444444444446e-05,0.0001054015873015,1.3302857142857145e-05,0.0008456017867162705,1.809810270538721,2.6674217525252524,5.468853979797979,5.660568,0.1638668888888888,0.7256830222222223,1.483414488888889,0.0046972444444444,0.14353553196043067,1.9169657333333332,0.0084400444444444,0.0692392,0.2122140442007542,0.07343777193424757,0.13124010074742867,0.0103839111111111,0.0342108,0.08127665816478061,0.032679810781562964,0.001037204046102681,0.0462536888888888,0.0588057777777777,0.0444796888888888,0.0032376,0.0022536444444444,1.436125,0.11725,0.05719589373376627,0.010499999999999999,0.00038333333333333334,0.071,0.433125,0.18612499999999998,0.06175,0.007625,0.007124999999999999,0.01125,1.009424253889243,0.17598989492997885,0.134125,0.00275,0.2255,0.0011176634344106948,0.048125,0.00875,0.020125,0.108375,0.057625,0.08512499999999999,0.029875000000000002,0.0073750000000000005,0.008,0.009000000000000001,0.044125,0.184,0.001,0.005625,0.040125,0.13025,0.00775,0.0145,0.038,0.008624999999999999,0.006625,0.10675,0.002375,0.0030548630528503297,0.014374999999999999,0.007625,0.012374999999999999,0.002,0.009875,0.006125,0.006,0.012,0.007875,0.038875,0.008375,0.002375,0.035500000000000004,0.027999999999999997,0.008125,0.0016577314285714,0.0105370241269841,0.0134323536507936,0.0010165517460317,0.0002006279365079,0.2999713631746032,81900.0,81959.0,869.1914933333334,34.049822222222225,99.33626666666667,14.247688888888888,1.1075511111111112,0.21452888888888888,0.0038355555555555556,14.772561288888888,12.324079399999999,10.531852235555556,9.079094586666667,7.72116939111111,6.492663075555556,5.406098351111111,4.682182053333333,3.9884952266666662,3.515622257777778,3.0914757066666665,3.0043959333333334,2.736403946666667,2.470305693333333,1.8797603555555555,5.078165364444445,1.4008905244444434,0.4633149866666662,0.2836522222222222,0.06868568000000003,0.05677608444444447,0.03163677333333333,0.034308439999999996,0.024529613333333332,0.020835768888888887,0.02114665777777778,0.015035155555555556,0.013569684444444445,0.015469177777777779,0.017162875555555557,0.025678475555555556,0.02120134222222222,0.012194955555555555,0.009540964444444444,0.009436684444444446,0.01675059111111111,1.22069216,7616438.0,1904.343022222222,0.347243982027858,0.09509061570269833,0.0,0.0003475741113969366,1.5698959852011356,0.0282444444444444,0.01594222644893732,0.0516,0.0103839111111111,0.04713920553051415,0.0,0.0,0.0076444444444444,0.038875,0.0975714285714285,0.0315888888888888,0.0,1.4920496159993653,0.06585641238548655,0.0,0.020438033623731477,0.0,0.020125,0.1348185345953199,0.058827253853453804,0.0702272891778356,0.09336358481069142,0.03254960898185567,0.010312678489229853,0.0040244351082787365,0.09519577332489135,0.006707864541470311,0.3951771196882128,0.034044186396781036,0.0012743736620452826,0.3116519092385135,0.2896274329009274,0.0,0.0,0.4519700045751599,0.00362927625654603,0.0029811088106605306,0.2773924382986366,0.0,0.02947145508136421,0.022078668138448734,0.0081,0.0,0.025572279504894387,0.0064962304098433255,0.0101166666666666,0.0951,0.0,0.0,,,,0.0046888862262744226,0.0073750000000000005,1.2918723938015795,3.9507570110041588,3.7220500712180757,43.12910341259576,925.55554,1367.6422,0.95513837241807,2024-08-15 22:45:00
2024-08-15 17:00:00,45.882666666666665,1.0,0.0754350876190476,0.1462080882539682,0.0025599955555555,0.01341616,0.5699548425396825,0.006928328888888889,0.008802151111111111,0.027317377777777777,4.727088888888889e-25,2.0380755555555554e-05,3.4106533333333336e-05,0.0003374053333333333,1.6584177777777778e-25,2.0434044444444443e-05,0.00174524,0.0011705066666666667,3.144573333333333e-07,0.09891502222222222,0.007293888888888889,0.019246311111111112,0.15349244444444443,2.89388e-05,1.2943244444444444e-05,0.04,1308.9142222222222,1.3019555555555555,0.048,1.3019555555555555,40.73433,-111.87211,306.4442222222222,14.197777777777778,874.2617777777778,146.5568888888889,4.404444444444445,430136.3111111112,1941.8484444444443,152.8728888888889,7656863.162222221,0.0004500996825396,8.653047619047618e-05,0.0007008761904761,6.554063492063492e-05,0.0001144136507936,7.465333333333333e-05,0.0008056166080446336,1.6933583473748477,2.5509941587301586,5.245880207570208,5.660568,0.1638668888888888,0.7256830222222223,1.483414488888889,0.0046972444444444,0.1446943843022377,1.9169657333333332,0.0084400444444444,0.0692392,0.20810294817121533,0.07506100849310515,0.13571748972086056,0.0103839111111111,0.0342108,0.08331510342455944,0.03366033425687093,0.0011291514293666912,0.0462536888888888,0.0588057777777777,0.0444796888888888,0.0032376,0.0022536444444444,1.4605000000000001,0.127,0.07175381199005551,0.013000000000000001,0.0004,0.071,0.4325,0.1855,0.062,0.0075,0.0075,0.012,1.0180293151676523,0.2272492141985234,0.1595,0.003,0.22,0.0012941307475285559,0.0475,0.009000000000000001,0.0215,0.1075,0.0655,0.0885,0.0305,0.0075,0.009000000000000001,0.01,0.0445,0.2,0.001,0.0055,0.042499999999999996,0.134,0.008,0.015,0.04,0.0085,0.006500000000000001,0.11699999999999999,0.0025,0.003060982209663995,0.0155,0.0085,0.013499999999999998,0.002,0.010499999999999999,0.006500000000000001,0.007,0.013000000000000001,0.0085,0.0425,0.009500000000000001,0.0025,0.038,0.03,0.0085,0.0017769409523809,0.0110925365079365,0.0154751374603174,0.0011097012698412,0.0001986847619047,0.3137491673015873,82800.0,82859.0,869.0783955555556,33.719475555555555,99.36478222222222,14.427306666666665,1.0626666666666666,0.20365333333333335,0.00396,14.105798013333333,11.894839448888888,10.036625493333334,8.869243617777778,7.611069804444444,6.4535467155555555,5.479396355555555,4.795505884444444,4.086442635555556,3.619072088888889,3.2859791866666668,3.1410657155555555,2.9669842755555553,2.7263661066666667,2.074237031111111,5.538980266666667,1.49769175111111,0.47866658222222175,0.295255,0.07113620444444448,0.05496524000000003,0.03877727555555555,0.029312404444444443,0.02411836,0.02044584888888889,0.018659386666666666,0.016570386666666666,0.0169688,0.014331231111111111,0.016734364444444445,0.026584422222222223,0.01570044,0.013501373333333334,0.008315253333333333,0.009625471111111112,0.012218124444444445,1.210746551111111,7627521.555555556,1904.3660444444445,0.36969845289748354,0.11292905213956733,0.0,0.0003475741113969366,1.5704024775263647,0.0282444444444444,0.01594222644893732,0.0516,0.0103839111111111,0.04713920553051415,0.0,0.0,0.0076444444444444,0.0425,0.0975714285714285,0.0315888888888888,0.0,1.55651710708021,0.0798144904735006,0.0,0.02086505437271757,0.0,0.0215,0.14056001229956686,0.06066052348527774,0.07213902674283165,0.09698495113836748,0.033194303558852216,0.010611993119826066,0.003953479495518771,0.09549844581992742,0.007612597396910085,0.3944444554963781,0.03456247003184551,0.0014332674151349319,0.31402489778047066,0.29660606826406744,0.0,0.0,0.4622326827941701,0.004080069966296502,0.003015589928360132,0.2709050936686322,0.0,0.029893608137950098,0.022421918238122354,0.0081,0.0,0.0258693931671189,0.006668392287720334,0.0101166666666666,0.0951,0.0,0.0,,,,0.004937772575961957,0.0075,1.2229866982873505,3.8346707506465076,3.5549794917446476,47.0,858.88892,1356.3772,0.9498813314037626,2024-08-15 23:00:00
2024-08-15 17:15:00,46.13155555555556,1.0,0.0738398638095238,0.1561813942857143,0.0030399853968253,0.0162572685714285,0.6304071501587302,0.006626055555555555,0.008518346666666668,0.026662444444444443,3.3840133333333334e-25,1.8595066666666664e-05,3.184355555555556e-05,0.00031583511111111113,1.1866084444444446e-25,1.737768888888889e-05,0.0016531644444444445,0.0011151022222222224,2.79336e-07,0.0971936,0.006981231111111112,0.018983288888888887,0.15104133333333333,2.6877688888888886e-05,1.0934524444444444e-05,0.04,1308.48,1.005288888888889,0.04702222222222222,1.005288888888889,40.734332933333334,-111.87211,306.5313333333333,14.120000000000001,874.188888888889,152.5123111111111,4.234666666666667,430032.4444444445,1941.6151111111112,156.732,7663121.836,0.0003625673015873,5.30736507936508e-05,0.0006368177777777,6.80552380952381e-05,9.011968253968254e-05,5.289904761904762e-05,0.0007656314293729965,1.742134888888889,2.6517026666666665,4.929085777777778,5.660568,0.1638668888888888,0.7256830222222223,1.483414488888889,0.0046972444444444,0.14585323664404473,1.9169657333333332,0.0084400444444444,0.0692392,0.20399185214167648,0.07668424505196274,0.14019487869429248,0.0103839111111111,0.0342108,0.08535354868433828,0.03464085773217889,0.0012210988126307013,0.0462536888888888,0.0588057777777777,0.0444796888888888,0.0032376,0.0022536444444444,1.484875,0.13675,0.07681310373387615,0.0155,0.0004166666666666667,0.071,0.431875,0.184875,0.06225,0.0073750000000000005,0.007875,0.01275,1.013419460911365,0.24506328941200228,0.184875,0.0032500000000000003,0.2145,0.001470598060646417,0.046875,0.00925,0.022875,0.106625,0.073375,0.091875,0.031125,0.007625,0.01,0.011,0.044875,0.21600000000000003,0.001,0.0053750000000000004,0.044875,0.13774999999999998,0.00825,0.0155,0.042,0.008375,0.0063750000000000005,0.12725,0.002625,0.00306710136647766,0.016625,0.009375000000000001,0.014624999999999999,0.002,0.011125,0.006875,0.008,0.014,0.009125,0.046125,0.010625,0.002625,0.0405,0.032,0.008875000000000001,0.0018540409523809,0.0114537771428571,0.0173046961904761,0.0012472473015873,0.0001993952380952,0.3263252241269841,83700.0,83759.0,868.9715955555555,33.522439999999996,117.61009333333332,17.141537777777778,1.2356266666666664,0.20146666666666666,0.004671111111111111,15.554135346666667,13.465540853333332,11.509641617777778,10.366764315555555,9.098519528888888,7.733962964444444,6.690482537777778,5.920688324444444,5.106802813333333,4.558110715555555,4.0650821200000005,3.9172883555555553,3.695978666666667,3.3899894444444447,2.5238227422222224,6.866200924444445,1.8204046355555545,0.5607817466666662,0.3346984577777778,0.07780072000000002,0.05585996444444447,0.03618353333333334,0.027996568888888893,0.025414319999999997,0.02098198222222222,0.019941382222222224,0.020104964444444443,0.016022226666666663,0.014916182222222222,0.019090675555555554,0.02902096888888889,0.016037262222222223,0.013712386666666666,0.00836611111111111,0.012827755555555558,0.017017155555555556,1.280897222222222,7650950.444444445,1904.1778222222224,0.3921529237671091,0.11912841750203815,0.0,0.0003475741113969366,1.5662615605431114,0.0282444444444444,0.01594222644893732,0.0516,0.0103839111111111,0.04713920553051415,0.0,0.0,0.0076444444444444,0.046125,0.0975714285714285,0.0315888888888888,0.0,1.528037191069049,0.08466532065313741,0.0,0.02129207512170366,0.0,0.022875,0.14630149000381382,0.06249379311710168,0.0740507643078277,0.10060631746604355,0.033838998135848765,0.010911307750422278,0.0038825238827588063,0.09580111831496348,0.00851733025234986,0.3937117913045434,0.03508075366690999,0.001592161168224581,0.3163978863224278,0.30358470362720746,0.0,0.0,0.47249536101318035,0.004530863676046975,0.003050071046059734,0.2644177490386278,0.0,0.030315761194535985,0.02276516833779597,0.0081,0.0,0.026166506829343416,0.006840554165597343,0.0101166666666666,0.0951,0.0,0.0,,,,0.005186658925649491,0.007625,1.2518398584214698,3.935084009148812,3.3176106369660254,43.76533534193291,792.22223,1342.3512,0.9491242232347429,2024-08-15 23:15:00
2024-08-15 17:30:00,46.01511111111111,1.0,0.0690502666666666,0.1487285511111111,0.0027550755555555,0.01545536,0.5539631111111111,0.006299936888888889,0.008189871111111111,0.02589151111111111,2.514155555555556e-25,1.6703999999999998e-05,2.9364577777777776e-05,0.0002922342222222222,8.852302222222223e-26,1.4431688888888889e-05,0.0015504533333333334,0.0010521235555555556,2.437257777777778e-07,0.09514333333333333,0.006625235555555556,0.018667066666666666,0.1481071111111111,2.4659733333333334e-05,9.017111111111111e-06,0.04,1309.159111111111,1.3654666666666666,0.04764444444444445,1.3654666666666666,40.734339733333336,-111.87211,306.2317777777778,14.036,874.144,145.5776,4.502666666666666,430302.1777777778,1941.002222222222,143.13377777777777,7453740.076,0.0005926799999999,5.728444444444445e-05,0.0006917377777777,6.912e-05,6.296444444444445e-05,3.161333333333333e-05,0.0007256462507013596,1.7341050222222223,2.770213333333334,5.196621777777778,5.660568,0.1638668888888888,0.7256830222222223,1.483414488888889,0.0046972444444444,0.14701208898585175,1.9169657333333332,0.0084400444444444,0.0692392,0.19988075611213763,0.07830748161082032,0.1446722676677244,0.0103839111111111,0.0342108,0.0873919939441171,0.035621381207486855,0.0013130461958947117,0.0462536888888888,0.0588057777777777,0.0444796888888888,0.0032376,0.0022536444444444,1.50925,0.14650000000000002,0.05898584469967863,0.018,0.00043333333333333337,0.071,0.43125,0.18425,0.0625,0.00725,0.00825,0.0135,1.0013109103981677,0.1822924215976982,0.21025,0.0035,0.20900000000000002,0.0016470653737642778,0.04625,0.0095,0.02425,0.10575,0.08125,0.09525,0.03175,0.00775,0.011,0.012,0.04525,0.232,0.001,0.00525,0.04725,0.1415,0.008499999999999999,0.016,0.044,0.00825,0.00625,0.1375,0.00275,0.003073220523291325,0.017750000000000002,0.01025,0.01575,0.002,0.01175,0.00725,0.009000000000000001,0.015000000000000001,0.00975,0.04975,0.01175,0.00275,0.043,0.034,0.009250000000000001,0.0018000355555555,0.0108342,0.0152075244444444,0.0010567377777777,0.0001920044444444,0.3307626044444444,84600.0,84659.0,868.9233022222222,33.40862666666667,131.92249333333334,18.922293333333336,1.2457866666666666,0.18664,0.005075555555555555,16.757219475555555,14.549760857777779,12.798633844444444,11.532410608888888,10.20717787111111,8.795706435555555,7.652063164444445,6.830128657777778,5.877924262222223,5.208400008888889,4.689730728888889,4.577245840000001,4.206877115555556,3.9258319066666667,2.920046715555556,7.916240137777778,2.031715128888888,0.6335341022222217,0.3936900755555556,0.08279420444444448,0.06143270666666669,0.03625902222222222,0.03060531111111111,0.01957596888888889,0.015438746666666666,0.018765782222222225,0.019769142222222223,0.012461795555555554,0.016581546666666665,0.019554533333333332,0.02840465777777778,0.016184244444444447,0.009490235555555556,0.008254195555555555,0.010207346666666667,0.012479826666666667,1.2267858755555556,7441895.733333333,1904.1980444444443,0.41460739463673457,0.0972839187538915,0.0,0.0003475741113969366,1.566706452450397,0.0282444444444444,0.01594222644893732,0.0516,0.0103839111111111,0.04713920553051415,0.0,0.0,0.0076444444444444,0.04975,0.0975714285714285,0.0315888888888888,0.0,1.425912684662222,0.06757261073995437,0.0,0.02171909587068975,0.0,0.02425,0.1520429677080608,0.06432706274892563,0.07596250187282375,0.10422768379371963,0.03448369271284531,0.011210622381018491,0.0038115682699988414,0.09610379080999955,0.009422063107789633,0.3929791271127087,0.035599037301974466,0.0017510549213142304,0.31877087486438505,0.31056333899034755,0.0,0.0,0.4827580392321905,0.004981657385797447,0.003084552163759336,0.25793040440862347,0.0,0.030737914251121875,0.023108418437469587,0.0081,0.0,0.02646362049156793,0.007012716043474351,0.0101166666666666,0.0951,0.0,0.0,,,,0.005435545275337026,0.00775,1.2470898900637857,4.053247235385695,3.5180709606328997,43.65779162226431,725.55554,1324.9971,0.9509000602410446,2024-08-15 23:30:00
2024-08-15 17:45:00,45.93866666666667,1.0,0.0653412,0.1287213333333333,0.0023114977777777,0.0117807777777777,0.5289171422222222,0.005911143999999999,0.00780928,0.02498088888888889,1.9211333333333333e-25,1.4725022222222222e-05,2.66648e-05,0.0002666128888888889,6.807684444444445e-26,1.1654324444444445e-05,0.001436168888888889,0.0009811288888888889,2.081711111111111e-07,0.0926916,0.006220573333333332,0.01828608888888889,0.1445768888888889,2.2289422222222225e-05,7.229853333333334e-06,0.04,1309.0404444444443,11.841911111111111,0.04688888888888889,11.841911111111111,40.73434,-111.87211,306.0028888888889,14.00711111111111,874.0955555555556,146.1323111111111,4.334222222222222,430445.4222222222,1941.0444444444445,140.2591111111111,7358730.703111111,0.0006205511111111,5.056444444444445e-05,0.0007040844444444,7.196888888888889e-05,4.225333333333334e-05,2.1946666666666668e-05,0.0006856610720297226,1.5522007111111114,2.563163555555556,4.709995555555556,5.660568,0.1638668888888888,0.7256830222222223,1.483414488888889,0.0046972444444444,0.1481709413276588,1.9169657333333332,0.0084400444444444,0.0692392,0.19576966008259877,0.0799307181696779,0.14914965664115631,0.0103839111111111,0.0342108,0.08943043920389594,0.036601904682794825,0.0014049935791587218,0.0462536888888888,0.0588057777777777,0.0444796888888888,0.0032376,0.0022536444444444,1.533625,0.15625,0.05521715887691783,0.0205,0.00045000000000000004,0.071,0.430625,0.18362499999999998,0.06275,0.007125,0.008624999999999999,0.014249999999999999,1.0021450745016907,0.1690226486527734,0.235625,0.00375,0.20350000000000001,0.001823532686882139,0.045625,0.00975,0.025625000000000002,0.104875,0.08912500000000001,0.09862499999999999,0.032375,0.007875,0.012,0.013000000000000001,0.045625,0.248,0.001,0.005125,0.049625,0.14525,0.008749999999999999,0.0165,0.046,0.008125,0.006125,0.14775,0.002875,0.00307933968010499,0.018875,0.011125,0.016875,0.002,0.012375,0.007625,0.01,0.016,0.010374999999999999,0.053375000000000006,0.012875000000000001,0.002875,0.0455,0.036,0.009625,0.0018126133333333,0.0122434933333333,0.0163022977777777,0.0009661422222222,0.0002024222222222,0.3141415911111111,85500.0,85559.0,868.8400399999999,33.139155555555554,92.58304,13.671822222222223,1.0565955555555555,0.21130666666666667,0.0038355555555555556,12.893022266666668,10.950438133333334,9.37569832888889,8.238179355555555,7.099845737777778,5.972660422222222,5.067329884444445,4.5128354533333335,3.824541395555556,3.4253837066666666,3.1284986133333335,3.0040134755555554,2.8230300977777776,2.57358796,1.907419817777778,5.2221572711111115,1.4179610222222214,0.4576272933333329,0.30635129333333333,0.06334410222222225,0.05297702222222225,0.0301438,0.024911853333333334,0.023238973333333336,0.016821675555555558,0.01542503111111111,0.01980937777777778,0.013522844444444444,0.01461035111111111,0.021908306666666665,0.019733284444444443,0.016361777777777777,0.01359787111111111,0.011077817777777778,0.010208159999999999,0.014835044444444445,1.1674337831746031,7347317.993650794,1904.2328603174603,0.4370618655063601,0.09266598772032464,0.0,0.0003475741113969366,1.567472406853426,0.0282444444444444,0.01594222644893732,0.0516,0.0103839111111111,0.04713920553051415,0.0,0.0,0.0076444444444444,0.053375000000000006,0.0975714285714285,0.0315888888888888,0.0,1.42357077336,0.06395920873582091,0.0,0.022146116619675842,0.0,0.025625000000000002,0.15778444541230777,0.06616033238074957,0.07787423943781979,0.1078490501213957,0.035128387289841856,0.011509937011614704,0.003740612657238876,0.09640646330503562,0.01032679596322941,0.39224646292087406,0.03611732093703895,0.0019099486744038796,0.3211438634063422,0.31754197435348763,0.0,0.0,0.49302071745120074,0.00543245109554792,0.0031190332814589375,0.2514430597786191,0.0,0.03116006730770776,0.023451668537143203,0.0081,0.0,0.026760734153792442,0.00718487792135136,0.0101166666666666,0.0951,0.0,0.0,,,,0.005684431625024561,0.007875,1.1394866436125246,3.846804470173125,3.15344993762495,43.58719040171851,658.88892,1303.7704,0.9502571038468052,2024-08-15 23:45:00
2024-08-15 18:00:00,45.78915266215266,1.0,0.0868613128094128,0.1213579256295556,0.0025122333710733,0.0082948785233285,0.8832296736615237,0.005421732985310985,0.00727852747955748,0.02368733624893625,1.4162330334480334e-25,1.2240653572353572e-05,2.3138941016391018e-05,0.00023312951085951086,5.064711643726644e-26,8.55922752081252e-06,0.0012833611266511267,0.0008847767129352129,1.6583684785584784e-07,0.08915088245458246,0.005666642810522811,0.017731662006512005,0.13946958966958967,1.924900455100455e-05,5.265305920930921e-06,0.036,1308.6841253931254,79.71341575831575,0.051402397602397606,79.71341575831575,40.73433682742998,-111.87211,305.86234199134196,14.110334091834092,874.0,134.08674763199764,4.371001628001627,430488.0105820106,1941.0235317460315,134.89941358024691,7263990.45611552,0.0005435327590927,5.831515373515374e-05,0.0005015113875013,8.82351541051541e-05,6.612784252784252e-05,4.499093758093758e-05,0.0006456758933580855,1.5675255386816886,2.822834211917712,5.507573109335109,5.660568,0.1638668888888888,0.7256830222222223,1.483414488888889,0.0046972444444444,0.1493297936694658,1.9169657333333332,0.0084400444444444,0.0692392,0.19165856405305992,0.08155395472853548,0.15362704561458823,0.0103839111111111,0.0342108,0.09146888446367477,0.03758242815810279,0.001496940962422732,0.0462536888888888,0.0588057777777777,0.0444796888888888,0.0032376,0.0022536444444444,1.558,0.166,0.053,0.023,0.00046666666666666666,0.071,0.43,0.183,0.063,0.007,0.009,0.015,0.624,0.329,0.261,0.004,0.198,0.002,0.045,0.01,0.027,0.104,0.097,0.102,0.033,0.008,0.013,0.014,0.046,0.264,0.001,0.005,0.052,0.149,0.009,0.017,0.048,0.008,0.006,0.158,0.003,0.003085458836918655,0.02,0.012,0.018,0.002,0.013,0.008,0.011,0.017,0.011,0.057,0.014,0.003,0.048,0.038,0.01,0.0018407771450771,0.0101299154741554,0.0181816449176749,0.0014393238139638,0.0001425274721574,0.328056576082436,210.0,269.0,868.7385377722278,32.62779613146113,87.25056677970178,13.031608466903467,1.0066859723609722,0.2099352109002109,0.003912099752099752,12.153959946079661,10.340942524941541,8.755566069246495,7.593690260827875,6.703900359325674,5.59314885991083,4.870333408765679,4.20686865926185,3.563216809741185,3.2574109088835237,2.914915288033633,2.7735464080719283,2.589887651088541,2.4045852938400487,1.825158857918378,5.101058052753912,1.4649653877293076,0.4657941342760943,0.27170131905797906,0.07514318668572169,0.05872661392625893,0.02612404358918859,0.039156970295260295,0.019002167675472678,0.020239936160136158,0.015758326585081587,0.01817271992081992,0.014610339673474672,0.013675231336256337,0.014854926218411219,0.020546137752617755,0.01624008397879898,0.017272128818033815,0.010051581766751767,0.009181043639693638,0.011255650044770046,1.1090303973478373,7278678.125012025,1904.8503147759648,0.45951633637598566,0.20053948644385777,0.0,0.0003475741113969366,0.9309150560679686,0.0282444444444444,0.01594222644893732,0.0516,0.0103839111111111,0.04713920553051415,0.0,0.0,0.0076444444444444,0.057,0.0975714285714285,0.0315888888888888,0.0,1.3944317027576536,0.07217948935890342,0.0,0.022573137368661934,0.0,0.027,0.16352592311655473,0.06799360201257351,0.07978597700281584,0.11147041644907177,0.035773081866838405,0.011809251642210916,0.0036696570444789112,0.09670913580007169,0.011231528818669182,0.39151379872903935,0.03663560457210342,0.002068842427493529,0.3235168519482994,0.32452060971662766,0.0,0.0,0.503283395670211,0.005883244805298392,0.003153514399158539,0.2449557151486147,0.0,0.03158222036429365,0.02379491863681682,0.0081,0.0,0.027057847816016955,0.0073570397992283685,0.0101166666666666,0.0951,0.0,0.0,,,,0.005933317974712095,0.008,1.1485518559091845,4.105713844137785,3.7510616780265527,46.0,592.22223,1270.8129,0.9567804371298938,2024-08-16 00:00:00
2024-08-15 18:15:00,45.59866666666667,1.0,0.0544346453968254,0.1114813295238095,0.0020971593650793,0.0072388784126984,0.5293966047619048,0.0036897542222222223,0.006877982222222222,0.022684933333333334,1.1885124444444445e-25,1.0644902222222222e-05,2.073208888888889e-05,0.00021021688888888887,4.275128888888889e-26,6.8571644444444445e-06,0.0011754044444444445,0.0008149733333333334,1.403591111111111e-07,0.08636106666666667,0.005260742222222222,0.017290844444444446,0.13542666666666667,1.721662222222222e-05,4.203648888888888e-06,0.036,1309.168888888889,9.137955555555555,0.048622222222222226,9.137955555555555,40.73433266666667,-111.87211,305.5162222222222,14.039555555555555,873.9986666666666,143.61075555555556,3.944444444444444,430998.9022533022,1941.314593073593,140.22299400599402,7189506.053471306,0.00056348,4.9184126984126985e-05,0.0003349485714285,7.235396825396826e-05,3.808571428571429e-05,6.642349206349205e-05,0.0006056907146864484,1.3898411111111113,2.9272946666666666,5.145851555555555,5.660568,0.1638668888888888,0.7256830222222223,1.483414488888889,0.0046972444444444,0.15048864601127285,1.9169657333333332,0.0084400444444444,0.0692392,0.19648195242587305,0.08317719128739307,0.16473760343754892,0.0103839111111111,0.0342108,0.0935073297234536,0.04031744531755921,0.0015888883456867421,0.0462536888888888,0.0588057777777777,0.0444796888888888,0.0032376,0.0022536444444444,1.5782500000000002,0.1615,0.057667824954365926,0.024,0.00048333333333333334,0.071125,0.431,0.18612499999999998,0.062875,0.007125,0.010124999999999999,0.0165,1.2795312508661105,0.33725,0.254625,0.00425,0.22275,0.002125,0.046375,0.01125,0.029625,0.11712499999999999,0.098,0.110375,0.03825,0.00925,0.013375,0.014625,0.052625,0.27575,0.0011250000000000001,0.005125,0.056749999999999995,0.161875,0.00975,0.019125000000000003,0.053375,0.008375,0.007625,0.16875,0.0032500000000000003,0.0030915779937323203,0.021875000000000002,0.012375,0.01925,0.0022500000000000003,0.014124999999999999,0.0085,0.01125,0.0175,0.011625,0.059125000000000004,0.01375,0.0032500000000000003,0.051625000000000004,0.0415,0.011125,0.0014913631746031,0.0091804142857142,0.0124668095238095,0.0010053825396825,0.0001106285714285,0.2955696834920635,900.0,959.0,868.6926666666666,32.67457777777778,73.82125777777779,11.127706666666665,0.8921955555555556,0.21510666666666667,0.0032088888888888887,10.688246666666666,8.967767573333333,7.499808226666667,6.506242524444445,5.563883888888889,4.666064702222223,3.9985774622222223,3.455023062222222,2.9951234844444445,2.6269889333333336,2.417939808888889,2.308777306666667,2.1845675644444444,1.9984284844444447,1.5017152933333333,4.214344213333333,1.2034715511111111,0.4097883466666667,0.24007831555555556,0.060528075555555554,0.05434109777777777,0.03289150222222222,0.03225148444444444,0.019452893333333332,0.01895331111111111,0.01764788888888889,0.01706308,0.012357573333333333,0.0163078,0.018721035555555553,0.02100036,0.015639586666666667,0.012590871111111112,0.0061113911111111115,0.006668471111111111,0.011883115555555554,1.123281911111111,7194211.866666666,1904.9223111111112,0.46688944621377315,0.1963136668483771,0.0,0.0003475741113969366,0.9530162114380804,0.0282444444444444,0.01594222644893732,0.0516,0.0103839111111111,0.04713920553051415,0.0,0.0,0.0076444444444444,0.059125000000000004,0.0975714285714285,0.0315888888888888,0.0,1.304842083151714,0.07512765307171715,0.0,0.024387975551852823,0.0,0.029625,0.16425499965042736,0.07120182386826542,0.08492377170874271,0.11672139762420207,0.03609542915533668,0.012707195533999554,0.004592080010358457,0.10205634987904226,0.0110304770730159,0.40250376160655965,0.0371538882071679,0.002863311192941775,0.33166411260901907,0.3318396663169941,0.0,0.0,0.5108200499872966,0.00605229244645482,0.0031879955168581412,0.2741487659836344,0.0,0.032004373420879535,0.024138168736490436,0.0081,0.0,0.027354961478241468,0.007529201677105376,0.0101166666666666,0.0951,0.0,0.0,,,,0.008023963312087382,0.00925,1.043444829398144,4.209868049784323,3.4800296683234313,43.27317915917469,525.55554,1230.8489,0.7013752178611046,2024-08-16 00:15:00
2024-08-15 18:30:00,44.80711111111111,1.0,0.04845864,0.1030393288888888,0.0017905377777777,0.0067959511111111,0.4976922711111111,0.003004668888888889,0.006286142222222222,0.021163644444444445,9.468666666666667e-26,8.57988e-06,1.7469466666666666e-05,0.00017901288888888889,3.4323022222222226e-26,4.904408888888888e-06,0.001024408888888889,0.0007156302222222222,1.0897635555555556e-07,0.08204755555555555,0.0046762800000000005,0.016605333333333333,0.12916977777777777,1.4496266666666667e-05,3.001697777777778e-06,0.036,1309.2231111111112,1.2986222222222221,0.05551111111111111,1.2986222222222221,40.73433506666667,-111.87211,304.62199999999996,14.490222222222222,873.9608888888889,146.58564444444445,3.624,431899.5041514042,1941.7945787545789,145.2533833943834,7175392.053960928,0.0006557111111111,7.082666666666667e-05,0.0003658044444444,5.457777777777777e-05,7.240444444444446e-05,0.0001156177777777,0.0005657055360148116,1.328411377777778,3.284510222222222,5.186133333333333,5.660568,0.1638668888888888,0.7256830222222223,1.483414488888889,0.0046972444444444,0.15164749835307986,1.9169657333333332,0.0084400444444444,0.0692392,0.20130534079868617,0.08480042784625065,0.17584816126050962,0.0103839111111111,0.0342108,0.09554577498323244,0.04305246247701563,0.0016808357289507523,0.0462536888888888,0.0588057777777777,0.0444796888888888,0.0032376,0.0022536444444444,1.5985,0.157,0.06416418038159208,0.025,0.0005,0.07125,0.432,0.18925,0.06275,0.00725,0.01125,0.018,1.28089012882635,0.34550000000000003,0.24825,0.0045000000000000005,0.2475,0.0022500000000000003,0.04775,0.0125,0.03225,0.13025,0.099,0.11875,0.0435,0.010499999999999999,0.01375,0.01525,0.05925,0.2875,0.00125,0.00525,0.0615,0.17475,0.010499999999999999,0.02125,0.05875,0.00875,0.00925,0.1795,0.0035,0.0030976971505459854,0.02375,0.012750000000000001,0.020499999999999997,0.0025,0.01525,0.009000000000000001,0.0115,0.018000000000000002,0.01225,0.06125,0.0135,0.0035,0.05525,0.045,0.01225,0.0015027022222222,0.0103999777777777,0.0125515244444444,0.0010498711111111,0.0001029466666666,0.2572073466666667,1800.0,1859.0,868.6664488888889,32.418506666666666,66.99998222222222,10.022960000000001,0.8266844444444444,0.21952444444444447,0.003,10.254400124444446,8.447810582222223,6.9661751999999995,5.997107177777778,5.022681173333334,4.150691888888889,3.523289893333333,3.0697374133333337,2.6280346,2.3241089511111115,2.1023527333333334,1.9780373333333334,1.912125431111111,1.706373373333333,1.298552702222222,3.674518951111111,1.0435087733333335,0.3432547733333333,0.21612140444444444,0.05183831111111111,0.049448511111111114,0.02863871111111111,0.021752093333333333,0.01922391111111111,0.01734172,0.019027279999999997,0.016196866666666667,0.01342275111111111,0.014060897777777777,0.016293595555555554,0.02085647111111111,0.01508008,0.012654408888888889,0.007837115555555555,0.008619546666666667,0.008798835555555556,1.1409538844444442,7200549.333333333,1905.0101333333332,0.47426255605156065,0.19208784725289638,0.0,0.0003475741113969366,0.975117366808192,0.0282444444444444,0.01594222644893732,0.0516,0.0103839111111111,0.04713920553051415,0.0,0.0,0.0076444444444444,0.06125,0.0975714285714285,0.0315888888888888,0.0,1.3483890937911112,0.07807581678453088,0.0,0.026202813735043712,0.0,0.03225,0.1649840761843,0.07441004572395732,0.09006156641466959,0.12197237879933237,0.036417776443834954,0.013605139425788192,0.005514502976238003,0.10740356395801282,0.010829425327362616,0.41349372448407995,0.03767217184223237,0.003657779958390021,0.3398113732697387,0.33915872291736043,0.0,0.0,0.5183567043043822,0.006221340087611247,0.003222476634557743,0.30334181681865413,0.0,0.032426526477465425,0.024481418836164053,0.0081,0.0,0.02765207514046598,0.007701363554982385,0.0101166666666666,0.0951,0.0,0.0,,,,0.010114608649462672,0.010499999999999999,1.0071068300680217,4.566036348332228,3.5102121417520937,42.54212814875567,458.88889,1193.0188,0.6425339990096591,2024-08-16 00:30:00
2024-08-15 18:45:00,44.33111111111111,1.0,0.0569637822222222,0.1008401333333333,0.0017784133333333,0.0070029866666666,0.547798128888889,0.0033929204444444446,0.005596262222222222,0.01932533333333333,7.558715555555556e-26,6.592533333333333e-06,1.411728888888889e-05,0.00014665200000000002,2.762266666666667e-26,3.3082755555555555e-06,0.0008617862222222223,0.0006062551111111112,8.059355555555556e-08,0.07667288888888889,0.004020986666666667,0.015737466666666665,0.12131822222222222,1.173631111111111e-05,2.0344844444444446e-06,0.036,1308.916,1.0333777777777777,0.05591111111111111,1.0333777777777777,40.73433920000001,-111.87211,304.9642222222222,14.798222222222222,873.9071111111111,147.07773333333336,3.3026666666666666,431656.4,1941.971555555556,146.89777777777778,7486760.916888889,0.00052052,6.319555555555556e-05,0.0003760533333333,5.926222222222222e-05,8.17288888888889e-05,7.955555555555556e-05,0.0005257203573431745,1.4482831324564325,3.915000194250194,5.8800346984126985,5.660568,0.1638668888888888,0.7256830222222223,1.483414488888889,0.0046972444444444,0.1528063506948869,1.9169657333333332,0.0084400444444444,0.0692392,0.2061287291714993,0.08642366440510824,0.18695871908347028,0.0103839111111111,0.0342108,0.09758422024301128,0.04578747963647205,0.0017727831122147624,0.0462536888888888,0.0588057777777777,0.0444796888888888,0.0032376,0.0022536444444444,1.61875,0.1525,0.06628778743310992,0.026,0.0005166666666666667,0.071375,0.433,0.192375,0.062625,0.0073750000000000005,0.012374999999999999,0.0195,1.281175520705652,0.35375,0.241875,0.00475,0.27225,0.002375,0.049125,0.01375,0.034875,0.143375,0.1,0.127125,0.04875,0.01175,0.014125,0.015875,0.065875,0.29925,0.001375,0.0053750000000000004,0.06625,0.187625,0.01125,0.023375,0.064125,0.009125,0.010875,0.19025,0.00375,0.0031038163073596504,0.025625000000000002,0.013125,0.02175,0.00275,0.016375,0.0095,0.01175,0.018500000000000003,0.012875,0.063375,0.01325,0.00375,0.058875,0.0485,0.013375,0.0016052844444444,0.0127426044444444,0.0144553911111111,0.0011335244444444,0.00014224,0.2831008488888889,2700.0,2759.0,868.5968888888889,32.07133777777778,70.07047111111112,10.40672,0.8704577777777778,0.22044,0.0030133333333333336,11.051698591111112,8.972519888888888,7.420088595555555,6.312317991111112,5.273980942222222,4.323606675555555,3.6430127555555556,3.1619872266666667,2.69792896,2.352080888888889,2.11541808,2.034420128888889,1.9375733733333333,1.7425835555555556,1.3135085066666667,3.723493871111111,1.0628907422222222,0.34456874666666665,0.23631034666666667,0.05200097333333333,0.04554121333333334,0.02969929777777778,0.026928297777777777,0.022669288888888885,0.01798936,0.018999759999999997,0.015358711111111112,0.013205426666666666,0.011407133333333335,0.017014284444444448,0.020666595555555556,0.016639715555555556,0.013988662222222222,0.009294435555555557,0.008033457777777777,0.010973746666666668,1.2522482266666666,7456949.288888889,1905.0285777777776,0.4816356658893481,0.18786202765741566,0.0,0.0003475741113969366,0.9972185221783039,0.0282444444444444,0.01594222644893732,0.0516,0.0103839111111111,0.04713920553051415,0.0,0.0,0.0076444444444444,0.063375,0.0975714285714285,0.0315888888888888,0.0,1.4308336601225398,0.0810239804973446,0.0,0.028017651918234604,0.0,0.034875,0.16571315271817263,0.07761826757964922,0.09519936112059646,0.12722335997446269,0.03674012373233323,0.014503083317576831,0.006436925942117549,0.11275077803698338,0.010628373581709333,0.42448368736160025,0.03819045547729685,0.004452248723838266,0.34795863393045834,0.34647777951772685,0.0,0.0,0.5258933586214678,0.006390387728767675,0.0032569577522573445,0.3325348676536738,0.0,0.03284867953405131,0.024824668935837672,0.0081,0.0,0.027949188802690494,0.007873525432859393,0.0101166666666666,0.0951,0.0,0.0,,,,0.012205253986837958,0.01175,1.0780154846372565,5.194677898500653,4.03014101949825,42.102512409194325,392.22223,1150.174,0.8438029582567904,2024-08-16 00:45:00
2024-08-15 19:00:00,43.809777777777775,1.0,0.0592654419047619,0.1023009634690706,0.0019455612726559,0.0075448275658864,0.5770553603174604,0.0032365986666666666,0.004796013333333333,0.017087244444444444,6.012057777777779e-26,4.7611333333333334e-06,1.0792115555555555e-05,0.00011403884444444445,2.215848888888889e-26,2.0806577777777777e-06,0.0006907951111111111,0.0004885457777777778,5.6073955555555555e-08,0.06986213333333334,0.003298528888888889,0.014617066666666668,0.111282,9.018946666666666e-06,1.2987853333333333e-06,0.036,1308.5159999999998,78.93084444444445,0.05173333333333333,78.93084444444445,40.73433346666666,-111.87211,305.19533333333334,15.21111111111111,873.9,148.6688888888889,3.1413333333333333,431831.15555555554,1942.3306666666665,141.41333333333333,7852851.690666666,0.0004584888888888,5.4663809523809526e-05,0.0004162146031746,7.007904761904761e-05,0.0001223352380952,3.843746031746032e-05,0.00048573517867153736,1.230395011914012,3.8253136271691273,5.4932140349650345,5.660568,0.1638668888888888,0.7256830222222223,1.483414488888889,0.0046972444444444,0.15396520303669392,1.9169657333333332,0.0084400444444444,0.0692392,0.21095211754431242,0.08804690096396582,0.19806927690643097,0.0103839111111111,0.0342108,0.0996226655027901,0.04852249679592846,0.0018647304954787728,0.0462536888888888,0.0588057777777777,0.0444796888888888,0.0032376,0.0022536444444444,1.639,0.14800000000000002,0.059205055326084194,0.027,0.0005333333333333334,0.0715,0.434,0.1955,0.0625,0.0075,0.013499999999999998,0.020999999999999998,1.2764847785159645,0.362,0.2355,0.005,0.29700000000000004,0.0025,0.0505,0.015,0.0375,0.1565,0.101,0.1355,0.054,0.013,0.014499999999999999,0.0165,0.07250000000000001,0.311,0.0015,0.0055,0.071,0.2005,0.012,0.025500000000000002,0.0695,0.0095,0.0125,0.201,0.004,0.0031099354641733155,0.027500000000000004,0.0135,0.023,0.003,0.017499999999999998,0.01,0.012,0.019000000000000003,0.0135,0.0655,0.013000000000000001,0.004,0.0625,0.052000000000000005,0.014499999999999999,0.0016432203174603,0.0122474447619047,0.0156206907936507,0.0012289844444444,0.0001898965079365,0.3174613123809524,3600.0,3659.0,868.5710222222223,31.91084888888889,75.68329333333332,11.221102222222221,0.9099822222222222,0.2174311111111111,0.0032400000000000003,12.08554948,9.768908831111112,7.943442897777778,6.810497697777778,5.5698374444444445,4.646001342222221,3.9335805244444444,3.365302688888889,2.825103151111111,2.579212648888889,2.298081862222222,2.188772062222222,2.0919721866666667,1.8664462444444443,1.414231151111111,4.0422678577777775,1.208606471111111,0.40094104,0.26345097333333334,0.061153502222222225,0.05542224444444444,0.03252772,0.02921358222222222,0.02643824888888889,0.018092813333333332,0.015069075555555556,0.016093284444444446,0.018173173333333334,0.01662992,0.016031275555555554,0.020539751111111112,0.013649515555555556,0.011311968888888888,0.007939786666666667,0.009542400000000001,0.013253986666666667,1.2507491422222223,7817227.11111111,1904.725422222222,0.4890087757271356,0.18363620806193498,0.0,0.0003475741113969366,1.0193196775484155,0.0282444444444444,0.01594222644893732,0.0516,0.0103839111111111,0.04713920553051415,0.0,0.0,0.0076444444444444,0.0655,0.0975714285714285,0.0315888888888888,0.0,1.5459879150012923,0.08397214421015833,0.0,0.029832490101425493,0.0,0.0375,0.16644222925204527,0.08082648943534113,0.10033715582652333,0.132474341149593,0.0370624710208315,0.015401027209365469,0.007359348907997096,0.11809799211595395,0.01042732183605605,0.43547365023912055,0.03870873911236133,0.005246717489286512,0.35610589459117803,0.3537968361180932,0.0,0.0,0.5334300129385534,0.006559435369924102,0.003291438869956946,0.36172791848869357,0.0,0.0332708325906372,0.02516791903551129,0.0081,0.0,0.028246302464915007,0.008045687310736401,0.0101166666666666,0.0951,0.0,0.0,,,,0.014295899324213247,0.013,0.9491264605656543,5.1052542675779,3.740302659816735,44.0,325.55554,1102.5486,0.9812248962163603,2024-08-16 01:00:00
2024-08-15 19:15:00,43.16666666666666,1.0,0.0766918701587301,0.10288251779126283,0.0019593435737448326,0.007666025527630681,0.6937475768253968,0.0025662591111111116,0.0038742311111111113,0.014348355555555555,4.725786666666667e-26,3.1780755555555554e-06,7.663853333333334e-06,8.250435555555556e-05,1.7576800000000003e-26,1.20706e-06,0.0005169146666666667,0.00036604088888888886,3.6169511111111114e-08,0.06107155555555556,0.0025213955555555556,0.013134533333333333,0.09823395555555556,6.454404444444444e-06,7.757146666666667e-07,0.036,1308.4946666666667,42.28644444444444,0.05248888888888889,42.28644444444444,40.73433,-111.87211,305.19666666666666,15.66711111111111,873.9004444444444,143.47862222222224,3.0484444444444443,432749.8666666667,1942.993333333333,150.99377777777778,8102315.426222223,0.0005632476190476,7.281650793650795e-05,0.0004982107936507,7.456063492063491e-05,0.0001775647619047,0.0001181888888888,0.0004457499999999,0.9656700380952382,4.123483873015873,5.709975682539683,5.660568,0.1638668888888888,0.7256830222222223,1.483414488888889,0.0046972444444444,0.15512405537850096,1.9169657333333332,0.0084400444444444,0.0692392,0.21577550591712555,0.0896701375228234,0.20917983472939167,0.0103839111111111,0.0342108,0.10166111076256894,0.05125751395538489,0.001956677878742783,0.0462536888888888,0.0588057777777777,0.0444796888888888,0.0032376,0.0022536444444444,1.6592500000000001,0.14350000000000002,0.07157745186571518,0.028,0.00055,0.071625,0.435,0.198625,0.062375,0.007625,0.014624999999999999,0.0225,1.280210876883146,0.37025,0.229125,0.00525,0.32175,0.002625,0.051875,0.01625,0.040125,0.169625,0.102,0.143875,0.05925,0.014249999999999999,0.014875,0.017125,0.079125,0.32275,0.0016250000000000001,0.005625,0.07575,0.21337499999999998,0.01275,0.027625000000000004,0.074875,0.009875,0.014125,0.21175,0.00425,0.0031160546209869806,0.029375000000000002,0.013875,0.02425,0.0032500000000000003,0.018625,0.0105,0.012249999999999999,0.0195,0.014125,0.06762499999999999,0.012750000000000001,0.00425,0.066125,0.0555,0.015625,0.0016852996825396,0.013181178095238,0.0158063511111111,0.0012832384126984,0.0002719596825396,0.2611023768253968,4500.0,4559.0,868.5770088888889,31.68546222222222,74.09353333333334,11.339893333333332,0.9204533333333332,0.2180888888888889,0.0033733333333333332,10.875958577777777,9.098317133333333,7.60105188,6.510229897777778,5.556904053333333,4.68661496,3.9210532977777777,3.382349155555555,2.885465702222222,2.615677297777778,2.379733008888889,2.2372942933333335,2.175232791111111,1.928475937777778,1.4802373955555557,4.31515196,1.3080224800000002,0.4505327377777778,0.2831377422222222,0.06858037777777778,0.06452402666666666,0.03117976,0.03233994222222222,0.028630084444444443,0.017385675555555553,0.01660059111111111,0.0196978,0.016351737777777778,0.014956115555555557,0.016309057777777778,0.02022692,0.013382306666666666,0.012790257777777779,0.0074493511111111115,0.008649155555555557,0.013052555555555557,1.2688507006349206,8068473.708058609,1904.9662343101345,0.4963818855649231,0.1794103884664543,0.0,0.0003475741113969366,1.0414208329185273,0.0282444444444444,0.01594222644893732,0.0516,0.0103839111111111,0.04713920553051415,0.0,0.0,0.0076444444444444,0.06762499999999999,0.0975714285714285,0.0315888888888888,0.0,1.5520851414898424,0.08692030792297206,0.0,0.03164732828461638,0.0,0.040125,0.16717130578591788,0.08403471129103303,0.1054749505324502,0.1377253223247233,0.03738481830932978,0.01629897110115411,0.008281771873876641,0.12344520619492451,0.010226270090402766,0.4464636131166409,0.0392270227474258,0.006041186254734758,0.3642531552518977,0.3611158927184596,0.0,0.0,0.5409666672556391,0.006728483011080529,0.0033259199876565482,0.39092096932371323,0.0,0.03369298564722309,0.025511169135184905,0.0081,0.0,0.02854341612713952,0.00821784918861341,0.0101166666666666,0.0951,0.0,0.0,,,,0.016386544661588533,0.014249999999999999,0.7925316749576004,5.402550360900828,3.9027185964808804,41.02707521250829,258.88889,1050.5974,1.0177931445372406,2024-08-16 01:15:00
2024-08-15 19:30:00,43.05955555555556,1.0,0.0895913155555555,0.10346407211345504,0.0019731258748337654,0.0077872234893749635,0.7877171999999999,0.0018102928888888887,0.002847328888888889,0.011040853333333333,3.622995555555556e-26,1.9308177777777776e-06,4.964248888888889e-06,5.426168888888889e-05,1.359217777777778e-26,6.439342222222221e-07,0.0003513266666666667,0.0002476048888888889,2.1359644444444444e-08,0.04960395555555555,0.0017358044444444444,0.01112772,0.0809704,4.207448888888889e-06,4.3245733333333336e-07,0.036,1308.0724444444445,1.764622222222222,0.05542222222222223,1.764622222222222,40.73433355555555,-111.87211,304.9122222222222,15.698666666666666,873.9626666666666,145.7915111111111,2.7431111111111113,432636.7111111112,1943.76,160.70933333333332,8039774.408444445,0.0005743955555555,8.782666666666668e-05,0.0005271377777777,6.258222222222222e-05,0.0001599111111111,0.0002484977777777,0.0004655737999037,0.850724088888889,4.558865777777778,5.939858222222221,5.660568,0.1638668888888888,0.7256830222222223,1.483414488888889,0.0046972444444444,0.156282907720308,1.9169657333333332,0.0084400444444444,0.0692392,0.22059889428993867,0.09129337408168099,0.22029039255235233,0.0103839111111111,0.0342108,0.10369955602234776,0.0539925311148413,0.002048625262006793,0.0462536888888888,0.0588057777777777,0.0444796888888888,0.0032376,0.0022536444444444,1.6795,0.139,0.08412433386406057,0.028999999999999998,0.0005666666666666667,0.07175,0.436,0.20174999999999998,0.06225,0.00775,0.01575,0.024,1.2800568866505238,0.3785,0.22275,0.0055,0.34650000000000003,0.00275,0.05325,0.0175,0.042749999999999996,0.18275,0.103,0.15225,0.0645,0.0155,0.01525,0.01775,0.08575,0.3345,0.00175,0.00575,0.08049999999999999,0.22625,0.0135,0.029750000000000002,0.08025,0.010249999999999999,0.01575,0.2225,0.0045000000000000005,0.0031221737778006457,0.03125,0.014249999999999999,0.025500000000000002,0.0035,0.019749999999999997,0.011,0.012499999999999999,0.02,0.01475,0.06974999999999999,0.0125,0.0045000000000000005,0.06975,0.059000000000000004,0.01675,0.0017601422222222,0.0153772577777777,0.0171973466666666,0.0012595333333333,0.00036272,0.2679922,5400.0,5459.0,868.5844488888889,31.737671111111112,73.69658222222223,11.210893333333333,0.9386222222222222,0.2236,0.003142222222222222,10.868935506666668,9.10327708,7.637617608888889,6.569514955555555,5.615920848888889,4.73781456,3.9822315244444444,3.4303144444444444,2.868985711111111,2.5263941244444443,2.2985596044444443,2.1951611333333334,2.12067612,1.8637011155555556,1.453922391111111,4.145527786666666,1.2522295955555556,0.39752705777777775,0.23088526666666667,0.05939065777777777,0.059762528888888895,0.03234529333333333,0.030717324444444447,0.025212902222222222,0.020648755555555554,0.01609576,0.02070056888888889,0.019659693333333332,0.014536986666666666,0.015947351111111112,0.023516693333333335,0.014848995555555555,0.012309702222222222,0.008876213333333332,0.0074426,0.01540731111111111,1.3294891872053871,8031306.460606061,1904.956282154882,0.5037549954027105,0.17518456887097358,0.0,0.0003475741113969366,1.063521988288639,0.0282444444444444,0.01594222644893732,0.0516,0.0103839111111111,0.04713920553051415,0.0,0.0,0.0076444444444444,0.06974999999999999,0.0975714285714285,0.0315888888888888,0.0,1.5878642106977776,0.08986847163578579,0.0,0.033462166467807274,0.0,0.042749999999999996,0.16790038231979051,0.08724293314672493,0.11061274523837708,0.1429763034998536,0.03770716559782805,0.017196914992942746,0.009204194839756187,0.1287924202738951,0.010025218344749483,0.4574535759941612,0.039745306382490284,0.006835655020183004,0.37240041591261736,0.36843494931882603,0.0,0.0,0.5485033215727247,0.006897530652236957,0.00336040110535615,0.42011402015873295,0.0,0.03411513870380897,0.02585441923485852,0.0081,0.0,0.028840529789364036,0.00839001106649042,0.0101166666666666,0.0951,0.0,0.0,,,,0.018477189998963823,0.0155,0.7245368197203873,5.836655846582784,4.074965801754655,40.928151409301684,192.22223,994.99658,1.04291292413892,2024-08-16 01:30:00
2024-08-15 19:45:00,41.42088888888888,1.0,0.1155279422222222,0.10404562643564727,0.0019869081759226978,0.007908421451119245,0.8696444755555555,0.0010782919111111111,0.0017792502222222222,0.007217417777777777,2.649897777777778e-26,1.0447751111111112e-06,2.8729866666666666e-06,3.1504755555555555e-05,1.0027586666666668e-26,3.1455600000000003e-07,0.000208328,0.0001458876,1.1340195555555556e-08,0.03476693333333333,0.0010246982222222223,0.008364915555555555,0.05814266666666667,2.4266444444444446e-06,2.2300088888888889e-07,0.036,1308.276,2.0563555555555557,0.05008888888888889,2.0563555555555557,40.73433791111111,-111.87211,304.23266666666666,16.200444444444443,873.996888888889,143.28466666666665,2.473777777777778,435758.26666666666,1945.8382222222224,184.41466666666668,8175383.265777779,0.0004842577777777,8.310666666666667e-05,0.0005291422222222,6.728444444444445e-05,0.0001425155555555,0.0003210577777777,0.00062028,1.0715438222222222,5.92218088888889,7.580564000000001,5.660568,0.1638668888888888,0.7256830222222223,1.483414488888889,0.0046972444444444,0.15744176006211502,1.9169657333333332,0.0084400444444444,0.0692392,0.2254222826627518,0.09291661064053858,0.23140095037531302,0.0103839111111111,0.0342108,0.1057380012821266,0.05672754827429772,0.0021405726452708032,0.0462536888888888,0.0588057777777777,0.0444796888888888,0.0032376,0.0022536444444444,1.6997499999999999,0.1345,0.11473792238856881,0.03,0.0005833333333333334,0.071875,0.437,0.204875,0.062125,0.007875,0.016875,0.025500000000000002,1.3128548203551773,0.38675000000000004,0.21637499999999998,0.00575,0.37125,0.002875,0.054625,0.018750000000000003,0.045375,0.195875,0.104,0.16062500000000002,0.06975,0.01675,0.015625,0.018375,0.09237500000000001,0.34625,0.001875,0.005875,0.08524999999999999,0.239125,0.014249999999999999,0.031875,0.085625,0.010624999999999999,0.017375,0.23325,0.00475,0.003128292934614311,0.033125,0.014624999999999999,0.02675,0.00375,0.020874999999999998,0.0115,0.01275,0.0205,0.015375,0.071875,0.01225,0.00475,0.073375,0.0625,0.017875000000000002,0.0017712933333333,0.0162660888888888,0.0184949555555555,0.00134776,0.0003728,0.2413543822222222,6300.0,6359.0,868.5872088888889,31.988493333333334,84.17431111111111,12.356933333333332,0.9561777777777778,0.21133333333333332,0.003648888888888889,12.761745693333333,10.706763702222222,8.801624546666666,7.542784102222223,6.4447972177777775,5.330510515555556,4.45772812,3.833205768888889,3.297307617777778,2.9235934666666665,2.57838196,2.493844866666667,2.301659284444445,2.0847393066666666,1.5855524977777777,4.537787106666667,1.3441836666666667,0.44558445333333335,0.2783296488888889,0.0790608,0.06865063555555556,0.037730177777777776,0.029834137777777776,0.02378306222222222,0.025422026666666667,0.01930794222222222,0.015994568888888887,0.01634363111111111,0.017098422222222222,0.012122293333333334,0.02606448888888889,0.016173466666666667,0.010084871111111112,0.006663359999999999,0.007789697777777777,0.012015004444444444,1.413421078144078,8143665.924297924,1907.075962881563,0.511128105240498,0.17095874927549287,0.0,0.0003475741113969366,1.0856231436587507,0.0282444444444444,0.01594222644893732,0.0516,0.0103839111111111,0.04713920553051415,0.0,0.0,0.0076444444444444,0.071875,0.0975714285714285,0.0315888888888888,0.0,1.6236812085714287,0.09281663534859952,0.0,0.03527700465099816,0.0,0.045375,0.16862945885366315,0.09045115500241684,0.11575053994430395,0.14822728467498392,0.038029512886326326,0.018094858884731384,0.010126617805635734,0.13413963435286563,0.0098241665990962,0.4684435388716815,0.04026359001755476,0.00763012378563125,0.380547676573337,0.3757540059191924,0.0,0.0,0.5560399758898104,0.007066578293393385,0.0033948822230557515,0.44930707099375267,0.0,0.03453729176039486,0.026197669334532138,0.0081,0.0,0.02913764345158855,0.008562172944367428,0.0101166666666666,0.0951,0.0,0.0,,,,0.02056783533633911,0.01675,0.8551600030964799,7.195974095626884,5.304319650415938,39.4147403619042,125.55556,936.62866,1.0523019243389165,2024-08-16 01:45:00
2024-08-15 20:00:00,38.71066666666666,1.0,0.1457084488888889,0.10462718075783949,0.0020006904770116306,0.008029619412863526,0.9740966488888888,0.00048727,0.0008496111111111112,0.0034662315555555553,1.7634444444444445e-26,4.807102222222222e-07,1.4302257777777777e-06,1.5624017777777776e-05,6.698337777777777e-27,1.3881840000000001e-07,0.00010272706666666666,7.298924444444444e-05,5.2134888888888886e-09,0.017628511111111113,0.000499416,0.004750133333333333,0.030588231111111107,1.1945639999999998e-06,1.0329662222222222e-07,0.036,1308.5040000000001,1.3063555555555555,0.050711111111111117,1.3063555555555555,40.734337200000006,-111.87211,303.4122222222222,17.034222222222223,873.9351111111112,140.41413333333333,1.8435555555555554,441497.1111111111,1949.4182222222223,190.55822222222224,8302612.708444445,0.0005852266666666,0.0001020844444444,0.0005471822222222,0.0001086844444444,0.0002042666666666,0.0004175288888888,0.0012406444444444,0.9044355111111112,8.01935288888889,9.615395111111113,5.660568,0.1638668888888888,0.7256830222222223,1.483414488888889,0.0046972444444444,0.15860061240392206,1.9169657333333332,0.0084400444444444,0.0692392,0.23024567103556492,0.09453984719939616,0.24251150819827372,0.0103839111111111,0.0342108,0.10777644654190544,0.05946256543375414,0.0022325200285348134,0.0462536888888888,0.0588057777777777,0.0444796888888888,0.0032376,0.0022536444444444,1.72,0.13,0.076,0.031,0.0006000000000000001,0.072,0.438,0.208,0.062,0.008,0.018,0.027,0.805,0.395,0.21,0.006,0.396,0.003,0.056,0.02,0.048,0.209,0.105,0.169,0.075,0.018,0.016,0.019,0.099,0.358,0.002,0.006,0.09,0.252,0.015,0.034,0.091,0.011,0.019,0.244,0.005,0.003134412091427976,0.035,0.015,0.028,0.004,0.022,0.012,0.013,0.021,0.016,0.074,0.012,0.005,0.077,0.066,0.019,0.0017047555555555,0.0152971155555555,0.0187774933333333,0.0014092177777777,0.0003531555555555,0.2349905066666666,7200.0,7259.0,868.5445333333333,32.24407111111111,92.7788311111111,13.37234222222222,1.0161288888888889,0.20717333333333335,0.0038488888888888887,14.04408192888889,11.794609582222222,9.792779186666667,8.396559413333334,7.166241111111111,5.990068657777778,4.971289804444444,4.2518244577777775,3.679915551111111,3.203707706666667,2.8169049955555554,2.746052937777778,2.606186382222222,2.284785528888889,1.7245046844444445,4.744931035555555,1.3814534088888888,0.4742856711111111,0.28607520444444445,0.07796207111111111,0.059607235555555554,0.04058933333333334,0.03240053777777778,0.02324556,0.021754355555555556,0.02155628888888889,0.017873133333333336,0.014909115555555555,0.014323924444444445,0.013687293333333331,0.024371466666666668,0.015906564444444445,0.015941804444444443,0.00806356888888889,0.006698991111111111,0.013728497777777777,1.5127548444444443,8253988.133333334,1909.8324,0.5185012150782855,0.1667329296800122,0.0,0.0003475741113969366,1.1077242990288625,0.0282444444444444,0.01594222644893732,0.0516,0.0103839111111111,0.04713920553051415,0.0,0.0,0.0076444444444444,0.074,0.0975714285714285,0.0315888888888888,0.0,1.803638057705141,0.09576479906141325,0.0,0.03709184283418905,0.0,0.048,0.16935853538753579,0.09365937685810874,0.12088833465023083,0.1534782658501142,0.0383518601748246,0.01899280277652002,0.01104904077151528,0.1394868484318362,0.009623114853442917,0.4794335017492018,0.04078187365261923,0.008424592551079496,0.3886949372340567,0.3830730625195588,0.0,0.0,0.563576630206896,0.0072356259345498115,0.003429363340755353,0.4785001218287724,0.0,0.03495944481698075,0.026540919434205758,0.0081,0.0,0.029434757113813062,0.008734334822244436,0.0101166666666666,0.0951,0.0,0.0,,,,0.0226584806737144,0.018,0.7563091475301184,9.286997768547925,6.828985127737716,30.0,92.333336,876.55328,0.975679593765518,2024-08-16 02:00:00
2024-08-15 20:15:00,33.79377777777778,1.0,0.2199744088888889,0.10520873508003172,0.0020144727781005634,0.008150817374607808,1.1446622088888887,0.0002058580711111111,0.00028131057777777777,0.001031880888888889,9.366248888888889e-27,1.6713844444444443e-07,5.375764444444445e-07,5.938075555555556e-06,3.5455422222222225e-27,5.1959822222222223e-08,3.837049777777778e-05,2.8291573333333335e-05,1.866288888888889e-09,0.004610976,0.00018905102222222222,0.0012506729333333333,0.007844108,4.502188888888889e-07,3.917927555555556e-08,0.036,1307.732,1.43,0.049688888888888894,1.43,40.73434,-111.87211,302.2922222222222,18.481333333333332,873.859111111111,128.49862222222222,1.404,449199.1111111111,1962.264888888889,266.5551111111111,8744417.811111113,0.0006222533333333,0.0001061288888888,0.0007145644444444,0.0001818311111111,0.0002263022222222,0.0029826755555555,0.0019443866666666,1.341038222222222,11.751125333333334,13.924609777777778,5.660568,0.1638668888888888,0.7256830222222223,1.483414488888889,0.0046972444444444,0.15975946474572908,1.9169657333333332,0.0084400444444444,0.0692392,0.23243812029593452,0.09616308375825375,0.3531195987641659,0.0103839111111111,0.0342108,0.10981489180168427,0.0719220880490556,0.0023244674117988235,0.0462536888888888,0.0588057777777777,0.0444796888888888,0.0032376,0.0022536444444444,1.78725,0.14850000000000002,0.2208158978417346,0.028625,0.0006166666666666667,0.072,0.437125,0.20525,0.0635,0.008,0.020624999999999998,0.034,1.5356164787746742,0.497875,0.233375,0.007,0.37575000000000003,0.0035,0.056625,0.024125,0.0555,0.28625,0.13774999999999998,0.252375,0.08925,0.0235,0.018875,0.02275,0.12037500000000001,0.40575,0.00275,0.00625,0.106875,0.29425,0.019625,0.04125,0.104,0.014499999999999999,0.02525,0.272625,0.0063750000000000005,0.003140531248241641,0.043250000000000004,0.017875,0.033375,0.005125,0.027875,0.015125,0.0165,0.026000000000000002,0.01925,0.093,0.014,0.00625,0.087,0.07450000000000001,0.024125,0.0016597466666666,0.0161504533333333,0.0185693155555555,0.00170616,0.0004451555555555,0.1641329644444444,8100.0,8159.0,868.5229511111112,32.54428444444444,115.40274222222223,16.159955555555555,1.1754933333333333,0.20275555555555555,0.00444,17.91352805777778,14.897436493333334,12.344479355555556,10.600600346666665,9.038591373333333,7.499403275555555,6.214520955555556,5.323015946666667,4.58666072,3.920449591111111,3.501543524444444,3.29294936,3.0993246755555557,2.7413342266666665,2.0454369333333333,5.429506688888889,1.550250151111111,0.5572147866666667,0.35582393333333334,0.09189453333333333,0.0736129688888889,0.04318338222222222,0.039199191111111115,0.028255893333333334,0.025534195555555552,0.024257115555555556,0.01702428,0.016256533333333333,0.01600879111111111,0.020149262222222224,0.02971003111111111,0.01839674222222222,0.0190328,0.008927933333333334,0.00659696,0.012644586666666667,1.9915262666666669,8677630.355555555,1921.4727111111115,0.610441660479787,0.18222760153010809,0.0,0.0003475741113969366,1.3048031098982564,0.0282444444444444,0.01594222644893732,0.0516,0.0103839111111111,0.04713920553051415,0.0,0.0,0.0076444444444444,0.093,0.0975714285714285,0.0315888888888888,0.0,2.195070480170981,0.11665830711309315,0.0,0.04328364369448738,0.0,0.0555,0.19323579187186443,0.1014507727933605,0.13331462882270512,0.1679637311608185,0.04157533305980734,0.02108800519069351,0.014596821409513535,0.15673918064889217,0.011231528818669182,0.5441172832568927,0.043476948554954514,0.011046339477058707,0.4154306081401076,0.402562178350767,0.0,0.0,0.5942043105167546,0.008531657850082421,0.003463844458454955,0.4546148984183017,0.0,0.035381597873566636,0.026884169533879374,0.0081,0.0,0.029731870776037575,0.008906496700121443,0.0101166666666666,0.0951,0.0,0.0,,,,0.02833308944659018,0.0235,1.0145760838001519,13.007829690434997,10.057808788217212,32.37062672361072,97.333336,815.96191,1.088902184665962,2024-08-16 02:15:00
2024-08-15 20:30:00,31.183555555555557,1.0,0.2848656888888889,0.10579028940222393,0.0020282550791894957,0.00827201533635209,1.3775892311111109,6.365884e-05,5.728051555555556e-05,0.00018735198666666668,2.6831546666666664e-27,3.6074315555555557e-08,1.1833640444444444e-07,1.3198216888888888e-06,1.0660504e-27,1.3534955555555555e-08,8.448596888888889e-06,6.339439555555556e-06,4.2360937777777776e-10,0.0006194091111111111,4.194393333333334e-05,9.608406666666666e-05,0.0008522467555555555,9.995297333333333e-08,9.893012e-09,0.036,1307.7315555555556,1.2274666666666667,0.049822222222222226,1.2274666666666667,40.73434,-111.87211,301.29266666666666,19.960888888888892,873.8857777777778,122.99186666666667,1.296888888888889,453867.0666666667,1970.3115555555555,268.6195555555556,9278861.584888889,0.0005644355555555,9.517333333333334e-05,0.0008684088888888,0.0002839599999999,0.0002233955555555,0.0049578133333333,0.0036926444444444,0.981519582222222,12.064021333333336,14.358731555555556,5.660568,0.1638668888888888,0.7256830222222223,1.483414488888889,0.0046972444444444,0.16091831708753612,1.9169657333333332,0.0084400444444444,0.0692392,0.23463056955630412,0.09778632031711132,0.46372768933005803,0.0103839111111111,0.0342108,0.11185333706146311,0.08438161066435707,0.0024164147950628337,0.0462536888888888,0.0588057777777777,0.0444796888888888,0.0032376,0.0022536444444444,1.8545,0.167,0.22348196677505194,0.02625,0.0006333333333333334,0.072,0.43625,0.20249999999999999,0.065,0.008,0.02325,0.041,1.6417526871502233,0.60075,0.25675,0.008,0.35550000000000004,0.004,0.05725,0.02825,0.063,0.3635,0.17049999999999998,0.33575,0.1035,0.028999999999999998,0.02175,0.0265,0.14175000000000001,0.4535,0.0035,0.006500000000000001,0.12375,0.3365,0.02425,0.0485,0.11699999999999999,0.018,0.0315,0.30125,0.00775,0.003146650405055306,0.051500000000000004,0.020749999999999998,0.03875,0.00625,0.03375,0.01825,0.02,0.031,0.0225,0.112,0.016,0.0075,0.097,0.083,0.029249999999999998,0.0016168088888888,0.0162749466666666,0.02024772,0.0023730533333333,0.0006331333333333,0.1540372755555555,9000.0,9059.0,868.5471155555556,32.85830222222222,132.15560444444446,18.478288888888887,1.3397022222222221,0.20380888888888887,0.004960000000000001,20.698457644444442,17.226157342222223,14.35557088,12.187550111111111,10.224639608888888,8.504703053333333,7.13752156,5.9903079111111115,5.163760706666666,4.461599635555555,3.951033231111111,3.735393,3.51614564,3.1348862844444443,2.3097052133333333,6.162097822222222,1.7786411777777777,0.6477836622222223,0.40851093333333327,0.10185816888888889,0.08039684,0.051128511111111115,0.04127328444444445,0.03793682222222223,0.03003688888888889,0.025350595555555556,0.020914755555555557,0.022004026666666666,0.024799773333333334,0.022996453333333333,0.03269520888888889,0.018358177777777776,0.01525776888888889,0.0097398,0.01121188,0.015256822222222221,2.0719396,9175465.466666669,1928.332133333333,0.7023821058812885,0.19772227338020396,0.0,0.0003475741113969366,1.5018819207676506,0.0282444444444444,0.01594222644893732,0.0516,0.0103839111111111,0.04713920553051415,0.0,0.0,0.0076444444444444,0.112,0.0975714285714285,0.0315888888888888,0.0,2.3387905158533333,0.13755181516477305,0.0,0.049475444554785704,0.0,0.063,0.2171130483561931,0.10924216872861225,0.14574092299517943,0.1824491964715228,0.04479880594479008,0.023183207604866998,0.01814460204751179,0.17399151286594816,0.012839942783895449,0.6088010647645836,0.04617202345728979,0.013668086403037918,0.4421662790461586,0.4220512941819752,0.0,0.0,0.6248319908266131,0.00982768976561503,0.003498325576154557,0.43072967500783105,0.0,0.03580375093015253,0.02722741963355299,0.0081,0.0,0.030028984438262088,0.009078658577998453,0.0101166666666666,0.0951,0.0,0.0,,,,0.03400769821946596,0.028999999999999998,0.8019072768464102,13.319808366081205,10.383089094733615,29.95992341974162,102.33334,756.11713,1.5177126926579765,2024-08-16 02:30:00
2024-08-15 20:45:00,26.49422222222222,1.0,0.38710088,0.10637184372441616,0.0020420373802784286,0.00839321329809637,1.7037697822222222,1.860685422222222e-05,4.9088352e-06,1.4972275555555556e-05,2.631103528888889e-28,3.709193866666666e-09,1.1542696888888889e-08,1.265348711111111e-07,1.04638172e-28,1.5768607111111111e-09,7.884181466666667e-07,5.937378311111112e-07,4.464848444444444e-11,4.2875947111111115e-05,3.848558577777778e-06,5.528579688888889e-06,5.463522533333333e-05,9.646854355555556e-09,1.1149901777777777e-09,0.036,1307.856,1.5888888888888888,0.05075555555555556,1.5888888888888888,40.73434,-111.87211,300.25888888888886,21.96622222222222,873.9,122.6588,0.9920000000000001,464064.3555555556,1979.840888888889,324.18933333333337,10086559.140888888,0.0005147422222222,8.463555555555556e-05,0.0008052266666666,0.0003346977777777,0.0002453155555555,0.0036047644444444,0.0040481377777777,1.0144233511111111,14.239678666666666,17.16916,5.660568,0.1638668888888888,0.7256830222222223,1.483414488888889,0.0046972444444444,0.16207716942934314,1.9169657333333332,0.0084400444444444,0.0692392,0.23682301881667372,0.09940955687596892,0.5743357798959503,0.0103839111111111,0.0342108,0.11389178232124193,0.09684113327965853,0.002508362178326844,0.0462536888888888,0.0588057777777777,0.0444796888888888,0.0032376,0.0022536444444444,1.92175,0.1855,0.2952459992552497,0.023875,0.0006500000000000001,0.072,0.435375,0.19974999999999998,0.0665,0.008,0.025875,0.048,1.7626281826320067,0.703625,0.280125,0.009000000000000001,0.33525000000000005,0.0045000000000000005,0.057875,0.032375,0.07050000000000001,0.44075,0.20325,0.41912499999999997,0.11775,0.0345,0.024625,0.03025,0.16312500000000002,0.50125,0.00425,0.00675,0.140625,0.37875,0.028874999999999998,0.05575,0.13,0.0215,0.037750000000000006,0.329875,0.009125000000000001,0.003152769561868971,0.059750000000000004,0.023625,0.044125,0.007375,0.039625,0.021374999999999998,0.0235,0.036,0.025750000000000002,0.131,0.018000000000000002,0.008749999999999999,0.107,0.0915,0.034374999999999996,0.0016797911111111,0.0169657066666666,0.0220990711111111,0.0033751155555555,0.0009647822222222,0.1416939022222222,9900.0,9959.0,868.586688888889,33.115364444444445,122.12933333333334,17.623057777777777,1.3510933333333335,0.21411555555555553,0.004968888888888889,19.071133751111113,15.799065106666667,13.069824213333334,11.073341133333335,9.377168866666667,7.72688460888889,6.456034426666666,5.501614066666666,4.647581888888889,4.107883364444445,3.6910991955555557,3.471447986666667,3.3341850844444445,2.9839659911111114,2.2386176355555554,6.129059600000001,1.7980612266666667,0.6578999688888889,0.4254652,0.10472881777777779,0.08584331555555556,0.04826828888888889,0.045752546666666664,0.03635151555555556,0.028769475555555552,0.025586497777777776,0.01972616888888889,0.018581484444444445,0.02003275111111111,0.021634746666666666,0.033176333333333335,0.02036272,0.019698644444444448,0.012708026666666667,0.011897066666666668,0.015880568888888887,2.4755489777777777,9975484.31111111,1936.1441333333332,0.79432255128279,0.21321694523029983,0.0,0.0003475741113969366,1.6989607316370445,0.0282444444444444,0.01594222644893732,0.0516,0.0103839111111111,0.04713920553051415,0.0,0.0,0.0076444444444444,0.131,0.0975714285714285,0.0315888888888888,0.0,2.6061384884190475,0.15844532321645294,0.0,0.05566724541508403,0.0,0.07050000000000001,0.24099030484052175,0.11703356466386403,0.15816721716765372,0.19693466178222707,0.04802227882977281,0.025278410019040486,0.021692382685510048,0.19124384508300413,0.014448356749121713,0.6734848462722746,0.04886709835962507,0.01628983332901713,0.4689019499522095,0.4415404100131834,0.0,0.0,0.6554596711364717,0.011123721681147638,0.0035328066938541585,0.4068444515973604,0.0,0.03622590398673842,0.027570669733226607,0.0081,0.0,0.0303260981004866,0.009250820455875462,0.0101166666666666,0.0951,0.0,0.0,,,,0.03968230699234175,0.0345,0.8213710945607898,15.489087275090222,12.4888968948649,25.629031105911736,107.33334,698.27869,4.8347592601711495,2024-08-16 02:45:00
2024-08-15 21:00:00,25.68933333333333,1.0,0.4377770873015873,0.10695339804660838,0.0020558196813673614,0.008514411259840654,1.7447531323809524,1.016630980952381e-05,1.560576742222222e-07,4.7223172888888893e-07,3.965996653418949e-30,1.1497200996444444e-10,3.6299035382222223e-10,4.003593173333333e-09,1.5672075580931497e-30,4.762881199066666e-11,2.503330368888889e-08,1.8931109244444445e-08,1.3780043653777778e-12,1.3222087555555555e-06,1.2303953422222222e-07,1.575488888888889e-07,1.667185511111111e-06,3.044831506666667e-10,3.3888131684888886e-11,0.036,1307.6271111111112,0.9808444444444445,0.05213333333333334,0.9808444444444445,40.7343392888889,-111.87211,299.3291111111111,23.176888888888886,873.9244444444445,121.73155555555556,0.9506666666666667,466209.3333333333,1979.0644444444445,303.2328888888889,10249207.254222222,0.0004552123809523,9.118761904761904e-05,0.0008804269841269,0.0003740533333333,0.0002459584126984,0.0064212819047619,0.0042080653968253,0.7503860883523884,13.874313677766676,17.33673221130721,5.660568,0.1638668888888888,0.7256830222222223,1.483414488888889,0.0046972444444444,0.16323602177115018,1.9169657333333332,0.0084400444444444,0.0692392,0.23901546807704332,0.10103279343482649,0.6849438704618425,0.0103839111111111,0.0342108,0.11593022758102077,0.10930065589495999,0.002600309561590854,0.0462536888888888,0.0588057777777777,0.0444796888888888,0.0032376,0.0022536444444444,1.9889999999999999,0.20400000000000001,0.2681823862641251,0.0215,0.0006666666666666668,0.072,0.4345,0.197,0.068,0.008,0.028499999999999998,0.05500000000000001,1.7403731175766453,0.8065,0.3035,0.01,0.315,0.005,0.058499999999999996,0.036500000000000005,0.078,0.518,0.236,0.5025,0.132,0.039999999999999994,0.0275,0.034,0.1845,0.5489999999999999,0.005,0.007,0.1575,0.421,0.0335,0.063,0.14300000000000002,0.025,0.044,0.3585,0.010499999999999999,0.0031588887186826363,0.068,0.0265,0.0495,0.0085,0.0455,0.0245,0.027000000000000003,0.040999999999999995,0.029,0.15000000000000002,0.02,0.009999999999999998,0.11699999999999999,0.1,0.03949999999999999,0.0016547428571428,0.0146936869841269,0.0211554711111111,0.0039422584126984,0.001269199047619,0.1155666619047619,10800.0,10859.0,868.6181511111112,33.32861333333333,118.90541777777779,17.053928888888887,1.2972577777777776,0.2122488888888889,0.00488,19.15514992888889,15.839474435555555,12.75328588888889,10.775635022222222,9.144608862222222,7.511063013333333,6.182183986666667,5.2225453377777775,4.4327167733333335,3.8824337822222224,3.46679752,3.3405281511111107,3.212152684444445,2.778180248888889,2.1114780666666664,5.7611034355555555,1.6719229733333334,0.6341427955555556,0.45784158222222227,0.11541176888888889,0.08594318222222223,0.05202096444444445,0.04050958666666667,0.03303363555555556,0.029148146666666666,0.024498328888888886,0.02372608888888889,0.021097448888888887,0.019646102222222222,0.020403840000000003,0.030433693333333334,0.016739471111111112,0.02218084888888889,0.010308373333333334,0.012485791111111111,0.014624057777777779,2.5230050222222222,10155951.422222223,1934.7058222222224,0.8862629966842914,0.22871161708039572,0.0,0.0003475741113969366,1.8960395425064385,0.0282444444444444,0.01594222644893732,0.0516,0.0103839111111111,0.04713920553051415,0.0,0.0,0.0076444444444444,0.15000000000000002,0.0975714285714285,0.0315888888888888,0.0,2.61945085359806,0.17933883126813283,0.0,0.06185904627538236,0.0,0.078,0.2648675613248504,0.12482496059911578,0.170593511340128,0.21142012709293137,0.051245751714755546,0.027373612433213977,0.0252401633235083,0.2084961773000601,0.016056770714347978,0.7381686277799655,0.051562173261960345,0.01891158025499634,0.49563762085826046,0.4610295258443916,0.0,0.0,0.6860873514463304,0.012419753596680247,0.0035672878115537605,0.38295922818688966,0.0,0.0366480570433243,0.027913919832900223,0.0081,0.0,0.030623211762711114,0.00942298233375247,0.0101166666666666,0.0951,0.0,0.0,,,,0.04535691576521753,0.039999999999999994,0.6651831159285019,15.124793435077855,12.614455996130589,29.0,142.66667,630.80396,1.0,2024-08-16 03:00:00
2024-08-15 21:15:00,27.968888888888888,1.0,0.2915095873015872,0.1075349523688006,0.0020696019824562937,0.008635609221584935,1.446353261269841,8.14588961904762e-06,3.833771504177778e-09,1.4272031476444444e-08,3.37742871387808e-33,1.7583217344211317e-12,5.509348119188201e-12,6.537419826213561e-11,1.2575684315140801e-33,6.748058596491889e-13,4.4891920692e-10,3.281005872252824e-10,2.073162926420314e-14,5.4658247222222225e-08,2.347715047249698e-09,9.373355351111113e-09,7.843721017777779e-08,4.951063307456441e-12,4.762404581012002e-13,0.036,1307.24,0.8436888888888888,0.052088888888888886,0.8436888888888888,40.73433537777778,-111.87211,298.594,23.35288888888889,874.0248888888889,120.58404444444444,0.8826666666666667,460867.15555555554,1973.4484444444445,237.90755555555555,9947355.946222223,0.0004859504761904,9.099809523809524e-05,0.0007376987301587,0.0003484593650793,0.0002216577777777,0.0087394809523809,0.004583752063492,0.2876861083583083,10.272369433954935,12.696399243164244,5.660568,0.1638668888888888,0.7256830222222223,1.483414488888889,0.0046972444444444,0.1643948741129572,1.9169657333333332,0.0084400444444444,0.0692392,0.24120791733741292,0.10265602999368409,0.7955519610277346,0.0103839111111111,0.0342108,0.1179686728407996,0.12176017851026145,0.002692256944854864,0.0462536888888888,0.0588057777777777,0.0444796888888888,0.0032376,0.0022536444444444,2.05625,0.22250000000000003,0.18381981490635724,0.019125,0.0006833333333333333,0.072,0.433625,0.19425,0.06949999999999999,0.008,0.031125,0.062,1.672638965403479,0.909375,0.326875,0.011,0.29475,0.0055,0.059125,0.040625,0.08549999999999999,0.59525,0.26875,0.5858749999999999,0.14625,0.0455,0.030375,0.037750000000000006,0.20587500000000003,0.59675,0.00575,0.00725,0.174375,0.46325,0.038125,0.07025,0.156,0.0285,0.05025,0.387125,0.011875,0.0031650078754963014,0.07625000000000001,0.029375,0.05487499999999999,0.009625,0.051375000000000004,0.027624999999999997,0.0305,0.046,0.03225,0.169,0.022,0.01125,0.127,0.10850000000000001,0.044625,0.0013975149206349,0.009809799047619,0.016422898095238,0.0034021098412698,0.0012279822222222,0.1282802723809524,11700.0,11759.0,868.6570133333333,32.76517777777778,133.72484444444444,17.759573333333332,1.2611822222222222,0.20122222222222225,0.00448,24.400882084444444,19.50810588888889,15.416458893333333,12.453319453333334,10.16982108,7.998798675555556,6.359362995555555,5.34032908,4.450848448888889,3.930933648888889,3.5144054488888887,3.3043360222222224,3.1702091733333333,2.8142037911111113,2.115230871111111,5.726611222222222,1.6051886400000002,0.5830169244444445,0.36666996444444444,0.09239341777777778,0.06792839555555556,0.046829871111111115,0.02878067111111111,0.03279380444444444,0.025328311111111113,0.02254171111111111,0.021745524444444445,0.020833595555555553,0.018288702222222224,0.01991495111111111,0.02771863111111111,0.017697004444444442,0.016692715555555557,0.011140493333333333,0.010950422222222223,0.014592515555555555,2.1810946222222225,9870832.177777776,1930.3282666666669,0.9782034420857929,0.24420628893049162,0.0,0.0003475741113969366,2.0931183533758326,0.0282444444444444,0.01594222644893732,0.0516,0.0103839111111111,0.04713920553051415,0.0,0.0,0.0076444444444444,0.169,0.0975714285714285,0.0315888888888888,0.0,2.18714490172158,0.20023233931981274,0.0,0.06805084713568069,0.0,0.08549999999999999,0.28874481780917904,0.13261635653436754,0.18301980551260233,0.22590559240363567,0.05446922459973828,0.02946881484738746,0.02878794396150656,0.22574850951711609,0.017665184679574245,0.8028524092876563,0.05425724816429563,0.021533327180975552,0.5223732917643114,0.48051864167559977,0.0,0.0,0.716715031756189,0.013715785512212857,0.003601768929253362,0.35907400477641904,0.0,0.03707021009991019,0.02825716993257384,0.0081,0.0,0.030920325424935627,0.009595144211629478,0.0101166666666666,0.0951,0.0,0.0,,,,0.051031524538093315,0.0455,0.39147866287744093,11.533409093520735,9.13753083945632,26.990977906905723,212.66667,569.70819,1.0,2024-08-16 03:15:00
2024-08-15 21:30:00,30.166222222222224,1.0,0.2012949942857143,0.10811650669099282,0.0020833842835452266,0.008756807183329217,1.1763680015873017,7.991549777777777e-06,2.709473777777778e-13,2.069959111111111e-12,0.0,1.0572482922669189e-20,4.851748280114987e-19,7.074886951822222e-17,0.0,1.7992650547555897e-22,5.393768888888889e-15,5.153285471253334e-16,4.2338189586859736e-22,1.9004444444444446e-11,1.1784981102222222e-14,8.885582222222224e-12,3.91136e-11,7.651922140444443e-18,2.6796722607122586e-21,0.036,1307.5404444444443,2.528488888888889,0.05084444444444445,2.528488888888889,40.73433933333333,-111.87211,298.06688888888885,23.03511111111111,874.0973333333334,121.52377777777777,0.8528888888888889,457491.1111111111,1968.3866666666663,200.0568888888889,9469719.428888887,0.0004833888888888,4.490285714285714e-05,0.0006546765079365,0.0002977546031746,0.0002125615873015,0.0079740736507936,0.0040794015873015,0.3245810266666666,8.810348444444443,10.501643555555557,5.660568,0.1638668888888888,0.7256830222222223,1.483414488888889,0.0046972444444444,0.16555372645476424,1.9169657333333332,0.0084400444444444,0.0692392,0.24340036659778252,0.10427926655254166,0.9061600515936268,0.0103839111111111,0.0342108,0.12000711810057843,0.13421970112556292,0.0027842043281188743,0.0462536888888888,0.0588057777777777,0.0444796888888888,0.0032376,0.0022536444444444,2.1235,0.24100000000000002,0.13493863199203482,0.01675,0.0007,0.072,0.43274999999999997,0.1915,0.071,0.008,0.03375,0.069,1.6063524033650793,1.0122499999999999,0.35025,0.012,0.2745,0.006,0.05975,0.04475,0.093,0.6725,0.3015,0.66925,0.1605,0.051000000000000004,0.03325,0.0415,0.22725,0.6445,0.006500000000000001,0.0075,0.19125,0.5055,0.042749999999999996,0.0775,0.169,0.032,0.05650000000000001,0.41574999999999995,0.013250000000000001,0.0031711270323099665,0.0845,0.03225,0.06025,0.01075,0.05725,0.03075,0.034,0.051,0.035500000000000004,0.188,0.024,0.012499999999999999,0.137,0.117,0.049749999999999996,0.0011202266666666,0.0064692285714285,0.0128690647619047,0.0025378803174603,0.0009867238095238,0.1179371257142857,12600.0,12659.0,868.7446,32.41216,96.95331555555555,14.028555555555556,1.0444933333333333,0.20494222222222222,0.003906666666666667,14.592744902222222,12.217431968888889,10.08686028888889,8.618174422222221,7.446923035555556,6.187066306666666,5.2147666133333335,4.407078573333333,3.757357897777778,3.415581013333333,3.0637176844444443,2.9223791155555556,2.7945797022222223,2.484743937777778,1.8632588088888888,5.121645253333333,1.5121604222222222,0.5025847466666666,0.3273069822222222,0.07174432444444444,0.058065759999999994,0.036083017777777775,0.02761668,0.02744137777777778,0.02171790222222222,0.022289057777777777,0.01997291111111111,0.016973373333333333,0.017463884444444445,0.015072137777777777,0.02557656,0.014877924444444444,0.013651253333333334,0.007184457777777777,0.0075643333333333335,0.013705755555555555,1.7845537777777778,9408429.91111111,1926.0442666666668,1.0701438874872944,0.25970096078058746,0.0,0.0003475741113969366,2.2901971642452263,0.0282444444444444,0.01594222644893732,0.0516,0.0103839111111111,0.04713920553051415,0.0,0.0,0.0076444444444444,0.188,0.0975714285714285,0.0315888888888888,0.0,1.8930723218266663,0.22112584737149263,0.0,0.07424264799597902,0.0,0.093,0.31262207429350775,0.1404077524696193,0.19544609968507662,0.24039105771433994,0.057692697484721014,0.03156401726156095,0.03233572459950481,0.24300084173417205,0.019273598644800508,0.8675361907953473,0.05695232306663091,0.024155074106954763,0.5491089626703624,0.5000077575068079,0.0,0.0,0.7473427120660476,0.015011817427745464,0.003636250046952964,0.3351887813659483,0.0,0.03749236315649608,0.028600420032247456,0.0081,0.0,0.03121743908716014,0.009767306089506485,0.0101166666666666,0.0951,0.0,0.0,,,,0.056706133310969103,0.051000000000000004,0.4133033956904443,10.075674344356678,7.493036507823376,29.020352525385007,282.66666,526.77679,1.0,2024-08-16 03:30:00
2024-08-15 21:45:00,29.89911111111111,1.0,0.1987810146031746,0.10869806101318505,0.0020971665846341594,0.008878005145073498,1.117131192063492,6.463655555555556e-06,0.0,0.0,0.0,0.0,0.0,0.0,0.0,0.0,0.0,0.0,0.0,0.0,0.0,0.0,0.0,0.0,0.0,0.036,1306.9453333333333,104.20071111111112,0.0456,104.20071111111112,40.73434,-111.87211,298.0864444444444,23.15244444444444,874.1244444444444,141.98324444444447,0.8057777777777777,458601.06666666665,1971.2315555555556,206.5773333333333,9377616.535555556,0.0005015257142857,2.544507936507937e-05,0.0008238793650793,0.0004464949206349,0.000220506031746,0.0126885006349206,0.0074772869841269,0.1897004666666666,9.228652444444444,10.925917333333334,5.660568,0.1638668888888888,0.7256830222222223,1.483414488888889,0.0046972444444444,0.16671257879657125,1.9169657333333332,0.0084400444444444,0.0692392,0.24559281585815212,0.10590250311139925,1.016768142159519,0.0103839111111111,0.0342108,0.12204556336035727,0.1466792237408644,0.0028761517113828844,0.0462536888888888,0.0588057777777777,0.0444796888888888,0.0032376,0.0022536444444444,2.19075,0.2595,0.1433592772709792,0.014374999999999999,0.0007166666666666667,0.072,0.431875,0.18875,0.0725,0.008,0.036375000000000005,0.07600000000000001,1.6503426388715852,1.115125,0.373625,0.013000000000000001,0.25425,0.006500000000000001,0.060375,0.048875,0.1005,0.7497499999999999,0.33425,0.752625,0.17475000000000002,0.056499999999999995,0.036125000000000004,0.04525,0.248625,0.69225,0.00725,0.00775,0.208125,0.54775,0.047375,0.08474999999999999,0.182,0.035500000000000004,0.06275,0.44437499999999996,0.014624999999999999,0.0031772461891236316,0.09275,0.035125,0.065625,0.011875,0.06312500000000001,0.033875,0.037500000000000006,0.055999999999999994,0.03875000000000001,0.20700000000000002,0.026000000000000002,0.013749999999999998,0.14700000000000002,0.1255,0.05487499999999999,0.0010572869841269,0.0051323269841269,0.0114164488888888,0.0025168136507936,0.0011273733333333,0.1167784066666666,13500.0,13559.0,868.8123688888888,32.29711555555556,101.30430666666666,14.765671111111113,1.101271111111111,0.20568444444444445,0.004053333333333333,14.942425542222223,12.621877226666667,10.523324791111111,8.976658857777778,7.735447462222223,6.5012974266666665,5.5020341111111115,4.640412666666666,3.9717716533333336,3.5508974444444443,3.25865388,3.0583596977777776,2.881925377777778,2.6285362044444445,1.9812240533333332,5.518834795555555,1.6543991555555555,0.5613687244444444,0.36034377333333334,0.08125890222222223,0.06604137333333333,0.03494516,0.02895676,0.028768271111111115,0.017545413333333332,0.019484044444444445,0.019591831111111114,0.01633554222222222,0.01608059111111111,0.018657195555555554,0.026417306666666664,0.017074942222222222,0.011735124444444444,0.007962644444444444,0.011787782222222222,0.0119224,1.8257997333333331,9302456.222222222,1928.8872888888889,1.1620843328887958,0.27519563263068336,0.0,0.0003475741113969366,2.4872759751146205,0.0282444444444444,0.01594222644893732,0.0516,0.0103839111111111,0.04713920553051415,0.0,0.0,0.0076444444444444,0.20700000000000002,0.0975714285714285,0.0315888888888888,0.0,2.098667930643175,0.24201935542317254,0.0,0.08043444885627733,0.0,0.1005,0.3364993307778364,0.14819914840487108,0.2078723938575509,0.25487652302504427,0.06091617036970375,0.033659219675734445,0.03588350523750307,0.26025317395122805,0.020882012610026777,0.9322199723030382,0.05964739796896619,0.026776821032933974,0.5758446335764134,0.5194968733380162,0.0,0.0,0.7779703923759062,0.016307849343278072,0.003670731164652566,0.31130355795547765,0.0,0.037914516213081964,0.028943670131921076,0.0081,0.0,0.03151455274938465,0.009939467967383495,0.0101166666666666,0.0951,0.0,0.0,,,,0.062380742083844885,0.056499999999999995,0.3335164678792671,10.4927519929604,7.810937869945487,28.77365872568718,352.66666,489.23157,1.0,2024-08-16 03:45:00
2024-08-15 22:00:00,23.21733333333333,1.0,0.27799816,0.10927961533537726,0.0021109488857230917,0.00899920310681778,1.1307146622222222,6.273439911111111e-06,0.0,0.0,0.0,0.0,0.0,0.0,0.0,0.0,0.0,0.0,0.0,0.0,0.0,0.0,0.0,0.0,0.0,0.036,1307.5382222222222,285.8920888888889,0.04786666666666666,285.8920888888889,40.73434,-111.87211,297.81266666666664,24.34177777777778,874.1955555555556,124.2372,0.8733333333333334,473189.8666666666,1982.2453333333333,299.9773333333333,9737996.867555557,0.00055692,2.764888888888889e-05,0.0008848711111111,0.00054316,0.0002199022222222,0.0222258355555555,0.0053493422222222,1.8398256622222224,15.58052888888889,19.881930222222223,5.660568,0.1638668888888888,0.7256830222222223,1.483414488888889,0.0046972444444444,0.1678714311383783,1.9169657333333332,0.0084400444444444,0.0692392,0.24778526511852172,0.10752573967025683,1.127376232725411,0.0103839111111111,0.0342108,0.1240840086201361,0.15913874635616584,0.002968099094646895,0.0462536888888888,0.0588057777777777,0.0444796888888888,0.0032376,0.0022536444444444,2.258,0.278,0.239,0.012,0.0007333333333333333,0.072,0.431,0.186,0.074,0.008,0.039,0.083,2.419,1.218,0.397,0.014,0.234,0.007,0.061,0.053,0.108,0.827,0.367,0.836,0.189,0.062,0.039,0.049,0.27,0.74,0.008,0.008,0.225,0.59,0.052,0.092,0.195,0.039,0.069,0.473,0.016,0.0031833653459372967,0.101,0.038,0.071,0.013,0.069,0.037,0.041,0.061,0.042,0.226,0.028,0.015,0.157,0.134,0.06,0.0010625644444444,0.0047846311111111,0.0106362355555555,0.0025477644444444,0.0013195511111111,0.0976481466666666,14400.0,14459.0,868.8855333333333,32.23868,239.7348622222222,33.51402222222222,2.009297777777778,0.1876711111111111,0.008839999999999999,33.439800911111114,28.480674088888886,24.248548706666668,21.19731734222222,18.492801577777776,15.731219853333332,13.36702484,11.471327657777778,9.847928924444444,8.824953528888889,7.922232791111111,7.654967653333333,7.265945253333333,6.560439511111111,4.897050657777778,13.395954280000002,3.782049728888889,1.47450924,0.89374288,0.21313905333333333,0.14632597333333336,0.07111410666666666,0.05314427555555556,0.044048804444444443,0.030514133333333335,0.02870916888888889,0.02164828,0.02284017333333333,0.022061973333333332,0.02883267555555556,0.03452262222222222,0.01757417333333333,0.01260192888888889,0.014260924444444444,0.00976892888888889,0.015220764444444444,2.1010965333333336,9629630.577777777,1938.6581333333336,1.2540247782902973,0.29069030448077926,0.0,0.0003475741113969366,2.6843547859840147,0.0282444444444444,0.01594222644893732,0.0516,0.0103839111111111,0.04713920553051415,0.0,0.0,0.0076444444444444,0.226,0.0975714285714285,0.0315888888888888,0.0,2.4309179956241023,0.26291286347485243,0.0,0.08662624971657566,0.0,0.108,0.36037658726216504,0.15599054434012283,0.22029868803002522,0.26936198833574854,0.06413964325468649,0.03575442208990793,0.03943128587550132,0.277505506168284,0.02249042657525304,0.996903753810729,0.062342472871301464,0.029398567958913185,0.6025803044824642,0.5389859891692244,0.0,0.0,0.8085980726857648,0.017603881258810683,0.0037052122823521675,0.287418334545007,0.0,0.038336669269667854,0.029286920231594692,0.0081,0.0,0.031811666411609166,0.010111629845260504,0.0101166666666666,0.0951,0.0,0.0,,,,0.06805535085672067,0.062,1.3096276276875876,16.826006496073582,14.521530995623399,23.0,392.33334,456.91074,1.0,2024-08-16 04:00:00
2024-08-15 22:15:00,20.128,1.0,0.2818291904761905,0.1098611696575695,0.0021247311868120245,0.00912040106856206,1.1500503666666666,4.737949866666667e-06,0.0,0.0,0.0,0.0,0.0,0.0,0.0,0.0,0.0,0.0,0.0,0.0,0.0,0.0,0.0,0.0,0.0,0.036,1308.4795555555554,64.7384,0.04933333333333333,64.7384,40.73434,-111.87211,296.90288888888887,24.955111111111112,874.1653333333335,111.82884444444444,0.6826666666666666,475495.9111111111,1983.36,272.3671111111111,9709933.890222222,0.0006708857142857,3.266666666666666e-05,0.0006086476190476,0.0004765285714285,0.0001941,0.0098470142857142,0.0052090285714285,1.5599926222222222,16.713564444444444,20.35604888888889,5.660568,0.1638668888888888,0.7256830222222223,1.483414488888889,0.0046972444444444,0.16903028348018534,1.9169657333333332,0.0084400444444444,0.0692392,0.23375358985215627,0.10914897622911442,1.0434666467788722,0.0103839111111111,0.0342108,0.12612245387991494,0.15032591328680628,0.003060046477910905,0.0462536888888888,0.0588057777777777,0.0444796888888888,0.0032376,0.0022536444444444,2.202875,0.26225000000000004,0.22832164239307784,0.012125,0.00075,0.072125,0.43074999999999997,0.18675,0.0735,0.008,0.036875,0.078375,1.8278364447505417,1.101,0.363375,0.01325,0.21475,0.006875,0.056999999999999995,0.050499999999999996,0.10175,0.77825,0.33075,0.7727499999999999,0.182875,0.06025,0.035375000000000004,0.045125,0.259625,0.688375,0.0075,0.00775,0.215375,0.555875,0.049749999999999996,0.087125,0.183875,0.0365,0.06375,0.44137499999999996,0.015125,0.0031894845027509618,0.095875,0.034749999999999996,0.06512499999999999,0.012249999999999999,0.065125,0.035124999999999997,0.036625000000000005,0.05525,0.038625,0.20750000000000002,0.02625,0.013999999999999999,0.14725,0.12612500000000001,0.056374999999999995,0.0010045238095238,0.0041666952380952,0.0093763952380952,0.002354319047619,0.0011692714285714,0.077678938095238,15300.0,15359.0,868.8655466666667,32.158004444444444,134.11134222222225,19.38257777777778,1.3719999999999999,0.2019511111111111,0.005377777777777777,19.956485439999998,16.613507302222224,13.790242311111111,11.935251582222223,10.105260453333333,8.599476088888888,7.248478582222222,6.132976591111111,5.274947497777777,4.695276431111111,4.276015586666667,4.141065435555555,3.8576587777777775,3.53549848,2.621892102222222,7.37180452,2.1280270266666665,0.7728942133333334,0.49012243555555557,0.10633454666666667,0.09084827555555555,0.049954280000000004,0.04626117777777778,0.029877177777777778,0.03211829777777778,0.025171666666666665,0.02157029777777778,0.021971315555555555,0.019859973333333333,0.02025695111111111,0.031518213333333336,0.015521044444444444,0.014022155555555556,0.012825533333333333,0.013547004444444446,0.012757142222222222,1.9864002666666667,9633604.044444444,1940.3584444444448,1.1494606751362204,0.26840117759481247,0.0,0.0003475741113969366,2.646257766782496,0.0282444444444444,0.01594222644893732,0.0516,0.0103839111111111,0.04713920553051415,0.0,0.0,0.0076444444444444,0.20750000000000002,0.0975714285714285,0.0315888888888888,0.0,2.1698049375593764,0.24278844160912394,0.0,0.08246279741396127,0.0,0.10175,0.3339475629092822,0.14877204516481604,0.2096646478247347,0.25523865965781184,0.060432649436956344,0.034058305849862726,0.036451150139582784,0.26913156713895275,0.021083064355680057,0.9560838916942251,0.05954374124195329,0.027809630428016693,0.5809861087506538,0.5174543459146581,0.0,0.0,0.7754848999947397,0.015969754060965218,0.003739693400051769,0.26471262833999165,0.0,0.03875882232625374,0.02963017033126831,0.0081,0.0,0.03210878007383368,0.010283791723137512,0.0101166666666666,0.0951,0.0,0.0,,,,0.06561626462978283,0.06025,1.144095852303038,17.95572030539771,14.876780313010618,19.749427134411484,397.33334,429.29852,1.0,2024-08-16 04:15:00
2024-08-15 22:30:00,24.392,1.0,0.2275326044444444,0.11044272397976171,0.0021385134879009574,0.009241599030306342,1.0166423511111111,3.925637988034188e-06,0.0,0.0,0.0,0.0,0.0,0.0,0.0,0.0,0.0,0.0,0.0,0.0,0.0,0.0,0.0,0.0,0.0,0.036,1308.4924444444443,1.2274666666666667,0.046000000000000006,1.2274666666666667,40.73434,-111.87211,296.10866666666664,25.47822222222222,874.1013333333334,119.63897777777778,0.9062222222222223,467998.3111111112,1974.8484444444443,240.46844444444443,9329551.637333332,0.0009045155555555,1.397777777777778e-05,0.0005463777777777,0.0003363022222222,0.0001713333333333,0.0048983733333333,0.0031115066666666,1.328634977777778,13.159280444444445,17.966407111111113,5.660568,0.1638668888888888,0.7256830222222223,1.483414488888889,0.0046972444444444,0.17018913582199235,1.9169657333333332,0.0084400444444444,0.0692392,0.21972191458579082,0.110772212787972,0.9595570608323334,0.0103839111111111,0.0342108,0.12816089913969375,0.1415130802174467,0.0031519938611749153,0.0462536888888888,0.0588057777777777,0.0444796888888888,0.0032376,0.0022536444444444,2.14775,0.24650000000000002,0.18712700310738495,0.01225,0.0007666666666666667,0.07225,0.4305,0.1875,0.073,0.008,0.03475,0.07375000000000001,1.7038463954823442,0.984,0.32975,0.0125,0.1955,0.00675,0.053,0.048,0.0955,0.7294999999999999,0.2945,0.7095,0.17675000000000002,0.058499999999999996,0.03175,0.04125,0.24925000000000003,0.63675,0.007,0.0075,0.20575,0.5217499999999999,0.0475,0.08225,0.17275000000000001,0.034,0.0585,0.40974999999999995,0.01425,0.003195603659564627,0.09075,0.0315,0.05925,0.0115,0.061250000000000006,0.03325,0.03225,0.0495,0.035250000000000004,0.189,0.0245,0.013,0.1375,0.11825000000000001,0.05275,0.0009151288888888,0.0034887688888888,0.0084028311111111,0.0021685377777777,0.0009484222222222,0.0764662977777777,16200.0,16259.0,868.77012,32.113995555555555,92.90774666666667,14.01567111111111,1.0660622222222222,0.20972888888888888,0.004097777777777778,13.788845706666667,11.369020626666666,9.421833368888889,8.085480595555556,6.899137071111111,5.8326205955555555,4.8603830044444445,4.209848062222222,3.6696959111111114,3.2239424933333334,2.9238118888888893,2.8225387866666667,2.7315273022222226,2.4996620666666667,1.877650488888889,5.56571004,1.702547457777778,0.5884174622222222,0.38573132444444447,0.08258250666666665,0.06593310222222222,0.03646074222222222,0.03134134222222222,0.028375066666666667,0.023498084444444445,0.029425404444444445,0.019567395555555554,0.016001813333333333,0.019315462222222222,0.014344991111111111,0.02620244888888889,0.014769404444444443,0.01327428888888889,0.006813017777777778,0.007376506666666667,0.013894315555555556,1.7595626666666666,9239854.933333332,1932.3451555555555,1.0448965719821433,0.24611205070884565,0.0,0.0003475741113969366,2.6081607475809774,0.0282444444444444,0.01594222644893732,0.0516,0.0103839111111111,0.04713920553051415,0.0,0.0,0.0076444444444444,0.189,0.0975714285714285,0.0315888888888888,0.0,2.0800655156177776,0.22266401974339545,0.0,0.07829934511134688,0.0,0.0955,0.3075185385563993,0.14155354598950926,0.19903060761944422,0.24111533097987517,0.0567256556192262,0.03236218960981752,0.03347101440366425,0.2607576281096215,0.019675702136107077,0.9152640295777211,0.05674500961260512,0.0262206928971202,0.5593919130188435,0.49592270266009186,0.0,0.0,0.7423717273037145,0.014335626863119757,0.003774174517751371,0.24200692213497632,0.0,0.03918097538283963,0.029973420430941925,0.0081,0.0,0.03240589373605819,0.01045595360101452,0.0101166666666666,0.0951,0.0,0.0,,,,0.063177178402845,0.058499999999999996,1.0072390978837735,14.411856481026371,13.086261040011028,23.68749754090223,402.33334,405.63138,1.0,2024-08-16 04:30:00
2024-08-15 22:45:00,28.789777777777772,1.0,0.1926222888888888,0.11102427830195394,0.0021522957889898897,0.009362796992050625,0.9683363333333334,3.012080652014652e-06,0.0,0.0,0.0,0.0,0.0,0.0,0.0,0.0,0.0,0.0,0.0,0.0,0.0,0.0,0.0,0.0,0.0,0.036,1307.8462222222222,1.2650222222222223,0.04084444444444445,1.2650222222222223,40.73434,-111.87211,295.81399999999996,26.145777777777777,874.1,123.8332,0.9351111111111111,466539.1111111111,1975.7364444444445,196.77466666666663,9317635.044888888,0.0007376266666666,6.222222222222219e-07,0.0006529333333333,0.0003504711111111,0.0001637422222222,0.0087346133333333,0.0043838577777777,0.34660144,8.756865777777778,11.187328,5.660568,0.1638668888888888,0.7256830222222223,1.483414488888889,0.0046972444444444,0.17134798816379937,1.9169657333333332,0.0084400444444444,0.0692392,0.2056902393194254,0.11239544934682959,0.8756474748857944,0.0103839111111111,0.0342108,0.1301993443994726,0.13270024714808715,0.0032439412444389254,0.0462536888888888,0.0588057777777777,0.0444796888888888,0.0032376,0.0022536444444444,2.092625,0.23075,0.13069989806898896,0.012375,0.0007833333333333334,0.072375,0.43025,0.18825,0.0725,0.008,0.032625,0.069125,1.7276914027664994,0.867,0.296125,0.01175,0.17625000000000002,0.006625,0.049,0.0455,0.08925,0.68075,0.25825,0.64625,0.170625,0.05675,0.028125,0.037375,0.238875,0.585125,0.006500000000000001,0.00725,0.196125,0.487625,0.04525,0.077375,0.16162500000000002,0.0315,0.053250000000000006,0.378125,0.013375,0.003201722816378292,0.085625,0.028249999999999997,0.05337499999999999,0.01075,0.057375,0.031375,0.027875,0.04375,0.031875,0.17049999999999998,0.02275,0.012,0.12775,0.110375,0.049125,0.0008807022222222,0.0032718044444444,0.0084588799999999,0.0020268577777777,0.0008405866666666,0.0767977333333333,17100.0,17159.0,868.7597466666666,32.25928444444445,96.46501333333332,14.802493333333333,1.1236666666666666,0.2112711111111111,0.004528888888888889,13.79060812,11.488781853333334,9.610725742222224,8.287492991111112,7.1187592888888895,6.029539302222222,5.194583066666667,4.3651301600000005,3.8616094044444442,3.432468671111111,3.0953270133333333,3.0106523600000004,2.904606591111111,2.736051382222222,2.0642857733333333,5.944395613333333,1.886898751111111,0.6993487733333333,0.4625097688888889,0.10360523555555555,0.07250582666666666,0.04115151555555555,0.03146181333333333,0.02729582666666667,0.023887124444444446,0.02495435111111111,0.02118831111111111,0.018579093333333335,0.016688746666666664,0.01711928,0.02273453333333333,0.018954173333333334,0.01567606222222222,0.005770626666666667,0.006497502222222221,0.013097639999999999,1.6491098222222222,9214274.222222222,1933.8862222222224,0.9403324688280663,0.22382292382287886,0.0,0.0003475741113969366,2.570063728379459,0.0282444444444444,0.01594222644893732,0.0516,0.0103839111111111,0.04713920553051415,0.0,0.0,0.0076444444444444,0.17049999999999998,0.0975714285714285,0.0315888888888888,0.0,1.9369244369126983,0.20253959787766695,0.0,0.07413589280873249,0.0,0.08925,0.28108951420351647,0.1343350468142025,0.1883965674141537,0.2269920023019385,0.053018661801496045,0.030666073369772315,0.03049087866774572,0.25238368908029024,0.018268339916534093,0.8744441674612171,0.05394627798325694,0.024631755366223713,0.5377977172870332,0.47439105940552556,0.0,0.0,0.7092585546126894,0.012701499665274292,0.0038086556354509724,0.219301215929961,0.0,0.03960312843942551,0.03031667053061554,0.0081,0.0,0.032703007398282705,0.01062811547889153,0.0101166666666666,0.0951,0.0,0.0,,,,0.06073809217590716,0.05675,0.4263292989710872,10.022348474046115,8.006808582111226,27.74912008334812,407.33334,385.11053,1.0,2024-08-16 04:45:00
2024-08-15 23:00:00,23.69511111111111,1.0,0.2448319955555555,0.11160583262414617,0.0021660780900788225,0.009483994953794907,1.0600699333333332,2.021232592851593e-06,0.0,0.0,0.0,0.0,0.0,0.0,0.0,0.0,0.0,0.0,0.0,0.0,0.0,0.0,0.0,0.0,0.0,0.036,1307.391111111111,1.3982222222222223,0.04644444444444444,1.3982222222222223,40.73434,-111.87211,295.3971111111111,27.720444444444446,874.1,128.0252888888889,1.2093333333333334,473055.6,1994.2293333333332,225.93866666666665,9721839.65911111,0.0005917911111111,3.301333333333333e-05,0.0007577733333333,0.0004770888888888,0.00017344,0.0148677111111111,0.0043360577777777,1.2075559822222224,12.36564977777778,14.37154488888889,5.660568,0.1638668888888888,0.7256830222222223,1.483414488888889,0.0046972444444444,0.1725068405056064,1.9169657333333332,0.0084400444444444,0.0692392,0.19165856405305995,0.11401868590568717,0.7917378889392556,0.0103839111111111,0.0342108,0.13223778965925143,0.12388741407872755,0.0033358886277029356,0.0462536888888888,0.0588057777777777,0.0444796888888888,0.0032376,0.0022536444444444,2.0375,0.21500000000000002,0.16836292871168923,0.0125,0.0008,0.0725,0.43,0.189,0.07200000000000001,0.008,0.0305,0.0645,1.9770977730081079,0.75,0.2625,0.011,0.157,0.006500000000000001,0.045,0.043,0.083,0.632,0.222,0.583,0.1645,0.055,0.0245,0.0335,0.2285,0.5335,0.006,0.007,0.1865,0.4535,0.043,0.0725,0.1505,0.028999999999999998,0.048,0.3465,0.0125,0.003207841973191957,0.0805,0.025,0.0475,0.01,0.053500000000000006,0.0295,0.0235,0.038,0.0285,0.152,0.021,0.011,0.118,0.10250000000000001,0.0455,0.0009043377777777,0.0033137288888888,0.0088010622222222,0.0020237377777777,0.0009643511111111,0.0690566577777777,18000.0,18059.0,868.7723333333332,32.29084888888889,114.034,16.894684444444444,1.2714844444444444,0.21164888888888891,0.004937777777777778,17.240586928888888,14.363785324444445,11.91845680888889,10.180512826666668,8.56859908,7.140813751111111,6.0169926488888885,5.134613333333333,4.370015484444445,3.8323364577777776,3.451765266666667,3.3149783466666665,3.156274622222222,2.8655649155555554,2.200696257777778,6.452537066666666,2.009420684444444,0.7636468888888889,0.5267910711111111,0.11222649333333333,0.07353368888888889,0.04378679111111112,0.03939065333333334,0.03327055111111111,0.026213644444444444,0.02317602222222222,0.022996226666666668,0.018030524444444442,0.017025728888888886,0.022140626666666666,0.024347791111111114,0.022034524444444443,0.01509716,0.007933364444444445,0.009676413333333333,0.014792786666666667,1.7149886666666667,9606836.222222222,1950.0049777777776,0.8357683656739892,0.20153379693691204,0.0,0.0003475741113969366,2.5319667091779405,0.0282444444444444,0.01594222644893732,0.0516,0.0103839111111111,0.04713920553051415,0.0,0.0,0.0076444444444444,0.152,0.0975714285714285,0.0315888888888888,0.0,1.958704588246296,0.18241517601193846,0.0,0.06997244050611809,0.0,0.083,0.2546604898506336,0.1271165476388957,0.1777625272088632,0.2128686736240018,0.049311667983765906,0.02896995712972711,0.027510742931827183,0.24400975005095896,0.016860977696961113,0.8336243053447132,0.051147546353908765,0.02304281783532722,0.5162035215552228,0.4528594161509593,0.0,0.0,0.6761453819216643,0.011067372467428829,0.0038431367531505745,0.19659550972494566,0.0,0.0400252814960114,0.03065992063028916,0.0081,0.0,0.03300012106050722,0.010800277356768537,0.0101166666666666,0.0951,0.0,0.0,,,,0.05829900594896932,0.055,0.9356163148982866,13.620552519521972,10.392689914613001,27.0,406.5,367.25339,1.0,2024-08-16 05:00:00
2024-08-15 23:15:00,26.572,1.0,0.2157437911111111,0.11218738694633838,0.002179860391167755,0.009605192915539188,1.0053732412698413,1.8752134646464644e-06,0.0,0.0,0.0,0.0,0.0,0.0,0.0,0.0,0.0,0.0,0.0,0.0,0.0,0.0,0.0,0.0,0.0,0.036,1307.840888888889,34.43995555555556,0.047155555555555555,34.43995555555556,40.73434,-111.87211,294.83311111111107,28.316,874.1,124.88182222222221,1.3679999999999999,465475.8222222222,1986.6724444444444,185.59377777777777,9528463.569333334,0.0005610603174603,6.840063492063493e-05,0.0007814311111111,0.0004554803174603,0.0001598415873015,0.0131524053968253,0.0044441549206349,0.7428819091630592,10.096864831446332,13.273202679246676,5.660568,0.1638668888888888,0.7256830222222223,1.483414488888889,0.0046972444444444,0.17366569284741346,1.9169657333333332,0.0084400444444444,0.0692392,0.1776268887866945,0.11564192246454474,0.7078283029927167,0.0103839111111111,0.0342108,0.13427623491903026,0.11507458100936799,0.0034278360109669457,0.0462536888888888,0.0588057777777777,0.0444796888888888,0.0032376,0.0022536444444444,1.982375,0.19925,0.11626065239504685,0.012624999999999999,0.0008166666666666667,0.072625,0.42974999999999997,0.18975,0.07150000000000001,0.008,0.028374999999999997,0.059875,1.8842195647315094,0.633,0.228875,0.01025,0.13774999999999998,0.0063750000000000005,0.040999999999999995,0.0405,0.07675,0.58325,0.18575,0.5197499999999999,0.15837500000000002,0.05325,0.020875,0.029625,0.218125,0.481875,0.0055,0.00675,0.176875,0.419375,0.04075,0.06762499999999999,0.139375,0.0265,0.042749999999999996,0.31487499999999996,0.011625,0.003213961130005622,0.075375,0.02175,0.041624999999999995,0.00925,0.049625,0.027624999999999997,0.019125,0.03225,0.025125,0.1335,0.01925,0.009999999999999998,0.10825,0.094625,0.041874999999999996,0.0008738488888888,0.002863405079365,0.0080641584126984,0.0019842406349206,0.0009395685714285,0.0728871717460317,18900.0,18959.0,868.7797288888888,32.288715555555555,105.76077333333335,14.84028,1.1352266666666666,0.21242666666666665,0.004151111111111111,17.49629864888889,14.439914475555556,11.737289564444444,9.922954675555555,8.231811128888888,6.710273942222222,5.45582439111111,4.595406533333333,3.885649528888889,3.363758888888889,2.9327053644444443,2.706496311111111,2.5468156800000004,2.267450688888889,1.7211427955555556,4.934605288888889,1.4917374266666668,0.5150531244444444,0.3425161911111111,0.07443231111111111,0.061104853333333334,0.03733791555555555,0.03500772,0.02669818666666667,0.02532373777777778,0.023103844444444445,0.023585324444444444,0.021750733333333334,0.019492351111111108,0.02380319111111111,0.026863395555555555,0.018647195555555555,0.014811235555555554,0.00924932,0.009538226666666667,0.01248704,1.5963442222222222,9439957.733333334,1944.0024,0.7312042625199122,0.17924467005094524,0.0,0.0003475741113969366,2.493869689976422,0.0282444444444444,0.01594222644893732,0.0516,0.0103839111111111,0.04713920553051415,0.0,0.0,0.0076444444444444,0.1335,0.0975714285714285,0.0315888888888888,0.0,1.8341864739762872,0.16229075414620997,0.0,0.0658089882035037,0.0,0.07675,0.22823146549775072,0.11989804846358892,0.1671284870035727,0.1987453449460651,0.04560467416603575,0.027273840889681905,0.024530607195908646,0.2356358110216277,0.01545361547738813,0.7928044432282093,0.04834881472456059,0.02145388030443073,0.4946093258234124,0.43132777289639307,0.0,0.0,0.6430322092306391,0.009433245269583366,0.003877617870850176,0.17388980351993033,0.0,0.04044743455259729,0.031003170729962774,0.0081,0.0,0.03329723472273173,0.010972439234645547,0.0101166666666666,0.0951,0.0,0.0,,,,0.055859919722031484,0.05325,0.6607441114992413,11.358419021866103,9.56972016533863,25.700863743094963,399.0,364.02005,1.0,2024-08-16 05:15:00
2024-08-15 23:30:00,29.408444444444445,1.0,0.1679798174603174,0.1127689412685306,0.0021936426922566877,0.00972639087728347,0.8909309460317459,2.542902576190476e-06,0.0,0.0,0.0,0.0,0.0,0.0,0.0,0.0,0.0,0.0,0.0,0.0,0.0,0.0,0.0,0.0,0.0,0.036,1308.8822222222223,15.517422222222223,0.0436,15.517422222222223,40.73433755555556,-111.87211,294.58244444444443,27.945777777777778,874.0746666666668,130.4551111111111,1.316888888888889,460649.2,1975.1844444444444,170.31111111111113,9367061.133333333,0.0005456098412698,5.238539682539682e-05,0.0008558939682539,0.0004033384126984,0.000182873015873,0.0164538053968253,0.0040231114285714,0.3268969154327154,7.211680947829948,9.43830368037518,5.660568,0.1638668888888888,0.7256830222222223,1.483414488888889,0.0046972444444444,0.17482454518922047,1.9169657333333332,0.0084400444444444,0.0692392,0.16359521352032907,0.11726515902340234,0.6239187170461777,0.0103839111111111,0.0342108,0.1363146801788091,0.10626174794000842,0.003519783394230956,0.0462536888888888,0.0588057777777777,0.0444796888888888,0.0032376,0.0022536444444444,1.92725,0.1835,0.0965242807392781,0.01275,0.0008333333333333334,0.07275,0.4295,0.1905,0.07100000000000001,0.008,0.02625,0.05525,1.7148962188959054,0.516,0.19525,0.0095,0.1185,0.00625,0.037,0.038,0.07050000000000001,0.5345,0.14950000000000002,0.45649999999999996,0.15225,0.051500000000000004,0.01725,0.02575,0.20775,0.43025,0.005,0.006500000000000001,0.16725,0.38525,0.0385,0.06275,0.12825,0.024,0.0375,0.28325,0.01075,0.0032200802868192872,0.07025,0.0185,0.03575,0.0085,0.04575,0.02575,0.01475,0.026499999999999996,0.02175,0.11499999999999999,0.0175,0.009,0.0985,0.08675,0.03825,0.0008430038095238,0.0025014793650793,0.0074201714285714,0.0019832765079365,0.0009041057142857,0.0791855241269841,19800.0,19859.0,868.72688,32.380093333333335,86.91037333333334,12.755320000000001,1.011511111111111,0.21397777777777777,0.003786666666666667,13.503740333333333,11.151961106666667,9.089519693333333,7.836895057777778,6.627883564444445,5.499045191111111,4.559241924444445,3.9293638266666666,3.345006831111111,2.953943057777778,2.6935468133333336,2.502800035555555,2.359551808888889,2.148995955555556,1.633970702222222,4.561375395555555,1.3717225155555555,0.4639728533333333,0.2739798577777777,0.06031003555555556,0.046327560000000004,0.034660244444444446,0.03196525333333333,0.02630659111111111,0.021234444444444445,0.018166328888888892,0.01603990222222222,0.014541404444444444,0.019928115555555556,0.025932933333333335,0.030061995555555554,0.016799866666666666,0.015824426666666665,0.008525973333333332,0.006066933333333333,0.011214222222222221,1.4456821333333332,9270111.733333332,1933.059288888889,0.6266401593658352,0.15695554316497845,0.0,0.0003475741113969366,2.4557726707749037,0.0282444444444444,0.01594222644893732,0.0516,0.0103839111111111,0.04713920553051415,0.0,0.0,0.0076444444444444,0.11499999999999999,0.0975714285714285,0.0315888888888888,0.0,1.7318236328444443,0.1421663322804815,0.0,0.06164553590088931,0.0,0.07050000000000001,0.20180244114486784,0.11267954928828215,0.15649444679828217,0.18462201626812844,0.041897680348305606,0.0255777246496367,0.021550471459990114,0.22726187199229642,0.014046253257815146,0.7519845811117053,0.04555008309521241,0.01986494277353424,0.473015130091602,0.40979612964182677,0.0,0.0,0.609919036539614,0.007799118071737901,0.003912098988549778,0.15118409731491503,0.0,0.040869587609183175,0.031346420829636394,0.0081,0.0,0.03359434838495625,0.011144601112522554,0.0101166666666666,0.0951,0.0,0.0,,,,0.053420833495093654,0.051500000000000004,0.41467333105989596,8.48169369777627,6.6962934319511485,28.32049740311414,391.5,360.78668,1.0,2024-08-16 05:30:00
2024-08-15 23:45:00,29.33288888888889,1.0,0.1666911631746032,0.11335049559072283,0.0022074249933456205,0.009847588839027751,0.90343603015873,1.7362351173400674e-06,0.0,0.0,0.0,0.0,0.0,0.0,0.0,0.0,0.0,0.0,0.0,0.0,0.0,0.0,0.0,0.0,0.0,0.036,1309.7488888888888,21.634133333333338,0.04693333333333334,21.634133333333338,40.734330444444446,-111.87211,294.3411111111111,28.523555555555557,874.004,128.06004444444446,1.352,461742.0,1979.426222222222,193.47333333333333,9453189.018222222,0.0004387155555555,5.8412698412698415e-06,0.0008351193650793,0.0003846298412698,0.0001735828571428,0.0149062841269841,0.0038242225396825,0.5020253511111111,6.585678222222222,9.097599555555556,5.660568,0.1638668888888888,0.7256830222222223,1.483414488888889,0.0046972444444444,0.1759833975310275,1.9169657333333332,0.0084400444444444,0.0692392,0.14956353825396362,0.11888839558225991,0.5400091310996389,0.0103839111111111,0.0342108,0.1383531254385879,0.09744891487064886,0.003611730777494966,0.0462536888888888,0.0588057777777777,0.0444796888888888,0.0032376,0.0022536444444444,1.872125,0.16775,0.12643648363698032,0.012875,0.0008500000000000001,0.072875,0.42925,0.19125,0.07050000000000001,0.008,0.024125,0.050625,1.7770449425300576,0.399,0.16162500000000002,0.00875,0.09924999999999998,0.006125,0.033,0.035500000000000004,0.06425,0.48575,0.11325000000000002,0.39325,0.146125,0.04975,0.013625000000000002,0.021875,0.197375,0.378625,0.0045000000000000005,0.00625,0.157625,0.351125,0.036250000000000004,0.057874999999999996,0.11712499999999999,0.0215,0.03225,0.251625,0.009874999999999998,0.0032261994436329523,0.065125,0.01525,0.029875,0.00775,0.041874999999999996,0.023875,0.010374999999999999,0.020749999999999998,0.018375,0.0965,0.01575,0.008,0.08875,0.078875,0.034625,0.0008361828571428,0.0022925269841269,0.0072320634920634,0.0020324552380952,0.0009074342857142,0.0743316374603174,20700.0,20759.0,868.629151111111,32.33475111111111,88.54167555555554,13.088755555555556,1.0380933333333333,0.21488,0.003808888888888889,13.623311386666668,11.178317577777777,9.2185714,7.936636324444445,6.74060636,5.604904471111111,4.755465102222222,4.0323849733333335,3.418997697777778,3.0516958222222224,2.7508251466666667,2.6391272088888886,2.414624408888889,2.1461552844444447,1.61858352,4.763011968888889,1.4166701866666667,0.49715151555555553,0.30519368,0.07087541333333333,0.05762250222222222,0.03587558222222222,0.03164086222222222,0.02708213333333333,0.02428583111111111,0.02262015111111111,0.015566475555555554,0.013940297777777777,0.01826755111111111,0.0243408,0.027057524444444443,0.01717944888888889,0.014063586666666666,0.00816004888888889,0.009016648888888888,0.011874106666666667,1.4350934666666668,9357247.555555556,1937.0758666666668,0.5220760562117581,0.13466641627901163,0.0,0.0003475741113969366,2.417675651573385,0.0282444444444444,0.01594222644893732,0.0516,0.0103839111111111,0.04713920553051415,0.0,0.0,0.0076444444444444,0.0965,0.0975714285714285,0.0315888888888888,0.0,1.7994276732526984,0.12204191041475301,0.0,0.05748208359827492,0.0,0.06425,0.17537341679198498,0.10546105011297538,0.14586040659299165,0.17049868759019177,0.03819068653057546,0.023881608409591498,0.01857033572407158,0.21888793296296516,0.012638891038242164,0.7111647189952013,0.04275135146586424,0.018276005242637748,0.45142093435979164,0.3882644863872605,0.0,0.0,0.5768058638485889,0.006164990873892438,0.00394658010624938,0.1284783911098997,0.0,0.041291740665769065,0.03168967092931001,0.0081,0.0,0.03389146204718076,0.011316762990399564,0.0101166666666666,0.0951,0.0,0.0,,,,0.05098174726815582,0.04975,0.5182683921654886,7.857526238665214,6.441009436017962,28.250717126993287,384.0,357.55334,1.0,2024-08-16 05:45:00
