time_local,O3_ppbv,File_Index,HONO_CIMS,PAN_CIMS,APAN_CIMS,PPN_CIMS,HCOOH_CIMS,jNO2_meas,jBrCl,jBr2,jCCl4,jCH2Oa,jCH2Ob,jClNO2,jClOa,jClOb,jCl2,jHNO2,jHNO3,jI2,jNO2,jNO3a,jNO3b,jN2O5,jO3,AOD,Altitude_m,Course_deg,GndSpd_ms,Heading_deg,Lat,Lon,Temp_K,RH_percent,Pressure_mb,WindDir_deg,WindSpd_ms,CO2_Piccaro,CH4_Piccaro,CO_Piccaro,H2O_Piccaro,Br2_CIMS,BrO_CIMS,Cl2_CIMS,ClNO2_CIMS,BrCl_CIMS,NCl3_CIMS,N2O5_CIMS,NO_LIF,NO2_LIF,NOy_LIF,Methanol_PTR,Acetonitrile_PTR,Acetaldehyde_PTR,Ethanol_PTR,Methanethiol_PTR,Acrolein_PTR,Acetone_Propanal_PTR,DMS_PTR,Isoprene_PTR,MVK_MACR_PTR,Benzene_PTR,Toluene_PTR,Styrene_PTR,Benzaldehyde_PTR,C8Aromatics_PTR,C9Aromatics_PTR,Naphthalene_PTR,Octanal_PTR,Monoterpenes_PTR,Nonanal_PTR,C7H4ClF3_PTR,D5_siloxane_PTR,Acetone_WAS,Acrolein_WAS,Benzene_WAS,C2Cl4_WAS,C2HCl3_WAS,CCl4_WAS,CF2Cl2_WAS,CFCl3_WAS,CH2Cl2_WAS,CH3Br_WAS,CycloPentane_WAS,Ethyl_WAS,Ethane_WAS,Ethene_WAS,Ethyne_WAS,Furan_WAS,Isoprene_WAS,Limonene_WAS,MACR_WAS,MethylCycloHexane_WAS,MethylCycloPentane_WAS,Propane_WAS,Propene_WAS,Toluene_WAS,Alpha_Pinene_WAS,Beta_Pinene_WAS,c2Butene_WAS,c2Pentene_WAS,iButane_WAS,iPentane_WAS,iPropylBenzene_WAS,iPropylONO2_WAS,m_p_Xylene_WAS,nButane_WAS,nDecane_WAS,nHeptane_WAS,nHexane_WAS,nNonane_WAS,nOctane_WAS,nPentane_WAS,nPropylBenzene_WAS,nPropylONO2_WAS,o_Xylene_WAS,t2Butene_WAS,t2Pentene_WAS,x123_TriMethylBenzene_WAS,x124_TriMethylBenzene_WAS,x135_TriMethylBenzene_WAS,x13_Butadiene_WAS,x1_Butene_WAS,x1_Pentene_WAS,x224_TriMethylPentane_WAS,x22_DiMethylButane_WAS,x2_EthylToluene_WAS,x2_MethylPentane_WAS,x3_MethylPentane_WAS,x3_x4_EthylToluene_WAS,C4H7NO5_CIMS,ISOPN_CIMS,C5H10O3_CIMS,C5H9NO5_CIMS,C10H17NO4_CIMS,HNO3_CIMS,Time_Start_POPS,Time_Stop_POPS,Press_mb_POPS,Temp_C_POPS,Aerosol_conc_POPS,Surface_area_conc_POPS,Volume_density_POPS,Effective_radius_POPS,Extinction_POPS,Particle_conc_bin01_POPS,Particle_conc_bin02_POPS,Particle_conc_bin03_POPS,Particle_conc_bin04_POPS,Particle_conc_bin05_POPS,Particle_conc_bin06_POPS,Particle_conc_bin07_POPS,Particle_conc_bin08_POPS,Particle_conc_bin09_POPS,Particle_conc_bin10_POPS,Particle_conc_bin11_POPS,Particle_conc_bin12_POPS,Particle_conc_bin13_POPS,Particle_conc_bin14_POPS,Particle_conc_bin15_POPS,Particle_conc_bin16_POPS,Particle_conc_bin17_POPS,Particle_conc_bin18_POPS,Particle_conc_bin19_POPS,Particle_conc_bin20_POPS,Particle_conc_bin21_POPS,Particle_conc_bin22_POPS,Particle_conc_bin23_POPS,Particle_conc_bin24_POPS,Particle_conc_bin25_POPS,Particle_conc_bin26_POPS,Particle_conc_bin27_POPS,Particle_conc_bin28_POPS,Particle_conc_bin29_POPS,Particle_conc_bin30_POPS,Particle_conc_bin31_POPS,Particle_conc_bin32_POPS,Particle_conc_bin33_POPS,Particle_conc_bin34_POPS,Particle_conc_bin35_POPS,Particle_conc_bin36_POPS,HCHO_CRDS,H2O_CRDS,CH4_CRDS,Ethylene,Acetylene,nDecane,Ethylbenzene,Ethane,mpEthyltoluene,oXylene,buta13diene,Styrene,mpXylene,x135_Trimethylbenzene,nPropylbenzene,oEthyltoluene,x224_Trimethylpentane,Toluene,x124_Trimethylbenzene,Isopropylbenzene,Formaldehyde,Benzene,x123_Trimethylbenzene,nHeptane,nNonane,Methylcyclopentane,Propylene,x3_Methylpentane,nHexane,x2_Methylpentane,But1ene,Cyclopentane,nOctane,Isobutane,x22_Dimethylbutane,Propane,Pent1ene,Methylcyclohexane,nButane,nPentane,cis2Pentene,trans2Pentene,Isopentane,cis2Butene,trans2Butene,Isoprene,x23_Dimethylpentane,x3_Methylhexane,x2_Methylhexane,x234_Trimethylpentane,x24_Dimethylpentane,x23_Dimethylbutane,Cyclohexane,Hex1ene,x3_Methylheptane,nUndecane,pDiethylbenzene,mDiethylbenzene,nDodecane,x2_Methylheptane,Alphapinene,Betapinene,NO,NO2,NOy,O3,BLH_Nell_m,BLH_Nell_m_smoothed,jNO2_ratio,time_UTC
2024-08-05 00:00:00,45.87733333333334,1.0,0.0448573679365079,0.21877630569203824,0.004163284473649629,0.029281835382530187,1.5334947085714288,1.6889472033333334e-06,0.0,0.0,0.0,0.0,0.0,0.0,0.0,0.0,0.0,0.0,0.0,0.0,0.0,0.0,0.0,0.0,0.0,0.093,1308.1617777777778,1.7289333333333334,0.04537777777777778,1.7289333333333334,40.73434,-111.87211,299.47711111111107,26.814666666666668,876.8444444444444,141.47711111111113,1.5146666666666666,437965.0222222223,1955.4564444444443,130.08577777777776,12448226.12488889,0.0005448282539682,8.778809523809525e-05,0.0007931634920634,0.0001276126984126,0.0002604809523809,0.0044895822222222,0.0013206212698412,0.0549245217777777,1.3574964,2.357016888888889,7.105648532156732,0.2226087901653901,0.982993741839642,3.1425419215451216,0.003797944078144,0.1369723494616494,3.2981418363969364,0.0052398785214785,0.31098220916860925,0.1830417865467865,0.0549582908424908,0.2819489459651459,0.0121097027084027,0.004403993631457673,0.1266517064602064,0.0515619924297924,0.00034688888888885,0.0180811548895548,0.1309077534021534,0.0383974489732489,0.0042426975024975,0.0029512928515928,3.171,0.14,0.029,0.004,0.0007777777777777778,0.071,0.43,0.195,0.063,0.008,0.005,0.008,1.274,0.085,0.051,0.007,0.137,0.002,0.04,0.006,0.011,0.314,0.035,0.077,0.047,0.022,0.004,0.004,0.06,0.084,0.0008777393099964444,0.007,0.033,0.101,0.008,0.013,0.024,0.005,0.004,0.059,0.002,0.003562878683468125,0.011,0.003,0.006,0.001,0.007,0.005,0.001,0.008,0.004,0.022,0.003,0.001,0.02,0.014,0.005,0.0010355631746031,0.002409993015873,0.0159494809523809,0.0031860498412698,0.0005834844444444,0.1433804225396825,21600.0,21659.0,871.4056400000001,33.085235555555556,225.82500444444443,41.46095555555556,4.242413333333333,0.29363555555555554,0.014142222222222223,25.36224584,22.553951813333335,19.86973064,18.195132044444446,16.296784164444443,14.191202191111111,12.434152102222221,11.199199431111111,9.854538924444446,8.919670377777777,8.277316875555556,7.96308496,7.627964471111111,7.136341204444444,5.926187804444444,19.416459999999997,6.530268528888889,1.77875376,0.8061394444444444,0.16191640888888886,0.15338380444444447,0.09344889777777779,0.08483042666666667,0.08253729777777778,0.0788464311111111,0.07289036,0.07713503555555555,0.06654181333333334,0.06713329777777778,0.08999846666666667,0.12766614666666667,0.08516572888888889,0.07284040888888889,0.04736313777777778,0.04956576888888889,0.07451716444444445,1.684705111111111,12306063.11111111,1906.278355555556,0.24435,0.0665,0.0,0.03194761433608299,1.49355,0.0282444444444444,0.046683047738417985,0.057925,0.0121097027084027,0.15116141759251867,0.0,0.0,0.0076444444444444,0.0593125,0.3007,0.0315888888888888,0.0,1.5969558738195455,0.0550833333333333,0.0,0.0235714285714285,0.0,0.1201499999999999,0.0803,0.0379333333333333,0.0525333333333333,0.0612,0.02775,0.00614,0.0102125,0.068975,0.0,0.3319666666666667,0.0270399999999999,0.0,0.177875,0.16258,0.00626,0.01246,0.2234,0.0,0.0,0.15694,0.0302714285714285,0.0440999999999999,0.0331,0.020625,0.0259,0.0172666666666666,0.0,0.0165,0.1301375,0.0,0.0,,,,0.011508372207712864,0.022,0.2537914238437665,2.644671996570558,1.3904017306499976,45.0,341.83334,249.52301,1.0,2024-08-05 06:00:00
2024-08-05 00:15:00,45.676,1.0,0.0462416812698412,0.22451268001129068,0.0042248551863801,0.030123366765690815,1.4664038774603176,1.7350949697067376e-06,0.0,0.0,0.0,0.0,0.0,0.0,0.0,0.0,0.0,0.0,0.0,0.0,0.0,0.0,0.0,0.0,0.0,0.093,1308.4857777777777,1.5743111111111112,0.043777777777777784,1.5743111111111112,40.73434,-111.87211,299.43177777777777,26.61377777777778,876.9133333333333,128.35982222222222,2.452,438148.84444444446,1956.9524444444444,135.2751111111111,12296902.400888888,0.0006710041269841,6.243299145299146e-05,0.0007118517460317,0.0001449203174603,0.0003007022222222,0.0037537482539682,0.0017791326984126,0.2819143337777778,1.8974481333333333,3.0778066666666666,6.886727688888889,0.2168957777777777,0.9725049777777778,2.368136888888889,0.0036423999999999,0.1251759555555555,3.267250666666667,0.0078386666666666,0.2712872,0.1708190666666666,0.0211886222222222,0.1306382666666666,0.0040665333333333,0.00441121708766186,0.0816649777777777,0.0352341333333333,0.00031025777777774,0.0154640888888888,0.1205553333333333,0.0337773777777777,0.0051305777777777,0.0031339111111111,3.3038749999999997,0.147625,0.06579516460027784,0.004,0.0007916666666666668,0.071,0.428875,0.194625,0.062875,0.008,0.005125,0.01767498241428472,1.3268904859309352,0.08750000000000001,0.05225,0.00725,0.139625,0.002,0.03905945485915105,0.006625,0.0115,0.324875,0.03425,0.08467180886847928,0.043680054691735415,0.016494578520080915,0.00375,0.003875,0.062375,0.08687500000000001,0.000833549012931162,0.007125,0.06037293865382849,0.107375,0.008125,0.013625,0.026250000000000002,0.00525,0.004625,0.06225,0.0024759565607624665,0.003598058601184883,0.021179939733915833,0.0029003672579240415,0.00575,0.001,0.010032880721002016,0.007485936872985012,0.001,0.007625,0.004,0.021374999999999998,0.003,0.001,0.020625,0.0145,0.009034211193376291,0.0010366082539682,0.0023913142857142,0.0149104358730158,0.0032654063492063,0.0005788796825396,0.1426485812698412,22500.0,22559.0,871.4624355555555,32.95106666666667,229.63787999999997,42.621088888888885,4.444404444444444,0.30020444444444444,0.014839999999999999,25.51868239111111,22.786752991111108,20.051703906666667,18.33666399111111,16.53233548,14.503053057777777,12.665753551111111,11.415177226666666,10.08394248,9.171381760000001,8.518265862222222,8.187425995555556,7.847233888888889,7.240491715555555,5.976866599999999,19.897059373333335,6.691541582222222,1.7877522177777778,0.8479990888888889,0.16724922666666667,0.15695285777777776,0.10076315111111112,0.09459155555555557,0.08742581333333334,0.08536491111111112,0.07494528888888889,0.07971753333333333,0.07897002666666667,0.07703880444444446,0.09774174222222222,0.13110456444444446,0.09866278222222222,0.07514788888888889,0.04499190222222223,0.0507192,0.07644864,1.6017847555555556,12149280.444444444,1907.983066666667,0.24622190411268918,0.06668309425457754,0.0,0.04292099258228582,1.50319995116553,0.0282444444444444,0.05735805502353126,0.06749166666666666,0.0040665333333333,0.18728400069199758,0.0,0.0,0.0076444444444444,0.0540234375,0.37123809523809526,0.0315888888888888,0.0,1.4520910404528518,0.05388764603074013,0.0,0.023553397358329203,0.0,0.10700624999999991,0.08450608985165198,0.0393992798784584,0.0552230122051451,0.06331923077930648,0.02778584336785998,0.006549341824680152,0.009607511468839758,0.07577116442040573,0.0002981565012405905,0.37049595317087786,0.027513853482422572,0.0003380521799815156,0.19631753034773314,0.17660988863519766,0.008033333333333333,0.015921666666666667,0.24579760820577165,0.00011556424975539926,0.0202875,0.16204437836630012,0.040610714285714215,0.056515476190476095,0.04349642857142857,0.026716666666666666,0.03361190476190476,0.026884722222222157,0.011240277777777774,0.016845833333333327,0.13436145833333332,0.0,0.0,,,,0.011280688117920531,0.021625,0.388064440977716,3.1830407410677903,1.930477653700009,43.344601324145444,324.33334,249.52301,1.0,2024-08-05 06:15:00
2024-08-05 00:30:00,46.07377777777778,1.0,0.0443500853968254,0.23024905433054316,0.0042864258991105715,0.030964898148851436,1.4576537025396823,2.2323327326007326e-06,0.0,0.0,0.0,0.0,0.0,0.0,0.0,0.0,0.0,0.0,0.0,0.0,0.0,0.0,0.0,0.0,0.0,0.093,1309.507111111111,1.274888888888889,0.04435555555555556,1.274888888888889,40.73433924444444,-111.87211,299.19755555555554,26.730666666666664,877.0382222222222,130.3307111111111,2.6168888888888886,437551.2888888889,1955.207111111111,135.9751111111111,12233369.214222224,0.0007819022222222,4.531015873015873e-05,0.0006746987301587,0.0001321701587301,0.0003251349206349,0.0030988577777777,0.0017536698412698,0.0749290457777778,1.508297111111111,2.187647111111111,7.112454400000001,0.2167809333333333,0.9251035111111112,2.3760210666666666,0.0024524,0.1241142666666666,3.272570488888889,0.0053175111111111,0.2602769777777778,0.1693404888888889,0.0238776888888888,0.1335465777777777,0.0060934666666666,0.004418440543866047,0.0851612444444444,0.0369552444444444,0.00027362666666663,0.0165758666666666,0.1177707555555555,0.0347028444444444,0.0047684,0.0028423555555555,3.43675,0.15525,0.0669825157717902,0.004,0.0008055555555555556,0.071,0.42774999999999996,0.19425,0.06275,0.008,0.00525,0.018224355275181434,1.300688760645894,0.09,0.0535,0.0075,0.14225000000000002,0.002,0.038637958670115505,0.0072499999999999995,0.012,0.33575,0.0335,0.08686404518372827,0.04224804795557516,0.015992027025777133,0.0035,0.00375,0.06475,0.08975,0.0007893587158658796,0.00725,0.06197542220700074,0.11375,0.00825,0.014249999999999999,0.0285,0.0055,0.0052499999999999995,0.0655,0.002683033603330706,0.003633238518901641,0.021912724688666854,0.0028007345158480826,0.0055,0.001,0.010881300904533969,0.007856285370377749,0.001,0.00725,0.004,0.020749999999999998,0.003,0.001,0.02125,0.015,0.00974215228783036,0.0010290809523809,0.0022975488888888,0.0147751387301587,0.0031690926984126,0.0004785063492063,0.1477155469841269,23400.0,23459.0,871.57236,33.130897777777776,227.99696,42.38244888888889,4.397377777777778,0.2991288888888889,0.014697777777777778,25.24476148,22.53682229777778,19.899707444444445,18.182271888888888,16.40670234222222,14.374486764444445,12.532769542222221,11.316211822222222,10.01030276,9.11193172,8.399868408888889,8.115998671111111,7.8092306,7.230696328888889,6.116226351111111,19.831961879999998,6.726329213333333,1.7478257288888888,0.8325355777777778,0.17895031555555554,0.15017719555555556,0.1039314088888889,0.09304679555555556,0.09259295555555556,0.08318563555555555,0.08022419555555556,0.0737769911111111,0.07098779555555555,0.07296311111111112,0.09886635999999999,0.13330593333333335,0.08600475555555556,0.06961748,0.04626814222222222,0.056112284444444445,0.08035278222222222,1.600667511111111,12076814.666666668,1906.289688888889,0.24809380822537835,0.06686618850915507,0.0,0.05389437082848866,1.5128499023310602,0.0282444444444444,0.06803306230864453,0.07705833333333333,0.0060934666666666,0.2234065837914765,0.0,0.0,0.0076444444444444,0.048734374999999996,0.4417761904761905,0.0315888888888888,0.0,1.5186571285333337,0.05269195872814697,0.0,0.023535366145229906,0.0,0.09386249999999992,0.08871217970330396,0.04086522642358349,0.0579126910769569,0.06543846155861298,0.02782168673571996,0.006958683649360304,0.009002522937679518,0.08256732884081144,0.000596313002481181,0.40902523967508897,0.027987706964845246,0.0006761043599630312,0.2147600606954663,0.19063977727039536,0.009806666666666667,0.019383333333333336,0.2681952164115433,0.00023112849951079851,0.040575,0.16714875673260024,0.05094999999999993,0.06893095238095229,0.05389285714285713,0.032808333333333335,0.04132380952380951,0.03650277777777772,0.02248055555555555,0.01719166666666665,0.13858541666666666,0.0,0.0,,,,0.010765805089433669,0.021249999999999998,0.26562485271064673,2.795030601790664,1.2634957423989959,43.711973954311084,306.83334,249.52301,1.0,2024-08-05 06:30:00
2024-08-05 00:45:00,44.68666666666666,1.0,0.0598055898412698,0.2359854286497956,0.004347996611841043,0.031806429532012064,1.5420431825396823,2.2698732698412697e-06,0.0,0.0,0.0,0.0,0.0,0.0,0.0,0.0,0.0,0.0,0.0,0.0,0.0,0.0,0.0,0.0,0.0,0.093,1309.5688888888888,1.4745777777777778,0.04800000000000001,1.4745777777777778,40.73433942222223,-111.87211,298.8593333333333,28.008888888888887,877.08,133.00506666666666,2.893777777777778,440452.5333333333,1959.7884444444448,142.01155555555553,12607207.675111111,0.0008810698412698,1.3157777777777777e-05,0.0007460282539682,0.0002018244444444,0.0003424247619047,0.0033590212698412,0.003080093015873,0.0295998226666666,2.070313822222222,2.831258666666667,7.9096152,0.2126678666666666,1.1204396444444444,3.1952591111111115,0.0027767111111111,0.1456575555555555,3.4139366222222223,0.0080792888888888,0.30167102222222225,0.2137866222222222,0.0448664888888888,0.1772393333333333,0.0071552444444444,0.004425664000070234,0.1173616888888888,0.0495411555555555,0.00023699555555551998,0.0218474222222222,0.1386512888888888,0.0447052444444444,0.0056168,0.0042185777777777,3.569625,0.16287500000000002,0.0762500719010441,0.004,0.0008194444444444445,0.071,0.426625,0.19387500000000002,0.062625,0.008,0.0053750000000000004,0.023284052367295863,1.3620576423737063,0.0925,0.05475,0.00775,0.144875,0.002,0.051308158438383766,0.007875,0.012499999999999999,0.346625,0.03275,0.11979891417908586,0.05298614427544673,0.01976047742147798,0.0032500000000000003,0.003625,0.067125,0.092625,0.0007451684188005972,0.0073750000000000005,0.07673421710071346,0.12012500000000001,0.008375,0.014875,0.03075,0.00575,0.005875,0.06875,0.004197318900828495,0.0036684184366183987,0.02866163816547586,0.0027011017737721237,0.00525,0.001,0.017085514534827827,0.010564520322919194,0.001,0.006875,0.004,0.020125,0.003,0.001,0.021875000000000002,0.0155,0.014919089226520806,0.0011520241269841,0.0030391171428571,0.0181876155555555,0.0039060812698412,0.0007945457142857,0.1421047003174603,24300.0,24359.0,871.60408,33.065911111111106,232.45168888888887,42.62632888888889,4.373804444444445,0.29550666666666664,0.014542222222222224,26.144672364444443,23.344172675555555,20.473184955555556,18.781770635555556,16.787926075555553,14.713890684444443,12.95507744,11.525791857777778,10.120334871111112,9.161366280000001,8.43366279111111,8.133657351111111,7.774056475555556,7.2596557822222225,6.120170124444444,19.87624824888889,6.728796115555555,1.7541947822222221,0.8121688755555555,0.1848003288888889,0.1568205288888889,0.1006206711111111,0.09500828888888888,0.07567446222222222,0.07865006666666667,0.08111249333333334,0.07392969333333334,0.07298929333333334,0.07433126666666667,0.09589786666666668,0.11948864888888888,0.08530919555555556,0.07532064,0.04797103111111111,0.049343200000000004,0.08363742666666667,1.7316883555555556,12446814.666666668,1910.2558666666664,0.2499657123380675,0.0670492827637326,0.0,0.06486774907469149,1.5224998534965906,0.0282444444444444,0.0787080695937578,0.086625,0.0071552444444444,0.2595291668909554,0.0,0.0,0.0076444444444444,0.0434453125,0.5123142857142857,0.0315888888888888,0.0,1.6491791701418317,0.051496271425553804,0.0,0.023517334932130606,0.0,0.08071874999999994,0.09291826955495594,0.04233117296870859,0.0606023699487687,0.06755769233791946,0.027857530103579938,0.007368025474040456,0.008397534406519276,0.08936349326121718,0.0008944695037217715,0.44755452617930014,0.028461560447267917,0.001014156539944547,0.23320259104319946,0.20466966590559305,0.01158,0.022845,0.29059282461731495,0.00034669274926619776,0.0608625,0.17225313509890036,0.06128928571428564,0.08134642857142847,0.0642892857142857,0.038900000000000004,0.04903571428571427,0.04612083333333328,0.033720833333333325,0.017537499999999977,0.142809375,0.0,0.0,,,,0.014626725163164656,0.020874999999999998,0.2388109111604117,3.355399635666073,1.7457432931675179,42.43089017917479,289.33334,249.43832,1.0,2024-08-05 06:45:00
2024-08-05 01:00:00,46.86222222222222,1.0,0.0362301368253968,0.24172180296904805,0.004409567324571515,0.03264796091517269,1.4284812019047617,2.4330776474747475e-06,0.0,0.0,0.0,0.0,0.0,0.0,0.0,0.0,0.0,0.0,0.0,0.0,0.0,0.0,0.0,0.0,0.0,0.093,1308.6755555555553,1.856,0.04773333333333333,1.856,40.73434,-111.87211,298.6562222222222,27.45777777777778,877.0537777777778,121.49702222222223,2.601777777777778,436769.5111111112,1952.8662222222224,127.75555555555556,12331248.627555557,0.0008439514285714,2.0255873015873014e-05,0.0006836396825396,0.000115006031746,0.0003230733333333,0.0029547558730158,0.0012314215873015,0.0224972982222222,0.9743697777777778,1.4114779999999998,6.889094444444444,0.2151968888888888,0.8497869777777777,1.9699184,0.0019267555555555,0.1199858666666666,3.2263059111111114,0.0065377777777777,0.2878008444444445,0.1879864444444444,0.0242461777777777,0.0994494222222222,0.0028236888888888,0.004432887456274421,0.0575066222222222,0.0251324444444444,0.00020036444444440995,0.0145081777777777,0.1270043555555555,0.0301141777777777,0.0045544444444444,0.0023887555555555,3.7024999999999997,0.1705,0.06714522118900243,0.004,0.0008333333333333334,0.071,0.4255,0.1935,0.0625,0.008,0.0055,0.013878949053142717,1.275546079925011,0.095,0.055999999999999994,0.008,0.14750000000000002,0.002,0.04395333627534715,0.0085,0.013,0.35750000000000004,0.032,0.06116217911788431,0.04699655148258435,0.017658476968326977,0.003,0.0035,0.0695,0.0955,0.0007009781217353149,0.0075,0.049300165567451266,0.1265,0.0085,0.0155,0.033,0.006,0.0065,0.07200000000000001,0.0012605627105042301,0.0037035983543351565,0.016116573243191445,0.002601469031696165,0.005,0.001,0.005053262214233484,0.005312256581819083,0.001,0.006500000000000001,0.004,0.0195,0.003,0.001,0.0225,0.016,0.004879104273394954,0.0011106403174603,0.0029372695238095,0.0179760965079365,0.0034486644444444,0.0005815133333333,0.1413776155555555,25200.0,25259.0,871.5956311111112,33.07736444444444,226.14337333333333,42.00409777777778,4.382848888888889,0.3006711111111111,0.014577777777777778,25.13477868444444,22.38744892888889,19.81778501333333,18.131072964444446,16.258378755555555,14.280752431111113,12.58853304,11.24944808888889,9.799784937777778,8.990037048888889,8.260227017777778,8.009201435555555,7.614547915555556,7.2502234266666665,5.988709884444445,19.625261155555556,6.647161604444444,1.7510359111111111,0.8147672622222223,0.17277136,0.1477637511111111,0.10342995999999999,0.09113795555555555,0.07990253777777778,0.08238936000000001,0.07765536888888888,0.07911624888888888,0.06447193333333333,0.07061875111111111,0.09399309333333332,0.1322659422222222,0.09047844888888888,0.07930563111111111,0.051508884444444444,0.05052001777777778,0.07682775555555556,1.603369022222222,12193600.888888888,1904.6647555555555,0.25183761645075664,0.06723237701831014,0.0,0.07584112732089432,1.5321498046621207,0.0282444444444444,0.08938307687887107,0.09619166666666666,0.0028236888888888,0.2956517499904343,0.0,0.0,0.0076444444444444,0.03815625,0.5828523809523809,0.0315888888888888,0.0,1.4878730609495117,0.05030058412296064,0.0,0.02349930371903131,0.0,0.06757499999999994,0.09712435940660792,0.04379711951383369,0.0632920488205805,0.06967692311722595,0.02789337347143992,0.007777367298720608,0.007792545875359036,0.0961596576816229,0.001192626004962362,0.4860838126835113,0.02893541392969059,0.0013522087199260625,0.2516451213909326,0.2186995545407907,0.013353333333333333,0.026306666666666666,0.3129904328230866,0.00046225699902159703,0.08115,0.1773575134652005,0.07162857142857136,0.09376190476190466,0.07468571428571427,0.044991666666666666,0.05674761904761903,0.05573888888888884,0.0449611111111111,0.0178833333333333,0.14703333333333332,0.0,0.0,,,,0.01247314613401758,0.020499999999999997,0.23460950063004316,2.2626685954222765,0.6819249959066972,44.0,271.83334,249.10294,1.0,2024-08-05 07:00:00
2024-08-05 01:15:00,46.59866666666667,1.0,0.0367256022222222,0.2474581772883005,0.004471138037301986,0.03348949229833331,1.4541077225396826,2.2796706836940834e-06,0.0,0.0,0.0,0.0,0.0,0.0,0.0,0.0,0.0,0.0,0.0,0.0,0.0,0.0,0.0,0.0,0.0,0.093,1308.6377777777777,1.7367111111111113,0.044444444444444446,1.7367111111111113,40.73434,-111.87211,298.762,27.19511111111111,877.0662222222222,120.7956,1.666222222222222,437539.15555555554,1954.1226666666664,126.28577777777778,12300859.97688889,0.0007644269841269,2.735396825396825e-05,0.0006943888888888,0.0001044536507936,0.0003259368253968,0.0041768834920634,0.0011452765079365,0.0127497613333333,0.9409804444444444,1.3317417777777778,6.884023955555555,0.2161871111111111,0.8421983999999999,2.122197688888889,0.0021134222222222,0.114118,3.2580232444444444,0.0060454222222222,0.2619053777777778,0.1789339999999999,0.0179671111111111,0.1069219111111111,0.0039036444444444,0.004440110912478608,0.0538839555555555,0.0253535555555555,0.0001637333333333,0.0172269333333333,0.1227669333333333,0.0302783555555555,0.0043184,0.0029384,3.835375,0.178125,0.06437271381494294,0.004,0.0008472222222222223,0.071,0.424375,0.193125,0.062375,0.008,0.005625,0.013309714798297026,1.282108717766409,0.0975,0.057249999999999995,0.00825,0.150125,0.002,0.04137276804813889,0.009125,0.0135,0.368375,0.03125,0.06679481637080137,0.04481739986591813,0.016893720858166084,0.00275,0.003375,0.071875,0.098375,0.0006567878246700325,0.007625,0.04763974766875209,0.132875,0.008624999999999999,0.016125,0.035250000000000004,0.00625,0.007124999999999999,0.07525000000000001,0.0012871658941524405,0.0037387782720519143,0.01535729602480287,0.0025018362896202066,0.00475,0.001,0.005162258738780192,0.005359835246106463,0.001,0.006125,0.004,0.018875,0.003,0.001,0.023125,0.0165,0.004970053452088531,0.0011080212698412,0.0027705914285714,0.0171819514285714,0.0032662688888888,0.0004381739682539,0.1536189422222222,26100.0,26159.0,871.602488888889,33.20509777777777,225.0726711111111,42.72040444444444,4.5907511111111114,0.30874222222222225,0.015053333333333333,24.74254946222222,21.904150724444442,19.60641219111111,17.863429075555555,16.171331422222224,14.165873515555555,12.379721964444446,11.202910631111111,9.867645035555556,8.93600435111111,8.35026688888889,8.072805386666667,7.690880937777778,7.257836764444445,6.0483620488888885,19.810614568888887,6.703260506666667,1.8188295866666666,0.8480298044444444,0.1864374,0.14704634666666666,0.10112448444444445,0.08698240444444445,0.0899819911111111,0.08877995111111112,0.08268358666666667,0.08067949333333332,0.07363688444444444,0.07986236888888888,0.10623128444444443,0.1416865022222222,0.09375522666666666,0.08333051111111112,0.051106813333333334,0.05199830222222222,0.08641763111111112,1.5885963555555556,12145969.333333334,1905.088888888889,0.2537095205634458,0.06741547127288768,0.0,0.08681450556709716,1.5417997558276508,0.0282444444444444,0.10005808416398435,0.10575833333333333,0.0039036444444444,0.3317743330899132,0.0,0.0,0.0076444444444444,0.0328671875,0.6533904761904762,0.0315888888888888,0.0,1.4746307119161062,0.04910489682036748,0.0,0.023481272505932013,0.0,0.05443124999999996,0.1013304492582599,0.04526306605895879,0.0659817276923923,0.07179615389653243,0.0279292168392999,0.008186709123400759,0.007187557344198795,0.10295582210202864,0.0014907825062029523,0.5246130991877225,0.029409267412113263,0.001690260899907578,0.2700876517386657,0.23272944317598837,0.015126666666666667,0.029768333333333334,0.3353880410288583,0.0005778212487769962,0.1014375,0.18246189183150063,0.08196785714285708,0.10617738095238086,0.08508214285714284,0.05108333333333333,0.06445952380952379,0.0653569444444444,0.05620138888888887,0.018229166666666626,0.15125729166666668,0.0,0.0,,,,0.011689624551619388,0.020125,0.22884346568704939,2.2293771503605213,0.6221799563058941,44.19674163724475,254.33333,248.76865,1.0,2024-08-05 07:15:00
2024-08-05 01:30:00,43.400888888888886,1.0,0.0594366088888888,0.25319455160755294,0.004532708750032458,0.03433102368149394,1.634415168888889,1.62819976515873e-06,0.0,0.0,0.0,0.0,0.0,0.0,0.0,0.0,0.0,0.0,0.0,0.0,0.0,0.0,0.0,0.0,0.0,0.093,1308.5382222222222,1.518311111111111,0.0492,1.518311111111111,40.73434,-111.87211,298.60288888888886,28.014222222222223,877.1266666666667,117.02577777777778,1.035111111111111,443495.4666666666,1964.7813333333331,133.73022222222224,12664467.39511111,0.0007529111111111,0.0001178622222222,0.0008760933333333,0.0001478622222222,0.0003962755555555,0.00698776,0.0019346622222222,0.0164032623591038,1.6522351172531171,2.1252524927849925,8.567249664013763,0.2289688142191142,1.1387595870129872,3.455815124064824,0.0037188945165945,0.1386944573870573,3.4776970166833165,0.0073807714951714,0.238139053979354,0.1810288828837828,0.0465564281385281,0.1621794916638916,0.0084790309357309,0.004447334368682795,0.0972005862581862,0.0455642208680208,0.0033295358086358,0.0270488574536574,0.1390666444555444,0.0448380585414585,0.0046959236097236,0.006691637085137,3.96825,0.18575000000000003,0.07699626067081948,0.004,0.0008611111111111111,0.071,0.42325,0.19275,0.06225,0.008,0.00575,0.02011611247968396,1.4194791761805767,0.1,0.058499999999999996,0.008499999999999999,0.15275,0.002,0.04196995350923611,0.00975,0.013999999999999999,0.37925000000000003,0.030500000000000003,0.10844705719118701,0.053199746486201675,0.019835439436314117,0.0025,0.0032500000000000003,0.07425,0.10125,0.0006125975276047501,0.00775,0.06749355028100536,0.13924999999999998,0.008749999999999999,0.016749999999999998,0.037500000000000006,0.006500000000000001,0.00775,0.0785,0.003718830401006958,0.003773958189768672,0.024436058686707084,0.0024022035475442477,0.0045000000000000005,0.001,0.015125088136026331,0.009708763959341544,0.001,0.00575,0.004,0.018250000000000002,0.003,0.001,0.02375,0.016999999999999998,0.013283264858709884,0.0010895244444444,0.0025270977777777,0.0149432888888888,0.0031320311111111,0.0005158844444444,0.1326537466666666,27000.0,27059.0,871.6682533333334,33.233288888888886,230.8394711111111,44.372568888888885,4.838635555555555,0.31401333333333337,0.015835555555555558,25.07886087111111,22.303821755555553,20.033781986666668,18.111376057777775,16.460279662222224,14.48028332888889,12.735182444444444,11.512633866666667,10.110716373333332,9.15329203111111,8.50104792,8.324717768888888,8.078755782222222,7.492951431111111,6.2890541777777775,20.599288053333332,7.012574657777778,1.8917528488888888,0.9049727777777777,0.20673050666666667,0.16483060444444445,0.12147064,0.10140943111111111,0.10725808444444444,0.08858417777777777,0.09082905777777778,0.07757614666666666,0.07922656444444445,0.08741025333333334,0.10528072888888888,0.14258926666666666,0.10515078222222222,0.0834965111111111,0.056723222222222223,0.05239461777777778,0.09310096,1.7867786222222222,12494453.333333332,1913.9669333333331,0.255581424676135,0.06759856552746521,0.0,0.0977878838133,1.5514497069931812,0.0282444444444444,0.11073309144909761,0.11532499999999998,0.0084790309357309,0.36789691618939213,0.0,0.0,0.0076444444444444,0.027578125000000002,0.7239285714285715,0.0315888888888888,0.0,1.72186592588,0.04790920951777431,0.0,0.023463241292832712,0.0,0.04128749999999998,0.10553653910991188,0.04672901260408389,0.06867140656420409,0.07391538467583893,0.02796506020715988,0.008596050948080912,0.006582568813038554,0.10975198652243437,0.001788939007443543,0.5631423856919335,0.029883120894535934,0.002028313079889094,0.2885301820863989,0.24675933181118606,0.0169,0.03323,0.3577856492346299,0.0006933854985323955,0.121725,0.18756627019780076,0.0923071428571428,0.11859285714285704,0.09547857142857141,0.057175000000000004,0.07217142857142855,0.07497499999999994,0.06744166666666665,0.018574999999999953,0.15548125000000002,0.0,0.0,,,,0.014703526584825492,0.01975,0.23100464905254856,2.938546621590656,1.2167444813174035,41.24339406848293,236.83333,248.43437,1.0,2024-08-05 07:30:00
2024-08-05 01:45:00,45.516888888888886,1.0,0.0563973822222222,0.2589309259268054,0.004594279462762928,0.03517255506465456,1.6099387333333333,7.993261666666667e-07,0.0,0.0,0.0,0.0,0.0,0.0,0.0,0.0,0.0,0.0,0.0,0.0,0.0,0.0,0.0,0.0,0.0,0.093,1308.883111111111,1.1644,0.05026666666666667,1.1644,40.73434,-111.87211,298.38244444444445,29.11111111111111,877.228,126.46395555555554,1.7248888888888887,440205.77777777775,1963.7128888888888,132.6391111111111,13125879.203111112,0.0006885244444444,9.430666666666668e-05,0.0007297377777777,0.0001269777777777,0.0002713288888888,0.0038989733333333,0.0018831822222222,0.0628601018583453,1.5906313263218264,2.288003467476968,9.125805893650796,0.2287979859788359,1.1753316058201058,3.4476469526455022,0.0027469037037037,0.1541104497354497,3.497468057671958,0.0072727989417989,0.292440641005291,0.2879271002645502,0.0683103738095238,0.1835603629629629,0.0152441288359788,0.004454557824886982,0.1122959841269841,0.0511689386243386,0.0021636238095238,0.0312830309523809,0.1582993873015873,0.0504261031746031,0.0050793708994709,0.0066165208994708,4.101125,0.19337500000000002,0.08660166510264469,0.004,0.000875,0.071,0.422125,0.19237500000000002,0.062125,0.008,0.005875,0.02248807168766454,1.406010742551345,0.1025,0.05975,0.008749999999999999,0.155375,0.002,0.07244328532706407,0.010374999999999999,0.014499999999999999,0.39012500000000006,0.029750000000000002,0.12456360068421873,0.06309044428971228,0.023306501991640756,0.0022500000000000003,0.003125,0.076625,0.104125,0.0005684072305394677,0.007875,0.07441239518604872,0.145625,0.008875,0.017374999999999998,0.03975,0.00675,0.008375,0.08175,0.00439316709543381,0.00380913810748543,0.027599913592197406,0.0023025708054682887,0.00425,0.001,0.017887928743330377,0.010914786502547756,0.001,0.005375,0.004,0.017625000000000002,0.003,0.001,0.024375,0.017499999999999998,0.01558864188922145,0.0018212577777777,0.0058667733333333,0.0276323777777777,0.0047548888888888,0.0006796622222222,0.1084624533333333,27900.0,27959.0,871.7434933333334,33.15585333333333,230.91320888888887,41.18431555555556,4.0534888888888885,0.28193777777777773,0.013822222222222224,26.534231288888886,23.482786306666664,20.77058577333333,18.743703884444447,16.90833972888889,14.723613742222222,12.80735196,11.318663133333333,10.063120404444444,8.96599939111111,8.21483359111111,8.06036724,7.646341124444445,7.193230657777778,5.850827653333334,19.132743706666666,6.550296333333334,1.7201464044444446,0.8173569022222222,0.15937121777777777,0.1480097288888889,0.08779338666666667,0.09081992,0.08181021333333333,0.07812349333333332,0.07029482222222222,0.05988534222222222,0.06637159111111111,0.06453444,0.08395051999999999,0.1110076488888889,0.08228878666666666,0.06503105777777778,0.044354653333333334,0.043823657777777775,0.07119486222222222,2.010189866666667,12937080.88888889,1913.0964888888889,0.25745332878882415,0.06778165978204274,0.0,0.10876126205950282,1.5610996581587113,0.0282444444444444,0.12140809873421089,0.12489166666666665,0.0152441288359788,0.40401949928887104,0.0,0.0,0.0076444444444444,0.022289062499999998,0.7944666666666667,0.0315888888888888,0.0,1.9300282880000976,0.046713522215181144,0.0,0.023445210079733415,0.0,0.02814374999999998,0.10974262896156387,0.04819495914920899,0.0713610854360159,0.07603461545514542,0.02800090357501986,0.009005392772761064,0.005977580281878313,0.11654815094284009,0.002087095508684133,0.6016716721961447,0.03035697437695861,0.0023663652598706095,0.30697271243413204,0.26078922044638375,0.018673333333333333,0.036691666666666664,0.3801832574404016,0.0008089497482877948,0.14201249999999999,0.19267064856410088,0.10264642857142851,0.13100833333333323,0.10587499999999997,0.06326666666666667,0.0798833333333333,0.0845930555555555,0.07868194444444442,0.018920833333333276,0.15970520833333335,0.0,0.0,,,,0.01825976155937243,0.019375,0.2584856181370588,2.8771234359010665,1.3386911092996292,43.197652272079175,219.33333,248.10008,1.0,2024-08-05 07:45:00
2024-08-05 02:00:00,47.61466666666667,1.0,0.0496167968253968,0.26466730024605784,0.004655850175493401,0.03601408644781519,1.548601820952381,9.01839242063492e-07,0.0,0.0,0.0,0.0,0.0,0.0,0.0,0.0,0.0,0.0,0.0,0.0,0.0,0.0,0.0,0.0,0.0,0.093,1309.2524444444446,1.414,0.048799999999999996,1.414,40.73434,-111.87211,298.81399999999996,29.274222222222225,877.2986666666667,145.96084444444443,2.3217777777777777,437063.7333333333,1959.1248888888888,125.92222222222225,13541399.447555557,0.0007819749206349,9.149777777777778e-05,0.0006204841269841,0.0001561653968253,0.000261879047619,0.0027109384126984,0.0028568688888888,0.028959076,1.3665290666666663,2.005837777777778,7.218889943323344,0.213256262992563,0.9773565377844378,2.150823964846265,0.0017269471084471,0.1500271949494949,3.384932342168942,0.0049609772116772,0.34143935725385727,0.3935346964701965,0.0301989098790098,0.1256267625596625,0.0093759871239871,0.004461781281091169,0.0694181722388722,0.0293905933177933,0.0017161047619047333,0.0247494069708069,0.1309356308691308,0.0366103252636252,0.0085660468309468,0.002354183039183,4.234,0.201,0.027,0.004,0.0008888888888888889,0.071,0.421,0.192,0.062,0.008,0.006,0.006,1.279,0.105,0.061,0.009,0.158,0.002,0.113,0.011,0.015,0.401,0.029,0.056,0.052,0.019,0.002,0.003,0.079,0.107,0.0005242169334741853,0.008,0.026,0.152,0.009,0.018,0.042,0.007,0.009,0.085,0.001,0.0038443180252021878,0.007,0.0022029380633923302,0.004,0.001,0.005,0.004,0.001,0.005,0.004,0.017,0.003,0.001,0.025,0.018,0.004,0.0025248882539682,0.0089607374603174,0.0433147765079365,0.0065948587301587,0.0008926869841269,0.134946366031746,28800.0,28859.0,871.8172577777779,33.23356,231.50562222222223,37.46769777777778,3.150186666666667,0.24292444444444444,0.011319999999999998,28.437659404444446,25.082522422222223,21.736330026666668,19.595318364444445,17.381206706666667,15.065686657777778,12.940970746666666,11.31342848,9.782956213333334,8.812008604444445,7.997784617777778,7.683871226666667,7.231274382222223,6.735347853333334,5.446435164444444,17.14848346666667,5.8534519777777785,1.5723006800000001,0.6671222977777778,0.13074015555555554,0.1133812888888889,0.0678127911111111,0.06753732,0.05699496444444444,0.054136644444444444,0.04336464444444445,0.042271777777777776,0.044239924444444446,0.04697231555555556,0.05890914666666667,0.08461394222222222,0.058296022222222216,0.054638662222222224,0.026640608888888893,0.02529396888888889,0.04566262222222222,2.1341773777777777,13357544.88888889,1907.3515555555557,0.2593252329015133,0.06796475403662028,0.0,0.11973464030570566,1.5707496093242415,0.0282444444444444,0.13208310601932416,0.13445833333333332,0.0093759871239871,0.44014208238834995,0.0,0.0,0.0076444444444444,0.017,0.8650047619047618,0.0315888888888888,0.0,2.008371163090421,0.045517834912587984,0.0,0.02342717886663412,0.0,0.015,0.11394871881321585,0.04966090569433408,0.0740507643078277,0.0781538462344519,0.028036746942879838,0.009414734597441216,0.005372591750718072,0.12334431536324582,0.002385252009924724,0.6402009587003559,0.03083082785938128,0.002704417439852125,0.3254152427818652,0.2748191090815814,0.02044666666666667,0.04015333333333333,0.40258086564617324,0.0009245139980431941,0.1623,0.197775026930401,0.11298571428571423,0.14342380952380943,0.11627142857142855,0.06935833333333333,0.08759523809523806,0.09421111111111106,0.0899222222222222,0.019266666666666602,0.16392916666666668,0.0,0.0,,,,0.013499463005213135,0.019,0.23843188539095625,2.6536781819619346,1.1272689998086207,43.0,206.5,247.76579,1.0,2024-08-05 08:00:00
2024-08-05 02:15:00,45.962222222222216,1.0,0.061539845079365,0.2704036745653103,0.004717420888223872,0.03685561783097581,1.602957255873016,1.5913022893097642e-06,0.0,0.0,0.0,0.0,0.0,0.0,0.0,0.0,0.0,0.0,0.0,0.0,0.0,0.0,0.0,0.0,0.0,0.093,1308.7400000000002,6.6748,0.04697777777777778,6.6748,40.73434,-111.87211,299.3637777777777,28.752888888888886,877.3417777777778,155.7373777777778,2.188888888888889,438913.0222222222,1963.8262222222224,129.68044444444445,13649283.884444444,0.0008464066666666,0.0001188053968253,0.0006630961904761,0.000283699047619,0.0002869114285714,0.0034373974603174,0.0053677815873015,0.0137312546666666,1.7991793777777778,2.5457013333333336,7.786907288888889,0.2089400888888888,1.0983479111111112,2.7113305333333333,0.0017336444444444,0.1632253777777777,3.494330977777778,0.0073617777777777,0.32438173333333337,0.3982092888888889,0.0300224444444444,0.1503831555555555,0.0072654666666666,0.004469004737295356,0.0940023555555555,0.0388940444444444,0.0012685857142856667,0.0244783555555555,0.1042742666666666,0.0386503555555555,0.0093182666666666,0.0037707555555555,4.15075,0.19575,0.06969571838516764,0.00675,0.0009027777777777778,0.071,0.421875,0.192,0.0625,0.008125,0.02635,0.019613570391672393,1.3821705491061174,0.34009354854929574,0.2197,0.008499999999999999,0.13237266919483376,0.002125,0.10388128130014189,0.07636651934850684,0.06568614487749647,1.216675,0.15310048986298275,0.09955517615934728,0.03530729623456394,0.01355622483231917,0.011927088002617558,0.004125,0.3095625,0.691390041182699,0.0007086898167899122,0.008125,0.06602766893131345,0.8432868968687154,0.011875,0.06797142857142856,0.16279227001087748,0.008875000000000001,0.058195285356958046,0.4778938578604718,0.00291630208178014,0.0038794979429189456,0.02376573929629716,0.002677570805468289,0.005625,0.0016250000000000001,0.011837030631227694,0.008273476138660857,0.0015,0.021359646986415654,0.015916541136845513,0.08415707593128093,0.011008333333333325,0.0016250000000000001,0.08977642693424237,0.07613481699687705,0.010539634905347987,0.0026263641269841,0.0089743009523809,0.0413755501587301,0.0076395955555555,0.0011425184126984,0.1574705234920634,29700.0,29759.0,871.8626177777777,33.150600000000004,239.61714222222224,38.253257777777776,3.10996,0.23466222222222222,0.0116,29.85337261777778,26.26128055111111,22.745583408888887,20.333546364444445,17.845817382222222,15.723251444444445,13.3975592,11.646016057777778,10.140730386666666,9.008586271111112,8.181892888888889,7.806509551111111,7.359881773333333,6.76779192,5.57820588,17.612173671111112,6.013385235555556,1.6216307644444443,0.7100900400000001,0.14377669777777777,0.10727763111111112,0.07525714666666666,0.06534657333333334,0.05634572,0.04956887555555556,0.04633646222222222,0.043872737777777775,0.04175092444444444,0.04144968888888889,0.05933770666666667,0.0848683288888889,0.05303029777777778,0.043705520000000005,0.026633484444444445,0.027355813333333333,0.04397978222222222,2.1746920000000003,13457444.88888889,1911.5557333333331,0.46943142467613497,0.2249235655274652,0.0,0.1307080185519085,2.936624706993181,0.0282444444444444,0.14275811330443744,0.144025,0.0072654666666666,0.47626466548782886,0.0,0.0,0.0076444444444444,0.096753125,0.935542857142857,0.0315888888888888,0.0,2.0708322188550805,0.10801754285110764,0.0,0.07204181272140414,0.0,0.0717875,0.20442820577657855,0.10294984593741721,0.18951307323087074,0.17198621800917224,0.038583810207159876,0.028911050948080913,0.03329819381303856,0.34282073652243433,0.010547272340776867,1.3960757190252668,0.040713120894535965,0.04424974165131765,0.7628676820863989,0.5423193318111861,0.022220000000000004,0.043615,0.77742064923463,0.005399635498532396,0.1825875,0.16754627019780075,0.12332499999999995,0.15583928571428562,0.1266678571428571,0.07545,0.09530714285714281,0.10382916666666663,0.10116249999999997,0.019612499999999925,0.16815312500000001,0.0,0.0,,,,0.008270233542282967,0.019125,0.2294240559347012,3.0850600822686274,1.531779880896087,43.60894542897971,199.0,247.43152,1.0,2024-08-05 08:15:00
2024-08-05 02:30:00,46.684444444444445,1.0,0.0541763323809523,0.2761400488845627,0.004778991600954343,0.03769714921413644,1.624444390793651,1.8513914494708995e-06,0.0,0.0,0.0,0.0,0.0,0.0,0.0,0.0,0.0,0.0,0.0,0.0,0.0,0.0,0.0,0.0,0.0,0.093,1308.4813333333334,20.129466666666666,0.049288888888888896,20.129466666666666,40.73434,-111.87211,299.0504444444444,30.01822222222222,877.4422222222222,135.47884444444446,2.3346666666666667,438322.5333333333,1962.739555555556,126.30488888888888,14044553.308,0.0008424288888888,0.0001241263492063,0.0005969603174603,0.0001659793650793,0.0002582653968253,0.0030153073015873,0.0030497298412698,0.0150742315555555,1.2649955111111113,2.039397777777778,7.841329822222222,0.1998649777777777,1.0749136888888888,2.288840622222222,0.0019126666666666,0.1632323555555555,3.4634698666666663,0.0081019555555555,0.3358294666666667,0.4408242222222222,0.0204398666666666,0.1238923555555555,0.0063001777777777,0.004476228193499543,0.0750638222222222,0.0322282222222222,0.0008210666666666,0.0244344444444444,0.1304198222222222,0.0404440444444444,0.0054814222222222,0.0027791555555555,4.0675,0.1905,0.06546455331529719,0.0095,0.0009166666666666668,0.071,0.42274999999999996,0.192,0.063,0.00825,0.0467,0.016637734384163147,1.345863200528683,0.5751870970985915,0.3784,0.008,0.10674533838966753,0.0022500000000000003,0.11602946333423185,0.1417330386970137,0.11637228975499293,2.03235,0.2772009797259655,0.0795868538027299,0.04875300135187142,0.01827488922686618,0.021854176005235114,0.00525,0.540125,1.275780082365398,0.000893162700105639,0.00825,0.057347356163064314,1.5345737937374306,0.01475,0.11794285714285711,0.283584540021755,0.01075,0.10739057071391608,0.8707877157209435,0.002114297642233926,0.003914677860635703,0.019796398964214208,0.003152203547544248,0.00725,0.0022500000000000003,0.008551119526093907,0.006839125254543103,0.002,0.0377192939728313,0.027833082273691027,0.15131415186256186,0.019016666666666647,0.0022500000000000003,0.15455285386848472,0.1342696339937541,0.007797795956676173,0.00306696,0.0104297396825396,0.0493698542857142,0.0078848301587301,0.0011151044444444,0.1568405692063492,30600.0,30659.0,871.9795866666666,33.482639999999996,235.60486666666665,35.990991111111114,2.6629733333333334,0.2133377777777778,0.010306666666666667,29.945352968888887,26.269904755555554,22.94394064,20.34046020888889,17.867631857777777,15.492831146666667,13.197085457777778,11.479430853333332,9.873509568888888,8.766833666666667,7.926021031111111,7.570494662222222,7.092330039999999,6.480550826666667,5.369589515555556,16.436990764444445,5.563545631111111,1.5077179333333333,0.6618556222222222,0.11923924444444443,0.09405864,0.06234275555555556,0.04946960444444445,0.04821399111111111,0.041570857777777775,0.04289485777777778,0.037220231111111106,0.03593117333333333,0.03130938666666667,0.04989252444444445,0.056364120000000004,0.03747543111111111,0.030309786666666665,0.022173115555555557,0.02708573333333333,0.03332231555555556,2.306240133333333,13845765.333333334,1909.2092444444445,0.6795376164507567,0.3818823770183101,0.0,0.14168139679811134,4.302499804662121,0.0282444444444444,0.15343312058955072,0.15359166666666665,0.0063001777777777,0.5123872485873078,0.0,0.0,0.0076444444444444,0.17650624999999998,1.0060809523809524,0.0315888888888888,0.0,2.1126484935022223,0.1705172507896273,0.0,0.12065644657617416,0.0,0.128575,0.2949076927399412,0.15623878618050036,0.30497538215391384,0.2658185897838926,0.04913087347143992,0.04840736729872061,0.06122379587535904,0.5622971576816229,0.01870929267162901,2.1519504793501776,0.05059541392969064,0.08579506586278317,1.2003201213909325,0.8098195545407907,0.023993333333333332,0.04707666666666667,1.1522604328230868,0.009874756999021597,0.202875,0.1373175134652005,0.13366428571428565,0.1682547619047618,0.1370642857142857,0.08154166666666667,0.10301904761904757,0.11344722222222219,0.11240277777777774,0.01995833333333325,0.17237708333333335,0.0,0.0,,,,0.013104683825319808,0.01925,0.23021847731081246,2.5524422946515424,1.1524149557258068,44.27596277425254,191.5,247.09723,1.0,2024-08-05 08:30:00
2024-08-05 02:45:00,43.12844444444444,1.0,0.0885625146031746,0.2818764232038152,0.004840562313684815,0.03853868059729706,1.8687840726984128,9.609428103174604e-07,0.0,0.0,0.0,0.0,0.0,0.0,0.0,0.0,0.0,0.0,0.0,0.0,0.0,0.0,0.0,0.0,0.0,0.093,1309.0906666666667,1.0031555555555556,0.04888888888888889,1.0031555555555556,40.73434022222223,-111.87211,298.5971111111111,30.52488888888889,877.4951111111111,112.88453333333334,1.2715555555555556,444675.5111111112,1983.1791111111115,136.584,14189320.804888887,0.0006469273015873,0.0001018568253968,0.0008482688888888,0.0003095758730158,0.0002254253968253,0.0059603504761904,0.0048218863492063,0.0136284142222222,2.195069688888889,2.813252444444444,10.019041688888889,0.2063548444444444,1.4625972444444446,4.612918088888889,0.0026383111111111,0.2008271555555555,3.794517911111112,0.0110320444444444,0.29671057777777776,0.4234216,0.0548206222222222,0.2254560444444444,0.0212758222222222,0.00448345164970373,0.143258,0.0705022222222222,0.0039447111111111,0.0371553777777777,0.1545746666666666,0.0594939555555555,0.0068580444444444,0.0076692888888888,3.98425,0.18525,0.08064529646770559,0.01225,0.0009305555555555556,0.071,0.423625,0.192,0.0635,0.008375,0.06705,0.027353172911623824,1.6302489874948805,0.8102806456478873,0.5371,0.0075,0.0811180075845013,0.002375,0.11106852109897346,0.20709955804552055,0.16705843463248943,2.848025,0.4013014695889483,0.15614386527314725,0.06117495638986337,0.02263427658788948,0.03178126400785267,0.0063750000000000005,0.7706875,1.860170123548097,0.0010776355834213659,0.008375,0.08860356706735982,2.2258606906061464,0.017625000000000002,0.16791428571428565,0.4043768100326324,0.012625,0.15658585607087414,1.2636815735814153,0.006719268626437375,0.003949857778352462,0.03408926396607473,0.0036268362896202063,0.008875000000000001,0.002875,0.027418253608761357,0.015074920316059354,0.0025,0.05407894095924696,0.03974962341053655,0.21847122779384276,0.02702499999999997,0.002875,0.2193292808027271,0.19240445099063114,0.023540961679220818,0.0028176168253968,0.0089534225396825,0.0470485387301587,0.0072180603174603,0.001149786031746,0.1562350749206349,31500.0,31559.0,872.0383111111112,33.36381333333333,242.18047555555555,38.12363111111111,3.055511111111111,0.22853333333333334,0.011284444444444446,30.399601924444443,26.70142384,23.358001066666667,20.794108773333335,18.328574133333333,15.93807984888889,13.591288293333331,11.804133733333334,10.186377599999998,9.009873559999999,8.22788360888889,7.859319377777778,7.296771355555555,6.816404666666667,5.5508898844444445,17.206957675555554,5.812774431111111,1.6134170533333332,0.7153486977777778,0.12474543111111111,0.1146165511111111,0.06786535555555555,0.06058624444444445,0.057142622222222224,0.04785147111111111,0.049136573333333336,0.04575720888888889,0.038956995555555554,0.043080719999999996,0.055494586666666665,0.0701682,0.05029423555555556,0.042063382222222216,0.027877724444444443,0.029633693333333332,0.04396840444444445,2.487309777777777,13987151.11111111,1927.5886666666663,0.8896438082253784,0.5388411885091551,0.0,0.15265477504431416,5.66837490233106,0.0282444444444444,0.16410812787466397,0.16315833333333332,0.0212758222222222,0.5485098316867867,0.0,0.0,0.0076444444444444,0.256259375,1.0766190476190476,0.0315888888888888,0.0,2.401830377006984,0.23301695872814693,0.0,0.1692710804309442,0.0,0.18536250000000004,0.3853871797033039,0.20952772642358347,0.4204376910769569,0.35965096155861287,0.05967793673571996,0.06790368364936031,0.08914939793767952,0.7817735788408114,0.026871313002481155,2.9078252396750885,0.06047770696484532,0.1273403900742487,1.6377725606954665,1.0773197772703953,0.025766666666666667,0.05053833333333333,1.5271002164115433,0.014349878499510799,0.22316249999999999,0.10708875673260025,0.14400357142857137,0.18067023809523802,0.14746071428571425,0.08763333333333333,0.11073095238095232,0.12306527777777775,0.12364305555555552,0.020304166666666575,0.17660104166666668,0.0,0.0,,,,0.01757104118816199,0.019375,0.229363221941152,3.4797897527073944,1.7322515270699292,40.991774602235395,184.0,246.76294,1.0,2024-08-05 08:45:00
2024-08-05 03:00:00,33.62711111111111,1.0,0.1904389126984127,0.2876127975230676,0.004902133026415286,0.039380211980457686,2.2202309453968256,9.180739393939393e-07,0.0,0.0,0.0,0.0,0.0,0.0,0.0,0.0,0.0,0.0,0.0,0.0,0.0,0.0,0.0,0.0,0.0,0.093,1309.5844444444444,1.7856444444444444,0.0492,1.7856444444444444,40.734341111111114,-111.87211,298.3255555555555,30.14755555555556,877.6111111111112,99.44248888888889,0.5186666666666667,456879.06666666665,2039.7093333333328,174.38933333333335,13887651.727111112,0.0005693079365079,0.0001204228571428,0.0015979282539682,0.0013038736507936,0.0002761644444444,0.0152547904761904,0.0477234441269841,0.0731660937777777,6.868183111111111,7.393921333333334,14.036572177777778,0.2366257777777777,2.573170755555556,10.852531377777778,0.0042937333333333,0.2907557333333333,4.718235733333334,0.0126926666666666,0.15762871111111112,0.3404344888888889,0.1665342222222222,0.5434131111111111,0.0742097777777777,0.004490675105907917,0.3637774222222222,0.2022944888888888,0.0184633777777777,0.0704294222222222,0.1457959999999999,0.1003237777777777,0.0160929333333333,0.0196104888888888,3.901,0.18,0.27079265893492716,0.015,0.0009444444444444445,0.071,0.4245,0.192,0.064,0.0085,0.0874,0.06200367226412689,6.8719671293329325,1.045374194197183,0.6958,0.006999999999999999,0.05549067677933505,0.0025,0.08741149635660547,0.2724660773940274,0.21774457950998588,3.6637,0.525401959451931,0.3958145887984649,0.056660408474737654,0.02104993152612257,0.04170835201047023,0.007500000000000001,1.00125,2.444560164730796,0.0012621084667370926,0.0085,0.18967673480804104,2.9171475874748616,0.020499999999999997,0.2178857142857142,0.5251690800435099,0.014499999999999999,0.2057811414278322,1.656575431441887,0.02257597458720455,0.003985037696069219,0.08030808256348272,0.004101469031696165,0.0105,0.0035,0.09238513363851165,0.043433965593777005,0.003,0.07043858794566261,0.05166616454738206,0.2856283037251237,0.0350333333333333,0.0035,0.28410570773696947,0.2505392679875082,0.07775080374127673,0.0020162539682539,0.0052125425396825,0.0302677771428571,0.0056207377777777,0.001486752063492,0.1294613152380952,32400.0,32459.0,872.1587155555555,33.40309333333333,294.53786222222226,51.58846666666667,5.055173333333333,0.28256,0.017084444444444444,34.92161432444445,30.918414946666665,27.21598844,24.541836,21.857711626666667,19.144538982222223,16.40550544888889,14.699818862222223,12.558151635555557,11.274135382222223,10.252096986666666,9.892506062222221,9.285601128888889,8.65233335111111,7.097847035555556,23.17100876,7.699549977777778,2.128353302222222,1.0107995866666666,0.20750177333333333,0.18922730666666665,0.12305452,0.11737182222222223,0.10559951999999999,0.09297034666666668,0.09450932,0.08253646222222223,0.08287660444444445,0.08263576444444444,0.10616798666666667,0.14863570222222222,0.10133734222222221,0.07921546666666666,0.05410005777777778,0.05923003555555555,0.08300339999999999,2.7828192888888887,13720245.333333332,1984.0255555555557,1.09975,0.6958,0.0,0.163628153290517,7.03425,0.0282444444444444,0.17478313515977725,0.172725,0.0742097777777777,0.5846324147862656,0.0,0.0,0.0076444444444444,0.3360125,1.1471571428571428,0.0315888888888888,0.0,2.772848489444579,0.2955166666666666,0.0,0.2178857142857142,0.0,0.24215,0.4758666666666666,0.2628166666666666,0.5358999999999999,0.4534833333333333,0.070225,0.0874,0.117075,1.00125,0.0350333333333333,3.6637,0.07036,0.1688857142857142,2.075225,1.34482,0.02754,0.054,1.90194,0.018825,0.24345,0.07686,0.1543428571428571,0.1930857142857142,0.1578571428571428,0.093725,0.1184428571428571,0.1326833333333333,0.1348833333333333,0.0206499999999999,0.180825,0.0,0.0,,,,0.015947819701773072,0.0195,0.2645820002494872,8.139202901515278,5.164471370670226,33.0,169.5,246.34509,1.0,2024-08-05 09:00:00
2024-08-05 03:15:00,28.640888888888888,1.0,0.2393575926984127,0.29334917184232007,0.0049637037391457575,0.040221743363618306,2.319617133015873,4.5862e-08,0.0,0.0,0.0,0.0,0.0,0.0,0.0,0.0,0.0,0.0,0.0,0.0,0.0,0.0,0.0,0.0,0.0,0.093,1309.739111111111,1.6530666666666667,0.04546666666666667,1.6530666666666667,40.734339600000006,-111.87211,297.9833333333333,30.781333333333333,877.6893333333334,112.9319111111111,0.7795555555555556,463855.0666666667,2095.059555555556,242.06622222222225,14029868.118222222,0.0007433206349206,0.0001200838095238,0.0016585511111111,0.0020467031746031,0.0003623711111111,0.0164584933333333,0.0582889447619047,0.0548267297777777,9.796311555555556,10.486995111111112,15.700694044444443,0.2385324444444444,3.1324878666666667,12.683847555555555,0.0073500444444444,0.3389681777777777,5.098895466666667,0.0079625333333333,0.13174911111111112,0.3302032,0.2968748,0.8494007555555555,0.0873160888888889,0.004497898562112104,0.5287752,0.2767125777777777,0.0291831555555555,0.082902,0.1417726222222222,0.1203969777777777,0.0190636,0.0228362222222222,3.81775,0.17475000000000002,0.18752375921335854,0.01775,0.0009583333333333334,0.071,0.425375,0.192,0.0645,0.008624999999999999,0.0708,0.08792998448841674,3.3039609536153876,0.8502806456478873,0.54885,0.0065,0.06186800758450129,0.002625,0.0844948765207048,0.21334955804552055,0.1783084346324894,2.996025,0.40980146958894825,0.6264629618717086,0.05459133210492872,0.020323805457564917,0.032781264007852674,0.008625,0.7974375,1.914420123548097,0.0014465813500528196,0.008624999999999999,0.26530203756875365,2.278360690606146,0.023375,0.17791428571428566,0.42537681003263245,0.016375,0.16208585607087414,1.3086815735814152,0.0315296543706922,0.0040202176137859764,0.11489008120667552,0.004576101773772124,0.012125,0.004125,0.12906946402578584,0.059447241680901125,0.0035,0.05557894095924696,0.04174962341053654,0.23447122779384277,0.028774999999999974,0.004125,0.2345792808027271,0.20490445099063115,0.10836104322847002,0.0020178123809523,0.0045494793650793,0.0238248063492063,0.0060757136507936,0.0016594298412698,0.1048982041269841,33300.0,33359.0,872.2330488888889,33.28929333333333,323.51191555555556,57.47153777777778,5.802266666666666,0.2940711111111111,0.019382222222222224,38.70566966222222,34.020623182222224,30.121920506666665,26.903146386666666,24.130176715555553,20.943867746666665,18.073972466666667,15.90715676,13.7925816,12.36847231111111,11.099831764444444,10.717504777777778,10.075670857777778,9.35476452888889,7.725802182222223,25.348559462222223,8.566709693333333,2.367680017777778,1.1538732044444444,0.25191747555555555,0.22269734666666666,0.15975441333333334,0.14179897333333333,0.12717816,0.09983993333333332,0.10380382666666667,0.09951485333333335,0.09575774666666667,0.09387840888888889,0.11867984,0.1763778488888889,0.11542486222222222,0.09349149777777778,0.06318483555555555,0.06796899555555556,0.10247590222222222,3.044156,13821070.222222222,2035.7581333333333,0.9256,0.5511375,0.0,0.142153282435243,6.3276875,0.0282444444444444,0.15389217544951272,0.1557625,0.0873160888888889,0.5139406196420818,0.0,0.0,0.0076444444444444,0.30094375,1.0091142857142856,0.0315888888888888,0.0,2.917429500728156,0.26248749999999993,0.0,0.1851464285714285,0.0,0.20112916666666664,0.39118333333333327,0.22894583333333327,0.46057499999999996,0.39428749999999996,0.05905,0.07539,0.09615,0.8292062499999999,0.0296708333333333,3.1245666666666665,0.061965000000000006,0.13653214285714277,1.7554,1.162105,0.02453,0.04693,1.6455250000000001,0.0193375,0.19090625,0.08122,0.1375285714285714,0.17025357142857134,0.13904999999999995,0.08554375,0.10159642857142853,0.11743749999999997,0.11229166666666662,0.019349999999999926,0.171109375,0.0,0.0,,,,0.015203876059221234,0.019625,0.25373357619511716,11.058746884882785,7.48206066937715,27.611611892168806,147.0,245.92723,1.0,2024-08-05 09:15:00
2024-08-05 03:30:00,27.350666666666665,1.0,0.2473773022222222,0.2990855461615725,0.005025274451876229,0.041063274746778934,2.1672115822222224,4.5862e-08,0.0,0.0,0.0,0.0,0.0,0.0,0.0,0.0,0.0,0.0,0.0,0.0,0.0,0.0,0.0,0.0,0.0,0.093,1309.7635555555557,1.5344000000000002,0.048266666666666666,1.5344000000000002,40.734333066666665,-111.87211,297.7077777777778,31.338666666666665,877.6675555555556,116.99537777777778,1.1026666666666667,461240.0444444444,2147.867555555556,207.0942222222222,14062241.212888887,0.00083792,0.0001122133333333,0.0015736888888888,0.0028042977777777,0.0003905866666666,0.0148327511111111,0.0779784044444444,0.0254839866666666,12.504977777777777,13.442364,15.61272493973804,0.2409127916860917,3.2065475789654787,11.37730829013209,0.0077974549894549,0.3658315858807858,5.13265461966922,0.0066395041514041,0.10248916921966922,0.3443372234654234,0.355259595948496,1.0384030649572649,0.0744068336885337,0.0045051220183162915,0.5658398501165501,0.2768089267954268,0.0413583273726273,0.0742843118992118,0.1217152449439449,0.1090309923298923,0.0186159592518592,0.0189499358752358,3.7345,0.1695,0.21330343092149445,0.0205,0.0009722222222222223,0.071,0.42625,0.192,0.065,0.008749999999999999,0.054200000000000005,0.09375400045001331,4.186336941424329,0.6551870970985916,0.4019,0.006,0.06824533838966752,0.00275,0.08852404368116959,0.1542330386970137,0.13887228975499294,2.32835,0.2942009797259655,0.7689297443123472,0.04427655490552072,0.01670391557571107,0.023854176005235116,0.009750000000000002,0.593625,1.384280082365398,0.0016310542333685465,0.008749999999999999,0.2822902990140633,1.6395737937374308,0.026250000000000002,0.1379428571428571,0.32558454002175496,0.01825,0.1183905707139161,0.9607877157209435,0.03154124669003772,0.004055397531502735,0.12265848692282562,0.005050734515848082,0.013750000000000002,0.00475,0.12911695918789898,0.059467974051798766,0.004,0.040719293972831305,0.03183308227369103,0.18331415186256186,0.02251666666666665,0.00475,0.18505285386848475,0.1592696339937541,0.10840067427179066,0.0025634222222222,0.0053993333333333,0.0252292444444444,0.0076742266666666,0.0016446088888888,0.1021555244444444,34200.0,34259.0,872.2300977777777,33.40340444444444,337.11045333333334,57.863719999999994,5.608368888888889,0.27913777777777776,0.019004444444444445,41.88738117777778,37.04272525333333,32.15741164,28.89649069333333,25.414866595555555,21.838843311111113,18.757530826666667,16.35639715111111,14.135116022222222,12.556223053333333,11.297138964444445,10.705250982222223,10.096665257777778,9.283301182222223,7.673099191111111,25.02962565777778,8.37690475111111,2.3678050977777776,1.1564073422222223,0.24398840000000002,0.22465096444444443,0.15735318222222222,0.13682036888888888,0.12128814222222223,0.10979145333333333,0.10807841777777778,0.09978734222222221,0.09689990666666666,0.0906463511111111,0.11546095555555556,0.16610888,0.10920600444444445,0.08551505777777778,0.05918071999999999,0.06432998666666667,0.09207813777777778,3.028995911111111,13860386.666666666,2092.7847555555554,0.75145,0.406475,0.0,0.12067841157996897,5.621125,0.0282444444444444,0.13300121573924817,0.13879999999999998,0.0744068336885337,0.4432488244978981,0.0,0.0,0.0076444444444444,0.265875,0.8710714285714285,0.0315888888888888,0.0,2.8982451564577776,0.2294583333333333,0.0,0.1524071428571428,0.0,0.1601083333333333,0.30649999999999994,0.19507499999999994,0.38525,0.3350916666666667,0.047875,0.06338,0.075225,0.6571625,0.0243083333333333,2.585433333333333,0.053570000000000007,0.10417857142857134,1.435575,0.97939,0.021519999999999997,0.03986,1.38911,0.01985,0.1383625,0.08557999999999999,0.12071428571428569,0.14742142857142848,0.1202428571428571,0.0773625,0.08474999999999995,0.10219166666666665,0.08969999999999995,0.01804999999999995,0.16139375,0.0,0.0,,,,0.011495161855237135,0.01975,0.23637623925650914,13.759472048440314,9.696469960170456,26.420011059352184,124.5,245.59294,1.0,2024-08-05 09:30:00
2024-08-05 03:45:00,43.358222222222224,1.0,0.0809088888888888,0.30482192048082496,0.0050868451646067,0.041904806129939555,1.6966032177777777,8.399610000000001e-07,0.0,0.0,0.0,0.0,0.0,0.0,0.0,0.0,0.0,0.0,0.0,0.0,0.0,0.0,0.0,0.0,0.0,0.093,1310.4324444444444,0.7200888888888889,0.05293333333333334,0.7200888888888889,40.73433,-111.87211,297.87755555555555,32.029333333333334,877.6777777777778,114.05222222222223,2.2573333333333334,440187.02222222224,1986.4102222222225,126.86844444444444,14503239.956,0.0008062133333333,7.642222222222223e-05,0.0006480622222222,0.0005293911111111,0.0001967333333333,0.0044510044444444,0.0095559244444444,0.0214903463297813,2.8477791647519144,3.8750310004440007,10.470754333333334,0.2191291428571428,1.7293831849206347,5.123298925661375,0.00265731005291,0.2277431965608465,3.956142087301587,0.0057955134920634,0.18336887222222223,0.3971966079365079,0.169767415079365,0.4260314444444444,0.0306593851851851,0.004512345474520478,0.2129030550264549,0.0936582574074074,0.0240391835978836,0.0370398854497354,0.1188281417989418,0.0610286944444444,0.0072194981481481,0.0056509333333333,3.65125,0.16425,0.13139978718090947,0.02325,0.0009861111111111112,0.071,0.427125,0.192,0.0655,0.008875,0.03760000000000001,0.03829658964009387,1.7454090807865938,0.46009354854929574,0.25495,0.0055,0.07462266919483376,0.002875,0.10359259769583465,0.09511651934850684,0.09943614487749647,1.660675,0.17860048986298277,0.30733425001077214,0.04279182311435731,0.016182860638294907,0.014927088002617557,0.010875,0.3898124999999999,0.8541400411826989,0.0018155271166842733,0.008875,0.120524774995722,1.0007868968687155,0.029124999999999998,0.09797142857142854,0.22579227001087748,0.020125,0.07469528535695805,0.6128938578604717,0.00950530797787626,0.004090577449219493,0.04868621933642958,0.005525367257924041,0.015375000000000002,0.0053750000000000004,0.03883300045157513,0.02005763339079533,0.0045000000000000005,0.02585964698641565,0.021916541136845512,0.13215707593128095,0.016258333333333326,0.0053750000000000004,0.13552642693424236,0.11363481699687705,0.03306568601943728,0.0032746177777777,0.0091486533333333,0.0564947555555555,0.0074095644444444,0.0010916311111111,0.1251981377777777,35100.0,35159.0,872.2273555555555,33.364333333333335,243.66737333333333,36.697964444444445,2.7001822222222223,0.20624444444444442,0.010288888888888887,31.730928853333335,27.685385373333336,24.050575844444445,21.504165813333334,18.725747506666668,16.061722795555557,13.636603853333334,11.793132128888889,10.098226831111111,8.986411973333333,8.03659268888889,7.53891716,7.154153626666667,6.658081062222222,5.258710768888889,16.26349902666667,5.45812312,1.5222219333333333,0.64735208,0.13120564444444444,0.10329260000000001,0.06566192888888889,0.051885457777777776,0.04790520888888889,0.04490707111111111,0.04050570666666666,0.04158326222222222,0.037619235555555554,0.03858082222222223,0.04434004444444444,0.05934465777777778,0.03938218222222222,0.029494893333333334,0.02242133777777778,0.022523599999999998,0.03614403555555556,2.4310522666666667,14290684.000000002,1935.0312888888889,0.5773,0.2618125,0.0,0.09920354072469496,4.914562500000001,0.0282444444444444,0.11211025602898363,0.12183749999999999,0.0306593851851851,0.3725570293537144,0.0,0.0,0.0076444444444444,0.23080625,0.7330285714285715,0.0315888888888888,0.0,2.3330979377333576,0.19642916666666665,0.0,0.11966785714285709,0.0,0.11908749999999994,0.2218166666666666,0.16120416666666662,0.309925,0.27589583333333334,0.036699999999999997,0.05137,0.0543,0.48511875000000004,0.0189458333333333,2.0462999999999996,0.045175,0.07182499999999992,1.11575,0.7966749999999999,0.01851,0.03279,1.132695,0.020362500000000002,0.08581875,0.08993999999999999,0.10389999999999999,0.12458928571428565,0.10143571428571425,0.06918125,0.06790357142857137,0.08694583333333332,0.06710833333333327,0.016749999999999977,0.151678125,0.0,0.0,,,,0.010961321348889549,0.019875,0.2340138506864819,4.130585665283697,2.527824732164637,41.20398873608527,102.0,245.25867,1.0,2024-08-05 09:45:00
2024-08-05 04:00:00,40.72666666666667,1.0,0.0991687422222222,0.3105582948000774,0.005148415877337172,0.04274633751310018,1.8091704844444445,5.660797777777777e-07,0.0,0.0,0.0,0.0,0.0,0.0,0.0,0.0,0.0,0.0,0.0,0.0,0.0,0.0,0.0,0.0,0.0,0.093,1309.9435555555558,1.1682666666666668,0.05386666666666667,1.1682666666666668,40.7343316,-111.87211,297.8935555555555,32.368,877.7431111111111,134.1579111111111,2.2355555555555555,447150.8444444444,1987.0448888888889,136.59466666666668,14463587.475555554,0.00082948,0.0001047822222222,0.0009721066666666,0.00055532,0.0002069644444444,0.0078745333333333,0.0115249688888888,0.0342349042539127,3.5923781750286747,4.452879790820291,9.82475591801532,0.2089863255300255,1.6039038456728456,5.153185804850705,0.0029361753246753,0.2204662984126984,3.9358971474303472,0.0095630311355311,0.22408877942797942,0.4088569732156732,0.0829943415806415,0.2737836361416361,0.0174367474969475,0.004519568930724666,0.1680385142968143,0.0674996928071928,0.0069222294483294,0.0396393588744588,0.1232559787878787,0.0656238408813408,0.0090180584748584,0.0082073902985902,3.568,0.159,0.08,0.026,0.001,0.071,0.428,0.192,0.066,0.009,0.021,0.033,2.933,0.265,0.108,0.005,0.081,0.003,0.096,0.036,0.06,0.993,0.063,0.217,0.07,0.02,0.006,0.012,0.186,0.324,0.002,0.009,0.119,0.362,0.032,0.058,0.126,0.022,0.031,0.265,0.007,0.00412575736693625,0.045,0.006,0.017,0.006,0.03,0.017,0.005,0.011,0.012,0.081,0.01,0.006,0.086,0.068,0.025,0.0029737155555555,0.0084538977777777,0.0506938222222222,0.0076237822222222,0.0013909733333333,0.1605963333333333,36000.0,36059.0,872.3772133333333,33.36321777777778,240.96383111111112,37.10320888888889,2.849231111111111,0.21784444444444442,0.010755555555555555,30.914443573333333,27.064045222222223,23.399730084444446,21.081781253333336,18.443798039999997,15.768133555555556,13.536866195555556,11.600064888888888,10.08751996888889,8.918382595555556,8.006221853333333,7.599413026666666,7.181679804444444,6.589569457777778,5.33312084,16.64294519111111,5.651376204444444,1.5320547777777778,0.6808362533333334,0.14354998222222223,0.10738056444444445,0.06917894666666666,0.061075875555555555,0.05924847555555556,0.04758218222222222,0.045485693333333334,0.03925784444444445,0.04211506222222223,0.039019035555555553,0.04337124444444444,0.06621198222222223,0.046986697777777774,0.03586609777777778,0.024100737777777777,0.019566453333333334,0.04192650666666667,2.422418,14263890.666666668,1930.680311111111,0.40315,0.11715,0.0,0.07772866986942095,4.208,0.0282444444444444,0.09121929631871908,0.104875,0.0174367474969475,0.3018652342095306,0.0,0.0,0.0076444444444444,0.1957375,0.5949857142857143,0.0315888888888888,0.0,2.454731081009764,0.1634,0.0,0.0869285714285714,0.0,0.0780666666666666,0.1371333333333333,0.1273333333333333,0.2346,0.2167,0.025525,0.03936,0.033375,0.313075,0.0135833333333333,1.5071666666666663,0.03678,0.0394714285714285,0.795925,0.61396,0.0155,0.02572,0.8762800000000001,0.020875,0.033275,0.0943,0.0870857142857143,0.1017571428571428,0.0826285714285714,0.061,0.0510571428571428,0.0717,0.0445166666666666,0.01545,0.1419625,0.0,0.0,,,,0.02066738987621413,0.02,0.2415527363722919,4.8730017176257485,2.9607973248226087,36.0,127.33334,244.92438,1.0,2024-08-05 10:00:00
2024-08-05 04:15:00,36.80311111111111,1.0,0.1294740222222222,0.31629466911932985,0.005209986590067644,0.043587868896260804,1.983544288888889,2.5199615384615383e-07,0.0,0.0,0.0,0.0,0.0,0.0,0.0,0.0,0.0,0.0,0.0,0.0,0.0,0.0,0.0,0.0,0.0,0.093,1308.755111111111,1.1424888888888889,0.049288888888888896,1.1424888888888889,40.734339066666664,-111.87211,297.46022222222217,32.92755555555555,877.8146666666667,128.67413333333334,1.0906666666666667,453673.2444444444,2003.7053333333336,145.91022222222222,14504343.714222224,0.0007661155555555,8.696195693195694e-05,0.0011262622222222,0.0008497422222222,0.0002573244444444,0.0096682044444444,0.0168978844444444,0.0328132235555555,4.110557777777778,5.206194222222223,11.687373822222222,0.2099932,1.923197066666667,10.355718044444444,0.0037445777777777,0.2428875111111111,4.289431733333333,0.0117416,0.22690337777777778,0.4175544888888888,0.0912955111111111,0.3872312444444444,0.0242290666666666,0.004526792386928852,0.2269265333333333,0.0913328444444444,0.0074596444444444,0.0507784,0.1271692444444444,0.0717383555555555,0.0091016444444444,0.0106908888888888,3.582,0.16675,0.09675069935334354,0.023125,0.000875,0.071,0.427125,0.192,0.065,0.008875,0.018355,0.040500116753921775,1.940461020309744,0.22496527848942227,0.1020125,0.0053750000000000004,0.06906535458147596,0.00275,0.10939599158368592,0.03796916807809738,0.052542073050579195,0.995875,0.0595,0.27808730763450473,0.04708134782100638,0.017688235575957372,0.0056345386755688705,0.011,0.17890625,0.3015,0.0018086852296478485,0.009125,0.126952314851103,0.33770301343999837,0.02925,0.055596428571428554,0.12214828714162171,0.020624999999999998,0.030731023586500487,0.22056621365901824,0.009225523810537201,0.004160937284653008,0.051625409877737755,0.005625,0.015500000000000002,0.0055,0.03768669021042459,0.019557251288157596,0.004624167692682898,0.008409720112698183,0.011,0.07201372394606283,0.0075,0.0053750000000000004,0.07208988918833663,0.055651762753422214,0.032109178686802076,0.0027645422222222,0.0075906711111111,0.0357547466666666,0.0076891022222222,0.0017646222222222,0.1387481955555555,36900.0,36959.0,872.4204177777777,33.25383555555556,261.2075288888889,42.04493333333333,3.5962222222222224,0.2469911111111111,0.012826666666666665,32.85605534222222,29.136702879999998,25.173838760000002,22.6911758,19.861511186666668,17.02210957777778,14.65501619111111,12.674152257777779,10.912913426666668,9.72325824888889,8.716291262222223,8.341919093333335,7.75972919111111,7.154124302222223,5.848343022222222,18.656833795555553,6.303954017777778,1.73899256,0.7689736977777778,0.1528275422222222,0.13355723555555557,0.08631842222222222,0.07812130666666667,0.06928217333333334,0.06128176,0.054112528888888886,0.054705715555555555,0.06358841777777777,0.05860425777777778,0.06364648888888888,0.09677603555555556,0.06520356,0.055212222222222225,0.029512902222222224,0.03222195111111111,0.05664560444444444,2.5474412444444443,14292091.11111111,1947.6372,0.3671625,0.108875,0.0,0.06582281745408236,3.7936,0.0282444444444444,0.07963716924557257,0.0933,0.0242290666666666,0.2626730972400409,0.0,0.0,0.0076444444444444,0.15776875,0.5184535714285714,0.0315888888888888,0.0,2.655402940804261,0.135675,0.0,0.0772928571428571,0.0,0.0658166666666666,0.12236666666666662,0.10805416666666662,0.21085416666666665,0.18400416666666664,0.02545,0.032125,0.029343750000000002,0.27421249999999997,0.010187499999999974,1.3814999999999997,0.03378,0.03550357142857137,0.69614375,0.5295599999999999,0.011625,0.021695,0.7346550000000001,0.01565625,0.02771875,0.083385,0.07260714285714284,0.08861071428571422,0.07087499999999998,0.050096875,0.042410714285714225,0.058779166666666646,0.0379041666666666,0.014783333333333325,0.13529375,0.0,0.0,,,,0.01250363495395735,0.018625,0.2407117587306631,5.389662161391542,3.5252434357824747,35.14993407428289,207.33333,244.59009,1.0,2024-08-05 10:15:00
2024-08-05 04:30:00,33.75555555555555,1.0,0.1653934622222222,0.3220310434385823,0.005271557302798114,0.04442940027942143,2.1942847422222225,6.095641025641026e-07,0.0,0.0,0.0,0.0,0.0,0.0,0.0,0.0,0.0,0.0,0.0,0.0,0.0,0.0,0.0,0.0,0.0,0.093,1309.0755555555556,13.546666666666669,0.04577777777777778,13.546666666666669,40.73434,-111.87211,297.27088888888886,33.958222222222226,877.8511111111111,148.6031111111111,1.484888888888889,459884.7111111111,2020.2977777777776,151.51644444444446,14793027.799111111,0.0007159022222222,8.893945891409982e-05,0.0012339244444444,0.0010455599999999,0.0002838311111111,0.0112612755555555,0.0125692888888888,0.0680373817777777,4.877460444444444,6.049640888888888,13.506286311111111,0.2158820444444444,2.325224177777778,11.646237244444444,0.0048469333333333,0.2871195555555556,4.558776577777778,0.0129569777777777,0.25212022222222225,0.4402094666666666,0.1289346222222222,0.4693416888888889,0.0317380888888888,0.00453401584313304,0.2959132,0.1234864444444444,0.0078186666666666,0.0613229777777777,0.1671597333333333,0.0932318666666666,0.0128661333333333,0.0145616444444444,3.596,0.1745,0.1133701618703739,0.020249999999999997,0.00075,0.071,0.42625,0.192,0.064,0.008749999999999999,0.015710000000000002,0.05134008007586355,2.182943714790362,0.18493055697884453,0.096025,0.00575,0.05713070916295192,0.0025,0.11585421579044382,0.039938336156194756,0.04508414610115839,0.99875,0.056,0.3399807885226542,0.06764699692165083,0.024905588278200153,0.00526907735113774,0.01,0.17181249999999998,0.279,0.001617370459295697,0.00925,0.1585717561756133,0.31340602687999675,0.026500000000000003,0.0531928571428571,0.11829657428324342,0.01925,0.030462047173000974,0.1761324273180365,0.013094113323984554,0.004196117202369766,0.06608437317528086,0.00525,0.014000000000000002,0.005,0.053536778584789856,0.026476059358648503,0.004248335385365796,0.005819440225396365,0.01,0.06302744789212564,0.005,0.00475,0.05817977837667326,0.04330352550684442,0.045334852861866386,0.00270164,0.0070812488888888,0.0335449111111111,0.00717492,0.0018691244444444,0.1168835422222222,37800.0,37859.0,872.4350844444446,33.23284888888889,266.0976711111111,43.00819111111112,3.7135155555555555,0.24912,0.013204444444444444,33.43031192,29.663022022222222,25.666434475555555,23.158058533333335,20.25249146222222,17.344724377777776,14.95376172,12.879994968888889,11.199724337777777,9.914112097777778,8.893550115555554,8.438459182222223,7.865730475555555,7.294203231111111,5.91776647111111,18.963258093333334,6.356286311111111,1.7727772,0.8295571155555556,0.1802409688888889,0.15074839111111113,0.09862236444444444,0.08844269333333334,0.07019523555555555,0.06911515111111112,0.05994078666666667,0.05722484444444444,0.05854378222222222,0.05725273333333334,0.06922138666666668,0.09275944,0.07078811555555556,0.05591819111111111,0.03150750222222222,0.03757848444444444,0.05530649333333333,2.8024107555555555,14574893.333333334,1963.3084888888889,0.331175,0.1006,0.0,0.05391696503874378,3.3792,0.0282444444444444,0.06805504217242606,0.08172499999999999,0.0317380888888888,0.22348096027055125,0.0,0.0,0.0076444444444444,0.1198,0.4419214285714286,0.0315888888888888,0.0,2.7049723254444444,0.10794999999999999,0.0,0.0676571428571428,0.0,0.0535666666666666,0.10759999999999995,0.08877499999999995,0.18710833333333332,0.1513083333333333,0.025375,0.02489,0.0253125,0.23535,0.00679166666666665,1.2558333333333331,0.030780000000000002,0.03153571428571425,0.5963625,0.44516,0.00775,0.017669999999999998,0.5930300000000001,0.0104375,0.0221625,0.07246999999999999,0.0581285714285714,0.07546428571428565,0.05912142857142855,0.03919375,0.03376428571428565,0.0458583333333333,0.0312916666666666,0.014116666666666649,0.128625,0.0,0.0,,,,0.019898085988545897,0.01725,0.2615481740694334,6.154316481984356,4.157224147895035,32.33532611333782,287.33334,244.25581,1.0,2024-08-05 10:30:00
2024-08-05 04:45:00,36.84444444444444,1.0,0.1383164266666667,0.32776741775783474,0.005333128015528587,0.04527093166258206,1.9526087733333333,9.671320512820513e-07,0.0,0.0,0.0,0.0,0.0,0.0,0.0,0.0,0.0,0.0,0.0,0.0,0.0,0.0,0.0,0.0,0.0,0.093,1309.3368888888888,12.152977777777778,0.046844444444444445,12.152977777777778,40.73434,-111.87211,296.87488888888885,34.81377777777778,877.7728888888888,140.79137777777777,2.087111111111111,453447.9555555555,2005.616888888889,142.352,14761948.566666666,0.0007476666666666,9.091696089624271e-05,0.0010986844444444,0.0009172088888888,0.0002485288888888,0.0124806622222222,0.0125452844444444,0.0657000902222222,4.394176444444445,5.644711555555555,11.3554572,0.2081718222222222,1.9257744,6.107698266666668,0.0043609333333333,0.2399651555555555,4.205828355555555,0.0138448444444444,0.22855231111111113,0.4138243555555556,0.0716184,0.3035690666666666,0.0206027555555555,0.004541239299337226,0.1951856,0.0801963555555555,0.0050928444444444,0.0511072444444444,0.1582325777777778,0.0806708444444444,0.0104628888888888,0.0112192444444444,3.6100000000000003,0.18225,0.0880623164213137,0.017374999999999998,0.000625,0.071,0.425375,0.192,0.063,0.008624999999999999,0.013065,0.03551262323144113,1.9910558428254532,0.14489583546826676,0.09003749999999999,0.006125,0.04519606374442787,0.0022500000000000003,0.10833264746461126,0.04190750423429214,0.0376262191517376,1.001625,0.052500000000000005,0.21502415609044795,0.06305608658963352,0.023294444427189823,0.00490361602670661,0.009000000000000001,0.16471875,0.2565,0.0014260556889435455,0.009375,0.11240413289635053,0.28910904031999507,0.02375,0.05078928571428565,0.11444486142486514,0.017875,0.03019307075950146,0.13169864097705475,0.007885627060805334,0.004231297120086524,0.0449728056533017,0.004875,0.0125,0.0045000000000000005,0.03219696796877743,0.01716090284812672,0.003872503078048695,0.003229160338094548,0.009000000000000001,0.05404117183818846,0.0025000000000000005,0.004125,0.0442696675650099,0.030955288260266625,0.027528429610534772,0.0028879733333333,0.0075173688888888,0.0387608622222222,0.0070552311111111,0.00173728,0.1054949822222222,38700.0,38759.0,872.3563733333334,33.35316888888889,254.34000444444445,39.98459555555555,3.244013333333333,0.23313777777777778,0.011977777777777778,32.47531028888889,28.537165657777777,24.78506384888889,22.17070118666667,19.419028337777778,16.63164657333333,14.265163288888889,12.49079996,10.729317755555558,9.38081501777778,8.393565146666667,7.912346786666666,7.490126186666667,6.953707844444444,5.627931711111112,17.618461924444443,5.914372986666667,1.6565891955555554,0.7740027244444445,0.15445256000000002,0.13578300444444444,0.09309755111111112,0.07438730666666667,0.06732176,0.05673557333333334,0.05019970666666666,0.04201017333333334,0.052022200000000005,0.045722453333333336,0.06191032888888889,0.07820387111111111,0.05478264888888889,0.04030184,0.02663652888888889,0.034574035555555556,0.04571711555555556,2.573675866666667,14553594.222222222,1950.9070666666669,0.2951875,0.092325,0.0,0.04201111262340519,2.9648,0.0282444444444444,0.056472915099279555,0.07015,0.0206027555555555,0.18428882330106156,0.0,0.0,0.0076444444444444,0.08183125,0.3653892857142857,0.0315888888888888,0.0,2.422897736367668,0.08022499999999999,0.0,0.0580214285714285,0.0,0.0413166666666666,0.09283333333333328,0.06949583333333328,0.16336249999999997,0.11861249999999994,0.0253,0.017654999999999997,0.02128125,0.19648749999999998,0.0033958333333333254,1.1301666666666665,0.02778,0.027567857142857123,0.49658125,0.36075999999999997,0.003875,0.013645000000000001,0.45140500000000006,0.005218750000000001,0.01660625,0.061555,0.04364999999999995,0.06231785714285707,0.04736785714285713,0.028290625,0.025117857142857074,0.03293749999999995,0.0246791666666666,0.013449999999999974,0.12195625,0.0,0.0,,,,0.018247408128189677,0.015875,0.26016557814444036,5.67244933673162,3.8538172597670397,35.18810799004312,367.33334,243.92152,1.0,2024-08-05 10:45:00
2024-08-05 05:00:00,39.58444444444444,1.0,0.1047304171428571,0.3335037920770872,0.005394698728259057,0.04611246304574268,1.7871525869841272,1.3247e-06,0.0,0.0,0.0,0.0,0.0,0.0,0.0,0.0,0.0,0.0,0.0,0.0,0.0,0.0,0.0,0.0,0.0,0.093,1309.4759999999999,1.542,0.05266666666666667,1.542,40.73434,-111.87211,296.87266666666665,34.41688888888889,877.7844444444444,132.5339111111111,2.4320000000000004,447395.4666666667,1984.3795555555555,137.52222222222224,14610483.390666666,0.0007890634920634,9.289446287838559e-05,0.000899219047619,0.0006410492063492,0.0002373273015873,0.0094797577777777,0.0081942485714285,0.3792004404444444,3.7121030666666672,5.048552444444445,10.264922844444444,0.2074447555555555,1.5957298666666666,3.9677392444444446,0.0035794222222222,0.2199695111111111,3.914350888888889,0.0119878222222222,0.2093360888888889,0.3871837777777778,0.0692607999999999,0.2610536888888888,0.0191284444444444,0.004548462755541414,0.1687081333333333,0.0665861777777777,0.0061559999999999,0.0404925333333333,0.1424715555555555,0.0618596888888888,0.0084748444444444,0.0059170666666666,3.624,0.19,0.03381012527216096,0.014499999999999999,0.0005,0.071,0.4245,0.192,0.062,0.0085,0.01042,0.03135218497006788,2.281868579948464,0.10486111395768902,0.08405,0.006500000000000001,0.033261418325903826,0.002,0.1007382535978812,0.04387667231238952,0.03016829220231679,1.0045,0.049,0.18297677478901372,0.05495076801275204,0.020449946660690395,0.004538154702275481,0.008,0.157625,0.23399999999999999,0.0012347409185913942,0.0095,0.10026841531292846,0.26481205375999345,0.021,0.0483857142857142,0.11059314856648685,0.0165,0.029924094346001948,0.08726485463607297,0.006248106191376548,0.004266477037803282,0.03942337505687842,0.0045000000000000005,0.011000000000000001,0.004,0.0254878430008547,0.014232266308215016,0.0034966707707315935,0.0006388804507927309,0.008,0.04505489578425128,0.0,0.0035,0.03035955675334653,0.018607051013688834,0.021930183169900128,0.0029755514285714,0.0075707431746031,0.0434507257142857,0.0069972073015873,0.0014833428571428,0.1162657295238095,39600.0,39659.0,872.3753733333334,33.409684444444444,239.73475555555558,36.82516444444445,2.8491511111111114,0.22230666666666668,0.010688888888888888,30.86645669333333,27.071069382222223,23.54205603111111,20.988590822222218,18.380835635555556,15.746242964444445,13.408324853333333,11.770222799999999,10.067046515555555,8.924913964444444,7.9484549866666665,7.48208188,7.0357060888888885,6.480780146666667,5.206310613333333,16.159025102222223,5.517701888888889,1.51316052,0.6837058933333334,0.15070400888888888,0.11035149777777778,0.07830126222222221,0.0560668,0.052137475555555556,0.04198875111111111,0.04276478222222222,0.04405406666666667,0.045237146666666665,0.04082385777777778,0.05081930666666667,0.05539379111111111,0.047284568888888885,0.037501822222222224,0.0233328,0.02519902222222222,0.04006172888888889,2.368093022222222,14408427.111111112,1930.3175555555556,0.2592,0.08405,0.0,0.030105260208066607,2.5504,0.0282444444444444,0.04489078802613304,0.058575,0.0191284444444444,0.14509668633157188,0.0,0.0,0.0076444444444444,0.0438625,0.2888571428571428,0.0315888888888888,0.0,2.212183411049428,0.0525,0.0,0.0483857142857142,0.0,0.0290666666666666,0.0780666666666666,0.0502166666666666,0.1396166666666666,0.0859166666666666,0.025225,0.01042,0.01725,0.157625,0.0,1.0045,0.02478,0.0236,0.3968,0.27636,0.0,0.00962,0.30978,0.0,0.01105,0.05064,0.0291714285714285,0.0491714285714285,0.0356142857142857,0.0173875,0.0164714285714285,0.0200166666666666,0.0180666666666666,0.0127833333333333,0.1152875,0.0,0.0,,,,0.015333112496518472,0.014499999999999999,0.44561283467984625,4.99237560906286,3.4071250449985993,44.0,370.33334,243.58725,1.0,2024-08-05 11:00:00
2024-08-05 05:15:00,44.71511111111111,1.0,0.0533501736507936,0.33924016639633964,0.005456269440989529,0.04695399442890331,1.5692375326984127,1.3247e-06,6.006612444444444e-13,3.865249333333334e-12,0.0,3.8695351042489987e-19,1.0795669981008201e-17,5.924369221088888e-16,0.0,7.875622735342244e-21,1.7138203333333335e-14,4.5164125159799994e-15,1.1132261071117239e-20,2.7828355555555556e-11,6.887452013111111e-14,9.707155555555554e-12,4.989913333333333e-11,5.009248733333334e-17,8.544978366009379e-20,0.093,1309.5448888888889,2.1822666666666666,0.049911111111111114,2.1822666666666666,40.73434,-111.87211,297.2077777777778,33.692,877.7933333333333,118.65079999999999,2.4155555555555557,437941.7333333333,1965.4937777777775,125.108,14560114.970222224,0.0007691387301587,9.487196486052848e-05,0.0005050638095238,0.0001772123809523,0.0001785241269841,0.0032535326984126,0.0030465914285714,0.0629387466666666,1.3408140888888889,2.109759111111111,9.555558533333334,0.1986856,1.133477422222222,2.1774859555555555,0.0024412444444444,0.1790605333333333,3.5953564,0.0100911111111111,0.17002391111111112,0.3399393777777778,0.0185284444444444,0.1407583111111111,0.0070745333333333,0.0045556862117456,0.0828983555555555,0.0327778222222222,0.005782125485008734,0.0274928888888888,0.1124291111111111,0.0412505777777777,0.0036133777777777,0.0036257777777777,3.638,0.19775,0.06462056925088437,0.011625,0.000375,0.071,0.423625,0.192,0.061000000000000006,0.008375,0.010565,0.017868784644762242,1.3876480101148942,0.12339583546826677,0.0995375,0.006875,0.03219606374442787,0.00175,0.08727035569453212,0.039407504234292144,0.028876219151737593,0.927875,0.0455,0.09230012925631059,0.03950103514535236,0.015027984498749102,0.004172693377844351,0.007,0.15021874999999998,0.2115,0.0010434261482392426,0.009625,0.06093824667869417,0.2673590403199951,0.018250000000000002,0.04503928571428565,0.10194486142486514,0.015125,0.02719307075950146,0.10194864097705472,0.0021804232641422245,0.004301656955520039,0.02143844423750437,0.004125,0.009500000000000001,0.0035,0.008822044354746098,0.0069573881213929045,0.0031208384634144916,0.0019791603380945482,0.007,0.040041171838188463,0.001,0.002875,0.031769667565009894,0.020955288260266627,0.008023861794610815,0.0029727584126984,0.0072281384126984,0.0478808361904761,0.0063333092063492,0.0011172853968253,0.1246310936507936,40500.0,40559.0,872.3706933333334,33.38063555555556,217.20389333333333,31.71601777777778,2.1623377777777777,0.19589777777777778,0.008555555555555556,28.602931026666667,24.912073066666668,21.49628207111111,19.22595117777778,16.82317347111111,14.242984368888889,12.133861444444445,10.562511822222223,8.990831826666666,8.008954937777778,7.166405191111111,6.791306773333333,6.366932115555556,5.901126017777778,4.675332364444444,14.057657146666665,4.7518338,1.2854988666666667,0.5622109200000001,0.11499971555555555,0.08650045777777778,0.047921644444444446,0.03716851111111111,0.04137459555555555,0.03678654222222222,0.027407973333333332,0.02414387111111111,0.025000573333333335,0.028337662222222223,0.026045346666666667,0.03770371555555556,0.03250131111111111,0.023823702222222222,0.01382704888888889,0.014322586666666666,0.028287791111111113,2.1689909333333333,14351818.22222222,1911.9097333333332,0.2609,0.087325,0.0,0.028630682543266214,2.4561124999999997,0.0282444444444444,0.0416807102868312,0.0574375,0.0070745333333333,0.13690944854202805,0.0,0.0,0.0076444444444444,0.0401375,0.2780928571428571,0.0315888888888888,0.0,2.008493764602601,0.0502125,0.0,0.04655357142857135,0.0,0.026474999999999922,0.07639999999999995,0.047404166666666595,0.1278291666666666,0.0814666666666666,0.024612500000000002,0.010439999999999975,0.017328125,0.1509875,0.0,0.9680083333333334,0.02377,0.023785714285714275,0.38684375,0.26628999999999997,0.0,0.00997,0.28956,0.0,0.01119375,0.047,0.021878571428571376,0.0478214285714285,0.032553571428571404,0.019503125,0.012353571428571377,0.018058333333333274,0.01354999999999995,0.012499999999999975,0.115365625,0.0,0.0,,,,0.009778107029568227,0.013125,0.2585321395011772,2.628038593372171,1.205135545304902,42.45716040077323,285.33334,243.25296,1.0,2024-08-05 11:15:00
2024-08-05 05:30:00,45.781333333333336,1.0,0.0455423244444444,0.3449765407155921,0.005517840153720001,0.04779552581206393,1.4960608844444443,1.5358e-06,3.8493951589333336e-09,1.4074306512e-08,4.32441157042243e-33,1.9993526937029255e-12,6.0483534109002255e-12,7.031590110764067e-11,1.623518418172893e-33,8.035336915576019e-13,4.723754239711112e-10,3.457773573566275e-10,2.3690536089487948e-14,5.349530573333333e-08,2.4359936240922622e-09,9.261895733333334e-09,7.731910537777778e-08,5.349868957112444e-12,5.601992386302439e-13,0.093,1308.090222222222,2.1944,0.048488888888888894,2.1944,40.734335333333334,-111.87211,297.7273333333333,32.76888888888889,877.8755555555556,115.90097777777778,2.1817777777777776,435454.93333333335,1960.9386666666664,121.73688888888888,14519652.768,0.00078044,9.684946684267135e-05,0.0003666488888888,0.0001198488888888,0.0001457644444444,0.0016727333333333,0.0025495822222222,0.0873290577777777,1.1784008888888888,1.883924888888889,8.277433244233544,0.198449889099789,0.9920259906093906,1.818102203796204,0.0024782597957597,0.1604640691308691,3.490183865201465,0.0069882207681207,0.15673917332667334,0.3153617355200355,0.0151317685092685,0.1130781291708291,0.0074657642246642,0.004562909667949787,0.066285794050394,0.0261845721389721,0.005408250970017567,0.0256053199578199,0.1065596334332334,0.0389214547341547,0.002310186080586,0.0021539608502608,3.652,0.20550000000000002,0.06312077484233654,0.008749999999999997,0.00025,0.071,0.42274999999999996,0.192,0.060000000000000005,0.00825,0.01071,0.015258431570746217,1.3070107065408862,0.1419305569788445,0.11502499999999999,0.00725,0.031130709162951915,0.0015,0.08026404009665573,0.03493833615619476,0.027584146101158398,0.85125,0.042,0.07143527066867378,0.03648257696489143,0.013968680355284271,0.0038072320534132207,0.006,0.1428125,0.189,0.000852111377887091,0.00975,0.05332402295774899,0.26990602687999676,0.0155,0.0416928571428571,0.09329657428324342,0.013749999999999998,0.024462047173000975,0.11663242731803648,0.0013871504072429282,0.004336836873236797,0.017956605953565824,0.00375,0.008,0.003,0.005571907620638404,0.005538653302064568,0.0027450061560973897,0.0033194402253963655,0.006,0.03502744789212564,0.002,0.0022500000000000003,0.03317977837667326,0.02330352550684442,0.005311873794642495,0.0029612311111111,0.0069179511111111,0.0514419866666666,0.00593952,0.0010134044444444,0.1390247644444444,41400.0,41459.0,872.4388444444445,33.39442666666667,207.20627555555558,29.851431111111115,1.9629911111111111,0.1902088888888889,0.007973333333333334,27.49104496,23.966934515555558,20.618906253333332,18.41903618666667,15.917283715555556,13.68780464,11.6233372,10.000196631111113,8.619299977777779,7.513481213333334,6.852927546666667,6.464416488888888,6.10206476,5.619098244444444,4.49703876,13.093535066666668,4.396514302222221,1.2241963466666668,0.5218778133333334,0.11033185333333333,0.07887200888888889,0.046986280000000005,0.03434637333333333,0.030349568888888886,0.025807635555555555,0.02554415111111111,0.022697355555555555,0.020020644444444444,0.02358753777777778,0.022996991111111108,0.039154257777777784,0.027235435555555555,0.021132822222222222,0.013178271111111112,0.015827204444444444,0.01935730222222222,2.107757733333333,14315846.222222222,1906.6982666666663,0.2626,0.0906,0.0,0.027156104878465818,2.3618249999999996,0.0282444444444444,0.03847063254752936,0.0563,0.0074657642246642,0.12872221075248422,0.0,0.0,0.0076444444444444,0.0364125,0.2673285714285714,0.0315888888888888,0.0,1.9961320250977777,0.047924999999999995,0.0,0.044721428571428495,0.0,0.02388333333333325,0.0747333333333333,0.0445916666666666,0.1160416666666666,0.0770166666666666,0.024,0.01045999999999995,0.01740625,0.14434999999999998,0.0,0.9315166666666667,0.022760000000000002,0.02397142857142855,0.3768875,0.25621999999999995,0.0,0.01032,0.26934,0.0,0.0113375,0.043359999999999996,0.01458571428571425,0.0464714285714285,0.029492857142857102,0.02161875,0.00823571428571425,0.016099999999999948,0.0090333333333333,0.01221666666666665,0.11544375,0.0,0.0,,,,0.008692809837821815,0.01175,0.2729599265144753,2.466101543862231,1.0359216777068085,43.44188323850216,200.33333,242.91867,1.0,2024-08-05 11:30:00
2024-08-05 05:45:00,45.86622222222222,1.0,0.0471562711111111,0.35071291503484453,0.005579410866450472,0.048637057195224556,1.4859726222222225,4.408416222222222e-07,1.263649577777778e-07,3.708598533333333e-07,3.598135204293563e-30,1.0659630320000001e-10,3.2483293199999996e-10,3.509293804444444e-09,1.4229625492028456e-30,4.564103236488889e-11,2.148875431111111e-08,1.6202453599999997e-08,1.2798590168888889e-12,1.0168753333333332e-06,1.0347176933333334e-07,1.2228714666666667e-07,1.2915674666666666e-06,2.6830010088888893e-10,3.215586438666667e-11,0.093,1308.5551111111113,2.213511111111111,0.0432,2.213511111111111,40.73433,-111.87211,298.0268888888889,32.12444444444444,877.9013333333334,116.1168888888889,2.412,435765.5555555556,1960.8928888888888,124.65955555555556,14507179.339111112,0.0007600577777777,9.882696882481423e-05,0.0003511333333333,0.0001272888888888,0.0001469066666666,0.00165028,0.0026372222222222,0.1374686355555555,1.3939915111111112,2.19014,7.746876188095238,0.2024068568783069,0.9609479873015874,1.6709952843915343,0.0019866547619047,0.164539278042328,3.456376114550265,0.0080574968253968,0.15083548306878306,0.3124878761904762,0.0282839261904761,0.1005703989417989,0.0109214476190476,0.004570133124153974,0.0666018219576719,0.0257668391534391,0.0050343764550264,0.0330932648148148,0.1036740359788359,0.0405061653439153,0.0017681698412698,0.0018989119047619,3.6660000000000004,0.21325,0.0689280796683099,0.005874999999999998,0.000125,0.071,0.421875,0.192,0.059000000000000004,0.008125,0.010855,0.015308089440724992,1.307967972796277,0.16046527848942224,0.13051249999999998,0.007625,0.030065354581475957,0.00125,0.07944479286229374,0.03046916807809738,0.0262920730505792,0.7746249999999999,0.038500000000000006,0.06200715263664444,0.034998619495460744,0.013447897159986372,0.003441770728982091,0.005,0.13540625,0.16649999999999998,0.0006607966075349396,0.009875,0.05346887161262551,0.2724530134399984,0.012750000000000001,0.03834642857142855,0.0846482871416217,0.012374999999999999,0.021731023586500486,0.13131621365901824,0.0013368904846447116,0.0043720167909535555,0.018022842461765436,0.003375,0.006500000000000001,0.0025,0.00536598651887731,0.005448765564715843,0.0023691738487802883,0.004659720112698183,0.005,0.03001372394606282,0.003,0.0016249999999999997,0.03458988918833663,0.025651762753422208,0.005140048544628926,0.0030027911111111,0.0068509955555555,0.0507519866666666,0.0059646444444444,0.0009967111111111,0.1450896488888889,42300.0,42359.0,872.4697466666668,33.36018222222222,207.1008711111111,29.643413333333335,1.901608888888889,0.1853688888888889,0.007893333333333332,27.512559337777777,23.961056635555558,20.588930342222223,18.325297151111112,15.97228076,13.64987292,11.6032932,10.093277168888887,8.63848192888889,7.620726493333334,6.8418609422222225,6.471838284444445,6.019298333333333,5.618565568888888,4.403016431111111,13.124074955555555,4.396544511111111,1.20705204,0.4883132,0.0993020711111111,0.08248896,0.04447232444444445,0.04230068,0.03514691555555556,0.024957617777777778,0.028005879999999997,0.018868053333333336,0.02025064888888889,0.023690111111111113,0.025217515555555556,0.03527131555555556,0.025495657777777778,0.01438544888888889,0.011199106666666665,0.01344260888888889,0.020092822222222226,2.0975861777777776,14299469.777777778,1906.7601333333328,0.2643,0.093875,0.0,0.02568152721366542,2.2675375,0.0282444444444444,0.035260554808227526,0.055162499999999996,0.0109214476190476,0.12053497296294037,0.0,0.0,0.0076444444444444,0.032687499999999994,0.2565642857142857,0.0315888888888888,0.0,1.979483853142857,0.0456375,0.0,0.04288928571428565,0.0,0.021291666666666577,0.07306666666666665,0.0417791666666666,0.1042541666666666,0.0725666666666666,0.0233875,0.010479999999999925,0.017484375000000003,0.1377125,0.0,0.895025,0.021750000000000002,0.024157142857142825,0.36693125,0.24614999999999992,0.0,0.01067,0.24912,0.0,0.01148125,0.03972,0.007292857142857125,0.0451214285714285,0.0264321428571428,0.023734375000000002,0.0041178571428571245,0.014141666666666625,0.00451666666666665,0.011933333333333325,0.115521875,0.0,0.0,,,,0.00815924774156037,0.010374999999999999,0.30261937389991367,2.681060114130404,1.2653636230338718,43.520283431084984,115.33334,242.82199,4.2605014397893886,2024-08-05 11:45:00
2024-08-05 06:00:00,45.91688888888889,1.0,0.0477648266666666,0.356449289354097,0.005640981579180943,0.04947858857838518,1.474076968888889,2.533780008273208e-06,3.633302355555555e-06,1.0673758666666667e-05,2.1956828311111113e-28,3.174672177777778e-09,9.531389333333333e-09,1.022372488888889e-07,8.735421155555556e-29,1.3874913333333334e-09,6.229220844444444e-07,4.6775544000000003e-07,3.823861333333333e-11,2.9273008888888888e-05,2.974175822222222e-06,3.601095822222222e-06,3.680305511111111e-05,7.837223511111111e-09,9.72072311111111e-10,0.093,1309.0755555555554,1.9290666666666667,0.04155555555555556,1.9290666666666667,40.73433,-111.87211,297.9873333333333,32.07955555555556,877.9533333333333,115.1424,2.316888888888889,435900.26666666666,1961.0284444444444,127.85466666666667,14496314.83022222,0.0007142711111111,0.00010080447080695712,0.0004031733333333,0.0001234222222222,0.0001844888888888,0.0015348488888888,0.0026757733333333,0.2436147299036148,1.5744174169016172,2.4429249588004587,7.874541787534687,0.1987832763680763,0.9478268496355496,1.7071193025308025,0.0015101906426906,0.1619389407481407,3.4633700425574427,0.0073809265512265,0.15175004505864506,0.3126729934398934,0.025069325086025,0.1297886499500499,0.0096591481962481,0.004577356580358161,0.076038799000999,0.0292271714174714,0.0021266518814518,0.0269145071928071,0.10133741006771,0.0372138856809856,0.0014472368076368,0.0017454053724053,3.68,0.221,0.04,0.003,0.0,0.071,0.421,0.192,0.058,0.008,0.011,0.01,1.981,0.179,0.146,0.008,0.029,0.001,0.075,0.026,0.025,0.698,0.035,0.09,0.029,0.009,0.003076309404550961,0.004,0.128,0.144,0.0004694818371827881,0.01,0.038,0.275,0.01,0.035,0.076,0.011,0.019,0.146,0.002,0.004407196708670313,0.012,0.003,0.005,0.002,0.008,0.004,0.0019933415414631864,0.006,0.004,0.025,0.004,0.001,0.036,0.028,0.007,0.0030529022222222,0.0069596266666666,0.0514085111111111,0.0061329155555555,0.0009850222222222,0.1438170044444444,43200.0,43259.0,872.5220977777777,33.35286222222222,209.5228177777778,30.092853333333334,1.9766622222222223,0.18906222222222221,0.008062222222222222,27.934073657777777,24.31227384888889,20.942807786666666,18.614884822222223,16.183897031111112,13.819284782222221,11.63889321777778,10.091950613333331,8.814501822222221,7.68615076,6.838174475555555,6.541089364444445,6.077322844444444,5.591488920000001,4.438967342222223,13.226591333333333,4.454565786666667,1.2358075422222223,0.5155535777777778,0.0947190311111111,0.07634111555555556,0.047115453333333335,0.037613235555555555,0.03319341333333333,0.028279231111111112,0.02998908888888889,0.01844274222222222,0.020637164444444446,0.024754795555555553,0.02626709777777778,0.029900422222222226,0.026760564444444447,0.018306573333333336,0.01159800888888889,0.016117533333333333,0.02435846666666667,2.0732248,14291534.666666666,1907.756355555556,0.266,0.09715,0.0,0.024206949548865028,2.17325,0.0282444444444444,0.032050477068925685,0.054025,0.0096591481962481,0.11234773517339654,0.0,0.0,0.0076444444444444,0.0289625,0.2458,0.0315888888888888,0.0,1.9774999477294275,0.04335,0.0,0.0410571428571428,0.0,0.0186999999999999,0.0714,0.0389666666666666,0.0924666666666666,0.0681166666666666,0.022775,0.0104999999999999,0.0175625,0.131075,0.0,0.8585333333333334,0.02074,0.0243428571428571,0.356975,0.2360799999999999,0.0,0.01102,0.2289,0.0,0.011625,0.03608,0.0,0.0437714285714285,0.0233714285714285,0.02585,0.0,0.0121833333333333,0.0,0.01165,0.1156,0.0,0.0,,,,0.004340445336711875,0.009,0.36540878378364344,2.8609570611696404,1.4547712341937067,43.0,74.666664,243.22697,0.8519267722309831,2024-08-05 12:00:00
2024-08-05 06:15:00,46.436,1.0,0.0469736488888888,0.3621856636733494,0.005702552291911415,0.050320119961545805,1.456433146666667,2.1891008711843713e-05,4.3773955555555556e-05,0.0001409213688888889,2.261392888888889e-27,3.040262666666667e-08,9.677391555555556e-08,1.062654577777778e-06,9.007465777777778e-28,1.1867348444444444e-08,6.699978222222222e-06,5.013641333333333e-06,3.583850222222222e-10,0.00046001746666666664,3.276888444444444e-05,7.117998666666667e-05,0.000630340888888889,8.081864e-08,8.570598666666665e-09,0.093,1308.8133333333333,1.6516444444444445,0.042133333333333335,1.6516444444444445,40.7343312,-111.87211,298.14866666666666,31.68,878.0395555555556,113.48844444444444,1.9337777777777778,435129.7777777778,1959.4222222222224,132.00222222222223,14427443.291111112,0.0007448355555555,0.0001027819727891,0.0004548311111111,0.0001212177777777,0.0002081733333333,0.0015265822222222,0.0027648711111111,0.1629956156495356,1.3857345986272989,2.1633410833055837,7.930411555555556,0.1942533333333333,0.9074751555555556,1.555733422222222,0.0004019111111111,0.1550032444444444,3.450604222222222,0.0071500888888888,0.13984488888888888,0.3172305777777778,0.0411300444444444,0.1502522222222222,0.0102607999999999,0.004584580036562348,0.0846447999999999,0.03351,0.0027700888888888,0.0272647111111111,0.0936048444444444,0.0363762666666666,0.0019111555555555,0.0013381777777777,4.1236250000000005,0.264,0.07460025349252493,0.013874999999999998,0.0045,0.07125,0.42225,0.19325,0.067125,0.008125,0.09079999999999999,0.01859230578501529,1.3652259764020087,0.13090795450144188,0.336425,0.008375,0.046906857982597666,0.0031249999999999997,0.07640691472248706,0.3056586699233053,0.20195502869662701,3.9523833333333327,0.6406610146744011,0.09945648080068593,0.053625000000000006,0.015125,0.08560437633593064,0.0175,1.189575,3.2447968146726094,0.00428579660753494,0.011875,0.0508541327199962,3.652178836365855,0.03225,0.2155142857142857,0.5651889909936478,0.042124999999999996,0.18520695061802278,2.2368708160641084,0.0028464595977740217,0.004731297120086524,0.021374968455074146,0.018375,0.022875,0.010125,0.008057030916419239,0.016875,0.010494173848780288,0.09118227419488066,0.05664930203572202,0.11514132222704007,0.04378749999999999,0.0020628252503316065,0.30845946531344665,0.26609779758534696,0.008304426251140622,0.0031448622222222,0.0070496355555555,0.0505445911111111,0.0063329288888888,0.0009045422222222,0.1424056977777777,44100.0,44159.0,872.6020088888889,33.21901333333333,209.83880888888888,30.067586666666667,1.9359066666666667,0.18565777777777778,0.008004444444444444,28.030927808888887,24.282440768888886,21.013871466666668,18.633211604444448,16.128468444444444,13.835571120000001,11.66911174222222,10.082653591111113,8.704434097777778,7.714789648888888,6.865078106666667,6.540585622222222,6.106648453333333,5.6077389377777775,4.499955062222223,13.36407808888889,4.439511715555556,1.2275061111111112,0.5302128577777778,0.09956850222222222,0.0806588311111111,0.046765408888888894,0.032041964444444446,0.03269806222222222,0.030586604444444443,0.026432715555555555,0.01799352,0.021422186666666666,0.024935342222222222,0.02518424888888889,0.03429159555555556,0.024181924444444444,0.01922376,0.011253324444444443,0.01292328,0.021756213333333333,2.052505955555556,14225594.222222222,1906.276933333333,1.0640625,0.07940193040096696,0.0,0.07706555133511837,1.6124423183044385,0.0282444444444444,0.10364169533966788,0.05413125,0.0102607999999999,0.33192533674846453,0.0,0.0,0.0076444444444444,0.136065625,0.6727035714285713,0.0315888888888888,0.0,2.042206433037973,0.05358045449451114,0.0,0.2200571428571428,0.0,0.22084166666666658,0.5247083333333332,0.2621833333333333,0.5635916666666666,0.4692833333333333,0.07916875,0.09042499999999992,0.11028125,1.19188125,0.0407875,4.072783333333333,0.066925,0.19906071428571426,2.50565625,1.6797099999999998,0.030195,0.0631,2.26717,0.03755625,0.05575625000000001,0.059585,0.08987142857142857,0.16387499999999994,0.13155714285714282,0.053759375000000005,0.07130714285714285,0.11662499999999996,0.14577083333333332,0.022,0.1361375,0.0,0.0,,,,0.014146567514400729,0.015125,0.31771954339799213,2.672827408625615,1.2452836356135464,44.04650880747869,84.666664,244.71642,0.6680425373941914,2024-08-05 12:15:00
2024-08-05 06:30:00,46.492444444444445,1.0,0.0470976799999999,0.36792203799260187,0.005764123004641886,0.051161651344706426,1.4801321911111112,0.00010843900888888889,0.00021815053333333335,0.0007478066666666666,8.139728888888889e-27,1.4242195555555557e-07,4.514296888888889e-07,4.945861333333334e-06,3.0846079999999998e-27,4.5968888888888885e-08,3.153704444444444e-05,2.334256888888889e-05,1.5991848888888887e-09,0.0028377115555555553,0.00015472191111111112,0.0005851152444444445,0.004336021777777778,3.7575244444444447e-07,3.4285422222222225e-08,0.093,1309.084888888889,1.5507555555555554,0.04822222222222223,1.5507555555555554,40.73433013333333,-111.87211,298.2904444444444,31.472888888888892,878.1337777777778,108.78764444444444,1.8737777777777778,434766.6666666666,1958.5648888888888,126.40133333333333,14440629.924,0.0007188044444444,0.0001059842266992,0.0004751644444444,0.0001106133333333,0.0001446,0.0018235688888888,0.0025504088888888,0.1297603511111111,1.350560311111111,2.065745333333333,8.5332724,0.1970576,0.9187850666666668,1.3903375555555555,0.0004154666666666,0.1531267111111111,3.4298239555555554,0.0056087555555555,0.1313691111111111,0.3240834222222222,0.0230099111111111,0.1031665333333333,0.0052056888888888,0.004591803492766535,0.0585321777777777,0.0228412,0.0017189333333333,0.0270241333333333,0.0960874222222222,0.0355964,0.0018383555555555,0.0017219555555555,4.5672500000000005,0.307,0.06659935049967963,0.024749999999999998,0.009,0.0715,0.4235,0.1945,0.07625000000000001,0.00825,0.1706,0.01288846005523741,1.3482880547631737,0.10505364425840802,0.5268499999999999,0.00875,0.06481371596519533,0.0052499999999999995,0.07835939294450626,0.5853173398466106,0.37891005739325406,7.206766666666665,1.246322029348802,0.06396407535741012,0.07825,0.021249999999999998,0.1681324432673103,0.031,2.25115,6.345593629345219,0.00810211137788709,0.01375,0.03533859248274344,7.02935767273171,0.0545,0.3960285714285714,1.0543779819872958,0.07325,0.3514139012360456,4.327741632128217,0.0013960654430138406,0.005055397531502735,0.014696201158987317,0.03375,0.040749999999999995,0.018250000000000002,0.002525081672421709,0.02975,0.01899500615609739,0.17636454838976132,0.10929860407144404,0.20528264445408012,0.083575,0.0007067296525038783,0.5809189306268934,0.5041955951706939,0.0033842762174974813,0.00326632,0.00728936,0.05462528,0.0064727377777777,0.0009058,0.1452465777777778,45000.0,45059.0,872.7046177777778,33.289551111111116,209.87720444444443,29.827715555555553,1.861688888888889,0.1804222222222222,0.00796888888888889,28.284082,24.42722957777778,20.9757194,18.663366142222223,16.218302497777778,13.816389435555555,11.685833471111112,10.142000226666665,8.600518813333334,7.587401653333333,6.835410453333334,6.478217128888889,6.0734348266666665,5.634371035555556,4.474494186666666,13.234027191111112,4.44990736,1.2488249333333334,0.5213216044444444,0.09377463555555555,0.07334329777777777,0.04506435555555555,0.032862497777777784,0.03043496,0.02877972,0.025780062222222223,0.01402712,0.02209490222222222,0.021540035555555555,0.0238716,0.03272292888888889,0.01924892,0.02176372,0.010067595555555557,0.01266700888888889,0.018364315555555556,2.073565822222222,14234703.555555556,1904.883822222222,1.862125,0.07040453292338347,0.0,0.12992415312137173,1.5817936659218645,0.0282444444444444,0.17523291361041007,0.054237499999999994,0.0052056888888888,0.5515029383235325,0.0,0.0,0.0076444444444444,0.24316875,1.0996071428571426,0.0315888888888888,0.0,2.0777060509244447,0.046540242364627074,0.0,0.39905714285714283,0.0,0.4229833333333332,0.9780166666666664,0.4854,1.0347166666666667,0.87045,0.1355625,0.17034999999999995,0.203,2.2526875,0.081575,7.287033333333332,0.11310999999999999,0.3737785714285714,4.6543375000000005,3.12334,0.06039,0.11518,4.305440000000001,0.0751125,0.0998875,0.08309,0.17974285714285715,0.28397857142857136,0.2397428571428571,0.08166875000000001,0.1426142857142857,0.22106666666666663,0.29154166666666664,0.032350000000000004,0.156675,0.0,0.0,,,,0.023952689692089583,0.021249999999999998,0.2980596335302347,2.6377562423719745,1.1721567456699544,44.098638778463084,94.666664,247.37491,0.7008639442865666,2024-08-05 12:30:00
2024-08-05 06:45:00,41.73955555555555,1.0,0.12322772,0.3736584123118543,0.0058256937173723575,0.05200318272786705,1.74884708,0.0002975703555555556,0.000627884,0.0023598444444444446,1.5658786666666666e-26,4.144631111111111e-07,1.225343111111111e-06,1.3228875555555555e-05,5.947462222222222e-27,1.2286502222222223e-07,8.45839111111111e-05,6.110991111111112e-05,4.5140222222222224e-09,0.010771666666666667,0.00040949644444444443,0.0027090466666666664,0.01806610222222222,1.012040888888889e-06,9.089057777777778e-08,0.093,1309.732888888889,1.170488888888889,0.04702222222222222,1.170488888888889,40.73433026666667,-111.87211,298.5517777777778,31.26488888888889,878.2791111111111,103.30831111111111,0.7386666666666667,444543.06666666665,2002.0097777777776,157.00355555555555,14592705.404444445,0.0006616844444444,0.0001261377777777,0.0010486622222222,0.00056472,0.0001705377777777,0.0091296577777777,0.0048203244444444,0.2168684577777777,4.81749208888889,5.438839111111111,12.380764177777776,0.2086777777777778,1.5814701777777778,4.972873555555555,0.0034168888888888,0.2063457333333333,3.9307338666666665,0.0085811111111111,0.13751151111111112,0.3404365777777778,0.0862973777777777,0.2933081333333333,0.0213789777777777,0.004599026948970722,0.1869765777777777,0.0864774222222222,0.0031698666666666,0.0408181777777777,0.1235690666666666,0.0551783555555555,0.0072802222222222,0.0088720888888888,5.010875,0.35,0.09454378513203683,0.035625000000000004,0.013499999999999998,0.07175,0.42474999999999996,0.19575,0.085375,0.008375,0.2504,0.040944893308823345,2.206607794585601,0.2463168192928541,0.717275,0.009125,0.082720573947793,0.007374999999999999,0.08301865237208593,0.864976009769916,0.555865086089881,10.461149999999998,1.851983044023203,0.20728963601254316,0.102875,0.027375000000000003,0.25066051019869,0.0445,3.312725,9.446390444017828,0.011918426148239241,0.015625,0.11165740257734272,10.406536509097565,0.07675,0.5765428571428571,1.5435669729809436,0.104375,0.5176208518540684,6.4186124481923255,0.010047235653546519,0.005379497942918946,0.047548139611780955,0.049125,0.05862499999999999,0.026375000000000003,0.0355215153306664,0.042624999999999996,0.027495838463414492,0.26154682258464196,0.16194790610716606,0.2954239666811202,0.12336249999999999,0.008795436987718954,0.85337839594034,0.7422933927560409,0.03273150935595627,0.0032823511111111,0.0070164088888888,0.0526218355555555,0.0063226266666666,0.0009498577777777,0.1306656088888889,45900.0,45959.0,872.8323066666667,33.291804444444445,228.16872888888886,34.16182666666667,2.470466666666667,0.20253777777777776,0.009746666666666666,29.768143062222226,25.988968066666665,22.339402715555554,19.958468368888887,17.55229237777778,15.126038742222223,12.726174164444444,11.0325156,9.543309075555555,8.480524911111111,7.583696017777778,7.219295097777778,6.683174159999999,6.2084502044444445,4.970451128888889,15.13128531111111,5.0525872622222225,1.39275008,0.6373645244444445,0.11263470666666667,0.10064526666666666,0.06532460888888889,0.05646852888888889,0.04020021777777778,0.04028629777777778,0.03567650666666666,0.03140628,0.03258274666666667,0.029930804444444445,0.039580573333333334,0.053003053333333335,0.03520532888888888,0.027969453333333335,0.01931148,0.020892684444444445,0.03274777777777778,2.423548088888889,14377855.11111111,1942.263511111111,2.6601875,0.11956465062843105,0.0,0.18278275490762508,2.404152400833297,0.0282444444444444,0.24682413188115226,0.054343749999999996,0.0213789777777777,0.7710805398986005,0.0,0.0,0.0076444444444444,0.350271875,1.5265107142857137,0.0315888888888888,0.0,2.435877411318535,0.08500666088574803,0.0,0.5780571428571428,0.0,0.6251249999999999,1.4313249999999995,0.7086166666666667,1.5058416666666667,1.2716166666666666,0.19195625,0.25027499999999997,0.29571875,3.31349375,0.12236249999999999,10.501283333333332,0.159295,0.5484964285714286,6.803018750000001,4.56697,0.090585,0.16726,6.343710000000001,0.11266875,0.14401875,0.106595,0.2696142857142857,0.40408214285714283,0.34792857142857136,0.10957812500000001,0.21392142857142854,0.32550833333333334,0.4373125,0.0427,0.1772125,0.0,0.0,,,,0.033758811869778436,0.027375000000000003,0.3495873571575806,6.094523937027238,3.699560423874211,39.70904893824919,104.66666,251.84029,0.7266738444072776,2024-08-05 12:45:00
2024-08-05 07:00:00,20.62133333333333,1.0,0.4125016187301587,0.37939478663110676,0.00588726443010283,0.05284471411102768,2.39871373968254,0.0005642241333333333,0.0013427262222222222,0.005246893333333334,2.3712755555555557e-26,9.015555555555556e-07,2.4614977777777778e-06,2.6489911111111114e-05,8.988964444444443e-27,2.757386666666667e-07,0.00017036115555555553,0.00012042382222222223,9.801973333333333e-09,0.024586933333333335,0.0008244764444444444,0.0059364844444444445,0.04105062222222222,2.0439511111111113e-06,1.952052e-07,0.093,1309.404,1.5430222222222223,0.04831111111111111,1.5430222222222223,40.734336444444445,-111.87211,298.6668888888889,31.205333333333332,878.4995555555556,116.37453333333333,0.40977777777777774,475038.4444444445,2223.107555555556,255.2288888888889,14771891.464444444,0.0005508355555555,0.0001020987301587,0.0018505041269841,0.0016126349206349,0.0002853888888888,0.0176503196825396,0.0091849337089497,2.1808343511111112,22.211604444444447,25.368759555555556,19.07697337777778,0.2362989333333333,4.020965377777778,13.447256222222222,0.0198287555555555,0.4466059111111111,5.966072666666666,0.0087429777777777,0.11667795555555555,0.3794040888888889,0.5789148,1.4165958222222224,0.1269219111111111,0.004606250405174909,0.8425390222222222,0.3946173333333334,0.0430314222222222,0.0795988444444444,0.1648979555555555,0.1007751111111111,0.0264512444444444,0.0255675555555555,5.4545,0.393,0.6904082582837578,0.0465,0.018,0.072,0.426,0.197,0.0945,0.0085,0.3302,0.184141046400069,12.799626650789559,3.6843606908301574,0.9077,0.0095,0.10062743193039067,0.009499999999999998,0.09412108106830652,1.1446346796932212,0.7328201147865081,13.715533333333331,2.4576440586976043,1.0540051248219815,0.1275,0.0335,0.33318857713006966,0.057999999999999996,4.3743,12.547187258690437,0.015734740918591394,0.0175,0.5011780488858377,13.78371534546342,0.09899999999999999,0.7570571428571429,2.0327559639745916,0.1355,0.6838278024720912,8.509483264256435,0.05193801305343006,0.0057035983543351565,0.2152198876743811,0.0645,0.0765,0.0345,0.19529715535734024,0.055499999999999994,0.0359966707707316,0.3467290967795226,0.21459720814288807,0.3855652889081603,0.16315,0.0479626513860398,1.1258378612537867,0.9803911903413878,0.17483695645592337,0.0035025473015873,0.005807252063492,0.03609598,0.0066872431746031,0.0014897707936507,0.1300833466666666,46800.0,46859.0,873.0525377777778,33.20292444444444,359.29884444444446,58.32754666666666,5.240373333333334,0.26065777777777777,0.01831111111111111,47.611144182222226,41.534652537777774,35.503711173333336,31.542946093333335,27.641038635555557,23.538633946666668,20.012481386666664,17.23367122666667,14.85939144888889,13.015272284444444,11.656304715555557,10.857123235555555,9.988718573333333,9.120053613333335,7.485891457777778,24.08100884,8.086281924444444,2.3627748,1.1929753911111112,0.2561092933333333,0.22492352888888886,0.14658685777777777,0.14482853777777777,0.11806220444444444,0.10563346222222221,0.09974426666666666,0.08662847555555556,0.09150437777777777,0.0835922,0.10980320444444444,0.14468956000000002,0.08803791111111112,0.08765503555555557,0.05064238222222222,0.05859031555555556,0.07773758222222223,3.6340496888888887,14553148.888888888,2148.199422222222,3.45825,0.9077,0.0,0.2356413566938784,12.8247,0.0282444444444444,0.3184153501518944,0.05445,0.1269219111111111,0.9906581414736685,0.0,0.0,0.0076444444444444,0.457375,1.953414285714285,0.0315888888888888,0.0,3.6424380292865655,0.7258166666666667,0.0,0.7570571428571429,0.0,0.8272666666666666,1.8846333333333327,0.9318333333333334,1.9769666666666668,1.6727833333333333,0.24835,0.3302,0.3884375,4.3743,0.16315,13.715533333333331,0.20548,0.7232142857142857,8.9517,6.0106,0.12078,0.21934,8.38198,0.150225,0.18815,0.1301,0.3594857142857143,0.5241857142857143,0.4561142857142857,0.1374875,0.2852285714285714,0.42995,0.5830833333333333,0.05305,0.19775,0.0,0.0,,,,0.04356493404746729,0.0335,1.5113471018902596,23.4376415758833,18.63272195334461,13.0,110.0,258.60068,0.6843423328043332,2024-08-05 13:00:00
2024-08-05 07:15:00,13.42088888888889,1.0,0.4210169311111111,0.3851311609503592,0.0059488351428333,0.0536862454941883,2.274495466984127,0.000931796,0.002266017777777778,0.008695524444444444,3.2560755555555555e-26,1.6570693333333333e-06,4.230351111111111e-06,4.554173333333333e-05,1.224100888888889e-26,5.567902222222222e-07,0.00029030844444444444,0.00020454888888888888,1.8330644444444444e-08,0.039082711111111106,0.0014124853333333334,0.008898653333333334,0.0640711111111111,3.5394399999999998e-06,3.742728888888889e-07,0.093,1308.6915555555556,1.865911111111111,0.04755555555555556,1.865911111111111,40.73433995555556,-111.87211,298.46288888888887,32.28488888888889,878.5920000000001,113.29053333333333,0.6244444444444445,493543.1111111111,2549.677777777777,294.1306666666667,15248271.52488889,0.0005027977777777,8.813111111111112e-05,0.0017450831746031,0.0019258219047619,0.0003066088888888,0.0125777028571428,0.009005947606199277,5.816077777777779,28.19504444444445,35.440622222222224,19.37453551111111,0.2366581777777777,5.152822222222222,13.60778088888889,0.0204955555555555,0.5964538666666667,7.080852533333333,0.0125398222222222,0.17368524444444447,0.4137751111111111,0.8543309333333333,1.8705577777777775,0.1744738222222222,0.004613473861379096,1.1245242666666668,0.4570712888888888,0.0611193333333333,0.0868807111111111,0.1680826666666666,0.1039216888888888,0.0326596,0.0235771555555555,5.898125,0.43599999999999994,0.43366722645605554,0.057374999999999995,0.0225,0.07225,0.42725,0.19825,0.10362500000000001,0.008624999999999999,0.31615,0.2457357923699336,13.026620626734754,0.8793104286520557,0.958525,0.009875,0.153970573947793,0.011625,0.10391390110113707,0.985976009769916,0.6888650860898811,12.947899999999999,2.197983044023203,1.3961940608365124,0.152125,0.039625,0.2841414328475522,0.07150000000000001,4.1179749999999995,11.202640444017828,0.019551055688943546,0.019375000000000003,0.6687274190431566,12.249786509097564,0.12124999999999998,0.7090428571428571,1.8735669729809437,0.16662500000000002,0.5963708518540684,7.660612448192326,0.060428457347017885,0.0060276987657513674,0.2873426263464046,0.079875,0.094375,0.042625,0.22768056419621718,0.068375,0.0444975030780487,0.313296822584642,0.19769790610716606,0.4191739666811202,0.1563625,0.05590108253066875,1.03237839594034,0.8937933927560409,0.20363896151064492,0.0041245098412698,0.0053194034920634,0.0260533415873015,0.0080195123809523,0.0016735444444444,0.1644367536507936,47700.0,47759.0,873.177111111111,33.329262222222226,427.16618666666665,68.22719111111111,6.200551111111111,0.2658622222222223,0.02105777777777778,58.70857471555556,50.89020155555556,43.40198061777778,38.36191620444445,33.03261116444445,28.02824111111111,23.704515093333335,20.44391488888889,17.331306155555556,14.969413297777777,13.209364688888888,12.372832333333333,11.435590666666666,10.286293559999999,8.358136151111111,27.141984462222222,9.126833031111111,2.6589035422222222,1.3853594622222223,0.2962721288888889,0.25962723555555556,0.16928539555555558,0.16731038666666667,0.1430211511111111,0.12735438666666668,0.11447284444444444,0.1052375111111111,0.10828745777777778,0.10594472444444444,0.12837892,0.15736013777777777,0.12067625333333334,0.08860392888888889,0.06182207111111111,0.06511568,0.09951110666666667,4.532416755555556,15007456.444444446,2470.2156,3.1023875,0.3398488141059498,0.0,0.21868174641298202,14.01917715941476,0.0282444444444444,0.29544540542433384,0.04838125,0.1744738222222222,0.9202069675249932,0.0,0.0,0.0076444444444444,0.46968125,1.8164428571428566,0.0315888888888888,0.0,4.445621835438462,0.25737286384606434,0.0,0.6675678571428572,0.0,0.7204124999999999,1.6385666666666663,0.8143125,1.7253416666666668,1.4589958333333333,0.21728124999999998,0.284815,0.337996875,3.721225,0.1424875,11.940649999999998,0.178275,0.6121107142857143,7.5972437500000005,5.164070000000001,0.10172999999999997,0.18414499999999998,7.189285,0.12611875,0.15766875000000002,0.22289,0.3292178571428571,0.4719107142857143,0.4095,0.1310375,0.2542178571428571,0.3781583333333333,0.5054333333333333,0.0486625,0.193728125,0.0,0.0,,,,0.05337105622515614,0.039625,3.6617304103485715,29.403539788096072,26.17940296109052,13.554990975942456,110.0,268.11496,0.6596854339018505,2024-08-05 13:15:00
2024-08-05 07:30:00,14.820444444444444,1.0,0.3646739050793651,0.3524870926984127,0.005723185079365,0.046146866031746,2.162728217142857,0.0016692537333333334,0.003237488888888889,0.0120074,4.2534488888888894e-26,2.72832e-06,6.559448888888889e-06,7.006946666666668e-05,1.5846800000000003e-26,1.0343364444444444e-06,0.000436572,0.00030824577777777774,3.1000711111111107e-08,0.051562533333333334,0.0021114222222222223,0.011259182222222221,0.08335617777777778,5.489111111111111e-06,6.662604444444445e-07,0.093,1308.8551111111112,1.1935555555555555,0.04875555555555556,1.1935555555555555,40.734336266666666,-111.87211,298.914,32.949777777777776,878.7933333333333,123.42746666666667,0.864,488340.97777777776,2371.3160000000003,336.9146666666666,15573950.794222225,0.0006398542857142,0.0001100107936507,0.0016837349206349,0.0018854288888888,0.0002872019047619,0.0085112653968253,0.008826961503448852,7.822199111111111,27.06996888888889,36.20008888888889,24.968360509368413,0.2400037095904096,5.238314869907869,15.761554387856588,0.0170203166167166,0.5601697814740815,7.00971540992341,0.0112336967587967,0.27043110362970363,0.4371817679098679,0.6941814161394162,1.661682622022422,0.1504000227217227,0.0046206973175832835,1.00315548014208,0.4050797757464757,0.054215709046509,0.0835729249639249,0.2065497653568653,0.1008038713730713,0.0386568919857919,0.023927986047286,6.34175,0.479,0.36295357728756844,0.06825,0.026999999999999996,0.0725,0.4285,0.1995,0.11275000000000002,0.008749999999999999,0.30210000000000004,0.219224903158759,9.502812910526245,1.0768060104037933,1.00935,0.010249999999999999,0.20731371596519532,0.013749999999999998,0.11058280888393375,0.8273173398466106,0.644910057393254,12.180266666666665,1.9383220293488022,1.2387474589063479,0.17675,0.045750000000000006,0.23509428856503484,0.085,3.86165,9.858093629345218,0.023367370459295697,0.02125,0.596612781346364,10.71585767273171,0.14350000000000002,0.6610285714285714,1.7143779819872957,0.19775,0.5089139012360456,6.811741632128218,0.053360353459149225,0.006351799177167578,0.25630040181192915,0.09525,0.11224999999999999,0.05075,0.20072210477974484,0.08125,0.0529983353853658,0.2798645483897613,0.18079860407144405,0.4527826444540801,0.149575,0.049292517172162736,0.9389189306268934,0.807195595170694,0.17966194018333523,0.0040245917460317,0.005831806031746,0.0265301673015873,0.0074419082539682,0.0017411269841269,0.1323251663492063,48600.0,48659.0,873.3566622222222,33.420991111111114,413.56440888888886,65.47564,5.896631111111111,0.26328,0.02017777777777778,58.243947795555556,50.26228263111111,42.78166353777778,37.38308949333334,32.09699577333333,27.067421795555553,22.70243868444445,19.45579664,16.503433604444446,14.39941342222222,12.648946062222223,11.639886533333334,10.717776377777778,9.634629613333335,7.8329361155555555,25.28801513333333,8.630816906666666,2.614292448888889,1.3864206444444445,0.3213487111111111,0.2654296088888889,0.1750675111111111,0.16156628,0.12462115555555557,0.12691248,0.10985401333333332,0.10863805333333333,0.0973526088888889,0.09863143111111111,0.12280477333333333,0.15650056444444443,0.10589704444444444,0.08483464888888889,0.05737830222222222,0.057905333333333336,0.09944079111111111,4.3628704,15330910.666666666,2315.2747111111107,2.746525,0.4085780214366984,0.0,0.20172213613208562,10.610454477118836,0.0282444444444444,0.2724754606967732,0.0423125,0.1504000227217227,0.8497557935763178,0.0,0.0,0.0076444444444444,0.4819875,1.679471428571428,0.0315888888888888,0.0,4.151722113164444,0.31115154821927155,0.0,0.5780785714285714,0.0,0.6135583333333333,1.3924999999999996,0.6967916666666667,1.4737166666666668,1.2452083333333333,0.1862125,0.23942999999999998,0.28755625,3.06815,0.12182499999999999,10.165766666666666,0.15106999999999998,0.5010071428571429,6.2427875,4.31754,0.08267999999999995,0.14894999999999994,5.99659,0.1020125,0.1271875,0.31568,0.29895,0.4196357142857143,0.36288571428571426,0.1245875,0.22320714285714283,0.32636666666666664,0.4277833333333333,0.044274999999999995,0.18970625000000002,0.0,0.0,,,,0.063177178402845,0.045750000000000006,4.848426684467904,28.281762642258027,26.748458840726165,14.847567973028067,110.0,280.78796,0.790582629928221,2024-08-05 13:30:00
2024-08-05 07:45:00,16.166222222222224,1.0,0.3380026584126984,0.340819913015873,0.0055850717460317,0.0422314066666666,2.214150757142857,0.0024338893333333334,0.004164048888888889,0.014931377777777777,5.417342222222222e-26,4.12064e-06,9.35572e-06,9.860666666666667e-05,2.0006844444444445e-26,1.7827422222222222e-06,0.0005975937777777778,0.0004216262222222222,4.836937777777778e-08,0.06175337777777778,0.002845746666666667,0.013098799999999999,0.0988408,7.800693333333334e-06,1.1154102222222222e-06,0.093,1309.2471111111113,67.92951111111111,0.052755555555555556,67.92951111111111,40.734337733333334,-111.87211,300.29355555555554,32.48444444444444,878.8626666666665,113.90942222222222,0.7315555555555555,485769.4222222223,2280.504,369.3888888888889,16105181.30711111,0.0007641196825396,0.0001437155555555,0.0014157415873015,0.0017698914285714,0.0003075895238095,0.0052945761904761,0.008647975400698428,9.202487555555557,26.011955555555552,36.08021777777778,30.01699165396825,0.2405895626984127,5.612867634656085,17.855702228571428,0.014452269047619,0.5409210058201058,7.139303269841269,0.0139837116402116,0.4188768727513228,0.4647733936507937,0.6532275309523808,1.6496392351851852,0.1468452333333333,0.0046279207737874705,1.0057400248677248,0.3796084608465608,0.0530313645502645,0.1008802769841269,0.2550713481481482,0.1090962298941799,0.0436804082010582,0.0268993579365079,6.785375,0.522,0.34487048393864567,0.079125,0.0315,0.07275,0.42974999999999997,0.20075,0.12187500000000001,0.008875,0.28805000000000003,0.21978945176178075,7.708683976001801,1.226710540361558,1.060175,0.010624999999999999,0.26065685798259763,0.015874999999999997,0.11844407712167054,0.6686586699233052,0.6009550286966271,11.412633333333332,1.6786610146744012,1.2296693551634867,0.201375,0.051875000000000004,0.18604714428251742,0.0985,3.605325,8.513546814672608,0.02718368522964785,0.023125,0.5981484604269427,9.181928836365856,0.16575,0.6130142857142857,1.5551889909936478,0.228875,0.4214569506180228,5.962870816064108,0.04989759792479743,0.006675899588583789,0.2569614450668736,0.110625,0.130125,0.058875000000000004,0.18751480675145607,0.094125,0.061499167692682905,0.24643227419488065,0.163899302035722,0.48639132222704007,0.1427875,0.046054895508371274,0.8454594653134466,0.7205977975853469,0.16791528724563357,0.00399242,0.0064772285714285,0.029644232063492,0.0068219053968253,0.0017282653968253,0.1535869819047619,49500.0,49559.0,873.4379333333333,33.294,395.73199555555556,61.70473777777777,5.45232,0.2581288888888889,0.01889333333333333,57.308479186666666,49.20084104888888,41.62955350222223,36.186893044444446,30.74598027111111,25.821578706666667,21.58188484888889,18.272326417777776,15.476097222222222,13.512415422222222,11.827025844444446,10.882629613333334,9.959203493333332,8.968384786666666,7.3378445333333335,23.20325530222222,7.869884675555555,2.4267017111111113,1.3464021466666667,0.3060700888888889,0.2711974088888889,0.1800048711111111,0.14214208888888888,0.13128383555555556,0.13039198222222223,0.11300389333333333,0.10758717777777778,0.09205091111111112,0.09210517333333333,0.10262084444444446,0.13769942222222223,0.08951131111111112,0.08068855555555557,0.05099908888888889,0.05453485777777778,0.09264441777777778,4.432187555555556,15832606.666666666,2206.469511111111,2.3906625000000004,0.46074536324709303,0.0,0.18476252585118924,8.216723836669807,0.0282444444444444,0.24950551596921258,0.03624375,0.1468452333333333,0.7793046196276425,0.0,0.0,0.0076444444444444,0.49429375000000003,1.5424999999999998,0.0315888888888888,0.0,4.287517871065494,0.3519710355779637,0.0,0.4885892857142856,0.0,0.5067041666666666,1.1464333333333332,0.5792708333333334,1.2220916666666668,1.0314208333333332,0.15514375,0.194045,0.237115625,2.415075,0.1011625,8.390883333333333,0.123865,0.3899035714285714,4.88833125,3.47101,0.06362999999999992,0.11375499999999991,4.803895000000001,0.07790625,0.09670625000000001,0.40847,0.26868214285714287,0.36736071428571426,0.3162714285714286,0.1181375,0.19219642857142857,0.274575,0.3501333333333333,0.0398875,0.185684375,0.0,0.0,,,,0.07298330058053386,0.051875000000000004,5.66491925000508,27.226851110792744,26.658641389124735,16.090477832404133,110.0,296.94833,0.8552726642334056,2024-08-05 13:45:00
2024-08-05 08:00:00,16.955555555555556,1.0,0.3270350793650793,0.3902307415873016,0.0057362955555555,0.0508308596825396,2.276271678095238,0.0031194288888888888,0.005005968888888889,0.017435377777777778,6.816404444444446e-26,5.7826844444444446e-06,1.2443604444444445e-05,0.00012932533333333333,2.495968888888889e-26,2.8565733333333333e-06,0.0007626111111111112,0.0005358613333333334,7.035137777777777e-08,0.06999426666666667,0.0035622133333333334,0.014539155555555554,0.11123066666666667,1.0341435555555554e-05,1.7592755555555556e-06,0.093,1310.4333333333334,7.095911111111111,0.05435555555555556,7.095911111111111,40.73434,-111.87211,301.702,31.41288888888889,878.8582222222223,111.07551111111111,0.6324444444444445,493335.4666666667,2401.1755555555555,389.3502222222222,16571915.79822222,0.0008240625396825,0.0001032841269841,0.0010359336507936,0.0018236695238095,0.0002966219047619,0.0030638717460317,0.008468989297948004,11.124853777777778,25.69007111111111,37.52001777777778,31.688574766933066,0.2453521013357013,6.2994024004477005,18.48212371156806,0.0147042179672179,0.6170783332574833,8.170062303126503,0.0191319569190069,0.5499967456080956,0.51998389006734,0.7776802784918785,1.8005592452917452,0.2149645167314167,0.0046351442299916576,1.1138281339956342,0.4156101687331187,0.0562144612979612,0.1074960646705146,0.3226024173715174,0.1201881294316794,0.0578282591834091,0.0316685383782883,7.229,0.565,0.638,0.09,0.036,0.073,0.431,0.202,0.131,0.009,0.274,0.251,10.863,2.951,1.111,0.011,0.314,0.018,0.117,0.51,0.557,10.645,1.419,1.689,0.226,0.058,0.137,0.112,3.349,7.169,0.031,0.025,0.763,7.648,0.188,0.565,1.396,0.26,0.334,5.114,0.062,0.007,0.286,0.126,0.148,0.067,0.23,0.107,0.07,0.213,0.147,0.52,0.136,0.06,0.752,0.634,0.209,0.0047458803174603,0.0078818749206349,0.0282989952380952,0.0077179041269841,0.0018836469841269,0.1738584228571428,50400.0,50459.0,873.426031111111,33.253795555555556,427.2607022222222,66.79411999999999,5.958035555555556,0.2613866666666667,0.020564444444444444,61.804176813333335,53.324709,45.0589066,39.039225324444445,33.23577760888889,28.047685511111112,23.221915702222223,19.792479964444446,16.759459573333334,14.42745611111111,12.745837564444445,11.796948764444444,10.760711653333335,9.687096333333333,7.761130648888889,24.804389595555556,8.485518977777778,2.6317106311111114,1.4895526133333334,0.33796798222222224,0.2980672311111111,0.1932140088888889,0.15065710666666668,0.151917,0.14086752444444445,0.11683323555555555,0.10045283111111111,0.09757217777777778,0.10903784000000001,0.1215681511111111,0.16144175555555557,0.10609295111111111,0.09309237777777776,0.057776075555555556,0.059988448888888886,0.08950150222222222,4.917571555555556,16298121.777777776,2328.476222222222,2.0348,0.46525,0.0,0.16780291557029287,7.8513,0.0282444444444444,0.22653557124165197,0.030175,0.2149645167314167,0.7088534456789672,0.0,0.0,0.0076444444444444,0.5066,1.4055285714285712,0.0315888888888888,0.0,4.748377867628787,0.4624166666666667,0.0,0.3990999999999999,0.0,0.39985,0.9003666666666666,0.46175,0.9704666666666668,0.8176333333333333,0.124075,0.14866,0.186675,1.762,0.0805,6.616,0.09666,0.2788,3.533875,2.62448,0.0445799999999999,0.0785599999999999,3.6112,0.0538,0.066225,0.50126,0.2384142857142857,0.3150857142857143,0.2696571428571429,0.1116875,0.1611857142857143,0.2227833333333333,0.2724833333333333,0.0355,0.1816625,0.0,0.0,,,,0.08278942275822271,0.058,6.80207122356665,26.90591034233009,27.73745984352177,26.0,117.0,316.83029,0.8756996274476043,2024-08-05 14:00:00
2024-08-05 08:15:00,21.02266666666667,1.0,0.2766143380952381,0.3752081720634921,0.0050832536507936,0.0474317971428571,2.187493195555556,0.00376308,0.005753808888888889,0.019554444444444444,8.539253333333334e-26,7.638715555555555e-06,1.5658044444444444e-05,0.00016072844444444445,3.1009866666666665e-26,4.284462222222222e-06,0.0009243191111111111,0.0006456022222222222,9.64371111111111e-08,0.07668662222222222,0.004233280000000001,0.015682044444444446,0.12118666666666668,1.29952e-05,2.623444444444444e-06,0.093,1310.0164444444445,2.2169777777777777,0.05546666666666667,2.2169777777777777,40.73433706666666,-111.87211,302.8171111111111,30.122666666666664,878.8404444444444,132.03511111111112,1.0724444444444443,483481.02222222224,2316.4013333333337,379.5866666666667,16759650.628444444,0.0007566555555555,5.415619047619048e-05,0.0006682571428571,0.0014237222222222,0.0002665146031746,0.001797226031746,0.008290003195197581,11.005184285529284,22.7850651037851,33.80795984200984,30.25175782222222,0.2386028,5.564928933333333,16.790526,0.0130186666666666,0.5376656444444445,8.128254666666667,0.0169457333333333,0.6766089777777778,0.5383618222222223,0.6476841333333333,1.5266116888888888,0.2002605333333333,0.004642367686195845,0.9585569333333334,0.3382068444444445,0.0463649333333333,0.0955430666666666,0.3390208444444444,0.1123118222222222,0.0771615555555555,0.0312709333333333,7.4085,0.5269999999999999,0.3424228095322339,0.088125,0.034124999999999996,0.073125,0.431625,0.201625,0.12687500000000002,0.009,0.21555500000000002,0.20948313044039585,8.417890296814058,1.27378458801482,0.9078125,0.010374999999999999,0.3781107659207503,0.016867320879575837,0.13941052475420226,0.40377479661594706,0.46375731601099235,8.373783333333332,1.1312960506942291,1.1369332466583408,0.21000000000000002,0.05425,0.10865736990002103,0.09975,2.5936625,5.628220028254308,0.027875,0.023875,0.5701133152396919,5.94985786929086,0.173875,0.4544357142857142,1.1490433687595545,0.235375,0.28338736819840404,4.070323033194858,0.044269161509525534,0.007,0.24489353070781741,0.1115,0.131875,0.060125000000000005,0.16604738393389804,0.09725,0.062875,0.16777188160968975,0.11348376819374373,0.44249583625391625,0.10875833333333333,0.040792396469504465,0.6039697343595374,0.5163252611596164,0.1488220279911951,0.004886806031746,0.0099012304761904,0.0289288942857142,0.0074433539682539,0.0018751682539682,0.2033441136507936,51300.0,51359.0,873.4086977777778,33.16957333333333,420.0987644444445,65.27902222222222,5.832777777777777,0.2618755555555556,0.01992888888888889,61.10108668888889,52.60415339111111,44.60596620888889,38.55215278666666,32.85010910222222,27.350580795555555,22.985943159999998,19.418965391111108,16.406482244444444,14.16493488,12.439497426666666,11.480494746666666,10.504422586666667,9.635467346666667,7.626475275555555,23.950124137777777,8.178557053333332,2.5570273111111113,1.3924536044444444,0.3105721822222222,0.2862761644444445,0.18419848888888887,0.14830718666666667,0.1449422622222222,0.13163750666666668,0.10813495999999999,0.10158112888888889,0.10236355999999999,0.09773169777777778,0.11932740888888889,0.15457732444444444,0.10895328,0.08852908444444445,0.06083783111111111,0.058664124444444445,0.08723176444444444,4.663733377777778,16513204.88888889,2253.190311111111,1.765975,0.47712730937652903,0.0,0.1437617658901924,9.244588410295805,0.0282444444444444,0.19397445278476416,0.0482875,0.2002605333333333,0.6089851592038503,0.0,0.0,0.0076444444444444,0.44098750000000003,1.2113642857142857,0.0315888888888888,0.0,4.454945539263932,0.364789450696214,0.0,0.3300107142857142,0.0,0.35085,0.7473583333333333,0.39202499999999996,0.8338666666666668,0.6816083333333334,0.10443125,0.12154999999999999,0.158740625,1.4034125,0.06713333333333332,5.352033333333333,0.082055,0.22155,2.84304375,2.182475,0.036684999999999926,0.06369499999999992,2.9531850000000004,0.04301875,0.049668750000000005,0.54701,0.20310357142857138,0.27216071428571426,0.22891785714285717,0.0967625,0.139525,0.18731666666666663,0.22261666666666663,0.0306,0.172525,0.0,0.0,,,,0.07641793220622183,0.05425,6.731282214837513,24.0094210075037,24.95607589790611,20.575707698124834,132.0,340.55991,0.8889277345226395,2024-08-05 14:15:00
2024-08-05 08:30:00,31.33688888888889,1.0,0.1581052711111111,0.3354483333333333,0.0048060044444444,0.0381488044444444,1.7569145600000002,0.0043444519999999995,0.006411515555555555,0.021348844444444445,1.071732e-25,9.615079999999999e-06,1.8870622222222223e-05,0.00019179422222222222,3.8614311111111113e-26,6.0702044444444445e-06,0.0010784013333333333,0.0007481715555555555,1.2595391111111112e-07,0.08217528888888889,0.0048489200000000005,0.016602533333333332,0.12929688888888888,1.5674488888888888e-05,3.7199422222222223e-06,0.093,1309.3008888888887,1.9962222222222221,0.05306666666666667,1.9962222222222221,40.7343324,-111.87211,303.69533333333334,28.469333333333335,878.9337777777778,148.2319111111111,1.6400000000000001,458120.7555555556,2072.692888888889,304.1448888888889,15887360.670666669,0.0006859555555555,5.135555555555556e-05,0.0004446933333333,0.0006977822222222,0.00022552,0.00033552,0.008111017092447156,5.461128515503016,11.975807413567912,17.18972601731602,25.47507595555556,0.2332884,3.065933555555556,7.960613955555556,0.0058143111111111,0.3335591555555555,5.2604528,0.0124527111111111,0.8132615555555556,0.5230763111111111,0.3185910222222222,0.7164400888888889,0.0657363555555555,0.004649591142400032,0.4933904444444444,0.1783479555555555,0.0146443111111111,0.0616682222222222,0.2737247111111111,0.0705578666666666,0.0233277333333333,0.0185475555555555,7.588,0.489,0.1971125069435668,0.08625,0.03225,0.07325,0.43225,0.20125,0.12275,0.009,0.15711000000000003,0.10787564465420325,3.603059968600604,0.9255371639635963,0.7046250000000001,0.00975,0.4422215318415007,0.015734641759151676,0.13505545325085416,0.2975495932318941,0.37051463202198465,6.102566666666666,0.8435921013884581,0.5262394332221114,0.194,0.0505,0.08031473980004206,0.0875,1.8383250000000002,4.087440056508616,0.02475,0.02275,0.29372171756877247,4.251715738581721,0.15975,0.3438714285714285,0.902086737519109,0.21075,0.23277473639680807,3.0266460663897155,0.022536783169796425,0.007,0.1259189326460888,0.097,0.11574999999999999,0.053250000000000006,0.08315790624801259,0.0875,0.05575000000000001,0.12254376321937954,0.07996753638748745,0.3649916725078325,0.08151666666666665,0.02047296640278146,0.45593946871907476,0.39865052231923287,0.07509961145467527,0.0048054755555555,0.0142307466666666,0.0323779155555555,0.0062936799999999,0.0014132,0.2497368844444444,52200.0,52259.0,873.4700222222222,33.31467555555556,314.6202311111111,51.226822222222225,4.778253333333334,0.2708755555555556,0.016075555555555555,43.14751513333333,37.24029446666667,31.911008684444443,27.859022257777777,24.032217253333332,20.288236617777777,17.26474045333333,14.783180773333333,12.729579146666667,11.053872759999999,9.813564715555554,9.309468302222223,8.53751156888889,7.992546151111111,6.445210866666667,20.414195222222226,6.9303258266666665,2.0372790133333334,1.04005528,0.2260936311111111,0.21377833777777777,0.13130763555555555,0.11545744,0.10534423111111112,0.09687109333333334,0.09140084888888889,0.08596600888888889,0.07824044444444445,0.07617886222222221,0.09108756888888889,0.13271003555555555,0.08360123555555556,0.07276609333333334,0.05018381777777778,0.05714807555555556,0.08221972000000001,3.459709466666667,15667448.88888889,2017.3514222222225,1.49715,0.35593589234471434,0.0,0.11972061621009192,4.056097653026953,0.0282444444444444,0.16141333432787636,0.06639999999999999,0.0657363555555555,0.5091168727287335,0.0,0.0,0.0076444444444444,0.375375,1.0171999999999999,0.0315888888888888,0.0,3.315973155408889,0.2699605530787692,0.0,0.2609214285714285,0.0,0.30185,0.5943499999999999,0.3222999999999999,0.6972666666666667,0.5455833333333333,0.0847875,0.09444,0.13080625,1.044825,0.05376666666666665,4.088066666666666,0.06745,0.1643,2.1522125,1.7404700000000002,0.028789999999999948,0.04882999999999994,2.29517,0.0322375,0.0331125,0.59276,0.1677928571428571,0.22923571428571426,0.18817857142857145,0.0818375,0.1178642857142857,0.15184999999999996,0.17274999999999996,0.0257,0.16338750000000002,0.0,0.0,,,,0.07004644165422094,0.0505,3.4517645622994,13.231853065080305,12.504306673316053,30.101536333045694,147.0,368.14633,0.8959628123375926,2024-08-05 14:30:00
2024-08-05 08:45:00,34.68177777777778,1.0,0.1282385555555555,0.31795792,0.0041013866666666,0.0351713111111111,1.7072318622222225,0.004875189333333333,0.006986791111111112,0.022870666666666668,1.355351111111111e-25,1.1648951111111111e-05,2.199417777777778e-05,0.000221788,4.8455288888888893e-26,8.195408888888889e-06,0.0012226755555555557,0.0008422684444444444,1.581208888888889e-07,0.08671795555555555,0.005405404444444445,0.0173548,0.13599111111111112,1.8316177777777778e-05,5.045022222222222e-06,0.093,1309.0293333333334,1.9192888888888888,0.05377777777777778,1.9192888888888888,40.734338533333336,-111.87211,304.10555555555555,28.06711111111111,878.9702222222222,162.6104888888889,2.1973333333333334,452041.2,2073.6306666666665,277.7786666666667,15612569.746666668,0.0007159822222222,4.851111111111111e-05,0.0004169777777777,0.0009274311111111,0.0002228355555555,0.0001048044444444,0.007932030989696732,4.3090897777777775,10.847367555555556,15.810475555555556,20.189736266666667,0.2279936888888888,2.5740546666666666,7.434577022222222,0.0045908888888888,0.3114584444444445,5.311661155555556,0.0098330666666666,0.7949868888888889,0.5263783111111111,0.2364599555555555,0.6175658222222222,0.0384656444444444,0.004656814598604219,0.4668148444444444,0.1532740888888888,0.0059308444444444,0.0483071555555555,0.2371495111111111,0.0576692,0.0279857777777777,0.0174761777777777,7.7675,0.45099999999999996,0.1608477242838231,0.08437499999999999,0.030375,0.073375,0.432875,0.20087500000000003,0.11862500000000001,0.009,0.098665,0.10207066952431047,3.621587192373511,0.803827824108198,0.5014375,0.009125,0.5063322977622511,0.014601962638727513,0.13599624260356363,0.19132438984784111,0.2772719480329769,3.8313499999999996,0.555888152082687,0.45170966328031475,0.178,0.04675,0.05197210970006309,0.07525,1.0829875000000002,2.546660084762925,0.021625,0.021625000000000002,0.27793108621738594,2.553573607872581,0.145625,0.23330714285714282,0.6551301062786634,0.186125,0.1821621045952121,1.9829690995845732,0.019128059634762537,0.007,0.11912175055371214,0.08249999999999999,0.09962499999999999,0.046375,0.07015669170178793,0.07775,0.048625,0.0773156448290693,0.04645130458123117,0.28748750876174867,0.054274999999999976,0.01728586380387754,0.30790920307861214,0.28097578347884933,0.06353625044654279,0.0054464888888888,0.01540572,0.0318077244444444,0.0066841333333333,0.0013557244444444,0.2861808044444444,53100.0,53159.0,873.5208,33.25821777777778,301.6751066666667,48.950208888888895,4.557471111111111,0.27011111111111114,0.01538222222222222,41.825718324444445,36.027494706666666,30.57893076,26.818912493333336,22.921944893333333,19.307250484444445,16.35399592,14.254347968888888,12.070429426666667,10.433596035555556,9.406025431111111,8.767743506666667,8.211076475555556,7.476131626666667,6.108042017777778,19.79369955111111,6.766004422222222,1.9267764133333332,0.9425688844444444,0.21005193777777778,0.19408098222222223,0.11950234222222224,0.11207512,0.10415697777777777,0.08925508444444444,0.08464853777777777,0.0716312711111111,0.07887930666666666,0.08159017333333334,0.08765872444444445,0.11705576,0.08386717333333334,0.07579029777777778,0.045959137777777784,0.04842226666666667,0.07980731555555556,3.3965257777777773,15382463.555555556,2012.255111111111,1.2283250000000001,0.3135805830318942,0.0,0.09567946652999144,3.9439780478984474,0.0282444444444444,0.12885221587098855,0.08451249999999999,0.0384656444444444,0.4092485862536166,0.0,0.0,0.0076444444444444,0.3097625,0.8230357142857142,0.0315888888888888,0.0,3.41130154777685,0.23681870699138302,0.0,0.19183214285714278,0.0,0.25285,0.4413416666666666,0.25257499999999994,0.5606666666666666,0.4095583333333333,0.06514375,0.06733,0.102871875,0.6862375000000001,0.04039999999999998,2.8240999999999996,0.052845,0.10705,1.46138125,1.298465,0.020894999999999973,0.033964999999999974,1.6371550000000001,0.021456250000000003,0.01655625,0.63851,0.13248214285714283,0.18631071428571422,0.14743928571428572,0.0669125,0.0962035714285714,0.11638333333333328,0.12288333333333329,0.0208,0.15425,0.0,0.0,,,,0.06367495110222007,0.04675,2.77029028904191,12.106721479987858,11.470856991844444,33.19075020413694,162.0,399.47803,0.9019101870062555,2024-08-05 14:45:00
2024-08-05 09:00:00,35.82844444444444,1.0,0.1262473688888888,0.3184028266666667,0.0042023688888888,0.0348315911111111,1.7579402622222222,0.005350553777777778,0.007489364444444444,0.024166977777777775,1.7370400000000002e-25,1.3685422222222224e-05,2.497297777777778e-05,0.00025029733333333334,6.164160000000001e-26,1.0624751111111112e-05,0.0013560444444444444,0.000927668,1.9217066666666666e-07,0.09050155555555556,0.00590491111111111,0.017974888888888887,0.14153377777777779,2.0877777777777777e-05,6.582888888888889e-06,0.093,1309.7142222222221,1.8257333333333332,0.04777777777777778,1.8257333333333332,40.73434,-111.87211,304.45399999999995,27.979111111111113,878.828,161.44062222222223,2.1195555555555554,451311.5111111111,2068.8328888888886,281.3577777777778,15846852.195555557,0.0007086311111111,3.5720000000000004e-05,0.0003985511111111,0.0008254577777777,0.00022232,7.639555555555556e-05,0.007753044886946309,5.070368888888889,11.648913333333336,17.38071111111111,18.956849555555557,0.2240044888888888,2.8027796,8.40152288888889,0.0049952444444444,0.3305072,5.818913644444445,0.0104518666666666,0.8253616444444444,0.5907494666666667,0.2101121777777777,0.6110897333333334,0.0408494222222222,0.004664038054808406,0.4666474666666666,0.1467444,0.0027913777777777,0.0463967111111111,0.2205321777777777,0.0582025333333333,0.0383451999999999,0.0162228,7.946999999999999,0.413,0.1891221814878796,0.08249999999999999,0.028499999999999998,0.0735,0.4335,0.2005,0.1145,0.009,0.04022,0.1020341087754545,3.1840517153282235,0.8884448509057797,0.29825,0.0085,0.5704430636830014,0.013469283518303352,0.15433655083138625,0.08509918646378815,0.1840292640439692,1.5601333333333331,0.26818420277691607,0.44682809569672194,0.162,0.043000000000000003,0.023629479600084116,0.063,0.32765,1.0058801130172332,0.0185,0.0205,0.27783163405881556,0.8554314771634413,0.1315,0.1227428571428571,0.40817347503821805,0.1615,0.13154947279361612,0.9392921327794315,0.018240366304974106,0.007,0.11907894071183565,0.068,0.08349999999999999,0.0395,0.06677094002283364,0.068,0.0415,0.032087526438759104,0.012935072774974916,0.2099833450156649,0.0270333333333333,0.01645588457871569,0.15987893743814946,0.16330104463846573,0.06052494186391443,0.0063969777777777,0.0188574266666666,0.0354163066666666,0.0072701377777777,0.0013834577777777,0.3188386044444444,54000.0,54059.0,873.4089288888889,32.65950222222222,309.1416533333333,48.71561333333333,4.387,0.2607422222222222,0.014884444444444445,44.580763875555554,38.073018346666665,32.03823849333333,27.82331215111111,23.644392533333335,19.882895626666667,16.63925718222222,14.421668546666666,12.058308533333333,10.431201595555557,9.272380955555555,8.689926382222222,8.141427133333334,7.316050453333333,6.004384942222222,19.149614817777778,6.5269096,1.9243914533333333,0.9453730933333333,0.19156967555555554,0.19030138666666666,0.11135211555555555,0.10227479555555556,0.08638450222222223,0.08571134222222222,0.075673,0.06815054666666667,0.07426684,0.0735854888888889,0.08662179555555556,0.11436394666666666,0.07200142666666666,0.08012498666666666,0.04411357333333333,0.04569463111111111,0.0758735288888889,3.674488222222222,15596379.111111112,2009.2420444444444,0.9595,0.29825,0.0,0.07163831684989097,3.4317,0.0282444444444444,0.09629109741410073,0.102625,0.0408494222222222,0.30938029977849973,0.0,0.0,0.0076444444444444,0.24415,0.6288714285714285,0.0315888888888888,0.0,3.623452713196869,0.2117666666666666,0.0,0.1227428571428571,0.0,0.20385,0.2883333333333333,0.1828499999999999,0.4240666666666666,0.2735333333333333,0.0455,0.04022,0.0749375,0.32765,0.0270333333333333,1.5601333333333331,0.03824,0.0498,0.77055,0.85646,0.013,0.0191,0.97914,0.010675,0.0,0.68426,0.0971714285714285,0.1433857142857142,0.1067,0.0519875,0.0745428571428571,0.0809166666666666,0.0730166666666666,0.0159,0.1451125,0.0,0.0,,,,0.05730346055021919,0.043000000000000003,3.2206155359298188,12.905917347691245,12.647408662273474,36.0,181.66667,443.70718,0.9061192754806735,2024-08-05 15:00:00
2024-08-05 09:15:00,38.197333333333326,1.0,0.1139185142857142,0.3370213428571429,0.0046533571428571,0.0350580571428571,1.7534324142857145,0.005746393333333333,0.007927466666666666,0.02527368888888889,2.272342222222222e-25,1.5687377777777777e-05,2.77756e-05,0.0002770662222222222,8.008795555555557e-26,1.3314e-05,0.001478168888888889,0.0010046537777777778,2.2739733333333332e-07,0.09367542222222222,0.006350724444444444,0.01848991111111111,0.1461631111111111,2.332568888888889e-05,8.30728888888889e-06,0.093,1309.364888888889,1.5272444444444444,0.04502222222222222,1.5272444444444444,40.73434,-111.87211,304.9091111111111,27.704444444444444,878.723111111111,163.80653333333333,2.2311111111111113,447013.02222222224,2045.347555555556,272.8466666666667,16076856.19511111,0.0007137,4.0033333333333335e-05,0.0004665571428571,0.000571,0.0002216476190476,3.003809523809524e-05,0.007574058784195884,3.8576374832019833,9.705133277259778,14.51650358104858,17.891208222222225,0.2273289777777777,2.723031111111111,7.443906311111111,0.0038850666666666,0.3180416,5.429141866666667,0.0062191999999999,0.9372556444444444,0.732360888888889,0.2103980888888889,0.5371185777777777,0.0405195999999999,0.004671261511012593,0.3732644444444444,0.1342155555555555,0.0042681333333333,0.0492361777777777,0.2453594222222222,0.0563448444444444,0.0273912444444444,0.0146805777777777,8.1265,0.375,0.14934016729312025,0.080625,0.026625,0.073625,0.434125,0.200125,0.110375,0.009,0.039915,0.08163622042846616,3.062811391787541,0.7810611774833014,0.3146875,0.007875,0.522832297762251,0.01233660439787919,0.1946837701677608,0.07932438984784111,0.17202194803297688,1.4635999999999998,0.24463815208268705,0.39106987475870486,0.14600000000000002,0.03925,0.020722109700063086,0.05075,0.3182375,0.919410084762925,0.015375,0.019375,0.22234551602612962,0.7953236078725809,0.117375,0.11880714285714282,0.38863010627866357,0.136875,0.11441210459521209,0.8212190995845736,0.016537104199758724,0.007,0.09519457285632538,0.05349999999999999,0.06737499999999999,0.032625,0.06027452697238679,0.058249999999999996,0.034375,0.03181564482906933,0.014951304581231187,0.20273750876174867,0.026774999999999976,0.014863361446125377,0.1629092030786121,0.1652257834788493,0.05474699172755015,0.0075315,0.0268125952380952,0.0329159666666666,0.0076220666666666,0.0015322238095238,0.3542033238095238,54900.0,54959.0,873.4126177777778,31.00411111111111,310.30496,49.38272,4.495902222222223,0.26440444444444444,0.01523111111111111,43.48340739555556,37.28361454666666,31.608973506666665,27.778341413333333,23.76103605777778,20.163829853333333,16.92193865777778,14.566890160000002,12.386706991111112,10.736413026666666,9.6666132,8.977013155555557,8.284521346666667,7.530492408888889,6.190728448888889,19.806473915555557,6.693145702222222,1.9477960177777776,0.9286833377777778,0.1968320977777778,0.18222885333333333,0.11844075111111112,0.09758072,0.08359269777777777,0.08543055555555555,0.07562314666666667,0.06347809333333333,0.06984422666666666,0.07473329777777778,0.09616382222222222,0.11873670222222223,0.08081749333333334,0.07518456888888889,0.04320573777777778,0.04596930666666667,0.08044790666666667,3.813380755555555,15817161.333333332,1985.4736,0.9372,0.305657704138961,0.0,0.06904962372868823,3.35478080600015,0.0282444444444444,0.09278499456587536,0.10086875,0.0405195999999999,0.2986267231124707,0.0,0.0,0.0076444444444444,0.23526875,0.6079642857142857,0.0315888888888888,0.0,3.752940788439719,0.23061927563085904,0.0,0.11062142857142852,0.0,0.17284583333333334,0.26770833333333327,0.17023333333333324,0.3735333333333333,0.25919999999999993,0.04455625,0.038315,0.06504375,0.30989374999999997,0.024845833333333303,1.460875,0.037450000000000004,0.04594642857142855,0.7394562499999999,0.770205,0.011429999999999975,0.017929999999999974,0.930435,0.0098625,0.0,0.62023,0.09421785714285708,0.13566428571428565,0.10015357142857143,0.0505125,0.06944999999999996,0.07736249999999995,0.0688916666666666,0.0169125,0.14265,0.0,0.0,,,,0.05093196999821831,0.03925,2.5032392652508673,10.967835916029179,10.501305077987867,36.43758540481879,206.66667,492.40323,0.9048406026119155,2024-08-05 15:15:00
2024-08-05 09:30:00,38.49422222222222,1.0,0.1215131822222222,0.3678802088888889,0.0050184088888888,0.0417480888888888,1.8632811066666664,0.005996032,0.008309213333333334,0.026217644444444445,3.0576622222222224e-25,1.7624622222222222e-05,3.0383111111111113e-05,0.00030200266666666664,1.0728435555555555e-25,1.6207733333333334e-05,0.0015892177777777777,0.0010736622222222224,2.6315066666666666e-07,0.09634466666666668,0.006747,0.01891782222222222,0.1500351111111111,2.564222222222222e-05,1.0185453333333334e-05,0.093,1308.8915555555554,1.9337333333333333,0.047377777777777776,1.9337333333333333,40.73434,-111.87211,305.45799999999997,27.067999999999998,878.8773333333334,169.3426666666667,2.4102222222222225,451873.6444444445,2048.114222222222,295.8333333333333,16350784.984444443,0.0007304844444444,4.558666666666668e-05,0.0004261022222222,0.0004889288888888,0.0001992222222222,3.1559576719576725e-05,0.00739507268144546,4.1983497142857145,10.492666428571429,15.725876031746033,18.95633298290598,0.2281872324786324,3.112808395504495,7.842557093650794,0.0034044578754578,0.3495441481074481,5.943531153235654,0.0063914882783882,0.9346326362193361,0.8025085517704518,0.2527778094017094,0.6698347090354091,0.0376990103785103,0.00467848496721678,0.3895696319902319,0.1578613026862027,0.0065816776556776,0.0534945578754578,0.2402049421245421,0.060952746031746,0.0308508808302808,0.0199414482295482,8.306,0.33699999999999997,0.16805283493465561,0.07875,0.02475,0.07375,0.43474999999999997,0.19975,0.10625000000000001,0.009,0.03961,0.08519780354198134,3.1174710922549878,0.8871701225531079,0.331125,0.0072499999999999995,0.4752215318415007,0.011203925277455028,0.2146698920201006,0.07354959323189408,0.1600146320219846,1.3670666666666667,0.22109210138845803,0.49110907670336207,0.13,0.035500000000000004,0.017814739800042056,0.03849999999999999,0.308825,0.8329400565086167,0.012249999999999997,0.018250000000000002,0.23203369637392043,0.7352157385817206,0.10325,0.11487142857142854,0.36908673751910903,0.11225000000000002,0.09727473639680806,0.7031460663897158,0.019751678793267648,0.007,0.09936491440267126,0.03899999999999999,0.05124999999999999,0.025749999999999995,0.07253523792049159,0.0485,0.027249999999999996,0.03154376321937955,0.016967536387487457,0.19549167250783245,0.02651666666666665,0.01786893785502031,0.16593946871907472,0.16715052231923289,0.06565174423395864,0.0089686622222222,0.0302274577777777,0.0348432933333333,0.0086894177777777,0.00168292,0.3932904977777778,55800.0,55859.0,873.45408,32.012,329.8867555555555,52.056471111111115,4.799053333333333,0.26757333333333333,0.016022222222222222,46.95967366222222,40.30385528,34.29874585333334,29.84961640888889,25.534259226666666,21.415179168888887,18.034360031111113,15.360509213333334,13.031646751111111,11.321735208888889,10.00334760888889,9.433420497777778,8.650125568888889,7.92367532,6.373821791111111,19.965202653333332,6.765575777777778,1.98072572,0.9774567422222222,0.20850414666666667,0.18749990666666666,0.11823584444444445,0.11485119555555556,0.0930374,0.09294976444444443,0.08562022666666666,0.07807069777777778,0.07518017333333332,0.08055834222222222,0.09571436444444445,0.1144486088888889,0.09121981777777778,0.07877440888888888,0.05011926222222222,0.05209813333333333,0.08685259555555555,4.224341688888889,16092424.888888888,1986.537733333333,0.9149,0.3425840172274085,0.0,0.0664609306074855,3.3781918981678274,0.0282444444444444,0.08927889171764997,0.09911249999999999,0.0376990103785103,0.2878731464464417,0.0,0.0,0.0076444444444444,0.22638750000000002,0.5870571428571428,0.0315888888888888,0.0,4.152805680262222,0.25951308386428246,0.0,0.09849999999999995,0.0,0.14184166666666664,0.2470833333333333,0.1576166666666666,0.32299999999999995,0.2448666666666666,0.0436125,0.03641,0.055150000000000005,0.2921375,0.0226583333333333,1.3616166666666665,0.03666,0.0420928571428571,0.7083625,0.6839500000000001,0.009859999999999949,0.01675999999999995,0.88173,0.00905,0.0,0.5561999999999999,0.09126428571428566,0.1279428571428571,0.09360714285714286,0.0490375,0.06435714285714281,0.0738083333333333,0.0647666666666666,0.017925,0.14018750000000002,0.0,0.0,,,,0.044560479446217424,0.035500000000000004,2.704783373503849,11.753060238403677,11.407467960368603,36.71178084275249,231.66667,534.31323,0.8886960130428339,2024-08-05 15:30:00
2024-08-05 09:45:00,37.05955555555556,1.0,0.1398242755555555,0.3788763984126984,0.0051813882539682,0.0463095415873015,1.9694738120634925,0.006377666222222222,0.00864164,0.02702391111111111,4.272257777777778e-25,1.9476266666666665e-05,3.278773333333333e-05,0.0003250377777777778,1.4984311111111113e-25,1.925311111111111e-05,0.001689791111111111,0.0011351777777777777,2.9886e-07,0.09859666666666667,0.007098377777777777,0.019277466666666666,0.15328222222222224,2.7818044444444443e-05,1.2178977777777777e-05,0.093,1309.0462222222222,1.2038222222222221,0.0436,1.2038222222222221,40.73434,-111.87211,305.43044444444445,27.294666666666668,878.9115555555555,157.52826666666667,2.5573333333333332,459009.2444444444,2049.2813333333334,332.05733333333336,16612254.78488889,0.000720313015873,6.380761904761905e-05,0.0003417501587301,0.000460006031746,0.0002021352380952,3.30810582010582e-05,0.007216086578695036,4.580780000000001,11.244,16.86,19.483125366426165,0.2338011385040885,3.5347295428571432,8.953436535137085,0.0043949277296777,0.4025849822751323,8.0394698002405,0.0083382334535834,0.8753598216931217,0.8186408718374218,0.3069571354497354,0.8088758497113998,0.0593879247474747,0.004685708423420967,0.4798755160894661,0.1783254772967773,0.0108608196969696,0.0585698826599326,0.2433042106060606,0.0708315273208273,0.0650284561568061,0.0223201752284752,8.485499999999998,0.299,0.19197559112820786,0.076875,0.022875,0.073875,0.435375,0.19937500000000002,0.10212500000000001,0.009,0.039305,0.10492354487158567,3.1405291442112286,1.054384033206038,0.3475625,0.006625,0.4276107659207503,0.010071246157030866,0.21926623210293114,0.06777479661594704,0.14800731601099232,1.2705333333333333,0.197546050694229,0.5959159650513911,0.114,0.03175,0.01490736990002103,0.026249999999999996,0.29941249999999997,0.7464700282543083,0.009124999999999998,0.017125,0.28569144726842693,0.6751078692908603,0.089125,0.11093571428571428,0.3495433687595545,0.08762500000000001,0.08013736819840403,0.5850730331948579,0.022533727312048498,0.007,0.12246224948581351,0.024499999999999994,0.03512499999999999,0.018874999999999996,0.08314625089908353,0.03874999999999999,0.020124999999999997,0.03127188160968977,0.01898376819374373,0.18824583625391622,0.026258333333333325,0.0204701092241132,0.16896973435953735,0.16907526115961644,0.07508924511491037,0.0097864977777777,0.0311408809523809,0.0349699387301587,0.0090988876190476,0.0017184492063492,0.411246580952381,56700.0,56759.0,873.4948755555556,32.87408888888889,366.0479555555556,56.95554222222222,5.192306666666667,0.2654355555555556,0.017244444444444444,53.19794914666667,45.69374127555556,38.73848779111111,33.65001497777778,28.623053315555556,23.810585764444447,19.897110284444445,16.954279435555556,14.238297679999999,12.358125791111112,10.845445048888887,10.13420819111111,9.245498946666666,8.430995871111111,6.849506662222223,21.175990066666667,7.1097345022222225,2.10092516,1.0929582133333333,0.2438413911111111,0.21786056,0.13326857777777779,0.12576363555555556,0.10720494666666666,0.10628601777777778,0.09205975111111112,0.08261828888888889,0.08183785777777779,0.08551559555555555,0.10545062666666666,0.1380901911111111,0.09407889333333334,0.09149275111111112,0.047438911111111114,0.05957304,0.08868128888888888,4.627890488888889,16342506.666666666,1988.8227111111112,0.8926,0.4007750888043775,0.0,0.06387223748628276,3.428461750338613,0.0282444444444444,0.08577278886942458,0.09735625,0.0593879247474747,0.27711956978041263,0.0,0.0,0.0076444444444444,0.21750625,0.5661499999999999,0.0315888888888888,0.0,4.493464191551307,0.30504597145625756,0.0,0.08637857142857137,0.0,0.11083749999999998,0.22645833333333332,0.14499999999999996,0.27246666666666663,0.23053333333333326,0.04266875,0.034504999999999994,0.04525625,0.27438125,0.0204708333333333,1.2623583333333332,0.03587,0.03823928571428565,0.6772687500000001,0.597695,0.008289999999999924,0.015589999999999925,0.833025,0.0082375,0.0,0.49216999999999994,0.08831071428571423,0.12022142857142855,0.08706071428571428,0.0475625,0.05926428571428565,0.07025416666666665,0.0606416666666666,0.0189375,0.13772500000000001,0.0,0.0,,,,0.03818898889421655,0.03175,2.931005281235353,12.502191108030704,12.25724839273864,35.386776540881314,256.66666,578.12219,0.8984681319988604,2024-08-05 15:45:00
2024-08-05 10:00:00,40.644888888888886,1.0,0.1370529361904761,0.3962380085714286,0.004647592063492,0.0492598012698412,1.908384186349206,0.006724370222222222,0.008930488888888888,0.02771533333333333,6.251057777777778e-25,2.1226533333333334e-05,3.498982222222222e-05,0.00034614711111111113,2.2098533333333336e-25,2.2388844444444447e-05,0.0017802133333333333,0.001189728888888889,3.3398311111111107e-07,0.1004920888888889,0.007408626666666667,0.019577333333333332,0.15603466666666668,2.9842844444444447e-05,1.4252577777777777e-05,0.093,1308.6564444444443,1.771511111111111,0.04053333333333333,1.771511111111111,40.73434,-111.87211,306.1122222222222,25.906222222222222,878.9608888888889,153.1979111111111,2.0475555555555554,455368.8000000001,2017.2697777777776,300.3515555555556,16190758.278666668,0.0006424784126984,0.0001086073015873,0.0003138949206349,0.0003718365079365,0.0002213247619047,3.4602539682539684e-05,0.007037100475944612,3.931429809689154,9.559159571856583,14.868649999999999,18.867985422903025,0.2287906176971177,3.064154536108336,6.46784984991305,0.0041193604173604,0.3669759973433973,8.766536072845673,0.0091174414992414,0.7427000503478003,0.7508370898249898,0.2580839947089947,0.6432482912235912,0.0420957882487882,0.004692931879625154,0.4074890852110852,0.1402594937876937,0.006872626070226,0.0481870081733081,0.2306459493876493,0.0582055924778924,0.0745129105191105,0.0168906429348429,8.665,0.261,0.196,0.075,0.021,0.074,0.436,0.199,0.098,0.009,0.039,0.098,2.638,0.781,0.364,0.006,0.38,0.008938567036606705,0.214,0.062,0.136,1.174,0.174,0.452,0.098,0.028,0.012,0.014,0.29,0.66,0.006,0.016,0.246,0.615,0.075,0.107,0.33,0.063,0.063,0.467,0.017,0.007,0.11,0.01,0.019,0.012,0.059,0.029,0.013,0.031,0.021,0.181,0.026,0.015,0.172,0.171,0.057,0.0097606019047619,0.0280347053968254,0.0329604101587301,0.0091016339682539,0.0008005882539682,0.4852886184126984,57600.0,57659.0,873.5364088888889,33.06327111111111,367.39686666666665,57.06820444444444,5.128657777777778,0.26147555555555557,0.017137777777777776,52.487401857777776,45.420795124444446,38.544072248888895,33.538016831111115,28.657812657777775,23.929284315555556,20.126850102222225,17.130603600000004,14.46041448,12.673472199999999,11.08220344,10.37969464,9.543706244444445,8.586468017777777,7.008446435555555,21.670588328888886,7.1578888577777775,2.068438151111111,1.0782461866666668,0.2387363777777778,0.21048698666666665,0.13714078666666665,0.11741456,0.10758841333333333,0.10099876444444443,0.09068089777777777,0.08558512444444445,0.07942944444444446,0.07719859555555555,0.09490622222222221,0.1418810888888889,0.08834093777777777,0.08302789333333332,0.05036002666666666,0.057555888888888886,0.09112928888888888,4.507530133333334,15958203.555555556,1958.8879111111112,0.8703,0.26505,0.0,0.06128354436508002,2.71585,0.0282444444444444,0.0822666860211992,0.0956,0.0420957882487882,0.2663659931143836,0.0,0.0,0.0076444444444444,0.208625,0.5452428571428571,0.0315888888888888,0.0,4.403676581575825,0.19645,0.0,0.0742571428571428,0.0,0.0798333333333333,0.2058333333333333,0.1323833333333333,0.2219333333333333,0.2161999999999999,0.041725,0.0326,0.0353625,0.256625,0.0182833333333333,1.1631,0.03508,0.0343857142857142,0.646175,0.51144,0.0067199999999999,0.0144199999999999,0.78432,0.007425,0.0,0.4281399999999999,0.0853571428571428,0.1125,0.0805142857142857,0.0460875,0.0541714285714285,0.0667,0.0565166666666666,0.01995,0.1352625,0.0,0.0,,,,0.031817498342215665,0.028,2.5468902037289602,11.101122054539818,10.765162596681174,48.0,279.33334,623.20105,0.9076405823601434,2024-08-05 16:00:00
2024-08-05 10:15:00,45.11066666666667,1.0,0.1283951006349206,0.4649644139682539,0.0054806803174603,0.057469699047619,1.836420571111111,0.0069794160000000004,0.009180991111111111,0.028305555555555553,9.659622222222222e-25,2.2863822222222224e-05,3.699195555555556e-05,0.0003653937777777778,3.483577777777778e-25,2.5561066666666665e-05,0.001861168888888889,0.0012381199999999999,3.681262222222222e-07,0.102092,0.007681915555555556,0.01982786666666667,0.1583368888888889,3.1714844444444446e-05,1.6363911111111113e-05,0.093,1308.4013333333335,2.4983111111111116,0.04351111111111112,2.4983111111111116,40.73433995555556,-111.87211,306.60999999999996,25.381777777777778,878.999111111111,136.82426666666666,2.14,450373.2,2005.5555555555557,267.5577777777778,16440945.090222225,0.000560853015873,0.0001558495238095,0.0003523133333333,0.0003286028571428,0.0002726019047619,9.035650793650792e-05,0.006858114373194188,3.2820796193783073,8.205228367196753,12.8773,16.952385955555556,0.2333155555555555,2.9149090666666666,5.666326577777778,0.0043637333333333,0.3243029333333334,5.979915244444444,0.0098449333333333,0.6364160888888889,0.8052334222222223,0.2132837333333333,0.5196697777777778,0.0170701333333333,0.004700155335829341,0.3291971111111111,0.1155256,0.0064218248093176,0.0465669333333333,0.4435813333333333,0.0487849333333333,0.0315887555555555,0.0131590222222222,8.025125,0.2445,0.15061431692806643,0.06737499999999999,0.018500000000000003,0.073875,0.435375,0.198625,0.094375,0.009,0.03396,0.07201048200522477,2.2766600179316967,0.7566470930608207,0.30419999999999997,0.005625,0.31643480073041075,0.008196246157030867,0.21544624850360705,0.05311990063627859,0.13717234626701783,1.067575,0.13396169322964008,0.3779172609027192,0.08700000000000001,0.02475,0.015836269019266328,0.0125,0.26216249999999997,0.5630960060582211,0.0053750000000000004,0.0155,0.19616168516980526,0.5292999337105074,0.067,0.102675,0.27066723341787213,0.056375,0.053784134903239945,0.39494948377360806,0.013996255904682871,0.007,0.08392356904109165,0.009125,0.017,0.010625,0.05058347591641961,0.025961210966334185,0.011545626485003369,0.02484449187787051,0.016318895441034518,0.16148600751464345,0.022754166666666648,0.0124877084717998,0.14525366227669556,0.14119739414212598,0.04612771069730726,0.0112011053968253,0.0323231139682539,0.0309973314285714,0.009831065079365,0.0081091612698412,0.5714612542857143,58500.0,58559.0,873.5393422222222,33.48923111111112,377.8919688888889,58.50765333333333,5.292622222222222,0.2636266666666667,0.017391111111111114,53.01163271555556,46.36361556888889,39.661639524444446,34.740323546666666,29.803321391111112,24.953401386666666,20.82739668888889,17.887699115555556,15.041412635555556,13.005130404444445,11.557036644444445,10.739954102222223,9.922582817777776,8.91786148,7.229201706666667,22.047881955555557,7.268942982222223,2.059497262222222,1.0227069777777777,0.22319849333333333,0.18843063555555556,0.13156964,0.11240666666666667,0.10209488888888889,0.09714957333333334,0.08906225333333334,0.08912073777777778,0.08113314222222222,0.08141796,0.09840873333333335,0.14923526666666667,0.09846864888888889,0.07804078222222223,0.05800976,0.05975334222222222,0.09325685333333333,4.698707777777778,16152937.333333334,1946.573955555556,0.7540125,0.29716151067893526,0.0,0.05474326912377688,2.498982821995355,0.0282444444444444,0.07340859563424097,0.0865875,0.0170701333333333,0.23919732230970825,0.0,0.0,0.0076444444444444,0.185009375,0.49242142857142857,0.0315888888888888,0.0,4.523564776202796,0.22397124164057014,0.0,0.0781178571428571,0.0,0.09852916666666663,0.18009999999999995,0.1194458333333333,0.1970708333333333,0.19617916666666657,0.038525,0.02916,0.030296875,0.23713125,0.016966666666666626,1.0594000000000001,0.03366,0.028924999999999923,0.5850000000000001,0.46825,0.005039999999999925,0.0139549999999999,0.7154050000000001,0.00865625,0.0,0.36103499999999994,0.07508571428571423,0.10291071428571427,0.07367142857142855,0.040759375,0.051407142857142804,0.05955,0.04745833333333327,0.019283333333333326,0.1415875,0.0,0.0,,,,0.030199737069246693,0.02475,2.162775126222567,9.700053001048932,9.273076800623707,42.8224806698765,299.33334,668.88293,0.9085515129038996,2024-08-05 16:15:00
2024-08-05 10:30:00,50.80711111111111,1.0,0.1017074180952381,0.4951531260317461,0.006032385079365,0.0575874907936507,1.6994313558730163,0.007242552444444444,0.009397555555555555,0.02880728888888889,1.5917919999999999e-24,2.4382355555555557e-05,3.880066666666667e-05,0.00038282044444444443,5.942893333333333e-25,2.8715999999999997e-05,0.0019331688888888888,0.0012807066666666667,4.0089244444444444e-07,0.10344622222222223,0.007921555555555555,0.020036977777777777,0.16027288888888888,3.343351111111111e-05,1.8476844444444445e-05,0.093,1308.1742222222224,1.5911555555555557,0.045955555555555555,1.5911555555555557,40.734334044444445,-111.87211,307.13755555555554,23.905777777777775,878.9284444444444,140.19226666666665,2.194666666666667,441738.4444444445,1988.5328888888887,215.40933333333336,15770576.791111112,0.0005974339682539,0.0001373976941576,0.0003957073015873,0.0002253365079365,0.0002528584126984,5.4260634920634926e-05,0.006679128270443764,2.632729429067461,5.864995964427067,10.88595,13.156034044444445,0.2356528888888888,2.369810311111111,4.350079022222221,0.0028509333333333,0.2802632444444444,4.902898577777778,0.0105840888888888,0.510536,0.7956515999999999,0.1211936,0.3348624444444444,0.0119071111111111,0.004707378792033528,0.1994050222222222,0.0704505777777777,0.0059710235484092,0.0409288444444444,0.247914,0.0409223111111111,0.0222883111111111,0.0098349333333333,7.385249999999999,0.228,0.1099521313997302,0.05975,0.016,0.07375,0.43474999999999997,0.19825,0.09075,0.009,0.02892,0.04365966967899953,1.940351393416961,0.5159242206551612,0.2444,0.00525,0.25286960146082144,0.007453925277455029,0.21271624355926375,0.04423980127255718,0.13834469253403564,0.96115,0.0939233864592802,0.23861258132087035,0.076,0.0215,0.019672538038532653,0.011,0.234325,0.4661920121164421,0.00475,0.015,0.11904210826577162,0.443599867421015,0.059,0.09834999999999999,0.2113344668357442,0.04975,0.04456826980647989,0.32289896754721603,0.007868430023909355,0.007,0.05072693519923245,0.00825,0.015,0.009250000000000001,0.027211331429186313,0.022922421932668365,0.010091252970006738,0.018688983755741018,0.011637790882069036,0.1419720150292869,0.0195083333333333,0.006758288180151001,0.11850732455339114,0.11139478828425195,0.025340380153747302,0.0122118688888888,0.0332989768253968,0.0306228863492063,0.0095872403174603,0.0034853895238095,0.6742163419047619,59400.0,59459.0,873.514368888889,33.662733333333335,355.1095644444444,56.67133777777778,5.239982222222222,0.26939111111111114,0.017177777777777778,47.10901487555555,41.73025021777778,35.98421051111111,32.025118533333334,27.696387586666667,23.533382088888892,19.68660273777778,16.982964533333334,14.38978912,12.736091324444446,11.390506226666668,10.785645848888889,10.06026671111111,9.161157982222221,7.305486902222222,22.423801448888888,7.25383056,2.0321453022222222,1.01723548,0.22598334666666667,0.1852058088888889,0.12565189777777777,0.09970690222222221,0.10563970666666668,0.10632786666666667,0.08879304888888889,0.08058074666666666,0.07784508888888889,0.08217372888888888,0.09600633333333333,0.13689932888888887,0.09920783555555555,0.08442499111111111,0.05180181777777778,0.06535231999999999,0.09417483111111111,4.485110888888888,15578823.111111112,1931.809688888889,0.637725,0.2133890431630824,0.0,0.048202993882473746,2.174166751589148,0.0282444444444444,0.06455050524728276,0.077575,0.0119071111111111,0.2120286515050329,0.0,0.0,0.0076444444444444,0.16139375,0.4396,0.0315888888888888,0.0,4.342868842911112,0.15842162649632202,0.0,0.0819785714285714,0.0,0.11722499999999994,0.1543666666666666,0.1065083333333333,0.1722083333333333,0.17615833333333325,0.035324999999999995,0.02572,0.02523125,0.21763749999999998,0.01564999999999995,0.9557,0.03224,0.02346428571428565,0.523825,0.42506,0.00335999999999995,0.0134899999999999,0.64649,0.0098875,0.0,0.29392999999999997,0.06481428571428566,0.09332142857142856,0.0668285714285714,0.03543125,0.0486428571428571,0.0524,0.03839999999999995,0.01861666666666665,0.1479125,0.0,0.0,,,,0.02858197579627772,0.0215,1.7786600487161741,8.298983947558046,7.78099100456624,48.08350301717605,319.33334,714.48566,0.914284119280725,2024-08-05 16:30:00
2024-08-05 10:45:00,55.34177777777778,1.0,0.0775253422222222,0.5136519688888889,0.0059830888888888,0.0532902177777777,1.5347903111111112,0.0074663026666666665,0.00958368,0.029233555555555554,2.8310444444444442e-24,2.5774577777777778e-05,4.04188e-05,0.00039847822222222225,1.1097533333333334e-24,3.179462222222222e-05,0.00199704,0.0013179822222222223,4.3189066666666667e-07,0.10457644444444444,0.008130475555555555,0.02020888888888889,0.16188355555555553,3.499511111111111e-05,2.0549644444444446e-05,0.093,1307.7920000000001,1.1281333333333334,0.04844444444444444,1.1281333333333334,40.734330444444446,-111.87211,307.8962222222222,22.118222222222222,878.9635555555556,148.38400000000001,2.0515555555555554,434459.2444444444,1972.376,179.82933333333332,14783755.712,0.0007364666666666,0.0001134666666666,0.0004439333333333,0.0001276488888888,0.0002223866666666,1.106666666666667e-05,0.0065001421676933405,1.9833792387566143,3.892152657324857,8.8946,10.211919377777775,0.2245895111111111,1.6281625333333334,3.0375022222222223,0.0029836444444444,0.2155076444444444,4.78365288888889,0.0058335111111111,0.44614142222222225,0.7044176888888889,0.0779060888888888,0.2324931111111111,0.0059781333333333,0.004714602248237715,0.1309703111111111,0.0451525777777777,0.0055202222875008,0.0276858222222222,0.1491392,0.0305708444444444,0.0407873777777777,0.0056325777777777,6.745374999999999,0.21150000000000002,0.09083863091766714,0.052125,0.013500000000000002,0.073625,0.434125,0.19787500000000002,0.08712500000000001,0.009,0.02388,0.02871130365823627,1.6211475233617776,0.3516830838113215,0.1846,0.004875,0.18930440219123215,0.006711604397879191,0.1867223331475819,0.035359701908835764,0.13951703880105343,0.854725,0.0538850796889203,0.16144828853122203,0.065,0.01825,0.02350880705779898,0.0095,0.2064875,0.36928801817466317,0.004125,0.0145,0.07837972266415993,0.3578998011315224,0.051,0.094025,0.15200170025361628,0.043125,0.03535240470971983,0.250848451320824,0.004429236175761195,0.007,0.03322354137702662,0.007375,0.013,0.007875,0.01409390004284019,0.019883632899002544,0.00863687945501011,0.012533475633611527,0.0069566863231035544,0.12245802254393037,0.01626249999999995,0.003542696320349911,0.09176098683008672,0.08159218242637792,0.013673655165828864,0.0126036177777777,0.0279784933333333,0.0343309377777777,0.0085701555555555,0.0009238844444444,0.7201215377777778,60300.0,60359.0,873.5539288888889,34.05956444444445,336.66060000000004,55.66980888888889,5.3550088888888885,0.27968,0.01744,42.759502706666666,38.06441229333333,33.23517414222222,29.674470946666666,25.886177351111108,22.08957168,18.755396893333334,16.20205248888889,13.936831262222222,12.412057115555557,11.257286506666667,10.747305835555554,10.088364124444444,9.214737786666666,7.5116304622222225,22.6770174,7.353852635555556,1.9926027333333332,0.9539119066666667,0.2147981911111111,0.17650682666666667,0.11627152444444445,0.10372231555555556,0.11581699555555555,0.09859002222222223,0.09394558666666666,0.09834987555555556,0.08809756444444444,0.08597330222222223,0.10040172,0.13991974222222223,0.10232447555555554,0.09149764888888888,0.05922129777777777,0.06358251555555555,0.09923416888888889,4.162972622222222,14582965.777777778,1918.4674666666665,0.5214375,0.15623250808389297,0.0,0.04166271864117062,1.8806358712174926,0.0282444444444444,0.05569241486032453,0.0685625,0.0059781333333333,0.18485998070035753,0.0,0.0,0.0076444444444444,0.137778125,0.38677857142857136,0.0315888888888888,0.0,4.022319678026666,0.11369823480787032,0.0,0.0858392857142857,0.0,0.13592083333333327,0.12863333333333327,0.0935708333333333,0.1473458333333333,0.15613749999999993,0.032125,0.022279999999999998,0.020165625,0.19814375,0.014333333333333274,0.852,0.03082,0.018003571428571376,0.46265,0.38187,0.001679999999999975,0.0130249999999999,0.577575,0.01111875,0.0,0.226825,0.054542857142857074,0.08373214285714282,0.05998571428571425,0.030103125,0.0458785714285714,0.04525,0.029341666666666624,0.017949999999999973,0.1542375,0.0,0.0,,,,0.026964214523308744,0.01825,1.394544971209781,6.89791489406716,6.2889052085087735,52.271551001064424,339.33334,759.33423,0.9183106960533128,2024-08-05 16:45:00
2024-08-05 11:00:00,57.74488888888889,1.0,0.0758677688888889,0.5186566222222223,0.0049352222222222,0.0580750399999999,1.5281119911111112,0.007625099111111111,0.009740826666666667,0.02958768888888889,5.477453333333333e-24,2.70224e-05,4.183995555555556e-05,0.0004122235555555555,2.271262222222222e-24,3.472071111111111e-05,0.00205224,0.0013499066666666666,4.605337777777778e-07,0.105492,0.008309088888888889,0.020350888888888887,0.16319155555555556,3.638448888888889e-05,2.2527555555555555e-05,0.093,1308.3480000000002,1.3353333333333335,0.04488888888888889,1.3353333333333335,40.73433755555556,-111.87211,309.5228888888889,20.61022222222222,878.6364444444445,146.4604,1.3942222222222223,434951.5111111112,1970.6808888888888,181.23288888888888,14841097.820444444,0.0006735288888888,0.00012056499999994,0.0005188311111111,0.0001097022222222,0.00020432,1.1880000000000005e-05,0.006321156064942916,1.3340290484457675,4.025569104000738,6.90325,10.327258622222224,0.2148054666666666,1.6608818222222224,3.0301351111111114,0.0018316,0.2138845777777777,4.475456711111111,0.0055565333333333,0.3556149333333333,0.6585754666666667,0.0591013777777777,0.2127412888888889,0.0041007111111111,0.004721825704441902,0.1159710222222222,0.0446264444444444,0.0050694210265923995,0.0305856444444444,0.107616,0.0329994666666666,0.0116446666666666,0.0071132,6.105499999999999,0.195,0.06612075396165953,0.0445,0.011000000000000001,0.0735,0.4335,0.1975,0.0835,0.009,0.01884,0.02543497127190908,1.6472283498580507,0.26816833430264664,0.1248,0.0045000000000000005,0.1257392029216429,0.005969283518303352,0.17366119608785838,0.026479602545114354,0.14068938506807124,0.7483,0.013846772918560402,0.14655969500954918,0.054,0.015,0.02734507607706531,0.008,0.17865,0.2723840242328842,0.0035,0.014,0.06946747829799726,0.2721997348420299,0.043,0.0897,0.09266893367148836,0.036500000000000005,0.026136539612959774,0.17879793509443204,0.004357709789354935,0.007,0.02938720662507598,0.006500000000000001,0.011,0.006500000000000001,0.013821091208146966,0.016844843865336728,0.007182505940013478,0.0063779675114820356,0.002275581764138071,0.10294403005857383,0.0130166666666666,0.0034758202801950925,0.0650146491067823,0.051789576568503894,0.013431017292993997,0.0135082355555555,0.0243237688888888,0.0313687377777777,0.0091445822222222,0.0008049511111111,0.8272188977777779,61200.0,61259.0,873.5127466666668,34.95698222222222,322.98914666666667,52.46351111111111,4.825142222222222,0.2676,0.016115555555555557,40.68181103111111,36.427752373333334,31.780640324444445,28.575864595555558,24.97477626222222,21.317631835555556,18.259869097777777,15.676525875555557,13.444622346666668,11.966697293333334,10.847507924444445,10.355504795555555,9.664437773333335,9.015720320000002,7.124079839999999,21.55290456,6.878608893333333,1.8550729955555556,0.9131199911111111,0.19496229333333334,0.17086632444444444,0.10981311555555555,0.10992717777777777,0.08699745777777777,0.10000728444444444,0.07814667111111112,0.08132565777777777,0.07850239111111111,0.08100845777777778,0.09977864888888889,0.13712914666666667,0.08685927555555556,0.07146235555555555,0.05422699555555555,0.04836839111111111,0.08658093777777778,4.242495866666667,14599705.333333336,1915.7972444444445,0.40515,0.1248,0.0,0.03512244339986748,1.93045,0.0282444444444444,0.0468343244733663,0.05955,0.0041007111111111,0.1576913098956822,0.0,0.0,0.0076444444444444,0.1141625,0.3339571428571428,0.0315888888888888,0.0,4.064926740124006,0.0856333333333333,0.0,0.0897,0.0,0.1546166666666666,0.1028999999999999,0.0806333333333333,0.1224833333333333,0.1361166666666666,0.028925,0.01884,0.0151,0.17865,0.0130166666666666,0.7483,0.0294,0.0125428571428571,0.401475,0.33868,0.0,0.0125599999999999,0.50866,0.01235,0.0,0.15972,0.0442714285714285,0.0741428571428571,0.0531428571428571,0.024775,0.0431142857142857,0.0381,0.0202833333333333,0.0172833333333333,0.1605625,0.0,0.0,,,,0.025346453250339775,0.015,1.010429893703388,5.496845840576274,4.796819412451307,60.0,429.33334,802.78314,0.9176817353955107,2024-08-05 17:00:00
2024-08-05 11:15:00,60.024,1.0,0.0766789466666666,0.5976785244444445,0.00546052,0.0727511822222222,1.4859201155555557,0.007740332,0.009876764444444444,0.029889644444444443,1.1580075555555554e-23,2.8157066666666665e-05,4.310831111111111e-05,0.0004245551111111111,5.0626e-24,3.750062222222222e-05,0.002101186666666667,0.0013780711111111112,4.871475555555556e-07,0.1062671111111111,0.008465311111111111,0.020468177777777777,0.1642848888888889,3.763928888888889e-05,2.441382222222222e-05,0.093,1309.1697777777779,1.7058222222222221,0.049022222222222224,1.7058222222222221,40.73434,-111.87211,310.4731111111111,20.241777777777777,878.6604444444445,142.84297777777778,1.4355555555555557,436778.26666666666,1976.9817777777776,195.31466666666668,15348158.013777778,0.0007904088888888,0.00012766333333328,0.0005097822222222,0.0001376444444444,0.0002196844444444,9.702222222222224e-05,0.006142169962192492,0.6846788581349207,2.8128679365079368,4.9119,10.8956644,0.2161682666666666,1.9132976,3.6133546222222224,0.0019418666666666,0.2305976888888889,4.705706533333333,0.0057055555555555,0.2752362222222222,0.7063865333333333,0.0925761777777777,0.2790339111111111,0.0107134222222222,0.004729049160646089,0.1655473777777777,0.0720432444444444,0.004618619765684,0.0321541777777777,0.0993348444444444,0.0305781333333333,0.0109702666666666,0.0083924888888888,5.465624999999999,0.1785,0.09731617476004603,0.036875,0.0085,0.073375,0.432875,0.197125,0.079875,0.009,0.01688,0.036264059271078265,1.7121416560435847,0.4231650610758654,0.1206,0.004125,0.13180440219123218,0.005226962638727514,0.1872832864760115,0.023109701908835767,0.11401703880105343,0.6734749999999999,0.0171350796889203,0.1965299658356016,0.043,0.01175,0.02127788440893672,0.006500000000000001,0.1609875,0.26603801817466316,0.002875,0.0135,0.0989246478190256,0.26239980113152245,0.034999999999999996,0.07377500000000001,0.08950170025361627,0.029875,0.02260240470971983,0.18484845132082403,0.00808494869740729,0.007,0.04206724079881125,0.005625,0.009,0.005125000000000001,0.028037155435879372,0.013806054831670909,0.005728132425016848,0.006283475633611526,0.0029566863231035535,0.08970802254393037,0.01201249999999995,0.00696072971579453,0.062010986830086726,0.04984218242637792,0.026074873157045,0.0163861288888888,0.0260152444444444,0.0332273288888888,0.0103442488888888,0.0009490355555555,0.9654493822222224,62100.0,62159.0,873.5010844444444,36.192408888888885,339.7926088888889,52.516062222222224,4.4654,0.24786222222222223,0.01519111111111111,43.91607763555555,39.60310566222222,34.45810985333333,30.70229677777778,26.632706484444444,22.635659831111113,19.264129964444447,16.481258444444443,13.953001817777778,12.16470092,11.148649057777778,10.569658213333332,10.00512932888889,9.016181066666666,7.08345036,21.219378826666667,6.701256488888889,1.8369010711111111,0.9039913955555556,0.17605269333333332,0.15602022666666665,0.10769088888888888,0.10906534666666666,0.08188060000000001,0.08553368444444445,0.06776237333333333,0.06753749333333332,0.05967196444444444,0.06846407111111111,0.08668295111111111,0.12864078666666667,0.08229363111111111,0.06494396,0.040325297777777776,0.04409517777777778,0.07025979111111112,4.629327866666667,15121828.888888888,1920.915955555556,0.38908750000000003,0.18110850577584373,0.0,0.03556111500496368,1.93450299223867,0.0282444444444444,0.04742845737829278,0.06315625,0.0107134222222222,0.15951357638913982,0.0,0.0,0.0076444444444444,0.103765625,0.3374999999999999,0.0315888888888888,0.0,4.62066196200283,0.13316300794145391,0.0,0.07581071428571427,0.0,0.1259416666666666,0.10026666666666657,0.0796458333333333,0.12350416666666664,0.13364999999999996,0.03003125,0.0183,0.016284375,0.170175,0.01266249999999995,0.7353416666666667,0.029639999999999975,0.009407142857142826,0.4008625,0.358055,0.0,0.011879999999999925,0.50856,0.0092625,0.0,0.141445,0.04179999999999993,0.07354642857142851,0.051353571428571373,0.02570625,0.03917142857142855,0.0374,0.020879166666666622,0.017179166666666624,0.151565625,0.0,0.0,,,,0.0237286919773708,0.01175,0.6263148161969949,4.095776787085387,3.3047336163938397,56.595875759494696,599.33331,844.23694,0.9143588343540566,2024-08-05 17:15:00
2024-08-05 11:30:00,61.55111111111111,1.0,0.0570846177777777,0.4459933377777778,0.0039087333333333,0.0540653511111111,1.2650561555555555,0.007874365333333333,0.009992315555555555,0.030143733333333332,2.5805288888888888e-23,2.91768e-05,4.422573333333333e-05,0.0004354528888888889,1.1754902222222222e-23,4.01404e-05,0.0021438,0.0014023955555555556,5.117711111111112e-07,0.10691333333333335,0.008600177777777778,0.02056382222222222,0.16519733333333333,3.876284444444444e-05,2.621288888888889e-05,0.093,1309.124,1.4875111111111112,0.04671111111111111,1.4875111111111112,40.73434,-111.87211,311.37666666666667,18.805777777777777,878.8888888888888,143.41484444444444,1.414222222222222,432366.7111111111,1964.888,162.1937777777778,14368829.526666667,0.0008843511111111,0.00013476166666662,0.0005300488888888,0.0001014222222222,0.0001949066666666,0.0001583288888888,0.005963183859442068,0.4314125934509935,1.8218046913086912,3.510025595423096,8.668557029548229,0.2051095083028083,1.5226587379620378,2.7875238305250307,0.0004279304029304,0.1871694912087912,4.171733436752137,0.0022978145299145,0.16900087096237099,0.4633846934065934,0.0565779663003662,0.2499429194139194,0.0070259805860805,0.004736272616850276,0.1099329982905983,0.0392540682539682,0.0041678185047756,0.0268407333333333,0.0617772431013431,0.0350997695970696,0.0066246462759462,0.005410466056166,4.825749999999999,0.162,0.08142124768371659,0.029249999999999998,0.006000000000000002,0.07325,0.43225,0.19675,0.07625000000000001,0.009,0.01492,0.02411607052247072,1.473210714771291,0.27027544768661294,0.1164,0.00375,0.13786960146082144,0.0044846417591516766,0.11804841558204346,0.019739801272557176,0.08734469253403562,0.59865,0.0204233864592802,0.17460166242901504,0.032,0.008499999999999997,0.015210692740808135,0.004999999999999999,0.143325,0.2596920121164421,0.0022500000000000003,0.013000000000000001,0.06587981856519264,0.252599867421015,0.026999999999999996,0.05785,0.08633446683574418,0.02325,0.01906826980647989,0.19089896754721603,0.0036273499528372897,0.007,0.027842874676168874,0.00475,0.006999999999999999,0.00375,0.011035425303324006,0.01076726579800509,0.004273758910020218,0.006188983755741018,0.0036377908820690356,0.07647201502928691,0.0110083333333333,0.0027929453831326977,0.05900732455339115,0.04789478828425195,0.01095342872686518,0.0126716711111111,0.0155023866666666,0.0367096533333333,0.0098286577777777,0.0006971155555555,1.0411011822222225,63000.0,63059.0,873.5499555555556,36.29222666666667,305.02404888888884,46.38034666666667,3.747671111111111,0.2328088888888889,0.013293333333333332,39.4778548,35.394776022222224,30.82014628888889,27.452431537777777,23.996588746666664,20.216863044444445,17.200339133333333,14.8164524,12.696017746666666,11.056444386666668,10.055873164444446,9.5059938,9.030113448888889,8.189161653333333,6.452980057777777,19.002437546666666,6.0016068577777775,1.6344056844444446,0.7962511688888889,0.16046089333333333,0.13711586222222222,0.08618031555555555,0.07375548444444444,0.07410382666666666,0.06361256444444445,0.054142444444444444,0.05399002666666666,0.05388542222222223,0.05828975555555556,0.07156958222222222,0.10103979555555556,0.060020937777777776,0.04819319111111111,0.03602795555555556,0.03766512444444445,0.05730348,3.789921555555556,14215371.555555556,1912.0124,0.373025,0.12790234367264783,0.0,0.03599978661005987,1.7386234410566104,0.0282444444444444,0.04802259028321926,0.0667625,0.0070259805860805,0.16133584288259742,0.0,0.0,0.0076444444444444,0.09336875,0.3410428571428571,0.0315888888888888,0.0,3.633068705302222,0.09153067272932734,0.0,0.06192142857142855,0.0,0.0972666666666666,0.09763333333333324,0.0786583333333333,0.12452499999999996,0.13118333333333332,0.0311375,0.017759999999999998,0.01746875,0.1617,0.0123083333333333,0.7223833333333334,0.02987999999999995,0.00627142857142855,0.40025,0.37743,0.0,0.01119999999999995,0.50846,0.006175,0.0,0.12317,0.03932857142857135,0.07294999999999995,0.04956428571428565,0.0266375,0.0352285714285714,0.036699999999999997,0.02147499999999995,0.01707499999999995,0.14256875,0.0,0.0,,,,0.022110930704401826,0.008499999999999997,0.47649828831971597,3.107619064650807,2.2543321867477615,58.006258281560804,769.33331,883.16815,0.9156049487349097,2024-08-05 17:30:00
2024-08-05 11:45:00,61.58844444444445,1.0,0.0505539066666666,0.34532208,0.0031966888888888,0.0423206888888888,1.0979897866666666,0.008002627555555555,0.01009191111111111,0.030359644444444445,5.820506666666666e-23,3.0095022222222224e-05,4.522075555555555e-05,0.00044513911111111114,2.713071111111111e-23,4.257422222222222e-05,0.0021814755555555555,0.001423648888888889,5.342444444444445e-07,0.10745377777777777,0.00871788888888889,0.02064488888888889,0.16596133333333332,3.9769466666666666e-05,2.787128888888889e-05,0.093,1308.4644444444446,1.3842666666666665,0.04631111111111111,1.3842666666666665,40.73434,-111.87211,312.126,17.20711111111111,878.7942222222223,126.12271111111112,1.1031111111111112,430036.4285714286,1956.9019047619047,145.40952380952382,13725417.108095238,0.0008605377777777,0.00014185999999996,0.0005708533333333,8.106222222222222e-05,0.0001669555555555,0.0001572177777777,0.005784197756691645,0.2632348888888889,1.1378548888888889,2.7438906666666667,7.018939261327562,0.2018449831649832,1.1067540706349206,2.0367825845839342,8.873492063492064e-05,0.1610879902356902,3.764271528787879,0.0007988906204906,0.11975314867724869,0.2572332041366041,0.0683794961279461,0.1963383974987974,0.0151602985088985,0.004743496073054463,0.0807514567821067,0.0302345748677248,0.0037170172438672,0.0285022492544492,0.051289889033189,0.0325878906204906,0.0094012581048581,0.0028942099567099,4.185874999999999,0.14550000000000002,0.08663218590258384,0.021625,0.0034999999999999996,0.073125,0.431625,0.19637500000000002,0.07262500000000001,0.009,0.01296,0.017741873036478787,1.3154332785235,0.1927975119693066,0.1122,0.003375,0.1439348007304107,0.003742320879575838,0.05931276259888117,0.01636990063627859,0.06067234626701781,0.523825,0.0237116932296401,0.13419546958570652,0.02099999999999999,0.005249999999999998,0.009143501072679548,0.0034999999999999996,0.1256625,0.25334600605822105,0.0016249999999999997,0.0125,0.04854079464002162,0.24279993371050748,0.018999999999999996,0.041925,0.08316723341787209,0.016625,0.015534134903239943,0.19694948377360802,0.002401174517333247,0.007,0.020379176721298062,0.003875,0.004999999999999999,0.0023750000000000004,0.006358668815315056,0.007728476764339274,0.0028193853950235874,0.006094491877870509,0.004318895441034518,0.06323600751464346,0.010004166666666649,0.0016464907419620894,0.05600366227669557,0.04594739414212597,0.006793892444643227,0.0087076755555555,0.0068821244444444,0.03508052,0.0084510844444444,0.0004051333333333,0.9601488044444444,63900.0,63959.0,873.5989155555555,36.20264888888889,259.49518222222224,38.14444,2.7817644444444443,0.21018222222222221,0.010373333333333333,34.06278674222222,29.943258604444445,26.097690600000004,23.284690853333334,20.24558076,17.18568734222222,14.476355817777778,12.582616857777777,10.780174413333333,9.542332693333332,8.632288386666666,8.30212236888889,7.812366822222222,7.15333792,5.559217728888888,15.895081368888889,5.003567204444445,1.4211916355555554,0.6470840222222222,0.12877780444444445,0.09751935555555556,0.06478311555555556,0.06079991111111111,0.04474892888888889,0.044547475555555556,0.04175123555555556,0.042084524444444445,0.039336404444444445,0.03557676,0.04614972,0.06442931555555556,0.043750804444444444,0.031717768888888886,0.02178911111111111,0.024166786666666665,0.035843146666666666,3.134928355555556,13535500.0,1904.804,0.35696249999999996,0.1009397298245722,0.0,0.03643845821515607,1.5800375651185803,0.0282444444444444,0.04861672318814573,0.07036875,0.0151602985088985,0.16315810937605502,0.0,0.0,0.0076444444444444,0.082971875,0.3445857142857143,0.0315888888888888,0.0,3.216103705662222,0.07043318075572778,0.0,0.04803214285714283,0.0,0.0685916666666666,0.09499999999999992,0.0776708333333333,0.12554583333333327,0.12871666666666665,0.03224375,0.01722,0.018653125,0.153225,0.01195416666666665,0.709425,0.030119999999999925,0.0031357142857142747,0.39963750000000003,0.39680499999999996,0.0,0.010519999999999974,0.50836,0.0030875,0.0,0.104895,0.036857142857142776,0.07235357142857138,0.04777499999999993,0.02756875,0.03128571428571425,0.036,0.022070833333333276,0.016970833333333275,0.133571875,0.0,0.0,,,,0.020493169431432853,0.005249999999999998,0.3770148462777633,2.4256744134970267,1.6802798880253031,58.04073794740875,939.33331,919.13318,0.9179547545914529,2024-08-05 17:45:00
2024-08-05 12:00:00,63.17955555555556,1.0,0.0520333155555555,0.4437539822222222,0.0037103466666666,0.0548915511111111,1.0516760755555556,0.008128009777777778,0.010172222222222221,0.0305292,1.2031337777777776e-22,3.0867599999999996e-05,4.604582222222222e-05,0.0004531986666666667,5.694533333333334e-23,4.470262222222222e-05,0.002212408888888889,0.0014408622222222222,5.535533333333334e-07,0.10788222222222223,0.008813773333333334,0.020707377777777775,0.1665551111111111,4.0612800000000005e-05,2.9326755555555556e-05,0.093,1308.651111111111,1.3174666666666668,0.04502222222222222,1.3174666666666668,40.73434,-111.87211,312.46866666666665,17.026666666666667,878.5062222222223,139.34542222222223,1.5724444444444443,431987.6444444445,1958.511555555556,180.5888888888889,13830755.836,0.0009293022222222,0.0001489583333333,0.0005760133333333,9.033333333333334e-05,0.0001579555555555,0.0001245866666666,0.00560521165394122,0.5112628,1.9167328888888888,3.823108,7.590395964624265,0.2037326611314611,1.2928419927109926,2.38989604038924,0.0002824967735967,0.1666693399452399,4.072415688374588,0.0019042346246346,0.14747997785177785,0.2901735262829762,0.0677087850963851,0.2143326632441632,0.0084871473526473,0.00475071952925865,0.086691656018056,0.0308761112850112,0.0015852104503561817,0.028396126081326,0.0767996526288526,0.0263074672919672,0.0254822307100307,0.0033995825914825,3.546,0.129,0.054,0.014,0.001,0.073,0.431,0.196,0.069,0.009,0.011,0.017,1.169,0.156,0.108,0.003,0.15,0.003,0.046,0.013,0.034,0.449,0.027,0.153,0.01,0.002,0.003076309404550961,0.002,0.108,0.247,0.001,0.012,0.041,0.233,0.011,0.026,0.08,0.01,0.012,0.203,0.002,0.007,0.017,0.003,0.003,0.001,0.005,0.004689687730673454,0.0013650118800269564,0.006,0.005,0.05,0.009,0.002,0.053,0.044,0.005,0.0092804088888888,0.0084091333333333,0.0306355644444444,0.0079017111111111,0.0004497866666666,1.0517534133333333,64800.0,64859.0,873.536608888889,36.66637333333333,285.77846666666665,41.46467555555556,3.0265911111111112,0.21186666666666668,0.011084444444444444,38.30748090666667,33.88441907111111,29.274732444444446,26.015057862222225,22.437304111111114,19.14990433777778,15.968915782222222,13.642260515555556,11.828345506666667,10.285548306666666,9.238990875555555,8.92482108,8.33044328,7.639127582222222,5.905174555555556,16.638055426666668,5.197616657777777,1.4645232177777778,0.6975553155555556,0.13416712,0.10370843111111111,0.06915187555555556,0.05824535111111111,0.05898312888888889,0.04746504,0.04821772444444445,0.046782311111111106,0.04441380888888889,0.04911854222222222,0.05285497777777778,0.06134146222222223,0.04447703555555556,0.036588715555555554,0.023916768888888888,0.026750053333333336,0.04188280888888889,3.492547022222222,13645062.666666666,1906.3237333333332,0.3409,0.14345,0.0,0.036877129820252263,1.52335,0.0282444444444444,0.04921085609307221,0.073975,0.0084871473526473,0.16498037586951264,0.0,0.0,0.0076444444444444,0.072575,0.3481285714285714,0.0315888888888888,0.0,3.524336948241688,0.1245,0.0,0.0341428571428571,0.0,0.0399166666666666,0.0923666666666666,0.0766833333333333,0.1265666666666666,0.12625,0.03335,0.01668,0.0198375,0.14475,0.0116,0.6964666666666667,0.0303599999999999,0.0,0.399025,0.41618,0.0,0.00984,0.50826,0.0,0.0,0.08662,0.0343857142857142,0.0717571428571428,0.0459857142857142,0.0285,0.0273428571428571,0.0353,0.0226666666666666,0.0168666666666666,0.124575,0.0,0.0,,,,0.01887540815846388,0.002,0.5237326908580298,3.20226895906477,2.488919682097507,67.0,1053.3334,959.20923,0.9221941012526355,2024-08-05 18:00:00
2024-08-05 12:15:00,65.00844444444445,1.0,0.0559084542857142,0.5143723473015873,0.003826372063492,0.0640186723809523,1.088903395238095,0.008288767555555555,0.010238133333333335,0.03066782222222222,2.254004444444444e-22,3.1513022222222226e-05,4.6727777777777786e-05,0.0004598911111111111,1.077375111111111e-22,4.6539466666666664e-05,0.0022378577777777777,0.0014551422222222222,5.699671111111111e-07,0.10821333333333333,0.008891791111111111,0.02075511111111111,0.16701955555555556,4.1315688888888886e-05,3.0587777777777774e-05,0.093,1308.9684444444442,1.6629333333333334,0.04706666666666667,1.6629333333333334,40.734339777777784,-111.87211,312.7184444444444,16.76711111111111,878.4244444444445,113.36724444444444,1.044888888888889,432169.2444444445,1959.9311111111112,171.99066666666667,14328905.62,0.0009800028571428,0.0001244594740444,0.0006489834920634,0.0001085101587301,0.0001530619047619,6.112888888888889e-05,0.005426225551190796,0.4607832,2.0285284444444445,4.079500444444444,8.325454666666667,0.1992252,1.6164437777777778,4.652936666666666,0.0009820888888888,0.1906964444444444,4.378959244444444,0.0048396444444444,0.13932222222222224,0.3005898666666667,0.0645286222222222,0.2649803111111111,0.0040166222222222,0.0047579429854628374,0.0986912444444444,0.0308982222222222,0.0013845637147351514,0.0280312888888888,0.0851875555555555,0.0362183111111111,0.0352443555555555,0.0035315555555555,3.57875,0.132125,0.08493184142991386,0.013375,0.001,0.073,0.43174999999999997,0.207875,0.069125,0.009125,0.011049999999999999,0.021660505963503104,1.3752798490181135,0.31549894877272555,0.09811249999999999,0.003125,0.15359969571016344,0.00275,0.07166572640181865,0.011436235502019061,0.03406541650303989,0.43295833333333333,0.02386136406108856,0.1859365970029896,0.012875000000000001,0.002875,0.003316770728982091,0.00275,0.1049375,0.24435815332942964,0.001,0.012125,0.05920021807723948,0.21177759911334645,0.01075,0.026678571428571423,0.0801420862541734,0.009625,0.013838543540191994,0.20471922054550662,0.002491395558479869,0.006804401881670756,0.024967596303150635,0.003125,0.004,0.001,0.006702780944232354,0.004478476764339272,0.0016962508863275776,0.0055709940716589836,0.0050544485537732595,0.05693912310989296,0.010183333333333325,0.0017308459886574948,0.052641128830383625,0.04389735044004081,0.00709994791044609,0.0099106057142857,0.008788306031746,0.028970959047619,0.0078268228571428,0.000518418095238,1.136996884126984,65700.0,65759.0,873.4331511111111,37.064035555555556,297.9435822222222,42.289088888888884,2.97148,0.20401333333333332,0.011017777777777776,40.24320475555555,35.72012995111111,30.993275995555557,27.416374395555557,23.742679026666668,20.070117733333333,16.76102160888889,14.320279502222222,12.20936916888889,10.672503435555557,9.600099582222223,9.107056702222222,8.485011111111112,7.770757364444445,5.9388211066666665,16.64448661777778,5.186778293333333,1.4536019466666665,0.6937658533333334,0.1374965333333333,0.10558767555555557,0.06588348444444445,0.056251715555555554,0.058957159999999995,0.045384426666666665,0.04565196888888889,0.04445839111111111,0.041010066666666664,0.03946618666666667,0.04462496888888889,0.06394352,0.04487784888888889,0.03709804888888889,0.020929155555555558,0.025480600000000003,0.03708137333333333,3.864377822222222,14116592.0,1906.5909777777777,0.32499999999999996,0.1436402926171306,0.0,0.03463026447197226,1.6193513429570245,0.0282444444444444,0.046167721728221985,0.0704125,0.0040166222222222,0.15564677097711538,0.0,0.0,0.0076444444444444,0.075325,0.32998214285714284,0.0315888888888888,0.0,4.034428403366882,0.10384517804428002,0.0,0.03278571428571425,0.0,0.038366666666666605,0.09137499999999993,0.07579166666666662,0.1226541666666666,0.12384583333333332,0.03190625,0.01531,0.017690625,0.1325,0.012133333333333324,0.6185583333333333,0.030729999999999924,0.0,0.38000625,0.402095,0.0,0.011345,0.502595,0.0,0.0,0.11629500000000001,0.03394285714285707,0.06802857142857137,0.0440857142857142,0.026609375,0.027207142857142798,0.03477083333333332,0.01699999999999995,0.016320833333333274,0.132803125,0.0,0.0,,,,0.017257646885494908,0.002875,0.4938721075305502,3.313736761035246,2.681030322905004,61.19932162240837,1103.3334,994.03833,0.9321819925794228,2024-08-05 18:15:00
2024-08-05 12:30:00,69.46355555555556,1.0,0.0583193796825396,0.6643660082539683,0.0043111025396825,0.0850726117460317,1.1011415507936508,0.008442489777777777,0.010288533333333332,0.030775155555555555,3.7854577777777777e-22,3.20396e-05,4.7275866666666666e-05,0.00046527422222222224,1.820773333333333e-22,4.806937777777778e-05,0.0022581555555555555,0.00146648,5.834902222222223e-07,0.10846666666666667,0.008953844444444444,0.020791333333333332,0.1673711111111111,4.188706666666667e-05,3.1638355555555556e-05,0.093,1309.0084444444444,1.8704444444444444,0.04933333333333333,1.8704444444444444,40.73433888888889,-111.87211,313.45088888888887,16.428444444444445,878.3688888888888,127.15773333333333,1.124888888888889,433809.3777777777,1963.7737777777777,178.87600000000003,14418573.356444445,0.0010868069841269,0.0001156812698412,0.0007199717460317,0.0001550333333333,0.0001755641269841,1.5201904761904766e-05,0.005247239448440372,0.5106917777777779,2.3762391111111114,4.869249777777778,8.3219752,0.1948804444444444,1.7326030666666667,3.3678044888888885,0.0009509333333333,0.2149331555555555,4.956467866666666,0.0042762666666666,0.1578739111111111,0.331814,0.0730670222222222,0.2947337777777778,0.0055336888888888,0.0047651664416670245,0.1075996444444444,0.0305053333333333,0.001183916979114121,0.0293294666666666,0.0737917777777777,0.0363243111111111,0.0443508444444444,0.0038246666666666,3.6115,0.13525,0.08870195221538144,0.012750000000000001,0.001,0.073,0.4325,0.21975,0.06925,0.00925,0.011099999999999999,0.023606390174852488,1.4511975631131548,0.3472823938040762,0.088225,0.0032500000000000003,0.15719939142032685,0.0025,0.08056195056522873,0.009872471004038125,0.034130833006079775,0.41691666666666666,0.02072272812217712,0.20836426297105665,0.01575,0.00375,0.003557232053413221,0.0035,0.101875,0.2417163066588593,0.001,0.01225,0.06449339152697126,0.19055519822669292,0.010499999999999999,0.02735714285714285,0.0802841725083468,0.00925,0.015677087080383987,0.2064384410910132,0.0024379833895466544,0.006608803763341511,0.02724607795367699,0.0032500000000000003,0.005,0.001,0.006499061557622428,0.00426726579800509,0.0020274898926281987,0.005141988143317966,0.00510889710754652,0.06387824621978591,0.01136666666666665,0.0016809064553774955,0.052282257660767245,0.043794700880081625,0.006918758622064571,0.0122418704761904,0.0100291971428571,0.0279510879365079,0.0084072212698412,0.000538206031746,1.4398424333333335,66600.0,66659.0,873.3358933333333,37.58903555555556,324.86924888888893,44.26593333333334,2.88876,0.19044,0.010853333333333333,44.62261059555556,39.77395228,34.527493088888896,30.714412248888888,26.67898372888889,22.119065626666668,18.576604848888888,15.665778591111112,13.170173017777778,11.543952142222222,10.169966493333334,9.55846428,8.890443404444445,8.038060413333334,6.038311364444444,16.64611754222222,5.137496355555555,1.4644377377777777,0.7053135022222222,0.12882350666666667,0.09962612,0.06051232888888889,0.05417688,0.04713348,0.04770284,0.03933612888888889,0.034482200000000005,0.03285952444444445,0.03617537333333333,0.034886742222222225,0.06203852444444445,0.040640079999999995,0.03378414222222222,0.021535613333333332,0.02209353777777778,0.03175512,4.362279288888889,14186396.444444444,1909.8648444444443,0.3091,0.1547010513635775,0.0,0.032383399123692265,1.6913768982865918,0.0282444444444444,0.04312458736337177,0.06684999999999999,0.0055336888888888,0.14631316608471812,0.0,0.0,0.0076444444444444,0.078075,0.3118357142857142,0.0315888888888888,0.0,4.388537749897778,0.11249991271466282,0.0,0.0314285714285714,0.0,0.0368166666666666,0.09038333333333325,0.07489999999999994,0.1187416666666666,0.12144166666666664,0.030462499999999997,0.013940000000000001,0.01554375,0.12025,0.012666666666666649,0.54065,0.03109999999999995,0.0,0.3609875,0.38800999999999997,0.0,0.01285,0.49693,0.0,0.0,0.14597,0.033499999999999946,0.06429999999999994,0.0421857142857142,0.02471875,0.0270714285714285,0.03424166666666665,0.0113333333333333,0.01577499999999995,0.14103125,0.0,0.0,,,,0.015639885612525935,0.00375,0.5233949097217191,3.660428036394233,3.272776506505336,65.31389508026362,1153.3334,1017.5653,0.9428899318232019,2024-08-05 18:30:00
2024-08-05 12:45:00,73.06666666666666,1.0,0.0564784047619047,0.7434549412698414,0.0047627841269841,0.0955161107936508,1.1164754196825395,0.008437290666666668,0.010327644444444445,0.030855155555555555,5.668342222222222e-22,3.244524444444445e-05,4.769702222222222e-05,0.0004694071111111111,2.7379111111111107e-22,4.927493333333333e-05,0.00227372,0.0014750844444444446,5.940604444444445e-07,0.10865333333333332,0.009000982222222223,0.020818044444444447,0.16762711111111112,4.2327911111111114e-05,3.24696e-05,0.093,1309.3337777777779,1.1090222222222224,0.048933333333333336,1.1090222222222224,40.73434,-111.87211,313.7411111111111,16.859555555555556,878.2613333333334,127.27386666666666,1.4702222222222223,435213.0222222222,1966.786222222222,184.36577777777785,14907263.726666668,0.0011447082539682,0.00010068,0.0006840688888888,0.0001131625396825,0.0002150428571428,2.8627301587301592e-05,0.005068253345689948,0.5121929333333334,2.513869333333333,5.170092444444443,8.648079733333333,0.1946012,1.8019107111111112,2.8794951555555555,0.0006007111111111,0.2247087555555555,5.1239064,0.0026873333333333,0.21764871111111112,0.3890792444444444,0.0616880444444444,0.2264412444444444,0.0021637333333333,0.0047723898978712116,0.0911089333333333,0.0244885333333333,0.0009832702434930908,0.0343526222222222,0.0727044888888888,0.0310238666666666,0.0397165333333333,0.0039265333333333,3.64425,0.138375,0.08367759087747317,0.012125,0.001,0.073,0.43325,0.231625,0.069375,0.009375,0.01115,0.020004282682481805,1.5107129767305736,0.3726238031138648,0.0783375,0.003375,0.1607990871304903,0.0022500000000000003,0.09687767807995834,0.008308706506057188,0.03419624950911967,0.400875,0.01758409218326568,0.1568864925696328,0.018625000000000003,0.004625,0.003797693377844351,0.00425,0.0988125,0.23907445998828894,0.001,0.012375,0.05469497719661675,0.16933279734003936,0.010249999999999999,0.028035714285714275,0.08042625876252019,0.008875000000000001,0.01751563062057598,0.20815766163651978,0.0016200159001981745,0.0064132056450122675,0.023028285457740827,0.003375,0.006,0.001,0.0033792512498760675,0.004056054831670908,0.0023587288989288203,0.004712982214976949,0.005163345661319779,0.07081736932967886,0.012549999999999974,0.0009161197883662212,0.05192338649115087,0.043692051320122445,0.004143979947572213,0.0146101387301587,0.0121323549206349,0.0310571901587301,0.0088685526984126,0.0004263787301587,1.627957407936508,67500.0,67559.0,873.1992088888888,37.742288888888886,349.6323733333333,46.133137777777776,2.800724444444444,0.17686222222222223,0.010746666666666667,48.748703408888886,43.556725288888885,38.06471710222222,33.711250973333335,28.96788075555555,24.21962724888889,20.152389337777777,16.83229083111111,14.035906848888889,12.103423475555555,10.655531120000001,9.94959608,9.332954026666668,8.268273253333334,6.2023102933333325,16.702790186666668,5.144647035555555,1.4959326755555555,0.7134879511111111,0.13057363111111112,0.09955412888888888,0.06490860888888889,0.05210903555555556,0.04494452888888889,0.03669142222222222,0.031669928888888886,0.034894871111111114,0.03485237333333333,0.03086388888888889,0.03369132444444445,0.04859839111111111,0.03283943555555555,0.029141244444444443,0.018762555555555557,0.021135813333333333,0.028592093333333332,4.755576977777777,14685733.77777778,1911.8355555555556,0.2932,0.1635199573819168,0.0,0.030136533775412262,1.7347328368827277,0.0282444444444444,0.04008145299852155,0.0632875,0.0021637333333333,0.13697956119232088,0.0,0.0,0.0076444444444444,0.080825,0.29368928571428565,0.0315888888888888,0.0,4.648398562528889,0.11940046026491903,0.0,0.030071428571428548,0.0,0.0352666666666666,0.08939166666666656,0.07400833333333327,0.1148291666666666,0.11903749999999998,0.02901875,0.01257,0.013396874999999999,0.108,0.013199999999999976,0.46274166666666666,0.03146999999999998,0.0,0.34196875000000004,0.373925,0.0,0.014355,0.491265,0.0,0.0,0.175645,0.03305714285714283,0.060571428571428526,0.040285714285714196,0.022828125,0.026935714285714202,0.03371249999999998,0.00566666666666665,0.015229166666666625,0.149259375,0.0,0.0,,,,0.014022124339556963,0.004625,0.524282899732618,3.7976547649487093,3.4981929675902195,68.64159330680316,1203.3334,1037.3868,0.9373744396290579,2024-08-05 18:45:00
2024-08-05 13:00:00,68.32044444444445,1.0,0.0465270069841269,0.5292528679365079,0.00405552,0.068207459047619,0.9667912663492064,0.008475012888888888,0.010354844444444445,0.03091026666666667,7.557164444444444e-22,3.273368888888889e-05,4.7995822222222217e-05,0.000472328,3.6599377777777773e-22,5.0145866666666664e-05,0.0022848133333333337,0.0014811688888888889,6.01648e-07,0.10878266666666667,0.00903407111111111,0.020835955555555556,0.16780799999999998,4.264048888888889e-05,3.306817777777778e-05,0.093,1309.0053333333335,1.4544444444444444,0.04711111111111111,1.4544444444444444,40.73434,-111.87211,313.45799999999997,16.78666666666667,878.2177777777778,142.97359999999998,1.792,433336.5333333333,1960.5737777777777,166.15955555555556,14326189.852444444,0.0010530333333333,6.052984126984128e-05,0.0006074304761904,8.325587301587301e-05,0.0001879396825396,4.205269841269842e-05,0.004889267242939524,0.5307708444444446,2.2741595555555554,4.409083111111112,7.252161536507937,0.1921183587301587,1.4735886317460318,2.3446280984126986,0.0006486603174603,0.1926065746031746,4.236207387301588,0.0047836285714285,0.291186653968254,0.3285533555555556,0.0455959015873015,0.1836379682539682,0.0040364031746031,0.004779613354075399,0.0890881333333333,0.0342502603174603,0.0007826235078720606,0.0289672,0.1009935523809523,0.0285494,0.0299292349206349,0.0036988063492063,3.6769999999999996,0.14150000000000001,0.039904937021940624,0.0115,0.001,0.073,0.434,0.2435,0.0695,0.0095,0.0112,0.019562874257366768,0.8867247174132273,0.12511367091722128,0.06845,0.0035,0.16439878284065373,0.002,0.07963294403091484,0.00674494200807625,0.034261666012159554,0.3848333333333333,0.01444545624435424,0.12462209825572931,0.0215,0.0055,0.00403815470227548,0.005,0.09575,0.2364326133177186,0.001,0.0125,0.05349426271284661,0.1481103964533858,0.009999999999999998,0.0287142857142857,0.08056834501669359,0.0085,0.019354174160767974,0.20987688218202638,0.0029470959615117745,0.006217607526683024,0.022511429937177807,0.0035,0.007,0.001,0.008440868133682274,0.003844843865336727,0.0026899679052294415,0.004283976286635932,0.005217794215093038,0.07775649243957182,0.0137333333333333,0.002156918658939367,0.0515645153215345,0.04358940176016326,0.008645813457373471,0.010757753015873,0.0098291803174603,0.0292671819047619,0.0070649568253968,0.0003558774603174,1.480708975873016,68400.0,68459.0,873.0635511111111,37.88260888888889,315.69044,41.610440000000004,2.4517466666666667,0.1718711111111111,0.009573333333333333,44.239597715555554,39.118353191111105,34.043377137777775,30.16656624888889,25.7798506,21.62512723111111,17.981052902222224,15.129708453333333,12.719648751111112,11.028080137777778,9.67048012888889,9.247375213333333,8.6126862,7.697806808888888,5.776295577777778,15.392035613333332,4.765526644444445,1.3761768355555555,0.6560918488888888,0.11824439555555556,0.09153438666666666,0.05517301333333333,0.04383398222222222,0.03644613333333333,0.03318156,0.03167548,0.036543004444444444,0.023671773333333333,0.023565471111111114,0.028233773333333333,0.03977381777777778,0.02540678222222222,0.01865325777777778,0.012685995555555555,0.018642048888888887,0.027412724444444446,3.956369955555556,14170447.555555554,1907.9322666666667,0.2773,0.06845,0.0,0.027889668427132263,1.18755,0.0282444444444444,0.037038318633671324,0.059725,0.0040364031746031,0.12764595629992362,0.0,0.0,0.0076444444444444,0.083575,0.2755428571428571,0.0315888888888888,0.0,3.8610117230977297,0.05875,0.0,0.0287142857142857,0.0,0.0337166666666666,0.0883999999999999,0.0731166666666666,0.1109166666666666,0.1166333333333333,0.027575,0.0112,0.01125,0.09575,0.0137333333333333,0.3848333333333333,0.03184,0.0,0.32295,0.35984,0.0,0.01586,0.4856,0.0,0.0,0.20532,0.0326142857142857,0.0568428571428571,0.0383857142857142,0.0209375,0.0267999999999999,0.0331833333333333,0.0,0.0146833333333333,0.1574875,0.0,0.0,,,,0.012404363066587987,0.0055,0.5352724333815344,3.5586477498045177,2.9279811931990647,62.0,1249.8334,1053.6211,0.9381166901005873,2024-08-05 19:00:00
2024-08-05 13:15:00,62.032,1.0,0.0334165755555555,0.33699282,0.0034224853968253,0.0386543425396825,0.8110896295238095,0.008443442666666667,0.010370755555555555,0.030942177777777777,8.972782222222222e-22,3.2906533333333334e-05,4.817284444444444e-05,0.00047407422222222223,4.352035555555555e-22,5.066933333333333e-05,0.002291288888888889,0.0014847466666666664,6.061977777777777e-07,0.10887066666666666,0.009053617777777778,0.020847555555555557,0.167896,4.2827866666666664e-05,3.342844444444444e-05,0.093,1308.3751111111112,1.4338666666666666,0.046622222222222225,1.4338666666666666,40.73434,-111.87211,312.5882222222222,16.860888888888887,878.2204444444445,145.32742222222222,2.488,430524.57777777786,1953.2706666666668,151.88311111111113,13672381.445333332,0.0008952425396825,3.86752380952381e-05,0.0004259285714285,6.285619047619047e-05,0.0001270031746031,5.547809523809524e-05,0.0047102811401891,0.4778882222222222,1.7462004444444446,3.215049777777778,6.112693422222222,0.1876547301587301,1.1222526126984127,2.052835647619048,0.0005597238095238,0.1461272984126984,3.449413238095238,0.0032920031746031,0.2829542793650794,0.2838066698412698,0.0441511047619047,0.1390189619047619,0.0070681777777777,0.004786836810279586,0.075185292063492,0.0292069904761904,0.0005819767722510304,0.0228555746031746,0.1252378571428571,0.023584365079365,0.0206544158730158,0.0019379968253968,3.7097499999999997,0.144625,0.07593419569321887,0.010875,0.001,0.073,0.43474999999999997,0.255375,0.069625,0.009625,0.01165,0.016526041681384458,1.2436926568566093,0.22268029268517353,0.0765875,0.003625,0.1327990871304903,0.00175,0.06688394176288454,0.008058706506057188,0.03469624950911966,0.393625,0.01733409218326568,0.09098903689054183,0.024375,0.006375,0.004278616026706611,0.00575,0.0990625,0.26982445998828897,0.001,0.012624999999999999,0.04523350317293381,0.19358279734003936,0.00975,0.028035714285714275,0.08242625876252019,0.008125,0.01676563062057598,0.2221576616365198,0.00226147723225861,0.006022009408353779,0.018955531153612423,0.003625,0.008,0.001,0.0058258493137879515,0.003633632899002545,0.0030212069115300626,0.004962982214976949,0.006163345661319779,0.07456736932967886,0.013299999999999975,0.001515875989622906,0.055673386491150875,0.04694205132012244,0.006319999468996563,0.0071907609523809,0.0078949257142857,0.0385857815873015,0.0050747466666666,0.0002965479365079,1.0574391596825397,69300.0,69359.0,872.9238622222222,38.051635555555556,256.9094,34.660764444444446,1.9893244444444445,0.1674711111111111,0.00832888888888889,35.27111132444444,30.993112315555553,26.650959311111112,23.703750204444443,20.296491777777774,17.082040404444445,14.469388093333333,12.281403862222222,10.4369016,9.175761297777777,8.2873142,8.01148212,7.608186057777777,6.8373579511111116,5.055558746666667,13.94583539111111,4.365456817777778,1.2904916844444443,0.6069035377777777,0.10468090666666667,0.07644795555555556,0.045797684444444445,0.03801514222222222,0.03775647555555555,0.024569986666666665,0.026934866666666668,0.019950528888888888,0.020208995555555557,0.021583493333333332,0.017134831111111113,0.03309168444444445,0.01681129333333333,0.01486355111111111,0.009677813333333334,0.012977217777777777,0.01934184888888889,3.0460585777777776,13483578.666666666,1901.7719111111112,0.27873749999999997,0.11133905022061968,0.0,0.026792547205112448,1.5133311569882864,0.0282444444444444,0.03555238744705582,0.06049375,0.0070681777777777,0.12308845310408864,0.0,0.0,0.0076444444444444,0.0827,0.2666821428571428,0.0315888888888888,0.0,2.9725654459545607,0.07857035839817512,0.0,0.0269785714285714,0.0,0.05394999999999993,0.08905833333333324,0.07202499999999992,0.10856666666666659,0.1152708333333333,0.0284875,0.012004999999999974,0.012084375,0.09949375,0.012824999999999975,0.41441666666666666,0.0314,0.0,0.34180625,0.361585,0.0,0.015104999999999974,0.495755,0.002825,0.0,0.194875,0.03291071428571427,0.057414285714285675,0.03889999999999992,0.020875,0.0277107142857142,0.032379166666666626,0.0,0.014774999999999976,0.154715625,0.0,0.0,,,,0.010786601793619014,0.006375,0.5039903719657884,3.0322364684848724,2.0333116591212685,58.45038921545938,1292.3334,1066.4734,0.9326042775288357,2024-08-05 19:15:00
2024-08-05 13:30:00,63.62844444444444,1.0,0.0317456301587301,0.3765160057142857,0.0033178676190476,0.0430680203174603,0.8085267707936509,0.008438193333333333,0.010378400000000001,0.03095,9.492697777777778e-22,3.296288888888889e-05,4.82308e-05,0.0004746373333333333,4.606346666666667e-22,5.084204444444445e-05,0.002293546666666667,0.001485911111111111,6.076808888888889e-07,0.1089,0.009060022222222222,0.02085,0.1679191111111111,4.288893333333333e-05,3.354782222222222e-05,0.093,1308.4720000000002,1.3408888888888888,0.04751111111111111,1.3408888888888888,40.73434,-111.87211,312.498,16.842222222222222,878.1244444444444,142.26368888888888,1.8653333333333333,429875.02222222224,1953.446222222222,153.65733333333336,13667422.32088889,0.0008778047619047,2.5300952380952383e-05,0.0003980012698412,6.74184126984127e-05,9.748507936507936e-05,6.890349206349207e-05,0.004531295037438676,0.4614969981092982,1.8319164761072264,3.5213099387279385,6.410313495970696,0.1870183564102564,1.171510212765013,1.833048110989011,0.0003222181929181,0.1443162170940171,3.520653239194139,0.003242754090354,0.18675359360639363,0.3098880915750915,0.0584692214896214,0.1601392010989011,0.0062760466422466,0.004794060266483773,0.0763507844932844,0.0270038252747252,0.00038133003663,0.0273536765567765,0.0792513085470085,0.0230648892551892,0.0191464084249084,0.0023286156288156,3.7424999999999997,0.14775,0.08225632704133423,0.010249999999999999,0.001,0.073,0.4355,0.26725,0.06975,0.00975,0.0121,0.01678062312334713,1.2471610233922874,0.23087029478723597,0.084725,0.00375,0.10119939142032687,0.0015,0.07431493021555088,0.009372471004038124,0.035130833006079776,0.40241666666666664,0.020222728122177118,0.10690912025825576,0.027250000000000003,0.0072499999999999995,0.00451907735113774,0.006500000000000001,0.102375,0.3032163066588593,0.001,0.01275,0.04592601289243905,0.2390551982266929,0.0095,0.02735714285714285,0.0842841725083468,0.00775,0.014177087080383986,0.2344384410910132,0.0019619629541602138,0.005826411290024535,0.01925362655964598,0.00375,0.009000000000000001,0.001,0.004683471720183508,0.0034224219326683637,0.0033524459178306838,0.005641988143317966,0.007108897107546519,0.07137824621978592,0.012866666666666651,0.0012358348761898862,0.05978225766076725,0.05029470088008163,0.00530396173840733,0.0085884333333333,0.0089481822222222,0.0523791117460317,0.0054759685714285,0.0003192231746031,1.1426793126984127,70200.0,70259.0,872.7793911111112,38.05744,270.63902222222225,36.29724888888889,2.084271111111111,0.16738666666666668,0.008759999999999999,37.25908918222222,32.79551543111111,28.327012968888887,24.95162156,21.670269702222225,18.123381617777778,15.122023151111112,12.931009342222222,10.933189133333334,9.67728348888889,8.749923791111112,8.356125786666666,7.945719400000001,7.0861388977777775,5.256831128888889,14.458923813333334,4.518558671111111,1.3060390311111112,0.6203005244444444,0.10225743555555557,0.07852150222222222,0.04122595111111112,0.04356952888888889,0.039100404444444445,0.02199470222222222,0.025278284444444445,0.02094331111111111,0.02137504888888889,0.020755386666666667,0.021590817777777778,0.03182772444444445,0.02078212,0.020540595555555555,0.010516284444444444,0.009690804444444446,0.020017431111111112,3.30177,13493243.555555554,1902.0807111111112,0.280175,0.11418920184183165,0.0,0.025695425983092636,1.520124803080293,0.0282444444444444,0.03406645626044032,0.0612625,0.0062760466422466,0.11853094990825366,0.0,0.0,0.0076444444444444,0.081825,0.25782142857142853,0.0315888888888888,0.0,3.0837784845022225,0.08080052240567372,0.0,0.0252428571428571,0.0,0.07418333333333325,0.0897166666666666,0.07093333333333324,0.1062166666666666,0.1139083333333333,0.0294,0.01280999999999995,0.01291875,0.10323750000000001,0.01191666666666665,0.44399999999999995,0.03096,0.0,0.3606625,0.36333,0.0,0.01434999999999995,0.50591,0.00565,0.0,0.18442999999999998,0.03320714285714285,0.05798571428571425,0.03941428571428565,0.0208125,0.0286214285714285,0.03157499999999995,0.0,0.01486666666666665,0.15194375,0.0,0.0,,,,0.009168840520650041,0.0072499999999999995,0.4942943459777981,3.1177012044987644,2.262787359551634,59.92480540267167,1334.8334,1076.2214,0.9313656331478215,2024-08-05 19:30:00
2024-08-05 13:45:00,62.81244444444444,1.0,0.0319670533333333,0.3496613822222222,0.0028117644444444,0.0360829644444444,0.8104276666666668,0.008425751555555555,0.010370355555555556,0.030941955555555557,8.949995555555555e-22,3.2905466666666665e-05,4.8169066666666666e-05,0.00047406355555555554,4.341004444444445e-22,5.0663022222222224e-05,0.0022912488888888888,0.0014846933333333332,6.061391111111111e-07,0.10887066666666666,0.009053297777777778,0.020847555555555557,0.167896,4.282528888888889e-05,3.3423511111111105e-05,0.093,1309.0928888888889,1.2237777777777776,0.04986666666666666,1.2237777777777776,40.73434,-111.87211,312.9251111111111,16.594666666666665,877.9311111111111,137.11617777777778,2.0204444444444447,429226.1777777778,1952.596888888889,150.7648888888889,13768416.074222222,0.0009518222222222,3.5084444444444455e-05,0.0004672,5.331111111111111e-05,6.852444444444445e-05,8.23288888888889e-05,0.004352308934688252,0.3559839192733193,1.5965728851777852,3.001805964960965,6.573315658585859,0.1892582351851852,1.152218734920635,1.6250098885521886,0.001113898003848,0.1637391417508417,3.3691355120731123,0.0013446198172198,0.2766323883597884,0.375434962025012,0.0846498785233285,0.1547864557239057,0.0093323773448773,0.00480128372268796,0.0786453963684463,0.0339161591871091,0.0052508575757575,0.0324394783068783,0.096866126070226,0.0275200171717171,0.0130275778980278,0.0018517886243386,3.7752499999999998,0.150875,0.09381633564404743,0.009625,0.001,0.073,0.43625,0.27912499999999996,0.069875,0.009875,0.012549999999999999,0.017281840964828463,1.230381153899394,0.21751845769299183,0.0928625,0.003875,0.06959969571016345,0.00125,0.09299021726058744,0.010686235502019062,0.03556541650303989,0.4112083333333333,0.02311136406108856,0.10287431024342794,0.030125,0.008125,0.004759538675568871,0.00725,0.1056875,0.3366081533294296,0.001,0.012875,0.047289420311846145,0.28452759911334646,0.00925,0.026678571428571423,0.0861420862541734,0.007375,0.011588543540191993,0.2467192205455066,0.0029016758274235783,0.00563081317169529,0.019840514334401968,0.003875,0.01,0.001,0.008267631172124739,0.003211210966334182,0.003683684924131305,0.006320994071658983,0.008054448553773259,0.06818912310989296,0.012433333333333326,0.0021144515518515474,0.06389112883038363,0.05364735044004082,0.00849173542725409,0.0087775911111111,0.0107399644444444,0.0874720666666666,0.0053358266666666,0.0003125333333333,1.0463028755555557,71100.0,71159.0,872.5809422222222,38.19567111111111,263.98327555555557,35.657471111111114,2.063871111111111,0.1685377777777778,0.008542222222222222,35.831228862222225,31.678778955555558,27.295957933333334,24.19114601333333,20.93359752,17.632893742222222,14.962289244444444,12.726035702222223,10.83496624,9.493453488888889,8.574449386666666,8.200799177777778,7.87076808,7.125732866666667,5.293954217777777,14.433728071111112,4.448927204444445,1.2985421066666667,0.6103113333333333,0.10666562222222221,0.07150930222222222,0.03772968,0.04140156444444444,0.035950951111111115,0.028272075555555554,0.027427204444444447,0.02407381333333333,0.02199534666666667,0.018722537777777777,0.020292084444444445,0.030198351111111115,0.022684440000000004,0.017277115555555556,0.012114813333333333,0.009110182222222223,0.02014676888888889,3.381144622222222,13551556.888888888,1900.5190222222225,0.28161250000000004,0.10954271217478567,0.0,0.024598304761072824,1.4857674144244086,0.0282444444444444,0.03258052507382481,0.062031249999999996,0.0093323773448773,0.11397344671241867,0.0,0.0,0.0076444444444444,0.08095,0.24896071428571429,0.0315888888888888,0.0,3.105708500617778,0.07716477406879975,0.0,0.0235071428571428,0.0,0.09441666666666658,0.09037499999999996,0.06984166666666657,0.10386666666666661,0.1125458333333333,0.0303125,0.013614999999999926,0.013753125,0.10698125,0.011008333333333325,0.4735833333333333,0.03052,0.0,0.37951875,0.365075,0.0,0.013594999999999925,0.516065,0.008475,0.0,0.173985,0.033503571428571424,0.05855714285714282,0.039928571428571376,0.02075,0.029532142857142802,0.030770833333333275,0.0,0.014958333333333323,0.149171875,0.0,0.0,,,,0.007551079247681069,0.008125,0.4318793885946044,2.883047575753145,1.8735315781706054,59.1711784205665,1377.3334,1083.1991,0.9306831347398516,2024-08-05 19:45:00
2024-08-05 14:00:00,66.45511111111111,1.0,0.0384869555555555,0.4399878444444445,0.0026824844444444,0.0485091155555555,0.8975468044444445,0.008298372,0.01035471111111111,0.030909422222222222,7.518471111111111e-22,3.273066666666667e-05,4.7990577777777776e-05,0.0004722928888888889,3.641088888888888e-22,5.013102222222222e-05,0.002284622222222222,0.0014810666666666666,6.015213333333334e-07,0.10878266666666667,0.009033564444444446,0.020835955555555556,0.16780799999999998,4.2635333333333335e-05,3.3056977777777774e-05,0.093,1309.0524444444445,1.3870222222222222,0.05062222222222223,1.3870222222222222,40.73434,-111.87211,313.55266666666665,16.46933333333333,877.7528888888888,122.03875555555555,1.296888888888889,430208.8888888889,1956.1284444444443,156.4408888888889,14174822.464444444,0.0010929333333333,8.423555555555556e-05,0.0006343466666666,9.764e-05,0.0001290044444444,0.0001750577777777,0.004173322831937828,0.3683070666666666,1.7608924444444447,3.415602222222222,6.857442988041588,0.1851124053317053,1.3605202565231065,2.242491225607726,0.0009766949420949,0.1888589377474377,3.855650834003034,0.002494818056018,0.17139447993302995,0.3565500414955415,0.0724674956006956,0.2504161108114108,0.008898028001628,0.004808507178892147,0.0999113257150257,0.037726731002331,0.001173286173333416,0.0334678216487216,0.1070955427572427,0.0349231168646168,0.025471596077996,0.0020201119584119,3.808,0.154,0.055,0.009,0.001,0.073,0.437,0.291,0.07,0.01,0.013,0.015,1.561,0.253,0.101,0.004,0.038,0.001,0.048,0.012,0.036,0.42,0.026,0.116,0.033,0.009,0.005,0.008,0.109,0.37,0.001,0.013,0.037,0.33,0.009,0.026,0.088,0.007,0.009,0.259,0.002,0.005435215053366046,0.015,0.004,0.011,0.001,0.005,0.003,0.004014923930431926,0.007,0.009,0.065,0.012,0.001,0.068,0.057,0.005,0.0101188577777777,0.0103669822222222,0.0678792222222222,0.0059619911111111,0.0004710577777777,1.1628275555555556,72000.0,72059.0,872.394991111111,38.36143555555556,290.32763555555556,38.558048888888884,2.213533333333333,0.16750666666666666,0.009177777777777778,40.27380750666667,35.35715993777777,30.528486742222224,27.177005431111112,23.48779598222222,19.78187901777778,16.485666924444445,13.870965853333333,11.800436737777778,10.26776513777778,9.270700146666666,8.784718164444445,8.3112596,7.4172890266666665,5.51264392,14.86817396888889,4.566064808888888,1.331071662222222,0.6377481422222222,0.11671348444444445,0.08044582222222223,0.056141097777777774,0.03846072,0.03201719555555556,0.027065617777777776,0.023853684444444447,0.026579524444444443,0.024870755555555554,0.02140994222222222,0.025286986666666667,0.03892141777777778,0.022726022222222222,0.01944945333333333,0.01235828888888889,0.010937222222222221,0.019852426666666666,3.8293112,13953488.444444444,1903.3062222222225,0.28305,0.06775,0.0,0.02350118353905301,1.21945,0.0282444444444444,0.03109459388720931,0.0628,0.008898028001628,0.1094159435165837,0.0,0.0,0.0076444444444444,0.080075,0.2401,0.0315888888888888,0.0,3.698826901008142,0.0922333333333333,0.0,0.0217714285714285,0.0,0.1146499999999999,0.0910333333333333,0.0687499999999999,0.1015166666666666,0.1111833333333333,0.031225,0.0144199999999999,0.0145875,0.110725,0.0101,0.5031666666666667,0.03008,0.0,0.398375,0.36682,0.0,0.0128399999999999,0.52622,0.0113,0.0,0.16354,0.0338,0.0591285714285714,0.0404428571428571,0.0206875,0.0304428571428571,0.0299666666666666,0.0,0.01505,0.1464,0.0,0.0,,,,0.005933317974712095,0.009,0.439168994090604,3.046885395612717,2.1835823065313975,63.0,1426.8334,1087.7759,0.918615464696598,2024-08-05 20:00:00
2024-08-05 14:15:00,66.59866666666667,1.0,0.0354752025396825,0.4101938355555555,0.0026215888888888,0.0462445736507936,0.8935687901587301,0.007824714666666666,0.010327111111111112,0.03085408888888889,5.6246177777777775e-22,3.243928888888889e-05,4.7690577777777776e-05,0.0004693391111111111,2.7165866666666667e-22,4.925404444444444e-05,0.0022735333333333335,0.0014749911111111111,5.938697777777778e-07,0.10865333333333334,0.009000222222222222,0.020818044444444447,0.16762711111111112,4.231955555555556e-05,3.245293333333333e-05,0.093,1309.2648888888891,1.4380444444444445,0.04591111111111111,1.4380444444444445,40.73434,-111.87211,314.53222222222223,15.626666666666667,877.5577777777778,117.04266666666666,1.1826666666666668,430170.9777777778,1954.6253333333332,156.89422222222225,14067749.420444444,0.0011982749206349,0.0001421495238095,0.0007054031746031,0.0001066857142857,0.0001898958730158,0.0002606755555555,0.003994336729187404,0.3884238222222222,1.9151857777777777,3.6021213333333337,7.233405511111111,0.1849119555555555,1.3971069333333332,2.1222813777777776,0.0017324888888888,0.1869264888888889,3.881475644444445,0.0030862666666666,0.27825275555555556,0.3557178666666666,0.0539257333333333,0.1790231111111111,0.0044808,0.004815730635096334,0.0760113333333333,0.0278459555555555,0.0015635097533333578,0.0319133333333333,0.1371316888888888,0.0364145333333333,0.0302787111111111,0.0023292888888888,3.8027499999999996,0.15725,0.08025016034714494,0.011875,0.001,0.072875,0.437375,0.287,0.07312500000000001,0.009875,0.014249999999999999,0.016706475952960407,1.270456153567416,0.24581212477454073,0.109625,0.004125,0.043875,0.002125,0.08737252090096048,0.013875,0.038375,0.45375,0.03325,0.12114349605955901,0.032125,0.008624999999999999,0.0063750000000000005,0.0095,0.117375,0.381875,0.0011250000000000001,0.01275,0.04572431855144248,0.3415,0.010875,0.02975,0.091375,0.009375,0.01075,0.2665,0.0020764482605548236,0.005380813171695291,0.01916680589160251,0.0055,0.013125,0.0015,0.005120130198211647,0.004875,0.004513058439127936,0.008375,0.009875,0.067375,0.012875000000000001,0.0013428768271713837,0.07087500000000001,0.059125000000000004,0.005692328502200737,0.009422945079365,0.0099115761904761,0.0645718549206349,0.0058324847619047,0.0004438673015873,1.2438439485714288,72900.0,72959.0,872.1813999999999,38.549,294.70069777777775,38.94594666666667,2.2213688888888887,0.16704888888888889,0.009106666666666667,41.27373429777778,36.15649994666667,31.172403168888888,27.623480457777777,23.876395577777778,20.024290146666665,16.52868551111111,14.04601076888889,11.958796204444445,10.387153013333334,9.345937551111112,8.912846257777778,8.338413408888888,7.490567502222222,5.544533213333334,14.928038048888888,4.523625671111111,1.3464542711111112,0.6300642444444444,0.10648381333333333,0.08247736444444445,0.05511767111111111,0.038249097777777775,0.03737102666666667,0.026750706666666665,0.027578826666666667,0.023228777777777775,0.025838573333333333,0.02293009777777778,0.026586031111111113,0.03593300444444445,0.02133654222222222,0.01955113777777778,0.010993702222222223,0.011097675555555554,0.021320711111111113,3.8095552444444447,13903467.555555554,1902.505155555556,0.30030459927389425,0.11938901503253477,0.0,0.02365279242099819,1.5294626442113781,0.0282444444444444,0.0312640199965538,0.06284895833333333,0.0044808,0.10995650703419496,0.0,0.0,0.0076444444444444,0.080565625,0.24109332482993198,0.0315888888888888,0.0,3.624395673418357,0.0848692309393942,0.0,0.026035094473697073,0.0,0.10719374999999992,0.09891015768869296,0.07278030692317547,0.1068057315121062,0.11900515632730416,0.03187409705547937,0.015490458064725269,0.01442901504747927,0.12208882509323865,0.010744070466466856,0.5505445176623385,0.031417734206577404,0.0016092022046987088,0.4106119272253478,0.3752345310129388,3.982142857142857e-05,0.012878035714285615,0.5394685363495658,0.010791953241818726,0.0010234696979125497,0.15705628386652012,0.03387793367346938,0.05869739665198734,0.04081100067592193,0.020772061011904763,0.030490306122448938,0.03221766453791111,0.0023300330513574994,0.01504454365079365,0.14638690476190477,0.0,0.0,,,,0.005584877085149547,0.008624999999999999,0.4510688121467139,3.2007263836546596,2.3233380081318966,62.66799119864601,1484.3334,1090.337,0.8693912742895237,2024-08-05 20:15:00
2024-08-05 14:30:00,65.86088888888888,1.0,0.0329169438095238,0.3678251180952381,0.0023862539682539,0.0425415292063492,0.8140738917460317,0.00814454,0.010288533333333332,0.030774088888888888,3.7463466666666663e-22,3.203013333333334e-05,4.7265955555555555e-05,0.00046516711111111114,1.8018977777777776e-22,4.804031111111111e-05,0.002257915555555555,0.0014663022222222222,5.832244444444445e-07,0.10846666666666667,0.008952831111111111,0.020791333333333332,0.16736844444444446,4.1876666666666665e-05,3.1618088888888886e-05,0.093,1309.5639999999999,1.3156444444444444,0.042755555555555554,1.3156444444444444,40.73434,-111.87211,315.1593333333333,14.83288888888889,877.3475555555556,98.47208888888889,0.9377777777777777,428734.0444444445,1952.315555555556,149.82311111111113,13370477.997333333,0.0011286269841269,0.0001372876190476,0.0006704523809523,0.0001087425396825,0.0001962673015873,0.0002105939682539,0.00381535062643698,0.3107572444444444,1.5764142222222222,3.1134564444444446,6.516377066666666,0.1873488444444444,1.1923093333333334,1.8287880444444444,0.0017630666666666,0.1631968444444444,3.590647466666667,0.0034018222222222,0.18635653333333335,0.2776057777777778,0.0424196444444444,0.1720989777777777,0.0070395111111111,0.004822954091300521,0.0699598666666666,0.0236985333333333,0.0019537333333333,0.0311676888888888,0.1001928,0.0374561333333333,0.0363304444444444,0.0019502222222222,3.7975,0.1605,0.07516967339191344,0.01475,0.001,0.07275,0.43775,0.283,0.07625000000000001,0.00975,0.0155,0.01538463887310613,1.2248229867675278,0.21317110938280392,0.11825000000000001,0.00425,0.04975,0.0032500000000000003,0.06511721455796819,0.01575,0.040749999999999995,0.4875,0.0405,0.11592420006094056,0.03125,0.00825,0.00775,0.011,0.12575,0.39375,0.00125,0.012499999999999999,0.042128671444000405,0.353,0.01275,0.0335,0.09475,0.01175,0.012499999999999999,0.274,0.0015126175627787329,0.005326411290024534,0.01761903572425799,0.007,0.01525,0.002,0.002969623184605556,0.00675,0.005011192947823945,0.00975,0.01075,0.06975,0.01375,0.0008157040413015182,0.07375000000000001,0.06125,0.0037796542008548617,0.0075421507936507,0.0078040336507936,0.0456423473015873,0.0051106415873015,0.0003425799999999,1.1981232615873016,73800.0,73859.0,871.9473066666667,38.66329777777778,276.43510222222227,37.18486222222222,2.165662222222222,0.17032,0.008955555555555553,37.95831899555556,33.289424777777775,28.932094484444445,25.636208315555557,22.064867333333332,18.536941333333335,15.542765862222222,13.259904524444444,11.237205928888889,9.857903084444445,8.882515035555555,8.510688066666667,8.261241777777778,7.270501528888889,5.445310937777777,14.654976182222223,4.516947222222223,1.3652970222222223,0.6461698666666665,0.09701244444444444,0.08210696,0.04221512,0.04103982222222222,0.039504479999999995,0.03191212444444445,0.022340973333333333,0.023805195555555554,0.019454946666666664,0.01958775111111111,0.026668226666666666,0.033155817777777784,0.019781746666666666,0.01988043111111111,0.009482342222222221,0.015769826666666667,0.022164088888888888,3.546632622222222,13211386.666666668,1902.4725777777776,0.31755919854778847,0.10802981856623156,0.0,0.023804401302943375,1.5287459282376403,0.0282444444444444,0.031433446105898294,0.06289791666666666,0.0070395111111111,0.11049707055180623,0.0,0.0,0.0076444444444444,0.08105625,0.24208664965986396,0.0315888888888888,0.0,3.496825732768889,0.07598097709187356,0.0,0.030298760375965645,0.0,0.09973749999999992,0.10678698204405261,0.07681061384635104,0.1120947963575458,0.126826979321275,0.03252319411095874,0.01656091612945064,0.014270530094958541,0.1334526501864773,0.011388140932933711,0.5979223686580102,0.032755468413154805,0.0032184044093974177,0.4228488544506956,0.38364906202587756,7.964285714285715e-05,0.012916071428571329,0.5527170726991317,0.010283906483637452,0.0020469393958250995,0.15057256773304026,0.03395586734693877,0.05826622187540328,0.04117914420898675,0.020856622023809526,0.030537755102040775,0.03446866240915562,0.004660066102714999,0.0150390873015873,0.14637380952380952,0.0,0.0,,,,0.0052364361955869985,0.00825,0.40512610821297623,2.8629480124104543,1.9571894457279435,61.986607325936525,1541.8334,1091.2618,0.9097167028977053,2024-08-05 20:30:00
2024-08-05 14:45:00,63.38711111111112,1.0,0.0327882809523809,0.2927673723809523,0.0023057158730158,0.0341530149206349,0.7640046726984128,0.008016868888888888,0.010237111111111112,0.03066648888888889,2.224697777777778e-22,3.150111111111111e-05,4.6714933333333336e-05,0.0004597591111111111,1.0632284444444443e-22,4.650217777777778e-05,0.002237431111111111,0.0014549822222222222,5.69631111111111e-07,0.10821022222222222,0.008890364444444444,0.020754444444444447,0.1670048888888889,4.130311111111111e-05,3.056137777777778e-05,0.093,1309.5728888888889,1.4591555555555555,0.04062222222222222,1.4591555555555555,40.73434,-111.87211,315.4144444444444,14.047111111111112,877.1857777777778,98.66062222222222,1.0968888888888888,427146.0,1950.6542222222224,142.13511111111112,13027304.604444446,0.0009966774603174,6.149196636696637e-05,0.000512152063492,9.996507936507936e-05,0.0001843212698412,0.0001371368253968,0.0036363645236865564,0.2873635999999999,1.4385035555555556,2.7990346666666666,6.221038355555556,0.1846683555555555,1.080074,1.858949288888889,0.0011356444444444,0.1495165333333333,3.295068177777777,0.0045146666666666,0.1811092888888889,0.2473032444444444,0.0433259111111111,0.1562999111111111,0.0047538222222222,0.004830177547504708,0.0624520444444444,0.0213410666666666,0.0023904,0.0325932,0.1529855555555555,0.0391262222222222,0.0272372444444444,0.0021724888888888,3.79225,0.16375,0.0755698333439548,0.017625000000000002,0.001,0.072625,0.438125,0.27899999999999997,0.079375,0.009625,0.01675,0.013744686387380271,1.192000824462724,0.17768246800968868,0.12687500000000002,0.004375,0.055625,0.004375,0.056483568064896364,0.017625000000000002,0.043125,0.52125,0.04775,0.10401512762320042,0.030375,0.007875,0.009125000000000001,0.0125,0.134125,0.405625,0.001375,0.012249999999999999,0.03766769020696875,0.3645,0.014624999999999999,0.03725,0.098125,0.014124999999999999,0.014249999999999999,0.28150000000000003,0.0011921264228777735,0.005272009408353779,0.01569877673625259,0.0085,0.017375,0.0025,0.0017472377294075747,0.008625,0.005509327456519953,0.011125,0.011625,0.07212500000000001,0.014624999999999999,0.0005160498938161103,0.076625,0.063375,0.0026924569809882648,0.006031046031746,0.0070440723809523,0.0350611615873015,0.0043035634920634,0.0002624498412698,1.1673168155555556,74700.0,74759.0,871.7644311111111,38.85579111111111,258.04296444444446,35.16047111111111,2.0447777777777776,0.16904444444444444,0.008573333333333332,34.84775858666667,30.592010835555552,26.41541626222222,23.516599813333336,20.463850364444447,17.06166459111111,14.399464915555557,12.414535542222222,10.514667795555555,9.303873142222221,8.530039324444445,8.176435533333335,8.012147928888888,7.130058391111111,5.2960270666666664,14.384797044444444,4.455404124444445,1.3556402533333334,0.6348350711111111,0.10757836444444444,0.08136661333333332,0.04134986222222222,0.03538200444444444,0.03185410222222222,0.026777124444444446,0.02261500888888889,0.021219315555555555,0.021657453333333333,0.021716831111111112,0.01923067111111111,0.027037280000000004,0.01973450222222222,0.013566288888888889,0.010319702222222222,0.014201608888888889,0.022067391111111112,3.221111155555556,12878854.222222222,1901.0750222222223,0.3348137978216827,0.09567963751820432,0.0,0.023956010184888556,1.4979994974139075,0.0282444444444444,0.031602872215242786,0.062946875,0.0047538222222222,0.1110376340694175,0.0,0.0,0.0076444444444444,0.08154687499999999,0.24307997448979593,0.0315888888888888,0.0,3.22753891792,0.06631730549825866,0.0,0.03456242627823422,0.0,0.09228124999999994,0.11466380639941226,0.08084092076952662,0.1173838612029854,0.1346488023152459,0.033172291166438106,0.017631374194176007,0.014112045142437812,0.14481647527971594,0.012032211399400566,0.645300219653682,0.03409320261973221,0.004827606614096126,0.4350857816760434,0.3920635930388164,0.00011946428571428572,0.012954107142857043,0.5659656090486975,0.009775859725456179,0.0030704090937376492,0.1440888515995604,0.03403380102040816,0.05783504709881922,0.04154728774205158,0.020941183035714288,0.03058520408163261,0.036719660280400135,0.006990099154072498,0.015033630952380951,0.1463607142857143,0.0,0.0,,,,0.00488799530602445,0.007875,0.3912878870450834,2.7254416615969195,1.7215983800723031,59.70191899129744,1599.3334,1090.9028,0.9017480598220694,2024-08-05 20:45:00
2024-08-05 15:00:00,61.62533333333333,1.0,0.0282817136507936,0.2963378288888889,0.0028460746031746,0.0314686009523809,0.6985229419047619,0.004747426666666667,0.010171822222222222,0.030528755555555558,1.1845115555555555e-22,3.085208888888889e-05,4.602937777777778e-05,0.0004530568888888889,5.605017777777777e-23,4.4658666666666666e-05,0.002211942222222222,0.00144076,5.531537777777778e-07,0.10787866666666666,0.008812128888888889,0.020705644444444445,0.16655244444444445,4.059728888888889e-05,2.92968e-05,0.093,1309.7057777777777,1.9247555555555556,0.04515555555555555,1.9247555555555556,40.73434,-111.87211,314.04777777777775,14.072000000000001,876.9951111111111,130.14142222222222,0.7866666666666667,426909.02222222224,1949.8115555555555,139.5871111111111,12597212.546222225,0.0008008368253968,9.666666666666668e-06,0.0005060133333333,7.669079365079367e-05,0.0001455812698412,6.396317460317461e-05,0.003457378420936132,0.3091118666666667,1.832466222222222,3.0158173333333336,5.840579377777777,0.1853128888888889,0.9785612444444444,1.9719027555555555,0.0009445777777777,0.1340321333333333,3.0890049333333334,0.0042518222222222,0.18980635555555556,0.2019528444444444,0.0478025333333333,0.1845004888888889,0.0068049333333333,0.004837401003708895,0.0801957777777777,0.0284212,0.0005115555555555,0.0253906222222222,0.1482882666666666,0.0287468,0.0294547111111111,0.0023357333333333,3.787,0.16699999999999998,0.0775464755395024,0.020499999999999997,0.001,0.0725,0.4385,0.275,0.0825,0.0095,0.018,0.017620494674359645,1.1753526650914239,0.16592062380850536,0.1355,0.0045000000000000005,0.0615,0.0055000000000000005,0.04356255853699977,0.0195,0.0455,0.5549999999999999,0.05500000000000001,0.1252722518968927,0.0295,0.0075,0.010499999999999999,0.014,0.1425,0.4175,0.0015,0.012,0.048210622515702135,0.376,0.0165,0.041,0.1015,0.0165,0.016,0.28900000000000003,0.002154651168077748,0.005217607526683023,0.020237051938514803,0.01,0.0195,0.003,0.0054184039562311555,0.010499999999999999,0.006007461965215963,0.0125,0.0125,0.07450000000000001,0.0155,0.0014159953089862122,0.0795,0.0655,0.0059576150360833345,0.0053333342857142,0.0058494133333333,0.0305459177777777,0.0037306898412698,0.0002074365079365,0.934865904126984,75600.0,75659.0,871.57272,39.05359555555556,246.83263111111108,33.91791111111111,1.9572399999999999,0.16835999999999998,0.00824,32.712490271111115,28.732414128888887,24.92814878222222,22.31308582222222,19.229247324444444,16.28608752888889,13.835721875555555,11.823871657777778,10.138099466666667,9.067165448888888,8.355191751111112,8.053683177777778,7.852926435555556,7.124640275555555,5.261928591111111,14.219184839999999,4.395494013333333,1.3661793333333334,0.6298273066666666,0.10794178222222221,0.071201,0.042637284444444444,0.03354778222222222,0.030856026666666668,0.024609195555555557,0.020838604444444447,0.019434875555555557,0.018512804444444444,0.018275235555555554,0.020622893333333333,0.025082351111111116,0.02053085333333333,0.012427253333333332,0.010375271111111112,0.009488573333333333,0.020783804444444446,2.9093150666666667,12427188.444444444,1900.5296444444443,0.3520683970955769,0.09158647137481549,0.0,0.024107619066833737,1.4860011048987758,0.0282444444444444,0.03177229832458728,0.06299583333333333,0.0068049333333333,0.11157819758702876,0.0,0.0,0.0076444444444444,0.0820375,0.2440732993197279,0.0315888888888888,0.0,2.7915068500416806,0.06311451735823127,0.0,0.038826092180502786,0.0,0.08482499999999996,0.12254063075477192,0.0848712276927022,0.122672926048425,0.14247062530921675,0.03382138822191748,0.018701832258901378,0.013953560189917082,0.1561803003729546,0.012676281865867422,0.6926780706493538,0.035430936826309614,0.006436808818794835,0.44732270890139114,0.4004781240517552,0.0001592857142857143,0.012992142857142758,0.5792141453982633,0.009267812967274906,0.004093878791650199,0.13760513546608052,0.03411173469387754,0.05740387232223516,0.041915431275116405,0.02102574404761905,0.03063265306122445,0.038970658151644647,0.009320132205429998,0.015028174603174602,0.14634761904761906,0.0,0.0,,,,0.004539554416461902,0.0075,0.40415280532946457,3.1182493389105117,1.8840300659963214,63.0,1451.5,1089.073,0.5387377700129469,2024-08-05 21:00:00
2024-08-05 15:15:00,63.21288888888889,1.0,0.0284770711111111,0.3861461317460317,0.0031153663492063,0.0339140695238095,0.7269951428571428,0.003123672,0.010090795555555556,0.030356755555555556,5.71763111111111e-23,3.007631111111111e-05,4.520204444444445e-05,0.0004449551111111111,2.664306666666667e-23,4.252217777777777e-05,0.0021808222222222226,0.0014232355555555555,5.337915555555556e-07,0.10745333333333333,0.008715804444444445,0.020644533333333333,0.1659493333333333,3.9750711111111114e-05,2.783688888888889e-05,0.093,1309.2697777777778,2.279777777777778,0.04702222222222222,2.279777777777778,40.73434,-111.87211,312.5148888888889,15.27111111111111,876.9342222222223,93.88048888888889,0.7915555555555556,427617.7333333333,1951.2982222222224,140.06533333333334,12689711.532,0.0005979765079365,3.630769230769231e-05,0.0006176212698412,8.959015873015872e-05,0.0001594606349206,6.959174603174604e-05,0.0032783923181857076,0.3199014133333333,2.4050084444444444,3.757236444444444,6.155366888888889,0.1841022666666666,0.9346324888888888,1.7892627555555554,0.0014848444444444,0.1244940888888888,3.0809378222222223,0.0035665777777777,0.22694382222222223,0.1932602222222222,0.0444931555555555,0.1804576,0.0088204,0.004844624459913082,0.0794590666666666,0.0278012444444444,0.0027940413099245996,0.0213068444444444,0.1386522222222222,0.0299330222222222,0.0165841333333333,0.0020203111111111,3.7817499999999997,0.17024999999999998,0.07608522743058425,0.023375,0.001,0.072375,0.438875,0.271,0.085625,0.009375,0.01925,0.017459573013967573,1.204724022210094,0.1681281494251935,0.144125,0.004625,0.067375,0.006625000000000001,0.041085900016771974,0.021374999999999998,0.047875,0.58875,0.06225,0.1222247898124966,0.028624999999999998,0.007124999999999999,0.011875,0.0155,0.15087499999999998,0.429375,0.0016250000000000001,0.01175,0.04777288513374178,0.3875,0.018375000000000002,0.04475,0.104875,0.018875,0.017750000000000002,0.2965,0.002070369907393421,0.005163205645012267,0.020048624976500805,0.0115,0.021625,0.0035,0.005096946747654008,0.012375,0.006505596473911973,0.013874999999999998,0.013375,0.076875,0.016375,0.0013371936630899735,0.082375,0.06762499999999999,0.00567170899721072,0.0070716371428571,0.0058209346031746,0.0323019123809523,0.0039301355555555,0.000162806031746,0.9076105488888888,76500.0,76559.0,871.5047511111112,38.86725777777778,262.41706222222217,35.75137333333334,2.05436,0.168,0.008764444444444443,35.13676988444445,30.879458875555553,26.60965923111111,23.77787296888889,20.552389013333332,17.557876386666667,14.733257173333334,12.605476497777778,10.793129853333333,9.573219982222222,8.719196386666665,8.476477653333333,8.318761222222223,7.450810782222222,5.488723066666666,14.62846827111111,4.541554706666667,1.384562888888889,0.654542768888889,0.11270449333333334,0.07603324444444445,0.042533902222222225,0.034238097777777775,0.03015695111111111,0.02879304,0.025040502222222222,0.01744734222222222,0.018117044444444445,0.01984629777777778,0.022294551111111113,0.030631444444444447,0.024638915555555554,0.01483540888888889,0.01030290222222222,0.008614782222222223,0.018604351111111115,2.9442604444444447,12530657.777777778,1902.246133333333,0.36932299636947113,0.09235469861540269,0.0,0.02425922794877892,1.5237641166603808,0.0282444444444444,0.03194172443393177,0.06304479166666666,0.0088204,0.11211876110464003,0.0,0.0,0.0076444444444444,0.08252812500000001,0.24506662414965988,0.0315888888888888,0.0,2.869220497168849,0.06371563370894985,0.0,0.043089758082771365,0.0,0.07736874999999996,0.13041745511013159,0.08890153461587777,0.1279619908938646,0.1502924483031876,0.034470485277396844,0.01977229032362675,0.013795075237396351,0.16754412546619324,0.013320352332334279,0.7400559216450256,0.03676867103288702,0.008046011023493544,0.45955963612673895,0.40889265506469397,0.00019910714285714285,0.013030178571428472,0.5924626817478292,0.008759766209093632,0.005117348489562749,0.13112141933260066,0.03418966836734694,0.056972697545651096,0.042283574808181235,0.02111030505952381,0.030680102040816285,0.04122165602288916,0.011650165256787498,0.015022718253968252,0.1463345238095238,0.0,0.0,,,,0.004191113526899354,0.007124999999999999,0.4105352282746885,3.6891130260155682,2.4395632091476718,59.54101388400701,1069.0,1086.2335,0.35839170324559827,2024-08-05 21:15:00
2024-08-05 15:30:00,64.29822222222222,1.0,0.0212856498412698,0.3692685453968254,0.0026273631746031,0.0345702815873015,0.7016205850793651,0.001915700888888889,0.009990937777777776,0.030139244444444446,2.5328044444444446e-23,2.9154888888888892e-05,4.4204000000000006e-05,0.00043522,1.1530035555555555e-23,4.008057777777777e-05,0.002143071111111111,0.0014019555555555556,5.112297777777777e-07,0.10690444444444444,0.008597653333333333,0.0205628,0.16517600000000002,3.874084444444445e-05,2.617337777777778e-05,0.093,1308.5417777777777,2.1362666666666663,0.048044444444444445,2.1362666666666663,40.7343384,-111.87211,311.7495555555555,15.686666666666667,876.955111111111,131.9627111111111,1.2626666666666668,428475.0666666667,1954.6777777777777,143.12044444444444,12192798.365777778,0.0005021546031746,6.294871794871795e-05,0.0006224368253968,9.374952380952382e-05,0.000139279047619,7.522031746031748e-05,0.003099406215435284,0.1889977066666666,2.1586031111111117,3.403618666666667,5.180257443467643,0.1834593578754578,0.8453299647241648,1.4859027197802197,0.0005600377289377,0.1109315891330891,2.9967339818070817,0.0025681996336996,0.16690406334776334,0.1652582567765567,0.0475485343101343,0.1346940076923077,0.0080575827838827,0.004851847916117269,0.0664201124542124,0.0244711135531135,0.0050765270642937,0.0191267677655677,0.1029547693528693,0.023191728083028,0.0143904536019536,0.001427214041514,3.7765,0.1735,0.07743432285786875,0.026250000000000002,0.001,0.07225,0.43925000000000003,0.267,0.08875,0.00925,0.020499999999999997,0.014611441460094576,1.2714922731907379,0.18223087348570877,0.15275,0.00475,0.07325000000000001,0.007750000000000001,0.03310771983923716,0.02325,0.05025,0.6224999999999999,0.0695,0.08772895867878923,0.02775,0.00675,0.013250000000000001,0.017,0.15925,0.44125000000000003,0.00175,0.0115,0.04002542809884989,0.399,0.02025,0.0485,0.10825,0.021249999999999998,0.0195,0.304,0.0016176477287629613,0.005108803763341512,0.016713680663815005,0.013000000000000001,0.02375,0.004,0.0033702188057382534,0.014249999999999999,0.007003730982607982,0.01525,0.01425,0.07925,0.01725,0.000913905585525115,0.08524999999999999,0.06974999999999999,0.004135946435627618,0.0066130895238095,0.0049881412698412,0.0237126263492063,0.0036597396825396,0.0003192869841269,0.9523791346031748,77400.0,77459.0,871.5209688888889,38.42388888888889,264.5491866666667,36.06762666666667,2.051257777777778,0.16617333333333334,0.009,35.32536641777778,31.026891626666668,26.882853937777778,23.977431124444443,20.843201977777778,17.623273751111114,14.878852506666668,12.631699422222223,10.937584244444444,9.684495395555556,8.75257291111111,8.604735848888888,8.221319497777777,7.49481696,5.498663088888889,14.936269662222223,4.677372684444445,1.3749845911111112,0.6341037422222223,0.10991805777777779,0.07342996444444445,0.04275796444444445,0.037794506666666665,0.032349888888888886,0.03151478666666666,0.021205026666666668,0.025608222222222223,0.017527666666666667,0.020728355555555557,0.02555789777777778,0.031238800000000004,0.020622960000000003,0.016870484444444445,0.009351484444444445,0.010623457777777779,0.01557644,2.7765912444444445,12064148.0,1906.015022222222,0.38657759564336536,0.09726249977878221,0.0,0.024410836830724102,1.6066802347666922,0.0282444444444444,0.03211115054327626,0.06309374999999999,0.0080575827838827,0.1126593246222513,0.0,0.0,0.0076444444444444,0.08301875,0.24605994897959185,0.0315888888888888,0.0,2.703438822675556,0.06755585099039903,0.0,0.04735342398503993,0.0,0.06991249999999997,0.13829427946549122,0.09293184153905334,0.13325105573930418,0.1581142712971585,0.035119582332876216,0.020842748388352116,0.013636590284875622,0.1789079505594319,0.013964422798801134,0.7874337726406975,0.03810640523946442,0.009655213228192253,0.47179656335208675,0.4173071860776328,0.00023892857142857144,0.013068214285714187,0.605711218097395,0.008251719450912359,0.0061408181874752985,0.1246377031991208,0.034267602040816324,0.056541522769067036,0.042651718341246064,0.02119486607142857,0.030727551020408122,0.04347265389413368,0.013980198308144997,0.015017261904761903,0.14632142857142857,0.0,0.0,,,,0.003842672637336805,0.00675,0.3331007588891162,3.443430084829057,2.1746032254905407,60.54338702687238,686.5,1083.3335,0.22281671691293542,2024-08-05 21:30:00
2024-08-05 15:45:00,65.14933333333333,1.0,0.0286002488888888,0.3857971466666666,0.0027106577777777,0.0461632844444444,0.8533866,0.0010541451111111112,0.009874173333333335,0.029883422222222223,1.1368093333333333e-23,2.8132044444444443e-05,4.308231111111111e-05,0.00042429466666666667,4.9641244444444444e-24,3.74372e-05,0.0021002444444444446,0.0013774844444444446,4.865453333333333e-07,0.10626266666666666,0.008462284444444444,0.020466977777777777,0.16427955555555554,3.761431111111111e-05,2.4370266666666666e-05,0.093,1308.4182222222223,1.6525333333333334,0.048622222222222226,1.6525333333333334,40.73433093333333,-111.87211,311.25266666666664,16.769333333333332,877.1062222222223,139.25062222222223,0.9764444444444444,431845.2,1982.4146666666668,165.73822222222225,12863703.201333333,0.00069832,8.958974358974358e-05,0.0008444311111111,0.0001156577777777,0.0002028622222222,8.084888888888891e-05,0.0029204201126848597,0.1146411039088689,2.993881319291819,4.384571206145706,6.574098706565656,0.1879103772005771,1.159852342063492,2.385731925613276,0.0018317162337662,0.1499208069023569,3.5887506562770564,0.0045535898268398,0.1538383097883598,0.2137531420634921,0.076639249086099,0.2048801916305916,0.0233604905964405,0.004859071372321456,0.116623119095719,0.0470036445646945,0.0073590128186628,0.026738067051467,0.1397894703944203,0.0294256371091871,0.0178858772967773,0.0022646273448773,3.77125,0.17675,0.09027926073075185,0.029124999999999998,0.001,0.072125,0.439625,0.263,0.091875,0.009125,0.02175,0.02557741043162437,1.8194766244796128,0.28663698745714095,0.16137500000000002,0.004875,0.079125,0.008875000000000001,0.046924640414287094,0.025125,0.052625,0.65625,0.07675000000000001,0.14063413126174232,0.026875,0.0063750000000000005,0.014624999999999999,0.018500000000000003,0.167625,0.453125,0.001875,0.01125,0.06985493977900915,0.4105,0.022125,0.052250000000000005,0.111625,0.023625,0.021249999999999998,0.3115,0.0046808836382513375,0.0050544018816707555,0.029553991991766747,0.0145,0.025875000000000002,0.0045000000000000005,0.01505370878538605,0.016125,0.0075018654913039905,0.016625,0.015125,0.081625,0.018125,0.0037779827181662518,0.088125,0.071875,0.014527315025787281,0.0062552666666666,0.0054096133333333,0.0233577022222222,0.0041695911111111,0.0007464888888888,0.8703855511111112,78300.0,78359.0,871.6243244444445,37.858093333333336,284.3016044444445,38.787346666666664,2.2595244444444442,0.16976000000000002,0.009533333333333333,38.18275125777778,33.504344088888885,29.14459765333333,25.991239608888886,22.56395033333333,19.054892884444442,15.970188537777778,13.632095822222222,11.659007293333334,10.326764377777778,9.366901546666666,9.036977133333332,8.601444608888889,7.814570897777778,5.7554756311111115,15.90497687111111,5.028415266666667,1.4602338000000001,0.7021849777777778,0.1263940488888889,0.08530298222222223,0.04294973777777778,0.04443800444444444,0.03355250666666666,0.03458328,0.02207414666666667,0.022235644444444442,0.018515888888888887,0.02034332888888889,0.028455004444444446,0.03257973333333334,0.02271069333333333,0.016631106666666666,0.012933346666666668,0.01640091111111111,0.020494444444444444,3.265301733333333,12668848.88888889,1929.9975111111112,0.4038321949172596,0.13359622122253897,0.0,0.024562445712669283,2.134298569989298,0.0282444444444444,0.032280576652620754,0.06314270833333332,0.0233604905964405,0.11319988813986256,0.0,0.0,0.0076444444444444,0.083509375,0.24705327380952383,0.0315888888888888,0.0,3.1779028490622223,0.09598597281945791,0.0,0.05161708988730851,0.0,0.06245624999999999,0.14617110382085088,0.09696214846222892,0.1385401205847438,0.16593609429112935,0.03576867938835558,0.021913206453077486,0.013478105332354893,0.19027177565267056,0.014608493265267988,0.8348116236363692,0.03944413944604183,0.011264415432890963,0.48403349057743456,0.42572171709057155,0.00027875,0.0131062499999999,0.6189597544469609,0.007743672692731085,0.007164287885387848,0.11815398706564094,0.03434553571428571,0.056110347992482976,0.04301986187431089,0.021279427083333333,0.03077499999999996,0.04572365176537819,0.016310231359502495,0.015011805555555553,0.14630833333333335,0.0,0.0,,,,0.0034942317477742566,0.0063750000000000005,0.28911602975898226,4.2762594887982734,2.9096148260445247,61.32944131376312,304.0,1079.9352,0.12456980358337705,2024-08-05 21:45:00
2024-08-05 16:00:00,68.98533333333333,1.0,0.0321425436189736,0.4695194174910275,0.0028844037873237,0.0540869731120731,0.8277018227372628,0.0006907377777777778,0.009737795555555557,0.029580044444444446,5.382688888888889e-24,2.6993644444444444e-05,4.180848888888888e-05,0.0004119324444444444,2.22892e-24,3.465164444444444e-05,0.002051013333333333,0.00134928,4.5987466666666664e-07,0.10547955555555556,0.008305328888888889,0.020349422222222222,0.16317244444444443,3.635311111111111e-05,2.2481244444444443e-05,0.093,1308.4773333333333,1.3001777777777777,0.04768888888888889,1.3001777777777777,40.734335333333334,-111.87211,310.31399999999996,16.75733333333333,877.3342222222221,185.08457777777775,0.9808888888888888,432800.26666666666,1997.147111111111,186.8017777777778,12277419.065333333,0.0008048969848669,0.00011623076923076923,0.0009065552262552,0.0001252171169571,0.0002429257449957,0.0002166849705849,0.002741434009934436,0.1201653719032819,4.701578396714397,6.335183246993747,7.336138426384726,0.190029365022015,1.2391326582047584,2.708761027195027,0.0023393709993709,0.1679463523957524,3.7217579495504496,0.005560704014504,0.13347955606800607,0.240244882005032,0.0882183372923372,0.2738824601583601,0.0253070428497428,0.004866294828525643,0.1578008121286121,0.0664507436637436,0.004097186095386,0.0252787928848928,0.1046855980981981,0.0272908312835312,0.017882129004329,0.0027707878787878,3.766,0.18,0.089,0.032,0.001,0.072,0.44,0.259,0.095,0.009,0.023,0.043,1.273,0.286,0.17,0.005,0.085,0.01,0.053,0.027,0.055,0.69,0.084,0.278,0.026,0.006,0.016,0.02,0.176,0.465,0.002,0.011,0.135,0.422,0.024,0.056,0.115,0.026,0.023,0.319,0.009,0.005,0.053,0.016,0.028,0.005,0.033,0.018,0.008,0.018,0.016,0.084,0.019,0.007,0.091,0.074,0.029,0.0078957614748214,0.0074693317153217,0.0399225906541606,0.0049007617008917,0.0004133529056129,0.8798225021337922,79200.0,79259.0,871.8027777777778,37.49892444444445,272.3693333333333,37.72612888888889,2.425946666666667,0.18710222222222223,0.009422222222222222,37.01163057777777,32.607826564444444,28.268630017777777,25.10115931111111,21.87303581777778,18.311761155555555,15.438654657777779,13.044101013333334,11.170053764444445,9.638162995555556,8.780350173333334,8.389510284444444,8.010202906666667,7.159050937777778,5.419754657777777,14.78777088888889,4.596454431111111,1.3886803422222223,0.6742972311111112,0.11723849333333332,0.0930780088888889,0.04870538222222222,0.04349957777777778,0.04355941777777778,0.03965503555555556,0.033820062222222225,0.03160843111111111,0.02628351111111111,0.02309011111111111,0.034669017777777776,0.042549475555555556,0.027169928888888892,0.029061146666666666,0.017512075555555555,0.016332062222222225,0.030453204444444444,3.0863278666666663,12210468.444444444,1948.135422222222,0.4210867941911538,0.1402179831985647,0.0,0.024714054594614468,1.5648885294470851,0.0282444444444444,0.032450002761965246,0.06319166666666666,0.0253070428497428,0.11374045165747383,0.0,0.0,0.0076444444444444,0.084,0.2480465986394558,0.0315888888888888,0.0,3.0009620201786764,0.10909562628457098,0.0,0.05588075578957708,0.0,0.055,0.15404792817621055,0.1009924553854045,0.1438291854301834,0.1737579172851002,0.036417776443834954,0.022983664517802857,0.013319620379834163,0.2016356007459092,0.015252563731734845,0.882189474632041,0.04078187365261923,0.01287361763758967,0.49627041780278236,0.43413624810351037,0.0003185714285714286,0.013144285714285614,0.6322082907965267,0.0072356259345498115,0.008187757583300398,0.11167027093216107,0.0344234693877551,0.055679173215898915,0.04338800540737572,0.021363988095238096,0.030822448979591795,0.0479746496366227,0.018640264410859995,0.015006349206349204,0.1462952380952381,0.0,0.0,,,,0.003145790858211708,0.006,0.2923838421974821,5.978950071673062,4.371176339474122,62.0,135.0,1075.9683,0.0831680222443529,2024-08-05 22:00:00
2024-08-05 16:15:00,64.26755555555556,1.0,0.0258507090773809,0.4242204000000001,0.0022306916666666,0.0432593194444444,0.6832681436011905,0.000521577111111111,0.009580111111111112,0.0292252,2.7873066666666664e-24,2.5743244444444443e-05,4.038288888888889e-05,0.00039813066666666665,1.091204888888889e-24,3.1719999999999994e-05,0.0019954533333333335,0.001317191111111111,4.3115955555555555e-07,0.10455066666666667,0.008126013333333333,0.020207866666666668,0.161868,3.495902222222222e-05,2.049951111111111e-05,0.093,1308.7795555555556,0.7006666666666667,0.0508,0.7006666666666667,40.73434,-111.87211,308.71444444444444,16.04088888888889,878.0573333333334,166.64648888888888,2.4555555555555553,431097.3333333333,1962.4208888888888,149.2457777777778,10778884.052444443,0.0006996047619047,0.00014287179487179486,0.0007265242559523,7.753958333333334e-05,0.0001576144345238,0.0001820123511904,0.0025624479071840118,0.2266880577777777,3.3541262222222223,4.713365333333333,7.717032533333334,0.1748748444444444,0.8168888444444443,1.6313992888888889,0.0026341333333333,0.1138741333333333,2.6791822222222224,0.0036269333333333,0.07373617777777779,0.1829200444444444,0.0578258222222222,0.1725788,0.0146086666666666,0.00487351828472983,0.1053683555555555,0.0412628,0.0062138222222222,0.0226568888888888,0.0747144444444444,0.0229599111111111,0.0146831111111111,0.0016365333333333,3.65475,0.18212499999999998,0.08197223558188238,0.028875,0.0009583333333333334,0.072125,0.437875,0.250875,0.09075,0.008875,0.021625,0.023119004132482565,1.424469189101437,0.2105060761336608,0.16275,0.005125,0.11987500000000001,0.009248948595310549,0.03813982819410203,0.026125,0.053,0.6337499999999999,0.091625,0.11628588203382187,0.031875,0.007125,0.0155,0.019375,0.16624999999999998,0.444875,0.0019922883049454027,0.01075,0.06316760921978386,0.399375,0.02325,0.05375,0.1105,0.024,0.022125,0.3,0.0039004315349201618,0.004875,0.026675386158252816,0.015625,0.027,0.004875,0.012076985934684092,0.017374999999999998,0.008125,0.01825,0.01575,0.083625,0.017875,0.003048272343804051,0.087875,0.07125,0.011879799224748584,0.0070856233630952,0.0066045080357142,0.047338669345238,0.0037363114583333,0.0003288629464285,0.8054908177083333,80100.0,80159.0,872.4479333333333,37.039924444444445,191.98544444444445,27.280511111111107,1.8353022222222222,0.19236444444444442,0.0071244444444444445,25.956855902222223,22.75330058222222,19.56458924,17.45379128888889,15.086244417777777,12.773111817777778,10.810111675555556,9.230119533333333,7.776204657777778,6.878545355555556,6.242326284444444,5.9942635866666665,5.8077908888888885,5.184297791111111,3.9256208044444443,10.888061346666666,3.503246657777778,1.093565831111111,0.5025799555555556,0.09632904,0.07883648,0.041438111111111106,0.038306591111111114,0.035758937777777784,0.02918432888888889,0.024373893333333334,0.01916205333333333,0.020095195555555556,0.02233055111111111,0.02268724,0.03576035111111111,0.023309426666666667,0.021260746666666667,0.014929631111111112,0.014122693333333334,0.022913386666666667,1.8748839466666667,10703979.422222223,1917.7093333333332,0.441753844494043,0.10710237694399849,0.0,0.02486566347655965,1.8639568247238927,0.0282444444444444,0.03261942887130974,0.063240625,0.0146086666666666,0.1142810151750851,0.0,0.0,0.0076444444444444,0.083625,0.24903992346938778,0.0315888888888888,0.0,1.8134078269245064,0.07525527993612686,0.0,0.05395916241913967,0.0,0.053,0.15960713674698934,0.09847170964164657,0.13952777590894228,0.16923120937550512,0.036578950088084095,0.02188617753895008,0.012822931090514408,0.1937661158749714,0.01434783087629507,0.8350896337283826,0.04057456019859344,0.0123174895017759,0.481953386932974,0.4212002410889093,0.00035839285714285715,0.013182321428571328,0.6192997658491779,0.007010229079674575,0.008089701904842156,0.1528059334724161,0.034501403061224484,0.05522279153310336,0.04301692421853937,0.021448549107142858,0.030869897959183632,0.047492665251236264,0.018444559028316047,0.015000892857142855,0.14628214285714286,0.0,0.0,,,,0.005485322545274531,0.007125,0.35539602014307414,4.635448253514098,3.155974856678904,60.51506444421157,210.0,1071.267,0.064186100824075,2024-08-05 22:15:00
2024-08-05 16:30:00,62.178666666666665,1.0,0.03780083815148716,0.3926185757043652,0.0021623967212301,0.040203106051587265,0.7705726763919178,0.0009093697333333333,0.009393155555555555,0.028797688888888888,1.569948888888889e-24,2.4346977777777778e-05,3.875844444444445e-05,0.0003824355555555556,5.855488888888889e-25,2.86372e-05,0.001931502222222222,0.0012796888888888887,4.0010355555555554e-07,0.10342088888888888,0.007916382222222221,0.02003368888888889,0.16023733333333334,3.339311111111111e-05,1.8423155555555558e-05,0.093,1309.6546666666666,0.8241333333333334,0.05115555555555555,0.8241333333333334,40.73433995555556,-111.87211,306.37755555555555,17.12977777777778,878.7031111111112,164.15671111111112,2.429333333333333,428641.4666666666,1948.0466666666664,119.15866666666668,10267282.44088889,0.0007995681454705375,0.0001695128205128205,0.0007034555419468125,7.647917329446348e-05,0.0002985631211608125,0.0002191506045231375,0.0023834618044335882,2.4702011288888888,4.533177555555556,8.03831511111111,6.896063866666666,0.1697115111111111,0.5929508,0.8793475555555557,0.0011500444444444,0.1090636444444444,2.032406933333333,0.0010927111111111,0.06315826666666666,0.1216268888888889,0.0320123111111111,0.0987892888888888,0.0097211555555555,0.004880741740934017,0.0474271555555555,0.0224491555555555,0.0009545333333333,0.0278627111111111,0.0571078666666666,0.0268914222222222,0.0063999111111111,0.0009186666666666,3.5435,0.18425,0.07057433941271876,0.025750000000000002,0.0009166666666666666,0.07225,0.43574999999999997,0.24275000000000002,0.0865,0.008749999999999999,0.02025,0.01046276212868424,1.1404846055643105,0.07162070982574043,0.1555,0.00525,0.15475,0.008497897190621098,0.020676488357448314,0.02525,0.051000000000000004,0.5774999999999999,0.09925,0.060664581642596666,0.03775,0.00825,0.015,0.01875,0.1565,0.42475,0.0019845766098908054,0.010499999999999999,0.02874023488930938,0.37675,0.0225,0.051500000000000004,0.10600000000000001,0.022,0.021249999999999998,0.281,0.0013427680739912227,0.00475,0.011855894329251266,0.01525,0.026000000000000002,0.00475,0.0023218001442218937,0.016749999999999998,0.00825,0.0185,0.0155,0.08325,0.01675,0.0006568974553248139,0.08474999999999999,0.06849999999999999,0.003203476363106808,0.006742217546150488,0.0016497337901065405,0.05504265904809725,0.0035352697234622625,0.000340474564615625,0.7814264703894506,81000.0,81059.0,873.3852977777777,36.63189777777778,124.52377333333334,21.95411111111111,2.5007377777777777,0.28601777777777776,0.007373333333333333,16.595926684444446,14.373511542222221,12.23454884888889,10.95365412,9.596793666666667,8.142380195555555,6.929368453333334,5.887292715555556,5.0587243866666665,4.451894319999999,4.112410484444444,3.98062888,3.8663008977777777,3.5848705377777774,2.682020808888889,7.459035168888889,2.4733790755555556,0.8052231466666666,0.4575974755555556,0.10049160888888889,0.07810265777777776,0.05461789777777778,0.05173586222222223,0.04835254666666667,0.04276227111111111,0.044334679999999994,0.03888524,0.03725532,0.037291880000000006,0.04717858222222222,0.07426438222222222,0.049646751111111116,0.04615819555555556,0.032074017777777776,0.03183832888888889,0.06309699555555555,1.1485552044444445,10173762.222222224,1904.275555555556,0.46242089479693216,0.05876974564400719,0.0,0.02501727235850483,1.5684117084642892,0.0282444444444444,0.03278885498065423,0.06328958333333333,0.0097211555555555,0.11482157869269637,0.0,0.0,0.0076444444444444,0.08325,0.2500332482993197,0.0315888888888888,0.0,1.4200609496261447,0.037436346406160934,0.0,0.052037569048702256,0.0,0.051000000000000004,0.16516634531776817,0.09595096389788865,0.1352263663877012,0.16470450146591004,0.03674012373233323,0.020788690560097297,0.012326241801194652,0.18589663100403359,0.013443098020855297,0.7879897928247241,0.04036724674456765,0.011761361365962127,0.46763635606316567,0.40826423407430823,0.0003982142857142857,0.013220357142857042,0.6063912409018292,0.006784832224799339,0.007991646226383913,0.19394159601267114,0.03457933673469387,0.054766409850307805,0.042645843029703034,0.02153311011904762,0.03091734693877547,0.047010680865849835,0.018248853645772094,0.014995436507936504,0.14626904761904763,0.0,0.0,,,,0.007824854232337353,0.00825,1.68251844199671,5.811042935108702,5.647305027681817,58.58584504557632,285.0,1065.577,0.1148718831160811,2024-08-05 22:30:00
2024-08-05 16:45:00,57.26311111111112,1.0,0.036033314792643045,0.36101675140873024,0.0020941017757936,0.03714689265873013,0.8578772091826452,0.003552996488888889,0.009175404444444445,0.028293333333333334,9.541551111111112e-25,2.2822755555555555e-05,3.694337777777778e-05,0.00036493422222222226,3.4388711111111114e-25,2.5478844444444443e-05,0.001859191111111111,0.0012368577777777778,3.672648888888889e-07,0.10207733333333334,0.007675702222222222,0.019823466666666668,0.1582977777777778,3.167035555555555e-05,1.6308266666666668e-05,0.093,1309.5617777777777,1.1511555555555555,0.048488888888888894,1.1511555555555555,40.73433937777778,-111.87211,306.1802222222222,17.213777777777775,877.5182222222222,101.08364444444445,0.9768888888888888,428240.9777777778,1946.611111111111,131.23644444444446,10233750.752444444,0.000899531529036375,0.00019615384615384615,0.000680386827941325,7.541876325559362e-05,0.000439511807797825,0.000256288857855875,0.002204475701683164,4.729010777777778,8.507194044444445,14.30889288888889,5.98345168888889,0.1683965333333333,0.557368,1.0239728,0.0011369777777777,0.110182,1.8722957333333332,0.0026905333333333,0.1726063111111111,0.1081883555555555,0.0500976888888888,0.1354424444444444,0.0131715111111111,0.004887965197138204,0.0538228888888888,0.0280541777777777,0.0017359111111111,0.0205174666666666,0.0720388,0.0301387111111111,0.0265428,0.0022813333333333,3.43225,0.186375,0.07855989617033787,0.022625,0.000875,0.072375,0.433625,0.234625,0.08225,0.008624999999999999,0.018875,0.011859798242165253,1.1121230260446495,0.12737304126951465,0.14825,0.0053750000000000004,0.189625,0.007746845785931647,0.016847648540358355,0.024375,0.049,0.52125,0.106875,0.08829311779554695,0.043625,0.009375,0.0145,0.018125,0.14675,0.404625,0.001976864914836208,0.010249999999999999,0.03254043760489965,0.354125,0.02175,0.04925,0.1015,0.019999999999999997,0.020375,0.262,0.0021047555016693122,0.004625,0.01349171681607939,0.014875,0.025,0.004625,0.005228096864078997,0.016125,0.008375,0.01875,0.01525,0.082875,0.015625,0.0013693436499560862,0.081625,0.06575,0.0057883547257377614,0.006398811729205775,0.0011513429737692819,0.0627466487509565,0.003334227988591225,0.00035208618280275,0.7573621230705678,81900.0,81959.0,872.4044977777778,36.272191111111105,92.96788444444445,14.250462222222222,1.0955066666666666,0.2052933333333333,0.0041866666666666675,12.41131936,10.67394024888889,9.103380644444446,8.123768386666667,7.125361688888889,6.014980808888889,5.0639238622222225,4.370268355555555,3.7802488266666665,3.345883008888889,3.0475048533333338,3.0447488133333334,2.9517282,2.7110663466666667,2.0857157422222223,5.8451886,1.9097421777777777,0.6129109333333334,0.3390894666666667,0.08104932,0.054619448888888894,0.03617550666666667,0.024314542222222225,0.025926462222222224,0.020793755555555557,0.015460884444444444,0.018977479999999998,0.01558795111111111,0.012475324444444444,0.01923352888888889,0.018417986666666667,0.014953364444444443,0.011000693333333334,0.008864817777777778,0.011280693333333335,0.018048488888888888,1.2513950799999998,10135248.88888889,1903.072044444444,0.4830879450998213,0.07817176726385569,0.0,0.02516888124045001,1.5419342843817105,0.0282444444444444,0.03295828108999872,0.06333854166666666,0.0131715111111111,0.11536214221030763,0.0,0.0,0.0076444444444444,0.082875,0.2510265731292517,0.0315888888888888,0.0,1.422298092682149,0.05261788621171555,0.0,0.05011597567826484,0.0,0.049,0.170725553888547,0.09343021815413073,0.13092495686646008,0.16017779355631492,0.03690129737658236,0.01969120358124452,0.011829552511874897,0.17802714613309575,0.012538365165415523,0.7408899519210657,0.04015993329054186,0.011205233230148355,0.4533193251933573,0.39532822705970716,0.0004380357142857143,0.013258392857142757,0.5934827159544804,0.006559435369924102,0.00789359054792567,0.2350772585529262,0.03465727040816326,0.05431002816751225,0.04227476184086669,0.021617671130952382,0.030964795918367302,0.0465286964804634,0.018053148263228146,0.014989980158730156,0.14625595238095238,0.0,0.0,,,,0.010164385919400176,0.009375,3.018689365331313,9.77340870903913,10.345745801677257,54.04602237559639,360.0,1058.5675,0.46288878672266254,2024-08-05 22:45:00
2024-08-05 17:00:00,62.236,1.0,0.03664079674163223,0.3294149271130953,0.0020258068303570997,0.03409067926587299,0.9451817419733727,0.006034726222222221,0.008923755555555557,0.027699599999999998,6.182808888888889e-25,2.1181066666666666e-05,3.493457777777778e-05,0.0003456244444444444,2.1848355555555555e-25,2.2303822222222223e-05,0.0017779466666666666,0.0011884355555555556,3.3306044444444445e-07,0.10045608888888889,0.007401275555555555,0.019571155555555556,0.15598133333333333,2.9792755555555555e-05,1.4196355555555556e-05,0.093,1309.8266666666668,1.7324,0.046533333333333336,1.7324,40.73434,-111.87211,308.35266666666666,16.325777777777777,877.24,102.40986666666667,1.265777777777778,428378.6222222223,1948.8626666666669,131.52622222222223,10827325.042222222,0.0009994949126022124,0.0002227948717948718,0.0006573181139358375,7.435835321672375e-05,0.0005804604944348376,0.00029342711118861254,0.0020254895989327403,0.5430365777777778,2.241457288888889,3.283624444444445,8.614621022222222,0.1758781777777777,0.6789337333333333,1.42604,0.0012298666666666,0.1199953777777777,2.0546264888888888,0.0042769777777777,0.4758612,0.1548537777777777,0.0563355555555555,0.1519500888888889,0.0082652,0.0048951886533423914,0.0712143555555555,0.0305282666666666,0.0022315111111111,0.0185119111111111,0.1390201777777777,0.0243351555555555,0.0348249777777777,0.0014910222222222,3.3209999999999997,0.1885,0.08131421177962167,0.0195,0.0008333333333333334,0.0725,0.4315,0.2265,0.078,0.0085,0.0175,0.015658660035402627,1.156605924449181,0.12871068690341858,0.14100000000000001,0.0055,0.22449999999999998,0.006995794381242195,0.030143327633743423,0.0235,0.047,0.46499999999999997,0.11449999999999999,0.1007363043212499,0.0495,0.010499999999999999,0.014,0.0175,0.137,0.3845,0.001969153219781611,0.009999999999999998,0.042874060883142134,0.3315,0.020999999999999998,0.047,0.097,0.018,0.0195,0.243,0.002441101113434606,0.0045000000000000005,0.017939893556654662,0.014499999999999999,0.024,0.0045000000000000005,0.006510952870234482,0.0155,0.0085,0.019,0.015,0.0825,0.014499999999999999,0.0016838214779083143,0.0785,0.063,0.006929334829395422,0.0060554059122610625,0.0028820093567120692,0.07045063845381574,0.0031331862537201877,0.00036369780098987497,0.733297775751685,82800.0,82859.0,872.0283911111111,35.895542222222225,91.33981777777778,13.243471111111111,0.8613644444444444,0.17995555555555554,0.0035600000000000002,12.30424388888889,10.529380168888888,9.03610892,7.9478414711111105,6.990817248888889,5.9393718799999995,4.9972696800000005,4.2725962,3.790426311111111,3.296113128888889,3.0279200133333335,2.9830516577777777,2.816251391111111,2.6623448844444444,2.04394848,5.678716377777778,1.8675525555555557,0.5945091555555556,0.2849888177777778,0.057365995555555556,0.041790626666666664,0.026287684444444445,0.019572120000000002,0.014579333333333333,0.011529711111111111,0.011295817777777778,0.009375453333333334,0.01171655111111111,0.007954657777777778,0.009802035555555555,0.015234271111111112,0.010101488888888888,0.008731248888888888,0.00553296,0.005188719999999999,0.010326573333333334,1.3968911022222223,10665354.57777778,1904.1013777777775,0.5037549954027105,0.07863727298956466,0.0,0.025320490122395196,1.564579771355092,0.0282444444444444,0.033127707199343215,0.0633875,0.0082652,0.1159027057279189,0.0,0.0,0.0076444444444444,0.0825,0.25201989795918367,0.0315888888888888,0.0,1.630178511266667,0.052982131435385146,0.0,0.04819438230782743,0.0,0.047,0.17628476245932578,0.09090947241037281,0.12662354734521897,0.15565108564671984,0.0370624710208315,0.018593716602391737,0.011332863222555141,0.17015766126215795,0.011633632309975748,0.6937901110174073,0.03995261983651607,0.010649105094334584,0.439002294323549,0.3823922200451061,0.0004778571428571429,0.013296428571428471,0.5805741910071316,0.006334038515048867,0.0077955348694674275,0.27621292109318124,0.034735204081632644,0.053853646484716695,0.041903680652030345,0.021702232142857145,0.03101224489795914,0.04604671209507697,0.017857442880684197,0.014984523809523807,0.14624285714285715,0.0,0.0,,,,0.012503917606462998,0.010499999999999999,0.5425280763001122,3.5260413571203806,2.0846935287588058,61.0,408.16666,1049.8484,0.8153629974893216,2024-08-05 23:00:00
2024-08-05 17:15:00,61.44533333333333,1.0,0.05562200863694655,0.2978131028174604,0.0019575118849206,0.03103446587301585,1.0324862747641,0.005238468,0.008633595555555557,0.027005733333333334,4.230128888888889e-25,1.9427777777777776e-05,3.2726e-05,0.0003244408888888889,1.4834622222222222e-25,1.916586666666667e-05,0.00168712,0.001133471111111111,2.978653333333333e-07,0.09854715555555556,0.0070896,0.019269155555555553,0.15323644444444445,2.7760444444444445e-05,1.2124577777777776e-05,0.093,1309.697777777778,1.6996,0.04733333333333334,1.6996,40.73433706666667,-111.87211,309.17488888888886,16.330222222222222,877.1284444444444,116.26924444444444,2.2506666666666666,432679.4222222222,1950.1177777777775,154.11111111111114,11414027.846222224,0.00109945829616805,0.00024943589743589746,0.00063424939993035,7.32979431778539e-05,0.00072140918107185,0.00033056536452135,0.001846503496182316,1.0077192888888888,3.653863555555555,5.447463555555556,9.073486222222222,0.1831138222222222,0.8356252888888889,1.675382,0.0005576888888888,0.1347229777777777,2.199937733333333,0.0032048444444444,0.8188476,0.2426944,0.0778220888888888,0.1854934222222222,0.0127728,0.0049024121095465785,0.0920072444444444,0.0420547555555555,0.0022308444444444,0.0204993777777777,0.1987612444444444,0.0248452,0.0076640444444444,0.0012341777777777,3.2097499999999997,0.190625,0.09080154091181367,0.016375,0.0007916666666666666,0.072625,0.429375,0.218375,0.07375,0.008375,0.016125,0.020200503037202163,1.181402550010631,0.23296498219861017,0.13375,0.005625,0.25937499999999997,0.006244742976552744,0.05517043911831024,0.022625,0.045,0.40874999999999995,0.122125,0.12602070845081445,0.055374999999999994,0.011625,0.0135,0.016875,0.12725,0.364375,0.0019614415247270135,0.00975,0.05522873370989998,0.308875,0.02025,0.04475,0.0925,0.016,0.018625,0.224,0.0040080957247641495,0.004375,0.023258044492262247,0.014125,0.023,0.004375,0.012487627987851729,0.014875,0.008624999999999999,0.01925,0.014750000000000001,0.082125,0.013375,0.0031489366586814524,0.075375,0.06025,0.012245026818602647,0.00571200009531635,0.0061397279135664345,0.078154628156675,0.00293214451884915,0.00037530941917699996,0.7092334284328022,83700.0,83759.0,871.9112888888889,36.00280888888889,101.6840888888889,14.484831111111111,0.9306933333333334,0.17999555555555555,0.0039022222222222223,14.03004075111111,12.029202435555556,10.198617804444444,9.046047497777778,7.74589148,6.6222838755555555,5.605846462222222,4.779342488888888,4.125985657777778,3.612255244444445,3.2951106355555555,3.21233952,3.0515731733333333,2.8078079555555555,2.1446761999999997,6.17996824,1.990205031111111,0.6047478311111111,0.30991169333333335,0.05900976888888889,0.04262198222222222,0.02826892888888889,0.020062977777777775,0.016011364444444443,0.012196146666666666,0.011895644444444443,0.012021706666666666,0.009090146666666667,0.010894617777777778,0.01145948,0.015423373333333332,0.013491004444444446,0.010783337777777778,0.004453546666666666,0.00530624,0.009304795555555556,1.7032994666666668,11273992.0,1904.466755555556,0.5244220457055996,0.11491816096138513,0.0,0.025472099004340377,1.5726181370031256,0.0282444444444444,0.03329713330868771,0.06343645833333333,0.0127728,0.11644326924553017,0.0,0.0,0.0076444444444444,0.082125,0.25301322278911564,0.0315888888888888,0.0,1.6680841496454946,0.08137091254887414,0.0,0.04627278893739002,0.0,0.045,0.18184397103010458,0.08838872666661489,0.12232213782397786,0.15112437773712475,0.037223644665080644,0.01749622962353896,0.010836173933235386,0.16228817639122015,0.010728899454535973,0.6466902701137489,0.03974530638249028,0.010092976958520811,0.42468526345374064,0.369456213030505,0.0005176785714285715,0.013334464285714186,0.5676656660597827,0.00610864166017363,0.007697479191009185,0.31734858363343627,0.03481313775510204,0.05339726480192115,0.041532599463194,0.021786793154761907,0.031059693877550976,0.045564727709690535,0.017661737498140248,0.014979067460317456,0.14622976190476192,0.0,0.0,,,,0.01484344929352582,0.011625,0.8174053894319997,4.934306840057416,3.7060225782189735,57.90856589499161,425.66666,1038.9921,0.7388947190250508,2024-08-05 23:15:00
2024-08-05 17:30:00,61.49066666666667,1.0,0.06393884255271787,0.26621127852182547,0.0018892169394840999,0.027978252480158713,1.1197908075548275,0.005966941333333333,0.008299644444444445,0.02619484444444444,3.0302577777777776e-25,1.7572577777777777e-05,3.0312666666666665e-05,0.0003013475555555556,1.063229777777778e-25,1.61232e-05,0.0015862533333333333,0.0010718044444444446,2.6212533333333334e-07,0.09628293333333333,0.006736906666666666,0.0189088,0.14994844444444444,2.5578711111111112e-05,1.012984e-05,0.093,1309.0622222222223,2.1415111111111114,0.0428,2.1415111111111114,40.73433124444444,-111.87211,309.1597777777778,16.410222222222224,877.0933333333335,116.40426666666667,2.049777777777778,434563.8666666667,1948.9222222222224,176.18222222222224,11307398.343555557,0.0011994216797338874,0.00027607692307692305,0.0006111806859248625,7.223753313898404e-05,0.0008623578677088626,0.0003677036178540875,0.0016675173934318915,0.8728506222222222,3.642957777777778,4.952486222222223,12.523159613519814,0.1744035451326451,0.976108794916195,1.4804464946164946,0.000590622089022,0.1335927414252414,2.110416057198357,0.0030694261627261,0.930382423942724,0.2960677346542347,0.0633087786990787,0.1580557927960928,0.0119252001110001,0.0049096355657507655,0.0749490513486513,0.0381202821733821,0.003443522033522,0.020162039027639,0.1957784384837385,0.0265104784326784,0.0059703458208458,0.0015145386613386,3.0985,0.19275,0.0843932223416554,0.013249999999999998,0.00075,0.07275,0.42725,0.21025,0.0695,0.00825,0.01475,0.016474439028036334,1.157782534868879,0.33484762357847486,0.1265,0.00575,0.29425,0.005493691571863294,0.0703773031283957,0.02175,0.043,0.3525,0.12974999999999998,0.10533868189509085,0.06125,0.01275,0.013000000000000001,0.01625,0.1175,0.34425,0.0019537298296724162,0.0095,0.04509313418641093,0.28625,0.0195,0.042499999999999996,0.088,0.013999999999999999,0.017750000000000002,0.20500000000000002,0.0034732148388572233,0.00425,0.01889510839151465,0.01375,0.022,0.00425,0.010447538469626386,0.014249999999999999,0.008749999999999999,0.0195,0.0145,0.08175,0.01225,0.0026488314890901472,0.07225000000000001,0.057499999999999996,0.01043055852379269,0.005368594278371637,0.00811916861361547,0.08585861785953425,0.0027311027839781125,0.000386921037364125,0.6851690811139195,84600.0,84659.0,871.8392044444445,35.778800000000004,99.95042666666667,14.063697777777778,0.85976,0.17191555555555554,0.003684444444444444,13.73832971111111,11.816700577777777,10.081364875555556,8.941319764444446,7.614689884444444,6.558728919999999,5.567291311111111,4.688507435555556,4.083096302222222,3.571486968888889,3.2133484266666668,3.14682528,3.0187540888888886,2.703728,2.103421066666667,6.00478276,1.939009208888889,0.5972487866666667,0.29066729333333335,0.06095310222222223,0.04018072444444444,0.024073599999999997,0.019194848888888887,0.015805955555555556,0.010220977777777777,0.010668764444444446,0.0093138,0.00969571111111111,0.007319133333333333,0.011120013333333333,0.019121497777777777,0.010599182222222222,0.008234355555555555,0.003674004444444444,0.0040554399999999996,0.006862662222222222,1.7978442222222222,11179656.444444442,1903.2074666666667,0.5450890960084888,0.1503737044256602,0.0,0.02562370788628556,1.5449135934839688,0.0282444444444444,0.0334665594180322,0.06348541666666666,0.0119252001110001,0.11698383276314143,0.0,0.0,0.0076444444444444,0.08175,0.2540065476190476,0.0315888888888888,0.0,1.868741929938721,0.10911388464616358,0.0,0.044351195566952606,0.0,0.043,0.1874031796008834,0.08586798092285697,0.11802072830273676,0.14659766982752964,0.03738481830932978,0.01639874264468618,0.01033948464391563,0.15441869152028231,0.009824166599096198,0.5995904292100904,0.03953799292846449,0.00953684882270704,0.4103682325839323,0.35652020601590395,0.0005575,0.0133724999999999,0.554757141112434,0.005883244805298393,0.007599423512550943,0.3584842461736913,0.034891071428571424,0.05294088311912559,0.04116151827435766,0.02187135416666667,0.031107142857142812,0.045082743324304106,0.017466032115596296,0.014973611111111108,0.14621666666666666,0.0,0.0,,,,0.017182980980588645,0.01275,0.7376254969751248,4.923433034997579,3.3351442050364244,57.95043406066412,443.16666,1025.5598,0.8857093661185748,2024-08-05 23:30:00
2024-08-05 17:45:00,64.01866666666666,1.0,0.052950814196734974,0.2346094542261905,0.0018209219940476,0.024922039087301576,1.2070953403455549,0.006445263555555555,0.007915782222222221,0.02524466666666667,2.253457777777778e-25,1.5629022222222223e-05,2.7696355555555556e-05,0.0002763284444444444,7.943613333333334e-26,1.3230844444444444e-05,0.001474857777777778,0.0010025951111111112,2.263462222222222e-07,0.09359666666666668,0.006338644444444445,0.018477555555555556,0.14603333333333335,2.3254222222222223e-05,8.253648888888889e-06,0.093,1308.7524444444446,1.7197777777777778,0.04808888888888889,1.7197777777777778,40.73433804444445,-111.87211,309.8948888888889,15.624444444444444,876.928,121.11208888888889,2.432444444444444,432074.1777777778,1948.6973333333333,162.90222222222226,10764581.180000002,0.001299385063299725,0.0003027179487179487,0.0005881119719193749,7.117712310011418e-05,0.001003306554345875,0.000404841871186825,0.001488531290681468,0.7948929777777778,3.038313777777778,4.397750222222222,17.433188862698408,0.172917969047619,0.8622014660493827,1.210783963888889,6.076507936507929e-05,0.1204605285714285,2.138089868650794,0.0015098424603174,0.7527527350088186,0.3616849071428571,0.0472363944444444,0.1210844142857142,0.0077896055555555,0.004916859021954953,0.0606399087301587,0.0272469154761904,0.006520321031746,0.0182674257936507,0.1449899623015873,0.0229277515873015,0.0042898039682539,0.0009830833333333,2.98725,0.19487500000000002,0.07729649822161233,0.010124999999999999,0.0007083333333333334,0.072875,0.425125,0.202125,0.06525,0.008125,0.013375,0.013348857026860885,1.1533395134332878,0.27354570403698564,0.11925,0.005875,0.329125,0.004742640167173843,0.08907262027927251,0.020875,0.041,0.29625,0.137375,0.07747027459656622,0.067125,0.013875,0.0125,0.015625,0.10775,0.324125,0.001946018134617819,0.00925,0.03659095940792876,0.263625,0.01875,0.04025,0.0835,0.011999999999999999,0.016875,0.186,0.0019950104016036563,0.004125,0.015235290815855725,0.013375,0.021,0.004125,0.004809518009946051,0.013624999999999998,0.008875,0.01975,0.01425,0.081375,0.011125,0.0012667337169294272,0.069125,0.05474999999999999,0.005416068091785153,0.005025188461426925,0.010552692819804668,0.0935626075623935,0.0025300610491070753,0.00039853265555125,0.6611047337950366,85500.0,85559.0,871.7484977777779,35.88631111111111,108.50499111111112,15.47003111111111,0.98128,0.17713333333333334,0.004226666666666667,15.05391740888889,12.862865822222222,10.966767195555555,9.610235386666666,8.313845208888889,7.095640431111111,5.9434168666666665,5.126044031111111,4.332122413333334,3.8159487688888887,3.5019239911111115,3.3902979866666665,3.2119287244444448,2.973669115555556,2.285074773333333,6.571415795555556,2.1553600444444445,0.6484608533333333,0.3191436933333333,0.06561736,0.04832564888888889,0.03044390666666667,0.02548216888888889,0.023232182222222224,0.014316217777777777,0.013390177777777778,0.006949222222222222,0.012185942222222221,0.010850982222222222,0.016133435555555554,0.017609111111111114,0.00891412888888889,0.01320028,0.004061817777777778,0.004888084444444444,0.011280724444444445,1.9252936984126985,10677157.955555556,1904.1630412698407,0.5657561463113779,0.12904040521678914,0.0,0.025775316768230742,1.5659363773844817,0.0282444444444444,0.03363598552737669,0.06353437499999999,0.0077896055555555,0.1175243962807527,0.0,0.0,0.0076444444444444,0.081375,0.2549998724489796,0.0315888888888888,0.0,1.923265088408388,0.09242117408903495,0.0,0.04242960219651519,0.0,0.041,0.19296238817166222,0.08334723517909905,0.11371931878149566,0.14207096191793456,0.03754599195357891,0.0153012556658334,0.009842795354595875,0.1465492066493445,0.008919433743656426,0.5524905883064319,0.0393306794744387,0.008980720686893269,0.39605120171412395,0.3435841990013029,0.0005973214285714286,0.013410535714285615,0.5418486161650853,0.005657847950423157,0.0075013678340927,0.39961990871394637,0.03496900510204081,0.05248450143633004,0.04079043708552132,0.021955915178571428,0.03115459183673465,0.04460075893891767,0.017270326733052347,0.014968154761904759,0.14620357142857143,0.0,0.0,,,,0.019522512667651468,0.013875,0.6915106161530233,4.320561683630276,2.9194896459876705,60.285200005225235,460.66666,1009.1302,1.0168204908865897,2024-08-05 23:45:00
2024-08-05 18:00:00,64.2782306027306,1.0,0.05632792521229719,0.20300762993055557,0.0017526270486111,0.021865825694444438,1.2943998731362822,0.0059279323899248905,0.007396967921522921,0.02393511734931735,1.6259641088541087e-25,1.3221447258297258e-05,2.4344678795278798e-05,0.0002443277485107485,5.781894551004551e-26,9.993768031413032e-06,0.0013294459375809376,0.0009111044673659675,1.8395095356495358e-07,0.08982291442076443,0.005809482995892996,0.017858143650793648,0.1405254100899101,2.0325550817700817e-05,6.178663459318459e-06,0.086,1308.4632923557922,1.9430634125134125,0.04690401820401821,1.9430634125134125,40.73434,-111.87211,310.39197644947643,15.481451344951346,877.026932030932,123.184182996633,2.148114570614571,431026.6265993266,1949.7799731749733,167.39397493247495,10994679.78146683,0.0013993484468655625,0.00032935897435897434,0.0005650432579138874,7.011671306124432e-05,0.0011442552409828876,0.0004419801245195625,0.0013095451879310445,0.9073135773809524,3.392971994047619,6.845438422619048,6.017171911923262,0.177793979078329,0.964200096022496,1.0933058411643912,0.0002925207274207,0.1132980331668331,2.3442260526399528,0.00183189900793645,0.6802991607799608,0.5458678957005957,0.0419924493228993,0.1058953243016243,0.0103159798053798,0.00492408247815914,0.0566370773596773,0.0229910327616827,0.0043814732804232336,0.0182633268194768,0.1250376293410293,0.0198850472601472,0.0032714205405705,0.0008184794686794,2.876,0.197,0.108,0.007,0.0006666666666666668,0.073,0.423,0.194,0.061,0.008,0.012,0.029,0.98,0.471,0.112,0.006,0.364,0.0039915887624843915,0.186,0.02,0.039,0.24,0.145,0.213,0.073,0.015,0.012,0.015,0.098,0.304,0.0019383064395632216,0.009,0.098,0.241,0.018,0.038,0.079,0.01,0.016,0.167,0.005,0.004,0.037,0.013,0.02,0.004,0.021,0.013,0.009,0.02,0.014,0.081,0.01,0.005,0.066,0.052,0.018,0.004681782644482213,0.015575087763264281,0.10126659726525275,0.0023290193142360377,0.000410144273738375,0.6370403864761539,210.0,269.0,871.5506782210382,36.675822598512596,124.13420347041847,17.71775424001924,1.1783422877122876,0.18766763514263515,0.004705641580641581,17.533945672047768,14.981163221818921,12.564804167962963,11.113724063109114,9.54915310466256,8.174839243893514,6.791993817528767,5.80971762528712,4.8665628258868905,4.301158727561328,3.9179904479200425,3.811883537253487,3.613955312661228,3.274068488936434,2.578526506405076,7.358739616411921,2.431481236007141,0.7271025825178525,0.3449446590823991,0.07057528635031636,0.06102232214211714,0.03127179163669664,0.03314347245217745,0.019263184374329376,0.020641086442631445,0.013193625826210828,0.019978801532911532,0.012969997595922596,0.016029971115921117,0.015081164516779518,0.012496989874754874,0.015137246344581346,0.017900702415177418,0.008272893431013431,0.008651400001110001,0.012841239679949679,2.458484952018352,10867787.66247456,1904.880992903393,0.5864231966142671,0.10177131080046584,0.0,0.025926925650175923,1.2786724621125996,0.0282444444444444,0.03380541163672118,0.06358333333333333,0.0103159798053798,0.11806495979836397,0.0,0.0,0.0076444444444444,0.081,0.25599319727891157,0.0315888888888888,0.0,2.158507749955555,0.12857914299533996,0.0,0.04050800882607778,0.0,0.039,0.19852159674244102,0.08082648943534113,0.10941790926025455,0.13754425400833947,0.03770716559782805,0.01420376868698062,0.00934610606527612,0.1386797217784067,0.008014700888216651,0.5053907474027736,0.03912336602041291,0.008424592551079496,0.3817341708443156,0.3306481919867018,0.0006371428571428572,0.013448571428571329,0.5289400912177364,0.005432451095547921,0.007403312155634457,0.4407555712542014,0.0350469387755102,0.05202811975353448,0.04041935589668497,0.02204047619047619,0.031202040816326486,0.044118774553531234,0.017074621350508398,0.014962698412698408,0.1461904761904762,0.0,0.0,,,,0.02186204435471429,0.015,0.7580116320520361,4.674180140302494,4.753502148556062,62.0,480.20834,983.62079,1.0203889733588396,2024-08-06 00:00:00
2024-08-05 18:15:00,64.67733333333334,1.0,0.0597050362278594,0.1714058056349206,0.0016843321031746,0.0188096123015873,1.3817044059270096,0.005627465777777777,0.007004217777777778,0.022924222222222224,1.3533955555555555e-25,1.1650226666666668e-05,2.203071111111111e-05,0.00022218577777777777,4.8390933333333335e-26,8.169555555555557e-06,0.0012255066666666667,0.0008443857777777777,1.5800844444444442e-07,0.08687453333333334,0.0054192933333333335,0.017377244444444443,0.1362177777777778,1.8344844444444443e-05,5.0279822222222226e-06,0.086,1308.847111111111,1.7316888888888888,0.049155555555555557,1.7316888888888888,40.73434,-111.87211,310.47266666666667,14.915111111111111,876.9004444444444,123.10746666666667,2.2204444444444444,429436.7111111112,1948.656888888889,142.12844444444443,10425820.186222224,0.0014993118304314,0.000356,0.0005419745439084,6.905630302237446e-05,0.0012852039276199,0.0004791183778523,0.0011305590851806192,0.6653995788100788,2.9791259104451107,4.391972947089948,5.511046222222222,0.1824030222222222,0.8461281333333334,1.0653141777777777,0.0005056888888888,0.0974497777777777,2.218600311111111,0.0021539555555555,0.4493596444444445,0.4077036444444444,0.0358910222222222,0.0994002222222222,0.0067732,0.004931305934363327,0.0456891555555555,0.0209127111111111,0.0022426255291004664,0.0154082222222222,0.1065646666666666,0.0205845333333333,0.0037771555555555,0.0008764888888888,2.934125,0.19275,0.07228697533908819,0.006625,0.000625,0.073,0.42374999999999996,0.194,0.0625,0.008125,0.011625,0.012022055374775839,1.2761670651467227,0.42924999999999996,0.109875,0.005875,0.5018750000000001,0.004275310887518219,0.10658782453659567,0.01875,0.03675,0.24612499999999998,0.13174999999999998,0.061125092980057374,0.03648516537317313,0.013969588736800213,0.011,0.013875,0.094,0.287125,0.001849925845432657,0.009,0.043883732045934695,0.23174999999999998,0.016874999999999998,0.03575,0.075375,0.0095,0.015,0.16025,0.000752861671650806,0.003875,0.013639742211060511,0.011860139460213049,0.0185,0.00375,0.002973148440049947,0.00440425483265302,0.008125,0.01825,0.013000000000000001,0.076375,0.0095,0.004625,0.062375,0.048999999999999995,0.003143410037840481,0.0043383768275375,0.0199957745254745,0.0721537337505748,0.002127977579365,0.0004217558919255,0.6129760391572712,900.0,959.0,871.409888888889,36.67330222222222,124.38121333333333,17.624271111111113,1.1182977777777776,0.17896444444444445,0.004613333333333333,17.098773866666665,14.695071817777777,12.583507324444444,11.212046484444445,9.573313137777777,8.06240800888889,6.85106932,5.904992457777778,5.075083115555556,4.4241808888888885,4.001358213333334,3.829021048888889,3.675066693333333,3.365111022222222,2.62551832,7.483260924444445,2.4987269955555558,0.7414476488888889,0.3480476933333333,0.06491076,0.052089564444444444,0.024571813333333335,0.023307293333333333,0.019279155555555556,0.015078755555555556,0.015191875555555555,0.012356693333333332,0.010489928888888889,0.012569333333333333,0.016143417777777776,0.016239884444444446,0.012363697777777778,0.01155828,0.005486426666666667,0.007999995555555556,0.01351439111111111,2.1652783555555555,10334581.022222225,1904.704888888889,0.5491107922836456,0.10036270426863894,0.0,0.026078534532121105,1.2796493087587923,0.0282444444444444,0.033974837746065675,0.06363229166666666,0.0067732,0.11860552331597524,0.0,0.0,0.0076444444444444,0.076375,0.25698652210884354,0.0315888888888888,0.0,1.9777667708328688,0.12088828113582589,0.0,0.03858641545564037,0.0,0.03675,0.18886133266862867,0.07807658498760521,0.10595288492369921,0.13229327283320916,0.036578950088084095,0.013904454056384408,0.008778461163196399,0.13545121516468864,0.007612597396910085,0.5105193967456164,0.03829411220430974,0.00763012378563125,0.3758807991074879,0.3260525052841462,0.0006769642857142857,0.013486607142857043,0.5181161727836241,0.004981657385797448,0.007305256477176215,0.6033815059563566,0.035124872448979584,0.05157173807073893,0.040048274707848636,0.022125037202380952,0.031249489795918323,0.043636790168144805,0.016878915967964446,0.01495724206349206,0.14617738095238095,0.0,0.0,,,,0.008693740509068942,0.01725,0.6149103968518893,4.261547338720885,2.915160828770816,60.89351982411406,502.08334,952.68823,1.0384132084462014,2024-08-06 00:15:00
2024-08-05 18:30:00,65.22711111111111,1.0,0.021427919047619,0.1643259309368409,0.0015054324830724,0.015111473061383,0.7273420980952382,0.005100523111111112,0.0064312177777777774,0.0214156,1.0704604444444445e-25,9.612702222222222e-06,1.8896488888888892e-05,0.00019210977777777777,3.857555555555556e-26,6.0426977777777775e-06,0.0010811537777777778,0.000750196,1.2576906666666667e-07,0.0824004,0.004863071111111112,0.016641066666666666,0.12964666666666666,1.5695644444444445e-05,3.7023200000000002e-06,0.086,1308.812888888889,1.1103555555555553,0.048488888888888894,1.1103555555555553,40.734339777777784,-111.87211,310.65577777777776,14.807555555555556,876.8093333333333,108.77839999999999,1.5782222222222222,426892.5860805861,1948.3961733821732,128.27234188034188,10586900.42040293,0.001032018095238,0.000356,0.0004515187301587,5.378e-05,0.0003101507936507,0.0001226244444444,0.0009515729824301957,0.2809864888888889,1.7229473777777775,2.5487493333333333,4.964182088888889,0.1783161333333333,0.679532888888889,1.0466045777777775,3.5333333333333336e-05,0.1046983111111111,2.255884622222222,0.0043845777777777,0.5568746222222223,0.3913896444444444,0.0281546666666666,0.0874566222222222,0.0073548888888888,0.004938529390567514,0.0402004888888888,0.0166015111111111,0.0001037777777777,0.0136356,0.0956256,0.0218555555555555,0.0039943555555555,0.0008068444444444,2.99225,0.1885,0.06887100542432523,0.00625,0.0005833333333333334,0.073,0.4245,0.194,0.064,0.00825,0.01125,0.011159614149132748,1.2628794943229131,0.38749999999999996,0.10775,0.00575,0.63975,0.004559033012552047,0.10193721438184215,0.0175,0.0345,0.25225,0.1185,0.05212220688758394,0.030859602575471802,0.011995341745570851,0.01,0.01275,0.09,0.27025,0.0017615452513020922,0.009,0.041368049204567325,0.2225,0.01575,0.0335,0.07175000000000001,0.009000000000000001,0.014,0.1535,0.0002341557379334548,0.00375,0.012489368758908666,0.010720278920426096,0.017,0.0035,0.0008479462543051616,0.0034765712963304805,0.0072499999999999995,0.0165,0.012,0.07175000000000001,0.009000000000000001,0.00425,0.058750000000000004,0.046,0.001370093006356066,0.0039820184126984,0.0143410926984126,0.0492538898412698,0.0023813606349206,0.0002592904761904,0.6588668761904762,1800.0,1859.0,871.3007733333333,36.59458666666667,134.26974222222222,18.91702666666667,1.1444755555555555,0.17213333333333333,0.005013333333333333,18.247281857777775,15.675108902222224,13.5365164,11.897498568888889,10.39454303111111,8.75939614222222,7.478623946666667,6.39814012,5.496034413333334,4.803618311111111,4.373379862222222,4.241285444444444,3.9557205555555557,3.6480332311111114,2.8823762844444447,8.261456524444444,2.6989040844444445,0.8070040177777779,0.3704853288888889,0.06648909333333333,0.061434706666666665,0.02636904,0.026634733333333334,0.022847688888888888,0.017761684444444443,0.013335684444444445,0.009140715555555557,0.011446231111111113,0.008412857777777777,0.01762565333333333,0.016205155555555555,0.011411466666666667,0.012381013333333333,0.004876173333333333,0.00652984,0.011380311111111112,2.0774592444444444,10454908.88888889,1903.8461333333328,0.5117983879530241,0.09895409773681205,0.0,0.02623014341406629,1.2806261554049851,0.0282444444444444,0.03414426385541017,0.06368125,0.0073548888888888,0.1191460868335865,0.0,0.0,0.0076444444444444,0.07175000000000001,0.2579798469387755,0.0315888888888888,0.0,2.153977439957845,0.11319741927631181,0.0,0.036664822085202955,0.0,0.0345,0.1792010685948163,0.0753266805398693,0.10248786058714388,0.12704229165807887,0.03545073457834014,0.013605139425788195,0.008210816261116678,0.13222270855097054,0.0072104939056035185,0.5156480460884592,0.03746485838820658,0.006835655020183004,0.3700274273706602,0.32145681858159053,0.0007167857142857143,0.013524642857142758,0.5072922543495118,0.004530863676046975,0.007207200798717972,0.7660074406585119,0.03520280612244897,0.05111535638794337,0.03967719351901229,0.022209598214285715,0.03129693877551016,0.04315480578275837,0.016683210585420497,0.014951785714285709,0.14616428571428572,0.0,0.0,,,,0.0066710497373829725,0.0195,0.3875155858041479,3.009051573365153,1.5340636971545965,61.401273950946354,523.95831,923.40741,1.0488275812906522,2024-08-06 00:30:00
2024-08-05 18:45:00,60.31644444444444,1.0,0.0284485603174603,0.2533380142857143,0.0024754314285714,0.0180575511111111,0.8453200380952381,0.004479729777777778,0.005774742222222223,0.019632177777777777,8.528600000000001e-26,7.62896e-06,1.566817777777778e-05,0.000160944,3.0982577777777775e-26,4.2568e-06,0.0009263791111111112,0.0006473208888888889,9.617351111111112e-08,0.07698124444444444,0.004246355555555555,0.015734666666666668,0.12163955555555556,1.300568888888889e-05,2.6065555555555553e-06,0.086,1308.9399999999998,1.512311111111111,0.048933333333333336,1.512311111111111,40.73433662222222,-111.87211,310.28777777777776,16.728,876.776,109.56826666666666,1.8666666666666667,426687.1756021756,1952.4795493395493,159.96283216783215,12866154.371328672,0.0007671825396825,0.0002679940476190476,0.0005912482539682,6.624380952380953e-05,0.0001107269841269,8.225523809523811e-05,0.0007725868796797722,0.3819442222222222,2.5104104888888887,3.5850564444444446,7.619185911111112,0.1821403111111111,0.9462096444444444,1.6398053333333336,0.0011976,0.1919161333333333,2.8434586666666664,0.0061176444444444,2.3429764,0.9515482222222222,0.0631875555555555,0.1826550666666666,0.0110818666666666,0.004945752846771701,0.0812022222222222,0.0403428,0.00053554301587294,0.0216255555555555,0.3171012888888889,0.0292831111111111,0.0141592444444444,0.0020350666666666,3.050375,0.18425,0.08433969654281193,0.005875,0.0005416666666666666,0.073,0.42525,0.194,0.0655,0.008375,0.010875,0.017602269040938475,1.2481408949079764,0.34575,0.105625,0.005625,0.777625,0.004842755137585874,0.26162087075585333,0.01625,0.03225,0.25837499999999997,0.10525,0.12388120346432743,0.14475646726916416,0.05196655005273979,0.009000000000000001,0.011625,0.08600000000000001,0.253375,0.0016731646571715273,0.009,0.060160838651850165,0.21325,0.014624999999999999,0.03125,0.068125,0.0085,0.013000000000000001,0.14675,0.0030906104189421055,0.003625,0.021082950476182298,0.009580418380639145,0.0155,0.0032500000000000003,0.012551193387137106,0.008585219197912282,0.006375,0.01475,0.011,0.067125,0.0085,0.003875,0.055125,0.043,0.011135548549141918,0.0055258996825396,0.0302040473015873,0.1147073187301587,0.003386753015873,0.0004564409523809,0.581201720952381,2700.0,2759.0,871.2357022222222,36.48679111111111,170.95216888888888,23.933786666666666,1.4598266666666668,0.17522222222222222,0.0061066666666666665,22.85476136,19.986983657777778,17.331892871111112,15.424526475555554,13.382916862222222,11.474525199999999,9.617119675555555,8.309921337777778,7.079774271111111,6.236032728888889,5.516110031111111,5.292694191111111,4.972239075555556,4.607796817777778,3.509899751111111,10.209699879999999,3.3351626800000003,0.9583483866666668,0.4269332488888889,0.07833789333333334,0.06215892,0.03334855111111111,0.03043632,0.02869664,0.02383112,0.017894444444444442,0.01326255111111111,0.017359786666666665,0.016788364444444443,0.018921426666666668,0.021605355555555553,0.012303133333333334,0.01588355111111111,0.008248337777777778,0.011210235555555555,0.014537697777777778,3.0289614666666664,12704429.777777778,1902.8936,0.4744859836224026,0.09754549120498514,0.0,0.02638175229601147,1.281603002051178,0.0282444444444444,0.03431368996475466,0.06373020833333333,0.0110818666666666,0.11968665035119777,0.0,0.0,0.0076444444444444,0.067125,0.2589731717687075,0.0315888888888888,0.0,2.993926649377741,0.10550655741679774,0.0,0.034743228714765546,0.0,0.03225,0.16954080452100395,0.07257677609213338,0.09902283625058855,0.12179131048294856,0.03432251906859618,0.01330582479519198,0.007643171359036957,0.12899420193725247,0.006808390414296953,0.520776695431302,0.03663560457210342,0.006041186254734758,0.3641740556338325,0.31686113187903486,0.0007566071428571429,0.013562678571428472,0.49646833591539946,0.004080069966296502,0.00710914512025973,0.9286333753606671,0.03528073979591836,0.05065897470514782,0.039306112330175946,0.022294159226190477,0.031344387755101996,0.04267282139737194,0.01648750520287655,0.01494632936507936,0.1461511904761905,0.0,0.0,,,,0.04762306563773567,0.02175,0.44723588487057186,3.794206060877568,2.3105515676154575,56.86596647530363,545.83331,890.24518,1.0549587096909248,2024-08-06 00:45:00
2024-08-05 19:00:00,57.410222222222224,1.0,0.017328033015873,0.293375723946794,0.0026306467415917,0.0206945438108188,0.712150035873016,0.0037911622222222222,0.005026622222222222,0.017520133333333333,6.806457777777779e-26,5.76484e-06,1.2437644444444443e-05,0.00012938533333333333,2.4931911111111112e-26,2.830244444444444e-06,0.0007639,0.0005370364444444444,7.0016e-08,0.07035,0.0035724800000000003,0.014606977777777778,0.1117728888888889,1.0339186666666665e-05,1.7436977777777779e-06,0.086,1309.704888888889,1.9092444444444443,0.050488888888888896,1.9092444444444443,40.73433026666667,-111.87211,309.03222222222223,18.588444444444445,876.7173333333334,108.68324444444444,2.0973333333333333,425657.5015873016,1952.8859365079363,150.96466666666666,14086765.949111111,0.0006784142857142,0.00017998809523809523,0.0005713139682539,7.507968253968253e-05,8.523809523809524e-05,7.042476190476191e-05,0.0005936007769293469,0.3015586222222222,2.145079555555556,3.193446222222222,7.762962355555556,0.1885659555555555,0.9747186222222222,1.5904559555555555,0.0012843555555555,0.2248839555555555,3.037540266666667,0.0043086666666666,3.024394311111111,1.1442308444444445,0.0542567555555555,0.1848818666666666,0.0097425777777777,0.004952976302975888,0.0813929777777777,0.0426299999999999,0.00096730825396818,0.0218815111111111,0.3929786222222222,0.0296920888888888,0.013516,0.0018874666666666,3.1085000000000003,0.18,0.08039632244428602,0.0055,0.0005,0.073,0.426,0.194,0.067,0.0085,0.010499999999999999,0.01763224270578692,1.2053314253213756,0.304,0.10350000000000001,0.0055,0.9155000000000001,0.005126477262619701,0.31654864809747413,0.015,0.03,0.26449999999999996,0.092,0.1255597280926405,0.1837774108830726,0.06566064312306646,0.008,0.010499999999999999,0.082,0.2365,0.0015847840630409625,0.009,0.0602482698090237,0.20400000000000001,0.013499999999999998,0.028999999999999998,0.0645,0.008,0.012,0.14,0.003365796959023353,0.0035,0.02112293106532869,0.008440557840852195,0.014,0.003,0.013678666582357755,0.009077378639431305,0.0055,0.013000000000000001,0.01,0.0625,0.008,0.0035,0.051500000000000004,0.04,0.012076337822293472,0.0060783257142857,0.0275015441269841,0.1291160298412698,0.0034256177777777,0.0003755225396825,0.4915415476190476,3600.0,3659.0,871.1904133333334,36.640684444444446,205.84803555555555,28.481551111111113,1.7013022222222223,0.1735733333333333,0.006986666666666667,27.418549844444446,24.032084084444442,20.920881457777778,18.67986056888889,16.302927871111113,13.827374377777776,11.710170897777777,10.135116204444445,8.593476533333332,7.463785644444444,6.6912098533333335,6.393986279999999,6.013716493333333,5.501437244444444,4.211246337777777,11.987661617777778,3.9186699066666666,1.08992384,0.48015758666666664,0.08480247111111111,0.06569305333333333,0.04143836888888889,0.030821551111111112,0.03400668444444444,0.025286724444444443,0.017666039999999997,0.019787942222222223,0.02046766222222222,0.015425804444444444,0.01960140888888889,0.029670964444444444,0.018362795555555554,0.018953453333333332,0.009910782222222221,0.013794351111111111,0.010253448888888888,3.3563601333333333,13866459.555555556,1900.126888888889,0.43717357929178113,0.09613688467315824,0.0,0.02653336117795665,1.2825798486973707,0.0282444444444444,0.03448311607409915,0.06377916666666666,0.0097425777777777,0.12022721386880904,0.0,0.0,0.0076444444444444,0.0625,0.25996649659863946,0.0315888888888888,0.0,3.2438308546844445,0.09781569555728367,0.0,0.03282163534432814,0.0,0.03,0.15988054044719158,0.06982687164439746,0.09555781191403322,0.11654032930781826,0.03319430355885222,0.013006510164595768,0.007075526456957236,0.12576569532353438,0.006406286922990386,0.5259053447741449,0.035806350756000256,0.005246717489286512,0.3583206838970048,0.31226544517647925,0.0007964285714285714,0.013600714285714187,0.48564441748128717,0.00362927625654603,0.007011089441801488,1.0912593100628225,0.035358673469387744,0.05020259302235226,0.0389350311413396,0.02237872023809524,0.03139183673469383,0.042190837011985505,0.0162917998203326,0.014940873015873012,0.14613809523809523,0.0,0.0,,,,0.06165318233691853,0.024,0.3996847769551083,3.4299461765903763,2.017124470335378,57.0,567.70831,853.38263,1.061213001114694,2024-08-06 01:00:00
2024-08-05 19:15:00,57.34222222222222,1.0,0.013479212063492,0.29144517470527775,0.0026361899046596,0.02059867547705371,0.6404715206349207,0.0030308657777777777,0.004181871111111111,0.015016577777777778,5.405937777777778e-26,4.09604e-06,9.330648888888889e-06,9.848248888888888e-05,1.9974400000000001e-26,1.7594044444444444e-06,0.000597892888888889,0.00042203155555555556,4.79972e-08,0.06214871111111111,0.0028517244444444447,0.01318048888888889,0.09947088888888889,7.784880000000001e-06,1.102143111111111e-06,0.086,1309.3617777777777,2.2854666666666663,0.05328888888888889,2.2854666666666663,40.734330666666665,-111.87211,308.21888888888884,19.357333333333333,876.7093333333335,110.80346666666668,1.9764444444444442,425642.0888888888,1953.4777777777776,147.972,14057169.643111112,0.0005788031746031,9.198214285714284e-05,0.0005902488888888,8.574031746031746e-05,3.701650793650793e-05,7.367555555555555e-05,0.0004146146741789234,0.22549832,2.090602666666667,3.1252662222222223,7.649618666666666,0.1872190666666666,0.9767964888888888,1.6540996,0.0013377333333333,0.2194377777777778,3.0324264444444444,0.0039979111111111,2.7918055111111113,1.1218194666666668,0.0620121333333333,0.1882584,0.0107836444444444,0.004960199759180075,0.0814815111111111,0.0418616444444444,0.0013990734920634202,0.0204442666666666,0.3785762222222222,0.0301704,0.0168395111111111,0.0018063999999999,3.1666250000000002,0.17575000000000002,0.08382069157730573,0.005125,0.0004583333333333334,0.073,0.42674999999999996,0.194,0.06849999999999999,0.008624999999999999,0.010125,0.017646154061886216,1.217029053916388,0.26225,0.101375,0.0053750000000000004,1.053375,0.005410199387653528,0.3101598666168225,0.01375,0.02775,0.270625,0.07875,0.12810490249461645,0.1763707821361703,0.06306134505377824,0.007,0.009375,0.078,0.21962500000000001,0.0014964034689103978,0.009,0.060288848295764114,0.19475,0.012374999999999999,0.02675,0.060875,0.0075,0.011,0.13325,0.003273351564267525,0.003375,0.021141486828045307,0.007300697301065244,0.0125,0.00275,0.0132999063981641,0.008912043976476491,0.004625,0.01125,0.009000000000000001,0.057874999999999996,0.0075,0.003125,0.047875,0.037,0.011760291711488537,0.0059758558730158,0.0245067568253968,0.1114714666666666,0.0032325238095238,0.00026576,0.3567965777777778,4500.0,4559.0,871.1602444444445,36.66013777777778,212.10496,29.226404444444444,1.7533866666666666,0.17384000000000002,0.007133333333333334,28.391518106666663,24.85101694222222,21.636558164444445,19.383926173333336,16.840966902222224,14.275945808888888,12.079488133333333,10.323039377777777,8.799380346666668,7.661968084444444,6.897871044444445,6.534405528888889,6.170570951111111,5.524586693333333,4.327879071111111,12.321744208888889,3.9926555688888885,1.1162167555555556,0.49810148888888883,0.09374882666666666,0.06838424,0.04424581777777778,0.03256059555555556,0.02607950222222222,0.024230484444444443,0.017034604444444445,0.017115786666666667,0.017300888888888886,0.012834537777777776,0.01967764,0.02940780888888889,0.02177662666666667,0.0144948,0.010508737777777779,0.011960413333333334,0.015864951111111112,3.394452,13860676.888888888,1900.882888888889,0.3998611749611596,0.09472827814133135,0.0,0.026684970059901836,1.2835566953435633,0.0282444444444444,0.034652542183443644,0.063828125,0.0107836444444444,0.1207677773864203,0.0,0.0,0.0076444444444444,0.057874999999999996,0.26095982142857144,0.0315888888888888,0.0,3.2499254686893773,0.09012483369776961,0.0,0.03090004197389072,0.0,0.02775,0.15022027637337923,0.06707696719666155,0.09209278757747788,0.11128934813268795,0.03206608804910826,0.012707195533999556,0.0065078815548775155,0.12253718870981631,0.00600418343168382,0.5310339941169876,0.03497709693989709,0.004452248723838267,0.352467312160177,0.30766975847392364,0.0008362500000000001,0.013638749999999901,0.4748204990471748,0.0031784825467955575,0.006913033763343245,1.2538852447649775,0.03543660714285714,0.04974621133955671,0.038563949952503264,0.02246328125,0.03143928571428567,0.041708852626599076,0.016096094437788647,0.014935416666666661,0.146125,0.0,0.0,,,,0.05899010307633595,0.026250000000000002,0.3546922454687268,3.3756289988416004,1.9660383179386636,54.119086429417024,589.58331,813.172,1.0628185986490823,2024-08-06 01:15:00
2024-08-05 19:30:00,57.792888888888896,1.0,0.0169246152380952,0.28951462546376155,0.0026417330677275,0.020502807143288615,0.8274239549206349,0.002269422222222222,0.003249057777777778,0.012077373333333334,4.2397822222222224e-26,2.700368888888889e-06,6.5184399999999995e-06,6.975546666666667e-05,1.5802400000000001e-26,1.0158195555555555e-06,0.0004357017777777778,0.00030772666666666667,3.0631244444444444e-08,0.05195595555555556,0.00211124,0.011350142222222222,0.08400711111111112,5.4604622222222225e-06,6.555924444444445e-07,0.086,1308.335111111111,1.6902666666666666,0.05346666666666667,1.6902666666666666,40.73433084444444,-111.87211,307.7868888888889,19.517333333333333,876.8177777777778,110.73431111111111,1.875111111111111,425956.2666666667,1952.7506666666668,146.1608888888889,13847183.730222223,0.0005369714285714,3.976190476190477e-06,0.0006014653968253,9.579206349206347e-05,5.596253968253968e-05,0.0001020987301587,0.0002356285714285,0.1392851511111111,1.6895217777777778,2.5724222222222224,7.532197427694528,0.1874371105228105,0.97184410997891,1.6767663302142304,0.0012392052725052,0.2100520447330447,2.969084997968698,0.0037518071373071,2.6351548757242758,1.064096100910201,0.0571306071040071,0.1876880069042069,0.013872009002109,0.004967423215384262,0.0717007636474636,0.0360677769896769,0.00183083873015866,0.0191539037407037,0.3566142316572316,0.0291184000222,0.009117925008325,0.0020651795093795,3.2247500000000002,0.1715,0.08166526495326311,0.00475,0.00041666666666666675,0.073,0.4275,0.194,0.06999999999999999,0.008749999999999999,0.00975,0.01610929268141974,1.2182895920242522,0.22050000000000003,0.09925,0.00525,1.1912500000000001,0.0056939215126873555,0.2937047439642805,0.0125,0.025500000000000002,0.27675,0.0655,0.1276749497107524,0.16507653182664853,0.05909771679228665,0.006,0.00825,0.07400000000000001,0.20275,0.0014080228747798329,0.009,0.05580592738539514,0.1855,0.01125,0.0245,0.05725,0.007,0.01,0.1265,0.002576257152512154,0.0032500000000000003,0.019091533185804047,0.006160836761278292,0.011,0.0025,0.010443824616110962,0.007665320222203253,0.00375,0.0095,0.008,0.05325,0.007,0.00275,0.04425,0.034,0.009377112124435635,0.0061533158730158,0.0273670495238095,0.1391086549206349,0.0035162012698412,0.0003555777777777,0.3805616603174603,5400.0,5459.0,871.2364,36.30797333333333,210.77570222222224,29.224048888888888,1.7742222222222221,0.1753377777777778,0.007195555555555556,27.86394976888889,24.64581331111111,21.44575016888889,19.234541746666665,16.75433948,14.195552031111111,12.015252231111111,10.389876355555554,8.823767848888888,7.641556515555555,6.929756302222222,6.452542004444444,6.1790259022222225,5.4639629733333335,4.3076999733333325,12.230480626666667,4.059102484444444,1.1426510444444444,0.5155472666666667,0.09425295111111112,0.06701706222222222,0.03898010666666666,0.03635877333333334,0.027360444444444448,0.021116533333333333,0.024158608888888888,0.01710308,0.017039106666666668,0.01639334222222222,0.02163696,0.02727796888888889,0.021156266666666666,0.013931724444444444,0.011243333333333334,0.010152537777777778,0.01932228888888889,3.283706711111111,13657980.888888888,1900.964355555556,0.3625487706305381,0.09331967160950444,0.0,0.026836578941847017,1.2845335419897561,0.0282444444444444,0.034821968292788136,0.06387708333333333,0.013872009002109,0.12130834090403157,0.0,0.0,0.0076444444444444,0.05325,0.2619531462585034,0.0315888888888888,0.0,3.2271174729336365,0.08243397183825553,0.0,0.028978448603453312,0.0,0.025500000000000002,0.14056001229956688,0.06432706274892563,0.08862776324092256,0.10603836695755764,0.0309378725393643,0.012407880903403341,0.005940236652797794,0.11930868209609824,0.005602079940377255,0.5361626434598304,0.03414784312379393,0.003657779958390021,0.3466139404233493,0.30307407177136797,0.0008760714285714286,0.013676785714285614,0.4639965806130625,0.0027276888370450845,0.006814978084885003,1.416511179467133,0.035514540816326524,0.04928982965676115,0.03819286876366692,0.022547842261904764,0.031486734693877506,0.04122686824121264,0.0159003890552447,0.014929960317460312,0.14611190476190478,0.0,0.0,,,,0.05492921589123231,0.0285,0.3036939112201842,2.9757239679605467,1.551801403365337,54.535305252867275,611.45831,770.13641,1.0749238467546192,2024-08-06 01:30:00
2024-08-05 19:45:00,58.76711111111111,1.0,0.0202243774603174,0.2875840762222453,0.0026472762307953998,0.020406938809523524,0.8074596917460317,0.0015053925777777778,0.002267448888888889,0.008732497777777777,3.239924444444445e-26,1.6300893333333333e-06,4.1803066666666665e-06,4.509631111111111e-05,1.2182684444444445e-26,5.434297777777778e-07,0.0002883422222222222,0.0002031151111111111,1.8004791111111113e-08,0.03938813333333333,0.0014055657777777776,0.008983457777777778,0.0646132,3.5020355555555558e-06,3.6634266666666667e-07,0.086,1308.8075555555556,1.0097333333333334,0.053422222222222225,1.0097333333333334,40.734335155555556,-111.87211,307.2726666666666,19.803555555555555,877.0302222222222,128.00822222222223,2.0533333333333332,428764.84444444446,1954.3573333333331,163.79644444444446,13440114.163111111,0.0005982149206349,1.4808456913456915e-05,0.0006392346031746,0.0001063171428571,9.895301587301589e-05,0.0001194514285714,0.0006400143206793,0.1793133466666666,2.638147555555556,3.5459244444444447,7.8118004531746035,0.1886145142857143,1.0678413317460318,1.924844533068783,0.0020772756613756,0.2153535378306878,3.0185731843915344,0.0053113373015873,2.3095660365079365,1.009579621957672,0.0701234412698412,0.1920977756613756,0.0166136428571428,0.004974646671588449,0.0788799124338624,0.0384424621693121,0.0022626039682539,0.0221185378306878,0.3119709986772487,0.0280642359788359,0.0073105256613756,0.0025348552910052,3.282875,0.16725,0.08740222084926266,0.004375,0.000375,0.073,0.42825,0.194,0.0715,0.008875,0.009375,0.017237361528452875,1.247002078155866,0.17875000000000002,0.097125,0.005125,1.3291250000000003,0.0059776436377211835,0.2781638042426894,0.01125,0.02325,0.282875,0.052250000000000005,0.13099895970898895,0.14211814622812338,0.051040652046712695,0.005,0.007124999999999999,0.07,0.185875,0.0013196422806492681,0.009,0.05909642806878515,0.17625000000000002,0.010124999999999999,0.02225,0.053625000000000006,0.006500000000000001,0.009000000000000001,0.11975,0.002861969551238132,0.003125,0.020596215957501107,0.005020976221491341,0.0095,0.0022500000000000003,0.011614423552420223,0.008176304714942332,0.002875,0.00775,0.007,0.048625,0.006500000000000001,0.002375,0.040624999999999994,0.031,0.01035388649664308,0.006538706031746,0.0263605949206349,0.1218151495238095,0.0036084292063492,0.0003832631746031,0.3901847330158731,6300.0,6359.0,871.4429066666667,36.25224,209.8381288888889,28.920448888888888,1.7420933333333333,0.1740888888888889,0.0071066666666666665,28.188049182222223,24.849243217777776,21.54097339111111,19.18862518222222,16.692336804444444,14.1501798,11.953787582222223,10.209062453333333,8.70790683111111,7.566646475555555,6.7756619733333325,6.39871932,5.942123173333333,5.385737648888889,4.184751533333333,11.997494937777779,3.977611813333333,1.1305970977777777,0.5059515511111111,0.09453922222222223,0.07420422666666666,0.037828577777777775,0.03792368888888888,0.03195551111111111,0.026405142222222223,0.020907386666666663,0.016254315555555555,0.01917476,0.0175698,0.018866302222222225,0.02104876,0.020305844444444443,0.016927786666666667,0.010030564444444445,0.011235902222222222,0.01745693333333333,3.382695377777778,13282119.555555556,1902.82,0.3252363662999166,0.09191106507767755,0.0,0.026988187823792198,1.285510388635949,0.0282444444444444,0.03499139440213263,0.06392604166666666,0.0166136428571428,0.12184890442164284,0.0,0.0,0.0076444444444444,0.048625,0.2629464710884354,0.0315888888888888,0.0,3.352320127303101,0.07474310997874145,0.0,0.0270568552330159,0.0,0.02325,0.1308997482257545,0.06157715830118972,0.08516273890436722,0.10078738578242734,0.029809657029620344,0.012108566272807129,0.005372591750718073,0.11608017548238016,0.005199976449070689,0.5412912928026732,0.03331858930769077,0.002863311192941775,0.3407605686865216,0.2984783850688123,0.0009158928571428572,0.013714821428571328,0.45317266217895014,0.0022768951272946116,0.00671692240642676,1.579137114169288,0.03559247448979591,0.048833447973965605,0.037821787574830575,0.022632403273809526,0.03153418367346934,0.04074488385582621,0.01570468367270075,0.014924503968253964,0.14609880952380952,0.0,0.0,,,,0.0466744480834816,0.03075,0.3273720954537223,3.92156863786672,2.2812306037611276,55.435060342613745,633.33331,724.95911,1.0710225032355498,2024-08-06 01:45:00
2024-08-05 20:00:00,57.93377777777778,1.0,0.02120796,0.2856535269807291,0.0026528193938633,0.020311070475758433,0.81103176,0.0008003516888888889,0.0013331795555555556,0.005235439999999999,2.3505333333333336e-26,8.791164444444445e-07,2.41296e-06,2.601515555555556e-05,8.912577777777778e-27,2.6724222222222223e-07,0.00016781728888888887,0.00011857288888888889,9.550324444444444e-09,0.024683955555555557,0.0008131408888888889,0.005988786666666667,0.04128817777777778,2.0060844444444446e-06,1.898128e-07,0.086,1309.4013333333335,1.2486666666666666,0.05346666666666667,1.2486666666666666,40.73434,-111.87211,306.8353333333333,20.168,877.088888888889,120.91151111111111,1.8088888888888888,428416.53333333327,1953.6133333333332,156.7591111111111,13299467.004,0.0008165644444444,2.6381934238600906e-05,0.0005985555555555,9.92e-05,0.0001727333333333,0.0001227022222222,0.0006064177777777,0.2338350296459096,2.9099893943833943,4.090054664224664,7.505990463921264,0.1873897863469863,1.0346152346801347,1.933074079187479,0.0017163343767343,0.204762677093277,3.0129362421393417,0.0040566285603285,2.124360458286158,0.9751021354978354,0.0541048438894438,0.1927544907055907,0.0127448838383838,0.004981870127792636,0.0832040844821844,0.0394472155659155,0.0021844476025131626,0.0208544879786879,0.2698383475635476,0.0275434656787656,0.0089514426943426,0.0024957884633884,3.341,0.163,0.048,0.004,0.0003333333333333334,0.073,0.429,0.194,0.073,0.009,0.009,0.015,0.988,0.137,0.095,0.005,1.467,0.006261365762755011,0.287,0.01,0.021,0.289,0.039,0.138,0.117,0.033,0.004,0.006,0.066,0.169,0.0012312616865187034,0.009,0.052,0.167,0.009,0.02,0.05,0.006,0.008,0.113,0.003,0.003,0.019,0.0038811156817043905,0.008,0.002,0.011,0.007,0.002,0.006,0.006,0.044,0.006,0.002,0.037,0.028,0.01,0.0063594266666666,0.0257341733333333,0.12362804,0.0036718577777777,0.0004346622222222,0.4362282044444444,7200.0,7259.0,871.5200177777778,36.04567111111111,210.09255111111113,28.985173333333332,1.752911111111111,0.1747777777777778,0.007257777777777778,28.29347916888889,24.907572039999998,21.48125758666667,19.193464208888887,16.689918626666667,14.100694062222223,12.010267093333335,10.282660195555556,8.755926204444444,7.554050444444444,6.775933800000001,6.355738088888889,5.932125288888889,5.404678782222222,4.200580666666666,12.064153813333332,3.949483271111111,1.13366876,0.5119454933333334,0.09237158666666666,0.07947938666666668,0.03940718222222222,0.033755346666666665,0.02945944,0.02230779111111111,0.01925344,0.01929139111111111,0.01972971111111111,0.018238960000000002,0.021209862222222223,0.025481946666666665,0.020698013333333334,0.01811210666666667,0.007505288888888889,0.010771946666666666,0.017834426666666667,3.336410577777777,13113417.777777776,1902.868311111111,0.2879239619692951,0.09050245854585065,0.0,0.027139796705737382,1.2864872352821417,0.0282444444444444,0.03516082051147712,0.06397499999999999,0.0127448838383838,0.1223894679392541,0.0,0.0,0.0076444444444444,0.044,0.26393979591836736,0.0315888888888888,0.0,3.156158939537778,0.06705224811922739,0.0,0.025135261862578487,0.0,0.021,0.12123948415194215,0.058827253853453804,0.08169771456781189,0.09553640460729704,0.028681441519876387,0.011809251642210916,0.004804946848638352,0.11285166886866208,0.004797872957764122,0.546419942145516,0.032489335491587605,0.002068842427493529,0.3349071969496939,0.2938826983662567,0.0009557142857142858,0.013752857142857042,0.44234874374483785,0.0018261014175441394,0.006618866727968517,1.7417630488714435,0.0356704081632653,0.04837706629117005,0.03745070638599424,0.022716964285714285,0.03158163265306118,0.040262899470439775,0.0155089782901568,0.014919047619047613,0.1460857142857143,0.0,0.0,,,,0.039383643372716715,0.033,0.35962372299744505,4.19261351176328,2.6889384261628613,53.0,655.20831,678.46021,0.9842718523016648,2024-08-06 02:00:00
2024-08-05 20:15:00,55.38622222222222,1.0,0.0203214266666666,0.28372297773921284,0.0026583625569312,0.020215202141993342,0.8514732444444445,0.00040667537777777776,0.0006132124444444445,0.002313410666666667,1.540997777777778e-26,3.989057777777778e-07,1.1862306666666666e-06,1.2829475555555555e-05,5.849222222222222e-27,1.1803684444444445e-07,8.219457777777778e-05,5.941222222222222e-05,4.346555555555555e-09,0.01063312888888889,0.00039838266666666666,0.0027013822222222224,0.01789711111111111,9.809471111111111e-07,8.754439999999999e-08,0.086,1309.0493333333332,2.5199555555555553,0.05444444444444444,2.5199555555555553,40.73434,-111.87211,305.69755555555554,21.076888888888888,877.0591111111112,113.46222222222222,1.804888888888889,427878.1333333333,1952.832888888889,139.8711111111111,13566872.565333333,0.0008253866666666,3.7955411563744895e-05,0.0006462711111111,7.32e-05,0.0001784444444444,0.0003070177777777,0.0004133244444444,0.1038760686531986,1.9220226212121208,2.7573198063973066,7.126277155555556,0.1872701333333333,0.9105512888888888,1.8115028444444443,0.0014854666666666,0.1960246666666666,2.9349580000000004,0.0052695555555555,2.1279232,0.9065144,0.0368183111111111,0.1712944444444444,0.0096614222222222,0.004989093583996823,0.0747984,0.0360812444444444,0.002106291236772425,0.0200627555555555,0.3009350222222222,0.0294169333333333,0.0072903111111111,0.0027982666666666,3.35025,0.1655,0.07269641760476377,0.004375,0.00029166666666666675,0.073,0.428875,0.19375,0.072,0.009,0.009375,0.0165960282503153,1.2252524661879498,0.15175,0.096375,0.0053750000000000004,1.3555000000000001,0.005978695042410634,0.24878313930225332,0.010750000000000001,0.022750000000000003,0.300625,0.043375,0.11531775627869756,0.1364427462627054,0.04904891509368676,0.00425,0.006500000000000001,0.06875,0.17425000000000002,0.0013273539757038654,0.009,0.05722570218574827,0.171,0.01,0.021375,0.053375000000000006,0.006625,0.008875000000000001,0.116375,0.002577877501533303,0.0030009126395602334,0.019740768936632118,0.004145976221491342,0.008625,0.002125,0.010450463385898567,0.007668218147621694,0.0022500000000000003,0.006625,0.00625,0.045875,0.006125,0.0022500000000000003,0.039,0.03,0.009382651664913918,0.0054368844444444,0.0221175822222222,0.12397936,0.0034744177777777,0.0004323466666666,0.3854308222222222,8100.0,8159.0,871.4794844444444,35.74319555555555,203.28148000000002,27.91861777777778,1.5870977777777777,0.16535555555555556,0.007017777777777778,26.816894111111115,23.749635577777777,20.491449746666667,18.312033217777774,16.12724188888889,13.822690768888888,11.717359284444445,10.040508044444444,8.53536951111111,7.474119648888888,6.6703746088888884,6.274650662222222,5.838201115555555,5.303851679999999,4.107037724444444,11.965424626666668,3.9822162088888886,1.1297089511111111,0.4913985777777778,0.0861026488888889,0.07184505333333333,0.035419155555555554,0.031672551111111114,0.024440399999999998,0.025544204444444444,0.015439275555555555,0.017622084444444446,0.012072,0.014963617777777776,0.016385306666666665,0.024675097777777776,0.014964297777777778,0.011814982222222221,0.00739488,0.007567328888888889,0.013383599999999999,2.971492177777778,13378544.444444444,1901.414355555556,0.30110618864897576,0.09141390983115041,0.0,0.027291405587682564,1.3275147944222385,0.0282444444444444,0.03533024662082161,0.06402395833333333,0.0096614222222222,0.12293003145686537,0.0,0.0,0.0076444444444444,0.045875,0.26493312074829933,0.0315888888888888,0.0,2.859262420728572,0.0685904204911302,0.0,0.02630956892229024,0.0,0.022750000000000003,0.12442919398763491,0.06066052348527774,0.08492377170874271,0.0984334976694379,0.02908437563049923,0.012108566272807129,0.005301636137958108,0.11507126716559325,0.004898398830590764,0.5561539092656055,0.032696648945613395,0.0025455236867624764,0.33743838472778154,0.2961805417175345,0.0009955357142857144,0.013790892857142757,0.4457161850354506,0.0019387998449817575,0.006520811049510275,1.6102468804631729,0.035748341836734684,0.047920684608374495,0.03707962519715789,0.022801525297619047,0.03162908163265302,0.03978091508505334,0.015313272907612849,0.014913591269841264,0.14607261904761906,0.0,0.0,,,,0.044633838183905226,0.033125,0.28274810623591157,3.207543183358864,1.6903421215077943,52.31259822231198,677.08331,631.56195,1.0208159435763047,2024-08-06 02:15:00
2024-08-05 20:30:00,53.808,1.0,0.0223342755555555,0.2817924284976966,0.0026639057199991,0.020119333808228248,0.8979102133333333,0.0001677878977777778,0.00020734217777777778,0.000710464,7.80552e-27,1.3413471111111112e-07,4.271282222222222e-07,4.688146666666666e-06,2.9699653333333334e-27,4.3514266666666665e-08,2.9929733333333332e-05,2.217525777777778e-05,1.5090408888888888e-09,0.002691720888888889,0.00014703364444444445,0.0005560145777777777,0.004111468444444444,3.559968888888889e-07,3.2462435555555556e-08,0.086,1308.796,2.4157777777777776,0.04973333333333333,2.4157777777777776,40.73434,-111.87211,304.58155555555555,22.17777777777778,876.9915555555556,112.46133333333334,1.8097777777777777,428465.5999999999,1953.0062222222225,142.46222222222224,13663550.119555555,0.0007914133333333,4.952888888888889e-05,0.0006074933333333,5.228e-05,0.0001382311111111,0.0005773688888888,0.0005655777777777,0.1171173545132645,2.155890355089355,3.025104578643578,7.1165172,0.1886272888888888,0.9305932444444444,1.924626355555556,0.0016444888888888,0.1905622666666666,2.9343917333333334,0.0060699111111111,1.8814504444444444,0.8401427111111112,0.0390428444444444,0.1752597333333333,0.0099757333333333,0.00499631704020101,0.0782134666666666,0.0358557777777777,0.0020281348710316873,0.0191252444444444,0.2729473777777777,0.0275182666666666,0.0084475111111111,0.0029860888888888,3.3595,0.168,0.07367865515660392,0.00475,0.00025,0.073,0.42874999999999996,0.1935,0.071,0.009,0.00975,0.017132642051175154,1.221415148871067,0.1665,0.09775,0.00575,1.244,0.005696024322066258,0.2298626507442781,0.0115,0.0245,0.31224999999999997,0.04775,0.11830672477985446,0.1220497220514418,0.04399779651842361,0.0045000000000000005,0.007,0.07150000000000001,0.1795,0.0014234462648890275,0.009,0.058790968422015505,0.17500000000000002,0.011,0.02275,0.05675,0.0072499999999999995,0.00975,0.11975000000000001,0.0025507502752725193,0.003001825279120467,0.020456535127084306,0.004410836761278293,0.00925,0.0022500000000000003,0.010339319794134636,0.007619702255374472,0.0025,0.0072499999999999995,0.006500000000000001,0.04775,0.00625,0.0025,0.040999999999999995,0.032,0.00928991092450937,0.0051170533333333,0.0202206488888888,0.1201117066666666,0.0038866222222222,0.0004455288888888,0.3383095688888889,9000.0,9059.0,871.43652,35.14799111111111,197.18084,27.050875555555557,1.5254844444444444,0.16368444444444444,0.006848888888888889,25.95605677777778,23.006847853333333,19.92768393777778,17.936928564444443,15.688537168888889,13.356439315555555,11.291885208888889,9.67818393777778,8.246533662222223,7.232710666666667,6.376431257777778,6.125132106666666,5.662445377777777,5.0770292,4.040512062222223,11.703953613333335,3.9058618444444444,1.078081271111111,0.4733241111111111,0.08431336888888888,0.06726183555555557,0.03578542666666666,0.03299548,0.027334284444444447,0.02449760888888889,0.016822471111111112,0.015137324444444444,0.010405711111111111,0.01539857777777778,0.013556817777777778,0.019139306666666668,0.014054044444444445,0.012650671111111112,0.006057977777777779,0.008100413333333332,0.012773284444444446,2.8349526222222226,13474388.888888888,1901.166355555556,0.31428841532865637,0.09232536111645016,0.0,0.027443014469627745,1.3685423535623356,0.0282444444444444,0.035499672730166104,0.06407291666666666,0.0099757333333333,0.12347059497447664,0.0,0.0,0.0076444444444444,0.04775,0.2659264455782313,0.0315888888888888,0.0,2.764056730992997,0.07012859286303302,0.0,0.02748387598200199,0.0,0.0245,0.12761890382332766,0.06249379311710169,0.08814982884967354,0.10133059073157875,0.02948730974112207,0.012407880903403341,0.005798325427277863,0.11729086546252443,0.004998924703417405,0.5658878763856948,0.032903962399639185,0.003022204946031424,0.33996957250586923,0.2984783850688123,0.001035357142857143,0.013828928571428471,0.4490836263260633,0.002051498272419376,0.006422755371052032,1.4787307120549023,0.03582627551020407,0.04746430292557894,0.03670854400832155,0.02288608630952381,0.03167653061224485,0.03929893069966691,0.0151175675250689,0.014908134920634915,0.1460595238095238,0.0,0.0,,,,0.03945877600867337,0.03325,0.29058082519143963,3.440725281856124,1.8909888461263424,50.85501139581119,698.95831,585.24152,1.1411530905851632,2024-08-06 02:30:00
2024-08-05 20:45:00,52.37555555555556,1.0,0.0235483777777777,0.2798618792561804,0.0026694488830669998,0.020023465474463157,0.9599836711111112,4.450642577777778e-05,3.988550222222222e-05,0.00012816058222222222,2.0774354222222224e-27,2.765111111111111e-08,8.808994666666667e-08,9.682915111111112e-07,8.276148888888889e-28,1.0870331555555555e-08,6.1072328888888895e-06,4.572944888888889e-06,3.266590666666667e-10,0.00041623697777777775,2.9892955555555554e-05,6.409691555555555e-05,0.0005689478222222223,7.363519111111111e-08,7.842113333333334e-09,0.086,1308.5013333333334,1.827822222222222,0.04995555555555556,1.827822222222222,40.73434,-111.87211,303.6842222222222,23.256444444444448,876.9897777777777,112.8208,1.9471111111111112,429036.4,1952.7373333333333,141.9586666666667,13774381.581777778,0.0007466133333333,4.988345950345951e-05,0.0005387333333333,4.792444444444445e-05,0.0001153688888888,0.0007877377777777,0.0005699066666666,0.1146475022222222,2.056305777777778,2.8533262222222224,6.924894311111111,0.1851630222222222,0.951984,1.9877239111111111,0.0013916444444444,0.1952527555555555,2.9544284,0.006638,1.772705377777778,0.8038124444444444,0.0393183555555555,0.1793951111111111,0.0087406222222222,0.005003540496405197,0.0828868888888889,0.0387118222222222,0.00194997850529095,0.0205699555555555,0.2572662666666667,0.0319621333333333,0.0084548888888888,0.0026095111111111,3.3687500000000004,0.1705,0.07380030645093495,0.005125,0.00020833333333333337,0.073,0.428625,0.19325,0.06999999999999999,0.009,0.010125,0.017866982872737348,1.2209942818104977,0.18125000000000002,0.099125,0.006125,1.1325,0.005413353601721882,0.21950603022908238,0.01225,0.026250000000000002,0.32387499999999997,0.052125,0.12142390344312845,0.11398549884288459,0.041167720848021096,0.00475,0.0075,0.07425,0.18475,0.0015195385540741897,0.009,0.06093299103131518,0.17900000000000002,0.012,0.024125,0.060125,0.007875,0.010624999999999999,0.12312500000000001,0.0028943778500298573,0.0030027379186807,0.021436040930887475,0.004675697301065244,0.009875,0.002375,0.011747204349691717,0.008234265581157692,0.00275,0.007875,0.00675,0.049624999999999996,0.0063750000000000005,0.00275,0.043,0.034,0.01046468181335931,0.00477584,0.01830828,0.1157122666666666,0.0041396355555555,0.0004229422222222,0.3080660622222222,9900.0,9959.0,871.4423333333333,34.85790222222222,194.36191555555556,26.612746666666666,1.4787377777777777,0.16133333333333333,0.006542222222222223,25.601524657777777,22.71863808,19.629418951111113,17.588071706666668,15.30923376888889,13.221054955555555,11.106728995555557,9.524073079999999,8.12523856888889,7.16593144,6.339553844444444,5.979032062222222,5.636946324444444,5.013602462222222,3.9841810577777776,11.659340271111112,3.8604914133333335,1.0510345155555556,0.4560529466666666,0.07843145777777778,0.06871661333333333,0.03275172888888889,0.02221573777777778,0.025986586666666665,0.021876031111111114,0.01741956444444444,0.014616893333333332,0.011854360000000001,0.013172315555555555,0.015733248888888888,0.019905600000000002,0.011420493333333333,0.011976928888888887,0.007314471111111112,0.006728351111111111,0.01162095111111111,2.6899895555555555,13582795.555555554,1901.1391555555556,0.32747064200833703,0.09323681240174991,0.0,0.02759462335157293,1.4095699127024324,0.0282444444444444,0.035669098839510596,0.064121875,0.0087406222222222,0.12401115849208791,0.0,0.0,0.0076444444444444,0.049624999999999996,0.2669197704081633,0.0315888888888888,0.0,2.497798461012088,0.07166676523493583,0.0,0.02865818304171374,0.0,0.026250000000000002,0.13080861365902044,0.06432706274892563,0.09137588599060437,0.1042276837937196,0.029890243851744915,0.012707195533999556,0.00629501471659762,0.1195104637594556,0.005099450576244047,0.5756218435057843,0.033111275853664975,0.003498886205300371,0.3425007602839569,0.30077622842009016,0.0010751785714285715,0.013866964285714186,0.45245106761667603,0.0021641966998569937,0.006324699692593789,1.3472145436466316,0.03590420918367346,0.047007921242783385,0.0363374628194852,0.02297064732142857,0.03172397959183669,0.038816946314280475,0.01492186214252495,0.014902678571428565,0.14604642857142858,0.0,0.0,,,,0.03655925636035844,0.033375,0.2891198146021474,3.341432658925652,1.7622781495203204,49.53205945500238,720.83331,540.47406,1.4888599989741174,2024-08-06 02:45:00
2024-08-05 21:00:00,51.75111111111111,1.0,0.0238980177777777,0.27793133001466414,0.0026749920461349,0.019927597140698066,1.0249155955555556,1.0571443555555555e-05,3.1442045333333334e-06,9.227705777777777e-06,1.8523205066666668e-28,2.734023511111111e-09,8.224901244444445e-09,8.831889955555555e-08,7.365684044444445e-29,1.1903444444444445e-09,5.384975511111112e-07,4.045842088888889e-07,3.2911420444444445e-11,2.5166448444444447e-05,2.5740802666666664e-06,3.048726711111111e-06,3.1501700444444446e-05,6.7672335111111105e-09,8.343749777777778e-10,0.086,1307.676,1.9992888888888887,0.050488888888888896,1.9992888888888887,40.73434,-111.87211,303.02377777777775,23.977777777777778,877.0364444444444,114.65982222222222,1.803111111111111,429956.08888888895,1952.8657777777776,140.86844444444444,13694887.80311111,0.0007412622222222,2.6985714285714296e-05,0.0004783111111111,5.46e-05,0.0001295422222222,0.00099848,0.0005255911111111,0.1067288311111111,1.9414626666666663,2.6332244444444446,7.181854444444444,0.1883933333333333,0.9501475555555556,1.946348,0.0021893777777777,0.1947162666666666,2.954652311111111,0.0061942222222222,1.594985511111111,0.7625109777777778,0.0414251555555555,0.1859850666666666,0.0061490666666666,0.005010763952609384,0.0837045333333333,0.0388067555555555,0.0018718221395502125,0.0204414666666666,0.2333604444444444,0.0332393333333333,0.0063970666666666,0.0023533777777777,3.378,0.173,0.0747305591215551,0.0055,0.00016666666666666674,0.073,0.4285,0.193,0.069,0.009,0.010499999999999999,0.017995460391893224,1.2181795614201754,0.196,0.1005,0.006500000000000001,1.021,0.005130682881377505,0.20773227638047298,0.013000000000000001,0.028000000000000004,0.3355,0.056499999999999995,0.12639130181724753,0.10169160684645015,0.03685327620358891,0.005,0.008,0.077,0.19,0.0016156308432593517,0.009,0.06130775128260173,0.183,0.013000000000000001,0.025500000000000002,0.0635,0.0085,0.0115,0.1265,0.0029057998400343924,0.0030036505582409336,0.02160741159690016,0.004940557840852195,0.010499999999999999,0.0025,0.011794001651487036,0.008254693325261776,0.003,0.0085,0.007,0.0515,0.006500000000000001,0.003,0.045,0.036,0.01050373054616121,0.0045800044444444,0.0169688488888888,0.1139821688888889,0.0042310711111111,0.0003511466666666,0.2851124311111111,10800.0,10859.0,871.5006311111111,34.47604888888888,190.27035555555554,26.442408888888888,1.5536533333333333,0.17015111111111111,0.0067644444444444445,25.024164115555557,22.09843052888889,19.272975551111113,17.107709244444443,15.037395813333335,12.783675804444444,10.928560933333333,9.356768835555556,8.049870266666666,7.003305346666667,6.243296671111111,5.860880995555556,5.434827862222222,4.937206657777778,3.8517074711111112,11.525736297777778,3.7868911155555556,1.0870200133333334,0.4490898888888889,0.07945204888888888,0.07259030666666666,0.032461515555555556,0.03052083555555556,0.026846795555555556,0.02091328,0.019975786666666665,0.016224568888888888,0.012970275555555555,0.014968359999999998,0.02001860888888889,0.023108359999999998,0.012657862222222222,0.015215253333333335,0.009563404444444446,0.009321915555555556,0.014011204444444444,2.5871346222222225,13518020.444444444,1900.9572444444443,0.3406528686880177,0.09414826368704968,0.0,0.02774623223351811,1.4505974718425292,0.0282444444444444,0.03583852494885509,0.06417083333333333,0.0061490666666666,0.12455172200969916,0.0,0.0,0.0076444444444444,0.0515,0.26791309523809526,0.0315888888888888,0.0,2.431028843951111,0.07320493760683865,0.0,0.029832490101425493,0.0,0.028000000000000004,0.1339983234947132,0.06616033238074957,0.0946019431315352,0.10712477685586047,0.030293177962367756,0.013006510164595768,0.006791704005917375,0.12173006205638678,0.005199976449070689,0.5853558106258736,0.03331858930769077,0.003975567464569318,0.3450319480620445,0.30307407177136797,0.001115,0.0139049999999999,0.4558185089072887,0.002276895127294612,0.006226644014135547,1.215698375238361,0.035982142857142844,0.04655153955998783,0.035966381630648865,0.023055208333333334,0.03177142857142853,0.038334961928894046,0.014726156759981,0.014897222222222216,0.14603333333333335,0.0,0.0,,,,0.03213894451183498,0.0335,0.28443562260070054,3.226926235987888,1.597359508242183,50.0,742.70831,488.24802,4.106881860853998,2024-08-06 03:00:00
2024-08-05 21:15:00,51.28355555555556,1.0,0.0282087199999999,0.27600078077314794,0.0026805352092028,0.019831728806932975,1.0664484933333334,5.070442222222222e-06,1.0320803155555554e-07,3.068005911111111e-07,2.653023835142976e-30,8.441611019555556e-11,2.5795165964444445e-10,2.801095377777778e-09,1.0491644047506531e-30,3.641458690044445e-11,1.7238126622222223e-08,1.2997314137777777e-08,1.0161491024e-12,8.587052311111112e-07,8.343156533333334e-08,1.0658775555555554e-07,1.1017942666666667e-06,2.1402227737777777e-10,2.5647319862222223e-11,0.086,1308.2675555555554,1.7970666666666666,0.04764444444444445,1.7970666666666666,40.73434,-111.87211,302.7602222222222,23.929333333333332,877.116888888889,122.31142222222223,1.8115555555555554,431828.0888888888,1953.191555555556,162.80488888888888,13397805.917333337,0.0007574222222222,3.0090476190476202e-05,0.0004623866666666,7.04311111111111e-05,0.0001226666666666,0.0011567466666666,0.0007316044444444,0.1856471599999999,2.752488888888889,3.450935555555555,8.153696133333334,0.1927031111111111,0.9614557777777776,2.1681192,0.0021180888888888,0.1865039555555555,3.304707333333333,0.0053744444444444,1.2935988444444446,0.7055632000000001,0.0512457777777777,0.1831302666666666,0.0076952444444444,0.005017987408813571,0.0949068888888888,0.0439810666666666,0.001793665773809475,0.0182169333333333,0.1947074666666666,0.0330086666666666,0.0055282222222222,0.0027183555555555,3.38725,0.1755,0.07906683216568543,0.005875,0.000125,0.073,0.428375,0.19275,0.068,0.009,0.010875,0.01975570087326507,1.2401017838982362,0.21075,0.101875,0.006875,0.9095,0.004848012161033129,0.191498249555416,0.01375,0.029750000000000002,0.347125,0.060875,0.12423940128333874,0.0818137909017281,0.029877313134238057,0.00525,0.0085,0.07975,0.19525,0.0017117231324445138,0.009,0.06644225395246821,0.187,0.014,0.026875,0.066875,0.009125,0.012375,0.12987500000000002,0.003528351769017726,0.003004563197801167,0.02395532106477518,0.005205418380639147,0.011125,0.002625,0.014344673687824213,0.009368101014440787,0.0032500000000000003,0.009125,0.00725,0.053375,0.006625,0.0032500000000000003,0.047,0.038,0.01263206929628469,0.0045072977777777,0.0161499111111111,0.1096889511111111,0.0045141022222222,0.0003164533333333,0.2529292133333333,11700.0,11759.0,871.6438533333334,34.01438666666667,192.08685333333332,26.793853333333335,1.5905155555555555,0.17172,0.006853333333333334,25.33080987111111,22.177463622222223,19.39754340444444,17.37419019111111,15.245533475555556,12.870954004444446,10.958992955555555,9.520172755555556,8.057315955555556,7.097493728888889,6.246591035555555,5.820268577777778,5.450035351111111,4.940514333333334,3.9161859511111112,11.703131964444445,3.934117377777778,1.134709048888889,0.4784577688888889,0.08618605777777778,0.06751181333333332,0.03245622222222223,0.03553646222222222,0.02000004,0.01798736888888889,0.01891648888888889,0.016734404444444444,0.014687528888888888,0.013415062222222222,0.01988663111111111,0.025980484444444445,0.015793537777777776,0.013646631111111111,0.009616600000000001,0.010005320000000002,0.01397572888888889,2.5035456000000003,13233432.444444444,1902.3740444444445,0.35383509536769836,0.09505971497234944,0.0,0.02789784111546329,1.4916250309826262,0.0282444444444444,0.03600795105819958,0.06421979166666666,0.0076952444444444,0.12509228552731044,0.0,0.0,0.0076444444444444,0.053375,0.26890642006802723,0.0315888888888888,0.0,2.363536701447497,0.07474310997874146,0.0,0.031006797161137245,0.0,0.029750000000000002,0.13718803333040597,0.06799360201257351,0.09782800027246602,0.11002186991800134,0.030696112072990597,0.01330582479519198,0.0072883932952371305,0.12394966035331796,0.00530050232189733,0.5950897777459631,0.03352590276171656,0.004452248723838266,0.3475631358401322,0.3053719151226458,0.0011548214285714287,0.013943035714285614,0.4591859501979014,0.0023895935547322304,0.0061285883356773044,1.0841822068300904,0.03606007653061223,0.046095157877192275,0.03559530044181252,0.023139769345238096,0.031818877551020364,0.03785297754350761,0.01453045137743705,0.014891765873015866,0.1460202380952381,0.0,0.0,,,,0.02499180629322146,0.033625,0.33111878442948084,4.035574754100083,2.2100569919428166,48.523529228949876,764.58331,440.95932,1.0,2024-08-06 03:15:00
2024-08-05 21:30:00,50.92933333333333,1.0,0.0304377771428571,0.2740702315316317,0.0026860783722707,0.01973586047316788,1.1480475415873015,4.2673024e-06,3.123829445431111e-09,1.1524378941733333e-08,1.979861238995136e-33,1.4865803932337217e-12,4.659674754982466e-12,5.485407276676931e-11,7.229007268217359e-34,5.481868228709019e-13,3.7364946824991114e-10,2.73756726358109e-10,1.735845057882825e-14,4.395167756888889e-08,1.9442319772908778e-09,7.567300564444444e-09,6.328870105777778e-08,4.154647894018098e-12,3.8865716926697285e-13,0.086,1308.4840000000002,2.1772444444444448,0.0504,2.1772444444444448,40.73434,-111.87211,302.94777777777773,23.84711111111111,877.2031111111112,152.50497777777775,1.8955555555555557,432161.9111111111,1954.3613333333333,152.9791111111111,13338127.595111111,0.0006947552380952,3.319523809523811e-05,0.000539958095238,8.10831746031746e-05,0.0001060044444444,0.0015440234920634,0.0011775339682539,0.0644805897777777,2.6145582222222226,3.288889777777777,8.084470604351205,0.1919976377178377,1.0311232627039628,2.3305864219669217,0.0025354583083583,0.1800902462759462,3.1023677592185592,0.0081677505938505,1.1667047871794871,0.6864868851148851,0.0465877389055389,0.1882142136419136,0.0104355952158952,0.005025210865017758,0.1042172365967366,0.046388719036519,0.0017155094080687375,0.0227812882672882,0.1841967818514818,0.0333069077367077,0.0054901416472416,0.0033543585525585,3.3965,0.178,0.07701008586762552,0.00625,8.333333333333337e-05,0.073,0.42825,0.1925,0.067,0.009,0.01125,0.02121864773740685,1.2497796632173177,0.2255,0.10325,0.00725,0.798,0.0045653414406887525,0.1860601899918515,0.0145,0.0315,0.35875,0.06525,0.12807159555628186,0.07640852925771202,0.027980379099146194,0.0055,0.009000000000000001,0.08249999999999999,0.2005,0.001807815421629676,0.009,0.07070957120786657,0.191,0.015000000000000001,0.02825,0.07025,0.00975,0.01325,0.13325,0.0038180306451012025,0.0030054758373614003,0.025906683296053723,0.005470278920426098,0.01175,0.00275,0.015531523771078047,0.009886179383502768,0.0035,0.00975,0.0075,0.055249999999999994,0.00675,0.0035,0.049,0.039999999999999994,0.013622403995058364,0.0044087517460317,0.0154485558730158,0.1128177695238095,0.0051827507936507,0.0004660006349206,0.2464517282539682,12600.0,12659.0,871.7920177777778,33.67775555555556,188.97944,26.31408,1.531182222222222,0.1687288888888889,0.006831111111111111,24.806064066666668,21.759336791111114,18.98879917777778,17.151357893333333,14.973646008888888,12.67607656888889,10.76939224,9.379542746666667,7.952224671111111,6.973218413333333,6.134903457777778,5.739505902222222,5.378686782222222,4.873289173333333,3.8729843244444444,11.614518853333333,3.946637497777778,1.0919957511111111,0.4767258755555555,0.07888440444444446,0.06720260444444445,0.03687980444444445,0.02933512,0.027025528888888886,0.021757506666666666,0.019837297777777776,0.017238173333333332,0.012554955555555556,0.01522868888888889,0.018414506666666667,0.0204002,0.015481475555555556,0.010416537777777778,0.00883724888888889,0.007780995555555555,0.013326893333333334,2.474146,13160356.444444446,1902.9995111111111,0.367017322047379,0.09597116625764919,0.0,0.028049449997408472,1.532652590122723,0.0282444444444444,0.03617737716754407,0.06426875,0.0104355952158952,0.1256328490449217,0.0,0.0,0.0076444444444444,0.055249999999999994,0.2698997448979592,0.0315888888888888,0.0,2.42436092039835,0.07628128235064427,0.0,0.032181104220848994,0.0,0.0315,0.14037774316609872,0.06982687164439746,0.10105405741339685,0.11291896298014219,0.031099046183613442,0.013605139425788195,0.007785082584556886,0.12616925865024914,0.005401028194723972,0.6048237448660525,0.03373321621574235,0.004928929983107213,0.35009432361821985,0.30766975847392364,0.0011946428571428572,0.013981071428571329,0.46255339148851415,0.0025022919821698483,0.006030532657219062,0.9526660384218197,0.036138010204081625,0.04563877619439673,0.035224219252976176,0.02322433035714286,0.0318663265306122,0.037370993158121174,0.014334745994893101,0.014886309523809517,0.14600714285714286,0.0,0.0,,,,0.023048325571547373,0.03375,0.2594441977325664,3.8980484619210056,2.0886387564074727,48.19638287560684,786.45831,407.73004,1.0,2024-08-06 03:30:00
2024-08-05 21:45:00,49.64088888888889,1.0,0.0383429168253968,0.2721396822901154,0.0026916215353385998,0.01963999213940279,1.210076323809524,3.5300934666666667e-06,1.2196581333333334e-13,9.349020444444445e-13,0.0,4.7641637506714634e-21,2.1681839423715554e-19,3.1331693888e-17,0.0,8.136953552445295e-23,2.4120565333333336e-15,2.2804175276088886e-16,1.8961484062510577e-22,8.635964444444444e-12,5.215712844444444e-15,4.096791111111111e-12,1.7829475555555556e-11,3.391450419555556e-18,1.2044920986688196e-21,0.086,1308.156,1.596088888888889,0.052577777777777786,1.596088888888889,40.73433995555556,-111.87211,302.4895555555555,25.256444444444448,877.3448888888888,130.54715555555555,2.128,435019.15555555554,1957.0124444444443,156.91244444444445,13677454.819555556,0.0007270298412698,3.6300000000000015e-05,0.0006327209523809,8.860920634920634e-05,0.0001243917460317,0.0020645644444444,0.0013673761904761,0.122901068,3.0690586666666664,3.926138666666666,8.536655503968255,0.1978948066137566,1.1305908105820106,2.9333007547619045,0.0026476552910052,0.187204491005291,3.0689740320105816,0.0069997248677248,1.1028207960317462,0.6972269523809522,0.0921144129629629,0.2582141272486772,0.0200889505291005,0.0050324343212219454,0.1520704719576719,0.0709858486772486,0.0016373530423279999,0.0274035074074074,0.1892698105820106,0.0400320923280423,0.0045211137566137,0.0037631367724867,3.4057500000000003,0.1805,0.09711228357332688,0.006625000000000001,4.166666666666674e-05,0.073,0.428125,0.19225,0.066,0.009,0.011625,0.028737887921241198,1.28504859796886,0.24025000000000002,0.104625,0.007625,0.6865,0.004282670720344377,0.1891218465990789,0.01525,0.03325,0.370375,0.06962499999999999,0.1808363606760677,0.07901740280860603,0.028895942740255125,0.00575,0.0095,0.08524999999999999,0.20575,0.001903907710814838,0.009,0.09264268728367456,0.195,0.016,0.029625,0.073625,0.010374999999999999,0.014124999999999999,0.136625,0.0067774565815136596,0.0030063884769216337,0.03593627607367918,0.0057351394602130484,0.012375,0.002875,0.02765665683739981,0.015178987002842157,0.00375,0.010374999999999999,0.00775,0.057124999999999995,0.006875,0.00375,0.051,0.041999999999999996,0.02373989075455361,0.0043410507936507,0.0154290076190476,0.1096196841269841,0.0059306777777777,0.0006153253968253,0.2387244787301587,13500.0,13559.0,871.9303066666666,33.45373333333334,191.77932444444443,27.186355555555554,1.68516,0.17841333333333334,0.007177777777777779,25.136756942222224,22.13171745777778,19.235127097777777,17.205024604444443,15.18719668,12.92353863111111,11.132683177777778,9.44501884,8.035910008888889,7.0064571777777775,6.216854226666666,5.835362506666667,5.4057408222222225,4.897929035555555,3.8910103155555555,11.893907417777777,4.065024986666667,1.1421631066666669,0.48804554222222224,0.09196656888888889,0.07734770666666667,0.039615008888888886,0.03673948888888889,0.03126376,0.02873525777777778,0.02393875111111111,0.019623342222222225,0.018352733333333333,0.021124062222222222,0.01861231111111111,0.0257616,0.017897791111111113,0.013810231111111109,0.010792462222222222,0.010335457777777779,0.017916875555555555,2.5153847555555555,13471290.222222222,1905.278888888889,0.38019954872705963,0.09688261754294894,0.0,0.028201058879353657,1.5736801492628198,0.0282444444444444,0.036346803276888565,0.06431770833333333,0.0200889505291005,0.12617341256253298,0.0,0.0,0.0076444444444444,0.057124999999999995,0.2708930697278912,0.0315888888888888,0.0,2.433357557227936,0.07781945472254709,0.0,0.03335541128056074,0.0,0.03325,0.14356745300179147,0.0716601412762214,0.10428011455432767,0.11581605604228304,0.03150198029423628,0.013904454056384408,0.008281771873876641,0.12838885694718033,0.005501554067550613,0.6145577119861418,0.03394052966976814,0.00540561124237616,0.35262551139630754,0.30996760182520144,0.0012344642857142858,0.014019107142857043,0.4659208327791269,0.0026149904096074666,0.00593247697876082,0.8211498700135491,0.03621594387755101,0.045182394511601165,0.03485313806413984,0.02330889136904762,0.03191377551020404,0.036889008772734745,0.01413904061234915,0.014880853174603168,0.1459940476190476,0.0,0.0,,,,0.02398635517776653,0.033875,0.2940021094035359,4.351216437025798,2.566118865712474,47.00642393164012,808.33331,378.66968,1.0,2024-08-06 03:45:00
2024-08-05 22:00:00,49.96088888888889,1.0,0.0423095825396825,0.2702091330485992,0.0026971646984065,0.0195441238056377,1.264130399047619,2.8949376363858364e-06,0.0,0.0,0.0,0.0,0.0,0.0,0.0,0.0,0.0,0.0,0.0,0.0,0.0,0.0,0.0,0.0,0.0,0.086,1307.8675555555556,1.3793777777777776,0.05257777777777777,1.3793777777777776,40.734338711111114,-111.87211,301.0806666666666,27.229333333333333,877.4653333333333,116.23284444444444,2.2897777777777777,434060.6222222222,1955.7484444444444,160.092,13808873.046222225,0.0008158895238095,3.9404761904761915e-05,0.0006378368253968,6.671079365079365e-05,0.0001604123809523,0.0019616542857142,0.001109419047619,0.1631282488888888,2.7518960000000003,3.546072888888889,8.827813632970733,0.1975702371258371,1.0981949806822806,2.606276791456692,0.0026928912346912,0.1903065962925962,3.016674033795834,0.008632431094831,0.9752707659229659,0.6678450185000185,0.0739785853220853,0.2300845943056942,0.0153302155363155,0.0050396577774261325,0.1509664383542383,0.0713267319125319,0.0015591966765872625,0.0245908398490398,0.177267325049025,0.0370071455433455,0.0053395939911939,0.0036809908683908,3.415,0.183,0.06,0.007,0.0,0.073,0.428,0.192,0.065,0.009,0.012,0.023,1.324,0.255,0.106,0.008,0.575,0.004,0.207,0.016,0.035,0.382,0.074,0.14,0.082,0.034,0.006,0.01,0.088,0.211,0.002,0.009,0.084,0.199,0.017,0.031,0.077,0.011,0.015,0.14,0.004,0.003007301116481867,0.03,0.006,0.013,0.003,0.02,0.013,0.004,0.011,0.008,0.059,0.007,0.004,0.053,0.044,0.017,0.0043058323809523,0.015369932063492,0.1093763403174603,0.0061461003174603,0.0006540895238095,0.211283572063492,14400.0,14459.0,872.0584933333333,32.96620444444444,195.39988444444444,28.099804444444445,1.8256933333333334,0.18638666666666664,0.0074711111111111115,25.186964342222222,22.27175132,19.518954942222226,17.554626937777776,15.452693275555557,13.201217871111112,11.302632226666667,9.836209426666667,8.301284937777778,7.253248573333334,6.426811853333334,5.9982427199999995,5.5158888755555555,5.002189871111112,3.9318000533333333,12.188913142222223,4.184289271111111,1.1753564488888888,0.5240991911111111,0.10277965333333333,0.09116366666666667,0.04699869333333333,0.039000275555555554,0.034108511111111114,0.03266232,0.030372653333333333,0.024231426666666667,0.02002024,0.01842549777777778,0.02150532888888889,0.026567008888888893,0.024596666666666666,0.01402320888888889,0.011696506666666667,0.012947631111111111,0.02159199111111111,2.4276820888888886,13592500.0,1904.3871555555556,0.3933817754067403,0.0977940688282487,0.0,0.028352667761298838,1.6147077084029169,0.0282444444444444,0.03651622938623306,0.06436666666666666,0.0153302155363155,0.12671397608014423,0.0,0.0,0.0076444444444444,0.059,0.27188639455782315,0.0315888888888888,0.0,2.3261265841244443,0.0793576270944499,0.0,0.0345297183402725,0.0,0.035,0.14675716283748425,0.07349341090804534,0.1075061716952585,0.1187131491044239,0.031904914404859125,0.01420376868698062,0.008778461163196397,0.1306084552441115,0.005602079940377255,0.6242916791062313,0.03414784312379393,0.005882292501645108,0.3551566991743952,0.31226544517647925,0.0012742857142857143,0.014057142857142758,0.4692882740697396,0.002727688837045085,0.005834421300302577,0.6896337016052785,0.0362938775510204,0.04472601282880562,0.03448205687530349,0.023393452380952383,0.031961224489795874,0.03640702438734831,0.0139433352298052,0.014875396825396818,0.14598095238095238,0.0,0.0,,,,0.02544600779021479,0.034,0.31779800095105715,4.0349836033971,2.281341830741346,50.0,807.16669,376.78452,1.0,2024-08-06 04:00:00
2024-08-05 22:15:00,50.08444444444444,1.0,0.0380216304761904,0.26827858380708297,0.0027027078614744,0.019448255471872608,1.272615338095238,2.242641296296296e-06,0.0,0.0,0.0,0.0,0.0,0.0,0.0,0.0,0.0,0.0,0.0,0.0,0.0,0.0,0.0,0.0,0.0,0.086,1307.9782222222223,1.4865333333333333,0.0472,1.4865333333333333,40.73434053333334,-111.87211,300.3562222222222,27.662222222222223,877.5382222222222,119.97275555555555,2.3026666666666666,433350.1777777777,1953.0302222222224,167.00577777777778,13641444.535555556,0.0008653857142857,4.250952380952383e-05,0.0005726003174603,5.773936507936508e-05,0.000166759047619,0.0015604104761904,0.0008379307936507,0.2625718134865135,2.47172893972694,3.548404249750249,7.572764444444444,0.1932885777777777,0.9269404,2.119784266666667,0.0029508888888888,0.1707319111111111,2.914393733333333,0.0075644,0.8596180888888888,0.6228058666666667,0.0516692888888888,0.1909363555555555,0.0138188888888888,0.0050468812336303195,0.0994065333333333,0.0461338222222222,0.001481040310846525,0.0242959999999999,0.1569880888888888,0.0344857333333333,0.0047454222222222,0.0019849333333333,3.48725,0.18025,0.07925383251794876,0.006500000000000001,6.25e-05,0.072875,0.4275,0.1925,0.066125,0.008875,0.010875,0.020462735769953663,1.2323198694255026,0.23325,0.09862499999999999,0.00775,0.540125,0.00375,0.1679067272567571,0.014625,0.03175,0.371875,0.06837499999999999,0.13012350064152128,0.06241609136802837,0.02306984314086672,0.0055,0.009125,0.08212499999999999,0.193625,0.0018155271166842733,0.008875,0.06850462702203147,0.1855,0.015625,0.028125,0.070375,0.010124999999999999,0.013875,0.12862500000000002,0.0037873625039661586,0.0030082137560421005,0.02489840466364767,0.005525367257924041,0.011875,0.00275,0.0154058726143507,0.00983133071536299,0.0041875,0.010124999999999999,0.0073750000000000005,0.054125,0.0063750000000000005,0.003625,0.048375,0.040124999999999994,0.01351755781254221,0.0041714346031746,0.014234112063492,0.1059259704761904,0.0059787253968253,0.00059014,0.209970866031746,15300.0,15359.0,872.1838977777777,32.77956,191.75573333333332,27.55705777777778,1.7682666666666667,0.1847022222222222,0.007408888888888889,24.969595777777776,21.79079074222222,19.036047475555556,17.18861597777778,15.139404426666665,12.966795542222222,11.03682009777778,9.609425471111111,8.085550746666666,7.059958631111112,6.273865053333333,5.8661932,5.399787666666667,4.9197476488888885,3.945480017777778,12.08294392,4.1629116844444445,1.1577379199999998,0.5171794666666666,0.09280411555555555,0.08817437777777777,0.04389885777777778,0.03841708,0.036147742222222216,0.03295748,0.02717844888888889,0.021981444444444446,0.02035427111111111,0.020139453333333335,0.021679866666666665,0.024282813333333333,0.021479817777777778,0.012616671111111111,0.011760471111111111,0.011860782222222222,0.021189982222222223,2.2534644444444445,13446313.777777778,1901.871111111111,0.3739435767434824,0.09290537557073182,0.0,0.028504276643244023,1.5706275034934676,0.0282444444444444,0.03668565549557755,0.06441562499999999,0.0138188888888888,0.1272545395977555,0.0,0.0,0.0076444444444444,0.054125,0.2728797193877551,0.0315888888888888,0.0,2.161361501324396,0.07474310997874146,0.0,0.03207434903360247,0.0,0.03175,0.1426561073344507,0.06994145099638645,0.1011735410112091,0.11201362139822317,0.031340806649987146,0.013305824795191983,0.00813986064835671,0.12586658615521307,0.005099450576244047,0.6158137077435728,0.033629559488729456,0.006398697199186468,0.3466139404233493,0.30452086202957995,0.001314107142857143,0.014095178571428472,0.4581436469412832,0.0025022919821698487,0.005736365621844335,0.6484980390650235,0.036371811224489785,0.04426963114601006,0.03411097568646715,0.02347801339285714,0.03200867346938771,0.03592504000196188,0.013747629847261252,0.014869940476190469,0.14596785714285715,0.0,0.0,,,,0.018017295608746684,0.031625,0.3766226122207377,3.7556379152972843,2.2830886810824316,47.41607519969075,779.66669,374.89935,1.0,2024-08-06 04:15:00
2024-08-05 22:30:00,52.03111111111112,1.0,0.0299470971428571,0.26634803456556677,0.0027082510245423,0.019352387138107514,1.2269544273015875,1.5146847881914383e-06,0.0,0.0,0.0,0.0,0.0,0.0,0.0,0.0,0.0,0.0,0.0,0.0,0.0,0.0,0.0,0.0,0.0,0.086,1307.5817777777777,46.9,0.04204444444444445,46.9,40.73434013333334,-111.87211,300.64244444444444,26.811111111111114,877.7795555555555,109.35724444444445,2.597777777777778,430132.97777777776,1950.808,126.2568888888889,13314114.392,0.0009196952380952,4.561428571428573e-05,0.0004643593650793,5.157809523809524e-05,0.0001626485714285,0.0010052409523809,0.0008310752380952,0.1285909035016835,1.3952524781144782,2.1502462087542087,6.390093066666666,0.192152,0.8345246222222222,1.5956146666666666,0.0023699999999999,0.1523194222222222,2.868436755555556,0.0055284888888888,0.8447419555555555,0.6007598666666667,0.0217367111111111,0.1050302666666666,0.0082188,0.005054104689834507,0.0580943555555555,0.0241304888888888,0.0014028839451057874,0.0199094222222222,0.1398940888888889,0.0303218666666666,0.0051840888888888,0.0012038222222222,3.5595,0.1775,0.06603717198238632,0.006,0.000125,0.07275,0.427,0.193,0.06725,0.008749999999999999,0.00975,0.013971300344837956,1.2067631985568177,0.21150000000000002,0.09125,0.0075,0.50525,0.0035,0.16162210353040576,0.013250000000000001,0.028500000000000004,0.36175,0.06275,0.06536892639953691,0.05362527096312731,0.019984773902655538,0.005,0.00825,0.07625,0.17625,0.0016310542333685463,0.008749999999999999,0.049569548051715734,0.17200000000000001,0.01425,0.02525,0.06375,0.00925,0.01275,0.11725000000000001,0.0011400115201192433,0.003009126395602334,0.016239756680020912,0.005050734515848082,0.01075,0.0025,0.004559349118880475,0.0050966558968553064,0.004375,0.00925,0.00675,0.04925,0.00575,0.0032500000000000003,0.04375,0.03625,0.004466971954908877,0.0041415939682539,0.0142453825396825,0.106214246031746,0.0071554692063492,0.0006314812698412,0.2325229019047619,16200.0,16259.0,872.4491155555555,32.66807555555555,188.90219111111114,26.613653333333332,1.5757422222222222,0.1713866666666667,0.006973333333333333,24.435732266666665,21.497397706666668,18.817412644444445,16.912733133333333,14.873471537777778,12.80244340888889,10.880827720000001,9.521262933333333,7.9771444844444455,6.94155884,6.208349497777777,5.757557386666666,5.377737271111111,4.837801875555556,3.920658146666667,11.993803337777779,4.08569096,1.1268929155555554,0.4996872088888889,0.08325616,0.06414365333333333,0.03962108444444445,0.02757434222222222,0.024048466666666667,0.02356784,0.025838884444444443,0.016585484444444444,0.01577541777777778,0.015773364444444445,0.018959471111111112,0.01966985777777778,0.015673737777777776,0.012371102222222223,0.006760497777777778,0.008457377777777778,0.015982693333333336,2.151060222222222,13128408.0,1900.2194222222224,0.3545053780802245,0.08801668231321494,0.0,0.028655885525189204,1.5265472985840183,0.0282444444444444,0.03685508160492204,0.06446458333333333,0.0082188,0.12779510311536676,0.0,0.0,0.0076444444444444,0.04925,0.2738730442176871,0.0315888888888888,0.0,1.994383214451246,0.07012859286303302,0.0,0.029618979726932445,0.0,0.028500000000000004,0.13855505183141714,0.06638949108472757,0.0948409103271597,0.10531409369202244,0.030776698895115168,0.012407880903403345,0.007501260133517026,0.12112471706631464,0.0045968212121108385,0.6073357363809142,0.033111275853664975,0.006915101896727828,0.33807118167230343,0.2967762788826806,0.0013539285714285715,0.014133214285714187,0.4469990198128268,0.0022768951272946125,0.005638309943386092,0.6073623765247684,0.03644974489795917,0.04381324946321451,0.033739894497630804,0.023562574404761904,0.03205612244897955,0.035443055616575445,0.013551924464717303,0.01486448412698412,0.1459547619047619,0.0,0.0,,,,0.01485652539819856,0.02925,0.29736786125413833,2.68231738432799,1.2354718615310087,49.21394349033382,752.16669,373.01422,1.0,2024-08-06 04:30:00
2024-08-05 22:45:00,51.072,1.0,0.0318588955555555,0.2644174853240505,0.0027137941876102,0.019256518804342423,1.2422835603174605,2.2970801925518925e-06,0.0,0.0,0.0,0.0,0.0,0.0,0.0,0.0,0.0,0.0,0.0,0.0,0.0,0.0,0.0,0.0,0.0,0.086,1308.0888888888887,238.33048888888888,0.04733333333333333,238.33048888888888,40.73434,-111.87211,300.9682222222222,26.634666666666668,877.9764444444444,112.79644444444445,2.864,430348.57777777774,1951.5035555555555,130.39911111111113,13546148.282666666,0.0009087028571428,4.8719047619047634e-05,0.0004246619047619,5.8200000000000005e-05,0.000166152063492,0.0014441415873015,0.0011257355555555,0.1483359066422466,1.5740579133089132,2.342894898656899,6.527363333333333,0.1927813777777777,0.8510844,1.6786248444444445,0.0021590666666666,0.1645666222222222,2.902227022222222,0.0067998222222222,0.8677911555555556,0.6130706666666668,0.0280685777777777,0.1295039555555555,0.0091184,0.005061328146038694,0.0692491111111111,0.0308012444444444,0.00132472757936505,0.0192621333333333,0.1327712888888889,0.0284924444444444,0.0045327555555555,0.0016519555555555,3.63175,0.17475,0.06883299307441085,0.0055,0.0001875,0.072625,0.4265,0.1935,0.068375,0.008624999999999999,0.008625,0.0157240613772227,1.2071909425301257,0.18975,0.083875,0.00725,0.470375,0.0032500000000000003,0.16513152681673282,0.011875,0.02525,0.351625,0.057124999999999995,0.08381678410820931,0.04996227484869945,0.01869927424371493,0.0045000000000000005,0.007375,0.070375,0.158875,0.0014465813500528194,0.008624999999999999,0.05468223367374141,0.1585,0.012875000000000001,0.022375,0.057124999999999995,0.008375,0.011625,0.10587500000000001,0.0019426095181348019,0.003010039035162567,0.018577689630893207,0.004576101773772124,0.009625,0.0022500000000000003,0.007847692106270513,0.006532068335090842,0.004562500000000001,0.008375,0.006125,0.044375,0.005125,0.002875,0.039125,0.032375,0.007210840121436993,0.0040516301587301,0.0143163269841269,0.1028981761904761,0.0084882895238095,0.0006753406349206,0.254788426031746,17100.0,17159.0,872.6670844444445,32.489155555555556,187.08858222222221,26.32618666666667,1.5713777777777778,0.17197777777777778,0.0068044444444444446,24.17683028,21.487437786666664,18.642725302222225,16.751600591111114,14.723437644444443,12.690365471111111,10.839973582222223,9.281527342222223,7.93720552,6.9076124000000005,6.180530075555556,5.741963831111111,5.343082542222222,4.770743653333333,3.8940229333333334,11.719279453333334,4.015374448888889,1.1031170355555555,0.45587758666666667,0.0755436488888889,0.06840634222222222,0.039566484444444446,0.02876882666666667,0.01931768888888889,0.02182224444444444,0.01684331111111111,0.017708631111111112,0.015015506666666668,0.012436053333333334,0.024249871111111113,0.02358980888888889,0.014214111111111111,0.014735066666666666,0.009115946666666668,0.010934542222222223,0.01359128888888889,2.1182736444444443,13342846.666666668,1900.2470666666663,0.33506717941696657,0.08312798905569806,0.0,0.028807494407134385,1.4824670936745687,0.0282444444444444,0.03702450771426653,0.06451354166666666,0.0091184,0.12833566663297805,0.0,0.0,0.0076444444444444,0.044375,0.2748663690476191,0.0315888888888888,0.0,1.9826795559299144,0.06551407574732457,0.0,0.02716361042026242,0.0,0.02525,0.1344539963283836,0.06283753117306867,0.0885082796431103,0.09861456598582172,0.030212591140243186,0.011509937011614705,0.00686265961867734,0.11638284797741622,0.004094191847977631,0.5988577650182557,0.0325929922186005,0.007431506594269188,0.3295284229212576,0.28903169573578125,0.00139375,0.0141712499999999,0.43585439268437043,0.002051498272419376,0.005540254264927849,0.5662267139845134,0.03652767857142856,0.04335686778041895,0.033368813308794466,0.023647135416666666,0.032103571428571384,0.03496107123118901,0.013356219082173352,0.01485902777777777,0.14594166666666666,0.0,0.0,,,,0.013539482338897495,0.026875000000000003,0.3090477737649373,2.8605986115418345,1.3798203556846649,48.3281444558115,724.66669,371.12906,1.0,2024-08-06 04:45:00
2024-08-05 23:00:00,50.00666666666667,1.0,0.03631696,0.26248693608253426,0.0027193373506781,0.019160650470577332,1.2701692977777777,1.8297389406593407e-06,0.0,0.0,0.0,0.0,0.0,0.0,0.0,0.0,0.0,0.0,0.0,0.0,0.0,0.0,0.0,0.0,0.0,0.086,1309.128,28.584044444444444,0.046400000000000004,28.584044444444444,40.73434,-111.87211,300.83577777777776,27.008888888888887,878.0035555555555,119.71244444444444,2.1777777777777776,431690.0,1952.4982222222225,133.49466666666666,13667762.578666668,0.0008733511111111,5.182380952380954e-05,0.0004374444444444,8.154666666666668e-05,0.0002485911111111,0.0031050177777777,0.0015242533333333,0.1226567617777777,1.8958133333333331,2.690256,6.939347733333333,0.1935927111111111,0.9067664,1.6737771555555554,0.0027335111111111,0.1642174666666666,2.941903733333333,0.0073400888888888,0.8219339555555556,0.6097059555555556,0.0222187111111111,0.1205058666666666,0.0073226222222222,0.005068551602242881,0.0660125777777777,0.0292638666666666,0.0012465712136243124,0.0204904444444444,0.1322868444444444,0.0320212,0.0054097777777777,0.0022734222222222,3.7039999999999997,0.172,0.06624999796835504,0.005,0.00025,0.0725,0.426,0.194,0.0695,0.0085,0.0075,0.015215500747773881,1.2146455159557554,0.168,0.0765,0.007,0.4355,0.003,0.16417235312167672,0.0105,0.022000000000000002,0.3415,0.0515,0.07703417506934183,0.04971314274929244,0.018611843294073064,0.004,0.006500000000000001,0.0645,0.1415,0.0012621084667370926,0.0085,0.05319879664492198,0.14500000000000002,0.0115,0.0195,0.0505,0.0075,0.010499999999999999,0.0945,0.001757638518019163,0.0030109516747228,0.017899342365557746,0.004101469031696165,0.0085,0.002,0.007089843105145805,0.006201255555922026,0.00475,0.0075,0.0055,0.0395,0.0045000000000000005,0.0025,0.0345,0.028499999999999998,0.00657847368119784,0.00403992,0.0142539244444444,0.1026775288888888,0.0092269244444444,0.0007617155555555,0.2474666266666667,18000.0,18059.0,872.7139955555556,32.579462222222226,185.33478666666667,26.150986666666665,1.5880666666666667,0.17472444444444443,0.006826666666666667,24.002604799999997,21.29547846222222,18.598148995555555,16.516581866666666,14.656049191111112,12.543128844444444,10.701664115555555,9.186528244444444,7.7597885911111115,6.790158435555556,6.086349275555556,5.742649684444444,5.263515826666667,4.750981164444444,3.825028408888889,11.676678915555556,3.962790217777778,1.0711844400000001,0.45684870222222224,0.08841128888888888,0.07095336888888888,0.03522963111111111,0.03320911555555556,0.024508155555555557,0.019433595555555558,0.020897293333333334,0.015380817777777778,0.016420013333333334,0.014837124444444445,0.021134555555555556,0.023920471111111112,0.017636115555555557,0.010568595555555556,0.010142071111111112,0.010042453333333333,0.015937982222222223,2.104311288888889,13471067.11111111,1900.7288444444443,0.31562898075370865,0.07823929579818117,0.0,0.028959103289079566,1.4383868887651194,0.0282444444444444,0.037193933823611025,0.0645625,0.0073226222222222,0.1288762301505893,0.0,0.0,0.0076444444444444,0.0395,0.27585969387755105,0.0315888888888888,0.0,1.9767712295466664,0.06089955863161613,0.0,0.02470824111359239,0.0,0.022000000000000002,0.13035294082535004,0.059285571261409785,0.08217564895906089,0.09191503827962097,0.029648483385371207,0.010611993119826068,0.006224059103837654,0.11164097888851779,0.003591562483844423,0.5903797936555972,0.032074708583536025,0.007947911291810548,0.32098566417021174,0.28128711258888195,0.0014335714285714286,0.014209285714285615,0.424709765555914,0.0018261014175441396,0.005442198586469607,0.5250910514442584,0.036605612244897945,0.0429004860976234,0.03299773211995812,0.02373169642857143,0.03215102040816322,0.03447908684580258,0.013160513699629402,0.01485357142857142,0.14592857142857144,0.0,0.0,,,,0.013449906021554239,0.0245,0.2938575930780085,3.1814107338483097,1.6400923146155009,50.0,683.16669,369.2439,1.0,2024-08-06 05:00:00
2024-08-05 23:15:00,50.38533333333333,1.0,0.0348641644444444,0.26055638684101806,0.002724880513746,0.019064782136812237,1.2714179866666668,2.1950951910866913e-06,0.0,0.0,0.0,0.0,0.0,0.0,0.0,0.0,0.0,0.0,0.0,0.0,0.0,0.0,0.0,0.0,0.0,0.086,1308.6813333333334,1.7735555555555556,0.04364444444444445,1.7735555555555556,40.73434,-111.87211,300.7913333333333,26.98311111111111,878.0115555555556,123.03297777777779,2.3724444444444446,432048.9333333333,1952.2684444444449,132.27022222222223,13490715.217333334,0.0007741555555555,5.4928571428571446e-05,0.0004384488888888,8.31511111111111e-05,0.0002521066666666,0.0031630311111111,0.0016758355555555,0.1338244337777777,1.9524466666666669,2.7819360000000004,7.821055599999999,0.1987366222222222,0.9160256888888888,1.7725275111111112,0.0032771555555555,0.1642052,2.9319988,0.0062108444444444,0.7562388444444444,0.5850948,0.0199306222222222,0.1143621777777777,0.0081863555555555,0.005075775058447068,0.0657533777777777,0.0300908888888888,0.001168414847883575,0.0185973333333333,0.1282941777777777,0.0316384888888888,0.0054597333333333,0.0021979111111111,3.77625,0.16925,0.06523969760785325,0.0045000000000000005,0.0003125,0.072375,0.4255,0.1945,0.070625,0.008375,0.006375,0.015174772319675976,1.2275624211820997,0.14625000000000002,0.06912499999999999,0.00675,0.400625,0.00275,0.15715648393282755,0.009125000000000001,0.018750000000000003,0.331375,0.045875,0.07240316505106749,0.047659859983216486,0.017891259866451403,0.0035,0.005625,0.058625,0.12412499999999999,0.0010776355834213659,0.008375,0.05307999456928447,0.1315,0.010125,0.016625,0.043875,0.006625,0.009375,0.083125,0.0018571424459238684,0.0030118643142830336,0.01784501645784529,0.0036268362896202063,0.007375,0.00175,0.007497522970224235,0.006379214105682747,0.0049375,0.006625,0.004875,0.034625,0.003875,0.002125,0.029875,0.024624999999999998,0.006918651031374756,0.0039598444444444,0.0136462666666666,0.0967838666666666,0.00932912,0.0007706488888888,0.2177050222222222,18900.0,18959.0,872.7359466666668,32.51573333333333,185.17928444444445,26.316066666666664,1.6393333333333333,0.17874222222222222,0.006933333333333334,24.038103764444443,21.155937426666664,18.39027408,16.706049266666664,14.614251044444444,12.503073844444446,10.538941444444443,9.114224893333333,7.8062544,6.790983284444445,6.09930204,5.763674275555556,5.225859422222222,4.79386812,3.81742592,11.830596000000002,3.9987611911111114,1.0729313555555555,0.46752112444444444,0.08119851555555554,0.07106115111111112,0.03461702666666667,0.02726701777777778,0.025120946666666664,0.021341573333333332,0.01842077333333333,0.017335231111111113,0.02085202666666667,0.018290533333333334,0.02369883111111111,0.019145342222222226,0.019556657777777778,0.014569422222222222,0.009592515555555554,0.011846173333333333,0.017424235555555556,2.072470711111111,13306088.88888889,1901.5636444444444,0.29619078209045074,0.0733506025406643,0.0,0.02911071217102475,1.3943066838556701,0.0282444444444444,0.03736335993295552,0.06461145833333333,0.0081863555555555,0.12941679366820058,0.0,0.0,0.0076444444444444,0.034625,0.276853018707483,0.0315888888888888,0.0,1.8527085754552133,0.056285041515907686,0.0,0.022252871806922366,0.0,0.018750000000000003,0.1262518853223165,0.0557336113497509,0.0758430182750115,0.08521551057342025,0.02908437563049923,0.00971404922803743,0.005585458588997968,0.10689910979961936,0.0030889331197112148,0.5819018222929386,0.031556424948471544,0.008464315989351908,0.31244290541916586,0.27354252944198265,0.0014733928571428571,0.014247321428571328,0.41356513842745757,0.0016007045626689033,0.005344142908011364,0.4839553889040033,0.03668354591836733,0.04244410441482784,0.032626650931121784,0.02381625744047619,0.03219846938775506,0.03399710246041615,0.012964808317085453,0.014848115079365072,0.14591547619047618,0.0,0.0,,,,0.012711641024441292,0.022125,0.3004636913896029,3.237878033944072,1.7087866304226411,47.693964887536715,625.66669,367.35873,1.0,2024-08-06 05:15:00
2024-08-05 23:30:00,50.153777777777776,1.0,0.0334150047619047,0.2586258375995018,0.0027304236768139,0.018968913803047147,1.2586061796825396,2.467865949328449e-06,0.0,0.0,0.0,0.0,0.0,0.0,0.0,0.0,0.0,0.0,0.0,0.0,0.0,0.0,0.0,0.0,0.0,0.086,1308.2671111111113,1.8686666666666667,0.042,1.8686666666666667,40.73434,-111.87211,300.6024444444444,27.089333333333332,878.0364444444444,118.4256,2.6622222222222223,431217.8666666667,1951.899111111111,127.128,13425932.174222222,0.0007609107936507,5.803333333333335e-05,0.0004141596825396,8.522888888888888e-05,0.000187953015873,0.0018966657142857,0.0016054203174603,0.1644296888888888,1.7514497777777778,2.460830666666667,6.748418134576535,0.1991558043512043,0.8579164534021534,1.5989621703296704,0.0017681092352092,0.1592814472083472,2.9229347131757133,0.0031617142413142,0.715238347008547,0.5754518294816294,0.0253074512154512,0.1316228494616494,0.0100430772116772,0.005082998514651255,0.0648030263847263,0.0286541954378954,0.0010902584821428374,0.0195568865467865,0.111797805072705,0.0310981442779442,0.0045323438561438,0.0016390847152847,3.8485,0.1665,0.06761382402251961,0.004,0.000375,0.07225,0.425,0.195,0.07175,0.00825,0.0052499999999999995,0.015025442387655779,1.2217789375557544,0.1245,0.06175,0.006500000000000001,0.36574999999999996,0.0025,0.15440757522774462,0.00775,0.0155,0.32125,0.040249999999999994,0.08541397092613685,0.03917637748745147,0.014914048448732509,0.003,0.00475,0.05275,0.10674999999999998,0.0008931627001056389,0.00825,0.052644409237187606,0.118,0.00875,0.013749999999999998,0.03725,0.00575,0.00825,0.07175000000000001,0.0016842853717999276,0.003012776953843267,0.017645831650463684,0.003152203547544248,0.00625,0.0015,0.006789306217975118,0.006070066568748949,0.005125,0.00575,0.00425,0.029750000000000002,0.0032500000000000003,0.0017499999999999998,0.02525,0.020749999999999998,0.006327698868248779,0.0038509523809523,0.0128444806349206,0.0966053647619047,0.0093175041269841,0.0007313209523809,0.2428292501587301,19800.0,19859.0,872.75864,32.537346666666664,182.1998088888889,25.68804888888889,1.5457333333333334,0.17339555555555555,0.006648888888888889,23.66599628,20.781067937777777,18.165854813333333,16.421937937777777,14.287120991111111,12.281782773333333,10.490661773333333,9.107197075555556,7.689036333333333,6.762052888888889,5.92805516,5.607968555555556,5.15413068,4.711779537777777,3.7556558933333335,11.524560866666667,3.950010288888889,1.0613438577777778,0.43213112000000004,0.08277108444444445,0.061494346666666665,0.03238452888888889,0.026977457777777776,0.02552013333333333,0.01846539111111111,0.017811786666666666,0.017503497777777776,0.017882924444444444,0.015597142222222223,0.02019904,0.02269555111111111,0.014988466666666667,0.01224128,0.010692293333333333,0.009494733333333333,0.01480644888888889,1.988045511111111,13242688.0,1901.1898666666664,0.27675258342719283,0.06846190928314742,0.0,0.02926232105296993,1.3502264789462206,0.0282444444444444,0.03753278604230001,0.06466041666666666,0.0100430772116772,0.12995735718581183,0.0,0.0,0.0076444444444444,0.029750000000000002,0.277846343537415,0.0315888888888888,0.0,1.811779099335825,0.051670524400199244,0.0,0.01979750250025234,0.0,0.0155,0.12215082981928295,0.052181651438092,0.06951038759096209,0.07851598286721952,0.028520267875627246,0.00881610533624879,0.004946858074158283,0.10215724071072094,0.002586303755578007,0.5734238509302801,0.03103814131340707,0.008980720686893267,0.30390014666812004,0.2657979462950833,0.0015132142857142857,0.014285357142857042,0.4024205112990012,0.0013753077077936669,0.005246087229553121,0.4428197263637482,0.03676147959183672,0.04198772273203229,0.03225556974228544,0.023900818452380953,0.032245918367346894,0.033515118075029715,0.012769102934541502,0.014842658730158722,0.14590238095238095,0.0,0.0,,,,0.009661375233620338,0.01975,0.31856785169404467,3.0374704122277096,1.4681876865378567,47.48010886483694,568.16669,365.4736,1.0,2024-08-06 05:30:00
2024-08-05 23:45:00,50.23866666666666,1.0,0.0343694692063492,0.2566952883579856,0.0027359668398818,0.018873045469282056,1.2593678863492064,2.3611536874384875e-06,0.0,0.0,0.0,0.0,0.0,0.0,0.0,0.0,0.0,0.0,0.0,0.0,0.0,0.0,0.0,0.0,0.0,0.086,1308.0568888888888,1.775822222222222,0.045511111111111106,1.775822222222222,40.73434,-111.87211,300.666,26.771555555555555,877.8471111111111,114.84502222222223,2.2728888888888887,431160.13333333336,1951.9555555555555,122.20177777777778,13350650.65688889,0.0007911117460317,1.956097328597329e-05,0.0004473485714285,9.600285714285716e-05,0.0001585542857142,0.0016788206349206,0.0017858476190476,0.07701192,1.4535932444444446,2.105561777777778,7.063556160582011,0.195456987037037,0.8638027576719576,1.7148840656084656,0.0019744611111111,0.1665155785714286,2.902652859259258,0.0013495169312169,0.6463561671957672,0.5513654873015874,0.0389293865079365,0.1206499907407407,0.0132035068783068,0.005090221970855442,0.0613237013227513,0.0274536611111111,0.0010121021164021,0.019637441005291,0.1108410669312169,0.0305408746031746,0.0039690261904761,0.0013481674603174,3.92075,0.16375,0.07362855806697058,0.0035,0.0004375,0.072125,0.4245,0.1955,0.072875,0.008125,0.004125,0.014478731582810565,1.2199448649241944,0.10275000000000001,0.054375,0.00625,0.330875,0.0022500000000000003,0.14754131388574565,0.0063750000000000005,0.01225,0.311125,0.034624999999999996,0.07714281338794529,0.03868436197462003,0.014741379476617831,0.0025,0.003875,0.046875,0.08937499999999998,0.0007086898167899119,0.008125,0.05104969072183174,0.1045,0.007375,0.010875,0.030625,0.004875,0.007124999999999999,0.060375,0.0015398419966527797,0.0030136895934035003,0.016916597498386202,0.002677570805468289,0.005124999999999999,0.00125,0.006197503894876297,0.0058117357258866695,0.0053125,0.004875,0.0036249999999999998,0.024875,0.0026249999999999997,0.001375,0.020624999999999998,0.016874999999999998,0.005833885552102861,0.0037453723809523,0.012291478095238,0.0915972965079365,0.0093819047619047,0.0007532825396825,0.2324222257142857,20700.0,20759.0,872.61096,32.54904,181.19506222222222,25.449884444444443,1.50448,0.17061777777777778,0.0064177777777777775,23.56335689777778,20.58196550222222,18.121677502222223,16.15215933777778,14.18456247111111,12.28033136,10.472538431111111,9.148344515555555,7.6470195244444445,6.709011764444444,5.960134177777777,5.548176506666667,5.171629053333334,4.687397817777778,3.715656311111111,11.446409564444444,3.917546666666667,1.0426514533333333,0.44250486666666666,0.07859930222222222,0.05665957333333334,0.0322408,0.031618280000000006,0.024225026666666667,0.019954871111111112,0.01659443111111111,0.014206817777777778,0.015906746666666666,0.013094462222222221,0.015823586666666667,0.02557949777777778,0.012891231111111113,0.01179983111111111,0.00852265777777778,0.009102315555555554,0.015069982222222222,1.9786268,13171784.000000002,1901.071333333333,0.2573143847639349,0.06357321602563054,0.0,0.029413929934915116,1.3061462740367713,0.0282444444444444,0.0377022121516445,0.064709375,0.0132035068783068,0.13049792070342311,0.0,0.0,0.0076444444444444,0.024875,0.27883966836734697,0.0315888888888888,0.0,1.8540556821426128,0.047056007284490796,0.0,0.017342133193582313,0.0,0.01225,0.1180497743162494,0.048629691526433115,0.06317775690691269,0.07181645516101878,0.027956160120755268,0.007918161444460153,0.004308257559318598,0.09741537162182251,0.002083674391444799,0.5649458795676215,0.030519857678342595,0.009497125384434627,0.29535738791707417,0.25805336314818395,0.0015530357142857143,0.014323392857142757,0.3912758841705448,0.0011499108529184304,0.005148031551094879,0.4016840638234932,0.03683941326530611,0.04153134104923674,0.031884488553449095,0.023985379464285715,0.03229336734693873,0.03303313368964328,0.012573397551997552,0.014837202380952373,0.14588928571428572,0.0,0.0,,,,0.009484469335825162,0.017375,0.26685695120733305,2.7404871117000487,1.201990552486972,47.55850905741977,510.66666,363.58844,1.0,2024-08-06 05:45:00
