time_local,O3_ppbv,File_Index,HONO_CIMS,PAN_CIMS,APAN_CIMS,PPN_CIMS,HCOOH_CIMS,jNO2_meas,jBrCl,jBr2,jCCl4,jCH2Oa,jCH2Ob,jClNO2,jClOa,jClOb,jCl2,jHNO2,jHNO3,jI2,jNO2,jNO3a,jNO3b,jN2O5,jO3,AOD,Altitude_m,Course_deg,GndSpd_ms,Heading_deg,Lat,Lon,Temp_K,RH_percent,Pressure_mb,WindDir_deg,WindSpd_ms,CO2_Piccaro,CH4_Piccaro,CO_Piccaro,H2O_Piccaro,Br2_CIMS,BrO_CIMS,Cl2_CIMS,ClNO2_CIMS,BrCl_CIMS,NCl3_CIMS,N2O5_CIMS,NO_LIF,NO2_LIF,NOy_LIF,Methanol_PTR,Acetonitrile_PTR,Acetaldehyde_PTR,Ethanol_PTR,Methanethiol_PTR,Acrolein_PTR,Acetone_Propanal_PTR,DMS_PTR,Isoprene_PTR,MVK_MACR_PTR,Benzene_PTR,Toluene_PTR,Styrene_PTR,Benzaldehyde_PTR,C8Aromatics_PTR,C9Aromatics_PTR,Naphthalene_PTR,Octanal_PTR,Monoterpenes_PTR,Nonanal_PTR,C7H4ClF3_PTR,D5_siloxane_PTR,Acetone_WAS,Acrolein_WAS,Benzene_WAS,C2Cl4_WAS,C2HCl3_WAS,CCl4_WAS,CF2Cl2_WAS,CFCl3_WAS,CH2Cl2_WAS,CH3Br_WAS,CycloPentane_WAS,Ethyl_WAS,Ethane_WAS,Ethene_WAS,Ethyne_WAS,Furan_WAS,Isoprene_WAS,Limonene_WAS,MACR_WAS,MethylCycloHexane_WAS,MethylCycloPentane_WAS,Propane_WAS,Propene_WAS,Toluene_WAS,Alpha_Pinene_WAS,Beta_Pinene_WAS,c2Butene_WAS,c2Pentene_WAS,iButane_WAS,iPentane_WAS,iPropylBenzene_WAS,iPropylONO2_WAS,m_p_Xylene_WAS,nButane_WAS,nDecane_WAS,nHeptane_WAS,nHexane_WAS,nNonane_WAS,nOctane_WAS,nPentane_WAS,nPropylBenzene_WAS,nPropylONO2_WAS,o_Xylene_WAS,t2Butene_WAS,t2Pentene_WAS,x123_TriMethylBenzene_WAS,x124_TriMethylBenzene_WAS,x135_TriMethylBenzene_WAS,x13_Butadiene_WAS,x1_Butene_WAS,x1_Pentene_WAS,x224_TriMethylPentane_WAS,x22_DiMethylButane_WAS,x2_EthylToluene_WAS,x2_MethylPentane_WAS,x3_MethylPentane_WAS,x3_x4_EthylToluene_WAS,C4H7NO5_CIMS,ISOPN_CIMS,C5H10O3_CIMS,C5H9NO5_CIMS,C10H17NO4_CIMS,HNO3_CIMS,Time_Start_POPS,Time_Stop_POPS,Press_mb_POPS,Temp_C_POPS,Aerosol_conc_POPS,Surface_area_conc_POPS,Volume_density_POPS,Effective_radius_POPS,Extinction_POPS,Particle_conc_bin01_POPS,Particle_conc_bin02_POPS,Particle_conc_bin03_POPS,Particle_conc_bin04_POPS,Particle_conc_bin05_POPS,Particle_conc_bin06_POPS,Particle_conc_bin07_POPS,Particle_conc_bin08_POPS,Particle_conc_bin09_POPS,Particle_conc_bin10_POPS,Particle_conc_bin11_POPS,Particle_conc_bin12_POPS,Particle_conc_bin13_POPS,Particle_conc_bin14_POPS,Particle_conc_bin15_POPS,Particle_conc_bin16_POPS,Particle_conc_bin17_POPS,Particle_conc_bin18_POPS,Particle_conc_bin19_POPS,Particle_conc_bin20_POPS,Particle_conc_bin21_POPS,Particle_conc_bin22_POPS,Particle_conc_bin23_POPS,Particle_conc_bin24_POPS,Particle_conc_bin25_POPS,Particle_conc_bin26_POPS,Particle_conc_bin27_POPS,Particle_conc_bin28_POPS,Particle_conc_bin29_POPS,Particle_conc_bin30_POPS,Particle_conc_bin31_POPS,Particle_conc_bin32_POPS,Particle_conc_bin33_POPS,Particle_conc_bin34_POPS,Particle_conc_bin35_POPS,Particle_conc_bin36_POPS,HCHO_CRDS,H2O_CRDS,CH4_CRDS,Ethylene,Acetylene,nDecane,Ethylbenzene,Ethane,mpEthyltoluene,oXylene,buta13diene,Styrene,mpXylene,x135_Trimethylbenzene,nPropylbenzene,oEthyltoluene,x224_Trimethylpentane,Toluene,x124_Trimethylbenzene,Isopropylbenzene,Formaldehyde,Benzene,x123_Trimethylbenzene,nHeptane,nNonane,Methylcyclopentane,Propylene,x3_Methylpentane,nHexane,x2_Methylpentane,But1ene,Cyclopentane,nOctane,Isobutane,x22_Dimethylbutane,Propane,Pent1ene,Methylcyclohexane,nButane,nPentane,cis2Pentene,trans2Pentene,Isopentane,cis2Butene,trans2Butene,Isoprene,x23_Dimethylpentane,x3_Methylhexane,x2_Methylhexane,x234_Trimethylpentane,x24_Dimethylpentane,x23_Dimethylbutane,Cyclohexane,Hex1ene,x3_Methylheptane,nUndecane,pDiethylbenzene,mDiethylbenzene,nDodecane,x2_Methylheptane,Alphapinene,Betapinene,NO,NO2,NOy,O3,BLH_Nell_m,BLH_Nell_m_smoothed,jNO2_ratio,time_UTC
2024-08-12 00:00:00,37.812,1.0,0.0460136222222222,0.326289161480816,0.0033710166143859264,0.035848103751935666,1.158205311111111,1.0753755854761904e-06,0.0,0.0,0.0,0.0,0.0,0.0,0.0,0.0,0.0,0.0,0.0,0.0,0.0,0.0,0.0,0.0,0.0,0.152,1307.5586666666668,1.9451555555555555,0.043244444444444446,1.9451555555555555,40.73435,-111.87211,296.55266666666665,42.54888888888889,876.1306666666667,159.70804444444445,3.5137777777777774,430255.4666666667,1960.807111111111,117.44044444444444,18241678.907111112,0.0008466622222222,6.663181547619047e-05,0.0007235955555555,0.0002940666666666,0.0001785066666666,0.00370928,0.0039676444444444,0.1190431492649942,1.392595255947756,1.958512940873941,5.181690577777777,0.1703291555555555,0.6675913333333334,1.4140022666666667,0.0036314222222222,0.0986114222222222,2.1895658222222223,0.0097080444444444,0.08040595555555556,0.1073908888888888,0.0196200444444444,0.1081634222222222,0.0088236888888888,0.0046167111111111,0.0691452888888888,0.0287155555555555,0.0015203555555555,0.0213473777777777,0.1010241777777777,0.0222926666666666,0.0031643999999999,0.0028829777777777,2.587689655172414,0.14189655172413793,0.065102562707904,0.012620689655172414,0.0,0.072,0.442,0.1936551724137931,0.06413793103448276,0.008275862068965517,0.0,0.01570774765842353,0.7433049315665186,0.0814615781888372,0.04075,0.0054482758620689655,0.002757653293315893,0.0027333333333333333,0.020978069075723048,0.00674494200807625,0.004581037993120545,0.2945666666666667,0.07472690210440527,0.06773064669966983,0.033635894121413885,0.012969659414478807,0.016139454471594344,0.011689655172413792,0.0464,0.22985972134787586,0.0016794632838216432,0.009,0.05463464765716229,0.22918892147018832,0.015344827586206897,0.0,0.023850157177127608,0.011344827586206896,0.013851520290839829,0.018887736146251555,0.0016916679699451977,0.004259013884209666,0.018555929459354043,0.007068965517241379,0.014586206896551723,0.0034482758620689655,0.006819553633119116,0.006083270032039932,0.008517241379310345,0.01317117207990702,0.010501462015694891,0.019157125187843828,0.0,0.003697528943333775,0.0029579704972221114,0.007640081372687181,0.006352937999279708,0.0012138977777777,0.0021521822222222,0.0206465155555555,0.0027634844444444,0.0007793644444444,0.1448879644444444,21600.0,21659.0,870.9740222222223,30.959173333333336,171.50238666666667,24.641399999999997,1.9011155555555557,0.2185511111111111,0.00644,22.91204943111111,20.304362137777776,17.815716804444445,15.800342702222222,14.00903080888889,11.958345795555555,10.078489093333333,8.628431555555556,7.448251453333333,6.432371897777778,5.756182662222222,5.362250515555556,4.896960475555556,4.271160724444444,3.1777706844444444,8.456417875555555,2.4002835333333334,0.6949232711111112,0.40519629777777777,0.09788885777777777,0.08955864444444445,0.05678775555555556,0.0508178,0.04061104,0.04160408,0.03490780888888889,0.024834733333333334,0.033803,0.02413627111111111,0.033315635555555556,0.04574578666666666,0.028806124444444445,0.026981008888888887,0.01930672888888889,0.015655866666666667,0.029103195555555555,0.8065154355555555,17914249.333333332,1898.6680888888889,0.1557,0.04075,0.0,0.011467259128923948,1.04745,0.0282444444444444,0.01448506957791194,0.049375,0.0088236888888888,0.04220841075382164,0.0,0.0,0.0076444444444444,0.0124125,0.0879428571428571,0.0315888888888888,0.0,1.0974794287555556,0.01625,0.0,0.0,0.0,0.0,0.0484666666666666,0.0176833333333333,0.01505,0.0310833333333333,0.0158,0.0,0.0,0.0464,0.0,0.2945666666666667,0.0187799999999999,0.0,0.097575,0.08036,0.0,0.0,0.11708,0.0,0.0,0.01466,0.0,0.0,0.0,0.0,0.0,0.0078,0.0,0.0097833333333333,0.0916875,0.0,0.0,,,,0.0076692750690389305,0.012517241379310345,0.29172000526924624,2.6796679524002194,1.0918092780394937,37.0,414.66666,354.32001,1.0,2024-08-12 06:00:00
2024-08-12 00:15:00,38.19555555555556,1.0,0.0419529628571428,0.32186780900991563,0.0033476804136644426,0.03519981982008047,1.1460400412698413,1.183321445026455e-06,0.0,0.0,0.0,0.0,0.0,0.0,0.0,0.0,0.0,0.0,0.0,0.0,0.0,0.0,0.0,0.0,0.0,0.152,1308.1111111111109,1.8798222222222223,0.04844444444444444,1.8798222222222223,40.73435,-111.87211,296.8011111111111,42.07288888888889,876.172,168.89075555555556,3.6839999999999997,429859.8666666667,1960.2351111111116,113.18844444444446,18292078.400444448,0.0008169923809523,5.9693179563492065e-05,0.0005224126984126,0.0002521815873015,0.0001487876190476,0.0020420501587301,0.0040618174603174,0.0466315155555555,1.1665832444444446,1.6455293333333332,4.986394844444445,0.1716709333333333,0.6092182222222223,1.29609,0.0029485777777777,0.0938285333333333,2.1678685333333334,0.0086563555555555,0.07334497777777778,0.1071901333333333,0.0187290666666666,0.0886225333333333,0.0046240444444444,0.0053068444444444,0.0527878666666666,0.0193887999999999,0.0008861777777777,0.0197175111111111,0.1003606666666666,0.0235004444444444,0.0022138222222222,0.0033467555555555,2.5894827586206897,0.14132758620689656,0.06470915352941482,0.01303448275862069,0.0,0.072,0.442,0.1937586206896552,0.06389655172413794,0.008293103448275862,0.0,0.013137484946830896,1.1689525568512913,0.0792062433754915,0.0408875,0.005413793103448276,0.0037683493911358974,0.0027166666666666667,0.020920839958076268,0.00674494200807625,0.004581037993120545,0.2975944444444445,0.0730848334859306,0.05300105119979151,0.03329467456984994,0.012849911098221627,0.016523170376068992,0.011482758620689655,0.04566041666666666,0.2227259539321181,0.0016632855865877946,0.009,0.047137364817350806,0.2230132290620751,0.015241379310344829,0.0,0.02528700845012629,0.011241379310344827,0.013842240309017317,0.019294782552731902,0.0005695109257352418,0.004254383170945271,0.015127565994623761,0.006948275862068965,0.014310344827586207,0.003413793103448276,0.002221937820219208,0.00407633980931918,0.008362068965517241,0.012869370334901209,0.010282803391675822,0.01945391336439248,0.0,0.003616124502292136,0.0029994731097208894,0.0077374232845763835,0.0025165828139116836,0.001193193015873,0.0021942603174603,0.0208285552380952,0.0028049993650793,0.0007790219047619,0.1496325352380952,22500.0,22559.0,870.9992222222222,31.039404444444447,176.99166666666667,25.266333333333332,1.9199688888888888,0.21553333333333333,0.006573333333333334,23.516420733333334,20.80342216888889,18.230466515555555,16.35614344,14.554813586666667,12.392313528888888,10.495856408888889,8.942190733333335,7.650900133333334,6.716422897777778,5.952716533333333,5.5555188711111105,5.071193164444444,4.44575168,3.319705462222222,8.747416920000001,2.43042432,0.7061999288888889,0.41956010222222223,0.09777476444444444,0.09169777333333333,0.05237963111111111,0.049351311111111115,0.037948826666666664,0.03803606222222222,0.031994284444444444,0.026582622222222223,0.03654916888888889,0.022542453333333334,0.034112715555555555,0.04716398222222222,0.03260130222222222,0.02445699555555555,0.01757629777777778,0.017755097777777777,0.02577769777777778,0.7899260711111111,17988144.888888888,1897.7757777777776,0.16056666666666666,0.0408875,0.0,0.010680258338111166,1.0534416666666666,0.0282444444444444,0.01474234208184669,0.049825,0.0046240444444444,0.043078981344958744,0.0,0.0,0.0076444444444444,0.012772916666666667,0.08964285714285711,0.0315888888888888,0.0,1.0264585779688888,0.016779166666666668,0.0,0.0,0.0,0.0,0.048686111111111055,0.01773749999999997,0.015580555555555549,0.031166666666666634,0.01597916666666667,0.0,0.0,0.04566041666666666,0.0,0.2975944444444445,0.018706666666666576,0.0,0.09748124999999999,0.08653166666666667,0.0,0.0,0.11861166666666667,0.0,0.0,0.014111666666666666,0.0,0.0012738095238095167,0.0,0.0,0.0,0.007669444444444441,0.0,0.009793055555555525,0.09275520833333334,0.0,0.0,,,,0.007546588386321738,0.012362068965517241,0.24888579853504833,2.454318545476073,0.8572958096837721,36.4359435159689,424.66666,354.32001,1.0,2024-08-12 06:15:00
2024-08-12 00:30:00,37.89511111111111,1.0,0.0441092561904762,0.3174464565390152,0.003324344212942959,0.03455153588822528,1.170538490793651,1.132909238095238e-06,0.0,0.0,0.0,0.0,0.0,0.0,0.0,0.0,0.0,0.0,0.0,0.0,0.0,0.0,0.0,0.0,0.0,0.152,1308.2782222222222,2.4507555555555554,0.04897777777777778,2.4507555555555554,40.73434933333333,-111.87211,296.7006666666666,42.15111111111111,876.3248888888888,153.98884444444445,3.952888888888889,430687.2444444444,1961.9586666666669,115.93511111111113,18240811.118666667,0.0007927863492063,5.275454365079365e-05,0.0003976003174603,0.0002090107936507,0.0001398434920634,0.0022423539682539,0.0043284038095238,0.0451173173333333,1.2565005333333334,1.7487724444444444,5.057033476190475,0.1726353492063492,0.6350359873015873,1.470279707936508,0.0030949301587301,0.1010951238095238,2.1851457587301586,0.0092862952380952,0.07015182857142857,0.1057556539682539,0.0235583047619047,0.0904456761904761,0.0049042412698412,0.0043877238095238,0.0564207015873015,0.0200900825396825,0.0017085841269841,0.0236511174603174,0.0990520222222222,0.0233106888888888,0.0022459111111111,0.002987073015873,2.5912758620689655,0.14075862068965517,0.06684149244870274,0.013448275862068966,0.0,0.072,0.442,0.19386206896551725,0.0636551724137931,0.008310344827586207,0.0,0.013708316952450603,1.1970584992779898,0.07695090856214579,0.041025,0.005379310344827587,0.004779045488955902,0.0027,0.020511914844552753,0.00674494200807625,0.004581037993120545,0.30062222222222224,0.07144276486745593,0.05437530581926665,0.032621686487190396,0.012613731226962039,0.016906886280543636,0.011275862068965517,0.04492083333333333,0.21559218651636036,0.001647107889353946,0.009,0.04880244324721136,0.21683753665396188,0.015137931034482759,0.0,0.026723859723124972,0.011137931034482759,0.013832960327194808,0.01970182895921225,0.0006538863698217462,0.004249752457680876,0.015888974384411537,0.006827586206896551,0.014034482758620688,0.003379310344827586,0.0025676344212022554,0.0042272417081812156,0.008206896551724137,0.012567568589895398,0.010064144767656753,0.019750701540941138,0.0,0.0035347200612504967,0.0030409757222196673,0.007834765196465586,0.002805039919010449,0.0011505692063492,0.0020711361904761,0.019696779047619,0.0026991438095238,0.0007899847619047,0.1506796574603175,23400.0,23459.0,871.1479866666667,31.018706666666667,178.5091688888889,25.318008888888887,1.8675422222222222,0.20965333333333333,0.006462222222222222,23.53769208,20.98370524,18.30587549777778,16.51920007111111,14.56725996,12.462385715555557,10.610472679999999,9.11206304,7.727741488888889,6.807378724444445,6.087848057777777,5.694295168888889,5.1231053866666665,4.502449062222222,3.3396245155555557,8.857510493333333,2.460015564444445,0.7448175777777777,0.4134248177777778,0.09939016,0.08424284,0.04682889777777778,0.04443961777777778,0.037878133333333334,0.036099995555555556,0.031589884444444445,0.03153325333333333,0.026756546666666665,0.027330484444444445,0.03200461777777778,0.03899762222222222,0.028879146666666668,0.029719817777777775,0.016094444444444446,0.017763595555555556,0.022717097777777775,0.7877063688888889,17949304.88888889,1899.592222222222,0.16543333333333335,0.041025,0.0,0.009893257547298384,1.0594333333333332,0.0282444444444444,0.014999614585781439,0.050275,0.0049042412698412,0.04394955193609586,0.0,0.0,0.0076444444444444,0.013133333333333334,0.0913428571428571,0.0315888888888888,0.0,0.93638290743119,0.017308333333333335,0.0,0.0,0.0,0.0,0.0489055555555555,0.017791666666666633,0.0161111111111111,0.031249999999999965,0.016158333333333334,0.0,0.0,0.04492083333333333,0.0,0.30062222222222224,0.018633333333333252,0.0,0.09738749999999999,0.09270333333333333,0.0,0.0,0.12014333333333334,0.0,0.0,0.013563333333333333,0.0,0.0025476190476190334,0.0,0.0,0.0,0.007538888888888883,0.0,0.00980277777777775,0.09382291666666667,0.0,0.0,,,,0.007304613168338869,0.012206896551724137,0.24799009329592228,2.543972221794251,0.9346541744261186,36.1584643003354,434.66666,354.32001,1.0,2024-08-12 06:30:00
2024-08-12 00:45:00,37.516888888888886,1.0,0.0521880688888889,0.31302510406811485,0.0033010080122214754,0.03390325195637009,1.3305272857142856,1.3782051396825397e-06,0.0,0.0,0.0,0.0,0.0,0.0,0.0,0.0,0.0,0.0,0.0,0.0,0.0,0.0,0.0,0.0,0.0,0.152,1307.8066666666666,2.253511111111111,0.044533333333333334,2.253511111111111,40.734342133333335,-111.87211,296.6291111111111,40.940000000000005,876.5213333333334,130.5129777777778,2.3235555555555556,432912.8,1963.4328888888888,120.7422222222222,17629900.87377778,0.0007716901587301,4.5815907738095236e-05,0.000510858095238,0.0002654771428571,0.0001385723809523,0.0036176765079365,0.0044993958730158,0.0315151377777777,1.4751235555555555,2.010031111111111,5.625010098412699,0.1872842666666666,0.7727484793650794,1.965383873015873,0.002996892063492,0.120577765079365,2.300627526984127,0.0060246476190476,0.09057934603174604,0.1226232222222222,0.0233543047619047,0.098785292063492,0.0052628571428571,0.0070609142857142,0.0633030571428571,0.0255734476190476,0.0043679365079365,0.0277383936507936,0.0984978031746031,0.0288987809523809,0.0031364031746031,0.003383765079365,2.5930689655172414,0.14018965517241377,0.06675141672020146,0.01386206896551724,0.0,0.072,0.442,0.1939655172413793,0.06341379310344827,0.008327586206896552,0.0,0.014789750298857415,1.2440862671480595,0.07469557374880009,0.041162500000000005,0.005344827586206896,0.005789741586775907,0.0026833333333333336,0.025320329960888593,0.00674494200807625,0.004581037993120545,0.30365000000000003,0.06980069624898126,0.06066156890240286,0.032336671855588965,0.012513707585038537,0.017290602185018284,0.011068965517241378,0.04418125,0.2084584191006026,0.0016309301921200972,0.009,0.05195691132311938,0.21066184424584866,0.01503448275862069,0.0,0.028160710996123654,0.011034482758620689,0.013823680345372296,0.020108875365692596,0.0013136224069819782,0.004245121744416481,0.017331452057079012,0.006706896551724137,0.013758620689655172,0.0033448275862068967,0.005270654334892954,0.005407151595862821,0.008051724137931034,0.012265766844889586,0.009845486143637684,0.02004748971748979,0.0,0.0034533156202088576,0.0030824783347184453,0.007932107108354788,0.005060501202431543,0.0012461777777777,0.0022912615873015,0.0199553098412698,0.0030251047619047,0.000897633015873,0.1398494961904762,24300.0,24359.0,871.3218666666667,31.0996,185.2675688888889,26.488035555555555,1.9390133333333333,0.2079777777777778,0.006724444444444445,24.193900586666665,21.374916226666663,18.818223013333334,17.000147164444446,15.022519386666666,12.755039782222221,11.061606297777779,9.518507546666665,8.181749893333334,7.180614386666666,6.24552212,5.961502804444445,5.458673671111111,4.802446595555556,3.592336755555556,9.500716675555557,2.7225924355555553,0.7677656533333332,0.4293669377777778,0.10597838222222222,0.08712426666666667,0.04632678666666667,0.048014195555555556,0.045407475555555556,0.03949096444444444,0.03432196444444444,0.03214053333333333,0.027402040000000003,0.02538217777777778,0.03139414222222222,0.03927753333333333,0.022274608888888887,0.030505511111111112,0.01676427111111111,0.01750895111111111,0.030032551111111108,0.9102904888888887,17359180.888888888,1902.6315555555557,0.1703,0.041162500000000005,0.0,0.009106256756485603,1.065425,0.0282444444444444,0.015256887089716186,0.050725,0.0052628571428571,0.04482012252723296,0.0,0.0,0.0076444444444444,0.013493749999999999,0.0930428571428571,0.0315888888888888,0.0,0.9983619890736584,0.0178375,0.0,0.0,0.0,0.0,0.04912499999999995,0.0178458333333333,0.01664166666666665,0.031333333333333296,0.0163375,0.0,0.0,0.04418125,0.0,0.30365000000000003,0.018559999999999924,0.0,0.09729375,0.098875,0.0,0.0,0.121675,0.0,0.0,0.013014999999999999,0.0,0.0038214285714285503,0.0,0.0,0.0,0.007408333333333325,0.0,0.009812499999999976,0.094890625,0.0,0.0,,,,0.007202135161094643,0.012051724137931034,0.23994389213636463,2.7619543019060444,1.130410995492353,35.80915244751868,444.66666,354.19974,1.0,2024-08-12 06:45:00
2024-08-12 01:00:00,37.23066666666667,1.0,0.0507725228571428,0.3086037515972145,0.0032776718114999916,0.0332549680245149,1.1793358377777776,7.589737e-07,0.0,0.0,0.0,0.0,0.0,0.0,0.0,0.0,0.0,0.0,0.0,0.0,0.0,0.0,0.0,0.0,0.0,0.152,1307.176,2.191288888888889,0.047377777777777776,2.191288888888889,40.73434653333333,-111.87211,296.73488888888886,41.626666666666665,876.7071111111111,147.84937777777776,3.6915555555555555,431015.9111111111,1960.8622222222225,117.62444444444444,18023571.87733333,0.000890999047619,3.887727182539683e-05,0.0004933006349206,0.0002368073015873,0.0001482311111111,0.0031057263492063,0.0046821123809523,0.0653998648888888,1.378193777777778,1.9190986666666665,5.007504177777778,0.1723708888888889,0.6680507111111111,1.4921684444444443,0.0033270666666666,0.1071983111111111,2.1691323555555555,0.0084533333333333,0.07473475555555555,0.1045472444444444,0.0249688888888888,0.0918024444444444,0.0075522222222222,0.0064182666666666,0.0540984888888888,0.0224149777777777,0.0009176444444444,0.0230383111111111,0.1025358666666666,0.0250390222222222,0.0031393777777777,0.0027436888888888,2.5948620689655173,0.1396206896551724,0.06746433260973433,0.014275862068965518,0.0,0.072,0.442,0.1940689655172414,0.06317241379310345,0.008344827586206896,0.0,0.013343424695832787,1.189590172026854,0.07244023893545438,0.0413,0.005310344827586207,0.006800437684595911,0.0026666666666666666,0.020167435158238586,0.00674494200807625,0.004581037993120545,0.3066777777777778,0.06815862763050659,0.055398015056377786,0.03441330055234327,0.0132424840833016,0.01767431808949293,0.010862068965517242,0.04344166666666666,0.20132465168484484,0.0016147524948862486,0.009,0.047738077164482924,0.2044861518377354,0.01493103448275862,0.0,0.02959756226912234,0.01093103448275862,0.013814400363549785,0.020515921772172943,0.0009336082466243057,0.004240491031152085,0.015402260214879683,0.006586206896551724,0.013482758620689653,0.003310344827586207,0.0037136894503420675,0.0047275124068394975,0.007896551724137932,0.011963965099883775,0.009626827519618615,0.020344277894038445,0.0,0.0033719111791672184,0.0031239809472172232,0.008029449020243992,0.0037613342969403133,0.0010891663492063,0.0017561253968253,0.0185347168253968,0.0024479279365079,0.0008198317460317,0.1346271606349206,25200.0,25259.0,871.5432400000001,31.099475555555557,187.01855111111112,26.286635555555556,1.8668666666666667,0.2024088888888889,0.006693333333333333,24.44215212,21.751462324444443,19.016919444444444,17.05678351111111,15.18097887111111,13.03874795111111,11.213081213333334,9.777917244444444,8.255726302222222,7.3114949466666666,6.3945499777777774,5.943086968888889,5.465533155555556,4.789547151111111,3.5971668266666668,9.391686057777777,2.5913097288888887,0.7447511466666668,0.4181594444444444,0.10679364000000001,0.08177880888888889,0.049362111111111114,0.03713803111111111,0.042118071111111106,0.03494021333333333,0.03701816,0.030697586666666665,0.021065066666666667,0.01990679111111111,0.03122208,0.03680256888888889,0.02510877777777778,0.025759066666666667,0.014365102222222223,0.01497924,0.028388253333333335,0.7876750177777777,17668994.666666664,1899.1095555555555,0.17516666666666666,0.0413,0.0,0.008319255965672822,1.0714166666666667,0.0282444444444444,0.015514159593650935,0.051175,0.0075522222222222,0.04569069311837007,0.0,0.0,0.0076444444444444,0.013854166666666666,0.0947428571428571,0.0315888888888888,0.0,0.9344242357733332,0.018366666666666667,0.0,0.0,0.0,0.0,0.0493444444444444,0.017899999999999968,0.0171722222222222,0.031416666666666634,0.01651666666666667,0.0,0.0,0.04344166666666666,0.0,0.3066777777777778,0.0184866666666666,0.0,0.0972,0.10504666666666666,0.0,0.0,0.12320666666666667,0.0,0.0,0.012466666666666666,0.0,0.005095238095238067,0.0,0.0,0.0,0.007277777777777767,0.0,0.009822222222222201,0.09595833333333334,0.0,0.0,,,,0.007948794269203707,0.011896551724137932,0.25998798356003355,2.6653086953729086,1.0622768107652383,36.0,434.83334,353.72348,1.0,2024-08-12 07:00:00
2024-08-12 01:15:00,36.13288888888889,1.0,0.0584173685714285,0.3041823991263141,0.003254335610778508,0.0326066840926597,1.1907866892063494,4.190574533333333e-07,0.0,0.0,0.0,0.0,0.0,0.0,0.0,0.0,0.0,0.0,0.0,0.0,0.0,0.0,0.0,0.0,0.0,0.152,1307.7835555555555,1.7931555555555556,0.047866666666666675,1.7931555555555556,40.73435,-111.87211,296.36466666666666,44.31911111111112,876.6315555555556,158.69853333333333,3.827111111111111,431276.13333333336,1961.8591111111111,115.92755555555556,18915283.98933333,0.0009695901587301,3.193863591269841e-05,0.0005248501587301,0.0002637244444444,0.0001496263492063,0.0030865384126984,0.0040707098412698,0.0689726177777777,1.3900555555555554,1.9192373333333332,5.026896764026714,0.167482522033522,0.7047271835627335,1.515946648181448,0.0022261999685499,0.1070978203241203,2.1610553907610908,0.0096852354682354,0.07281024755614755,0.1049563997335997,0.0367043741332741,0.1003002445480445,0.0069372254578754,0.0065938727661227,0.0572807333851333,0.0235251795260295,0.000864166035816,0.0249760213212713,0.1167086427498427,0.0252966568228068,0.0017723259925259,0.002941775067525,2.596655172413793,0.13905172413793104,0.07264610899553875,0.014689655172413793,0.0,0.072,0.442,0.19417241379310346,0.06293103448275862,0.008362068965517241,0.0,0.013843454850752696,1.1791166339020975,0.07018490412210868,0.0414375,0.005275862068965517,0.007811133782415915,0.00265,0.02028407250914068,0.00674494200807625,0.004581037993120545,0.30970555555555557,0.06651655901203192,0.06180351476913781,0.04170184209827044,0.015800340378742225,0.018058033993967576,0.010655172413793103,0.042702083333333335,0.1941908842690871,0.0015985747976524,0.009,0.049196631374899165,0.1983104594296222,0.014827586206896552,0.0,0.031034413542121022,0.010827586206896552,0.013805120381727275,0.02092296817865329,0.0010671831757488157,0.00423586031788769,0.016069229045209327,0.006465517241379309,0.013206896551724138,0.0032758620689655174,0.004260962409611509,0.004966405495503836,0.007741379310344828,0.011662163354877964,0.009408168895599544,0.0206410660705871,0.0,0.0032905067381255792,0.003165483559716001,0.008126790932133194,0.004217991299296662,0.0010463285714285,0.0015278393650793,0.0183021034920634,0.0022937514285714,0.0008294533333333,0.1352464479365079,26100.0,26159.0,871.4967866666667,31.012866666666664,186.4216888888889,25.90775111111111,1.7882666666666667,0.19651555555555555,0.0064533333333333335,24.589467199999998,21.782177155555555,19.036827284444445,17.145117742222222,15.169299239999999,13.036903848888889,11.192957262222222,9.642021924444444,8.240656902222222,7.217823328888889,6.412457408888889,5.955836942222222,5.371899711111111,4.661072693333334,3.5177954311111113,9.196056595555554,2.4706144266666663,0.7299458577777778,0.4183265955555555,0.10316915111111111,0.08418143555555554,0.06088477333333333,0.04510490222222222,0.03944953777777778,0.03241400888888889,0.03418604888888889,0.029915377777777776,0.020450533333333333,0.023075493333333332,0.028114431111111112,0.03819011555555555,0.02639652,0.020876226666666668,0.00991140888888889,0.015050546666666666,0.023005924444444444,0.7800538577777778,18568737.333333336,1898.4326666666664,0.18003333333333335,0.0414375,0.0,0.007532255174860041,1.0774083333333333,0.0282444444444444,0.015771432097585684,0.051625,0.0069372254578754,0.046561263709507174,0.0,0.0,0.0076444444444444,0.014214583333333333,0.09644285714285711,0.0315888888888888,0.0,0.936112863057778,0.018895833333333334,0.0,0.0,0.0,0.0,0.04956388888888885,0.017954166666666632,0.01770277777777775,0.031499999999999966,0.016695833333333333,0.0,0.0,0.042702083333333335,0.0,0.30970555555555557,0.018413333333333275,0.0,0.09710624999999999,0.11121833333333334,0.0,0.0,0.12473833333333334,0.0,0.0,0.011918333333333333,0.0,0.006369047619047583,0.0,0.0,0.0,0.007147222222222208,0.0,0.009831944444444426,0.09702604166666667,0.0,0.0,,,,0.010569414863825927,0.011741379310344828,0.26210140136340676,2.6771356977056984,1.0623807114174189,34.530941977869716,402.33334,353.24881,1.0,2024-08-12 07:15:00
2024-08-12 01:30:00,35.82533333333333,1.0,0.057812645079365,0.29976104665541375,0.0032309994100570244,0.03195840016080451,1.3506555838095238,5.420073333333333e-07,0.0,0.0,0.0,0.0,0.0,0.0,0.0,0.0,0.0,0.0,0.0,0.0,0.0,0.0,0.0,0.0,0.0,0.152,1308.2906666666668,1.8369333333333333,0.045955555555555555,1.8369333333333333,40.73435093333333,-111.87211,296.1642222222222,44.75244444444444,876.476,141.14915555555555,2.8475555555555556,432062.48888888885,1960.7124444444448,113.15511111111113,18857438.962666668,0.0009012057142857,2.5e-05,0.0004934755555555,0.0002715806349206,0.0001392469841269,0.0030868771428571,0.003383365079365,0.0479236933333333,1.2651986666666668,1.793244888888889,5.848487707163207,0.1742348882413882,0.7323110583953084,1.6798214717560216,0.0039739425611425,0.116300303080253,2.225234128009028,0.0137284796296296,0.10292563292633292,0.1264407347633847,0.0203365235579235,0.096406908058608,0.0077369882210382,0.0076875553095053,0.0555901122470122,0.0253295404336404,0.001079897017797,0.0272620086432086,0.1236959412661412,0.022559149037999,0.0024367701372701,0.0038000793262293,2.598448275862069,0.13848275862068965,0.0654189224044853,0.01510344827586207,0.0,0.072,0.442,0.19427586206896552,0.0626896551724138,0.008379310344827586,0.0,0.013577805385225072,1.1592870559751702,0.06792956930876298,0.041575,0.005241379310344828,0.008821829880235919,0.0026333333333333334,0.026408583153841224,0.00674494200807625,0.004581037993120545,0.31273333333333336,0.06487449039355725,0.058868782784303506,0.0452951547443575,0.01706138517287065,0.018441749898442224,0.010448275862068965,0.0419625,0.18705711685332932,0.0015823971004185514,0.009,0.04842174981500165,0.19213476702150895,0.014724137931034484,0.0,0.03247126481511971,0.010724137931034482,0.013795840399904764,0.021330014585133637,0.0012842764930028046,0.004231229604623295,0.015714890588703574,0.006344827586206896,0.012931034482758619,0.0032413793103448275,0.005150420505901897,0.005354667674844767,0.007586206896551723,0.011360361609872154,0.009189510271580475,0.020937854247135755,0.0,0.0032091022970839405,0.003206986172214779,0.008224132844022396,0.004960175361370118,0.0011295374603174,0.0017491536507936,0.0177385939682539,0.0025486561904761,0.0008147123809523,0.1304307704761904,27000.0,27059.0,871.3696533333333,31.04450222222222,188.40980444444446,26.36168,1.8433688888888888,0.19877333333333333,0.006697777777777777,24.45676746222222,21.65714964888889,19.08592661777778,17.287617413333336,15.305733835555555,13.243568044444446,11.509645595555556,9.824038164444444,8.407780946666668,7.394621808888888,6.512366808888888,6.0770112,5.590436400000001,4.88074996,3.570586582222222,9.345734115555556,2.4605418755555557,0.7334636133333333,0.4163523288888889,0.10161012,0.08482908,0.056253102222222226,0.04875835555555555,0.03999429333333333,0.035448128888888895,0.03210031555555556,0.026287275555555555,0.024033115555555554,0.029326648888888886,0.02647647111111111,0.04621085333333333,0.02622772,0.0210316,0.01165104,0.015953791111111112,0.023486733333333332,0.8857953555555557,18567675.555555552,1897.151111111111,0.1849,0.041575,0.0,0.00674525438404726,1.0834000000000001,0.0282444444444444,0.016028704601520435,0.052074999999999996,0.0077369882210382,0.04743183430064428,0.0,0.0,0.0076444444444444,0.014575,0.0981428571428571,0.0315888888888888,0.0,1.1596554676268087,0.019424999999999998,0.0,0.0,0.0,0.0,0.049783333333333304,0.0180083333333333,0.0182333333333333,0.0315833333333333,0.016875,0.0,0.0,0.0419625,0.0,0.31273333333333336,0.01833999999999995,0.0,0.0970125,0.11739,0.0,0.0,0.12627,0.0,0.0,0.01137,0.0,0.007642857142857101,0.0,0.0,0.0,0.00701666666666665,0.0,0.009841666666666651,0.09809375000000001,0.0,0.0,,,,0.011861402988461677,0.011586206896551723,0.24965017032498427,2.552644854611313,0.9679766454490483,34.24689520683661,369.83334,352.77414,1.0,2024-08-12 07:30:00
2024-08-12 01:45:00,35.257777777777775,1.0,0.0641088977777777,0.29533969418451333,0.0032076632093355406,0.03131011622894932,1.9297625822222224,1.0527283333333334e-06,0.0,0.0,0.0,0.0,0.0,0.0,0.0,0.0,0.0,0.0,0.0,0.0,0.0,0.0,0.0,0.0,0.0,0.152,1308.2035555555556,2.3884888888888884,0.045777777777777785,2.3884888888888884,40.734358400000005,-111.87211,296.2282222222222,41.48088888888889,876.3724444444445,125.54413333333333,2.2253333333333334,436587.4222222222,1963.396,127.81244444444444,17362861.728888888,0.0008087111111111,4.958011303511303e-05,0.0005487022222222,0.0003524133333333,0.0001208222222222,0.0040802933333333,0.0037927244444444,0.0420771408888888,1.7862942222222222,2.397143555555556,7.417057333333333,0.1778628,1.0959101777777778,2.6204013333333336,0.0034983111111111,0.1649880888888888,2.6237333777777776,0.0105910222222222,0.17165217777777778,0.2176392888888889,0.0342450666666666,0.1327351111111111,0.0110008,0.0162488444444444,0.0783382666666666,0.0357883111111111,0.0019252444444444,0.0333473333333333,0.1160944,0.0386384888888888,0.0033004444444444,0.0043224888888888,2.600241379310345,0.13791379310344826,0.07156020746777736,0.015517241379310345,0.0,0.072,0.442,0.19437931034482758,0.06244827586206897,0.00839655172413793,0.0,0.01715225203507414,1.2507713140364807,0.06567423449541727,0.0417125,0.005206896551724138,0.009832525978055924,0.002616666666666667,0.05240643297086388,0.00674494200807625,0.004581037993120545,0.31576111111111116,0.06323242177508258,0.0862523751706804,0.04138595946700334,0.015689483855264166,0.01882546580291687,0.010241379310344828,0.041222916666666665,0.17992334943757157,0.0015662194031847028,0.009,0.05884816942139652,0.18595907461339573,0.014620689655172414,0.0,0.03390811608811839,0.010620689655172414,0.013786560418082254,0.021737060991613984,0.0025426329621513243,0.0042265988913589,0.020482692045612524,0.006224137931034482,0.012655172413793103,0.003206896551724138,0.010306062161117197,0.007605184785547704,0.007431034482758621,0.011058559864866343,0.008970851647561406,0.02123464242368441,0.0,0.0031276978560423013,0.003248488784713557,0.008321474755911598,0.009262159999231637,0.00179604,0.0038116311111111,0.0254144444444444,0.0048683111111111,0.0011900444444444,0.1221093955555555,27900.0,27959.0,871.2538844444445,31.16465333333333,212.7387511111111,30.400204444444444,2.0594755555555557,0.19474222222222223,0.007804444444444445,26.360294186666668,23.402780204444444,20.7648988,18.962255022222223,16.995498844444445,14.708359404444446,12.753988777777778,11.14448523111111,9.655815986666665,8.509206933333333,7.628221999999999,7.120586293333333,6.630749262222222,5.847743008888888,4.458954062222222,12.223320244444443,3.4585985200000002,0.9435547022222223,0.5019839911111111,0.10631276444444444,0.08532208888888888,0.05689919111111111,0.050511622222222226,0.03948517333333333,0.03948375555555556,0.02798383111111111,0.029774751111111112,0.028455928888888888,0.02873492888888889,0.03303668,0.035958804444444444,0.02951271111111111,0.021755022222222222,0.01245432,0.01612312,0.02557459111111111,1.2564986711111112,17147633.777777776,1903.0636,0.1897666666666667,0.0417125,0.0,0.005958253593234479,1.0893916666666668,0.0282444444444444,0.016285977105455183,0.052525,0.0110008,0.04830240489178139,0.0,0.0,0.0076444444444444,0.014935416666666666,0.0998428571428571,0.0315888888888888,0.0,1.6486169754263158,0.019954166666666665,0.0,0.0,0.0,0.0,0.05000277777777775,0.018062499999999967,0.01876388888888885,0.031666666666666635,0.01705416666666667,0.0,0.0,0.041222916666666665,0.0,0.31576111111111116,0.018266666666666626,0.0,0.09691875,0.12356166666666667,0.0,0.0,0.12780166666666667,0.0,0.0,0.010821666666666667,0.0,0.008916666666666616,0.0,0.0,0.0,0.006886111111111091,0.0,0.009851388888888875,0.09916145833333333,0.0,0.0,,,,0.010455838159382964,0.011431034482758621,0.2461917145043,3.072212702418078,1.4204679818747779,33.72272219150529,337.33334,352.29944,1.0,2024-08-12 07:45:00
2024-08-12 02:00:00,36.78622222222222,1.0,0.0527822044444444,0.29091834171361297,0.003184327008614057,0.030661832297094127,1.8616454622222225,1.1450210555555557e-06,0.0,0.0,0.0,0.0,0.0,0.0,0.0,0.0,0.0,0.0,0.0,0.0,0.0,0.0,0.0,0.0,0.0,0.152,1309.7386666666669,1.6568444444444446,0.045200000000000004,1.6568444444444446,40.73435875555556,-111.87211,296.71933333333334,39.432,876.3266666666666,141.08875555555557,2.060888888888889,433741.5555555555,1958.8284444444444,121.1031111111111,16963377.932888888,0.0007594844444444,4.480444444444444e-05,0.0004578355555555,0.0002283866666666,0.0001102577777777,0.0030644666666666,0.0024592044444444,0.0190735155879675,1.4565929498464498,2.0242448025585524,6.066129200000001,0.1721474666666666,0.9188924888888887,2.3123828,0.0037038666666666,0.1397179111111111,2.4073796888888888,0.0063775555555555,0.12662346666666668,0.1680148888888889,0.0370913777777777,0.1594745777777778,0.0107340444444444,0.0148081777777777,0.0916725333333333,0.0412176444444444,0.0020327555555555,0.0305576444444444,0.1095916888888888,0.0350355999999999,0.0030560888888888,0.0040173777777777,2.602034482758621,0.1373448275862069,0.0728169895603001,0.01593103448275862,0.0,0.072,0.442,0.19448275862068967,0.06220689655172414,0.008413793103448275,0.0,0.01924748244082875,1.2014817295615359,0.06341889968207157,0.04185,0.005172413793103448,0.010843222075875928,0.0026,0.03826007165153385,0.00674494200807625,0.004581037993120545,0.3187888888888889,0.06159035315660791,0.10640813830520354,0.0380418524398164,0.014515895811865114,0.01920918170739152,0.01003448275862069,0.040483333333333336,0.17278958202181383,0.001550041705950854,0.009,0.06495981508923632,0.1797833822052825,0.014517241379310345,0.0,0.03534496736111707,0.010517241379310344,0.013777280436259743,0.02214410739809433,0.003195868120837859,0.004221968178094505,0.02327743024139412,0.0061034482758620685,0.012379310344827586,0.003172413793103448,0.012982447173906436,0.008773468128129926,0.007275862068965517,0.010756758119860531,0.008752193023542337,0.021531430600233065,0.0,0.003046293415000662,0.003289991397212335,0.0084188166678008,0.011495396515655367,0.0017123733333333,0.0030923555555555,0.0304147377777777,0.0042490888888888,0.0009945866666666,0.1147839111111111,28800.0,28859.0,871.1917155555554,31.118017777777776,220.91060000000002,31.135653333333334,1.9956266666666667,0.18502666666666664,0.007671111111111111,26.880954924444445,24.211796946666666,21.41133048888889,19.65743668888889,17.529330457777778,15.346386968888888,13.316748151111112,11.765766262222222,10.114567288888887,9.010743604444444,8.071962648888888,7.49343076,6.926832906666666,6.105044542222222,4.700779844444444,12.784108208888888,3.534013275555556,0.9519219911111112,0.48508496444444443,0.09791468888888889,0.08212299555555556,0.05416908,0.042564311111111114,0.03906882222222222,0.03344206222222222,0.02889119111111111,0.026007933333333334,0.024849613333333333,0.02345417333333333,0.027523995555555555,0.03879152444444445,0.025653959999999996,0.019869897777777777,0.013853817777777777,0.012454275555555555,0.021817564444444444,1.0857566844444444,16706676.888888888,1899.878088888889,0.19463333333333335,0.04185,0.0,0.005171252802421696,1.0953833333333334,0.0282444444444444,0.01654324960938993,0.052975,0.0107340444444444,0.0491729754829185,0.0,0.0,0.0076444444444444,0.015295833333333333,0.1015428571428571,0.0315888888888888,0.0,1.3681166701466665,0.020483333333333333,0.0,0.0,0.0,0.0,0.0502222222222222,0.01811666666666663,0.0192944444444444,0.031749999999999966,0.017233333333333333,0.0,0.0,0.040483333333333336,0.0,0.3187888888888889,0.0181933333333333,0.0,0.096825,0.12973333333333334,0.0,0.0,0.12933333333333333,0.0,0.0,0.010273333333333332,0.0,0.010190476190476134,0.0,0.0,0.0,0.006755555555555533,0.0,0.0098611111111111,0.10022916666666666,0.0,0.0,,,,0.00925345278628125,0.011275862068965517,0.23258420433915852,2.743478022797175,1.141061080669881,42.0,320.0,351.82477,1.0,2024-08-12 08:00:00
2024-08-12 02:15:00,41.214666666666666,1.0,0.0271316292063492,0.2864969892427126,0.0031609908078925734,0.030013548365238937,1.5283183031746033,1.6421085649979648e-06,0.0,0.0,0.0,0.0,0.0,0.0,0.0,0.0,0.0,0.0,0.0,0.0,0.0,0.0,0.0,0.0,0.0,0.152,1310.5853333333332,1.615911111111111,0.048799999999999996,1.615911111111111,40.734354666666675,-111.87211,297.52866666666665,35.68577777777777,876.3213333333333,157.83226666666667,3.676888888888889,427941.9111111111,1948.559111111111,111.51555555555557,15645749.916888889,0.0007568273015873,2.905777777777778e-05,0.0002941844444444,8.148444444444444e-05,0.0001310504761904,0.0012274742857142,0.001025652063492,0.0383702590728715,0.7365203754338254,1.1625626184889186,4.160466844444445,0.1724670222222222,0.5501154222222222,1.0155569333333334,0.0021468,0.0905104,2.035061555555556,0.0042269333333333,0.05412035555555555,0.0883127111111111,0.0116572888888888,0.0641673333333333,0.0051735111111111,0.0069792,0.040366,0.0163677333333333,0.0018196,0.0172805333333333,0.0675462666666666,0.0186387111111111,0.002626,0.0019038666666666,2.6038275862068967,0.13677586206896553,0.06158662639641216,0.016344827586206895,0.0,0.072,0.442,0.19458620689655173,0.06196551724137931,0.00843103448275862,0.0,0.011185621122081421,1.090132133626966,0.06116356486872587,0.0419875,0.005137931034482759,0.011853918173695932,0.0025833333333333333,0.015539478459839407,0.00674494200807625,0.004581037993120545,0.3218166666666667,0.05994828453813324,0.034567130106598815,0.01641942611456812,0.006927675459380064,0.019592897611866163,0.009827586206896551,0.03974375,0.16565581460605605,0.0015338640087170054,0.009,0.04144390978921656,0.17360768979716926,0.014413793103448275,0.0,0.036781818634115754,0.010413793103448275,0.013768000454437232,0.02255115380457468,0.0002060285528099157,0.004217337464830109,0.012524058347441122,0.005982758620689655,0.012103448275862069,0.0031379310344827587,0.00073270570774923,0.0034262670201190932,0.007120689655172414,0.01045495637485472,0.008533534399523268,0.02182821877678172,0.0,0.002964888973959023,0.003331494009711113,0.008516158579690002,0.0012739336737071635,0.0014864666666666,0.0019256479365079,0.0264213746031746,0.0030791907936507,0.0004353739682539,0.1099532714285714,29700.0,29759.0,871.2042977777778,31.03425777777778,227.94775555555555,30.843791111111113,1.7488844444444445,0.16485333333333332,0.007088888888888889,27.410033848888887,24.814330217777776,22.092730786666667,20.297127555555555,18.296404253333332,16.13266004,14.090955782222222,12.401155622222223,10.683141448888888,9.580146151111112,8.45869808,7.876841288888889,7.194431831111111,6.230084337777778,4.783027182222223,12.586320844444446,3.2742386666666667,0.8653940044444445,0.4113454222222222,0.08716115555555555,0.06310690666666667,0.03952716444444445,0.032417084444444445,0.028321791111111112,0.024741977777777775,0.021957173333333333,0.022001586666666666,0.017852124444444447,0.017288715555555556,0.016581644444444443,0.03048451111111111,0.017905177777777777,0.015997293333333336,0.01012111111111111,0.010288253333333334,0.012990933333333335,0.7986242222222223,15457705.333333336,1892.681733333333,0.1995,0.0419875,0.0,0.004384252011608915,1.101375,0.0282444444444444,0.01680052211332468,0.053425,0.0051735111111111,0.0500435460740556,0.0,0.0,0.0076444444444444,0.01565625,0.10324285714285711,0.0315888888888888,0.0,1.03463678064,0.0210125,0.0,0.0,0.0,0.0,0.05044166666666665,0.0181708333333333,0.01982499999999995,0.0318333333333333,0.0174125,0.0,0.0,0.03974375,0.0,0.3218166666666667,0.018119999999999976,0.0,0.09673124999999999,0.135905,0.0,0.0,0.130865,0.0,0.0,0.009725000000000001,0.0,0.01146428571428565,0.0,0.0,0.0,0.006624999999999975,0.0,0.009870833333333325,0.101296875,0.0,0.0,,,,0.0014790338059420122,0.011120689655172414,0.24399895439224872,2.0255165016067354,0.4954167953528469,39.22428125531553,320.0,351.3501,1.0,2024-08-12 08:15:00
2024-08-12 02:30:00,42.38755555555555,1.0,0.0231521482539682,0.28207563677181224,0.0031376546071710896,0.029365264433383744,1.4330764098412698,2.45024984029304e-06,0.0,0.0,0.0,0.0,0.0,0.0,0.0,0.0,0.0,0.0,0.0,0.0,0.0,0.0,0.0,0.0,0.0,0.152,1309.8391111111112,2.6132,0.048044444444444445,2.6132,40.734353911111114,-111.87211,297.53577777777775,35.00844444444444,876.104,163.16017777777776,4.233777777777777,426635.8222222223,1946.3773333333331,114.1862222222222,15456265.122666666,0.0007564876190476,4.940761904761905e-05,0.0002856653968253,6.421111111111111e-05,0.0001245939682539,0.0011717212698412,0.0005314625396825,0.0314505733333333,0.5074108,0.8958744888888889,4.029318533333334,0.1767643111111111,0.4648376888888889,0.927077688888889,0.0015827111111111,0.0847092888888889,2.071237733333333,0.0033780444444444,0.04696128888888888,0.0803455111111111,0.0123669777777777,0.0550977333333333,0.0046895999999999,0.0074082666666666,0.0328376,0.0135308444444444,0.0038077777777777,0.0171563111111111,0.0664582666666666,0.0168960444444444,0.0022219111111111,0.0022428444444444,2.6056206896551726,0.13620689655172413,0.06189998788501969,0.01675862068965517,0.0,0.072,0.442,0.1946896551724138,0.061724137931034484,0.008448275862068965,0.0,0.010002673984379842,1.0615564980591543,0.058908230055380165,0.042125,0.005103448275862069,0.012864614271515936,0.0025666666666666667,0.013268279414543822,0.00674494200807625,0.004581037993120545,0.3248444444444445,0.058306215919658566,0.027730617187186158,0.015859907417918276,0.006731316776147712,0.019976613516340808,0.009620689655172415,0.039004166666666666,0.1585220471902983,0.0015176863114831568,0.009,0.03799333283617091,0.16743199738905604,0.014310344827586207,0.0,0.038218669907114436,0.010310344827586207,0.013758720472614722,0.022958200211055026,0.0002769454214616924,0.004212706751565714,0.010946175771737265,0.005862068965517241,0.011827586206896551,0.0031034482758620693,0.0010232608652444139,0.0028158255846490216,0.00696551724137931,0.010153154629848908,0.008314875775504198,0.022125006953330372,0.0,0.0028834845329173842,0.003372996622209891,0.008613500491579204,0.00010704200013702484,0.0015685184126984,0.0018679342857142,0.0262012469841269,0.0031962996825396,0.0002830682539682,0.1264125587301587,30600.0,30659.0,870.9706666666666,31.026715555555555,236.13263999999998,32.2006,1.8181111111111112,0.16411555555555557,0.007364444444444445,27.808291702222224,25.380327480000002,22.50393123111111,20.91386267111111,18.84198759555556,16.524170022222222,14.532594382222221,12.876898853333334,11.217784715555554,10.056612253333332,8.903382008888888,8.199746475555555,7.540245479999999,6.6635236,5.1022112,13.690230102222221,3.592969262222222,0.8909467911111111,0.42629955555555554,0.0813141688888889,0.06543540444444444,0.04033631111111111,0.03589658666666667,0.026924857777777776,0.022946244444444444,0.022334288888888887,0.018445168888888887,0.015834475555555554,0.019961,0.02126349333333333,0.028354777777777777,0.018404693333333333,0.015307586666666668,0.007722902222222222,0.011081475555555555,0.01504992888888889,0.7676544311111111,15225248.88888889,1890.8349333333333,0.2043666666666667,0.042125,0.0,0.003597251220796134,1.1073666666666666,0.0282444444444444,0.01705779461725943,0.053875,0.0046895999999999,0.050914116665192716,0.0,0.0,0.0076444444444444,0.016016666666666665,0.1049428571428571,0.0315888888888888,0.0,0.9932959247494304,0.021541666666666667,0.0,0.0,0.0,0.0,0.0506611111111111,0.018224999999999967,0.020355555555555502,0.03191666666666663,0.01759166666666667,0.0,0.0,0.039004166666666666,0.0,0.3248444444444445,0.01804666666666665,0.0,0.09663749999999999,0.14207666666666666,0.0,0.0,0.13239666666666666,0.0,0.0,0.009176666666666666,0.0,0.012738095238095166,0.0,0.0,0.0,0.006494444444444416,0.0,0.00988055555555555,0.10236458333333333,0.0,0.0,,,,0.0012778569024041384,0.01096551724137931,0.23990569983742951,1.7970786119510382,0.2955917670286763,40.30751742403859,320.0,350.8754,1.0,2024-08-12 08:30:00
2024-08-12 02:45:00,42.464444444444446,1.0,0.0264532892063492,0.2776542843009119,0.003114318406449606,0.028716980501528554,1.3776685326984128,2.795469590842491e-06,0.0,0.0,0.0,0.0,0.0,0.0,0.0,0.0,0.0,0.0,0.0,0.0,0.0,0.0,0.0,0.0,0.0,0.152,1309.212,2.3706666666666667,0.04711111111111111,2.3706666666666667,40.73435,-111.87211,297.35088888888885,35.72933333333333,876.1795555555556,172.92155555555556,3.943111111111111,426643.02222222224,1946.8684444444443,112.508,15692070.067555556,0.000760892063492,5.285904761904762e-05,0.0003468006349206,8.588666666666667e-05,9.894380952380954e-05,0.0012324053968253,0.0004389374603174,0.0187874857777777,0.4576157333333333,0.7975357333333334,4.260380266666667,0.1749948444444444,0.4992417333333333,0.9726149777777776,0.0020018222222222,0.0880067111111111,2.2040327555555552,0.0046706666666666,0.0520884,0.0824076888888889,0.019618,0.0561231111111111,0.0037508444444444,0.0102988888888888,0.0347009333333333,0.0128207111111111,0.0026439111111111,0.0167791111111111,0.0695255999999999,0.0184066666666666,0.0020685777777777,0.0020584444444444,2.6074137931034485,0.13563793103448274,0.06510165998818483,0.01717241379310345,0.0,0.072,0.442,0.19479310344827586,0.06148275862068966,0.00846551724137931,0.0,0.010295461938427258,1.06652162906774,0.056652895242034464,0.0422625,0.00506896551724138,0.013875310369335942,0.00255,0.013856141674825817,0.00674494200807625,0.004581037993120545,0.32787222222222223,0.056664147301183895,0.028503529821156403,0.017437325017970913,0.007284899068765379,0.020360329420815455,0.009413793103448274,0.03826458333333334,0.15138827977454056,0.0015015086142493082,0.009,0.03884737553526256,0.16125630498094282,0.014206896551724139,0.0,0.03965552118011312,0.010206896551724139,0.01374944049079221,0.023365246617535373,0.00034786229011346905,0.004208076038301319,0.011336713096984967,0.0057413793103448275,0.011551724137931034,0.0030689655172413794,0.0013138160227395977,0.0026630191729939954,0.0068103448275862065,0.009851352884843097,0.00809621715148513,0.02242179512987903,0.0,0.002802080091875745,0.003414499234708669,0.008710842403468406,0.0010541565830027946,0.0015593882539682,0.0015239876190476,0.0257994965079365,0.0031280473015873,0.0003346098412698,0.1354899403174603,31500.0,31559.0,871.03912,31.04580888888889,240.14856444444442,32.881075555555555,1.8342933333333336,0.16276888888888888,0.007675555555555556,27.962664995555556,25.61230161777778,22.804661977777776,21.09709477777778,19.00641464,16.814638257777776,14.66067164888889,13.075316102222223,11.45394672,10.062667897777777,9.030070884444445,8.479962142222222,7.726791435555556,6.937060977777778,5.340330044444444,14.431406933333333,3.796493271111111,0.9426136488888889,0.4627251288888889,0.07661898666666667,0.06849177777777778,0.04096654222222222,0.031588964444444444,0.027230235555555555,0.024493675555555556,0.019006613333333332,0.016719360000000003,0.01584940888888889,0.01495088888888889,0.022535137777777776,0.027039146666666666,0.020486666666666667,0.012014835555555554,0.0070271422222222225,0.013112755555555555,0.01262528,0.744983751111111,15425904.444444446,1891.1558222222225,0.20923333333333335,0.0422625,0.0,0.002810250429983353,1.1133583333333334,0.0282444444444444,0.01731506712119418,0.054325,0.0037508444444444,0.05178468725632982,0.0,0.0,0.0076444444444444,0.016377083333333334,0.1066428571428571,0.0315888888888888,0.0,1.0154520195518209,0.02207083333333333,0.0,0.0,0.0,0.0,0.05088055555555555,0.01827916666666663,0.02088611111111105,0.031999999999999966,0.017770833333333333,0.0,0.0,0.03826458333333334,0.0,0.32787222222222223,0.017973333333333324,0.0,0.09654375,0.14824833333333332,0.0,0.0,0.13392833333333334,0.0,0.0,0.008628333333333333,0.0,0.014011904761904684,0.0,0.0,0.0,0.006363888888888858,0.0,0.009890277777777776,0.10343229166666666,0.0,0.0,,,,0.0018450229153806948,0.010810344827586207,0.23241500694097555,1.7474295306192822,0.22190815522441698,40.37852911679688,320.0,350.40073,1.0,2024-08-12 08:45:00
2024-08-12 03:00:00,39.44622222222223,1.0,0.0465977206349206,0.2732329318300115,0.0030909822057281224,0.02806869656967336,1.3104275066666666,2.624921566122766e-06,0.0,0.0,0.0,0.0,0.0,0.0,0.0,0.0,0.0,0.0,0.0,0.0,0.0,0.0,0.0,0.0,0.0,0.152,1307.876,2.1750666666666665,0.048711111111111115,2.1750666666666665,40.734351999999994,-111.87211,296.82377777777776,39.443555555555555,876.0835555555556,182.9437777777778,3.035111111111111,428936.5333333333,1952.2973333333327,111.79555555555557,17145731.538666666,0.0007350879365079,5.284857142857143e-05,0.0004100511111111,0.0001623066666666,0.0001063273015873,0.0014891139682539,0.0020473736507936,0.0158929919999999,1.1255044444444444,1.5216647555555558,4.872970622222223,0.1754755555555555,0.6149068444444444,1.2279375111111113,0.0027964888888888,0.0936169333333333,2.2646140000000003,0.0080252,0.06747506666666667,0.0914604,0.0304026666666666,0.0791539555555555,0.0068208444444444,0.0083492888888888,0.0617185777777777,0.018136,0.0026087555555555,0.0194242222222222,0.0865727999999999,0.0231877333333333,0.0036622666666666,0.0023938222222222,2.6092068965517243,0.13506896551724137,0.004652545861215017,0.017586206896551722,0.0,0.072,0.442,0.19489655172413795,0.06124137931034483,0.008482758620689654,0.0,0.014540779026121126,0.8169086617762142,0.05439756042868876,0.0424,0.0050344827586206896,0.014886006467155946,0.0025333333333333336,0.016436785920343977,0.00674494200807625,0.004581037993120545,0.3309,0.055022078682709225,0.045863795498741686,0.026204077890699964,0.010361521995969895,0.020744045325290103,0.009206896551724138,0.037525,0.14425451235878278,0.0014853309170154596,0.009,0.051230678925834515,0.15508061257282957,0.014103448275862069,0.0,0.0410923724531118,0.010103448275862069,0.013740160508969701,0.02377229302401572,0.0004187791587652457,0.004203445325036924,0.016999359928376888,0.005620689655172414,0.011275862068965517,0.0030344827586206895,0.0016043711802347814,0.003806762444709609,0.006655172413793103,0.009549551139837287,0.00787755852746606,0.022718583306427682,0.0,0.002720675650834106,0.0034560018472074468,0.008808184315357608,0.0020012711658685643,0.0014215473015873,0.0013866822222222,0.0256888793650793,0.0028862403174603,0.0005353752380952,0.1437240384126984,32400.0,32459.0,870.9434844444444,31.013964444444447,227.2270711111111,30.79541777777778,1.7487288888888888,0.16520444444444446,0.007048888888888888,27.498944733333335,24.77789916444444,22.260159533333333,20.19532792,18.25835159111111,15.905023737777778,13.88445336888889,12.197452524444445,10.613694804444444,9.405885515555555,8.405826013333332,7.831998271111112,7.12920728,6.273449688888889,4.763288435555555,12.724775337777778,3.3237576933333335,0.8769741733333334,0.4198474888888889,0.08520984444444445,0.07719144888888889,0.04266929333333334,0.03535952,0.028319884444444443,0.02664304888888889,0.020805102222222222,0.017792315555555556,0.018995364444444444,0.014811053333333333,0.019955142222222222,0.027895359999999998,0.019705804444444443,0.010500986666666667,0.010112964444444445,0.01104712888888889,0.013654266666666666,0.7683693822222222,16765128.0,1892.4818222222225,0.2141,0.0424,0.0,0.002023249639170572,1.11935,0.0282444444444444,0.017572339625128927,0.054775,0.0068208444444444,0.05265525784746693,0.0,0.0,0.0076444444444444,0.0167375,0.1083428571428571,0.0315888888888888,0.0,1.038400001622222,0.0226,0.0,0.0,0.0,0.0,0.0511,0.0183333333333333,0.0214166666666666,0.0320833333333333,0.01795,0.0,0.0,0.037525,0.0,0.3309,0.0179,0.0,0.09645,0.15442,0.0,0.0,0.13546,0.0,0.0,0.00808,0.0,0.0152857142857142,0.0,0.0,0.0,0.0062333333333333,0.0,0.0099,0.1045,0.0,0.0,,,,0.004997139560592837,0.010655172413793103,0.23070280492982245,2.4133601771328044,0.7644861192040088,35.0,311.83334,349.80737,1.0,2024-08-12 09:00:00
2024-08-12 03:15:00,35.14088888888889,1.0,0.0663482663492063,0.26881157935911115,0.0030676460050066386,0.027420412637818168,1.2604919936507937,1.2658365581196583e-06,0.0,0.0,0.0,0.0,0.0,0.0,0.0,0.0,0.0,0.0,0.0,0.0,0.0,0.0,0.0,0.0,0.0,0.152,1306.6,1.4867111111111109,0.052755555555555556,1.4867111111111109,40.73435933333334,-111.87211,295.9042222222222,44.784444444444446,876.0404444444445,188.65093333333334,2.3164444444444445,430903.9111111112,1959.254222222222,111.12488888888888,18710002.528,0.0006869111111111,6.732716727716728e-05,0.0004368438095238,0.0002128593650793,0.0001268466666666,0.0017396298412698,0.0030386685714285,0.0145482528888888,1.6792029333333334,2.138875111111111,5.652718627631628,0.1717243109538609,0.7351849955692457,1.3876250636641136,0.0059413911699411,0.1161387936822437,2.275029687506937,0.0102029471287971,0.08422849744329745,0.1153783901320901,0.0225203389129389,0.1080088842731342,0.0059715996651496,0.0121851694805194,0.0662694205054205,0.0245648889018389,0.002063136067636,0.0260212273800273,0.1212328908702408,0.0326923613423613,0.0045141437395937,0.0025255147371147,2.6109999999999998,0.1345,0.06638318102710936,0.018000000000000002,0.0,0.072,0.442,0.195,0.061,0.0085,0.0,0.01525585877464606,1.143281729230889,0.047984716943919745,0.038675,0.005,0.01589670256497595,0.0025166666666666666,0.023255055369258558,0.00674494200807625,0.004581037993120545,0.3237416666666667,0.053380010064234554,0.06761415857610542,0.04402849780750358,0.016616861889346825,0.02112776122976475,0.009,0.041043750000000004,0.13712074494302504,0.0014691532197816108,0.009,0.05331651828518573,0.14890492016471635,0.014,0.0,0.040792042211334596,0.01,0.01373088052714719,0.024179339430496067,0.0011922767512205863,0.004198814611772529,0.017953174210922476,0.0055,0.011,0.003,0.00477348621690634,0.005190130043309218,0.0065,0.009247749394831476,0.007658899903446991,0.025456582900483478,0.0,0.0026392712097924667,0.0034975044597062247,0.008905526227246812,0.004645652819039851,0.0012127276190476,0.0015966352380952,0.0257021542857142,0.0026219911111111,0.0007499625396825,0.1384883812698412,33300.0,33359.0,870.9039777777778,31.019213333333333,200.14090666666667,27.107333333333333,1.6560933333333334,0.17627111111111113,0.006408888888888889,25.557325275555556,22.79410807111111,20.30828005777778,18.20635762222222,16.28012891111111,14.095059662222221,12.209365506666668,10.543515000000001,9.08400019111111,7.997806324444444,7.159286502222222,6.58507784,5.884075124444445,5.199249764444445,3.858051191111111,10.034268706666667,2.6308589866666665,0.74835624,0.4093732488888889,0.10131032888888888,0.07930371555555556,0.04632506222222222,0.04475398666666667,0.03805366222222222,0.027325111111111113,0.02687639111111111,0.027755586666666665,0.023259266666666667,0.02024099111111111,0.0215496,0.027628115555555555,0.020639786666666667,0.015964684444444443,0.010925097777777778,0.01104935111111111,0.013446173333333334,0.8388791022222222,18380996.0,1896.1167111111115,0.2015375,0.038675,0.0,0.0028027498929724323,1.128675,0.0282444444444444,0.018330644925592065,0.05431875,0.0059715996651496,0.05522124637554542,0.0,0.0,0.0076444444444444,0.0200625,0.1133535714285714,0.0315888888888888,0.0,1.117292366168889,0.024325,0.0,0.0,0.0,0.0,0.05070833333333333,0.020191666666666625,0.022362499999999952,0.03358749999999997,0.01719375,0.0,0.0,0.041043750000000004,0.0,0.3237416666666667,0.01799,0.0,0.11125625,0.15313,0.0,0.00167,0.148865,0.0,0.0,0.00606,0.0,0.011464285714285649,0.0,0.0,0.0,0.007954166666666625,0.0,0.010083333333333326,0.10294375,0.0,0.0,,,,0.011405972058401964,0.010499999999999999,0.22990734113294106,2.965435375508176,1.2269516851286442,33.61476799962421,294.33334,349.21402,1.0,2024-08-12 09:15:00
2024-08-12 03:30:00,35.19111111111111,1.0,0.071527866031746,0.2643902268882108,0.003044309804285155,0.026772128705962978,1.322960243174603,1.0647547856125358e-06,0.0,0.0,0.0,0.0,0.0,0.0,0.0,0.0,0.0,0.0,0.0,0.0,0.0,0.0,0.0,0.0,0.0,0.152,1306.8924444444444,1.8834222222222223,0.05382222222222222,1.8834222222222223,40.734362222222224,-111.87211,295.138,45.97022222222222,876.0795555555557,124.23493333333334,1.6946666666666668,431750.4,1959.4062222222224,112.79155555555556,18603601.281777777,0.0006096466666666,7.477289261664265e-05,0.0004316692063492,0.0002610158730158,0.0001314031746031,0.0016686396825396,0.0026721314285714,0.0169257724444444,1.593578666666667,2.103851111111111,6.155702895961445,0.1757922604266104,0.8367994131054132,1.6477821125171126,0.0050356333888333,0.1475522976208976,2.344741365617716,0.010689368074518,0.08735523944018944,0.1278047001480001,0.039660712992563,0.1298906008991009,0.0093605328079328,0.0156967425518925,0.080047922027972,0.0336504566637066,0.0033157599715099,0.0283561522866022,0.1230403868076368,0.0360888233155733,0.0030509044733044,0.0028827154031154,2.6127931034482756,0.13393103448275862,0.07395147358596575,0.018413793103448275,0.0,0.072,0.442,0.19510344827586207,0.06075862068965517,0.008517241379310345,0.0,0.017420892372478156,1.1441681632849097,0.04157187345915072,0.03495,0.004965517241379311,0.016907398662795954,0.0025,0.026797406941289105,0.00674494200807625,0.004581037993120545,0.3165833333333333,0.05173794144575988,0.08410823090700736,0.044958027008874614,0.016943072847264932,0.021511477134239395,0.008793103448275861,0.044562500000000005,0.1299869775272673,0.0014529755225477622,0.009,0.059631775152676925,0.14272922775660313,0.01389655172413793,0.0,0.04049171196955739,0.00989655172413793,0.013721600545324678,0.024586385836976414,0.0022854150675297004,0.004194183898508133,0.02084101989815257,0.005379310344827586,0.010724137931034482,0.0029655172413793106,0.009252208722532056,0.007145161503419508,0.006344827586206896,0.008945947649825665,0.007440241279427921,0.028194582494539277,0.0,0.002557866768750828,0.0035390070722050027,0.009002868139136014,0.008382800725150845,0.0011933958730158,0.001633698095238,0.0226945114285714,0.0025919882539682,0.0006434241269841,0.1221830914285714,34200.0,34259.0,870.9334088888888,31.09488,201.9736266666667,28.040560000000003,1.827431111111111,0.18765777777777778,0.006893333333333334,25.581956866666665,22.84205066222222,20.12184637777778,18.345028791111112,16.333361857777778,14.203100426666667,12.314532977777779,10.66635411111111,9.195760142222221,8.118116524444444,7.155505866666667,6.682171182222222,6.1145820888888895,5.359318306666666,3.9596759466666667,10.371573137777778,2.6855501955555554,0.8123137822222223,0.45852524,0.11947035555555556,0.08757113777777777,0.05091616,0.05438387555555556,0.04719941777777778,0.03587899111111111,0.031081764444444444,0.027520097777777777,0.021672173333333333,0.02666178666666667,0.02666778666666667,0.03472258222222223,0.022298773333333334,0.021042035555555557,0.013782795555555555,0.01286844,0.018562008888888887,0.9069969377777778,18273911.55555556,1896.174,0.188975,0.03495,0.0,0.0035822501467742927,1.138,0.0282444444444444,0.019088950226055203,0.053862499999999994,0.0093605328079328,0.05778723490362392,0.0,0.0,0.0076444444444444,0.0233875,0.1183642857142857,0.0315888888888888,0.0,1.1794967598998514,0.026049999999999997,0.0,0.0,0.0,0.0,0.05031666666666665,0.02204999999999995,0.0233083333333333,0.035091666666666646,0.0164375,0.0,0.0,0.044562500000000005,0.0,0.3165833333333333,0.01808,0.0,0.1260625,0.15184,0.0,0.00334,0.16227,0.0,0.0,0.00404,0.0,0.0076428571428571,0.0,0.0,0.0,0.00967499999999995,0.0,0.01026666666666665,0.10138749999999999,0.0,0.0,,,,0.011740187532522008,0.010344827586206896,0.23131373343401673,2.8800621354608626,1.2007087780951662,33.661151359633955,276.83334,348.73935,1.0,2024-08-12 09:30:00
2024-08-12 03:45:00,34.12177777777778,1.0,0.0920024266666666,0.2599688744173104,0.0030209736035636714,0.026123844774107785,1.9428385244444444,8.636730131054132e-07,0.0,0.0,0.0,0.0,0.0,0.0,0.0,0.0,0.0,0.0,0.0,0.0,0.0,0.0,0.0,0.0,0.0,0.152,1307.7857777777779,1.7905777777777778,0.050666666666666665,1.7905777777777778,40.734359511111116,-111.87211,294.9042222222222,47.37466666666667,876.0484444444445,118.21955555555556,1.2537777777777779,433579.8666666667,1961.220888888889,116.61644444444444,18949657.527555555,0.0005175155555555,7.330945537627358e-05,0.0003548711111111,0.0003474355555555,0.00010572,0.0025665733333333,0.0022804844444444,0.0334346568888888,1.893888888888889,2.6301515555555555,6.751911333333333,0.1768513333333333,1.1919650666666668,2.4413890666666664,0.0055290222222222,0.2025879555555555,2.6215840444444445,0.0090736888888888,0.13593657777777776,0.1749417333333333,0.0455902222222222,0.1397764,0.0103936,0.0293614666666666,0.0955487111111111,0.0323357333333333,0.0031453777777777,0.0599076888888888,0.1277002222222222,0.0526855555555555,0.0028318222222222,0.0045560888888888,2.6145862068965515,0.13336206896551722,0.07656963468163563,0.018827586206896552,0.0,0.072,0.442,0.19520689655172416,0.060517241379310346,0.00853448275862069,0.0,0.019856551221372386,1.1605936693984873,0.035159029974381695,0.031225,0.00493103448275862,0.01791809476061596,0.0024833333333333335,0.040234697930418915,0.00674494200807625,0.004581037993120545,0.309425,0.05009587282728521,0.09155998106930942,0.047354410315649985,0.01778406470947767,0.021895193038714043,0.008586206896551724,0.04808125,0.12285321011150951,0.0014367978253139136,0.009,0.06673642761060974,0.13655353534848988,0.013793103448275862,0.0,0.040191381727780195,0.009793103448275862,0.013712320563502169,0.02499343224345676,0.0021272329389665926,0.004189553185243738,0.024089841029328617,0.005258620689655172,0.010448275862068965,0.0029310344827586207,0.00860411703220013,0.00686225948346997,0.006189655172413793,0.008644145904819853,0.007221582655408852,0.030932582088595076,0.0,0.002476462327709189,0.0035805096847037806,0.009100210051025216,0.007842018280949489,0.0015143155555555,0.0019485911111111,0.0268047911111111,0.0034569155555555,0.0007991866666666,0.1107302177777777,35100.0,35159.0,870.9188711111111,31.118928888888888,205.24014222222223,28.2432,1.8239777777777777,0.18563555555555558,0.006906666666666667,25.78716961777778,23.322561195555558,20.493988924444444,18.63135308,16.730312497777778,14.572818013333334,12.497209835555557,10.79708947111111,9.465363324444445,8.312162808888889,7.313445391111111,6.797324208888889,6.219068102222222,5.37706235111111,3.926172515555556,10.434444195555555,2.751981106666667,0.7819899866666666,0.42450822222222223,0.10357171999999999,0.08202129777777777,0.05175119555555555,0.04688378666666667,0.040492520000000004,0.030309271111111112,0.029965168888888886,0.026292173333333335,0.020555439999999998,0.0226706,0.024472773333333333,0.03525175111111111,0.02373429777777778,0.019064702222222223,0.013554177777777779,0.013679080000000001,0.019874795555555554,1.2273603022222224,18625284.888888888,1897.235555555556,0.1764125,0.031225,0.0,0.004361750400576153,1.147325,0.0282444444444444,0.019847255526518344,0.053406249999999995,0.0103936,0.060353223431702414,0.0,0.0,0.0076444444444444,0.0267125,0.123375,0.0315888888888888,0.0,1.4995595674373268,0.027774999999999998,0.0,0.0,0.0,0.0,0.04992499999999997,0.023908333333333275,0.02425416666666665,0.03659583333333333,0.01568125,0.0,0.0,0.04808125,0.0,0.309425,0.01817,0.0,0.14086875,0.15055000000000002,0.0,0.0050100000000000006,0.175675,0.0,0.0,0.00202,0.0,0.0038214285714285503,0.0,0.0,0.0,0.011395833333333275,0.0,0.010449999999999975,0.09983125,0.0,0.0,,,,0.012601815528572011,0.010189655172413794,0.24107935993654572,3.179491931341623,1.5950570431486661,32.673555216417704,259.33334,348.26468,1.0,2024-08-12 09:45:00
2024-08-12 04:00:00,36.80222222222222,1.0,0.0752627111111111,0.25554752194641006,0.0029976374028421876,0.025475560842252595,1.7489207511111111,6.625912405982907e-07,0.0,0.0,0.0,0.0,0.0,0.0,0.0,0.0,0.0,0.0,0.0,0.0,0.0,0.0,0.0,0.0,0.0,0.152,1308.2715555555556,1.6035555555555556,0.04746666666666667,1.6035555555555556,40.7343516,-111.87211,295.1215555555555,45.35022222222222,876.2537777777778,145.00217777777777,1.797777777777778,431151.9555555555,1956.601777777778,115.86755555555555,18018282.43244445,0.0005321955555555,7.184601813590452e-05,0.0003285955555555,0.0003236266666666,9.939111111111111e-05,0.0023115066666666,0.0024930577777777,0.0203421142222222,1.5871551111111113,2.2084488888888893,5.981074844444445,0.1782711111111111,0.9846949333333334,2.3331198222222223,0.0048756888888888,0.1528326222222222,2.4113824,0.0085056,0.0934764,0.1352476,0.0393499555555555,0.1343167111111111,0.0112214222222222,0.0128268888888888,0.0798082222222222,0.0275319555555555,0.0045987555555555,0.0382294222222222,0.0998451111111111,0.0392412444444444,0.0028065333333333,0.0036383555555555,2.6163793103448274,0.13279310344827586,0.011381218032971773,0.01924137931034483,0.0,0.072,0.442,0.19531034482758622,0.06027586206896552,0.008551724137931035,0.0,0.017383228034887253,0.8550925162521759,0.028746186489612677,0.0275,0.004896551724137931,0.018928790858435962,0.0024666666666666665,0.028919144444815158,0.00674494200807625,0.004581037993120545,0.3022666666666667,0.04845380420881054,0.08744455882082408,0.03302954316130675,0.012756865316951409,0.022278908943188687,0.008379310344827586,0.0516,0.11571944269575177,0.0014206201280800648,0.009,0.05952191082222559,0.13037784294037666,0.013689655172413794,0.0,0.03989105148600299,0.009689655172413793,0.013703040581679657,0.025400478649937108,0.0015492620636667006,0.004184922471979343,0.020790781049673183,0.005137931034482759,0.010172413793103447,0.002896551724137931,0.00623609907126916,0.0058285831157309335,0.00603448275862069,0.008342344159814042,0.007002924031389783,0.03367058168265087,0.0,0.0023950578866675496,0.0036220122972025585,0.009197551962914418,0.005866090244950298,0.0015507288888888,0.0018640133333333,0.0254433333333333,0.0034504222222222,0.00073052,0.0880961422222222,36000.0,36059.0,871.1187022222223,31.194702222222222,211.11508,28.796884444444444,1.7320844444444445,0.1736177777777778,0.006906666666666667,26.162346786666667,23.55741944888889,20.996593995555553,19.019798911111113,17.032780524444444,14.804170542222222,12.871023591111111,11.11627924,9.78146684888889,8.600677151111112,7.679466888888888,7.072968755555555,6.514920204444445,5.689150657777778,4.2238880977777775,11.251211364444446,2.9864013377777776,0.8036730933333334,0.40649059111111113,0.09905098222222222,0.07317330222222222,0.04759343555555555,0.042095275555555554,0.036421284444444445,0.026793115555555556,0.028604342222222225,0.02285321777777778,0.01876624,0.021152537777777775,0.02494617333333333,0.030190373333333336,0.021115524444444443,0.017873515555555556,0.009892075555555555,0.009464835555555556,0.014415537777777777,1.0445259511111111,17755747.555555552,1894.9970666666663,0.16385,0.0275,0.0,0.005141250654378014,1.15665,0.0282444444444444,0.020605560826981482,0.05295,0.0112214222222222,0.06291921195978091,0.0,0.0,0.0076444444444444,0.0300375,0.1283857142857143,0.0315888888888888,0.0,1.2474492940355555,0.0295,0.0,0.0,0.0,0.0,0.0495333333333333,0.0257666666666666,0.0252,0.0381,0.014925,0.0,0.0,0.0516,0.0,0.3022666666666667,0.01826,0.0,0.155675,0.14926,0.0,0.00668,0.18908,0.0,0.0,0.0,0.0,0.0,0.0,0.0,0.0,0.0131166666666666,0.0,0.0106333333333333,0.098275,0.0,0.0,,,,0.007451259461442695,0.01003448275862069,0.23333462817823983,2.8736574119899267,1.2790821722857393,37.0,288.5,347.78998,1.0,2024-08-12 10:00:00
2024-08-12 04:15:00,37.14666666666667,1.0,0.0791887196825396,0.2511261694755097,0.002974301202120704,0.024827276910397402,1.4411983066666667,4.6150946809116815e-07,0.0,0.0,0.0,0.0,0.0,0.0,0.0,0.0,0.0,0.0,0.0,0.0,0.0,0.0,0.0,0.0,0.0,0.152,1308.3582222222221,1.3869777777777776,0.04933333333333334,1.3869777777777776,40.73435,-111.87211,295.3411111111111,43.4,876.3573333333334,105.94391111111112,1.1044444444444443,431925.7333333333,1955.7617777777775,115.15244444444444,17605099.86177778,0.0006001514285714,7.038258089553545e-05,0.0003375333333333,0.0003480898412698,9.684349206349208e-05,0.0020090047619047,0.0028673796825396,0.0194824984516409,1.5766767273282274,2.152002346246346,5.999596711111111,0.1752721333333333,0.7907826666666667,1.5155222222222222,0.0050858222222222,0.1236276444444444,2.3996590222222225,0.0090018222222222,0.0757248,0.1152302666666666,0.0370687111111111,0.1004949333333333,0.0118626222222222,0.0137606222222222,0.0629928444444444,0.0243565777777777,0.0031118222222222,0.0347051111111111,0.0952271111111111,0.0333461333333333,0.0022999999999999,0.0034960444444444,2.6181724137931033,0.1322241379310345,0.0728069811460222,0.019655172413793102,0.0,0.072,0.442,0.19541379310344828,0.060034482758620694,0.00856896551724138,0.0,0.01474100618009832,1.1243358345928733,0.02233334300484366,0.032425,0.0048620689655172415,0.01993948695625597,0.00245,0.02321283001113327,0.00674494200807625,0.004581037993120545,0.29407500000000003,0.04681173559033587,0.06195026792207639,0.03065467428159261,0.011923423773599392,0.022662624847663335,0.008172413793103447,0.04885,0.10858567527999402,0.0014044424308462164,0.009,0.05181472801887346,0.12420215053226344,0.013586206896551723,0.0,0.03713103984548459,0.009586206896551725,0.013693760599857146,0.02922477531878854,0.0011672136096103909,0.004180291758714948,0.01726643436253735,0.005017241379310345,0.00989655172413793,0.0028620689655172414,0.004670799434532567,0.00514530567881107,0.005879310344827586,0.00804054241480823,0.006784265407370714,0.03218320972272207,0.0,0.0023136534456259105,0.0036635149097013365,0.00929489387480362,0.004559968632700691,0.0012923561904761,0.0015643752380952,0.0227067571428571,0.0028056022222222,0.0007136565079365,0.0888511971428571,36900.0,36959.0,871.2294844444444,31.22427111111111,213.08095555555556,29.266573333333334,1.765942222222222,0.17441777777777778,0.007053333333333333,26.19482832,23.428390715555558,20.891271435555556,18.981330604444445,17.09240766222222,14.953246866666666,12.883367022222222,11.291446862222221,9.881238066666667,8.725332524444443,7.7916330488888885,7.221042728888889,6.651456106666667,5.906500302222223,4.403473968888889,11.845840995555555,3.144404075555556,0.83652324,0.43346388444444445,0.09613700888888889,0.08107692000000001,0.039531364444444446,0.03843307555555556,0.029930817777777778,0.030106635555555556,0.021568555555555553,0.018546733333333332,0.016222653333333333,0.022248133333333333,0.021274408888888888,0.03136944888888889,0.023029142222222222,0.019182915555555558,0.01018803111111111,0.008430684444444444,0.016448053333333334,1.0146605155555557,17325704.888888888,1894.8922666666665,0.16494999999999999,0.032425,0.0,0.004400086478631983,1.146875,0.0282444444444444,0.01988454922981981,0.05351875,0.0118626222222222,0.06047941958882103,0.0,0.0,0.0076444444444444,0.02823125,0.12362142857142858,0.0315888888888888,0.0,1.1688743953022225,0.02939166666666665,0.0,0.0,0.0,0.0,0.050266666666666626,0.023937499999999952,0.0237625,0.03676666666666665,0.014387500000000001,0.0,0.0,0.04885,0.0,0.29407500000000003,0.017709999999999976,0.0,0.14789375,0.137405,0.0,0.0050100000000000006,0.177655,0.0,0.0,0.0,0.0,0.0,0.0,0.0,0.0,0.01186249999999995,0.0,0.010266666666666625,0.09655,0.0,0.0,,,,0.00659736705286007,0.009879310344827585,0.2328261330961263,2.863209747924241,1.236787706464316,35.46722909452652,371.0,347.31531,1.0,2024-08-12 10:15:00
2024-08-12 04:30:00,38.30444444444445,1.0,0.0682420847619047,0.24670481700460928,0.00295096500139922,0.02417899297854221,1.240906896825397,2.604276955840456e-07,0.0,0.0,0.0,0.0,0.0,0.0,0.0,0.0,0.0,0.0,0.0,0.0,0.0,0.0,0.0,0.0,0.0,0.152,1307.828,2.3348444444444443,0.05031111111111111,2.3348444444444443,40.73435,-111.87211,295.7113333333333,41.632444444444445,876.5733333333334,141.96386666666666,1.1911111111111112,430681.02222222224,1954.396,116.76488888888888,17081398.265333332,0.0006854063492063,6.89191436551664e-05,0.0004060282539682,0.0003426539682539,0.0001062193650793,0.0023330657142857,0.0035207371428571,0.0140993761683131,1.4252910686720686,1.9138097831797831,5.951900044444445,0.1720915555555555,0.6792972,1.3166390222222222,0.0045572,0.0995624444444444,2.2625712888888887,0.0098321777777777,0.06185337777777778,0.0937336444444444,0.0264138666666666,0.0946739111111111,0.0098366666666666,0.0116939555555555,0.0532340888888888,0.0234816,0.0018786222222222,0.0280745777777777,0.0838764444444444,0.0273494222222222,0.0028658222222222,0.0029238666666666,2.619965517241379,0.1316551724137931,0.06810235920778093,0.02006896551724138,0.0,0.072,0.442,0.19551724137931034,0.05979310344827586,0.008586206896551724,0.0,0.013207600416327282,1.1288986662053375,0.015920499520074634,0.03735,0.004827586206896552,0.02095018305407597,0.0024333333333333334,0.017084816672922748,0.00674494200807625,0.004581037993120545,0.2858833333333334,0.0451696669718612,0.05756247864510605,0.024817440624018923,0.009874892559926598,0.023046340752137982,0.00796551724137931,0.0461,0.10145190786423625,0.0013882647336123676,0.009,0.047341886909154744,0.11802645812415019,0.013482758620689655,0.0,0.034371028204966195,0.009482758620689655,0.013684480618034636,0.03304907198763997,0.0010619398655938486,0.004175661045450553,0.015221090019560835,0.004896551724137931,0.009620689655172413,0.002827586206896552,0.004239479921215791,0.004957028057941601,0.005724137931034483,0.007738740669802419,0.006565606783351645,0.030695837762793256,0.0,0.0022322490045842713,0.0037050175222001144,0.009392235786692823,0.004200065822461412,0.001128346031746,0.0013356869841269,0.0193515222222222,0.0023544101587301,0.0007000003174603,0.0937103282539682,37800.0,37859.0,871.4426355555555,31.20858666666667,214.18801333333334,29.44692,1.7165288888888888,0.16907111111111112,0.007044444444444445,25.985873982222223,23.474515133333334,20.73105822666667,19.01489362222222,16.986290515555556,14.956502377777777,12.984707746666666,11.344436653333334,9.95889747111111,8.86182152,7.872349311111111,7.439978457777778,6.771098066666667,5.988713715555556,4.491661031111111,12.189247697777777,3.3041983377777777,0.8690770044444445,0.4458929377777778,0.09815978666666667,0.08413903111111112,0.04475230222222222,0.03655417777777778,0.03180018222222222,0.02855082222222222,0.021642746666666667,0.017135013333333334,0.017030684444444444,0.019226026666666667,0.023273266666666667,0.02749067111111111,0.01917436888888889,0.017782351111111108,0.00870724,0.007416595555555555,0.013932506666666667,0.9357576977777776,16800532.444444444,1895.187155555556,0.16605,0.03735,0.0,0.0036589223028859526,1.1371,0.0282444444444444,0.019163537632658136,0.0540875,0.0098366666666666,0.058039627217861156,0.0,0.0,0.0076444444444444,0.026425,0.11885714285714286,0.0315888888888888,0.0,1.1183659134571895,0.0292833333333333,0.0,0.0,0.0,0.0,0.05099999999999995,0.0221083333333333,0.022324999999999998,0.0354333333333333,0.013850000000000001,0.0,0.0,0.0461,0.0,0.2858833333333334,0.01715999999999995,0.0,0.1401125,0.12555,0.0,0.00334,0.16623,0.0,0.0,0.0,0.0,0.0,0.0,0.0,0.0,0.0106083333333333,0.0,0.00989999999999995,0.09482499999999999,0.0,0.0,,,,0.0044985692834753795,0.009724137931034483,0.22964181365810932,2.7122679100631726,1.05831393737393,36.53650920802542,453.5,346.84064,1.0,2024-08-12 10:30:00
2024-08-12 04:45:00,38.53644444444444,1.0,0.0644721155555555,0.24228346453370891,0.0029276288006777366,0.02353070904668702,1.0610153022222224,5.9345923076923085e-08,0.0,0.0,0.0,0.0,0.0,0.0,0.0,0.0,0.0,0.0,0.0,0.0,0.0,0.0,0.0,0.0,0.0,0.152,1309.2444444444445,3.0927999999999995,0.05004444444444445,3.0927999999999995,40.73435,-111.87211,295.63977777777774,43.279555555555554,876.7959999999999,140.77222222222224,1.3986666666666667,431699.1555555556,1954.5315555555555,115.056,17894120.990222223,0.0008662177777777,6.745570641479733e-05,0.0005828711111111,0.0003911111111111,0.0001176533333333,0.0024109822222222,0.0043014266666666,0.0168553706666666,1.418161777777778,1.9164564444444443,5.789241244444444,0.1744761333333333,0.6561631555555556,1.2609216444444444,0.0055303111111111,0.0975601333333333,2.191223022222222,0.0111227111111111,0.05892746666666667,0.0875116888888888,0.0274549333333333,0.0910846222222222,0.0123267111111111,0.0080123555555555,0.0549780444444444,0.0238435555555555,0.0041752444444444,0.0216167111111111,0.07853,0.0238966666666666,0.0041773777777777,0.001824,2.621758620689655,0.1310862068965517,0.06856203978826332,0.020482758620689656,0.0,0.072,0.442,0.19562068965517243,0.059551724137931035,0.008603448275862069,0.0,0.013481630387200676,1.0962347060051059,0.009507656035305609,0.042275,0.0047931034482758626,0.021960879151895978,0.002416666666666667,0.015311132126576551,0.00674494200807625,0.004581037993120545,0.27769166666666667,0.04352759835338653,0.054856932660675276,0.022067959348957958,0.008909983744590188,0.02343005665661263,0.007758620689655172,0.04335,0.0943181404484785,0.001372087036378519,0.009,0.048141213837471,0.11185076571603697,0.013379310344827585,0.0,0.0316110165644478,0.009379310344827587,0.013675200636212125,0.0368733686564914,0.0011054888761729447,0.004171030332186157,0.015586606873595307,0.004775862068965517,0.009344827586206896,0.002793103448275862,0.0044179055887350474,0.0050349136141137375,0.0055689655172413794,0.007436938924796608,0.006346948159332575,0.029208465802864448,0.0,0.0021508445635426325,0.0037465201346988924,0.009489577698582025,0.004348948256889639,0.0011064622222222,0.0012511422222222,0.0183925155555555,0.0022128666666666,0.0007259777777777,0.0942532711111111,38700.0,38759.0,871.6619822222222,31.21107111111111,223.31277777777777,30.802293333333335,1.8590799999999998,0.17485333333333333,0.007364444444444445,27.120194586666667,24.58040722666667,21.776910853333334,19.851764555555558,17.76545067111111,15.686942422222222,13.631353733333333,11.981470128888889,10.365808835555557,9.147324546666665,8.25888836,7.7033291777777775,7.101041893333333,6.122375195555555,4.631613924444445,12.402875920000001,3.263438768888889,0.8770066666666666,0.46317425333333334,0.10547803555555556,0.07918377777777778,0.04884623111111111,0.04322064444444444,0.03880893333333333,0.03116254666666667,0.028301813333333332,0.03131498222222222,0.022597502222222222,0.024640546666666666,0.022994724444444444,0.027816275555555554,0.020540795555555554,0.01755158222222222,0.009081026666666667,0.01136775111111111,0.018543773333333333,0.859230271111111,17563100.444444444,1893.0761333333332,0.16715000000000002,0.042275,0.0,0.002917758127139922,1.127325,0.0282444444444444,0.018442526035496464,0.05465625,0.0123267111111111,0.05559983484690127,0.0,0.0,0.0076444444444444,0.024618750000000002,0.11409285714285712,0.0315888888888888,0.0,1.0787964976003634,0.029174999999999948,0.0,0.0,0.0,0.0,0.05173333333333327,0.02027916666666665,0.0208875,0.03409999999999995,0.0133125,0.0,0.0,0.04335,0.0,0.27769166666666667,0.016609999999999923,0.0,0.13233125,0.113695,0.0,0.0016699999999999996,0.154805,0.0,0.0,0.0,0.0,0.0,0.0,0.0,0.0,0.00935416666666665,0.0,0.009533333333333276,0.0931,0.0,0.0,,,,0.00350998367844727,0.00956896551724138,0.23127208813271213,2.7051595202739223,1.0602970371203213,36.750775702937666,536.0,346.36594,1.0,2024-08-12 10:45:00
2024-08-12 05:00:00,37.97377777777778,1.0,0.0616403377777777,0.23786211206280855,0.002904292599956253,0.022882425114831826,1.0409384711111112,2.0677741666666668e-07,0.0,0.0,0.0,0.0,0.0,0.0,0.0,0.0,0.0,0.0,0.0,0.0,0.0,0.0,0.0,0.0,0.0,0.152,1308.7924444444443,2.997777777777778,0.04813333333333334,2.997777777777778,40.73434653333333,-111.87211,294.92866666666663,45.71333333333334,876.8564444444444,115.45804444444444,1.9706666666666666,432913.7333333334,1954.8884444444443,115.92622222222222,18316221.746666662,0.0009341422222222,8.158344322344323e-05,0.0003936533333333,0.0003782,9.700888888888888e-05,0.0018563066666666,0.00446356,0.0499993933333333,1.5328022222222222,2.097875111111111,5.919485377777778,0.1724218222222222,0.6576671555555555,1.340777511111111,0.0053235111111111,0.0999751555555555,2.1820168,0.0108368,0.06147911111111111,0.0892971111111111,0.0276072,0.1010741777777777,0.0083907111111111,0.0056570666666666,0.0557864,0.0238930222222222,0.0022988888888888,0.0212324888888888,0.0876629777777777,0.0258846666666666,0.0036194666666666,0.0021916444444444,2.623551724137931,0.13051724137931034,0.010958644418320316,0.02089655172413793,0.0,0.072,0.442,0.1957241379310345,0.05931034482758621,0.008620689655172414,0.0,0.01360864833134414,0.8150660092813957,0.003094812550536591,0.0472,0.004758620689655172,0.022971575249715978,0.0024000000000000002,0.01582010005088632,0.00674494200807625,0.004581037993120545,0.2695,0.04188552973491186,0.06238689270464036,0.02676471653898936,0.010558273717416241,0.023813772561087274,0.007551724137931034,0.0406,0.08718437303272075,0.0013559093391446704,0.009,0.04851171660696605,0.10567507330792375,0.013275862068965517,0.0,0.028851004923929398,0.009275862068965517,0.013665920654389613,0.04069766532534283,0.0011114405029871114,0.004166399618921762,0.015756030674945472,0.004655172413793103,0.009068965517241378,0.002758620689655172,0.00444229013784471,0.005045557845943263,0.005413793103448276,0.0071351371797907966,0.006128289535313506,0.02772109384293564,0.0,0.0020694401225009934,0.0037880227471976703,0.009586919610471228,0.004369295279178286,0.0011063466666666,0.0012454,0.0176810755555555,0.0022378888888888,0.0007235066666666,0.0948979022222222,39600.0,39659.0,871.7523155555556,31.26764888888889,228.89656888888888,31.17813333333333,1.8223244444444444,0.1700222222222222,0.007208888888888889,28.00993879111111,25.20701612,22.510761337777776,20.497796115555555,18.47714448,16.166761395555554,14.01464504888889,12.27031716,10.545052137777779,9.381701511111112,8.448591426666667,7.8614308444444445,7.165736755555556,6.159375186666667,4.709405915555555,12.369113653333333,3.177534813333333,0.8820158355555556,0.4590502444444445,0.10558067555555554,0.08281871111111111,0.05247201333333333,0.04256539555555556,0.042227560000000004,0.033233875555555556,0.030814253333333333,0.028397351111111115,0.023054582222222224,0.02241317333333333,0.021901368888888887,0.02953329777777778,0.020907662222222224,0.015912355555555556,0.007355822222222222,0.009878928888888888,0.01413584,0.8442680266666667,17993394.22222222,1892.451555555556,0.16825,0.0472,0.0,0.0021765939513938917,1.11755,0.0282444444444444,0.017721514438334793,0.055225,0.0083907111111111,0.053160042475941395,0.0,0.0,0.0076444444444444,0.0228125,0.1093285714285714,0.0315888888888888,0.0,1.0094230480933333,0.0290666666666666,0.0,0.0,0.0,0.0,0.0524666666666666,0.01845,0.01945,0.0327666666666666,0.012775,0.0,0.0,0.0406,0.0,0.2695,0.0160599999999999,0.0,0.12455,0.10184,0.0,0.0,0.14338,0.0,0.0,0.0,0.0,0.0,0.0,0.0,0.0,0.0081,0.0,0.0091666666666666,0.091375,0.0,0.0,,,,0.005198719146658221,0.009413793103448276,0.25087802499920614,2.8194638707075166,1.1962310596040724,36.0,566.0,345.89127,1.0,2024-08-12 11:00:00
2024-08-12 05:15:00,37.46133333333333,1.0,0.0491379476190476,0.2334407595919082,0.002880956399234769,0.022234141182976633,1.016603934920635,2.5481e-07,0.0,0.0,0.0,0.0,0.0,0.0,0.0,0.0,0.0,0.0,0.0,0.0,0.0,0.0,0.0,0.0,0.0,0.152,1307.624,2.924311111111111,0.042711111111111116,2.924311111111111,40.73434013333334,-111.87211,294.2882222222222,47.69688888888889,877.0284444444444,118.35217777777778,2.9266666666666667,432038.3555555556,1954.3017777777775,118.88533333333334,18381810.198666666,0.0008419774603174,7.732095238095238e-05,0.0004570428571428,0.0002847495238095,7.591365079365081e-05,0.0018111679365079,0.0036514365079365,0.0958090088888888,1.3491520000000004,1.9498026666666668,5.66701025974581,0.1715885657657157,0.6046081906001406,1.2375206289543788,0.0049558245069745,0.0945946455470455,2.132081978560328,0.009713865099715,0.06454087826987827,0.0907958888666888,0.0331610335923336,0.1028084381433381,0.0072610196655196,0.0086671289969289,0.0518508821345321,0.0226052668886668,0.0045658172068672,0.021479433016983,0.1067836445295445,0.0200578806859806,0.0028282088966588,0.0023500239612239,2.625344827586207,0.12994827586206897,0.0710815551692968,0.021310344827586206,0.0,0.072,0.442,0.19582758620689655,0.05906896551724138,0.008637931034482758,0.0,0.012990255366792752,1.0774366649913105,0.0475021801931574,0.05385,0.004724137931034483,0.023982271347535986,0.0023833333333333332,0.01624735462056931,0.00674494200807625,0.004581037993120545,0.2896666666666667,0.04024346111643719,0.06369414918726131,0.03659777769710016,0.014009109145634531,0.024197488465561922,0.007344827586206896,0.042675,0.08005060561696298,0.0013397316419108216,0.009,0.046707906070214154,0.0994993808998105,0.013172413793103448,0.003585714285714275,0.022186627409907834,0.009172413793103448,0.013656640672567104,0.04452196199419426,0.0009565030533927172,0.0041617689056573665,0.014931182756889441,0.004534482758620689,0.008793103448275861,0.0027241379310344828,0.0038074922974345128,0.004768458796548458,0.005258620689655173,0.006833335434784987,0.0059096309112944365,0.03160421544766327,0.0,0.001988035681459354,0.0038295253596964483,0.009684261522360429,0.00383960552565753,0.001099679047619,0.001319413015873,0.017717213015873,0.0022980403174603,0.0007280631746031,0.0928893939682539,40500.0,40559.0,871.8929511111111,31.24649777777778,235.02394666666666,31.540177777777778,1.798791111111111,0.16585777777777777,0.0071066666666666665,29.03743084,26.1115964,23.289631395555556,21.364428844444443,19.112938706666668,16.59572193777778,14.302690262222223,12.63235212888889,10.912738088888888,9.548128568888888,8.611827742222223,8.053194497777778,7.232407675555555,6.331136328888889,4.727850715555556,12.255223928888888,3.067211133333333,0.84128604,0.4384612311111111,0.09882186222222224,0.08690454222222223,0.04193930222222222,0.04439337333333333,0.03599816,0.03908710666666667,0.02455368,0.025813475555555555,0.023009568888888887,0.020171133333333334,0.021830226666666668,0.028951631111111112,0.019848075555555556,0.016422213333333335,0.00864167111111111,0.009319617777777778,0.011949235555555555,0.7861505999999999,18069888.888888888,1891.8612444444443,0.2079375,0.05385,0.0,0.005375408203375358,1.170375,0.0282444444444444,0.01817677132922735,0.0532875,0.0072610196655196,0.05836618605116996,0.0,0.0,0.0076444444444444,0.027528125,0.12479999999999998,0.0315888888888888,0.0,0.8597461839111111,0.032295833333333274,0.0,0.003585714285714275,0.0,0.0,0.06042499999999995,0.020675,0.023587499999999997,0.036491666666666596,0.01434375,0.0,0.002,0.042675,0.0,0.2896666666666667,0.016679999999999924,0.0,0.12443125,0.105,0.0,0.00193,0.147975,0.0028625,0.0,0.00253,0.0059642857142857,0.00753214285714285,0.006003571428571425,0.003084375,0.0,0.01010416666666665,0.0,0.00941249999999995,0.09346875,0.0,0.0,,,,0.008734230663845707,0.009258620689655172,0.2779761367611152,2.6363520600387327,1.0852828128653957,35.757843420959226,536.0,345.4166,1.0,2024-08-12 11:15:00
2024-08-12 05:30:00,36.24888888888889,1.0,0.0548054723809523,0.22901940712100782,0.0028576201985132856,0.021585857251121443,1.0462106384126986,4.6187000000000005e-07,2.366883552284089e-10,9.221618472604445e-10,2.678222222222222e-46,4.100193700501648e-14,2.1675390435624978e-13,2.9803698941634674e-12,2.491111111111111e-47,4.0372658193243605e-15,2.3157509879701335e-11,1.7180935040909157e-11,4.540140923950311e-16,3.5315215585422225e-09,1.305974146473609e-10,5.714868409422222e-10,4.888038139555555e-09,2.1658209342492122e-13,5.68419226599997e-15,0.152,1309.1324444444444,2.5126222222222223,0.04262222222222222,2.5126222222222223,40.73434,-111.87211,294.0833333333333,48.742222222222225,877.3,114.83048888888888,2.7742222222222224,432649.2888888888,1956.7537777777775,119.908,18615358.92755556,0.0007518307936507,6.606095238095238e-05,0.0004348495238095,0.0003581873015873,6.209555555555557e-05,0.0018388136507936,0.0046660419047619,0.1096520088888888,1.5961684444444444,2.260834666666667,6.962154332952234,0.1724522413882413,0.6153149727309727,1.442367670651571,0.0056576438357938,0.0977718585562585,2.193036921249121,0.0113219231028231,0.07099747195582196,0.1033771826118326,0.0301834835164835,0.1064801317071817,0.0108343887704887,0.0097238611000111,0.0598033173530173,0.0242392736467236,0.0040745717264217,0.0237169428515928,0.1150183044455544,0.025025045003145,0.0021088811447811,0.002409047088097,2.6271379310344827,0.12937931034482758,0.069766824815222,0.021724137931034483,0.0,0.072,0.442,0.19593103448275861,0.05882758620689656,0.008655172413793103,0.0,0.014239831701666605,1.105403006089098,0.0919095478357782,0.0605,0.004689655172413793,0.024992967445355993,0.0023666666666666667,0.01983388719695172,0.00674494200807625,0.004581037993120545,0.30983333333333335,0.03860139249796252,0.06646181043862201,0.040832562792284505,0.015495273647448793,0.024581204370036566,0.007137931034482759,0.04475,0.0729168382012052,0.001323553944676973,0.009,0.05035283589401385,0.09332368849169728,0.01306896551724138,0.00717142857142855,0.01552224989588627,0.00906896551724138,0.013647360690744592,0.04834625866304569,0.0011531000568113278,0.004157138192392972,0.016597939168034107,0.004413793103448276,0.008517241379310344,0.0026896551724137933,0.004612974468000496,0.00512006418894247,0.005103448275862069,0.006531533689779176,0.005690972287275367,0.0354873370523909,0.0,0.001906631240417715,0.003871027972195226,0.009781603434249633,0.0045117181656702315,0.0010706758730158,0.0013776146031746,0.0175558949206349,0.0023526784126984,0.0008563301587301,0.097558105079365,41400.0,41459.0,872.1550222222221,31.292884444444443,239.70404888888888,31.98629777777778,1.7969822222222223,0.16367555555555555,0.0071022222222222224,29.762094333333334,26.778325017777778,23.795127115555555,21.820552582222223,19.499919435555558,16.945654106666666,14.770687053333335,12.887933377777777,11.08993476,9.78613208,8.701222031111111,8.088621582222222,7.29282972,6.411550853333334,4.769037862222222,12.326333973333334,3.1271636044444446,0.8307838444444445,0.46436624000000004,0.105103,0.08091346666666666,0.05135927111111112,0.04158977333333334,0.0377564,0.03255233777777778,0.026682222222222222,0.024594084444444445,0.023159933333333334,0.022223324444444446,0.021012013333333336,0.02566216888888889,0.01930222222222222,0.01441424,0.007652377777777777,0.010249724444444445,0.011616942222222223,0.77701764,18285356.888888888,1893.6686666666667,0.247625,0.0605,0.0,0.008574222455356825,1.2232,0.0282444444444444,0.01863202822011991,0.05135000000000001,0.0108343887704887,0.06357232962639853,0.0,0.0,0.0076444444444444,0.03224375,0.14027142857142855,0.0315888888888888,0.0,0.8872994679724475,0.03552499999999995,0.0,0.00717142857142855,0.0,0.0,0.0683833333333333,0.0229,0.027725,0.040216666666666595,0.0159125,0.0,0.004,0.04475,0.0,0.30983333333333335,0.01729999999999995,0.0,0.12431249999999999,0.10816,0.0,0.00386,0.15256999999999998,0.005725,0.0,0.00506,0.0119285714285714,0.0150642857142857,0.01200714285714285,0.00616875,0.0,0.012108333333333299,0.0,0.0096583333333333,0.0955625,0.0,0.0,,,,0.010256862450233852,0.00910344827586207,0.2861647922774485,2.882644320727945,1.3183339737960944,34.63807522532584,506.0,344.94189,1.0,2024-08-12 11:30:00
2024-08-12 05:45:00,34.98266666666667,1.0,0.0547865511111111,0.22459805465010743,0.002834283997791802,0.02093757331926625,1.0139631155555555,4.6187000000000005e-07,1.6252140872973772e-08,5.3110507945704e-08,1.8882441221711488e-31,1.2966307920299508e-11,3.642203250362257e-11,3.9770282122052405e-10,7.488608518603369e-32,6.486270946918807e-12,2.4717119190571475e-09,1.8281883438823103e-09,1.6071417145047307e-13,1.8081487650630224e-07,1.204328366348793e-08,2.984642460468e-08,2.5796338409044444e-07,3.069007334910199e-11,4.4234781422884e-12,0.152,1309.9453333333333,1.9277333333333333,0.04253333333333333,1.9277333333333333,40.73434,-111.87211,294.0855555555555,49.22088888888889,877.3386666666667,142.01666666666668,3.1786666666666665,432639.1111111112,1958.7653333333333,122.45288888888888,18557467.458666667,0.0006731377777777,5.5244444444444445e-05,0.0003650266666666,0.0003570711111111,6.012444444444445e-05,0.0015955422222222,0.0056768044444444,0.1094241288888888,1.6773480000000005,2.308733333333333,7.4137252,0.1666088888888889,0.6159406666666667,1.2478153333333333,0.0048144,0.0984474222222222,2.1702404444444445,0.0079924,0.07412622222222223,0.0994678666666666,0.0346175111111111,0.1204384444444444,0.0091142666666666,0.0109132888888888,0.0672432888888888,0.0297832,0.0037134222222222,0.0238420888888888,0.1262479111111111,0.0245954222222222,0.0024317777777777,0.0021747999999999,2.6289310344827586,0.1288103448275862,0.07172465945140283,0.022137931034482757,0.0,0.072,0.442,0.1960344827586207,0.058586206896551724,0.008672413793103448,0.0,0.015408883961501418,1.1452237693926932,0.136316915478399,0.06715,0.004655172413793103,0.026003663543175994,0.00235,0.01871946373043653,0.00674494200807625,0.004581037993120545,0.33,0.036959323879487846,0.07698335332491235,0.04660753970901491,0.01752195634787704,0.024964920274511214,0.00693103448275862,0.046825,0.06578307078544748,0.0013073762474431244,0.009,0.05376288242621112,0.08714799608358406,0.01296551724137931,0.010757142857142825,0.008857872381864706,0.008965517241379312,0.013638080708922083,0.05217055533189712,0.0018201225785074834,0.004152507479128577,0.01815728796063071,0.004293103448275862,0.008241379310344826,0.0026551724137931034,0.0073458480075233945,0.006313005644806073,0.004948275862068966,0.006229731944773364,0.005472313663256298,0.03937045865711852,0.0,0.0018252267993760763,0.003912530584694004,0.009878945346138835,0.0067920899933656105,0.0010867066666666,0.0015184933333333,0.0171601911111111,0.0024366755555555,0.0010642622222222,0.0942356622222222,42300.0,42359.0,872.2305288888889,31.279653333333332,237.29264,31.57167111111111,1.797968888888889,0.1656088888888889,0.0071155555555555555,29.607628893333334,26.709331693333336,23.760778906666665,21.551062373333334,19.37471620888889,16.843067955555554,14.597691071111111,12.717070293333334,11.001022724444445,9.700823257777778,8.573821866666666,8.026355226666666,7.170614271111111,6.323662182222223,4.646826853333334,11.884030008888889,3.0076835288888892,0.79958792,0.4387538844444444,0.10691408,0.07809509333333334,0.05374002222222222,0.04463886666666667,0.036660177777777775,0.030579355555555555,0.021709155555555557,0.022491057777777778,0.022403813333333335,0.02051929777777778,0.023541324444444445,0.030855186666666666,0.022020626666666664,0.014174266666666666,0.009117542222222223,0.008630244444444444,0.012063066666666667,0.7612316,18257835.111111112,1896.2422222222224,0.2873125,0.06715,0.0,0.011773036707338291,1.2760250000000002,0.0282444444444444,0.019087285111012472,0.049412500000000005,0.0091142666666666,0.06877847320162708,0.0,0.0,0.0076444444444444,0.036959374999999996,0.15574285714285713,0.0315888888888888,0.0,0.8957692120993296,0.03875416666666663,0.0,0.010757142857142825,0.0,0.0,0.07634166666666664,0.025125,0.0318625,0.0439416666666666,0.01748125,0.0,0.006,0.046825,0.0,0.33,0.017919999999999978,0.0,0.12419375,0.11132,0.0,0.00579,0.157165,0.0085875,0.0,0.00759,0.0178928571428571,0.022596428571428552,0.018010714285714276,0.009253125,0.0,0.014112499999999948,0.0,0.00990416666666665,0.09765625,0.0,0.0,,,,0.01233327559078987,0.008948275862068967,0.28602999268060814,2.963585880325287,1.3542236567666537,33.4686398919829,476.0,344.80463,1.0,2024-08-12 11:45:00
2024-08-12 06:00:00,34.20355555555555,1.0,0.0586671155555555,0.22017670217920707,0.002810947797070318,0.020289289387411057,1.001540991111111,4.7220316296296295e-07,6.541372000000001e-07,1.8143030666666666e-06,3.539241210514222e-29,6.698318177777777e-10,1.951331777777778e-09,2.0466624e-08,1.4042298118971558e-29,2.9230000888888887e-10,1.2171884888888888e-07,9.119780888888888e-08,8.021261244444445e-12,4.565530666666666e-06,5.672154755555555e-07,4.758915111111111e-07,5.539020444444444e-06,1.5764618222222222e-09,2.036849066666667e-10,0.152,1310.255111111111,2.1254222222222223,0.04604444444444444,2.1254222222222223,40.7343388,-111.87211,294.5891111111111,47.66711111111111,877.328,162.55053333333333,2.3857777777777778,432813.3333333333,1959.464888888889,122.74755555555556,18212141.356444445,0.0006397999999999,3.517777777777778e-05,0.0003469911111111,0.00032732,7.04e-05,0.0014094622222222,0.0058669866666666,0.1029385422222222,2.052805333333333,2.650535555555556,8.2667628,0.1659905333333333,0.6175726222222223,1.2848405333333337,0.0038088,0.0984644444444444,2.1865720444444445,0.0122002666666666,0.08039128888888888,0.1023798666666666,0.0371592444444444,0.1252418222222222,0.0109265333333333,0.0066305333333333,0.0706334222222222,0.0310003111111111,0.0037885333333333,0.0239072888888888,0.1405528888888888,0.0267740888888888,0.0030057333333333,0.0019886666666666,2.6307241379310344,0.12824137931034482,0.023554588701198337,0.022551724137931037,0.0,0.072,0.442,0.19613793103448277,0.0583448275862069,0.008689655172413793,0.0,0.015531765306699401,1.0313729382564816,0.18072428312101982,0.0738,0.004620689655172414,0.027014359640996,0.002333333333333333,0.01519272288863279,0.00674494200807625,0.004581037993120545,0.3501666666666667,0.035317255261013175,0.0806040592253487,0.04531240604011939,0.01691553759272562,0.02534863617898586,0.006724137931034482,0.0489,0.05864930336968971,0.0012911985502092756,0.009,0.04252888319735524,0.08097230367547081,0.01286206896551724,0.0143428571428571,0.002193494867843142,0.008862068965517242,0.013628800727099571,0.05599485200074855,0.002505274263461725,0.004147876765864181,0.01779130953032232,0.004172413793103448,0.007965517241379309,0.0026206896551724135,0.0067557157214996645,0.00629653166350049,0.0047931034482758626,0.005927930199767553,0.005253655039237229,0.043253580261846156,0.0,0.0017438223583344371,0.003954033197192782,0.009976287258028037,0.007147028430289119,0.0010865377777777,0.0015635955555555,0.0161645111111111,0.0024190977777777,0.0012452755555555,0.0919249377777777,43200.0,43259.0,872.2158533333334,31.272835555555556,234.13945333333334,31.052106666666663,1.757902222222222,0.16470666666666667,0.006937777777777778,29.454599235555555,26.340883351111113,23.458199337777778,21.375169235555557,19.09106088,16.592014702222222,14.355546711111112,12.594890928888889,10.80941988,9.55249100888889,8.50067251111111,7.814993688888889,7.151600933333333,6.200461564444444,4.541901804444445,11.667240853333334,2.888343662222222,0.80683056,0.4182188711111111,0.09794281333333334,0.07178768444444444,0.04890086666666667,0.04065032888888889,0.03223530222222222,0.02760093777777778,0.02292064,0.02209417777777778,0.021265595555555555,0.021750822222222223,0.023566595555555556,0.027725800000000002,0.017490524444444443,0.016874506666666667,0.010191222222222221,0.009828488888888888,0.012125088888888889,0.7838453422222222,17920069.77777778,1897.214711111111,0.327,0.0738,0.0,0.014971850959319757,1.32885,0.0282444444444444,0.01954254200190503,0.047475,0.0109265333333333,0.07398461677685565,0.0,0.0,0.0076444444444444,0.041675,0.1712142857142857,0.0315888888888888,0.0,0.9011339572355556,0.0419833333333333,0.0,0.0143428571428571,0.0,0.0,0.0843,0.02735,0.036,0.0476666666666666,0.01905,0.0,0.008,0.0489,0.0,0.3501666666666667,0.01854,0.0,0.124075,0.11448,0.0,0.00772,0.16176,0.01145,0.0,0.01012,0.0238571428571428,0.0301285714285714,0.0240142857142857,0.0123375,0.0,0.0161166666666666,0.0,0.01015,0.09975,0.0,0.0,,,,0.011765888360759428,0.008793103448275863,0.2821935240658095,3.33794247681418,1.6103304390192243,31.0,418.0,345.3797,0.8324934408752981,2024-08-12 12:00:00
2024-08-12 06:15:00,31.916888888888888,1.0,0.0780136977777777,0.2157553497083067,0.0027876115963488346,0.019641005455555867,1.0767336355555557,4.06334143246546e-06,1.3157002666666666e-05,3.981159733333333e-05,8.421388e-28,1.1154332888888889e-08,3.365741644444444e-08,3.607789688888889e-07,3.3590939999999998e-28,4.809048888888888e-09,2.2068025777777775e-06,1.6509337333333333e-06,1.3378217333333332e-10,0.00011803195111111112,1.0525430222222222e-05,1.6537416000000002e-05,0.00015518723111111111,2.7647560888888888e-08,3.387204088888889e-09,0.152,1310.7888888888888,2.0236444444444444,0.045733333333333334,2.0236444444444444,40.7343356,-111.87211,294.7553333333333,47.26133333333333,877.3284444444445,146.52137777777776,2.0604444444444443,436446.5333333334,1963.0035555555555,135.17866666666666,18218142.816888887,0.0006366888888888,2.2955555555555555e-05,0.0003413022222222,0.0004106755555555,8.659555555555557e-05,0.0014630399999999,0.0063921422222222,0.2220875422222222,3.489829777777778,4.268803111111112,15.5095064,0.1668159555555555,0.7298070666666666,1.5513809333333335,0.0056967111111111,0.1163518222222222,2.246537955555555,0.0128207111111111,0.0898364888888889,0.1076416444444444,0.0421273333333333,0.1402329777777778,0.0118305333333333,0.0087938222222222,0.0765405333333333,0.0318587111111111,0.0034702666666666,0.0259093333333333,0.1615828,0.0271298666666666,0.0026079111111111,0.0037258222222222,2.6325172413793103,0.12767241379310346,0.07504060409641172,0.02296551724137931,0.0,0.072,0.442,0.19624137931034483,0.05810344827586207,0.008706896551724137,0.0,0.01682207043958495,1.435980653730006,0.14557076638106103,0.0717875,0.004586206896551724,0.028025055738816,0.0023166666666666665,0.016691882340376142,0.00674494200807625,0.004581037993120545,0.34748333333333337,0.029023815341473774,0.09190414176840252,0.04401727237122387,0.016309118837574195,0.025296645556640043,0.006517241379310345,0.05169375,0.051515535953931935,0.0012750208529754272,0.009,0.046038757439413165,0.0747966112673576,0.012758620689655172,0.0155178571428571,0.014720099378737793,0.008758620689655171,0.013182882219285014,0.05981914866959998,0.002621971393640015,0.004143246052599786,0.019302158198353275,0.004051724137931034,0.007689655172413792,0.002586206896551724,0.007200810317991066,0.006280057682194908,0.004637931034482758,0.0056623577787656264,0.00503499641521816,0.039939159700620716,0.0,0.001852932329575375,0.005609929967574808,0.00962606946817448,0.007542898330266554,0.00109412,0.0015097822222222,0.0167213377777777,0.00248836,0.0013007244444444,0.09261292,44100.0,44159.0,872.2233466666668,31.263457777777777,236.85744444444444,31.55794222222222,1.82408,0.16830666666666666,0.007053333333333333,29.920976048888893,26.739836933333333,23.701830955555558,21.512062168888892,19.29870631111111,16.79544551111111,14.558240413333333,12.676159453333332,10.911453426666666,9.620967533333333,8.598588222222222,7.853372871111111,7.199786106666667,6.2540839733333335,4.651154022222223,11.784944924444444,2.991879728888889,0.7975100622222223,0.4213480711111111,0.10252766666666666,0.08505627111111111,0.05243804444444444,0.04577302222222222,0.03371366666666666,0.031080813333333332,0.022669022222222224,0.022530675555555553,0.02042405777777778,0.02688072888888889,0.02572138666666667,0.03216036,0.021630137777777777,0.013041391111111111,0.010163853333333334,0.008692697777777777,0.014561319999999999,0.8946539511111111,17902924.0,1900.9594222222224,0.315425,0.08450464423784115,0.0,0.013742951372059352,1.4954562801592601,0.0282444444444444,0.017878131374091853,0.0472375,0.0118305333333333,0.06887969884810699,0.0,0.0,0.0076444444444444,0.037649999999999996,0.1612892857142857,0.0315888888888888,0.0,0.9733733951555557,0.05757318549691402,0.0,0.0155178571428571,0.0,0.0,0.08827499999999999,0.026974999999999975,0.035358333333333325,0.0461541666666666,0.021275000000000002,0.0,0.007746875,0.05169375,0.0,0.34748333333333337,0.019195,0.0,0.13023125,0.11816,0.0,0.00579,0.16050999999999999,0.0085875,0.0,0.0196,0.0178928571428571,0.029714285714285676,0.022560714285714274,0.012768749999999999,0.0,0.01403749999999995,0.0,0.010974999999999974,0.10325000000000001,0.0,0.0,,,,0.011198501130728988,0.008637931034482758,0.35267464203991894,4.770753963854605,2.8228716968920664,30.63720257032633,328.0,347.49469,0.3860499140345421,2024-08-12 12:15:00
2024-08-12 06:30:00,30.08177777777778,1.0,0.1015875777777777,0.2113339972374063,0.002764275395627351,0.018992721523700674,1.1478834,4.306173993015873e-05,0.00010368314222222223,0.00034065942222222224,4.698698666666667e-27,7.302757777777778e-08,2.2945604444444445e-07,2.4959844444444443e-06,1.8245484444444444e-27,2.6034377777777778e-08,1.5717488888888888e-05,1.1675920000000001e-05,8.382991111111111e-10,0.0011721757777777776,7.640703999999999e-05,0.00019451300888888892,0.0016590254666666666,1.900502222222222e-07,1.9046493333333335e-08,0.152,1310.1982222222223,2.180266666666667,0.04844444444444444,2.180266666666667,40.734339600000006,-111.87211,294.506,47.87733333333333,877.1706666666666,142.81235555555557,2.0044444444444443,438442.8888888889,1966.8257777777776,147.704,18398058.131555557,0.0006194977777777,4.728888888888889e-06,0.0003468666666666,0.0005274222222222,0.0001077422222222,0.0021575466666666,0.0069824177777777,0.879148393110963,4.907239656047657,6.423470981814481,14.263284133333334,0.1669630666666667,0.8142324444444444,1.8110752,0.0053478666666666,0.1277653777777777,2.3034471111111112,0.0132960444444444,0.09184942222222221,0.1173167111111111,0.0558988,0.1638962666666666,0.0127808444444444,0.0163734666666666,0.0933897333333333,0.0377921777777777,0.0038921777777777,0.0305749333333333,0.1577497777777777,0.0318606222222222,0.0037634666666666,0.0044932444444444,2.634310344827586,0.12710344827586206,0.08112136337352537,0.023379310344827584,0.0,0.072,0.442,0.19634482758620692,0.057862068965517245,0.008724137931034482,0.0,0.020502483561342846,1.5114944567854494,0.20338906278394775,0.069775,0.004551724137931035,0.02903575183663601,0.0023,0.019448454026249583,0.00674494200807625,0.004581037993120545,0.3448,0.022730375421934373,0.10974113349953535,0.04272213870232835,0.01570270008242277,0.025244654934294224,0.006310344827586207,0.0544875,0.044381768538174216,0.0012588431557415784,0.009,0.056050177906525174,0.06862091885924437,0.012655172413793103,0.0166928571428571,0.027246703889632445,0.008655172413793103,0.012736963711470454,0.06364344533845141,0.003428609944442131,0.004138615339335391,0.023611640599912317,0.00393103448275862,0.007413793103448274,0.0025517241379310347,0.010277410914210965,0.0062635837008893245,0.004482758620689655,0.005396785357763701,0.004816337791199089,0.036624739139395276,0.0,0.002607126618204288,0.007265826737956835,0.00927585167832092,0.010279246018818234,0.0011108355555555,0.0013588488888888,0.0170119688888888,0.0025826933333333,0.0013389288888888,0.0902793777777777,45000.0,45059.0,872.0991155555555,31.237511111111115,243.73209333333335,32.35932444444445,1.8715733333333333,0.1684577777777778,0.007262222222222223,31.378438662222223,27.940525733333335,24.44812236888889,22.294474177777776,19.87332503111111,17.137000226666665,14.884662093333333,12.954907173333334,11.19139672888889,9.747192168888889,8.7500576,8.063069244444444,7.298695751111111,6.309861497777778,4.6945414,11.904890022222222,3.010657662222222,0.8098006222222222,0.45223564,0.10054579555555555,0.08995261333333332,0.05578591555555556,0.04772704444444444,0.035189844444444444,0.03009612888888889,0.027541435555555556,0.024397995555555555,0.023560355555555558,0.024168493333333332,0.021966795555555554,0.03556701777777778,0.019183359999999997,0.01627184,0.01016760888888889,0.011375053333333333,0.014684208888888889,0.9642522488888888,18084034.22222222,1904.2228444444445,0.30385,0.10462562945552545,0.0,0.012514051784798945,1.5672520561520926,0.0282444444444444,0.01621372074627867,0.047,0.0127808444444444,0.06377478091935831,0.0,0.0,0.0076444444444444,0.033625,0.1513642857142857,0.0315888888888888,0.0,1.0362981951381185,0.07331729422920989,0.0,0.0166928571428571,0.0,0.0,0.09225,0.02659999999999995,0.034716666666666646,0.0446416666666666,0.0235,0.0,0.00749375,0.0544875,0.0,0.3448,0.01985,0.0,0.1363875,0.12184,0.0,0.00386,0.15926,0.005725,0.0,0.029079999999999998,0.0119285714285714,0.02929999999999995,0.021107142857142852,0.0132,0.0,0.0119583333333333,0.0,0.01179999999999995,0.10675000000000001,0.0,0.0,,,,0.010631113900698546,0.008482758620689656,0.7413508654883583,6.184008389192369,4.437328886787305,28.94236280501465,238.0,351.26971,0.5635834071069725,2024-08-12 12:30:00
2024-08-12 06:45:00,29.95288888888889,1.0,0.1040526755555555,0.20691264476650595,0.002740939194905867,0.018344437591845484,1.2944564933333331,0.00017931376,0.0003674142222222222,0.0012755351111111111,1.1591386666666667e-26,2.6254444444444443e-07,7.898435555555555e-07,8.501546666666667e-06,4.3860844444444446e-27,8.124195555555556e-08,5.357088888888889e-05,3.924288888888889e-05,2.892657777777778e-09,0.0050333999999999995,0.00025920991111111114,0.001073464,0.00786103111111111,6.494386666666667e-07,6.009542222222222e-08,0.152,1309.733777777778,2.563688888888889,0.047822222222222224,2.563688888888889,40.73434,-111.87211,294.6002222222222,46.419999999999995,876.9839999999999,135.7424,1.4631111111111113,439588.0444444445,1967.110222222222,149.61155555555555,17932576.740888886,0.0005393377777777,3.4702222222222226e-05,0.0003773422222222,0.0005425066666666,9.138222222222225e-05,0.0028803866666666,0.0049463155555555,0.272512225020905,4.415830008972509,5.242058133570133,11.347025066666667,0.1742338666666666,0.9465349777777778,2.246999866666666,0.0046620444444444,0.1396180888888888,2.5412360888888887,0.0133472,0.11784395555555556,0.1408516888888889,0.0682439111111111,0.2111268888888889,0.0190616,0.0173101333333333,0.1139900888888889,0.0455324444444444,0.0046056444444444,0.0370731555555555,0.1521518222222222,0.0380101333333333,0.0034892444444444,0.0047825777777777,2.636103448275862,0.12653448275862067,0.08657231865177367,0.023793103448275864,0.0,0.072,0.442,0.19644827586206898,0.05762068965517242,0.008741379310344827,0.0,0.025002271023035094,1.5171140886407386,0.2121945460059046,0.0677625,0.004517241379310345,0.03004644793445601,0.0022833333333333334,0.02615392238166655,0.00674494200807625,0.004581037993120545,0.3421166666666666,0.016436935502394973,0.14534278726752087,0.04142700503343283,0.015096281327271348,0.025192664311948405,0.0061034482758620685,0.057281250000000006,0.03724800112241644,0.0012426654585077298,0.009,0.06829045170223501,0.06244522645113115,0.012551724137931035,0.017867857142857102,0.0397733084005271,0.008551724137931035,0.012291045203655895,0.06746774200730285,0.004480878009230903,0.004133984626070996,0.02888054771315959,0.0038103448275862064,0.007137931034482757,0.0025172413793103448,0.014290867191862264,0.006247109719583742,0.0043275862068965516,0.005131212936761775,0.00459767916718002,0.033310318578169844,0.0,0.003590980617968031,0.008921723508338862,0.008925633888467361,0.013848838972140735,0.0012445022222222,0.0017243466666666,0.0178968888888888,0.0028389022222222,0.0014187066666666,0.0832933155555555,45900.0,45959.0,871.9024088888889,31.276417777777777,245.36399555555556,33.22860444444445,1.9794977777777776,0.17308,0.007844444444444444,30.877842675555556,27.668008555555556,24.536621711111113,22.185427053333335,19.73653198222222,17.23204478222222,14.86403848888889,13.142471764444444,11.26045536888889,9.901158586666668,8.88104648888889,8.215585822222222,7.510953657777778,6.49453576,4.840802662222222,12.693117591111111,3.285855182222222,0.896172928888889,0.5021952844444445,0.10794145777777778,0.09204318222222223,0.06222767555555555,0.048993586666666665,0.04520541333333334,0.03847587555555555,0.03048064,0.025190297777777777,0.022651582222222223,0.02511784,0.026029666666666666,0.03649632888888889,0.02273770666666667,0.01598524888888889,0.009681279999999999,0.01349544888888889,0.016290142222222224,1.0561225733333337,17694400.0,1905.308755555556,0.292275,0.1076899708278305,0.0,0.011285152197538537,1.5911422626814797,0.0282444444444444,0.014549310118465494,0.0467625,0.0190616,0.058669862990609646,0.0,0.0,0.0076444444444444,0.0296,0.1414392857142857,0.0315888888888888,0.0,1.1591960974993922,0.07571505573226196,0.0,0.017867857142857102,0.0,0.0,0.096225,0.026224999999999925,0.03407499999999997,0.0431291666666666,0.025724999999999998,0.0,0.007240625,0.057281250000000006,0.0,0.3421166666666666,0.020505000000000002,0.0,0.14254375,0.12552000000000002,0.0,0.0019300000000000003,0.15801,0.0028625000000000005,0.0,0.03856,0.0059642857142857,0.028885714285714223,0.019653571428571426,0.013631250000000001,0.0,0.009879166666666649,0.0,0.012624999999999924,0.11025,0.0,0.0,,,,0.010063726670668105,0.008327586206896552,0.3825027397758715,5.69403941900971,3.5521156745718794,28.82332586339673,148.0,357.6105,0.6917704621376789,2024-08-12 12:45:00
2024-08-12 07:00:00,31.744,1.0,0.0909447422222222,0.20249129229560558,0.0027176029941843836,0.01769615365999029,1.506360266666667,0.0004118474666666667,0.0008617377777777777,0.0031931200000000002,1.902271111111111e-26,6.414502222222221e-07,1.781708888888889e-06,1.8945244444444442e-05,7.235075555555555e-27,1.9621226666666667e-07,0.00011918097777777778,8.541155555555557e-05,6.9792222222222226e-09,0.014169782222222224,0.0005705386666666666,0.003369328888888889,0.02337252888888889,1.4597457777777777e-06,1.4061253333333332e-07,0.152,1309.0515555555555,2.083111111111111,0.04995555555555556,2.083111111111111,40.734339733333336,-111.87211,294.4233333333333,43.18355555555556,876.9404444444444,118.57782222222222,2.667555555555556,439109.1111111111,1961.971111111111,145.0137777777778,16422897.527555551,0.00054276,6.875111111111112e-05,0.0003973422222222,0.00037016,7.916000000000002e-05,0.0017455422222222,0.001538616132875,0.843856311111111,3.249398222222222,4.712332,13.214707866666666,0.1784935111111111,1.031034977777778,1.8860083111111112,0.0036288444444444,0.1524775111111111,2.963240711111111,0.0091298222222222,0.18197742222222224,0.1870540444444444,0.0624110666666666,0.1502851111111111,0.0142076444444444,0.0319799111111111,0.0781360444444444,0.0318947111111111,0.0034458666666666,0.0433661777777777,0.1568056444444444,0.0413367555555555,0.0024142222222222,0.0031234222222222,2.637896551724138,0.1259655172413793,0.02298573960455226,0.024206896551724137,0.0,0.072,0.442,0.19655172413793104,0.057379310344827586,0.008758620689655171,0.0,0.01717058194335034,0.9085806233934359,0.1289180186333765,0.06575,0.004482758620689655,0.031057144032276017,0.002266666666666667,0.039317666832533536,0.00674494200807625,0.004581037993120545,0.3394333333333333,0.010143495582855572,0.09948127189552959,0.0401318713645373,0.014489862572119925,0.025140673689602586,0.00589655172413793,0.060075,0.030114233706658666,0.0012264877612738812,0.009,0.04698677470986413,0.05626953404301788,0.012448275862068965,0.0190428571428571,0.05229991291142175,0.008448275862068966,0.011845126695841337,0.07129203867615427,0.0026268654950920398,0.004129353912806601,0.019710238525895544,0.0036896551724137933,0.00686206896551724,0.002482758620689655,0.007219476913370482,0.006230635738278159,0.004172413793103448,0.004865640515759849,0.004379020543160951,0.029995898016944404,0.0,0.0018575082370365522,0.010577620278720888,0.008575416098613804,0.007559500516192916,0.0015894933333333,0.0028253199999999,0.01962128,0.0039337999999999,0.0015524533333333,0.1309851555555555,46800.0,46859.0,871.8614133333334,31.277955555555554,238.67807555555555,34.003617777777784,2.0440577777777778,0.17470666666666668,0.008684444444444444,28.45161992,25.383899795555557,22.640501893333333,20.54325247555556,18.47616253333333,16.257931226666667,14.2307796,12.468146644444444,10.855986053333334,9.70480892888889,8.847595662222222,8.358241897777777,7.846368782222223,7.1266055377777775,5.510097977777778,15.307766937777778,4.335442026666667,1.13213344,0.5883466177777777,0.11210963111111111,0.09242465333333333,0.05099885777777778,0.04772213777777778,0.036859826666666665,0.03465619111111111,0.031043373333333336,0.02288970222222222,0.025596306666666666,0.01866558222222222,0.0236156,0.03597853777777778,0.021692324444444445,0.017491724444444447,0.009782999999999998,0.014160995555555556,0.016630342222222223,1.1306463733333334,16204164.888888888,1903.9586666666669,0.2807,0.06575,0.0,0.010056252610278132,1.2089,0.0282444444444444,0.012884899490652316,0.046525,0.0142076444444444,0.05356494506186098,0.0,0.0,0.0076444444444444,0.025575,0.1315142857142857,0.0315888888888888,0.0,1.1686498596044443,0.0414,0.0,0.0190428571428571,0.0,0.0,0.1002,0.0258499999999999,0.0334333333333333,0.0416166666666666,0.02795,0.0,0.0069875,0.060075,0.0,0.3394333333333333,0.02116,0.0,0.1487,0.1292,0.0,0.0,0.15676,0.0,0.0,0.04804,0.0,0.0284714285714285,0.0182,0.0140625,0.0,0.0078,0.0,0.0134499999999999,0.11375,0.0,0.0,,,,0.009496339440637665,0.008172413793103447,0.7204742706786367,4.531027286985041,3.1552005970112114,31.0,100.0,367.21017,0.7218572390068801,2024-08-12 13:00:00
2024-08-12 07:15:00,33.51911111111112,1.0,0.0640403244444444,0.1980699398247052,0.0026942667934629,0.0170478697281351,1.2423599466666668,0.0006567080888888889,0.001605732,0.006068355555555556,2.715284444444445e-26,1.2509413333333334e-06,3.2264533333333337e-06,3.42472e-05,1.0250960000000001e-26,4.125786666666667e-07,0.00021515955555555556,0.00015202564444444445,1.3766826666666667e-08,0.02720911111111111,0.0010308253333333333,0.006309986666666667,0.04479635555555555,2.6615555555555552e-06,2.8104844444444445e-07,0.152,1309.1346666666666,1.4046222222222222,0.05151111111111111,1.4046222222222222,40.73433697777777,-111.87211,294.4082222222222,42.55111111111111,876.9173333333333,115.83542222222222,3.186222222222222,436872.4,1959.1866666666667,133.39644444444446,16143376.555555554,0.00060596,8.715111111111111e-05,0.0003664488888888,0.0002786488888888,8.711555555555557e-05,0.00116388,0.0015163139923908822,0.8186599555555555,2.2188266666666667,3.676874666666667,10.98154551089836,0.180446379002479,0.9512142701335702,1.5898436383246382,0.0047815726329226,0.1464123736189736,2.9664404985125987,0.0083585259333259,0.20660268362378362,0.1878810386594886,0.0695128452232952,0.128128656031006,0.0146031302752802,0.0359774514393014,0.0635018788304288,0.0241850999167499,0.0013427315795315,0.0478678481092981,0.1541198057942057,0.0446821614922114,0.0016895663336663,0.0031445615958115,2.639689655172414,0.12539655172413794,0.0871326135761615,0.02462068965517241,0.0,0.072,0.442,0.1966551724137931,0.05713793103448276,0.008775862068965516,0.002565,0.01397400435202249,1.3605722187718428,0.13734383541180506,0.08398749999999999,0.0044482758620689655,0.05508797282184536,0.0022500000000000003,0.039553289895000496,0.00674494200807625,0.010746773991638162,0.4047,0.026259609914164275,0.08278010630900706,0.03883673769564178,0.013883443816968502,0.025088683067256767,0.005689655172413793,0.07223750000000001,0.022980466290900947,0.0012103100640400324,0.009,0.03829147848528002,0.05009384163490466,0.012344827586206896,0.023196428571428524,0.054101346912166226,0.008344827586206896,0.015907939767040646,0.0751163353450057,0.0015787649578455696,0.004124723199542205,0.015967290541712278,0.0035689655172413794,0.0065862068965517225,0.0024482758620689654,0.003221916005099513,0.006214161756972577,0.004017241379310345,0.006184079435107393,0.005363117057389975,0.03895615608696534,0.0,0.0008775508096186043,0.01752221538556105,0.013583378122608361,0.004004045003172537,0.0016082444444444,0.0029393377777777,0.0189569911111111,0.0038089911111111,0.0013114444444444,0.1656274133333333,47700.0,47759.0,871.8372444444445,31.269582222222223,237.07795555555555,33.99001777777777,1.960377777777778,0.16855555555555554,0.008697777777777778,27.285377200000003,24.551996591111113,22.01608131111111,20.12921997777778,18.15412049777778,16.083775791111112,14.097880053333334,12.392657448888889,10.847745475555557,9.831412386666667,8.894683764444444,8.554018613333334,8.063092222222222,7.394049177777778,5.6798368,16.10233416,4.666977026666667,1.1890662488888888,0.5844529955555555,0.10972730222222223,0.08743222666666667,0.047761453333333335,0.042647373333333335,0.03202364444444444,0.031044982222222225,0.02877658222222222,0.025337377777777777,0.021697626666666667,0.013737937777777777,0.021112835555555556,0.02896322222222222,0.018897675555555556,0.01653055111111111,0.010405013333333333,0.009203955555555556,0.0138384,1.0842440266666666,15890378.222222224,1901.7673333333328,0.3467875,0.08164164123156364,0.0,0.014208155533915393,1.5132304451938694,0.0282444444444444,0.018508199736977586,0.05188125,0.0146031302752802,0.0708121830730237,0.0,0.0,0.0076444444444444,0.036456249999999996,0.16504642857142854,0.0315888888888888,0.0,1.0462327036933334,0.05533296563968225,0.0,0.023196428571428524,0.0,0.00700416666666665,0.11195,0.034233333333333255,0.047770833333333304,0.05558749999999993,0.0288,0.002565,0.00929375,0.07223750000000001,0.0,0.4047,0.02195,0.0,0.173825,0.165875,0.0,0.0033,0.20131,0.0,0.0,0.07638500000000001,0.01085714285714285,0.03463928571428565,0.024757142857142853,0.0174875,0.007342857142857125,0.01285416666666665,0.0,0.013324999999999924,0.1128625,0.0,0.0,,,,0.008928952210607223,0.008017241379310345,0.7055696780389275,3.5034770816105043,2.379349451059868,32.11695489630082,100.0,380.72037,0.6370701879874465,2024-08-12 13:15:00
2024-08-12 07:30:00,33.410666666666664,1.0,0.0613604047619047,0.2008227252747252,0.0025114091575091,0.0182465157509157,1.1284077476190475,0.0009454882666666667,0.0024973066666666667,0.009286146666666667,3.6196400000000005e-26,2.1351333333333335e-06,5.1782577777777775e-06,5.48628e-05,1.3543200000000001e-26,7.876537777777778e-07,0.0003404293333333334,0.00023984844444444443,2.407391111111111e-08,0.04038888888888889,0.0016311022222222223,0.009006595555555556,0.06572497777777778,4.296804444444445e-06,5.126271111111112e-07,0.152,1310.7697777777778,2.838888888888889,0.05595555555555556,2.838888888888889,40.73433995555556,-111.87211,294.45177777777775,42.583555555555556,876.8982222222222,119.56715555555554,3.2239999999999998,437731.06666666665,1958.7444444444443,141.93955555555556,16205796.81911111,0.0006653047619047,8.446469715469715e-05,0.000351638095238,0.0002348476190476,9.84809523809524e-05,0.0010273809523809,0.001494011851906764,0.7976151555555555,2.4270826666666667,3.999539111111112,14.174690515371664,0.1794501567210567,0.958933525065675,1.676395876236726,0.0038240372090872,0.1503533969585969,2.888383270657121,0.0058941471509971,0.23041740685240686,0.1845850601454101,0.0680965998741998,0.1436616848762348,0.0144852555315055,0.0297439473674473,0.0723969348873348,0.0328479285640285,0.0038799069264069,0.04854741007881,0.1731201653864653,0.0448957182021682,0.0016068465737965,0.0027225861693861,2.6414827586206897,0.12482758620689655,0.08650727371559128,0.02503448275862069,0.0,0.072,0.442,0.1967586206896552,0.056896551724137934,0.008793103448275861,0.00513,0.015916973812329736,1.351835447371819,0.17677976236717674,0.102225,0.004413793103448276,0.07911880161141471,0.0022333333333333333,0.03861421615399378,0.00674494200807625,0.016912509990155776,0.46996666666666664,0.04237572424547298,0.09448864388266148,0.037541604026746264,0.013277025061817079,0.025036692444910948,0.005482758620689655,0.0844,0.015846698875143173,0.0011941323668061838,0.009,0.04357672326035642,0.043918149226791436,0.012241379310344826,0.02734999999999995,0.0559027809129107,0.008241379310344828,0.019970752838239954,0.07894063201385713,0.0027564527984370074,0.00412009248627781,0.018242359241598182,0.0034482758620689655,0.006310344827586205,0.002413793103448276,0.007713735927320664,0.006197687775666994,0.0038620689655172414,0.007502518354454937,0.0063472135716189995,0.04791641415698629,0.0,0.001978670316340115,0.02446681049240121,0.018591340146602922,0.007999097554570313,0.0015101619047619,0.0026805428571428,0.0164061095238095,0.0033450523809523,0.0010719285714285,0.125671219047619,48600.0,48659.0,871.8292755555556,31.26786222222222,238.17595111111112,33.98876,1.9589555555555556,0.16847555555555557,0.008644444444444444,27.654269404444445,24.885929004444446,22.08129059111111,20.40525023111111,18.27677524888889,16.081613422222222,14.127715826666668,12.502049137777778,11.000187635555555,9.877621328888889,8.986180244444444,8.568981808888887,8.038795257777776,7.351422391111111,5.648973533333334,15.772248733333333,4.579357715555556,1.176924951111111,0.5810881555555556,0.12060377777777777,0.08975062666666668,0.050806373333333335,0.04108100444444444,0.031791631111111114,0.03627331111111111,0.028755382222222223,0.02004309777777778,0.023157057777777778,0.02129867111111111,0.021945844444444442,0.026778204444444446,0.02097350222222222,0.013659475555555555,0.009211817777777777,0.011297764444444443,0.011834528888888888,1.090118728888889,15945656.444444444,1901.390666666667,0.412875,0.09536549254993446,0.0,0.018360058457552654,1.5049437223053133,0.0282444444444444,0.02413149998330286,0.0572375,0.0144852555315055,0.08805942108418643,0.0,0.0,0.0076444444444444,0.0473375,0.1985785714285714,0.0315888888888888,0.0,1.086612465484915,0.06607149583811354,0.0,0.02734999999999995,0.0,0.0140083333333333,0.1237,0.0426166666666666,0.0621083333333333,0.06955833333333325,0.029650000000000003,0.00513,0.0116,0.0844,0.0,0.46996666666666664,0.022740000000000003,0.0,0.19895000000000002,0.20255,0.0,0.0066,0.24586,0.0,0.0,0.10473,0.0217142857142857,0.0408071428571428,0.0313142857142857,0.0209125,0.01468571428571425,0.017908333333333297,0.0,0.01319999999999995,0.111975,0.0,0.0,,,,0.008361564980576781,0.007862068965517242,0.6931208867646277,3.7111225327360406,2.621116611251863,32.01679967645676,100.0,398.71591,0.5796621779955203,2024-08-12 13:30:00
2024-08-12 07:45:00,30.74711111111111,1.0,0.0868240844444444,0.2103445066666666,0.0024217644444444,0.0200835066666666,1.1401111866666664,0.0018578228444444444,0.0034181066666666665,0.012372035555555555,4.659377777777778e-26,3.3221777777777777e-06,7.623151111111111e-06,8.015595555555556e-05,1.7276755555555557e-26,1.3900742222222222e-06,0.0004869808888888889,0.00034283511111111114,3.863097777777778e-08,0.051998,0.002313106666666667,0.011238177777777778,0.08375831111111112,6.332266666666666e-06,8.758168888888889e-07,0.152,1311.2413333333332,2.7866666666666666,0.0572,2.7866666666666666,40.734339066666664,-111.87211,295.1695555555555,43.14488888888889,876.9408888888888,132.27733333333333,2.7173333333333334,442226.0,1963.272,173.65911111111112,16829436.52222222,0.0006507288888888,6.658333333333334e-05,0.0003662755555555,0.0002802711111111,9.804444444444443e-05,0.0009264933333333,0.0014717097114226461,1.5648032888888888,4.93854488888889,7.2617782222222225,18.012455733333336,0.1754237777777777,1.0861571555555556,2.346931333333333,0.0037710222222222,0.1598384444444444,2.8218022666666664,0.0085385777777777,0.2089239111111111,0.1712997333333333,0.0844921777777777,0.1992188444444444,0.0201311111111111,0.0277970666666666,0.1137897333333333,0.0490033777777777,0.0031096,0.0441465333333333,0.1692129777777777,0.0427897777777777,0.0020178222222222,0.0054778222222222,2.6432758620689656,0.12425862068965517,0.0937467032443382,0.025448275862068964,0.0,0.072,0.442,0.19686206896551725,0.0566551724137931,0.008810344827586206,0.0076950000000000005,0.02495850685525954,1.4412841812934332,0.3232006691863384,0.1204625,0.004379310344827586,0.10314963040098404,0.0022166666666666667,0.034829027173961316,0.00674494200807625,0.023078245988673394,0.5352333333333333,0.05849183857678168,0.13636670235866216,0.03624647035785074,0.012670606306665656,0.02498470182256513,0.0052758620689655165,0.0965625,0.008712931459385398,0.0011779546695723352,0.009,0.06817140488045184,0.037742456818678216,0.012137931034482758,0.031503571428571374,0.05770421491365517,0.008137931034482758,0.024033565909439263,0.08276492868270857,0.004952741894412825,0.0041154617730134145,0.028829303218422662,0.0033275862068965515,0.006034482758620688,0.002379310344827586,0.016090603528591693,0.0061812137943614105,0.003706896551724138,0.008820957273802481,0.007331310085848024,0.05687667222700723,0.0,0.004032165888447074,0.03141140559924137,0.02359930217059748,0.015449535653751872,0.0015015422222222,0.0024855377777777,0.0165639111111111,0.0030574222222222,0.0010325066666666,0.1116634711111111,49500.0,49559.0,871.8387600000001,31.23308888888889,244.78217777777778,34.386031111111116,2.057208888888889,0.17400888888888888,0.008577777777777778,29.901210133333333,26.550384204444445,23.437777675555555,21.344646017777777,19.175544733333332,16.6127424,14.483180173333333,12.731051391111112,11.126291848888888,9.923342777777778,9.047287928888888,8.512559853333334,7.940144506666667,7.164958106666666,5.4257374533333325,14.93751724,4.156510182222222,1.108074897777778,0.5677091955555557,0.12183011555555555,0.09892400444444445,0.05708808,0.04122228888888889,0.03971895555555556,0.038126320000000005,0.028529933333333334,0.02387603111111111,0.024681306666666666,0.02493544888888889,0.027446573333333335,0.028531182222222222,0.026162231111111107,0.017467875555555557,0.009798240000000001,0.009028173333333334,0.01814756,1.1882427377777778,16498243.999999998,1903.9910222222225,0.4789625,0.1463205203691421,0.0,0.022511961381189917,1.562151932661024,0.0282444444444444,0.029754800229628134,0.06259375,0.0201311111111111,0.10530665909534917,0.0,0.0,0.0076444444444444,0.05821875,0.23211071428571428,0.0315888888888888,0.0,1.2456488300483524,0.10594238137197283,0.0,0.031503571428571374,0.0,0.021012499999999948,0.13545000000000001,0.05099999999999995,0.0764458333333333,0.08352916666666657,0.030500000000000003,0.0076950000000000005,0.01390625,0.0965625,0.0,0.5352333333333333,0.023530000000000002,0.0,0.224075,0.239225,0.0,0.009899999999999999,0.29041,0.0,0.0,0.133075,0.03257142857142855,0.04697499999999995,0.03787142857142855,0.024337499999999998,0.022028571428571377,0.022962499999999948,0.0,0.013074999999999976,0.1110875,0.0,0.0,,,,0.007794177750546341,0.007706896551724138,1.146941542697984,6.215221843767065,5.065458711350803,29.556839707090592,100.0,421.66345,0.8031721455896734,2024-08-12 13:45:00
2024-08-12 08:00:00,29.697333333333333,1.0,0.0999807326984127,0.2253910603174603,0.0026372536507936,0.0228860949206349,1.1910967336507936,0.0023433631111111114,0.004300946666666667,0.015151999999999999,5.905613333333334e-26,4.799573333333333e-06,1.0456164444444445e-05,0.00010876937777777777,2.170448888888889e-26,2.2854755555555557e-06,0.0006451324444444444,0.00045288533333333336,5.7768088888888895e-08,0.061814,0.00301928,0.013048666666666665,0.09878391111111111,8.677324444444445e-06,1.4127377777777778e-06,0.152,1310.4182222222223,2.639777777777778,0.055377777777777776,2.639777777777778,40.734331600000004,-111.87211,297.654,41.08577777777778,877.1817777777777,151.2468,1.6044444444444443,442453.4666666667,1968.307555555556,190.60133333333332,17491538.998666666,0.0006076819047619,6.951041666666667e-05,0.0003487031746031,0.0003158339682539,0.0001125044444444,0.0004879425396825,0.001449407570938528,1.5460307555555557,6.151774222222222,8.473386222222222,20.4761628,0.1733416888888888,1.1891802666666669,3.0163968444444444,0.0041412888888888,0.1632938666666666,2.775977155555556,0.0092744888888888,0.23087262222222224,0.1605163111111111,0.1101961333333333,0.2280899555555555,0.0212861333333333,0.0246408,0.1420548888888889,0.0619988888888888,0.0040918666666666,0.0411263555555555,0.1603380444444444,0.0394202666666666,0.0038344,0.0068013777777777,2.6450689655172415,0.12368965517241379,0.061261157393168585,0.025862068965517238,0.0,0.072,0.442,0.1969655172413793,0.056413793103448275,0.00882758620689655,0.01026,0.03113253585338378,1.4868152132257935,0.4247060535644458,0.1387,0.004344827586206896,0.1271804591905534,0.0022,0.03175666835735408,0.00674494200807625,0.029243981987191008,0.6005,0.07460795290809039,0.15812926345384934,0.03495133668895521,0.012064187551514232,0.02493271120021931,0.00506896551724138,0.108725,0.0015791640436276788,0.0011617769723384866,0.009,0.08496593262271819,0.031566764410564996,0.01203448275862069,0.0356571428571428,0.05950564891439965,0.00803448275862069,0.028096378980638572,0.08658922535156,0.006719446055487785,0.00411083105974902,0.03605861917668749,0.0032068965517241376,0.005758620689655172,0.0023448275862068967,0.0228289909635865,0.006164739813055828,0.0035517241379310347,0.010139396193150026,0.008315406600077048,0.06583693029702817,0.0,0.005684006339978558,0.03835600070608153,0.028607264194592037,0.021442699311383765,0.0015889031746031,0.0026592219047619,0.0170077469841269,0.0030531038095238,0.001120019047619,0.1074460285714285,50400.0,50459.0,872.036471111111,31.16775111111111,256.6457466666667,35.006595555555556,2.1099022222222223,0.17524444444444445,0.008337777777777777,32.982194893333336,29.156389226666665,25.62364792,23.044801075555554,20.59411491111111,17.768683435555555,15.350330048888887,13.380925902222224,11.496187875555556,10.119411302222224,9.004570266666667,8.512475044444445,7.831955840000001,6.882720866666667,5.127065835555555,13.815661755555556,3.723480133333333,1.0041102977777778,0.5575475688888889,0.12114019111111111,0.10328424888888889,0.055712875555555555,0.04838728888888889,0.04855746222222222,0.03787858222222222,0.027676262222222223,0.02863764,0.026404991111111113,0.021806417777777774,0.03084812888888889,0.030942257777777777,0.026458444444444444,0.019228417777777777,0.01053668888888889,0.011737742222222224,0.020279995555555555,1.29638432,17225279.111111112,1907.9508888888888,0.54505,0.1387,0.0,0.026663864304827176,1.77375,0.0282444444444444,0.035378100475953404,0.06795,0.0212861333333333,0.12255389710651189,0.0,0.0,0.0076444444444444,0.0691,0.2656428571428571,0.0315888888888888,0.0,1.403803615168889,0.08065,0.0,0.0356571428571428,0.0,0.0280166666666666,0.1472,0.0593833333333333,0.0907833333333333,0.0974999999999999,0.03135,0.01026,0.0162125,0.108725,0.0,0.6005,0.02432,0.0,0.2492,0.2759,0.0,0.0132,0.33496,0.0,0.0,0.16142,0.0434285714285714,0.0531428571428571,0.0444285714285714,0.0277625,0.0293714285714285,0.0280166666666666,0.0,0.01295,0.1102,0.0,0.0,,,,0.0072267905205159,0.007551724137931035,1.1358368826795238,7.424894324937998,5.973296654047766,31.0,96.5,449.8956,0.7761330883889905,2024-08-12 14:00:00
2024-08-12 08:15:00,31.934666666666665,1.0,0.0788912057142857,0.2320769806349206,0.002803465079365,0.0241465339682539,1.1319740342857143,0.0021623373333333334,0.005110408888888889,0.017578,7.423813333333334e-26,6.506911111111111e-06,1.3512533333333333e-05,0.00013905466666666667,2.7052000000000004e-26,3.5144488888888887e-06,0.0008055484444444445,0.0005627315555555555,8.120791111111111e-08,0.06998382222222221,0.0037058622222222223,0.01451,0.11114493333333333,1.1210231111111112e-05,2.1542711111111114e-06,0.152,1310.4933333333333,2.5525333333333338,0.05555555555555556,2.5525333333333338,40.734332,-111.87211,297.99577777777773,38.714222222222226,877.420888888889,152.04653333333331,2.342222222222222,438332.1777777778,1966.327555555556,176.7008888888889,17191777.830222223,0.0006387095238095,7.24375e-05,0.0003237711111111,0.0002928111111111,0.0001338841269841,0.0002554247619047,0.00142710543045441,1.098880977777778,4.830660888888889,6.648785777777778,14.113820044444443,0.1782961333333333,1.1377840888888888,2.7201490222222224,0.0052922666666666,0.1533810222222222,2.8380638222222223,0.0080614222222222,0.25885026666666666,0.1610848,0.0975469333333333,0.2191340888888888,0.0201362666666666,0.0249041333333333,0.1284396444444444,0.0525635111111111,0.0024681333333333,0.0355562666666666,0.1500112888888889,0.0356901777777777,0.0035136444444444,0.0057236888888888,2.646862068965517,0.12312068965517241,0.09951100038685233,0.026275862068965518,0.0,0.072,0.442,0.1970689655172414,0.05617241379310345,0.008844827586206895,0.0076950000000000005,0.02815852377510856,1.5016513203639335,0.3372418451348643,0.1217625,0.004310344827586207,0.17165593205352067,0.002183333333333333,0.03191863937304163,0.00674494200807625,0.02307824598867339,0.5374166666666667,0.0632238040612936,0.15137848082052435,0.03365620302005969,0.01145776879636281,0.02488072057787349,0.0048620689655172415,0.1016375,0.01332124763926491,0.001145599275104638,0.009,0.0768760567297473,0.0411100879695085,0.01193103448275862,0.03231428571428565,0.04837711763353116,0.007931034482758621,0.025855776108039494,0.085030302816404,0.005436732275414779,0.004106200346484625,0.032576278393370885,0.0030862068965517237,0.005482758620689655,0.002310344827586207,0.017936591540539067,0.006148265831750245,0.0033965517241379313,0.009034234157814585,0.007490502169032132,0.060718620905508454,0.0,0.0044846892407466,0.0313921910623508,0.022048033458208736,0.01709136886271393,0.0016008387301587,0.0032695542857142,0.0164495904761904,0.0030348536507936,0.0010892403174603,0.123199698095238,51300.0,51359.0,872.2701822222223,31.11979555555556,250.84173333333334,34.09373333333333,1.9687733333333335,0.16807555555555556,0.008075555555555555,31.60423481333333,27.84856446222222,24.645924573333332,22.464113422222223,20.08090992,17.365308448888886,15.065739817777777,13.27211360888889,11.505543222222222,10.163944951111112,9.02544928,8.510757622222222,7.722464813333333,6.79239176,5.197311982222222,13.764782537777778,3.713918911111111,0.9861614000000001,0.5172205911111111,0.11318110222222222,0.09056059555555555,0.05408327555555555,0.03848678666666667,0.03837075111111111,0.03383361777777778,0.027153484444444445,0.026037124444444445,0.024909266666666666,0.021951808888888886,0.021191595555555557,0.03016399111111111,0.020548555555555556,0.01776847111111111,0.00947235111111111,0.011443195555555556,0.01569432888888889,1.23032308,16896601.777777776,1906.2742666666668,0.5063375,0.1512069025574123,0.0,0.024301582334641827,1.612383651239746,0.0282444444444444,0.03217864686898039,0.0632625,0.0201362666666666,0.11274084508226742,0.0,0.0,0.0076444444444444,0.06288437499999999,0.24656428571428568,0.0315888888888888,0.0,1.4686991447022222,0.1097658389038667,0.0,0.03231428571428565,0.0,0.021012499999999948,0.1389,0.0533708333333333,0.0801458333333333,0.08741249999999993,0.0306375,0.0076950000000000005,0.014940625,0.1016375,0.0,0.5374166666666667,0.023615,0.0,0.2252375,0.24378,0.0,0.01205,0.3,0.0,0.0,0.21388000000000001,0.03903571428571425,0.05159999999999995,0.04048571428571425,0.025384375,0.022028571428571377,0.024645833333333273,0.0,0.01195416666666665,0.108475,0.0,0.0,,,,0.006659403290485458,0.007396551724137931,0.8713309595106143,6.107654129755331,4.606153556834469,30.653621458825352,89.0,483.59143,0.583491021432709,2024-08-12 14:15:00
2024-08-12 08:30:00,29.92755555555556,1.0,0.0937961946031746,0.2454969222222222,0.0031281174603174,0.0264590222222222,1.1728002425396828,0.0023632293333333333,0.005839413333333334,0.019675555555555554,9.328604444444446e-26,8.379786666666667e-06,1.6662355555555556e-05,0.0001698488888888889,3.3713733333333335e-26,5.096053333333333e-06,0.0009627177777777777,0.0006685426666666667,1.0845915555555555e-07,0.07679480000000001,0.004353742222222222,0.015702177777777777,0.12136533333333333,1.3836933333333333e-05,3.1208533333333334e-06,0.152,1310.0395555555556,2.5166222222222223,0.05,2.5166222222222223,40.73433684444444,-111.87211,297.21666666666664,40.01822222222222,877.5457777777777,131.6560888888889,2.0075555555555558,439895.6444444445,1967.5377777777776,189.91600000000005,17405076.87688889,0.0006929019047619,7.536458333333334e-05,0.0003339688888888,0.000313632063492,0.0001648301587301,0.0015054774603174,0.0014048032899702922,2.133159955555556,6.336722222222222,9.15728977777778,16.55578902222222,0.1797230666666666,1.2869134222222225,3.0201884000000003,0.0042560888888888,0.1680568444444444,3.005751155555556,0.0093253777777777,0.3245016444444444,0.1886695111111111,0.1262216888888888,0.2646360444444444,0.0285390666666666,0.0291366222222222,0.1619882222222222,0.0693691111111111,0.0072656444444444,0.0441865777777777,0.1807220444444444,0.0407642666666666,0.0037513777777777,0.0075311111111111,2.648655172413793,0.12255172413793103,0.11217227242735708,0.02668965517241379,0.0,0.072,0.442,0.19717241379310346,0.05593103448275862,0.008862068965517242,0.00513,0.03548662397391021,1.5255610977732204,0.3982442305313385,0.104825,0.004275862068965517,0.21613140491648797,0.0021666666666666666,0.03977793752897722,0.00674494200807625,0.016912509990155776,0.4743333333333334,0.05183965521449682,0.18567709454263961,0.03236106935116417,0.010851350041211386,0.02482872995552767,0.004655172413793103,0.09455,0.02506333123490214,0.0011294215778707892,0.009,0.09680987662665304,0.050653411528452,0.011827586206896551,0.0289714285714285,0.03724858635266268,0.007827586206896553,0.02361517323544042,0.083471380281248,0.007721407591030191,0.004101569633220229,0.04115692350000315,0.0029655172413793106,0.005206896551724138,0.0022758620689655173,0.02665057307688101,0.006131791850444663,0.003241379310344828,0.007929072122479144,0.006665597737987215,0.05560031151398874,0.0,0.00662082453045619,0.024428381418620075,0.015488802721825439,0.02484163819060397,0.0016853279365079,0.0046717717460317,0.0165029304761904,0.0032180815873015,0.0012065812698412,0.1209792603174603,52200.0,52259.0,872.3954622222222,31.019662222222223,264.1819511111111,35.890253333333334,2.1536666666666666,0.17482666666666666,0.008515555555555556,34.075036142222224,30.066675204444444,26.417287733333335,23.836928417777777,21.09171745777778,18.375434715555556,15.75425708,13.773222626666666,11.958268559999999,10.47859772888889,9.42160351111111,8.81964704,7.8915172177777775,7.020887542222223,5.226123084444444,13.960056124444444,3.7705154666666667,1.0147952133333333,0.55483776,0.12962921333333333,0.10571966222222222,0.05649324,0.046440231111111105,0.038943222222222226,0.03413974222222223,0.03333242222222222,0.02754916888888889,0.023625911111111113,0.024536497777777777,0.028340253333333332,0.03214486222222222,0.022497991111111112,0.02299441777777778,0.012067093333333334,0.01668770666666667,0.01939662666666667,1.4098709333333332,17128179.11111111,1907.4736,0.467625,0.17243596275408488,0.0,0.021939300364456477,1.638769163587611,0.0282444444444444,0.02897919326200738,0.058575,0.0285390666666666,0.10292779305802296,0.0,0.0,0.0076444444444444,0.05666875,0.22748571428571426,0.0315888888888888,0.0,1.513172393228733,0.12637698534649272,0.0,0.0289714285714285,0.0,0.0140083333333333,0.1306,0.0473583333333333,0.0695083333333333,0.07732499999999995,0.029925,0.00513,0.01366875,0.09455,0.0,0.4743333333333334,0.02291,0.0,0.20127499999999998,0.21166,0.0,0.0109,0.26504,0.0,0.0,0.26634,0.0346428571428571,0.0500571428571428,0.0365428571428571,0.02300625,0.01468571428571425,0.02127499999999995,0.0,0.010958333333333299,0.10675000000000001,0.0,0.0,,,,0.006092016060455017,0.007241379310344828,1.4831459025726368,7.6093001086597924,6.4857343375879,28.799928947285625,81.5,522.76385,0.5428041470326421,2024-08-12 14:30:00
2024-08-12 08:45:00,32.67155555555556,1.0,0.0666118653968254,0.2390654307936508,0.0028395285714285,0.0239377612698412,1.084812247301587,0.0028568355555555554,0.006487662222222222,0.021480444444444444,1.178459111111111e-25,1.0349328888888888e-05,1.979288888888889e-05,0.00020020666666666667,4.225097777777778e-26,7.023715555555555e-06,0.0011126422222222222,0.0007676751111111111,1.3880444444444443e-07,0.08249559999999999,0.004951177777777777,0.01668453333333333,0.12988133333333335,1.64748e-05,4.316448888888888e-06,0.152,1309.6502222222223,2.0369333333333333,0.04582222222222222,2.0369333333333333,40.73433715555555,-111.87211,297.378,38.73555555555556,877.6324444444446,120.11253333333333,2.4195555555555557,435689.0222222222,1956.9493333333328,167.5391111111111,17064384.887555555,0.0007169244444444,7.829166666666667e-05,0.0002860482539682,0.0002106479365079,0.0001364247619047,0.0004427996825396,0.001382501149486174,1.931043017795168,4.154273086635587,6.84220435003885,13.225691466666666,0.1730962222222222,1.0117604,1.740709911111111,0.0039274222222222,0.1540251111111111,2.808162088888889,0.0073941333333333,0.4507757333333334,0.2161584,0.0849715555555555,0.1820930666666666,0.0170656444444444,0.0267142666666666,0.1014506666666666,0.0480693777777777,0.0020961333333333,0.0393590222222222,0.2063056888888889,0.0333792,0.0023012888888888,0.0041668888888888,2.6504482758620687,0.12198275862068965,0.09395837139414537,0.02710344827586207,0.0,0.072,0.442,0.19727586206896552,0.055689655172413796,0.008879310344827586,0.0025649999999999996,0.02226325349781553,1.3163703019600774,0.29495008578318216,0.0878875,0.004241379310344828,0.26060687777945524,0.00215,0.04760993449580936,0.00674494200807625,0.010746773991638158,0.41125,0.04045550636770004,0.1234575772558166,0.03106593568226865,0.010244931286059963,0.024776739333181853,0.004448275862068965,0.0874625,0.03680541483053937,0.0011132438806369406,0.009,0.060839805482751856,0.060196735087395495,0.011724137931034481,0.025628571428571348,0.0261200550717942,0.007724137931034483,0.021374570362841343,0.08191245774609199,0.004825767151185283,0.004096938919955834,0.025673367586365122,0.0028448275862068967,0.00493103448275862,0.002241379310344828,0.015606309081803518,0.00611531786913908,0.0030862068965517245,0.006823910087143703,0.005840693306942299,0.05048200212246902,0.0,0.003913446511537666,0.017464571774889345,0.008929571985442142,0.015018801163329081,0.0016586688888888,0.006715038095238,0.0162501539682539,0.0030650469841269,0.0011281342857142,0.1094138434920635,53100.0,53159.0,872.4872088888889,30.955075555555556,253.2375066666667,34.40803111111111,1.9733333333333334,0.16722222222222222,0.008124444444444445,31.50029753333333,28.115363435555555,24.872696502222222,22.496701591111112,20.065523111111112,17.484762871111112,15.249100604444443,13.338170271111112,11.725993564444446,10.207266404444445,9.24306899111111,8.629849706666667,7.997633151111112,7.080092577777778,5.269861386666666,14.106740862222223,3.80613064,0.9730567777777778,0.5022046355555555,0.11154697777777778,0.08211304,0.05046009333333333,0.04251145333333333,0.03585585333333333,0.029494124444444443,0.02419836,0.026418662222222222,0.022721551111111113,0.019939604444444443,0.025639106666666668,0.027394151111111112,0.024564715555555557,0.016164035555555557,0.009794208888888888,0.009904995555555554,0.014248173333333334,1.2278336533333334,16783882.666666668,1898.167333333333,0.42891250000000003,0.13648921079396956,0.0,0.019577018394271128,1.4340299078517589,0.0282444444444444,0.02577973965503437,0.0538875,0.0170656444444444,0.0931147410337785,0.0,0.0,0.0076444444444444,0.050453125,0.20840714285714285,0.0315888888888888,0.0,1.4894630064923906,0.09824965632606715,0.0,0.025628571428571348,0.0,0.007004166666666652,0.1223,0.041345833333333304,0.0588708333333333,0.06723749999999998,0.029212500000000002,0.0025649999999999996,0.012396875,0.0874625,0.0,0.41125,0.022205,0.0,0.17731249999999998,0.17953999999999998,0.0,0.00975,0.23007999999999998,0.0,0.0,0.3188,0.03024999999999995,0.04851428571428565,0.03259999999999995,0.020628124999999997,0.007342857142857123,0.017904166666666624,0.0,0.00996249999999995,0.10502500000000001,0.0,0.0,,,,0.0055246288304245765,0.007086206896551725,1.3635861267049783,5.433249309079349,4.751078911174218,31.33418438710987,74.0,567.25452,0.5770012073446049,2024-08-12 14:45:00
2024-08-12 09:00:00,32.300888888888885,1.0,0.0842591155555555,0.2400901911111111,0.0030530666666666,0.0232223333333333,1.103434497777778,0.004458032,0.007060728888888889,0.023034622222222224,1.5050933333333332e-25,1.2359466666666666e-05,2.283208888888889e-05,0.00022951911111111114,5.355088888888889e-26,9.271537777777779e-06,0.001253408888888889,0.0008591248888888889,1.7147600000000002e-07,0.0872892888888889,0.005495151111111111,0.01749991111111111,0.13699333333333333,1.90728e-05,5.731333333333333e-06,0.152,1309.351111111111,2.420488888888889,0.04857777777777778,2.420488888888889,40.734332,-111.87211,298.5855555555555,37.284,877.6324444444446,138.65702222222222,1.8217777777777777,434707.9111111111,1957.352888888889,174.67955555555554,17237742.33377778,0.0006972092278092,8.121874999999999e-05,0.0003164711111111,0.0001970088888888,0.0001265066666666,0.0003491155555555,0.0013601990090020561,2.0560543557775555,4.146607165131165,6.391519494616495,14.328207155555557,0.1776364444444444,1.1032698666666667,2.1554721333333333,0.0050272,0.1606204444444444,3.0012994666666666,0.0091890222222222,0.49877479999999996,0.2426873777777777,0.1044663555555555,0.2162009777777777,0.0240153777777777,0.032142,0.1262831555555555,0.0558886666666666,0.0028010666666666,0.0409673333333333,0.2143108,0.0359818222222222,0.0018145777777777,0.0048535555555555,2.6522413793103445,0.12141379310344827,0.03754827647869245,0.027517241379310345,0.0,0.072,0.442,0.19737931034482759,0.05544827586206896,0.008896551724137931,0.0,0.027687476484816332,0.871574019122497,0.2514403936095523,0.07095,0.0042068965517241385,0.3050823506424225,0.0021333333333333334,0.05516843838181748,0.00674494200807625,0.004581037993120545,0.3481666666666667,0.029071357520903257,0.14916755067970405,0.029770802013373128,0.00963851253090854,0.024724748710836034,0.004241379310344828,0.080375,0.0485474984261766,0.001097066183403092,0.009,0.07559471892146431,0.069740058646339,0.011620689655172413,0.0222857142857142,0.014991523790925713,0.007620689655172414,0.019133967490242265,0.080353535210936,0.0058887780707662755,0.0040923082066914385,0.03202471802754792,0.0027241379310344828,0.004655172413793103,0.002206896551724138,0.019660739688571596,0.006098843887833497,0.0029310344827586203,0.005718748051808262,0.005015788875897383,0.045363692730949305,0.0,0.004907344910642111,0.010500762131158619,0.002370341249058841,0.01862483693958622,0.0017236355555555,0.0077095199999999,0.0155904933333333,0.0030435333333333,0.0011701911111111,0.1126741911111111,54000.0,54059.0,872.5047955555555,30.904142222222223,253.05756444444444,34.66307111111111,1.9993066666666666,0.16837777777777777,0.008195555555555557,30.984307942222223,27.800466662222224,24.68681414222222,22.418430368888888,20.197824262222223,17.58676067111111,15.262415004444446,13.343598448888889,11.660807199999999,10.303799253333333,9.303676742222223,8.675639613333335,8.05396948,7.058537844444444,5.411042031111111,14.31847060888889,3.8245392933333333,1.0444799599999999,0.5220462577777778,0.12457653777777779,0.08391640888888889,0.04543648,0.04214965777777778,0.040715720000000004,0.03436888444444444,0.027960044444444446,0.028605346666666667,0.023161493333333335,0.020628742222222222,0.022297675555555556,0.032634395555555556,0.02076675111111111,0.01586582666666667,0.008588937777777778,0.012746453333333333,0.015402017777777777,1.3659517911111112,16937540.0,1897.617555555556,0.3902,0.07095,0.0,0.017214736424085778,1.17275,0.0282444444444444,0.02258028604806136,0.0492,0.0240153777777777,0.08330168900953402,0.0,0.0,0.0076444444444444,0.0442375,0.1893285714285714,0.0315888888888888,0.0,1.6242248270444444,0.0563333333333333,0.0,0.0222857142857142,0.0,0.0,0.114,0.0353333333333333,0.0482333333333333,0.05715,0.0285,0.0,0.011125,0.080375,0.0,0.3481666666666667,0.0215,0.0,0.15335,0.14742,0.0,0.0086,0.19512,0.0,0.0,0.37126,0.0258571428571428,0.0469714285714285,0.0286571428571428,0.01825,0.0,0.0145333333333333,0.0,0.0089666666666666,0.1033,0.0,0.0,,,,0.004957241600394135,0.00693103448275862,1.437535038239594,5.4256058619321905,4.413388163051634,33.0,390.83334,630.05945,0.8112664983836254,2024-08-12 15:00:00
2024-08-12 09:15:00,33.804579087579086,1.0,0.0695870469352869,0.1900665997069597,0.0020831897924297,0.0171677828327228,0.818218928937729,0.005892132888888889,0.007565284444444444,0.024371777777777777,1.9562444444444447e-25,1.4362355555555556e-05,2.572773333333333e-05,0.000257384,6.910426666666668e-26,1.1798537777777779e-05,0.0013838222222222222,0.0009425386666666666,2.0575866666666667e-07,0.09133386666666667,0.00598644,0.018179244444444447,0.14296666666666666,2.1586622222222222e-05,7.343746666666666e-06,0.152,1309.0337777777777,1.8696444444444444,0.04626666666666667,1.8696444444444444,40.73433,-111.87211,301.20155555555556,33.684,877.5644444444445,129.06168888888888,1.88,431246.6222222222,1955.2413333333327,156.228,17280084.34977778,0.0006974444444444,8.414583333333333e-05,0.0002193741880341,0.0001594054945054,9.71324297924298e-05,0.0001935876434676,0.001337896868517938,1.6953896444444445,3.096900444444445,5.31582,11.57232647883968,0.175157371073371,1.2181486480500978,2.0328765282865287,0.0040896562548562,0.1637207395382395,3.0755068160450656,0.0095592001184001,0.5079758437155437,0.2792026823935324,0.1089491773911274,0.1867920681947682,0.0177741953842453,0.0352677958393458,0.1067379324120324,0.0514887962185962,0.0045498204647204,0.0426342044011543,0.2058221827098827,0.0354888463869463,0.0028867219576719,0.0058393092666592,2.6540344827586204,0.12084482758620689,0.10454563489692717,0.027931034482758618,0.0,0.072,0.442,0.19748275862068967,0.05520689655172414,0.008913793103448276,0.0,0.02341816424891738,1.282626168804022,0.2427367707788013,0.07996249999999999,0.004172413793103448,0.2815093326676836,0.002116666666666667,0.0655721966475486,0.00674494200807625,0.009723430539177472,0.34801666666666664,0.02712827990649013,0.1269996060834613,0.02847566834447761,0.009032093775757116,0.024672758088490215,0.0040344827586206895,0.0801125,0.06028958202181384,0.0010808884861692432,0.009,0.06398138137348942,0.0792833822052825,0.011517241379310345,0.0243964285714285,0.020217966801408006,0.007517241379310345,0.020791022685948214,0.07879461267578,0.005290627727748938,0.004087677493427044,0.027025679784096757,0.002603448275862069,0.004379310344827586,0.002172413793103448,0.0173793340947944,0.006082369906527914,0.002775862068965518,0.004536030785922967,0.004132996414603699,0.05105070316597121,0.0,0.004348083799210593,0.014182578051842358,0.005711321561769667,0.016595740627620578,0.0012584071794871,0.0061249962881562,0.00980061008547,0.0025102273015873,0.0010039175579975,0.1080870283028083,54900.0,54959.0,872.4844142857143,30.817040000000002,263.9351584126984,35.5362146031746,2.0556044444444446,0.16969746031746033,0.00823079365079365,34.02083877206349,30.267336504444447,26.304856001269844,23.88739272984127,21.024548545396826,18.196847621587303,15.683416448253968,13.776034655238096,11.805721118730158,10.460107605079365,9.374955354920635,8.796512239047619,7.931673191111112,7.060590192380952,5.296855257460318,14.156950926349205,3.7375280177777777,1.01451808,0.5184761965079365,0.12083016634920636,0.0925601450793651,0.04705413619047619,0.04613690253968254,0.03863620063492064,0.03691576031746032,0.026595646349206352,0.026302484126984126,0.022296254285714287,0.022058786031746033,0.025378153015873015,0.03820147142857143,0.02493348888888889,0.01628327873015873,0.008675167936507936,0.012919588253968254,0.014194723174603175,1.4703307555555556,16989450.666666668,1896.448755555556,0.3981375,0.11831878024290629,0.0,0.01974682675753417,1.3962209402228254,0.0282444444444444,0.02600972658597365,0.06146875,0.0177741953842453,0.0938201345151169,0.0,0.0,0.0076444444444444,0.05114375,0.2097785714285714,0.0315888888888888,0.0,1.6140503050088888,0.0840318021199452,0.0,0.0243964285714285,0.0,0.00584166666666665,0.11258333333333333,0.038395833333333296,0.053229166666666626,0.06248333333333332,0.027737500000000002,0.0,0.012065625,0.0801125,0.0,0.34801666666666664,0.022125,0.0,0.16350625,0.15476499999999999,0.0,0.00873,0.20889,0.00276875,0.0,0.34345499999999995,0.028328571428571377,0.049121428571428497,0.03211785714285707,0.02038125,0.00643214285714285,0.016974999999999973,0.0,0.009608333333333274,0.1030875,0.0,0.0,,,,0.004389854370363693,0.006775862068965518,1.2241882869570222,4.378976590427398,3.6073842276593293,32.38060240805722,1078.3334,699.20728,0.984246545340618,2024-08-12 15:15:00
2024-08-12 09:30:00,34.48326719576719,1.0,0.0385606858495671,0.1387952101881915,0.0011130854106541,0.0111938745159932,0.5203357641925205,0.005986789333333333,0.008008057777777779,0.025518977777777778,2.6060222222222224e-25,1.6321155555555557e-05,2.8452666666666666e-05,0.0002835506666666667,9.154613333333334e-26,1.4556444444444444e-05,0.001503351111111111,0.0010180413333333333,2.409217777777778e-07,0.0947540888888889,0.006426942222222222,0.018746355555555552,0.14799822222222223,2.3988e-05,9.123933333333333e-06,0.152,1308.6791111111113,2.3984,0.04222222222222223,2.3984,40.73433466666667,-111.87211,301.21355555555556,32.308,877.4471111111111,115.22786666666667,1.8884444444444446,429169.93968253967,1951.159841269841,138.80733333333333,17282969.30177778,0.00076587432524735,8.707291666666667e-05,0.0001460037728475,0.0001066729256854,3.861330868205871e-05,0.0005278359638047,0.00131559472803382,1.2933683782661782,2.482411084249084,4.293412085470086,9.097453323622675,0.1760541144133644,0.8854843249713249,1.4893100193991191,0.0030363198967698,0.1534730033041033,2.793628098973249,0.0126192667055167,0.5110743605468605,0.3068519823824324,0.0647054988566988,0.1466236083305583,0.0116182544233544,0.0217336563455063,0.0841235419210419,0.0362083417452917,0.0020216621859621,0.036843004055204,0.179462168091168,0.0323059847467347,0.0013488386835386,0.0033703411791911,2.6558275862068963,0.12027586206896551,0.08500994089905767,0.0283448275862069,0.0,0.072,0.442,0.19758620689655174,0.05496551724137931,0.00893103448275862,0.0,0.018478446072173176,1.2019900964001309,0.16232108505898912,0.088975,0.004137931034482759,0.25793631469294465,0.0021,0.07344989714404362,0.00674494200807625,0.0148658230852344,0.34786666666666666,0.025185202292077005,0.09672129228631698,0.027180534675582086,0.008425675020605693,0.024620767466144396,0.003827586206896551,0.07985,0.07203166561745106,0.0010647107889353948,0.009,0.05054441274514116,0.088826705764226,0.011413793103448276,0.0265071428571428,0.025444409811890296,0.007413793103448276,0.022448077881654167,0.077235690140624,0.003213291771487698,0.004083046780162649,0.021241647435800832,0.002482758620689655,0.004103448275862068,0.0021379310344827587,0.009456165737384427,0.006065895925222331,0.0026206896551724135,0.0033533135200376728,0.003250203953310016,0.056737713600993125,0.0,0.0024058075315839373,0.017864393972526097,0.009052301874480494,0.009548825455257082,0.0008197890752765,0.0044472674001924,0.0059535572540885,0.001719167526455,0.0007183208844396,0.132511709719216,55800.0,55859.0,872.4205706963975,30.836326245122393,250.30040001110004,33.621205324589944,1.8167426204137742,0.1585561186676571,0.0076484701196239645,30.59605404819902,27.700342508592477,24.45082301719007,22.289194148212896,19.959317427464846,17.237134676381736,15.266513403186982,13.506323360965958,11.71617525163405,10.362750540712064,9.072710753209613,8.59539985809276,7.894878655390977,6.767430502347439,5.196611409313335,14.088615638470289,3.6898910221434544,0.9384852823644305,0.4650356231369059,0.1057168065319296,0.07230034626313857,0.04316743483951946,0.02940599536211652,0.030148368164100856,0.030592368511616584,0.02598253145977954,0.0280074002170906,0.017097635302731458,0.019398187507791355,0.01987737376320261,0.030266450412835027,0.017905244522144523,0.013831334748157823,0.005608354603943067,0.008672824137827984,0.00866226088313396,1.4498296888888889,16995875.555555556,1891.3853333333327,0.40607499999999996,0.09033381831383944,0.0,0.02227891709098256,1.2848248955589057,0.0282444444444444,0.02943916712388594,0.0737375,0.0116182544233544,0.10433858002069979,0.0,0.0,0.0076444444444444,0.05805,0.2302285714285714,0.0315888888888888,0.0,1.7084361657777776,0.062134351338402546,0.0,0.0265071428571428,0.0,0.0116833333333333,0.11116666666666665,0.0414583333333333,0.05822499999999996,0.06781666666666665,0.026975,0.0,0.01300625,0.07985,0.0,0.34786666666666666,0.02275,0.0,0.1736625,0.16211,0.0,0.00886,0.22265999999999997,0.0055375,0.0,0.31565,0.03079999999999995,0.051271428571428496,0.03557857142857135,0.022512499999999998,0.0128642857142857,0.019416666666666648,0.0,0.01024999999999995,0.102875,0.0,0.0,,,,0.0038224671403332532,0.006620689655172414,0.9863775769249511,3.7662887427322147,2.8413107965463547,33.007413279092106,1765.8334,758.71906,0.9315144163943179,2024-08-12 15:30:00
2024-08-12 09:45:00,35.24803785103784,1.0,0.04222922996234302,0.23134071939456802,0.0025493270667989,0.0266510771881422,0.058463,0.006588244888888889,0.008395546666666667,0.026507422222222222,3.586946666666667e-25,1.8210222222222222e-05,3.098546666666667e-05,0.00030791155555555557,1.257572e-25,1.7488266666666667e-05,0.0016123511111111111,0.0010858,2.763684444444445e-07,0.09764679999999999,0.006819955555555555,0.01922288888888889,0.1522386666666667,2.6256666666666665e-05,1.1035702222222222e-05,0.152,1308.6884444444445,3.2290666666666668,0.0468,3.2290666666666668,40.73433946666667,-111.87211,302.16288888888886,30.59733333333333,877.6537777777778,116.7083111111111,1.824888888888889,429644.8603174603,1950.0146984126984,153.14838095238096,17315228.62609524,0.0008343042060503,8.999999999999999e-05,0.0002001010767396,6.500000000000001e-05,3.7419947991823024e-05,0.0003556325147383389,0.0012932925875497022,2.472797330236893,3.907331488997114,6.296029918229918,9.953643511111112,0.1727473777777777,0.9159375555555556,1.4830232,0.0036341333333333,0.1572151111111111,2.7874108444444445,0.0094937333333333,0.40867915555555556,0.3531501777777777,0.0728443111111111,0.1608084,0.0171956888888888,0.0242579111111111,0.1001058666666666,0.0443529777777777,0.0040808888888888,0.0329135111111111,0.1544439555555555,0.0313684888888888,0.0022831111111111,0.0028171555555555,2.657620689655172,0.11970689655172413,0.08860361463901543,0.028758620689655172,0.0,0.072,0.442,0.1976896551724138,0.054724137931034485,0.008948275862068965,0.0,0.02196950545244008,1.1793660606541536,0.22852091542672437,0.0979875,0.004103448275862069,0.23436329671820566,0.0020833333333333333,0.08664094780352347,0.00674494200807625,0.020008215631291324,0.3477166666666666,0.02324212467766388,0.10741355120703183,0.025885401006686563,0.00781925626545427,0.024568776843798577,0.0036206896551724127,0.0795875,0.08377374921308829,0.001048533091701546,0.009,0.060040755186941235,0.0983700293231695,0.011310344827586206,0.0286178571428571,0.030670852822372585,0.007310344827586207,0.02410513307736012,0.07567676760546799,0.004320532744621214,0.004078416066898253,0.025329411081984107,0.002362068965517241,0.003827586206896551,0.0021034482758620692,0.013679294218801829,0.006049421943916749,0.002465517241379311,0.0021705962541523783,0.002367411492016333,0.06242472403601503,0.0,0.00344106033129556,0.021546209893209836,0.01239328218719132,0.013304902169531146,2.2e-05,0.010236167896290237,0.0126898406170744,0.0017427292011229,0.0008891510020387499,0.006445,56700.0,56759.0,872.6507777777778,29.122,233.5818888888889,31.2115,1.6674444444444445,0.15144444444444444,0.006777777777777778,30.575497444444448,26.17007072222222,23.1266395,21.025244222222224,18.965713555555553,15.941880055555556,13.949725388888888,12.181765111111112,10.462628277777776,8.833768666666666,8.100315277777778,7.545771722222223,6.765980555555555,5.873013,4.447216611111111,14.152109222222222,3.690365111111111,0.9093712222222222,0.3992320555555556,0.091965,0.06529788888888889,0.059176000000000006,0.04705555555555555,0.03861983333333333,0.021433944444444446,0.029791722222222223,0.010726777777777778,0.006926388888888889,0.016913611111111112,0.00722161111111111,0.019202555555555556,0.010298666666666666,0.009554277777777778,0.006615333333333334,0.0037418888888888883,0.02111105555555556,1.7421954222222225,17027519.111111112,1890.4219555555555,0.4140125,0.11337160896337348,0.0,0.02481100742443095,1.2636304406524062,0.0282444444444444,0.03286860766179823,0.08600625,0.0171956888888888,0.11485702552628267,0.0,0.0,0.0076444444444444,0.06495625,0.2506785714285714,0.0315888888888888,0.0,1.98333714484,0.08016077882264662,0.0,0.0286178571428571,0.0,0.01752499999999995,0.10974999999999997,0.0445208333333333,0.06322083333333328,0.07314999999999997,0.0262125,0.0,0.013946875,0.0795875,0.0,0.3477166666666666,0.023375,0.0,0.18381875,0.16945500000000002,0.0,0.00899,0.23642999999999997,0.00830625,0.0,0.287845,0.03327142857142852,0.0534214285714285,0.039039285714285624,0.02464375,0.019296428571428548,0.021858333333333323,0.0,0.010891666666666626,0.1026625,0.0,0.0,,,,0.0032550799103028116,0.006465517241379311,1.6840541928086616,5.187031675766016,4.341839394327926,33.713726760629136,2453.3333,820.92731,0.9660246075243242,2024-08-12 15:45:00
2024-08-12 10:00:00,35.87155555555555,1.0,0.0728183595238095,0.3238862286009445,0.0039855687229437,0.0421082798602912,0.4493348165575165,0.006085732444444445,0.008733871111111112,0.027354533333333333,5.141337777777778e-25,2.0010533333333334e-05,3.332031111111111e-05,0.00033038355555555556,1.8104355555555557e-25,2.0534533333333335e-05,0.001710848888888889,0.00114636,3.115026666666667e-07,0.10009577777777778,0.0071690266666666665,0.019621288888888887,0.15580844444444444,2.837968888888889e-05,1.3042444444444445e-05,0.152,1308.6173333333331,2.3154666666666666,0.04791111111111111,2.3154666666666666,40.7343332,-111.87211,302.7726666666666,29.99288888888889,877.8199999999999,122.59697777777778,1.9773333333333334,430139.3333333334,1950.410222222222,179.81555555555553,17369244.987111114,0.0009027340868532499,0.0001057939601139,0.0002541983806317,9.091580345580344e-05,3.622658730158733e-05,0.00018342906567197777,0.001270990447065584,2.0132882222222217,3.451995222222222,5.78501,10.055494533333333,0.1713772888888889,1.0620904,1.7929176444444443,0.0038622222222222,0.1655251555555555,2.863381555555556,0.0070002222222222,0.47173266666666674,0.4394212444444444,0.1052926222222222,0.2265444444444444,0.0261709333333333,0.0207298222222222,0.1698012,0.0791423555555555,0.0057128,0.0331716,0.1536439111111111,0.0303268444444444,0.0038512444444444,0.0028462666666666,2.659413793103448,0.11913793103448275,0.05721420239131488,0.029172413793103445,0.0,0.072,0.442,0.19779310344827586,0.05448275862068966,0.00896551724137931,0.0,0.03719323235492156,0.86845174683961,0.28696628772364896,0.107,0.004068965517241379,0.21079027874346673,0.0020666666666666667,0.11122086935618458,0.00674494200807625,0.025150608177348252,0.3475666666666666,0.021299047063250753,0.15696428300507465,0.02459026733779104,0.007212837510302847,0.024516786221452758,0.003413793103448276,0.079325,0.09551583280872553,0.0010323553944676974,0.009,0.10145217451815745,0.107913352882113,0.011206896551724136,0.0307285714285714,0.03589729583285488,0.0072068965517241386,0.025762188273066068,0.074117845070312,0.009050053419545541,0.004073785353633858,0.04315523144560919,0.002241379310344828,0.003551724137931034,0.0020689655172413794,0.0317181619543412,0.006032947962611166,0.002310344827586207,0.0009878789882670838,0.0014846190307226496,0.06811173447103694,0.0,0.007863087368601564,0.025228025813893575,0.015734262499902146,0.029348783228671585,0.0018975052895252,0.0242503258333333,0.0194261239800603,0.0017662908757908,0.0010599811196379,0.1325363755733155,57600.0,57659.0,872.5448990657491,30.210471560661563,256.09668057220557,34.758778154808155,1.9228815397565397,0.16101544252044253,0.00795547619047619,32.17974893479206,28.4631507910003,25.23084653660691,23.137486844705293,20.4686672670646,17.70459701066415,15.369808512596107,13.42962560410608,11.806237546225995,10.234724912463832,9.16562058825878,8.303040158512413,7.317962541167721,6.398118920861731,5.041695623843194,15.58252471482129,4.227078695452881,1.036831284097569,0.4438274460981611,0.10645560350815851,0.08474922940670442,0.06225422994042994,0.03716442111462612,0.031781349005809006,0.03188434001813002,0.02575115460816961,0.023113030594405597,0.014664949606504607,0.02313981470825471,0.020835934487179485,0.031053641383246386,0.012552695856550857,0.014325340701705703,0.011477486169201169,0.007369771249121249,0.016525198445628445,1.961020177777778,17082136.88888889,1891.3229777777776,0.42195,0.107,0.0,0.027343097757879343,1.1697,0.0282444444444444,0.03629804819971052,0.098275,0.0261709333333333,0.12537547103186555,0.0,0.0,0.0076444444444444,0.0718625,0.2711285714285714,0.0315888888888888,0.0,2.1480580779689125,0.0765,0.0,0.0307285714285714,0.0,0.0233666666666666,0.1083333333333333,0.0475833333333333,0.0682166666666666,0.0784833333333333,0.02545,0.0,0.0148875,0.079325,0.0,0.3475666666666666,0.024,0.0,0.193975,0.1768,0.0,0.00912,0.2502,0.011075,0.0,0.26004,0.0357428571428571,0.0555714285714285,0.0424999999999999,0.026775,0.0257285714285714,0.0243,0.0,0.0115333333333333,0.10245,0.0,0.0,,,,0.00268769268027237,0.006310344827586207,1.4122372606299622,4.7330303287302025,3.958940576192838,36.0,2500.3333,884.93878,0.8488924267419535,2024-08-12 16:00:00
2024-08-12 10:15:00,36.23911111111112,1.0,0.0840847192740592,0.327334002014652,0.0045606031868131,0.0432827287301587,0.8568220701098901,0.006351563555555556,0.009028164444444443,0.02807937777777778,7.722257777777778e-25,2.170311111111111e-05,3.54548e-05,0.00035094933333333335,2.7599066666666664e-25,2.3639066666666665e-05,0.0017995644444444444,0.0012002577777777779,3.4581688888888886e-07,0.10216399999999999,0.007477751111111111,0.01995582222222222,0.15881155555555554,3.0352577777777777e-05,1.5098844444444446e-05,0.152,1308.3244444444447,1.7751111111111113,0.04875555555555556,1.7751111111111113,40.73433,-111.87211,302.6104444444444,29.871111111111112,877.8671111111111,127.63053333333333,2.14,431706.1777777778,1951.8497777777775,182.5524444444445,17106295.132,0.0009711639676562,6.385543345543346e-05,0.0003082956845238,0.0001440503785103,6.2792664002664e-05,1.1225616605616606e-05,0.0012486883065814661,5.86714585055685,6.196308704240204,19.13567304793355,9.250029377777777,0.1678892444444444,1.1416849777777778,1.9119645333333333,0.0026852888888888,0.1657066222222222,3.0153828,0.0063229333333333,0.3575919111111111,0.4368352,0.0811139999999999,0.1752233777777778,0.0195999111111111,0.0202710222222222,0.1258866666666666,0.0457008,0.0038728888888888,0.0272064888888888,0.1198679555555555,0.0278959555555555,0.0041827111111111,0.0037188444444444,2.661206896551724,0.11856896551724137,0.09225507665443529,0.029586206896551726,0.0,0.072,0.442,0.19789655172413795,0.054241379310344826,0.008982758620689655,0.002,0.02760087041988162,1.215620839604476,0.3642532598832998,0.127,0.0040344827586206895,0.15039513937173338,0.00205,0.11048406648551021,0.007872471004038125,0.021075304088674127,0.3122833333333333,0.033649523531625376,0.11827932056960838,0.023295133668895518,0.006606418755151423,0.013758393110726378,0.0032068965517241376,0.0726625,0.10725791640436276,0.0010161776972338488,0.009,0.0753591340285789,0.11745667644105649,0.011103448275862068,0.0238642857142857,0.03494864791642744,0.007103448275862069,0.017881094136533035,0.072558922535156,0.004503765486144824,0.0040691546403694625,0.03192330894645918,0.002120689655172414,0.0032758620689655148,0.0020344827586206895,0.014378162331735403,0.006016473981305583,0.0021551724137931043,0.004493939494133542,0.003242309515361325,0.05155586723551847,0.0025,0.0036123800469346243,0.026114012906946787,0.018867131249951073,0.013926479812003782,0.0047896486202686,0.0217912307215007,0.0161071751770451,0.0039968627350427,0.0010707285470085,0.265917456043956,58500.0,58559.0,872.4851822222223,31.64207111111111,259.78340888888886,34.918151111111115,1.9786133333333333,0.16551555555555555,0.008097777777777778,33.34234356888889,29.652360288888886,25.93217168,23.70582754666667,20.751373568888887,18.14871070222222,15.616118337777777,13.597519377777777,11.780912933333333,10.313203662222223,9.158417413333332,8.39930188,7.276898231111111,6.404187835555556,4.9852112844444445,14.705055253333335,3.9855616533333333,0.9960578888888888,0.4582260444444444,0.09807638222222222,0.08852294222222222,0.05411305777777778,0.04644787555555555,0.0359202,0.029840693333333335,0.027501471111111113,0.021722466666666666,0.020991160000000002,0.02130415111111111,0.025379533333333332,0.03323914222222222,0.01934668888888889,0.01643939111111111,0.010041377777777777,0.009458964444444443,0.015565977777777778,2.108348933333333,16844611.111111112,1892.4811555555557,0.39426023345284744,0.1606069767670508,0.0,0.022787899971492356,1.3089331480121018,0.0282444444444444,0.030128528992404455,0.084675,0.0195999111111111,0.10645292350252407,0.0,0.0,0.0076444444444444,0.05343125,0.23433928571428567,0.0315888888888888,0.0,2.277127590819976,0.11712113432539138,0.0,0.02665085439861667,0.0,0.020183333333333303,0.11733817661119192,0.050455389145657635,0.06731024035725505,0.07976713631496303,0.02771041533693474,0.003909194950464041,0.010413868326398897,0.09608833443433104,0.0019968329875754945,0.44196932137636774,0.02783004083774222,0.0007166337075674659,0.2517851595844086,0.22104365721962188,0.0,0.00684,0.33023893715521546,0.006225153853896833,0.0009560970809864377,0.18880392847971889,0.02680714285714282,0.04316608095334508,0.03281348624845565,0.022637499999999998,0.019296428571428548,0.024305598535948506,0.0,0.011324999999999974,0.09755625,0.0,0.0,,,,0.00212030545024193,0.006155172413793104,3.6919390974735333,7.469298244197305,13.962372771322242,34.62904483665139,1815.3334,949.80664,0.8493948864007836,2024-08-12 16:15:00
2024-08-12 10:30:00,39.23244444444445,1.0,0.065452592063492,0.308957666031746,0.0049141761904761,0.0402108123809523,0.7942900415873015,0.007195036444444444,0.009283306666666666,0.028699511111111114,1.2237742222222222e-24,2.328048888888889e-05,3.7392e-05,0.00036964355555555556,4.497168888888889e-25,2.6744666666666668e-05,0.0018789866666666666,0.0012478266666666666,3.789186666666667e-07,0.10388622222222223,0.007749351111111111,0.020233422222222224,0.16133466666666668,3.2168444444444444e-05,1.7169422222222223e-05,0.152,1308.7862222222222,1.9596444444444445,0.04604444444444445,1.9596444444444445,40.73433244444445,-111.87211,303.1211111111111,29.15111111111111,877.8293333333334,142.00488888888887,2.6822222222222223,430920.7555555556,1949.0146666666667,161.69955555555555,16580903.155111112,0.0010021587301587,6.129206349206349e-05,0.0003249777518777,0.0001255273015873,9.906857142857143e-05,8.689587301587303e-05,0.001226386166097348,1.6234692888888889,3.0893742222222222,5.69104,10.891501086424686,0.160678341070041,1.0080288354756357,1.8361090537018536,0.0017106327894327,0.1399581542235542,2.764021240204241,0.0047841166944166,0.24402874412254413,0.3581244496281496,0.0594820963591963,0.1344676943611943,0.013006675058275,0.0167637514263514,0.0804912648018648,0.0296753832389832,0.0021628466089466,0.0242647692973692,0.099989911055611,0.0268654141858141,0.0052822313575313,0.0036019378843378,2.663,0.118,0.045,0.03,0.0,0.072,0.442,0.198,0.054,0.009,0.004,0.017,0.953,0.225,0.147,0.004,0.09,0.002033333333333333,0.084,0.009,0.017,0.277,0.046,0.087,0.022,0.006,0.003,0.003,0.066,0.119,0.001,0.009,0.049,0.127,0.011,0.017,0.034,0.007,0.01,0.071,0.003,0.004064523927105068,0.019,0.002,0.003,0.002,0.009,0.006,0.002,0.008,0.005,0.035,0.005,0.002,0.027,0.022,0.008,0.004863086031746,0.0169951358730158,0.0128911993650793,0.0037856396825396,0.000887085079365,0.2392231006349206,59400.0,59459.0,872.4908888888889,32.341048888888885,235.87383111111112,31.29290222222222,1.8201822222222221,0.1689111111111111,0.007182222222222223,31.165726782222226,27.67521042222222,24.162685884444443,21.794565413333334,19.099831733333335,16.433063488888887,14.10210214222222,12.168320053333334,10.528923386666666,9.212938666666668,8.051464982222223,7.422876586666667,6.6120058311111105,5.809192991111112,4.413400155555555,12.242482004444444,3.1906002,0.8119872355555555,0.43438143555555553,0.09517929333333333,0.08131819555555556,0.049853155555555556,0.03808379555555556,0.035564280000000004,0.02833540888888889,0.022333693333333335,0.02261192,0.023527279999999998,0.018196706666666666,0.021586551111111112,0.03239150222222222,0.022406102222222224,0.013724222222222223,0.011727555555555555,0.011573582222222222,0.013610866666666667,1.9524757333333331,16337629.333333334,1891.248088888889,0.3665704669056949,0.12497188897173239,0.0,0.018232702185105365,1.2522976026653942,0.0282444444444444,0.023959009785098392,0.071075,0.013006675058275,0.08753037597318258,0.0,0.0,0.0076444444444444,0.035,0.19754999999999995,0.0315888888888888,0.0,2.07602829408,0.06397590337542175,0.0,0.022573137368661934,0.0,0.017,0.12634301988905056,0.05332744495798197,0.06640381404784351,0.08105093929659277,0.02997083067386948,0.007818389900928082,0.005940236652797794,0.11285166886866208,0.003993665975150989,0.5363719760860689,0.03166008167548444,0.0014332674151349319,0.3095953191688173,0.26528731443924375,0.0,0.00456,0.41027787431043095,0.0013753077077936667,0.0019121941619728753,0.11756785695943778,0.01787142857142855,0.030760733335261654,0.023126972496911403,0.0185,0.0128642857142857,0.02431119707189701,0.0,0.01111666666666665,0.09266250000000001,0.0,0.0,,,,0.0015529182202114892,0.006,1.1816446897413426,4.371472433002861,3.888530401057618,37.393575187674436,1130.3334,1014.562,0.9284695378078968,2024-08-12 16:30:00
2024-08-12 10:45:00,40.13333333333333,1.0,0.0612174793650793,0.2734618438095238,0.0037312838095238,0.0348139044444444,0.7558482714285714,0.0076977013333333335,0.009503488888888889,0.02922662222222222,2.063551111111111e-24,2.4734266666666668e-05,3.9133422222222225e-05,0.00038650755555555557,7.905022222222223e-25,2.9795244444444445e-05,0.0019494088888888888,0.0012898444444444444,4.1041466666666667e-07,0.10535466666666667,0.0079872,0.02046351111111111,0.1634368888888889,3.382684444444444e-05,1.9216977777777778e-05,0.152,1309.5688888888888,2.3000444444444446,0.04955555555555556,2.3000444444444446,40.73433946666667,-111.87211,303.26688888888884,28.807111111111112,877.8586666666666,138.9652,3.2937777777777777,429606.13333333336,1946.663555555556,155.51155555555553,16528216.650666663,0.0010692752380952,5.475587301587301e-05,0.0003639117460317,0.0001117314285714,0.0001338352380952,7.736507936507936e-05,0.00120408402561323,1.5785420444444442,2.655992,5.107515111111111,7.34582815938506,0.1656380027972028,0.9630850875679876,1.7961466147630147,0.0019782519258519,0.1289394087690087,2.430870020190921,0.0053437665778665,0.2414141347874348,0.3059485814518814,0.0577554604506604,0.1376442525807525,0.0113893209901209,0.0113891591297591,0.0727769114996115,0.0304533341880341,0.0016333952380952,0.0202245579420579,0.0851736107559107,0.0196713813075813,0.0046145279276279,0.0027511079143079,2.3689999999999998,0.13,0.0819411675042742,0.020499999999999997,0.0,0.0715,0.441,0.20700000000000002,0.052000000000000005,0.009,0.0045000000000000005,0.01599997305916545,1.1131591456679786,0.23942958556123484,0.1455,0.0045000000000000005,0.1015,0.0020166666666666666,0.07319250466170257,0.008,0.0155,0.23950000000000002,0.076,0.08995280397464396,0.0225,0.0055,0.005,0.0045000000000000005,0.0595,0.1195,0.001,0.0085,0.04380249692516964,0.11699999999999999,0.009,0.0155,0.0315,0.006500000000000001,0.009000000000000001,0.068,0.002430914248087963,0.003532261963552534,0.018339545014430747,0.005,0.005,0.002,0.006472099140806438,0.0055,0.005,0.011,0.0055,0.0345,0.005,0.0016742969199066786,0.028499999999999998,0.020999999999999998,0.00689477808100154,0.0041502314285714,0.0138681063492063,0.0132111215873015,0.0032464961904761,0.0007750273015873,0.2504289425396825,60300.0,60359.0,872.5282488888889,33.25566666666667,203.67312444444445,26.9934,1.6125955555555556,0.1721822222222222,0.006142222222222222,27.084729102222223,24.109310951111112,20.99116548,18.802015320000002,16.59509752,14.248779537777777,12.182339826666666,10.599149533333334,8.988643902222224,7.93151728,6.979747733333334,6.419412982222222,5.854989533333334,5.071095742222223,3.8267241333333333,9.930025368888888,2.533322924444444,0.6659119155555556,0.34932842666666664,0.08232788444444444,0.07208648888888888,0.047087231111111114,0.044811444444444445,0.033629613333333336,0.027350475555555552,0.02141724888888889,0.023666346666666668,0.017505888888888887,0.0176208,0.02486165777777778,0.027936302222222223,0.018179435555555557,0.01524176,0.01094219111111111,0.011359986666666665,0.013774982222222225,1.8998520888888888,16256096.88888889,1888.7578666666664,0.31341023345284746,0.11716786731369941,0.0,0.013677504398718378,1.2270202367121072,0.0282444444444444,0.017789490577792326,0.057475,0.0113893209901209,0.06860782844384108,0.0,0.0,0.0076444444444444,0.032725000000000004,0.16076071428571423,0.0315888888888888,0.0,1.9225841391822225,0.08313124491050435,0.0,0.011286568684330967,0.0,0.0085,0.10383817661119193,0.04088872247899099,0.049651907023921756,0.06368380298162968,0.02696041533693474,0.003909194950464041,0.002970118326398897,0.10363833443433104,0.0019968329875754945,0.43111932137636777,0.025430040837742217,0.0007166337075674659,0.24182265958440863,0.19295365721962182,0.0,0.00228,0.29060893715521546,0.0006876538538968333,0.0009560970809864377,0.1722839284797189,0.008935714285714276,0.015380366667630827,0.011563486248455702,0.014362499999999999,0.0064321428571428516,0.018955598535948505,0.0,0.010908333333333325,0.08776875,0.0,0.0,,,,0.0017520272999615163,0.0055,1.155068533701925,3.9393607673455877,3.451304801159497,38.22560236236244,445.33334,1078.2465,0.9637546741452991,2024-08-12 16:45:00
2024-08-12 11:00:00,40.650666666666666,1.0,0.052606372063492,0.2088735831746031,0.0022630225396825,0.0253286453968254,0.7168693904761905,0.007544262222222222,0.009690177777777777,0.02966568888888889,3.7176e-24,2.6044488888888885e-05,4.067066666666666e-05,0.00040141377777777777,1.4996435555555555e-24,3.271462222222222e-05,0.002010631111111111,0.00132608,4.3967555555555557e-07,0.10656266666666667,0.00819155111111111,0.020652266666666665,0.1651768888888889,3.530808888888889e-05,2.118351111111111e-05,0.152,1309.4253333333334,2.1924444444444444,0.05017777777777778,2.1924444444444444,40.73433591111111,-111.87211,303.46511111111107,28.40266666666667,877.8746666666666,155.94537777777776,3.2386666666666666,428056.57777777774,1950.3586666666667,137.59244444444442,16446408.169777775,0.000970878095238,1.8664126984126982e-05,0.0004370885714285,9.544539682539682e-05,0.0001358539682539,2.6814920634920635e-05,0.0011817818851291122,1.0498139111111109,2.033125333333333,3.600514222222222,6.047810133333333,0.1565550222222222,0.7893174666666667,1.4580117333333331,0.0014528,0.1094208,2.222888088888889,0.0031091111111111,0.2662056888888889,0.2274069333333333,0.0468058222222222,0.1122123999999999,0.0092896444444444,0.0081984888888888,0.0580399111111111,0.0243625777777777,0.0036099111111111,0.0185491555555555,0.0777682666666666,0.0172687999999999,0.0159731111111111,0.0022054222222222,2.075,0.142,0.046,0.011,0.0,0.071,0.44,0.216,0.05,0.009,0.005,0.012,1.369,0.305,0.144,0.005,0.113,0.002,0.049,0.007,0.014,0.202,0.106,0.082,0.023,0.005,0.007,0.006,0.053,0.12,0.001,0.008,0.04,0.107,0.007,0.014,0.029,0.006,0.008,0.065,0.002,0.003,0.015,0.008,0.007,0.002,0.009,0.005,0.008,0.014,0.006,0.034,0.005,0.002,0.03,0.02,0.008,0.0025108917460317,0.0093992082539682,0.0145338317460317,0.0025027047619047,0.0005851241269841,0.244125286031746,61200.0,61259.0,872.5069155555556,33.537995555555554,176.02415555555555,22.957782222222225,1.3569155555555557,0.16844444444444445,0.005071111111111111,23.854482937777778,21.234114079999998,18.444545035555556,16.543977217777776,14.500849831111111,12.304451022222223,10.53179724,9.016733404444444,7.675659844444444,6.701047382222223,5.949027777777777,5.4908055155555555,5.019819968888888,4.353544004444444,3.1513428444444442,7.989597342222222,1.9920468666666666,0.5312763955555556,0.3120332711111111,0.07095937777777778,0.05655735555555556,0.0404228,0.034016422222222224,0.03192414222222222,0.02670465333333333,0.01911179111111111,0.017507737777777775,0.012859111111111111,0.012277804444444446,0.020266666666666665,0.026145635555555557,0.01679642222222222,0.012426191111111111,0.008509244444444446,0.010483924444444443,0.010002915555555556,1.620422133333333,16171980.888888888,1892.2553333333333,0.26025,0.06885,0.0,0.00912230661233139,1.27305,0.0282444444444444,0.011619971370486263,0.043875,0.0092896444444444,0.0496852809144996,0.0,0.0,0.0076444444444444,0.03045,0.1239714285714285,0.0315888888888888,0.0,1.624782666493786,0.03145,0.0,0.0,0.0,0.0,0.0813333333333333,0.02845,0.0329,0.0463166666666666,0.02395,0.0,0.0,0.094425,0.0,0.3258666666666667,0.0192,0.0,0.17405,0.1206199999999999,0.0,0.0,0.17094,0.0,0.0,0.227,0.0,0.0,0.0,0.010225,0.0,0.0136,0.0,0.0107,0.082875,0.0,0.0,,,,0.0019511363797115435,0.005,0.8423059428140675,3.3183201731199263,2.322133826214315,40.0,80.0,1139.9435,0.9209809131251225,2024-08-12 17:00:00
2024-08-12 11:15:00,41.03644444444444,1.0,0.0539154561904761,0.2059444587301587,0.0019119117460317,0.0234430866666666,0.737007821904762,0.008142080000000001,0.009849013333333332,0.03003382222222222,7.227253333333334e-24,2.7224933333333334e-05,4.2028177777777774e-05,0.0004145982222222222,3.0736622222222224e-24,3.547262222222222e-05,0.002064306666666667,0.0013575066666666666,4.666648888888889e-07,0.10755244444444445,0.00836796888888889,0.02080657777777778,0.16658444444444445,3.6633688888888886e-05,2.305031111111111e-05,0.152,1309.1484444444443,2.155555555555556,0.04755555555555556,2.155555555555556,40.73433017777778,-111.87211,304.0868888888889,28.075555555555557,877.8933333333333,165.15662222222224,3.379111111111111,427671.2888888889,1945.992888888889,126.3831111111111,16796209.953333333,0.0008744428571428,1.6579301587301585e-05,0.0004903549206349,9.62152380952381e-05,0.000127352063492,6.434603174603175e-06,0.001159479744644994,0.9366378222222222,1.7368009333333334,3.238912888888889,6.3118584,0.1545248444444444,0.7190132444444444,1.2748134222222225,0.0014567555555555,0.1016704,2.2087479111111112,0.0033652888888888,0.30752928888888886,0.1964499555555555,0.0358671555555555,0.1002688888888889,0.0073549777777777,0.0084840444444444,0.0548614666666666,0.0229924444444444,0.0031688444444444,0.0174017333333333,0.0807298222222222,0.0221212,0.0486346666666666,0.0023658222222222,2.26025,0.14175,0.07227643706758378,0.00925,0.0,0.071,0.44,0.21075,0.0505,0.009,0.00475,0.012086657397573199,1.099909107434172,0.10496952850535579,0.12675,0.005,0.1115,0.002,0.04199470291137597,0.00675,0.01325,0.2335,0.08875,0.061779879397245566,0.02075,0.0045000000000000005,0.006,0.0055,0.05175,0.11374999999999999,0.00075,0.00875,0.03315753745659186,0.1225,0.00725,0.01325,0.02875,0.00575,0.0075,0.06275,0.0014166267112128983,0.0034374673725588896,0.01375735154389933,0.00675,0.00625,0.00175,0.0026035044181947128,0.004922421932668363,0.006500000000000001,0.01225,0.0055,0.0315,0.00475,0.0007259541131092837,0.027999999999999997,0.0195,0.003454025894914008,0.0020339844444444,0.0074281784126984,0.0136516317460317,0.0023085768253968,0.0005285003174603,0.2548199228571429,62100.0,62159.0,872.4747555555556,33.51134666666666,172.22310666666667,22.173893333333336,1.2790533333333334,0.16490666666666665,0.004862222222222223,23.614357200000004,20.824385977777776,18.346732706666668,16.38937057333333,14.228568031111111,12.224506893333334,10.18842924888889,8.805610533333333,7.569881306666667,6.510660915555556,5.741374653333334,5.303728626666667,4.819598973333333,4.217955377777778,3.0410947377777777,7.367949008888889,1.8571183866666667,0.4812496,0.27437489777777774,0.07790750222222223,0.05783960444444444,0.03430683111111111,0.028961764444444444,0.03204432,0.019934884444444446,0.020247217777777778,0.017376235555555557,0.01715889333333333,0.016657711111111112,0.02025196888888889,0.02293238666666667,0.012867653333333333,0.012575844444444446,0.006413311111111111,0.00859780888888889,0.01006259111111111,1.5402819555555556,16509731.555555554,1888.0256444444444,0.2528625,0.0703752603240674,0.0,0.00903696022142054,1.2109112385304925,0.0282444444444444,0.011504378980717305,0.045175,0.0073549777777777,0.04933074721163941,0.0,0.0,0.0076444444444444,0.030565625,0.1232821428571428,0.0315888888888888,0.0,1.665232666522756,0.0465173373735681,0.0,0.0,0.0,0.0,0.07719999999999998,0.02812916666666665,0.0337,0.0460916666666666,0.02254375,0.0,0.0,0.08364374999999999,0.0,0.3269416666666667,0.01886,0.0,0.1717625,0.11790999999999992,0.0,0.001585,0.170985,0.0,0.0,0.218555,0.0,0.006892857142857125,0.0,0.00766875,0.0,0.013870833333333325,0.0,0.010591666666666649,0.08303437500000001,0.0,0.0,,,,0.0018515818398365297,0.0045000000000000005,0.775358026567804,3.022864514135292,2.051191895713847,39.05968189811282,80.0,1198.8074,0.9730055295510447,2024-08-12 17:15:00
2024-08-12 11:30:00,41.66044444444445,1.0,0.0575626536507936,0.2202772577777778,0.0022062228571428,0.0239275298412698,0.7425520228571428,0.008390660444444444,0.009984786666666667,0.0303452,1.492387111111111e-23,2.8284666666666667e-05,4.3229955555555555e-05,0.00042629022222222224,6.649413333333334e-24,3.80624e-05,0.0021113422222222224,0.001384671111111111,4.914524444444445e-07,0.10837155555555555,0.008520782222222223,0.020932044444444447,0.167752,3.781782222222223e-05,2.4808355555555556e-05,0.152,1309.5195555555556,1.9966666666666666,0.04555555555555556,1.9966666666666666,40.734334044444445,-111.87211,304.01399999999995,28.44355555555556,877.852,157.6503111111111,3.6199999999999997,428184.6222222222,1941.5822222222223,135.916,17136110.691111114,0.0008702333333333,1.449447619047619e-05,0.0004661793650793,8.689746031746032e-05,0.0001320231746031,7.009269841269841e-05,0.0011371776041608761,1.0398909333333333,1.7554206222222224,3.3359302222222222,5.626697733333333,0.1574889777777777,0.6877704888888889,1.2570184444444443,0.0013158666666666,0.1019204,2.157865111111111,0.0027717777777777,0.2492068,0.2055011555555555,0.0366854666666666,0.0977479555555555,0.0095843999999999,0.0061393333333333,0.0507635555555555,0.0226844888888888,0.0020018666666666,0.0176412,0.0766810222222222,0.0192053333333333,0.0257407999999999,0.0024067111111111,2.4455,0.1415,0.07263776044735844,0.0075,0.0,0.071,0.44,0.20550000000000002,0.051000000000000004,0.009,0.0045000000000000005,0.011191540369754028,1.0127696909780965,0.14897437697407756,0.10949999999999999,0.005,0.11,0.002,0.04457352562162545,0.006500000000000001,0.0125,0.265,0.0715,0.059879641977479345,0.0185,0.004,0.005,0.005,0.0505,0.1075,0.0005,0.0095,0.030722649677339228,0.138,0.0075,0.0125,0.0285,0.0055,0.007,0.0605,0.0013747609964461236,0.0038749347451177787,0.012709237935153123,0.0055,0.0055,0.0015,0.0024438243695725018,0.004844843865336727,0.005,0.0105,0.005,0.029,0.0045000000000000005,0.0006868103318765735,0.026,0.019,0.0033120054674031845,0.0022162111111111,0.0078928352380952,0.0148897307936507,0.0023072152380952,0.0005648184126984,0.2467602149206349,63000.0,63059.0,872.4321377777777,33.52489333333333,178.01678666666666,22.91439111111111,1.3715377777777777,0.17036444444444446,0.004946666666666667,24.814377977777777,21.99016814666667,19.08118455111111,16.92636472888889,14.769020297777779,12.523263333333334,10.5039542,8.969939404444442,7.717215995555555,6.606221155555556,5.888329893333333,5.4300210177777775,4.99964196,4.272695226666667,3.0889785422222222,7.462151666666667,1.8071249155555555,0.46215124888888887,0.26303275555555555,0.07312435111111111,0.05532119111111111,0.03815320888888889,0.03717727555555555,0.030279724444444444,0.020478346666666664,0.021057093333333332,0.01926155111111111,0.019392782222222224,0.019461066666666662,0.019322417777777778,0.026747475555555556,0.014072320000000001,0.013116679999999999,0.011830515555555556,0.008856351111111112,0.013267853333333334,1.5897364,16829609.333333332,1882.7865333333332,0.245475,0.08568911356138592,0.0,0.00895161383050969,1.0956500120874182,0.0282444444444444,0.011388786590948347,0.046475,0.0095843999999999,0.04897621350877922,0.0,0.0,0.0076444444444444,0.03068125,0.1225928571428571,0.0315888888888888,0.0,1.7417368507733333,0.0584999996473249,0.0,0.0,0.0,0.0,0.07306666666666664,0.0278083333333333,0.0345,0.0458666666666666,0.0211375,0.0,0.0,0.0728625,0.0,0.3280166666666666,0.018520000000000002,0.0,0.169475,0.11519999999999994,0.0,0.00317,0.17103000000000002,0.0,0.0,0.21011000000000002,0.0,0.01378571428571425,0.0,0.0051125,0.0,0.01414166666666665,0.0,0.0104833333333333,0.08319375000000001,0.0,0.0,,,,0.001752027299961516,0.004,0.8364361279821343,3.0414296152567504,2.1238853875852097,39.63598488442855,80.0,1254.0894,0.9847288929133267,2024-08-12 17:30:00
2024-08-12 11:45:00,42.578222222222216,1.0,0.0481094104761904,0.2541506123809524,0.0024840428571428,0.0275291101587301,0.7460863263492064,0.006805015111111112,0.010100822222222222,0.030607288888888886,3.1477466666666665e-23,2.9231333333333333e-05,4.428346666666667e-05,0.0004365733333333333,1.448191111111111e-23,4.0489688888888884e-05,0.0021521733333333334,0.0014081822222222222,5.141844444444444e-07,0.10906444444444445,0.008652262222222222,0.02103528888888889,0.168712,3.887115555555555e-05,2.6461333333333334e-05,0.152,1309.7142222222221,2.198577777777778,0.048044444444444445,2.198577777777778,40.734339911111114,-111.87211,303.85977777777777,28.74088888888889,877.8062222222221,161.90426666666664,3.7706666666666666,427612.2222222222,1939.8404444444443,124.51466666666668,17305161.664,0.0008949285714285,1.2409650793650794e-05,0.0004834187301587,8.894571428571429e-05,0.0001417292063492,8.207587301587302e-05,0.001114875463676758,0.6569560198135198,1.407691287856588,2.672841287046287,5.800034933333333,0.1552198666666666,0.6537782222222221,1.168986711111111,0.0012700444444444,0.0986809777777777,2.2679949777777777,0.0049229333333333,0.28079688888888893,0.2283062666666666,0.0327027111111111,0.0911127111111111,0.0052471555555555,0.0080330222222222,0.0447884,0.0190895999999999,0.0008896,0.0175519555555555,0.0707867111111111,0.0174592888888888,0.0258739555555555,0.0020078666666666,2.63075,0.14125,0.07087918393701918,0.00575,0.0,0.071,0.44,0.20025,0.0515,0.009,0.00425,0.009886372117777015,0.9783582265392212,0.09634458641190136,0.09225,0.005,0.1085,0.002,0.05107104401068942,0.00625,0.01175,0.2965,0.05424999999999999,0.05487810559573095,0.01625,0.0035,0.004,0.0045000000000000005,0.04925,0.10125,0.00025,0.010249999999999999,0.02717234493746633,0.15350000000000003,0.00775,0.01175,0.02825,0.00525,0.006500000000000001,0.05825,0.000886045692807778,0.004312402117676668,0.011180985690937126,0.00425,0.00475,0.00125,0.0005798150272712053,0.0047672657980050905,0.0034999999999999996,0.00875,0.0045000000000000005,0.026500000000000003,0.00425,0.00022986925163305484,0.024,0.0185,0.0016541439752381726,0.0026946533333333,0.0093245987301587,0.0181088266666666,0.0024533403174603,0.0004855349206349,0.2568383904761904,63900.0,63959.0,872.3299599999999,33.553466666666665,187.67684888888888,23.967475555555556,1.40176,0.16688888888888886,0.005084444444444444,25.778071355555554,22.955255515555557,19.922904080000002,17.899775271111114,15.67693144888889,13.332206088888888,11.264346551111112,9.585776053333332,8.199267817777777,7.100101937777778,6.268233591111112,5.807657782222222,5.31940656888889,4.5491770888888885,3.263693488888889,7.718311555555556,1.8461371644444446,0.48534708888888894,0.2810958355555556,0.07563630666666667,0.05403131111111111,0.0347532,0.03498339555555555,0.03079446222222222,0.023609524444444443,0.013806173333333335,0.01787119111111111,0.017312884444444444,0.015665302222222222,0.01898708888888889,0.025502017777777778,0.01473219111111111,0.009932,0.00925636,0.01032316888888889,0.015985715555555557,1.6792415555555555,17018957.777777776,1880.6201777777776,0.23808749999999998,0.06737374794541637,0.0,0.008866267439598839,1.047989866511287,0.0282444444444444,0.01127319420117939,0.047775,0.0052471555555555,0.048621679805919034,0.0,0.0,0.0076444444444444,0.030796875,0.1219035714285714,0.0315888888888888,0.0,1.820341920537777,0.044168737802545086,0.0,0.0,0.0,0.0,0.06893333333333332,0.02748749999999995,0.0353,0.0456416666666666,0.01973125,0.0,0.0,0.06208125,0.0,0.3290916666666666,0.01818,0.0,0.1671875,0.11248999999999998,0.0,0.0047550000000000005,0.171075,0.0,0.0,0.201665,0.0,0.020678571428571376,0.0,0.0025562499999999995,0.0,0.014412499999999974,0.0,0.01037499999999995,0.083353125,0.0,0.0,,,,0.0016524727600865023,0.0035,0.6099157139107163,2.6947197269273158,1.6270437566821125,40.48361000319062,80.0,1305.1593,0.7865012567040913,2024-08-12 17:45:00
2024-08-12 12:00:00,43.73511111111111,1.0,0.0487172222222222,0.31111592,0.0034099822222222,0.0349306311111111,0.7769539466666666,0.006693621777777778,0.010198488888888888,0.030824888888888888,6.438964444444445e-23,3.0060800000000002e-05,4.519488888888889e-05,0.00044545911111111113,3.0192755555555553e-23,4.2648133333333336e-05,0.0021872844444444446,0.0014282000000000001,5.342626666666667e-07,0.10962488888888888,0.008764,0.021120444444444445,0.16950666666666667,3.978675555555556e-05,2.7932977777777777e-05,0.152,1309.628,2.185511111111111,0.04613333333333334,2.185511111111111,40.734334311111105,-111.87211,303.58466666666664,29.689333333333334,877.7177777777778,171.5596888888889,3.2235555555555555,428100.5333333333,1941.0057777777777,123.54222222222224,17534631.72044444,0.0008950088888888,1.0324825396825396e-05,0.0005230177777777,8.911111111111111e-05,0.00015608,4.015111111111112e-05,0.00109257332319264,0.5896378634680133,1.4601911496632998,2.831590301346801,5.929402711111111,0.1549957777777777,0.6685924444444444,1.211221511111111,0.0012824444444444,0.0977914222222222,2.34545,0.0066217777777777,0.25145653333333334,0.2311236444444444,0.0262814222222222,0.0874819555555555,0.0037555111111111,0.0097105777777777,0.0438870666666666,0.0171388444444444,0.0013494222222222,0.0155704,0.0639208888888888,0.0149411999999999,0.0309671555555555,0.0020393777777777,2.816,0.141,0.027,0.004,0.0,0.071,0.44,0.195,0.052,0.009,0.004,0.01,0.736,0.138,0.075,0.005,0.107,0.002,0.053,0.006,0.011,0.328,0.037,0.085,0.014,0.003,0.003,0.004,0.048,0.095,0.0,0.011,0.031,0.169,0.008,0.011,0.028,0.005,0.006,0.056,0.001,0.004749869490235557,0.012,0.003,0.004,0.001,0.005,0.004689687730673454,0.002,0.007,0.004,0.024,0.004,0.001,0.022,0.018,0.005,0.0035175644444444,0.0099935244444444,0.0178948266666666,0.0027538977777777,0.0004312622222222,0.2392613111111111,64800.0,64859.0,872.2469955555555,33.42520444444445,203.52264888888888,25.666057777777777,1.4457866666666668,0.16262666666666667,0.005146666666666667,27.676203226666665,24.71775438222222,21.774469284444443,19.391910515555555,17.106716164444443,14.546661284444443,12.356864124444444,10.539047271111112,8.903614013333334,7.772124608888889,6.906502742222222,6.390048386666666,5.807032755555555,4.961760648888888,3.4290012711111113,8.116403844444445,1.9178219066666666,0.5047544222222222,0.28355453333333336,0.0691864311111111,0.05703929333333334,0.034756626666666665,0.03848774222222222,0.02822062666666667,0.0212,0.019355097777777778,0.01669071111111111,0.019350266666666668,0.01716472,0.017020888888888887,0.023746177777777776,0.018018648888888888,0.010039813333333335,0.008405568888888888,0.007615591111111111,0.014010831111111113,1.8386522666666667,17234471.555555556,1880.635155555556,0.2307,0.0747,0.0,0.008780921048687988,0.91815,0.0282444444444444,0.011157601811410432,0.049075,0.0037555111111111,0.04826714610305884,0.0,0.0,0.0076444444444444,0.0309125,0.1212142857142857,0.0315888888888888,0.0,2.01134056542871,0.0288333333333333,0.0,0.0,0.0,0.0,0.0648,0.0271666666666666,0.0361,0.0454166666666666,0.018325,0.0,0.0,0.0513,0.0,0.3301666666666666,0.01784,0.0,0.1649,0.10978,0.0,0.00634,0.17112,0.0,0.0,0.19322,0.0,0.0275714285714285,0.0,0.0,0.0,0.0146833333333333,0.0,0.0102666666666666,0.0835125,0.0,0.0,,,,0.0015529182202114885,0.003,0.5700944907431933,2.7470656736893924,1.7459917815777461,44.0,367.0,1362.0668,0.7637633247122066,2024-08-12 18:00:00
2024-08-12 12:15:00,44.833333333333336,1.0,0.0449765377777777,0.38266732,0.0038310355555555,0.04312564,0.7816707377777778,0.005579318666666667,0.010274622222222222,0.030992444444444444,1.1906422222222222e-22,3.073817777777778e-05,4.592986666666667e-05,0.00045264266666666665,5.655053333333333e-23,4.448266666666667e-05,0.002215248888888889,0.0014440577777777778,5.510071111111111e-07,0.1100528888888889,0.00885256,0.021182044444444444,0.17011688888888887,4.053191111111111e-05,2.9186933333333333e-05,0.152,1309.6875555555555,1.5033333333333334,0.04808888888888889,1.5033333333333334,40.73433706666667,-111.87211,303.3891111111111,29.991555555555557,877.5502222222223,173.76719999999997,3.6546666666666665,428389.3333333334,1941.9666666666667,125.04355555555556,17622266.33644444,0.0008899555555555,8.239999999999999e-06,0.0005599288888888,7.891111111111112e-05,0.0001625111111111,4.603111111111112e-05,0.0010702711827085222,0.4445991738705737,1.378701970695971,2.6331813211233213,6.107042378266178,0.1561998772893773,0.6992077306471306,1.3007254515262516,0.000583899023199,0.1009548946275946,2.4152534992673997,0.0074520157509157,0.2216602463203463,0.2475471492063491,0.025541302075702,0.0847728013431013,0.0059359333333333,0.0098569279609279,0.0424300249084249,0.016354087057387,0.0014976225885225,0.0168411321123321,0.0608847844932844,0.0162703312576312,0.0104754095238095,0.0022776654456654,3.01025,0.177,0.0677170803293713,0.0115,0.0,0.07125,0.4405,0.19825,0.0525,0.009,0.00425,0.009371226316607821,1.020364974657511,0.0987859948541494,0.07375,0.00775,0.11725,0.003,0.05655306019181189,0.00575,0.012,0.29975,0.0385,0.05009918755778997,0.014750000000000001,0.0032500000000000003,0.003,0.0045000000000000005,0.04975,0.10300000000000001,0.00025,0.011,0.025771050830866487,0.16375,0.00775,0.01175,0.028,0.00475,0.00625,0.061,0.0005141601965723466,0.004812402117676668,0.01057778934016569,0.0032500000000000003,0.00475,0.001,0.004506936177186631,0.00426726579800509,0.00175,0.008,0.00475,0.0235,0.00425,0.0009836069918695695,0.0235,0.01825,0.0003926024619819385,0.0048451644444444,0.0113877733333333,0.0184129155555555,0.0031407644444444,0.0004034133333333,0.2458732133333333,65700.0,65759.0,872.0758977777779,33.26473333333333,221.98189777777776,27.528506666666665,1.4674133333333332,0.1548311111111111,0.005408888888888889,30.525356062222222,27.225602168888887,23.88615583111111,21.374580017777777,18.580963906666668,15.862185866666668,13.453714902222222,11.432740599999999,9.735665004444446,8.402280311111111,7.420774217777778,6.9491329422222226,6.317929297777778,5.34921272,3.6799893466666664,8.57481363111111,1.9755027200000002,0.5224025955555555,0.30096748,0.07285084,0.059981417777777775,0.033771484444444444,0.02891033777777778,0.027150546666666667,0.023229973333333334,0.021155431111111112,0.02066536,0.016892204444444444,0.016354715555555555,0.016769702222222224,0.022416213333333334,0.015135884444444444,0.009774484444444445,0.00826832888888889,0.007256084444444444,0.011384733333333334,1.9885053333333331,17329236.0,1881.4737333333333,0.22444999999999998,0.06822336729141892,0.0,0.008285204446558116,1.0667682161366585,0.0282444444444444,0.010486207671871542,0.0502125,0.0059359333333333,0.04620791148696411,0.0,0.0,0.0076444444444444,0.029756249999999998,0.11721071428571428,0.0315888888888888,0.0,2.1889733259673347,0.04483354120157394,0.0,0.0,0.0,0.0,0.0642,0.026870833333333274,0.03620416666666665,0.04434583333333327,0.01820625,0.0,0.0,0.05275625,0.0,0.31770833333333326,0.018085,0.0,0.1620375,0.10966999999999998,0.0,0.0047550000000000005,0.172435,0.0,0.0,0.20937499999999998,0.0,0.028353571428571374,0.0,0.0,0.0,0.0136708333333333,0.0,0.009949999999999948,0.08498125000000001,0.0,0.0,,,,0.0014533636803364747,0.0032500000000000003,0.4842986469482191,2.6658153984103095,1.5973271966470706,42.566346009291735,982.0,1411.5237,0.6302491783920885,2024-08-12 18:15:00
2024-08-12 12:30:00,45.352,1.0,0.0598492609523809,0.4127114406349207,0.0037769812698412,0.047185686031746,0.8483082212698413,0.008095650222222223,0.010334622222222223,0.03112248888888889,1.9871466666666665e-22,3.1286311111111115e-05,4.6520355555555554e-05,0.0004584355555555556,9.514102222222222e-23,4.6008000000000004e-05,0.0022375999999999997,0.0014568755555555556,5.647639999999999e-07,0.11037466666666668,0.008922782222222222,0.02122982222222222,0.17056666666666667,4.113595555555556e-05,3.02312e-05,0.152,1309.428,2.085288888888889,0.046000000000000006,2.085288888888889,40.73434,-111.87211,303.60777777777776,30.371555555555556,877.216,161.93537777777777,3.396,429202.2222222222,1942.4213333333328,139.12577777777778,18052577.524888888,0.0008981034920634,1.0664126984126984e-05,0.0005498857142857,8.705238095238095e-05,0.0001582457142857,5.545174603174603e-05,0.001047969042224404,0.7046249333333332,1.651305866666667,3.147550666666667,6.93922355998076,0.1585265591390091,0.7721516097883597,1.3158764974266477,0.0007720288119288,0.1071799714285714,2.515458441678691,0.0071054818662818,0.24287315978835977,0.2854197511784511,0.0379067348725348,0.079823081024531,0.0064284676286676,0.018390809018759,0.0410080692159692,0.0165508629389129,0.0008056702501202,0.0204461254689754,0.0613707371813371,0.0196385587782587,0.0122461312169312,0.002229347041847,3.2045,0.21299999999999997,0.07317700860098117,0.019000000000000003,0.0,0.0715,0.441,0.2015,0.053,0.009,0.0045000000000000005,0.009060624959328408,1.029347604951191,0.16379105913367042,0.07250000000000001,0.010499999999999999,0.1275,0.004,0.0673435328431615,0.0055,0.013,0.2715,0.039999999999999994,0.046368171095610256,0.0155,0.0035,0.003,0.005,0.051500000000000004,0.111,0.0005,0.011,0.024926156336007536,0.1585,0.0075,0.0125,0.028,0.0045000000000000005,0.006500000000000001,0.066,0.0005409113390028863,0.004874934745117779,0.010214098895964509,0.0035,0.0055,0.001,0.004013872354373262,0.003844843865336727,0.0015,0.009,0.0055,0.023,0.0045000000000000005,0.0009672139837391391,0.025,0.0185,0.00048334995561850544,0.0054182584126984,0.012543286031746,0.0208071777777777,0.0034780742857142,0.0004908,0.2196472158730158,66600.0,66659.0,871.7919555555557,33.11379111111111,232.0310488888889,29.1078,1.6204444444444446,0.16100444444444445,0.005955555555555556,31.133795013333334,28.027418253333334,24.825668048888886,22.433299733333335,19.596029502222223,16.662511106666667,14.117723995555556,12.214298026666665,10.394166644444445,8.879346684444444,7.889889764444445,7.3112835333333335,6.797572622222222,5.587093951111111,3.8552031866666665,8.868179097777778,2.0650813288888887,0.5787024133333334,0.3261653288888889,0.08083577333333333,0.06312875555555555,0.03839137777777778,0.03611144888888889,0.02813544888888889,0.02797408888888889,0.02503852,0.021357817777777777,0.01955734222222222,0.014363551111111112,0.016798626666666667,0.02882907111111111,0.02027430222222222,0.0159704,0.009709177777777777,0.009426017777777776,0.011710022222222224,2.1810036888888886,17713884.444444444,1881.2519555555557,0.2182,0.09084537483603344,0.0,0.007789487844428244,1.0618890719226286,0.0282444444444444,0.009814813532332654,0.05135,0.0064284676286676,0.04414867687086939,0.0,0.0,0.0076444444444444,0.0286,0.11320714285714285,0.0315888888888888,0.0,2.2692086874533333,0.06253463002361616,0.0,0.0,0.0,0.0,0.06359999999999999,0.02657499999999995,0.036308333333333304,0.04327499999999995,0.0180875,0.0,0.0,0.0542125,0.0,0.30524999999999997,0.01833,0.0,0.159175,0.10955999999999995,0.0,0.00317,0.17375000000000002,0.0,0.0,0.22552999999999995,0.0,0.02913571428571425,0.0,0.0,0.0,0.0126583333333333,0.0,0.0096333333333333,0.08645,0.0,0.0,,,,0.0013538091404614611,0.0035,0.6381136703978676,2.937620095309386,1.9827356855679539,43.04536708125074,1597.0,1444.9319,0.9073011108642746,2024-08-12 18:30:00
2024-08-12 12:45:00,45.592888888888886,1.0,0.0666791796825396,0.4185934771428572,0.0036695507936507,0.0472952606349206,0.9093579234920636,0.008484782666666666,0.010379644444444445,0.031219866666666665,2.964831111111111e-22,3.17096e-05,4.697253333333334e-05,0.00046287244444444443,1.4268479999999998e-22,4.720497777777778e-05,0.0022546533333333333,0.00146648,5.754786666666666e-07,0.11061022222222222,0.008975942222222222,0.021263644444444445,0.17090088888888888,4.159964444444444e-05,3.105231111111111e-05,0.152,1308.6191111111111,2.0326222222222223,0.047155555555555555,2.0326222222222223,40.73433955555556,-111.87211,305.13533333333334,28.694666666666663,876.9013333333334,164.1261333333333,3.172888888888889,429203.5555555556,1942.1853333333331,137.43911111111112,18368086.29644445,0.000913879047619,2.876e-05,0.0005527565079365,9.633111111111113e-05,0.000154858095238,3.7508888888888894e-05,0.001025666901740286,0.8504488444444444,1.8332976888888888,3.5518342222222223,7.133365006848707,0.1571954522773522,0.8484379393125393,1.3738907051726053,0.0010678418710918,0.1230040567173567,2.5735238346690346,0.0063009475191475,0.33569505162430163,0.3101870245162245,0.0506333785011285,0.0918286496355496,0.0066653684574684,0.0145119978706478,0.0534168316535316,0.0247615377048877,0.001694497045547,0.0225498503145003,0.0766291458874458,0.0190579661486661,0.0147111683298183,0.00232497005217,3.3987499999999997,0.24899999999999997,0.07879642868049995,0.026500000000000003,0.0,0.07175,0.4415,0.20475,0.0535,0.009,0.00475,0.011771102139252749,1.0246850666462635,0.15600522296700536,0.07125000000000001,0.013250000000000001,0.13774999999999998,0.005,0.07440010069652969,0.00525,0.013999999999999999,0.24325,0.041499999999999995,0.05541776809152227,0.01625,0.00375,0.003,0.0055,0.05325,0.119,0.00075,0.011,0.03229916741302858,0.15325,0.00725,0.01325,0.028,0.00425,0.00675,0.071,0.0016571300971768865,0.004937467372558889,0.01338786046030003,0.00375,0.00625,0.001,0.0035208085315598936,0.0034224219326683637,0.00125,0.009999999999999998,0.00625,0.0225,0.00475,0.0009508209756087086,0.0265,0.01875,0.0042698818735515285,0.005589899047619,0.0137414203174603,0.0262316968253968,0.0035352768253968,0.0005117866666666,0.2707217926984127,67500.0,67559.0,871.4650755555556,33.20866222222222,238.39503555555555,29.914804444444442,1.6653244444444444,0.16147555555555557,0.006057777777777777,32.10640692444444,28.909884724444446,25.454203142222223,23.096180813333334,20.18716805777778,17.22925575555556,14.500289524444444,12.473979622222222,10.664702031111112,9.131631142222224,8.041371146666668,7.421691497777777,6.756778324444444,5.609438408888889,3.964814951111111,9.242783724444445,2.215507746666667,0.5903604666666666,0.3094201022222222,0.08410659555555555,0.06619248888888889,0.04434057777777778,0.036416795555555555,0.028153804444444444,0.026199475555555556,0.02761812888888889,0.019287164444444446,0.021499800000000003,0.021990884444444445,0.02220296,0.026482239999999997,0.019802582222222222,0.01171676,0.009414942222222222,0.00965935111111111,0.013994662222222223,2.276257911111111,18047804.88888889,1880.3979555555557,0.21195,0.08813587448470592,0.0,0.0072937712422983724,1.043100944453137,0.0282444444444444,0.009143419392793766,0.0524875,0.0066653684574684,0.042089442254774664,0.0,0.0,0.0076444444444444,0.02744375,0.10920357142857143,0.0315888888888888,0.0,2.2536684005733334,0.060414521704864374,0.0,0.0,0.0,0.0,0.063,0.026279166666666624,0.03641249999999995,0.042204166666666626,0.017968750000000002,0.0,0.0,0.05566875,0.0,0.2927916666666667,0.018575,0.0,0.1563125,0.10944999999999992,0.0,0.0015849999999999996,0.175065,0.0,0.0,0.24168499999999993,0.0,0.029917857142857128,0.0,0.0,0.0,0.0116458333333333,0.0,0.00931666666666665,0.08791874999999999,0.0,0.0,,,,0.0012542546005864473,0.00375,0.7243740022719771,3.11907836794735,2.2856587030305064,43.267843020412506,2212.0,1473.0782,0.9452804459525636,2024-08-12 18:45:00
2024-08-12 13:00:00,45.58088888888889,1.0,0.0579905498412698,0.3928184923809523,0.0033193041269841,0.0441904403174603,0.8995666593650793,0.007029672444444445,0.010410222222222222,0.031286666666666664,3.9386888888888884e-22,3.2008e-05,4.728942222222222e-05,0.00046596844444444444,1.9016711111111108e-22,4.80632e-05,0.0022665688888888888,0.0014731333333333335,5.830955555555555e-07,0.110776,0.00901292,0.021287466666666664,0.17112355555555556,4.19268e-05,3.164097777777778e-05,0.152,1308.6075555555556,1.7872,0.04875555555555556,1.7872,40.73433244444445,-111.87211,305.5842222222222,28.304444444444446,876.6315555555556,167.58137777777776,3.175111111111111,428604.0,1942.178222222222,131.52533333333335,18445786.678222224,0.0009112596825396,8.370984126984126e-05,0.0005295904761904,9.968761904761904e-05,0.0001545784126984,3.285688888888889e-05,0.001003364761256168,0.6930723555555556,1.6886377777777777,3.2429440000000005,6.172002488888889,0.1550047111111111,0.7084428444444445,1.1966694222222225,0.0008747555555555,0.110126,2.484018933333333,0.0047087111111111,0.2790617777777778,0.2485476888888889,0.0281896,0.0805053333333333,0.0081363999999999,0.0105030666666666,0.0459606666666666,0.0175890666666666,0.0028555111111111,0.0187236888888888,0.0730776888888889,0.0181101777777777,0.0087174222222222,0.0022128444444444,3.593,0.285,0.039,0.034,0.0,0.072,0.442,0.208,0.054,0.009,0.005,0.01,0.763,0.158,0.07,0.016,0.148,0.006,0.059,0.005,0.015,0.215,0.043,0.063,0.017,0.004,0.003,0.006,0.055,0.127,0.001,0.011,0.031,0.148,0.007,0.014,0.028,0.004,0.007,0.076,0.002,0.005,0.01,0.004,0.007,0.001,0.005,0.003,0.001,0.011,0.007,0.022,0.005,0.001,0.028,0.019,0.005,0.0045489069841269,0.01128414,0.0263314238095238,0.0033346993650793,0.0004845117460317,0.3071826142857143,68400.0,68459.0,871.2080355555555,33.411342222222224,240.5456711111111,30.25686222222222,1.670311111111111,0.16021777777777776,0.0060977777777777775,32.09058418222222,29.071677155555555,25.795725782222224,23.091275333333332,20.355734275555555,17.40658372888889,14.680784626666668,12.641845844444443,10.67068008888889,9.2540742,8.18646495111111,7.578942097777778,6.835823262222222,5.805044853333333,4.030314946666667,9.376922475555554,2.2309338755555554,0.6215481199999999,0.31837875555555556,0.08080081777777777,0.06969825777777777,0.045619004444444444,0.040840933333333336,0.03754520888888889,0.025649315555555555,0.02858964888888889,0.01878756,0.01797600888888889,0.02086801333333333,0.023958382222222224,0.03086619111111111,0.01802622222222222,0.011632675555555555,0.010012386666666668,0.008811324444444444,0.01254068,2.0958347111111117,18126280.000000004,1880.3971111111111,0.2057,0.05545,0.0,0.0067980546401685,0.95605,0.0282444444444444,0.008472025253254876,0.053625,0.0081363999999999,0.040030207638679934,0.0,0.0,0.0076444444444444,0.0262875,0.1052,0.0315888888888888,0.0,2.091290975729869,0.0220999999999999,0.0,0.0,0.0,0.0,0.0624,0.0259833333333333,0.0365166666666666,0.0411333333333333,0.01785,0.0,0.0,0.057125,0.0,0.2803333333333333,0.01882,0.0,0.15345,0.1093399999999999,0.0,0.0,0.17638,0.0,0.0,0.2578399999999999,0.0,0.0307,0.0,0.0,0.0,0.0106333333333333,0.0,0.009,0.0893875,0.0,0.0,,,,0.0011547000607114335,0.004,0.6312798858318148,2.974842559603548,2.0542123409551247,44.0,2267.0,1496.1306,0.7799550472482218,2024-08-12 19:00:00
2024-08-12 13:15:00,45.257333333333335,1.0,0.0349957704761904,0.3874434203174603,0.0031862482539682,0.0425780815873015,0.859157053968254,0.0034899813333333337,0.010428,0.03132484444444444,4.653248888888888e-22,3.218368888888889e-05,4.747404444444445e-05,0.00046778133333333333,2.2506088888888886e-22,4.856955555555556e-05,0.0022734622222222224,0.001476991111111111,5.875675555555555e-07,0.11088,0.009034462222222223,0.02129911111111111,0.1712591111111111,4.211844444444444e-05,3.198871111111111e-05,0.152,1309.1146666666666,1.9538222222222221,0.05115555555555555,1.9538222222222221,40.734335333333334,-111.87211,304.21311111111106,29.996444444444446,876.5582222222222,165.44564444444444,3.148888888888889,428783.2888888889,1942.7226666666668,126.72755555555555,18436623.347555555,0.0008832047619047,9.07746031746032e-05,0.0004925225396825,8.195428571428571e-05,0.0001240482539682,2.8204888888888893e-05,0.00098106262077205,0.3601430666666665,1.547753333333333,2.6826751111111107,6.139257688888889,0.1527724,0.7863074666666666,1.1509433333333334,0.0010052444444444,0.1004320888888889,2.417346577777778,0.0032310222222222,0.24714946666666665,0.2404680444444444,0.0229748444444444,0.0746691999999999,0.0041903111111111,0.0089314222222222,0.0382777777777777,0.0158730222222222,0.0019308888888888,0.0142352,0.0688672888888888,0.0166180444444444,0.0056951999999999,0.0017955555555555,3.44175,0.26325,0.06658386689406143,0.0285,0.0,0.07175,0.442,0.20825,0.05375,0.009,0.00525,0.008464240535418477,1.0353009024479007,0.10655952139841651,0.07450000000000001,0.01375,0.15025,0.005,0.05453611700988739,0.0055,0.014499999999999999,0.2165,0.04325,0.0424832617049731,0.017750000000000002,0.004,0.0032500000000000003,0.00575,0.05725,0.13025,0.001,0.01075,0.023303877795454214,0.147,0.007,0.01425,0.03025,0.00425,0.0075,0.078,0.00044876074911961517,0.004851799177167578,0.009515778328577713,0.004,0.007,0.001,0.0026369797026012947,0.0032500000000000003,0.00125,0.010499999999999999,0.007,0.024,0.00525,0.0005774460802457091,0.029,0.0205,0.00017074891098082991,0.0036873806349206,0.010506065079365,0.0242622003174603,0.0031872,0.0004340234920634,0.2751673403174603,69300.0,69359.0,871.1346444444445,33.40173333333333,240.04455555555558,30.138555555555556,1.6668888888888889,0.1604177777777778,0.006066666666666667,31.82279491555556,28.716953564444445,25.57744665777778,23.17050120888889,20.436033613333333,17.478214115555556,14.73678292888889,12.635857088888889,10.823710791111113,9.304211106666665,8.199498675555555,7.6760783111111115,6.98143824,5.86778324,4.042288075555556,9.02398356,2.120612951111111,0.6021160177777778,0.3304926355555555,0.08481667555555555,0.06592080444444444,0.04190900888888889,0.04321198222222222,0.037165475555555556,0.029049111111111112,0.028636360000000003,0.01918290222222222,0.01753068,0.018233577777777777,0.020494533333333332,0.026494857777777776,0.017744422222222223,0.015463008888888888,0.008198302222222223,0.007237608888888888,0.016337515555555557,1.884673911111111,18112999.55555556,1880.524133333333,0.23023749999999998,0.07092858384772455,0.0,0.00964455577122112,1.0458768743977487,0.0282444444444444,0.012327300967984426,0.05813125,0.0041903111111111,0.0518547332620535,0.0,0.0,0.0076444444444444,0.029534374999999998,0.1281892857142857,0.0315888888888888,0.0,1.873033408274632,0.04695029757041465,0.0,0.007142857142857125,0.0,0.00707916666666665,0.06825833333333332,0.033154166666666623,0.05197083333333327,0.04959999999999998,0.0189625,0.00207,0.004096875,0.06301875,0.0,0.31908333333333333,0.018535,0.0,0.16874375,0.15539499999999992,0.0,0.0,0.20487,0.0,0.00300625,0.23118499999999992,0.00770714285714285,0.03940357142857143,0.0117642857142857,0.00360625,0.0,0.012687499999999975,0.0,0.008608333333333324,0.087790625,0.0,0.0,,,,0.00105514552083642,0.004,0.4343396808178058,2.8343711493045065,1.6344120792813799,42.957936499993444,1682.0,1514.3807,0.3862965218614746,2024-08-12 19:15:00
2024-08-12 13:30:00,45.07288888888889,1.0,0.0528547114285714,0.4090216473015873,0.0034882657142857,0.0456085536507936,1.0324290907936509,0.006150970666666667,0.010431866666666668,0.03133742222222222,4.888422222222221e-22,3.2235822222222225e-05,4.752817777777778e-05,0.000468316,2.36564e-22,4.871955555555556e-05,0.0022756133333333337,0.0014779511111111111,5.889208888888889e-07,0.1109,0.009040742222222222,0.021300622222222225,0.1713,4.217626666666667e-05,3.209182222222222e-05,0.152,1309.5457777777776,1.9545777777777777,0.04995555555555555,1.9545777777777777,40.73434,-111.87211,304.22866666666664,30.858666666666668,876.3835555555555,165.96813333333333,2.7622222222222224,428444.6666666666,1943.4444444444448,126.76222222222222,18737974.873777777,0.0008595533333333,6.407111111111112e-05,0.0005684809523809,9.831555555555556e-05,0.0001126685714285,2.3552888888888894e-05,0.000958760480287932,0.4091879555555555,1.438068,2.65134,6.4683808888888885,0.1499177777777777,0.8067816888888888,1.4018980444444444,0.0009647999999999,0.1217333777777777,2.5237573777777778,0.00576,0.3406339555555556,0.2923982666666667,0.0306745777777777,0.0831226222222222,0.0056457777777777,0.0085431555555555,0.0461089777777777,0.0184997333333333,0.0021953333333333,0.0224784888888888,0.0693890666666666,0.0201508444444444,0.0041215111111111,0.0017223555555555,3.2904999999999998,0.2415,0.06998366635124591,0.023,0.0,0.0715,0.442,0.2085,0.0535,0.009,0.0055,0.010174829242247906,1.049560718280702,0.10671954648958915,0.079,0.0115,0.1525,0.004,0.06933181663148105,0.006,0.013999999999999999,0.218,0.0435,0.04885531011234198,0.018500000000000003,0.004,0.0035,0.0055,0.0595,0.1335,0.001,0.010499999999999999,0.027957002926739232,0.146,0.007,0.014499999999999999,0.0325,0.0045000000000000005,0.008,0.08,0.0008058549342012701,0.0047035983543351565,0.011518746931424684,0.004,0.007,0.001,0.0002739594052025892,0.0035,0.0015,0.009999999999999998,0.007,0.026,0.0055,0.00015489216049141812,0.03,0.022,0.001382114084355914,0.0039220355555555,0.0125621139682539,0.0252961025396825,0.0035103444444444,0.0004810006349206,0.2196518371428571,70200.0,70259.0,870.96416,33.10641777777778,239.33622666666668,30.145991111111112,1.7139555555555555,0.1644488888888889,0.006088888888888889,31.613548564444446,28.506509400000002,25.494770462222224,23.19365713777778,20.410689986666668,17.515490426666666,14.707944671111111,12.672074733333334,10.800543573333334,9.26616376888889,8.230602351111111,7.714432266666667,7.030649124444444,5.820753213333333,4.005020022222222,8.899255462222222,2.0400653733333334,0.57048528,0.33056508444444443,0.0886726,0.06320530666666667,0.041738768888888896,0.04222215111111111,0.03962816888888889,0.02655971111111111,0.025924422222222222,0.02161787111111111,0.01882778222222222,0.01867784888888889,0.021692826666666668,0.03197184888888889,0.02166077333333333,0.01716548888888889,0.011588346666666666,0.0042150799999999995,0.017582662222222222,2.1050458666666665,18410681.77777778,1880.6878222222224,0.254775,0.07098427318300876,0.0,0.012491056902273739,1.0494780543857942,0.0282444444444444,0.016182576682713976,0.0626375,0.0056457777777777,0.06367925888542707,0.0,0.0,0.0076444444444444,0.03278125,0.1511785714285714,0.0315888888888888,0.0,2.111179258977778,0.046993872919258564,0.0,0.01428571428571425,0.0,0.0141583333333333,0.07411666666666665,0.04032499999999995,0.06742499999999996,0.05806666666666665,0.020075000000000003,0.00414,0.00819375,0.0689125,0.0,0.35783333333333334,0.018250000000000002,0.0,0.18403750000000002,0.20144999999999996,0.0,0.0,0.23336,0.0,0.0060125,0.20452999999999993,0.0154142857142857,0.04810714285714285,0.0235285714285714,0.0072125,0.0,0.01474166666666665,0.0,0.00821666666666665,0.08619375,0.0,0.0,,,,0.0009555909809614062,0.004,0.46335157852408004,2.7250073829695394,1.6109331960078364,42.78759053181607,1097.0,1528.2229,0.6803612486093816,2024-08-12 19:30:00
2024-08-12 13:45:00,45.271111111111104,1.0,0.0472854546031746,0.4208650955555555,0.0036060609523809,0.0471000812698412,0.9459525726984126,0.005786081333333333,0.010426088888888888,0.03132031111111111,4.566235555555555e-22,3.216373333333334e-05,4.74516e-05,0.0004675862222222222,2.2082444444444443e-22,4.8512266666666666e-05,0.002272737777777778,0.0014765599999999998,5.870826666666667e-07,0.11086533333333333,0.009031982222222222,0.0212984,0.171244,4.2098399999999997e-05,3.194946666666667e-05,0.152,1309.7737777777777,2.1334222222222223,0.045511111111111106,2.1334222222222223,40.73434,-111.87211,304.33177777777775,30.26311111111111,876.0768888888889,175.35084444444445,2.9524444444444446,428343.9555555555,1943.4862222222223,127.20622222222222,18652790.192,0.0008950511111111,4.517619047619048e-05,0.0005989314285714,9.992095238095236e-05,0.000101772063492,1.8900888888888892e-05,0.000936458339803814,0.4098430666666665,1.4912551111111112,2.664597777777778,6.442996355555556,0.1558430666666667,0.7411649777777778,1.4187267555555556,0.0012178222222222,0.1069264888888888,2.5616212,0.0070609777777777,0.2911460444444444,0.2332623555555555,0.0289204888888888,0.0838198222222222,0.0063100444444444,0.0093771111111111,0.0444401333333333,0.0175197777777777,0.0017164,0.0155415111111111,0.0673121777777777,0.0150615111111111,0.0054809333333333,0.0020463555555555,3.13925,0.21975,0.0692091524565269,0.0175,0.0,0.07125,0.442,0.20875,0.05325,0.009,0.00575,0.009810299354092627,1.0503861017094422,0.10876909861883777,0.08349999999999999,0.00925,0.15475,0.003,0.05248310811055261,0.006500000000000001,0.0135,0.2195,0.04375,0.04938084782154796,0.01925,0.004,0.00375,0.00525,0.06175,0.13675,0.001,0.01025,0.026965412618146726,0.145,0.007,0.01475,0.034749999999999996,0.00475,0.008499999999999999,0.082,0.0006726326589966917,0.004555397531502735,0.01109191030035183,0.004,0.007,0.001,0.0036369797026012947,0.00375,0.00175,0.0095,0.007,0.027999999999999997,0.00575,3.033143998341578e-05,0.031,0.0235,0.000930186186219698,0.0038055609523809,0.0099553841269841,0.0203126663492063,0.0034120758730158,0.0004586015873015,0.2483903028571428,71100.0,71159.0,870.6818266666667,32.99086666666667,244.91438666666667,30.584164444444447,1.6817422222222222,0.15983555555555556,0.006066666666666666,32.53666002222222,29.338691404444443,26.121109871111113,23.64637433777778,20.948646746666668,17.799268782222224,15.126891426666667,12.906858337777777,11.046314857777778,9.467491386666667,8.466443804444445,7.794185373333334,7.094432844444444,5.9980316,4.029932231111111,9.116325075555554,2.0649692844444445,0.5925966355555555,0.32483789333333335,0.09401745333333333,0.06380657333333334,0.03996452888888889,0.041445315555555556,0.03309081333333333,0.025946986666666668,0.02403018222222222,0.023304551111111113,0.018056862222222223,0.01799387111111111,0.020202742222222222,0.024626884444444445,0.020356604444444443,0.016928555555555558,0.008490119999999999,0.008219093333333333,0.013865506666666668,1.987463288888889,18323679.11111111,1880.730622222222,0.2793125,0.07169752505414873,0.0,0.01533755803332636,1.050419660774189,0.0282444444444444,0.020037852397443524,0.06714375,0.0063100444444444,0.07550378450880063,0.0,0.0,0.0076444444444444,0.036028124999999994,0.1741678571428571,0.0315888888888888,0.0,1.9030629197244444,0.04755197257945172,0.0,0.021428571428571377,0.0,0.02123749999999995,0.07997499999999998,0.04749583333333328,0.08287916666666663,0.06653333333333332,0.0211875,0.006209999999999999,0.012290625,0.07480624999999999,0.0,0.3965833333333333,0.017965000000000002,0.0,0.19933125000000002,0.24750499999999998,0.0,0.0,0.26185,0.0,0.009018749999999999,0.17787499999999998,0.02312142857142855,0.05681071428571428,0.0352928571428571,0.01081875,0.0,0.016795833333333322,0.0,0.007824999999999974,0.084596875,0.0,0.0,,,,0.0008560364410863924,0.004,0.46373910140306657,2.778038564211524,1.6208670307980584,42.970661138580176,512.0,1538.1311,0.6406214262797486,2024-08-12 19:45:00
2024-08-12 14:00:00,44.62444444444444,1.0,0.0470570933333333,0.4197383511111111,0.0034746488888888,0.0478132,1.0949642488888889,0.0043295377777777784,0.01040648888888889,0.03127791111111111,3.792448888888889e-22,3.1969911111111116e-05,4.724728888888889e-05,0.0004655608888888889,1.8303422222222221e-22,4.794888888888889e-05,0.002264977777777778,0.0014722266666666666,5.820928888888889e-07,0.11075644444444445,0.009008133333333333,0.02128488888888889,0.17110044444444444,4.1885555555555555e-05,3.1563155555555554e-05,0.152,1309.9173333333335,2.003511111111111,0.04386666666666667,2.003511111111111,40.73434066666667,-111.87211,304.0251111111111,31.008444444444443,875.7915555555555,168.94364444444446,2.880444444444444,428372.9777777778,1943.747111111111,128.32533333333333,18985062.13244445,0.00086656,3.276e-05,0.0005702977777777,9.18977777777778e-05,0.0001179066666666,1.424888888888889e-05,0.000914156199319696,0.421588769064269,1.563776841898842,2.7969399798349794,6.745015955555556,0.1557383111111111,0.7950751555555555,1.511378177777778,0.0012312444444444,0.1182287555555555,2.606812355555556,0.0069132444444444,0.2658177333333333,0.2173192888888889,0.0273338666666666,0.0864976888888888,0.0081937333333333,0.0107842666666666,0.0468860888888888,0.0185109333333333,0.0006986666666666,0.0189934666666666,0.0707398666666666,0.0202066666666666,0.0057980888888888,0.0018185333333333,2.988,0.198,0.039,0.012,0.0,0.071,0.442,0.209,0.053,0.009,0.006,0.012,0.797,0.191,0.088,0.007,0.157,0.002,0.051,0.007,0.013,0.221,0.044,0.078,0.02,0.004,0.004,0.005,0.064,0.14,0.001,0.01,0.037,0.144,0.007,0.015,0.037,0.005,0.009,0.084,0.002,0.004407196708670313,0.012,0.004,0.007,0.001,0.007,0.004,0.002,0.009,0.007,0.03,0.006,0.002,0.032,0.025,0.006,0.0039312977777777,0.0091034311111111,0.0214900222222222,0.0035460044444444,0.0004774977777777,0.2548413288888889,72000.0,72059.0,870.34028,32.95571555555556,246.65044444444445,30.871866666666666,1.7103022222222222,0.161,0.006071111111111111,32.624353533333334,29.439733964444443,26.04710876,23.905376,20.995796626666667,17.947096462222223,15.256574755555555,13.134614048888889,11.138990115555554,9.71230588,8.588681564444444,7.891555244444445,7.2463529866666665,6.037612751111111,4.0661351111111115,9.162445782222223,2.0137728533333332,0.61951308,0.33199197777777784,0.08750523555555555,0.06509791111111111,0.037966186666666665,0.03410613777777778,0.03546503111111111,0.02473892888888889,0.02280453333333333,0.02155999111111111,0.02101214222222222,0.022683017777777776,0.023694319999999998,0.027742204444444443,0.019562133333333336,0.013562142222222223,0.008001244444444444,0.0084784,0.01654657777777778,2.075247911111111,18650438.666666668,1880.7698222222225,0.30385,0.09895,0.0,0.018184059164378978,1.11645,0.0282444444444444,0.023893128112173076,0.07165,0.0081937333333333,0.0873283101321742,0.0,0.0,0.0076444444444444,0.039275,0.1971571428571428,0.0315888888888888,0.0,2.005052630842771,0.0367166666666666,0.0,0.0285714285714285,0.0,0.0283166666666666,0.0858333333333333,0.0546666666666666,0.0983333333333333,0.075,0.0223,0.00828,0.0163875,0.0807,0.0,0.4353333333333333,0.01768,0.0,0.214625,0.29356,0.0,0.0,0.29034,0.0,0.012025,0.15122,0.0308285714285714,0.0655142857142857,0.0470571428571428,0.014425,0.0,0.01885,0.0,0.0074333333333333,0.083,0.0,0.0,,,,0.0007564819012113788,0.004,0.4706871264504795,2.850347681383769,1.7200288656882172,41.0,223.33333,1544.63,0.4806254101231974,2024-08-12 20:00:00
2024-08-12 14:15:00,43.36355555555556,1.0,0.0446641111111111,0.39113608,0.0037049377777777,0.0430136977777777,1.1104671644444446,0.0021120044444444446,0.010372755555555556,0.031207822222222223,2.8014355555555553e-22,3.165168888888889e-05,4.6909733333333336e-05,0.00046225066666666663,1.347434222222222e-22,4.7035733333333334e-05,0.002252346666666667,0.0014651022222222222,5.739755555555555e-07,0.1105808888888889,0.00896871111111111,0.021259733333333333,0.1708551111111111,4.153662222222222e-05,3.093733333333333e-05,0.152,1309.7871111111112,2.162488888888889,0.04235555555555556,2.162488888888889,40.73434266666666,-111.87211,303.29266666666666,31.883555555555557,875.7271111111111,175.8636888888889,2.1426666666666665,429675.2444444444,1945.844,137.7391111111111,18686070.08577778,0.0008181333333333,1.9368888888888888e-05,0.0005860755555555,0.00010052,0.0001153733333333,0.0001158577777777,0.000891854058835578,0.3941419018185516,2.621440366059866,3.91067691983942,7.470471468620269,0.1560837067155067,0.8889482963591964,1.9042898935286936,0.0013756092796092,0.1115987097680097,2.8182540152625157,0.0048367742368742,0.19590277365967365,0.1761895979242979,0.0480948,0.1355836787545787,0.0131099043956043,0.0126634923076923,0.0905561515262515,0.0316433965811965,0.0005532454212454,0.0212306579975579,0.0678750487179487,0.0202201399267399,0.0147569719169719,0.002162561050061,2.942,0.195,0.07767552521066243,0.01125,0.0,0.071,0.44075,0.20299999999999999,0.054,0.009,0.00625,0.019883537162442108,1.0969675813849236,0.15739005548676788,0.09375,0.007,0.129,0.002,0.036222222977525954,0.00825,0.017,0.23575000000000002,0.058499999999999996,0.08839957785838296,0.02175,0.0045000000000000005,0.00475,0.0055,0.0645,0.1375,0.001,0.01025,0.05436652652256303,0.14175,0.00875,0.018,0.043,0.00625,0.010499999999999999,0.08375,0.002592699972709538,0.004492864904061624,0.022886901684652433,0.00475,0.00775,0.0015,0.0070891661732903725,0.0052499999999999995,0.0032500000000000003,0.011,0.00725,0.03375,0.00575,0.0018255640139104895,0.03325,0.026000000000000002,0.007443601334202969,0.0033684933333333,0.0067814844444444,0.0197583866666666,0.0032049599999999,0.0004455911111111,0.2279345333333333,72900.0,72959.0,870.2601066666667,32.771679999999996,244.5505822222222,30.700155555555558,1.7153955555555556,0.16247999999999999,0.0061066666666666665,32.35893389777778,29.22069475111111,26.016120893333333,23.686617537777774,20.916123786666667,17.905513244444442,15.074103053333333,12.94400104,10.984561733333333,9.544955724444444,8.324855368888889,7.810904537777778,7.0777558888888885,5.9722056044444445,4.0240855600000005,9.203907679999999,2.0526691244444444,0.5860221911111111,0.32952386666666666,0.09100917777777777,0.06826768444444445,0.041405288888888885,0.03313807111111111,0.03624481777777778,0.03218331555555556,0.023453039999999998,0.02479032888888889,0.02282366222222222,0.022558071111111112,0.023290551111111113,0.032598826666666664,0.02089777333333333,0.013141973333333334,0.009141377777777777,0.00850659111111111,0.013595226666666667,1.9812610666666663,18380644.444444448,1882.8980444444448,0.301125,0.08861780142466533,0.0,0.0173584544398683,1.0981032731762141,0.0282444444444444,0.02277493644534069,0.068175,0.0131099043956043,0.0838987017216043,0.0,0.0,0.0076444444444444,0.037593749999999995,0.1904892857142857,0.0315888888888888,0.0,1.956301252217678,0.060791616069859736,0.0,0.028374999999999925,0.0,0.0255666666666666,0.09007499999999997,0.04938749999999995,0.08769999999999994,0.06924583333333333,0.02249375,0.006209999999999999,0.012290625,0.07466874999999999,0.0,0.44357499999999994,0.018005,0.0,0.19310625,0.247425,0.0,0.002035,0.254955,0.0,0.009018749999999999,0.1211,0.024557142857142826,0.05934285714285713,0.042157142857142796,0.0152,0.0,0.016991666666666648,0.0,0.0069958333333333,0.08368125,0.0,0.0,,,,0.0014533636803364751,0.0045000000000000005,0.4544512714423373,3.9049104292202834,2.554533633170143,41.20891440263498,273.33334,1548.2668,0.23548583718210472,2024-08-12 20:15:00
2024-08-12 14:30:00,41.65688888888889,1.0,0.0479141244444444,0.3646061022222222,0.0038011555555555,0.0381009199999999,1.0889490133333335,0.0012330122666666667,0.010325555555555557,0.031105644444444445,1.843231111111111e-22,3.120711111111111e-05,4.643631111111111e-05,0.00045761244444444445,8.816035555555555e-23,4.5783911111111116e-05,0.0022344177777777778,0.0014550311111111113,5.627640000000001e-07,0.11032888888888889,0.008913017777777778,0.021223644444444446,0.17050044444444445,4.105057777777778e-05,3.0079244444444447e-05,0.152,1309.8008888888887,2.4437777777777776,0.04297777777777778,2.4437777777777776,40.73434,-111.87211,302.8193333333333,32.01288888888889,875.6617777777777,184.0424,2.3666666666666667,431008.5333333334,1947.643555555556,149.4742222222222,18386800.64,0.0008446977777777,5.774666666666666e-05,0.0006600266666666,0.0001182222222222,9.964444444444446e-05,0.0001938844444444,0.0008695519183514601,0.4077619555555554,3.7891368888888888,5.023908444444444,7.659223294949495,0.1611873276815776,0.9333139587301588,2.3691885422558925,0.000696666089466,0.1151752104136604,3.081896458080808,0.0052688063251563,0.15566797936507934,0.1591834649591149,0.0571634094276094,0.1949167085137085,0.0177740797739297,0.011062487037037,0.1361326239057239,0.0489977919191919,0.0032678315776815,0.0182088247474747,0.0732278531024531,0.0206572167147667,0.0297348902837902,0.0030447204665704,2.896,0.192,0.08167974874343473,0.010499999999999999,0.0,0.071,0.4395,0.197,0.055,0.009,0.006500000000000001,0.029838920622122487,1.1325205335444082,0.2115606004524132,0.0995,0.007,0.101,0.002,0.03137692048679146,0.0095,0.020999999999999998,0.2505,0.073,0.13312382418635627,0.0235,0.005,0.0055,0.006,0.065,0.135,0.001,0.010499999999999999,0.08144705428641029,0.1395,0.0105,0.020999999999999998,0.049,0.0075,0.012,0.0835,0.00495198251222906,0.004578533099452935,0.03454389463651235,0.0055,0.0085,0.002,0.01608770716853426,0.0065,0.0045000000000000005,0.013000000000000001,0.0075,0.0375,0.0055,0.0040314558781143015,0.0345,0.027000000000000003,0.015446959613118545,0.0030455155555555,0.0058037911111111,0.0189953466666666,0.0030714844444444,0.0003769333333333,0.1907394577777778,73800.0,73859.0,870.2123022222222,32.44303111111111,250.28920888888888,31.590155555555555,1.8146444444444445,0.16632444444444444,0.006515555555555556,33.95456310666667,30.385234844444444,26.71711198222222,24.223641444444446,21.221161524444444,18.168926933333335,15.337470564444446,13.117514377777777,11.111244884444444,9.482826964444445,8.376476822222223,7.818085484444444,7.050392617777778,5.988962017777777,4.071339848888889,9.515061946666666,2.183355151111111,0.6362845466666667,0.36303919111111116,0.09141800888888889,0.08303893333333333,0.05338478666666667,0.04384939555555555,0.042405217777777775,0.030103324444444447,0.02797091111111111,0.02126363111111111,0.017955231111111112,0.021336524444444446,0.02581579111111111,0.03293857333333334,0.019924066666666667,0.01589428888888889,0.00795824,0.011850515555555555,0.019448853333333335,1.8680556888888888,18080399.55555556,1885.5650222222223,0.2984,0.1074693553842046,0.0,0.016532849715357623,1.156777182364955,0.0282444444444444,0.02165674477850831,0.06470000000000001,0.0177740797739297,0.08046909331103441,0.0,0.0,0.0076444444444444,0.0359125,0.18382142857142855,0.0315888888888888,0.0,1.8970458392444445,0.07554243031184184,0.0,0.02817857142857135,0.0,0.0228166666666666,0.09431666666666666,0.044108333333333305,0.0770666666666666,0.06349166666666664,0.0226875,0.00414,0.00819375,0.06863749999999999,0.0,0.45181666666666664,0.01833,0.0,0.1715875,0.20129,0.0,0.00407,0.21957,0.0,0.0060125,0.09098,0.01828571428571425,0.05317142857142855,0.0372571428571428,0.015975,0.0,0.015133333333333299,0.0,0.0065583333333333,0.0843625,0.0,0.0,,,,0.0021502454594615715,0.005,0.4625080458529617,5.069183589468023,3.388659701207683,39.632701106728746,323.33334,1549.5801,0.13833836052036746,2024-08-12 20:30:00
2024-08-12 14:45:00,41.14755555555556,1.0,0.0418356044444444,0.3332555822222222,0.0033708488888888,0.0328305911111111,1.056007688888889,0.0005523285333333334,0.010264355555555556,0.030968666666666665,1.0851924444444444e-22,3.063764444444444e-05,4.582222222222222e-05,0.0004516071111111111,5.144964444444444e-23,4.420728888888889e-05,0.0022111688888888886,0.001441857777777778,5.485199999999999e-07,0.10998400000000001,0.008839848888888889,0.021174355555555555,0.1700248888888889,4.042417777777778e-05,2.8999555555555554e-05,0.152,1309.4008888888889,2.7865333333333333,0.04626666666666667,2.7865333333333333,40.73434,-111.87211,301.67355555555554,32.83733333333333,875.8124444444444,181.87084444444446,2.9026666666666667,430543.8666666667,1948.519555555556,147.95066666666668,17936089.56088889,0.0008311022222222,6.800000000000001e-05,0.0006308399999999,0.0001192888888888,8.410222222222223e-05,0.0003475955555555,0.000847249777867342,0.2218148355555554,3.288994222222222,4.223423555555555,7.528289601010101,0.1632344879102379,0.8247159116143117,2.334799657118807,0.0013987414141414,0.1104046647741147,2.744923005744256,0.0048843972268472,0.1484670092907093,0.1381849856347356,0.043029355080105,0.1715281753154253,0.0117829776519776,0.0086093361138861,0.1107533997076997,0.0417236178155178,0.0030434272671772,0.0176749532208532,0.0683096558164058,0.0225552566452066,0.030347937081437,0.0038353769952269,2.8499999999999996,0.189,0.07543888971388457,0.00975,0.0,0.071,0.43825000000000003,0.191,0.056,0.009,0.00675,0.024295272866831804,1.1498272435237453,0.2045277028557525,0.10525,0.007,0.073,0.002,0.025394138605669254,0.01075,0.025,0.26525000000000004,0.0875,0.11549393870340499,0.02525,0.0055,0.00625,0.006500000000000001,0.0655,0.1325,0.001,0.01075,0.06636728286844838,0.13725,0.01225,0.024,0.055,0.00875,0.0135,0.08325,0.00396307845547696,0.004664201294844246,0.028052706921569998,0.00625,0.009250000000000001,0.0025,0.01231592759318123,0.00775,0.00575,0.015000000000000001,0.00775,0.041249999999999995,0.00525,0.0031068462238115755,0.03575,0.028,0.012092315420620961,0.0026018666666666,0.0047723333333333,0.0187732355555555,0.0029388888888888,0.0002856933333333,0.1780693822222222,74700.0,74759.0,870.2619422222222,31.969853333333333,250.25412444444447,31.62636,1.800502222222222,0.16475555555555557,0.006617777777777778,34.18807184888889,30.560869013333335,26.833993906666667,24.248009746666664,21.09027644,18.00703536888889,15.135146204444444,12.949053306666666,10.954887142222223,9.372792697777777,8.287978502222222,7.688341093333333,7.118967075555556,6.043409337777778,4.174324515555556,9.674062999999999,2.3016040755555554,0.6724831066666667,0.4017921422222222,0.09719994222222222,0.07980932444444444,0.04945995555555556,0.04190338222222222,0.03705366222222222,0.028425084444444446,0.024114840000000002,0.02299341777777778,0.019372955555555557,0.02649138666666667,0.026051555555555553,0.0253498,0.017489844444444444,0.014335346666666667,0.008946346666666667,0.011310906666666667,0.020754422222222225,1.587052711111111,17661719.999999996,1887.2167111111112,0.295675,0.10502188049504765,0.0,0.015707244990846945,1.193114584454399,0.0282444444444444,0.020538553111675927,0.061225,0.0117829776519776,0.07703948490046451,0.0,0.0,0.0076444444444444,0.034231250000000005,0.1771535714285714,0.0315888888888888,0.0,1.7279985673377778,0.07362734959598387,0.0,0.027982142857142775,0.0,0.0200666666666666,0.09855833333333333,0.03882916666666665,0.06643333333333325,0.05773749999999997,0.02288125,0.00207,0.004096875,0.06260625,0.0,0.46005833333333335,0.018655,0.0,0.15006875,0.155155,0.0,0.006104999999999999,0.184185,0.0,0.0030062500000000002,0.06086,0.012014285714285672,0.04699999999999998,0.0323571428571428,0.01675,0.0,0.01327499999999995,0.0,0.006120833333333299,0.08504375,0.0,0.0,,,,0.002847127238586668,0.0055,0.3525133257825801,4.570507202486956,2.7888695424361205,39.16229995123173,373.33334,1549.0702,0.06248167138100903,2024-08-12 20:45:00
2024-08-12 15:00:00,40.64222222222222,1.0,0.0444910977777777,0.2719581377777778,0.0031671422222222,0.0248823688888888,1.1245542977777778,0.0003007112888888889,0.010184622222222222,0.0307948,5.77363111111111e-23,2.9938488888888886e-05,4.5062444444444446e-05,0.00044416666666666666,2.7007733333333334e-23,4.2322799999999994e-05,0.0021821333333333333,0.0014253244444444445,5.312884444444445e-07,0.10955066666666666,0.008747884444444444,0.021108444444444444,0.16940666666666668,3.96536e-05,2.7710488888888886e-05,0.152,1308.7417777777778,2.6632000000000002,0.048266666666666666,2.6632000000000002,40.73433906666667,-111.87211,299.7513333333333,35.13733333333333,876.3044444444445,172.91684444444445,3.0786666666666664,430654.4444444445,1950.0737777777777,144.9791111111111,17402969.91511111,0.0007711555555555,6.416000000000001e-05,0.0005933288888888,9.994222222222224e-05,9.35688888888889e-05,0.0005446711111111,0.000824947637383224,0.2268140222222221,3.016634666666667,3.800432,7.908104622222222,0.1652654222222222,0.8615023111111112,2.013066,0.0015475111111111,0.1068852444444444,2.4891696,0.0047797777777777,0.10788062222222222,0.1064877333333333,0.0510750666666666,0.1380975111111111,0.0109093777777777,0.0103556444444444,0.0927146666666666,0.0383250666666666,0.0021393777777777,0.0188515111111111,0.0643558666666666,0.0248857333333333,0.0244181777777777,0.0032745777777777,2.804,0.186,0.057,0.009,0.0,0.071,0.437,0.185,0.057,0.009,0.007,0.021,0.945,0.361,0.111,0.007,0.045,0.002,0.027,0.012,0.029,0.28,0.102,0.123,0.027,0.006,0.007,0.007,0.066,0.13,0.001,0.011,0.068,0.135,0.014,0.027,0.061,0.01,0.015,0.083,0.004,0.004749869490235557,0.025,0.007,0.01,0.003,0.015,0.009,0.007,0.017,0.008,0.045,0.005,0.003,0.037,0.029,0.012,0.0018135466666666,0.0027118,0.0175356666666666,0.0025291555555555,0.0002442933333333,0.1632749733333333,75600.0,75659.0,870.7636666666666,31.34971555555556,238.71695111111111,31.27234222222222,1.9595866666666666,0.18081333333333335,0.007146666666666667,33.40911403555556,29.58448643111111,25.571886702222223,23.020534684444446,19.90943724888889,16.784312564444445,14.136618071111112,11.931916035555556,10.094118977777779,8.70105888888889,7.669219911111111,7.170713782222222,6.5863322222222225,5.733203835555556,4.0670566,9.858004271111112,2.542887128888889,0.7655183955555555,0.46347351999999997,0.13377307555555557,0.09234333333333335,0.06785613333333333,0.05494764,0.047446808888888886,0.04236339555555556,0.030145897777777778,0.035742840000000005,0.031773848888888886,0.024671666666666665,0.032659733333333336,0.032821284444444446,0.025348604444444443,0.019579537777777777,0.012855515555555556,0.013517684444444445,0.019055382222222226,1.2594623555555555,17089134.222222224,1890.0238222222224,0.29295,0.0545,0.0,0.014881640266336267,1.08755,0.0282444444444444,0.01942036144484354,0.05775,0.0109093777777777,0.07360987648989462,0.0,0.0,0.0076444444444444,0.03255,0.1704857142857143,0.0315888888888888,0.0,1.5338911707961982,0.0734833333333333,0.0,0.0277857142857142,0.0,0.0173166666666666,0.1028,0.03355,0.0557999999999999,0.0519833333333333,0.023075,0.0,0.0,0.056575,0.0,0.4683,0.01898,0.0,0.12855,0.10902,0.0,0.00814,0.1488,0.0,0.0,0.03074,0.0057428571428571,0.0408285714285714,0.0274571428571428,0.017525,0.0,0.0114166666666666,0.0,0.0056833333333333,0.085725,0.0,0.0,,,,0.0035440090177117642,0.006,0.3554705328529536,4.298946129664641,2.4719289283317707,32.0,389.5,1546.4719,0.03437531563186833,2024-08-12 21:00:00
2024-08-12 15:15:00,38.35644444444445,1.0,0.0743925333333333,0.25268948,0.0027615955555555,0.0224820355555555,1.4608196266666666,0.00015134194666666667,0.010083377777777779,0.03056848888888889,2.7857466666666663e-23,2.9085955555555557e-05,4.412266666666667e-05,0.00043500088888888893,1.2783337777777777e-23,4.010937777777778e-05,0.002145946666666667,0.0014046355555555556,5.10672e-07,0.10896355555555555,0.008632453333333335,0.02102,0.16858177777777777,3.870933333333333e-05,2.620195555555556e-05,0.152,1309.0506666666665,2.3091111111111107,0.04977777777777778,2.3091111111111107,40.734331733333335,-111.87211,297.8468888888889,42.38755555555556,877.5808888888889,221.03884444444444,2.3417777777777777,431310.6666666666,1953.7884444444448,148.12266666666667,18656443.486222222,0.00080028,5.757333333333334e-05,0.0006397466666666,0.0002616,0.0001244533333333,0.0006316355555555,0.000802645496899106,0.1650640177777776,4.307124444444444,5.095912888888889,7.4306456,0.1690697333333333,1.0090412444444443,2.115082666666667,0.0099443111111111,0.1483943555555555,2.7866395555555554,0.0110464,0.10225631111111112,0.1261644444444444,0.0587706222222222,0.1776864444444444,0.0182004444444444,0.0122918666666666,0.1194747111111111,0.0514371111111111,0.0035592888888888,0.0311744888888888,0.0940997777777777,0.0289515111111111,0.0298221777777777,0.0037211111111111,2.8594999999999997,0.197,0.08238940983819619,0.014,0.00025,0.0715,0.438,0.1885,0.08425,0.009,0.0205,0.026200290845611336,1.253922142968193,0.2053216735004164,0.16525,0.009250000000000001,0.04425,0.005,0.021969306029766378,0.04125,0.0755,0.32925000000000004,0.13574999999999998,0.12013593906304149,0.051750000000000004,0.012750000000000001,0.0115,0.019,0.08524999999999999,0.2445,0.0052499999999999995,0.010499999999999999,0.0715492924287937,0.17975000000000002,0.03125,0.07225,0.1525,0.025249999999999998,0.046,0.20675,0.005283601278871413,0.004578533099452935,0.03028333733794096,0.0115,0.027000000000000003,0.01225,0.017352534511778678,0.026750000000000003,0.013750000000000002,0.024,0.016,0.11225,0.013000000000000001,0.0043415141806280155,0.089,0.08,0.016571904911951367,0.0018911333333333,0.0023744177777777,0.0232745288888888,0.0032128933333333,0.00043124,0.15145352,76500.0,76559.0,871.8085688888889,30.90426666666667,240.58070222222221,32.281311111111116,2.1380755555555555,0.19076444444444446,0.007813333333333334,34.190271702222226,29.969145515555557,25.94527624,23.129271897777777,19.962355524444444,16.719697964444446,13.974271333333332,11.917537306666667,9.94960344,8.603671275555557,7.555794964444445,7.1287626799999995,6.531983897777778,5.6783824,4.067513684444445,10.214394831111111,2.71939744,0.8841158,0.5454228577777778,0.16530093333333334,0.13415466222222222,0.08559532444444444,0.07628435555555554,0.05808835111111111,0.054832057777777776,0.039553946666666666,0.03797139555555555,0.03131475111111111,0.029531697777777775,0.03890203111111111,0.04041388888888889,0.030727466666666665,0.02318284,0.012960613333333334,0.013885288888888887,0.021073626666666668,1.3129390755555554,18320251.55555556,1891.3724,0.43548749999999997,0.10529818527395773,0.0,0.02687391371250933,1.2845403602951393,0.0282444444444444,0.0356625895181309,0.050681250000000004,0.0182004444444444,0.12342645414723,0.0,0.0,0.0076444444444444,0.10098437499999999,0.2673392857142857,0.0315888888888888,0.0,1.5672028008922845,0.07384355036524788,0.0,0.04139999999999992,0.0,0.0322291666666666,0.143375,0.054212500000000004,0.09724166666666657,0.08526666666666663,0.028943749999999997,0.006365,0.008084375,0.0708125,0.003108333333333325,0.4882916666666667,0.021929999999999998,0.007128571428571425,0.16839375,0.169595,0.00357,0.01407,0.23745499999999997,0.00291875,0.00351875,0.038575,0.049699999999999946,0.059739285714285675,0.0430678571428571,0.036040625,0.02109642857142855,0.025870833333333274,0.008333333333333325,0.008766666666666624,0.102384375,0.0,0.0,,,,0.013399908465338124,0.012750000000000001,0.31894308110639524,5.5856525490694136,3.4426114469121374,36.58453445688506,367.0,1542.4399,0.0175317422316406,2024-08-12 21:15:00
2024-08-12 15:30:00,33.23288888888889,1.0,0.059535845079365,0.1980605653968254,0.0024630911111111,0.0169142012698412,0.7515100952380952,0.00013348765333333335,0.009965093333333334,0.030301955555555555,1.3240751111111112e-23,2.812231111111111e-05,4.304817777777778e-05,0.00042453022222222223,5.862595555555556e-24,3.765315555555555e-05,0.0021043066666666665,0.0013805999999999998,4.876071111111111e-07,0.10826533333333334,0.008498115555555555,0.020914222222222223,0.1675942222222222,3.763826666666667e-05,2.4530133333333334e-05,0.152,1309.286222222222,1.978622222222222,0.049155555555555557,1.978622222222222,40.734336533333334,-111.87211,294.3255555555555,51.477333333333334,879.1560000000001,215.74564444444442,2.3253333333333335,428575.7777777778,1943.0688888888888,122.45155555555556,18475859.792,0.0007332079365079,9.096825396825397e-05,0.0002882692063492,0.0001812361904761,7.84704761904762e-05,0.0003712587301587,0.000780343356414988,0.1345504799999999,3.0190048888888894,3.5975857777777778,4.716621244444444,0.1562996,0.6691682222222222,1.470235288888889,0.0053016888888888,0.1213620444444444,2.192447644444444,0.0084864888888888,0.09179724444444444,0.1111210222222222,0.0455309777777777,0.1261286222222222,0.0120787555555555,0.023112,0.0717306222222222,0.0306046222222222,0.0034942666666666,0.0344794222222222,0.0960895555555555,0.0292242222222222,0.0207635555555555,0.0022036888888888,2.915,0.20800000000000002,0.07654347543412096,0.019000000000000003,0.0005,0.072,0.439,0.192,0.11150000000000002,0.009,0.034,0.01577142946150751,1.0421410480967523,0.0868210418834009,0.21950000000000003,0.0115,0.0435,0.008,0.017683209283861058,0.07050000000000001,0.122,0.3785,0.16949999999999998,0.08127251424618041,0.0765,0.019500000000000003,0.016,0.031,0.1045,0.359,0.009499999999999998,0.009999999999999998,0.04318081507165879,0.2245,0.0485,0.1175,0.244,0.040499999999999994,0.07700000000000001,0.33049999999999996,0.002451481442193353,0.004407196708670312,0.018071937933510043,0.016,0.044000000000000004,0.0215,0.006550544488582451,0.044500000000000005,0.0205,0.031,0.024,0.1795,0.021,0.0016935269211407903,0.141,0.131,0.006964547860779995,0.001197252063492,0.0018450552380952,0.0160465561904761,0.0018966495238095,0.0004093584126984,0.1141249987301587,77400.0,77459.0,873.6184755555555,31.128502222222224,169.58219999999997,24.371666666666666,1.9269377777777776,0.2270977777777778,0.006751111111111111,24.11022367111111,21.260449115555556,18.357406284444444,16.244067417777778,13.983228595555556,11.696326604444444,9.821603684444446,8.404742275555556,6.957314586666667,6.065683328888889,5.3195024266666655,4.928802537777778,4.543656191111111,3.8983272933333333,2.74434248,7.085796155555555,1.9713386888888889,0.7103793955555556,0.5034264755555555,0.18217234222222223,0.1536692,0.08245612444444443,0.07899047111111111,0.07385388888888889,0.056641022222222226,0.04404264,0.03560247111111112,0.03476602222222222,0.032609622222222225,0.037816053333333335,0.05620465333333333,0.03154061777777778,0.023651235555555556,0.015274635555555555,0.013996684444444444,0.022294977777777777,0.8830952977777778,18293624.444444444,1881.3148,0.578025,0.06405951853016936,0.0,0.03886618715868238,1.0632716590806766,0.0282444444444444,0.05190481759141826,0.0436125,0.0120787555555555,0.1732430318045654,0.0,0.0,0.0076444444444444,0.16941874999999998,0.3641928571428571,0.0315888888888888,0.0,1.0405349191733333,0.04157544588801389,0.0,0.055014285714285655,0.0,0.047141666666666596,0.18395,0.074875,0.13868333333333324,0.11854999999999995,0.034812499999999996,0.01273,0.01616875,0.08505,0.00621666666666665,0.5082833333333333,0.02488,0.01425714285714285,0.2082375,0.23016999999999996,0.00714,0.019999999999999997,0.32611,0.0058375,0.0070375,0.04641000000000001,0.0936571428571428,0.07864999999999994,0.0586785714285714,0.05455625,0.0421928571428571,0.040324999999999944,0.01666666666666665,0.01184999999999995,0.11904375,0.0,0.0,,,,0.023255807912964485,0.019500000000000003,0.30089317505663404,4.301309403052208,2.31993959096682,31.85261079146653,344.5,1538.3219,0.01570791223779808,2024-08-12 21:30:00
2024-08-12 15:45:00,25.07555555555556,1.0,0.1530141685714285,0.1914162387301587,0.0026037984126984,0.0156554558730158,0.4856877066666666,0.0002358632888888889,0.009825173333333333,0.02998031111111111,6.455111111111111e-24,2.704111111111111e-05,4.1819644444444444e-05,0.0004125755555555556,2.7225244444444445e-24,3.503622222222222e-05,0.002056066666666667,0.0013526888888888888,4.6242044444444444e-07,0.10740933333333333,0.008341222222222222,0.020785155555555556,0.1663648888888889,3.6428888888888884e-05,2.2754755555555555e-05,0.152,1309.9746666666665,1.3454666666666666,0.04875555555555556,1.3454666666666666,40.734339777777784,-111.87211,291.59,66.26888888888888,879.304,115.89568888888888,1.0342222222222222,436862.4444444444,1947.42,165.91822222222223,21068465.91377778,0.0006739149206349,8.114389519210949e-05,0.0002218609523809,0.0001775282539682,4.717714285714288e-05,0.0003639238095238,0.0007580412159308701,0.8297242666666665,5.827508888888889,7.369371111111111,8.296177644444445,0.1609317777777777,1.0914473777777778,3.796496088888889,0.0103403111111111,0.1864579111111111,2.921122,0.0157588888888888,0.17558204444444445,0.1657552,0.1672887111111111,0.3885379111111111,0.0276030666666666,0.0515316,0.2523377333333333,0.1167246222222222,0.0101492444444444,0.0735449333333333,0.1814378666666666,0.0694903555555555,0.0348755555555555,0.0057056444444444,2.9705,0.219,0.13030532117267662,0.024,0.00075,0.0725,0.44,0.1955,0.13875,0.009,0.0475,0.055221894861414926,1.1281038541331299,0.2874678869689984,0.27375,0.013750000000000002,0.04275,0.011000000000000001,0.03324930642116223,0.09975,0.1685,0.42774999999999996,0.20325,0.27907225113234724,0.10125,0.026250000000000002,0.0205,0.043000000000000003,0.12375,0.4735,0.013749999999999998,0.0095,0.1504935497227847,0.26925,0.06575,0.16274999999999998,0.33549999999999996,0.055749999999999994,0.10800000000000001,0.45425,0.014159259693538097,0.00423586031788769,0.06426541696692127,0.0205,0.061000000000000006,0.030749999999999996,0.05120518876845154,0.06225000000000001,0.027250000000000003,0.038,0.032,0.24675000000000002,0.029,0.012640114436599322,0.193,0.18200000000000002,0.04668066597128422,0.000723659047619,0.0016519888888888,0.0081639901587301,0.0010866584126984,0.0004310885714285,0.1274980971428571,78300.0,78359.0,873.86032,31.43316,143.46329333333333,25.027742222222223,2.80912,0.3138488888888889,0.008906666666666667,20.763100173333335,18.010704306666664,15.484430866666665,13.627781791111111,11.589447466666666,9.745594568888889,8.114544337777778,6.8300827066666665,5.71694108,5.01133968,4.389432626666666,4.064708475555556,3.6656056666666665,3.1795528533333335,2.2597775466666667,5.961164048888889,1.8498461599999998,0.8150235555555555,0.7308322977777777,0.2676321911111111,0.2209320888888889,0.14590812,0.1420028577777778,0.12516257333333333,0.10717218666666667,0.08302963555555556,0.06909042222222223,0.06250244,0.06316105777777778,0.0760908311111111,0.09296836888888889,0.05834173777777778,0.03874385777777778,0.031199440000000002,0.02530665777777778,0.04415108444444445,1.1053514044444446,20658972.0,1878.9989333333333,0.7205625,0.1338853773865146,0.0,0.050858460604855445,1.0123222467438069,0.0282444444444444,0.06814704566470561,0.03654375,0.0276030666666666,0.2230596094619008,0.0,0.0,0.0076444444444444,0.23785312499999997,0.4610464285714285,0.0315888888888888,0.0,1.3397571592222224,0.0962122294384551,0.0,0.06862857142857137,0.0,0.0620541666666666,0.224525,0.0955375,0.18012499999999992,0.15183333333333326,0.04068125,0.019095,0.024253125,0.0992875,0.009324999999999976,0.528275,0.02783,0.021385714285714275,0.24808124999999998,0.2907449999999999,0.010709999999999999,0.02593,0.414765,0.00875625,0.01055625,0.054245,0.13761428571428563,0.09756071428571422,0.0742892857142857,0.07307187500000001,0.06328928571428566,0.05477916666666663,0.024999999999999974,0.014933333333333274,0.135703125,0.0,0.0,,,,0.033111707360590846,0.026250000000000002,0.7121146344944954,7.101579647692818,5.146076293025496,24.31880380368968,322.0,1533.4963,0.02827682593811192,2024-08-12 21:45:00
2024-08-12 16:00:00,23.54,1.0,0.1952983117460317,0.204275953015873,0.002602359047619,0.0172597644444444,0.5838476098412699,0.00046283346666666663,0.009662706666666666,0.02960244444444444,3.361671111111111e-24,2.5843733333333335e-05,4.043795555555555e-05,0.00039915022222222226,1.344184888888889e-24,3.225248888888889e-05,0.002001551111111111,0.0013206311111111113,4.3511555555555553e-07,0.10639022222222222,0.008161088888888888,0.020625733333333333,0.16490355555555555,3.508271111111111e-05,2.087248888888889e-05,0.152,1310.527111111111,1.3026666666666666,0.050088888888888884,1.3026666666666666,40.73433835555556,-111.87211,290.53444444444443,70.39466666666667,879.2893333333334,107.03177777777778,1.609777777777778,440714.6666666667,1948.6666666666667,188.304,22032920.08222222,0.0006332584126984,7.702890441619838e-05,0.0002272739682539,0.000143338095238,5.847936507936509e-05,0.0013011844444444,0.000735739075446752,1.5773726222222222,5.838008,8.749123555555556,10.495854088888889,0.1743902666666666,1.3585012444444444,6.050778977777778,0.0088919111111111,0.2299077777777777,3.0147832,0.0215165333333333,0.1852899111111111,0.1764871999999999,0.3704376888888889,0.7903819111111111,0.0681314666666666,0.0625669333333333,0.6146580444444445,0.3185333333333334,0.0111112,0.0773934222222222,0.2022547555555555,0.0801431111111111,0.0144695999999999,0.0067275555555555,3.026,0.23,0.276,0.029,0.001,0.073,0.441,0.199,0.166,0.009,0.061,0.177,1.19,0.783,0.328,0.016,0.042,0.014,0.037,0.129,0.215,0.477,0.237,0.735,0.126,0.033,0.025,0.055,0.143,0.588,0.018,0.009,0.438,0.314,0.083,0.208,0.427,0.071,0.139,0.578,0.051,0.004064523927105068,0.212,0.025,0.078,0.04,0.185,0.08,0.034,0.045,0.04,0.314,0.037,0.045,0.245,0.233,0.153,0.0007647926984126,0.0015549028571428,0.0055990304761904,0.0012406244444444,0.0004648539682539,0.1194354926984127,79200.0,79259.0,873.9012755555556,31.60130666666667,174.00989777777778,27.118435555555557,2.7000266666666666,0.2836177777777778,0.008613333333333334,26.121254195555554,22.75131050222222,19.472495822222225,17.145160724444445,14.576699377777777,12.155637013333335,9.91768686222222,8.290247293333334,6.828133182222222,5.855592951111111,5.026425982222222,4.636941257777778,4.122047697777778,3.538750715555556,2.505317253333333,6.247431951111111,1.8686817866666667,0.7716846577777777,0.6782753111111111,0.23662660444444444,0.20202481777777778,0.13100481777777778,0.13188744,0.11900180888888888,0.09109044444444445,0.08205526666666667,0.06887388888888889,0.05692106222222223,0.05817784444444444,0.061760355555555556,0.07256742222222222,0.05937838222222223,0.041486102222222224,0.024913253333333333,0.026774542222222218,0.03562650666666667,1.3569343555555555,21629057.333333336,1878.1823555555557,0.8631,0.2502,0.0,0.0628507340510285,1.48525,0.0282444444444444,0.08438927373799297,0.029475,0.0681314666666666,0.27287618711923617,0.0,0.0,0.0076444444444444,0.3062875,0.5579,0.0315888888888888,0.0,1.441731441256343,0.2268166666666666,0.0,0.0822428571428571,0.0,0.0769666666666666,0.2651,0.1162,0.2215666666666666,0.1851166666666666,0.04655,0.02546,0.0323375,0.113525,0.0124333333333333,0.5482666666666667,0.03078,0.0285142857142857,0.287925,0.3513199999999999,0.01428,0.03186,0.50342,0.011675,0.014075,0.06208,0.1815714285714285,0.1164714285714285,0.0899,0.0915875,0.0843857142857142,0.0692333333333333,0.0333333333333333,0.0180166666666666,0.1523625,0.0,0.0,,,,0.04296760680821721,0.033,1.1543767764433164,7.112047978319949,6.179902101864287,23.0,299.5,1527.8634,0.05671221977459435,2024-08-12 22:00:00
2024-08-12 16:15:00,24.243555555555552,1.0,0.1706150015873016,0.2165568409523809,0.0025323555555555,0.0181316698412698,0.5644753511111111,0.000518549911111111,0.009470404444444445,0.029147066666666666,1.8850844444444444e-24,2.4505822222222223e-05,3.8863066666666664e-05,0.0003838831111111111,7.16572888888889e-25,2.9302533333333333e-05,0.0019385688888888888,0.0012834844444444445,4.05396e-07,0.10514977777777777,0.007950964444444444,0.020430266666666665,0.16313066666666665,3.356782222222222e-05,1.8885200000000003e-05,0.152,1310.5377777777778,1.8104444444444445,0.04533333333333334,1.8104444444444445,40.73433986666667,-111.87211,290.5362222222222,70.71422222222222,879.3079999999999,115.10666666666665,0.972,441809.6888888889,1948.9053333333331,175.432,22155968.069777776,0.0006252219047619,7.291391364028728e-05,0.0002067539682539,0.0001396301587301,6.719904761904763e-05,0.0013454365079365,0.000713436934962634,0.759615332169682,5.288334448865949,6.881216814851815,11.496618755555556,0.2472298838827838,1.4172157236874237,4.492361894627594,0.0075044026862026,0.1897646566544566,3.0028360642246645,0.0196815758241758,0.19097171295371293,0.1583536247863247,0.1467395449328449,0.2887207147741148,0.0293881284493284,0.0634443282051282,0.1809161649572649,0.0840155449328449,0.004699436019536,0.0784859968253968,0.1874008572649572,0.0693812926739926,0.0077737929181929,0.00664351001221,3.02725,0.226,0.12123188434129761,0.02325,0.001,0.073,0.4415,0.19875,0.138,0.009,0.0475,0.03962110209809019,1.1574488692274656,0.3313845164772018,0.28225,0.015,0.0445,0.0115,0.031140486568253724,0.09925,0.16525,0.45475,0.20199999999999999,0.203831716562198,0.10925,0.029750000000000002,0.0205,0.043,0.121,0.47275,0.013749999999999998,0.00925,0.10805643986395395,0.2635,0.0655,0.16125,0.3315,0.055499999999999994,0.10750000000000001,0.45399999999999996,0.00971255017530626,0.004048392945328801,0.04599808130656867,0.02025,0.06075,0.0305,0.03424499124081698,0.06225,0.027250000000000003,0.03775,0.032,0.244,0.029249999999999998,0.008482511358358893,0.19175,0.1815,0.031596160898008326,0.0007415387301587,0.0014284714285714,0.006022026031746,0.0012420803174603,0.0004096796825396,0.102459238095238,80100.0,80159.0,873.8793066666666,31.685733333333335,162.1382311111111,24.69231111111111,2.3077466666666666,0.2637022222222222,0.0074266666666666665,24.282591208888892,20.738445213333332,17.786198986666665,15.492467395555556,13.388701857777779,11.136476991111111,9.297662737777777,7.819283648888889,6.4271804800000005,5.548252991111111,4.849683515555555,4.440434186666667,4.129945253333333,3.6024225733333335,2.562666257777778,6.363738213333334,1.7861595955555556,0.6935086755555556,0.5853404577777778,0.18794972444444447,0.16574459111111112,0.11049272000000002,0.10610120888888888,0.08612817777777777,0.07194390222222222,0.06299313777777778,0.052083137777777774,0.045958582222222225,0.049392057777777776,0.0493256,0.06329088444444445,0.04423014666666667,0.03831429333333333,0.018958946666666667,0.020799115555555556,0.03338493333333333,1.2262335111111111,21769886.222222224,1878.0237333333332,0.7615,0.14916853009284306,0.0,0.05395436776945066,0.9908677011837952,0.0282444444444444,0.07234011468425224,0.03983125,0.0293881284493284,0.23592018176099017,0.0,0.0,0.0076444444444444,0.266346875,0.48605,0.0315888888888888,0.0,1.303044937344866,0.10817086940451585,0.0,0.07238928571428568,0.0,0.0666666666666666,0.235075,0.10267916666666665,0.18599583333333328,0.16323749999999995,0.04126875,0.019095,0.0283875,0.097925,0.009324999999999976,0.4946416666666667,0.02885,0.021385714285714275,0.252975,0.3055299999999999,0.01273,0.028205,0.443585,0.00875625,0.01055625,0.07207999999999998,0.1579464285714285,0.10186785714285708,0.07961785714285712,0.079409375,0.07554285714285708,0.061316666666666624,0.024999999999999974,0.01653749999999995,0.14883125000000003,0.0,0.0,,,,0.03629745263659129,0.029750000000000002,0.6706425610123757,6.563985917697417,4.780310309279332,23.550399821935383,277.0,1521.1876,0.0652184920124295,2024-08-12 22:15:00
2024-08-12 16:30:00,22.782222222222224,1.0,0.1962405457142857,0.2197882517460317,0.0023427282539682,0.0176531866666666,0.5730192015873016,0.0003083999111111111,0.009244537777777777,0.02860551111111111,1.1299195555555555e-24,2.30308e-05,3.708826666666667e-05,0.0003667248888888889,4.129288888888889e-25,2.6237155555555554e-05,0.001866591111111111,0.0012406222222222222,3.7358888888888886e-07,0.10365466666666666,0.0077077644444444446,0.02019182222222222,0.1609622222222222,3.188368888888889e-05,1.6830933333333332e-05,0.152,1310.6822222222222,2.1795555555555555,0.048044444444444445,2.1795555555555555,40.73434,-111.87211,291.02155555555555,70.34266666666666,879.2506666666667,107.02208888888889,0.9195555555555556,442742.93333333335,1952.5453333333328,192.52622222222223,22533335.72533333,0.0005647647619047,6.879892286437617e-05,0.0001492234920634,0.0001151409523809,5.964000000000001e-05,0.0010186019047619,0.000691134794478516,0.9537280812761312,5.521277739001739,7.820311676786177,13.64475859963925,0.2627839333814334,1.412183685978836,4.577070173232324,0.008807072077922,0.2174234115680615,3.151379172943723,0.0231991177008176,0.2394984082010582,0.1634429277056277,0.1730264657287157,0.3308189046176046,0.0381384256373256,0.0710351752525252,0.2019001764790764,0.1006258011784511,0.0075081739057239,0.0911082415103415,0.2197667582010582,0.0753213688311688,0.0056719416546416,0.006549148075998,3.0285,0.222,0.1328388134625901,0.0175,0.001,0.073,0.442,0.1985,0.11,0.009,0.034,0.04420469249715923,1.2293625956256093,0.410293299255139,0.2365,0.014,0.047,0.009000000000000001,0.03259050534450854,0.0695,0.11549999999999999,0.4325,0.16699999999999998,0.2355646285703246,0.0925,0.026500000000000003,0.016,0.031,0.09899999999999999,0.3575,0.0095,0.0095,0.12052467351490344,0.213,0.048,0.11449999999999999,0.236,0.039999999999999994,0.07600000000000001,0.32999999999999996,0.011970669042254373,0.004032261963552533,0.051365115252830745,0.0155,0.0435,0.021,0.04285768380984879,0.0445,0.0205,0.0305,0.024,0.174,0.0215,0.010593816788534462,0.1385,0.13,0.03925634318895394,0.0007122495238095,0.0014323857142857,0.0057728615873015,0.0013678047619047,0.000441313015873,0.0997745879365079,81000.0,81059.0,873.9013244444444,31.718866666666667,227.8404888888889,32.60252888888889,2.413142222222222,0.23107555555555556,0.008742222222222222,31.736440697777777,27.41702377333333,23.613686533333333,20.91331574666667,18.107725617777778,15.396296946666668,13.211638742222222,11.480441555555556,9.935004364444444,8.81767307111111,7.998381231111111,7.430360235555555,6.579451515555556,5.49508768,3.843729182222222,10.108796671111111,2.807140342222222,1.0816113733333332,0.74926288,0.19594237777777776,0.15696622222222223,0.10290896,0.10056660444444444,0.08425856444444445,0.06523968444444445,0.057049488888888895,0.04618971555555555,0.04498444888888889,0.03994986666666667,0.04597703111111111,0.053648919999999996,0.03879450222222222,0.027115817777777777,0.015334177777777775,0.017146928888888892,0.02534428444444444,1.4471102266666669,22211212.44444444,1880.527555555556,0.6598999999999999,0.17662908411465036,0.0,0.04505800148787282,1.045952163797459,0.0282444444444444,0.0602909556305115,0.0501875,0.0381384256373256,0.19896417640274416,0.0,0.0,0.0076444444444444,0.22640624999999998,0.4142,0.0315888888888888,0.0,1.593682360111111,0.1296579856511117,0.0,0.06253571428571425,0.0,0.0563666666666666,0.20505,0.0891583333333333,0.15042499999999995,0.1413583333333333,0.0359875,0.01273,0.0244375,0.082325,0.00621666666666665,0.4410166666666667,0.02692,0.01425714285714285,0.218025,0.25973999999999997,0.011179999999999999,0.02455,0.38375,0.0058375,0.0070375,0.08207999999999996,0.13432142857142848,0.08726428571428566,0.06933571428571425,0.06723125,0.06669999999999995,0.05339999999999995,0.01666666666666665,0.0150583333333333,0.1453,0.0,0.0,,,,0.02962729846496536,0.026500000000000003,0.7854675580333357,6.796246282666076,5.483958640633845,22.200767187315666,254.5,1513.108,0.04001159004455536,2024-08-12 22:30:00
2024-08-12 16:45:00,24.49333333333333,1.0,0.1435055444444444,0.2147236228571428,0.0020965276190476,0.0160794993650793,0.5341563380952381,0.0002488039111111111,0.00898304888888889,0.027970711111111112,7.194680000000001e-25,2.1432444444444444e-05,3.51184e-05,0.0003477,2.562995555555556e-25,2.3125955555555556e-05,0.0017858133333333334,0.0011919333333333332,3.402395555555556e-07,0.10185026666666668,0.007430013333333333,0.019905377777777778,0.1583528888888889,3.0039688888888887e-05,1.4757777777777777e-05,0.152,1310.6266666666668,2.0375555555555556,0.04888888888888889,2.0375555555555556,40.73434,-111.87211,290.38866666666667,69.66933333333333,879.1448888888889,113.73511111111111,2.6599999999999997,443060.26666666666,1948.372,173.83066666666667,21884990.584888887,0.0005337949206349,6.468393208846506e-05,0.0001375828571428,9.27673015873016e-05,4.505301587301589e-05,0.0014412834920634,0.000668832653994398,1.5033513777777776,4.236418666666666,6.513099555555556,16.43955434595035,0.2300197728290228,1.2360956092925592,3.419714346135346,0.0081742078588078,0.1856257716801716,3.1543162218522216,0.0271379236763236,0.30284474663299665,0.1525282360768861,0.1275159635290635,0.2317078559255559,0.0244624759277759,0.055898889040589,0.1364549804269804,0.068696345073445,0.0040599456358456,0.0847443613904613,0.2285408184038184,0.0653629471343471,0.0056709185148185,0.0041588809227809,3.02975,0.218,0.11274375640331039,0.01175,0.001,0.073,0.4425,0.19825,0.08199999999999999,0.009,0.020499999999999997,0.029909333767596257,1.1469120594988027,0.3239925882272693,0.19075,0.013000000000000001,0.0495,0.006500000000000001,0.029480745904040012,0.039749999999999994,0.06575,0.41025,0.132,0.1608563762946202,0.07575,0.02325,0.0115,0.018999999999999996,0.07699999999999999,0.24224999999999997,0.005250000000000001,0.00975,0.08163859137271792,0.16249999999999998,0.0305,0.06775,0.1405,0.0245,0.04450000000000001,0.20600000000000002,0.007629946889868667,0.004016130981776267,0.034626343046845344,0.01075,0.026249999999999996,0.011500000000000003,0.026301732759933066,0.026749999999999996,0.013749999999999998,0.02325,0.016,0.10399999999999998,0.013749999999999998,0.006535310221251126,0.08524999999999999,0.07849999999999999,0.024531377444985264,0.000700592063492,0.0013571609523809,0.0055626358730158,0.001288573015873,0.0003798806349206,0.091277898095238,81900.0,81959.0,873.7221511111111,31.71770666666667,212.52713333333335,29.563266666666667,2.02304,0.21150222222222223,0.007582222222222223,29.27311373777778,25.50656391111111,21.957616573333333,19.56732046222222,16.993976595555555,14.379246662222222,12.40403096,10.770436128888889,9.356631786666666,8.354541075555556,7.510392635555556,7.0494354844444445,6.287988693333333,5.207786684444445,3.5952767822222222,9.323525346666665,2.5647562355555555,0.9138377066666666,0.6174362488888889,0.15776525333333333,0.13109812444444444,0.08540375555555556,0.07599420444444444,0.06650289777777778,0.05239095555555555,0.046189742222222226,0.036812222222222225,0.03611710666666667,0.03333468,0.033320142222222224,0.04639430222222222,0.029012533333333333,0.021032875555555556,0.011290075555555555,0.011332711111111112,0.019192164444444444,1.1505144044444444,21481991.55555556,1878.7051555555556,0.5583,0.1465961111822152,0.0,0.03616163520629498,1.0058590917829306,0.0282444444444444,0.04824179657677077,0.06054375000000001,0.0244624759277759,0.16200817104449816,0.0,0.0,0.0076444444444444,0.186465625,0.34235,0.0315888888888888,0.0,1.250670203991111,0.10615802348291835,0.0,0.05268214285714283,0.0,0.0460666666666666,0.175025,0.07563749999999994,0.11485416666666662,0.11947916666666665,0.03070625,0.006364999999999999,0.0204875,0.066725,0.003108333333333324,0.3873916666666667,0.02499,0.007128571428571425,0.183075,0.21394999999999997,0.00963,0.020894999999999997,0.32391499999999995,0.0029187499999999995,0.003518750000000001,0.09207999999999994,0.1106964285714285,0.07266071428571422,0.05905357142857137,0.055053125,0.05785714285714282,0.04548333333333328,0.008333333333333325,0.013579166666666649,0.14176875,0.0,0.0,,,,0.022957144293339442,0.02325,1.1105904243775895,5.515154061036183,4.504486102645866,23.781085205346656,232.0,1503.1545,0.03348633440466385,2024-08-12 22:45:00
2024-08-12 17:00:00,26.820444444444444,1.0,0.09472892,0.2135651555555555,0.0022786222222222,0.0166569111111111,0.4251015377777777,0.00023833764444444443,0.00868159111111111,0.027225911111111112,4.8279911111111115e-25,1.9719555555555558e-05,3.294933333333333e-05,0.00032680488888888886,1.69776e-25,2.0025155555555554e-05,0.0016954533333333334,0.0011370488888888888,3.0572666666666665e-07,0.09972928888888889,0.0071146533333333335,0.019561822222222223,0.15526355555555554,2.803902222222222e-05,1.2704977777777778e-05,0.152,1309.9537777777778,2.522577777777778,0.04608888888888889,2.522577777777778,40.7343384,-111.87211,289.6131111111111,71.55288888888889,879.0982222222223,116.54093333333334,3.5959999999999996,441544.84444444446,1945.5306666666663,168.732,21370882.484,0.0005678755555555,6.056894131255396e-05,0.0001574577777777,8.748000000000001e-05,3.357777777777779e-05,0.0006110266666666,0.0006465305135102801,1.421612,3.507775111111111,5.579513333333334,11.754941066666667,0.1658707999999999,0.9530564,2.449961733333333,0.0059390666666666,0.1336230222222222,2.691829511111111,0.0199556444444444,0.2081996,0.1202401777777777,0.1140553777777777,0.2359911999999999,0.0213230222222222,0.0378604888888888,0.1465803555555555,0.0674175555555555,0.0008755555555555,0.0619872444444444,0.1773734222222222,0.0527354666666666,0.0037502222222222,0.0037587111111111,3.031,0.214,0.067,0.006,0.001,0.073,0.443,0.198,0.054,0.009,0.007,0.017,0.957,0.347,0.145,0.012,0.052,0.004,0.033,0.01,0.016,0.388,0.097,0.116,0.059,0.02,0.007,0.007,0.055,0.127,0.001,0.01,0.059,0.112,0.013,0.021,0.045,0.009,0.013,0.082,0.003,0.004,0.021,0.006,0.009,0.002,0.015,0.009,0.007,0.016,0.008,0.034,0.006,0.003,0.032,0.027,0.012,0.0006302977777777,0.0011233866666666,0.0044598977777777,0.0010244266666666,0.0002942222222222,0.0827772222222222,82800.0,82859.0,873.6849022222221,31.740862222222223,147.0057111111111,21.511093333333335,1.8210266666666668,0.23831555555555556,0.006066666666666666,21.16765383111111,18.58866532888889,15.975140431111111,14.15685464,12.162494555555556,10.139537782222222,8.49358724888889,7.176736462222222,6.030786057777778,5.190550857777778,4.572691768888888,4.299028093333334,3.9985355866666668,3.410717555555556,2.3496377377777775,5.764151604444445,1.5518313733333333,0.5773572977777778,0.45939141777777776,0.15195439555555554,0.1372439022222222,0.08970560444444445,0.08016643555555555,0.06565895111111111,0.05519188888888889,0.052600155555555556,0.03855790222222222,0.039479679999999996,0.03494998666666667,0.03286759555555555,0.04983534666666666,0.03294213777777778,0.02555063111111111,0.01731531111111111,0.016120315555555556,0.020238493333333333,0.914089728888889,20966370.222222224,1877.1548,0.4567,0.07875,0.0,0.027265268924717128,1.14415,0.0282444444444444,0.03619263752303003,0.0709,0.0213230222222222,0.12505216568625216,0.0,0.0,0.0076444444444444,0.146525,0.2705,0.0315888888888888,0.0,1.0877154385302903,0.0795,0.0,0.0428285714285714,0.0,0.0357666666666666,0.145,0.0621166666666666,0.0792833333333333,0.0976,0.025425,0.0,0.0165375,0.051125,0.0,0.3337666666666667,0.02306,0.0,0.148125,0.16816,0.00808,0.01724,0.26408,0.0,0.0,0.1020799999999999,0.0870714285714285,0.0580571428571428,0.0487714285714285,0.042875,0.0490142857142857,0.0375666666666666,0.0,0.0121,0.1382375,0.0,0.0,,,,0.01628699012171352,0.02,1.062238505953718,4.7886466864441015,3.8049653044071206,26.0,209.5,1490.7733,0.03349954428950079,2024-08-12 23:00:00
2024-08-12 17:15:00,27.576888888888888,1.0,0.0712448133333333,0.2046723777777778,0.0022878311111111,0.0170295244444444,0.3397013066666666,0.00028830342222222225,0.008335142222222224,0.026355066666666666,3.3916000000000003e-25,1.7903733333333333e-05,3.057884444444444e-05,0.00030401066666666665,1.1890217777777777e-25,1.6988888888888887e-05,0.0015950533333333333,0.001075102222222222,2.70484e-07,0.09720631111111112,0.0067581644444444445,0.019150622222222222,0.15158400000000002,2.5888044444444446e-05,1.0709044444444446e-05,0.152,1309.909777777778,2.399777777777778,0.048044444444444445,2.399777777777778,40.73433093333333,-111.87211,288.7202222222222,75.03733333333334,879.0413333333333,116.32511111111111,4.275111111111111,438986.0,1943.0733333333333,150.08133333333336,21073647.82711111,0.0005597288888888,5.6453950536642855e-05,0.00018588,7.842222222222222e-05,1.8302222222222237e-05,0.0005795733333333,0.000624228373026162,1.6056872444444443,3.128371111111111,5.491946222222222,10.504107777777778,0.1595054222222222,0.8081330666666666,2.128009688888889,0.0047976,0.1159312444444444,2.539090088888889,0.019412,0.1924376,0.1043368,0.0946702222222222,0.1943367555555555,0.0182872,0.0319120444444444,0.1160538666666666,0.0567907111111111,0.0020602222222222,0.0550384444444444,0.1808389333333333,0.0456140888888888,0.0026027111111111,0.0032784444444444,2.7952500000000002,0.18275,0.09824079524459214,0.0055,0.001,0.07275,0.443,0.1985,0.05325,0.008749999999999999,0.00625,0.025453067192213776,1.0422288548444953,0.2143630911516663,0.1335,0.0105,0.058499999999999996,0.00425,0.015750282562758254,0.009000000000000001,0.01525,0.361,0.088,0.13268666533799864,0.057749999999999996,0.0205,0.006500000000000001,0.006,0.0535,0.11375,0.001,0.0095,0.06951670262714625,0.10450000000000001,0.01225,0.0195,0.041249999999999995,0.00825,0.01225,0.07525,0.006011408543692583,0.0041875,0.029408395564337195,0.00525,0.00775,0.002,0.020128464651313134,0.00825,0.006500000000000001,0.01475,0.00725,0.031,0.0055,0.005022002463521174,0.02975,0.0245,0.019040834427933667,0.0005638888888888,0.0011126711111111,0.0039304488888888,0.0009045022222222,0.0002504755555555,0.07679296,83700.0,83759.0,873.68164,31.757195555555555,136.03944444444446,20.062524444444442,1.7031955555555556,0.23650666666666667,0.005835555555555556,19.93713540888889,17.29195111111111,14.968751902222222,12.98013183111111,11.273424404444444,9.260238315555556,7.8490384311111105,6.588522786666667,5.494801106666667,4.700469288888889,4.174265057777778,3.8311485155555554,3.587054008888889,3.073761302222222,2.199273271111111,5.368480062222222,1.489303031111111,0.5687548622222223,0.46502242666666666,0.17176243555555554,0.13898764,0.0831324,0.08239789777777777,0.07015536444444444,0.061818804444444445,0.046947675555555554,0.03547217777777778,0.03106216888888889,0.032434524444444446,0.03044604,0.05252418222222222,0.03018503111111111,0.022737226666666666,0.016013226666666668,0.014071804444444445,0.01781257777777778,0.8327895377777778,20642462.666666668,1875.6824888888889,0.4003625,0.10844463271751517,0.0,0.021357015125249623,0.9393599739479015,0.0282444444444444,0.03192887668899332,0.065225,0.0182872,0.10827708391139464,0.0,0.0,0.0076444444444444,0.11594374999999998,0.23254642857142857,0.0315888888888888,0.0,0.9133653771503896,0.07630555757492884,0.0,0.03212142857142855,0.0,0.02682499999999995,0.13094999999999998,0.051787499999999945,0.0656083333333333,0.08090416666666665,0.02430625,0.0,0.012403125000000001,0.04599375,0.0,0.3087666666666667,0.021485,0.0,0.13125625000000002,0.146585,0.00606,0.012929999999999999,0.22115999999999997,0.0,0.0,0.10972499999999993,0.06530357142857138,0.0435428571428571,0.03657857142857138,0.0349625,0.03676071428571427,0.02817499999999995,0.0,0.0115,0.13260625,0.0,0.0,,,,0.01578921742233845,0.0205,1.1711259411802153,4.4103549938214,3.739352708584851,26.628941415502258,187.0,1475.3575,0.04266001879537311,2024-08-12 23:15:00
2024-08-12 17:30:00,26.447555555555557,1.0,0.0676904266666666,0.2044087988533292,0.0022307154520083,0.016328251626548,0.2995164,0.00036274995555555557,0.007938533333333333,0.02534102222222222,2.478377777777778e-25,1.599857777777778e-05,2.801008888888889e-05,0.00027931422222222225,8.712875555555556e-26,1.4078755555555556e-05,0.0014842000000000002,0.0010060133333333334,2.3501288888888887e-07,0.09422777777777779,0.006356875555555555,0.01866,0.14722355555555555,2.3593777777777776e-05,8.815004444444446e-06,0.152,1308.6635555555554,2.2683111111111107,0.04666666666666667,2.2683111111111107,40.73433466666666,-111.87211,287.92866666666663,78.59377777777779,878.4662222222222,113.00737777777778,3.327111111111111,440108.4888888889,1943.8191111111112,151.66666666666666,21205815.74,0.0006008,3.4926984126984126e-05,0.00017124,6.881333333333334e-05,1.9431111111111123e-05,0.0006099511111111,0.000601926232542044,1.497100311111111,3.1172706666666667,5.177034666666668,12.296286622222222,0.1636557777777777,0.7918924,2.2098437333333334,0.0056348,0.1235019555555555,2.723914222222222,0.0229725333333333,0.24933808888888892,0.1073071555555555,0.0962540444444444,0.1829295111111111,0.0163613333333333,0.0394017777777777,0.0925966222222222,0.0434606666666666,0.0032462222222222,0.0632079555555555,0.2088373333333333,0.0559728888888888,0.0026295999999999,0.0031321333333333,2.5595,0.1515,0.09894012828617642,0.005,0.001,0.0725,0.443,0.199,0.0525,0.0085,0.0055,0.02032924230713818,1.0569628271150862,0.2216811616672113,0.122,0.009000000000000001,0.065,0.0045000000000000005,0.01659658143629792,0.008,0.014499999999999999,0.334,0.079,0.12408807510035394,0.056499999999999995,0.020999999999999998,0.006,0.005,0.052000000000000005,0.1005,0.001,0.009000000000000001,0.05557892889704867,0.097,0.0115,0.018000000000000002,0.0375,0.0075,0.0115,0.0685,0.004199225491717128,0.004375,0.02340878833536479,0.0045000000000000005,0.0065,0.002,0.013216616150366612,0.0075,0.006,0.0135,0.006500000000000001,0.028,0.005,0.0033276399682115646,0.0275,0.022,0.012893393420341601,0.0004995866666666,0.0011971422222222,0.0035538977777777,0.0008494977777777,0.0002777777777777,0.0795013555555555,84600.0,84659.0,873.1907111111111,31.76571111111111,139.53378666666669,20.303071111111112,1.6406977777777778,0.22834666666666667,0.005844444444444445,20.34945369777778,17.61004621333333,15.28969767111111,13.354110711111112,11.538728062222223,9.611429235555555,7.999456337777778,6.696338684444444,5.665492906666667,4.919180995555555,4.27347044,3.997129551111111,3.6931937422222223,3.1741825733333333,2.282628293333333,5.5719238622222225,1.5509892844444444,0.5703288133333333,0.4639223155555555,0.16202027555555557,0.13446616888888888,0.08052297777777778,0.09053636444444443,0.08042176444444445,0.05593817333333333,0.04622548888888889,0.03693951555555555,0.04326996,0.028496511111111112,0.032857524444444446,0.045323364444444444,0.02765955111111111,0.01684112888888889,0.013131893333333334,0.01036092888888889,0.017152244444444447,0.7829164844444444,20771712.0,1876.0129777777777,0.344025,0.11099134885801187,0.0,0.015448761325782115,0.9466307788327839,0.0282444444444444,0.02766511585495661,0.059550000000000006,0.0163613333333333,0.09150200213653711,0.0,0.0,0.0076444444444444,0.0853625,0.19459285714285712,0.0315888888888888,0.0,0.8877230441955556,0.0782982917970599,0.0,0.0214142857142857,0.0,0.0178833333333333,0.1169,0.0414583333333333,0.051933333333333304,0.06420833333333331,0.0231875,0.0,0.00826875,0.040862499999999996,0.0,0.28376666666666667,0.01991,0.0,0.1143875,0.12501,0.00404,0.00862,0.17823999999999998,0.0,0.0,0.11736999999999995,0.04353571428571425,0.0290285714285714,0.02438571428571425,0.02705,0.02450714285714285,0.0187833333333333,0.0,0.0109,0.126975,0.0,0.0,,,,0.015291444722963383,0.020999999999999998,1.1068926831695445,4.399287092803612,3.5033946604974706,25.585931523601804,164.5,1456.2839,0.05706419016470007,2024-08-12 23:30:00
2024-08-12 17:45:00,26.618666666666662,1.0,0.0652866619047619,0.20083943081980843,0.00251662155939295,0.01566519420700985,0.3126890619047619,0.00037039066666666665,0.007485151111111111,0.0241608,1.86868e-25,1.4026222222222222e-05,2.5251644444444443e-05,0.00025279733333333335,6.608617777777778e-26,1.1354786666666666e-05,0.0013625822222222222,0.0009290937777777778,1.998871111111111e-07,0.09070675555555556,0.0059074800000000005,0.018074444444444445,0.1420448888888889,2.117e-05,7.058742222222222e-06,0.152,1308.7164444444445,2.2235555555555555,0.04777777777777778,2.2235555555555555,40.73434,-111.87211,288.00199999999995,78.38266666666667,877.952,113.35644444444443,2.8724444444444446,440917.6,1943.3111111111111,165.27644444444442,21013616.83955556,0.0006300476190476,1.6480952380952383e-05,0.0001520714285714,6.715714285714286e-05,2.056000000000001e-05,0.000438619047619,0.000579624092057926,1.1217809777777774,2.8756053333333336,4.521787111111112,12.52380031111111,0.1631984444444444,0.7687274666666667,1.9400782222222224,0.0053034666666666,0.1238419111111111,2.613988133333333,0.0249263555555555,0.24111702222222223,0.1013625333333333,0.0798049777777777,0.1751786222222222,0.0136556888888888,0.0342108,0.0820582666666666,0.038308,0.0021369777777777,0.0544664888888888,0.2093391555555555,0.0481192888888888,0.0026817333333333,0.0032937333333333,2.32375,0.12025,0.09167708091771452,0.0045000000000000005,0.001,0.07225,0.443,0.1995,0.05175,0.00825,0.00475,0.018027322805416017,1.0469265158485257,0.2845053711785729,0.1105,0.0075,0.07150000000000001,0.00475,0.01490286935496944,0.007,0.01375,0.30700000000000005,0.07,0.11824558457973328,0.05525,0.0215,0.0055,0.004,0.0505,0.08725,0.001,0.0085,0.04931727205289032,0.0895,0.01075,0.0165,0.03375,0.00675,0.01075,0.06175,0.0034987345635189375,0.004562500000000001,0.02071341657836512,0.00375,0.0052499999999999995,0.002,0.01054487326726471,0.00675,0.0055,0.01225,0.00575,0.025,0.0045000000000000005,0.0026726920280739437,0.02525,0.0195,0.01051712869765943,0.0004832476190476,0.0012116333333333,0.0038426142857142,0.0008583952380952,0.0002897333333333,0.0823595428571428,85500.0,85559.0,872.6620222222223,31.74192,139.99917333333332,20.11097777777778,1.5596711111111112,0.21972444444444444,0.005742222222222222,20.16171638222222,17.54252939111111,15.209961662222222,13.413194226666667,11.554118502222222,9.587801377777778,8.115643026666667,6.785796702222223,5.772997924444444,4.941079364444445,4.399031666666668,4.099762671111111,3.8397596622222223,3.262100004444444,2.2970312844444445,5.641401337777778,1.5021253288888887,0.5424825688888889,0.47119670666666663,0.15147238222222223,0.12232488444444445,0.08307417333333333,0.07598322666666667,0.07306656,0.05426993777777778,0.03908924444444444,0.040178342222222226,0.03816109777777778,0.03112705777777778,0.033258453333333333,0.03904252,0.024190053333333333,0.020532724444444442,0.011488688888888888,0.00827452,0.0139638,0.7469193301587301,20597304.15873016,1875.9983873015872,0.2876875,0.1328544107179199,0.0,0.00954050752631461,0.9463097861787944,0.0282444444444444,0.023401355020919903,0.053875,0.0136556888888888,0.0747269203616796,0.0,0.0,0.0076444444444444,0.054781250000000004,0.15663928571428565,0.0315888888888888,0.0,0.8636686361644444,0.09540552682652421,0.0,0.010707142857142853,0.0,0.00894166666666665,0.10285,0.03112916666666665,0.038258333333333304,0.04751249999999996,0.022068749999999998,0.0,0.004134374999999999,0.03573125,0.0,0.2587666666666666,0.018335,0.0,0.09751875,0.103435,0.00202,0.00431,0.13532,0.0,0.0,0.125015,0.021767857142857117,0.014514285714285702,0.012192857142857123,0.0191375,0.012253571428571426,0.009391666666666652,0.0,0.0103,0.12134375,0.0,0.0,,,,0.014793672023588316,0.0215,0.8848771714100602,4.158330255250776,3.0124284463483657,25.7439633254049,142.0,1432.954,0.06269859003613497,2024-08-12 23:45:00
2024-08-12 18:00:00,26.398407444407443,1.0,0.0585292828384578,0.1972700627862877,0.0028025276667776,0.0150021367874717,0.311092772923188,0.0005678931974432975,0.00729189788045288,0.023695942810892812,1.4727968048618048e-25,1.2507751489251489e-05,2.34338105043105e-05,0.00023579879311429313,5.256948158323158e-26,8.975972355422355e-06,0.0012934125230325232,0.0008897849409109409,1.7093206031006032e-07,0.08915056916046916,0.005691018576238576,0.01773941493136493,0.13948960106560107,1.951753066008066e-05,5.530445065120065e-06,0.057,1308.8693088208088,1.3971036315536314,0.0476910052910053,1.3971036315536314,40.73434,-111.87211,287.87171537721537,76.72603786953786,876.6359642394642,109.54265666740666,3.3541811891811895,436823.0184179457,1925.7580388275221,129.63943882702296,20601270.88645439,0.0006004947500647,1.6374603174603176e-05,0.000104809022089,7.75647274947275e-05,2.1688888888888893e-05,0.0003745088772338,0.000557321951573808,0.2532523587542087,1.4441768553113552,3.577409759222259,10.31665767014837,0.1576552822455322,0.6975964497335998,1.7368110851814853,0.005756502010952,0.1090746755910755,2.3976915382950383,0.0180831383579383,0.22303457796647796,0.0915621019314019,0.0478325822048322,0.1282042639249639,0.0095498402634402,0.0342108,0.0584944326469826,0.0269821255485255,0.0018994285714284999,0.0449220718078218,0.212010512062012,0.049607916017316,0.0051487146723646,0.0017794364505864,2.088,0.089,0.044,0.004,0.001,0.072,0.443,0.2,0.051,0.008,0.004,0.01,0.857,0.243,0.099,0.006,0.078,0.005,0.022,0.006,0.013,0.28,0.061,0.07,0.054,0.022,0.005,0.003,0.049,0.074,0.001,0.008,0.036,0.082,0.01,0.015,0.03,0.006,0.01,0.055,0.002,0.00475,0.012,0.003,0.004,0.002,0.01,0.006,0.005,0.011,0.005,0.022,0.004,0.002,0.023,0.017,0.007,0.0004343809422059,0.0012767256815406,0.0036349158295408,0.0007120028286528,0.0002760749446849,0.0747998962211862,210.0,269.0,871.5293535982536,31.776867975357973,124.40170845839346,17.71407937765938,1.3766062132312131,0.21901635845635845,0.005,18.453211244593927,15.822254682030378,13.581033068076923,12.153275418942169,10.21510219666315,8.564073853164798,7.176138555888371,5.958244486667037,5.089689607080512,4.297205272887853,3.7617495733366635,3.6598011519247415,3.2406524785131534,2.7433875839782442,1.9103027188820438,4.752694731939357,1.3313318396227847,0.5212670525263625,0.39662283184704183,0.14302233403522405,0.11038998933677434,0.0808005425957376,0.07302897348040847,0.06024082878991379,0.047585073453398456,0.03448099072224073,0.033577506620046625,0.032259258789913786,0.023385368001998,0.02676731319032819,0.03705927052928552,0.024187057676582677,0.01555251591001591,0.011895230928885928,0.011566904611869612,0.007823787708217709,0.6741087203825804,20315331.24815925,1874.821098312798,0.23135,0.03575,0.0,0.003632253726847102,0.8733,0.0282444444444444,0.019137594186883194,0.0482,0.0095498402634402,0.05795183858682208,0.0,0.0,0.0076444444444444,0.0242,0.1186857142857142,0.0315888888888888,0.0,0.8371774957346597,0.0372,0.0,0.0,0.0,0.0,0.0888,0.0208,0.0245833333333333,0.0308166666666666,0.02095,0.0,0.0,0.0306,0.0,0.2337666666666666,0.01676,0.0,0.08065,0.08186,0.0,0.0,0.0924,0.0,0.0,0.13266,0.0,0.0,0.0,0.011225,0.0,0.0,0.0,0.0097,0.1157125,0.0,0.0,,,,0.014295899324213247,0.022,0.37110980398531856,2.731098328810173,2.3048220321711885,26.0,175.5,1396.731,0.0997876197091314,2024-08-13 00:00:00
2024-08-12 18:15:00,27.17866666666667,1.0,0.0650832253968254,0.1885702809523809,0.0027467422222222,0.0143251215873015,0.3820275596825397,0.0009802297333333333,0.006889968888888889,0.0226744,1.2328391111111112e-25,1.0919995555555554e-05,2.105533333333333e-05,0.00021311555555555555,4.4259333333333337e-26,7.2379733333333334e-06,0.0011861644444444443,0.0008207106666666666,1.4533022222222225e-07,0.08623662222222223,0.0052880355555555555,0.017270355555555554,0.13524577777777777,1.7500577777777775e-05,4.442355555555556e-06,0.057,1308.2866666666666,1.8684,0.05004444444444445,1.8684,40.734338533333336,-111.87211,288.0304444444444,74.78355555555555,876.2008888888888,108.63595555555555,3.1275555555555554,432728.4368358914,1937.1054263413355,117.76618490095764,19716278.876232784,0.0005394612698412,1.626825396825397e-05,6.886793650793652e-05,6.159936507936507e-05,2.281777777777778e-05,0.0002970295238095,0.0005350198110896901,0.933373978998779,2.2682707032967038,3.760360568986569,11.01795379035409,0.1551684468864468,0.64263593998224,1.557216672039072,0.0052944107448107,0.1038438638583638,2.3273180210012208,0.0215928032967032,0.2429617151959152,0.0918774923076923,0.0436686407814407,0.1274465211233211,0.0141232433455433,0.0342108,0.0559492095238095,0.0239351627594627,0.0016618793650793,0.0424556031746031,0.2263760526251526,0.0435109505494505,0.0032785246642246,0.0018666992673992,2.138,0.10175000000000001,0.07572116483774864,0.00625,0.001,0.07175,0.442,0.1995,0.050749999999999997,0.008,0.00475,0.013634230800418715,0.7910517594874449,0.2485,0.10125,0.00625,0.086,0.0055,0.01655568586650208,0.0072499999999999995,0.01625,0.38075000000000003,0.06525,0.08226592441463794,0.09809978900856231,0.035592756000634,0.0055,0.004,0.05425000000000001,0.08675,0.0010578154216296758,0.008,0.04858633894246807,0.09025,0.01125,0.01625,0.03475,0.007,0.01075,0.062,0.0011165106799022825,0.0049375,0.01579015403592226,0.00375,0.0055,0.0022500000000000003,0.0044630632780033605,0.0050546256420579885,0.00475,0.0115,0.00575,0.027749999999999997,0.0045000000000000005,0.0022500000000000003,0.026000000000000002,0.0205,0.004386628859713749,0.0004810977777777,0.0013779441269841,0.0044758866666666,0.0007425901587301,0.0002965752380952,0.0702257580952381,900.0,959.0,870.9387333333333,31.331577777777778,118.37266222222223,16.44838222222222,1.2155822222222221,0.20623555555555556,0.0044888888888888895,17.59306672888889,15.201910773333333,13.00683424,11.555835435555556,9.879247591111112,8.168700484444445,6.764489244444444,5.712304142222222,4.7467237822222215,4.068645728888889,3.575585528888889,3.404840942222222,3.066488337777778,2.566431422222222,1.8541533155555556,4.512045022222222,1.2113206888888888,0.4564002177777778,0.36829088,0.12780974222222222,0.09793441333333333,0.06388397777777778,0.06250772,0.05022458666666667,0.037835582222222226,0.02992106222222222,0.031516355555555556,0.028481848888888887,0.01911545333333333,0.023415124444444445,0.025542453333333333,0.019256195555555557,0.015189266666666666,0.008306,0.008755777777777777,0.009625857777777778,0.685467448888889,19714967.55555556,1873.3526222222224,0.3583625,0.0896625,0.0,0.024808214292352478,1.0555875,0.0282444444444444,0.03973777110908703,0.058375,0.0141232433455433,0.12765966949144336,0.0,0.0,0.0076444444444444,0.0609,0.2548071428571428,0.0315888888888888,0.0,0.7054945285093683,0.08001666666666665,0.0,0.023867857142857125,0.0,0.03476666666666665,0.11385833333333333,0.06555,0.09609166666666663,0.1033916666666666,0.02523125,0.00934,0.007953125,0.0533125,0.0059,0.33319999999999994,0.02369,0.010428571428571424,0.13076875,0.30763,0.009735,0.01723,0.2617,0.0027875,0.002175,0.13907999999999998,0.022603571428571424,0.040549999999999975,0.03564285714285712,0.020393750000000002,0.015285714285714276,0.019370833333333327,0.01405416666666665,0.012920833333333326,0.117521875,0.0,0.0,,,,0.030847493850713316,0.027499999999999997,0.7734273404581388,3.552776162028411,2.441904064273299,26.261158313124138,273.0,1352.807,0.18536746264943588,2024-08-13 00:15:00
2024-08-12 18:30:00,27.4,1.0,0.0933880428571428,0.166144793015873,0.0023089038095238,0.0125448469841269,0.5342259565079366,0.0012406644444444444,0.006299057777777778,0.02113497777777778,9.800835555555556e-26,8.86703111111111e-06,1.7838044444444443e-05,0.00018227822222222222,3.5461244444444445e-26,5.234288888888889e-06,0.0010370497777777777,0.000722852,1.1373102222222223e-07,0.08176488888888889,0.0047106622222222215,0.01654444444444444,0.12872666666666668,1.4804355555555556e-05,3.203728888888889e-06,0.057,1308.3484444444443,2.182488888888889,0.05195555555555555,2.182488888888889,40.7343356,-111.87211,288.80688888888886,69.50577777777777,875.7191111111111,108.75044444444444,2.4506666666666663,431286.5247863248,1936.0307863247865,121.1632844932845,18998193.30992918,0.0005819117460317,1.6161904761904763e-05,7.901460317460317e-05,4.856126984126984e-05,2.3946666666666666e-05,0.0002552019047619,0.0005127176706055719,0.7020747456487957,1.758481135975136,3.0309742702667704,11.92628187017797,0.1584473515632515,0.5826383478835978,1.615356713997114,0.0048573469456469,0.107024294083694,2.150388691534391,0.020099355074555,0.23388675608465612,0.0906502226310726,0.0450992395382395,0.1163320218614718,0.0157552496873496,0.0342108,0.0491822584896584,0.0309988022366522,0.0014243301587301,0.0441655317941317,0.225426667989418,0.0436027868446368,0.0018008524290524,0.0019957388407888,2.1879999999999997,0.1145,0.07635284241231574,0.0085,0.001,0.0715,0.441,0.199,0.0505,0.008,0.0055,0.012570931114321296,0.7877082045063162,0.254,0.10350000000000001,0.006500000000000001,0.094,0.006,0.016205829741657865,0.0085,0.0195,0.48150000000000004,0.0695,0.07388800060361703,0.09761155513539538,0.03542141416519846,0.006,0.005,0.059500000000000004,0.0995,0.0011156308432593517,0.008,0.045484765529680456,0.0985,0.0125,0.0175,0.0395,0.008,0.0115,0.069,0.0019663788628811107,0.005125,0.014371864076909957,0.0045000000000000005,0.007,0.0025,0.007945078043320737,0.006574578798837225,0.0045000000000000005,0.012,0.006500000000000001,0.0335,0.005,0.0025,0.029,0.024,0.007292101161895462,0.0005889746031746,0.0014244777777777,0.0065627958730158,0.0009250673015873,0.0003123736507936,0.0637196549206349,1800.0,1859.0,870.43628,31.355253333333334,95.90437777777778,13.003435555555557,0.8926266666666667,0.1902888888888889,0.00328,14.181064377777778,12.370292133333333,10.549133684444445,9.396650688888888,7.99274459111111,6.592323377777777,5.464763137777778,4.610443071111111,3.8399062355555555,3.294994631111111,2.909858311111111,2.692139471111111,2.5085108622222223,2.1316630355555555,1.5162736977777778,3.7713148488888892,1.0121352711111111,0.34248416444444446,0.2716699066666666,0.07822346666666666,0.07460445777777777,0.046656986666666664,0.04364576444444445,0.031784613333333336,0.031862897777777774,0.024757946666666666,0.017799568888888888,0.014490133333333332,0.016160306666666666,0.015737320000000003,0.020545697777777778,0.012012884444444446,0.010276239999999999,0.0060496000000000005,0.0045522355555555555,0.006846217777777778,0.5355103066666668,18588560.888888888,1873.136533333333,0.48537499999999995,0.143575,0.0,0.04598417485785786,1.2378749999999998,0.0282444444444444,0.06033794803129086,0.06855,0.0157552496873496,0.1973675003960646,0.0,0.0,0.0076444444444444,0.0976,0.3909285714285714,0.0315888888888888,0.0,0.6713709342666667,0.12283333333333331,0.0,0.04773571428571425,0.0,0.0695333333333333,0.13891666666666666,0.1103,0.16759999999999994,0.1759666666666666,0.029512499999999997,0.01868,0.01590625,0.076025,0.0118,0.4326333333333333,0.03062,0.02085714285714285,0.1808875,0.5334,0.01947,0.03446,0.43099999999999994,0.005575,0.00435,0.14549999999999996,0.04520714285714285,0.08109999999999995,0.07128571428571424,0.0295625,0.03057142857142855,0.03874166666666665,0.0281083333333333,0.01614166666666665,0.11933125,0.0,0.0,,,,0.03067194765468067,0.033,0.6366051383996971,3.0444811564315533,1.8953869094995328,26.465573474936974,370.5,1311.2286,0.2633736799449759,2024-08-13 00:30:00
2024-08-12 18:45:00,26.867555555555555,1.0,0.1063310542857143,0.1532678523809524,0.0022103911111111,0.011626259047619,0.5726325041269842,0.0012554524444444444,0.0056152,0.019289999999999998,7.821000000000001e-26,6.885106666666666e-06,1.4530844444444446e-05,0.00015031466666666667,2.8526400000000006e-26,3.5824399999999996e-06,0.0008769795555555556,0.0006155373333333333,8.503346666666667e-08,0.0762579111111111,0.004066515555555555,0.015639777777777777,0.12063288888888889,1.2069493333333333e-05,2.1985955555555554e-06,0.057,1308.410222222222,2.557688888888889,0.05408888888888889,2.557688888888889,40.734336266666666,-111.87211,289.6188888888889,63.992888888888885,875.6853333333333,112.80986666666666,2.134666666666667,430575.2444444444,1935.696888888889,115.45377777777776,18592146.747111112,0.0005721107936507,1.6055555555555557e-05,0.0001016825396825,4.843238095238096e-05,5.704984126984127e-05,0.0003434377777777,0.000490415530121454,0.7420175005920007,1.767888702982203,3.062183896954897,10.905090535819737,0.1630501625374625,0.6416737683464684,1.967636467687868,0.0050469426277426,0.1058437212750212,2.0172991828282827,0.0197890328523328,0.24704118824138824,0.0884452889406889,0.0298447727124727,0.1154864663188663,0.0101100696192696,0.0342108,0.0479716839678839,0.0279590241351241,0.0011867809523809,0.0358732811003811,0.2433273452954453,0.0393698371147371,0.002421284064084,0.0051686128279128,2.238,0.12725,0.06961726784256256,0.01075,0.001,0.07125,0.44,0.1985,0.05025,0.008,0.00625,0.012380711988676059,0.7920502872193644,0.2595,0.10575,0.00675,0.10200000000000001,0.006500000000000001,0.015577272244351464,0.00975,0.02275,0.58225,0.07375,0.07325063496553999,0.10681722024147794,0.038652069886502445,0.006500000000000001,0.006,0.06475,0.11225,0.0011734462648890277,0.008,0.04492990917975492,0.10675000000000001,0.01375,0.01875,0.04425,0.009000000000000001,0.01225,0.07600000000000001,0.0016006452067188605,0.0053125,0.014118138923557452,0.00525,0.0085,0.00275,0.006446622145763989,0.005920479685165531,0.00425,0.012499999999999999,0.00725,0.03925,0.0055,0.00275,0.032,0.0275,0.006041755485663057,0.0005640831746031,0.0015970076190476,0.0075615834920634,0.0009436603174603,0.0003288266666666,0.0694751717460317,2700.0,2759.0,870.3277866666666,31.691857777777777,81.84853333333334,10.878213333333333,0.7408977777777779,0.18492,0.002671111111111111,12.550371697777779,10.74066683111111,9.212000466666666,7.962347564444444,6.833258506666667,5.612913075555555,4.603592942222222,3.8270742933333333,3.2054299866666667,2.720122973333333,2.402415542222222,2.254823977777778,2.0398828933333335,1.8094674577777778,1.2436388755555554,3.129608991111111,0.8625586533333334,0.29336092444444445,0.20793363555555555,0.06731220444444445,0.04955469333333333,0.034211057777777776,0.027873128888888887,0.02182600888888889,0.019412648888888887,0.015597782222222223,0.011953519999999999,0.010730044444444446,0.010980008888888889,0.015175248888888888,0.01746150222222222,0.00947288,0.00663096,0.005046884444444444,0.00660136,0.007138662222222222,0.5819415777777778,18191184.888888888,1873.4171555555556,0.6123874999999999,0.1974875,0.0,0.06716013542336323,1.4201625,0.0282444444444444,0.0809381249534947,0.078725,0.0101100696192696,0.2670753313006859,0.0,0.0,0.0076444444444444,0.1343,0.5270499999999999,0.0315888888888888,0.0,0.7978371263288889,0.16564999999999996,0.0,0.07160357142857138,0.0,0.10429999999999995,0.16397499999999998,0.15504999999999997,0.23910833333333326,0.2485416666666666,0.03379375,0.028019999999999996,0.023859375000000002,0.0987375,0.0177,0.5320666666666667,0.03755,0.03128571428571427,0.23100625000000002,0.75917,0.029205000000000002,0.05169,0.6003,0.0083625,0.0065249999999999996,0.15191999999999992,0.06781071428571428,0.12164999999999992,0.10692857142857137,0.03873125,0.045857142857142826,0.058112499999999984,0.04216249999999995,0.019362499999999973,0.121140625,0.0,0.0,,,,0.03398187672789504,0.0385,0.6602327812952563,3.053861143059435,1.918771769359231,25.973827764391228,468.0,1264.1385,0.3087292861155497,2024-08-13 00:45:00
2024-08-12 19:00:00,24.43022222222222,1.0,0.1033518647619047,0.1609001177350427,0.0022376063777492,0.0129465641134659,0.5028119733333333,0.0011072634222222223,0.004828875555555555,0.017071688888888888,6.228168888888889e-26,5.04996e-06,1.1249062222222222e-05,0.00011815826666666667,2.2909822222222223e-26,2.2963733333333336e-06,0.0007091582222222223,0.0005005013333333334,6.008248888888889e-08,0.0693816,0.003360724444444444,0.014488400000000002,0.11043933333333333,9.377844444444444e-06,1.4259484444444445e-06,0.057,1308.3248888888888,2.390222222222222,0.054622222222222225,2.390222222222222,40.73433026666667,-111.87211,290.70866666666666,59.76177777777777,876.0648888888888,152.22662222222223,2.1173333333333333,433750.8,1940.4484444444445,137.62844444444443,18735345.058666665,0.000582705079365,1.5926031746031747e-05,0.0003707015873015,9.758761904761905e-05,6.961841269841271e-05,0.0003671822222222,0.0004681133896373359,0.6275781777777778,3.187409777777778,4.398132888888888,11.416271377777775,0.1525959555555555,0.8052213333333333,2.579691511111112,0.0064476444444444,0.1197373333333333,2.2295266666666667,0.0215656888888888,0.2886110222222222,0.1060212888888889,0.0634303111111111,0.2325909777777778,0.0189832,0.0342108,0.1313098222222222,0.0422541777777777,0.0009492317460317,0.0444618666666666,0.2729346666666666,0.0415864,0.0093901333333333,0.0037607555555555,2.288,0.14,0.049,0.013,0.001,0.071,0.439,0.198,0.05,0.008,0.007,0.017,0.982,0.265,0.108,0.007,0.11,0.007,0.028,0.011,0.026,0.683,0.078,0.118,0.093,0.044,0.007,0.007,0.07,0.125,0.0012312616865187034,0.008,0.06,0.115,0.015,0.02,0.049,0.01,0.013,0.083,0.003,0.0055,0.022,0.006,0.01,0.003,0.015,0.011,0.004,0.013,0.008,0.045,0.006,0.003,0.035,0.031,0.012,0.0005714561904761,0.0021811942857142,0.0079098844444444,0.0009316492063492,0.0004077342857142,0.0859828539682539,3600.0,3659.0,870.6505955555556,31.786848888888887,85.00582666666666,11.589893333333332,0.8166488888888889,0.1920311111111111,0.0030222222222222226,12.971715902222222,11.149269053333335,9.534492377777779,8.218230222222223,7.017550342222222,5.780988088888889,4.785053884444445,3.962861906666667,3.282114408888889,2.8342546577777776,2.460482128888889,2.3426609333333337,2.1561886444444442,1.8545240844444446,1.3359573911111111,3.365968888888889,0.9223582755555556,0.3560905333333333,0.2696910533333333,0.08181677333333333,0.06585221333333333,0.03172409777777778,0.038482484444444444,0.020106573333333332,0.026872333333333335,0.021943555555555556,0.014850137777777777,0.015711826666666664,0.014182715555555555,0.018498720000000003,0.017422937777777776,0.012066973333333333,0.009233968888888888,0.004632604444444444,0.004991253333333333,0.006991902222222222,0.6785095955555556,18347644.444444448,1877.5933777777775,0.7394,0.2514,0.0,0.0883360959888686,1.60245,0.0282444444444444,0.10153830187569854,0.0889,0.0189832,0.33678316220530713,0.0,0.0,0.0076444444444444,0.171,0.6631714285714285,0.0315888888888888,0.0,1.0439928149780673,0.2084666666666666,0.0,0.0954714285714285,0.0,0.1390666666666666,0.1890333333333333,0.1998,0.3106166666666666,0.3211166666666666,0.038075,0.03736,0.0318125,0.12145,0.0236,0.6315000000000001,0.04448,0.0417142857142857,0.281125,0.98494,0.03894,0.06892,0.7696,0.01115,0.0087,0.1583399999999999,0.0904142857142857,0.1621999999999999,0.1425714285714285,0.0479,0.0611428571428571,0.0774833333333333,0.0562166666666666,0.0225833333333333,0.12295,0.0,0.0,,,,0.02982640754471539,0.044,0.5925376146371522,4.469220575479794,2.919776371825899,21.0,513.0,1211.7942,0.3294716483086319,2024-08-13 01:00:00
2024-08-12 19:15:00,18.57777777777778,1.0,0.1600492133333333,0.16074222872106025,0.00225301784831621,0.012934881458317355,0.5723824533333334,0.0009611518222222223,0.003930968888888889,0.014393288888888888,4.9114977777777786e-26,3.4441999999999996e-06,8.138404444444444e-06,8.693359999999999e-05,1.822835555555556e-26,1.3642e-06,0.0005383057777777777,0.0003808413333333333,3.957222222222222e-08,0.06065653333333333,0.002603888888888889,0.012989911111111111,0.09740639999999999,6.8254799999999996e-06,8.680724444444444e-07,0.057,1307.9991111111112,1.5394222222222222,0.0524,1.5394222222222222,40.73433,-111.87211,291.25488888888884,58.51244444444444,876.403111111111,145.6508888888889,2.3822222222222225,445387.7333333333,1953.0417777777775,224.70444444444445,19804523.854666665,0.0005412355555555,1.4151111111111111e-05,0.0006381377777777,0.0001768666666666,6.769333333333334e-05,0.0003485955555555,0.00044581124915321797,2.508055911111112,7.938101777777778,11.433503111111111,14.74643111111111,0.1640776888888888,1.5561231555555557,4.365878844444444,0.0118025333333333,0.1794908,2.782298888888889,0.0325903555555555,0.27110599999999996,0.1431687111111111,0.1707818666666666,0.5156372,0.0460537333333333,0.0342108,0.3374450666666667,0.1046252444444444,0.0007116825396825,0.0714321333333333,0.3948593333333333,0.0558919555555555,0.0279305777777777,0.0059295111111111,2.2552499999999998,0.13425,0.13184771593461278,0.01125,0.000875,0.07125,0.43825000000000003,0.1985,0.05075,0.008,0.00775,0.05786603549756498,1.0037924939971212,0.3235,0.158,0.006500000000000001,0.10675,0.00725,0.03117720499221397,0.013,0.028,0.61475,0.094,0.3748775711615714,0.18474459197651355,0.06600006771618984,0.00775,0.0075,0.07700000000000001,0.14400000000000002,0.0015847840630409623,0.00775,0.17760752764590781,0.12925,0.01675,0.02375,0.05425000000000001,0.011,0.014249999999999999,0.0925,0.010824810958742926,0.0056875,0.07478906590544786,0.007,0.0105,0.00375,0.04423916690688822,0.022417508441204017,0.0055,0.015,0.0085,0.054,0.006500000000000001,0.004,0.03975,0.03375,0.03757671424750523,0.00066548,0.0027142355555555,0.0080287377777777,0.0010152177777777,0.0008844533333333,0.0740227244444444,4500.0,4559.0,871.0154977777778,31.762706666666663,120.14193333333333,17.598604444444444,1.3972888888888888,0.22001777777777776,0.005355555555555556,18.76574496,15.896582213333334,13.443729715555556,11.52116496,9.66726676,7.9466694222222225,6.579259671111112,5.454038440000001,4.491792040000001,3.849902555555556,3.3319889422222224,3.1006136266666666,2.9083574,2.5396023600000004,1.8192904355555555,5.01177892,1.6702783111111112,0.7576314088888889,0.6579665555555555,0.14972102222222222,0.11249484,0.06177512888888889,0.061473995555555556,0.045069066666666664,0.04611225777777778,0.03845336444444444,0.027050728888888886,0.02728532,0.02392193777777778,0.02479226222222222,0.03702807111111111,0.022307186666666666,0.015021404444444445,0.011575057777777778,0.010666871111111111,0.013403235555555556,1.04886988,19380648.444444448,1887.1017333333332,0.6481125,0.20171250000000002,0.0,0.06971142919774537,1.470875,0.0282444444444444,0.08342004793262993,0.08246250000000001,0.0460537333333333,0.27547377700342035,0.0,0.0,0.0076444444444444,0.1396,0.54345,0.0315888888888888,0.0,1.313191304154943,0.16898333333333326,0.0,0.07666785714285707,0.0,0.10429999999999995,0.16909166666666664,0.15870833333333334,0.24478333333333327,0.2547208333333333,0.0348375,0.02973,0.023859375000000002,0.104025,0.0177,0.5723333333333334,0.03779,0.03128571428571427,0.24108125000000002,0.7695350000000001,0.029205000000000002,0.054009999999999996,0.6230899999999999,0.0083625,0.0065249999999999996,0.17585499999999993,0.07434999999999997,0.13120714285714277,0.11324999999999992,0.040243749999999995,0.045857142857142826,0.06237499999999998,0.04216249999999995,0.0196208333333333,0.11941875,0.0,0.0,,,,0.06200093568046871,0.04625,1.7049109704416716,9.205984863176086,8.191263543133527,18.317700057296648,498.0,1154.6954,0.36912167271175594,2024-08-13 01:15:00
2024-08-12 19:30:00,20.51644444444445,1.0,0.1760765244444444,0.1605843397070778,0.0022684293188832204,0.012923198803168811,0.6885963733333333,0.0006994637777777777,0.002938782222222222,0.011208253333333335,3.801057777777778e-26,2.1545155555555554e-06,5.415506666666667e-06,5.868866666666666e-05,1.4232133333333335e-26,7.483013333333334e-07,0.00037471377777777777,0.0002644577777777778,2.4023955555555556e-08,0.04953808888888889,0.0018378622222222222,0.011009808888888889,0.08058720000000001,4.565711111111111e-06,4.951804444444445e-07,0.057,1307.8808888888889,1.8022222222222224,0.05386666666666667,1.8022222222222224,40.73433,-111.87211,290.9353333333333,57.63911111111111,876.5866666666667,131.66462222222222,2.968888888888889,444629.0222222222,1955.776,203.16844444444445,19527175.217777777,0.0005726488888888,1.9284444444444444e-05,0.000198,0.0001627066666666,4.832888888888889e-05,0.0008354755555555,0.0004235091086691,1.916730311111111,6.813780888888888,9.718981777777778,14.84476128888889,0.1643385777777777,1.5560020888888888,5.0238964,0.0099279111111111,0.1725630222222222,2.5492684000000003,0.0268428444444444,0.22367053333333334,0.1349692444444444,0.2010239999999999,0.5405323555555556,0.0444503555555555,0.0342108,0.3657228,0.1559746666666666,0.0004741333333333,0.0691153777777777,0.3530980888888889,0.0523961777777777,0.0167592,0.0070299555555555,2.2225,0.1285,0.1452010600102649,0.0095,0.00075,0.0715,0.4375,0.199,0.051500000000000004,0.008,0.0085,0.062309351966848656,1.063532235093458,0.382,0.20800000000000002,0.006,0.10350000000000001,0.0075,0.02883979399898342,0.015,0.03,0.5465,0.10999999999999999,0.39364312340051727,0.16326830791214678,0.058463134840035985,0.0085,0.008,0.084,0.163,0.0019383064395632214,0.0075,0.1905683818678369,0.1435,0.0185,0.027500000000000004,0.059500000000000004,0.012,0.0155,0.10200000000000001,0.017002963213248463,0.005875,0.08071581564072584,0.008,0.011,0.0045000000000000005,0.06955181868444399,0.033466871401686075,0.007,0.017,0.009000000000000001,0.063,0.007,0.005,0.0445,0.036500000000000005,0.05869816650756063,0.00070796,0.0030434355555555,0.0079458577777777,0.00104328,0.0010155466666666,0.0446679733333333,5400.0,5459.0,871.2187066666667,31.665422222222222,126.35302222222222,17.32783111111111,1.2275955555555556,0.19789333333333334,0.004711111111111111,20.20370956888889,17.146565768888888,14.201604466666668,12.184961462222223,10.264909142222223,8.391772355555556,6.880229124444444,5.656925182222222,4.782350417777778,4.007735151111111,3.5303029111111113,3.2749965555555556,3.1035448977777778,2.651672297777778,1.875829631111111,4.9618129600000005,1.4691371644444444,0.6432892711111112,0.5124406044444444,0.13040173777777778,0.10581692000000001,0.05367945777777778,0.052019253333333335,0.040598355555555556,0.030380124444444444,0.0290382,0.02428444,0.01817432,0.018316564444444444,0.021316853333333333,0.02553232444444444,0.012914377777777776,0.012087973333333333,0.009801057777777778,0.012518333333333333,0.012347782222222223,0.9854703866666666,19192175.111111112,1890.9626222222223,0.556825,0.15202500000000002,0.0,0.05108676240662213,1.3393,0.0282444444444444,0.06530179398956132,0.07602500000000001,0.0444503555555555,0.21416439180153352,0.0,0.0,0.0076444444444444,0.1082,0.4237285714285714,0.0315888888888888,0.0,1.202162564977778,0.12949999999999995,0.0,0.057864285714285646,0.0,0.0695333333333333,0.14914999999999995,0.11761666666666665,0.17894999999999994,0.18832499999999996,0.0316,0.022099999999999998,0.01590625,0.0866,0.0118,0.5131666666666667,0.0311,0.02085714285714285,0.2010375,0.55413,0.01947,0.039099999999999996,0.47658,0.005575,0.00435,0.19336999999999993,0.058285714285714246,0.10021428571428564,0.08392857142857135,0.0325875,0.03057142857142855,0.04726666666666665,0.0281083333333333,0.0166583333333333,0.1158875,0.0,0.0,,,,0.05427906266096367,0.0485,1.3551196220064254,8.084960171531195,6.9066009130061365,20.108179848115146,483.0,1093.5854,0.3805855353683869,2024-08-13 01:30:00
2024-08-12 19:45:00,23.53511111111111,1.0,0.1440850622222222,0.16042645069309536,0.0022838407894502305,0.012911516148020266,0.6656493644444443,0.0004267233777777778,0.0019060666666666666,0.007565853333333333,2.826457777777778e-26,1.2125306666666667e-06,3.252377777777778e-06,3.542048888888889e-05,1.0675804444444445e-26,3.772137777777778e-07,0.0002310511111111111,0.0001623054666666667,1.3227608888888889e-08,0.03547573333333333,0.0011326391111111112,0.008357911111111112,0.05886528888888889,2.736022222222222e-06,2.627431111111111e-07,0.057,1307.2342222222221,2.892577777777778,0.052977777777777776,2.892577777777778,40.734332933333334,-111.87211,291.25399999999996,56.97511111111111,876.4724444444444,124.36351111111112,3.027111111111111,440668.6222222223,1952.1884444444445,180.10444444444445,19196164.93688889,0.0006523511111111,3.704444444444444e-05,0.00022008,0.0002362666666666,3.966222222222223e-05,0.0012866622222222,0.0006219244444444,1.0761946666666669,5.899572,7.980988444444445,15.062731555555557,0.1578093333333333,1.190322222222222,4.510180666666667,0.0100393777777777,0.1476949777777778,2.344600133333333,0.0258012888888888,0.20116075555555557,0.1223386666666666,0.1827499111111111,0.5147943555555555,0.0391756444444444,0.0342108,0.3749797777777778,0.1679657333333333,0.00041882222222219996,0.0527773777777777,0.2917496444444444,0.0459923111111111,0.0123984,0.006434,2.18975,0.12275000000000001,0.13713217829769667,0.00775,0.000625,0.07175,0.43674999999999997,0.1995,0.05225,0.008,0.009250000000000001,0.06376391274549875,1.0206354287148756,0.4405,0.258,0.0055,0.10025,0.00775,0.025239212089351364,0.017,0.032,0.47825,0.126,0.3742422491039834,0.13171904166485734,0.0473911681401609,0.009250000000000001,0.008499999999999999,0.091,0.182,0.0022918288160854805,0.00725,0.19481123747790755,0.15775,0.020249999999999997,0.03125,0.06475,0.013000000000000001,0.016749999999999998,0.1115,0.01844567926251557,0.0060625,0.08265599203135776,0.009000000000000001,0.0115,0.00525,0.07546280427764578,0.03604710779285621,0.0085,0.019000000000000003,0.0095,0.07200000000000001,0.0075,0.006,0.04925,0.03925,0.06363042730401293,0.0007243822222222,0.0031423688888888,0.0076295422222222,0.0011053111111111,0.0008606444444444,0.0403548222222222,6300.0,6359.0,871.1358577777778,31.665222222222223,131.6832,17.34415111111111,1.1432844444444443,0.18565333333333334,0.004213333333333334,20.74824151111111,17.766212075555554,14.762745786666667,12.856643960000001,10.834709164444444,8.839825915555556,7.300281795555555,6.055133657777778,5.092215111111112,4.3495277733333335,3.75849084,3.518693902222222,3.2768542044444446,2.8240091688888884,1.95633676,4.921441466666667,1.3432541422222222,0.5429875377777778,0.38165891555555553,0.11884903555555555,0.10328263555555556,0.04423937333333334,0.04891016888888888,0.03545869333333333,0.032620013333333336,0.02251626222222222,0.024100835555555554,0.017244875555555556,0.018206795555555554,0.01699863111111111,0.02164103111111111,0.01647226222222222,0.008808488888888888,0.007055257777777778,0.0061269777777777775,0.011411128888888889,0.9379185155555556,18824774.222222224,1888.1902666666665,0.4655375,0.1023375,0.0,0.0324620956154989,1.207725,0.0282444444444444,0.04718354004649272,0.0695875,0.0391756444444444,0.15285500659964674,0.0,0.0,0.0076444444444444,0.07680000000000001,0.3040071428571428,0.0315888888888888,0.0,1.23320339356,0.09001666666666662,0.0,0.03906071428571422,0.0,0.03476666666666664,0.12920833333333326,0.07652499999999997,0.11311666666666662,0.12192916666666664,0.0283625,0.014469999999999997,0.007953124999999998,0.06917499999999999,0.005899999999999999,0.454,0.02441,0.010428571428571426,0.16099375,0.33872500000000005,0.009735,0.024189999999999996,0.33007000000000003,0.0027875,0.002175,0.21088499999999996,0.04222142857142852,0.06922142857142853,0.05460714285714277,0.02493125,0.015285714285714277,0.032158333333333324,0.014054166666666652,0.0136958333333333,0.11235625,0.0,0.0,,,,0.04293541368100181,0.050749999999999997,0.8579111526316681,7.17343148973423,5.6043510994077055,22.896107115249304,468.0,1029.4342,0.3767514061554568,2024-08-13 01:45:00
2024-08-12 20:00:00,23.37022222222222,1.0,0.1435350977777778,0.16026856167911288,0.0022992522600172407,0.01289983349287172,0.6229903600000001,0.00030979266666666667,0.0009815573333333332,0.003929351111111111,1.9439066666666667e-26,5.916182222222222e-07,1.7111280000000002e-06,1.8582902222222224e-05,7.389537777777778e-27,1.7289373333333335e-07,0.00012116373333333334,8.598991111111111e-05,6.408413333333333e-09,0.01929076,0.0005880995555555556,0.004962062222222222,0.032908035555555555,1.4248946666666668e-06,1.26816e-07,0.057,1307.904888888889,2.8576444444444444,0.047288888888888894,2.8576444444444444,40.73433893333333,-111.87211,292.7842222222222,56.764,876.1351111111111,135.4303111111111,2.6951111111111112,440786.0444444444,1948.607555555556,182.31644444444447,19130233.43688889,0.0006457333333333,4.031111111111111e-05,0.0002030533333333,0.00024728,5.115111111111112e-05,0.0007640133333333,0.0007961422222222,1.2802331111111112,6.307313333333334,8.71227111111111,12.435493644444444,0.1569031111111111,1.1262298666666666,3.028522622222222,0.0109724,0.1316827555555555,2.352604888888889,0.0297556,0.23768506666666667,0.1308652888888888,0.1106065333333333,0.2909161333333333,0.0182127111111111,0.0342108,0.1750631555555555,0.0920625333333333,0.0003635111111111,0.0489743999999999,0.3270474666666667,0.0446112,0.0100488444444444,0.0054784444444444,2.157,0.117,0.083,0.006,0.0005,0.072,0.436,0.2,0.053,0.008,0.01,0.038,1.193,0.499,0.308,0.005,0.097,0.008,0.027,0.019,0.034,0.41,0.142,0.23,0.128,0.053,0.01,0.009,0.098,0.201,0.0026453511926077394,0.007,0.111,0.172,0.022,0.035,0.07,0.014,0.018,0.121,0.007,0.00625,0.042,0.01,0.012,0.006,0.034,0.019,0.01,0.021,0.01,0.081,0.008,0.007,0.054,0.042,0.029,0.0007103377777777,0.0034565911111111,0.0076446755555555,0.0011236444444444,0.0008361866666666,0.0465121555555555,7200.0,7259.0,870.8352799999999,31.62530222222222,135.68576888888887,17.645195555555556,1.158911111111111,0.18560000000000001,0.004111111111111111,21.57040806666667,18.352478622222222,15.41866515111111,13.46405435111111,11.186198684444443,9.197829360000002,7.606387368888889,6.3187044355555555,5.2401959911111105,4.426281973333333,3.857649937777778,3.555892848888889,3.273323915555556,2.7890125333333335,1.9396959777777778,4.791133795555555,1.2855547866666666,0.49823596444444446,0.36937955555555557,0.10868076444444445,0.08947589333333333,0.05596872,0.04379986222222222,0.03246757777777778,0.03104875111111111,0.02625518222222222,0.019559964444444446,0.02189410666666667,0.018552675555555554,0.020951551111111112,0.02457028888888889,0.01565572888888889,0.011658546666666665,0.008454800000000002,0.005688960000000001,0.009965697777777779,1.0456134177777778,18794198.22222222,1884.3468,0.37425,0.05265,0.0,0.013837428824375657,1.07615,0.0282444444444444,0.029065286103424116,0.06315,0.0182127111111111,0.09154562139775993,0.0,0.0,0.0076444444444444,0.0454,0.1842857142857143,0.0315888888888888,0.0,1.1817679471665608,0.0505333333333333,0.0,0.0202571428571428,0.0,0.0,0.1092666666666666,0.0354333333333333,0.0472833333333333,0.0555333333333333,0.025125,0.00684,0.0,0.05175,0.0,0.3948333333333333,0.01772,0.0,0.12095,0.12332,0.0,0.00928,0.18356,0.0,0.0,0.2284,0.0261571428571428,0.0382285714285714,0.0252857142857142,0.017275,0.0,0.01705,0.0,0.0107333333333333,0.108825,0.0,0.0,,,,0.043764043127217316,0.053,0.9786075720237121,7.57997743848254,6.152289171487631,24.0,443.66666,963.40625,0.5267690882269366,2024-08-13 02:00:00
2024-08-12 20:15:00,24.08177777777778,1.0,0.1154783155555555,0.16011067266513043,0.002314663730584251,0.012888150837723177,0.5432261911111111,0.00016547925777777778,0.0003683707111111111,0.0013575173333333333,1.130656888888889e-26,2.2696488888888888e-07,7.120417777777778e-07,7.801906666666667e-06,4.27168e-27,6.885346666666666e-08,5.0217066666666664e-05,3.6807275555555555e-05,2.5083093333333333e-09,0.0060690986666666665,0.0002459527111111111,0.0015865995555555555,0.01022592,5.930302222222222e-07,5.179115555555555e-08,0.057,1308.3293333333334,2.5970222222222223,0.05093333333333334,2.5970222222222223,40.7343388,-111.87211,293.1211111111111,54.152,875.704888888889,142.94871111111112,2.7106666666666666,437636.8,1943.4355555555555,154.91333333333333,18239141.70177777,0.0005961822222222,6.0044444444444446e-05,0.0001518977777777,0.0001420311111111,6.360444444444445e-05,0.0006196977777777,0.0005004044444444,0.9328285777777778,4.093823111111111,5.936575111111112,12.706349866056168,0.1562909862026862,0.8746666671106671,1.966892210989011,0.0088910317460317,0.1068991192918192,2.355624303296703,0.0267577732600732,0.3677849662892663,0.1374940538461538,0.082782256043956,0.2115404827838828,0.0188061189255189,0.0342108,0.1073202573870573,0.0562899445665445,0.0006975185185185,0.0468245446886446,0.3999897948717948,0.0417254775335775,0.0049104296703296,0.002657078021978,2.3425000000000002,0.15300000000000002,0.09299169125485696,0.00575,0.000375,0.072,0.439,0.20600000000000002,0.0525,0.008,0.00875,0.021706229369910224,0.9167245893066038,0.4435,0.25225,0.00625,0.10350000000000001,0.00825,0.02955953803738031,0.01675,0.02925,0.40725,0.1265,0.14565454743406803,0.18738300112468648,0.06692599664272156,0.009000000000000001,0.008,0.09875,0.17450000000000002,0.0022034482219549156,0.00725,0.07213181391865534,0.155,0.0195,0.030750000000000003,0.061000000000000006,0.01325,0.016999999999999998,0.112,0.005009305564728674,0.0064375000000000005,0.02655704757493023,0.009000000000000001,0.010750000000000001,0.005,0.020412324044311085,0.012016723991412645,0.00825,0.01925,0.0095,0.0675,0.00725,0.00575,0.047,0.037000000000000005,0.017695054733823098,0.0005974355555555,0.0037394844444444,0.0074659377777777,0.0009176088888888,0.0007740133333333,0.0458126933333333,8100.0,8159.0,870.3679866666666,31.500977777777777,131.0850888888889,16.940675555555558,1.0562222222222222,0.17577777777777778,0.003946666666666667,19.794371595555557,17.162410115555556,14.61275696888889,12.863600142222221,10.847571146666667,9.098791595555555,7.52517156,6.302208128888889,5.211628782222222,4.495646737777777,3.867373355555556,3.582162982222222,3.2723598933333333,2.8418110266666665,2.059733266666667,5.017784204444444,1.3534224355555555,0.43410231555555556,0.2941825022222222,0.08281696444444445,0.06974054222222222,0.04083808,0.04488270222222222,0.029268568888888888,0.025391186666666666,0.02092472888888889,0.019954075555555555,0.020148604444444444,0.014397382222222222,0.017232226666666666,0.01932483111111111,0.0138488,0.008205631111111111,0.005798866666666667,0.005617186666666666,0.009602306666666668,0.7929766755555556,17940262.222222224,1881.4746666666667,0.432825,0.102575,0.0,0.019032800793941713,1.316525,0.0282444444444444,0.034119393633453184,0.06905,0.0188061189255189,0.10864794408205214,0.0,0.0,0.0076444444444444,0.0530375,0.21768214285714285,0.0315888888888888,0.0,0.9601086495693184,0.0598708333333333,0.0,0.0274678571428571,0.0,0.0104,0.1215416666666666,0.043091666666666625,0.059904166666666626,0.06896666666666662,0.02645,0.008545,0.00623125,0.079075,0.00124166666666665,0.483,0.020295,0.0044892857142857,0.152425,0.175315,0.00253,0.01184,0.22176,0.00189375,0.0,0.203095,0.0318928571428571,0.0461785714285714,0.03305357142857135,0.021203125,0.0073892857142857,0.020795833333333326,0.0,0.011049999999999949,0.11289375,0.0,0.0,,,,0.06294958491395017,0.058499999999999996,0.7731047151083614,5.372976556129578,4.072505820608315,23.400987936594273,408.66666,896.81116,0.6728092446316691,2024-08-13 02:15:00
2024-08-12 20:30:00,24.794666666666668,1.0,0.1023384622222222,0.15995278365114798,0.002330075201151261,0.012876468182574631,0.4874476533333333,5.066947911111111e-05,9.063862666666666e-05,0.0003006017333333333,4.024188888888889e-27,5.743467111111111e-08,1.8729066666666666e-07,2.077954222222222e-06,1.5784848888888888e-27,2.055834222222222e-08,1.3291377777777777e-05,9.935322666666666e-06,6.653010222222222e-10,0.0010368554666666666,6.57456e-05,0.00017793127999999998,0.0014758481777777776,1.5746862222222221e-07,1.5143613333333335e-08,0.057,1307.9360000000001,2.697111111111111,0.05031111111111111,2.697111111111111,40.73434,-111.87211,293.36466666666666,52.562222222222225,875.5671111111111,154.19768888888888,2.258666666666667,435749.06666666665,1942.6733333333327,126.1862222222222,17855656.252444442,0.0006758799999999,8.026666666666667e-06,0.0001317733333333,0.0001117688888888,5.932000000000001e-05,0.0005345822222222,0.0004017377777777,0.3360764888888889,2.880154222222222,3.90326,11.39514713119288,0.1549552718855218,0.7187749145502647,1.5360480909331409,0.0071723965608465,0.0947159363636363,2.2833484688311687,0.0208274581529581,0.33554799470899466,0.1293531337421837,0.0749298247234247,0.183915275012025,0.0211561164502164,0.0342108,0.0777433553631553,0.0397041971380471,0.0010315259259259,0.0367419148869648,0.3838128493265993,0.0342254768879268,0.0033735376142376,0.001625111063011,2.528,0.189,0.0895244683543512,0.0055,0.00025,0.072,0.442,0.21200000000000002,0.052,0.008,0.0075,0.01705877285972812,0.9256803927864858,0.388,0.1965,0.0075,0.11,0.0085,0.02723881683445275,0.014499999999999999,0.0245,0.40449999999999997,0.11099999999999999,0.12483112745592512,0.1790637883606945,0.06400643439458184,0.008,0.006999999999999999,0.0995,0.14800000000000002,0.001761545251302092,0.0075,0.058575496976653624,0.13799999999999998,0.017,0.026500000000000003,0.052000000000000005,0.0125,0.016,0.10300000000000001,0.0030137763370660965,0.006625000000000001,0.020358004173036716,0.008,0.0095,0.004,0.012236394677254663,0.008447804705130188,0.006500000000000001,0.0175,0.009000000000000001,0.054,0.006500000000000001,0.0045000000000000005,0.04,0.032,0.010872873347004285,0.0005150444444444,0.0032360977777777,0.0074418088888888,0.0007837155555555,0.0006742222222222,0.0513643822222222,9000.0,9059.0,870.1939600000001,31.52722222222222,132.35433333333333,17.029546666666665,0.996991111111111,0.16593777777777777,0.003946666666666667,19.243188368888887,16.848314671111112,14.591439586666667,12.831421871111111,11.022283737777778,9.27393644,7.725592364444444,6.54161704,5.426775782222222,4.633542764444444,4.053665102222222,3.747665097777778,3.429432408888889,2.9716258044444444,2.1587476355555557,5.279837128888889,1.4447909377777777,0.4426771777777778,0.2893522711111111,0.07328548,0.05956653333333333,0.04295950222222222,0.03612165333333333,0.02934133777777778,0.02533944,0.017478044444444445,0.01763403111111111,0.01593704,0.014263924444444444,0.01291187111111111,0.01629099111111111,0.009447093333333333,0.01013243111111111,0.004902857777777778,0.006138328888888889,0.00672856,0.7046011377777778,17553852.000000004,1882.0534666666665,0.49140000000000006,0.15250000000000002,0.0,0.02422817276350777,1.5569000000000002,0.0282444444444444,0.039173501163482255,0.07494999999999999,0.0211561164502164,0.12575026676634432,0.0,0.0,0.0076444444444444,0.06067500000000001,0.25107857142857143,0.0315888888888888,0.0,0.8264721628311111,0.0692083333333333,0.0,0.0346785714285714,0.0,0.0208,0.13381666666666658,0.050749999999999955,0.07252499999999995,0.08239999999999995,0.027775,0.01025,0.0124625,0.1064,0.0024833333333333,0.5711666666666667,0.02287,0.0089785714285714,0.1839,0.22731,0.00506,0.0144,0.25995999999999997,0.0037875,0.0,0.17779,0.0376285714285714,0.0541285714285714,0.0408214285714285,0.02513125,0.0147785714285714,0.02454166666666665,0.0,0.0113666666666666,0.1169625,0.0,0.0,,,,0.05995838287949871,0.064,0.42010339425569765,4.162865808058154,2.548976257147397,24.05938536540511,373.66666,831.03668,0.7706900402629393,2024-08-13 02:30:00
2024-08-12 20:45:00,24.529333333333334,1.0,0.0906679196825396,0.15979489463716554,0.0023454866717182716,0.012864785527426086,0.4629296171428571,9.060874783605284e-06,1.0187709333333332e-05,3.146191466666666e-05,5.785220711111111e-28,7.626893333333334e-09,2.378990088888889e-08,2.6051998666666666e-07,2.303753288888889e-28,3.2331728e-09,1.6247989333333332e-06,1.221778711111111e-06,9.171035111111111e-11,9.374704e-05,7.92025511111111e-06,1.3097881333333333e-05,0.00012272202666666667,1.9862283111111112e-08,2.2914567999999997e-09,0.057,1307.9911111111112,2.4368,0.0504,2.4368,40.73434,-111.87211,293.45533333333333,50.93511111111111,875.5653333333335,139.98013333333336,1.4706666666666666,434907.8666666667,1941.2724444444443,118.72222222222224,17489740.30133333,0.0007557301587301,1.199111111111111e-05,0.0001008215873015,0.0001061212698412,5.124857142857143e-05,0.0004902139682539,0.0003727384126984,0.1904429328765678,2.465171945609945,3.24496640975691,10.526149204458504,0.1530569835645835,0.6031599577866579,1.423248415408665,0.0066731504754504,0.0927508266085766,2.101905165379065,0.018260418041218,0.2813329406704407,0.1065154891996892,0.0553823611610611,0.1569605423391423,0.0174017052096052,0.0342108,0.0644990649017649,0.0305405804029304,0.0013655333333333001,0.0319905427923927,0.3602943543660044,0.034235191012691,0.0032201632071632,0.0019551189107189,2.7135,0.22500000000000003,0.08089333099782056,0.00525,0.000125,0.072,0.445,0.218,0.0515,0.008,0.00625,0.01497768053038986,0.9139497550102469,0.3325,0.14075000000000001,0.00875,0.11649999999999999,0.008749999999999999,0.02072852005745287,0.01225,0.01975,0.40175,0.0955,0.10451310040319102,0.1669690846405493,0.05976189330812129,0.007,0.006,0.10025,0.1215,0.0013196422806492684,0.00775,0.052505091123415726,0.121,0.014499999999999999,0.02225,0.043000000000000003,0.01175,0.015,0.094,0.0019112474878323204,0.0068125,0.01758212415250264,0.007,0.00825,0.003,0.007719198000042403,0.006475978675640147,0.00475,0.01575,0.0085,0.040499999999999994,0.00575,0.0032500000000000003,0.033,0.027,0.0071036217172079285,0.0004658587301587,0.0026814717460317,0.0072008009523809,0.0007393507936507,0.0006769698412698,0.0566013247619047,9900.0,9959.0,870.1843955555555,31.63457777777778,121.83464444444444,15.538937777777779,0.9166533333333333,0.16666666666666666,0.003386666666666667,17.808573248888887,15.694186986666667,13.555548893333333,12.019852377777777,10.262129266666667,8.5524582,7.099340733333333,5.997767244444445,4.948956213333333,4.215730262222222,3.697680333333333,3.359488306666667,3.0752486266666663,2.6690415955555555,1.8874462533333334,4.72552528,1.249824568888889,0.4011852977777778,0.2550208177777778,0.07394210666666666,0.052616262222222224,0.035315933333333334,0.03222488444444445,0.02311345777777778,0.01753910222222222,0.017556804444444445,0.01554304,0.012142342222222222,0.015064964444444445,0.01239984888888889,0.016612417777777777,0.010758368888888889,0.009127804444444445,0.004180297777777777,0.004477311111111112,0.006948791111111111,0.5599233733333333,17186739.555555556,1881.2953333333328,0.5499750000000001,0.20242500000000002,0.0,0.029423544733073827,1.7972750000000002,0.0282444444444444,0.044227608693511326,0.08084999999999999,0.0174017052096052,0.14285258945063653,0.0,0.0,0.0076444444444444,0.0683125,0.284475,0.0315888888888888,0.0,0.7663554815733333,0.0785458333333333,0.0,0.0418892857142857,0.0,0.0312,0.1460916666666666,0.058408333333333284,0.08514583333333328,0.09583333333333327,0.0291,0.011955,0.01869375,0.133725,0.00372499999999995,0.6593333333333333,0.025445,0.013467857142857101,0.215375,0.27930499999999997,0.00759,0.01696,0.29816,0.0056812500000000005,0.0,0.15248499999999998,0.0433642857142857,0.0620785714285714,0.048589285714285654,0.029059375000000002,0.0221678571428571,0.028287499999999976,0.0,0.01168333333333325,0.12103124999999999,0.0,0.0,,,,0.055609689872105746,0.0695,0.3339556645870182,3.7491001444697885,2.055727699316082,23.814333454557183,338.66666,767.46741,1.144012996613459,2024-08-13 02:45:00
2024-08-12 21:00:00,23.568444444444445,1.0,0.1402811533333333,0.1596370056231831,0.002360898142285282,0.012853102872277542,0.5364558787301588,1.41560420015873e-06,4.342094711111111e-07,1.2682480888888888e-06,1.6538300183524736e-29,3.5862417777777774e-10,1.1072569111111112e-09,1.1990791555555555e-08,6.544444974049517e-30,1.4822880177777778e-10,7.364804533333334e-08,5.5603503999999994e-08,4.278207822222222e-12,3.3605346666666666e-06,3.5548335555555557e-07,3.6614155555555557e-07,4.114508888888889e-06,9.151322133333333e-10,1.0500699511111111e-10,0.057,1308.1577777777777,2.9420888888888888,0.05213333333333334,2.9420888888888888,40.734339733333336,-111.87211,293.80288888888884,51.285333333333334,875.6048888888889,164.57946666666666,0.9555555555555556,438177.0666666667,1950.0524444444443,135.22133333333335,18027221.02888889,0.0007500507936507,1.5955555555555555e-05,0.0002491269841269,0.0003568349206349,7.106190476190478e-05,0.0007398028571428,0.0022479425396825,0.1147744168851518,4.072517942705443,4.9087347621267625,11.409721644444444,0.1561144,0.8239371555555555,2.4978636,0.0103804444444444,0.1130134222222222,2.2897079555555555,0.0295228888888888,0.25953346666666666,0.1130534666666666,0.0636849333333333,0.1991636444444444,0.0319974222222222,0.0342108,0.0975043555555555,0.0432045777777777,0.0016995407407407,0.0366187555555555,0.3138094222222222,0.0366245777777777,0.006524,0.0039663555555555,2.899,0.261,0.043,0.005,0.0,0.072,0.448,0.224,0.051,0.008,0.005,0.014,1.006,0.277,0.085,0.01,0.123,0.009,0.049,0.01,0.015,0.399,0.08,0.095,0.106,0.075,0.006,0.005,0.101,0.095,0.0008777393099964444,0.008,0.047,0.104,0.012,0.018,0.034,0.011,0.014,0.085,0.002,0.007,0.016,0.006,0.007,0.002,0.012,0.01,0.003,0.014,0.008,0.027,0.005,0.002,0.026,0.022,0.01,0.0005183339682539,0.002606752063492,0.0072194984126984,0.0009134146031746,0.0008175438095238,0.063375539047619,10800.0,10859.0,870.2202844444444,31.70972,129.9180488888889,16.734577777777776,1.0186177777777778,0.17132444444444445,0.003786666666666667,19.115905875555555,16.883345142222222,14.354556986666667,12.730830466666667,10.984288297777777,9.096927675555555,7.551310666666667,6.346249573333334,5.244859115555556,4.500393164444445,3.9086716888888886,3.5654929155555553,3.33062844,2.808961168888889,2.0107742355555556,4.9495981066666666,1.3854706133333332,0.4546236444444444,0.28244553333333333,0.08071391555555556,0.0634728,0.03976485777777778,0.03611804,0.026775493333333334,0.024178782222222226,0.01992723111111111,0.014369742222222221,0.015600195555555555,0.01508004,0.017700893333333335,0.018548444444444444,0.010924062222222223,0.007476684444444445,0.006850853333333334,0.00582668,0.009300888888888888,0.7194663555555555,17638099.555555556,1888.3270222222225,0.60855,0.25235,0.0,0.03461891670263988,2.03765,0.0282444444444444,0.0492817162235404,0.08675,0.0319974222222222,0.15995491213492874,0.0,0.0,0.0076444444444444,0.07595,0.3178714285714285,0.0315888888888888,0.0,0.9023227543834196,0.0878833333333333,0.0,0.0491,0.0,0.0416,0.1583666666666666,0.0660666666666666,0.0977666666666666,0.1092666666666666,0.030425,0.01366,0.024925,0.16105,0.0049666666666666,0.7475,0.02802,0.0179571428571428,0.24685,0.3313,0.01012,0.01952,0.33636,0.007575,0.0,0.12718,0.0491,0.0700285714285714,0.0563571428571428,0.0329875,0.0295571428571428,0.0320333333333333,0.0,0.0119999999999999,0.1251,0.0,0.0,,,,0.03500324361821611,0.075,0.28919488940202476,5.351733848573011,3.302361955725549,17.0,292.0,693.30695,3.982195447509488,2024-08-13 03:00:00
2024-08-12 21:15:00,20.128888888888888,1.0,0.2463577555555555,0.15947911660920064,0.002376309612852292,0.012841420217128996,0.6672846577777778,9.729154833333333e-07,1.0295130006310222e-08,3.6183191599555555e-08,5.46384491878426e-32,6.355700707930354e-12,1.839123139206876e-11,2.0926946993835256e-10,2.1540637142510384e-32,3.0623835132385618e-12,1.363107245032809e-09,1.002678344809647e-09,7.842091873753532e-14,1.3169368082577779e-07,6.90108042835344e-09,2.2244975302222223e-08,1.8891895756444447e-07,1.603758699416465e-11,2.0952929660801424e-12,0.057,1307.8973333333333,2.530577777777778,0.058666666666666666,2.530577777777778,40.734332933333334,-111.87211,293.67488888888886,54.12,875.7626666666667,114.00444444444445,0.7542222222222222,448957.6,1964.584,174.89466666666667,19225667.428,0.0006846,1.992e-05,0.00042408,0.0005841688888888,7.766666666666668e-05,0.0011326488888888,0.0026987377777777,0.3450397511111111,7.590215555555556,9.159184444444444,15.776658266666669,0.1613047555555555,1.4045934222222225,4.958916088888889,0.0175652888888888,0.1742053777777777,2.791750355555556,0.0541885777777777,0.2558128888888889,0.1447019111111111,0.1088636888888889,0.3228143111111111,0.0496842222222222,0.0342108,0.1777838666666666,0.0773766666666666,0.0020335481481481,0.0637711111111111,0.3226202222222222,0.0587460888888888,0.0084432,0.0091517777777777,2.8835,0.24325000000000002,0.1045078876463506,0.01275,0.00025,0.072,0.446,0.2175,0.05375,0.008,0.00875,0.03277826657694444,1.1916229874370146,0.45899999999999996,0.1775,0.0105,0.12525,0.013,0.03161427226506355,0.01675,0.0295,0.49050000000000005,0.12825,0.22953089974856952,0.14759465328530758,0.052962589098861534,0.01025,0.01,0.164,0.1645,0.0022918288160854805,0.0085,0.10442819910124844,0.16325,0.022,0.033,0.060000000000000005,0.01675,0.023,0.1545,0.007546373637650861,0.006918458997975141,0.041325564298736094,0.00975,0.013750000000000002,0.00575,0.03080700485182926,0.016554162506742923,0.009500000000000001,0.0215,0.01125,0.063,0.0075,0.00625,0.045,0.03925,0.026368612777598683,0.0005739866666666,0.0024907155555555,0.0072030888888888,0.0011134711111111,0.0009269644444444,0.0632578,11700.0,11759.0,870.3640622222223,31.757168888888888,155.50399555555558,20.238226666666666,1.321911111111111,0.1844,0.00488,23.26789822222222,20.372933422222225,17.431431013333334,15.318968875555555,13.114733773333334,10.898395613333333,8.980728604444444,7.560507151111111,6.226689724444444,5.306337693333333,4.571905542222223,4.24469204,3.868989924444444,3.3265210533333334,2.3289854,5.6629428,1.539050608888889,0.5385959866666667,0.3834248311111111,0.11459478222222222,0.08258713777777778,0.05743260888888889,0.04566912,0.03529186222222222,0.03232534222222223,0.024225515555555556,0.023442328888888888,0.01777378222222222,0.018369422222222223,0.01809596,0.02761750666666667,0.01800144888888889,0.012261644444444443,0.008602906666666667,0.009511893333333334,0.014498160000000001,1.1354414533333332,18857415.55555556,1899.2409333333333,0.6355375000000001,0.23636250000000003,0.0,0.03914590748523257,2.0943750000000003,0.0282444444444444,0.05368561614383521,0.08853124999999999,0.0496842222222222,0.1748570322538051,0.0,0.0,0.0076444444444444,0.0839375,0.3469714285714285,0.0315888888888888,0.0,1.2828283799283395,0.1047208333333333,0.0,0.04928214285714285,0.0,0.04330416666666665,0.1697166666666666,0.0705166666666666,0.10911249999999995,0.11491249999999995,0.031968750000000004,0.013849999999999975,0.02386875,0.1784125,0.00594999999999995,0.7666666666666667,0.02713,0.016296428571428524,0.27029375,0.3507,0.011205,0.02061,0.3545,0.0056812500000000005,0.0,0.129635,0.052725,0.07237499999999997,0.05931428571428565,0.03605625,0.0328321428571428,0.0344583333333333,0.005225,0.012137499999999924,0.13089062499999998,0.0,0.0,,,,0.048643545342544434,0.0935,0.4254055012151964,8.859118546941778,6.487153980152788,19.75024807883643,232.0,626.15753,1.0,2024-08-13 03:15:00
2024-08-12 21:30:00,18.68488888888889,1.0,0.2996785244444445,0.15932122759521816,0.002391721083419302,0.01282973756198045,0.7731360577777777,1.4693341111111113e-06,5.551494279866667e-11,2.4734007711111115e-10,0.0,2.2692913621153033e-15,2.1726513421318116e-14,3.939380778633113e-13,0.0,9.587791460791193e-17,3.8168551492133334e-12,2.5914790735647464e-12,3.250309920453974e-17,1.0723745719999999e-09,2.2724684340493266e-11,1.9560595333333333e-10,1.5082819022222222e-09,2.831423328030904e-14,3.3686997973594616e-16,0.057,1307.5240000000001,2.067155555555556,0.05715555555555556,2.067155555555556,40.734332,-111.87211,293.5948888888889,55.120000000000005,876.056,120.57906666666668,0.5822222222222223,450839.7777777778,1973.0795555555555,175.3431111111111,19476366.971555557,0.0006252088888888,2.388444444444444e-05,0.0004173511111111,0.0007879555555555,7.265333333333332e-05,0.0015146755555555,0.0027076444444444,0.2869809333333333,8.26967111111111,10.025275111111112,19.427648177777776,0.1675895111111111,1.6356857777777778,6.997971644444444,0.0200094666666666,0.2015258666666666,3.049749511111111,0.0571384,0.2778176444444444,0.1615128888888888,0.1391047555555555,0.4105664444444444,0.0443048444444444,0.0342108,0.2367796444444444,0.0984206666666666,0.0023675555555555,0.0736998222222222,0.3408623111111111,0.0711544444444444,0.0103128444444444,0.0108730666666666,2.8680000000000003,0.2255,0.11786076073780138,0.020499999999999997,0.0005,0.072,0.444,0.21100000000000002,0.056499999999999995,0.008,0.0125,0.04204834872702955,1.314903339308973,0.641,0.27,0.011,0.1275,0.017,0.03640655521005978,0.0235,0.044,0.5820000000000001,0.1765,0.2956769914438324,0.1569758939096474,0.05625486166653589,0.0145,0.015,0.227,0.234,0.0037059183221745166,0.009000000000000001,0.13146840301270415,0.22250000000000003,0.032,0.048,0.08600000000000001,0.0225,0.032,0.22399999999999998,0.010078301562392917,0.006836917995950282,0.05369053026702317,0.013500000000000002,0.0205,0.009500000000000001,0.041180625838286224,0.021082408085322323,0.016,0.028999999999999998,0.0145,0.099,0.009999999999999998,0.0105,0.064,0.0565,0.0350245980277745,0.0005758355555555,0.0024172977777777,0.00723336,0.0012399333333333,0.0010430533333333,0.0533295066666666,12600.0,12659.0,870.6525911111112,31.736791111111113,174.1347377777778,22.427506666666666,1.429431111111111,0.18228,0.005288888888888889,26.06625454222222,22.830372160000003,19.593424786666667,17.271944653333332,14.672988013333335,12.282759137777779,10.06223836888889,8.423634528888888,7.052146057777778,5.980062040000001,5.177199546666667,4.8152644844444445,4.338571368888889,3.637869071111111,2.525625528888889,6.1303712444444445,1.635135751111111,0.5994458577777777,0.4350792311111111,0.11437152444444446,0.10057107111111112,0.05614368,0.05139863555555556,0.04166254666666667,0.03272354222222222,0.029669075555555556,0.025351151111111112,0.02183923111111111,0.021716982222222223,0.019614777777777776,0.024534244444444447,0.020948924444444444,0.012974577777777777,0.00751064,0.007363586666666667,0.01583678222222222,1.311598088888889,19117683.55555556,1907.208355555556,0.662525,0.22037500000000002,0.0,0.043672898267825264,2.1511,0.0282444444444444,0.058089516064130035,0.09031249999999999,0.0443048444444444,0.18975915237268148,0.0,0.0,0.0076444444444444,0.091925,0.3760714285714285,0.0315888888888888,0.0,1.5342713591111112,0.1215583333333333,0.0,0.0494642857142857,0.0,0.0450083333333333,0.1810666666666666,0.0749666666666666,0.1204583333333333,0.1205583333333333,0.0335125,0.01403999999999995,0.0228125,0.195775,0.0069333333333333,0.7858333333333334,0.02624,0.01463571428571425,0.2937375,0.3701,0.01229,0.021699999999999997,0.37263999999999997,0.0037875,0.0,0.13208999999999999,0.05635,0.07472142857142855,0.0622714285714285,0.039125,0.0361071428571428,0.0368833333333333,0.01045,0.01227499999999995,0.13668124999999998,0.0,0.0,,,,0.052016603207185326,0.11199999999999999,0.3910615253091218,9.536582127117548,7.136101468957508,18.41662386050326,172.0,578.97229,1.0,2024-08-13 03:30:00
2024-08-12 21:45:00,15.849333333333334,1.0,0.3445980238095238,0.1591633385812357,0.0024071325539863123,0.012818054906831907,0.7924145165079366,1.5721379555555555e-06,0.0,0.0,0.0,0.0,0.0,0.0,0.0,0.0,0.0,0.0,0.0,0.0,0.0,0.0,0.0,0.0,0.0,0.057,1307.6071111111112,2.2118666666666664,0.05564444444444445,2.2118666666666664,40.73433933333333,-111.87211,293.546,55.72844444444444,876.3511111111111,130.42475555555555,1.4142222222222223,457294.6222222223,1976.3302222222223,216.22222222222223,19548507.520444445,0.0005729066666666,2.7848888888888888e-05,0.000448033015873,0.0006790228571428,6.427460317460317e-05,0.0023475692063492,0.0020509495238095,0.6554743911111112,9.868913333333332,11.839312888888887,20.5033884,0.1698264,2.0508945777777776,7.5110832,0.0193092888888888,0.2344029333333333,3.279762088888889,0.0672103111111111,0.3064386666666667,0.1837846666666666,0.2181101333333333,0.5333891555555555,0.0677843555555555,0.0342108,0.3571402666666666,0.1588112444444444,0.0036626666666666,0.0870102666666666,0.4612959555555555,0.0778981333333333,0.0144475555555555,0.0142137333333333,2.8525,0.20775,0.15274540269296155,0.028249999999999997,0.00075,0.072,0.442,0.20450000000000002,0.05925,0.008,0.01625,0.06096076750788059,1.3685577003090472,0.823,0.3625,0.0115,0.12975,0.020999999999999998,0.04275554110547152,0.03025,0.058499999999999996,0.6735,0.22475,0.3882586986093524,0.21891052237687736,0.07799033210769778,0.018750000000000003,0.02,0.29000000000000004,0.3035,0.0051200078282635526,0.0095,0.1866346520289938,0.28175,0.041999999999999996,0.063,0.11200000000000002,0.02825,0.041,0.2935,0.017344248638370034,0.0067553769939254224,0.078916996528821,0.01725,0.027250000000000003,0.013250000000000001,0.07095010716407112,0.03407724589230188,0.022500000000000003,0.0365,0.017750000000000002,0.135,0.012499999999999999,0.014750000000000001,0.08299999999999999,0.07375000000000001,0.059864930212437134,0.0005886438095238,0.0027074876190476,0.0079703898412698,0.0013605333333333,0.0013810257142857,0.0498018342857142,13500.0,13559.0,870.9388444444445,31.69310222222222,223.36760444444445,28.178728888888887,1.70188,0.17452888888888887,0.0064533333333333335,33.24736422666667,29.153950768888887,25.08336040444444,22.087011533333335,19.012597902222222,15.94904448,13.112138328888888,11.062964022222221,9.289850084444446,7.969387755555556,6.884603493333333,6.225791568888889,5.462098431111111,4.455647808888888,3.0880083333333332,7.377887013333333,1.946742128888889,0.7232688577777778,0.5564103244444444,0.12926432000000002,0.11263638666666667,0.060901222222222225,0.05838788444444445,0.041853093333333334,0.04525508444444445,0.029851191111111113,0.02952062222222222,0.02348336,0.02218328888888889,0.022252106666666667,0.03267362222222222,0.02328614222222222,0.015441177777777778,0.009904946666666666,0.007586786666666666,0.01489604,1.3746717777777775,19205004.0,1910.6759555555557,0.6895125,0.2043875,0.0,0.04819988905041795,2.2078249999999997,0.0282444444444444,0.06249341598442486,0.09209375,0.0677843555555555,0.20466127249155783,0.0,0.0,0.0076444444444444,0.0999125,0.4051714285714285,0.0315888888888888,0.0,1.613225293888889,0.1383958333333333,0.0,0.04964642857142855,0.0,0.04671249999999995,0.1924166666666666,0.07941666666666661,0.13180416666666667,0.12620416666666665,0.03505625,0.014229999999999925,0.021756249999999998,0.2131375,0.00791666666666665,0.805,0.025349999999999998,0.012974999999999976,0.31718125,0.38949999999999996,0.013375000000000001,0.022789999999999998,0.39078,0.0018937499999999996,0.0,0.134545,0.059975,0.07706785714285713,0.06522857142857134,0.04219375,0.0393821428571428,0.039308333333333306,0.015674999999999998,0.012412499999999976,0.142471875,0.0,0.0,,,,0.07428541540490072,0.1305,0.6090392747683963,11.131135814369484,8.495330133799886,15.797811144909044,112.0,537.70691,1.0,2024-08-13 03:45:00
2024-08-12 22:00:00,12.544444444444444,1.0,0.3888680387301587,0.15900544956725327,0.0024225440245533225,0.012806372251683362,0.8173106587301587,1.0630586111111112e-06,0.0,0.0,0.0,0.0,0.0,0.0,0.0,0.0,0.0,0.0,0.0,0.0,0.0,0.0,0.0,0.0,0.0,0.057,1306.9582222222223,28.338933333333333,0.04604444444444444,28.338933333333333,40.73434,-111.87211,293.2313333333333,57.35333333333333,876.4995555555556,136.1252,1.699111111111111,461320.6222222223,1978.2004444444444,245.6,19526904.171555556,0.000564252063492,3.181333333333333e-05,0.0004290873015873,0.0006010009523809,4.499587301587302e-05,0.0060192304761904,0.001726266031746,1.1965888444444448,11.841803555555556,14.359764444444446,20.718011644444445,0.1666474666666667,2.003647377777777,6.874823955555556,0.0195301777777777,0.2376788888888889,3.4187169333333336,0.0716140888888889,0.3463784,0.1913351111111111,0.1986429333333333,0.4703441777777778,0.0680017777777777,0.0342108,0.2776250666666666,0.1339479111111111,0.001436,0.0931574222222222,0.5470368444444446,0.0815738666666666,0.0143402666666666,0.0138623555555555,2.837,0.19,0.183,0.036,0.001,0.072,0.44,0.198,0.062,0.008,0.02,0.074,2.429,1.005,0.455,0.012,0.132,0.025,0.043,0.037,0.073,0.765,0.273,0.36,0.289,0.149,0.023,0.025,0.353,0.373,0.006534097334352588,0.01,0.207,0.341,0.052,0.078,0.138,0.034,0.05,0.363,0.018,0.006673835991900563,0.093,0.021,0.034,0.017,0.084,0.046,0.029,0.044,0.021,0.171,0.015,0.019,0.102,0.091,0.069,0.0005772409523809,0.0030437168253968,0.0082910774603174,0.0013846,0.0016058552380952,0.0482669044444444,14400.0,14459.0,871.1229955555556,31.629720000000002,212.34556444444442,27.017586666666666,1.6312266666666666,0.17452888888888887,0.006182222222222223,31.774574093333335,27.712172742222222,23.95442323111111,21.112698866666666,18.02636712,14.993576293333335,12.461091715555556,10.35905856,8.618114768888889,7.383914435555555,6.334184311111112,5.801678128888889,5.081776631111111,4.350003542222223,2.964626057777778,7.3940742311111105,2.0230091955555554,0.7718339777777777,0.5609425822222222,0.13357252888888888,0.11251296888888888,0.06039008444444445,0.05732694666666667,0.04071051111111111,0.03656588,0.030558813333333334,0.029426111111111108,0.02402236888888889,0.021103368888888887,0.024524519999999998,0.031997066666666664,0.01914794222222222,0.014418168888888888,0.008441,0.009312875555555555,0.01334888,1.3807440444444443,19178744.444444444,1912.3388444444445,0.7165,0.1884,0.0,0.05272687983301064,2.26455,0.0282444444444444,0.06689731590471967,0.093875,0.0680017777777777,0.2195633926104342,0.0,0.0,0.0076444444444444,0.1079,0.4342714285714285,0.0315888888888888,0.0,1.5511636277038725,0.1552333333333333,0.0,0.0498285714285714,0.0,0.0484166666666666,0.2037666666666666,0.0838666666666666,0.14315,0.13185,0.0366,0.0144199999999999,0.0207,0.2305,0.0089,0.8241666666666667,0.02446,0.0113142857142857,0.340625,0.4089,0.01446,0.02388,0.40892,0.0,0.0,0.137,0.0636,0.0794142857142857,0.0681857142857142,0.0452625,0.0426571428571428,0.0417333333333333,0.0209,0.01255,0.1482625,0.0,0.0,,,,0.10787716680672615,0.149,0.9291288401267496,13.098242069240866,10.383863021386396,17.0,127.83334,502.18359,1.0,2024-08-13 04:00:00
2024-08-12 22:15:00,14.265333333333333,1.0,0.3306117688888889,0.15884756055327082,0.0024379554951203327,0.012794689596534816,0.7807568666666667,1.2094686388888888e-06,0.0,0.0,0.0,0.0,0.0,0.0,0.0,0.0,0.0,0.0,0.0,0.0,0.0,0.0,0.0,0.0,0.0,0.057,1307.2853333333333,88.49444444444445,0.04884444444444445,88.49444444444445,40.73434,-111.87211,292.774,57.354222222222226,876.4888888888888,126.65875555555554,1.8946666666666667,456598.6222222222,1973.2844444444445,218.2635555555556,19145178.354222223,0.0006411733333333,3.577777777777778e-05,0.0003289644444444,0.0007041066666666,4.659555555555555e-05,0.0058147688888888,0.0025129733333333,0.9343798755555556,10.426016,12.554280888888888,18.37638890781441,0.1644387268620268,1.709150512065712,5.785989575457876,0.0175117979242979,0.2017427888888888,3.226168661172161,0.0539824455433455,0.29694277060717056,0.1740545614163614,0.1602704653235653,0.4107281652014652,0.056671198046398,0.0342108,0.2327392426129426,0.1101236035409035,0.0018855241758241,0.0776031652014652,0.479758446031746,0.0727943474969474,0.0133929354090354,0.0141170896214896,2.6915,0.18575,0.1272064309662341,0.027749999999999997,0.001,0.072,0.44025000000000003,0.1985,0.05925,0.008,0.01575,0.041413475210513515,1.3393143165127945,0.7834999999999999,0.353,0.011,0.10850000000000001,0.0205,0.03998179301892684,0.028999999999999998,0.056249999999999994,0.64475,0.21300000000000002,0.2957988938479858,0.22840510749466064,0.08132238203333615,0.018,0.01975,0.28925,0.2935,0.005031627234132988,0.00975,0.12961651981829053,0.28025,0.040999999999999995,0.06175,0.10850000000000001,0.027500000000000004,0.03975,0.2825,0.011486351014653604,0.006592294989875704,0.052843699645806354,0.01625,0.026500000000000003,0.013000000000000001,0.046949578107900604,0.023600644739815626,0.02225,0.034499999999999996,0.01675,0.13225,0.01175,0.014499999999999999,0.07974999999999999,0.071,0.0398383429891475,0.0005870977777777,0.0029276044444444,0.0079067466666666,0.0015332,0.0016754977777777,0.04311636,15300.0,15359.0,871.1177955555556,31.62695111111111,183.5003911111111,23.74185333333333,1.5109244444444445,0.18189333333333335,0.005542222222222223,27.529984235555556,24.06149228,20.88613057777778,18.389848457777777,15.533076582222224,12.97974927111111,10.736625395555556,8.831537822222222,7.311774546666666,6.14352988,5.315004435555555,4.807453466666667,4.412040128888889,3.724425684444444,2.5986295644444444,6.525959826666666,1.8578807733333336,0.7087230444444444,0.5026906177777778,0.13015010666666668,0.10773750222222223,0.053181559999999996,0.05142748,0.045359324444444446,0.036047546666666666,0.029203240000000002,0.025995217777777777,0.021050817777777776,0.020858217777777778,0.02298121333333333,0.034068115555555556,0.01805916,0.014727853333333334,0.009471333333333333,0.008953337777777777,0.014511715555555556,1.1535849733333334,18828510.222222224,1908.786,0.5749125,0.14702500000000002,0.0,0.039564826367175975,1.94245,0.0282444444444444,0.054093144437883114,0.08290625,0.056671198046398,0.1762360453330433,0.0,0.0,0.0076444444444444,0.084653125,0.34966428571428565,0.0315888888888888,0.0,1.3098534256036565,0.12067916666666663,0.0,0.037371428571428555,0.0,0.03631249999999995,0.16477499999999995,0.0666916666666666,0.11173333333333332,0.1052375,0.031162500000000003,0.010814999999999925,0.015525,0.18786875,0.006675,0.6928166666666666,0.02264,0.008485714285714275,0.27643125,0.32928999999999997,0.010845,0.01791,0.33041,0.0,0.0,0.11325500000000001,0.047700000000000006,0.05956071428571427,0.05113928571428565,0.033946875,0.0319928571428571,0.03129999999999998,0.015674999999999998,0.0113125,0.137221875,0.0,0.0,,,,0.0776992266784278,0.128,0.7740223661309342,11.68660521041685,9.031043894532864,14.334888179646061,230.33333,471.83539,1.0,2024-08-13 04:15:00
2024-08-12 22:30:00,18.18711111111111,1.0,0.2412014844444444,0.15868967153928837,0.002453366965687343,0.012783006941386272,0.6922235422222223,1.6324033333333332e-06,0.0,0.0,0.0,0.0,0.0,0.0,0.0,0.0,0.0,0.0,0.0,0.0,0.0,0.0,0.0,0.0,0.0,0.057,1308.3546666666666,6.7204444444444436,0.04626666666666667,6.7204444444444436,40.73434,-111.87211,292.8273333333333,55.27155555555556,876.3217777777777,119.86724444444444,1.6142222222222222,449608.13333333336,1959.2982222222224,178.42711111111112,18385102.297333334,0.0006823066666666,4.089777777777778e-05,0.0002445955555555,0.0005704622222222,5.9346666666666665e-05,0.0031929466666666,0.0029202444444444,0.3824349688888889,7.263267111111111,8.826324,14.407524654329002,0.1592566382154882,1.281974717989418,3.9635504681818183,0.0134154897065897,0.1709237828282828,2.645442961255411,0.0370747634680134,0.2412363796296296,0.142455324987975,0.1571723598605098,0.3617428791486291,0.0410527642616642,0.0342108,0.1996804409090909,0.0948953727032227,0.0019711931457431,0.0599680216690716,0.3941976144781145,0.0617027491582491,0.0069339131553631,0.0068842278499278,2.5460000000000003,0.1815,0.12583846965957463,0.0195,0.001,0.072,0.4405,0.199,0.056499999999999995,0.008,0.0115,0.03621890334246513,1.1578332766189199,0.5619999999999999,0.251,0.01,0.085,0.016,0.030973840964476015,0.020999999999999998,0.0395,0.5245,0.15300000000000002,0.25887460380638105,0.18440429411675194,0.06588064286041706,0.013,0.0145,0.22549999999999998,0.214,0.0035291571339133867,0.0095,0.11446430430707737,0.21950000000000003,0.03,0.0455,0.07900000000000001,0.021,0.029500000000000002,0.20199999999999999,0.00965415262545278,0.006510753987850845,0.04591488247586897,0.0115,0.019000000000000003,0.009000000000000001,0.039442835330654034,0.020323835722503587,0.0155,0.024999999999999998,0.0125,0.0935,0.0085,0.01,0.057499999999999996,0.051,0.03357454611035841,0.0005839644444444,0.0027644888888888,0.0076652088888888,0.0016908755555555,0.0018021066666666,0.0433344355555555,16200.0,16259.0,871.0116355555557,31.60510222222222,166.1510088888889,21.120271111111112,1.3212755555555555,0.17741777777777779,0.004755555555555555,24.87822376888889,21.920141924444447,18.984349360000003,16.761506484444443,14.33126740888889,11.744492422222221,9.7293934,7.999059071111111,6.629555777777778,5.611139102222222,4.802618555555555,4.365770031111111,3.964562813333333,3.3801333600000003,2.3290527155555556,5.7044445688888885,1.5415875644444443,0.5586025911111111,0.37908781333333336,0.10274048444444445,0.08137098666666667,0.04767276,0.04560809777777777,0.041529786666666665,0.03179659111111111,0.023180315555555556,0.019584368888888887,0.017628017777777776,0.016203826666666667,0.02212958222222222,0.028062097777777777,0.018165995555555554,0.012494208888888888,0.008160724444444444,0.006867524444444444,0.012762586666666666,0.9214859022222224,18112889.333333336,1897.0571555555557,0.433325,0.10565000000000001,0.0,0.026402772901341316,1.62035,0.0282444444444444,0.04128897297104655,0.0719375,0.0410527642616642,0.13290869805565236,0.0,0.0,0.0076444444444444,0.061406249999999996,0.26505714285714277,0.0315888888888888,0.0,1.1802481767733333,0.08612499999999995,0.0,0.0249142857142857,0.0,0.0242083333333333,0.1257833333333333,0.0495166666666666,0.08031666666666665,0.078625,0.025725,0.00720999999999995,0.01035,0.14523750000000002,0.00445,0.5614666666666667,0.020819999999999998,0.00565714285714285,0.2122375,0.24967999999999999,0.00723,0.01194,0.25189999999999996,0.0,0.0,0.08951,0.0318,0.03970714285714285,0.0340928571428571,0.02263125,0.0213285714285714,0.02086666666666665,0.01045,0.010075,0.12618125,0.0,0.0,,,,0.061878580395261416,0.107,0.4475261799943978,8.533128624723645,6.237747124891317,17.95689498253061,332.83334,445.82321,1.0,2024-08-13 04:30:00
2024-08-12 22:45:00,21.68488888888889,1.0,0.1676216815873016,0.15853178252530592,0.002468778436254353,0.012771324286237727,0.5942470955555555,6.071315000000001e-07,0.0,0.0,0.0,0.0,0.0,0.0,0.0,0.0,0.0,0.0,0.0,0.0,0.0,0.0,0.0,0.0,0.0,0.057,1308.48,2.3551555555555557,0.04364444444444445,2.3551555555555557,40.73434,-111.87211,293.2486666666666,51.727999999999994,875.8208888888889,116.5252,1.7551111111111113,443063.2444444445,1948.039555555556,140.6857777777778,17494633.499555554,0.0006367561904761,4.304920634920635e-05,0.0001903088888888,0.0002876911111111,6.364063492063491e-05,0.0018586371428571,0.0015249831746031,0.4682877333333333,4.736812888888889,6.126424444444445,11.728893892984791,0.1549553371720871,0.9566942816775816,2.909567401768602,0.0093809452140452,0.1264012273097273,2.316635651737152,0.0289473907943907,0.1822680861952862,0.10746659008214,0.1111686395937396,0.320407170954971,0.0242091376327376,0.0342108,0.1821423648314648,0.074566734006734,0.0012699022681022,0.0461684772375772,0.3230943589373589,0.0463709565212565,0.0052586662374662,0.0045537445887445,2.4005,0.17725,0.10552563330271816,0.011250000000000003,0.001,0.072,0.44075,0.1995,0.05375,0.008,0.0072499999999999995,0.03346312297786968,1.0162899075454526,0.3405,0.14899999999999997,0.009000000000000001,0.0615,0.0115,0.02099964911360836,0.012999999999999998,0.022750000000000006,0.40425,0.093,0.22771643772419264,0.14783848449568177,0.0530481597432148,0.008,0.009250000000000001,0.16174999999999998,0.1345,0.0020266870336937857,0.00925,0.10642587899569406,0.15875,0.018999999999999996,0.029249999999999998,0.0495,0.014499999999999999,0.019250000000000003,0.1215,0.007208294044021891,0.006429212985825985,0.042239064950995844,0.006749999999999999,0.0115,0.005000000000000001,0.029421851059222924,0.015949521509620434,0.008749999999999997,0.0155,0.00825,0.05474999999999999,0.0052499999999999995,0.005500000000000001,0.03524999999999999,0.031,0.025212808954258828,0.0004781361904761,0.0019491126984126,0.0070518507936507,0.001240753015873,0.0016947279365079,0.0450030187301587,17100.0,17159.0,870.532288888889,31.571733333333334,134.20353777777777,16.84309777777778,1.0232933333333334,0.17104,0.003751111111111111,20.102987675555553,17.68198164,15.319020204444445,13.565353724444444,11.538482462222222,9.53986661777778,7.911367337777778,6.540479422222222,5.3346972133333335,4.480269506666667,3.9397550088888886,3.6130260044444444,3.1909773244444444,2.76180856,1.8988167777777778,4.5287384755555555,1.1807254,0.3875253111111111,0.2850733733333334,0.07524581333333334,0.05580648,0.037206373333333334,0.03125416,0.032960404444444445,0.02523949333333333,0.02047590666666667,0.01859895111111111,0.01514984,0.012984573333333332,0.016947324444444446,0.01685176888888889,0.014307191111111112,0.009400648888888889,0.0053192,0.006381715555555555,0.008545644444444445,0.4941190666666666,17225647.555555556,1887.909422222222,0.2917375,0.064275,0.0,0.013240719435506657,1.29825,0.0282444444444444,0.028484801504209983,0.06096875,0.0242091376327376,0.08958135077826146,0.0,0.0,0.0076444444444444,0.038159374999999995,0.18044999999999994,0.0315888888888888,0.0,0.920104979751111,0.051570833333333274,0.0,0.012457142857142847,0.0,0.012104166666666652,0.08679166666666666,0.032341666666666595,0.04889999999999997,0.0520125,0.0202875,0.0036049999999999745,0.005174999999999999,0.10260625000000001,0.0022249999999999995,0.43011666666666665,0.019,0.002828571428571425,0.14804374999999997,0.17007,0.003615,0.00597,0.17338999999999993,0.0,0.0,0.065765,0.015899999999999997,0.01985357142857143,0.017046428571428546,0.011315624999999996,0.010664285714285703,0.010433333333333322,0.0052250000000000005,0.0088375,0.115140625,0.0,0.0,,,,0.048731215706703274,0.086,0.49831132144931833,6.014081266081635,4.214756802935704,21.18731129471345,435.33334,423.26907,1.0,2024-08-13 04:45:00
2024-08-12 23:00:00,24.424444444444443,1.0,0.1049860977777777,0.15837389351132344,0.002484189906821363,0.012759641631089183,0.4998451673015873,8.028007031746032e-07,0.0,0.0,0.0,0.0,0.0,0.0,0.0,0.0,0.0,0.0,0.0,0.0,0.0,0.0,0.0,0.0,0.0,0.057,1308.2044444444443,2.4583111111111107,0.042711111111111116,2.4583111111111107,40.73434,-111.87211,293.44111111111107,49.31022222222222,875.3617777777778,114.29511111111111,2.016888888888889,437799.1111111111,1940.4671111111115,108.42044444444444,16894369.574222222,0.0006302187301587,3.752063492063492e-05,0.0001755752380952,0.0001873165079365,5.926761904761905e-05,0.0011540806349206,0.0012208136507936,0.3152833571410072,3.093600877215378,4.206788151589152,10.071398355555557,0.1482753333333333,0.6119260000000001,1.712779422222222,0.0071688888888888,0.0854699555555555,2.104469422222222,0.0235013333333333,0.1336925777777778,0.0819470222222222,0.0384934222222222,0.1398907111111111,0.0160913777777777,0.0342108,0.0725310222222222,0.0242802222222222,0.0013161624824557466,0.0329513333333333,0.2818699111111111,0.0308570222222222,0.002526,0.0024023555555555,2.255,0.173,0.027,0.003,0.001,0.072,0.441,0.2,0.051,0.008,0.003,0.009,0.868,0.119,0.047,0.008,0.038,0.007,0.028,0.005,0.006,0.284,0.033,0.057,0.08,0.065,0.003,0.004,0.098,0.055,0.0005242169334741853,0.009,0.034,0.098,0.008,0.013,0.02,0.008,0.009,0.041,0.001,0.0063476719838011265,0.01,0.002,0.004,0.001,0.007,0.007,0.002,0.006,0.004,0.016,0.002,0.001,0.013,0.011,0.006,0.0004032755555555,0.0012748438095238,0.0060564692063492,0.0008844479365079,0.0014822526984126,0.0493794206349206,18000.0,18059.0,870.0450400000001,31.636142222222226,111.41792444444444,13.907946666666668,0.8474711111111112,0.16995555555555555,0.0030266666666666667,16.518159355555557,14.619941346666668,12.683339942222224,11.267089182222223,9.567065871111112,7.987530457777778,6.583837448888889,5.476174151111111,4.511909626666666,3.7932757999999995,3.32156576,2.9682279555555553,2.6972242577777776,2.295360328888889,1.5741232222222223,3.7891495377777775,0.9711855866666667,0.2976200488888889,0.19329496444444444,0.049992595555555554,0.04250580444444444,0.02393476,0.026426302222222222,0.023579604444444447,0.01835873777777778,0.014773444444444445,0.01158202222222222,0.012469199999999998,0.00900551111111111,0.013196208888888889,0.013859386666666666,0.012596875555555555,0.012228737777777778,0.0043430088888888885,0.008154217777777778,0.004901084444444444,0.5058007422222223,16633882.222222222,1881.6944888888888,0.15015,0.0229,0.0,7.866596967199407e-05,0.97615,0.0282444444444444,0.01568063003737342,0.05,0.0160913777777777,0.046254003500870555,0.0,0.0,0.0076444444444444,0.0149125,0.0958428571428571,0.0315888888888888,0.0,0.7451146406969845,0.0170166666666666,0.0,0.0,0.0,0.0,0.0478,0.0151666666666666,0.0174833333333333,0.0254,0.01485,0.0,0.0,0.059975,0.0,0.2987666666666667,0.01718,0.0,0.08385,0.09046,0.0,0.0,0.0948799999999999,0.0,0.0,0.04202,0.0,0.0,0.0,0.0,0.0,0.0,0.0,0.0076,0.1041,0.0,0.0,,,,0.024649571471214674,0.065,0.4078034742246973,4.375686696614982,2.7764049079068074,28.0,486.5,403.64258,1.0,2024-08-13 05:00:00
2024-08-12 23:15:00,24.983555555555554,1.0,0.0811097653968253,0.158216004497341,0.0024996013773883733,0.012747958975940638,0.4259161438095238,1.6514447328042326e-06,0.0,0.0,0.0,0.0,0.0,0.0,0.0,0.0,0.0,0.0,0.0,0.0,0.0,0.0,0.0,0.0,0.0,0.057,1307.98,2.300088888888889,0.046400000000000004,2.300088888888889,40.73434,-111.87211,293.70377777777776,48.07511111111111,875.216,126.83604444444444,1.9102222222222223,436188.9333333333,1939.124,108.0702222222222,16772111.758666666,0.0006853771428571,2.5506031746031747e-05,0.000160619047619,0.000188479047619,5.9931428571428576e-05,0.0008707714285714,0.0014238098412698,0.1888698172860473,2.694797752506753,3.4312093041033047,9.147280666666669,0.1455685333333333,0.5108913777777777,1.3081552,0.0068650666666666,0.0720055111111111,1.9145249777777775,0.0183002222222222,0.11753257777777779,0.0736822666666666,0.0397973777777777,0.1393832444444444,0.0141655555555555,0.0342108,0.0596537333333333,0.0222334222222222,0.0013624226968092933,0.0273802666666666,0.2791425333333333,0.0284409333333333,0.0024991555555555,0.0013727555555555,2.07875,0.1475,0.07401181760600833,0.00425,0.0009583333333333334,0.072,0.44025000000000003,0.20025,0.0515,0.008,0.0032500000000000003,0.014216327373000343,0.9062283573697627,0.11449999999999999,0.051000000000000004,0.00675,0.03075,0.006,0.011368797235008542,0.00525,0.0072499999999999995,0.27149999999999996,0.03325,0.09126362698148915,0.1252356644797391,0.045115877940582125,0.003,0.004,0.091,0.0605,0.0006125975276047501,0.008499999999999999,0.05028427535381068,0.095,0.008,0.012499999999999999,0.021,0.00725,0.008499999999999999,0.0445,0.0009117642254779922,0.006266130981776267,0.016566587749636687,0.0022500000000000003,0.00425,0.001,0.003624191801543439,0.004688445302595499,0.002,0.00575,0.004,0.017750000000000002,0.0022500000000000003,0.001,0.014249999999999999,0.01175,0.003686655423580882,0.0004091787301587,0.0010750295238095,0.0056183457142857,0.000831086031746,0.0015018311111111,0.0553207603174603,18900.0,18959.0,869.7961022222222,31.643706666666667,110.8393511111111,13.71664,0.8181777777777778,0.16610222222222223,0.003,16.39181711111111,14.487311835555555,12.66697664888889,11.19719796888889,9.64031944,7.966122448888888,6.563128297777778,5.453201342222223,4.5467672666666665,3.763564666666667,3.2924923422222223,3.0154473022222223,2.690610151111111,2.2500778977777776,1.5589390044444442,3.6669334355555554,0.9363410622222222,0.28591067555555555,0.1838549022222222,0.047121222222222224,0.04155035555555555,0.023108413333333334,0.01955572888888889,0.02103624888888889,0.017398404444444446,0.014109764444444445,0.011063968888888888,0.013237186666666668,0.010637879999999999,0.009434462222222223,0.015629706666666666,0.011577946666666667,0.010544768888888889,0.004513951111111111,0.005663866666666667,0.00612944,0.4877319111111111,16491892.0,1880.7963111111112,0.14902500000000002,0.0266625,0.0,0.0009348383795855101,1.0005249999999999,0.0282444444444444,0.01651352274443949,0.05081875,0.0141655555555555,0.04907238434318627,0.0,0.0,0.0076444444444444,0.016365625,0.10134642857142853,0.0315888888888888,0.0,0.6810539940337962,0.012762499999999951,0.0,0.0,0.0,0.0,0.046508333333333325,0.015795833333333273,0.019054166666666622,0.02649166666666665,0.01571875,0.0,0.0,0.060075,0.0,0.2899166666666667,0.01728,0.0,0.08625624999999999,0.08680499999999997,0.0,0.0,0.10120499999999992,0.0,0.0,0.03486,0.0,0.00643214285714285,0.0,0.00501875,0.0,0.001425,0.0,0.008033333333333325,0.101778125,0.0,0.0,,,,0.040604292747278246,0.051500000000000004,0.33302510750703945,3.978052752140891,2.195276436238716,24.23383605570723,479.0,387.34421,1.0,2024-08-13 05:15:00
2024-08-12 23:30:00,26.916444444444444,1.0,0.101669753015873,0.15805811548335855,0.0025150128479553835,0.012736276320792092,0.4827274987301587,1.8285186907407409e-06,0.0,0.0,0.0,0.0,0.0,0.0,0.0,0.0,0.0,0.0,0.0,0.0,0.0,0.0,0.0,0.0,0.0,0.057,1308.4995555555554,2.2974666666666663,0.04755555555555556,2.2974666666666663,40.73434,-111.87211,294.3264444444444,47.192,876.1191111111111,186.14942222222223,1.787111111111111,434680.48888888885,1943.412,110.08311111111112,17022675.574222222,0.0007525914285714,1.0516190476190478e-05,0.0003093082539682,0.0003235838095238,7.479301587301587e-05,0.0014057666666666,0.0029496066666666,0.0560095022222222,2.948932444444444,3.5191368888888888,8.318731911111112,0.1494278666666666,0.5592163111111111,1.5119671111111113,0.0079662666666666,0.0748326666666666,1.9231618666666668,0.0166725777777777,0.10192084444444444,0.0745075111111111,0.0317611111111111,0.1456068444444444,0.0144106666666666,0.0342108,0.0760263111111111,0.0286305777777777,0.00140868291116284,0.0254260888888888,0.2302938222222222,0.0291155555555555,0.0046034666666666,0.0022590222222222,1.9024999999999999,0.122,0.07046342263330933,0.0055,0.0009166666666666666,0.072,0.4395,0.2005,0.052,0.008,0.0035,0.01678897149645536,0.962187859525077,0.11,0.055,0.0055,0.0235,0.005,0.011604048564755236,0.0055,0.0085,0.259,0.0335,0.09595487265993768,0.10011455494489205,0.036299822249979886,0.003,0.004,0.084,0.066,0.0007009781217353149,0.008,0.05778850461128207,0.092,0.008,0.012,0.022,0.006500000000000001,0.008,0.048,0.0016814437916265253,0.0061845899797514075,0.019998127677763745,0.0025,0.0045000000000000005,0.001,0.006777663913534518,0.006064984523272596,0.002,0.0055,0.004,0.0195,0.0025,0.001,0.0155,0.0125,0.006317984264674246,0.0005050444444444,0.0010739479365079,0.0058448958730158,0.0009734917460317,0.0012902831746031,0.064033339047619,19800.0,19859.0,870.6126444444445,31.593577777777778,108.70102222222222,13.564742222222224,0.817151111111111,0.1673422222222222,0.003,15.898109795555554,14.117686951111112,12.306029008888888,10.880939355555556,9.438957284444445,7.877692471111112,6.487156182222222,5.3918850888888885,4.409828151111111,3.7550864444444443,3.2925552266666664,2.9588783733333335,2.639474511111111,2.271925355555555,1.54873996,3.691027,0.9456022133333334,0.3007703688888889,0.19900129333333333,0.050698266666666665,0.04117152444444445,0.02683276888888889,0.02061024888888889,0.02276851111111111,0.015919328888888886,0.013951324444444444,0.010834995555555555,0.01251867111111111,0.01192563111111111,0.011192053333333334,0.015142551111111112,0.013208124444444445,0.006701364444444444,0.004118848888888889,0.005425342222222223,0.006699640000000001,0.5668923466666667,16719134.666666664,1884.412888888889,0.1479,0.030425,0.0,0.001791010789499026,1.0249,0.0282444444444444,0.017346415451505556,0.0516375,0.0144106666666666,0.05189076518550199,0.0,0.0,0.0076444444444444,0.01781875,0.10684999999999995,0.0315888888888888,0.0,0.8059230956222223,0.0085083333333333,0.0,0.0,0.0,0.0,0.045216666666666655,0.01642499999999995,0.02062499999999995,0.0275833333333333,0.0165875,0.0,0.0,0.060175,0.0,0.2810666666666667,0.01738,0.0,0.0886625,0.08314999999999995,0.0,0.0,0.10752999999999995,0.0,0.0,0.027700000000000002,0.0,0.0128642857142857,0.0,0.0100375,0.0,0.00285,0.0,0.00846666666666665,0.09945625,0.0,0.0,,,,0.03157190998703067,0.038,0.2544332306126399,4.231442391594502,2.261159129055252,26.018979707763542,471.5,387.01031,1.0,2024-08-13 05:30:00
2024-08-12 23:45:00,33.17022222222222,1.0,0.0773975495238095,0.1579002264693761,0.002530424318522394,0.012724593665643548,0.4620517679365079,1.9679311482154883e-06,0.0,0.0,0.0,0.0,0.0,0.0,0.0,0.0,0.0,0.0,0.0,0.0,0.0,0.0,0.0,0.0,0.0,0.057,1309.1173333333334,2.0116,0.0444,2.0116,40.734338844444444,-111.87211,294.37177777777777,48.58622222222222,876.5142222222222,175.782,2.570666666666667,430128.26666666666,1941.464888888889,105.77377777777777,17661280.744,0.0007983161904761,1.1643386243386245e-05,0.0003661488888888,0.0003378895238095,8.628253968253969e-05,0.0016915517460317,0.0032790834920634,0.0520178355555555,1.975904,2.475431555555556,5.792371822222222,0.1510365777777777,0.4903727111111111,1.262514,0.0075046666666666,0.0555145777777777,1.7266618666666669,0.0131892444444444,0.04706275555555555,0.0565862666666666,0.0048974666666666,0.1083246666666666,0.0121860888888888,0.0342108,0.0631751555555555,0.0223974222222222,0.0014549431255163866,0.0196315111111111,0.1104178222222222,0.0219114222222222,0.0070606666666666,0.0016118666666666,1.72625,0.09649999999999999,0.05860184251795212,0.00675,0.000875,0.072,0.43875,0.20075,0.0525,0.008,0.00375,0.014769652958571845,0.9095677862032261,0.10550000000000001,0.059,0.00425,0.01625,0.004,0.0064952633864327185,0.00575,0.00975,0.2465,0.03375,0.06785219006736273,0.038466702665851046,0.01466499365516263,0.003,0.004,0.07700000000000001,0.07150000000000001,0.0007893587158658796,0.0075,0.051898288738054715,0.089,0.008,0.0115,0.023,0.00575,0.0075,0.051500000000000004,0.0009314960340532483,0.006103048977726549,0.017304645074717816,0.00275,0.00475,0.001,0.003705035454925824,0.00472373480434835,0.002,0.00525,0.004,0.021249999999999998,0.00275,0.001,0.016749999999999998,0.01325,0.0037541132063706956,0.0006150768253968,0.0010596104761904,0.0061685869841269,0.0010919695238095,0.0007024209523809,0.0644080726984127,20700.0,20759.0,871.1560133333334,31.644915555555556,91.30112444444445,12.109128888888888,0.8139911111111111,0.18367999999999998,0.003,12.886890288888889,11.472981253333334,9.934040942222223,8.837794573333333,7.650822964444444,6.472931853333334,5.377765466666667,4.522890484444445,3.785603471111111,3.2837664888888884,2.8966960044444443,2.7003413022222222,2.491855146666667,2.1761746177777774,1.50058948,3.5811394622222226,0.9214250933333333,0.2922421688888889,0.1939640711111111,0.05375532444444445,0.044776395555555557,0.031929893333333334,0.023286226666666666,0.02140073333333333,0.01808544,0.015818755555555557,0.0134398,0.013956568888888889,0.014131568888888888,0.013293355555555556,0.014902791111111112,0.013959004444444445,0.010195964444444445,0.005390453333333334,0.005792920000000001,0.007108244444444444,0.4995489377777777,17331976.000000004,1881.0121333333327,0.146775,0.034187499999999996,0.0,0.002647183199412542,1.049275,0.0282444444444444,0.018179308158571623,0.05245625,0.0121860888888888,0.05470914602781771,0.0,0.0,0.0076444444444444,0.019271875,0.11235357142857137,0.0315888888888888,0.0,0.7885188933866666,0.004254166666666649,0.0,0.0,0.0,0.0,0.04392499999999998,0.017054166666666627,0.022195833333333276,0.02867499999999995,0.01745625,0.0,0.0,0.060274999999999995,0.0,0.27221666666666666,0.01748,0.0,0.09106875,0.07949499999999993,0.0,0.0,0.11385499999999997,0.0,0.0,0.02054,0.0,0.019296428571428548,0.0,0.01505625,0.0,0.004275,0.0,0.008899999999999974,0.097134375,0.0,0.0,,,,0.009406209170389184,0.024499999999999994,0.25207200954283104,3.2612665968772028,1.479127892388624,31.794734209507475,464.0,386.67645,1.0,2024-08-13 05:45:00
