time_local,O3_ppbv,File_Index,HONO_CIMS,PAN_CIMS,APAN_CIMS,PPN_CIMS,HCOOH_CIMS,jNO2_meas,jBrCl,jBr2,jCCl4,jCH2Oa,jCH2Ob,jClNO2,jClOa,jClOb,jCl2,jHNO2,jHNO3,jI2,jNO2,jNO3a,jNO3b,jN2O5,jO3,AOD,Altitude_m,Course_deg,GndSpd_ms,Heading_deg,Lat,Lon,Temp_K,RH_percent,Pressure_mb,WindDir_deg,WindSpd_ms,CO2_Piccaro,CH4_Piccaro,CO_Piccaro,H2O_Piccaro,Br2_CIMS,BrO_CIMS,Cl2_CIMS,ClNO2_CIMS,BrCl_CIMS,NCl3_CIMS,N2O5_CIMS,NO_LIF,NO2_LIF,NOy_LIF,Methanol_PTR,Acetonitrile_PTR,Acetaldehyde_PTR,Ethanol_PTR,Methanethiol_PTR,Acrolein_PTR,Acetone_Propanal_PTR,DMS_PTR,Isoprene_PTR,MVK_MACR_PTR,Benzene_PTR,Toluene_PTR,Styrene_PTR,Benzaldehyde_PTR,C8Aromatics_PTR,C9Aromatics_PTR,Naphthalene_PTR,Octanal_PTR,Monoterpenes_PTR,Nonanal_PTR,C7H4ClF3_PTR,D5_siloxane_PTR,Acetone_WAS,Acrolein_WAS,Benzene_WAS,C2Cl4_WAS,C2HCl3_WAS,CCl4_WAS,CF2Cl2_WAS,CFCl3_WAS,CH2Cl2_WAS,CH3Br_WAS,CycloPentane_WAS,Ethyl_WAS,Ethane_WAS,Ethene_WAS,Ethyne_WAS,Furan_WAS,Isoprene_WAS,Limonene_WAS,MACR_WAS,MethylCycloHexane_WAS,MethylCycloPentane_WAS,Propane_WAS,Propene_WAS,Toluene_WAS,Alpha_Pinene_WAS,Beta_Pinene_WAS,c2Butene_WAS,c2Pentene_WAS,iButane_WAS,iPentane_WAS,iPropylBenzene_WAS,iPropylONO2_WAS,m_p_Xylene_WAS,nButane_WAS,nDecane_WAS,nHeptane_WAS,nHexane_WAS,nNonane_WAS,nOctane_WAS,nPentane_WAS,nPropylBenzene_WAS,nPropylONO2_WAS,o_Xylene_WAS,t2Butene_WAS,t2Pentene_WAS,x123_TriMethylBenzene_WAS,x124_TriMethylBenzene_WAS,x135_TriMethylBenzene_WAS,x13_Butadiene_WAS,x1_Butene_WAS,x1_Pentene_WAS,x224_TriMethylPentane_WAS,x22_DiMethylButane_WAS,x2_EthylToluene_WAS,x2_MethylPentane_WAS,x3_MethylPentane_WAS,x3_x4_EthylToluene_WAS,C4H7NO5_CIMS,ISOPN_CIMS,C5H10O3_CIMS,C5H9NO5_CIMS,C10H17NO4_CIMS,HNO3_CIMS,Time_Start_POPS,Time_Stop_POPS,Press_mb_POPS,Temp_C_POPS,Aerosol_conc_POPS,Surface_area_conc_POPS,Volume_density_POPS,Effective_radius_POPS,Extinction_POPS,Particle_conc_bin01_POPS,Particle_conc_bin02_POPS,Particle_conc_bin03_POPS,Particle_conc_bin04_POPS,Particle_conc_bin05_POPS,Particle_conc_bin06_POPS,Particle_conc_bin07_POPS,Particle_conc_bin08_POPS,Particle_conc_bin09_POPS,Particle_conc_bin10_POPS,Particle_conc_bin11_POPS,Particle_conc_bin12_POPS,Particle_conc_bin13_POPS,Particle_conc_bin14_POPS,Particle_conc_bin15_POPS,Particle_conc_bin16_POPS,Particle_conc_bin17_POPS,Particle_conc_bin18_POPS,Particle_conc_bin19_POPS,Particle_conc_bin20_POPS,Particle_conc_bin21_POPS,Particle_conc_bin22_POPS,Particle_conc_bin23_POPS,Particle_conc_bin24_POPS,Particle_conc_bin25_POPS,Particle_conc_bin26_POPS,Particle_conc_bin27_POPS,Particle_conc_bin28_POPS,Particle_conc_bin29_POPS,Particle_conc_bin30_POPS,Particle_conc_bin31_POPS,Particle_conc_bin32_POPS,Particle_conc_bin33_POPS,Particle_conc_bin34_POPS,Particle_conc_bin35_POPS,Particle_conc_bin36_POPS,HCHO_CRDS,H2O_CRDS,CH4_CRDS,Ethylene,Acetylene,nDecane,Ethylbenzene,Ethane,mpEthyltoluene,oXylene,buta13diene,Styrene,mpXylene,x135_Trimethylbenzene,nPropylbenzene,oEthyltoluene,x224_Trimethylpentane,Toluene,x124_Trimethylbenzene,Isopropylbenzene,Formaldehyde,Benzene,x123_Trimethylbenzene,nHeptane,nNonane,Methylcyclopentane,Propylene,x3_Methylpentane,nHexane,x2_Methylpentane,But1ene,Cyclopentane,nOctane,Isobutane,x22_Dimethylbutane,Propane,Pent1ene,Methylcyclohexane,nButane,nPentane,cis2Pentene,trans2Pentene,Isopentane,cis2Butene,trans2Butene,Isoprene,x23_Dimethylpentane,x3_Methylhexane,x2_Methylhexane,x234_Trimethylpentane,x24_Dimethylpentane,x23_Dimethylbutane,Cyclohexane,Hex1ene,x3_Methylheptane,nUndecane,pDiethylbenzene,mDiethylbenzene,nDodecane,x2_Methylheptane,Alphapinene,Betapinene,NO,NO2,NOy,O3,BLH_Nell_m,BLH_Nell_m_smoothed,jNO2_ratio,time_UTC
2024-07-26 00:00:00,51.71955555555555,1.0,0.304201006984127,0.2953030569945684,0.004454493686411535,0.029892650373929547,2.639797056825397,1.1507100000000001e-06,0.0,0.0,0.0,0.0,0.0,0.0,0.0,0.0,0.0,0.0,0.0,0.0,0.0,0.0,0.0,0.0,0.0,0.141,1309.2262222222223,145.7118222222222,0.04351111111111112,145.7118222222222,40.73433831111111,-111.87211,294.6597777777778,48.976,878.8417777777778,108.39724444444444,1.3013333333333332,431576.4,1956.8457777777776,119.80622222222222,19251523.797777776,0.0008185384126984,7.234444444444445e-05,0.0004603415873015,0.0002732993650793,0.000122412063492,0.0016021336507936,0.0053787307936507,0.0410021911111111,0.9776423111111112,2.3031128888888883,16.34511061589337,0.3028522872756872,1.9783387166037665,2.903811074116624,0.0161636259684759,0.3174350178710178,5.286982665815667,0.1126458587579087,0.3178058702316202,0.2675955154345654,0.0482732221944722,0.1743569921411921,0.0169852594146594,0.042284716058016,0.1011770067229067,0.0512289386150886,0.0012309066666666298,0.1674276465219965,0.1982318115958116,0.1366460864431864,0.004167717031117,0.0025902992895992,3.851,0.129,0.031,0.002,0.0013333333333333333,0.072,0.435,0.187,0.075,0.008,0.003,0.009,0.944,0.071,0.058,0.01,0.011,0.005,0.028,0.007,0.011,0.292,0.027,0.071,0.05,0.026,0.003,0.004,0.047,0.061,0.0005242169334741853,0.007,0.038,0.086,0.011,0.021,0.028,0.01,0.014,0.058,0.001,0.004007169325233897,0.011,0.003,0.004,0.002,0.007,0.005,0.006,0.009,0.008,0.021,0.002,0.001,0.014,0.01,0.006,0.0015306577777777,0.0012021498412698,0.0207422009523809,0.0027334336507936,0.000268525079365,0.0677399546031746,21600.0,21659.0,874.3743733333333,34.61834666666667,154.1300711111111,31.902444444444445,3.870386666666667,0.3431955555555556,0.011564444444444443,14.075756346666667,12.981304746666666,12.063668604444445,11.426626604444444,10.547427586666666,9.695312222222222,8.749775124444445,8.099152133333334,7.353164595555556,6.873728986666666,6.515592768888889,6.543467888888888,6.3701880088888885,6.037473133333333,4.965316844444445,14.607710484444445,4.193496555555556,1.0658389866666667,0.5896246444444445,0.13775802666666664,0.1318865688888889,0.09080559555555556,0.08413145777777778,0.06836835111111111,0.06889799999999999,0.0642043511111111,0.05919601333333333,0.06078434666666666,0.05969706222222222,0.09034111555555556,0.10541785333333334,0.08077075111111111,0.07811961777777779,0.05003828444444445,0.05823446222222222,0.08687183555555555,1.3835147960119143,18984318.24731163,1905.7496900353603,0.26585,0.08805,0.0,0.009510452362074238,1.2097,0.0282444444444444,0.024855962026441275,0.05975,0.0169852594146594,0.07730191601167628,0.0,0.0,0.0076444444444444,0.0,0.1564714285714285,0.0315888888888888,0.0,1.5121632356481198,0.0304166666666666,0.0,0.0344285714285714,0.0,0.0,0.1351333333333333,0.0334333333333333,0.0393333333333333,0.0545833333333333,0.04055,0.0503,0.0128375,0.06115,0.0,0.4635666666666667,0.03652,0.0,0.13545,0.18418,0.0,0.0131,0.17496,0.0,0.0,0.01102,0.0,0.0,0.0227571428571428,0.014525,0.0,0.0138,0.0,0.0240166666666666,0.0,0.0,0.0,,,,0.01270302668621303,0.026,0.0,4.6,3.7,45.0,423.83334,552.75415,1.0,2024-07-26 06:00:00
2024-07-26 00:15:00,51.81111111111111,1.0,0.3799369247619047,0.29509646181766075,0.004462290469337871,0.029451325786854818,2.298507798095238,1.31768e-06,0.0,0.0,0.0,0.0,0.0,0.0,0.0,0.0,0.0,0.0,0.0,0.0,0.0,0.0,0.0,0.0,0.0,0.141,1308.3600000000001,155.26382222222222,0.04262222222222222,155.26382222222222,40.73433835555556,-111.87211,295.38866666666667,45.41733333333333,879.08,107.80862222222223,0.9435555555555555,431776.3555555556,1954.92,119.09466666666668,18398025.677333336,0.0007969828571428,7.803714285714286e-05,0.0004916698412698,0.0002926926984126,0.0001358352380952,0.001924858095238,0.0047385222222222,0.0404390977777777,0.9993082666666668,2.490117777777777,15.194320641269842,0.2812794476190476,1.723791688888889,2.298913292063492,0.012976765079365,0.2749107047619047,4.735503920634921,0.0890182253968254,0.2365035873015873,0.2302007333333333,0.0259692857142857,0.1373921079365079,0.0134795555555555,0.0191674349206349,0.0787300222222222,0.0377153809523809,0.00100611555555552,0.1296558539682539,0.1717224825396825,0.1123204158730158,0.0039876031746031,0.0018515047619047,4.30825,0.15875,0.06790605551580296,0.0032500000000000003,0.0015,0.07225,0.44225000000000003,0.20350000000000001,0.078,0.00825,0.06325,0.01721380908745223,1.0415,0.12075,0.09075,0.01375,0.013999999999999999,0.00475,0.05598730713365076,0.014249999999999999,0.022,0.44975,0.04825,0.08976274155535989,0.06999345233440504,0.02572905833893377,0.00475,0.006500000000000001,0.0705,0.13824999999999998,0.0013931627001056391,0.00725,0.05902772718815011,0.1335,0.01625,0.03375,0.05450000000000001,0.0165,0.024,0.11699999999999999,0.0027744901159262357,0.004005376993925423,0.0205648003641193,0.00425,0.0075,0.0032500000000000003,0.01125600951655175,0.008019851459580384,0.006500000000000001,0.014249999999999999,0.012750000000000001,0.033,0.005,0.0025,0.028499999999999998,0.0215,0.010054817674677849,0.0012865431746031,0.001106878095238,0.0201607679365079,0.0023057726984126,0.0002420603174603,0.0760653838095238,22500.0,22559.0,874.6023111111111,34.69190222222222,149.02874666666668,29.924737777777775,3.4797422222222223,0.3286933333333334,0.010546666666666668,13.60918821777778,12.621763484444445,11.651079079999999,11.030132177777777,10.282507457777777,9.432307497777778,8.435959102222222,7.7348868755555555,7.124073542222222,6.66860476,6.308660373333334,6.283225831111111,6.18080740888889,5.854149893333333,4.824716577777778,14.208255373333333,4.0347202,1.033068248888889,0.49911298666666665,0.11977340888888889,0.11766915555555556,0.08473467999999999,0.07311221333333333,0.06644862222222223,0.06192671555555555,0.061227564444444445,0.05551809333333334,0.05087196888888889,0.05320345333333333,0.06867866222222223,0.08676682666666666,0.07983310222222223,0.059464937777777775,0.044956013333333336,0.051616173333333334,0.07573252444444445,1.311155616123673,18142666.432515033,1903.8337631850568,0.30942499999999995,0.0942125,0.0,0.01674708158927966,1.3688,0.0282444444444444,0.031895824135159984,0.0636125,0.0134795555555555,0.10112372683008139,0.0,0.0,0.0076444444444444,0.0034875,0.20298928571428565,0.0315888888888888,0.0,1.4430212258149695,0.047829166666666596,0.0,0.044446428571428546,0.0,0.014808333333333324,0.15446666666666664,0.04497499999999997,0.06464999999999997,0.07668749999999998,0.04524375,0.070765,0.019965625,0.0889,0.00282916666666665,0.5641166666666667,0.042054999999999995,0.004342857142857125,0.18670625,0.24321,0.00337,0.016315,0.27423,0.0,0.0,0.01438,0.009035714285714275,0.0,0.019996428571428523,0.023603125,0.0,0.01754166666666665,0.0,0.0254541666666666,0.0,0.0,0.0,,,,0.020741762235745545,0.0265,0.24522275035218039,2.2875339715733722,1.4901320371022702,49.01075974515839,496.33334,552.75415,1.0,2024-07-26 06:15:00
2024-07-26 00:30:00,48.524,1.0,0.5440954266666667,0.29488986664075306,0.004470087252264208,0.029010001199780082,2.767069408888889,1.48465e-06,0.0,0.0,0.0,0.0,0.0,0.0,0.0,0.0,0.0,0.0,0.0,0.0,0.0,0.0,0.0,0.0,0.0,0.141,1308.0235555555555,163.2136888888889,0.045955555555555555,163.2136888888889,40.73434,-111.87211,296.10155555555554,44.413333333333334,879.2862222222222,156.8133777777778,0.4804444444444444,434612.3111111112,1964.6284444444443,129.6888888888889,18885727.656444445,0.0008363822222222,8.684444444444445e-05,0.0007995733333333,0.0004809733333333,0.0001622311111111,0.0038967822222222,0.0069012666666666,0.429701,2.8756349777777777,5.283065333333334,19.01135205079365,0.2683586698412698,2.70715573968254,4.837580746031746,0.016304346031746,0.3734995968253968,5.455888326984127,0.103886438095238,0.30524979047619044,0.287939546031746,0.0327376857142857,0.2300409015873016,0.032495019047619,0.0292061968253968,0.1467009396825397,0.0690416285714285,0.00078132444444441,0.1710892317460317,0.2110383238095238,0.1499439365079365,0.0091686571428571,0.0039741555555555,4.765499999999999,0.1885,0.07089462689221525,0.0045000000000000005,0.0016666666666666666,0.0725,0.4495,0.22,0.08099999999999999,0.0085,0.1235,0.027894166435179897,1.139,0.17049999999999998,0.1235,0.0175,0.017,0.0045000000000000005,0.07244683322526833,0.0215,0.033,0.6074999999999999,0.0695,0.1595998539706427,0.09021215478384781,0.03282465284437321,0.006500000000000001,0.009000000000000001,0.094,0.2155,0.0022621084667370926,0.0075,0.09018160865910546,0.181,0.0215,0.0465,0.081,0.023,0.034,0.176,0.006543535978122152,0.004003584662616948,0.034810872081249104,0.0055,0.011,0.0045000000000000005,0.026698255274387697,0.014760629936791737,0.007,0.019499999999999997,0.0175,0.045,0.008,0.004,0.043,0.033,0.022940178696053606,0.00146368,0.0010987466666666,0.0228756355555555,0.0026146622222222,0.0005054533333333,0.0737028444444444,23400.0,23459.0,874.8267244444445,34.727426666666666,170.52776444444444,33.06876444444445,3.7070755555555555,0.31696444444444444,0.011373333333333334,16.78667406222222,15.276794644444445,13.878235662222222,12.928667088888888,11.948058048888889,10.815492582222221,9.659656848888888,8.707423182222222,7.9963334800000005,7.470816337777777,7.014458528888889,7.0425706888888895,6.838914048888889,6.408817728888889,5.284403488888889,15.175802928888888,4.282795235555556,1.0899170622222223,0.6047693511111111,0.14060479555555555,0.13395597777777776,0.08695700444444444,0.08351018222222222,0.07191610666666666,0.06739371555555555,0.06416681333333334,0.06030759111111111,0.05635929777777778,0.057492346666666666,0.07218524,0.10121770666666666,0.07484852,0.06599775111111111,0.05028198666666666,0.04727811555555556,0.08274893777777778,1.7861953886966266,18623599.25001791,1913.4925460417464,0.353,0.10037499999999999,0.0,0.023983710816485086,1.5279,0.0282444444444444,0.0389356862438787,0.06747500000000001,0.032495019047619,0.12494553764848648,0.0,0.0,0.0076444444444444,0.006975,0.24950714285714282,0.0315888888888888,0.0,1.896940198875556,0.06524166666666659,0.0,0.0544642857142857,0.0,0.02961666666666665,0.17379999999999995,0.05651666666666665,0.08996666666666664,0.09879166666666664,0.0499375,0.09123,0.02709375,0.11665,0.0056583333333333,0.6646666666666667,0.04758999999999999,0.00868571428571425,0.23796250000000002,0.30224,0.00674,0.01953,0.3735,0.0,0.0,0.01774,0.01807142857142855,0.0,0.01723571428571425,0.032681249999999995,0.0,0.0212833333333333,0.0,0.0268916666666666,0.0,0.0,0.0,,,,0.028011467388919395,0.027,0.4754858163733028,4.158359812785926,3.5828416947605772,45.974907261688976,568.83331,552.75415,1.0,2024-07-26 06:30:00
2024-07-26 00:45:00,40.896,1.0,0.7425138666666666,0.29468327146384543,0.004477884035190545,0.02856867661270535,3.684698315555556,1.6372294227513226e-06,0.0,0.0,0.0,0.0,0.0,0.0,0.0,0.0,0.0,0.0,0.0,0.0,0.0,0.0,0.0,0.0,0.0,0.141,1307.6604444444445,290.94297777777774,0.04688888888888889,290.94297777777774,40.73434,-111.87211,296.7202222222222,47.089777777777776,879.7582222222222,161.1592,0.4866666666666666,437396.5333333334,2000.6724444444444,145.6573333333333,20981231.23111111,0.0009665066666666,9.150666666666668e-05,0.0007847911111111,0.0012426222222222,0.0002000933333333,0.0036114755555555,0.01446828,0.889956768888889,7.152777777777779,12.177176888888887,26.293457333333333,0.2759192,5.055173688888889,6.994382177777778,0.0234534666666666,0.6366216,7.587380577777778,0.1313428444444444,0.5635904,0.4854688444444444,0.0815777777777777,0.3741184444444445,0.0495830222222222,0.0933773333333333,0.2710574222222222,0.1254061777777778,0.0005565333333333,0.3235846666666667,0.2296228444444444,0.2429502222222222,0.0203673777777777,0.0051314666666666,5.22275,0.21825,0.09245985666029824,0.00575,0.0018333333333333333,0.07275,0.45675,0.2365,0.08399999999999999,0.008749999999999999,0.18375,0.047434459867377175,1.2365,0.22025,0.15625,0.02125,0.02,0.00425,0.12875624606451266,0.028749999999999998,0.044,0.76525,0.09075,0.2682030981203394,0.09976949555913539,0.03617872637413189,0.00825,0.0115,0.1175,0.29275,0.003131054233368546,0.00775,0.14717932565252412,0.2285,0.02675,0.05925,0.10750000000000001,0.0295,0.044,0.235,0.013325087779160612,0.004001792331308474,0.060874833477453594,0.00675,0.014499999999999999,0.00575,0.05448310941519607,0.026889147363719706,0.0075,0.02475,0.02225,0.05700000000000001,0.011000000000000001,0.0055000000000000005,0.057499999999999996,0.044500000000000005,0.04612449282658815,0.0017472044444444,0.0013539955555555,0.0277941511111111,0.0032788977777777,0.0009917022222222,0.06206032,24300.0,24359.0,875.285031111111,34.63312444444445,298.1406,55.20292888888889,6.1573022222222225,0.3234,0.01852888888888889,31.717950115555556,28.59424068888889,25.809213204444447,23.826528897777777,21.854748555555556,19.47599829333333,17.31678326666667,15.755778728888888,13.903561751111111,12.9696408,11.880794546666667,11.60563056,11.182712426666665,10.325146577777778,8.232158657777777,22.89562840888889,5.994305266666667,1.5731932577777779,0.9357300533333334,0.2617403022222222,0.23909422666666666,0.16509691999999998,0.14926661333333333,0.1303847377777778,0.12107768444444443,0.10483615555555555,0.09622401777777777,0.0983075111111111,0.10268861777777777,0.12514491555555557,0.15885757333333334,0.12333840888888889,0.11506755555555556,0.07786728888888889,0.08295989777777778,0.13885107555555554,2.7055022534971624,20690017.84460434,1949.3521702357903,0.396575,0.1065375,0.0,0.03122034004369051,1.687,0.0282444444444444,0.045975548352597415,0.0713375,0.0495830222222222,0.1487673484668916,0.0,0.0,0.0076444444444444,0.0104625,0.296025,0.0315888888888888,0.0,2.775373652431746,0.08265416666666658,0.0,0.06448214285714285,0.0,0.04442499999999997,0.19313333333333327,0.06805833333333333,0.11528333333333332,0.12089583333333331,0.054631250000000006,0.111695,0.034221875,0.1444,0.00848749999999995,0.7652166666666667,0.053125,0.013028571428571376,0.28921875,0.36127,0.010110000000000001,0.022745,0.47277,0.0,0.0,0.0211,0.027107142857142826,0.0,0.014474999999999974,0.041759375,0.0,0.02502499999999995,0.0,0.0283291666666666,0.0,0.0,0.0,,,,0.03144784267850488,0.0275,0.7477444265615734,8.422963215493853,8.748486070927544,38.92997267897054,641.33331,552.56653,1.0,2024-07-26 06:45:00
2024-07-26 01:00:00,39.554222222222215,1.0,0.6758972533333333,0.2944766762869378,0.004485680818116881,0.028127352025630617,3.5304830622222223,1.6655585029100526e-06,0.0,0.0,0.0,0.0,0.0,0.0,0.0,0.0,0.0,0.0,0.0,0.0,0.0,0.0,0.0,0.0,0.0,0.141,1307.9257777777777,348.36555555555555,0.04151111111111112,348.36555555555555,40.73434,-111.87211,296.3802222222222,48.83288888888889,880.1937777777778,112.73253333333334,1.3662222222222222,437296.4,2012.063111111111,147.7608888888889,21517062.04711111,0.0010249244444444,8.761777777777778e-05,0.0006893022222222,0.0015548622222222,0.0001926133333333,0.0013393111111111,0.01640428,0.1400121155555555,6.61624088888889,9.679186666666666,25.2908988,0.2809366222222222,5.084399377777777,5.3115224,0.0234697777777777,0.6369011111111111,7.923583777777778,0.1125787555555555,0.6130622666666667,0.5161735111111111,0.0691139111111111,0.3029743555555556,0.0281953777777777,0.1146260444444444,0.2244364,0.1040730666666666,0.0011084244444444116,0.3326391555555555,0.2405521777777778,0.2316813777777778,0.0140936,0.0042769777777777,5.68,0.248,0.089,0.007,0.002,0.073,0.464,0.253,0.087,0.009,0.244,0.04,1.334,0.27,0.189,0.025,0.023,0.004,0.074,0.036,0.055,0.923,0.112,0.219,0.074,0.028,0.01,0.014,0.141,0.37,0.004,0.008,0.15,0.276,0.032,0.072,0.134,0.036,0.054,0.294,0.009,0.004,0.058,0.008,0.018,0.007,0.039,0.022,0.008,0.03,0.027,0.069,0.014,0.007,0.072,0.056,0.032,0.0015521733333333,0.0014719066666666,0.0266705466666666,0.0030380444444444,0.0010060266666666,0.0642443511111111,25200.0,25259.0,875.6923555555555,34.51094666666667,375.63002222222224,66.59322666666667,6.864791111111112,0.30096,0.0212,38.46635156,35.14032143111111,32.3934022,30.324862186666667,28.027523164444446,25.08855210222222,22.258202742222224,20.203896577777776,17.96152755111111,16.64117224,15.381500213333334,15.13246731111111,14.446194173333334,13.17737615111111,10.392530542222223,28.284354888888892,7.021310177777778,1.7520549333333333,1.0000454044444445,0.2972170044444445,0.2779572488888889,0.18437143111111112,0.1588532711111111,0.15310653777777777,0.13191451555555556,0.11586536,0.11603730666666667,0.1096318711111111,0.11487594222222222,0.13048669333333335,0.18089267555555555,0.13403229777777778,0.12320368444444445,0.08012906222222221,0.08648230222222222,0.14131426666666666,2.5334443228764343,21218411.484739717,1960.6845702465075,0.44015,0.1127,0.0,0.03845696927089593,1.8461,0.0282444444444444,0.05301541046131612,0.0752,0.0281953777777777,0.1725891592852967,0.0,0.0,0.0076444444444444,0.01395,0.3425428571428571,0.0315888888888888,0.0,2.610965609814017,0.1000666666666666,0.0,0.0745,0.0,0.0592333333333333,0.2124666666666666,0.0796,0.1406,0.143,0.059325,0.13216,0.04135,0.17215,0.0113166666666666,0.8657666666666667,0.05866,0.0173714285714285,0.340475,0.4203,0.01348,0.02596,0.57204,0.0,0.0,0.02446,0.0361428571428571,0.0,0.0117142857142857,0.0508375,0.0,0.0287666666666666,0.0,0.0297666666666666,0.0,0.0,0.0,,,,0.022260262514214344,0.028,0.5,7.3,5.3,38.0,646.16669,551.82355,1.0,2024-07-26 07:00:00
2024-07-26 01:15:00,39.50311111111111,1.0,0.7069718666666667,0.29427008111003017,0.004493477601043219,0.027686027438555885,3.639005795238096,1.5494412792929293e-06,0.0,0.0,0.0,0.0,0.0,0.0,0.0,0.0,0.0,0.0,0.0,0.0,0.0,0.0,0.0,0.0,0.0,0.141,1309.0737777777779,322.57706666666667,0.04395555555555555,322.57706666666667,40.73434,-111.87211,295.8517777777778,50.892,880.3328888888888,115.80133333333333,2.2915555555555556,439451.7333333334,2047.7328888888887,154.16933333333333,21615976.40711111,0.0009415666666666,9.287142857142856e-05,0.0008525666666666,0.0015544952380952,0.0002016571428571,0.0023382904761904,0.0156339333333333,0.1613919617269767,5.574058453046954,8.59600473879824,27.301453288888887,0.2776715555555556,5.368665288888889,6.431403644444445,0.0260032444444444,0.6514899111111111,8.189864266666666,0.1208149333333333,0.6444025777777778,0.5250154222222222,0.0677324,0.3216345333333333,0.0332976444444444,0.1345519111111111,0.2349914666666666,0.1057725333333333,0.0016603155555555233,0.3396760444444444,0.2492194222222222,0.2343252444444444,0.0131211111111111,0.0064469777777777,5.42675,0.2355,0.08634646210290194,0.0075,0.00175,0.073,0.4585,0.23725000000000002,0.08675,0.009,0.187,0.04176737006171901,1.3475000000000001,0.2535,0.17125,0.021750000000000002,0.0205,0.0035,0.14002973608529745,0.034749999999999996,0.05075,0.8340000000000001,0.10350000000000001,0.2286416029747522,0.1098473003909548,0.03971545266852967,0.0085,0.01175,0.14049999999999999,0.3435,0.0035,0.0075,0.130648807211744,0.2735,0.02925,0.06625,0.1235,0.0325,0.049,0.27149999999999996,0.01096284806079216,0.004001075398785085,0.053315744846772324,0.006970278920426098,0.015,0.00625,0.04480472193897844,0.022664381936664212,0.00675,0.027999999999999997,0.02475,0.0635,0.01225,0.00625,0.06625,0.051000000000000004,0.03804862622716275,0.0015834857142857,0.0015239666666666,0.0269513476190476,0.003084719047619,0.0013112571428571,0.0654702952380952,26100.0,26159.0,875.8371422222223,34.496337777777775,363.31131555555555,65.1837911111111,6.806044444444444,0.30541777777777773,0.02090222222222222,36.73321109777778,33.77142528444445,31.07351557333333,29.20575073777778,26.926004484444444,24.258946288888886,21.587558106666666,19.63899765777778,17.482559577777774,16.139134115555557,14.981224226666665,14.612182035555556,14.066369266666667,12.840007408888887,10.054992515555556,27.737673813333334,6.942937017777778,1.6930069244444443,1.0019550222222222,0.28625816,0.2907294,0.1808294888888889,0.17245496,0.16305310666666667,0.13553400444444447,0.13185236444444443,0.11729976888888889,0.10209092,0.10132815111111111,0.14158971999999997,0.18161070222222223,0.13166884,0.1194466311111111,0.07837937777777777,0.08887939111111112,0.14091528888888888,2.5821602710134686,21315952.94219494,1996.171886476564,0.403425,0.0992625,0.0,0.03449557453846026,1.7353125,0.0282444444444444,0.04916172778683133,0.07100000000000001,0.0332976444444444,0.1595488897163732,0.0,0.0,0.0076444444444444,0.013509375,0.3170785714285714,0.0315888888888888,0.0,2.657515592419188,0.0938166666666666,0.0,0.06563928571428569,0.0,0.04442499999999997,0.19753333333333328,0.0738,0.12776666666666664,0.13161666666666663,0.0554375,0.103035,0.036471875,0.153325,0.00848749999999995,0.7707666666666667,0.05708,0.013028571428571376,0.3081125,0.38473999999999997,0.012785000000000001,0.025075,0.51187,0.0,0.0,0.023559999999999998,0.027107142857142826,0.007160714285714275,0.016185714285714248,0.045996875,0.0024,0.025983333333333275,0.0,0.027683333333333275,0.0,0.0,0.0,,,,0.0350713526392332,0.0275,0.3167709217452253,6.848872258285729,6.065172691367529,37.64355276507206,573.66669,551.08301,1.0,2024-07-26 07:15:00
2024-07-26 01:30:00,41.10977777777778,1.0,0.6504436311111111,0.29406348593312254,0.004501274383969555,0.027244702851481152,3.3865308533333334,2.249564515873016e-06,0.0,0.0,0.0,0.0,0.0,0.0,0.0,0.0,0.0,0.0,0.0,0.0,0.0,0.0,0.0,0.0,0.0,0.141,1309.552,338.72524444444446,0.04795555555555556,338.72524444444446,40.73434,-111.87211,295.45888888888885,53.348444444444446,880.5902222222222,145.69257777777779,2.844888888888889,439497.0222222222,2073.250666666667,146.7591111111111,21733503.845333338,0.0008992355555555,9.468000000000002e-05,0.0006844177777777,0.0010181511111111,0.0001991644444444,0.0041028311111111,0.0115560266666666,0.0733119193018093,3.778328431401932,6.2945200061420055,27.04924,0.2775980444444444,4.771797866666666,6.5462296888888885,0.0284702666666666,0.5952195555555556,7.896251733333333,0.1419150222222222,0.6272240888888889,0.4823098222222222,0.0846709333333333,0.3171600444444445,0.0408980888888888,0.1375104888888889,0.2099101777777777,0.0892439111111111,0.0022122066666666346,0.3280349777777777,0.2821611555555555,0.2182510222222222,0.012464,0.0087208888888888,5.1735,0.223,0.09382563234674174,0.008,0.0015,0.073,0.453,0.2215,0.0865,0.009,0.13,0.037826315003409466,1.361,0.237,0.1535,0.018500000000000003,0.018,0.003,0.12785570782583677,0.0335,0.0465,0.745,0.095,0.22526880802275248,0.12678803173291558,0.045660669011107366,0.007,0.0095,0.14,0.317,0.003,0.007,0.119153015623534,0.271,0.026500000000000003,0.0605,0.113,0.028999999999999998,0.044,0.249,0.008974191904074976,0.004002150797570169,0.04805894011881253,0.005940557840852195,0.012,0.0055,0.03665695239128489,0.01910775484591213,0.0055,0.026,0.0225,0.058,0.0105,0.0055,0.0605,0.046,0.031249942033982573,0.0016887866666666,0.0016165866666666,0.0274699511111111,0.0033073244444444,0.0013503688888888,0.0620368844444444,27000.0,27059.0,876.0746177777778,34.544373333333326,293.1850222222222,55.373982222222224,6.178502222222222,0.3237244444444444,0.018542222222222224,28.49013619111111,26.37149560888889,24.34455194666667,23.069549217777777,21.246060222222223,19.418408924444446,17.316655262222223,15.74344926222222,14.155688080000001,13.059708715555557,12.252035946666666,12.141962146666666,11.685172835555555,10.851478488888889,8.507106142222222,23.771280960000002,6.0287145466666665,1.5076220355555556,0.8868841955555555,0.24026687111111109,0.25853178222222223,0.17160298222222223,0.15082461333333336,0.14037457777777776,0.12830742666666667,0.12254345777777777,0.10579161333333334,0.09469210222222223,0.10041518222222222,0.1254122622222222,0.1689021911111111,0.12198308444444445,0.10666038666666666,0.07952058222222223,0.08654141777777777,0.13475100444444443,2.4649130573423865,21431849.133760806,2021.5591332132815,0.3667,0.085825,0.0,0.030534179806024585,1.624525,0.0282444444444444,0.04530804511234654,0.0668,0.0408980888888888,0.14650862014744975,0.0,0.0,0.0076444444444444,0.01306875,0.2916142857142857,0.0315888888888888,0.0,2.5454813209822222,0.0875666666666666,0.0,0.0567785714285714,0.0,0.02961666666666665,0.18259999999999996,0.068,0.1149333333333333,0.1202333333333333,0.05155,0.07391,0.03159375,0.1345,0.0056583333333333,0.6757666666666666,0.055499999999999994,0.00868571428571425,0.27575,0.34918,0.01209,0.02419,0.4517,0.0,0.0,0.02266,0.01807142857142855,0.01432142857142855,0.020657142857142798,0.041156250000000005,0.0048,0.02319999999999995,0.0,0.02559999999999995,0.0,0.0,0.0,,,,0.04116245182045589,0.027,0.2646682615354645,5.058406819382886,4.340708042039443,39.1274098131713,501.16666,550.34253,1.0,2024-07-26 07:30:00
2024-07-26 01:45:00,44.91377777777778,1.0,0.4997436314285715,0.2938568907562149,0.004509071166895892,0.02680337826440642,2.9242729003174603,1.6432063943650794e-06,0.0,0.0,0.0,0.0,0.0,0.0,0.0,0.0,0.0,0.0,0.0,0.0,0.0,0.0,0.0,0.0,0.0,0.141,1309.1302222222223,332.33897777777776,0.05097777777777778,332.33897777777776,40.73434,-111.87211,295.25,53.255111111111106,880.804888888889,144.12364444444444,2.1777777777777776,436946.8888888889,2001.266222222222,137.81955555555552,21239828.744,0.0009128974603174,0.0001111326984126,0.0006781241269841,0.0007058663492063,0.0001922558730158,0.0036802641269841,0.0135080742857142,0.0655614222222222,2.560312888888889,4.682847555555555,20.211098881166983,0.2696014226773226,3.684852927526178,4.58975680018315,0.0194460468272468,0.4638556894142894,6.65856995975136,0.11048268007548,0.47101621237466235,0.3940592527879528,0.0558648967809967,0.2663548895567396,0.0162543352184852,0.0906232596366596,0.1586258444018944,0.0736692308247308,0.0027640977777777464,0.2384687499963,0.2246207942557442,0.1709093835904835,0.0082030759092759,0.0076840292725792,4.920249999999999,0.21050000000000002,0.08110639348553389,0.008499999999999999,0.00125,0.073,0.4475,0.20575,0.08625,0.009,0.07300000000000001,0.029767941992419777,1.3744999999999998,0.2205,0.13574999999999998,0.01525,0.0155,0.0025,0.10269823606086231,0.03225,0.042249999999999996,0.6559999999999999,0.0865,0.186972731264951,0.09719712368215136,0.0352759727082171,0.0055,0.0072499999999999995,0.1395,0.2905,0.0025,0.006500000000000001,0.09564728548178633,0.2685,0.02375,0.05475,0.10250000000000001,0.0255,0.039,0.22649999999999998,0.007100310135589144,0.004003226196355254,0.037310221129333486,0.004910836761278292,0.009,0.00475,0.028979427668031126,0.01575639687477597,0.00425,0.024,0.020249999999999997,0.052500000000000005,0.00875,0.00475,0.05475,0.040999999999999995,0.024843640815815304,0.0019258076190476,0.0017014746031746,0.0250850946031746,0.0035717961904761,0.0010765377777777,0.0632609777777777,27900.0,27959.0,876.3081111111111,34.52077777777778,237.62379555555557,46.5826,5.4564844444444445,0.3393511111111111,0.01616,22.612888533333333,20.94549913777778,19.35703718222222,18.43553420888889,17.001928075555558,15.445353915555556,13.921074702222223,12.626614755555554,11.364648213333334,10.567363537777776,10.0517088,9.840274631111111,9.632782319999999,8.940949915555557,7.165154266666667,20.29959522222222,5.261072515555556,1.362127231111111,0.7620725911111111,0.22639655555555555,0.20413301777777776,0.1358111688888889,0.12378302666666667,0.11207983555555555,0.11096735555555555,0.09545533333333332,0.09759284444444445,0.08555337333333334,0.08920358666666667,0.10937550222222221,0.1552461288888889,0.11852366222222223,0.10341572,0.06742415111111111,0.06999872444444444,0.12509258666666667,2.0751061067752925,20945026.09923469,1949.942910663209,0.329975,0.0723875,0.0,0.026572785073588914,1.5137375,0.0282444444444444,0.041454362437861755,0.0626,0.0162543352184852,0.13346835057852627,0.0,0.0,0.0076444444444444,0.012628125,0.26615,0.0315888888888888,0.0,2.173005623347619,0.08131666666666659,0.0,0.047917857142857095,0.0,0.014808333333333326,0.16766666666666663,0.0622,0.10209999999999995,0.10884999999999995,0.047662500000000003,0.044785000000000005,0.026715625,0.115675,0.00282916666666665,0.5807666666666667,0.053919999999999996,0.004342857142857124,0.2433875,0.31362,0.011394999999999999,0.023305,0.39153,0.0,0.0,0.02176,0.009035714285714275,0.021482142857142825,0.025128571428571347,0.036315625000000004,0.0072,0.020416666666666625,0.0,0.023516666666666627,0.0,0.0,0.0,,,,0.03052293737675512,0.0265,0.2600835508033193,3.8439621608710706,3.133108387826386,42.64064147974982,428.66666,549.60199,1.0,2024-07-26 07:45:00
2024-07-26 02:00:00,45.35377777777777,1.0,0.4219791936507936,0.2936502955793072,0.004516867949822229,0.026362053677331687,2.8683335523809523,1.0362023222222224e-06,0.0,0.0,0.0,0.0,0.0,0.0,0.0,0.0,0.0,0.0,0.0,0.0,0.0,0.0,0.0,0.0,0.0,0.141,1308.8453333333334,215.82004444444445,0.052311111111111114,215.82004444444445,40.73434,-111.87211,294.6993333333333,54.844,880.6497777777779,132.24173333333334,2.412,437618.6222222223,1988.6626666666668,134.7488888888889,21412887.813333333,0.0009436371428571,6.615936507936508e-05,0.0006648647619047,0.0008632285714285,0.0001746339682539,0.0053994619047619,0.0167630047619047,0.0534489244444444,2.3981248888888884,4.444802666666668,18.34467376633552,0.2797835885114885,3.5492379649517147,4.701721215969216,0.0172435923058423,0.455618814098864,6.532968074138824,0.0962729434232434,0.4364308983738484,0.3919170759074258,0.0633621928682428,0.2875428632571133,0.0178478661042661,0.0900165023902023,0.1994707622636622,0.0849662057054057,0.003315988888888858,0.2225286017427017,0.2123698191160691,0.1647115956136456,0.0105040698745698,0.0068469738150738,4.667,0.198,0.064,0.009,0.001,0.073,0.442,0.19,0.086,0.009,0.016,0.026,1.388,0.204,0.118,0.012,0.013,0.002,0.036,0.031,0.038,0.567,0.078,0.166,0.076,0.026,0.004,0.005,0.139,0.264,0.002,0.006,0.099,0.266,0.021,0.049,0.092,0.022,0.034,0.204,0.005,0.004004301595140338,0.034,0.0038811156817043905,0.006,0.004,0.019,0.013,0.003,0.022,0.018,0.047,0.007,0.004,0.049,0.036,0.017,0.0020630771428571,0.0017269419047619,0.0247197723809523,0.0038101409523809,0.0011765679365079,0.0675740685714285,28800.0,28859.0,876.1856222222222,34.594408888888886,204.3314088888889,42.23587111111111,5.292724444444445,0.3598133333333333,0.01538222222222222,19.718943093333333,18.003790822222225,16.47303660888889,15.577784244444445,14.36783435111111,13.019081937777777,11.692293631111111,10.658999466666668,9.676408448888889,8.900621013333334,8.496636582222221,8.364150844444445,8.332585484444444,7.803480737777778,6.257304364444445,18.003948613333332,4.910160204444444,1.3251415244444444,0.7360115066666667,0.20756776,0.2023751911111111,0.14113802666666667,0.11843087555555556,0.11620971111111111,0.11059592444444445,0.08955430222222223,0.09553089777777778,0.08578141333333335,0.09477568444444445,0.11612847555555555,0.1587828888888889,0.12064803555555555,0.08957272444444445,0.06570713777777777,0.07999293333333334,0.12054825333333333,2.1069333793077507,21115683.15902477,1937.403826051874,0.29325,0.05895,0.0,0.02261139034115324,1.40295,0.0282444444444444,0.037600679763376964,0.0584,0.0178478661042661,0.12042808100960278,0.0,0.0,0.0076444444444444,0.0121875,0.2406857142857143,0.0315888888888888,0.0,2.20341781975173,0.0750666666666666,0.0,0.0390571428571428,0.0,0.0,0.1527333333333333,0.0564,0.0892666666666666,0.0974666666666666,0.043775,0.01566,0.0218375,0.09685,0.0,0.4857666666666667,0.05234,0.0,0.211025,0.27806,0.0107,0.02242,0.33136,0.0,0.0,0.02086,0.0,0.0286428571428571,0.0295999999999999,0.031475,0.0096,0.0176333333333333,0.0,0.0214333333333333,0.0,0.0,0.0,,,,0.023056698833214456,0.026,0.4,2.7,1.5,42.0,357.33334,548.86145,1.0,2024-07-26 08:00:00
2024-07-26 02:15:00,45.53288888888889,1.0,0.3583772196825396,0.2934437004023996,0.004524664732748565,0.02592072909025695,2.6438093282539685,7.930986666666666e-07,0.0,0.0,0.0,0.0,0.0,0.0,0.0,0.0,0.0,0.0,0.0,0.0,0.0,0.0,0.0,0.0,0.0,0.141,1308.890222222222,199.8732888888889,0.055288888888888894,199.8732888888889,40.73434,-111.87211,294.4682222222222,53.650666666666666,880.4395555555554,131.276,2.327111111111111,437366.7111111111,1978.54,131.00266666666667,20571394.32533333,0.0009592469841269,2.1444126984126983e-05,0.0005768815873015,0.0007780273015873,0.0001617914285714,0.0050799885714285,0.0135714447619047,0.0483829644444444,2.0645809777777777,3.981804888888889,18.030827644444447,0.2624249777777778,3.085796711111111,4.2971616,0.0182257777777777,0.3997237333333333,6.034863911111112,0.0791550222222222,0.39840319999999996,0.3427445333333333,0.0454105777777777,0.2585660444444445,0.0233318222222222,0.0565576444444444,0.1734457777777777,0.0691013333333333,0.0038678799999999694,0.1978271555555555,0.2254851111111111,0.1437989777777777,0.0077342666666666,0.0059043555555555,4.462,0.1875,0.07649031309239765,0.00775,0.00075,0.073,0.4415,0.1905,0.08224999999999999,0.008749999999999999,0.0135,0.03209661711169204,1.3475,0.1775,0.106,0.011,0.014249999999999999,0.00275,0.08807001763595236,0.025500000000000002,0.032,0.5037499999999999,0.06675,0.18110162997740695,0.09764161030017285,0.035431961788745935,0.00375,0.00475,0.11875000000000001,0.227,0.001719434827499111,0.00625,0.10243987362169588,0.231,0.018000000000000002,0.04175,0.078,0.019,0.02925,0.17275,0.006550719410640062,0.004005376993925423,0.04041634124076464,0.003671343479415383,0.00575,0.0035,0.026727686683392024,0.014773477200815477,0.00275,0.019,0.01575,0.04,0.006,0.0035,0.04225,0.0305,0.022964736933005388,0.0018197073015873,0.0014625279365079,0.0232592577777777,0.0033696974603174,0.0010737495238095,0.0654422326984126,29700.0,29759.0,875.97436,34.679453333333335,188.48229777777777,38.516084444444445,4.6733955555555555,0.34730666666666665,0.013933333333333332,18.040283719999998,16.550923133333335,15.166649373333334,14.229333768888889,13.144768475555557,11.9535046,10.618538546666667,9.916695106666667,8.904031111111113,8.286381733333334,7.7289239288888885,7.775970422222222,7.649264408888889,7.2995814800000005,5.878153506666666,16.936147137777777,4.714152888888889,1.239757968888889,0.6821496844444445,0.18194772888888888,0.17997325777777778,0.12907499555555554,0.10642096,0.09840806666666667,0.09344518666666665,0.08354534666666667,0.08106338222222222,0.07664816888888888,0.07867315555555555,0.10501263999999999,0.13845504888888888,0.10069448444444444,0.08531322222222222,0.05889856888888889,0.06424865333333334,0.10525223111111111,1.8103676647137639,20285869.355866168,1927.3329398431222,0.28320481522948404,0.06269515424873649,0.0,0.023082535184506037,1.431956684269006,0.0282444444444444,0.03805901397206744,0.058854166666666666,0.0233318222222222,0.12197901349129242,0.0,0.0,0.0076444444444444,0.013890625,0.24371428571428574,0.0315888888888888,0.0,1.9200377484697868,0.06947399316203356,0.0,0.03557667260850172,0.0,0.0035,0.14376625623717657,0.05379859160767155,0.08402888790320984,0.09155205166031011,0.04064630495696565,0.014098683649360304,0.018572740290799097,0.09923616391030649,0.000596313002481181,0.506163301192341,0.04799927423497427,0.00035831685378373297,0.23550938055607382,0.2762285135587163,0.010588333333333333,0.022236666666666665,0.3506084055360916,0.00034382692694841666,0.0,0.02380565454166329,0.0,0.02715357142857138,0.02834285714285705,0.03069791666666667,0.009603571428571425,0.018324999999999966,0.0,0.021486111111111074,0.0,0.0,0.0,,,,0.030682754094253563,0.03325,0.2499218464730369,3.3496835983326987,2.607828650279706,43.212429271728304,287.33334,548.12091,1.0,2024-07-26 08:15:00
2024-07-26 02:30:00,43.52888888888889,1.0,0.2214737609523809,0.29323710522549196,0.004532461515674902,0.025479404503182222,2.189804555873016,8.61684721825397e-07,0.0,0.0,0.0,0.0,0.0,0.0,0.0,0.0,0.0,0.0,0.0,0.0,0.0,0.0,0.0,0.0,0.0,0.141,1309.1386666666667,327.24844444444443,0.049911111111111114,327.24844444444443,40.73434,-111.87211,294.6548888888889,48.94844444444445,880.2035555555556,116.40075555555556,2.1986666666666665,437754.6666666666,1959.4106666666669,129.61377777777778,18942080.164444443,0.0009457507936507,2.8405079365079365e-05,0.0003803923809523,0.0005086647619047,0.0001510666666666,0.0022301196825396,0.003458286031746,0.1184429511111111,1.2608811111111111,2.7413395555555558,19.437907822222225,0.2458845333333333,2.1275099555555554,2.574793555555556,0.0151844444444444,0.3111386222222222,5.515384533333333,0.0673298666666666,0.35064022222222224,0.2854175111111111,0.0285564888888888,0.2120444888888889,0.0243688888888888,0.0540344888888888,0.0930760888888889,0.0420383111111111,0.0044197711111110816,0.1381887111111111,0.3206390666666667,0.1254918666666666,0.0050033333333333,0.0024474666666666,4.257,0.177,0.06904842909782852,0.0065,0.0005,0.073,0.441,0.191,0.07849999999999999,0.0085,0.011,0.019468024923567397,1.307,0.151,0.094,0.01,0.0155,0.0035,0.07172788010447959,0.02,0.026,0.4405,0.0555,0.14603445881365887,0.14657581727951255,0.05260503662076656,0.0035,0.0045000000000000005,0.0985,0.19,0.0014388696549982223,0.006500000000000001,0.06560312262501009,0.196,0.015,0.0345,0.064,0.016,0.0245,0.1415,0.00329460737431811,0.004006452392710507,0.023571602423417326,0.0034615712771263753,0.0055,0.003,0.01338699407355571,0.008950059090153352,0.0025,0.016,0.013499999999999998,0.033,0.005,0.003,0.035500000000000004,0.024999999999999998,0.011832959648233676,0.0013568914285714,0.0011864822222222,0.0212102866666666,0.0024612409523809,0.0008431552380952,0.073437759047619,30600.0,30659.0,875.7305777777779,34.689706666666666,199.81178666666668,37.52413333333333,4.006093333333333,0.30551999999999996,0.012337777777777777,18.478354799999998,17.184176755555555,15.982379848888888,15.283777764444444,14.274864857777777,13.026279844444444,11.619119182222223,10.717965617777777,9.62639216,9.006687964444444,8.535547035555556,8.501450093333334,8.143749128888889,7.8313272977777775,6.262557986666667,17.646112404444445,4.634261395555556,1.0909119155555556,0.5829803822222223,0.13693222666666666,0.14369536444444445,0.09169506666666667,0.07953817777777777,0.07989736888888889,0.07028836444444445,0.07429053333333333,0.059255951111111115,0.06455619555555556,0.06446808,0.07878499555555556,0.10236416,0.08206333777777777,0.06926488,0.049991964444444446,0.04809732444444445,0.08768816444444445,1.3039118725000534,18679169.601598583,1908.3014587529015,0.2731596304589681,0.06644030849747298,0.0,0.023553680027858837,1.4609633685380121,0.0282444444444444,0.038517348180757915,0.05930833333333334,0.0243688888888888,0.12352994597298206,0.0,0.0,0.0076444444444444,0.01559375,0.24674285714285715,0.0315888888888888,0.0,1.436099547133333,0.06388131965740053,0.0,0.032096202359860646,0.0,0.007,0.13479917914101985,0.0511971832153431,0.07879110913975308,0.08563743665395361,0.037517609913931285,0.012537367298720608,0.015307980581598199,0.10162232782061296,0.001192626004962362,0.5265599357180154,0.043658548469948544,0.0007166337075674659,0.25999376111214767,0.27439702711743263,0.010476666666666665,0.02205333333333333,0.36985681107218327,0.0006876538538968333,0.0,0.026751309083326583,0.0,0.025664285714285664,0.0270857142857142,0.029920833333333334,0.009607142857142849,0.019016666666666633,0.0,0.02153888888888885,0.0,0.0,0.0,,,,0.04827721929466437,0.0405,0.2913649654712481,2.5483399569320486,1.6783683824371076,41.3616100656759,217.33333,547.38043,1.0,2024-07-26 08:30:00
2024-07-26 02:45:00,44.22311111111112,1.0,0.185196525079365,0.2930305100485843,0.0045402582986012385,0.025038079916107486,1.9557635333333336,1.2112580773809525e-06,0.0,0.0,0.0,0.0,0.0,0.0,0.0,0.0,0.0,0.0,0.0,0.0,0.0,0.0,0.0,0.0,0.0,0.141,1309.3973333333333,230.1796,0.049688888888888894,230.1796,40.73434,-111.87211,294.93622222222217,47.275999999999996,880.0666666666667,122.22711111111111,1.8053333333333332,437725.1111111111,1957.892,122.74355555555556,18556939.00044444,0.0009357819047619,8.211079365079366e-05,0.0004824619047619,0.0004333698412698,0.0001511006349206,0.0024447815873015,0.0026424965079365,0.036647416,0.932422,2.2566497777777776,18.207145244444444,0.2441324,1.884723733333333,2.3116836444444444,0.0152444,0.288566,5.325321022222222,0.0520152888888888,0.3247917777777778,0.2624323555555555,0.0401839555555555,0.2130790666666667,0.0245445777777777,0.0477785333333333,0.0949963111111111,0.0421477333333333,0.004971662222222193,0.1200619999999999,0.3300267555555555,0.1140309333333333,0.0049214222222222,0.0014654666666666,4.052,0.1665,0.0741825101303012,0.0052499999999999995,0.00025,0.073,0.4405,0.1915,0.07475,0.00825,0.0085,0.019769751901614355,1.2665,0.1245,0.082,0.009000000000000001,0.016749999999999998,0.00425,0.06517553256033003,0.014499999999999999,0.019999999999999997,0.37725,0.04425,0.14681430625388944,0.15140356309905784,0.054299296022252926,0.0032500000000000003,0.00425,0.07825,0.153,0.0011583044824973335,0.00675,0.06648323985373414,0.161,0.012,0.02725,0.049999999999999996,0.013,0.01975,0.11025,0.0033077726081154725,0.004007527791495592,0.02397406313033032,0.0032517990748373677,0.00525,0.0025,0.013440933660175597,0.00897360455175647,0.0022500000000000003,0.013,0.01125,0.026,0.004,0.0025,0.028749999999999998,0.019499999999999997,0.011877968065910769,0.001270172063492,0.0011000126984126,0.0197782098412698,0.0022706504761904,0.000796533015873,0.0840506847619047,31500.0,31559.0,875.5928488888889,34.74630666666667,208.69480000000001,38.0054,3.8196222222222223,0.2872088888888889,0.012097777777777778,19.11757515111111,17.868931942222222,16.754122564444444,15.933,14.96634295111111,13.593913737777777,12.201112075555555,11.216350662222222,10.229406053333332,9.498184133333332,8.923726084444445,8.907347835555555,8.693685666666665,8.135381013333333,6.565019324444445,18.519307035555553,4.663261333333334,1.0784577155555555,0.5498968044444444,0.13507817777777778,0.12795731555555553,0.09169259555555556,0.07912566666666666,0.07148229333333332,0.06646759111111111,0.061224546666666664,0.05391664888888889,0.05246552888888889,0.0633070711111111,0.0734104,0.09512281777777779,0.07141676444444443,0.06014491555555555,0.04827952,0.04767565333333333,0.08101756888888888,1.2253464463069936,18299374.08492576,1906.7905605190015,0.26311444568845205,0.07018546274620947,0.0,0.024024824871211634,1.489970052807018,0.0282444444444444,0.038975682389448395,0.0597625,0.0245445777777777,0.1250808784546717,0.0,0.0,0.0076444444444444,0.017296875,0.2497714285714286,0.0315888888888888,0.0,1.361027227646349,0.058288646152767486,0.0,0.028615732111219566,0.0,0.0105,0.12583210204486311,0.04859577482301465,0.07355333037629633,0.07972282164759711,0.03438891487089693,0.010976050948080912,0.012043220872397297,0.10400849173091944,0.001788939007443543,0.5469565702436898,0.03931782270492282,0.001074950561351199,0.2844781416682215,0.27256554067614897,0.010365,0.02187,0.38910521660827485,0.00103148078084525,0.0,0.029696963624989872,0.0,0.024174999999999947,0.02582857142857135,0.029143750000000003,0.009610714285714275,0.0197083333333333,0.0,0.021591666666666627,0.0,0.0,0.0,,,,0.050013052182572036,0.04775,0.2429798278710867,2.22084379690324,1.315198305395667,42.00276766156277,147.33333,546.63989,1.0,2024-07-26 08:45:00
2024-07-26 03:00:00,44.50888888888889,1.0,0.2341573114285714,0.2928239148716767,0.004548055081527576,0.024596755329032757,2.12708772031746,1.2622862003968255e-06,0.0,0.0,0.0,0.0,0.0,0.0,0.0,0.0,0.0,0.0,0.0,0.0,0.0,0.0,0.0,0.0,0.0,0.141,1308.7813333333334,249.2735111111111,0.05053333333333333,249.2735111111111,40.73434,-111.87211,295.2673333333333,46.218666666666664,879.959111111111,122.9596,1.4946666666666666,438693.0222222223,1963.1071111111112,124.1568888888889,18512918.171111107,0.0007671298412698,0.000130966031746,0.0005667834920634,0.0004726288888888,0.0001710679365079,0.0038773019047619,0.0039566152380952,0.0258916373333333,1.3072883555555557,2.733707555555556,18.34564924444444,0.2422801777777778,2.059637422222222,2.938831422222222,0.0144697333333333,0.3029543555555555,5.241512577777778,0.0597138666666666,0.3115880888888889,0.2517928444444444,0.0151090222222222,0.2033203111111111,0.0210739555555555,0.0242067111111111,0.0989596888888888,0.0447581333333333,0.005523553333333304,0.1247067555555555,0.2863103555555555,0.1045384,0.0057862222222222,0.0028427555555555,3.847,0.156,0.034,0.004,0.0,0.073,0.44,0.192,0.071,0.008,0.006,0.009,1.226,0.098,0.07,0.008,0.018,0.005,0.03,0.009,0.014,0.314,0.033,0.07,0.081,0.055,0.003,0.004,0.058,0.116,0.0008777393099964444,0.007,0.039,0.126,0.009,0.02,0.036,0.01,0.015,0.079,0.002,0.004008603190280676,0.012,0.00304202687254836,0.005,0.002,0.008,0.008,0.002,0.01,0.009,0.019,0.003,0.002,0.022,0.014,0.007,0.0013688539682539,0.0011618777777777,0.0206539012698412,0.0024658749206349,0.000913092063492,0.0871496504761904,32400.0,32459.0,875.4785777777778,34.787773333333334,200.1164311111111,36.34182222222223,3.580311111111111,0.2813422222222222,0.011640000000000001,18.407204831111112,17.09342665777778,15.99349136888889,15.184900608888888,14.215818737777777,12.936808866666667,11.60398788888889,10.680393662222222,9.644153728888888,8.989086035555555,8.542648173333333,8.492797542222222,8.375205013333334,7.7864163288888895,6.340680146666667,18.23945329777778,4.7607434444444445,1.1169646444444443,0.5342131955555556,0.12387775555555555,0.11861526666666666,0.08650052444444443,0.07012020444444445,0.06510287111111111,0.061489293333333334,0.05569105777777778,0.05206838222222222,0.052487568888888884,0.04918303555555556,0.07074398222222222,0.08865919555555556,0.07380269333333334,0.05829036888888888,0.03702178666666667,0.04313885777777778,0.07119717333333334,1.3142539780367481,18255964.25189888,1911.9789947819752,0.2530692609179361,0.07393061699494596,0.0,0.02449596971456443,1.518976737076024,0.0282444444444444,0.039434016598138874,0.06021666666666667,0.0210739555555555,0.12663181093636133,0.0,0.0,0.0076444444444444,0.019,0.2528,0.0315888888888888,0.0,1.4459818310925772,0.05269597264813445,0.0,0.025135261862578487,0.0,0.014,0.11686502494870638,0.045994366430686204,0.06831555161283956,0.07380820664124062,0.031260219827862576,0.009414734597441216,0.008778461163196397,0.10639465564122592,0.002385252009924724,0.5673532047693641,0.03497709693989709,0.0014332674151349319,0.3089625222242953,0.2707340542348653,0.010253333333333333,0.021686666666666667,0.4083536221443665,0.0013753077077936667,0.0,0.03264261816665316,0.0,0.022685714285714233,0.0245714285714285,0.02836666666666667,0.0096142857142857,0.020399999999999967,0.0,0.0216444444444444,0.0,0.0,0.0,,,,0.02504778963071473,0.055,0.23661737996880683,4.4,1.6726498503882414,43.0,138.0,545.71423,1.0,2024-07-26 09:00:00
2024-07-26 03:15:00,43.51022222222222,1.0,0.2709462536507936,0.29261731969476906,0.004555851864453913,0.02415543074195802,2.2382552434920635,1.4634189952380953e-06,0.0,0.0,0.0,0.0,0.0,0.0,0.0,0.0,0.0,0.0,0.0,0.0,0.0,0.0,0.0,0.0,0.0,0.141,1308.691111111111,359.0949777777778,0.0468,359.0949777777778,40.73434,-111.87211,295.7415555555555,45.81733333333333,880.1391111111112,126.5092,1.3106666666666666,440413.68888888886,1969.5377777777776,126.38,18618476.316444445,0.0005890723809523,0.0001493552380952,0.0006012644444444,0.0005241841269841,0.0001804552380952,0.0048013076190476,0.0041508184126984,0.0283372533333333,1.586557688888889,3.265956888888889,19.319338177777777,0.2422286222222222,2.249977777777778,3.5188400444444445,0.0157425777777777,0.3213002222222222,5.400238400000001,0.0606472,0.3210133777777778,0.2715884444444444,0.0146266222222222,0.2321436,0.0215594666666666,0.024786,0.1240805333333333,0.0509692444444444,0.006075444444444416,0.1308379999999999,0.2962831555555555,0.1110382666666666,0.0049801777777777,0.0047879111111111,3.804,0.151,0.06289772866681981,0.00475,0.00025,0.073,0.44,0.1915,0.07525,0.00825,0.0072499999999999995,0.024339793003316502,1.32625,0.203,0.18825000000000003,0.0075,0.016999999999999998,0.00475,0.06778564657065812,0.012,0.02075,0.356,0.052750000000000005,0.16118483289628893,0.13405046099218867,0.048209361405047856,0.00475,0.00675,0.07375000000000001,0.15225,0.0014083044824973333,0.00675,0.07981374127465468,0.15075,0.012249999999999999,0.02725,0.0445,0.0125,0.01925,0.096,0.004369140709267559,0.004009678589065761,0.03006984543099757,0.00478152015441127,0.009000000000000001,0.003,0.017789489675880097,0.010871816331136716,0.00375,0.01175,0.009999999999999998,0.04825,0.00425,0.003,0.0315,0.02075,0.015506502092808693,0.001368972063492,0.0012278628571428,0.0216473323809523,0.0025085961904761,0.0010118085714285,0.0776602098412698,33300.0,33359.0,875.6302933333334,34.750462222222225,202.35114666666666,36.69231111111112,3.592146666666667,0.2804622222222222,0.011813333333333334,18.637336968888885,17.3162392,16.206470106666664,15.336932093333333,14.367189973333334,13.07858136,11.766667355555557,10.770193146666665,9.734294440000001,9.17357259111111,8.550515973333335,8.57926666222222,8.43137831111111,7.9063374444444445,6.409639155555555,18.31583309333333,4.87463492888889,1.1498368933333334,0.5621296444444445,0.1316466977777778,0.12178693333333333,0.08018984888888889,0.07097603555555555,0.06721567111111111,0.05888519111111111,0.056596782222222225,0.055166964444444445,0.05119577333333333,0.05215279111111112,0.06610387999999999,0.08818597333333335,0.07269816888888889,0.06247005777777778,0.033888231111111104,0.04344219111111111,0.07153582222222223,1.496775200166938,18360057.280879546,1918.3767666714386,0.34690884067159494,0.15231542753072513,0.0,0.024967114557917232,1.6169056133568507,0.0282444444444444,0.039892350806829346,0.060670833333333334,0.0215594666666666,0.12818274341805097,0.0,0.0,0.0076444444444444,0.04825,0.2558285714285714,0.0315888888888888,0.0,1.6203879555784495,0.06653952399525978,0.0,0.03132706272287682,0.0,0.02075,0.13126428649269084,0.05218165143809202,0.07644043626407276,0.08756939868640969,0.03238843533760653,0.010412450032761925,0.01119095199703521,0.11910690043274084,0.0033905107381911395,0.602521085977429,0.03580635075600025,0.0033399924522107224,0.32462424660121275,0.282308376300561,0.010141666666666667,0.021503333333333333,0.4316050024843115,0.0021641966998569937,0.0,0.031463100961197824,0.0,0.021196428571428515,0.02331428571428565,0.027589583333333334,0.009617857142857124,0.021091666666666634,0.0,0.021697222222222173,0.0,0.0,0.0,,,,0.04377368365111934,0.05275,0.23806405387975338,2.8730617412440864,2.071455520023274,41.34437023275192,198.0,544.78857,1.0,2024-07-26 09:15:00
2024-07-26 03:30:00,44.84711111111111,1.0,0.2307558409523809,0.2924107245178614,0.004563648647380249,0.023714106154883292,1.8413042904761905,2.0596592333333335e-06,0.0,0.0,0.0,0.0,0.0,0.0,0.0,0.0,0.0,0.0,0.0,0.0,0.0,0.0,0.0,0.0,0.0,0.141,1309.4866666666667,354.2066222222222,0.04844444444444444,354.2066222222222,40.73434,-111.87211,295.96866666666665,44.440000000000005,880.204888888889,136.0612888888889,1.0048888888888887,437353.5555555556,1962.787555555556,132.12577777777776,18396125.998666663,0.0006287301587301,9.38695238095238e-05,0.0005542819047619,0.0005838844444444,0.0001713231746031,0.0031973292063492,0.00315182,0.7371536573853923,3.2424787532819037,5.268552277981278,16.221823688888886,0.2375781777777778,1.887423688888889,3.733442711111111,0.0124914666666666,0.2919412,4.962140444444445,0.0467411555555555,0.2427227111111111,0.2415343555555555,0.0368501333333333,0.2348843555555556,0.0240016,0.0159908444444444,0.1254557777777777,0.0540171555555555,0.006627335555555528,0.1078926666666666,0.2788151111111111,0.1054911555555555,0.0060011555555555,0.0037108444444444,3.761,0.14600000000000002,0.07271046863343629,0.0055,0.0005,0.073,0.44,0.191,0.07949999999999999,0.0085,0.0085,0.024555886924892866,1.4264999999999999,0.30800000000000005,0.3065,0.007,0.016,0.0045000000000000005,0.059218167658157725,0.015,0.027500000000000004,0.398,0.07250000000000001,0.1632507686337534,0.12506728317915827,0.0450567858482875,0.006500000000000001,0.0095,0.0895,0.1885,0.001938869654998222,0.006500000000000001,0.08044407265779106,0.1755,0.0155,0.0345,0.053000000000000005,0.015,0.0235,0.11299999999999999,0.004735852895845861,0.004010753987850845,0.03035808386761389,0.006521013436274181,0.013000000000000001,0.004,0.019291954733239792,0.011527665504905575,0.0055,0.013500000000000002,0.011,0.0775,0.0055,0.004,0.040999999999999995,0.027500000000000004,0.016760193103150103,0.0012213349206349,0.0011159333333333,0.0192448165079365,0.0021795641269841,0.0008711006349206,0.0857273834920634,34200.0,34259.0,875.7008666666666,34.65229333333333,213.7049111111111,37.29107555555556,3.4414177777777777,0.26400444444444443,0.011653333333333333,21.31078708,19.53329709777778,17.722483306666668,16.522834791111112,15.21481764888889,13.574427306666667,12.281282297777777,11.164409382222223,10.010574746666666,9.349859164444444,8.716175595555557,8.780248275555556,8.664804533333333,8.06513616888889,6.493281337777778,18.53884145333333,4.926475871111111,1.1274167644444444,0.5616890933333333,0.13248560444444443,0.13047905777777777,0.07410574222222222,0.07628799111111112,0.06994566666666667,0.05456525777777778,0.05237752444444444,0.05258242666666667,0.046081342222222224,0.050280048888888894,0.06273385333333333,0.08618335111111113,0.06288576888888889,0.05947483555555556,0.03271732888888889,0.03993344,0.06309722222222222,1.504608098384789,18140793.120835677,1911.6610738483573,0.44074842042525386,0.23070023806650428,0.0,0.02543825940127003,1.7148344896376773,0.0282444444444444,0.040350685015519826,0.061125,0.0240016,0.1297336758997406,0.0,0.0,0.0076444444444444,0.0775,0.25885714285714284,0.0315888888888888,0.0,1.6278725943822223,0.0803830753423851,0.0,0.03751886358317515,0.0,0.027500000000000004,0.1456635480366753,0.05836893644549782,0.08456532091530596,0.10133059073157877,0.03351665084735049,0.011410165468082633,0.013603442830874023,0.13181914522425578,0.004395769466457556,0.6376889671854941,0.036635604572103415,0.005246717489286513,0.3402859709781302,0.2938826983662567,0.01003,0.02132,0.45485638282425656,0.0029530856919203208,0.0,0.03028358375574248,0.0,0.019707142857142798,0.0220571428571428,0.026812500000000003,0.00962142857142855,0.0217833333333333,0.0,0.02174999999999995,0.0,0.0,0.0,,,,0.040543750661969295,0.0505,0.6573556349755009,4.524128104009945,3.571967301134043,42.579070647878474,258.0,544.0481,1.0,2024-07-26 09:30:00
2024-07-26 03:45:00,47.07644444444444,1.0,0.2426964844444444,0.29220412934095374,0.004571445430306586,0.023272781567808556,1.5164135600000002,1.5389666333333335e-06,0.0,0.0,0.0,0.0,0.0,0.0,0.0,0.0,0.0,0.0,0.0,0.0,0.0,0.0,0.0,0.0,0.0,0.141,1309.3982222222223,129.83044444444445,0.04942222222222223,129.83044444444445,40.73434,-111.87211,295.73977777777776,48.32933333333334,880.1048888888889,167.47542222222222,1.644,435402.79999999993,1967.052,142.04222222222222,19617895.57333333,0.0006365911111111,6.980444444444443e-05,0.0008434222222222,0.0007067066666666,0.0001388533333333,0.0041784133333333,0.0045233688888888,0.4260701592890443,2.976893835405336,4.634493737762238,13.728984505655456,0.2526896457116957,2.0594120985292483,5.901199225293226,0.0136735156251156,0.281103793086543,4.860642894749694,0.0459057222629222,0.1499215562918563,0.2133960169737669,0.0406596728290228,0.277726716916417,0.0211399327431827,0.014885255555555508,0.1628071947829948,0.0719815919469419,0.007179226666666639,0.1144226292411292,0.3005058308228808,0.1050137564953564,0.0096873238520738,0.0055673945443445,3.718,0.14100000000000001,0.07439256199289047,0.00625,0.00075,0.073,0.44,0.1905,0.08374999999999999,0.008749999999999999,0.00975,0.030424962935123423,1.52675,0.41300000000000003,0.42475,0.006500000000000001,0.015,0.00425,0.05119680912276735,0.018000000000000002,0.03425,0.44,0.09225,0.1955446246959474,0.13622202878809803,0.04897145603299804,0.00825,0.01225,0.10525000000000001,0.22475,0.0024694348274991113,0.00625,0.09756377122346235,0.20025,0.01875,0.04175,0.061500000000000006,0.0175,0.02775,0.13,0.006897260335097124,0.004011829386635929,0.03818659325478524,0.00826050671813709,0.017,0.005,0.028147507591990847,0.015393250928825281,0.0072499999999999995,0.015250000000000001,0.012,0.10675000000000001,0.00675,0.005,0.050499999999999996,0.03425,0.024149467786269398,0.0010849333333333,0.0011030311111111,0.0166603644444444,0.0018926444444444,0.00103544,0.0801182888888888,35100.0,35159.0,875.6454799999999,34.626266666666666,183.27077333333332,32.226866666666666,2.805351111111111,0.2494088888888889,0.010293333333333333,18.492067164444446,16.855981968888887,15.167307577777779,13.966737964444444,12.86155016888889,11.467217675555556,10.280002257777777,9.292016057777778,8.407253822222222,7.771905475555555,7.243225875555555,7.354460671111111,7.294160591111111,6.940534568888889,5.666456915555556,16.56875016,4.757259666666667,1.1616521733333334,0.6341166533333333,0.17188670222222224,0.12802353777777778,0.0911994,0.0807653688888889,0.07135904888888889,0.05799862222222222,0.048724382222222216,0.05048463555555556,0.046268199999999995,0.042449168888888895,0.05141056888888889,0.06864704444444444,0.04913384,0.03705752444444444,0.023313177777777774,0.028467946666666667,0.04107753777777778,1.4515966817355608,19345604.889192007,1915.90370438809,0.5345880001789127,0.3090850486022834,0.0,0.025909404244622826,1.8127633659185038,0.0282444444444444,0.040809019224210305,0.06157916666666667,0.0211399327431827,0.13128460838143022,0.0,0.0,0.0076444444444444,0.10675000000000001,0.2618857142857143,0.0315888888888888,0.0,1.5772181245984127,0.09422662668951043,0.0,0.04371066444347347,0.0,0.03425,0.16006280958065974,0.06455622145290363,0.09269020556653915,0.11509178277674784,0.03464486635709445,0.012407880903403341,0.016015933664712836,0.1445313900157707,0.005401028194723971,0.6728568483935591,0.03746485838820658,0.007153442526362304,0.3559476953550476,0.3054570204319524,0.009918333333333333,0.021136666666666665,0.47810776316420156,0.003741974683983648,0.0,0.02910406655028714,0.0,0.018217857142857084,0.02079999999999995,0.02603541666666667,0.009624999999999976,0.022474999999999967,0.0,0.021802777777777727,0.0,0.0,0.0,,,,0.04455447844425027,0.04825,0.47333803743689484,4.259321807506514,3.0968776676041454,44.637999265656,318.0,543.30756,1.0,2024-07-26 09:45:00
2024-07-26 04:00:00,46.373333333333335,1.0,0.2360184933333333,0.2919975341640461,0.0045792422132329225,0.022831456980733824,1.490796777777778,1.5402307222222224e-06,0.0,0.0,0.0,0.0,0.0,0.0,0.0,0.0,0.0,0.0,0.0,0.0,0.0,0.0,0.0,0.0,0.0,0.141,1309.4115555555554,167.99533333333332,0.04724444444444444,167.99533333333332,40.7343384,-111.87211,294.1024444444444,54.14977777777778,879.2306666666666,140.06684444444446,3.564,436663.4666666667,1970.3591111111111,151.64533333333333,20129655.02311111,0.0007210666666666,3.695111111111112e-05,0.0006820044444444,0.0009843066666666,0.00010708,0.0050190222222222,0.0059515955555555,0.0551983866666666,2.599829777777778,4.149753777777778,14.704887552197802,0.2533590865541865,2.279544236415437,5.93783622041662,0.0138272454582454,0.2510035294927294,4.9457990785714285,0.0519735934250934,0.15339385007215006,0.2008388489565989,0.006994295047545,0.280199396982647,0.0180751671088171,0.013779666666666615,0.1545508165149665,0.0672761823158323,0.007731117777777751,0.1125620219188219,0.2678720178303178,0.0998390975357975,0.0080772047156547,0.0060542239538239,3.675,0.136,0.088,0.007,0.001,0.073,0.44,0.19,0.088,0.009,0.011,0.038,1.627,0.518,0.543,0.006,0.014,0.004,0.019,0.021,0.041,0.482,0.112,0.262,0.123,0.046,0.01,0.015,0.121,0.261,0.003,0.006,0.133,0.225,0.022,0.049,0.07,0.02,0.032,0.147,0.007,0.004012904785421013,0.05,0.01,0.021,0.006,0.032,0.02,0.009,0.017,0.013,0.136,0.008,0.006,0.06,0.041,0.027,0.00101456,0.0010188044444444,0.0141718044444444,0.0018478266666666,0.00127408,0.0713415822222222,36000.0,36059.0,874.8207066666668,34.71924444444445,179.51816444444447,31.725253333333335,2.7495600000000002,0.24791555555555556,0.010306666666666667,17.224885906666668,16.012494595555555,14.607869337777778,13.764878244444445,12.712200222222224,11.45241688,10.305883999999999,9.37778976,8.337458355555556,7.670344013333334,7.29075164,7.3395731911111115,7.199791395555555,6.88939824,5.53149944,16.206538884444445,4.665586364444445,1.2040230799999998,0.6447308488888889,0.1606369822222222,0.13539213777777778,0.09181093777777778,0.08771284444444444,0.07198963555555556,0.05887484444444444,0.053632382222222226,0.043675177777777775,0.04183570222222222,0.040235017777777785,0.04968389777777778,0.07362916444444445,0.04843210666666667,0.03495789777777778,0.02258613333333333,0.02497369333333333,0.04002695111111111,1.5280366413239643,19850261.266666494,1919.1938986399045,0.6284275799325716,0.3874698591380626,0.0,0.026380549087975626,1.9106922421993304,0.0282444444444444,0.04126735343290078,0.062033333333333336,0.0180751671088171,0.13283554086311986,0.0,0.0,0.0076444444444444,0.136,0.2649142857142857,0.0315888888888888,0.0,1.6502594781028337,0.10807017803663577,0.0,0.0499024653037718,0.0,0.041,0.1744620711246442,0.07074350646030944,0.10081509021777235,0.1288529748219169,0.035773081866838405,0.013405596338724051,0.01842842449855165,0.15724363480728562,0.006406286922990387,0.708024729601624,0.03829411220430974,0.009060167563438094,0.37160941973196504,0.3170313424976481,0.009806666666666667,0.02095333333333333,0.5013591435041466,0.004530863676046975,0.0,0.0279245493448318,0.0,0.016728571428571364,0.019542857142857098,0.025258333333333334,0.0096285714285714,0.023166666666666634,0.0,0.0218555555555555,0.0,0.0,0.0,,,,0.04177295232971704,0.046,0.0,6.1,6.0,40.0,350.0,542.56702,1.0,2024-07-26 10:00:00
2024-07-26 04:15:00,43.86044444444444,1.0,0.2776550796825396,0.2917909389871385,0.004587038996159259,0.02239013239365909,1.6054087333333336,4.6567e-07,0.0,0.0,0.0,0.0,0.0,0.0,0.0,0.0,0.0,0.0,0.0,0.0,0.0,0.0,0.0,0.0,0.0,0.141,1310.0968888888888,235.05995555555555,0.05248888888888889,235.05995555555555,40.73433093333333,-111.87211,293.23844444444444,58.32088888888889,878.7888888888888,146.62106666666665,1.4102222222222223,437801.1111111111,1968.4973333333328,137.55422222222222,20571963.066222224,0.0007600085714285,2.3940793650793655e-05,0.0005580765079365,0.0011458838095238,7.368825396825397e-05,0.0057753723809523,0.0041207565079365,0.3426783822222222,3.3814444444444445,5.470664444444445,15.3113464,0.2476623555555555,1.9986421777777776,3.9496492,0.0131919555555555,0.2586391111111111,5.025615955555555,0.0528704888888888,0.16127133333333335,0.2037711555555555,0.0266505777777777,0.2409775111111111,0.0221825333333333,0.012674077777777723,0.1480076,0.0588962222222222,0.008283008888888863,0.1244644,0.2683606222222222,0.1197752,0.0071891555555555,0.0078160444444444,3.68175,0.14150000000000001,0.06820687845178916,0.007,0.0015,0.073,0.44025000000000003,0.18975,0.087,0.008749999999999999,0.011,0.02809948364501039,1.57775,0.50075,0.62675,0.00575,0.013000000000000001,0.00375,0.04845306275464002,0.021,0.04025,0.48524999999999996,0.09475,0.16784368746981523,0.11969092104933163,0.043169993870264094,0.009000000000000001,0.0135,0.12275,0.2625,0.00275,0.006,0.09078050510149531,0.23875000000000002,0.020749999999999998,0.046,0.07200000000000001,0.01875,0.02925,0.15625,0.00532288222202014,0.004013980184206098,0.03508473592313905,0.00875,0.018750000000000003,0.0055,0.02169708628463954,0.01257754252737885,0.0075,0.0155,0.01275,0.11900000000000001,0.008,0.0055,0.057249999999999995,0.04025,0.01876708956300999,0.0010505917460317,0.0009043117460317,0.0145556203174603,0.0020362996825396,0.0014399793650793,0.0644863473015873,36900.0,36959.0,874.3169288888889,34.762124444444446,181.83872,31.3538,2.6707688888888885,0.24318222222222222,0.009831111111111112,18.4108046,16.721100155555554,15.24864320888889,14.342704004444444,13.050641822222222,11.624750995555555,10.349613044444444,9.390352457777777,8.389674222222222,7.632707422222222,7.272510777777778,7.230580528888889,7.107060333333333,6.621962373333333,5.395157488888889,15.79619719111111,4.509207631111111,1.1343105733333334,0.5921436444444445,0.15029368888888892,0.1304029111111111,0.08499171555555556,0.07610733777777777,0.05842215111111111,0.057865911111111105,0.04720531111111111,0.04687094666666667,0.04529577777777778,0.03867383555555556,0.047156897777777776,0.06770336,0.04446111111111111,0.037679000000000004,0.02029530222222222,0.02576681777777778,0.03947945333333333,1.5634362955562329,20286430.20279696,1917.3416444105194,0.5604831849494287,0.31347739435354693,0.0,0.026851693931328423,1.8306441816494978,0.0282444444444444,0.04172568764159126,0.0624875,0.0221825333333333,0.1343864733448095,0.0,0.0,0.0076444444444444,0.10753750000000001,0.26794285714285715,0.0315888888888888,0.0,1.6840852241214863,0.09031513352747683,0.0,0.04463756326354312,0.0,0.04162916666666665,0.1625382200101498,0.06912012984523208,0.09878631766332927,0.12296889778310433,0.0367673114001288,0.013139197254043038,0.016086943373913736,0.14466397610546422,0.0048047151922427905,0.6646268805345513,0.039150584153232304,0.00679512567257857,0.3413008147989738,0.34213350687323607,0.009695,0.020769999999999997,0.4659343576281099,0.003398147757035231,0.0,0.02354841200862385,0.0,0.015239285714285648,0.01828571428571425,0.02448125,0.009632142857142825,0.0238583333333333,0.0,0.021908333333333273,0.0,0.0,0.0,,,,0.038610660861658846,0.04575,0.4240086626413253,4.66268638627993,3.7234066225944065,41.667822336182674,350.0,541.82654,1.0,2024-07-26 10:15:00
2024-07-26 04:30:00,39.74977777777778,1.0,0.3507804025396825,0.29158434381023085,0.004594835779085596,0.02194880780658436,1.7981050771428573,3.87638e-07,0.0,0.0,0.0,0.0,0.0,0.0,0.0,0.0,0.0,0.0,0.0,0.0,0.0,0.0,0.0,0.0,0.0,0.141,1310.4675555555555,317.5572444444444,0.055066666666666673,317.5572444444444,40.73433013333333,-111.87211,293.68066666666664,56.08577777777778,878.8151111111112,165.35777777777778,0.7293333333333332,439527.4666666667,1973.0991111111111,139.5271111111111,20541454.470666666,0.0007676523809523,1.0930476190476193e-05,0.0005906542857142,0.0011678539682539,0.0001081707936507,0.0049128695238095,0.0044599323809523,2.7473573422222226,6.929164,12.618946222222222,17.661704888888888,0.256198,2.1775748000000004,4.3538556,0.0157136444444444,0.3106276888888889,5.203758888888888,0.0617324888888888,0.1496787111111111,0.2317067555555555,0.0537201777777777,0.3047583111111111,0.0303131111111111,0.011568488888888832,0.1825640888888889,0.0782421333333333,0.008834899999999974,0.1340278222222222,0.3278094222222222,0.1218172444444444,0.0103775999999999,0.0075924444444444,3.6885,0.14700000000000002,0.08015939776668338,0.007,0.002,0.073,0.4405,0.1895,0.086,0.0085,0.011,0.03352938901934326,1.5285,0.48350000000000004,0.7105,0.0055,0.012,0.0035,0.05641662687374828,0.021,0.0395,0.4885,0.0775,0.21592058867940278,0.15026326948076288,0.053899118950910534,0.008,0.012,0.1245,0.264,0.0025,0.006,0.10661917256578764,0.2525,0.0195,0.043,0.07400000000000001,0.0175,0.026500000000000003,0.16549999999999998,0.007650503043717524,0.004015055582991182,0.04232745438858745,0.0075,0.0165,0.005,0.03123363587142689,0.016740393527781762,0.006,0.014,0.0125,0.10200000000000001,0.008,0.005,0.0545,0.0395,0.02672460340206104,0.0011555552380952,0.0009954977777777,0.0168469041269841,0.0022046161904761,0.0016043012698412,0.0590313584126984,37800.0,37859.0,874.3733466666667,34.89505777777778,202.99304444444445,32.82604444444444,2.644897777777778,0.23212444444444447,0.009822222222222222,24.379088315555556,21.216176488888888,18.482618115555557,16.566569546666667,14.686049084444445,12.728249377777779,11.054665528888888,9.784401111111112,8.608043168888889,7.970888426666666,7.389413262222222,7.33906164,7.1864288088888895,6.8042700400000005,5.544939568888889,16.042302306666667,4.587049617777778,1.0942589333333332,0.5704660088888889,0.13876233333333332,0.11347423555555555,0.0750384,0.07385048,0.06516802666666667,0.05704159111111111,0.04609895555555556,0.04601410222222222,0.038084271111111116,0.04065864444444444,0.04413537333333333,0.05877188444444444,0.04653983111111112,0.033103737777777774,0.020595635555555554,0.024024133333333333,0.03676644444444444,1.8923606347883983,20256345.05767343,1921.9198827230161,0.4925387899662858,0.23948492956903128,0.0,0.02732283877468122,1.7505961210996652,0.0282444444444444,0.042184021850281736,0.06294166666666667,0.0303131111111111,0.13593740582649913,0.0,0.0,0.0076444444444444,0.079075,0.27097142857142853,0.0315888888888888,0.0,1.998385219404444,0.07256008901831788,0.0,0.039372661223314454,0.0,0.0422583333333333,0.1506143688956554,0.06749675323015472,0.09675754510888618,0.11708482074429175,0.0377615409334192,0.012872798169362026,0.013745462249275826,0.13208431740364282,0.0032031434614951935,0.6212290314674787,0.04000705610215487,0.004530083781719047,0.3109922098659825,0.36723567124882406,0.009583333333333333,0.020586666666666666,0.4305095717520733,0.0022654318380234875,0.0,0.0191722746724159,0.0,0.013749999999999932,0.0170285714285714,0.023704166666666665,0.009635714285714251,0.024549999999999968,0.0,0.02196111111111105,0.0,0.0,0.0,,,,0.04960305562548444,0.0455,1.8464667736587814,8.20000501133862,9.079496565014693,37.871364842996016,350.0,541.086,1.0,2024-07-26 10:30:00
2024-07-26 04:45:00,40.85866666666666,1.0,0.2844113244444444,0.2913777486333232,0.004602632562011933,0.021507483219509627,1.600601817777778,3.09606e-07,0.0,0.0,0.0,0.0,0.0,0.0,0.0,0.0,0.0,0.0,0.0,0.0,0.0,0.0,0.0,0.0,0.0,0.141,1309.9737777777777,271.72755555555557,0.053422222222222225,271.72755555555557,40.734336533333334,-111.87211,294.22555555555556,54.467555555555556,878.6768888888889,182.786,1.1137777777777775,440720.3555555556,1980.5355555555557,142.48533333333333,20572446.6,0.0008178177777777,5.439555555555555e-05,0.0008540133333333,0.0015450355555555,0.0001317777777777,0.0046254666666666,0.0096212444444444,0.911582537777778,5.490491555555556,8.346857333333334,20.585320444444445,0.2524322222222222,2.1653368888888886,4.331728755555556,0.0210107111111111,0.2899921333333333,5.1899842666666665,0.0744532444444444,0.18448168888888888,0.2321266666666666,0.0587750666666666,0.3435519555555555,0.0308704888888888,0.010462899999999942,0.1901774222222222,0.0763357777777777,0.009386791111111086,0.1265777777777778,0.3892815555555555,0.1114592888888888,0.0118487111111111,0.0075443111111111,3.6952499999999997,0.1525,0.08239137227236831,0.007,0.0025,0.073,0.44075,0.18925,0.085,0.00825,0.011,0.03472568184053165,1.47925,0.46625,0.79425,0.00525,0.011,0.0032500000000000003,0.05653633037242593,0.021,0.03875,0.49175,0.06025,0.24516258958744122,0.18187614440994673,0.06499340861710241,0.007,0.010499999999999999,0.12625,0.2655,0.0022500000000000003,0.006,0.11010867797674537,0.26625000000000004,0.018250000000000002,0.04,0.076,0.01625,0.02375,0.17475,0.007421138147994355,0.004016130981776267,0.04392313820051189,0.00625,0.01425,0.0045000000000000005,0.030293899604616384,0.01633018415144433,0.0045,0.0125,0.01225,0.085,0.008,0.0045000000000000005,0.051750000000000004,0.03875,0.025940466091165768,0.0010782088888888,0.00111332,0.0157827777777777,0.0020594577777777,0.0017462,0.0551638844444444,38700.0,38759.0,874.2332,34.97496888888889,194.80058222222223,33.271662222222226,2.888182222222222,0.24918666666666667,0.010342222222222221,21.02924984,18.77317316888889,16.63066970222222,15.38600452,13.948963293333332,12.300936702222224,10.877073457777778,9.846383351111111,8.677803031111113,8.01227279111111,7.592837484444444,7.54087248,7.379114662222222,6.9532468355555554,5.683690955555556,16.570351675555557,4.7971134,1.1842659288888888,0.5852705333333332,0.1468511866666667,0.11520716444444444,0.07613862222222222,0.06571904,0.06701512444444443,0.05584141333333333,0.05414833777777777,0.04480421777777777,0.042382284444444446,0.046032253333333335,0.05244285777777778,0.07362935555555555,0.054094364444444445,0.04103812444444444,0.024469275555555555,0.028600266666666666,0.042835844444444444,1.800609733361824,20286907.02526655,1929.3182875370676,0.4245943949831429,0.16549246478451562,0.0,0.02779398361803402,1.6705480605498326,0.0282444444444444,0.04264235605897221,0.06339583333333333,0.0308704888888888,0.13748833830818877,0.0,0.0,0.0076444444444444,0.050612500000000005,0.27399999999999997,0.0315888888888888,0.0,1.910713665657778,0.05480504450915894,0.0,0.03410775918308578,0.0,0.04288749999999995,0.138690517781161,0.06587337661507736,0.09472877255444309,0.11120074370547918,0.0387557704667096,0.012606399084681013,0.011403981124637912,0.1195046587018214,0.0016015717307475965,0.577831182400406,0.04086352805107744,0.002265041890859524,0.28068360493299127,0.392337835624412,0.009471666666666666,0.020403333333333332,0.3950847858760366,0.0011327159190117437,0.0,0.014796137336207951,0.0,0.012260714285714215,0.015771428571428547,0.022927083333333334,0.009639285714285675,0.025241666666666634,0.0,0.022013888888888826,0.0,0.0,0.0,,,,0.06096957532940649,0.04525,0.7605368827998852,6.765550355777457,5.878490639082017,38.89549301312258,350.0,540.34546,1.0,2024-07-26 10:45:00
2024-07-26 05:00:00,44.51511111111111,1.0,0.2264691022222222,0.29117115345641553,0.00461042934493827,0.021066158632434894,1.4096301244444445,2.31574e-07,1.930568888888889e-16,2.4579555555555555e-15,0.0,1.0026677120000001e-29,6.9067164e-27,1.6488230222222222e-22,0.0,4.808890266666638e-32,1.4203111111111112e-18,5.5651267555555555e-22,2.3271193057777778e-30,4.069066666666666e-14,8.083553777777777e-20,4.4328e-14,1.2506933333333334e-13,7.480058666666669e-23,4.0657825360000005e-30,0.141,1310.1342222222222,321.1593777777778,0.048266666666666666,321.1593777777778,40.73434,-111.87211,294.1228888888889,54.45511111111111,878.5804444444444,163.18684444444443,1.6044444444444443,439679.68888888886,1977.412,155.97733333333332,20332954.24977777,0.0008072711111111,7.290666666666666e-05,0.0009415688888888,0.0012193599999999,0.00013052,0.0050086488888888,0.0085779377777777,0.0334012088888888,2.926504,4.517756888888889,17.988392133333335,0.2456188444444444,2.0683148,6.700015422222222,0.0147903111111111,0.2595170222222222,4.867778,0.0647800888888888,0.18510053333333334,0.1998811111111111,0.0449973777777777,0.3082610222222222,0.0238891111111111,0.00935731111111105,0.1715043111111111,0.0666296888888889,0.009938682222222198,0.1084480444444444,0.3432700444444444,0.0953253777777777,0.0116296444444444,0.0058592444444444,3.702,0.158,0.074,0.007,0.003,0.073,0.441,0.189,0.084,0.008,0.011,0.026,1.43,0.449,0.878,0.005,0.01,0.003,0.023,0.021,0.038,0.495,0.043,0.192,0.111,0.045,0.006,0.009,0.128,0.267,0.002,0.006,0.097,0.28,0.017,0.037,0.078,0.015,0.021,0.184,0.004,0.004017206380561351,0.036,0.005,0.012,0.004,0.021,0.013,0.003,0.011,0.012,0.068,0.008,0.004,0.049,0.038,0.018,0.0010393688888888,0.0010401333333333,0.0139335377777777,0.0019309466666666,0.0015454444444444,0.0587023955555555,39600.0,39659.0,874.1190666666666,34.925404444444446,176.53344888888887,32.22649777777778,3.0646533333333332,0.27050222222222225,0.010608888888888888,17.10605084888889,15.766576337777776,14.282848217777778,13.365513346666667,12.381642742222223,11.164158004444444,9.968514928888888,9.046047457777778,8.172410777777777,7.556022426666667,7.258918933333334,7.244390853333333,7.091090693333333,6.787505177777778,5.464835684444444,16.248205204444442,4.741848320000001,1.1909638266666667,0.5998037733333333,0.15245444,0.11406775555555555,0.07932501777777777,0.07876227555555555,0.062155857777777775,0.05829557777777778,0.05298907111111111,0.04331632444444444,0.042576826666666664,0.050921275555555555,0.06053064888888889,0.07553716888888888,0.05112968888888889,0.04876188,0.02996092888888889,0.03759036888888889,0.0576574,1.461607689709225,20050738.75920232,1926.210709899418,0.35665,0.0915,0.0,0.028265128461386818,1.5905,0.0282444444444444,0.04310069026766269,0.06385,0.0238891111111111,0.1390392707898784,0.0,0.0,0.0076444444444444,0.02215,0.2770285714285714,0.0315888888888888,0.0,1.5867840319625357,0.03705,0.0,0.0288428571428571,0.0,0.0435166666666666,0.1267666666666666,0.06425,0.0927,0.1053166666666666,0.03975,0.01234,0.0090625,0.106925,0.0,0.5344333333333333,0.04172,0.0,0.250375,0.41744,0.00936,0.02022,0.35966,0.0,0.0,0.01042,0.0,0.0107714285714285,0.0145142857142857,0.02215,0.0096428571428571,0.0259333333333333,0.0,0.0220666666666666,0.0,0.0,0.0,,,,0.03699433441571638,0.045,0.3,4.0,3.009408667136909,43.0,341.83334,539.60492,1.0,2024-07-26 11:00:00
2024-07-26 05:15:00,46.98133333333333,1.0,0.198897478095238,0.2909645582795079,0.0046182261278646065,0.02062483404536016,1.3211652187301588,3.520969866666667e-07,1.3285028647586665e-09,4.949100726711111e-09,2.7513101929266667e-35,4.921037626970066e-13,1.7745276481427854e-12,2.158672018481918e-11,7.845542619873333e-36,1.2190613931963627e-13,1.5200552742424443e-10,1.123112153622351e-10,5.444750143379988e-15,1.8820885222666668e-08,8.084030071980977e-10,3.1838450542222223e-09,2.6827732728444445e-08,1.6103773145579815e-12,9.656541523618606e-14,0.141,1310.0506666666668,359.09128888888887,0.04648888888888889,359.09128888888887,40.73434,-111.87211,293.85711111111107,54.27733333333334,878.6635555555556,161.36826666666667,1.5995555555555554,438734.9333333333,1973.18,133.77333333333334,19843872.150222227,0.0007614755555555,5.822730158730158e-05,0.0006260123809523,0.0011228266666666,0.0001124193650793,0.0045553304761904,0.0109696549206349,0.0285097448888888,2.415993333333333,3.862712444444445,15.853720399999998,0.2393426222222222,1.813853822222222,5.804273377777777,0.0123628444444444,0.2372381777777777,4.478185111111111,0.0572644444444444,0.1653376,0.1825549333333333,0.0353405333333333,0.2676999555555556,0.0201904,0.008251722222222157,0.1707249777777778,0.0716995111111111,0.010490573333333308,0.0862208,0.2455231111111111,0.0870831555555555,0.0110766222222222,0.0052578666666666,3.7093863636363635,0.1583409090909091,0.07204390824252677,0.007113636363636364,0.0029318181818181817,0.07304545454545454,0.44125000000000003,0.18925,0.08377272727272728,0.007977272727272727,0.015745,0.031669094321689066,1.5170653540390642,0.41338687230096494,0.68875,0.0049642857142857145,0.008672658072316609,0.0029772727272727273,0.04240498266930389,0.017436235502019063,0.043796008744134404,0.5494083333333333,0.05630831594241904,0.1879866195376828,0.10794642247247943,0.03904835452276232,0.006318181818181818,0.009954545454545454,0.14240625,0.3266696089349055,0.002022727272727273,0.006068181818181818,0.10119281850057502,0.315995750177331,0.016954545454545455,0.038978571428571425,0.09289602173730695,0.015022727272727273,0.024332056939129026,0.2476847396285518,0.006863321523783944,0.004018281779346436,0.03984608688233856,0.005272727272727273,0.013409090909090909,0.004090909090909091,0.028008456096151095,0.015332552805956398,0.003,0.017309182818294095,0.016212989951182817,0.06323643432816159,0.006,0.005157931594482527,0.06142293977657161,0.049120284982746204,0.024033440056070356,0.0010710257142857,0.0008716863492063,0.0129737946031746,0.0019222755555555,0.0014067644444444,0.0571381961904761,40500.0,40559.0,874.2035599999999,34.9602,172.3065288888889,32.2038,3.1325066666666666,0.27716,0.010915555555555557,16.482449933333335,15.014468288888889,13.685486982222221,13.001416022222223,11.892587786666667,10.721043431111111,9.61234936,8.742411715555557,7.975045440000001,7.426875213333333,7.000753488888889,7.080680297777778,6.976283453333333,6.738401373333333,5.5436320044444445,16.47091456,4.923144857777777,1.2459416755555557,0.64740988,0.15088902666666665,0.1228183288888889,0.086187,0.07242575555555555,0.06363905333333333,0.06093905777777778,0.05119488888888889,0.05035953777777778,0.042527737777777776,0.05076748444444444,0.05986079111111111,0.07461378222222222,0.055485466666666663,0.05417471555555555,0.03924723555555556,0.03359919555555556,0.05656754666666666,1.325901624669431,19568444.976925325,1922.0003578411226,0.37735,0.09887499999999999,0.0,0.03193269558281131,1.7074875,0.0282444444444444,0.04667954744918964,0.06990625,0.0201904,0.15181614256391224,0.0,0.0,0.0076444444444444,0.028759375,0.30703571428571425,0.0315888888888888,0.0,1.4571116103307316,0.0545375,0.0,0.03286071428571425,0.0,0.04871249999999995,0.1358166666666666,0.07537916666666665,0.11087916666666665,0.12521249999999992,0.04185625,0.01675,0.011734375,0.12660000000000002,0.0,0.5789833333333333,0.04415,0.0,0.3121625,0.44199499999999997,0.011915,0.024159999999999997,0.43432,0.0,0.0,0.01205,0.0108892857142857,0.022010714285714224,0.02367142857142855,0.024678125,0.01357499999999995,0.030587499999999976,0.0,0.024216666666666598,0.0,0.0,0.0,,,,0.03438788533790419,0.04406818181818182,0.2381660891270206,3.7000657102546644,2.518594640802056,44.550158212186226,324.33334,538.86444,1.0,2024-07-26 11:15:00
2024-07-26 05:30:00,45.94133333333333,1.0,0.2118444158730158,0.29075796310260027,0.004626022910790943,0.02018350945828543,1.3571636015873016,2.691875e-07,3.799949538222222e-08,1.1698510808888887e-07,7.114987365191474e-31,3.236232009008138e-11,9.384004075849334e-11,1.0140524037644443e-09,2.8195619990331086e-31,1.538307273907442e-11,6.216556010755556e-09,4.642389905635556e-09,3.9675004570086223e-13,3.608481302222222e-07,2.994384719733333e-08,5.337293822222222e-08,4.938548244444444e-07,7.800380026088889e-11,1.0621356062413644e-11,0.141,1309.8342222222223,322.6720888888889,0.050577777777777784,322.6720888888889,40.73434,-111.87211,293.72066666666666,54.80311111111111,878.6293333333334,151.86995555555555,1.454222222222222,440920.5777777778,1977.9604444444444,136.32266666666666,19962082.660888888,0.0007358806349206,5.250571428571428e-05,0.0008295082539682,0.0015607879365079,0.0001128714285714,0.0051648831746031,0.0157910333333333,0.0405321106666666,2.8397613333333336,4.506373777777778,16.751767822222224,0.2375041777777777,1.7172430222222224,3.1331262666666664,0.0122595111111111,0.2298908444444444,4.524239377777778,0.0498750666666666,0.1775152888888889,0.1861187555555555,0.0457673777777777,0.2785164,0.0296633777777777,0.007146133333333266,0.1868784444444444,0.0744233333333333,0.01104246444444442,0.0995531111111111,0.2124063111111111,0.0876639111111111,0.0086829333333333,0.0066329777777777,3.716772727272727,0.15868181818181817,0.07664785730773715,0.007227272727272727,0.0028636363636363638,0.07309090909090908,0.4415,0.1895,0.08354545454545455,0.007954545454545455,0.02049,0.034207309235520844,1.6041307080781286,0.3777737446019299,0.4995,0.004928571428571429,0.007345316144633218,0.0029545454545454545,0.04342091670242898,0.013872471004038125,0.0495920174882688,0.6038166666666667,0.06961663188483808,0.19613987460808874,0.09091566073239346,0.03307154272049294,0.006636363636363636,0.010909090909090908,0.15681250000000002,0.38633921786981096,0.0020454545454545456,0.006136363636363637,0.10859662007750917,0.351991500354662,0.016909090909090912,0.040957142857142845,0.10779204347461391,0.015045454545454544,0.027664113878258054,0.31136947925710357,0.007191040662088321,0.00401935717813152,0.0432317031607704,0.005545454545454545,0.014818181818181819,0.0041818181818181815,0.029351161825471664,0.015918664568673274,0.003,0.023618365636588187,0.020425979902365637,0.05847286865632319,0.004,0.006315863188965053,0.0738458795531432,0.060240569965492416,0.0251538242501236,0.0011262098412698,0.0008823142857142,0.012627218095238,0.0020635746031746,0.0014086428571428,0.0628772996825396,41400.0,41459.0,874.1881333333333,35.043262222222225,179.19739111111113,33.55029777777778,3.2256311111111113,0.2749288888888889,0.011342222222222222,16.93814948888889,15.622512742222222,14.251294995555556,13.45051888,12.288429475555555,11.146144697777776,10.01118776888889,9.123986888888888,8.276567875555555,7.735483582222222,7.228840826666667,7.437868764444445,7.35080724,6.958335408888889,5.789022511111112,17.15241294666667,5.216197177777778,1.3640029111111112,0.6711368533333333,0.15659507555555555,0.13651234222222222,0.08446727111111112,0.08024690222222224,0.06778292888888889,0.0641440088888889,0.05810316888888889,0.049259982222222214,0.0519522,0.048262559999999996,0.05792719111111111,0.09345522666666667,0.05565610666666666,0.05312738666666667,0.037999382222222225,0.03736892888888889,0.051542502222222224,1.5278726132936995,19685014.760088783,1926.7563488870187,0.39805,0.10625,0.0,0.035600262704235795,1.824475,0.0282444444444444,0.05025840463071658,0.0759625,0.0296633777777777,0.1645930143379461,0.0,0.0,0.0076444444444444,0.03536875,0.3370428571428571,0.0315888888888888,0.0,1.6501027429422224,0.072025,0.0,0.0368785714285714,0.0,0.053908333333333294,0.1448666666666666,0.0865083333333333,0.1290583333333333,0.14510833333333326,0.0439625,0.021159999999999998,0.014406249999999999,0.14627500000000002,0.0,0.6235333333333333,0.046579999999999996,0.0,0.37395,0.46655,0.01447,0.0281,0.50898,0.0,0.0,0.013680000000000001,0.0217785714285714,0.033249999999999946,0.0328285714285714,0.02720625,0.017507142857142798,0.03524166666666665,0.0,0.0263666666666666,0.0,0.0,0.0,,,,0.028264415412276436,0.04313636363636363,0.24527777097673362,4.122591339924718,3.0008794892405914,43.589653234993364,306.83334,538.1239,8.989743309402561,2024-07-26 11:30:00
2024-07-26 05:45:00,43.309333333333335,1.0,0.2513467866666666,0.29055136792569264,0.00463381969371728,0.019742184871210697,1.4667138355555556,7.289156250000001e-07,1.1968167111111111e-06,3.3495654666666666e-06,6.986426471111111e-29,1.1987624444444446e-09,3.5011789333333332e-09,3.6843242666666663e-08,2.774376346666667e-29,5.260128888888888e-10,2.1985524444444445e-07,1.6475931555555555e-07,1.438470711111111e-11,8.523186222222221e-06,1.0282603999999999e-06,9.048625777777778e-07,1.0354458222222223e-05,2.8363744444444445e-09,3.6644406222222224e-10,0.141,1309.9226666666666,85.09088888888888,0.05142222222222222,85.09088888888888,40.73434,-111.87211,293.61577777777774,55.35155555555556,878.6626666666667,138.24004444444444,1.2959999999999998,444227.6888888889,1982.4577777777777,156.92000000000002,20212278.894222222,0.0007945022222222,1.432e-05,0.0013310133333333,0.0018544844444444,0.0001274177777777,0.0054752488888888,0.0152778444444444,0.0892861185806785,3.843598897158397,5.911992317756318,22.428344423548676,0.2409288115625115,1.955890048867799,3.65609223011618,0.0127067279775779,0.2556021047896548,4.831365007816258,0.0477147629629629,0.20071450022570023,0.2029093061901062,0.071024761046361,0.339365083953084,0.069124698055648,0.0060405444444443755,0.217432482003182,0.0893899032652532,0.011594355555555533,0.1148410695027195,0.2453766522866023,0.0927862224590224,0.0091926985791985,0.0073662789950789,3.7241590909090907,0.15902272727272726,0.08780019651339324,0.007340909090909091,0.0027954545454545454,0.07313636363636364,0.44175,0.18975,0.08331818181818182,0.007931818181818182,0.025235,0.03900830430423866,1.6911960621171929,0.34216061690289484,0.31025,0.004892857142857143,0.006017974216949827,0.0029318181818181817,0.0482073765090334,0.010308706506057188,0.0553880262324032,0.6582250000000001,0.08292494782725712,0.24200659573961789,0.10787110404361727,0.03902192211290174,0.006954545454545455,0.011863636363636363,0.17121875,0.44600882680471643,0.0020681818181818184,0.006204545454545455,0.12260079863107584,0.387987250531993,0.016863636363636365,0.04293571428571427,0.12268806521192085,0.015068181818181817,0.030996170817387078,0.3750542188856554,0.00899175708236169,0.004020432576916605,0.049635545076892454,0.005818181818181818,0.01622727272727273,0.004272727272727273,0.03672891909315082,0.019139169421396887,0.003,0.029927548454882283,0.024638969853548454,0.05370930298448477,0.002,0.00747379478344758,0.08626881932971481,0.07136085494823863,0.03130999268656266,0.0011521022222222,0.0010117866666666,0.01315052,0.0021098488888888,0.00150896,0.0578712266666666,42300.0,42359.0,874.2089022222223,35.15349333333334,189.3178311111111,35.481991111111114,3.457777777777778,0.2787688888888889,0.012084444444444445,18.12033820888889,16.564155955555556,15.124528288888888,14.222895679999999,13.036068284444443,11.698300733333333,10.572837693333332,9.576425457777779,8.71046192,8.148328462222223,7.667874146666667,7.7641641111111115,7.737837684444445,7.337513982222222,6.085690048888889,18.045574400000003,5.523816404444445,1.4415986977777777,0.7056470355555555,0.15409716444444443,0.1404602888888889,0.08629617333333334,0.08265674666666666,0.06995903111111111,0.06421249777777778,0.06225271555555555,0.05465152,0.05459254666666667,0.04891011111111111,0.06266579555555556,0.09612719111111111,0.06157203555555556,0.05419134222222222,0.03640480888888889,0.04419259111111111,0.060469697777777776,1.6148947179024995,19931738.34248006,1931.2306770195423,0.41875,0.113625,0.0,0.03926782982566028,1.9414625,0.0282444444444444,0.053837261812243534,0.08201875,0.069124698055648,0.17736988611197993,0.0,0.0,0.0076444444444444,0.041978125,0.36704999999999993,0.0315888888888888,0.0,1.7332557474657144,0.0895125,0.0,0.04089642857142855,0.0,0.059104166666666645,0.1539166666666666,0.09763749999999995,0.14723749999999997,0.16500416666666656,0.046068750000000006,0.02557,0.017078125,0.16595000000000001,0.0,0.6680833333333334,0.04901,0.0,0.4357375,0.491105,0.017025,0.03204,0.5836399999999999,0.0,0.0,0.01531,0.0326678571428571,0.044489285714285676,0.04198571428571425,0.029734375,0.021439285714285647,0.039895833333333325,0.0,0.0285166666666666,0.0,0.0,0.0,,,,0.03436080433348279,0.04220454545454545,0.27411760163832655,5.12348593022327,4.054086337949765,41.15883679271296,289.33334,537.90973,0.7088823268891811,2024-07-26 11:45:00
2024-07-26 06:00:00,41.76133333333333,1.0,0.2653659288888889,0.290344772748785,0.004641616476643616,0.019300860284135964,1.516782768888889,5.648929953951603e-06,1.8297632444444445e-05,5.622592444444444e-05,1.1260637333333333e-27,1.4797721777777778e-08,4.5211675555555557e-08,4.874006222222223e-07,4.491074666666666e-28,6.264630222222223e-09,3.002434222222222e-06,2.2467468444444447e-06,1.7696196e-10,0.0001710009688888889,1.4407681777777779e-05,2.475239911111111e-05,0.00022745225333333335,3.728567111111111e-08,4.434364888888889e-09,0.141,1309.6404444444445,16.59004444444444,0.04671111111111111,16.59004444444444,40.73434,-111.87211,293.25266666666664,56.25644444444445,878.5413333333333,125.7743111111111,1.825333333333333,445733.6444444445,1984.8137777777777,159.3,20241086.289333336,0.0007714311111111,6.4000000000000006e-06,0.0013489111111111,0.0020119911111111,0.0001100533333333,0.0060391422222222,0.0154526399999999,0.2823243272723573,4.30750609002109,7.043583918618419,21.70999779240204,0.2446749328430828,2.0951782512080515,3.821234178214378,0.0134310034854034,0.2713778509250009,4.890370286102786,0.0580882375013875,0.21333347135457137,0.2118233772468272,0.0773624312002812,0.3098432237207237,0.0428149843508343,0.004934955555555483,0.2015648935749436,0.085189463057313,0.012146246666666643,0.1106345157638657,0.2649540706441706,0.1027921198745698,0.0074630335608835,0.0081692147944647,3.7315454545454547,0.15936363636363637,0.08695688373023966,0.007454545454545455,0.0027272727272727275,0.07318181818181818,0.442,0.19,0.08309090909090909,0.007909090909090909,0.02998,0.044131455809371584,1.778261416156257,0.30654748920385977,0.121,0.004857142857142858,0.004690632289266436,0.0029090909090909093,0.04637482145827509,0.00674494200807625,0.061184034976537606,0.7126333333333333,0.09623326376967617,0.21975351083139413,0.10577668687182173,0.03816772889063584,0.007272727272727273,0.012818181818181817,0.185625,0.5056784357396219,0.0020909090909090908,0.006272727272727273,0.12032545585894897,0.423983000709324,0.01681818181818182,0.0449142857142857,0.1375840869492278,0.01509090909090909,0.0343282277565161,0.4387389585142072,0.009872141130792872,0.004021507975701689,0.05127936069030529,0.006090909090909091,0.017636363636363638,0.004363636363636364,0.03485368720298389,0.019306506752582327,0.003,0.03623673127317638,0.02885195980473127,0.04894573731264636,0.0,0.008631726377930107,0.09869175910628641,0.08248113993098483,0.032137538869251206,0.0011570222222222,0.0010716311111111,0.0133198711111111,0.0020772088888888,0.0015985066666666,0.0566331111111111,43200.0,43259.0,874.0931377777778,35.14868444444445,192.2174711111111,35.386364444444446,3.3245066666666667,0.26928,0.011804444444444444,18.49435576888889,16.939198635555556,15.45506596,14.57436420888889,13.320729373333334,11.98874556,10.72269408888889,9.750468106666666,8.802902582222222,8.070509133333333,7.73196828,7.715723737777778,7.847237022222222,7.547658146666667,6.1363208799999995,18.17811985333333,5.601465915555555,1.46096608,0.7084209022222222,0.15554552444444444,0.12962096888888888,0.08372480888888889,0.0783777688888889,0.06528919555555555,0.05994661333333333,0.05781830222222222,0.052160551111111106,0.04996698222222222,0.048949448888888886,0.06610444444444445,0.08232312888888889,0.05918819555555555,0.0561594,0.03619244,0.02976810666666667,0.05947735111111111,1.644790157887461,19960145.899326473,1933.5746253771376,0.43945,0.121,0.0,0.04293539694708477,2.05845,0.0282444444444444,0.057416118993770485,0.088075,0.0428149843508343,0.19014675788601376,0.0,0.0,0.0076444444444444,0.0485875,0.3970571428571428,0.0315888888888888,0.0,1.7618220027577052,0.107,0.0,0.0449142857142857,0.0,0.0643,0.1629666666666666,0.1087666666666666,0.1654166666666666,0.1848999999999999,0.048175,0.02998,0.01975,0.185625,0.0,0.7126333333333333,0.05144,0.0,0.497525,0.51566,0.01958,0.03598,0.6583,0.0,0.0,0.01694,0.0435571428571428,0.0557285714285714,0.0511428571428571,0.0322625,0.0253714285714285,0.04455,0.0,0.0306666666666666,0.0,0.0,0.0,,,,0.03356061198925666,0.04127272727272727,0.3883069675609023,5.6,4.6,36.0,270.66666,538.80688,0.3920776458753024,2024-07-26 12:00:00
2024-07-26 06:15:00,41.04222222222222,1.0,0.2764075974603174,0.2901381775718774,0.004649413259569953,0.01885953569706123,1.534305716825397,5.211899933015873e-05,0.00011995146666666667,0.00039655871111111106,5.251944444444444e-27,8.293773333333333e-08,2.6161186666666667e-07,2.8521217777777777e-06,2.033205777777778e-27,2.904005777777778e-08,1.801280888888889e-05,1.3377555555555555e-05,9.485035555555554e-10,0.0013786093333333332,8.779217777777777e-05,0.00023262884444444446,0.001963401777777778,2.170180888888889e-07,2.1328884444444446e-08,0.141,1309.108888888889,75.48391111111111,0.04835555555555556,75.48391111111111,40.73434,-111.87211,292.774,57.05555555555556,878.468,120.7808,1.944888888888889,446381.9555555556,1984.8937777777776,164.55555555555557,20097699.270222224,0.000672198095238,1.969650793650794e-05,0.0009613441269841,0.0019615876190476,0.0001014682539682,0.0061871587301587,0.0148101361904761,0.3245796711111111,4.448768,7.146832444444445,22.188798044444447,0.2399490222222222,2.1579465333333334,3.913109155555556,0.0114412,0.2708517333333333,4.897200311111111,0.0494691111111111,0.2014802222222222,0.2102900444444444,0.0859080888888888,0.3030383555555556,0.0288796444444444,0.0038293666666665907,0.1859769777777778,0.0789957777777777,0.012698137777777755,0.1109633333333333,0.2393833333333333,0.0965884888888888,0.0090752888888888,0.0083418666666666,3.7389318181818183,0.15970454545454546,0.09437189552289897,0.0075681818181818185,0.002659090909090909,0.07322727272727272,0.44225000000000003,0.19025,0.08286363636363636,0.007886363636363636,0.027445,0.04072654816742145,1.8684552283683615,0.281177669923677,0.1355625,0.004821428571428571,0.017462706225229115,0.0028863636363636366,0.045937951932338725,0.00674494200807625,0.062438455982779716,0.689825,0.11407528821731655,0.21462411492351818,0.10368226970002618,0.037313535668369945,0.007590909090909091,0.013772727272727272,0.174425,0.4306263576192373,0.0021136363636363635,0.006340909090909091,0.11106346245562036,0.3587185667653443,0.016772727272727272,0.0472392857142857,0.1300473730500419,0.015113636363636364,0.03889751616992454,0.38982192955615763,0.009030126571905071,0.004022583374486774,0.04729247414347397,0.006363636363636364,0.019045454545454546,0.004454545454545455,0.03164215895241364,0.01947384408376777,0.003,0.034462655374348436,0.026042388079024276,0.04801677316466314,0.00200416666666665,0.007844456081185561,0.09299932652266678,0.07828559594645138,0.029281185686467703,0.0011667958730158,0.0010296447619047,0.0136871336507936,0.0020291409523809,0.0016149853968253,0.0530738022222222,44100.0,44159.0,874.0149333333334,35.06991555555555,190.53949777777777,34.49612,3.133844444444444,0.2598977777777778,0.011364444444444444,18.56750016,16.96958536,15.431479742222223,14.395487955555556,13.302648915555555,11.973244671111111,10.606244191111111,9.624251062222221,8.716688546666667,8.008651488888889,7.569068088888889,7.605825702222222,7.726885888888889,7.4233787244444445,6.065124933333333,17.855140693333333,5.492528422222223,1.43123596,0.6861944666666666,0.15246853777777777,0.11880000888888889,0.08078716888888889,0.0689197911111111,0.059218844444444446,0.06095427111111111,0.05045421333333333,0.053912115555555556,0.04332281777777778,0.04867476444444444,0.05646327555555555,0.07273296444444445,0.05105065777777778,0.050804688888888894,0.03163580888888889,0.035832222222222224,0.052295426666666665,1.6655587677833166,19818749.05033248,1933.6542161532868,0.46925,0.13169635813034333,0.0,0.04286729671806783,3.1553426911753633,0.0282444444444444,0.057323884651675046,0.08365625,0.0288796444444444,0.189863865708602,0.0,0.0,0.0076444444444444,0.047459375,0.3965071428571428,0.0315888888888888,0.0,1.7816672170326318,0.09449938303389833,0.0,0.0472392857142857,0.0,0.06572499999999998,0.17597499999999994,0.10492083333333327,0.15821249999999995,0.17665416666666656,0.047031250000000004,0.027445,0.02234375,0.174425,0.00200416666666665,0.689825,0.04911,0.0,0.456225,0.482355,0.019299999999999977,0.035434999999999994,0.61016,0.0,0.0,0.032005000000000006,0.039053571428571375,0.0547785714285714,0.05023214285714282,0.03165625,0.024035714285714223,0.0417,0.0,0.0301666666666666,0.004609375,0.0,0.0,,,,0.032760419645030535,0.040340909090909094,0.4133025938283134,5.726880844976176,4.979331730991248,39.06501803687501,250.66667,542.10632,0.5936633610124574,2024-07-26 12:15:00
2024-07-26 06:30:00,38.06933333333333,1.0,0.3396248088888889,0.28993158239496974,0.0046572100424962905,0.018418211109986496,1.6556262095238097,0.00019355197777777777,0.0003900542222222222,0.0013652275555555557,1.2031106666666667e-26,2.752750222222222e-07,8.289835555555557e-07,8.932982222222222e-06,4.552786666666666e-27,8.454226666666667e-08,5.6400800000000004e-05,4.1286977777777775e-05,3.0285177777777775e-09,0.005482666666666667,0.0002731675111111111,0.00120384,0.008658115555555557,6.822422222222222e-07,6.263688888888888e-08,0.141,1308.9204444444445,150.41115555555555,0.04528888888888889,150.41115555555555,40.73434,-111.87211,292.66377777777774,56.75955555555556,878.3075555555555,113.71951111111112,1.294222222222222,451456.7111111111,1987.2817777777775,162.91866666666664,19995342.19155556,0.0005841209523809,4.1246666666666666e-05,0.0006165279365079,0.0016157603174603,9.381904761904764e-05,0.0073211657142857,0.0077882533333333,0.2838896888888888,4.509281777777779,7.247149333333333,27.755465377777774,0.2477048,2.4940555555555552,6.654119777777778,0.0129049777777777,0.3138314666666666,5.2079576888888885,0.0530641333333333,0.24748951111111112,0.2331671111111111,0.0998795555555555,0.3468832,0.0415056888888888,0.0027237777777777,0.2097002666666666,0.0822212,0.013250028888888868,0.1280468,0.2617771111111111,0.1167805777777777,0.0100416888888888,0.0113326666666666,3.746318181818182,0.16004545454545455,0.10054096433775897,0.007681818181818182,0.0025909090909090908,0.07327272727272727,0.4425,0.1905,0.08263636363636365,0.007863636363636364,0.02491,0.045908485809441235,1.915633793928464,0.2736216133751056,0.150125,0.0047857142857142855,0.0302347801611918,0.0028636363636363638,0.05245597153900869,0.00674494200807625,0.06369287698902183,0.6670166666666667,0.13191731266495693,0.24767362598178785,0.10158785252823065,0.03645934244610405,0.007909090909090909,0.014727272727272726,0.163225,0.3555742794988527,0.0021363636363636363,0.006409090909090909,0.12515931388651513,0.2934541328213647,0.01672727272727273,0.0495642857142857,0.12251065915085602,0.015136363636363635,0.04346680458333298,0.3409049005981081,0.009468613893604306,0.004023658773271858,0.053360126968164015,0.006636363636363636,0.020454545454545454,0.004545454545454545,0.03331459371769141,0.01964118141495321,0.003,0.03268857947552049,0.02323281635331728,0.04708780901667993,0.0040083333333333,0.008254434792633089,0.08730689393904714,0.07409005196191792,0.03076865955936628,0.0011139685714285,0.0010070219047619,0.0135940526984127,0.0019422057142857,0.0015932758730158,0.0562468241269841,45000.0,45059.0,873.8725466666667,35.11857333333333,186.9413911111111,33.92208888888889,3.1272711111111113,0.26388,0.011164444444444444,18.349256840000002,16.68736198222222,15.155400066666667,14.144054675555557,13.038600222222222,11.676290133333334,10.472993706666667,9.526297897777777,8.571702511111111,7.878220653333333,7.470895471111111,7.468459471111112,7.528328368888889,7.244896715555556,5.900224866666667,17.504855973333335,5.216662768888889,1.3174785244444442,0.6800631733333333,0.15366924444444446,0.12232765333333333,0.07667452000000001,0.07382562666666666,0.07004915111111112,0.061419937777777774,0.048749377777777776,0.05073703555555555,0.04645904888888889,0.043536964444444444,0.05747369333333333,0.08439745777777778,0.05259098222222222,0.045002155555555555,0.03626792,0.03294874666666667,0.05305545333333333,1.7972393481321722,19717812.658144273,1936.030000821342,0.49905,0.12906682195275718,0.0,0.04279919648905088,3.630993631915217,0.0282444444444444,0.05723165030957961,0.0792375,0.0415056888888888,0.18958097353119024,0.0,0.0,0.0076444444444444,0.046331250000000004,0.3959571428571428,0.0315888888888888,0.0,1.9074931315244443,0.09244184444681981,0.0,0.0495642857142857,0.0,0.06714999999999995,0.18898333333333328,0.10107499999999994,0.1510083333333333,0.16840833333333324,0.0458875,0.02491,0.0249375,0.163225,0.0040083333333333,0.6670166666666667,0.04678,0.0,0.414925,0.44905,0.01901999999999995,0.03489,0.56202,0.0,0.0,0.04707,0.03454999999999995,0.0538285714285714,0.04932142857142855,0.03105,0.02269999999999995,0.038849999999999996,0.0,0.029666666666666598,0.00921875,0.0,0.0,,,,0.0319602273008044,0.03940909090909091,0.38923293787342617,5.7872172131287245,5.054497525560653,36.31936940762583,230.66667,547.99554,0.7085468436217158,2024-07-26 12:30:00
2024-07-26 06:45:00,35.43066666666667,1.0,0.3291518304761904,0.28972498721806206,0.004665006825422627,0.017976886522911763,1.6734174653968257,0.0004106296444444444,0.0008864760000000001,0.0033129599999999998,1.9245288888888888e-26,6.466711111111111e-07,1.8010617777777778e-06,1.918876e-05,7.318333333333334e-27,1.9684186666666665e-07,0.00012114742222222223,8.672359999999999e-05,7.0309333333333335e-09,0.014873946666666667,0.0005808142222222222,0.003569791111111111,0.024635320000000002,1.478128888888889e-06,1.413015111111111e-07,0.141,1309.3284444444444,250.7717777777778,0.04302222222222222,250.7717777777778,40.73433986666667,-111.87211,292.70955555555554,53.696000000000005,878.2204444444445,107.63991111111112,0.9137777777777776,453216.7111111111,1982.4266666666667,187.092,18896187.289333336,0.0005240047619047,2.745809523809524e-05,0.0005716841269841,0.0012509942857142,0.0001403565079365,0.009935633015873,0.0027042095238095,0.2502412666666667,3.951656,6.162283555555555,27.19249115555556,0.2411990222222222,2.339786711111111,5.6542684,0.0157299111111111,0.3297804444444444,5.311135111111112,0.0601827111111111,0.2942066222222222,0.2382974222222222,0.1392397333333333,0.4006802222222222,0.0429051111111111,0.0127705777777777,0.2348011111111111,0.0937522666666666,0.013801919999999978,0.1192265777777777,0.3484902222222222,0.1193656,0.0091810222222222,0.0104263555555555,3.7537045454545455,0.16038636363636363,0.11792035986360935,0.0077954545454545455,0.002522727272727273,0.07331818181818181,0.44275,0.19075,0.08240909090909092,0.007840909090909091,0.022375,0.05139132637519731,1.8197137026985075,0.3852083404119734,0.1646875,0.00475,0.04300685409715448,0.002840909090909091,0.05391767416451454,0.00674494200807625,0.06494729799526394,0.6442083333333334,0.1497593371125973,0.2882249223397477,0.0994934353564351,0.03560514922383815,0.008227272727272727,0.01568181818181818,0.15202500000000002,0.28052220137846806,0.002159090909090909,0.006477272727272727,0.14007367823692385,0.22818969887738502,0.016681818181818183,0.0518892857142857,0.11497394525167014,0.015159090909090909,0.04803609299674141,0.2919878716400585,0.01103623084129132,0.004024734172056943,0.05978011411281211,0.006909090909090909,0.021863636363636363,0.004636363636363636,0.03929364248879513,0.019808518746138655,0.003,0.03091450357669255,0.020423244627610287,0.046158844868696716,0.00601249999999995,0.009720131848058687,0.08161446135542752,0.06989450797738447,0.036086462690734476,0.0009760685714285,0.0009995269841269,0.013787332063492,0.0017305634920634,0.0014456317460317,0.0499544,45900.0,45959.0,873.7873733333332,35.1744488888889,178.4646311111111,31.183515555555555,2.5811244444444443,0.2366222222222222,0.009733333333333333,17.07757676,15.636509746666666,14.171581355555556,13.445628973333333,12.513738373333332,11.333974213333333,10.113222075555557,9.23369863111111,8.324781044444444,7.718479244444444,7.314868346666667,7.348917946666666,7.333101253333334,7.047721582222223,5.683142111111111,16.611536635555556,4.848061911111111,1.2205028222222223,0.5818748222222222,0.1235976,0.10669103111111111,0.06877609333333333,0.06860955555555555,0.06421474666666667,0.052085662222222225,0.04273665777777778,0.04156272444444444,0.04034460888888889,0.030632048888888888,0.042991848888888885,0.06452274666666667,0.035511622222222226,0.03652265777777777,0.02152910666666667,0.02701972888888889,0.038382195555555554,1.613552820403533,18633913.706244785,1931.1997250510399,0.52885,0.16789942382593329,0.0,0.04273109626003393,3.7959563865814445,0.0282444444444444,0.05713941596748417,0.07481875,0.0429051111111111,0.18929808135377849,0.0,0.0,0.0076444444444444,0.045203125000000004,0.3954071428571428,0.0315888888888888,0.0,1.7319735122301587,0.12282727039066953,0.0,0.0518892857142857,0.0,0.06857499999999991,0.20199166666666665,0.09722916666666663,0.14380416666666665,0.16016249999999993,0.04474375,0.022375,0.02753125,0.15202500000000002,0.00601249999999995,0.6442083333333334,0.044449999999999996,0.0,0.373625,0.41574500000000003,0.018739999999999923,0.034345,0.51388,0.0,0.0,0.06213500000000001,0.030046428571428526,0.0528785714285714,0.04841071428571428,0.03044375,0.021364285714285676,0.036,0.0,0.0291666666666666,0.013828125,0.0,0.0,,,,0.031160034956578275,0.03847727272727273,0.36932862968546754,5.231226239587048,4.241625444986641,33.88239588215829,210.66667,557.88745,0.7069896513094261,2024-07-26 12:45:00
2024-07-26 07:00:00,36.49733333333334,1.0,0.2236459431746031,0.2895183920411544,0.004672803608348964,0.01753556193583703,1.342984460952381,0.0006943125333333333,0.0016243773333333334,0.006172617777777778,2.7158044444444447e-26,1.2378835555555556e-06,3.208231111111111e-06,3.414342222222222e-05,1.0253537777777778e-26,4.051244444444445e-07,0.00021534933333333334,0.0001521040888888889,1.3605288888888888e-08,0.02782604444444444,0.0010343333333333335,0.0064683955555555565,0.04585937777777778,2.651462222222222e-06,2.767635555555556e-07,0.141,1309.2848888888889,286.1870666666667,0.044533333333333334,286.1870666666667,40.73433346666666,-111.87211,292.7753333333333,50.559555555555555,878.303111111111,112.14435555555556,1.1528888888888886,451346.7111111111,1972.9422222222224,187.40888888888887,17694032.524888888,0.0005184396825396,1.902063492063492e-05,0.0005967292063492,0.0008507628571428,0.0001523041269841,0.0061279244444444,0.0017560070748695,0.4061355111111112,3.8703826666666665,5.83355288888889,28.152386977777777,0.2380081333333333,2.0478658666666667,4.6367512444444445,0.0142607111111111,0.2785155555555555,5.281156266666667,0.0430886222222222,0.2825617777777778,0.2086271111111111,0.1304246666666666,0.3695572,0.0345509777777777,0.0116826666666666,0.2368682666666667,0.0867419555555555,0.01435381111111109,0.0964010666666666,0.3727044888888889,0.0973988,0.0091294666666666,0.0101112444444444,3.761090909090909,0.16072727272727272,0.09375056722732736,0.007909090909090909,0.0024545454545454545,0.07336363636363635,0.443,0.191,0.08218181818181819,0.007818181818181818,0.01984,0.051842860360869124,1.6717970497889643,0.4399234444290666,0.17925,0.004714285714285714,0.05577892803311716,0.002818181818181818,0.04546415727023527,0.00674494200807625,0.06620171900150605,0.6214000000000001,0.1676013615602377,0.2647649082803195,0.09739901818463956,0.034750956001572256,0.008545454545454545,0.016636363636363637,0.140825,0.20547012325808345,0.002181818181818182,0.006545454545454545,0.14130193616237988,0.16292526493340537,0.016636363636363637,0.0542142857142857,0.10743723135248424,0.015181818181818182,0.052605381410149844,0.24307084268200896,0.010083198236068062,0.004025809570842027,0.06030882589069782,0.007181818181818182,0.02327272727272727,0.0047272727272727275,0.03565868023893587,0.019975856077324095,0.003,0.029140427677864608,0.017613672901903292,0.045229880720713496,0.0080166666666666,0.00882906143365589,0.07592202877180788,0.06569896399285102,0.03285350467772625,0.0008551606349206,0.0009290606349206,0.0134102123809523,0.0014749704761904,0.0012326276190476,0.0935893755555555,46800.0,46859.0,873.8568222222223,35.16070666666667,160.56005777777779,27.364213333333332,2.1260755555555555,0.22168000000000002,0.008373333333333333,14.948284351111111,13.852983288888888,12.708516902222222,12.07368483111111,11.154736222222223,10.27108796,9.22040668,8.343656724444445,7.647748102222223,7.084497506666667,6.748982515555555,6.721434644444444,6.748858035555556,6.436865066666667,5.174402826666666,14.952243275555556,4.260614244444445,1.0209311111111112,0.49575591999999996,0.10429969777777777,0.08349778666666667,0.05153504,0.04898791555555555,0.04358093777777778,0.03778274222222222,0.037280497777777775,0.02967583555555555,0.027167302222222224,0.023407133333333333,0.029305297777777777,0.04981394666666667,0.029223853333333334,0.03410666666666667,0.018815435555555555,0.01842573333333333,0.027418182222222223,1.3691680220787419,17448444.50025031,1921.7637963675681,0.55865,0.17925,0.0,0.04266299603101698,1.95445,0.0282444444444444,0.05704718162538873,0.0704,0.0345509777777777,0.18901518917636673,0.0,0.0,0.0076444444444444,0.044075,0.3948571428571428,0.0315888888888888,0.0,1.4984543353276147,0.1139666666666666,0.0,0.0542142857142857,0.0,0.0699999999999999,0.215,0.0933833333333333,0.1366,0.1519166666666666,0.0436,0.01984,0.030125,0.140825,0.0080166666666666,0.6214000000000001,0.04212,0.0,0.332325,0.38244,0.0184599999999999,0.0338,0.46574,0.0,0.0,0.0772,0.0255428571428571,0.0519285714285714,0.0475,0.0298375,0.0200285714285714,0.03315,0.0,0.0286666666666666,0.0184375,0.0,0.0,,,,0.030359842612352146,0.03754545454545455,0.4615459427487207,7.2,6.2,34.0,200.0,572.86334,0.6712657428295197,2024-07-26 13:00:00
2024-07-26 07:15:00,40.22666666666667,1.0,0.0901070876190476,0.2893117968642468,0.0046806003912753,0.0170942373487623,0.7598684847619047,0.0014823270666666666,0.0025022000000000004,0.00933968,3.5967333333333337e-26,2.094271111111111e-06,5.109711111111111e-06,5.4280800000000004e-05,1.3461777777777777e-26,7.639986666666667e-07,0.00033808266666666666,0.0002382648888888889,2.35592e-08,0.040750577777777776,0.0016244711111111111,0.009095866666666667,0.06633995555555555,4.246706666666667e-06,4.988053333333334e-07,0.141,1309.7084444444445,142.43595555555555,0.04897777777777778,142.43595555555555,40.734330666666665,-111.87211,293.32244444444444,48.31955555555555,878.3875555555555,120.30088888888889,1.7577777777777777,445913.2,1964.245777777778,162.55244444444443,16982979.08311111,0.0006686304761904,1.3599999999999997e-06,0.000525298095238,0.0006428146031746,0.0001427219047619,0.0020973457142857,0.001748120396864172,0.5618618222222223,3.1289342222222225,4.988901333333334,22.587592266666668,0.2599973333333333,1.5564002666666668,3.0156987555555554,0.011094,0.2185152888888888,4.744629777777778,0.0343667111111111,0.25108017777777775,0.177142,0.0950756,0.2734842666666667,0.0245768,0.0067880444444444,0.1529749333333333,0.0556859555555555,0.014905702222222202,0.0818247999999999,0.3655997333333333,0.0778891999999999,0.0056391111111111,0.0066463111111111,3.7684772727272726,0.1610681818181818,0.09841978886543318,0.008022727272727273,0.0023863636363636366,0.07340909090909091,0.44325000000000003,0.19125,0.08195454545454546,0.0077954545454545455,0.017535,0.0335178286188274,1.460522639723024,0.2719310918991289,0.1680125,0.004678571428571429,0.07375648049326244,0.0027954545454545454,0.036493576621474746,0.00674494200807625,0.061220713953328225,0.6106666666666667,0.16550969565766357,0.19234673659257093,0.095304601012844,0.03389676277930636,0.008863636363636363,0.017590909090909088,0.132325,0.17270694457715527,0.0022045454545454547,0.006613636363636363,0.09145438052842787,0.13705850456729116,0.01659090909090909,0.049335714285714274,0.09690588330133725,0.015204545454545455,0.04691854414382344,0.20491247570017057,0.005861220050120984,0.004026884969627112,0.03885161465169971,0.007454545454545455,0.02468181818181818,0.004818181818181819,0.019555630624959852,0.02014319340850954,0.003,0.030003229617731747,0.017698080636152,0.049511865048259406,0.00601249999999995,0.004881578597147759,0.06989305520168826,0.05901700336742936,0.018531352285252732,0.0007194301587301,0.0008138355555555,0.0108540146031746,0.0012165625396825,0.0010064634920634,0.1248717536507936,47700.0,47759.0,873.9188933333334,35.16936444444444,147.23177333333334,24.04371111111111,1.7030266666666667,0.20155555555555557,0.006951111111111112,14.380314057777777,13.168321453333332,11.989218333333334,11.244688253333333,10.322184817777778,9.490230804444446,8.393442555555556,7.649754182222223,6.948143213333333,6.326965444444444,6.042465342222221,6.056882213333334,5.982549199999999,5.704372622222222,4.6253229155555555,13.398113608888888,3.720312408888889,0.8448071288888889,0.4117439511111111,0.09019569333333334,0.06108238222222222,0.038564728888888886,0.03516889777777778,0.03399716888888889,0.029343488888888887,0.025163222222222222,0.02671849777777778,0.024126551111111113,0.020879506666666665,0.026459453333333334,0.033006928888888884,0.02225548,0.02254308888888889,0.013285906666666668,0.010390826666666665,0.018727124444444444,1.0499851436662042,16747260.27341452,1913.1118368291661,0.5601,0.12847851410308816,0.0,0.03994075570745633,3.1114067777040333,0.0282444444444444,0.053360203638768394,0.07046250000000001,0.0245768,0.1777068499286601,0.0,0.0,0.0076444444444444,0.049275,0.3728714285714285,0.0315888888888888,0.0,1.1934626846226395,0.09198150999236622,0.0,0.049335714285714274,0.0,0.06434166666666657,0.213475,0.0872583333333333,0.12653333333333333,0.14318333333333327,0.04415625,0.017535,0.026896875,0.132325,0.00601249999999995,0.6106666666666667,0.04219,0.0,0.31595625,0.35646,0.016424999999999926,0.030389999999999997,0.444725,0.0,0.0,0.098405,0.024414285714285673,0.0493035714285714,0.0438392857142857,0.030465625,0.01502142857142855,0.0327375,0.0,0.029058333333333276,0.013828125,0.0,0.0,,,,0.029559650268126014,0.03661363636363636,0.5536639169247112,4.410916454046799,3.362429448740817,38.311801526982315,200.0,593.93982,0.9124982626824183,2024-07-26 13:15:00
2024-07-26 07:30:00,34.04933333333334,1.0,0.1404192688888889,0.3478672132844932,0.004480277094017,0.0257054174114774,0.8963765361904763,0.0024899040000000002,0.003407293333333333,0.012369671111111112,4.6063066666666666e-26,3.2456088888888886e-06,7.495933333333333e-06,7.900684444444445e-05,1.7082088888888888e-26,1.3392502222222224e-06,0.00048172044444444445,0.00033937377777777775,3.761511111111111e-08,0.052104977777777776,0.0022948355555555554,0.01126695111111111,0.08394555555555555,6.233608888888889e-06,8.460457777777778e-07,0.141,1309.7115555555554,289.1053777777778,0.048,289.1053777777778,40.73433471111111,-111.87211,295.4264444444444,48.86977777777778,878.3857777777777,147.12213333333332,1.5595555555555554,454327.68888888886,1978.3453333333332,223.00933333333336,18299275.79066667,0.000663945079365,2.284497724497724e-06,0.0005439412698412,0.0009046869841269,0.0001434136507936,0.0014682238095238,0.001740233718858844,1.5127544444444443,6.68534,10.11405688888889,34.61622591111111,0.2441816444444444,2.3432154666666665,4.845226355555555,0.0132681333333333,0.2949039111111111,5.368133377777778,0.0508354222222222,0.3344804,0.2322591111111111,0.1644382222222222,0.4406435111111111,0.0505669777777777,0.0173795555555555,0.2539549777777778,0.1067891555555555,0.015457593333333314,0.1127548,0.3971466666666667,0.1051151999999999,0.0090154222222222,0.0229844444444444,3.775863636363636,0.16140909090909092,0.12904669439203206,0.008136363636363636,0.002318181818181818,0.07345454545454545,0.4435,0.1915,0.08172727272727273,0.007772727272727273,0.01523,0.05557515363182679,1.7390807662498773,0.5510066444891459,0.156775,0.004642857142857143,0.09173403295340771,0.0027727272727272726,0.05219726871276395,0.00674494200807625,0.0562397089051504,0.5999333333333334,0.16341802975508946,0.3183485816842733,0.09321018384104847,0.03304256955704046,0.009181818181818182,0.018545454545454546,0.123825,0.1399437658962271,0.0022272727272727275,0.006681818181818182,0.15145448045726675,0.11119174420117695,0.016545454545454547,0.04445714285714285,0.08637453525019025,0.015227272727272726,0.04123170687749704,0.16675410871833216,0.012808560197985833,0.004027960368412196,0.06467905598078262,0.007727272727272728,0.02609090909090909,0.004909090909090909,0.046053484985886545,0.02031053073969498,0.003,0.030866031557598886,0.01778248837040071,0.05379384937580531,0.0040083333333333,0.011377231768536293,0.06386408163156863,0.052335042742007704,0.042098708613918776,0.0009840212698412,0.0010657447619047,0.0120892688888888,0.001796358095238,0.0011530955555555,0.1173462168253968,48600.0,48659.0,873.9460711111111,35.02379555555556,173.24160444444445,29.052164444444443,2.3261777777777777,0.2257111111111111,0.00879111111111111,18.139399124444445,16.2593542,14.55272274222222,13.3182408,12.211378893333334,10.955621582222221,9.787789848888888,8.72997636,7.96686484,7.2418260355555555,6.83883932,6.76462264,6.718782222222222,6.479641288888889,5.207788853333333,15.297268231111111,4.4246649866666665,1.0632809244444446,0.5131080755555556,0.11351617777777778,0.08850866666666667,0.05643912888888889,0.05623068444444444,0.048467048888888885,0.04219914222222222,0.04058668888888888,0.03412667111111111,0.03156818222222222,0.029592288888888887,0.03787845777777778,0.04707601777777778,0.03660856444444445,0.030367226666666667,0.020367142222222225,0.021260262222222222,0.03556664888888889,1.7147052123415119,18045287.16555112,1927.1392689544923,0.56155,0.22559785897538817,0.0,0.03721851538389567,3.9000870426014274,0.0282444444444444,0.04967322565214805,0.070525,0.0505669777777777,0.16639851068095343,0.0,0.0,0.0076444444444444,0.054475,0.35088571428571425,0.0315888888888888,0.0,1.8286285557066668,0.16797468374287156,0.0,0.04445714285714285,0.0,0.05868333333333325,0.21195,0.08113333333333331,0.11646666666666665,0.13444999999999996,0.0447125,0.01523,0.02366875,0.123825,0.0040083333333333,0.5999333333333334,0.04226,0.0,0.2995875,0.33048,0.01438999999999995,0.026979999999999997,0.42371000000000003,0.0,0.0,0.11961,0.02328571428571425,0.0466785714285714,0.0401785714285714,0.031093749999999996,0.0100142857142857,0.032325,0.0,0.02944999999999995,0.00921875,0.0,0.0,,,,0.028759457923899886,0.03568181818181818,1.1161526922191303,7.956895835731516,7.20262419453109,32.606648245784186,200.0,622.01361,1.0850032343155067,2024-07-26 13:30:00
2024-07-26 07:45:00,31.00177777777777,1.0,0.136617986984127,0.357621066031746,0.0047899298412698,0.025515233015873,0.8825055412698413,0.0032471057777777776,0.004276791111111111,0.015103422222222222,5.817115555555557e-26,4.685142222222223e-06,1.027308e-05,0.00010707613333333334,2.1393466666666667e-26,2.197013333333333e-06,0.0006372551111111111,0.00044778133333333334,5.6160711111111115e-08,0.06171524444444444,0.0029908444444444447,0.013030577777777778,0.09862888888888889,8.531191111111111e-06,1.3601044444444445e-06,0.141,1309.5533333333333,171.26084444444444,0.049022222222222224,171.26084444444444,40.73433995555556,-111.87211,296.7473333333333,46.24577777777778,878.4671111111111,149.2859111111111,1.9804444444444442,455356.0888888889,1971.9426666666664,246.716,18096731.33066667,0.0006235885714285,3.2089954489954485e-06,0.0004314396825396,0.0007493796825396,0.0001799866666666,0.0007000273015873,0.001732347040853516,2.222770222222222,7.816558666666667,12.121053333333334,35.75841418510193,0.2372612385447885,2.7860653323937963,5.458414289397639,0.0124955542087542,0.3246244777315277,5.756977302301403,0.0577645678469678,0.38353887064720993,0.2547089241702741,0.1945760953194953,0.5104941344377845,0.0579840614718614,0.0310726635327635,0.2969762642135642,0.1261822423446923,0.016009484444444427,0.126253964085914,0.5218637193750693,0.1046291731361231,0.0100637345432345,0.0570587873533873,3.78325,0.16175,0.14235400260142517,0.00825,0.0022500000000000003,0.0735,0.44375,0.19175,0.0815,0.00775,0.012924999999999999,0.06497240140104867,1.6125863654572328,0.6604391876063829,0.1455375,0.004607142857142857,0.109711585413553,0.00275,0.05859355735491356,0.00674494200807625,0.05125870385697257,0.5892000000000001,0.16132636385251534,0.3710008142856923,0.09111576666925292,0.03218837633477457,0.0095,0.019499999999999997,0.11532500000000001,0.10718058721529891,0.0022500000000000003,0.00675,0.17701677347680006,0.08532498383506273,0.0165,0.03957857142857143,0.07584318719904325,0.01525,0.035544869611170635,0.12859574173649374,0.015444997259484868,0.004029035767197281,0.07568251470804874,0.008,0.0275,0.005,0.05610912121507293,0.020477868070880423,0.003,0.031728833497466025,0.017866896104649418,0.05807583370335122,0.0020041666666666506,0.013842258727804391,0.05783510806144901,0.04565308211658605,0.05104225396278799,0.0010398161904761,0.0015131917460317,0.0120819533333333,0.0018747628571428,0.0016310622222222,0.107398486031746,49500.0,49559.0,874.0624444444444,33.25556888888889,186.72286222222223,30.48062666666667,2.288991111111111,0.21461333333333332,0.008968888888888889,20.269694262222224,17.97755581777778,15.951892662222223,14.542414035555556,13.339414622222222,11.751450782222223,10.467121871111113,9.42506320888889,8.474132871111111,7.685982955555556,7.197814422222223,7.151549422222222,7.004018608888889,6.698462515555556,5.447911804444445,16.179520755555554,4.722272524444445,1.1455572488888888,0.538009111111111,0.11380874222222222,0.09770970222222222,0.05876359111111111,0.05390517777777778,0.0490486,0.04420642222222222,0.03519895555555556,0.03131757333333333,0.03450536888888889,0.030675982222222224,0.03196750222222222,0.04108008444444444,0.03187518222222222,0.027836844444444443,0.020849413333333334,0.019084111111111114,0.031095617777777775,1.6767766306364915,17845553.963740166,1920.7693538366807,0.563,0.26368079671973843,0.0,0.03449627506033502,3.9964777794757183,0.0282444444444444,0.04598624766552771,0.0705875,0.0579840614718614,0.15509017143324677,0.0,0.0,0.0076444444444444,0.059675000000000006,0.32889999999999997,0.0315888888888888,0.0,1.7923863211587303,0.19777351845228397,0.0,0.03957857142857143,0.0,0.05302499999999992,0.210425,0.0750083333333333,0.10639999999999997,0.12571666666666662,0.045268749999999996,0.012924999999999999,0.020440624999999997,0.11532500000000001,0.0020041666666666506,0.5892000000000001,0.04233,0.0,0.28321874999999996,0.3045,0.012354999999999974,0.02357,0.402695,0.0,0.0,0.140815,0.022157142857142827,0.0440535714285714,0.0365178571428571,0.031721875,0.005007142857142849,0.031912499999999996,0.0,0.029841666666666624,0.004609374999999999,0.0,0.0,,,,0.027959265579673757,0.03475,1.5361537480151055,9.084798082781438,8.706433614017064,29.7920402848391,200.0,657.81274,1.0856819330103722,2024-07-26 13:45:00
2024-07-26 08:00:00,35.989333333333335,1.0,0.0912479628571428,0.3713053571428571,0.0049983323809523,0.025413572063492,0.7747542619047619,0.003974552444444444,0.005075613333333334,0.017491644444444444,7.28788e-26,6.357702222222222e-06,1.3282311111111112e-05,0.0001369128888888889,2.657897777777778e-26,3.3798666666666666e-06,0.0007954928888888889,0.0005563213333333334,7.897408888888889e-08,0.06972506666666667,0.0036695422222222224,0.01445848888888889,0.11073573333333334,1.1020013333333333e-05,2.0730355555555556e-06,0.141,1309.0813333333333,163.3152888888889,0.0488,163.3152888888889,40.73434,-111.87211,296.8086666666666,44.836888888888886,878.5431111111112,136.11893333333333,2.4617777777777774,448645.5123561624,1962.5908771413767,195.66104375254372,17897339.62182473,0.000539419031709,4.133493173493173e-06,0.0003268523809523,0.0005007758730158,0.0001344463492063,0.0002269571428571,0.001724460362848188,2.519717983664484,6.163265711806712,10.159095765937767,26.737906192550962,0.24449186927239425,2.2319322495302316,4.123445511365486,0.011107910437710401,0.2932806055324305,5.364464184484035,0.04429910059015055,0.3879402686569383,0.2792429120851371,0.16300014765974763,0.4195163838855589,0.0447075307359307,0.02808712701804365,0.2518763487734488,0.11920730450567946,0.016561375555555535,0.11004819870962365,0.514559293020868,0.0979939032347282,0.0085178672716172,0.03342959367669365,3.790636363636364,0.1620909090909091,0.08658306860958645,0.008363636363636365,0.002181818181818182,0.07354545454545454,0.444,0.192,0.08127272727272727,0.007727272727272728,0.01062,0.05512111347189046,1.2780836333960728,0.4464132140625079,0.1343,0.004571428571428572,0.12768913787369826,0.0027272727272727275,0.06558365869040882,0.00674494200807625,0.046277698808794746,0.5784666666666667,0.15923469794994122,0.302423306233585,0.08902134949745738,0.03133418311250867,0.00981818181818182,0.020454545454545454,0.106825,0.07441740853437073,0.0022727272727272726,0.006818181818181818,0.15021940526334226,0.05945822346894852,0.016454545454545454,0.0347,0.06531183914789625,0.015272727272727273,0.029858032344844233,0.09043737475465535,0.014496773553771025,0.004030111165982365,0.06414740966442775,0.008272727272727272,0.02890909090909091,0.005090909090909091,0.052492500591811,0.020645205402065863,0.003,0.032591635437333163,0.017951303838898126,0.06235781803089713,0.0,0.012955684558393831,0.051806134491329384,0.03897112149116439,0.04782560910645195,0.0010697647619047,0.0014649517460317,0.0114276374603174,0.0018665142857142,0.0018844257142857,0.1239585276190476,50400.0,50459.0,874.1734577777777,31.277008888888886,200.8618222222222,31.98409777777778,2.175817777777778,0.19618222222222223,0.009271111111111112,21.873764057777773,19.288754968888888,17.053275266666667,15.547702684444443,14.140205311111112,12.64373372,11.201884351111111,10.175194182222222,9.10810507111111,8.319261946666666,7.810730493333334,7.641895142222222,7.44642304,7.0642658,5.855279773333333,17.918697226666666,5.336364617777778,1.2579425066666667,0.5299669866666666,0.11628286666666666,0.09507864,0.05138979111111111,0.03809456888888888,0.034297084444444445,0.03254774222222222,0.03094810222222222,0.03006028888888889,0.02394424,0.02428108,0.02562452888888889,0.041766795555555555,0.026054271111111114,0.019853564444444447,0.017140324444444445,0.016404324444444444,0.024581724444444446,1.7914117146631579,17648929.753818266,1911.465401502903,0.56445,0.1343,0.0,0.03177403473677437,1.56985,0.0282444444444444,0.042299269678907375,0.07065,0.0447075307359307,0.14378183218554014,0.0,0.0,0.0076444444444444,0.064875,0.3069142857142857,0.0315888888888888,0.0,1.9019246011563429,0.1066166666666666,0.0,0.0347,0.0,0.0473666666666666,0.2089,0.0688833333333333,0.0963333333333333,0.1169833333333333,0.045825,0.01062,0.0172125,0.106825,0.0,0.5784666666666667,0.0424,0.0,0.26685,0.27852,0.01032,0.02016,0.38168,0.0,0.0,0.16202,0.0210285714285714,0.0414285714285714,0.0328571428571428,0.03235,0.0,0.0315,0.0,0.0302333333333333,0.0,0.0,0.0,,,,0.027159073235447626,0.03381818181818182,2.2,6.6,5.8,38.0,252.5,701.85608,1.08311942028494,2024-07-26 14:00:00
2024-07-26 08:15:00,36.59777777777778,1.0,0.0932047987301587,0.3959105587301586,0.0047884009523809,0.0295641949206349,0.8945526914285714,0.004609462222222222,0.005797195555555555,0.019563555555555556,9.128866666666668e-26,8.200924444444446e-06,1.6399866666666665e-05,0.000167384,3.302408888888889e-26,4.911293333333334e-06,0.0009513035555555556,0.0006613346666666666,1.0563328888888888e-07,0.07641506666666667,0.004312097777777777,0.015624488888888888,0.12076844444444444,1.36156e-05,3.006995555555555e-06,0.141,1308.9128888888888,325.6444444444444,0.053955555555555555,325.6444444444444,40.73434,-111.87211,298.0997777777778,43.223555555555556,878.8582222222223,127.0552888888889,1.7337777777777776,446263.5238095238,1961.3566825396824,197.33523809523803,18065499.93504762,0.000109,5.057990897990897e-06,0.0002779517460317,0.0004629393650793,5.905206349206349e-05,8.166888888888888e-05,0.00171657368484286,2.2026814712509712,6.015771101195101,9.396004873774372,17.717398199999998,0.2517225,1.6777991666666667,2.7884767333333333,0.0097202666666666,0.2619367333333333,4.971951066666667,0.0308336333333333,0.3923416666666667,0.3037769,0.1314242,0.3285386333333334,0.031431,0.0251015905033238,0.2067764333333333,0.1122323666666666,0.017113266666666647,0.0938424333333333,0.5072548666666667,0.0913586333333333,0.0069719999999999,0.0098004,3.7980227272727274,0.16243181818181818,0.11446942918406972,0.008477272727272727,0.0021136363636363635,0.07359090909090908,0.44425000000000003,0.19225,0.08104545454545455,0.007704545454545454,0.007965,0.04526982554273224,1.4034441769508845,0.43249223781849444,0.1428125,0.004535714285714286,0.11161913047534627,0.0027045454545454547,0.07257376002590407,0.00674494200807625,0.04472251019286882,0.5786833333333333,0.16844717181592334,0.2338457981814777,0.08692693232566184,0.030479989890242774,0.010136363636363638,0.021409090909090905,0.10373750000000001,0.05847624736318391,0.0022954545454545454,0.006886363636363637,0.12342203704988448,0.04946312553442864,0.01640909090909091,0.0289642857142857,0.06433978177397001,0.015295454545454544,0.027771574141613152,0.11129375701570637,0.013548549848057182,0.00403118656476745,0.05261230462080677,0.008545454545454545,0.030318181818181817,0.0051818181818181815,0.04887587996854907,0.020812542733251303,0.003,0.035296374102759376,0.016980614895037986,0.05684836584022658,0.0,0.012069110388983272,0.047934474937235384,0.03709380874402213,0.044608964250115915,0.001280819047619,0.002621478095238,0.0123614425396825,0.0021738092063492,0.0019950326984126,0.1316560536507936,51300.0,51359.0,874.3959377777778,31.826808888888888,214.69711555555557,34.408324444444446,2.355728888888889,0.19813777777777777,0.010053333333333333,23.60410509333333,20.775460675555557,18.13579190222222,16.671797493333333,14.99564523111111,13.384356471111111,11.897079711111111,10.85643632,9.617492328888888,8.841105453333334,8.229093977777778,8.095449333333333,7.8332424977777775,7.450225795555555,6.164661377777778,19.565821346666667,5.919389044444444,1.3587709911111112,0.5978506533333333,0.11955368444444445,0.0967902888888889,0.05688363111111112,0.04809389333333333,0.041777004444444446,0.03486258666666667,0.03691826222222223,0.03191665777777778,0.02398051111111111,0.025756071111111112,0.030579777777777775,0.04248537333333333,0.02627649333333333,0.02360953333333333,0.018354164444444442,0.017921844444444446,0.027654795555555556,1.8896085345092972,17814756.050807778,1910.2375201745522,0.6403875,0.18435439846097992,0.0,0.030115307730004388,3.1442422212518792,0.0282444444444444,0.04005270463215414,0.06971875,0.031431,0.1368913870071536,0.0,0.0,0.0076444444444444,0.058184375,0.2935178571428571,0.0315888888888888,0.0,1.9957554805813489,0.13570282827407026,0.0,0.0289642857142857,0.0,0.045599999999999925,0.21561666666666665,0.06716249999999997,0.09540416666666662,0.11137499999999997,0.04756875,0.007965,0.016028124999999997,0.10373750000000001,0.0,0.5786833333333333,0.041595,0.0,0.260525,0.29272,0.0077399999999999995,0.015120000000000001,0.371455,0.0,0.0031,0.143065,0.02104642857142855,0.04073571428571425,0.033585714285714226,0.03119375,0.0,0.029370833333333325,0.0,0.028641666666666624,0.0,0.0,0.0,,,,0.026358880891221497,0.03288636363636364,1.5242704957246351,7.289289927368865,6.664599632006765,34.96029591211917,365.0,754.42297,1.068960505946062,2024-07-26 14:15:00
2024-07-26 08:30:00,39.45855932955933,1.0,0.0947870057831057,0.3826348331268731,0.0040009865157065,0.0295207181462981,0.9989367786446888,0.005151677777777778,0.006440635555555556,0.021350222222222222,1.149765777777778e-25,1.0151288888888888e-05,1.951368888888889e-05,0.00019755822222222223,4.1266177777777784e-26,6.79084e-06,0.001100447111111111,0.0007600617777777778,1.3549866666666667e-07,0.08202742222222222,0.00490664,0.016586399999999998,0.12912311111111113,1.6235288888888888e-05,4.170311111111111e-06,0.141,1309.9275555555555,301.71244444444443,0.057466666666666666,301.71244444444443,40.73434,-111.87211,298.8708888888889,39.93822222222222,878.9164444444444,114.22262222222223,1.504,452317.10096200096,1962.4008156288155,198.5388772708773,18150714.07992953,0.0008037033333333,5.9824886224886215e-06,0.000322788051948,0.0004177332334332,0.0001530429392829,0.0008629618525918,0.001708687006837532,1.9520013152218156,5.709162402819403,8.833590517982019,16.746238276405077,0.2383388883061383,1.6408845481444485,2.774813187730788,0.0090754156547156,0.207343729033929,4.821182172209273,0.0358768538184038,0.32976112504902505,0.2645158196081696,0.1302559957967958,0.3395898446146446,0.0357971468882968,0.022116053988603952,0.2107212102841602,0.0938752973137973,0.01766515777777776,0.0772603415972916,0.4184606863728863,0.0872948985884485,0.0055668348595848,0.0088986012099012,3.805409090909091,0.16277272727272726,0.11395361131817813,0.008590909090909092,0.0020454545454545456,0.07363636363636364,0.4445,0.1925,0.08081818181818182,0.007681818181818182,0.00531,0.04613149309087883,1.4240726113726367,0.43804836672677927,0.151325,0.0045000000000000005,0.0955491230769943,0.002681818181818182,0.06138768903604831,0.00674494200807625,0.04316732157694289,0.5789,0.17765964568190545,0.24217601657036394,0.08483251515386629,0.029625796667976878,0.010454545454545456,0.022363636363636363,0.10065,0.042535086191997085,0.002318181818181818,0.006954545454545455,0.1257659359117711,0.03946802759990875,0.016363636363636365,0.0232285714285714,0.06336772440004376,0.015318181818181818,0.02568511593838207,0.1321501392767574,0.011052956520979264,0.004032261963552533,0.05362125144603671,0.008818181818181819,0.03172727272727273,0.005272727272727273,0.03935743591405226,0.020979880064436747,0.003,0.03800111276818558,0.016009925951177843,0.051338913649556034,0.0,0.009735770094063099,0.044062815383141385,0.035216495996879864,0.036143200959576266,0.0015123122144522,0.0037339717837717,0.0129485234576534,0.0023582467021867,0.0018102163225663,0.160280991022311,52200.0,52259.0,874.4130666666666,32.99094222222222,208.44270666666668,34.02472888888889,2.4019600000000003,0.20380888888888887,0.00995111111111111,21.77129724888889,19.41047930222222,17.237538613333335,16.02429663111111,14.50025979111111,13.127556053333334,11.703579853333334,10.647692902222222,9.499587626666665,8.815855102222223,8.174219466666667,8.021768826666667,7.895066351111111,7.399956724444445,6.235755248888889,19.493357004444444,5.849069306666666,1.3130953377777779,0.6088016177777777,0.11296954222222223,0.10153197333333333,0.05606858222222222,0.05155065333333333,0.04201903111111111,0.03213055555555556,0.03207686222222222,0.028812177777777778,0.029905342222222225,0.025470804444444443,0.03555424888888889,0.04446912444444444,0.02688230222222222,0.024437817777777777,0.01544179111111111,0.022463271111111113,0.031817724444444445,1.8283150453876855,17898787.448145658,1911.2763122116423,0.716325,0.1862879522767504,0.0,0.028456580723234405,3.7116369727616103,0.0282444444444444,0.03780613958540091,0.0687875,0.0357971468882968,0.13000094182876704,0.0,0.0,0.0076444444444444,0.051493750000000005,0.2801214285714285,0.0315888888888888,0.0,1.937187168528889,0.13721578010947444,0.0,0.0232285714285714,0.0,0.04383333333333325,0.2223333333333333,0.06544166666666665,0.09447499999999995,0.10576666666666665,0.049312499999999995,0.00531,0.01484375,0.10065,0.0,0.5789,0.04079,0.0,0.2542,0.30691999999999997,0.00516,0.01008,0.36122999999999994,0.0,0.0062,0.12411,0.021064285714285702,0.0400428571428571,0.03431428571428565,0.030037499999999998,0.0,0.02724166666666665,0.0,0.02704999999999995,0.0,0.0,0.0,,,,0.02555868854699537,0.03195454545454546,1.3759837484513968,6.983580120721108,6.243191807276517,37.60240641129966,477.5,815.53363,1.0499400359059923,2024-07-26 14:30:00
2024-07-26 08:45:00,41.58940759637188,1.0,0.1364854011463844,0.3802813189594355,0.0040399933421516,0.0309623895061728,1.2253992220017635,0.005607709777777778,0.0070111777777777775,0.02289008888888889,1.4643466666666667e-25,1.215168888888889e-05,2.2548177777777778e-05,0.00022681955555555556,5.215346666666667e-26,8.99828e-06,0.0012410177777777778,0.0008514657777777778,1.6784933333333333e-07,0.08675475555555555,0.005449911111111111,0.017387422222222223,0.13614222222222222,1.882391111111111e-05,5.557440000000001e-06,0.141,1310.683111111111,45.35631111111111,0.05733333333333333,45.35631111111111,40.73434,-111.87211,300.2424444444444,37.39866666666667,878.7586666666666,114.96284444444444,1.0817777777777775,447723.7555555556,1968.241238095238,187.35031746031743,18536169.206888888,0.000853287037037,0.0001206930335097,0.0005463889770723,0.0004809911375661,0.0003284365079365,0.0047858885361552,0.001700800328832204,1.4251392125097124,5.031463023624524,7.685492986291487,17.692903377777778,0.2301712444444444,1.9408023555555556,3.602781822222222,0.0096507111111111,0.2131209333333333,4.894291644444444,0.0431566666666666,0.27276706666666667,0.2712003999999999,0.1586325777777777,0.4172791555555556,0.0289670222222222,0.0191305174738841,0.2725155111111111,0.1081468888888888,0.018217048888888872,0.0744114222222222,0.3096951555555555,0.0844496888888888,0.0078230666666666,0.0088043111111111,3.8127954545454545,0.16311363636363635,0.126483225505989,0.008704545454545454,0.0019772727272727273,0.07368181818181818,0.44475,0.19275,0.08059090909090909,0.007659090909090909,0.0026549999999999994,0.05962937759657436,1.539459024367119,0.3864007618102069,0.1598375,0.004464285714285714,0.07947911567864233,0.002659090909090909,0.06329222630435972,0.00674494200807625,0.04161213296101696,0.5791166666666667,0.18687211954788757,0.3007369209043816,0.08273809798207075,0.028771603445710985,0.010772727272727274,0.023318181818181814,0.0975625,0.02659392502081026,0.002340909090909091,0.0070227272727272725,0.16248273718719147,0.029472929665388864,0.01631818181818182,0.0174928571428571,0.06239566702611753,0.01534090909090909,0.02359865773515099,0.15300652153780842,0.012993140327933876,0.004033337362337618,0.06942624230200557,0.00909090909090909,0.03313636363636364,0.005363636363636364,0.04675749217384427,0.021147217395622187,0.003,0.04070585143361179,0.0150392370073177,0.045829461458885494,0.0,0.011549811271044284,0.040191155829047386,0.0333391832497376,0.04272485698165257,0.0016582757054673,0.0041722035714285,0.0140297929453262,0.002605445414462,0.0016426788359788,0.1894007411375661,53100.0,53159.0,874.3293066666666,33.484004444444444,220.8782977777778,36.75441777777778,2.8044977777777778,0.22065777777777779,0.011133333333333334,22.795355271111113,20.582068404444446,18.464353164444443,17.050529431111112,15.57149015111111,13.963307666666667,12.438535973333334,11.290805008888888,10.118154431111112,9.166979684444444,8.671876866666667,8.49867516,8.366987093333334,7.885568546666667,6.5475820533333335,20.343868377777778,6.197669448888889,1.4345759111111112,0.6402911155555555,0.12717421777777776,0.10920730666666666,0.06427322666666667,0.05344748,0.04712912444444444,0.03972131555555556,0.03372902666666667,0.03731123555555556,0.04077206666666667,0.03301598666666667,0.0421658,0.057665448888888894,0.040683795555555555,0.03658976,0.02077263111111111,0.026193035555555556,0.039846591111111114,2.078373296302252,18278892.57006328,1917.0868591759183,0.7922625,0.16831439096989617,0.0,0.02679785371646442,3.2811080458407815,0.0282444444444444,0.03555957453864768,0.06785625,0.0289670222222222,0.12311049665038047,0.0,0.0,0.0076444444444444,0.044803125,0.266725,0.0315888888888888,0.0,2.176127549974603,0.12315197058622156,0.0,0.0174928571428571,0.0,0.04206666666666657,0.22904999999999995,0.06372083333333332,0.09354583333333327,0.10015833333333332,0.05105625,0.0026549999999999994,0.013659375,0.0975625,0.0,0.5791166666666667,0.039985,0.0,0.24787499999999998,0.32112,0.00258,0.005039999999999999,0.35100499999999996,0.0,0.0093,0.105155,0.02108214285714285,0.03934999999999995,0.03504285714285708,0.028881249999999997,0.0,0.025112499999999975,0.0,0.025458333333333274,0.0,0.0,0.0,,,,0.024758496202769237,0.03102272727272727,1.064324984908781,6.307867568283641,5.382941213697246,39.570377916988356,590.0,884.94092,1.0289543560343493,2024-07-26 14:45:00
2024-07-26 09:00:00,43.99233357383358,1.0,0.10079925323103378,0.3921825230540525,0.004294111972082133,0.03150708702921402,1.1865864528536458,0.005995283653938654,0.007514933333333334,0.02421822222222222,1.8983822222222222e-25,1.4157288888888889e-05,2.5454977777777778e-05,0.0002547506666666667,6.711866666666667e-26,1.1500297777777778e-05,0.0013717022222222222,0.0009351573333333334,2.0199244444444446e-07,0.09075155555555556,0.005942022222222222,0.01805448888888889,0.142028,2.1340666666666667e-05,7.151177777777778e-06,0.141,1309.9881641506643,87.88061271506271,0.05852172642172642,87.88061271506271,40.73434,-111.87211,301.3926079476079,37.37344383394383,878.2486780811781,170.26649386724384,0.9710089725089723,442915.7703870204,1978.890231120731,175.80249790949793,19483072.57616425,0.0008568251591862413,0.00012179706683695172,0.0005529017428171655,0.00046757903911560716,0.0003191792517006726,0.004639297448979586,0.0016929136508268762,2.340184294409294,6.253469206256707,10.272391711233212,20.161081803914605,0.2360049007252007,2.0362545519129016,4.345420694675695,0.0120661983664483,0.2509849491489991,5.2340471295519295,0.0560169449198949,0.2064395796888297,0.2910989022033521,0.118809081009731,0.3714142858918859,0.0280473232286232,0.01614498095916425,0.2238349944573944,0.0933433014911015,0.018768939999999984,0.0852889594294594,0.2685588446016946,0.075995035061235,0.0097879908387908,0.0081807334184334,3.820181818181818,0.16345454545454546,0.04975415280958457,0.008818181818181819,0.0019090909090909091,0.07372727272727272,0.445,0.193,0.08036363636363636,0.0076363636363636364,0.0,0.04899596994123803,1.0945861557870613,0.786286925469023,0.16835,0.004428571428571428,0.06340910828029034,0.0026363636363636363,0.06896160819647942,0.00674494200807625,0.04005694434509103,0.5793333333333334,0.1960845934138697,0.2661647485921676,0.0806436808102752,0.02791741022344509,0.011090909090909092,0.024272727272727272,0.094475,0.010652763849623437,0.0023636363636363638,0.00709090909090909,0.13355785524759753,0.019477831730868977,0.016272727272727272,0.0117571428571428,0.06142360965219129,0.015363636363636364,0.02151219953191991,0.17386290379885944,0.010980633145192407,0.004034412761122702,0.05697533485132577,0.009363636363636364,0.034545454545454546,0.005454545454545455,0.03908158728166887,0.02131455472680763,0.003,0.043410590099038,0.014068548063457559,0.04032000926821495,0.0,0.009668148881441197,0.036319496274953386,0.031461870502595336,0.03589785947178619,0.0018573644132652359,0.007934891029149026,0.014483447278911486,0.0025914067176869963,0.0015940107993196928,0.19979910564089612,54000.0,54059.0,874.2756126614127,32.94167426887927,268.4841515417915,44.331075256965256,3.4360395532245533,0.2252969167869168,0.013363693528693528,29.13158591151367,25.83549630767714,23.1428817532301,21.137107508713694,19.130467738503903,16.984836981597663,14.995977508880378,13.496419785988087,12.154255237398342,10.953917350214786,10.199939283925334,9.977389853213083,9.663063282390388,9.223872680340584,7.7579067471902174,23.731894874580053,7.350725882383358,1.7707460724025976,0.7694361016048766,0.15776467966940466,0.13776348356051354,0.07503025349742849,0.06942197008491509,0.07096360365652865,0.05537328983886484,0.04876520782976283,0.043167231327561326,0.04235705592130092,0.04540838126651126,0.04751552058219558,0.0767584525957376,0.05654946021201022,0.045286669631479634,0.027873760101195102,0.030324620083620083,0.04590181786953787,2.5675749095147293,19212653.19600657,1927.6813794272548,0.8682,0.16835,0.0,0.025139126709694436,1.3906,0.0282444444444444,0.033313009491894446,0.066925,0.0280473232286232,0.11622005147199392,0.0,0.0,0.0076444444444444,0.0381125,0.2533285714285714,0.0315888888888888,0.0,2.643578712403087,0.06885,0.0,0.0117571428571428,0.0,0.0402999999999999,0.2357666666666666,0.062,0.0926166666666666,0.09455,0.0528,0.0,0.012475,0.094475,0.0,0.5793333333333334,0.03918,0.0,0.24155,0.33532,0.0,0.0,0.3407799999999999,0.0,0.0124,0.0862,0.0211,0.0386571428571428,0.0357714285714285,0.027725,0.0,0.0229833333333333,0.0,0.0238666666666666,0.0,0.0,0.0,,,,0.023958303858543112,0.030090909090909092,1.8,6.6,5.2,45.0,640.66669,982.91925,1.0089635194424622,2024-07-26 15:00:00
2024-07-26 09:15:00,45.50544217687075,1.0,0.09311772838459542,0.4040837271486695,0.004548230602012667,0.03205178455225524,1.1477736837055281,0.006150524722222221,0.007958542222222222,0.025365199999999997,2.5242666666666667e-25,1.6130311111111113e-05,2.8202666666666667e-05,0.00028111066666666664,8.871471111111112e-26,1.4252266666666667e-05,0.001492222222222222,0.0010111742222222223,2.3727244444444444e-07,0.09413995555555556,0.006385048888888889,0.01861502222222222,0.1470097777777778,2.3758622222222224e-05,8.924995555555556e-06,0.141,1309.7516666666668,82.04951360544216,0.056639455782312935,82.04951360544216,40.73434000000001,-111.87211,301.36394557823127,38.45935374149659,878.106462585034,186.27059863945578,1.2166666666666661,441175.275510204,1983.32693877551,161.85302721088436,20004529.19615647,0.0008603632813354827,0.00012290110016420345,0.0005594145085620311,0.0004541669406651143,0.0003099219954648452,0.004492706361803972,0.0016850269728215482,1.725810476190476,5.081587448979592,8.37573707482993,25.52785611111111,0.2396277777777778,2.323665,4.212556666666667,0.0134583333333333,0.2798216666666667,5.212078888888889,0.0643977777777777,0.21597249999999998,0.3048716666666666,0.0980788888888889,0.3299016666666667,0.0469911111111111,0.0131594444444444,0.179811111111111,0.0732811111111111,0.019320831111111096,0.0950094444444444,0.2918322222222222,0.0850272222222222,0.0103005555555555,0.0076788888888888,3.8275681818181817,0.16379545454545455,0.09974588413291595,0.008931818181818181,0.001840909090909091,0.07377272727272727,0.44525000000000003,0.19325,0.08013636363636364,0.007613636363636364,0.002855,0.03937972240791891,1.8374999450389566,0.26870250613274105,0.187425,0.004392857142857143,0.06428657900871526,0.0026136363636363636,0.07288567547826662,0.00674494200807625,0.03118796775709841,0.6594833333333334,0.17352203335003752,0.23487322993071946,0.07854926363847967,0.027063217001179193,0.01140909090909091,0.025227272727272723,0.10666875,0.04856856235165408,0.0023863636363636366,0.007159090909090908,0.1073998414086774,0.062055763742445286,0.01622727272727273,0.022064285714285647,0.07482753980834898,0.015386363636363636,0.025134599262067802,0.1878234610799362,0.008253233282150264,0.004035488159907787,0.0457154441426217,0.009636363636363637,0.035954545454545454,0.005545454545454546,0.028679009774777522,0.02148189205799307,0.003,0.04029868647322506,0.01403840244408302,0.04345944489297817,0.0,0.007118073141237354,0.040383875881145684,0.03562559562700772,0.026645742394601796,0.0020564531210631714,0.008445677374193532,0.014937101612496772,0.0025773680209119926,0.0015453427626605856,0.21019747014422613,54900.0,54959.0,874.2387112244896,32.921701700680266,298.1965663265306,49.460919727891145,3.8344782312925174,0.22620646258503405,0.01486768707482993,31.498413660544212,28.419659316326538,25.550134555782307,23.504100216666668,21.20529228809524,18.9179423782313,16.72933605442177,15.378353801700682,13.647900088775506,12.388857623129251,11.358571169727886,11.341308963605442,10.818272198979587,10.300941491156461,8.68570308367347,26.215323510204087,8.182542476530614,1.9730855700680276,0.8556639176870748,0.15787202142857143,0.15749191564625845,0.08572805510204082,0.09653965374149662,0.08072318605442175,0.06730303639455783,0.0547963680272109,0.05265286054421769,0.05608408639455782,0.05026971768707482,0.0613427448979592,0.0852934843537415,0.05703171700680273,0.0414136986394558,0.03260376768707483,0.03035923061224489,0.05774556768707483,2.666228187203688,19726872.149793617,1932.0953919996443,0.7877624999999999,0.12735495407933986,0.0,0.025931123528975975,2.667326621319205,0.0282444444444444,0.03438568291197844,0.07259375,0.0469911111111111,0.11951005075604892,0.0,0.0,0.0076444444444444,0.041925000000000004,0.259725,0.0315888888888888,0.0,2.737845755044776,0.09110235566717902,0.0,0.022064285714285647,0.0,0.030224999999999926,0.2193166666666666,0.06581666666666665,0.1054291666666666,0.1004375,0.05079375,0.002855,0.014531249999999999,0.10666875,0.0,0.6594833333333334,0.039154999999999995,0.0,0.26849375,0.344825,0.0,0.0,0.3650999999999999,0.0,0.0093,0.08723500000000001,0.024482142857142848,0.03178928571428565,0.035810714285714224,0.02639375,0.0,0.024504166666666626,0.0,0.023312499999999948,0.0,0.0,0.0,,,,0.02315811151431698,0.02915909090909091,1.2421833538997795,6.357845042715405,5.900129754295757,43.18708051836195,620.66669,1090.7928,0.9632697931139133,2024-07-26 15:15:00
2024-07-26 09:30:00,47.96436851228433,1.0,0.0912929734846741,0.4159849312432865,0.0048023492319432,0.03259648207529646,1.1089609145574104,0.006241259649382715,0.008348106666666666,0.026350844444444445,3.4726044444444444e-25,1.8043111111111112e-05,3.076893333333333e-05,0.0003057546666666667,1.2172724444444446e-25,1.720097777777778e-05,0.0016023244444444446,0.0010797155555555555,2.7305777777777775e-07,0.09701493333333332,0.0067817288888888895,0.019086622222222224,0.15121777777777776,2.6054666666666666e-05,1.0846382222222222e-05,0.141,1309.7575666666667,78.92312306122447,0.056046972789115655,78.92312306122447,40.73434000000001,-111.87211,301.5313365646258,37.86140697278911,877.9698362244898,185.51609213435376,1.2359928571428567,440761.8189871504,1982.0534148400097,162.95406449987402,19790383.50179469,0.0008639014034847241,0.00012400513349145517,0.0005659272743068966,0.0004407548422146214,0.0003006647392290178,0.004346115274628358,0.0016771402948162202,1.517206984126984,5.129110150932022,8.687084023517222,24.890712948717947,0.24106709401709403,2.3216903846153847,4.1657663461538466,0.012992585470085435,0.281173717948718,5.188797329059829,0.06287303418803412,0.20837865384615384,0.30668621794871787,0.09859871794871795,0.3300774572649573,0.04669166666666665,0.014045208632673474,0.180208611111111,0.07407438034188032,0.01987272222222221,0.09311294871794867,0.2838403632478632,0.08512010683760682,0.0109747008547008,0.007473995726495639,3.8349545454545453,0.16413636363636364,0.08784947088274424,0.009045454545454546,0.0017727272727272728,0.07381818181818181,0.4455,0.1935,0.07990909090909092,0.007590909090909091,0.00571,0.03946654933239597,1.6419169482669482,0.32122585398278153,0.20650000000000002,0.004357142857142857,0.06516404973714018,0.0025909090909090908,0.0734026683692718,0.00674494200807625,0.022318991169105788,0.7396333333333334,0.15095947328620532,0.23500573794610327,0.07645484646668413,0.026209023778913296,0.011727272727272729,0.02618181818181818,0.1188625,0.08648436085368472,0.0024090909090909093,0.007227272727272727,0.10763602708133112,0.1046336957540216,0.016181818181818183,0.032371428571428496,0.08823146996450668,0.015409090909090909,0.028756998992215697,0.20178401836101292,0.008361076062543446,0.0040365635586928714,0.04581711183335003,0.009909090909090909,0.03736363636363636,0.005636363636363636,0.029090332990269453,0.021649229389178515,0.003,0.03718678284741211,0.014008256824708482,0.0465988805177414,0.0,0.00721890443545398,0.044448255487337975,0.0397893207514201,0.027011575818459893,0.002255541828861107,0.008278801596065208,0.015390755946082057,0.0025633293241369894,0.0014966747260014785,0.2205958346475561,55800.0,55859.0,874.0829712746282,32.93612173494582,299.4076886963971,49.53888435323758,3.7926995658856137,0.22360091660367853,0.014832655076845551,31.521676284381705,28.436593444946844,25.57301118049634,23.52324995187831,21.237876889231043,18.966677975303107,16.765088722881583,15.418327826805493,13.701404171044592,12.4597260598002,11.431466711903498,11.432684531978332,10.92240386889871,10.394298770608968,8.76880918110431,26.596253351843544,8.251618106839759,1.9628926540201566,0.8470262390448475,0.15549167899118166,0.1536400206024187,0.08390967560166289,0.09442609814562863,0.07900107755228016,0.06565176093524817,0.05367926684933234,0.051230364588057443,0.05464452150138574,0.04910797020357772,0.059597981756361815,0.0830572710377929,0.055766823132527094,0.040340660138322014,0.031617994357016885,0.02937761951650289,0.05615076358453011,2.7175456017707345,19515698.735379282,1930.8283825187557,0.707325,0.1664533027195599,0.0,0.02672312034825751,2.29260108087947,0.0282444444444444,0.03545835633206242,0.0782625,0.04669166666666665,0.12280005004010394,0.0,0.0,0.0076444444444444,0.0457375,0.26612142857142856,0.0315888888888888,0.0,2.7868815399733338,0.08857379266700821,0.0,0.032371428571428496,0.0,0.02014999999999995,0.20286666666666658,0.0696333333333333,0.11824166666666659,0.106325,0.0487875,0.00571,0.016587499999999998,0.1188625,0.0,0.7396333333333334,0.03913,0.0,0.2954375,0.35433000000000003,0.0,0.0,0.38942,0.0,0.0062,0.08827,0.0278642857142857,0.0249214285714285,0.03584999999999995,0.0250625,0.0,0.02602499999999995,0.0,0.022758333333333297,0.0,0.0,0.0,,,,0.02235791917009085,0.02822727272727273,1.194788902599853,6.405230028476937,6.133419836197171,45.458053678907966,600.66669,1183.6337,0.9203050950043619,2024-07-26 15:30:00
2024-07-26 09:45:00,50.42329484769792,1.0,0.08946821858475279,0.42788613533790354,0.005056467861873733,0.03314117959833768,1.0701481454092927,0.006331994576543209,0.00868919111111111,0.027200977777777777,4.990706666666667e-25,1.98768e-05,3.314577777777778e-05,0.00032862177777777775,1.7559600000000002e-25,2.0293333333333334e-05,0.0017025244444444443,0.0011412044444444444,3.0878755555555554e-07,0.09945853333333333,0.007135395555555555,0.01948248888888889,0.15477688888888888,2.8214577777777775e-05,1.2879955555555556e-05,0.141,1309.7634666666668,75.79673251700679,0.055454489795918376,75.79673251700679,40.73434000000001,-111.87211,301.6987275510204,37.263460204081625,877.8332098639456,184.7615856292517,1.255319047619047,440348.3624640967,1980.7798909045098,164.0551017888637,19576237.80743291,0.0008674395256339655,0.0001251091668187069,0.000572440040051762,0.00042734274376412856,0.00029140748299319046,0.004199524187452743,0.0016692536168108922,1.3086034920634921,5.176632852884452,8.998430972204517,24.253569786324785,0.2425064102564103,2.3197157692307693,4.118976025641026,0.012526837606837569,0.2825257692307693,5.165515769230769,0.06134829059829053,0.20078480769230767,0.3085007692307692,0.09911854700854701,0.3302532478632479,0.04639222222222221,0.014930972820902548,0.18060611111111102,0.07486764957264956,0.020424613333333317,0.09121645299145294,0.27584850427350427,0.08521299145299142,0.0116488461538461,0.007269102564102477,3.8423409090909093,0.16447727272727272,0.07595305763257251,0.009159090909090908,0.0017045454545454545,0.07386363636363635,0.44575,0.19375,0.07968181818181819,0.0075681818181818185,0.008565,0.039553376256873024,1.4463339514949398,0.37374920183282206,0.225575,0.0043214285714285715,0.0660415204655651,0.0025681818181818184,0.07391966126027699,0.00674494200807625,0.013450014581113168,0.8197833333333333,0.12839691322237312,0.23513824596148708,0.07436042929488858,0.0253548305566474,0.012045454545454547,0.027136363636363632,0.13105624999999999,0.12440015935571536,0.0024318181818181817,0.007295454545454545,0.10787221275398483,0.1472116277655979,0.016136363636363636,0.04267857142857135,0.10163540012066435,0.015431818181818182,0.03237939872236359,0.21574457564208965,0.008468918842936629,0.004037638957477956,0.04591877952407836,0.010181818181818183,0.03877272727272728,0.0057272727272727275,0.029501656205761388,0.021816566720363955,0.003,0.03407487922159916,0.013978111205333944,0.049738316142504624,0.0,0.007319735729670606,0.048512635093530265,0.043953045875832486,0.027377409242317994,0.002454630536659043,0.008111925817936884,0.015844410279667345,0.0025492906273619858,0.0014480066893423713,0.23099419915088612,56700.0,56759.0,873.9272313247668,32.950541769211384,300.61881106626356,49.61684897858402,3.7509209004787105,0.22099537062232302,0.014797623078861172,31.544938908219194,28.45352757356715,25.595887805210374,23.542399687089947,21.270461490366845,19.01541357237491,16.800841391341397,15.458301851910306,13.754908253313678,12.530594496471151,11.504362254079108,11.524060100351223,11.026535538817834,10.487656050061474,8.851915278535149,26.977183193482997,8.320693737148906,1.9526997379722857,0.8383885604026203,0.1531113365537919,0.14978812555857893,0.08209129610128496,0.09231254254976066,0.07727896905013855,0.06400048547593852,0.05256216567145378,0.049807868631897206,0.05320495660821366,0.04794622272008062,0.05785321861476444,0.0808210577218443,0.05450192925825145,0.03926762163718822,0.030632221026958936,0.028396008420760892,0.05455595948198539,2.9479956328119274,19304525.32096495,1929.5613730378668,0.6268875,0.20555165135977996,0.0,0.027515117167539044,1.9178755404397352,0.0282444444444444,0.03653102975214641,0.08393125,0.04639222222222221,0.12609004932415893,0.0,0.0,0.0076444444444444,0.04955,0.27251785714285715,0.0315888888888888,0.0,3.007085504928571,0.0860452296668374,0.0,0.04267857142857135,0.0,0.010074999999999973,0.1864166666666666,0.07344999999999995,0.13105416666666658,0.11221249999999999,0.04678125,0.008565,0.01864375,0.13105624999999999,0.0,0.8197833333333333,0.039105,0.0,0.32238125,0.363835,0.0,0.0,0.41374,0.0,0.0031000000000000003,0.089305,0.03124642857142855,0.01805357142857135,0.03588928571428568,0.02373125,0.0,0.027545833333333273,0.0,0.02220416666666665,0.0,0.0,0.0,,,,0.021557726825864723,0.027295454545454546,1.1473944512999266,6.452615014238468,6.366709918098586,47.72902683945399,580.66669,1280.6812,0.8874062449997148,2024-07-26 15:45:00
2024-07-26 10:00:00,52.8822211831115,1.0,0.08764346368483147,0.4397873394325205,0.0053105864918042665,0.0336858771213789,1.031335376261175,0.006422729503703703,0.00898703111111111,0.027930355555555557,7.556066666666667e-25,2.1612844444444443e-05,3.5330666666666664e-05,0.00034964666666666665,2.6972311111111113e-25,2.347262222222222e-05,0.0017930444444444443,0.00119608,3.4398933333333337e-07,0.10152084444444444,0.007449471111111111,0.019815911111111115,0.15776933333333334,3.023311111111111e-05,1.4986888888888888e-05,0.141,1309.7693666666667,72.6703419727891,0.054862006802721096,72.6703419727891,40.73434000000001,-111.87211,301.86611853741493,36.665513435374145,877.6965835034014,184.00707912414967,1.2746452380952376,439934.90594104305,1979.5063669690096,165.15613907785337,19362092.113071132,0.0008709776477832068,0.0001262132001459586,0.0005789528057966275,0.0004139306453136357,0.0002821502267573631,0.0040529331002771285,0.0016613669388055642,1.1,5.224155554836882,9.30977792089181,23.616426623931623,0.24394572649572652,2.317741153846154,4.072185705128206,0.012061089743589704,0.2838778205128205,5.1422342094017095,0.05982354700854694,0.19319096153846152,0.31031532051282046,0.09963837606837607,0.3304290384615385,0.04609277777777776,0.015816737009131623,0.18100361111111102,0.07566091880341878,0.02097650444444443,0.08931995726495721,0.26785664529914527,0.08530587606837604,0.0123229914529914,0.007064209401709315,3.849727272727273,0.1648181818181818,0.0640566443824008,0.009272727272727273,0.0016363636363636363,0.07390909090909091,0.446,0.194,0.07945454545454546,0.007545454545454545,0.01142,0.03964020318135007,1.2507509547229314,0.42627254968286254,0.24465,0.004285714285714286,0.06691899119399003,0.0025454545454545456,0.07443665415128217,0.00674494200807625,0.004581037993120545,0.8999333333333334,0.10583435315854095,0.2352707539768709,0.07226601212309303,0.024500637334381504,0.012363636363636365,0.02809090909090909,0.14325,0.162315957857746,0.0024545454545454545,0.007363636363636363,0.10810839842663855,0.1897895597771742,0.01609090909090909,0.0529857142857142,0.11503933027682205,0.015454545454545455,0.03600179845251148,0.2297051329231664,0.008576761623329814,0.0040387143562630404,0.046020447214806685,0.010454545454545456,0.04018181818181818,0.005818181818181819,0.02991297942125332,0.021983904051549395,0.003,0.030962975595786216,0.013947965585959406,0.05287775176726785,0.0,0.007420567023887231,0.05257701469972256,0.04811677100024487,0.02774324266617609,0.0026537192444569787,0.00794505003980856,0.01629806461325263,0.002535251930586982,0.0013993386526832642,0.24139256365421613,57600.0,57659.0,873.7714913749054,32.96496180347694,301.82993343613003,49.69481360393045,3.709142235071807,0.2183898246409675,0.014762591080876793,31.568201532056687,28.47046170218746,25.618764429924408,23.56154942230159,21.303046091502647,19.06414916944672,16.83659405980121,15.498275877015118,13.808412335582762,12.6014629331421,11.57725779625472,11.615435668724112,11.130667208736957,10.581013329513983,8.935021375965986,27.358113035122454,8.389769367458051,1.9425068219244146,0.829750881760393,0.15073099411640212,0.14593623051473917,0.08027291660090703,0.09019898695389268,0.07555686054799696,0.062349210016628874,0.05144506449357522,0.04838537267573696,0.051765391715041575,0.046784475236583516,0.056108455473167056,0.07858484440589569,0.05323703538397582,0.038194583136054436,0.029646447696900988,0.02741439732501889,0.05296115537944067,3.1727468890247903,19093351.906550616,1928.2943635569782,0.54645,0.24465,0.0,0.028307113986820582,1.54315,0.0282444444444444,0.0376037031722304,0.0896,0.04609277777777776,0.12938004860821395,0.0,0.0,0.0076444444444444,0.0533625,0.2789142857142857,0.0315888888888888,0.0,3.2218440689571275,0.0835166666666666,0.0,0.0529857142857142,0.0,0.0,0.1699666666666666,0.0772666666666666,0.1438666666666666,0.1181,0.044775,0.01142,0.0207,0.14325,0.0,0.8999333333333334,0.03908,0.0,0.349325,0.37334,0.0,0.0,0.43806,0.0,0.0,0.09034,0.0346285714285714,0.0111857142857142,0.0359285714285714,0.0224,0.0,0.0290666666666666,0.0,0.02165,0.0,0.0,0.0,,,,0.02075753448163859,0.026363636363636367,1.1,6.5,6.6,50.0,580.5,1380.5417,0.8621725499578096,2024-07-26 16:00:00
2024-07-26 10:15:00,55.58912816331198,1.0,0.08581870878491016,0.4516885435271375,0.005564705121734801,0.03423057464442012,0.9925226071130572,0.006513464430864197,0.00924648,0.028556533333333335,1.2169715555555556e-24,2.3239644444444446e-05,3.7324266666666664e-05,0.00036888755555555553,4.468977777777778e-25,2.6684222222222226e-05,0.0018743466666666666,0.0012447155555555557,3.7819333333333335e-07,0.1032711111111111,0.007727013333333334,0.020093555555555555,0.16029288888888887,3.210311111111111e-05,1.712942222222222e-05,0.141,1309.7752666666668,69.5439514285714,0.054269523809523816,69.5439514285714,40.73434000000001,-111.87211,302.03350952380947,36.067566666666664,877.5599571428571,183.2525726190476,1.293971428571428,439521.44941798935,1978.2328430335094,166.25717636684303,19147946.418709353,0.0008745157699324483,0.00012731723347321033,0.0005854655715414931,0.00040051854686314287,0.0002728929705215357,0.003906342013101515,0.0016534802608002361,1.1,4.6976141827256255,8.87603144132144,22.97928346153846,0.24538504273504275,2.3157665384615385,4.0253953846153845,0.011595341880341838,0.2852298717948718,5.118952649572649,0.05829880341880335,0.18559711538461537,0.3121298717948717,0.10015820512820513,0.3306048290598291,0.04579333333333332,0.016702501197360695,0.181401111111111,0.076454188034188,0.02152839555555554,0.08742346153846149,0.2598647863247863,0.08539876068376066,0.0129971367521367,0.006859316239316154,3.8571136363636365,0.1651590909090909,0.05964400067556032,0.009386363636363637,0.0015681818181818182,0.07395454545454545,0.44625000000000004,0.19425,0.07922727272727273,0.007522727272727273,0.011104999999999974,0.03972703010582713,1.2691774796711166,0.4065095227603356,0.23196250000000002,0.00425,0.06526578547376917,0.002522727272727273,0.07495364704228737,0.00674494200807625,0.013101564301601469,0.8567916666666667,0.09896500229817462,0.2354032619922547,0.07017159495129749,0.023646444112115608,0.012681818181818183,0.02904545454545454,0.13815,0.1443714331555103,0.0024772727272727273,0.007431818181818182,0.10834458409929228,0.17018455048861497,0.016045454545454547,0.05001428571428565,0.10806056859226645,0.015477272727272727,0.035699014280538635,0.19922837715437708,0.008684604403722996,0.004039789755048125,0.04612211490553501,0.010727272727272728,0.041590909090909095,0.005909090909090909,0.03032430263674525,0.02215124138273484,0.003,0.028742957121296604,0.01291095627947528,0.05430851095363535,0.0,0.007521398318103857,0.0508051407878935,0.04708038527058764,0.02810907609003419,0.0028528079522549144,0.007778174261680235,0.016751718946837916,0.0025212132338119785,0.001350670616024157,0.2517909281575461,58500.0,58559.0,873.615751425044,32.9793818377425,303.0410558059965,49.77277822927689,3.667363569664903,0.21578427865961203,0.014727559082892415,31.591464155894176,28.487395830807767,25.64164105463844,23.58069915751323,21.33563069263845,19.112884766518523,16.87234672826102,15.53824990211993,13.861916417851848,12.672331369813051,11.65015333843033,11.706811237097002,11.23479887865608,10.67437060896649,9.018127473396826,27.739042876761907,8.458844997767198,1.9323139058765435,0.8211132031181658,0.14835065167901235,0.14208433547089944,0.0784545371005291,0.08808543135802471,0.07383475204585536,0.06069793455731923,0.05032796331569666,0.04696287671957672,0.050325826821869486,0.045622727753086414,0.05436369233156968,0.07634863108994709,0.051972141509700184,0.03712154463492065,0.028660674366843036,0.02643278622927689,0.05136635127689595,3.383483445863807,18882178.49213628,1927.0273540760895,0.5287875,0.23196250000000002,0.0,0.02716532962758835,1.56115,0.0282444444444444,0.03605728063138346,0.0874125,0.04579333333333332,0.12463701223108942,0.0,0.0,0.0076444444444444,0.055099999999999996,0.2696928571428571,0.0315888888888888,0.0,3.4232110428182474,0.0789916666666666,0.0,0.05001428571428565,0.0,0.00967916666666665,0.16495833333333326,0.07631666666666659,0.13719583333333327,0.11553333333333332,0.04334375,0.011104999999999974,0.020528125,0.13815,0.0,0.8567916666666667,0.03822,0.0,0.33691875,0.35259,0.0,0.0,0.42655,0.0,0.0,0.08839,0.03513928571428567,0.012874999999999925,0.03551428571428568,0.023909375,0.0,0.028254166666666598,0.0,0.020783333333333324,0.0,0.0,0.0,,,,0.019957342137412463,0.025431818181818184,1.1,5.975,6.2749999999999995,52.5,603.0,1481.7383,0.8429472229284186,2024-07-26 16:15:00
2024-07-26 10:30:00,58.29603514351246,1.0,0.08399395388498884,0.46358974762175453,0.005818823751665333,0.03477527216746134,0.9537098379649394,0.0066041993580246905,0.009471484444444445,0.029090800000000003,2.1121333333333332e-24,2.475168888888889e-05,3.91296e-05,0.00038635155555555555,8.1060088888888895e-25,2.9872711111111112e-05,0.00194712,0.0012879377777777778,4.1103555555555555e-07,0.10473955555555554,0.007971395555555556,0.020325111111111113,0.1624057777777778,3.382297777777778e-05,1.926871111111111e-05,0.141,1309.7811666666666,66.41756088435372,0.053677040816326536,66.41756088435372,40.73434000000001,-111.87211,302.20090051020406,35.46961989795918,877.423330782313,182.49806611394558,1.3132976190476184,439107.9928949357,1976.9593190980095,167.3582136558327,18933800.724347573,0.0008780538920816896,0.00012842126680046208,0.0005919783372863586,0.00038710644841265,0.0002636357142857083,0.0037597509259259003,0.0016455935827949081,1.1,4.171072810614368,8.44228496175107,22.3421402991453,0.246824358974359,2.313791923076923,3.9786050641025645,0.011129594017093973,0.2865819230769231,5.09567108974359,0.05677405982905976,0.1780032692307692,0.313944423076923,0.10067803418803419,0.3307806196581197,0.04549388888888887,0.01758826538558977,0.18179861111111104,0.07724745726495724,0.022080286666666653,0.08552696581196577,0.2518729273504273,0.08549164529914527,0.013671282051282,0.006654423076922993,3.8645,0.16549999999999998,0.055231356968719836,0.0095,0.0015,0.074,0.4465,0.1945,0.079,0.0075,0.010789999999999949,0.039813857030304184,1.2876040046193018,0.38674649583780857,0.219275,0.004214285714285715,0.06361257975354831,0.0025,0.07547063993329255,0.00674494200807625,0.02162209061008239,0.81365,0.0920956514378083,0.23553577000763848,0.06807717777950195,0.02279225088984971,0.013000000000000001,0.03,0.13305,0.1264269084532746,0.0025,0.0075,0.10858076977194599,0.1505795412000557,0.016,0.047042857142857095,0.10108180690771087,0.0155,0.03539623010856578,0.16875162138558775,0.008792447184116179,0.0040408651538332094,0.046223782596263335,0.011,0.043,0.006,0.030735625852237183,0.02231857871392028,0.003,0.02652293864680699,0.011873946972991153,0.05573927014000285,0.0,0.007622229612320483,0.04903326687606444,0.0460439995409304,0.02847490951389229,0.00305189666005285,0.007611298483551911,0.0172053732804232,0.002507174537036975,0.0013020025793650499,0.26218929266087615,59400.0,59459.0,873.4600114751826,32.993801872008056,304.2521781758629,49.85074285462332,3.625584904258,0.21317873267825652,0.014692527084908036,31.61472677973167,28.504329959428073,25.66451767935248,23.599848892724868,21.368215293774252,19.16162036359033,16.908099396720836,15.578223927224743,13.915420500120934,12.743199806484,11.723048880605942,11.798186805469891,11.338930548575204,10.767727888418996,9.101233570827665,28.119972718401364,8.527920628076343,1.9221209898286726,0.8124755244759385,0.14597030924162258,0.13823244042705968,0.07663615760015118,0.08597187576215673,0.07211264354371377,0.059046659098009574,0.0492108621378181,0.045540380763416474,0.048886261928697404,0.044460980269589306,0.0526189291899723,0.07411241777399849,0.05070724763542454,0.036048506133786865,0.027674901036785087,0.02545117513353489,0.04977154717435123,3.575797163222873,18671005.077721946,1925.7603445952006,0.511125,0.219275,0.0,0.02602354526835612,1.57915,0.0282444444444444,0.03451085809053653,0.085225,0.04549388888888887,0.1198939758539649,0.0,0.0,0.0076444444444444,0.0568375,0.2604714285714286,0.0315888888888888,0.0,3.606974277244445,0.0744666666666666,0.0,0.047042857142857095,0.0,0.0193583333333333,0.15994999999999995,0.0753666666666666,0.13052499999999995,0.11296666666666665,0.041912500000000005,0.010789999999999949,0.02035625,0.13305,0.0,0.81365,0.03736,0.0,0.3245125,0.33184,0.0,0.0,0.41503999999999996,0.0,0.0,0.08644,0.035649999999999946,0.014564285714285651,0.03509999999999995,0.02541875,0.0,0.0274416666666666,0.0,0.019916666666666652,0.0,0.0,0.0,,,,0.019157149793186334,0.0245,1.1,5.45,5.949999999999999,55.0,625.5,1582.7594,0.8284872218418498,2024-07-26 16:30:00
2024-07-26 10:45:00,61.00294212371294,1.0,0.08216919898506753,0.4754909517163715,0.006072942381595867,0.035319969690502565,0.9148970688168216,0.006694934285185184,0.009663022222222224,0.029538533333333335,3.993053333333333e-24,2.612791111111111e-05,4.0733155555555556e-05,0.00040189911111111114,1.6204408888888889e-24,3.295737777777778e-05,0.0020108977777777777,0.0013255377777777778,4.418564444444444e-07,0.10595377777777777,0.00818256,0.02051382222222222,0.16416666666666666,3.5374222222222215e-05,2.1349377777777778e-05,0.141,1309.7870666666668,63.291170340136034,0.05308455782312926,63.291170340136034,40.73434000000001,-111.87211,302.3682914965986,34.8716731292517,877.2867044217687,181.74355960884353,1.332623809523809,438694.5363718821,1975.6857951625093,168.45925094482237,18719655.029985793,0.000881592014230931,0.0001295253001277138,0.0005984911030312241,0.00037369434996215717,0.00025437845804988094,0.0036131598387502857,0.0016377069047895801,1.1,3.644531438503112,8.0085384821807,21.704997136752137,0.24826367521367523,2.3118173076923076,3.9318147435897437,0.010663846153846107,0.2879339743589744,5.072389529914529,0.05524931623931617,0.17040942307692306,0.3157589743589743,0.10119786324786324,0.3309564102564103,0.045194444444444426,0.018474029573818843,0.18219611111111103,0.07804072649572646,0.022632177777777766,0.08363047008547003,0.24388106837606835,0.08558452991452989,0.0143454273504273,0.006449529914529831,3.8718863636363636,0.1658409090909091,0.050818713261879346,0.009613636363636364,0.0014318181818181819,0.07404545454545454,0.44675,0.19475,0.07877272727272727,0.007477272727272727,0.010474999999999925,0.03990068395478124,1.3060305295674872,0.36698346891528155,0.20658749999999998,0.004178571428571429,0.06195937403332744,0.0024772727272727273,0.07598763282429774,0.00674494200807625,0.030142616918563316,0.7705083333333334,0.08522630057744199,0.2356682780230223,0.0659827606077064,0.021938057667583815,0.01331818181818182,0.03095454545454545,0.12795,0.10848238375103889,0.002522727272727273,0.007568181818181818,0.10881695544459971,0.13097453191149644,0.015954545454545454,0.044071428571428546,0.0941030452231553,0.015522727272727273,0.03509344593659293,0.13827486561679841,0.008900289964509362,0.004041940552618294,0.046325450286991664,0.011272727272727273,0.04440909090909091,0.006090909090909091,0.031146949067729118,0.022485916045105723,0.003,0.024302920172317374,0.010836937666507026,0.05717002932637035,0.0,0.007723060906537109,0.047261392964235385,0.04500761381127316,0.028840742937750387,0.003250985367850786,0.007444422705423587,0.017659027614008487,0.002493135840261971,0.0012533345427059427,0.27258765716420613,60300.0,60359.0,873.3042715253212,33.00822190627362,305.4633005457294,49.92870747996976,3.5838062388510963,0.210573186696901,0.014657495086923657,31.637989403569158,28.52126408804838,25.687394304066512,23.61899862793651,21.400799894910055,19.210355960662138,16.94385206518065,15.618197952329554,13.96892458239002,12.814068243154951,11.795944422781554,11.889562373842782,11.443062218494328,10.861085167871503,9.184339668258504,28.50090256004082,8.59699625838549,1.9119280737808015,0.8038378458337113,0.1435899668042328,0.13438054538321992,0.07481777809977325,0.08385832016628875,0.07039053504157217,0.05739538363869993,0.048093760959939544,0.04411788480725624,0.04744669703552532,0.043299232786092205,0.050874166048374914,0.07187620445804989,0.04944235376114891,0.03497546763265307,0.02668912770672714,0.02446956403779289,0.0481767430718065,3.743781179114608,18459831.663307615,1924.493335114312,0.4934625,0.20658749999999998,0.0,0.02488176090912389,1.59715,0.0282444444444444,0.0329644355496896,0.0830375,0.045194444444444426,0.11515093947684038,0.0,0.0,0.0076444444444444,0.058575,0.25125,0.0315888888888888,0.0,3.7674895359377776,0.0699416666666666,0.0,0.044071428571428546,0.0,0.029037499999999952,0.15494166666666664,0.0744166666666666,0.12385416666666663,0.11039999999999997,0.04048125,0.010474999999999925,0.020184374999999997,0.12795,0.0,0.7705083333333334,0.0365,0.0,0.31210625000000003,0.31109,0.0,0.0,0.40353,0.0,0.0,0.08449000000000001,0.03616071428571423,0.016253571428571374,0.03468571428571422,0.026928125,0.0,0.0266291666666666,0.0,0.019049999999999977,0.0,0.0,0.0,,,,0.018356957448960202,0.02356818181818182,1.1,4.925000000000001,5.625,57.5,648.0,1682.1099,0.8181955629027082,2024-07-26 16:45:00
2024-07-26 11:00:00,63.70984910391343,1.0,0.08034444408514621,0.48739215581098855,0.0063270610115264,0.03586466721354378,0.8760842996687039,0.006785669212345679,0.009827613333333334,0.029917155555555557,8.367968888888888e-24,2.7379733333333335e-05,4.216626666666667e-05,0.00041582622222222223,3.5958e-24,3.591786666666667e-05,0.002067177777777778,0.0013584222222222221,4.7067333333333334e-07,0.10696577777777777,0.008366737777777777,0.02066862222222222,0.1655928888888889,3.67776e-05,2.3352977777777777e-05,0.141,1309.7929666666666,60.16477979591835,0.05249207482993198,60.16477979591835,40.73434000000001,-111.87211,302.5356824829932,34.27372636054422,877.1500780612245,180.9890531037415,1.3519499999999995,438281.0798488284,1974.4122712270091,169.56028823381206,18505509.335624017,0.0008851301363801724,0.00013062933345496552,0.0006050038687760896,0.00036028225151166427,0.0002451212018140536,0.0034665687515746716,0.001629820226784252,1.1,3.117990066391855,7.57479200261033,21.067853974358975,0.24970299145299146,2.3098426923076922,3.8850244230769233,0.010198098290598243,0.2892860256410257,5.04910797008547,0.05372457264957259,0.1628155769230769,0.3175735256410256,0.1017176923076923,0.3311322008547009,0.04489499999999998,0.019359793762047918,0.18259361111111103,0.07883399572649569,0.023184068888888878,0.08173397435897431,0.23588920940170938,0.08567741452991451,0.015019572649572599,0.006244636752136669,3.879272727272727,0.16618181818181818,0.04640606955503886,0.009727272727272727,0.0013636363636363637,0.07409090909090908,0.447,0.195,0.07854545454545454,0.007454545454545455,0.0101599999999999,0.03998751087925829,1.3244570545156724,0.3472204419927546,0.1939,0.004142857142857143,0.06030616831310658,0.0024545454545454545,0.07650462571530292,0.00674494200807625,0.03866314322704424,0.7273666666666667,0.07835694971707566,0.2358007860384061,0.06388834343591086,0.02108386444531792,0.013636363636363637,0.03190909090909091,0.12285,0.09053785904880318,0.0025454545454545456,0.007636363636363636,0.10905314111725344,0.1113695226229372,0.01590909090909091,0.0411,0.0871242835385997,0.015545454545454545,0.03479066176462008,0.10779810984800908,0.009008132744902546,0.0040430159514033785,0.04642711797771999,0.011545454545454546,0.04581818181818181,0.006181818181818182,0.03155827228322105,0.022653253376291163,0.003,0.022082901697827763,0.0097999283600229,0.05860078851273785,0.0,0.007823892200753734,0.04548951905240632,0.04397122808161593,0.029206576361608484,0.0034500740756487217,0.0072775469272952625,0.018112681947593773,0.002479097143486968,0.0012046665060468356,0.28298602166753617,61200.0,61259.0,873.1485315754596,33.022641940539174,306.67442291559587,50.00667210531619,3.5420275734441926,0.2079676407155455,0.014622463088939278,31.66125202740665,28.538198216668686,25.710270928780545,23.638148363148147,21.433384496045857,19.259091557733942,16.979604733640464,15.658171977434368,14.022428664659104,12.8849366798259,11.868839964957164,11.980937942215672,11.547193888413451,10.95444244732401,9.267445765689343,28.881832401680274,8.666071888694635,1.9017351577329304,0.795200167191484,0.14120962436684303,0.13052865033938016,0.07299939859939532,0.08174476457042078,0.06866842653943057,0.055744108179390274,0.04697665978206098,0.04269538885109599,0.04600713214235324,0.042137485302595104,0.04912940290677754,0.06963999114210129,0.048177459886873275,0.033902429131519286,0.02570335437666919,0.023487952942050888,0.04658193896926178,3.8739520183426683,18248658.24889328,1923.2263256334231,0.4758,0.1939,0.0,0.02373997654989166,1.61515,0.0282444444444444,0.031418013008842664,0.08085,0.04489499999999998,0.11040790309971585,0.0,0.0,0.0076444444444444,0.0603125,0.2420285714285714,0.0315888888888888,0.0,3.891872834087327,0.0654166666666666,0.0,0.0411,0.0,0.0387166666666666,0.1499333333333333,0.0734666666666666,0.1171833333333333,0.1078333333333333,0.03905,0.0101599999999999,0.0200125,0.12285,0.0,0.7273666666666667,0.03564,0.0,0.2997,0.29034,0.0,0.0,0.39202,0.0,0.0,0.08254,0.0366714285714285,0.0179428571428571,0.0342714285714285,0.0284375,0.0,0.0258166666666666,0.0,0.0181833333333333,0.0,0.0,0.0,,,,0.017556765104734074,0.02263636363636364,1.1,4.4,5.3,60.0,742.83331,1778.3599,0.8110292676278862,2024-07-26 17:00:00
2024-07-26 11:15:00,65.60468399005376,1.0,0.07851968918522491,0.4992933599056055,0.006581179641456934,0.036409364736585,0.8372715305205862,0.006876404139506172,0.009969635555555556,0.03023751111111111,1.9098186666666666e-23,2.8519644444444446e-05,4.3447733333333334e-05,0.00042828355555555556,8.618617777777778e-24,3.875746666666666e-05,0.002116862222222222,0.0013870666666666667,4.976128888888888e-07,0.10781111111111111,0.008527462222222223,0.020797688888888888,0.1667831111111111,3.8046133333333335e-05,2.5283644444444445e-05,0.141,1309.7988666666668,57.038389251700664,0.0518995918367347,57.038389251700664,40.73434000000001,-111.87211,302.70307346938773,33.67577959183673,877.0134517006803,180.23454659863944,1.3712761904761899,437867.62332577474,1973.1387472915092,170.66132552280172,18291363.641262237,0.0008886682585294138,0.00013173336678221724,0.0006115166345209552,0.0003468701530611714,0.00023586394557822618,0.0033199776643990575,0.001621933548778924,0.8250000000000001,3.1932102624077485,7.241140864479276,20.43071081196581,0.2511423076923077,2.307868076923077,3.838234102564103,0.009732350427350376,0.2906380769230769,5.0258264102564105,0.05219982905982899,0.15522173076923076,0.31938807692307686,0.10223752136752136,0.3313079914529915,0.044595555555555534,0.020245557950276993,0.18299111111111102,0.07962726495726491,0.023735959999999987,0.07983747863247859,0.2278973504273504,0.08577029914529913,0.0156937179487179,0.006039743589743508,3.886659090909091,0.16652272727272727,0.04355776086397518,0.009840909090909091,0.0012954545454545454,0.07413636363636364,0.44725000000000004,0.19525,0.07831818181818181,0.007431818181818182,0.0076199999999999254,0.040074337803735344,1.253079862737216,0.3189675655713077,0.18,0.004107142857142857,0.05719898935689661,0.0024318181818181817,0.07702161860630811,0.00674494200807625,0.03014261691856332,0.682,0.07816264195563433,0.2359332940537899,0.06179392626411532,0.020229671223052022,0.013954545454545456,0.03286363636363636,0.11980625,0.11236096609636302,0.0025681818181818184,0.007704545454545454,0.10928932678990716,0.0981645365177464,0.015863636363636364,0.039192857142857127,0.08141835034366948,0.015568181818181818,0.03133149319423292,0.10519840586194847,0.009115975525295729,0.004044091350188463,0.04652878566844832,0.011818181818181818,0.04722727272727273,0.006272727272727274,0.031969595498712984,0.022820590707476607,0.003,0.021656347929803556,0.008913647150411467,0.05508822324404785,0.002025,0.00792472349497036,0.042607347526996076,0.04100298298746605,0.02957240978546658,0.0036491627834466574,0.007110671149166938,0.01856633628117906,0.0024650584467119643,0.0011559984693877284,0.29338438617086615,62100.0,62159.0,872.9927916255982,33.037061974804736,307.88554528546234,50.08463673066263,3.5002489080372894,0.20536209473418998,0.0145874310909549,31.68451465124414,28.555132345288996,25.73314755349458,23.65729809835979,21.46596909718166,19.30782715480575,17.01535740210028,15.698146002539179,14.07593274692819,12.955805116496851,11.941735507132776,12.072313510588561,11.651325558332575,11.047799726776518,9.350551863120181,29.26276224331973,8.735147519003782,1.8915422416850596,0.7865624885492568,0.13882928192945326,0.1266767552955404,0.07118101909901739,0.0796312089745528,0.06694631803728898,0.05409283272008063,0.04585955860418242,0.041272892894935756,0.04456756724918115,0.040975737819098,0.047384639765180155,0.06740377782615269,0.046912566012597634,0.0328293906303855,0.024717581046611238,0.02250634184630889,0.04498713486671706,3.5704246861826707,18037484.834478945,1921.9593161525345,0.45055,0.18,0.0,0.022376645341714678,1.545425,0.0282444444444444,0.029571529394035886,0.07855000000000001,0.044595555555555534,0.1047445486649076,0.0,0.0,0.0076444444444444,0.056046874999999996,0.2310178571428571,0.0315888888888888,0.0,3.601840666541342,0.06249583333333327,0.0,0.039192857142857127,0.0,0.029037499999999952,0.14979166666666663,0.07074583333333327,0.11172916666666663,0.1036583333333333,0.038775000000000004,0.0076199999999999254,0.015009374999999998,0.11980625,0.002025,0.682,0.034905,0.0,0.29134375,0.28857,0.0,0.0,0.37646,0.0,0.0,0.078875,0.027503571428571377,0.020332142857142826,0.025703571428571374,0.025165625,0.0,0.02448749999999995,0.0,0.018391666666666626,0.002125,0.0,0.0,,,,0.016756572760507946,0.021704545454545456,0.8250000000000001,4.4750000000000005,5.05,61.75,920.33331,1870.1899,0.8063834186900929,2024-07-26 17:15:00
2024-07-26 11:30:00,67.4995188761941,1.0,0.07669493428530359,0.5111945640002226,0.006835298271387466,0.03695406225962622,0.7984587613724685,0.006967139066666666,0.010092964444444444,0.030513688888888887,4.5713244444444444e-23,2.956288888888889e-05,4.459728888888889e-05,0.00043951422222222224,2.125802222222222e-23,4.1456266666666665e-05,0.002161168888888889,0.001412368888888889,5.227973333333334e-07,0.10851644444444444,0.008668911111111111,0.02090493333333333,0.16779244444444444,3.920008888888889e-05,2.7122533333333333e-05,0.141,1309.8047666666666,53.91199870748298,0.05130710884353742,53.91199870748298,40.73434000000001,-111.87211,302.87046445578227,33.07783282312925,876.8768253401361,179.4800400935374,1.3906023809523804,437454.16680272104,1971.865223356009,171.76236281179138,18077217.946900457,0.0008922063806786551,0.00013283740010946896,0.0006180294002658207,0.0003334580546106786,0.0002266066893423988,0.003173386577223443,0.001614046870773596,0.55,3.2684304584236425,6.9074897263482224,19.79356764957265,0.252581623931624,2.3058934615384614,3.7914437820512825,0.009266602564102512,0.2919901282051282,5.00254485042735,0.05067508547008541,0.14762788461538462,0.3212026282051281,0.10275735042735042,0.3314837820512821,0.044296111111111085,0.02113132213850607,0.18338861111111104,0.08042053418803415,0.0242878511111111,0.07794098290598286,0.21990549145299143,0.08586318376068373,0.0163678632478632,0.005834850427350347,3.894045454545455,0.16686363636363635,0.040709452172911484,0.009954545454545456,0.0012272727272727272,0.07418181818181818,0.4475,0.1955,0.07809090909090909,0.0074090909090909094,0.00507999999999995,0.0401611647282124,1.1817026709587592,0.29071468914986076,0.1661,0.004071428571428571,0.05409181040068664,0.0024090909090909093,0.0775386114973133,0.00674494200807625,0.021622090610082394,0.6366333333333334,0.077968334194193,0.2360658020691737,0.059699509092319775,0.019375478000786126,0.014272727272727274,0.03381818181818182,0.11676249999999999,0.13418407314392286,0.0025909090909090908,0.007772727272727272,0.10952551246256087,0.0849595504125556,0.015818181818181818,0.03728571428571425,0.07571241714873925,0.015590909090909091,0.02787232462384576,0.10259870187588785,0.009223818305688912,0.0040451667489735475,0.04663045335917665,0.012090909090909091,0.04863636363636363,0.006363636363636364,0.03238091871420491,0.022987928038662047,0.003,0.02122979416177935,0.008027365940800033,0.05157565797535785,0.00405,0.008025554789186986,0.03972517600158584,0.03803473789331616,0.029938243209324682,0.003848251491244593,0.006943795371038614,0.019019990614764344,0.0024510197499369606,0.0011073304327286213,0.30378275067419613,63000.0,63059.0,872.8370516757368,33.05148200907029,309.0966676553288,50.16260135600906,3.4584702426303857,0.20275654875283447,0.01455239909297052,31.707777275081632,28.572066473909302,25.756024178208612,23.67644783357143,21.498553698317462,19.356562751877554,17.051110070560092,15.73812002764399,14.129436829197276,13.0266735531678,12.014631049308386,12.16368907896145,11.755457228251698,11.141157006229024,9.43365796055102,29.643692084959184,8.804223149312927,1.8813493256371885,0.7779248099070295,0.1364489394920635,0.12282486025170064,0.06936263959863945,0.07751765337868483,0.06522420953514738,0.052441557260770974,0.04474245742630387,0.03985039693877551,0.04312800235600907,0.0398139903356009,0.04563987662358278,0.06516756451020408,0.04564767213832199,0.03175635212925171,0.02373180771655329,0.021524730750566892,0.043392330764172336,3.677302953135722,17826311.420064613,1920.6923066716458,0.4253,0.1661,0.0,0.021013314133537693,1.4757,0.0282444444444444,0.02772504577922911,0.07625000000000001,0.044296111111111085,0.09908119423009933,0.0,0.0,0.0076444444444444,0.05178125,0.2200071428571428,0.0315888888888888,0.0,3.7039670062266654,0.05957499999999995,0.0,0.03728571428571425,0.0,0.0193583333333333,0.14964999999999995,0.06802499999999995,0.10627499999999995,0.0994833333333333,0.0385,0.00507999999999995,0.01000625,0.11676249999999999,0.00405,0.6366333333333334,0.03417,0.0,0.2829875,0.28679999999999994,0.0,0.0,0.3609,0.0,0.0,0.07521,0.01833571428571425,0.022721428571428552,0.01713571428571425,0.02189375,0.0,0.0231583333333333,0.0,0.01859999999999995,0.00425,0.0,0.0,,,,0.015956380416281817,0.020772727272727276,0.55,4.550000000000001,4.8,63.5,1097.8334,1956.4321,0.8036925257817846,2024-07-26 17:30:00
2024-07-26 11:45:00,69.39435376233445,1.0,0.07487017938538228,0.5230957680948396,0.0070894169013180006,0.03749875978266744,0.7596459922243508,0.0070578739938271596,0.010195066666666667,0.030739022222222225,1.0350168888888889e-22,3.046711111111111e-05,4.558097777777777e-05,0.0004491182222222222,4.9004266666666665e-23,4.387884444444444e-05,0.002198782222222222,0.001433711111111111,5.450168888888888e-07,0.109088,0.008787484444444445,0.020990044444444446,0.16860133333333333,4.0197511111111105e-05,2.8777333333333333e-05,0.141,1309.8106666666667,50.785608163265294,0.050714625850340145,50.785608163265294,40.73434000000001,-111.87211,303.03785544217686,32.47988605442176,876.7401989795918,178.72553358843538,1.409928571428571,437040.7102796674,1970.5916994205088,172.86340010078106,17863072.252538677,0.0008957445028278965,0.00013394143343672068,0.0006245421660106862,0.0003200459561601857,0.00021734943310657142,0.003026795490047829,0.001606160192768268,0.275,3.3436506544395366,6.573838588217169,19.156424487179486,0.2540209401709402,2.303918846153846,3.7446534615384617,0.008800854700854645,0.2933421794871795,4.979263290598291,0.049150341880341814,0.14003403846153845,0.32301717948717945,0.10327717948717947,0.3316595726495727,0.04399666666666664,0.02201708632673514,0.18378611111111104,0.08121380341880337,0.02483974222222221,0.07604448717948713,0.21191363247863246,0.08595606837606835,0.0170420085470085,0.005629957264957184,3.9014318181818184,0.16720454545454544,0.0378611434818478,0.010068181818181818,0.001159090909090909,0.07422727272727273,0.44775,0.19575,0.07786363636363636,0.007386363636363636,0.0025399999999999746,0.040247991652689455,1.1103254791803028,0.26246181272841385,0.1522,0.004035714285714286,0.050984631444476666,0.002386363636363636,0.07805560438831849,0.00674494200807625,0.013101564301601469,0.5912666666666666,0.07777402643275166,0.23619831008455752,0.05760509192052423,0.018521284778520233,0.014590909090909092,0.03477272727272727,0.11371875,0.1560071801914827,0.002613636363636364,0.007840909090909091,0.1097616981352146,0.0717545643073648,0.01577272727272727,0.03537857142857137,0.07000648395380901,0.015613636363636364,0.024413156053458597,0.09999899788982723,0.009331661086082094,0.004046242147758632,0.04673212104990497,0.012363636363636365,0.050045454545454546,0.006454545454545455,0.03279224192969685,0.023155265369847487,0.003,0.020803240393755144,0.0071410847311886,0.04806309270666785,0.006075,0.008126386083403611,0.0368430044761756,0.03506649279916628,0.03030407663318278,0.004047340199042529,0.00677691959291029,0.01947364494834963,0.002436981053161957,0.0010586623960695141,0.31418111517752617,63900.0,63959.0,872.6813117258754,33.065902043335846,310.3077900251953,50.240565981355495,3.4166915772234825,0.20015100277147896,0.014517367094986142,31.73103989891912,28.58900060252961,25.778900802922646,23.695597568783068,21.531138299453264,19.405298348949362,17.086862739019903,15.778094052748804,14.182940911466362,13.09754198983875,12.087526591483998,12.255064647334342,11.859588898170822,11.23451428568153,9.51676405798186,30.02462192659864,8.873298779622072,1.8711564095893174,0.7692871312648022,0.13406859705467372,0.1189729652078609,0.06754426009826153,0.07540409778281684,0.06350210103300578,0.05079028180146132,0.043625356248425305,0.03842790098261527,0.041688437462836986,0.0386522428521038,0.043895113481985396,0.06293135119425548,0.04438277826404636,0.030683313628117923,0.02274603438649534,0.02054311965482489,0.041797526661627615,3.912730184448773,17615138.00565028,1919.425297190757,0.40005,0.1522,0.0,0.01964998292536071,1.405975,0.0282444444444444,0.02587856216442233,0.07395,0.04399666666666664,0.09341783979529106,0.0,0.0,0.0076444444444444,0.047515625,0.2089964285714285,0.0315888888888888,0.0,3.9289268795638095,0.056654166666666624,0.0,0.03537857142857137,0.0,0.009679166666666648,0.14950833333333327,0.06530416666666662,0.10082083333333328,0.0953083333333333,0.038224999999999995,0.0025399999999999746,0.005003125000000001,0.11371875,0.006075,0.5912666666666666,0.033435,0.0,0.27463125,0.2850299999999999,0.0,0.0,0.34534,0.0,0.0,0.071545,0.009167857142857123,0.025110714285714274,0.008567857142857127,0.018621875000000003,0.0,0.02182916666666665,0.0,0.018808333333333274,0.0063750000000000005,0.0,0.0,,,,0.015156188072055685,0.019840909090909093,0.275,4.625,4.55,65.25,1275.3334,2036.1034,0.8031734267580108,2024-07-26 17:45:00
2024-07-26 12:00:00,71.28918864847478,1.0,0.07304542448546096,0.5349969721894565,0.007343535531248534,0.03804345730570866,0.7208332230762331,0.007148608920987653,0.010277155555555556,0.030917555555555552,2.1414577777777775e-22,3.123808888888889e-05,4.6408622222222226e-05,0.00045721466666666664,1.0259151111111112e-22,4.602511111111111e-05,0.0022300133333333335,0.001451528888888889,5.643755555555556e-07,0.10953066666666667,0.008885275555555554,0.02105448888888889,0.1692191111111111,4.1043022222222224e-05,3.0246755555555558e-05,0.141,1309.8165666666666,47.6592176190476,0.050122142857142865,47.6592176190476,40.73434000000001,-111.87211,303.2052464285714,31.88193928571428,876.6035726190477,177.97102708333333,1.4292547619047613,436627.25375661376,1969.3181754850089,173.96443738977072,17648926.558176897,0.0008992826249771379,0.0001350454667639724,0.0006310549317555517,0.0003066338577096928,0.00020809217687074404,0.0028802044028722147,0.00159827351476294,0.0,3.41887085045543,6.240187450086115,18.519281324786323,0.25546025641025644,2.3019442307692306,3.6978631410256413,0.008335106837606781,0.2946942307692308,4.95598173076923,0.04762559829059823,0.1324401923076923,0.3248317307692307,0.10379700854700853,0.3318353632478633,0.04369722222222219,0.022902850514964213,0.18418361111111103,0.08200707264957259,0.025391633333333323,0.0741479914529914,0.20392177350427348,0.08604895299145297,0.017716153846153798,0.0054250641025640235,3.908818181818182,0.16754545454545453,0.03501283479078411,0.010181818181818183,0.001090909090909091,0.07427272727272727,0.448,0.196,0.07763636363636364,0.007363636363636364,0.0,0.040334818577166504,1.0389482874018463,0.2342089363069669,0.1383,0.004,0.04787745248826669,0.0023636363636363638,0.07857259727932367,0.00674494200807625,0.004581037993120545,0.5458999999999999,0.07757971867131033,0.23633081809994133,0.055510674748728686,0.017667091556254337,0.01490909090909091,0.035727272727272726,0.110675,0.17783028723904254,0.0026363636363636363,0.007909090909090909,0.10999788380786832,0.05854957820217399,0.01572727272727273,0.0334714285714285,0.06430055075887879,0.015636363636363636,0.020953987483071437,0.09739929390376661,0.009439503866475279,0.0040473175465437165,0.0468337887406333,0.012636363636363637,0.05145454545454546,0.006545454545454545,0.03320356514518878,0.02332260270103293,0.003,0.020376686625730937,0.006254803521577167,0.04455052743797785,0.0081,0.008227217377620237,0.03396083295076535,0.032098247705016396,0.03066991005704088,0.004246428906840465,0.006610043814781965,0.019927299281934915,0.0024229423563869533,0.001009994359410407,0.3245794796808562,64800.0,64859.0,872.525571776014,33.08032207760141,311.51891239506176,50.318530606701934,3.374912911816579,0.19754545679012347,0.014482335097001763,31.754302522756614,28.605934731149915,25.80177742763668,23.71474730399471,21.563722900589067,19.45403394602117,17.122615407479717,15.818068077853615,14.236444993735446,13.1684104265097,12.16042213365961,12.346440215707231,11.963720568089945,11.327871565134037,9.599870155412699,30.405551768238098,8.942374409931219,1.8609634935414463,0.760649452622575,0.13168825461728395,0.11512107016402114,0.06572588059788359,0.07329054218694886,0.06177999253086419,0.049139006342151674,0.042508255070546744,0.037005405026455024,0.040248872569664904,0.0374904953686067,0.04215035034038801,0.06069513787830688,0.043117884389770725,0.029610275126984137,0.021760261056437392,0.01956150855908289,0.040202722559082894,4.151136836971125,17403964.591235943,1918.1582877098683,0.3748,0.1383,0.0,0.01828665171718373,1.33625,0.0282444444444444,0.024032078549615553,0.07165,0.04369722222222219,0.0877544853604828,0.0,0.0,0.0076444444444444,0.04325,0.1979857142857142,0.0315888888888888,0.0,4.156733705711484,0.0537333333333333,0.0,0.0334714285714285,0.0,0.0,0.1493666666666666,0.0625833333333333,0.0953666666666666,0.0911333333333333,0.03795,0.0,0.0,0.110675,0.0081,0.5458999999999999,0.0327,0.0,0.266275,0.2832599999999999,0.0,0.0,0.32978,0.0,0.0,0.06788,0.0,0.0275,0.0,0.01535,0.0,0.0205,0.0,0.0190166666666666,0.0085,0.0,0.0,,,,0.014355995727829557,0.01890909090909091,0.0,4.7,4.3,67.0,1370.0,2124.8816,0.8045455513777462,2024-07-26 18:00:00
2024-07-26 12:15:00,71.55987934649482,1.0,0.07122066958553964,0.5468981762840736,0.007597654161179067,0.03858815482874988,0.6820204539281153,0.007239343848148148,0.010345288888888889,0.031061155555555556,3.9956311111111107e-22,3.188808888888889e-05,4.7096266666666665e-05,0.0004639804444444444,1.9285599999999999e-22,4.7884222222222216e-05,0.002255835555555556,0.0014659422222222222,5.809177777777778e-07,0.10987777777777777,0.00896532888888889,0.021104444444444443,0.1697008888888889,4.175306666666667e-05,3.1522533333333335e-05,0.141,1309.8224666666667,44.53282707482992,0.049529659863945585,44.53282707482992,40.73434000000001,-111.87211,303.37263741496594,31.2839925170068,876.4669462585034,177.2165205782313,1.4485809523809519,436213.79723356006,1968.0446515495087,175.06547467876038,17434780.86381512,0.0009028207471263792,0.00013614950009122414,0.0006375676975004172,0.0002932217592592,0.00019883492063491666,0.0027336133156966,0.001590386836757612,0.125,3.74482503319097,6.473743246777852,17.88213816239316,0.2568995726495727,2.299969615384615,3.651072820512821,0.007869358974358916,0.2960462820512821,4.932700170940171,0.04610085470085464,0.12484634615384614,0.326646282051282,0.10431683760683759,0.3320111538461539,0.043397777777777743,0.023788614703193288,0.18458111111111106,0.08280034188034183,0.025943524444444435,0.07225149572649567,0.19592991452991448,0.08614183760683758,0.018390299145299098,0.005220170940170862,3.9162045454545455,0.16788636363636364,0.030933374126264915,0.010295454545454545,0.0010227272727272728,0.07431818181818181,0.44825000000000004,0.19625,0.07740909090909091,0.007340909090909091,0.0,0.04042164550164356,1.0325757808572655,0.2482374685102893,0.133625,0.0039642857142857145,0.044045406408575266,0.002340909090909091,0.07908959017032885,0.00674494200807625,0.004581037993120545,0.5096999999999999,0.08065435324941109,0.23646332611532514,0.05341625757693314,0.01681289833398844,0.015227272727272728,0.03668181818181818,0.1025625,0.1996533942866024,0.002659090909090909,0.007977272727272727,0.11023406948052203,0.05553392941824111,0.015681818181818182,0.025103571428571374,0.05459741302632366,0.01565909090909091,0.022081863265379472,0.07370086236981886,0.009547346646868462,0.004048392945328801,0.04693545643136163,0.012909090909090908,0.05286363636363636,0.006636363636363636,0.03361488836068071,0.023489940032218375,0.003,0.02195687444818424,0.007388278810059816,0.040260823186764494,0.006075,0.008328048671836863,0.029749755991483315,0.026202667479729394,0.031035743480898978,0.0044455176146384005,0.006443168036653641,0.0203809536155202,0.0024089036596119497,0.0009613263227513,0.3349778441841862,65700.0,65759.0,872.3698318261526,33.094742111866964,312.73003476492823,50.396495232048366,3.333134246409675,0.19493991080876796,0.014447303099017384,31.777565146594103,28.62286885977022,25.824654052350713,23.73389703920635,21.59630750172487,19.502769543092974,17.15836807593953,15.858042102958427,14.289949076004532,13.23927886318065,12.23331767583522,12.43781578408012,12.067852238009067,11.421228844586544,9.682976252843538,30.78648160987755,9.011450040240364,1.8507705774935754,0.7520117739803477,0.12930791217989418,0.11126917512018139,0.06390750109750568,0.07117698659108089,0.06005788402872259,0.04748773088284203,0.04139115389266819,0.03558290907029479,0.03880930767649282,0.03632874788510959,0.040405587198790636,0.05845892456235827,0.041852990515495084,0.028537236625850348,0.020774487726379444,0.01857989746334089,0.03860791845653817,3.8642424213476834,17192791.176821608,1916.8912782289797,0.3873375,0.133625,0.0,0.016794637608721474,1.330025,0.0282444444444444,0.022011307963706355,0.0685,0.043397777777777743,0.08155657492809777,0.0,0.0,0.0076444444444444,0.038040624999999995,0.1859357142857142,0.0315888888888888,0.0,3.882594936632712,0.040299999999999975,0.0,0.025103571428571374,0.0,0.0,0.15160833333333326,0.05717916666666662,0.0860916666666666,0.0850333333333333,0.038968749999999996,0.0,0.0,0.1025625,0.006075,0.5096999999999999,0.03364,0.0,0.24886874999999997,0.2671249999999999,0.0,0.0,0.312535,0.0,0.0,0.06336,0.0,0.020625,0.0,0.0115125,0.0,0.018795833333333324,0.0,0.021070833333333275,0.009496875,0.0,0.0,,,,0.013555803383603428,0.01797727272727273,0.125,5.025,4.475,67.25,1370.0,2202.0364,0.8074822393989552,2024-07-26 18:15:00
2024-07-26 12:30:00,71.83057004451487,1.0,0.06939591468561833,0.5587993803786906,0.007851772791109601,0.0391328523517911,0.6432076847799976,0.007330078775308641,0.010398444444444445,0.031173155555555554,6.665844444444444e-22,3.241693333333333e-05,4.765222222222222e-05,0.0004694337777777778,3.2337688888888887e-22,4.943573333333333e-05,0.002276648888888889,0.0014774888888888888,5.94571111111111e-07,0.11015066666666667,0.009029017777777778,0.021141466666666667,0.1700711111111111,4.233062222222222e-05,3.258826666666667e-05,0.141,1309.8283666666666,41.40643653061223,0.048937176870748306,41.40643653061223,40.73434,-111.87211,303.54002840136053,30.686045748299318,876.3303198979592,176.46201407312924,1.4679071428571424,435800.3407105064,1966.7711276140085,176.16651196775007,17220635.16945334,0.0009063588692756207,0.00013725353341847586,0.0006440804632452827,0.00027980966080870713,0.00018957766439908928,0.0025870222285209856,0.001582500158752284,0.25,4.07077921592651,6.70729904346959,17.244995,0.2583388888888889,2.297995,3.6042825,0.00740361111111105,0.2973983333333333,4.909418611111111,0.04457611111111105,0.1172525,0.3284608333333333,0.10483666666666665,0.3321869444444445,0.0430983333333333,0.024674378891422363,0.18497861111111105,0.08359361111111105,0.026495415555555547,0.07035499999999995,0.18793805555555554,0.0862347222222222,0.019064444444444398,0.0050152777777777,3.923590909090909,0.16822727272727273,0.026853913461745718,0.01040909090909091,0.0009545454545454544,0.07436363636363635,0.4485,0.1965,0.07718181818181818,0.007318181818181818,0.0,0.040508472426120615,1.0262032743126848,0.2622660007136117,0.12895,0.003928571428571429,0.04021336032888384,0.002318181818181818,0.07960658306133404,0.00674494200807625,0.004581037993120545,0.4735,0.08372898782751184,0.23659583413070895,0.0513218404051376,0.015958705111722545,0.015545454545454546,0.037636363636363634,0.09445,0.22147650133416225,0.002681818181818182,0.008045454545454545,0.11047025515317575,0.05251828063430824,0.015636363636363636,0.01673571428571425,0.04489427529376853,0.015681818181818182,0.023209739047687507,0.05000243083587111,0.009655189427261644,0.0040494683441138855,0.047037124122089956,0.013181818181818183,0.05427272727272728,0.006727272727272728,0.034026211576172645,0.023657277363403815,0.003,0.023537062270637548,0.008521754098542465,0.03597111893555113,0.00405,0.008428879966053487,0.025538679032201278,0.02030708725444239,0.031401576904757075,0.004644606322436336,0.006276292258525317,0.020834607949105487,0.0023948649628369465,0.0009126582860921928,0.3453762086875162,66600.0,66659.0,872.2140918762911,33.109162146132526,313.94115713479465,50.474459857394805,3.291355581002772,0.19233436482741245,0.014412271101033006,31.800827770431596,28.63980298839053,25.84753067706475,23.75304677441799,21.62889210286067,19.55150514016478,17.194120744399346,15.89801612806324,14.343453158273618,13.3101472998516,12.306213218010832,12.529191352453012,12.17198390792819,11.514586124039052,9.766082350274376,31.167411451517008,9.08052567054951,1.8405776614457043,0.7433740953381205,0.1269275697425044,0.10741728007634163,0.06208912159712774,0.06906343099521291,0.058335775526580994,0.045836455423532374,0.04027405271478963,0.03416041311413454,0.03736974278332074,0.0351670004016125,0.03866082405719326,0.05622271124640967,0.04058809664121945,0.02746419812471656,0.019788714396321495,0.01759828636759889,0.03701311435399345,3.496841323996759,16981617.762407277,1915.6242687480908,0.399875,0.12895,0.0,0.015302623500259216,1.3237999999999999,0.0282444444444444,0.019990537377797157,0.06535,0.0430983333333333,0.07535866449571274,0.0,0.0,0.0076444444444444,0.03283125,0.1738857142857142,0.0315888888888888,0.0,3.5315289029244443,0.02686666666666665,0.0,0.01673571428571425,0.0,0.0,0.15384999999999993,0.051774999999999946,0.0768166666666666,0.0789333333333333,0.039987499999999995,0.0,0.0,0.09445,0.00405,0.4735,0.03458,0.0,0.2314625,0.2509899999999999,0.0,0.0,0.29529,0.0,0.0,0.058839999999999996,0.0,0.01375,0.0,0.007675,0.0,0.01709166666666665,0.0,0.02312499999999995,0.01049375,0.0,0.0,,,,0.012755611039377297,0.017045454545454548,0.25,5.35,4.65,67.5,1370.0,2254.1545,0.8118356786658937,2024-07-26 18:30:00
2024-07-26 12:45:00,72.10126074253492,1.0,0.06757115978569701,0.5707005844733075,0.008105891421040134,0.039677549874832324,0.6043949156318799,0.007420813702469135,0.010438,0.03125591111111111,9.921297777777776e-22,3.2828000000000005e-05,4.807924444444444e-05,0.00047363288888888885,4.829626666666667e-22,5.0661377777777785e-05,0.0022924666666666667,0.0014863111111111111,6.052817777777778e-07,0.11034844444444444,0.009077568888888889,0.02116928888888889,0.17034711111111112,4.277671111111111e-05,3.343195555555556e-05,0.141,1309.8342666666667,38.28004598639454,0.048344693877551026,38.28004598639454,40.73434,-111.87211,303.70741938775507,30.088098979591834,876.1936935374149,175.7075075680272,1.4872333333333327,435386.8841874527,1965.4976036785083,177.26754925673973,17006489.47509156,0.000909896991424862,0.00013835756674572758,0.0006505932289901482,0.0002663975623582143,0.0001803204081632619,0.0024404311413453715,0.001574613480746956,0.375,4.39673339866205,6.940854840161328,16.607851837606837,0.25977820512820515,2.296020384615385,3.5574921794871797,0.006937863247863185,0.2987503846153846,4.886137051282051,0.04305136752136746,0.10965865384615384,0.3302753846153846,0.1053564957264957,0.3323627350427351,0.04279888888888886,0.02556014307965144,0.18537611111111105,0.08438688034188027,0.027047306666666656,0.06845850427350422,0.17994619658119654,0.08632760683760682,0.019738589743589698,0.0048103846153845385,3.9309772727272727,0.1685681818181818,0.022774452797226525,0.010522727272727274,0.0008863636363636365,0.07440909090909091,0.44875,0.19675,0.07695454545454546,0.007295454545454546,0.0,0.04059529935059767,1.0198307677681042,0.2762945329169341,0.124275,0.003892857142857143,0.03638131424919242,0.0022954545454545454,0.08012357595233922,0.00674494200807625,0.004581037993120545,0.4373,0.0868036224056126,0.23672834214609273,0.04922742323334206,0.015104511889456648,0.015863636363636364,0.038590909090909085,0.0863375,0.24329960838172207,0.0027045454545454547,0.008113636363636363,0.11070644082582948,0.04950263185037536,0.015590909090909091,0.008367857142857125,0.03519113756121339,0.015704545454545454,0.02433761482999554,0.026303999301923356,0.009763032207654827,0.00405054374289897,0.047138791812818284,0.013454545454545455,0.05568181818181818,0.006818181818181819,0.03443753479166457,0.023824614694589255,0.003,0.025117250093090855,0.009655229387025115,0.03168141468433777,0.002025,0.008529711260270113,0.021327602072919238,0.014411507029155383,0.03176741032861517,0.004843695030234272,0.0061094164803969925,0.021288262282690772,0.002380826266061943,0.0008639902494330856,0.35577457319084616,67500.0,67559.0,872.0583519264297,33.12358218039808,315.1522795046611,50.55242448274124,3.2495769155958683,0.18972881884605694,0.014377239103048627,31.824090394269085,28.656737117010838,25.870407301778783,23.77219650962963,21.661476703996474,19.600240737236586,17.22987341285916,15.937990153168052,14.396957240542704,13.38101573652255,12.379108760186442,12.620566920825901,12.276115577847314,11.607943403491559,9.849188447705215,31.54834129315646,9.149601300858656,1.8303847453978332,0.7347364166958932,0.12454722730511464,0.10356538503250187,0.060270742096749805,0.06694987539934494,0.0566136670244394,0.04418517996422272,0.03915695153691107,0.032737917157974306,0.03593017789014866,0.03400525291811539,0.03691606091559588,0.05398649793046107,0.039323202766943816,0.026391159623582773,0.018802941066263547,0.01661667527185689,0.03541831025144873,3.304102954440584,16770444.347992942,1914.3572592672022,0.4124125,0.124275,0.0,0.013810609391796957,1.317575,0.0282444444444444,0.017969766791887956,0.0622,0.04279888888888886,0.06916075406332772,0.0,0.0,0.0076444444444444,0.027621874999999997,0.1618357142857142,0.0315888888888888,0.0,3.3473598968126983,0.013433333333333325,0.0,0.008367857142857125,0.0,0.0,0.15609166666666663,0.04637083333333328,0.0675416666666666,0.0728333333333333,0.04100625,0.0,0.0,0.0863375,0.002025,0.4373,0.035519999999999996,0.0,0.21405625,0.2348549999999999,0.0,0.0,0.278045,0.0,0.0,0.05431999999999999,0.0,0.006874999999999999,0.0,0.0038375000000000006,0.0,0.015387499999999976,0.0,0.025179166666666624,0.011490625,0.0,0.0,,,,0.011955418695151168,0.016113636363636368,0.375,5.675,4.825,67.75,1370.0,2298.064,0.8174891089565123,2024-07-26 18:45:00
2024-07-26 13:00:00,72.37195144055497,1.0,0.0657464048857757,0.5826017885679246,0.008360010050970666,0.04022224739787354,0.5655821464837621,0.0075115486296296295,0.01046657777777778,0.031314888888888885,1.3178355555555555e-21,3.31216e-05,4.8383333333333335e-05,0.0004766191111111111,6.429662222222222e-22,5.1549511111111114e-05,0.0023036355555555556,0.0014925422222222223,6.129822222222223e-07,0.11047822222222223,0.009111728888888889,0.021188044444444446,0.170528,4.3094711111111115e-05,3.4044444444444445e-05,0.141,1309.8401666666666,35.153655442176856,0.047752210884353746,35.153655442176856,40.73434,-111.87211,303.8748103741496,29.49015221088435,876.0570671768708,174.95300106292515,1.5065595238095233,434973.4276643991,1964.2240797430084,178.36858654572939,16792343.78072978,0.0009134351135741034,0.0001394616000729793,0.0006571059947350138,0.00025298546390772143,0.00017106315192743453,0.0022938400541697573,0.001566726802741628,0.5,4.72268758139759,7.174410636853065,15.970708675213675,0.2612175213675214,2.2940457692307694,3.5107018589743593,0.006472115384615319,0.3001024358974359,4.862855491452992,0.041526623931623874,0.10206480769230769,0.33208993589743585,0.10587632478632476,0.3325385256410257,0.04249944444444441,0.02644590726788051,0.18577361111111107,0.08518014957264951,0.027599197777777768,0.0665620085470085,0.17195433760683757,0.08642049145299142,0.020412735042734997,0.004605491452991377,3.9383636363636363,0.1689090909090909,0.01869499213270733,0.010636363636363637,0.0008181818181818182,0.07445454545454545,0.449,0.197,0.07672727272727273,0.007272727272727273,0.0,0.040682126275074726,1.0134582612235234,0.2903230651202565,0.1196,0.003857142857142857,0.032549268169500996,0.0022727272727272726,0.08064056884334442,0.00674494200807625,0.004581037993120545,0.4011,0.08987825698371335,0.23686085016147654,0.047133006061546516,0.014250318667190752,0.016181818181818183,0.03954545454545454,0.078225,0.2651227154292819,0.0027272727272727275,0.00818181818181818,0.11094262649848319,0.04648698306644248,0.015545454545454546,0.0,0.025487999828658264,0.01572727272727273,0.025465490612303576,0.002605567767975603,0.00987087498804801,0.0040516191416840545,0.04724045950354661,0.013727272727272727,0.057090909090909095,0.00690909090909091,0.03484885800715651,0.0239919520257747,0.003,0.02669743791554416,0.010788704675507764,0.027391710433124418,0.0,0.00863054255448674,0.0171165251136372,0.008515926803868382,0.03213324375247327,0.005042783738032208,0.005942540702268668,0.021741916616276058,0.002366787569286939,0.0008153222127739785,0.3661729376941762,68400.0,68459.0,871.9026119765683,33.13800221466364,316.3634018745276,50.63038910808768,3.207798250188965,0.18712327286470143,0.014342207105064248,31.847353018106578,28.673671245631144,25.893283926492817,23.79134624484127,21.694061305132276,19.648976334308394,17.265626081318974,15.977964178272863,14.450461322811789,13.451884173193498,12.452004302362054,12.71194248919879,12.380247247766437,11.701300682944066,9.932294545136054,31.92927113479592,9.218676931167803,1.8201918293499624,0.7260987380536659,0.12216688486772487,0.09971348998866211,0.058452362596371876,0.06483631980347696,0.0548915585222978,0.042533904504913074,0.03803985035903251,0.03131542120181406,0.03449061299697657,0.03284350543461829,0.035171297773998494,0.05175028461451247,0.038058308892668175,0.025318121122448987,0.017817167736205595,0.01563506417611489,0.033823506148904,3.242417846022973,16559270.933578607,1913.0902497863135,0.42495,0.1196,0.0,0.012318595283334701,1.31135,0.0282444444444444,0.01594899620597876,0.05905,0.04249944444444441,0.06296284363094269,0.0,0.0,0.0076444444444444,0.0224125,0.1497857142857142,0.0315888888888888,0.0,3.2884173772960765,0.0,0.0,0.0,0.0,0.0,0.1583333333333333,0.0409666666666666,0.0582666666666666,0.0667333333333333,0.042025,0.0,0.0,0.078225,0.0,0.4011,0.03646,0.0,0.19665,0.2187199999999999,0.0,0.0,0.2608,0.0,0.0,0.0498,0.0,0.0,0.0,0.0,0.0,0.0136833333333333,0.0,0.0272333333333333,0.0124875,0.0,0.0,,,,0.01115522635092504,0.015181818181818185,0.5,6.0,5.0,68.0,1417.8334,2334.0269,0.8243823670817767,2024-07-26 19:00:00
2024-07-26 13:15:00,72.91333283659506,1.0,0.06392164998585438,0.5945029926625416,0.0086141286809012,0.04076694492091476,0.5267693773356444,0.007602283556790123,0.010483377777777777,0.031348933333333336,1.5638044444444445e-21,3.3298577777777775e-05,4.8566444444444445e-05,0.00047840666666666665,7.639613333333333e-22,5.208982222222222e-05,0.0023103999999999998,0.00149628,6.176728888888888e-07,0.11057066666666666,0.009132075555555556,0.021198755555555556,0.17064000000000001,4.328786666666666e-05,3.441711111111111e-05,0.141,1309.8460666666667,32.02726489795917,0.04715972789115647,32.02726489795917,40.73434,-111.87211,304.0422013605442,28.892205442176866,875.9204408163265,174.19849455782312,1.5258857142857138,434559.97114134545,1962.9505558075082,179.46962383471907,16578198.086368004,0.0009169732357233448,0.00014056563340023102,0.0006636187604798793,0.00023957336545722856,0.00016180589569160715,0.002147248966994143,0.0015588401247363,0.675,4.647467385381696,7.174410636853065,15.333565512820513,0.2626568376068376,2.292071153846154,3.463911538461539,0.006006367521367454,0.3014544871794872,4.8395739316239315,0.040001880341880285,0.09447096153846153,0.3339044871794871,0.10639615384615382,0.3327143162393163,0.04219999999999996,0.027331671456109582,0.18617111111111107,0.08597341880341873,0.02815108888888888,0.06466551282051278,0.1639624786324786,0.08651337606837604,0.021086880341880297,0.004400598290598216,3.9457500000000003,0.16924999999999998,0.014615531468188132,0.01075,0.0007499999999999998,0.0745,0.44925000000000004,0.19725,0.0765,0.00725,0.0,0.040768953199551775,0.9398417348159473,0.2694131392538886,0.119975,0.0038214285714285715,0.03838211706956228,0.0022500000000000003,0.0811575617343496,0.00674494200807625,0.004581037993120545,0.414175,0.08201450757950032,0.23699335817686035,0.04503858888975097,0.013396125444924856,0.0165,0.0405,0.07680000000000001,0.28694582247684175,0.00275,0.00825,0.11117881217113691,0.0434713342825096,0.0155,0.0,0.023944913235071332,0.01575,0.026593366394611614,0.009953036237053632,0.009978717768441194,0.004052694540469139,0.04734212719427494,0.014000000000000002,0.058499999999999996,0.007,0.03526018122264844,0.02415928935696014,0.003,0.02669743791554416,0.010426957243013301,0.025116906259115654,0.0,0.008731373848703365,0.0158882943338466,0.007915914013014192,0.03249907717633137,0.0052418724458301435,0.005775664924140344,0.022195570949861344,0.0023527488725119355,0.0007666541761148714,0.37657130219750623,69300.0,69359.0,871.7468720267069,33.1524222489292,317.57452424439407,50.70835373343411,3.1660195847820614,0.18451772688334594,0.01430717510707987,31.870615641944067,28.69060537425145,25.91616055120685,23.81049598005291,21.72664590626808,19.6977119313802,17.301378749778785,16.017938203377675,14.503965405080875,13.52275260986445,12.524899844537666,12.80331805757168,12.48437891768556,11.794657962396572,10.015400642566894,32.310200976435375,9.287752561476948,1.8099989133020913,0.7174610594114387,0.1197865424303351,0.09586159494482235,0.05663398309599395,0.06272276420760897,0.0531694500201562,0.04088262904560343,0.03692274918115395,0.029892925245653817,0.033051048103804485,0.03168175795112119,0.03342653463240111,0.04951407129856387,0.03679341501839254,0.0242450826213152,0.016831394406147646,0.01465345308037289,0.03222870204635929,3.315839006135811,16348097.519164274,1911.8232403054246,0.40626249999999997,0.119975,0.0,0.011206881155096968,1.2394375,0.0282444444444444,0.014443300517485658,0.05779375,0.04219999999999996,0.05834472068280518,0.0,0.0,0.0076444444444444,0.019649999999999997,0.14080714285714277,0.0315888888888888,0.0,3.3585741505254547,0.00506666666666665,0.0,0.0,0.0,0.0,0.15259999999999996,0.0404166666666666,0.0567916666666666,0.06495416666666662,0.042025,0.0,0.0,0.07680000000000001,0.0,0.414175,0.03616,0.0,0.19035625,0.2082449999999999,0.0,0.0,0.24961499999999998,0.0,0.0,0.056679999999999994,0.0,0.0,0.0,0.0,0.0,0.0130583333333333,0.0,0.027487499999999977,0.009365625,0.0,0.0,,,,0.010355034006698911,0.014250000000000002,0.675,5.925,5.0,68.5,1520.3334,2362.4976,0.8324814562189233,2024-07-26 19:15:00
2024-07-26 13:30:00,73.45471423263515,1.0,0.062096895085933065,0.6064041967571585,0.008868247310831735,0.04131164244395598,0.4879566081875266,0.007693018483950617,0.010489955555555553,0.0313596,1.659248888888889e-21,3.3360088888888884e-05,4.862973333333333e-05,0.0004790364444444444,8.109977777777777e-22,5.2278444444444446e-05,0.002312764444444444,0.0014977155555555557,6.193088888888889e-07,0.1106,0.009139133333333334,0.0212,0.17069955555555555,4.3354577777777775e-05,3.454777777777778e-05,0.141,1309.8519666666666,28.900874353741486,0.04656724489795919,28.900874353741486,40.73434,-111.87211,304.20959234693873,28.294258673469386,875.7838144557822,173.44398805272107,1.5452119047619044,434146.51461829175,1961.677031872008,180.57066112370873,16364052.392006226,0.0009205113578725861,0.00014166966672748277,0.0006701315262247448,0.00022616126700673568,0.00015254863945577977,0.0020006578798185287,0.0015509534467309722,0.85,4.572247189365802,7.174410636853065,14.696422350427351,0.26409615384615387,2.2900965384615386,3.4171212179487185,0.0055406196581195884,0.3028065384615385,4.816292371794872,0.038477136752136695,0.08687711538461537,0.33571903846153844,0.10691598290598288,0.3328901068376069,0.04190055555555552,0.028217435644338658,0.18656861111111106,0.08676668803418795,0.028702979999999993,0.06276901709401704,0.15597061965811962,0.08660626068376066,0.021761025641025597,0.0041957051282050534,3.953136363636364,0.16959090909090907,0.010536070803668939,0.010863636363636364,0.0006818181818181819,0.07454545454545454,0.4495,0.1975,0.07627272727272727,0.007227272727272727,0.0,0.04085578012402883,0.8662252084083711,0.24850321338752074,0.12035,0.0037857142857142855,0.044214965969623564,0.002227272727272727,0.08167455462535479,0.00674494200807625,0.004581037993120545,0.42725,0.07415075817528728,0.23712586619224416,0.04294417171795542,0.01254193222265896,0.01681818181818182,0.04145454545454545,0.075375,0.3087689295244016,0.002772727272727273,0.008318181818181818,0.11141499784379064,0.04045568549857673,0.015454545454545455,0.0,0.0224018266414844,0.01577272727272727,0.02772124217691965,0.01730050470613166,0.010086560548834377,0.0040537699392542235,0.04744379488500326,0.014272727272727274,0.05990909090909091,0.007090909090909091,0.03567150443814037,0.02432662668814558,0.003,0.02669743791554416,0.010065209810518838,0.02284210208510689,0.0,0.008832205142919991,0.014660063554056003,0.007315901222160002,0.03286491060018947,0.005440961153628079,0.00560878914601202,0.02264922528344663,0.002338710175736932,0.0007179861394557642,0.3869696667008362,70200.0,70259.0,871.5911320768455,33.166842283194754,318.78564661426054,50.78631835878054,3.1242409193751577,0.18191218090199043,0.01427214310909549,31.89387826578156,28.707539502871757,25.939037175920884,23.82964571526455,21.75923050740388,19.746447528452006,17.3371314182386,16.05791222848249,14.55746948734996,13.5936210465354,12.597795386713276,12.894693625944571,12.588510587604684,11.888015241849079,10.098506739997731,32.691130818074825,9.356828191786093,1.7998059972542202,0.7088233807692115,0.11740619999294533,0.09200969990098261,0.05481560359561602,0.060609208611741,0.05144734151801461,0.039231353586293774,0.03580564800327539,0.028470429289493577,0.0316114832106324,0.030520010467624085,0.031681771490803735,0.047277857982615266,0.035528521144116906,0.02317204412018141,0.015845621076089698,0.013671841984630888,0.030633897943814565,3.3509354824107307,16136924.10474994,1910.556230824536,0.387575,0.12035,0.0,0.010095167026859237,1.167525,0.0282444444444444,0.012937604828992557,0.0565375,0.04190055555555552,0.053726597734667675,0.0,0.0,0.0076444444444444,0.0168875,0.13182857142857135,0.0315888888888888,0.0,3.392110198217778,0.0101333333333333,0.0,0.0,0.0,0.0,0.14686666666666665,0.039866666666666606,0.0553166666666666,0.06317499999999995,0.042025,0.0,0.0,0.075375,0.0,0.42725,0.03586,0.0,0.1840625,0.19776999999999995,0.0,0.0,0.23842999999999998,0.0,0.0,0.06356,0.0,0.0,0.0,0.0,0.0,0.0124333333333333,0.0,0.02774166666666665,0.00624375,0.0,0.0,,,,0.00955484166247278,0.01331818181818182,0.85,5.85,5.0,69.0,1622.8334,2384.092,0.8417667412610914,2024-07-26 19:30:00
2024-07-26 13:45:00,73.99609562867526,1.0,0.060272140186011756,0.6183054008517755,0.009122365940762267,0.0418563399669972,0.4491438390394089,0.0077837534111111105,0.010484222222222223,0.03135031111111111,1.5749866666666667e-21,3.330528888888889e-05,4.857431111111111e-05,0.0004784906666666667,7.694373333333332e-22,5.2112e-05,0.0023106933333333335,0.0014964088888888888,6.178706666666668e-07,0.11057555555555557,0.009132959999999999,0.021199066666666665,0.17064666666666667,4.329671111111111e-05,3.443337777777778e-05,0.141,1309.8578666666667,25.7744838095238,0.04597476190476191,25.7744838095238,40.73434,-111.87211,304.37698333333327,27.696311904761902,875.6471880952381,172.68948154761904,1.564538095238095,433733.0580952381,1960.403507936508,181.6716984126984,16149906.697644446,0.0009240494800218275,0.0001427737000547345,0.0006766442919696103,0.00021274916855624283,0.0001432913832199524,0.0018540667926429141,0.0015430667687256442,1.025,4.497026993349908,7.174410636853065,14.05927918803419,0.2655354700854701,2.288121923076923,3.3703308974358976,0.005074871794871724,0.3041585897435898,4.793010811965812,0.036952393162393106,0.07928326923076923,0.3375335897435897,0.10743581196581194,0.3330658974358975,0.04160111111111107,0.029103199832567733,0.18696611111111108,0.08755995726495719,0.029254871111111105,0.06087252136752132,0.14797876068376065,0.08669914529914527,0.022435170940170897,0.003990811965811893,3.9605227272727275,0.16993181818181818,0.006456610139149742,0.010977272727272728,0.0006136363636363635,0.07459090909090908,0.44975,0.19775,0.07604545454545454,0.007204545454545455,0.0,0.040942607048505886,0.7926086820007949,0.22759328752115282,0.120725,0.00375,0.05004781486968485,0.0022045454545454547,0.08219154751635997,0.00674494200807625,0.004581037993120545,0.440325,0.06628700877107424,0.23725837420762796,0.04084975454615988,0.011687739000393063,0.017136363636363637,0.0424090909090909,0.07395,0.33059203657196146,0.0027954545454545454,0.008386363636363636,0.11165118351644435,0.03744003671464385,0.015409090909090909,0.0,0.020858740047897468,0.015795454545454547,0.028849117959227684,0.02464797317520969,0.01019440332922756,0.004054845338039307,0.04754546257573159,0.014545454545454545,0.06131818181818181,0.007181818181818182,0.036082827653632306,0.024493964019331023,0.003,0.02669743791554416,0.009703462378024375,0.02056729791109813,0.0,0.008933036437136617,0.013431832774265405,0.006715888431305812,0.03323074402404757,0.005640049861426014,0.005441913367883695,0.023102879617031915,0.0023246714789619287,0.0006693181027966571,0.3973680312041662,71100.0,71159.0,871.4353921269841,33.181262317460316,319.996768984127,50.86428298412698,3.082462253968254,0.17930663492063492,0.014237111111111112,31.91714088961905,28.724473631492067,25.961913800634917,23.848795450476192,21.791815108539684,19.795183125523813,17.372884086698413,16.0978862535873,14.610973569619047,13.66448948320635,12.670690928888888,12.98606919431746,12.692642257523808,11.981372521301587,10.18161283742857,33.07206065971428,9.42590382209524,1.7896130812063493,0.7001857021269842,0.11502585755555556,0.08815780485714285,0.05299722409523809,0.05849565301587303,0.04972523301587302,0.03758007812698412,0.034688546825396835,0.027047933333333333,0.030171918317460317,0.029358262984126984,0.029937008349206352,0.045041644666666665,0.034263627269841265,0.022099005619047624,0.01485984774603175,0.01269023088888889,0.029039093841269844,3.5146183061520966,15925750.690335605,1909.2892213436473,0.36888750000000003,0.120725,0.0,0.008983452898621506,1.0956125,0.0282444444444444,0.011431909140499456,0.05528125,0.04160111111111107,0.04910847478653016,0.0,0.0,0.0076444444444444,0.014124999999999999,0.12284999999999992,0.0315888888888888,0.0,3.5485155005736506,0.01519999999999995,0.0,0.0,0.0,0.0,0.14113333333333333,0.039316666666666604,0.0538416666666666,0.061395833333333275,0.042025,0.0,0.0,0.07395,0.0,0.440325,0.03556,0.0,0.17776874999999998,0.187295,0.0,0.0,0.227245,0.0,0.0,0.07044,0.0,0.0,0.0,0.0,0.0,0.011808333333333301,0.0,0.027995833333333324,0.0031218749999999997,0.0,0.0,,,,0.008754649318246651,0.01238636363636364,1.025,5.775,5.0,69.5,1725.3334,2399.5493,0.8522706122780688,2024-07-26 19:45:00
2024-07-26 14:00:00,74.53747702471536,1.0,0.05844738528609044,0.6302066049463926,0.0093764845706928,0.04240103749003842,0.4103310698912912,0.007874488338271604,0.010468,0.031317955555555554,1.33672e-21,3.313591111111111e-05,4.839928888888889e-05,0.000476776,6.522244444444445e-22,5.1592977777777774e-05,0.002304271111111111,0.0014928488888888889,6.133822222222222e-07,0.11048444444444444,0.009113506666666667,0.021189022222222225,0.17053733333333335,4.3111333333333335e-05,3.4075244444444444e-05,0.141,1309.8637666666666,22.64809326530611,0.04538227891156463,22.64809326530611,40.73434,-111.87211,304.54437431972786,27.09836513605442,875.5105617346939,171.934975042517,1.5838642857142853,433319.6015721844,1959.1299840010079,182.77273570168808,15935761.003282666,0.0009275876021710689,0.0001438777333819862,0.0006831570577144759,0.00019933707010575,0.000134034126984125,0.0017074757054673,0.0015351800907203162,1.2,4.421806797334014,7.174410636853065,13.422136025641027,0.26697478632478633,2.286147307692308,3.3235405769230772,0.004609123931623858,0.305510641025641,4.769729252136752,0.03542764957264952,0.07168942307692308,0.339348141025641,0.107955641025641,0.3332416880341881,0.041301666666666625,0.029988964020796805,0.18736361111111108,0.08835322649572641,0.029806762222222217,0.05897602564102559,0.13998690170940167,0.08679202991452989,0.023109316239316197,0.003785918803418731,3.967909090909091,0.17027272727272727,0.002377149474630545,0.011090909090909092,0.0005454545454545456,0.07463636363636364,0.45,0.198,0.07581818181818181,0.007181818181818182,0.0,0.04102943397298294,0.7189921555932188,0.20668336165478493,0.1211,0.0037142857142857142,0.05588066376974613,0.002181818181818182,0.08270854040736517,0.00674494200807625,0.004581037993120545,0.4534,0.05842325936686121,0.23739088222301177,0.038755337374364346,0.010833545778127167,0.017454545454545455,0.04336363636363636,0.072525,0.3524151436195213,0.002818181818181818,0.008454545454545454,0.11188736918909807,0.03442438793071097,0.015363636363636364,0.0,0.019315653454310536,0.015818181818181818,0.02997699374153572,0.03199544164428772,0.010302246109620744,0.004055920736824392,0.04764713026645992,0.014818181818181817,0.06272727272727273,0.007272727272727273,0.036494150869124234,0.024661301350516467,0.003,0.02669743791554416,0.009341714945529912,0.018292493737089365,0.0,0.009033867731353243,0.012203601994474806,0.006115875640451622,0.033596577447905666,0.00583913856922395,0.005275037589755371,0.0235565339506172,0.002310632782186925,0.00062065006613755,0.4077663957074962,72000.0,72059.0,871.2796521771226,33.19568235172587,321.2078913539935,50.94224760947341,3.040683588561351,0.1767010889392794,0.014202079113126733,31.94040351345654,28.741407760112374,25.98479042534895,23.86794518568783,21.824399709675486,19.843918722595618,17.408636755158227,16.137860278692113,14.66447765188813,13.735357919877298,12.743586471064498,13.07744476269035,12.796773927442931,12.074729800754094,10.26471893485941,33.45299050135374,9.494979452404385,1.7794201651584782,0.6915480234847569,0.11264551511816578,0.08430590981330309,0.05117884459486016,0.056382097420005044,0.04800312451373142,0.035928802667674474,0.033571445647518273,0.025625437377173092,0.028732353424288235,0.02819651550062988,0.028192245207608976,0.042805431350718064,0.03299873339556563,0.021025967117913835,0.013874074415973797,0.011708619793146888,0.02744428973872512,3.310360034916811,15714577.275921272,1908.0222118627585,0.3502,0.1211,0.0,0.007871738770383774,1.0237,0.0282444444444444,0.009926213452006356,0.054025,0.041301666666666625,0.04449035183839265,0.0,0.0,0.0076444444444444,0.0113625,0.1138714285714285,0.0315888888888888,0.0,3.353338780493833,0.0202666666666666,0.0,0.0,0.0,0.0,0.1354,0.0387666666666666,0.0523666666666666,0.0596166666666666,0.042025,0.0,0.0,0.072525,0.0,0.4534,0.03526,0.0,0.171475,0.17682,0.0,0.0,0.21606,0.0,0.0,0.07732,0.0,0.0,0.0,0.0,0.0,0.0111833333333333,0.0,0.02825,0.0,0.0,0.0,,,,0.007954456974020523,0.01145454545454546,1.2,5.7,5.0,70.0,1896.6666,2409.688,0.8640459294415327,2024-07-26 20:00:00
2024-07-26 14:15:00,74.26678632669531,1.0,0.056622630386169125,0.6421078090410095,0.009630603200623334,0.04294573501307964,0.3715183007431735,0.007965223265432099,0.010440266666666666,0.03126057777777778,1.013636e-21,3.28504e-05,4.810333333333334e-05,0.00047386755555555555,4.934728888888889e-22,5.072791111111111e-05,0.0022933644444444443,0.0014868088888888888,6.058786666666667e-07,0.11035955555555556,0.009080222222222222,0.021171022222222224,0.1703617777777778,4.280062222222223e-05,3.3478488888888886e-05,0.141,1309.8696666666667,19.521702721088424,0.04478979591836735,19.521702721088424,40.73434,-111.87211,304.7117653061224,26.50041836734694,875.3739353741496,171.18046853741495,1.6031904761904758,432906.1450491308,1957.8564600655077,183.87377299067774,15721615.308920888,0.0009311257243203103,0.00014498176670923793,0.0006896698234593414,0.00018592497165525714,0.00012477687074829763,0.0015608846182916854,0.0015272934127149881,1.135631049382716,4.471953594677943,7.374601319731697,12.784992863247865,0.2684141025641026,2.2841726923076924,3.276750256410257,0.004143376068375993,0.3068626923076923,4.746447692307693,0.03390290598290593,0.06409557692307691,0.34116269230769225,0.10847547008547005,0.33341747863247867,0.041002222222222176,0.03087472820902588,0.18776111111111107,0.08914649572649563,0.03035865333333333,0.057079529914529865,0.1319950427350427,0.08688491452991451,0.023783461538461496,0.0035810256410255693,3.9752954545454546,0.17061363636363636,0.0030435155592731383,0.011204545454545455,0.0004772727272727272,0.07468181818181818,0.45025000000000004,0.19825,0.07559090909090908,0.007159090909090909,0.0,0.04111626089745999,0.730367975509147,0.2179425525059061,0.116575,0.0036785714285714286,0.06266728520070404,0.002159090909090909,0.08322553329837035,0.00674494200807625,0.004581037993120545,0.4366333333333333,0.06566979588179009,0.23752339023839558,0.036660920202568795,0.00997935255586127,0.017772727272727273,0.04431818181818182,0.07726250000000001,0.37423825066708116,0.002840909090909091,0.008522727272727272,0.1121235548617518,0.031408739146778095,0.015318181818181818,0.0,0.02330413998858185,0.01584090909090909,0.031104869523843753,0.03934291011336575,0.010410088890013927,0.004056996135609476,0.04774879795718825,0.015090909090909092,0.06413636363636363,0.007363636363636364,0.03690547408461617,0.024828638681701907,0.003,0.02746329581722398,0.010752529932258286,0.021159158725602673,0.0,0.009134699025569869,0.015508607067026075,0.008965936397009022,0.033962410871763764,0.006038227277021886,0.005108161811627047,0.024010188284202486,0.0022965940854119214,0.0005719820294784429,0.4181647602108262,72900.0,72959.0,871.1239122272611,33.21010238599143,322.41901372385996,51.02021223481985,2.998904923154447,0.1740955429579239,0.014167047115142354,31.96366613729403,28.75834188873268,26.007667050062985,23.88709492089947,21.85698431081129,19.892654319667425,17.44438942361804,16.177834303796924,14.717981734157217,13.80622635654825,12.81648201324011,13.168820331063241,12.900905597362055,12.1680870802066,10.347825032290249,33.833920342993196,9.564055082713532,1.7692272491106071,0.6829103448425297,0.11026517268077601,0.08045401476946334,0.049360465094482234,0.05426854182413707,0.04628101601158982,0.03427752720836482,0.03245434446963971,0.024202941421012848,0.02729278853111615,0.02703476801713278,0.026447482066011593,0.04056921803476946,0.03173383952129,0.01995292861678005,0.012888301085915849,0.01072700869740489,0.0258494856361804,3.283843602381629,15503403.861506937,1906.7552023818698,0.36026250000000004,0.116575,0.0,0.008837081627162999,1.0348125000000001,0.0282444444444444,0.011233665197424192,0.0556875,0.041002222222222176,0.04850044030131397,0.0,0.0,0.0076444444444444,0.01484375,0.12166785714285708,0.0315888888888888,0.0,3.328001298201755,0.020949999999999948,0.0,0.0,0.0,0.0,0.14068333333333333,0.041379166666666606,0.0561791666666666,0.0644041666666666,0.04251875,0.0,0.0,0.07726250000000001,0.0,0.4366333333333333,0.036429999999999976,0.0,0.18945,0.1973,0.0,0.002055,0.24353499999999997,0.0,0.0,0.08532499999999997,0.0,0.00543214285714285,0.0,0.003271875,0.0,0.013849999999999951,0.0,0.02720416666666665,0.00315625,0.0,0.0,,,,0.007154264629794391,0.010522727272727274,1.1171144541924294,5.75,5.15,69.75,2146.6667,2415.3616,0.8772057633059506,2024-07-26 20:15:00
2024-07-26 14:30:00,73.99609562867525,1.0,0.05479787548624781,0.6540090131356265,0.009884721830553868,0.04349043253612086,0.3327055315950558,0.008055958192592593,0.010401466666666666,0.03117968888888889,6.858884444444443e-22,3.244702222222222e-05,4.768373333333333e-05,0.00046973555555555554,3.3281911111111106e-22,4.9523777777777784e-05,0.002277742222222222,0.0014781333333333333,5.953555555555555e-07,0.11016622222222222,0.009032795555555556,0.02114471111111111,0.17009422222222223,4.236226666666667e-05,3.2648355555555555e-05,0.141,1309.8755666666666,16.395312176870732,0.04419731292517007,16.395312176870732,40.73434,-111.87211,304.879156292517,25.902471598639455,875.2373090136055,170.42596203231292,1.6225166666666664,432492.68852607714,1956.5829361300077,184.9748102796674,15507469.614559108,0.0009346638464695516,0.00014608580003648965,0.0006961825892042069,0.0001725128732047643,0.00011551961451247025,0.0014142935311160713,0.0015194067347096601,1.071262098765432,4.522100392021873,7.57479200261033,12.147849700854701,0.26985341880341884,2.282198076923077,3.229959935897436,0.003677628205128127,0.3082147435897436,4.7231661324786325,0.03237816239316234,0.05650173076923076,0.3429772435897436,0.10899529914529911,0.33359326923076926,0.040702777777777734,0.03176049239725495,0.1881586111111111,0.08993976495726486,0.030910544444444438,0.055183034188034136,0.1240031837606837,0.08697779914529913,0.024457606837606796,0.0033761324786324076,3.982681818181818,0.17095454545454544,0.0037098816439157314,0.011318181818181818,0.00040909090909090886,0.07472727272727273,0.4505,0.1985,0.07536363636363635,0.007136363636363637,0.0,0.041203087821937046,0.7417437954250752,0.2292017433570273,0.11205,0.003642857142857143,0.06945390663166195,0.0021363636363636363,0.08374252618937554,0.00674494200807625,0.004581037993120545,0.41986666666666667,0.07291633239671896,0.2376558982537794,0.03456650303077326,0.009125159333595374,0.01809090909090909,0.04527272727272727,0.082,0.39606135771464096,0.0028636363636363638,0.00859090909090909,0.1123597405344055,0.028393090362845215,0.015272727272727273,0.0,0.027292626522853164,0.015863636363636364,0.03223274530615179,0.04669037858244378,0.01051793167040711,0.004058071534394561,0.047850465647916576,0.015363636363636364,0.06554545454545455,0.007454545454545455,0.037316797300108104,0.024995976012887347,0.003,0.028229153718903804,0.01216334491898666,0.024025823714115976,0.0,0.009235530319786495,0.018813612139577343,0.011815997153566422,0.03432824429562186,0.006237315984819821,0.0049412860334987225,0.024463842617787772,0.0022825553886369177,0.0005233139928193357,0.42856312471415625,73800.0,73859.0,870.9681722773997,33.22452242025699,323.6301360937264,51.098176860166284,2.957126257747544,0.1714899969765684,0.014132015117157976,31.986928761131523,28.775276017352986,26.03054367477702,23.90624465611111,21.88956891194709,19.941389916739233,17.480142092077855,16.217808328901736,14.771485816426303,13.877094793219198,12.889377555415722,13.26019589943613,13.005037267281178,12.261444359659107,10.430931129721088,34.21485018463265,9.633130713022677,1.7590343330627363,0.6742726662003024,0.10788483024338624,0.07660211972562359,0.047542085594104305,0.05215498622826909,0.04455890750944823,0.032626251749055174,0.03133724329176116,0.022780445464852608,0.025853223637944067,0.025873020533635677,0.024702718924414217,0.03833300471882086,0.030468945647014356,0.01887989011564626,0.0119025277558579,0.009745397601662889,0.024254681533635677,3.1221317016114885,15292230.447092604,1905.488192900981,0.370325,0.11205,0.0,0.009802424483942224,1.045925,0.0282444444444444,0.01254111694284203,0.05735,0.040702777777777734,0.05251052876423529,0.0,0.0,0.0076444444444444,0.018325,0.12946428571428564,0.0315888888888888,0.0,3.173479289377778,0.0216333333333333,0.0,0.0,0.0,0.0,0.14596666666666663,0.0439916666666666,0.0599916666666666,0.0691916666666666,0.043012499999999995,0.0,0.0,0.082,0.0,0.41986666666666667,0.03759999999999995,0.0,0.207425,0.21778000000000003,0.0,0.00411,0.27101,0.0,0.0,0.09332999999999994,0.0,0.0108642857142857,0.0,0.00654375,0.0,0.0165166666666666,0.0,0.0261583333333333,0.0063125,0.0,0.0,,,,0.006354072285568262,0.009590909090909094,1.034228908384859,5.800000000000001,5.3,69.5,2396.6667,2417.4102,0.8918565844920329,2024-07-26 20:30:00
2024-07-26 14:45:00,73.7254049306552,1.0,0.05297312058632649,0.6659102172302436,0.0101388404604844,0.044035130059162084,0.29389276244693807,0.008146693119753086,0.01034928888888889,0.03107008888888889,4.1404444444444443e-22,3.192573333333333e-05,4.713622222222222e-05,0.00046436044444444444,1.9992311111111107e-22,4.799155555555556e-05,0.0022573333333333334,0.0014667466666666666,5.818720000000001e-07,0.10989777777777779,0.008969933333333334,0.02110728888888889,0.16973333333333332,4.179395555555555e-05,3.1596444444444444e-05,0.141,1309.8814666666667,13.268921632653047,0.04360482993197279,13.268921632653047,40.73434,-111.87211,305.04654727891153,25.30452482993197,875.1006826530612,169.67145552721087,1.6418428571428567,432079.23200302344,1955.3094121945076,186.07584756865708,15293323.92019733,0.0009382019686187931,0.00014718983336374137,0.0007026953549490724,0.00015910077475427144,0.00010626235827664287,0.0012677024439404572,0.0015115200567043321,1.0068931481481482,4.572247189365802,7.774982685488962,11.51070653846154,0.27129273504273504,2.2802234615384616,3.1831696153846156,0.0032118803418802622,0.3095667948717949,4.699884572649573,0.03085341880341875,0.04890788461538462,0.34479179487179484,0.10951512820512817,0.3337690598290599,0.040403333333333284,0.03264625658548403,0.1885561111111111,0.09073303418803409,0.03146243555555555,0.05328653846153841,0.11601132478632473,0.08707068376068373,0.025131752136752096,0.003171239316239246,3.990068181818182,0.17129545454545453,0.0043762477285583246,0.011431818181818182,0.00034090909090909094,0.07477272727272727,0.45075,0.19875,0.07513636363636364,0.007113636363636364,0.0,0.0412899147464141,0.7531196153410034,0.24046093420814849,0.107525,0.0036071428571428574,0.07624052806261987,0.0021136363636363635,0.08425951908038072,0.00674494200807625,0.004581037993120545,0.4031,0.08016286891164784,0.23778840626916317,0.032472085858977706,0.008270966111329478,0.01840909090909091,0.04622727272727272,0.0867375,0.4178844647622008,0.0028863636363636366,0.008659090909090908,0.11259592620705923,0.025377441578912335,0.015227272727272726,0.0,0.03128111305712448,0.015886363636363636,0.03336062108845982,0.05403784705152181,0.010625774450800292,0.004059146933179645,0.047952133338644905,0.015636363636363636,0.06695454545454546,0.007545454545454546,0.03772812051560004,0.02516331334407279,0.003,0.028995011620583627,0.013574159905715035,0.02689248870262928,0.0,0.00933636161400312,0.022118617212128613,0.014666057910123821,0.034694077719479965,0.006436404692617757,0.004774410255370398,0.024917496951373058,0.002268516691861914,0.00047464595616022857,0.43896148921748623,74700.0,74759.0,870.8124323275383,33.23894245452255,324.84125846359285,51.17614148551272,2.9153475923406402,0.16888445099521288,0.014096983119173597,32.01019138496901,28.792210145973293,26.053420299491055,23.92539439132275,21.922153513082893,19.990125513811037,17.515894760537666,16.257782354006547,14.824989898695389,13.94796322989015,12.962273097591332,13.35157146780902,13.109168937200302,12.354801639111614,10.514037227151928,34.59578002627211,9.702206343331824,1.7488414170148652,0.6656349875580752,0.10550448780599647,0.07275022468178383,0.04572370609372638,0.050041430632401115,0.04283679900730663,0.03097497628974552,0.030220142113882596,0.021357949508692367,0.024413658744771985,0.024711273050138573,0.022957955782816834,0.03609679140287226,0.029204051772738722,0.017806851614512474,0.010916754425799952,0.008763786505920888,0.022659877431090956,3.1685649303340533,15081057.032678269,1904.2211834200923,0.3803875,0.107525,0.0,0.010767767340721449,1.0570374999999999,0.0282444444444444,0.013848568688259868,0.059012499999999996,0.040403333333333284,0.05652061722715661,0.0,0.0,0.0076444444444444,0.02180625,0.13726071428571424,0.0315888888888888,0.0,3.217848044826349,0.02231666666666665,0.0,0.0,0.0,0.0,0.15124999999999997,0.0466041666666666,0.0638041666666666,0.0739791666666666,0.043506249999999996,0.0,0.0,0.0867375,0.0,0.4031,0.03876999999999992,0.0,0.2254,0.23826000000000003,0.0,0.006165,0.29848499999999994,0.0,0.0,0.10133499999999993,0.0,0.01629642857142855,0.0,0.009815625,0.0,0.01918333333333325,0.0,0.02511249999999995,0.009468750000000001,0.0,0.0,,,,0.005553879941342134,0.008659090909090915,0.9513433625772885,5.8500000000000005,5.449999999999999,69.25,2646.6667,2416.6147,0.908222259521039,2024-07-26 20:45:00
2024-07-26 15:00:00,73.45471423263515,1.0,0.051148365686405184,0.6778114213248605,0.010392959090414934,0.0445798275822033,0.25507999329882025,0.00823742804691358,0.010282133333333334,0.03092808888888889,2.2340355555555553e-22,3.128324444444444e-05,4.645702222222222e-05,0.000457692,1.0709093333333332e-22,4.615191111111111e-05,0.002231857777777778,0.0014525422222222222,5.655048888888888e-07,0.1095568888888889,0.008890893333333334,0.02105822222222222,0.16925555555555555,4.1091777777777774e-05,3.0334800000000003e-05,0.141,1309.8873666666666,10.142531088435362,0.04301234693877551,10.142531088435362,40.73434,-111.87211,305.21393826530607,24.70657806122449,874.964056292517,168.91694902210884,1.6611690476190473,431665.7754799698,1954.0358882590074,187.17688485764674,15079178.22583555,0.0009417400907680344,0.0001482938666909931,0.0007092081206939379,0.00014568867630377854,9.700510204081549e-05,0.0011211113567648427,0.0015036333786990041,0.9425241975308642,4.6223939867097315,7.975173368367594,10.873563376068377,0.2727320512820513,2.278248846153846,3.1363792948717952,0.002746132478632396,0.3109188461538462,4.676603012820513,0.02932867521367516,0.04131403846153847,0.3466063461538461,0.11003495726495723,0.3339448504273505,0.04010388888888884,0.0335320207737131,0.18895361111111109,0.09152630341880331,0.03201432666666667,0.05139004273504268,0.10801946581196575,0.08716356837606835,0.025805897435897396,0.002966346153846085,3.997454545454546,0.17163636363636361,0.005042613813200918,0.011545454545454546,0.0002727272727272726,0.07481818181818181,0.451,0.199,0.07490909090909091,0.007090909090909091,0.0,0.04137674167089116,0.7644954352569315,0.25172012505926966,0.103,0.0035714285714285713,0.08302714949357778,0.0020909090909090908,0.08477651197138591,0.00674494200807625,0.004581037993120545,0.3863333333333333,0.08740940542657671,0.23792091428454698,0.03037766868718217,0.007416772889063582,0.018727272727272728,0.04718181818181818,0.091475,0.43970757180976067,0.0029090909090909093,0.008727272727272726,0.11283211187971295,0.022361792794979463,0.015181818181818182,0.0,0.03526959959139579,0.01590909090909091,0.03448849687076786,0.06138531552059984,0.010733617231193475,0.00406022233196473,0.048053801029373226,0.01590909090909091,0.06836363636363636,0.007636363636363637,0.03813944373109197,0.02533065067525823,0.003,0.02976086952226345,0.014984974892443409,0.029759153691142588,0.0,0.009437192908219745,0.02542362228467988,0.01751611866668122,0.03505991114333806,0.006635493400415693,0.004607534477242074,0.025371151284958343,0.002254477995086911,0.0004259779195011214,0.4493598537208162,75600.0,75659.0,870.6566923776769,33.253362488788106,326.0523808334593,51.254106110859155,2.8735689269337366,0.1662789050138574,0.014061951121189218,32.0334540088065,28.809144274593603,26.07629692420509,23.944544126534392,21.954738114218696,20.038861110882845,17.55164742899748,16.297756379111362,14.878493980964475,14.018831666561098,13.035168639766944,13.44294703618191,13.213300607119425,12.448158918564122,10.597143324582765,34.97670986791156,9.771281973640969,1.738648500966994,0.6569973089158478,0.1031241453686067,0.06889832963794407,0.04390532659334845,0.04792787503653314,0.04111469050516503,0.029323700830435874,0.029103040936004035,0.019935453552532123,0.022974093851599903,0.02354952556664147,0.02121319264121945,0.03386057808692366,0.027939157898463084,0.016733813113378685,0.009930981095742003,0.00778217541017889,0.021065073328546235,3.0345378469523245,14869883.618263936,1902.9541739392037,0.39045,0.103,0.0,0.011733110197500674,1.06815,0.0282444444444444,0.015156020433677704,0.060675,0.04010388888888884,0.06053070569007793,0.0,0.0,0.0076444444444444,0.0252875,0.1450571428571428,0.0315888888888888,0.0,3.0897799554505334,0.023,0.0,0.0,0.0,0.0,0.1565333333333333,0.0492166666666666,0.0676166666666666,0.0787666666666666,0.044,0.0,0.0,0.091475,0.0,0.3863333333333333,0.0399399999999999,0.0,0.243375,0.25874,0.0,0.00822,0.3259599999999999,0.0,0.0,0.1093399999999999,0.0,0.0217285714285714,0.0,0.0130875,0.0,0.0218499999999999,0.0,0.0240666666666666,0.012625,0.0,0.0,,,,0.0047536875971160054,0.007727272727272735,0.8684578167697181,5.9,5.6,69.0,2720.5,2412.5615,0.9265017291378572,2024-07-26 21:00:00
2024-07-26 15:15:00,71.66289283060328,1.0,0.04932361078648387,0.6897126254194776,0.010647077720345469,0.04512452510524452,0.21626722415070265,0.008328162974074073,0.010200666666666667,0.030752044444444446,1.085987111111111e-22,3.05192e-05,4.5638533333333334e-05,0.0004496777777777778,5.1470399999999997e-23,4.40224e-05,0.0022009422222222224,0.0014349822222222222,5.463382222222222e-07,0.109124,0.008794413333333334,0.020995244444444446,0.1686471111111111,4.025497777777778e-05,2.8875466666666668e-05,0.141,1309.8932666666667,7.016140544217677,0.04241986394557823,7.016140544217677,40.73434,-111.87211,305.38132925170066,24.108631292517007,874.8274299319728,168.16244251700678,1.6804952380952378,431252.3189569161,1952.7623643235074,188.27792214663643,14865032.53147377,0.0009452782129172758,0.00014939790001824483,0.0007157208864388034,0.0001322765778532857,8.774784580498811e-05,0.0009745202695892285,0.001495746700693676,0.8781552469135803,4.090664585947458,7.12009964714676,10.236420213675215,0.27417136752136756,2.2762742307692307,3.089588974358975,0.0022803846153845314,0.3122708974358974,4.653321452991453,0.027803931623931577,0.0337201923076923,0.34842089743589744,0.11055478632478628,0.3341206410256411,0.03980444444444439,0.03441778496194217,0.18935111111111108,0.09231957264957254,0.032566217777777774,0.049493547008546954,0.10002760683760678,0.08725645299145297,0.0264800427350427,0.0027614529914529234,4.004840909090909,0.1719772727272727,0.062327928320377195,0.011659090909090909,0.00020454545454545465,0.07486363636363635,0.45125000000000004,0.19925,0.07468181818181818,0.007068181818181818,0.00875,0.041463568595368205,0.9864927043682308,0.3237426590653429,0.11249999999999999,0.0035357142857142857,0.07827036212018335,0.002068181818181818,0.0852935048623911,0.01630870650605719,0.03468577849484041,0.369,0.07255705406993254,0.2380534222999308,0.028283251515386618,0.0065625796667976855,0.019045454545454546,0.04813636363636364,0.10035625000000001,0.4615306788573205,0.002931818181818182,0.008795454545454544,0.11306829755236668,0.08827134459623459,0.015136363636363635,0.0235,0.08070219969354685,0.015931818181818182,0.03561637265307589,0.14978898664044987,0.01084146001158666,0.004061297730749814,0.048155468720101555,0.016181818181818183,0.06977272727272728,0.007727272727272728,0.0385507669465839,0.02549798800644367,0.003,0.025820652141697587,0.020238731169332558,0.08431936526835694,0.006,0.00953802420243637,0.06056771671350991,0.046637089000010915,0.03542574456719616,0.006834582108213629,0.004440658699113749,0.02582480561854363,0.002240439298311907,0.00037730988284201427,0.45975821822414625,76500.0,76559.0,870.5009524278155,33.26778252305367,327.2635032033258,51.332070736205594,2.831790261526833,0.16367335903250188,0.01402691912320484,32.056716632644,28.82607840321391,26.099173548919122,23.96369386174603,21.987322715354498,20.08759670795465,17.587400097457294,16.337730404216174,14.931998063233559,14.089700103232047,13.108064181942556,13.5343226045548,13.317432277038549,12.541516198016629,10.680249422013604,35.357639709551016,9.840357603950114,1.7284555849191232,0.6483596302736205,0.10074380293121693,0.06504643459410432,0.04208694709297052,0.04581431944066516,0.03939258200302344,0.02767242537112622,0.027985939758125477,0.018512957596371886,0.02153452895842782,0.02238777808314437,0.019468429499622075,0.03162436477097505,0.026674264024187447,0.015660774612244896,0.008945207765684055,0.006800564314436888,0.019470269226001514,3.0770298462463135,14658710.203849602,1901.6871644583148,0.36838750000000003,0.13728662418400436,0.0,0.03051948701131277,1.3833283179206064,0.0282444444444444,0.04060012144173357,0.061975,0.03980444444444439,0.13857037044971432,0.0,0.0,0.0076444444444444,0.117034375,0.2967821428571428,0.0315888888888888,0.0,3.13038271293829,0.07435096772224745,0.0,0.020128571428571426,0.0,0.01935,0.15226666666666663,0.07487499999999996,0.10207499999999994,0.11834999999999996,0.04355,0.005325,0.003846875,0.09169375,0.00442916666666665,0.3650416666666666,0.04309999999999992,0.003003571428571425,0.24856250000000002,0.29098500000000005,0.00795,0.021464999999999998,0.36956999999999995,0.0,0.0046625,0.1077349999999999,0.08076071428571427,0.04765357142857139,0.026125,0.043775,0.04643214285714285,0.044066666666666574,0.0,0.027508333333333277,0.009468750000000001,0.0,0.0,,,,0.0039534952528898736,0.006795454545454549,0.7855722709621475,5.369828386679927,4.959304306464723,67.34513072489952,2593.0,2406.2712,0.9469833470878565,2024-07-26 21:15:00
2024-07-26 15:30:00,69.87107142857143,1.0,0.04749885588656255,0.7016138295140946,0.010901196350276001,0.04566922262828574,0.17745445500258472,0.008418897901234568,0.010100088888888888,0.03053031111111111,4.8213066666666666e-23,2.9624844444444447e-05,4.466591111111111e-05,0.00044017377777777776,2.2447666666666666e-23,4.1618533333333335e-05,0.0021638622222222223,0.0014138533333333332,5.242942222222222e-07,0.10856266666666665,0.008677346666666667,0.020911733333333335,0.167856,3.926991111111111e-05,2.7231377777777777e-05,0.141,1309.8991666666666,3.889749999999988,0.04182738095238095,3.889749999999988,40.73434,-111.87211,305.5487202380952,23.510684523809523,874.6908035714285,167.40793601190475,1.6998214285714282,430838.86243386246,1951.4888403880072,189.3789594356261,14650886.837111993,0.0009488163350665172,0.00015050193334549655,0.0007222336521836689,0.00011886447940279285,7.849058956916076e-05,0.0008279291824136144,0.001487860022688348,0.8137862962962963,3.558935185185185,6.265025925925926,9.599277051282053,0.27561068376068376,2.2742996153846153,3.0427986538461544,0.0018146367521366651,0.3136229487179487,4.630039893162394,0.026279188034187988,0.026126346153846153,0.3502354487179487,0.11107461538461534,0.3342964316239317,0.03950499999999994,0.035303549150171254,0.1897486111111111,0.09311284188034177,0.033118108888888886,0.04759705128205123,0.09203574786324781,0.08734933760683758,0.027154188034188,0.0025565598290597617,4.012227272727273,0.17231818181818181,0.11961324282755348,0.011772727272727273,0.0001363636363636363,0.07490909090909091,0.4515,0.1995,0.07445454545454545,0.007045454545454546,0.0175,0.04155039551984526,1.20848997347953,0.3957651930714161,0.122,0.0035,0.07351357474678889,0.0020454545454545456,0.08581049775339628,0.025872471004038125,0.06479051899656027,0.3516666666666667,0.057704702713288356,0.2381859303153146,0.02618883434359108,0.005708386444531789,0.019363636363636364,0.04909090909090909,0.1092375,0.4833537859048804,0.0029545454545454545,0.008863636363636362,0.11330448322502039,0.15418089639748972,0.01509090909090909,0.047,0.12613479979569792,0.015954545454545454,0.03674424843538393,0.2381926577602999,0.010949302791979842,0.004062373129534899,0.04825713641082988,0.016454545454545454,0.07118181818181818,0.007818181818181818,0.03896209016207583,0.025665325337629115,0.003,0.021880434761131724,0.025492487446221703,0.13887957684557128,0.012,0.009638855496652996,0.09571181114233995,0.07575805933334062,0.03579157799105426,0.007033670816011564,0.0042737829209854245,0.026278459952128914,0.0022264006015369035,0.0003286418461829071,0.47015658272747624,77400.0,77459.0,870.3452124779541,33.28220255731922,328.47462557319227,51.410035361552026,2.7900115961199297,0.16106781305114637,0.01399188712522046,32.07997925648149,28.843012531834216,26.122050173633156,23.98284359695767,22.0199073164903,20.136332305026457,17.62315276591711,16.377704429320985,14.985502145502645,14.160568539902998,13.180959724118166,13.62569817292769,13.421563946957672,12.634873477469135,10.763355519444444,35.73856955119047,9.90943323425926,1.7182626688712521,0.6397219516313933,0.09836346049382716,0.06119453955026456,0.04026856759259259,0.04370076384479718,0.03767047350088184,0.026021149911816577,0.026868838580246916,0.017090461640211642,0.02009496406525573,0.021226030599647266,0.017723666358024692,0.029388151455026452,0.025409370149911816,0.01458773611111111,0.007959434435626103,0.005818953218694885,0.017875465123456794,2.8506419689792364,14447536.789435267,1900.4201549774261,0.346325,0.17157324836800872,0.0,0.04930586382512487,1.6985066358412126,0.0282444444444444,0.06604422244978944,0.063275,0.03950499999999994,0.2166100352093507,0.0,0.0,0.0076444444444444,0.20878124999999997,0.4485071428571429,0.0315888888888888,0.0,2.9140602938577778,0.12570193544449487,0.0,0.04025714285714285,0.0,0.0387,0.14799999999999996,0.10053333333333331,0.13653333333333328,0.15793333333333331,0.0431,0.01065,0.00769375,0.09191250000000001,0.0088583333333333,0.34374999999999994,0.046259999999999954,0.00600714285714285,0.25375000000000003,0.32323,0.0159,0.03471,0.41317999999999994,0.0,0.009325,0.10612999999999989,0.16152142857142854,0.0735785714285714,0.05225,0.0744625,0.0928642857142857,0.06628333333333325,0.0,0.03094999999999995,0.0063125,0.0,0.0,,,,0.003153302908663745,0.0058636363636363695,0.7026867251545771,4.839656773359854,4.318608612929447,65.69026144979904,2465.5,2399.8469,0.9702156920358029,2024-07-26 21:30:00
2024-07-26 15:45:00,71.76988178488179,1.0,0.0203769523809523,0.7135150336087115,0.011155314980206534,0.046213920151326957,0.138641685854467,0.007993680135531136,0.0099776,0.03025702222222222,2.0124208888888888e-23,2.8588577777777778e-05,4.352328888888889e-05,0.0004290182222222222,9.103928888888889e-24,3.8931866666666666e-05,0.002119737777777778,0.00138876,4.992368888888889e-07,0.10786222222222223,0.008537102222222223,0.020805999999999998,0.1668591111111111,3.812253333333333e-05,2.5402444444444445e-05,0.141,1310.0500993820995,3.7973121360121316,0.044930587930587934,3.7973121360121316,40.73434,-111.87211,307.18542587042583,21.888463832463835,874.6503439153439,161.5267241943242,1.5426296666296664,430699.27237207233,1950.085410589411,156.68185814185816,14358940.188163614,0.0009523544572157586,0.00015160596667274827,0.0007287464179285345,0.0001054523809523,6.923333333333333e-05,0.000681338095238,0.00147997334468302,0.6606985092074592,2.5619602774632777,5.034386281126281,8.96213388888889,0.27705,2.272325,2.9960083333333336,0.0013488888888888,0.314975,4.6067583333333335,0.0247544444444444,0.0185325,0.35205,0.1115944444444444,0.3344722222222223,0.0392055555555555,0.03618931333840032,0.1901461111111111,0.093906111111111,0.03367,0.0457005555555555,0.0840438888888888,0.0874422222222222,0.0278283333333333,0.0023516666666666,4.019613636363636,0.1726590909090909,0.10571364645039766,0.011886363636363636,6.818181818181793e-05,0.07495454545454545,0.45175,0.19975,0.07422727272727273,0.0070227272727272725,0.026250000000000002,0.04163722244432232,1.180763087063248,0.24483182915948187,0.13149999999999998,0.003464285714285714,0.06875678737339444,0.0020227272727272724,0.08632749064440147,0.03543623550201906,0.09489525949828014,0.3343333333333333,0.042852351356644176,0.2383184383306984,0.02409441717179553,0.004854193222265893,0.019681818181818182,0.05004545454545454,0.11811875,0.5051768929524402,0.0029772727272727277,0.008931818181818181,0.11354066889767411,0.22009044819874485,0.015045454545454546,0.07050000000000001,0.17156739989784897,0.01597727272727273,0.03787212421769197,0.32659632888014994,0.011057145572373025,0.004063448528319983,0.04835880410155821,0.01672727272727273,0.0725909090909091,0.00790909090909091,0.039373413377567765,0.02583266266881456,0.003,0.01794021738056586,0.03074624372311085,0.19343978842278564,0.018000000000000002,0.009739686790869622,0.13085590557116997,0.10487902966667031,0.036157411414912355,0.0072327595238095,0.0041069071428571,0.0267321142857142,0.0022123619047619,0.0002799738095238,0.4805549472308062,78300.0,78359.0,870.2904225374625,35.59134398046398,321.5800073226773,50.4598214951715,2.723839385059385,0.1599610556110556,0.013689640359640359,30.8557099880242,27.80901506851704,25.162417479281828,23.241688327334888,21.491998116228217,19.467428596924186,17.37307421879898,16.164213338549228,14.74055077000555,13.94031276976579,13.30208868982351,13.518863925343545,13.40825230936286,12.813110657530247,10.893008994297924,35.04098715775225,9.516639034893995,1.7358452133366633,0.6133132686258186,0.099799872988123,0.07617732954045954,0.04262140607170607,0.032867854654234654,0.028301440520590523,0.02394849410811411,0.01789380562770563,0.015427097249417248,0.01533819805971806,0.016911340549450548,0.021297017226107225,0.030841164685314684,0.01858670269286269,0.015781535222555224,0.0072321462692862696,0.010768808548118547,0.017652382832722833,2.8520099469080407,14159642.2750534,1899.0239041406603,0.3242625,0.11904786846117751,0.0,0.06809224063893697,1.6854230215702302,0.0282444444444444,0.0914883234578453,0.06457500000000001,0.0392055555555555,0.2946496999689871,0.0,0.0,0.0076444444444444,0.300528125,0.6002321428571429,0.0315888888888888,0.0,2.9153674499580955,0.08460229327928513,0.0,0.06038571428571428,0.0,0.05805,0.14373333333333327,0.12619166666666665,0.17099166666666665,0.19751666666666665,0.04265,0.015975,0.011540625,0.09213125,0.013287499999999949,0.3224583333333333,0.04941999999999998,0.009010714285714275,0.2589375,0.355475,0.023850000000000003,0.047955,0.4567899999999999,0.0,0.0139875,0.1045249999999999,0.2422821428571428,0.09950357142857139,0.078375,0.10515,0.13929642857142854,0.08849999999999993,0.0,0.034391666666666626,0.0031562499999999993,0.0,0.0,,,,0.0023531105644376132,0.00493181818181819,0.6121295372452897,3.845604719758729,3.3965105718664717,67.44393144785813,2338.0,2392.3188,0.9363458381373776,2024-07-26 21:45:00
2024-07-26 16:00:00,69.4996885059385,1.0,0.011244405026455,0.7254162377033286,0.011409433610137068,0.046758617674368175,0.0998289167063492,0.006421792888888889,0.009837404444444444,0.0299396,8.785684444444443e-24,2.7453555555555555e-05,4.225128888888889e-05,0.00041664355555555557,3.788351111111111e-24,3.6096488888888894e-05,0.0020704222222222225,0.0013603422222222222,4.723786666666667e-07,0.10702177777777779,0.008377555555555555,0.020678133333333334,0.16568444444444447,3.685991111111111e-05,2.3474711111111113e-05,0.141,1309.404888888889,3.7048888888888856,0.04493333333333334,3.7048888888888856,40.73434,-111.87211,308.2464444444444,20.826666666666664,874.2875555555555,136.38817777777777,1.0262222222222221,429710.1333333333,1950.208,154.72355555555558,14724630.237777775,0.000955892579365,0.00015271,0.0007352591836734,0.0001161202380952,0.0001128312169312,0.0003222145502645,0.001472086666677692,0.8401488444444445,3.2921604444444443,5.931432444444445,8.911656953960854,0.2696654942668443,1.969158307091057,5.149943456058756,0.0019465468179968,0.2821284977781478,4.5429011993099495,0.0102333876993377,0.1088883337939838,0.3164928031043031,0.3236412347448847,0.8148960602268102,0.0366720544862544,0.0370750775266294,0.370362585980686,0.1184856317182817,0.0170566695230695,0.0622010429755429,0.0803471376401376,0.1309928008528508,0.022082789057239,0.0023186456524956,4.027,0.173,0.243,0.012,0.0,0.075,0.452,0.2,0.074,0.007,0.035,0.073,0.931,0.142,0.141,0.0034285714285714284,0.064,0.002,0.047,0.045,0.125,0.317,0.028,0.498,0.022,0.004,0.02,0.051,0.127,0.527,0.003,0.009,0.229,0.286,0.015,0.094,0.217,0.016,0.039,0.415,0.01,0.004064523927105068,0.098,0.017,0.074,0.008,0.049,0.026,0.003,0.014,0.036,0.248,0.024,0.009,0.166,0.134,0.043,0.0066871625661375,0.004089044047619,0.0215669874338624,0.0024363392857142,0.0001545234126984,0.49095331173413626,79200.0,79259.0,870.0800622222222,37.74518666666667,336.00565777777774,52.041515555555556,2.69456,0.15361333333333332,0.013604444444444445,32.99508172888889,29.37080113333333,26.14720242222222,24.264265835555555,22.12746231111111,19.97384112,18.082024435555557,16.69506959111111,15.24348227111111,14.473773697777778,14.052259066666666,14.300748288888888,14.35553808,13.976680213333333,11.642617364444444,36.08498162666667,9.452757857777778,1.6892624933333333,0.6147512088888889,0.10364181333333335,0.07718588,0.04031634666666666,0.03177341777777778,0.022304826666666666,0.021544373333333332,0.021922471111111112,0.01864678666666667,0.013659168888888887,0.011863226666666667,0.015518786666666668,0.023761364444444443,0.01504467111111111,0.014571337777777778,0.008734688888888889,0.009302959999999999,0.013235262222222221,3.0499891891323245,14520256.65315015,1899.1458664698662,0.3022,0.09155,0.0,0.08687861745274907,1.03875,0.0282444444444444,0.11693242446590117,0.065875,0.0366720544862544,0.3726893647286235,0.0,0.0,0.0076444444444444,0.392275,0.7519571428571429,0.0315888888888888,0.0,3.1045443136784043,0.2072166666666667,0.0,0.0805142857142857,0.0,0.0774,0.1394666666666666,0.15185,0.20545,0.2371,0.0422,0.0213,0.0153875,0.09235,0.0177166666666666,0.3011666666666666,0.05258,0.0120142857142857,0.264125,0.38772,0.0318,0.0612,0.5004,0.0,0.01865,0.1029199999999999,0.3230428571428571,0.1254285714285714,0.1045,0.1358375,0.1857285714285714,0.1107166666666666,0.0,0.0378333333333333,0.0,0.0,0.0,,,,0.0015529182202114892,0.004,0.7182811646054141,3.8,3.7,73.0,2280.5,2383.5312,0.7665473354730895,2024-07-26 22:00:00
2024-07-26 16:15:00,75.69709563164109,1.0,0.0052641236374736,0.7373174417979456,0.0116635522400676,0.0473033151974094,0.0703285483405483,0.008381984,0.009674053333333332,0.029564755555555555,4.1644933333333336e-24,2.62072e-05,4.0826666666666667e-05,0.0004027968888888889,1.695996888888889e-24,3.3144e-05,0.0020146355555555554,0.0013276222222222223,4.436648888888889e-07,0.10602533333333333,0.008194773333333332,0.02052528888888889,0.16427288888888888,3.5465111111111116e-05,2.1474355555555553e-05,0.141,1309.067241980242,3.5431528934028886,0.046598238798238795,3.5431528934028886,40.73434,-111.87211,309.19887719687716,20.48494141044141,874.070047970548,151.9339508621009,2.0068662633662635,429166.4444444445,1950.1893333333333,155.05777777777777,14882612.865777778,0.0010974945843045,0.0001742145315795,0.000691323017538,9.05413175713176e-05,8.766585414585415e-05,7.726326784326784e-05,0.001464199988672364,0.3084850666666667,1.7022653333333333,3.935375111111111,8.76222422222222,0.2594292888888889,1.5270999555555556,2.4094676,0.0009985333333333,0.2033099111111111,4.319080488888889,0.0052349777777777,0.2674440444444445,0.3156272444444444,0.1368919555555555,0.2998987111111111,0.0123966222222222,0.03796084171485847,0.1341327111111111,0.0414948444444444,0.0056353777777777,0.0365708,0.078492,0.0518861333333333,0.0234711555555555,0.0018001333333333,4.01775,0.17491666666666666,0.11688370401217568,0.011583333333333334,8.333333333333333e-05,0.07491666666666666,0.45175,0.1995,0.07416666666666666,0.007,0.029645000000000005,0.029402074641799125,1.182816238649231,0.23733489814986075,0.13585,0.0033928571428571428,0.06913405739672693,0.0018607495047918547,0.07595010099479349,0.03543623550201906,0.10530108521380334,0.35235,0.041240739923513306,0.2122575034073756,0.020327928289803152,0.00402396633558407,0.020425956618092746,0.04683333333333333,0.11583750000000001,0.4103699027235582,0.0028333333333333335,0.009083333333333332,0.08025875051623571,0.22070279609591897,0.014499999999999999,0.075825,0.18146669270586005,0.01525,0.03212638850271882,0.3382142150551438,0.003931977341933766,0.00402016876347569,0.034032381390005896,0.015836835572712364,0.06808333333333333,0.0075,0.012197304816753119,0.02417724389964316,0.0030833333333333333,0.017571830035454046,0.03280217496445441,0.20196258415165105,0.018000000000000002,0.0030777671744889857,0.13790888419422978,0.11165644687245513,0.011986811586133163,0.0076993993162393,0.0055200742868242,0.0242329749506049,0.0029742996303696,0.0002171967732267,0.5013516762374662,80100.0,80159.0,869.8637422222222,36.560564444444445,336.57679111111116,52.59036,2.7616444444444443,0.15573777777777778,0.013924444444444444,31.70391228888889,28.65396741777778,25.70928252,24.05286755111111,22.09350552,19.938135955555556,18.15438616888889,16.78398292888889,15.513018524444444,14.678408004444444,14.297682022222222,14.699125857777778,14.846253555555556,14.49128440888889,11.990512506666667,36.82823998666667,9.395062426666666,1.6982401644444445,0.5845875733333333,0.09350476888888888,0.07430584000000001,0.04312937333333333,0.029499871111111114,0.02911848,0.02276462222222222,0.018500204444444446,0.015906453333333334,0.013415342222222222,0.011742004444444445,0.021078364444444445,0.023505751111111108,0.016255040000000002,0.014661417777777777,0.011987511111111111,0.009207653333333333,0.01577307111111111,3.1295330439588214,14676046.528227203,1899.1272952887646,0.30905000000000005,0.11643890819414598,0.0,0.07616919312591477,1.5417528412459163,0.0282444444444444,0.10242767578494416,0.06355625000000001,0.0123966222222222,0.32820181438733703,0.0,0.0,0.0076444444444444,0.310878125,0.6654642857142857,0.0315888888888888,0.0,3.180551559767633,0.08256085476730395,0.0,0.06571071428571428,0.0,0.06987083333333333,0.1425583333333333,0.13240416666666666,0.18045416666666664,0.20773333333333333,0.0424125,0.01937,0.011540625,0.08985,0.013287499999999949,0.3404749999999999,0.051125000000000004,0.009010714285714275,0.259325,0.36338499999999996,0.027975,0.05398,0.46848499999999993,0.0,0.01788125,0.10496999999999992,0.2575571428571428,0.09664285714285709,0.08755357142857143,0.11005625,0.13929642857142854,0.0909666666666666,0.0,0.0365833333333333,0.0025625,0.0,0.0,,,,0.0014089920455062689,0.003916666666666666,0.40378202953826053,2.988430162943052,2.573039581589457,71.07095880008221,2303.0,2373.1167,1.0228451305547603,2024-07-26 22:15:00
2024-07-26 16:30:00,75.99022832722832,1.0,0.0054185241269841,0.7639733003174602,0.0112601371428571,0.0530229479365079,0.1826620584126984,0.00825511111111111,0.009484382222222223,0.029121155555555556,2.189755555555556e-24,2.483968888888889e-05,3.9233866666666664e-05,0.0003873631111111111,8.42876e-25,3.0064666666666667e-05,0.0019512977777777778,0.0012906133333333333,4.1297422222222226e-07,0.10482799999999999,0.007985582222222221,0.02033888888888889,0.16253422222222222,3.392537777777778e-05,1.9398399999999997e-05,0.141,1309.039111111111,3.4879550264550114,0.04971587301587301,3.4879550264550114,40.73434,-111.87211,309.68257936507933,20.074775132275132,873.7251878306878,138.15293650793652,1.5983544973544968,429050.3111111112,1950.3853333333327,153.77422222222222,14955249.43377778,0.0011326301587301,0.0001826333333333,0.0006135974603174,8.585809523809523e-05,8.69847619047619e-05,5.609445369445369e-05,0.0014563133106670362,0.2703823111111111,1.6052724444444444,3.886213333333333,8.68484608888889,0.2558458666666666,1.3394132444444444,1.6919394666666667,0.0009521777777777,0.1718089777777778,4.264665866666666,0.0061557777777777,0.09100364444444445,0.3042947555555556,0.0496820888888888,0.1407284,0.0066233777777777,0.03884660590308754,0.0717250222222222,0.0227724,0.005040383867719514,0.0360684444444444,0.0539162222222222,0.0513069333333333,0.0306392888888888,0.0020892444444444,4.0085,0.17683333333333331,0.07837638895090095,0.011166666666666667,0.00016666666666666666,0.07483333333333334,0.4515,0.199,0.07433333333333333,0.007,0.024290000000000003,0.015770206239426824,1.1866885162245069,0.23140986656900997,0.13069999999999998,0.003357142857142857,0.07426811479345384,0.0017214990095837095,0.07272130484507673,0.025872471004038125,0.08560217042760668,0.3877,0.0544814798470266,0.0922775827605947,0.018655856579606302,0.004047932671168141,0.020851913236185488,0.042666666666666665,0.104675,0.29373980544711636,0.0026666666666666666,0.009166666666666667,0.04317748767601888,0.155405592191838,0.013999999999999999,0.05765,0.14593338541172007,0.0145,0.025252777005437627,0.26142843011028766,0.0013867122713499707,0.003975813599846312,0.018070505633967705,0.014673671145424727,0.06216666666666666,0.007,0.002489407734585492,0.02235448779928632,0.0031666666666666666,0.021143660070908094,0.029604349928908827,0.1559251683033021,0.012,0.0006979845849114084,0.10981776838845955,0.08931289374491026,0.0033525475955048815,0.008322206031746,0.006097285079365,0.0236367676190476,0.0033286403174603,0.000280725079365,0.5807246577777777,81000.0,81059.0,869.5850577777778,35.87156,337.83928444444444,52.68853333333333,2.785773333333333,0.15666666666666668,0.01388,32.2309364,29.030515755555555,26.025638906666664,24.260329764444446,22.17525957333333,20.22734500888889,18.108885675555555,16.871287973333335,15.45379583111111,14.538170942222223,14.226839573333335,14.549074764444445,14.769999035555555,14.492059977777778,11.931614502222223,36.79193945777777,9.36276552,1.730387688888889,0.6064374533333333,0.09290515555555555,0.07167898222222222,0.038179573333333335,0.029366355555555557,0.02044148,0.022099066666666667,0.01760128888888889,0.01474628,0.01652145777777778,0.014299737777777778,0.022346191111111115,0.026935435555555554,0.01944694222222222,0.014163751111111112,0.00870384888888889,0.010327373333333334,0.016219688888888886,3.2857693059774262,14747674.921791753,1899.3222926903295,0.3159,0.11437697485695655,0.0,0.06545976879908047,1.5308677988736221,0.0282444444444444,0.08792292710398714,0.0612375,0.0066233777777777,0.2837142640460505,0.0,0.0,0.0076444444444444,0.22948125,0.5789714285714286,0.0315888888888888,0.0,3.329841382862222,0.08094744954344225,0.0,0.05090714285714285,0.0,0.06234166666666665,0.14564999999999995,0.1129583333333333,0.1554583333333333,0.17836666666666665,0.042624999999999996,0.01744,0.00769375,0.08735000000000001,0.0088583333333333,0.37978333333333325,0.049670000000000006,0.00600714285714285,0.254525,0.33904999999999996,0.02415,0.046759999999999996,0.4365699999999999,0.0,0.0171125,0.10701999999999995,0.19207142857142853,0.0678571428571428,0.07060714285714284,0.084275,0.0928642857142857,0.0712166666666666,0.0,0.0353333333333333,0.005125,0.0,0.0,,,,0.0012650658708010486,0.0038333333333333336,0.3812428155335289,2.891721630323092,2.5362034702423024,71.34168515882212,2325.5,2360.5122,1.0337519396067134,2024-07-26 22:30:00
2024-07-26 16:45:00,76.98133333333334,1.0,0.04270561249261662,0.8024194409523809,0.0112103273015873,0.0593405326984127,0.2863949612698413,0.007767602222222223,0.009261395555555555,0.02859071111111111,1.2549115555555555e-24,2.333502222222222e-05,3.743746666666667e-05,0.00037,4.618524444444445e-25,2.6876444444444445e-05,0.0018791866666666667,0.001247648888888889,3.8020977777777776e-07,0.10337733333333335,0.007743066666666667,0.020109377777777777,0.1604408888888889,3.2213466666666666e-05,1.7257822222222224e-05,0.141,1309.5256405816406,3.0605010878010837,0.050321123321123325,3.0605010878010837,40.73434,-111.87211,309.5836187146187,20.40513186813187,873.4640547230548,132.548829004329,2.175672327672328,429752.8000000001,1951.039111111111,165.1271111111111,15079035.446666667,0.0010261761904761,0.0001211631746031,0.0005560276190476,8.171142857142858e-05,9.702190476190477e-05,3.4925639545639546e-05,0.0014484266326617082,0.3374244,1.947595111111111,4.306348888888889,8.753870311111111,0.2438033333333333,1.2502128,1.883119111111111,0.0003570222222222,0.1637057777777777,4.233240888888889,0.0062784,0.08579186666666666,0.2588730222222222,0.0386780444444444,0.1518018666666666,0.0022424,0.039732370091316624,0.0810587111111111,0.0263404,0.004445389957661329,0.0274936444444444,0.0439781333333333,0.0460848,0.0266137777777777,0.0014259111111111,3.99925,0.17875,0.07351757855975456,0.010750000000000001,0.00025,0.07475,0.45125000000000004,0.1985,0.0745,0.007,0.018935,0.017808987372125863,1.199604888816907,0.2838160323242912,0.12555,0.0033214285714285715,0.07940217219018075,0.0015822485143755644,0.05977997138002286,0.01630870650605719,0.06590325564141003,0.42305,0.06772221977053991,0.1006245768870558,0.016983784869409456,0.004071899006752211,0.021277869854278233,0.03849999999999999,0.0935125,0.1771097081706745,0.0025,0.00925,0.04872335833906985,0.09010838828775702,0.0135,0.039474999999999996,0.11040007811758012,0.01375,0.018379165508156443,0.1846426451654315,0.001871772104150691,0.003931458436216935,0.020457762477514813,0.01351050671813709,0.056249999999999994,0.006500000000000001,0.004339474743300924,0.02053173169892948,0.0032500000000000003,0.02471549010636214,0.02640652489336324,0.10988775245495316,0.005999999999999998,0.0011515078577302193,0.08172665258268934,0.0669693406173654,0.004998008689539706,0.0085127542857142,0.0059682203174603,0.0206808828571428,0.0035642568253968,0.0002649444444444,0.6412340323809524,81900.0,81959.0,869.3154266666667,35.89496888888889,360.49281333333334,56.67168,2.955626666666667,0.15506666666666663,0.015017777777777777,34.06372073777778,30.586128524444444,27.331128666666665,25.73030713777778,23.366206542222223,21.22089084,19.08890210222222,17.79456436,16.480126324444445,15.607143133333333,15.035298275555556,15.641418991111111,15.940995395555555,15.531468688888888,12.946306075555556,40.704065271111105,10.444541182222222,1.8707811377777779,0.6175662622222222,0.09667093777777777,0.07811199555555556,0.043377408888888885,0.03285770666666667,0.02834924,0.022718608888888887,0.01967433777777778,0.018919213333333334,0.019027746666666668,0.01940853777777778,0.02060684,0.027300484444444446,0.016824035555555557,0.013211164444444446,0.009874751111111111,0.011177088888888888,0.013183426666666666,3.281568110166613,14869742.820828384,1899.972726199861,0.32275,0.13261451819669565,0.0,0.05475034447224618,1.5967112660517628,0.0282444444444444,0.07341817842303011,0.05891875,0.0022424,0.239226713704764,0.0,0.0,0.0076444444444444,0.148084375,0.49247857142857143,0.0315888888888888,0.0,3.325826976915238,0.09521781763150432,0.0,0.03610357142857143,0.0,0.05481249999999997,0.1487416666666666,0.09351249999999996,0.13046249999999995,0.14899999999999997,0.0428375,0.01551,0.0038468749999999996,0.08485000000000001,0.004429166666666651,0.41909166666666664,0.048215,0.003003571428571425,0.249725,0.31471499999999997,0.020325000000000003,0.03954,0.40465499999999993,0.0,0.01634375,0.10906999999999997,0.12658571428571425,0.03907142857142851,0.05366071428571427,0.05849375000000001,0.046432142857142866,0.051466666666666605,0.0,0.0340833333333333,0.0076875,0.0,0.0,,,,0.001121139696095828,0.00375,0.4209007344099652,3.2330407018048106,2.8510041305296236,72.2570325542881,2348.0,2344.9844,1.0031687129417572,2024-07-26 22:45:00
2024-07-26 17:00:00,76.84177777777778,1.0,0.0089418806349206,0.8271967257142857,0.009733678095238,0.063167745079365,0.3885465168253968,0.007351671555555555,0.009003986666666667,0.02797128888888889,7.75804888888889e-25,2.1712933333333333e-05,3.545484444444445e-05,0.0003508631111111111,2.772746666666667e-25,2.3662933333333333e-05,0.0017982755555555556,0.0011991422222222222,3.460537777777778e-07,0.10164440000000001,0.007467257777777778,0.019835066666666668,0.15794266666666665,3.0350222222222224e-05,1.5113022222222222e-05,0.141,1310.7062222222223,2.4523999999999964,0.04964444444444445,2.4523999999999964,40.73434,-111.87211,308.87755555555555,21.156000000000002,873.2102222222222,124.62364444444444,1.9457777777777778,431383.2444444444,1951.5804444444443,177.30666666666667,15302190.370666668,0.0010107476190476,3.377619047619048e-05,0.0006530066666666,0.0001094298412698,0.0001002539682539,1.37568253968254e-05,0.0014405399546563802,0.4122288,2.472147111111111,4.757096444444445,9.837305866666666,0.2438052444444444,1.2954841777777777,1.9381076444444445,0.0007877777777777,0.1594498666666666,4.264899733333333,0.0066270666666666,0.17849804444444445,0.2502430666666667,0.0484291111111111,0.1520831555555555,0.0050925777777777,0.04061813427954569,0.0801890222222222,0.0283733333333333,0.0038503960476031426,0.0287951555555555,0.0618612444444444,0.046698,0.0174057333333333,0.0019422222222222,3.99,0.18066666666666667,0.09664357120455613,0.010333333333333333,0.0003333333333333333,0.07466666666666666,0.451,0.198,0.07466666666666666,0.007,0.01358,0.017619019041373436,0.7880404393573908,0.1836334901980797,0.1204,0.003285714285714286,0.08453622958690768,0.001442998019167419,0.0573211675335594,0.00674494200807625,0.04620434085521337,0.4584,0.0809629596940532,0.10083660775092809,0.015311713159212608,0.0040958653423362815,0.021703826472370978,0.03433333333333333,0.08235,0.060479610894232705,0.0023333333333333335,0.009333333333333332,0.04820660851461277,0.02481118438367602,0.013,0.0213,0.07486677082344018,0.013,0.011505554010875257,0.10785686022057533,0.002148143825776717,0.0038871032725875565,0.020235324085098667,0.012347342290849453,0.05033333333333333,0.006,0.005393584297930359,0.01870897559857264,0.0033333333333333335,0.02828732014181619,0.023208699857817656,0.06385033660660422,0.0,0.0014099110468433844,0.05363553677691911,0.04462578748982051,0.005935540277759009,0.0088296228571428,0.0062263568253968,0.0208357958730158,0.0038651796825396,0.0002865806349206,0.6789749412698414,82800.0,82859.0,869.0527333333334,35.719973333333336,385.10344,61.08248444444444,3.213311111111111,0.15639111111111112,0.016235555555555555,35.84043170666667,32.3356114,28.774330071111113,26.911065417777777,24.49541743111111,22.45557151111111,20.158034120000003,18.951082026666665,17.536910888888887,16.757601,16.21943467111111,16.841619973333334,17.292374866666666,16.802022835555555,14.09871096,45.12296647111111,11.413092315555556,1.950333071111111,0.6449912711111111,0.09930632888888889,0.06912075999999999,0.042168408888888884,0.035558608888888885,0.026938311111111113,0.02576515111111111,0.024776075555555558,0.0210046,0.018659973333333336,0.01373928888888889,0.021686564444444445,0.028140297777777778,0.017846257777777777,0.013887897777777778,0.012309746666666668,0.011921924444444445,0.01915869333333333,3.225943130969952,15089800.41939415,1900.5112904518041,0.3296,0.1204,0.0,0.04404092014541189,1.09115,0.0282444444444444,0.0589134297420731,0.0566,0.0050925777777777,0.19473916336347752,0.0,0.0,0.0076444444444444,0.0666875,0.4059857142857143,0.0315888888888888,0.0,3.2726751464975288,0.1169333333333333,0.0,0.0213,0.0,0.0472833333333333,0.1518333333333333,0.0740666666666666,0.1054666666666666,0.1196333333333333,0.04305,0.01358,0.0,0.08235,0.0,0.4584,0.04676,0.0,0.244925,0.2903799999999999,0.0165,0.03232,0.3727399999999999,0.0,0.015575,0.11112,0.0611,0.0102857142857142,0.0367142857142857,0.0327125,0.0,0.0317166666666666,0.0,0.0328333333333333,0.01025,0.0,0.0,,,,0.0009772135213906078,0.0036666666666666666,0.4651503524628442,2.8,3.6,75.0,2327.3333,2325.6692,0.9845209278075009,2024-07-26 23:00:00
2024-07-26 17:15:00,77.96000000000001,1.0,0.04425423050594213,0.8646509536507936,0.0092608196825396,0.0623063088888888,0.4749090047619048,0.005339263111111112,0.008708226666666668,0.02724711111111111,5.105635555555555e-25,1.99808e-05,3.32808e-05,0.00032992,1.7972222222222223e-25,2.0478e-05,0.001708137777777778,0.0011446177777777776,3.108795555555556e-07,0.09959288888888888,0.007155288888888889,0.019505155555555553,0.15496800000000002,2.833786666666667e-05,1.3001955555555556e-05,0.141,1310.4013333333335,2.4675999999999965,0.05124444444444445,2.4675999999999965,40.73434,-111.87211,309.27,20.40222222222222,873.0328888888889,130.7668888888889,1.3319999999999999,430103.6888888889,1951.5511111111111,162.01777777777778,14769140.455555554,0.0007056669841269,8.564476190474525e-05,0.0007177326984126,9.41857142857143e-05,4.436380952380952e-05,3.0711428571428574e-05,0.0014326532766510522,0.2568683111111111,1.990816888888889,4.162320000000001,8.888451777777778,0.2494454222222222,1.1277000444444445,1.7308997333333334,0.0007572888888888,0.1505286666666666,4.068817466666666,0.004672,0.14295204444444443,0.2173654222222222,0.0450377777777777,0.1244090222222222,0.0023690222222222,0.04150389846777477,0.0675014222222222,0.0253328888888888,0.003255402137544957,0.0295631555555555,0.0565526666666666,0.0435532888888888,0.0144955555555555,0.0018903111111111,3.98075,0.18258333333333332,0.07632570411403844,0.009916666666666667,0.00041666666666666664,0.07458333333333333,0.45075,0.1975,0.07483333333333334,0.007,0.013995,0.014847634671574546,1.2097202261564277,0.26946301260835215,0.1373,0.0032500000000000003,0.08208609392975984,0.0013037475239592736,0.04795383324055507,0.00674494200807625,0.05041141949310732,0.45941666666666664,0.0820030777111802,0.07997630850213193,0.01363964144901576,0.004119831677920353,0.02212978309046372,0.030166666666666665,0.088425,0.09446663422253321,0.0021666666666666666,0.009416666666666667,0.0406679183501818,0.05253474159928602,0.012499999999999999,0.025,0.0899096856100744,0.01225,0.012669459867692745,0.12826527089080803,0.0017348037266001117,0.0038427481089581784,0.016990244857715733,0.011184177863561816,0.04441666666666666,0.0055,0.003817063569651523,0.0168862194982158,0.003416666666666667,0.030012924021550473,0.023763379254309165,0.06363932535969391,0.002383333333333325,0.001023444590770447,0.05906909167861567,0.04970771400629768,0.004533372945385761,0.008981786031746,0.0060687095238095,0.0215409958730158,0.003956466031746,0.0002481739682539,0.8630199920634921,83700.0,83759.0,868.8408222222223,35.60887111111111,421.26320444444445,68.22544444444445,3.5146266666666666,0.15343111111111113,0.01844888888888889,37.283176808888896,33.44479192,30.025219426666663,27.993063297777777,25.80963872888889,23.743495222222222,21.883980248888886,20.44587379111111,19.15853686666667,18.44150886222222,18.03781512,19.02924663111111,19.656204355555555,19.477939573333334,16.533564986666665,53.44588324888889,13.510667737777776,2.178445568888889,0.6614211511111111,0.10529905333333334,0.07254263555555555,0.04139581333333333,0.036074253333333334,0.02853347111111111,0.02310916888888889,0.023680106666666666,0.021009733333333332,0.017498688888888888,0.015695253333333332,0.022485128888888886,0.02598624444444444,0.018930479999999996,0.016278146666666667,0.008095324444444444,0.01019956,0.01602756888888889,3.169300543743105,14564149.082052222,1900.4821071672163,0.336275,0.12761961320120493,0.0,0.04612184802784636,1.6295996738318053,0.0282444444444444,0.0608213016647907,0.05673125,0.0023690222222222,0.20064710511564662,0.0,0.0,0.0076444444444444,0.06643125,0.412475,0.0315888888888888,0.0,3.218550952040618,0.09130944403519668,0.0,0.025,0.0,0.05206249999999998,0.15259166666666663,0.07872499999999995,0.11984583333333328,0.1275041666666666,0.0441625,0.013995,0.002359375,0.088425,0.002383333333333325,0.45941666666666664,0.04722,0.0,0.26246875000000003,0.30427499999999996,0.016575,0.032075,0.39453999999999995,0.00264375,0.01664375,0.10822999999999999,0.0595142857142857,0.0216464285714285,0.039217857142857124,0.032746874999999995,0.005960714285714275,0.03312083333333328,0.0,0.031099999999999975,0.0076875,0.0,0.0,,,,0.0008332873466853875,0.0035833333333333333,0.3732487758999431,3.2761357653089327,2.743085653449729,73.16089236615935,2257.3333,2301.6199,0.746198119184566,2024-07-26 23:15:00
2024-07-26 17:30:00,77.77466666666666,1.0,0.0017992815873015,0.8934434028571429,0.0089623273015873,0.0611734495238095,0.5217912025396826,0.004187488888888888,0.00836948,0.0264048,3.5416444444444443e-25,1.815208888888889e-05,3.091275555555555e-05,0.0003071511111111111,1.2415866666666666e-25,1.7375955555555555e-05,0.0016083911111111112,0.001083488888888889,2.751373333333334e-07,0.09717337777777778,0.006803613333333333,0.019112177777777777,0.15143644444444443,2.6183866666666665e-05,1.0961986666666667e-05,0.141,1310.4346666666668,2.809999999999996,0.04853333333333333,2.809999999999996,40.73434,-111.87211,308.6215555555555,20.076444444444444,872.9653333333333,125.43195555555556,1.031111111111111,429529.33333333326,1951.9693333333332,158.5546666666667,14360631.552,0.0006726606349206,0.0001375133333333,0.0007432203174603,8.864761904761904e-05,4.420031746031746e-05,4.766603174603175e-05,0.0014247665986457242,0.1558939111111111,1.7984493333333331,3.890000888888889,8.375358533333333,0.2516687999999999,1.0844482666666666,1.8446934666666663,0.0012537777777777,0.1512895111111111,3.921376266666667,0.0043223111111111,0.09682631111111112,0.1824092,0.0791083555555555,0.1998935111111111,0.0095071999999999,0.04238966265600384,0.1111301777777777,0.0385249777777777,0.002660408227486771,0.0307644,0.0534236,0.0666901333333333,0.0122855555555555,0.0024189333333333,3.9715,0.1845,0.0913694889855731,0.0095,0.0005,0.0745,0.4505,0.197,0.075,0.007,0.01441,0.024377573448052612,1.2179828411186548,0.2534769163209598,0.1542,0.0032142857142857142,0.079635958272612,0.0011644970287511284,0.03799428094569982,0.00674494200807625,0.054618498131001274,0.46043333333333325,0.08304319572830722,0.1368752548177523,0.011967569738818913,0.004143798013504423,0.022555739708556465,0.025999999999999995,0.0945,0.1284536575508337,0.002,0.0095,0.06659115603051767,0.08025829881489602,0.012,0.0287,0.10495260039670862,0.0115,0.013833365724510233,0.1486736815610407,0.0035282320984433547,0.0037983929453288007,0.028149074610379823,0.01002101343627418,0.0385,0.005,0.01065737983348974,0.01506346339785896,0.0035,0.03173852790128476,0.024318058650800674,0.0634283141127836,0.00476666666666665,0.0027002717567473447,0.06450264658031221,0.05478964052277485,0.010617192736785925,0.0085441688888888,0.0054278504761904,0.0215363228571428,0.0038021152380952,0.0002117257142857,0.8430876955555556,84600.0,84659.0,868.6621955555555,35.075044444444444,449.70551555555556,74.2971511111111,3.803208888888889,0.15249333333333331,0.020391111111111113,38.09318554222222,34.08941436888889,30.62103588,28.885284,26.710495506666668,24.617739093333334,22.808375239999997,21.558698573333334,20.380294702222223,19.816908884444445,19.661424555555552,20.747112613333336,21.58980355111111,21.514558266666665,18.49866100888889,61.214205462222225,15.365404222222223,2.36295796,0.6759724444444444,0.11088709777777778,0.06716725333333334,0.04143452,0.0366646,0.025478559999999997,0.023989315555555554,0.02082271111111111,0.014819155555555555,0.014098635555555555,0.018147715555555555,0.02013092,0.028845435555555556,0.01330196,0.01887690222222222,0.011471937777777778,0.009844364444444444,0.01813454222222222,2.9801861380506853,14161310.163251717,1900.8981900580852,0.34295,0.12205639139948063,0.0,0.048202775910280826,1.5757659950804879,0.0282444444444444,0.0627291735875083,0.056862499999999996,0.0095071999999999,0.20655504686781573,0.0,0.0,0.0076444444444444,0.066175,0.4189642857142857,0.0315888888888888,0.0,3.0378447843066665,0.0869563784173538,0.0,0.0287,0.0,0.05684166666666665,0.15334999999999993,0.08338333333333331,0.13422499999999996,0.13537499999999994,0.045274999999999996,0.01441,0.00471875,0.0945,0.00476666666666665,0.46043333333333325,0.04768,0.0,0.2800125,0.31816999999999995,0.016649999999999998,0.03183,0.41633999999999993,0.0052875,0.0177125,0.10533999999999999,0.0579285714285714,0.033007142857142804,0.04172142857142855,0.03278125,0.01192142857142855,0.03452499999999995,0.0,0.02936666666666665,0.005125,0.0,0.0,,,,0.0006893611719801671,0.0035,0.3135186178728936,3.084332178112164,2.5390414233124425,72.98972545355701,2187.3333,2271.8643,0.6154801402914659,2024-07-26 23:30:00
2024-07-26 17:45:00,78.64177777777779,1.0,0.0069128225396825,0.8788418996150146,0.009726232045362,0.0578557597461797,0.4777764476190476,0.004208352444444444,0.00798256,0.025425822222222224,2.5677244444444445e-25,1.6241644444444443e-05,2.8354933333333335e-05,0.0002825711111111111,9.023053333333334e-26,1.4413955555555556e-05,0.0014987199999999998,0.001015243111111111,2.393048888888889e-07,0.0943216888888889,0.0064092444444444445,0.018645911111111114,0.14725866666666668,2.389208888888889e-05,9.03072888888889e-06,0.141,1310.5373333333332,3.2933777777777737,0.0484,3.2933777777777737,40.73434,-111.87211,308.41488888888887,20.323111111111114,872.8204444444444,147.2771111111111,1.811111111111111,430382.5333333334,1952.2346666666667,165.5426666666667,13955779.536,0.0005574501587301,0.0001842923809523,0.0006712726984126,7.328920634920634e-05,4.1247301587301593e-05,3.17504761904762e-05,0.0014168799206403962,0.2113829857938358,2.025954768620269,4.133548023587524,7.482597233126133,0.2508451019795019,1.0000272957986458,1.4267605162448662,0.0014958851037851,0.137873605067155,3.79304601926592,0.0059714117068117,0.12447718994708995,0.1590659746253746,0.0588550314981315,0.1332292659673659,0.0025758774244274,0.04327542684423291,0.073141781059681,0.0271194973470973,0.002065414317428585,0.0243595351814851,0.0395498766825766,0.0263627414233914,0.0138790353997854,0.0010906253672253,3.96225,0.18641666666666667,0.08242668055888147,0.009083333333333334,0.0005833333333333333,0.07441666666666666,0.45025000000000004,0.1965,0.07516666666666666,0.007,0.014825,0.016079672434602253,1.2232249039586733,0.2857342818146291,0.1711,0.0031785714285714286,0.07718582261546415,0.0010252465335429833,0.031343445727545806,0.00674494200807625,0.05882557676889523,0.4614499999999999,0.08408331374543423,0.0866248608435851,0.010295498028622065,0.004167764349088493,0.022981696326649207,0.02183333333333333,0.100575,0.1624406808791342,0.0018333333333333335,0.009583333333333333,0.044019294315046066,0.10798185603050602,0.0115,0.0324,0.11999551518334284,0.01075,0.014997271581327722,0.16908209223127335,0.00197768825575341,0.003754037781699423,0.018432866890127166,0.008857849008986543,0.03258333333333333,0.0045000000000000005,0.004743449602729856,0.01324070729750212,0.0035833333333333333,0.03346413178101904,0.024872738047292182,0.06321730286587328,0.007149999999999975,0.0012505377844959204,0.06993620148200877,0.05987156703925202,0.005357306439852025,0.0081262355555555,0.0050927158730158,0.0216544203174603,0.0036460853968253,0.0001572501587301,0.8312289965079365,85500.0,85559.0,868.4993688888889,34.48619555555556,467.67184,78.56161777777778,4.0721155555555555,0.15443555555555555,0.02194222222222222,38.36637773333334,34.315886417777776,30.879069342222223,29.166551444444444,27.034066062222223,25.19603619111111,23.438959053333335,22.380955564444445,21.22280955111111,20.90687730222222,20.67652893777778,21.862928319999998,22.649973217777777,22.809764697777776,19.687390488888887,66.47436217333333,16.822251128888887,2.5228850133333336,0.7371486399999999,0.11759140444444445,0.07349572888888889,0.04462857333333334,0.03595060888888889,0.028129684444444445,0.022128817777777775,0.022316204444444446,0.016051813333333335,0.013742977777777778,0.01431155111111111,0.022686337777777777,0.02879744444444444,0.01828428888888889,0.017431631111111113,0.013111955555555554,0.012676635555555557,0.019649666666666666,2.993653899877029,13762077.375471206,1901.1621661323138,0.349625,0.13328207625426916,0.0,0.050283703792715295,1.6557354395584696,0.0282444444444444,0.06463704551022591,0.05699375,0.0025758774244274,0.21246298861998486,0.0,0.0,0.0076444444444444,0.06591875,0.4254535714285714,0.0315888888888888,0.0,3.0507137543815874,0.09574016315931276,0.0,0.0324,0.0,0.061620833333333326,0.15410833333333326,0.08804166666666666,0.14860416666666665,0.14324583333333327,0.0463875,0.014825,0.007078124999999999,0.100575,0.007149999999999975,0.4614499999999999,0.04814,0.0,0.29755624999999997,0.33206499999999994,0.016725,0.031585,0.43814,0.007931249999999999,0.01878125,0.10245,0.056342857142857104,0.0443678571428571,0.04422499999999997,0.032815625,0.017882142857142826,0.03592916666666662,0.0,0.027633333333333322,0.0025625000000000005,0.0,0.0,,,,0.0005454349972749467,0.003416666666666667,0.34634249401946043,3.3111706305152993,2.7215272848407164,73.79055674009689,2117.3333,2235.4685,0.6566066376345279,2024-07-26 23:45:00
2024-07-26 18:00:00,77.72363234913236,1.0,0.0079573384273134,0.875201745951641,0.0092883555883005,0.0684818253398453,0.5805686595180745,0.0030369312963332965,0.0052449251004551,0.017364459375809375,1.0920790431050431e-25,9.716558413438412e-06,1.7434704134754135e-05,0.0001739644725829726,3.8688427589077593e-26,7.843945419395419e-06,0.0009383702385207385,0.0006356465748695749,1.3821173985273986e-07,0.06820729318274317,0.004048776238021238,0.014346691617641618,0.1089482341917342,1.4586583766233765e-05,4.8758022971472975e-06,0.745,1309.2082950567951,4.156445138195138,0.04819293114293114,4.156445138195138,40.73433267056092,-111.87211,307.2950578310578,20.86973546823547,872.6423152958154,105.21981981721981,0.9751809116809117,429271.0794649794,1952.6230346875348,163.32341602841603,13955753.819608094,0.0008885555555555,0.0002560886319236,0.0007668489928589,9.34043278943279e-05,0.0001564191021941,8.499073001073002e-05,0.0014089932426350682,0.1334608464313464,2.075362866041366,4.158528424445924,8.057334887777039,0.2583061673511673,1.0902064714082216,2.090822970829171,0.0025586932419432,0.1511742007363007,3.9114178746586745,0.0039393117123617,0.04129935906130906,0.1746952728068228,0.0874556153420653,0.2614502162060162,0.0134800726532726,0.044161191032461994,0.1564921132367632,0.053507283055833,0.0014704204073704,0.0319062549136049,0.0523867236004736,0.0512970845302845,0.0205187794057794,0.0008846443334443,3.953,0.18833333333333332,0.10776050783615423,0.008666666666666666,0.0006666666666666666,0.07433333333333333,0.45,0.196,0.07533333333333334,0.007,0.01524,0.029432666080616923,0.8258148155011704,0.21350880902788696,0.188,0.0031428571428571426,0.07473568695831631,0.0008859960383348379,0.040164439757847156,0.00674494200807625,0.06303265540678918,0.4624666666666666,0.08512343176256124,0.18327567045436188,0.008623426318425217,0.004191730684672564,0.023407652944741952,0.017666666666666664,0.10665,0.19642770420743472,0.0016666666666666668,0.009666666666666667,0.09466930827781246,0.135705413246116,0.011,0.0361,0.13503842996997706,0.009999999999999998,0.01616117743814521,0.18949050290150604,0.0046745071241244465,0.003709682618070045,0.03686301093504296,0.007694684581698906,0.026666666666666665,0.004,0.019040613540332617,0.01141795119714528,0.0036666666666666666,0.03518973566075333,0.02542741744378369,0.06300629161896297,0.0095333333333333,0.0016004302275967363,0.07536975638370533,0.06495349355572919,0.01655046829621852,0.0080690998582898,0.0052602785684685,0.0236419133427683,0.0039275255470455,0.0001705687632737,0.9062158291917344,210.0,269.0,868.2548910559811,33.863263687608686,485.0621391169941,82.40205520590521,4.184951526991527,0.15155283808783807,0.023440043105043107,38.611507881914754,34.564376428319086,31.45107302508362,29.87016427082436,27.656140665311725,25.75296453952159,24.175628357504532,23.048541379874752,21.952431090790874,21.40211951236393,21.512723144244273,22.720942451978022,23.393113467303806,23.635223394733043,20.70704361119103,72.00139136092038,18.55100934757964,2.8268889267723023,0.7063349082735784,0.11619725275779776,0.08671694242294742,0.04785428234709734,0.03328822927128427,0.025406386984496983,0.024203364582824585,0.025950548229918227,0.024792649052614055,0.015646540617345616,0.014095097547082547,0.01963844698967699,0.022878793342398344,0.01598609139212639,0.015214493315203314,0.012318523487438487,0.005945374202279202,0.016430125305990306,3.1830251164394423,13762052.01601534,1901.5485475349692,0.3563,0.188,0.0,0.052364631675149764,1.12805,0.0282444444444444,0.06654491743294351,0.057125,0.0134800726532726,0.21837093037215397,0.0,0.0,0.0076444444444444,0.0656625,0.4319428571428571,0.0315888888888888,0.0,3.231665314887068,0.1283333333333333,0.0,0.0361,0.0,0.0664,0.1548666666666666,0.0927,0.1629833333333333,0.1511166666666666,0.0475,0.01524,0.0094375,0.10665,0.0095333333333333,0.4624666666666666,0.0486,0.0,0.3151,0.34596,0.0168,0.03134,0.45994,0.010575,0.01985,0.09956,0.0547571428571428,0.0557285714285714,0.0467285714285714,0.03285,0.0238428571428571,0.0373333333333333,0.0,0.0259,0.0,0.0,0.0,,,,0.0004015088225697264,0.0033333333333333335,0.4,3.5,4.3,75.0,2018.5555,2178.9592,0.75008622798516,2024-07-27 00:00:00
2024-07-26 18:15:00,77.39955555555555,1.0,0.0076082577777777,0.8749137377777777,0.0104053066666666,0.0725230577777777,0.6323397866666667,0.0037654951111111114,0.004764302222222222,0.015866,8.854217777777779e-26,8.485542222222223e-06,1.550848888888889e-05,0.00015488355555555558,3.154288888888889e-26,6.448297777777778e-06,0.0008418706666666666,0.0005718897777777777,1.1813822222222222e-07,0.06276195555555555,0.003650848888888889,0.013295555555555555,0.10050062222222222,1.2918266666666666e-05,3.989746666666667e-06,0.745,1308.5813333333333,4.027377777777778,0.04644444444444444,4.027377777777778,40.734331600000004,-111.87211,307.14644444444446,21.11111111111111,872.4986666666666,119.63964444444444,1.1866666666666668,429409.8222222222,1952.753333333333,167.05911111111112,14306307.176,0.0007083,0.0002107155555555,0.0007728133333333,6.629333333333334e-05,0.00014812,3.3235555555555555e-05,0.0014011065646297402,0.1812935111111111,2.3247897777777777,4.320616888888889,8.357060888888888,0.2499705777777777,1.1543033333333337,3.528118133333334,0.0006008444444444,0.1566474666666666,3.9320946666666665,0.0070456888888888,0.12435342222222222,0.188,0.1527921777777777,0.3756650666666667,0.0152982222222222,0.04504695522069106,0.2214291999999999,0.074344,0.0014963927703329784,0.0335000444444444,0.0609404444444444,0.0627471555555555,0.0176804,0.0015845777777777,3.94375,0.19025,0.12390441038471983,0.00825,0.00075,0.07425,0.44975,0.1955,0.0755,0.007,0.01393,0.03963631372384126,0.8581111116258778,0.22763160677091523,0.266,0.003107142857142857,0.06805176521873724,0.0007467455431266925,0.04395720053943445,0.009058706506057187,0.056524491555091885,0.46634999999999993,0.07584257382192093,0.26936891610610203,0.013022292805672589,0.005735478259726986,0.018305739708556465,0.013499999999999998,0.09923749999999999,0.20707077815557604,0.0015,0.00975,0.12443265971811196,0.149779059934587,0.010499999999999999,0.034575,0.1195288224774828,0.00925,0.015120883078608907,0.18511787717612954,0.007181495600216555,0.0036653274544406673,0.050473219972910335,0.006531520154411269,0.020749999999999998,0.0034999999999999996,0.029312054529729792,0.015901593630833485,0.00375,0.028642301745564994,0.020320563082837768,0.05825471871422223,0.010649999999999975,0.0019503226706975522,0.069277317287779,0.05896512016679689,0.025121192233245614,0.0084278711111111,0.0057806222222222,0.0259381822222222,0.00403524,0.0001502044444444,0.8549431466666666,900.0,959.0,868.0906755555555,33.54992,488.3421422222222,83.24852888888888,4.256293333333334,0.15268,0.023702222222222222,38.63760314666667,34.86680408888889,31.571982093333336,29.87212696888889,27.911850875555555,25.840427262222224,24.167946293333333,23.204660111111114,22.117509226666666,21.790937062222223,21.689279217777777,22.734162364444444,23.53089176,23.57285337777778,20.59027612,73.11764497333334,18.99395224888889,2.8410804044444444,0.7678828311111111,0.11394852888888889,0.08735775555555556,0.04391553333333333,0.03359305333333333,0.02919805333333333,0.028633284444444445,0.02327172,0.01664181333333333,0.01642446666666667,0.017106391111111112,0.018779546666666664,0.02294286666666667,0.018533511111111112,0.013730137777777778,0.012410142222222222,0.00949592,0.016351102222222223,3.320081433825052,14107739.793788826,1901.6781796643477,0.37441250000000004,0.185275,0.0,0.0494033085441705,1.1517,0.0282444444444444,0.0636641139750187,0.06230625,0.0152982222222222,0.20862273446719434,0.0,0.0,0.0076444444444444,0.061149999999999996,0.4129071428571428,0.0315888888888888,0.0,3.3626279551354434,0.1240958333333333,0.0,0.03577142857142855,0.0,0.0498,0.1588166666666666,0.08888750000000001,0.1479333333333333,0.1459791666666666,0.04691875,0.015555,0.007078124999999999,0.10890625,0.0110833333333333,0.4839083333333333,0.048584999999999996,0.0,0.327225,0.35167499999999996,0.01575,0.02861,0.46710999999999997,0.007931249999999999,0.01775625,0.10548999999999997,0.0486178571428571,0.051664285714285677,0.04367142857142852,0.03140625,0.017882142857142826,0.035949999999999975,0.0,0.025824999999999973,0.00225625,0.0,0.0,,,,0.0002575826478645061,0.0032500000000000003,0.32854343725111074,3.609129538247201,2.861694908212175,72.64328690622763,1886.8889,2110.436,1.0314026205168723,2024-07-27 00:15:00
2024-07-26 18:30:00,78.11955555555555,1.0,0.0045930355555555,0.9010816222222222,0.0093942266666666,0.0745222488888888,0.6656202,0.004769018666666667,0.004124226666666666,0.013838533333333332,6.799182222222223e-26,6.963151111111111e-06,1.3066755555555556e-05,0.000130612,2.4423200000000002e-26,4.854071111111112e-06,0.0007173075555555555,0.0004891213333333333,9.408524444444444e-08,0.05525515555555556,0.0031303955555555553,0.011819377777777777,0.08875831111111111,1.0814248888888887e-05,2.986511111111111e-06,0.745,1308.0444444444443,3.192355555555556,0.046844444444444445,3.192355555555556,40.734338,-111.87211,308.0771111111111,21.056444444444445,872.3995555555555,140.4188888888889,1.739111111111111,430702.6222222222,1952.556,177.56355555555555,14336724.906666666,0.0006493938979538,0.0001945777777777,0.0007433777777777,5.133333333333334e-05,0.0001532488888888,4.2266666666666666e-05,0.0013932198866244121,0.3716421777777777,2.9997684444444443,5.399164,8.2816276,0.2444219555555555,1.2494170666666666,3.7435653777777778,0.0011628444444444,0.1613340888888889,4.014160311111111,0.0082683111111111,0.21178035555555558,0.2192368,0.2037512888888889,0.5200167111111111,0.0214924444444444,0.04593271940892013,0.3322015111111111,0.1292907111111111,0.001522365133295557,0.0276548,0.0590546222222222,0.0385396444444444,0.0171937777777777,0.0017941333333333,3.9345,0.19216666666666668,0.14640528811565776,0.007833333333333335,0.0008333333333333333,0.07416666666666666,0.4495,0.195,0.07566666666666666,0.007,0.01262,0.05704210889485741,0.8904074077505852,0.24175440451394348,0.344,0.0030714285714285713,0.061367843479158156,0.0006074950479185474,0.05286183332612101,0.011372471004038126,0.05001632770339459,0.4702333333333333,0.06656171588128063,0.37817877345184026,0.012052483254302117,0.005395131229978958,0.013203826472370976,0.009333333333333332,0.09182499999999999,0.21771385210371735,0.0013333333333333335,0.009833333333333333,0.17520418935994872,0.163852706623058,0.009999999999999998,0.033049999999999996,0.10401921498498853,0.008499999999999999,0.014080588719072605,0.18074525145075301,0.013792458926340708,0.0036209722908112896,0.07369006546101793,0.005368355727123632,0.01483333333333333,0.003,0.0563979866490517,0.02772502081418116,0.0038333333333333336,0.022094867830376664,0.015213708721891846,0.053503145809481484,0.011766666666666651,0.0023002151137983683,0.06318487819185266,0.0529767467778646,0.04772230993536734,0.0093340044444444,0.0071296444444444,0.0273680444444444,0.0041775466666666,0.0002044177777777,0.9621143911111112,1800.0,1859.0,867.9783111111112,33.347497777777775,471.0429911111111,79.48881777777778,4.05668,0.15234666666666669,0.022533333333333332,38.72465761777778,34.876828368888894,31.556310826666667,29.484246955555555,27.53836644888889,25.31848032888889,23.465893231111114,22.46198186666667,21.147973648888886,20.665858133333337,20.53259872,21.53381347111111,21.96089048888889,21.94684685777778,19.277371977777776,68.30702179111111,18.17178502666667,2.757679248888889,0.7792224977777777,0.12478830666666665,0.0859039111111111,0.046402000000000006,0.03754586666666667,0.03166266222222222,0.026084391111111112,0.020011635555555556,0.01782733777777778,0.018439684444444444,0.01853632888888889,0.019566066666666666,0.024553831111111108,0.01834177777777778,0.012532417777777777,0.010756964444444444,0.00798016,0.014208275555555556,3.3445393395463516,14137735.335201692,1901.4818557498465,0.392525,0.18255,0.0,0.046441985413191236,1.17535,0.0282444444444444,0.06078331051709389,0.0674875,0.0214924444444444,0.19887453856223475,0.0,0.0,0.0076444444444444,0.0566375,0.39387142857142854,0.0315888888888888,0.0,3.3859984350177776,0.1198583333333333,0.0,0.035442857142857095,0.0,0.0332,0.16276666666666662,0.08507500000000001,0.1328833333333333,0.1408416666666666,0.046337500000000004,0.015870000000000002,0.00471875,0.1111625,0.0126333333333333,0.50535,0.04857,0.0,0.33935,0.35739,0.0147,0.02588,0.4742799999999999,0.0052875,0.0156625,0.11141999999999995,0.0424785714285714,0.04759999999999995,0.040614285714285644,0.029962499999999996,0.01192142857142855,0.03456666666666665,0.0,0.02574999999999995,0.0045125,0.0,0.0,,,,0.0008210834280396812,0.0031666666666666666,0.44114183783817207,4.28212935453155,3.669832515798839,73.30825189043807,1755.2222,2045.5718,1.5234556087338627,2024-07-27 00:30:00
2024-07-26 18:45:00,78.13111111111111,1.0,0.0062801511111111,0.9169911066666666,0.0091572044444444,0.0784401866666666,0.6745621733333333,0.004298892888888889,0.0034785111111111113,0.011750777777777778,5.29676888888889e-26,5.567586666666667e-06,1.075115111111111e-05,0.00010754275555555556,1.9194222222222222e-26,3.538928888888889e-06,0.0005965884444444445,0.0004083964444444444,7.293453333333332e-08,0.04733177777777778,0.0026183955555555555,0.010226297777777778,0.07626533333333334,8.838071111111112e-06,2.1686622222222225e-06,0.745,1307.9328888888888,3.6106222222222226,0.0468,3.6106222222222226,40.73434,-111.87211,308.00822222222223,21.332444444444445,872.2351111111111,135.524,1.9937777777777776,432002.0444444444,1953.6791111111115,201.52533333333332,14532854.66177778,0.0005755822222222,0.0001657688888888,0.0006877555555555,4.291111111111112e-05,0.0001260088888888,3.392148148148148e-05,0.0013853332086190841,0.3974435555555556,3.511635555555556,5.827974222222222,9.109332177777778,0.2470837777777777,1.303031511111111,2.364627422222222,0.0014112,0.1544757777777778,4.081047288888889,0.0052989333333333,0.25409862222222224,0.2375291111111111,0.0929554666666666,0.2516454666666667,0.0092372888888888,0.04681848359714921,0.1539633777777777,0.0608466222222222,0.0015483374962581354,0.0242794666666666,0.0670354666666666,0.0219050666666666,0.0232985333333333,0.0018336,3.92525,0.19408333333333333,0.09748364889229658,0.007416666666666667,0.0009166666666666666,0.07408333333333333,0.44925000000000004,0.1945,0.07583333333333334,0.007,0.01131,0.029035322638024684,0.9227037038752925,0.25587720225697175,0.422,0.0030357142857142857,0.054683921739579075,0.0004682445527104022,0.05807639798268861,0.013686235502019063,0.04350816385169729,0.47411666666666663,0.057280857940640306,0.17588501409715007,0.016156740314707145,0.006835487945230169,0.008101913236185487,0.005166666666666667,0.0844125,0.22835692605185867,0.0011666666666666668,0.009916666666666667,0.09351028427601596,0.177926353311529,0.0095,0.031525,0.08850960749249426,0.007749999999999998,0.013040294359536303,0.1763726257253765,0.005557546364978556,0.0035766171271819115,0.03633301151693317,0.004205191299835995,0.00891666666666667,0.0025000000000000005,0.022658534220962753,0.012997229382371307,0.003916666666666666,0.015547433915188334,0.010106854360945924,0.04875157290474074,0.012883333333333325,0.0026501075568991844,0.05709243909592633,0.046988373388932296,0.019569343584676165,0.0097630355555555,0.0075241155555555,0.0262524177777777,0.0042897511111111,0.0002198044444444,1.0391727377777775,2700.0,2759.0,867.7922844444444,33.728364444444445,457.77465333333333,77.08813777777777,4.017337777777778,0.15517333333333333,0.021817777777777776,38.51274876888888,34.58772625333334,31.230517226666667,29.16005496888889,27.02089372444444,24.793643626666665,22.984649302222223,21.974911355555555,20.46706618222222,19.9478288,19.74307352,20.50438368,20.918970026666667,20.85452650222222,18.211819288888886,65.18627383111111,17.640486533333334,2.7274134755555557,0.7595196177777779,0.11886791111111111,0.08159060444444445,0.04845110666666667,0.03567096,0.030501053333333337,0.027251653333333334,0.024360617777777774,0.020125875555555554,0.018498137777777778,0.019135084444444443,0.022699924444444446,0.025461791111111114,0.015823613333333333,0.015447164444444444,0.010809155555555556,0.014378044444444443,0.01908889777777778,3.3497754233950277,14331142.866361717,1902.5992218127867,0.4106375,0.179825,0.0,0.04348066228221198,1.199,0.0282444444444444,0.05790250705916907,0.07266875,0.0092372888888888,0.18912634265727513,0.0,0.0,0.0076444444444444,0.052125000000000005,0.37483571428571427,0.0315888888888888,0.0,3.3910017167231747,0.11562083333333331,0.0,0.03511428571428565,0.0,0.016600000000000004,0.1667166666666666,0.0812625,0.1178333333333333,0.1357041666666666,0.04575625,0.016185,0.0023593750000000004,0.11341875,0.014183333333333301,0.5267916666666667,0.048555,0.0,0.351475,0.363105,0.013649999999999999,0.02315,0.48144999999999993,0.0026437500000000003,0.013568750000000001,0.11734999999999993,0.0363392857142857,0.04353571428571422,0.037557142857142775,0.02851875,0.005960714285714274,0.03318333333333333,0.0,0.025674999999999927,0.0067687500000000005,0.0,0.0,,,,0.0013845842082148563,0.0030833333333333333,0.4564043238938681,4.7924958131353455,3.9911329611158473,73.31892416796244,1623.5555,1972.1094,1.6418042261673391,2024-07-27 00:45:00
2024-07-26 19:00:00,79.39644444444444,1.0,0.0055091555555555,0.9263978349910011,0.0086968295325706,0.0770977725320314,0.6689889022222222,0.0036650591111111112,0.0028436311111111113,0.009651115555555556,4.161537777777778e-26,4.321591111111111e-06,8.61188e-06,8.614484444444444e-05,1.5217955555555557e-26,2.489777777777778e-06,0.00048257155555555555,0.00033171822222222223,5.483844444444444e-08,0.03914071111111111,0.0021281066666666666,0.008534688888888888,0.06322524444444444,7.027368888888889e-06,1.5243111111111112e-06,0.745,1309.0991111111111,3.225911111111111,0.04995555555555556,3.225911111111111,40.73434,-111.87211,308.6428888888889,20.597777777777775,872.0760000000001,140.1884,1.336888888888889,430191.6444444445,1953.8062222222225,183.9555555555556,14274433.072444446,0.0006232222222222,0.0002045511111111,0.0006975244444444,6.636444444444445e-05,0.0001173377777777,2.5576296296296296e-05,0.0013774465306137561,0.2384990666666667,2.724633333333333,5.034396,7.987449644444444,0.244651511111111,1.171454711111111,1.9949747111111111,0.0009412888888888,0.1463647555555555,3.9877623555555552,0.0052488,0.17169488888888887,0.2218368444444444,0.0651853333333333,0.2029523111111112,0.0115053333333333,0.04770424778537828,0.1111214666666666,0.0391686222222222,0.0015743098592207138,0.0236956444444444,0.0473001777777777,0.0265961333333333,0.0153771555555555,0.0015641777777777,3.916,0.196,0.086,0.007,0.001,0.074,0.449,0.194,0.076,0.007,0.01,0.023,0.955,0.27,0.5,0.003,0.048,0.00032899405750225674,0.04,0.016,0.037,0.478,0.048,0.157,0.002,0.003,0.003,0.001,0.077,0.239,0.001,0.01,0.074,0.192,0.009,0.03,0.073,0.007,0.012,0.172,0.004,0.003532261963552534,0.027,0.00304202687254836,0.003,0.002,0.012,0.009,0.004,0.009,0.005,0.044,0.014,0.003,0.051,0.041,0.01,0.0097650844444444,0.00714472,0.0269666577777777,0.0045135955555555,0.0002678977777777,1.249711577777778,3600.0,3659.0,867.6103111111112,34.734702222222225,463.1524044444444,78.37488444444445,4.061368888888889,0.15441777777777776,0.022266666666666664,38.32673157333333,34.39678196,30.910333493333333,28.983891533333335,27.164993395555555,24.897375475555556,23.267526413333332,22.187549128888886,20.91007736888889,20.259629977777777,20.057238462222223,20.87367904888889,21.457787693333334,21.379483453333332,18.682900800000002,67.30403184000001,18.04744935111111,2.742855471111111,0.7613924488888889,0.11374665777777777,0.09166232,0.04707552,0.03695335111111111,0.03229018222222222,0.023087857777777776,0.019544866666666667,0.016978128888888888,0.01767106222222222,0.017992884444444447,0.01954896,0.031201502222222222,0.01843796,0.01497591111111111,0.012388377777777777,0.011951159999999999,0.015154453333333335,3.2476456838549104,14076308.093519144,1902.725682712668,0.42875,0.1771,0.0,0.040519339151232715,1.22265,0.0282444444444444,0.05502170360124426,0.07785,0.0115053333333333,0.1793781467523155,0.0,0.0,0.0076444444444444,0.0476125,0.3558,0.0315888888888888,0.0,3.29341277961186,0.1113833333333333,0.0,0.0347857142857142,0.0,0.0,0.1706666666666666,0.07745,0.1027833333333333,0.1305666666666666,0.045175,0.0165,0.0,0.115675,0.0157333333333333,0.5482333333333334,0.04854,0.0,0.3636,0.36882,0.0126,0.02042,0.4886199999999999,0.0,0.011475,0.1232799999999999,0.0302,0.0394714285714285,0.0344999999999999,0.027075,0.0,0.0318,0.0,0.0255999999999999,0.009025,0.0,0.0,,,,0.0019209710315379433,0.003,0.36238267643805805,4.5,4.4,74.0,1491.8889,1890.45,1.7222158872571134,2024-07-27 01:00:00
2024-07-26 19:15:00,78.62933333333334,1.0,0.0091333822222222,0.9145923639903001,0.008637282563106072,0.07611193069797867,0.8876152399999999,0.0029375315555555553,0.0022391244444444442,0.0076071111111111105,3.2774355555555555e-26,3.238755555555556e-06,6.6854533333333335e-06,6.685946666666667e-05,1.2097515555555557e-26,1.682248888888889e-06,0.00037790266666666664,0.0002610302222222222,3.9801999999999995e-08,0.030929644444444446,0.0016730044444444444,0.006787133333333333,0.05001017777777778,5.412706666666667e-06,1.0340426666666665e-06,0.745,1309.1960000000001,2.665511111111111,0.0504,2.665511111111111,40.73434,-111.87211,308.85488888888887,20.312,872.0519999999999,134.91826666666668,1.1960000000000002,430180.6666666667,1952.9666666666667,175.94222222222223,14220927.165333332,0.0008079466666666,0.0002993288888888,0.0008193511111111,9.145777777777776e-05,0.0001414888888888,1.723111111111111e-05,0.001369559852608428,0.1725308444444444,2.559559111111111,4.739786222222223,7.974780088888889,0.2512747111111111,1.3670593777777778,2.953026133333333,0.0018034666666666,0.1622562666666666,4.145044577777778,0.0071425777777777,0.1862992,0.2593117777777777,0.0959087555555555,0.2906368444444445,0.0117531111111111,0.048590011973607364,0.1606056888888889,0.0522169777777777,0.0016002822221832923,0.0343922666666666,0.0512798222222222,0.0640952444444444,0.0198445777777777,0.0023930222222222,3.9150833333333335,0.19341666666666668,0.09878766677534276,0.006833333333333334,0.0009166666666666666,0.07391666666666666,0.44875,0.19391666666666668,0.08058333333333333,0.007,0.01415,0.030079037493320953,1.0244078846309705,0.35469233686960666,0.45089999999999997,0.0031666666666666666,0.09618786329517504,0.0003849112193770687,0.06428595362800002,0.013686235502019063,0.04662587687890726,0.615525,0.09169619145239247,0.20527606308756613,0.008054187332690716,0.003991960742483668,0.010833153930085843,0.00125,0.10079375,0.3274415713559934,0.001,0.009916666666666667,0.09655473005931114,0.2653340773436446,0.00925,0.03739642857142855,0.09967301078677714,0.007166666666666667,0.013194439028904298,0.2193118042748009,0.004519262875647433,0.003487906799923156,0.03772517810805831,0.00304202687254836,0.0032500000000000003,0.002,0.01840455870706087,0.011140303450976701,0.003916666666666666,0.0194542786541373,0.013977551888636645,0.056036607538924914,0.01500416666666665,0.002916666666666667,0.07605666750613568,0.06039775015423424,0.016019729679269713,0.0101097777777777,0.0089466844444444,0.0337615111111111,0.00482976,0.0003068222222222,1.286061231111111,4500.0,4559.0,867.5618577777778,34.96608,467.7392577777778,79.44089333333334,4.072924444444444,0.15304888888888887,0.022577777777777776,37.80515771555555,34.276747391111115,30.822593044444442,28.94149161777778,27.13064608888889,25.09109545777778,23.30308037777778,22.16672908888889,21.13891152,20.483094524444443,20.518813457777778,21.384856071111113,22.026195044444446,21.813466542222223,19.14773383555556,69.37757128444444,18.231836302222224,2.8082540533333336,0.7653460133333334,0.10606655555555555,0.08655881777777778,0.04202299555555555,0.03313799111111111,0.025600146666666667,0.02512911111111111,0.02061505777777778,0.01934249777777778,0.014788991111111111,0.01563568888888889,0.024677928888888888,0.023950235555555553,0.016794582222222226,0.018275391111111112,0.008348244444444446,0.00936676,0.015306471111111112,3.3978005736249646,14023544.832835035,1901.8904217340794,0.49895,0.208725,0.0,0.05135955971568608,1.2983500000000001,0.0282444444444444,0.06556717382030075,0.06113125,0.0117531111111111,0.21506239633987034,0.0,0.0,0.0076444444444444,0.060971875,0.42548214285714286,0.0315888888888888,0.0,3.436891615068698,0.13450416666666665,0.0,0.040985714285714195,0.0,0.02014166666666665,0.19180833333333328,0.09355416666666666,0.1285041666666666,0.16317499999999996,0.048275,0.019025,0.002446875,0.1298,0.016304166666666627,0.6682,0.05176499999999998,0.0,0.40678749999999997,0.39233999999999997,0.016025,0.029375,0.545005,0.003875,0.01649375,0.16630499999999993,0.04273214285714285,0.046792857142857074,0.0400857142857142,0.032634375,0.0058892857142857,0.040908333333333324,0.037183333333333325,0.0265124999999999,0.0067687500000000005,0.0,0.0,,,,0.0024573578548610303,0.005,0.3233599901126443,3.8432105929608307,3.175771594083341,73.77906351814757,1360.2222,1801.3735,1.7558420512929498,2024-07-27 01:15:00
2024-07-26 19:30:00,76.56133333333334,1.0,0.0156172507936507,0.902786892989599,0.008577735593641543,0.07512608886392594,1.1086426130158729,0.0022476031111111116,0.00168584,0.0057014088888888885,2.5688133333333336e-26,2.3223155555555558e-06,4.9918311111111105e-06,4.992337777777778e-05,9.57903111111111e-27,1.0823493333333332e-06,0.000284584,0.00019781066666666667,2.76496e-08,0.023057111111111108,0.0012645497777777777,0.0050547955555555555,0.037195822222222216,4.009462222222222e-06,6.730631111111111e-07,0.745,1309.286222222222,3.2528444444444444,0.05266666666666667,3.2528444444444444,40.73434,-111.87211,307.98199999999997,20.974222222222224,871.9533333333334,123.98217777777776,1.092888888888889,431286.7111111111,1952.9417777777776,187.6488888888889,14386966.613777775,0.00092426,0.0002788495238095,0.0008981187301587,0.0001023698412698,0.0001391834920634,2.2873650793650797e-05,0.0013616731746031,0.1453005333333333,2.8936204444444447,4.875975111111111,9.682496755555556,0.2594815555555556,1.4737128444444445,3.0704428000000004,0.0019072888888888,0.1805764888888889,4.264593333333333,0.0080845777777777,0.2702424,0.2899940888888889,0.1133389333333333,0.3020511555555556,0.0116651555555555,0.04947577616183643,0.1755836444444444,0.0643161777777777,0.0016262545851458707,0.0383681777777777,0.0757380888888889,0.0800591111111111,0.0260145333333333,0.0042874222222222,3.9141666666666666,0.19083333333333335,0.10648392148730484,0.006666666666666667,0.0008333333333333334,0.07383333333333333,0.4485,0.19383333333333333,0.08516666666666667,0.007,0.018299999999999997,0.03243254284014974,1.0938157692619412,0.43938467373921336,0.4018,0.0033333333333333335,0.14437572659035008,0.00044082838125188064,0.0730325190089391,0.011372471004038126,0.056251753757814535,0.75305,0.13539238290478495,0.21387998006045433,0.02063218134707276,0.008406108754259727,0.018666307860171687,0.0015,0.12458749999999999,0.4158831427119868,0.001,0.009833333333333333,0.10341974629699006,0.3386681546872892,0.0095,0.0447928571428571,0.1263460215735543,0.007333333333333333,0.014388878057808595,0.26662360854960176,0.005974989084877573,0.0034435516362937785,0.04086441819768928,0.00304202687254836,0.0035,0.002,0.024368848530257038,0.013743807960782246,0.0038333333333333336,0.029908557308274596,0.022955103777273292,0.06807321507784983,0.0160083333333333,0.0028333333333333335,0.10111333501227135,0.07979550030846846,0.02099646873738259,0.0099168444444444,0.0102876428571428,0.039951405079365,0.0048290225396825,0.0002694422222222,1.2366631663492065,5400.0,5459.0,867.4484444444444,34.90600444444444,489.5544444444444,84.42028444444445,4.335106666666666,0.15323111111111112,0.024306666666666667,37.92548952888889,34.35020332,31.336642382222223,29.393735791111112,27.736703493333334,25.786899724444442,24.086804733333334,23.04176756,22.04424453777778,21.685776297777775,21.814811715555553,22.739214133333334,23.635074195555553,23.49710628,20.647769288888888,75.62929510666666,19.929411395555558,2.958267026666667,0.7959573155555556,0.11263297777777778,0.08281649333333332,0.04582875111111111,0.036080013333333334,0.026884577777777776,0.026000484444444447,0.01835772,0.021184902222222225,0.01827758222222222,0.016272555555555554,0.018744004444444445,0.026472115555555557,0.015688493333333334,0.01460552,0.01122147111111111,0.00989359111111111,0.018312244444444445,3.499761613074849,14187279.70203231,1901.865660159277,0.56915,0.24035,0.0,0.062199780280139436,1.37405,0.0282444444444444,0.07611264403935725,0.0444125,0.0116651555555555,0.2507466459274252,0.0,0.0,0.0076444444444444,0.07433125,0.4951642857142857,0.0315888888888888,0.0,3.5343193526844443,0.15762499999999996,0.0,0.0471857142857142,0.0,0.0402833333333333,0.21294999999999997,0.1096583333333333,0.15422499999999995,0.1957833333333333,0.051375000000000004,0.02155,0.00489375,0.143925,0.016874999999999953,0.7881666666666667,0.05498999999999995,0.0,0.449975,0.41586,0.019450000000000002,0.03833,0.60139,0.00775,0.021512500000000004,0.20932999999999996,0.055264285714285696,0.05411428571428564,0.0456714285714285,0.03819375,0.0117785714285714,0.050016666666666654,0.07436666666666665,0.0274249999999999,0.0045125,0.0,0.0,,,,0.002993744678184118,0.007,0.3072522362087599,4.176292551048945,3.277815688136098,71.86913631349869,1228.5555,1706.0394,1.7773939394152407,2024-07-27 01:30:00
2024-07-26 19:45:00,75.73511111111111,1.0,0.0182427031746031,0.8909814219888981,0.008518188624177015,0.07414024702987321,1.200090642857143,0.0014195714222222224,0.0012042724444444445,0.004028764444444445,1.98828e-26,1.5715613333333334e-06,3.5431377777777776e-06,3.548782222222222e-05,7.481284444444444e-27,6.564546666666667e-07,0.00020412888888888888,0.00014307364444444444,1.816417777777778e-08,0.016012000000000002,0.0009117293333333334,0.003455786666666667,0.025613511111111112,2.8256044444444442e-06,4.1713866666666667e-07,0.745,1309.6475555555555,3.4770222222222222,0.05026666666666667,3.4770222222222222,40.73434,-111.87211,306.70955555555554,21.999111111111112,871.8399999999999,115.79746666666666,1.4124444444444444,433708.0,1955.1417777777776,203.21244444444443,14891949.872,0.0009529352380952,0.000260698095238,0.0009015895238095,0.000113646031746,0.0001515473015873,9.265904761904762e-05,0.0015259889110889,0.1393223288888889,3.439310666666666,5.264408444444444,11.673515574490324,0.2602506158748658,1.5987113385133385,2.9597325286028786,0.0019674998871498,0.2003810279442779,4.528889051539201,0.0066096766252266,0.5382315251211751,0.3347242032504532,0.1022569157065157,0.2501623385614386,0.0092131008436008,0.0503615403500655,0.140798652077552,0.0578571223276723,0.001652226948108449,0.0524790707847707,0.1084053992821993,0.1087294746568246,0.0199839533651533,0.005121685046435,3.9132499999999997,0.18825,0.10159068221769851,0.006500000000000001,0.00075,0.07375,0.44825000000000004,0.19375,0.08975,0.007,0.022449999999999998,0.026966732421549944,1.1632236538929117,0.5240770106088201,0.3527,0.0035,0.19256358988552508,0.0004967455431266925,0.0857836728690088,0.009058706506057187,0.0658776306367218,0.890575,0.1790885743571774,0.17476705691573788,0.03743178698523537,0.014301798141734809,0.02649946179025753,0.00175,0.14838125,0.5043247140679802,0.001,0.00975,0.08747634624212208,0.41200223203093383,0.00975,0.052189285714285646,0.15301903236033143,0.0075,0.015583317086712893,0.3139354128244027,0.005197861976838264,0.0033991964726644004,0.03357380752985665,0.00304202687254836,0.00375,0.002,0.021184862920586696,0.012353949127683075,0.00375,0.0403628359624119,0.031932655665909936,0.08010982261677474,0.01701249999999995,0.00275,0.12617000251840704,0.0991932504627027,0.018339678739940083,0.0100938088888888,0.0118842307936507,0.0388167952380952,0.0049706768253968,0.0002625146031746,0.9849712333333334,6300.0,6359.0,867.3165822222222,34.65065333333334,489.0723422222222,83.90594222222222,4.35636,0.1548488888888889,0.02427111111111111,39.24151505333334,35.186807262222224,32.05645997777778,29.868331364444444,28.041979804444445,25.99485208,24.206866586666667,22.95628590666667,21.983190426666667,21.30484461777778,21.30367927111111,22.37281516888889,22.989898755555554,23.039566408888888,20.31224875111111,74.07111919555555,19.784795137777778,2.9973894800000003,0.8013312355555555,0.12717486666666666,0.09006738222222221,0.05272514222222222,0.03711748888888889,0.02914985333333333,0.02540992,0.020539751111111112,0.016320084444444445,0.017690226666666666,0.01404515111111111,0.020613515555555555,0.030122888888888887,0.01826323111111111,0.01604096,0.012241022222222222,0.009425924444444445,0.021453168888888888,3.6549506475329805,14685253.93951899,1904.0544065033814,0.6393500000000001,0.27197499999999997,0.0,0.0730400008445928,1.4497499999999999,0.0282444444444444,0.08665811425841374,0.027693750000000003,0.0092131008436008,0.28643089551498,0.0,0.0,0.0076444444444444,0.087690625,0.5648464285714285,0.0315888888888888,0.0,3.682608509126984,0.18074583333333327,0.0,0.0533857142857142,0.0,0.06042499999999995,0.23409166666666664,0.12576249999999994,0.17994583333333328,0.22839166666666666,0.054475,0.024075,0.007340625,0.15805,0.017445833333333275,0.9081333333333333,0.05821499999999992,0.0,0.4931625,0.43938,0.022875,0.047285,0.657775,0.011625,0.026531250000000003,0.25235499999999994,0.06779642857142855,0.06143571428571422,0.0512571428571428,0.043753125000000004,0.0176678571428571,0.059124999999999976,0.11154999999999998,0.0283374999999999,0.0022562499999999996,0.0,0.0,,,,0.009034101619210522,0.009000000000000001,0.3037159032750195,4.720382960776049,3.568862394833525,71.10606847050657,1096.8889,1605.9606,1.5570097070719333,2024-07-27 01:45:00
2024-07-26 20:00:00,74.97466666666666,1.0,0.0278180622222222,0.879175950988197,0.008458641654712485,0.07315440519582048,1.3349602444444442,0.0009327666222222222,0.0008016515555555556,0.002642648888888889,1.4919111111111112e-26,9.760808888888888e-07,2.3290977777777776e-06,2.3432044444444444e-05,5.6657644444444444e-27,3.680413333333333e-07,0.00013626746666666666,9.649142222222223e-05,1.1004937777777778e-08,0.010191062222222222,0.0006135208888888889,0.0021170844444444448,0.016024760000000002,1.8486355555555554e-06,2.415631111111111e-07,0.745,1309.0515555555555,3.918311111111111,0.05564444444444445,3.918311111111111,40.73434,-111.87211,305.7846666666666,22.732444444444447,871.7106666666666,115.59186666666666,1.1853333333333333,434476.8000000001,1955.6404444444445,198.87555555555556,14859372.816888887,0.0009204977777777,0.0001862444444444,0.0009170088888888,0.0001323333333333,0.0001244088888888,0.0001444888888888,0.0023974311111111,0.0935673618979169,3.5061588939393937,5.280848203370703,9.58575949907315,0.2599663801735302,1.5902745183945683,3.101349659029859,0.0015962423317423,0.2006750168794168,4.564124838319088,0.0062915005124505,0.43032593106153105,0.3418693948218448,0.0685472522385022,0.2296542744274245,0.0036811951992452,0.05124730453829458,0.1254180744089244,0.0541598275354275,0.0016781993110710275,0.0363947607540607,0.1251767914807414,0.0518628638602138,0.0245483817367817,0.0053430969937469,3.912333333333333,0.18566666666666667,0.1814183394361581,0.006333333333333333,0.0006666666666666668,0.07366666666666666,0.448,0.19366666666666668,0.09433333333333334,0.007,0.0266,0.024549962546237813,1.2326315385238824,0.6087693474784267,0.3036,0.0036666666666666666,0.24075145318070013,0.0005526627050015045,0.08782054307126287,0.00674494200807625,0.07550350751562906,1.0281,0.22278476580956985,0.15930842087838995,0.046056701970466636,0.017328644178572154,0.03433261572034338,0.002,0.172175,0.5927662854239736,0.001,0.009666666666666667,0.08042679164514331,0.48533630937457845,0.01,0.0595857142857142,0.17969204314710857,0.007666666666666666,0.01677775611561719,0.3612472170992036,0.0047530186043573674,0.0033548413090350227,0.030350181592394866,0.00304202687254836,0.004,0.002,0.019362284758167543,0.011558365645660306,0.0036666666666666666,0.0508171146165492,0.04091020755454658,0.09214643015569966,0.0180166666666666,0.0026666666666666666,0.1512266700245427,0.11859100061693695,0.016818878075274483,0.0102479066666666,0.0123234177777777,0.0399855733333333,0.004888,0.0003111333333333,0.9004623022222222,7200.0,7259.0,867.1812088888889,34.475159999999995,488.1832533333333,83.77365777777777,4.317906666666667,0.15388444444444443,0.024244444444444447,39.28236932444444,35.28627954666667,31.828630751111113,29.90547335111111,27.9494722,25.873626568888888,23.986737546666667,23.124153715555554,21.84357994666667,21.319560173333336,21.275496097777776,22.11285020888889,22.812362684444444,22.79136832888889,20.17327103555556,74.20993685777778,20.064923253333337,2.9892032444444445,0.8137204444444445,0.12106979111111112,0.08546640444444444,0.04893832,0.037263257777777774,0.03145044,0.023281426666666667,0.020018737777777778,0.01841990222222222,0.019063515555555556,0.01854176888888889,0.019286106666666667,0.02716314666666667,0.016309582222222223,0.015008324444444445,0.009883382222222221,0.009828386666666666,0.019332382222222222,3.6781753802097685,14653129.044456868,1904.5505223413786,0.70955,0.3036,0.0,0.08388022140904616,1.52545,0.0282444444444444,0.09720358447747023,0.010975,0.0036811951992452,0.32211514510253486,0.0,0.0,0.0076444444444444,0.10105,0.6345285714285714,0.0315888888888888,0.0,3.704800644217389,0.2038666666666666,0.0,0.0595857142857142,0.0,0.0805666666666666,0.2552333333333333,0.1418666666666666,0.2056666666666666,0.261,0.057575,0.0266,0.0097875,0.172175,0.0180166666666666,1.0281,0.0614399999999999,0.0,0.53635,0.4629,0.0263,0.05624,0.71416,0.0155,0.03155,0.29538,0.0803285714285714,0.0687571428571428,0.0568428571428571,0.0493125,0.0235571428571428,0.0682333333333333,0.1487333333333333,0.0292499999999999,0.0,0.0,0.0,,,,0.012135219956087288,0.011,0.2766501181958986,6.3,6.5,65.0,965.22223,1502.9542,1.5203502262351658,2024-07-27 02:00:00
2024-07-26 20:15:00,72.90799999999999,1.0,0.0263136142857142,0.867370479987496,0.008399094685247957,0.07216856336176775,1.0682005047619048,0.0005821922666666667,0.00047627288888888884,0.0015471462222222223,1.0534471111111112e-26,5.307124444444444e-07,1.3512093333333332e-06,1.3708742222222222e-05,4.032515555555556e-27,1.8532506666666668e-07,8.077204444444444e-05,5.7882577777777776e-05,5.892337777777777e-09,0.005749275555555555,0.0003676244444444444,0.0011265315555555556,0.008816275555555557,1.0716053333333333e-06,1.264068888888889e-07,0.745,1308.2564444444445,3.462888888888889,0.05382222222222222,3.462888888888889,40.73434,-111.87211,305.06777777777774,23.168,871.616,113.23662222222222,0.9884444444444445,435451.6,1956.486222222222,259.0693333333333,14713019.807555556,0.0008731809523809,0.0001161761904761,0.0008544047619047,0.0001650714285714,0.000105838095238,0.0006283047619047,0.0050998,0.0904029334646834,5.254659194120695,7.254316121508121,14.334693333333332,0.2621680888888889,1.5936760888888888,3.606201511111111,0.0017021333333333,0.2002214666666666,4.5480160000000005,0.0070857333333333,0.39132755555555554,0.3456578222222222,0.1046953777777777,0.2820240444444445,0.0064821777777777,0.05213306872652365,0.1574192,0.0647586666666666,0.001704171674033606,0.0296825333333333,0.1023412444444444,0.0494646222222222,0.0226382222222222,0.0057868888888888,3.9114166666666668,0.18308333333333335,0.1026673795093244,0.006166666666666667,0.0005833333333333334,0.07358333333333333,0.44775,0.19358333333333333,0.09891666666666667,0.007,0.024755,0.029578340411546736,1.2598874400097397,0.5687677501688533,0.278625,0.0038333333333333336,0.5299649574717475,0.0006085798668763164,0.08890050500204266,0.00674494200807625,0.0697559118525255,1.0453083333333333,0.2095375484266005,0.19878387837464415,0.03431321344561821,0.01320735930087209,0.03449898571185,0.0022500000000000003,0.1623375,0.49805474105726466,0.001,0.009583333333333333,0.09509423046827771,0.43954848919233125,0.010249999999999999,0.05356428571428565,0.15509855568660721,0.007833333333333333,0.016574064945380912,0.3068149969164888,0.0060282275364155835,0.0033104861454056446,0.03705731969253154,0.00304202687254836,0.00425,0.002,0.0245869730324454,0.013839022670660676,0.0035833333333333333,0.04883945623752788,0.03845635413745917,0.0885232126477762,0.01552499999999995,0.0025833333333333333,0.14847969017747006,0.11282724138358005,0.02117847678222145,0.0097709857142857,0.0107149,0.0351329904761904,0.0045880428571428,0.0002301999999999,0.7245609142857142,8100.0,8159.0,867.09884,34.10167555555555,494.5106666666667,85.25274666666668,4.393311111111111,0.15380444444444444,0.024853333333333335,39.33694605777778,35.49993076444445,32.037077026666665,30.17164653777778,28.179086191111114,26.113672435555554,24.31573984,23.35945971111111,22.11457166222222,21.783159635555556,21.456294493333335,22.338723022222222,23.00804725777778,23.06235280888889,20.31287880888889,76.30950968,20.61116700888889,3.126193391111111,0.8165974844444445,0.11791656888888888,0.0946346,0.05164880888888889,0.03921776444444445,0.03217028444444445,0.02407345333333333,0.02242960888888889,0.02071000888888889,0.01643772,0.017884804444444444,0.018052133333333335,0.03321565333333334,0.0179372,0.017153484444444443,0.009227226666666666,0.008475595555555555,0.016361137777777778,3.7792112649333567,14508807.372322196,1905.3919737136675,0.6738,0.278625,0.0,0.08190563559150388,1.5520749999999999,0.0282444444444444,0.09528268851321792,0.02715,0.0064821777777777,0.3156151285460196,0.0,0.0,0.0076444444444444,0.09665,0.6218357142857143,0.0315888888888888,0.0,3.801344360520545,0.19676249999999995,0.0,0.05356428571428565,0.0,0.07403749999999995,0.245575,0.13658333333333328,0.18215833333333328,0.2570208333333333,0.0563,0.024755,0.009671875,0.1623375,0.01552499999999995,1.0453083333333333,0.05940499999999992,0.0,0.507375,0.42584,0.027245,0.05477,0.65341,0.015575,0.03113125,0.6365149999999999,0.07723571428571425,0.06372142857142853,0.0522428571428571,0.050621875000000004,0.021978571428571375,0.06589583333333329,0.15771249999999998,0.028037499999999927,0.0,0.0,0.0,,,,0.007912807600061866,0.013000000000000001,0.2747782396763696,6.530409389466079,5.059867482041912,68.49505472694938,833.55554,1399.0632,1.5836603780428096,2024-07-27 02:15:00
2024-07-26 20:30:00,70.636,1.0,0.0310894311111111,0.8555650089867949,0.008339547715783428,0.07118272152771501,1.0898380666666667,0.0003056661777777778,0.0002269212888888889,0.0007234893333333334,6.594262222222221e-27,2.3200617777777779e-07,6.302648888888889e-07,6.4638355555555555e-06,2.5139333333333332e-27,7.97732e-08,3.85304e-05,2.796063111111111e-05,2.580528888888889e-09,0.00256412,0.000177198,0.00046649537777777774,0.0038056022222222223,5.012177777777778e-07,5.613457777777778e-08,0.745,1308.7142222222221,2.631377777777778,0.051866666666666665,2.631377777777778,40.73434,-111.87211,304.10155555555554,23.916,871.5471111111111,109.83826666666667,0.9395555555555556,440127.6444444445,1960.6253333333332,321.48977777777776,14722382.102666669,0.0008540622222222,0.0001288,0.00090524,0.0002061955555555,0.0001606755555555,0.0011924933333333,0.0076332177777777,0.0940689066666666,6.584240888888889,8.360557333333334,12.574564399999998,0.2688021333333333,1.7797348444444443,4.186553377777778,0.0020651111111111,0.21576,4.836477422222222,0.0081509777777777,0.47544071111111114,0.3766872,0.1584392444444444,0.3710978222222223,0.0220920888888888,0.053018832914752734,0.2290740888888889,0.0951734666666666,0.0017301440369961844,0.0316377777777777,0.1046827999999999,0.0570527111111111,0.0228829333333333,0.0068531555555555,3.9105,0.1805,0.12639785961950087,0.006,0.0005,0.0735,0.4475,0.1935,0.10350000000000001,0.007,0.02291,0.04083756490990441,1.287143341495597,0.52876615285928,0.25365,0.004,0.819178461762795,0.0006644970287511284,0.09774600821333458,0.00674494200807625,0.06400831618942192,1.0625166666666666,0.19629033104363117,0.2659262035663473,0.03551739001967851,0.01362995559278778,0.03466535570335662,0.0025,0.1525,0.40334319669055574,0.001,0.0095,0.12793662834472522,0.393760669010084,0.010499999999999999,0.047542857142857095,0.13050506822610583,0.008,0.01637037377514463,0.25238277673377396,0.009687611752602838,0.003266130981776267,0.052075517535602266,0.00304202687254836,0.0045000000000000005,0.002,0.039579921501314966,0.02038367595061585,0.0035,0.04686179785850657,0.03600250072037176,0.08489999513985275,0.0130333333333333,0.0025,0.14573271033039742,0.10706348215022314,0.0336889339285362,0.00953524,0.0106869777777777,0.0376855733333333,0.0049665333333333,0.0002050711111111,0.6308365111111112,9000.0,9059.0,867.0192577777779,33.62323111111111,514.3338266666667,88.99458222222223,4.600937777777777,0.15419999999999998,0.02611111111111111,41.27281816888889,36.837869946666665,33.357832395555555,31.327526897777776,29.24598723111111,27.10345399111111,25.177464635555555,24.244635742222222,22.904181426666664,22.532481488888887,22.309577924444444,23.214578515555555,23.691935377777778,23.484503817777775,20.974661488888888,80.0468615111111,21.74439247111111,3.3545429600000003,0.9019519644444445,0.12998158222222223,0.11130825777777777,0.056566453333333336,0.040611577777777776,0.03772793777777778,0.022655386666666666,0.02240556888888889,0.021875253333333334,0.01637185777777778,0.020885835555555555,0.022666444444444444,0.030295382222222222,0.01721964888888889,0.01972926666666667,0.008853666666666668,0.010922351111111112,0.016530822222222224,3.8763171526097184,14518039.721500453,1909.5099120374339,0.63805,0.25365,0.0,0.07993104977396161,1.5787,0.0282444444444444,0.0933617925489656,0.043325,0.0220920888888888,0.30911511198950425,0.0,0.0,0.0076444444444444,0.09225,0.6091428571428571,0.0315888888888888,0.0,3.89413281184,0.18965833333333332,0.0,0.047542857142857095,0.0,0.06750833333333331,0.23591666666666666,0.13129999999999997,0.15864999999999996,0.25304166666666666,0.055025000000000004,0.02291,0.009556249999999999,0.1525,0.0130333333333333,1.0625166666666666,0.05736999999999995,0.0,0.4784,0.38878,0.02819,0.0533,0.59266,0.01565,0.0307125,0.97765,0.0741428571428571,0.058685714285714244,0.0476428571428571,0.05193125,0.020399999999999953,0.0635583333333333,0.16669166666666665,0.026824999999999953,0.0,0.0,0.0,,,,0.008345773497238848,0.015,0.2769468008035205,7.856093119194862,5.88875582370852,66.3967207767742,701.88892,1296.4523,1.7249978993994166,2024-07-27 02:30:00
2024-07-26 20:45:00,61.29777777777778,1.0,0.0564084863492063,0.8437595379860938,0.0082800007463189,0.07019687969366228,1.4785783431746031,0.00011664991555555555,6.89369911111111e-05,0.0002114781777777778,2.9315044444444443e-27,6.968776444444443e-08,1.961598222222222e-07,2.0234906666666666e-06,1.137728e-27,2.6403097777777776e-08,1.2061875555555556e-05,8.843688888888889e-06,7.967422222222223e-10,0.0006906560444444444,5.5542773333333336e-05,0.00011138467555555555,0.0009745652444444444,1.5645639999999998e-07,1.8636751111111112e-08,0.745,1309.2813333333334,3.1659555555555556,0.052577777777777786,3.1659555555555556,40.73434,-111.87211,302.6722222222222,26.58977777777778,871.5128888888888,115.7472,1.3404444444444445,442940.0888888888,1972.7102222222225,259.21288888888887,15573778.667555556,0.0007475279365079,0.0001421355555555,0.0014814488888888,0.0002254514285714,0.0003139933333333,0.0020430415873015,0.0039055765079365,0.1281128933333333,6.087830222222223,7.972874222222222,14.892559333333333,0.4398944444444445,2.279806133333333,6.272399066666667,0.0033891111111111,0.3234597777777778,5.925796311111111,0.0115478666666666,2.0466444,0.6177877777777778,0.1673347111111111,0.4625628444444445,0.0180450222222222,0.0539045971029818,0.2920222222222222,0.1197804888888889,0.001756116399958763,0.0507431555555555,0.3441939555555555,0.0900094222222222,0.0248776888888888,0.0100533777777777,3.909583333333333,0.17791666666666667,0.13032563236635827,0.005833333333333334,0.00041666666666666675,0.07341666666666666,0.44725000000000004,0.19341666666666668,0.10808333333333334,0.007,0.021065,0.050728685752357526,1.3143992429814546,0.4887645555497066,0.228675,0.004166666666666667,1.1083919660538424,0.0007204141906259403,0.16647622737051693,0.00674494200807625,0.05826072052631835,1.0797249999999998,0.18304311366066184,0.3348710088605817,0.15868923706889024,0.056856145964430636,0.034831725694863244,0.00275,0.1426625,0.3086316523238468,0.001,0.009416666666666667,0.15678836020239018,0.34797284882783674,0.01075,0.04152142857142855,0.10591158076560447,0.008166666666666666,0.01616668260490835,0.19795055655105914,0.01264822792391974,0.0032217758181468893,0.065268860445085,0.00304202687254836,0.00475,0.002,0.051709931106839496,0.02567861225454016,0.003416666666666667,0.044884139479485254,0.03354864730328436,0.08127677763192928,0.01054166666666665,0.002416666666666667,0.14298573048332475,0.10129972291686623,0.04381048978323611,0.007451105079365,0.0116108165079365,0.0426448599999999,0.0061291869841269,0.0004567857142857,0.5031298587301587,9900.0,9959.0,866.9944622222223,33.35801777777778,551.4113155555556,97.18724444444446,5.036617777777778,0.15480888888888888,0.028875555555555554,42.09080551111111,37.792943720000004,34.40425296,32.474955333333334,30.541049871111113,28.43543592,26.51082694666667,25.90406252888889,24.738260173333334,24.279909275555553,24.327221706666666,25.304029,25.90709876888889,25.813229022222224,23.019214591111112,89.94325256444445,24.602512782222224,3.76804508,0.9025419600000001,0.13522692444444445,0.12320387111111113,0.07062113777777777,0.040444346666666665,0.03285657777777778,0.02584372,0.025259355555555554,0.02137423111111111,0.023302746666666665,0.021583986666666666,0.023045577777777777,0.0332582,0.015033342222222223,0.01723728888888889,0.011771835555555556,0.013790271111111111,0.01785054222222222,3.982994453293656,15357619.149721313,1921.5329831167353,0.6023000000000001,0.228675,0.0,0.07795646395641934,1.6053250000000001,0.0282444444444444,0.09144089658471329,0.059500000000000004,0.0180450222222222,0.3026150954329889,0.0,0.0,0.0076444444444444,0.08785,0.5964499999999999,0.0315888888888888,0.0,3.99606712044127,0.18255416666666666,0.0,0.04152142857142855,0.0,0.060979166666666654,0.2262583333333333,0.12601666666666664,0.13514166666666663,0.24906249999999996,0.05375,0.021065,0.009440625,0.1426625,0.01054166666666665,1.0797249999999998,0.055334999999999974,0.0,0.44942499999999996,0.35172,0.029135,0.05183,0.5319099999999999,0.015725000000000003,0.03029375,1.318785,0.07104999999999995,0.053649999999999975,0.0430428571428571,0.053240625,0.018821428571428527,0.0612208333333333,0.17567083333333333,0.025612499999999976,0.0,0.0,0.0,,,,0.05263264173018393,0.017,0.29708510024843693,7.36113779102411,5.598271246180582,57.77228912044972,570.22223,1197.2815,2.1001816898031898,2024-07-27 02:45:00
2024-07-26 21:00:00,58.88355555555555,1.0,0.0492513088888888,0.8319540669853929,0.008220453776854372,0.06921103785960955,1.5435890946031747,2.8103096e-05,9.580363111111112e-06,2.7150135111111114e-05,6.4117093333333335e-28,1.1819045777777777e-08,3.1722066666666664e-08,3.212907111111111e-07,2.5751436e-28,5.459856e-09,1.8585415555555555e-06,1.3599778666666667e-06,1.416593777777778e-10,7.752948888888888e-05,8.311074222222222e-06,1.0304055111111111e-05,0.00010201157777777778,2.5084324444444446e-08,3.739576e-09,0.745,1308.8191111111112,4.092355555555556,0.04977777777777778,4.092355555555556,40.73434,-111.87211,301.36688888888887,27.778222222222222,871.5622222222223,117.49342222222222,1.5293333333333334,440409.33333333326,1969.7911111111111,220.3995555555556,15099491.96,0.0007792276190476,6.260952380952381e-05,0.0012832911111111,0.0001669038095238,0.0003312584126984,0.0019049609523809,0.0019546447619047,0.1167110266666666,4.203099555555555,5.939632444444444,13.647686933333334,0.4097646222222222,2.046844,5.30197991111111,0.0030801777777777,0.3298198222222222,5.068658622222222,0.0099457777777777,2.8398964444444443,0.7254268444444444,0.1444672888888888,0.4221508,0.0126145777777777,0.05479036129121087,0.2464293333333333,0.0989134222222222,0.0017820887629213414,0.0492272,0.3925321777777777,0.0802297777777777,0.0195250666666666,0.0075372,3.9086666666666665,0.17533333333333334,0.1537072620138266,0.005666666666666667,0.0003333333333333334,0.07333333333333333,0.447,0.19333333333333333,0.11266666666666666,0.007,0.01922,0.043564616705726464,1.341655144467312,0.44876295824013324,0.2037,0.004333333333333333,1.3976054703448897,0.0007763313525007522,0.19716075210315084,0.00674494200807625,0.05251312486321478,1.096933333333333,0.16979589627769248,0.3044090850773582,0.1835478207969677,0.06558007028919927,0.034998095686369864,0.003,0.132825,0.2139201079571379,0.001,0.009333333333333332,0.1358912543601433,0.30218502864558955,0.011,0.0355,0.0813180933051031,0.008333333333333333,0.015962991434672072,0.14351833636834432,0.01013758789346985,0.0031774206545175116,0.05571301525171326,0.00304202687254836,0.005,0.002,0.041423529248869044,0.021188439170941268,0.0033333333333333335,0.04290648110046394,0.031094793886196945,0.07765356012400582,0.00805,0.0023333333333333335,0.1402387506362521,0.09553596368350933,0.03522728215725709,0.006278119047619,0.0128184228571428,0.0468615123809523,0.0064993085714285,0.0006061349206349,0.4754864641269841,10800.0,10859.0,867.0144933333333,32.71729777777777,567.1099288888889,102.45672888888889,5.3336266666666665,0.15552444444444447,0.031088888888888888,39.72218114222222,35.998606360000004,33.24043556,31.756532084444448,30.2663294,28.43966301777778,27.054507933333333,26.5929846,25.57223244,25.36924153777778,25.63588706222222,26.712869897777775,27.419650742222224,27.387343555555557,24.671745226666665,98.69295870666666,26.983471542222222,4.070737928888889,0.9068675244444445,0.1298923511111111,0.10871031555555556,0.06307632444444444,0.038538373333333334,0.027823551111111112,0.03251090222222222,0.024435813333333334,0.021612195555555554,0.01723202222222222,0.01756352,0.024891955555555557,0.02800459111111111,0.018127471111111113,0.018735346666666666,0.010595066666666668,0.012021773333333334,0.021974564444444445,3.690729556707102,14889915.403707003,1918.6288041292448,0.56655,0.2037,0.0,0.07598187813887705,1.63195,0.0282444444444444,0.08952000062046098,0.075675,0.0126145777777777,0.29611507887647365,0.0,0.0,0.0076444444444444,0.08345,0.5837571428571428,0.0315888888888888,0.0,3.716796647988664,0.17545,0.0,0.0355,0.0,0.05445,0.2166,0.1207333333333333,0.1116333333333333,0.2450833333333333,0.052475,0.01922,0.009325,0.132825,0.00805,1.096933333333333,0.0533,0.0,0.42045,0.31466,0.03008,0.05036,0.4711599999999999,0.0158,0.029875,1.65992,0.0679571428571428,0.0486142857142857,0.0384428571428571,0.05455,0.0172428571428571,0.0588833333333333,0.18465,0.0244,0.0,0.0,0.0,,,,0.06157063241877971,0.019,0.29034046697700033,3.9,3.6,57.0,525.66669,1081.588,3.381403564518495,2024-07-27 03:00:00
2024-07-26 21:15:00,58.54355555555556,1.0,0.0477955422222222,0.8201485959846918,0.008160906807389843,0.06822519602555682,1.5740761733333335,5.727841637606838e-06,5.619885777777778e-07,1.4123548444444442e-06,4.171853275555556e-29,9.359029777777777e-10,2.3521426666666667e-09,2.3037022666666665e-08,1.6688682088888888e-29,4.6362294222222223e-10,1.2757664e-07,9.235006666666667e-08,1.1365640888888888e-11,3.3871302222222224e-06,5.4225464e-07,3.617959111111111e-07,4.1908297777777775e-06,1.8211743111111112e-09,3.113680088888889e-10,0.745,1309.2586666666668,4.181511111111111,0.048400000000000006,4.181511111111111,40.73434,-111.87211,300.4308888888889,28.572444444444443,871.644,115.75377777777777,1.6,439996.2666666667,1959.707555555556,199.4355555555556,14749467.96888889,0.0008172355555555,6.666666666666667e-06,0.0009927288888888,0.00015308,0.0002915688888888,0.0017449511111111,0.0020103555555555,0.1123542711111111,3.938344888888889,5.538032,12.622527022222222,0.5260742222222222,1.8557008444444445,4.1719201777777775,0.0036223555555555,0.3020989333333333,4.822793555555555,0.0100706222222222,2.4230092,0.6673282222222222,0.1157370222222222,0.3107092888888889,0.0130151555555555,0.05567612547943995,0.2305305333333333,0.0708431111111111,0.0018080611258839197,0.0353985333333333,0.3359124888888889,0.0723840444444444,0.0191798666666666,0.0055150666666666,3.90775,0.17275000000000001,0.10754279209356714,0.0055,0.00025,0.07325,0.44675,0.19325,0.11725000000000001,0.007,0.016415,0.04106641789151762,1.296241358350484,0.3903222186800999,0.19777499999999998,0.0045000000000000005,1.1667041027586673,0.0008322485143755642,0.18059865559194238,0.007308706506057187,0.044884843647411084,0.9079499999999998,0.13884692220826936,0.2204063362824851,0.15443038096991743,0.05536153393327324,0.0269985717647774,0.0032500000000000003,0.11761875,0.20594008096785343,0.001,0.00925,0.12860417704476654,0.27063877148419213,0.01125,0.031375,0.07473856997882733,0.008499999999999999,0.013972243576004054,0.13863875227625824,0.006760282981931202,0.0031330654908881335,0.0523807747365174,0.00304202687254836,0.00525,0.002,0.027586294481781126,0.015148272749242115,0.0032500000000000003,0.034429860825347956,0.02457109541464771,0.06824017009300436,0.0075375,0.0022500000000000003,0.11417906297718908,0.079151972762632,0.023681178804965505,0.0061154622222222,0.0120416622222222,0.0438156222222222,0.0063476088888888,0.0006415777777777,0.4322243066666666,11700.0,11759.0,867.0416933333333,31.91141777777778,562.3508266666666,102.15218222222221,5.31036,0.1552222222222222,0.031151111111111112,38.646682266666666,35.128882213333334,32.44364313777778,30.998848533333334,29.827094297777776,28.169890319999997,26.846203,26.28796269777778,25.350138973333333,25.179260680000002,25.55463488,26.643464026666667,27.297011017777777,27.232550044444444,24.505635502222223,99.24486396444445,27.40024960888889,4.104838493333333,0.8875116133333333,0.1399693511111111,0.10351081777777778,0.060702479999999996,0.04208345333333333,0.02714491111111111,0.02472106222222222,0.021463928888888886,0.022159862222222222,0.018596515555555557,0.013282853333333334,0.024045093333333333,0.024318084444444447,0.02106853333333333,0.01529952888888889,0.010822266666666667,0.011622831111111112,0.020553,3.4797861728561226,14544749.643778196,1908.596828966611,0.522375,0.198325,0.0,0.07029535989392907,1.5755,0.0282444444444444,0.08398810129741023,0.07029375,0.0130151555555555,0.2773959822372125,0.0,0.0,0.0076444444444444,0.082996875,0.5472035714285713,0.0315888888888888,0.0,3.515232042875822,0.16548333333333332,0.0,0.0344642857142857,0.0,0.05535833333333332,0.20569166666666663,0.11224166666666663,0.10986666666666663,0.21922499999999998,0.05006875,0.019205,0.00699375,0.1237125,0.007962499999999975,0.9509999999999998,0.053105,0.0,0.3910875,0.30886,0.027379999999999998,0.047505000000000006,0.4575449999999999,0.011850000000000001,0.02760625,1.37542,0.0561928571428571,0.049207142857142824,0.03939642857142853,0.047225,0.015317857142857102,0.05364166666666663,0.1384875,0.026533333333333325,0.0,0.0,0.0,,,,0.05110135513022797,0.021,0.28776328208836954,5.21795415296458,3.7738840237341136,55.22859281973853,580.66669,976.83209,1.0,2024-07-27 03:15:00
2024-07-26 21:30:00,60.45555555555556,1.0,0.0457356933333333,0.8083431249839907,0.008101359837925315,0.06723935419150409,1.56279512,2.0616634384097385e-06,1.8881177683185775e-08,5.4489218750715556e-08,4.43170257011356e-31,2.5713447649069944e-11,6.428092458204106e-11,6.470315171418313e-10,1.7681744669230827e-31,1.362481115779697e-11,3.6889483940273644e-09,2.6731159214813915e-09,3.1863459528253475e-13,1.7042599537937777e-07,1.6331581415078857e-08,2.814320526351111e-08,2.4451016924577777e-07,5.1065614934196024e-11,9.107944230189325e-12,0.745,1309.0222222222221,4.0030222222222225,0.04951111111111111,4.0030222222222225,40.73434,-111.87211,299.8735555555555,29.294222222222224,871.6128888888888,115.20022222222222,1.5528888888888888,439751.2444444445,1957.7115555555556,185.72933333333333,14556100.288,0.0008293244444444,2.34331746031746e-05,0.0009537644444444,0.00013964,0.0002218399999999,0.0025479555555555,0.0017238222222222,0.0782927777777777,2.9920044444444445,4.435579555555555,12.256069863492064,0.5060296158730159,1.766700231746032,4.01972606984127,0.0029317587301587,0.2844821428571428,4.921545873015873,0.0107818253968253,1.8092389365079364,0.5995535111111111,0.0966331746031746,0.2948568920634921,0.0111739333333333,0.05656188966766902,0.1802573142857143,0.0665690222222222,0.001834033488846498,0.0269072158730158,0.2685749523809523,0.066145765079365,0.0191037174603174,0.0051106603174603,3.906833333333333,0.1701666666666667,0.09910753233149226,0.005333333333333334,0.00016666666666666674,0.07316666666666666,0.4465,0.19316666666666668,0.12183333333333335,0.007,0.01361,0.033166922570410144,1.250827572233656,0.3318814791200666,0.19185,0.004666666666666666,0.9358027351724448,0.0008881656762503761,0.16127820936607387,0.007872471004038125,0.03725656243160739,0.7189666666666665,0.10789794813884623,0.20845706446228557,0.1198011432286197,0.04320867547664757,0.018999047843184933,0.0035,0.10241249999999999,0.19796005397856895,0.001,0.009166666666666667,0.10556188240033611,0.23909251432279477,0.0115,0.027249999999999996,0.06815904665255156,0.008666666666666666,0.011981495717336036,0.13375916818417216,0.006246042105167871,0.003088710327258756,0.041843975900140315,0.00304202687254836,0.0055,0.002,0.025479386185080853,0.014228574777679364,0.0031666666666666666,0.02595324055023197,0.018047396943098475,0.05882678006200291,0.007025,0.0021666666666666666,0.08811937531812605,0.06276798184175467,0.021923126610508048,0.00625148,0.0113920488888888,0.0421949466666666,0.0066376533333333,0.0006858311111111,0.4213182977777778,12600.0,12659.0,867.0299733333334,31.996715555555557,560.64256,102.15440888888888,5.349062222222222,0.1562711111111111,0.03117777777777778,38.47001261777778,35.065285484444445,32.38786400888889,30.92517535111111,29.51727758222222,28.057707866666664,26.602614653333333,26.069237466666667,25.4231072,25.188507546666663,25.345380235555556,26.462251662222222,27.145277977777777,26.98600983111111,24.30558349777778,99.33962894666666,27.680593693333332,4.182360697777778,0.9052506488888888,0.12882799555555555,0.09859627555555556,0.04963012888888889,0.041792222222222224,0.030762666666666667,0.023448875555555557,0.02210997777777778,0.02205036888888889,0.017023506666666667,0.014319955555555557,0.020145928888888887,0.027171435555555557,0.023043582222222223,0.01985628444444444,0.010736084444444443,0.013536453333333334,0.02035596,3.295603478186688,14354065.850053616,1906.611039101687,0.47819999999999996,0.19295,0.0,0.06460884164898109,1.51905,0.0282444444444444,0.07845620197435949,0.0649125,0.0111739333333333,0.25867688559795143,0.0,0.0,0.0076444444444444,0.08254375,0.5106499999999999,0.0315888888888888,0.0,3.339238316777778,0.15551666666666664,0.0,0.0334285714285714,0.0,0.056266666666666645,0.1947833333333333,0.10374999999999995,0.10809999999999995,0.19336666666666663,0.0476625,0.01919,0.0046625,0.11460000000000001,0.00787499999999995,0.8050666666666666,0.05291,0.0,0.36172499999999996,0.30306,0.02468,0.04465,0.44392999999999994,0.0079,0.0253375,1.0909200000000001,0.0444285714285714,0.04979999999999995,0.04034999999999995,0.039900000000000005,0.0133928571428571,0.04839999999999995,0.092325,0.028666666666666653,0.0,0.0,0.0,,,,0.038650291631574386,0.023,0.2676146267912121,4.27438811642778,2.9478345431383417,56.9944442778085,635.66669,903.22119,1.0,2024-07-27 03:30:00
2024-07-26 21:45:00,61.15466666666666,1.0,0.0439264136507936,0.7965376539832897,0.008041812868460787,0.06625351235745136,1.4857624774603173,2.023544261111111e-06,6.483887622679194e-10,2.25878083422087e-09,3.0343640811333335e-35,3.980998674324437e-13,1.2319882852695437e-12,1.3758882056240886e-11,9.135082087466667e-36,1.177060107441894e-13,8.908994134622828e-11,6.586755374660601e-11,4.407568909366795e-15,8.45158612320374e-09,4.4580190601613494e-10,1.5305074445492929e-09,1.2477191429376523e-08,1.04439108575839e-12,8.596787187840073e-14,0.745,1308.8906666666667,3.857111111111111,0.047155555555555555,3.857111111111111,40.73434,-111.87211,299.22288888888886,30.308888888888887,871.6582222222223,113.41306666666667,1.6039999999999999,439292.5777777778,1954.8186666666663,183.7133333333333,14466078.95777778,0.0009045326984126,4.019968253968254e-05,0.0011146368253968,0.0001732396825396,0.0002020822222222,0.0085759047619047,0.001899039047619,0.1534595911111111,3.114478666666667,4.659799111111111,11.52318197025752,0.4013032034336035,1.639658940922041,3.476198357995708,0.002860772027972,0.2684423539627039,4.571320665824916,0.0091155694083694,1.3944362475986976,0.5690296757575758,0.0721745446997446,0.2438962018463019,0.0070205895345395,0.057447653855898104,0.1485406436618936,0.0591259921171421,0.0018600058518090767,0.0322378562844562,0.2167500573463573,0.0586348523994524,0.0148752803825803,0.0040460091852591,3.9059166666666663,0.16758333333333333,0.08830788082808637,0.005166666666666667,8.333333333333337e-05,0.07308333333333333,0.44625000000000004,0.19308333333333333,0.12641666666666668,0.007,0.010805,0.02818324147856161,1.205413786116828,0.27344073956003334,0.185925,0.004833333333333334,0.7049013675862223,0.0009440828381251881,0.15257682045733442,0.008436235502019062,0.029628281215803694,0.5299833333333333,0.07694897406942312,0.17004374777224332,0.09314949090897676,0.033855487840941854,0.010999523921592466,0.00375,0.08720625,0.18998002698928446,0.001,0.009083333333333332,0.09102482104840265,0.20754625716139738,0.01175,0.023125,0.061579523326275774,0.008833333333333332,0.009990747858668018,0.12887958409208608,0.005350527195086703,0.0030443551636293777,0.0351964569138132,0.00304202687254836,0.00575,0.002,0.021810351148923757,0.012626984387802803,0.0030833333333333333,0.017476620275115984,0.011523698471549236,0.04941339003100145,0.0065125,0.0020833333333333333,0.06205968765906303,0.04638399092087733,0.0188616003414438,0.0062769311111111,0.0111146355555555,0.0403610136507936,0.0068963685714285,0.0006652498412698,0.3761887165079365,13500.0,13559.0,867.03728,32.322515555555555,560.6013555555556,102.48857777777779,5.359688888888889,0.15630222222222223,0.03135555555555556,38.00915650666666,34.81862072888889,32.046123017777774,30.69565725777778,29.43572982666667,27.978867840000003,26.67157663111111,26.041683035555554,25.229679035555556,25.213079146666665,25.432676417777778,26.62775100888889,27.145316617777777,27.07245116888889,24.421788084444447,100.15690298222222,27.881375444444448,4.225798315555555,0.9051736311111112,0.1236319111111111,0.09369651999999999,0.055771515555555554,0.03897512444444444,0.03469851111111111,0.03229708444444444,0.02509682222222222,0.019338893333333333,0.01848965777777778,0.019373857777777777,0.021972395555555555,0.026573879999999998,0.023189297777777777,0.017128431111111113,0.010696302222222223,0.012216595555555555,0.018780524444444443,3.1685577143420267,14265293.989709646,1903.732948201934,0.434025,0.187575,0.0,0.058922323404033125,1.4626000000000001,0.0282444444444444,0.07292430265130874,0.05953125,0.0070205895345395,0.2399577889586903,0.0,0.0,0.0076444444444444,0.082090625,0.4740964285714286,0.0315888888888888,0.0,3.217841149665397,0.14554999999999998,0.0,0.0323928571428571,0.0,0.057174999999999976,0.18387499999999996,0.09525833333333328,0.10633333333333328,0.16750833333333331,0.04525625,0.019175,0.00233125,0.1054875,0.007787499999999925,0.6591333333333332,0.052715,0.0,0.3323625,0.29725999999999997,0.02198,0.041795,0.4303149999999999,0.00395,0.02306875,0.8064199999999999,0.0326642857142857,0.05039285714285707,0.04130357142857137,0.032575,0.011467857142857099,0.04315833333333327,0.046162499999999995,0.030799999999999977,0.0,0.0,0.0,,,,0.02906759686205687,0.024999999999999998,0.3120786259711006,4.396503278173817,3.11583856756537,57.64011706803257,690.66669,838.8454,1.0,2024-07-27 03:45:00
2024-07-26 22:00:00,62.784444444444446,1.0,0.0376863517460317,0.7847321829825886,0.007982265898996256,0.06526767052339863,1.4162811400000002,2.161567081216931e-06,1.3123697777777778e-21,2.3253546666666666e-20,0.0,2.3760000440904163e-36,2.0622224910235202e-33,1.035560939555556e-28,0.0,1.0124444377153542e-38,5.513632e-24,2.920452096000001e-28,6.31555595106321e-37,5.580115555555555e-19,6.297846977777778e-26,1.1617715555555553e-18,2.1644222222222224e-18,6.58676648888889e-29,9.817777978895461e-37,0.745,1308.9275555555555,3.767777777777778,0.04831111111111111,3.767777777777778,40.73434,-111.87211,298.89,30.165333333333333,871.5871111111112,114.91906666666667,1.712,438677.8222222222,1953.355111111111,177.64133333333334,14111522.49511111,0.0009544012698412,0.0001057752380952,0.0011712869841269,0.0001990152380952,0.000245812063492,0.0118951895238095,0.0020639977777777,0.0767116533333333,2.568143555555556,4.036788444444444,10.74149852957413,0.3312016462204462,1.493887097004847,2.9224965926739928,0.0019725204573204,0.241261741034891,4.297183352817553,0.0082566181059681,1.0010866335479336,0.5250430528157027,0.0554484784215784,0.1915437534576535,0.0068872808987308,0.05833341804412717,0.122580166011766,0.0515367053779553,0.001885978214771655,0.0236609382635882,0.1638039426184926,0.0514967326451326,0.0116936067395567,0.0047628328893328,3.905,0.165,0.082,0.005,0.0,0.073,0.446,0.193,0.131,0.007,0.008,0.018,1.16,0.215,0.18,0.005,0.474,0.001,0.134,0.009,0.022,0.341,0.046,0.11,0.052,0.027,0.003,0.004,0.072,0.182,0.001,0.009,0.056,0.176,0.012,0.019,0.055,0.009,0.008,0.124,0.003,0.003,0.02,0.00304202687254836,0.006,0.002,0.011,0.007,0.003,0.009,0.005,0.04,0.006,0.002,0.036,0.03,0.01,0.0064649279365079,0.011267226031746,0.0400810323809523,0.0073383133333333,0.000641692063492,0.3530423187301587,14400.0,14459.0,866.9698488888888,32.364088888888894,566.8896622222222,104.40911555555554,5.48764,0.15694222222222223,0.03222666666666667,37.6629192,34.5258208,31.99016687111111,30.84669300888889,29.641701488888888,27.902814337777777,26.858655173333332,26.55792744444444,25.557869453333335,25.51276753333333,25.539554937777776,27.004183462222223,27.6781618,27.48332405777778,24.811038773333333,102.64950914222223,28.674071875555555,4.4415854844444445,0.9457107244444444,0.12614308444444444,0.09895661777777778,0.052836617777777775,0.04078180888888889,0.036961919999999995,0.03087481777777778,0.02234892,0.019619955555555558,0.01927063111111111,0.01605117333333333,0.026259115555555556,0.03148775111111111,0.021321875555555557,0.01630216888888889,0.011644448888888888,0.0133662,0.02091394222222222,3.0609272436703763,13915658.667612072,1902.2768791693816,0.38985,0.1822,0.0,0.053235805159085145,1.40615,0.0282444444444444,0.067392403328258,0.05415,0.0068872808987308,0.2212386923194292,0.0,0.0,0.0076444444444444,0.0816375,0.4375428571428572,0.0315888888888888,0.0,3.114996050079972,0.1355833333333333,0.0,0.0313571428571428,0.0,0.0580833333333333,0.1729666666666666,0.0867666666666666,0.1045666666666666,0.14165,0.04285,0.01916,0.0,0.096375,0.0076999999999999,0.5132,0.05252,0.0,0.303,0.29146,0.01928,0.03894,0.4166999999999999,0.0,0.0208,0.5219199999999999,0.0209,0.0509857142857142,0.0422571428571428,0.02525,0.0095428571428571,0.0379166666666666,0.0,0.0329333333333333,0.0,0.0,0.0,,,,0.013499463005213135,0.027,0.2666793321727039,3.1,2.5,60.0,724.66669,783.42755,1.0,2024-07-27 04:00:00
2024-07-26 22:15:00,61.73955555555556,1.0,0.0369811139682539,0.7729267119818877,0.007922718929531728,0.0642818286893459,1.387701065079365,1.9884556507936508e-06,0.0,0.0,0.0,0.0,0.0,0.0,0.0,0.0,0.0,0.0,0.0,0.0,0.0,0.0,0.0,0.0,0.0,0.745,1308.4631111111112,3.8950666666666667,0.05297777777777778,3.8950666666666667,40.73434,-111.87211,298.64733333333334,30.465333333333334,871.6097777777778,116.30479999999999,1.6902222222222223,440209.4666666666,1953.1146666666668,186.36711111111111,14044898.339111112,0.0008374739682539,0.0001222155555555,0.0011127536507936,0.0002028482539682,0.0002460412698412,0.0116496349206349,0.0019054019047619,0.2077229007779257,3.1002070930365933,4.628955221926223,10.614937155555555,0.3145292888888889,1.5545179555555555,3.554089333333333,0.0028395111111111,0.2367308444444444,4.5925957777777775,0.0090628888888888,0.8767572,0.5235405333333333,0.1101350666666666,0.3239529777777779,0.0123710666666666,0.05921918223235624,0.2303433777777777,0.0795522666666666,0.0019119505777342334,0.0278504,0.1622972888888889,0.0496039555555555,0.0135258222222222,0.0040641333333333,3.92475,0.1705,0.10506926156563333,0.0055,0.0,0.07308333333333333,0.44558333333333333,0.19275,0.126,0.007,0.008435,0.04103700989928162,1.1510555375196816,0.2582792949853558,0.1859625,0.004916666666666666,0.40956252415230543,0.0010257604195743203,0.13960929148288234,0.008436235502019062,0.022758308862904503,0.34724166666666667,0.07766905577358799,0.2303892076538324,0.06514641918443775,0.02402803020062519,0.009945847308717202,0.004333333333333333,0.08104375,0.14770671792750156,0.0011666666666666668,0.008916666666666666,0.12851839591642128,0.15188185799247045,0.013583333333333333,0.02215714285714285,0.056488209367774246,0.00975,0.01167088497622136,0.10114940824077319,0.007808132922628471,0.003,0.05234154867386699,0.0032051912998359968,0.006416666666666667,0.0023333333333333335,0.03187946492682145,0.01702230787267893,0.0030833333333333333,0.018087367715696096,0.010396252306941493,0.0430727593921354,0.0045000000000000005,0.002416666666666667,0.03828321078377252,0.03140185335530607,0.027263497852217693,0.0063465171428571,0.0109838546031746,0.038655359047619,0.0073283796825396,0.0005916339682539,0.3446326507936508,15300.0,15359.0,866.9978355555555,32.43369333333333,578.7928044444445,107.29494222222223,5.636035555555555,0.15701333333333334,0.03352,37.909938933333336,34.866295675555556,32.33285120888889,31.08006447111111,29.854216226666665,28.349705475555556,27.164635955555557,26.85273619111111,26.113995497777776,26.00713008888889,26.29768132888889,27.736500066666668,28.62228772,28.518027328888888,25.55181204,105.22023461333333,29.850918115555555,4.8344526355555555,0.9938882533333333,0.1385261777777778,0.11023272444444444,0.05497645777777778,0.03932059555555555,0.03573094222222222,0.03226045777777778,0.022906933333333334,0.02217649777777778,0.019635613333333333,0.019311995555555555,0.023087711111111114,0.03447876888888889,0.01933861333333333,0.01874018222222222,0.01507076888888889,0.009405373333333333,0.020217688888888887,2.991874572830344,13849959.235517845,1902.0376646699556,0.420475,0.18761250000000002,0.0,0.05449533978158608,1.4095,0.0282444444444444,0.06861769065266991,0.052518749999999996,0.0123710666666666,0.22538487620621034,0.0,0.0,0.0076444444444444,0.074390625,0.44563928571428574,0.0315888888888888,0.0,3.04901353820517,0.14480416666666662,0.0,0.03142499999999995,0.0,0.0493708333333333,0.18439999999999995,0.08152499999999996,0.1014666666666666,0.13306666666666664,0.045649999999999996,0.016805,0.0,0.099325,0.005774999999999924,0.47639166666666666,0.05178,0.0,0.2971375,0.27838,0.01942,0.039285,0.4031999999999999,0.003475,0.0227875,0.45805999999999997,0.030224999999999974,0.0481357142857142,0.0400821428571428,0.026371875000000003,0.015803571428571375,0.0360666666666666,0.0,0.0339708333333333,0.003203125,0.0,0.0,,,,0.018998994520753383,0.026083333333333333,0.34417741597598855,4.3822735448423025,3.0927277488002396,58.180298499650455,734.66669,736.08307,1.0,2024-07-27 04:15:00
2024-07-26 22:30:00,63.276,1.0,0.0307731133333333,0.7611212409811866,0.0078631719600672,0.06329598685529317,1.343171709206349,1.3042826342592593e-06,0.0,0.0,0.0,0.0,0.0,0.0,0.0,0.0,0.0,0.0,0.0,0.0,0.0,0.0,0.0,0.0,0.0,0.745,1308.7688888888888,3.6136,0.05088888888888889,3.6136,40.734339600000006,-111.87211,298.4891111111111,30.106222222222225,871.6271111111112,114.40795555555556,1.844,440154.8000000001,1952.7924444444443,173.60088888888887,13813602.824444445,0.0007775698412698,0.0001626555555555,0.0009423393650793,0.0001837584126984,0.0002527482539682,0.0054379111111111,0.0019218142857142,0.0572014914072964,1.8678451066526067,3.3181205760905765,10.021432,0.3073343555555555,1.450745333333333,3.1343028444444445,0.0018477777777777,0.2252751111111111,4.230259466666666,0.0061512444444444,0.6819836888888889,0.4918050222222222,0.063224,0.2244081333333334,0.0078149777777777,0.06010494642058532,0.1414467555555555,0.0574755111111111,0.001937922940696812,0.0255354666666666,0.1386324,0.0465415999999999,0.012256,0.0037839555555555,3.9444999999999997,0.17600000000000002,0.08435578850302351,0.006,0.0,0.07316666666666666,0.44516666666666665,0.1925,0.121,0.007,0.00887,0.027068569751425974,1.142111075039363,0.3015585899707116,0.191925,0.004833333333333334,0.3451250483046109,0.0010515208391486403,0.13056249178693863,0.007872471004038125,0.02351661772580901,0.35348333333333337,0.10933811154717597,0.15535396738906124,0.052976430409185475,0.019757068416560764,0.0168916946174344,0.004666666666666667,0.09008749999999999,0.1134134358550031,0.0013333333333333333,0.008833333333333332,0.08777339885946277,0.12776371598494088,0.015166666666666667,0.0253142857142857,0.057976418735548485,0.010499999999999999,0.015341769952442718,0.07829881648154638,0.005151948077598285,0.003,0.033709643987164285,0.0033683557271236334,0.006833333333333334,0.0026666666666666666,0.020996748012547035,0.01227183406856268,0.0031666666666666666,0.02717473543139219,0.015792504613882985,0.0461455187842708,0.003,0.0028333333333333335,0.04056642156754503,0.03280370671061214,0.018182711382885557,0.0062523244444444,0.0103149815873015,0.0362229885714285,0.0073028904761904,0.0005819869841269,0.3254796895238095,16200.0,16259.0,867.0151155555556,32.47201333333333,588.8145111111112,109.71478222222223,5.65828,0.15431111111111112,0.034417777777777776,37.48628646666667,34.545093351111106,32.164297044444446,31.124525048888888,29.960730537777774,28.717786795555558,27.46020886222222,27.254305306666666,26.675215835555555,26.554151377777778,26.88216292888889,28.378935786666666,29.35293652888889,29.372530102222225,26.43549652888889,108.52723220888888,30.98798104,5.3150704088888885,1.0690410399999999,0.12952869333333333,0.09494682666666666,0.05079785777777778,0.034101346666666664,0.032858017777777776,0.022772955555555554,0.022147471111111112,0.01412619111111111,0.018868048888888888,0.015003275555555556,0.021176053333333333,0.02607909777777778,0.01586507111111111,0.01621702666666667,0.010891097777777777,0.009159253333333334,0.01608214222222222,2.8558409132090863,13621874.035315948,1901.7170907104653,0.45109999999999995,0.193025,0.0,0.05575487440408701,1.4128500000000002,0.0282444444444444,0.06984297797708183,0.0508875,0.0078149777777777,0.22953106009299146,0.0,0.0,0.0076444444444444,0.06714375,0.4537357142857143,0.0315888888888888,0.0,2.9190280872133334,0.15402499999999997,0.0,0.0314928571428571,0.0,0.040658333333333296,0.1958333333333333,0.0762833333333333,0.0983666666666666,0.12448333333333331,0.04845,0.014450000000000001,0.0,0.102275,0.00384999999999995,0.4395833333333333,0.05104,0.0,0.291275,0.2653,0.01956,0.03963,0.38969999999999994,0.00695,0.024775,0.3942,0.039549999999999946,0.0452857142857142,0.0379071428571428,0.02749375,0.022064285714285647,0.034216666666666604,0.0,0.0350083333333333,0.00640625,0.0,0.0,,,,0.014623232508589358,0.025166666666666667,0.25513833707914046,3.1535245022569,2.110540912718492,59.599300938178544,744.66669,695.50299,1.0,2024-07-27 04:30:00
2024-07-26 22:45:00,63.37422222222222,1.0,0.0301763355555555,0.7493157699804855,0.007803624990602671,0.06231014502124044,1.3110560342857145,1.1146641202380952e-06,0.0,0.0,0.0,0.0,0.0,0.0,0.0,0.0,0.0,0.0,0.0,0.0,0.0,0.0,0.0,0.0,0.0,0.745,1308.8715555555557,3.3313333333333333,0.052000000000000005,3.3313333333333333,40.73433920000001,-111.87211,298.4668888888889,30.040444444444447,871.6066666666667,116.66573333333334,1.9906666666666666,440313.2888888888,1952.860888888889,173.67288888888888,13709720.692888888,0.0007994336507936,0.0001708038095238,0.0009578479365079,0.0001901066666666,0.0002490152380952,0.0060694774603174,0.0024763885714285,0.1473513022222222,2.318048888888889,3.8414142222222223,9.889334844444445,0.3005619111111111,1.3954660888888888,2.808839511111111,0.0020520888888888,0.2027195555555555,4.159702222222222,0.0068344888888888,0.5652604,0.4892833777777777,0.0485853333333333,0.1693344888888889,0.0089590666666666,0.06099071060881439,0.0998452888888889,0.0404113333333333,0.0019638953036593904,0.0296526222222222,0.1186087111111111,0.0474629333333333,0.0112143111111111,0.0043587111111111,3.96425,0.1815,0.07789211907024166,0.0065,0.0,0.07325,0.44475,0.19225,0.116,0.007,0.009305,0.02053167799255012,1.1331666125590445,0.34483788495606743,0.1978875,0.00475,0.28068757245691633,0.0010772812587229606,0.1298436499786751,0.007308706506057187,0.024274926588713518,0.3597250000000001,0.14100716732076396,0.11384037453341334,0.04267897791908156,0.01614325850509343,0.0238375419261516,0.005,0.09913124999999999,0.07912015378250466,0.0015,0.008749999999999999,0.06870572683182119,0.10364557397741132,0.01675,0.02847142857142855,0.05946462810332273,0.01125,0.019012654928664077,0.05544822472231957,0.003098856069029648,0.003,0.024990363744741187,0.00353152015441127,0.0072499999999999995,0.003,0.012584976832534282,0.00859996619295371,0.0032500000000000003,0.03626210314708829,0.02118875692082448,0.0492182781764062,0.0014999999999999996,0.0032500000000000003,0.04284963235131755,0.034205560065918204,0.011163738224226429,0.0063335526984126,0.0105742736507936,0.0352139469841269,0.0080149142857142,0.0006089828571428,0.3176066628571428,17100.0,17159.0,866.9659555555555,32.52272,590.3899066666667,110.48167555555555,5.7271688888888885,0.1551422222222222,0.03475111111111111,37.146116595555554,34.340566844444446,31.99299969333333,30.905737964444445,29.913956671111112,28.594023862222222,27.38805344888889,27.290613426666667,26.76788072,26.74839758222222,27.016102124444444,28.604371866666668,29.654349662222224,29.74791656,26.582816177777776,109.32156521333333,31.186932977777776,5.5172690977777785,1.11135772,0.1274332977777778,0.09515685777777778,0.04902687111111111,0.037738622222222226,0.027511057777777778,0.028760315555555558,0.024151075555555557,0.016694497777777775,0.017528106666666664,0.015426586666666667,0.024018684444444445,0.02437797777777778,0.018317826666666665,0.01665398222222222,0.010922404444444445,0.0073595822222222215,0.017947564444444446,2.8074309724656,13519433.757529343,1901.785185041171,0.48172499999999996,0.1984375,0.0,0.05701440902658794,1.4162000000000001,0.0282444444444444,0.07106826530149377,0.04925625,0.0089590666666666,0.2336772439797726,0.0,0.0,0.0076444444444444,0.059896875,0.46183214285714286,0.0315888888888888,0.0,2.872770506570794,0.16324583333333328,0.0,0.03156071428571425,0.0,0.0319458333333333,0.20726666666666665,0.07104166666666664,0.09526666666666661,0.11589999999999995,0.051250000000000004,0.012095,0.0,0.105225,0.0019249999999999753,0.40277500000000005,0.0503,0.0,0.2854125,0.25222,0.0197,0.039975000000000004,0.3761999999999999,0.010425,0.0267625,0.33033999999999997,0.048874999999999925,0.0424357142857142,0.035732142857142796,0.028615625,0.028324999999999923,0.0323666666666666,0.0,0.036045833333333305,0.009609375,0.0,0.0,,,,0.010920747464405207,0.02425,0.3084653431924141,3.6024084117763167,2.5026362332599095,59.690015297135645,754.66669,660.31757,1.0,2024-07-27 04:45:00
2024-07-26 23:00:00,62.46933333333333,1.0,0.0334088238095238,0.7375102989797845,0.007744078021138143,0.061324303187187706,1.2900911726984128,1.9110799880952383e-06,0.0,0.0,0.0,0.0,0.0,0.0,0.0,0.0,0.0,0.0,0.0,0.0,0.0,0.0,0.0,0.0,0.0,0.745,1308.0946666666669,3.219066666666667,0.04822222222222223,3.219066666666667,40.73434035555556,-111.87211,298.46999999999997,30.202666666666666,871.6586666666667,126.52271111111112,1.9004444444444446,441690.26666666666,1953.916888888889,189.42177777777775,13718114.565333333,0.0009260292063492,0.0001296787301587,0.0011048942857142,0.0002522019047619,0.0003899495238095,0.008565958095238,0.0037552577777777,0.18129292,3.3973804444444444,5.033348888888889,10.243914,0.3044383111111111,1.4467012888888888,2.8801288,0.0035179111111111,0.2088830666666666,4.135258755555555,0.0078167555555555,0.5051600444444444,0.5135315555555555,0.0676813333333333,0.1956397777777778,0.0045666222222222,0.061876474797043474,0.1162539111111111,0.0462649333333333,0.0019898676666219688,0.0274768888888888,0.1131700888888889,0.0455973333333333,0.0107055555555555,0.0033777333333333,3.984,0.187,0.15079800520526504,0.006999999999999999,0.0,0.07333333333333333,0.44433333333333336,0.192,0.111,0.007,0.00974,0.02310998582574234,1.1242221500787262,0.38811717994142325,0.20385,0.004666666666666667,0.21625009660922176,0.0011030416782972807,0.13675604557801319,0.00674494200807625,0.02503323545161802,0.3659666666666667,0.17267622309435193,0.1336688617145207,0.03988209297666553,0.01516171374576094,0.030783389234868803,0.005333333333333333,0.108175,0.04482687171000621,0.0016666666666666666,0.008666666666666666,0.07622647674830181,0.07952743196988177,0.018333333333333333,0.0316285714285714,0.06095283747109698,0.011999999999999999,0.022683539904885437,0.03259763296309276,0.0038031372560791673,0.003,0.028429458252970226,0.0036946845816989067,0.007666666666666666,0.003333333333333333,0.015470503719358292,0.009859543189664048,0.0033333333333333335,0.04534947086278439,0.026585009227765972,0.0522910375685416,0.0,0.003666666666666667,0.04513284313509007,0.035607413421224275,0.013571487476290164,0.0065709996825396,0.0118414085714285,0.0365576831746031,0.009095185079365,0.0007251495238095,0.2901083625396825,18000.0,18059.0,867.0115511111111,32.63357333333333,592.4825244444444,111.33417333333334,5.87092,0.15764444444444442,0.03523555555555556,37.50719926666667,34.582659217777774,32.05273906666667,31.038916453333336,29.974730875555558,28.71858507111111,27.564341266666666,27.29655753333333,26.737374404444445,26.67885044888889,27.077388755555553,28.608295533333333,29.676822137777776,29.66161469333333,26.58180774222222,109.92316672888889,31.43562876888889,5.58882752,1.1586370533333332,0.13325202666666666,0.10449768444444445,0.05564889777777778,0.04393825777777778,0.029196,0.029529204444444446,0.024786506666666666,0.019468453333333333,0.016926173333333336,0.019289684444444444,0.022949617777777778,0.032511328888888885,0.02093659111111111,0.021863626666666667,0.012163826666666665,0.012207604444444443,0.019473293333333332,2.8612751696295393,13527711.125465853,1902.835783286341,0.51235,0.20385,0.0,0.058273943649088875,1.41955,0.0282444444444444,0.07229355262590569,0.047625,0.0045666222222222,0.23782342786655375,0.0,0.0,0.0076444444444444,0.05265,0.4699285714285714,0.0315888888888888,0.0,2.9242207305163554,0.1724666666666666,0.0,0.0316285714285714,0.0,0.0232333333333333,0.2187,0.0658,0.0921666666666666,0.1073166666666666,0.05405,0.00974,0.0,0.108175,0.0,0.3659666666666667,0.04956,0.0,0.27955,0.23914,0.01984,0.04032,0.3626999999999999,0.0139,0.02875,0.26648,0.0581999999999999,0.0395857142857142,0.0335571428571428,0.0297375,0.0345857142857142,0.0305166666666666,0.0,0.0370833333333333,0.0128125,0.0,0.0,,,,0.009915117705049579,0.023333333333333334,0.3285430875866405,4.6,3.2,60.0,714.5,629.6994,1.0,2024-07-27 05:00:00
2024-07-26 23:15:00,62.05955555555556,1.0,0.0348069288888888,0.7257048279790834,0.007684531051673615,0.060338461353134976,1.2685107422222222,3.0735111111111113e-06,0.0,0.0,0.0,0.0,0.0,0.0,0.0,0.0,0.0,0.0,0.0,0.0,0.0,0.0,0.0,0.0,0.0,0.745,1307.3804444444443,2.385511111111111,0.044533333333333334,2.385511111111111,40.73433951111111,-111.87211,298.5375555555555,30.259999999999998,871.6977777777778,127.19608888888888,1.7364444444444445,441975.2,1953.7004444444444,199.3022222222222,13643829.028444445,0.0009843644444444,6.377777777777777e-06,0.00112796,0.00029348,0.0003724888888888,0.0095057333333333,0.0047485511111111,0.1886456711111111,3.6899017777777776,5.462506222222222,9.886678666666668,0.3007910222222222,1.4371331555555555,2.843653777777777,0.0026456888888888,0.2135296444444444,4.123819288888889,0.0069288444444444,0.4846372888888889,0.5425033777777778,0.0856553333333333,0.2264818222222223,0.0086586666666666,0.06276223898527254,0.1387647111111111,0.0574147555555555,0.002015840029584547,0.0249924888888888,0.117566,0.0472171111111111,0.0117752888888888,0.0037010666666666,4.00375,0.1925,0.09426029189152932,0.0075,0.0,0.07341666666666666,0.4439166666666667,0.19175,0.106,0.007,0.012595,0.026647136671522683,1.2265533445305576,0.3892081325953207,0.1935,0.004583333333333333,0.201472980863863,0.001128802097871601,0.14501500417972832,0.013398084968171117,0.035439061167141225,0.4189083333333334,0.16459530619205742,0.15691707942043323,0.042142749645302895,0.01595507341247439,0.029299923477268102,0.005666666666666667,0.12258749999999999,0.11096125380113042,0.0018333333333333333,0.008583333333333333,0.08654410701165395,0.13683134325059754,0.019916666666666666,0.04339999999999997,0.07931295253377542,0.01275,0.026354424881106796,0.07068256197922325,0.0051446382178903195,0.003,0.03314751243249767,0.0038578490089865433,0.008083333333333333,0.0036666666666666666,0.020966798615751965,0.01225876069487808,0.003416666666666667,0.04333303486848815,0.02740497007475342,0.09444696740859992,0.00259166666666665,0.004083333333333333,0.059164013495320786,0.048530416181818664,0.018157720925141996,0.00671556,0.0131521822222222,0.0387002355555555,0.0100248755555555,0.0008543066666666,0.2762871111111111,18900.0,18959.0,867.0600844444444,32.45275111111111,588.7894711111111,110.26172444444445,5.804422222222223,0.15728444444444445,0.03478666666666667,37.85583016,34.71372462222222,32.20855284888889,31.11787979111111,29.836011924444445,28.469023733333334,27.448845035555557,27.080050097777775,26.43842691111111,26.44802985333333,26.818453235555555,28.32503445777778,29.26760379111111,29.355985542222225,26.37592552888889,108.74304810666668,31.105964342222226,5.4493508266666675,1.132089151111111,0.12583716,0.09734635999999999,0.05994872444444444,0.038118360000000004,0.03126596,0.026319902222222222,0.028746631111111108,0.018474973333333332,0.02100964,0.019002111111111112,0.02299010222222222,0.02815492888888889,0.020421493333333332,0.016617844444444443,0.008781515555555557,0.013390884444444445,0.023249226666666668,2.9185634556778974,13454456.650220945,1902.6204460197594,0.513325,0.1935,0.0,0.06350487372004004,1.5195125,0.0282444444444444,0.077382251416968,0.049525,0.0086586666666666,0.255042802058898,0.0,0.0,0.0076444444444444,0.10384375000000001,0.5035535714285714,0.0315888888888888,0.0,2.9789619153031057,0.16951249999999995,0.0,0.04339999999999997,0.0,0.03505416666666662,0.21280833333333332,0.07764583333333333,0.1097166666666666,0.1276416666666666,0.05275,0.012595,0.00536875,0.12258749999999999,0.00259166666666665,0.4189083333333334,0.05024,0.004228571428571425,0.3158125,0.26507,0.01953,0.03936,0.4051199999999999,0.01323125,0.02576875,0.24905,0.07293214285714278,0.05063928571428565,0.04221428571428565,0.039109375,0.043774999999999925,0.04005833333333328,0.0,0.0350333333333333,0.009609375,0.0,0.0,,,,0.010727944713837315,0.022416666666666668,0.33289251660825625,4.97023940819997,3.71729380089111,58.475838492632874,617.0,604.27325,1.0,2024-07-27 05:15:00
2024-07-26 23:30:00,62.983555555555554,1.0,0.02948324,0.7138993569783825,0.0076249840822090855,0.059352619519082245,1.2412612488888888,1.2604712360846562e-06,0.0,0.0,0.0,0.0,0.0,0.0,0.0,0.0,0.0,0.0,0.0,0.0,0.0,0.0,0.0,0.0,0.0,0.745,1308.5413333333333,2.1120444444444444,0.046933333333333334,2.1120444444444444,40.73434,-111.87211,298.63266666666664,29.645777777777777,871.6355555555557,120.05071111111111,1.644,440447.8222222222,1951.7693333333332,194.0991111111111,13469198.164444445,0.000961,4.0631111111111114e-05,0.0010717111111111,0.0002806,0.0003391155555555,0.0082588355555555,0.0040949155555555,0.05249724,2.390783555555556,3.8645626666666666,9.2150412,0.2960958222222222,1.3567640888888888,2.661288711111111,0.0025591555555555,0.2039180888888889,4.052726488888889,0.0059234222222222,0.4078820444444444,0.5432971555555555,0.0759192444444444,0.2088892888888889,0.0081529333333333,0.06364800317350161,0.1293263555555555,0.0488571111111111,0.0020418123925471255,0.0276590222222222,0.109336,0.0531127999999999,0.0108658666666666,0.0032757777777777,4.0235,0.198,0.0899613443453531,0.008,0.0,0.0735,0.4435,0.1915,0.101,0.007,0.015450000000000002,0.02516407577026155,1.3288845389823891,0.3902990852492182,0.18315,0.0045000000000000005,0.18669586511850428,0.0011545625174459212,0.14524128534890512,0.020051227928265983,0.04584488688266443,0.47185,0.15651438928976288,0.14365612177968484,0.03791036097487255,0.014469749917067919,0.0278164577196674,0.006,0.137,0.17709563589225463,0.002,0.0085,0.08221811846765381,0.19413525453131333,0.0215,0.05517142857142855,0.09767306759645386,0.013499999999999998,0.030025309857328153,0.10876749099535374,0.00411501747378737,0.003,0.031169320947665717,0.00402101343627418,0.0085,0.004,0.016748315437481426,0.010417327715472552,0.0035,0.0413165988741919,0.02822493092174087,0.13660289724865826,0.0051833333333333,0.0045000000000000005,0.07319518385555149,0.06145341894241306,0.01463772263169209,0.0065408,0.0130918133333333,0.03812444,0.00991052,0.0008865777777777,0.2959358533333333,19800.0,19859.0,866.9992577777778,32.537955555555556,575.1947422222222,107.33110222222221,5.587524444444444,0.15558222222222223,0.03374222222222222,36.95211683111111,33.73427072,31.43188537777778,30.404477377777777,29.09435621777778,27.948675684444442,26.821689026666668,26.580694746666666,25.81941778222222,25.88063563111111,26.21065440888889,27.688296817777776,28.68720638222222,28.63521414222222,25.963390857777778,106.47415684444445,30.161167168888888,5.115334648888889,1.0307403822222223,0.1294886311111111,0.09317754666666667,0.049377684444444445,0.035430866666666665,0.03391653333333333,0.025689617777777778,0.021920524444444443,0.017271946666666666,0.020648604444444444,0.015866853333333333,0.019317284444444447,0.02340693333333333,0.015327373333333333,0.015383084444444445,0.010118257777777778,0.011909244444444444,0.022123546666666667,2.8637776449045833,13282249.611816967,1900.6992131177121,0.5143,0.18315,0.0,0.06873580379099123,1.619475,0.0282444444444444,0.08247095020803032,0.051425,0.0081529333333333,0.27226217625124227,0.0,0.0,0.0076444444444444,0.1550375,0.5371785714285714,0.0315888888888888,0.0,2.9266119429422224,0.1665583333333333,0.0,0.05517142857142855,0.0,0.04687499999999995,0.20691666666666664,0.08949166666666665,0.1272666666666666,0.1479666666666666,0.051449999999999996,0.015450000000000002,0.0107375,0.137,0.0051833333333333,0.47185,0.05092,0.00845714285714285,0.352075,0.291,0.01922,0.038400000000000004,0.44754,0.0125625,0.022787500000000002,0.23162,0.08766428571428565,0.061692857142857105,0.0508714285714285,0.04848125,0.052964285714285644,0.04959999999999995,0.0,0.0329833333333333,0.00640625,0.0,0.0,,,,0.009206174570347714,0.0215,0.2523555953153193,3.6749298405585167,2.5199809818758636,59.3292102223696,519.5,585.41003,1.0,2024-07-27 05:30:00
2024-07-26 23:45:00,63.172,1.0,0.0275234844444444,0.7020938859776814,0.007565437112744557,0.058366777685029514,1.2392203422222223,9.314923161111111e-07,0.0,0.0,0.0,0.0,0.0,0.0,0.0,0.0,0.0,0.0,0.0,0.0,0.0,0.0,0.0,0.0,0.0,0.745,1309.7804444444444,3.176622222222222,0.044533333333333334,3.176622222222222,40.73434,-111.87211,298.81177777777776,29.036444444444445,871.5351111111111,130.40435555555555,1.7453333333333334,440462.5333333333,1952.5666666666664,194.6355555555556,13281937.84977778,0.0008977066666666,7.488444444444446e-05,0.00095924,0.0002314888888888,0.0002597022222222,0.00603608,0.0039454977777777,0.0727739333333333,2.4883146666666667,3.991389333333333,9.278463014785212,0.3002439673123173,1.274241711323861,2.649734387116587,0.0021953027694527,0.2011090669219669,4.01258660994191,0.0045697588707588,0.35539680262885265,0.5321691357605358,0.0650701375790875,0.2104294558534059,0.010763072002072,0.06453376736173069,0.1320765385595885,0.0517027119380619,0.002067784755509704,0.0265010414030414,0.1104210378436378,0.0474810184278684,0.007902501097051,0.0029579628390128,4.0432500000000005,0.20350000000000001,0.0851709462841505,0.008499999999999999,0.0,0.07358333333333333,0.44308333333333333,0.19125,0.096,0.007,0.018305000000000002,0.025596215549334975,1.4312157334342206,0.39139003790311566,0.1728,0.004416666666666667,0.17191874937314552,0.0011803229370202413,0.1420690356332611,0.026704370888360855,0.05625071259818763,0.5247916666666667,0.14843347238746835,0.14481707390006204,0.03846835634260047,0.014665574000003567,0.0263329919620667,0.006333333333333333,0.1514125,0.24323001798337884,0.0021666666666666666,0.008416666666666666,0.08347864103425152,0.25143916581202913,0.023083333333333334,0.06694285714285712,0.1160331826591323,0.014249999999999999,0.03369619483354951,0.14685242001148424,0.004457388515244593,0.003,0.03174573371027936,0.0041841778635618165,0.008916666666666666,0.004333333333333333,0.018151051821131685,0.011029643784805464,0.0035833333333333333,0.039300162879895656,0.02904489176872832,0.17875882708871654,0.00777499999999995,0.004916666666666666,0.0872263542157822,0.07437642170300746,0.015808197768832095,0.0065912355555555,0.0132794044444444,0.03921344,0.0101866666666666,0.0007884755555555,0.2975114844444444,20700.0,20759.0,866.8954844444445,32.525346666666664,573.4271288888889,106.8701288888889,5.537075555555556,0.1549422222222222,0.03336444444444444,36.656710342222226,33.55995916444444,31.290068373333334,30.20906828,29.066690666666666,27.93096959111111,26.819007151111112,26.496166080000002,25.77954705333333,25.884785448888888,26.196564542222223,27.69844207111111,28.747356097777775,28.845639715555553,25.772987506666666,105.81741843111111,29.974898355555556,5.1120882977777775,1.027359702222222,0.12935230222222222,0.0848177688888889,0.05044779555555556,0.034942617777777775,0.02432316888888889,0.027257022222222222,0.021043262222222223,0.018438826666666668,0.015523791111111112,0.016627031111111114,0.022466555555555556,0.027613186666666668,0.015721884444444445,0.013191764444444445,0.00885184,0.013091315555555556,0.017593222222222222,2.926075716206586,13097588.41584795,1901.4924678533328,0.5152749999999999,0.1728,0.0,0.07396673386194241,1.7194375,0.0282444444444444,0.08755964899909263,0.053325000000000004,0.010763072002072,0.28948155044358653,0.0,0.0,0.0076444444444444,0.20623125,0.5708035714285714,0.0315888888888888,0.0,2.9861401723279366,0.16360416666666663,0.0,0.06694285714285712,0.0,0.05869583333333328,0.20102499999999998,0.10133749999999997,0.1448166666666666,0.16829166666666662,0.05015,0.018305000000000002,0.016106250000000003,0.1514125,0.00777499999999995,0.5247916666666667,0.0516,0.012685714285714276,0.3883375,0.31693,0.01891,0.03744,0.48996000000000006,0.01189375,0.01980625,0.21419,0.10239642857142853,0.07274642857142855,0.05952857142857135,0.05785312499999999,0.06215357142857137,0.05914166666666663,0.0,0.0309333333333333,0.0032031249999999994,0.0,0.0,,,,0.009406803755645933,0.020583333333333332,0.2643500225866477,3.7721750174823088,2.6150101168318725,59.50325044045925,422.0,566.74951,1.0,2024-07-27 05:45:00
