time_local,O3_ppbv,File_Index,HONO_CIMS,PAN_CIMS,APAN_CIMS,PPN_CIMS,HCOOH_CIMS,jNO2_meas,jBrCl,jBr2,jCCl4,jCH2Oa,jCH2Ob,jClNO2,jClOa,jClOb,jCl2,jHNO2,jHNO3,jI2,jNO2,jNO3a,jNO3b,jN2O5,jO3,AOD,Altitude_m,Course_deg,GndSpd_ms,Heading_deg,Lat,Lon,Temp_K,RH_percent,Pressure_mb,WindDir_deg,WindSpd_ms,CO2_Piccaro,CH4_Piccaro,CO_Piccaro,H2O_Piccaro,Br2_CIMS,BrO_CIMS,Cl2_CIMS,ClNO2_CIMS,BrCl_CIMS,NCl3_CIMS,N2O5_CIMS,NO_LIF,NO2_LIF,NOy_LIF,Methanol_PTR,Acetonitrile_PTR,Acetaldehyde_PTR,Ethanol_PTR,Methanethiol_PTR,Acrolein_PTR,Acetone_Propanal_PTR,DMS_PTR,Isoprene_PTR,MVK_MACR_PTR,Benzene_PTR,Toluene_PTR,Styrene_PTR,Benzaldehyde_PTR,C8Aromatics_PTR,C9Aromatics_PTR,Naphthalene_PTR,Octanal_PTR,Monoterpenes_PTR,Nonanal_PTR,C7H4ClF3_PTR,D5_siloxane_PTR,Acetone_WAS,Acrolein_WAS,Benzene_WAS,C2Cl4_WAS,C2HCl3_WAS,CCl4_WAS,CF2Cl2_WAS,CFCl3_WAS,CH2Cl2_WAS,CH3Br_WAS,CycloPentane_WAS,Ethyl_WAS,Ethane_WAS,Ethene_WAS,Ethyne_WAS,Furan_WAS,Isoprene_WAS,Limonene_WAS,MACR_WAS,MethylCycloHexane_WAS,MethylCycloPentane_WAS,Propane_WAS,Propene_WAS,Toluene_WAS,Alpha_Pinene_WAS,Beta_Pinene_WAS,c2Butene_WAS,c2Pentene_WAS,iButane_WAS,iPentane_WAS,iPropylBenzene_WAS,iPropylONO2_WAS,m_p_Xylene_WAS,nButane_WAS,nDecane_WAS,nHeptane_WAS,nHexane_WAS,nNonane_WAS,nOctane_WAS,nPentane_WAS,nPropylBenzene_WAS,nPropylONO2_WAS,o_Xylene_WAS,t2Butene_WAS,t2Pentene_WAS,x123_TriMethylBenzene_WAS,x124_TriMethylBenzene_WAS,x135_TriMethylBenzene_WAS,x13_Butadiene_WAS,x1_Butene_WAS,x1_Pentene_WAS,x224_TriMethylPentane_WAS,x22_DiMethylButane_WAS,x2_EthylToluene_WAS,x2_MethylPentane_WAS,x3_MethylPentane_WAS,x3_x4_EthylToluene_WAS,C4H7NO5_CIMS,ISOPN_CIMS,C5H10O3_CIMS,C5H9NO5_CIMS,C10H17NO4_CIMS,HNO3_CIMS,Time_Start_POPS,Time_Stop_POPS,Press_mb_POPS,Temp_C_POPS,Aerosol_conc_POPS,Surface_area_conc_POPS,Volume_density_POPS,Effective_radius_POPS,Extinction_POPS,Particle_conc_bin01_POPS,Particle_conc_bin02_POPS,Particle_conc_bin03_POPS,Particle_conc_bin04_POPS,Particle_conc_bin05_POPS,Particle_conc_bin06_POPS,Particle_conc_bin07_POPS,Particle_conc_bin08_POPS,Particle_conc_bin09_POPS,Particle_conc_bin10_POPS,Particle_conc_bin11_POPS,Particle_conc_bin12_POPS,Particle_conc_bin13_POPS,Particle_conc_bin14_POPS,Particle_conc_bin15_POPS,Particle_conc_bin16_POPS,Particle_conc_bin17_POPS,Particle_conc_bin18_POPS,Particle_conc_bin19_POPS,Particle_conc_bin20_POPS,Particle_conc_bin21_POPS,Particle_conc_bin22_POPS,Particle_conc_bin23_POPS,Particle_conc_bin24_POPS,Particle_conc_bin25_POPS,Particle_conc_bin26_POPS,Particle_conc_bin27_POPS,Particle_conc_bin28_POPS,Particle_conc_bin29_POPS,Particle_conc_bin30_POPS,Particle_conc_bin31_POPS,Particle_conc_bin32_POPS,Particle_conc_bin33_POPS,Particle_conc_bin34_POPS,Particle_conc_bin35_POPS,Particle_conc_bin36_POPS,HCHO_CRDS,H2O_CRDS,CH4_CRDS,Ethylene,Acetylene,nDecane,Ethylbenzene,Ethane,mpEthyltoluene,oXylene,buta13diene,Styrene,mpXylene,x135_Trimethylbenzene,nPropylbenzene,oEthyltoluene,x224_Trimethylpentane,Toluene,x124_Trimethylbenzene,Isopropylbenzene,Formaldehyde,Benzene,x123_Trimethylbenzene,nHeptane,nNonane,Methylcyclopentane,Propylene,x3_Methylpentane,nHexane,x2_Methylpentane,But1ene,Cyclopentane,nOctane,Isobutane,x22_Dimethylbutane,Propane,Pent1ene,Methylcyclohexane,nButane,nPentane,cis2Pentene,trans2Pentene,Isopentane,cis2Butene,trans2Butene,Isoprene,x23_Dimethylpentane,x3_Methylhexane,x2_Methylhexane,x234_Trimethylpentane,x24_Dimethylpentane,x23_Dimethylbutane,Cyclohexane,Hex1ene,x3_Methylheptane,nUndecane,pDiethylbenzene,mDiethylbenzene,nDodecane,x2_Methylheptane,Alphapinene,Betapinene,NO,NO2,NOy,O3,BLH_Nell_m,BLH_Nell_m_smoothed,jNO2_ratio,time_UTC
2024-07-27 00:00:00,62.688,1.0,0.0302184755555555,0.6902884149769803,0.007505890143280029,0.05738093585097678,1.2439980266666666,1.0635414579365078e-06,0.0,0.0,0.0,0.0,0.0,0.0,0.0,0.0,0.0,0.0,0.0,0.0,0.0,0.0,0.0,0.0,0.0,0.745,1309.7311111111112,3.4717333333333333,0.04151111111111112,3.4717333333333333,40.73434,-111.87211,298.82377777777776,29.45288888888889,871.5008888888889,134.95177777777778,2.067111111111111,441805.68888888886,1955.1062222222224,181.58622222222223,13339436.49288889,0.0008723555555555,0.0001375377777777,0.0010485155555555,0.0002290044444444,0.0003217555555555,0.0073582222222222,0.0033141688888888,0.1702453022222222,2.684137777777777,4.453385777777777,9.33545798996004,0.3024178050690051,1.4111905116235617,3.3173765294224293,0.0030884417008917,0.2125564937451437,4.0305631631035626,0.0061011599326599,0.3342020167795168,0.5377543027343027,0.0993326442316942,0.3111860373015874,0.0144567676379176,0.06541953154995976,0.1957946148407148,0.0841095937377437,0.0020937571184722827,0.0241929519628519,0.1323628868557368,0.0473266314056314,0.0097221416028416,0.0040536222203722,4.063000000000001,0.20900000000000002,0.13927474779034832,0.009,0.0,0.07366666666666666,0.44266666666666665,0.191,0.091,0.007,0.02116,0.035608318513657984,1.533546927886052,0.39248099055701313,0.16245,0.004333333333333333,0.15714163362778677,0.0012060833565945615,0.14366119171050729,0.03335751384845572,0.06665653831371084,0.5777333333333333,0.14035255548517384,0.22076570126911327,0.04975224858647665,0.01862556717987379,0.024849526204466,0.006666666666666666,0.165825,0.30936440007450305,0.002333333333333333,0.008333333333333333,0.11268326957525088,0.3087430770927449,0.024666666666666667,0.0787142857142857,0.13439329772181074,0.015,0.03736707980977087,0.18493734902761472,0.008356451857880469,0.003,0.045100449496018484,0.004347342290849454,0.009333333333333332,0.004666666666666666,0.03412599523221367,0.01800295300477098,0.0036666666666666666,0.037283726885599416,0.029864852615715767,0.22091475692877488,0.0103666666666666,0.005333333333333334,0.10125752457601292,0.08729942446360184,0.029138053825771695,0.0063932044444444,0.0128059777777777,0.0399206888888888,0.00970188,0.0006718044444444,0.2796197688888889,21600.0,21659.0,866.8481066666667,32.51032,576.9167155555556,108.18347555555556,5.625626666666666,0.15546222222222222,0.03412888888888889,36.36029533333333,33.28730532888889,31.052939657777777,30.032102048888888,28.862921653333334,27.989116102222223,26.989550666666666,26.522768675555554,25.996942746666665,26.196629502222223,26.53493205777778,27.98019832888889,29.039263364444444,29.205227831111113,26.12611132888889,107.18128952444445,30.492433755555556,5.379424751111111,1.1301321555555555,0.13422612,0.09090669777777778,0.04863524888888889,0.034830235555555554,0.02780481777777778,0.02697364,0.02061790222222222,0.019728382222222222,0.01699090666666667,0.017355799999999998,0.020850497777777775,0.027139422222222223,0.018383533333333334,0.015213902222222221,0.009068995555555555,0.012564777777777779,0.01582128888888889,2.9075214095383624,13154288.994517773,1904.0190328250933,0.51625,0.16245,0.0,0.07919766393289358,1.8194,0.0282444444444444,0.09264834779015495,0.055225,0.0144567676379176,0.3067009246359308,0.0,0.0,0.0076444444444444,0.257425,0.6044285714285714,0.0315888888888888,0.0,2.9684108108829474,0.16065,0.0,0.0787142857142857,0.0,0.0705166666666666,0.1951333333333333,0.1131833333333333,0.1623666666666666,0.1886166666666666,0.04885,0.02116,0.021475,0.165825,0.0103666666666666,0.5777333333333333,0.05228,0.0169142857142857,0.4246,0.34286,0.0186,0.03648,0.5323800000000001,0.011225,0.016825,0.19676,0.1171285714285714,0.0838,0.0681857142857142,0.067225,0.0713428571428571,0.0686833333333333,0.0,0.0288833333333333,0.0,0.0,0.0,,,,0.013463966662033425,0.019666666666666666,0.32200800586603506,5.3,4.5,53.0,372.33334,560.94006,1.0,2024-07-27 06:00:00
2024-07-27 00:15:00,61.833777777777776,1.0,0.0341093022222222,0.6784829439762793,0.0074463431738154996,0.05639509401692405,1.2659925555555556,1.1666574682539683e-06,0.0,0.0,0.0,0.0,0.0,0.0,0.0,0.0,0.0,0.0,0.0,0.0,0.0,0.0,0.0,0.0,0.0,0.745,1308.8715555555557,3.461422222222222,0.04373333333333333,3.461422222222222,40.73434,-111.87211,298.78377777777774,29.548444444444446,871.579111111111,140.45395555555558,1.9626666666666668,441372.48888888885,1957.6253333333332,185.75022222222225,13288649.60222222,0.0008329422222222,0.00016856,0.0009652222222222,0.0002867555555555,0.0003491066666666,0.0071269822222222,0.0055108,0.1689117702222222,3.327113777777777,5.583492000000001,9.521401347985348,0.3114896239316239,1.4233268151404153,3.1295840185592185,0.0028317682539682,0.2102437960927961,4.084794197802198,0.0049956346764346,0.36218412967032965,0.5538093008547008,0.0761751995115995,0.2431572078144079,0.0139631599511599,0.06630529573818884,0.1616549108669108,0.0755001384615384,0.002119729481434861,0.0263967257631257,0.1340589594627594,0.0497264271062271,0.0110059589743589,0.0058230178266178,4.08275,0.21450000000000002,0.09007436071367464,0.009499999999999998,0.0,0.07375,0.44225000000000003,0.19075,0.086,0.007,0.02062,0.0302439030870347,1.596660195914539,0.37861074291775987,0.1780875,0.00425,0.1336062252208401,0.0012318437761688816,0.1482379685459414,0.03176813538634179,0.06324240373528313,0.5812999999999999,0.12476441661388038,0.16948670642020883,0.05062447683510237,0.018931668819378765,0.019887144653349502,0.007,0.16161875,0.3147733000558773,0.0025,0.00825,0.09703563186792802,0.3163073078195587,0.02625,0.07153571428571427,0.12604497329135805,0.01575,0.034025309857328156,0.19270301177071103,0.007320597446616355,0.003,0.03794508526989433,0.00451050671813709,0.00975,0.005,0.02988197195074599,0.016150371376351776,0.00375,0.03146279516419956,0.025648639461786825,0.19043606769658117,0.010524999999999951,0.00575,0.09369314343200968,0.07972456834770138,0.025596744289424923,0.0062765955555555,0.0133547733333333,0.0433203022222222,0.0100762444444444,0.0006404533333333,0.2737169688888888,22500.0,22559.0,866.90432,32.579213333333335,597.2316044444444,113.23574222222221,5.906671111111111,0.15606222222222224,0.03615555555555556,36.878451919999996,33.65536873777778,31.301075417777778,30.38554232888889,29.577268595555555,28.480012995555555,27.557703906666667,27.307645297777775,26.98134950222222,27.140619235555555,27.427663693333333,29.255375124444445,30.406222924444442,30.466635466666666,27.4289146,112.58645285333334,32.5284566,6.0727564577777775,1.2044113155555556,0.14292263111111111,0.09936961777777778,0.04952331111111111,0.03953824444444444,0.031499320000000004,0.03437313777777778,0.021238497777777775,0.016686417777777778,0.018658288888888888,0.016946768888888887,0.019940737777777776,0.027510822222222224,0.01957016,0.01452756,0.008690955555555555,0.011027671111111111,0.017585235555555558,3.0424348008171194,13104207.01112076,1906.5252579318371,0.5038540046607327,0.16600650865263877,0.0,0.07786997628273784,1.8810527147359957,0.0282444444444444,0.09135676054876264,0.05685833333333334,0.0139631599511599,0.30233039202538325,0.0,0.0,0.0076444444444444,0.21781875,0.5958940476190476,0.0315888888888888,0.0,3.0973258019155554,0.1554522684306568,0.0,0.07172484098615027,0.0,0.06613749999999995,0.18376836724324366,0.10623991587872522,0.15438675561880272,0.17765924666592287,0.045097249533962186,0.020817743781194147,0.019578066320478472,0.16932954527582805,0.009979726967707396,0.633332771286639,0.048783528051077434,0.015904118695111692,0.42938706785186587,0.3481473683087209,0.019356666666666664,0.037908333333333336,0.5358495901780791,0.008987973781823654,0.016475,0.1690002231030359,0.11374642857142854,0.08184285714285715,0.06665238095238087,0.06549895833333333,0.06938571428571425,0.06907777777777775,0.0,0.029001388888888847,0.0,0.0,0.0,,,,0.013777579378261559,0.01875,0.3212191714971838,4.6085150020703445,3.807946453888919,58.26731860869527,377.33334,560.94006,1.0,2024-07-27 06:15:00
2024-07-27 00:30:00,55.17911111111111,1.0,0.0736672088888888,0.6666774729755782,0.007386796204350971,0.05540925218287132,1.3957192133333334,1.3274688253968253e-06,0.0,0.0,0.0,0.0,0.0,0.0,0.0,0.0,0.0,0.0,0.0,0.0,0.0,0.0,0.0,0.0,0.0,0.745,1308.5671111111112,3.636222222222222,0.05,3.636222222222222,40.73434,-111.87211,299.4211111111111,29.05777777777778,872.0373333333333,160.43355555555556,2.148888888888889,449189.4666666667,1966.2013333333332,216.98933333333332,13615544.004,0.0007842,0.0001156088888888,0.0010681022222222,0.0008203377777777,0.0002827733333333,0.00563612,0.0170446266666666,0.0277326299806674,4.2279832606097605,5.924775617826618,11.891696977777777,0.3061144444444444,2.040903822222222,5.6456928,0.002804,0.2710486222222222,4.507637644444444,0.0034240444444444,0.37614644444444445,0.6077890222222222,0.1785674666666666,0.6188276,0.0303268888888888,0.06719105992641791,0.3513733333333333,0.1176164444444444,0.0021457018443974394,0.0424132,0.1569103111111111,0.0712999555555555,0.0243945777777777,0.0107144444444444,4.1025,0.22000000000000003,0.13528542962000306,0.009999999999999998,0.0,0.07383333333333333,0.44183333333333336,0.1905,0.08099999999999999,0.007,0.02008,0.060054601884377265,1.6597734639430262,0.3647404952785066,0.193725,0.004166666666666667,0.11007081681389339,0.0012576041957432019,0.1636258955008611,0.030178756924227862,0.05982826915685542,0.5848666666666666,0.10917627774258692,0.45266077028384366,0.062376093095187844,0.023055806061795796,0.014924763102233,0.007333333333333333,0.1574125,0.3201822000372515,0.0026666666666666666,0.008166666666666666,0.18399142807041688,0.32387153854637246,0.02783333333333333,0.06435714285714285,0.11769664886090538,0.016499999999999997,0.030683539904885437,0.20046867451380734,0.012387858956077509,0.003,0.07770830097307048,0.004673671145424727,0.010166666666666666,0.005333333333333333,0.0506431673326276,0.025212953411762877,0.0038333333333333336,0.025641863442799707,0.021432426307857882,0.15995737846438746,0.0106833333333333,0.006166666666666667,0.08612876228800645,0.07214971223180092,0.04292035783152367,0.0058179288888888,0.0131469422222222,0.0404267466666666,0.0111356844444444,0.0016797422222222,0.2713507911111111,23400.0,23459.0,867.3278888888889,32.63483111111111,593.4097911111111,110.79558222222222,5.763933333333333,0.15568444444444443,0.03513777777777778,38.63406339111111,35.52718627555556,32.78400456,31.64606864,30.40043617777778,28.855579275555556,27.766618137777776,27.312919604444446,26.555683604444443,26.577308733333332,26.98080985777778,28.182197964444445,29.253131915555556,29.29704491111111,26.244861604444445,108.52186580000001,31.374847928888887,5.635517857777779,1.2111339911111112,0.1527521111111111,0.12375366666666666,0.05792502222222222,0.04282721333333333,0.03855631111111111,0.02825752,0.026018871111111112,0.01769272,0.02247685333333333,0.017835773333333336,0.022807764444444444,0.025735737777777778,0.016872022222222224,0.018250044444444443,0.01103920888888889,0.010622266666666666,0.014962582222222222,3.115771018537953,13426564.213688295,1915.0573891350364,0.4914580093214655,0.1695630173052775,0.0,0.0765422886325821,1.9427054294719914,0.0282444444444444,0.09006517330737034,0.05849166666666667,0.0303268888888888,0.29795985941483566,0.0,0.0,0.0076444444444444,0.1782125,0.5873595238095238,0.0315888888888888,0.0,3.167401409386667,0.15025453686131363,0.0,0.06473539625801483,0.0,0.061758333333333304,0.17240340115315403,0.09929649842411714,0.14640684457093883,0.1667018266651791,0.04134449906792438,0.020475487562388296,0.017681132640956942,0.17283409055165608,0.009592787268748192,0.6889322092399447,0.045287056102154874,0.014893951675937687,0.4341741357037317,0.35343473661744174,0.02011333333333333,0.039336666666666666,0.5393191803561581,0.006750947563647306,0.016125,0.14124044620607176,0.11036428571428568,0.07988571428571428,0.06511904761904753,0.06377291666666667,0.06742857142857138,0.06947222222222219,0.0,0.0291194444444444,0.0,0.0,0.0,,,,0.018002914089907184,0.017833333333333333,0.23770639641012167,5.506743385251988,4.0636646543992265,52.12131817129836,382.33334,560.94006,1.0,2024-07-27 06:30:00
2024-07-27 00:45:00,49.784444444444446,1.0,0.0998802879365079,0.6548720019748773,0.007327249234886443,0.05442341034881859,1.299913715873016,2.445796316931217e-06,0.0,0.0,0.0,0.0,0.0,0.0,0.0,0.0,0.0,0.0,0.0,0.0,0.0,0.0,0.0,0.0,0.0,0.745,1309.0222222222224,3.376,0.04533333333333334,3.376,40.73434,-111.87211,299.138,29.751555555555555,872.124,126.34262222222222,2.036,453006.66666666674,1979.6333333333332,214.476,13950131.029333334,0.0008636838095238,1.9845396825396823e-05,0.0013904193650793,0.001102238095238,0.0002803892063492,0.007239892063492,0.0362472574603174,0.0824547285468235,5.694865053983055,7.418970345894846,12.5982844,0.2872076444444444,2.1031490666666666,6.240912088888889,0.0032915555555555,0.268604,4.578429155555556,0.005444,0.2838948,0.4759519111111111,0.1928185333333333,0.5790263555555556,0.0330704888888888,0.06807682411464698,0.3948363111111111,0.1239092888888888,0.002171674207360018,0.0481226222222222,0.1733526666666666,0.0768867111111111,0.0234765777777777,0.0105598666666666,4.12225,0.2255,0.14157795516863247,0.010499999999999999,0.0,0.07391666666666666,0.4414166666666667,0.19025,0.076,0.007,0.019540000000000002,0.06688399526918808,1.722886731971513,0.3508702476392533,0.2093625,0.004083333333333334,0.08653540840694669,0.001283364615317522,0.12604326661115287,0.02858937846211393,0.056414134578427706,0.5884333333333334,0.09358813887129346,0.42265925733364235,0.07083179654215266,0.026023268640956634,0.0099623815511165,0.007666666666666667,0.15320625,0.3255911000186258,0.0028333333333333335,0.008083333333333333,0.2039123075973729,0.33143576927318624,0.029416666666666667,0.057178571428571426,0.1093483244304527,0.017249999999999998,0.027341769952442717,0.20823433725690368,0.013144988236392405,0.003,0.08681773661992233,0.004836835572712363,0.010583333333333333,0.005666666666666667,0.05374521937565163,0.026567046979157065,0.003916666666666666,0.019820931721399853,0.01721621315392894,0.12947868923219372,0.010841666666666649,0.006583333333333333,0.07856438114400323,0.06457485611590047,0.045508780597764004,0.0041709168253968,0.0087977647619047,0.0276797717460317,0.0089184085714285,0.0020714606349206,0.2351979892063492,24300.0,24359.0,867.4568355555555,32.679253333333335,528.7717111111111,95.07538222222223,5.050315555555556,0.1588088888888889,0.02935555555555556,39.166287213333334,35.68970228888889,32.61467702222222,30.729499426666667,29.23144404,27.426182795555555,25.74652410222222,24.881834404444444,23.815818368888888,23.258790639999997,23.233388582222222,23.978883497777776,24.341693848888887,24.145580177777777,21.601711764444442,87.58223862666667,25.039642062222224,4.420357142222222,1.126638711111111,0.16554250666666667,0.13739128,0.06730368444444444,0.050051439999999996,0.041052462222222225,0.035482759999999995,0.028967515555555556,0.027889644444444448,0.02417389333333333,0.024464306666666664,0.025465088888888886,0.033427479999999996,0.01852204,0.016598031111111113,0.012685759999999999,0.013133773333333333,0.018503337777777778,2.7372251220683204,13756507.268434046,1928.4206804504952,0.4790620139821983,0.17311952595791624,0.0,0.07521460098242636,2.004358144207987,0.0282444444444444,0.08877358606597803,0.060125000000000005,0.0330704888888888,0.29358932680428806,0.0,0.0,0.0076444444444444,0.13860625000000001,0.578825,0.0315888888888888,0.0,2.8056860867914284,0.14505680529197046,0.0,0.05774595152987941,0.0,0.05737916666666665,0.1610384350630644,0.09235308096950906,0.13842693352307495,0.15574440666443534,0.037591748601886577,0.02013323134358244,0.015784198961435417,0.1763386358274841,0.009205847569788988,0.7445316471932504,0.04179058415323231,0.013883784656763678,0.43896120355559753,0.35872210492616263,0.02087,0.040764999999999996,0.5427887705342372,0.004513921345470959,0.015775,0.11348066930910766,0.10698214285714283,0.07792857142857143,0.06358571428571419,0.062046874999999994,0.06547142857142853,0.06986666666666663,0.0,0.02923749999999995,0.0,0.0,0.0,,,,0.021043191826612496,0.016916666666666667,0.27007657731665125,6.96932468774908,5.183240183710775,47.13900645626973,387.33334,560.74969,1.0,2024-07-27 06:45:00
2024-07-27 01:00:00,47.82222222222222,1.0,0.1103279393650793,0.6430665309741762,0.0072677022654219145,0.05343756851476587,1.348565606031746,2.2320071042328044e-06,0.0,0.0,0.0,0.0,0.0,0.0,0.0,0.0,0.0,0.0,0.0,0.0,0.0,0.0,0.0,0.0,0.0,0.745,1309.752,2.9708,0.04328888888888889,2.9708,40.73434,-111.87211,298.93399999999997,30.125333333333334,871.6275555555555,112.72693333333333,1.1133333333333333,453581.1111111111,1982.923555555556,197.944,14234576.403555555,0.000890666031746,5.088095238095238e-05,0.0015413279365079,0.0014928117460317,0.0002853806349206,0.0093153041269841,0.0406908866666666,0.0417754493333333,5.668508888888889,7.4026088888888895,11.585167244444444,0.2826212,2.0695203555555555,6.744166711111111,0.0022495555555555,0.2608905333333333,4.642807777777778,0.0050302222222222,0.20072075555555555,0.4205607111111111,0.1556066666666666,0.3891133777777778,0.0285374222222222,0.06896258830287606,0.3119562666666667,0.1077297777777777,0.0021976465703225966,0.0486896444444444,0.1362556888888889,0.0897464888888888,0.0207805777777777,0.0110926666666666,4.142,0.231,0.119,0.011,0.0,0.074,0.441,0.19,0.071,0.007,0.019,0.045,1.786,0.337,0.225,0.004,0.063,0.0013091250348918422,0.092,0.027,0.053,0.592,0.078,0.244,0.021,0.016,0.005,0.008,0.149,0.331,0.003,0.008,0.149,0.339,0.031,0.05,0.101,0.018,0.024,0.216,0.008,0.003,0.059,0.005,0.011,0.006,0.035,0.019,0.004,0.014,0.013,0.099,0.011,0.007,0.071,0.057,0.03,0.0038664263492063,0.0072212657142857,0.0215477803174603,0.0091791231746031,0.0017534711111111,0.2254069161904761,25200.0,25259.0,866.98176,32.62673777777778,503.71968000000004,89.07344444444445,4.852226666666667,0.16256,0.027155555555555554,39.55904972444444,35.77036452,32.60163148888889,30.63916068888889,29.023994004444443,26.867878417777778,24.90733552,24.017810004444446,22.657294084444445,22.063215573333334,21.667716733333336,22.317954626666666,22.506293493333335,22.16378349777778,19.542750644444443,79.05427382222223,22.401430146666666,4.086157377777778,1.084403457777778,0.16283906666666667,0.13672149333333333,0.07333637333333334,0.054454284444444445,0.043483648888888886,0.040344599999999994,0.03399879555555555,0.028659173333333333,0.026614577777777777,0.024111666666666667,0.027411586666666668,0.0414638,0.02249913777777778,0.017284773333333333,0.013314862222222222,0.014947675555555557,0.02561273777777778,2.7400277979725436,14037004.623600997,1931.694072205123,0.466666018642931,0.176676034610555,0.0,0.07388691333227061,2.066010858943983,0.0282444444444444,0.08748199882458572,0.06175833333333334,0.0285374222222222,0.2892187941937405,0.0,0.0,0.0076444444444444,0.099,0.5702904761904762,0.0315888888888888,0.0,2.808364152590795,0.13985907372262726,0.0,0.050756506801743984,0.0,0.053,0.14967346897297476,0.08540966351490098,0.13044702247521106,0.1447869866636916,0.033838998135848765,0.019790975124776587,0.013887265281913886,0.17984318110331216,0.008818907870829784,0.8001310851465561,0.03829411220430974,0.01287361763758967,0.4437482714074634,0.36400947323488353,0.021626666666666666,0.04219333333333333,0.5462583607123163,0.002276895127294612,0.015425,0.08572089241214355,0.10359999999999997,0.07597142857142856,0.062052380952380866,0.06032083333333333,0.06351428571428566,0.07026111111111107,0.0,0.0293555555555555,0.0,0.0,0.0,,,,0.0011547000607114348,0.016,0.24601325259426382,6.4,4.3,47.0,378.33334,559.99567,1.0,2024-07-27 07:00:00
2024-07-27 01:15:00,48.51866666666667,1.0,0.1080862266666666,0.6312610599734751,0.007208155295957385,0.052451726680713136,1.380448951111111,1.8028082365079366e-06,0.0,0.0,0.0,0.0,0.0,0.0,0.0,0.0,0.0,0.0,0.0,0.0,0.0,0.0,0.0,0.0,0.0,0.745,1310.0164444444445,3.1938666666666666,0.048488888888888894,3.1938666666666666,40.73434,-111.87211,298.75,30.272444444444446,871.2653333333333,117.30062222222223,1.0893333333333333,453852.13333333336,1979.1622222222225,194.4608888888889,14197064.423555557,0.00080056,6.055111111111111e-05,0.0014369333333333,0.0012645644444444,0.0002885822222222,0.0098939644444444,0.0226837777777777,0.0353107306666666,4.8892528888888895,6.638292000000001,11.671286488888889,0.2898504,2.074075777777778,6.966129866666667,0.0022811111111111,0.2738865777777777,4.565047333333333,0.0054543111111111,0.20358684444444444,0.4414147111111111,0.1287922666666666,0.3558337777777778,0.0223725333333333,0.06984835249110513,0.2542781333333333,0.0972027555555555,0.002223618933285175,0.0479718666666666,0.1294504888888888,0.0868083555555555,0.0158372888888888,0.0107848444444444,4.056916666666667,0.22725,0.11330730510384018,0.010499999999999999,4.1666666666666665e-05,0.074,0.44166666666666665,0.19075,0.07125,0.0069166666666666664,0.0212925,0.04479790870593796,1.8007080194233702,0.3415923729282443,0.2177,0.003958333333333334,0.05533829800185206,0.001296228574663032,0.11619779321181771,0.02446811775100953,0.055418639438953546,0.6414583333333334,0.08577120969900656,0.2544204219390502,0.0482545085914983,0.018099947115702054,0.008666576965042923,0.018000000000000002,0.16452187499999998,0.4178583721493377,0.0028333333333333335,0.007833333333333333,0.13948868387890756,0.41944535023499785,0.0295,0.05040892857142856,0.1066191712710853,0.017249999999999998,0.02452856287286925,0.2794010328100537,0.00993176748369705,0.0030157990984989408,0.057358050685561685,0.0072499999999999995,0.0255,0.00575,0.040580257644888526,0.020820338107942,0.003840882618616454,0.0182676823953224,0.018336702411977553,0.09680003705132606,0.011462499999999999,0.006666666666666667,0.07704737028882852,0.06278065236696206,0.03452363715466089,0.0040062844444444,0.0076355866666666,0.0226259422222222,0.0093996044444444,0.0016493866666666,0.22827924,26100.0,26159.0,866.6091511111111,32.61170222222222,527.2859511111111,92.41303111111111,4.9740400000000005,0.16055999999999998,0.02795111111111111,42.41178596888889,38.12020464444445,34.65680491111111,32.43952446666667,30.49645286666667,28.23079726222222,26.13165536,25.05342719111111,23.468906995555553,22.739601284444447,22.561738146666666,23.18465826222222,23.414510595555555,22.94770698222222,20.350660204444445,81.76646434222222,23.286221133333335,4.171295493333334,1.1136739511111111,0.15646830666666667,0.12531809333333332,0.07126192444444444,0.04790176888888889,0.040504995555555555,0.04066298222222222,0.025709373333333334,0.026985751111111112,0.021918017777777778,0.022044053333333334,0.026855426666666668,0.038941262222222224,0.02394822222222222,0.01977927111111111,0.011214786666666667,0.016007053333333333,0.02436845333333333,2.8885252841154183,14000013.298971985,1927.9519792131723,0.47077026631256463,0.17541653028423562,0.0,0.07255922568211487,2.080378251575985,0.0282444444444444,0.08619041158319342,0.06339166666666667,0.0223725333333333,0.284848261583193,0.0,0.0,0.0076444444444444,0.097625,0.5617559523809524,0.0315888888888888,0.0,2.9502592744391465,0.1397621061739655,0.0,0.051070872022954544,0.0,0.05599791666666666,0.1553392853513529,0.09070845557553836,0.135818227999143,0.1535469466640635,0.03659037336886767,0.021984603234179514,0.01418729462167465,0.19150965846539814,0.009554044386976062,0.8235730328365699,0.042719848178771024,0.011264415432890963,0.4946547374815305,0.4071757890805231,0.02238333333333333,0.04362166666666667,0.6019710656232767,0.003929783236382786,0.015075,0.0766832808606256,0.10021785714285711,0.07401428571428571,0.06051904761904753,0.05859479166666666,0.0615571428571428,0.07065555555555551,0.0,0.029473611111111048,0.0,0.0,0.0,,,,0.012925449010525634,0.015083333333333334,0.24218912818688515,6.166074354249932,4.598290741774734,45.969981595139274,353.33334,559.2442,1.0,2024-07-27 07:15:00
2024-07-27 01:30:00,50.422222222222224,1.0,0.0896337599999999,0.6194555889727742,0.007148608326492857,0.051465884846660405,1.3583686133333333,1.8764196666666665e-06,0.0,0.0,0.0,0.0,0.0,0.0,0.0,0.0,0.0,0.0,0.0,0.0,0.0,0.0,0.0,0.0,0.0,0.745,1309.495111111111,3.405555555555556,0.04955555555555556,3.405555555555556,40.73434,-111.87211,298.6482222222222,30.368444444444442,871.1177777777777,120.39728888888888,1.4146666666666665,451865.2,1975.9702222222224,183.21822222222224,14056848.350666666,0.0007760755555555,7.559555555555556e-05,0.0013004488888888,0.0010391022222222,0.0002523733333333,0.0092970355555555,0.0159874044444444,0.0475923466666666,3.958525333333333,5.5897004444444445,11.070866133333334,0.3007010222222222,1.878981555555556,6.551558044444445,0.0029518222222222,0.2439893777777778,4.391353822222222,0.0037455555555555,0.19419306666666666,0.4330816444444444,0.0878395111111111,0.308004,0.0195572888888888,0.07073411667933421,0.2198891555555555,0.0834892888888889,0.0022495912962477533,0.0444398222222222,0.1232846222222222,0.0792602222222222,0.0145241333333333,0.0089940888888888,3.9718333333333335,0.2235,0.09522471054108644,0.01,8.333333333333333e-05,0.074,0.44233333333333336,0.1915,0.0715,0.006833333333333334,0.023585,0.03939432456711622,1.8154160388467406,0.34618474585648856,0.2104,0.003916666666666666,0.04767659600370412,0.0012833321144342215,0.11382229704532036,0.021936235502019064,0.0578372788779071,0.6909166666666666,0.09354241939801312,0.21836713472567637,0.045083628369944985,0.016987151656462262,0.012333153930085845,0.028,0.18004375,0.5047167442986753,0.0026666666666666666,0.007666666666666667,0.12372679368194678,0.4998907004699957,0.028,0.05081785714285712,0.1122383425421706,0.016499999999999997,0.0250571257457385,0.3428020656201074,0.008281819318027381,0.0030315981969978815,0.05015044099003239,0.0095,0.039999999999999994,0.0055,0.03382021651152934,0.017869475876411443,0.0036817652372329074,0.022535364790644795,0.0236734048239551,0.09460007410265213,0.011925,0.006333333333333333,0.08309474057765705,0.06856130473392413,0.028882905107738065,0.0041036622222222,0.0077531911111111,0.0222337066666666,0.0093805377777777,0.0013871422222222,0.2151657066666666,27000.0,27059.0,866.4711511111111,32.72103555555556,512.7998977777778,92.06110222222222,4.928435555555555,0.1596577777777778,0.028480000000000002,38.28026885777778,34.65865136,31.92365275111111,30.218760546666665,28.674383662222223,26.60786045777778,24.93823592888889,24.120561044444447,22.922026008888892,22.49067715111111,22.375210471111114,23.44381161333333,23.521208026666667,23.344781471111112,20.683231031111113,84.23812967555556,24.00897420888889,4.595352168888889,1.0770604888888888,0.14460396,0.11999111999999999,0.060668440000000004,0.04459161333333333,0.03965841777777778,0.030763253333333334,0.02487307111111111,0.02410657777777778,0.019959,0.021233995555555555,0.023443964444444448,0.03830630222222222,0.02352993777777778,0.016684062222222223,0.012321728888888888,0.01254032888888889,0.01973068,2.8116063065763064,13861743.384389006,1924.7763072448172,0.47487451398219827,0.17415702595791627,0.0,0.07123153803195911,2.094745644207987,0.0282444444444444,0.0848988243418011,0.065025,0.0195572888888888,0.2804777289726454,0.0,0.0,0.0076444444444444,0.09625,0.5532214285714285,0.0315888888888888,0.0,2.876760200657778,0.13966513862530378,0.0,0.05138523724416511,0.0,0.058995833333333324,0.16100510172973104,0.09600724763617574,0.14118943352307495,0.16230690666443537,0.03934174860188657,0.02417823134358244,0.014487323961435414,0.20317613582748412,0.010289180903122338,0.8470149805265837,0.047145584153232306,0.009655213228192253,0.5455612035555976,0.45034210492616267,0.02314,0.04505,0.6576837705342372,0.005582671345470959,0.014725,0.06764566930910766,0.09683571428571425,0.07205714285714285,0.0589857142857142,0.056868749999999996,0.059599999999999945,0.07104999999999995,0.0,0.0295916666666666,0.0,0.0,0.0,,,,0.011785347941015187,0.014166666666666668,0.24945416630058068,5.238075433938864,3.8125983391783795,47.7280340811722,328.33334,558.49274,1.0,2024-07-27 07:30:00
2024-07-27 01:45:00,57.54977777777778,1.0,0.0546555155555555,0.607650117972073,0.007089061357028329,0.050480043012607674,1.26564228,1.3941824476190478e-06,0.0,0.0,0.0,0.0,0.0,0.0,0.0,0.0,0.0,0.0,0.0,0.0,0.0,0.0,0.0,0.0,0.0,0.745,1309.4906666666668,3.298622222222222,0.047377777777777776,3.298622222222222,40.73434,-111.87211,298.70866666666666,28.96311111111111,870.9257777777777,116.84235555555556,1.2942222222222222,443286.93333333335,1962.3746666666664,174.45822222222222,13300973.467555556,0.0008293199999999,0.0001230488888888,0.0009914888888888,0.0005053511111111,0.0002342577777777,0.0053180933333333,0.0071844311111111,0.0348458733333333,2.4120297777777773,3.7523417777777777,9.929704074016724,0.3175687781459281,1.4183646632663631,3.575832573927924,0.0018016255355755,0.2179027905427905,4.048300742784993,0.0029337144984644,0.18318618843008844,0.4784911289913789,0.0580184765586265,0.1968833551152552,0.0079751045010545,0.07161988086756328,0.1338083578921079,0.0491467673400673,0.0022755636592103317,0.0324676103803603,0.1004505315647315,0.0558468124116624,0.0087800949901949,0.0037824017427017,3.88675,0.21975,0.08205730165884587,0.0095,0.000125,0.074,0.443,0.19225,0.07175,0.00675,0.025877499999999998,0.025868338539933255,1.830124058270111,0.35077711878473283,0.2031,0.003875,0.040014894005556176,0.001270435654205411,0.1267671180552564,0.019404353253028594,0.06025591831686065,0.740375,0.10131362909701969,0.1346062495302957,0.033340888807570385,0.01286612962124813,0.015999730895128766,0.038,0.195565625,0.591575116448013,0.0025,0.0075,0.08427240542982432,0.5803360507049935,0.0265,0.05122678571428569,0.11785751381325589,0.01575,0.025585688618607747,0.4062030984301611,0.004149867725387336,0.0030473972954968226,0.03210870692491321,0.01175,0.05449999999999999,0.00525,0.016891101216589866,0.010479655910591298,0.0035226478558493613,0.026803047185967196,0.029010107235932656,0.09240011115397818,0.0123875,0.006,0.08914211086648557,0.0743419571008862,0.014756866332769188,0.0049143733333333,0.0104559644444444,0.02834436,0.0108740177777777,0.0008792133333333,0.2458418977777778,27900.0,27959.0,866.31244,32.73444,596.0943866666665,116.06721777777778,6.163968888888889,0.1587422222222222,0.03904,35.38861952888889,32.55661978222222,30.822323231111113,30.020045417777776,29.120118564444446,28.023756302222225,27.21645780888889,26.969907906666666,26.395924426666667,26.65785184,27.28516664,29.195749284444442,30.277712635555556,30.38859818222222,27.266106466666667,113.46120221333334,34.42444922222223,8.238946093333332,1.7092263466666668,0.17825214666666664,0.12851901333333332,0.060438208888888886,0.043217964444444444,0.03633108888888889,0.031195493333333334,0.022649613333333332,0.01950468888888889,0.01451792,0.017087484444444447,0.02306487111111111,0.02927622222222222,0.02267371111111111,0.014603782222222222,0.0112652,0.008418764444444445,0.014566715555555556,2.944999588170424,13116359.824788013,1911.2502970092305,0.4789787616518319,0.17289752163159688,0.0,0.06990385038180338,2.1091130368399895,0.0282444444444444,0.0836072371004088,0.06665833333333333,0.0079751045010545,0.2761071963620978,0.0,0.0,0.0076444444444444,0.094875,0.5446869047619047,0.0315888888888888,0.0,3.0042226677822224,0.13956817107664204,0.0,0.05169960246537568,0.0,0.061993749999999986,0.1666709181081092,0.10130603969681311,0.1465606390470069,0.17106686666480722,0.042093123834905474,0.026371859452985365,0.014787353301196179,0.2148426131895701,0.011024317419268615,0.8704569282165976,0.05157132012769359,0.008046011023493544,0.5964676696296647,0.4935084207718022,0.023896666666666667,0.04647833333333333,0.7133964754451976,0.0072355594545591324,0.014375,0.05860805775758972,0.09345357142857139,0.0701,0.057452380952380866,0.05514270833333333,0.05764285714285709,0.0714444444444444,0.0,0.02970972222222215,0.0,0.0,0.0,,,,0.007563204877065712,0.013250000000000001,0.24191414757813648,3.69611377474551,2.435895715934641,54.310776952643124,303.33334,557.74121,1.0,2024-07-27 07:45:00
2024-07-27 02:00:00,63.486666666666665,1.0,0.0370571466666666,0.5958446469713721,0.007029514387563799,0.04949420117855494,1.2797543377777776,1.155096236878307e-06,0.0,0.0,0.0,0.0,0.0,0.0,0.0,0.0,0.0,0.0,0.0,0.0,0.0,0.0,0.0,0.0,0.0,0.745,1309.0315555555558,3.0354666666666668,0.046933333333333334,3.0354666666666668,40.73434,-111.87211,299.06066666666663,27.112444444444446,870.6964444444444,115.89519999999999,1.6671111111111112,437906.8888888889,1955.9275555555555,192.86933333333332,12476262.437333332,0.0009225333333333,0.0001744755555555,0.0008272222222222,0.0003211511111111,0.0002499244444444,0.0031833244444444,0.0045508711111111,0.0223816355555555,1.5302493333333331,2.907694222222222,8.733664646050245,0.4360301823972323,1.216721574125874,2.183642117458468,0.002302613044363,0.2140543231934732,3.799789605503756,0.0035016733710733,0.1647111745939246,0.5672166427128428,0.1060262169275169,0.1410514526510527,0.0089505177285677,0.07250564505579235,0.0926877347541347,0.0358804326062826,0.00230153602217291,0.0262973903263403,0.0860270318496318,0.0435869416009916,0.0102215732693232,0.0013904649295149,3.8016666666666667,0.216,0.10325500845996555,0.009,0.00016666666666666666,0.074,0.44366666666666665,0.193,0.072,0.006666666666666667,0.02817,0.01940700234079788,1.8448320776934812,0.35536949171297716,0.1958,0.0038333333333333336,0.03235319200740824,0.0012575391939766009,0.1520599815527899,0.016872471004038124,0.0626745577558142,0.7898333333333334,0.10908483879602626,0.09252109445047874,0.02592340924716416,0.010263023544355526,0.01966630786017169,0.048,0.21108749999999998,0.6784334885973506,0.0023333333333333335,0.007333333333333333,0.06542512387002858,0.6607814009399913,0.024999999999999998,0.05163571428571425,0.12347668508434119,0.015,0.026114251491476996,0.46960413124021483,0.002553716643300046,0.0030631963939957633,0.02349020701105465,0.013999999999999999,0.06899999999999999,0.005,0.010351473369804465,0.007625007478628983,0.0033635304744658147,0.03107072958128959,0.034346809647910204,0.09020014820530425,0.01285,0.005666666666666667,0.09518948115531412,0.08012260946784826,0.009300052144424024,0.0059275155555555,0.0140681911111111,0.0417269244444444,0.0139854355555555,0.0006960222222222,0.2693185022222222,28800.0,28859.0,866.0401555555555,32.77095111111111,790.7514222222222,167.53127555555557,8.98528,0.16052444444444444,0.06118666666666666,36.10169239111111,34.26475005333334,33.338337759999995,33.48363080888889,33.24202994666667,33.22415627555555,33.05856198666667,33.837692999999994,34.24921321777778,35.40701329777778,37.21687318222222,40.73864139111111,43.17156300888889,43.93201639111111,39.57460012,169.62361336444442,56.01290240444444,16.227630431111113,3.248024893333333,0.25037270222222224,0.15456242222222225,0.07705670222222222,0.05017070222222222,0.042147724444444444,0.03091247111111111,0.02733008,0.021169395555555557,0.014653488888888889,0.015818782222222223,0.01792586666666667,0.0273212,0.01897270666666667,0.014887324444444443,0.00925988888888889,0.010333657777777778,0.015534706666666667,3.2537452834126075,12303095.543774882,1904.8361647935587,0.48308300932146553,0.1716380173052775,0.0,0.06857616273164763,2.1234804294719916,0.0282444444444444,0.08231564985901649,0.06829166666666667,0.0089505177285677,0.27173666375155026,0.0,0.0,0.0076444444444444,0.0935,0.5361523809523809,0.0315888888888888,0.0,3.2992411841522093,0.1394712035279803,0.0,0.05201396768658624,0.0,0.06499166666666666,0.17233673448648734,0.10660483175745049,0.15193184457093883,0.1798268266651791,0.044844499067924384,0.028565487562388293,0.015087382640956944,0.22650909055165608,0.011759453935414891,0.8938988759066114,0.05599705610215487,0.006436808818794835,0.6473741357037317,0.5366747366174418,0.024653333333333333,0.04790666666666667,0.769109180356158,0.008888447563647307,0.014025000000000001,0.049570446206071775,0.09007142857142852,0.06814285714285713,0.05591904761904753,0.05341666666666666,0.05568571428571423,0.07183888888888884,0.0,0.0298277777777777,0.0,0.0,0.0,,,,0.004896224168551802,0.012333333333333333,0.2,2.7,2.4,57.0,329.66666,556.98975,1.0,2024-07-27 08:00:00
2024-07-27 02:15:00,64.676,1.0,0.0315235155555555,0.584039175970671,0.006969967418099271,0.04850835934450221,1.3005761955555557,1.8487821582491584e-06,0.0,0.0,0.0,0.0,0.0,0.0,0.0,0.0,0.0,0.0,0.0,0.0,0.0,0.0,0.0,0.0,0.0,0.745,1309.0035555555555,3.007111111111111,0.04817777777777778,3.007111111111111,40.73434,-111.87211,299.33,25.726666666666667,870.5053333333334,115.21728888888889,1.283111111111111,436247.0222222222,1953.82,201.604,11908491.89422222,0.0009231066666666,0.0001579911111111,0.0007843111111111,0.00022856,0.0002460355555555,0.0023852266666666,0.00395872,0.0375391026666666,1.5085466666666667,2.9704906666666666,8.729962933333333,0.4076611555555555,1.2586316888888889,2.1475031555555555,0.0013840444444444,0.2201043999999999,3.7586922222222223,0.0019705333333333,0.19716004444444443,0.6537950666666666,0.1155707111111111,0.1496687111111111,0.0042999111111111,0.07339140924402143,0.0839946222222222,0.0308659555555555,0.0023275083851354884,0.0219146666666666,0.0911058222222222,0.0516047555555555,0.0105675555555555,0.0017733333333333,3.7165833333333333,0.21225,0.10746935780684562,0.0085,0.00020833333333333332,0.074,0.44433333333333336,0.19375,0.07225,0.006583333333333333,0.030462499999999997,0.01804104243067838,1.8595400971168514,0.35996186464122143,0.1885,0.0037916666666666667,0.024691490009260297,0.0012446427337477906,0.17674077704268865,0.014340588755047654,0.06509319719476775,0.8392916666666668,0.11685604849503281,0.09901663987608818,0.028535245800316328,0.011179627027788422,0.023332884825214614,0.058,0.226609375,0.7652918607466883,0.0021666666666666666,0.007166666666666667,0.06144071101300057,0.7412267511749892,0.0235,0.05204464285714281,0.12909585635542647,0.014249999999999999,0.02664281436434625,0.5330051640502685,0.0019503952940929505,0.003078995492494704,0.021668211528251186,0.01625,0.08349999999999999,0.00475,0.007879591390640359,0.00654599286477977,0.0032044130930822686,0.03533841197661199,0.03968351205988776,0.08800018525663031,0.0133125,0.005333333333333334,0.10123685144414263,0.08590326183481033,0.007237457609713944,0.0066275288888888,0.0172307066666666,0.0539028888888888,0.0163878311111111,0.0008152622222222,0.2953434311111111,29700.0,29759.0,865.8140133333333,32.61542222222222,920.3042488888889,201.95459555555556,10.905226666666668,0.16188444444444444,0.07596,36.7044792,35.50929640444444,34.80266301777778,35.42866428,36.04204913333333,36.32583463111111,36.773319324444444,38.25484053333333,39.44009390666667,41.12551347111111,43.895146866666664,48.68857246666666,51.82474842222222,53.17922167111111,47.709619360000005,207.74107108888887,70.26783925777777,21.508446235555553,4.181026062222222,0.2822192133333334,0.18309966222222224,0.08907050666666666,0.06357085333333333,0.04315351111111111,0.03092270222222222,0.03361521333333333,0.0214978,0.021944835555555556,0.016046035555555557,0.02056035111111111,0.02401276,0.020198466666666668,0.015010773333333333,0.011247346666666666,0.010232857777777778,0.015366155555555558,3.3810191778442236,11743205.490650125,1902.7393900130046,0.4871872569910991,0.17037851297895812,0.0,0.06724847508149188,2.1378478221039936,0.0282444444444444,0.08102406261762418,0.069925,0.0042999111111111,0.2673661311410027,0.0,0.0,0.0076444444444444,0.092125,0.5276178571428571,0.0315888888888888,0.0,3.420856338910537,0.13937423597931853,0.0,0.0523283329077968,0.0,0.06798958333333331,0.17800255086486547,0.11190362381808787,0.15730305009487078,0.18858678666555098,0.04759587430094328,0.03075911567179122,0.015387411980717707,0.23817556791374206,0.012494590451561169,0.9173408235966253,0.060422792076616154,0.004827606614096126,0.6982806017777987,0.5798410524630813,0.02541,0.049335000000000004,0.8248218852671185,0.010541335672735479,0.013675,0.04053283465455383,0.08668928571428566,0.06618571428571428,0.0543857142857142,0.051690625,0.053728571428571376,0.07223333333333327,0.0,0.029945833333333248,0.0,0.0,0.0,,,,0.00583531913259196,0.011416666666666667,0.24350729409530403,2.795279425718494,1.850067540314766,60.89228840747663,414.66666,556.23822,1.0,2024-07-27 08:15:00
2024-07-27 02:30:00,62.22044444444444,1.0,0.0343956755555555,0.57223370496997,0.006910420448634743,0.04752251751044948,1.2577027111111112,2.0582579595959596e-06,0.0,0.0,0.0,0.0,0.0,0.0,0.0,0.0,0.0,0.0,0.0,0.0,0.0,0.0,0.0,0.0,0.0,0.745,1309.079111111111,2.8724444444444446,0.0472,2.8724444444444446,40.73434,-111.87211,299.74955555555556,24.931555555555555,870.5955555555555,145.24617777777775,1.4506666666666668,437424.1777777778,1955.7355555555555,193.29244444444444,11714221.143111112,0.0009494488888888,7.623999999999999e-05,0.0008128711111111,0.0002478844444444,0.0002547688888888,0.0025681288888888,0.0052502133333333,0.0150525749523809,1.4530276190476188,2.917835873015873,8.941333333333334,0.3929566666666667,1.3128521333333334,2.5399429333333337,0.0016168,0.2207162666666667,3.7400642666666655,0.0012969777777777,0.23044737777777777,0.6938323111111111,0.1155505333333333,0.1697208,0.0051549333333333,0.0742771734322505,0.0938826666666666,0.0356423555555555,0.002353480748098067,0.0237153333333333,0.0941316888888888,0.0462620888888888,0.0106562222222222,0.0023912444444444,3.6315,0.20850000000000002,0.10746044835570409,0.008,0.00025,0.074,0.445,0.1945,0.0725,0.006500000000000001,0.032755,0.019594763523210858,1.8742481165402218,0.3645542375694657,0.1812,0.00375,0.01702978801111235,0.0012317462735189802,0.1881541407537149,0.011808706506057186,0.0675118366337213,0.8887500000000002,0.12462725819403939,0.11413156939338773,0.030091338606905937,0.011725725551964258,0.026999461790257535,0.068,0.24213125,0.852150232896026,0.002,0.007,0.06597281056545408,0.821672101409987,0.022,0.05245357142857138,0.13471502762651177,0.013499999999999998,0.027171377237215497,0.5964061968603223,0.0025250721872567003,0.003094794590993645,0.023740653619090425,0.0185,0.09799999999999999,0.0045000000000000005,0.010234113500491766,0.007573778085342716,0.0030452957116987225,0.03960609437193439,0.04502021447186531,0.08580022230795636,0.013774999999999999,0.005,0.10728422173297117,0.09168391420177238,0.009202124400672876,0.0068655511111111,0.0180192488888888,0.0580250266666666,0.0172937822222222,0.0009904711111111,0.2935656088888889,30600.0,30659.0,865.8724933333334,32.68084,871.261,189.53303999999997,10.200048888888888,0.16122222222222224,0.07044,35.25961531555556,34.10837883999999,33.32745244444445,33.99740454222222,34.725648488888886,34.85117910666666,35.11778245777778,36.39554628444444,37.575258751111114,39.19926943555556,41.58149446666666,46.06968203555555,49.24621965777778,50.205311728888894,45.04410383555555,195.50002206666667,65.10803344888889,19.40017343111111,3.721486013333333,0.2505793911111111,0.16203840444444445,0.08548896888888889,0.059959431111111114,0.04426841777777778,0.03071376,0.02315964,0.02026599555555556,0.016994364444444444,0.01663112,0.02095216888888889,0.023697773333333335,0.016695613333333335,0.014629711111111112,0.013810266666666666,0.012120066666666667,0.014936853333333333,3.159763283379234,11551631.161055328,1904.6451469308004,0.49129150466073274,0.16911900865263874,0.0,0.06592078743133614,2.152215214735996,0.0282444444444444,0.07973247537623188,0.07155833333333333,0.0051549333333333,0.2629955985304551,0.0,0.0,0.0076444444444444,0.09075,0.5190833333333333,0.0315888888888888,0.0,3.209437728937778,0.1392772684306568,0.0,0.05264269812900737,0.0,0.07098749999999998,0.18366836724324362,0.11720241587872524,0.16267425561880272,0.19734674666592283,0.05034724953396219,0.032952743781194144,0.01568744132047847,0.24984204527582804,0.013229726967707446,0.9407827712866391,0.06484852805107744,0.003218404409397418,0.7491870678518658,0.6230073683087208,0.026166666666666664,0.050763333333333334,0.880534590178079,0.012194223781823653,0.013325,0.03149522310303589,0.0833071428571428,0.06422857142857141,0.05285238095238086,0.049964583333333326,0.05177142857142851,0.07262777777777772,0.0,0.0300638888888888,0.0,0.0,0.0,,,,0.006394817741524356,0.0105,0.23020566661493364,2.739923144560125,1.8106141696362386,58.624429433549025,499.66666,555.48676,1.0,2024-07-27 08:30:00
2024-07-27 02:45:00,58.22488888888889,1.0,0.0579355666666666,0.560428233969269,0.006850873479170214,0.04653667567639675,1.279043266666667,2.4068243873737377e-06,0.0,0.0,0.0,0.0,0.0,0.0,0.0,0.0,0.0,0.0,0.0,0.0,0.0,0.0,0.0,0.0,0.0,0.745,1309.0475555555556,3.5748888888888883,0.04746666666666667,3.5748888888888883,40.73434,-111.87211,300.10155555555554,25.922222222222224,871.4604444444444,184.06008888888888,1.7342222222222223,440654.3555555556,1975.2626666666663,194.6675555555556,12484373.701333337,0.0009360606349206,6.53742222222222e-05,0.0011167914285714,0.0007821711111111,0.0002730498412698,0.0038055542857142,0.0294718853968253,0.0135493463005698,2.865074635457136,4.424208007640508,9.143496711111112,0.3646263999999999,1.5876413333333332,3.940327822222222,0.0031383111111111,0.2210050666666666,4.004677911111111,0.0012111111111111,0.15546897777777777,0.5703413777777777,0.1197759111111111,0.2642795111111111,0.0121471111111111,0.07516293762047958,0.1573473777777777,0.0586310666666666,0.002379453111060645,0.0274338666666666,0.0811677777777777,0.0465136,0.0127713333333333,0.0045068,3.546416666666667,0.20475,0.10932615414750058,0.0075,0.00029166666666666664,0.074,0.44566666666666666,0.19525,0.07275,0.006416666666666667,0.035047499999999995,0.029567054893747304,1.8889561359635922,0.36914661049770997,0.1739,0.0037083333333333334,0.009368086012964412,0.0012188498132901697,0.1529507455974081,0.009276824257066718,0.06993047607267484,0.9382083333333334,0.13239846789304593,0.18540834567394263,0.02342447220215106,0.009386041254796054,0.030666038755300457,0.07800000000000001,0.257653125,0.9390086050453637,0.0018333333333333335,0.006833333333333334,0.0950613113746168,0.9021174516449848,0.020499999999999997,0.05286249999999994,0.14033419889759707,0.01275,0.027699940110084746,0.659807229670376,0.005290979791136671,0.003110593689492586,0.0370422664231791,0.02075,0.11249999999999999,0.00425,0.021566378090580082,0.012520486384436424,0.002886178330315176,0.04387377676725679,0.05035691688384286,0.08360025935928243,0.0142375,0.004666666666666667,0.1133315920217997,0.09746456656873445,0.018658023673545465,0.0062267469841269,0.014015192063492,0.05019006,0.0152262031746031,0.0010230917460317,0.2705681107936508,31500.0,31559.0,866.6875333333334,32.701235555555556,764.5912888888889,162.0083911111111,8.765102222222222,0.16235555555555556,0.05917333333333333,35.26794330222222,33.70607184,32.3887818,32.43167727555556,32.32430624,32.133181199999996,31.800627888888886,32.60280478666667,33.24730099111111,34.269462097777776,35.6966052,39.45084501777777,41.79043551555556,42.451914324444445,38.12407699999999,163.46338762222223,53.76331932888888,15.726137426666666,3.1262821422222222,0.23872029333333333,0.1579296,0.07864030666666667,0.05993881777777778,0.04549056,0.028846364444444442,0.029091631111111113,0.022999862222222223,0.019018733333333333,0.0174924,0.02125928,0.030542168888888888,0.018677537777777777,0.015854786666666666,0.009974008888888889,0.01250268888888889,0.019147835555555555,3.031968232667974,12311094.225789955,1924.0723710468744,0.49539575233036637,0.16785950432631938,0.0,0.0645930997811804,2.166582607367998,0.0282444444444444,0.07844088813483957,0.07319166666666667,0.0121471111111111,0.2586250659199075,0.0,0.0,0.0076444444444444,0.089375,0.5105488095238095,0.0315888888888888,0.0,3.0873245890907937,0.13918030088199507,0.0,0.05295706335021794,0.0,0.07398541666666664,0.18933418362162174,0.12250120793936262,0.16804546114273466,0.20610670666629471,0.053098624766981094,0.03514637189059707,0.015987470660239235,0.261508522637914,0.013964863483853722,0.964224718976653,0.06927426402553871,0.0016092022046987082,0.800093533925933,0.6661736841543604,0.026923333333333334,0.052191666666666664,0.9362472950890395,0.013847111890911826,0.012975,0.022457611551517945,0.07992499999999994,0.06227142857142856,0.05131904761904753,0.04823854166666666,0.04981428571428566,0.07302222222222216,0.0,0.03018194444444435,0.0,0.0,0.0,,,,0.00399772261737588,0.009583333333333333,0.2293164502895733,4.1478304304622,2.9393140293546125,54.934284243393535,584.66669,554.73529,1.0,2024-07-27 08:45:00
2024-07-27 03:00:00,49.02311111111111,1.0,0.1060520238095238,0.5486227629685678,0.006791326509705686,0.04555083384234402,1.2590155812698416,3.1933088183039184e-06,0.0,0.0,0.0,0.0,0.0,0.0,0.0,0.0,0.0,0.0,0.0,0.0,0.0,0.0,0.0,0.0,0.0,0.745,1308.9324444444444,3.066977777777778,0.04702222222222222,3.066977777777778,40.73434,-111.87211,300.4428888888889,27.424444444444443,872.2977777777778,158.41097777777776,1.6813333333333333,446362.1333333333,2014.312888888889,184.82622222222224,13568115.26711111,0.000938658095238,5.450844444444444e-05,0.0016545352380952,0.0018782638095238,0.0003289853968253,0.0052200215873015,0.048207706031746,0.0135568556783216,5.229501762348763,6.787272954378955,9.50676288888889,0.2912044888888889,2.0007069333333334,6.797080177777778,0.0151796,0.2266473333333333,4.1513048,0.0076955555555555,0.0741428,0.3351914666666667,0.1113081777777777,0.4167992444444445,0.0202775111111111,0.07604870180870865,0.2577247555555556,0.1017917333333333,0.0024054254740232235,0.0392127111111111,0.0915078666666666,0.0601608,0.0165471111111111,0.0091527111111111,3.4613333333333336,0.201,0.11824358404577529,0.007,0.0003333333333333333,0.074,0.44633333333333336,0.196,0.073,0.006333333333333333,0.03734,0.04533948087167257,1.9036641553869624,0.37373898342595424,0.1666,0.0036666666666666666,0.0017063840148164762,0.0012059533530613595,0.08591687502595298,0.00674494200807625,0.0723491155116284,0.9876666666666668,0.1401696775920525,0.3003751719285413,0.028742002586668203,0.011252186694803112,0.03433261572034338,0.088,0.273175,1.0258669771947013,0.0016666666666666668,0.006666666666666667,0.14106841333083028,0.9825628018799826,0.018999999999999996,0.0532714285714285,0.14595337016868237,0.012,0.028228502982953995,0.7232082624804297,0.010483894502399595,0.0031263927879915266,0.05808043062678136,0.023,0.127,0.004,0.04284239013785281,0.021807793835580347,0.0027270609489316294,0.048141459162579184,0.05569361929582041,0.08140029641060849,0.0147,0.004333333333333333,0.11937896231062822,0.10324521893569652,0.036411211948323176,0.0037126498412698,0.0055386057142857,0.0214851939682539,0.0084340539682539,0.0011594088888888,0.2225626584126984,32400.0,32459.0,867.5417199999999,32.61661333333333,492.83694222222226,95.36859111111112,5.511982222222222,0.17348,0.03256888888888889,32.65664613777778,30.10681697333333,28.056114942222223,26.96433661777778,25.520126231111114,24.303131688888886,22.88444637777778,22.474069853333333,21.855873248888887,21.53960706666667,21.825207764444443,23.209756031111112,23.80918260888889,23.544653826666668,21.046618613333333,86.20954401777777,27.113858951111112,7.120535502222222,1.7142933377777778,0.18438204888888887,0.14153044,0.07866761333333333,0.06466993333333333,0.044705520000000006,0.04323938666666667,0.037412600000000004,0.027889177777777777,0.027203742222222223,0.03254538666666666,0.035151617777777776,0.04553753333333333,0.03046554222222222,0.02553483555555556,0.018395102222222223,0.01749743111111111,0.027175608888888887,2.4494357188097475,13379793.77387144,1962.9228397402157,0.4995,0.1666,0.0,0.06326541213102466,2.18095,0.0282444444444444,0.07714930089344726,0.074825,0.0202775111111111,0.25425453330936,0.0,0.0,0.0076444444444444,0.088,0.5020142857142857,0.0315888888888888,0.0,2.530692122228622,0.1390833333333333,0.0,0.0532714285714285,0.0,0.0769833333333333,0.1949999999999999,0.1278,0.1734166666666666,0.2148666666666666,0.05585,0.03734,0.0162875,0.273175,0.0147,0.9876666666666668,0.0737,0.0,0.851,0.70934,0.02768,0.05362,0.99196,0.0155,0.012625,0.01342,0.0765428571428571,0.0603142857142857,0.0497857142857142,0.0465125,0.0478571428571428,0.0734166666666666,0.0,0.0302999999999999,0.0,0.0,0.0,,,,0.005909659257976086,0.008666666666666666,0.2293208923691479,5.2,4.709919720061786,46.0,611.33331,553.7959,1.0,2024-07-27 09:00:00
2024-07-27 03:15:00,47.62044444444444,1.0,0.1013482203174603,0.5368172919678669,0.006731779540241157,0.04456499200829129,1.4258130958730155,2.7488154070152067e-06,0.0,0.0,0.0,0.0,0.0,0.0,0.0,0.0,0.0,0.0,0.0,0.0,0.0,0.0,0.0,0.0,0.0,0.745,1309.0097777777778,2.5588888888888888,0.04502222222222222,2.5588888888888888,40.73434026666667,-111.87211,299.98644444444443,28.741333333333333,872.7853333333334,139.94266666666667,1.6448888888888888,442404.7555555555,2025.0893333333331,156.50488888888887,13708248.14,0.0007004809523809,4.3642666666666654e-05,0.0013820142857142,0.0014501012698412,0.0002969292063492,0.0037745749206349,0.0218228085714285,0.0241555142222222,3.8328426666666666,5.163621777777777,8.325855333333333,0.2546250222222222,2.091486088888889,9.715223866666664,0.0067983555555555,0.2421170666666666,3.8734953777777776,0.0035388444444444,0.06562631111111111,0.2415232444444444,0.0849907111111111,0.3668140444444445,0.0190296444444444,0.07693446599693773,0.2469719555555555,0.0907843555555555,0.0024313978369858024,0.0607891555555555,0.0991492444444444,0.0673281333333333,0.0177646222222222,0.0076823555555555,3.37625,0.19725,0.09396682948542731,0.006500000000000001,0.000375,0.074,0.447,0.19675,0.07325,0.00625,0.046005,0.04364987963073457,1.760748116540222,0.3198042375694657,0.15445,0.003625,0.004779788011112358,0.0011930568928325493,0.05921500022857798,0.012308706506057188,0.08851183663372131,0.8377500000000001,0.1261272581940394,0.2626971634629611,0.032671684328241093,0.012631277575800709,0.03624946179025754,0.098,0.26088125,1.322150232896026,0.0015,0.006500000000000001,0.13613996055723834,0.906672101409987,0.017499999999999998,0.051453571428571376,0.17746502762651178,0.01125,0.024421377237215495,0.8789061968603222,0.009159531872968843,0.0031421918864904673,0.05582674381948784,0.025249999999999998,0.14150000000000001,0.00375,0.03741631310300127,0.019439227510073057,0.0025679435675480832,0.04160609437193439,0.06977021447186531,0.07380022230795637,0.020525,0.004,0.15278422173297118,0.1326839142017724,0.03188356987991614,0.0023857368253968,0.0022689971428571,0.0127784638095238,0.0047992939682539,0.0009676653968253,0.2155470457142857,33300.0,33359.0,868.0530577777778,32.585946666666665,324.13635555555555,57.26468,3.4102888888888887,0.17619555555555558,0.01796888888888889,26.87506572,24.45399896888889,22.316743235555556,20.99921903111111,19.604151124444446,18.01985064,16.535270186666665,15.660408137777779,14.599660302222222,14.115666488888888,13.756250431111111,14.017579902222222,13.895371084444443,13.447051422222222,11.750321782222223,45.57410836,13.667767702222223,3.2016834044444447,0.9681091022222222,0.13504291111111108,0.1042358,0.057945404444444445,0.04781367111111111,0.03408080888888889,0.03313039555555555,0.025394924444444446,0.02101434666666667,0.025629862222222223,0.02357344888888889,0.025886075555555558,0.03933162666666667,0.022236462222222222,0.024918315555555556,0.016500724444444444,0.01616804,0.025096888888888887,1.9658347792677717,13517981.64324622,1973.6441594584978,0.4758875,0.1760375,0.0,0.06446994281544549,2.105975,0.0282444444444444,0.07832107986094838,0.07120625,0.0190296444444444,0.25821965314462314,0.0,0.0,0.0076444444444444,0.08440624999999999,0.5097571428571429,0.0315888888888888,0.0,2.0685926212561707,0.1437333333333333,0.0,0.051117857142857076,0.0,0.0692083333333333,0.19219166666666657,0.12865416666666665,0.1664458333333333,0.21773333333333328,0.055325,0.03574499999999997,0.012215625,0.24991875,0.01451666666666665,0.8868666666666668,0.07446,0.0,0.767775,0.687335,0.03241,0.060665,1.009995,0.01735,0.017112500000000003,0.0147,0.07429999999999995,0.045235714285714275,0.049060714285714194,0.044909375,0.046435714285714226,0.0701291666666666,0.0,0.030387499999999925,0.0,0.0,0.0,,,,0.007322590066888256,0.00775,0.23559039780519825,5.112761234018284,3.4933446035033664,45.14041725372611,571.33331,552.85657,1.0,2024-07-27 09:15:00
2024-07-27 03:30:00,47.02711111111111,1.0,0.122134713015873,0.5250118209671658,0.006672232570776628,0.04357915017423856,2.304860988253968,1.3711393013227511e-06,0.0,0.0,0.0,0.0,0.0,0.0,0.0,0.0,0.0,0.0,0.0,0.0,0.0,0.0,0.0,0.0,0.0,0.745,1309.272888888889,3.2062666666666666,0.04808888888888889,3.2062666666666666,40.73434582222222,-111.87211,299.18066666666664,32.20088888888889,872.696,111.4320888888889,1.3266666666666667,444194.26666666666,1993.4133333333332,153.16444444444446,15179254.067555556,0.000616626031746,3.277688888888888e-05,0.0013716288888888,0.001250173015873,0.0002869755555555,0.005151266031746,0.0148167485714285,0.0279521004444444,3.2843528888888893,4.734196888888889,9.408380844444444,0.2702573333333333,2.3564432444444443,7.022033155555556,0.0044276888888888,0.3303775555555556,4.270397955555556,0.0056465777777777,0.15287737777777777,0.3578386222222222,0.1054788888888888,0.3542796888888889,0.0149465777777777,0.0778202301851668,0.2275527111111111,0.0823256888888888,0.0024573701999483807,0.0921111999999999,0.1040598666666666,0.0971077333333333,0.0138862666666666,0.0091240888888888,3.291166666666667,0.1935,0.1030133370295312,0.006,0.00041666666666666664,0.074,0.44766666666666666,0.1975,0.0735,0.006166666666666667,0.054669999999999996,0.04059850887042922,1.6178320776934814,0.26586949171297714,0.14229999999999998,0.0035833333333333333,0.007853192007408239,0.0011801604326037388,0.09237286936228671,0.017872471004038125,0.1046745577558142,0.6878333333333334,0.11208483879602626,0.2532489757047284,0.035197038138459404,0.013517530621211617,0.038166307860171694,0.10800000000000001,0.24858750000000002,1.6184334885973506,0.0013333333333333335,0.006333333333333333,0.12723931801359564,0.8307814009399913,0.015999999999999997,0.04963571428571425,0.2089766850843412,0.010499999999999999,0.020614251491476998,1.034604131240215,0.008141819729867807,0.003157990984989408,0.05175665091233323,0.0275,0.156,0.0035,0.033246620931799135,0.01761909255787716,0.002408826186164537,0.035070729581289595,0.0838468096479102,0.06620014820530425,0.02635,0.003666666666666667,0.1861894811553141,0.16212260946784826,0.028404283912285427,0.0036189495238095,0.0037241387301587,0.025456446031746,0.0072862276190476,0.0009497174603174,0.1889149352380952,34200.0,34259.0,868.0020888888889,32.511382222222224,354.5275066666666,64.68308888888889,3.805022222222222,0.1751111111111111,0.020906666666666667,27.11527431111111,24.77520376,22.758969302222223,21.589568986666666,20.441262066666663,18.850291062222222,17.55964970666667,16.901834075555556,15.985308702222222,15.595742862222222,15.384346324444444,15.797897795555555,16.06028224888889,15.597698208888888,13.731091431111112,54.0126152,16.59968167111111,3.986761968888889,1.071900208888889,0.14565511999999997,0.11669377777777777,0.05981148,0.04621776444444445,0.040630328888888886,0.029254408888888892,0.030645266666666667,0.024815622222222222,0.025709124444444446,0.025947973333333332,0.027314657777777775,0.035667826666666666,0.026474764444444444,0.02152427111111111,0.016139,0.015475204444444444,0.02402536,2.502165723586673,14968570.43641074,1942.1301916422033,0.452275,0.185475,0.0,0.06567447349986633,2.031,0.0282444444444444,0.0794928588284495,0.0675875,0.0149465777777777,0.26218477297988624,0.0,0.0,0.0076444444444444,0.0808125,0.5175000000000001,0.0315888888888888,0.0,2.5810776920266667,0.1483833333333333,0.0,0.04896428571428565,0.0,0.0614333333333333,0.18938333333333324,0.12950833333333328,0.15947499999999995,0.22059999999999996,0.0548,0.03414999999999995,0.00814375,0.2266625,0.014333333333333299,0.7860666666666667,0.07522000000000001,0.0,0.68455,0.66533,0.03714,0.06770999999999999,1.02803,0.019200000000000002,0.0216,0.01598,0.07205714285714279,0.03015714285714285,0.0483357142857142,0.04330625,0.045014285714285646,0.0668416666666666,0.0,0.03047499999999995,0.0,0.0,0.0,,,,0.008230589858350505,0.006833333333333334,0.23783622144977204,4.565879476256624,3.171583598564673,44.592436850071216,531.33331,552.10504,1.0,2024-07-27 09:30:00
2024-07-27 03:45:00,47.46088888888889,1.0,0.1237494746031746,0.5132063499664647,0.006612685601312099,0.04259330834018583,2.281540871746032,3.108228888888889e-07,0.0,0.0,0.0,0.0,0.0,0.0,0.0,0.0,0.0,0.0,0.0,0.0,0.0,0.0,0.0,0.0,0.0,0.745,1309.4906666666668,3.432533333333333,0.04462222222222222,3.432533333333333,40.734341244444444,-111.87211,297.9402222222222,33.330666666666666,872.3764444444445,113.13475555555556,1.4497777777777778,445265.2888888889,1975.9902222222224,154.18488888888888,15201557.25911111,0.0007161453968253,2.1911111111111103e-05,0.0013111152380952,0.0014406333333333,0.0002475206349206,0.0070095438095238,0.0186141882539682,0.0236225115555555,3.0618777777777777,4.571468,10.03861086961557,0.2754255581548082,2.2587828446035445,5.0487028497983495,0.0030566125467125,0.3286528362063862,4.311281581340881,0.0054319652828652,0.1575274307599808,0.4122411094868095,0.0726585801883301,0.3079932800181301,0.0147822122840122,0.07870599437339587,0.2037917823213823,0.080388754029304,0.002483342562910959,0.0891043674177674,0.1005691329096829,0.1046288532005032,0.0130378002442002,0.0092724103137603,3.2060833333333334,0.18975,0.08852160557933546,0.0055000000000000005,0.0004583333333333333,0.074,0.44833333333333336,0.19825,0.07375,0.006083333333333334,0.063335,0.03686492368620139,1.4749160388467406,0.21193474585648855,0.13015,0.003541666666666667,0.010926596003704119,0.0011672639723749284,0.10788131362589701,0.023436235502019065,0.1208372788779071,0.5379166666666667,0.09804241939801313,0.2183590541824827,0.03340188115127271,0.012887534404266737,0.040083153930085845,0.118,0.23629375,1.9147167442986752,0.0011666666666666668,0.006166666666666667,0.11634870204409384,0.7548907004699956,0.014499999999999996,0.04781785714285712,0.2404883425421706,0.00975,0.016807125745738498,1.1903020656201075,0.007908775657477144,0.003173790083488349,0.04677658137300838,0.02975,0.17049999999999998,0.0032500000000000003,0.03229181062440563,0.01720230313030107,0.0022497088047809905,0.028535364790644793,0.0979234048239551,0.05860007410265212,0.032175,0.0033333333333333335,0.21959474057765704,0.19156130473392413,0.027607568479139758,0.0040874034920634,0.0047632146031746,0.0306740228571428,0.0084996673015873,0.001183698095238,0.1512226158730159,35100.0,35159.0,867.6692311111111,32.708084444444445,413.79798666666665,77.2175511111111,4.41924,0.17045333333333332,0.025248888888888887,29.516402044444444,27.18872939555556,25.074802502222223,24.04061676,22.894131035555557,21.2059078,20.057891608888887,19.27003028888889,18.405065862222223,18.222802915555558,17.990324044444442,18.831832244444445,19.373624497777776,19.052482226666665,16.81271512,67.85189866222223,20.972529115555556,5.022149675555555,1.2797501866666667,0.14746221333333331,0.1342606266666667,0.0681781911111111,0.05030858666666667,0.035908333333333334,0.03521156444444444,0.027763048888888888,0.028858942222222222,0.024230822222222222,0.019973062222222223,0.029617426666666665,0.03326668,0.02193572,0.01727635111111111,0.013796822222222224,0.019418328888888888,0.02681972,2.327352234165896,14990564.066155013,1924.7962049388545,0.4286625,0.1949125,0.0,0.06687900418428716,1.9560250000000001,0.0282444444444444,0.08066463779595064,0.06396875,0.0147822122840122,0.26614989281514934,0.0,0.0,0.0076444444444444,0.07721875,0.5252428571428571,0.0315888888888888,0.0,2.414036605834603,0.1530333333333333,0.0,0.04681071428571422,0.0,0.0536583333333333,0.18657499999999994,0.13036249999999994,0.1525041666666666,0.22346666666666662,0.054275,0.032554999999999924,0.004071874999999999,0.20340625,0.014149999999999949,0.6852666666666667,0.07598,0.0,0.601325,0.6433249999999999,0.041870000000000004,0.074755,1.046065,0.02105,0.0260875,0.01726,0.06981428571428565,0.015078571428571427,0.0476107142857142,0.041703124999999994,0.04359285714285707,0.0635541666666666,0.0,0.030562499999999975,0.0,0.0,0.0,,,,0.007585134887481845,0.005916666666666667,0.23527510666696083,4.344056600512969,3.0496535191113754,44.99305772944738,491.33334,551.35358,1.0,2024-07-27 09:45:00
2024-07-27 04:00:00,48.75155555555556,1.0,0.0996326768253968,0.5014008789657638,0.006553138631847571,0.041607466506133096,1.879459136190476,3.7683800000000003e-07,0.0,0.0,0.0,0.0,0.0,0.0,0.0,0.0,0.0,0.0,0.0,0.0,0.0,0.0,0.0,0.0,0.0,0.745,1309.3840000000002,3.5968,0.04786666666666666,3.5968,40.73433995555556,-111.87211,297.87177777777777,32.245777777777775,872.0546666666667,123.64751111111111,1.5684444444444445,440224.0444444444,1968.8497777777775,140.58266666666665,14508480.061777778,0.0008326361904761,6.798730158730154e-06,0.0010519822222222,0.0012221857142857,0.0001879444444444,0.0055258025396825,0.0095450279365079,0.0384169364444444,2.661951111111111,3.9989582222222224,8.033591890683391,0.2537495041347541,1.7748351207736706,4.363926234410034,0.0012174941391941,0.2463270704998705,3.678565335264736,0.0077483372960372,0.11685382388537388,0.2534644627742627,0.082451802083102,0.2603415941336442,0.0052375132830132,0.07959175856162495,0.1547544811151811,0.0564450757242757,0.0025093149258735375,0.0485873842805342,0.0847572493191993,0.0613523903670403,0.0091473688145188,0.0048389891663891,3.121,0.186,0.125,0.005,0.0005,0.074,0.449,0.199,0.074,0.006,0.072,0.021,1.332,0.158,0.118,0.0035,0.014,0.0011543675121461182,0.033,0.029,0.137,0.388,0.084,0.186,0.018,0.005,0.042,0.128,0.224,2.211,0.001,0.006,0.08,0.679,0.013,0.046,0.272,0.009,0.013,1.346,0.003,0.00318958918198729,0.028,0.032,0.185,0.003,0.015,0.009,0.0020905914233974444,0.022,0.112,0.051,0.038,0.003,0.253,0.221,0.012,0.0032011485714285,0.0030218317460317,0.0232282111111111,0.00598112,0.0007907888888888,0.1915210526984127,36000.0,36059.0,867.36592,32.86825777777778,337.1509066666667,60.411608888888885,3.4495822222222228,0.16962666666666668,0.01903111111111111,26.387438631111113,24.16247708,22.19714198666667,21.066256786666667,19.777441004444444,18.34082949777778,17.015129893333334,16.038795951111112,15.181348755555556,14.698063911111111,14.40865252,14.923599102222223,15.067950311111112,14.687180133333333,12.818317942222222,49.79917787555555,15.337147640000001,3.6146885466666663,0.9896957866666667,0.13985264,0.11206633777777777,0.05730292888888889,0.045873573333333334,0.027239266666666664,0.03155468888888889,0.024167871111111114,0.025787515555555553,0.019274942222222223,0.01877333333333333,0.026731631111111112,0.026473324444444446,0.019659768888888887,0.020924933333333333,0.00997428,0.013038915555555556,0.020885044444444445,1.9234706310120062,14307106.578719677,1917.692285996555,0.40505,0.20435,0.0,0.068083534868708,1.88105,0.0282444444444444,0.08183641676345176,0.06035,0.0052375132830132,0.2701150126504125,0.0,0.0,0.0076444444444444,0.073625,0.5329857142857143,0.0315888888888888,0.0,2.028112030406506,0.1576833333333333,0.0,0.0446571428571428,0.0,0.0458833333333333,0.1837666666666666,0.1312166666666666,0.1455333333333333,0.2263333333333333,0.05375,0.0309599999999999,0.0,0.18015,0.0139666666666666,0.5844666666666667,0.07674,0.0,0.5181,0.62132,0.0466,0.0818,1.0641,0.0229,0.030575,0.01854,0.0675714285714285,0.0,0.0468857142857142,0.0401,0.0421714285714285,0.0602666666666666,0.0,0.03065,0.0,0.0,0.0,,,,0.0046614347221925236,0.005,0.24402656581435508,3.9,2.4,45.0,464.16666,550.60211,1.0,2024-07-27 10:00:00
2024-07-27 04:15:00,46.28,1.0,0.1148233022222222,0.4895954079650627,0.0064935916623830425,0.040621624672080366,2.189221555555555,3.896353214285714e-07,0.0,0.0,0.0,0.0,0.0,0.0,0.0,0.0,0.0,0.0,0.0,0.0,0.0,0.0,0.0,0.0,0.0,0.745,1310.124,3.0558222222222224,0.05115555555555556,3.0558222222222224,40.734334399999995,-111.87211,297.63755555555554,34.290222222222226,871.9177777777778,133.87973333333332,1.716,443225.3777777778,1975.0991111111111,145.86355555555556,15244090.490666663,0.0008798977777777,4.836825396825393e-06,0.0011338577777777,0.0012550133333333,0.0001637066666666,0.0079474444444444,0.0077461644444444,0.0323070208888888,2.923762666666667,4.266759111111112,9.467969022222222,0.2580871111111111,1.9553972,4.029622044444444,0.0044676444444444,0.2663764444444444,3.907145688888889,0.0104242666666666,0.15207742222222223,0.2829584888888889,0.0364426222222222,0.2665514222222223,0.0065024444444444,0.08047752274985402,0.1578788,0.0610395555555555,0.0025352872888361163,0.0634752,0.1216653777777777,0.0707259111111111,0.0128042666666666,0.0065559555555555,3.1342499999999998,0.18725,0.07253053304419266,0.005083333333333334,0.0005416666666666666,0.07391666666666666,0.4494166666666667,0.1991666666666667,0.0735,0.006083333333333334,0.057019999999999994,0.02965055794840552,1.34474031780654,0.17172334995962724,0.1152,0.0034583333333333332,0.013423360540140235,0.0012729355324733634,0.0710268899293275,0.023436235502019065,0.10389525949828014,0.40074166666666666,0.08327502952847354,0.18712087430396696,0.044250910041716045,0.016694915712581363,0.04719726665078789,0.11766666666666667,0.18828125,2.1940436050832752,0.001,0.006083333333333334,0.09530488414869052,0.833987749516646,0.013333333333333332,0.0345,0.20807480607349138,0.009583333333333333,0.023626499609068846,1.0301749064193444,0.005580759313765866,0.0032053882804862306,0.037153647575188346,0.029666666666666668,0.17008333333333334,0.003,0.022753640535145104,0.013038744755571607,0.0022497088047809905,0.024337687937133874,0.09066433967856621,0.04048398656303482,0.028499999999999998,0.004927685915991403,0.19564855499977254,0.1697517488966635,0.019648702455974408,0.0033083333333333,0.0028108577777777,0.02597812,0.0060694622222222,0.00098556,0.1969695288888888,36900.0,36959.0,867.1983733333333,32.831804444444444,329.26696,58.33251555555556,3.5236444444444444,0.17857333333333333,0.01835111111111111,27.90464668888889,25.25166436888889,22.900726799999997,21.237534275555557,19.728761768888887,18.08497508888889,16.615177515555555,15.595537213333333,14.749920537777777,14.139410875555557,13.731411053333334,14.11957052,14.207470702222222,13.828224573333333,12.029464515555556,45.97452808888889,14.16814212,3.323380697777778,0.9712631511111112,0.12836077333333332,0.11202024000000001,0.06356016444444444,0.04924547555555556,0.036501479999999996,0.03324184,0.03070207111111111,0.02853595111111111,0.01895363111111111,0.022998724444444445,0.02902891111111111,0.03916880444444445,0.028788955555555554,0.02332392888888889,0.016176057777777777,0.016031773333333336,0.028465315555555554,2.030613204393534,15032506.948828561,1923.9096521267475,0.392725,0.1799625,0.0,0.05832450282449584,1.8288625,0.0282444444444444,0.07234273707518732,0.06036875,0.0065024444444444,0.23798986047956522,0.0,0.0,0.0076444444444444,0.05521875,0.4702535714285714,0.0315888888888888,0.0,2.130490925160929,0.13653749999999998,0.0,0.0334928571428571,0.0,0.03441249999999997,0.1758083333333333,0.11037083333333327,0.1215208333333333,0.1887791666666666,0.05156875,0.026239999999999927,0.0,0.15539375,0.01047499999999995,0.5480916666666666,0.06996,0.0,0.441275,0.51942,0.037540000000000004,0.06911,0.86917,0.017175,0.02563125,0.020205,0.0529964285714285,0.0,0.04088214285714277,0.034834375,0.031628571428571374,0.049874999999999926,0.0,0.03049166666666665,0.0043125,0.0,0.0,,,,0.011485941154798049,0.005583333333333333,0.2404123208011115,4.20634640462944,2.8213401613171336,43.90243306089976,451.66666,549.85059,1.0,2024-07-27 10:15:00
2024-07-27 04:30:00,44.412888888888894,1.0,0.1252269111111111,0.4777899369643616,0.006434044692918514,0.039635782838027635,2.32472184,6.782173222222222e-07,0.0,0.0,0.0,0.0,0.0,0.0,0.0,0.0,0.0,0.0,0.0,0.0,0.0,0.0,0.0,0.0,0.0,0.745,1310.157777777778,2.780533333333333,0.05266666666666667,2.780533333333333,40.73433697777778,-111.87211,297.0922222222222,35.27733333333333,871.7755555555556,117.10213333333333,1.434222222222222,445479.06666666665,1978.812888888889,153.652,15414129.573333334,0.0008642311111111,2.874920634920632e-06,0.0011975422222222,0.0013278888888888,0.0001511777777777,0.0106692222222222,0.0064259066666666,0.0366777991111111,2.7178871111111107,4.083358666666666,10.333554888888887,0.3251909777777778,2.1182580888888887,4.451329599999999,0.0050738222222222,0.2978985333333333,4.120369244444444,0.006968,0.19529297777777777,0.3303173777777778,0.0350432888888888,0.2579162222222222,0.0135768444444444,0.0813632869380831,0.1739803111111111,0.0684072,0.0025612596517986946,0.0690598666666666,0.1249419111111111,0.0921034222222222,0.0120072,0.0063814222222222,3.1475,0.1885,0.07191266064509394,0.005166666666666667,0.0005833333333333333,0.07383333333333333,0.44983333333333336,0.19933333333333333,0.073,0.006166666666666667,0.042039999999999994,0.032180609019225224,1.3574806356130802,0.18544669991925444,0.1124,0.003416666666666667,0.012846721080280472,0.0013915035528006083,0.08452742502706626,0.017872471004038125,0.07079051899656028,0.4134833333333333,0.0825500590569471,0.18061180484536762,0.04593591156763192,0.017286253737305853,0.05239453330157578,0.10733333333333334,0.1525625,2.1770872101665506,0.001,0.006166666666666667,0.10268487234660886,0.988975499033292,0.013666666666666667,0.023,0.14414961214698274,0.010166666666666666,0.034252999218137695,0.7143498128386887,0.006467204129792271,0.0032211873789851717,0.040528374452708696,0.027333333333333334,0.15516666666666667,0.003,0.0263855142772874,0.01462411366738024,0.002408826186164537,0.026675375874267746,0.06932867935713244,0.029967973126069646,0.019,0.006855371831982805,0.1382971099995451,0.11850349779332703,0.022679220496254367,0.0035335111111111,0.0031634,0.02832124,0.0066749377777777,0.0010162755555555,0.18252132,37800.0,37859.0,867.0782577777777,32.857235555555555,333.27042222222224,59.86859555555555,3.5460977777777773,0.17547555555555555,0.019093333333333334,26.35669598666667,24.21338302666667,22.272723906666666,20.937285115555554,19.622694484444445,18.246010546666664,16.655567648888887,15.901683662222222,14.90850468,14.494957311111111,14.22617764,14.656406377777778,14.75039784888889,14.564557213333334,12.662545564444445,48.847097293333334,14.859387115555556,3.4458974977777777,0.9512635066666667,0.13705167999999998,0.10926013777777778,0.058304195555555556,0.04903165777777777,0.0391826,0.02972842222222222,0.03063272888888889,0.024848577777777776,0.02805313777777778,0.021797084444444444,0.02894546222222222,0.038982466666666674,0.024016457777777778,0.024196484444444444,0.014940199999999999,0.013366262222222222,0.02494570222222222,2.1072585734792058,15200185.938488467,1927.6044328239868,0.3804,0.15557500000000002,0.0,0.048565470780283684,1.776675,0.0282444444444444,0.0628490573869229,0.0603875,0.0135768444444444,0.20586470830871798,0.0,0.0,0.0076444444444444,0.0368125,0.40752142857142853,0.0315888888888888,0.0,2.2037285554266663,0.11539166666666664,0.0,0.0223285714285714,0.0,0.02294166666666665,0.16784999999999994,0.08952499999999994,0.0975083333333333,0.15122499999999994,0.0493875,0.02151999999999995,0.0,0.13063750000000002,0.0069833333333333,0.5117166666666666,0.06318,0.0,0.36445,0.41752,0.028480000000000002,0.05642,0.67424,0.01145,0.0206875,0.02187,0.0384214285714285,0.0,0.03487857142857135,0.029568749999999998,0.02108571428571425,0.03948333333333325,0.0,0.030333333333333302,0.008625,0.0,0.0,,,,0.012091789344447532,0.006166666666666667,0.2429978006248542,4.0010744191449685,2.6839212253459666,42.17803929628984,439.16666,549.09912,1.0,2024-07-27 10:30:00
2024-07-27 04:45:00,46.348,1.0,0.085060859047619,0.4659844659636606,0.006374497723453986,0.038649941003974904,1.8879253450793647,1.2603e-06,0.0,0.0,0.0,0.0,0.0,0.0,0.0,0.0,0.0,0.0,0.0,0.0,0.0,0.0,0.0,0.0,0.0,0.745,1309.4764444444445,3.036933333333333,0.049066666666666675,3.036933333333333,40.73434191111111,-111.87211,296.6513333333333,34.524,871.6137777777778,114.2155111111111,1.3906666666666667,441291.2888888888,1967.3817777777776,139.53955555555555,14724672.628,0.0007508193650793,9.13015873015871e-07,0.0008666009523809,0.0012098923809523,0.0001332663492063,0.0067331717460317,0.0055320523809523,0.0435796838669108,1.8680664102564104,2.962045476190476,9.2777612,0.2883761333333333,1.5372228888888888,3.292312311111111,0.0027105777777777,0.2347461777777778,3.777808,0.0073487555555555,0.15882635555555555,0.3019445333333333,0.0148780444444444,0.1869363555555556,0.0091982222222222,0.08224905112631217,0.1309439111111111,0.0493530222222222,0.002587232014761273,0.0489056444444444,0.0875740888888888,0.0668217777777777,0.0069081333333333,0.0038060888888888,3.16075,0.18975,0.06300874356793783,0.00525,0.000625,0.07375,0.45025000000000004,0.1995,0.0725,0.00625,0.02706,0.025418244347185967,1.3702209534196204,0.19917004987888165,0.1096,0.003375,0.012270081620420707,0.0015100715731278533,0.07643921621913594,0.012308706506057188,0.03768577849484041,0.42622499999999997,0.08182508858542063,0.1271083674848606,0.026719004227171557,0.010542231341335164,0.05759179995236367,0.097,0.11684375,2.160130815249826,0.001,0.00625,0.08295951105044312,1.1439632485499378,0.014,0.011499999999999996,0.0802244182204741,0.01075,0.04487949882720654,0.398524719258033,0.00417468346838973,0.0032369864774841124,0.03150834553806263,0.025,0.14024999999999999,0.003,0.01699277437635423,0.010524037813184832,0.0025679435675480832,0.029013063811401618,0.04799301903569865,0.019451959689104473,0.009500000000000001,0.008783057747974207,0.0809456649993176,0.06725524668999053,0.014841704729352992,0.0033387879365079,0.0035503447619047,0.0251590196825396,0.0063721206349206,0.0007662799999999,0.1895584831746031,38700.0,38759.0,866.91888,32.92809333333334,351.42822666666666,64.227,3.6362666666666663,0.16850666666666667,0.020524444444444446,25.708672875555557,23.875257097777776,22.10440212,21.017687204444442,19.865760777777776,18.46108030222222,17.08214801333333,16.579450635555553,15.575861662222222,15.337860604444444,15.322596604444444,15.968320586666666,16.17012478222222,16.06990788888889,14.040074608888888,55.891732715555555,17.01324816888889,3.8122665155555557,0.9514724222222223,0.12834687111111112,0.09201044444444445,0.04970982222222222,0.03285684888888889,0.03077572,0.02947490222222222,0.026023804444444448,0.01789926666666667,0.018091168888888887,0.019063035555555555,0.023037173333333334,0.03001886222222222,0.02026715555555556,0.01779604,0.009800591111111112,0.012578022222222223,0.022746702222222224,1.8030839311824876,14520298.455008421,1916.2317952542164,0.36807500000000004,0.1311875,0.0,0.038806438736071536,1.7244875,0.0282444444444444,0.05335537769865847,0.06040625,0.0091982222222222,0.17373955613787073,0.0,0.0,0.0076444444444444,0.01840625,0.3447892857142857,0.0315888888888888,0.0,1.913077857876508,0.09424583333333332,0.0,0.011164285714285696,0.0,0.011470833333333326,0.15989166666666663,0.06867916666666662,0.07349583333333329,0.11367083333333326,0.047206250000000005,0.016799999999999975,0.0,0.10588125000000001,0.00349166666666665,0.47534166666666666,0.0564,0.0,0.287625,0.31562,0.01942,0.04373,0.4793099999999999,0.005725000000000001,0.01574375,0.023535,0.023846428571428505,0.0,0.028874999999999925,0.024303125,0.010542857142857125,0.029091666666666578,0.0,0.030174999999999952,0.012937500000000001,0.0,0.0,,,,0.005182283125127345,0.006750000000000001,0.24708052522780702,3.1537451570598707,1.8437396980195775,43.96523530940852,426.66666,548.34766,1.0,2024-07-27 10:45:00
2024-07-27 05:00:00,46.492888888888885,1.0,0.080214152063492,0.45417899496295955,0.006314950753989457,0.03766409916992217,1.709422722222222,2.8311780297783025e-06,1.3373333333333333e-32,4.68e-31,0.0,0.0,0.0,1.9375396577025137e-44,0.0,0.0,1.1479999999999999e-35,5.12468984397362e-44,0.0,3.8697777777777774e-29,3.6881606424539945e-42,1.885777777777778e-28,1.633777777777778e-28,7.193251983764941e-45,0.0,0.745,1309.2488888888888,2.9502666666666664,0.047288888888888894,2.9502666666666664,40.7343432,-111.87211,296.5562222222222,33.89733333333333,871.6528888888889,116.8932,1.2622222222222221,440267.7333333333,1965.9804444444444,142.392,14213943.457777778,0.0006504434920634,4.9557142857142857e-05,0.0007659628571428,0.0011572434920634,0.0001534809523809,0.0054538673015873,0.0044382095238095,0.0283060535555555,1.6996595168350168,2.7385823737373736,8.829458088888888,0.3080994666666666,1.394980088888889,2.997789155555556,0.0037251999999999,0.2066744444444444,3.568549733333333,0.0098696,0.14380484444444444,0.2425611111111111,0.0188772888888888,0.1904833777777778,0.0066596,0.08313481531454124,0.1311324444444444,0.0487504888888888,0.0026132043777238514,0.0421420444444444,0.0797673333333333,0.0614404,0.0071364444444444,0.0042373333333333,3.174,0.191,0.05389862479943474,0.005333333333333333,0.0006666666666666666,0.07366666666666666,0.45066666666666666,0.1996666666666667,0.072,0.006333333333333333,0.01208,0.02544786883140944,1.3829612712261603,0.21289339983850888,0.1068,0.0033333333333333335,0.011693442160560941,0.0016286395934550985,0.059510863490762636,0.00674494200807625,0.004581037993120545,0.4389666666666666,0.08110011811389417,0.1297820535622693,0.022704274729461682,0.009133293619638737,0.06278906660315156,0.08666666666666667,0.081125,2.143174420333102,0.001,0.006333333333333333,0.08304592367130292,1.2989509980665837,0.014333333333333333,0.0,0.016299224293965485,0.011333333333333332,0.05550599843627539,0.08269962567737739,0.004102189124526645,0.003252785575983053,0.031547860370112736,0.02266666666666667,0.12533333333333332,0.003,0.016695756108358255,0.010394384757557874,0.00272706094893163,0.031350751748535494,0.02665735871426486,0.008935946252139296,0.0,0.01071074366396561,0.02359421999909014,0.016006995586654048,0.014593865932257706,0.0028243171428571,0.0028144501587301,0.020746265079365,0.0052203761904761,0.0006545739682539,0.1918437707936508,39600.0,39659.0,866.9322177777779,32.97330222222222,325.82021777777777,58.88708888888889,3.351368888888889,0.16895555555555558,0.018688888888888887,24.63873691555556,22.702945680000003,20.897128075555553,19.86982908,18.771848564444443,17.25183528,16.14243549777778,15.605777795555555,14.710029328888888,14.121043808888889,14.147725613333334,14.66953300888889,14.806160982222222,14.711136977777779,12.72128884,49.75263044,15.302644022222221,3.551834217777778,0.9026340888888889,0.1111342177777778,0.08816277333333332,0.04821627111111111,0.043726466666666665,0.03106807111111111,0.025606693333333333,0.017957,0.018337235555555557,0.013528004444444445,0.018301013333333335,0.020458164444444444,0.02540125777777778,0.022067173333333336,0.012827684444444444,0.010493035555555556,0.01418180888888889,0.021556146666666668,1.6937049244479776,14016658.057108944,1914.8376301586688,0.35575,0.1068,0.0,0.02904740669185938,1.6723,0.0282444444444444,0.04386169801039404,0.060425,0.0066596,0.14161440396702346,0.0,0.0,0.0076444444444444,0.0,0.2820571428571428,0.0315888888888888,0.0,1.8085619640969173,0.0731,0.0,0.0,0.0,0.0,0.1519333333333333,0.0478333333333333,0.0494833333333333,0.0761166666666666,0.045025,0.01208,0.0,0.081125,0.0,0.4389666666666666,0.04962,0.0,0.2108,0.21372,0.01036,0.03104,0.2843799999999999,0.0,0.0108,0.0252,0.0092714285714285,0.0,0.0228714285714285,0.0190375,0.0,0.0186999999999999,0.0,0.0300166666666666,0.01725,0.0,0.0,,,,0.0037387730981570007,0.007333333333333334,0.23804559803691522,3.3,2.2,42.0,404.83334,547.59613,1.0,2024-07-27 11:00:00
2024-07-27 05:15:00,45.788,1.0,0.0798812247619047,0.44237352396225854,0.006255403784524928,0.03667825733586944,1.659753699047619,4.402056059556605e-06,3.905346988317914e-10,1.374381492921249e-09,7.938218937475555e-37,2.0088050287821105e-13,6.813220418216096e-13,7.78675333688488e-12,1.8705497375680002e-37,4.6152662443339177e-14,5.164479570179298e-11,3.8470662173611845e-11,2.1571268042391577e-15,5.137417006613556e-09,2.632857890809283e-10,9.174938701615556e-10,7.524474593539778e-09,5.848555886301723e-13,3.6764908075915486e-14,0.745,1309.2382222222222,2.6930666666666667,0.048799999999999996,2.6930666666666667,40.734343511111106,-111.87211,296.72555555555556,33.01822222222223,871.588888888889,110.69746666666667,0.7444444444444444,439849.7333333333,1969.08,138.04177777777778,13929997.28577778,0.0006832295238095,8.074920634920631e-06,0.0008509495238095,0.0011652034920634,0.0001814155555555,0.0058569542857142,0.0042356638095238,0.0160156788021978,1.7504778009768012,2.7716905250305253,8.466221377777778,0.3068597333333333,1.3797626222222223,2.956872888888889,0.0037075999999999,0.2039190666666666,3.5130076000000003,0.0073921333333333,0.1273511111111111,0.2040218666666667,0.0245677777777777,0.1943631111111111,0.0093397777777777,0.08402057950277032,0.1268494666666666,0.0472162222222222,0.0026391767406864297,0.0470944888888888,0.0893954222222222,0.0687503555555555,0.0076160444444444,0.0036073777777777,3.1872499999999997,0.19225,0.06728722292569858,0.005416666666666667,0.0007083333333333333,0.07358333333333333,0.45108333333333334,0.19983333333333334,0.0715,0.006416666666666667,0.024055,0.024774879045656593,1.7339865714890894,0.2909105011646629,0.1164125,0.0032916666666666667,0.011239870334756758,0.0017472076137823437,0.04852453263567737,0.043095602319608114,0.033065931368782595,0.8146583333333333,0.15518852456463395,0.1327065317153531,0.02765564949631826,0.010870939627236387,0.06798633325393945,0.07633333333333334,0.219025,2.126218025416377,0.001,0.006416666666666667,0.08108285789233172,1.4539387475832297,0.014666666666666666,0.03177142857142855,0.07834525416152602,0.011916666666666666,0.06613249804534424,0.4075775171473019,0.003917592440562852,0.003268584674481994,0.03065018808812952,0.020333333333333335,0.11041666666666666,0.003,0.015939440726674452,0.010064241426931816,0.002886178330315176,0.051524806095316636,0.037371111839975865,0.03400511170824039,0.00642916666666665,0.012638429579957013,0.0644595002999917,0.05118501822620382,0.01396277917895498,0.0024939044444444,0.0022929641269841,0.0199694638095238,0.0044266733333333,0.0006355114285714,0.1808193707936508,40500.0,40559.0,866.8890311111112,33.11098666666667,297.57520444444447,52.90669777777778,3.02156,0.16922222222222225,0.016617777777777776,23.48958967111111,21.592704084444446,19.918553368888887,18.915843275555556,17.773835715555556,16.254637106666667,15.008119648888888,14.208411986666666,13.41629148888889,12.803886711111112,12.73520932,13.184118262222222,13.299184742222222,13.01872728,11.217178684444445,42.878534093333336,13.299962226666668,3.1903351155555555,0.8368429333333334,0.10845075555555556,0.08928068444444444,0.043214546666666666,0.043182582222222224,0.030934515555555556,0.019794182222222224,0.020713275555555556,0.017649444444444443,0.01348210222222222,0.019281844444444442,0.023166213333333335,0.03042823111111111,0.01845316,0.015845915555555555,0.008333253333333334,0.013838208888888889,0.017176244444444443,1.6658953635345188,13736652.975382578,1917.9213305634737,0.42547500000000005,0.1164125,0.0,0.04031422722243046,2.0152,0.0282444444444444,0.05780754188037017,0.06266875,0.0093397777777777,0.1861276249872722,0.0,0.0,0.0076444444444444,0.03044375,0.3737607142857142,0.0315888888888888,0.0,1.7819888473603298,0.10219583333333332,0.0,0.03177142857142855,0.0,0.03235833333333332,0.20594999999999997,0.08007916666666662,0.10879166666666665,0.13531249999999995,0.05803125,0.024055,0.013975,0.219025,0.00642916666666665,0.8146583333333333,0.058505,0.023103571428571425,0.51898125,0.449795,0.016399999999999998,0.03867,0.6295649999999999,0.009425,0.02015625,0.024665,0.0303714285714285,0.020971428571428575,0.0350214285714285,0.02706875,0.012767857142857124,0.035229166666666575,0.01825,0.03301249999999995,0.020503125,0.0,0.0,,,,0.005519057206294923,0.007916666666666667,0.23077537879095075,3.0365012849933324,1.7011098645724312,43.448040321689284,372.33334,546.84467,1.0,2024-07-27 11:15:00
2024-07-27 05:30:00,44.56933333333333,1.0,0.0891502063492063,0.4305680529615575,0.0061958568150604,0.03569241550181671,1.6749477288888888,5.972934089334908e-06,1.3781899569082968e-08,4.112809583845116e-08,2.592993241542356e-31,1.7902249777227886e-11,4.4358778819222064e-11,4.4974545605754586e-10,1.0354619739545006e-31,9.709201928981408e-12,2.583377271491344e-09,1.8688802391433537e-09,2.233508745106098e-13,1.3487202927857687e-07,1.1553022235656719e-08,2.3279103060813332e-08,1.9682489355809336e-07,3.551701699737806e-11,6.467273629401201e-12,0.745,1309.4173333333335,3.0763555555555557,0.05,3.0763555555555557,40.73434004444445,-111.87211,296.8037777777778,32.73688888888889,871.6640000000001,97.62355555555555,0.35333333333333333,441972.84444444446,1975.8897777777777,133.48,13984812.857333334,0.0007584425396825,1.6039365079365078e-05,0.0011835819047619,0.0012087555555555,0.0002294022222222,0.0107380955555555,0.0041133034920634,0.0277075502222222,1.968387555555556,3.082070666666666,9.107588933333334,0.3088283555555555,1.4629094666666669,3.514184133333333,0.0044889777777777,0.2114488,3.606926933333333,0.0101955555555555,0.13606768888888887,0.2117901333333333,0.0215944888888888,0.1920800888888889,0.0107054222222222,0.08490634369099939,0.1256946666666666,0.0508776888888888,0.002665149103649008,0.0527946666666666,0.1098040444444444,0.0796697333333333,0.0086495555555555,0.0055563111111111,3.2005,0.1935,0.06597437408887775,0.0055,0.00075,0.0735,0.4515,0.2,0.07100000000000001,0.006500000000000001,0.03603,0.024593423842078434,2.0850118717520183,0.3689276024908168,0.126025,0.0032500000000000003,0.010786298508952574,0.0018657756341095887,0.050739022021777214,0.07944626263113998,0.06155082474444465,1.19035,0.2292769310153737,0.13098562771544922,0.03815105915274914,0.01455422104832281,0.07318359990472734,0.066,0.356925,2.1092616304996525,0.001,0.006500000000000001,0.08055356531152076,1.6089264970998756,0.015,0.0635428571428571,0.14039128402908654,0.0125,0.07675899765441309,0.7324554086172265,0.004358125119656435,0.0032843837729809346,0.030408152755466163,0.018,0.0955,0.003,0.017744357446620528,0.010852115416879016,0.0030452957116987225,0.07169886044209778,0.048084864965686876,0.059074277164341486,0.0128583333333333,0.014566115495948415,0.10532478060089327,0.08636304086575358,0.015468842734394847,0.0023614155555555,0.002139032063492,0.0202735898412698,0.0041943755555555,0.0006265495238095,0.1586217812698412,41400.0,41459.0,866.9384311111112,33.09422222222222,292.62033333333335,52.350537777777774,3.049768888888889,0.1723288888888889,0.0166,22.883199955555554,21.39975015555556,19.42247584,18.577023195555558,17.504289448888887,15.963784213333332,14.784016764444443,14.013324564444444,13.1909946,12.61546748,12.55106704,12.952619115555557,13.06207036,12.751761231111113,10.990774417777777,42.045903342222225,13.25741116888889,3.2348579955555556,0.8634588177777778,0.10971934666666666,0.09565788888888889,0.048253724444444444,0.03836419111111111,0.033588982222222216,0.02164470222222222,0.018577408888888886,0.02156527111111111,0.013958995555555555,0.022381573333333335,0.02071988888888889,0.028941626666666668,0.02295931111111111,0.01819776,0.008855613333333335,0.01408111111111111,0.018647795555555555,1.725541747152981,13790707.72274959,1924.6962742976891,0.49520000000000003,0.126025,0.0,0.05158104775300153,2.3581,0.0282444444444444,0.07175338575034632,0.0649125,0.0107054222222222,0.23064084600752097,0.0,0.0,0.0076444444444444,0.0608875,0.46546428571428566,0.0315888888888888,0.0,1.8389832860622224,0.13129166666666664,0.0,0.0635428571428571,0.0,0.06471666666666664,0.2599666666666667,0.11232499999999994,0.1681,0.19450833333333328,0.0710375,0.03603,0.02795,0.356925,0.0128583333333333,1.19035,0.06739,0.04620714285714285,0.8271624999999999,0.68587,0.02244,0.0463,0.97475,0.01885,0.0295125,0.02413,0.0514714285714285,0.04194285714285715,0.0471714285714285,0.0351,0.02553571428571425,0.051758333333333253,0.0365,0.0360083333333333,0.02375625,0.0,0.0,,,,0.009292718441718511,0.0085,0.23769156078906117,3.2537721885647093,1.9336725987545642,42.32252551508124,339.83334,546.09314,1.0,2024-07-27 11:30:00
2024-07-27 05:45:00,41.510666666666665,1.0,0.1697239377777778,0.4187625819608565,0.006136309845595871,0.03470657366776398,1.8492060622222224,7.54381211911321e-06,4.130162666666667e-07,1.0328138666666666e-06,2.920999213333333e-29,6.924640888888888e-10,1.741246088888889e-09,1.703712888888889e-08,1.1675738675555555e-29,3.4107646666666667e-10,9.426395555555555e-08,6.824056e-08,8.395256e-12,2.4631684444444444e-06,4.001416622222222e-07,2.6320613333333334e-07,3.050175111111111e-06,1.3468290666666664e-09,2.2913756e-10,0.745,1309.8995555555555,3.351511111111111,0.04964444444444445,3.351511111111111,40.73434,-111.87211,296.5144444444444,33.74,871.804,93.64244444444444,0.4244444444444444,445101.8222222222,2002.6013333333333,142.08311111111112,14565421.997333333,0.0007013955555555,0.0001198044444444,0.00158272,0.0015568888888888,0.0002874666666666,0.0269640888888888,0.0167898222222222,0.0290682933333333,3.771852,5.067491111111112,11.084167234828136,0.2770998408276908,2.0360738947570947,15.267440787314538,0.0059027178858178,0.2595393316350316,4.057293893519444,0.0096308881211381,0.1488085808876309,0.2339212277000776,0.0485549001054501,0.3252018302956304,0.0141947689884189,0.08579210787922847,0.1945079398323898,0.1025742955118955,0.0026911214666115865,0.0702139912864912,0.124952807020757,0.1025179294871794,0.015572192032042,0.0101640077626077,3.21375,0.19475,0.07787868134880918,0.005583333333333333,0.0007916666666666666,0.07341666666666666,0.4519166666666667,0.2001666666666667,0.07050000000000001,0.006583333333333333,0.048005,0.035406141621057936,2.4360371720149474,0.4469447038169708,0.1356375,0.0032083333333333334,0.01033272668314839,0.0019843436544368337,0.05704790348541515,0.11579692294267184,0.09003571812010669,1.5660416666666666,0.30336533746611344,0.2313305718124215,0.04594151493634873,0.017288220195459062,0.07838086655551522,0.05566666666666667,0.49482499999999996,2.092305235582928,0.001,0.006583333333333333,0.11209353322625425,1.7639142466165216,0.015333333333333334,0.09531428571428564,0.2024373138966471,0.013083333333333332,0.08738549726348194,1.057333300087151,0.010578049179872916,0.0033001828714798757,0.044830774388926714,0.015666666666666666,0.08058333333333333,0.003,0.04322815346415675,0.02197618547809307,0.0032044130930822686,0.0918729147888789,0.058798618091397886,0.08414344262044259,0.01928749999999995,0.016493801411939818,0.14619006090179484,0.12154106350530336,0.036733101640158375,0.0023613555555555,0.0019641333333333,0.0209460711111111,0.0042375022222222,0.00081628,0.14073768,42300.0,42359.0,867.0688666666666,33.046262222222225,298.8458844444445,53.566453333333335,3.2394666666666665,0.17879555555555554,0.01733777777777778,24.030237435555556,22.47135002222222,20.593240355555558,19.27365308,17.970081488888887,16.5060742,15.238201724444444,14.27011896,13.357985586666667,12.905078693333333,12.624915333333332,12.949399431111111,12.969026542222222,12.697975075555554,10.916061906666666,41.799503146666666,13.368611235555557,3.305248897777778,0.9075657333333333,0.12861528444444445,0.10702332888888888,0.06559932,0.05071392444444445,0.04255138666666667,0.0279278,0.027737471111111113,0.03075059111111111,0.02166635111111111,0.02732664888888889,0.030050257777777777,0.032520884444444446,0.02735519111111111,0.02493592444444444,0.010556226666666666,0.015550097777777777,0.020616995555555555,2.075828846674677,14363258.176772883,1951.2711922829444,0.564925,0.1356375,0.0,0.06284786828357261,2.7009999999999996,0.0282444444444444,0.08569922962032245,0.06715625,0.0141947689884189,0.27515406702776973,0.0,0.0,0.0076444444444444,0.09133125,0.5571678571428571,0.0315888888888888,0.0,2.173696229422857,0.1603875,0.0,0.09531428571428564,0.0,0.09707499999999997,0.31398333333333334,0.14457083333333326,0.22740833333333332,0.2537041666666667,0.08404375,0.048005,0.041925,0.49482499999999996,0.01928749999999995,1.5660416666666666,0.076275,0.06931071428571428,1.1353437499999999,0.921945,0.02848,0.05393,1.3199349999999999,0.028274999999999998,0.03886875,0.023595,0.0725714285714285,0.06291428571428573,0.059321428571428504,0.043131249999999996,0.038303571428571374,0.06828749999999992,0.05474999999999999,0.03900416666666665,0.027009375000000002,0.0,0.0,,,,0.012093804055259842,0.009083333333333334,0.2384964915542936,5.051949375082899,3.4213154763791205,39.49765574882427,307.33334,545.87585,1.0,2024-07-27 11:45:00
2024-07-27 06:00:00,38.93155555555556,1.0,0.2510937523809524,0.4069571109601554,0.006076762876131342,0.03372073183371125,1.9136604047619048,9.114690148891513e-06,7.540815555555556e-06,2.1129472444444444e-05,5.2628075555555555e-28,9.617291555555556e-09,2.5584299555555555e-08,2.582026666666667e-07,2.1137213333333333e-28,4.5207302222222225e-09,1.4862525777777777e-06,1.086398711111111e-06,1.15727e-10,5.933187111111111e-05,6.611671555555556e-06,7.705328444444444e-06,7.748617777777778e-05,2.0192795111111114e-08,3.086217333333333e-09,0.745,1309.6208888888889,3.6244444444444444,0.04906666666666667,3.6244444444444444,40.73434,-111.87211,296.33666666666664,35.38533333333333,871.8933333333333,113.45599999999999,0.7328888888888888,447321.06666666665,2031.280888888889,152.47377777777777,15114047.175555555,0.0006363142857142,0.0002085952380952,0.0020421952380952,0.0021712047619047,0.0003240714285714,0.057201438095238,0.0292059809523809,0.0173486355555555,5.896665333333334,7.680279555555555,14.576669098706848,0.2648862286343286,3.775664563048063,43.95373120693566,0.0130752851814851,0.3686014968198468,4.691328015954416,0.018013088034188,0.14646883864283866,0.2786152088374588,0.1676458153994154,0.6038338694305695,0.0361049868816368,0.08667787206745754,0.3766106104229104,0.1622083707144707,0.002717093829574165,0.1148640376937877,0.1136904858659858,0.1140818748769748,0.0263020267491767,0.0083147965719465,3.227,0.196,0.16739214599599853,0.005666666666666667,0.0008333333333333333,0.07333333333333333,0.45233333333333337,0.20033333333333334,0.07,0.006666666666666667,0.05998,0.08236713187676793,2.7870624722778765,0.5249618051431247,0.14525,0.0031666666666666666,0.009879154857344207,0.0021029116747640787,0.06540481661527955,0.1521475832542037,0.11852061149576874,1.941733333333333,0.3774537439168532,0.44135874673836156,0.04135321194907898,0.01623057615636725,0.08357813320630311,0.04533333333333334,0.632725,2.0753488406662033,0.001,0.006666666666666667,0.2243337335416893,1.9189019961331675,0.01566666666666667,0.1270857142857142,0.2644833437642076,0.013666666666666667,0.09801199687255079,1.3822111915570754,0.020342650791856504,0.0033159819699788164,0.09605041428481426,0.013333333333333332,0.06566666666666666,0.003,0.07478926458633807,0.019380948382474457,0.0033635304744658147,0.11204696913566005,0.06951237121710889,0.10921260807654368,0.0257166666666666,0.01842148732793122,0.1870553412026964,0.15671908614485314,0.06765648955728759,0.0024074714285714,0.0018711666666666,0.0205904571428571,0.004286419047619,0.0009901571428571,0.1179829952380952,43200.0,43259.0,867.1492400000001,33.01801777777778,308.9918133333333,55.56643555555556,3.547257777777778,0.18817777777777778,0.01799111111111111,25.988377546666666,23.896874617777776,21.85387875111111,20.340268324444445,18.823601013333334,17.234950115555556,15.630267862222222,14.750360995555555,13.666482955555555,13.131032964444444,12.703056031111112,13.233224613333334,13.244128631111112,12.747978488888888,11.048392386666666,42.14474929777778,13.416184035555554,3.309109715555556,0.9791537155555556,0.1439642,0.13292053333333334,0.08180046666666667,0.06414639999999999,0.05362726222222222,0.035463044444444446,0.03707846666666667,0.03393352888888889,0.02959405777777778,0.030477168888888892,0.033261502222222225,0.043884884444444446,0.028527471111111112,0.028259346666666667,0.018895217777777775,0.02242196,0.03156046666666667,2.3064349227108853,14904268.597104441,1979.8040433614715,0.63465,0.14525,0.0,0.07411468881414368,3.0439,0.0282444444444444,0.09964507349029858,0.0694,0.0361049868816368,0.31966728804801847,0.0,0.0,0.0076444444444444,0.121775,0.6488714285714285,0.0315888888888888,0.0,2.3940493014381303,0.1894833333333333,0.0,0.1270857142857142,0.0,0.1294333333333333,0.368,0.1768166666666666,0.2867166666666667,0.3129,0.09705,0.05998,0.0559,0.632725,0.0257166666666666,1.941733333333333,0.08516,0.0924142857142857,1.443525,1.15802,0.03452,0.06156,1.66512,0.0377,0.048225,0.02306,0.0936714285714285,0.0838857142857143,0.0714714285714285,0.0511625,0.0510714285714285,0.0848166666666666,0.073,0.042,0.0302625,0.0,0.0,,,,0.010065270520150181,0.009666666666666667,0.23156387287976216,5.4,4.5,39.0,313.33334,546.78625,1.3785757614097993,2024-07-27 12:00:00
2024-07-27 06:15:00,38.77377777777778,1.0,0.2267072266666666,0.39515163995945435,0.006017215906666814,0.03273488999965852,1.8767033422222223,4.9125149672771676e-05,5.916736444444444e-05,0.00018051213333333333,2.6103084444444448e-27,6.027640444444443e-08,1.6961106666666667e-07,1.7491644444444444e-06,1.0220208888888889e-27,2.322244e-08,1.0413213333333333e-05,7.638978666666667e-06,6.919863555555556e-10,0.0005833868444444445,4.7903084444444444e-05,9.262825777777778e-05,0.0008181744,1.3527711111111112e-07,1.6361715555555556e-08,0.745,1309.100888888889,4.104355555555555,0.0448,4.104355555555555,40.73433986666667,-111.87211,295.61133333333333,37.12177777777777,872.0533333333334,128.1512,1.5115555555555555,449390.8,2030.4377777777777,153.90266666666668,15041300.319555556,0.0006659422222222,0.0002324577777777,0.0018007422222222,0.0022011911111111,0.0002637155555555,0.0453431688888888,0.0241043955555555,0.0947269244444444,5.725249777777778,8.017339111111111,16.19680528888889,0.2637386222222222,3.1810608,9.871120222222222,0.0101030222222222,0.3419918222222222,4.591075333333333,0.0232719111111111,0.1452120888888889,0.2682289333333333,0.1288592888888889,0.5430733333333334,0.0329281777777777,0.08756363625568661,0.3333166666666666,0.1509356888888889,0.0027430661925367432,0.1100452444444444,0.1236161333333333,0.1082501333333333,0.0246426666666666,0.0118823111111111,3.2402499999999996,0.19725,0.11333689861115612,0.00575,0.000875,0.07325,0.45275,0.2005,0.0695,0.00675,0.049735,0.07291032688346688,2.768246095147873,0.2320027800478417,0.1481875,0.003125,0.014909366143008154,0.002221479695091324,0.06244561085859021,0.12086068744065276,0.09764045862182656,1.6033,0.3013403079376399,0.39555846998754635,0.03676490896180924,0.015172932117275438,0.06418359990472733,0.035,0.51404375,1.6367616304996524,0.001,0.00675,0.1986094335972851,1.5151764970998756,0.016,0.10431428571428564,0.21761250782315572,0.014249999999999999,0.07750899765441309,1.0964083936678066,0.018810160556001,0.003331781068477757,0.08497721860124353,0.011,0.05074999999999999,0.003,0.06894419262858725,0.016785711286855843,0.0035226478558493613,0.08828522685174503,0.055134278412831667,0.09290945605740776,0.02153749999999995,0.016988633192566032,0.1535415059020223,0.12753931460863985,0.062457846236259475,0.0024346,0.0018973822222222,0.0198472444444444,0.0043819822222222,0.00094152,0.1086332977777777,44100.0,44159.0,867.3078844444444,32.96405333333333,310.43645333333336,56.07144888888889,3.6008977777777775,0.18924888888888888,0.018124444444444443,26.00566086222222,23.866799342222222,21.688341386666664,20.39533840888889,18.76145861777778,17.201253506666667,15.712939888888888,14.845088102222222,13.700079684444443,13.162320226666667,12.847509973333333,13.303176079999998,13.200580853333333,12.904969888888889,11.245487511111111,42.76408482222222,13.610458835555555,3.3604020044444445,0.9993507422222222,0.15004745777777778,0.13436421333333334,0.07625721333333332,0.06310532,0.050914959999999995,0.04267246222222222,0.040922297777777776,0.03270643555555555,0.028508897777777778,0.029912,0.03452160888888889,0.04706269777777778,0.03316097333333333,0.02451614666666667,0.018066044444444443,0.020310893333333337,0.034122733333333335,2.285593571257557,14832531.446305253,1978.9652450150538,0.5728625,0.11458331098384292,0.0,0.05993524827240028,3.437358184310419,0.0282444444444444,0.08044056583256934,0.06530625000000001,0.0329281777777777,0.2607650953940689,0.0,0.0,0.0076444444444444,0.095275,0.5343535714285714,0.0315888888888888,0.0,2.374134579776721,0.08110890179749213,0.0,0.10142857142857134,0.0,0.09707499999999997,0.31974166666666665,0.1424791666666666,0.22938333333333333,0.25085833333333335,0.08474374999999999,0.044985,0.041925,0.50235,0.01928749999999995,1.5813833333333331,0.07427999999999997,0.06931071428571428,1.1459,0.920455,0.025890000000000003,0.04826,1.31962,0.028274999999999998,0.03616875,0.03921,0.07025357142857137,0.06291428571428573,0.053603571428571375,0.04284375,0.038303571428571374,0.0668916666666666,0.05474999999999999,0.0374,0.022696875000000002,0.0,0.0,,,,0.008036736985040522,0.01025,0.2773360430852402,6.999620331954673,5.6315880559500275,36.969967864399635,363.33334,550.13458,1.0255112012618837,2024-07-27 12:15:00
2024-07-27 06:30:00,43.29288888888889,1.0,0.1124885511111111,0.3833461689587533,0.0059576689372022856,0.03174904816560579,1.4692474533333335,0.00017529293333333335,0.0002071159111111111,0.0006585813333333334,6.217848888888889e-27,2.1047964444444443e-07,5.748795555555555e-07,5.902013333333333e-06,2.3708222222222224e-27,7.263857777777778e-08,3.520728888888889e-05,2.5579542222222224e-05,2.3441884444444444e-09,0.0023202115555555555,0.00016203346666666667,0.00041833479999999997,0.0034300048888888887,4.5738355555555553e-07,5.120733333333334e-08,0.745,1308.908888888889,4.096,0.04688888888888889,4.096,40.73433791111111,-111.87211,295.01088888888887,36.61288888888889,872.1551111111112,123.86164444444445,2.607111111111111,443998.1777777778,1981.0666666666664,146.52133333333333,14125382.639111113,0.0006463466666666,0.0001900488888888,0.00096628,0.0014735555555555,0.0001416533333333,0.0135113511111111,0.0079792222222222,0.2476267911111111,3.125051111111111,5.558212888888888,11.021002311111111,0.2539483111111111,1.8485716,3.764755644444444,0.0046485777777777,0.2361214666666666,3.752205111111111,0.0098447555555555,0.13363106666666666,0.2324067111111111,0.0589142222222222,0.2752866666666667,0.0172814222222222,0.0884494004439157,0.1677996888888889,0.0726191111111111,0.002769038555499322,0.0578054222222222,0.1140964,0.0684197333333333,0.0126344888888888,0.0052062222222222,3.2535,0.1985,0.08245281608629806,0.005833333333333334,0.0009166666666666666,0.07316666666666666,0.45316666666666666,0.2006666666666667,0.069,0.006833333333333334,0.03949,0.03675603725030665,1.7928448378903994,0.19792974525048368,0.151125,0.0030833333333333333,0.019939577428672105,0.002340047715418569,0.05223932216777906,0.08957379162710184,0.07676030574788437,1.2648666666666666,0.2252268719584266,0.19370535559296229,0.032176605974539495,0.014115288078183625,0.04478906660315156,0.02466666666666667,0.3953625,1.1981744203331015,0.001,0.006833333333333334,0.10026292106381364,1.1114509980665837,0.016333333333333335,0.0815428571428571,0.17074167188210382,0.014833333333333334,0.05700599843627539,0.8106055957785376,0.008163236194338024,0.0033475801669766983,0.042643309401247546,0.008666666666666666,0.03583333333333333,0.003,0.0283357518264116,0.014190474191237227,0.003681765237232908,0.06452348456783003,0.04075618560855444,0.07660630403827184,0.0173583333333333,0.007033927287367944,0.1200276706013482,0.09835954307242657,0.02634044664228928,0.0024517955555555,0.0022000844444444,0.0179783911111111,0.0045320888888888,0.0007350311111111,0.1329112133333333,45000.0,45059.0,867.4063866666667,33.05356,320.1373288888889,57.932453333333335,3.3639955555555554,0.17243555555555556,0.018564444444444442,24.934022368888886,22.88929673777778,21.144982764444443,20.091811591111107,18.695691995555556,17.34768001777778,16.044650813333334,15.171292182222222,14.184806955555556,13.722735604444445,13.659334777777778,14.13418236888889,14.287982111111111,14.036750626666667,12.139729822222222,47.23518189777778,15.128690222222222,3.6555669600000003,0.9963560088888889,0.14239147555555556,0.09892238222222223,0.05666029777777778,0.044008519999999995,0.03123228,0.03274605333333333,0.022093302222222222,0.022593906666666667,0.02359988,0.01858852888888889,0.02543136,0.03455479555555555,0.02175992888888889,0.015993853333333332,0.012826079999999998,0.015852026666666668,0.01729887111111111,1.714059857443276,13929326.436844967,1929.8466818565023,0.5110750000000001,0.10272576636332978,0.0,0.045755807730656885,2.931913970303569,0.0282444444444444,0.061236058174840104,0.0612125,0.0172814222222222,0.20186290274011925,0.0,0.0,0.0076444444444444,0.068775,0.41983571428571426,0.0315888888888888,0.0,1.8280118940088887,0.07183070444365032,0.0,0.07577142857142849,0.0,0.06471666666666664,0.27148333333333335,0.1081416666666666,0.17204999999999998,0.18881666666666666,0.0724375,0.02999,0.02795,0.371975,0.0128583333333333,1.2210333333333332,0.06339999999999996,0.04620714285714285,0.848275,0.68289,0.01726,0.03496,0.97412,0.01885,0.0241125,0.055360000000000006,0.04683571428571425,0.04194285714285715,0.03573571428571425,0.034525,0.02553571428571425,0.048966666666666596,0.0365,0.0328,0.01513125,0.0,0.0,,,,0.006008203449930863,0.010833333333333334,0.3677820689919532,4.4070447271412725,3.789005231790419,41.14364932085136,413.33334,556.11102,1.081831654530628,2024-07-27 12:30:00
2024-07-27 06:45:00,42.73288888888889,1.0,0.0962484044444444,0.37154069795805234,0.005898121967737757,0.030763206331553057,1.3725842711111111,0.00039073164444444443,0.000448464,0.0014545813333333333,1.0130546666666667e-26,4.951448888888889e-07,1.269035111111111e-06,1.2886608888888889e-05,3.879915555555555e-27,1.7203862222222225e-07,7.603217777777778e-05,5.455106666666667e-05,5.493324444444444e-09,0.005384591111111111,0.000346432,0.0010484622222222222,0.008234417777777777,1.0064697777777778e-06,1.1778657777777777e-07,0.745,1308.3924444444444,3.9061333333333335,0.04435555555555556,3.9061333333333335,40.73433822222223,-111.87211,294.6891111111111,37.18577777777777,872.1844444444445,123.8056,2.7680000000000002,444619.7333333333,1970.503111111111,160.17155555555556,14181470.995555555,0.0006357022222222,0.0001565066666666,0.0009785288888888,0.0012612488888888,0.0001377822222222,0.0074168133333333,0.0054973377777777,0.44072792,3.5136266666666667,5.189829333333333,10.367352,0.2513036,1.5748944444444446,3.304720977777777,0.0044007111111111,0.2147782222222222,3.650637733333333,0.0093284444444444,0.1426520888888889,0.2354684,0.0479210222222222,0.2295181777777778,0.0137344888888888,0.08933516463214476,0.1490205777777777,0.0617563111111111,0.0027950109184619004,0.0485859111111111,0.1084967555555555,0.0628333333333333,0.0099806666666666,0.0047164444444444,3.26675,0.19975,0.0775987940345317,0.005916666666666666,0.0009583333333333333,0.07308333333333333,0.45358333333333334,0.20083333333333334,0.0685,0.0069166666666666664,0.029244999999999997,0.032654068791965404,1.5841457598646045,0.2609406507015467,0.1540625,0.003041666666666667,0.024969788714336052,0.002458615735745814,0.05311164327861355,0.058286895813550926,0.055880152873942185,0.9264333333333332,0.1491134359792133,0.15920583349817488,0.027588302987269747,0.013057644039091813,0.025394533301575782,0.014333333333333337,0.27668125,0.7595872101665508,0.001,0.0069166666666666664,0.08910479027232505,0.707725499033292,0.016666666666666666,0.05877142857142856,0.12387083594105192,0.015416666666666665,0.0365029992181377,0.5248027978892688,0.0066864682706419265,0.003363379265475639,0.037840217928046704,0.006333333333333333,0.020916666666666667,0.003,0.022703210373980553,0.011595237095618613,0.003840882618616454,0.040761742283915006,0.02637809280427722,0.060303152019135914,0.013179166666666648,0.005653172632666098,0.0865138353006741,0.0691797715362133,0.021330829273376303,0.0025178755555555,0.0024688622222222,0.0185425288888888,0.0045952888888888,0.0006348133333333,0.1759522666666667,45900.0,45959.0,867.4538533333333,32.91446222222222,334.0222222222222,60.17437777777778,3.3536044444444446,0.16562666666666667,0.019115555555555556,25.725736746666666,23.716429746666666,21.89387396888889,20.544805973333332,19.23153408,17.97362915111111,16.597394946666665,15.706445026666666,14.808301675555557,14.380962066666665,14.255734062222222,14.767097413333333,15.122730328888888,14.855214502222223,12.85479136,50.33720180444445,15.933873124444444,3.7806846977777777,0.9661711333333333,0.13487466222222222,0.0864874888888889,0.04818336888888888,0.039092982222222225,0.033789639999999996,0.025912484444444446,0.02990048,0.019983519999999998,0.018555457777777777,0.018912186666666667,0.022878657777777776,0.02388488,0.017144737777777776,0.01280595111111111,0.00962591111111111,0.01157828888888889,0.01600315111111111,1.7367084990504449,13984636.303216837,1919.3371620369728,0.4492875,0.12465379911440269,0.0,0.03157636718891349,2.9901716502027327,0.0282444444444444,0.04203155051711087,0.05711875,0.0137344888888888,0.14296071008616965,0.0,0.0,0.0076444444444444,0.04227499999999999,0.3053178571428571,0.0315888888888888,0.0,1.8496535516828567,0.08898877738009921,0.0,0.05011428571428565,0.0,0.03235833333333332,0.223225,0.07380416666666659,0.11471666666666663,0.12677499999999997,0.06013125,0.014995000000000001,0.013975000000000001,0.24160000000000004,0.006429166666666649,0.8606833333333332,0.05251999999999993,0.023103571428571418,0.5506500000000001,0.44532499999999997,0.008629999999999999,0.02166,0.62862,0.009425,0.012056249999999998,0.07151,0.02341785714285713,0.02097142857142857,0.01786785714285713,0.02620625,0.012767857142857122,0.031041666666666592,0.018250000000000002,0.0282,0.0075656249999999994,0.0,0.0,,,,0.003979669914821203,0.011416666666666667,0.4820086545793395,4.794481086860509,3.512981493750601,40.62645433313212,463.33334,566.14941,1.127873996756779,2024-07-27 12:45:00
2024-07-27 07:00:00,43.80844444444445,1.0,0.102345,0.3597352269573513,0.005838574998273228,0.029777364497500333,1.395137657777778,0.0007240865333333333,0.0007664848888888889,0.002522973333333333,1.4467466666666667e-26,9.257946666666667e-07,2.2227155555555555e-06,2.2377866666666668e-05,5.499515555555556e-27,3.459537777777778e-07,0.0001302905333333333,9.236391111111111e-05,1.041779111111111e-08,0.009696657777777779,0.0005871582222222222,0.0020042266666666668,0.01521323111111111,1.7637911111111112e-06,2.27908e-07,0.745,1308.466222222222,3.4123555555555556,0.04648888888888889,3.4123555555555556,40.73433755555556,-111.87211,294.9428888888889,36.660888888888884,872.0840000000001,131.5791111111111,2.372,442335.6888888889,1971.328888888889,154.89777777777778,14005825.680444444,0.0005970044444444,0.0001293333333333,0.0010635688888888,0.0012299777777777,0.0001515511111111,0.0055582622222222,0.0059310378268556,0.4276689969264069,3.725574343323344,5.481149824952825,11.687132977777775,0.2541525333333333,1.5926855111111111,3.0241442666666667,0.0041249333333333,0.2155919555555555,3.679446933333333,0.0073681333333333,0.1500856,0.2353454666666666,0.0493944888888888,0.2287311555555556,0.0152828,0.09022092882037384,0.1503698222222222,0.0595327111111111,0.0028209832814244788,0.0517723555555555,0.1125871111111111,0.0578058666666666,0.0083658222222222,0.0050675111111111,3.28,0.201,0.07,0.006,0.001,0.073,0.454,0.201,0.068,0.007,0.019,0.018,1.473,0.241,0.157,0.003,0.03,0.0025771837560730594,0.036,0.027,0.035,0.588,0.073,0.13,0.023,0.012,0.006,0.004,0.158,0.321,0.001,0.007,0.07,0.304,0.017,0.036,0.077,0.016,0.016,0.239,0.003,0.0033791783639745797,0.024,0.004,0.006,0.003,0.015,0.009,0.004,0.017,0.012,0.044,0.009,0.003,0.053,0.04,0.012,0.0026743688888888,0.0029293511111111,0.0194845599999999,0.0049409555555555,0.0007519111111111,0.2509203155555555,46800.0,46859.0,867.34532,32.94689777777778,341.2522133333333,61.97056,3.4508444444444444,0.1658088888888889,0.019880000000000002,25.73943243111111,23.691341537777777,21.972544631111113,20.71399176888889,19.623149888888893,18.04115038222222,16.813212093333334,15.995364697777779,15.157169768888888,14.713927537777778,14.63359704888889,15.203891008888888,15.572891097777779,15.300511746666666,13.316440777777778,52.58131555111111,16.63091859111111,3.9653584222222222,1.015605208888889,0.13057305333333333,0.10165770222222223,0.047683840000000005,0.03484251111111111,0.029455964444444444,0.026429382222222225,0.029217720000000003,0.02007281333333333,0.017899826666666667,0.017656413333333336,0.022213542222222223,0.023306373333333335,0.019834440000000002,0.014215795555555555,0.009480657777777778,0.012194426666666668,0.013758959999999999,1.7209282750523123,13811428.893988088,1920.1587157152248,0.3875,0.11665,0.0,0.017396926647170085,1.4534,0.0282444444444444,0.022827042859381627,0.053025,0.0152828,0.08405851743222005,0.0,0.0,0.0076444444444444,0.015775,0.1908,0.0315888888888888,0.0,1.8345749340902668,0.06365,0.0,0.0244571428571428,0.0,0.0,0.1749666666666667,0.0394666666666666,0.0573833333333333,0.0647333333333333,0.047825,0.0,0.0,0.111225,0.0,0.5003333333333333,0.0416399999999999,0.0,0.253025,0.20776,0.0,0.00836,0.28312,0.0,0.0,0.08766,0.0,0.0,0.0,0.0178875,0.0,0.0131166666666666,0.0,0.0236,0.0,0.0,0.0,,,,0.0019511363797115435,0.012,0.4742838100756951,3.3,2.5,45.0,490.0,581.34705,1.2332051326691422,2024-07-27 13:00:00
2024-07-27 07:15:00,46.88222222222223,1.0,0.0595956311111111,0.3479297559566502,0.0057790280288087,0.0287915226634476,1.08478208,0.0008999068,0.0011611795555555556,0.003879515555555555,1.9361955555555557e-26,1.506257333333333e-06,3.413857777777778e-06,3.420293333333334e-05,7.291608888888889e-27,6.226097777777778e-07,0.00019693377777777778,0.00013814666666666668,1.7365155555555556e-08,0.015382133333333332,0.000880084,0.003310937777777778,0.024572666666666666,2.7208888888888887e-06,3.9669955555555554e-07,0.745,1309.247111111111,3.1445333333333334,0.04648888888888889,3.1445333333333334,40.73433804444445,-111.87211,295.5615555555555,35.470222222222226,872.1324444444446,138.1228888888889,2.3115555555555556,439142.13333333336,1962.1444444444448,145.70444444444445,13864904.069777776,0.0003830355555555,8.35288888888889e-05,0.0007555911111111,0.0010022355555555,9.845333333333332e-05,0.0015286177777777,0.005863445218144261,0.1704508076923077,2.2360436430976427,3.3751823618233616,9.898584444444444,0.2556927111111111,1.285034311111111,2.424788355555556,0.0041419555555555,0.1928052,3.528798355555556,0.0089976888888888,0.2082746222222222,0.2503852,0.0468238666666666,0.1783337777777778,0.0092205333333333,0.09110669300860291,0.1104225333333333,0.0415937333333333,0.003590567225285609,0.0445339111111111,0.1374501333333333,0.0494895111111111,0.0063857333333333,0.0022244888888888,3.4374166666666666,0.20858333333333334,0.07711434753479687,0.006666666666666667,0.0010833333333333333,0.07308333333333333,0.45366666666666666,0.20158333333333334,0.069,0.0069166666666666664,0.02734,0.024223000892745993,1.4190076093920823,0.19415889758926363,0.1809625,0.003416666666666667,0.03956462793156788,0.002695751776400304,0.05736166345320358,0.037490204854673276,0.04562837886093995,0.8324416666666666,0.13152286863461463,0.12062388811222782,0.024916666666666667,0.012083333333333333,0.010324902341719929,0.004416666666666667,0.27115625,0.5047157159596445,0.0013333333333333333,0.007333333333333333,0.06617068941640253,0.46941352466369674,0.022500000000000003,0.048435714285714276,0.09494885981548887,0.017833333333333333,0.02645606987540228,0.33752129774091566,0.003945421015675441,0.003493402624496328,0.027968081965037955,0.0045000000000000005,0.006500000000000001,0.0033333333333333335,0.012248580341097815,0.00975,0.004333333333333333,0.02940959541217993,0.01878742584576841,0.05560171850565853,0.011395833333333324,0.0030903367968360454,0.06657450095522117,0.051974859313614,0.012032416356116071,0.0028055511111111,0.0032461422222222,0.01796724,0.0050531466666666,0.0006635911111111,0.3160775688888889,47700.0,47759.0,867.3853555555556,32.870715555555556,366.3997822222222,68.26795999999999,3.7238355555555556,0.1625911111111111,0.022124444444444443,25.341964626666666,23.492808475555556,21.834719408888887,20.863147635555556,19.841404422222222,18.706715293333332,17.486134222222223,16.994626604444445,16.247070431111112,15.894417253333334,16.05135978666667,16.935432457777775,17.546000595555554,17.42142427555556,15.290280817777777,61.14202585333333,19.263589640000003,4.47200624,1.0529787244444444,0.13158424,0.09189008444444444,0.04564720444444445,0.031148279999999997,0.02750314222222222,0.02180352,0.018992604444444443,0.016484466666666666,0.014185586666666666,0.01782901333333333,0.015221786666666666,0.025036164444444446,0.01439413777777778,0.015094035555555555,0.010325337777777777,0.010030524444444444,0.014560151111111112,1.618480237955031,13672463.234286461,1911.021252442313,0.5134125,0.10141349715496617,0.0,0.023862910729545637,2.4767625678392804,0.0282444444444444,0.031584513964053915,0.04284375,0.0092205333333333,0.11091857858880982,0.0,0.0,0.0076444444444444,0.036565625000000004,0.24302142857142858,0.0315888888888888,0.0,1.736681851287123,0.07080389045422587,0.0,0.03977857142857137,0.0,0.0207125,0.2104,0.05803333333333328,0.0870708333333333,0.09789166666666663,0.0528125,0.01309,0.008271875,0.23607499999999998,0.004645833333333325,0.7666916666666667,0.046224999999999926,0.009885714285714275,0.39984375,0.317815,0.002925,0.013489999999999999,0.46514,0.0,0.0061,0.088725,0.016446428571428574,0.016403571428571424,0.01345,0.02539375,0.0,0.02418749999999995,0.00465,0.0268375,0.010409375,0.0,0.0,,,,0.0027143878520866486,0.012083333333333333,0.322129570086309,3.5206435826382183,2.153296370066303,44.45862290880418,490.0,602.73566,1.0225237590957226,2024-07-27 13:15:00
2024-07-27 07:30:00,47.14266666666666,1.0,0.0507914977777777,0.3674849034920635,0.006176145079365,0.0308580244444444,0.970867471111111,0.0011886313333333333,0.0016348044444444445,0.005524902222222222,2.507857777777778e-26,2.2409822222222224e-06,4.838128888888888e-06,4.838915555555555e-05,9.348711111111112e-27,1.033103111111111e-06,0.0002760808888888889,0.0001920271111111111,2.6599822222222223e-08,0.022319155555555557,0.0012272773333333333,0.004889271111111111,0.03598582222222222,3.882933333333333e-06,6.435368888888889e-07,0.745,1309.4902222222222,2.630844444444444,0.04755555555555556,2.630844444444444,40.734339066666664,-111.87211,296.5593333333333,34.39911111111111,872.3266666666666,144.9223111111111,1.6031111111111112,438491.9111111111,1961.1457777777773,149.97955555555558,13957746.644888887,0.0003974844444444,4.564e-05,0.0006414,0.0010118177777777,9.912888888888888e-05,0.0008378533333333,0.005795852609432922,0.2858286958730159,2.5024641269841275,3.603647333333333,9.929542533333334,0.2646878666666666,1.251142888888889,2.372762266666667,0.0034497333333333,0.1908849777777777,3.556950311111111,0.0062382666666666,0.25621702222222226,0.2672498222222222,0.0517465333333333,0.1618350222222223,0.0052985333333333,0.09199245719683198,0.0959851111111111,0.0372687111111111,0.00436015116914674,0.0408820888888888,0.1400927555555555,0.0493520444444444,0.0062977777777777,0.0025367111111111,3.594833333333333,0.21616666666666667,0.0792879396238606,0.007333333333333333,0.0011666666666666668,0.07316666666666666,0.45333333333333337,0.20216666666666666,0.07,0.006833333333333334,0.03568,0.021069398455180674,1.3992774331751363,0.21389327389681345,0.20492500000000002,0.0038333333333333336,0.04912925586313577,0.0028143197967275494,0.062166647409634165,0.047980409709346555,0.056256757721879894,1.0768833333333334,0.19004573726922924,0.10818740188242863,0.026833333333333334,0.012166666666666666,0.014649804683439857,0.004833333333333334,0.38431249999999995,0.688431431919289,0.0016666666666666666,0.007666666666666667,0.05759229374610999,0.6348270493273935,0.028000000000000004,0.06087142857142855,0.11289771963097775,0.019666666666666666,0.03691213975080456,0.4360425954818314,0.0033574460840693587,0.003607626885018076,0.024275454600501716,0.005,0.007,0.0036666666666666666,0.01000598479028661,0.010499999999999999,0.004666666666666667,0.04181919082435986,0.025574851691536817,0.06720343701131706,0.01379166666666665,0.002540589534157711,0.08014900191044234,0.06394971862722801,0.010037837937533486,0.0029020088888888,0.0032296844444444,0.0152330444444444,0.0050326711111111,0.0005795377777777,0.24109576,48600.0,48659.0,867.5627511111111,32.94452888888889,385.24376,72.16216000000001,3.9119866666666665,0.16154222222222223,0.023551111111111113,26.60489145777778,24.30119971111111,22.567346133333334,21.528302013333334,20.460653822222223,19.235369653333333,18.19022942666667,17.569602684444444,16.901389537777778,16.71615607111111,16.79098897777778,17.885966773333333,18.55584084,18.427549511111113,16.462238879999997,66.18825930666667,20.67852026222222,4.592741097777778,1.071498271111111,0.11255018222222221,0.09496700444444445,0.053424297777777775,0.03430796444444444,0.03097323111111111,0.021900839999999998,0.01829359111111111,0.015299239999999999,0.014521377777777778,0.01878649777777778,0.013843737777777778,0.022791791111111112,0.016045293333333332,0.014613426666666667,0.006517053333333333,0.009649631111111112,0.016532226666666667,1.7106806601063702,13764017.181460904,1910.0276942533822,0.6393249999999999,0.10828113454084745,0.0,0.030328894811921185,2.4158179945875915,0.0282444444444444,0.04034198506872621,0.0326625,0.0052985333333333,0.13777863974539958,0.0,0.0,0.0076444444444444,0.05735625,0.29524285714285714,0.0315888888888888,0.0,1.8247829395644444,0.07617762481998964,0.0,0.055099999999999955,0.0,0.041425,0.24583333333333335,0.07659999999999995,0.1167583333333333,0.13104999999999994,0.057800000000000004,0.02618,0.01654375,0.360925,0.00929166666666665,1.03305,0.05080999999999995,0.01977142857142855,0.5466625,0.42787,0.00585,0.018619999999999998,0.64716,0.0,0.0122,0.08979000000000001,0.03289285714285715,0.03280714285714285,0.0269,0.0329,0.0,0.035258333333333294,0.0093,0.030074999999999998,0.02081875,0.0,0.0,,,,0.0034776393244617537,0.012166666666666666,0.3903799334839716,3.7862829955036004,2.3244814148282495,44.69915962531486,490.0,631.22522,0.9685107848484124,2024-07-27 13:30:00
2024-07-27 07:45:00,47.07911111111111,1.0,0.0537219377777777,0.3824061111111111,0.0055858133333333,0.0319060044444444,0.9800718933333334,0.0016939111111111112,0.002181817777777778,0.007411368888888889,3.201417777777778e-26,3.1408266666666666e-06,6.507573333333334e-06,6.507848888888889e-05,1.1827146666666668e-26,1.614128888888889e-06,0.00036815911111111115,0.00025443866666666665,3.847457777777777e-08,0.030129911111111112,0.0016303066666666667,0.006613955555555555,0.048716577777777784,5.264471111111111e-06,9.929226666666667e-07,0.745,1309.0644444444445,3.4718666666666667,0.046622222222222225,3.4718666666666667,40.73434,-111.87211,298.0388888888889,33.23733333333333,872.5248888888889,134.64902222222221,1.5564444444444445,438114.8888888889,1970.4497777777776,151.43777777777777,14249476.98088889,0.0006254755555555,7.784444444444445e-05,0.0007733377777777,0.001083,0.0001113377777777,0.0007666,0.005728260000721583,0.2647491111111111,2.676552,3.8880471111111112,9.585371865725016,0.2679010024734525,1.422678046124246,2.9588864503663,0.0035011012765012,0.1969195397028897,3.723575556967107,0.0086850778517778,0.3002503012691013,0.2703153766844267,0.0481727356532356,0.1952090333407334,0.0072741825433825,0.09287822138506106,0.1179868233655233,0.0482895741869241,0.00512973511300787,0.0448108145521145,0.1433575393069893,0.0527075241665741,0.0079706987086987,0.0038227505106005,3.7522499999999996,0.22375,0.07770993751821842,0.008,0.00125,0.07325,0.453,0.20275,0.07100000000000001,0.00675,0.044020000000000004,0.025875287784186213,1.5830920788917382,0.22062458574472588,0.22888750000000002,0.00425,0.05869388379470365,0.002932887817054795,0.06304006988031645,0.05847061456401982,0.06688513658281983,1.321325,0.2485686059038439,0.13334417375597576,0.028749999999999998,0.01225,0.018974707025159784,0.0052499999999999995,0.49746875,0.8721471478789333,0.002,0.008,0.07066522257212733,0.8002405739910903,0.0335,0.07330714285714282,0.1308465794464666,0.0215,0.047368209626206845,0.5345638932227471,0.004855702250233454,0.003721851145539824,0.029902783599181495,0.0055,0.0075,0.004,0.01572048456162397,0.01125,0.005,0.05422878623653979,0.03236227753730522,0.07880515551697559,0.016187499999999973,0.003941435355747034,0.09372350286566353,0.07592457794084201,0.015120349544578124,0.0028315911111111,0.0030272622222222,0.0142432888888888,0.00462776,0.0006147066666666,0.2433570666666666,49500.0,49559.0,867.7425555555554,33.06732888888889,366.8710977777777,68.42497333333334,3.737777777777778,0.16275555555555557,0.022226666666666665,25.33104723111111,23.407176582222224,21.70415903111111,20.896421008888886,19.657776031111112,18.486820262222224,17.333015106666664,16.83410118666667,16.20168792,15.869883017777777,16.029826102222223,16.99222210222222,17.531277795555557,17.424260515555556,15.61684784,62.44441224888889,19.40221144,4.188180826666667,1.0069667377777778,0.11379659999999998,0.09031280888888889,0.04758650666666667,0.03363646666666667,0.030873373333333332,0.02479118666666667,0.018639426666666667,0.015798,0.017170635555555553,0.017309826666666663,0.01498178222222222,0.023992053333333332,0.019752719999999998,0.013585871111111111,0.006915875555555556,0.005761448888888889,0.01792070222222222,1.7544166558443595,14051698.385255197,1919.2841015195402,0.7652375,0.11062365645196875,0.0,0.03679487889429674,2.380480139844316,0.0282444444444444,0.049099456173398504,0.02248125,0.0072741825433825,0.16463870090198934,0.0,0.0,0.0076444444444444,0.078146875,0.3474642857142857,0.0315888888888888,0.0,1.8665743840231743,0.0780105827630264,0.0,0.07042142857142852,0.0,0.0621375,0.28126666666666666,0.09516666666666662,0.1464458333333333,0.1642083333333333,0.0627875,0.03927,0.024815625,0.48577499999999996,0.013937499999999974,1.2994083333333335,0.05539499999999997,0.029657142857142826,0.69348125,0.537925,0.008775,0.02375,0.82918,0.0,0.0183,0.090855,0.049339285714285724,0.049210714285714274,0.04035,0.04040625,0.0,0.046329166666666644,0.013949999999999999,0.033312499999999995,0.031228125000000002,0.0,0.0,,,,0.004240890796836859,0.01225,0.37791056571379267,3.959860491123732,2.53757748976441,44.640462098930854,490.0,667.5545,1.039013791542968,2024-07-27 13:45:00
2024-07-27 08:00:00,38.70133333333333,1.0,0.1117156892063492,0.4036547095238095,0.0059238914285714,0.0368476057142857,1.436494662857143,0.0020105084444444446,0.0027818977777777777,0.009444697777777778,4.0640311111111116e-26,4.205826666666667e-06,8.410315555555555e-06,8.413266666666667e-05,1.4876311111111113e-26,2.3992755555555558e-06,0.00047173866666666667,0.0003243942222222222,5.3209733333333335e-08,0.0383192,0.002080968888888889,0.008362146666666665,0.061907111111111114,6.858275555555556e-06,1.4691066666666665e-06,0.745,1308.419111111111,3.214088888888889,0.049822222222222226,3.214088888888889,40.73434,-111.87211,298.20466666666664,35.599555555555554,872.883111111111,128.3135111111111,0.5515555555555556,441649.7777777778,2150.6742222222224,188.67955555555557,16530822.040888889,0.000954145079365,0.000135719047619,0.0009945409523809,0.0012175171428571,0.000152318095238,0.0009138485714285,0.005660667392010245,0.8714646222222222,7.247009333333334,9.533841333333331,15.501947623456171,0.2720094359029859,2.792542241427092,6.555182596533097,0.0140158114496614,0.3460503302826803,5.233691140997891,0.0504629805398305,0.2931063805971806,0.301135437999038,0.1533163712935213,0.4719207157564658,0.0527703978872978,0.09376398557329013,0.3401033803455803,0.1684830118474118,0.005899319056869,0.0955763295001295,0.1987626996558996,0.1083597341602841,0.0180860844100344,0.0107443266973766,3.9096666666666664,0.23133333333333334,0.11130362506669278,0.008666666666666666,0.0013333333333333333,0.07333333333333333,0.45266666666666666,0.20333333333333334,0.07200000000000001,0.006666666666666667,0.05236,0.07439276581691699,2.2658989249933708,0.8119662725530709,0.25285,0.004666666666666667,0.06825851172627154,0.0030514558373820394,0.07182116786173338,0.0689608194186931,0.07751351544375978,1.5657666666666668,0.30709147453845853,0.34192481587774176,0.030666666666666665,0.012333333333333333,0.023299609366879713,0.005666666666666666,0.610625,1.0558628638385779,0.002333333333333333,0.008333333333333333,0.20264194815165598,0.965654098654787,0.03900000000000001,0.0857428571428571,0.1487954392619555,0.023333333333333334,0.05782427950160912,0.6330851909636628,0.02119567107740273,0.0038360754060615724,0.0867130412612926,0.006,0.008,0.004333333333333333,0.07804276978577282,0.011999999999999999,0.005333333333333333,0.06663838164871971,0.039149703383073636,0.09040687402263413,0.0185833333333333,0.019219047805054252,0.1072980038208847,0.08789943725445601,0.07055017729923971,0.0028816292063492,0.002711472063492,0.0171789,0.0046907187301587,0.0008096177777777,0.2238243092063492,50400.0,50459.0,868.1073644444444,33.042986666666664,363.08888444444443,68.42747555555555,5.049524444444445,0.21563555555555555,0.02289777777777778,30.74587360888889,27.741753115555557,25.036873084444444,23.303646604444445,21.41270376888889,19.57527686666667,17.878570737777775,16.87199173333333,15.777891617777778,15.231146248888887,14.94514704,15.433619484444444,15.637905582222222,15.440182337777777,13.48358324,52.44003200888889,16.1479222,3.5880795688888885,1.0680068266666667,0.1812747422222222,0.17740485333333333,0.09945266666666666,0.08119389333333334,0.0766308711111111,0.0692871111111111,0.06030496444444444,0.05438007111111111,0.055522515555555554,0.05734925333333333,0.0649204,0.09697899111111112,0.05783203111111111,0.05662661777777778,0.03361544,0.04254335555555556,0.06342990222222222,2.3599090459805594,16301379.039415754,2098.5866441995454,0.89115,0.25285,0.0,0.04326086297667229,2.5348,0.0282444444444444,0.05785692727807079,0.0123,0.0527703978872978,0.19149876205857913,0.0,0.0,0.0076444444444444,0.0989375,0.3996857142857143,0.0315888888888888,0.0,2.445145905388609,0.1319666666666666,0.0,0.0857428571428571,0.0,0.08285,0.3167,0.1137333333333333,0.1761333333333333,0.1973666666666666,0.067775,0.05236,0.0330875,0.610625,0.0185833333333333,1.5657666666666668,0.05998,0.0395428571428571,0.8403,0.64798,0.0117,0.02888,1.0112,0.0,0.0244,0.09192,0.0657857142857143,0.0656142857142857,0.0538,0.0479125,0.0,0.0574,0.0186,0.03655,0.0416375,0.0,0.0,,,,0.005004142269211965,0.012333333333333333,1.0,10.8,9.8,33.0,464.33334,712.25012,0.9661405584578124,2024-07-27 14:00:00
2024-07-27 08:15:00,33.95022222222222,1.0,0.155525719047619,0.4097313768253969,0.0061219171428571,0.0406952434920634,1.7895458923809524,0.002312444888888889,0.003414382222222222,0.011541253333333333,5.1693377777777785e-26,5.435835555555555e-06,1.0529857777777778e-05,0.00010532217777777779,1.8750222222222222e-26,3.4225600000000002e-06,0.0005848946666666667,0.00040053111111111107,7.098862222222221e-08,0.04652231111111111,0.0025682933333333333,0.01006027111111111,0.07497782222222221,8.64976e-06,2.096911111111111e-06,0.745,1308.4528888888888,2.0445333333333333,0.053511111111111107,2.0445333333333333,40.73434,-111.87211,298.3851111111111,37.94844444444445,873.1986666666667,91.62155555555555,0.2755555555555556,441732.66666666674,2280.692,198.604,18412820.196444444,0.0011445244444444,0.000153538095238,0.0011248533333333,0.0012313641269841,0.0001787476190476,0.0021129425396825,0.005593074783298906,1.5096134666666667,10.827034222222222,14.255453333333334,17.184487866666665,0.2683418666666666,3.1537234222222224,7.366602577777778,0.0234686222222222,0.4058864888888889,5.374331022222222,0.0790984444444444,0.2413407111111111,0.3068979555555555,0.1410412888888888,0.4907208,0.0349451111111111,0.09464974976151921,0.3179466222222222,0.1396806222222222,0.0060547555555555,0.1152569333333333,0.2086042666666666,0.1244889333333333,0.0189732444444444,0.0117728444444444,4.067083333333333,0.23891666666666667,0.11871583255528681,0.009333333333333332,0.0014166666666666668,0.07341666666666666,0.45233333333333337,0.20391666666666666,0.07300000000000001,0.006583333333333333,0.052419999999999994,0.06955300942890907,7.7123982014311565,0.438348980303662,0.2611,0.005083333333333334,0.09125078820442008,0.003170023857709285,0.07346299559098017,0.07613092956825479,0.07829110975172274,1.5843583333333333,0.3008850560406567,0.35609600521541573,0.03258333333333333,0.012416666666666666,0.02762451170859964,0.006083333333333333,0.5624,1.0026373144611385,0.0026666666666666666,0.008666666666666666,0.18947689451343946,0.9547306022955192,0.044500000000000005,0.08917499999999995,0.1514849432965406,0.025166666666666667,0.062189876744781276,0.6234207546764997,0.0172800650527795,0.003950299666583321,0.08104605652562491,0.006500000000000001,0.0085,0.004666666666666666,0.063108254422059,0.01275,0.005666666666666667,0.06713279624347504,0.03940292658581976,0.09035283455696197,0.017029166666666623,0.015558018094342771,0.10831913245513683,0.09019948628606372,0.05726732653032666,0.0029971939682539,0.0022412028571428,0.0216899584126984,0.0052446685714285,0.0009552663492063,0.1684616095238095,51300.0,51359.0,868.4500044444445,33.04063111111111,348.6761822222222,68.83122666666667,6.656622222222222,0.2833555555555555,0.024311111111111113,33.139706804444444,29.669964,26.289622240000003,24.336219413333332,22.01432507111111,19.806202213333332,17.89251953333333,16.494581937777777,15.118170435555555,14.271134626666667,13.752813026666667,13.772728724444445,13.750605884444443,13.423926115555556,11.693881119999999,43.63300830666666,13.272571631111111,2.869202142222222,1.1521733555555556,0.26576550666666665,0.26084309777777775,0.1691077911111111,0.14637198666666668,0.13524223555555556,0.13489748,0.11849492,0.11241716888888889,0.10296223111111111,0.11985795555555555,0.12090527555555555,0.1597948711111111,0.1210769288888889,0.10095871999999999,0.061997435555555556,0.07719672888888889,0.11495490222222222,2.730917603722861,18157255.60800428,2227.9393422812177,0.8922375,0.18639256693531012,0.0,0.048152139815350714,2.719570246658229,0.0282444444444444,0.06448162895286084,0.03276875,0.0349451111111111,0.2118174008530696,0.0,0.0,0.0076444444444444,0.098871875,0.4391892857142857,0.0315888888888888,0.0,2.7996590077651304,0.13729763815675877,0.0,0.08917499999999995,0.0,0.08373333333333333,0.312175,0.11584166666666662,0.17870416666666664,0.19884583333333328,0.06809375000000001,0.052419999999999994,0.035565625,0.5624,0.017029166666666623,1.5843583333333333,0.06019,0.04409999999999995,0.8333875000000001,0.6414,0.01288,0.028515,0.97706,0.00458125,0.0220125,0.11904,0.06891428571428572,0.05711785714285712,0.05675,0.047775,0.01210714285714285,0.057408333333333325,0.026808333333333323,0.03545833333333333,0.031228125000000002,0.0,0.0,,,,0.0057673937415870695,0.012416666666666666,1.1142946856449283,12.086447758352534,10.305704421813312,32.515112942402126,409.33334,765.59552,0.9003819224526102,2024-07-27 14:15:00
2024-07-27 08:30:00,35.02444444444445,1.0,0.1344765733333333,0.3916757466666666,0.0062490844444444,0.0429911911111111,1.7060426,0.0028446795555555557,0.004059471111111111,0.013632488888888888,6.626968888888889e-26,6.816951111111112e-06,1.2828844444444446e-05,0.00012821955555555555,2.3827111111111112e-26,4.709422222222222e-06,0.000704983111111111,0.00048090666666666666,9.183146666666667e-08,0.05447893333333333,0.0030785155555555555,0.011665644444444446,0.08753857777777778,1.0609933333333333e-05,2.89608e-06,0.745,1309.4182222222223,3.3614666666666664,0.05333333333333334,3.3614666666666664,40.73434,-111.87211,298.5673333333333,37.977777777777774,873.3177777777778,86.88768888888889,0.43244444444444446,440171.77777777775,2123.6635555555554,180.51244444444444,18728323.828,0.0011033955555555,0.0001145422222222,0.0005803999999999,0.0009919777777777,0.0001420933333333,0.0004631022222222,0.005525482174587567,1.547292888888889,9.720913777777778,13.003026666666669,16.255806800000002,0.2649529333333333,2.7659900000000004,6.2332959555555565,0.0297532,0.3908386666666666,4.695776755555555,0.0909172,0.22306777777777778,0.2889507555555555,0.1375464444444444,0.4818563111111112,0.0307626222222222,0.09553551394974828,0.2814078666666667,0.1340488,0.004509807407407367,0.1131552444444444,0.1517976444444444,0.1198448,0.0132250666666666,0.0128484,4.2245,0.2465,0.11717269206836521,0.01,0.0015,0.0735,0.452,0.20450000000000002,0.07400000000000001,0.006500000000000001,0.05248,0.06157175717958147,4.610062874369305,0.35483639874891415,0.26935,0.0055,0.11424306468256862,0.0032885918780365293,0.06834956897954861,0.0833010397178165,0.07906870405968569,1.6029499999999999,0.29467863754285484,0.3494141016239808,0.0345,0.0125,0.03194941405031957,0.0065,0.514175,0.9494117650836991,0.003,0.009,0.16776637738433592,0.9438071059362514,0.05,0.0926071428571428,0.15417444733112573,0.027,0.06655547398795343,0.6137563183893366,0.016514434238464906,0.0040645239271050685,0.07170062030066857,0.007,0.009000000000000001,0.005,0.060188061458975,0.013499999999999998,0.006,0.06762721083823037,0.03965614978856589,0.09029879509128982,0.01547499999999995,0.014842165390823737,0.10934026108938896,0.09249953531767145,0.0546700887626172,0.0028672088888888,0.0025880533333333,0.0217581511111111,0.0050674266666666,0.0008084977777777,0.1690685422222222,52200.0,52259.0,868.5752533333333,32.87884888888889,334.0615688888889,65.94597777777777,6.396413333333333,0.28373333333333334,0.023382222222222224,31.43380199111111,28.026872337777778,25.295626097777777,23.403829133333332,21.150823235555556,19.16619752,17.28218140888889,16.012674915555557,14.640437786666666,13.842459742222221,13.222979635555557,13.31756440888889,13.138246613333333,12.895248568888888,11.088813324444443,41.40616842222222,12.601269720000001,2.7633999466666666,1.1292338133333333,0.24999418222222222,0.25351486666666667,0.16249955555555556,0.1438552177777778,0.13132353777777778,0.12297601333333333,0.10865562222222222,0.10789030666666667,0.11308827555555556,0.11444636888888889,0.12511227555555554,0.16293480444444444,0.12434585777777778,0.08696187111111112,0.05885936,0.06858519555555556,0.10864451111111112,2.5386558696091948,18468380.14092695,2071.7141451456873,0.8933249999999999,0.15732987357532655,0.0,0.05304341665402913,2.5732699450451406,0.0282444444444444,0.0711063306276509,0.05323749999999999,0.0307626222222222,0.23213603964756005,0.0,0.0,0.0076444444444444,0.09880625,0.47869285714285714,0.0315888888888888,0.0,2.615945445351111,0.11455689264342277,0.0,0.0926071428571428,0.0,0.08461666666666665,0.30765,0.11794999999999994,0.18127499999999996,0.20032499999999995,0.0684125,0.05248,0.03804375,0.514175,0.01547499999999995,1.6029499999999999,0.060399999999999995,0.0486571428571428,0.8264750000000001,0.6348199999999999,0.01406,0.02815,0.94292,0.0091625,0.019625,0.14616,0.07204285714285714,0.04862142857142855,0.0597,0.0476375,0.0242142857142857,0.05741666666666665,0.035016666666666654,0.03436666666666665,0.02081875,0.0,0.0,,,,0.006530645213962175,0.0125,1.136583482049772,10.98357015249318,9.367281723675399,33.507224279955615,354.33334,827.61115,0.9240426121680579,2024-07-27 14:30:00
2024-07-27 08:45:00,35.95955555555555,1.0,0.1056422533333333,0.4256554888888889,0.0068103066666666,0.0486118266666666,1.6121401555555557,0.0032351706666666666,0.004700657777777778,0.01566591111111111,8.613351111111111e-26,8.326715555555556e-06,1.5258133333333334e-05,0.00015239333333333334,3.0709066666666664e-26,6.274053333333333e-06,0.000829208,0.0005635066666666666,1.1559057777777778e-07,0.062028977777777786,0.0035983422222222224,0.01315271111111111,0.09935813333333333,1.2701511111111111e-05,3.879426666666667e-06,0.745,1310.3093333333334,4.066933333333333,0.05391111111111112,4.066933333333333,40.73434,-111.87211,299.50466666666665,36.87199999999999,873.1884444444445,120.35991111111112,1.068888888888889,442289.9111111111,2126.403555555556,185.47733333333332,18447621.591555554,0.00099708,9.059555555555556e-05,0.0005382977777777,0.0009766177777777,0.0001340266666666,0.0002329511111111,0.005457889565876228,2.006349777777778,10.016227555555556,13.603857777777778,16.147342844444445,0.2600594222222222,2.7025707111111115,6.434539688888889,0.0338198222222222,0.3704250222222222,4.6334244,0.0875819555555555,0.23532017777777775,0.2821536,0.1885008888888888,0.6222129777777778,0.0494232444444444,0.09642127813797735,0.3577585777777778,0.1661967111111111,0.0029648592592592332,0.1060206666666666,0.1255252444444444,0.0962346666666666,0.0158936,0.0121681333333333,4.381916666666666,0.2540833333333333,0.13967150924342234,0.010666666666666666,0.0015833333333333333,0.07358333333333333,0.45166666666666666,0.20508333333333334,0.075,0.006416666666666667,0.05254,0.07824923498439593,4.6641957343503435,0.3777548640500512,0.2776,0.005916666666666667,0.13723534116071717,0.0034071598983637747,0.0664129573576902,0.09047114986737818,0.07984629836764864,1.6215416666666667,0.28847221904505294,0.4552126114802438,0.03641666666666667,0.012583333333333334,0.0362743163920395,0.0069166666666666664,0.46595,0.8961862157062596,0.003333333333333333,0.009333333333333332,0.21313227439406543,0.9328836095769836,0.05550000000000001,0.09603928571428566,0.15686395136571085,0.028833333333333336,0.0709210712311256,0.6040918821021736,0.020884854750922298,0.004178748187626816,0.09122867183307676,0.0075,0.0095,0.005333333333333333,0.07685728504243432,0.014249999999999999,0.006333333333333333,0.0681216254329857,0.03990937299131202,0.09024475562561768,0.013920833333333275,0.01892843945511727,0.1103613897236411,0.09479958434927918,0.0694957998018053,0.0030119288888888,0.0028804977777777,0.0202027066666666,0.0050699288888888,0.0007707288888888,0.2132738133333333,53100.0,53159.0,868.4538355555555,32.75946222222222,341.09908,65.97832444444444,6.087373333333333,0.26996000000000003,0.023053333333333332,32.17157141333333,28.766215173333332,25.71644351111111,23.86876482222222,21.7128902,19.50706176,17.586445822222224,16.277391551111112,14.786726133333334,13.937577426666667,13.457942693333333,13.517368297777777,13.515340844444443,13.151969328888889,11.413948444444445,42.62759253777778,13.056925573333334,2.8338570755555557,1.1383176888888888,0.25564284,0.24301057777777776,0.14460358666666667,0.13466785777777776,0.1122030311111111,0.11463529333333335,0.09903679555555556,0.09110152888888888,0.09276960000000001,0.08904292888888889,0.11391315555555555,0.15033236444444445,0.1141277688888889,0.0803697111111111,0.05773740888888889,0.06557520888888889,0.09599582222222222,2.6039113612757427,18191573.96987421,2074.4401292288,0.8944124999999999,0.16530558594019598,0.0,0.05793469349270756,2.7718001208502656,0.0282444444444444,0.07773103230244094,0.07370625,0.0494232444444444,0.2524546784420505,0.0,0.0,0.0076444444444444,0.098740625,0.5181964285714286,0.0315888888888888,0.0,2.678299604884762,0.1207976647195166,0.0,0.09603928571428566,0.0,0.08549999999999996,0.303125,0.12005833333333328,0.18384583333333326,0.20180416666666662,0.06873125,0.05254,0.040521875,0.46595,0.013920833333333275,1.6215416666666667,0.06061,0.05321428571428565,0.8195625,0.62824,0.01524,0.027785,0.90878,0.01374375,0.017237500000000003,0.17328,0.07517142857142857,0.04012499999999997,0.06265000000000001,0.0475,0.036321428571428546,0.057424999999999976,0.04322499999999998,0.03327499999999997,0.010409374999999998,0.0,0.0,,,,0.00729389668633728,0.012583333333333334,1.40813290959516,11.278018152119856,9.81747459118654,34.370857815004236,299.33334,898.04626,0.8990725358714567,2024-07-27 14:45:00
2024-07-27 09:00:00,36.56044444444444,1.0,0.0936446558730158,0.4776250574603174,0.0075968911111111,0.0545101088888888,1.6053210263492066,0.003857357777777778,0.005324742222222222,0.01760711111111111,1.1423884444444446e-25,9.937631111111111e-06,1.7771022222222224e-05,0.00017730755555555555,4.042177777777778e-26,8.117617777777778e-06,0.0009549213333333333,0.0006464977777777777,1.419657777777778e-07,0.06907666666666668,0.004116173333333333,0.014513066666666666,0.11031466666666666,1.4883644444444443e-05,5.051164444444444e-06,0.745,1309.6986666666667,3.6665777777777775,0.05644444444444444,3.6665777777777775,40.73434,-111.87211,299.7242222222222,36.82711111111111,873.0804444444444,127.80680000000001,1.708888888888889,443685.4888888889,2115.997714285714,204.01022222222224,18149198.083492063,0.0009316612454212,0.0001064609523809,0.0005844939682539,0.0010272187301587,0.0001504549206349,0.0002291549206349,0.005390296957164889,2.6704320000000004,10.80363377777778,15.28648888888889,16.99020737777778,0.2600402666666667,2.749901111111112,5.188818533333333,0.0247484,0.3833866222222222,4.747019822222223,0.0685983555555555,0.31286315555555555,0.307208,0.1625307555555555,0.4566957777777778,0.0446007555555555,0.09730704232620643,0.2972600444444444,0.1520104888888888,0.0014199111111111,0.0948648888888888,0.1341192,0.09094,0.0150146222222222,0.0108658222222222,4.539333333333333,0.26166666666666666,0.16033841719758687,0.011333333333333334,0.0016666666666666666,0.07366666666666666,0.45133333333333336,0.20566666666666666,0.076,0.006333333333333333,0.0526,0.06503438823041902,2.346617341224726,0.8168335997781518,0.28585,0.006333333333333333,0.1602276176388657,0.00352572791869102,0.0735513319060014,0.09764126001693987,0.0806238926756116,1.6401333333333332,0.2822658005472511,0.33044851205083015,0.03833333333333333,0.012666666666666666,0.04059921873375943,0.007333333333333332,0.417725,0.8429606663288202,0.0036666666666666666,0.009666666666666667,0.17718538938803594,0.9219601132177158,0.061000000000000006,0.0994714285714285,0.15955345540029597,0.03066666666666667,0.07528666847429774,0.5944274458150105,0.018956276673796454,0.004292972448148565,0.07575509654640834,0.008,0.01,0.005666666666666667,0.06950149420397043,0.015,0.006666666666666666,0.06861604002774102,0.04016259619405814,0.09019071615994552,0.0123666666666666,0.01712524945199025,0.11138251835789323,0.0970996333808869,0.06295351372052754,0.0033468625396825,0.0038689926984126,0.0193206898412698,0.0052999984126984,0.0008084507936507,0.2579084288888889,54000.0,54059.0,868.3319955555556,32.504715555555556,360.9361022222222,68.81054222222222,6.093768888888889,0.2596488888888889,0.02362222222222222,35.03802070222222,30.976049555555555,27.523543213333333,25.281991337777775,22.746751013333334,20.458983928888888,18.240621444444447,16.973968075555558,15.422307111111111,14.503713604444444,13.959687035555556,14.097568311111111,14.189563822222222,13.774185066666666,12.025093044444445,45.34754697777778,14.141790915555555,3.0657584844444443,1.166739511111111,0.2517596844444444,0.2384230311111111,0.14338344888888888,0.12320359555555555,0.11442988000000001,0.12255746666666667,0.10135106222222222,0.08680248888888889,0.08987891555555555,0.0852476088888889,0.10950190666666666,0.13524422666666666,0.10067966222222222,0.0824207111111111,0.06039429777777778,0.05868852888888889,0.09838131555555556,2.759390804945099,17897292.493297774,2064.087516939392,0.8955,0.28585,0.0,0.06282597033138598,2.61365,0.0282444444444444,0.08435573397723099,0.094175,0.0446007555555555,0.27277331723654097,0.0,0.0,0.0076444444444444,0.098675,0.5577,0.0315888888888888,0.0,2.826866258620238,0.18225,0.0,0.0994714285714285,0.0,0.0863833333333333,0.2986,0.1221666666666666,0.1864166666666666,0.2032833333333333,0.06905,0.0526,0.043,0.417725,0.0123666666666666,1.6401333333333332,0.06082,0.0577714285714285,0.81265,0.62166,0.01642,0.02742,0.87464,0.018325,0.01485,0.2004,0.0783,0.0316285714285714,0.0656,0.0473625,0.0484285714285714,0.0574333333333333,0.0514333333333333,0.0321833333333333,0.0,0.0,0.0,,,,0.008057148158712385,0.012666666666666666,2.0,10.2,9.1,39.0,663.16669,997.47565,0.9371222894187591,2024-07-27 15:00:00
2024-07-27 09:15:00,40.72133333333333,1.0,0.0654610079365079,0.5462240234920634,0.0083712638095238,0.0612422234920635,1.5544647593650796,0.004297911111111111,0.00592252,0.019431466666666668,1.5562844444444446e-25,1.1620266666666666e-05,2.0316133333333334e-05,0.00020248844444444445,5.477720000000001e-26,1.0227573333333334e-05,0.0010797906666666667,0.0007282853333333333,1.7057955555555555e-07,0.07557493333333333,0.004622693333333333,0.015746,0.12033999999999999,1.71144e-05,6.405928888888889e-06,0.745,1309.4506666666666,3.5172444444444446,0.05488888888888889,3.5172444444444446,40.73434,-111.87211,300.02599999999995,35.26266666666667,873.0782222222223,133.89675555555556,1.8315555555555558,442228.34701224696,2117.478031857032,194.90227417027415,17213122.202578533,0.0008033834824434,6.556412698412699e-05,0.0005106961904761,0.0009507653968253,0.0001631098412698,9.17809523809524e-05,0.005322704348453551,2.1719836013986016,8.686618235338736,12.557626204721204,14.6436404,0.2722427111111111,2.700322266666667,5.537696888888889,0.0174728888888888,0.3507782222222222,4.866975511111111,0.0521528444444444,0.2892532888888889,0.3275332888888889,0.1559607999999999,0.4117649777777778,0.0349438222222222,0.0981928065144355,0.2740374666666667,0.1219195111111111,0.0008689777777777,0.0851221333333333,0.1299555111111111,0.0799217777777777,0.0142629333333333,0.0122448,4.69675,0.26925,0.12530350820340624,0.012,0.00175,0.07375,0.451,0.20625,0.077,0.00625,0.0487,0.059961822175391095,4.487858462587738,0.42126141260949734,0.2846375,0.006750000000000001,0.15742071322914927,0.0036442959390182647,0.079342311729566,0.08598094501270491,0.0797179195067087,1.4698499999999999,0.2486993504104383,0.2965804258420066,0.040249999999999994,0.01275,0.03344941405031957,0.00775,0.40104375000000003,0.774720499746615,0.004,0.009999999999999998,0.16338704937999138,0.8272200849132868,0.0665,0.09335357142857137,0.15666509155022199,0.0325,0.06796500135572331,0.5483205843612579,0.014865490617266454,0.004407196708670313,0.06981550948873383,0.0085,0.0105,0.006,0.0538988245720602,0.01575,0.007,0.059462030020805766,0.035121947145543606,0.09939303711995914,0.01352499999999995,0.013300429181784012,0.10778688876841992,0.09257472503566518,0.049076402393509695,0.0037790749206349,0.0049251311111111,0.0185902911111111,0.0057214111111111,0.0008199647619047,0.2756373349206349,54900.0,54959.0,868.286471111111,32.092013333333334,368.9867155555556,70.24738666666667,5.8204,0.2436622222222222,0.023964444444444444,33.41621584888889,30.054702355555555,27.004006857777778,24.879685928888886,22.963429444444444,20.586678960000004,18.562878039999998,17.282730946666668,15.762076346666667,15.103130515555556,14.51555364888889,14.72886419111111,14.955630457777778,14.67988944,12.847109115555556,49.90078702666666,15.575132013333333,3.251263431111111,1.1688233644444446,0.21609263555555555,0.20486996444444444,0.13271726666666667,0.10392380444444445,0.09938611111111112,0.10464696888888889,0.08625506666666666,0.0806383511111111,0.07850417777777778,0.07770673333333332,0.08967965777777778,0.12126502666666666,0.08970498666666667,0.07602421777777778,0.05038838666666667,0.04721854222222222,0.08920144888888888,2.812771857348177,16974209.073327333,2065.560262244999,0.7767124999999999,0.18044602892968145,0.0,0.051596950101337954,2.766029789408691,0.0282444444444444,0.06914724924457175,0.0830375,0.0349438222222222,0.22612733632084653,0.0,0.0,0.0076444444444444,0.07984374999999999,0.4670107142857143,0.0315888888888888,0.0,2.877873929738928,0.1326446383196006,0.0,0.07460357142857138,0.0,0.06478749999999997,0.26324166666666665,0.10338333333333327,0.1553374999999999,0.17074166666666662,0.0633875,0.03945,0.03225,0.33958750000000004,0.00927499999999995,1.3443083333333332,0.055445,0.043328571428571376,0.66435625,0.51346,0.012315,0.023104999999999973,0.7199949999999999,0.01374375,0.0111375,0.2571,0.06211428571428569,0.023721428571428553,0.04920000000000001,0.040646875,0.036321428571428546,0.04765416666666662,0.03857499999999998,0.031474999999999975,0.00226875,0.0,0.0,,,,0.008820399631087491,0.01275,1.5061115503149487,9.952306877932605,9.0335504846535,38.76865709946763,1505.6666,1106.9468,0.9297417763189523,2024-07-27 15:15:00
2024-07-27 09:30:00,41.69155555555555,1.0,0.0604137244444444,0.5941859911111111,0.0078779911111111,0.0658088444444444,1.5628862,0.004284917333333333,0.006487497777777778,0.02112777777777778,2.1917733333333334e-25,1.3342311111111112e-05,2.284951111111111e-05,0.00022751644444444444,7.708262222222223e-26,1.2578533333333333e-05,0.0012017199999999999,0.0008076155555555556,2.0096488888888889e-07,0.08150688888888888,0.005110848888888889,0.016851777777777778,0.12943955555555556,1.9358044444444446e-05,7.92916e-06,0.745,1309.7862222222222,3.587288888888889,0.05115555555555555,3.587288888888889,40.73434,-111.87211,300.61577777777774,33.785333333333334,872.876,150.6386222222222,1.7822222222222224,442841.7034854035,2098.7869661449663,210.5161101121101,16675679.010735486,0.0007967676926776,0.0001003498383098,0.0005103377777777,0.0008604888888888,0.0002115955555555,0.0001336044444444,0.005255111739742212,2.0246799766714765,8.435201875476375,12.273355753653751,14.979900888888888,0.2762537777777777,2.7682637333333333,6.446313377777778,0.0136656444444444,0.3562329333333333,5.017002177777778,0.0380151111111111,0.36046564444444446,0.3898207999999999,0.1446337333333333,0.4074235555555556,0.0327202222222222,0.09907857070266458,0.2811711111111111,0.1124184444444444,0.006050813326243715,0.0804161333333333,0.1454324444444444,0.0806901333333333,0.0159949777777777,0.0121756,4.854166666666666,0.2768333333333333,0.12030206809662863,0.012666666666666666,0.0018333333333333333,0.07383333333333333,0.45066666666666666,0.2068333333333333,0.078,0.006166666666666667,0.0448,0.061520042068281475,4.118588081898899,0.49333657184447033,0.28342500000000004,0.007166666666666667,0.15461380881943285,0.00376286395934551,0.09708895838616947,0.07432063000846993,0.0788119463378058,1.2995666666666665,0.21513290027362553,0.29330793431968505,0.042166666666666665,0.012833333333333332,0.026299609366879716,0.008166666666666666,0.3843625,0.7064803331644101,0.004333333333333333,0.010333333333333333,0.16762570249089342,0.7324800566088578,0.07200000000000001,0.08723571428571425,0.153776727700148,0.034333333333333334,0.06064333423714887,0.5022137229075052,0.013573846612568627,0.004521420969192061,0.07164006585890646,0.009000000000000001,0.011,0.006333333333333333,0.048972364373740154,0.016499999999999997,0.007333333333333333,0.05030802001387051,0.03008129809702907,0.10859535807997275,0.014683333333333302,0.01209276246375251,0.10419125917894662,0.08804981669044346,0.04469477807965567,0.0042746133333333,0.0081273066666666,0.0192261244444444,0.0061054888888888,0.0009395422222222,0.2771019911111111,55800.0,55859.0,868.2072444444444,30.80233333333333,384.6675688888889,72.62336888888889,5.630102222222222,0.22839111111111113,0.024533333333333334,34.057114991111106,30.687084235555556,27.553479715555557,25.483260946666668,23.47694592,21.116355124444446,19.17359316,17.893937115555556,16.433032497777777,15.753250044444446,15.289176217777777,15.670271675555556,15.694339564444444,15.536628315555555,13.705023084444443,53.884537977777775,16.897185351111112,3.5515323155555554,1.1871974577777777,0.21976278666666668,0.20239816444444444,0.12767907555555555,0.10412133333333333,0.08910559111111112,0.0948084311111111,0.09232821777777778,0.07698735555555555,0.060111102222222226,0.06389247111111111,0.07876369333333333,0.10155950666666666,0.07515713777777777,0.0717226088888889,0.044797960000000005,0.04203376,0.07843748444444444,2.994138436993019,16444225.436656604,2046.9648069065,0.657925,0.2055284561846071,0.0,0.04036792987128992,2.8235189788429267,0.0282444444444444,0.05393876451191251,0.07189999999999999,0.0327202222222222,0.1794813554051521,0.0,0.0,0.0076444444444444,0.0610125,0.37632142857142853,0.0315888888888888,0.0,3.051176748435556,0.15227093681836262,0.0,0.04973571428571425,0.0,0.04319166666666665,0.22788333333333327,0.08459999999999995,0.12425833333333325,0.13819999999999993,0.057725,0.0263,0.0215,0.26145,0.0061833333333333,1.0484833333333332,0.05007,0.02888571428571425,0.5160625,0.40526,0.00821,0.01878999999999995,0.56535,0.0091625,0.007425,0.3138,0.045928571428571395,0.0158142857142857,0.0328,0.03393125,0.0242142857142857,0.03787499999999995,0.02571666666666665,0.03076666666666665,0.0045375,0.0,0.0,,,,0.009583651103462595,0.012833333333333332,1.4189759121442007,9.701627601158057,8.820551312093881,39.66471793930183,2348.1667,1201.1625,0.8383964046851099,2024-07-27 15:30:00
2024-07-27 09:45:00,43.43555555555555,1.0,0.0575903155555555,0.6009184444444444,0.0079771377777777,0.0677331733333333,1.520543262222222,0.0032039026666666665,0.007015484444444445,0.022690577777777776,3.208088888888889e-25,1.5074755555555556e-05,2.533173333333333e-05,0.000252004,1.135715111111111e-25,1.5135777777777777e-05,0.0013192577777777778,0.0008835195555555556,2.3256666666666668e-07,0.08687817777777779,0.005574702222222222,0.017839866666666666,0.13762044444444443,2.157751111111111e-05,9.598595555555555e-06,0.745,1309.6395164835164,3.314861172161172,0.04516420246420247,3.314861172161172,40.73434,-111.87211,301.5227867687868,31.642583194583196,872.7709679209679,156.26635955155956,0.7735739815739816,439020.7111111111,2074.3617777777777,202.15244444444443,16622272.422222223,0.0007642355555555,0.0001219306122448,0.0005963333333333,0.0007367688888888,0.00022636,8.329777777777778e-05,0.0051875191310308735,1.2481980444444447,7.1051866666666665,10.124512444444443,14.924506973639325,0.2785185453694453,2.603983940555741,5.820869243108744,0.0106795613479113,0.3353806010397011,4.888476038213637,0.0380169471972472,0.43477942861397856,0.4364989321511822,0.1265861566711066,0.3936866247363749,0.0247794432863432,0.09996433489089365,0.255488381992082,0.1049839854830354,0.01123264887470973,0.0820567629444629,0.1501161188996189,0.085291801047101,0.0131891857087357,0.0123395532023532,5.011583333333332,0.28441666666666665,0.11233320233421255,0.013333333333333332,0.0019166666666666668,0.07391666666666666,0.45033333333333336,0.20741666666666667,0.079,0.006083333333333334,0.0409,0.05591009896996059,3.6360314023765596,0.45472898450778676,0.28221250000000003,0.007583333333333333,0.15180690440971642,0.0038814319796727555,0.11038825872905161,0.06266031500423497,0.0779059731689029,1.1292833333333334,0.18156645013681277,0.28295326542376825,0.044083333333333335,0.012916666666666667,0.019149804683439856,0.008583333333333332,0.36768124999999996,0.6382401665822051,0.004666666666666666,0.010666666666666666,0.15236559518885287,0.637740028304429,0.07750000000000001,0.08111785714285713,0.15088836385007398,0.036166666666666666,0.05332166711857443,0.4561068614537526,0.012563152268178248,0.0046356452297138095,0.06507125136549052,0.0095,0.0115,0.006666666666666666,0.045117474448809786,0.017249999999999998,0.007666666666666667,0.041154010006935256,0.025040649048514534,0.11779767903998638,0.01584166666666665,0.01114777923510471,0.10059562958947331,0.08352490834522172,0.041266215025788776,0.0047248444444444,0.0107288222222222,0.0195441777777777,0.0061962444444444,0.0008477377777777,0.3147064044444445,56700.0,56759.0,868.2040177777778,30.975199999999997,381.41701333333333,71.64280444444444,5.280377777777777,0.21728,0.023982222222222224,32.51125051555555,29.344261266666667,26.659274484444445,24.94831734222222,22.91969571111111,20.838946804444443,19.07417052888889,17.811804675555557,16.535480897777777,15.73019328,15.36901388888889,15.833084902222222,16.081504213333332,15.846929786666665,13.978578924444443,54.6345446,17.065341755555554,3.634222497777778,1.1546253066666665,0.20238142666666667,0.19420108444444445,0.10876637777777778,0.09665035111111112,0.07777852444444444,0.07923694666666667,0.07157317333333334,0.05589223555555556,0.0668772488888889,0.05997934666666667,0.07763712888888889,0.09599832888888889,0.06445982666666666,0.056983382222222226,0.03395911555555555,0.03683132,0.06654844888888889,2.9893171949837303,16391560.116057096,2022.6645606597983,0.5391375,0.192092870177734,0.0,0.029138909641241884,2.465381804057756,0.0282444444444444,0.03873027977925327,0.0607625,0.0247794432863432,0.13283537448945765,0.0,0.0,0.0076444444444444,0.042181249999999997,0.2856321428571428,0.0315888888888888,0.0,3.046569864237461,0.1417579661717559,0.0,0.024867857142857122,0.0,0.021595833333333328,0.19252499999999995,0.06581666666666663,0.09317916666666658,0.10565833333333326,0.0520625,0.013150000000000002,0.010749999999999996,0.18331250000000002,0.0030916666666666506,0.7526583333333332,0.044695,0.014442857142857125,0.36776875,0.29706,0.004105000000000001,0.014474999999999924,0.41070500000000004,0.00458125,0.0037125000000000005,0.37050000000000005,0.0297428571428571,0.007907142857142849,0.016399999999999998,0.027215625,0.012107142857142851,0.028095833333333275,0.012858333333333326,0.030058333333333326,0.00680625,0.0,0.0,,,,0.010346902575837702,0.012916666666666667,0.9596576243695834,8.375511628330782,7.210458370308493,41.27541090105602,3190.6667,1299.6472,0.5747217589300235,2024-07-27 15:45:00
2024-07-27 10:00:00,45.785777777777774,1.0,0.0581500857142857,0.6069448431746031,0.0079439857142857,0.0674084892063492,1.3763269282539683,0.003717138222222222,0.007503822222222222,0.024115022222222223,4.8927111111111115e-25,1.67904e-05,2.773106666666667e-05,0.0002756595555555556,1.7624711111111112e-25,1.785711111111111e-05,0.001431128888888889,0.0009552275555555556,2.649013333333333e-07,0.09170248888888889,0.006010675555555556,0.018715377777777778,0.14494222222222222,2.3746133333333336e-05,1.1387622222222222e-05,0.745,1308.9740454545454,3.5506203703703703,0.047650505050505054,3.5506203703703703,40.734338714983174,-111.87211,301.5519427609427,29.40152356902357,872.7561835016835,141.43246784511786,1.2487760942760944,435037.8222222222,2035.493333333333,186.7848888888889,16333431.310666667,0.0006328292063492,0.000138594217687,0.0006291815873015,0.0005776177777777,0.0002325123809523,3.496253968253969e-05,0.005119926522319534,0.8358588444444445,4.979629777777778,7.369453333333334,13.741929454232803,0.2728569825396825,2.526873634920635,5.016871817724868,0.0103039335978835,0.315283461111111,4.569464933333334,0.0365858005291005,0.3369142206349206,0.4385347391534392,0.1389799968253968,0.3841225378306879,0.0214190481481481,0.10085009907912272,0.2341042571428571,0.0908539312169312,0.016414484423175744,0.0801030976190476,0.1489960875661375,0.0995831314814814,0.0114719743386243,0.0112672994708994,5.169,0.292,0.159,0.014,0.002,0.074,0.45,0.208,0.08,0.006,0.037,0.051,2.126,0.611,0.281,0.008,0.149,0.004,0.114,0.051,0.077,0.959,0.148,0.281,0.046,0.013,0.012,0.009,0.351,0.57,0.005,0.011,0.145,0.543,0.083,0.075,0.148,0.038,0.046,0.41,0.011,0.004749869490235557,0.058,0.01,0.012,0.007,0.034,0.018,0.008,0.032,0.02,0.127,0.017,0.009,0.097,0.079,0.036,0.0048199174603174,0.0105110892063492,0.0193187038095238,0.0060158565079365,0.0006608965079365,0.3022878742857143,57600.0,57659.0,868.1472355555557,33.12798222222222,381.8953333333333,71.47509777777778,4.8519733333333335,0.20126222222222223,0.023551111111111113,30.47956141777778,27.831515986666666,25.32649230666667,23.790380462222224,22.311633111111114,20.571983373333335,18.775777684444446,17.613663093333336,16.55319068444444,16.045150435555556,15.761896733333334,16.540431724444446,16.99088777777778,17.02722811111111,14.917603493333333,57.76928018666667,17.692130462222224,3.6201693911111112,1.1037110266666665,0.16685115999999997,0.16500515555555553,0.09541287555555557,0.08101388444444443,0.05629559111111111,0.06510759111111111,0.05315497777777778,0.047758648888888894,0.049842088888888886,0.048958626666666664,0.06149351555555556,0.07802314666666667,0.04279041333333333,0.05172188888888889,0.02784924888888889,0.03115954222222222,0.05023058666666667,2.5226136373232193,16106728.035112374,1983.9949398967076,0.42035,0.1272,0.0,0.01790988941119386,1.3454,0.0282444444444444,0.023521795046594032,0.049625,0.0214190481481481,0.0861893935737632,0.0,0.0,0.0076444444444444,0.02335,0.1949428571428571,0.0315888888888888,0.0,2.6006164686521527,0.0770666666666666,0.0,0.0,0.0,0.0,0.1571666666666666,0.0470333333333333,0.0620999999999999,0.0731166666666666,0.0464,0.0,0.0,0.105175,0.0,0.4568333333333333,0.03932,0.0,0.219475,0.18886,0.0,0.0101599999999999,0.25606,0.0,0.0,0.4272,0.0135571428571428,0.0,0.0,0.0205,0.0,0.0183166666666666,0.0,0.02935,0.009075,0.0,0.0,,,,0.011110154048212806,0.013,0.7157434681404087,3.7,2.2,48.0,3348.3333,1400.9867,0.6184227027170914,2024-07-27 16:00:00
2024-07-27 10:15:00,49.91911111111111,1.0,0.0331282949206349,0.5834885942857143,0.0080446346031746,0.0526235361904761,0.9507976657142856,0.0043621431111111105,0.007951431111111112,0.02540186666666667,7.796542222222222e-25,1.8464444444444445e-05,3.001911111111111e-05,0.0002982208888888889,2.8937822222222223e-25,2.0688933333333334e-05,0.0015362977777777778,0.0010223084444444446,2.973791111111111e-07,0.09600497777777778,0.006416057777777777,0.019485511111111114,0.15144666666666667,2.5833955555555555e-05,1.3263155555555556e-05,0.745,1308.4497442557442,2.9894837384837385,0.04693790653790654,2.9894837384837385,40.73433322046842,-111.87211,300.0817018537018,29.27783904983905,872.6136958596959,117.87473986013987,2.535090576090576,429399.5111111111,1957.9182222222223,158.61911111111112,14997266.603555556,0.0004340714285714,0.0001552578231292,0.0006619441269841,0.0003238879365079,0.0001168609523809,8.414761904761905e-05,0.005052333913608195,0.4478387555555556,1.7692197333333337,3.34562,10.920589863636364,0.2848552878787878,1.6063340666666668,2.283394848484848,0.0036149393939393,0.2205833333333333,3.921015636363636,0.0166581666666666,0.5745936833333334,0.4454715909090909,0.069695,0.2084274545454547,0.0092412121212121,0.1017358632673518,0.1192347575757575,0.048398803030303,0.015616381136444136,0.0493533939393939,0.1790687878787878,0.062715106060606,0.0064694393939393,0.0036445454545454,5.0905,0.283875,0.08721304359680696,0.0133125,0.0019375,0.074,0.44956250000000003,0.20681249999999998,0.07925,0.006125,0.027749999999999997,0.026147877191543035,1.3355121729671637,0.2537743988622422,0.24228750000000002,0.0078125,0.22380189403082168,0.0040625,0.11294470386077046,0.03993623550201906,0.05889525949828013,0.8035833333333333,0.13658991829730938,0.14330799876924155,0.0470625,0.013125,0.0115625,0.008749999999999999,0.28069374999999996,0.5429375,0.0048125,0.010875,0.07140671736677325,0.518375,0.079125,0.056249999999999994,0.11221094197183426,0.0361875,0.04203474770911308,0.38999999999999996,0.004870551612483001,0.004703002647095835,0.03022196495600008,0.0098125,0.011625,0.0069375,0.015777121523377177,0.01775,0.0080625,0.03224485289752061,0.018336263299617128,0.10067488834558105,0.012750000000000001,0.003955319274619066,0.07620793635966541,0.062089741321375444,0.015170722810308616,0.0041318146031746,0.0101520568253968,0.0218025574603174,0.0049966323809523,0.0005552453968253,0.366083933968254,58500.0,58559.0,867.9546133333333,34.002386666666666,406.90578222222223,77.18017777777777,4.178684444444444,0.16196444444444444,0.02492,25.789181742222222,24.195923195555558,22.61304784,21.801562955555553,20.962490346666666,19.689856640000002,18.71030876,18.262945573333333,17.724615457777777,17.697047844444445,18.05322524888889,19.399933422222222,20.31934190222222,20.97762884,18.696892315555555,73.98942230666667,22.604781195555557,3.891744857777778,0.9759220755555555,0.13748026222222223,0.08837650222222222,0.04700248888888889,0.03742422666666667,0.03065965333333333,0.024856822222222224,0.02002700888888889,0.01574836,0.016679737777777776,0.017887991111111112,0.01816294222222222,0.026293417777777776,0.017455186666666667,0.014906266666666666,0.010558164444444443,0.011402124444444444,0.014998693333333334,1.8425820020915036,14789108.905474888,1906.8166486067391,0.4048125,0.12215991644584226,0.0,0.01682515004899531,1.563597909060796,0.0282444444444444,0.022052633740359515,0.04875625,0.0092412121212121,0.08168332531927582,0.0,0.0,0.0076444444444444,0.0213875,0.18618214285714282,0.0315888888888888,0.0,1.9508198003833144,0.08703738387353797,0.0,0.0,0.0,0.0,0.15973333333333328,0.041737499999999955,0.05620833333333325,0.06499999999999995,0.04631875,0.0,0.0,0.09632500000000001,0.0,0.42695833333333333,0.039134999999999975,0.0,0.20126875,0.17204999999999998,0.0,0.010209999999999924,0.22887000000000002,0.0,0.0,0.45542000000000005,0.0101678571428571,0.0,0.0,0.018671875,0.0,0.015945833333333274,0.0,0.029554166666666652,0.009003125,0.0,0.0,,,,0.011533260842681614,0.013125,0.48621498144474007,3.0551882711984675,2.1311457786712444,47.26337953664983,2723.3333,1503.6819,0.6798790257499759,2024-07-27 16:15:00
2024-07-27 10:30:00,51.42755555555555,1.0,0.0326347641269841,0.6204335517460318,0.00758094,0.0567431311111111,0.9621524742857144,0.006460632444444445,0.008357946666666668,0.02655688888888889,1.3043066666666666e-24,2.0073333333333333e-05,3.21768e-05,0.0003195013333333333,5.051502222222223e-25,2.358262222222222e-05,0.0016342844444444443,0.0010843733333333332,3.2952355555555555e-07,0.099814,0.006789297777777778,0.020158533333333332,0.15717333333333333,2.7822533333333333e-05,1.5186844444444446e-05,0.745,1308.3220621600622,3.497719291819292,0.042700888000888004,3.497719291819292,40.73433884756355,-111.87211,299.9016229326229,29.882307914307912,872.6740265290265,108.43753306693307,2.8327209457209457,428194.6666666666,1952.8924444444444,151.53244444444445,15101105.55022222,0.0005893869841269,0.0001719214285714,0.0007261415873015,0.0002874479365079,0.00012648,0.0001524006349206,0.004984741304896857,0.4442101333333333,1.2053851555555557,2.748367555555556,9.428224352016503,0.2647137703685204,1.1417572584878084,1.2694154624523624,0.0034709367539867,0.1885835777389277,3.7002428590224583,0.0071934961723461,0.6406157634088134,0.4458088921467421,0.0479386039386539,0.1404956644392645,0.0080186538905538,0.10262162745558087,0.067134369051319,0.030289564008214,0.014818277849712527,0.0395319312446812,0.1928250141525141,0.0483201162522662,0.0035308844192844,0.0013447359048359,5.012,0.27575,0.07760655720078605,0.012625,0.001875,0.074,0.449125,0.205625,0.0785,0.00625,0.0185,0.014767458324532847,1.2362203026240266,0.221061577339851,0.203575,0.007625,0.29860378806164334,0.004125,0.11304080604521566,0.028872471004038124,0.04079051899656027,0.6481666666666667,0.1251798365946188,0.09210215058411779,0.048125,0.01325,0.011125,0.008499999999999999,0.2103875,0.515875,0.004625,0.01075,0.040449823507239774,0.49375,0.07525000000000001,0.0375,0.07642188394366853,0.034375,0.03806949541822616,0.37,0.002408650140453075,0.004656135803956112,0.016896364484734,0.009625,0.01125,0.006875,0.0063871815940865495,0.017499999999999998,0.008125,0.03248970579504122,0.01667252659923426,0.0743497766911621,0.0085,0.0016534803313578731,0.05541587271933083,0.045179482642750894,0.006819251887263574,0.0046130326984126,0.0110137638095238,0.0257908469841269,0.0055696444444444,0.0007463676190476,0.3623986707936508,59400.0,59459.0,867.8050577777777,33.08788444444444,417.3837555555555,79.50709777777777,4.245004444444445,0.15928444444444445,0.0256,25.608740448888888,24.153640417777776,22.53587206222222,22.053023168888892,21.309878537777777,20.018185111111112,19.01827536888889,18.619907515555557,18.123733604444446,18.358266364444443,18.73305370222222,19.927383146666667,21.176444893333333,21.805581342222222,19.59051215111111,76.93135402666667,24.08995016888889,3.9064593866666666,0.9295247644444444,0.12388397333333333,0.08361062666666667,0.038876284444444444,0.03474962222222222,0.02726252888888889,0.017737715555555554,0.016462644444444445,0.017950462222222224,0.01614470222222222,0.013005333333333334,0.01770793777777778,0.022291626666666668,0.016189231111111112,0.01527128888888889,0.009610746666666666,0.0084418,0.014866071111111111,2.0435079932773763,14891506.597766297,1901.8165791806518,0.38927500000000004,0.11077573117524486,0.0,0.015740410686796755,1.4506692394586054,0.0282444444444444,0.020583472434125,0.0478875,0.0080186538905538,0.07717725706478842,0.0,0.0,0.0076444444444444,0.019424999999999998,0.17742142857142856,0.0315888888888888,0.0,2.142812397311112,0.0781295769848694,0.0,0.0,0.0,0.0,0.16229999999999994,0.0364416666666666,0.0503166666666666,0.0568833333333333,0.0462375,0.0,0.0,0.087475,0.0,0.39708333333333334,0.03894999999999995,0.0,0.18306250000000002,0.15523999999999993,0.0,0.01025999999999995,0.20168,0.0,0.0,0.48364,0.0067785714285714,0.0,0.0,0.01684375,0.0,0.01357499999999995,0.0,0.0297583333333333,0.00893125,0.0,0.0,,,,0.011956367637150423,0.01325,0.48406851482791635,2.4930067001376415,1.6836343472221489,48.65652222579196,2098.3333,1606.199,0.9515906734258887,2024-07-27 16:30:00
2024-07-27 10:45:00,52.07511111111111,1.0,0.0298845612698412,0.6947734892063492,0.0079384844444444,0.0636696457142857,0.9885862231746032,0.0049294844444444435,0.008719977777777778,0.027574844444444444,2.3000266666666665e-24,2.1584755555555555e-05,3.4165511111111106e-05,0.00033910977777777777,9.384973333333335e-25,2.6454400000000002e-05,0.0017235244444444445,0.0011403911111111111,3.605017777777778e-07,0.10310666666666667,0.007125671111111111,0.02073586666666667,0.16212666666666667,2.9671466666666665e-05,1.7104088888888892e-05,0.745,1308.2955555555557,3.8661777777777777,0.04493333333333334,3.8661777777777777,40.73434066666667,-111.87211,299.69888888888886,29.990222222222222,872.3964444444445,106.18084444444443,2.802222222222222,428513.2888888889,1952.5688888888888,154.08399999999995,15246192.436,0.0007149355555555,0.0001755403352203,0.0007216012698412,0.0002639546031746,0.000140692063492,0.0001632847619047,0.004917148696185518,0.4436024444444444,1.197024,2.902496888888889,9.84483208888889,0.2612276444444444,1.1055908444444442,1.321617422222222,0.0029468888888888,0.2021724888888889,3.821823955555556,0.0085956444444444,0.6351650666666667,0.4860206666666666,0.0642298222222222,0.1501300888888889,0.0116184888888888,0.10350739164380995,0.0781954666666666,0.0342293333333333,0.014020174562980919,0.0448616444444444,0.208808,0.0385140444444444,0.002776,0.0007210222222222,4.9334999999999996,0.267625,0.08479990698052081,0.0119375,0.0018125,0.074,0.4486875,0.2044375,0.07775,0.0063750000000000005,0.009250000000000001,0.017183561688762027,1.2298279713886302,0.23283983437089784,0.16486250000000002,0.0074375,0.37340568209246505,0.0041875,0.12449774405911573,0.01780870650605719,0.02268577849484041,0.49275,0.11376975489192817,0.09936441873496925,0.0491875,0.013375,0.0106875,0.00825,0.14008125000000002,0.4888125,0.0044375000000000005,0.010624999999999999,0.04702208207470974,0.469125,0.07137500000000001,0.018750000000000003,0.040632825915502796,0.0325625,0.03410424312733923,0.35,0.0029442509953061503,0.0046092689608163906,0.019725436815483662,0.0094375,0.010875,0.0068125,0.008430017146315326,0.017249999999999998,0.0081875,0.03273455869256183,0.015008789898851387,0.04802466503674316,0.00425,0.002154258660528071,0.034623809078996245,0.028269223964126344,0.008636162521780292,0.0053135485714285,0.0133964231746031,0.0291911965079365,0.0059083565079365,0.0007889911111111,0.3847654968253968,60300.0,60359.0,867.5288888888888,31.45749777777778,440.47927555555555,84.02326222222223,4.488235555555556,0.1595377777777778,0.027124444444444444,27.319077964444443,25.67690764,24.041196248888888,23.299511,22.51073700888889,21.127461026666666,20.063618644444443,19.657511164444443,19.19482993333333,19.063217555555557,19.43494152888889,20.82432335111111,21.888581288888886,22.48882166222222,20.543276577777778,81.8450430711111,25.939257568888888,4.090625431111111,0.9348527644444444,0.12417391555555556,0.09446,0.048161911111111115,0.03813688888888889,0.034577986666666664,0.02355881333333333,0.018195008888888888,0.01648750222222222,0.017956897777777776,0.013151026666666668,0.017828137777777777,0.02204232888888889,0.017135564444444442,0.013789973333333334,0.010551662222222223,0.009840808888888889,0.015481524444444445,2.1818896377726817,15034579.719772082,1901.494678708226,0.3737375,0.1148746090453294,0.0,0.014655671324598205,1.4805333300697754,0.0282444444444444,0.01911431112789048,0.04701875,0.0116184888888888,0.07267118881030102,0.0,0.0,0.0076444444444444,0.0174625,0.16866071428571427,0.0315888888888888,0.0,2.2750414391438096,0.08133683439144483,0.0,0.0,0.0,0.0,0.1648666666666666,0.03114583333333325,0.04442499999999995,0.048766666666666646,0.046156249999999996,0.0,0.0,0.078625,0.0,0.3672083333333333,0.038764999999999925,0.0,0.16485625,0.13842999999999991,0.0,0.010309999999999975,0.17448999999999998,0.0,0.0,0.51186,0.0033892857142857006,0.0,0.0,0.015015625,0.0,0.011204166666666626,0.0,0.029962499999999948,0.008859375,0.0,0.0,,,,0.012379474431619231,0.013375,0.48370904397822956,2.484670057172905,1.7991209211656916,49.25458023936889,1473.3334,1707.0208,0.6917923052549904,2024-07-27 16:45:00
2024-07-27 11:00:00,52.224,1.0,0.026308413015873,0.7635878482539682,0.0086448222222222,0.0689335669841269,0.9779766231746032,0.0031883626666666665,0.009042937777777779,0.028471288888888887,4.354066666666667e-24,2.2999422222222223e-05,3.599631111111111e-05,0.00035716044444444444,1.8775159999999998e-24,2.9268088888888886e-05,0.0018047999999999999,0.0011912666666666666,3.9013866666666665e-07,0.10599911111111111,0.00742928,0.021232577777777775,0.16641911111111113,3.138702222222222e-05,1.899191111111111e-05,0.745,1308.255111111111,3.5987555555555555,0.046311111111111115,3.5987555555555555,40.73433937777778,-111.87211,298.7682222222222,31.479555555555557,872.6471111111111,110.96826666666666,2.704,429698.93333333335,1952.135555555556,158.59066666666666,15277673.836888889,0.0008664206349206,0.0001735469841269,0.0006839917460317,0.0002261431746031,0.0001491123809523,0.0001289298412698,0.0048495560874741795,0.3671091999999999,1.5424111111111114,3.3006813333333334,12.130294844444444,0.2676745333333333,1.0615233333333334,1.2645001777777778,0.0029305777777777,0.1965198666666666,3.9124708,0.0094380888888888,0.6197688888888888,0.5468735555555555,0.065422,0.1539796444444445,0.0074422666666666,0.10439315583203902,0.0761129333333333,0.0347893333333333,0.01322207127624931,0.0413684444444444,0.2174193333333333,0.0372253333333333,0.0032555111111111,0.0011721333333333,4.8549999999999995,0.2595,0.05397988895609843,0.01125,0.00175,0.074,0.44825000000000004,0.20325,0.077,0.006500000000000001,0.0,0.016728668696424226,0.934787236653077,0.21563476804573842,0.12615,0.00725,0.44820757612328677,0.00425,0.14183564531540818,0.00674494200807625,0.004581037993120545,0.3373333333333333,0.10235967318923755,0.10226614938346011,0.05025,0.0135,0.01025,0.008,0.069775,0.46175,0.00425,0.010499999999999999,0.04578468701519498,0.4445,0.0675,0.0,0.004843767887337057,0.03075,0.030138990836452308,0.32999999999999996,0.0030203814623376538,0.004562402117676668,0.019192791897584893,0.00925,0.0105,0.00675,0.008720386407772902,0.016999999999999998,0.00825,0.03297941159008244,0.013345053198468515,0.02169955338232421,0.0,0.0022254394432574807,0.013831745438661657,0.011358965285501791,0.008894418747301451,0.0060895041269841,0.0166642371428571,0.0292357784126984,0.0058663133333333,0.0007814057142857,0.32228912,61200.0,61259.0,867.7699244444445,30.899497777777775,455.8931422222222,87.10396444444444,4.609493333333333,0.15808,0.028426666666666666,28.63746072888889,26.81261176,25.071258173333334,24.223885857777777,23.27241366222222,21.99539670222222,20.790453328888887,20.287992346666666,19.613225706666665,19.43324365777778,19.75417786222222,21.27047513777778,22.263171204444447,22.980746826666667,20.96378344888889,84.74871904444444,27.822617795555555,4.4301697777777775,1.00777248,0.12750772444444444,0.0946771688888889,0.045795777777777776,0.037919857777777774,0.029365364444444444,0.025142373333333336,0.01962919111111111,0.012772484444444445,0.013139857777777776,0.011594124444444444,0.012235751111111111,0.01958865333333333,0.014658124444444445,0.015274377777777777,0.008997257777777778,0.01096060888888889,0.014213764444444445,2.3411884369553313,15065624.167973883,1901.0635620040848,0.3582,0.12615,0.0,0.013570931962399654,1.2345,0.0282444444444444,0.017645149821655964,0.04615,0.0074422666666666,0.06816512055581363,0.0,0.0,0.0076444444444444,0.0155,0.1599,0.0315888888888888,0.0,2.4272576355753794,0.0731833333333333,0.0,0.0,0.0,0.0,0.1674333333333333,0.0258499999999999,0.0385333333333333,0.04065,0.046075,0.0,0.0,0.069775,0.0,0.3373333333333333,0.0385799999999999,0.0,0.14665,0.1216199999999999,0.0,0.01036,0.1473,0.0,0.0,0.54008,0.0,0.0,0.0,0.0131875,0.0,0.0088333333333333,0.0,0.0301666666666666,0.0087875,0.0,0.0,,,,0.012802581226088041,0.0135,1.1,4.0,2.4,49.0,1389.6666,1804.6962,0.4291617312399945,2024-07-27 17:00:00
2024-07-27 11:15:00,51.98222222222223,1.0,0.033591712063492,0.7961637380952381,0.0094347307936507,0.0716661765079365,1.036322132063492,0.004722430222222222,0.009331422222222222,0.029264488888888888,8.914626666666666e-24,2.4316799999999997e-05,3.767813333333333e-05,0.0003737377777777778,4.045675555555556e-24,3.200466666666666e-05,0.0018787333333333334,0.0012373733333333333,4.1834e-07,0.10852355555555555,0.0077034,0.021660755555555557,0.17016133333333333,3.297511111111111e-05,2.083448888888889e-05,0.745,1308.1280000000002,3.045288888888889,0.04711111111111111,3.045288888888889,40.73433466666666,-111.87211,298.8993333333333,32.17688888888889,872.543111111111,111.36604444444444,3.2271111111111113,428802.26666666666,1952.2013333333332,164.15200000000002,15691708.520888891,0.0007887101587301,0.0001086987301587,0.0007052133333333,0.0001931457142857,0.0001514777777777,0.0001069088888888,0.00478196347876284,0.5530445777777778,1.693799111111111,3.7816826666666663,11.331622711111113,0.2683273777777778,1.089501822222222,1.3712327555555557,0.0031371111111111,0.2077518222222222,4.026863866666667,0.0118137777777777,0.7038434222222223,0.6347563111111111,0.0697228888888888,0.1589924,0.0063424444444444,0.10527892002026809,0.0822022666666666,0.0411232444444444,0.012423967989517701,0.042282,0.2278328888888889,0.0362728444444444,0.0028566666666666,0.0013581333333333,4.7764999999999995,0.251375,0.08722535787123711,0.0105625,0.0016875,0.074,0.4478125,0.2020625,0.07625,0.006625,0.0,0.018058777087490725,1.2225663533506292,0.2793148137341297,0.13158750000000002,0.0070625,0.4058473587843969,0.0043125,0.16687476121893144,0.00674494200807625,0.004581037993120545,0.34525833333333333,0.10910329549808305,0.10604468075390784,0.0513125,0.013625,0.0098125,0.00775,0.07423125,0.4346875,0.0040625,0.010374999999999999,0.049402833655059215,0.419875,0.063625,0.006217857142857125,0.004094019598927575,0.028937499999999998,0.026173738545565386,0.31,0.0038814593391678603,0.0045155352745369455,0.020750247138025195,0.009062500000000001,0.010125,0.0066875,0.01200462407111448,0.01675,0.0083125,0.035848955120427094,0.014098693682832009,0.025284171271910415,0.0,0.003030533640806399,0.013226236688140585,0.010967812948782232,0.011815440133626624,0.0066803215873015,0.0205674552380952,0.0314146406349206,0.0061085485714285,0.0008091739682539,0.2907592101587301,62100.0,62159.0,867.7509777777777,31.058275555555557,464.72797333333335,88.87904444444443,4.69308,0.15773333333333334,0.02908,29.785538804444446,27.566384213333333,25.820945764444446,24.751248075555555,23.714203875555555,22.399045502222222,21.154971128888892,20.67131199111111,19.76064652888889,19.73707561333333,20.057326142222223,21.253922533333334,22.36424068,23.078836693333336,20.97399923111111,86.50401302222222,28.926992115555553,4.657108964444444,1.03942208,0.1315099511111111,0.09161875555555556,0.04207904,0.03729506666666667,0.029089475555555556,0.020351653333333334,0.017459977777777778,0.014790613333333334,0.01705965777777778,0.014326831111111112,0.014745346666666666,0.022495426666666665,0.015593502222222222,0.012279266666666667,0.007890488888888889,0.007980462222222222,0.014152759999999999,2.639480363674255,15473912.170993594,1901.129003308918,0.414775,0.13104807715036823,0.0,0.015293779314672608,1.5076188813536078,0.0282444444444444,0.019978558891810744,0.04599375,0.0063424444444444,0.07532192525189307,0.0,0.0,0.0076444444444444,0.019853125,0.1738142857142857,0.0315888888888888,0.0,2.7122871696608093,0.09399212128068975,0.0,0.006217857142857125,0.0,0.0,0.17234999999999998,0.027379166666666576,0.03781666666666662,0.04510416666666665,0.047924999999999995,0.0,0.0,0.07423125,0.0,0.34525833333333333,0.03920499999999992,0.0,0.15149375,0.12594999999999992,0.0,0.010909999999999975,0.15605499999999997,0.0,0.00295,0.490115,0.0,0.0,0.0,0.015671875,0.0,0.010537499999999976,0.0,0.028870833333333273,0.01265,0.0,0.0,,,,0.013225688020556849,0.013625,0.5484481849765165,2.9799887613379967,2.4578803613032654,49.168791546961494,1924.6666,1897.8862,0.6130319368359713,2024-07-27 17:15:00
2024-07-27 11:30:00,51.89066666666667,1.0,0.0266058355555555,0.7529660577777778,0.0085461066666666,0.0658636133333333,1.03600608,0.002111997333333333,0.009588777777777778,0.02996697777777778,1.9328017777777776e-23,2.5545288888888892e-05,3.921888888888889e-05,0.0003889613333333333,9.096955555555555e-24,3.466653333333334e-05,0.001945928888888889,0.0012789288888888888,4.451666666666667e-07,0.11072177777777778,0.007950137777777777,0.022032444444444445,0.1734231111111111,3.444302222222222e-05,2.263226666666667e-05,0.745,1307.6773333333333,2.766177777777778,0.04768888888888889,2.766177777777778,40.73433595555556,-111.87211,298.7402222222222,32.89333333333333,872.5786666666667,109.02182222222223,2.8657777777777778,428276.13333333336,1952.5186666666664,162.7462222222222,15914447.463555556,0.0005806044444444,0.00010402719576717566,0.0006287111111111,0.0001289555555555,0.0001259511111111,8e-05,0.004714370870051502,0.4627066743025493,1.628596537980538,3.427235593554594,11.268607644444444,0.2634807111111111,1.0388495555555557,1.297140888888889,0.0027575555555555,0.1966941333333333,3.8846498666666665,0.0108101777777777,0.8223078222222223,0.6605286222222222,0.0828950666666666,0.1498931555555556,0.0069676888888888,0.10616468420849717,0.0790964444444444,0.0385948444444444,0.011625864702786095,0.0398736444444444,0.2285746222222222,0.0359092444444444,0.0029772444444444,0.0014825333333333,4.6979999999999995,0.24325,0.09304150252457921,0.009875,0.0016250000000000001,0.074,0.447375,0.200875,0.0755,0.00675,0.0,0.017380364530187476,1.2288357551391798,0.2728255911267088,0.137025,0.006875,0.3634871414455071,0.004375,0.1742176794164023,0.00674494200807625,0.004581037993120545,0.3531833333333333,0.11584691780692855,0.0991858223476564,0.052375,0.01375,0.009375,0.0075,0.0786875,0.40762499999999996,0.003875,0.010249999999999999,0.047557423062107224,0.39525000000000005,0.059750000000000004,0.01243571428571425,0.0033442713105180932,0.027125,0.022208486254678462,0.29,0.003537730280520623,0.004468668431397224,0.0199558778974062,0.008875000000000001,0.00975,0.006625,0.010693606855633513,0.0165,0.008375,0.038718498650771746,0.014852334167195502,0.02886878916149662,0.0,0.002709152406783113,0.012620727937619515,0.010576660612062673,0.010649413275398582,0.0063145377777777,0.0215290133333333,0.0387812488888888,0.0057784355555555,0.0006902577777777,0.30720768,63000.0,63059.0,867.6654222222222,31.513364444444445,460.79256,88.15434666666667,4.701528888888888,0.1591688888888889,0.02894666666666667,29.63119099111111,27.44240186222222,25.53538295111111,24.755583320000003,23.54719931111111,22.14746060888889,20.959373075555558,20.462649671111112,19.62361939111111,19.75211257333333,19.980721284444442,21.19939128,22.178317284444446,22.69476801777778,20.660564528888887,85.41817810666666,28.704207937777777,4.5394053422222225,1.0361447733333333,0.12793038222222222,0.09126203555555555,0.04412644444444445,0.036460342222222226,0.028174568888888887,0.02446852,0.020658693333333332,0.01409327111111111,0.017478991111111113,0.013710031111111111,0.015320297777777778,0.022346884444444444,0.01829744888888889,0.018227622222222222,0.007027982222222223,0.008836968888888888,0.015323306666666666,2.4965793952995474,15693559.56192593,1901.4447133876433,0.47135000000000005,0.12878980320801012,0.0,0.01701662666694556,1.458305015451117,0.0282444444444444,0.022311967961965527,0.0458375,0.0069676888888888,0.08247872994797252,0.0,0.0,0.0076444444444444,0.02420625,0.1877285714285714,0.0315888888888888,0.0,2.5757397381422225,0.09222508501923728,0.0,0.01243571428571425,0.0,0.0,0.17726666666666663,0.02890833333333325,0.03709999999999995,0.0495583333333333,0.049775,0.0,0.0,0.0786875,0.0,0.3531833333333333,0.03982999999999995,0.0,0.15633750000000002,0.13027999999999995,0.0,0.01145999999999995,0.16480999999999996,0.0,0.0059,0.44015000000000004,0.0,0.0,0.0,0.01815625,0.0,0.01224166666666665,0.0,0.027574999999999947,0.0165125,0.0,0.0,,,,0.013648794815025657,0.01375,0.49500991497533064,2.9149773440811417,2.19229900029457,49.08423427119152,2459.6667,1985.4056,0.2656554379770357,2024-07-27 17:30:00
2024-07-27 11:45:00,49.306666666666665,1.0,0.0454908888888888,0.7133693377777778,0.0077147022222222,0.0644057333333333,1.264716751111111,0.0011327133777777778,0.009809084444444446,0.03056168888888889,4.097737777777777e-23,2.663422222222222e-05,4.056968888888889e-05,0.0004023182222222222,1.9750204444444444e-23,3.710195555555556e-05,0.0020044133333333336,0.0013149155555555556,4.6936133333333333e-07,0.11256000000000001,0.008163373333333333,0.022341022222222222,0.17613822222222222,3.573911111111111e-05,2.42816e-05,0.745,1308.8057777777778,3.023111111111111,0.04817777777777778,3.023111111111111,40.73434,-111.87211,297.3695555555555,37.504,872.8377777777777,122.76586666666667,3.604,433302.7555555556,1961.2382222222225,186.2631111111111,16598387.650666667,0.0008087777777777,9.935566137565132e-05,0.0005852222222222,0.0001569022222222,0.0001601955555555,0.0004513244444444,0.004646778261340163,1.553960708197358,3.7457357057017058,7.126699652366152,14.67241631111111,0.2651522222222222,1.3589309333333333,1.974713688888889,0.0040401333333333,0.2527716888888889,3.985688977777778,0.0113889333333333,0.9442981333333333,0.6664899999999999,0.0821551111111111,0.2045694222222222,0.0107236888888888,0.10705044839672624,0.1242603111111111,0.0577159555555555,0.010827761416054486,0.0451409777777777,0.2260716444444444,0.0432831111111111,0.0056117333333333,0.0026280888888888,4.6194999999999995,0.235125,0.09271477685925944,0.009187500000000001,0.0015625,0.074,0.4469375,0.1996875,0.07475,0.006875,0.0,0.027245621486560734,1.401103813528124,0.3813820994499627,0.1424625,0.0066875,0.3211269241066173,0.0044375000000000005,0.1759161654069571,0.00674494200807625,0.004581037993120545,0.3611083333333333,0.12259054011577404,0.14039987847492974,0.0534375,0.013875,0.008937500000000001,0.0072499999999999995,0.08314375,0.38056249999999997,0.0036875,0.010124999999999999,0.07439278967420661,0.37062500000000004,0.05587500000000001,0.018653571428571374,0.0025945230221086114,0.0253125,0.018243233963791537,0.27,0.006137192993110182,0.004421801588257501,0.03150733960397739,0.0086875,0.009375,0.0065625,0.020608219197743576,0.01625,0.0084375,0.0415880421811164,0.015605974651558996,0.03245340705108282,0.0,0.00513960893454187,0.012015219187098443,0.010185508275343114,0.01946753110276694,0.0060907244444444,0.0204334488888888,0.0440493377777777,0.0057203955555555,0.0006937288888888,0.2332449288888889,63900.0,63959.0,868.0106533333333,31.480395555555557,454.5921333333333,86.99229777777778,4.862688888888888,0.16645777777777776,0.028595555555555555,30.229447017777776,27.685461017777776,25.985389106666666,24.91012935111111,23.592704226666665,22.335758693333332,20.958947244444445,20.210862675555557,19.560695435555555,19.30826067111111,19.50216408888889,20.755544902222223,21.599199848888887,22.007098755555557,19.847824244444446,82.49558331111112,27.448118386666668,4.424320333333333,1.0622781066666667,0.13744112888888887,0.10593873777777778,0.059776986666666664,0.040882648888888894,0.03541531111111111,0.03354948888888889,0.029971355555555555,0.026159168888888893,0.025975462222222225,0.02172647111111111,0.026148746666666667,0.03281872444444445,0.02311602222222222,0.02207572,0.01356316,0.014696262222222223,0.02306544,2.6138898435483036,16368006.858183173,1910.119665816933,0.527925,0.16656787753997124,0.0,0.018739474019218515,1.9294444747944226,0.0282444444444444,0.02464537703212031,0.04568125,0.0107236888888888,0.08963553464405197,0.0,0.0,0.0076444444444444,0.028559374999999998,0.2016428571428571,0.0315888888888888,0.0,2.687834432676825,0.12178537262664522,0.0,0.018653571428571374,0.0,0.0,0.1821833333333333,0.030437499999999926,0.036383333333333275,0.05401249999999995,0.051625000000000004,0.0,0.0,0.08314375,0.0,0.3611083333333333,0.04045499999999998,0.0,0.16118125,0.13460999999999998,0.0,0.012009999999999924,0.1735649999999999,0.0,0.00885,0.390185,0.0,0.0,0.0,0.020640625,0.0,0.013945833333333326,0.0,0.026279166666666624,0.020374999999999997,0.0,0.0,,,,0.014071901609494467,0.013875,1.1405277481309835,5.025909646521434,4.964246561083899,46.697748827858476,2994.6667,2066.2568,0.13875555257929867,2024-07-27 17:45:00
2024-07-27 12:00:00,49.17333333333333,1.0,0.1029941536507936,0.7261759511111111,0.0090199447619047,0.0727233095238095,1.7074062244444446,0.0030074790666666665,0.009993622222222222,0.031054222222222223,8.15787111111111e-23,2.7576533333333333e-05,4.172591111111111e-05,0.00041374177777777775,3.991955555555556e-23,3.927657777777777e-05,0.0020542755555555555,0.0013454355555555556,4.906217777777778e-07,0.11407555555555554,0.008343315555555557,0.022589644444444446,0.17836177777777779,3.685631111111111e-05,2.575697777777778e-05,0.745,1309.6480000000001,3.2991555555555556,0.04822222222222223,3.2991555555555556,40.73434,-111.87211,295.51533333333333,47.82355555555556,872.2426666666667,116.37955555555556,2.4186666666666667,435063.9555555555,1973.104,200.91333333333336,18497927.21733333,0.0010107044444444,9.468412698412698e-05,0.0005471898412698,0.0001796723809523,0.000152453015873,0.0006250107936507,0.004579185652628824,1.0355332444444445,3.783032888888889,6.616389333333333,14.71433739047619,0.2644102920634921,1.821834683028083,3.902200704761905,0.0047510412698412,0.3083215936507936,4.357204714285714,0.0133624698412698,0.5947499970695971,0.5971430412698413,0.097833292063492,0.2691553174603175,0.0070782063492063,0.10793621258495532,0.1802828253968254,0.0780232063492063,0.010029658129322877,0.0657316952380952,0.2043953968253968,0.0662068634920634,0.0080855555555555,0.005067638095238,4.5409999999999995,0.22699999999999998,0.08564040439228726,0.0085,0.0015,0.074,0.4465,0.1985,0.07400000000000001,0.007,0.0,0.039482760145429535,1.0802032293691723,0.46884767632983515,0.1479,0.006500000000000001,0.27876670676772747,0.0045000000000000005,0.15615817618342145,0.00674494200807625,0.004581037993120545,0.3690333333333333,0.12933416242461954,0.18908364702118,0.0545,0.013999999999999999,0.0085,0.006999999999999999,0.0876,0.3535,0.0035,0.009999999999999998,0.10768012356181406,0.34600000000000003,0.052000000000000005,0.0248714285714285,0.0018447747336991296,0.0235,0.014277981672904613,0.25,0.008897908148550362,0.004374934745117779,0.04583609345611137,0.0085,0.009000000000000001,0.006500000000000001,0.03113786458200467,0.016,0.0085,0.04445758571146105,0.01635961513592249,0.03603802494066903,0.0,0.007720833946282039,0.011409710436577371,0.009794355938623555,0.02883266313969525,0.006521345079365,0.0154889993650793,0.0331665574603174,0.0064675152380952,0.0008936352380952,0.1504181803174603,64800.0,64859.0,867.4871466666666,31.660088888888886,457.63512444444444,89.058,5.6672400000000005,0.18875111111111112,0.030604444444444445,32.26411704444444,29.654871564444445,27.78373386222222,26.353602604444447,25.027023306666667,23.568742982222222,21.734235284444445,20.83483292888889,19.89097487111111,19.401874542222224,19.322482968888888,20.288155173333333,20.888609168888888,21.084562226666666,18.719778262222224,76.12013639555556,26.325748497777777,5.618598235555555,1.5533019733333333,0.21851009777777777,0.17969592888888888,0.10466364444444444,0.08341152,0.06472671111111111,0.05586025777777778,0.056517017777777775,0.04885716444444445,0.04729404444444445,0.03863859555555556,0.053243000000000006,0.06111964444444444,0.04609237777777778,0.038476253333333335,0.029282475555555555,0.03179136,0.04166548444444444,2.879455785330184,18241181.368199,1921.924746603781,0.5845,0.1479,0.0,0.020462321371491468,1.37655,0.0282444444444444,0.02697878610227509,0.045525,0.0070782063492063,0.09679233934013141,0.0,0.0,0.0076444444444444,0.0329125,0.2155571428571428,0.0315888888888888,0.0,2.941593015712072,0.10565,0.0,0.0248714285714285,0.0,0.0,0.1871,0.0319666666666666,0.0356666666666666,0.0584666666666666,0.053475,0.0,0.0,0.0876,0.0,0.3690333333333333,0.04108,0.0,0.166025,0.13894,0.0,0.0125599999999999,0.1823199999999999,0.0,0.0118,0.34022,0.0,0.0,0.0,0.023125,0.0,0.01565,0.0,0.0249833333333333,0.0242375,0.0,0.0,,,,0.014495008403963274,0.013999999999999999,0.8,3.7,1.9,50.0,3271.8333,2156.3496,0.3604656981557025,2024-07-27 18:00:00
2024-07-27 12:15:00,53.277777777777786,1.0,0.1654289568253968,0.6084339701587302,0.0118340596825396,0.0577637219047619,2.4603552377777773,0.007763761333333333,0.010146355555555557,0.03145982222222222,1.4898355555555556e-22,2.8379600000000002e-05,4.270306666666667e-05,0.0004234084444444444,7.359733333333332e-23,4.118142222222222e-05,0.002096,0.0013709733333333333,5.089928888888888e-07,0.11532311111111111,0.008493755555555557,0.022791288888888886,0.18016222222222222,3.7804577777777776e-05,2.7050222222222222e-05,0.745,1309.4986666666666,3.3409333333333335,0.046311111111111115,3.3409333333333335,40.73434,-111.87211,297.1513333333333,44.285333333333334,872.2262222222222,96.54644444444445,1.107111111111111,427314.5777777778,1957.3546666666664,187.492,18781565.11644444,0.0009752993650793,0.0001082838095238,0.0005759873015873,0.0001153196825396,0.0001470114285714,0.0001780612698412,0.0045115930439174855,0.3616564,1.5702373333333337,3.6175017777777776,16.69316471980057,0.2842351294649795,1.7291922010341512,2.278874975961076,0.0059336043308543,0.3142382074259074,3.8212480496522,0.0088566417397417,0.48172626111111116,0.4412157450715951,0.1105355330965331,0.3076003950789952,0.0099169766252266,0.10882197677318439,0.1847824171717171,0.084559514032264,0.009231554842591269,0.0622693939449439,0.1787713917600917,0.0665729239723239,0.006245698074148,0.0042783249139749,4.4624999999999995,0.218875,0.10524608659215556,0.0078125,0.0014375,0.074,0.44606250000000003,0.1973125,0.07325000000000001,0.007125,0.0,0.04046561729062725,1.3243782773538655,0.3870547837716567,0.1435625,0.0063125,0.3986410774398445,0.004562500000000001,0.11173214951471086,0.00674494200807625,0.004581037993120545,0.36845833333333333,0.11500110755124286,0.21806290408079815,0.0555625,0.014124999999999999,0.0080625,0.00675,0.08515625,0.3264375,0.0033125000000000003,0.009874999999999998,0.11035368107129814,0.321375,0.048125,0.018653571428571374,0.002533377243739781,0.0216875,0.014368233963791536,0.23,0.009786501285287479,0.004328067901978056,0.04698694403466083,0.0083125,0.008625,0.0064375000000000005,0.03452704821519925,0.01575,0.008562499999999999,0.03842766653620979,0.01572655712905718,0.03455322628862938,0.0,0.00855165447671115,0.009298419119560291,0.008834668228765118,0.0318470241237514,0.0060649923809523,0.0091348441269841,0.0360485146031746,0.0070086209523809,0.0006951253968253,0.0834301787301587,65700.0,65759.0,867.3375422222222,31.85923111111111,478.9964488888889,97.98164,5.639662222222222,0.1719688888888889,0.036000000000000004,28.224751413333333,26.664038213333335,25.47699993777778,24.755321480000003,23.97199348,22.84070086666667,21.64173858666667,21.119181253333334,20.47213965777778,20.469106453333332,20.910399595555553,22.634891462222225,23.937061533333335,23.918732648888888,20.843631186666666,85.40239136444444,32.80592795555555,9.588412933333332,2.418636248888889,0.25599026666666663,0.1672240488888889,0.08591554666666666,0.05199903555555555,0.042760177777777776,0.036958088888888886,0.03347395555555555,0.02603592,0.025783995555555557,0.02135648888888889,0.025668395555555557,0.03599188888888889,0.024066293333333332,0.01854786222222222,0.012590662222222222,0.015197133333333333,0.020864039999999997,2.6301843560762337,18520882.4557745,1906.2559758058653,0.53425,0.1685419930792125,0.0,0.019630083507790826,1.3681795306732454,0.0282444444444444,0.025851610570952886,0.0485625,0.0099169766252266,0.09333517649669673,0.0,0.0,0.0076444444444444,0.031109374999999998,0.20883571428571424,0.0315888888888888,0.0,2.703404472956063,0.12333006287732999,0.0,0.018653571428571374,0.0,0.0,0.17665,0.0301791666666666,0.03390833333333327,0.055408333333333275,0.0495875,0.0,0.0,0.08515625,0.0,0.36845833333333333,0.040555,0.0,0.1648,0.13453500000000002,0.0,0.012819999999999925,0.17671999999999993,0.0,0.00885,0.481615,0.0,0.0,0.0,0.017343749999999998,0.0,0.014308333333333326,0.0,0.025679166666666624,0.022178125,0.0,0.0,,,,0.014918115198432082,0.014124999999999999,0.4352348744426019,2.8567892324478814,2.334862322136268,50.36531804632782,3254.3333,2234.6472,0.9140551882559473,2024-07-27 18:15:00
2024-07-27 12:30:00,53.82,1.0,0.1869479688888888,0.6442093022222222,0.0133356577777777,0.0597633688888888,1.7373934533333333,0.008321678666666667,0.010269422222222222,0.031784177777777776,2.458328888888889e-22,2.9040977777777777e-05,4.3502888888888884e-05,0.00043131333333333333,1.2217875555555557e-22,4.278288888888889e-05,0.0021298000000000003,0.0013917066666666667,5.242897777777778e-07,0.116296,0.008615573333333333,0.022947955555555555,0.181588,3.8583333333333334e-05,2.8141644444444444e-05,0.745,1309.0444444444445,3.3152444444444447,0.0448,3.3152444444444447,40.73434,-111.87211,299.62466666666666,35.10933333333333,871.9893333333333,109.40755555555555,2.149777777777778,424802.7555555556,1955.871555555556,167.11155555555555,17860858.277777776,0.0009681777777777,6.726222222222221e-05,0.0006867066666666,0.0001212533333333,0.0001581955555555,0.0001666133333333,0.004444000435206146,0.4173683111111111,1.4201244444444447,3.641426666666667,10.717501767760018,0.2872640737743738,1.61156757981648,1.634953527113627,0.0077388908517408,0.2748973924316424,3.670496511801162,0.0118737443352943,0.6199262253746254,0.4932534613608614,0.0452255027306027,0.1347727443241944,0.0087458148388648,0.10970774096141346,0.0725194631960632,0.0352648028804528,0.00843345155585966,0.0556502163595663,0.1600326749176749,0.0569676647926147,0.0063085947755947,0.002679169058719,4.3839999999999995,0.21075,0.0764085936330756,0.007125000000000001,0.001375,0.074,0.445625,0.196125,0.07250000000000001,0.00725,0.0,0.0159437379788914,1.2950771656334155,0.29297644299205394,0.139225,0.006125,0.5185154481119616,0.004625,0.12655847580915566,0.00674494200807625,0.004581037993120545,0.36788333333333334,0.10066805267786619,0.08778830903615058,0.056625,0.014249999999999999,0.007625,0.0065,0.0827125,0.299375,0.003125,0.00975,0.043649526860397025,0.29675,0.044250000000000005,0.01243571428571425,0.0032219797537804316,0.019875,0.014458486254678458,0.21000000000000002,0.0030850202456974125,0.004281201058838334,0.018273698034547273,0.008125,0.00825,0.0063750000000000005,0.008966925231420508,0.0155,0.008624999999999999,0.03239774736095853,0.015093499122191871,0.03306842763658972,0.0,0.0022858756834859876,0.0071871278025432105,0.007874980518906683,0.009113691909068126,0.0045410444444444,0.0111513333333333,0.0365490355555555,0.0051186755555555,0.0005799688888888,0.1161627733333333,66600.0,66659.0,867.0972844444444,31.70608,490.2110044444444,100.83266222222223,5.672857777777778,0.16797333333333334,0.03712,28.05471661777778,26.70568124,25.32457923111111,24.68917592888889,23.910205515555557,22.794142493333332,21.83070212888889,21.43153101777778,20.557066866666666,20.732812457777776,21.484058377777778,23.29683336888889,24.757663666666666,24.937698,21.997569502222223,90.13446556000001,34.47881688888889,9.870166502222222,2.3975788355555556,0.23069423111111112,0.15753139555555556,0.08679238222222223,0.055850382222222224,0.041405835555555555,0.03478375111111111,0.030725031111111113,0.023901546666666666,0.020391266666666668,0.01803749777777778,0.021329386666666665,0.03189230222222222,0.01767404888888889,0.014376964444444446,0.010746106666666666,0.009765608888888888,0.019705022222222222,2.4824252356395258,17612954.760215063,1904.7804512502546,0.484,0.13580237565879769,0.0,0.018797845644090184,1.1327493528268775,0.0282444444444444,0.024724435039630684,0.0516,0.0087458148388648,0.08987801365326203,0.0,0.0,0.0076444444444444,0.02930625,0.20211428571428564,0.0315888888888888,0.0,2.5622148882488887,0.0977122270236589,0.0,0.01243571428571425,0.0,0.0,0.16620000000000001,0.0283916666666666,0.03214999999999995,0.05234999999999995,0.045700000000000005,0.0,0.0,0.0827125,0.0,0.36788333333333334,0.040029999999999996,0.0,0.163575,0.13013,0.0,0.01307999999999995,0.17111999999999994,0.0,0.0059,0.6230100000000001,0.0,0.0,0.0,0.0115625,0.0,0.01296666666666665,0.0,0.026374999999999947,0.020118749999999998,0.0,0.0,,,,0.015341221992900892,0.014249999999999999,0.46819056672357207,2.7071164329458695,2.3527888478014525,50.866094145548026,3236.8333,2287.5371,0.965887973406297,2024-07-27 18:30:00
2024-07-27 12:45:00,53.165333333333336,1.0,0.1375306444444444,0.6529178844444444,0.01064032,0.0574047066666666,1.2638968977777776,0.008184430666666666,0.0103648,0.032032177777777775,3.640262222222222e-22,2.955977777777778e-05,4.4124266666666674e-05,0.000437468,1.8165688888888887e-22,4.4058266666666665e-05,0.002156208888888889,0.0014076711111111113,5.363644444444444e-07,0.11703955555555555,0.00870944,0.02306808888888889,0.182668,3.919173333333333e-05,2.9011155555555555e-05,0.745,1309.3164444444444,3.089688888888889,0.0484,3.089688888888889,40.73433888888889,-111.87211,300.21311111111106,32.02622222222222,871.6177777777777,107.43586666666667,2.8031111111111113,424719.3333333333,1954.716888888889,162.7337777777778,17040365.296444446,0.0008687911111111,7.8e-05,0.0007224488888888,0.0001178222222222,0.0001381155555555,0.0001847111111111,0.004376407826494808,0.4299516888888889,1.272584311111111,3.3177804444444443,12.460715422222222,0.2793774222222221,1.336127111111111,1.6397962222222222,0.0040614666666666,0.236032,3.6280156,0.0109973777777777,0.6818642222222222,0.5378575111111111,0.0546734666666666,0.1298034666666667,0.0071769333333333,0.11059350514964254,0.0702328,0.0306327555555555,0.007635348269128052,0.0429884888888888,0.1705268444444444,0.0501790666666666,0.0039163555555555,0.0012971555555555,4.305499999999999,0.202625,0.08058032027226597,0.0064375000000000005,0.0013125,0.074,0.4451875,0.19493749999999999,0.07175000000000001,0.007375,0.0,0.015444256387371813,1.272264972570845,0.2727681462221855,0.1348875,0.0059375,0.6383898187840786,0.0046875,0.13926683895051162,0.00674494200807625,0.004581037993120545,0.3673083333333333,0.08633499780448951,0.08404255057868423,0.0576875,0.014374999999999999,0.0071875,0.00625,0.08026875,0.2723125,0.0029375,0.009625,0.042290842369592775,0.272125,0.04037500000000001,0.006217857142857126,0.003910582263821082,0.018062500000000002,0.014548738545565383,0.19,0.0024553060918465976,0.004234334215698612,0.017688843275761864,0.0079375,0.007875,0.0063125,0.0065651320871937535,0.01525,0.008687499999999999,0.026367828185707272,0.014460441115326562,0.03158362898455007,0.0,0.0016971029080826683,0.00507583648552613,0.006915292809048248,0.006977522161633542,0.0045792,0.0145446488888888,0.0391257422222222,0.0043338888888888,0.0005092844444444,0.2032199111111111,67500.0,67559.0,866.7196888888889,31.45270222222222,460.1525111111111,90.3155511111111,4.95764,0.16400444444444448,0.03127555555555555,28.696093488888888,26.907805364444446,25.324275817777778,24.564491817777775,23.56758027111111,22.33191519111111,21.04982128888889,20.598845075555555,19.790043204444444,19.588784933333333,19.941593791111114,21.43280606222222,22.328498213333333,22.747863137777774,20.198085493333334,82.46954063111112,29.50654591111111,6.784527626666667,1.6437633466666668,0.17867430222222225,0.12762596888888889,0.060321480000000004,0.04659604888888889,0.03984671111111111,0.030535191111111113,0.023828546666666665,0.02076848,0.016204382222222223,0.018060253333333335,0.019609031111111112,0.02814387111111111,0.01687664888888889,0.017868475555555555,0.0081536,0.011280595555555556,0.01525420888888889,2.3468632473759663,16803849.982799184,1903.6316910478333,0.43375,0.1287698121645748,0.0,0.01796560778038954,1.1249302848847407,0.0282444444444444,0.02359725950830848,0.0546375,0.0071769333333333,0.08642085080982734,0.0,0.0,0.0076444444444444,0.027503125,0.19539285714285706,0.0315888888888888,0.0,2.43268013757873,0.09220944258631901,0.0,0.006217857142857126,0.0,0.0,0.15575,0.026604166666666602,0.030391666666666622,0.04929166666666662,0.0418125,0.0,0.0,0.08026875,0.0,0.3673083333333333,0.039505,0.0,0.16235,0.125725,0.0,0.013339999999999973,0.16551999999999997,0.0,0.0029499999999999995,0.764405,0.0,0.0,0.0,0.005781250000000002,0.0,0.011624999999999976,0.0,0.027070833333333273,0.018059375,0.0,0.0,,,,0.0157643287873697,0.014374999999999999,0.4756341082863913,2.560008846393156,2.1102860576714217,50.261468576571495,3219.3333,2332.0969,0.9397195074157082,2024-07-27 18:45:00
2024-07-27 13:00:00,52.88044444444445,1.0,0.1048350028571428,0.645761280952381,0.0092953857142857,0.0565979552380952,1.1977130619047618,0.008430732888888888,0.010431333333333332,0.03220604444444444,4.82368e-22,2.993111111111111e-05,4.4568888888888884e-05,0.00044187155555555554,2.4134577777777774e-22,4.498613333333333e-05,0.002175057777777778,0.0014192044444444444,5.451088888888889e-07,0.11756888888888889,0.008776257777777777,0.023151511111111113,0.18342177777777777,3.962835555555556e-05,2.9643555555555553e-05,0.745,1309.2573333333335,3.5591999999999997,0.04897777777777778,3.5591999999999997,40.73433911111111,-111.87211,300.5877777777778,31.388444444444442,871.5004444444444,105.14342222222221,2.8040000000000003,424297.1111111111,1954.3253333333328,163.94355555555555,17262739.598222222,0.0006506901587301,6.333460317460319e-05,0.0006896685714285,0.0001139698412698,0.0001506901587301,0.0001729473015873,0.004308815217783469,0.6499084444444445,1.3703353333333332,3.5231248888888893,9.188954622222225,0.278846,1.1866881777777778,1.3309594666666666,0.0047106222222222,0.2279380444444444,3.7391270666666663,0.0138167111111111,0.9458979111111111,0.6569596888888889,0.0659602222222222,0.1306120888888889,0.0133031555555555,0.11147926933787161,0.0665558666666666,0.0307487111111111,0.006837244982396445,0.0387196888888888,0.1933276888888889,0.0449810222222222,0.0033826222222222,0.0008572888888888,4.226999999999999,0.1945,0.05199704353350349,0.00575,0.00125,0.074,0.44475,0.19375,0.07100000000000001,0.0075,0.0,0.014641094594062383,1.013560630806569,0.24394359075712882,0.13055,0.00575,0.7582641894561957,0.00475,0.17320083675119033,0.00674494200807625,0.004581037993120545,0.3667333333333333,0.07200194293111284,0.08465207649704294,0.05875,0.014499999999999999,0.00675,0.006,0.077825,0.24524999999999997,0.00275,0.0095,0.0401060902371746,0.24750000000000005,0.036500000000000005,0.0,0.0045991847738617335,0.01625,0.014638990836452306,0.17,0.002471069932202571,0.004187467372558889,0.016748402216737925,0.00775,0.0075,0.00625,0.006625256960459083,0.015,0.008749999999999999,0.020337909010456012,0.013827383108461253,0.03009883033251041,0.0,0.0017118418495224385,0.0029645451685090494,0.005955605099189812,0.007030997597537112,0.0049760707936507,0.0200991206349206,0.0500369346031746,0.0042219396825396,0.0005500184126984,0.2575393968253968,68400.0,68459.0,866.5686355555556,31.354124444444444,459.8798133333333,88.97250222222222,4.837751111111111,0.1624533333333333,0.030093333333333337,29.372904062222222,27.64453035111111,25.89372695111111,24.963448253333333,24.045355946666668,22.51756910222222,21.380799111111113,20.83769389777778,19.863521475555554,19.658171453333335,19.881522413333332,21.19836884,21.96222488,22.262238715555554,19.828170848888888,81.58659073777777,28.65755832,6.152506266666666,1.5101749822222221,0.16914370666666664,0.1262534488888889,0.056631355555555554,0.04744592444444444,0.040157986666666666,0.033912399999999995,0.023140306666666666,0.020058760000000002,0.01804476888888889,0.015755102222222223,0.021799182222222224,0.024746866666666666,0.015695097777777778,0.015012182222222222,0.009006351111111111,0.00996784,0.015877537777777777,2.432525925581677,17023137.793952104,1903.24213841568,0.3835,0.13055,0.0,0.017133369916688897,1.31145,0.0282444444444444,0.02247008397698628,0.057675,0.0133031555555555,0.08296368796639265,0.0,0.0,0.0076444444444444,0.0257,0.1886714285714285,0.0315888888888888,0.0,2.514534157317223,0.07115,0.0,0.0,0.0,0.0,0.1453,0.0248166666666666,0.0286333333333333,0.0462333333333333,0.037925,0.0,0.0,0.077825,0.0,0.3667333333333333,0.03898,0.0,0.161125,0.12132,0.0,0.0136,0.15992,0.0,0.0,0.9058,0.0,0.0,0.0,0.0,0.0,0.0102833333333333,0.0,0.0277666666666666,0.016,0.0,0.0,,,,0.016187435581838508,0.014499999999999999,0.6057468078265761,2.1,1.2,51.0,3163.3333,2368.5923,0.9606295875032537,2024-07-27 19:00:00
2024-07-27 13:15:00,53.15777777777778,1.0,0.0882088765079365,0.6368783355555555,0.009612139047619,0.0546519088888888,1.186581867936508,0.008477448888888888,0.010470577777777776,0.03231208888888889,5.718875555555556e-22,3.015791111111111e-05,4.4836399999999996e-05,0.00044452577777777776,2.8657422222222224e-22,4.5552844444444444e-05,0.002186266666666667,0.0014260577777777778,5.504324444444444e-07,0.1178791111111111,0.008816431111111111,0.023200933333333333,0.18387066666666665,3.989262222222222e-05,3.002951111111111e-05,0.745,1309.1244444444444,3.3424,0.04888888888888889,3.3424,40.73434,-111.87211,301.49488888888885,29.94711111111111,871.3608888888888,105.11853333333333,2.512888888888889,423481.8666666667,1954.356,157.9688888888889,17080466.336000003,0.0005745009523809,4.85663492063492e-05,0.0007202098412698,0.0001217177777777,0.0001630409523809,0.0002041866666666,0.004241222609072131,0.3995635555555555,1.1208664888888888,2.9921151111111115,8.837639066666666,0.2794137777777778,1.2054577333333332,1.208039288888889,0.0047883555555555,0.2248174666666666,3.70718,0.0126957777777777,1.0762475999999999,0.7353127555555556,0.0697785333333333,0.1152436,0.0117519555555555,0.1123650335261007,0.0601849777777777,0.0287048444444444,0.006039141695664836,0.0394072888888888,0.2078615555555555,0.0449939555555555,0.0039690222222222,0.0011406222222222,4.1485,0.186375,0.08724992754707234,0.005062500000000001,0.0011875,0.074,0.4443125,0.1925625,0.07025,0.007625,0.002,0.013249485315050423,1.2651350646544444,0.25077290260089,0.1401625,0.0055625,0.6679481420921467,0.0048125,0.19552480127939556,0.008308706506057188,0.008935778494840408,0.35455,0.08000145719833462,0.07306756639287751,0.059812500000000005,0.014624999999999999,0.0063125,0.00575,0.07986875,0.21818749999999998,0.0025625,0.009375,0.036320649538748626,0.22287500000000005,0.032625,0.0055,0.015199388580396302,0.014437499999999999,0.014729243127339229,0.15000000000000002,0.002193211853839254,0.004140600529419167,0.01511893413819682,0.0075625,0.007125,0.0061875,0.005565478291677344,0.01475,0.0088125,0.01975343175784201,0.01212053733134594,0.03107412274938281,0.00175,0.0014520489403655,0.009723408876381786,0.010216703824392359,0.006088423863962365,0.0051912765079365,0.0231980034920634,0.0580088825396825,0.0041296092063492,0.0005301047619047,0.2802307158730159,69300.0,69359.0,866.4336711111112,31.334253333333333,462.49526222222227,88.77770666666667,4.792115555555555,0.16138666666666665,0.02992444444444444,29.966252222222224,28.057216466666667,26.33891676,25.51091960888889,24.327322875555556,22.966307826666664,21.83571518666667,21.06395025777778,20.280251693333337,19.877627004444445,20.05401078222222,21.079434564444448,21.933894773333336,22.009183297777778,19.753918226666666,80.75794361333332,28.37101954222222,6.099362817777777,1.565403177777778,0.18122632,0.11691415555555555,0.05638263111111111,0.04305846666666667,0.03868972444444444,0.02493945333333333,0.022831346666666665,0.0228456,0.01694889777777778,0.01414316,0.02164190222222222,0.026303315555555554,0.019730511111111113,0.0106978,0.010385693333333333,0.008805835555555556,0.011035484444444445,2.5005792409551693,16843394.431590226,1903.2726482132045,0.3818375,0.12111538442634498,0.0,0.022155540702049253,1.0089439723046567,0.0282444444444444,0.029272067244375363,0.06174375,0.0117519555555555,0.10382606756941481,0.0,0.0,0.0076444444444444,0.02841875,0.22923214285714277,0.0315888888888888,0.0,2.579561746187079,0.08622006675355538,0.0,0.0069642857142857,0.0,0.0,0.14376666666666665,0.0307791666666666,0.03916666666666663,0.0540958333333333,0.0391875,0.002135,0.0,0.0852875,0.0,0.37837499999999996,0.04047,0.0,0.18609375,0.13704,0.002974999999999975,0.01695,0.190005,0.0,0.00444375,0.877425,0.005992857142857125,0.0,0.00500714285714285,0.003378125,0.0,0.013441666666666626,0.0,0.02922499999999995,0.012,0.0,0.0,,,,0.016610542376307318,0.014624999999999999,0.4576583836854325,2.408735818777542,1.866270380801466,50.25449054895941,3063.3333,2397.4846,0.9615510836584417,2024-07-27 19:15:00
2024-07-27 13:30:00,53.624,1.0,0.0696521777777777,0.6012749466666667,0.0090611555555555,0.0499143911111111,1.16865736,0.008277000444444444,0.010486355555555556,0.03234706666666667,6.066724444444444e-22,3.0235955555555554e-05,4.492866666666667e-05,0.00044544888888888885,3.0417422222222217e-22,4.5750755555555553e-05,0.002190257777777778,0.0014286,5.522853333333333e-07,0.11799288888888888,0.00883015111111111,0.023218133333333335,0.183996,3.998488888888889e-05,3.016604444444444e-05,0.745,1308.808888888889,2.7045777777777777,0.04933333333333333,2.7045777777777777,40.73434,-111.87211,302.79844444444444,27.638222222222222,871.2573333333333,106.97088888888888,2.2635555555555555,423128.3111111112,1955.3564444444448,160.85644444444446,16708887.272444444,0.0006078044444444,4.7561428571428564e-05,0.0007791777777777,0.00012284,0.00015096,0.0002676622222222,0.0041736300003607915,0.4066379111111111,1.2400862666666668,2.9978351111111112,8.943317644444445,0.2790095555555555,1.1834742222222223,2.207683377777778,0.0048048,0.2215270666666667,3.706954,0.0101768444444444,1.209636311111111,0.7975899111111111,0.0728947111111111,0.147386,0.0115669777777777,0.11325079771432976,0.0862576888888888,0.0411964888888888,0.0052410384089332275,0.0390737777777777,0.2258217333333333,0.0477944444444444,0.0045395555555555,0.0012670666666666,4.07,0.17825000000000002,0.08862586864252751,0.004375,0.0011250000000000001,0.074,0.443875,0.191375,0.0695,0.00775,0.004,0.0189446131604755,1.284900363570479,0.2641021720540714,0.149775,0.005375,0.5776320947280978,0.004875,0.21326849748281668,0.009872471004038125,0.013290518996560273,0.34236666666666665,0.08800097146555641,0.09729597038654089,0.060875,0.01475,0.005875,0.0055,0.0819125,0.191125,0.002375,0.00925,0.05181247548009162,0.19825000000000004,0.028750000000000005,0.011,0.02579959238693087,0.012625,0.014819495418226154,0.13,0.0038914167208875298,0.004093733686279445,0.021787493458180335,0.007375,0.00675,0.006125,0.01204260252689875,0.014499999999999999,0.008875,0.019168954505228007,0.010413691554230626,0.03204941516625521,0.0035,0.0030398436352459227,0.016482272584254526,0.014477802549594906,0.011849218408202702,0.0053321244444444,0.0248402622222222,0.0676469244444444,0.00421744,0.0005124488888888,0.3147593511111111,70200.0,70259.0,866.3226622222222,31.550031111111114,466.5447111111111,88.22825333333334,4.73563111111111,0.16040000000000001,0.02948888888888889,30.997649817777777,28.98287177777778,27.248914657777778,26.44180536,25.25834756,23.892606937777778,22.376589782222222,21.74835800888889,20.64986562222222,20.28345454666667,20.178775275555555,21.14860076888889,21.840072000000003,21.790841386666667,19.31920151111111,78.76420706666666,27.38700383111111,5.997417351111111,1.5748321733333335,0.19108832,0.13462004444444445,0.06184504888888889,0.039503666666666666,0.03381308888888889,0.024279244444444445,0.020962604444444442,0.020380146666666665,0.0179006,0.013069457777777778,0.020143444444444443,0.02439448888888889,0.01601168,0.014250675555555556,0.007522191111111112,0.00858295111111111,0.01494962222222222,2.627017974066241,16476972.777352598,1904.267975086049,0.38017500000000004,0.12575402046918424,0.0,0.027177711487409606,0.9758056209569403,0.0282444444444444,0.03607405051176445,0.0658125,0.0115669777777777,0.12468844717243699,0.0,0.0,0.0076444444444444,0.031137500000000002,0.26979285714285706,0.0315888888888888,0.0,2.7003788718311115,0.08984966984892571,0.0,0.0139285714285714,0.0,0.0,0.14223333333333332,0.0367416666666666,0.04969999999999995,0.061958333333333296,0.04045,0.00427,0.0,0.09275,0.0,0.3900166666666667,0.04196,0.0,0.2110625,0.15276,0.00594999999999995,0.0203,0.22009,0.0,0.0088875,0.8490500000000001,0.01198571428571425,0.0,0.0100142857142857,0.00675625,0.0,0.016599999999999948,0.0,0.0306833333333333,0.008,0.0,0.0,,,,0.017033649170776127,0.01475,0.4618431312578159,2.5276060772082856,1.8705562827039186,50.6850758998463,2963.3333,2419.3989,0.93735660242885,2024-07-27 19:30:00
2024-07-27 13:45:00,53.60177777777778,1.0,0.0604260711111111,0.6011578488888888,0.0085125688888888,0.0481150133333333,1.1961356355555557,0.008161572444444444,0.010472088888888889,0.03231657777777778,5.757835555555556e-22,3.01672e-05,4.484755555555555e-05,0.00044463200000000004,2.885355555555555e-22,4.557635555555556e-05,0.0021867511111111114,0.001426368888888889,5.506488888888889e-07,0.1178928888888889,0.008817995555555553,0.023202755555555555,0.18388444444444443,3.990413333333333e-05,3.0045377777777778e-05,0.745,1308.2644444444445,3.1354666666666664,0.047155555555555555,3.1354666666666664,40.73434,-111.87211,303.99044444444445,26.104888888888887,871.0084444444444,105.3300888888889,1.7675555555555558,423181.68888888886,1956.892,165.528,16786746.15511111,0.0007236311111111,4.655650793650793e-05,0.0008533333333333,0.0001341688888888,0.0001530266666666,0.0001695955555555,0.004106037391649452,0.3946259966995967,1.2674253139971143,3.0592172393902395,9.761185822222222,0.2766156888888889,1.2395142222222222,1.5921253333333332,0.0041393333333333,0.2284820444444444,3.856801911111112,0.0107116444444444,1.2629693333333334,0.9230691555555556,0.0844344888888889,0.1802584,0.0113085777777777,0.11413656190255883,0.1040263999999999,0.0488673333333333,0.004442935122201619,0.0471468444444444,0.2373756,0.0542106666666666,0.0047602666666666,0.0013459111111111,3.9915,0.170125,0.09372123084878384,0.0036875000000000015,0.0010625,0.074,0.4434375,0.1901875,0.06875,0.007875,0.006,0.022825877406259198,1.315237594914258,0.28566657889144054,0.15938750000000002,0.0051875,0.48731604736404893,0.0049375,0.24901941727668692,0.011436235502019061,0.017645259498280136,0.33018333333333333,0.09600048573277821,0.12207463618129491,0.0619375,0.014875,0.0054375000000000005,0.0052499999999999995,0.08395625,0.1640625,0.0021875,0.009125,0.06237024902969507,0.17362500000000003,0.024875000000000008,0.0165,0.036399796193465436,0.010812500000000003,0.014909747709113077,0.11000000000000004,0.004934247024604621,0.004046866843139723,0.02633215717109964,0.0071875,0.0063750000000000005,0.0060625,0.016020062234201108,0.01425,0.0089375,0.018584477252614,0.008706845777115314,0.0330247075831276,0.00525,0.004014873477658609,0.023241136292127262,0.01873890127479745,0.01538679578817092,0.00638748,0.0291653955555555,0.0876336488888889,0.0046508577777777,0.0005750755555555,0.3357163422222222,71100.0,71159.0,866.0889022222221,31.872475555555557,473.43100888888887,87.64948,4.679475555555555,0.15944888888888892,0.028595555555555555,32.88733471111111,30.652348795555554,28.614125333333334,27.654574004444445,26.432596026666666,24.776448004444443,23.21411323111111,22.361893520000002,21.175243195555556,20.562219995555555,20.42988008888889,21.21026849777778,21.810631937777778,21.514194822222223,19.167907862222226,77.03761842666667,26.267214226666667,5.471130142222222,1.5100116888888888,0.18769338222222223,0.12850408444444444,0.06946260444444445,0.042247688888888885,0.03715758222222222,0.029634626666666667,0.02548355111111111,0.023023484444444447,0.019320479999999998,0.012148986666666667,0.020513533333333334,0.023307577777777776,0.01790706666666667,0.013199262222222223,0.00852376,0.007752502222222222,0.01532076,2.996894296267363,16553751.001375297,1905.7956758171358,0.37851250000000003,0.13325851538164882,0.0,0.03219988227276996,0.9808086580365796,0.0282444444444444,0.04287603377915353,0.06988125,0.0113085777777777,0.14555082677545916,0.0,0.0,0.0076444444444444,0.033856250000000004,0.3103535714285714,0.0315888888888888,0.0,3.0538100791247618,0.09572172743480183,0.0,0.0208928571428571,0.0,0.0,0.14069999999999996,0.0427041666666666,0.06023333333333328,0.0698208333333333,0.0417125,0.006405000000000001,0.0,0.10021250000000001,0.0,0.40165833333333334,0.04345,0.0,0.23603125,0.16848000000000002,0.008924999999999926,0.023649999999999997,0.25017500000000004,0.0,0.01333125,0.820675,0.017978571428571375,0.0,0.01502142857142855,0.010134375000000001,0.0,0.019758333333333274,0.0,0.03214166666666665,0.004,0.0,0.0,,,,0.017456755965244933,0.014875,0.45473763178461135,2.5548649740288965,1.91654890164939,50.66455228922251,2863.3333,2435.085,0.925558693358884,2024-07-27 19:45:00
2024-07-27 14:00:00,54.66133333333334,1.0,0.0588572622222222,0.5993348133333333,0.0070161288888888,0.0475014577777777,1.230993151111111,0.008325065333333333,0.0104344,0.03221528888888889,4.889613333333333e-22,2.995022222222222e-05,4.459013333333334e-05,0.00044207777777777776,2.4466577777777775e-22,4.503004444444444e-05,0.0021758844444444442,0.0014197955555555555,5.455417777777778e-07,0.117596,0.008779542222222221,0.02315577777777778,0.18345866666666666,3.965022222222222e-05,2.9675466666666667e-05,0.745,1308.0173333333332,3.296133333333333,0.04933333333333333,3.296133333333333,40.73434,-111.87211,305.38111111111107,24.304444444444446,870.7337777777777,107.70497777777777,1.6937777777777778,423726.8888888889,1958.984888888889,169.54844444444447,16659137.166222222,0.0008062088888888,4.55515873015873e-05,0.00090472,0.0001179911111111,0.0001949022222222,8.617333333333334e-05,0.004038444782938114,0.3647784674732675,1.3780497320975325,3.1616838881673885,9.95461459047619,0.2663213396825397,1.366793041025641,1.5556529650793651,0.0044992698412698,0.238219692063492,3.936591911111111,0.0119431142857142,1.1424241282051282,1.002887015873016,0.0587022634920634,0.1537708571428572,0.0067523587301587,0.11502232609078791,0.0867841777777777,0.0408401904761904,0.00364483183547001,0.0462338539682539,0.2389321365079365,0.063282473015873,0.0058198952380952,0.0022145968253968,3.913,0.162,0.097,0.003,0.001,0.074,0.443,0.189,0.068,0.008,0.008,0.02,1.176,0.387,0.169,0.005,0.397,0.005,0.234,0.013,0.022,0.318,0.104,0.126,0.063,0.015,0.005,0.005,0.086,0.137,0.002,0.009,0.073,0.149,0.021,0.022,0.047,0.009,0.015,0.09,0.004,0.004,0.027,0.007,0.006,0.006,0.027,0.014,0.009,0.018,0.007,0.034,0.007,0.004,0.03,0.023,0.018,0.00738008,0.0309219244444444,0.0983434355555555,0.0045863555555555,0.0005778444444444,0.3521748444444445,72000.0,72059.0,865.8191111111112,32.328359999999996,474.5704577777778,85.50449777777777,4.557626666666667,0.15911111111111112,0.027186666666666668,34.51024214222222,32.021060515555554,30.06097236,28.981485177777778,27.63367259111111,26.016861724444443,24.064750075555555,23.038935635555557,21.608161848888887,20.804624297777778,20.449687653333335,21.043680804444442,21.19881849777778,20.960903804444445,18.466720573333337,72.36602334222222,24.150547693333333,5.034799453333333,1.4469198444444444,0.19568901777777778,0.13553728888888888,0.06370095111111111,0.04731951555555556,0.03767581777777777,0.032299897777777774,0.026138368888888888,0.021939026666666663,0.019258955555555554,0.01800260888888889,0.022013551111111116,0.025562066666666668,0.018065955555555555,0.015120786666666667,0.008016617777777778,0.009114102222222222,0.01613448,3.2879471010026244,16427913.188133523,1907.8778589553958,0.37685,0.1354,0.0,0.03722205305813032,1.33955,0.0282444444444444,0.049678017046542615,0.07395,0.0067523587301587,0.1664132063784813,0.0,0.0,0.0076444444444444,0.036575,0.3509142857142857,0.0315888888888888,0.0,3.331922350685232,0.1156,0.0,0.0278571428571428,0.0,0.0,0.1391666666666666,0.0486666666666666,0.0707666666666666,0.0776833333333333,0.042975,0.00854,0.0,0.107675,0.0,0.4133,0.04494,0.0,0.261,0.1842,0.0118999999999999,0.027,0.28026,0.0,0.017775,0.7923,0.0239714285714285,0.0,0.0200285714285714,0.0135125,0.0,0.0229166666666666,0.0,0.0336,0.0,0.0,0.0,,,,0.017879862759713743,0.015,0.43708169485994897,2.5,2.1,56.0,2922.0,2445.3738,0.948234557407954,2024-07-27 20:00:00
2024-07-27 14:15:00,55.99733333333334,1.0,0.0472818711111111,0.6570529466666667,0.0073589333333333,0.0516906888888888,1.182854737777778,0.0082924,0.010369555555555555,0.03204546666666667,3.7154399999999998e-22,2.9587777777777777e-05,4.415653333333333e-05,0.0004377791111111111,1.8543999999999999e-22,4.4123866666666666e-05,0.0021575511111111114,0.0014085866666666666,5.370111111111111e-07,0.11708177777777777,0.008714444444444445,0.023074755555555555,0.182728,3.922355555555555e-05,2.9057066666666667e-05,0.745,1307.8746666666666,3.2763555555555555,0.04875555555555556,3.2763555555555555,40.7343404,-111.87211,305.8291111111111,23.624000000000002,870.5222222222222,106.59497777777779,1.9226666666666667,424304.0444444444,1961.519555555556,164.64177777777778,16484386.997333333,0.0008248133333333,4.454666666666666e-05,0.0009380755555555,0.0001037999999999,0.0002368577777777,4.946666666666667e-06,0.003970852174226775,0.3518550222222222,1.335268622222222,3.0418404444444445,9.737819089242238,0.2612027155936656,1.2769313520683023,1.5030457326617823,0.0039617403688903,0.2278596912032412,3.9682270341547343,0.0087992725959225,1.2235449174843676,1.1032489862045365,0.0558065207662707,0.1366413685481187,0.0066234024975024,0.11590809027901698,0.0772023987364487,0.0327349971565471,0.0055920681635695715,0.0419569747030747,0.2415317377104377,0.0416842176064676,0.0067500495763495,0.001725978083028,3.908375,0.1625625,0.08108061769115425,0.003125,0.0009375,0.07393749999999999,0.4433125,0.190875,0.0680625,0.0079375,0.00847,0.0169666433637869,1.4066619806599974,0.28157568104787534,0.16745000000000002,0.005,0.3340808330556802,0.005,0.300355354965225,0.011436235502019061,0.017645259498280136,0.35825833333333335,0.09717776216974613,0.089196846749874,0.0605625,0.014562499999999999,0.009033482431871201,0.0051875,0.09896875,0.14205057849520686,0.002,0.0090625,0.04643202316379313,0.15770602651730492,0.021562500000000002,0.018742857142857124,0.04713613707831564,0.009125,0.011733783430387418,0.07912302401875809,0.0027411000827332866,0.004,0.019471442040133694,0.0069375,0.0061875,0.00575,0.0076551791248461315,0.0134375,0.008562499999999999,0.020920828572928398,0.01066028191258541,0.04672757209285233,0.00525,0.0019643157699485796,0.0342693255420503,0.02596548574602558,0.007947016770572211,0.0085522933333333,0.0325026622222222,0.10367368,0.0047035155555555,0.0005645244444444,0.3678159066666666,72900.0,72959.0,865.6143644444444,32.89716444444444,478.02168,84.92298666666667,4.498906666666667,0.15824000000000002,0.026773333333333333,35.56602179111111,33.232193915555555,30.896475119999998,29.84654536,28.333351462222222,26.49733827111111,24.60014510222222,23.37101093777778,21.906106582222222,21.052707946666665,20.61103031111111,21.051332955555555,21.16924232888889,20.791480084444448,18.27935783111111,70.30566447111111,23.526758608888887,4.863890404444445,1.4131711422222222,0.1959899288888889,0.13503792444444446,0.059318484444444444,0.046296937777777776,0.042175368888888884,0.033182786666666665,0.02503985333333333,0.021348404444444448,0.017447044444444445,0.01922854666666667,0.019926857777777775,0.02694881333333333,0.017751146666666665,0.015967982222222222,0.007436777777777778,0.009588542222222222,0.015170506666666667,3.5010884188515248,16255588.500757812,1910.3995600463916,0.37331250000000005,0.1318348675027168,0.0,0.03990847443006518,1.086005739945314,0.0282444444444444,0.05331648216491795,0.0703125,0.0066234024975024,0.17757275168871814,0.0,0.0,0.0076444444444444,0.050496875000000004,0.37261071428571424,0.0315888888888888,0.0,3.535587167192559,0.09460776274768957,0.0,0.023135714285714225,0.0,0.0,0.14155833333333329,0.0527791666666666,0.07291249999999995,0.0857958333333333,0.04321875,0.008875000000000001,0.0,0.11522500000000001,0.0,0.4297333333333333,0.04507,0.0,0.28213750000000004,0.2003,0.012889999999999926,0.02904,0.31889,0.0023875,0.016212499999999998,0.63993,0.024474999999999927,0.014160714285714275,0.026917857142857098,0.022728125000000002,0.00989642857142855,0.028945833333333275,0.0,0.03214166666666665,0.006221875,0.0,0.0,,,,0.01690920599593236,0.014562499999999999,0.42943699058739226,2.622509384476861,1.9035287550555595,52.87699751446591,3162.0,2451.1313,0.9515695524671681,2024-07-27 20:15:00
2024-07-27 14:30:00,59.65333333333333,1.0,0.0337621288888888,0.7432514044444445,0.0081632977777777,0.0618608888888888,1.1127723822222222,0.007522998222222222,0.010276533333333334,0.03180271111111111,2.525884444444444e-22,2.9078533333333333e-05,4.354626666666667e-05,0.0004317528888888889,1.2557595555555555e-22,4.2870844444444445e-05,0.0021316355555555553,0.0013929155555555555,5.251226666666666e-07,0.116352,0.008622146666666667,0.022956755555555555,0.18167066666666667,3.862568888888889e-05,2.820008888888889e-05,0.745,1308.3342222222223,2.957066666666667,0.048933333333333336,2.957066666666667,40.7343416,-111.87211,306.70599999999996,22.668888888888887,870.2831111111111,121.70702222222222,1.8271111111111111,426961.0666666667,1965.3755555555556,172.21599999999998,15836704.504,0.0010090088888888,0.0001463511111111,0.0009359333333333,0.0001008044444444,0.0002307466666666,6.032444444444445e-05,0.003903259565515436,0.4076458222222222,1.7888591111111112,3.707676444444445,9.29481772053872,0.2584169903041403,1.3049760252673253,1.760126343251193,0.0034313409090909,0.2130930613201613,4.018344847915048,0.0088530134532134,0.7077966383616384,0.9787330556665556,0.0616471739242239,0.145381956008806,0.0031655489399489,0.11679385446724606,0.0833843342398342,0.0351645945942945,0.0075393044916691335,0.0339059588559588,0.171958379056129,0.0395270361749361,0.0069641174714174,0.0025045464886964,3.9037499999999996,0.16312500000000002,0.08365954459373255,0.0032500000000000003,0.0008749999999999999,0.073875,0.443625,0.19275,0.068125,0.007875,0.00894,0.018316979079697506,1.4828431149982535,0.3165391118653471,0.1659,0.005,0.2711616661113604,0.005,0.26487889775963996,0.009872471004038125,0.013290518996560271,0.39851666666666663,0.09035552433949226,0.09578535551522693,0.058125,0.014124999999999999,0.013066964863742401,0.0053750000000000004,0.1119375,0.1471011569904137,0.002,0.009125,0.05010519195667113,0.16641205303460982,0.022125000000000002,0.015485714285714249,0.04727227415663127,0.00925,0.008467566860774836,0.0682460480375162,0.003071397203508738,0.004,0.02105258193160705,0.006875,0.0063750000000000005,0.0055,0.008914965577771019,0.012875000000000001,0.008125,0.0238416571458568,0.014320563825170822,0.05945514418570467,0.0035,0.002273138354477559,0.038538651084100595,0.028930971492051163,0.009067478670230295,0.0103535555555555,0.0295804444444444,0.1019905555555555,0.0051747155555555,0.0005609155555555,0.3956375555555556,73800.0,73859.0,865.3749377777779,33.262013333333336,486.28475999999995,84.74018666666667,4.5361022222222225,0.15990666666666667,0.026244444444444445,37.59935366222223,34.98505342222222,32.575943622222226,31.55478241333333,29.83031687111111,27.60412246666667,25.495221986666667,24.145288964444443,22.52415725777778,21.396055946666667,20.81263036888889,21.38215404,21.179368084444445,20.65582441333333,17.903139884444446,67.46361714666666,22.21093108,4.769306448888888,1.4531119555555556,0.19184886666666667,0.13168718666666665,0.06846619111111112,0.05341024444444444,0.04144947555555555,0.03485605333333333,0.026787773333333334,0.02317964888888889,0.02384823111111111,0.017190311111111113,0.021740528888888888,0.03129811111111111,0.02482277777777778,0.015850760000000002,0.012452146666666667,0.010958137777777778,0.014422333333333334,3.6829736761419944,15616895.652035281,1914.235835456785,0.369775,0.14400227329647788,0.0,0.04259489580200003,1.335045345051654,0.0282444444444444,0.056954947283293283,0.066675,0.0031655489399489,0.18873229699895497,0.0,0.0,0.0076444444444444,0.06441875,0.39430714285714286,0.0315888888888888,0.0,3.709385602546667,0.10412841781176542,0.0,0.01841428571428565,0.0,0.0,0.14394999999999997,0.056891666666666604,0.07505833333333331,0.0939083333333333,0.0434625,0.00921,0.0,0.122775,0.0,0.44616666666666666,0.045200000000000004,0.0,0.303275,0.21639999999999998,0.01387999999999995,0.031079999999999997,0.35752,0.004775,0.01465,0.48756,0.02497857142857135,0.02832142857142855,0.0338071428571428,0.03194375000000001,0.0197928571428571,0.03497499999999995,0.0,0.0306833333333333,0.01244375,0.0,0.0,,,,0.015938549232150975,0.014124999999999999,0.4624393486153232,3.074770071763596,2.4024287164404092,56.253541934290055,3402.0,2453.2104,0.8725203262090441,2024-07-27 20:30:00
2024-07-27 14:45:00,62.486666666666665,1.0,0.0276192266666666,0.7578717733333334,0.0082570844444444,0.0669153333333333,1.0423018933333332,0.006351214222222222,0.010155466666666666,0.03148324444444444,1.5403671111111112e-22,2.8426044444444444e-05,4.275684444444444e-05,0.00042395022222222226,7.612617777777777e-23,4.128653333333333e-05,0.002098253333333333,0.0013724577777777778,5.100115555555555e-07,0.11539422222222222,0.008502213333333335,0.02280208888888889,0.18026799999999998,3.785711111111111e-05,2.7122488888888888e-05,0.745,1309.109777777778,3.0658666666666665,0.04395555555555555,3.0658666666666665,40.73434,-111.87211,307.05844444444443,22.008888888888894,869.800888888889,121.95826666666667,1.949777777777778,428921.51111111103,1968.5444444444445,180.67422222222223,15248797.165777778,0.0010172755555555,0.0002251022222222,0.0009349733333333,8.197777777777778e-05,0.0002230088888888,0.0001044711111111,0.0038356669568040975,0.4542392,1.9633742222222224,3.947399111111111,8.976500711111111,0.2559118222222222,1.3153424,1.8326539111111115,0.0028841777777777,0.1972314666666666,3.9235026222222222,0.0071606222222222,0.5252481777777778,0.8079444,0.0479516,0.1751597333333334,0.0049432888888888,0.11767961865547513,0.1000087555555555,0.0431719555555555,0.009486540819768696,0.0296273333333333,0.1213963555555555,0.0370145777777777,0.0076956888888888,0.0022034666666666,3.8991249999999997,0.1636875,0.07761229558163604,0.003375,0.0008125000000000001,0.0738125,0.4439375,0.194625,0.06818750000000001,0.0078125,0.00941,0.021948293228263156,1.5454493261360795,0.3555831825077195,0.16435,0.005,0.20824249916704057,0.005,0.2162186467558073,0.008308706506057188,0.008935778494840407,0.43877499999999997,0.0835332865092384,0.118231346450938,0.0556875,0.0136875,0.017100447295613604,0.0055625,0.12490625,0.15215173548562055,0.002,0.0091875,0.059983053921281046,0.17511807955191475,0.0226875,0.012228571428571375,0.04740841123494691,0.009375,0.005201350291162253,0.057369072056274305,0.004159976006492001,0.004,0.02530457318912693,0.0068125,0.0065625,0.00525,0.0130669146644596,0.0123125,0.0076875,0.0267624857187852,0.017980845737756233,0.072182716278557,0.0017499999999999998,0.003290942320226626,0.04280797662615089,0.03189645723807674,0.012760247988517364,0.0107424533333333,0.0239648844444444,0.0846638933333333,0.005284,0.0004639422222222,0.4401673377777778,74700.0,74759.0,865.0138133333334,33.58587111111111,495.1713111111111,84.63123555555556,4.4939688888888885,0.15839555555555554,0.025635555555555557,39.12668762666667,36.64070038666667,34.11086044444445,32.970587817777776,30.85442179111111,28.79618520888889,26.56086370222222,25.085381675555556,23.345748702222224,22.06262848,21.293539524444444,21.68226105777778,21.47715554666667,20.751989902222224,17.817164124444446,64.77650444888889,20.816513946666667,4.715432822222223,1.5204836222222222,0.1983925511111111,0.13323182222222224,0.07493081777777778,0.053419768888888886,0.046540897777777784,0.032505582222222225,0.028474782222222224,0.023874244444444446,0.024621808888888888,0.02275773777777778,0.02063676888888889,0.030270506666666665,0.018861346666666667,0.01683428888888889,0.011942875555555557,0.011305973333333334,0.01757008,3.64453343317526,15037148.296658203,1917.3885145342524,0.3662375,0.15758975713998616,0.0,0.04528131717393489,1.5187955245548537,0.0282444444444444,0.06059341240166862,0.0630375,0.0049432888888888,0.1998918423091918,0.0,0.0,0.0076444444444444,0.078340625,0.4160035714285714,0.0315888888888888,0.0,3.672654455768889,0.11476024427136101,0.0,0.013692857142857076,0.0,0.0,0.14634166666666662,0.0610041666666666,0.07720416666666666,0.10202083333333331,0.04370625,0.009545,0.0,0.130325,0.0,0.4626,0.04533,0.0,0.3244125,0.23249999999999998,0.014869999999999974,0.03312,0.39615,0.0071625,0.0130875,0.33519,0.025482142857142773,0.04248214285714282,0.040696428571428495,0.041159375000000005,0.029689285714285654,0.041004166666666626,0.0,0.02922499999999995,0.018665624999999998,0.0,0.0,,,,0.014967892468369591,0.0136875,0.4900010852305513,3.248773552935278,2.5820489669871995,58.870302288821904,3642.0,2452.4033,0.7470071583974472,2024-07-27 20:45:00
2024-07-27 15:00:00,64.85555555555555,1.0,0.0213958869841269,0.7646178263492063,0.007758473015873,0.0668946996825396,0.9724645244444444,0.0038367715555555552,0.010004266666666668,0.031082844444444445,8.48231111111111e-23,2.7629155555555557e-05,4.179106666666667e-05,0.00041438088888888887,4.1533866666666667e-23,3.939902222222222e-05,0.0020570533333333333,0.0013472711111111111,4.918222222222223e-07,0.11416355555555556,0.008353488888888889,0.022604533333333333,0.17848355555555556,3.691822222222222e-05,2.584124444444444e-05,0.745,1309.28,3.204044444444444,0.042666666666666665,3.204044444444444,40.73434,-111.87211,306.35799999999995,21.825333333333333,869.1488888888889,124.33724444444444,1.5982222222222224,430736.5333333333,1970.4586666666669,180.4568888888889,14312057.700444443,0.0008313787301587,0.0001994352380952,0.0009811701587301,8.061492063492064e-05,0.0001661812698412,4.53365079365079e-06,0.0037680743480927588,0.6636543555555556,2.5212128888888894,4.382713333333333,8.583043644444444,0.2529261777777777,1.2498712444444446,1.7028944444444445,0.0020630222222222,0.1755564444444444,3.835892044444445,0.0036294666666666,0.26603119999999997,0.5985614222222222,0.0241926222222222,0.1344950666666667,0.0031777333333333,0.1185653828437042,0.0677484888888888,0.0249503111111111,0.011433777147868257,0.0219171111111111,0.0716789333333333,0.0256171111111111,0.0085136444444444,0.0029450222222222,3.8945,0.16425,0.10766299084815778,0.0035,0.00075,0.07375,0.44425000000000003,0.1965,0.06825,0.00775,0.00988,0.014901602064800856,1.1826239972061685,0.22066993414064975,0.1628,0.005,0.14532333222272076,0.005,0.15656229420222392,0.00674494200807625,0.004581037993120545,0.4790333333333333,0.07671104867898454,0.08757900025813166,0.05325,0.01325,0.021133929727484804,0.00575,0.137875,0.1572023139808274,0.002,0.00925,0.04081471987686598,0.18382410606921967,0.02325,0.0089714285714285,0.04754454831326255,0.0095,0.001935133721549671,0.04649209607503241,0.0016827933249963776,0.004,0.017053436549428785,0.00675,0.00675,0.005,0.003618690664681179,0.01175,0.0072499999999999995,0.0296833142917136,0.021641127650341645,0.08491028837140933,0.0,0.0009748156877756342,0.04707730216820119,0.03486194298410233,0.004356938850998007,0.0104035746031746,0.0180513273015873,0.0626733825396825,0.0051555498412698,0.0003406453968253,0.4613538850793651,75600.0,75659.0,864.8068,33.51406222222222,509.70238666666665,86.00307555555555,4.597315555555555,0.1592977777777778,0.025657777777777776,40.79936018666667,38.06803964,35.805112728888886,34.38558601333333,32.47520352,30.228035804444445,27.833113626666666,26.222254244444446,24.298022706666664,23.085949875555556,22.203511906666666,22.39360787111111,22.057423484444442,21.07623907111111,18.041490155555554,63.627121111111116,19.86437010222222,4.811936817777778,1.6096822933333332,0.21396208444444442,0.1488680711111111,0.07571023111111111,0.05435802666666667,0.04290836888888889,0.034489542222222225,0.02860374222222222,0.027108217777777777,0.022757555555555555,0.026989844444444445,0.026118444444444444,0.028873822222222224,0.02150878666666667,0.01666181777777778,0.010194995555555557,0.01738941777777778,0.019857475555555556,3.5250516406655517,14113410.502626682,1919.2929449391127,0.3627,0.1628,0.0,0.04796773854586975,1.4766,0.0282444444444444,0.06423187752004396,0.0594,0.0031777333333333,0.21105138761942863,0.0,0.0,0.0076444444444444,0.0922625,0.4377,0.0315888888888888,0.0,3.5584849573673294,0.1282333333333333,0.0,0.0089714285714285,0.0,0.0,0.1487333333333333,0.0651166666666666,0.07935,0.1101333333333333,0.04395,0.00988,0.0,0.137875,0.0,0.4790333333333333,0.04546,0.0,0.34555,0.2486,0.01586,0.03516,0.43478,0.00955,0.011525,0.18282,0.0259857142857142,0.0566428571428571,0.0475857142857142,0.050375,0.0395857142857142,0.0470333333333333,0.0,0.0277666666666666,0.0248875,0.0,0.0,,,,0.013997235704588207,0.01325,0.4,3.8,3.2,62.0,3369.8333,2448.2898,0.4593016889815832,2024-07-27 21:00:00
2024-07-27 15:15:00,65.496,1.0,0.026239985079365,0.7328931780952381,0.0075348425396825,0.062413725079365,0.9887558212698412,0.004933577777777778,0.009821435555555556,0.030594666666666666,4.2789955555555553e-23,2.669457777777778e-05,4.0645333333333335e-05,0.0004030662222222222,2.064767111111111e-23,3.7240666666666664e-05,0.00200768,0.0013169688888888889,4.7072800000000003e-07,0.11266355555555556,0.008175311111111111,0.022358533333333333,0.17628666666666665,3.5813555555555556e-05,2.4373866666666667e-05,0.745,1309.0453333333332,3.147466666666667,0.042711111111111116,3.147466666666667,40.73434,-111.87211,306.04777777777775,22.515111111111114,868.7688888888889,108.83404444444444,1.1906666666666665,430539.5111111111,1972.072,179.88133333333332,14638898.993333334,0.0006522117460317,0.0001545936507936,0.0010509314285714,7.680285714285714e-05,0.0001156901587301,6.802904761902539e-05,0.00370048173938142,0.2424100444444444,1.8381448888888887,3.5526546666666667,12.490480444444444,0.2611008,1.3331129777777777,1.9446678666666664,0.0024857333333333,0.1877082666666666,3.8822434222222224,0.0053210222222222,0.2390846222222222,0.5521216,0.0348404,0.1317974222222223,0.007308694892493629,0.11945114703193328,0.0671923111111111,0.0259713777777777,0.01338101347596782,0.0284122222222222,0.0896152444444444,0.0451609333333333,0.0094775555555555,0.0036866666666666,3.889875,0.1648125,0.07182307552513573,0.003625,0.0006875,0.07368749999999999,0.4445625,0.198375,0.0683125,0.0076875,0.01081,0.014780114754343194,1.6151415418164348,0.35192312144808024,0.17015,0.005,0.1590618956566587,0.005,0.14333089193439041,0.00674494200807625,0.012705431352261844,0.5790583333333333,0.09374155247589942,0.08554556095580014,0.0508125,0.0128125,0.019872768916861072,0.0059375,0.1446875,0.1533748762619752,0.002,0.0093125,0.04048425139243962,0.19361179584501928,0.0238125,0.017253571428571375,0.052274065132589725,0.009625,0.004814509138832005,0.05664122293586779,0.0018216045432171428,0.004,0.016911184196470114,0.0066875,0.0069375,0.00475,0.00414813061807213,0.0111875,0.006812499999999999,0.031631889459278716,0.022250069161707325,0.07517289131886504,0.0,0.0011046019816189166,0.04742534882945333,0.03676652903991981,0.00482782603553156,0.0100031736507936,0.0161190285714285,0.0548553914285714,0.0051410206349206,0.0003314479365079,0.4134323768253968,76500.0,76559.0,864.61952,33.33411111111111,524.5687155555555,88.29083111111112,4.742817777777778,0.16016,0.026173333333333333,41.59729892888889,39.229009479999995,36.69024508444444,35.3191892,33.61440260888889,31.20666920888889,28.913357333333334,27.114906653333332,25.129531888888888,24.04399472888889,23.061637204444445,23.26872907111111,22.93368560888889,21.90764316888889,18.590184817777775,64.77089182666666,19.794578048888887,4.8736530488888885,1.6497655599999999,0.22835537333333333,0.15127324,0.07346705333333332,0.05430045333333334,0.04699397777777778,0.03475164888888889,0.03363747555555555,0.028032693333333334,0.02402317777777778,0.027005515555555557,0.027946595555555558,0.037246386666666666,0.02411863111111111,0.018157733333333332,0.013235315555555556,0.01802264,0.018688173333333336,3.6344160915432973,14435715.333441256,1920.8980255914555,0.4204,0.1563160420868193,0.0,0.043392641341912876,1.6704487842423248,0.0282444444444444,0.05803540671926845,0.0587875,0.00472417777777775,0.1920461767914928,0.0,0.0,0.0076444444444444,0.0804375,0.40075,0.0315888888888888,0.0,3.662986942459825,0.11376359783113617,0.0,0.017253571428571375,0.0,0.00922916666666665,0.16114999999999996,0.06686249999999995,0.08387083333333333,0.11063749999999997,0.04520625,0.01081,0.001975,0.1446875,0.0,0.5790583333333333,0.045965,0.0,0.35174375,0.25551,0.013779999999999999,0.032244999999999996,0.432325,0.0071625,0.01171875,0.199025,0.026639285714285622,0.05375357142857137,0.045142857142857075,0.04218125,0.029689285714285654,0.043479166666666624,0.0,0.0275166666666666,0.018665624999999998,0.0,0.0,,,,0.013026578940806824,0.0128125,0.36469616699315854,3.1239113573003374,2.286273448555909,61.649609639494074,2512.3333,2441.9065,0.6034727866285755,2024-07-27 21:15:00
2024-07-27 15:30:00,64.88533333333334,1.0,0.0335965244444444,0.7074084,0.0068577022222222,0.0618853066666666,1.058494177777778,0.003921120444444444,0.009603604444444445,0.03000635555555555,2.0240977777777777e-23,2.5615555555555553e-05,3.9308044444444446e-05,0.0003898475555555555,9.542164444444443e-24,3.4821200000000005e-05,0.0019497555555555554,0.0012812977777777778,4.467208888888889e-07,0.11085111111111111,0.007964213333333333,0.022055244444444445,0.17360444444444445,3.452853333333333e-05,2.2736e-05,0.745,1308.9788058793058,3.4569294945794953,0.04118993043993044,3.4569294945794953,40.73434,-111.87211,307.06778819328815,21.6307686017686,868.4637973137973,97.17264848854848,1.0748088948088952,430199.9111111111,1973.2871111111112,183.66044444444444,14864921.651555557,0.0007413644444444,0.0001802,0.0012441866666666,8.993777777777777e-05,9.696888888888888e-05,0.0001315244444444,0.0036328891306700813,0.28957528,2.271503111111111,4.074786222222222,13.584825466666668,0.2594609777777777,1.5182600000000002,3.0373001333333334,0.0026053777777777,0.2069367111111111,4.015738044444444,0.0045238222222222,0.3057969333333333,0.5651255555555555,0.0740228,0.2378439111111111,0.0062706222222222,0.12033691122016235,0.1319504444444444,0.0487955555555555,0.01532824980406738,0.0312732888888888,0.1348404,0.0634952888888888,0.0096995555555555,0.0055753333333333,3.88525,0.165375,0.08912397368410042,0.00375,0.0006250000000000001,0.073625,0.444875,0.20025,0.068375,0.007625,0.01174,0.028925396646691047,1.6391479066482546,0.3693679079896226,0.1775,0.005,0.17280045909059666,0.005,0.14703591402093602,0.00674494200807625,0.020829824711403145,0.6790833333333333,0.1107720562728143,0.16548163215488718,0.048375,0.012375,0.018611608106237337,0.006125,0.1515,0.14954743854312302,0.002,0.009375,0.07896209612484838,0.2033994856208189,0.024375,0.025535714285714252,0.057003581951916904,0.00975,0.007693884556114338,0.06679034979670317,0.004924489032203359,0.004,0.0334742278993055,0.006625,0.007124999999999999,0.0045000000000000005,0.01598284426933967,0.010624999999999999,0.006375,0.03358046462684383,0.022859010673073006,0.06543549426632074,0.0,0.004005749909078607,0.04777339549070547,0.03867111509573729,0.015353693898947366,0.0098310933333333,0.0161429288888888,0.0537791111111111,0.0050427377777777,0.0003881511111111,0.4859444755555556,77400.0,77459.0,864.3060533333334,33.23929777777778,538.6589777777777,90.56751111111112,4.864453333333333,0.15992,0.02676444444444444,42.29821528,39.93509321333333,37.54421414222222,36.18537670222222,34.404139915555554,32.09382510222222,29.657680799999998,28.027357146666667,26.103742133333334,24.864000373333333,23.966362146666665,24.07707588,23.68251710222222,22.553687186666668,19.126867453333332,66.65439133777778,20.02465147111111,4.903750875555556,1.687678848888889,0.23079100444444442,0.15458248444444445,0.07635576,0.05024310222222222,0.04453262666666667,0.03577004888888889,0.03655177777777778,0.026589404444444444,0.02232144,0.02799338222222222,0.02697765777777778,0.03667211111111111,0.027314377777777777,0.02399187111111111,0.010876115555555555,0.016985724444444447,0.019764155555555555,3.8558624913448933,14658600.862912398,1922.106921046967,0.4781,0.16238689359863426,0.0,0.038817544137955996,1.638618470898777,0.0282444444444444,0.051838935918492944,0.058175000000000004,0.0062706222222222,0.17304096596355695,0.0,0.0,0.0076444444444444,0.06861249999999999,0.3638,0.0315888888888888,0.0,3.8745875876888887,0.11851386951344091,0.0,0.025535714285714252,0.0,0.0184583333333333,0.17356666666666665,0.0686083333333333,0.08839166666666665,0.11114166666666665,0.046462500000000004,0.01174,0.00395,0.1515,0.0,0.6790833333333333,0.04647,0.0,0.3579375,0.26242,0.011699999999999999,0.02933,0.42987,0.004775,0.0119125,0.21523,0.02729285714285705,0.050864285714285654,0.042699999999999946,0.033987500000000004,0.0197928571428571,0.03992499999999995,0.0,0.0272666666666666,0.01244375,0.0,0.0,,,,0.01205592217702544,0.012375,0.3925961790072567,3.5559990933189587,2.6774980337457723,61.08562081955263,1654.8334,2435.3872,0.4923424675269595,2024-07-27 21:30:00
2024-07-27 15:45:00,63.81955555555555,1.0,0.0414947142857142,0.644757461904762,0.0072457714285714,0.0555856428571428,1.1471751047619048,0.0014142004444444444,0.009347857777777777,0.029310088888888888,9.325066666666666e-24,2.4393555555555554e-05,3.777471111111111e-05,0.0003746977777777778,4.242835555555555e-24,3.2166577777777773e-05,0.0018830177777777778,0.0012399822222222223,4.199684444444445e-07,0.108656,0.007718888888888889,0.021685644444444444,0.17037022222222223,3.306711111111111e-05,2.094302222222222e-05,0.745,1308.5495528514693,3.718574315190982,0.04526648197481531,3.718574315190982,40.73434,-111.87211,304.8766828973495,25.944890473723806,868.879969644553,93.23970828307495,0.9022964227130896,432758.4888888889,1971.5217777777775,196.62533333333332,14369275.75422222,0.0007352619047619,0.0001572,0.0009918047619047,7.37142857142857e-05,4.3957142857142856e-05,7.934761904761903e-05,0.0035652965219587426,0.2095309688888889,2.511757777777778,4.154325333333333,10.309872,0.2676004,1.5980729333333334,2.5960138666666666,0.0014936888888888,0.2502311555555556,3.9509792,0.0062439555555555,0.29203311111111113,0.5320383111111111,0.068672,0.1872684,0.0052702222222222,0.12122267540839143,0.1158881333333333,0.0524515111111111,0.017275486132166944,0.0500063555555555,0.1005332444444444,0.0511788888888888,0.0087114222222222,0.0043443111111111,3.8806249999999998,0.16593750000000002,0.08676134031123434,0.003875,0.0005625000000000001,0.0735625,0.4451875,0.202125,0.06843750000000001,0.0075625,0.012669999999999999,0.025416865643492617,1.6042710664463584,0.42921524048442794,0.18485000000000001,0.005,0.1865390225245346,0.005,0.1376088615424902,0.00674494200807625,0.028954218070544446,0.7791083333333333,0.12780256006972918,0.12735865703834293,0.0459375,0.0119375,0.017350447295613605,0.0063125,0.1583125,0.14572000082427083,0.002,0.0094375,0.06941822756094633,0.2131871753966185,0.0249375,0.03381785714285712,0.06173309877124408,0.009875,0.010573259973396672,0.07693947665753856,0.005421506182008477,0.004,0.029366006318358062,0.0065625,0.0073124999999999996,0.00425,0.01787851768824755,0.0100625,0.0059375,0.03552903979440895,0.023467952184438687,0.05569809721377645,0.0,0.004470453084200717,0.048121442151957614,0.040575701151554774,0.0170397176176097,0.0078823428571428,0.013619438095238,0.0476953952380952,0.004534638095238,0.000270238095238,0.4452009142857142,78300.0,78359.0,864.1657511111111,33.04206222222222,578.8769866666667,98.84396,5.262515555555555,0.1588488888888889,0.02964,43.16598824444444,40.920746666666666,38.599020386666666,37.76954051555556,36.15648542222222,33.90739304,31.615788342222224,30.166254648888888,28.217741453333335,27.086421920000003,26.264376973333334,26.853722782222224,26.433005435555557,25.325208982222225,21.367045257777775,74.3729044,22.31668753777778,5.53218808,1.87726172,0.2495140177777778,0.16935192000000002,0.08834472444444444,0.06255567111111111,0.04886688444444444,0.03732564,0.03220812,0.02712858222222222,0.022462284444444446,0.028735724444444444,0.030850102222222224,0.040502626666666666,0.025085186666666665,0.01876343111111111,0.01181388,0.01470991111111111,0.020891644444444447,3.5761528623790952,14169834.386461502,1920.3506179199399,0.5358,0.18321399102908872,0.0,0.034242446933999124,1.8784309926317349,0.0282444444444444,0.04564246511771744,0.0575625,0.0052702222222222,0.15403575513562112,0.0,0.0,0.0076444444444444,0.056787500000000005,0.32685,0.0315888888888888,0.0,3.607314161618413,0.13481049132274475,0.0,0.03381785714285712,0.0,0.027687499999999948,0.18598333333333333,0.07035416666666665,0.09291249999999998,0.11164583333333333,0.04771875,0.012669999999999999,0.005925000000000001,0.1583125,0.0,0.7791083333333333,0.046975,0.0,0.36413125,0.26932999999999996,0.00962,0.026415,0.427415,0.0023875,0.01210625,0.231435,0.027946428571428476,0.04797499999999993,0.040257142857142825,0.025793750000000004,0.009896428571428549,0.036370833333333276,0.0,0.0270166666666666,0.006221875000000002,0.0,0.0,,,,0.011085265413244056,0.0119375,0.3452469563148418,3.7955493998888317,2.73709538123362,60.10130845403618,797.33331,2427.7476,0.18321295523247444,2024-07-27 21:45:00
2024-07-27 16:00:00,59.308,1.0,0.12169832,0.5412053244444445,0.0079000666666666,0.0456276622222222,1.9696200044444443,0.0018977591111111111,0.009061462222222223,0.028522622222222224,4.53224e-24,2.3080799999999998e-05,3.610155555555555e-05,0.0003581902222222222,1.9606693333333337e-24,2.943191111111111e-05,0.0018094266666666666,0.0011941777777777778,3.9185822222222224e-07,0.10616177777777777,0.007446546666666666,0.021261644444444443,0.1666648888888889,3.148586666666667e-05,1.91028e-05,0.745,1308.120299823633,3.980219135802469,0.04934303350970018,3.980219135802469,40.73434,-111.87211,302.6855776014109,30.25901234567901,869.2961419753086,89.30676807760142,0.7297839506172841,433064.4444444445,1974.5284444444444,189.97022222222225,15703218.249777775,0.0006098444444444,8.135555555555556e-05,0.0009246666666666,0.0001010488888888,1.9035555555555552e-05,8.225333333333333e-05,0.0034977039132474035,0.1902532601309801,2.4577064121249124,3.939116462352462,10.910258704761905,0.2871574190476191,1.858087252991453,2.833378488888889,0.0040688476190476,0.3255674888888889,3.849627022222222,0.0069593111111111,0.2705288444444444,0.4244858126984127,0.0658237682539682,0.1640861047619048,0.0062593523809523,0.1221084395966205,0.1056666507936507,0.047757873015873,0.019222722460266503,0.0568327873015873,0.1349837650793651,0.0793419841269841,0.0067603174603174,0.0055082317460317,3.876,0.1665,0.11512304042988808,0.004,0.0005,0.0735,0.4455,0.20400000000000001,0.0685,0.0075,0.0136,0.023184161511375537,2.0686839232562657,0.4789180085196578,0.1922,0.005,0.20027758595847256,0.005,0.10696554071754577,0.00674494200807625,0.03707861142968575,0.8791333333333333,0.14483306386664407,0.10988423028337285,0.0435,0.0115,0.01608928648498987,0.006500000000000001,0.165125,0.14189256310541865,0.002,0.0095,0.06334484962596981,0.2229748651724181,0.025500000000000002,0.0421,0.06646261559057126,0.009999999999999998,0.013452635390679006,0.08708860351837394,0.0047834189315311,0.004,0.02675168046771796,0.006500000000000001,0.0075,0.004,0.015444788710991399,0.0095,0.0055,0.03747761496197406,0.024076893695804368,0.04596070016123215,0.0,0.0038738515958656734,0.048469488813209755,0.04248028720737226,0.014875143941826624,0.0052464622222222,0.00820472,0.0333146888888888,0.0048894044444444,0.0002186977777777,0.1996657955555555,79200.0,79259.0,863.9074400000001,32.20906222222222,652.0964088888888,114.61836,6.14296,0.1600888888888889,0.035097777777777776,43.745704924444446,42.18815465777778,40.41830928,40.037991568888884,38.951213777777774,37.28084020888889,35.487590337777775,34.33815200444444,32.555073382222226,31.577321093333335,30.86614079111111,31.758762506666663,31.62362518666667,30.28587656888889,25.592758604444445,88.65777864,26.53676796,6.8700733466666675,2.2558174533333335,0.29889874666666666,0.19717936,0.09506231555555557,0.06941769777777779,0.05931432888888889,0.043902866666666665,0.037949626666666667,0.028751191111111112,0.026840942222222223,0.03412907111111111,0.03127654666666667,0.03977168888888889,0.024258493333333336,0.022520560000000002,0.014197337777777779,0.018436066666666664,0.026435302222222224,3.6402486530356057,15485262.14819343,1923.341904590216,0.5935,0.1922,0.0,0.029667349730042248,2.34215,0.0282444444444444,0.03944599431694193,0.05695,0.0062593523809523,0.1350305443076853,0.0,0.0,0.0076444444444444,0.0449625,0.2899,0.0315888888888888,0.0,3.668560181745794,0.1358833333333333,0.0,0.0421,0.0,0.0369166666666666,0.1984,0.0721,0.0974333333333333,0.11215,0.048975,0.0136,0.0079,0.165125,0.0,0.8791333333333333,0.04748,0.0,0.370325,0.27624,0.00754,0.0235,0.42496,0.0,0.0123,0.24764,0.0285999999999999,0.0450857142857142,0.0378142857142857,0.0176,0.0,0.0328166666666666,0.0,0.0267666666666666,0.0,0.0,0.0,,,,0.010114608649462672,0.0115,0.33384346601918935,4.6,3.5,58.0,340.0,2418.8298,0.25485089882081063,2024-07-27 22:00:00
2024-07-27 16:15:00,58.35511111111112,1.0,0.1205660580952381,0.6214283463492063,0.0081594152380952,0.0539422104761904,1.973355355555556,0.004792989777777778,0.00874012888888889,0.027632177777777777,2.3819066666666666e-24,2.1671155555555554e-05,3.4277822222222224e-05,0.000340216,9.749982222222223e-25,2.6619466666666665e-05,0.0017283911111111111,0.0011436488888888889,3.622702222222222e-07,0.1032991111111111,0.0071444533333333326,0.020767155555555552,0.16239777777777775,2.9775155555555553e-05,1.721515555555556e-05,0.745,1307.950859029859,3.7754838272838276,0.04905876345876346,3.7754838272838276,40.73434,-111.87211,303.21650427350426,27.509699189699187,869.005067044067,75.87043877233877,0.6852873792873793,433058.1333333333,1988.3822222222225,207.1151111111111,16501338.79688889,0.0005777996825396,6.542666666666667e-05,0.0011014961904761,0.0001445238095238,0.0001237279365079,0.0004987133333333,0.0034301113045360648,0.3959389737669737,3.377994583934584,5.473737000259001,13.399160956277058,0.305168159061309,2.359383655651756,5.044176416500166,0.0062438084711584,0.3980228986920487,4.304590400175751,0.0102036893606393,0.43190228679653675,0.5153929656140156,0.1609751412420912,0.3166893877881379,0.0125916376197876,0.12299420378484957,0.1978851897898398,0.0880403355218855,0.021169958788366066,0.0779451453897954,0.2086705986587486,0.122110085068635,0.0081578494357494,0.0118323305916305,3.871375,0.1670625,0.1275175789893642,0.004125,0.00043749999999999995,0.07343749999999999,0.4458125,0.205875,0.0685625,0.0074375,0.0127,0.0433276888593159,1.9373747446686238,0.477637191790259,0.19063750000000002,0.005,0.1967846590008777,0.005,0.13286635281570713,0.00674494200807625,0.02895421807054445,0.763125,0.13091148425279017,0.22491403490029416,0.0410625,0.0110625,0.014828125674366137,0.0066875,0.2346625,0.11966847973179831,0.002,0.0095625,0.11813905758561269,0.18723152581962416,0.0260625,0.039142857142857125,0.06201207487855921,0.010124999999999999,0.014706949617482526,0.08072887568806754,0.010259709438248511,0.004,0.050338211038995134,0.0064375000000000005,0.0076875,0.00375,0.03633191172449758,0.0089375,0.005062499999999999,0.038350111305659934,0.023727204511059717,0.04461743344309575,0.001774999999999975,0.008994096616305094,0.04660269308467557,0.03962113534792311,0.03345228094450604,0.0060231209523809,0.0098284174603174,0.0419872765079365,0.0052601714285714,0.0003470273015873,0.1531188923809523,80100.0,80159.0,863.8328510622711,31.708696727716724,670.7128144566544,119.6986370940171,6.662299438339438,0.1655225396825397,0.037593504273504275,45.86799568568986,43.79508376087912,41.84337315221001,41.2504388545055,39.809371629035404,38.103901702881565,36.04209982649573,34.70333733035409,33.02628682564103,31.958976115311355,31.362467246959707,32.160553976532356,32.00329243221001,30.67145232131868,25.892447534334554,92.1997558357265,28.732844403345545,7.577462152673992,2.41251238976801,0.34332507357753356,0.2300609794871795,0.11060007218559219,0.08700502131868132,0.0725615083028083,0.06680199968253969,0.046838117680097685,0.045864054920634924,0.02816573501831502,0.03977855057387057,0.038093533406593404,0.052053193675213674,0.03444548148962149,0.028972723565323565,0.021214256996336996,0.023808573821733823,0.02954730993894994,3.8036537177479626,16272305.014266444,1937.124816164373,0.561275,0.20006501271341862,0.0,0.029766404608612355,1.90651631818627,0.0282444444444444,0.039580153359989836,0.05650625,0.0125916376197876,0.13544202383846604,0.0,0.0,0.0076444444444444,0.04333125,0.29069999999999996,0.0315888888888888,0.0,3.824700074549698,0.14799594495625723,0.0,0.039142857142857125,0.0,0.027687499999999948,0.18825,0.06947916666666665,0.09317916666666662,0.10944583333333333,0.0495375,0.0127,0.005925000000000001,0.2346625,0.001774999999999975,0.763125,0.04719,0.0,0.34770625,0.27191,0.00765,0.023285,0.410705,0.0,0.009225,0.24351999999999996,0.021449999999999924,0.03381428571428565,0.03462142857142855,0.020140625000000002,0.0,0.031266666666666595,0.0,0.025458333333333274,0.00495625,0.0,0.0,,,,0.009143951885681288,0.0110625,0.4555143071371791,4.659246639804965,3.7257088381208043,55.05455260164889,340.0,2408.261,0.6708686521074314,2024-07-27 22:15:00
2024-07-27 16:30:00,63.688,1.0,0.0623020942857142,0.7157608501587303,0.0117502841269841,0.0651325838095238,1.2216560682539683,0.006826398222222222,0.00838056888888889,0.026622755555555554,1.3459622222222222e-24,2.0165733333333332e-05,3.229906666666667e-05,0.0003207031111111111,5.227422222222223e-25,2.375186666666667e-05,0.0016397333333333334,0.0010877022222222222,3.3136844444444444e-07,0.10002488888888889,0.006810137777777778,0.0201944,0.15749422222222223,2.7934622222222223e-05,1.5299066666666667e-05,0.745,1307.8386666666668,3.3532,0.05017777777777778,3.3532,40.73434066666667,-111.87211,305.5011111111111,23.157777777777778,868.2702222222222,93.33844444444443,0.7404444444444445,430172.5333333333,1988.227555555556,197.96755555555555,14920875.450222222,0.0006808838095238,4.949777777777778e-05,0.0010869676190476,0.0001383828571428,0.000176013015873,0.0002006476190476,0.003362518695824726,0.4518103555555555,2.685326666666667,4.680347111111112,9.334264573742924,0.3271983146594147,1.723851983773634,4.015445475272875,0.0034696893513893,0.2650743605394605,3.8215956416102417,0.0035403792522292,0.31938536424501424,0.3924494922003922,0.1193767664502164,0.289516593931994,0.0093062212620712,0.12387996797307865,0.1647552497317497,0.0678740745643245,0.02311719511646563,0.0496921594220594,0.1183837748085248,0.0720578116439116,0.0112873966551966,0.0067490312021312,3.8667499999999997,0.16762500000000002,0.10914991274501287,0.00425,0.0003749999999999999,0.073375,0.446125,0.20775,0.068625,0.0073750000000000005,0.0118,0.03609103275025153,1.9343190698473123,0.4354110837580323,0.189075,0.005,0.19329173204328282,0.005,0.09783791224252303,0.00674494200807625,0.02082982471140315,0.6471166666666667,0.11698990463893627,0.20443163697160222,0.038625,0.010624999999999999,0.013566964863742403,0.006875,0.3042,0.09744439635817798,0.002,0.009625,0.09845398292499039,0.15148818646683024,0.026625,0.03618571428571425,0.05756153416654717,0.010249999999999999,0.015961263844286047,0.07436914785776114,0.007518161465072995,0.004,0.04186463997063312,0.0063750000000000005,0.007875,0.0035,0.02587537190198366,0.008375,0.004625,0.03922260764934581,0.02337751532631507,0.04327416672495936,0.00354999999999995,0.006430792616868075,0.044735897356141384,0.03676198348847396,0.02415216944848022,0.0050688711111111,0.0093431425396825,0.0311867063492063,0.0041311523809523,0.0003796679365079,0.2803267057142857,81000.0,81059.0,863.7107310622711,31.55362437118437,734.9982252503052,140.40412603174602,8.058195042735044,0.170961221001221,0.04780935286935287,45.07492136119659,43.341823239145306,41.71076253912088,41.43144258695971,40.509472807692305,39.246434871428576,37.341669258779,36.65053492178266,35.176759269768006,34.616107020195365,34.44629141941392,35.75579729516484,36.04186663181929,34.97354811272283,29.85947528141636,114.14789847504274,38.59814534534799,11.346545924884005,3.1360914734065934,0.4131920998778999,0.2873487861538461,0.14581917316239318,0.11322317584859584,0.09003721809523808,0.07185178437118436,0.06169107426129426,0.052977888644688644,0.03857680158730159,0.04619918481074481,0.049234341001221,0.0635498853968254,0.03382676463980464,0.03732683514041514,0.02597021391941392,0.025289099487179487,0.036510437264957264,3.421456605740216,14713778.039129306,1936.970940663818,0.52905,0.1853701678567591,0.0,0.02986545948718246,1.6360523836039675,0.0282444444444444,0.039714312403037744,0.0560625,0.0093062212620712,0.1358535033692468,0.0,0.0,0.0076444444444444,0.0417,0.2915,0.0315888888888888,0.0,3.459495873542222,0.13649763944465004,0.0,0.03618571428571425,0.0,0.0184583333333333,0.17809999999999998,0.0668583333333333,0.08892499999999995,0.10674166666666665,0.0501,0.0118,0.00395,0.3042,0.00354999999999995,0.6471166666666667,0.0469,0.0,0.3250875,0.26758,0.0077599999999999995,0.02307,0.39644999999999997,0.0,0.00615,0.23939999999999995,0.01429999999999995,0.0225428571428571,0.0314285714285714,0.02268125,0.0,0.0297166666666666,0.0,0.02414999999999995,0.0099125,0.0,0.0,,,,0.008173295121899904,0.010624999999999999,0.48856433232595575,3.968609432899605,3.131234845938027,59.97980867914341,340.0,2395.4697,1.002387682154905,2024-07-27 22:30:00
2024-07-27 16:45:00,64.57955555555556,1.0,0.0462938577777777,0.6692466755555556,0.0105979822222222,0.0633318444444444,1.1572381555555555,0.006598003555555555,0.007976128888888889,0.025472044444444442,8.01872888888889e-25,1.855862222222222e-05,3.0148444444444443e-05,0.0002994986666666667,2.9824133333333334e-25,2.0854755555555557e-05,0.001542231111111111,0.0010259586666666665,2.9926266666666663e-07,0.09624062222222222,0.006438608888888889,0.0195276,0.1518088888888889,2.595208888888889e-05,1.33732e-05,0.745,1309.343111111111,2.760088888888889,0.05195555555555555,2.760088888888889,40.73434133333333,-111.87211,307.3731111111111,20.578222222222223,867.9942222222222,92.212,0.7413333333333334,429404.26666666666,1976.8591111111111,197.01777777777775,14314001.146666666,0.0008390488888888,3.356888888888889e-05,0.0009833466666666,0.0001226533333333,0.0001952755555555,4.989333333333332e-05,0.0032949260871133874,0.3594410666666666,2.3035906666666666,4.179339555555555,9.6486984,0.3198257777777777,1.5931684444444445,2.6361876,0.0032621777777777,0.2361922222222222,3.7279288,0.0066583555555555,0.3318359111111111,0.3761319111111111,0.0812579111111111,0.1729313333333334,0.0039708,0.12476573216130772,0.0975577333333333,0.0421656,0.025064431444565192,0.0579684444444444,0.1327877333333333,0.0884084888888889,0.0081779111111111,0.0053509777777777,3.862125,0.16818750000000002,0.09231862027292927,0.004375,0.00031250000000000006,0.0733125,0.4464375,0.209625,0.06868750000000001,0.0073125,0.0109,0.02141291028139406,1.7097181898059972,0.4310268065806506,0.1875125,0.005,0.18979880508568797,0.005,0.09318878851424663,0.00674494200807625,0.012705431352261848,0.5311083333333333,0.10306832502508237,0.1165516157693623,0.0361875,0.0101875,0.01230580405311867,0.0070625,0.3737375,0.07522031298455764,0.002,0.0096875,0.05852671094708039,0.1157448471140363,0.0271875,0.03322857142857137,0.05311099345453513,0.010374999999999999,0.017215578071089567,0.06800942002745473,0.004023164723555949,0.004,0.0246776806878511,0.0063125,0.0080625,0.0032500000000000003,0.012545102665476773,0.0078125,0.0041875,0.04009510399303169,0.023027826141570423,0.041930900006822966,0.005324999999999925,0.003163025934247106,0.042869101627607195,0.03390283162902481,0.012296145154035196,0.0046296844444444,0.0096725644444444,0.0282989377777777,0.00407792,0.0004250888888888,0.4088467866666667,81900.0,81959.0,863.48372,32.2774,744.0004044444445,141.85303555555555,8.04543111111111,0.1694088888888889,0.04817777777777778,45.03713897777778,43.37003673777778,41.64041637333333,41.47397771111111,40.69565198222222,39.37071206666667,37.814510444444444,37.33652904444444,35.833715813333335,35.242054177777774,35.10245604,36.60373597777778,37.121591546666664,36.148144168888884,30.86393588,115.18420210666666,38.802036702222225,11.668367235555555,3.229277524444444,0.3864279777777778,0.26845768444444446,0.13716179111111113,0.10744863111111111,0.07150384444444445,0.06548100888888889,0.059422826666666664,0.040693137777777784,0.040079888888888894,0.034406462222222225,0.04017435555555556,0.056113937777777775,0.03586398222222222,0.036290746666666665,0.02288251111111111,0.022521244444444442,0.037011222222222216,3.3367850847246587,14115326.974380646,1925.660649202031,0.496825,0.18384442286313932,0.0,0.029964514365752568,1.5640436417564842,0.0282444444444444,0.03984847144608566,0.05561875,0.0039708,0.1362649829000275,0.0,0.0,0.0076444444444444,0.04006875,0.29229999999999995,0.0315888888888888,0.0,3.378588943036825,0.13530378661799058,0.0,0.03322857142857137,0.0,0.00922916666666665,0.16795,0.06423749999999995,0.08467083333333328,0.10403749999999998,0.0506625,0.0109,0.001975,0.3737375,0.005324999999999925,0.5311083333333333,0.04661,0.0,0.30246875,0.26325,0.007869999999999999,0.022855,0.382195,0.0,0.0030749999999999996,0.23527999999999993,0.007149999999999976,0.01127142857142855,0.02823571428571425,0.025221874999999998,0.0,0.0281666666666666,0.0,0.022841666666666625,0.01486875,0.0,0.0,,,,0.00720263835811852,0.0101875,0.4339244213962595,3.587992577054597,2.755838126445261,60.80321593736943,340.0,2379.7119,1.0247560722226403,2024-07-27 22:45:00
2024-07-27 17:00:00,66.19066666666667,1.0,0.0299051422222222,0.550417528888889,0.0094403822222222,0.05181088,1.0047579866666667,0.006194182666666667,0.007530568888888889,0.024191022222222223,5.017364444444444e-25,1.6886222222222222e-05,2.786351111111111e-05,0.00027697066666666667,1.8098266666666668e-25,1.801608888888889e-05,0.0014372266666666667,0.0009592075555555556,2.667293333333334e-07,0.09196253333333333,0.006034911111111111,0.01876302222222222,0.1453342222222222,2.3867333333333334e-05,1.1492675555555555e-05,0.745,1310.2008888888888,2.5063999999999997,0.051555555555555556,2.5063999999999997,40.73434,-111.87211,308.0762222222222,18.684444444444445,867.8524444444445,89.59497777777777,0.7924444444444444,427919.9555555555,1971.408888888889,183.49466666666663,13330257.324444445,0.0008258177777777,1.7639999999999997e-05,0.0009951244444444,9.261333333333334e-05,0.0001063644444444,1.3293333333333318e-05,0.0032273334784020486,0.2328426222222222,1.6235973333333331,3.215152888888889,9.00813111111111,0.3053116444444444,1.3344551111111111,2.239463688888889,0.0020867111111111,0.2045608,3.4957392444444446,0.0042771555555555,0.23811813333333334,0.303302,0.0593788444444444,0.1266857333333333,0.0026173333333333,0.1256514963495368,0.0659381777777777,0.0267669777777777,0.02701166777266475,0.0420020444444444,0.1376860444444444,0.0784556444444444,0.0072152888888888,0.0040462222222222,3.8575,0.16875,0.10579391524489198,0.0045000000000000005,0.00025,0.07325,0.44675,0.2115,0.06875,0.00725,0.01,0.014506171256940694,1.3638693439881797,0.3346884730454197,0.18595,0.005,0.1863058781280931,0.005,0.07243845388913796,0.00674494200807625,0.004581037993120545,0.4151,0.08914674541122847,0.08169245529194422,0.03375,0.00975,0.011044643242494935,0.00725,0.443275,0.05299622961093731,0.002,0.00975,0.039739073216513085,0.08000150776124237,0.02775,0.0302714285714285,0.04866045274252308,0.010499999999999999,0.018469892297893087,0.06164969219714833,0.0019297641853069,0.004,0.016590417303726908,0.00625,0.00825,0.003,0.00456066237595722,0.0072499999999999995,0.00375,0.04096760033671756,0.022678136956825773,0.040587633288686566,0.0070999999999999,0.0012057295365109143,0.04100230589907301,0.031043679769575665,0.0051947343445041235,0.0042282622222222,0.0078207466666666,0.0251358755555555,0.00367908,0.0002085466666666,0.4963011244444444,82800.0,82859.0,863.3211022222222,32.79199111111111,705.5984355555555,130.11065333333332,7.064177777777777,0.16222222222222224,0.04252444444444445,43.893360595555556,42.40493573333333,40.80709272888889,40.68409299555556,39.731732297777775,38.33269824888889,36.69256258222222,35.99157364,34.55659807555556,34.13086934222222,33.62456771555556,34.926108902222225,35.16088352,34.07092773777778,28.79969256,104.14623717333333,33.838421804444444,9.791515559999999,2.8496196266666667,0.3390195777777778,0.22337401777777777,0.10406889333333334,0.07857687999999999,0.059941640000000004,0.04658715555555556,0.043541524444444445,0.03661677333333334,0.024094088888888886,0.021493071111111112,0.03161158666666666,0.044980368888888886,0.028579982222222224,0.02199411111111111,0.02019412888888889,0.013904573333333333,0.02624389777777778,3.152771012737467,13145237.230261318,1920.238306491374,0.4646,0.18595,0.0,0.030063569244322675,1.65365,0.0282444444444444,0.039982630489133565,0.055175,0.0026173333333333,0.13667646243080825,0.0,0.0,0.0076444444444444,0.0384375,0.2930999999999999,0.0315888888888888,0.0,3.202756342468006,0.1263166666666666,0.0,0.0302714285714285,0.0,0.0,0.1578,0.0616166666666666,0.0804166666666666,0.1013333333333333,0.051225,0.01,0.0,0.443275,0.0070999999999999,0.4151,0.04632,0.0,0.27985,0.25892,0.00798,0.02264,0.36794,0.0,0.0,0.2311599999999999,0.0,0.0,0.0250428571428571,0.0277625,0.0,0.0266166666666666,0.0,0.0215333333333333,0.019825,0.0,0.0,,,,0.006231981594337136,0.00975,0.3590366766545694,3.2,2.4,63.0,674.83331,2360.1108,1.0263916986718022,2024-07-27 23:00:00
2024-07-27 17:15:00,65.92133333333332,1.0,0.0287142403174603,0.5518785469841271,0.0094032768253968,0.0544352003174603,1.0293636796825396,0.005351071555555556,0.007044102222222222,0.02277533333333333,3.2809288888888887e-25,1.5172222222222221e-05,2.5469022222222224e-05,0.0002533533333333333,1.1623466666666666e-25,1.5283777777777776e-05,0.001325648888888889,0.0008876831111111112,2.3436844444444443e-07,0.08716533333333333,0.005600231111111111,0.017891866666666666,0.13805955555555555,2.170337777777778e-05,9.696573333333332e-06,0.745,1309.6555555555558,2.449066666666667,0.04995555555555556,2.449066666666667,40.73434,-111.87211,308.3122222222222,18.648444444444443,867.7106666666666,91.43004444444445,0.7791111111111112,428077.1555555556,1972.3964444444443,198.30044444444445,13714311.95911111,0.0007795301587301,0.0001498257142857,0.0010471965079365,9.80520634920635e-05,5.991809523809524e-05,1.3976349206349192e-05,0.00315974086969071,0.2240109777777778,1.7755515555555557,3.376099111111112,10.726076355555556,0.3002946222222222,1.5224501777777777,2.707349777777778,0.0032139555555555,0.2399077333333333,3.737343066666667,0.0055234666666666,0.40777311111111114,0.4211480444444444,0.0895976,0.1878554666666667,0.0033586666666666,0.12653726053776587,0.1016269777777777,0.0429593777777777,0.028958904100764314,0.0542496888888888,0.1721212444444444,0.0831042222222222,0.0098586666666666,0.00378,3.852875,0.1693125,0.0960009906265604,0.004625000000000001,0.00018749999999999995,0.07318749999999999,0.44706250000000003,0.213375,0.0688125,0.0071875,0.011,0.022301765577133537,1.6215514344013755,0.4369477349540356,0.20071250000000002,0.005,0.17072940859606983,0.005,0.10601456045251095,0.009058706506057187,0.011685778494840409,0.415575,0.07761005905842135,0.1278011780813022,0.0313125,0.0093125,0.009783482431871202,0.0074375,0.37995625,0.11374717220820298,0.002,0.0098125,0.06094456562960493,0.13625113082093177,0.028312499999999997,0.029453571428571378,0.05474533955689231,0.010624999999999999,0.017352419223419815,0.09448726914786125,0.004131076639522816,0.004,0.025718462287035337,0.0061875,0.0084375,0.00275,0.012956689571003113,0.006687499999999999,0.0033124999999999995,0.033475700252538175,0.01950860271761933,0.04244072496651492,0.008074999999999924,0.0032639218691318003,0.04400172942430476,0.03353275982718175,0.012662213105448489,0.0047856126984126,0.0108694053968253,0.0309358384126984,0.0038821158730158,0.0001548193650793,0.4912460231746032,83700.0,83759.0,863.1538533333334,33.19140888888889,708.3867466666667,129.34345333333334,6.950093333333333,0.1606488888888889,0.04169333333333333,44.74364120888889,42.98820095111111,41.43039737777778,41.00965784,40.115002546666666,38.54885368888889,36.83033674222222,36.08129158222222,34.67206788888889,34.16546295111111,33.91499885333333,35.19175422222223,35.60432936444444,34.49610799111111,29.125784617777775,103.62499230666667,32.62767888,9.279956880000002,2.797174257777778,0.3286906577777778,0.22211664,0.10561987111111111,0.07397153333333333,0.06456683555555556,0.04460337333333333,0.04192705333333334,0.029098097777777776,0.028811017777777777,0.02205842222222222,0.03439018666666667,0.038326026666666665,0.030676111111111112,0.022338893333333335,0.01457215111111111,0.015603248888888888,0.021623653333333333,3.4995924382566073,13523961.298311898,1921.2208104058386,0.49150000000000005,0.18590492826865487,0.0,0.027771604920572342,1.4396550595763529,0.0282444444444444,0.03896988572148091,0.05543125,0.0033586666666666,0.13120243325962905,0.0,0.0,0.0076444444444444,0.03240625,0.27723928571428563,0.0315888888888888,0.0,3.534157699567805,0.13691607452521531,0.0,0.031107142857142802,0.0,0.0,0.161725,0.06327083333333328,0.08105833333333327,0.10460416666666662,0.04925,0.01049,0.0,0.38039375,0.008416666666666576,0.47058333333333335,0.046085,0.0,0.30668125,0.273345,0.005984999999999999,0.021005,0.39805,0.0,0.0,0.23725999999999992,0.00427142857142855,0.007735714285714275,0.025582142857142824,0.020821875,0.0,0.0276541666666666,0.0,0.023312499999999976,0.01486875,0.0,0.0,,,,0.005261324830555752,0.0093125,0.35381242656439427,3.0615015302727793,2.15398327522652,62.0424315468332,1392.3334,2335.7053,0.9555090583563218,2024-07-27 23:15:00
2024-07-27 17:30:00,67.02266666666667,1.0,0.023814006031746,0.5402913301587302,0.0097996974603174,0.0535049488888888,0.93894422,0.004420508444444445,0.006517902222222222,0.02121946666666667,2.2360044444444444e-25,1.34388e-05,2.2988088888888885e-05,0.00022887911111111112,7.864853333333334e-26,1.2715022222222222e-05,0.0012084311111111112,0.0008119311111111112,2.026848888888889e-07,0.08182142222222222,0.005137293333333333,0.016911600000000002,0.12992177777777777,1.9482222222222222e-05,8.017817777777778e-06,0.745,1309.7013333333334,2.945911111111111,0.04800000000000001,2.945911111111111,40.73434,-111.87211,308.5362222222222,18.276888888888887,867.6595555555556,103.15,0.8235555555555557,427693.6888888889,1969.7244444444443,188.97777777777776,13039196.499555556,0.0007902907936507,0.0001829911111111,0.0010262707936507,8.736031746031746e-05,8.005968253968253e-05,1.4659365079365066e-05,0.003092148260979371,0.2073756888888888,1.6425835555555557,3.165416888888889,8.660855066666667,0.3086002666666667,1.3039456888888887,2.119326666666667,0.0027922222222222,0.2081485777777777,3.548515822222222,0.0049806222222222,0.2536075555555556,0.3616965777777778,0.1003938222222222,0.1577445777777778,0.0028977333333333,0.12742302472599493,0.0792690666666666,0.0352059111111111,0.030906140428863877,0.0473380444444444,0.1242560444444444,0.0768289333333333,0.0091011111111111,0.0032053777777777,3.84825,0.169875,0.10076803759581746,0.00475,0.0001250000000000001,0.073125,0.447375,0.21525,0.068875,0.007125,0.012,0.01741807083623011,1.5687620176607524,0.393913295051014,0.215475,0.005,0.15515293906404654,0.005,0.08907594541830122,0.011372471004038126,0.018790518996560274,0.41605000000000003,0.06607337270561423,0.10510409321494778,0.028874999999999998,0.008875000000000001,0.008522321621247468,0.007625,0.3166375,0.17449811480546865,0.002,0.009875,0.04765999135310226,0.19250075388062118,0.028874999999999998,0.02863571428571425,0.06083022637126154,0.01075,0.016234946148946543,0.12732484609857417,0.0030770140708683137,0.004,0.020000029099171538,0.006125,0.008624999999999999,0.0025,0.00893638887504608,0.006125,0.002875,0.02598380016835878,0.016339068478412887,0.04429381664434329,0.00904999999999995,0.002278390036632305,0.04700115294953651,0.03602183988478783,0.009086532683953038,0.0046691784126984,0.0090163657142857,0.0292095993650793,0.0037616901587301,0.0001484777777777,0.5006965450793651,84600.0,84659.0,863.0886044444445,33.337648888888886,753.27764,140.6338,7.487955555555556,0.15926222222222222,0.045808888888888885,43.91735287555556,42.402454728888884,41.194116551111115,41.30320003111111,40.710125653333336,39.56290065333334,38.19561086666667,37.91730269777778,36.68007250222222,36.48753191111111,36.62882745777778,38.662103888888886,39.466874742222224,38.73209724888889,32.94615863111111,117.62721200444444,36.37428428444444,10.356348884444445,2.9871186755555557,0.3306469066666667,0.21249516444444444,0.10890492444444444,0.0786456311111111,0.056282911111111104,0.052407351111111104,0.04100256444444444,0.02829668,0.024495324444444445,0.02891715111111111,0.031179124444444446,0.03662355111111112,0.023248262222222222,0.02063715111111111,0.014628648888888889,0.015136786666666667,0.02233313777777778,3.423611500611508,12858216.244958661,1918.5624784824536,0.5184,0.17092878087222643,0.0,0.025479640596822006,1.403713174544535,0.0282444444444444,0.03795714095382826,0.0556875,0.0028977333333333,0.12572840408844985,0.0,0.0,0.0076444444444444,0.026375,0.26137857142857135,0.0315888888888888,0.0,3.4615549593777777,0.1251976576361145,0.0,0.0319428571428571,0.0,0.0,0.16565,0.06492499999999995,0.08169999999999994,0.10787499999999994,0.047275,0.01098,0.0,0.3175125,0.00973333333333325,0.5260666666666667,0.04585,0.0,0.3335125,0.28776999999999997,0.00399,0.01937,0.42816,0.0,0.0,0.24335999999999997,0.0085428571428571,0.01547142857142855,0.02612142857142855,0.01388125,0.0,0.0286916666666666,0.0,0.02509166666666665,0.0099125,0.0,0.0,,,,0.004290668066774368,0.008875000000000001,0.3439720270754252,2.9289233555970897,1.9961225519686288,63.05958168934771,2109.8333,2305.509,0.8604742142641478,2024-07-27 23:30:00
2024-07-27 17:45:00,68.02000000000001,1.0,0.0245867387301587,0.5221175946031746,0.0088447961904761,0.0528798733333333,0.9234173952380952,0.004370900888888889,0.005954244444444445,0.019529244444444444,1.5839955555555556e-25,1.1712799999999999e-05,2.0455511111111113e-05,0.00020385466666666667,5.57424888888889e-26,1.0348737777777778e-05,0.0010863519999999998,0.0007326884444444445,1.7218444444444443e-07,0.07591431111111112,0.004650022222222222,0.01580933333333333,0.1208511111111111,1.7237022222222222e-05,6.484475555555556e-06,0.745,1309.5186666666666,3.3150666666666666,0.0504,3.3150666666666666,40.734339555555565,-111.87211,308.54555555555555,18.110666666666667,867.5613333333333,115.74951111111112,0.9973333333333334,429287.5555555556,1970.6128888888888,193.072,12666528.327555554,0.000692485079365,0.000124166031746,0.0009691476190476,8.980666666666665e-05,0.0001046777777777,7.985714285714284e-05,0.003024555652268032,0.3765273333333333,2.180514666666667,3.969799111111111,9.106680177777775,0.3168150222222222,1.3489622666666667,3.154382622222222,0.0018301333333333,0.2023148888888889,3.617078888888889,0.0041936444444444,0.28613155555555553,0.4031868888888889,0.1783854666666666,0.3545319555555555,0.0105969777777777,0.128308788914224,0.1898264888888889,0.0734435555555555,0.03285337675696343,0.0427216,0.1021513333333333,0.0586774666666666,0.0090264444444444,0.0038000444444444,3.843625,0.17043750000000002,0.13520506794065387,0.004875,6.250000000000006e-05,0.0730625,0.4476875,0.217125,0.06893750000000001,0.0070625,0.013000000000000001,0.04156740655866175,1.58631458653376,0.4128126686392404,0.23023749999999998,0.005,0.13957646953202327,0.005,0.10089715769387231,0.013686235502019063,0.025895259498280136,0.416525,0.05453668635280712,0.2534391301024751,0.026437500000000003,0.0084375,0.007261160810623734,0.0078125,0.25331875,0.23524905740273433,0.002,0.0099375,0.11335075647113164,0.2487503769403106,0.0294375,0.027817857142857123,0.06691511318563076,0.010875,0.015117473074473272,0.16016242304928707,0.008275317159689951,0.004,0.04827705503680655,0.0060625,0.0088125,0.0022500000000000003,0.02876323990577968,0.0055625,0.0024375000000000004,0.01849190008417939,0.013169534239206443,0.046146908322171644,0.010024999999999975,0.007138721217497347,0.05000057647476825,0.03851091994239392,0.02672065719652874,0.0050264307936507,0.0106484736507936,0.0321398752380952,0.0039915584126984,0.000210466031746,0.563851326984127,85500.0,85559.0,862.9985955555555,33.227426666666666,768.8224444444444,144.0761777777778,7.687044444444444,0.15966222222222223,0.04712888888888889,44.245342951111105,42.72353965333333,41.57598776,41.754381155555556,41.42169996,40.313803155555554,38.86971106222222,38.563248906666665,37.40347187555555,37.03661708888889,37.424758768888886,39.58612,40.46272807555556,39.85782221777777,33.91736999111111,121.36781879555556,37.51825081333333,10.609875311111113,3.026052222222222,0.34123033333333336,0.22651210666666666,0.09853674666666667,0.0735891688888889,0.06074636444444445,0.04851307111111111,0.03907698666666667,0.03611525333333333,0.021997244444444446,0.029037426666666664,0.029049951111111114,0.038078071111111104,0.02722473333333333,0.025089328888888887,0.010207497777777777,0.015651635555555553,0.02327777333333333,3.6191832884183066,12490720.598785004,1919.446378268689,0.5453,0.17750583416245805,0.0,0.023187676273071674,1.5531044449445375,0.0282444444444444,0.03694439618617561,0.05594375,0.0105969777777777,0.12025437491727063,0.0,0.0,0.0076444444444444,0.02034375,0.2455178571428571,0.0315888888888888,0.0,3.648431406796192,0.13034401806624402,0.0,0.0327785714285714,0.0,0.0,0.16957499999999998,0.06657916666666662,0.08234166666666662,0.11114583333333328,0.0453,0.011470000000000001,0.0,0.25463125,0.011049999999999924,0.58155,0.045614999999999996,0.0,0.36034374999999996,0.302195,0.0019950000000000002,0.017735,0.45826999999999996,0.0,0.0,0.24946,0.01281428571428565,0.023207142857142822,0.026660714285714274,0.006940624999999999,0.0,0.029729166666666598,0.0,0.026870833333333323,0.004956249999999999,0.0,0.0,,,,0.0033200113029929843,0.0084375,0.4440315912144739,3.4652774017764463,2.5988329184933074,63.98068133414293,2827.3333,2268.5745,0.939974193671715,2024-07-27 23:45:00
2024-07-27 18:00:00,69.09893410293411,1.0,0.0282971782793132,0.5577917366674067,0.010965153021238,0.0588772216111666,0.9010118222965924,0.003390970668701669,0.006538103513523514,0.021466655890405893,1.4885613048063048e-25,1.1850484750434751e-05,2.1432431572131572e-05,0.00021490487536537535,5.271835335590336e-26,9.454543463758465e-06,0.0011647165823065822,0.0007933899287194286,1.6798177396677397e-07,0.08248394095349096,0.005069226634476634,0.016812647471047472,0.13028711906611906,1.797076739001739e-05,5.871798598253598e-06,0.356,1308.463219225219,4.253251877751878,0.04854980944980945,4.253251877751878,40.734333903770306,-111.87211,308.18290994190994,17.71569399119399,867.4146468346468,96.71287518407517,0.8073526658526659,431519.957013357,1973.6899937654937,213.63332378732375,12322597.48741847,0.0007527043449143,0.0001548852312502,0.0009928366970066,9.523989047989048e-05,9.087697931697932e-05,8.509970344470344e-05,0.0029569630435566934,0.4439954353461353,3.1148125494320493,5.094619574222074,8.596654542189293,0.3283498347929848,1.5244517419265915,3.066815217639768,0.0019648057664557,0.202081344992045,3.85718274004144,0.004965678040478001,0.1549580138972139,0.3317452715451215,0.4430201405797905,0.2186497118788618,0.0372413884467384,0.1291945531024531,0.0800164251507751,0.0300629496706996,0.034800613085063,0.057314512071262,0.1008823898157398,0.0823622947219447,0.0040508646076146,0.0060744303400303,3.839,0.171,0.121,0.005,0.0,0.073,0.448,0.219,0.069,0.007,0.014,0.023,1.639,0.351,0.245,0.005,0.124,0.005,0.075,0.016,0.033,0.417,0.043,0.142,0.024,0.008,0.006,0.008,0.19,0.296,0.002,0.01,0.065,0.305,0.03,0.027,0.073,0.011,0.014,0.193,0.003,0.004,0.024,0.006,0.009,0.002,0.01,0.005,0.002,0.011,0.01,0.048,0.011,0.003,0.053,0.041,0.011,0.0051375548945498,0.0088864707960557,0.0291244435273985,0.0039547308226958,0.0002557645054945,0.6181900547696748,210.0,269.0,862.8184303751804,33.12152758815259,847.6412346039145,163.0765084003034,8.735472996262995,0.1603927764827765,0.05469662541162541,46.06121393700911,44.78494569922485,43.250424777484554,43.90996769601454,43.861369283178675,42.43181422207237,41.53102120303122,41.35078921611832,40.34501326479835,40.746384675097495,41.41602493613849,44.04604814002608,46.01691310491102,45.3100359652738,38.849874487650496,141.59265800915898,44.4600670319229,12.846567841890517,3.5958148436383985,0.3780873842070892,0.24264634614163613,0.1079544614916565,0.08845637690920191,0.06757730401857402,0.04655709891793392,0.04325556278499278,0.03332473287397787,0.029602345486180483,0.02628975387316387,0.028307869738224738,0.03502044246309246,0.02711357863747364,0.02261735493210493,0.013738752116772116,0.015203577316017316,0.028540838873903872,3.723158722135008,12151563.418667067,1922.507742836459,0.5722,0.2143,0.0,0.02089571194932134,2.18475,0.0282444444444444,0.035931651418522954,0.0562,0.0372413884467384,0.11478034574609143,0.0,0.0,0.0076444444444444,0.0143125,0.2296571428571428,0.0315888888888888,0.0,3.747783976457011,0.1211,0.0,0.0336142857142857,0.0,0.0,0.1735,0.0682333333333333,0.0829833333333333,0.1144166666666666,0.043325,0.01196,0.0,0.19175,0.0123666666666666,0.6370333333333333,0.04538,0.0,0.387175,0.31662,0.0,0.0161,0.48838,0.0,0.0,0.25556,0.0170857142857142,0.0309428571428571,0.0272,0.0,0.0,0.0307666666666666,0.0,0.02865,0.0,0.0,0.0,,,,0.0023493545392115995,0.008,0.3,3.6,3.3,63.0,2868.1667,2211.228,0.6689325439977621,2024-07-28 00:00:00
2024-07-27 18:15:00,69.944,1.0,0.019596146031746,0.5424968942857142,0.0109683961904761,0.0570483526984127,0.8965906796825398,0.0028797159999999996,0.0060688488888888895,0.02010613333333333,1.2203102222222221e-25,1.0404262222222222e-05,1.9233599999999998e-05,0.00019341244444444445,4.3462177777777784e-26,7.768568888888888e-06,0.001059632,0.0007245417777777778,1.4407866666666666e-07,0.0779563111111111,0.0046503199999999995,0.016000533333333334,0.12343822222222221,1.6069688888888887e-05,4.801511111111111e-06,0.356,1308.1675555555555,3.8094222222222225,0.0476,3.8094222222222225,40.73433444444445,-111.87211,308.12199999999996,17.631999999999998,867.5591111111112,101.15773333333333,0.644,429987.2444444445,1972.896888888889,215.81066666666663,12061673.00977778,0.0007985507936507,0.0001806358730158,0.0010649742857142,7.896349206349207e-05,9.488761904761906e-05,3.856285714285714e-05,0.0028893704348453546,0.2932069826728827,2.690485021885522,4.4145900335405335,8.090040272094573,0.3327280654419654,1.473784187950938,2.7954871959947463,0.0024042843933843,0.2004691336626336,4.49263706999667,0.0057377116365116,0.3231499771284271,0.3365254734025234,0.368904823010323,0.2149314778980279,0.0323983535205535,0.0902598214396714,0.0793404633884633,0.0442466061494061,0.0244493033466533,0.0580566836940836,0.1197886965645465,0.074304375002775,0.0053262263754763,0.0058157086376586,3.869625,0.17525000000000002,0.21932844939286472,0.00575,0.0003125,0.073,0.44756250000000003,0.217875,0.07037500000000001,0.0069375,0.0105,0.0173097284900265,1.4613600806260645,0.32222183125131765,0.21358749999999999,0.005,0.11199336793849221,0.0048125,0.08629715854147858,0.013686235502019063,0.025895259498280136,0.3968,0.04615859287419058,0.14821062288475145,0.043285801377695485,0.01635621842225327,0.006500000000000001,0.0083125,0.16063125,0.27704888394037247,0.0021875,0.0099375,0.05930751761100515,0.2800356937458928,0.0315625,0.0258142857142857,0.06359594242948395,0.01275,0.0165,0.15220942633893367,0.003560300392448143,0.004,0.020692743151392044,0.0063750000000000005,0.009625,0.0026875,0.014475571138445737,0.009425239770791927,0.0035,0.0156417453614722,0.010504661486497233,0.05200890369365577,0.00825,0.0036875,0.04297348561990075,0.03223805894710012,0.01274129310572835,0.0050233577777777,0.0086014971428571,0.0308255152380952,0.0037710203174603,0.0002509098412698,0.5866761326984127,900.0,959.0,862.9813777777778,33.054951111111116,888.8487600000001,170.71101333333334,9.065760000000001,0.15900444444444445,0.05724,49.18909340444444,47.538698191111116,45.39296802222222,45.788850968888894,45.54658388888889,44.46784117333333,43.18948329777778,43.13857051111111,42.25512252888889,42.27572371555555,43.10450284,46.161226039999995,47.87752310666667,47.49444508,40.71015543111111,149.42865515999998,47.04842239111111,13.389777257777778,3.6336050622222222,0.38034442222222226,0.24781144,0.11421786666666667,0.08178494666666666,0.059764048888888886,0.043838275555555556,0.03428665333333333,0.03349617333333333,0.028225506666666667,0.023295813333333335,0.02972085777777778,0.036591613333333335,0.02728713333333333,0.025465066666666664,0.013450475555555556,0.012269204444444444,0.02562498666666667,3.5635225843206424,11894260.496878808,1921.71869492775,0.523225,0.1905625,0.0,0.02264083689386278,1.9456375000000001,0.0282444444444444,0.03762932565142011,0.05509375,0.0323983535205535,0.12052501428970835,0.0,0.0,0.0076444444444444,0.0274625,0.24087499999999995,0.0315888888888888,0.0,3.595245439846528,0.11477916666666665,0.0,0.030774999999999976,0.0,0.0,0.16346666666666665,0.06082916666666662,0.07055416666666663,0.1009666666666666,0.0434625,0.00897,0.0,0.16194375,0.00927499999999995,0.561825,0.043405,0.0,0.33059375,0.26994,0.00197,0.01773,0.4154,0.0,0.00243125,0.216925,0.024203571428571352,0.028449999999999948,0.022917857142857122,0.0,0.003553571428571425,0.028537499999999924,0.0,0.029887499999999997,0.00325625,0.0,0.0,,,,0.011138932960491479,0.007875,0.39474446782658656,3.973752665250581,2.932107439583141,65.75761554194972,2135.6667,2141.6902,0.6192511483080734,2024-07-28 00:15:00
2024-07-27 18:30:00,68.736,1.0,0.0186726266666666,0.5156932892063492,0.0098435142857142,0.0516319025396825,0.8602819746031746,0.0015684742222222224,0.0054134844444444444,0.018172355555555558,9.499071111111112e-26,8.572417777777778e-06,1.635257777777778e-05,0.00016513555555555554,3.4104266666666666e-26,5.819244444444444e-06,0.0009185217777777778,0.0006312728888888888,1.1492457777777778e-07,0.07138871111111111,0.004078,0.01480528888888889,0.113448,1.3601733333333334e-05,3.576444444444444e-06,0.356,1307.5302222222222,3.2946666666666666,0.04671111111111111,3.2946666666666666,40.734338755555555,-111.87211,307.3695555555555,18.263555555555556,868.116,160.82288888888888,0.45111111111111113,430495.8222222222,1991.233777777778,201.01244444444447,12357042.771999998,0.0008222888888888,0.0001781098412698,0.0011805212698412,0.000134426031746,0.0001170253968253,0.0001261006349206,0.002821777826134016,0.1306778507825507,2.7925816524586526,4.254638803640804,7.576818747075147,0.3170473538683538,1.3145416675879675,2.787787397404448,0.0029228378658378,0.1749685858141858,3.545921149772449,0.0065097452325452,0.2992613075276575,0.2448557461279461,0.3067751932271432,0.201443651021201,0.0294142636863136,0.0688010872534872,0.0782161787490287,0.03669272002072,0.0220404705683205,0.0372522128834128,0.095917426066526,0.04504103001258,0.0039986814222814,0.0040730087819587,3.9002499999999998,0.17950000000000002,0.19189525496033955,0.006500000000000001,0.000625,0.073,0.447125,0.21675,0.07175000000000001,0.006875,0.007,0.01713306820415154,1.2837201612521287,0.2934436625026353,0.182175,0.005,0.09998673587698444,0.004625,0.060164992025196,0.011372471004038126,0.01879051899656027,0.3766,0.04931718574838117,0.1380437243778461,0.031009678072154774,0.012048009560052395,0.007,0.008625,0.1312625,0.2580977678807449,0.002375,0.009875,0.05879221148148277,0.2550713874917856,0.033125,0.0246285714285714,0.05419188485896791,0.014499999999999999,0.019,0.11141885267786734,0.002651447739457173,0.004,0.02045710355430696,0.00675,0.010249999999999999,0.003375,0.010751889724558442,0.0077997953940900115,0.005,0.0202834907229444,0.011009322972994468,0.056017807387311526,0.0055,0.004375,0.032946971239801504,0.02347611789420024,0.009634168656411937,0.0047139917460317,0.0065843307936507,0.0348420942857142,0.003642079047619,0.0002158739682539,0.5873118577777778,1800.0,1859.0,863.5069777777777,32.86756888888889,823.0208311111111,156.8358977777778,8.947617777777777,0.17996,0.05192888888888889,47.35180305777778,45.898428764444446,44.04974909333334,44.16928799111111,43.40198143111111,42.43184044444445,41.106205995555555,40.741212346666664,39.59978072888889,39.49841042666666,39.85289798666667,42.084277964444446,43.469155613333335,43.08587982222222,36.82559218222222,133.00472722222221,41.071977186666665,10.911180351111112,2.9879882355555556,0.3664331733333333,0.24650442666666667,0.12712456888888887,0.09478522666666667,0.07628796888888889,0.06251624888888889,0.05737183111111111,0.04725847111111111,0.04414944444444444,0.042881271111111105,0.049313640000000006,0.06109948444444444,0.04399739111111111,0.048687680000000004,0.027662964444444445,0.031792777777777774,0.05056022222222222,3.0045467892585602,12185530.612717982,1939.961785163115,0.47425000000000006,0.166825,0.0,0.02438596183840422,1.706525,0.0282444444444444,0.039326999884317274,0.0539875,0.0294142636863136,0.1262696828333253,0.0,0.0,0.0076444444444444,0.0406125,0.2520928571428571,0.0315888888888888,0.0,3.06112233372,0.1084583333333333,0.0,0.02793571428571425,0.0,0.0,0.1534333333333333,0.053424999999999945,0.05812499999999995,0.0875166666666666,0.0436,0.00598,0.0,0.13213750000000002,0.0061833333333333,0.4866166666666667,0.041429999999999995,0.0,0.2740125,0.22326000000000001,0.00394,0.019360000000000002,0.34242,0.0,0.0048625,0.17829,0.0313214285714285,0.025957142857142797,0.01863571428571425,0.0,0.00710714285714285,0.02630833333333325,0.0,0.031125,0.0065125,0.0,0.0,,,,0.0067250099069007425,0.00775,0.298602369118313,4.075549976798651,2.8122586143162067,64.64195206844109,1403.1666,2075.8655,0.38461849490490985,2024-07-28 00:30:00
2024-07-27 18:45:00,61.523555555555554,1.0,0.0286724266666666,0.4558846844444444,0.0087063422222222,0.0401131688888888,0.6670830844444445,0.001186144,0.004708364444444444,0.016033733333333335,7.486808888888889e-26,6.843897777777778e-06,1.3511466666666666e-05,0.00013710266666666667,2.710306666666667e-26,4.193284444444444e-06,0.0007748591111111111,0.0005351591111111112,8.872111111111112e-08,0.06394648888888889,0.003480648888888889,0.013424799999999999,0.10205102222222222,1.1192013333333334e-05,2.56836e-06,0.356,1308.281777777778,3.6000444444444444,0.04613333333333334,3.6000444444444444,40.73434,-111.87211,302.8904444444444,23.59333333333333,869.0875555555556,122.42066666666666,0.6755555555555556,430394.6222222222,2002.683111111111,160.81911111111108,14144421.507111112,0.0008994666666666,0.0001189555555555,0.0011845777777777,0.0002580488888888,0.0002178266666666,0.0008811955555555,0.0027541852174226772,0.1402886933333333,3.079074666666666,4.244115111111111,5.7921408,0.2740151111111111,1.1104816444444443,1.9353981777777776,0.0049786666666666,0.1530968,3.052382266666667,0.0366777777777777,0.08651671111111112,0.1219467111111111,0.2427198222222222,0.1842955555555555,0.0255618666666666,0.0620692444444444,0.0829000444444444,0.0417355111111111,0.0192443555555555,0.0344026222222222,0.0818459111111111,0.0448228888888888,0.0026326666666666,0.0036988,3.930875,0.18375,0.163611753942259,0.00725,0.0009375,0.073,0.4466875,0.215625,0.07312500000000001,0.0068125,0.0034999999999999996,0.017869050022037234,1.1060802418781932,0.264665493753953,0.15076250000000002,0.005,0.08798010381547666,0.0044375000000000005,0.025127477843496365,0.009058706506057187,0.011685778494840409,0.3564,0.05247577862257176,0.12511777657483306,0.023773211429009074,0.009508428541918582,0.0075,0.0089375,0.10189375,0.23914665182111738,0.0025625,0.0098125,0.06093902076629264,0.23010708123767842,0.034687499999999996,0.0234428571428571,0.044787827288451876,0.01625,0.0215,0.07062827901680102,0.0032581757179974535,0.004,0.021438798212897563,0.007125,0.010875,0.0040625,0.01323772908426189,0.008884902619843819,0.006500000000000001,0.024925236084416602,0.011513984459491701,0.060026711080967285,0.002749999999999999,0.0050625,0.022920456859702256,0.014714176841300358,0.011708409546838824,0.0023509466666666,0.0023336711111111,0.0157416888888888,0.0025179777777777,0.0001400133333333,0.3911699333333333,2700.0,2759.0,864.51584,32.26121333333333,447.1905066666667,111.98798222222221,14.86956,0.3900355555555555,0.045448888888888886,31.120723293333334,28.91730441777778,27.157921297777776,26.366087857777778,25.28883300444444,23.9016794,22.660255293333332,21.82857444888889,20.79837078222222,20.45537336888889,20.23700250222222,21.169211955555557,21.75784124,21.302410795555556,18.075622186666667,64.1452948488889,19.729709319999998,5.314193075555555,2.0307835955555555,0.4109425333333333,0.4113656133333333,0.31011676888888895,0.2835163288888889,0.2514628222222222,0.24436036888888887,0.23167144888888888,0.22716284444444443,0.21056344000000002,0.2279622311111111,0.29404168444444445,0.41498387555555555,0.3127850622222222,0.29753594666666666,0.20269102666666666,0.22389532,0.3783586666666667,1.7792064117348514,13948101.050895117,1951.352551743008,0.425275,0.14308749999999998,0.0,0.026131086782945658,1.4674125,0.0282444444444444,0.04102467411721443,0.052881250000000005,0.0255618666666666,0.1320143513769422,0.0,0.0,0.0076444444444444,0.0537625,0.26331071428571423,0.0315888888888888,0.0,1.89026195964508,0.10213749999999995,0.0,0.025096428571428523,0.0,0.0,0.14339999999999994,0.046020833333333275,0.04569583333333327,0.0740666666666666,0.0437375,0.0029899999999999996,0.0,0.10233125000000001,0.0030916666666666506,0.4114083333333333,0.039455,0.0,0.21743125,0.17658,0.00591,0.02099,0.26944,0.0,0.00729375,0.139655,0.03843928571428565,0.02346428571428565,0.014353571428571374,0.0,0.010660714285714275,0.024079166666666575,0.0,0.032362499999999995,0.00976875,0.0,0.0,,,,0.004123113025634914,0.007625,0.30428754421547954,4.361203072889702,2.804373384624977,57.98080900438731,670.66669,2001.3151,0.34078243392675184,2024-07-28 00:45:00
2024-07-27 19:00:00,61.538222222222224,1.0,0.0171474933333333,0.4821632083840763,0.0091751310481185,0.0409092763357674,0.53425848,0.0010335005777777778,0.003962373333333334,0.01370191111111111,5.939528888888889e-26,5.265266666666667e-06,1.0791057777777778e-05,0.00011003404444444445,2.168466666666667e-26,2.8931644444444444e-06,0.0006320897777777778,0.00043847688888888885,6.596902222222222e-08,0.055576799999999996,0.002870808888888889,0.011837644444444444,0.08911631111111111,8.903653333333334e-06,1.7727688888888889e-06,0.356,1309.2857777777779,3.0605333333333333,0.048488888888888894,3.0605333333333333,40.73434,-111.87211,300.1944444444444,26.64888888888889,869.3466666666666,52.70346666666667,0.7657777777777778,428873.33333333326,2000.413777777778,158.02533333333335,13904039.920888888,0.0009310355555555,0.0001067022222222,0.0010415733333333,0.0002175955555555,0.0002076399999999,0.0002911466666666,0.002686592608711338,0.1066805822222222,1.7221684444444445,2.675668888888889,4.720032399999999,0.2724402222222222,0.9137908,1.4074802222222222,0.0076396888888888,0.1202111111111111,2.686824222222222,0.0753411555555555,0.08626164444444444,0.0885774666666666,0.2119637333333333,0.1435347111111111,0.0185888,0.0534042222222222,0.0657584444444444,0.0311773777777777,0.0168017777777777,0.0270388888888888,0.0729291555555555,0.0385428888888888,0.0019543555555555,0.0024068444444444,3.9615,0.188,0.07605123390596719,0.008,0.00125,0.073,0.44625000000000004,0.2145,0.07450000000000001,0.00675,0.0,0.015175568451500941,0.9284403225042577,0.23588732500527068,0.11935,0.005,0.07597347175396887,0.00425,0.015614951971865508,0.00674494200807625,0.004581037993120545,0.3362,0.05563437149676234,0.09439293318034886,0.019187649437474405,0.007899161648909723,0.008,0.00925,0.072525,0.22019553576148987,0.00275,0.00975,0.05308231683207987,0.20514277498357122,0.03625,0.0222571428571428,0.03538376971793583,0.018,0.024,0.029837705355734684,0.001987864340891544,0.004,0.017846078384024862,0.0075,0.0115,0.00475,0.008033106696670261,0.006613004663907742,0.008,0.029566981445888804,0.012018645945988934,0.06403561477462305,0.0,0.00575,0.012893942479603005,0.005952235788400477,0.007365554272046787,0.0015585733333333,0.0013060399999999,0.0092569288888888,0.0020518133333333,0.0001002177777777,0.2223816488888889,3600.0,3659.0,864.7807422222223,31.45100888888889,382.89649333333335,98.0464711111111,13.301262222222222,0.38449333333333335,0.040244444444444444,26.202737937777776,24.301125151111112,22.92914528444444,22.170809173333332,21.231056035555557,20.135689328888887,19.150667293333335,18.607953653333333,17.70474418222222,17.500235675555555,17.416765559999998,18.286612355555558,18.67237995555556,18.459204737777778,15.48771828,55.982006715555556,17.702720191111112,4.9615650888888885,1.673845648888889,0.3457670711111111,0.3400401333333333,0.26755060444444445,0.2282438,0.2112899377777778,0.2135794311111111,0.20032302222222223,0.20224972000000002,0.18379376444444442,0.20824535111111112,0.26249983555555556,0.37285584,0.28328750222222226,0.2661559333333333,0.17970001777777778,0.20621854222222222,0.34774032444444447,1.4523760396346983,13711055.891167914,1949.0948267262413,0.3763,0.11935,0.0,0.027876211727487096,1.2283,0.0282444444444444,0.042722348350111586,0.051775,0.0185888,0.13775901992055914,0.0,0.0,0.0076444444444444,0.0669125,0.2745285714285714,0.0315888888888888,0.0,1.5779628313738203,0.0958166666666666,0.0,0.0222571428571428,0.0,0.0,0.1333666666666666,0.0386166666666666,0.0332666666666666,0.0606166666666666,0.043875,0.0,0.0,0.072525,0.0,0.3362,0.03748,0.0,0.16085,0.1299,0.00788,0.02262,0.19646,0.0,0.009725,0.10102,0.0455571428571428,0.0209714285714285,0.0100714285714285,0.0,0.0142142857142857,0.0218499999999999,0.0,0.0336,0.013025,0.0,0.0,,,,0.002474358179797787,0.0075,0.28440708156695377,3.1,1.9,59.0,295.16666,1918.4462,0.36000326659772236,2024-07-28 01:00:00
2024-07-27 19:15:00,61.46844444444445,1.0,0.0185589688888888,0.48366169677375187,0.009163935339296225,0.04121135658727812,0.6045784933333334,0.000999104488888889,0.0031924266666666667,0.011208542222222223,4.715320000000001e-26,3.879928888888889e-06,8.280004444444445e-06,8.479684444444444e-05,1.736711111111111e-26,1.902231111111111e-06,0.0004948355555555556,0.0003446031111111111,4.69936e-08,0.04628466666666667,0.0022684088888888887,0.010023706666666667,0.07461537777777778,6.802902222222222e-06,1.173396e-06,0.356,1308.7822222222223,2.716711111111111,0.05151111111111111,2.716711111111111,40.73434,-111.87211,298.962,27.55777777777778,869.1724444444445,81.4456,0.7435555555555556,428453.68888888886,1972.7222222222224,157.74844444444443,13237805.015555557,0.0008798577777777,9.643111111111111e-05,0.0009110044444444,0.0001889777777777,0.0001727511111111,0.00024636,0.002619,0.1408015644444444,1.6851604444444446,2.5535613333333336,4.700026844444445,0.276473111111111,0.7291284444444445,1.821986977777778,0.0067081777777777,0.1082949777777777,2.596258533333333,0.0895804888888888,0.12310568888888888,0.0827017333333333,0.2319484444444444,0.2548659555555555,0.0232662666666666,0.0403220444444444,0.1457625777777777,0.0627565777777777,0.0131103111111111,0.0232954222222222,0.0832464444444444,0.0390722222222222,0.0017213333333333,0.0028605777777777,3.9921249999999997,0.19225,0.15885567698002417,0.00875,0.0015625,0.073,0.4458125,0.213375,0.075875,0.0066875,0.0,0.027746720426816047,0.977539333772443,0.25072707841277325,0.124675,0.005,0.11078828862620965,0.0040625,0.013939964531224125,0.00674494200807625,0.004581037993120545,0.36041666666666666,0.0663327282443545,0.17831256480453664,0.024493454614010278,0.009761192219451983,0.0085,0.0095625,0.0777,0.20124441970186235,0.0029375,0.0096875,0.08975151860515139,0.18017846872946403,0.0378125,0.0166928571428571,0.02948365192765223,0.01975,0.026500000000000003,0.03645747040056278,0.0057873443979631215,0.004,0.03461420015903081,0.007875,0.012125,0.0054375,0.023600045104554778,0.01340821340630817,0.0095,0.029596064657345003,0.012513034103731368,0.059220955714023055,0.0,0.0064375,0.014378174522628639,0.006252242183827573,0.020354961676169212,0.0013261288888888,0.0008840977777777,0.0080122711111111,0.0019369644444444,9.097333333333332e-05,0.1638601866666666,4500.0,4559.0,864.6267333333333,30.62737333333333,385.42719999999997,85.34704888888888,8.69308,0.29296,0.032057777777777775,25.924519293333333,24.277920386666665,22.89019526666667,22.091902595555556,21.26983467111111,20.25506492,19.26111868888889,18.652148626666666,18.093932804444442,17.60494046222222,17.558637475555553,18.619958439999998,18.982353040000003,18.50734812888889,15.77211104,58.05434008888889,18.52764123111111,5.035691644444444,1.4079286044444443,0.2774254311111111,0.25683454666666666,0.1788280888888889,0.15680127555555554,0.1392734,0.13467231999999998,0.12891408,0.11157206666666666,0.11340806666666667,0.12166252888888889,0.14672683555555555,0.2083645911111111,0.1520186,0.12995262666666665,0.09660736444444444,0.10356198666666666,0.18284005333333334,1.327182049201694,13054068.132527454,1921.5449217331577,0.38956250000000003,0.124675,0.0,0.029801349560290687,1.2762625,0.0282444444444444,0.04459514084198954,0.24649375,0.0232662666666666,0.14409626172368956,0.0,0.0,0.0076444444444444,0.061065625,0.28690357142857137,0.0315888888888888,0.0,1.4583351057564269,0.1034166666666666,0.0,0.0166928571428571,0.0,0.0,0.1411666666666666,0.0388916666666666,0.036241666666666596,0.0627666666666666,0.043893749999999995,0.0,0.0,0.0777,0.0,0.36041666666666666,0.03789,0.0,0.1946,0.13683499999999998,0.00591,0.02262,0.20747,0.0,0.0119125,0.14208500000000002,0.034167857142857104,0.015728571428571373,0.01090357142857135,0.005315625,0.010660714285714275,0.021970833333333252,0.0,0.03259166666666665,0.00976875,0.0,0.0,,,,0.004382078980875325,0.0073750000000000005,0.3045909267809038,2.9713754208478163,1.5376692495942121,57.929910450040346,327.66666,1828.0508,0.44044285568739333,2024-07-28 01:15:00
2024-07-27 19:30:00,61.32266666666667,1.0,0.02862452,0.48516018516342746,0.009152739630473949,0.04151343683878883,0.8221916977777778,0.0007874457333333333,0.0024261377777777776,0.008623688888888889,3.720844444444445e-26,2.71612e-06,6.058693333333333e-06,6.222026666666666e-05,1.38216e-26,1.1847955555555557e-06,0.0003681004444444444,0.000257292,3.1839511111111114e-08,0.03620684444444445,0.0016979333333333332,0.007983933333333334,0.058678400000000006,4.950631111111111e-06,7.425391111111111e-07,0.356,1309.016,3.249822222222222,0.05235555555555556,3.249822222222222,40.73434,-111.87211,299.37266666666665,26.76488888888889,869.0773333333333,128.88337777777778,0.5906666666666667,428328.1333333333,1964.1373333333331,156.7991111111111,12770395.745777778,0.00085124,7.275111111111112e-05,0.0009713288888888,0.0002203688888888,0.0001938088888888,0.0002659155555555,0.0031731452765752,0.1437173066666666,2.02464,3.004961333333333,5.1914889777777775,0.2697653777777777,0.7391885333333333,1.9754847111111111,0.0050536,0.1155237777777777,3.463649822222222,0.0463472444444444,0.17258551111111112,0.0871825333333333,0.1911606666666666,0.1793820444444444,0.0187046666666666,0.0384269777777777,0.0926960444444444,0.0423650666666666,0.0103820888888888,0.0245395999999999,0.1025125777777777,0.0447217777777777,0.0013930222222222,0.0035167555555555,4.02275,0.1965,0.1408459279737403,0.009500000000000001,0.001875,0.073,0.445375,0.21225,0.07725,0.006625,0.0,0.019408308053082964,1.0266383450406282,0.2655668318202758,0.13,0.005,0.14560310549845046,0.003875,0.015217300192706259,0.00674494200807625,0.004581037993120545,0.38463333333333327,0.07703108499194666,0.12141405400815,0.034401323926647,0.013238280980768354,0.009000000000000001,0.009875,0.082875,0.1822933036422348,0.003125,0.009625,0.06542893254463003,0.15521416247535685,0.039375,0.0111285714285714,0.023583534137368627,0.0215,0.028999999999999998,0.04307723544539089,0.003333921265007882,0.004,0.02349194864480806,0.00825,0.01275,0.006125,0.013548067932544108,0.009020370314241948,0.011000000000000001,0.029625147868801202,0.013007422261473802,0.05440629665342306,0.0,0.007125,0.015862406565654272,0.006552248579254669,0.011967363339038722,0.0015786488888888,0.0012724888888888,0.0109631822222222,0.0022909022222222,0.0001059333333333,0.1674970488888889,5400.0,5459.0,864.5194977777778,30.40460888888889,386.45401777777784,75.45494222222221,5.5198,0.21596444444444446,0.025791111111111112,27.049565737777776,25.194396182222224,23.57317984888889,22.898318244444447,21.946236626666668,20.61169681333333,19.581927475555556,18.853219995555555,18.00067092888889,17.632069533333333,17.453479782222225,18.222292831111112,18.614293146666668,18.09542532,15.515753768888889,57.486028000000005,18.226178715555555,4.81908708,1.2448303644444445,0.21269553333333333,0.18176936000000002,0.122006,0.09306785777777778,0.07777128444444445,0.07232918222222222,0.08074729777777777,0.05902027555555556,0.05577622666666667,0.06240929333333333,0.06851697777777778,0.08453310222222223,0.061622199999999995,0.052074537777777784,0.03609475555555555,0.040525288888888886,0.07440658222222223,1.395800583810392,12593146.367455062,1913.0039471103858,0.402825,0.13,0.0,0.03172648739309428,1.324225,0.0282444444444444,0.04646793333386749,0.4412125,0.0187046666666666,0.15043350352681997,0.0,0.0,0.0076444444444444,0.05521875,0.2992785714285714,0.0315888888888888,0.0,1.5239027835822223,0.1110166666666666,0.0,0.0111285714285714,0.0,0.0,0.1489666666666666,0.0391666666666666,0.039216666666666594,0.0649166666666666,0.0439125,0.0,0.0,0.082875,0.0,0.38463333333333327,0.0383,0.0,0.22835,0.14377,0.00394,0.02262,0.21848,0.0,0.014099999999999998,0.18315,0.0227785714285714,0.01048571428571425,0.0117357142857142,0.01063125,0.00710714285714285,0.0220916666666666,0.0,0.0315833333333333,0.0065125,0.0,0.0,,,,0.007944488031562613,0.00725,0.3063156980466848,3.309859716432242,1.875895843784254,57.79527556434835,360.16666,1731.3047,0.46376716792964,2024-07-28 01:30:00
2024-07-27 19:45:00,59.53733333333333,1.0,0.0412683422222222,0.48665867355310305,0.009141543921651674,0.04181551709029955,0.930476,0.0006085405777777778,0.001710471111111111,0.006101782222222222,2.889515555555556e-26,1.7892622222222222e-06,4.196284444444445e-06,4.3137022222222215e-05,1.0838657777777778e-26,6.952137777777778e-07,0.00025782044444444443,0.00018114311111111113,2.0358444444444446e-08,0.025837244444444445,0.0011925195555555555,0.005782666666666667,0.042001111111111114,3.404711111111111e-06,4.4788266666666665e-07,0.356,1309.6422222222222,3.5407555555555557,0.05266666666666667,3.5407555555555557,40.73434,-111.87211,299.8393333333333,26.644444444444446,869.0368888888889,138.05511111111113,0.9968888888888888,429647.7333333333,1966.5795555555555,162.33555555555554,12847572.116888888,0.0008316222222222,1.1417777777777783e-05,0.0010574666666666,0.0002335288888888,0.0001935066666666,0.00028332,0.0044244133333333,0.1300243822222222,2.760081777777778,3.771063555555556,5.917673022222222,0.2765581777777778,0.8922327111111111,3.427224133333333,0.0043036,0.1496982666666666,3.072175155555556,0.0336956,0.2449218222222222,0.1074797777777777,0.2222515555555555,0.2596416888888889,0.0209387555555555,0.0360214222222222,0.1218070666666666,0.0492192444444444,0.0120132,0.0325621777777777,0.0917970666666666,0.0441581777777777,0.0017413777777777,0.0044241777777777,4.053375,0.20075,0.15457403810324627,0.01025,0.0021875,0.073,0.4449375,0.211125,0.078625,0.0065625,0.0,0.023982560273122396,1.0757373563088135,0.2804065852277784,0.135325,0.005,0.18041792237069124,0.0036875,0.021003408512360995,0.00674494200807625,0.004581037993120545,0.40884999999999994,0.08772944173953882,0.18191243278471253,0.028890727593167402,0.011304380565382886,0.0095,0.0101875,0.08805,0.16334218758260727,0.0033125000000000003,0.0095625,0.07877171751349459,0.13024985622124965,0.0409375,0.005564285714285699,0.017683416347085024,0.02325,0.0315,0.049697000490218995,0.004158587873860859,0.004,0.029593347976056686,0.008625,0.013375,0.0068125,0.01692682874039731,0.010495251525847134,0.0125,0.0296542310802574,0.013501810419216236,0.04959163759282306,0.0,0.0078125,0.017346638608679906,0.0068522549746817644,0.014786678191088119,0.0016527555555555,0.0017855066666666,0.0125732533333333,0.0024134666666666,0.0001399377777777,0.17821704,6300.0,6359.0,864.497311111111,30.54645777777778,403.82723999999996,76.95873333333333,5.2292000000000005,0.2011911111111111,0.025875555555555554,28.63082293777778,26.813119426666667,25.01874198222222,24.178521364444446,23.18072664,21.73351876,20.51139291111111,19.744900497777778,18.77835596888889,18.339899444444445,18.137970160000002,18.837728022222223,19.203025888888888,18.707086240000002,15.89141879111111,59.594472168888885,18.9788512,4.936491706666667,1.3326643777777778,0.2070220088888889,0.18514862222222223,0.11240027555555555,0.07750410222222223,0.06844105777777779,0.06450209777777778,0.07099971555555555,0.0547718,0.046058497777777783,0.04570059555555555,0.06130341777777778,0.06995322666666667,0.050989653333333336,0.043153546666666674,0.02753808888888889,0.03555654222222222,0.05655692444444445,1.4605976001748486,12669251.552984068,1915.433676637831,0.4160875,0.135325,0.0,0.033651625225897874,1.3721875,0.0282444444444444,0.04834072582574544,0.63593125,0.0209387555555555,0.1567707453299504,0.0,0.0,0.0076444444444444,0.049371875,0.3116535714285714,0.0315888888888888,0.0,1.585818852138413,0.11861666666666659,0.0,0.005564285714285699,0.0,0.0,0.1567666666666666,0.0394416666666666,0.0421916666666666,0.0670666666666666,0.043931250000000005,0.0,0.0,0.08805,0.0,0.40884999999999994,0.03871,0.0,0.2621,0.150705,0.0019699999999999995,0.02262,0.22949,0.0,0.016287499999999996,0.224215,0.011389285714285699,0.0052428571428571255,0.01256785714285705,0.015946875,0.003553571428571425,0.022212499999999948,0.0,0.03057499999999995,0.0032562500000000005,0.0,0.0,,,,0.005963133854026775,0.007125,0.2982158178699359,4.043145382743097,2.4499236360386742,56.14640868683393,392.66666,1629.7438,0.5102981959019355,2024-07-28 01:45:00
2024-07-27 20:00:00,58.23422222222222,1.0,0.0497358844444444,0.4881571619427787,0.009130348212829398,0.04211759734181027,1.0740125955555555,0.0003335314222222222,0.0010953333333333334,0.003856328888888889,2.1720800000000003e-26,1.0826804444444444e-06,2.6956933333333334e-06,2.775982222222222e-05,8.220413333333334e-27,3.7843688888888885e-07,0.00016712466666666666,0.00011856413333333333,1.2024808888888889e-08,0.016090968888888887,0.0007750626666666666,0.003587737777777778,0.026002933333333332,2.17232e-06,2.537084444444444e-07,0.356,1309.122222222222,3.9008,0.05706666666666667,3.9008,40.73434,-111.87211,299.96022222222217,27.024,869.0053333333333,130.27826666666667,1.1551111111111112,433127.5111111112,1972.2866666666664,183.48222222222225,13192067.391111111,0.0008158755555555,8.411111111111117e-06,0.0011748088888888,0.0003037688888888,0.0001892355555555,0.0003947022222222,0.0049178622222222,0.0767324711111111,3.2133631111111107,4.122940444444445,7.538471377777778,0.282509146031746,1.1124444847374846,3.84411673968254,0.0034128222222222,0.1772523650793651,3.454865666666667,0.020735565079365,0.30035435238095237,0.1467184634920634,0.2401103365079365,0.2862994158730159,0.025909165079365,0.0375643809523809,0.1403618126984127,0.057832692063492,0.0136651079365079,0.0342297682539682,0.100919673015873,0.0515646222222222,0.0029106825396825,0.0054724253968253,4.084,0.20500000000000002,0.10569639825689547,0.011,0.0025,0.073,0.4445,0.21000000000000002,0.08,0.006500000000000001,0.0,0.026898091290208866,1.1248363675769988,0.29524633863528094,0.14065,0.005,0.21523273924293201,0.0035,0.032189128154511214,0.00674494200807625,0.004581037993120545,0.4330666666666666,0.09842779848713099,0.20200658191247559,0.03358215113595927,0.0129507987366855,0.01,0.010499999999999999,0.093225,0.14439107152297975,0.0035,0.0095,0.08727612469520098,0.10528554996714246,0.042499999999999996,0.0,0.011783298556801422,0.025,0.034,0.056316765535047095,0.005194922627470894,0.004,0.03348225006150678,0.009000000000000001,0.013999999999999999,0.0075,0.021172820043699914,0.012348692226154945,0.014,0.0296833142917136,0.01399619857695867,0.044776978532223066,0.0,0.0085,0.01883087065170554,0.00715226137010886,0.018329629889607322,0.0021191377777777,0.0027713511111111,0.01520504,0.0028092577777777,0.0001721511111111,0.1620225777777777,7200.0,7259.0,864.4583777777777,30.766399999999997,431.6154311111111,81.95796,5.406955555555555,0.1956711111111111,0.027355555555555557,30.12662472,28.006631142222222,26.321599382222225,25.59279077777778,24.48607307111111,23.2341488,21.916818377777776,21.228278475555555,20.17522436,19.655621488888887,19.367319244444445,20.24520192888889,20.59980500888889,20.12900367111111,17.199898813333334,65.00508052444444,20.498082395555556,5.137049168888889,1.4377407022222222,0.20742744888888887,0.1905868711111111,0.10830172888888888,0.07377478222222221,0.07132057777777777,0.06576436,0.058668764444444445,0.05453423111111111,0.04293264888888889,0.04733677333333333,0.05384704444444444,0.07133237333333334,0.05141384888888889,0.04234964888888889,0.0284158,0.031299186666666666,0.053116826666666665,1.676671625525858,13008965.333006224,1921.1115941741225,0.42935,0.14065,0.0,0.035576763058701465,1.42015,0.0282444444444444,0.05021351831762339,0.83065,0.025909165079365,0.1631079871330808,0.0,0.0,0.0076444444444444,0.043525,0.3240285714285714,0.0315888888888888,0.0,1.79228598469274,0.1262166666666666,0.0,0.0,0.0,0.0,0.1645666666666666,0.0397166666666666,0.0451666666666666,0.0692166666666666,0.04395,0.0,0.0,0.093225,0.0,0.4330666666666666,0.03912,0.0,0.29585,0.15764,0.0,0.02262,0.2405,0.0,0.018475,0.26528,0.0,0.0,0.0133999999999999,0.0212625,0.0,0.0223333333333333,0.0,0.0295666666666666,0.0,0.0,0.0,,,,0.007649951590725557,0.007,0.26669164667178924,3.7,2.7,58.0,414.66666,1525.212,0.43032832900680146,2024-07-28 02:00:00
2024-07-27 20:15:00,60.79066666666667,1.0,0.0307865101587301,0.4896556503324543,0.009119152504007123,0.042419677593320985,1.0279778092063492,0.00018652787111111109,0.0006212391111111111,0.0021226555555555553,1.5311840000000002e-26,5.737688888888889e-07,1.5339137777777778e-06,1.5913857777777778e-05,5.8376666666666664e-27,1.8644893333333333e-07,9.662395555555555e-05,6.953217777777777e-05,6.295342222222222e-09,0.008384560000000001,0.0004517333333333333,0.0017622315555555555,0.013170977777777778,1.2338626666666666e-06,1.307304888888889e-07,0.356,1308.0973333333334,3.137688888888889,0.05653333333333333,3.137688888888889,40.73434,-111.87211,299.7153333333333,27.171555555555553,869.1595555555556,122.20071111111112,1.7079999999999997,433291.2888888888,1974.6102222222223,199.93733333333333,13144486.414222224,0.0008643352380952,5.404444444444453e-06,0.0009857088888888,0.0002938857142857,0.0001676498412698,0.0004961069841269,0.004180353015873,0.1660992803663003,2.971539962148962,4.199179136752138,6.77149682904503,0.290648134036334,0.9835292194324192,2.449669741667592,0.0029067367539867,0.1619931199689199,3.0658542031986533,0.021437904081104,0.3548094956469456,0.1732557461168461,0.2064985481388981,0.240667077045177,0.0245779229751729,0.035014811087061,0.11592926007511,0.0541672506641506,0.0170014203204203,0.0273679264309764,0.0958567338254338,0.0421072014985014,0.0016752993136493,0.0047167265123765,4.114625,0.20925,0.14761833408784636,0.01175,0.0028125,0.073,0.4440625,0.208875,0.081375,0.0064375000000000005,0.002575,0.023058972992498972,1.1759955667039743,0.31323307085210306,0.15163749999999998,0.005,0.1939233414081878,0.0033125000000000003,0.0397540758101676,0.00674494200807625,0.004581037993120545,0.466425,0.1053657285574178,0.1676096874585265,0.030978466267345343,0.012037056022788348,0.0105,0.0108125,0.1037125,0.12543995546335224,0.0036875,0.0094375,0.07607767575704101,0.10409048390975421,0.0440625,0.009303571428571425,0.019777707632051257,0.02675,0.0365,0.04907978660245739,0.004753911724814646,0.004,0.028361414417242804,0.009375,0.014624999999999999,0.0081875,0.019365943982835244,0.011559962953673023,0.0155,0.031263502114166904,0.016395789879171938,0.04041522166011351,0.0,0.0091875,0.023522309531889298,0.01230691670971985,0.016821931415549017,0.0027982123809523,0.0042104825396825,0.0201775803174603,0.003411273015873,0.0001716819047619,0.1628622904761905,8100.0,8159.0,864.5887066666667,30.808271111111114,479.48232,91.60047555555555,6.047764444444444,0.19590222222222223,0.030457777777777775,31.823830297777775,30.00655777777778,28.509652835555553,27.793077568888886,26.783051244444444,25.497477835555557,24.41382607111111,23.641909542222223,22.490396573333335,22.147234244444444,21.911624546666665,22.768001084444446,23.163196675555557,22.635370653333332,19.704186666666665,74.71919647111112,23.2274198,5.441904475555556,1.5121185022222223,0.22556100888888891,0.1843463688888889,0.10027314222222222,0.07881905777777778,0.06764701777777778,0.06074866222222222,0.04945820888888889,0.052146106666666664,0.04850944,0.04710459555555556,0.056215497777777776,0.08059721333333333,0.05871532888888889,0.049296519999999996,0.03268559555555556,0.03683223555555556,0.06329015111111111,1.791172526732364,12962044.766236288,1923.4232640502798,0.445425,0.15163749999999998,0.0,0.035712328320232224,1.470125,0.0282444444444444,0.05034539750031264,0.63661875,0.0245779229751729,0.16355424600752924,0.0,0.0,0.0076444444444444,0.038228125,0.32489999999999997,0.0315888888888888,0.0,1.9016960477884293,0.12419999999999992,0.0,0.009303571428571425,0.0,0.0,0.16962499999999997,0.0444416666666666,0.05280833333333328,0.07601249999999994,0.04496875,0.002575,0.0,0.1037125,0.0,0.466425,0.04111,0.0,0.29509375,0.17712499999999998,0.00302,0.02297,0.27486,0.0,0.018037499999999998,0.240145,0.002275,0.008267857142857125,0.0171999999999999,0.023225,0.0,0.023066666666666624,0.0,0.030087499999999948,0.0,0.0,0.0,,,,0.006713787593360578,0.006875,0.3195554778922336,4.253983630322717,2.7707035982624455,57.30394032601508,424.66666,1419.7825,0.4129158894136166,2024-07-28 02:15:00
2024-07-27 20:30:00,60.78666666666666,1.0,0.0234491596825396,0.4911541387221299,0.009107956795184847,0.0427217578448317,1.0276481346031747,9.493707111111112e-05,0.00028749675555555555,0.0009530751111111111,9.500546666666667e-27,2.440631111111111e-07,7.008093333333333e-07,7.364911111111111e-06,3.6019688888888894e-27,7.962191111111111e-08,4.5187333333333334e-05,3.298628888888889e-05,2.7010244444444445e-09,0.0034934613333333334,0.00021356253333333332,0.0006490017777777778,0.005212791111111111,5.664675555555556e-07,5.75376e-08,0.356,1308.8493333333333,2.7178666666666667,0.05386666666666667,2.7178666666666667,40.73434,-111.87211,299.46955555555553,27.497333333333334,869.3022222222222,114.25826666666667,1.1924444444444444,430839.3333333334,1971.4924444444443,175.01822222222225,13210740.224,0.0007530793650793,2.630071428571429e-05,0.0009455949206349,0.0002986257142857,0.0001767914285714,0.0004857949206349,0.0045150688888888,0.1546092236868687,2.3806400824915825,3.2737099259259264,6.347054221371222,0.2888826679006179,0.8543235707921707,1.7520885847152847,0.0033052143023643,0.1555115631202131,2.918365198364598,0.0359499436859436,0.35530627470677467,0.1742224278092278,0.0683091827061827,0.1390295799681799,0.0073845453028453,0.0019292106893106,0.0771693403818403,0.0355133153365153,0.0073576635290635,0.0234061109020609,0.0906453261608761,0.0341568279054279,0.0029900936156436,0.0026218344784844,4.14525,0.2135,0.08660113917371738,0.0125,0.003125,0.073,0.443625,0.20775000000000002,0.08275,0.0063750000000000005,0.00515,0.01696857715026204,1.2271547658309496,0.33121980306892523,0.162625,0.005,0.17261394357344353,0.003125,0.04002964646696573,0.00674494200807625,0.004581037993120545,0.4997833333333333,0.11230365862770463,0.09099704060930963,0.028298429480411218,0.011096518204038786,0.011,0.011125,0.1142,0.1064888394037247,0.003875,0.009375,0.0583124021802522,0.10289541785236597,0.045625,0.01860714285714285,0.027772116707301092,0.0285,0.039,0.04184280766986769,0.0025095465963993193,0.004,0.020237695975118174,0.00975,0.01525,0.008875,0.010170503239879124,0.00754601122536706,0.017,0.03284368993662021,0.018795381181385205,0.03605346478800394,0.0,0.009874999999999998,0.028213748412073053,0.01746157204933084,0.009149046552702367,0.0026425711111111,0.0040089857142857,0.0203758098412698,0.0034274101587301,0.0002108923809523,0.1858219723809523,9000.0,9059.0,864.7457377777778,30.771417777777778,477.81010222222216,91.47580888888889,6.237595555555555,0.2020488888888889,0.030399999999999996,32.01257676444445,30.200047657777777,28.57549076,28.06426928,27.018951986666664,25.658517284444443,24.297571933333334,23.662293159999997,22.536762315555556,22.014041182222222,21.850566791111113,22.67492392888889,22.9434278,22.433677604444444,19.584051199999998,73.5685175911111,22.581487604444444,5.254680688888889,1.5007309777777778,0.21730424444444446,0.17771744444444443,0.10663943111111111,0.09388265777777778,0.07203708444444444,0.06660196444444445,0.06145476444444444,0.05201754222222222,0.05108179555555556,0.056219373333333336,0.06570384,0.0848502311111111,0.06269400888888889,0.05651388,0.03761444,0.04074817333333333,0.07438961777777778,1.7212465914006336,13027378.992406132,1920.321434635352,0.4615,0.162625,0.0,0.035847893581762984,1.5201,0.0282444444444444,0.05047727668300188,0.4425875,0.0073845453028453,0.16400050488197768,0.0,0.0,0.0076444444444444,0.03293125,0.32577142857142855,0.0315888888888888,0.0,1.8348790977377776,0.12218333333333324,0.0,0.01860714285714285,0.0,0.0,0.1746833333333333,0.0491666666666666,0.06044999999999995,0.08280833333333329,0.0459875,0.00515,0.0,0.1142,0.0,0.4997833333333333,0.0431,0.0,0.29433750000000003,0.19660999999999995,0.00604,0.02332,0.30922,0.0,0.017599999999999998,0.21501,0.00455,0.01653571428571425,0.0209999999999999,0.0251875,0.0,0.02379999999999995,0.0,0.0306083333333333,0.0,0.0,0.0,,,,0.005750170996826339,0.00675,0.31275867690899223,3.6648161053463326,2.0772647431328584,57.300246076102795,434.66666,1315.6519,0.44453991825865424,2024-07-28 02:30:00
2024-07-27 20:45:00,59.36133333333333,1.0,0.0273042,0.49265262711180546,0.009096761086362572,0.043023838096342415,1.0342223539682538,4.8504644444444445e-05,8.500848444444445e-05,0.00027018911111111114,4.07698e-27,7.18296e-08,2.1387831111111113e-07,2.2624373333333332e-06,1.5804568888888887e-27,2.652991111111111e-08,1.3852684444444445e-05,1.0229724444444444e-05,8.233342222222223e-10,0.0009063269777777778,6.55062488888889e-05,0.0001476969288888889,0.0012776935555555557,1.7355604444444443e-07,1.906966666666667e-08,0.356,1308.904,3.578577777777778,0.05386666666666667,3.578577777777778,40.7343404,-111.87211,299.1171111111111,28.03644444444444,869.2684444444444,117.20186666666667,1.9017777777777778,432565.6,1971.4533333333331,178.0462222222222,13255442.84488889,0.0006724996825396,4.7196984126984135e-05,0.0009400679365079,0.000345118095238,0.0002224095238095,0.0006535803174603,0.0056839457142857,0.3640280641514042,3.18644237973138,4.062618435897436,6.827649288888889,0.3021309777777778,0.9498395111111112,1.850636355555556,0.0025926666666666,0.1637156,2.947064977777778,0.0341342666666666,0.35240004444444445,0.1760830222222222,0.0720019111111111,0.1887376,0.0104033777777777,0.008742707320457233,0.0923578666666666,0.0391886222222222,0.0007843999999999,0.0208258222222222,0.0901633777777777,0.0324121333333333,0.0031275111111111,0.0031070666666666,4.175875,0.21775,0.08823165486602777,0.013250000000000001,0.0034375,0.073,0.4431875,0.206625,0.084125,0.0063125,0.007725,0.019355169745573195,1.278313964957925,0.3492065352857474,0.1736125,0.005,0.15130454573869928,0.0029375,0.0405600436271318,0.00674494200807625,0.004581037993120545,0.5331416666666666,0.11924158869799145,0.12846611544678443,0.0280505810142681,0.011009537735388819,0.0115,0.0114375,0.12468749999999999,0.08753772334409715,0.0040625,0.0093125,0.06527393168840132,0.10170035179497773,0.0471875,0.027910714285714275,0.03576652578255093,0.03025,0.0415,0.034605828737277994,0.0029517444739852374,0.004,0.023421069729893086,0.010125,0.015875,0.0095625,0.011982242483427826,0.008336863352107447,0.018500000000000003,0.03442387775907351,0.021194972483598473,0.031691707915894374,0.0,0.010562499999999999,0.03290518729225681,0.02261622738894183,0.010660802976982381,0.002652239047619,0.0037455352380952,0.022263965079365,0.0036273749206349,0.0003051717460317,0.1914652428571428,9900.0,9959.0,864.73868,30.762435555555555,483.5511822222222,92.17484444444445,6.161186666666667,0.19831555555555555,0.030457777777777775,32.71545836888889,30.91525389777778,29.026905160000002,28.42850930222222,27.180598551111114,25.902085697777775,24.599861639999997,23.963989422222223,22.762241173333333,22.342834404444446,22.141883857777778,22.78247018222222,22.932174875555557,22.80167656,19.783661297777776,74.31876925777779,22.778320133333334,5.25352132888889,1.507549457777778,0.23507581777777778,0.18619250222222222,0.11449164444444444,0.09336194222222223,0.07794604888888888,0.06902114222222222,0.06766876444444445,0.06165947555555555,0.05347561333333333,0.054164382222222224,0.06739847111111111,0.08729020888888889,0.05266905777777778,0.04801688888888889,0.03534633777777778,0.04395488444444444,0.06576300888888889,1.6792034638486133,13071461.1539201,1920.2825235892346,0.47757499999999997,0.1736125,0.0,0.03598345884329374,1.570075,0.0282444444444444,0.05060915586569112,0.24855625000000003,0.0104033777777777,0.1644467637564261,0.0,0.0,0.0076444444444444,0.027634375,0.3266428571428571,0.0315888888888888,0.0,1.794705254652381,0.12016666666666656,0.0,0.027910714285714275,0.0,0.0,0.17974166666666663,0.0538916666666666,0.06809166666666663,0.08960416666666665,0.04700625,0.007725,0.0,0.12468749999999999,0.0,0.5331416666666666,0.04509,0.0,0.29358125,0.21609499999999993,0.00906,0.02367,0.34358,0.0,0.0171625,0.18987500000000002,0.006825,0.024803571428571376,0.0247999999999999,0.02715,0.0,0.024533333333333275,0.0,0.03112916666666665,0.0,0.0,0.0,,,,0.005661056214310883,0.006625000000000001,0.43663780305173905,4.468256013576356,2.6683809116202415,55.983861690693594,444.66666,1215.0125,0.7404582809606085,2024-07-28 02:45:00
2024-07-27 21:00:00,58.38133333333334,1.0,0.0280369679365079,0.49415111550148105,0.009085565377540296,0.04332591834785313,1.0492774850793651,1.6320064e-05,1.1694336444444443e-05,3.396214666666666e-05,8.372395111111112e-28,1.211424888888889e-08,3.448869777777778e-08,3.5855253333333337e-07,3.3476342222222223e-28,5.429608888888889e-09,2.1284036888888887e-06,1.577142177777778e-06,1.453122177777778e-10,9.685847555555555e-05,9.818527111111112e-06,1.2624560888888889e-05,0.00012557871555555556,2.773085777777778e-08,3.771311111111111e-09,0.356,1308.540888888889,4.245777777777778,0.05235555555555556,4.245777777777778,40.734340933333335,-111.87211,298.35577777777775,29.025777777777776,868.9884444444446,112.86622222222222,1.8155555555555556,432641.4666666667,1970.7106666666664,171.20177777777778,13326118.388,0.0007711682539682,6.809325396825398e-05,0.0009592688888888,0.0003575879365079,0.0002433933333333,0.000720405079365,0.005520346031746,0.1853252355555556,2.5514075555555555,3.620692444444445,6.874642355555555,0.2938684888888889,0.9551124,2.071712577777778,0.0031351111111111,0.1721079111111111,3.004886977777778,0.0326363555555555,0.36447155555555555,0.1775404444444444,0.0645299111111111,0.1481039555555555,0.0058503111111111,0.015556203951603866,0.0881872444444444,0.034878,0.0025597555555555004,0.0221528444444444,0.0985681333333333,0.0349701777777777,0.0039440444444444,0.0037159111111111,4.2065,0.222,0.0978300278918465,0.014000000000000002,0.00375,0.073,0.44275,0.20550000000000002,0.08549999999999999,0.00625,0.0103,0.018699834532219448,1.3294731640849005,0.36719326750256953,0.1846,0.005,0.12999514790395506,0.00275,0.040975509030247534,0.00674494200807625,0.004581037993120545,0.5665,0.12617951876827826,0.09783715328668195,0.03237284008973225,0.012526400542170687,0.012,0.01175,0.135175,0.06858660728446964,0.00425,0.00925,0.06336236310545408,0.10050528573758949,0.04875,0.0372142857142857,0.04376093485780076,0.032,0.044,0.02736884980468829,0.0024331080561246577,0.004,0.022546946126698823,0.0105,0.0165,0.01025,0.009857325112722071,0.00740930414194285,0.020000000000000004,0.036004065581526815,0.02359456378581174,0.027329951043784814,0.0,0.01125,0.03759662617244057,0.02777088272855282,0.008887723601643305,0.002512786031746,0.0034968403174603,0.0218842066666666,0.0036466082539682,0.0003680682539682,0.1904773419047619,10800.0,10859.0,864.4569733333333,30.833613333333332,480.2254311111111,91.96571999999999,6.132035555555556,0.19794666666666666,0.03061777777777778,31.90456716444444,30.107000537777775,28.437364044444443,27.809316515555555,26.876225008888888,25.61822016,24.289156191111108,23.64563177333333,22.802605026666665,22.24549816888889,22.047359706666665,22.867496102222223,23.05114008,22.751382333333332,19.81145578222222,74.93212612444445,22.839969066666665,5.28297056,1.5131579022222221,0.22520349333333334,0.18318114222222223,0.11150179111111111,0.09104667555555555,0.07809458666666667,0.06937985333333334,0.06318837777777778,0.057054457777777776,0.05424453777777778,0.06181836444444445,0.06716786222222222,0.09303085777777778,0.05717663111111111,0.05028893777777778,0.03178188888888889,0.034413511111111114,0.06420738666666667,1.682243424703034,13141155.741050797,1919.5436558839822,0.49365,0.1846,0.0,0.0361190241048245,1.62005,0.0282444444444444,0.050741035048380366,0.054525,0.0058503111111111,0.16489302263087455,0.0,0.0,0.0076444444444444,0.0223375,0.3275142857142857,0.0315888888888888,0.0,1.7976100554477104,0.1181499999999999,0.0,0.0372142857142857,0.0,0.0,0.1848,0.0586166666666666,0.0757333333333333,0.0964,0.048025,0.0103,0.0,0.135175,0.0,0.5665,0.04708,0.0,0.292825,0.2355799999999999,0.01208,0.02402,0.37794,0.0,0.016725,0.16474,0.0091,0.0330714285714285,0.0285999999999999,0.0291125,0.0,0.0252666666666666,0.0,0.03165,0.0,0.0,0.0,,,,0.007215139576130181,0.006500000000000001,0.2,3.9,3.0,56.0,446.5,1097.6056,1.662170284332305,2024-07-28 03:00:00
2024-07-27 21:15:00,56.632444444444445,1.0,0.0493123374603174,0.49564960389115664,0.00907436966871802,0.043627998599363844,1.1316568212698412,8.603368888888888e-06,6.968983555555556e-07,1.8299663555555554e-06,4.856614306666667e-29,9.187569333333334e-10,2.487069733333333e-09,2.5144182222222222e-08,1.9330455644444444e-29,4.2831236888888887e-10,1.441041288888889e-07,1.0633860888888889e-07,1.1074251555555557e-11,4.437144e-06,6.410734222222222e-07,4.5336880000000003e-07,5.394840888888889e-06,1.9614172444444445e-09,2.928449288888889e-10,0.356,1308.8995555555555,4.045688888888889,0.04813333333333334,4.045688888888889,40.73434008888889,-111.87211,298.4331111111111,29.009333333333334,869.0142222222222,104.79635555555555,0.8964444444444445,435927.6888888889,1982.4208888888888,191.52666666666667,13320495.06711111,0.0010133165079365,8.898952380952382e-05,0.0010711314285714,0.0011037961904761,0.0002587301587301,0.0012761504761904,0.0316286069841269,0.0501917422222222,3.8546857777777777,4.789163111111111,7.942288977777777,0.3164416,1.433257911111111,3.202733911111111,0.0043212444444444,0.1956745777777778,3.3116159555555558,0.0218804,0.27225804444444446,0.1846342666666666,0.0992968,0.2477239555555555,0.0172412444444444,0.022369700582750496,0.1587504444444444,0.0612377777777777,0.0043351111111111,0.0296070222222222,0.0934324888888888,0.0546092888888888,0.0069296444444444,0.0054975555555555,4.237125,0.22625,0.10028364996910782,0.01475,0.0040625,0.073,0.4423125,0.204375,0.08687500000000001,0.0061875,0.016225,0.029787520556748454,1.6078548730636752,0.5018949506269271,0.23395,0.005,0.1077463609279663,0.0025625,0.04299773544085699,0.019808706506057185,0.02818577849484041,0.6896249999999999,0.1546346390762087,0.17292904455331878,0.02973176556214715,0.011599536221710529,0.0125,0.0120625,0.16938124999999998,0.19593995546335222,0.0044375000000000005,0.0091875,0.09570439483240153,0.1931289643031921,0.050312499999999996,0.053160714285714276,0.08082070114335058,0.03375,0.0465,0.11752663735351622,0.005604608600011295,0.004,0.03733633613864112,0.010875,0.017125,0.0109375,0.02285135400237692,0.013081398191294561,0.0215,0.03975304918614511,0.025195922839358807,0.058997463282838614,0.00575,0.0119375,0.060447469629330425,0.04882816204641462,0.019730236795064526,0.0026040041269841,0.0035714342857142,0.0212884844444444,0.004062098095238,0.0004467228571428,0.1786268301587301,11700.0,11759.0,864.472528888889,30.838564444444444,515.0665866666667,99.00005333333334,6.453057777777778,0.19408,0.033093333333333336,33.63289942666667,31.65898180888889,29.789178871111112,29.32370242222222,28.431786195555556,27.036228542222222,25.989750902222223,25.350515795555555,24.136506626666666,23.73479967111111,23.679726533333334,24.75492729777778,25.121291355555556,24.834236715555555,21.509185102222222,81.63801604,25.30443952,6.125662186666667,1.61343524,0.2397983511111111,0.20498915999999998,0.10608295111111112,0.09210928444444444,0.08168460444444443,0.06875421777777778,0.06389324444444444,0.05446481777777778,0.048142795555555555,0.05739522666666667,0.06423839111111111,0.08181683555555555,0.05951168444444444,0.04528166222222222,0.033213235555555554,0.03946106666666667,0.06042397333333334,2.087694316836811,13135610.470220143,1931.193976828318,0.6140342924698563,0.2086367998875591,0.0,0.03670554757923422,1.8919872763731602,0.0282444444444444,0.051311610692611004,0.05137083333333333,0.0172412444444444,0.16682376287046224,0.0,0.0,0.0076444444444444,0.055253125,0.3312845238095238,0.0315888888888888,0.0,2.185034147512757,0.1525461814348264,0.0,0.0514888700852956,0.0,0.02475,0.20554596686508522,0.07791864459751481,0.11115777042063277,0.12950067136644414,0.05044192437118025,0.015665890087156274,0.007729153086076376,0.17116118986878576,0.004617347915546844,0.72266610774001,0.048407856769515874,0.00830300450826619,0.35143811702108907,0.2969635947101864,0.011073333333333334,0.023228333333333333,0.4596271139295716,0.0015835096287622164,0.015331250000000001,0.1384978784730315,0.013014285714285707,0.03209404761904755,0.026216666666666576,0.0279625,0.00125,0.02667777777777771,0.0,0.03158194444444444,0.0,0.0,0.0,,,,0.006265531996162518,0.0063750000000000005,0.2509918066065211,5.1345403071813704,3.2127688846473386,53.46356230609352,439.0,991.29834,1.0,2024-07-28 03:15:00
2024-07-27 21:30:00,57.209777777777774,1.0,0.0483808831746031,0.49714809228083223,0.009063173959895745,0.04393007885087456,1.0926976898412697,7.668527555555556e-06,2.2101105694711112e-08,6.678746130444445e-08,4.466520592926493e-31,2.3666100937498028e-11,6.322187438132548e-11,6.590901460404684e-10,1.7751243363952675e-31,1.2094809419093089e-11,3.900485325345333e-09,2.8690527717625667e-09,2.926502203939425e-13,2.131534329111111e-07,1.8055370016991376e-08,3.459868097777778e-08,3.030378315644444e-07,5.1382443238900174e-11,8.191271993032968e-12,0.356,1308.4311111111112,3.8827111111111114,0.049688888888888894,3.8827111111111114,40.73434057777778,-111.87211,298.32955555555554,28.904888888888888,868.984,116.13733333333333,1.331111111111111,435397.2,1978.6631111111112,189.48933333333332,13242498.86177778,0.0011241758730158,0.0001569895238095,0.0010066288888888,0.0012715514285714,0.0002721774603174,0.001465819047619,0.031582246031746,0.0500682733333333,3.797345333333333,4.834863111111112,8.069486622222222,0.3095161333333333,1.4587002666666669,3.3230194666666666,0.0037441777777777,0.2052001777777778,3.3470250666666668,0.0177036,0.2431715111111111,0.1761540444444444,0.0977960444444444,0.2321911111111111,0.0182334222222222,0.02918319721389713,0.1520212888888888,0.0563392444444444,0.0033508,0.0274894666666666,0.0875151111111111,0.0425317777777777,0.0063274222222222,0.0048606666666666,4.2677499999999995,0.23049999999999998,0.09962099482220085,0.0155,0.004375,0.073,0.441875,0.20325000000000001,0.08825,0.006125,0.022150000000000003,0.0287301597226279,1.8862365820424503,0.6365966337512847,0.2833,0.005,0.08549757395197753,0.002375,0.04058028983700552,0.032872471004038124,0.05179051899656028,0.81275,0.18308975938413913,0.16122064597789415,0.026688674108280484,0.010531587224805385,0.013000000000000001,0.012375,0.2035875,0.3232933036422348,0.004625000000000001,0.009125,0.09262014464996446,0.28575264286879476,0.051875000000000004,0.06910714285714285,0.11788046742890039,0.035500000000000004,0.049,0.20768442490234415,0.005015237124201261,0.004,0.03592596776019258,0.01125,0.017750000000000002,0.011625,0.020436626375047263,0.012027332333653887,0.023,0.04350203279076341,0.02679728189290587,0.09066497552189241,0.0115,0.012625,0.0832983130862203,0.06988544136427641,0.017715333151231243,0.0027201088888888,0.003531152063492,0.0196872396825396,0.0041773653968253,0.0005504895238095,0.153159619047619,12600.0,12659.0,864.4241822222223,30.90100888888889,552.2344755555555,105.48390222222223,6.518053333333333,0.18382666666666667,0.03499555555555556,35.63465472888889,33.53683762666667,31.801446631111112,30.90643408,30.22143456888889,28.698836284444443,27.606628186666665,26.96932877777778,25.657611475555555,25.55503484888889,25.33744204,26.62037664,27.21577939111111,26.959702146666665,23.37116649777778,88.77231037333333,27.52017999111111,6.7965150577777775,1.7290531822222222,0.2525552711111111,0.20481612,0.1116500888888889,0.08834408444444444,0.06930126222222222,0.061947284444444445,0.05918823555555555,0.05121467111111111,0.04934901333333333,0.048279293333333334,0.05862856888888889,0.06854829333333333,0.04997091555555556,0.03958722666666667,0.027711644444444447,0.03179415555555556,0.05071579111111111,1.8659971595627702,13058696.829529451,1927.4554212041965,0.7344185849397127,0.2326735997751182,0.0,0.03729207105364393,2.1639245527463205,0.0282444444444444,0.05188218633684164,0.048216666666666665,0.0182334222222222,0.1687545031100499,0.0,0.0,0.0076444444444444,0.08816874999999999,0.3350547619047619,0.0315888888888888,0.0,1.9731938937688889,0.18694236286965293,0.0,0.0657634544563055,0.0,0.0495,0.22629193373017048,0.09722062252836303,0.14658220750793222,0.1626013427328883,0.052858848742360506,0.02103178017431255,0.015458306172152752,0.20714737973757152,0.009234695831093688,0.8788322154800201,0.04973571353903175,0.01660600901653238,0.4100512340421781,0.3583471894203729,0.010066666666666666,0.022436666666666667,0.5413142278591432,0.003167019257524433,0.0139375,0.11225575694606302,0.016928571428571418,0.0311166666666666,0.023833333333333248,0.0268125,0.0025,0.028088888888888816,0.0,0.03151388888888888,0.0,0.0,0.0,,,,0.005171377824841627,0.00625,0.25091877011167923,5.077367969028302,3.2470111428539963,53.9967657100993,431.5,916.59729,1.0,2024-07-28 03:30:00
2024-07-27 21:45:00,59.564,1.0,0.0371554177777777,0.4986465806705079,0.00905197825107347,0.04423215910238528,1.0332332977777778,6.988930666666667e-06,6.898397915427715e-10,2.498439979224302e-09,3.249601003733333e-36,2.947043240093982e-13,1.0470390597285386e-12,1.2370646922125825e-11,8.154765551822223e-37,6.763671441706499e-14,8.466759039621046e-11,6.298336473019401e-11,3.2014113099608092e-15,9.405932129122668e-09,4.420021548856036e-10,1.6280169192586667e-09,1.3569562390906667e-08,9.245955756752354e-13,5.4596425247737383e-14,0.356,1308.5617777777777,3.6563999999999997,0.04911111111111111,3.6563999999999997,40.73434,-111.87211,297.8504444444444,29.25777777777778,869.0693333333334,113.14942222222223,1.3111111111111111,433639.3777777778,1973.1204444444445,179.48666666666668,13071942.140888888,0.0010542933333333,0.0001717466666666,0.0009534844444444,0.0006805644444444,0.0002635377777777,0.0013401777777777,0.0130883511111111,0.0501517288888889,2.3038773333333333,3.1911062222222224,7.121176488888889,0.3063986222222222,1.0539403111111112,2.371261155555556,0.0022248444444444,0.1782664,3.0872504444444444,0.0139115555555555,0.22537653333333332,0.1691276444444444,0.1621159111111111,0.2342447999999999,0.0184381333333333,0.03599669384504377,0.1297746666666666,0.0494678666666666,0.0028096444444444,0.0223759555555555,0.0921862222222222,0.0424732888888888,0.0055647555555555,0.0046004888888888,4.298375,0.23475,0.12802128328840479,0.01625,0.0046875,0.073,0.4414375,0.202125,0.089625,0.0060625,0.028075000000000003,0.02523451946954542,2.1646182910212253,0.7712983168756424,0.33265,0.005,0.06324878697598876,0.0021875,0.038577283389085934,0.04593623550201906,0.07539525949828013,0.935875,0.21154487969206956,0.16276868234348277,0.029090856094305742,0.011374614087865838,0.0135,0.012687499999999999,0.23779375000000003,0.4506466518211174,0.0048125,0.0090625,0.0824235979835927,0.37837632143439737,0.0534375,0.08505357142857142,0.1549402337144502,0.03725,0.0515,0.2978422124511721,0.004188501081766002,0.004,0.03126328278427331,0.011625,0.018375,0.012312499999999999,0.017049386842571033,0.01054875002796243,0.0245,0.0472510163953817,0.028398640946452933,0.12233248776094621,0.01725,0.013312499999999998,0.10614915654311015,0.09094272068213821,0.014888943458547792,0.0026362933333333,0.0033312622222222,0.0193090977777777,0.0037931822222222,0.0005445555555555,0.1743305288888889,13500.0,13559.0,864.4963066666667,30.828666666666667,541.8642355555555,104.61127111111111,6.525595555555555,0.1855822222222222,0.034875555555555555,32.823567671111114,31.409144502222222,30.026456306666667,29.68585464,29.110151168888887,28.10914639555556,27.02725892,26.595451986666667,25.54003872,25.393802466666667,25.39175335111111,26.466342693333335,27.40569941777778,27.217692853333336,23.536703582222223,89.09137762222221,27.53791171111111,6.53590292,1.6763539777777778,0.23919817333333335,0.1870897377777778,0.10844236888888889,0.08308719555555556,0.06641813777777777,0.061130177777777774,0.056523555555555556,0.05169450222222222,0.04184126666666667,0.047376911111111114,0.05404254666666666,0.07389901333333333,0.050831417777777776,0.04798911555555555,0.030063671111111114,0.029463115555555554,0.054548728888888884,1.7705262125194814,12890507.386315279,1921.9411069299895,0.8548028774095691,0.2567103996626773,0.0,0.037878594528053644,2.435861829119481,0.0282444444444444,0.05245276198107228,0.0450625,0.0184381333333333,0.1706852433496376,0.0,0.0,0.0076444444444444,0.12108437499999998,0.338825,0.0315888888888888,0.0,1.8819676917936508,0.22133854430447944,0.0,0.08003803882731542,0.0,0.07425000000000001,0.2470379005952557,0.11652260045921123,0.1820066445952317,0.1957020140993324,0.05527577311354077,0.026397670261468824,0.023187459258229126,0.2431335696063573,0.013852043746640532,1.0349983232200302,0.05106357030854763,0.024909013524798573,0.4686643510632671,0.41973078413055936,0.00906,0.021645,0.6230013417887148,0.0047505288862866495,0.01254375,0.08601363541909451,0.020842857142857125,0.030139285714285653,0.021449999999999924,0.025662499999999998,0.00375,0.029499999999999926,0.0,0.031445833333333326,0.0,0.0,0.0,,,,0.006035090756288941,0.006125,0.25096813721385136,3.588278403294046,2.0153711468298297,56.17103701958247,424.0,851.26813,1.0,2024-07-28 03:45:00
2024-07-27 22:00:00,49.8,1.0,0.1271588533333333,0.5001450690601834,0.009040782542251194,0.044534239353896,1.224507088888889,6.018056444444445e-06,8.32888888888889e-22,1.760888888888889e-20,0.0,1.7324464043416339e-40,1.0973333338281427e-36,1.7391111111111223e-30,0.0,1.910537867970941e-43,2.3346666666666663e-24,2.668444444444401e-30,1.6164444262675556e-40,4.928888888888889e-19,1.991111111111112e-27,1.2168888888888888e-18,2.048888888888889e-18,2.742222222222225e-30,7.937775662835858e-41,0.356,1308.3182222222224,3.8288,0.0504,3.8288,40.73434,-111.87211,297.4473333333333,30.749333333333333,869.2466666666667,99.02226666666667,0.836,446001.2444444445,2032.732,283.60400000000004,13646245.26088889,0.0011279422222222,0.0002059244444444,0.0013631466666666,0.0054876488888888,0.0003178977777777,0.0039762088888888,0.1058536311111111,0.0518865866666667,9.558270666666669,10.937284444444444,11.057940073015876,0.3346673873015872,2.417936491819292,6.067346688888889,0.0027133936507936,0.2563610253968253,3.918273168253968,0.0028836031746031,0.14989665372405372,0.1877742952380952,0.4242580444444444,0.5872562888888889,0.0708081111111111,0.0428101904761904,0.3401515587301587,0.1411712698412698,0.0340384126984127,0.0518644793650793,0.079237365079365,0.0784759968253968,0.0178074126984126,0.0107197936507936,4.329,0.239,0.232,0.017,0.005,0.073,0.441,0.201,0.091,0.006,0.034,0.076,2.443,0.906,0.382,0.005,0.041,0.002,0.03,0.059,0.099,1.059,0.24,0.413,0.011,0.006,0.014,0.013,0.272,0.578,0.005,0.009,0.225,0.471,0.055,0.101,0.192,0.039,0.054,0.388,0.016,0.004,0.099,0.012,0.019,0.013,0.065,0.034,0.026,0.051,0.03,0.154,0.023,0.014,0.129,0.112,0.058,0.0023539422222222,0.0026667822222222,0.0157340488888888,0.0040036933333333,0.00077332,0.1449815777777778,14400.0,14459.0,864.6796222222222,30.87331111111111,625.0674044444444,119.90729777777779,7.468128888888889,0.18536000000000002,0.040440000000000004,41.86375390222222,38.95894279555556,36.43173225333333,35.168978848888884,33.89857825333333,32.18990750666667,30.84410118222222,29.987618546666667,28.81754776888889,28.498847795555555,28.336831831111112,29.806188573333333,31.013651324444442,30.371356484444444,26.062780324444443,99.13887760000001,31.755280644444444,8.277481604444445,2.085146542222222,0.28549174666666666,0.24728745333333332,0.1300479022222222,0.10142913777777778,0.08366202222222222,0.08692553777777777,0.06332413333333334,0.06383044,0.05948555111111111,0.059836737777777774,0.06521700888888889,0.08221697777777777,0.05637785777777778,0.0527008,0.032753142222222226,0.03239800888888889,0.05684775555555556,2.4147443386206424,13456839.34606189,1981.247731606623,0.9751871698794254,0.2807471995502364,0.0,0.03846511800246336,2.7077991054926414,0.0282444444444444,0.05302333762530292,0.04190833333333333,0.0708081111111111,0.1726159835892253,0.0,0.0,0.0076444444444444,0.154,0.3425952380952381,0.0315888888888888,0.0,2.4975431595971305,0.25573472573930595,0.0,0.09431262319832531,0.0,0.099,0.26778386746034094,0.13582457839005943,0.21743108168253117,0.22880268546577653,0.05769269748472102,0.0317635603486251,0.030916612344305504,0.27911975947514306,0.018469391662187376,1.1911644309600402,0.052391427078063504,0.03321201803306476,0.5272774680843562,0.48111437884074587,0.008053333333333332,0.020853333333333335,0.7046884557182864,0.006334038515048866,0.01115,0.059771513892126024,0.024757142857142832,0.0291619047619047,0.0190666666666666,0.0245125,0.005,0.03091111111111103,0.0,0.03137777777777777,0.0,0.0,0.0,,,,0.0036407791897868583,0.006,0.2519943708851693,14.0,12.7,42.0,420.0,795.0296,1.0,2024-07-28 04:00:00
2024-07-27 22:15:00,45.25911111111111,1.0,0.1751838365079365,0.501643557449859,0.009029586833428919,0.04483631960540671,1.346851437460317,3.6296151172161175e-06,0.0,0.0,0.0,0.0,0.0,0.0,0.0,0.0,0.0,0.0,0.0,0.0,0.0,0.0,0.0,0.0,0.0,0.356,1307.9622222222222,3.813822222222222,0.05195555555555555,3.813822222222222,40.73434,-111.87211,296.97088888888885,31.926222222222222,869.3493333333333,105.26022222222223,0.6057777777777779,450142.8888888889,2062.3631111111117,296.06666666666666,13883932.024888888,0.0011559971428571,0.0001319996825396,0.0016762885714285,0.0098071412698412,0.0003086403174603,0.0059341695238095,0.182017786031746,0.0465197333333333,12.487254666666669,14.554822222222224,14.645967096895696,0.3508939601676102,3.1527288386002885,9.529968640762942,0.0034446313094313,0.3181492908905909,4.417453323803973,0.0014505999999999627,0.08672183499278499,0.2053271714304214,0.4316035035742036,0.6589684406574906,0.0707687195915195,0.0578724971417471,0.384986041079291,0.1682870974155474,0.0399396756576756,0.0663631286953786,0.0823534254208754,0.0980451234450734,0.0222973912790912,0.0203787781348281,4.3713125,0.24056249999999998,0.24701290688237934,0.017687500000000002,0.0049375,0.073,0.4415625,0.202375,0.09168749999999999,0.0059375,0.03698749999999999,0.06533620971850941,2.6838818149626946,0.9006096745502024,0.37399375,0.005,0.036802567652767994,0.0019375,0.04889663411841402,0.06028724649169534,0.0941739711347323,1.1053291666666665,0.24891220826003085,0.4829182651845029,0.024034207518283404,0.009600023065435948,0.01468230052836334,0.012562499999999999,0.2744625,0.5692404312655763,0.0049375,0.008875,0.1993975216198644,0.5080958702597089,0.0546875,0.09585357142857143,0.18239735229130996,0.0389375,0.05364124958970345,0.388691318353051,0.018484344473205887,0.004,0.08475321169441534,0.0115625,0.0183125,0.01275,0.07562122041467056,0.03611625888031108,0.025187499999999998,0.05200474613185423,0.03010670361640008,0.14527629357819505,0.021777083333333325,0.0136875,0.12280103102771317,0.10630555430374661,0.06376261333117418,0.0022999669841269,0.0024233123809523,0.0148174069841269,0.0044985063492063,0.0009950657142857,0.1038249504761904,15300.0,15359.0,864.8010755555556,30.959342222222222,658.9257377777777,127.32789333333334,8.038057777777777,0.18816,0.04356444444444444,45.11719347555556,41.65841260444445,38.43224945777778,37.06135457333333,35.54566796444444,33.902943075555555,32.14183824888889,31.450936786666666,30.06941203111111,29.628324324444446,29.778151275555555,31.12470280888889,32.43608596,31.807423995555556,27.311373444444445,104.09829106666666,33.88696258222222,9.359576982222222,2.324747533333333,0.3388165911111111,0.2782353688888889,0.16153854666666667,0.1215851288888889,0.10876696444444445,0.09498927555555554,0.07156520888888888,0.06144021777777778,0.06745710222222222,0.06844262666666667,0.08182945777777778,0.08586647555555556,0.061786742222222225,0.05397021333333333,0.03279218222222222,0.03759378666666666,0.06344996444444444,2.767810807595746,13691227.086915446,2010.7272707503478,0.9703700236444972,0.28539754960645686,0.0,0.03905164147687308,2.943105467306061,0.0282444444444444,0.053593913269533555,0.038754166666666666,0.0707687195915195,0.174546723828813,0.0,0.0,0.0076444444444444,0.1461765625,0.3463654761904762,0.0315888888888888,0.0,2.834911898537183,0.24413038502189272,0.0,0.09000211672710608,0.0,0.09455000000000001,0.27428171736113166,0.13060483942463533,0.20825219647221477,0.21982318311588778,0.05834048529913089,0.03503061530504695,0.030712973301267314,0.2806922895407502,0.01781280103774728,1.220973043756702,0.052479998693305566,0.03403015863607452,0.5507521595738116,0.48158508148565266,0.007046666666666666,0.020061666666666665,0.6990698987535007,0.005542283700667758,0.009756250000000001,0.05482007465561027,0.02867142857142854,0.02818452380952375,0.016683333333333276,0.0233625,0.00625,0.03232222222222214,0.0,0.031309722222222204,0.0,0.0,0.0,,,,0.0042169550820131685,0.0058125,0.2488196751433971,13.741800896579075,10.530016605453866,42.95957838884334,420.0,746.98401,1.0,2024-07-28 04:15:00
2024-07-27 22:30:00,45.50488888888889,1.0,0.1878444479365079,0.5031420458395346,0.009018391124606643,0.04513839985691743,1.349864104126984,3.257207186813187e-06,0.0,0.0,0.0,0.0,0.0,0.0,0.0,0.0,0.0,0.0,0.0,0.0,0.0,0.0,0.0,0.0,0.0,0.356,1308.0582222222222,3.4243555555555556,0.05213333333333334,3.4243555555555556,40.73434,-111.87211,296.8953333333333,32.10888888888889,869.4226666666667,117.78364444444445,0.5626666666666666,449731.5111111111,2080.3151111111115,281.5191111111111,13906898.920444444,0.0011680092063492,0.0001096387301587,0.0017995342857142,0.0132847923809523,0.0003499955555555,0.0087831295238095,0.2985501558730158,0.0206557815950716,11.940578356532356,13.858586594516591,12.55707087900248,0.3449452694213194,3.111636454136604,10.753035418261367,0.0022398048285048,0.331472642022792,4.467877378576978,1.7596825396825397e-05,0.06036450415325415,0.2113547188977689,0.4089694722000221,0.60805384003219,0.0626643281866281,0.0541099923557923,0.3617969310282311,0.1599451507011507,0.0320677601047101,0.0709525757964257,0.0656102081751581,0.0997662788600288,0.0205714573611573,0.0305923576035076,4.413625,0.24212499999999998,0.23701890264242656,0.018375000000000002,0.004875,0.073,0.442125,0.20375000000000001,0.092375,0.005875,0.039974999999999976,0.06169247514532675,2.9247636299253896,0.8952193491004048,0.3659875,0.005,0.03260513530553599,0.001875,0.05061489901113838,0.06157449298339068,0.08934794226946459,1.1516583333333332,0.2578244165200617,0.4445396900586315,0.015423781883128138,0.0065782619519780235,0.015364601056726677,0.012125,0.27692500000000003,0.5604808625311526,0.004875,0.008749999999999999,0.18876899381796403,0.545191740519418,0.054375,0.09070714285714285,0.17279470458261992,0.038875,0.0532824991794069,0.38938263670610196,0.01748067559690427,0.004,0.0798929900409901,0.011125,0.017625,0.012499999999999999,0.07150906523959115,0.03432123971445802,0.024374999999999997,0.05300949226370846,0.03021340723280016,0.13655258715639013,0.02055416666666665,0.013375,0.11660206205542634,0.10061110860749321,0.06033133754151582,0.0024970523809523,0.0026446114285714,0.0156518368253968,0.0049386673015873,0.0009135688888888,0.1097841542857143,16200.0,16259.0,864.8781644444445,30.94060888888889,662.4291644444444,128.6468622222222,8.127386666666666,0.1882,0.04403111111111111,44.419342906666664,41.06805730222222,38.24722280444444,36.946333546666665,35.49317507111111,33.93247074222222,32.196692417777776,31.476942346666664,30.45031955111111,30.02500404,29.899269124444444,31.797669657777774,32.82428488,32.17252436,27.810058182222225,105.71498898666667,34.25444095111111,9.493086364444444,2.3740937733333336,0.3423186133333333,0.30114429333333337,0.1651494711111111,0.11988656,0.10833187555555555,0.08827,0.08163073333333333,0.07202872888888888,0.06959143111111112,0.06710051111111112,0.07457475555555555,0.09189025777777778,0.0632104,0.05506221333333334,0.034310733333333336,0.03859827111111112,0.060141195555555554,2.8627072453012197,13713875.208641259,2028.587440918239,0.9655528774095691,0.2900478996626773,0.0,0.03963816495128279,3.178411829119481,0.0282444444444444,0.05416448891376419,0.0356,0.0626643281866281,0.1764774640684007,0.0,0.0,0.0076444444444444,0.138353125,0.35013571428571433,0.0315888888888888,0.0,2.9255891345022222,0.23252604430447946,0.0,0.08569161025588684,0.0,0.0901,0.2807795672619224,0.12538510045921122,0.19907331126189837,0.21084368076599905,0.05898827311354077,0.0382976702614688,0.030509334258229128,0.2822648196063573,0.017156210413307182,1.2507816565533634,0.05256857030854763,0.03484829923908427,0.5742268510632671,0.4820557841305594,0.00604,0.01927,0.6934513417887148,0.0047505288862866495,0.0083625,0.04986863541909452,0.032585714285714246,0.0272071428571428,0.01429999999999995,0.0222125,0.0075,0.03373333333333325,0.0,0.031241666666666647,0.0,0.0,0.0,,,,0.0011210464416130748,0.005625,0.23352017423494553,13.196727289876348,10.008338703121916,43.186569522342346,420.0,705.80292,1.0,2024-07-28 04:30:00
2024-07-27 22:45:00,44.33822222222223,1.0,0.1984931095238095,0.5046405342292103,0.009007195415784368,0.04544048010842815,1.4120655190476188,3.263711944499944e-06,0.0,0.0,0.0,0.0,0.0,0.0,0.0,0.0,0.0,0.0,0.0,0.0,0.0,0.0,0.0,0.0,0.0,0.356,1308.136,3.2248444444444444,0.052755555555555556,3.2248444444444444,40.73434133333333,-111.87211,296.71577777777776,32.93555555555555,869.5306666666667,144.2517777777778,0.5808888888888889,449820.1333333333,2158.9186666666665,278.42533333333336,14183420.084444446,0.0011143542857142,8.58488888888889e-05,0.0014264292063492,0.0123819441269841,0.0003677161904761,0.0072746234920634,0.2555447384126984,0.0182731262328412,11.764211603341105,13.73857427997928,11.939816533333332,0.3486217777777777,3.0590030666666665,9.67075968888889,0.0043014222222222,0.3352089333333333,4.704874533333334,0.0001497777777777,0.03992608888888889,0.1984212444444444,0.4183081777777778,0.6648256444444445,0.061782,0.0384010222222222,0.3987173777777777,0.1819903111111111,0.0262379111111111,0.0697923555555555,0.0549426666666666,0.0981770666666666,0.0147476,0.0214095555555555,4.4559375,0.2436875,0.24114238650603131,0.019062500000000003,0.0048125,0.073,0.4426875,0.205125,0.09306249999999999,0.0058125,0.042962499999999966,0.06749383224710666,3.165645444888084,0.8898290236506071,0.35798125000000003,0.005,0.028407702958303985,0.0018125,0.04692797075143039,0.06286173947508603,0.08452191340419689,1.1979875,0.26673662478009263,0.4873333275203439,0.00993785456576668,0.004653018933656492,0.016046901585090017,0.0116875,0.2793875,0.5517212937967289,0.0048125,0.008624999999999999,0.20569116089863657,0.5822876107791269,0.0540625,0.08556071428571428,0.1631920568739299,0.0388125,0.05292374876911035,0.390073955059153,0.020133059043368665,0.004,0.08763117207346867,0.0106875,0.0169375,0.012249999999999999,0.08237620735509084,0.03906491487866049,0.0235625,0.0540142383955627,0.03032011084920024,0.12782888073458518,0.019331249999999973,0.0130625,0.11040309308313949,0.09491666291123982,0.069399128044575,0.0023879222222222,0.0022053444444444,0.0148353841269841,0.0046110587301587,0.0008114603174603,0.107271533015873,17100.0,17159.0,864.9821422222223,30.970608888888886,669.7291866666667,132.1851111111111,8.42512,0.1899511111111111,0.04575111111111111,42.84220073777778,39.62263621777778,37.100733955555555,36.335922546666666,35.072318182222226,33.65383648,32.10493578222222,31.747638817777776,30.730572542222223,30.596418484444442,30.792967066666666,32.74869419555556,33.95304760444444,33.64837085333333,28.68076288,109.94696674222222,35.91746973333333,9.939213106666667,2.4035121555555556,0.35625498666666666,0.28648399999999996,0.1770566311111111,0.12208474222222222,0.12158007555555556,0.09424562222222223,0.08464876444444444,0.07818515555555555,0.07110517333333334,0.06426761777777777,0.07621538222222222,0.09307900444444445,0.06205171555555555,0.059820875555555555,0.03157461777777778,0.044345102222222224,0.0679675688888889,2.8295640729436866,13986558.339318898,2106.7889158527037,0.960735731174641,0.29469824971889774,0.0,0.040224688425692504,3.413718190932901,0.0282444444444444,0.05473506455799483,0.032445833333333333,0.061782,0.17840820430798837,0.0,0.0,0.0076444444444444,0.1305296875,0.3539059523809524,0.0315888888888888,0.0,2.8939195446507937,0.2209217035870662,0.0,0.08138110378466759,0.0,0.08565,0.2872774171627131,0.12016536149378712,0.18989442605158197,0.20186417841611032,0.05963606092795064,0.04156472521789065,0.030305695215190942,0.2838373496719644,0.016499619788867086,1.280590269350025,0.05265714192378969,0.03566643984209403,0.5977015425527226,0.48252648677546617,0.005033333333333333,0.018478333333333333,0.687832784823929,0.0039587740719055405,0.006968749999999999,0.044917196182578764,0.036499999999999956,0.026229761904761853,0.011916666666666624,0.021062499999999998,0.00875,0.03514444444444435,0.0,0.03117361111111109,0.0,0.0,0.0,,,,0.0017742394570741476,0.0054375,0.23211074391092262,13.020877595125926,9.918415450116115,42.10907996459394,420.0,670.09644,1.0,2024-07-28 04:45:00
2024-07-27 23:00:00,49.21644444444444,1.0,0.1513370663492063,0.5061390226188859,0.008995999706962092,0.04574256035993886,1.3993163215873017,3.1221662595182597e-06,0.0,0.0,0.0,0.0,0.0,0.0,0.0,0.0,0.0,0.0,0.0,0.0,0.0,0.0,0.0,0.0,0.0,0.356,1307.2342222222221,2.9488444444444446,0.04466666666666667,2.9488444444444446,40.73434133333333,-111.87211,297.08155555555555,33.10044444444444,869.8244444444445,153.14608888888887,0.6595555555555556,443687.6,2202.0444444444443,256.6537777777778,14503962.534666669,0.0012475403174603,8.452698412698415e-05,0.0012169809523809,0.0062735298412698,0.0004223736507936,0.0044041003174603,0.1394315866666667,0.0127346897460317,8.468136761904761,10.314715238095236,10.387955066666668,0.3449271111111111,2.6337323111111117,7.9077056444444445,0.0061212444444444,0.3016673333333333,4.417535466666666,0.0013124444444444,0.06779528888888889,0.1765442666666666,0.4430825777777778,0.6851113777777778,0.0613138222222222,0.0324428888888888,0.3965207555555555,0.1584440444444444,0.0237486666666666,0.0633891555555555,0.0486517333333333,0.0806280888888888,0.0104016888888888,0.0109299555555555,4.49825,0.24525,0.2520814655657483,0.01975,0.00475,0.073,0.44325000000000003,0.20650000000000002,0.09375,0.00575,0.04594999999999995,0.06714867418292443,3.4065272598507788,0.8844386982008094,0.34997500000000004,0.005,0.024210270611071977,0.00175,0.04069152996384608,0.06414898596678137,0.07969588453892919,1.2443166666666665,0.2756488330401235,0.5026243743154718,0.006702657121485704,0.0035176518512706227,0.016729202113453356,0.01125,0.28185000000000004,0.5429617250623052,0.00475,0.008499999999999999,0.20468435812320646,0.6193834810388359,0.05375,0.0804142857142857,0.15358940916523986,0.03875,0.0525649983588138,0.39076527341220396,0.017300068637706414,0.004,0.08717078049891785,0.01025,0.01625,0.012,0.07076909625235153,0.03399823183715769,0.02275,0.055018984527416936,0.03042681446560032,0.11910517431278024,0.0181083333333333,0.012750000000000001,0.10420412411085266,0.08922221721498644,0.05971389059145897,0.0022532155555555,0.0019245339682539,0.0134175453968253,0.0044196114285714,0.0005306568253968,0.1055451831746031,18000.0,18059.0,865.2482933333333,31.001728888888888,652.5959955555555,131.10938222222222,8.054120000000001,0.18326222222222224,0.04571111111111111,36.502559742222225,34.673640604444444,33.20175139111111,32.85086827111111,32.56144596888889,31.740922395555558,30.893145466666667,30.96679275111111,30.435384097777778,30.509105533333337,31.10061755111111,33.38947756888889,34.825607444444444,34.643397893333336,29.661512151111108,113.51316583555555,36.93894206222222,10.183481382222222,2.332040991111111,0.3409367644444445,0.2719614488888889,0.15297536,0.11444774666666667,0.09316754666666666,0.086624,0.07899819555555557,0.06311944888888889,0.05623386666666667,0.05307524888888889,0.06920499555555557,0.07777377333333332,0.05384616,0.04411838666666667,0.03406992444444445,0.02941912,0.05213925333333334,2.526520164217898,14302651.75357082,2149.6940924198702,0.9559185849397127,0.2993485997751182,0.0,0.04081121190010222,3.6490245527463205,0.0282444444444444,0.05530564020222547,0.029291666666666667,0.0613138222222222,0.18033894454757607,0.0,0.0,0.0076444444444444,0.12270624999999999,0.3576761904761905,0.0315888888888888,0.0,2.604349306992533,0.20931736286965297,0.0,0.07707059731344836,0.0,0.0812,0.2937752670635038,0.11494562252836302,0.18071554084126557,0.19288467606622156,0.06028384874236051,0.0448317801743125,0.030102056172152752,0.28540987973757154,0.015843029164426987,1.3103988821466865,0.05274571353903175,0.03648458044510378,0.621176234042178,0.48299718942037295,0.004026666666666666,0.017686666666666667,0.6822142278591432,0.003167019257524433,0.005575,0.03996575694606301,0.040414285714285667,0.0252523809523809,0.0095333333333333,0.0199125,0.01,0.036555555555555466,0.0,0.031105555555555532,0.0,0.0,0.0,,,,0.0024274324725352204,0.00525,0.22883455027590316,11.0,9.6,41.0,388.5,639.02484,1.0,2024-07-28 05:00:00
2024-07-27 23:15:00,44.85955555555555,1.0,0.1847569050793651,0.5076375110085615,0.008984803998139817,0.046044640611449576,1.6062901390476192,3.6559185333333335e-06,0.0,0.0,0.0,0.0,0.0,0.0,0.0,0.0,0.0,0.0,0.0,0.0,0.0,0.0,0.0,0.0,0.0,0.356,1307.3751111111112,2.115866666666667,0.04435555555555556,2.115866666666667,40.73434022222223,-111.87211,297.27666666666664,36.79288888888889,870.5377777777777,192.66502222222223,0.5684444444444445,442184.1777777778,2223.478666666667,246.06755555555557,16618567.727555558,0.0010973295238095,9.661301587301588e-05,0.0011032866666666,0.0034660123809523,0.0003200352380952,0.0056200073015873,0.0917374168253968,0.0209504577777778,8.629872888888888,10.36561911111111,12.499058266666667,0.3412379555555555,2.801257777777778,7.291373733333333,0.0123708444444444,0.3702508,4.5102508,0.0433290666666666,0.11953937777777777,0.2218839111111111,0.4735734666666666,0.7830083999999999,0.0774018666666666,0.0354623555555555,0.577148,0.2542508888888889,0.0301117333333333,0.0998142222222222,0.0762079555555555,0.0998799111111111,0.0110645333333333,0.0072099111111111,4.5405625,0.2468125,0.26554464708201514,0.0204375,0.0046875,0.073,0.4438125,0.207875,0.0944375,0.0056875,0.04893749999999994,0.09553086452967531,3.6474090748134738,0.8790483727510118,0.34196875,0.005,0.02001283826383997,0.0016875,0.053616441749198995,0.06543623245847673,0.07486985567366147,1.290645833333333,0.28456104130015436,0.5764175137256168,0.0208738166273416,0.008490908754224272,0.017411502641816692,0.0108125,0.2843125,0.5342021563278816,0.0046875,0.008375,0.28747329159806756,0.656479351298545,0.0534375,0.07526785714285712,0.14398676145654982,0.0386875,0.052206247948517255,0.39145659176525494,0.028827155922932945,0.004,0.12502856989723493,0.0098125,0.0155625,0.01175,0.11799699456897897,0.054613937964947096,0.0219375,0.056023730659271166,0.0305335180820004,0.1103814678909753,0.016885416666666625,0.0124375,0.09800515513856582,0.08352777151873303,0.0991219229226223,0.0021327596825396,0.0017246568253968,0.0161691111111111,0.004717586031746,0.000597666031746,0.1066684619047619,18900.0,18959.0,865.9356977777777,31.023546666666668,595.0370266666667,118.79650222222222,7.0217600000000004,0.17599555555555557,0.04083111111111112,32.118605537777775,30.64014821333333,29.541451759999998,29.457967226666664,29.193057319999998,28.689516204444445,28.035291168888886,28.021368182222222,27.54167088888889,27.745727213333332,28.30703029777778,30.363777022222223,31.82370756,31.98756065777778,28.139829435555555,108.19895089333335,33.67587196,8.264148182222222,1.9716893733333334,0.28749755555555556,0.21919577333333334,0.11961994222222222,0.10227643555555556,0.07846563111111111,0.06351716888888889,0.0527362,0.04512997333333334,0.03661724444444445,0.04283819111111111,0.04959422666666667,0.05729013777777778,0.04497414222222222,0.035736795555555555,0.024873875555555553,0.022142288888888886,0.03711182222222222,2.555575151056944,16387906.84147479,2171.018672205147,0.9511014387047845,0.3039989498313387,0.0,0.04139773537451194,3.8843309145597407,0.0282444444444444,0.055876215846456107,0.0261375,0.0774018666666666,0.18226968478716377,0.0,0.0,0.0076444444444444,0.11488281249999999,0.3614464285714286,0.0315888888888888,0.0,2.632112476625331,0.19771302215223974,0.0,0.07276009084222912,0.0,0.07675,0.30027311696429454,0.10972588356293891,0.17153665563094916,0.1839051737163328,0.060931636556770384,0.048098835130734346,0.029898417129114563,0.2869824098031787,0.015186438539986892,1.3402074949433482,0.05283428515427382,0.03730272104811354,0.6446509255316336,0.4834678920652797,0.00302,0.016895,0.6765956708943575,0.0023752644431433243,0.004181250000000001,0.03501431770954726,0.04432857142857137,0.02427499999999995,0.007149999999999976,0.0187625,0.01125,0.03796666666666657,0.0,0.031037499999999975,0.0,0.0,0.0,,,,0.0030806254879962927,0.0050625,0.23369448628790002,9.895727893111744,7.391115629287626,42.59056386982779,321.0,613.22217,1.0,2024-07-28 05:15:00
2024-07-27 23:30:00,38.37288888888889,1.0,0.2432612482539682,0.5091359993982371,0.008973608289317541,0.046346720862960294,1.6601555501587302,3.832460870085471e-06,0.0,0.0,0.0,0.0,0.0,0.0,0.0,0.0,0.0,0.0,0.0,0.0,0.0,0.0,0.0,0.0,0.0,0.356,1308.768,2.3773333333333335,0.04875555555555556,2.3773333333333335,40.73434168888889,-111.87211,296.3802222222222,40.77288888888889,870.6284444444444,129.16257777777778,1.044888888888889,443841.1111111111,2172.588,228.81333333333333,17945308.111555558,0.0008196415873015,0.000104073015873,0.0009075393650793,0.0062331796825396,0.0001701958730158,0.0013749523809523,0.1254248746031746,0.0826529688888889,10.54596222222222,12.368177777777776,15.643964222222223,0.3182491111111111,2.7191268444444447,7.112289555555555,0.0137205333333333,0.4067013777777777,4.259703955555556,0.0714052444444444,0.1478788,0.251658,0.3895441333333333,0.5891465777777778,0.0705949333333333,0.0649505777777777,0.3855068,0.1620398666666666,0.0398328888888888,0.1346976888888888,0.0992801777777777,0.1146332444444444,0.0118997777777777,0.0066044,4.582875,0.248375,0.2284416891630082,0.021125,0.004625,0.073,0.444375,0.20925000000000002,0.095125,0.005625,0.05192499999999993,0.06541803723493857,3.8882908897761683,0.8736580473012141,0.3339625,0.005,0.015815405916607964,0.0016250000000000001,0.062104101436289846,0.06672347895017207,0.07004382680839377,1.3369749999999998,0.2934732495601853,0.4302877117273917,0.032739018563548695,0.012654907995768128,0.018093803170180032,0.010374999999999999,0.286775,0.5254425875934579,0.004625,0.00825,0.19963620696202095,0.6935752215582539,0.053125,0.07012142857142856,0.13438411374785977,0.038625,0.0518474975382207,0.39214791011830596,0.0177327032459963,0.004,0.08486235791766716,0.009375,0.014875,0.0115,0.07254165360209552,0.034771980462853146,0.021124999999999998,0.0570284767911254,0.03064022169840048,0.10165776146917035,0.01566249999999995,0.012125,0.09180618616627897,0.07783332582247965,0.06119295275254097,0.0020080517460317,0.0016370901587301,0.0194223225396825,0.0051960428571428,0.000769652063492,0.1006460965079365,19800.0,19859.0,866.09096,30.92192,473.43117777777775,91.05254666666666,5.2233422222222226,0.17101777777777777,0.03009777777777778,29.519438213333334,27.478626653333333,26.00925204,25.26960765333333,24.267051373333334,23.479084066666665,22.51371245777778,22.208309311111112,21.3101282,21.166364586666667,21.361996582222222,22.50082186666667,23.50159300888889,23.786721448888887,21.614140826666667,84.94240504,25.077447595555554,5.065751608888889,1.3982835422222224,0.20276358666666666,0.15816304444444446,0.09730224888888889,0.06992681777777777,0.05696536,0.04875708,0.039520573333333336,0.03640832888888889,0.02986173333333333,0.028486960000000002,0.04015274222222222,0.04251954666666667,0.030803804444444447,0.021153257777777778,0.017164453333333333,0.016794431111111112,0.023748822222222223,2.452988905864336,17696232.454864617,2120.388326470739,0.9462842924698563,0.3086492998875591,0.0,0.04198425884892165,4.11963727637316,0.0282444444444444,0.056446791490686744,0.022983333333333335,0.0705949333333333,0.18420042502675144,0.0,0.0,0.0076444444444444,0.107059375,0.3652166666666667,0.0315888888888888,0.0,2.534087330613333,0.18610868143482648,0.0,0.06844958437100987,0.0,0.0723,0.30677096686508526,0.10450614459751481,0.1623577704206328,0.17492567136644407,0.061579424371180254,0.0513658900871562,0.029694778086076377,0.2885549398687858,0.014529847915546795,1.37001610774001,0.05292285676951588,0.03812086165112329,0.6681256170210891,0.48393859471018646,0.0020133333333333323,0.016103333333333334,0.6709771139295716,0.0015835096287622162,0.0027875,0.030062878473031504,0.048242857142857073,0.023297619047619,0.004766666666666652,0.0176125,0.0125,0.03937777777777768,0.0,0.030969444444444418,0.0,0.0,0.0,,,,0.007346800326603224,0.004875,0.27019384394025986,11.806199783558256,8.891599894888907,36.59972192874665,253.5,594.07953,1.0,2024-07-28 05:30:00
2024-07-27 23:45:00,42.51155555555556,1.0,0.2090800577777777,0.5106344877879126,0.008962412580495266,0.046648801114471006,1.6063304088888888,2.4306876717948715e-06,0.0,0.0,0.0,0.0,0.0,0.0,0.0,0.0,0.0,0.0,0.0,0.0,0.0,0.0,0.0,0.0,0.0,0.356,1309.544,3.254088888888889,0.04697777777777778,3.254088888888889,40.73434008888889,-111.87211,295.27577777777776,40.30577777777778,869.908,111.44826666666667,2.3280000000000003,446249.5111111112,2197.7542222222223,240.252,16302468.552444443,0.0009399111111111,0.0001320088888888,0.0010470311111111,0.0092496,0.0002057777777777,0.0074007288888888,0.1496974088888888,0.1980739288888889,9.824512,12.047525333333333,12.982517688888889,0.3394986222222222,2.6612952,5.666344177777777,0.0069690666666666,0.3785019555555556,4.047329022222223,0.0196511555555555,0.11474928888888888,0.2319173333333333,0.3539373333333333,0.4574864888888889,0.0579586222222222,0.0631655555555555,0.2795852888888889,0.1291159999999999,0.0264572,0.1023063111111111,0.0698414222222222,0.1013586222222222,0.0081220888888888,0.0073660444444444,4.6251875,0.2499375,0.21271958891987292,0.021812500000000002,0.0045625,0.073,0.4449375,0.210625,0.0958125,0.0055625,0.05491249999999992,0.04877445448297067,4.129172704738863,0.8682677218514165,0.32595625,0.005,0.01161797356937596,0.0015625,0.05647665599914359,0.06801072544186741,0.06521779794312607,1.3833041666666666,0.30238545782021614,0.33104453687294294,0.017599740861859586,0.00734189763098145,0.01877610369854337,0.0099375,0.28923750000000004,0.5166830188590341,0.0045625,0.008125,0.1510879994980486,0.7306710918179629,0.0528125,0.06497499999999998,0.12478146603916974,0.0385625,0.05148874712792416,0.39283922847135694,0.013771438400728411,0.004,0.06266219496478943,0.008937500000000001,0.014187499999999999,0.01125,0.05631186296302289,0.02768742649673115,0.020312499999999997,0.05803322292297963,0.03074692531480056,0.09293405504736542,0.014439583333333275,0.0118125,0.08560721719399214,0.07213888012622625,0.04765044637326791,0.0023060933333333,0.0018952222222222,0.0192458444444444,0.0053132533333333,0.0006592666666666,0.0956507777777777,20700.0,20759.0,865.4202266666667,30.89796888888889,561.3722933333333,110.41629777777779,6.421084444444444,0.17323111111111109,0.03728888888888889,32.148417315555555,30.493578004444444,29.039391613333336,28.556580133333334,28.011330773333334,27.182719764444446,26.353385315555556,26.581611626666664,25.652850164444445,25.78152429777778,26.148199102222225,27.892095724444445,29.072657044444444,29.42530072888889,26.318845186666668,101.82745945333333,30.892560066666668,7.0096278977777775,1.7789165466666668,0.25578338666666667,0.1986602222222222,0.11881261333333333,0.08796529777777778,0.06546381333333333,0.06309562222222223,0.05512318666666667,0.04401518222222222,0.037278453333333336,0.03711477333333334,0.04325566666666667,0.06444862666666666,0.03434770222222223,0.02578202666666667,0.02192504888888889,0.021326044444444445,0.030848573333333334,2.429682172663262,16076195.030967884,2145.4258159633778,0.9414671462349282,0.31329964994377957,0.0,0.04257078232333136,4.3549436381865805,0.0282444444444444,0.05701736713491738,0.01982916666666667,0.0579586222222222,0.18613116526633913,0.0,0.0,0.0076444444444444,0.0992359375,0.36898690476190477,0.0315888888888888,0.0,2.5118168408336508,0.17450434071741322,0.0,0.06413907789979063,0.0,0.06785,0.313268816765876,0.09928640563209071,0.1531788852103164,0.16594616901655534,0.06222721218559013,0.05463294504357805,0.02949113904303819,0.29012746993439287,0.013873257291106698,1.3998247205366714,0.05301142838475794,0.03893900225413305,0.6916003085105445,0.4844092973550932,0.0010066666666666661,0.015311666666666666,0.6653585569647857,0.0007917548143811081,0.0013937499999999992,0.02511143923651575,0.05215714285714279,0.022320238095238053,0.002383333333333324,0.016462499999999998,0.01375,0.04078888888888879,0.0,0.030901388888888857,0.0,0.0,0.0,,,,0.0019034200998798972,0.0046875,0.3384696859401505,11.086864653439788,8.651340293198265,40.42203917131929,186.0,575.1427,1.0,2024-07-28 05:45:00
