Time [sec]	Time (UTC)	P [mB]	T [°F]	Hu [%]	Ws [mi/h]	Wd [°]	Ws U [mi/h]	Ws V [mi/h]	Geopot [m]	Dew [°F]
0         	17:00:11  	874.7 	30.0  	25    	0.0      	360   	0.0        	-0.0       	1288      	7.8
2         	17:00:13  	873.0 	28.5  	24    	1.7      	013   	-0.4       	-1.7       	1305      	5.8
4         	17:00:15  	871.3 	28.4  	24    	1.7      	013   	-0.4       	-1.7       	1323      	6.2
6         	17:00:17  	869.6 	28.3  	25    	1.7      	013   	-0.4       	-1.7       	1340      	6.5
8         	17:00:19  	868.3 	28.3  	26    	1.3      	018   	-0.4       	-1.2       	1357      	6.8
10        	17:00:21  	866.9 	28.2  	26    	1.0      	024   	-0.4       	-0.9       	1375      	7.1
12        	17:00:23  	865.5 	28.2  	27    	0.9      	032   	-0.5       	-0.8       	1382      	7.2
14        	17:00:25  	865.0 	28.1  	27    	0.9      	032   	-0.5       	-0.8       	1387      	7.2
16        	17:00:27  	864.5 	28.1  	27    	0.8      	040   	-0.5       	-0.6       	1392      	7.2
18        	17:00:29  	864.0 	28.1  	27    	0.8      	040   	-0.5       	-0.6       	1397      	7.3
20        	17:00:31  	863.2 	28.0  	27    	0.8      	040   	-0.5       	-0.6       	1406      	7.3
22        	17:00:33  	862.4 	27.9  	27    	0.8      	040   	-0.5       	-0.6       	1414      	7.3
24        	17:00:35  	861.6 	27.8  	27    	0.8      	040   	-0.5       	-0.6       	1423      	7.2
26        	17:00:37  	860.8 	27.7  	27    	0.8      	045   	-0.6       	-0.6       	1431      	7.2
28        	17:00:39  	860.1 	27.7  	28    	0.9      	049   	-0.7       	-0.6       	1438      	7.3
30        	17:00:41  	859.4 	27.6  	28    	1.3      	072   	-1.2       	-0.4       	1445      	7.4
32        	17:00:43  	858.8 	27.6  	28    	1.3      	072   	-1.2       	-0.4       	1452      	7.5
34        	17:00:45  	858.1 	27.6  	28    	1.3      	072   	-1.2       	-0.4       	1458      	7.5
36        	17:00:47  	857.5 	27.5  	28    	1.3      	072   	-1.2       	-0.4       	1464      	7.6
38        	17:00:49  	856.9 	27.4  	29    	1.3      	072   	-1.2       	-0.4       	1471      	7.6
40        	17:00:51  	856.3 	27.5  	29    	1.3      	072   	-1.2       	-0.4       	1477      	7.7
42        	17:00:53  	855.7 	27.3  	29    	1.3      	072   	-1.2       	-0.4       	1483      	7.7
44        	17:00:55  	855.0 	27.2  	29    	1.3      	072   	-1.2       	-0.4       	1489      	7.6
46        	17:00:57  	854.3 	27.2  	29    	1.3      	072   	-1.2       	-0.4       	1496      	7.6
48        	17:00:59  	853.7 	27.1  	29    	1.3      	072   	-1.2       	-0.4       	1504      	7.6
50        	17:01:01  	852.9 	27.0  	29    	1.2      	076   	-1.2       	-0.3       	1512      	7.5
52        	17:01:03  	852.2 	27.0  	29    	1.2      	076   	-1.2       	-0.3       	1520      	7.5
54        	17:01:05  	851.5 	27.0  	29    	1.1      	075   	-1.1       	-0.3       	1527      	7.5
56        	17:01:07  	850.9 	26.9  	29    	1.1      	075   	-1.1       	-0.3       	1533      	7.4
58        	17:01:09  	850.3 	26.8  	29    	1.1      	075   	-1.1       	-0.3       	1538      	7.4
60        	17:01:11  	849.8 	26.8  	29    	1.1      	080   	-1.1       	-0.2       	1544      	7.5
62        	17:01:13  	849.0 	26.7  	30    	1.1      	085   	-1.1       	-0.1       	1550      	7.6
64        	17:01:15  	848.3 	26.6  	30    	1.1      	090   	-1.1       	-0.0       	1558      	7.6
66        	17:01:17  	847.5 	26.6  	30    	1.2      	095   	-1.2       	0.1        	1568      	7.6
68        	17:01:19  	846.9 	26.6  	30    	1.2      	099   	-1.2       	0.2        	1578      	7.6
70        	17:01:21  	846.2 	26.5  	30    	1.2      	104   	-1.2       	0.3        	1583      	7.6
72        	17:01:23  	845.6 	26.5  	30    	1.3      	108   	-1.2       	0.4        	1588      	7.6
74        	17:01:25  	845.2 	26.4  	30    	1.3      	117   	-1.2       	0.6        	1592      	7.6
76        	17:01:27  	844.8 	26.3  	31    	1.4      	120   	-1.2       	0.7        	1596      	7.7
78        	17:01:29  	844.4 	26.4  	31    	1.4      	124   	-1.2       	0.8        	1600      	7.7
80        	17:01:31  	843.9 	26.3  	31    	1.4      	124   	-1.2       	0.8        	1605      	7.7
82        	17:01:33  	843.5 	26.2  	31    	1.4      	124   	-1.2       	0.8        	1609      	7.7
84        	17:01:35  	843.0 	26.1  	31    	1.4      	124   	-1.2       	0.8        	1615      	7.5
86        	17:01:37  	842.4 	26.1  	31    	1.4      	120   	-1.2       	0.7        	1620      	7.5
88        	17:01:39  	841.8 	25.9  	31    	1.4      	120   	-1.2       	0.7        	1625      	7.4
90        	17:01:41  	841.2 	25.9  	31    	1.4      	120   	-1.2       	0.7        	1633      	7.3
92        	17:01:43  	840.6 	25.9  	31    	1.4      	120   	-1.2       	0.7        	1641      	7.3
94        	17:01:45  	839.9 	25.8  	31    	1.3      	117   	-1.2       	0.6        	1648      	7.3
96        	17:01:47  	839.2 	25.7  	31    	1.3      	117   	-1.2       	0.6        	1655      	7.3
98        	17:01:49  	838.5 	25.6  	31    	1.2      	110   	-1.1       	0.4        	1661      	7.2
100       	17:01:51  	837.9 	25.5  	31    	1.1      	105   	-1.1       	0.3        	1668      	7.2
102       	17:01:53  	837.2 	25.5  	31    	1.1      	100   	-1.1       	0.2        	1675      	7.2
104       	17:01:55  	836.6 	25.4  	31    	1.0      	090   	-1.0       	-0.0       	1682      	7.2
106       	17:01:57  	835.9 	25.4  	31    	1.0      	084   	-1.0       	-0.1       	1689      	7.1
108       	17:01:59  	835.3 	25.3  	31    	1.0      	079   	-1.0       	-0.2       	1696      	7.1
110       	17:02:01  	834.6 	25.3  	31    	1.0      	066   	-0.9       	-0.4       	1702      	7.1
112       	17:02:03  	834.0 	25.2  	31    	1.1      	063   	-1.0       	-0.5       	1708      	7.0
114       	17:02:05  	833.4 	25.1  	31    	1.2      	055   	-1.0       	-0.7       	1716      	7.0
116       	17:02:07  	832.5 	25.0  	32    	1.3      	051   	-1.0       	-0.8       	1724      	6.9
118       	17:02:09  	831.7 	24.9  	32    	1.3      	051   	-1.0       	-0.8       	1732      	6.9
120       	17:02:11  	830.9 	24.8  	32    	1.3      	051   	-1.0       	-0.8       	1742      	6.9
122       	17:02:13  	830.1 	24.7  	32    	1.3      	051   	-1.0       	-0.8       	1751      	6.9
124       	17:02:15  	829.2 	24.7  	32    	1.1      	052   	-0.9       	-0.7       	1761      	6.9
126       	17:02:17  	828.4 	24.6  	32    	1.0      	053   	-0.8       	-0.6       	1769      	6.9
128       	17:02:19  	827.5 	24.5  	32    	0.9      	054   	-0.7       	-0.5       	1776      	6.9
130       	17:02:21  	826.7 	24.4  	32    	0.6      	051   	-0.5       	-0.4       	1785      	6.9
132       	17:02:23  	825.8 	24.3  	33    	0.5      	053   	-0.4       	-0.3       	1795      	6.8
134       	17:02:25  	824.9 	24.2  	33    	0.3      	045   	-0.2       	-0.2       	1805      	6.8
136       	17:02:27  	824.0 	24.1  	33    	0.3      	045   	-0.2       	-0.2       	1815      	6.8
138       	17:02:29  	823.1 	24.0  	33    	0.3      	045   	-0.2       	-0.2       	1825      	6.8
140       	17:02:31  	822.3 	24.0  	33    	0.3      	045   	-0.2       	-0.2       	1834      	6.8
142       	17:02:33  	821.5 	23.9  	33    	0.3      	045   	-0.2       	-0.2       	1842      	6.8
144       	17:02:35  	820.8 	23.9  	33    	0.5      	053   	-0.4       	-0.3       	1849      	6.8
146       	17:02:37  	820.0 	23.8  	33    	0.7      	056   	-0.6       	-0.4       	1857      	6.8
148       	17:02:39  	819.3 	23.7  	34    	0.9      	058   	-0.8       	-0.5       	1865      	6.7
150       	17:02:41  	818.6 	23.6  	34    	1.3      	067   	-1.2       	-0.5       	1873      	6.6
152       	17:02:43  	817.8 	23.5  	34    	1.7      	069   	-1.6       	-0.6       	1881      	6.6
154       	17:02:45  	817.0 	23.4  	34    	2.0      	072   	-1.9       	-0.6       	1889      	6.6
156       	17:02:47  	816.3 	23.4  	34    	2.3      	075   	-2.2       	-0.6       	1897      	6.6
158       	17:02:49  	815.5 	23.3  	34    	2.5      	078   	-2.4       	-0.5       	1905      	6.6
160       	17:02:51  	814.8 	23.2  	34    	2.6      	081   	-2.6       	-0.4       	1913      	6.6
162       	17:02:53  	814.1 	23.1  	34    	2.9      	084   	-2.9       	-0.3       	1921      	6.6
164       	17:02:55  	813.2 	23.1  	35    	3.2      	086   	-3.2       	-0.2       	1929      	6.6
166       	17:02:57  	812.4 	23.0  	35    	3.4      	090   	-3.4       	-0.0       	1938      	6.6
168       	17:02:59  	811.5 	22.9  	35    	3.7      	092   	-3.7       	0.1        	1948      	6.6
170       	17:03:01  	810.8 	22.8  	35    	3.7      	093   	-3.7       	0.2        	1956      	6.5
172       	17:03:03  	810.0 	22.8  	35    	3.8      	093   	-3.8       	0.2        	1964      	6.5
174       	17:03:05  	809.2 	22.7  	35    	3.8      	095   	-3.8       	0.3        	1973      	6.5
176       	17:03:07  	808.4 	22.6  	35    	3.8      	093   	-3.8       	0.2        	1981      	6.4
178       	17:03:09  	807.6 	22.6  	35    	3.8      	093   	-3.8       	0.2        	1990      	6.4
180       	17:03:11  	806.8 	22.5  	35    	3.7      	092   	-3.7       	0.1        	1999      	6.4
182       	17:03:13  	805.9 	22.3  	35    	3.7      	092   	-3.7       	0.1        	2009      	6.3
184       	17:03:15  	805.0 	22.2  	35    	3.6      	088   	-3.6       	-0.1       	2019      	6.2
186       	17:03:17  	804.0 	22.2  	35    	3.6      	087   	-3.6       	-0.2       	2028      	6.2
188       	17:03:19  	803.3 	22.1  	36    	3.4      	083   	-3.4       	-0.4       	2036      	6.2
190       	17:03:21  	802.6 	22.1  	36    	3.4      	080   	-3.3       	-0.6       	2044      	6.2
192       	17:03:23  	801.9 	22.1  	36    	3.3      	076   	-3.2       	-0.8       	2052      	6.2
194       	17:03:25  	801.2 	22.0  	36    	3.3      	072   	-3.1       	-1.0       	2059      	6.2
196       	17:03:27  	800.5 	22.0  	36    	3.2      	070   	-3.0       	-1.1       	2067      	6.2
198       	17:03:29  	799.8 	21.9  	36    	3.2      	068   	-3.0       	-1.2       	2075      	6.2
200       	17:03:31  	799.1 	21.8  	36    	3.3      	069   	-3.1       	-1.2       	2082      	6.2
202       	17:03:33  	798.4 	21.7  	36    	3.3      	069   	-3.1       	-1.2       	2090      	6.2
204       	17:03:35  	797.7 	21.6  	37    	3.3      	069   	-3.1       	-1.2       	2098      	6.2
206       	17:03:37  	797.0 	21.6  	37    	3.4      	069   	-3.2       	-1.2       	2105      	6.1
208       	17:03:39  	796.2 	21.5  	37    	3.5      	072   	-3.3       	-1.1       	2113      	6.1
210       	17:03:41  	795.5 	21.4  	37    	3.5      	074   	-3.4       	-1.0       	2121      	6.1
212       	17:03:43  	794.8 	21.4  	37    	3.6      	076   	-3.5       	-0.9       	2129      	6.1
214       	17:03:45  	794.1 	21.3  	37    	3.7      	077   	-3.6       	-0.8       	2136      	6.0
216       	17:03:47  	793.4 	21.3  	37    	3.8      	078   	-3.7       	-0.8       	2144      	6.0
218       	17:03:49  	792.7 	21.3  	37    	3.7      	077   	-3.6       	-0.8       	2152      	6.0
220       	17:03:51  	792.1 	21.2  	37    	3.5      	074   	-3.4       	-1.0       	2159      	6.0
222       	17:03:53  	791.4 	21.2  	37    	3.5      	072   	-3.3       	-1.1       	2166      	5.9
224       	17:03:55  	790.8 	21.1  	37    	3.3      	069   	-3.1       	-1.2       	2173      	5.8
226       	17:03:57  	790.1 	21.0  	36    	3.3      	065   	-3.0       	-1.4       	2180      	5.6
228       	17:03:59  	789.5 	20.9  	36    	3.2      	062   	-2.8       	-1.5       	2187      	5.4
230       	17:04:01  	788.9 	20.9  	36    	3.1      	059   	-2.7       	-1.6       	2194      	5.2
232       	17:04:03  	788.3 	20.9  	35    	3.0      	056   	-2.5       	-1.7       	2200      	4.9
234       	17:04:05  	787.7 	20.9  	34    	3.1      	052   	-2.4       	-1.9       	2206      	4.6
236       	17:04:07  	787.1 	21.0  	34    	3.0      	048   	-2.2       	-2.0       	2213      	4.4
238       	17:04:09  	786.6 	21.2  	33    	3.0      	048   	-2.2       	-2.0       	2219      	4.2
240       	17:04:11  	786.0 	21.4  	32    	3.0      	048   	-2.2       	-2.0       	2225      	4.2
242       	17:04:13  	785.4 	21.6  	32    	3.0      	048   	-2.2       	-2.0       	2232      	4.2
244       	17:04:15  	784.8 	21.6  	31    	3.0      	048   	-2.2       	-2.0       	2239      	4.0
246       	17:04:17  	784.2 	21.6  	31    	3.1      	045   	-2.2       	-2.2       	2245      	4.0
248       	17:04:19  	783.6 	21.6  	31    	3.3      	043   	-2.2       	-2.4       	2251      	3.8
250       	17:04:21  	783.0 	21.5  	31    	3.3      	039   	-2.1       	-2.6       	2257      	3.7
252       	17:04:23  	782.5 	21.4  	31    	3.5      	037   	-2.1       	-2.8       	2264      	3.5
254       	17:04:25  	781.8 	21.4  	31    	3.7      	034   	-2.1       	-3.1       	2271      	3.4
256       	17:04:27  	781.2 	21.3  	31    	3.9      	031   	-2.0       	-3.3       	2278      	3.3
258       	17:04:29  	780.5 	21.3  	30    	4.0      	030   	-2.0       	-3.5       	2285      	3.3
260       	17:04:31  	779.9 	21.2  	30    	4.3      	028   	-2.0       	-3.8       	2293      	3.1
262       	17:04:33  	779.3 	21.2  	30    	4.4      	025   	-1.9       	-4.0       	2299      	3.1
264       	17:04:35  	778.8 	21.1  	30    	4.6      	024   	-1.9       	-4.2       	2305      	3.1
266       	17:04:37  	778.2 	21.1  	30    	4.7      	024   	-1.9       	-4.3       	2311      	3.1
268       	17:04:39  	777.7 	21.0  	31    	4.7      	024   	-1.9       	-4.3       	2317      	3.1
270       	17:04:41  	777.1 	21.0  	31    	4.7      	024   	-1.9       	-4.3       	2323      	3.0
272       	17:04:43  	776.6 	20.9  	31    	4.7      	024   	-1.9       	-4.3       	2329      	2.9
274       	17:04:45  	776.0 	20.8  	31    	4.7      	025   	-2.0       	-4.3       	2335      	2.9
276       	17:04:47  	775.5 	20.7  	31    	4.8      	026   	-2.1       	-4.3       	2341      	2.9
278       	17:04:49  	775.0 	20.6  	31    	4.7      	027   	-2.1       	-4.2       	2347      	2.7
280       	17:04:51  	774.5 	20.6  	31    	4.7      	028   	-2.2       	-4.2       	2353      	2.8
282       	17:04:53  	774.0 	20.6  	31    	4.8      	029   	-2.3       	-4.2       	2358      	2.9
284       	17:04:55  	773.5 	20.5  	31    	4.8      	029   	-2.3       	-4.2       	2364      	2.9
286       	17:04:57  	773.0 	20.5  	31    	4.8      	030   	-2.4       	-4.2       	2369      	3.0
288       	17:04:59  	772.5 	20.5  	32    	4.9      	031   	-2.5       	-4.2       	2374      	3.1
290       	17:05:01  	772.0 	20.4  	32    	4.9      	032   	-2.6       	-4.2       	2379      	3.1
292       	17:05:03  	771.5 	20.2  	32    	4.9      	032   	-2.6       	-4.2       	2386      	3.0
294       	17:05:05  	771.0 	20.1  	32    	4.9      	032   	-2.6       	-4.2       	2392      	3.0
296       	17:05:07  	770.4 	20.1  	32    	4.9      	032   	-2.6       	-4.2       	2398      	3.0
298       	17:05:09  	769.8 	20.1  	32    	4.9      	032   	-2.6       	-4.2       	2405      	3.0
300       	17:05:11  	769.2 	20.1  	32    	4.9      	032   	-2.6       	-4.2       	2411      	3.0
302       	17:05:13  	768.7 	20.1  	32    	4.9      	032   	-2.6       	-4.2       	2418      	3.0
304       	17:05:15  	768.1 	20.1  	32    	4.9      	032   	-2.6       	-4.2       	2424      	3.0
306       	17:05:17  	767.5 	20.1  	32    	5.0      	031   	-2.6       	-4.3       	2431      	3.0
308       	17:05:19  	766.9 	20.0  	32    	5.0      	031   	-2.6       	-4.3       	2437      	2.9
310       	17:05:21  	766.4 	20.0  	32    	5.1      	030   	-2.5       	-4.4       	2444      	2.8
312       	17:05:23  	765.8 	20.1  	32    	5.1      	030   	-2.5       	-4.4       	2450      	2.8
314       	17:05:25  	765.2 	20.1  	32    	5.1      	030   	-2.5       	-4.4       	2456      	2.8
316       	17:05:27  	764.7 	20.1  	32    	5.1      	029   	-2.5       	-4.5       	2462      	2.7
318       	17:05:29  	764.1 	20.1  	31    	5.1      	028   	-2.4       	-4.5       	2469      	2.6
320       	17:05:31  	763.5 	20.0  	31    	5.1      	028   	-2.4       	-4.5       	2476      	2.6
322       	17:05:33  	762.9 	20.0  	31    	5.2      	028   	-2.4       	-4.6       	2482      	2.5
324       	17:05:35  	762.4 	20.0  	31    	5.2      	028   	-2.4       	-4.6       	2489      	2.5
326       	17:05:37  	761.8 	20.1  	31    	5.2      	028   	-2.4       	-4.6       	2495      	2.4
328       	17:05:39  	761.2 	20.0  	31    	5.2      	028   	-2.4       	-4.6       	2502      	2.3
330       	17:05:41  	760.6 	20.0  	31    	5.2      	028   	-2.4       	-4.6       	2508      	2.3
332       	17:05:43  	760.1 	20.0  	31    	5.2      	028   	-2.4       	-4.6       	2515      	2.2
334       	17:05:45  	759.5 	19.9  	31    	5.2      	028   	-2.4       	-4.6       	2521      	2.1
336       	17:05:47  	758.9 	19.9  	31    	5.2      	028   	-2.4       	-4.6       	2528      	2.1
338       	17:05:49  	758.4 	19.9  	30    	5.0      	026   	-2.2       	-4.5       	2534      	2.0
340       	17:05:51  	757.9 	19.8  	31    	5.0      	025   	-2.1       	-4.5       	2539      	2.0
342       	17:05:53  	757.4 	19.8  	31    	4.9      	023   	-1.9       	-4.5       	2545      	2.0
344       	17:05:55  	756.8 	19.7  	31    	4.7      	021   	-1.7       	-4.4       	2550      	2.0
346       	17:05:57  	756.3 	19.7  	31    	4.7      	020   	-1.6       	-4.4       	2556      	2.0
348       	17:05:59  	755.7 	19.7  	31    	4.6      	018   	-1.4       	-4.4       	2564      	2.1
350       	17:06:01  	755.1 	19.7  	31    	4.5      	016   	-1.2       	-4.3       	2571      	2.1
352       	17:06:03  	754.4 	19.7  	31    	4.4      	014   	-1.1       	-4.3       	2579      	2.1
354       	17:06:05  	753.7 	19.7  	31    	4.4      	012   	-0.9       	-4.3       	2586      	2.1
356       	17:06:07  	753.1 	19.6  	31    	4.3      	011   	-0.8       	-4.2       	2594      	2.1
358       	17:06:09  	752.5 	19.4  	31    	4.3      	011   	-0.8       	-4.2       	2601      	2.0
360       	17:06:11  	751.9 	19.4  	31    	4.3      	011   	-0.8       	-4.2       	2607      	1.9
362       	17:06:13  	751.3 	19.3  	31    	4.3      	011   	-0.8       	-4.2       	2614      	1.8
364       	17:06:15  	750.8 	19.3  	31    	4.3      	011   	-0.8       	-4.2       	2620      	1.8
366       	17:06:17  	750.2 	19.3  	31    	4.3      	011   	-0.8       	-4.2       	2626      	1.8
368       	17:06:19  	749.7 	19.2  	31    	4.3      	011   	-0.8       	-4.2       	2633      	1.7
370       	17:06:21  	749.1 	19.1  	31    	4.3      	011   	-0.8       	-4.2       	2640      	1.6
372       	17:06:23  	748.5 	19.1  	31    	4.3      	011   	-0.8       	-4.2       	2646      	1.5
374       	17:06:25  	747.9 	19.0  	31    	4.2      	012   	-0.9       	-4.1       	2653      	1.4
376       	17:06:27  	747.3 	19.0  	31    	4.1      	013   	-0.9       	-4.0       	2660      	1.4
378       	17:06:29  	746.8 	18.9  	31    	4.0      	014   	-1.0       	-3.9       	2666      	1.3
380       	17:06:31  	746.2 	18.9  	30    	4.1      	016   	-1.1       	-3.9       	2672      	1.2
382       	17:06:33  	745.7 	18.9  	30    	4.0      	016   	-1.1       	-3.8       	2678      	1.1
384       	17:06:35  	745.2 	18.8  	30    	3.9      	018   	-1.2       	-3.7       	2684      	1.0
386       	17:06:37  	744.6 	18.7  	30    	3.9      	018   	-1.2       	-3.7       	2691      	0.9
388       	17:06:39  	744.0 	18.7  	30    	3.8      	020   	-1.3       	-3.6       	2698      	0.9
390       	17:06:41  	743.4 	18.7  	30    	3.7      	020   	-1.3       	-3.5       	2705      	0.8
392       	17:06:43  	742.8 	18.7  	30    	3.7      	020   	-1.3       	-3.5       	2712      	0.8
394       	17:06:45  	742.3 	18.6  	30    	3.7      	020   	-1.3       	-3.5       	2718      	0.8
396       	17:06:47  	741.7 	18.6  	30    	3.7      	020   	-1.3       	-3.5       	2725      	0.8
398       	17:06:49  	741.2 	18.6  	30    	3.7      	020   	-1.3       	-3.5       	2731      	0.8
400       	17:06:51  	740.7 	18.6  	30    	3.8      	022   	-1.4       	-3.5       	2736      	0.7
402       	17:06:53  	740.2 	18.5  	30    	3.9      	021   	-1.4       	-3.6       	2742      	0.7
404       	17:06:55  	739.6 	18.4  	30    	3.9      	021   	-1.4       	-3.6       	2748      	0.6
406       	17:06:57  	739.1 	18.4  	30    	3.9      	021   	-1.4       	-3.6       	2754      	0.6
408       	17:06:59  	738.6 	18.3  	30    	4.0      	021   	-1.4       	-3.7       	2761      	0.6
410       	17:07:01  	738.0 	18.3  	30    	4.0      	022   	-1.5       	-3.7       	2768      	0.6
412       	17:07:03  	737.4 	18.2  	30    	4.0      	022   	-1.5       	-3.7       	2775      	0.6
414       	17:07:05  	736.8 	18.2  	31    	4.0      	022   	-1.5       	-3.7       	2781      	0.6
416       	17:07:07  	736.4 	18.1  	31    	4.1      	022   	-1.5       	-3.8       	2786      	0.7
418       	17:07:09  	735.9 	18.0  	31    	4.1      	022   	-1.5       	-3.8       	2792      	0.7
420       	17:07:11  	735.4 	18.0  	31    	4.1      	022   	-1.5       	-3.8       	2798      	0.7
422       	17:07:13  	734.8 	17.9  	31    	4.1      	022   	-1.5       	-3.8       	2805      	0.7
424       	17:07:15  	734.1 	17.9  	31    	4.1      	022   	-1.5       	-3.8       	2813      	0.7
426       	17:07:17  	733.5 	17.8  	32    	4.3      	021   	-1.5       	-4.0       	2820      	0.7
428       	17:07:19  	733.0 	17.8  	32    	4.3      	019   	-1.4       	-4.1       	2826      	0.8
430       	17:07:21  	732.4 	17.7  	32    	4.4      	018   	-1.4       	-4.2       	2833      	0.8
432       	17:07:23  	731.9 	17.6  	32    	4.5      	017   	-1.3       	-4.3       	2839      	0.8
434       	17:07:25  	731.3 	17.6  	32    	4.6      	016   	-1.3       	-4.4       	2845      	0.8
436       	17:07:27  	730.8 	17.5  	32    	4.7      	016   	-1.3       	-4.5       	2852      	0.8
438       	17:07:29  	730.2 	17.5  	32    	4.8      	015   	-1.2       	-4.6       	2858      	0.8
440       	17:07:31  	729.6 	17.4  	33    	4.9      	014   	-1.2       	-4.7       	2865      	0.9
442       	17:07:33  	729.1 	17.4  	33    	4.9      	013   	-1.1       	-4.8       	2871      	0.9
444       	17:07:35  	728.5 	17.3  	33    	5.0      	013   	-1.1       	-4.9       	2878      	0.9
446       	17:07:37  	728.0 	17.2  	33    	5.0      	013   	-1.1       	-4.9       	2885      	0.9
448       	17:07:39  	727.4 	17.2  	33    	5.1      	012   	-1.1       	-5.0       	2891      	0.8
450       	17:07:41  	726.9 	17.1  	33    	5.3      	012   	-1.1       	-5.2       	2897      	0.8
452       	17:07:43  	726.3 	17.0  	33    	5.4      	012   	-1.1       	-5.3       	2903      	0.8
454       	17:07:45  	725.8 	17.0  	33    	5.5      	012   	-1.1       	-5.4       	2910      	0.7
456       	17:07:47  	725.3 	16.9  	33    	5.6      	011   	-1.1       	-5.5       	2916      	0.6
458       	17:07:49  	724.7 	16.9  	33    	5.7      	011   	-1.1       	-5.6       	2922      	0.6
460       	17:07:51  	724.2 	16.8  	33    	5.8      	011   	-1.1       	-5.7       	2928      	0.4
462       	17:07:53  	723.6 	16.9  	33    	6.0      	010   	-1.0       	-5.9       	2936      	0.4
464       	17:07:55  	723.0 	16.9  	32    	6.1      	009   	-1.0       	-6.0       	2943      	0.3
466       	17:07:57  	722.4 	16.9  	32    	6.2      	009   	-1.0       	-6.1       	2950      	0.2
468       	17:07:59  	721.8 	16.8  	32    	6.2      	009   	-1.0       	-6.1       	2957      	0.2
470       	17:08:01  	721.3 	16.8  	32    	6.2      	009   	-1.0       	-6.1       	2963      	0.1
472       	17:08:03  	720.8 	16.8  	32    	6.3      	009   	-1.0       	-6.2       	2969      	0.1
474       	17:08:05  	720.2 	16.7  	32    	6.5      	009   	-1.0       	-6.4       	2975      	-0.0
476       	17:08:07  	719.6 	16.7  	32    	6.7      	009   	-1.0       	-6.6       	2982      	-0.1
478       	17:08:09  	719.0 	16.7  	32    	6.9      	008   	-1.0       	-6.8       	2990      	-0.2
480       	17:08:11  	718.4 	16.6  	32    	7.1      	008   	-1.0       	-7.0       	2997      	-0.3
482       	17:08:13  	717.8 	16.6  	31    	7.3      	008   	-1.0       	-7.2       	3004      	-0.4
484       	17:08:15  	717.2 	16.5  	31    	7.5      	008   	-1.0       	-7.4       	3011      	-0.5
486       	17:08:17  	716.7 	16.5  	31    	7.7      	007   	-1.0       	-7.6       	3018      	-0.5
488       	17:08:19  	716.1 	16.4  	31    	7.9      	007   	-1.0       	-7.8       	3025      	-0.6
490       	17:08:21  	715.5 	16.4  	31    	8.1      	007   	-1.0       	-8.0       	3032      	-0.6
492       	17:08:23  	714.9 	16.3  	31    	8.1      	007   	-1.0       	-8.0       	3038      	-0.7
494       	17:08:25  	714.4 	16.2  	31    	8.0      	007   	-1.0       	-7.9       	3045      	-0.8
496       	17:08:27  	713.8 	16.2  	31    	8.0      	007   	-1.0       	-7.9       	3052      	-0.8
498       	17:08:29  	713.3 	16.1  	31    	8.0      	007   	-1.0       	-7.9       	3058      	-0.8
500       	17:08:31  	712.7 	16.1  	31    	7.9      	007   	-1.0       	-7.8       	3065      	-0.9
502       	17:08:33  	712.1 	16.0  	31    	7.9      	007   	-1.0       	-7.8       	3072      	-0.9
504       	17:08:35  	711.5 	16.0  	31    	7.8      	008   	-1.1       	-7.7       	3079      	-1.0
506       	17:08:37  	710.9 	15.9  	31    	7.7      	007   	-1.0       	-7.6       	3086      	-1.1
508       	17:08:39  	710.3 	15.8  	31    	7.6      	008   	-1.0       	-7.5       	3093      	-1.1
510       	17:08:41  	709.7 	15.8  	31    	7.4      	007   	-0.9       	-7.3       	3100      	-1.2
512       	17:08:43  	709.2 	15.7  	31    	7.3      	007   	-0.9       	-7.2       	3107      	-1.3
514       	17:08:45  	708.6 	15.7  	31    	7.1      	006   	-0.8       	-7.1       	3114      	-1.3
516       	17:08:47  	708.0 	15.7  	31    	7.0      	007   	-0.8       	-7.0       	3121      	-1.3
518       	17:08:49  	707.4 	15.6  	31    	6.9      	006   	-0.7       	-6.9       	3128      	-1.4
520       	17:08:51  	706.8 	15.6  	31    	6.7      	006   	-0.7       	-6.7       	3135      	-1.5
522       	17:08:53  	706.3 	15.5  	31    	6.6      	005   	-0.6       	-6.6       	3142      	-1.5
524       	17:08:55  	705.7 	15.4  	31    	6.4      	005   	-0.6       	-6.4       	3148      	-1.6
526       	17:08:57  	705.1 	15.4  	31    	6.3      	005   	-0.5       	-6.3       	3155      	-1.6
528       	17:08:59  	704.6 	15.3  	31    	6.3      	005   	-0.5       	-6.3       	3162      	-1.6
530       	17:09:01  	704.0 	15.2  	31    	6.2      	005   	-0.5       	-6.2       	3169      	-1.7
532       	17:09:03  	703.4 	15.2  	31    	6.1      	005   	-0.5       	-6.1       	3176      	-1.7
534       	17:09:05  	702.8 	15.1  	31    	6.0      	005   	-0.5       	-6.0       	3183      	-1.7
536       	17:09:07  	702.2 	15.1  	31    	5.9      	005   	-0.5       	-5.9       	3190      	-1.7
538       	17:09:09  	701.6 	15.0  	31    	5.8      	005   	-0.5       	-5.8       	3197      	-1.8
540       	17:09:11  	701.0 	14.9  	32    	5.8      	005   	-0.5       	-5.8       	3204      	-1.8
542       	17:09:13  	700.5 	14.9  	32    	5.7      	005   	-0.5       	-5.7       	3211      	-1.8
544       	17:09:15  	699.9 	14.8  	32    	5.7      	004   	-0.4       	-5.7       	3218      	-1.9
546       	17:09:17  	699.3 	14.7  	32    	5.6      	004   	-0.4       	-5.6       	3225      	-1.9
548       	17:09:19  	698.8 	14.6  	32    	5.6      	004   	-0.4       	-5.6       	3232      	-1.9
550       	17:09:21  	698.2 	14.6  	32    	5.6      	004   	-0.4       	-5.6       	3238      	-1.9
552       	17:09:23  	697.7 	14.5  	32    	5.6      	004   	-0.4       	-5.6       	3245      	-1.9
554       	17:09:25  	697.1 	14.4  	32    	5.5      	004   	-0.4       	-5.5       	3252      	-2.0
556       	17:09:27  	696.5 	14.3  	32    	5.5      	005   	-0.5       	-5.5       	3259      	-2.1
558       	17:09:29  	695.9 	14.2  	32    	5.4      	005   	-0.5       	-5.4       	3266      	-2.1
560       	17:09:31  	695.4 	14.2  	32    	5.4      	005   	-0.5       	-5.4       	3273      	-2.1
562       	17:09:33  	694.9 	14.2  	32    	5.4      	006   	-0.6       	-5.4       	3279      	-2.1
564       	17:09:35  	694.3 	14.1  	32    	5.3      	006   	-0.6       	-5.3       	3286      	-2.2
566       	17:09:37  	693.8 	14.1  	32    	5.3      	006   	-0.6       	-5.3       	3292      	-2.2
568       	17:09:39  	693.2 	14.0  	33    	5.2      	007   	-0.6       	-5.2       	3298      	-2.2
570       	17:09:41  	692.6 	13.9  	33    	5.2      	008   	-0.7       	-5.2       	3306      	-2.2
572       	17:09:43  	692.0 	13.9  	33    	5.2      	008   	-0.7       	-5.2       	3314      	-2.2
574       	17:09:45  	691.3 	13.8  	33    	5.2      	008   	-0.7       	-5.2       	3322      	-2.2
576       	17:09:47  	690.7 	13.7  	33    	5.2      	008   	-0.7       	-5.2       	3330      	-2.3
578       	17:09:49  	690.1 	13.7  	33    	5.2      	008   	-0.7       	-5.2       	3338      	-2.3
580       	17:09:51  	689.5 	13.6  	33    	5.2      	008   	-0.7       	-5.2       	3345      	-2.3
582       	17:09:53  	689.0 	13.5  	33    	5.2      	008   	-0.7       	-5.2       	3351      	-2.4
584       	17:09:55  	688.4 	13.5  	33    	5.2      	008   	-0.7       	-5.2       	3358      	-2.4
586       	17:09:57  	687.9 	13.4  	33    	5.2      	009   	-0.8       	-5.1       	3364      	-2.5
588       	17:09:59  	687.3 	13.3  	33    	5.1      	010   	-0.9       	-5.0       	3371      	-2.5
590       	17:10:01  	686.7 	13.3  	33    	5.0      	012   	-1.0       	-4.9       	3378      	-2.5
592       	17:10:03  	686.2 	13.2  	33    	4.9      	013   	-1.1       	-4.8       	3385      	-2.6
594       	17:10:05  	685.6 	13.1  	33    	5.0      	015   	-1.3       	-4.8       	3392      	-2.6
596       	17:10:07  	685.0 	13.1  	33    	4.9      	017   	-1.4       	-4.7       	3399      	-2.7
598       	17:10:09  	684.5 	13.0  	33    	4.8      	018   	-1.5       	-4.6       	3406      	-2.7
600       	17:10:11  	683.9 	13.0  	33    	4.8      	020   	-1.6       	-4.5       	3413      	-2.7
602       	17:10:13  	683.3 	12.9  	33    	4.7      	021   	-1.7       	-4.4       	3420      	-2.8
604       	17:10:15  	682.8 	12.8  	34    	4.7      	024   	-1.9       	-4.3       	3427      	-2.8
606       	17:10:17  	682.2 	12.8  	34    	4.7      	024   	-1.9       	-4.3       	3434      	-2.8
608       	17:10:19  	681.7 	12.7  	34    	4.7      	024   	-1.9       	-4.3       	3441      	-2.8
610       	17:10:21  	681.1 	12.7  	34    	4.7      	024   	-1.9       	-4.3       	3448      	-2.8
612       	17:10:23  	680.5 	12.6  	34    	4.7      	024   	-1.9       	-4.3       	3454      	-2.8
614       	17:10:25  	680.0 	12.5  	34    	4.7      	024   	-1.9       	-4.3       	3461      	-2.9
616       	17:10:27  	679.5 	12.4  	34    	4.7      	024   	-1.9       	-4.3       	3468      	-2.9
618       	17:10:29  	678.9 	12.3  	34    	4.7      	024   	-1.9       	-4.3       	3474      	-2.9
620       	17:10:31  	678.4 	12.3  	35    	4.7      	024   	-1.9       	-4.3       	3481      	-2.9
622       	17:10:33  	677.9 	12.2  	35    	4.7      	024   	-1.9       	-4.3       	3488      	-2.9
624       	17:10:35  	677.3 	12.2  	35    	4.7      	024   	-1.9       	-4.3       	3494      	-2.9
626       	17:10:37  	676.8 	12.1  	35    	4.7      	024   	-1.9       	-4.3       	3501      	-2.9
628       	17:10:39  	676.3 	12.1  	35    	4.7      	025   	-2.0       	-4.3       	3507      	-2.8
630       	17:10:41  	675.7 	12.1  	35    	4.7      	028   	-2.2       	-4.2       	3514      	-2.9
632       	17:10:43  	675.2 	12.0  	35    	4.8      	029   	-2.3       	-4.2       	3520      	-2.9
634       	17:10:45  	674.7 	11.9  	35    	4.8      	030   	-2.4       	-4.2       	3527      	-2.9
636       	17:10:47  	674.1 	11.8  	35    	4.9      	031   	-2.5       	-4.2       	3534      	-3.0
638       	17:10:49  	673.6 	11.7  	35    	4.9      	033   	-2.7       	-4.1       	3541      	-3.0
640       	17:10:51  	673.0 	11.6  	36    	5.0      	034   	-2.8       	-4.1       	3548      	-3.1
642       	17:10:53  	672.4 	11.6  	36    	5.0      	035   	-2.9       	-4.1       	3555      	-3.0
644       	17:10:55  	671.8 	11.5  	36    	5.1      	036   	-3.0       	-4.1       	3562      	-3.1
646       	17:10:57  	671.2 	11.4  	36    	5.1      	039   	-3.2       	-4.0       	3570      	-3.1
648       	17:10:59  	670.7 	11.3  	36    	5.1      	039   	-3.2       	-4.0       	3577      	-3.1
650       	17:11:01  	670.1 	11.2  	36    	5.1      	039   	-3.2       	-4.0       	3584      	-3.2
652       	17:11:03  	669.5 	11.2  	36    	5.1      	039   	-3.2       	-4.0       	3591      	-3.2
654       	17:11:05  	668.9 	11.1  	36    	5.1      	039   	-3.2       	-4.0       	3598      	-3.2
656       	17:11:07  	668.4 	11.1  	37    	5.1      	039   	-3.2       	-4.0       	3605      	-3.2
658       	17:11:09  	667.9 	11.1  	37    	5.1      	039   	-3.2       	-4.0       	3611      	-3.2
660       	17:11:11  	667.4 	11.0  	37    	5.1      	039   	-3.2       	-4.0       	3618      	-3.2
662       	17:11:13  	666.8 	10.9  	37    	5.1      	039   	-3.2       	-4.0       	3624      	-3.2
664       	17:11:15  	666.3 	10.8  	37    	5.1      	039   	-3.2       	-4.0       	3632      	-3.3
666       	17:11:17  	665.7 	10.8  	37    	5.1      	039   	-3.2       	-4.0       	3639      	-3.3
668       	17:11:19  	665.1 	10.7  	37    	5.1      	039   	-3.2       	-4.0       	3646      	-3.4
670       	17:11:21  	664.5 	10.7  	37    	5.1      	039   	-3.2       	-4.0       	3653      	-3.3
672       	17:11:23  	664.0 	10.7  	37    	5.1      	039   	-3.2       	-4.0       	3661      	-3.3
674       	17:11:25  	663.4 	10.7  	37    	5.1      	039   	-3.2       	-4.0       	3668      	-3.3
676       	17:11:27  	662.8 	10.6  	37    	5.1      	039   	-3.2       	-4.0       	3675      	-3.4
678       	17:11:29  	662.2 	10.5  	37    	5.1      	039   	-3.2       	-4.0       	3682      	-3.5
680       	17:11:31  	661.7 	10.4  	37    	5.1      	039   	-3.2       	-4.0       	3689      	-3.5
682       	17:11:33  	661.1 	10.2  	37    	5.1      	039   	-3.2       	-4.0       	3697      	-3.6
684       	17:11:35  	660.5 	10.2  	37    	5.3      	040   	-3.4       	-4.1       	3704      	-3.7
686       	17:11:37  	659.9 	10.1  	37    	5.5      	041   	-3.6       	-4.1       	3711      	-3.8
688       	17:11:39  	659.4 	10.0  	37    	5.7      	042   	-3.8       	-4.2       	3718      	-3.8
690       	17:11:41  	658.8 	9.9   	37    	5.8      	044   	-4.0       	-4.2       	3726      	-3.9
692       	17:11:43  	658.2 	9.9   	37    	5.9      	045   	-4.2       	-4.2       	3733      	-4.0
694       	17:11:45  	657.6 	9.8   	37    	6.2      	046   	-4.4       	-4.3       	3740      	-4.0
696       	17:11:47  	657.1 	9.8   	37    	6.4      	048   	-4.7       	-4.3       	3747      	-4.1
698       	17:11:49  	656.5 	9.7   	37    	6.5      	049   	-4.9       	-4.3       	3755      	-4.2
700       	17:11:51  	655.9 	9.6   	37    	6.7      	049   	-5.1       	-4.4       	3762      	-4.3
702       	17:11:53  	655.4 	9.6   	37    	6.9      	050   	-5.3       	-4.4       	3769      	-4.3
704       	17:11:55  	654.8 	9.5   	37    	6.9      	050   	-5.3       	-4.4       	3776      	-4.4
706       	17:11:57  	654.3 	9.5   	37    	6.9      	050   	-5.3       	-4.4       	3783      	-4.4
708       	17:11:59  	653.7 	10.1  	37    	6.9      	050   	-5.3       	-4.4       	3790      	-3.8
710       	17:12:01  	653.2 	10.4  	37    	6.9      	050   	-5.3       	-4.4       	3797      	-3.5
712       	17:12:03  	652.6 	10.4  	37    	6.9      	050   	-5.3       	-4.4       	3804      	-3.6
714       	17:12:05  	652.1 	10.3  	37    	6.9      	050   	-5.3       	-4.4       	3811      	-3.7
716       	17:12:07  	651.5 	10.2  	37    	6.9      	050   	-5.3       	-4.4       	3818      	-3.7
718       	17:12:09  	651.0 	9.2   	37    	6.9      	050   	-5.3       	-4.4       	3825      	-4.6
720       	17:12:11  	650.4 	9.1   	37    	6.9      	050   	-5.3       	-4.4       	3831      	-4.6
722       	17:12:13  	649.9 	9.0   	37    	6.9      	050   	-5.3       	-4.4       	3838      	-4.7
724       	17:12:15  	649.4 	9.0   	37    	6.9      	050   	-5.3       	-4.4       	3845      	-4.7
726       	17:12:17  	648.8 	8.9   	38    	6.9      	050   	-5.3       	-4.4       	3852      	-4.8
728       	17:12:19  	648.3 	8.8   	38    	6.9      	050   	-5.3       	-4.4       	3859      	-4.8
730       	17:12:21  	647.8 	8.8   	38    	6.9      	050   	-5.3       	-4.4       	3866      	-4.8
732       	17:12:23  	647.2 	8.7   	38    	6.9      	050   	-5.3       	-4.4       	3873      	-4.8
734       	17:12:25  	646.7 	8.7   	38    	6.9      	050   	-5.3       	-4.4       	3879      	-4.8
736       	17:12:27  	646.2 	8.6   	38    	6.9      	050   	-5.3       	-4.4       	3886      	-4.9
738       	17:12:29  	645.6 	8.5   	38    	6.9      	050   	-5.3       	-4.4       	3893      	-4.9
740       	17:12:31  	645.1 	8.5   	38    	6.9      	050   	-5.3       	-4.4       	3900      	-4.9
742       	17:12:33  	644.5 	8.4   	38    	6.9      	050   	-5.3       	-4.4       	3907      	-4.9
744       	17:12:35  	644.0 	8.3   	39    	6.9      	050   	-5.3       	-4.4       	3914      	-4.9
746       	17:12:37  	643.5 	8.3   	39    	6.9      	050   	-5.3       	-4.4       	3920      	-4.9
748       	17:12:39  	643.0 	8.2   	39    	6.9      	050   	-5.3       	-4.4       	3927      	-4.9
750       	17:12:41  	642.5 	8.1   	39    	7.0      	051   	-5.4       	-4.4       	3933      	-5.0
752       	17:12:43  	642.0 	8.1   	39    	7.0      	051   	-5.4       	-4.4       	3939      	-5.0
754       	17:12:45  	641.5 	8.0   	39    	7.0      	051   	-5.4       	-4.4       	3946      	-5.0
756       	17:12:47  	641.0 	8.0   	39    	7.0      	051   	-5.4       	-4.4       	3953      	-5.0
758       	17:12:49  	640.5 	7.9   	39    	7.0      	051   	-5.4       	-4.4       	3959      	-5.0
760       	17:12:51  	640.0 	7.8   	40    	7.0      	050   	-5.3       	-4.5       	3966      	-5.0
762       	17:12:53  	639.5 	7.8   	40    	7.0      	050   	-5.3       	-4.5       	3972      	-5.0
764       	17:12:55  	638.9 	7.7   	40    	7.0      	050   	-5.3       	-4.5       	3979      	-5.0
766       	17:12:57  	638.4 	7.6   	40    	7.0      	050   	-5.3       	-4.5       	3986      	-5.0
768       	17:12:59  	637.9 	7.6   	40    	7.0      	049   	-5.3       	-4.6       	3992      	-5.0
770       	17:13:01  	637.4 	7.5   	40    	6.9      	049   	-5.2       	-4.6       	3999      	-5.0
772       	17:13:03  	636.8 	7.5   	40    	6.9      	049   	-5.2       	-4.6       	4006      	-5.1
774       	17:13:05  	636.3 	7.4   	41    	6.9      	047   	-5.1       	-4.7       	4013      	-5.1
776       	17:13:07  	635.8 	7.3   	41    	6.9      	048   	-5.1       	-4.6       	4019      	-5.1
778       	17:13:09  	635.3 	7.3   	41    	6.8      	047   	-5.0       	-4.6       	4026      	-5.2
780       	17:13:11  	634.8 	7.2   	41    	6.8      	047   	-5.0       	-4.6       	4032      	-5.2
782       	17:13:13  	634.3 	7.2   	41    	6.8      	047   	-5.0       	-4.6       	4039      	-5.3
784       	17:13:15  	633.8 	7.1   	41    	6.7      	047   	-4.9       	-4.5       	4045      	-5.3
786       	17:13:17  	633.4 	7.1   	41    	6.6      	047   	-4.8       	-4.5       	4051      	-5.3
788       	17:13:19  	632.9 	7.0   	41    	6.6      	047   	-4.8       	-4.5       	4058      	-5.3
790       	17:13:21  	632.4 	7.0   	41    	6.5      	047   	-4.8       	-4.4       	4064      	-5.3
792       	17:13:23  	631.9 	6.9   	41    	6.5      	047   	-4.8       	-4.4       	4070      	-5.4
794       	17:13:25  	631.4 	6.8   	41    	6.4      	047   	-4.7       	-4.4       	4077      	-5.4
796       	17:13:27  	630.9 	6.7   	41    	6.4      	047   	-4.7       	-4.4       	4083      	-5.4
798       	17:13:29  	630.4 	6.7   	42    	6.4      	047   	-4.7       	-4.4       	4090      	-5.4
800       	17:13:31  	629.9 	6.6   	42    	6.4      	046   	-4.6       	-4.4       	4096      	-5.3
802       	17:13:33  	629.4 	6.6   	42    	6.4      	046   	-4.6       	-4.4       	4103      	-5.3
804       	17:13:35  	628.9 	6.5   	42    	6.4      	046   	-4.6       	-4.4       	4109      	-5.3
806       	17:13:37  	628.4 	6.4   	43    	6.3      	046   	-4.5       	-4.4       	4116      	-5.3
808       	17:13:39  	627.8 	6.4   	43    	6.4      	045   	-4.5       	-4.5       	4123      	-5.3
810       	17:13:41  	627.3 	6.3   	43    	6.3      	044   	-4.4       	-4.5       	4130      	-5.3
812       	17:13:43  	626.8 	6.3   	43    	6.4      	044   	-4.4       	-4.6       	4137      	-5.3
814       	17:13:45  	626.3 	6.2   	43    	6.4      	044   	-4.4       	-4.6       	4143      	-5.3
816       	17:13:47  	625.8 	6.2   	43    	6.3      	043   	-4.3       	-4.6       	4149      	-5.3
818       	17:13:49  	625.4 	6.1   	44    	6.3      	043   	-4.3       	-4.6       	4155      	-5.3
820       	17:13:51  	624.9 	6.1   	44    	6.4      	042   	-4.3       	-4.7       	4162      	-5.3
822       	17:13:53  	624.4 	6.0   	44    	6.3      	042   	-4.2       	-4.7       	4168      	-5.3
824       	17:13:55  	623.9 	6.0   	44    	6.3      	042   	-4.2       	-4.7       	4175      	-5.3
826       	17:13:57  	623.4 	5.9   	44    	6.3      	041   	-4.1       	-4.8       	4181      	-5.4
828       	17:13:59  	623.0 	5.8   	44    	6.2      	040   	-4.0       	-4.8       	4187      	-5.4
830       	17:14:01  	622.5 	5.8   	44    	6.2      	040   	-4.0       	-4.8       	4193      	-5.4
832       	17:14:03  	622.0 	5.7   	44    	6.3      	039   	-3.9       	-4.9       	4200      	-5.4
834       	17:14:05  	621.5 	5.7   	44    	6.3      	039   	-3.9       	-4.9       	4206      	-5.5
836       	17:14:07  	621.0 	5.6   	44    	6.1      	037   	-3.7       	-4.9       	4212      	-5.6
838       	17:14:09  	620.5 	5.5   	44    	6.0      	037   	-3.6       	-4.8       	4219      	-5.7
840       	17:14:11  	620.0 	5.4   	44    	5.9      	036   	-3.5       	-4.8       	4225      	-5.7
842       	17:14:13  	619.6 	5.4   	44    	5.9      	036   	-3.5       	-4.8       	4232      	-5.8
844       	17:14:15  	619.1 	5.3   	44    	5.9      	035   	-3.4       	-4.8       	4238      	-5.8
846       	17:14:17  	618.6 	5.3   	44    	5.7      	035   	-3.3       	-4.7       	4245      	-5.8
848       	17:14:19  	618.1 	5.2   	44    	5.6      	035   	-3.2       	-4.6       	4251      	-5.8
850       	17:14:21  	617.6 	5.2   	45    	5.4      	034   	-3.0       	-4.5       	4257      	-5.9
852       	17:14:23  	617.2 	5.1   	45    	5.4      	033   	-2.9       	-4.5       	4264      	-5.8
854       	17:14:25  	616.7 	5.1   	45    	5.2      	032   	-2.8       	-4.4       	4270      	-5.9
856       	17:14:27  	616.2 	5.0   	45    	5.2      	032   	-2.7       	-4.4       	4276      	-5.9
858       	17:14:29  	615.7 	5.0   	45    	5.0      	031   	-2.6       	-4.3       	4282      	-5.9
860       	17:14:31  	615.3 	4.9   	45    	4.8      	030   	-2.4       	-4.2       	4289      	-5.9
862       	17:14:33  	614.8 	4.9   	45    	4.8      	029   	-2.3       	-4.2       	4295      	-5.9
864       	17:14:35  	614.3 	4.9   	45    	4.6      	027   	-2.1       	-4.1       	4301      	-6.0
866       	17:14:37  	613.8 	4.8   	45    	4.5      	027   	-2.0       	-4.0       	4307      	-6.0
868       	17:14:39  	613.4 	4.7   	45    	4.4      	025   	-1.9       	-4.0       	4314      	-6.1
870       	17:14:41  	612.9 	4.7   	45    	4.3      	025   	-1.8       	-3.9       	4320      	-6.1
872       	17:14:43  	612.4 	4.6   	45    	4.3      	024   	-1.7       	-3.9       	4327      	-6.2
874       	17:14:45  	611.9 	4.6   	45    	4.1      	023   	-1.6       	-3.8       	4333      	-6.2
876       	17:14:47  	611.4 	4.5   	45    	4.0      	023   	-1.6       	-3.7       	4340      	-6.3
878       	17:14:49  	610.9 	4.4   	45    	4.0      	022   	-1.5       	-3.7       	4346      	-6.3
880       	17:14:51  	610.5 	4.4   	45    	4.0      	021   	-1.4       	-3.7       	4353      	-6.4
882       	17:14:53  	610.0 	4.4   	45    	3.9      	021   	-1.4       	-3.6       	4359      	-6.4
884       	17:14:55  	609.5 	4.3   	46    	3.9      	021   	-1.4       	-3.6       	4365      	-6.4
886       	17:14:57  	609.1 	4.2   	46    	3.8      	020   	-1.3       	-3.6       	4371      	-6.3
888       	17:14:59  	608.7 	4.2   	46    	3.9      	018   	-1.2       	-3.7       	4377      	-6.3
890       	17:15:01  	608.2 	4.1   	47    	3.9      	017   	-1.1       	-3.7       	4382      	-6.2
892       	17:15:03  	607.7 	4.1   	47    	3.8      	015   	-1.0       	-3.7       	4389      	-6.2
894       	17:15:05  	607.2 	4.0   	47    	3.8      	014   	-0.9       	-3.7       	4395      	-6.2
896       	17:15:07  	606.8 	3.9   	48    	3.8      	012   	-0.8       	-3.7       	4402      	-6.2
898       	17:15:09  	606.3 	3.9   	48    	3.8      	009   	-0.6       	-3.8       	4409      	-6.1
900       	17:15:11  	605.8 	3.8   	48    	3.9      	007   	-0.5       	-3.9       	4415      	-6.1
902       	17:15:13  	605.3 	3.8   	48    	3.9      	004   	-0.3       	-3.9       	4422      	-6.1
904       	17:15:15  	604.8 	3.7   	48    	4.0      	003   	-0.2       	-4.0       	4428      	-6.1
906       	17:15:17  	604.3 	3.7   	49    	4.0      	001   	-0.1       	-4.0       	4435      	-6.1
908       	17:15:19  	603.9 	3.6   	49    	4.0      	360   	0.0        	-4.0       	4441      	-6.2
910       	17:15:21  	603.4 	3.6   	49    	4.1      	359   	0.1        	-4.1       	4447      	-6.2
912       	17:15:23  	602.9 	3.5   	49    	4.1      	357   	0.2        	-4.1       	4453      	-6.2
914       	17:15:25  	602.5 	3.4   	49    	4.2      	356   	0.3        	-4.2       	4459      	-6.3
916       	17:15:27  	602.0 	3.4   	49    	4.3      	355   	0.4        	-4.3       	4465      	-6.4
918       	17:15:29  	601.6 	3.3   	49    	4.3      	355   	0.4        	-4.3       	4471      	-6.4
920       	17:15:31  	601.1 	3.2   	49    	4.3      	355   	0.4        	-4.3       	4478      	-6.5
922       	17:15:33  	600.6 	3.2   	49    	4.3      	355   	0.4        	-4.3       	4484      	-6.5
924       	17:15:35  	600.2 	3.1   	49    	4.4      	354   	0.5        	-4.4       	4491      	-6.5
926       	17:15:37  	599.7 	3.1   	49    	4.4      	352   	0.6        	-4.4       	4497      	-6.6
928       	17:15:39  	599.3 	3.0   	49    	4.6      	351   	0.7        	-4.5       	4503      	-6.5
930       	17:15:41  	598.8 	2.9   	49    	4.6      	350   	0.8        	-4.5       	4509      	-6.6
932       	17:15:43  	598.4 	2.9   	50    	4.6      	349   	0.9        	-4.5       	4515      	-6.6
934       	17:15:45  	597.9 	2.9   	50    	4.6      	347   	1.0        	-4.5       	4521      	-6.6
936       	17:15:47  	597.5 	2.8   	50    	4.6      	347   	1.0        	-4.5       	4527      	-6.6
938       	17:15:49  	597.1 	2.7   	50    	4.6      	346   	1.1        	-4.5       	4533      	-6.6
940       	17:15:51  	596.6 	2.7   	50    	4.7      	345   	1.2        	-4.5       	4539      	-6.6
942       	17:15:53  	596.2 	2.6   	50    	4.7      	344   	1.3        	-4.5       	4545      	-6.6
944       	17:15:55  	595.7 	2.5   	51    	4.7      	344   	1.3        	-4.5       	4551      	-6.6
946       	17:15:57  	595.2 	2.5   	51    	4.7      	344   	1.3        	-4.5       	4557      	-6.6
948       	17:15:59  	594.8 	2.4   	51    	4.7      	344   	1.3        	-4.5       	4563      	-6.6
950       	17:16:01  	594.3 	2.4   	51    	4.7      	344   	1.3        	-4.5       	4570      	-6.7
952       	17:16:03  	593.9 	2.3   	51    	4.7      	344   	1.3        	-4.5       	4576      	-6.7
954       	17:16:05  	593.4 	2.3   	51    	4.7      	344   	1.3        	-4.5       	4582      	-6.7
956       	17:16:07  	593.0 	2.2   	51    	4.7      	344   	1.3        	-4.5       	4588      	-6.8
958       	17:16:09  	592.6 	2.1   	52    	4.7      	344   	1.3        	-4.5       	4594      	-6.8
960       	17:16:11  	592.1 	2.1   	52    	4.7      	344   	1.3        	-4.5       	4600      	-6.8
962       	17:16:13  	591.7 	2.0   	52    	4.7      	344   	1.3        	-4.5       	4606      	-6.8
964       	17:16:15  	591.2 	2.0   	52    	4.7      	343   	1.4        	-4.5       	4612      	-6.9
966       	17:16:17  	590.8 	1.9   	52    	4.8      	343   	1.4        	-4.6       	4618      	-6.9
968       	17:16:19  	590.3 	1.8   	52    	4.8      	342   	1.5        	-4.6       	4625      	-6.9
970       	17:16:21  	589.9 	1.8   	52    	4.9      	341   	1.6        	-4.6       	4631      	-6.9
972       	17:16:23  	589.4 	1.7   	53    	4.9      	341   	1.6        	-4.6       	4637      	-6.9
974       	17:16:25  	589.0 	1.7   	53    	4.9      	340   	1.7        	-4.6       	4643      	-6.9
976       	17:16:27  	588.5 	1.6   	53    	4.9      	340   	1.7        	-4.6       	4649      	-6.9
978       	17:16:29  	588.1 	1.5   	53    	4.9      	339   	1.8        	-4.6       	4655      	-6.9
980       	17:16:31  	587.6 	1.5   	53    	5.0      	339   	1.8        	-4.7       	4661      	-6.9
982       	17:16:33  	587.2 	1.4   	53    	5.1      	338   	1.9        	-4.7       	4667      	-7.0
984       	17:16:35  	586.7 	1.4   	54    	5.0      	339   	1.8        	-4.7       	4674      	-7.0
986       	17:16:37  	586.3 	1.3   	54    	5.1      	339   	1.8        	-4.8       	4680      	-7.0
988       	17:16:39  	585.8 	1.2   	54    	5.1      	339   	1.8        	-4.8       	4686      	-7.0
990       	17:16:41  	585.4 	1.2   	54    	5.2      	340   	1.8        	-4.9       	4692      	-7.1
992       	17:16:43  	585.0 	1.2   	54    	5.2      	340   	1.8        	-4.9       	4698      	-7.1
994       	17:16:45  	584.5 	1.1   	54    	5.3      	340   	1.8        	-5.0       	4704      	-7.1
996       	17:16:47  	584.1 	1.0   	54    	5.3      	340   	1.8        	-5.0       	4710      	-7.1
998       	17:16:49  	583.6 	1.0   	55    	5.4      	341   	1.8        	-5.1       	4716      	-7.1
1000      	17:16:51  	583.2 	0.9   	55    	5.4      	340   	1.9        	-5.1       	4722      	-7.1
1002      	17:16:53  	582.8 	0.8   	55    	5.5      	340   	1.9        	-5.2       	4728      	-7.1
1004      	17:16:55  	582.3 	0.8   	55    	5.5      	340   	1.9        	-5.2       	4734      	-7.2
1006      	17:16:57  	581.9 	0.7   	56    	5.7      	339   	2.0        	-5.3       	4740      	-7.1
1008      	17:16:59  	581.5 	0.7   	56    	5.8      	340   	2.0        	-5.4       	4746      	-7.1
1010      	17:17:01  	581.0 	0.6   	56    	5.8      	340   	2.0        	-5.4       	4752      	-7.1
1012      	17:17:03  	580.6 	0.5   	57    	5.9      	340   	2.0        	-5.5       	4758      	-7.1
1014      	17:17:05  	580.1 	0.5   	57    	6.0      	339   	2.1        	-5.6       	4764      	-7.0
1016      	17:17:07  	579.7 	0.5   	57    	6.2      	340   	2.1        	-5.8       	4771      	-7.0
1018      	17:17:09  	579.2 	0.4   	58    	6.3      	340   	2.2        	-5.9       	4777      	-6.9
1020      	17:17:11  	578.7 	0.3   	58    	6.5      	339   	2.3        	-6.1       	4784      	-6.9
1022      	17:17:13  	578.3 	0.2   	58    	6.6      	339   	2.4        	-6.2       	4790      	-6.9
1024      	17:17:15  	577.8 	0.2   	59    	6.6      	339   	2.4        	-6.2       	4797      	-6.9
1026      	17:17:17  	577.3 	0.1   	59    	6.9      	339   	2.5        	-6.4       	4804      	-6.9
1028      	17:17:19  	576.9 	0.1   	59    	7.0      	338   	2.6        	-6.5       	4810      	-7.0
1030      	17:17:21  	576.4 	0.0   	59    	7.2      	339   	2.6        	-6.7       	4817      	-7.0
1032      	17:17:23  	575.9 	-0.0  	59    	7.4      	339   	2.6        	-6.9       	4823      	-7.0
1034      	17:17:25  	575.5 	-0.1  	59    	7.5      	339   	2.7        	-7.0       	4829      	-7.0
1036      	17:17:27  	575.0 	-0.2  	60    	7.6      	340   	2.6        	-7.1       	4836      	-7.0
1038      	17:17:29  	574.5 	-0.2  	60    	7.7      	340   	2.6        	-7.2       	4842      	-6.9
1040      	17:17:31  	574.1 	-0.3  	61    	7.7      	340   	2.6        	-7.3       	4849      	-6.9
1042      	17:17:33  	573.6 	-0.4  	62    	8.0      	340   	2.7        	-7.5       	4855      	-6.8
1044      	17:17:35  	573.1 	-0.4  	62    	8.1      	340   	2.7        	-7.6       	4862      	-6.8
1046      	17:17:37  	572.6 	-0.5  	63    	8.2      	341   	2.7        	-7.7       	4869      	-6.7
1048      	17:17:39  	572.1 	-0.6  	63    	8.2      	340   	2.8        	-7.7       	4876      	-6.7
1050      	17:17:41  	571.6 	-0.6  	64    	8.3      	340   	2.8        	-7.8       	4883      	-6.6
1052      	17:17:43  	571.2 	-0.7  	64    	8.3      	340   	2.9        	-7.8       	4889      	-6.7
1054      	17:17:45  	570.7 	-0.8  	64    	8.5      	339   	3.0        	-7.9       	4896      	-6.7
1056      	17:17:47  	570.3 	-0.8  	64    	8.6      	339   	3.1        	-8.0       	4902      	-6.7
1058      	17:17:49  	569.8 	-0.9  	65    	8.6      	338   	3.2        	-8.0       	4908      	-6.6
1060      	17:17:51  	569.4 	-0.9  	65    	8.7      	338   	3.3        	-8.1       	4915      	-6.6
1062      	17:17:53  	568.9 	-1.0  	66    	8.8      	337   	3.4        	-8.1       	4921      	-6.6
1064      	17:17:55  	568.5 	-1.1  	66    	8.8      	337   	3.4        	-8.1       	4927      	-6.6
1066      	17:17:57  	568.0 	-1.1  	66    	9.0      	336   	3.6        	-8.2       	4933      	-6.5
1068      	17:17:59  	567.6 	-1.2  	67    	9.2      	336   	3.8        	-8.4       	4939      	-6.5
1070      	17:18:01  	567.2 	-1.2  	68    	9.4      	335   	3.9        	-8.5       	4945      	-6.4
1072      	17:18:03  	566.8 	-1.3  	68    	9.5      	335   	4.1        	-8.6       	4951      	-6.4
1074      	17:18:05  	566.3 	-1.3  	68    	9.7      	334   	4.2        	-8.7       	4957      	-6.4
1076      	17:18:07  	565.9 	-1.4  	69    	9.8      	334   	4.3        	-8.8       	4963      	-6.4
1078      	17:18:09  	565.5 	-1.4  	69    	9.9      	334   	4.4        	-8.9       	4969      	-6.3
1080      	17:18:11  	565.1 	-1.4  	69    	10.1     	333   	4.5        	-9.0       	4974      	-6.3
1082      	17:18:13  	564.7 	-1.5  	70    	10.2     	333   	4.6        	-9.1       	4980      	-6.3
1084      	17:18:15  	564.3 	-1.6  	70    	10.2     	333   	4.7        	-9.1       	4986      	-6.3
1086      	17:18:17  	563.8 	-1.6  	70    	10.3     	333   	4.7        	-9.2       	4992      	-6.3
1088      	17:18:19  	563.4 	-1.7  	71    	10.4     	332   	4.8        	-9.2       	4998      	-6.3
1090      	17:18:21  	563.0 	-1.8  	71    	10.4     	332   	4.8        	-9.2       	5004      	-6.2
1092      	17:18:23  	562.6 	-1.8  	72    	10.4     	332   	4.8        	-9.2       	5009      	-6.2
1094      	17:18:25  	562.2 	-1.9  	72    	10.4     	332   	4.8        	-9.2       	5015      	-6.2
1096      	17:18:27  	561.8 	-2.0  	72    	10.4     	332   	4.9        	-9.2       	5021      	-6.2
1098      	17:18:29  	561.4 	-2.0  	73    	10.4     	332   	4.9        	-9.2       	5026      	-6.2
1100      	17:18:31  	561.0 	-2.0  	73    	10.6     	332   	5.0        	-9.3       	5032      	-6.2
1102      	17:18:33  	560.6 	-2.1  	73    	10.6     	332   	5.0        	-9.3       	5038      	-6.3
1104      	17:18:35  	560.2 	-2.1  	73    	10.6     	332   	5.0        	-9.3       	5044      	-6.2
1106      	17:18:37  	559.8 	-2.2  	73    	10.6     	332   	5.0        	-9.4       	5050      	-6.2
1108      	17:18:39  	559.3 	-2.2  	74    	10.7     	332   	5.1        	-9.4       	5056      	-6.2
1110      	17:18:41  	558.9 	-2.3  	74    	10.8     	332   	5.1        	-9.5       	5062      	-6.2
1112      	17:18:43  	558.5 	-2.3  	74    	10.8     	332   	5.1        	-9.5       	5068      	-6.3
1114      	17:18:45  	558.1 	-2.4  	74    	10.8     	332   	5.1        	-9.5       	5074      	-6.3
1116      	17:18:47  	557.7 	-2.5  	74    	10.8     	332   	5.1        	-9.5       	5079      	-6.4
1118      	17:18:49  	557.3 	-2.5  	75    	10.9     	332   	5.1        	-9.6       	5085      	-6.4
1120      	17:18:51  	556.9 	-2.6  	75    	10.9     	332   	5.1        	-9.6       	5091      	-6.4
1122      	17:18:53  	556.4 	-2.7  	75    	11.0     	332   	5.1        	-9.7       	5097      	-6.5
1124      	17:18:55  	556.0 	-2.7  	75    	11.0     	332   	5.1        	-9.7       	5103      	-6.5
1126      	17:18:57  	555.6 	-2.8  	75    	11.0     	333   	5.1        	-9.8       	5109      	-6.5
1128      	17:18:59  	555.2 	-2.9  	75    	11.0     	333   	5.1        	-9.8       	5116      	-6.6
1130      	17:19:01  	554.7 	-2.9  	76    	11.1     	332   	5.2        	-9.8       	5122      	-6.6
1132      	17:19:03  	554.3 	-3.0  	76    	11.1     	332   	5.2        	-9.8       	5128      	-6.6
1134      	17:19:05  	553.9 	-3.0  	76    	11.1     	332   	5.3        	-9.8       	5134      	-6.6
1136      	17:19:07  	553.5 	-3.1  	76    	11.1     	332   	5.3        	-9.8       	5140      	-6.7
1138      	17:19:09  	553.1 	-3.1  	76    	11.2     	331   	5.4        	-9.8       	5146      	-6.7
1140      	17:19:11  	552.6 	-3.2  	76    	11.2     	331   	5.4        	-9.8       	5152      	-6.8
1142      	17:19:13  	552.2 	-3.2  	76    	11.2     	330   	5.5        	-9.7       	5158      	-6.8
1144      	17:19:15  	551.8 	-3.3  	76    	11.2     	330   	5.6        	-9.7       	5164      	-6.9
1146      	17:19:17  	551.4 	-3.3  	76    	11.3     	330   	5.7        	-9.8       	5170      	-6.9
1148      	17:19:19  	551.0 	-3.4  	76    	11.4     	329   	5.8        	-9.8       	5176      	-7.0
1150      	17:19:21  	550.5 	-3.5  	76    	11.4     	329   	5.9        	-9.8       	5182      	-7.0
1152      	17:19:23  	550.1 	-3.5  	77    	11.5     	329   	5.9        	-9.9       	5188      	-7.0
1154      	17:19:25  	549.7 	-3.6  	77    	11.6     	329   	6.0        	-9.9       	5194      	-7.0
1156      	17:19:27  	549.3 	-3.7  	77    	11.7     	329   	6.1        	-10.0      	5200      	-7.1
1158      	17:19:29  	548.8 	-3.7  	77    	11.8     	328   	6.2        	-10.0      	5206      	-7.1
1160      	17:19:31  	548.4 	-3.8  	77    	11.9     	327   	6.4        	-10.0      	5213      	-7.2
1162      	17:19:33  	548.0 	-3.8  	77    	12.0     	327   	6.5        	-10.1      	5219      	-7.2
1164      	17:19:35  	547.6 	-3.9  	77    	12.1     	327   	6.6        	-10.1      	5225      	-7.3
1166      	17:19:37  	547.1 	-3.9  	77    	12.1     	327   	6.6        	-10.1      	5231      	-7.4
1168      	17:19:39  	546.7 	-4.0  	76    	12.1     	326   	6.7        	-10.1      	5237      	-7.5
1170      	17:19:41  	546.3 	-4.1  	76    	12.1     	326   	6.7        	-10.1      	5243      	-7.6
1172      	17:19:43  	545.8 	-4.1  	76    	12.2     	326   	6.8        	-10.1      	5250      	-7.7
1174      	17:19:45  	545.4 	-4.2  	76    	12.2     	326   	6.9        	-10.1      	5256      	-7.8
1176      	17:19:47  	545.0 	-4.2  	76    	12.2     	326   	6.9        	-10.1      	5262      	-7.8
1178      	17:19:49  	544.5 	-4.3  	76    	12.2     	326   	6.9        	-10.1      	5268      	-7.8
1180      	17:19:51  	544.1 	-4.3  	76    	12.3     	326   	6.9        	-10.2      	5275      	-7.8
1182      	17:19:53  	543.7 	-4.3  	76    	12.3     	326   	6.9        	-10.2      	5281      	-7.9
1184      	17:19:55  	543.3 	-4.4  	76    	12.5     	326   	7.0        	-10.3      	5287      	-8.0
1186      	17:19:57  	542.8 	-4.4  	75    	12.5     	326   	7.0        	-10.4      	5293      	-8.1
1188      	17:19:59  	542.4 	-4.5  	75    	12.6     	326   	7.0        	-10.5      	5300      	-8.2
1190      	17:20:01  	542.0 	-4.5  	75    	12.7     	327   	7.0        	-10.6      	5306      	-8.3
1192      	17:20:03  	541.6 	-4.6  	74    	12.7     	327   	7.0        	-10.6      	5312      	-8.5
1194      	17:20:05  	541.1 	-4.7  	74    	12.8     	327   	7.0        	-10.7      	5318      	-8.6
1196      	17:20:07  	540.7 	-4.7  	74    	12.9     	327   	7.0        	-10.8      	5324      	-8.6
1198      	17:20:09  	540.3 	-4.7  	74    	13.0     	327   	7.0        	-10.9      	5330      	-8.6
1200      	17:20:11  	539.9 	-4.8  	74    	13.1     	328   	7.0        	-11.1      	5336      	-8.6
1202      	17:20:13  	539.5 	-4.9  	75    	13.1     	328   	7.0        	-11.1      	5342      	-8.7
1204      	17:20:15  	539.0 	-4.9  	75    	13.2     	328   	7.0        	-11.2      	5348      	-8.7
1206      	17:20:17  	538.6 	-5.0  	75    	13.2     	328   	6.9        	-11.2      	5354      	-8.8
1208      	17:20:19  	538.2 	-5.1  	75    	13.2     	329   	6.9        	-11.3      	5361      	-8.8
1210      	17:20:21  	537.8 	-5.1  	74    	13.2     	329   	6.8        	-11.3      	5367      	-8.9
1212      	17:20:23  	537.3 	-5.2  	74    	13.3     	329   	6.8        	-11.4      	5373      	-9.0
1214      	17:20:25  	536.9 	-5.2  	75    	13.2     	330   	6.7        	-11.4      	5380      	-9.0
1216      	17:20:27  	536.4 	-5.3  	75    	13.2     	330   	6.6        	-11.4      	5387      	-9.0
1218      	17:20:29  	536.0 	-5.3  	75    	13.2     	330   	6.6        	-11.4      	5393      	-9.1
1220      	17:20:31  	535.6 	-5.4  	75    	13.1     	330   	6.5        	-11.4      	5399      	-9.1
1222      	17:20:33  	535.1 	-5.5  	75    	13.2     	331   	6.5        	-11.5      	5406      	-9.1
1224      	17:20:35  	534.7 	-5.5  	76    	13.2     	331   	6.5        	-11.5      	5412      	-9.1
1226      	17:20:37  	534.3 	-5.6  	76    	13.2     	331   	6.4        	-11.6      	5418      	-9.1
1228      	17:20:39  	533.8 	-5.7  	76    	13.3     	331   	6.4        	-11.7      	5425      	-9.2
1230      	17:20:41  	533.4 	-5.7  	76    	13.3     	331   	6.4        	-11.7      	5431      	-9.2
1232      	17:20:43  	532.9 	-5.8  	76    	13.4     	332   	6.4        	-11.8      	5438      	-9.3
1234      	17:20:45  	532.5 	-5.8  	76    	13.6     	331   	6.5        	-11.9      	5445      	-9.3
1236      	17:20:47  	532.0 	-5.9  	76    	13.6     	331   	6.5        	-11.9      	5451      	-9.3
1238      	17:20:49  	531.6 	-6.0  	77    	13.7     	331   	6.6        	-12.0      	5458      	-9.4
1240      	17:20:51  	531.1 	-6.0  	77    	13.8     	331   	6.7        	-12.1      	5465      	-9.4
1242      	17:20:53  	530.7 	-6.1  	77    	13.9     	331   	6.8        	-12.1      	5471      	-9.4
1244      	17:20:55  	530.2 	-6.2  	77    	13.9     	331   	6.8        	-12.1      	5478      	-9.5
1246      	17:20:57  	529.8 	-6.2  	77    	13.9     	330   	6.9        	-12.1      	5485      	-9.5
1248      	17:20:59  	529.3 	-6.3  	78    	13.9     	330   	6.9        	-12.1      	5492      	-9.5
1250      	17:21:01  	528.8 	-6.3  	78    	13.9     	330   	6.9        	-12.1      	5498      	-9.5
1252      	17:21:03  	528.4 	-6.4  	78    	14.0     	330   	7.0        	-12.1      	5505      	-9.6
1254      	17:21:05  	527.9 	-6.5  	78    	13.8     	330   	6.9        	-12.0      	5512      	-9.6
1256      	17:21:07  	527.4 	-6.5  	79    	13.8     	330   	6.9        	-12.0      	5519      	-9.6
1258      	17:21:09  	527.0 	-6.6  	79    	13.8     	330   	6.9        	-12.0      	5526      	-9.6
1260      	17:21:11  	526.5 	-6.7  	79    	13.8     	330   	6.8        	-12.0      	5533      	-9.6
1262      	17:21:13  	526.1 	-6.7  	80    	13.9     	331   	6.8        	-12.1      	5539      	-9.7
1264      	17:21:15  	525.6 	-6.8  	80    	13.8     	331   	6.7        	-12.1      	5546      	-9.7
1266      	17:21:17  	525.1 	-6.9  	80    	13.9     	331   	6.7        	-12.2      	5553      	-9.8
1268      	17:21:19  	524.7 	-6.9  	80    	13.9     	331   	6.7        	-12.2      	5560      	-9.8
1270      	17:21:21  	524.2 	-7.0  	80    	14.0     	332   	6.6        	-12.3      	5567      	-9.9
1272      	17:21:23  	523.7 	-7.1  	80    	14.0     	332   	6.6        	-12.4      	5574      	-9.9
1274      	17:21:25  	523.3 	-7.1  	80    	14.0     	332   	6.6        	-12.4      	5581      	-10.0
1276      	17:21:27  	522.8 	-7.2  	80    	14.1     	332   	6.6        	-12.5      	5588      	-10.1
1278      	17:21:29  	522.3 	-7.3  	80    	14.2     	332   	6.6        	-12.6      	5595      	-10.1
1280      	17:21:31  	521.8 	-7.3  	80    	14.2     	332   	6.6        	-12.6      	5602      	-10.1
1282      	17:21:33  	521.4 	-7.4  	80    	14.3     	333   	6.6        	-12.7      	5609      	-10.2
1284      	17:21:35  	520.9 	-7.5  	80    	14.3     	333   	6.6        	-12.7      	5617      	-10.2
1286      	17:21:37  	520.4 	-7.5  	80    	14.3     	333   	6.6        	-12.7      	5624      	-10.3
1288      	17:21:39  	519.9 	-7.6  	80    	14.4     	333   	6.5        	-12.8      	5631      	-10.4
1290      	17:21:41  	519.5 	-7.6  	80    	14.4     	333   	6.5        	-12.8      	5638      	-10.4
1292      	17:21:43  	519.0 	-7.7  	80    	14.4     	333   	6.5        	-12.9      	5645      	-10.5
1294      	17:21:45  	518.6 	-7.8  	80    	14.4     	333   	6.5        	-12.9      	5652      	-10.6
1296      	17:21:47  	518.1 	-7.8  	80    	14.4     	333   	6.5        	-12.9      	5658      	-10.7
1298      	17:21:49  	517.6 	-7.9  	80    	14.4     	333   	6.5        	-12.9      	5665      	-10.7
1300      	17:21:51  	517.2 	-8.0  	80    	14.4     	333   	6.5        	-12.9      	5672      	-10.8
1302      	17:21:53  	516.7 	-8.0  	80    	14.4     	334   	6.4        	-12.9      	5680      	-10.8
1304      	17:21:55  	516.2 	-8.1  	80    	14.4     	334   	6.4        	-12.9      	5687      	-10.8
1306      	17:21:57  	515.7 	-8.2  	81    	14.4     	334   	6.4        	-12.9      	5694      	-10.9
1308      	17:21:59  	515.2 	-8.2  	80    	14.4     	334   	6.4        	-12.9      	5701      	-11.0
1310      	17:22:01  	514.8 	-8.3  	80    	14.4     	334   	6.3        	-12.9      	5709      	-11.1
1312      	17:22:03  	514.3 	-8.3  	80    	14.3     	334   	6.2        	-12.9      	5716      	-11.2
1314      	17:22:05  	513.8 	-8.4  	79    	14.3     	335   	6.0        	-13.0      	5723      	-11.3
1316      	17:22:07  	513.3 	-8.5  	79    	14.2     	336   	5.8        	-13.0      	5731      	-11.5
1318      	17:22:09  	512.8 	-8.5  	78    	14.3     	336   	5.7        	-13.1      	5738      	-11.6
1320      	17:22:11  	512.4 	-8.6  	78    	14.3     	337   	5.5        	-13.2      	5745      	-11.7
1322      	17:22:13  	511.9 	-8.6  	78    	14.4     	338   	5.4        	-13.3      	5752      	-11.8
1324      	17:22:15  	511.4 	-8.7  	78    	14.4     	339   	5.2        	-13.4      	5759      	-11.9
1326      	17:22:17  	510.9 	-8.7  	78    	14.5     	340   	5.0        	-13.6      	5767      	-11.9
1328      	17:22:19  	510.5 	-8.8  	77    	14.6     	341   	4.8        	-13.8      	5774      	-12.0
1330      	17:22:21  	510.0 	-8.9  	77    	14.6     	342   	4.6        	-13.9      	5781      	-12.1
1332      	17:22:23  	509.5 	-9.0  	77    	14.7     	342   	4.5        	-14.0      	5788      	-12.2
1334      	17:22:25  	509.1 	-9.0  	77    	14.8     	342   	4.5        	-14.1      	5795      	-12.3
1336      	17:22:27  	508.6 	-9.1  	77    	14.9     	343   	4.4        	-14.2      	5802      	-12.4
1338      	17:22:29  	508.1 	-9.1  	76    	15.0     	343   	4.3        	-14.4      	5809      	-12.5
1340      	17:22:31  	507.7 	-9.2  	76    	15.2     	344   	4.2        	-14.6      	5816      	-12.6
1342      	17:22:33  	507.2 	-9.3  	75    	15.4     	344   	4.2        	-14.8      	5823      	-12.8
1344      	17:22:35  	506.8 	-9.3  	75    	15.6     	345   	4.1        	-15.0      	5830      	-12.9
1346      	17:22:37  	506.3 	-9.3  	74    	15.6     	345   	4.1        	-15.0      	5837      	-13.1
1348      	17:22:39  	505.9 	-9.3  	73    	15.6     	345   	4.1        	-15.1      	5844      	-13.2
1350      	17:22:41  	505.4 	-9.4  	72    	15.7     	345   	4.0        	-15.2      	5851      	-13.4
1352      	17:22:43  	504.9 	-9.4  	71    	15.9     	345   	4.0        	-15.4      	5858      	-13.6
1354      	17:22:45  	504.5 	-9.4  	70    	16.0     	346   	4.0        	-15.5      	5865      	-13.9
1356      	17:22:47  	504.0 	-9.4  	68    	16.1     	346   	3.9        	-15.6      	5872      	-14.1
1358      	17:22:49  	503.5 	-9.5  	68    	16.2     	346   	3.9        	-15.7      	5880      	-14.3
1360      	17:22:51  	503.1 	-9.5  	67    	16.2     	346   	3.8        	-15.7      	5887      	-14.5
1362      	17:22:53  	502.6 	-9.5  	66    	16.3     	346   	3.8        	-15.8      	5894      	-14.6
1364      	17:22:55  	502.1 	-9.6  	66    	16.3     	347   	3.6        	-15.9      	5901      	-14.7
1366      	17:22:57  	501.6 	-9.6  	66    	16.4     	348   	3.4        	-16.0      	5909      	-14.8
1368      	17:22:59  	501.2 	-9.7  	66    	16.4     	348   	3.3        	-16.1      	5916      	-14.8
1370      	17:23:01  	500.7 	-9.8  	66    	16.5     	349   	3.2        	-16.2      	5923      	-14.8
1372      	17:23:03  	500.2 	-9.8  	67    	16.6     	350   	3.0        	-16.3      	5930      	-14.8
1374      	17:23:05  	499.8 	-9.9  	67    	16.6     	350   	2.8        	-16.4      	5938      	-14.8
1376      	17:23:07  	499.3 	-9.9  	67    	16.7     	351   	2.6        	-16.5      	5945      	-14.8
1378      	17:23:09  	498.8 	-10.0 	68    	16.8     	352   	2.3        	-16.6      	5952      	-14.3
1380      	17:23:11  	498.3 	-10.0 	68    	16.8     	353   	2.0        	-16.7      	5960      	-14.4
1382      	17:23:13  	497.9 	-10.1 	68    	17.0     	354   	1.7        	-16.9      	5967      	-14.3
1384      	17:23:15  	497.4 	-10.1 	68    	17.0     	355   	1.6        	-16.9      	5974      	-14.3
1386      	17:23:17  	496.9 	-10.1 	68    	17.0     	355   	1.4        	-16.9      	5982      	-14.4
1388      	17:23:19  	496.5 	-10.2 	67    	17.0     	356   	1.2        	-17.0      	5989      	-14.6
1390      	17:23:21  	496.0 	-10.2 	66    	17.0     	356   	1.1        	-17.0      	5996      	-14.8
1392      	17:23:23  	495.6 	-10.2 	66    	17.1     	357   	0.9        	-17.1      	6003      	-14.9
1394      	17:23:25  	495.1 	-10.2 	65    	17.1     	358   	0.7        	-17.1      	6010      	-14.9
1396      	17:23:27  	494.7 	-10.3 	65    	17.1     	358   	0.7        	-17.1      	6017      	-15.0
1398      	17:23:29  	494.2 	-10.3 	66    	17.1     	358   	0.6        	-17.1      	6024      	-15.0
1400      	17:23:31  	493.7 	-10.4 	66    	17.1     	358   	0.6        	-17.1      	6031      	-15.0
1402      	17:23:33  	493.3 	-10.4 	67    	17.1     	358   	0.5        	-17.1      	6038      	-14.8
1404      	17:23:35  	492.8 	-10.5 	68    	17.1     	359   	0.4        	-17.1      	6046      	-14.7
1406      	17:23:37  	492.3 	-10.6 	69    	17.0     	359   	0.3        	-17.0      	6053      	-14.7
1408      	17:23:39  	491.9 	-10.6 	69    	17.0     	359   	0.2        	-17.0      	6060      	-14.7
1410      	17:23:41  	491.4 	-10.7 	69    	17.0     	359   	0.2        	-17.0      	6067      	-14.8
1412      	17:23:43  	490.9 	-10.7 	68    	16.9     	360   	0.1        	-16.9      	6075      	-15.0
1414      	17:23:45  	490.5 	-10.8 	67    	16.9     	360   	0.1        	-16.9      	6082      	-15.2
1416      	17:23:47  	490.0 	-10.8 	65    	16.9     	360   	0.0        	-16.9      	6089      	-15.5
1418      	17:23:49  	489.6 	-10.8 	64    	16.8     	360   	0.0        	-16.8      	6097      	-15.8
1420      	17:23:51  	489.1 	-10.9 	62    	16.7     	001   	-0.3       	-16.7      	6104      	-16.0
1422      	17:23:53  	488.6 	-10.9 	62    	16.6     	001   	-0.4       	-16.6      	6111      	-16.2
1424      	17:23:55  	488.2 	-10.9 	62    	16.6     	002   	-0.5       	-16.6      	6118      	-16.2
1426      	17:23:57  	487.7 	-11.0 	62    	16.6     	002   	-0.6       	-16.6      	6125      	-16.2
1428      	17:23:59  	487.3 	-11.0 	62    	16.5     	002   	-0.6       	-16.5      	6133      	-16.2
1430      	17:24:01  	486.8 	-11.0 	64    	16.6     	003   	-0.9       	-16.6      	6140      	-16.0
1432      	17:24:03  	486.4 	-11.1 	66    	16.6     	004   	-1.1       	-16.6      	6147      	-15.7
1434      	17:24:05  	485.9 	-11.1 	68    	16.8     	004   	-1.3       	-16.7      	6154      	-15.4
1436      	17:24:07  	485.5 	-11.2 	70    	16.8     	005   	-1.5       	-16.7      	6160      	-15.1
1438      	17:24:09  	485.1 	-11.2 	71    	16.9     	005   	-1.6       	-16.8      	6167      	-14.9
1440      	17:24:11  	484.6 	-11.3 	73    	17.0     	006   	-1.7       	-16.9      	6174      	-14.8
1442      	17:24:13  	484.2 	-11.3 	74    	17.1     	006   	-1.9       	-17.0      	6182      	-14.6
1444      	17:24:15  	483.7 	-11.4 	76    	17.3     	007   	-2.1       	-17.2      	6189      	-14.5
1446      	17:24:17  	483.3 	-11.4 	77    	17.6     	008   	-2.3       	-17.4      	6196      	-14.4
1448      	17:24:19  	482.8 	-11.4 	77    	17.7     	008   	-2.5       	-17.5      	6203      	-14.3
1450      	17:24:21  	482.4 	-11.5 	78    	17.8     	008   	-2.6       	-17.6      	6210      	-14.3
1452      	17:24:23  	481.9 	-11.5 	78    	17.8     	009   	-2.7       	-17.6      	6217      	-14.3
1454      	17:24:25  	481.5 	-11.6 	78    	17.9     	009   	-2.8       	-17.7      	6224      	-14.3
1456      	17:24:27  	481.1 	-11.6 	78    	17.9     	009   	-2.8       	-17.7      	6231      	-14.3
1458      	17:24:29  	480.6 	-11.6 	78    	17.8     	009   	-2.8       	-17.6      	6238      	-14.3
1460      	17:24:31  	480.2 	-11.6 	78    	17.8     	009   	-2.8       	-17.6      	6245      	-14.3
1462      	17:24:33  	479.8 	-11.6 	78    	17.7     	009   	-2.8       	-17.5      	6252      	-14.4
1464      	17:24:35  	479.3 	-11.6 	77    	17.6     	009   	-2.7       	-17.4      	6259      	-14.5
1466      	17:24:37  	478.9 	-11.6 	77    	17.5     	009   	-2.6       	-17.3      	6265      	-14.6
1468      	17:24:39  	478.4 	-11.6 	75    	17.4     	008   	-2.5       	-17.2      	6273      	-14.7
1470      	17:24:41  	478.0 	-11.6 	74    	17.2     	007   	-2.2       	-17.1      	6280      	-15.0
1472      	17:24:43  	477.6 	-11.6 	72    	17.0     	007   	-2.0       	-16.9      	6287      	-15.2
1474      	17:24:45  	477.1 	-11.6 	69    	16.9     	006   	-1.8       	-16.8      	6294      	-15.6
1476      	17:24:47  	476.7 	-11.6 	67    	16.9     	005   	-1.6       	-16.8      	6301      	-16.0
1478      	17:24:49  	476.2 	-11.6 	65    	16.9     	005   	-1.4       	-16.8      	6308      	-16.4
1480      	17:24:51  	475.8 	-11.6 	63    	16.9     	004   	-1.3       	-16.8      	6315      	-16.8
1482      	17:24:53  	475.4 	-11.7 	61    	16.8     	003   	-1.0       	-16.8      	6322      	-17.1
1484      	17:24:55  	474.9 	-11.7 	59    	16.7     	002   	-0.7       	-16.7      	6329      	-17.4
1486      	17:24:57  	474.5 	-11.7 	57    	16.6     	002   	-0.5       	-16.6      	6336      	-17.7
1488      	17:24:59  	474.1 	-11.7 	56    	16.4     	001   	-0.3       	-16.4      	6343      	-17.9
1490      	17:25:01  	473.6 	-11.7 	55    	16.3     	360   	0.0        	-16.3      	6350      	-18.2
1492      	17:25:03  	473.2 	-11.7 	46    	16.2     	360   	0.0        	-16.2      	6357      	-20.1
1494      	17:25:05  	472.8 	-11.7 	40    	16.1     	359   	0.2        	-16.1      	6364      	-21.4
1496      	17:25:07  	472.4 	-11.6 	38    	15.8     	358   	0.5        	-15.8      	6371      	-21.9
1498      	17:25:09  	471.9 	-11.6 	37    	15.5     	357   	0.8        	-15.5      	6378      	-22.3
1500      	17:25:11  	471.5 	-11.6 	28    	15.3     	356   	1.1        	-15.3      	6384      	-24.9
1502      	17:25:13  	471.1 	-11.6 	24    	15.2     	355   	1.3        	-15.1      	6391      	-26.7
1504      	17:25:15  	470.7 	-11.6 	23    	15.0     	354   	1.5        	-14.9      	6398      	-27.0
1506      	17:25:17  	470.3 	-11.6 	22    	14.9     	353   	1.7        	-14.8      	6405      	-27.5
1508      	17:25:19  	469.8 	-11.6 	21    	14.7     	352   	2.1        	-14.5      	6412      	-27.9
1510      	17:25:21  	469.4 	-11.6 	20    	14.4     	350   	2.6        	-14.2      	6419      	-28.6
1512      	17:25:23  	468.9 	-11.6 	18    	14.1     	348   	3.0        	-13.8      	6426      	-29.3
1514      	17:25:25  	468.5 	-11.5 	16    	14.0     	346   	3.4        	-13.6      	6433      	-30.1
1516      	17:25:27  	468.1 	-11.4 	15    	13.9     	345   	3.7        	-13.4      	6441      	-31.2
1518      	17:25:29  	467.7 	-11.3 	13    	13.8     	343   	4.0        	-13.2      	6447      	-32.4
1520      	17:25:31  	467.3 	-11.2 	11    	13.7     	341   	4.4        	-13.0      	6454      	-33.5
1522      	17:25:33  	466.9 	-11.1 	10    	13.6     	339   	4.8        	-12.7      	6460      	-34.7
1524      	17:25:35  	466.5 	-11.1 	9     	13.5     	337   	5.2        	-12.5      	6467      	-35.8
1526      	17:25:37  	466.1 	-11.0 	8     	13.5     	335   	5.7        	-12.2      	6473      	-36.7
1528      	17:25:39  	465.7 	-11.0 	7     	13.5     	334   	5.9        	-12.1      	6480      	-37.4
1530      	17:25:41  	465.3 	-11.0 	7     	13.4     	333   	6.0        	-12.0      	6486      	-37.9
1532      	17:25:43  	464.9 	-11.0 	7     	13.5     	333   	6.1        	-12.0      	6493      	-38.0
1534      	17:25:45  	464.4 	-11.0 	7     	13.6     	332   	6.3        	-12.0      	6500      	-38.0
1536      	17:25:47  	464.0 	-11.1 	7     	13.7     	332   	6.4        	-12.1      	6508      	-37.9
1538      	17:25:49  	463.6 	-11.1 	7     	13.7     	332   	6.5        	-12.1      	6514      	-37.8
1540      	17:25:51  	463.2 	-11.2 	7     	13.9     	332   	6.5        	-12.3      	6521      	-37.7
1542      	17:25:53  	462.8 	-11.2 	7     	14.0     	332   	6.5        	-12.4      	6528      	-37.5
1544      	17:25:55  	462.4 	-11.3 	7     	14.2     	333   	6.5        	-12.6      	6535      	-37.4
1546      	17:25:57  	462.0 	-11.3 	7     	14.3     	333   	6.4        	-12.8      	6541      	-37.4
1548      	17:25:59  	461.6 	-11.4 	7     	14.6     	334   	6.4        	-13.1      	6548      	-37.5
1550      	17:26:01  	461.2 	-11.5 	7     	14.7     	335   	6.3        	-13.3      	6555      	-37.8
1552      	17:26:03  	460.8 	-11.5 	7     	14.9     	335   	6.3        	-13.5      	6561      	-38.0
1554      	17:26:05  	460.4 	-11.6 	7     	15.1     	335   	6.3        	-13.7      	6568      	-38.2
1556      	17:26:07  	460.0 	-11.6 	7     	15.1     	336   	6.2        	-13.8      	6574      	-38.4
1558      	17:26:09  	459.6 	-11.6 	7     	15.2     	336   	6.2        	-13.9      	6581      	-38.7
1560      	17:26:11  	459.2 	-11.7 	6     	15.4     	337   	6.1        	-14.1      	6587      	-39.0
1562      	17:26:13  	458.8 	-11.8 	6     	15.5     	337   	6.1        	-14.2      	6594      	-39.2
1564      	17:26:15  	458.4 	-11.8 	6     	15.6     	337   	6.1        	-14.4      	6600      	-39.3
1566      	17:26:17  	458.0 	-11.9 	6     	15.6     	337   	6.0        	-14.4      	6607      	-39.4
1568      	17:26:19  	457.6 	-11.9 	6     	15.7     	338   	6.0        	-14.5      	6613      	-39.5
1570      	17:26:21  	457.2 	-12.0 	6     	15.7     	338   	6.0        	-14.5      	6620      	-39.6
1572      	17:26:23  	456.8 	-12.0 	6     	15.7     	338   	5.9        	-14.6      	6627      	-39.6
1574      	17:26:25  	456.5 	-12.1 	6     	15.7     	338   	5.9        	-14.6      	6633      	-39.7
1576      	17:26:27  	456.1 	-12.2 	6     	15.8     	338   	5.8        	-14.7      	6640      	-39.7
1578      	17:26:29  	455.7 	-12.2 	6     	15.8     	338   	5.8        	-14.7      	6646      	-39.7
1580      	17:26:31  	455.3 	-12.3 	6     	15.9     	339   	5.8        	-14.8      	6653      	-39.8
1582      	17:26:33  	454.9 	-12.3 	6     	15.9     	339   	5.7        	-14.8      	6659      	-39.8
1584      	17:26:35  	454.5 	-12.4 	6     	15.9     	339   	5.7        	-14.8      	6666      	-39.9
1586      	17:26:37  	454.1 	-12.5 	6     	15.8     	339   	5.6        	-14.8      	6673      	-40.0
1588      	17:26:39  	453.7 	-12.5 	6     	15.8     	339   	5.6        	-14.8      	6679      	-40.1
1590      	17:26:41  	453.3 	-12.6 	6     	15.8     	339   	5.6        	-14.8      	6686      	-40.1
1592      	17:26:43  	452.9 	-12.6 	6     	15.8     	339   	5.6        	-14.8      	6692      	-40.2
1594      	17:26:45  	452.6 	-12.7 	6     	15.7     	339   	5.6        	-14.7      	6698      	-40.2
1596      	17:26:47  	452.2 	-12.8 	6     	15.8     	339   	5.6        	-14.8      	6705      	-40.1
1598      	17:26:49  	451.8 	-12.8 	6     	15.9     	339   	5.6        	-14.9      	6711      	-40.2
1600      	17:26:51  	451.5 	-12.9 	6     	15.9     	339   	5.6        	-14.9      	6718      	-40.1
1602      	17:26:53  	451.1 	-13.0 	6     	16.0     	340   	5.6        	-15.0      	6724      	-40.1
1604      	17:26:55  	450.7 	-13.0 	6     	16.1     	340   	5.6        	-15.1      	6730      	-40.1
1606      	17:26:57  	450.4 	-13.1 	6     	16.1     	340   	5.6        	-15.1      	6736      	-40.0
1608      	17:26:59  	450.0 	-13.1 	7     	16.2     	340   	5.6        	-15.2      	6742      	-40.0
1610      	17:27:01  	449.6 	-13.2 	7     	16.3     	340   	5.5        	-15.3      	6748      	-40.0
1612      	17:27:03  	449.3 	-13.2 	7     	16.3     	341   	5.4        	-15.4      	6754      	-40.0
1614      	17:27:05  	448.9 	-13.3 	7     	16.3     	341   	5.3        	-15.4      	6761      	-40.0
1616      	17:27:07  	448.5 	-13.4 	7     	16.3     	341   	5.3        	-15.4      	6767      	-40.0
1618      	17:27:09  	448.1 	-13.4 	7     	16.3     	341   	5.2        	-15.4      	6773      	-40.0
1620      	17:27:11  	447.8 	-13.4 	7     	16.2     	342   	5.1        	-15.4      	6780      	-40.0
1622      	17:27:13  	447.4 	-13.5 	7     	16.2     	342   	5.0        	-15.4      	6786      	-40.2
1624      	17:27:15  	447.1 	-13.5 	7     	16.2     	343   	4.8        	-15.5      	6792      	-40.3
1626      	17:27:17  	446.7 	-13.6 	7     	16.2     	343   	4.7        	-15.5      	6798      	-40.4
1628      	17:27:19  	446.3 	-13.6 	7     	16.1     	344   	4.5        	-15.5      	6804      	-40.4
1630      	17:27:21  	446.0 	-13.7 	6     	16.2     	344   	4.5        	-15.6      	6810      	-40.5
1632      	17:27:23  	445.6 	-13.7 	6     	16.2     	344   	4.4        	-15.6      	6816      	-40.6
1634      	17:27:25  	445.3 	-13.8 	6     	16.2     	345   	4.3        	-15.6      	6822      	-40.7
1636      	17:27:27  	444.9 	-13.8 	6     	16.2     	345   	4.3        	-15.6      	6828      	-40.7
1638      	17:27:29  	444.6 	-13.9 	6     	16.2     	345   	4.3        	-15.6      	6834      	-40.8
1640      	17:27:31  	444.2 	-13.9 	6     	16.2     	345   	4.3        	-15.6      	6840      	-40.8
1642      	17:27:33  	443.9 	-14.0 	6     	16.2     	344   	4.4        	-15.6      	6846      	-40.9
1644      	17:27:35  	443.5 	-14.0 	6     	16.2     	344   	4.5        	-15.6      	6852      	-41.0
1646      	17:27:37  	443.2 	-14.1 	6     	16.2     	343   	4.6        	-15.5      	6858      	-41.0
1648      	17:27:39  	442.8 	-14.1 	6     	NaN      	NaN   	999999.0   	999999.0   	6864      	-41.0
1650      	17:27:41  	442.4 	-14.1 	6     	NaN      	NaN   	999999.0   	999999.0   	6871      	-40.9
1652      	17:27:43  	442.1 	-14.2 	7     	NaN      	NaN   	999999.0   	999999.0   	6877      	-40.9
1654      	17:27:45  	441.7 	-15.1 	7     	NaN      	NaN   	999999.0   	999999.0   	NaN       	-41.6
1656      	17:27:47  	441.4 	-15.2 	6     	NaN      	NaN   	999999.0   	999999.0   	NaN       	-41.7
1658      	17:27:49  	441.0 	-15.2 	6     	NaN      	NaN   	999999.0   	999999.0   	NaN       	-42.0
1660      	17:27:51  	440.7 	-15.2 	6     	NaN      	NaN   	999999.0   	999999.0   	NaN       	-42.1
1662      	17:27:53  	440.3 	-15.3 	6     	NaN      	NaN   	999999.0   	999999.0   	NaN       	-42.5
1664      	17:27:55  	439.9 	-15.3 	5     	NaN      	NaN   	999999.0   	999999.0   	NaN       	-43.5
1666      	17:27:57  	439.6 	-15.4 	5     	NaN      	NaN   	999999.0   	999999.0   	NaN       	-44.4
1668      	17:27:59  	439.2 	-15.4 	4     	NaN      	NaN   	999999.0   	999999.0   	NaN       	-45.5
1670      	17:28:01  	438.9 	-15.4 	4     	NaN      	NaN   	999999.0   	999999.0   	NaN       	-46.7
1672      	17:28:03  	438.5 	-15.5 	3     	NaN      	NaN   	999999.0   	999999.0   	NaN       	-47.7
1674      	17:28:05  	438.2 	-15.5 	3     	NaN      	NaN   	999999.0   	999999.0   	NaN       	-49.3
1676      	17:28:07  	437.8 	-15.6 	3     	NaN      	NaN   	999999.0   	999999.0   	NaN       	-48.3
1678      	17:28:09  	437.4 	-15.6 	3     	NaN      	NaN   	999999.0   	999999.0   	NaN       	-48.1
1680      	17:28:11  	437.1 	-15.6 	4     	NaN      	NaN   	999999.0   	999999.0   	NaN       	-47.1
1682      	17:28:13  	436.7 	-15.7 	4     	NaN      	NaN   	999999.0   	999999.0   	NaN       	-46.0
1684      	17:28:15  	436.4 	-15.7 	5     	NaN      	NaN   	999999.0   	999999.0   	NaN       	-45.1
1686      	17:28:17  	436.0 	-15.8 	5     	NaN      	NaN   	999999.0   	999999.0   	NaN       	-44.4
1688      	17:28:19  	435.7 	-15.8 	5     	NaN      	NaN   	999999.0   	999999.0   	NaN       	-44.0
1690      	17:28:21  	435.3 	-15.8 	5     	NaN      	NaN   	999999.0   	999999.0   	NaN       	-43.9
1692      	17:28:23  	434.9 	-15.9 	5     	NaN      	NaN   	999999.0   	999999.0   	NaN       	-43.8
1694      	17:28:25  	434.6 	-15.9 	5     	NaN      	NaN   	999999.0   	999999.0   	NaN       	-43.8
1696      	17:28:27  	434.2 	-16.0 	5     	NaN      	NaN   	999999.0   	999999.0   	NaN       	-43.9
1698      	17:28:29  	433.9 	-16.0 	5     	NaN      	NaN   	999999.0   	999999.0   	NaN       	-43.9
1700      	17:28:31  	433.5 	-16.1 	5     	NaN      	NaN   	999999.0   	999999.0   	NaN       	-43.9
1702      	17:28:33  	433.2 	-16.1 	5     	NaN      	NaN   	999999.0   	999999.0   	NaN       	-43.9
1704      	17:28:35  	432.8 	-16.1 	6     	NaN      	NaN   	999999.0   	999999.0   	NaN       	-43.9
1706      	17:28:37  	432.4 	-16.2 	6     	NaN      	NaN   	999999.0   	999999.0   	NaN       	-43.8
1708      	17:28:39  	432.1 	-16.2 	6     	NaN      	NaN   	999999.0   	999999.0   	NaN       	-43.9
1710      	17:28:41  	431.7 	-16.2 	6     	NaN      	NaN   	999999.0   	999999.0   	NaN       	-43.9
1712      	17:28:43  	431.4 	-16.3 	6     	NaN      	NaN   	999999.0   	999999.0   	NaN       	-44.0
1714      	17:28:45  	431.0 	-16.3 	5     	NaN      	NaN   	999999.0   	999999.0   	NaN       	-44.1
1716      	17:28:47  	430.7 	-16.3 	5     	NaN      	NaN   	999999.0   	999999.0   	NaN       	-44.2
1718      	17:28:49  	430.3 	-16.3 	5     	NaN      	NaN   	999999.0   	999999.0   	NaN       	-44.3
1720      	17:28:51  	429.9 	-16.4 	5     	NaN      	NaN   	999999.0   	999999.0   	NaN       	-44.3
1722      	17:28:53  	429.6 	-16.4 	5     	NaN      	NaN   	999999.0   	999999.0   	NaN       	-44.3
1724      	17:28:55  	429.2 	-16.4 	5     	NaN      	NaN   	999999.0   	999999.0   	NaN       	-44.2
1726      	17:28:57  	428.9 	-16.5 	6     	NaN      	NaN   	999999.0   	999999.0   	NaN       	-44.1
1728      	17:28:59  	428.5 	-16.5 	6     	NaN      	NaN   	999999.0   	999999.0   	NaN       	-44.1
1730      	17:29:01  	428.2 	-16.6 	6     	NaN      	NaN   	999999.0   	999999.0   	NaN       	-44.0
1732      	17:29:03  	427.8 	-16.6 	6     	NaN      	NaN   	999999.0   	999999.0   	NaN       	-44.0
1734      	17:29:05  	427.4 	-16.7 	6     	NaN      	NaN   	999999.0   	999999.0   	NaN       	-43.9
1736      	17:29:07  	427.1 	-16.7 	6     	NaN      	NaN   	999999.0   	999999.0   	NaN       	-43.9
1738      	17:29:09  	426.7 	-16.7 	6     	NaN      	NaN   	999999.0   	999999.0   	NaN       	-44.0
1740      	17:29:11  	426.4 	-16.8 	6     	NaN      	NaN   	999999.0   	999999.0   	NaN       	-43.8
1742      	17:29:13  	426.0 	-16.8 	6     	NaN      	NaN   	999999.0   	999999.0   	NaN       	-43.8
1744      	17:29:15  	425.7 	-16.9 	6     	NaN      	NaN   	999999.0   	999999.0   	NaN       	-43.8
1746      	17:29:17  	425.3 	-16.9 	6     	NaN      	NaN   	999999.0   	999999.0   	NaN       	-43.7
1748      	17:29:19  	424.9 	-17.0 	6     	NaN      	NaN   	999999.0   	999999.0   	NaN       	-43.8
1750      	17:29:21  	424.6 	-17.0 	6     	NaN      	NaN   	999999.0   	999999.0   	NaN       	-43.9
1752      	17:29:23  	424.2 	-17.1 	6     	NaN      	NaN   	999999.0   	999999.0   	NaN       	-43.8
1754      	17:29:25  	423.9 	-17.1 	6     	NaN      	NaN   	999999.0   	999999.0   	NaN       	-43.8
1756      	17:29:27  	423.5 	-17.1 	6     	NaN      	NaN   	999999.0   	999999.0   	NaN       	-43.9
1758      	17:29:29  	423.2 	-17.2 	6     	NaN      	NaN   	999999.0   	999999.0   	NaN       	-44.0
1760      	17:29:31  	422.8 	-17.2 	6     	NaN      	NaN   	999999.0   	999999.0   	NaN       	-44.1
1762      	17:29:33  	422.4 	-17.3 	6     	NaN      	NaN   	999999.0   	999999.0   	NaN       	-44.2
1764      	17:29:35  	422.1 	-17.3 	6     	NaN      	NaN   	999999.0   	999999.0   	NaN       	-44.3
1766      	17:29:37  	421.7 	-17.4 	6     	NaN      	NaN   	999999.0   	999999.0   	NaN       	-44.5
1768      	17:29:39  	421.4 	-17.4 	6     	NaN      	NaN   	999999.0   	999999.0   	NaN       	-44.7
1770      	17:29:41  	421.0 	-17.5 	6     	NaN      	NaN   	999999.0   	999999.0   	NaN       	-45.0
1772      	17:29:43  	420.7 	-17.5 	6     	NaN      	NaN   	999999.0   	999999.0   	NaN       	-45.0
1774      	17:29:45  	420.3 	-17.5 	5     	NaN      	NaN   	999999.0   	999999.0   	NaN       	-45.1
1776      	17:29:47  	419.9 	-17.6 	5     	NaN      	NaN   	999999.0   	999999.0   	NaN       	-45.3
1778      	17:29:49  	419.6 	-17.6 	5     	NaN      	NaN   	999999.0   	999999.0   	NaN       	-45.4
1780      	17:29:51  	419.2 	-17.7 	5     	NaN      	NaN   	999999.0   	999999.0   	NaN       	-45.8
1782      	17:29:53  	418.9 	-17.7 	5     	NaN      	NaN   	999999.0   	999999.0   	NaN       	-45.9
1784      	17:29:55  	418.5 	-17.8 	5     	NaN      	NaN   	999999.0   	999999.0   	NaN       	-45.9
1786      	17:29:57  	418.2 	-17.8 	5     	NaN      	NaN   	999999.0   	999999.0   	NaN       	-46.0
1788      	17:29:59  	417.8 	-17.9 	5     	NaN      	NaN   	999999.0   	999999.0   	NaN       	-46.3
1790      	17:30:01  	417.4 	-17.9 	5     	NaN      	NaN   	999999.0   	999999.0   	NaN       	-46.2
1792      	17:30:03  	417.1 	-17.9 	5     	NaN      	NaN   	999999.0   	999999.0   	NaN       	-46.3
1794      	17:30:05  	416.7 	-18.0 	5     	NaN      	NaN   	999999.0   	999999.0   	NaN       	-46.9
1796      	17:30:07  	416.4 	-18.0 	4     	NaN      	NaN   	999999.0   	999999.0   	NaN       	-47.4
1798      	17:30:09  	416.0 	-18.0 	4     	NaN      	NaN   	999999.0   	999999.0   	NaN       	-48.0
1800      	17:30:11  	415.7 	-18.1 	4     	NaN      	NaN   	999999.0   	999999.0   	NaN       	-48.7
1802      	17:30:13  	415.3 	-18.1 	3     	NaN      	NaN   	999999.0   	999999.0   	NaN       	-49.4
1804      	17:30:15  	414.9 	-18.1 	3     	NaN      	NaN   	999999.0   	999999.0   	NaN       	-50.1
1806      	17:30:17  	414.6 	-18.2 	3     	NaN      	NaN   	999999.0   	999999.0   	NaN       	-50.9
1808      	17:30:19  	414.2 	-18.2 	3     	NaN      	NaN   	999999.0   	999999.0   	NaN       	-51.8
1810      	17:30:21  	413.9 	-18.3 	2     	NaN      	NaN   	999999.0   	999999.0   	NaN       	-52.8
1812      	17:30:23  	413.5 	-18.3 	2     	NaN      	NaN   	999999.0   	999999.0   	NaN       	-53.7
1814      	17:30:25  	413.2 	-18.3 	2     	NaN      	NaN   	999999.0   	999999.0   	NaN       	-54.5
1816      	17:30:27  	412.8 	-18.4 	2     	NaN      	NaN   	999999.0   	999999.0   	NaN       	-55.2
1818      	17:30:29  	412.4 	-18.4 	2     	NaN      	NaN   	999999.0   	999999.0   	NaN       	-55.6
1820      	17:30:31  	412.1 	-18.5 	2     	NaN      	NaN   	999999.0   	999999.0   	NaN       	-56.1
1822      	17:30:33  	411.7 	-18.5 	1     	NaN      	NaN   	999999.0   	999999.0   	NaN       	-56.4
1824      	17:30:35  	411.4 	-18.5 	1     	NaN      	NaN   	999999.0   	999999.0   	NaN       	-56.7
1826      	17:30:37  	411.0 	-18.6 	1     	NaN      	NaN   	999999.0   	999999.0   	NaN       	-56.7
1828      	17:30:39  	410.7 	-18.6 	1     	NaN      	NaN   	999999.0   	999999.0   	NaN       	-56.9
1830      	17:30:41  	410.3 	-18.7 	1     	NaN      	NaN   	999999.0   	999999.0   	NaN       	-56.9
1832      	17:30:43  	409.9 	-18.7 	1     	NaN      	NaN   	999999.0   	999999.0   	NaN       	-56.9
1834      	17:30:45  	409.6 	-18.7 	1     	NaN      	NaN   	999999.0   	999999.0   	NaN       	-56.9
1836      	17:30:47  	409.2 	-18.8 	1     	NaN      	NaN   	999999.0   	999999.0   	NaN       	-56.9
1838      	17:30:49  	408.9 	-18.8 	1     	NaN      	NaN   	999999.0   	999999.0   	NaN       	-56.9
1840      	17:30:51  	408.5 	-18.9 	1     	NaN      	NaN   	999999.0   	999999.0   	NaN       	-56.9
1842      	17:30:53  	408.2 	-18.9 	1     	NaN      	NaN   	999999.0   	999999.0   	NaN       	-56.9
1844      	17:30:55  	407.8 	-18.9 	1     	NaN      	NaN   	999999.0   	999999.0   	NaN       	-56.9
1846      	17:30:57  	407.4 	-19.0 	1     	NaN      	NaN   	999999.0   	999999.0   	NaN       	-56.9
1848      	17:30:59  	407.1 	-19.0 	1     	NaN      	NaN   	999999.0   	999999.0   	NaN       	-57.0
1850      	17:31:01  	406.7 	-19.1 	1     	NaN      	NaN   	999999.0   	999999.0   	NaN       	-57.0
1852      	17:31:03  	406.4 	-19.1 	1     	NaN      	NaN   	999999.0   	999999.0   	NaN       	-57.0
1854      	17:31:05  	406.0 	-19.2 	1     	NaN      	NaN   	999999.0   	999999.0   	NaN       	-57.0
1856      	17:31:07  	405.7 	-19.2 	1     	NaN      	NaN   	999999.0   	999999.0   	NaN       	-57.1
1858      	17:31:09  	405.3 	-19.2 	1     	NaN      	NaN   	999999.0   	999999.0   	NaN       	-57.1
1860      	17:31:11  	405.0 	-19.3 	1     	NaN      	NaN   	999999.0   	999999.0   	NaN       	-57.1
1862      	17:31:13  	404.6 	-19.3 	1     	NaN      	NaN   	999999.0   	999999.0   	NaN       	-57.2
1864      	17:31:15  	404.2 	-19.3 	1     	NaN      	NaN   	999999.0   	999999.0   	NaN       	-57.3
1866      	17:31:17  	403.9 	-19.4 	1     	NaN      	NaN   	999999.0   	999999.0   	NaN       	-57.3
1868      	17:31:19  	403.5 	-19.4 	1     	NaN      	NaN   	999999.0   	999999.0   	NaN       	-57.4
1870      	17:31:21  	403.2 	-19.4 	1     	NaN      	NaN   	999999.0   	999999.0   	NaN       	-57.4
1872      	17:31:23  	402.8 	-19.5 	1     	NaN      	NaN   	999999.0   	999999.0   	NaN       	-57.5
1874      	17:31:25  	402.5 	-19.5 	1     	NaN      	NaN   	999999.0   	999999.0   	NaN       	-57.5
1876      	17:31:27  	402.1 	-19.6 	1     	NaN      	NaN   	999999.0   	999999.0   	NaN       	-57.5
1878      	17:31:29  	401.7 	-19.6 	1     	NaN      	NaN   	999999.0   	999999.0   	NaN       	-57.5
1880      	17:31:31  	401.4 	-19.7 	1     	NaN      	NaN   	999999.0   	999999.0   	NaN       	-57.5
1882      	17:31:33  	401.0 	-19.7 	1     	NaN      	NaN   	999999.0   	999999.0   	NaN       	-57.5
1884      	17:31:35  	400.7 	-19.7 	1     	NaN      	NaN   	999999.0   	999999.0   	NaN       	-57.6
1886      	17:31:37  	400.3 	-19.8 	1     	NaN      	NaN   	999999.0   	999999.0   	NaN       	-57.6
1888      	17:31:39  	400.0 	-19.8 	1     	NaN      	NaN   	999999.0   	999999.0   	NaN       	-57.6
1890      	17:31:41  	399.6 	-19.9 	1     	NaN      	NaN   	999999.0   	999999.0   	NaN       	-57.7
1892      	17:31:43  	399.2 	-19.9 	1     	NaN      	NaN   	999999.0   	999999.0   	NaN       	-57.7
1894      	17:31:45  	398.9 	-19.9 	1     	NaN      	NaN   	999999.0   	999999.0   	NaN       	-57.8
1896      	17:31:47  	398.5 	-20.0 	1     	NaN      	NaN   	999999.0   	999999.0   	NaN       	-57.8
1898      	17:31:49  	398.2 	-20.0 	1     	NaN      	NaN   	999999.0   	999999.0   	NaN       	-57.8
1900      	17:31:51  	397.8 	-20.0 	1     	NaN      	NaN   	999999.0   	999999.0   	NaN       	-57.8
1902      	17:31:53  	397.5 	-20.1 	1     	NaN      	NaN   	999999.0   	999999.0   	NaN       	-57.8
1904      	17:31:55  	397.1 	-20.1 	1     	NaN      	NaN   	999999.0   	999999.0   	NaN       	-57.8
1906      	17:31:57  	396.7 	-20.1 	1     	NaN      	NaN   	999999.0   	999999.0   	NaN       	-57.8
1908      	17:31:59  	396.4 	-20.2 	1     	NaN      	NaN   	999999.0   	999999.0   	NaN       	-57.8
1910      	17:32:01  	396.0 	-20.2 	1     	NaN      	NaN   	999999.0   	999999.0   	NaN       	-57.9
1912      	17:32:03  	395.7 	-20.2 	1     	NaN      	NaN   	999999.0   	999999.0   	NaN       	-57.9
1914      	17:32:05  	395.3 	-20.3 	1     	NaN      	NaN   	999999.0   	999999.0   	NaN       	-57.9
1916      	17:32:07  	395.0 	-20.3 	1     	NaN      	NaN   	999999.0   	999999.0   	NaN       	-58.0
1918      	17:32:09  	394.6 	-20.3 	1     	NaN      	NaN   	999999.0   	999999.0   	NaN       	-58.0
1920      	17:32:11  	394.2 	-20.4 	1     	NaN      	NaN   	999999.0   	999999.0   	NaN       	-58.1
1922      	17:32:13  	393.9 	-20.4 	1     	NaN      	NaN   	999999.0   	999999.0   	NaN       	-58.2
1924      	17:32:15  	393.5 	-20.4 	1     	NaN      	NaN   	999999.0   	999999.0   	NaN       	-58.2
1926      	17:32:17  	393.2 	-20.4 	1     	NaN      	NaN   	999999.0   	999999.0   	NaN       	-58.3
1928      	17:32:19  	392.8 	-20.5 	1     	NaN      	NaN   	999999.0   	999999.0   	NaN       	-58.3
1930      	17:32:21  	392.5 	-20.5 	1     	NaN      	NaN   	999999.0   	999999.0   	NaN       	-58.4
1932      	17:32:23  	392.1 	-20.5 	1     	NaN      	NaN   	999999.0   	999999.0   	NaN       	-58.5
1934      	17:32:25  	391.7 	-20.6 	1     	NaN      	NaN   	999999.0   	999999.0   	NaN       	-58.5
1936      	17:32:27  	391.4 	-20.6 	1     	NaN      	NaN   	999999.0   	999999.0   	NaN       	-58.5
1938      	17:32:29  	391.0 	-20.6 	1     	NaN      	NaN   	999999.0   	999999.0   	NaN       	-58.4
1940      	17:32:31  	390.7 	-20.7 	1     	NaN      	NaN   	999999.0   	999999.0   	NaN       	-58.3
1942      	17:32:33  	390.3 	-20.7 	1     	NaN      	NaN   	999999.0   	999999.0   	NaN       	-58.3
1944      	17:32:35  	390.0 	-20.7 	1     	NaN      	NaN   	999999.0   	999999.0   	NaN       	-58.3
1946      	17:32:37  	389.6 	-20.8 	1     	NaN      	NaN   	999999.0   	999999.0   	NaN       	-58.3
1948      	17:32:39  	389.2 	-20.8 	1     	NaN      	NaN   	999999.0   	999999.0   	NaN       	-58.3
1950      	17:32:41  	388.9 	-20.8 	1     	NaN      	NaN   	999999.0   	999999.0   	NaN       	-58.6
1952      	17:32:43  	388.5 	-20.8 	1     	NaN      	NaN   	999999.0   	999999.0   	NaN       	-58.6
1954      	17:32:45  	388.2 	-20.8 	1     	NaN      	NaN   	999999.0   	999999.0   	NaN       	-58.6
1956      	17:32:47  	387.8 	-20.8 	1     	NaN      	NaN   	999999.0   	999999.0   	NaN       	-58.7
1958      	17:32:49  	387.5 	-20.8 	1     	NaN      	NaN   	999999.0   	999999.0   	NaN       	-58.7
1960      	17:32:51  	387.1 	-20.8 	1     	NaN      	NaN   	999999.0   	999999.0   	NaN       	-58.7
1962      	17:32:53  	386.7 	-20.8 	1     	NaN      	NaN   	999999.0   	999999.0   	NaN       	-58.7
1964      	17:32:55  	386.4 	-20.9 	1     	NaN      	NaN   	999999.0   	999999.0   	NaN       	-58.7
1966      	17:32:57  	386.0 	-20.9 	1     	NaN      	NaN   	999999.0   	999999.0   	NaN       	-58.7
1968      	17:32:59  	385.7 	-20.9 	1     	NaN      	NaN   	999999.0   	999999.0   	NaN       	-58.7
1970      	17:33:01  	385.3 	-21.0 	1     	NaN      	NaN   	999999.0   	999999.0   	NaN       	-58.7
1972      	17:33:03  	385.0 	-21.0 	1     	NaN      	NaN   	999999.0   	999999.0   	NaN       	-58.9
1974      	17:33:05  	384.6 	-21.0 	1     	NaN      	NaN   	999999.0   	999999.0   	NaN       	-58.9
1976      	17:33:07  	384.2 	-21.1 	1     	NaN      	NaN   	999999.0   	999999.0   	NaN       	-59.0
1978      	17:33:09  	383.9 	-21.1 	1     	NaN      	NaN   	999999.0   	999999.0   	NaN       	-59.1
1980      	17:33:11  	383.5 	-21.1 	1     	NaN      	NaN   	999999.0   	999999.0   	NaN       	-59.2
1982      	17:33:13  	383.2 	-21.2 	1     	NaN      	NaN   	999999.0   	999999.0   	NaN       	-59.3
1984      	17:33:15  	382.8 	-21.2 	1     	NaN      	NaN   	999999.0   	999999.0   	NaN       	-59.3
1986      	17:33:17  	382.5 	-21.3 	1     	NaN      	NaN   	999999.0   	999999.0   	NaN       	-59.3
1988      	17:33:19  	382.1 	-21.3 	1     	NaN      	NaN   	999999.0   	999999.0   	NaN       	-59.3
1990      	17:33:21  	381.7 	-21.3 	1     	NaN      	NaN   	999999.0   	999999.0   	NaN       	-59.4
1992      	17:33:23  	381.4 	-21.4 	1     	NaN      	NaN   	999999.0   	999999.0   	NaN       	-59.5
1994      	17:33:25  	381.0 	-21.4 	1     	NaN      	NaN   	999999.0   	999999.0   	NaN       	-59.5
1996      	17:33:27  	380.7 	-21.5 	1     	NaN      	NaN   	999999.0   	999999.0   	NaN       	-59.6
1998      	17:33:29  	380.3 	-21.5 	1     	NaN      	NaN   	999999.0   	999999.0   	NaN       	-59.7
2000      	17:33:31  	380.0 	-21.5 	1     	NaN      	NaN   	999999.0   	999999.0   	NaN       	-59.7
2002      	17:33:33  	379.6 	-21.6 	1     	NaN      	NaN   	999999.0   	999999.0   	NaN       	-59.8
2004      	17:33:35  	379.2 	-21.6 	1     	NaN      	NaN   	999999.0   	999999.0   	NaN       	-59.8
2006      	17:33:37  	378.9 	-21.6 	1     	NaN      	NaN   	999999.0   	999999.0   	NaN       	-59.8
2008      	17:33:39  	378.5 	-21.7 	1     	NaN      	NaN   	999999.0   	999999.0   	NaN       	-59.8
2010      	17:33:41  	378.2 	-21.7 	1     	NaN      	NaN   	999999.0   	999999.0   	NaN       	-59.9
2012      	17:33:43  	377.8 	-21.7 	1     	NaN      	NaN   	999999.0   	999999.0   	NaN       	-59.9
2014      	17:33:45  	377.5 	-21.8 	1     	NaN      	NaN   	999999.0   	999999.0   	NaN       	-59.9
2016      	17:33:47  	377.1 	-21.8 	1     	NaN      	NaN   	999999.0   	999999.0   	NaN       	-59.9
2018      	17:33:49  	376.7 	-21.8 	1     	NaN      	NaN   	999999.0   	999999.0   	NaN       	-59.9
2020      	17:33:51  	376.4 	-21.9 	1     	NaN      	NaN   	999999.0   	999999.0   	NaN       	-60.0
2022      	17:33:53  	376.0 	-21.9 	1     	NaN      	NaN   	999999.0   	999999.0   	NaN       	-60.0
2024      	17:33:55  	375.7 	-21.9 	1     	NaN      	NaN   	999999.0   	999999.0   	NaN       	-60.0
2026      	17:33:57  	375.3 	-21.9 	1     	NaN      	NaN   	999999.0   	999999.0   	NaN       	-60.1
2028      	17:33:59  	375.0 	-21.9 	1     	NaN      	NaN   	999999.0   	999999.0   	NaN       	-60.1
2030      	17:34:01  	374.6 	-21.9 	1     	NaN      	NaN   	999999.0   	999999.0   	NaN       	-60.1
2032      	17:34:03  	374.2 	-21.9 	1     	NaN      	NaN   	999999.0   	999999.0   	NaN       	-60.1
2034      	17:34:05  	373.9 	-21.9 	1     	NaN      	NaN   	999999.0   	999999.0   	NaN       	-60.1
2036      	17:34:07  	373.5 	-21.9 	1     	NaN      	NaN   	999999.0   	999999.0   	NaN       	-60.2
2038      	17:34:09  	373.2 	-21.9 	1     	NaN      	NaN   	999999.0   	999999.0   	NaN       	-60.2
2040      	17:34:11  	372.8 	-21.9 	1     	NaN      	NaN   	999999.0   	999999.0   	NaN       	-60.2
2042      	17:34:13  	372.5 	-21.9 	1     	NaN      	NaN   	999999.0   	999999.0   	NaN       	-60.2
2044      	17:34:15  	372.1 	-21.9 	1     	NaN      	NaN   	999999.0   	999999.0   	NaN       	-60.2
2046      	17:34:17  	371.7 	-21.9 	1     	NaN      	NaN   	999999.0   	999999.0   	NaN       	-60.3
2048      	17:34:19  	371.4 	-21.9 	1     	NaN      	NaN   	999999.0   	999999.0   	NaN       	-60.3
2050      	17:34:21  	371.0 	-21.9 	1     	NaN      	NaN   	999999.0   	999999.0   	NaN       	-60.3
2052      	17:34:23  	370.7 	-21.9 	1     	NaN      	NaN   	999999.0   	999999.0   	NaN       	-60.4
2054      	17:34:25  	370.3 	-21.9 	1     	NaN      	NaN   	999999.0   	999999.0   	NaN       	-60.4
2056      	17:34:27  	370.0 	-21.9 	1     	NaN      	NaN   	999999.0   	999999.0   	NaN       	-60.5
2058      	17:34:29  	369.6 	-21.9 	1     	NaN      	NaN   	999999.0   	999999.0   	NaN       	-60.5
2060      	17:34:31  	369.2 	-21.9 	1     	NaN      	NaN   	999999.0   	999999.0   	NaN       	-60.5
2062      	17:34:33  	368.9 	-22.0 	1     	NaN      	NaN   	999999.0   	999999.0   	NaN       	-60.5
2064      	17:34:35  	368.5 	-22.0 	1     	NaN      	NaN   	999999.0   	999999.0   	NaN       	-60.5
2066      	17:34:37  	368.2 	-22.0 	1     	NaN      	NaN   	999999.0   	999999.0   	NaN       	-60.6
2068      	17:34:39  	367.8 	-22.1 	1     	NaN      	NaN   	999999.0   	999999.0   	NaN       	-60.6
2070      	17:34:41  	367.5 	-22.1 	1     	NaN      	NaN   	999999.0   	999999.0   	NaN       	-60.6
2072      	17:34:43  	367.1 	-22.1 	1     	NaN      	NaN   	999999.0   	999999.0   	NaN       	-60.7
2074      	17:34:45  	366.7 	-22.2 	1     	NaN      	NaN   	999999.0   	999999.0   	NaN       	-60.7
2076      	17:34:47  	366.4 	-22.3 	1     	NaN      	NaN   	999999.0   	999999.0   	NaN       	-60.7
2078      	17:34:49  	366.0 	-22.3 	1     	NaN      	NaN   	999999.0   	999999.0   	NaN       	-60.7
2080      	17:34:51  	365.7 	-22.3 	1     	NaN      	NaN   	999999.0   	999999.0   	NaN       	-60.7
2082      	17:34:53  	365.3 	-22.3 	1     	NaN      	NaN   	999999.0   	999999.0   	NaN       	-60.7
2084      	17:34:55  	365.0 	-22.3 	1     	NaN      	NaN   	999999.0   	999999.0   	NaN       	-60.7
2086      	17:34:57  	364.6 	-22.3 	1     	NaN      	NaN   	999999.0   	999999.0   	NaN       	-60.5
2088      	17:34:59  	364.2 	-22.3 	1     	NaN      	NaN   	999999.0   	999999.0   	NaN       	-60.2
2090      	17:35:01  	363.9 	-22.3 	1     	NaN      	NaN   	999999.0   	999999.0   	NaN       	-60.3
2092      	17:35:03  	363.5 	-22.4 	1     	NaN      	NaN   	999999.0   	999999.0   	NaN       	-60.3
2094      	17:35:05  	363.2 	-22.4 	1     	NaN      	NaN   	999999.0   	999999.0   	NaN       	-60.3
2096      	17:35:07  	362.8 	-22.4 	1     	43.9     	334   	19.5       	-39.3      	NaN       	-60.4
2098      	17:35:09  	362.5 	-22.5 	1     	43.9     	334   	19.5       	-39.3      	NaN       	-60.5
2100      	17:35:11  	362.1 	-22.5 	1     	43.9     	334   	19.5       	-39.3      	NaN       	-60.6
2102      	17:35:13  	361.8 	-22.5 	1     	43.9     	334   	19.5       	-39.3      	NaN       	-60.8
2104      	17:35:15  	361.4 	-22.5 	1     	43.9     	334   	19.5       	-39.3      	NaN       	-60.8
2106      	17:35:17  	361.0 	-22.6 	1     	43.9     	334   	19.5       	-39.3      	NaN       	-60.8
2108      	17:35:19  	360.7 	-22.6 	1     	43.9     	334   	19.5       	-39.3      	NaN       	-60.8
2110      	17:35:21  	360.3 	-22.6 	1     	43.9     	334   	19.5       	-39.3      	NaN       	-60.9
2112      	17:35:23  	360.0 	-22.7 	1     	43.9     	334   	19.5       	-39.3      	NaN       	-60.9
2114      	17:35:25  	359.6 	-22.7 	1     	43.9     	334   	19.5       	-39.3      	NaN       	-60.8
2116      	17:35:27  	359.3 	-22.7 	1     	43.9     	334   	19.5       	-39.3      	NaN       	-60.8
2118      	17:35:29  	358.9 	-22.8 	1     	43.9     	334   	19.5       	-39.3      	NaN       	-60.8
2120      	17:35:31  	358.5 	-24.8 	1     	43.9     	334   	19.5       	-39.3      	8448      	-62.2
2122      	17:35:33  	358.2 	-24.9 	1     	43.9     	334   	19.5       	-39.3      	8454      	-62.2
2124      	17:35:35  	357.8 	-25.0 	1     	43.9     	334   	19.5       	-39.3      	8461      	-62.2
2126      	17:35:37  	357.5 	-25.1 	1     	43.9     	334   	19.5       	-39.3      	8467      	-62.2
2128      	17:35:39  	357.2 	-25.1 	1     	43.9     	334   	19.5       	-39.3      	8473      	-62.2
2130      	17:35:41  	356.9 	-25.2 	1     	43.9     	334   	19.5       	-39.3      	8480      	-62.3
2132      	17:35:43  	356.6 	-25.2 	1     	43.9     	334   	19.5       	-39.3      	8486      	-62.3
2134      	17:35:45  	356.3 	-25.3 	1     	43.9     	334   	19.5       	-39.3      	8493      	-62.3
2136      	17:35:47  	356.0 	-25.3 	1     	43.9     	334   	19.5       	-39.3      	8499      	-62.3
2138      	17:35:49  	355.6 	-25.3 	1     	43.9     	334   	19.5       	-39.3      	8505      	-62.3
2140      	17:35:51  	355.3 	-25.4 	1     	43.9     	334   	19.5       	-39.3      	8512      	-62.3
2142      	17:35:53  	355.0 	-25.4 	1     	43.9     	334   	19.5       	-39.3      	8518      	-62.3
2144      	17:35:55  	354.7 	-25.5 	1     	43.9     	334   	19.5       	-39.3      	8525      	-62.4
2146      	17:35:57  	354.4 	-25.5 	1     	43.9     	334   	19.5       	-39.3      	8531      	-62.4
2148      	17:35:59  	354.1 	-25.5 	1     	43.9     	334   	19.5       	-39.3      	8537      	-62.4
2150      	17:36:01  	353.8 	-25.6 	1     	43.9     	334   	19.5       	-39.3      	8544      	-62.4
2152      	17:36:03  	353.4 	-25.6 	1     	43.9     	334   	19.5       	-39.3      	8550      	-62.1
2154      	17:36:05  	353.1 	-25.6 	1     	43.9     	334   	19.5       	-39.3      	8557      	-61.8
2156      	17:36:07  	352.8 	-25.7 	2     	43.9     	334   	19.5       	-39.3      	8563      	-61.4
2158      	17:36:09  	352.5 	-25.7 	2     	43.9     	334   	19.5       	-39.3      	8570      	-61.0
2160      	17:36:11  	352.2 	-25.8 	2     	43.9     	334   	19.5       	-39.3      	8576      	-60.3
2162      	17:36:13  	351.9 	-26.1 	2     	43.9     	334   	19.5       	-39.3      	8582      	-60.3
2164      	17:36:15  	351.6 	-26.2 	2     	43.9     	334   	19.5       	-39.3      	8589      	-60.2
2166      	17:36:17  	351.3 	-26.2 	2     	43.9     	334   	19.5       	-39.3      	8595      	-60.2
2168      	17:36:19  	350.9 	-26.2 	2     	43.9     	334   	19.5       	-39.3      	8602      	-60.4
2170      	17:36:21  	350.6 	-26.2 	2     	43.9     	334   	19.5       	-39.3      	8608      	-60.6
2172      	17:36:23  	350.3 	-26.3 	2     	43.9     	334   	19.5       	-39.3      	8614      	-60.9
2174      	17:36:25  	350.0 	-26.3 	2     	43.9     	334   	19.5       	-39.3      	8621      	-61.3
2176      	17:36:27  	349.7 	-26.3 	2     	43.9     	334   	19.5       	-39.3      	8627      	-61.6
2178      	17:36:29  	349.4 	-26.4 	1     	43.9     	334   	19.5       	-39.3      	8634      	-62.0
2180      	17:36:31  	349.1 	-26.4 	1     	43.9     	334   	19.5       	-39.3      	8640      	-62.1
2182      	17:36:33  	348.8 	-26.4 	1     	43.9     	334   	19.5       	-39.3      	8647      	-62.1
2184      	17:36:35  	348.5 	-26.4 	1     	43.9     	334   	19.5       	-39.3      	8653      	-62.2
2186      	17:36:37  	348.2 	-26.2 	1     	43.9     	334   	19.5       	-39.3      	8659      	-62.0
2188      	17:36:39  	347.8 	-26.3 	1     	43.9     	334   	19.5       	-39.3      	8666      	-62.2
2190      	17:36:41  	347.5 	-26.3 	1     	43.9     	334   	19.5       	-39.3      	8672      	-62.5
2192      	17:36:43  	347.2 	-26.4 	1     	43.9     	334   	19.5       	-39.3      	8679      	-62.6
2194      	17:36:45  	346.9 	-26.4 	1     	43.9     	334   	19.5       	-39.3      	8685      	-62.6
2196      	17:36:47  	346.6 	-26.4 	1     	43.9     	334   	19.5       	-39.3      	8691      	-62.7
2198      	17:36:49  	346.3 	-26.4 	1     	43.9     	334   	19.5       	-39.3      	8698      	-62.8
2200      	17:36:51  	346.0 	-26.5 	1     	43.9     	334   	19.5       	-39.3      	8704      	-62.9
2202      	17:36:53  	345.7 	-26.5 	1     	43.9     	334   	19.5       	-39.3      	8711      	-62.9
2204      	17:36:55  	345.4 	-26.5 	1     	43.9     	334   	19.5       	-39.3      	8716      	-62.9
2206      	17:36:57  	345.1 	-26.5 	1     	43.9     	334   	19.5       	-39.3      	8722      	-62.9
2208      	17:36:59  	344.9 	-26.6 	1     	43.9     	334   	19.5       	-39.3      	8728      	-62.9
2210      	17:37:01  	344.6 	-26.6 	1     	43.9     	334   	19.5       	-39.3      	8734      	-62.9
2212      	17:37:03  	344.3 	-26.7 	1     	43.9     	334   	19.5       	-39.3      	8739      	-62.9
2214      	17:37:05  	344.1 	-26.7 	1     	43.9     	334   	19.5       	-39.3      	8745      	-63.0
2216      	17:37:07  	343.8 	-26.8 	1     	49.3     	335   	21.1       	-44.6      	8751      	-63.0
2218      	17:37:09  	343.5 	-26.8 	1     	58.2     	336   	23.8       	-53.1      	8756      	-63.1
2220      	17:37:11  	343.2 	-26.9 	1     	67.0     	337   	26.4       	-61.6      	8762      	-63.1
2222      	17:37:13  	343.0 	-26.9 	1     	76.0     	337   	29.1       	-70.2      	8768      	-63.2
2224      	17:37:15  	342.7 	-27.0 	1     	84.8     	338   	31.7       	-78.7      	8773      	-63.2
2226      	17:37:17  	342.4 	-27.0 	1     	93.7     	339   	34.3       	-87.2      	8779      	-63.2
2228      	17:37:19  	342.2 	-27.1 	1     	102.7    	339   	37.0       	-95.8      	8785      	-63.3
2230      	17:37:21  	341.9 	-27.1 	1     	111.6    	339   	39.6       	-104.3     	8790      	-63.3
2232      	17:37:23  	341.6 	-27.2 	1     	120.4    	339   	42.2       	-112.8     	8796      	-63.3
2234      	17:37:25  	341.4 	-27.2 	1     	129.4    	340   	44.9       	-121.4     	8801      	-63.4
2236      	17:37:27  	341.1 	-27.2 	1     	132.8    	340   	45.9       	-124.6     	8806      	-63.4
2238      	17:37:29  	340.9 	-27.3 	1     	132.8    	340   	45.9       	-124.6     	8812      	-63.4
2240      	17:37:31  	340.6 	-27.2 	1     	132.8    	340   	45.9       	-124.6     	8817      	-63.4
2242      	17:37:33  	340.3 	-27.3 	1     	132.8    	340   	45.9       	-124.6     	8823      	-63.4
2244      	17:37:35  	340.1 	-27.3 	1     	132.8    	340   	45.9       	-124.6     	8828      	-63.5
2246      	17:37:37  	339.8 	-27.3 	1     	132.8    	340   	45.9       	-124.6     	8834      	-63.5
2248      	17:37:39  	339.5 	-27.3 	1     	132.8    	340   	45.9       	-124.6     	8840      	-63.5
2250      	17:37:41  	339.3 	-27.4 	1     	123.8    	339   	43.4       	-115.9     	8846      	-63.5
2252      	17:37:43  	339.0 	-27.4 	1     	113.7    	339   	40.7       	-106.2     	8851      	-63.5
2254      	17:37:45  	338.8 	-27.4 	1     	103.7    	339   	38.0       	-96.5      	8856      	-63.5
2256      	17:37:47  	338.5 	-27.5 	1     	93.7     	338   	35.2       	-86.8      	8862      	-63.5
2258      	17:37:49  	338.3 	-27.5 	1     	83.6     	337   	32.5       	-77.0      	8867      	-63.5
2260      	17:37:51  	338.0 	-27.5 	1     	73.6     	336   	29.7       	-67.3      	8872      	-63.5
2262      	17:37:53  	337.8 	-27.6 	1     	63.6     	335   	27.0       	-57.6      	8877      	-63.5
2264      	17:37:55  	337.5 	-27.6 	1     	53.6     	333   	24.3       	-47.8      	8883      	-63.5
2266      	17:37:57  	337.3 	-27.7 	1     	43.7     	331   	21.5       	-38.1      	8889      	-63.6
2268      	17:37:59  	337.0 	-27.7 	1     	34.0     	327   	18.7       	-28.4      	8894      	-63.6
2270      	17:38:01  	336.7 	-27.8 	1     	32.9     	326   	18.4       	-27.3      	8900      	-63.7
2272      	17:38:03  	336.5 	-27.8 	1     	32.9     	326   	18.3       	-27.3      	8906      	-63.7
2274      	17:38:05  	336.2 	-27.8 	1     	32.9     	326   	18.3       	-27.3      	8911      	-63.8
2276      	17:38:07  	335.9 	-27.9 	1     	32.9     	326   	18.3       	-27.3      	8917      	-63.8
2278      	17:38:09  	335.6 	-27.9 	1     	32.9     	326   	18.2       	-27.4      	8923      	-63.9
2280      	17:38:11  	335.4 	-28.0 	1     	32.9     	326   	18.2       	-27.4      	8929      	-63.9
2282      	17:38:13  	335.1 	-28.0 	1     	33.0     	327   	18.2       	-27.5      	8934      	-64.0
2284      	17:38:15  	334.9 	-28.0 	1     	33.0     	327   	18.1       	-27.6      	8940      	-64.0
2286      	17:38:17  	334.6 	-28.1 	1     	33.1     	327   	18.1       	-27.7      	8945      	-64.0
2288      	17:38:19  	334.3 	-28.1 	1     	33.2     	327   	18.2       	-27.8      	8951      	-64.0
2290      	17:38:21  	334.1 	-28.1 	1     	33.2     	327   	18.2       	-27.8      	8956      	-64.1
2292      	17:38:23  	333.8 	-28.2 	1     	33.4     	327   	18.2       	-28.0      	8962      	-64.1
2294      	17:38:25  	333.6 	-28.2 	1     	33.6     	327   	18.2       	-28.2      	8968      	-64.1
2296      	17:38:27  	333.3 	-28.2 	1     	33.6     	327   	18.2       	-28.3      	8973      	-64.1
2298      	17:38:29  	333.0 	-28.2 	1     	33.7     	327   	18.2       	-28.4      	8979      	-64.1
2300      	17:38:31  	332.8 	-28.2 	1     	33.8     	328   	18.1       	-28.5      	8985      	-64.1
2302      	17:38:33  	332.5 	-28.2 	1     	33.8     	328   	18.1       	-28.6      	8990      	-64.1
2304      	17:38:35  	332.2 	-28.3 	1     	33.9     	328   	18.1       	-28.7      	8996      	-64.1
2306      	17:38:37  	332.0 	-28.3 	1     	34.0     	328   	18.0       	-28.9      	9002      	-64.1
2308      	17:38:39  	331.7 	-28.3 	1     	34.0     	328   	17.8       	-29.0      	9007      	-64.1
2310      	17:38:41  	331.5 	-28.3 	1     	34.1     	329   	17.7       	-29.1      	9013      	-64.1
2312      	17:38:43  	331.2 	-28.3 	1     	34.1     	329   	17.6       	-29.2      	9019      	-64.1
2314      	17:38:45  	330.9 	-28.3 	1     	34.1     	329   	17.5       	-29.3      	9024      	-64.1
2316      	17:38:47  	330.7 	-28.3 	1     	34.1     	329   	17.4       	-29.3      	9030      	-64.1
2318      	17:38:49  	330.4 	-28.3 	1     	34.1     	330   	17.3       	-29.4      	9036      	-64.1
2320      	17:38:51  	330.1 	-28.3 	1     	34.1     	330   	17.1       	-29.5      	9042      	-64.0
2322      	17:38:53  	329.9 	-28.3 	1     	34.1     	330   	16.9       	-29.6      	9048      	-64.1
2324      	17:38:55  	329.6 	-28.3 	1     	34.1     	331   	16.8       	-29.7      	9053      	-64.1
2326      	17:38:57  	329.4 	-28.3 	1     	34.1     	331   	16.7       	-29.7      	9059      	-64.1
2328      	17:38:59  	329.1 	-28.3 	1     	34.2     	331   	16.7       	-29.8      	9064      	-64.0
2330      	17:39:01  	328.8 	-28.4 	1     	34.1     	331   	16.6       	-29.8      	9069      	-64.0
2332      	17:39:03  	328.6 	-28.4 	1     	34.2     	331   	16.5       	-29.9      	9075      	-64.0
2334      	17:39:05  	328.3 	-28.4 	1     	34.2     	331   	16.4       	-30.0      	9081      	-64.0
2336      	17:39:07  	328.1 	-28.4 	1     	34.1     	331   	16.3       	-30.0      	9086      	-64.0
2338      	17:39:09  	327.8 	-28.5 	1     	34.2     	332   	16.2       	-30.1      	9092      	-64.1
2340      	17:39:11  	327.5 	-28.5 	1     	34.2     	332   	16.2       	-30.1      	9098      	-64.1
2342      	17:39:13  	327.3 	-28.6 	1     	34.3     	332   	16.2       	-30.2      	9104      	-64.1
2344      	17:39:15  	327.0 	-28.6 	1     	34.3     	332   	16.1       	-30.3      	9110      	-64.2
2346      	17:39:17  	326.7 	-28.6 	1     	34.2     	332   	15.9       	-30.3      	9116      	-64.2
2348      	17:39:19  	326.5 	-28.7 	1     	34.3     	333   	15.8       	-30.4      	9122      	-64.3
2350      	17:39:21  	326.2 	-28.7 	1     	34.3     	333   	15.7       	-30.5      	9128      	-64.3
2352      	17:39:23  	325.9 	-28.7 	1     	34.3     	333   	15.7       	-30.5      	9134      	-64.4
2354      	17:39:25  	325.6 	-28.8 	1     	34.3     	333   	15.6       	-30.6      	9140      	-64.4
2356      	17:39:27  	325.4 	-28.8 	1     	34.3     	333   	15.5       	-30.6      	9145      	-64.5
2358      	17:39:29  	325.1 	-28.8 	1     	34.3     	333   	15.4       	-30.6      	9151      	-64.5
2360      	17:39:31  	324.8 	-28.9 	1     	34.3     	333   	15.4       	-30.7      	9158      	-64.5
2362      	17:39:33  	324.5 	-28.9 	1     	34.3     	334   	15.3       	-30.7      	9164      	-64.5
2364      	17:39:35  	324.3 	-29.0 	1     	34.3     	334   	15.3       	-30.7      	9170      	-64.5
2366      	17:39:37  	324.0 	-29.0 	1     	34.3     	334   	15.2       	-30.7      	9176      	-64.5
2368      	17:39:39  	323.7 	-29.0 	1     	34.3     	334   	15.2       	-30.8      	9183      	-64.4
2370      	17:39:41  	323.4 	-29.1 	1     	34.3     	334   	15.1       	-30.8      	9189      	-64.4
2372      	17:39:43  	323.1 	-29.1 	1     	34.3     	334   	15.0       	-30.9      	9196      	-64.4
2374      	17:39:45  	322.8 	-29.2 	1     	34.4     	334   	14.9       	-31.0      	9202      	-64.5
2376      	17:39:47  	322.5 	-29.2 	1     	34.4     	335   	14.8       	-31.1      	9208      	-64.6
2378      	17:39:49  	322.2 	-29.3 	1     	34.4     	335   	14.8       	-31.1      	9215      	-64.6
2380      	17:39:51  	322.0 	-29.3 	1     	34.5     	335   	14.7       	-31.2      	9221      	-64.7
2382      	17:39:53  	321.7 	-29.3 	1     	34.5     	335   	14.6       	-31.3      	9228      	-64.7
2384      	17:39:55  	321.4 	-29.4 	1     	34.6     	335   	14.6       	-31.4      	9234      	-64.8
2386      	17:39:57  	321.1 	-29.4 	1     	34.6     	335   	14.5       	-31.4      	9240      	-64.8
2388      	17:39:59  	320.8 	-29.4 	1     	34.6     	335   	14.5       	-31.4      	9247      	-64.8
2390      	17:40:01  	320.5 	-29.5 	1     	34.7     	335   	14.5       	-31.5      	9253      	-64.8
2392      	17:40:03  	320.2 	-29.5 	1     	34.7     	336   	14.4       	-31.6      	9259      	-64.8
2394      	17:40:05  	319.9 	-29.5 	1     	34.8     	336   	14.4       	-31.7      	9266      	-64.8
2396      	17:40:07  	319.7 	-29.5 	1     	35.0     	336   	14.4       	-31.9      	9272      	-64.8
2398      	17:40:09  	319.4 	-29.5 	1     	35.0     	336   	14.3       	-32.0      	9279      	-64.8
2400      	17:40:11  	319.1 	-29.5 	1     	35.1     	336   	14.3       	-32.1      	9285      	-64.8
2402      	17:40:13  	318.8 	-29.6 	1     	35.3     	336   	14.3       	-32.3      	9292      	-64.8
2404      	17:40:15  	318.5 	-29.6 	1     	35.5     	336   	14.4       	-32.5      	9299      	-64.8
2406      	17:40:17  	318.1 	-29.6 	1     	35.7     	336   	14.4       	-32.7      	9306      	-64.8
2408      	17:40:19  	317.8 	-29.6 	1     	36.0     	336   	14.5       	-32.9      	9313      	-64.8
2410      	17:40:21  	317.5 	-29.7 	1     	36.1     	336   	14.5       	-33.1      	9320      	-64.8
2412      	17:40:23  	317.2 	-29.7 	1     	36.2     	336   	14.6       	-33.1      	9327      	-64.9
2414      	17:40:25  	316.9 	-29.7 	1     	36.4     	336   	14.7       	-33.3      	9334      	-64.9
2416      	17:40:27  	316.6 	-29.7 	1     	36.6     	336   	14.8       	-33.5      	9341      	-65.0
2418      	17:40:29  	316.3 	-29.8 	1     	37.0     	336   	15.0       	-33.8      	9348      	-65.1
2420      	17:40:31  	316.0 	-29.8 	1     	37.2     	336   	15.1       	-34.0      	9355      	-65.2
2422      	17:40:33  	315.7 	-29.9 	1     	37.4     	336   	15.1       	-34.2      	9362      	-65.2
2424      	17:40:35  	315.4 	-29.9 	1     	37.5     	336   	15.2       	-34.3      	9369      	-65.3
2426      	17:40:37  	315.0 	-30.0 	1     	37.7     	336   	15.2       	-34.5      	9376      	-65.3
2428      	17:40:39  	314.7 	-30.0 	1     	37.9     	336   	15.3       	-34.7      	9383      	-65.3
2430      	17:40:41  	314.4 	-30.1 	1     	38.2     	336   	15.4       	-35.0      	9390      	-65.3
2432      	17:40:43  	314.1 	-30.1 	1     	38.6     	336   	15.6       	-35.3      	9398      	-65.3
2434      	17:40:45  	313.8 	-30.2 	1     	38.8     	336   	15.7       	-35.5      	9405      	-65.3
2436      	17:40:47  	313.4 	-30.2 	1     	39.0     	336   	15.8       	-35.7      	9412      	-65.3
2438      	17:40:49  	313.1 	-30.2 	1     	39.2     	336   	15.9       	-35.8      	9420      	-65.3
2440      	17:40:51  	312.8 	-30.3 	1     	39.4     	336   	16.0       	-36.0      	9427      	-65.3
2442      	17:40:53  	312.5 	-30.3 	1     	39.7     	336   	16.2       	-36.2      	9434      	-65.4
2444      	17:40:55  	312.1 	-30.3 	1     	39.9     	336   	16.4       	-36.4      	9441      	-65.3
2446      	17:40:57  	311.8 	-30.3 	1     	40.2     	336   	16.6       	-36.6      	9449      	-65.3
2448      	17:40:59  	311.5 	-30.4 	1     	40.3     	335   	16.8       	-36.6      	9456      	-65.4
2450      	17:41:01  	311.2 	-30.4 	1     	40.4     	335   	16.9       	-36.7      	9463      	-65.4
2452      	17:41:03  	310.9 	-30.4 	1     	40.4     	335   	17.0       	-36.7      	9470      	-65.5
2454      	17:41:05  	310.6 	-30.4 	1     	40.5     	335   	17.1       	-36.7      	9478      	-65.5
2456      	17:41:07  	310.3 	-30.4 	1     	40.5     	335   	17.2       	-36.7      	9485      	-65.4
2458      	17:41:09  	309.9 	-30.4 	1     	40.6     	335   	17.4       	-36.7      	9492      	-65.5
2460      	17:41:11  	309.6 	-30.3 	1     	40.6     	335   	17.4       	-36.7      	9499      	-65.5
2462      	17:41:13  	309.3 	-30.3 	1     	40.5     	335   	17.4       	-36.6      	9506      	-65.5
2464      	17:41:15  	309.0 	-30.3 	1     	40.5     	335   	17.4       	-36.6      	9514      	-65.5
2466      	17:41:17  	308.7 	-30.2 	1     	40.4     	334   	17.7       	-36.3      	9521      	-65.5
2468      	17:41:19  	308.4 	-30.2 	1     	40.3     	334   	17.9       	-36.1      	9528      	-65.5
2470      	17:41:21  	308.0 	-30.1 	1     	40.2     	333   	18.1       	-35.9      	9536      	-65.5
2472      	17:41:23  	307.7 	-30.1 	1     	40.2     	333   	18.4       	-35.7      	9543      	-65.5
2474      	17:41:25  	307.4 	-30.0 	1     	40.1     	332   	18.6       	-35.5      	9550      	-65.4
2476      	17:41:27  	307.1 	-30.0 	1     	40.0     	332   	18.8       	-35.3      	9557      	-65.4
2478      	17:41:29  	306.8 	-30.0 	1     	40.0     	331   	19.1       	-35.1      	9565      	-65.4
2480      	17:41:31  	306.5 	-30.0 	1     	40.0     	331   	19.4       	-35.0      	9572      	-65.4
2482      	17:41:33  	306.1 	-30.0 	1     	39.9     	331   	19.6       	-34.8      	9580      	-65.4
2484      	17:41:35  	305.8 	-30.0 	1     	40.0     	330   	19.9       	-34.7      	9587      	-65.3
2486      	17:41:37  	305.5 	-30.0 	1     	40.0     	330   	20.0       	-34.6      	9595      	-65.3
2488      	17:41:39  	305.2 	-30.0 	1     	40.1     	330   	20.1       	-34.7      	9603      	-65.3
2490      	17:41:41  	304.8 	-30.0 	1     	40.1     	330   	20.1       	-34.7      	9610      	-65.3
2492      	17:41:43  	304.5 	-30.0 	1     	40.2     	330   	20.1       	-34.8      	9618      	-65.3
2494      	17:41:45  	304.2 	-30.1 	1     	40.3     	330   	20.0       	-35.0      	9625      	-65.3
2496      	17:41:47  	303.9 	-30.1 	1     	40.4     	330   	20.0       	-35.1      	9633      	-65.3
2498      	17:41:49  	303.5 	-30.2 	1     	40.4     	331   	19.9       	-35.2      	9640      	-65.3
2500      	17:41:51  	303.2 	-30.2 	1     	40.6     	331   	19.8       	-35.4      	9648      	-65.3
2502      	17:41:53  	302.9 	-30.3 	1     	40.6     	331   	19.7       	-35.5      	9655      	-65.4
2504      	17:41:55  	302.6 	-30.4 	1     	40.6     	331   	19.6       	-35.6      	9663      	-65.4
2506      	17:41:57  	302.3 	-30.4 	1     	40.8     	331   	19.5       	-35.8      	9670      	-65.4
2508      	17:41:59  	302.0 	-30.4 	1     	40.8     	332   	19.3       	-36.0      	9677      	-65.4
2510      	17:42:01  	301.7 	-30.5 	1     	41.0     	332   	19.2       	-36.2      	9685      	-65.4
2512      	17:42:03  	301.3 	-30.5 	1     	41.1     	332   	19.2       	-36.3      	9692      	-65.5
2514      	17:42:05  	301.0 	-30.6 	1     	41.0     	332   	19.1       	-36.3      	9699      	-65.5
2516      	17:42:07  	300.7 	-30.6 	1     	41.1     	332   	19.1       	-36.4      	9707      	-65.6
2518      	17:42:09  	300.4 	-30.7 	1     	41.3     	332   	19.1       	-36.6      	9714      	-65.6
2520      	17:42:11  	300.1 	-30.8 	1     	41.4     	333   	19.0       	-36.8      	9722      	-65.7
2522      	17:42:13  	299.8 	-30.8 	1     	41.6     	333   	19.0       	-37.0      	9729      	-65.7
2524      	17:42:15  	299.5 	-30.8 	1     	41.7     	333   	18.9       	-37.2      	9737      	-65.7
2526      	17:42:17  	299.1 	-30.9 	1     	41.9     	333   	18.9       	-37.4      	9744      	-65.7
2528      	17:42:19  	298.8 	-30.9 	1     	42.0     	333   	18.9       	-37.5      	9751      	-65.7
2530      	17:42:21  	298.5 	-30.9 	1     	42.1     	333   	18.9       	-37.6      	9758      	-65.6
2532      	17:42:23  	298.2 	-31.0 	1     	42.1     	333   	18.9       	-37.6      	9766      	-65.6
2534      	17:42:25  	297.9 	-31.0 	1     	42.2     	333   	18.9       	-37.7      	9774      	-65.7
2536      	17:42:27  	297.6 	-31.1 	1     	42.2     	333   	18.9       	-37.7      	9782      	-65.7
2538      	17:42:29  	297.3 	-31.2 	1     	42.1     	333   	18.9       	-37.6      	9789      	-65.8
2540      	17:42:31  	296.9 	-31.2 	1     	42.0     	333   	18.9       	-37.5      	9796      	-65.8
2542      	17:42:33  	296.6 	-31.2 	1     	41.9     	333   	19.0       	-37.4      	9804      	-65.9
2544      	17:42:35  	296.3 	-31.3 	1     	41.8     	333   	19.1       	-37.2      	9811      	-65.9
2546      	17:42:37  	296.0 	-31.3 	1     	41.7     	332   	19.3       	-37.0      	9818      	-66.0
2548      	17:42:39  	295.7 	-31.4 	1     	41.6     	332   	19.4       	-36.8      	9826      	-66.0
2550      	17:42:41  	295.4 	-31.4 	1     	41.6     	332   	19.5       	-36.7      	9833      	-66.0
2552      	17:42:43  	295.1 	-31.5 	1     	41.6     	332   	19.7       	-36.6      	9841      	-66.0
2554      	17:42:45  	294.8 	-31.6 	1     	41.6     	332   	19.8       	-36.6      	9848      	-66.1
2556      	17:42:47  	294.5 	-31.7 	1     	41.6     	331   	19.9       	-36.5      	9856      	-66.1
2558      	17:42:49  	294.2 	-31.7 	1     	41.6     	331   	20.2       	-36.4      	9863      	-66.1
2560      	17:42:51  	293.8 	-31.8 	1     	41.6     	331   	20.4       	-36.3      	9871      	-66.2
2562      	17:42:53  	293.5 	-31.9 	1     	41.7     	330   	20.6       	-36.2      	9878      	-66.2
2564      	17:42:55  	293.2 	-31.9 	1     	41.7     	330   	20.7       	-36.2      	9885      	-66.3
2566      	17:42:57  	292.9 	-32.0 	1     	41.7     	330   	20.8       	-36.1      	9892      	-66.4
2568      	17:42:59  	292.6 	-32.1 	1     	41.7     	330   	20.9       	-36.1      	9900      	-66.5
2570      	17:43:01  	292.3 	-32.1 	1     	41.7     	330   	21.0       	-36.0      	9907      	-66.6
2572      	17:43:03  	292.0 	-32.2 	1     	41.6     	329   	21.1       	-35.8      	9914      	-66.7
2574      	17:43:05  	291.7 	-32.3 	1     	41.6     	329   	21.3       	-35.7      	9921      	-66.7
2576      	17:43:07  	291.4 	-32.3 	1     	41.5     	329   	21.4       	-35.6      	9928      	-66.8
2578      	17:43:09  	291.1 	-32.4 	1     	41.5     	329   	21.4       	-35.5      	9936      	-66.8
2580      	17:43:11  	290.9 	-32.4 	1     	41.4     	329   	21.4       	-35.4      	9943      	-66.8
2582      	17:43:13  	290.6 	-32.5 	1     	41.2     	329   	21.5       	-35.2      	9950      	-66.8
2584      	17:43:15  	290.3 	-32.5 	1     	41.1     	328   	21.5       	-35.0      	9957      	-66.8
2586      	17:43:17  	290.0 	-32.6 	1     	41.0     	328   	21.6       	-34.8      	9964      	-66.7
2588      	17:43:19  	289.7 	-32.6 	1     	40.8     	328   	21.6       	-34.6      	9971      	-66.7
2590      	17:43:21  	289.4 	-32.6 	1     	40.6     	328   	21.6       	-34.4      	9978      	-66.8
2592      	17:43:23  	289.1 	-32.7 	1     	40.6     	328   	21.7       	-34.3      	9985      	-66.8
2594      	17:43:25  	288.8 	-32.8 	1     	40.5     	328   	21.7       	-34.2      	9992      	-66.8
2596      	17:43:27  	288.5 	-32.8 	1     	40.3     	327   	21.8       	-33.9      	10000     	-66.9
2598      	17:43:29  	288.2 	-32.8 	1     	40.1     	327   	21.9       	-33.6      	10007     	-66.9
2600      	17:43:31  	287.9 	-32.9 	1     	39.8     	326   	22.0       	-33.2      	10014     	-67.0
2602      	17:43:33  	287.6 	-32.9 	1     	39.7     	326   	22.1       	-33.0      	10022     	-67.0
2604      	17:43:35  	287.3 	-32.9 	1     	39.6     	326   	22.2       	-32.8      	10029     	-67.1
2606      	17:43:37  	287.0 	-32.9 	1     	39.4     	326   	22.2       	-32.6      	10037     	-67.1
2608      	17:43:39  	286.7 	-32.9 	1     	39.3     	325   	22.3       	-32.3      	10044     	-67.1
2610      	17:43:41  	286.4 	-32.9 	1     	38.9     	325   	22.3       	-31.9      	10051     	-67.2
2612      	17:43:43  	286.1 	-32.9 	1     	38.7     	325   	22.3       	-31.6      	10058     	-67.2
2614      	17:43:45  	285.8 	-32.9 	1     	38.4     	324   	22.4       	-31.2      	10065     	-67.2
2616      	17:43:47  	285.6 	-32.9 	1     	38.2     	324   	22.3       	-31.0      	10072     	-67.2
2618      	17:43:49  	285.3 	-33.0 	1     	38.0     	324   	22.3       	-30.8      	10079     	-67.2
2620      	17:43:51  	285.0 	-33.0 	1     	37.8     	324   	22.2       	-30.6      	10087     	-67.1
2622      	17:43:53  	284.7 	-33.0 	1     	37.6     	324   	22.2       	-30.4      	10094     	-67.1
2624      	17:43:55  	284.4 	-33.0 	1     	37.3     	324   	22.1       	-30.1      	10101     	-67.1
2626      	17:43:57  	284.1 	-33.0 	1     	37.2     	324   	22.1       	-29.9      	10108     	-67.1
2628      	17:43:59  	283.9 	-33.0 	1     	37.0     	324   	22.0       	-29.8      	10115     	-67.1
2630      	17:44:01  	283.6 	-33.0 	1     	37.0     	324   	22.0       	-29.8      	10122     	-67.2
2632      	17:44:03  	283.3 	-33.1 	1     	37.0     	323   	22.0       	-29.7      	10129     	-67.2
2634      	17:44:05  	283.0 	-33.1 	1     	36.9     	324   	21.9       	-29.7      	10136     	-67.2
2636      	17:44:07  	282.7 	-33.1 	1     	36.8     	324   	21.8       	-29.7      	10143     	-67.3
2638      	17:44:09  	282.4 	-33.1 	1     	36.8     	324   	21.7       	-29.7      	10150     	-67.3
2640      	17:44:11  	282.2 	-33.2 	1     	36.7     	324   	21.6       	-29.7      	10157     	-67.3
2642      	17:44:13  	281.9 	-33.2 	1     	36.6     	324   	21.4       	-29.7      	10164     	-67.4
2644      	17:44:15  	281.6 	-33.3 	1     	36.5     	324   	21.3       	-29.7      	10171     	-67.4
2646      	17:44:17  	281.3 	-33.3 	1     	36.6     	325   	21.2       	-29.8      	10178     	-67.4
2648      	17:44:19  	281.0 	-33.3 	1     	36.5     	325   	21.1       	-29.8      	10185     	-67.5
2650      	17:44:21  	280.7 	-33.4 	1     	36.5     	325   	20.9       	-29.9      	10193     	-67.5
2652      	17:44:23  	280.5 	-33.4 	1     	36.5     	325   	20.7       	-30.1      	10200     	-67.5
2654      	17:44:25  	280.2 	-33.4 	1     	36.6     	326   	20.6       	-30.2      	10207     	-67.5
2656      	17:44:27  	279.9 	-33.5 	1     	36.6     	326   	20.5       	-30.3      	10214     	-67.5
2658      	17:44:29  	279.6 	-33.5 	1     	36.7     	326   	20.5       	-30.5      	10221     	-67.5
2660      	17:44:31  	279.3 	-33.6 	1     	36.8     	326   	20.4       	-30.6      	10228     	-67.5
2662      	17:44:33  	279.1 	-33.6 	1     	36.8     	327   	20.3       	-30.7      	10235     	-67.5
2664      	17:44:35  	278.8 	-33.7 	1     	36.9     	327   	20.3       	-30.8      	10241     	-67.6
2666      	17:44:37  	278.5 	-33.7 	1     	37.0     	327   	20.3       	-30.9      	10248     	-67.6
2668      	17:44:39  	278.3 	-33.8 	1     	37.0     	327   	20.2       	-31.0      	10255     	-67.6
2670      	17:44:41  	278.0 	-33.8 	1     	37.1     	327   	20.3       	-31.0      	10262     	-67.7
2672      	17:44:43  	277.7 	-33.9 	1     	37.0     	327   	20.3       	-30.9      	10269     	-67.7
2674      	17:44:45  	277.4 	-33.9 	1     	37.0     	327   	20.4       	-30.9      	10276     	-67.7
2676      	17:44:47  	277.2 	-34.0 	1     	37.0     	327   	20.4       	-30.9      	10283     	-67.8
2678      	17:44:49  	276.9 	-34.0 	1     	37.0     	326   	20.5       	-30.8      	10289     	-67.8
2680      	17:44:51  	276.6 	-34.1 	1     	37.0     	326   	20.5       	-30.8      	10296     	-67.8
2682      	17:44:53  	276.3 	-34.1 	1     	37.1     	326   	20.6       	-30.8      	10303     	-67.9
2684      	17:44:55  	276.1 	-34.2 	1     	37.0     	326   	20.6       	-30.7      	10310     	-67.9
2686      	17:44:57  	275.8 	-34.2 	1     	37.0     	326   	20.7       	-30.7      	10317     	-67.9
2688      	17:44:59  	275.5 	-34.3 	1     	37.0     	326   	20.8       	-30.6      	10323     	-67.9
2690      	17:45:01  	275.3 	-34.4 	1     	37.1     	326   	20.9       	-30.6      	10330     	-68.0
2692      	17:45:03  	275.0 	-34.4 	1     	37.0     	325   	21.0       	-30.5      	10336     	-68.0
2694      	17:45:05  	274.8 	-34.5 	1     	37.1     	325   	21.1       	-30.5      	10343     	-68.1
2696      	17:45:07  	274.5 	-34.5 	1     	37.1     	325   	21.2       	-30.4      	10350     	-68.2
2698      	17:45:09  	274.2 	-34.6 	1     	37.2     	325   	21.4       	-30.4      	10357     	-68.2
2700      	17:45:11  	274.0 	-34.7 	1     	37.2     	325   	21.5       	-30.3      	10364     	-68.3
2702      	17:45:13  	273.7 	-34.7 	1     	37.1     	324   	21.6       	-30.2      	10371     	-68.3
2704      	17:45:15  	273.4 	-34.8 	1     	37.2     	324   	21.7       	-30.2      	10377     	-68.3
2706      	17:45:17  	273.2 	-34.8 	1     	37.1     	324   	21.7       	-30.1      	10384     	-68.4
2708      	17:45:19  	272.9 	-34.9 	1     	37.2     	324   	21.8       	-30.1      	10390     	-68.4
2710      	17:45:21  	272.7 	-35.0 	1     	37.2     	324   	21.8       	-30.1      	10396     	-68.4
2712      	17:45:23  	272.4 	-35.0 	1     	37.1     	324   	21.8       	-30.0      	10403     	-68.4
2714      	17:45:25  	272.2 	-35.1 	1     	37.1     	324   	21.9       	-30.0      	10410     	-68.4
2716      	17:45:27  	271.9 	-35.1 	1     	37.1     	324   	21.9       	-30.0      	10416     	-68.5
2718      	17:45:29  	271.6 	-35.2 	1     	37.1     	324   	21.9       	-29.9      	10423     	-68.5
2720      	17:45:31  	271.4 	-35.3 	1     	37.1     	324   	22.0       	-29.9      	10430     	-68.5
2722      	17:45:33  	271.1 	-35.3 	2     	37.1     	324   	22.0       	-29.9      	10436     	-68.5
2724      	17:45:35  	270.9 	-35.4 	2     	37.0     	324   	22.0       	-29.8      	10443     	-68.5
2726      	17:45:37  	270.6 	-35.4 	2     	37.1     	323   	22.1       	-29.8      	10449     	-68.6
2728      	17:45:39  	270.4 	-35.5 	2     	37.1     	323   	22.2       	-29.7      	10456     	-68.6
2730      	17:45:41  	270.1 	-35.6 	1     	37.1     	323   	22.3       	-29.7      	10462     	-68.7
2732      	17:45:43  	269.9 	-35.6 	1     	37.1     	323   	22.4       	-29.6      	10469     	-68.8
2734      	17:45:45  	269.6 	-35.7 	1     	37.1     	323   	22.4       	-29.6      	10476     	-68.8
2736      	17:45:47  	269.3 	-35.7 	1     	37.1     	323   	22.5       	-29.5      	10482     	-68.9
2738      	17:45:49  	269.1 	-35.7 	1     	37.1     	322   	22.7       	-29.4      	10489     	-68.9
2740      	17:45:51  	268.8 	-35.8 	1     	37.1     	322   	22.9       	-29.2      	10496     	-69.0
2742      	17:45:53  	268.5 	-35.9 	1     	37.1     	321   	23.1       	-29.0      	10503     	-69.0
2744      	17:45:55  	268.3 	-35.9 	1     	37.1     	321   	23.2       	-28.9      	10510     	-69.0
2746      	17:45:57  	268.0 	-36.0 	1     	37.0     	321   	23.3       	-28.7      	10517     	-69.0
2748      	17:45:59  	267.8 	-36.0 	2     	37.0     	321   	23.5       	-28.6      	10523     	-69.0
2750      	17:46:01  	267.5 	-36.1 	2     	36.9     	320   	23.6       	-28.4      	10530     	-69.0
2752      	17:46:03  	267.3 	-36.1 	2     	37.0     	320   	23.9       	-28.2      	10536     	-69.1
2754      	17:46:05  	267.0 	-36.2 	2     	37.0     	319   	24.1       	-28.1      	10542     	-69.1
2756      	17:46:07  	266.8 	-36.2 	2     	37.1     	319   	24.4       	-27.9      	10549     	-69.1
2758      	17:46:09  	266.5 	-36.3 	2     	37.1     	319   	24.5       	-27.8      	10556     	-69.2
2760      	17:46:11  	266.3 	-36.3 	2     	37.1     	318   	24.6       	-27.8      	10562     	-69.3
2762      	17:46:13  	266.0 	-36.4 	1     	37.1     	318   	24.7       	-27.7      	10569     	-69.3
2764      	17:46:15  	265.8 	-36.4 	1     	37.2     	318   	24.9       	-27.6      	10575     	-69.4
2766      	17:46:17  	265.5 	-36.5 	1     	37.2     	318   	25.1       	-27.5      	10581     	-69.4
2768      	17:46:19  	265.3 	-36.5 	1     	37.2     	317   	25.2       	-27.4      	10587     	-69.5
2770      	17:46:21  	265.0 	-36.6 	1     	37.2     	317   	25.3       	-27.3      	10594     	-69.6
2772      	17:46:23  	264.8 	-36.6 	1     	37.2     	317   	25.4       	-27.2      	10600     	-69.6
2774      	17:46:25  	264.6 	-36.7 	1     	37.1     	317   	25.4       	-27.1      	10606     	-69.6
2776      	17:46:27  	264.3 	-36.8 	1     	37.1     	317   	25.4       	-27.1      	10613     	-69.6
2778      	17:46:29  	264.1 	-36.8 	1     	37.1     	317   	25.4       	-27.1      	10619     	-69.7
2780      	17:46:31  	263.8 	-36.9 	1     	37.2     	317   	25.5       	-27.1      	10626     	-69.7
2782      	17:46:33  	263.6 	-36.9 	2     	37.2     	317   	25.5       	-27.1      	10632     	-69.7
2784      	17:46:35  	263.3 	-37.0 	2     	37.3     	317   	25.5       	-27.2      	10639     	-69.7
2786      	17:46:37  	263.1 	-37.0 	2     	37.3     	317   	25.5       	-27.2      	10646     	-69.8
2788      	17:46:39  	262.8 	-37.1 	2     	37.3     	317   	25.4       	-27.3      	10652     	-69.8
2790      	17:46:41  	262.6 	-37.2 	2     	37.3     	317   	25.3       	-27.4      	10659     	-69.8
2792      	17:46:43  	262.3 	-37.2 	2     	37.3     	317   	25.2       	-27.5      	10665     	-69.9
2794      	17:46:45  	262.1 	-37.3 	2     	37.3     	318   	25.1       	-27.6      	10672     	-69.9
2796      	17:46:47  	261.8 	-37.3 	2     	37.3     	318   	25.0       	-27.7      	10679     	-69.9
2798      	17:46:49  	261.6 	-37.4 	2     	37.3     	318   	25.0       	-27.7      	10685     	-70.0
2800      	17:46:51  	261.3 	-37.5 	2     	37.2     	318   	24.9       	-27.7      	10692     	-70.0
2802      	17:46:53  	261.1 	-37.5 	2     	37.3     	318   	24.8       	-27.8      	10698     	-70.0
2804      	17:46:55  	260.9 	-37.6 	2     	37.3     	318   	24.7       	-27.9      	10704     	-70.1
2806      	17:46:57  	260.6 	-37.6 	2     	37.2     	319   	24.6       	-27.9      	10710     	-70.1
2808      	17:46:59  	260.4 	-37.7 	2     	37.2     	319   	24.5       	-28.0      	10716     	-70.2
2810      	17:47:01  	260.1 	-37.8 	2     	37.3     	319   	24.5       	-28.1      	10723     	-70.3
2812      	17:47:03  	259.9 	-37.8 	2     	37.3     	319   	24.5       	-28.1      	10729     	-70.3
2814      	17:47:05  	259.6 	-37.9 	2     	37.4     	319   	24.5       	-28.2      	10736     	-70.4
2816      	17:47:07  	259.4 	-37.9 	2     	37.3     	319   	24.4       	-28.2      	10742     	-70.4
2818      	17:47:09  	259.2 	-38.0 	2     	37.4     	319   	24.4       	-28.3      	10749     	-70.5
2820      	17:47:11  	258.9 	-38.1 	2     	37.3     	319   	24.3       	-28.3      	10755     	-70.5
2822      	17:47:13  	258.7 	-38.1 	2     	37.2     	319   	24.2       	-28.3      	10761     	-70.5
2824      	17:47:15  	258.5 	-38.2 	2     	37.2     	319   	24.2       	-28.3      	10768     	-70.6
2826      	17:47:17  	258.2 	-38.2 	2     	37.2     	320   	24.1       	-28.3      	10774     	-70.6
2828      	17:47:19  	258.0 	-38.3 	2     	37.2     	320   	24.1       	-28.3      	10780     	-70.5
2830      	17:47:21  	257.7 	-38.3 	2     	37.1     	320   	24.0       	-28.3      	10787     	-70.6
2832      	17:47:23  	257.5 	-38.4 	2     	37.0     	320   	23.9       	-28.3      	10793     	-70.7
2834      	17:47:25  	257.2 	-38.5 	2     	37.0     	320   	23.9       	-28.3      	10800     	-70.7
2836      	17:47:27  	257.0 	-38.5 	2     	37.0     	320   	23.9       	-28.2      	10806     	-70.8
2838      	17:47:29  	256.8 	-38.6 	2     	37.0     	320   	23.9       	-28.2      	10813     	-70.8
2840      	17:47:31  	256.5 	-38.7 	2     	37.0     	320   	23.9       	-28.2      	10819     	-70.9
2842      	17:47:33  	256.3 	-38.7 	2     	37.0     	320   	23.8       	-28.3      	10825     	-70.9
2844      	17:47:35  	256.1 	-38.8 	2     	37.1     	320   	23.8       	-28.4      	10832     	-71.0
2846      	17:47:37  	255.8 	-38.8 	2     	37.1     	320   	23.8       	-28.5      	10838     	-71.0
2848      	17:47:39  	255.6 	-38.9 	2     	37.1     	320   	23.7       	-28.5      	10844     	-71.0
2850      	17:47:41  	255.4 	-38.9 	2     	37.1     	320   	23.7       	-28.6      	10850     	-71.0
2852      	17:47:43  	255.1 	-39.0 	2     	37.2     	320   	23.7       	-28.7      	10857     	-71.0
2854      	17:47:45  	254.9 	-39.0 	2     	37.2     	321   	23.6       	-28.8      	10863     	-71.1
2856      	17:47:47  	254.6 	-39.1 	2     	37.2     	321   	23.6       	-28.8      	10869     	-71.1
2858      	17:47:49  	254.4 	-39.1 	2     	37.2     	321   	23.5       	-28.8      	10876     	-71.1
2860      	17:47:51  	254.2 	-39.2 	2     	37.1     	321   	23.5       	-28.7      	10882     	-71.2
2862      	17:47:53  	253.9 	-39.2 	2     	37.1     	321   	23.5       	-28.7      	10889     	-71.2
2864      	17:47:55  	253.7 	-39.3 	2     	37.0     	321   	23.4       	-28.6      	10895     	-71.2
2866      	17:47:57  	253.5 	-39.3 	2     	36.9     	321   	23.4       	-28.5      	10902     	-71.3
2868      	17:47:59  	253.2 	-39.3 	2     	36.8     	320   	23.5       	-28.3      	10908     	-71.4
2870      	17:48:01  	253.0 	-39.4 	2     	36.7     	320   	23.5       	-28.2      	10915     	-71.4
2872      	17:48:03  	252.8 	-39.4 	2     	36.6     	320   	23.5       	-28.0      	10921     	-71.5
2874      	17:48:05  	252.5 	-39.5 	2     	36.5     	320   	23.6       	-27.9      	10927     	-71.5
2876      	17:48:07  	252.3 	-39.5 	2     	36.5     	320   	23.6       	-27.9      	10933     	-71.6
2878      	17:48:09  	252.1 	-39.6 	2     	36.5     	320   	23.7       	-27.8      	10939     	-71.6
2880      	17:48:11  	251.8 	-39.6 	2     	36.5     	319   	23.7       	-27.7      	10945     	-71.6
2882      	17:48:13  	251.6 	-39.7 	2     	36.3     	319   	23.7       	-27.5      	10952     	-71.7
2884      	17:48:15  	251.4 	-39.7 	2     	36.2     	319   	23.7       	-27.4      	10958     	-71.7
2886      	17:48:17  	251.2 	-39.8 	2     	36.2     	319   	23.7       	-27.3      	10964     	-71.7
2888      	17:48:19  	250.9 	-39.8 	2     	36.1     	319   	23.7       	-27.2      	10970     	-71.8
2890      	17:48:21  	250.7 	-39.8 	2     	36.0     	319   	23.7       	-27.1      	10976     	-71.8
2892      	17:48:23  	250.5 	-39.9 	2     	35.9     	319   	23.7       	-27.0      	10983     	-71.8
2894      	17:48:25  	250.2 	-39.9 	2     	35.9     	319   	23.7       	-26.9      	10989     	-71.9
2896      	17:48:27  	250.0 	-40.0 	2     	35.7     	318   	23.7       	-26.7      	10995     	-71.9
2898      	17:48:29  	249.8 	-40.0 	2     	35.6     	318   	23.7       	-26.6      	11002     	-71.9
2900      	17:48:31  	249.5 	-40.1 	2     	35.6     	318   	23.7       	-26.6      	11008     	-72.0
2902      	17:48:33  	249.3 	-40.2 	2     	35.6     	318   	23.7       	-26.5      	11014     	-72.0
2904      	17:48:35  	249.1 	-40.2 	2     	35.6     	318   	23.8       	-26.5      	11020     	-72.1
2906      	17:48:37  	248.9 	-40.2 	2     	35.5     	318   	23.8       	-26.4      	11027     	-72.1
2908      	17:48:39  	248.6 	-40.3 	2     	35.5     	318   	23.8       	-26.3      	11033     	-72.1
2910      	17:48:41  	248.4 	-40.3 	2     	35.4     	318   	23.8       	-26.2      	11040     	-72.1
2912      	17:48:43  	248.2 	-40.4 	2     	35.3     	318   	23.8       	-26.1      	11046     	-72.2
2914      	17:48:45  	247.9 	-40.5 	2     	35.3     	318   	23.8       	-26.1      	11052     	-72.2
2916      	17:48:47  	247.7 	-40.5 	2     	35.2     	318   	23.8       	-26.0      	11059     	-72.2
2918      	17:48:49  	247.5 	-40.5 	2     	35.2     	317   	23.8       	-25.9      	11065     	-72.2
2920      	17:48:51  	247.2 	-40.6 	2     	35.2     	317   	23.8       	-25.9      	11072     	-72.2
2922      	17:48:53  	247.0 	-40.6 	2     	35.2     	317   	23.8       	-25.9      	11079     	-72.2
2924      	17:48:55  	246.8 	-40.7 	2     	35.1     	317   	23.8       	-25.8      	11085     	-72.3
2926      	17:48:57  	246.5 	-40.7 	2     	35.1     	317   	23.8       	-25.8      	11091     	-72.3
2928      	17:48:59  	246.3 	-40.8 	2     	35.1     	317   	23.8       	-25.8      	11097     	-72.3
2930      	17:49:01  	246.1 	-40.8 	2     	35.2     	317   	23.9       	-25.8      	11104     	-72.3
2932      	17:49:03  	245.8 	-40.9 	2     	35.1     	317   	23.8       	-25.8      	11110     	-72.4
2934      	17:49:05  	245.6 	-40.9 	2     	35.2     	317   	23.8       	-25.9      	11116     	-72.4
2936      	17:49:07  	245.4 	-41.0 	2     	35.2     	317   	23.8       	-25.9      	11123     	-72.5
2938      	17:49:09  	245.1 	-41.0 	2     	35.1     	318   	23.7       	-25.9      	11130     	-72.5
2940      	17:49:11  	244.9 	-41.1 	2     	35.1     	318   	23.7       	-25.9      	11137     	-72.5
2942      	17:49:13  	244.6 	-41.2 	2     	35.0     	318   	23.6       	-25.9      	11144     	-72.5
2944      	17:49:15  	244.4 	-41.2 	2     	35.0     	318   	23.6       	-25.9      	11151     	-72.5
2946      	17:49:17  	244.1 	-41.3 	2     	35.0     	318   	23.6       	-25.9      	11158     	-72.6
2948      	17:49:19  	243.9 	-41.3 	2     	35.0     	318   	23.6       	-25.9      	11165     	-72.6
2950      	17:49:21  	243.6 	-41.4 	2     	35.0     	318   	23.5       	-25.9      	11172     	-72.6
2952      	17:49:23  	243.4 	-41.5 	2     	35.0     	318   	23.6       	-25.9      	11179     	-72.6
2954      	17:49:25  	243.1 	-41.5 	2     	35.0     	318   	23.6       	-25.9      	11186     	-72.6
2956      	17:49:27  	242.9 	-41.6 	2     	35.1     	318   	23.7       	-25.9      	11192     	-72.7
2958      	17:49:29  	242.6 	-41.6 	2     	35.0     	317   	23.7       	-25.8      	11199     	-72.7
2960      	17:49:31  	242.4 	-41.7 	2     	35.1     	317   	23.8       	-25.8      	11206     	-72.8
2962      	17:49:33  	242.2 	-41.8 	2     	35.1     	317   	23.8       	-25.8      	11213     	-72.9
2964      	17:49:35  	241.9 	-41.8 	2     	35.2     	317   	23.9       	-25.8      	11219     	-72.9
2966      	17:49:37  	241.7 	-41.9 	2     	35.1     	317   	23.9       	-25.7      	11226     	-73.0
2968      	17:49:39  	241.4 	-41.9 	2     	35.1     	317   	23.9       	-25.7      	11233     	-73.1
2970      	17:49:41  	241.2 	-42.0 	2     	35.1     	317   	23.9       	-25.7      	11240     	-73.1
2972      	17:49:43  	241.0 	-42.0 	2     	35.1     	317   	23.9       	-25.7      	11246     	-73.2
2974      	17:49:45  	240.7 	-42.1 	2     	35.1     	317   	23.9       	-25.7      	11253     	-73.2
2976      	17:49:47  	240.5 	-42.1 	2     	35.1     	317   	24.0       	-25.6      	11259     	-73.3
2978      	17:49:49  	240.2 	-42.2 	2     	35.0     	317   	23.9       	-25.6      	11266     	-73.3
2980      	17:49:51  	240.0 	-42.3 	2     	35.1     	317   	23.9       	-25.7      	11273     	-73.4
2982      	17:49:53  	239.8 	-42.3 	2     	35.1     	317   	23.9       	-25.7      	11280     	-73.5
2984      	17:49:55  	239.5 	-42.4 	2     	35.1     	317   	23.9       	-25.7      	11287     	-73.5
2986      	17:49:57  	239.3 	-42.4 	2     	35.0     	317   	23.9       	-25.6      	11294     	-73.6
2988      	17:49:59  	239.0 	-42.5 	2     	35.0     	317   	23.8       	-25.6      	11301     	-73.6
2990      	17:50:01  	238.8 	-42.6 	2     	35.0     	317   	23.8       	-25.6      	11308     	-73.6
2992      	17:50:03  	238.5 	-42.6 	2     	34.9     	317   	23.7       	-25.6      	11314     	-73.6
2994      	17:50:05  	238.3 	-42.6 	2     	34.9     	317   	23.7       	-25.6      	11321     	-73.6
2996      	17:50:07  	238.0 	-42.7 	2     	34.8     	317   	23.6       	-25.6      	11328     	-73.6
2998      	17:50:09  	237.8 	-42.7 	2     	34.7     	317   	23.5       	-25.5      	11335     	-73.6
3000      	17:50:11  	237.6 	-42.7 	2     	34.6     	317   	23.4       	-25.5      	11342     	-73.6
3002      	17:50:13  	237.3 	-42.8 	2     	34.5     	317   	23.3       	-25.4      	11349     	-73.7
3004      	17:50:15  	237.1 	-42.8 	2     	34.4     	318   	23.2       	-25.4      	11355     	-73.7
3006      	17:50:17  	236.8 	-42.9 	2     	34.3     	317   	23.2       	-25.3      	11362     	-73.8
3008      	17:50:19  	236.6 	-42.9 	2     	34.3     	318   	23.1       	-25.3      	11369     	-73.8
3010      	17:50:21  	236.4 	-43.0 	2     	34.3     	318   	23.1       	-25.3      	11376     	-73.8
3012      	17:50:23  	236.1 	-43.0 	2     	34.1     	318   	22.9       	-25.2      	11383     	-73.9
3014      	17:50:25  	235.9 	-43.1 	2     	33.9     	318   	22.8       	-25.1      	11390     	-73.9
3016      	17:50:27  	235.6 	-43.1 	2     	33.8     	318   	22.7       	-25.0      	11397     	-73.9
3018      	17:50:29  	235.4 	-43.1 	2     	33.6     	318   	22.6       	-24.9      	11404     	-74.0
3020      	17:50:31  	235.2 	-43.2 	2     	33.5     	318   	22.5       	-24.8      	11411     	-74.0
3022      	17:50:33  	234.9 	-43.2 	2     	33.3     	318   	22.4       	-24.7      	11418     	-74.0
3024      	17:50:35  	234.7 	-43.3 	2     	33.2     	318   	22.3       	-24.6      	11425     	-74.1
3026      	17:50:37  	234.4 	-43.4 	2     	33.1     	318   	22.1       	-24.6      	11431     	-74.1
3028      	17:50:39  	234.2 	-43.4 	2     	32.9     	318   	22.0       	-24.5      	11438     	-74.1
3030      	17:50:41  	233.9 	-43.5 	2     	32.8     	318   	21.8       	-24.5      	11445     	-74.2
3032      	17:50:43  	233.7 	-43.6 	2     	32.7     	318   	21.7       	-24.5      	11452     	-74.2
3034      	17:50:45  	233.4 	-43.6 	2     	32.7     	319   	21.6       	-24.5      	11460     	-74.2
3036      	17:50:47  	233.2 	-43.7 	2     	32.6     	319   	21.5       	-24.5      	11467     	-74.2
3038      	17:50:49  	233.0 	-43.7 	2     	32.5     	319   	21.4       	-24.5      	11473     	-74.3
3040      	17:50:51  	232.7 	-43.8 	2     	32.4     	319   	21.2       	-24.5      	11480     	-74.4
3042      	17:50:53  	232.5 	-43.8 	2     	32.3     	319   	21.1       	-24.5      	11487     	-74.4
3044      	17:50:55  	232.2 	-43.9 	2     	32.3     	319   	21.0       	-24.5      	11494     	-74.5
3046      	17:50:57  	232.0 	-43.9 	2     	32.2     	319   	21.0       	-24.4      	11501     	-74.6
3048      	17:50:59  	231.8 	-44.0 	2     	32.1     	319   	21.0       	-24.3      	11508     	-74.6
3050      	17:51:01  	231.5 	-44.0 	2     	32.2     	318   	21.5       	-24.0      	11515     	-74.7
3052      	17:51:03  	231.3 	-44.1 	2     	32.2     	317   	21.9       	-23.6      	11522     	-74.7
3054      	17:51:05  	231.0 	-44.2 	2     	32.2     	316   	22.4       	-23.2      	11530     	-74.8
3056      	17:51:07  	230.8 	-44.2 	2     	32.3     	315   	22.9       	-22.8      	11537     	-74.8
3058      	17:51:09  	230.5 	-44.3 	2     	32.5     	314   	23.4       	-22.5      	11544     	-74.9
3060      	17:51:11  	230.3 	-44.3 	2     	32.6     	313   	23.9       	-22.1      	11551     	-74.9
3062      	17:51:13  	230.0 	-44.4 	2     	32.8     	312   	24.5       	-21.8      	11558     	-74.9
3064      	17:51:15  	229.8 	-44.4 	2     	32.9     	311   	25.0       	-21.4      	11565     	-75.0
3066      	17:51:17  	229.5 	-44.5 	2     	33.1     	310   	25.5       	-21.1      	11573     	-75.0
3068      	17:51:19  	229.3 	-44.6 	2     	33.3     	309   	26.0       	-20.8      	11580     	-75.0
3070      	17:51:21  	229.0 	-44.6 	2     	33.3     	309   	26.0       	-20.8      	11587     	-75.0
3072      	17:51:23  	228.8 	-44.7 	2     	33.3     	309   	26.0       	-20.8      	11594     	-75.0
3074      	17:51:25  	228.6 	-44.7 	2     	33.3     	309   	26.0       	-20.8      	11601     	-75.0
3076      	17:51:27  	228.3 	-44.8 	2     	33.3     	309   	26.0       	-20.8      	11608     	-75.0
3078      	17:51:29  	228.1 	-44.8 	2     	33.3     	309   	26.0       	-20.8      	11616     	-74.3
3080      	17:51:31  	227.8 	-44.9 	2     	33.3     	309   	26.0       	-20.8      	11623     	-74.3
3082      	17:51:33  	227.6 	-44.9 	2     	33.3     	309   	26.0       	-20.8      	11630     	-74.2
3084      	17:51:35  	227.3 	-45.0 	2     	33.3     	309   	26.0       	-20.8      	11637     	-74.1
3086      	17:51:37  	227.1 	-45.0 	2     	33.3     	309   	26.0       	-20.8      	11644     	-74.3
3088      	17:51:39  	226.8 	-45.0 	2     	33.3     	309   	26.0       	-20.8      	11651     	-74.4
3090      	17:51:41  	226.6 	-45.1 	2     	33.3     	309   	26.0       	-20.8      	11659     	-74.5
3092      	17:51:43  	226.4 	-45.2 	2     	33.3     	309   	26.0       	-20.8      	11666     	-75.0
3094      	17:51:45  	226.1 	-45.2 	2     	33.3     	309   	26.0       	-20.8      	11673     	-75.2
3096      	17:51:47  	225.9 	-45.3 	2     	33.3     	309   	26.0       	-20.8      	11680     	-75.4
3098      	17:51:49  	225.6 	-45.4 	2     	33.3     	309   	26.0       	-20.8      	11687     	-75.5
3100      	17:51:51  	225.4 	-45.4 	2     	33.3     	309   	26.0       	-20.8      	11695     	-75.5
3102      	17:51:53  	225.1 	-45.5 	2     	33.3     	309   	26.0       	-20.8      	11702     	-75.6
3104      	17:51:55  	224.9 	-45.6 	2     	33.3     	309   	26.0       	-20.8      	11709     	-75.7
3106      	17:51:57  	224.7 	-45.6 	2     	33.3     	309   	26.0       	-20.8      	11716     	-75.7
3108      	17:51:59  	224.4 	-45.7 	2     	33.3     	309   	26.0       	-20.8      	11723     	-75.8
3110      	17:52:01  	224.2 	-45.8 	2     	33.3     	309   	26.0       	-20.8      	11730     	-75.8
3112      	17:52:03  	223.9 	-45.9 	2     	33.3     	309   	26.0       	-20.8      	11738     	-75.5
3114      	17:52:05  	223.7 	-45.9 	2     	33.3     	309   	26.0       	-20.8      	11745     	-74.7
3116      	17:52:07  	223.5 	-46.0 	2     	33.3     	309   	26.0       	-20.8      	11752     	-74.4
3118      	17:52:09  	223.2 	-46.1 	2     	33.3     	309   	26.0       	-20.8      	11759     	-74.4
3120      	17:52:11  	223.0 	-46.1 	2     	33.3     	309   	26.0       	-20.8      	11766     	-74.5
3122      	17:52:13  	222.7 	-46.2 	2     	33.3     	309   	26.0       	-20.8      	11773     	-74.5
3124      	17:52:15  	222.5 	-46.2 	2     	33.3     	309   	26.0       	-20.8      	11781     	-74.5
3126      	17:52:17  	222.3 	-46.3 	2     	33.3     	309   	26.0       	-20.8      	11788     	-74.6
3128      	17:52:19  	222.0 	-46.3 	2     	33.3     	309   	26.0       	-20.8      	11795     	-75.1
3130      	17:52:21  	221.8 	-46.4 	2     	33.3     	309   	26.0       	-20.8      	11802     	-75.9
3132      	17:52:23  	221.5 	-46.4 	2     	33.3     	309   	26.0       	-20.8      	11809     	-76.2
3134      	17:52:25  	221.3 	-46.5 	2     	33.3     	309   	26.0       	-20.8      	11816     	-76.2
3136      	17:52:27  	221.1 	-46.5 	2     	33.3     	309   	26.0       	-20.8      	11824     	-76.3
3138      	17:52:29  	220.8 	-46.6 	2     	33.3     	309   	26.0       	-20.8      	11831     	-76.4
3140      	17:52:31  	220.6 	-46.6 	2     	33.3     	309   	26.0       	-20.8      	11838     	-76.5
3142      	17:52:33  	220.3 	-46.7 	2     	33.3     	309   	26.0       	-20.8      	11845     	-76.5
3144      	17:52:35  	220.1 	-46.7 	2     	33.3     	309   	26.0       	-20.8      	11852     	-76.6
3146      	17:52:37  	219.9 	-46.8 	2     	33.3     	309   	26.0       	-20.8      	11859     	-76.7
3148      	17:52:39  	219.6 	-46.9 	2     	33.3     	309   	26.0       	-20.8      	11867     	-76.7
3150      	17:52:41  	219.4 	-46.9 	2     	33.3     	309   	26.0       	-20.8      	11874     	-76.8
3152      	17:52:43  	219.2 	-47.0 	2     	33.3     	309   	26.0       	-20.8      	11881     	-76.8
3154      	17:52:45  	218.9 	-47.0 	2     	NaN      	NaN   	999999.0   	999999.0   	11888     	-76.9
3156      	17:52:47  	218.7 	-47.1 	2     	NaN      	NaN   	999999.0   	999999.0   	11895     	-77.0
3158      	17:52:49  	218.4 	-47.1 	2     	NaN      	NaN   	999999.0   	999999.0   	11902     	-77.1
3160      	17:52:51  	218.2 	-47.2 	2     	NaN      	NaN   	999999.0   	999999.0   	11910     	-77.2
3162      	17:52:53  	218.0 	-47.2 	2     	NaN      	NaN   	999999.0   	999999.0   	11917     	-77.2
3164      	17:52:55  	217.8 	-46.6 	2     	NaN      	NaN   	999999.0   	999999.0   	NaN       	-76.8
3166      	17:52:57  	217.6 	-46.6 	2     	NaN      	NaN   	999999.0   	999999.0   	NaN       	-76.9
3168      	17:52:59  	217.4 	-46.7 	2     	NaN      	NaN   	999999.0   	999999.0   	NaN       	-76.9
3170      	17:53:01  	217.2 	-46.7 	2     	NaN      	NaN   	999999.0   	999999.0   	NaN       	-77.0
3172      	17:53:03  	217.0 	-46.8 	2     	NaN      	NaN   	999999.0   	999999.0   	NaN       	-77.0
3174      	17:53:05  	216.8 	-46.8 	2     	NaN      	NaN   	999999.0   	999999.0   	NaN       	-77.1
3176      	17:53:07  	216.6 	-46.9 	2     	NaN      	NaN   	999999.0   	999999.0   	NaN       	-77.1
3178      	17:53:09  	216.4 	-46.9 	2     	NaN      	NaN   	999999.0   	999999.0   	NaN       	-77.1
3180      	17:53:11  	216.2 	-47.0 	2     	NaN      	NaN   	999999.0   	999999.0   	NaN       	-77.2
3182      	17:53:13  	216.0 	-47.0 	2     	NaN      	NaN   	999999.0   	999999.0   	NaN       	-77.2
3184      	17:53:15  	215.8 	-47.0 	2     	NaN      	NaN   	999999.0   	999999.0   	NaN       	-77.2
3186      	17:53:17  	215.6 	-47.1 	4     	NaN      	NaN   	999999.0   	999999.0   	NaN       	-71.0
3188      	17:53:19  	215.4 	-47.1 	14    	NaN      	NaN   	999999.0   	999999.0   	NaN       	-62.4
3190      	17:53:21  	215.2 	-47.2 	16    	NaN      	NaN   	999999.0   	999999.0   	NaN       	-61.2
3192      	17:53:23  	215.0 	-47.2 	16    	NaN      	NaN   	999999.0   	999999.0   	NaN       	-61.3
3194      	17:53:25  	214.7 	-47.3 	14    	NaN      	NaN   	999999.0   	999999.0   	NaN       	-62.4
3196      	17:53:27  	214.5 	-47.3 	14    	NaN      	NaN   	999999.0   	999999.0   	NaN       	-62.4
3198      	17:53:29  	214.3 	-47.4 	16    	NaN      	NaN   	999999.0   	999999.0   	NaN       	-61.4
3200      	17:53:31  	214.1 	-47.4 	15    	NaN      	NaN   	999999.0   	999999.0   	NaN       	-62.1
3202      	17:53:33  	213.9 	-47.5 	4     	NaN      	NaN   	999999.0   	999999.0   	NaN       	-71.8
3204      	17:53:35  	213.7 	-47.5 	1     	NaN      	NaN   	999999.0   	999999.0   	NaN       	-77.9
3206      	17:53:37  	213.5 	-47.6 	1     	NaN      	NaN   	999999.0   	999999.0   	NaN       	-77.9
3208      	17:53:39  	213.3 	-47.6 	1     	NaN      	NaN   	999999.0   	999999.0   	NaN       	-78.0
3210      	17:53:41  	213.1 	-47.7 	1     	NaN      	NaN   	999999.0   	999999.0   	NaN       	-78.0
3212      	17:53:43  	212.9 	-47.7 	1     	NaN      	NaN   	999999.0   	999999.0   	NaN       	-78.1
3214      	17:53:45  	212.7 	-47.8 	1     	NaN      	NaN   	999999.0   	999999.0   	NaN       	-78.1
3216      	17:53:47  	212.5 	-47.8 	1     	NaN      	NaN   	999999.0   	999999.0   	NaN       	-78.1
3218      	17:53:49  	212.3 	-47.9 	1     	NaN      	NaN   	999999.0   	999999.0   	NaN       	-78.1
3220      	17:53:51  	212.1 	-47.9 	1     	NaN      	NaN   	999999.0   	999999.0   	NaN       	-78.2
3222      	17:53:53  	211.9 	-48.0 	1     	NaN      	NaN   	999999.0   	999999.0   	NaN       	-78.2
3224      	17:53:55  	211.7 	-48.0 	1     	NaN      	NaN   	999999.0   	999999.0   	NaN       	-78.2
3226      	17:53:57  	211.5 	-48.1 	1     	NaN      	NaN   	999999.0   	999999.0   	NaN       	-78.2
3228      	17:53:59  	211.3 	-48.2 	1     	NaN      	NaN   	999999.0   	999999.0   	NaN       	-78.3
3230      	17:54:01  	211.1 	-48.2 	1     	NaN      	NaN   	999999.0   	999999.0   	NaN       	-78.3
3232      	17:54:03  	210.9 	-48.3 	1     	NaN      	NaN   	999999.0   	999999.0   	NaN       	-78.3
3234      	17:54:05  	210.7 	-48.3 	1     	NaN      	NaN   	999999.0   	999999.0   	NaN       	-78.3
3236      	17:54:07  	210.5 	-48.3 	1     	NaN      	NaN   	999999.0   	999999.0   	NaN       	-78.3
3238      	17:54:09  	210.3 	-48.4 	1     	NaN      	NaN   	999999.0   	999999.0   	NaN       	-78.3
3240      	17:54:11  	210.1 	-48.4 	1     	NaN      	NaN   	999999.0   	999999.0   	NaN       	-78.4
3242      	17:54:13  	209.9 	-48.5 	1     	NaN      	NaN   	999999.0   	999999.0   	NaN       	-78.4
3244      	17:54:15  	209.7 	-48.5 	1     	NaN      	NaN   	999999.0   	999999.0   	NaN       	-78.4
3246      	17:54:17  	209.5 	-48.5 	1     	NaN      	NaN   	999999.0   	999999.0   	NaN       	-78.4
3248      	17:54:19  	209.3 	-48.6 	1     	NaN      	NaN   	999999.0   	999999.0   	NaN       	-78.4
3250      	17:54:21  	209.1 	-48.6 	2     	NaN      	NaN   	999999.0   	999999.0   	NaN       	-78.4
3252      	17:54:23  	208.9 	-48.6 	2     	NaN      	NaN   	999999.0   	999999.0   	NaN       	-78.4
3254      	17:54:25  	208.7 	-48.7 	2     	NaN      	NaN   	999999.0   	999999.0   	NaN       	-78.4
3256      	17:54:27  	208.5 	-48.7 	2     	NaN      	NaN   	999999.0   	999999.0   	NaN       	-78.4
3258      	17:54:29  	208.3 	-48.7 	2     	NaN      	NaN   	999999.0   	999999.0   	NaN       	-78.4
3260      	17:54:31  	208.1 	-48.7 	2     	NaN      	NaN   	999999.0   	999999.0   	NaN       	-78.4
3262      	17:54:33  	207.9 	-48.7 	2     	NaN      	NaN   	999999.0   	999999.0   	NaN       	-78.4
3264      	17:54:35  	207.7 	-48.7 	2     	NaN      	NaN   	999999.0   	999999.0   	NaN       	-77.9
3266      	17:54:37  	207.5 	-48.7 	2     	NaN      	NaN   	999999.0   	999999.0   	NaN       	-77.3
3268      	17:54:39  	207.3 	-48.7 	2     	NaN      	NaN   	999999.0   	999999.0   	NaN       	-77.1
3270      	17:54:41  	207.1 	-48.7 	2     	NaN      	NaN   	999999.0   	999999.0   	NaN       	-76.9
3272      	17:54:43  	206.9 	-48.7 	2     	NaN      	NaN   	999999.0   	999999.0   	NaN       	-76.9
3274      	17:54:45  	206.7 	-48.7 	2     	NaN      	NaN   	999999.0   	999999.0   	NaN       	-77.0
3276      	17:54:47  	206.4 	-48.8 	2     	NaN      	NaN   	999999.0   	999999.0   	NaN       	-76.4
3278      	17:54:49  	206.2 	-48.8 	2     	NaN      	NaN   	999999.0   	999999.0   	NaN       	-76.3
3280      	17:54:51  	206.0 	-48.8 	3     	NaN      	NaN   	999999.0   	999999.0   	NaN       	-75.2
3282      	17:54:53  	205.8 	-48.9 	2     	NaN      	NaN   	999999.0   	999999.0   	NaN       	-75.7
3284      	17:54:55  	205.6 	-48.9 	3     	NaN      	NaN   	999999.0   	999999.0   	NaN       	-75.2
3286      	17:54:57  	205.4 	-48.9 	3     	NaN      	NaN   	999999.0   	999999.0   	NaN       	-75.4
3288      	17:54:59  	205.2 	-49.0 	3     	NaN      	NaN   	999999.0   	999999.0   	NaN       	-75.2
3290      	17:55:01  	205.0 	-49.0 	3     	NaN      	NaN   	999999.0   	999999.0   	NaN       	-75.4
3292      	17:55:03  	204.8 	-49.1 	2     	NaN      	NaN   	999999.0   	999999.0   	NaN       	-75.7
3294      	17:55:05  	204.6 	-49.1 	2     	NaN      	NaN   	999999.0   	999999.0   	NaN       	-76.7
3296      	17:55:07  	204.4 	-49.2 	2     	NaN      	NaN   	999999.0   	999999.0   	NaN       	-77.0
3298      	17:55:09  	204.2 	-49.2 	2     	NaN      	NaN   	999999.0   	999999.0   	NaN       	-77.6
3300      	17:55:11  	204.0 	-49.2 	2     	NaN      	NaN   	999999.0   	999999.0   	NaN       	-77.6
3302      	17:55:13  	203.8 	-49.2 	2     	NaN      	NaN   	999999.0   	999999.0   	NaN       	-78.9
3304      	17:55:15  	203.6 	-49.2 	2     	NaN      	NaN   	999999.0   	999999.0   	NaN       	-78.8
3306      	17:55:17  	203.4 	-49.2 	2     	NaN      	NaN   	999999.0   	999999.0   	NaN       	-78.1
3308      	17:55:19  	203.2 	-49.2 	2     	NaN      	NaN   	999999.0   	999999.0   	NaN       	-77.4
3310      	17:55:21  	203.0 	-49.2 	2     	NaN      	NaN   	999999.0   	999999.0   	NaN       	-76.8
3312      	17:55:23  	202.8 	-49.3 	2     	NaN      	NaN   	999999.0   	999999.0   	NaN       	-76.3
3314      	17:55:25  	202.6 	-49.3 	2     	NaN      	NaN   	999999.0   	999999.0   	NaN       	-75.8
3316      	17:55:27  	202.4 	-49.3 	3     	NaN      	NaN   	999999.0   	999999.0   	NaN       	-75.4
3318      	17:55:29  	202.2 	-49.4 	3     	NaN      	NaN   	999999.0   	999999.0   	NaN       	-75.0
3320      	17:55:31  	202.0 	-49.4 	3     	NaN      	NaN   	999999.0   	999999.0   	NaN       	-74.6
3322      	17:55:33  	201.8 	-49.4 	3     	NaN      	NaN   	999999.0   	999999.0   	NaN       	-74.2
3324      	17:55:35  	201.6 	-49.5 	3     	NaN      	NaN   	999999.0   	999999.0   	NaN       	-75.0
3326      	17:55:37  	201.4 	-49.5 	3     	NaN      	NaN   	999999.0   	999999.0   	NaN       	-75.7
3328      	17:55:39  	201.2 	-49.6 	3     	NaN      	NaN   	999999.0   	999999.0   	NaN       	-74.9
3330      	17:55:41  	201.0 	-49.6 	3     	NaN      	NaN   	999999.0   	999999.0   	NaN       	-74.8
3332      	17:55:43  	200.8 	-49.7 	3     	NaN      	NaN   	999999.0   	999999.0   	NaN       	-75.0
3334      	17:55:45  	200.6 	-49.7 	3     	NaN      	NaN   	999999.0   	999999.0   	NaN       	-74.8
3336      	17:55:47  	200.4 	-49.7 	3     	NaN      	NaN   	999999.0   	999999.0   	NaN       	-74.7
3338      	17:55:49  	200.2 	-49.8 	3     	NaN      	NaN   	999999.0   	999999.0   	NaN       	-75.2
3340      	17:55:51  	200.0 	-49.8 	2     	NaN      	NaN   	999999.0   	999999.0   	NaN       	-76.2
3342      	17:55:53  	199.8 	-49.8 	2     	NaN      	NaN   	999999.0   	999999.0   	NaN       	-76.3
3344      	17:55:55  	199.6 	-49.9 	3     	NaN      	NaN   	999999.0   	999999.0   	NaN       	-75.9
3346      	17:55:57  	199.4 	-49.9 	3     	NaN      	NaN   	999999.0   	999999.0   	NaN       	-75.6
3348      	17:55:59  	199.2 	-50.0 	3     	NaN      	NaN   	999999.0   	999999.0   	NaN       	-75.6
3350      	17:56:01  	199.0 	-50.0 	8     	NaN      	NaN   	999999.0   	999999.0   	NaN       	-68.5
3352      	17:56:03  	198.8 	-50.0 	12    	NaN      	NaN   	999999.0   	999999.0   	NaN       	-65.8
3354      	17:56:05  	198.6 	-50.1 	15    	NaN      	NaN   	999999.0   	999999.0   	NaN       	-64.6
3356      	17:56:07  	198.3 	-50.1 	12    	NaN      	NaN   	999999.0   	999999.0   	NaN       	-65.9
3358      	17:56:09  	198.1 	-50.1 	12    	NaN      	NaN   	999999.0   	999999.0   	NaN       	-66.1
3360      	17:56:11  	197.9 	-50.2 	14    	NaN      	NaN   	999999.0   	999999.0   	NaN       	-65.2
3362      	17:56:13  	197.7 	-50.2 	15    	NaN      	NaN   	999999.0   	999999.0   	NaN       	-64.3
3364      	17:56:15  	197.5 	-50.2 	12    	NaN      	NaN   	999999.0   	999999.0   	NaN       	-65.9
3366      	17:56:17  	197.3 	-50.2 	3     	NaN      	NaN   	999999.0   	999999.0   	NaN       	-74.6
3368      	17:56:19  	197.1 	-50.3 	3     	NaN      	NaN   	999999.0   	999999.0   	NaN       	-74.7
3370      	17:56:21  	196.9 	-50.3 	3     	NaN      	NaN   	999999.0   	999999.0   	NaN       	-74.7
3372      	17:56:23  	196.7 	-50.3 	3     	NaN      	NaN   	999999.0   	999999.0   	NaN       	-74.7
3374      	17:56:25  	196.5 	-50.4 	3     	NaN      	NaN   	999999.0   	999999.0   	NaN       	-74.8
3376      	17:56:27  	196.3 	-50.4 	3     	NaN      	NaN   	999999.0   	999999.0   	NaN       	-74.8
3378      	17:56:29  	196.1 	-50.4 	3     	NaN      	NaN   	999999.0   	999999.0   	NaN       	-74.6
3380      	17:56:31  	195.9 	-50.5 	3     	NaN      	NaN   	999999.0   	999999.0   	NaN       	-74.6
3382      	17:56:33  	195.7 	-50.5 	9     	NaN      	NaN   	999999.0   	999999.0   	NaN       	-68.2
3384      	17:56:35  	195.5 	-50.5 	17    	NaN      	NaN   	999999.0   	999999.0   	NaN       	-64.1
3386      	17:56:37  	195.3 	-50.6 	24    	NaN      	NaN   	999999.0   	999999.0   	NaN       	-61.3
3388      	17:56:39  	195.1 	-50.6 	31    	NaN      	NaN   	999999.0   	999999.0   	NaN       	-59.7
3390      	17:56:41  	194.9 	-50.6 	39    	NaN      	NaN   	999999.0   	999999.0   	NaN       	-58.0
3392      	17:56:43  	194.7 	-50.7 	27    	NaN      	NaN   	999999.0   	999999.0   	NaN       	-60.8
3394      	17:56:45  	194.5 	-50.7 	24    	NaN      	NaN   	999999.0   	999999.0   	NaN       	-61.7
3396      	17:56:47  	194.3 	-50.8 	20    	NaN      	NaN   	999999.0   	999999.0   	NaN       	-62.9
3398      	17:56:49  	194.1 	-50.8 	15    	NaN      	NaN   	999999.0   	999999.0   	NaN       	-65.3
3400      	17:56:51  	193.9 	-50.8 	8     	NaN      	NaN   	999999.0   	999999.0   	NaN       	-69.4
3402      	17:56:53  	193.7 	-50.9 	3     	NaN      	NaN   	999999.0   	999999.0   	NaN       	-75.1
3404      	17:56:55  	193.5 	-50.9 	3     	NaN      	NaN   	999999.0   	999999.0   	NaN       	-75.0
3406      	17:56:57  	193.3 	-51.0 	3     	NaN      	NaN   	999999.0   	999999.0   	NaN       	-75.0
3408      	17:56:59  	193.1 	-51.0 	4     	NaN      	NaN   	999999.0   	999999.0   	NaN       	-74.7
3410      	17:57:01  	192.9 	-51.0 	4     	NaN      	NaN   	999999.0   	999999.0   	NaN       	-74.5
3412      	17:57:03  	192.7 	-51.1 	4     	NaN      	NaN   	999999.0   	999999.0   	NaN       	-74.3
3414      	17:57:05  	192.5 	-51.1 	4     	NaN      	NaN   	999999.0   	999999.0   	NaN       	-73.8
3416      	17:57:07  	192.3 	-51.1 	5     	NaN      	NaN   	999999.0   	999999.0   	NaN       	-73.4
3418      	17:57:09  	192.1 	-51.2 	5     	NaN      	NaN   	999999.0   	999999.0   	NaN       	-73.1
3420      	17:57:11  	191.9 	-51.2 	5     	NaN      	NaN   	999999.0   	999999.0   	NaN       	-72.8
3422      	17:57:13  	191.7 	-51.3 	5     	NaN      	NaN   	999999.0   	999999.0   	NaN       	-72.7
3424      	17:57:15  	191.5 	-51.3 	5     	NaN      	NaN   	999999.0   	999999.0   	NaN       	-72.7
3426      	17:57:17  	191.3 	-51.4 	5     	NaN      	NaN   	999999.0   	999999.0   	NaN       	-72.7
3428      	17:57:19  	191.1 	-51.4 	5     	NaN      	NaN   	999999.0   	999999.0   	NaN       	-72.7
3430      	17:57:21  	190.9 	-51.5 	5     	NaN      	NaN   	999999.0   	999999.0   	NaN       	-72.8
3432      	17:57:23  	190.7 	-51.5 	5     	NaN      	NaN   	999999.0   	999999.0   	NaN       	-72.8
3434      	17:57:25  	190.5 	-51.6 	5     	NaN      	NaN   	999999.0   	999999.0   	NaN       	-72.8
3436      	17:57:27  	190.3 	-51.6 	5     	NaN      	NaN   	999999.0   	999999.0   	NaN       	-72.8
3438      	17:57:29  	190.0 	-51.6 	5     	NaN      	NaN   	999999.0   	999999.0   	NaN       	-72.8
3440      	17:57:31  	189.8 	-51.7 	5     	NaN      	NaN   	999999.0   	999999.0   	NaN       	-72.7
3442      	17:57:33  	189.6 	-51.7 	5     	NaN      	NaN   	999999.0   	999999.0   	NaN       	-72.7
3444      	17:57:35  	189.4 	-51.8 	5     	NaN      	NaN   	999999.0   	999999.0   	NaN       	-72.8
3446      	17:57:37  	189.2 	-51.8 	5     	NaN      	NaN   	999999.0   	999999.0   	NaN       	-73.0
3448      	17:57:39  	189.0 	-51.9 	5     	NaN      	NaN   	999999.0   	999999.0   	NaN       	-73.1
3450      	17:57:41  	188.8 	-51.9 	5     	NaN      	NaN   	999999.0   	999999.0   	NaN       	-73.2
3452      	17:57:43  	188.6 	-52.0 	5     	NaN      	NaN   	999999.0   	999999.0   	NaN       	-73.1
3454      	17:57:45  	188.4 	-52.0 	5     	NaN      	NaN   	999999.0   	999999.0   	NaN       	-73.2
3456      	17:57:47  	188.2 	-52.1 	5     	NaN      	NaN   	999999.0   	999999.0   	NaN       	-73.3
3458      	17:57:49  	188.0 	-52.1 	5     	NaN      	NaN   	999999.0   	999999.0   	NaN       	-73.3
3460      	17:57:51  	187.8 	-52.1 	5     	NaN      	NaN   	999999.0   	999999.0   	NaN       	-73.3
3462      	17:57:53  	187.6 	-52.2 	5     	31.5     	309   	24.3       	-20.0      	NaN       	-73.3
3464      	17:57:55  	187.4 	-52.2 	5     	31.5     	309   	24.3       	-20.0      	NaN       	-73.4
3466      	17:57:57  	187.2 	-52.3 	5     	31.5     	309   	24.3       	-20.0      	NaN       	-73.4
3468      	17:57:59  	187.0 	-52.3 	5     	31.5     	309   	24.3       	-20.0      	NaN       	-73.5
3470      	17:58:01  	186.8 	-52.3 	5     	31.5     	309   	24.3       	-20.0      	NaN       	-73.6
3472      	17:58:03  	186.6 	-52.3 	5     	31.5     	309   	24.3       	-20.0      	NaN       	-73.7
3474      	17:58:05  	186.4 	-52.4 	5     	31.5     	309   	24.3       	-20.0      	NaN       	-73.8
3476      	17:58:07  	186.2 	-52.4 	5     	31.5     	309   	24.3       	-20.0      	NaN       	-73.9
3478      	17:58:09  	186.0 	-52.4 	5     	31.5     	309   	24.3       	-20.0      	NaN       	-74.0
3480      	17:58:11  	185.8 	-52.5 	5     	31.5     	309   	24.3       	-20.0      	NaN       	-74.1
3482      	17:58:13  	185.6 	-52.5 	5     	31.5     	309   	24.3       	-20.0      	NaN       	-74.2
3484      	17:58:15  	185.4 	-52.5 	5     	31.5     	309   	24.3       	-20.0      	NaN       	-74.2
3486      	17:58:17  	185.2 	-52.6 	5     	31.5     	309   	24.3       	-20.0      	NaN       	-74.3
3488      	17:58:19  	185.0 	-52.6 	5     	31.5     	309   	24.3       	-20.0      	NaN       	-74.5
3490      	17:58:21  	184.8 	-52.7 	5     	31.5     	309   	24.3       	-20.0      	NaN       	-74.7
3492      	17:58:23  	184.6 	-52.7 	4     	31.5     	309   	24.3       	-20.0      	NaN       	-74.9
3494      	17:58:25  	184.4 	-52.7 	4     	31.5     	309   	24.3       	-20.0      	NaN       	-75.1
3496      	17:58:27  	184.2 	-52.8 	4     	31.5     	309   	24.3       	-20.0      	NaN       	-75.4
3498      	17:58:29  	184.0 	-52.8 	4     	31.5     	309   	24.3       	-20.0      	NaN       	-75.7
3500      	17:58:31  	183.8 	-52.9 	4     	31.5     	309   	24.3       	-20.0      	NaN       	-76.1
3502      	17:58:33  	183.6 	-52.9 	3     	31.5     	309   	24.3       	-20.0      	NaN       	-76.5
3504      	17:58:35  	183.4 	-53.0 	3     	31.5     	309   	24.3       	-20.0      	NaN       	-76.8
3506      	17:58:37  	183.2 	-53.0 	3     	31.5     	309   	24.3       	-20.0      	NaN       	-76.9
3508      	17:58:39  	183.0 	-53.0 	3     	31.5     	309   	24.3       	-20.0      	NaN       	-77.1
3510      	17:58:41  	182.8 	-53.1 	3     	31.5     	309   	24.3       	-20.0      	NaN       	-77.4
3512      	17:58:43  	182.6 	-53.1 	3     	31.5     	309   	24.3       	-20.0      	NaN       	-77.6
3514      	17:58:45  	182.4 	-53.2 	3     	31.5     	309   	24.3       	-20.0      	NaN       	-77.5
3516      	17:58:47  	182.2 	-53.2 	3     	31.5     	309   	24.3       	-20.0      	NaN       	-77.3
3518      	17:58:49  	181.9 	-53.2 	3     	31.5     	309   	24.3       	-20.0      	NaN       	-77.4
3520      	17:58:51  	181.7 	-53.3 	3     	31.5     	309   	24.3       	-20.0      	NaN       	-77.7
3522      	17:58:53  	181.5 	-53.3 	3     	31.5     	309   	24.3       	-20.0      	NaN       	-78.2
3524      	17:58:55  	181.3 	-53.3 	3     	31.5     	309   	24.3       	-20.0      	NaN       	-78.5
3526      	17:58:57  	181.1 	-53.4 	3     	31.5     	309   	24.3       	-20.0      	NaN       	-78.6
3528      	17:58:59  	180.9 	-53.4 	3     	31.5     	309   	24.3       	-20.0      	NaN       	-78.9
3530      	17:59:01  	180.7 	-53.4 	2     	31.5     	309   	24.3       	-20.0      	NaN       	-79.5
3532      	17:59:03  	180.5 	-53.5 	2     	31.5     	309   	24.3       	-20.0      	NaN       	-80.0
3534      	17:59:05  	180.3 	-53.5 	2     	31.5     	309   	24.3       	-20.0      	NaN       	-80.5
3536      	17:59:07  	180.1 	-53.5 	2     	31.5     	309   	24.3       	-20.0      	NaN       	-80.6
3538      	17:59:09  	179.9 	-53.6 	2     	31.5     	309   	24.3       	-20.0      	NaN       	-80.9
3540      	17:59:11  	179.7 	-53.6 	2     	31.5     	309   	24.3       	-20.0      	NaN       	-81.1
3542      	17:59:13  	179.5 	-53.6 	2     	31.5     	309   	24.3       	-20.0      	NaN       	-81.3
3544      	17:59:15  	179.3 	-53.7 	2     	31.5     	309   	24.3       	-20.0      	NaN       	-81.4
3546      	17:59:17  	179.1 	-53.7 	2     	31.5     	309   	24.3       	-20.0      	NaN       	-81.5
3548      	17:59:19  	178.9 	-53.8 	2     	31.5     	309   	24.3       	-20.0      	NaN       	-81.5
3550      	17:59:21  	178.7 	-53.8 	2     	31.5     	309   	24.3       	-20.0      	NaN       	-81.5
3552      	17:59:23  	178.5 	-53.9 	2     	31.5     	309   	24.3       	-20.0      	NaN       	-81.5
3554      	17:59:25  	178.3 	-53.9 	2     	31.5     	309   	24.3       	-20.0      	NaN       	-81.2
3556      	17:59:27  	178.1 	-53.9 	2     	31.5     	309   	24.3       	-20.0      	NaN       	-80.2
3558      	17:59:29  	177.9 	-54.0 	2     	31.5     	309   	24.3       	-20.0      	NaN       	-79.5
3560      	17:59:31  	177.7 	-54.0 	2     	31.5     	309   	24.3       	-20.0      	NaN       	-79.5
3562      	17:59:33  	177.5 	-54.0 	3     	31.5     	309   	24.3       	-20.0      	NaN       	-79.3
3564      	17:59:35  	177.3 	-54.0 	3     	31.5     	309   	24.3       	-20.0      	NaN       	-79.3
3566      	17:59:37  	177.1 	-54.1 	3     	31.5     	309   	24.3       	-20.0      	NaN       	-79.3
3568      	17:59:39  	176.9 	-54.1 	3     	31.5     	309   	24.3       	-20.0      	NaN       	-79.3
3570      	17:59:41  	176.7 	-54.3 	2     	31.5     	309   	24.3       	-20.0      	NaN       	-80.3
3572      	17:59:43  	176.5 	-54.5 	2     	31.5     	309   	24.3       	-20.0      	NaN       	-81.7
3574      	17:59:45  	176.3 	-54.6 	2     	31.5     	309   	24.3       	-20.0      	NaN       	-81.7
3576      	17:59:47  	176.1 	-54.6 	2     	31.5     	309   	24.3       	-20.0      	NaN       	-81.7
3578      	17:59:49  	175.9 	-54.6 	2     	31.5     	309   	24.3       	-20.0      	NaN       	-81.7
3580      	17:59:51  	175.7 	-54.7 	2     	31.5     	309   	24.3       	-20.0      	NaN       	-81.7
3582      	17:59:53  	175.5 	-54.7 	2     	31.5     	309   	24.3       	-20.0      	NaN       	-81.8
3584      	17:59:55  	175.3 	-54.7 	2     	31.5     	309   	24.3       	-20.0      	NaN       	-81.8
3586      	17:59:57  	175.1 	-54.8 	2     	31.5     	309   	24.3       	-20.0      	NaN       	-81.8
3588      	17:59:59  	174.9 	-54.8 	2     	31.5     	309   	24.3       	-20.0      	NaN       	-81.9
3590      	18:00:01  	174.7 	-54.8 	2     	31.5     	309   	24.3       	-20.0      	NaN       	-81.9
3592      	18:00:03  	174.5 	-54.9 	2     	31.5     	309   	24.3       	-20.0      	NaN       	-81.9
3594      	18:00:05  	174.3 	-54.9 	2     	31.5     	309   	24.3       	-20.0      	NaN       	-81.9
3596      	18:00:07  	174.1 	-54.9 	2     	31.5     	309   	24.3       	-20.0      	NaN       	-81.9
3598      	18:00:09  	173.8 	-55.0 	2     	31.5     	309   	24.3       	-20.0      	NaN       	-81.9
3600      	18:00:11  	173.6 	-55.0 	2     	31.5     	309   	24.3       	-20.0      	NaN       	-82.0
3602      	18:00:13  	173.4 	-55.1 	2     	31.5     	309   	24.3       	-20.0      	NaN       	-82.0
3604      	18:00:15  	173.2 	-55.1 	2     	31.5     	309   	24.3       	-20.0      	NaN       	-82.1
3606      	18:00:17  	173.0 	-54.9 	2     	31.5     	309   	24.3       	-20.0      	13435     	-82.0
3608      	18:00:19  	172.8 	-55.0 	2     	31.5     	309   	24.3       	-20.0      	13442     	-82.0
3610      	18:00:21  	172.6 	-55.0 	2     	31.5     	309   	24.3       	-20.0      	13449     	-82.0
3612      	18:00:23  	172.4 	-55.1 	2     	31.5     	309   	24.3       	-20.0      	13457     	-82.1
3614      	18:00:25  	172.2 	-55.1 	2     	31.5     	309   	24.3       	-20.0      	13464     	-82.1
3616      	18:00:27  	172.1 	-55.1 	2     	31.5     	309   	24.3       	-20.0      	13471     	-82.2
3618      	18:00:29  	171.9 	-55.2 	2     	31.5     	309   	24.3       	-20.0      	13478     	-82.3
3620      	18:00:31  	171.7 	-55.2 	2     	31.5     	309   	24.3       	-20.0      	13485     	-82.3
3622      	18:00:33  	171.5 	-55.3 	2     	31.5     	309   	24.3       	-20.0      	13492     	-82.4
3624      	18:00:35  	171.3 	-55.3 	2     	31.5     	309   	24.3       	-20.0      	13500     	-82.5
3626      	18:00:37  	171.1 	-55.4 	2     	31.5     	309   	24.3       	-20.0      	13507     	-82.6
3628      	18:00:39  	170.9 	-55.4 	2     	31.5     	309   	24.3       	-20.0      	13514     	-82.6
3630      	18:00:41  	170.7 	-55.4 	2     	31.5     	309   	24.3       	-20.0      	13521     	-82.6
3632      	18:00:43  	170.5 	-55.4 	2     	31.5     	309   	24.3       	-20.0      	13528     	-82.6
3634      	18:00:45  	170.3 	-55.4 	2     	31.5     	309   	24.3       	-20.0      	13536     	-82.6
3636      	18:00:47  	170.1 	-55.4 	2     	31.5     	309   	24.3       	-20.0      	13543     	-82.6
3638      	18:00:49  	169.9 	-55.4 	2     	31.5     	309   	24.3       	-20.0      	13550     	-82.6
3640      	18:00:51  	169.7 	-55.5 	2     	31.5     	309   	24.3       	-20.0      	13557     	-82.7
3642      	18:00:53  	169.6 	-55.5 	2     	31.5     	309   	24.3       	-20.0      	13564     	-82.7
3644      	18:00:55  	169.4 	-55.5 	2     	31.5     	309   	24.3       	-20.0      	13571     	-82.7
3646      	18:00:57  	169.2 	-55.5 	2     	31.5     	309   	24.3       	-20.0      	13579     	-82.7
3648      	18:00:59  	169.0 	-55.6 	2     	31.5     	309   	24.3       	-20.0      	13586     	-82.6
3650      	18:01:01  	168.8 	-55.6 	2     	31.5     	309   	24.3       	-20.0      	13593     	-82.5
3652      	18:01:03  	168.6 	-55.6 	2     	31.5     	309   	24.3       	-20.0      	13600     	-82.4
3654      	18:01:05  	168.4 	-55.6 	2     	31.5     	309   	24.3       	-20.0      	13607     	-82.3
3656      	18:01:07  	168.2 	-55.6 	2     	31.3     	309   	24.2       	-19.9      	13615     	-82.2
3658      	18:01:09  	168.0 	-55.6 	2     	31.2     	309   	24.2       	-19.7      	13622     	-82.3
3660      	18:01:11  	167.8 	-55.6 	2     	30.9     	309   	24.1       	-19.4      	13629     	-82.4
3662      	18:01:13  	167.6 	-55.6 	2     	30.7     	309   	24.0       	-19.2      	13636     	-82.5
3664      	18:01:15  	167.5 	-55.7 	2     	30.5     	308   	23.9       	-18.9      	13643     	-82.8
3666      	18:01:17  	167.3 	-55.7 	2     	30.3     	308   	23.8       	-18.7      	13651     	-82.9
3668      	18:01:19  	167.1 	-55.7 	2     	30.0     	308   	23.7       	-18.4      	13658     	-83.0
3670      	18:01:21  	166.9 	-55.8 	2     	29.8     	308   	23.6       	-18.2      	13665     	-83.4
3672      	18:01:23  	166.7 	-55.8 	1     	29.5     	307   	23.5       	-17.9      	13672     	-83.9
3674      	18:01:25  	166.5 	-55.9 	1     	29.4     	307   	23.5       	-17.7      	13679     	-84.3
3676      	18:01:27  	166.3 	-55.9 	1     	29.2     	307   	23.4       	-17.5      	13686     	-84.8
3678      	18:01:29  	166.1 	-56.0 	1     	29.2     	307   	23.4       	-17.5      	13694     	-85.3
3680      	18:01:31  	166.0 	-56.1 	1     	29.2     	307   	23.4       	-17.5      	13701     	-85.8
3682      	18:01:33  	165.8 	-56.2 	1     	29.2     	307   	23.4       	-17.5      	13708     	-85.8
3684      	18:01:35  	165.6 	-56.2 	1     	29.2     	307   	23.4       	-17.5      	13715     	-85.7
3686      	18:01:37  	165.4 	-56.2 	1     	29.2     	307   	23.4       	-17.5      	13722     	-85.6
3688      	18:01:39  	165.2 	-56.2 	1     	29.2     	307   	23.4       	-17.5      	13730     	-85.6
3690      	18:01:41  	165.0 	-56.2 	1     	29.2     	307   	23.4       	-17.5      	13737     	-85.5
3692      	18:01:43  	164.8 	-56.2 	1     	29.2     	307   	23.4       	-17.5      	13744     	-85.4
3694      	18:01:45  	164.6 	-56.2 	1     	29.2     	307   	23.4       	-17.5      	13751     	-85.3
3696      	18:01:47  	164.5 	-56.2 	1     	29.2     	307   	23.4       	-17.5      	13758     	-85.2
3698      	18:01:49  	164.3 	-56.2 	1     	29.2     	307   	23.4       	-17.5      	13765     	-85.1
3700      	18:01:51  	164.1 	-56.2 	1     	29.2     	307   	23.4       	-17.5      	13773     	-85.1
3702      	18:01:53  	163.9 	-56.2 	1     	29.2     	307   	23.4       	-17.5      	13780     	-85.0
3704      	18:01:55  	163.7 	-56.4 	1     	29.2     	307   	23.4       	-17.5      	13787     	-85.0
3706      	18:01:57  	163.5 	-56.5 	1     	29.2     	307   	23.4       	-17.5      	13794     	-85.0
3708      	18:01:59  	163.3 	-56.6 	1     	29.2     	307   	23.4       	-17.5      	13801     	-85.0
3710      	18:02:01  	163.2 	-56.7 	1     	29.2     	307   	23.4       	-17.5      	13809     	-85.0
3712      	18:02:03  	163.0 	-56.8 	1     	29.2     	307   	23.4       	-17.5      	13816     	-85.0
3714      	18:02:05  	162.8 	-56.9 	1     	29.2     	307   	23.4       	-17.5      	13823     	-85.0
3716      	18:02:07  	162.6 	-57.0 	1     	29.2     	307   	23.4       	-17.5      	13830     	-84.9
3718      	18:02:09  	162.4 	-57.1 	2     	29.2     	307   	23.4       	-17.5      	13837     	-83.7
3720      	18:02:11  	162.2 	-57.1 	2     	29.2     	307   	23.4       	-17.5      	13845     	-84.2
3722      	18:02:13  	162.1 	-57.2 	2     	29.2     	307   	23.4       	-17.5      	13852     	-84.5
3724      	18:02:15  	161.9 	-57.3 	2     	29.2     	307   	23.4       	-17.5      	13859     	-84.5
3726      	18:02:17  	161.7 	-57.4 	2     	29.2     	307   	23.4       	-17.5      	13866     	-84.9
3728      	18:02:19  	161.5 	-57.5 	2     	29.2     	307   	23.4       	-17.5      	13873     	-84.9
3730      	18:02:21  	161.3 	-57.6 	2     	29.2     	307   	23.4       	-17.5      	13880     	-84.9
3732      	18:02:23  	161.1 	-57.6 	2     	29.2     	307   	23.4       	-17.5      	13888     	-84.8
3734      	18:02:25  	160.9 	-57.7 	2     	29.2     	307   	23.4       	-17.5      	13895     	-84.8
3736      	18:02:27  	160.8 	-57.7 	2     	29.2     	307   	23.4       	-17.5      	13902     	-84.7
3738      	18:02:29  	160.6 	-57.8 	2     	29.2     	307   	23.4       	-17.5      	13909     	-84.7
3740      	18:02:31  	160.4 	-57.8 	2     	29.2     	307   	23.4       	-17.5      	13916     	-84.6
3742      	18:02:33  	160.2 	-57.9 	2     	29.2     	307   	23.4       	-17.5      	13924     	-84.6
3744      	18:02:35  	160.0 	-57.9 	2     	29.2     	307   	23.4       	-17.5      	13931     	-84.5
3746      	18:02:37  	159.9 	-57.9 	2     	29.2     	307   	23.4       	-17.5      	13938     	-84.4
3748      	18:02:39  	159.7 	-58.0 	2     	29.2     	307   	23.4       	-17.5      	13945     	-84.4
3750      	18:02:41  	159.5 	-58.0 	2     	29.2     	307   	23.4       	-17.5      	13952     	-84.4
3752      	18:02:43  	159.3 	-58.0 	2     	29.2     	307   	23.4       	-17.5      	13959     	-84.3
3754      	18:02:45  	159.2 	-58.1 	2     	29.2     	307   	23.4       	-17.5      	13965     	-84.3
3756      	18:02:47  	159.0 	-58.1 	2     	29.2     	307   	23.4       	-17.5      	13972     	-84.3
3758      	18:02:49  	158.8 	-58.2 	2     	29.2     	307   	23.4       	-17.5      	13978     	-84.2
3760      	18:02:51  	158.7 	-58.2 	2     	29.4     	307   	23.5       	-17.6      	13985     	-84.2
3762      	18:02:53  	158.5 	-58.3 	2     	29.7     	307   	23.6       	-18.0      	13992     	-84.3
3764      	18:02:55  	158.3 	-58.3 	2     	30.0     	308   	23.8       	-18.3      	13999     	-84.3
3766      	18:02:57  	158.1 	-58.3 	2     	30.4     	308   	24.0       	-18.7      	14006     	-84.3
3768      	18:02:59  	158.0 	-58.4 	2     	30.8     	308   	24.1       	-19.1      	14013     	-84.3
3770      	18:03:01  	157.8 	-58.4 	2     	31.1     	309   	24.3       	-19.4      	14020     	-84.4
3772      	18:03:03  	157.6 	-58.5 	2     	31.5     	309   	24.5       	-19.8      	14026     	-84.4
3774      	18:03:05  	157.5 	-58.5 	2     	31.8     	309   	24.6       	-20.1      	14033     	-84.4
3776      	18:03:07  	157.3 	-58.5 	2     	32.2     	310   	24.8       	-20.5      	14040     	-84.4
3778      	18:03:09  	157.1 	-58.6 	2     	32.1     	310   	24.7       	-20.5      	14046     	-84.3
3780      	18:03:11  	157.0 	-58.6 	2     	31.6     	309   	24.4       	-20.1      	14053     	-84.3
3782      	18:03:13  	156.8 	-58.7 	2     	31.0     	309   	24.0       	-19.6      	14060     	-84.3
3784      	18:03:15  	156.6 	-58.8 	2     	30.3     	309   	23.6       	-19.0      	14067     	-84.4
3786      	18:03:17  	156.4 	-58.8 	2     	29.6     	308   	23.2       	-18.4      	14074     	-84.4
3788      	18:03:19  	156.3 	-58.9 	2     	29.0     	308   	22.8       	-17.9      	14081     	-84.5
3790      	18:03:21  	156.1 	-58.9 	2     	28.3     	308   	22.4       	-17.3      	14088     	-84.5
3792      	18:03:23  	155.9 	-59.0 	2     	27.6     	307   	22.0       	-16.6      	14095     	-84.6
3794      	18:03:25  	155.8 	-59.0 	2     	26.8     	306   	21.6       	-15.9      	14101     	-84.6
3796      	18:03:27  	155.6 	-59.0 	2     	26.2     	306   	21.3       	-15.2      	14108     	-84.7
3798      	18:03:29  	155.4 	-59.1 	2     	25.9     	305   	21.1       	-15.0      	14115     	-84.7
3800      	18:03:31  	155.3 	-59.1 	2     	25.8     	305   	21.1       	-14.9      	14121     	-84.7
3802      	18:03:33  	155.1 	-59.2 	2     	25.8     	305   	21.1       	-14.8      	14128     	-84.7
3804      	18:03:35  	154.9 	-59.2 	2     	25.7     	305   	21.2       	-14.6      	14135     	-84.7
3806      	18:03:37  	154.7 	-59.2 	2     	25.7     	304   	21.3       	-14.4      	14142     	-84.8
3808      	18:03:39  	154.6 	-59.3 	2     	25.7     	304   	21.4       	-14.2      	14149     	-84.8
3810      	18:03:41  	154.4 	-59.3 	2     	25.7     	303   	21.5       	-14.1      	14156     	-84.9
3812      	18:03:43  	154.2 	-59.4 	2     	25.7     	303   	21.6       	-14.0      	14164     	-84.9
3814      	18:03:45  	154.0 	-59.4 	2     	25.8     	303   	21.7       	-13.9      	14171     	-85.0
3816      	18:03:47  	153.8 	-59.5 	2     	25.8     	302   	21.9       	-13.7      	14178     	-85.1
3818      	18:03:49  	153.7 	-59.5 	2     	26.0     	301   	22.2       	-13.5      	14186     	-85.2
3820      	18:03:51  	153.5 	-59.6 	2     	26.1     	300   	22.5       	-13.2      	14193     	-85.2
3822      	18:03:53  	153.3 	-59.6 	2     	26.2     	300   	22.8       	-13.0      	14201     	-85.2
3824      	18:03:55  	153.1 	-59.7 	2     	26.2     	299   	22.9       	-12.8      	14208     	-85.2
3826      	18:03:57  	152.9 	-59.7 	2     	26.3     	299   	23.1       	-12.6      	14216     	-85.2
3828      	18:03:59  	152.7 	-59.8 	2     	26.4     	298   	23.3       	-12.5      	14223     	-85.2
3830      	18:04:01  	152.6 	-59.8 	2     	26.7     	297   	23.7       	-12.2      	14231     	-85.2
3832      	18:04:03  	152.4 	-59.9 	2     	26.9     	296   	24.1       	-11.9      	14238     	-85.1
3834      	18:04:05  	152.2 	-59.9 	2     	27.1     	296   	24.4       	-11.7      	14246     	-85.2
3836      	18:04:07  	152.0 	-60.0 	2     	27.2     	295   	24.7       	-11.4      	14254     	-85.2
3838      	18:04:09  	151.8 	-60.0 	2     	27.3     	294   	24.9       	-11.3      	14261     	-85.2
3840      	18:04:11  	151.6 	-60.1 	2     	27.5     	294   	25.1       	-11.2      	14268     	-85.2
3842      	18:04:13  	151.5 	-60.2 	2     	27.6     	294   	25.3       	-11.1      	14276     	-85.3
3844      	18:04:15  	151.3 	-60.2 	2     	27.8     	293   	25.6       	-10.9      	14283     	-85.3
3846      	18:04:17  	151.1 	-60.3 	2     	28.0     	292   	25.9       	-10.7      	14290     	-85.4
3848      	18:04:19  	150.9 	-60.3 	2     	28.2     	292   	26.2       	-10.5      	14298     	-85.5
3850      	18:04:21  	150.7 	-60.4 	2     	28.4     	292   	26.4       	-10.4      	14306     	-85.5
